frame,wall_ms,frame_wait_ms,scene_advance_ms,view_build_ms,render_submit_ms,gpu_valid,gpu_serial,gpu_ms,process_valid,process_cpu_ms,working_set_bytes,private_bytes,vma_valid,vma_allocation_bytes,vma_peak_allocation_bytes,vma_heap_usage_bytes,vma_heap_budget_bytes,raw_instances,visible_instances,culled_instances,lights,depth_draw_calls,shadow_draw_calls,base_draw_calls,lighting_draw_calls,tone_map_draw_calls,legacy_draw_calls,presenter_draw_calls,draw_calls,total_draw_calls,all_draw_calls,dispatch_count,shadow_faces,shadow_cache_hits,shadow_misses,shadow_batches,asset_upload_bytes,dynamic_lighting_upload_bytes,gather_ms,plan_ms,upload_frame_ms
0,19.964,19.744,0.001,0.005,0.063,0,0,,1,0,229416960,286453760,1,62503872,62503872,135081984,38823561584,0,0,0,0,0,0,0,0,1,0,1,0,1,2,0,0,0,0,0,0,272,0,0.002,0.01
1,3.966,3.735,0,0.004,0.061,0,0,,0,,,,0,,,,,0,0,0,0,0,0,0,0,1,0,1,0,1,2,0,0,0,0,0,0,272,0.001,0.001,0.008
2,14.334,14.114,0,0.005,0.053,0,0,,0,,,,0,,,,,0,0,0,0,0,0,0,0,1,0,1,0,1,2,0,0,0,0,0,0,272,0,0.002,0.01
3,3.648,3.41,0.001,0.006,0.051,0,0,,0,,,,0,,,,,0,0,0,0,0,0,0,0,1,0,1,0,1,2,0,0,0,0,0,0,272,0,0.003,0.012
4,9.872,9.585,0.001,0.006,0.089,0,0,,0,,,,0,,,,,0,0,0,0,0,0,0,0,1,0,1,0,1,2,0,0,0,0,0,0,272,0.001,0.003,0.013
5,0.675,0.59,0,0.002,0.028,0,0,,0,,,,0,,,,,0,0,0,0,0,0,0,0,1,0,1,0,1,2,0,0,0,0,0,0,272,0,0.001,0.003
6,0.903,0.836,0,0.001,0.026,0,0,,0,,,,0,,,,,0,0,0,0,0,0,0,0,1,0,1,0,1,2,0,0,0,0,0,0,272,0,0,0.002
7,1.155,0.895,0.001,0.007,0.067,0,0,,0,,,,0,,,,,0,0,0,0,0,0,0,0,1,0,1,0,1,2,0,0,0,0,0,0,272,0.001,0.004,0.013
8,0.756,0.621,0,0.003,0.039,0,0,,0,,,,0,,,,,0,0,0,0,0,0,0,0,1,0,1,0,1,2,0,0,0,0,0,0,272,0.001,0.001,0.005
9,1.207,1.076,0,0.003,0.041,0,0,,0,,,,0,,,,,0,0,0,0,0,0,0,0,1,0,1,0,1,2,0,0,0,0,0,0,272,0.001,0.001,0.005
10,1.051,0.904,0,0.004,0.047,0,0,,0,,,,0,,,,,0,0,0,0,0,0,0,0,1,0,1,0,1,2,0,0,0,0,0,0,272,0,0.001,0.005
11,0.853,0.706,0,0.003,0.051,0,0,,0,,,,0,,,,,0,0,0,0,0,0,0,0,1,0,1,0,1,2,0,0,0,0,0,0,272,0.001,0.001,0.005
12,0.844,0.711,0,0.003,0.034,0,0,,0,,,,0,,,,,0,0,0,0,0,0,0,0,1,0,1,0,1,2,0,0,0,0,0,0,272,0,0.001,0.005
13,2.606,2.295,0.001,0.006,0.045,0,0,,0,,,,0,,,,,0,0,0,0,0,0,0,0,1,0,1,0,1,2,0,0,0,0,0,0,272,0,0.002,0.031
14,1.504,1.319,0,0.003,0.054,0,0,,0,,,,0,,,,,0,0,0,0,0,0,0,0,1,0,1,0,1,2,0,0,0,0,0,0,272,0.001,0.001,0.007
15,0.914,0.739,0,0.002,0.109,0,0,,0,,,,0,,,,,0,0,0,0,0,0,0,0,1,0,1,0,1,2,0,0,0,0,0,0,272,0,0.001,0.003
16,0.993,0.746,0.001,0.003,0.092,0,0,,0,,,,0,,,,,0,0,0,0,0,0,0,0,1,0,1,0,1,2,0,0,0,0,0,0,272,0.001,0.001,0.006
17,0.804,0.681,0,0.003,0.042,0,0,,0,,,,0,,,,,0,0,0,0,0,0,0,0,1,0,1,0,1,2,0,0,0,0,0,0,272,0.001,0.001,0.005
18,2.137,1.961,0.001,0.004,0.054,0,0,,0,,,,0,,,,,0,0,0,0,0,0,0,0,1,0,1,0,1,2,0,0,0,0,0,0,272,0,0.002,0.007
19,1.095,0.891,0,0.003,0.063,0,0,,0,,,,0,,,,,0,0,0,0,0,0,0,0,1,0,1,0,1,2,0,0,0,0,0,0,272,0,0.002,0.007
20,0.828,0.703,0.001,0.003,0.033,0,0,,0,,,,0,,,,,0,0,0,0,0,0,0,0,1,0,1,0,1,2,0,0,0,0,0,0,272,0,0.001,0.005
21,0.977,0.838,0.001,0.003,0.04,0,0,,0,,,,0,,,,,0,0,0,0,0,0,0,0,1,0,1,0,1,2,0,0,0,0,0,0,272,0,0.001,0.005
22,0.835,0.74,0,0.002,0.027,0,0,,0,,,,0,,,,,0,0,0,0,0,0,0,0,1,0,1,0,1,2,0,0,0,0,0,0,272,0.001,0.001,0.004
23,1.32,1.216,0,0.002,0.033,0,0,,0,,,,0,,,,,0,0,0,0,0,0,0,0,1,0,1,0,1,2,0,0,0,0,0,0,272,0,0.001,0.003
24,2.184,1.985,0,0.005,0.052,0,0,,0,,,,0,,,,,0,0,0,0,0,0,0,0,1,0,1,0,1,2,0,0,0,0,0,0,272,0.001,0.002,0.008
25,12.365,12.142,0,0.006,0.053,0,0,,0,,,,0,,,,,0,0,0,0,0,0,0,0,1,0,1,0,1,2,0,0,0,0,0,0,272,0,0.002,0.01
26,12.161,11.973,0,0.005,0.046,0,0,,0,,,,0,,,,,0,0,0,0,0,0,0,0,1,0,1,0,1,2,0,0,0,0,0,0,272,0,0.002,0.009
27,8.265,8.041,0.001,0.005,0.056,0,0,,0,,,,0,,,,,0,0,0,0,0,0,0,0,1,0,1,0,1,2,0,0,0,0,0,0,272,0,0.003,0.01
28,12.632,12.453,0,0.006,0.037,0,0,,0,,,,0,,,,,0,0,0,0,0,0,0,0,1,0,1,0,1,2,0,0,0,0,0,0,272,0.001,0.002,0.009
29,12.054,11.833,0.001,0.006,0.053,0,0,,0,,,,0,,,,,0,0,0,0,0,0,0,0,1,0,1,0,1,2,0,0,0,0,0,0,272,0.001,0.003,0.01
30,7.16,6.913,0,0.007,0.058,0,0,,1,31.25,229429248,286453760,1,62503872,62503872,135081984,38823561584,0,0,0,0,0,0,0,0,1,0,1,0,1,2,0,0,0,0,0,0,272,0,0.004,0.012
31,14.751,14.578,0,0.005,0.042,0,0,,0,,,,0,,,,,0,0,0,0,0,0,0,0,1,0,1,0,1,2,0,0,0,0,0,0,272,0,0.002,0.008
32,10.394,10.166,0,0.006,0.058,0,0,,0,,,,0,,,,,0,0,0,0,0,0,0,0,1,0,1,0,1,2,0,0,0,0,0,0,272,0,0.002,0.011
33,8.256,8.038,0,0.005,0.057,0,0,,0,,,,0,,,,,0,0,0,0,0,0,0,0,1,0,1,0,1,2,0,0,0,0,0,0,272,0.001,0.003,0.009
34,16.652,16.444,0,0.005,0.053,0,0,,0,,,,0,,,,,0,0,0,0,0,0,0,0,1,0,1,0,1,2,0,0,0,0,0,0,272,0.001,0.002,0.01
35,15.344,15.116,0.001,0.006,0.055,0,0,,0,,,,0,,,,,0,0,0,0,0,0,0,0,1,0,1,0,1,2,0,0,0,0,0,0,272,0.001,0.003,0.011
36,15.22,14.992,0,0.006,0.056,0,0,,0,,,,0,,,,,0,0,0,0,0,0,0,0,1,0,1,0,1,2,0,0,0,0,0,0,272,0,0.003,0.01
37,4.04,3.87,0.001,0.004,0.032,0,0,,0,,,,0,,,,,0,0,0,0,0,0,0,0,1,0,1,0,1,2,0,0,0,0,0,0,272,0.001,0.002,0.008
38,10.507,10.296,0,0.005,0.052,0,0,,0,,,,0,,,,,0,0,0,0,0,0,0,0,1,0,1,0,1,2,0,0,0,0,0,0,272,0,0.002,0.01
39,0.995,0.729,0.001,0.004,0.054,0,0,,0,,,,0,,,,,0,0,0,0,0,0,0,0,1,0,1,0,1,2,0,0,0,0,0,0,272,0,0.001,0.007
40,0.773,0.63,0,0.003,0.035,0,0,,0,,,,0,,,,,0,0,0,0,0,0,0,0,1,0,1,0,1,2,0,0,0,0,0,0,272,0,0.001,0.006
41,0.556,0.41,0,0.003,0.067,0,0,,0,,,,0,,,,,0,0,0,0,0,0,0,0,1,0,1,0,1,2,0,0,0,0,0,0,272,0,0.001,0.004
42,1.132,1.05,0.001,0.001,0.038,0,0,,0,,,,0,,,,,0,0,0,0,0,0,0,0,1,0,1,0,1,2,0,0,0,0,0,0,272,0,0,0.002
43,0.934,0.873,0,0.001,0.026,0,0,,0,,,,0,,,,,0,0,0,0,0,0,0,0,1,0,1,0,1,2,0,0,0,0,0,0,272,0.001,0,0.002
44,1.736,1.567,0,0.005,0.042,0,0,,0,,,,0,,,,,0,0,0,0,0,0,0,0,1,0,1,0,1,2,0,0,0,0,0,0,272,0.001,0.002,0.008
45,0.766,0.712,0,0.001,0.018,0,0,,0,,,,0,,,,,0,0,0,0,0,0,0,0,1,0,1,0,1,2,0,0,0,0,0,0,272,0,0,0.002
46,1.059,0.893,0,0.004,0.055,0,0,,0,,,,0,,,,,0,0,0,0,0,0,0,0,1,0,1,0,1,2,0,0,0,0,0,0,272,0,0.001,0.006
47,0.83,0.743,0.001,0.001,0.043,0,0,,0,,,,0,,,,,0,0,0,0,0,0,0,0,1,0,1,0,1,2,0,0,0,0,0,0,272,0,0,0.003
48,0.931,0.861,0,0.001,0.037,0,0,,0,,,,0,,,,,0,0,0,0,0,0,0,0,1,0,1,0,1,2,0,0,0,0,0,0,272,0,0,0.002
49,0.983,0.855,0,0.003,0.035,0,0,,0,,,,0,,,,,0,0,0,0,0,0,0,0,1,0,1,0,1,2,0,0,0,0,0,0,272,0.001,0.001,0.006
50,0.893,0.803,0,0.002,0.035,0,0,,0,,,,0,,,,,0,0,0,0,0,0,0,0,1,0,1,0,1,2,0,0,0,0,0,0,272,0,0.001,0.002
51,0.998,0.882,0,0.002,0.03,0,0,,0,,,,0,,,,,0,0,0,0,0,0,0,0,1,0,1,0,1,2,0,0,0,0,0,0,272,0,0.001,0.006
52,0.943,0.812,0,0.002,0.034,0,0,,0,,,,0,,,,,0,0,0,0,0,0,0,0,1,0,1,0,1,2,0,0,0,0,0,0,272,0,0.001,0.006
53,0.822,0.674,0,0.002,0.035,0,0,,0,,,,0,,,,,0,0,0,0,0,0,0,0,1,0,1,0,1,2,0,0,0,0,0,0,272,0.001,0.001,0.003
54,0.919,0.81,0,0.002,0.033,0,0,,0,,,,0,,,,,0,0,0,0,0,0,0,0,1,0,1,0,1,2,0,0,0,0,0,0,272,0,0.001,0.004
55,0.883,0.769,0,0.002,0.038,0,0,,0,,,,0,,,,,0,0,0,0,0,0,0,0,1,0,1,0,1,2,0,0,0,0,0,0,272,0,0.001,0.004
56,0.999,0.774,0.001,0.003,0.068,0,0,,0,,,,0,,,,,0,0,0,0,0,0,0,0,1,0,1,0,1,2,0,0,0,0,0,0,272,0,0.001,0.006
57,1.581,1.451,0,0.003,0.034,0,0,,0,,,,0,,,,,0,0,0,0,0,0,0,0,1,0,1,0,1,2,0,0,0,0,0,0,272,0.001,0.001,0.006
58,0.878,0.813,0,0.001,0.023,0,0,,0,,,,0,,,,,0,0,0,0,0,0,0,0,1,0,1,0,1,2,0,0,0,0,0,0,272,0,0,0.003
59,1.1,0.92,0,0.004,0.06,0,0,,0,,,,0,,,,,0,0,0,0,0,0,0,0,1,0,1,0,1,2,0,0,0,0,0,0,272,0.001,0.002,0.006
60,0.903,0.798,0,0.002,0.048,0,0,,1,46.875,229433344,286453760,1,62503872,62503872,135081984,38823561584,0,0,0,0,0,0,0,0,1,0,1,0,1,2,0,0,0,0,0,0,272,0.001,0,0.004
61,1.854,1.714,0,0.003,0.036,0,0,,0,,,,0,,,,,0,0,0,0,0,0,0,0,1,0,1,0,1,2,0,0,0,0,0,0,272,0.001,0.001,0.007
62,0.996,0.851,0,0.003,0.045,0,0,,0,,,,0,,,,,0,0,0,0,0,0,0,0,1,0,1,0,1,2,0,0,0,0,0,0,272,0,0.001,0.004
63,0.877,0.785,0,0.002,0.031,0,0,,0,,,,0,,,,,0,0,0,0,0,0,0,0,1,0,1,0,1,2,0,0,0,0,0,0,272,0.001,0,0.004
64,0.97,0.869,0,0.002,0.026,0,0,,0,,,,0,,,,,0,0,0,0,0,0,0,0,1,0,1,0,1,2,0,0,0,0,0,0,272,0.001,0.001,0.004
65,0.939,0.841,0,0.002,0.035,0,0,,0,,,,0,,,,,0,0,0,0,0,0,0,0,1,0,1,0,1,2,0,0,0,0,0,0,272,0,0,0.004
66,1.02,0.868,0,0.003,0.056,0,0,,0,,,,0,,,,,0,0,0,0,0,0,0,0,1,0,1,0,1,2,0,0,0,0,0,0,272,0,0.001,0.005
67,3.941,3.784,0.001,0.003,0.054,0,0,,0,,,,0,,,,,0,0,0,0,0,0,0,0,1,0,1,0,1,2,0,0,0,0,0,0,272,0.001,0.001,0.005
68,1.666,1.547,0.001,0.002,0.045,0,0,,0,,,,0,,,,,0,0,0,0,0,0,0,0,1,0,1,0,1,2,0,0,0,0,0,0,272,0,0,0.003
69,0.864,0.75,0,0.002,0.049,0,0,,0,,,,0,,,,,0,0,0,0,0,0,0,0,1,0,1,0,1,2,0,0,0,0,0,0,272,0,0.001,0.004
70,1.244,1.127,0.001,0.002,0.042,0,0,,0,,,,0,,,,,0,0,0,0,0,0,0,0,1,0,1,0,1,2,0,0,0,0,0,0,272,0.001,0.001,0.003
71,0.943,0.828,0,0.003,0.044,0,0,,0,,,,0,,,,,0,0,0,0,0,0,0,0,1,0,1,0,1,2,0,0,0,0,0,0,272,0,0.001,0.004
72,2.368,2.205,0,0.003,0.048,0,0,,0,,,,0,,,,,0,0,0,0,0,0,0,0,1,0,1,0,1,2,0,0,0,0,0,0,272,0.001,0.001,0.006
73,0.988,0.909,0.001,0.001,0.029,0,0,,0,,,,0,,,,,0,0,0,0,0,0,0,0,1,0,1,0,1,2,0,0,0,0,0,0,272,0.001,0,0.003
74,0.955,0.88,0.001,0.001,0.041,0,0,,0,,,,0,,,,,0,0,0,0,0,0,0,0,1,0,1,0,1,2,0,0,0,0,0,0,272,0,0,0.001
75,0.932,0.874,0,0.001,0.029,0,0,,0,,,,0,,,,,0,0,0,0,0,0,0,0,1,0,1,0,1,2,0,0,0,0,0,0,272,0,0,0.002
76,1.14,0.964,0.001,0.004,0.045,0,0,,0,,,,0,,,,,0,0,0,0,0,0,0,0,1,0,1,0,1,2,0,0,0,0,0,0,272,0,0.001,0.006
77,0.739,0.628,0.001,0.002,0.043,0,0,,0,,,,0,,,,,0,0,0,0,0,0,0,0,1,0,1,0,1,2,0,0,0,0,0,0,272,0,0,0.003
78,1.001,0.856,0,0.002,0.043,0,0,,0,,,,0,,,,,0,0,0,0,0,0,0,0,1,0,1,0,1,2,0,0,0,0,0,0,272,0.001,0.001,0.006
79,0.988,0.824,0,0.003,0.052,0,0,,0,,,,0,,,,,0,0,0,0,0,0,0,0,1,0,1,0,1,2,0,0,0,0,0,0,272,0,0.001,0.006
80,0.907,0.788,0,0.003,0.044,0,0,,0,,,,0,,,,,0,0,0,0,0,0,0,0,1,0,1,0,1,2,0,0,0,0,0,0,272,0.001,0.001,0.004
81,1.925,1.784,0.001,0.002,0.045,0,0,,0,,,,0,,,,,0,0,0,0,0,0,0,0,1,0,1,0,1,2,0,0,0,0,0,0,272,0,0.001,0.005
82,10.742,10.54,0.001,0.005,0.059,0,0,,0,,,,0,,,,,0,0,0,0,0,0,0,0,1,0,1,0,1,2,0,0,0,0,0,0,272,0,0.001,0.009
83,5.158,4.952,0.001,0.005,0.035,0,0,,0,,,,0,,,,,0,0,0,0,0,0,0,0,1,0,1,0,1,2,0,0,0,0,0,0,272,0.001,0.003,0.008
84,3.022,2.866,0,0.002,0.054,0,0,,0,,,,0,,,,,0,0,0,0,0,0,0,0,1,0,1,0,1,2,0,0,0,0,0,0,272,0.001,0.001,0.006
85,0.984,0.822,0.001,0.003,0.045,0,0,,0,,,,0,,,,,0,0,0,0,0,0,0,0,1,0,1,0,1,2,0,0,0,0,0,0,272,0.001,0.002,0.007
86,0.929,0.836,0,0.002,0.035,0,0,,0,,,,0,,,,,0,0,0,0,0,0,0,0,1,0,1,0,1,2,0,0,0,0,0,0,272,0,0.001,0.004
87,1.662,1.561,0,0.002,0.037,0,0,,0,,,,0,,,,,0,0,0,0,0,0,0,0,1,0,1,0,1,2,0,0,0,0,0,0,272,0,0,0.004
88,0.86,0.716,0,0.004,0.038,0,0,,0,,,,0,,,,,0,0,0,0,0,0,0,0,1,0,1,0,1,2,0,0,0,0,0,0,272,0,0.001,0.005
89,1.133,1.01,0,0.003,0.041,0,0,,0,,,,0,,,,,0,0,0,0,0,0,0,0,1,0,1,0,1,2,0,0,0,0,0,0,272,0,0,0.004
90,0.813,0.59,0,0.004,0.078,0,0,,1,46.875,229441536,286453760,1,62503872,62503872,135081984,38823561584,0,0,0,0,0,0,0,0,1,0,1,0,1,2,0,0,0,0,0,0,272,0.001,0.002,0.007
91,0.629,0.54,0,0.002,0.039,0,0,,0,,,,0,,,,,0,0,0,0,0,0,0,0,1,0,1,0,1,2,0,0,0,0,0,0,272,0.001,0,0.003
92,0.842,0.766,0,0.001,0.038,0,0,,0,,,,0,,,,,0,0,0,0,0,0,0,0,1,0,1,0,1,2,0,0,0,0,0,0,272,0,0,0.002
93,0.837,0.737,0,0.002,0.04,0,0,,0,,,,0,,,,,0,0,0,0,0,0,0,0,1,0,1,0,1,2,0,0,0,0,0,0,272,0,0,0.004
94,0.992,0.862,0,0.002,0.056,0,0,,0,,,,0,,,,,0,0,0,0,0,0,0,0,1,0,1,0,1,2,0,0,0,0,0,0,272,0,0.001,0.004
95,1.011,0.866,0,0.003,0.045,0,0,,0,,,,0,,,,,0,0,0,0,0,0,0,0,1,0,1,0,1,2,0,0,0,0,0,0,272,0,0.001,0.006
96,0.511,0.366,0,0.004,0.046,0,0,,0,,,,0,,,,,0,0,0,0,0,0,0,0,1,0,1,0,1,2,0,0,0,0,0,0,272,0,0.001,0.005
97,0.932,0.691,0,0.004,0.108,0,0,,0,,,,0,,,,,0,0,0,0,0,0,0,0,1,0,1,0,1,2,0,0,0,0,0,0,272,0,0.001,0.006
98,0.646,0.546,0,0.003,0.039,0,0,,0,,,,0,,,,,0,0,0,0,0,0,0,0,1,0,1,0,1,2,0,0,0,0,0,0,272,0.001,0,0.003
99,0.841,0.741,0,0.002,0.045,0,0,,0,,,,0,,,,,0,0,0,0,0,0,0,0,1,0,1,0,1,2,0,0,0,0,0,0,272,0,0,0.003
100,0.862,0.729,0,0.003,0.04,0,0,,0,,,,0,,,,,0,0,0,0,0,0,0,0,1,0,1,0,1,2,0,0,0,0,0,0,272,0.001,0.001,0.005
101,0.884,0.7,0,0.004,0.055,0,0,,0,,,,0,,,,,0,0,0,0,0,0,0,0,1,0,1,0,1,2,0,0,0,0,0,0,272,0,0.001,0.007
102,0.752,0.61,0,0.003,0.046,0,0,,0,,,,0,,,,,0,0,0,0,0,0,0,0,1,0,1,0,1,2,0,0,0,0,0,0,272,0.001,0.001,0.006
103,1.452,1.343,0,0.003,0.042,0,0,,0,,,,0,,,,,0,0,0,0,0,0,0,0,1,0,1,0,1,2,0,0,0,0,0,0,272,0.001,0.001,0.003
104,0.836,0.757,0,0.001,0.034,0,0,,0,,,,0,,,,,0,0,0,0,0,0,0,0,1,0,1,0,1,2,0,0,0,0,0,0,272,0,0,0.003
105,0.84,0.761,0,0.001,0.042,0,0,,0,,,,0,,,,,0,0,0,0,0,0,0,0,1,0,1,0,1,2,0,0,0,0,0,0,272,0,0,0.003
106,1.529,1.296,0.001,0.005,0.09,0,0,,0,,,,0,,,,,0,0,0,0,0,0,0,0,1,0,1,0,1,2,0,0,0,0,0,0,272,0,0.001,0.009
107,0.643,0.546,0,0.002,0.041,0,0,,0,,,,0,,,,,0,0,0,0,0,0,0,0,1,0,1,0,1,2,0,0,0,0,0,0,272,0,0,0.003
108,0.802,0.721,0,0.002,0.034,0,0,,0,,,,0,,,,,0,0,0,0,0,0,0,0,1,0,1,0,1,2,0,0,0,0,0,0,272,0,0,0.002
109,0.93,0.774,0,0.005,0.034,0,0,,0,,,,0,,,,,0,0,0,0,0,0,0,0,1,0,1,0,1,2,0,0,0,0,0,0,272,0,0.001,0.008
110,0.75,0.667,0.001,0.001,0.035,0,0,,0,,,,0,,,,,0,0,0,0,0,0,0,0,1,0,1,0,1,2,0,0,0,0,0,0,272,0.001,0,0.003
111,0.934,0.774,0.001,0.003,0.054,0,0,,0,,,,0,,,,,0,0,0,0,0,0,0,0,1,0,1,0,1,2,0,0,0,0,0,0,272,0,0.001,0.005
112,0.744,0.647,0,0.002,0.038,0,0,,0,,,,0,,,,,0,0,0,0,0,0,0,0,1,0,1,0,1,2,0,0,0,0,0,0,272,0,0.001,0.003
113,0.829,0.741,0,0.002,0.039,0,0,,0,,,,0,,,,,0,0,0,0,0,0,0,0,1,0,1,0,1,2,0,0,0,0,0,0,272,0,0,0.003
114,0.893,0.74,0.001,0.003,0.046,0,0,,0,,,,0,,,,,0,0,0,0,0,0,0,0,1,0,1,0,1,2,0,0,0,0,0,0,272,0.001,0.001,0.006
115,0.686,0.575,0,0.002,0.036,0,0,,0,,,,0,,,,,0,0,0,0,0,0,0,0,1,0,1,0,1,2,0,0,0,0,0,0,272,0,0.001,0.004
116,0.721,0.638,0.001,0.001,0.034,0,0,,0,,,,0,,,,,0,0,0,0,0,0,0,0,1,0,1,0,1,2,0,0,0,0,0,0,272,0,0.001,0.002
117,0.63,0.545,0,0.001,0.045,0,0,,0,,,,0,,,,,0,0,0,0,0,0,0,0,1,0,1,0,1,2,0,0,0,0,0,0,272,0,0,0.003
118,0.614,0.553,0,0,0.032,0,0,,0,,,,0,,,,,0,0,0,0,0,0,0,0,1,0,1,0,1,2,0,0,0,0,0,0,272,0,0,0.002
119,0.805,0.617,0.001,0.005,0.052,0,0,,0,,,,0,,,,,0,0,0,0,0,0,0,0,1,0,1,0,1,2,0,0,0,0,0,0,272,0.001,0.002,0.006
120,0.456,0.36,0,0.001,0.045,0,0,,1,62.5,229449728,286453760,1,62503872,62503872,135081984,38823561584,0,0,0,0,0,0,0,0,1,0,1,0,1,2,0,0,0,0,0,0,272,0,0,0.002
121,0.709,0.565,0,0.003,0.038,0,0,,0,,,,0,,,,,0,0,0,0,0,0,0,0,1,0,1,0,1,2,0,0,0,0,0,0,272,0,0,0.005
122,0.959,0.891,0,0.002,0.027,0,0,,0,,,,0,,,,,0,0,0,0,0,0,0,0,1,0,1,0,1,2,0,0,0,0,0,0,272,0,0,0.002
123,0.739,0.599,0.001,0.002,0.043,0,0,,0,,,,0,,,,,0,0,0,0,0,0,0,0,1,0,1,0,1,2,0,0,0,0,0,0,272,0,0.001,0.005
124,0.569,0.467,0,0.002,0.041,0,0,,0,,,,0,,,,,0,0,0,0,0,0,0,0,1,0,1,0,1,2,0,0,0,0,0,0,272,0,0,0.003
125,0.603,0.541,0,0.001,0.028,0,0,,0,,,,0,,,,,0,0,0,0,0,0,0,0,1,0,1,0,1,2,0,0,0,0,0,0,272,0,0.001,0.001
126,0.673,0.574,0,0.001,0.031,0,0,,0,,,,0,,,,,0,0,0,0,0,0,0,0,1,0,1,0,1,2,0,0,0,0,0,0,272,0,0,0.002
127,1.309,1.125,0.001,0.003,0.073,0,0,,0,,,,0,,,,,0,0,0,0,0,0,0,0,1,0,1,0,1,2,0,0,0,0,0,0,272,0.001,0.002,0.005
128,0.568,0.46,0,0.002,0.045,0,0,,0,,,,0,,,,,0,0,0,0,0,0,0,0,1,0,1,0,1,2,0,0,0,0,0,0,272,0,0.001,0.003
129,0.582,0.518,0,0.001,0.032,0,0,,0,,,,0,,,,,0,0,0,0,0,0,0,0,1,0,1,0,1,2,0,0,0,0,0,0,272,0,0,0.002
130,0.634,0.57,0,0.001,0.033,0,0,,0,,,,0,,,,,0,0,0,0,0,0,0,0,1,0,1,0,1,2,0,0,0,0,0,0,272,0,0,0.002
131,0.634,0.572,0,0.001,0.034,0,0,,0,,,,0,,,,,0,0,0,0,0,0,0,0,1,0,1,0,1,2,0,0,0,0,0,0,272,0,0,0.002
132,0.632,0.57,0,0.001,0.033,0,0,,0,,,,0,,,,,0,0,0,0,0,0,0,0,1,0,1,0,1,2,0,0,0,0,0,0,272,0,0,0.002
133,0.636,0.579,0,0.001,0.03,0,0,,0,,,,0,,,,,0,0,0,0,0,0,0,0,1,0,1,0,1,2,0,0,0,0,0,0,272,0,0,0.002
134,0.788,0.586,0,0.004,0.057,0,0,,0,,,,0,,,,,0,0,0,0,0,0,0,0,1,0,1,0,1,2,0,0,0,0,0,0,272,0,0.001,0.008
135,0.503,0.387,0,0.003,0.043,0,0,,0,,,,0,,,,,0,0,0,0,0,0,0,0,1,0,1,0,1,2,0,0,0,0,0,0,272,0,0.001,0.003
136,0.653,0.549,0,0.002,0.039,0,0,,0,,,,0,,,,,0,0,0,0,0,0,0,0,1,0,1,0,1,2,0,0,0,0,0,0,272,0,0,0.003
137,0.609,0.523,0,0.001,0.039,0,0,,0,,,,0,,,,,0,0,0,0,0,0,0,0,1,0,1,0,1,2,0,0,0,0,0,0,272,0.001,0,0.003
138,0.655,0.559,0,0.001,0.033,0,0,,0,,,,0,,,,,0,0,0,0,0,0,0,0,1,0,1,0,1,2,0,0,0,0,0,0,272,0.001,0.001,0.003
139,0.598,0.525,0,0.001,0.032,0,0,,0,,,,0,,,,,0,0,0,0,0,0,0,0,1,0,1,0,1,2,0,0,0,0,0,0,272,0,0,0.002
140,0.632,0.565,0.001,0,0.034,0,0,,0,,,,0,,,,,0,0,0,0,0,0,0,0,1,0,1,0,1,2,0,0,0,0,0,0,272,0.001,0,0.002
141,0.627,0.569,0,0.001,0.031,0,0,,0,,,,0,,,,,0,0,0,0,0,0,0,0,1,0,1,0,1,2,0,0,0,0,0,0,272,0,0,0.002
142,0.635,0.579,0,0,0.032,0,0,,0,,,,0,,,,,0,0,0,0,0,0,0,0,1,0,1,0,1,2,0,0,0,0,0,0,272,0,0,0.001
143,0.651,0.584,0,0.001,0.031,0,0,,0,,,,0,,,,,0,0,0,0,0,0,0,0,1,0,1,0,1,2,0,0,0,0,0,0,272,0,0.001,0.001
144,0.671,0.568,0,0.002,0.042,0,0,,0,,,,0,,,,,0,0,0,0,0,0,0,0,1,0,1,0,1,2,0,0,0,0,0,0,272,0,0.001,0.003
145,1.542,1.396,0,0.003,0.035,0,0,,0,,,,0,,,,,0,0,0,0,0,0,0,0,1,0,1,0,1,2,0,0,0,0,0,0,272,0,0.001,0.005
146,6.856,6.675,0,0.004,0.052,0,0,,0,,,,0,,,,,0,0,0,0,0,0,0,0,1,0,1,0,1,2,0,0,0,0,0,0,272,0,0.001,0.007
147,0.832,0.705,0,0.002,0.041,0,0,,0,,,,0,,,,,0,0,0,0,0,0,0,0,1,0,1,0,1,2,0,0,0,0,0,0,272,0,0.001,0.005
148,0.964,0.731,0,0.004,0.085,0,0,,0,,,,0,,,,,0,0,0,0,0,0,0,0,1,0,1,0,1,2,0,0,0,0,0,0,272,0,0.002,0.007
149,0.71,0.586,0,0.003,0.048,0,0,,0,,,,0,,,,,0,0,0,0,0,0,0,0,1,0,1,0,1,2,0,0,0,0,0,0,272,0,0,0.004
150,0.85,0.725,0.001,0.001,0.058,0,0,,1,62.5,229457920,286453760,1,62503872,62503872,135081984,38823561584,0,0,0,0,0,0,0,0,1,0,1,0,1,2,0,0,0,0,0,0,272,0,0.001,0.004
151,0.836,0.688,0.001,0.002,0.044,0,0,,0,,,,0,,,,,0,0,0,0,0,0,0,0,1,0,1,0,1,2,0,0,0,0,0,0,272,0,0.001,0.006
152,0.732,0.688,0,0.001,0.017,0,0,,0,,,,0,,,,,0,0,0,0,0,0,0,0,1,0,1,0,1,2,0,0,0,0,0,0,272,0,0.001,0.001
153,0.975,0.837,0.001,0.002,0.041,0,0,,0,,,,0,,,,,0,0,0,0,0,0,0,0,1,0,1,0,1,2,0,0,0,0,0,0,272,0,0,0.004
154,0.806,0.724,0,0.002,0.029,0,0,,0,,,,0,,,,,0,0,0,0,0,0,0,0,1,0,1,0,1,2,0,0,0,0,0,0,272,0,0.001,0.003
155,0.992,0.83,0,0.003,0.048,0,0,,0,,,,0,,,,,0,0,0,0,0,0,0,0,1,0,1,0,1,2,0,0,0,0,0,0,272,0,0.001,0.005
156,0.714,0.584,0,0.003,0.042,0,0,,0,,,,0,,,,,0,0,0,0,0,0,0,0,1,0,1,0,1,2,0,0,0,0,0,0,272,0,0.001,0.004
157,0.867,0.718,0,0.003,0.045,0,0,,0,,,,0,,,,,0,0,0,0,0,0,0,0,1,0,1,0,1,2,0,0,0,0,0,0,272,0.001,0.001,0.004
158,1.283,1.14,0,0.003,0.044,0,0,,0,,,,0,,,,,0,0,0,0,0,0,0,0,1,0,1,0,1,2,0,0,0,0,0,0,272,0,0.001,0.005
159,0.783,0.697,0,0.002,0.033,0,0,,0,,,,0,,,,,0,0,0,0,0,0,0,0,1,0,1,0,1,2,0,0,0,0,0,0,272,0,0.001,0.002
160,0.946,0.795,0,0.004,0.039,0,0,,0,,,,0,,,,,0,0,0,0,0,0,0,0,1,0,1,0,1,2,0,0,0,0,0,0,272,0.001,0.001,0.006
161,1.47,1.393,0,0.001,0.027,0,0,,0,,,,0,,,,,0,0,0,0,0,0,0,0,1,0,1,0,1,2,0,0,0,0,0,0,272,0,0.001,0.002
162,0.878,0.827,0,0.001,0.019,0,0,,0,,,,0,,,,,0,0,0,0,0,0,0,0,1,0,1,0,1,2,0,0,0,0,0,0,272,0,0,0.001
163,1.011,0.899,0.001,0.002,0.044,0,0,,0,,,,0,,,,,0,0,0,0,0,0,0,0,1,0,1,0,1,2,0,0,0,0,0,0,272,0,0,0.004
164,0.933,0.801,0,0.003,0.041,0,0,,0,,,,0,,,,,0,0,0,0,0,0,0,0,1,0,1,0,1,2,0,0,0,0,0,0,272,0,0.001,0.005
165,0.923,0.774,0.001,0.003,0.046,0,0,,0,,,,0,,,,,0,0,0,0,0,0,0,0,1,0,1,0,1,2,0,0,0,0,0,0,272,0,0.001,0.005
166,0.815,0.741,0,0.002,0.022,0,0,,0,,,,0,,,,,0,0,0,0,0,0,0,0,1,0,1,0,1,2,0,0,0,0,0,0,272,0.001,0,0.003
167,0.963,0.857,0.001,0.002,0.036,0,0,,0,,,,0,,,,,0,0,0,0,0,0,0,0,1,0,1,0,1,2,0,0,0,0,0,0,272,0,0.001,0.004
168,0.858,0.799,0,0.002,0.019,0,0,,0,,,,0,,,,,0,0,0,0,0,0,0,0,1,0,1,0,1,2,0,0,0,0,0,0,272,0,0.001,0.002
169,0.904,0.859,0.001,0,0.017,0,0,,0,,,,0,,,,,0,0,0,0,0,0,0,0,1,0,1,0,1,2,0,0,0,0,0,0,272,0,0.001,0.001
170,0.94,0.89,0,0,0.015,0,0,,0,,,,0,,,,,0,0,0,0,0,0,0,0,1,0,1,0,1,2,0,0,0,0,0,0,272,0,0,0.001
171,0.936,0.835,0,0.002,0.041,0,0,,0,,,,0,,,,,0,0,0,0,0,0,0,0,1,0,1,0,1,2,0,0,0,0,0,0,272,0,0,0.003
172,0.832,0.754,0,0.002,0.038,0,0,,0,,,,0,,,,,0,0,0,0,0,0,0,0,1,0,1,0,1,2,0,0,0,0,0,0,272,0,0,0.003
173,0.959,0.76,0,0.002,0.051,0,0,,0,,,,0,,,,,0,0,0,0,0,0,0,0,1,0,1,0,1,2,0,0,0,0,0,0,272,0.001,0.001,0.004
174,1.443,1.29,0,0.002,0.057,0,0,,0,,,,0,,,,,0,0,0,0,0,0,0,0,1,0,1,0,1,2,0,0,0,0,0,0,272,0,0.001,0.005
175,0.745,0.665,0.001,0.002,0.032,0,0,,0,,,,0,,,,,0,0,0,0,0,0,0,0,1,0,1,0,1,2,0,0,0,0,0,0,272,0,0.001,0.002
176,0.902,0.784,0,0.003,0.042,0,0,,0,,,,0,,,,,0,0,0,0,0,0,0,0,1,0,1,0,1,2,0,0,0,0,0,0,272,0,0,0.003
177,1.367,1.302,0,0.002,0.021,0,0,,0,,,,0,,,,,0,0,0,0,0,0,0,0,1,0,1,0,1,2,0,0,0,0,0,0,272,0.001,0,0.003
178,0.866,0.824,0,0,0.014,0,0,,0,,,,0,,,,,0,0,0,0,0,0,0,0,1,0,1,0,1,2,0,0,0,0,0,0,272,0,0,0.001
179,0.969,0.861,0,0.002,0.043,0,0,,0,,,,0,,,,,0,0,0,0,0,0,0,0,1,0,1,0,1,2,0,0,0,0,0,0,272,0,0.001,0.003
180,0.6,0.531,0,0.001,0.03,0,0,,1,93.75,229466112,286453760,1,62503872,62503872,135081984,38823561584,0,0,0,0,0,0,0,0,1,0,1,0,1,2,0,0,0,0,0,0,272,0,0.001,0.002
181,0.802,0.75,0,0.001,0.019,0,0,,0,,,,0,,,,,0,0,0,0,0,0,0,0,1,0,1,0,1,2,0,0,0,0,0,0,272,0,0,0.001
182,0.854,0.788,0,0.002,0.023,0,0,,0,,,,0,,,,,0,0,0,0,0,0,0,0,1,0,1,0,1,2,0,0,0,0,0,0,272,0,0.001,0.002
183,0.872,0.778,0,0.002,0.031,0,0,,0,,,,0,,,,,0,0,0,0,0,0,0,0,1,0,1,0,1,2,0,0,0,0,0,0,272,0.001,0.001,0.003
184,0.818,0.73,0,0.002,0.03,0,0,,0,,,,0,,,,,0,0,0,0,0,0,0,0,1,0,1,0,1,2,0,0,0,0,0,0,272,0,0,0.003
185,0.877,0.75,0,0.003,0.048,0,0,,0,,,,0,,,,,0,0,0,0,0,0,0,0,1,0,1,0,1,2,0,0,0,0,0,0,272,0.001,0.001,0.004
186,1.98,1.862,0,0.002,0.036,0,0,,0,,,,0,,,,,0,0,0,0,0,0,0,0,1,0,1,0,1,2,0,0,0,0,0,0,272,0,0.001,0.004
187,2.757,2.654,0,0.002,0.023,0,0,,0,,,,0,,,,,0,0,0,0,0,0,0,0,1,0,1,0,1,2,0,0,0,0,0,0,272,0,0.001,0.004
188,0.742,0.622,0.001,0.001,0.07,0,0,,0,,,,0,,,,,0,0,0,0,0,0,0,0,1,0,1,0,1,2,0,0,0,0,0,0,272,0,0.001,0.003
189,0.998,0.865,0,0.002,0.048,0,0,,0,,,,0,,,,,0,0,0,0,0,0,0,0,1,0,1,0,1,2,0,0,0,0,0,0,272,0,0.001,0.004
190,0.499,0.346,0,0.003,0.059,0,0,,0,,,,0,,,,,0,0,0,0,0,0,0,0,1,0,1,0,1,2,0,0,0,0,0,0,272,0,0.001,0.005
191,0.36,0.309,0,0.001,0.02,0,0,,0,,,,0,,,,,0,0,0,0,0,0,0,0,1,0,1,0,1,2,0,0,0,0,0,0,272,0,0,0.002
192,0.541,0.451,0,0.001,0.039,0,0,,0,,,,0,,,,,0,0,0,0,0,0,0,0,1,0,1,0,1,2,0,0,0,0,0,0,272,0,0,0.003
193,0.439,0.395,0,0,0.018,0,0,,0,,,,0,,,,,0,0,0,0,0,0,0,0,1,0,1,0,1,2,0,0,0,0,0,0,272,0,0.001,0.001
194,0.491,0.458,0,0.001,0.017,0,0,,0,,,,0,,,,,0,0,0,0,0,0,0,0,1,0,1,0,1,2,0,0,0,0,0,0,272,0,0,0.001
195,0.917,0.865,0,0.001,0.023,0,0,,0,,,,0,,,,,0,0,0,0,0,0,0,0,1,0,1,0,1,2,0,0,0,0,0,0,272,0,0,0.002
196,0.457,0.412,0,0.001,0.023,0,0,,0,,,,0,,,,,0,0,0,0,0,0,0,0,1,0,1,0,1,2,0,0,0,0,0,0,272,0,0,0.001
197,0.589,0.472,0.001,0.003,0.035,0,0,,0,,,,0,,,,,0,0,0,0,0,0,0,0,1,0,1,0,1,2,0,0,0,0,0,0,272,0,0,0.004
198,0.416,0.348,0.001,0.002,0.021,0,0,,0,,,,0,,,,,0,0,0,0,0,0,0,0,1,0,1,0,1,2,0,0,0,0,0,0,272,0,0.001,0.002
199,0.506,0.416,0.001,0.002,0.024,0,0,,0,,,,0,,,,,0,0,0,0,0,0,0,0,1,0,1,0,1,2,0,0,0,0,0,0,272,0,0.001,0.004
200,0.454,0.397,0.001,0,0.02,0,0,,0,,,,0,,,,,0,0,0,0,0,0,0,0,1,0,1,0,1,2,0,0,0,0,0,0,272,0,0,0.002
201,0.488,0.447,0,0,0.018,0,0,,0,,,,0,,,,,0,0,0,0,0,0,0,0,1,0,1,0,1,2,0,0,0,0,0,0,272,0.001,0,0.001
202,0.537,0.468,0,0.002,0.025,0,0,,0,,,,0,,,,,0,0,0,0,0,0,0,0,1,0,1,0,1,2,0,0,0,0,0,0,272,0,0.001,0.002
203,0.515,0.428,0,0.002,0.025,0,0,,0,,,,0,,,,,0,0,0,0,0,0,0,0,1,0,1,0,1,2,0,0,0,0,0,0,272,0,0.001,0.003
204,2.177,2.082,0,0.002,0.031,0,0,,0,,,,0,,,,,0,0,0,0,0,0,0,0,1,0,1,0,1,2,0,0,0,0,0,0,272,0,0.001,0.003
205,3.956,3.812,0,0.004,0.039,0,0,,0,,,,0,,,,,0,0,0,0,0,0,0,0,1,0,1,0,1,2,0,0,0,0,0,0,272,0,0.001,0.007
206,6.766,6.569,0,0.005,0.039,0,0,,0,,,,0,,,,,0,0,0,0,0,0,0,0,1,0,1,0,1,2,0,0,0,0,0,0,272,0.001,0.002,0.01
207,4.841,4.74,0,0.002,0.031,0,0,,0,,,,0,,,,,0,0,0,0,0,0,0,0,1,0,1,0,1,2,0,0,0,0,0,0,272,0,0.001,0.005
208,1.022,0.83,0,0.005,0.059,0,0,,0,,,,0,,,,,0,0,0,0,0,0,0,0,1,0,1,0,1,2,0,0,0,0,0,0,272,0,0.001,0.009
209,0.823,0.719,0,0.001,0.041,0,0,,0,,,,0,,,,,0,0,0,0,0,0,0,0,1,0,1,0,1,2,0,0,0,0,0,0,272,0,0.001,0.003
210,0.943,0.82,0,0.003,0.049,0,0,,1,109.375,229474304,286453760,1,62503872,62503872,135081984,38823561584,0,0,0,0,0,0,0,0,1,0,1,0,1,2,0,0,0,0,0,0,272,0,0,0.004
211,0.837,0.747,0,0.001,0.046,0,0,,0,,,,0,,,,,0,0,0,0,0,0,0,0,1,0,1,0,1,2,0,0,0,0,0,0,272,0,0,0.003
212,0.975,0.825,0.001,0.003,0.045,0,0,,0,,,,0,,,,,0,0,0,0,0,0,0,0,1,0,1,0,1,2,0,0,0,0,0,0,272,0.001,0.001,0.007
213,0.871,0.777,0,0.002,0.039,0,0,,0,,,,0,,,,,0,0,0,0,0,0,0,0,1,0,1,0,1,2,0,0,0,0,0,0,272,0.001,0,0.003
214,0.906,0.825,0,0.001,0.027,0,0,,0,,,,0,,,,,0,0,0,0,0,0,0,0,1,0,1,0,1,2,0,0,0,0,0,0,272,0,0.001,0.003
215,0.948,0.869,0,0.002,0.02,0,0,,0,,,,0,,,,,0,0,0,0,0,0,0,0,1,0,1,0,1,2,0,0,0,0,0,0,272,0,0.001,0.003
216,2.265,2.097,0.001,0.003,0.041,0,0,,0,,,,0,,,,,0,0,0,0,0,0,0,0,1,0,1,0,1,2,0,0,0,0,0,0,272,0,0.001,0.006
217,6.102,5.883,0.001,0.004,0.062,0,0,,0,,,,0,,,,,0,0,0,0,0,0,0,0,1,0,1,0,1,2,0,0,0,0,0,0,272,0,0.002,0.009
218,0.494,0.427,0,0.002,0.017,0,0,,0,,,,0,,,,,0,0,0,0,0,0,0,0,1,0,1,0,1,2,0,0,0,0,0,0,272,0,0.001,0.004
219,1.386,1.168,0.001,0.004,0.062,0,0,,0,,,,0,,,,,0,0,0,0,0,0,0,0,1,0,1,0,1,2,0,0,0,0,0,0,272,0.001,0.002,0.007
220,0.816,0.681,0,0.002,0.045,0,0,,0,,,,0,,,,,0,0,0,0,0,0,0,0,1,0,1,0,1,2,0,0,0,0,0,0,272,0,0.002,0.005
221,0.864,0.78,0,0.002,0.026,0,0,,0,,,,0,,,,,0,0,0,0,0,0,0,0,1,0,1,0,1,2,0,0,0,0,0,0,272,0,0.001,0.003
222,1.043,0.87,0,0.003,0.055,0,0,,0,,,,0,,,,,0,0,0,0,0,0,0,0,1,0,1,0,1,2,0,0,0,0,0,0,272,0.001,0.001,0.006
223,0.897,0.774,0,0.002,0.047,0,0,,0,,,,0,,,,,0,0,0,0,0,0,0,0,1,0,1,0,1,2,0,0,0,0,0,0,272,0,0,0.004
224,0.913,0.811,0,0.002,0.049,0,0,,0,,,,0,,,,,0,0,0,0,0,0,0,0,1,0,1,0,1,2,0,0,0,0,0,0,272,0,0.001,0.003
225,0.932,0.852,0,0.001,0.024,0,0,,0,,,,0,,,,,0,0,0,0,0,0,0,0,1,0,1,0,1,2,0,0,0,0,0,0,272,0,0.001,0.003
226,1.736,1.617,0,0.003,0.033,0,0,,0,,,,0,,,,,0,0,0,0,0,0,0,0,1,0,1,0,1,2,0,0,0,0,0,0,272,0,0.001,0.005
227,3.242,3.047,0.001,0.004,0.024,0,0,,0,,,,0,,,,,0,0,0,0,0,0,0,0,1,0,1,0,1,2,0,0,0,0,0,0,272,0.001,0.001,0.051
228,4.725,4.628,0,0.002,0.027,0,0,,0,,,,0,,,,,0,0,0,0,0,0,0,0,1,0,1,0,1,2,0,0,0,0,0,0,272,0,0,0.004
229,0.998,0.88,0,0.002,0.044,0,0,,0,,,,0,,,,,0,0,0,0,0,0,0,0,1,0,1,0,1,2,0,0,0,0,0,0,272,0,0,0.004
230,0.855,0.807,0,0.001,0.021,0,0,,0,,,,0,,,,,0,0,0,0,0,0,0,0,1,0,1,0,1,2,0,0,0,0,0,0,272,0,0,0.002
231,1.053,0.902,0,0.003,0.046,0,0,,0,,,,0,,,,,0,0,0,0,0,0,0,0,1,0,1,0,1,2,0,0,0,0,0,0,272,0.001,0.002,0.005
232,0.873,0.775,0,0.002,0.03,0,0,,0,,,,0,,,,,0,0,0,0,0,0,0,0,1,0,1,0,1,2,0,0,0,0,0,0,272,0,0.001,0.003
233,0.916,0.837,0,0.001,0.036,0,0,,0,,,,0,,,,,0,0,0,0,0,0,0,0,1,0,1,0,1,2,0,0,0,0,0,0,272,0,0,0.003
234,0.871,0.841,0,0,0.014,0,0,,0,,,,0,,,,,0,0,0,0,0,0,0,0,1,0,1,0,1,2,0,0,0,0,0,0,272,0,0,0
235,0.982,0.936,0,0,0.019,0,0,,0,,,,0,,,,,0,0,0,0,0,0,0,0,1,0,1,0,1,2,0,0,0,0,0,0,272,0,0,0.002
236,1.048,0.955,0,0.002,0.024,0,0,,0,,,,0,,,,,0,0,0,0,0,0,0,0,1,0,1,0,1,2,0,0,0,0,0,0,272,0.001,0.001,0.004
237,0.846,0.751,0,0.002,0.025,0,0,,0,,,,0,,,,,0,0,0,0,0,0,0,0,1,0,1,0,1,2,0,0,0,0,0,0,272,0,0.001,0.003
238,1.248,1.15,0,0.002,0.034,0,0,,0,,,,0,,,,,0,0,0,0,0,0,0,0,1,0,1,0,1,2,0,0,0,0,0,0,272,0,0.001,0.003
239,0.848,0.727,0,0.002,0.024,0,0,,0,,,,0,,,,,0,0,0,0,0,0,0,0,1,0,1,0,1,2,0,0,0,0,0,0,272,0,0.001,0.003
240,1.661,1.591,0,0.001,0.023,0,0,,1,109.375,229482496,286453760,1,62503872,62503872,135081984,38823561584,0,0,0,0,0,0,0,0,1,0,1,0,1,2,0,0,0,0,0,0,272,0,0.001,0.002
241,0.947,0.87,0,0.002,0.032,0,0,,0,,,,0,,,,,0,0,0,0,0,0,0,0,1,0,1,0,1,2,0,0,0,0,0,0,272,0,0,0.002
242,1.064,0.888,0.001,0.003,0.045,0,0,,0,,,,0,,,,,0,0,0,0,0,0,0,0,1,0,1,0,1,2,0,0,0,0,0,0,272,0,0.001,0.006
243,0.939,0.797,0,0.003,0.053,0,0,,0,,,,0,,,,,0,0,0,0,0,0,0,0,1,0,1,0,1,2,0,0,0,0,0,0,272,0,0.001,0.004
244,0.901,0.79,0,0.002,0.036,0,0,,0,,,,0,,,,,0,0,0,0,0,0,0,0,1,0,1,0,1,2,0,0,0,0,0,0,272,0.001,0.001,0.004
245,0.907,0.818,0,0.001,0.05,0,0,,0,,,,0,,,,,0,0,0,0,0,0,0,0,1,0,1,0,1,2,0,0,0,0,0,0,272,0,0.001,0.001
246,0.968,0.86,0.001,0.002,0.034,0,0,,0,,,,0,,,,,0,0,0,0,0,0,0,0,1,0,1,0,1,2,0,0,0,0,0,0,272,0,0,0.004
247,0.985,0.847,0.001,0.003,0.046,0,0,,0,,,,0,,,,,0,0,0,0,0,0,0,0,1,0,1,0,1,2,0,0,0,0,0,0,272,0,0.001,0.004
248,0.912,0.808,0,0.002,0.021,0,0,,0,,,,0,,,,,0,0,0,0,0,0,0,0,1,0,1,0,1,2,0,0,0,0,0,0,272,0,0.001,0.003
249,1.004,0.879,0,0.001,0.052,0,0,,0,,,,0,,,,,0,0,0,0,0,0,0,0,1,0,1,0,1,2,0,0,0,0,0,0,272,0,0.001,0.002
250,0.905,0.822,0.001,0.001,0.034,0,0,,0,,,,0,,,,,0,0,0,0,0,0,0,0,1,0,1,0,1,2,0,0,0,0,0,0,272,0,0,0.003
251,0.959,0.89,0,0.001,0.034,0,0,,0,,,,0,,,,,0,0,0,0,0,0,0,0,1,0,1,0,1,2,0,0,0,0,0,0,272,0.001,0,0.002
252,0.939,0.857,0,0.002,0.026,0,0,,0,,,,0,,,,,0,0,0,0,0,0,0,0,1,0,1,0,1,2,0,0,0,0,0,0,272,0,0,0.004
253,2.493,2.343,0,0.003,0.038,0,0,,0,,,,0,,,,,0,0,0,0,0,0,0,0,1,0,1,0,1,2,0,0,0,0,0,0,272,0.001,0.001,0.008
254,7.248,7.032,0,0.004,0.045,0,0,,0,,,,0,,,,,0,0,0,0,0,0,0,0,1,0,1,0,1,2,0,0,0,0,0,0,272,0.001,0.002,0.021
255,1.045,0.83,0,0.002,0.05,0,0,,0,,,,0,,,,,0,0,0,0,0,0,0,0,1,0,1,0,1,2,0,0,0,0,0,0,272,0,0.001,0.007
256,0.736,0.622,0,0.001,0.056,0,0,,0,,,,0,,,,,0,0,0,0,0,0,0,0,1,0,1,0,1,2,0,0,0,0,0,0,272,0,0.001,0.003
257,0.858,0.764,0,0.002,0.037,0,0,,0,,,,0,,,,,0,0,0,0,0,0,0,0,1,0,1,0,1,2,0,0,0,0,0,0,272,0,0,0.003
258,0.827,0.749,0,0.002,0.025,0,0,,0,,,,0,,,,,0,0,0,0,0,0,0,0,1,0,1,0,1,2,0,0,0,0,0,0,272,0.001,0.001,0.002
259,0.886,0.804,0.001,0.001,0.036,0,0,,0,,,,0,,,,,0,0,0,0,0,0,0,0,1,0,1,0,1,2,0,0,0,0,0,0,272,0,0.001,0.002
260,0.932,0.797,0,0.002,0.047,0,0,,0,,,,0,,,,,0,0,0,0,0,0,0,0,1,0,1,0,1,2,0,0,0,0,0,0,272,0,0.001,0.004
261,0.794,0.73,0,0.002,0.024,0,0,,0,,,,0,,,,,0,0,0,0,0,0,0,0,1,0,1,0,1,2,0,0,0,0,0,0,272,0,0,0.003
262,0.903,0.81,0,0.002,0.021,0,0,,0,,,,0,,,,,0,0,0,0,0,0,0,0,1,0,1,0,1,2,0,0,0,0,0,0,272,0,0.001,0.012
263,1.428,1.34,0,0.002,0.026,0,0,,0,,,,0,,,,,0,0,0,0,0,0,0,0,1,0,1,0,1,2,0,0,0,0,0,0,272,0,0.001,0.003
264,0.916,0.817,0,0.002,0.04,0,0,,0,,,,0,,,,,0,0,0,0,0,0,0,0,1,0,1,0,1,2,0,0,0,0,0,0,272,0,0,0.004
265,4.371,4.246,0.001,0.003,0.046,0,0,,0,,,,0,,,,,0,0,0,0,0,0,0,0,1,0,1,0,1,2,0,0,0,0,0,0,272,0.001,0,0.004
266,0.511,0.435,0,0.002,0.033,0,0,,0,,,,0,,,,,0,0,0,0,0,0,0,0,1,0,1,0,1,2,0,0,0,0,0,0,272,0,0,0.003
267,0.623,0.545,0,0,0.043,0,0,,0,,,,0,,,,,0,0,0,0,0,0,0,0,1,0,1,0,1,2,0,0,0,0,0,0,272,0,0,0.002
268,0.577,0.515,0,0,0.028,0,0,,0,,,,0,,,,,0,0,0,0,0,0,0,0,1,0,1,0,1,2,0,0,0,0,0,0,272,0,0.001,0.002
269,0.61,0.528,0,0.002,0.025,0,0,,0,,,,0,,,,,0,0,0,0,0,0,0,0,1,0,1,0,1,2,0,0,0,0,0,0,272,0,0.001,0.003
270,0.685,0.531,0,0.003,0.046,0,0,,1,125,229490688,286453760,1,62503872,62503872,135081984,38823561584,0,0,0,0,0,0,0,0,1,0,1,0,1,2,0,0,0,0,0,0,272,0,0.001,0.005
271,0.471,0.364,0,0.002,0.05,0,0,,0,,,,0,,,,,0,0,0,0,0,0,0,0,1,0,1,0,1,2,0,0,0,0,0,0,272,0,0.001,0.003
272,0.573,0.5,0,0.002,0.019,0,0,,0,,,,0,,,,,0,0,0,0,0,0,0,0,1,0,1,0,1,2,0,0,0,0,0,0,272,0,0,0.002
273,2.634,2.49,0,0.003,0.052,0,0,,0,,,,0,,,,,0,0,0,0,0,0,0,0,1,0,1,0,1,2,0,0,0,0,0,0,272,0,0.001,0.005
274,2.011,1.866,0,0.002,0.038,0,0,,0,,,,0,,,,,0,0,0,0,0,0,0,0,1,0,1,0,1,2,0,0,0,0,0,0,272,0,0.001,0.025
275,0.717,0.627,0,0.002,0.025,0,0,,0,,,,0,,,,,0,0,0,0,0,0,0,0,1,0,1,0,1,2,0,0,0,0,0,0,272,0,0,0.004
276,1.17,1.09,0,0.002,0.022,0,0,,0,,,,0,,,,,0,0,0,0,0,0,0,0,1,0,1,0,1,2,0,0,0,0,0,0,272,0,0.001,0.003
277,0.795,0.712,0,0.002,0.024,0,0,,0,,,,0,,,,,0,0,0,0,0,0,0,0,1,0,1,0,1,2,0,0,0,0,0,0,272,0.001,0.001,0.003
278,4.298,4.198,0,0.003,0.04,0,0,,0,,,,0,,,,,0,0,0,0,0,0,0,0,1,0,1,0,1,2,0,0,0,0,0,0,272,0.001,0,0.004
279,0.528,0.453,0,0.001,0.036,0,0,,0,,,,0,,,,,0,0,0,0,0,0,0,0,1,0,1,0,1,2,0,0,0,0,0,0,272,0,0,0.002
280,0.621,0.553,0,0.001,0.033,0,0,,0,,,,0,,,,,0,0,0,0,0,0,0,0,1,0,1,0,1,2,0,0,0,0,0,0,272,0,0,0.003
281,0.59,0.524,0,0.001,0.034,0,0,,0,,,,0,,,,,0,0,0,0,0,0,0,0,1,0,1,0,1,2,0,0,0,0,0,0,272,0,0,0.002
282,0.587,0.52,0,0.001,0.036,0,0,,0,,,,0,,,,,0,0,0,0,0,0,0,0,1,0,1,0,1,2,0,0,0,0,0,0,272,0,0,0.002
283,0.586,0.522,0,0.001,0.033,0,0,,0,,,,0,,,,,0,0,0,0,0,0,0,0,1,0,1,0,1,2,0,0,0,0,0,0,272,0,0,0.002
284,0.689,0.52,0.001,0.003,0.056,0,0,,0,,,,0,,,,,0,0,0,0,0,0,0,0,1,0,1,0,1,2,0,0,0,0,0,0,272,0,0.001,0.006
285,0.475,0.387,0,0.002,0.034,0,0,,0,,,,0,,,,,0,0,0,0,0,0,0,0,1,0,1,0,1,2,0,0,0,0,0,0,272,0,0,0.002
286,0.567,0.486,0,0.002,0.023,0,0,,0,,,,0,,,,,0,0,0,0,0,0,0,0,1,0,1,0,1,2,0,0,0,0,0,0,272,0.001,0,0.004
287,0.586,0.508,0,0.002,0.025,0,0,,0,,,,0,,,,,0,0,0,0,0,0,0,0,1,0,1,0,1,2,0,0,0,0,0,0,272,0,0,0.003
288,0.538,0.499,0,0.001,0.015,0,0,,0,,,,0,,,,,0,0,0,0,0,0,0,0,1,0,1,0,1,2,0,0,0,0,0,0,272,0,0,0.001
289,0.587,0.549,0.001,0,0.021,0,0,,0,,,,0,,,,,0,0,0,0,0,0,0,0,1,0,1,0,1,2,0,0,0,0,0,0,272,0,0,0.001
290,0.967,0.794,0,0.003,0.062,0,0,,0,,,,0,,,,,0,0,0,0,0,0,0,0,1,0,1,0,1,2,0,0,0,0,0,0,272,0.001,0.001,0.006
291,0.899,0.724,0.001,0.003,0.052,0,0,,0,,,,0,,,,,0,0,0,0,0,0,0,0,1,0,1,0,1,2,0,0,0,0,0,0,272,0.001,0.002,0.005
292,0.863,0.752,0,0.002,0.047,0,0,,0,,,,0,,,,,0,0,0,0,0,0,0,0,1,0,1,0,1,2,0,0,0,0,0,0,272,0.001,0,0.002
293,0.95,0.788,0,0.002,0.072,0,0,,0,,,,0,,,,,0,0,0,0,0,0,0,0,1,0,1,0,1,2,0,0,0,0,0,0,272,0,0.001,0.004
294,1.596,1.448,0,0.003,0.053,0,0,,0,,,,0,,,,,0,0,0,0,0,0,0,0,1,0,1,0,1,2,0,0,0,0,0,0,272,0.001,0.001,0.005
295,0.835,0.765,0,0.001,0.028,0,0,,0,,,,0,,,,,0,0,0,0,0,0,0,0,1,0,1,0,1,2,0,0,0,0,0,0,272,0,0.001,0.002
296,0.924,0.864,0,0.001,0.029,0,0,,0,,,,0,,,,,0,0,0,0,0,0,0,0,1,0,1,0,1,2,0,0,0,0,0,0,272,0,0,0.002
297,1.586,1.5,0,0.002,0.026,0,0,,0,,,,0,,,,,0,0,0,0,0,0,0,0,1,0,1,0,1,2,0,0,0,0,0,0,272,0,0,0.004
298,0.873,0.833,0,0.001,0.02,0,0,,0,,,,0,,,,,0,0,0,0,0,0,0,0,1,0,1,0,1,2,0,0,0,0,0,0,272,0,0.001,0.001
299,1.005,0.909,0,0.002,0.034,0,0,,0,,,,0,,,,,0,0,0,0,0,0,0,0,1,0,1,0,1,2,0,0,0,0,0,0,272,0.001,0,0.004
300,0.806,0.717,0,0.002,0.041,0,0,,1,156.25,229498880,286453760,1,62503872,62503872,135081984,38823561584,0,0,0,0,0,0,0,0,1,0,1,0,1,2,0,0,0,0,0,0,272,0,0.001,0.002
301,0.72,0.653,0.001,0.001,0.032,0,0,,0,,,,0,,,,,0,0,0,0,0,0,0,0,1,0,1,0,1,2,0,0,0,0,0,0,272,0,0,0.002
302,0.784,0.724,0,0.001,0.03,0,0,,0,,,,0,,,,,0,0,0,0,0,0,0,0,1,0,1,0,1,2,0,0,0,0,0,0,272,0,0,0.002
303,0.892,0.746,0,0.003,0.039,0,0,,0,,,,0,,,,,0,0,0,0,0,0,0,0,1,0,1,0,1,2,0,0,0,0,0,0,272,0.001,0.001,0.006
304,0.61,0.53,0,0.002,0.035,0,0,,0,,,,0,,,,,0,0,0,0,0,0,0,0,1,0,1,0,1,2,0,0,0,0,0,0,272,0,0.001,0.002
305,0.507,0.449,0,0.001,0.021,0,0,,0,,,,0,,,,,0,0,0,0,0,0,0,0,1,0,1,0,1,2,0,0,0,0,0,0,272,0,0.001,0.002
306,0.581,0.498,0,0.002,0.023,0,0,,0,,,,0,,,,,0,0,0,0,0,0,0,0,1,0,1,0,1,2,0,0,0,0,0,0,272,0,0,0.003
307,0.526,0.468,0,0.001,0.022,0,0,,0,,,,0,,,,,0,0,0,0,0,0,0,0,1,0,1,0,1,2,0,0,0,0,0,0,272,0.001,0,0.002
308,0.384,0.283,0,0.002,0.034,0,0,,0,,,,0,,,,,0,0,0,0,0,0,0,0,1,0,1,0,1,2,0,0,0,0,0,0,272,0,0,0.003
309,0.483,0.437,0,0.001,0.019,0,0,,0,,,,0,,,,,0,0,0,0,0,0,0,0,1,0,1,0,1,2,0,0,0,0,0,0,272,0,0.001,0.001
310,0.542,0.509,0,0.001,0.016,0,0,,0,,,,0,,,,,0,0,0,0,0,0,0,0,1,0,1,0,1,2,0,0,0,0,0,0,272,0,0,0.001
311,0.613,0.537,0,0.002,0.02,0,0,,0,,,,0,,,,,0,0,0,0,0,0,0,0,1,0,1,0,1,2,0,0,0,0,0,0,272,0,0.001,0.002
312,0.544,0.466,0,0.001,0.038,0,0,,0,,,,0,,,,,0,0,0,0,0,0,0,0,1,0,1,0,1,2,0,0,0,0,0,0,272,0,0.001,0.002
313,0.523,0.464,0.001,0,0.03,0,0,,0,,,,0,,,,,0,0,0,0,0,0,0,0,1,0,1,0,1,2,0,0,0,0,0,0,272,0,0.001,0.001
314,0.55,0.488,0,0.001,0.021,0,0,,0,,,,0,,,,,0,0,0,0,0,0,0,0,1,0,1,0,1,2,0,0,0,0,0,0,272,0,0,0.002
315,1.769,1.628,0.001,0.003,0.049,0,0,,0,,,,0,,,,,0,0,0,0,0,0,0,0,1,0,1,0,1,2,0,0,0,0,0,0,272,0,0.001,0.005
316,0.843,0.762,0,0.002,0.026,0,0,,0,,,,0,,,,,0,0,0,0,0,0,0,0,1,0,1,0,1,2,0,0,0,0,0,0,272,0,0.001,0.003
317,0.968,0.847,0,0.003,0.039,0,0,,0,,,,0,,,,,0,0,0,0,0,0,0,0,1,0,1,0,1,2,0,0,0,0,0,0,272,0.001,0.001,0.004
318,1.434,1.359,0.001,0.001,0.024,0,0,,0,,,,0,,,,,0,0,0,0,0,0,0,0,1,0,1,0,1,2,0,0,0,0,0,0,272,0,0,0.002
319,0.902,0.862,0,0.001,0.014,0,0,,0,,,,0,,,,,0,0,0,0,0,0,0,0,1,0,1,0,1,2,0,0,0,0,0,0,272,0,0,0.001
320,1.013,0.918,0,0.002,0.039,0,0,,0,,,,0,,,,,0,0,0,0,0,0,0,0,1,0,1,0,1,2,0,0,0,0,0,0,272,0,0.001,0.003
321,0.812,0.758,0.001,0.001,0.018,0,0,,0,,,,0,,,,,0,0,0,0,0,0,0,0,1,0,1,0,1,2,0,0,0,0,0,0,272,0,0.001,0.003
322,0.907,0.806,0,0.002,0.034,0,0,,0,,,,0,,,,,0,0,0,0,0,0,0,0,1,0,1,0,1,2,0,0,0,0,0,0,272,0,0,0.004
323,0.806,0.734,0,0.001,0.033,0,0,,0,,,,0,,,,,0,0,0,0,0,0,0,0,1,0,1,0,1,2,0,0,0,0,0,0,272,0,0,0.002
324,0.874,0.757,0,0.002,0.038,0,0,,0,,,,0,,,,,0,0,0,0,0,0,0,0,1,0,1,0,1,2,0,0,0,0,0,0,272,0,0.001,0.004
325,0.811,0.732,0,0.002,0.032,0,0,,0,,,,0,,,,,0,0,0,0,0,0,0,0,1,0,1,0,1,2,0,0,0,0,0,0,272,0,0.001,0.002
326,0.796,0.749,0,0.001,0.016,0,0,,0,,,,0,,,,,0,0,0,0,0,0,0,0,1,0,1,0,1,2,0,0,0,0,0,0,272,0,0,0.002
327,0.985,0.852,0,0.003,0.045,0,0,,0,,,,0,,,,,0,0,0,0,0,0,0,0,1,0,1,0,1,2,0,0,0,0,0,0,272,0,0.001,0.004
328,0.852,0.757,0,0.002,0.039,0,0,,0,,,,0,,,,,0,0,0,0,0,0,0,0,1,0,1,0,1,2,0,0,0,0,0,0,272,0,0.001,0.002
329,0.894,0.827,0,0.002,0.03,0,0,,0,,,,0,,,,,0,0,0,0,0,0,0,0,1,0,1,0,1,2,0,0,0,0,0,0,272,0,0,0.002
330,0.907,0.845,0,0.001,0.03,0,0,,1,156.25,229564416,286453760,1,62503872,62503872,135081984,38823561584,0,0,0,0,0,0,0,0,1,0,1,0,1,2,0,0,0,0,0,0,272,0,0,0.002
331,0.87,0.733,0,0.003,0.045,0,0,,0,,,,0,,,,,0,0,0,0,0,0,0,0,1,0,1,0,1,2,0,0,0,0,0,0,272,0,0.001,0.005
332,0.567,0.411,0,0.002,0.029,0,0,,0,,,,0,,,,,0,0,0,0,0,0,0,0,1,0,1,0,1,2,0,0,0,0,0,0,272,0,0,0.004
333,0.951,0.858,0,0.002,0.029,0,0,,0,,,,0,,,,,0,0,0,0,0,0,0,0,1,0,1,0,1,2,0,0,0,0,0,0,272,0,0.001,0.003
334,0.586,0.449,0.001,0.002,0.047,0,0,,0,,,,0,,,,,0,0,0,0,0,0,0,0,1,0,1,0,1,2,0,0,0,0,0,0,272,0,0.001,0.004
335,0.466,0.39,0,0.002,0.032,0,0,,0,,,,0,,,,,0,0,0,0,0,0,0,0,1,0,1,0,1,2,0,0,0,0,0,0,272,0,0,0.003
336,0.547,0.465,0,0.002,0.041,0,0,,0,,,,0,,,,,0,0,0,0,0,0,0,0,1,0,1,0,1,2,0,0,0,0,0,0,272,0,0,0.003
337,0.621,0.459,0.001,0.003,0.055,0,0,,0,,,,0,,,,,0,0,0,0,0,0,0,0,1,0,1,0,1,2,0,0,0,0,0,0,272,0,0.001,0.005
338,0.427,0.351,0,0.002,0.03,0,0,,0,,,,0,,,,,0,0,0,0,0,0,0,0,1,0,1,0,1,2,0,0,0,0,0,0,272,0.001,0,0.003
339,0.563,0.494,0,0.001,0.04,0,0,,0,,,,0,,,,,0,0,0,0,0,0,0,0,1,0,1,0,1,2,0,0,0,0,0,0,272,0,0,0.001
340,0.516,0.472,0,0,0.02,0,0,,0,,,,0,,,,,0,0,0,0,0,0,0,0,1,0,1,0,1,2,0,0,0,0,0,0,272,0,0,0.002
341,0.609,0.51,0,0.001,0.033,0,0,,0,,,,0,,,,,0,0,0,0,0,0,0,0,1,0,1,0,1,2,0,0,0,0,0,0,272,0.001,0.001,0.003
342,0.505,0.44,0.001,0.001,0.023,0,0,,0,,,,0,,,,,0,0,0,0,0,0,0,0,1,0,1,0,1,2,0,0,0,0,0,0,272,0,0.001,0.002
343,0.558,0.478,0,0.001,0.04,0,0,,0,,,,0,,,,,0,0,0,0,0,0,0,0,1,0,1,0,1,2,0,0,0,0,0,0,272,0,0,0.001
344,2.093,1.976,0,0.003,0.035,0,0,,0,,,,0,,,,,0,0,0,0,0,0,0,0,1,0,1,0,1,2,0,0,0,0,0,0,272,0.001,0.001,0.005
345,0.445,0.371,0,0.002,0.026,0,0,,0,,,,0,,,,,0,0,0,0,0,0,0,0,1,0,1,0,1,2,0,0,0,0,0,0,272,0,0.001,0.003
346,1.526,1.345,0.001,0.003,0.06,0,0,,0,,,,0,,,,,0,0,0,0,0,0,0,0,1,0,1,0,1,2,0,0,0,0,0,0,272,0,0.001,0.007
347,4.808,4.631,0,0.004,0.053,0,0,,0,,,,0,,,,,0,0,0,0,0,0,0,0,1,0,1,0,1,2,0,0,0,0,0,0,272,0,0.002,0.007
348,2.844,2.761,0,0.002,0.018,0,0,,0,,,,0,,,,,0,0,0,0,0,0,0,0,1,0,1,0,1,2,0,0,0,0,0,0,272,0,0.001,0.004
349,6.612,6.411,0,0.004,0.059,0,0,,0,,,,0,,,,,0,0,0,0,0,0,0,0,1,0,1,0,1,2,0,0,0,0,0,0,272,0,0.002,0.009
350,0.586,0.497,0,0.002,0.035,0,0,,0,,,,0,,,,,0,0,0,0,0,0,0,0,1,0,1,0,1,2,0,0,0,0,0,0,272,0,0.001,0.003
351,0.846,0.668,0,0.004,0.049,0,0,,0,,,,0,,,,,0,0,0,0,0,0,0,0,1,0,1,0,1,2,0,0,0,0,0,0,272,0,0.001,0.007
352,0.627,0.539,0,0.002,0.03,0,0,,0,,,,0,,,,,0,0,0,0,0,0,0,0,1,0,1,0,1,2,0,0,0,0,0,0,272,0,0.001,0.003
353,0.793,0.694,0,0.002,0.034,0,0,,0,,,,0,,,,,0,0,0,0,0,0,0,0,1,0,1,0,1,2,0,0,0,0,0,0,272,0,0.001,0.004
354,0.754,0.651,0,0.002,0.035,0,0,,0,,,,0,,,,,0,0,0,0,0,0,0,0,1,0,1,0,1,2,0,0,0,0,0,0,272,0.001,0.001,0.003
355,1.219,1.153,0,0.001,0.023,0,0,,0,,,,0,,,,,0,0,0,0,0,0,0,0,1,0,1,0,1,2,0,0,0,0,0,0,272,0,0.001,0.002
356,0.831,0.739,0.001,0.001,0.029,0,0,,0,,,,0,,,,,0,0,0,0,0,0,0,0,1,0,1,0,1,2,0,0,0,0,0,0,272,0,0,0.004
357,2.849,2.742,0.001,0.002,0.036,0,0,,0,,,,0,,,,,0,0,0,0,0,0,0,0,1,0,1,0,1,2,0,0,0,0,0,0,272,0.001,0.001,0.004
358,2.93,2.77,0,0.004,0.039,0,0,,0,,,,0,,,,,0,0,0,0,0,0,0,0,1,0,1,0,1,2,0,0,0,0,0,0,272,0,0.002,0.006
359,5.829,5.614,0.001,0.005,0.048,0,0,,0,,,,0,,,,,0,0,0,0,0,0,0,0,1,0,1,0,1,2,0,0,0,0,0,0,272,0,0.003,0.01
360,0.789,0.676,0,0.002,0.029,0,0,,1,156.25,229564416,286453760,1,62503872,62503872,135081984,38823561584,0,0,0,0,0,0,0,0,1,0,1,0,1,2,0,0,0,0,0,0,272,0,0,0.004
361,0.875,0.779,0.001,0.002,0.032,0,0,,0,,,,0,,,,,0,0,0,0,0,0,0,0,1,0,1,0,1,2,0,0,0,0,0,0,272,0,0.001,0.003
362,0.892,0.808,0,0.002,0.024,0,0,,0,,,,0,,,,,0,0,0,0,0,0,0,0,1,0,1,0,1,2,0,0,0,0,0,0,272,0,0.001,0.003
363,0.877,0.773,0.001,0.001,0.03,0,0,,0,,,,0,,,,,0,0,0,0,0,0,0,0,1,0,1,0,1,2,0,0,0,0,0,0,272,0,0.001,0.001
364,2.056,1.908,0.001,0.003,0.039,0,0,,0,,,,0,,,,,0,0,0,0,0,0,0,0,1,0,1,0,1,2,0,0,0,0,0,0,272,0,0.002,0.007
365,0.866,0.721,0.001,0.002,0.068,0,0,,0,,,,0,,,,,0,0,0,0,0,0,0,0,1,0,1,0,1,2,0,0,0,0,0,0,272,0,0.002,0.004
366,0.966,0.803,0.001,0.004,0.041,0,0,,0,,,,0,,,,,0,0,0,0,0,0,0,0,1,0,1,0,1,2,0,0,0,0,0,0,272,0,0.001,0.005
367,0.853,0.713,0,0.002,0.028,0,0,,0,,,,0,,,,,0,0,0,0,0,0,0,0,1,0,1,0,1,2,0,0,0,0,0,0,272,0,0.001,0.004
368,0.855,0.722,0,0.002,0.03,0,0,,0,,,,0,,,,,0,0,0,0,0,0,0,0,1,0,1,0,1,2,0,0,0,0,0,0,272,0,0.001,0.004
369,1.16,1.051,0,0.002,0.027,0,0,,0,,,,0,,,,,0,0,0,0,0,0,0,0,1,0,1,0,1,2,0,0,0,0,0,0,272,0,0.001,0.005
370,0.831,0.743,0.001,0.002,0.023,0,0,,0,,,,0,,,,,0,0,0,0,0,0,0,0,1,0,1,0,1,2,0,0,0,0,0,0,272,0,0.001,0.003
371,1.21,1.113,0,0.002,0.032,0,0,,0,,,,0,,,,,0,0,0,0,0,0,0,0,1,0,1,0,1,2,0,0,0,0,0,0,272,0.001,0.001,0.003
372,10.142,9.93,0.001,0.004,0.06,0,0,,0,,,,0,,,,,0,0,0,0,0,0,0,0,1,0,1,0,1,2,0,0,0,0,0,0,272,0.001,0.002,0.01
373,0.537,0.317,0.001,0.005,0.035,0,0,,0,,,,0,,,,,0,0,0,0,0,0,0,0,1,0,1,0,1,2,0,0,0,0,0,0,272,0.001,0.003,0.008
374,0.531,0.412,0.001,0.003,0.024,0,0,,0,,,,0,,,,,0,0,0,0,0,0,0,0,1,0,1,0,1,2,0,0,0,0,0,0,272,0,0.001,0.005
375,0.561,0.385,0,0.004,0.05,0,0,,0,,,,0,,,,,0,0,0,0,0,0,0,0,1,0,1,0,1,2,0,0,0,0,0,0,272,0,0.001,0.006
376,0.814,0.622,0,0.004,0.061,0,0,,0,,,,0,,,,,0,0,0,0,0,0,0,0,1,0,1,0,1,2,0,0,0,0,0,0,272,0,0.001,0.006
377,0.444,0.34,0,0.002,0.028,0,0,,0,,,,0,,,,,0,0,0,0,0,0,0,0,1,0,1,0,1,2,0,0,0,0,0,0,272,0,0.001,0.004
378,0.872,0.778,0,0.001,0.042,0,0,,0,,,,0,,,,,0,0,0,0,0,0,0,0,1,0,1,0,1,2,0,0,0,0,0,0,272,0,0,0.003
379,0.628,0.518,0,0.002,0.031,0,0,,0,,,,0,,,,,0,0,0,0,0,0,0,0,1,0,1,0,1,2,0,0,0,0,0,0,272,0,0,0.005
380,0.484,0.416,0,0.002,0.02,0,0,,0,,,,0,,,,,0,0,0,0,0,0,0,0,1,0,1,0,1,2,0,0,0,0,0,0,272,0,0,0.003
381,1.097,0.993,0.001,0.002,0.044,0,0,,0,,,,0,,,,,0,0,0,0,0,0,0,0,1,0,1,0,1,2,0,0,0,0,0,0,272,0,0.001,0.003
382,0.567,0.49,0,0.001,0.033,0,0,,0,,,,0,,,,,0,0,0,0,0,0,0,0,1,0,1,0,1,2,0,0,0,0,0,0,272,0.001,0,0.002
383,0.659,0.486,0.001,0.003,0.052,0,0,,0,,,,0,,,,,0,0,0,0,0,0,0,0,1,0,1,0,1,2,0,0,0,0,0,0,272,0,0.001,0.007
384,10.061,9.785,0.001,0.006,0.076,0,0,,0,,,,0,,,,,0,0,0,0,0,0,0,0,1,0,1,0,1,2,0,0,0,0,0,0,272,0,0.003,0.012
385,0.901,0.749,0.001,0.002,0.029,0,0,,0,,,,0,,,,,0,0,0,0,0,0,0,0,1,0,1,0,1,2,0,0,0,0,0,0,272,0,0.001,0.054
386,0.97,0.778,0.001,0.003,0.05,0,0,,0,,,,0,,,,,0,0,0,0,0,0,0,0,1,0,1,0,1,2,0,0,0,0,0,0,272,0,0.001,0.007
387,0.819,0.69,0,0.002,0.047,0,0,,0,,,,0,,,,,0,0,0,0,0,0,0,0,1,0,1,0,1,2,0,0,0,0,0,0,272,0,0.001,0.005
388,1.244,1.094,0,0.003,0.034,0,0,,0,,,,0,,,,,0,0,0,0,0,0,0,0,1,0,1,0,1,2,0,0,0,0,0,0,272,0,0.001,0.007
389,0.863,0.751,0,0.002,0.031,0,0,,0,,,,0,,,,,0,0,0,0,0,0,0,0,1,0,1,0,1,2,0,0,0,0,0,0,272,0.001,0.001,0.005
390,1.486,1.336,0.001,0.002,0.029,0,0,,1,171.875,229564416,286453760,1,62503872,62503872,135081984,38823561584,0,0,0,0,0,0,0,0,1,0,1,0,1,2,0,0,0,0,0,0,272,0,0.001,0.005
391,2.535,2.428,0.001,0.002,0.034,0,0,,0,,,,0,,,,,0,0,0,0,0,0,0,0,1,0,1,0,1,2,0,0,0,0,0,0,272,0,0.002,0.004
392,0.907,0.819,0,0.002,0.037,0,0,,0,,,,0,,,,,0,0,0,0,0,0,0,0,1,0,1,0,1,2,0,0,0,0,0,0,272,0,0,0.002
393,1.058,0.874,0,0.004,0.051,0,0,,0,,,,0,,,,,0,0,0,0,0,0,0,0,1,0,1,0,1,2,0,0,0,0,0,0,272,0.001,0.002,0.008
394,0.877,0.714,0.001,0.003,0.035,0,0,,0,,,,0,,,,,0,0,0,0,0,0,0,0,1,0,1,0,1,2,0,0,0,0,0,0,272,0,0.001,0.005
395,0.868,0.756,0,0.002,0.043,0,0,,0,,,,0,,,,,0,0,0,0,0,0,0,0,1,0,1,0,1,2,0,0,0,0,0,0,272,0.001,0,0.003
396,1.188,1.065,0,0.002,0.042,0,0,,0,,,,0,,,,,0,0,0,0,0,0,0,0,1,0,1,0,1,2,0,0,0,0,0,0,272,0,0.001,0.004
397,0.971,0.885,0,0.002,0.038,0,0,,0,,,,0,,,,,0,0,0,0,0,0,0,0,1,0,1,0,1,2,0,0,0,0,0,0,272,0,0,0.003
398,0.93,0.856,0.001,0.001,0.041,0,0,,0,,,,0,,,,,0,0,0,0,0,0,0,0,1,0,1,0,1,2,0,0,0,0,0,0,272,0,0,0.003
399,1.175,0.899,0.001,0.003,0.099,0,0,,0,,,,0,,,,,0,0,0,0,0,0,0,0,1,0,1,0,1,2,0,0,0,0,0,0,272,0,0.001,0.006
400,0.583,0.436,0.001,0.002,0.074,0,0,,0,,,,0,,,,,0,0,0,0,0,0,0,0,1,0,1,0,1,2,0,0,0,0,0,0,272,0,0.001,0.004
401,0.558,0.461,0,0.002,0.028,0,0,,0,,,,0,,,,,0,0,0,0,0,0,0,0,1,0,1,0,1,2,0,0,0,0,0,0,272,0,0.001,0.004
402,0.45,0.36,0,0.002,0.026,0,0,,0,,,,0,,,,,0,0,0,0,0,0,0,0,1,0,1,0,1,2,0,0,0,0,0,0,272,0,0.001,0.003
403,0.822,0.734,0,0.002,0.029,0,0,,0,,,,0,,,,,0,0,0,0,0,0,0,0,1,0,1,0,1,2,0,0,0,0,0,0,272,0,0.001,0.003
404,0.662,0.598,0,0.002,0.02,0,0,,0,,,,0,,,,,0,0,0,0,0,0,0,0,1,0,1,0,1,2,0,0,0,0,0,0,272,0,0,0.003
405,1.142,1,0,0.003,0.043,0,0,,0,,,,0,,,,,0,0,0,0,0,0,0,0,1,0,1,0,1,2,0,0,0,0,0,0,272,0.001,0.001,0.006
406,0.652,0.493,0,0.003,0.053,0,0,,0,,,,0,,,,,0,0,0,0,0,0,0,0,1,0,1,0,1,2,0,0,0,0,0,0,272,0,0.001,0.004
407,0.6,0.467,0,0.001,0.056,0,0,,0,,,,0,,,,,0,0,0,0,0,0,0,0,1,0,1,0,1,2,0,0,0,0,0,0,272,0,0,0.004
408,0.596,0.5,0,0.002,0.04,0,0,,0,,,,0,,,,,0,0,0,0,0,0,0,0,1,0,1,0,1,2,0,0,0,0,0,0,272,0,0,0.003
409,0.597,0.519,0,0.002,0.039,0,0,,0,,,,0,,,,,0,0,0,0,0,0,0,0,1,0,1,0,1,2,0,0,0,0,0,0,272,0,0.001,0.002
410,1.552,1.429,0.001,0.004,0.034,0,0,,0,,,,0,,,,,0,0,0,0,0,0,0,0,1,0,1,0,1,2,0,0,0,0,0,0,272,0,0.001,0.004
411,0.968,0.881,0.001,0.002,0.033,0,0,,0,,,,0,,,,,0,0,0,0,0,0,0,0,1,0,1,0,1,2,0,0,0,0,0,0,272,0,0,0.003
412,2.601,2.498,0.001,0.002,0.041,0,0,,0,,,,0,,,,,0,0,0,0,0,0,0,0,1,0,1,0,1,2,0,0,0,0,0,0,272,0,0.001,0.003
413,5.238,4.942,0,0.005,0.138,0,0,,0,,,,0,,,,,0,0,0,0,0,0,0,0,1,0,1,0,1,2,0,0,0,0,0,0,272,0,0.002,0.01
414,0.643,0.548,0,0.01,0.024,0,0,,0,,,,0,,,,,0,0,0,0,0,0,0,0,1,0,1,0,1,2,0,0,0,0,0,0,272,0,0.001,0.004
415,0.934,0.756,0,0.004,0.065,0,0,,0,,,,0,,,,,0,0,0,0,0,0,0,0,1,0,1,0,1,2,0,0,0,0,0,0,272,0,0.001,0.006
416,1.037,0.883,0,0.004,0.035,0,0,,0,,,,0,,,,,0,0,0,0,0,0,0,0,1,0,1,0,1,2,0,0,0,0,0,0,272,0,0.001,0.007
417,0.836,0.643,0.001,0.004,0.059,0,0,,0,,,,0,,,,,0,0,0,0,0,0,0,0,1,0,1,0,1,2,0,0,0,0,0,0,272,0,0.001,0.007
418,1.342,1.214,0,0.003,0.045,0,0,,0,,,,0,,,,,0,0,0,0,0,0,0,0,1,0,1,0,1,2,0,0,0,0,0,0,272,0,0.001,0.004
419,2.409,2.227,0,0.004,0.054,0,0,,0,,,,0,,,,,0,0,0,0,0,0,0,0,1,0,1,0,1,2,0,0,0,0,0,0,272,0,0.001,0.007
420,0.798,0.672,0,0.003,0.037,0,0,,1,187.5,229564416,286453760,1,62503872,62503872,135081984,38823561584,0,0,0,0,0,0,0,0,1,0,1,0,1,2,0,0,0,0,0,0,272,0,0,0.004
421,0.78,0.676,0,0.002,0.035,0,0,,0,,,,0,,,,,0,0,0,0,0,0,0,0,1,0,1,0,1,2,0,0,0,0,0,0,272,0,0.001,0.003
422,0.91,0.811,0.001,0.002,0.028,0,0,,0,,,,0,,,,,0,0,0,0,0,0,0,0,1,0,1,0,1,2,0,0,0,0,0,0,272,0,0,0.003
423,0.612,0.564,0,0.001,0.017,0,0,,0,,,,0,,,,,0,0,0,0,0,0,0,0,1,0,1,0,1,2,0,0,0,0,0,0,272,0,0,0.002
424,0.957,0.812,0,0.002,0.042,0,0,,0,,,,0,,,,,0,0,0,0,0,0,0,0,1,0,1,0,1,2,0,0,0,0,0,0,272,0,0.001,0.005
425,0.765,0.679,0,0.001,0.036,0,0,,0,,,,0,,,,,0,0,0,0,0,0,0,0,1,0,1,0,1,2,0,0,0,0,0,0,272,0,0,0.003
426,1.45,1.291,0.001,0.003,0.046,0,0,,0,,,,0,,,,,0,0,0,0,0,0,0,0,1,0,1,0,1,2,0,0,0,0,0,0,272,0.001,0.001,0.006
427,0.704,0.603,0,0.002,0.041,0,0,,0,,,,0,,,,,0,0,0,0,0,0,0,0,1,0,1,0,1,2,0,0,0,0,0,0,272,0,0,0.002
428,0.824,0.721,0,0.002,0.05,0,0,,0,,,,0,,,,,0,0,0,0,0,0,0,0,1,0,1,0,1,2,0,0,0,0,0,0,272,0,0,0.003
429,0.829,0.719,0,0.002,0.043,0,0,,0,,,,0,,,,,0,0,0,0,0,0,0,0,1,0,1,0,1,2,0,0,0,0,0,0,272,0,0,0.004
430,0.858,0.705,0,0.003,0.06,0,0,,0,,,,0,,,,,0,0,0,0,0,0,0,0,1,0,1,0,1,2,0,0,0,0,0,0,272,0,0.002,0.005
431,0.958,0.802,0,0.003,0.04,0,0,,0,,,,0,,,,,0,0,0,0,0,0,0,0,1,0,1,0,1,2,0,0,0,0,0,0,272,0.001,0.001,0.006
432,0.977,0.871,0.001,0.002,0.027,0,0,,0,,,,0,,,,,0,0,0,0,0,0,0,0,1,0,1,0,1,2,0,0,0,0,0,0,272,0,0.001,0.004
433,0.723,0.663,0.001,0.001,0.021,0,0,,0,,,,0,,,,,0,0,0,0,0,0,0,0,1,0,1,0,1,2,0,0,0,0,0,0,272,0,0,0.002
434,1.411,1.322,0,0.001,0.037,0,0,,0,,,,0,,,,,0,0,0,0,0,0,0,0,1,0,1,0,1,2,0,0,0,0,0,0,272,0,0,0.003
435,0.951,0.766,0.001,0.003,0.063,0,0,,0,,,,0,,,,,0,0,0,0,0,0,0,0,1,0,1,0,1,2,0,0,0,0,0,0,272,0.001,0.002,0.006
436,4.606,4.441,0,0.005,0.055,0,0,,0,,,,0,,,,,0,0,0,0,0,0,0,0,1,0,1,0,1,2,0,0,0,0,0,0,272,0.001,0.001,0.006
437,5.7,5.485,0,0.005,0.049,0,0,,0,,,,0,,,,,0,0,0,0,0,0,0,0,1,0,1,0,1,2,0,0,0,0,0,0,272,0,0.002,0.009
438,4.057,3.799,0.001,0.006,0.047,0,0,,0,,,,0,,,,,0,0,0,0,0,0,0,0,1,0,1,0,1,2,0,0,0,0,0,0,272,0.001,0.003,0.01
439,12.465,12.207,0,0.006,0.069,0,0,,0,,,,0,,,,,0,0,0,0,0,0,0,0,1,0,1,0,1,2,0,0,0,0,0,0,272,0.001,0.002,0.011
440,3.883,3.593,0.001,0.008,0.081,0,0,,0,,,,0,,,,,0,0,0,0,0,0,0,0,1,0,1,0,1,2,0,0,0,0,0,0,272,0.001,0.003,0.013
441,18.797,18.58,0.001,0.007,0.035,0,0,,0,,,,0,,,,,0,0,0,0,0,0,0,0,1,0,1,0,1,2,0,0,0,0,0,0,272,0.001,0.002,0.011
442,10.026,9.851,0,0.011,0.05,0,0,,0,,,,0,,,,,0,0,0,0,0,0,0,0,1,0,1,0,1,2,0,0,0,0,0,0,272,0.001,0.002,0.009
443,0.924,0.725,0.001,0.006,0.046,0,0,,0,,,,0,,,,,0,0,0,0,0,0,0,0,1,0,1,0,1,2,0,0,0,0,0,0,272,0.001,0.001,0.007
444,0.867,0.741,0.001,0.012,0.048,0,0,,0,,,,0,,,,,0,0,0,0,0,0,0,0,1,0,1,0,1,2,0,0,0,0,0,0,272,0,0.001,0.005
445,0.839,0.758,0,0.002,0.021,0,0,,0,,,,0,,,,,0,0,0,0,0,0,0,0,1,0,1,0,1,2,0,0,0,0,0,0,272,0,0,0.004
446,0.853,0.76,0,0.002,0.023,0,0,,0,,,,0,,,,,0,0,0,0,0,0,0,0,1,0,1,0,1,2,0,0,0,0,0,0,272,0,0.001,0.004
447,1.588,1.481,0.001,0.002,0.029,0,0,,0,,,,0,,,,,0,0,0,0,0,0,0,0,1,0,1,0,1,2,0,0,0,0,0,0,272,0,0,0.003
448,1.563,1.422,0,0.003,0.04,0,0,,0,,,,0,,,,,0,0,0,0,0,0,0,0,1,0,1,0,1,2,0,0,0,0,0,0,272,0,0.001,0.005
449,1.329,1.21,0,0.002,0.051,0,0,,0,,,,0,,,,,0,0,0,0,0,0,0,0,1,0,1,0,1,2,0,0,0,0,0,0,272,0,0,0.004
450,0.892,0.813,0,0.001,0.036,0,0,,1,203.125,229564416,286453760,1,62503872,62503872,135081984,38823561584,0,0,0,0,0,0,0,0,1,0,1,0,1,2,0,0,0,0,0,0,272,0.001,0,0.003
451,0.937,0.824,0,0.002,0.053,0,0,,0,,,,0,,,,,0,0,0,0,0,0,0,0,1,0,1,0,1,2,0,0,0,0,0,0,272,0,0,0.003
452,0.923,0.817,0,0.001,0.051,0,0,,0,,,,0,,,,,0,0,0,0,0,0,0,0,1,0,1,0,1,2,0,0,0,0,0,0,272,0.001,0,0.003
453,0.893,0.807,0,0.001,0.033,0,0,,0,,,,0,,,,,0,0,0,0,0,0,0,0,1,0,1,0,1,2,0,0,0,0,0,0,272,0,0.001,0.002
454,3.336,3.229,0,0.002,0.045,0,0,,0,,,,0,,,,,0,0,0,0,0,0,0,0,1,0,1,0,1,2,0,0,0,0,0,0,272,0,0,0.004
455,3.818,3.578,0.001,0.004,0.057,0,0,,0,,,,0,,,,,0,0,0,0,0,0,0,0,1,0,1,0,1,2,0,0,0,0,0,0,272,0,0.001,0.006
456,1.173,1.095,0,0.001,0.027,0,0,,0,,,,0,,,,,0,0,0,0,0,0,0,0,1,0,1,0,1,2,0,0,0,0,0,0,272,0,0.001,0.002
457,1.049,0.893,0,0.003,0.042,0,0,,0,,,,0,,,,,0,0,0,0,0,0,0,0,1,0,1,0,1,2,0,0,0,0,0,0,272,0,0.001,0.005
458,0.731,0.603,0,0.003,0.032,0,0,,0,,,,0,,,,,0,0,0,0,0,0,0,0,1,0,1,0,1,2,0,0,0,0,0,0,272,0.001,0.001,0.005
459,2.09,1.979,0,0.002,0.051,0,0,,0,,,,0,,,,,0,0,0,0,0,0,0,0,1,0,1,0,1,2,0,0,0,0,0,0,272,0,0,0.003
460,0.77,0.673,0,0.001,0.037,0,0,,0,,,,0,,,,,0,0,0,0,0,0,0,0,1,0,1,0,1,2,0,0,0,0,0,0,272,0.001,0,0.003
461,0.816,0.671,0,0.003,0.049,0,0,,0,,,,0,,,,,0,0,0,0,0,0,0,0,1,0,1,0,1,2,0,0,0,0,0,0,272,0.001,0.001,0.004
462,0.761,0.648,0,0.002,0.038,0,0,,0,,,,0,,,,,0,0,0,0,0,0,0,0,1,0,1,0,1,2,0,0,0,0,0,0,272,0.001,0,0.003
463,0.757,0.649,0.001,0.002,0.039,0,0,,0,,,,0,,,,,0,0,0,0,0,0,0,0,1,0,1,0,1,2,0,0,0,0,0,0,272,0,0.001,0.004
464,1.056,0.873,0,0.003,0.056,0,0,,0,,,,0,,,,,0,0,0,0,0,0,0,0,1,0,1,0,1,2,0,0,0,0,0,0,272,0,0.002,0.006
465,0.414,0.35,0,0.002,0.021,0,0,,0,,,,0,,,,,0,0,0,0,0,0,0,0,1,0,1,0,1,2,0,0,0,0,0,0,272,0,0.001,0.002
466,0.812,0.696,0.001,0.001,0.048,0,0,,0,,,,0,,,,,0,0,0,0,0,0,0,0,1,0,1,0,1,2,0,0,0,0,0,0,272,0,0,0.003
467,0.725,0.654,0,0.001,0.028,0,0,,0,,,,0,,,,,0,0,0,0,0,0,0,0,1,0,1,0,1,2,0,0,0,0,0,0,272,0.001,0,0.002
468,0.915,0.731,0.001,0.003,0.062,0,0,,0,,,,0,,,,,0,0,0,0,0,0,0,0,1,0,1,0,1,2,0,0,0,0,0,0,272,0.001,0.001,0.006
469,0.629,0.529,0,0.001,0.043,0,0,,0,,,,0,,,,,0,0,0,0,0,0,0,0,1,0,1,0,1,2,0,0,0,0,0,0,272,0.001,0,0.003
470,0.711,0.655,0,0.001,0.031,0,0,,0,,,,0,,,,,0,0,0,0,0,0,0,0,1,0,1,0,1,2,0,0,0,0,0,0,272,0,0,0.002
471,0.759,0.713,0,0,0.025,0,0,,0,,,,0,,,,,0,0,0,0,0,0,0,0,1,0,1,0,1,2,0,0,0,0,0,0,272,0.001,0,0.001
472,1.028,0.875,0.001,0.002,0.026,0,0,,0,,,,0,,,,,0,0,0,0,0,0,0,0,1,0,1,0,1,2,0,0,0,0,0,0,272,0.001,0.001,0.005
473,0.507,0.425,0,0.002,0.027,0,0,,0,,,,0,,,,,0,0,0,0,0,0,0,0,1,0,1,0,1,2,0,0,0,0,0,0,272,0,0.001,0.003
474,1.511,1.367,0,0.002,0.071,0,0,,0,,,,0,,,,,0,0,0,0,0,0,0,0,1,0,1,0,1,2,0,0,0,0,0,0,272,0,0.001,0.004
475,0.714,0.598,0,0.002,0.035,0,0,,0,,,,0,,,,,0,0,0,0,0,0,0,0,1,0,1,0,1,2,0,0,0,0,0,0,272,0,0.001,0.004
476,2.024,1.934,0,0.003,0.024,0,0,,0,,,,0,,,,,0,0,0,0,0,0,0,0,1,0,1,0,1,2,0,0,0,0,0,0,272,0,0,0.004
477,6.105,5.964,0,0.003,0.047,0,0,,0,,,,0,,,,,0,0,0,0,0,0,0,0,1,0,1,0,1,2,0,0,0,0,0,0,272,0.001,0.001,0.004
478,0.861,0.772,0,0.001,0.033,0,0,,0,,,,0,,,,,0,0,0,0,0,0,0,0,1,0,1,0,1,2,0,0,0,0,0,0,272,0,0,0.003
479,0.899,0.821,0,0.001,0.032,0,0,,0,,,,0,,,,,0,0,0,0,0,0,0,0,1,0,1,0,1,2,0,0,0,0,0,0,272,0,0.001,0.002
480,0.928,0.87,0,0.001,0.027,0,0,,1,218.75,229564416,286453760,1,62503872,62503872,135081984,38823561584,0,0,0,0,0,0,0,0,1,0,1,0,1,2,0,0,0,0,0,0,272,0,0,0.001
481,0.888,0.824,0,0.001,0.032,0,0,,0,,,,0,,,,,0,0,0,0,0,0,0,0,1,0,1,0,1,2,0,0,0,0,0,0,272,0,0,0.002
482,0.953,0.807,0,0.004,0.051,0,0,,0,,,,0,,,,,0,0,0,0,0,0,0,0,1,0,1,0,1,2,0,0,0,0,0,0,272,0,0.001,0.004
483,0.85,0.693,0,0.012,0.056,0,0,,0,,,,0,,,,,0,0,0,0,0,0,0,0,1,0,1,0,1,2,0,0,0,0,0,0,272,0,0.001,0.005
484,0.791,0.66,0,0.002,0.042,0,0,,0,,,,0,,,,,0,0,0,0,0,0,0,0,1,0,1,0,1,2,0,0,0,0,0,0,272,0,0.001,0.005
485,1.077,0.746,0,0.003,0.259,0,0,,0,,,,0,,,,,0,0,0,0,0,0,0,0,1,0,1,0,1,2,0,0,0,0,0,0,272,0,0.001,0.004
486,0.755,0.395,0,0.004,0.18,0,0,,0,,,,0,,,,,0,0,0,0,0,0,0,0,1,0,1,0,1,2,0,0,0,0,0,0,272,0.001,0.001,0.008
487,0.96,0.786,0.001,0.004,0.063,0,0,,0,,,,0,,,,,0,0,0,0,0,0,0,0,1,0,1,0,1,2,0,0,0,0,0,0,272,0,0.001,0.006
488,0.743,0.566,0.001,0.003,0.061,0,0,,0,,,,0,,,,,0,0,0,0,0,0,0,0,1,0,1,0,1,2,0,0,0,0,0,0,272,0,0.001,0.006
489,0.829,0.65,0,0.003,0.063,0,0,,0,,,,0,,,,,0,0,0,0,0,0,0,0,1,0,1,0,1,2,0,0,0,0,0,0,272,0.001,0.001,0.006
490,0.732,0.594,0.001,0.003,0.046,0,0,,0,,,,0,,,,,0,0,0,0,0,0,0,0,1,0,1,0,1,2,0,0,0,0,0,0,272,0,0.001,0.004
491,0.845,0.699,0,0.003,0.064,0,0,,0,,,,0,,,,,0,0,0,0,0,0,0,0,1,0,1,0,1,2,0,0,0,0,0,0,272,0,0,0.004
492,1.794,1.658,0,0.002,0.047,0,0,,0,,,,0,,,,,0,0,0,0,0,0,0,0,1,0,1,0,1,2,0,0,0,0,0,0,272,0,0.001,0.004
493,0.821,0.685,0,0.003,0.039,0,0,,0,,,,0,,,,,0,0,0,0,0,0,0,0,1,0,1,0,1,2,0,0,0,0,0,0,272,0,0.001,0.004
494,0.811,0.685,0.001,0.002,0.033,0,0,,0,,,,0,,,,,0,0,0,0,0,0,0,0,1,0,1,0,1,2,0,0,0,0,0,0,272,0,0.001,0.004
495,0.941,0.785,0,0.003,0.058,0,0,,0,,,,0,,,,,0,0,0,0,0,0,0,0,1,0,1,0,1,2,0,0,0,0,0,0,272,0.001,0.001,0.005
496,0.687,0.494,0,0.004,0.06,0,0,,0,,,,0,,,,,0,0,0,0,0,0,0,0,1,0,1,0,1,2,0,0,0,0,0,0,272,0,0.001,0.007
497,0.975,0.823,0,0.003,0.055,0,0,,0,,,,0,,,,,0,0,0,0,0,0,0,0,1,0,1,0,1,2,0,0,0,0,0,0,272,0.001,0.001,0.005
498,0.478,0.362,0,0.002,0.035,0,0,,0,,,,0,,,,,0,0,0,0,0,0,0,0,1,0,1,0,1,2,0,0,0,0,0,0,272,0.001,0.001,0.004
499,1.004,0.806,0,0.004,0.074,0,0,,0,,,,0,,,,,0,0,0,0,0,0,0,0,1,0,1,0,1,2,0,0,0,0,0,0,272,0.001,0.001,0.006
500,0.721,0.586,0,0.002,0.064,0,0,,0,,,,0,,,,,0,0,0,0,0,0,0,0,1,0,1,0,1,2,0,0,0,0,0,0,272,0.001,0,0.004
501,2.51,2.349,0,0.003,0.052,0,0,,0,,,,0,,,,,0,0,0,0,0,0,0,0,1,0,1,0,1,2,0,0,0,0,0,0,272,0.001,0.001,0.005
502,3.16,3.014,0,0.004,0.042,0,0,,0,,,,0,,,,,0,0,0,0,0,0,0,0,1,0,1,0,1,2,0,0,0,0,0,0,272,0,0.001,0.007
503,3.95,3.765,0,0.004,0.046,0,0,,0,,,,0,,,,,0,0,0,0,0,0,0,0,1,0,1,0,1,2,0,0,0,0,0,0,272,0,0.002,0.008
504,2.049,1.912,0,0.003,0.051,0,0,,0,,,,0,,,,,0,0,0,0,0,0,0,0,1,0,1,0,1,2,0,0,0,0,0,0,272,0.001,0.001,0.005
505,0.939,0.757,0,0.004,0.059,0,0,,0,,,,0,,,,,0,0,0,0,0,0,0,0,1,0,1,0,1,2,0,0,0,0,0,0,272,0.001,0.002,0.008
506,0.797,0.712,0,0.002,0.033,0,0,,0,,,,0,,,,,0,0,0,0,0,0,0,0,1,0,1,0,1,2,0,0,0,0,0,0,272,0,0.001,0.002
507,0.997,0.834,0,0.003,0.056,0,0,,0,,,,0,,,,,0,0,0,0,0,0,0,0,1,0,1,0,1,2,0,0,0,0,0,0,272,0,0.001,0.005
508,0.915,0.751,0,0.004,0.051,0,0,,0,,,,0,,,,,0,0,0,0,0,0,0,0,1,0,1,0,1,2,0,0,0,0,0,0,272,0,0.001,0.004
509,0.799,0.708,0.001,0.001,0.04,0,0,,0,,,,0,,,,,0,0,0,0,0,0,0,0,1,0,1,0,1,2,0,0,0,0,0,0,272,0,0.001,0.002
510,0.937,0.835,0,0.002,0.03,0,0,,1,234.375,229564416,286453760,1,62503872,62503872,135081984,38823561584,0,0,0,0,0,0,0,0,1,0,1,0,1,2,0,0,0,0,0,0,272,0.001,0,0.002
511,0.737,0.439,0,0.003,0.201,0,0,,0,,,,0,,,,,0,0,0,0,0,0,0,0,1,0,1,0,1,2,0,0,0,0,0,0,272,0,0.002,0.005
512,0.878,0.684,0.001,0.004,0.049,0,0,,0,,,,0,,,,,0,0,0,0,0,0,0,0,1,0,1,0,1,2,0,0,0,0,0,0,272,0,0.001,0.007
513,0.971,0.864,0,0.002,0.038,0,0,,0,,,,0,,,,,0,0,0,0,0,0,0,0,1,0,1,0,1,2,0,0,0,0,0,0,272,0,0.001,0.004
514,1.171,1.082,0,0.002,0.03,0,0,,0,,,,0,,,,,0,0,0,0,0,0,0,0,1,0,1,0,1,2,0,0,0,0,0,0,272,0,0.001,0.003
515,1.087,0.924,0.001,0.003,0.042,0,0,,0,,,,0,,,,,0,0,0,0,0,0,0,0,1,0,1,0,1,2,0,0,0,0,0,0,272,0,0.001,0.006
516,1.443,1.337,0.001,0.002,0.031,0,0,,0,,,,0,,,,,0,0,0,0,0,0,0,0,1,0,1,0,1,2,0,0,0,0,0,0,272,0,0.001,0.004
517,1.082,0.996,0,0.002,0.018,0,0,,0,,,,0,,,,,0,0,0,0,0,0,0,0,1,0,1,0,1,2,0,0,0,0,0,0,272,0,0.001,0.003
518,1.732,1.608,0.001,0.002,0.047,0,0,,0,,,,0,,,,,0,0,0,0,0,0,0,0,1,0,1,0,1,2,0,0,0,0,0,0,272,0,0.001,0.004
519,0.625,0.593,0,0.001,0.014,0,0,,0,,,,0,,,,,0,0,0,0,0,0,0,0,1,0,1,0,1,2,0,0,0,0,0,0,272,0,0,0.001
520,0.514,0.472,0,0.001,0.015,0,0,,0,,,,0,,,,,0,0,0,0,0,0,0,0,1,0,1,0,1,2,0,0,0,0,0,0,272,0,0.001,0.001
521,0.638,0.495,0,0.003,0.043,0,0,,0,,,,0,,,,,0,0,0,0,0,0,0,0,1,0,1,0,1,2,0,0,0,0,0,0,272,0,0.001,0.005
522,0.396,0.3,0,0.002,0.044,0,0,,0,,,,0,,,,,0,0,0,0,0,0,0,0,1,0,1,0,1,2,0,0,0,0,0,0,272,0.001,0,0.004
523,0.442,0.381,0,0,0.033,0,0,,0,,,,0,,,,,0,0,0,0,0,0,0,0,1,0,1,0,1,2,0,0,0,0,0,0,272,0,0,0.001
524,0.491,0.437,0,0.001,0.026,0,0,,0,,,,0,,,,,0,0,0,0,0,0,0,0,1,0,1,0,1,2,0,0,0,0,0,0,272,0,0,0.002
525,0.604,0.455,0,0.004,0.055,0,0,,0,,,,0,,,,,0,0,0,0,0,0,0,0,1,0,1,0,1,2,0,0,0,0,0,0,272,0,0.001,0.005
526,0.561,0.305,0.001,0.002,0.16,0,0,,0,,,,0,,,,,0,0,0,0,0,0,0,0,1,0,1,0,1,2,0,0,0,0,0,0,272,0,0,0.004
527,0.31,0.212,0,0.003,0.031,0,0,,0,,,,0,,,,,0,0,0,0,0,0,0,0,1,0,1,0,1,2,0,0,0,0,0,0,272,0,0.001,0.004
528,0.485,0.408,0,0.001,0.033,0,0,,0,,,,0,,,,,0,0,0,0,0,0,0,0,1,0,1,0,1,2,0,0,0,0,0,0,272,0,0.001,0.002
529,0.484,0.414,0.001,0,0.035,0,0,,0,,,,0,,,,,0,0,0,0,0,0,0,0,1,0,1,0,1,2,0,0,0,0,0,0,272,0,0,0.002
530,0.492,0.43,0,0.001,0.033,0,0,,0,,,,0,,,,,0,0,0,0,0,0,0,0,1,0,1,0,1,2,0,0,0,0,0,0,272,0,0,0.002
531,0.622,0.457,0.001,0.002,0.072,0,0,,0,,,,0,,,,,0,0,0,0,0,0,0,0,1,0,1,0,1,2,0,0,0,0,0,0,272,0,0.001,0.005
532,0.475,0.278,0,0.001,0.087,0,0,,0,,,,0,,,,,0,0,0,0,0,0,0,0,1,0,1,0,1,2,0,0,0,0,0,0,272,0,0.001,0.003
533,0.472,0.338,0.001,0.002,0.048,0,0,,0,,,,0,,,,,0,0,0,0,0,0,0,0,1,0,1,0,1,2,0,0,0,0,0,0,272,0,0.001,0.004
534,0.613,0.321,0,0.004,0.179,0,0,,0,,,,0,,,,,0,0,0,0,0,0,0,0,1,0,1,0,1,2,0,0,0,0,0,0,272,0.001,0.001,0.006
535,0.466,0.287,0,0.003,0.054,0,0,,0,,,,0,,,,,0,0,0,0,0,0,0,0,1,0,1,0,1,2,0,0,0,0,0,0,272,0,0.001,0.005
536,0.4,0.275,0,0.002,0.072,0,0,,0,,,,0,,,,,0,0,0,0,0,0,0,0,1,0,1,0,1,2,0,0,0,0,0,0,272,0,0,0.003
537,0.382,0.202,0,0.003,0.055,0,0,,0,,,,0,,,,,0,0,0,0,0,0,0,0,1,0,1,0,1,2,0,0,0,0,0,0,272,0,0.001,0.004
538,0.752,0.598,0,0.003,0.045,0,0,,0,,,,0,,,,,0,0,0,0,0,0,0,0,1,0,1,0,1,2,0,0,0,0,0,0,272,0,0.002,0.005
539,0.534,0.356,0,0.003,0.075,0,0,,0,,,,0,,,,,0,0,0,0,0,0,0,0,1,0,1,0,1,2,0,0,0,0,0,0,272,0,0.001,0.005
540,0.497,0.363,0,0.003,0.039,0,0,,1,250,229564416,286453760,1,62503872,62503872,135081984,38823561584,0,0,0,0,0,0,0,0,1,0,1,0,1,2,0,0,0,0,0,0,272,0,0.001,0.004
541,0.397,0.254,0,0.002,0.077,0,0,,0,,,,0,,,,,0,0,0,0,0,0,0,0,1,0,1,0,1,2,0,0,0,0,0,0,272,0,0,0.004
542,0.596,0.393,0,0.005,0.057,0,0,,0,,,,0,,,,,0,0,0,0,0,0,0,0,1,0,1,0,1,2,0,0,0,0,0,0,272,0,0.001,0.007
543,0.407,0.29,0,0.002,0.038,0,0,,0,,,,0,,,,,0,0,0,0,0,0,0,0,1,0,1,0,1,2,0,0,0,0,0,0,272,0.001,0.001,0.004
544,0.74,0.351,0,0.003,0.242,0,0,,0,,,,0,,,,,0,0,0,0,0,0,0,0,1,0,1,0,1,2,0,0,0,0,0,0,272,0,0.002,0.006
545,0.587,0.461,0,0.003,0.042,0,0,,0,,,,0,,,,,0,0,0,0,0,0,0,0,1,0,1,0,1,2,0,0,0,0,0,0,272,0.001,0.001,0.004
546,0.438,0.232,0,0.02,0.076,0,0,,0,,,,0,,,,,0,0,0,0,0,0,0,0,1,0,1,0,1,2,0,0,0,0,0,0,272,0,0.001,0.006
547,0.42,0.248,0,0.002,0.044,0,0,,0,,,,0,,,,,0,0,0,0,0,0,0,0,1,0,1,0,1,2,0,0,0,0,0,0,272,0.001,0.001,0.004
548,0.549,0.341,0.001,0.003,0.082,0,0,,0,,,,0,,,,,0,0,0,0,0,0,0,0,1,0,1,0,1,2,0,0,0,0,0,0,272,0,0.001,0.005
549,0.532,0.177,0,0.002,0.26,0,0,,0,,,,0,,,,,0,0,0,0,0,0,0,0,1,0,1,0,1,2,0,0,0,0,0,0,272,0,0.001,0.005
550,0.331,0.093,0,0.002,0.172,0,0,,0,,,,0,,,,,0,0,0,0,0,0,0,0,1,0,1,0,1,2,0,0,0,0,0,0,272,0.001,0.001,0.004
551,0.487,0.272,0,0.002,0.123,0,0,,0,,,,0,,,,,0,0,0,0,0,0,0,0,1,0,1,0,1,2,0,0,0,0,0,0,272,0,0.001,0.004
552,1.062,0.883,0.001,0.003,0.073,0,0,,0,,,,0,,,,,0,0,0,0,0,0,0,0,1,0,1,0,1,2,0,0,0,0,0,0,272,0,0.001,0.005
553,0.591,0.38,0,0.003,0.104,0,0,,0,,,,0,,,,,0,0,0,0,0,0,0,0,1,0,1,0,1,2,0,0,0,0,0,0,272,0,0.001,0.005
554,0.591,0.395,0,0.003,0.068,0,0,,0,,,,0,,,,,0,0,0,0,0,0,0,0,1,0,1,0,1,2,0,0,0,0,0,0,272,0,0,0.004
555,0.495,0.353,0,0.002,0.048,0,0,,0,,,,0,,,,,0,0,0,0,0,0,0,0,1,0,1,0,1,2,0,0,0,0,0,0,272,0,0.001,0.004
556,0.568,0.459,0,0.001,0.05,0,0,,0,,,,0,,,,,0,0,0,0,0,0,0,0,1,0,1,0,1,2,0,0,0,0,0,0,272,0,0,0.003
557,0.579,0.484,0,0.001,0.044,0,0,,0,,,,0,,,,,0,0,0,0,0,0,0,0,1,0,1,0,1,2,0,0,0,0,0,0,272,0,0.001,0.002
558,0.72,0.52,0,0.002,0.102,0,0,,0,,,,0,,,,,0,0,0,0,0,0,0,0,1,0,1,0,1,2,0,0,0,0,0,0,272,0,0,0.004
559,0.511,0.329,0.001,0.002,0.078,0,0,,0,,,,0,,,,,0,0,0,0,0,0,0,0,1,0,1,0,1,2,0,0,0,0,0,0,272,0.001,0.001,0.004
560,0.461,0.38,0.001,0.002,0.029,0,0,,0,,,,0,,,,,0,0,0,0,0,0,0,0,1,0,1,0,1,2,0,0,0,0,0,0,272,0,0.001,0.002
561,0.775,0.549,0,0.004,0.113,0,0,,0,,,,0,,,,,0,0,0,0,0,0,0,0,1,0,1,0,1,2,0,0,0,0,0,0,272,0,0.001,0.006
562,0.494,0.32,0.001,0.003,0.063,0,0,,0,,,,0,,,,,0,0,0,0,0,0,0,0,1,0,1,0,1,2,0,0,0,0,0,0,272,0.001,0.001,0.005
563,0.657,0.405,0,0.004,0.11,0,0,,0,,,,0,,,,,0,0,0,0,0,0,0,0,1,0,1,0,1,2,0,0,0,0,0,0,272,0.001,0.001,0.007
564,0.481,0.289,0,0.004,0.057,0,0,,0,,,,0,,,,,0,0,0,0,0,0,0,0,1,0,1,0,1,2,0,0,0,0,0,0,272,0,0.002,0.006
565,0.618,0.361,0,0.003,0.162,0,0,,0,,,,0,,,,,0,0,0,0,0,0,0,0,1,0,1,0,1,2,0,0,0,0,0,0,272,0,0.002,0.005
566,0.458,0.324,0,0.003,0.038,0,0,,0,,,,0,,,,,0,0,0,0,0,0,0,0,1,0,1,0,1,2,0,0,0,0,0,0,272,0,0.001,0.004
567,0.726,0.644,0.001,0.001,0.03,0,0,,0,,,,0,,,,,0,0,0,0,0,0,0,0,1,0,1,0,1,2,0,0,0,0,0,0,272,0,0,0.003
568,0.605,0.488,0,0.003,0.047,0,0,,0,,,,0,,,,,0,0,0,0,0,0,0,0,1,0,1,0,1,2,0,0,0,0,0,0,272,0,0.001,0.003
569,0.596,0.463,0,0.003,0.044,0,0,,0,,,,0,,,,,0,0,0,0,0,0,0,0,1,0,1,0,1,2,0,0,0,0,0,0,272,0,0.001,0.004
570,0.465,0.399,0.001,0.001,0.023,0,0,,1,281.25,229629952,286453760,1,62503872,62503872,135081984,38823561584,0,0,0,0,0,0,0,0,1,0,1,0,1,2,0,0,0,0,0,0,272,0,0.001,0.002
571,0.597,0.523,0,0.002,0.023,0,0,,0,,,,0,,,,,0,0,0,0,0,0,0,0,1,0,1,0,1,2,0,0,0,0,0,0,272,0,0.001,0.003
572,0.666,0.511,0.001,0.003,0.046,0,0,,0,,,,0,,,,,0,0,0,0,0,0,0,0,1,0,1,0,1,2,0,0,0,0,0,0,272,0,0.001,0.006
573,1.338,1.159,0,0.004,0.06,0,0,,0,,,,0,,,,,0,0,0,0,0,0,0,0,1,0,1,0,1,2,0,0,0,0,0,0,272,0,0.001,0.006
574,0.593,0.383,0.001,0.003,0.086,0,0,,0,,,,0,,,,,0,0,0,0,0,0,0,0,1,0,1,0,1,2,0,0,0,0,0,0,272,0,0.001,0.006
575,0.58,0.357,0,0.003,0.085,0,0,,0,,,,0,,,,,0,0,0,0,0,0,0,0,1,0,1,0,1,2,0,0,0,0,0,0,272,0,0.001,0.004
576,0.532,0.302,0.001,0.002,0.159,0,0,,0,,,,0,,,,,0,0,0,0,0,0,0,0,1,0,1,0,1,2,0,0,0,0,0,0,272,0.001,0.001,0.004
577,1.163,0.954,0.001,0.003,0.087,0,0,,0,,,,0,,,,,0,0,0,0,0,0,0,0,1,0,1,0,1,2,0,0,0,0,0,0,272,0.001,0.001,0.006
578,0.568,0.364,0,0.002,0.129,0,0,,0,,,,0,,,,,0,0,0,0,0,0,0,0,1,0,1,0,1,2,0,0,0,0,0,0,272,0,0,0.004
579,0.456,0.337,0,0.003,0.04,0,0,,0,,,,0,,,,,0,0,0,0,0,0,0,0,1,0,1,0,1,2,0,0,0,0,0,0,272,0,0.001,0.004
580,0.565,0.457,0,0.002,0.043,0,0,,0,,,,0,,,,,0,0,0,0,0,0,0,0,1,0,1,0,1,2,0,0,0,0,0,0,272,0,0.001,0.003
581,0.754,0.474,0,0.004,0.098,0,0,,0,,,,0,,,,,0,0,0,0,0,0,0,0,1,0,1,0,1,2,0,0,0,0,0,0,272,0,0.001,0.005
582,0.602,0.254,0,0.002,0.267,0,0,,0,,,,0,,,,,0,0,0,0,0,0,0,0,1,0,1,0,1,2,0,0,0,0,0,0,272,0.001,0,0.003
583,0.425,0.056,0,0.004,0.255,0,0,,0,,,,0,,,,,0,0,0,0,0,0,0,0,1,0,1,0,1,2,0,0,0,0,0,0,272,0,0.001,0.005
584,0.376,0.169,0.001,0.002,0.141,0,0,,0,,,,0,,,,,0,0,0,0,0,0,0,0,1,0,1,0,1,2,0,0,0,0,0,0,272,0,0,0.004
585,0.571,0.415,0,0.003,0.048,0,0,,0,,,,0,,,,,0,0,0,0,0,0,0,0,1,0,1,0,1,2,0,0,0,0,0,0,272,0,0.001,0.005
586,0.481,0.302,0,0.002,0.077,0,0,,0,,,,0,,,,,0,0,0,0,0,0,0,0,1,0,1,0,1,2,0,0,0,0,0,0,272,0,0,0.004
587,0.429,0.317,0,0.001,0.048,0,0,,0,,,,0,,,,,0,0,0,0,0,0,0,0,1,0,1,0,1,2,0,0,0,0,0,0,272,0.001,0,0.003
588,0.517,0.39,0,0.001,0.059,0,0,,0,,,,0,,,,,0,0,0,0,0,0,0,0,1,0,1,0,1,2,0,0,0,0,0,0,272,0,0.001,0.003
589,0.526,0.389,0.001,0.003,0.06,0,0,,0,,,,0,,,,,0,0,0,0,0,0,0,0,1,0,1,0,1,2,0,0,0,0,0,0,272,0,0.001,0.004
590,0.585,0.309,0,0.004,0.166,0,0,,0,,,,0,,,,,0,0,0,0,0,0,0,0,1,0,1,0,1,2,0,0,0,0,0,0,272,0.001,0.002,0.006
591,0.766,0.625,0,0.003,0.049,0,0,,0,,,,0,,,,,0,0,0,0,0,0,0,0,1,0,1,0,1,2,0,0,0,0,0,0,272,0,0.001,0.004
592,0.887,0.776,0,0.002,0.039,0,0,,0,,,,0,,,,,0,0,0,0,0,0,0,0,1,0,1,0,1,2,0,0,0,0,0,0,272,0,0,0.005
593,0.852,0.773,0.001,0.001,0.03,0,0,,0,,,,0,,,,,0,0,0,0,0,0,0,0,1,0,1,0,1,2,0,0,0,0,0,0,272,0,0,0.003
594,1.263,1.118,0,0.003,0.057,0,0,,0,,,,0,,,,,0,0,0,0,0,0,0,0,1,0,1,0,1,2,0,0,0,0,0,0,272,0,0.001,0.005
595,1.604,1.458,0,0.003,0.051,0,0,,0,,,,0,,,,,0,0,0,0,0,0,0,0,1,0,1,0,1,2,0,0,0,0,0,0,272,0.001,0.001,0.005
596,0.895,0.761,0,0.002,0.05,0,0,,0,,,,0,,,,,0,0,0,0,0,0,0,0,1,0,1,0,1,2,0,0,0,0,0,0,272,0,0.001,0.004
597,0.92,0.793,0.001,0.002,0.035,0,0,,0,,,,0,,,,,0,0,0,0,0,0,0,0,1,0,1,0,1,2,0,0,0,0,0,0,272,0,0,0.004
598,0.827,0.742,0,0.002,0.029,0,0,,0,,,,0,,,,,0,0,0,0,0,0,0,0,1,0,1,0,1,2,0,0,0,0,0,0,272,0,0,0.003
599,1.764,1.621,0,0.003,0.048,0,0,,0,,,,0,,,,,0,0,0,0,0,0,0,0,1,0,1,0,1,2,0,0,0,0,0,0,272,0,0.001,0.005
600,0.895,0.769,0,0.003,0.048,0,0,,1,296.875,229629952,286453760,1,62503872,62503872,135081984,38823561584,0,0,0,0,0,0,0,0,1,0,1,0,1,2,0,0,0,0,0,0,272,0,0,0.004
601,0.926,0.7,0,0.004,0.068,0,0,,0,,,,0,,,,,0,0,0,0,0,0,0,0,1,0,1,0,1,2,0,0,0,0,0,0,272,0.001,0.002,0.008
602,0.905,0.721,0,0.003,0.063,0,0,,0,,,,0,,,,,0,0,0,0,0,0,0,0,1,0,1,0,1,2,0,0,0,0,0,0,272,0.001,0.001,0.006
603,0.839,0.722,0.001,0.002,0.04,0,0,,0,,,,0,,,,,0,0,0,0,0,0,0,0,1,0,1,0,1,2,0,0,0,0,0,0,272,0,0.001,0.004
604,0.921,0.803,0,0.002,0.046,0,0,,0,,,,0,,,,,0,0,0,0,0,0,0,0,1,0,1,0,1,2,0,0,0,0,0,0,272,0.001,0.001,0.003
605,2.744,2.561,0,0.004,0.062,0,0,,0,,,,0,,,,,0,0,0,0,0,0,0,0,1,0,1,0,1,2,0,0,0,0,0,0,272,0,0.001,0.006
606,4.156,3.91,0.001,0.004,0.089,0,0,,0,,,,0,,,,,0,0,0,0,0,0,0,0,1,0,1,0,1,2,0,0,0,0,0,0,272,0.001,0.002,0.009
607,10.398,10.196,0.001,0.004,0.047,0,0,,0,,,,0,,,,,0,0,0,0,0,0,0,0,1,0,1,0,1,2,0,0,0,0,0,0,272,0.001,0.002,0.01
608,0.973,0.738,0,0.003,0.074,0,0,,0,,,,0,,,,,0,0,0,0,0,0,0,0,1,0,1,0,1,2,0,0,0,0,0,0,272,0,0.001,0.008
609,0.768,0.638,0,0.003,0.045,0,0,,0,,,,0,,,,,0,0,0,0,0,0,0,0,1,0,1,0,1,2,0,0,0,0,0,0,272,0,0.001,0.005
610,0.944,0.804,0,0.003,0.039,0,0,,0,,,,0,,,,,0,0,0,0,0,0,0,0,1,0,1,0,1,2,0,0,0,0,0,0,272,0,0.001,0.005
611,0.919,0.746,0,0.003,0.046,0,0,,0,,,,0,,,,,0,0,0,0,0,0,0,0,1,0,1,0,1,2,0,0,0,0,0,0,272,0,0.001,0.005
612,1.165,1.039,0.001,0.003,0.041,0,0,,0,,,,0,,,,,0,0,0,0,0,0,0,0,1,0,1,0,1,2,0,0,0,0,0,0,272,0,0.001,0.005
613,0.938,0.848,0.001,0.001,0.028,0,0,,0,,,,0,,,,,0,0,0,0,0,0,0,0,1,0,1,0,1,2,0,0,0,0,0,0,272,0,0,0.004
614,1.557,1.426,0.001,0.003,0.032,0,0,,0,,,,0,,,,,0,0,0,0,0,0,0,0,1,0,1,0,1,2,0,0,0,0,0,0,272,0,0.001,0.006
615,1.644,1.557,0.001,0.001,0.037,0,0,,0,,,,0,,,,,0,0,0,0,0,0,0,0,1,0,1,0,1,2,0,0,0,0,0,0,272,0,0.001,0.002
616,0.995,0.913,0.001,0.001,0.034,0,0,,0,,,,0,,,,,0,0,0,0,0,0,0,0,1,0,1,0,1,2,0,0,0,0,0,0,272,0,0.001,0.002
617,0.934,0.858,0,0.001,0.035,0,0,,0,,,,0,,,,,0,0,0,0,0,0,0,0,1,0,1,0,1,2,0,0,0,0,0,0,272,0,0,0.002
618,1.047,0.886,0.001,0.003,0.047,0,0,,0,,,,0,,,,,0,0,0,0,0,0,0,0,1,0,1,0,1,2,0,0,0,0,0,0,272,0,0.001,0.005
619,0.905,0.766,0,0.003,0.045,0,0,,0,,,,0,,,,,0,0,0,0,0,0,0,0,1,0,1,0,1,2,0,0,0,0,0,0,272,0,0.001,0.005
620,0.93,0.801,0,0.003,0.044,0,0,,0,,,,0,,,,,0,0,0,0,0,0,0,0,1,0,1,0,1,2,0,0,0,0,0,0,272,0,0,0.005
621,0.923,0.811,0,0.003,0.032,0,0,,0,,,,0,,,,,0,0,0,0,0,0,0,0,1,0,1,0,1,2,0,0,0,0,0,0,272,0,0.001,0.005
622,0.912,0.835,0,0.002,0.028,0,0,,0,,,,0,,,,,0,0,0,0,0,0,0,0,1,0,1,0,1,2,0,0,0,0,0,0,272,0,0,0.003
623,0.931,0.873,0,0.001,0.026,0,0,,0,,,,0,,,,,0,0,0,0,0,0,0,0,1,0,1,0,1,2,0,0,0,0,0,0,272,0.001,0,0.002
624,1.11,0.923,0.001,0.004,0.052,0,0,,0,,,,0,,,,,0,0,0,0,0,0,0,0,1,0,1,0,1,2,0,0,0,0,0,0,272,0.001,0.002,0.006
625,0.861,0.746,0,0.003,0.028,0,0,,0,,,,0,,,,,0,0,0,0,0,0,0,0,1,0,1,0,1,2,0,0,0,0,0,0,272,0,0,0.004
626,1.66,1.549,0,0.002,0.033,0,0,,0,,,,0,,,,,0,0,0,0,0,0,0,0,1,0,1,0,1,2,0,0,0,0,0,0,272,0,0,0.004
627,1.201,1.011,0,0.002,0.098,0,0,,0,,,,0,,,,,0,0,0,0,0,0,0,0,1,0,1,0,1,2,0,0,0,0,0,0,272,0,0.001,0.004
628,0.898,0.756,0,0.003,0.038,0,0,,0,,,,0,,,,,0,0,0,0,0,0,0,0,1,0,1,0,1,2,0,0,0,0,0,0,272,0,0.001,0.005
629,1.663,1.556,0,0.002,0.028,0,0,,0,,,,0,,,,,0,0,0,0,0,0,0,0,1,0,1,0,1,2,0,0,0,0,0,0,272,0.001,0.001,0.004
630,1.84,1.697,0,0.004,0.047,0,0,,1,312.5,229629952,286453760,1,62503872,62503872,135081984,38823561584,0,0,0,0,0,0,0,0,1,0,1,0,1,2,0,0,0,0,0,0,272,0,0.001,0.004
631,0.887,0.801,0,0.002,0.033,0,0,,0,,,,0,,,,,0,0,0,0,0,0,0,0,1,0,1,0,1,2,0,0,0,0,0,0,272,0.001,0,0.004
632,1.098,0.883,0.001,0.004,0.069,0,0,,0,,,,0,,,,,0,0,0,0,0,0,0,0,1,0,1,0,1,2,0,0,0,0,0,0,272,0.001,0.002,0.007
633,0.846,0.731,0,0.002,0.045,0,0,,0,,,,0,,,,,0,0,0,0,0,0,0,0,1,0,1,0,1,2,0,0,0,0,0,0,272,0,0,0.004
634,1.007,0.928,0.001,0.002,0.027,0,0,,0,,,,0,,,,,0,0,0,0,0,0,0,0,1,0,1,0,1,2,0,0,0,0,0,0,272,0,0.001,0.003
635,0.994,0.827,0.001,0.004,0.055,0,0,,0,,,,0,,,,,0,0,0,0,0,0,0,0,1,0,1,0,1,2,0,0,0,0,0,0,272,0,0.001,0.005
636,0.881,0.786,0,0.002,0.039,0,0,,0,,,,0,,,,,0,0,0,0,0,0,0,0,1,0,1,0,1,2,0,0,0,0,0,0,272,0.001,0,0.003
637,0.939,0.869,0,0.002,0.032,0,0,,0,,,,0,,,,,0,0,0,0,0,0,0,0,1,0,1,0,1,2,0,0,0,0,0,0,272,0,0,0.002
638,0.979,0.896,0,0.002,0.035,0,0,,0,,,,0,,,,,0,0,0,0,0,0,0,0,1,0,1,0,1,2,0,0,0,0,0,0,272,0,0,0.003
639,1.059,0.912,0,0.002,0.06,0,0,,0,,,,0,,,,,0,0,0,0,0,0,0,0,1,0,1,0,1,2,0,0,0,0,0,0,272,0,0.001,0.004
640,1.741,1.562,0,0.002,0.055,0,0,,0,,,,0,,,,,0,0,0,0,0,0,0,0,1,0,1,0,1,2,0,0,0,0,0,0,272,0,0,0.006
641,0.95,0.793,0,0.004,0.043,0,0,,0,,,,0,,,,,0,0,0,0,0,0,0,0,1,0,1,0,1,2,0,0,0,0,0,0,272,0.001,0.001,0.006
642,0.917,0.784,0.001,0.002,0.041,0,0,,0,,,,0,,,,,0,0,0,0,0,0,0,0,1,0,1,0,1,2,0,0,0,0,0,0,272,0.001,0.001,0.005
643,0.943,0.832,0.001,0.002,0.027,0,0,,0,,,,0,,,,,0,0,0,0,0,0,0,0,1,0,1,0,1,2,0,0,0,0,0,0,272,0.001,0.001,0.005
644,2.22,2.072,0,0.003,0.041,0,0,,0,,,,0,,,,,0,0,0,0,0,0,0,0,1,0,1,0,1,2,0,0,0,0,0,0,272,0,0.002,0.005
645,0.96,0.807,0,0.003,0.052,0,0,,0,,,,0,,,,,0,0,0,0,0,0,0,0,1,0,1,0,1,2,0,0,0,0,0,0,272,0,0.001,0.006
646,1.04,0.839,0.001,0.003,0.047,0,0,,0,,,,0,,,,,0,0,0,0,0,0,0,0,1,0,1,0,1,2,0,0,0,0,0,0,272,0.001,0.001,0.006
647,0.81,0.645,0.001,0.003,0.047,0,0,,0,,,,0,,,,,0,0,0,0,0,0,0,0,1,0,1,0,1,2,0,0,0,0,0,0,272,0,0.001,0.007
648,1.022,0.807,0,0.003,0.112,0,0,,0,,,,0,,,,,0,0,0,0,0,0,0,0,1,0,1,0,1,2,0,0,0,0,0,0,272,0.001,0.001,0.004
649,0.867,0.771,0,0.001,0.033,0,0,,0,,,,0,,,,,0,0,0,0,0,0,0,0,1,0,1,0,1,2,0,0,0,0,0,0,272,0.001,0,0.003
650,1.06,0.894,0,0.003,0.055,0,0,,0,,,,0,,,,,0,0,0,0,0,0,0,0,1,0,1,0,1,2,0,0,0,0,0,0,272,0,0.001,0.005
651,0.881,0.771,0,0.003,0.036,0,0,,0,,,,0,,,,,0,0,0,0,0,0,0,0,1,0,1,0,1,2,0,0,0,0,0,0,272,0,0.001,0.004
652,0.993,0.879,0,0.002,0.037,0,0,,0,,,,0,,,,,0,0,0,0,0,0,0,0,1,0,1,0,1,2,0,0,0,0,0,0,272,0,0,0.003
653,1.126,0.861,0,0.003,0.137,0,0,,0,,,,0,,,,,0,0,0,0,0,0,0,0,1,0,1,0,1,2,0,0,0,0,0,0,272,0,0.001,0.003
654,0.9,0.754,0.001,0.003,0.039,0,0,,0,,,,0,,,,,0,0,0,0,0,0,0,0,1,0,1,0,1,2,0,0,0,0,0,0,272,0,0.001,0.005
655,1.778,1.588,0.001,0.003,0.062,0,0,,0,,,,0,,,,,0,0,0,0,0,0,0,0,1,0,1,0,1,2,0,0,0,0,0,0,272,0.001,0.001,0.007
656,0.877,0.769,0.001,0.002,0.032,0,0,,0,,,,0,,,,,0,0,0,0,0,0,0,0,1,0,1,0,1,2,0,0,0,0,0,0,272,0,0,0.005
657,9.835,9.607,0.001,0.005,0.064,0,0,,0,,,,0,,,,,0,0,0,0,0,0,0,0,1,0,1,0,1,2,0,0,0,0,0,0,272,0,0.002,0.01
658,4.015,3.745,0,0.003,0.057,0,0,,0,,,,0,,,,,0,0,0,0,0,0,0,0,1,0,1,0,1,2,0,0,0,0,0,0,272,0,0.001,0.008
659,0.395,0.271,0,0.002,0.043,0,0,,0,,,,0,,,,,0,0,0,0,0,0,0,0,1,0,1,0,1,2,0,0,0,0,0,0,272,0,0.001,0.005
660,0.733,0.611,0,0.003,0.031,0,0,,1,312.5,229629952,286453760,1,62503872,62503872,135081984,38823561584,0,0,0,0,0,0,0,0,1,0,1,0,1,2,0,0,0,0,0,0,272,0,0,0.004
661,0.892,0.728,0,0.003,0.052,0,0,,0,,,,0,,,,,0,0,0,0,0,0,0,0,1,0,1,0,1,2,0,0,0,0,0,0,272,0.001,0.001,0.006
662,0.521,0.438,0,0.002,0.028,0,0,,0,,,,0,,,,,0,0,0,0,0,0,0,0,1,0,1,0,1,2,0,0,0,0,0,0,272,0,0.001,0.003
663,0.643,0.541,0.001,0.002,0.034,0,0,,0,,,,0,,,,,0,0,0,0,0,0,0,0,1,0,1,0,1,2,0,0,0,0,0,0,272,0,0.001,0.004
664,0.733,0.497,0,0.002,0.12,0,0,,0,,,,0,,,,,0,0,0,0,0,0,0,0,1,0,1,0,1,2,0,0,0,0,0,0,272,0,0,0.004
665,0.831,0.682,0,0.003,0.045,0,0,,0,,,,0,,,,,0,0,0,0,0,0,0,0,1,0,1,0,1,2,0,0,0,0,0,0,272,0,0.001,0.005
666,0.661,0.576,0.001,0.002,0.025,0,0,,0,,,,0,,,,,0,0,0,0,0,0,0,0,1,0,1,0,1,2,0,0,0,0,0,0,272,0,0,0.005
667,1.117,0.943,0,0.004,0.05,0,0,,0,,,,0,,,,,0,0,0,0,0,0,0,0,1,0,1,0,1,2,0,0,0,0,0,0,272,0.001,0.002,0.006
668,0.586,0.517,0,0.002,0.02,0,0,,0,,,,0,,,,,0,0,0,0,0,0,0,0,1,0,1,0,1,2,0,0,0,0,0,0,272,0,0.001,0.003
669,1.12,0.954,0,0.003,0.075,0,0,,0,,,,0,,,,,0,0,0,0,0,0,0,0,1,0,1,0,1,2,0,0,0,0,0,0,272,0,0,0.004
670,0.546,0.461,0,0.002,0.037,0,0,,0,,,,0,,,,,0,0,0,0,0,0,0,0,1,0,1,0,1,2,0,0,0,0,0,0,272,0,0,0.003
671,0.749,0.61,0,0.002,0.042,0,0,,0,,,,0,,,,,0,0,0,0,0,0,0,0,1,0,1,0,1,2,0,0,0,0,0,0,272,0.001,0.001,0.005
672,0.594,0.375,0.001,0.003,0.106,0,0,,0,,,,0,,,,,0,0,0,0,0,0,0,0,1,0,1,0,1,2,0,0,0,0,0,0,272,0,0.001,0.005
673,0.505,0.377,0,0.002,0.036,0,0,,0,,,,0,,,,,0,0,0,0,0,0,0,0,1,0,1,0,1,2,0,0,0,0,0,0,272,0.001,0.001,0.003
674,0.561,0.492,0,0.001,0.037,0,0,,0,,,,0,,,,,0,0,0,0,0,0,0,0,1,0,1,0,1,2,0,0,0,0,0,0,272,0,0,0.002
675,0.783,0.598,0,0.003,0.076,0,0,,0,,,,0,,,,,0,0,0,0,0,0,0,0,1,0,1,0,1,2,0,0,0,0,0,0,272,0,0.001,0.006
676,0.603,0.394,0.001,0.014,0.094,0,0,,0,,,,0,,,,,0,0,0,0,0,0,0,0,1,0,1,0,1,2,0,0,0,0,0,0,272,0.009,0.001,0.005
677,0.531,0.428,0.001,0.001,0.046,0,0,,0,,,,0,,,,,0,0,0,0,0,0,0,0,1,0,1,0,1,2,0,0,0,0,0,0,272,0.001,0,0.003
678,0.661,0.529,0,0.002,0.051,0,0,,0,,,,0,,,,,0,0,0,0,0,0,0,0,1,0,1,0,1,2,0,0,0,0,0,0,272,0,0,0.005
679,0.591,0.457,0,0.003,0.05,0,0,,0,,,,0,,,,,0,0,0,0,0,0,0,0,1,0,1,0,1,2,0,0,0,0,0,0,272,0,0.001,0.004
680,0.653,0.507,0,0.002,0.063,0,0,,0,,,,0,,,,,0,0,0,0,0,0,0,0,1,0,1,0,1,2,0,0,0,0,0,0,272,0.001,0.001,0.003
681,0.627,0.467,0,0.003,0.046,0,0,,0,,,,0,,,,,0,0,0,0,0,0,0,0,1,0,1,0,1,2,0,0,0,0,0,0,272,0,0.001,0.006
682,0.517,0.427,0,0.002,0.028,0,0,,0,,,,0,,,,,0,0,0,0,0,0,0,0,1,0,1,0,1,2,0,0,0,0,0,0,272,0,0,0.004
683,1.28,1.162,0,0.002,0.024,0,0,,0,,,,0,,,,,0,0,0,0,0,0,0,0,1,0,1,0,1,2,0,0,0,0,0,0,272,0,0,0.003
684,0.635,0.522,0,0.002,0.028,0,0,,0,,,,0,,,,,0,0,0,0,0,0,0,0,1,0,1,0,1,2,0,0,0,0,0,0,272,0,0.001,0.006
685,0.822,0.528,0.001,0.003,0.164,0,0,,0,,,,0,,,,,0,0,0,0,0,0,0,0,1,0,1,0,1,2,0,0,0,0,0,0,272,0.001,0.001,0.006
686,0.42,0.291,0,0.002,0.044,0,0,,0,,,,0,,,,,0,0,0,0,0,0,0,0,1,0,1,0,1,2,0,0,0,0,0,0,272,0,0.001,0.004
687,0.485,0.354,0.001,0.003,0.038,0,0,,0,,,,0,,,,,0,0,0,0,0,0,0,0,1,0,1,0,1,2,0,0,0,0,0,0,272,0,0.001,0.005
688,0.661,0.489,0.001,0.002,0.058,0,0,,0,,,,0,,,,,0,0,0,0,0,0,0,0,1,0,1,0,1,2,0,0,0,0,0,0,272,0,0.001,0.005
689,1.098,0.963,0.001,0.003,0.04,0,0,,0,,,,0,,,,,0,0,0,0,0,0,0,0,1,0,1,0,1,2,0,0,0,0,0,0,272,0,0.002,0.005
690,0.58,0.423,0.001,0.002,0.069,0,0,,1,328.125,229629952,286453760,1,62503872,62503872,135081984,38823561584,0,0,0,0,0,0,0,0,1,0,1,0,1,2,0,0,0,0,0,0,272,0,0.001,0.005
691,0.648,0.472,0.001,0.003,0.057,0,0,,0,,,,0,,,,,0,0,0,0,0,0,0,0,1,0,1,0,1,2,0,0,0,0,0,0,272,0.001,0.002,0.006
692,0.52,0.405,0,0.002,0.035,0,0,,0,,,,0,,,,,0,0,0,0,0,0,0,0,1,0,1,0,1,2,0,0,0,0,0,0,272,0.001,0.001,0.004
693,1.486,1.155,0.001,0.005,0.167,0,0,,0,,,,0,,,,,0,0,0,0,0,0,0,0,1,0,1,0,1,2,0,0,0,0,0,0,272,0.001,0.002,0.008
694,0.504,0.25,0,0.002,0.137,0,0,,0,,,,0,,,,,0,0,0,0,0,0,0,0,1,0,1,0,1,2,0,0,0,0,0,0,272,0,0.001,0.003
695,0.453,0.349,0.001,0.001,0.047,0,0,,0,,,,0,,,,,0,0,0,0,0,0,0,0,1,0,1,0,1,2,0,0,0,0,0,0,272,0.001,0,0.003
696,0.754,0.542,0.001,0.002,0.116,0,0,,0,,,,0,,,,,0,0,0,0,0,0,0,0,1,0,1,0,1,2,0,0,0,0,0,0,272,0,0.001,0.005
697,0.537,0.406,0.001,0.001,0.083,0,0,,0,,,,0,,,,,0,0,0,0,0,0,0,0,1,0,1,0,1,2,0,0,0,0,0,0,272,0,0,0.002
698,0.712,0.509,0.001,0.002,0.108,0,0,,0,,,,0,,,,,0,0,0,0,0,0,0,0,1,0,1,0,1,2,0,0,0,0,0,0,272,0,0.001,0.004
699,0.514,0.424,0.001,0.001,0.04,0,0,,0,,,,0,,,,,0,0,0,0,0,0,0,0,1,0,1,0,1,2,0,0,0,0,0,0,272,0,0.001,0.002
700,0.709,0.547,0,0.001,0.11,0,0,,0,,,,0,,,,,0,0,0,0,0,0,0,0,1,0,1,0,1,2,0,0,0,0,0,0,272,0,0,0.003
701,0.819,0.497,0.001,0.005,0.173,0,0,,0,,,,0,,,,,0,0,0,0,0,0,0,0,1,0,1,0,1,2,0,0,0,0,0,0,272,0,0.001,0.007
702,0.345,0.263,0.001,0.002,0.034,0,0,,0,,,,0,,,,,0,0,0,0,0,0,0,0,1,0,1,0,1,2,0,0,0,0,0,0,272,0,0.001,0.002
703,0.882,0.607,0,0.004,0.145,0,0,,0,,,,0,,,,,0,0,0,0,0,0,0,0,1,0,1,0,1,2,0,0,0,0,0,0,272,0.001,0.001,0.006
704,0.487,0.287,0,0.004,0.063,0,0,,0,,,,0,,,,,0,0,0,0,0,0,0,0,1,0,1,0,1,2,0,0,0,0,0,0,272,0,0.002,0.007
705,0.58,0.433,0.001,0.002,0.049,0,0,,0,,,,0,,,,,0,0,0,0,0,0,0,0,1,0,1,0,1,2,0,0,0,0,0,0,272,0,0.001,0.004
706,0.6,0.492,0.001,0.002,0.037,0,0,,0,,,,0,,,,,0,0,0,0,0,0,0,0,1,0,1,0,1,2,0,0,0,0,0,0,272,0,0.001,0.003
707,0.696,0.533,0,0.003,0.065,0,0,,0,,,,0,,,,,0,0,0,0,0,0,0,0,1,0,1,0,1,2,0,0,0,0,0,0,272,0,0.002,0.005
708,0.506,0.387,0.001,0.002,0.035,0,0,,0,,,,0,,,,,0,0,0,0,0,0,0,0,1,0,1,0,1,2,0,0,0,0,0,0,272,0.001,0.001,0.004
709,0.867,0.767,0,0.002,0.033,0,0,,0,,,,0,,,,,0,0,0,0,0,0,0,0,1,0,1,0,1,2,0,0,0,0,0,0,272,0,0,0.004
710,0.656,0.571,0,0.002,0.025,0,0,,0,,,,0,,,,,0,0,0,0,0,0,0,0,1,0,1,0,1,2,0,0,0,0,0,0,272,0,0.001,0.003
711,0.701,0.539,0,0.003,0.046,0,0,,0,,,,0,,,,,0,0,0,0,0,0,0,0,1,0,1,0,1,2,0,0,0,0,0,0,272,0,0.001,0.005
712,1.645,1.509,0,0.003,0.035,0,0,,0,,,,0,,,,,0,0,0,0,0,0,0,0,1,0,1,0,1,2,0,0,0,0,0,0,272,0,0.001,0.005
713,0.538,0.481,0,0.001,0.023,0,0,,0,,,,0,,,,,0,0,0,0,0,0,0,0,1,0,1,0,1,2,0,0,0,0,0,0,272,0,0.001,0.002
714,3.018,2.92,0.001,0.001,0.04,0,0,,0,,,,0,,,,,0,0,0,0,0,0,0,0,1,0,1,0,1,2,0,0,0,0,0,0,272,0.001,0,0.003
715,3.813,3.208,0,0.004,0.472,0,0,,0,,,,0,,,,,0,0,0,0,0,0,0,0,1,0,1,0,1,2,0,0,0,0,0,0,272,0,0.001,0.006
716,0.519,0.338,0,0.003,0.089,0,0,,0,,,,0,,,,,0,0,0,0,0,0,0,0,1,0,1,0,1,2,0,0,0,0,0,0,272,0,0.002,0.004
717,0.836,0.738,0,0.003,0.036,0,0,,0,,,,0,,,,,0,0,0,0,0,0,0,0,1,0,1,0,1,2,0,0,0,0,0,0,272,0,0,0.004
718,1.03,0.839,0,0.005,0.055,0,0,,0,,,,0,,,,,0,0,0,0,0,0,0,0,1,0,1,0,1,2,0,0,0,0,0,0,272,0.001,0.002,0.009
719,0.801,0.689,0,0.003,0.027,0,0,,0,,,,0,,,,,0,0,0,0,0,0,0,0,1,0,1,0,1,2,0,0,0,0,0,0,272,0,0,0.005
720,1.502,1.385,0,0.002,0.038,0,0,,1,343.75,229629952,286453760,1,62503872,62503872,135081984,38823561584,0,0,0,0,0,0,0,0,1,0,1,0,1,2,0,0,0,0,0,0,272,0,0.001,0.005
721,0.841,0.732,0,0.003,0.03,0,0,,0,,,,0,,,,,0,0,0,0,0,0,0,0,1,0,1,0,1,2,0,0,0,0,0,0,272,0,0.001,0.004
722,0.826,0.731,0,0.001,0.062,0,0,,0,,,,0,,,,,0,0,0,0,0,0,0,0,1,0,1,0,1,2,0,0,0,0,0,0,272,0,0,0.003
723,1.509,1.386,0,0.003,0.038,0,0,,0,,,,0,,,,,0,0,0,0,0,0,0,0,1,0,1,0,1,2,0,0,0,0,0,0,272,0.001,0.001,0.004
724,1.306,1.199,0.001,0.001,0.039,0,0,,0,,,,0,,,,,0,0,0,0,0,0,0,0,1,0,1,0,1,2,0,0,0,0,0,0,272,0,0.009,0.003
725,0.869,0.8,0,0.001,0.029,0,0,,0,,,,0,,,,,0,0,0,0,0,0,0,0,1,0,1,0,1,2,0,0,0,0,0,0,272,0,0,0.001
726,0.909,0.845,0,0.001,0.036,0,0,,0,,,,0,,,,,0,0,0,0,0,0,0,0,1,0,1,0,1,2,0,0,0,0,0,0,272,0,0,0.002
727,0.884,0.829,0,0.001,0.027,0,0,,0,,,,0,,,,,0,0,0,0,0,0,0,0,1,0,1,0,1,2,0,0,0,0,0,0,272,0,0.001,0.001
728,0.878,0.818,0,0.001,0.032,0,0,,0,,,,0,,,,,0,0,0,0,0,0,0,0,1,0,1,0,1,2,0,0,0,0,0,0,272,0,0.001,0.001
729,0.929,0.822,0.001,0.001,0.046,0,0,,0,,,,0,,,,,0,0,0,0,0,0,0,0,1,0,1,0,1,2,0,0,0,0,0,0,272,0,0.001,0.003
730,0.844,0.763,0,0.001,0.036,0,0,,0,,,,0,,,,,0,0,0,0,0,0,0,0,1,0,1,0,1,2,0,0,0,0,0,0,272,0.001,0,0.002
731,0.857,0.784,0.001,0.001,0.032,0,0,,0,,,,0,,,,,0,0,0,0,0,0,0,0,1,0,1,0,1,2,0,0,0,0,0,0,272,0.001,0,0.003
732,0.91,0.798,0,0.002,0.044,0,0,,0,,,,0,,,,,0,0,0,0,0,0,0,0,1,0,1,0,1,2,0,0,0,0,0,0,272,0,0,0.004
733,0.84,0.761,0,0.002,0.034,0,0,,0,,,,0,,,,,0,0,0,0,0,0,0,0,1,0,1,0,1,2,0,0,0,0,0,0,272,0,0.001,0.003
734,0.865,0.796,0,0.002,0.03,0,0,,0,,,,0,,,,,0,0,0,0,0,0,0,0,1,0,1,0,1,2,0,0,0,0,0,0,272,0,0,0.003
735,1.131,0.793,0,0.004,0.113,0,0,,0,,,,0,,,,,0,0,0,0,0,0,0,0,1,0,1,0,1,2,0,0,0,0,0,0,272,0.001,0.001,0.007
736,0.65,0.502,0,0.003,0.042,0,0,,0,,,,0,,,,,0,0,0,0,0,0,0,0,1,0,1,0,1,2,0,0,0,0,0,0,272,0,0.001,0.005
737,0.778,0.646,0,0.003,0.051,0,0,,0,,,,0,,,,,0,0,0,0,0,0,0,0,1,0,1,0,1,2,0,0,0,0,0,0,272,0.001,0.001,0.005
738,1.494,1.35,0.001,0.002,0.048,0,0,,0,,,,0,,,,,0,0,0,0,0,0,0,0,1,0,1,0,1,2,0,0,0,0,0,0,272,0.001,0.001,0.006
739,0.579,0.492,0,0.002,0.027,0,0,,0,,,,0,,,,,0,0,0,0,0,0,0,0,1,0,1,0,1,2,0,0,0,0,0,0,272,0,0,0.003
740,1.469,1.322,0,0.003,0.041,0,0,,0,,,,0,,,,,0,0,0,0,0,0,0,0,1,0,1,0,1,2,0,0,0,0,0,0,272,0,0.001,0.006
741,1.389,1.22,0.001,0.004,0.066,0,0,,0,,,,0,,,,,0,0,0,0,0,0,0,0,1,0,1,0,1,2,0,0,0,0,0,0,272,0.001,0.001,0.006
742,0.837,0.72,0.001,0.002,0.034,0,0,,0,,,,0,,,,,0,0,0,0,0,0,0,0,1,0,1,0,1,2,0,0,0,0,0,0,272,0.001,0.001,0.005
743,0.865,0.72,0,0.002,0.067,0,0,,0,,,,0,,,,,0,0,0,0,0,0,0,0,1,0,1,0,1,2,0,0,0,0,0,0,272,0,0,0.004
744,0.822,0.691,0,0.002,0.037,0,0,,0,,,,0,,,,,0,0,0,0,0,0,0,0,1,0,1,0,1,2,0,0,0,0,0,0,272,0,0.001,0.004
745,0.801,0.696,0,0.003,0.036,0,0,,0,,,,0,,,,,0,0,0,0,0,0,0,0,1,0,1,0,1,2,0,0,0,0,0,0,272,0.001,0.001,0.004
746,0.839,0.728,0,0.002,0.034,0,0,,0,,,,0,,,,,0,0,0,0,0,0,0,0,1,0,1,0,1,2,0,0,0,0,0,0,272,0,0,0.003
747,0.801,0.725,0,0.001,0.032,0,0,,0,,,,0,,,,,0,0,0,0,0,0,0,0,1,0,1,0,1,2,0,0,0,0,0,0,272,0,0,0.002
748,0.852,0.765,0.001,0.001,0.03,0,0,,0,,,,0,,,,,0,0,0,0,0,0,0,0,1,0,1,0,1,2,0,0,0,0,0,0,272,0,0.001,0.003
749,1.124,0.926,0.001,0.002,0.048,0,0,,0,,,,0,,,,,0,0,0,0,0,0,0,0,1,0,1,0,1,2,0,0,0,0,0,0,272,0.001,0.002,0.007
750,4.049,3.755,0,0.022,0.092,0,0,,1,343.75,229629952,286453760,1,62503872,62503872,135081984,38823561584,0,0,0,0,0,0,0,0,1,0,1,0,1,2,0,0,0,0,0,0,272,0,0.002,0.012
751,4.677,4.473,0,0.005,0.041,0,0,,0,,,,0,,,,,0,0,0,0,0,0,0,0,1,0,1,0,1,2,0,0,0,0,0,0,272,0.001,0.002,0.01
752,6.856,6.679,0.001,0.004,0.053,0,0,,0,,,,0,,,,,0,0,0,0,0,0,0,0,1,0,1,0,1,2,0,0,0,0,0,0,272,0.001,0.002,0.01
753,3.575,3.355,0,0.005,0.075,0,0,,0,,,,0,,,,,0,0,0,0,0,0,0,0,1,0,1,0,1,2,0,0,0,0,0,0,272,0.001,0.002,0.008
754,3.663,3.408,0.001,0.006,0.059,0,0,,0,,,,0,,,,,0,0,0,0,0,0,0,0,1,0,1,0,1,2,0,0,0,0,0,0,272,0.001,0.002,0.012
755,9.097,8.855,0.001,0.006,0.065,0,0,,0,,,,0,,,,,0,0,0,0,0,0,0,0,1,0,1,0,1,2,0,0,0,0,0,0,272,0.001,0.002,0.01
756,3.408,3.22,0,0.005,0.05,0,0,,0,,,,0,,,,,0,0,0,0,0,0,0,0,1,0,1,0,1,2,0,0,0,0,0,0,272,0.001,0.002,0.009
757,7.173,6.919,0.001,0.007,0.063,0,0,,0,,,,0,,,,,0,0,0,0,0,0,0,0,1,0,1,0,1,2,0,0,0,0,0,0,272,0.001,0.002,0.011
758,6.884,6.634,0.001,0.006,0.073,0,0,,0,,,,0,,,,,0,0,0,0,0,0,0,0,1,0,1,0,1,2,0,0,0,0,0,0,272,0.001,0.003,0.01
759,0.45,0.186,0,0.001,0.22,0,0,,0,,,,0,,,,,0,0,0,0,0,0,0,0,1,0,1,0,1,2,0,0,0,0,0,0,272,0.001,0,0.003
760,0.43,0.171,0,0.003,0.177,0,0,,0,,,,0,,,,,0,0,0,0,0,0,0,0,1,0,1,0,1,2,0,0,0,0,0,0,272,0,0.001,0.005
761,0.278,0.191,0,0.002,0.027,0,0,,0,,,,0,,,,,0,0,0,0,0,0,0,0,1,0,1,0,1,2,0,0,0,0,0,0,272,0,0,0.004
762,0.542,0.423,0,0.002,0.044,0,0,,0,,,,0,,,,,0,0,0,0,0,0,0,0,1,0,1,0,1,2,0,0,0,0,0,0,272,0,0,0.004
763,0.468,0.341,0.001,0.004,0.036,0,0,,0,,,,0,,,,,0,0,0,0,0,0,0,0,1,0,1,0,1,2,0,0,0,0,0,0,272,0,0,0.002
764,0.399,0.354,0,0.001,0.022,0,0,,0,,,,0,,,,,0,0,0,0,0,0,0,0,1,0,1,0,1,2,0,0,0,0,0,0,272,0,0,0.001
765,0.525,0.437,0,0.002,0.042,0,0,,0,,,,0,,,,,0,0,0,0,0,0,0,0,1,0,1,0,1,2,0,0,0,0,0,0,272,0,0.001,0.002
766,0.514,0.412,0,0.003,0.033,0,0,,0,,,,0,,,,,0,0,0,0,0,0,0,0,1,0,1,0,1,2,0,0,0,0,0,0,272,0,0.001,0.003
767,0.517,0.363,0,0.003,0.072,0,0,,0,,,,0,,,,,0,0,0,0,0,0,0,0,1,0,1,0,1,2,0,0,0,0,0,0,272,0.001,0.001,0.004
768,0.656,0.358,0,0.002,0.226,0,0,,0,,,,0,,,,,0,0,0,0,0,0,0,0,1,0,1,0,1,2,0,0,0,0,0,0,272,0,0.001,0.004
769,0.343,0.122,0,0.003,0.154,0,0,,0,,,,0,,,,,0,0,0,0,0,0,0,0,1,0,1,0,1,2,0,0,0,0,0,0,272,0,0,0.004
770,0.546,0.456,0,0.002,0.033,0,0,,0,,,,0,,,,,0,0,0,0,0,0,0,0,1,0,1,0,1,2,0,0,0,0,0,0,272,0,0,0.003
771,0.556,0.426,0,0.003,0.043,0,0,,0,,,,0,,,,,0,0,0,0,0,0,0,0,1,0,1,0,1,2,0,0,0,0,0,0,272,0,0,0.004
772,0.449,0.34,0.001,0.002,0.03,0,0,,0,,,,0,,,,,0,0,0,0,0,0,0,0,1,0,1,0,1,2,0,0,0,0,0,0,272,0.001,0.001,0.004
773,0.438,0.363,0,0.001,0.031,0,0,,0,,,,0,,,,,0,0,0,0,0,0,0,0,1,0,1,0,1,2,0,0,0,0,0,0,272,0,0,0.002
774,0.553,0.413,0.001,0.002,0.066,0,0,,0,,,,0,,,,,0,0,0,0,0,0,0,0,1,0,1,0,1,2,0,0,0,0,0,0,272,0,0,0.003
775,0.588,0.451,0,0.003,0.038,0,0,,0,,,,0,,,,,0,0,0,0,0,0,0,0,1,0,1,0,1,2,0,0,0,0,0,0,272,0.001,0.001,0.005
776,1.048,0.879,0.001,0.003,0.045,0,0,,0,,,,0,,,,,0,0,0,0,0,0,0,0,1,0,1,0,1,2,0,0,0,0,0,0,272,0,0.001,0.006
777,0.603,0.504,0.001,0.002,0.032,0,0,,0,,,,0,,,,,0,0,0,0,0,0,0,0,1,0,1,0,1,2,0,0,0,0,0,0,272,0,0,0.003
778,0.897,0.751,0,0.003,0.043,0,0,,0,,,,0,,,,,0,0,0,0,0,0,0,0,1,0,1,0,1,2,0,0,0,0,0,0,272,0,0.001,0.004
779,0.494,0.455,0,0.001,0.019,0,0,,0,,,,0,,,,,0,0,0,0,0,0,0,0,1,0,1,0,1,2,0,0,0,0,0,0,272,0,0,0.001
780,1.086,0.946,0,0.002,0.084,0,0,,1,343.75,229629952,286453760,1,62503872,62503872,135081984,38823561584,0,0,0,0,0,0,0,0,1,0,1,0,1,2,0,0,0,0,0,0,272,0,0,0.003
781,0.305,0.266,0,0.001,0.017,0,0,,0,,,,0,,,,,0,0,0,0,0,0,0,0,1,0,1,0,1,2,0,0,0,0,0,0,272,0,0,0.001
782,0.534,0.46,0,0.001,0.019,0,0,,0,,,,0,,,,,0,0,0,0,0,0,0,0,1,0,1,0,1,2,0,0,0,0,0,0,272,0,0,0.001
783,0.489,0.425,0,0.002,0.022,0,0,,0,,,,0,,,,,0,0,0,0,0,0,0,0,1,0,1,0,1,2,0,0,0,0,0,0,272,0,0.001,0.002
784,0.507,0.437,0.001,0.001,0.028,0,0,,0,,,,0,,,,,0,0,0,0,0,0,0,0,1,0,1,0,1,2,0,0,0,0,0,0,272,0,0,0.002
785,0.494,0.431,0,0.001,0.031,0,0,,0,,,,0,,,,,0,0,0,0,0,0,0,0,1,0,1,0,1,2,0,0,0,0,0,0,272,0,0,0.002
786,0.516,0.442,0,0.001,0.037,0,0,,0,,,,0,,,,,0,0,0,0,0,0,0,0,1,0,1,0,1,2,0,0,0,0,0,0,272,0,0,0.002
787,0.473,0.416,0,0.001,0.029,0,0,,0,,,,0,,,,,0,0,0,0,0,0,0,0,1,0,1,0,1,2,0,0,0,0,0,0,272,0,0.001,0.001
788,0.521,0.441,0,0.002,0.028,0,0,,0,,,,0,,,,,0,0,0,0,0,0,0,0,1,0,1,0,1,2,0,0,0,0,0,0,272,0,0.001,0.002
789,0.505,0.405,0,0.001,0.057,0,0,,0,,,,0,,,,,0,0,0,0,0,0,0,0,1,0,1,0,1,2,0,0,0,0,0,0,272,0,0,0.002
790,0.587,0.456,0.001,0.002,0.04,0,0,,0,,,,0,,,,,0,0,0,0,0,0,0,0,1,0,1,0,1,2,0,0,0,0,0,0,272,0.001,0.001,0.005
791,0.595,0.469,0.001,0.003,0.041,0,0,,0,,,,0,,,,,0,0,0,0,0,0,0,0,1,0,1,0,1,2,0,0,0,0,0,0,272,0,0,0.004
792,0.467,0.384,0,0.002,0.031,0,0,,0,,,,0,,,,,0,0,0,0,0,0,0,0,1,0,1,0,1,2,0,0,0,0,0,0,272,0,0.001,0.003
793,0.477,0.441,0,0.001,0.014,0,0,,0,,,,0,,,,,0,0,0,0,0,0,0,0,1,0,1,0,1,2,0,0,0,0,0,0,272,0,0.001,0.001
794,0.56,0.463,0,0.001,0.017,0,0,,0,,,,0,,,,,0,0,0,0,0,0,0,0,1,0,1,0,1,2,0,0,0,0,0,0,272,0,0.001,0.001
795,0.728,0.448,0.001,0.007,0.068,0,0,,0,,,,0,,,,,0,0,0,0,0,0,0,0,1,0,1,0,1,2,0,0,0,0,0,0,272,0,0.002,0.011
796,9.026,8.781,0.001,0.005,0.04,0,0,,0,,,,0,,,,,0,0,0,0,0,0,0,0,1,0,1,0,1,2,0,0,0,0,0,0,272,0,0.002,0.011
797,0.445,0.245,0,0.001,0.168,0,0,,0,,,,0,,,,,0,0,0,0,0,0,0,0,1,0,1,0,1,2,0,0,0,0,0,0,272,0,0,0.002
798,0.491,0.3,0.001,0.003,0.054,0,0,,0,,,,0,,,,,0,0,0,0,0,0,0,0,1,0,1,0,1,2,0,0,0,0,0,0,272,0,0.001,0.007
799,0.3,0.244,0.001,0.001,0.027,0,0,,0,,,,0,,,,,0,0,0,0,0,0,0,0,1,0,1,0,1,2,0,0,0,0,0,0,272,0,0.001,0.001
800,0.507,0.443,0,0.001,0.029,0,0,,0,,,,0,,,,,0,0,0,0,0,0,0,0,1,0,1,0,1,2,0,0,0,0,0,0,272,0,0,0.002
801,0.485,0.444,0,0.001,0.019,0,0,,0,,,,0,,,,,0,0,0,0,0,0,0,0,1,0,1,0,1,2,0,0,0,0,0,0,272,0,0,0.002
802,0.598,0.451,0,0.002,0.05,0,0,,0,,,,0,,,,,0,0,0,0,0,0,0,0,1,0,1,0,1,2,0,0,0,0,0,0,272,0,0.001,0.005
803,0.374,0.309,0,0.001,0.028,0,0,,0,,,,0,,,,,0,0,0,0,0,0,0,0,1,0,1,0,1,2,0,0,0,0,0,0,272,0,0,0.002
804,0.516,0.445,0.001,0.001,0.028,0,0,,0,,,,0,,,,,0,0,0,0,0,0,0,0,1,0,1,0,1,2,0,0,0,0,0,0,272,0,0,0.003
805,0.446,0.4,0,0.001,0.023,0,0,,0,,,,0,,,,,0,0,0,0,0,0,0,0,1,0,1,0,1,2,0,0,0,0,0,0,272,0,0.001,0.001
806,0.481,0.448,0,0,0.016,0,0,,0,,,,0,,,,,0,0,0,0,0,0,0,0,1,0,1,0,1,2,0,0,0,0,0,0,272,0,0.001,0.001
807,0.505,0.472,0,0.001,0.015,0,0,,0,,,,0,,,,,0,0,0,0,0,0,0,0,1,0,1,0,1,2,0,0,0,0,0,0,272,0,0,0.001
808,0.497,0.467,0,0.001,0.015,0,0,,0,,,,0,,,,,0,0,0,0,0,0,0,0,1,0,1,0,1,2,0,0,0,0,0,0,272,0.001,0,0.001
809,0.495,0.468,0,0,0.013,0,0,,0,,,,0,,,,,0,0,0,0,0,0,0,0,1,0,1,0,1,2,0,0,0,0,0,0,272,0,0,0.001
810,0.524,0.475,0,0.001,0.019,0,0,,1,359.375,229695488,286453760,1,62503872,62503872,135081984,38823561584,0,0,0,0,0,0,0,0,1,0,1,0,1,2,0,0,0,0,0,0,272,0,0.001,0
811,0.528,0.418,0,0.002,0.041,0,0,,0,,,,0,,,,,0,0,0,0,0,0,0,0,1,0,1,0,1,2,0,0,0,0,0,0,272,0,0,0.004
812,0.464,0.389,0,0.002,0.025,0,0,,0,,,,0,,,,,0,0,0,0,0,0,0,0,1,0,1,0,1,2,0,0,0,0,0,0,272,0,0,0.003
813,0.651,0.39,0,0.004,0.159,0,0,,0,,,,0,,,,,0,0,0,0,0,0,0,0,1,0,1,0,1,2,0,0,0,0,0,0,272,0.001,0.001,0.005
814,0.397,0.195,0,0.003,0.086,0,0,,0,,,,0,,,,,0,0,0,0,0,0,0,0,1,0,1,0,1,2,0,0,0,0,0,0,272,0,0.001,0.005
815,0.538,0.456,0,0.002,0.03,0,0,,0,,,,0,,,,,0,0,0,0,0,0,0,0,1,0,1,0,1,2,0,0,0,0,0,0,272,0.001,0.001,0.002
816,0.568,0.464,0,0.003,0.033,0,0,,0,,,,0,,,,,0,0,0,0,0,0,0,0,1,0,1,0,1,2,0,0,0,0,0,0,272,0,0.001,0.004
817,0.597,0.414,0.001,0.002,0.09,0,0,,0,,,,0,,,,,0,0,0,0,0,0,0,0,1,0,1,0,1,2,0,0,0,0,0,0,272,0,0,0.004
818,0.415,0.284,0.001,0.003,0.05,0,0,,0,,,,0,,,,,0,0,0,0,0,0,0,0,1,0,1,0,1,2,0,0,0,0,0,0,272,0,0,0.004
819,0.422,0.33,0,0.001,0.039,0,0,,0,,,,0,,,,,0,0,0,0,0,0,0,0,1,0,1,0,1,2,0,0,0,0,0,0,272,0,0,0.003
820,0.555,0.404,0.001,0.035,0.028,0,0,,0,,,,0,,,,,0,0,0,0,0,0,0,0,1,0,1,0,1,2,0,0,0,0,0,0,272,0,0,0.006
821,1.176,1.12,0.001,0.001,0.023,0,0,,0,,,,0,,,,,0,0,0,0,0,0,0,0,1,0,1,0,1,2,0,0,0,0,0,0,272,0,0,0.002
822,0.477,0.444,0,0.001,0.015,0,0,,0,,,,0,,,,,0,0,0,0,0,0,0,0,1,0,1,0,1,2,0,0,0,0,0,0,272,0,0,0.001
823,0.976,0.874,0,0.004,0.029,0,0,,0,,,,0,,,,,0,0,0,0,0,0,0,0,1,0,1,0,1,2,0,0,0,0,0,0,272,0,0.001,0.003
824,0.951,0.838,0,0.001,0.047,0,0,,0,,,,0,,,,,0,0,0,0,0,0,0,0,1,0,1,0,1,2,0,0,0,0,0,0,272,0,0.001,0.003
825,0.944,0.802,0,0.003,0.038,0,0,,0,,,,0,,,,,0,0,0,0,0,0,0,0,1,0,1,0,1,2,0,0,0,0,0,0,272,0,0.001,0.004
826,0.895,0.781,0.001,0.002,0.042,0,0,,0,,,,0,,,,,0,0,0,0,0,0,0,0,1,0,1,0,1,2,0,0,0,0,0,0,272,0.001,0.001,0.003
827,0.668,0.522,0.001,0.003,0.051,0,0,,0,,,,0,,,,,0,0,0,0,0,0,0,0,1,0,1,0,1,2,0,0,0,0,0,0,272,0.001,0.001,0.005
828,0.42,0.323,0,0.002,0.052,0,0,,0,,,,0,,,,,0,0,0,0,0,0,0,0,1,0,1,0,1,2,0,0,0,0,0,0,272,0,0.001,0.003
829,0.692,0.05,0.001,0.004,0.505,0,0,,0,,,,0,,,,,0,0,0,0,0,0,0,0,1,0,1,0,1,2,0,0,0,0,0,0,272,0.001,0.002,0.006
830,0.273,0.001,0,0.003,0.192,0,0,,0,,,,0,,,,,0,0,0,0,0,0,0,0,1,0,1,0,1,2,0,0,0,0,0,0,272,0,0.001,0.004
831,0.116,0.001,0,0.002,0.031,0,0,,0,,,,0,,,,,0,0,0,0,0,0,0,0,1,0,1,0,1,2,0,0,0,0,0,0,272,0,0.001,0.004
832,0.626,0.374,0,0.004,0.106,0,0,,0,,,,0,,,,,0,0,0,0,0,0,0,0,1,0,1,0,1,2,0,0,0,0,0,0,272,0.001,0.001,0.006
833,0.181,0.001,0,0.002,0.13,0,0,,0,,,,0,,,,,0,0,0,0,0,0,0,0,1,0,1,0,1,2,0,0,0,0,0,0,272,0.001,0,0.003
834,0.668,0.322,0,0.002,0.271,0,0,,0,,,,0,,,,,0,0,0,0,0,0,0,0,1,0,1,0,1,2,0,0,0,0,0,0,272,0.001,0.001,0.003
835,0.181,0,0,0.001,0.148,0,0,,0,,,,0,,,,,0,0,0,0,0,0,0,0,1,0,1,0,1,2,0,0,0,0,0,0,272,0,0.001,0.002
836,0.399,0.283,0.001,0.003,0.032,0,0,,0,,,,0,,,,,0,0,0,0,0,0,0,0,1,0,1,0,1,2,0,0,0,0,0,0,272,0.001,0.001,0.004
837,0.591,0.47,0,0.002,0.061,0,0,,0,,,,0,,,,,0,0,0,0,0,0,0,0,1,0,1,0,1,2,0,0,0,0,0,0,272,0,0.001,0.004
838,0.389,0.237,0,0.001,0.102,0,0,,0,,,,0,,,,,0,0,0,0,0,0,0,0,1,0,1,0,1,2,0,0,0,0,0,0,272,0.001,0,0.002
839,0.397,0.329,0,0.001,0.026,0,0,,0,,,,0,,,,,0,0,0,0,0,0,0,0,1,0,1,0,1,2,0,0,0,0,0,0,272,0,0,0.003
840,0.481,0.426,0,0.001,0.021,0,0,,1,359.375,229695488,286453760,1,62503872,62503872,135081984,38823561584,0,0,0,0,0,0,0,0,1,0,1,0,1,2,0,0,0,0,0,0,272,0,0,0.002
841,0.452,0.41,0,0.001,0.018,0,0,,0,,,,0,,,,,0,0,0,0,0,0,0,0,1,0,1,0,1,2,0,0,0,0,0,0,272,0,0.001,0.001
842,0.611,0.469,0,0.001,0.101,0,0,,0,,,,0,,,,,0,0,0,0,0,0,0,0,1,0,1,0,1,2,0,0,0,0,0,0,272,0,0,0.002
843,0.382,0.33,0,0.001,0.019,0,0,,0,,,,0,,,,,0,0,0,0,0,0,0,0,1,0,1,0,1,2,0,0,0,0,0,0,272,0,0,0.002
844,0.833,0.617,0,0.003,0.078,0,0,,0,,,,0,,,,,0,0,0,0,0,0,0,0,1,0,1,0,1,2,0,0,0,0,0,0,272,0.001,0.001,0.007
845,0.561,0.263,0,0.003,0.218,0,0,,0,,,,0,,,,,0,0,0,0,0,0,0,0,1,0,1,0,1,2,0,0,0,0,0,0,272,0,0,0.005
846,0.31,0.137,0,0.003,0.088,0,0,,0,,,,0,,,,,0,0,0,0,0,0,0,0,1,0,1,0,1,2,0,0,0,0,0,0,272,0,0.002,0.004
847,0.36,0.28,0,0.001,0.026,0,0,,0,,,,0,,,,,0,0,0,0,0,0,0,0,1,0,1,0,1,2,0,0,0,0,0,0,272,0,0,0.003
848,0.496,0.396,0,0.003,0.027,0,0,,0,,,,0,,,,,0,0,0,0,0,0,0,0,1,0,1,0,1,2,0,0,0,0,0,0,272,0,0.001,0.004
849,1.332,1.268,0,0.001,0.023,0,0,,0,,,,0,,,,,0,0,0,0,0,0,0,0,1,0,1,0,1,2,0,0,0,0,0,0,272,0,0,0.002
850,0.625,0.453,0,0.004,0.055,0,0,,0,,,,0,,,,,0,0,0,0,0,0,0,0,1,0,1,0,1,2,0,0,0,0,0,0,272,0,0.001,0.006
851,0.613,0.295,0,0.004,0.196,0,0,,0,,,,0,,,,,0,0,0,0,0,0,0,0,1,0,1,0,1,2,0,0,0,0,0,0,272,0.001,0.002,0.005
852,0.406,0.198,0.001,0.003,0.096,0,0,,0,,,,0,,,,,0,0,0,0,0,0,0,0,1,0,1,0,1,2,0,0,0,0,0,0,272,0,0.001,0.005
853,0.495,0.335,0.001,0.003,0.042,0,0,,0,,,,0,,,,,0,0,0,0,0,0,0,0,1,0,1,0,1,2,0,0,0,0,0,0,272,0.001,0.001,0.005
854,0.342,0.146,0,0.003,0.125,0,0,,0,,,,0,,,,,0,0,0,0,0,0,0,0,1,0,1,0,1,2,0,0,0,0,0,0,272,0,0.001,0.003
855,0.322,0.274,0,0.001,0.023,0,0,,0,,,,0,,,,,0,0,0,0,0,0,0,0,1,0,1,0,1,2,0,0,0,0,0,0,272,0,0,0.001
856,0.48,0.447,0,0.001,0.018,0,0,,0,,,,0,,,,,0,0,0,0,0,0,0,0,1,0,1,0,1,2,0,0,0,0,0,0,272,0,0,0.001
857,0.492,0.46,0,0.001,0.016,0,0,,0,,,,0,,,,,0,0,0,0,0,0,0,0,1,0,1,0,1,2,0,0,0,0,0,0,272,0,0,0.001
858,0.668,0.57,0,0.002,0.029,0,0,,0,,,,0,,,,,0,0,0,0,0,0,0,0,1,0,1,0,1,2,0,0,0,0,0,0,272,0,0.001,0.003
859,0.522,0.309,0.001,0.003,0.093,0,0,,0,,,,0,,,,,0,0,0,0,0,0,0,0,1,0,1,0,1,2,0,0,0,0,0,0,272,0,0.001,0.006
860,0.455,0.365,0,0.002,0.024,0,0,,0,,,,0,,,,,0,0,0,0,0,0,0,0,1,0,1,0,1,2,0,0,0,0,0,0,272,0,0,0.003
861,0.355,0.234,0,0.003,0.04,0,0,,0,,,,0,,,,,0,0,0,0,0,0,0,0,1,0,1,0,1,2,0,0,0,0,0,0,272,0,0,0.005
862,0.439,0.355,0,0.002,0.028,0,0,,0,,,,0,,,,,0,0,0,0,0,0,0,0,1,0,1,0,1,2,0,0,0,0,0,0,272,0,0.001,0.003
863,0.477,0.419,0,0.001,0.019,0,0,,0,,,,0,,,,,0,0,0,0,0,0,0,0,1,0,1,0,1,2,0,0,0,0,0,0,272,0,0,0.002
864,0.494,0.428,0,0.001,0.026,0,0,,0,,,,0,,,,,0,0,0,0,0,0,0,0,1,0,1,0,1,2,0,0,0,0,0,0,272,0,0,0.003
865,0.471,0.424,0,0.001,0.025,0,0,,0,,,,0,,,,,0,0,0,0,0,0,0,0,1,0,1,0,1,2,0,0,0,0,0,0,272,0,0,0.002
866,0.493,0.457,0,0.001,0.019,0,0,,0,,,,0,,,,,0,0,0,0,0,0,0,0,1,0,1,0,1,2,0,0,0,0,0,0,272,0,0,0.001
867,0.519,0.465,0,0,0.028,0,0,,0,,,,0,,,,,0,0,0,0,0,0,0,0,1,0,1,0,1,2,0,0,0,0,0,0,272,0,0,0.001
868,0.498,0.448,0,0.001,0.025,0,0,,0,,,,0,,,,,0,0,0,0,0,0,0,0,1,0,1,0,1,2,0,0,0,0,0,0,272,0,0,0.002
869,0.531,0.455,0.001,0.001,0.019,0,0,,0,,,,0,,,,,0,0,0,0,0,0,0,0,1,0,1,0,1,2,0,0,0,0,0,0,272,0.001,0,0.004
870,0.495,0.421,0,0.001,0.033,0,0,,1,375,229695488,286453760,1,62503872,62503872,135081984,38823561584,0,0,0,0,0,0,0,0,1,0,1,0,1,2,0,0,0,0,0,0,272,0,0,0.001
871,0.633,0.409,0,0.004,0.091,0,0,,0,,,,0,,,,,0,0,0,0,0,0,0,0,1,0,1,0,1,2,0,0,0,0,0,0,272,0.001,0.001,0.007
872,0.368,0.219,0,0.002,0.068,0,0,,0,,,,0,,,,,0,0,0,0,0,0,0,0,1,0,1,0,1,2,0,0,0,0,0,0,272,0,0,0.004
873,0.565,0.333,0,0.004,0.068,0,0,,0,,,,0,,,,,0,0,0,0,0,0,0,0,1,0,1,0,1,2,0,0,0,0,0,0,272,0,0.001,0.007
874,0.667,0.558,0,0.003,0.029,0,0,,0,,,,0,,,,,0,0,0,0,0,0,0,0,1,0,1,0,1,2,0,0,0,0,0,0,272,0.001,0.001,0.004
875,0.515,0.344,0,0.003,0.072,0,0,,0,,,,0,,,,,0,0,0,0,0,0,0,0,1,0,1,0,1,2,0,0,0,0,0,0,272,0,0.001,0.005
876,0.406,0.292,0,0.001,0.052,0,0,,0,,,,0,,,,,0,0,0,0,0,0,0,0,1,0,1,0,1,2,0,0,0,0,0,0,272,0,0,0.003
877,0.48,0.382,0.001,0.002,0.034,0,0,,0,,,,0,,,,,0,0,0,0,0,0,0,0,1,0,1,0,1,2,0,0,0,0,0,0,272,0,0,0.004
878,0.581,0.398,0,0.003,0.089,0,0,,0,,,,0,,,,,0,0,0,0,0,0,0,0,1,0,1,0,1,2,0,0,0,0,0,0,272,0,0.001,0.005
879,0.411,0.279,0.001,0.001,0.047,0,0,,0,,,,0,,,,,0,0,0,0,0,0,0,0,1,0,1,0,1,2,0,0,0,0,0,0,272,0,0,0.003
880,0.461,0.339,0,0.003,0.041,0,0,,0,,,,0,,,,,0,0,0,0,0,0,0,0,1,0,1,0,1,2,0,0,0,0,0,0,272,0,0.001,0.005
881,0.783,0.639,0.001,0.003,0.042,0,0,,0,,,,0,,,,,0,0,0,0,0,0,0,0,1,0,1,0,1,2,0,0,0,0,0,0,272,0,0.001,0.005
882,1.125,0.922,0.001,0.003,0.079,0,0,,0,,,,0,,,,,0,0,0,0,0,0,0,0,1,0,1,0,1,2,0,0,0,0,0,0,272,0,0.001,0.007
883,0.726,0.251,0,0.004,0.304,0,0,,0,,,,0,,,,,0,0,0,0,0,0,0,0,1,0,1,0,1,2,0,0,0,0,0,0,272,0.001,0.001,0.006
884,0.281,0.001,0,0.003,0.199,0,0,,0,,,,0,,,,,0,0,0,0,0,0,0,0,1,0,1,0,1,2,0,0,0,0,0,0,272,0,0,0.004
885,0.388,0.203,0.001,0.001,0.136,0,0,,0,,,,0,,,,,0,0,0,0,0,0,0,0,1,0,1,0,1,2,0,0,0,0,0,0,272,0,0,0.003
886,0.361,0.274,0,0.002,0.041,0,0,,0,,,,0,,,,,0,0,0,0,0,0,0,0,1,0,1,0,1,2,0,0,0,0,0,0,272,0,0,0.003
887,0.488,0.415,0,0.001,0.036,0,0,,0,,,,0,,,,,0,0,0,0,0,0,0,0,1,0,1,0,1,2,0,0,0,0,0,0,272,0,0,0.002
888,0.584,0.451,0.001,0.002,0.041,0,0,,0,,,,0,,,,,0,0,0,0,0,0,0,0,1,0,1,0,1,2,0,0,0,0,0,0,272,0,0.001,0.004
889,0.406,0.327,0,0.001,0.029,0,0,,0,,,,0,,,,,0,0,0,0,0,0,0,0,1,0,1,0,1,2,0,0,0,0,0,0,272,0.001,0,0.003
890,0.45,0.397,0,0.001,0.02,0,0,,0,,,,0,,,,,0,0,0,0,0,0,0,0,1,0,1,0,1,2,0,0,0,0,0,0,272,0.001,0,0.002
891,1.096,1.02,0,0.001,0.031,0,0,,0,,,,0,,,,,0,0,0,0,0,0,0,0,1,0,1,0,1,2,0,0,0,0,0,0,272,0.001,0,0.002
892,1.08,0.962,0,0.002,0.041,0,0,,0,,,,0,,,,,0,0,0,0,0,0,0,0,1,0,1,0,1,2,0,0,0,0,0,0,272,0,0.001,0.004
893,0.924,0.857,0,0.002,0.026,0,0,,0,,,,0,,,,,0,0,0,0,0,0,0,0,1,0,1,0,1,2,0,0,0,0,0,0,272,0,0,0.002
894,1.261,1.04,0.001,0.004,0.067,0,0,,0,,,,0,,,,,0,0,0,0,0,0,0,0,1,0,1,0,1,2,0,0,0,0,0,0,272,0.001,0.002,0.007
895,0.702,0.606,0,0.002,0.034,0,0,,0,,,,0,,,,,0,0,0,0,0,0,0,0,1,0,1,0,1,2,0,0,0,0,0,0,272,0,0,0.003
896,1.097,0.987,0,0.002,0.037,0,0,,0,,,,0,,,,,0,0,0,0,0,0,0,0,1,0,1,0,1,2,0,0,0,0,0,0,272,0.001,0.001,0.003
897,1.009,0.909,0,0.002,0.031,0,0,,0,,,,0,,,,,0,0,0,0,0,0,0,0,1,0,1,0,1,2,0,0,0,0,0,0,272,0,0.001,0.003
898,1.506,1.349,0,0.003,0.046,0,0,,0,,,,0,,,,,0,0,0,0,0,0,0,0,1,0,1,0,1,2,0,0,0,0,0,0,272,0.001,0.001,0.005
899,0.949,0.797,0,0.003,0.051,0,0,,0,,,,0,,,,,0,0,0,0,0,0,0,0,1,0,1,0,1,2,0,0,0,0,0,0,272,0,0.002,0.005
900,0.965,0.847,0.001,0.003,0.039,0,0,,1,390.625,229695488,286453760,1,62503872,62503872,135081984,38823561584,0,0,0,0,0,0,0,0,1,0,1,0,1,2,0,0,0,0,0,0,272,0.001,0.001,0.004
901,1.587,1.478,0,0.003,0.032,0,0,,0,,,,0,,,,,0,0,0,0,0,0,0,0,1,0,1,0,1,2,0,0,0,0,0,0,272,0,0.001,0.005
902,1.013,0.901,0.001,0.003,0.033,0,0,,0,,,,0,,,,,0,0,0,0,0,0,0,0,1,0,1,0,1,2,0,0,0,0,0,0,272,0,0.001,0.004
903,0.936,0.725,0,0.004,0.069,0,0,,0,,,,0,,,,,0,0,0,0,0,0,0,0,1,0,1,0,1,2,0,0,0,0,0,0,272,0,0.001,0.006
904,0.977,0.786,0,0.004,0.055,0,0,,0,,,,0,,,,,0,0,0,0,0,0,0,0,1,0,1,0,1,2,0,0,0,0,0,0,272,0,0.001,0.008
905,1.424,1.162,0.001,0.004,0.114,0,0,,0,,,,0,,,,,0,0,0,0,0,0,0,0,1,0,1,0,1,2,0,0,0,0,0,0,272,0,0.001,0.007
906,0.927,0.8,0,0.002,0.042,0,0,,0,,,,0,,,,,0,0,0,0,0,0,0,0,1,0,1,0,1,2,0,0,0,0,0,0,272,0,0.001,0.004
907,1.458,1.274,0.001,0.002,0.058,0,0,,0,,,,0,,,,,0,0,0,0,0,0,0,0,1,0,1,0,1,2,0,0,0,0,0,0,272,0.001,0.038,0.006
908,0.788,0.613,0,0.003,0.059,0,0,,0,,,,0,,,,,0,0,0,0,0,0,0,0,1,0,1,0,1,2,0,0,0,0,0,0,272,0.001,0.001,0.007
909,0.839,0.721,0.001,0.002,0.039,0,0,,0,,,,0,,,,,0,0,0,0,0,0,0,0,1,0,1,0,1,2,0,0,0,0,0,0,272,0,0.001,0.004
910,0.838,0.759,0,0.001,0.036,0,0,,0,,,,0,,,,,0,0,0,0,0,0,0,0,1,0,1,0,1,2,0,0,0,0,0,0,272,0,0,0.003
911,0.931,0.78,0,0.004,0.046,0,0,,0,,,,0,,,,,0,0,0,0,0,0,0,0,1,0,1,0,1,2,0,0,0,0,0,0,272,0,0.002,0.005
912,0.85,0.744,0,0.002,0.041,0,0,,0,,,,0,,,,,0,0,0,0,0,0,0,0,1,0,1,0,1,2,0,0,0,0,0,0,272,0,0.001,0.004
913,1.286,1.187,0,0.002,0.026,0,0,,0,,,,0,,,,,0,0,0,0,0,0,0,0,1,0,1,0,1,2,0,0,0,0,0,0,272,0.001,0.001,0.003
914,0.897,0.802,0,0.002,0.03,0,0,,0,,,,0,,,,,0,0,0,0,0,0,0,0,1,0,1,0,1,2,0,0,0,0,0,0,272,0,0.001,0.004
915,0.855,0.78,0,0.002,0.029,0,0,,0,,,,0,,,,,0,0,0,0,0,0,0,0,1,0,1,0,1,2,0,0,0,0,0,0,272,0,0,0.002
916,0.854,0.781,0.001,0.001,0.025,0,0,,0,,,,0,,,,,0,0,0,0,0,0,0,0,1,0,1,0,1,2,0,0,0,0,0,0,272,0,0,0.003
917,2.051,1.96,0.001,0.001,0.029,0,0,,0,,,,0,,,,,0,0,0,0,0,0,0,0,1,0,1,0,1,2,0,0,0,0,0,0,272,0,0.001,0.004
918,0.652,0.607,0,0.001,0.017,0,0,,0,,,,0,,,,,0,0,0,0,0,0,0,0,1,0,1,0,1,2,0,0,0,0,0,0,272,0,0,0.001
919,0.633,0.588,0,0.001,0.015,0,0,,0,,,,0,,,,,0,0,0,0,0,0,0,0,1,0,1,0,1,2,0,0,0,0,0,0,272,0,0,0.002
920,0.78,0.653,0.001,0.002,0.053,0,0,,0,,,,0,,,,,0,0,0,0,0,0,0,0,1,0,1,0,1,2,0,0,0,0,0,0,272,0,0.001,0.003
921,0.699,0.504,0,0.003,0.062,0,0,,0,,,,0,,,,,0,0,0,0,0,0,0,0,1,0,1,0,1,2,0,0,0,0,0,0,272,0.001,0.001,0.007
922,0.449,0.379,0,0.001,0.025,0,0,,0,,,,0,,,,,0,0,0,0,0,0,0,0,1,0,1,0,1,2,0,0,0,0,0,0,272,0,0.001,0.003
923,0.789,0.638,0,0.003,0.042,0,0,,0,,,,0,,,,,0,0,0,0,0,0,0,0,1,0,1,0,1,2,0,0,0,0,0,0,272,0,0.001,0.005
924,0.555,0.464,0.001,0.002,0.034,0,0,,0,,,,0,,,,,0,0,0,0,0,0,0,0,1,0,1,0,1,2,0,0,0,0,0,0,272,0,0,0.003
925,0.629,0.548,0,0.002,0.025,0,0,,0,,,,0,,,,,0,0,0,0,0,0,0,0,1,0,1,0,1,2,0,0,0,0,0,0,272,0,0.001,0.003
926,0.625,0.544,0,0.001,0.028,0,0,,0,,,,0,,,,,0,0,0,0,0,0,0,0,1,0,1,0,1,2,0,0,0,0,0,0,272,0.001,0,0.003
927,0.586,0.549,0,0.001,0.015,0,0,,0,,,,0,,,,,0,0,0,0,0,0,0,0,1,0,1,0,1,2,0,0,0,0,0,0,272,0,0,0.001
928,0.637,0.604,0,0.001,0.013,0,0,,0,,,,0,,,,,0,0,0,0,0,0,0,0,1,0,1,0,1,2,0,0,0,0,0,0,272,0,0,0.002
929,0.687,0.612,0.001,0.001,0.027,0,0,,0,,,,0,,,,,0,0,0,0,0,0,0,0,1,0,1,0,1,2,0,0,0,0,0,0,272,0,0.001,0.003
930,0.629,0.589,0,0,0.019,0,0,,1,390.625,229695488,286453760,1,62503872,62503872,135081984,38823561584,0,0,0,0,0,0,0,0,1,0,1,0,1,2,0,0,0,0,0,0,272,0,0,0.002
931,0.59,0.554,0,0.001,0.017,0,0,,0,,,,0,,,,,0,0,0,0,0,0,0,0,1,0,1,0,1,2,0,0,0,0,0,0,272,0,0,0.001
932,0.688,0.606,0,0.002,0.024,0,0,,0,,,,0,,,,,0,0,0,0,0,0,0,0,1,0,1,0,1,2,0,0,0,0,0,0,272,0.001,0.001,0.003
933,0.668,0.567,0,0.002,0.031,0,0,,0,,,,0,,,,,0,0,0,0,0,0,0,0,1,0,1,0,1,2,0,0,0,0,0,0,272,0,0.001,0.003
934,1.2,1.111,0,0.003,0.026,0,0,,0,,,,0,,,,,0,0,0,0,0,0,0,0,1,0,1,0,1,2,0,0,0,0,0,0,272,0,0.001,0.003
935,0.636,0.54,0.001,0.001,0.041,0,0,,0,,,,0,,,,,0,0,0,0,0,0,0,0,1,0,1,0,1,2,0,0,0,0,0,0,272,0,0,0.004
936,0.617,0.541,0,0.001,0.034,0,0,,0,,,,0,,,,,0,0,0,0,0,0,0,0,1,0,1,0,1,2,0,0,0,0,0,0,272,0,0,0.003
937,0.61,0.553,0,0.002,0.02,0,0,,0,,,,0,,,,,0,0,0,0,0,0,0,0,1,0,1,0,1,2,0,0,0,0,0,0,272,0,0,0.003
938,0.662,0.581,0,0.002,0.023,0,0,,0,,,,0,,,,,0,0,0,0,0,0,0,0,1,0,1,0,1,2,0,0,0,0,0,0,272,0,0.001,0.004
939,1.921,1.816,0,0.002,0.03,0,0,,0,,,,0,,,,,0,0,0,0,0,0,0,0,1,0,1,0,1,2,0,0,0,0,0,0,272,0,0.001,0.004
940,0.741,0.588,0,0.003,0.051,0,0,,0,,,,0,,,,,0,0,0,0,0,0,0,0,1,0,1,0,1,2,0,0,0,0,0,0,272,0.001,0.001,0.005
941,0.509,0.455,0,0.002,0.019,0,0,,0,,,,0,,,,,0,0,0,0,0,0,0,0,1,0,1,0,1,2,0,0,0,0,0,0,272,0,0.001,0.002
942,0.62,0.58,0,0,0.02,0,0,,0,,,,0,,,,,0,0,0,0,0,0,0,0,1,0,1,0,1,2,0,0,0,0,0,0,272,0,0,0.001
943,0.622,0.594,0,0,0.014,0,0,,0,,,,0,,,,,0,0,0,0,0,0,0,0,1,0,1,0,1,2,0,0,0,0,0,0,272,0,0,0.001
944,0.651,0.617,0,0,0.02,0,0,,0,,,,0,,,,,0,0,0,0,0,0,0,0,1,0,1,0,1,2,0,0,0,0,0,0,272,0,0,0.001
945,0.643,0.6,0,0.001,0.015,0,0,,0,,,,0,,,,,0,0,0,0,0,0,0,0,1,0,1,0,1,2,0,0,0,0,0,0,272,0,0,0.001
946,0.792,0.614,0,0.003,0.054,0,0,,0,,,,0,,,,,0,0,0,0,0,0,0,0,1,0,1,0,1,2,0,0,0,0,0,0,272,0,0.001,0.006
947,0.518,0.413,0,0.002,0.039,0,0,,0,,,,0,,,,,0,0,0,0,0,0,0,0,1,0,1,0,1,2,0,0,0,0,0,0,272,0,0,0.003
948,0.602,0.552,0,0.001,0.016,0,0,,0,,,,0,,,,,0,0,0,0,0,0,0,0,1,0,1,0,1,2,0,0,0,0,0,0,272,0,0.001,0.002
949,0.734,0.606,0,0.002,0.041,0,0,,0,,,,0,,,,,0,0,0,0,0,0,0,0,1,0,1,0,1,2,0,0,0,0,0,0,272,0.001,0.001,0.004
950,0.575,0.499,0,0.001,0.034,0,0,,0,,,,0,,,,,0,0,0,0,0,0,0,0,1,0,1,0,1,2,0,0,0,0,0,0,272,0,0.001,0.002
951,0.62,0.552,0,0.002,0.025,0,0,,0,,,,0,,,,,0,0,0,0,0,0,0,0,1,0,1,0,1,2,0,0,0,0,0,0,272,0,0,0.003
952,0.609,0.57,0,0.001,0.018,0,0,,0,,,,0,,,,,0,0,0,0,0,0,0,0,1,0,1,0,1,2,0,0,0,0,0,0,272,0,0,0.001
953,0.933,0.833,0,0.002,0.036,0,0,,0,,,,0,,,,,0,0,0,0,0,0,0,0,1,0,1,0,1,2,0,0,0,0,0,0,272,0.001,0,0.004
954,0.86,0.774,0,0.002,0.029,0,0,,0,,,,0,,,,,0,0,0,0,0,0,0,0,1,0,1,0,1,2,0,0,0,0,0,0,272,0,0.001,0.003
955,0.923,0.808,0.001,0.003,0.033,0,0,,0,,,,0,,,,,0,0,0,0,0,0,0,0,1,0,1,0,1,2,0,0,0,0,0,0,272,0.001,0.001,0.005
956,1.419,1.23,0.001,0.004,0.043,0,0,,0,,,,0,,,,,0,0,0,0,0,0,0,0,1,0,1,0,1,2,0,0,0,0,0,0,272,0,0.001,0.008
957,0.841,0.713,0.001,0.002,0.043,0,0,,0,,,,0,,,,,0,0,0,0,0,0,0,0,1,0,1,0,1,2,0,0,0,0,0,0,272,0,0.001,0.004
958,0.807,0.741,0.001,0.001,0.021,0,0,,0,,,,0,,,,,0,0,0,0,0,0,0,0,1,0,1,0,1,2,0,0,0,0,0,0,272,0,0.001,0.002
959,0.903,0.824,0,0.001,0.02,0,0,,0,,,,0,,,,,0,0,0,0,0,0,0,0,1,0,1,0,1,2,0,0,0,0,0,0,272,0.001,0,0.004
960,2.613,2.477,0,0.004,0.037,0,0,,1,390.625,229695488,286453760,1,62503872,62503872,135081984,38823561584,0,0,0,0,0,0,0,0,1,0,1,0,1,2,0,0,0,0,0,0,272,0.001,0.002,0.005
961,0.861,0.706,0.001,0.003,0.039,0,0,,0,,,,0,,,,,0,0,0,0,0,0,0,0,1,0,1,0,1,2,0,0,0,0,0,0,272,0.001,0.001,0.007
962,0.758,0.71,0,0.001,0.02,0,0,,0,,,,0,,,,,0,0,0,0,0,0,0,0,1,0,1,0,1,2,0,0,0,0,0,0,272,0,0.001,0.001
963,0.894,0.838,0,0.001,0.02,0,0,,0,,,,0,,,,,0,0,0,0,0,0,0,0,1,0,1,0,1,2,0,0,0,0,0,0,272,0,0.001,0.002
964,0.949,0.83,0,0.003,0.04,0,0,,0,,,,0,,,,,0,0,0,0,0,0,0,0,1,0,1,0,1,2,0,0,0,0,0,0,272,0,0.001,0.004
965,0.835,0.75,0,0.001,0.035,0,0,,0,,,,0,,,,,0,0,0,0,0,0,0,0,1,0,1,0,1,2,0,0,0,0,0,0,272,0,0,0.004
966,0.839,0.77,0.001,0.001,0.037,0,0,,0,,,,0,,,,,0,0,0,0,0,0,0,0,1,0,1,0,1,2,0,0,0,0,0,0,272,0,0,0.002
967,0.902,0.784,0,0.002,0.055,0,0,,0,,,,0,,,,,0,0,0,0,0,0,0,0,1,0,1,0,1,2,0,0,0,0,0,0,272,0.001,0,0.004
968,0.815,0.723,0,0.001,0.041,0,0,,0,,,,0,,,,,0,0,0,0,0,0,0,0,1,0,1,0,1,2,0,0,0,0,0,0,272,0,0,0.003
969,0.426,0.385,0,0,0.024,0,0,,0,,,,0,,,,,0,0,0,0,0,0,0,0,1,0,1,0,1,2,0,0,0,0,0,0,272,0,0,0.001
970,0.514,0.465,0,0,0.027,0,0,,0,,,,0,,,,,0,0,0,0,0,0,0,0,1,0,1,0,1,2,0,0,0,0,0,0,272,0,0,0.001
971,0.503,0.452,0,0.001,0.019,0,0,,0,,,,0,,,,,0,0,0,0,0,0,0,0,1,0,1,0,1,2,0,0,0,0,0,0,272,0,0,0.002
972,0.538,0.445,0,0,0.018,0,0,,0,,,,0,,,,,0,0,0,0,0,0,0,0,1,0,1,0,1,2,0,0,0,0,0,0,272,0,0.001,0.001
973,0.625,0.433,0.001,0.003,0.043,0,0,,0,,,,0,,,,,0,0,0,0,0,0,0,0,1,0,1,0,1,2,0,0,0,0,0,0,272,0.001,0.001,0.008
974,0.42,0.289,0,0.003,0.051,0,0,,0,,,,0,,,,,0,0,0,0,0,0,0,0,1,0,1,0,1,2,0,0,0,0,0,0,272,0,0,0.005
975,0.929,0.776,0,0.003,0.051,0,0,,0,,,,0,,,,,0,0,0,0,0,0,0,0,1,0,1,0,1,2,0,0,0,0,0,0,272,0,0,0.004
976,0.388,0.31,0,0.002,0.034,0,0,,0,,,,0,,,,,0,0,0,0,0,0,0,0,1,0,1,0,1,2,0,0,0,0,0,0,272,0,0,0.003
977,0.581,0.427,0,0.003,0.05,0,0,,0,,,,0,,,,,0,0,0,0,0,0,0,0,1,0,1,0,1,2,0,0,0,0,0,0,272,0.001,0.001,0.005
978,0.419,0.305,0,0.003,0.036,0,0,,0,,,,0,,,,,0,0,0,0,0,0,0,0,1,0,1,0,1,2,0,0,0,0,0,0,272,0,0,0.004
979,0.43,0.331,0,0.002,0.031,0,0,,0,,,,0,,,,,0,0,0,0,0,0,0,0,1,0,1,0,1,2,0,0,0,0,0,0,272,0,0,0.003
980,0.469,0.382,0,0.002,0.025,0,0,,0,,,,0,,,,,0,0,0,0,0,0,0,0,1,0,1,0,1,2,0,0,0,0,0,0,272,0,0,0.003
981,0.526,0.421,0,0.002,0.03,0,0,,0,,,,0,,,,,0,0,0,0,0,0,0,0,1,0,1,0,1,2,0,0,0,0,0,0,272,0,0.001,0.004
982,1.121,0.398,0,0.003,0.619,0,0,,0,,,,0,,,,,0,0,0,0,0,0,0,0,1,0,1,0,1,2,0,0,0,0,0,0,272,0,0.001,0.005
983,0.758,0.522,0.001,0.004,0.06,0,0,,0,,,,0,,,,,0,0,0,0,0,0,0,0,1,0,1,0,1,2,0,0,0,0,0,0,272,0,0.002,0.007
984,0.367,0.217,0.001,0.003,0.058,0,0,,0,,,,0,,,,,0,0,0,0,0,0,0,0,1,0,1,0,1,2,0,0,0,0,0,0,272,0.001,0.001,0.005
985,0.367,0.288,0,0.001,0.031,0,0,,0,,,,0,,,,,0,0,0,0,0,0,0,0,1,0,1,0,1,2,0,0,0,0,0,0,272,0,0,0.003
986,0.52,0.406,0,0.002,0.033,0,0,,0,,,,0,,,,,0,0,0,0,0,0,0,0,1,0,1,0,1,2,0,0,0,0,0,0,272,0,0.001,0.005
987,0.47,0.37,0,0.003,0.028,0,0,,0,,,,0,,,,,0,0,0,0,0,0,0,0,1,0,1,0,1,2,0,0,0,0,0,0,272,0.001,0.001,0.003
988,0.454,0.387,0,0.002,0.027,0,0,,0,,,,0,,,,,0,0,0,0,0,0,0,0,1,0,1,0,1,2,0,0,0,0,0,0,272,0,0,0.002
989,0.546,0.437,0,0.002,0.033,0,0,,0,,,,0,,,,,0,0,0,0,0,0,0,0,1,0,1,0,1,2,0,0,0,0,0,0,272,0.001,0.001,0.004
990,0.465,0.385,0,0.002,0.026,0,0,,1,406.25,229695488,286453760,1,62503872,62503872,135081984,38823561584,0,0,0,0,0,0,0,0,1,0,1,0,1,2,0,0,0,0,0,0,272,0.001,0,0.003
991,0.444,0.381,0,0.002,0.023,0,0,,0,,,,0,,,,,0,0,0,0,0,0,0,0,1,0,1,0,1,2,0,0,0,0,0,0,272,0,0,0.002
992,0.689,0.646,0,0,0.018,0,0,,0,,,,0,,,,,0,0,0,0,0,0,0,0,1,0,1,0,1,2,0,0,0,0,0,0,272,0,0.001,0.001
993,4.185,4.143,0,0.001,0.018,0,0,,0,,,,0,,,,,0,0,0,0,0,0,0,0,1,0,1,0,1,2,0,0,0,0,0,0,272,0,0,0.001
994,10.968,10.677,0,0.004,0.142,0,0,,0,,,,0,,,,,0,0,0,0,0,0,0,0,1,0,1,0,1,2,0,0,0,0,0,0,272,0,0.002,0.009
995,0.482,0.282,0,0.003,0.056,0,0,,0,,,,0,,,,,0,0,0,0,0,0,0,0,1,0,1,0,1,2,0,0,0,0,0,0,272,0,0.002,0.007
996,0.318,0.22,0.001,0.002,0.027,0,0,,0,,,,0,,,,,0,0,0,0,0,0,0,0,1,0,1,0,1,2,0,0,0,0,0,0,272,0.001,0.001,0.004
997,0.497,0.412,0,0.002,0.033,0,0,,0,,,,0,,,,,0,0,0,0,0,0,0,0,1,0,1,0,1,2,0,0,0,0,0,0,272,0,0,0.002
998,0.495,0.409,0,0.001,0.042,0,0,,0,,,,0,,,,,0,0,0,0,0,0,0,0,1,0,1,0,1,2,0,0,0,0,0,0,272,0,0,0.002
999,0.51,0.412,0,0.002,0.032,0,0,,0,,,,0,,,,,0,0,0,0,0,0,0,0,1,0,1,0,1,2,0,0,0,0,0,0,272,0,0,0.004
1000,0.45,0.382,0,0.001,0.022,0,0,,0,,,,0,,,,,0,0,0,0,0,0,0,0,1,0,1,0,1,2,0,0,0,0,0,0,272,0,0.001,0.004
1001,0.475,0.425,0,0,0.02,0,0,,0,,,,0,,,,,0,0,0,0,0,0,0,0,1,0,1,0,1,2,0,0,0,0,0,0,272,0,0,0.002
1002,0.471,0.44,0,0,0.015,0,0,,0,,,,0,,,,,0,0,0,0,0,0,0,0,1,0,1,0,1,2,0,0,0,0,0,0,272,0,0,0.001
1003,0.577,0.478,0,0.002,0.046,0,0,,0,,,,0,,,,,0,0,0,0,0,0,0,0,1,0,1,0,1,2,0,0,0,0,0,0,272,0,0,0.003
1004,0.439,0.383,0.001,0,0.023,0,0,,0,,,,0,,,,,0,0,0,0,0,0,0,0,1,0,1,0,1,2,0,0,0,0,0,0,272,0,0,0.001
1005,0.489,0.447,0,0.001,0.019,0,0,,0,,,,0,,,,,0,0,0,0,0,0,0,0,1,0,1,0,1,2,0,0,0,0,0,0,272,0,0,0.002
1006,0.483,0.451,0,0.001,0.017,0,0,,0,,,,0,,,,,0,0,0,0,0,0,0,0,1,0,1,0,1,2,0,0,0,0,0,0,272,0,0,0.001
1007,0.56,0.485,0,0.002,0.028,0,0,,0,,,,0,,,,,0,0,0,0,0,0,0,0,1,0,1,0,1,2,0,0,0,0,0,0,272,0,0,0.003
1008,0.524,0.43,0,0.002,0.025,0,0,,0,,,,0,,,,,0,0,0,0,0,0,0,0,1,0,1,0,1,2,0,0,0,0,0,0,272,0,0.001,0.003
1009,0.443,0.36,0,0.001,0.033,0,0,,0,,,,0,,,,,0,0,0,0,0,0,0,0,1,0,1,0,1,2,0,0,0,0,0,0,272,0.001,0,0.003
1010,0.527,0.425,0.001,0.002,0.027,0,0,,0,,,,0,,,,,0,0,0,0,0,0,0,0,1,0,1,0,1,2,0,0,0,0,0,0,272,0,0.001,0.004
1011,0.455,0.358,0.001,0.002,0.024,0,0,,0,,,,0,,,,,0,0,0,0,0,0,0,0,1,0,1,0,1,2,0,0,0,0,0,0,272,0.001,0.001,0.003
1012,0.728,0.613,0,0.002,0.035,0,0,,0,,,,0,,,,,0,0,0,0,0,0,0,0,1,0,1,0,1,2,0,0,0,0,0,0,272,0.001,0.001,0.004
1013,0.584,0.407,0,0.002,0.099,0,0,,0,,,,0,,,,,0,0,0,0,0,0,0,0,1,0,1,0,1,2,0,0,0,0,0,0,272,0,0.001,0.004
1014,0.568,0.316,0,0.004,0.13,0,0,,0,,,,0,,,,,0,0,0,0,0,0,0,0,1,0,1,0,1,2,0,0,0,0,0,0,272,0,0.002,0.006
1015,0.398,0.283,0,0.002,0.05,0,0,,0,,,,0,,,,,0,0,0,0,0,0,0,0,1,0,1,0,1,2,0,0,0,0,0,0,272,0,0,0.004
1016,0.401,0.292,0,0.003,0.027,0,0,,0,,,,0,,,,,0,0,0,0,0,0,0,0,1,0,1,0,1,2,0,0,0,0,0,0,272,0,0.001,0.005
1017,1.386,1.309,0,0.002,0.028,0,0,,0,,,,0,,,,,0,0,0,0,0,0,0,0,1,0,1,0,1,2,0,0,0,0,0,0,272,0,0.001,0.002
1018,0.55,0.437,0.001,0.003,0.032,0,0,,0,,,,0,,,,,0,0,0,0,0,0,0,0,1,0,1,0,1,2,0,0,0,0,0,0,272,0,0.001,0.004
1019,0.423,0.325,0,0.002,0.027,0,0,,0,,,,0,,,,,0,0,0,0,0,0,0,0,1,0,1,0,1,2,0,0,0,0,0,0,272,0.001,0.001,0.003
1020,1.477,1.377,0.001,0.001,0.036,0,0,,1,421.875,229695488,286453760,1,62503872,62503872,135081984,38823561584,0,0,0,0,0,0,0,0,1,0,1,0,1,2,0,0,0,0,0,0,272,0,0.001,0.003
1021,4.16,3.998,0,0.003,0.069,0,0,,0,,,,0,,,,,0,0,0,0,0,0,0,0,1,0,1,0,1,2,0,0,0,0,0,0,272,0,0.001,0.006
1022,2.615,2.42,0.001,0.003,0.076,0,0,,0,,,,0,,,,,0,0,0,0,0,0,0,0,1,0,1,0,1,2,0,0,0,0,0,0,272,0,0.001,0.007
1023,0.5,0.406,0,0.002,0.038,0,0,,0,,,,0,,,,,0,0,0,0,0,0,0,0,1,0,1,0,1,2,0,0,0,0,0,0,272,0,0,0.004
1024,0.636,0.561,0,0.002,0.034,0,0,,0,,,,0,,,,,0,0,0,0,0,0,0,0,1,0,1,0,1,2,0,0,0,0,0,0,272,0,0,0.003
1025,0.7,0.589,0,0.002,0.035,0,0,,0,,,,0,,,,,0,0,0,0,0,0,0,0,1,0,1,0,1,2,0,0,0,0,0,0,272,0,0.001,0.004
1026,0.696,0.501,0.001,0.003,0.044,0,0,,0,,,,0,,,,,0,0,0,0,0,0,0,0,1,0,1,0,1,2,0,0,0,0,0,0,272,0,0.001,0.005
1027,1.046,0.925,0.001,0.002,0.04,0,0,,0,,,,0,,,,,0,0,0,0,0,0,0,0,1,0,1,0,1,2,0,0,0,0,0,0,272,0,0.002,0.005
1028,0.674,0.525,0.001,0.002,0.051,0,0,,0,,,,0,,,,,0,0,0,0,0,0,0,0,1,0,1,0,1,2,0,0,0,0,0,0,272,0,0.001,0.005
1029,0.715,0.433,0,0.001,0.228,0,0,,0,,,,0,,,,,0,0,0,0,0,0,0,0,1,0,1,0,1,2,0,0,0,0,0,0,272,0,0,0.002
1030,0.649,0.412,0.001,0.004,0.073,0,0,,0,,,,0,,,,,0,0,0,0,0,0,0,0,1,0,1,0,1,2,0,0,0,0,0,0,272,0.001,0.001,0.007
1031,0.446,0.341,0.001,0.002,0.027,0,0,,0,,,,0,,,,,0,0,0,0,0,0,0,0,1,0,1,0,1,2,0,0,0,0,0,0,272,0.001,0.001,0.004
1032,1.597,1.521,0,0.002,0.027,0,0,,0,,,,0,,,,,0,0,0,0,0,0,0,0,1,0,1,0,1,2,0,0,0,0,0,0,272,0,0.001,0.003
1033,0.675,0.561,0,0.003,0.037,0,0,,0,,,,0,,,,,0,0,0,0,0,0,0,0,1,0,1,0,1,2,0,0,0,0,0,0,272,0,0.001,0.004
1034,0.662,0.528,0,0.002,0.059,0,0,,0,,,,0,,,,,0,0,0,0,0,0,0,0,1,0,1,0,1,2,0,0,0,0,0,0,272,0,0.001,0.004
1035,0.625,0.501,0,0.002,0.072,0,0,,0,,,,0,,,,,0,0,0,0,0,0,0,0,1,0,1,0,1,2,0,0,0,0,0,0,272,0,0,0.003
1036,0.623,0.52,0,0.002,0.029,0,0,,0,,,,0,,,,,0,0,0,0,0,0,0,0,1,0,1,0,1,2,0,0,0,0,0,0,272,0,0,0.004
1037,0.632,0.523,0.001,0.002,0.039,0,0,,0,,,,0,,,,,0,0,0,0,0,0,0,0,1,0,1,0,1,2,0,0,0,0,0,0,272,0,0,0.004
1038,0.566,0.512,0,0.001,0.022,0,0,,0,,,,0,,,,,0,0,0,0,0,0,0,0,1,0,1,0,1,2,0,0,0,0,0,0,272,0,0,0.002
1039,0.779,0.591,0,0.003,0.071,0,0,,0,,,,0,,,,,0,0,0,0,0,0,0,0,1,0,1,0,1,2,0,0,0,0,0,0,272,0.001,0.001,0.006
1040,0.562,0.452,0,0.003,0.041,0,0,,0,,,,0,,,,,0,0,0,0,0,0,0,0,1,0,1,0,1,2,0,0,0,0,0,0,272,0.001,0.001,0.003
1041,0.59,0.52,0,0.001,0.035,0,0,,0,,,,0,,,,,0,0,0,0,0,0,0,0,1,0,1,0,1,2,0,0,0,0,0,0,272,0.001,0,0.002
1042,0.677,0.57,0,0.002,0.047,0,0,,0,,,,0,,,,,0,0,0,0,0,0,0,0,1,0,1,0,1,2,0,0,0,0,0,0,272,0,0,0.002
1043,0.646,0.54,0,0.003,0.028,0,0,,0,,,,0,,,,,0,0,0,0,0,0,0,0,1,0,1,0,1,2,0,0,0,0,0,0,272,0,0.001,0.004
1044,0.635,0.541,0,0.003,0.027,0,0,,0,,,,0,,,,,0,0,0,0,0,0,0,0,1,0,1,0,1,2,0,0,0,0,0,0,272,0,0,0.004
1045,0.692,0.572,0,0.01,0.04,0,0,,0,,,,0,,,,,0,0,0,0,0,0,0,0,1,0,1,0,1,2,0,0,0,0,0,0,272,0,0.001,0.003
1046,0.609,0.516,0,0.002,0.038,0,0,,0,,,,0,,,,,0,0,0,0,0,0,0,0,1,0,1,0,1,2,0,0,0,0,0,0,272,0,0,0.003
1047,0.998,0.767,0,0.002,0.131,0,0,,0,,,,0,,,,,0,0,0,0,0,0,0,0,1,0,1,0,1,2,0,0,0,0,0,0,272,0.001,0.001,0.005
1048,1.22,0.558,0.001,0.004,0.034,0,0,,0,,,,0,,,,,0,0,0,0,0,0,0,0,1,0,1,0,1,2,0,0,0,0,0,0,272,0.001,0.002,0.007
1049,0.108,0.001,0,0.002,0.029,0,0,,0,,,,0,,,,,0,0,0,0,0,0,0,0,1,0,1,0,1,2,0,0,0,0,0,0,272,0,0,0.004
1050,0.652,0.552,0,0.002,0.027,0,0,,1,453.125,229781504,286490624,1,62503872,62503872,135081984,38823561584,0,0,0,0,0,0,0,0,1,0,1,0,1,2,0,0,0,0,0,0,272,0,0,0.004
1051,0.989,0.881,0,0.002,0.031,0,0,,0,,,,0,,,,,0,0,0,0,0,0,0,0,1,0,1,0,1,2,0,0,0,0,0,0,272,0.001,0.001,0.004
1052,0.727,0.551,0,0.027,0.081,0,0,,0,,,,0,,,,,0,0,0,0,0,0,0,0,1,0,1,0,1,2,0,0,0,0,0,0,272,0,0.001,0.004
1053,0.605,0.421,0,0.001,0.064,0,0,,0,,,,0,,,,,0,0,0,0,0,0,0,0,1,0,1,0,1,2,0,0,0,0,0,0,272,0,0.001,0.005
1054,0.576,0.462,0,0.004,0.028,0,0,,0,,,,0,,,,,0,0,0,0,0,0,0,0,1,0,1,0,1,2,0,0,0,0,0,0,272,0,0.001,0.004
1055,0.525,0.474,0,0.001,0.017,0,0,,0,,,,0,,,,,0,0,0,0,0,0,0,0,1,0,1,0,1,2,0,0,0,0,0,0,272,0,0,0.002
1056,1.835,1.707,0,0.003,0.04,0,0,,0,,,,0,,,,,0,0,0,0,0,0,0,0,1,0,1,0,1,2,0,0,0,0,0,0,272,0,0.001,0.006
1057,2.028,1.973,0,0.001,0.022,0,0,,0,,,,0,,,,,0,0,0,0,0,0,0,0,1,0,1,0,1,2,0,0,0,0,0,0,272,0,0,0.002
1058,3.337,3.168,0,0.004,0.048,0,0,,0,,,,0,,,,,0,0,0,0,0,0,0,0,1,0,1,0,1,2,0,0,0,0,0,0,272,0.001,0.002,0.006
1059,0.788,0.649,0,0.003,0.047,0,0,,0,,,,0,,,,,0,0,0,0,0,0,0,0,1,0,1,0,1,2,0,0,0,0,0,0,272,0,0.001,0.005
1060,0.801,0.7,0,0.001,0.045,0,0,,0,,,,0,,,,,0,0,0,0,0,0,0,0,1,0,1,0,1,2,0,0,0,0,0,0,272,0.001,0,0.003
1061,0.847,0.768,0,0.001,0.037,0,0,,0,,,,0,,,,,0,0,0,0,0,0,0,0,1,0,1,0,1,2,0,0,0,0,0,0,272,0,0,0.002
1062,0.821,0.749,0,0.001,0.036,0,0,,0,,,,0,,,,,0,0,0,0,0,0,0,0,1,0,1,0,1,2,0,0,0,0,0,0,272,0.001,0,0.002
1063,0.923,0.772,0,0.003,0.043,0,0,,0,,,,0,,,,,0,0,0,0,0,0,0,0,1,0,1,0,1,2,0,0,0,0,0,0,272,0,0.001,0.005
1064,0.743,0.65,0,0.002,0.032,0,0,,0,,,,0,,,,,0,0,0,0,0,0,0,0,1,0,1,0,1,2,0,0,0,0,0,0,272,0,0.001,0.003
1065,1.715,1.409,0,0.003,0.22,0,0,,0,,,,0,,,,,0,0,0,0,0,0,0,0,1,0,1,0,1,2,0,0,0,0,0,0,272,0.001,0.001,0.004
1066,0.732,0.613,0,0.002,0.042,0,0,,0,,,,0,,,,,0,0,0,0,0,0,0,0,1,0,1,0,1,2,0,0,0,0,0,0,272,0,0.001,0.005
1067,0.716,0.619,0,0.002,0.031,0,0,,0,,,,0,,,,,0,0,0,0,0,0,0,0,1,0,1,0,1,2,0,0,0,0,0,0,272,0,0,0.004
1068,1.586,1.435,0,0.003,0.036,0,0,,0,,,,0,,,,,0,0,0,0,0,0,0,0,1,0,1,0,1,2,0,0,0,0,0,0,272,0,0.002,0.006
1069,1.123,1.005,0.001,0.003,0.032,0,0,,0,,,,0,,,,,0,0,0,0,0,0,0,0,1,0,1,0,1,2,0,0,0,0,0,0,272,0,0.001,0.005
1070,0.749,0.692,0.001,0.001,0.02,0,0,,0,,,,0,,,,,0,0,0,0,0,0,0,0,1,0,1,0,1,2,0,0,0,0,0,0,272,0,0.001,0.002
1071,0.856,0.753,0,0.001,0.052,0,0,,0,,,,0,,,,,0,0,0,0,0,0,0,0,1,0,1,0,1,2,0,0,0,0,0,0,272,0,0,0.003
1072,0.808,0.697,0,0.002,0.032,0,0,,0,,,,0,,,,,0,0,0,0,0,0,0,0,1,0,1,0,1,2,0,0,0,0,0,0,272,0.001,0.002,0.006
1073,0.732,0.673,0,0.001,0.025,0,0,,0,,,,0,,,,,0,0,0,0,0,0,0,0,1,0,1,0,1,2,0,0,0,0,0,0,272,0,0.001,0.002
1074,0.799,0.742,0,0.001,0.025,0,0,,0,,,,0,,,,,0,0,0,0,0,0,0,0,1,0,1,0,1,2,0,0,0,0,0,0,272,0,0,0.002
1075,0.831,0.757,0,0.002,0.035,0,0,,0,,,,0,,,,,0,0,0,0,0,0,0,0,1,0,1,0,1,2,0,0,0,0,0,0,272,0,0,0.002
1076,0.949,0.716,0,0.004,0.109,0,0,,0,,,,0,,,,,0,0,0,0,0,0,0,0,1,0,1,0,1,2,0,0,0,0,0,0,272,0,0.001,0.005
1077,0.68,0.527,0,0.027,0.058,0,0,,0,,,,0,,,,,0,0,0,0,0,0,0,0,1,0,1,0,1,2,0,0,0,0,0,0,272,0,0.001,0.003
1078,0.784,0.602,0,0.002,0.073,0,0,,0,,,,0,,,,,0,0,0,0,0,0,0,0,1,0,1,0,1,2,0,0,0,0,0,0,272,0,0.001,0.005
1079,0.67,0.557,0,0.002,0.037,0,0,,0,,,,0,,,,,0,0,0,0,0,0,0,0,1,0,1,0,1,2,0,0,0,0,0,0,272,0,0,0.004
1080,2.139,1.897,0.001,0.004,0.082,0,0,,1,468.75,229781504,286490624,1,62503872,62503872,135081984,38823561584,0,0,0,0,0,0,0,0,1,0,1,0,1,2,0,0,0,0,0,0,272,0,0.002,0.009
1081,5.403,5.191,0,0.005,0.052,0,0,,0,,,,0,,,,,0,0,0,0,0,0,0,0,1,0,1,0,1,2,0,0,0,0,0,0,272,0,0.002,0.01
1082,7.802,7.57,0,0.006,0.078,0,0,,0,,,,0,,,,,0,0,0,0,0,0,0,0,1,0,1,0,1,2,0,0,0,0,0,0,272,0,0.002,0.011
1083,0.811,0.559,0,0.005,0.084,0,0,,0,,,,0,,,,,0,0,0,0,0,0,0,0,1,0,1,0,1,2,0,0,0,0,0,0,272,0.001,0.002,0.008
1084,0.611,0.525,0,0.002,0.029,0,0,,0,,,,0,,,,,0,0,0,0,0,0,0,0,1,0,1,0,1,2,0,0,0,0,0,0,272,0,0,0.003
1085,0.807,0.748,0.001,0.001,0.021,0,0,,0,,,,0,,,,,0,0,0,0,0,0,0,0,1,0,1,0,1,2,0,0,0,0,0,0,272,0,0,0.002
1086,0.972,0.834,0,0.003,0.034,0,0,,0,,,,0,,,,,0,0,0,0,0,0,0,0,1,0,1,0,1,2,0,0,0,0,0,0,272,0,0.001,0.005
1087,0.864,0.688,0.001,0.003,0.054,0,0,,0,,,,0,,,,,0,0,0,0,0,0,0,0,1,0,1,0,1,2,0,0,0,0,0,0,272,0.001,0.001,0.005
1088,0.6,0.52,0,0.002,0.019,0,0,,0,,,,0,,,,,0,0,0,0,0,0,0,0,1,0,1,0,1,2,0,0,0,0,0,0,272,0,0.001,0.003
1089,1.182,1.03,0,0.003,0.051,0,0,,0,,,,0,,,,,0,0,0,0,0,0,0,0,1,0,1,0,1,2,0,0,0,0,0,0,272,0,0.001,0.005
1090,0.929,0.733,0,0.003,0.074,0,0,,0,,,,0,,,,,0,0,0,0,0,0,0,0,1,0,1,0,1,2,0,0,0,0,0,0,272,0,0.001,0.006
1091,0.687,0.525,0,0.004,0.044,0,0,,0,,,,0,,,,,0,0,0,0,0,0,0,0,1,0,1,0,1,2,0,0,0,0,0,0,272,0,0.001,0.006
1092,1.892,1.658,0,0.004,0.091,0,0,,0,,,,0,,,,,0,0,0,0,0,0,0,0,1,0,1,0,1,2,0,0,0,0,0,0,272,0.001,0.002,0.007
1093,0.727,0.593,0,0.003,0.046,0,0,,0,,,,0,,,,,0,0,0,0,0,0,0,0,1,0,1,0,1,2,0,0,0,0,0,0,272,0.001,0,0.004
1094,0.82,0.677,0,0.002,0.051,0,0,,0,,,,0,,,,,0,0,0,0,0,0,0,0,1,0,1,0,1,2,0,0,0,0,0,0,272,0,0.001,0.005
1095,0.798,0.688,0,0.002,0.044,0,0,,0,,,,0,,,,,0,0,0,0,0,0,0,0,1,0,1,0,1,2,0,0,0,0,0,0,272,0,0.001,0.003
1096,0.776,0.691,0,0.001,0.041,0,0,,0,,,,0,,,,,0,0,0,0,0,0,0,0,1,0,1,0,1,2,0,0,0,0,0,0,272,0,0.001,0.002
1097,0.818,0.748,0.001,0.001,0.035,0,0,,0,,,,0,,,,,0,0,0,0,0,0,0,0,1,0,1,0,1,2,0,0,0,0,0,0,272,0,0,0.002
1098,0.878,0.75,0,0.002,0.045,0,0,,0,,,,0,,,,,0,0,0,0,0,0,0,0,1,0,1,0,1,2,0,0,0,0,0,0,272,0,0,0.004
1099,0.934,0.749,0,0.004,0.069,0,0,,0,,,,0,,,,,0,0,0,0,0,0,0,0,1,0,1,0,1,2,0,0,0,0,0,0,272,0,0.001,0.006
1100,0.543,0.473,0,0.002,0.023,0,0,,0,,,,0,,,,,0,0,0,0,0,0,0,0,1,0,1,0,1,2,0,0,0,0,0,0,272,0.001,0,0.003
1101,1,0.773,0,0.003,0.07,0,0,,0,,,,0,,,,,0,0,0,0,0,0,0,0,1,0,1,0,1,2,0,0,0,0,0,0,272,0.001,0.001,0.007
1102,0.763,0.547,0.001,0.004,0.081,0,0,,0,,,,0,,,,,0,0,0,0,0,0,0,0,1,0,1,0,1,2,0,0,0,0,0,0,272,0,0.002,0.006
1103,0.654,0.543,0,0.002,0.042,0,0,,0,,,,0,,,,,0,0,0,0,0,0,0,0,1,0,1,0,1,2,0,0,0,0,0,0,272,0,0,0.003
1104,0.843,0.754,0,0.002,0.046,0,0,,0,,,,0,,,,,0,0,0,0,0,0,0,0,1,0,1,0,1,2,0,0,0,0,0,0,272,0,0,0.003
1105,0.922,0.725,0.001,0.004,0.057,0,0,,0,,,,0,,,,,0,0,0,0,0,0,0,0,1,0,1,0,1,2,0,0,0,0,0,0,272,0.001,0.002,0.006
1106,0.727,0.59,0,0.002,0.045,0,0,,0,,,,0,,,,,0,0,0,0,0,0,0,0,1,0,1,0,1,2,0,0,0,0,0,0,272,0.001,0.001,0.004
1107,1.148,1.084,0,0.002,0.019,0,0,,0,,,,0,,,,,0,0,0,0,0,0,0,0,1,0,1,0,1,2,0,0,0,0,0,0,272,0,0.001,0.002
1108,0.908,0.766,0,0.004,0.026,0,0,,0,,,,0,,,,,0,0,0,0,0,0,0,0,1,0,1,0,1,2,0,0,0,0,0,0,272,0,0,0.005
1109,0.716,0.628,0,0.003,0.027,0,0,,0,,,,0,,,,,0,0,0,0,0,0,0,0,1,0,1,0,1,2,0,0,0,0,0,0,272,0,0,0.003
1110,2.184,1.923,0,0.005,0.093,0,0,,1,468.75,229781504,286490624,1,62503872,62503872,135081984,38823561584,0,0,0,0,0,0,0,0,1,0,1,0,1,2,0,0,0,0,0,0,272,0.001,0.002,0.008
1111,0.58,0.479,0.001,0.001,0.041,0,0,,0,,,,0,,,,,0,0,0,0,0,0,0,0,1,0,1,0,1,2,0,0,0,0,0,0,272,0,0.001,0.003
1112,0.849,0.759,0,0,0.049,0,0,,0,,,,0,,,,,0,0,0,0,0,0,0,0,1,0,1,0,1,2,0,0,0,0,0,0,272,0,0,0.003
1113,0.798,0.723,0,0.001,0.041,0,0,,0,,,,0,,,,,0,0,0,0,0,0,0,0,1,0,1,0,1,2,0,0,0,0,0,0,272,0,0,0.001
1114,0.798,0.73,0,0.001,0.033,0,0,,0,,,,0,,,,,0,0,0,0,0,0,0,0,1,0,1,0,1,2,0,0,0,0,0,0,272,0,0.001,0.002
1115,0.828,0.752,0,0.001,0.04,0,0,,0,,,,0,,,,,0,0,0,0,0,0,0,0,1,0,1,0,1,2,0,0,0,0,0,0,272,0,0,0.002
1116,0.911,0.73,0,0.003,0.068,0,0,,0,,,,0,,,,,0,0,0,0,0,0,0,0,1,0,1,0,1,2,0,0,0,0,0,0,272,0,0.001,0.006
1117,0.805,0.623,0.001,0.003,0.058,0,0,,0,,,,0,,,,,0,0,0,0,0,0,0,0,1,0,1,0,1,2,0,0,0,0,0,0,272,0.001,0.002,0.006
1118,0.678,0.611,0,0.001,0.024,0,0,,0,,,,0,,,,,0,0,0,0,0,0,0,0,1,0,1,0,1,2,0,0,0,0,0,0,272,0.001,0,0.003
1119,0.921,0.766,0.001,0.003,0.053,0,0,,0,,,,0,,,,,0,0,0,0,0,0,0,0,1,0,1,0,1,2,0,0,0,0,0,0,272,0.001,0.001,0.005
1120,0.786,0.686,0,0.002,0.045,0,0,,0,,,,0,,,,,0,0,0,0,0,0,0,0,1,0,1,0,1,2,0,0,0,0,0,0,272,0,0,0.003
1121,0.873,0.795,0,0.001,0.04,0,0,,0,,,,0,,,,,0,0,0,0,0,0,0,0,1,0,1,0,1,2,0,0,0,0,0,0,272,0,0,0.002
1122,0.898,0.824,0,0.001,0.039,0,0,,0,,,,0,,,,,0,0,0,0,0,0,0,0,1,0,1,0,1,2,0,0,0,0,0,0,272,0,0,0.002
1123,0.922,0.816,0.001,0.002,0.036,0,0,,0,,,,0,,,,,0,0,0,0,0,0,0,0,1,0,1,0,1,2,0,0,0,0,0,0,272,0,0.001,0.004
1124,0.9,0.804,0,0.001,0.025,0,0,,0,,,,0,,,,,0,0,0,0,0,0,0,0,1,0,1,0,1,2,0,0,0,0,0,0,272,0,0,0.004
1125,1.537,1.391,0,0.003,0.042,0,0,,0,,,,0,,,,,0,0,0,0,0,0,0,0,1,0,1,0,1,2,0,0,0,0,0,0,272,0,0.001,0.005
1126,0.857,0.756,0,0.002,0.029,0,0,,0,,,,0,,,,,0,0,0,0,0,0,0,0,1,0,1,0,1,2,0,0,0,0,0,0,272,0,0.001,0.004
1127,0.828,0.745,0,0.001,0.029,0,0,,0,,,,0,,,,,0,0,0,0,0,0,0,0,1,0,1,0,1,2,0,0,0,0,0,0,272,0,0,0.003
1128,2.246,2.053,0.001,0.004,0.052,0,0,,0,,,,0,,,,,0,0,0,0,0,0,0,0,1,0,1,0,1,2,0,0,0,0,0,0,272,0,0.002,0.007
1129,0.853,0.752,0,0.001,0.048,0,0,,0,,,,0,,,,,0,0,0,0,0,0,0,0,1,0,1,0,1,2,0,0,0,0,0,0,272,0,0,0.003
1130,1.021,0.809,0,0.004,0.068,0,0,,0,,,,0,,,,,0,0,0,0,0,0,0,0,1,0,1,0,1,2,0,0,0,0,0,0,272,0,0.001,0.008
1131,0.755,0.671,0,0.001,0.042,0,0,,0,,,,0,,,,,0,0,0,0,0,0,0,0,1,0,1,0,1,2,0,0,0,0,0,0,272,0,0,0.002
1132,0.925,0.828,0,0.002,0.043,0,0,,0,,,,0,,,,,0,0,0,0,0,0,0,0,1,0,1,0,1,2,0,0,0,0,0,0,272,0,0,0.003
1133,0.95,0.81,0.001,0.002,0.041,0,0,,0,,,,0,,,,,0,0,0,0,0,0,0,0,1,0,1,0,1,2,0,0,0,0,0,0,272,0.001,0.001,0.004
1134,1.405,0.769,0,0.003,0.529,0,0,,0,,,,0,,,,,0,0,0,0,0,0,0,0,1,0,1,0,1,2,0,0,0,0,0,0,272,0,0.001,0.005
1135,0.408,0.258,0,0.003,0.054,0,0,,0,,,,0,,,,,0,0,0,0,0,0,0,0,1,0,1,0,1,2,0,0,0,0,0,0,272,0,0,0.005
1136,1.9,1.788,0,0.003,0.034,0,0,,0,,,,0,,,,,0,0,0,0,0,0,0,0,1,0,1,0,1,2,0,0,0,0,0,0,272,0,0.001,0.004
1137,0.876,0.742,0,0.003,0.042,0,0,,0,,,,0,,,,,0,0,0,0,0,0,0,0,1,0,1,0,1,2,0,0,0,0,0,0,272,0,0.001,0.005
1138,1.05,0.793,0.001,0.004,0.113,0,0,,0,,,,0,,,,,0,0,0,0,0,0,0,0,1,0,1,0,1,2,0,0,0,0,0,0,272,0,0.001,0.007
1139,1.035,0.699,0.001,0.006,0.147,0,0,,0,,,,0,,,,,0,0,0,0,0,0,0,0,1,0,1,0,1,2,0,0,0,0,0,0,272,0.001,0.002,0.01
1140,1.205,0.809,0,0.005,0.194,0,0,,1,468.75,229781504,286490624,1,62503872,62503872,135081984,38823561584,0,0,0,0,0,0,0,0,1,0,1,0,1,2,0,0,0,0,0,0,272,0,0.002,0.008
1141,0.985,0.278,0,0.003,0.596,0,0,,0,,,,0,,,,,0,0,0,0,0,0,0,0,1,0,1,0,1,2,0,0,0,0,0,0,272,0.001,0.001,0.005
1142,0.438,0.309,0,0.003,0.042,0,0,,0,,,,0,,,,,0,0,0,0,0,0,0,0,1,0,1,0,1,2,0,0,0,0,0,0,272,0,0.001,0.004
1143,0.699,0.607,0,0.002,0.034,0,0,,0,,,,0,,,,,0,0,0,0,0,0,0,0,1,0,1,0,1,2,0,0,0,0,0,0,272,0,0,0.004
1144,0.961,0.839,0.001,0.002,0.035,0,0,,0,,,,0,,,,,0,0,0,0,0,0,0,0,1,0,1,0,1,2,0,0,0,0,0,0,272,0,0.001,0.005
1145,2.922,2.799,0,0.003,0.034,0,0,,0,,,,0,,,,,0,0,0,0,0,0,0,0,1,0,1,0,1,2,0,0,0,0,0,0,272,0,0.002,0.005
1146,1.587,1.5,0.001,0.002,0.028,0,0,,0,,,,0,,,,,0,0,0,0,0,0,0,0,1,0,1,0,1,2,0,0,0,0,0,0,272,0,0,0.003
1147,0.969,0.859,0,0.002,0.044,0,0,,0,,,,0,,,,,0,0,0,0,0,0,0,0,1,0,1,0,1,2,0,0,0,0,0,0,272,0,0,0.004
1148,0.898,0.822,0,0.002,0.033,0,0,,0,,,,0,,,,,0,0,0,0,0,0,0,0,1,0,1,0,1,2,0,0,0,0,0,0,272,0,0.001,0.002
1149,1.251,1.077,0.001,0.004,0.058,0,0,,0,,,,0,,,,,0,0,0,0,0,0,0,0,1,0,1,0,1,2,0,0,0,0,0,0,272,0.001,0.001,0.006
1150,0.725,0.61,0,0.002,0.051,0,0,,0,,,,0,,,,,0,0,0,0,0,0,0,0,1,0,1,0,1,2,0,0,0,0,0,0,272,0,0.001,0.004
1151,0.748,0.662,0,0.002,0.045,0,0,,0,,,,0,,,,,0,0,0,0,0,0,0,0,1,0,1,0,1,2,0,0,0,0,0,0,272,0,0,0.002
1152,0.795,0.698,0,0.002,0.041,0,0,,0,,,,0,,,,,0,0,0,0,0,0,0,0,1,0,1,0,1,2,0,0,0,0,0,0,272,0,0.001,0.003
1153,0.786,0.668,0.001,0.002,0.04,0,0,,0,,,,0,,,,,0,0,0,0,0,0,0,0,1,0,1,0,1,2,0,0,0,0,0,0,272,0,0,0.004
1154,0.758,0.68,0,0.001,0.028,0,0,,0,,,,0,,,,,0,0,0,0,0,0,0,0,1,0,1,0,1,2,0,0,0,0,0,0,272,0,0,0.002
1155,0.921,0.807,0,0.003,0.032,0,0,,0,,,,0,,,,,0,0,0,0,0,0,0,0,1,0,1,0,1,2,0,0,0,0,0,0,272,0.001,0.001,0.004
1156,0.983,0.881,0.001,0.002,0.024,0,0,,0,,,,0,,,,,0,0,0,0,0,0,0,0,1,0,1,0,1,2,0,0,0,0,0,0,272,0,0.001,0.004
1157,0.701,0.621,0,0.002,0.021,0,0,,0,,,,0,,,,,0,0,0,0,0,0,0,0,1,0,1,0,1,2,0,0,0,0,0,0,272,0.001,0.001,0.003
1158,1.496,1.332,0.001,0.004,0.062,0,0,,0,,,,0,,,,,0,0,0,0,0,0,0,0,1,0,1,0,1,2,0,0,0,0,0,0,272,0.001,0.001,0.005
1159,1.643,1.53,0,0.005,0.029,0,0,,0,,,,0,,,,,0,0,0,0,0,0,0,0,1,0,1,0,1,2,0,0,0,0,0,0,272,0,0,0.003
1160,1.367,1.228,0,0.002,0.048,0,0,,0,,,,0,,,,,0,0,0,0,0,0,0,0,1,0,1,0,1,2,0,0,0,0,0,0,272,0,0.001,0.004
1161,0.645,0.546,0,0.001,0.033,0,0,,0,,,,0,,,,,0,0,0,0,0,0,0,0,1,0,1,0,1,2,0,0,0,0,0,0,272,0,0,0.003
1162,0.783,0.695,0.001,0.001,0.035,0,0,,0,,,,0,,,,,0,0,0,0,0,0,0,0,1,0,1,0,1,2,0,0,0,0,0,0,272,0,0.001,0.002
1163,0.785,0.684,0,0.002,0.043,0,0,,0,,,,0,,,,,0,0,0,0,0,0,0,0,1,0,1,0,1,2,0,0,0,0,0,0,272,0,0.001,0.003
1164,0.835,0.705,0,0.002,0.041,0,0,,0,,,,0,,,,,0,0,0,0,0,0,0,0,1,0,1,0,1,2,0,0,0,0,0,0,272,0,0.001,0.004
1165,0.799,0.604,0,0.004,0.053,0,0,,0,,,,0,,,,,0,0,0,0,0,0,0,0,1,0,1,0,1,2,0,0,0,0,0,0,272,0.001,0.002,0.007
1166,0.667,0.56,0.001,0.002,0.024,0,0,,0,,,,0,,,,,0,0,0,0,0,0,0,0,1,0,1,0,1,2,0,0,0,0,0,0,272,0,0.001,0.005
1167,0.999,0.857,0,0.002,0.025,0,0,,0,,,,0,,,,,0,0,0,0,0,0,0,0,1,0,1,0,1,2,0,0,0,0,0,0,272,0,0.001,0.06
1168,0.772,0.67,0,0.002,0.033,0,0,,0,,,,0,,,,,0,0,0,0,0,0,0,0,1,0,1,0,1,2,0,0,0,0,0,0,272,0,0.001,0.004
1169,0.798,0.651,0,0.003,0.052,0,0,,0,,,,0,,,,,0,0,0,0,0,0,0,0,1,0,1,0,1,2,0,0,0,0,0,0,272,0,0.001,0.004
1170,0.779,0.606,0,0.004,0.052,0,0,,1,468.75,229785600,286490624,1,62503872,62503872,135081984,38823561584,0,0,0,0,0,0,0,0,1,0,1,0,1,2,0,0,0,0,0,0,272,0,0.001,0.005
1171,0.694,0.51,0,0.003,0.08,0,0,,0,,,,0,,,,,0,0,0,0,0,0,0,0,1,0,1,0,1,2,0,0,0,0,0,0,272,0,0.001,0.005
1172,0.682,0.52,0,0.003,0.059,0,0,,0,,,,0,,,,,0,0,0,0,0,0,0,0,1,0,1,0,1,2,0,0,0,0,0,0,272,0,0.001,0.004
1173,0.817,0.621,0,0.004,0.063,0,0,,0,,,,0,,,,,0,0,0,0,0,0,0,0,1,0,1,0,1,2,0,0,0,0,0,0,272,0.001,0.002,0.007
1174,0.638,0.527,0,0.003,0.03,0,0,,0,,,,0,,,,,0,0,0,0,0,0,0,0,1,0,1,0,1,2,0,0,0,0,0,0,272,0,0.001,0.004
1175,1.152,0.902,0,0.003,0.148,0,0,,0,,,,0,,,,,0,0,0,0,0,0,0,0,1,0,1,0,1,2,0,0,0,0,0,0,272,0,0.001,0.005
1176,0.618,0.488,0,0.003,0.034,0,0,,0,,,,0,,,,,0,0,0,0,0,0,0,0,1,0,1,0,1,2,0,0,0,0,0,0,272,0,0.001,0.005
1177,2.593,2.349,0.001,0.017,0.055,0,0,,0,,,,0,,,,,0,0,0,0,0,0,0,0,1,0,1,0,1,2,0,0,0,0,0,0,272,0.001,0.002,0.01
1178,11.307,11.06,0,0.006,0.047,0,0,,0,,,,0,,,,,0,0,0,0,0,0,0,0,1,0,1,0,1,2,0,0,0,0,0,0,272,0,0.003,0.028
1179,3.278,3.02,0.001,0.007,0.074,0,0,,0,,,,0,,,,,0,0,0,0,0,0,0,0,1,0,1,0,1,2,0,0,0,0,0,0,272,0.001,0.002,0.012
1180,9.485,9.304,0.001,0.004,0.048,0,0,,0,,,,0,,,,,0,0,0,0,0,0,0,0,1,0,1,0,1,2,0,0,0,0,0,0,272,0.001,0.002,0.01
1181,0.352,0.27,0,0.001,0.023,0,0,,0,,,,0,,,,,0,0,0,0,0,0,0,0,1,0,1,0,1,2,0,0,0,0,0,0,272,0,0.001,0.004
1182,1.344,1.222,0,0.003,0.036,0,0,,0,,,,0,,,,,0,0,0,0,0,0,0,0,1,0,1,0,1,2,0,0,0,0,0,0,272,0,0.001,0.004
1183,1.255,1.096,0,0.005,0.043,0,0,,0,,,,0,,,,,0,0,0,0,0,0,0,0,1,0,1,0,1,2,0,0,0,0,0,0,272,0,0.001,0.006
1184,0.963,0.727,0,0.006,0.04,0,0,,0,,,,0,,,,,0,0,0,0,0,0,0,0,1,0,1,0,1,2,0,0,0,0,0,0,272,0,0.002,0.01
1185,1.127,0.987,0.001,0.002,0.051,0,0,,0,,,,0,,,,,0,0,0,0,0,0,0,0,1,0,1,0,1,2,0,0,0,0,0,0,272,0.001,0.001,0.005
1186,0.903,0.768,0,0.003,0.052,0,0,,0,,,,0,,,,,0,0,0,0,0,0,0,0,1,0,1,0,1,2,0,0,0,0,0,0,272,0.001,0.001,0.005
1187,1.099,0.891,0,0.003,0.105,0,0,,0,,,,0,,,,,0,0,0,0,0,0,0,0,1,0,1,0,1,2,0,0,0,0,0,0,272,0,0.001,0.005
1188,0.747,0.655,0,0.002,0.03,0,0,,0,,,,0,,,,,0,0,0,0,0,0,0,0,1,0,1,0,1,2,0,0,0,0,0,0,272,0,0.001,0.003
1189,3.846,3.678,0,0.003,0.057,0,0,,0,,,,0,,,,,0,0,0,0,0,0,0,0,1,0,1,0,1,2,0,0,0,0,0,0,272,0,0.001,0.007
1190,0.803,0.658,0,0.004,0.033,0,0,,0,,,,0,,,,,0,0,0,0,0,0,0,0,1,0,1,0,1,2,0,0,0,0,0,0,272,0,0.002,0.006
1191,0.77,0.707,0,0.001,0.024,0,0,,0,,,,0,,,,,0,0,0,0,0,0,0,0,1,0,1,0,1,2,0,0,0,0,0,0,272,0,0,0.003
1192,0.905,0.807,0,0.002,0.045,0,0,,0,,,,0,,,,,0,0,0,0,0,0,0,0,1,0,1,0,1,2,0,0,0,0,0,0,272,0,0,0.003
1193,1.398,1.205,0,0.005,0.054,0,0,,0,,,,0,,,,,0,0,0,0,0,0,0,0,1,0,1,0,1,2,0,0,0,0,0,0,272,0.001,0.001,0.007
1194,0.853,0.764,0,0.002,0.024,0,0,,0,,,,0,,,,,0,0,0,0,0,0,0,0,1,0,1,0,1,2,0,0,0,0,0,0,272,0,0,0.003
1195,1.36,1.212,0.001,0.003,0.05,0,0,,0,,,,0,,,,,0,0,0,0,0,0,0,0,1,0,1,0,1,2,0,0,0,0,0,0,272,0,0,0.005
1196,0.862,0.695,0,0.003,0.048,0,0,,0,,,,0,,,,,0,0,0,0,0,0,0,0,1,0,1,0,1,2,0,0,0,0,0,0,272,0.001,0.001,0.006
1197,0.723,0.617,0.001,0.002,0.033,0,0,,0,,,,0,,,,,0,0,0,0,0,0,0,0,1,0,1,0,1,2,0,0,0,0,0,0,272,0,0.001,0.004
1198,0.785,0.687,0,0.002,0.03,0,0,,0,,,,0,,,,,0,0,0,0,0,0,0,0,1,0,1,0,1,2,0,0,0,0,0,0,272,0,0.001,0.004
1199,1.186,1.019,0,0.003,0.055,0,0,,0,,,,0,,,,,0,0,0,0,0,0,0,0,1,0,1,0,1,2,0,0,0,0,0,0,272,0.001,0.001,0.006
1200,0.761,0.654,0,0.003,0.029,0,0,,1,468.75,229785600,286490624,1,62503872,62503872,135081984,38823561584,0,0,0,0,0,0,0,0,1,0,1,0,1,2,0,0,0,0,0,0,272,0,0.001,0.004
1201,0.719,0.661,0,0.001,0.022,0,0,,0,,,,0,,,,,0,0,0,0,0,0,0,0,1,0,1,0,1,2,0,0,0,0,0,0,272,0,0.001,0.001
1202,1.15,1.048,0.001,0.001,0.053,0,0,,0,,,,0,,,,,0,0,0,0,0,0,0,0,1,0,1,0,1,2,0,0,0,0,0,0,272,0.001,0,0.003
1203,2.649,2.547,0.001,0.003,0.028,0,0,,0,,,,0,,,,,0,0,0,0,0,0,0,0,1,0,1,0,1,2,0,0,0,0,0,0,272,0,0.001,0.005
1204,0.766,0.72,0,0.001,0.022,0,0,,0,,,,0,,,,,0,0,0,0,0,0,0,0,1,0,1,0,1,2,0,0,0,0,0,0,272,0.001,0,0.001
1205,0.89,0.807,0,0.001,0.046,0,0,,0,,,,0,,,,,0,0,0,0,0,0,0,0,1,0,1,0,1,2,0,0,0,0,0,0,272,0,0,0.003
1206,0.89,0.741,0,0.003,0.051,0,0,,0,,,,0,,,,,0,0,0,0,0,0,0,0,1,0,1,0,1,2,0,0,0,0,0,0,272,0,0.001,0.005
1207,0.747,0.667,0.001,0.001,0.035,0,0,,0,,,,0,,,,,0,0,0,0,0,0,0,0,1,0,1,0,1,2,0,0,0,0,0,0,272,0,0.001,0.002
1208,1.205,1.121,0.001,0.001,0.041,0,0,,0,,,,0,,,,,0,0,0,0,0,0,0,0,1,0,1,0,1,2,0,0,0,0,0,0,272,0,0,0.003
1209,0.754,0.558,0.001,0.003,0.032,0,0,,0,,,,0,,,,,0,0,0,0,0,0,0,0,1,0,1,0,1,2,0,0,0,0,0,0,272,0.001,0.001,0.005
1210,0.43,0.376,0,0.002,0.023,0,0,,0,,,,0,,,,,0,0,0,0,0,0,0,0,1,0,1,0,1,2,0,0,0,0,0,0,272,0,0.001,0.001
1211,0.679,0.648,0,0,0.015,0,0,,0,,,,0,,,,,0,0,0,0,0,0,0,0,1,0,1,0,1,2,0,0,0,0,0,0,272,0,0,0.001
1212,0.628,0.603,0,0,0.013,0,0,,0,,,,0,,,,,0,0,0,0,0,0,0,0,1,0,1,0,1,2,0,0,0,0,0,0,272,0,0,0.001
1213,0.652,0.612,0,0,0.018,0,0,,0,,,,0,,,,,0,0,0,0,0,0,0,0,1,0,1,0,1,2,0,0,0,0,0,0,272,0,0,0.001
1214,0.773,0.628,0.001,0.002,0.049,0,0,,0,,,,0,,,,,0,0,0,0,0,0,0,0,1,0,1,0,1,2,0,0,0,0,0,0,272,0,0,0.004
1215,0.692,0.472,0,0.003,0.074,0,0,,0,,,,0,,,,,0,0,0,0,0,0,0,0,1,0,1,0,1,2,0,0,0,0,0,0,272,0.001,0.002,0.008
1216,0.683,0.528,0,0.003,0.065,0,0,,0,,,,0,,,,,0,0,0,0,0,0,0,0,1,0,1,0,1,2,0,0,0,0,0,0,272,0,0.001,0.004
1217,1.278,1.117,0,0.001,0.058,0,0,,0,,,,0,,,,,0,0,0,0,0,0,0,0,1,0,1,0,1,2,0,0,0,0,0,0,272,0,0.002,0.005
1218,0.537,0.147,0,0.003,0.293,0,0,,0,,,,0,,,,,0,0,0,0,0,0,0,0,1,0,1,0,1,2,0,0,0,0,0,0,272,0,0.001,0.005
1219,0.346,0.203,0,0.002,0.061,0,0,,0,,,,0,,,,,0,0,0,0,0,0,0,0,1,0,1,0,1,2,0,0,0,0,0,0,272,0,0,0.004
1220,0.855,0.732,0,0.003,0.034,0,0,,0,,,,0,,,,,0,0,0,0,0,0,0,0,1,0,1,0,1,2,0,0,0,0,0,0,272,0,0.001,0.005
1221,1.252,1.129,0,0.002,0.043,0,0,,0,,,,0,,,,,0,0,0,0,0,0,0,0,1,0,1,0,1,2,0,0,0,0,0,0,272,0,0.001,0.006
1222,0.544,0.502,0.001,0.001,0.013,0,0,,0,,,,0,,,,,0,0,0,0,0,0,0,0,1,0,1,0,1,2,0,0,0,0,0,0,272,0,0,0.002
1223,2.544,2.371,0.001,0.003,0.055,0,0,,0,,,,0,,,,,0,0,0,0,0,0,0,0,1,0,1,0,1,2,0,0,0,0,0,0,272,0.001,0.001,0.006
1224,0.543,0.382,0,0.003,0.065,0,0,,0,,,,0,,,,,0,0,0,0,0,0,0,0,1,0,1,0,1,2,0,0,0,0,0,0,272,0,0.001,0.005
1225,0.625,0.41,0,0.003,0.128,0,0,,0,,,,0,,,,,0,0,0,0,0,0,0,0,1,0,1,0,1,2,0,0,0,0,0,0,272,0,0.001,0.004
1226,0.485,0.407,0,0.002,0.023,0,0,,0,,,,0,,,,,0,0,0,0,0,0,0,0,1,0,1,0,1,2,0,0,0,0,0,0,272,0,0,0.003
1227,0.626,0.537,0,0.002,0.023,0,0,,0,,,,0,,,,,0,0,0,0,0,0,0,0,1,0,1,0,1,2,0,0,0,0,0,0,272,0,0.001,0.003
1228,0.687,0.557,0,0.002,0.041,0,0,,0,,,,0,,,,,0,0,0,0,0,0,0,0,1,0,1,0,1,2,0,0,0,0,0,0,272,0,0.001,0.004
1229,0.594,0.499,0,0.002,0.036,0,0,,0,,,,0,,,,,0,0,0,0,0,0,0,0,1,0,1,0,1,2,0,0,0,0,0,0,272,0,0.001,0.002
1230,1.034,0.953,0.001,0.001,0.025,0,0,,1,468.75,229785600,286490624,1,62503872,62503872,135081984,38823561584,0,0,0,0,0,0,0,0,1,0,1,0,1,2,0,0,0,0,0,0,272,0,0,0.004
1231,0.984,0.819,0.001,0.003,0.05,0,0,,0,,,,0,,,,,0,0,0,0,0,0,0,0,1,0,1,0,1,2,0,0,0,0,0,0,272,0.001,0.001,0.006
1232,0.881,0.762,0.001,0.002,0.051,0,0,,0,,,,0,,,,,0,0,0,0,0,0,0,0,1,0,1,0,1,2,0,0,0,0,0,0,272,0,0.001,0.002
1233,0.886,0.798,0,0.003,0.025,0,0,,0,,,,0,,,,,0,0,0,0,0,0,0,0,1,0,1,0,1,2,0,0,0,0,0,0,272,0,0.001,0.003
1234,0.94,0.835,0,0.002,0.027,0,0,,0,,,,0,,,,,0,0,0,0,0,0,0,0,1,0,1,0,1,2,0,0,0,0,0,0,272,0,0.001,0.005
1235,0.913,0.788,0,0.004,0.023,0,0,,0,,,,0,,,,,0,0,0,0,0,0,0,0,1,0,1,0,1,2,0,0,0,0,0,0,272,0,0,0.005
1236,1.202,1.087,0.001,0.002,0.033,0,0,,0,,,,0,,,,,0,0,0,0,0,0,0,0,1,0,1,0,1,2,0,0,0,0,0,0,272,0,0,0.005
1237,0.814,0.76,0.001,0.001,0.015,0,0,,0,,,,0,,,,,0,0,0,0,0,0,0,0,1,0,1,0,1,2,0,0,0,0,0,0,272,0,0.006,0.002
1238,1.667,1.51,0,0.002,0.031,0,0,,0,,,,0,,,,,0,0,0,0,0,0,0,0,1,0,1,0,1,2,0,0,0,0,0,0,272,0,0,0.005
1239,2.861,2.685,0.001,0.004,0.055,0,0,,0,,,,0,,,,,0,0,0,0,0,0,0,0,1,0,1,0,1,2,0,0,0,0,0,0,272,0.001,0.002,0.006
1240,0.838,0.751,0,0.002,0.028,0,0,,0,,,,0,,,,,0,0,0,0,0,0,0,0,1,0,1,0,1,2,0,0,0,0,0,0,272,0,0.001,0.004
1241,1.109,0.963,0,0.003,0.053,0,0,,0,,,,0,,,,,0,0,0,0,0,0,0,0,1,0,1,0,1,2,0,0,0,0,0,0,272,0.001,0.001,0.005
1242,0.887,0.631,0,0.003,0.149,0,0,,0,,,,0,,,,,0,0,0,0,0,0,0,0,1,0,1,0,1,2,0,0,0,0,0,0,272,0,0.001,0.005
1243,0.802,0.664,0,0.003,0.039,0,0,,0,,,,0,,,,,0,0,0,0,0,0,0,0,1,0,1,0,1,2,0,0,0,0,0,0,272,0,0.001,0.005
1244,1.572,1.441,0,0.003,0.036,0,0,,0,,,,0,,,,,0,0,0,0,0,0,0,0,1,0,1,0,1,2,0,0,0,0,0,0,272,0,0.001,0.005
1245,0.953,0.869,0,0.002,0.037,0,0,,0,,,,0,,,,,0,0,0,0,0,0,0,0,1,0,1,0,1,2,0,0,0,0,0,0,272,0,0,0.002
1246,1.009,0.865,0.001,0.003,0.049,0,0,,0,,,,0,,,,,0,0,0,0,0,0,0,0,1,0,1,0,1,2,0,0,0,0,0,0,272,0,0.001,0.004
1247,1.225,0.789,0,0.002,0.111,0,0,,0,,,,0,,,,,0,0,0,0,0,0,0,0,1,0,1,0,1,2,0,0,0,0,0,0,272,0.001,0.001,0.006
1248,0.625,0.411,0,0.002,0.067,0,0,,0,,,,0,,,,,0,0,0,0,0,0,0,0,1,0,1,0,1,2,0,0,0,0,0,0,272,0,0.001,0.007
1249,0.292,0.234,0,0.002,0.017,0,0,,0,,,,0,,,,,0,0,0,0,0,0,0,0,1,0,1,0,1,2,0,0,0,0,0,0,272,0,0.001,0.001
1250,0.957,0.711,0,0.004,0.126,0,0,,0,,,,0,,,,,0,0,0,0,0,0,0,0,1,0,1,0,1,2,0,0,0,0,0,0,272,0,0.002,0.006
1251,0.364,0.164,0,0.002,0.134,0,0,,0,,,,0,,,,,0,0,0,0,0,0,0,0,1,0,1,0,1,2,0,0,0,0,0,0,272,0,0.001,0.003
1252,0.411,0.303,0.001,0.002,0.032,0,0,,0,,,,0,,,,,0,0,0,0,0,0,0,0,1,0,1,0,1,2,0,0,0,0,0,0,272,0.001,0.001,0.004
1253,0.633,0.539,0,0.002,0.023,0,0,,0,,,,0,,,,,0,0,0,0,0,0,0,0,1,0,1,0,1,2,0,0,0,0,0,0,272,0.001,0.001,0.003
1254,1.066,0.909,0,0.002,0.052,0,0,,0,,,,0,,,,,0,0,0,0,0,0,0,0,1,0,1,0,1,2,0,0,0,0,0,0,272,0.001,0.001,0.006
1255,0.395,0.308,0,0.001,0.034,0,0,,0,,,,0,,,,,0,0,0,0,0,0,0,0,1,0,1,0,1,2,0,0,0,0,0,0,272,0,0,0.003
1256,0.469,0.396,0.001,0.001,0.032,0,0,,0,,,,0,,,,,0,0,0,0,0,0,0,0,1,0,1,0,1,2,0,0,0,0,0,0,272,0,0,0.002
1257,0.518,0.44,0,0,0.044,0,0,,0,,,,0,,,,,0,0,0,0,0,0,0,0,1,0,1,0,1,2,0,0,0,0,0,0,272,0.001,0,0.002
1258,1.589,1.55,0,0.001,0.014,0,0,,0,,,,0,,,,,0,0,0,0,0,0,0,0,1,0,1,0,1,2,0,0,0,0,0,0,272,0,0.001,0.001
1259,0.837,0.764,0,0.001,0.028,0,0,,0,,,,0,,,,,0,0,0,0,0,0,0,0,1,0,1,0,1,2,0,0,0,0,0,0,272,0,0,0.003
1260,0.496,0.412,0,0.002,0.022,0,0,,1,468.75,229785600,286490624,1,62503872,62503872,135081984,38823561584,0,0,0,0,0,0,0,0,1,0,1,0,1,2,0,0,0,0,0,0,272,0.001,0.001,0.004
1261,0.431,0.384,0,0.001,0.014,0,0,,0,,,,0,,,,,0,0,0,0,0,0,0,0,1,0,1,0,1,2,0,0,0,0,0,0,272,0.001,0,0.002
1262,0.518,0.453,0,0.001,0.025,0,0,,0,,,,0,,,,,0,0,0,0,0,0,0,0,1,0,1,0,1,2,0,0,0,0,0,0,272,0,0.001,0.002
1263,0.542,0.444,0,0.002,0.038,0,0,,0,,,,0,,,,,0,0,0,0,0,0,0,0,1,0,1,0,1,2,0,0,0,0,0,0,272,0,0,0.004
1264,0.472,0.393,0,0.002,0.039,0,0,,0,,,,0,,,,,0,0,0,0,0,0,0,0,1,0,1,0,1,2,0,0,0,0,0,0,272,0,0,0.002
1265,0.472,0.391,0,0.001,0.038,0,0,,0,,,,0,,,,,0,0,0,0,0,0,0,0,1,0,1,0,1,2,0,0,0,0,0,0,272,0,0.001,0.002
1266,0.482,0.411,0,0.001,0.036,0,0,,0,,,,0,,,,,0,0,0,0,0,0,0,0,1,0,1,0,1,2,0,0,0,0,0,0,272,0,0,0.002
1267,0.832,0.766,0.001,0.001,0.032,0,0,,0,,,,0,,,,,0,0,0,0,0,0,0,0,1,0,1,0,1,2,0,0,0,0,0,0,272,0,0,0.002
1268,0.741,0.638,0,0.002,0.041,0,0,,0,,,,0,,,,,0,0,0,0,0,0,0,0,1,0,1,0,1,2,0,0,0,0,0,0,272,0,0,0.003
1269,0.863,0.789,0,0.001,0.037,0,0,,0,,,,0,,,,,0,0,0,0,0,0,0,0,1,0,1,0,1,2,0,0,0,0,0,0,272,0,0.001,0.002
1270,0.869,0.799,0,0.001,0.039,0,0,,0,,,,0,,,,,0,0,0,0,0,0,0,0,1,0,1,0,1,2,0,0,0,0,0,0,272,0,0.001,0.001
1271,1.108,0.853,0.001,0.005,0.031,0,0,,0,,,,0,,,,,0,0,0,0,0,0,0,0,1,0,1,0,1,2,0,0,0,0,0,0,272,0.001,0.002,0.009
1272,0.595,0.517,0,0.002,0.026,0,0,,0,,,,0,,,,,0,0,0,0,0,0,0,0,1,0,1,0,1,2,0,0,0,0,0,0,272,0,0,0.003
1273,0.957,0.869,0.001,0.002,0.025,0,0,,0,,,,0,,,,,0,0,0,0,0,0,0,0,1,0,1,0,1,2,0,0,0,0,0,0,272,0,0.001,0.004
1274,0.828,0.728,0,0.002,0.03,0,0,,0,,,,0,,,,,0,0,0,0,0,0,0,0,1,0,1,0,1,2,0,0,0,0,0,0,272,0,0.001,0.004
1275,1.899,1.764,0,0.003,0.043,0,0,,0,,,,0,,,,,0,0,0,0,0,0,0,0,1,0,1,0,1,2,0,0,0,0,0,0,272,0,0.001,0.005
1276,0.829,0.748,0,0.001,0.034,0,0,,0,,,,0,,,,,0,0,0,0,0,0,0,0,1,0,1,0,1,2,0,0,0,0,0,0,272,0,0,0.002
1277,2.411,2.345,0,0.002,0.022,0,0,,0,,,,0,,,,,0,0,0,0,0,0,0,0,1,0,1,0,1,2,0,0,0,0,0,0,272,0,0.001,0.002
1278,0.834,0.789,0.001,0,0.016,0,0,,0,,,,0,,,,,0,0,0,0,0,0,0,0,1,0,1,0,1,2,0,0,0,0,0,0,272,0,0,0.002
1279,0.953,0.835,0.001,0.002,0.041,0,0,,0,,,,0,,,,,0,0,0,0,0,0,0,0,1,0,1,0,1,2,0,0,0,0,0,0,272,0,0.001,0.004
1280,0.788,0.702,0,0.002,0.037,0,0,,0,,,,0,,,,,0,0,0,0,0,0,0,0,1,0,1,0,1,2,0,0,0,0,0,0,272,0,0.001,0.002
1281,0.864,0.767,0,0.002,0.037,0,0,,0,,,,0,,,,,0,0,0,0,0,0,0,0,1,0,1,0,1,2,0,0,0,0,0,0,272,0,0,0.003
1282,0.819,0.748,0,0.001,0.032,0,0,,0,,,,0,,,,,0,0,0,0,0,0,0,0,1,0,1,0,1,2,0,0,0,0,0,0,272,0,0,0.002
1283,1.11,1.013,0.001,0.002,0.025,0,0,,0,,,,0,,,,,0,0,0,0,0,0,0,0,1,0,1,0,1,2,0,0,0,0,0,0,272,0.001,0,0.004
1284,0.832,0.752,0,0.002,0.02,0,0,,0,,,,0,,,,,0,0,0,0,0,0,0,0,1,0,1,0,1,2,0,0,0,0,0,0,272,0,0.001,0.003
1285,0.885,0.779,0,0.002,0.044,0,0,,0,,,,0,,,,,0,0,0,0,0,0,0,0,1,0,1,0,1,2,0,0,0,0,0,0,272,0,0,0.003
1286,0.803,0.708,0,0.002,0.04,0,0,,0,,,,0,,,,,0,0,0,0,0,0,0,0,1,0,1,0,1,2,0,0,0,0,0,0,272,0,0.001,0.003
1287,1.004,0.788,0.001,0.001,0.05,0,0,,0,,,,0,,,,,0,0,0,0,0,0,0,0,1,0,1,0,1,2,0,0,0,0,0,0,272,0,0.001,0.044
1288,0.754,0.563,0,0.003,0.023,0,0,,0,,,,0,,,,,0,0,0,0,0,0,0,0,1,0,1,0,1,2,0,0,0,0,0,0,272,0,0.001,0.005
1289,0.68,0.608,0.001,0.002,0.02,0,0,,0,,,,0,,,,,0,0,0,0,0,0,0,0,1,0,1,0,1,2,0,0,0,0,0,0,272,0,0.001,0.003
1290,0.917,0.727,0.001,0.002,0.058,0,0,,1,484.375,229851136,286490624,1,62503872,62503872,135081984,38823561584,0,0,0,0,0,0,0,0,1,0,1,0,1,2,0,0,0,0,0,0,272,0.001,0.001,0.006
1291,0.978,0.882,0,0.002,0.029,0,0,,0,,,,0,,,,,0,0,0,0,0,0,0,0,1,0,1,0,1,2,0,0,0,0,0,0,272,0.001,0.001,0.004
1292,0.983,0.899,0,0.002,0.026,0,0,,0,,,,0,,,,,0,0,0,0,0,0,0,0,1,0,1,0,1,2,0,0,0,0,0,0,272,0,0.001,0.003
1293,1.07,0.964,0,0.002,0.041,0,0,,0,,,,0,,,,,0,0,0,0,0,0,0,0,1,0,1,0,1,2,0,0,0,0,0,0,272,0.001,0,0.003
1294,2.154,2.066,0,0.002,0.021,0,0,,0,,,,0,,,,,0,0,0,0,0,0,0,0,1,0,1,0,1,2,0,0,0,0,0,0,272,0.001,0.001,0.004
1295,1.138,1.068,0,0.001,0.022,0,0,,0,,,,0,,,,,0,0,0,0,0,0,0,0,1,0,1,0,1,2,0,0,0,0,0,0,272,0,0.001,0.002
1296,0.985,0.946,0,0.001,0.015,0,0,,0,,,,0,,,,,0,0,0,0,0,0,0,0,1,0,1,0,1,2,0,0,0,0,0,0,272,0,0,0.002
1297,1.432,1.3,0,0.003,0.045,0,0,,0,,,,0,,,,,0,0,0,0,0,0,0,0,1,0,1,0,1,2,0,0,0,0,0,0,272,0,0,0.004
1298,0.758,0.628,0.001,0.003,0.039,0,0,,0,,,,0,,,,,0,0,0,0,0,0,0,0,1,0,1,0,1,2,0,0,0,0,0,0,272,0,0.001,0.004
1299,1.106,1.061,0.001,0,0.015,0,0,,0,,,,0,,,,,0,0,0,0,0,0,0,0,1,0,1,0,1,2,0,0,0,0,0,0,272,0.001,0,0.001
1300,0.861,0.741,0,0.002,0.038,0,0,,0,,,,0,,,,,0,0,0,0,0,0,0,0,1,0,1,0,1,2,0,0,0,0,0,0,272,0,0.001,0.003
1301,0.828,0.628,0.001,0.003,0.061,0,0,,0,,,,0,,,,,0,0,0,0,0,0,0,0,1,0,1,0,1,2,0,0,0,0,0,0,272,0.001,0.001,0.007
1302,0.547,0.506,0,0.001,0.017,0,0,,0,,,,0,,,,,0,0,0,0,0,0,0,0,1,0,1,0,1,2,0,0,0,0,0,0,272,0,0,0.001
1303,0.737,0.708,0,0,0.014,0,0,,0,,,,0,,,,,0,0,0,0,0,0,0,0,1,0,1,0,1,2,0,0,0,0,0,0,272,0,0,0.001
1304,0.861,0.725,0,0.002,0.035,0,0,,0,,,,0,,,,,0,0,0,0,0,0,0,0,1,0,1,0,1,2,0,0,0,0,0,0,272,0,0.001,0.005
1305,0.787,0.643,0,0.003,0.04,0,0,,0,,,,0,,,,,0,0,0,0,0,0,0,0,1,0,1,0,1,2,0,0,0,0,0,0,272,0,0.001,0.005
1306,0.788,0.708,0,0.001,0.022,0,0,,0,,,,0,,,,,0,0,0,0,0,0,0,0,1,0,1,0,1,2,0,0,0,0,0,0,272,0,0.001,0.003
1307,1.006,0.891,0.001,0.002,0.03,0,0,,0,,,,0,,,,,0,0,0,0,0,0,0,0,1,0,1,0,1,2,0,0,0,0,0,0,272,0,0.001,0.004
1308,0.69,0.637,0,0.001,0.022,0,0,,0,,,,0,,,,,0,0,0,0,0,0,0,0,1,0,1,0,1,2,0,0,0,0,0,0,272,0,0.001,0.001
1309,0.819,0.716,0,0.002,0.045,0,0,,0,,,,0,,,,,0,0,0,0,0,0,0,0,1,0,1,0,1,2,0,0,0,0,0,0,272,0,0,0.004
1310,0.727,0.646,0,0.002,0.036,0,0,,0,,,,0,,,,,0,0,0,0,0,0,0,0,1,0,1,0,1,2,0,0,0,0,0,0,272,0,0,0.003
1311,2.798,2.591,0,0.005,0.061,0,0,,0,,,,0,,,,,0,0,0,0,0,0,0,0,1,0,1,0,1,2,0,0,0,0,0,0,272,0.001,0.001,0.007
1312,0.847,0.689,0,0.004,0.041,0,0,,0,,,,0,,,,,0,0,0,0,0,0,0,0,1,0,1,0,1,2,0,0,0,0,0,0,272,0,0.001,0.007
1313,0.871,0.761,0.001,0.002,0.043,0,0,,0,,,,0,,,,,0,0,0,0,0,0,0,0,1,0,1,0,1,2,0,0,0,0,0,0,272,0,0.001,0.003
1314,0.953,0.785,0.001,0.003,0.051,0,0,,0,,,,0,,,,,0,0,0,0,0,0,0,0,1,0,1,0,1,2,0,0,0,0,0,0,272,0,0.002,0.005
1315,0.857,0.749,0.001,0.002,0.043,0,0,,0,,,,0,,,,,0,0,0,0,0,0,0,0,1,0,1,0,1,2,0,0,0,0,0,0,272,0,0,0.003
1316,0.864,0.799,0,0.002,0.024,0,0,,0,,,,0,,,,,0,0,0,0,0,0,0,0,1,0,1,0,1,2,0,0,0,0,0,0,272,0.001,0,0.002
1317,1.718,1.512,0,0.005,0.052,0,0,,0,,,,0,,,,,0,0,0,0,0,0,0,0,1,0,1,0,1,2,0,0,0,0,0,0,272,0.001,0.002,0.008
1318,0.767,0.668,0,0.002,0.029,0,0,,0,,,,0,,,,,0,0,0,0,0,0,0,0,1,0,1,0,1,2,0,0,0,0,0,0,272,0,0.001,0.005
1319,0.91,0.817,0,0.002,0.026,0,0,,0,,,,0,,,,,0,0,0,0,0,0,0,0,1,0,1,0,1,2,0,0,0,0,0,0,272,0,0.001,0.004
1320,1.104,0.864,0.001,0.004,0.091,0,0,,1,515.625,229851136,286490624,1,62503872,62503872,135081984,38823561584,0,0,0,0,0,0,0,0,1,0,1,0,1,2,0,0,0,0,0,0,272,0.001,0.001,0.008
1321,0.747,0.568,0,0.003,0.027,0,0,,0,,,,0,,,,,0,0,0,0,0,0,0,0,1,0,1,0,1,2,0,0,0,0,0,0,272,0.001,0.001,0.004
1322,0.783,0.692,0,0.002,0.03,0,0,,0,,,,0,,,,,0,0,0,0,0,0,0,0,1,0,1,0,1,2,0,0,0,0,0,0,272,0,0.001,0.004
1323,1.291,1.146,0,0.002,0.064,0,0,,0,,,,0,,,,,0,0,0,0,0,0,0,0,1,0,1,0,1,2,0,0,0,0,0,0,272,0,0.001,0.004
1324,0.941,0.834,0,0.002,0.032,0,0,,0,,,,0,,,,,0,0,0,0,0,0,0,0,1,0,1,0,1,2,0,0,0,0,0,0,272,0,0.001,0.004
1325,0.898,0.797,0,0.002,0.037,0,0,,0,,,,0,,,,,0,0,0,0,0,0,0,0,1,0,1,0,1,2,0,0,0,0,0,0,272,0,0.001,0.004
1326,0.962,0.815,0,0.002,0.045,0,0,,0,,,,0,,,,,0,0,0,0,0,0,0,0,1,0,1,0,1,2,0,0,0,0,0,0,272,0,0.001,0.004
1327,2.281,2.108,0,0.002,0.051,0,0,,0,,,,0,,,,,0,0,0,0,0,0,0,0,1,0,1,0,1,2,0,0,0,0,0,0,272,0,0.001,0.005
1328,1.334,1.233,0,0.002,0.031,0,0,,0,,,,0,,,,,0,0,0,0,0,0,0,0,1,0,1,0,1,2,0,0,0,0,0,0,272,0,0,0.004
1329,0.958,0.86,0,0.002,0.038,0,0,,0,,,,0,,,,,0,0,0,0,0,0,0,0,1,0,1,0,1,2,0,0,0,0,0,0,272,0,0.001,0.003
1330,0.886,0.816,0,0.001,0.027,0,0,,0,,,,0,,,,,0,0,0,0,0,0,0,0,1,0,1,0,1,2,0,0,0,0,0,0,272,0,0.001,0.002
1331,0.987,0.888,0,0.002,0.025,0,0,,0,,,,0,,,,,0,0,0,0,0,0,0,0,1,0,1,0,1,2,0,0,0,0,0,0,272,0,0,0.005
1332,1.564,1.364,0,0.004,0.062,0,0,,0,,,,0,,,,,0,0,0,0,0,0,0,0,1,0,1,0,1,2,0,0,0,0,0,0,272,0,0.001,0.007
1333,0.842,0.737,0,0.001,0.043,0,0,,0,,,,0,,,,,0,0,0,0,0,0,0,0,1,0,1,0,1,2,0,0,0,0,0,0,272,0.001,0,0.002
1334,0.921,0.828,0,0.001,0.047,0,0,,0,,,,0,,,,,0,0,0,0,0,0,0,0,1,0,1,0,1,2,0,0,0,0,0,0,272,0.001,0,0.003
1335,1.174,0.853,0,0.006,0.165,0,0,,0,,,,0,,,,,0,0,0,0,0,0,0,0,1,0,1,0,1,2,0,0,0,0,0,0,272,0.001,0.001,0.005
1336,0.67,0.569,0,0.003,0.019,0,0,,0,,,,0,,,,,0,0,0,0,0,0,0,0,1,0,1,0,1,2,0,0,0,0,0,0,272,0,0.001,0.005
1337,0.983,0.826,0,0.003,0.04,0,0,,0,,,,0,,,,,0,0,0,0,0,0,0,0,1,0,1,0,1,2,0,0,0,0,0,0,272,0,0.001,0.005
1338,1.28,1.082,0.001,0.003,0.068,0,0,,0,,,,0,,,,,0,0,0,0,0,0,0,0,1,0,1,0,1,2,0,0,0,0,0,0,272,0,0.001,0.006
1339,0.841,0.762,0.001,0.001,0.027,0,0,,0,,,,0,,,,,0,0,0,0,0,0,0,0,1,0,1,0,1,2,0,0,0,0,0,0,272,0,0.001,0.003
1340,1.026,0.872,0,0.002,0.041,0,0,,0,,,,0,,,,,0,0,0,0,0,0,0,0,1,0,1,0,1,2,0,0,0,0,0,0,272,0,0.001,0.003
1341,2.373,2.284,0.001,0.002,0.026,0,0,,0,,,,0,,,,,0,0,0,0,0,0,0,0,1,0,1,0,1,2,0,0,0,0,0,0,272,0,0.001,0.003
1342,0.929,0.825,0,0.002,0.049,0,0,,0,,,,0,,,,,0,0,0,0,0,0,0,0,1,0,1,0,1,2,0,0,0,0,0,0,272,0,0,0.003
1343,0.984,0.88,0,0.002,0.024,0,0,,0,,,,0,,,,,0,0,0,0,0,0,0,0,1,0,1,0,1,2,0,0,0,0,0,0,272,0,0.001,0.004
1344,0.986,0.819,0.001,0.003,0.039,0,0,,0,,,,0,,,,,0,0,0,0,0,0,0,0,1,0,1,0,1,2,0,0,0,0,0,0,272,0.001,0.002,0.006
1345,0.968,0.803,0,0.004,0.05,0,0,,0,,,,0,,,,,0,0,0,0,0,0,0,0,1,0,1,0,1,2,0,0,0,0,0,0,272,0,0.001,0.006
1346,0.862,0.759,0,0.001,0.044,0,0,,0,,,,0,,,,,0,0,0,0,0,0,0,0,1,0,1,0,1,2,0,0,0,0,0,0,272,0,0,0.003
1347,1.587,1.39,0.001,0.004,0.049,0,0,,0,,,,0,,,,,0,0,0,0,0,0,0,0,1,0,1,0,1,2,0,0,0,0,0,0,272,0.001,0.002,0.008
1348,0.847,0.773,0,0.001,0.025,0,0,,0,,,,0,,,,,0,0,0,0,0,0,0,0,1,0,1,0,1,2,0,0,0,0,0,0,272,0,0,0.003
1349,1.003,0.907,0,0.002,0.042,0,0,,0,,,,0,,,,,0,0,0,0,0,0,0,0,1,0,1,0,1,2,0,0,0,0,0,0,272,0,0.001,0.003
1350,0.974,0.888,0,0.002,0.033,0,0,,1,546.875,229851136,286490624,1,62503872,62503872,135081984,38823561584,0,0,0,0,0,0,0,0,1,0,1,0,1,2,0,0,0,0,0,0,272,0,0,0.003
1351,0.904,0.827,0.001,0.001,0.023,0,0,,0,,,,0,,,,,0,0,0,0,0,0,0,0,1,0,1,0,1,2,0,0,0,0,0,0,272,0,0.001,0.003
1352,1.006,0.852,0,0.004,0.045,0,0,,0,,,,0,,,,,0,0,0,0,0,0,0,0,1,0,1,0,1,2,0,0,0,0,0,0,272,0,0.002,0.005
1353,1.25,1.167,0,0.001,0.028,0,0,,0,,,,0,,,,,0,0,0,0,0,0,0,0,1,0,1,0,1,2,0,0,0,0,0,0,272,0,0.001,0.003
1354,1.01,0.899,0.001,0.002,0.042,0,0,,0,,,,0,,,,,0,0,0,0,0,0,0,0,1,0,1,0,1,2,0,0,0,0,0,0,272,0,0,0.004
1355,0.976,0.871,0,0.002,0.031,0,0,,0,,,,0,,,,,0,0,0,0,0,0,0,0,1,0,1,0,1,2,0,0,0,0,0,0,272,0,0.001,0.004
1356,2.464,2.398,0,0.002,0.023,0,0,,0,,,,0,,,,,0,0,0,0,0,0,0,0,1,0,1,0,1,2,0,0,0,0,0,0,272,0,0,0.002
1357,0.954,0.917,0,0.001,0.019,0,0,,0,,,,0,,,,,0,0,0,0,0,0,0,0,1,0,1,0,1,2,0,0,0,0,0,0,272,0,0,0.001
1358,0.973,0.9,0,0.002,0.021,0,0,,0,,,,0,,,,,0,0,0,0,0,0,0,0,1,0,1,0,1,2,0,0,0,0,0,0,272,0,0.001,0.003
1359,0.908,0.848,0,0.001,0.023,0,0,,0,,,,0,,,,,0,0,0,0,0,0,0,0,1,0,1,0,1,2,0,0,0,0,0,0,272,0,0.001,0.002
1360,0.897,0.844,0,0.001,0.019,0,0,,0,,,,0,,,,,0,0,0,0,0,0,0,0,1,0,1,0,1,2,0,0,0,0,0,0,272,0,0,0.001
1361,1.437,1.368,0,0.002,0.022,0,0,,0,,,,0,,,,,0,0,0,0,0,0,0,0,1,0,1,0,1,2,0,0,0,0,0,0,272,0,0.001,0.002
1362,0.962,0.791,0.001,0.003,0.053,0,0,,0,,,,0,,,,,0,0,0,0,0,0,0,0,1,0,1,0,1,2,0,0,0,0,0,0,272,0,0.001,0.005
1363,0.826,0.728,0.001,0.001,0.04,0,0,,0,,,,0,,,,,0,0,0,0,0,0,0,0,1,0,1,0,1,2,0,0,0,0,0,0,272,0,0,0.003
1364,0.925,0.837,0,0.002,0.045,0,0,,0,,,,0,,,,,0,0,0,0,0,0,0,0,1,0,1,0,1,2,0,0,0,0,0,0,272,0,0.001,0.002
1365,0.926,0.781,0,0.002,0.051,0,0,,0,,,,0,,,,,0,0,0,0,0,0,0,0,1,0,1,0,1,2,0,0,0,0,0,0,272,0,0.001,0.005
1366,0.914,0.783,0,0.002,0.044,0,0,,0,,,,0,,,,,0,0,0,0,0,0,0,0,1,0,1,0,1,2,0,0,0,0,0,0,272,0,0.001,0.004
1367,0.796,0.721,0.001,0.001,0.028,0,0,,0,,,,0,,,,,0,0,0,0,0,0,0,0,1,0,1,0,1,2,0,0,0,0,0,0,272,0.001,0,0.003
1368,1.118,1.036,0,0.002,0.024,0,0,,0,,,,0,,,,,0,0,0,0,0,0,0,0,1,0,1,0,1,2,0,0,0,0,0,0,272,0,0.001,0.004
1369,0.836,0.792,0,0,0.019,0,0,,0,,,,0,,,,,0,0,0,0,0,0,0,0,1,0,1,0,1,2,0,0,0,0,0,0,272,0,0.001,0.001
1370,2.035,1.951,0,0.002,0.021,0,0,,0,,,,0,,,,,0,0,0,0,0,0,0,0,1,0,1,0,1,2,0,0,0,0,0,0,272,0,0.001,0.003
1371,1.225,1.086,0,0.003,0.046,0,0,,0,,,,0,,,,,0,0,0,0,0,0,0,0,1,0,1,0,1,2,0,0,0,0,0,0,272,0.001,0.001,0.005
1372,0.695,0.632,0,0.002,0.024,0,0,,0,,,,0,,,,,0,0,0,0,0,0,0,0,1,0,1,0,1,2,0,0,0,0,0,0,272,0,0,0.003
1373,0.827,0.746,0.001,0.001,0.035,0,0,,0,,,,0,,,,,0,0,0,0,0,0,0,0,1,0,1,0,1,2,0,0,0,0,0,0,272,0,0,0.002
1374,0.821,0.728,0,0.001,0.038,0,0,,0,,,,0,,,,,0,0,0,0,0,0,0,0,1,0,1,0,1,2,0,0,0,0,0,0,272,0,0.001,0.002
1375,0.929,0.738,0.001,0.004,0.062,0,0,,0,,,,0,,,,,0,0,0,0,0,0,0,0,1,0,1,0,1,2,0,0,0,0,0,0,272,0,0.001,0.006
1376,0.671,0.528,0,0.002,0.058,0,0,,0,,,,0,,,,,0,0,0,0,0,0,0,0,1,0,1,0,1,2,0,0,0,0,0,0,272,0,0,0.005
1377,0.731,0.638,0,0.003,0.032,0,0,,0,,,,0,,,,,0,0,0,0,0,0,0,0,1,0,1,0,1,2,0,0,0,0,0,0,272,0,0,0.003
1378,0.837,0.682,0,0.002,0.044,0,0,,0,,,,0,,,,,0,0,0,0,0,0,0,0,1,0,1,0,1,2,0,0,0,0,0,0,272,0,0.001,0.005
1379,1.004,0.903,0.001,0.001,0.028,0,0,,0,,,,0,,,,,0,0,0,0,0,0,0,0,1,0,1,0,1,2,0,0,0,0,0,0,272,0,0.001,0.003
1380,0.914,0.746,0,0.003,0.059,0,0,,1,546.875,229851136,286490624,1,62503872,62503872,135081984,38823561584,0,0,0,0,0,0,0,0,1,0,1,0,1,2,0,0,0,0,0,0,272,0,0.001,0.005
1381,0.695,0.646,0,0.001,0.022,0,0,,0,,,,0,,,,,0,0,0,0,0,0,0,0,1,0,1,0,1,2,0,0,0,0,0,0,272,0,0,0.002
1382,0.935,0.815,0,0.002,0.037,0,0,,0,,,,0,,,,,0,0,0,0,0,0,0,0,1,0,1,0,1,2,0,0,0,0,0,0,272,0,0.001,0.004
1383,0.867,0.723,0,0.003,0.044,0,0,,0,,,,0,,,,,0,0,0,0,0,0,0,0,1,0,1,0,1,2,0,0,0,0,0,0,272,0,0.001,0.005
1384,0.77,0.698,0,0.002,0.023,0,0,,0,,,,0,,,,,0,0,0,0,0,0,0,0,1,0,1,0,1,2,0,0,0,0,0,0,272,0,0.001,0.003
1385,0.884,0.804,0,0.002,0.032,0,0,,0,,,,0,,,,,0,0,0,0,0,0,0,0,1,0,1,0,1,2,0,0,0,0,0,0,272,0,0,0.002
1386,1.031,0.942,0,0.002,0.038,0,0,,0,,,,0,,,,,0,0,0,0,0,0,0,0,1,0,1,0,1,2,0,0,0,0,0,0,272,0,0,0.003
1387,0.867,0.792,0,0.001,0.04,0,0,,0,,,,0,,,,,0,0,0,0,0,0,0,0,1,0,1,0,1,2,0,0,0,0,0,0,272,0,0,0.002
1388,0.841,0.769,0,0.001,0.038,0,0,,0,,,,0,,,,,0,0,0,0,0,0,0,0,1,0,1,0,1,2,0,0,0,0,0,0,272,0,0,0.002
1389,2.775,2.692,0,0.002,0.025,0,0,,0,,,,0,,,,,0,0,0,0,0,0,0,0,1,0,1,0,1,2,0,0,0,0,0,0,272,0.001,0,0.005
1390,0.938,0.814,0,0.002,0.036,0,0,,0,,,,0,,,,,0,0,0,0,0,0,0,0,1,0,1,0,1,2,0,0,0,0,0,0,272,0,0.001,0.005
1391,0.852,0.731,0,0.002,0.042,0,0,,0,,,,0,,,,,0,0,0,0,0,0,0,0,1,0,1,0,1,2,0,0,0,0,0,0,272,0,0.001,0.004
1392,0.84,0.708,0,0.002,0.049,0,0,,0,,,,0,,,,,0,0,0,0,0,0,0,0,1,0,1,0,1,2,0,0,0,0,0,0,272,0,0.001,0.004
1393,0.772,0.697,0,0.001,0.027,0,0,,0,,,,0,,,,,0,0,0,0,0,0,0,0,1,0,1,0,1,2,0,0,0,0,0,0,272,0,0,0.003
1394,0.89,0.785,0,0.001,0.044,0,0,,0,,,,0,,,,,0,0,0,0,0,0,0,0,1,0,1,0,1,2,0,0,0,0,0,0,272,0,0,0.004
1395,1.388,1.24,0,0.003,0.03,0,0,,0,,,,0,,,,,0,0,0,0,0,0,0,0,1,0,1,0,1,2,0,0,0,0,0,0,272,0.001,0.001,0.053
1396,0.776,0.728,0,0.001,0.016,0,0,,0,,,,0,,,,,0,0,0,0,0,0,0,0,1,0,1,0,1,2,0,0,0,0,0,0,272,0,0.001,0.001
1397,0.873,0.799,0,0.001,0.033,0,0,,0,,,,0,,,,,0,0,0,0,0,0,0,0,1,0,1,0,1,2,0,0,0,0,0,0,272,0,0.001,0.002
1398,0.886,0.755,0,0.002,0.051,0,0,,0,,,,0,,,,,0,0,0,0,0,0,0,0,1,0,1,0,1,2,0,0,0,0,0,0,272,0,0.001,0.004
1399,0.834,0.699,0,0.002,0.028,0,0,,0,,,,0,,,,,0,0,0,0,0,0,0,0,1,0,1,0,1,2,0,0,0,0,0,0,272,0,0.001,0.033
1400,0.752,0.656,0,0.002,0.018,0,0,,0,,,,0,,,,,0,0,0,0,0,0,0,0,1,0,1,0,1,2,0,0,0,0,0,0,272,0,0.001,0.003
1401,0.797,0.694,0,0.002,0.044,0,0,,0,,,,0,,,,,0,0,0,0,0,0,0,0,1,0,1,0,1,2,0,0,0,0,0,0,272,0,0.001,0.003
1402,1.024,0.964,0,0.001,0.024,0,0,,0,,,,0,,,,,0,0,0,0,0,0,0,0,1,0,1,0,1,2,0,0,0,0,0,0,272,0,0,0.002
1403,0.91,0.856,0,0.001,0.027,0,0,,0,,,,0,,,,,0,0,0,0,0,0,0,0,1,0,1,0,1,2,0,0,0,0,0,0,272,0,0,0.002
1404,0.951,0.877,0,0.001,0.034,0,0,,0,,,,0,,,,,0,0,0,0,0,0,0,0,1,0,1,0,1,2,0,0,0,0,0,0,272,0,0.001,0.002
1405,2.492,2.397,0,0.002,0.027,0,0,,0,,,,0,,,,,0,0,0,0,0,0,0,0,1,0,1,0,1,2,0,0,0,0,0,0,272,0.001,0.001,0.004
1406,0.911,0.84,0,0.002,0.022,0,0,,0,,,,0,,,,,0,0,0,0,0,0,0,0,1,0,1,0,1,2,0,0,0,0,0,0,272,0,0.001,0.002
1407,0.99,0.849,0,0.003,0.04,0,0,,0,,,,0,,,,,0,0,0,0,0,0,0,0,1,0,1,0,1,2,0,0,0,0,0,0,272,0,0.002,0.004
1408,1.038,0.815,0,0.005,0.06,0,0,,0,,,,0,,,,,0,0,0,0,0,0,0,0,1,0,1,0,1,2,0,0,0,0,0,0,272,0,0.002,0.007
1409,0.667,0.574,0.001,0.002,0.03,0,0,,0,,,,0,,,,,0,0,0,0,0,0,0,0,1,0,1,0,1,2,0,0,0,0,0,0,272,0.001,0.001,0.003
1410,0.909,0.825,0,0.001,0.038,0,0,,1,546.875,229851136,286490624,1,62503872,62503872,135081984,38823561584,0,0,0,0,0,0,0,0,1,0,1,0,1,2,0,0,0,0,0,0,272,0,0,0.003
1411,0.886,0.805,0,0.002,0.024,0,0,,0,,,,0,,,,,0,0,0,0,0,0,0,0,1,0,1,0,1,2,0,0,0,0,0,0,272,0,0.001,0.004
1412,1.191,1.113,0,0.002,0.028,0,0,,0,,,,0,,,,,0,0,0,0,0,0,0,0,1,0,1,0,1,2,0,0,0,0,0,0,272,0,0.001,0.002
1413,0.9,0.842,0,0.001,0.026,0,0,,0,,,,0,,,,,0,0,0,0,0,0,0,0,1,0,1,0,1,2,0,0,0,0,0,0,272,0,0,0.002
1414,0.853,0.807,0,0,0.025,0,0,,0,,,,0,,,,,0,0,0,0,0,0,0,0,1,0,1,0,1,2,0,0,0,0,0,0,272,0,0,0.001
1415,0.875,0.817,0,0.001,0.021,0,0,,0,,,,0,,,,,0,0,0,0,0,0,0,0,1,0,1,0,1,2,0,0,0,0,0,0,272,0,0.001,0.002
1416,0.832,0.78,0,0.002,0.016,0,0,,0,,,,0,,,,,0,0,0,0,0,0,0,0,1,0,1,0,1,2,0,0,0,0,0,0,272,0,0,0.002
1417,0.758,0.729,0,0,0.011,0,0,,0,,,,0,,,,,0,0,0,0,0,0,0,0,1,0,1,0,1,2,0,0,0,0,0,0,272,0,0,0.001
1418,1.286,1.122,0.001,0.003,0.058,0,0,,0,,,,0,,,,,0,0,0,0,0,0,0,0,1,0,1,0,1,2,0,0,0,0,0,0,272,0,0.002,0.005
1419,0.744,0.658,0,0.002,0.038,0,0,,0,,,,0,,,,,0,0,0,0,0,0,0,0,1,0,1,0,1,2,0,0,0,0,0,0,272,0,0.001,0.003
1420,0.816,0.746,0,0.001,0.035,0,0,,0,,,,0,,,,,0,0,0,0,0,0,0,0,1,0,1,0,1,2,0,0,0,0,0,0,272,0,0,0.003
1421,2.053,1.986,0,0.002,0.025,0,0,,0,,,,0,,,,,0,0,0,0,0,0,0,0,1,0,1,0,1,2,0,0,0,0,0,0,272,0.001,0,0.003
1422,1.272,1.192,0.001,0.001,0.034,0,0,,0,,,,0,,,,,0,0,0,0,0,0,0,0,1,0,1,0,1,2,0,0,0,0,0,0,272,0.001,0,0.003
1423,0.947,0.753,0,0.005,0.04,0,0,,0,,,,0,,,,,0,0,0,0,0,0,0,0,1,0,1,0,1,2,0,0,0,0,0,0,272,0.001,0.003,0.008
1424,0.393,0.303,0,0.003,0.028,0,0,,0,,,,0,,,,,0,0,0,0,0,0,0,0,1,0,1,0,1,2,0,0,0,0,0,0,272,0,0.001,0.004
1425,0.568,0.461,0,0.002,0.036,0,0,,0,,,,0,,,,,0,0,0,0,0,0,0,0,1,0,1,0,1,2,0,0,0,0,0,0,272,0,0.001,0.004
1426,0.822,0.716,0,0.002,0.036,0,0,,0,,,,0,,,,,0,0,0,0,0,0,0,0,1,0,1,0,1,2,0,0,0,0,0,0,272,0,0.001,0.003
1427,0.789,0.716,0,0.001,0.033,0,0,,0,,,,0,,,,,0,0,0,0,0,0,0,0,1,0,1,0,1,2,0,0,0,0,0,0,272,0.001,0,0.002
1428,0.833,0.768,0,0.001,0.031,0,0,,0,,,,0,,,,,0,0,0,0,0,0,0,0,1,0,1,0,1,2,0,0,0,0,0,0,272,0,0,0.002
1429,1.093,1.027,0,0.001,0.031,0,0,,0,,,,0,,,,,0,0,0,0,0,0,0,0,1,0,1,0,1,2,0,0,0,0,0,0,272,0,0.001,0.002
1430,0.899,0.826,0,0.001,0.04,0,0,,0,,,,0,,,,,0,0,0,0,0,0,0,0,1,0,1,0,1,2,0,0,0,0,0,0,272,0,0.001,0.002
1431,0.823,0.751,0.001,0.001,0.038,0,0,,0,,,,0,,,,,0,0,0,0,0,0,0,0,1,0,1,0,1,2,0,0,0,0,0,0,272,0,0.001,0.002
1432,0.836,0.742,0,0.001,0.042,0,0,,0,,,,0,,,,,0,0,0,0,0,0,0,0,1,0,1,0,1,2,0,0,0,0,0,0,272,0,0,0.003
1433,0.833,0.722,0,0.002,0.034,0,0,,0,,,,0,,,,,0,0,0,0,0,0,0,0,1,0,1,0,1,2,0,0,0,0,0,0,272,0,0.001,0.005
1434,0.769,0.706,0,0.002,0.022,0,0,,0,,,,0,,,,,0,0,0,0,0,0,0,0,1,0,1,0,1,2,0,0,0,0,0,0,272,0,0,0.003
1435,0.745,0.714,0,0,0.011,0,0,,0,,,,0,,,,,0,0,0,0,0,0,0,0,1,0,1,0,1,2,0,0,0,0,0,0,272,0.001,0,0.001
1436,1.38,1.145,0.001,0.002,0.06,0,0,,0,,,,0,,,,,0,0,0,0,0,0,0,0,1,0,1,0,1,2,0,0,0,0,0,0,272,0.001,0.001,0.004
1437,0.695,0.521,0,0.003,0.056,0,0,,0,,,,0,,,,,0,0,0,0,0,0,0,0,1,0,1,0,1,2,0,0,0,0,0,0,272,0.001,0.001,0.006
1438,0.726,0.63,0.001,0.001,0.041,0,0,,0,,,,0,,,,,0,0,0,0,0,0,0,0,1,0,1,0,1,2,0,0,0,0,0,0,272,0,0,0.003
1439,2.343,2.25,0,0.002,0.027,0,0,,0,,,,0,,,,,0,0,0,0,0,0,0,0,1,0,1,0,1,2,0,0,0,0,0,0,272,0,0.001,0.003
1440,0.761,0.719,0,0.001,0.021,0,0,,1,546.875,229855232,286490624,1,62503872,62503872,135081984,38823561584,0,0,0,0,0,0,0,0,1,0,1,0,1,2,0,0,0,0,0,0,272,0,0,0.002
1441,0.704,0.677,0,0,0.013,0,0,,0,,,,0,,,,,0,0,0,0,0,0,0,0,1,0,1,0,1,2,0,0,0,0,0,0,272,0,0,0.001
1442,0.728,0.635,0.001,0.001,0.033,0,0,,0,,,,0,,,,,0,0,0,0,0,0,0,0,1,0,1,0,1,2,0,0,0,0,0,0,272,0,0.001,0.003
1443,0.69,0.547,0,0.003,0.041,0,0,,0,,,,0,,,,,0,0,0,0,0,0,0,0,1,0,1,0,1,2,0,0,0,0,0,0,272,0,0.001,0.005
1444,0.527,0.437,0,0.001,0.04,0,0,,0,,,,0,,,,,0,0,0,0,0,0,0,0,1,0,1,0,1,2,0,0,0,0,0,0,272,0,0.001,0.002
1445,0.663,0.591,0,0.002,0.034,0,0,,0,,,,0,,,,,0,0,0,0,0,0,0,0,1,0,1,0,1,2,0,0,0,0,0,0,272,0,0,0.002
1446,0.625,0.56,0,0.001,0.031,0,0,,0,,,,0,,,,,0,0,0,0,0,0,0,0,1,0,1,0,1,2,0,0,0,0,0,0,272,0,0.001,0.002
1447,1.104,1.015,0,0.001,0.038,0,0,,0,,,,0,,,,,0,0,0,0,0,0,0,0,1,0,1,0,1,2,0,0,0,0,0,0,272,0,0,0.002
1448,0.658,0.573,0,0.003,0.029,0,0,,0,,,,0,,,,,0,0,0,0,0,0,0,0,1,0,1,0,1,2,0,0,0,0,0,0,272,0,0.001,0.003
1449,0.629,0.544,0,0.001,0.033,0,0,,0,,,,0,,,,,0,0,0,0,0,0,0,0,1,0,1,0,1,2,0,0,0,0,0,0,272,0,0,0.004
1450,0.624,0.548,0.001,0.001,0.033,0,0,,0,,,,0,,,,,0,0,0,0,0,0,0,0,1,0,1,0,1,2,0,0,0,0,0,0,272,0,0,0.003
1451,0.636,0.558,0.001,0.001,0.04,0,0,,0,,,,0,,,,,0,0,0,0,0,0,0,0,1,0,1,0,1,2,0,0,0,0,0,0,272,0,0.001,0.002
1452,0.603,0.531,0.001,0.001,0.037,0,0,,0,,,,0,,,,,0,0,0,0,0,0,0,0,1,0,1,0,1,2,0,0,0,0,0,0,272,0,0,0.002
1453,0.592,0.505,0,0.001,0.029,0,0,,0,,,,0,,,,,0,0,0,0,0,0,0,0,1,0,1,0,1,2,0,0,0,0,0,0,272,0,0.001,0.003
1454,0.562,0.492,0,0.002,0.02,0,0,,0,,,,0,,,,,0,0,0,0,0,0,0,0,1,0,1,0,1,2,0,0,0,0,0,0,272,0,0,0.003
1455,0.528,0.48,0,0.001,0.015,0,0,,0,,,,0,,,,,0,0,0,0,0,0,0,0,1,0,1,0,1,2,0,0,0,0,0,0,272,0,0.001,0.001
1456,0.891,0.749,0,0.002,0.025,0,0,,0,,,,0,,,,,0,0,0,0,0,0,0,0,1,0,1,0,1,2,0,0,0,0,0,0,272,0,0,0.003
1457,0.549,0.428,0,0.003,0.041,0,0,,0,,,,0,,,,,0,0,0,0,0,0,0,0,1,0,1,0,1,2,0,0,0,0,0,0,272,0,0.001,0.004
1458,0.568,0.392,0,0.002,0.046,0,0,,0,,,,0,,,,,0,0,0,0,0,0,0,0,1,0,1,0,1,2,0,0,0,0,0,0,272,0,0,0.003
1459,0.488,0.396,0,0.002,0.037,0,0,,0,,,,0,,,,,0,0,0,0,0,0,0,0,1,0,1,0,1,2,0,0,0,0,0,0,272,0,0,0.003
1460,0.598,0.474,0.001,0.002,0.028,0,0,,0,,,,0,,,,,0,0,0,0,0,0,0,0,1,0,1,0,1,2,0,0,0,0,0,0,272,0,0.001,0.004
1461,0.519,0.45,0.001,0.001,0.023,0,0,,0,,,,0,,,,,0,0,0,0,0,0,0,0,1,0,1,0,1,2,0,0,0,0,0,0,272,0,0,0.002
1462,1.033,0.925,0,0.003,0.027,0,0,,0,,,,0,,,,,0,0,0,0,0,0,0,0,1,0,1,0,1,2,0,0,0,0,0,0,272,0,0.001,0.004
1463,1.108,0.985,0,0.002,0.053,0,0,,0,,,,0,,,,,0,0,0,0,0,0,0,0,1,0,1,0,1,2,0,0,0,0,0,0,272,0,0.001,0.004
1464,0.772,0.693,0,0.002,0.036,0,0,,0,,,,0,,,,,0,0,0,0,0,0,0,0,1,0,1,0,1,2,0,0,0,0,0,0,272,0,0,0.003
1465,1.029,0.92,0,0.002,0.032,0,0,,0,,,,0,,,,,0,0,0,0,0,0,0,0,1,0,1,0,1,2,0,0,0,0,0,0,272,0.001,0.001,0.004
1466,0.595,0.51,0,0.002,0.027,0,0,,0,,,,0,,,,,0,0,0,0,0,0,0,0,1,0,1,0,1,2,0,0,0,0,0,0,272,0,0.001,0.003
1467,0.691,0.51,0,0.001,0.059,0,0,,0,,,,0,,,,,0,0,0,0,0,0,0,0,1,0,1,0,1,2,0,0,0,0,0,0,272,0.001,0,0.003
1468,0.488,0.382,0,0.015,0.038,0,0,,0,,,,0,,,,,0,0,0,0,0,0,0,0,1,0,1,0,1,2,0,0,0,0,0,0,272,0,0.001,0.003
1469,0.558,0.491,0,0.001,0.034,0,0,,0,,,,0,,,,,0,0,0,0,0,0,0,0,1,0,1,0,1,2,0,0,0,0,0,0,272,0,0,0.002
1470,0.566,0.501,0,0.001,0.022,0,0,,1,546.875,229855232,286490624,1,62503872,62503872,135081984,38823561584,0,0,0,0,0,0,0,0,1,0,1,0,1,2,0,0,0,0,0,0,272,0,0,0.002
1471,0.716,0.567,0.001,0.003,0.041,0,0,,0,,,,0,,,,,0,0,0,0,0,0,0,0,1,0,1,0,1,2,0,0,0,0,0,0,272,0.001,0.001,0.006
1472,1.342,1.231,0,0.002,0.034,0,0,,0,,,,0,,,,,0,0,0,0,0,0,0,0,1,0,1,0,1,2,0,0,0,0,0,0,272,0.001,0.001,0.004
1473,0.782,0.695,0,0.002,0.035,0,0,,0,,,,0,,,,,0,0,0,0,0,0,0,0,1,0,1,0,1,2,0,0,0,0,0,0,272,0,0,0.003
1474,0.902,0.823,0,0.002,0.023,0,0,,0,,,,0,,,,,0,0,0,0,0,0,0,0,1,0,1,0,1,2,0,0,0,0,0,0,272,0,0,0.003
1475,0.841,0.744,0,0.002,0.04,0,0,,0,,,,0,,,,,0,0,0,0,0,0,0,0,1,0,1,0,1,2,0,0,0,0,0,0,272,0.001,0,0.004
1476,1.012,0.915,0,0.002,0.031,0,0,,0,,,,0,,,,,0,0,0,0,0,0,0,0,1,0,1,0,1,2,0,0,0,0,0,0,272,0,0.001,0.003
1477,0.839,0.745,0,0.002,0.033,0,0,,0,,,,0,,,,,0,0,0,0,0,0,0,0,1,0,1,0,1,2,0,0,0,0,0,0,272,0.001,0.001,0.003
1478,1.203,1.112,0,0.002,0.036,0,0,,0,,,,0,,,,,0,0,0,0,0,0,0,0,1,0,1,0,1,2,0,0,0,0,0,0,272,0,0,0.003
1479,0.896,0.815,0,0.002,0.033,0,0,,0,,,,0,,,,,0,0,0,0,0,0,0,0,1,0,1,0,1,2,0,0,0,0,0,0,272,0,0.001,0.002
1480,1.07,0.877,0.001,0.003,0.072,0,0,,0,,,,0,,,,,0,0,0,0,0,0,0,0,1,0,1,0,1,2,0,0,0,0,0,0,272,0,0.001,0.007
1481,0.717,0.617,0,0.002,0.039,0,0,,0,,,,0,,,,,0,0,0,0,0,0,0,0,1,0,1,0,1,2,0,0,0,0,0,0,272,0,0.001,0.004
1482,2.628,2.496,0,0.004,0.034,0,0,,0,,,,0,,,,,0,0,0,0,0,0,0,0,1,0,1,0,1,2,0,0,0,0,0,0,272,0.001,0.002,0.006
1483,0.936,0.811,0.001,0.003,0.049,0,0,,0,,,,0,,,,,0,0,0,0,0,0,0,0,1,0,1,0,1,2,0,0,0,0,0,0,272,0,0.001,0.005
1484,0.833,0.76,0.001,0.002,0.032,0,0,,0,,,,0,,,,,0,0,0,0,0,0,0,0,1,0,1,0,1,2,0,0,0,0,0,0,272,0,0,0.002
1485,1.027,0.86,0,0.004,0.036,0,0,,0,,,,0,,,,,0,0,0,0,0,0,0,0,1,0,1,0,1,2,0,0,0,0,0,0,272,0,0.001,0.007
1486,0.879,0.757,0.001,0.002,0.047,0,0,,0,,,,0,,,,,0,0,0,0,0,0,0,0,1,0,1,0,1,2,0,0,0,0,0,0,272,0.001,0,0.005
1487,0.879,0.797,0.001,0.001,0.033,0,0,,0,,,,0,,,,,0,0,0,0,0,0,0,0,1,0,1,0,1,2,0,0,0,0,0,0,272,0.001,0,0.003
1488,1.434,1.333,0,0.002,0.026,0,0,,0,,,,0,,,,,0,0,0,0,0,0,0,0,1,0,1,0,1,2,0,0,0,0,0,0,272,0,0.001,0.005
1489,0.855,0.812,0,0.001,0.012,0,0,,0,,,,0,,,,,0,0,0,0,0,0,0,0,1,0,1,0,1,2,0,0,0,0,0,0,272,0,0,0.002
1490,0.984,0.902,0,0.002,0.04,0,0,,0,,,,0,,,,,0,0,0,0,0,0,0,0,1,0,1,0,1,2,0,0,0,0,0,0,272,0,0,0.003
1491,1.059,0.91,0,0.002,0.052,0,0,,0,,,,0,,,,,0,0,0,0,0,0,0,0,1,0,1,0,1,2,0,0,0,0,0,0,272,0,0,0.004
1492,0.746,0.657,0.001,0.001,0.035,0,0,,0,,,,0,,,,,0,0,0,0,0,0,0,0,1,0,1,0,1,2,0,0,0,0,0,0,272,0,0,0.003
1493,0.947,0.783,0,0.003,0.05,0,0,,0,,,,0,,,,,0,0,0,0,0,0,0,0,1,0,1,0,1,2,0,0,0,0,0,0,272,0.001,0.002,0.005
1494,1.122,1.033,0,0.002,0.033,0,0,,0,,,,0,,,,,0,0,0,0,0,0,0,0,1,0,1,0,1,2,0,0,0,0,0,0,272,0,0,0.002
1495,0.947,0.765,0,0.004,0.054,0,0,,0,,,,0,,,,,0,0,0,0,0,0,0,0,1,0,1,0,1,2,0,0,0,0,0,0,272,0.001,0.001,0.007
1496,0.76,0.661,0.001,0.002,0.038,0,0,,0,,,,0,,,,,0,0,0,0,0,0,0,0,1,0,1,0,1,2,0,0,0,0,0,0,272,0,0.001,0.003
1497,0.888,0.751,0,0.002,0.05,0,0,,0,,,,0,,,,,0,0,0,0,0,0,0,0,1,0,1,0,1,2,0,0,0,0,0,0,272,0.001,0.001,0.004
1498,2.534,2.438,0,0.003,0.025,0,0,,0,,,,0,,,,,0,0,0,0,0,0,0,0,1,0,1,0,1,2,0,0,0,0,0,0,272,0,0,0.003
1499,0.837,0.778,0,0.001,0.028,0,0,,0,,,,0,,,,,0,0,0,0,0,0,0,0,1,0,1,0,1,2,0,0,0,0,0,0,272,0,0,0.002
1500,1.096,0.919,0,0.005,0.057,0,0,,1,562.5,229855232,286490624,1,62503872,62503872,135081984,38823561584,0,0,0,0,0,0,0,0,1,0,1,0,1,2,0,0,0,0,0,0,272,0,0.001,0.006
1501,0.679,0.532,0.001,0.002,0.066,0,0,,0,,,,0,,,,,0,0,0,0,0,0,0,0,1,0,1,0,1,2,0,0,0,0,0,0,272,0.001,0.001,0.004
1502,0.859,0.71,0,0.002,0.063,0,0,,0,,,,0,,,,,0,0,0,0,0,0,0,0,1,0,1,0,1,2,0,0,0,0,0,0,272,0,0,0.006
1503,1.211,1.135,0.001,0.001,0.022,0,0,,0,,,,0,,,,,0,0,0,0,0,0,0,0,1,0,1,0,1,2,0,0,0,0,0,0,272,0,0.001,0.003
1504,0.825,0.763,0,0.001,0.018,0,0,,0,,,,0,,,,,0,0,0,0,0,0,0,0,1,0,1,0,1,2,0,0,0,0,0,0,272,0,0,0.002
1505,0.945,0.814,0,0.003,0.04,0,0,,0,,,,0,,,,,0,0,0,0,0,0,0,0,1,0,1,0,1,2,0,0,0,0,0,0,272,0,0.001,0.005
1506,0.79,0.7,0,0.002,0.037,0,0,,0,,,,0,,,,,0,0,0,0,0,0,0,0,1,0,1,0,1,2,0,0,0,0,0,0,272,0,0.001,0.003
1507,0.995,0.747,0,0.004,0.102,0,0,,0,,,,0,,,,,0,0,0,0,0,0,0,0,1,0,1,0,1,2,0,0,0,0,0,0,272,0.001,0.002,0.007
1508,0.757,0.561,0.001,0.004,0.03,0,0,,0,,,,0,,,,,0,0,0,0,0,0,0,0,1,0,1,0,1,2,0,0,0,0,0,0,272,0,0.001,0.008
1509,0.731,0.596,0.001,0.003,0.049,0,0,,0,,,,0,,,,,0,0,0,0,0,0,0,0,1,0,1,0,1,2,0,0,0,0,0,0,272,0,0.001,0.005
1510,1.076,0.959,0,0.002,0.044,0,0,,0,,,,0,,,,,0,0,0,0,0,0,0,0,1,0,1,0,1,2,0,0,0,0,0,0,272,0,0.001,0.003
1511,0.858,0.727,0,0.003,0.038,0,0,,0,,,,0,,,,,0,0,0,0,0,0,0,0,1,0,1,0,1,2,0,0,0,0,0,0,272,0,0.001,0.004
1512,0.84,0.709,0,0.003,0.049,0,0,,0,,,,0,,,,,0,0,0,0,0,0,0,0,1,0,1,0,1,2,0,0,0,0,0,0,272,0.001,0.001,0.004
1513,2.455,2.353,0,0.002,0.034,0,0,,0,,,,0,,,,,0,0,0,0,0,0,0,0,1,0,1,0,1,2,0,0,0,0,0,0,272,0,0,0.004
1514,0.793,0.712,0,0.001,0.037,0,0,,0,,,,0,,,,,0,0,0,0,0,0,0,0,1,0,1,0,1,2,0,0,0,0,0,0,272,0,0,0.003
1515,0.861,0.783,0,0.001,0.042,0,0,,0,,,,0,,,,,0,0,0,0,0,0,0,0,1,0,1,0,1,2,0,0,0,0,0,0,272,0,0,0.002
1516,0.794,0.723,0,0.001,0.04,0,0,,0,,,,0,,,,,0,0,0,0,0,0,0,0,1,0,1,0,1,2,0,0,0,0,0,0,272,0.001,0,0.002
1517,1.002,0.813,0.001,0.005,0.023,0,0,,0,,,,0,,,,,0,0,0,0,0,0,0,0,1,0,1,0,1,2,0,0,0,0,0,0,272,0.001,0.002,0.008
1518,0.684,0.548,0.001,0.003,0.059,0,0,,0,,,,0,,,,,0,0,0,0,0,0,0,0,1,0,1,0,1,2,0,0,0,0,0,0,272,0,0.001,0.004
1519,0.837,0.677,0.001,0.003,0.044,0,0,,0,,,,0,,,,,0,0,0,0,0,0,0,0,1,0,1,0,1,2,0,0,0,0,0,0,272,0,0.001,0.005
1520,1.559,1.428,0,0.002,0.047,0,0,,0,,,,0,,,,,0,0,0,0,0,0,0,0,1,0,1,0,1,2,0,0,0,0,0,0,272,0.001,0.001,0.004
1521,0.86,0.629,0,0.006,0.031,0,0,,0,,,,0,,,,,0,0,0,0,0,0,0,0,1,0,1,0,1,2,0,0,0,0,0,0,272,0.001,0.002,0.011
1522,0.614,0.537,0,0.002,0.032,0,0,,0,,,,0,,,,,0,0,0,0,0,0,0,0,1,0,1,0,1,2,0,0,0,0,0,0,272,0,0.001,0.002
1523,0.807,0.745,0,0.001,0.029,0,0,,0,,,,0,,,,,0,0,0,0,0,0,0,0,1,0,1,0,1,2,0,0,0,0,0,0,272,0,0.001,0.001
1524,0.978,0.771,0,0.003,0.111,0,0,,0,,,,0,,,,,0,0,0,0,0,0,0,0,1,0,1,0,1,2,0,0,0,0,0,0,272,0,0.001,0.005
1525,0.683,0.565,0,0.003,0.032,0,0,,0,,,,0,,,,,0,0,0,0,0,0,0,0,1,0,1,0,1,2,0,0,0,0,0,0,272,0,0.001,0.004
1526,0.732,0.649,0,0.002,0.022,0,0,,0,,,,0,,,,,0,0,0,0,0,0,0,0,1,0,1,0,1,2,0,0,0,0,0,0,272,0,0.001,0.003
1527,1.164,1.019,0,0.003,0.029,0,0,,0,,,,0,,,,,0,0,0,0,0,0,0,0,1,0,1,0,1,2,0,0,0,0,0,0,272,0.001,0.002,0.005
1528,0.798,0.684,0.001,0.002,0.033,0,0,,0,,,,0,,,,,0,0,0,0,0,0,0,0,1,0,1,0,1,2,0,0,0,0,0,0,272,0,0.001,0.002
1529,0.803,0.694,0,0.002,0.041,0,0,,0,,,,0,,,,,0,0,0,0,0,0,0,0,1,0,1,0,1,2,0,0,0,0,0,0,272,0.001,0,0.003
1530,0.969,0.776,0,0.003,0.064,0,0,,1,578.125,229920768,286490624,1,62503872,62503872,135081984,38823561584,0,0,0,0,0,0,0,0,1,0,1,0,1,2,0,0,0,0,0,0,272,0.001,0.002,0.005
1531,2.709,2.623,0,0.001,0.035,0,0,,0,,,,0,,,,,0,0,0,0,0,0,0,0,1,0,1,0,1,2,0,0,0,0,0,0,272,0,0,0.003
1532,0.899,0.828,0,0.001,0.037,0,0,,0,,,,0,,,,,0,0,0,0,0,0,0,0,1,0,1,0,1,2,0,0,0,0,0,0,272,0,0.001,0.002
1533,0.93,0.853,0,0.001,0.042,0,0,,0,,,,0,,,,,0,0,0,0,0,0,0,0,1,0,1,0,1,2,0,0,0,0,0,0,272,0,0,0.002
1534,1.075,0.85,0,0.004,0.072,0,0,,0,,,,0,,,,,0,0,0,0,0,0,0,0,1,0,1,0,1,2,0,0,0,0,0,0,272,0,0.002,0.007
1535,0.328,0.209,0,0.001,0.088,0,0,,0,,,,0,,,,,0,0,0,0,0,0,0,0,1,0,1,0,1,2,0,0,0,0,0,0,272,0,0,0.002
1536,0.493,0.385,0,0.001,0.054,0,0,,0,,,,0,,,,,0,0,0,0,0,0,0,0,1,0,1,0,1,2,0,0,0,0,0,0,272,0,0,0.003
1537,0.757,0.589,0.001,0.003,0.053,0,0,,0,,,,0,,,,,0,0,0,0,0,0,0,0,1,0,1,0,1,2,0,0,0,0,0,0,272,0,0.001,0.006
1538,0.367,0.293,0,0.001,0.024,0,0,,0,,,,0,,,,,0,0,0,0,0,0,0,0,1,0,1,0,1,2,0,0,0,0,0,0,272,0.001,0.001,0.003
1539,0.48,0.432,0,0.001,0.018,0,0,,0,,,,0,,,,,0,0,0,0,0,0,0,0,1,0,1,0,1,2,0,0,0,0,0,0,272,0,0,0.002
1540,0.487,0.451,0,0,0.019,0,0,,0,,,,0,,,,,0,0,0,0,0,0,0,0,1,0,1,0,1,2,0,0,0,0,0,0,272,0,0,0.001
1541,0.523,0.471,0,0.001,0.024,0,0,,0,,,,0,,,,,0,0,0,0,0,0,0,0,1,0,1,0,1,2,0,0,0,0,0,0,272,0,0,0.002
1542,0.494,0.444,0,0.001,0.024,0,0,,0,,,,0,,,,,0,0,0,0,0,0,0,0,1,0,1,0,1,2,0,0,0,0,0,0,272,0,0,0.001
1543,0.506,0.448,0.001,0,0.031,0,0,,0,,,,0,,,,,0,0,0,0,0,0,0,0,1,0,1,0,1,2,0,0,0,0,0,0,272,0,0,0.002
1544,0.609,0.457,0.001,0.003,0.04,0,0,,0,,,,0,,,,,0,0,0,0,0,0,0,0,1,0,1,0,1,2,0,0,0,0,0,0,272,0.001,0.001,0.005
1545,0.48,0.316,0,0.004,0.068,0,0,,0,,,,0,,,,,0,0,0,0,0,0,0,0,1,0,1,0,1,2,0,0,0,0,0,0,272,0,0.001,0.004
1546,0.388,0.288,0,0.002,0.032,0,0,,0,,,,0,,,,,0,0,0,0,0,0,0,0,1,0,1,0,1,2,0,0,0,0,0,0,272,0,0.001,0.004
1547,0.496,0.375,0,0.002,0.036,0,0,,0,,,,0,,,,,0,0,0,0,0,0,0,0,1,0,1,0,1,2,0,0,0,0,0,0,272,0,0.001,0.005
1548,0.481,0.359,0,0.002,0.056,0,0,,0,,,,0,,,,,0,0,0,0,0,0,0,0,1,0,1,0,1,2,0,0,0,0,0,0,272,0,0.001,0.003
1549,0.604,0.543,0,0.002,0.026,0,0,,0,,,,0,,,,,0,0,0,0,0,0,0,0,1,0,1,0,1,2,0,0,0,0,0,0,272,0,0,0.002
1550,0.499,0.458,0,0.001,0.019,0,0,,0,,,,0,,,,,0,0,0,0,0,0,0,0,1,0,1,0,1,2,0,0,0,0,0,0,272,0,0,0.001
1551,0.525,0.466,0,0.001,0.031,0,0,,0,,,,0,,,,,0,0,0,0,0,0,0,0,1,0,1,0,1,2,0,0,0,0,0,0,272,0,0,0.001
1552,0.495,0.438,0,0.001,0.03,0,0,,0,,,,0,,,,,0,0,0,0,0,0,0,0,1,0,1,0,1,2,0,0,0,0,0,0,272,0,0,0.002
1553,0.492,0.439,0,0.001,0.026,0,0,,0,,,,0,,,,,0,0,0,0,0,0,0,0,1,0,1,0,1,2,0,0,0,0,0,0,272,0,0,0.002
1554,0.503,0.447,0,0.001,0.026,0,0,,0,,,,0,,,,,0,0,0,0,0,0,0,0,1,0,1,0,1,2,0,0,0,0,0,0,272,0,0,0.001
1555,1.196,1.106,0,0.002,0.026,0,0,,0,,,,0,,,,,0,0,0,0,0,0,0,0,1,0,1,0,1,2,0,0,0,0,0,0,272,0,0.001,0.004
1556,1.468,1.327,0.001,0.003,0.042,0,0,,0,,,,0,,,,,0,0,0,0,0,0,0,0,1,0,1,0,1,2,0,0,0,0,0,0,272,0,0.001,0.004
1557,0.887,0.789,0,0.002,0.041,0,0,,0,,,,0,,,,,0,0,0,0,0,0,0,0,1,0,1,0,1,2,0,0,0,0,0,0,272,0,0.001,0.003
1558,0.829,0.759,0,0.001,0.031,0,0,,0,,,,0,,,,,0,0,0,0,0,0,0,0,1,0,1,0,1,2,0,0,0,0,0,0,272,0,0,0.002
1559,0.838,0.783,0,0,0.027,0,0,,0,,,,0,,,,,0,0,0,0,0,0,0,0,1,0,1,0,1,2,0,0,0,0,0,0,272,0,0,0.002
1560,0.942,0.792,0,0.003,0.047,0,0,,1,593.75,229920768,286490624,1,62503872,62503872,135081984,38823561584,0,0,0,0,0,0,0,0,1,0,1,0,1,2,0,0,0,0,0,0,272,0,0.001,0.005
1561,0.755,0.649,0,0.002,0.045,0,0,,0,,,,0,,,,,0,0,0,0,0,0,0,0,1,0,1,0,1,2,0,0,0,0,0,0,272,0,0.001,0.003
1562,1.382,1.306,0.001,0.001,0.026,0,0,,0,,,,0,,,,,0,0,0,0,0,0,0,0,1,0,1,0,1,2,0,0,0,0,0,0,272,0,0,0.003
1563,0.867,0.787,0,0.001,0.035,0,0,,0,,,,0,,,,,0,0,0,0,0,0,0,0,1,0,1,0,1,2,0,0,0,0,0,0,272,0.001,0,0.002
1564,0.803,0.75,0,0.001,0.017,0,0,,0,,,,0,,,,,0,0,0,0,0,0,0,0,1,0,1,0,1,2,0,0,0,0,0,0,272,0,0.001,0.002
1565,0.934,0.852,0.001,0.001,0.029,0,0,,0,,,,0,,,,,0,0,0,0,0,0,0,0,1,0,1,0,1,2,0,0,0,0,0,0,272,0.001,0,0.003
1566,0.799,0.71,0,0.002,0.027,0,0,,0,,,,0,,,,,0,0,0,0,0,0,0,0,1,0,1,0,1,2,0,0,0,0,0,0,272,0.001,0,0.004
1567,0.868,0.761,0,0.003,0.027,0,0,,0,,,,0,,,,,0,0,0,0,0,0,0,0,1,0,1,0,1,2,0,0,0,0,0,0,272,0,0.001,0.005
1568,0.716,0.665,0.001,0.001,0.017,0,0,,0,,,,0,,,,,0,0,0,0,0,0,0,0,1,0,1,0,1,2,0,0,0,0,0,0,272,0,0.001,0.002
1569,1.227,1.143,0.001,0.001,0.024,0,0,,0,,,,0,,,,,0,0,0,0,0,0,0,0,1,0,1,0,1,2,0,0,0,0,0,0,272,0,0,0.004
1570,0.97,0.849,0,0.003,0.049,0,0,,0,,,,0,,,,,0,0,0,0,0,0,0,0,1,0,1,0,1,2,0,0,0,0,0,0,272,0.001,0,0.004
1571,0.948,0.805,0,0.003,0.04,0,0,,0,,,,0,,,,,0,0,0,0,0,0,0,0,1,0,1,0,1,2,0,0,0,0,0,0,272,0,0.001,0.005
1572,0.889,0.765,0,0.002,0.04,0,0,,0,,,,0,,,,,0,0,0,0,0,0,0,0,1,0,1,0,1,2,0,0,0,0,0,0,272,0.001,0.001,0.004
1573,3.068,2.899,0,0.003,0.054,0,0,,0,,,,0,,,,,0,0,0,0,0,0,0,0,1,0,1,0,1,2,0,0,0,0,0,0,272,0,0.001,0.006
1574,0.862,0.768,0,0.002,0.037,0,0,,0,,,,0,,,,,0,0,0,0,0,0,0,0,1,0,1,0,1,2,0,0,0,0,0,0,272,0,0.001,0.002
1575,0.909,0.814,0,0.002,0.027,0,0,,0,,,,0,,,,,0,0,0,0,0,0,0,0,1,0,1,0,1,2,0,0,0,0,0,0,272,0,0,0.004
1576,0.915,0.842,0,0.001,0.034,0,0,,0,,,,0,,,,,0,0,0,0,0,0,0,0,1,0,1,0,1,2,0,0,0,0,0,0,272,0,0,0.002
1577,1.165,1.079,0,0.002,0.022,0,0,,0,,,,0,,,,,0,0,0,0,0,0,0,0,1,0,1,0,1,2,0,0,0,0,0,0,272,0.001,0.001,0.004
1578,0.694,0.559,0.001,0.002,0.045,0,0,,0,,,,0,,,,,0,0,0,0,0,0,0,0,1,0,1,0,1,2,0,0,0,0,0,0,272,0.001,0.001,0.004
1579,0.561,0.475,0,0.001,0.042,0,0,,0,,,,0,,,,,0,0,0,0,0,0,0,0,1,0,1,0,1,2,0,0,0,0,0,0,272,0,0.001,0.002
1580,0.724,0.622,0,0.002,0.052,0,0,,0,,,,0,,,,,0,0,0,0,0,0,0,0,1,0,1,0,1,2,0,0,0,0,0,0,272,0,0,0.003
1581,0.498,0.445,0,0.001,0.021,0,0,,0,,,,0,,,,,0,0,0,0,0,0,0,0,1,0,1,0,1,2,0,0,0,0,0,0,272,0.001,0,0.002
1582,0.623,0.586,0,0.001,0.018,0,0,,0,,,,0,,,,,0,0,0,0,0,0,0,0,1,0,1,0,1,2,0,0,0,0,0,0,272,0.001,0,0.001
1583,0.637,0.592,0,0.001,0.016,0,0,,0,,,,0,,,,,0,0,0,0,0,0,0,0,1,0,1,0,1,2,0,0,0,0,0,0,272,0.001,0,0.001
1584,0.683,0.576,0,0.003,0.03,0,0,,0,,,,0,,,,,0,0,0,0,0,0,0,0,1,0,1,0,1,2,0,0,0,0,0,0,272,0,0.001,0.005
1585,0.616,0.531,0,0.002,0.026,0,0,,0,,,,0,,,,,0,0,0,0,0,0,0,0,1,0,1,0,1,2,0,0,0,0,0,0,272,0,0.001,0.002
1586,0.599,0.506,0,0.002,0.024,0,0,,0,,,,0,,,,,0,0,0,0,0,0,0,0,1,0,1,0,1,2,0,0,0,0,0,0,272,0,0.001,0.003
1587,0.833,0.743,0,0.002,0.029,0,0,,0,,,,0,,,,,0,0,0,0,0,0,0,0,1,0,1,0,1,2,0,0,0,0,0,0,272,0,0,0.004
1588,0.636,0.552,0.001,0.001,0.032,0,0,,0,,,,0,,,,,0,0,0,0,0,0,0,0,1,0,1,0,1,2,0,0,0,0,0,0,272,0.001,0,0.002
1589,0.802,0.718,0,0.002,0.027,0,0,,0,,,,0,,,,,0,0,0,0,0,0,0,0,1,0,1,0,1,2,0,0,0,0,0,0,272,0,0.001,0.003
1590,0.889,0.841,0,0.001,0.018,0,0,,1,609.375,229920768,286490624,1,62503872,62503872,135081984,38823561584,0,0,0,0,0,0,0,0,1,0,1,0,1,2,0,0,0,0,0,0,272,0,0,0.001
1591,2.848,2.687,0.001,0.003,0.048,0,0,,0,,,,0,,,,,0,0,0,0,0,0,0,0,1,0,1,0,1,2,0,0,0,0,0,0,272,0,0.001,0.005
1592,0.697,0.615,0,0.002,0.036,0,0,,0,,,,0,,,,,0,0,0,0,0,0,0,0,1,0,1,0,1,2,0,0,0,0,0,0,272,0,0,0.002
1593,0.923,0.855,0,0.001,0.037,0,0,,0,,,,0,,,,,0,0,0,0,0,0,0,0,1,0,1,0,1,2,0,0,0,0,0,0,272,0,0,0.001
1594,0.92,0.781,0.001,0,0.111,0,0,,0,,,,0,,,,,0,0,0,0,0,0,0,0,1,0,1,0,1,2,0,0,0,0,0,0,272,0,0,0.002
1595,0.942,0.743,0,0.003,0.083,0,0,,0,,,,0,,,,,0,0,0,0,0,0,0,0,1,0,1,0,1,2,0,0,0,0,0,0,272,0,0.001,0.005
1596,0.734,0.643,0.001,0.002,0.028,0,0,,0,,,,0,,,,,0,0,0,0,0,0,0,0,1,0,1,0,1,2,0,0,0,0,0,0,272,0,0.001,0.003
1597,1.449,1.197,0,0.001,0.049,0,0,,0,,,,0,,,,,0,0,0,0,0,0,0,0,1,0,1,0,1,2,0,0,0,0,0,0,272,0.001,0,0.003
1598,0.677,0.611,0,0.002,0.02,0,0,,0,,,,0,,,,,0,0,0,0,0,0,0,0,1,0,1,0,1,2,0,0,0,0,0,0,272,0,0.001,0.002
1599,0.946,0.828,0,0.002,0.049,0,0,,0,,,,0,,,,,0,0,0,0,0,0,0,0,1,0,1,0,1,2,0,0,0,0,0,0,272,0.001,0,0.004
1600,0.813,0.736,0,0.002,0.036,0,0,,0,,,,0,,,,,0,0,0,0,0,0,0,0,1,0,1,0,1,2,0,0,0,0,0,0,272,0,0,0.003
1601,0.905,0.771,0,0.002,0.055,0,0,,0,,,,0,,,,,0,0,0,0,0,0,0,0,1,0,1,0,1,2,0,0,0,0,0,0,272,0,0.001,0.005
1602,0.801,0.696,0,0.003,0.028,0,0,,0,,,,0,,,,,0,0,0,0,0,0,0,0,1,0,1,0,1,2,0,0,0,0,0,0,272,0,0.001,0.004
1603,0.747,0.667,0,0.002,0.019,0,0,,0,,,,0,,,,,0,0,0,0,0,0,0,0,1,0,1,0,1,2,0,0,0,0,0,0,272,0.001,0.001,0.005
1604,1.151,1.068,0,0.002,0.033,0,0,,0,,,,0,,,,,0,0,0,0,0,0,0,0,1,0,1,0,1,2,0,0,0,0,0,0,272,0,0.001,0.002
1605,0.836,0.759,0,0.001,0.037,0,0,,0,,,,0,,,,,0,0,0,0,0,0,0,0,1,0,1,0,1,2,0,0,0,0,0,0,272,0,0.001,0.002
1606,0.954,0.795,0,0.001,0.118,0,0,,0,,,,0,,,,,0,0,0,0,0,0,0,0,1,0,1,0,1,2,0,0,0,0,0,0,272,0,0,0.003
1607,0.74,0.643,0.001,0.002,0.029,0,0,,0,,,,0,,,,,0,0,0,0,0,0,0,0,1,0,1,0,1,2,0,0,0,0,0,0,272,0,0,0.004
1608,2.771,2.604,0,0.006,0.036,0,0,,0,,,,0,,,,,0,0,0,0,0,0,0,0,1,0,1,0,1,2,0,0,0,0,0,0,272,0,0.003,0.008
1609,0.778,0.665,0,0.002,0.044,0,0,,0,,,,0,,,,,0,0,0,0,0,0,0,0,1,0,1,0,1,2,0,0,0,0,0,0,272,0,0.001,0.004
1610,0.81,0.724,0,0.001,0.042,0,0,,0,,,,0,,,,,0,0,0,0,0,0,0,0,1,0,1,0,1,2,0,0,0,0,0,0,272,0,0,0.003
1611,0.959,0.75,0,0.006,0.045,0,0,,0,,,,0,,,,,0,0,0,0,0,0,0,0,1,0,1,0,1,2,0,0,0,0,0,0,272,0,0.003,0.01
1612,0.663,0.575,0,0.001,0.036,0,0,,0,,,,0,,,,,0,0,0,0,0,0,0,0,1,0,1,0,1,2,0,0,0,0,0,0,272,0,0.001,0.002
1613,0.809,0.746,0,0.001,0.028,0,0,,0,,,,0,,,,,0,0,0,0,0,0,0,0,1,0,1,0,1,2,0,0,0,0,0,0,272,0,0,0.002
1614,1.51,1.396,0.001,0.003,0.03,0,0,,0,,,,0,,,,,0,0,0,0,0,0,0,0,1,0,1,0,1,2,0,0,0,0,0,0,272,0,0.001,0.006
1615,0.841,0.706,0,0.002,0.053,0,0,,0,,,,0,,,,,0,0,0,0,0,0,0,0,1,0,1,0,1,2,0,0,0,0,0,0,272,0,0.001,0.004
1616,0.914,0.775,0,0.003,0.05,0,0,,0,,,,0,,,,,0,0,0,0,0,0,0,0,1,0,1,0,1,2,0,0,0,0,0,0,272,0,0.002,0.005
1617,0.849,0.762,0,0.002,0.035,0,0,,0,,,,0,,,,,0,0,0,0,0,0,0,0,1,0,1,0,1,2,0,0,0,0,0,0,272,0,0.001,0.002
1618,0.981,0.828,0,0.002,0.047,0,0,,0,,,,0,,,,,0,0,0,0,0,0,0,0,1,0,1,0,1,2,0,0,0,0,0,0,272,0,0.001,0.005
1619,0.747,0.683,0.001,0.001,0.018,0,0,,0,,,,0,,,,,0,0,0,0,0,0,0,0,1,0,1,0,1,2,0,0,0,0,0,0,272,0.001,0,0.003
1620,1.402,1.246,0,0.003,0.046,0,0,,1,609.375,229920768,286490624,1,62503872,62503872,135081984,38823561584,0,0,0,0,0,0,0,0,1,0,1,0,1,2,0,0,0,0,0,0,272,0,0.001,0.005
1621,0.902,0.749,0.001,0.003,0.047,0,0,,0,,,,0,,,,,0,0,0,0,0,0,0,0,1,0,1,0,1,2,0,0,0,0,0,0,272,0.001,0.001,0.005
1622,0.939,0.77,0,0.004,0.048,0,0,,0,,,,0,,,,,0,0,0,0,0,0,0,0,1,0,1,0,1,2,0,0,0,0,0,0,272,0,0.001,0.006
1623,2.387,2.295,0,0.002,0.028,0,0,,0,,,,0,,,,,0,0,0,0,0,0,0,0,1,0,1,0,1,2,0,0,0,0,0,0,272,0,0,0.004
1624,1.126,0.865,0,0.003,0.053,0,0,,0,,,,0,,,,,0,0,0,0,0,0,0,0,1,0,1,0,1,2,0,0,0,0,0,0,272,0,0.001,0.006
1625,0.665,0.589,0,0.001,0.023,0,0,,0,,,,0,,,,,0,0,0,0,0,0,0,0,1,0,1,0,1,2,0,0,0,0,0,0,272,0,0,0.003
1626,0.858,0.775,0.001,0.001,0.027,0,0,,0,,,,0,,,,,0,0,0,0,0,0,0,0,1,0,1,0,1,2,0,0,0,0,0,0,272,0.001,0.001,0.003
1627,0.924,0.77,0,0.003,0.039,0,0,,0,,,,0,,,,,0,0,0,0,0,0,0,0,1,0,1,0,1,2,0,0,0,0,0,0,272,0,0.001,0.005
1628,0.816,0.703,0.001,0.002,0.047,0,0,,0,,,,0,,,,,0,0,0,0,0,0,0,0,1,0,1,0,1,2,0,0,0,0,0,0,272,0,0.001,0.003
1629,0.857,0.743,0,0.002,0.031,0,0,,0,,,,0,,,,,0,0,0,0,0,0,0,0,1,0,1,0,1,2,0,0,0,0,0,0,272,0,0.001,0.004
1630,1.451,1.291,0.001,0.002,0.053,0,0,,0,,,,0,,,,,0,0,0,0,0,0,0,0,1,0,1,0,1,2,0,0,0,0,0,0,272,0.001,0.001,0.004
1631,0.842,0.742,0,0.002,0.034,0,0,,0,,,,0,,,,,0,0,0,0,0,0,0,0,1,0,1,0,1,2,0,0,0,0,0,0,272,0.001,0.001,0.003
1632,0.8,0.733,0,0.002,0.024,0,0,,0,,,,0,,,,,0,0,0,0,0,0,0,0,1,0,1,0,1,2,0,0,0,0,0,0,272,0,0.001,0.002
1633,0.893,0.787,0,0.002,0.03,0,0,,0,,,,0,,,,,0,0,0,0,0,0,0,0,1,0,1,0,1,2,0,0,0,0,0,0,272,0,0,0.003
1634,0.849,0.772,0,0.002,0.023,0,0,,0,,,,0,,,,,0,0,0,0,0,0,0,0,1,0,1,0,1,2,0,0,0,0,0,0,272,0,0,0.003
1635,1.291,1.104,0,0.004,0.053,0,0,,0,,,,0,,,,,0,0,0,0,0,0,0,0,1,0,1,0,1,2,0,0,0,0,0,0,272,0.001,0.002,0.006
1636,0.912,0.805,0,0.003,0.044,0,0,,0,,,,0,,,,,0,0,0,0,0,0,0,0,1,0,1,0,1,2,0,0,0,0,0,0,272,0,0,0.003
1637,1.041,0.975,0.001,0.001,0.018,0,0,,0,,,,0,,,,,0,0,0,0,0,0,0,0,1,0,1,0,1,2,0,0,0,0,0,0,272,0.001,0,0.003
1638,1.142,1.059,0.001,0.001,0.03,0,0,,0,,,,0,,,,,0,0,0,0,0,0,0,0,1,0,1,0,1,2,0,0,0,0,0,0,272,0,0.001,0.002
1639,0.908,0.837,0,0.001,0.016,0,0,,0,,,,0,,,,,0,0,0,0,0,0,0,0,1,0,1,0,1,2,0,0,0,0,0,0,272,0.001,0,0.002
1640,2.473,2.397,0,0.001,0.021,0,0,,0,,,,0,,,,,0,0,0,0,0,0,0,0,1,0,1,0,1,2,0,0,0,0,0,0,272,0,0.001,0.003
1641,0.872,0.838,0,0.001,0.011,0,0,,0,,,,0,,,,,0,0,0,0,0,0,0,0,1,0,1,0,1,2,0,0,0,0,0,0,272,0,0,0.002
1642,0.835,0.774,0,0.001,0.02,0,0,,0,,,,0,,,,,0,0,0,0,0,0,0,0,1,0,1,0,1,2,0,0,0,0,0,0,272,0,0,0.002
1643,0.611,0.572,0,0,0.015,0,0,,0,,,,0,,,,,0,0,0,0,0,0,0,0,1,0,1,0,1,2,0,0,0,0,0,0,272,0,0,0.001
1644,0.647,0.6,0,0.001,0.016,0,0,,0,,,,0,,,,,0,0,0,0,0,0,0,0,1,0,1,0,1,2,0,0,0,0,0,0,272,0,0,0.002
1645,0.696,0.612,0,0.003,0.028,0,0,,0,,,,0,,,,,0,0,0,0,0,0,0,0,1,0,1,0,1,2,0,0,0,0,0,0,272,0,0.001,0.003
1646,0.645,0.561,0,0.001,0.038,0,0,,0,,,,0,,,,,0,0,0,0,0,0,0,0,1,0,1,0,1,2,0,0,0,0,0,0,272,0,0,0.002
1647,1.047,0.967,0,0.001,0.036,0,0,,0,,,,0,,,,,0,0,0,0,0,0,0,0,1,0,1,0,1,2,0,0,0,0,0,0,272,0,0,0.003
1648,0.631,0.547,0,0.002,0.024,0,0,,0,,,,0,,,,,0,0,0,0,0,0,0,0,1,0,1,0,1,2,0,0,0,0,0,0,272,0,0.001,0.003
1649,0.593,0.546,0,0.001,0.02,0,0,,0,,,,0,,,,,0,0,0,0,0,0,0,0,1,0,1,0,1,2,0,0,0,0,0,0,272,0.001,0,0.001
1650,0.624,0.585,0,0.001,0.015,0,0,,1,609.375,229920768,286490624,1,62503872,62503872,135081984,38823561584,0,0,0,0,0,0,0,0,1,0,1,0,1,2,0,0,0,0,0,0,272,0,0,0.001
1651,0.797,0.613,0,0.003,0.065,0,0,,0,,,,0,,,,,0,0,0,0,0,0,0,0,1,0,1,0,1,2,0,0,0,0,0,0,272,0.001,0.001,0.006
1652,0.476,0.385,0,0.002,0.03,0,0,,0,,,,0,,,,,0,0,0,0,0,0,0,0,1,0,1,0,1,2,0,0,0,0,0,0,272,0,0,0.003
1653,0.802,0.696,0.001,0.001,0.049,0,0,,0,,,,0,,,,,0,0,0,0,0,0,0,0,1,0,1,0,1,2,0,0,0,0,0,0,272,0,0,0.003
1654,0.906,0.725,0,0.004,0.056,0,0,,0,,,,0,,,,,0,0,0,0,0,0,0,0,1,0,1,0,1,2,0,0,0,0,0,0,272,0.001,0.002,0.006
1655,0.532,0.424,0,0.002,0.045,0,0,,0,,,,0,,,,,0,0,0,0,0,0,0,0,1,0,1,0,1,2,0,0,0,0,0,0,272,0,0.001,0.003
1656,0.592,0.512,0.001,0.001,0.038,0,0,,0,,,,0,,,,,0,0,0,0,0,0,0,0,1,0,1,0,1,2,0,0,0,0,0,0,272,0,0,0.003
1657,0.636,0.558,0.001,0.001,0.042,0,0,,0,,,,0,,,,,0,0,0,0,0,0,0,0,1,0,1,0,1,2,0,0,0,0,0,0,272,0,0,0.002
1658,0.623,0.557,0,0.001,0.03,0,0,,0,,,,0,,,,,0,0,0,0,0,0,0,0,1,0,1,0,1,2,0,0,0,0,0,0,272,0,0,0.002
1659,1.825,1.684,0,0.002,0.035,0,0,,0,,,,0,,,,,0,0,0,0,0,0,0,0,1,0,1,0,1,2,0,0,0,0,0,0,272,0,0,0.004
1660,0.42,0.333,0,0.002,0.027,0,0,,0,,,,0,,,,,0,0,0,0,0,0,0,0,1,0,1,0,1,2,0,0,0,0,0,0,272,0,0.001,0.003
1661,0.628,0.56,0,0.002,0.024,0,0,,0,,,,0,,,,,0,0,0,0,0,0,0,0,1,0,1,0,1,2,0,0,0,0,0,0,272,0.001,0,0.003
1662,0.596,0.558,0,0.001,0.017,0,0,,0,,,,0,,,,,0,0,0,0,0,0,0,0,1,0,1,0,1,2,0,0,0,0,0,0,272,0,0,0.002
1663,0.867,0.806,0.001,0.001,0.019,0,0,,0,,,,0,,,,,0,0,0,0,0,0,0,0,1,0,1,0,1,2,0,0,0,0,0,0,272,0,0,0.003
1664,1.007,0.917,0,0.001,0.035,0,0,,0,,,,0,,,,,0,0,0,0,0,0,0,0,1,0,1,0,1,2,0,0,0,0,0,0,272,0,0.001,0.003
1665,0.956,0.874,0,0.002,0.037,0,0,,0,,,,0,,,,,0,0,0,0,0,0,0,0,1,0,1,0,1,2,0,0,0,0,0,0,272,0,0,0.003
1666,0.903,0.831,0.001,0.002,0.02,0,0,,0,,,,0,,,,,0,0,0,0,0,0,0,0,1,0,1,0,1,2,0,0,0,0,0,0,272,0,0.001,0.003
1667,0.93,0.889,0,0.001,0.016,0,0,,0,,,,0,,,,,0,0,0,0,0,0,0,0,1,0,1,0,1,2,0,0,0,0,0,0,272,0,0.001,0.001
1668,0.981,0.902,0,0.001,0.052,0,0,,0,,,,0,,,,,0,0,0,0,0,0,0,0,1,0,1,0,1,2,0,0,0,0,0,0,272,0,0,0.002
1669,0.572,0.541,0,0,0.012,0,0,,0,,,,0,,,,,0,0,0,0,0,0,0,0,1,0,1,0,1,2,0,0,0,0,0,0,272,0,0,0.001
1670,0.665,0.59,0,0.002,0.024,0,0,,0,,,,0,,,,,0,0,0,0,0,0,0,0,1,0,1,0,1,2,0,0,0,0,0,0,272,0,0,0.003
1671,0.588,0.526,0,0.002,0.018,0,0,,0,,,,0,,,,,0,0,0,0,0,0,0,0,1,0,1,0,1,2,0,0,0,0,0,0,272,0,0.001,0.002
1672,0.831,0.54,0,0.002,0.135,0,0,,0,,,,0,,,,,0,0,0,0,0,0,0,0,1,0,1,0,1,2,0,0,0,0,0,0,272,0,0.001,0.003
1673,0.336,0.255,0,0.002,0.027,0,0,,0,,,,0,,,,,0,0,0,0,0,0,0,0,1,0,1,0,1,2,0,0,0,0,0,0,272,0.001,0.001,0.002
1674,0.851,0.804,0,0.001,0.019,0,0,,0,,,,0,,,,,0,0,0,0,0,0,0,0,1,0,1,0,1,2,0,0,0,0,0,0,272,0,0,0.002
1675,0.859,0.789,0,0.002,0.021,0,0,,0,,,,0,,,,,0,0,0,0,0,0,0,0,1,0,1,0,1,2,0,0,0,0,0,0,272,0,0.001,0.003
1676,0.781,0.744,0,0.001,0.013,0,0,,0,,,,0,,,,,0,0,0,0,0,0,0,0,1,0,1,0,1,2,0,0,0,0,0,0,272,0,0,0.001
1677,1.026,0.808,0,0.002,0.029,0,0,,0,,,,0,,,,,0,0,0,0,0,0,0,0,1,0,1,0,1,2,0,0,0,0,0,0,272,0,0.001,0.005
1678,1.244,1.105,0,0.004,0.035,0,0,,0,,,,0,,,,,0,0,0,0,0,0,0,0,1,0,1,0,1,2,0,0,0,0,0,0,272,0,0.001,0.006
1679,0.748,0.643,0,0.003,0.043,0,0,,0,,,,0,,,,,0,0,0,0,0,0,0,0,1,0,1,0,1,2,0,0,0,0,0,0,272,0,0.001,0.003
1680,0.658,0.576,0,0.001,0.042,0,0,,1,609.375,229924864,286490624,1,62503872,62503872,135081984,38823561584,0,0,0,0,0,0,0,0,1,0,1,0,1,2,0,0,0,0,0,0,272,0,0.001,0.002
1681,0.62,0.528,0,0.001,0.04,0,0,,0,,,,0,,,,,0,0,0,0,0,0,0,0,1,0,1,0,1,2,0,0,0,0,0,0,272,0.001,0,0.003
1682,0.614,0.535,0.001,0.001,0.041,0,0,,0,,,,0,,,,,0,0,0,0,0,0,0,0,1,0,1,0,1,2,0,0,0,0,0,0,272,0,0,0.002
1683,0.648,0.56,0,0.001,0.036,0,0,,0,,,,0,,,,,0,0,0,0,0,0,0,0,1,0,1,0,1,2,0,0,0,0,0,0,272,0,0,0.003
1684,0.616,0.542,0,0.001,0.034,0,0,,0,,,,0,,,,,0,0,0,0,0,0,0,0,1,0,1,0,1,2,0,0,0,0,0,0,272,0,0,0.002
1685,0.638,0.564,0.001,0.001,0.038,0,0,,0,,,,0,,,,,0,0,0,0,0,0,0,0,1,0,1,0,1,2,0,0,0,0,0,0,272,0,0,0.002
1686,0.618,0.549,0,0.001,0.021,0,0,,0,,,,0,,,,,0,0,0,0,0,0,0,0,1,0,1,0,1,2,0,0,0,0,0,0,272,0,0.001,0.002
1687,0.624,0.565,0,0.001,0.019,0,0,,0,,,,0,,,,,0,0,0,0,0,0,0,0,1,0,1,0,1,2,0,0,0,0,0,0,272,0,0.001,0.002
1688,0.656,0.593,0,0.002,0.021,0,0,,0,,,,0,,,,,0,0,0,0,0,0,0,0,1,0,1,0,1,2,0,0,0,0,0,0,272,0,0,0.003
1689,0.77,0.657,0,0.002,0.054,0,0,,0,,,,0,,,,,0,0,0,0,0,0,0,0,1,0,1,0,1,2,0,0,0,0,0,0,272,0,0,0.003
1690,0.931,0.796,0,0.003,0.02,0,0,,0,,,,0,,,,,0,0,0,0,0,0,0,0,1,0,1,0,1,2,0,0,0,0,0,0,272,0,0.001,0.005
1691,0.944,0.813,0,0.003,0.049,0,0,,0,,,,0,,,,,0,0,0,0,0,0,0,0,1,0,1,0,1,2,0,0,0,0,0,0,272,0,0.001,0.004
1692,0.889,0.795,0,0.002,0.042,0,0,,0,,,,0,,,,,0,0,0,0,0,0,0,0,1,0,1,0,1,2,0,0,0,0,0,0,272,0,0,0.002
1693,1.286,0.842,0,0.001,0.301,0,0,,0,,,,0,,,,,0,0,0,0,0,0,0,0,1,0,1,0,1,2,0,0,0,0,0,0,272,0,0,0.07
1694,0.211,0.151,0,0.002,0.02,0,0,,0,,,,0,,,,,0,0,0,0,0,0,0,0,1,0,1,0,1,2,0,0,0,0,0,0,272,0,0,0.003
1695,0.424,0.35,0,0.002,0.023,0,0,,0,,,,0,,,,,0,0,0,0,0,0,0,0,1,0,1,0,1,2,0,0,0,0,0,0,272,0,0.001,0.003
1696,0.856,0.779,0,0.001,0.023,0,0,,0,,,,0,,,,,0,0,0,0,0,0,0,0,1,0,1,0,1,2,0,0,0,0,0,0,272,0,0.001,0.003
1697,0.446,0.376,0,0.001,0.019,0,0,,0,,,,0,,,,,0,0,0,0,0,0,0,0,1,0,1,0,1,2,0,0,0,0,0,0,272,0,0.001,0.002
1698,0.465,0.397,0,0.001,0.026,0,0,,0,,,,0,,,,,0,0,0,0,0,0,0,0,1,0,1,0,1,2,0,0,0,0,0,0,272,0.001,0,0.003
1699,0.448,0.39,0,0.002,0.018,0,0,,0,,,,0,,,,,0,0,0,0,0,0,0,0,1,0,1,0,1,2,0,0,0,0,0,0,272,0.001,0,0.003
1700,0.44,0.402,0,0.001,0.015,0,0,,0,,,,0,,,,,0,0,0,0,0,0,0,0,1,0,1,0,1,2,0,0,0,0,0,0,272,0,0,0.001
1701,1.611,1.512,0,0.004,0.027,0,0,,0,,,,0,,,,,0,0,0,0,0,0,0,0,1,0,1,0,1,2,0,0,0,0,0,0,272,0.001,0.001,0.003
1702,0.795,0.747,0,0.001,0.018,0,0,,0,,,,0,,,,,0,0,0,0,0,0,0,0,1,0,1,0,1,2,0,0,0,0,0,0,272,0,0,0.002
1703,0.836,0.802,0,0,0.016,0,0,,0,,,,0,,,,,0,0,0,0,0,0,0,0,1,0,1,0,1,2,0,0,0,0,0,0,272,0,0.001,0.001
1704,0.858,0.794,0,0.001,0.031,0,0,,0,,,,0,,,,,0,0,0,0,0,0,0,0,1,0,1,0,1,2,0,0,0,0,0,0,272,0,0,0.002
1705,0.81,0.75,0,0.001,0.028,0,0,,0,,,,0,,,,,0,0,0,0,0,0,0,0,1,0,1,0,1,2,0,0,0,0,0,0,272,0,0,0.002
1706,0.812,0.75,0.001,0,0.031,0,0,,0,,,,0,,,,,0,0,0,0,0,0,0,0,1,0,1,0,1,2,0,0,0,0,0,0,272,0,0,0.001
1707,0.821,0.743,0,0.001,0.046,0,0,,0,,,,0,,,,,0,0,0,0,0,0,0,0,1,0,1,0,1,2,0,0,0,0,0,0,272,0,0,0.002
1708,0.776,0.687,0,0.002,0.022,0,0,,0,,,,0,,,,,0,0,0,0,0,0,0,0,1,0,1,0,1,2,0,0,0,0,0,0,272,0.001,0,0.002
1709,0.754,0.702,0,0.001,0.017,0,0,,0,,,,0,,,,,0,0,0,0,0,0,0,0,1,0,1,0,1,2,0,0,0,0,0,0,272,0,0,0.002
1710,0.84,0.747,0,0,0.045,0,0,,1,609.375,229924864,286490624,1,62503872,62503872,135081984,38823561584,0,0,0,0,0,0,0,0,1,0,1,0,1,2,0,0,0,0,0,0,272,0,0.001,0.001
1711,0.742,0.66,0,0.002,0.037,0,0,,0,,,,0,,,,,0,0,0,0,0,0,0,0,1,0,1,0,1,2,0,0,0,0,0,0,272,0,0,0.003
1712,0.769,0.698,0.001,0.001,0.037,0,0,,0,,,,0,,,,,0,0,0,0,0,0,0,0,1,0,1,0,1,2,0,0,0,0,0,0,272,0.001,0,0.002
1713,0.781,0.714,0,0.001,0.033,0,0,,0,,,,0,,,,,0,0,0,0,0,0,0,0,1,0,1,0,1,2,0,0,0,0,0,0,272,0.001,0,0.002
1714,0.767,0.714,0,0.001,0.025,0,0,,0,,,,0,,,,,0,0,0,0,0,0,0,0,1,0,1,0,1,2,0,0,0,0,0,0,272,0,0,0.002
1715,0.786,0.738,0,0.001,0.016,0,0,,0,,,,0,,,,,0,0,0,0,0,0,0,0,1,0,1,0,1,2,0,0,0,0,0,0,272,0,0,0.002
1716,0.731,0.635,0,0.002,0.023,0,0,,0,,,,0,,,,,0,0,0,0,0,0,0,0,1,0,1,0,1,2,0,0,0,0,0,0,272,0,0.001,0.004
1717,0.915,0.849,0,0.002,0.019,0,0,,0,,,,0,,,,,0,0,0,0,0,0,0,0,1,0,1,0,1,2,0,0,0,0,0,0,272,0.001,0,0.003
1718,0.861,0.763,0.001,0.001,0.049,0,0,,0,,,,0,,,,,0,0,0,0,0,0,0,0,1,0,1,0,1,2,0,0,0,0,0,0,272,0,0,0.003
1719,0.744,0.607,0,0.003,0.04,0,0,,0,,,,0,,,,,0,0,0,0,0,0,0,0,1,0,1,0,1,2,0,0,0,0,0,0,272,0,0.001,0.004
1720,0.498,0.389,0,0.003,0.03,0,0,,0,,,,0,,,,,0,0,0,0,0,0,0,0,1,0,1,0,1,2,0,0,0,0,0,0,272,0,0.001,0.004
1721,0.592,0.521,0,0.002,0.02,0,0,,0,,,,0,,,,,0,0,0,0,0,0,0,0,1,0,1,0,1,2,0,0,0,0,0,0,272,0,0.001,0.002
1722,0.734,0.568,0,0.002,0.031,0,0,,0,,,,0,,,,,0,0,0,0,0,0,0,0,1,0,1,0,1,2,0,0,0,0,0,0,272,0,0,0.002
1723,1.177,1.103,0,0.001,0.022,0,0,,0,,,,0,,,,,0,0,0,0,0,0,0,0,1,0,1,0,1,2,0,0,0,0,0,0,272,0,0,0.003
1724,0.704,0.554,0,0.003,0.06,0,0,,0,,,,0,,,,,0,0,0,0,0,0,0,0,1,0,1,0,1,2,0,0,0,0,0,0,272,0.001,0.001,0.005
1725,0.471,0.393,0,0.002,0.03,0,0,,0,,,,0,,,,,0,0,0,0,0,0,0,0,1,0,1,0,1,2,0,0,0,0,0,0,272,0,0,0.003
1726,0.894,0.761,0,0.001,0.079,0,0,,0,,,,0,,,,,0,0,0,0,0,0,0,0,1,0,1,0,1,2,0,0,0,0,0,0,272,0,0.001,0.002
1727,0.793,0.714,0,0.001,0.023,0,0,,0,,,,0,,,,,0,0,0,0,0,0,0,0,1,0,1,0,1,2,0,0,0,0,0,0,272,0,0.001,0.003
1728,0.822,0.783,0,0.001,0.017,0,0,,0,,,,0,,,,,0,0,0,0,0,0,0,0,1,0,1,0,1,2,0,0,0,0,0,0,272,0,0,0.001
1729,0.991,0.874,0,0.003,0.037,0,0,,0,,,,0,,,,,0,0,0,0,0,0,0,0,1,0,1,0,1,2,0,0,0,0,0,0,272,0,0,0.004
1730,0.88,0.736,0.001,0.003,0.025,0,0,,0,,,,0,,,,,0,0,0,0,0,0,0,0,1,0,1,0,1,2,0,0,0,0,0,0,272,0,0.001,0.005
1731,0.769,0.7,0,0.001,0.023,0,0,,0,,,,0,,,,,0,0,0,0,0,0,0,0,1,0,1,0,1,2,0,0,0,0,0,0,272,0,0.001,0.002
1732,0.927,0.818,0,0.001,0.064,0,0,,0,,,,0,,,,,0,0,0,0,0,0,0,0,1,0,1,0,1,2,0,0,0,0,0,0,272,0,0,0.003
1733,0.892,0.725,0,0.003,0.084,0,0,,0,,,,0,,,,,0,0,0,0,0,0,0,0,1,0,1,0,1,2,0,0,0,0,0,0,272,0,0.001,0.003
1734,0.763,0.679,0,0.002,0.033,0,0,,0,,,,0,,,,,0,0,0,0,0,0,0,0,1,0,1,0,1,2,0,0,0,0,0,0,272,0,0,0.003
1735,0.806,0.749,0,0.001,0.02,0,0,,0,,,,0,,,,,0,0,0,0,0,0,0,0,1,0,1,0,1,2,0,0,0,0,0,0,272,0,0.001,0.002
1736,0.92,0.818,0,0.002,0.047,0,0,,0,,,,0,,,,,0,0,0,0,0,0,0,0,1,0,1,0,1,2,0,0,0,0,0,0,272,0.001,0,0.003
1737,1.598,1.42,0,0.002,0.063,0,0,,0,,,,0,,,,,0,0,0,0,0,0,0,0,1,0,1,0,1,2,0,0,0,0,0,0,272,0,0.001,0.006
1738,0.948,0.701,0.001,0.003,0.113,0,0,,0,,,,0,,,,,0,0,0,0,0,0,0,0,1,0,1,0,1,2,0,0,0,0,0,0,272,0,0.001,0.006
1739,0.431,0.25,0,0.002,0.122,0,0,,0,,,,0,,,,,0,0,0,0,0,0,0,0,1,0,1,0,1,2,0,0,0,0,0,0,272,0,0.001,0.003
1740,0.412,0.25,0.001,0.003,0.042,0,0,,1,609.375,229924864,286490624,1,62503872,62503872,135081984,38823561584,0,0,0,0,0,0,0,0,1,0,1,0,1,2,0,0,0,0,0,0,272,0,0.001,0.005
1741,1.277,1.204,0,0.002,0.024,0,0,,0,,,,0,,,,,0,0,0,0,0,0,0,0,1,0,1,0,1,2,0,0,0,0,0,0,272,0.001,0,0.003
1742,0.899,0.818,0,0.002,0.026,0,0,,0,,,,0,,,,,0,0,0,0,0,0,0,0,1,0,1,0,1,2,0,0,0,0,0,0,272,0,0.001,0.003
1743,0.844,0.773,0,0.001,0.02,0,0,,0,,,,0,,,,,0,0,0,0,0,0,0,0,1,0,1,0,1,2,0,0,0,0,0,0,272,0,0.001,0.002
1744,0.874,0.781,0,0.002,0.036,0,0,,0,,,,0,,,,,0,0,0,0,0,0,0,0,1,0,1,0,1,2,0,0,0,0,0,0,272,0,0.001,0.003
1745,0.865,0.749,0,0.001,0.064,0,0,,0,,,,0,,,,,0,0,0,0,0,0,0,0,1,0,1,0,1,2,0,0,0,0,0,0,272,0,0.001,0.002
1746,0.852,0.695,0.001,0.003,0.061,0,0,,0,,,,0,,,,,0,0,0,0,0,0,0,0,1,0,1,0,1,2,0,0,0,0,0,0,272,0,0.001,0.005
1747,0.772,0.681,0,0.001,0.045,0,0,,0,,,,0,,,,,0,0,0,0,0,0,0,0,1,0,1,0,1,2,0,0,0,0,0,0,272,0,0.001,0.002
1748,0.889,0.729,0,0.002,0.05,0,0,,0,,,,0,,,,,0,0,0,0,0,0,0,0,1,0,1,0,1,2,0,0,0,0,0,0,272,0,0.001,0.025
1749,0.774,0.684,0,0.002,0.028,0,0,,0,,,,0,,,,,0,0,0,0,0,0,0,0,1,0,1,0,1,2,0,0,0,0,0,0,272,0,0,0.003
1750,0.783,0.716,0,0.002,0.023,0,0,,0,,,,0,,,,,0,0,0,0,0,0,0,0,1,0,1,0,1,2,0,0,0,0,0,0,272,0.001,0,0.002
1751,0.807,0.76,0,0.001,0.013,0,0,,0,,,,0,,,,,0,0,0,0,0,0,0,0,1,0,1,0,1,2,0,0,0,0,0,0,272,0,0,0.001
1752,0.975,0.812,0,0.003,0.054,0,0,,0,,,,0,,,,,0,0,0,0,0,0,0,0,1,0,1,0,1,2,0,0,0,0,0,0,272,0.001,0.001,0.005
1753,0.741,0.651,0.001,0.001,0.037,0,0,,0,,,,0,,,,,0,0,0,0,0,0,0,0,1,0,1,0,1,2,0,0,0,0,0,0,272,0,0.001,0.002
1754,0.82,0.714,0,0.002,0.06,0,0,,0,,,,0,,,,,0,0,0,0,0,0,0,0,1,0,1,0,1,2,0,0,0,0,0,0,272,0,0,0.003
1755,1.719,1.583,0,0.002,0.03,0,0,,0,,,,0,,,,,0,0,0,0,0,0,0,0,1,0,1,0,1,2,0,0,0,0,0,0,272,0,0.001,0.027
1756,0.587,0.497,0,0.002,0.023,0,0,,0,,,,0,,,,,0,0,0,0,0,0,0,0,1,0,1,0,1,2,0,0,0,0,0,0,272,0,0,0.004
1757,0.884,0.771,0.001,0.002,0.045,0,0,,0,,,,0,,,,,0,0,0,0,0,0,0,0,1,0,1,0,1,2,0,0,0,0,0,0,272,0,0,0.004
1758,0.802,0.694,0,0.002,0.046,0,0,,0,,,,0,,,,,0,0,0,0,0,0,0,0,1,0,1,0,1,2,0,0,0,0,0,0,272,0,0.001,0.003
1759,0.793,0.711,0,0.002,0.02,0,0,,0,,,,0,,,,,0,0,0,0,0,0,0,0,1,0,1,0,1,2,0,0,0,0,0,0,272,0,0,0.004
1760,1.757,1.618,0,0.002,0.05,0,0,,0,,,,0,,,,,0,0,0,0,0,0,0,0,1,0,1,0,1,2,0,0,0,0,0,0,272,0,0.001,0.005
1761,0.753,0.671,0,0.001,0.027,0,0,,0,,,,0,,,,,0,0,0,0,0,0,0,0,1,0,1,0,1,2,0,0,0,0,0,0,272,0,0.001,0.002
1762,0.847,0.748,0,0.002,0.04,0,0,,0,,,,0,,,,,0,0,0,0,0,0,0,0,1,0,1,0,1,2,0,0,0,0,0,0,272,0,0,0.003
1763,0.878,0.796,0,0.001,0.041,0,0,,0,,,,0,,,,,0,0,0,0,0,0,0,0,1,0,1,0,1,2,0,0,0,0,0,0,272,0,0,0.003
1764,0.798,0.731,0,0.001,0.035,0,0,,0,,,,0,,,,,0,0,0,0,0,0,0,0,1,0,1,0,1,2,0,0,0,0,0,0,272,0,0,0.002
1765,0.892,0.772,0,0.002,0.046,0,0,,0,,,,0,,,,,0,0,0,0,0,0,0,0,1,0,1,0,1,2,0,0,0,0,0,0,272,0,0.001,0.004
1766,0.737,0.67,0,0.001,0.034,0,0,,0,,,,0,,,,,0,0,0,0,0,0,0,0,1,0,1,0,1,2,0,0,0,0,0,0,272,0,0,0.002
1767,0.656,0.57,0,0.002,0.04,0,0,,0,,,,0,,,,,0,0,0,0,0,0,0,0,1,0,1,0,1,2,0,0,0,0,0,0,272,0.001,0,0.003
1768,0.507,0.474,0,0,0.015,0,0,,0,,,,0,,,,,0,0,0,0,0,0,0,0,1,0,1,0,1,2,0,0,0,0,0,0,272,0,0,0.001
1769,0.578,0.544,0,0,0.02,0,0,,0,,,,0,,,,,0,0,0,0,0,0,0,0,1,0,1,0,1,2,0,0,0,0,0,0,272,0,0,0.001
1770,0.579,0.553,0,0,0.014,0,0,,1,609.375,229990400,286490624,1,62503872,62503872,135081984,38823561584,0,0,0,0,0,0,0,0,1,0,1,0,1,2,0,0,0,0,0,0,272,0,0,0.001
1771,0.575,0.548,0,0,0.014,0,0,,0,,,,0,,,,,0,0,0,0,0,0,0,0,1,0,1,0,1,2,0,0,0,0,0,0,272,0,0,0
1772,0.58,0.558,0,0,0.01,0,0,,0,,,,0,,,,,0,0,0,0,0,0,0,0,1,0,1,0,1,2,0,0,0,0,0,0,272,0,0,0.001
1773,0.608,0.565,0,0.001,0.023,0,0,,0,,,,0,,,,,0,0,0,0,0,0,0,0,1,0,1,0,1,2,0,0,0,0,0,0,272,0,0,0.001
1774,0.659,0.561,0,0.003,0.026,0,0,,0,,,,0,,,,,0,0,0,0,0,0,0,0,1,0,1,0,1,2,0,0,0,0,0,0,272,0,0.001,0.005
1775,0.632,0.535,0,0.002,0.026,0,0,,0,,,,0,,,,,0,0,0,0,0,0,0,0,1,0,1,0,1,2,0,0,0,0,0,0,272,0,0,0.004
1776,0.818,0.735,0,0.002,0.024,0,0,,0,,,,0,,,,,0,0,0,0,0,0,0,0,1,0,1,0,1,2,0,0,0,0,0,0,272,0,0.001,0.003
1777,0.62,0.539,0,0.001,0.023,0,0,,0,,,,0,,,,,0,0,0,0,0,0,0,0,1,0,1,0,1,2,0,0,0,0,0,0,272,0,0,0.003
1778,0.594,0.525,0,0.002,0.022,0,0,,0,,,,0,,,,,0,0,0,0,0,0,0,0,1,0,1,0,1,2,0,0,0,0,0,0,272,0,0.001,0.003
1779,0.632,0.529,0,0.002,0.039,0,0,,0,,,,0,,,,,0,0,0,0,0,0,0,0,1,0,1,0,1,2,0,0,0,0,0,0,272,0.001,0,0.003
1780,0.516,0.454,0.001,0.001,0.021,0,0,,0,,,,0,,,,,0,0,0,0,0,0,0,0,1,0,1,0,1,2,0,0,0,0,0,0,272,0.001,0,0.002
1781,1.174,1.003,0.001,0.003,0.05,0,0,,0,,,,0,,,,,0,0,0,0,0,0,0,0,1,0,1,0,1,2,0,0,0,0,0,0,272,0.001,0.002,0.005
1782,0.466,0.378,0,0.002,0.023,0,0,,0,,,,0,,,,,0,0,0,0,0,0,0,0,1,0,1,0,1,2,0,0,0,0,0,0,272,0,0.002,0.003
1783,0.567,0.518,0,0.001,0.018,0,0,,0,,,,0,,,,,0,0,0,0,0,0,0,0,1,0,1,0,1,2,0,0,0,0,0,0,272,0,0.001,0.001
1784,0.579,0.543,0,0,0.019,0,0,,0,,,,0,,,,,0,0,0,0,0,0,0,0,1,0,1,0,1,2,0,0,0,0,0,0,272,0,0,0.001
1785,0.711,0.651,0,0.001,0.033,0,0,,0,,,,0,,,,,0,0,0,0,0,0,0,0,1,0,1,0,1,2,0,0,0,0,0,0,272,0,0.001,0.001
1786,0.814,0.77,0,0,0.021,0,0,,0,,,,0,,,,,0,0,0,0,0,0,0,0,1,0,1,0,1,2,0,0,0,0,0,0,272,0,0,0.001
1787,0.902,0.802,0,0.002,0.035,0,0,,0,,,,0,,,,,0,0,0,0,0,0,0,0,1,0,1,0,1,2,0,0,0,0,0,0,272,0,0,0.004
1788,0.866,0.703,0.001,0.002,0.072,0,0,,0,,,,0,,,,,0,0,0,0,0,0,0,0,1,0,1,0,1,2,0,0,0,0,0,0,272,0,0.001,0.005
1789,0.711,0.636,0,0.001,0.026,0,0,,0,,,,0,,,,,0,0,0,0,0,0,0,0,1,0,1,0,1,2,0,0,0,0,0,0,272,0,0.001,0.002
1790,0.877,0.75,0,0.002,0.041,0,0,,0,,,,0,,,,,0,0,0,0,0,0,0,0,1,0,1,0,1,2,0,0,0,0,0,0,272,0,0,0.004
1791,0.796,0.688,0,0.002,0.028,0,0,,0,,,,0,,,,,0,0,0,0,0,0,0,0,1,0,1,0,1,2,0,0,0,0,0,0,272,0,0.001,0.016
1792,0.748,0.697,0.001,0,0.021,0,0,,0,,,,0,,,,,0,0,0,0,0,0,0,0,1,0,1,0,1,2,0,0,0,0,0,0,272,0,0.001,0.001
1793,0.802,0.762,0,0.001,0.021,0,0,,0,,,,0,,,,,0,0,0,0,0,0,0,0,1,0,1,0,1,2,0,0,0,0,0,0,272,0,0,0.001
1794,0.873,0.799,0,0.001,0.039,0,0,,0,,,,0,,,,,0,0,0,0,0,0,0,0,1,0,1,0,1,2,0,0,0,0,0,0,272,0,0,0.002
1795,0.796,0.728,0,0.001,0.036,0,0,,0,,,,0,,,,,0,0,0,0,0,0,0,0,1,0,1,0,1,2,0,0,0,0,0,0,272,0,0,0.002
1796,0.781,0.735,0,0.001,0.018,0,0,,0,,,,0,,,,,0,0,0,0,0,0,0,0,1,0,1,0,1,2,0,0,0,0,0,0,272,0,0.001,0.001
1797,0.882,0.78,0,0.003,0.028,0,0,,0,,,,0,,,,,0,0,0,0,0,0,0,0,1,0,1,0,1,2,0,0,0,0,0,0,272,0,0.001,0.004
1798,1.361,1.16,0,0.004,0.059,0,0,,0,,,,0,,,,,0,0,0,0,0,0,0,0,1,0,1,0,1,2,0,0,0,0,0,0,272,0,0.001,0.007
1799,0.708,0.628,0.001,0.001,0.021,0,0,,0,,,,0,,,,,0,0,0,0,0,0,0,0,1,0,1,0,1,2,0,0,0,0,0,0,272,0.001,0.001,0.003
1800,0.847,0.72,0,0.002,0.048,0,0,,1,625,229990400,286490624,1,62503872,62503872,135081984,38823561584,0,0,0,0,0,0,0,0,1,0,1,0,1,2,0,0,0,0,0,0,272,0,0,0.005
1801,0.609,0.514,0,0.003,0.028,0,0,,0,,,,0,,,,,0,0,0,0,0,0,0,0,1,0,1,0,1,2,0,0,0,0,0,0,272,0,0.001,0.003
1802,1.672,1.525,0.001,0.001,0.048,0,0,,0,,,,0,,,,,0,0,0,0,0,0,0,0,1,0,1,0,1,2,0,0,0,0,0,0,272,0,0.001,0.006
1803,0.916,0.772,0,0.003,0.048,0,0,,0,,,,0,,,,,0,0,0,0,0,0,0,0,1,0,1,0,1,2,0,0,0,0,0,0,272,0,0.001,0.004
1804,0.78,0.73,0.001,0.001,0.019,0,0,,0,,,,0,,,,,0,0,0,0,0,0,0,0,1,0,1,0,1,2,0,0,0,0,0,0,272,0.001,0,0.003
1805,0.986,0.873,0,0.002,0.043,0,0,,0,,,,0,,,,,0,0,0,0,0,0,0,0,1,0,1,0,1,2,0,0,0,0,0,0,272,0,0,0.004
1806,0.875,0.789,0,0.001,0.038,0,0,,0,,,,0,,,,,0,0,0,0,0,0,0,0,1,0,1,0,1,2,0,0,0,0,0,0,272,0,0,0.003
1807,0.971,0.806,0,0.001,0.057,0,0,,0,,,,0,,,,,0,0,0,0,0,0,0,0,1,0,1,0,1,2,0,0,0,0,0,0,272,0,0.001,0.007
1808,0.833,0.737,0.001,0.002,0.038,0,0,,0,,,,0,,,,,0,0,0,0,0,0,0,0,1,0,1,0,1,2,0,0,0,0,0,0,272,0,0,0.003
1809,0.848,0.799,0,0.001,0.023,0,0,,0,,,,0,,,,,0,0,0,0,0,0,0,0,1,0,1,0,1,2,0,0,0,0,0,0,272,0,0,0.002
1810,0.928,0.849,0.001,0.001,0.04,0,0,,0,,,,0,,,,,0,0,0,0,0,0,0,0,1,0,1,0,1,2,0,0,0,0,0,0,272,0,0.001,0.002
1811,0.956,0.82,0,0.003,0.049,0,0,,0,,,,0,,,,,0,0,0,0,0,0,0,0,1,0,1,0,1,2,0,0,0,0,0,0,272,0,0.001,0.005
1812,0.81,0.754,0.001,0.001,0.022,0,0,,0,,,,0,,,,,0,0,0,0,0,0,0,0,1,0,1,0,1,2,0,0,0,0,0,0,272,0.001,0,0.002
1813,1.025,0.866,0,0.003,0.036,0,0,,0,,,,0,,,,,0,0,0,0,0,0,0,0,1,0,1,0,1,2,0,0,0,0,0,0,272,0.001,0.001,0.006
1814,2.217,2.097,0.001,0.003,0.03,0,0,,0,,,,0,,,,,0,0,0,0,0,0,0,0,1,0,1,0,1,2,0,0,0,0,0,0,272,0,0.001,0.005
1815,3.431,3.185,0.001,0.003,0.032,0,0,,0,,,,0,,,,,0,0,0,0,0,0,0,0,1,0,1,0,1,2,0,0,0,0,0,0,272,0.001,0.002,0.009
1816,3.963,3.914,0,0.001,0.016,0,0,,0,,,,0,,,,,0,0,0,0,0,0,0,0,1,0,1,0,1,2,0,0,0,0,0,0,272,0,0.001,0.003
1817,0.751,0.637,0,0.002,0.04,0,0,,0,,,,0,,,,,0,0,0,0,0,0,0,0,1,0,1,0,1,2,0,0,0,0,0,0,272,0,0.001,0.004
1818,0.598,0.507,0,0.002,0.024,0,0,,0,,,,0,,,,,0,0,0,0,0,0,0,0,1,0,1,0,1,2,0,0,0,0,0,0,272,0,0,0.003
1819,0.631,0.535,0.001,0.001,0.046,0,0,,0,,,,0,,,,,0,0,0,0,0,0,0,0,1,0,1,0,1,2,0,0,0,0,0,0,272,0,0,0.003
1820,0.781,0.681,0,0.002,0.039,0,0,,0,,,,0,,,,,0,0,0,0,0,0,0,0,1,0,1,0,1,2,0,0,0,0,0,0,272,0.001,0,0.003
1821,0.901,0.77,0.001,0.004,0.025,0,0,,0,,,,0,,,,,0,0,0,0,0,0,0,0,1,0,1,0,1,2,0,0,0,0,0,0,272,0.001,0.001,0.006
1822,0.703,0.651,0,0.001,0.018,0,0,,0,,,,0,,,,,0,0,0,0,0,0,0,0,1,0,1,0,1,2,0,0,0,0,0,0,272,0,0.001,0.002
1823,0.9,0.82,0,0.001,0.029,0,0,,0,,,,0,,,,,0,0,0,0,0,0,0,0,1,0,1,0,1,2,0,0,0,0,0,0,272,0,0.001,0.002
1824,0.682,0.541,0,0.004,0.024,0,0,,0,,,,0,,,,,0,0,0,0,0,0,0,0,1,0,1,0,1,2,0,0,0,0,0,0,272,0,0.001,0.006
1825,0.749,0.68,0,0.001,0.032,0,0,,0,,,,0,,,,,0,0,0,0,0,0,0,0,1,0,1,0,1,2,0,0,0,0,0,0,272,0,0.001,0.002
1826,1.461,1.379,0,0.001,0.024,0,0,,0,,,,0,,,,,0,0,0,0,0,0,0,0,1,0,1,0,1,2,0,0,0,0,0,0,272,0,0,0.003
1827,0.729,0.692,0,0.001,0.013,0,0,,0,,,,0,,,,,0,0,0,0,0,0,0,0,1,0,1,0,1,2,0,0,0,0,0,0,272,0,0.001,0.001
1828,1.206,1.061,0.001,0.003,0.038,0,0,,0,,,,0,,,,,0,0,0,0,0,0,0,0,1,0,1,0,1,2,0,0,0,0,0,0,272,0,0.001,0.005
1829,0.825,0.751,0,0.002,0.025,0,0,,0,,,,0,,,,,0,0,0,0,0,0,0,0,1,0,1,0,1,2,0,0,0,0,0,0,272,0,0,0.003
1830,1.632,1.535,0,0.003,0.031,0,0,,1,640.625,229990400,286490624,1,62503872,62503872,135081984,38823561584,0,0,0,0,0,0,0,0,1,0,1,0,1,2,0,0,0,0,0,0,272,0.001,0,0.003
1831,1.805,1.622,0.001,0.004,0.054,0,0,,0,,,,0,,,,,0,0,0,0,0,0,0,0,1,0,1,0,1,2,0,0,0,0,0,0,272,0.001,0.002,0.006
1832,0.747,0.635,0,0.002,0.041,0,0,,0,,,,0,,,,,0,0,0,0,0,0,0,0,1,0,1,0,1,2,0,0,0,0,0,0,272,0,0.001,0.003
1833,0.811,0.722,0,0.001,0.046,0,0,,0,,,,0,,,,,0,0,0,0,0,0,0,0,1,0,1,0,1,2,0,0,0,0,0,0,272,0,0.001,0.002
1834,0.804,0.73,0.001,0,0.038,0,0,,0,,,,0,,,,,0,0,0,0,0,0,0,0,1,0,1,0,1,2,0,0,0,0,0,0,272,0,0,0.001
1835,0.867,0.737,0.001,0.002,0.041,0,0,,0,,,,0,,,,,0,0,0,0,0,0,0,0,1,0,1,0,1,2,0,0,0,0,0,0,272,0,0,0.004
1836,0.777,0.697,0,0.002,0.033,0,0,,0,,,,0,,,,,0,0,0,0,0,0,0,0,1,0,1,0,1,2,0,0,0,0,0,0,272,0,0,0.002
1837,0.838,0.776,0,0.001,0.021,0,0,,0,,,,0,,,,,0,0,0,0,0,0,0,0,1,0,1,0,1,2,0,0,0,0,0,0,272,0,0.001,0.002
1838,0.83,0.746,0.001,0.001,0.029,0,0,,0,,,,0,,,,,0,0,0,0,0,0,0,0,1,0,1,0,1,2,0,0,0,0,0,0,272,0,0,0.003
1839,0.859,0.73,0.001,0.004,0.028,0,0,,0,,,,0,,,,,0,0,0,0,0,0,0,0,1,0,1,0,1,2,0,0,0,0,0,0,272,0,0.001,0.007
1840,0.755,0.693,0,0.001,0.016,0,0,,0,,,,0,,,,,0,0,0,0,0,0,0,0,1,0,1,0,1,2,0,0,0,0,0,0,272,0,0,0.003
1841,0.81,0.771,0,0,0.018,0,0,,0,,,,0,,,,,0,0,0,0,0,0,0,0,1,0,1,0,1,2,0,0,0,0,0,0,272,0,0.001,0.001
1842,0.926,0.817,0.001,0.002,0.037,0,0,,0,,,,0,,,,,0,0,0,0,0,0,0,0,1,0,1,0,1,2,0,0,0,0,0,0,272,0.001,0.001,0.003
1843,0.597,0.523,0.001,0.001,0.037,0,0,,0,,,,0,,,,,0,0,0,0,0,0,0,0,1,0,1,0,1,2,0,0,0,0,0,0,272,0,0,0.002
1844,0.481,0.382,0,0.002,0.024,0,0,,0,,,,0,,,,,0,0,0,0,0,0,0,0,1,0,1,0,1,2,0,0,0,0,0,0,272,0,0.001,0.003
1845,0.708,0.626,0,0.002,0.033,0,0,,0,,,,0,,,,,0,0,0,0,0,0,0,0,1,0,1,0,1,2,0,0,0,0,0,0,272,0.001,0,0.003
1846,0.461,0.373,0,0.002,0.028,0,0,,0,,,,0,,,,,0,0,0,0,0,0,0,0,1,0,1,0,1,2,0,0,0,0,0,0,272,0,0.001,0.004
1847,0.422,0.375,0.001,0.001,0.021,0,0,,0,,,,0,,,,,0,0,0,0,0,0,0,0,1,0,1,0,1,2,0,0,0,0,0,0,272,0,0,0.001
1848,0.508,0.423,0,0.001,0.046,0,0,,0,,,,0,,,,,0,0,0,0,0,0,0,0,1,0,1,0,1,2,0,0,0,0,0,0,272,0.001,0,0.002
1849,0.426,0.36,0,0.002,0.022,0,0,,0,,,,0,,,,,0,0,0,0,0,0,0,0,1,0,1,0,1,2,0,0,0,0,0,0,272,0.001,0,0.003
1850,0.442,0.398,0,0.001,0.017,0,0,,0,,,,0,,,,,0,0,0,0,0,0,0,0,1,0,1,0,1,2,0,0,0,0,0,0,272,0,0,0.001
1851,0.461,0.427,0.001,0,0.018,0,0,,0,,,,0,,,,,0,0,0,0,0,0,0,0,1,0,1,0,1,2,0,0,0,0,0,0,272,0,0,0.001
1852,0.804,0.769,0,0.001,0.017,0,0,,0,,,,0,,,,,0,0,0,0,0,0,0,0,1,0,1,0,1,2,0,0,0,0,0,0,272,0,0,0.001
1853,0.518,0.428,0,0.002,0.027,0,0,,0,,,,0,,,,,0,0,0,0,0,0,0,0,1,0,1,0,1,2,0,0,0,0,0,0,272,0,0,0.004
1854,0.399,0.36,0,0.001,0.016,0,0,,0,,,,0,,,,,0,0,0,0,0,0,0,0,1,0,1,0,1,2,0,0,0,0,0,0,272,0,0.001,0.001
1855,0.45,0.418,0,0.001,0.015,0,0,,0,,,,0,,,,,0,0,0,0,0,0,0,0,1,0,1,0,1,2,0,0,0,0,0,0,272,0,0,0.001
1856,0.467,0.432,0,0.001,0.02,0,0,,0,,,,0,,,,,0,0,0,0,0,0,0,0,1,0,1,0,1,2,0,0,0,0,0,0,272,0,0,0.001
1857,0.463,0.437,0,0.001,0.012,0,0,,0,,,,0,,,,,0,0,0,0,0,0,0,0,1,0,1,0,1,2,0,0,0,0,0,0,272,0,0,0
1858,0.477,0.444,0,0.001,0.018,0,0,,0,,,,0,,,,,0,0,0,0,0,0,0,0,1,0,1,0,1,2,0,0,0,0,0,0,272,0,0,0.001
1859,0.46,0.436,0,0.001,0.011,0,0,,0,,,,0,,,,,0,0,0,0,0,0,0,0,1,0,1,0,1,2,0,0,0,0,0,0,272,0,0,0.001
1860,0.477,0.439,0,0.001,0.016,0,0,,1,640.625,229990400,286490624,1,62503872,62503872,135081984,38823561584,0,0,0,0,0,0,0,0,1,0,1,0,1,2,0,0,0,0,0,0,272,0,0.001,0.001
1861,0.439,0.408,0,0,0.015,0,0,,0,,,,0,,,,,0,0,0,0,0,0,0,0,1,0,1,0,1,2,0,0,0,0,0,0,272,0,0,0.001
1862,0.471,0.438,0,0,0.017,0,0,,0,,,,0,,,,,0,0,0,0,0,0,0,0,1,0,1,0,1,2,0,0,0,0,0,0,272,0,0,0.001
1863,0.748,0.636,0,0.002,0.04,0,0,,0,,,,0,,,,,0,0,0,0,0,0,0,0,1,0,1,0,1,2,0,0,0,0,0,0,272,0,0,0.004
1864,0.791,0.722,0,0.002,0.029,0,0,,0,,,,0,,,,,0,0,0,0,0,0,0,0,1,0,1,0,1,2,0,0,0,0,0,0,272,0,0.001,0.002
1865,0.984,0.913,0,0.002,0.021,0,0,,0,,,,0,,,,,0,0,0,0,0,0,0,0,1,0,1,0,1,2,0,0,0,0,0,0,272,0,0,0.002
1866,0.611,0.528,0,0.002,0.025,0,0,,0,,,,0,,,,,0,0,0,0,0,0,0,0,1,0,1,0,1,2,0,0,0,0,0,0,272,0,0.001,0.003
1867,0.839,0.752,0,0.002,0.037,0,0,,0,,,,0,,,,,0,0,0,0,0,0,0,0,1,0,1,0,1,2,0,0,0,0,0,0,272,0,0.001,0.003
1868,0.787,0.736,0,0.001,0.021,0,0,,0,,,,0,,,,,0,0,0,0,0,0,0,0,1,0,1,0,1,2,0,0,0,0,0,0,272,0,0,0.003
1869,0.829,0.78,0,0.001,0.016,0,0,,0,,,,0,,,,,0,0,0,0,0,0,0,0,1,0,1,0,1,2,0,0,0,0,0,0,272,0,0,0.002
1870,0.914,0.816,0,0.002,0.049,0,0,,0,,,,0,,,,,0,0,0,0,0,0,0,0,1,0,1,0,1,2,0,0,0,0,0,0,272,0,0.001,0.002
1871,0.798,0.717,0,0.002,0.024,0,0,,0,,,,0,,,,,0,0,0,0,0,0,0,0,1,0,1,0,1,2,0,0,0,0,0,0,272,0.001,0,0.003
1872,1.27,1.203,0,0.002,0.022,0,0,,0,,,,0,,,,,0,0,0,0,0,0,0,0,1,0,1,0,1,2,0,0,0,0,0,0,272,0,0,0.003
1873,0.842,0.766,0,0.002,0.022,0,0,,0,,,,0,,,,,0,0,0,0,0,0,0,0,1,0,1,0,1,2,0,0,0,0,0,0,272,0,0.001,0.003
1874,0.865,0.769,0,0.002,0.04,0,0,,0,,,,0,,,,,0,0,0,0,0,0,0,0,1,0,1,0,1,2,0,0,0,0,0,0,272,0,0,0.003
1875,1.412,1.35,0,0.001,0.021,0,0,,0,,,,0,,,,,0,0,0,0,0,0,0,0,1,0,1,0,1,2,0,0,0,0,0,0,272,0,0.001,0.002
1876,0.723,0.652,0.001,0.001,0.031,0,0,,0,,,,0,,,,,0,0,0,0,0,0,0,0,1,0,1,0,1,2,0,0,0,0,0,0,272,0,0.001,0.002
1877,0.624,0.569,0,0,0.025,0,0,,0,,,,0,,,,,0,0,0,0,0,0,0,0,1,0,1,0,1,2,0,0,0,0,0,0,272,0.001,0,0.002
1878,0.67,0.586,0,0.002,0.027,0,0,,0,,,,0,,,,,0,0,0,0,0,0,0,0,1,0,1,0,1,2,0,0,0,0,0,0,272,0.001,0.001,0.003
1879,0.571,0.53,0,0.001,0.019,0,0,,0,,,,0,,,,,0,0,0,0,0,0,0,0,1,0,1,0,1,2,0,0,0,0,0,0,272,0,0,0.001
1880,0.618,0.589,0,0,0.015,0,0,,0,,,,0,,,,,0,0,0,0,0,0,0,0,1,0,1,0,1,2,0,0,0,0,0,0,272,0,0,0.001
1881,0.633,0.606,0,0,0.014,0,0,,0,,,,0,,,,,0,0,0,0,0,0,0,0,1,0,1,0,1,2,0,0,0,0,0,0,272,0,0,0
1882,0.678,0.636,0,0.001,0.012,0,0,,0,,,,0,,,,,0,0,0,0,0,0,0,0,1,0,1,0,1,2,0,0,0,0,0,0,272,0,0.001,0.001
1883,0.724,0.638,0,0.002,0.032,0,0,,0,,,,0,,,,,0,0,0,0,0,0,0,0,1,0,1,0,1,2,0,0,0,0,0,0,272,0.001,0,0.003
1884,0.591,0.504,0,0.001,0.037,0,0,,0,,,,0,,,,,0,0,0,0,0,0,0,0,1,0,1,0,1,2,0,0,0,0,0,0,272,0,0,0.003
1885,0.787,0.668,0,0.002,0.032,0,0,,0,,,,0,,,,,0,0,0,0,0,0,0,0,1,0,1,0,1,2,0,0,0,0,0,0,272,0,0,0.004
1886,0.103,0.001,0,0.001,0.057,0,0,,0,,,,0,,,,,0,0,0,0,0,0,0,0,1,0,1,0,1,2,0,0,0,0,0,0,272,0,0,0.002
1887,0.374,0.199,0,0.002,0.118,0,0,,0,,,,0,,,,,0,0,0,0,0,0,0,0,1,0,1,0,1,2,0,0,0,0,0,0,272,0,0.001,0.002
1888,0.173,0.128,0.001,0,0.018,0,0,,0,,,,0,,,,,0,0,0,0,0,0,0,0,1,0,1,0,1,2,0,0,0,0,0,0,272,0,0,0.002
1889,0.68,0.637,0,0.001,0.019,0,0,,0,,,,0,,,,,0,0,0,0,0,0,0,0,1,0,1,0,1,2,0,0,0,0,0,0,272,0,0,0.002
1890,0.628,0.592,0,0,0.019,0,0,,1,640.625,229990400,286490624,1,62503872,62503872,135081984,38823561584,0,0,0,0,0,0,0,0,1,0,1,0,1,2,0,0,0,0,0,0,272,0,0,0.001
1891,0.815,0.787,0,0.001,0.017,0,0,,0,,,,0,,,,,0,0,0,0,0,0,0,0,1,0,1,0,1,2,0,0,0,0,0,0,272,0,0.001,0
1892,0.865,0.821,0,0.001,0.015,0,0,,0,,,,0,,,,,0,0,0,0,0,0,0,0,1,0,1,0,1,2,0,0,0,0,0,0,272,0,0,0.002
1893,0.912,0.826,0,0.002,0.027,0,0,,0,,,,0,,,,,0,0,0,0,0,0,0,0,1,0,1,0,1,2,0,0,0,0,0,0,272,0.001,0,0.003
1894,1.448,1.339,0,0.002,0.034,0,0,,0,,,,0,,,,,0,0,0,0,0,0,0,0,1,0,1,0,1,2,0,0,0,0,0,0,272,0.001,0.001,0.004
1895,0.878,0.742,0,0.002,0.044,0,0,,0,,,,0,,,,,0,0,0,0,0,0,0,0,1,0,1,0,1,2,0,0,0,0,0,0,272,0,0.001,0.005
1896,0.809,0.674,0,0.002,0.071,0,0,,0,,,,0,,,,,0,0,0,0,0,0,0,0,1,0,1,0,1,2,0,0,0,0,0,0,272,0,0.001,0.003
1897,0.605,0.507,0,0.003,0.03,0,0,,0,,,,0,,,,,0,0,0,0,0,0,0,0,1,0,1,0,1,2,0,0,0,0,0,0,272,0,0,0.004
1898,1.519,1.44,0,0.001,0.024,0,0,,0,,,,0,,,,,0,0,0,0,0,0,0,0,1,0,1,0,1,2,0,0,0,0,0,0,272,0,0,0.003
1899,0.966,0.845,0,0.002,0.038,0,0,,0,,,,0,,,,,0,0,0,0,0,0,0,0,1,0,1,0,1,2,0,0,0,0,0,0,272,0.001,0.001,0.004
1900,0.832,0.778,0,0.001,0.018,0,0,,0,,,,0,,,,,0,0,0,0,0,0,0,0,1,0,1,0,1,2,0,0,0,0,0,0,272,0,0.001,0.002
1901,0.903,0.867,0,0.001,0.019,0,0,,0,,,,0,,,,,0,0,0,0,0,0,0,0,1,0,1,0,1,2,0,0,0,0,0,0,272,0,0,0.001
1902,0.953,0.89,0,0.001,0.048,0,0,,0,,,,0,,,,,0,0,0,0,0,0,0,0,1,0,1,0,1,2,0,0,0,0,0,0,272,0,0,0.001
1903,0.967,0.86,0,0.002,0.038,0,0,,0,,,,0,,,,,0,0,0,0,0,0,0,0,1,0,1,0,1,2,0,0,0,0,0,0,272,0.001,0.001,0.003
1904,0.898,0.818,0,0.001,0.022,0,0,,0,,,,0,,,,,0,0,0,0,0,0,0,0,1,0,1,0,1,2,0,0,0,0,0,0,272,0,0.001,0.004
1905,1.002,0.828,0,0.002,0.106,0,0,,0,,,,0,,,,,0,0,0,0,0,0,0,0,1,0,1,0,1,2,0,0,0,0,0,0,272,0,0,0.002
1906,0.904,0.744,0,0.002,0.065,0,0,,0,,,,0,,,,,0,0,0,0,0,0,0,0,1,0,1,0,1,2,0,0,0,0,0,0,272,0.001,0.001,0.006
1907,0.854,0.74,0,0.003,0.038,0,0,,0,,,,0,,,,,0,0,0,0,0,0,0,0,1,0,1,0,1,2,0,0,0,0,0,0,272,0,0,0.004
1908,0.944,0.816,0,0.003,0.043,0,0,,0,,,,0,,,,,0,0,0,0,0,0,0,0,1,0,1,0,1,2,0,0,0,0,0,0,272,0,0.001,0.004
1909,0.878,0.775,0,0.001,0.04,0,0,,0,,,,0,,,,,0,0,0,0,0,0,0,0,1,0,1,0,1,2,0,0,0,0,0,0,272,0,0.001,0.003
1910,1.748,1.603,0,0.004,0.031,0,0,,0,,,,0,,,,,0,0,0,0,0,0,0,0,1,0,1,0,1,2,0,0,0,0,0,0,272,0.001,0.002,0.006
1911,0.776,0.699,0.001,0.002,0.022,0,0,,0,,,,0,,,,,0,0,0,0,0,0,0,0,1,0,1,0,1,2,0,0,0,0,0,0,272,0,0.001,0.003
1912,1.214,1.148,0,0.002,0.023,0,0,,0,,,,0,,,,,0,0,0,0,0,0,0,0,1,0,1,0,1,2,0,0,0,0,0,0,272,0,0,0.003
1913,0.951,0.889,0,0.002,0.019,0,0,,0,,,,0,,,,,0,0,0,0,0,0,0,0,1,0,1,0,1,2,0,0,0,0,0,0,272,0,0,0.003
1914,2.162,2.015,0,0.004,0.04,0,0,,0,,,,0,,,,,0,0,0,0,0,0,0,0,1,0,1,0,1,2,0,0,0,0,0,0,272,0,0.001,0.007
1915,0.811,0.697,0,0.003,0.039,0,0,,0,,,,0,,,,,0,0,0,0,0,0,0,0,1,0,1,0,1,2,0,0,0,0,0,0,272,0.001,0.001,0.004
1916,0.867,0.735,0,0.003,0.036,0,0,,0,,,,0,,,,,0,0,0,0,0,0,0,0,1,0,1,0,1,2,0,0,0,0,0,0,272,0,0.001,0.005
1917,0.774,0.695,0.001,0.001,0.03,0,0,,0,,,,0,,,,,0,0,0,0,0,0,0,0,1,0,1,0,1,2,0,0,0,0,0,0,272,0,0,0.003
1918,0.827,0.758,0,0.002,0.028,0,0,,0,,,,0,,,,,0,0,0,0,0,0,0,0,1,0,1,0,1,2,0,0,0,0,0,0,272,0,0.001,0.002
1919,0.985,0.768,0,0.004,0.046,0,0,,0,,,,0,,,,,0,0,0,0,0,0,0,0,1,0,1,0,1,2,0,0,0,0,0,0,272,0.001,0.003,0.006
1920,0.649,0.554,0.001,0.001,0.028,0,0,,1,656.25,229990400,286490624,1,62503872,62503872,135081984,38823561584,0,0,0,0,0,0,0,0,1,0,1,0,1,2,0,0,0,0,0,0,272,0,0.001,0.003
1921,0.824,0.721,0.001,0.002,0.031,0,0,,0,,,,0,,,,,0,0,0,0,0,0,0,0,1,0,1,0,1,2,0,0,0,0,0,0,272,0.001,0.001,0.003
1922,0.814,0.724,0,0.002,0.025,0,0,,0,,,,0,,,,,0,0,0,0,0,0,0,0,1,0,1,0,1,2,0,0,0,0,0,0,272,0,0.001,0.003
1923,0.939,0.807,0.001,0.002,0.046,0,0,,0,,,,0,,,,,0,0,0,0,0,0,0,0,1,0,1,0,1,2,0,0,0,0,0,0,272,0,0,0.004
1924,0.946,0.777,0,0.003,0.04,0,0,,0,,,,0,,,,,0,0,0,0,0,0,0,0,1,0,1,0,1,2,0,0,0,0,0,0,272,0,0.001,0.005
1925,0.823,0.739,0,0.002,0.035,0,0,,0,,,,0,,,,,0,0,0,0,0,0,0,0,1,0,1,0,1,2,0,0,0,0,0,0,272,0,0,0.003
1926,0.93,0.847,0,0.002,0.027,0,0,,0,,,,0,,,,,0,0,0,0,0,0,0,0,1,0,1,0,1,2,0,0,0,0,0,0,272,0,0,0.003
1927,1.142,0.977,0,0.003,0.053,0,0,,0,,,,0,,,,,0,0,0,0,0,0,0,0,1,0,1,0,1,2,0,0,0,0,0,0,272,0,0.001,0.005
1928,1.412,1.296,0,0.003,0.042,0,0,,0,,,,0,,,,,0,0,0,0,0,0,0,0,1,0,1,0,1,2,0,0,0,0,0,0,272,0.001,0.001,0.004
1929,0.888,0.806,0,0.002,0.038,0,0,,0,,,,0,,,,,0,0,0,0,0,0,0,0,1,0,1,0,1,2,0,0,0,0,0,0,272,0,0.001,0.002
1930,0.918,0.852,0,0.001,0.03,0,0,,0,,,,0,,,,,0,0,0,0,0,0,0,0,1,0,1,0,1,2,0,0,0,0,0,0,272,0,0,0.002
1931,2.021,1.873,0,0.004,0.032,0,0,,0,,,,0,,,,,0,0,0,0,0,0,0,0,1,0,1,0,1,2,0,0,0,0,0,0,272,0.001,0.002,0.007
1932,0.953,0.807,0,0.003,0.049,0,0,,0,,,,0,,,,,0,0,0,0,0,0,0,0,1,0,1,0,1,2,0,0,0,0,0,0,272,0,0.001,0.005
1933,0.827,0.744,0,0.002,0.028,0,0,,0,,,,0,,,,,0,0,0,0,0,0,0,0,1,0,1,0,1,2,0,0,0,0,0,0,272,0,0,0.003
1934,0.902,0.841,0,0.002,0.025,0,0,,0,,,,0,,,,,0,0,0,0,0,0,0,0,1,0,1,0,1,2,0,0,0,0,0,0,272,0,0.001,0.002
1935,0.973,0.876,0,0.001,0.083,0,0,,0,,,,0,,,,,0,0,0,0,0,0,0,0,1,0,1,0,1,2,0,0,0,0,0,0,272,0,0,0
1936,0.947,0.867,0,0.001,0.037,0,0,,0,,,,0,,,,,0,0,0,0,0,0,0,0,1,0,1,0,1,2,0,0,0,0,0,0,272,0,0.001,0.002
1937,1.014,0.867,0,0.003,0.042,0,0,,0,,,,0,,,,,0,0,0,0,0,0,0,0,1,0,1,0,1,2,0,0,0,0,0,0,272,0,0.001,0.005
1938,0.973,0.794,0,0.004,0.058,0,0,,0,,,,0,,,,,0,0,0,0,0,0,0,0,1,0,1,0,1,2,0,0,0,0,0,0,272,0.001,0.001,0.006
1939,0.817,0.725,0.001,0.001,0.034,0,0,,0,,,,0,,,,,0,0,0,0,0,0,0,0,1,0,1,0,1,2,0,0,0,0,0,0,272,0,0.001,0.003
1940,0.928,0.855,0,0.001,0.033,0,0,,0,,,,0,,,,,0,0,0,0,0,0,0,0,1,0,1,0,1,2,0,0,0,0,0,0,272,0,0.001,0.002
1941,0.69,0.634,0,0.001,0.027,0,0,,0,,,,0,,,,,0,0,0,0,0,0,0,0,1,0,1,0,1,2,0,0,0,0,0,0,272,0,0,0.002
1942,0.481,0.326,0,0.003,0.046,0,0,,0,,,,0,,,,,0,0,0,0,0,0,0,0,1,0,1,0,1,2,0,0,0,0,0,0,272,0,0.001,0.005
1943,0.398,0.21,0,0.002,0.13,0,0,,0,,,,0,,,,,0,0,0,0,0,0,0,0,1,0,1,0,1,2,0,0,0,0,0,0,272,0.001,0,0.003
1944,0.341,0.168,0,0.003,0.048,0,0,,0,,,,0,,,,,0,0,0,0,0,0,0,0,1,0,1,0,1,2,0,0,0,0,0,0,272,0.001,0.001,0.004
1945,0.245,0.162,0,0.002,0.03,0,0,,0,,,,0,,,,,0,0,0,0,0,0,0,0,1,0,1,0,1,2,0,0,0,0,0,0,272,0,0.001,0.002
1946,0.38,0.26,0,0.002,0.046,0,0,,0,,,,0,,,,,0,0,0,0,0,0,0,0,1,0,1,0,1,2,0,0,0,0,0,0,272,0.001,0,0.004
1947,0.688,0.634,0,0.001,0.022,0,0,,0,,,,0,,,,,0,0,0,0,0,0,0,0,1,0,1,0,1,2,0,0,0,0,0,0,272,0,0,0.002
1948,0.619,0.461,0,0.003,0.057,0,0,,0,,,,0,,,,,0,0,0,0,0,0,0,0,1,0,1,0,1,2,0,0,0,0,0,0,272,0,0,0.005
1949,0.391,0.305,0,0.002,0.036,0,0,,0,,,,0,,,,,0,0,0,0,0,0,0,0,1,0,1,0,1,2,0,0,0,0,0,0,272,0,0,0.002
1950,0.487,0.4,0,0.002,0.043,0,0,,1,671.875,229990400,286490624,1,62503872,62503872,135081984,38823561584,0,0,0,0,0,0,0,0,1,0,1,0,1,2,0,0,0,0,0,0,272,0,0,0.003
1951,0.425,0.378,0,0.001,0.025,0,0,,0,,,,0,,,,,0,0,0,0,0,0,0,0,1,0,1,0,1,2,0,0,0,0,0,0,272,0,0,0.002
1952,0.505,0.44,0,0.001,0.031,0,0,,0,,,,0,,,,,0,0,0,0,0,0,0,0,1,0,1,0,1,2,0,0,0,0,0,0,272,0,0.001,0.001
1953,0.997,0.796,0.001,0.004,0.06,0,0,,0,,,,0,,,,,0,0,0,0,0,0,0,0,1,0,1,0,1,2,0,0,0,0,0,0,272,0,0.001,0.007
1954,0.303,0.232,0,0.001,0.029,0,0,,0,,,,0,,,,,0,0,0,0,0,0,0,0,1,0,1,0,1,2,0,0,0,0,0,0,272,0,0.001,0.002
1955,0.486,0.418,0,0.001,0.032,0,0,,0,,,,0,,,,,0,0,0,0,0,0,0,0,1,0,1,0,1,2,0,0,0,0,0,0,272,0,0,0.003
1956,0.489,0.429,0,0,0.029,0,0,,0,,,,0,,,,,0,0,0,0,0,0,0,0,1,0,1,0,1,2,0,0,0,0,0,0,272,0,0,0.002
1957,0.487,0.43,0,0.001,0.029,0,0,,0,,,,0,,,,,0,0,0,0,0,0,0,0,1,0,1,0,1,2,0,0,0,0,0,0,272,0,0,0.002
1958,0.598,0.443,0,0.003,0.053,0,0,,0,,,,0,,,,,0,0,0,0,0,0,0,0,1,0,1,0,1,2,0,0,0,0,0,0,272,0,0.001,0.005
1959,0.401,0.319,0,0.002,0.029,0,0,,0,,,,0,,,,,0,0,0,0,0,0,0,0,1,0,1,0,1,2,0,0,0,0,0,0,272,0.001,0,0.003
1960,0.474,0.411,0,0.001,0.029,0,0,,0,,,,0,,,,,0,0,0,0,0,0,0,0,1,0,1,0,1,2,0,0,0,0,0,0,272,0,0,0.002
1961,0.512,0.428,0,0.002,0.024,0,0,,0,,,,0,,,,,0,0,0,0,0,0,0,0,1,0,1,0,1,2,0,0,0,0,0,0,272,0,0.002,0.003
1962,0.461,0.402,0,0.001,0.02,0,0,,0,,,,0,,,,,0,0,0,0,0,0,0,0,1,0,1,0,1,2,0,0,0,0,0,0,272,0,0.001,0.002
1963,0.466,0.436,0,0,0.012,0,0,,0,,,,0,,,,,0,0,0,0,0,0,0,0,1,0,1,0,1,2,0,0,0,0,0,0,272,0,0,0.001
1964,0.579,0.486,0,0.002,0.04,0,0,,0,,,,0,,,,,0,0,0,0,0,0,0,0,1,0,1,0,1,2,0,0,0,0,0,0,272,0,0,0.003
1965,0.464,0.397,0.001,0.001,0.031,0,0,,0,,,,0,,,,,0,0,0,0,0,0,0,0,1,0,1,0,1,2,0,0,0,0,0,0,272,0,0,0.002
1966,0.492,0.429,0,0.001,0.021,0,0,,0,,,,0,,,,,0,0,0,0,0,0,0,0,1,0,1,0,1,2,0,0,0,0,0,0,272,0,0,0.002
1967,0.486,0.436,0,0,0.022,0,0,,0,,,,0,,,,,0,0,0,0,0,0,0,0,1,0,1,0,1,2,0,0,0,0,0,0,272,0,0,0.002
1968,0.526,0.461,0,0,0.033,0,0,,0,,,,0,,,,,0,0,0,0,0,0,0,0,1,0,1,0,1,2,0,0,0,0,0,0,272,0,0,0.002
1969,0.461,0.421,0,0.001,0.02,0,0,,0,,,,0,,,,,0,0,0,0,0,0,0,0,1,0,1,0,1,2,0,0,0,0,0,0,272,0,0.001,0.001
1970,0.604,0.53,0,0,0.044,0,0,,0,,,,0,,,,,0,0,0,0,0,0,0,0,1,0,1,0,1,2,0,0,0,0,0,0,272,0.001,0,0.001
1971,0.896,0.841,0.001,0,0.027,0,0,,0,,,,0,,,,,0,0,0,0,0,0,0,0,1,0,1,0,1,2,0,0,0,0,0,0,272,0,0,0.002
1972,0.946,0.883,0,0.001,0.036,0,0,,0,,,,0,,,,,0,0,0,0,0,0,0,0,1,0,1,0,1,2,0,0,0,0,0,0,272,0,0,0.002
1973,0.909,0.853,0,0.001,0.029,0,0,,0,,,,0,,,,,0,0,0,0,0,0,0,0,1,0,1,0,1,2,0,0,0,0,0,0,272,0,0,0.002
1974,1.041,0.841,0,0.004,0.057,0,0,,0,,,,0,,,,,0,0,0,0,0,0,0,0,1,0,1,0,1,2,0,0,0,0,0,0,272,0,0.001,0.006
1975,1.114,0.988,0,0.002,0.031,0,0,,0,,,,0,,,,,0,0,0,0,0,0,0,0,1,0,1,0,1,2,0,0,0,0,0,0,272,0,0.001,0.004
1976,0.943,0.8,0.001,0.003,0.043,0,0,,0,,,,0,,,,,0,0,0,0,0,0,0,0,1,0,1,0,1,2,0,0,0,0,0,0,272,0,0.001,0.005
1977,0.832,0.737,0,0.002,0.043,0,0,,0,,,,0,,,,,0,0,0,0,0,0,0,0,1,0,1,0,1,2,0,0,0,0,0,0,272,0,0.001,0.002
1978,1.962,1.832,0,0.003,0.044,0,0,,0,,,,0,,,,,0,0,0,0,0,0,0,0,1,0,1,0,1,2,0,0,0,0,0,0,272,0,0,0.004
1979,0.789,0.737,0,0.001,0.02,0,0,,0,,,,0,,,,,0,0,0,0,0,0,0,0,1,0,1,0,1,2,0,0,0,0,0,0,272,0,0,0.002
1980,0.908,0.798,0,0.002,0.039,0,0,,1,687.5,229990400,286490624,1,62503872,62503872,135081984,38823561584,0,0,0,0,0,0,0,0,1,0,1,0,1,2,0,0,0,0,0,0,272,0.001,0.001,0.004
1981,0.794,0.711,0,0.002,0.039,0,0,,0,,,,0,,,,,0,0,0,0,0,0,0,0,1,0,1,0,1,2,0,0,0,0,0,0,272,0,0,0.003
1982,0.752,0.685,0,0.001,0.035,0,0,,0,,,,0,,,,,0,0,0,0,0,0,0,0,1,0,1,0,1,2,0,0,0,0,0,0,272,0,0,0.002
1983,0.831,0.763,0.001,0,0.037,0,0,,0,,,,0,,,,,0,0,0,0,0,0,0,0,1,0,1,0,1,2,0,0,0,0,0,0,272,0,0.001,0.001
1984,0.875,0.712,0,0.004,0.047,0,0,,0,,,,0,,,,,0,0,0,0,0,0,0,0,1,0,1,0,1,2,0,0,0,0,0,0,272,0,0.001,0.006
1985,0.68,0.613,0,0.001,0.036,0,0,,0,,,,0,,,,,0,0,0,0,0,0,0,0,1,0,1,0,1,2,0,0,0,0,0,0,272,0,0,0.002
1986,0.844,0.734,0.001,0.003,0.024,0,0,,0,,,,0,,,,,0,0,0,0,0,0,0,0,1,0,1,0,1,2,0,0,0,0,0,0,272,0,0.001,0.005
1987,0.77,0.677,0,0.002,0.029,0,0,,0,,,,0,,,,,0,0,0,0,0,0,0,0,1,0,1,0,1,2,0,0,0,0,0,0,272,0.001,0.001,0.003
1988,0.708,0.659,0.001,0,0.02,0,0,,0,,,,0,,,,,0,0,0,0,0,0,0,0,1,0,1,0,1,2,0,0,0,0,0,0,272,0,0,0.002
1989,0.783,0.746,0,0.001,0.017,0,0,,0,,,,0,,,,,0,0,0,0,0,0,0,0,1,0,1,0,1,2,0,0,0,0,0,0,272,0,0,0.001
1990,0.842,0.757,0,0.001,0.045,0,0,,0,,,,0,,,,,0,0,0,0,0,0,0,0,1,0,1,0,1,2,0,0,0,0,0,0,272,0,0,0.002
1991,0.926,0.786,0,0.002,0.072,0,0,,0,,,,0,,,,,0,0,0,0,0,0,0,0,1,0,1,0,1,2,0,0,0,0,0,0,272,0,0.001,0.003
1992,0.686,0.586,0,0.002,0.029,0,0,,0,,,,0,,,,,0,0,0,0,0,0,0,0,1,0,1,0,1,2,0,0,0,0,0,0,272,0,0.001,0.004
1993,0.697,0.579,0.001,0.002,0.026,0,0,,0,,,,0,,,,,0,0,0,0,0,0,0,0,1,0,1,0,1,2,0,0,0,0,0,0,272,0,0,0.003
1994,1.225,1.096,0,0.003,0.049,0,0,,0,,,,0,,,,,0,0,0,0,0,0,0,0,1,0,1,0,1,2,0,0,0,0,0,0,272,0,0.001,0.004
1995,0.742,0.661,0,0.002,0.041,0,0,,0,,,,0,,,,,0,0,0,0,0,0,0,0,1,0,1,0,1,2,0,0,0,0,0,0,272,0,0,0.002
1996,0.956,0.864,0,0.002,0.028,0,0,,0,,,,0,,,,,0,0,0,0,0,0,0,0,1,0,1,0,1,2,0,0,0,0,0,0,272,0,0.001,0.004
1997,0.625,0.486,0,0.003,0.037,0,0,,0,,,,0,,,,,0,0,0,0,0,0,0,0,1,0,1,0,1,2,0,0,0,0,0,0,272,0,0.001,0.005
1998,1.345,1.28,0,0.001,0.024,0,0,,0,,,,0,,,,,0,0,0,0,0,0,0,0,1,0,1,0,1,2,0,0,0,0,0,0,272,0,0,0.002
1999,0.783,0.696,0,0.003,0.027,0,0,,0,,,,0,,,,,0,0,0,0,0,0,0,0,1,0,1,0,1,2,0,0,0,0,0,0,272,0,0,0.003
2000,0.794,0.701,0.001,0.001,0.039,0,0,,0,,,,0,,,,,0,0,0,0,0,0,0,0,1,0,1,0,1,2,0,0,0,0,0,0,272,0,0,0.003
2001,0.718,0.654,0.001,0.001,0.021,0,0,,0,,,,0,,,,,0,0,0,0,0,0,0,0,1,0,1,0,1,2,0,0,0,0,0,0,272,0,0.001,0.002
2002,0.729,0.689,0,0.001,0.016,0,0,,0,,,,0,,,,,0,0,0,0,0,0,0,0,1,0,1,0,1,2,0,0,0,0,0,0,272,0.001,0,0.001
2003,0.831,0.794,0,0.001,0.02,0,0,,0,,,,0,,,,,0,0,0,0,0,0,0,0,1,0,1,0,1,2,0,0,0,0,0,0,272,0,0,0.001
2004,0.913,0.826,0,0.002,0.026,0,0,,0,,,,0,,,,,0,0,0,0,0,0,0,0,1,0,1,0,1,2,0,0,0,0,0,0,272,0.001,0,0.002
2005,0.794,0.729,0.001,0.001,0.025,0,0,,0,,,,0,,,,,0,0,0,0,0,0,0,0,1,0,1,0,1,2,0,0,0,0,0,0,272,0,0.001,0.002
2006,0.847,0.775,0,0.001,0.026,0,0,,0,,,,0,,,,,0,0,0,0,0,0,0,0,1,0,1,0,1,2,0,0,0,0,0,0,272,0.001,0,0.003
2007,0.785,0.751,0,0,0.013,0,0,,0,,,,0,,,,,0,0,0,0,0,0,0,0,1,0,1,0,1,2,0,0,0,0,0,0,272,0,0,0.001
2008,0.829,0.797,0,0,0.015,0,0,,0,,,,0,,,,,0,0,0,0,0,0,0,0,1,0,1,0,1,2,0,0,0,0,0,0,272,0,0,0.002
2009,0.886,0.823,0,0.001,0.032,0,0,,0,,,,0,,,,,0,0,0,0,0,0,0,0,1,0,1,0,1,2,0,0,0,0,0,0,272,0.001,0,0.002
2010,0.857,0.773,0,0.002,0.036,0,0,,1,687.5,230055936,286490624,1,62503872,62503872,135081984,38823561584,0,0,0,0,0,0,0,0,1,0,1,0,1,2,0,0,0,0,0,0,272,0,0.001,0.002
2011,0.811,0.721,0,0.002,0.027,0,0,,0,,,,0,,,,,0,0,0,0,0,0,0,0,1,0,1,0,1,2,0,0,0,0,0,0,272,0,0,0.004
2012,1.489,1.429,0,0.001,0.018,0,0,,0,,,,0,,,,,0,0,0,0,0,0,0,0,1,0,1,0,1,2,0,0,0,0,0,0,272,0.001,0,0.002
2013,0.885,0.779,0,0.002,0.036,0,0,,0,,,,0,,,,,0,0,0,0,0,0,0,0,1,0,1,0,1,2,0,0,0,0,0,0,272,0.001,0.001,0.003
2014,0.814,0.738,0.001,0.001,0.038,0,0,,0,,,,0,,,,,0,0,0,0,0,0,0,0,1,0,1,0,1,2,0,0,0,0,0,0,272,0,0,0.002
2015,0.856,0.744,0,0.002,0.031,0,0,,0,,,,0,,,,,0,0,0,0,0,0,0,0,1,0,1,0,1,2,0,0,0,0,0,0,272,0,0.001,0.004
2016,1.135,1.078,0,0.001,0.018,0,0,,0,,,,0,,,,,0,0,0,0,0,0,0,0,1,0,1,0,1,2,0,0,0,0,0,0,272,0,0,0.002
2017,0.821,0.778,0,0.001,0.022,0,0,,0,,,,0,,,,,0,0,0,0,0,0,0,0,1,0,1,0,1,2,0,0,0,0,0,0,272,0,0,0.001
2018,0.837,0.794,0,0.001,0.017,0,0,,0,,,,0,,,,,0,0,0,0,0,0,0,0,1,0,1,0,1,2,0,0,0,0,0,0,272,0,0.001,0.001
2019,0.927,0.802,0.001,0.002,0.042,0,0,,0,,,,0,,,,,0,0,0,0,0,0,0,0,1,0,1,0,1,2,0,0,0,0,0,0,272,0,0.001,0.004
2020,0.776,0.698,0,0.002,0.032,0,0,,0,,,,0,,,,,0,0,0,0,0,0,0,0,1,0,1,0,1,2,0,0,0,0,0,0,272,0,0.001,0.002
2021,0.826,0.752,0,0.001,0.029,0,0,,0,,,,0,,,,,0,0,0,0,0,0,0,0,1,0,1,0,1,2,0,0,0,0,0,0,272,0,0.001,0.002
2022,0.777,0.717,0,0.001,0.02,0,0,,0,,,,0,,,,,0,0,0,0,0,0,0,0,1,0,1,0,1,2,0,0,0,0,0,0,272,0,0.001,0.002
2023,0.919,0.791,0,0.002,0.039,0,0,,0,,,,0,,,,,0,0,0,0,0,0,0,0,1,0,1,0,1,2,0,0,0,0,0,0,272,0,0.001,0.004
2024,0.768,0.687,0.001,0.002,0.031,0,0,,0,,,,0,,,,,0,0,0,0,0,0,0,0,1,0,1,0,1,2,0,0,0,0,0,0,272,0,0,0.002
2025,0.898,0.76,0.001,0.003,0.043,0,0,,0,,,,0,,,,,0,0,0,0,0,0,0,0,1,0,1,0,1,2,0,0,0,0,0,0,272,0.001,0.001,0.005
2026,0.693,0.649,0.001,0,0.015,0,0,,0,,,,0,,,,,0,0,0,0,0,0,0,0,1,0,1,0,1,2,0,0,0,0,0,0,272,0,0,0.001
2027,0.83,0.786,0,0.001,0.016,0,0,,0,,,,0,,,,,0,0,0,0,0,0,0,0,1,0,1,0,1,2,0,0,0,0,0,0,272,0,0,0.001
2028,0.878,0.799,0,0.001,0.041,0,0,,0,,,,0,,,,,0,0,0,0,0,0,0,0,1,0,1,0,1,2,0,0,0,0,0,0,272,0,0,0.002
2029,0.849,0.733,0,0.001,0.029,0,0,,0,,,,0,,,,,0,0,0,0,0,0,0,0,1,0,1,0,1,2,0,0,0,0,0,0,272,0,0,0.001
2030,0.855,0.723,0,0.002,0.044,0,0,,0,,,,0,,,,,0,0,0,0,0,0,0,0,1,0,1,0,1,2,0,0,0,0,0,0,272,0,0.001,0.004
2031,1.184,1.127,0,0.002,0.02,0,0,,0,,,,0,,,,,0,0,0,0,0,0,0,0,1,0,1,0,1,2,0,0,0,0,0,0,272,0,0.001,0.002
2032,1.083,0.834,0.001,0.003,0.131,0,0,,0,,,,0,,,,,0,0,0,0,0,0,0,0,1,0,1,0,1,2,0,0,0,0,0,0,272,0,0.001,0.006
2033,0.907,0.558,0,0.003,0.288,0,0,,0,,,,0,,,,,0,0,0,0,0,0,0,0,1,0,1,0,1,2,0,0,0,0,0,0,272,0,0,0.003
2034,0.515,0.42,0,0.002,0.022,0,0,,0,,,,0,,,,,0,0,0,0,0,0,0,0,1,0,1,0,1,2,0,0,0,0,0,0,272,0.001,0.001,0.004
2035,1.554,1.461,0.001,0.002,0.03,0,0,,0,,,,0,,,,,0,0,0,0,0,0,0,0,1,0,1,0,1,2,0,0,0,0,0,0,272,0,0,0.003
2036,0.8,0.71,0,0.002,0.023,0,0,,0,,,,0,,,,,0,0,0,0,0,0,0,0,1,0,1,0,1,2,0,0,0,0,0,0,272,0,0.001,0.004
2037,0.777,0.721,0,0.002,0.018,0,0,,0,,,,0,,,,,0,0,0,0,0,0,0,0,1,0,1,0,1,2,0,0,0,0,0,0,272,0,0,0.003
2038,0.829,0.761,0.001,0.001,0.028,0,0,,0,,,,0,,,,,0,0,0,0,0,0,0,0,1,0,1,0,1,2,0,0,0,0,0,0,272,0,0,0.002
2039,0.826,0.748,0,0.002,0.034,0,0,,0,,,,0,,,,,0,0,0,0,0,0,0,0,1,0,1,0,1,2,0,0,0,0,0,0,272,0,0.001,0.002
2040,0.803,0.728,0,0.002,0.028,0,0,,1,703.125,230055936,286490624,1,62503872,62503872,135081984,38823561584,0,0,0,0,0,0,0,0,1,0,1,0,1,2,0,0,0,0,0,0,272,0,0.001,0.003
2041,0.867,0.722,0,0.003,0.041,0,0,,0,,,,0,,,,,0,0,0,0,0,0,0,0,1,0,1,0,1,2,0,0,0,0,0,0,272,0,0.001,0.005
2042,0.741,0.67,0.001,0.001,0.022,0,0,,0,,,,0,,,,,0,0,0,0,0,0,0,0,1,0,1,0,1,2,0,0,0,0,0,0,272,0.001,0,0.003
2043,0.789,0.726,0.001,0.001,0.02,0,0,,0,,,,0,,,,,0,0,0,0,0,0,0,0,1,0,1,0,1,2,0,0,0,0,0,0,272,0,0,0.002
2044,0.842,0.749,0,0.003,0.027,0,0,,0,,,,0,,,,,0,0,0,0,0,0,0,0,1,0,1,0,1,2,0,0,0,0,0,0,272,0,0.001,0.003
2045,0.812,0.719,0.001,0.001,0.033,0,0,,0,,,,0,,,,,0,0,0,0,0,0,0,0,1,0,1,0,1,2,0,0,0,0,0,0,272,0,0,0.003
2046,0.793,0.719,0.001,0.001,0.025,0,0,,0,,,,0,,,,,0,0,0,0,0,0,0,0,1,0,1,0,1,2,0,0,0,0,0,0,272,0,0.001,0.002
2047,0.687,0.616,0.001,0.001,0.022,0,0,,0,,,,0,,,,,0,0,0,0,0,0,0,0,1,0,1,0,1,2,0,0,0,0,0,0,272,0,0,0.002
2048,1.777,1.598,0.001,0.003,0.054,0,0,,0,,,,0,,,,,0,0,0,0,0,0,0,0,1,0,1,0,1,2,0,0,0,0,0,0,272,0,0.001,0.004
2049,2.09,1.918,0,0.003,0.052,0,0,,0,,,,0,,,,,0,0,0,0,0,0,0,0,1,0,1,0,1,2,0,0,0,0,0,0,272,0.001,0.001,0.006
2050,1.626,1.529,0,0.002,0.038,0,0,,0,,,,0,,,,,0,0,0,0,0,0,0,0,1,0,1,0,1,2,0,0,0,0,0,0,272,0,0.001,0.002
2051,2.587,2.376,0.001,0.004,0.046,0,0,,0,,,,0,,,,,0,0,0,0,0,0,0,0,1,0,1,0,1,2,0,0,0,0,0,0,272,0,0.002,0.009
2052,1.846,1.724,0,0.002,0.05,0,0,,0,,,,0,,,,,0,0,0,0,0,0,0,0,1,0,1,0,1,2,0,0,0,0,0,0,272,0,0.001,0.003
2053,2.013,1.833,0,0.004,0.047,0,0,,0,,,,0,,,,,0,0,0,0,0,0,0,0,1,0,1,0,1,2,0,0,0,0,0,0,272,0,0.002,0.007
2054,1.949,1.771,0,0.003,0.065,0,0,,0,,,,0,,,,,0,0,0,0,0,0,0,0,1,0,1,0,1,2,0,0,0,0,0,0,272,0,0.001,0.006
2055,0.711,0.617,0.001,0.002,0.042,0,0,,0,,,,0,,,,,0,0,0,0,0,0,0,0,1,0,1,0,1,2,0,0,0,0,0,0,272,0,0.001,0.003
2056,0.717,0.642,0,0.002,0.037,0,0,,0,,,,0,,,,,0,0,0,0,0,0,0,0,1,0,1,0,1,2,0,0,0,0,0,0,272,0,0,0.002
2057,0.782,0.673,0,0.002,0.043,0,0,,0,,,,0,,,,,0,0,0,0,0,0,0,0,1,0,1,0,1,2,0,0,0,0,0,0,272,0,0.001,0.004
2058,0.79,0.617,0,0.004,0.045,0,0,,0,,,,0,,,,,0,0,0,0,0,0,0,0,1,0,1,0,1,2,0,0,0,0,0,0,272,0.001,0.001,0.006
2059,0.635,0.523,0,0.002,0.028,0,0,,0,,,,0,,,,,0,0,0,0,0,0,0,0,1,0,1,0,1,2,0,0,0,0,0,0,272,0,0.001,0.004
2060,0.285,0.149,0,0.003,0.036,0,0,,0,,,,0,,,,,0,0,0,0,0,0,0,0,1,0,1,0,1,2,0,0,0,0,0,0,272,0,0.001,0.006
2061,0.631,0.396,0,0.005,0.078,0,0,,0,,,,0,,,,,0,0,0,0,0,0,0,0,1,0,1,0,1,2,0,0,0,0,0,0,272,0.001,0.002,0.007
2062,0.86,0.715,0.001,0.002,0.046,0,0,,0,,,,0,,,,,0,0,0,0,0,0,0,0,1,0,1,0,1,2,0,0,0,0,0,0,272,0,0.001,0.005
2063,0.758,0.611,0.001,0.002,0.06,0,0,,0,,,,0,,,,,0,0,0,0,0,0,0,0,1,0,1,0,1,2,0,0,0,0,0,0,272,0.001,0.001,0.005
2064,0.67,0.558,0,0.003,0.036,0,0,,0,,,,0,,,,,0,0,0,0,0,0,0,0,1,0,1,0,1,2,0,0,0,0,0,0,272,0.001,0.001,0.004
2065,0.705,0.606,0,0.002,0.028,0,0,,0,,,,0,,,,,0,0,0,0,0,0,0,0,1,0,1,0,1,2,0,0,0,0,0,0,272,0,0.001,0.003
2066,0.743,0.637,0,0.002,0.032,0,0,,0,,,,0,,,,,0,0,0,0,0,0,0,0,1,0,1,0,1,2,0,0,0,0,0,0,272,0,0,0.004
2067,0.786,0.642,0,0.003,0.045,0,0,,0,,,,0,,,,,0,0,0,0,0,0,0,0,1,0,1,0,1,2,0,0,0,0,0,0,272,0.001,0.001,0.005
2068,0.69,0.588,0,0.002,0.041,0,0,,0,,,,0,,,,,0,0,0,0,0,0,0,0,1,0,1,0,1,2,0,0,0,0,0,0,272,0,0,0.003
2069,0.708,0.628,0,0.001,0.032,0,0,,0,,,,0,,,,,0,0,0,0,0,0,0,0,1,0,1,0,1,2,0,0,0,0,0,0,272,0,0,0.002
2070,0.8,0.666,0.001,0.002,0.049,0,0,,1,718.75,230031360,286482432,1,62503872,62503872,135081984,38823561584,0,0,0,0,0,0,0,0,1,0,1,0,1,2,0,0,0,0,0,0,272,0,0.001,0.004
2071,2.24,2.085,0.001,0.003,0.031,0,0,,0,,,,0,,,,,0,0,0,0,0,0,0,0,1,0,1,0,1,2,0,0,0,0,0,0,272,0.001,0.001,0.008
2072,0.9,0.785,0,0.003,0.039,0,0,,0,,,,0,,,,,0,0,0,0,0,0,0,0,1,0,1,0,1,2,0,0,0,0,0,0,272,0,0.001,0.005
2073,0.72,0.64,0,0.002,0.025,0,0,,0,,,,0,,,,,0,0,0,0,0,0,0,0,1,0,1,0,1,2,0,0,0,0,0,0,272,0.001,0,0.004
2074,0.799,0.681,0,0.003,0.039,0,0,,0,,,,0,,,,,0,0,0,0,0,0,0,0,1,0,1,0,1,2,0,0,0,0,0,0,272,0.001,0.001,0.004
2075,1.264,1.146,0,0.002,0.022,0,0,,0,,,,0,,,,,0,0,0,0,0,0,0,0,1,0,1,0,1,2,0,0,0,0,0,0,272,0,0.001,0.005
2076,2.307,2.179,0,0.004,0.04,0,0,,0,,,,0,,,,,0,0,0,0,0,0,0,0,1,0,1,0,1,2,0,0,0,0,0,0,272,0.001,0.001,0.004
2077,1.833,1.733,0,0.003,0.023,0,0,,0,,,,0,,,,,0,0,0,0,0,0,0,0,1,0,1,0,1,2,0,0,0,0,0,0,272,0,0.001,0.004
2078,1.607,1.468,0,0.003,0.049,0,0,,0,,,,0,,,,,0,0,0,0,0,0,0,0,1,0,1,0,1,2,0,0,0,0,0,0,272,0,0.001,0.005
2079,2.149,2.008,0.001,0.003,0.038,0,0,,0,,,,0,,,,,0,0,0,0,0,0,0,0,1,0,1,0,1,2,0,0,0,0,0,0,272,0,0.001,0.007
2080,4.832,4.627,0.001,0.004,0.06,0,0,,0,,,,0,,,,,0,0,0,0,0,0,0,0,1,0,1,0,1,2,0,0,0,0,0,0,272,0,0.001,0.008
2081,0.863,0.772,0,0.002,0.032,0,0,,0,,,,0,,,,,0,0,0,0,0,0,0,0,1,0,1,0,1,2,0,0,0,0,0,0,272,0,0.001,0.003
2082,0.601,0.535,0,0.001,0.017,0,0,,0,,,,0,,,,,0,0,0,0,0,0,0,0,1,0,1,0,1,2,0,0,0,0,0,0,272,0,0,0.002
2083,0.715,0.563,0,0.002,0.045,0,0,,0,,,,0,,,,,0,0,0,0,0,0,0,0,1,0,1,0,1,2,0,0,0,0,0,0,272,0,0.001,0.005
2084,1.147,1.018,0,0.003,0.041,0,0,,0,,,,0,,,,,0,0,0,0,0,0,0,0,1,0,1,0,1,2,0,0,0,0,0,0,272,0,0.001,0.004
2085,0.513,0.456,0,0.001,0.016,0,0,,0,,,,0,,,,,0,0,0,0,0,0,0,0,1,0,1,0,1,2,0,0,0,0,0,0,272,0,0,0.003
2086,0.692,0.593,0,0.002,0.035,0,0,,0,,,,0,,,,,0,0,0,0,0,0,0,0,1,0,1,0,1,2,0,0,0,0,0,0,272,0.001,0,0.003
2087,0.623,0.532,0,0.002,0.034,0,0,,0,,,,0,,,,,0,0,0,0,0,0,0,0,1,0,1,0,1,2,0,0,0,0,0,0,272,0,0,0.003
2088,0.639,0.528,0,0.001,0.028,0,0,,0,,,,0,,,,,0,0,0,0,0,0,0,0,1,0,1,0,1,2,0,0,0,0,0,0,272,0,0,0.002
2089,0.656,0.489,0,0.002,0.061,0,0,,0,,,,0,,,,,0,0,0,0,0,0,0,0,1,0,1,0,1,2,0,0,0,0,0,0,272,0,0.001,0.005
2090,0.536,0.459,0,0.002,0.021,0,0,,0,,,,0,,,,,0,0,0,0,0,0,0,0,1,0,1,0,1,2,0,0,0,0,0,0,272,0,0.001,0.003
2091,0.609,0.521,0.001,0.002,0.024,0,0,,0,,,,0,,,,,0,0,0,0,0,0,0,0,1,0,1,0,1,2,0,0,0,0,0,0,272,0,0.001,0.003
2092,1.005,0.817,0,0.003,0.06,0,0,,0,,,,0,,,,,0,0,0,0,0,0,0,0,1,0,1,0,1,2,0,0,0,0,0,0,272,0,0.002,0.007
2093,0.57,0.375,0,0.003,0.055,0,0,,0,,,,0,,,,,0,0,0,0,0,0,0,0,1,0,1,0,1,2,0,0,0,0,0,0,272,0,0.001,0.006
2094,0.481,0.394,0,0.002,0.037,0,0,,0,,,,0,,,,,0,0,0,0,0,0,0,0,1,0,1,0,1,2,0,0,0,0,0,0,272,0,0,0.003
2095,0.661,0.523,0.001,0.002,0.051,0,0,,0,,,,0,,,,,0,0,0,0,0,0,0,0,1,0,1,0,1,2,0,0,0,0,0,0,272,0,0.001,0.003
2096,0.584,0.484,0,0.002,0.04,0,0,,0,,,,0,,,,,0,0,0,0,0,0,0,0,1,0,1,0,1,2,0,0,0,0,0,0,272,0,0,0.003
2097,0.62,0.522,0,0.001,0.043,0,0,,0,,,,0,,,,,0,0,0,0,0,0,0,0,1,0,1,0,1,2,0,0,0,0,0,0,272,0,0,0.003
2098,2.222,2.118,0,0.002,0.036,0,0,,0,,,,0,,,,,0,0,0,0,0,0,0,0,1,0,1,0,1,2,0,0,0,0,0,0,272,0,0.001,0.003
2099,0.656,0.512,0,0.003,0.049,0,0,,0,,,,0,,,,,0,0,0,0,0,0,0,0,1,0,1,0,1,2,0,0,0,0,0,0,272,0,0.001,0.004
2100,0.525,0.439,0,0.001,0.034,0,0,,1,734.375,230031360,286482432,1,62503872,62503872,135081984,38823561584,0,0,0,0,0,0,0,0,1,0,1,0,1,2,0,0,0,0,0,0,272,0,0.001,0.008
2101,0.651,0.574,0,0.001,0.036,0,0,,0,,,,0,,,,,0,0,0,0,0,0,0,0,1,0,1,0,1,2,0,0,0,0,0,0,272,0,0,0.002
2102,0.697,0.569,0,0.002,0.049,0,0,,0,,,,0,,,,,0,0,0,0,0,0,0,0,1,0,1,0,1,2,0,0,0,0,0,0,272,0,0,0.005
2103,0.67,0.497,0.001,0.003,0.073,0,0,,0,,,,0,,,,,0,0,0,0,0,0,0,0,1,0,1,0,1,2,0,0,0,0,0,0,272,0.001,0.001,0.005
2104,0.556,0.413,0,0.002,0.053,0,0,,0,,,,0,,,,,0,0,0,0,0,0,0,0,1,0,1,0,1,2,0,0,0,0,0,0,272,0,0,0.005
2105,0.607,0.524,0,0.001,0.033,0,0,,0,,,,0,,,,,0,0,0,0,0,0,0,0,1,0,1,0,1,2,0,0,0,0,0,0,272,0,0,0.002
2106,0.917,0.773,0,0.004,0.04,0,0,,0,,,,0,,,,,0,0,0,0,0,0,0,0,1,0,1,0,1,2,0,0,0,0,0,0,272,0.001,0.002,0.005
2107,0.553,0.443,0.001,0.002,0.039,0,0,,0,,,,0,,,,,0,0,0,0,0,0,0,0,1,0,1,0,1,2,0,0,0,0,0,0,272,0,0,0.01
2108,0.647,0.508,0.001,0.003,0.044,0,0,,0,,,,0,,,,,0,0,0,0,0,0,0,0,1,0,1,0,1,2,0,0,0,0,0,0,272,0,0,0.004
2109,0.591,0.479,0,0.002,0.035,0,0,,0,,,,0,,,,,0,0,0,0,0,0,0,0,1,0,1,0,1,2,0,0,0,0,0,0,272,0,0,0.004
2110,0.66,0.516,0,0.003,0.052,0,0,,0,,,,0,,,,,0,0,0,0,0,0,0,0,1,0,1,0,1,2,0,0,0,0,0,0,272,0.001,0.001,0.016
2111,0.594,0.495,0,0.003,0.029,0,0,,0,,,,0,,,,,0,0,0,0,0,0,0,0,1,0,1,0,1,2,0,0,0,0,0,0,272,0.001,0.001,0.004
2112,0.594,0.499,0,0.002,0.034,0,0,,0,,,,0,,,,,0,0,0,0,0,0,0,0,1,0,1,0,1,2,0,0,0,0,0,0,272,0,0.001,0.003
2113,0.666,0.54,0,0.003,0.033,0,0,,0,,,,0,,,,,0,0,0,0,0,0,0,0,1,0,1,0,1,2,0,0,0,0,0,0,272,0,0,0.004
2114,0.545,0.46,0,0.002,0.023,0,0,,0,,,,0,,,,,0,0,0,0,0,0,0,0,1,0,1,0,1,2,0,0,0,0,0,0,272,0,0.001,0.003
2115,1.005,0.892,0,0.002,0.033,0,0,,0,,,,0,,,,,0,0,0,0,0,0,0,0,1,0,1,0,1,2,0,0,0,0,0,0,272,0,0.001,0.004
2116,0.617,0.47,0,0.003,0.058,0,0,,0,,,,0,,,,,0,0,0,0,0,0,0,0,1,0,1,0,1,2,0,0,0,0,0,0,272,0,0.001,0.005
2117,0.509,0.422,0.001,0.001,0.034,0,0,,0,,,,0,,,,,0,0,0,0,0,0,0,0,1,0,1,0,1,2,0,0,0,0,0,0,272,0,0,0.003
2118,0.649,0.571,0,0.001,0.036,0,0,,0,,,,0,,,,,0,0,0,0,0,0,0,0,1,0,1,0,1,2,0,0,0,0,0,0,272,0.001,0,0.002
2119,0.65,0.585,0,0.001,0.034,0,0,,0,,,,0,,,,,0,0,0,0,0,0,0,0,1,0,1,0,1,2,0,0,0,0,0,0,272,0,0,0.002
2120,5.8,5.647,0,0.004,0.048,0,0,,0,,,,0,,,,,0,0,0,0,0,0,0,0,1,0,1,0,1,2,0,0,0,0,0,0,272,0.001,0.001,0.006
2121,0.852,0.75,0,0.001,0.054,0,0,,0,,,,0,,,,,0,0,0,0,0,0,0,0,1,0,1,0,1,2,0,0,0,0,0,0,272,0,0,0.003
2122,1.217,1.1,0,0.002,0.045,0,0,,0,,,,0,,,,,0,0,0,0,0,0,0,0,1,0,1,0,1,2,0,0,0,0,0,0,272,0.001,0,0.004
2123,0.796,0.707,0.001,0.002,0.033,0,0,,0,,,,0,,,,,0,0,0,0,0,0,0,0,1,0,1,0,1,2,0,0,0,0,0,0,272,0,0,0.003
2124,0.954,0.783,0,0.003,0.056,0,0,,0,,,,0,,,,,0,0,0,0,0,0,0,0,1,0,1,0,1,2,0,0,0,0,0,0,272,0,0.001,0.006
2125,0.803,0.679,0.001,0.003,0.036,0,0,,0,,,,0,,,,,0,0,0,0,0,0,0,0,1,0,1,0,1,2,0,0,0,0,0,0,272,0,0.001,0.005
2126,0.834,0.737,0,0.002,0.033,0,0,,0,,,,0,,,,,0,0,0,0,0,0,0,0,1,0,1,0,1,2,0,0,0,0,0,0,272,0,0,0.003
2127,0.906,0.765,0.001,0.002,0.053,0,0,,0,,,,0,,,,,0,0,0,0,0,0,0,0,1,0,1,0,1,2,0,0,0,0,0,0,272,0.001,0.001,0.005
2128,0.699,0.627,0,0.001,0.03,0,0,,0,,,,0,,,,,0,0,0,0,0,0,0,0,1,0,1,0,1,2,0,0,0,0,0,0,272,0,0,0.002
2129,1.163,1.052,0,0.003,0.046,0,0,,0,,,,0,,,,,0,0,0,0,0,0,0,0,1,0,1,0,1,2,0,0,0,0,0,0,272,0,0,0.004
2130,0.878,0.755,0,0.002,0.049,0,0,,1,750,230031360,286482432,1,62503872,62503872,135081984,38823561584,0,0,0,0,0,0,0,0,1,0,1,0,1,2,0,0,0,0,0,0,272,0.001,0.001,0.003
2131,0.784,0.708,0,0.002,0.035,0,0,,0,,,,0,,,,,0,0,0,0,0,0,0,0,1,0,1,0,1,2,0,0,0,0,0,0,272,0,0,0.003
2132,0.864,0.79,0.001,0.001,0.038,0,0,,0,,,,0,,,,,0,0,0,0,0,0,0,0,1,0,1,0,1,2,0,0,0,0,0,0,272,0,0,0.003
2133,3.028,2.895,0,0.003,0.049,0,0,,0,,,,0,,,,,0,0,0,0,0,0,0,0,1,0,1,0,1,2,0,0,0,0,0,0,272,0,0,0.005
2134,0.888,0.817,0,0.002,0.029,0,0,,0,,,,0,,,,,0,0,0,0,0,0,0,0,1,0,1,0,1,2,0,0,0,0,0,0,272,0,0,0.003
2135,0.935,0.865,0,0.001,0.034,0,0,,0,,,,0,,,,,0,0,0,0,0,0,0,0,1,0,1,0,1,2,0,0,0,0,0,0,272,0,0.001,0.002
2136,1.134,0.956,0.001,0.003,0.058,0,0,,0,,,,0,,,,,0,0,0,0,0,0,0,0,1,0,1,0,1,2,0,0,0,0,0,0,272,0.001,0.001,0.006
2137,0.733,0.593,0.001,0.003,0.047,0,0,,0,,,,0,,,,,0,0,0,0,0,0,0,0,1,0,1,0,1,2,0,0,0,0,0,0,272,0.001,0.001,0.007
2138,1.497,1.364,0,0.003,0.048,0,0,,0,,,,0,,,,,0,0,0,0,0,0,0,0,1,0,1,0,1,2,0,0,0,0,0,0,272,0,0.001,0.005
2139,0.904,0.798,0.001,0.002,0.043,0,0,,0,,,,0,,,,,0,0,0,0,0,0,0,0,1,0,1,0,1,2,0,0,0,0,0,0,272,0,0,0.003
2140,0.891,0.819,0,0.002,0.034,0,0,,0,,,,0,,,,,0,0,0,0,0,0,0,0,1,0,1,0,1,2,0,0,0,0,0,0,272,0.001,0,0.002
2141,1.006,0.852,0,0.003,0.047,0,0,,0,,,,0,,,,,0,0,0,0,0,0,0,0,1,0,1,0,1,2,0,0,0,0,0,0,272,0,0.002,0.005
2142,0.851,0.758,0,0.002,0.032,0,0,,0,,,,0,,,,,0,0,0,0,0,0,0,0,1,0,1,0,1,2,0,0,0,0,0,0,272,0,0,0.003
2143,0.832,0.775,0,0.001,0.025,0,0,,0,,,,0,,,,,0,0,0,0,0,0,0,0,1,0,1,0,1,2,0,0,0,0,0,0,272,0,0,0.002
2144,1.281,1.167,0.001,0.002,0.048,0,0,,0,,,,0,,,,,0,0,0,0,0,0,0,0,1,0,1,0,1,2,0,0,0,0,0,0,272,0,0.001,0.004
2145,0.909,0.809,0.001,0.002,0.032,0,0,,0,,,,0,,,,,0,0,0,0,0,0,0,0,1,0,1,0,1,2,0,0,0,0,0,0,272,0,0.001,0.004
2146,0.96,0.829,0.001,0.002,0.053,0,0,,0,,,,0,,,,,0,0,0,0,0,0,0,0,1,0,1,0,1,2,0,0,0,0,0,0,272,0,0.001,0.004
2147,2.679,2.535,0,0.004,0.05,0,0,,0,,,,0,,,,,0,0,0,0,0,0,0,0,1,0,1,0,1,2,0,0,0,0,0,0,272,0.001,0.002,0.006
2148,0.996,0.888,0,0.002,0.048,0,0,,0,,,,0,,,,,0,0,0,0,0,0,0,0,1,0,1,0,1,2,0,0,0,0,0,0,272,0.001,0.001,0.003
2149,1.001,0.847,0.001,0.003,0.044,0,0,,0,,,,0,,,,,0,0,0,0,0,0,0,0,1,0,1,0,1,2,0,0,0,0,0,0,272,0,0.001,0.005
2150,0.887,0.711,0.001,0.003,0.049,0,0,,0,,,,0,,,,,0,0,0,0,0,0,0,0,1,0,1,0,1,2,0,0,0,0,0,0,272,0,0.001,0.007
2151,0.861,0.745,0,0.003,0.037,0,0,,0,,,,0,,,,,0,0,0,0,0,0,0,0,1,0,1,0,1,2,0,0,0,0,0,0,272,0.001,0.001,0.004
2152,0.869,0.803,0,0.001,0.025,0,0,,0,,,,0,,,,,0,0,0,0,0,0,0,0,1,0,1,0,1,2,0,0,0,0,0,0,272,0,0,0.002
2153,1.015,0.884,0,0.002,0.053,0,0,,0,,,,0,,,,,0,0,0,0,0,0,0,0,1,0,1,0,1,2,0,0,0,0,0,0,272,0,0.001,0.003
2154,0.872,0.792,0,0.002,0.033,0,0,,0,,,,0,,,,,0,0,0,0,0,0,0,0,1,0,1,0,1,2,0,0,0,0,0,0,272,0.001,0,0.003
2155,1.998,1.88,0,0.003,0.036,0,0,,0,,,,0,,,,,0,0,0,0,0,0,0,0,1,0,1,0,1,2,0,0,0,0,0,0,272,0,0,0.004
2156,0.935,0.817,0,0.002,0.038,0,0,,0,,,,0,,,,,0,0,0,0,0,0,0,0,1,0,1,0,1,2,0,0,0,0,0,0,272,0,0,0.004
2157,0.935,0.842,0,0.002,0.028,0,0,,0,,,,0,,,,,0,0,0,0,0,0,0,0,1,0,1,0,1,2,0,0,0,0,0,0,272,0,0,0.003
2158,0.865,0.802,0,0.001,0.024,0,0,,0,,,,0,,,,,0,0,0,0,0,0,0,0,1,0,1,0,1,2,0,0,0,0,0,0,272,0,0,0.002
2159,1.296,1.195,0,0.001,0.041,0,0,,0,,,,0,,,,,0,0,0,0,0,0,0,0,1,0,1,0,1,2,0,0,0,0,0,0,272,0.001,0,0.003
2160,0.953,0.869,0,0.001,0.031,0,0,,1,765.625,230031360,286482432,1,62503872,62503872,135081984,38823561584,0,0,0,0,0,0,0,0,1,0,1,0,1,2,0,0,0,0,0,0,272,0.001,0,0.004
2161,0.947,0.843,0,0.002,0.032,0,0,,0,,,,0,,,,,0,0,0,0,0,0,0,0,1,0,1,0,1,2,0,0,0,0,0,0,272,0,0.001,0.003
2162,2.907,2.799,0,0.003,0.034,0,0,,0,,,,0,,,,,0,0,0,0,0,0,0,0,1,0,1,0,1,2,0,0,0,0,0,0,272,0,0,0.004
2163,0.901,0.805,0,0.002,0.031,0,0,,0,,,,0,,,,,0,0,0,0,0,0,0,0,1,0,1,0,1,2,0,0,0,0,0,0,272,0,0.001,0.003
2164,0.975,0.889,0,0.002,0.024,0,0,,0,,,,0,,,,,0,0,0,0,0,0,0,0,1,0,1,0,1,2,0,0,0,0,0,0,272,0,0,0.004
2165,0.979,0.874,0,0.002,0.03,0,0,,0,,,,0,,,,,0,0,0,0,0,0,0,0,1,0,1,0,1,2,0,0,0,0,0,0,272,0.001,0.001,0.003
2166,0.946,0.86,0,0.002,0.023,0,0,,0,,,,0,,,,,0,0,0,0,0,0,0,0,1,0,1,0,1,2,0,0,0,0,0,0,272,0,0,0.003
2167,1.46,1.348,0.001,0.003,0.028,0,0,,0,,,,0,,,,,0,0,0,0,0,0,0,0,1,0,1,0,1,2,0,0,0,0,0,0,272,0.001,0.001,0.003
2168,0.948,0.889,0.001,0.001,0.02,0,0,,0,,,,0,,,,,0,0,0,0,0,0,0,0,1,0,1,0,1,2,0,0,0,0,0,0,272,0,0,0.003
2169,0.952,0.904,0,0,0.023,0,0,,0,,,,0,,,,,0,0,0,0,0,0,0,0,1,0,1,0,1,2,0,0,0,0,0,0,272,0,0,0.001
2170,1.032,0.929,0.001,0.001,0.038,0,0,,0,,,,0,,,,,0,0,0,0,0,0,0,0,1,0,1,0,1,2,0,0,0,0,0,0,272,0,0,0.004
2171,1.096,0.864,0,0.005,0.074,0,0,,0,,,,0,,,,,0,0,0,0,0,0,0,0,1,0,1,0,1,2,0,0,0,0,0,0,272,0,0.002,0.008
2172,0.792,0.679,0,0.003,0.039,0,0,,0,,,,0,,,,,0,0,0,0,0,0,0,0,1,0,1,0,1,2,0,0,0,0,0,0,272,0,0,0.004
2173,1.345,1.148,0,0.004,0.073,0,0,,0,,,,0,,,,,0,0,0,0,0,0,0,0,1,0,1,0,1,2,0,0,0,0,0,0,272,0,0.002,0.006
2174,0.875,0.762,0,0.002,0.037,0,0,,0,,,,0,,,,,0,0,0,0,0,0,0,0,1,0,1,0,1,2,0,0,0,0,0,0,272,0,0.001,0.004
2175,0.956,0.878,0.001,0.001,0.029,0,0,,0,,,,0,,,,,0,0,0,0,0,0,0,0,1,0,1,0,1,2,0,0,0,0,0,0,272,0,0,0.002
2176,2.764,2.607,0.001,0.004,0.042,0,0,,0,,,,0,,,,,0,0,0,0,0,0,0,0,1,0,1,0,1,2,0,0,0,0,0,0,272,0,0.002,0.007
2177,0.883,0.773,0,0.002,0.039,0,0,,0,,,,0,,,,,0,0,0,0,0,0,0,0,1,0,1,0,1,2,0,0,0,0,0,0,272,0,0,0.004
2178,1.03,0.876,0.001,0.002,0.05,0,0,,0,,,,0,,,,,0,0,0,0,0,0,0,0,1,0,1,0,1,2,0,0,0,0,0,0,272,0.001,0.001,0.005
2179,0.536,0.479,0,0.001,0.024,0,0,,0,,,,0,,,,,0,0,0,0,0,0,0,0,1,0,1,0,1,2,0,0,0,0,0,0,272,0,0.001,0.001
2180,0.721,0.59,0.001,0.002,0.042,0,0,,0,,,,0,,,,,0,0,0,0,0,0,0,0,1,0,1,0,1,2,0,0,0,0,0,0,272,0.001,0.001,0.004
2181,0.618,0.5,0,0.003,0.039,0,0,,0,,,,0,,,,,0,0,0,0,0,0,0,0,1,0,1,0,1,2,0,0,0,0,0,0,272,0,0.001,0.004
2182,0.583,0.515,0,0.001,0.032,0,0,,0,,,,0,,,,,0,0,0,0,0,0,0,0,1,0,1,0,1,2,0,0,0,0,0,0,272,0,0.001,0.001
2183,1.079,1.006,0,0.002,0.029,0,0,,0,,,,0,,,,,0,0,0,0,0,0,0,0,1,0,1,0,1,2,0,0,0,0,0,0,272,0,0,0.003
2184,0.602,0.507,0.001,0.002,0.029,0,0,,0,,,,0,,,,,0,0,0,0,0,0,0,0,1,0,1,0,1,2,0,0,0,0,0,0,272,0,0.001,0.004
2185,0.692,0.549,0,0.002,0.052,0,0,,0,,,,0,,,,,0,0,0,0,0,0,0,0,1,0,1,0,1,2,0,0,0,0,0,0,272,0,0,0.004
2186,0.552,0.481,0,0.002,0.026,0,0,,0,,,,0,,,,,0,0,0,0,0,0,0,0,1,0,1,0,1,2,0,0,0,0,0,0,272,0,0.001,0.002
2187,0.786,0.58,0,0.004,0.064,0,0,,0,,,,0,,,,,0,0,0,0,0,0,0,0,1,0,1,0,1,2,0,0,0,0,0,0,272,0,0.001,0.006
2188,0.49,0.388,0,0.002,0.036,0,0,,0,,,,0,,,,,0,0,0,0,0,0,0,0,1,0,1,0,1,2,0,0,0,0,0,0,272,0,0.001,0.003
2189,0.727,0.597,0,0.003,0.035,0,0,,0,,,,0,,,,,0,0,0,0,0,0,0,0,1,0,1,0,1,2,0,0,0,0,0,0,272,0,0.001,0.004
2190,0.566,0.471,0,0.003,0.022,0,0,,1,765.625,230035456,286482432,1,62503872,62503872,135081984,38823561584,0,0,0,0,0,0,0,0,1,0,1,0,1,2,0,0,0,0,0,0,272,0.001,0.001,0.004
2191,0.835,0.697,0.001,0.002,0.048,0,0,,0,,,,0,,,,,0,0,0,0,0,0,0,0,1,0,1,0,1,2,0,0,0,0,0,0,272,0,0.001,0.004
2192,0.657,0.483,0.001,0.002,0.085,0,0,,0,,,,0,,,,,0,0,0,0,0,0,0,0,1,0,1,0,1,2,0,0,0,0,0,0,272,0.001,0.001,0.004
2193,0.592,0.469,0,0.002,0.042,0,0,,0,,,,0,,,,,0,0,0,0,0,0,0,0,1,0,1,0,1,2,0,0,0,0,0,0,272,0,0.001,0.004
2194,0.736,0.496,0.001,0.003,0.113,0,0,,0,,,,0,,,,,0,0,0,0,0,0,0,0,1,0,1,0,1,2,0,0,0,0,0,0,272,0,0.001,0.006
2195,0.51,0.352,0,0.003,0.026,0,0,,0,,,,0,,,,,0,0,0,0,0,0,0,0,1,0,1,0,1,2,0,0,0,0,0,0,272,0.001,0.001,0.004
2196,0.634,0.486,0.001,0.003,0.044,0,0,,0,,,,0,,,,,0,0,0,0,0,0,0,0,1,0,1,0,1,2,0,0,0,0,0,0,272,0,0.001,0.005
2197,0.513,0.402,0,0.003,0.034,0,0,,0,,,,0,,,,,0,0,0,0,0,0,0,0,1,0,1,0,1,2,0,0,0,0,0,0,272,0,0.001,0.004
2198,0.688,0.605,0,0.002,0.027,0,0,,0,,,,0,,,,,0,0,0,0,0,0,0,0,1,0,1,0,1,2,0,0,0,0,0,0,272,0,0.001,0.003
2199,2.13,1.962,0,0.003,0.045,0,0,,0,,,,0,,,,,0,0,0,0,0,0,0,0,1,0,1,0,1,2,0,0,0,0,0,0,272,0.001,0.002,0.005
2200,2.94,2.793,0.001,0.004,0.039,0,0,,0,,,,0,,,,,0,0,0,0,0,0,0,0,1,0,1,0,1,2,0,0,0,0,0,0,272,0,0.002,0.007
2201,5.002,4.82,0.001,0.003,0.086,0,0,,0,,,,0,,,,,0,0,0,0,0,0,0,0,1,0,1,0,1,2,0,0,0,0,0,0,272,0.001,0.001,0.005
2202,0.788,0.685,0,0.003,0.027,0,0,,0,,,,0,,,,,0,0,0,0,0,0,0,0,1,0,1,0,1,2,0,0,0,0,0,0,272,0,0.001,0.005
2203,1.471,1.343,0,0.003,0.04,0,0,,0,,,,0,,,,,0,0,0,0,0,0,0,0,1,0,1,0,1,2,0,0,0,0,0,0,272,0,0.001,0.005
2204,0.992,0.865,0,0.003,0.051,0,0,,0,,,,0,,,,,0,0,0,0,0,0,0,0,1,0,1,0,1,2,0,0,0,0,0,0,272,0,0.001,0.004
2205,0.927,0.783,0,0.003,0.046,0,0,,0,,,,0,,,,,0,0,0,0,0,0,0,0,1,0,1,0,1,2,0,0,0,0,0,0,272,0,0.001,0.005
2206,0.903,0.748,0.001,0.003,0.042,0,0,,0,,,,0,,,,,0,0,0,0,0,0,0,0,1,0,1,0,1,2,0,0,0,0,0,0,272,0.001,0.001,0.006
2207,0.835,0.769,0,0.001,0.023,0,0,,0,,,,0,,,,,0,0,0,0,0,0,0,0,1,0,1,0,1,2,0,0,0,0,0,0,272,0,0.001,0.002
2208,2.423,2.268,0,0.004,0.038,0,0,,0,,,,0,,,,,0,0,0,0,0,0,0,0,1,0,1,0,1,2,0,0,0,0,0,0,272,0.001,0.002,0.006
2209,1.121,0.974,0.001,0.003,0.037,0,0,,0,,,,0,,,,,0,0,0,0,0,0,0,0,1,0,1,0,1,2,0,0,0,0,0,0,272,0,0.001,0.005
2210,0.904,0.768,0,0.003,0.044,0,0,,0,,,,0,,,,,0,0,0,0,0,0,0,0,1,0,1,0,1,2,0,0,0,0,0,0,272,0,0.001,0.005
2211,0.828,0.741,0,0.002,0.031,0,0,,0,,,,0,,,,,0,0,0,0,0,0,0,0,1,0,1,0,1,2,0,0,0,0,0,0,272,0,0.001,0.003
2212,0.956,0.799,0,0.002,0.065,0,0,,0,,,,0,,,,,0,0,0,0,0,0,0,0,1,0,1,0,1,2,0,0,0,0,0,0,272,0,0.001,0.003
2213,0.843,0.708,0,0.002,0.052,0,0,,0,,,,0,,,,,0,0,0,0,0,0,0,0,1,0,1,0,1,2,0,0,0,0,0,0,272,0,0.001,0.004
2214,1.448,1.264,0,0.002,0.115,0,0,,0,,,,0,,,,,0,0,0,0,0,0,0,0,1,0,1,0,1,2,0,0,0,0,0,0,272,0,0.001,0.004
2215,1.556,1.443,0,0.002,0.044,0,0,,0,,,,0,,,,,0,0,0,0,0,0,0,0,1,0,1,0,1,2,0,0,0,0,0,0,272,0,0.001,0.004
2216,0.838,0.753,0.001,0.001,0.026,0,0,,0,,,,0,,,,,0,0,0,0,0,0,0,0,1,0,1,0,1,2,0,0,0,0,0,0,272,0.001,0,0.004
2217,0.99,0.76,0.001,0.004,0.088,0,0,,0,,,,0,,,,,0,0,0,0,0,0,0,0,1,0,1,0,1,2,0,0,0,0,0,0,272,0,0.001,0.007
2218,1.068,0.903,0.001,0.003,0.055,0,0,,0,,,,0,,,,,0,0,0,0,0,0,0,0,1,0,1,0,1,2,0,0,0,0,0,0,272,0,0.001,0.006
2219,0.837,0.687,0.001,0.003,0.051,0,0,,0,,,,0,,,,,0,0,0,0,0,0,0,0,1,0,1,0,1,2,0,0,0,0,0,0,272,0,0.001,0.005
2220,0.825,0.699,0,0.003,0.044,0,0,,1,781.25,230035456,286482432,1,62503872,62503872,135081984,38823561584,0,0,0,0,0,0,0,0,1,0,1,0,1,2,0,0,0,0,0,0,272,0.001,0.001,0.004
2221,0.764,0.649,0.001,0.002,0.024,0,0,,0,,,,0,,,,,0,0,0,0,0,0,0,0,1,0,1,0,1,2,0,0,0,0,0,0,272,0,0.001,0.003
2222,0.826,0.761,0,0.002,0.023,0,0,,0,,,,0,,,,,0,0,0,0,0,0,0,0,1,0,1,0,1,2,0,0,0,0,0,0,272,0,0,0.002
2223,2.845,2.722,0,0.003,0.033,0,0,,0,,,,0,,,,,0,0,0,0,0,0,0,0,1,0,1,0,1,2,0,0,0,0,0,0,272,0,0.001,0.006
2224,0.804,0.699,0,0.002,0.042,0,0,,0,,,,0,,,,,0,0,0,0,0,0,0,0,1,0,1,0,1,2,0,0,0,0,0,0,272,0,0,0.004
2225,0.995,0.738,0.001,0.005,0.041,0,0,,0,,,,0,,,,,0,0,0,0,0,0,0,0,1,0,1,0,1,2,0,0,0,0,0,0,272,0,0.002,0.01
2226,0.677,0.557,0,0.003,0.028,0,0,,0,,,,0,,,,,0,0,0,0,0,0,0,0,1,0,1,0,1,2,0,0,0,0,0,0,272,0,0.002,0.005
2227,0.798,0.675,0,0.003,0.041,0,0,,0,,,,0,,,,,0,0,0,0,0,0,0,0,1,0,1,0,1,2,0,0,0,0,0,0,272,0,0,0.004
2228,1.533,1.248,0,0.004,0.056,0,0,,0,,,,0,,,,,0,0,0,0,0,0,0,0,1,0,1,0,1,2,0,0,0,0,0,0,272,0,0.001,0.007
2229,0.657,0.483,0.001,0.003,0.053,0,0,,0,,,,0,,,,,0,0,0,0,0,0,0,0,1,0,1,0,1,2,0,0,0,0,0,0,272,0,0.001,0.006
2230,0.718,0.639,0,0.002,0.024,0,0,,0,,,,0,,,,,0,0,0,0,0,0,0,0,1,0,1,0,1,2,0,0,0,0,0,0,272,0,0.001,0.003
2231,0.941,0.843,0,0.002,0.032,0,0,,0,,,,0,,,,,0,0,0,0,0,0,0,0,1,0,1,0,1,2,0,0,0,0,0,0,272,0,0,0.004
2232,0.793,0.62,0,0.004,0.057,0,0,,0,,,,0,,,,,0,0,0,0,0,0,0,0,1,0,1,0,1,2,0,0,0,0,0,0,272,0,0.001,0.006
2233,0.842,0.675,0,0.003,0.047,0,0,,0,,,,0,,,,,0,0,0,0,0,0,0,0,1,0,1,0,1,2,0,0,0,0,0,0,272,0,0.001,0.006
2234,0.818,0.634,0.001,0.002,0.101,0,0,,0,,,,0,,,,,0,0,0,0,0,0,0,0,1,0,1,0,1,2,0,0,0,0,0,0,272,0.001,0.001,0.003
2235,1.018,0.885,0,0.003,0.032,0,0,,0,,,,0,,,,,0,0,0,0,0,0,0,0,1,0,1,0,1,2,0,0,0,0,0,0,272,0,0.001,0.005
2236,0.771,0.671,0,0.002,0.031,0,0,,0,,,,0,,,,,0,0,0,0,0,0,0,0,1,0,1,0,1,2,0,0,0,0,0,0,272,0,0.001,0.004
2237,0.804,0.697,0.001,0.002,0.031,0,0,,0,,,,0,,,,,0,0,0,0,0,0,0,0,1,0,1,0,1,2,0,0,0,0,0,0,272,0,0,0.003
2238,0.913,0.718,0,0.004,0.07,0,0,,0,,,,0,,,,,0,0,0,0,0,0,0,0,1,0,1,0,1,2,0,0,0,0,0,0,272,0.001,0.001,0.006
2239,6.852,6.627,0.001,0.006,0.05,0,0,,0,,,,0,,,,,0,0,0,0,0,0,0,0,1,0,1,0,1,2,0,0,0,0,0,0,272,0,0.002,0.01
2240,2.218,2.087,0,0.003,0.037,0,0,,0,,,,0,,,,,0,0,0,0,0,0,0,0,1,0,1,0,1,2,0,0,0,0,0,0,272,0,0.001,0.005
2241,2.122,1.96,0,0.004,0.04,0,0,,0,,,,0,,,,,0,0,0,0,0,0,0,0,1,0,1,0,1,2,0,0,0,0,0,0,272,0,0.002,0.008
2242,0.748,0.536,0.001,0.004,0.052,0,0,,0,,,,0,,,,,0,0,0,0,0,0,0,0,1,0,1,0,1,2,0,0,0,0,0,0,272,0,0.002,0.009
2243,0.712,0.617,0,0.002,0.025,0,0,,0,,,,0,,,,,0,0,0,0,0,0,0,0,1,0,1,0,1,2,0,0,0,0,0,0,272,0,0.001,0.004
2244,1.125,0.98,0,0.002,0.038,0,0,,0,,,,0,,,,,0,0,0,0,0,0,0,0,1,0,1,0,1,2,0,0,0,0,0,0,272,0,0.001,0.005
2245,0.731,0.548,0.001,0.003,0.052,0,0,,0,,,,0,,,,,0,0,0,0,0,0,0,0,1,0,1,0,1,2,0,0,0,0,0,0,272,0,0.001,0.006
2246,0.858,0.709,0,0.003,0.06,0,0,,0,,,,0,,,,,0,0,0,0,0,0,0,0,1,0,1,0,1,2,0,0,0,0,0,0,272,0,0.001,0.005
2247,0.797,0.66,0.001,0.002,0.042,0,0,,0,,,,0,,,,,0,0,0,0,0,0,0,0,1,0,1,0,1,2,0,0,0,0,0,0,272,0,0,0.005
2248,1.625,1.408,0,0.004,0.081,0,0,,0,,,,0,,,,,0,0,0,0,0,0,0,0,1,0,1,0,1,2,0,0,0,0,0,0,272,0.001,0.001,0.007
2249,0.601,0.479,0,0.004,0.029,0,0,,0,,,,0,,,,,0,0,0,0,0,0,0,0,1,0,1,0,1,2,0,0,0,0,0,0,272,0,0.001,0.003
2250,0.758,0.629,0,0.003,0.041,0,0,,1,812.5,230100992,286482432,1,62503872,62503872,135081984,38823561584,0,0,0,0,0,0,0,0,1,0,1,0,1,2,0,0,0,0,0,0,272,0,0.001,0.005
2251,0.72,0.604,0.001,0.002,0.046,0,0,,0,,,,0,,,,,0,0,0,0,0,0,0,0,1,0,1,0,1,2,0,0,0,0,0,0,272,0.001,0,0.003
2252,0.79,0.623,0,0.004,0.053,0,0,,0,,,,0,,,,,0,0,0,0,0,0,0,0,1,0,1,0,1,2,0,0,0,0,0,0,272,0,0.001,0.005
2253,0.68,0.579,0.001,0.001,0.039,0,0,,0,,,,0,,,,,0,0,0,0,0,0,0,0,1,0,1,0,1,2,0,0,0,0,0,0,272,0,0.001,0.003
2254,0.736,0.66,0.001,0.001,0.038,0,0,,0,,,,0,,,,,0,0,0,0,0,0,0,0,1,0,1,0,1,2,0,0,0,0,0,0,272,0,0,0.002
2255,0.758,0.677,0.001,0.001,0.04,0,0,,0,,,,0,,,,,0,0,0,0,0,0,0,0,1,0,1,0,1,2,0,0,0,0,0,0,272,0,0,0.002
2256,0.763,0.655,0,0.002,0.042,0,0,,0,,,,0,,,,,0,0,0,0,0,0,0,0,1,0,1,0,1,2,0,0,0,0,0,0,272,0,0.001,0.003
2257,0.738,0.637,0,0.002,0.045,0,0,,0,,,,0,,,,,0,0,0,0,0,0,0,0,1,0,1,0,1,2,0,0,0,0,0,0,272,0,0.001,0.003
2258,0.733,0.643,0,0.002,0.041,0,0,,0,,,,0,,,,,0,0,0,0,0,0,0,0,1,0,1,0,1,2,0,0,0,0,0,0,272,0,0.001,0.003
2259,0.731,0.655,0.001,0.001,0.034,0,0,,0,,,,0,,,,,0,0,0,0,0,0,0,0,1,0,1,0,1,2,0,0,0,0,0,0,272,0,0.001,0.002
2260,0.733,0.665,0,0.001,0.033,0,0,,0,,,,0,,,,,0,0,0,0,0,0,0,0,1,0,1,0,1,2,0,0,0,0,0,0,272,0,0.001,0.002
2261,0.834,0.679,0.001,0.002,0.038,0,0,,0,,,,0,,,,,0,0,0,0,0,0,0,0,1,0,1,0,1,2,0,0,0,0,0,0,272,0,0.001,0.005
2262,0.629,0.442,0,0.003,0.09,0,0,,0,,,,0,,,,,0,0,0,0,0,0,0,0,1,0,1,0,1,2,0,0,0,0,0,0,272,0,0.001,0.005
2263,1.001,0.865,0.001,0.002,0.059,0,0,,0,,,,0,,,,,0,0,0,0,0,0,0,0,1,0,1,0,1,2,0,0,0,0,0,0,272,0.001,0.001,0.004
2264,0.585,0.452,0,0.003,0.051,0,0,,0,,,,0,,,,,0,0,0,0,0,0,0,0,1,0,1,0,1,2,0,0,0,0,0,0,272,0,0.001,0.004
2265,0.582,0.496,0,0.002,0.029,0,0,,0,,,,0,,,,,0,0,0,0,0,0,0,0,1,0,1,0,1,2,0,0,0,0,0,0,272,0,0.001,0.003
2266,0.657,0.514,0.001,0.003,0.036,0,0,,0,,,,0,,,,,0,0,0,0,0,0,0,0,1,0,1,0,1,2,0,0,0,0,0,0,272,0,0.002,0.005
2267,1.188,0.989,0,0.003,0.092,0,0,,0,,,,0,,,,,0,0,0,0,0,0,0,0,1,0,1,0,1,2,0,0,0,0,0,0,272,0,0,0.005
2268,1.076,0.965,0,0.002,0.041,0,0,,0,,,,0,,,,,0,0,0,0,0,0,0,0,1,0,1,0,1,2,0,0,0,0,0,0,272,0,0.001,0.003
2269,0.654,0.578,0.001,0,0.033,0,0,,0,,,,0,,,,,0,0,0,0,0,0,0,0,1,0,1,0,1,2,0,0,0,0,0,0,272,0.001,0,0.002
2270,0.692,0.567,0,0.001,0.061,0,0,,0,,,,0,,,,,0,0,0,0,0,0,0,0,1,0,1,0,1,2,0,0,0,0,0,0,272,0,0,0.003
2271,0.621,0.507,0.001,0.002,0.045,0,0,,0,,,,0,,,,,0,0,0,0,0,0,0,0,1,0,1,0,1,2,0,0,0,0,0,0,272,0,0.001,0.003
2272,0.734,0.507,0,0.004,0.071,0,0,,0,,,,0,,,,,0,0,0,0,0,0,0,0,1,0,1,0,1,2,0,0,0,0,0,0,272,0.001,0.001,0.007
2273,0.568,0.373,0,0.003,0.065,0,0,,0,,,,0,,,,,0,0,0,0,0,0,0,0,1,0,1,0,1,2,0,0,0,0,0,0,272,0.001,0.002,0.006
2274,0.574,0.44,0,0.009,0.049,0,0,,0,,,,0,,,,,0,0,0,0,0,0,0,0,1,0,1,0,1,2,0,0,0,0,0,0,272,0.001,0.001,0.004
2275,0.569,0.483,0,0.001,0.033,0,0,,0,,,,0,,,,,0,0,0,0,0,0,0,0,1,0,1,0,1,2,0,0,0,0,0,0,272,0,0.001,0.002
2276,0.638,0.555,0,0.001,0.035,0,0,,0,,,,0,,,,,0,0,0,0,0,0,0,0,1,0,1,0,1,2,0,0,0,0,0,0,272,0,0,0.002
2277,0.622,0.548,0,0,0.034,0,0,,0,,,,0,,,,,0,0,0,0,0,0,0,0,1,0,1,0,1,2,0,0,0,0,0,0,272,0,0,0.008
2278,0.635,0.564,0,0.001,0.036,0,0,,0,,,,0,,,,,0,0,0,0,0,0,0,0,1,0,1,0,1,2,0,0,0,0,0,0,272,0,0,0.002
2279,0.63,0.565,0,0.001,0.032,0,0,,0,,,,0,,,,,0,0,0,0,0,0,0,0,1,0,1,0,1,2,0,0,0,0,0,0,272,0,0,0.002
2280,0.688,0.578,0,0.002,0.046,0,0,,1,812.5,230100992,286482432,1,62503872,62503872,135081984,38823561584,0,0,0,0,0,0,0,0,1,0,1,0,1,2,0,0,0,0,0,0,272,0,0.001,0.003
2281,0.583,0.498,0.001,0.001,0.034,0,0,,0,,,,0,,,,,0,0,0,0,0,0,0,0,1,0,1,0,1,2,0,0,0,0,0,0,272,0,0,0.002
2282,0.601,0.535,0,0.001,0.035,0,0,,0,,,,0,,,,,0,0,0,0,0,0,0,0,1,0,1,0,1,2,0,0,0,0,0,0,272,0,0,0.002
2283,0.682,0.574,0,0.002,0.044,0,0,,0,,,,0,,,,,0,0,0,0,0,0,0,0,1,0,1,0,1,2,0,0,0,0,0,0,272,0,0.001,0.003
2284,0.792,0.534,0,0.004,0.049,0,0,,0,,,,0,,,,,0,0,0,0,0,0,0,0,1,0,1,0,1,2,0,0,0,0,0,0,272,0,0.001,0.02
2285,0.462,0.303,0,0.003,0.035,0,0,,0,,,,0,,,,,0,0,0,0,0,0,0,0,1,0,1,0,1,2,0,0,0,0,0,0,272,0,0.001,0.005
2286,0.557,0.452,0,0.002,0.031,0,0,,0,,,,0,,,,,0,0,0,0,0,0,0,0,1,0,1,0,1,2,0,0,0,0,0,0,272,0,0.001,0.005
2287,1.212,1.097,0.001,0.002,0.034,0,0,,0,,,,0,,,,,0,0,0,0,0,0,0,0,1,0,1,0,1,2,0,0,0,0,0,0,272,0,0,0.004
2288,0.634,0.512,0,0.003,0.038,0,0,,0,,,,0,,,,,0,0,0,0,0,0,0,0,1,0,1,0,1,2,0,0,0,0,0,0,272,0,0.001,0.004
2289,0.686,0.516,0,0.003,0.056,0,0,,0,,,,0,,,,,0,0,0,0,0,0,0,0,1,0,1,0,1,2,0,0,0,0,0,0,272,0,0.001,0.005
2290,0.528,0.381,0.001,0.002,0.044,0,0,,0,,,,0,,,,,0,0,0,0,0,0,0,0,1,0,1,0,1,2,0,0,0,0,0,0,272,0,0,0.005
2291,1.134,0.967,0,0.002,0.066,0,0,,0,,,,0,,,,,0,0,0,0,0,0,0,0,1,0,1,0,1,2,0,0,0,0,0,0,272,0.001,0.001,0.005
2292,1.107,1.001,0,0.002,0.042,0,0,,0,,,,0,,,,,0,0,0,0,0,0,0,0,1,0,1,0,1,2,0,0,0,0,0,0,272,0,0.001,0.003
2293,0.633,0.529,0.001,0.001,0.052,0,0,,0,,,,0,,,,,0,0,0,0,0,0,0,0,1,0,1,0,1,2,0,0,0,0,0,0,272,0,0.001,0.003
2294,0.649,0.531,0,0.002,0.042,0,0,,0,,,,0,,,,,0,0,0,0,0,0,0,0,1,0,1,0,1,2,0,0,0,0,0,0,272,0.001,0,0.003
2295,0.59,0.5,0,0.001,0.044,0,0,,0,,,,0,,,,,0,0,0,0,0,0,0,0,1,0,1,0,1,2,0,0,0,0,0,0,272,0,0,0.003
2296,0.631,0.537,0,0.001,0.047,0,0,,0,,,,0,,,,,0,0,0,0,0,0,0,0,1,0,1,0,1,2,0,0,0,0,0,0,272,0,0,0.002
2297,0.731,0.534,0,0.003,0.088,0,0,,0,,,,0,,,,,0,0,0,0,0,0,0,0,1,0,1,0,1,2,0,0,0,0,0,0,272,0,0.001,0.004
2298,0.512,0.384,0,0.003,0.036,0,0,,0,,,,0,,,,,0,0,0,0,0,0,0,0,1,0,1,0,1,2,0,0,0,0,0,0,272,0.001,0.001,0.004
2299,0.702,0.516,0,0.003,0.047,0,0,,0,,,,0,,,,,0,0,0,0,0,0,0,0,1,0,1,0,1,2,0,0,0,0,0,0,272,0,0.001,0.004
2300,0.513,0.397,0,0.003,0.04,0,0,,0,,,,0,,,,,0,0,0,0,0,0,0,0,1,0,1,0,1,2,0,0,0,0,0,0,272,0.001,0.001,0.004
2301,0.683,0.566,0.001,0.002,0.033,0,0,,0,,,,0,,,,,0,0,0,0,0,0,0,0,1,0,1,0,1,2,0,0,0,0,0,0,272,0.001,0.001,0.004
2302,4.248,4.029,0,0.005,0.027,0,0,,0,,,,0,,,,,0,0,0,0,0,0,0,0,1,0,1,0,1,2,0,0,0,0,0,0,272,0,0.002,0.008
2303,9.308,9.083,0,0.006,0.034,0,0,,0,,,,0,,,,,0,0,0,0,0,0,0,0,1,0,1,0,1,2,0,0,0,0,0,0,272,0.001,0.003,0.011
2304,0.604,0.374,0,0.005,0.064,0,0,,0,,,,0,,,,,0,0,0,0,0,0,0,0,1,0,1,0,1,2,0,0,0,0,0,0,272,0,0.002,0.009
2305,0.485,0.346,0,0.003,0.03,0,0,,0,,,,0,,,,,0,0,0,0,0,0,0,0,1,0,1,0,1,2,0,0,0,0,0,0,272,0.001,0.002,0.006
2306,0.556,0.457,0,0.002,0.042,0,0,,0,,,,0,,,,,0,0,0,0,0,0,0,0,1,0,1,0,1,2,0,0,0,0,0,0,272,0,0,0.003
2307,0.659,0.574,0,0.002,0.045,0,0,,0,,,,0,,,,,0,0,0,0,0,0,0,0,1,0,1,0,1,2,0,0,0,0,0,0,272,0,0.001,0.002
2308,0.635,0.562,0,0.001,0.039,0,0,,0,,,,0,,,,,0,0,0,0,0,0,0,0,1,0,1,0,1,2,0,0,0,0,0,0,272,0,0,0.002
2309,1.273,1.163,0,0.003,0.048,0,0,,0,,,,0,,,,,0,0,0,0,0,0,0,0,1,0,1,0,1,2,0,0,0,0,0,0,272,0,0,0.004
2310,0.667,0.525,0.001,0.003,0.045,0,0,,1,843.75,230100992,286482432,1,62503872,62503872,135081984,38823561584,0,0,0,0,0,0,0,0,1,0,1,0,1,2,0,0,0,0,0,0,272,0,0,0.004
2311,0.509,0.432,0,0.002,0.022,0,0,,0,,,,0,,,,,0,0,0,0,0,0,0,0,1,0,1,0,1,2,0,0,0,0,0,0,272,0,0,0.003
2312,0.717,0.607,0,0.002,0.063,0,0,,0,,,,0,,,,,0,0,0,0,0,0,0,0,1,0,1,0,1,2,0,0,0,0,0,0,272,0,0.001,0.002
2313,0.735,0.571,0.001,0.001,0.108,0,0,,0,,,,0,,,,,0,0,0,0,0,0,0,0,1,0,1,0,1,2,0,0,0,0,0,0,272,0,0,0.003
2314,0.44,0.362,0,0.002,0.024,0,0,,0,,,,0,,,,,0,0,0,0,0,0,0,0,1,0,1,0,1,2,0,0,0,0,0,0,272,0,0,0.003
2315,0.795,0.606,0,0.019,0.047,0,0,,0,,,,0,,,,,0,0,0,0,0,0,0,0,1,0,1,0,1,2,0,0,0,0,0,0,272,0.001,0.001,0.008
2316,0.493,0.391,0,0.004,0.025,0,0,,0,,,,0,,,,,0,0,0,0,0,0,0,0,1,0,1,0,1,2,0,0,0,0,0,0,272,0,0,0.003
2317,0.915,0.787,0,0.004,0.038,0,0,,0,,,,0,,,,,0,0,0,0,0,0,0,0,1,0,1,0,1,2,0,0,0,0,0,0,272,0,0.001,0.004
2318,0.897,0.758,0.001,0.003,0.029,0,0,,0,,,,0,,,,,0,0,0,0,0,0,0,0,1,0,1,0,1,2,0,0,0,0,0,0,272,0,0.002,0.006
2319,0.867,0.777,0.001,0.002,0.032,0,0,,0,,,,0,,,,,0,0,0,0,0,0,0,0,1,0,1,0,1,2,0,0,0,0,0,0,272,0.001,0.001,0.003
2320,0.789,0.647,0,0.001,0.069,0,0,,0,,,,0,,,,,0,0,0,0,0,0,0,0,1,0,1,0,1,2,0,0,0,0,0,0,272,0,0,0.002
2321,0.9,0.833,0.001,0.001,0.028,0,0,,0,,,,0,,,,,0,0,0,0,0,0,0,0,1,0,1,0,1,2,0,0,0,0,0,0,272,0,0,0.002
2322,0.909,0.811,0,0.003,0.027,0,0,,0,,,,0,,,,,0,0,0,0,0,0,0,0,1,0,1,0,1,2,0,0,0,0,0,0,272,0,0,0.004
2323,1.177,1.037,0,0.003,0.047,0,0,,0,,,,0,,,,,0,0,0,0,0,0,0,0,1,0,1,0,1,2,0,0,0,0,0,0,272,0,0,0.004
2324,0.539,0.457,0,0.002,0.038,0,0,,0,,,,0,,,,,0,0,0,0,0,0,0,0,1,0,1,0,1,2,0,0,0,0,0,0,272,0,0,0.002
2325,0.814,0.601,0.001,0.004,0.063,0,0,,0,,,,0,,,,,0,0,0,0,0,0,0,0,1,0,1,0,1,2,0,0,0,0,0,0,272,0.001,0.001,0.007
2326,0.434,0.372,0,0.001,0.024,0,0,,0,,,,0,,,,,0,0,0,0,0,0,0,0,1,0,1,0,1,2,0,0,0,0,0,0,272,0,0.001,0.003
2327,0.684,0.607,0,0.001,0.034,0,0,,0,,,,0,,,,,0,0,0,0,0,0,0,0,1,0,1,0,1,2,0,0,0,0,0,0,272,0,0.001,0.002
2328,0.708,0.569,0,0.003,0.054,0,0,,0,,,,0,,,,,0,0,0,0,0,0,0,0,1,0,1,0,1,2,0,0,0,0,0,0,272,0,0.002,0.004
2329,0.595,0.485,0.001,0.002,0.053,0,0,,0,,,,0,,,,,0,0,0,0,0,0,0,0,1,0,1,0,1,2,0,0,0,0,0,0,272,0,0.001,0.003
2330,0.601,0.518,0,0.002,0.029,0,0,,0,,,,0,,,,,0,0,0,0,0,0,0,0,1,0,1,0,1,2,0,0,0,0,0,0,272,0,0.001,0.003
2331,0.716,0.58,0,0.003,0.044,0,0,,0,,,,0,,,,,0,0,0,0,0,0,0,0,1,0,1,0,1,2,0,0,0,0,0,0,272,0,0.001,0.005
2332,0.637,0.492,0,0.001,0.08,0,0,,0,,,,0,,,,,0,0,0,0,0,0,0,0,1,0,1,0,1,2,0,0,0,0,0,0,272,0,0.001,0.003
2333,0.497,0.405,0,0.002,0.029,0,0,,0,,,,0,,,,,0,0,0,0,0,0,0,0,1,0,1,0,1,2,0,0,0,0,0,0,272,0,0.001,0.003
2334,0.686,0.555,0,0.003,0.051,0,0,,0,,,,0,,,,,0,0,0,0,0,0,0,0,1,0,1,0,1,2,0,0,0,0,0,0,272,0,0.001,0.004
2335,0.609,0.498,0,0.002,0.049,0,0,,0,,,,0,,,,,0,0,0,0,0,0,0,0,1,0,1,0,1,2,0,0,0,0,0,0,272,0,0.001,0.004
2336,0.736,0.524,0,0.003,0.042,0,0,,0,,,,0,,,,,0,0,0,0,0,0,0,0,1,0,1,0,1,2,0,0,0,0,0,0,272,0.001,0.001,0.004
2337,0.48,0.392,0,0.001,0.037,0,0,,0,,,,0,,,,,0,0,0,0,0,0,0,0,1,0,1,0,1,2,0,0,0,0,0,0,272,0,0.001,0.004
2338,0.703,0.586,0.001,0.002,0.031,0,0,,0,,,,0,,,,,0,0,0,0,0,0,0,0,1,0,1,0,1,2,0,0,0,0,0,0,272,0,0.001,0.004
2339,1.044,0.891,0,0.003,0.044,0,0,,0,,,,0,,,,,0,0,0,0,0,0,0,0,1,0,1,0,1,2,0,0,0,0,0,0,272,0,0.001,0.006
2340,0.533,0.44,0,0.002,0.025,0,0,,1,859.375,230100992,286482432,1,62503872,62503872,135081984,38823561584,0,0,0,0,0,0,0,0,1,0,1,0,1,2,0,0,0,0,0,0,272,0,0.001,0.004
2341,0.537,0.486,0.001,0.001,0.02,0,0,,0,,,,0,,,,,0,0,0,0,0,0,0,0,1,0,1,0,1,2,0,0,0,0,0,0,272,0,0.001,0.001
2342,1.167,1.099,0.001,0.001,0.019,0,0,,0,,,,0,,,,,0,0,0,0,0,0,0,0,1,0,1,0,1,2,0,0,0,0,0,0,272,0,0,0.002
2343,0.681,0.576,0,0.015,0.061,0,0,,0,,,,0,,,,,0,0,0,0,0,0,0,0,1,0,1,0,1,2,0,0,0,0,0,0,272,0,0,0.002
2344,1.751,1.559,0.001,0.003,0.065,0,0,,0,,,,0,,,,,0,0,0,0,0,0,0,0,1,0,1,0,1,2,0,0,0,0,0,0,272,0.001,0.001,0.006
2345,0.862,0.777,0,0.002,0.035,0,0,,0,,,,0,,,,,0,0,0,0,0,0,0,0,1,0,1,0,1,2,0,0,0,0,0,0,272,0.001,0,0.003
2346,0.972,0.89,0.001,0.001,0.037,0,0,,0,,,,0,,,,,0,0,0,0,0,0,0,0,1,0,1,0,1,2,0,0,0,0,0,0,272,0.001,0,0.003
2347,0.948,0.887,0,0.001,0.031,0,0,,0,,,,0,,,,,0,0,0,0,0,0,0,0,1,0,1,0,1,2,0,0,0,0,0,0,272,0,0,0.002
2348,1.07,0.925,0,0.003,0.043,0,0,,0,,,,0,,,,,0,0,0,0,0,0,0,0,1,0,1,0,1,2,0,0,0,0,0,0,272,0,0.002,0.004
2349,0.902,0.805,0,0.002,0.027,0,0,,0,,,,0,,,,,0,0,0,0,0,0,0,0,1,0,1,0,1,2,0,0,0,0,0,0,272,0,0.001,0.003
2350,0.92,0.852,0,0.002,0.025,0,0,,0,,,,0,,,,,0,0,0,0,0,0,0,0,1,0,1,0,1,2,0,0,0,0,0,0,272,0,0.001,0.002
2351,0.963,0.884,0,0.001,0.047,0,0,,0,,,,0,,,,,0,0,0,0,0,0,0,0,1,0,1,0,1,2,0,0,0,0,0,0,272,0,0.001,0.002
2352,0.993,0.903,0.001,0.002,0.036,0,0,,0,,,,0,,,,,0,0,0,0,0,0,0,0,1,0,1,0,1,2,0,0,0,0,0,0,272,0,0,0.003
2353,0.966,0.892,0,0.001,0.036,0,0,,0,,,,0,,,,,0,0,0,0,0,0,0,0,1,0,1,0,1,2,0,0,0,0,0,0,272,0,0,0.001
2354,1.034,0.977,0.001,0.001,0.019,0,0,,0,,,,0,,,,,0,0,0,0,0,0,0,0,1,0,1,0,1,2,0,0,0,0,0,0,272,0,0,0.002
2355,1.061,0.938,0,0.004,0.029,0,0,,0,,,,0,,,,,0,0,0,0,0,0,0,0,1,0,1,0,1,2,0,0,0,0,0,0,272,0,0.001,0.005
2356,1.517,1.415,0,0.002,0.023,0,0,,0,,,,0,,,,,0,0,0,0,0,0,0,0,1,0,1,0,1,2,0,0,0,0,0,0,272,0.001,0.001,0.005
2357,0.874,0.827,0,0.001,0.015,0,0,,0,,,,0,,,,,0,0,0,0,0,0,0,0,1,0,1,0,1,2,0,0,0,0,0,0,272,0,0.001,0.001
2358,6.824,6.633,0,0.003,0.083,0,0,,0,,,,0,,,,,0,0,0,0,0,0,0,0,1,0,1,0,1,2,0,0,0,0,0,0,272,0,0.001,0.006
2359,0.438,0.378,0,0.001,0.023,0,0,,0,,,,0,,,,,0,0,0,0,0,0,0,0,1,0,1,0,1,2,0,0,0,0,0,0,272,0,0.001,0.002
2360,0.629,0.56,0,0.001,0.028,0,0,,0,,,,0,,,,,0,0,0,0,0,0,0,0,1,0,1,0,1,2,0,0,0,0,0,0,272,0,0,0.002
2361,0.695,0.535,0,0.003,0.08,0,0,,0,,,,0,,,,,0,0,0,0,0,0,0,0,1,0,1,0,1,2,0,0,0,0,0,0,272,0,0.001,0.004
2362,0.506,0.408,0,0.002,0.039,0,0,,0,,,,0,,,,,0,0,0,0,0,0,0,0,1,0,1,0,1,2,0,0,0,0,0,0,272,0,0,0.003
2363,0.58,0.512,0,0.001,0.031,0,0,,0,,,,0,,,,,0,0,0,0,0,0,0,0,1,0,1,0,1,2,0,0,0,0,0,0,272,0,0.001,0.002
2364,0.595,0.529,0,0.001,0.039,0,0,,0,,,,0,,,,,0,0,0,0,0,0,0,0,1,0,1,0,1,2,0,0,0,0,0,0,272,0.001,0,0.001
2365,0.631,0.536,0,0.003,0.035,0,0,,0,,,,0,,,,,0,0,0,0,0,0,0,0,1,0,1,0,1,2,0,0,0,0,0,0,272,0.001,0,0.004
2366,0.577,0.505,0,0.001,0.036,0,0,,0,,,,0,,,,,0,0,0,0,0,0,0,0,1,0,1,0,1,2,0,0,0,0,0,0,272,0,0,0.003
2367,0.575,0.515,0,0.001,0.032,0,0,,0,,,,0,,,,,0,0,0,0,0,0,0,0,1,0,1,0,1,2,0,0,0,0,0,0,272,0,0.001,0.001
2368,0.596,0.54,0,0.001,0.029,0,0,,0,,,,0,,,,,0,0,0,0,0,0,0,0,1,0,1,0,1,2,0,0,0,0,0,0,272,0.001,0,0.002
2369,0.617,0.536,0.001,0.001,0.027,0,0,,0,,,,0,,,,,0,0,0,0,0,0,0,0,1,0,1,0,1,2,0,0,0,0,0,0,272,0,0,0.003
2370,0.624,0.515,0.001,0.002,0.031,0,0,,1,875,230100992,286482432,1,62503872,62503872,135081984,38823561584,0,0,0,0,0,0,0,0,1,0,1,0,1,2,0,0,0,0,0,0,272,0,0.001,0.004
2371,0.604,0.442,0,0.004,0.031,0,0,,0,,,,0,,,,,0,0,0,0,0,0,0,0,1,0,1,0,1,2,0,0,0,0,0,0,272,0,0.001,0.007
2372,0.75,0.647,0,0.002,0.029,0,0,,0,,,,0,,,,,0,0,0,0,0,0,0,0,1,0,1,0,1,2,0,0,0,0,0,0,272,0,0.001,0.004
2373,0.665,0.59,0,0.001,0.02,0,0,,0,,,,0,,,,,0,0,0,0,0,0,0,0,1,0,1,0,1,2,0,0,0,0,0,0,272,0,0.001,0.003
2374,1.15,1.083,0,0.002,0.027,0,0,,0,,,,0,,,,,0,0,0,0,0,0,0,0,1,0,1,0,1,2,0,0,0,0,0,0,272,0,0,0.003
2375,6.353,6.176,0,0.003,0.018,0,0,,0,,,,0,,,,,0,0,0,0,0,0,0,0,1,0,1,0,1,2,0,0,0,0,0,0,272,0,0.001,0.003
2376,1.043,0.89,0,0.003,0.061,0,0,,0,,,,0,,,,,0,0,0,0,0,0,0,0,1,0,1,0,1,2,0,0,0,0,0,0,272,0,0.001,0.004
2377,0.416,0.32,0,0.001,0.038,0,0,,0,,,,0,,,,,0,0,0,0,0,0,0,0,1,0,1,0,1,2,0,0,0,0,0,0,272,0,0.001,0.002
2378,0.51,0.401,0,0.001,0.045,0,0,,0,,,,0,,,,,0,0,0,0,0,0,0,0,1,0,1,0,1,2,0,0,0,0,0,0,272,0,0.001,0.003
2379,0.506,0.358,0.001,0.003,0.049,0,0,,0,,,,0,,,,,0,0,0,0,0,0,0,0,1,0,1,0,1,2,0,0,0,0,0,0,272,0,0.002,0.005
2380,0.359,0.304,0,0.001,0.022,0,0,,0,,,,0,,,,,0,0,0,0,0,0,0,0,1,0,1,0,1,2,0,0,0,0,0,0,272,0,0,0.002
2381,0.502,0.444,0.001,0.001,0.028,0,0,,0,,,,0,,,,,0,0,0,0,0,0,0,0,1,0,1,0,1,2,0,0,0,0,0,0,272,0,0,0.002
2382,0.503,0.448,0,0,0.026,0,0,,0,,,,0,,,,,0,0,0,0,0,0,0,0,1,0,1,0,1,2,0,0,0,0,0,0,272,0,0,0.002
2383,0.49,0.438,0,0.001,0.027,0,0,,0,,,,0,,,,,0,0,0,0,0,0,0,0,1,0,1,0,1,2,0,0,0,0,0,0,272,0,0,0.001
2384,0.498,0.452,0,0,0.023,0,0,,0,,,,0,,,,,0,0,0,0,0,0,0,0,1,0,1,0,1,2,0,0,0,0,0,0,272,0.001,0,0.001
2385,0.506,0.457,0,0.001,0.025,0,0,,0,,,,0,,,,,0,0,0,0,0,0,0,0,1,0,1,0,1,2,0,0,0,0,0,0,272,0.001,0,0.001
2386,0.698,0.487,0,0.002,0.064,0,0,,0,,,,0,,,,,0,0,0,0,0,0,0,0,1,0,1,0,1,2,0,0,0,0,0,0,272,0,0.001,0.006
2387,0.446,0.306,0.001,0.003,0.039,0,0,,0,,,,0,,,,,0,0,0,0,0,0,0,0,1,0,1,0,1,2,0,0,0,0,0,0,272,0.001,0.001,0.005
2388,0.499,0.361,0,0.003,0.039,0,0,,0,,,,0,,,,,0,0,0,0,0,0,0,0,1,0,1,0,1,2,0,0,0,0,0,0,272,0,0.002,0.004
2389,0.454,0.281,0,0.004,0.027,0,0,,0,,,,0,,,,,0,0,0,0,0,0,0,0,1,0,1,0,1,2,0,0,0,0,0,0,272,0,0.001,0.005
2390,0.805,0.705,0,0.002,0.032,0,0,,0,,,,0,,,,,0,0,0,0,0,0,0,0,1,0,1,0,1,2,0,0,0,0,0,0,272,0,0,0.004
2391,0.493,0.332,0,0.003,0.027,0,0,,0,,,,0,,,,,0,0,0,0,0,0,0,0,1,0,1,0,1,2,0,0,0,0,0,0,272,0,0.001,0.004
2392,0.395,0.31,0.001,0.001,0.026,0,0,,0,,,,0,,,,,0,0,0,0,0,0,0,0,1,0,1,0,1,2,0,0,0,0,0,0,272,0,0.001,0.003
2393,0.512,0.404,0,0.003,0.029,0,0,,0,,,,0,,,,,0,0,0,0,0,0,0,0,1,0,1,0,1,2,0,0,0,0,0,0,272,0,0.001,0.004
2394,0.909,0.848,0.001,0.001,0.025,0,0,,0,,,,0,,,,,0,0,0,0,0,0,0,0,1,0,1,0,1,2,0,0,0,0,0,0,272,0.001,0,0.002
2395,0.557,0.441,0.001,0.002,0.033,0,0,,0,,,,0,,,,,0,0,0,0,0,0,0,0,1,0,1,0,1,2,0,0,0,0,0,0,272,0,0.001,0.004
2396,0.429,0.356,0,0.001,0.03,0,0,,0,,,,0,,,,,0,0,0,0,0,0,0,0,1,0,1,0,1,2,0,0,0,0,0,0,272,0,0,0.002
2397,0.587,0.466,0,0.002,0.042,0,0,,0,,,,0,,,,,0,0,0,0,0,0,0,0,1,0,1,0,1,2,0,0,0,0,0,0,272,0,0.001,0.004
2398,0.717,0.615,0,0.002,0.037,0,0,,0,,,,0,,,,,0,0,0,0,0,0,0,0,1,0,1,0,1,2,0,0,0,0,0,0,272,0,0.001,0.003
2399,0.481,0.384,0,0.001,0.042,0,0,,0,,,,0,,,,,0,0,0,0,0,0,0,0,1,0,1,0,1,2,0,0,0,0,0,0,272,0,0.001,0.003
2400,0.506,0.397,0,0.003,0.035,0,0,,1,875,230100992,286482432,1,62503872,62503872,135081984,38823561584,0,0,0,0,0,0,0,0,1,0,1,0,1,2,0,0,0,0,0,0,272,0,0.001,0.004
2401,0.377,0.332,0.001,0.001,0.019,0,0,,0,,,,0,,,,,0,0,0,0,0,0,0,0,1,0,1,0,1,2,0,0,0,0,0,0,272,0,0,0.002
2402,0.51,0.444,0,0.001,0.031,0,0,,0,,,,0,,,,,0,0,0,0,0,0,0,0,1,0,1,0,1,2,0,0,0,0,0,0,272,0,0,0.002
2403,0.524,0.438,0.001,0.002,0.025,0,0,,0,,,,0,,,,,0,0,0,0,0,0,0,0,1,0,1,0,1,2,0,0,0,0,0,0,272,0.001,0.001,0.003
2404,0.466,0.375,0,0.002,0.041,0,0,,0,,,,0,,,,,0,0,0,0,0,0,0,0,1,0,1,0,1,2,0,0,0,0,0,0,272,0,0.001,0.003
2405,0.454,0.394,0,0.001,0.025,0,0,,0,,,,0,,,,,0,0,0,0,0,0,0,0,1,0,1,0,1,2,0,0,0,0,0,0,272,0,0,0.002
2406,0.486,0.44,0,0.001,0.022,0,0,,0,,,,0,,,,,0,0,0,0,0,0,0,0,1,0,1,0,1,2,0,0,0,0,0,0,272,0,0,0.001
2407,0.487,0.449,0,0.001,0.019,0,0,,0,,,,0,,,,,0,0,0,0,0,0,0,0,1,0,1,0,1,2,0,0,0,0,0,0,272,0,0,0.001
2408,0.504,0.464,0,0,0.02,0,0,,0,,,,0,,,,,0,0,0,0,0,0,0,0,1,0,1,0,1,2,0,0,0,0,0,0,272,0,0,0.002
2409,0.963,0.887,0,0.001,0.023,0,0,,0,,,,0,,,,,0,0,0,0,0,0,0,0,1,0,1,0,1,2,0,0,0,0,0,0,272,0,0.001,0.003
2410,1.062,0.922,0,0.003,0.042,0,0,,0,,,,0,,,,,0,0,0,0,0,0,0,0,1,0,1,0,1,2,0,0,0,0,0,0,272,0.001,0.001,0.005
2411,0.929,0.833,0,0.002,0.036,0,0,,0,,,,0,,,,,0,0,0,0,0,0,0,0,1,0,1,0,1,2,0,0,0,0,0,0,272,0,0.001,0.003
2412,0.962,0.893,0,0.001,0.035,0,0,,0,,,,0,,,,,0,0,0,0,0,0,0,0,1,0,1,0,1,2,0,0,0,0,0,0,272,0,0,0.002
2413,1.02,0.934,0,0.002,0.031,0,0,,0,,,,0,,,,,0,0,0,0,0,0,0,0,1,0,1,0,1,2,0,0,0,0,0,0,272,0,0,0.003
2414,1.87,1.693,0,0.003,0.069,0,0,,0,,,,0,,,,,0,0,0,0,0,0,0,0,1,0,1,0,1,2,0,0,0,0,0,0,272,0,0.002,0.006
2415,0.951,0.842,0.001,0.002,0.024,0,0,,0,,,,0,,,,,0,0,0,0,0,0,0,0,1,0,1,0,1,2,0,0,0,0,0,0,272,0,0.001,0.005
2416,0.981,0.831,0,0.003,0.044,0,0,,0,,,,0,,,,,0,0,0,0,0,0,0,0,1,0,1,0,1,2,0,0,0,0,0,0,272,0,0.001,0.006
2417,2.217,2.109,0,0.002,0.032,0,0,,0,,,,0,,,,,0,0,0,0,0,0,0,0,1,0,1,0,1,2,0,0,0,0,0,0,272,0,0.001,0.004
2418,0.987,0.945,0,0.001,0.016,0,0,,0,,,,0,,,,,0,0,0,0,0,0,0,0,1,0,1,0,1,2,0,0,0,0,0,0,272,0,0,0.002
2419,1.021,0.957,0.001,0.001,0.021,0,0,,0,,,,0,,,,,0,0,0,0,0,0,0,0,1,0,1,0,1,2,0,0,0,0,0,0,272,0,0,0.002
2420,0.992,0.939,0,0.001,0.019,0,0,,0,,,,0,,,,,0,0,0,0,0,0,0,0,1,0,1,0,1,2,0,0,0,0,0,0,272,0,0.001,0.002
2421,1.101,0.968,0.001,0.002,0.045,0,0,,0,,,,0,,,,,0,0,0,0,0,0,0,0,1,0,1,0,1,2,0,0,0,0,0,0,272,0,0.001,0.004
2422,0.973,0.858,0.001,0.003,0.029,0,0,,0,,,,0,,,,,0,0,0,0,0,0,0,0,1,0,1,0,1,2,0,0,0,0,0,0,272,0,0.001,0.003
2423,0.954,0.872,0,0.002,0.034,0,0,,0,,,,0,,,,,0,0,0,0,0,0,0,0,1,0,1,0,1,2,0,0,0,0,0,0,272,0,0,0.003
2424,1.034,0.926,0,0.002,0.042,0,0,,0,,,,0,,,,,0,0,0,0,0,0,0,0,1,0,1,0,1,2,0,0,0,0,0,0,272,0.001,0.001,0.003
2425,0.948,0.877,0,0.001,0.032,0,0,,0,,,,0,,,,,0,0,0,0,0,0,0,0,1,0,1,0,1,2,0,0,0,0,0,0,272,0,0,0.002
2426,1.063,0.995,0,0.001,0.035,0,0,,0,,,,0,,,,,0,0,0,0,0,0,0,0,1,0,1,0,1,2,0,0,0,0,0,0,272,0,0,0.002
2427,0.916,0.835,0,0.001,0.049,0,0,,0,,,,0,,,,,0,0,0,0,0,0,0,0,1,0,1,0,1,2,0,0,0,0,0,0,272,0,0,0.002
2428,0.964,0.83,0,0.002,0.046,0,0,,0,,,,0,,,,,0,0,0,0,0,0,0,0,1,0,1,0,1,2,0,0,0,0,0,0,272,0.001,0.001,0.005
2429,1.243,1.14,0,0.002,0.029,0,0,,0,,,,0,,,,,0,0,0,0,0,0,0,0,1,0,1,0,1,2,0,0,0,0,0,0,272,0,0.001,0.004
2430,0.892,0.803,0,0.002,0.024,0,0,,1,890.625,230100992,286482432,1,62503872,62503872,135081984,38823561584,0,0,0,0,0,0,0,0,1,0,1,0,1,2,0,0,0,0,0,0,272,0,0.001,0.004
2431,0.818,0.731,0,0.001,0.024,0,0,,0,,,,0,,,,,0,0,0,0,0,0,0,0,1,0,1,0,1,2,0,0,0,0,0,0,272,0,0.001,0.003
2432,2.02,1.94,0.001,0.002,0.028,0,0,,0,,,,0,,,,,0,0,0,0,0,0,0,0,1,0,1,0,1,2,0,0,0,0,0,0,272,0.001,0,0.004
2433,0.826,0.784,0,0.001,0.016,0,0,,0,,,,0,,,,,0,0,0,0,0,0,0,0,1,0,1,0,1,2,0,0,0,0,0,0,272,0,0,0.001
2434,1.018,0.824,0,0.004,0.046,0,0,,0,,,,0,,,,,0,0,0,0,0,0,0,0,1,0,1,0,1,2,0,0,0,0,0,0,272,0,0.001,0.007
2435,0.697,0.6,0,0.002,0.041,0,0,,0,,,,0,,,,,0,0,0,0,0,0,0,0,1,0,1,0,1,2,0,0,0,0,0,0,272,0,0,0.003
2436,0.823,0.738,0,0.001,0.048,0,0,,0,,,,0,,,,,0,0,0,0,0,0,0,0,1,0,1,0,1,2,0,0,0,0,0,0,272,0,0,0.002
2437,0.805,0.731,0,0.001,0.04,0,0,,0,,,,0,,,,,0,0,0,0,0,0,0,0,1,0,1,0,1,2,0,0,0,0,0,0,272,0,0,0.002
2438,0.935,0.756,0,0.004,0.052,0,0,,0,,,,0,,,,,0,0,0,0,0,0,0,0,1,0,1,0,1,2,0,0,0,0,0,0,272,0.001,0.002,0.006
2439,0.73,0.62,0,0.002,0.041,0,0,,0,,,,0,,,,,0,0,0,0,0,0,0,0,1,0,1,0,1,2,0,0,0,0,0,0,272,0.001,0,0.003
2440,0.781,0.709,0,0.002,0.022,0,0,,0,,,,0,,,,,0,0,0,0,0,0,0,0,1,0,1,0,1,2,0,0,0,0,0,0,272,0,0.001,0.002
2441,0.886,0.758,0,0.002,0.043,0,0,,0,,,,0,,,,,0,0,0,0,0,0,0,0,1,0,1,0,1,2,0,0,0,0,0,0,272,0,0,0.004
2442,0.771,0.66,0,0.002,0.06,0,0,,0,,,,0,,,,,0,0,0,0,0,0,0,0,1,0,1,0,1,2,0,0,0,0,0,0,272,0,0,0.003
2443,0.763,0.679,0,0.001,0.038,0,0,,0,,,,0,,,,,0,0,0,0,0,0,0,0,1,0,1,0,1,2,0,0,0,0,0,0,272,0,0.001,0.002
2444,0.826,0.754,0,0.001,0.035,0,0,,0,,,,0,,,,,0,0,0,0,0,0,0,0,1,0,1,0,1,2,0,0,0,0,0,0,272,0,0,0.003
2445,0.925,0.755,0.001,0.003,0.063,0,0,,0,,,,0,,,,,0,0,0,0,0,0,0,0,1,0,1,0,1,2,0,0,0,0,0,0,272,0,0.001,0.005
2446,0.557,0.47,0.001,0.001,0.026,0,0,,0,,,,0,,,,,0,0,0,0,0,0,0,0,1,0,1,0,1,2,0,0,0,0,0,0,272,0,0.001,0.003
2447,1.565,1.373,0,0.002,0.127,0,0,,0,,,,0,,,,,0,0,0,0,0,0,0,0,1,0,1,0,1,2,0,0,0,0,0,0,272,0,0,0.004
2448,0.753,0.65,0.001,0.001,0.038,0,0,,0,,,,0,,,,,0,0,0,0,0,0,0,0,1,0,1,0,1,2,0,0,0,0,0,0,272,0,0.001,0.003
2449,0.808,0.735,0,0.002,0.018,0,0,,0,,,,0,,,,,0,0,0,0,0,0,0,0,1,0,1,0,1,2,0,0,0,0,0,0,272,0,0.001,0.003
2450,2.144,2.033,0,0.002,0.034,0,0,,0,,,,0,,,,,0,0,0,0,0,0,0,0,1,0,1,0,1,2,0,0,0,0,0,0,272,0.001,0.001,0.003
2451,0.907,0.816,0,0.002,0.029,0,0,,0,,,,0,,,,,0,0,0,0,0,0,0,0,1,0,1,0,1,2,0,0,0,0,0,0,272,0.001,0.001,0.003
2452,0.91,0.824,0,0.001,0.029,0,0,,0,,,,0,,,,,0,0,0,0,0,0,0,0,1,0,1,0,1,2,0,0,0,0,0,0,272,0,0.001,0.003
2453,0.937,0.852,0.001,0.001,0.032,0,0,,0,,,,0,,,,,0,0,0,0,0,0,0,0,1,0,1,0,1,2,0,0,0,0,0,0,272,0,0,0.003
2454,0.94,0.857,0,0.001,0.036,0,0,,0,,,,0,,,,,0,0,0,0,0,0,0,0,1,0,1,0,1,2,0,0,0,0,0,0,272,0,0,0.002
2455,0.996,0.847,0,0.003,0.045,0,0,,0,,,,0,,,,,0,0,0,0,0,0,0,0,1,0,1,0,1,2,0,0,0,0,0,0,272,0,0.001,0.005
2456,0.902,0.798,0,0.002,0.04,0,0,,0,,,,0,,,,,0,0,0,0,0,0,0,0,1,0,1,0,1,2,0,0,0,0,0,0,272,0.001,0,0.003
2457,0.961,0.859,0,0.002,0.046,0,0,,0,,,,0,,,,,0,0,0,0,0,0,0,0,1,0,1,0,1,2,0,0,0,0,0,0,272,0,0,0.003
2458,0.877,0.808,0.001,0,0.032,0,0,,0,,,,0,,,,,0,0,0,0,0,0,0,0,1,0,1,0,1,2,0,0,0,0,0,0,272,0,0,0.002
2459,1.05,0.88,0,0.004,0.039,0,0,,0,,,,0,,,,,0,0,0,0,0,0,0,0,1,0,1,0,1,2,0,0,0,0,0,0,272,0.001,0.001,0.006
2460,0.933,0.764,0,0.003,0.064,0,0,,1,906.25,230105088,286482432,1,62503872,62503872,135081984,38823561584,0,0,0,0,0,0,0,0,1,0,1,0,1,2,0,0,0,0,0,0,272,0.001,0.001,0.005
2461,0.355,0.252,0,0.002,0.041,0,0,,0,,,,0,,,,,0,0,0,0,0,0,0,0,1,0,1,0,1,2,0,0,0,0,0,0,272,0,0,0.003
2462,0.499,0.393,0,0.001,0.079,0,0,,0,,,,0,,,,,0,0,0,0,0,0,0,0,1,0,1,0,1,2,0,0,0,0,0,0,272,0,0,0.002
2463,0.678,0.365,0,0.005,0.169,0,0,,0,,,,0,,,,,0,0,0,0,0,0,0,0,1,0,1,0,1,2,0,0,0,0,0,0,272,0,0.001,0.007
2464,0.273,0.188,0,0.002,0.019,0,0,,0,,,,0,,,,,0,0,0,0,0,0,0,0,1,0,1,0,1,2,0,0,0,0,0,0,272,0,0,0.003
2465,0.846,0.712,0,0.01,0.055,0,0,,0,,,,0,,,,,0,0,0,0,0,0,0,0,1,0,1,0,1,2,0,0,0,0,0,0,272,0.001,0.001,0.003
2466,0.349,0.288,0.001,0.001,0.021,0,0,,0,,,,0,,,,,0,0,0,0,0,0,0,0,1,0,1,0,1,2,0,0,0,0,0,0,272,0,0,0.002
2467,0.669,0.423,0,0.002,0.053,0,0,,0,,,,0,,,,,0,0,0,0,0,0,0,0,1,0,1,0,1,2,0,0,0,0,0,0,272,0.001,0.001,0.003
2468,0.342,0.28,0,0.002,0.019,0,0,,0,,,,0,,,,,0,0,0,0,0,0,0,0,1,0,1,0,1,2,0,0,0,0,0,0,272,0,0,0.002
2469,0.831,0.782,0,0.001,0.021,0,0,,0,,,,0,,,,,0,0,0,0,0,0,0,0,1,0,1,0,1,2,0,0,0,0,0,0,272,0,0,0.001
2470,0.443,0.401,0,0,0.019,0,0,,0,,,,0,,,,,0,0,0,0,0,0,0,0,1,0,1,0,1,2,0,0,0,0,0,0,272,0,0.001,0.001
2471,0.662,0.43,0,0.002,0.051,0,0,,0,,,,0,,,,,0,0,0,0,0,0,0,0,1,0,1,0,1,2,0,0,0,0,0,0,272,0,0.002,0.006
2472,0.854,0.748,0,0.002,0.029,0,0,,0,,,,0,,,,,0,0,0,0,0,0,0,0,1,0,1,0,1,2,0,0,0,0,0,0,272,0,0,0.003
2473,0.888,0.816,0.001,0.001,0.021,0,0,,0,,,,0,,,,,0,0,0,0,0,0,0,0,1,0,1,0,1,2,0,0,0,0,0,0,272,0,0,0.003
2474,0.958,0.883,0,0.002,0.028,0,0,,0,,,,0,,,,,0,0,0,0,0,0,0,0,1,0,1,0,1,2,0,0,0,0,0,0,272,0,0,0.002
2475,0.93,0.87,0,0.001,0.028,0,0,,0,,,,0,,,,,0,0,0,0,0,0,0,0,1,0,1,0,1,2,0,0,0,0,0,0,272,0,0,0.002
2476,0.956,0.893,0,0,0.033,0,0,,0,,,,0,,,,,0,0,0,0,0,0,0,0,1,0,1,0,1,2,0,0,0,0,0,0,272,0,0.001,0.001
2477,0.979,0.844,0,0.003,0.048,0,0,,0,,,,0,,,,,0,0,0,0,0,0,0,0,1,0,1,0,1,2,0,0,0,0,0,0,272,0,0.001,0.004
2478,0.406,0.314,0,0.001,0.033,0,0,,0,,,,0,,,,,0,0,0,0,0,0,0,0,1,0,1,0,1,2,0,0,0,0,0,0,272,0,0.001,0.003
2479,0.487,0.419,0,0.001,0.03,0,0,,0,,,,0,,,,,0,0,0,0,0,0,0,0,1,0,1,0,1,2,0,0,0,0,0,0,272,0,0.001,0.002
2480,0.469,0.425,0,0.001,0.018,0,0,,0,,,,0,,,,,0,0,0,0,0,0,0,0,1,0,1,0,1,2,0,0,0,0,0,0,272,0,0,0.002
2481,0.504,0.447,0,0.001,0.02,0,0,,0,,,,0,,,,,0,0,0,0,0,0,0,0,1,0,1,0,1,2,0,0,0,0,0,0,272,0,0,0.002
2482,0.487,0.441,0,0.001,0.019,0,0,,0,,,,0,,,,,0,0,0,0,0,0,0,0,1,0,1,0,1,2,0,0,0,0,0,0,272,0,0,0.002
2483,0.532,0.463,0,0.002,0.018,0,0,,0,,,,0,,,,,0,0,0,0,0,0,0,0,1,0,1,0,1,2,0,0,0,0,0,0,272,0.001,0,0.003
2484,0.42,0.384,0,0.001,0.017,0,0,,0,,,,0,,,,,0,0,0,0,0,0,0,0,1,0,1,0,1,2,0,0,0,0,0,0,272,0,0,0.002
2485,0.656,0.48,0.001,0.003,0.058,0,0,,0,,,,0,,,,,0,0,0,0,0,0,0,0,1,0,1,0,1,2,0,0,0,0,0,0,272,0,0.001,0.006
2486,0.363,0.266,0,0.001,0.073,0,0,,0,,,,0,,,,,0,0,0,0,0,0,0,0,1,0,1,0,1,2,0,0,0,0,0,0,272,0,0,0.002
2487,0.42,0.38,0,0.001,0.019,0,0,,0,,,,0,,,,,0,0,0,0,0,0,0,0,1,0,1,0,1,2,0,0,0,0,0,0,272,0,0,0.002
2488,0.484,0.454,0,0.001,0.016,0,0,,0,,,,0,,,,,0,0,0,0,0,0,0,0,1,0,1,0,1,2,0,0,0,0,0,0,272,0,0,0.001
2489,0.595,0.514,0.001,0.001,0.022,0,0,,0,,,,0,,,,,0,0,0,0,0,0,0,0,1,0,1,0,1,2,0,0,0,0,0,0,272,0,0,0.003
2490,0.526,0.395,0,0.003,0.06,0,0,,1,921.875,230170624,286482432,1,62503872,62503872,135081984,38823561584,0,0,0,0,0,0,0,0,1,0,1,0,1,2,0,0,0,0,0,0,272,0.001,0.001,0.004
2491,0.407,0.296,0,0.003,0.038,0,0,,0,,,,0,,,,,0,0,0,0,0,0,0,0,1,0,1,0,1,2,0,0,0,0,0,0,272,0,0.001,0.004
2492,0.471,0.404,0,0.001,0.023,0,0,,0,,,,0,,,,,0,0,0,0,0,0,0,0,1,0,1,0,1,2,0,0,0,0,0,0,272,0.001,0,0.003
2493,0.817,0.72,0,0.002,0.028,0,0,,0,,,,0,,,,,0,0,0,0,0,0,0,0,1,0,1,0,1,2,0,0,0,0,0,0,272,0.001,0.001,0.004
2494,0.569,0.427,0,0.002,0.044,0,0,,0,,,,0,,,,,0,0,0,0,0,0,0,0,1,0,1,0,1,2,0,0,0,0,0,0,272,0,0.001,0.005
2495,0.525,0.298,0.001,0.003,0.07,0,0,,0,,,,0,,,,,0,0,0,0,0,0,0,0,1,0,1,0,1,2,0,0,0,0,0,0,272,0,0.001,0.006
2496,0.544,0.07,0,0.002,0.4,0,0,,0,,,,0,,,,,0,0,0,0,0,0,0,0,1,0,1,0,1,2,0,0,0,0,0,0,272,0.001,0.001,0.003
2497,0.329,0.001,0,0.002,0.241,0,0,,0,,,,0,,,,,0,0,0,0,0,0,0,0,1,0,1,0,1,2,0,0,0,0,0,0,272,0.001,0.001,0.004
2498,0.331,0.173,0,0.002,0.082,0,0,,0,,,,0,,,,,0,0,0,0,0,0,0,0,1,0,1,0,1,2,0,0,0,0,0,0,272,0,0.001,0.004
2499,0.875,0.794,0,0.002,0.023,0,0,,0,,,,0,,,,,0,0,0,0,0,0,0,0,1,0,1,0,1,2,0,0,0,0,0,0,272,0,0.001,0.003
2500,0.449,0.391,0,0.001,0.022,0,0,,0,,,,0,,,,,0,0,0,0,0,0,0,0,1,0,1,0,1,2,0,0,0,0,0,0,272,0,0,0.002
2501,0.561,0.469,0,0.002,0.026,0,0,,0,,,,0,,,,,0,0,0,0,0,0,0,0,1,0,1,0,1,2,0,0,0,0,0,0,272,0.001,0.001,0.003
2502,0.84,0.794,0,0.001,0.017,0,0,,0,,,,0,,,,,0,0,0,0,0,0,0,0,1,0,1,0,1,2,0,0,0,0,0,0,272,0,0,0.002
2503,1.058,0.955,0,0.002,0.051,0,0,,0,,,,0,,,,,0,0,0,0,0,0,0,0,1,0,1,0,1,2,0,0,0,0,0,0,272,0.001,0,0.003
2504,0.942,0.847,0,0.003,0.024,0,0,,0,,,,0,,,,,0,0,0,0,0,0,0,0,1,0,1,0,1,2,0,0,0,0,0,0,272,0.001,0.001,0.016
2505,0.996,0.906,0,0.002,0.031,0,0,,0,,,,0,,,,,0,0,0,0,0,0,0,0,1,0,1,0,1,2,0,0,0,0,0,0,272,0.001,0.001,0.003
2506,1.041,0.893,0,0.003,0.042,0,0,,0,,,,0,,,,,0,0,0,0,0,0,0,0,1,0,1,0,1,2,0,0,0,0,0,0,272,0.001,0.001,0.005
2507,0.921,0.831,0,0.002,0.036,0,0,,0,,,,0,,,,,0,0,0,0,0,0,0,0,1,0,1,0,1,2,0,0,0,0,0,0,272,0,0,0.003
2508,0.983,0.9,0,0.002,0.025,0,0,,0,,,,0,,,,,0,0,0,0,0,0,0,0,1,0,1,0,1,2,0,0,0,0,0,0,272,0,0.001,0.003
2509,0.995,0.879,0.001,0.002,0.045,0,0,,0,,,,0,,,,,0,0,0,0,0,0,0,0,1,0,1,0,1,2,0,0,0,0,0,0,272,0,0.001,0.003
2510,0.952,0.846,0,0.002,0.029,0,0,,0,,,,0,,,,,0,0,0,0,0,0,0,0,1,0,1,0,1,2,0,0,0,0,0,0,272,0,0.001,0.004
2511,0.99,0.848,0,0.002,0.052,0,0,,0,,,,0,,,,,0,0,0,0,0,0,0,0,1,0,1,0,1,2,0,0,0,0,0,0,272,0,0.001,0.003
2512,1.017,0.911,0,0.002,0.03,0,0,,0,,,,0,,,,,0,0,0,0,0,0,0,0,1,0,1,0,1,2,0,0,0,0,0,0,272,0,0.001,0.005
2513,1.284,1.2,0,0.002,0.025,0,0,,0,,,,0,,,,,0,0,0,0,0,0,0,0,1,0,1,0,1,2,0,0,0,0,0,0,272,0,0.001,0.003
2514,1.054,0.962,0,0.002,0.03,0,0,,0,,,,0,,,,,0,0,0,0,0,0,0,0,1,0,1,0,1,2,0,0,0,0,0,0,272,0.001,0,0.003
2515,1.051,0.893,0,0.003,0.05,0,0,,0,,,,0,,,,,0,0,0,0,0,0,0,0,1,0,1,0,1,2,0,0,0,0,0,0,272,0.001,0.001,0.005
2516,1.559,1.477,0,0.002,0.033,0,0,,0,,,,0,,,,,0,0,0,0,0,0,0,0,1,0,1,0,1,2,0,0,0,0,0,0,272,0,0.001,0.003
2517,1.054,0.905,0,0.003,0.049,0,0,,0,,,,0,,,,,0,0,0,0,0,0,0,0,1,0,1,0,1,2,0,0,0,0,0,0,272,0,0.001,0.005
2518,0.897,0.828,0,0.001,0.023,0,0,,0,,,,0,,,,,0,0,0,0,0,0,0,0,1,0,1,0,1,2,0,0,0,0,0,0,272,0,0.001,0.002
2519,0.937,0.894,0,0.001,0.02,0,0,,0,,,,0,,,,,0,0,0,0,0,0,0,0,1,0,1,0,1,2,0,0,0,0,0,0,272,0,0,0.001
2520,1.01,0.949,0,0.001,0.03,0,0,,1,937.5,230170624,286482432,1,62503872,62503872,135081984,38823561584,0,0,0,0,0,0,0,0,1,0,1,0,1,2,0,0,0,0,0,0,272,0,0,0.002
2521,1.102,0.915,0.001,0.003,0.069,0,0,,0,,,,0,,,,,0,0,0,0,0,0,0,0,1,0,1,0,1,2,0,0,0,0,0,0,272,0,0.002,0.005
2522,0.858,0.778,0,0.001,0.035,0,0,,0,,,,0,,,,,0,0,0,0,0,0,0,0,1,0,1,0,1,2,0,0,0,0,0,0,272,0,0,0.003
2523,0.975,0.893,0,0.002,0.038,0,0,,0,,,,0,,,,,0,0,0,0,0,0,0,0,1,0,1,0,1,2,0,0,0,0,0,0,272,0,0,0.003
2524,1.089,0.871,0.001,0.004,0.08,0,0,,0,,,,0,,,,,0,0,0,0,0,0,0,0,1,0,1,0,1,2,0,0,0,0,0,0,272,0.001,0.002,0.006
2525,0.736,0.619,0,0.002,0.047,0,0,,0,,,,0,,,,,0,0,0,0,0,0,0,0,1,0,1,0,1,2,0,0,0,0,0,0,272,0,0,0.003
2526,0.869,0.783,0,0.001,0.042,0,0,,0,,,,0,,,,,0,0,0,0,0,0,0,0,1,0,1,0,1,2,0,0,0,0,0,0,272,0,0,0.002
2527,1.083,0.862,0.001,0.001,0.18,0,0,,0,,,,0,,,,,0,0,0,0,0,0,0,0,1,0,1,0,1,2,0,0,0,0,0,0,272,0,0.001,0.002
2528,0.847,0.564,0,0.003,0.067,0,0,,0,,,,0,,,,,0,0,0,0,0,0,0,0,1,0,1,0,1,2,0,0,0,0,0,0,272,0,0.001,0.005
2529,1.399,1.287,0.001,0.002,0.025,0,0,,0,,,,0,,,,,0,0,0,0,0,0,0,0,1,0,1,0,1,2,0,0,0,0,0,0,272,0.001,0.001,0.004
2530,0.974,0.785,0.001,0.003,0.066,0,0,,0,,,,0,,,,,0,0,0,0,0,0,0,0,1,0,1,0,1,2,0,0,0,0,0,0,272,0.001,0.001,0.005
2531,0.77,0.672,0,0.002,0.035,0,0,,0,,,,0,,,,,0,0,0,0,0,0,0,0,1,0,1,0,1,2,0,0,0,0,0,0,272,0,0,0.003
2532,0.908,0.766,0.001,0.001,0.095,0,0,,0,,,,0,,,,,0,0,0,0,0,0,0,0,1,0,1,0,1,2,0,0,0,0,0,0,272,0,0,0.003
2533,1.707,1.51,0.001,0.004,0.057,0,0,,0,,,,0,,,,,0,0,0,0,0,0,0,0,1,0,1,0,1,2,0,0,0,0,0,0,272,0,0.001,0.008
2534,0.824,0.704,0,0.002,0.052,0,0,,0,,,,0,,,,,0,0,0,0,0,0,0,0,1,0,1,0,1,2,0,0,0,0,0,0,272,0,0,0.004
2535,0.868,0.748,0.001,0.002,0.057,0,0,,0,,,,0,,,,,0,0,0,0,0,0,0,0,1,0,1,0,1,2,0,0,0,0,0,0,272,0,0,0.003
2536,0.82,0.73,0,0.002,0.045,0,0,,0,,,,0,,,,,0,0,0,0,0,0,0,0,1,0,1,0,1,2,0,0,0,0,0,0,272,0,0.001,0.002
2537,0.903,0.777,0,0.002,0.043,0,0,,0,,,,0,,,,,0,0,0,0,0,0,0,0,1,0,1,0,1,2,0,0,0,0,0,0,272,0,0.001,0.004
2538,0.908,0.806,0,0.002,0.038,0,0,,0,,,,0,,,,,0,0,0,0,0,0,0,0,1,0,1,0,1,2,0,0,0,0,0,0,272,0,0,0.004
2539,0.967,0.867,0,0.002,0.037,0,0,,0,,,,0,,,,,0,0,0,0,0,0,0,0,1,0,1,0,1,2,0,0,0,0,0,0,272,0.001,0,0.003
2540,0.855,0.776,0,0.001,0.034,0,0,,0,,,,0,,,,,0,0,0,0,0,0,0,0,1,0,1,0,1,2,0,0,0,0,0,0,272,0.001,0,0.002
2541,0.874,0.778,0,0.002,0.024,0,0,,0,,,,0,,,,,0,0,0,0,0,0,0,0,1,0,1,0,1,2,0,0,0,0,0,0,272,0,0.001,0.002
2542,0.81,0.766,0,0.001,0.02,0,0,,0,,,,0,,,,,0,0,0,0,0,0,0,0,1,0,1,0,1,2,0,0,0,0,0,0,272,0,0,0.001
2543,1.059,0.887,0.001,0.003,0.056,0,0,,0,,,,0,,,,,0,0,0,0,0,0,0,0,1,0,1,0,1,2,0,0,0,0,0,0,272,0,0.001,0.006
2544,0.841,0.753,0,0.002,0.03,0,0,,0,,,,0,,,,,0,0,0,0,0,0,0,0,1,0,1,0,1,2,0,0,0,0,0,0,272,0,0.001,0.003
2545,0.961,0.813,0,0.001,0.1,0,0,,0,,,,0,,,,,0,0,0,0,0,0,0,0,1,0,1,0,1,2,0,0,0,0,0,0,272,0,0.001,0.003
2546,1.633,1.453,0.001,0.003,0.073,0,0,,0,,,,0,,,,,0,0,0,0,0,0,0,0,1,0,1,0,1,2,0,0,0,0,0,0,272,0,0.001,0.006
2547,0.873,0.745,0,0.002,0.052,0,0,,0,,,,0,,,,,0,0,0,0,0,0,0,0,1,0,1,0,1,2,0,0,0,0,0,0,272,0,0,0.004
2548,0.904,0.797,0,0.002,0.057,0,0,,0,,,,0,,,,,0,0,0,0,0,0,0,0,1,0,1,0,1,2,0,0,0,0,0,0,272,0,0,0.003
2549,1.607,1.445,0.001,0.004,0.046,0,0,,0,,,,0,,,,,0,0,0,0,0,0,0,0,1,0,1,0,1,2,0,0,0,0,0,0,272,0.001,0.002,0.006
2550,0.856,0.774,0,0.001,0.04,0,0,,1,937.5,230170624,286482432,1,62503872,62503872,135081984,38823561584,0,0,0,0,0,0,0,0,1,0,1,0,1,2,0,0,0,0,0,0,272,0,0.001,0.004
2551,1,0.831,0,0.003,0.049,0,0,,0,,,,0,,,,,0,0,0,0,0,0,0,0,1,0,1,0,1,2,0,0,0,0,0,0,272,0,0.001,0.006
2552,0.852,0.744,0.001,0.002,0.041,0,0,,0,,,,0,,,,,0,0,0,0,0,0,0,0,1,0,1,0,1,2,0,0,0,0,0,0,272,0,0.001,0.003
2553,0.913,0.829,0,0.001,0.04,0,0,,0,,,,0,,,,,0,0,0,0,0,0,0,0,1,0,1,0,1,2,0,0,0,0,0,0,272,0,0.001,0.002
2554,0.958,0.853,0,0.002,0.046,0,0,,0,,,,0,,,,,0,0,0,0,0,0,0,0,1,0,1,0,1,2,0,0,0,0,0,0,272,0,0.001,0.003
2555,0.931,0.835,0.001,0.001,0.047,0,0,,0,,,,0,,,,,0,0,0,0,0,0,0,0,1,0,1,0,1,2,0,0,0,0,0,0,272,0,0,0.003
2556,0.956,0.843,0,0.002,0.044,0,0,,0,,,,0,,,,,0,0,0,0,0,0,0,0,1,0,1,0,1,2,0,0,0,0,0,0,272,0,0.001,0.004
2557,0.969,0.833,0,0.003,0.029,0,0,,0,,,,0,,,,,0,0,0,0,0,0,0,0,1,0,1,0,1,2,0,0,0,0,0,0,272,0,0.001,0.005
2558,0.963,0.792,0.001,0.003,0.06,0,0,,0,,,,0,,,,,0,0,0,0,0,0,0,0,1,0,1,0,1,2,0,0,0,0,0,0,272,0.001,0.002,0.005
2559,0.862,0.762,0,0.002,0.043,0,0,,0,,,,0,,,,,0,0,0,0,0,0,0,0,1,0,1,0,1,2,0,0,0,0,0,0,272,0,0.001,0.003
2560,0.864,0.837,0,0,0.012,0,0,,0,,,,0,,,,,0,0,0,0,0,0,0,0,1,0,1,0,1,2,0,0,0,0,0,0,272,0,0.001,0.001
2561,1.158,0.952,0.001,0.002,0.127,0,0,,0,,,,0,,,,,0,0,0,0,0,0,0,0,1,0,1,0,1,2,0,0,0,0,0,0,272,0,0.001,0.004
2562,0.815,0.481,0,0.003,0.242,0,0,,0,,,,0,,,,,0,0,0,0,0,0,0,0,1,0,1,0,1,2,0,0,0,0,0,0,272,0.001,0.001,0.005
2563,0.814,0.632,0,0.001,0.057,0,0,,0,,,,0,,,,,0,0,0,0,0,0,0,0,1,0,1,0,1,2,0,0,0,0,0,0,272,0,0.001,0.007
2564,0.535,0.447,0,0.002,0.026,0,0,,0,,,,0,,,,,0,0,0,0,0,0,0,0,1,0,1,0,1,2,0,0,0,0,0,0,272,0,0,0.004
2565,0.665,0.568,0,0.002,0.03,0,0,,0,,,,0,,,,,0,0,0,0,0,0,0,0,1,0,1,0,1,2,0,0,0,0,0,0,272,0,0.001,0.003
2566,0.594,0.505,0.001,0.002,0.024,0,0,,0,,,,0,,,,,0,0,0,0,0,0,0,0,1,0,1,0,1,2,0,0,0,0,0,0,272,0,0.001,0.003
2567,0.604,0.522,0,0.002,0.022,0,0,,0,,,,0,,,,,0,0,0,0,0,0,0,0,1,0,1,0,1,2,0,0,0,0,0,0,272,0.001,0,0.003
2568,1.112,0.999,0,0.002,0.033,0,0,,0,,,,0,,,,,0,0,0,0,0,0,0,0,1,0,1,0,1,2,0,0,0,0,0,0,272,0,0.001,0.004
2569,0.589,0.485,0,0.002,0.037,0,0,,0,,,,0,,,,,0,0,0,0,0,0,0,0,1,0,1,0,1,2,0,0,0,0,0,0,272,0,0.001,0.004
2570,0.612,0.528,0,0.002,0.037,0,0,,0,,,,0,,,,,0,0,0,0,0,0,0,0,1,0,1,0,1,2,0,0,0,0,0,0,272,0,0.001,0.002
2571,0.626,0.56,0.001,0.001,0.035,0,0,,0,,,,0,,,,,0,0,0,0,0,0,0,0,1,0,1,0,1,2,0,0,0,0,0,0,272,0,0.001,0.002
2572,0.75,0.567,0,0.002,0.084,0,0,,0,,,,0,,,,,0,0,0,0,0,0,0,0,1,0,1,0,1,2,0,0,0,0,0,0,272,0,0.001,0.004
2573,0.513,0.427,0,0.001,0.039,0,0,,0,,,,0,,,,,0,0,0,0,0,0,0,0,1,0,1,0,1,2,0,0,0,0,0,0,272,0,0,0.003
2574,0.659,0.589,0,0.001,0.035,0,0,,0,,,,0,,,,,0,0,0,0,0,0,0,0,1,0,1,0,1,2,0,0,0,0,0,0,272,0,0,0.001
2575,0.73,0.571,0.001,0.003,0.051,0,0,,0,,,,0,,,,,0,0,0,0,0,0,0,0,1,0,1,0,1,2,0,0,0,0,0,0,272,0.001,0.002,0.005
2576,0.525,0.428,0,0.002,0.041,0,0,,0,,,,0,,,,,0,0,0,0,0,0,0,0,1,0,1,0,1,2,0,0,0,0,0,0,272,0,0.001,0.003
2577,0.687,0.58,0,0.002,0.048,0,0,,0,,,,0,,,,,0,0,0,0,0,0,0,0,1,0,1,0,1,2,0,0,0,0,0,0,272,0,0,0.003
2578,0.601,0.519,0,0.001,0.041,0,0,,0,,,,0,,,,,0,0,0,0,0,0,0,0,1,0,1,0,1,2,0,0,0,0,0,0,272,0,0,0.002
2579,0.663,0.571,0.001,0.001,0.031,0,0,,0,,,,0,,,,,0,0,0,0,0,0,0,0,1,0,1,0,1,2,0,0,0,0,0,0,272,0,0.001,0.003
2580,0.569,0.501,0,0.001,0.033,0,0,,1,953.125,230170624,286482432,1,62503872,62503872,135081984,38823561584,0,0,0,0,0,0,0,0,1,0,1,0,1,2,0,0,0,0,0,0,272,0,0.001,0.002
2581,0.637,0.573,0,0.001,0.028,0,0,,0,,,,0,,,,,0,0,0,0,0,0,0,0,1,0,1,0,1,2,0,0,0,0,0,0,272,0,0,0.002
2582,0.634,0.576,0,0.001,0.028,0,0,,0,,,,0,,,,,0,0,0,0,0,0,0,0,1,0,1,0,1,2,0,0,0,0,0,0,272,0,0,0.002
2583,0.632,0.581,0,0.001,0.025,0,0,,0,,,,0,,,,,0,0,0,0,0,0,0,0,1,0,1,0,1,2,0,0,0,0,0,0,272,0,0,0.001
2584,0.705,0.639,0,0.001,0.023,0,0,,0,,,,0,,,,,0,0,0,0,0,0,0,0,1,0,1,0,1,2,0,0,0,0,0,0,272,0,0.001,0.002
2585,0.721,0.536,0,0.002,0.112,0,0,,0,,,,0,,,,,0,0,0,0,0,0,0,0,1,0,1,0,1,2,0,0,0,0,0,0,272,0,0.001,0.004
2586,1.052,0.944,0,0.002,0.046,0,0,,0,,,,0,,,,,0,0,0,0,0,0,0,0,1,0,1,0,1,2,0,0,0,0,0,0,272,0,0,0.004
2587,0.678,0.524,0.001,0.002,0.073,0,0,,0,,,,0,,,,,0,0,0,0,0,0,0,0,1,0,1,0,1,2,0,0,0,0,0,0,272,0,0,0.004
2588,0.565,0.466,0,0.002,0.045,0,0,,0,,,,0,,,,,0,0,0,0,0,0,0,0,1,0,1,0,1,2,0,0,0,0,0,0,272,0,0,0.003
2589,0.621,0.538,0.001,0.001,0.043,0,0,,0,,,,0,,,,,0,0,0,0,0,0,0,0,1,0,1,0,1,2,0,0,0,0,0,0,272,0,0.001,0.002
2590,0.636,0.556,0,0.001,0.043,0,0,,0,,,,0,,,,,0,0,0,0,0,0,0,0,1,0,1,0,1,2,0,0,0,0,0,0,272,0.001,0,0.002
2591,0.751,0.56,0,0.004,0.062,0,0,,0,,,,0,,,,,0,0,0,0,0,0,0,0,1,0,1,0,1,2,0,0,0,0,0,0,272,0,0.001,0.007
2592,1.142,1.048,0,0.002,0.027,0,0,,0,,,,0,,,,,0,0,0,0,0,0,0,0,1,0,1,0,1,2,0,0,0,0,0,0,272,0,0.001,0.004
2593,0.602,0.541,0,0.001,0.018,0,0,,0,,,,0,,,,,0,0,0,0,0,0,0,0,1,0,1,0,1,2,0,0,0,0,0,0,272,0,0,0.001
2594,0.66,0.588,0,0.001,0.036,0,0,,0,,,,0,,,,,0,0,0,0,0,0,0,0,1,0,1,0,1,2,0,0,0,0,0,0,272,0,0.001,0.002
2595,0.734,0.671,0,0.001,0.032,0,0,,0,,,,0,,,,,0,0,0,0,0,0,0,0,1,0,1,0,1,2,0,0,0,0,0,0,272,0,0.001,0.001
2596,0.939,0.882,0,0,0.028,0,0,,0,,,,0,,,,,0,0,0,0,0,0,0,0,1,0,1,0,1,2,0,0,0,0,0,0,272,0,0,0.002
2597,1.038,0.876,0,0.003,0.055,0,0,,0,,,,0,,,,,0,0,0,0,0,0,0,0,1,0,1,0,1,2,0,0,0,0,0,0,272,0,0.001,0.005
2598,0.856,0.754,0.001,0.002,0.042,0,0,,0,,,,0,,,,,0,0,0,0,0,0,0,0,1,0,1,0,1,2,0,0,0,0,0,0,272,0,0.001,0.003
2599,0.898,0.803,0,0.001,0.048,0,0,,0,,,,0,,,,,0,0,0,0,0,0,0,0,1,0,1,0,1,2,0,0,0,0,0,0,272,0,0.001,0.003
2600,0.895,0.811,0,0.002,0.026,0,0,,0,,,,0,,,,,0,0,0,0,0,0,0,0,1,0,1,0,1,2,0,0,0,0,0,0,272,0,0.002,0.003
2601,0.965,0.925,0,0.001,0.015,0,0,,0,,,,0,,,,,0,0,0,0,0,0,0,0,1,0,1,0,1,2,0,0,0,0,0,0,272,0,0,0.002
2602,0.451,0.353,0,0.002,0.031,0,0,,0,,,,0,,,,,0,0,0,0,0,0,0,0,1,0,1,0,1,2,0,0,0,0,0,0,272,0.001,0.001,0.003
2603,0.855,0.798,0,0.001,0.023,0,0,,0,,,,0,,,,,0,0,0,0,0,0,0,0,1,0,1,0,1,2,0,0,0,0,0,0,272,0,0,0.002
2604,1.016,0.853,0,0.001,0.05,0,0,,0,,,,0,,,,,0,0,0,0,0,0,0,0,1,0,1,0,1,2,0,0,0,0,0,0,272,0,0.001,0.005
2605,0.86,0.7,0,0.003,0.051,0,0,,0,,,,0,,,,,0,0,0,0,0,0,0,0,1,0,1,0,1,2,0,0,0,0,0,0,272,0.001,0.001,0.005
2606,1.215,1.137,0,0.001,0.023,0,0,,0,,,,0,,,,,0,0,0,0,0,0,0,0,1,0,1,0,1,2,0,0,0,0,0,0,272,0,0.001,0.003
2607,0.886,0.8,0.001,0.001,0.028,0,0,,0,,,,0,,,,,0,0,0,0,0,0,0,0,1,0,1,0,1,2,0,0,0,0,0,0,272,0,0.001,0.003
2608,0.929,0.822,0,0.002,0.044,0,0,,0,,,,0,,,,,0,0,0,0,0,0,0,0,1,0,1,0,1,2,0,0,0,0,0,0,272,0,0.001,0.003
2609,0.84,0.751,0,0.001,0.043,0,0,,0,,,,0,,,,,0,0,0,0,0,0,0,0,1,0,1,0,1,2,0,0,0,0,0,0,272,0,0,0.002
2610,1.394,1.228,0.001,0.003,0.05,0,0,,1,953.125,230170624,286482432,1,62503872,62503872,135081984,38823561584,0,0,0,0,0,0,0,0,1,0,1,0,1,2,0,0,0,0,0,0,272,0,0.002,0.006
2611,0.813,0.718,0,0.001,0.037,0,0,,0,,,,0,,,,,0,0,0,0,0,0,0,0,1,0,1,0,1,2,0,0,0,0,0,0,272,0,0,0.003
2612,0.917,0.771,0,0.004,0.047,0,0,,0,,,,0,,,,,0,0,0,0,0,0,0,0,1,0,1,0,1,2,0,0,0,0,0,0,272,0,0.001,0.005
2613,0.801,0.707,0,0.001,0.04,0,0,,0,,,,0,,,,,0,0,0,0,0,0,0,0,1,0,1,0,1,2,0,0,0,0,0,0,272,0,0,0.003
2614,0.841,0.767,0,0.001,0.031,0,0,,0,,,,0,,,,,0,0,0,0,0,0,0,0,1,0,1,0,1,2,0,0,0,0,0,0,272,0.001,0,0.002
2615,0.904,0.835,0,0.001,0.018,0,0,,0,,,,0,,,,,0,0,0,0,0,0,0,0,1,0,1,0,1,2,0,0,0,0,0,0,272,0,0.001,0.002
2616,0.889,0.736,0.001,0.002,0.049,0,0,,0,,,,0,,,,,0,0,0,0,0,0,0,0,1,0,1,0,1,2,0,0,0,0,0,0,272,0.001,0,0.004
2617,0.801,0.707,0,0.002,0.033,0,0,,0,,,,0,,,,,0,0,0,0,0,0,0,0,1,0,1,0,1,2,0,0,0,0,0,0,272,0,0.001,0.003
2618,0.873,0.757,0,0.003,0.025,0,0,,0,,,,0,,,,,0,0,0,0,0,0,0,0,1,0,1,0,1,2,0,0,0,0,0,0,272,0,0.002,0.005
2619,0.851,0.746,0,0.002,0.035,0,0,,0,,,,0,,,,,0,0,0,0,0,0,0,0,1,0,1,0,1,2,0,0,0,0,0,0,272,0,0.001,0.004
2620,0.819,0.734,0,0.002,0.024,0,0,,0,,,,0,,,,,0,0,0,0,0,0,0,0,1,0,1,0,1,2,0,0,0,0,0,0,272,0,0.001,0.003
2621,0.823,0.769,0,0.001,0.024,0,0,,0,,,,0,,,,,0,0,0,0,0,0,0,0,1,0,1,0,1,2,0,0,0,0,0,0,272,0,0,0.002
2622,1.002,0.887,0.001,0.002,0.041,0,0,,0,,,,0,,,,,0,0,0,0,0,0,0,0,1,0,1,0,1,2,0,0,0,0,0,0,272,0.001,0,0.003
2623,0.949,0.828,0,0.003,0.032,0,0,,0,,,,0,,,,,0,0,0,0,0,0,0,0,1,0,1,0,1,2,0,0,0,0,0,0,272,0,0.001,0.003
2624,1.374,1.279,0,0.002,0.032,0,0,,0,,,,0,,,,,0,0,0,0,0,0,0,0,1,0,1,0,1,2,0,0,0,0,0,0,272,0,0.001,0.003
2625,0.809,0.76,0.001,0.001,0.021,0,0,,0,,,,0,,,,,0,0,0,0,0,0,0,0,1,0,1,0,1,2,0,0,0,0,0,0,272,0,0,0.001
2626,0.887,0.812,0,0.001,0.033,0,0,,0,,,,0,,,,,0,0,0,0,0,0,0,0,1,0,1,0,1,2,0,0,0,0,0,0,272,0,0,0.002
2627,1.703,1.59,0,0.003,0.031,0,0,,0,,,,0,,,,,0,0,0,0,0,0,0,0,1,0,1,0,1,2,0,0,0,0,0,0,272,0,0.001,0.005
2628,1.016,0.856,0,0.002,0.05,0,0,,0,,,,0,,,,,0,0,0,0,0,0,0,0,1,0,1,0,1,2,0,0,0,0,0,0,272,0,0.001,0.005
2629,0.795,0.745,0,0.001,0.026,0,0,,0,,,,0,,,,,0,0,0,0,0,0,0,0,1,0,1,0,1,2,0,0,0,0,0,0,272,0,0,0.001
2630,1.05,0.889,0,0.003,0.053,0,0,,0,,,,0,,,,,0,0,0,0,0,0,0,0,1,0,1,0,1,2,0,0,0,0,0,0,272,0,0.001,0.005
2631,0.854,0.751,0,0.002,0.041,0,0,,0,,,,0,,,,,0,0,0,0,0,0,0,0,1,0,1,0,1,2,0,0,0,0,0,0,272,0.001,0,0.003
2632,0.909,0.813,0,0.001,0.051,0,0,,0,,,,0,,,,,0,0,0,0,0,0,0,0,1,0,1,0,1,2,0,0,0,0,0,0,272,0,0,0.002
2633,0.906,0.818,0,0.001,0.04,0,0,,0,,,,0,,,,,0,0,0,0,0,0,0,0,1,0,1,0,1,2,0,0,0,0,0,0,272,0,0,0.004
2634,1.217,1.012,0.001,0.003,0.042,0,0,,0,,,,0,,,,,0,0,0,0,0,0,0,0,1,0,1,0,1,2,0,0,0,0,0,0,272,0,0,0.006
2635,0.6,0.489,0,0.004,0.032,0,0,,0,,,,0,,,,,0,0,0,0,0,0,0,0,1,0,1,0,1,2,0,0,0,0,0,0,272,0.001,0.001,0.005
2636,0.861,0.804,0.001,0.001,0.017,0,0,,0,,,,0,,,,,0,0,0,0,0,0,0,0,1,0,1,0,1,2,0,0,0,0,0,0,272,0,0.001,0.002
2637,0.906,0.869,0,0.001,0.014,0,0,,0,,,,0,,,,,0,0,0,0,0,0,0,0,1,0,1,0,1,2,0,0,0,0,0,0,272,0,0,0.001
2638,1.522,0.903,0.001,0.002,0.074,0,0,,0,,,,0,,,,,0,0,0,0,0,0,0,0,1,0,1,0,1,2,0,0,0,0,0,0,272,0,0.001,0.008
2639,0.386,0.246,0,0.031,0.05,0,0,,0,,,,0,,,,,0,0,0,0,0,0,0,0,1,0,1,0,1,2,0,0,0,0,0,0,272,0.001,0.001,0.002
2640,0.99,0.801,0.001,0.003,0.077,0,0,,1,984.375,230170624,286482432,1,62503872,62503872,135081984,38823561584,0,0,0,0,0,0,0,0,1,0,1,0,1,2,0,0,0,0,0,0,272,0,0.001,0.006
2641,1.351,1.253,0.001,0.002,0.033,0,0,,0,,,,0,,,,,0,0,0,0,0,0,0,0,1,0,1,0,1,2,0,0,0,0,0,0,272,0,0.001,0.003
2642,0.912,0.866,0,0.001,0.02,0,0,,0,,,,0,,,,,0,0,0,0,0,0,0,0,1,0,1,0,1,2,0,0,0,0,0,0,272,0,0.001,0.001
2643,1.105,0.964,0,0.003,0.045,0,0,,0,,,,0,,,,,0,0,0,0,0,0,0,0,1,0,1,0,1,2,0,0,0,0,0,0,272,0,0,0.005
2644,2.068,1.565,0,0.005,0.045,0,0,,0,,,,0,,,,,0,0,0,0,0,0,0,0,1,0,1,0,1,2,0,0,0,0,0,0,272,0,0.002,0.25
2645,0.581,0.358,0,0.003,0.039,0,0,,0,,,,0,,,,,0,0,0,0,0,0,0,0,1,0,1,0,1,2,0,0,0,0,0,0,272,0,0,0.006
2646,0.75,0.655,0,0.003,0.03,0,0,,0,,,,0,,,,,0,0,0,0,0,0,0,0,1,0,1,0,1,2,0,0,0,0,0,0,272,0,0.001,0.003
2647,1.356,0.854,0,0.002,0.399,0,0,,0,,,,0,,,,,0,0,0,0,0,0,0,0,1,0,1,0,1,2,0,0,0,0,0,0,272,0,0.001,0.005
2648,0.374,0.2,0,0.003,0.073,0,0,,0,,,,0,,,,,0,0,0,0,0,0,0,0,1,0,1,0,1,2,0,0,0,0,0,0,272,0,0.001,0.005
2649,0.957,0.793,0,0.004,0.052,0,0,,0,,,,0,,,,,0,0,0,0,0,0,0,0,1,0,1,0,1,2,0,0,0,0,0,0,272,0,0.001,0.006
2650,0.887,0.768,0,0.002,0.056,0,0,,0,,,,0,,,,,0,0,0,0,0,0,0,0,1,0,1,0,1,2,0,0,0,0,0,0,272,0,0.001,0.003
2651,1.077,0.845,0,0.004,0.068,0,0,,0,,,,0,,,,,0,0,0,0,0,0,0,0,1,0,1,0,1,2,0,0,0,0,0,0,272,0,0.001,0.007
2652,0.788,0.65,0,0.002,0.045,0,0,,0,,,,0,,,,,0,0,0,0,0,0,0,0,1,0,1,0,1,2,0,0,0,0,0,0,272,0.001,0.001,0.005
2653,1.738,1.606,0,0.004,0.038,0,0,,0,,,,0,,,,,0,0,0,0,0,0,0,0,1,0,1,0,1,2,0,0,0,0,0,0,272,0.001,0.001,0.006
2654,10.24,9.968,0.001,0.006,0.082,0,0,,0,,,,0,,,,,0,0,0,0,0,0,0,0,1,0,1,0,1,2,0,0,0,0,0,0,272,0.001,0.002,0.011
2655,4.234,4.023,0,0.004,0.063,0,0,,0,,,,0,,,,,0,0,0,0,0,0,0,0,1,0,1,0,1,2,0,0,0,0,0,0,272,0.001,0.002,0.01
2656,3.495,3.289,0.001,0.002,0.061,0,0,,0,,,,0,,,,,0,0,0,0,0,0,0,0,1,0,1,0,1,2,0,0,0,0,0,0,272,0,0.002,0.009
2657,0.375,0.225,0,0.003,0.07,0,0,,0,,,,0,,,,,0,0,0,0,0,0,0,0,1,0,1,0,1,2,0,0,0,0,0,0,272,0,0.001,0.004
2658,0.457,0.336,0,0.003,0.043,0,0,,0,,,,0,,,,,0,0,0,0,0,0,0,0,1,0,1,0,1,2,0,0,0,0,0,0,272,0.001,0.001,0.003
2659,0.861,0.702,0,0.001,0.087,0,0,,0,,,,0,,,,,0,0,0,0,0,0,0,0,1,0,1,0,1,2,0,0,0,0,0,0,272,0,0.001,0.003
2660,0.449,0.24,0,0.001,0.169,0,0,,0,,,,0,,,,,0,0,0,0,0,0,0,0,1,0,1,0,1,2,0,0,0,0,0,0,272,0,0.001,0.002
2661,0.349,0.19,0,0,0.132,0,0,,0,,,,0,,,,,0,0,0,0,0,0,0,0,1,0,1,0,1,2,0,0,0,0,0,0,272,0,0,0.001
2662,0.414,0.321,0,0.001,0.054,0,0,,0,,,,0,,,,,0,0,0,0,0,0,0,0,1,0,1,0,1,2,0,0,0,0,0,0,272,0,0.001,0.003
2663,0.416,0.341,0.001,0.001,0.041,0,0,,0,,,,0,,,,,0,0,0,0,0,0,0,0,1,0,1,0,1,2,0,0,0,0,0,0,272,0,0,0.002
2664,0.42,0.351,0,0.001,0.036,0,0,,0,,,,0,,,,,0,0,0,0,0,0,0,0,1,0,1,0,1,2,0,0,0,0,0,0,272,0,0,0.003
2665,0.448,0.378,0,0.001,0.036,0,0,,0,,,,0,,,,,0,0,0,0,0,0,0,0,1,0,1,0,1,2,0,0,0,0,0,0,272,0,0,0.002
2666,0.727,0.623,0,0.002,0.035,0,0,,0,,,,0,,,,,0,0,0,0,0,0,0,0,1,0,1,0,1,2,0,0,0,0,0,0,272,0,0.001,0.004
2667,0.435,0.332,0,0.001,0.047,0,0,,0,,,,0,,,,,0,0,0,0,0,0,0,0,1,0,1,0,1,2,0,0,0,0,0,0,272,0,0,0.004
2668,0.424,0.33,0,0.001,0.042,0,0,,0,,,,0,,,,,0,0,0,0,0,0,0,0,1,0,1,0,1,2,0,0,0,0,0,0,272,0,0.001,0.003
2669,0.588,0.349,0,0.004,0.055,0,0,,0,,,,0,,,,,0,0,0,0,0,0,0,0,1,0,1,0,1,2,0,0,0,0,0,0,272,0,0.001,0.006
2670,0.394,0.19,0,0.001,0.174,0,0,,1,984.375,230170624,286482432,1,62503872,62503872,135081984,38823561584,0,0,0,0,0,0,0,0,1,0,1,0,1,2,0,0,0,0,0,0,272,0,0.001,0.001
2671,0.406,0.269,0,0.001,0.086,0,0,,0,,,,0,,,,,0,0,0,0,0,0,0,0,1,0,1,0,1,2,0,0,0,0,0,0,272,0.001,0,0.003
2672,0.333,0.298,0,0.001,0.018,0,0,,0,,,,0,,,,,0,0,0,0,0,0,0,0,1,0,1,0,1,2,0,0,0,0,0,0,272,0.001,0,0.001
2673,0.468,0.421,0,0.001,0.021,0,0,,0,,,,0,,,,,0,0,0,0,0,0,0,0,1,0,1,0,1,2,0,0,0,0,0,0,272,0,0,0.001
2674,0.632,0.485,0,0.003,0.048,0,0,,0,,,,0,,,,,0,0,0,0,0,0,0,0,1,0,1,0,1,2,0,0,0,0,0,0,272,0,0.001,0.004
2675,0.406,0.291,0,0.004,0.03,0,0,,0,,,,0,,,,,0,0,0,0,0,0,0,0,1,0,1,0,1,2,0,0,0,0,0,0,272,0,0.001,0.004
2676,0.459,0.296,0,0.003,0.061,0,0,,0,,,,0,,,,,0,0,0,0,0,0,0,0,1,0,1,0,1,2,0,0,0,0,0,0,272,0,0.001,0.005
2677,0.343,0.293,0,0.001,0.026,0,0,,0,,,,0,,,,,0,0,0,0,0,0,0,0,1,0,1,0,1,2,0,0,0,0,0,0,272,0,0,0.001
2678,0.483,0.383,0,0.003,0.032,0,0,,0,,,,0,,,,,0,0,0,0,0,0,0,0,1,0,1,0,1,2,0,0,0,0,0,0,272,0.001,0.001,0.003
2679,0.497,0.409,0,0.003,0.025,0,0,,0,,,,0,,,,,0,0,0,0,0,0,0,0,1,0,1,0,1,2,0,0,0,0,0,0,272,0.001,0.001,0.003
2680,0.602,0.389,0,0.004,0.076,0,0,,0,,,,0,,,,,0,0,0,0,0,0,0,0,1,0,1,0,1,2,0,0,0,0,0,0,272,0,0.002,0.006
2681,0.549,0.328,0,0.003,0.087,0,0,,0,,,,0,,,,,0,0,0,0,0,0,0,0,1,0,1,0,1,2,0,0,0,0,0,0,272,0.001,0.001,0.006
2682,0.504,0.27,0.001,0.004,0.044,0,0,,0,,,,0,,,,,0,0,0,0,0,0,0,0,1,0,1,0,1,2,0,0,0,0,0,0,272,0,0.001,0.007
2683,0.334,0.268,0,0.002,0.027,0,0,,0,,,,0,,,,,0,0,0,0,0,0,0,0,1,0,1,0,1,2,0,0,0,0,0,0,272,0,0,0.002
2684,0.539,0.436,0,0.003,0.024,0,0,,0,,,,0,,,,,0,0,0,0,0,0,0,0,1,0,1,0,1,2,0,0,0,0,0,0,272,0,0.001,0.004
2685,0.448,0.329,0.001,0.003,0.034,0,0,,0,,,,0,,,,,0,0,0,0,0,0,0,0,1,0,1,0,1,2,0,0,0,0,0,0,272,0.001,0.001,0.004
2686,0.54,0.37,0,0.003,0.052,0,0,,0,,,,0,,,,,0,0,0,0,0,0,0,0,1,0,1,0,1,2,0,0,0,0,0,0,272,0,0.001,0.005
2687,0.326,0.226,0,0.002,0.028,0,0,,0,,,,0,,,,,0,0,0,0,0,0,0,0,1,0,1,0,1,2,0,0,0,0,0,0,272,0.001,0.001,0.003
2688,0.45,0.355,0,0.002,0.047,0,0,,0,,,,0,,,,,0,0,0,0,0,0,0,0,1,0,1,0,1,2,0,0,0,0,0,0,272,0,0,0.002
2689,0.404,0.323,0.001,0.002,0.032,0,0,,0,,,,0,,,,,0,0,0,0,0,0,0,0,1,0,1,0,1,2,0,0,0,0,0,0,272,0,0,0.003
2690,0.658,0.403,0.001,0.003,0.13,0,0,,0,,,,0,,,,,0,0,0,0,0,0,0,0,1,0,1,0,1,2,0,0,0,0,0,0,272,0,0.002,0.006
2691,0.607,0.154,0.001,0.002,0.381,0,0,,0,,,,0,,,,,0,0,0,0,0,0,0,0,1,0,1,0,1,2,0,0,0,0,0,0,272,0,0.001,0.004
2692,0.135,0.001,0,0.003,0.032,0,0,,0,,,,0,,,,,0,0,0,0,0,0,0,0,1,0,1,0,1,2,0,0,0,0,0,0,272,0,0.001,0.005
2693,0.819,0.635,0,0.003,0.078,0,0,,0,,,,0,,,,,0,0,0,0,0,0,0,0,1,0,1,0,1,2,0,0,0,0,0,0,272,0,0,0.005
2694,0.285,0.044,0.001,0.001,0.158,0,0,,0,,,,0,,,,,0,0,0,0,0,0,0,0,1,0,1,0,1,2,0,0,0,0,0,0,272,0,0.001,0.002
2695,0.466,0.355,0,0.002,0.042,0,0,,0,,,,0,,,,,0,0,0,0,0,0,0,0,1,0,1,0,1,2,0,0,0,0,0,0,272,0,0.001,0.004
2696,0.388,0.317,0,0.001,0.029,0,0,,0,,,,0,,,,,0,0,0,0,0,0,0,0,1,0,1,0,1,2,0,0,0,0,0,0,272,0,0,0.002
2697,0.582,0.408,0,0.002,0.083,0,0,,0,,,,0,,,,,0,0,0,0,0,0,0,0,1,0,1,0,1,2,0,0,0,0,0,0,272,0.001,0.001,0.004
2698,0.494,0.336,0,0.002,0.056,0,0,,0,,,,0,,,,,0,0,0,0,0,0,0,0,1,0,1,0,1,2,0,0,0,0,0,0,272,0,0,0.004
2699,0.355,0.185,0,0.004,0.05,0,0,,0,,,,0,,,,,0,0,0,0,0,0,0,0,1,0,1,0,1,2,0,0,0,0,0,0,272,0,0.001,0.006
2700,0.434,0.238,0.001,0.002,0.094,0,0,,1,1000,230170624,286482432,1,62503872,62503872,135081984,38823561584,0,0,0,0,0,0,0,0,1,0,1,0,1,2,0,0,0,0,0,0,272,0,0,0.005
2701,0.837,0.583,0,0.003,0.133,0,0,,0,,,,0,,,,,0,0,0,0,0,0,0,0,1,0,1,0,1,2,0,0,0,0,0,0,272,0,0.001,0.005
2702,0.542,0.427,0,0.003,0.04,0,0,,0,,,,0,,,,,0,0,0,0,0,0,0,0,1,0,1,0,1,2,0,0,0,0,0,0,272,0,0,0.004
2703,2.757,2.608,0,0.003,0.058,0,0,,0,,,,0,,,,,0,0,0,0,0,0,0,0,1,0,1,0,1,2,0,0,0,0,0,0,272,0.001,0.001,0.005
2704,4.339,4.133,0.001,0.004,0.066,0,0,,0,,,,0,,,,,0,0,0,0,0,0,0,0,1,0,1,0,1,2,0,0,0,0,0,0,272,0,0.001,0.022
2705,3.946,3.795,0,0.003,0.056,0,0,,0,,,,0,,,,,0,0,0,0,0,0,0,0,1,0,1,0,1,2,0,0,0,0,0,0,272,0,0.002,0.006
2706,4.506,4.336,0,0.004,0.055,0,0,,0,,,,0,,,,,0,0,0,0,0,0,0,0,1,0,1,0,1,2,0,0,0,0,0,0,272,0,0.002,0.006
2707,0.478,0.391,0,0.002,0.038,0,0,,0,,,,0,,,,,0,0,0,0,0,0,0,0,1,0,1,0,1,2,0,0,0,0,0,0,272,0,0,0.003
2708,0.783,0.546,0.001,0.005,0.051,0,0,,0,,,,0,,,,,0,0,0,0,0,0,0,0,1,0,1,0,1,2,0,0,0,0,0,0,272,0,0.002,0.01
2709,0.534,0.377,0,0.003,0.056,0,0,,0,,,,0,,,,,0,0,0,0,0,0,0,0,1,0,1,0,1,2,0,0,0,0,0,0,272,0.001,0.001,0.005
2710,0.529,0.442,0,0.002,0.04,0,0,,0,,,,0,,,,,0,0,0,0,0,0,0,0,1,0,1,0,1,2,0,0,0,0,0,0,272,0,0.001,0.002
2711,0.635,0.552,0.001,0.001,0.025,0,0,,0,,,,0,,,,,0,0,0,0,0,0,0,0,1,0,1,0,1,2,0,0,0,0,0,0,272,0,0,0.002
2712,0.567,0.511,0,0.001,0.02,0,0,,0,,,,0,,,,,0,0,0,0,0,0,0,0,1,0,1,0,1,2,0,0,0,0,0,0,272,0.001,0,0.002
2713,0.621,0.582,0,0.001,0.021,0,0,,0,,,,0,,,,,0,0,0,0,0,0,0,0,1,0,1,0,1,2,0,0,0,0,0,0,272,0,0,0.001
2714,0.754,0.618,0,0.003,0.041,0,0,,0,,,,0,,,,,0,0,0,0,0,0,0,0,1,0,1,0,1,2,0,0,0,0,0,0,272,0,0.001,0.004
2715,0.573,0.491,0,0.002,0.03,0,0,,0,,,,0,,,,,0,0,0,0,0,0,0,0,1,0,1,0,1,2,0,0,0,0,0,0,272,0,0,0.003
2716,0.615,0.55,0.001,0.001,0.031,0,0,,0,,,,0,,,,,0,0,0,0,0,0,0,0,1,0,1,0,1,2,0,0,0,0,0,0,272,0,0,0.002
2717,0.648,0.594,0,0.001,0.02,0,0,,0,,,,0,,,,,0,0,0,0,0,0,0,0,1,0,1,0,1,2,0,0,0,0,0,0,272,0,0,0.001
2718,0.613,0.558,0,0.001,0.019,0,0,,0,,,,0,,,,,0,0,0,0,0,0,0,0,1,0,1,0,1,2,0,0,0,0,0,0,272,0,0,0.002
2719,0.67,0.583,0,0.001,0.022,0,0,,0,,,,0,,,,,0,0,0,0,0,0,0,0,1,0,1,0,1,2,0,0,0,0,0,0,272,0,0.001,0.003
2720,0.633,0.544,0,0.002,0.031,0,0,,0,,,,0,,,,,0,0,0,0,0,0,0,0,1,0,1,0,1,2,0,0,0,0,0,0,272,0,0.001,0.003
2721,0.687,0.59,0,0.002,0.031,0,0,,0,,,,0,,,,,0,0,0,0,0,0,0,0,1,0,1,0,1,2,0,0,0,0,0,0,272,0,0,0.003
2722,0.559,0.502,0,0.001,0.024,0,0,,0,,,,0,,,,,0,0,0,0,0,0,0,0,1,0,1,0,1,2,0,0,0,0,0,0,272,0,0,0.002
2723,0.705,0.603,0,0.001,0.054,0,0,,0,,,,0,,,,,0,0,0,0,0,0,0,0,1,0,1,0,1,2,0,0,0,0,0,0,272,0,0,0.003
2724,0.663,0.534,0.001,0.002,0.029,0,0,,0,,,,0,,,,,0,0,0,0,0,0,0,0,1,0,1,0,1,2,0,0,0,0,0,0,272,0,0,0.003
2725,0.509,0.432,0,0.002,0.031,0,0,,0,,,,0,,,,,0,0,0,0,0,0,0,0,1,0,1,0,1,2,0,0,0,0,0,0,272,0,0,0.003
2726,1.175,1.039,0.001,0.002,0.042,0,0,,0,,,,0,,,,,0,0,0,0,0,0,0,0,1,0,1,0,1,2,0,0,0,0,0,0,272,0,0.001,0.004
2727,0.662,0.507,0,0.003,0.053,0,0,,0,,,,0,,,,,0,0,0,0,0,0,0,0,1,0,1,0,1,2,0,0,0,0,0,0,272,0,0.001,0.004
2728,0.53,0.447,0,0.002,0.034,0,0,,0,,,,0,,,,,0,0,0,0,0,0,0,0,1,0,1,0,1,2,0,0,0,0,0,0,272,0,0.001,0.002
2729,0.634,0.567,0,0.002,0.032,0,0,,0,,,,0,,,,,0,0,0,0,0,0,0,0,1,0,1,0,1,2,0,0,0,0,0,0,272,0,0,0.002
2730,0.773,0.645,0,0.002,0.048,0,0,,1,1015.625,230240256,286482432,1,62503872,62503872,135081984,38823561584,0,0,0,0,0,0,0,0,1,0,1,0,1,2,0,0,0,0,0,0,272,0,0.001,0.004
2731,0.979,0.859,0,0.002,0.044,0,0,,0,,,,0,,,,,0,0,0,0,0,0,0,0,1,0,1,0,1,2,0,0,0,0,0,0,272,0,0.001,0.004
2732,0.75,0.528,0,0.002,0.109,0,0,,0,,,,0,,,,,0,0,0,0,0,0,0,0,1,0,1,0,1,2,0,0,0,0,0,0,272,0,0.001,0.005
2733,0.439,0.339,0,0.002,0.042,0,0,,0,,,,0,,,,,0,0,0,0,0,0,0,0,1,0,1,0,1,2,0,0,0,0,0,0,272,0.001,0,0.003
2734,0.823,0.593,0.001,0.002,0.109,0,0,,0,,,,0,,,,,0,0,0,0,0,0,0,0,1,0,1,0,1,2,0,0,0,0,0,0,272,0,0.001,0.004
2735,0.456,0.348,0.001,0.001,0.041,0,0,,0,,,,0,,,,,0,0,0,0,0,0,0,0,1,0,1,0,1,2,0,0,0,0,0,0,272,0,0.001,0.003
2736,0.653,0.561,0,0.001,0.042,0,0,,0,,,,0,,,,,0,0,0,0,0,0,0,0,1,0,1,0,1,2,0,0,0,0,0,0,272,0,0,0.002
2737,0.616,0.54,0,0,0.034,0,0,,0,,,,0,,,,,0,0,0,0,0,0,0,0,1,0,1,0,1,2,0,0,0,0,0,0,272,0,0,0.002
2738,0.627,0.562,0.001,0,0.034,0,0,,0,,,,0,,,,,0,0,0,0,0,0,0,0,1,0,1,0,1,2,0,0,0,0,0,0,272,0,0.001,0.001
2739,0.648,0.571,0,0.001,0.038,0,0,,0,,,,0,,,,,0,0,0,0,0,0,0,0,1,0,1,0,1,2,0,0,0,0,0,0,272,0,0,0.002
2740,0.625,0.556,0,0.001,0.033,0,0,,0,,,,0,,,,,0,0,0,0,0,0,0,0,1,0,1,0,1,2,0,0,0,0,0,0,272,0,0,0.002
2741,0.636,0.567,0,0.001,0.034,0,0,,0,,,,0,,,,,0,0,0,0,0,0,0,0,1,0,1,0,1,2,0,0,0,0,0,0,272,0,0,0.002
2742,0.758,0.658,0.001,0.002,0.04,0,0,,0,,,,0,,,,,0,0,0,0,0,0,0,0,1,0,1,0,1,2,0,0,0,0,0,0,272,0,0,0.004
2743,0.945,0.862,0,0.001,0.031,0,0,,0,,,,0,,,,,0,0,0,0,0,0,0,0,1,0,1,0,1,2,0,0,0,0,0,0,272,0,0.001,0.003
2744,0.991,0.905,0,0.001,0.03,0,0,,0,,,,0,,,,,0,0,0,0,0,0,0,0,1,0,1,0,1,2,0,0,0,0,0,0,272,0,0.001,0.003
2745,0.967,0.871,0,0.002,0.03,0,0,,0,,,,0,,,,,0,0,0,0,0,0,0,0,1,0,1,0,1,2,0,0,0,0,0,0,272,0,0.001,0.003
2746,1.021,0.878,0,0.003,0.044,0,0,,0,,,,0,,,,,0,0,0,0,0,0,0,0,1,0,1,0,1,2,0,0,0,0,0,0,272,0,0.001,0.005
2747,0.931,0.787,0,0.002,0.032,0,0,,0,,,,0,,,,,0,0,0,0,0,0,0,0,1,0,1,0,1,2,0,0,0,0,0,0,272,0,0.001,0.003
2748,1.535,1.356,0,0.003,0.051,0,0,,0,,,,0,,,,,0,0,0,0,0,0,0,0,1,0,1,0,1,2,0,0,0,0,0,0,272,0,0.001,0.006
2749,0.975,0.791,0.001,0.002,0.113,0,0,,0,,,,0,,,,,0,0,0,0,0,0,0,0,1,0,1,0,1,2,0,0,0,0,0,0,272,0,0.001,0.004
2750,1.01,0.758,0,0.003,0.158,0,0,,0,,,,0,,,,,0,0,0,0,0,0,0,0,1,0,1,0,1,2,0,0,0,0,0,0,272,0.001,0.001,0.005
2751,0.801,0.717,0.001,0.002,0.022,0,0,,0,,,,0,,,,,0,0,0,0,0,0,0,0,1,0,1,0,1,2,0,0,0,0,0,0,272,0,0.001,0.003
2752,0.535,0.496,0,0.001,0.016,0,0,,0,,,,0,,,,,0,0,0,0,0,0,0,0,1,0,1,0,1,2,0,0,0,0,0,0,272,0,0,0.001
2753,0.582,0.536,0,0.001,0.016,0,0,,0,,,,0,,,,,0,0,0,0,0,0,0,0,1,0,1,0,1,2,0,0,0,0,0,0,272,0.001,0,0.001
2754,0.519,0.489,0,0.001,0.014,0,0,,0,,,,0,,,,,0,0,0,0,0,0,0,0,1,0,1,0,1,2,0,0,0,0,0,0,272,0,0,0.001
2755,0.658,0.501,0.001,0.003,0.056,0,0,,0,,,,0,,,,,0,0,0,0,0,0,0,0,1,0,1,0,1,2,0,0,0,0,0,0,272,0,0,0.005
2756,0.786,0.651,0,0.001,0.046,0,0,,0,,,,0,,,,,0,0,0,0,0,0,0,0,1,0,1,0,1,2,0,0,0,0,0,0,272,0,0,0.003
2757,0.91,0.828,0,0.002,0.038,0,0,,0,,,,0,,,,,0,0,0,0,0,0,0,0,1,0,1,0,1,2,0,0,0,0,0,0,272,0,0.001,0.002
2758,0.993,0.877,0.001,0.002,0.04,0,0,,0,,,,0,,,,,0,0,0,0,0,0,0,0,1,0,1,0,1,2,0,0,0,0,0,0,272,0.001,0.001,0.003
2759,1.052,0.871,0,0.004,0.054,0,0,,0,,,,0,,,,,0,0,0,0,0,0,0,0,1,0,1,0,1,2,0,0,0,0,0,0,272,0,0.001,0.006
2760,0.965,0.8,0,0.003,0.057,0,0,,1,1046.875,230240256,286482432,1,62503872,62503872,135081984,38823561584,0,0,0,0,0,0,0,0,1,0,1,0,1,2,0,0,0,0,0,0,272,0,0.001,0.005
2761,0.859,0.766,0,0.002,0.041,0,0,,0,,,,0,,,,,0,0,0,0,0,0,0,0,1,0,1,0,1,2,0,0,0,0,0,0,272,0,0,0.002
2762,0.949,0.849,0,0.003,0.037,0,0,,0,,,,0,,,,,0,0,0,0,0,0,0,0,1,0,1,0,1,2,0,0,0,0,0,0,272,0,0.001,0.003
2763,0.924,0.85,0,0.002,0.023,0,0,,0,,,,0,,,,,0,0,0,0,0,0,0,0,1,0,1,0,1,2,0,0,0,0,0,0,272,0,0,0.002
2764,0.874,0.667,0,0.003,0.122,0,0,,0,,,,0,,,,,0,0,0,0,0,0,0,0,1,0,1,0,1,2,0,0,0,0,0,0,272,0,0.001,0.004
2765,0.524,0.296,0,0.003,0.129,0,0,,0,,,,0,,,,,0,0,0,0,0,0,0,0,1,0,1,0,1,2,0,0,0,0,0,0,272,0,0.001,0.005
2766,0.492,0.335,0,0.003,0.072,0,0,,0,,,,0,,,,,0,0,0,0,0,0,0,0,1,0,1,0,1,2,0,0,0,0,0,0,272,0,0.001,0.004
2767,0.945,0.837,0,0.002,0.04,0,0,,0,,,,0,,,,,0,0,0,0,0,0,0,0,1,0,1,0,1,2,0,0,0,0,0,0,272,0.001,0.001,0.003
2768,0.651,0.497,0.001,0.002,0.073,0,0,,0,,,,0,,,,,0,0,0,0,0,0,0,0,1,0,1,0,1,2,0,0,0,0,0,0,272,0,0,0.004
2769,0.522,0.345,0,0.002,0.049,0,0,,0,,,,0,,,,,0,0,0,0,0,0,0,0,1,0,1,0,1,2,0,0,0,0,0,0,272,0,0,0.003
2770,0.531,0.368,0.001,0.002,0.103,0,0,,0,,,,0,,,,,0,0,0,0,0,0,0,0,1,0,1,0,1,2,0,0,0,0,0,0,272,0,0.001,0.004
2771,0.509,0.241,0.001,0.003,0.179,0,0,,0,,,,0,,,,,0,0,0,0,0,0,0,0,1,0,1,0,1,2,0,0,0,0,0,0,272,0,0.001,0.004
2772,0.362,0.269,0,0.002,0.031,0,0,,0,,,,0,,,,,0,0,0,0,0,0,0,0,1,0,1,0,1,2,0,0,0,0,0,0,272,0,0.001,0.003
2773,0.613,0.486,0,0.003,0.032,0,0,,0,,,,0,,,,,0,0,0,0,0,0,0,0,1,0,1,0,1,2,0,0,0,0,0,0,272,0.001,0.001,0.004
2774,0.783,0.705,0,0.002,0.03,0,0,,0,,,,0,,,,,0,0,0,0,0,0,0,0,1,0,1,0,1,2,0,0,0,0,0,0,272,0,0.001,0.002
2775,0.593,0.484,0,0.003,0.031,0,0,,0,,,,0,,,,,0,0,0,0,0,0,0,0,1,0,1,0,1,2,0,0,0,0,0,0,272,0,0.001,0.003
2776,0.512,0.45,0,0.001,0.029,0,0,,0,,,,0,,,,,0,0,0,0,0,0,0,0,1,0,1,0,1,2,0,0,0,0,0,0,272,0,0,0.001
2777,0.574,0.503,0,0.001,0.028,0,0,,0,,,,0,,,,,0,0,0,0,0,0,0,0,1,0,1,0,1,2,0,0,0,0,0,0,272,0.001,0,0.003
2778,0.57,0.505,0,0.001,0.028,0,0,,0,,,,0,,,,,0,0,0,0,0,0,0,0,1,0,1,0,1,2,0,0,0,0,0,0,272,0.001,0,0.002
2779,0.545,0.494,0,0,0.024,0,0,,0,,,,0,,,,,0,0,0,0,0,0,0,0,1,0,1,0,1,2,0,0,0,0,0,0,272,0,0,0.002
2780,0.557,0.508,0,0,0.024,0,0,,0,,,,0,,,,,0,0,0,0,0,0,0,0,1,0,1,0,1,2,0,0,0,0,0,0,272,0,0,0.001
2781,0.562,0.514,0,0,0.024,0,0,,0,,,,0,,,,,0,0,0,0,0,0,0,0,1,0,1,0,1,2,0,0,0,0,0,0,272,0,0.001,0.001
2782,0.642,0.512,0,0.002,0.04,0,0,,0,,,,0,,,,,0,0,0,0,0,0,0,0,1,0,1,0,1,2,0,0,0,0,0,0,272,0,0.001,0.004
2783,0.582,0.402,0,0.003,0.065,0,0,,0,,,,0,,,,,0,0,0,0,0,0,0,0,1,0,1,0,1,2,0,0,0,0,0,0,272,0,0.001,0.006
2784,0.431,0.327,0,0.002,0.031,0,0,,0,,,,0,,,,,0,0,0,0,0,0,0,0,1,0,1,0,1,2,0,0,0,0,0,0,272,0,0,0.003
2785,0.551,0.485,0,0.001,0.018,0,0,,0,,,,0,,,,,0,0,0,0,0,0,0,0,1,0,1,0,1,2,0,0,0,0,0,0,272,0,0,0.002
2786,0.593,0.49,0,0.003,0.033,0,0,,0,,,,0,,,,,0,0,0,0,0,0,0,0,1,0,1,0,1,2,0,0,0,0,0,0,272,0.001,0.001,0.003
2787,0.53,0.444,0,0.001,0.027,0,0,,0,,,,0,,,,,0,0,0,0,0,0,0,0,1,0,1,0,1,2,0,0,0,0,0,0,272,0,0.001,0.003
2788,0.549,0.465,0,0.001,0.034,0,0,,0,,,,0,,,,,0,0,0,0,0,0,0,0,1,0,1,0,1,2,0,0,0,0,0,0,272,0,0.001,0.002
2789,0.548,0.471,0,0.002,0.03,0,0,,0,,,,0,,,,,0,0,0,0,0,0,0,0,1,0,1,0,1,2,0,0,0,0,0,0,272,0,0,0.002
2790,0.509,0.469,0,0.001,0.02,0,0,,1,1062.5,230240256,286482432,1,62503872,62503872,135081984,38823561584,0,0,0,0,0,0,0,0,1,0,1,0,1,2,0,0,0,0,0,0,272,0,0,0.001
2791,0.553,0.519,0,0.001,0.018,0,0,,0,,,,0,,,,,0,0,0,0,0,0,0,0,1,0,1,0,1,2,0,0,0,0,0,0,272,0,0,0.001
2792,0.95,0.844,0,0.002,0.042,0,0,,0,,,,0,,,,,0,0,0,0,0,0,0,0,1,0,1,0,1,2,0,0,0,0,0,0,272,0.001,0.001,0.003
2793,0.892,0.757,0,0.002,0.037,0,0,,0,,,,0,,,,,0,0,0,0,0,0,0,0,1,0,1,0,1,2,0,0,0,0,0,0,272,0,0.001,0.005
2794,1.449,1.336,0,0.002,0.031,0,0,,0,,,,0,,,,,0,0,0,0,0,0,0,0,1,0,1,0,1,2,0,0,0,0,0,0,272,0,0.001,0.004
2795,0.705,0.644,0,0.002,0.017,0,0,,0,,,,0,,,,,0,0,0,0,0,0,0,0,1,0,1,0,1,2,0,0,0,0,0,0,272,0,0.001,0.002
2796,1.032,0.966,0,0.001,0.027,0,0,,0,,,,0,,,,,0,0,0,0,0,0,0,0,1,0,1,0,1,2,0,0,0,0,0,0,272,0,0,0.003
2797,1.551,1.399,0,0.004,0.044,0,0,,0,,,,0,,,,,0,0,0,0,0,0,0,0,1,0,1,0,1,2,0,0,0,0,0,0,272,0.001,0.002,0.006
2798,0.82,0.737,0,0.002,0.03,0,0,,0,,,,0,,,,,0,0,0,0,0,0,0,0,1,0,1,0,1,2,0,0,0,0,0,0,272,0,0.001,0.003
2799,3.634,3.435,0.001,0.004,0.067,0,0,,0,,,,0,,,,,0,0,0,0,0,0,0,0,1,0,1,0,1,2,0,0,0,0,0,0,272,0.001,0.002,0.007
2800,3.836,3.647,0,0.004,0.055,0,0,,0,,,,0,,,,,0,0,0,0,0,0,0,0,1,0,1,0,1,2,0,0,0,0,0,0,272,0,0.001,0.008
2801,3.903,3.721,0,0.003,0.048,0,0,,0,,,,0,,,,,0,0,0,0,0,0,0,0,1,0,1,0,1,2,0,0,0,0,0,0,272,0,0.002,0.008
2802,8.207,7.982,0,0.007,0.051,0,0,,0,,,,0,,,,,0,0,0,0,0,0,0,0,1,0,1,0,1,2,0,0,0,0,0,0,272,0.001,0.003,0.012
2803,1.757,1.569,0,0.004,0.059,0,0,,0,,,,0,,,,,0,0,0,0,0,0,0,0,1,0,1,0,1,2,0,0,0,0,0,0,272,0,0.001,0.007
2804,0.845,0.747,0,0.002,0.033,0,0,,0,,,,0,,,,,0,0,0,0,0,0,0,0,1,0,1,0,1,2,0,0,0,0,0,0,272,0,0.001,0.003
2805,0.921,0.825,0,0.002,0.03,0,0,,0,,,,0,,,,,0,0,0,0,0,0,0,0,1,0,1,0,1,2,0,0,0,0,0,0,272,0,0,0.004
2806,0.974,0.821,0.001,0.002,0.055,0,0,,0,,,,0,,,,,0,0,0,0,0,0,0,0,1,0,1,0,1,2,0,0,0,0,0,0,272,0,0.001,0.004
2807,0.843,0.771,0,0.002,0.026,0,0,,0,,,,0,,,,,0,0,0,0,0,0,0,0,1,0,1,0,1,2,0,0,0,0,0,0,272,0,0,0.002
2808,0.98,0.86,0.001,0.002,0.042,0,0,,0,,,,0,,,,,0,0,0,0,0,0,0,0,1,0,1,0,1,2,0,0,0,0,0,0,272,0.001,0.001,0.003
2809,1.053,0.807,0,0.004,0.037,0,0,,0,,,,0,,,,,0,0,0,0,0,0,0,0,1,0,1,0,1,2,0,0,0,0,0,0,272,0,0.001,0.004
2810,0.683,0.623,0,0.002,0.016,0,0,,0,,,,0,,,,,0,0,0,0,0,0,0,0,1,0,1,0,1,2,0,0,0,0,0,0,272,0.001,0,0.003
2811,1.387,1.223,0.001,0.003,0.054,0,0,,0,,,,0,,,,,0,0,0,0,0,0,0,0,1,0,1,0,1,2,0,0,0,0,0,0,272,0,0.001,0.006
2812,0.895,0.795,0,0.002,0.039,0,0,,0,,,,0,,,,,0,0,0,0,0,0,0,0,1,0,1,0,1,2,0,0,0,0,0,0,272,0,0.001,0.003
2813,0.92,0.84,0.001,0.001,0.037,0,0,,0,,,,0,,,,,0,0,0,0,0,0,0,0,1,0,1,0,1,2,0,0,0,0,0,0,272,0,0,0.002
2814,1.657,1.496,0,0.004,0.05,0,0,,0,,,,0,,,,,0,0,0,0,0,0,0,0,1,0,1,0,1,2,0,0,0,0,0,0,272,0,0.001,0.006
2815,0.928,0.835,0.001,0.001,0.038,0,0,,0,,,,0,,,,,0,0,0,0,0,0,0,0,1,0,1,0,1,2,0,0,0,0,0,0,272,0,0,0.002
2816,0.919,0.84,0,0.001,0.04,0,0,,0,,,,0,,,,,0,0,0,0,0,0,0,0,1,0,1,0,1,2,0,0,0,0,0,0,272,0,0,0.003
2817,0.931,0.859,0.001,0.001,0.039,0,0,,0,,,,0,,,,,0,0,0,0,0,0,0,0,1,0,1,0,1,2,0,0,0,0,0,0,272,0,0,0.002
2818,0.941,0.87,0,0,0.037,0,0,,0,,,,0,,,,,0,0,0,0,0,0,0,0,1,0,1,0,1,2,0,0,0,0,0,0,272,0,0,0.002
2819,0.972,0.821,0,0.004,0.042,0,0,,0,,,,0,,,,,0,0,0,0,0,0,0,0,1,0,1,0,1,2,0,0,0,0,0,0,272,0,0.001,0.006
2820,0.732,0.642,0,0.001,0.037,0,0,,1,1062.5,230240256,286482432,1,62503872,62503872,135081984,38823561584,0,0,0,0,0,0,0,0,1,0,1,0,1,2,0,0,0,0,0,0,272,0,0,0.003
2821,0.778,0.703,0,0.001,0.037,0,0,,0,,,,0,,,,,0,0,0,0,0,0,0,0,1,0,1,0,1,2,0,0,0,0,0,0,272,0,0,0.003
2822,0.815,0.733,0,0.002,0.024,0,0,,0,,,,0,,,,,0,0,0,0,0,0,0,0,1,0,1,0,1,2,0,0,0,0,0,0,272,0,0.001,0.004
2823,0.77,0.716,0,0.001,0.025,0,0,,0,,,,0,,,,,0,0,0,0,0,0,0,0,1,0,1,0,1,2,0,0,0,0,0,0,272,0,0,0.002
2824,0.807,0.751,0,0.001,0.018,0,0,,0,,,,0,,,,,0,0,0,0,0,0,0,0,1,0,1,0,1,2,0,0,0,0,0,0,272,0,0.001,0.002
2825,0.924,0.755,0,0.004,0.053,0,0,,0,,,,0,,,,,0,0,0,0,0,0,0,0,1,0,1,0,1,2,0,0,0,0,0,0,272,0,0.002,0.005
2826,0.418,0.318,0,0.002,0.035,0,0,,0,,,,0,,,,,0,0,0,0,0,0,0,0,1,0,1,0,1,2,0,0,0,0,0,0,272,0,0,0.004
2827,0.928,0.736,0,0.004,0.072,0,0,,0,,,,0,,,,,0,0,0,0,0,0,0,0,1,0,1,0,1,2,0,0,0,0,0,0,272,0,0.001,0.006
2828,1.219,1.129,0,0.002,0.027,0,0,,0,,,,0,,,,,0,0,0,0,0,0,0,0,1,0,1,0,1,2,0,0,0,0,0,0,272,0,0.001,0.003
2829,0.881,0.721,0,0.003,0.054,0,0,,0,,,,0,,,,,0,0,0,0,0,0,0,0,1,0,1,0,1,2,0,0,0,0,0,0,272,0,0.001,0.005
2830,0.706,0.619,0,0.002,0.038,0,0,,0,,,,0,,,,,0,0,0,0,0,0,0,0,1,0,1,0,1,2,0,0,0,0,0,0,272,0,0.001,0.002
2831,0.76,0.695,0,0.001,0.029,0,0,,0,,,,0,,,,,0,0,0,0,0,0,0,0,1,0,1,0,1,2,0,0,0,0,0,0,272,0,0,0.002
2832,1.169,1.062,0.001,0.001,0.026,0,0,,0,,,,0,,,,,0,0,0,0,0,0,0,0,1,0,1,0,1,2,0,0,0,0,0,0,272,0,0.001,0.002
2833,0.81,0.667,0,0.003,0.017,0,0,,0,,,,0,,,,,0,0,0,0,0,0,0,0,1,0,1,0,1,2,0,0,0,0,0,0,272,0.001,0.001,0.005
2834,0.623,0.577,0,0.001,0.017,0,0,,0,,,,0,,,,,0,0,0,0,0,0,0,0,1,0,1,0,1,2,0,0,0,0,0,0,272,0,0,0.001
2835,0.916,0.801,0,0.003,0.039,0,0,,0,,,,0,,,,,0,0,0,0,0,0,0,0,1,0,1,0,1,2,0,0,0,0,0,0,272,0.001,0,0.003
2836,0.63,0.545,0,0.002,0.024,0,0,,0,,,,0,,,,,0,0,0,0,0,0,0,0,1,0,1,0,1,2,0,0,0,0,0,0,272,0,0.001,0.003
2837,0.359,0.276,0.001,0.002,0.034,0,0,,0,,,,0,,,,,0,0,0,0,0,0,0,0,1,0,1,0,1,2,0,0,0,0,0,0,272,0,0.001,0.002
2838,0.427,0.367,0,0.001,0.026,0,0,,0,,,,0,,,,,0,0,0,0,0,0,0,0,1,0,1,0,1,2,0,0,0,0,0,0,272,0,0,0.003
2839,0.426,0.387,0,0.001,0.015,0,0,,0,,,,0,,,,,0,0,0,0,0,0,0,0,1,0,1,0,1,2,0,0,0,0,0,0,272,0,0.001,0.001
2840,0.468,0.425,0,0.001,0.017,0,0,,0,,,,0,,,,,0,0,0,0,0,0,0,0,1,0,1,0,1,2,0,0,0,0,0,0,272,0,0,0.001
2841,0.468,0.427,0,0.001,0.018,0,0,,0,,,,0,,,,,0,0,0,0,0,0,0,0,1,0,1,0,1,2,0,0,0,0,0,0,272,0,0,0.002
2842,0.46,0.427,0,0,0.016,0,0,,0,,,,0,,,,,0,0,0,0,0,0,0,0,1,0,1,0,1,2,0,0,0,0,0,0,272,0,0,0.001
2843,0.467,0.433,0,0,0.017,0,0,,0,,,,0,,,,,0,0,0,0,0,0,0,0,1,0,1,0,1,2,0,0,0,0,0,0,272,0,0,0.001
2844,0.458,0.427,0,0.001,0.015,0,0,,0,,,,0,,,,,0,0,0,0,0,0,0,0,1,0,1,0,1,2,0,0,0,0,0,0,272,0,0,0.001
2845,0.579,0.454,0.001,0.002,0.044,0,0,,0,,,,0,,,,,0,0,0,0,0,0,0,0,1,0,1,0,1,2,0,0,0,0,0,0,272,0.001,0.001,0.004
2846,0.404,0.309,0,0.002,0.042,0,0,,0,,,,0,,,,,0,0,0,0,0,0,0,0,1,0,1,0,1,2,0,0,0,0,0,0,272,0,0.001,0.003
2847,0.397,0.354,0,0,0.017,0,0,,0,,,,0,,,,,0,0,0,0,0,0,0,0,1,0,1,0,1,2,0,0,0,0,0,0,272,0,0.001,0.001
2848,0.513,0.43,0.001,0.001,0.043,0,0,,0,,,,0,,,,,0,0,0,0,0,0,0,0,1,0,1,0,1,2,0,0,0,0,0,0,272,0,0,0.003
2849,0.405,0.368,0,0.001,0.016,0,0,,0,,,,0,,,,,0,0,0,0,0,0,0,0,1,0,1,0,1,2,0,0,0,0,0,0,272,0,0,0.001
2850,0.703,0.486,0,0.004,0.091,0,0,,1,1093.75,230240256,286482432,1,62503872,62503872,135081984,38823561584,0,0,0,0,0,0,0,0,1,0,1,0,1,2,0,0,0,0,0,0,272,0.001,0.001,0.006
2851,0.278,0.13,0,0.003,0.05,0,0,,0,,,,0,,,,,0,0,0,0,0,0,0,0,1,0,1,0,1,2,0,0,0,0,0,0,272,0,0.001,0.005
2852,0.399,0.311,0,0.002,0.026,0,0,,0,,,,0,,,,,0,0,0,0,0,0,0,0,1,0,1,0,1,2,0,0,0,0,0,0,272,0,0,0.003
2853,0.426,0.373,0.001,0.001,0.022,0,0,,0,,,,0,,,,,0,0,0,0,0,0,0,0,1,0,1,0,1,2,0,0,0,0,0,0,272,0,0,0.002
2854,0.593,0.429,0,0.002,0.033,0,0,,0,,,,0,,,,,0,0,0,0,0,0,0,0,1,0,1,0,1,2,0,0,0,0,0,0,272,0.001,0.001,0.004
2855,0.4,0.314,0.001,0.001,0.025,0,0,,0,,,,0,,,,,0,0,0,0,0,0,0,0,1,0,1,0,1,2,0,0,0,0,0,0,272,0,0,0.003
2856,0.785,0.696,0,0.002,0.03,0,0,,0,,,,0,,,,,0,0,0,0,0,0,0,0,1,0,1,0,1,2,0,0,0,0,0,0,272,0,0.001,0.003
2857,0.461,0.361,0,0.002,0.029,0,0,,0,,,,0,,,,,0,0,0,0,0,0,0,0,1,0,1,0,1,2,0,0,0,0,0,0,272,0,0.001,0.004
2858,0.422,0.353,0,0.001,0.025,0,0,,0,,,,0,,,,,0,0,0,0,0,0,0,0,1,0,1,0,1,2,0,0,0,0,0,0,272,0,0.001,0.002
2859,0.456,0.405,0,0.001,0.022,0,0,,0,,,,0,,,,,0,0,0,0,0,0,0,0,1,0,1,0,1,2,0,0,0,0,0,0,272,0,0,0.001
2860,0.44,0.4,0,0,0.02,0,0,,0,,,,0,,,,,0,0,0,0,0,0,0,0,1,0,1,0,1,2,0,0,0,0,0,0,272,0,0,0.001
2861,0.499,0.435,0,0.001,0.033,0,0,,0,,,,0,,,,,0,0,0,0,0,0,0,0,1,0,1,0,1,2,0,0,0,0,0,0,272,0.001,0,0.002
2862,0.434,0.392,0,0.001,0.024,0,0,,0,,,,0,,,,,0,0,0,0,0,0,0,0,1,0,1,0,1,2,0,0,0,0,0,0,272,0,0,0.001
2863,0.458,0.426,0,0,0.014,0,0,,0,,,,0,,,,,0,0,0,0,0,0,0,0,1,0,1,0,1,2,0,0,0,0,0,0,272,0,0,0.001
2864,1.066,0.96,0,0.003,0.031,0,0,,0,,,,0,,,,,0,0,0,0,0,0,0,0,1,0,1,0,1,2,0,0,0,0,0,0,272,0,0,0.003
2865,0.481,0.35,0.001,0.002,0.05,0,0,,0,,,,0,,,,,0,0,0,0,0,0,0,0,1,0,1,0,1,2,0,0,0,0,0,0,272,0.001,0.001,0.004
2866,0.358,0.308,0.001,0.001,0.019,0,0,,0,,,,0,,,,,0,0,0,0,0,0,0,0,1,0,1,0,1,2,0,0,0,0,0,0,272,0,0.001,0.002
2867,0.516,0.415,0,0.003,0.04,0,0,,0,,,,0,,,,,0,0,0,0,0,0,0,0,1,0,1,0,1,2,0,0,0,0,0,0,272,0,0,0.002
2868,0.468,0.358,0,0.003,0.036,0,0,,0,,,,0,,,,,0,0,0,0,0,0,0,0,1,0,1,0,1,2,0,0,0,0,0,0,272,0.001,0.001,0.004
2869,0.433,0.335,0,0.002,0.034,0,0,,0,,,,0,,,,,0,0,0,0,0,0,0,0,1,0,1,0,1,2,0,0,0,0,0,0,272,0,0,0.004
2870,0.392,0.337,0,0.001,0.024,0,0,,0,,,,0,,,,,0,0,0,0,0,0,0,0,1,0,1,0,1,2,0,0,0,0,0,0,272,0,0,0.002
2871,0.484,0.406,0,0.002,0.029,0,0,,0,,,,0,,,,,0,0,0,0,0,0,0,0,1,0,1,0,1,2,0,0,0,0,0,0,272,0,0.001,0.003
2872,0.427,0.38,0,0.001,0.02,0,0,,0,,,,0,,,,,0,0,0,0,0,0,0,0,1,0,1,0,1,2,0,0,0,0,0,0,272,0,0,0.001
2873,0.976,0.919,0,0.001,0.023,0,0,,0,,,,0,,,,,0,0,0,0,0,0,0,0,1,0,1,0,1,2,0,0,0,0,0,0,272,0,0,0.003
2874,0.971,0.883,0.001,0.001,0.047,0,0,,0,,,,0,,,,,0,0,0,0,0,0,0,0,1,0,1,0,1,2,0,0,0,0,0,0,272,0,0.001,0.002
2875,0.975,0.831,0,0.003,0.047,0,0,,0,,,,0,,,,,0,0,0,0,0,0,0,0,1,0,1,0,1,2,0,0,0,0,0,0,272,0,0.002,0.005
2876,0.945,0.854,0,0.002,0.032,0,0,,0,,,,0,,,,,0,0,0,0,0,0,0,0,1,0,1,0,1,2,0,0,0,0,0,0,272,0,0.001,0.003
2877,0.787,0.68,0,0.002,0.032,0,0,,0,,,,0,,,,,0,0,0,0,0,0,0,0,1,0,1,0,1,2,0,0,0,0,0,0,272,0,0.001,0.004
2878,0.928,0.813,0,0.002,0.039,0,0,,0,,,,0,,,,,0,0,0,0,0,0,0,0,1,0,1,0,1,2,0,0,0,0,0,0,272,0,0,0.004
2879,0.864,0.799,0,0.001,0.022,0,0,,0,,,,0,,,,,0,0,0,0,0,0,0,0,1,0,1,0,1,2,0,0,0,0,0,0,272,0,0.001,0.002
2880,1.03,0.867,0.001,0.003,0.051,0,0,,1,1125,230240256,286482432,1,62503872,62503872,135081984,38823561584,0,0,0,0,0,0,0,0,1,0,1,0,1,2,0,0,0,0,0,0,272,0.001,0.001,0.005
2881,1.649,1.497,0,0.003,0.048,0,0,,0,,,,0,,,,,0,0,0,0,0,0,0,0,1,0,1,0,1,2,0,0,0,0,0,0,272,0.001,0.001,0.006
2882,0.934,0.782,0,0.003,0.043,0,0,,0,,,,0,,,,,0,0,0,0,0,0,0,0,1,0,1,0,1,2,0,0,0,0,0,0,272,0,0.001,0.005
2883,0.894,0.78,0,0.002,0.043,0,0,,0,,,,0,,,,,0,0,0,0,0,0,0,0,1,0,1,0,1,2,0,0,0,0,0,0,272,0.001,0,0.003
2884,0.884,0.807,0,0.002,0.025,0,0,,0,,,,0,,,,,0,0,0,0,0,0,0,0,1,0,1,0,1,2,0,0,0,0,0,0,272,0,0,0.004
2885,1.607,1.438,0.001,0.004,0.056,0,0,,0,,,,0,,,,,0,0,0,0,0,0,0,0,1,0,1,0,1,2,0,0,0,0,0,0,272,0.001,0.001,0.007
2886,0.849,0.738,0.001,0.002,0.038,0,0,,0,,,,0,,,,,0,0,0,0,0,0,0,0,1,0,1,0,1,2,0,0,0,0,0,0,272,0,0.001,0.005
2887,1.026,0.854,0.001,0.003,0.05,0,0,,0,,,,0,,,,,0,0,0,0,0,0,0,0,1,0,1,0,1,2,0,0,0,0,0,0,272,0.001,0.001,0.006
2888,0.805,0.693,0,0.002,0.045,0,0,,0,,,,0,,,,,0,0,0,0,0,0,0,0,1,0,1,0,1,2,0,0,0,0,0,0,272,0,0,0.004
2889,0.907,0.813,0,0.002,0.036,0,0,,0,,,,0,,,,,0,0,0,0,0,0,0,0,1,0,1,0,1,2,0,0,0,0,0,0,272,0,0,0.003
2890,0.917,0.824,0,0.002,0.037,0,0,,0,,,,0,,,,,0,0,0,0,0,0,0,0,1,0,1,0,1,2,0,0,0,0,0,0,272,0,0.001,0.003
2891,0.978,0.885,0,0.002,0.039,0,0,,0,,,,0,,,,,0,0,0,0,0,0,0,0,1,0,1,0,1,2,0,0,0,0,0,0,272,0,0,0.004
2892,0.391,0.3,0,0.002,0.03,0,0,,0,,,,0,,,,,0,0,0,0,0,0,0,0,1,0,1,0,1,2,0,0,0,0,0,0,272,0,0,0.004
2893,0.734,0.671,0,0.001,0.022,0,0,,0,,,,0,,,,,0,0,0,0,0,0,0,0,1,0,1,0,1,2,0,0,0,0,0,0,272,0,0,0.002
2894,0.905,0.831,0,0.003,0.023,0,0,,0,,,,0,,,,,0,0,0,0,0,0,0,0,1,0,1,0,1,2,0,0,0,0,0,0,272,0,0,0.003
2895,0.841,0.798,0,0.001,0.02,0,0,,0,,,,0,,,,,0,0,0,0,0,0,0,0,1,0,1,0,1,2,0,0,0,0,0,0,272,0,0,0.001
2896,0.998,0.891,0,0.002,0.041,0,0,,0,,,,0,,,,,0,0,0,0,0,0,0,0,1,0,1,0,1,2,0,0,0,0,0,0,272,0,0.001,0.003
2897,0.868,0.746,0.001,0.002,0.025,0,0,,0,,,,0,,,,,0,0,0,0,0,0,0,0,1,0,1,0,1,2,0,0,0,0,0,0,272,0.001,0.001,0.005
2898,1.539,1.427,0,0.002,0.04,0,0,,0,,,,0,,,,,0,0,0,0,0,0,0,0,1,0,1,0,1,2,0,0,0,0,0,0,272,0,0.001,0.003
2899,0.822,0.748,0.001,0.001,0.022,0,0,,0,,,,0,,,,,0,0,0,0,0,0,0,0,1,0,1,0,1,2,0,0,0,0,0,0,272,0.001,0,0.004
2900,0.879,0.797,0.001,0.001,0.037,0,0,,0,,,,0,,,,,0,0,0,0,0,0,0,0,1,0,1,0,1,2,0,0,0,0,0,0,272,0.001,0,0.003
2901,1.494,1.429,0.001,0.002,0.022,0,0,,0,,,,0,,,,,0,0,0,0,0,0,0,0,1,0,1,0,1,2,0,0,0,0,0,0,272,0,0,0.002
2902,0.897,0.728,0.001,0.003,0.062,0,0,,0,,,,0,,,,,0,0,0,0,0,0,0,0,1,0,1,0,1,2,0,0,0,0,0,0,272,0.001,0.001,0.006
2903,0.413,0.375,0,0.001,0.016,0,0,,0,,,,0,,,,,0,0,0,0,0,0,0,0,1,0,1,0,1,2,0,0,0,0,0,0,272,0,0,0.001
2904,0.652,0.587,0,0.002,0.019,0,0,,0,,,,0,,,,,0,0,0,0,0,0,0,0,1,0,1,0,1,2,0,0,0,0,0,0,272,0,0.001,0.003
2905,0.59,0.52,0,0.001,0.033,0,0,,0,,,,0,,,,,0,0,0,0,0,0,0,0,1,0,1,0,1,2,0,0,0,0,0,0,272,0.001,0,0.002
2906,0.542,0.511,0,0,0.016,0,0,,0,,,,0,,,,,0,0,0,0,0,0,0,0,1,0,1,0,1,2,0,0,0,0,0,0,272,0,0,0.001
2907,0.599,0.562,0,0.001,0.023,0,0,,0,,,,0,,,,,0,0,0,0,0,0,0,0,1,0,1,0,1,2,0,0,0,0,0,0,272,0,0,0
2908,0.644,0.574,0.001,0,0.039,0,0,,0,,,,0,,,,,0,0,0,0,0,0,0,0,1,0,1,0,1,2,0,0,0,0,0,0,272,0,0,0.001
2909,0.605,0.518,0,0.002,0.027,0,0,,0,,,,0,,,,,0,0,0,0,0,0,0,0,1,0,1,0,1,2,0,0,0,0,0,0,272,0,0.001,0.003
2910,0.523,0.429,0,0.002,0.026,0,0,,1,1125,230240256,286482432,1,62503872,62503872,135081984,38823561584,0,0,0,0,0,0,0,0,1,0,1,0,1,2,0,0,0,0,0,0,272,0,0.001,0.003
2911,0.554,0.488,0,0.001,0.026,0,0,,0,,,,0,,,,,0,0,0,0,0,0,0,0,1,0,1,0,1,2,0,0,0,0,0,0,272,0,0,0.003
2912,0.564,0.517,0,0,0.023,0,0,,0,,,,0,,,,,0,0,0,0,0,0,0,0,1,0,1,0,1,2,0,0,0,0,0,0,272,0,0,0.001
2913,0.607,0.551,0,0.001,0.025,0,0,,0,,,,0,,,,,0,0,0,0,0,0,0,0,1,0,1,0,1,2,0,0,0,0,0,0,272,0,0.001,0.001
2914,0.748,0.567,0.001,0.003,0.057,0,0,,0,,,,0,,,,,0,0,0,0,0,0,0,0,1,0,1,0,1,2,0,0,0,0,0,0,272,0,0.001,0.006
2915,0.459,0.356,0,0.002,0.043,0,0,,0,,,,0,,,,,0,0,0,0,0,0,0,0,1,0,1,0,1,2,0,0,0,0,0,0,272,0,0.001,0.002
2916,0.542,0.491,0,0.001,0.02,0,0,,0,,,,0,,,,,0,0,0,0,0,0,0,0,1,0,1,0,1,2,0,0,0,0,0,0,272,0,0.001,0.002
2917,0.637,0.533,0,0.002,0.036,0,0,,0,,,,0,,,,,0,0,0,0,0,0,0,0,1,0,1,0,1,2,0,0,0,0,0,0,272,0,0.001,0.003
2918,0.597,0.499,0,0.002,0.048,0,0,,0,,,,0,,,,,0,0,0,0,0,0,0,0,1,0,1,0,1,2,0,0,0,0,0,0,272,0,0,0.002
2919,0.66,0.566,0,0.002,0.046,0,0,,0,,,,0,,,,,0,0,0,0,0,0,0,0,1,0,1,0,1,2,0,0,0,0,0,0,272,0,0,0.003
2920,0.728,0.497,0,0.002,0.131,0,0,,0,,,,0,,,,,0,0,0,0,0,0,0,0,1,0,1,0,1,2,0,0,0,0,0,0,272,0.001,0.001,0.003
2921,0.992,0.896,0,0.002,0.027,0,0,,0,,,,0,,,,,0,0,0,0,0,0,0,0,1,0,1,0,1,2,0,0,0,0,0,0,272,0,0,0.003
2922,0.57,0.526,0,0.001,0.019,0,0,,0,,,,0,,,,,0,0,0,0,0,0,0,0,1,0,1,0,1,2,0,0,0,0,0,0,272,0,0.001,0.001
2923,0.638,0.597,0.001,0,0.022,0,0,,0,,,,0,,,,,0,0,0,0,0,0,0,0,1,0,1,0,1,2,0,0,0,0,0,0,272,0,0.001,0.001
2924,0.735,0.657,0,0,0.041,0,0,,0,,,,0,,,,,0,0,0,0,0,0,0,0,1,0,1,0,1,2,0,0,0,0,0,0,272,0,0.001,0.002
2925,0.703,0.449,0.001,0.004,0.072,0,0,,0,,,,0,,,,,0,0,0,0,0,0,0,0,1,0,1,0,1,2,0,0,0,0,0,0,272,0.001,0.002,0.007
2926,1.063,0.912,0,0.003,0.045,0,0,,0,,,,0,,,,,0,0,0,0,0,0,0,0,1,0,1,0,1,2,0,0,0,0,0,0,272,0.001,0.001,0.006
2927,0.514,0.439,0.001,0.001,0.032,0,0,,0,,,,0,,,,,0,0,0,0,0,0,0,0,1,0,1,0,1,2,0,0,0,0,0,0,272,0,0,0.002
2928,0.662,0.56,0,0.002,0.026,0,0,,0,,,,0,,,,,0,0,0,0,0,0,0,0,1,0,1,0,1,2,0,0,0,0,0,0,272,0,0.001,0.004
2929,0.648,0.548,0,0.002,0.04,0,0,,0,,,,0,,,,,0,0,0,0,0,0,0,0,1,0,1,0,1,2,0,0,0,0,0,0,272,0,0,0.003
2930,0.624,0.534,0,0.001,0.046,0,0,,0,,,,0,,,,,0,0,0,0,0,0,0,0,1,0,1,0,1,2,0,0,0,0,0,0,272,0,0,0.003
2931,0.605,0.526,0,0.001,0.035,0,0,,0,,,,0,,,,,0,0,0,0,0,0,0,0,1,0,1,0,1,2,0,0,0,0,0,0,272,0,0.001,0.002
2932,0.739,0.633,0.001,0.001,0.024,0,0,,0,,,,0,,,,,0,0,0,0,0,0,0,0,1,0,1,0,1,2,0,0,0,0,0,0,272,0,0.001,0.003
2933,0.576,0.415,0.001,0.003,0.054,0,0,,0,,,,0,,,,,0,0,0,0,0,0,0,0,1,0,1,0,1,2,0,0,0,0,0,0,272,0.001,0.001,0.005
2934,0.529,0.466,0,0.001,0.023,0,0,,0,,,,0,,,,,0,0,0,0,0,0,0,0,1,0,1,0,1,2,0,0,0,0,0,0,272,0,0,0.002
2935,0.624,0.563,0,0.001,0.021,0,0,,0,,,,0,,,,,0,0,0,0,0,0,0,0,1,0,1,0,1,2,0,0,0,0,0,0,272,0,0,0.002
2936,0.625,0.578,0,0.001,0.019,0,0,,0,,,,0,,,,,0,0,0,0,0,0,0,0,1,0,1,0,1,2,0,0,0,0,0,0,272,0,0,0.002
2937,0.634,0.591,0,0.001,0.018,0,0,,0,,,,0,,,,,0,0,0,0,0,0,0,0,1,0,1,0,1,2,0,0,0,0,0,0,272,0,0,0.001
2938,0.7,0.626,0,0.001,0.035,0,0,,0,,,,0,,,,,0,0,0,0,0,0,0,0,1,0,1,0,1,2,0,0,0,0,0,0,272,0,0.001,0.002
2939,0.898,0.832,0,0.002,0.034,0,0,,0,,,,0,,,,,0,0,0,0,0,0,0,0,1,0,1,0,1,2,0,0,0,0,0,0,272,0,0,0.002
2940,0.947,0.873,0,0.001,0.028,0,0,,1,1125,230240256,286482432,1,62503872,62503872,135081984,38823561584,0,0,0,0,0,0,0,0,1,0,1,0,1,2,0,0,0,0,0,0,272,0,0,0.003
2941,1.049,0.855,0,0.004,0.055,0,0,,0,,,,0,,,,,0,0,0,0,0,0,0,0,1,0,1,0,1,2,0,0,0,0,0,0,272,0,0.002,0.007
2942,1.01,0.739,0.001,0.004,0.128,0,0,,0,,,,0,,,,,0,0,0,0,0,0,0,0,1,0,1,0,1,2,0,0,0,0,0,0,272,0,0.001,0.007
2943,0.707,0.612,0,0.002,0.027,0,0,,0,,,,0,,,,,0,0,0,0,0,0,0,0,1,0,1,0,1,2,0,0,0,0,0,0,272,0.001,0.001,0.004
2944,1.406,1.305,0,0.002,0.029,0,0,,0,,,,0,,,,,0,0,0,0,0,0,0,0,1,0,1,0,1,2,0,0,0,0,0,0,272,0,0,0.003
2945,0.905,0.791,0,0.003,0.035,0,0,,0,,,,0,,,,,0,0,0,0,0,0,0,0,1,0,1,0,1,2,0,0,0,0,0,0,272,0,0.001,0.005
2946,0.878,0.811,0,0.002,0.024,0,0,,0,,,,0,,,,,0,0,0,0,0,0,0,0,1,0,1,0,1,2,0,0,0,0,0,0,272,0,0,0.003
2947,1.66,1.537,0,0.003,0.03,0,0,,0,,,,0,,,,,0,0,0,0,0,0,0,0,1,0,1,0,1,2,0,0,0,0,0,0,272,0,0.001,0.005
2948,2.247,2.172,0,0.002,0.025,0,0,,0,,,,0,,,,,0,0,0,0,0,0,0,0,1,0,1,0,1,2,0,0,0,0,0,0,272,0.001,0,0.004
2949,4.172,3.919,0,0.005,0.077,0,0,,0,,,,0,,,,,0,0,0,0,0,0,0,0,1,0,1,0,1,2,0,0,0,0,0,0,272,0.001,0.002,0.023
2950,3.006,2.801,0.001,0.004,0.054,0,0,,0,,,,0,,,,,0,0,0,0,0,0,0,0,1,0,1,0,1,2,0,0,0,0,0,0,272,0.001,0.002,0.009
2951,0.849,0.572,0,0.003,0.182,0,0,,0,,,,0,,,,,0,0,0,0,0,0,0,0,1,0,1,0,1,2,0,0,0,0,0,0,272,0.001,0.001,0.005
2952,0.643,0.505,0,0.002,0.04,0,0,,0,,,,0,,,,,0,0,0,0,0,0,0,0,1,0,1,0,1,2,0,0,0,0,0,0,272,0,0.001,0.028
2953,1.527,1.335,0,0.003,0.067,0,0,,0,,,,0,,,,,0,0,0,0,0,0,0,0,1,0,1,0,1,2,0,0,0,0,0,0,272,0,0.001,0.006
2954,0.694,0.592,0,0.003,0.033,0,0,,0,,,,0,,,,,0,0,0,0,0,0,0,0,1,0,1,0,1,2,0,0,0,0,0,0,272,0,0.001,0.004
2955,0.768,0.697,0,0.001,0.025,0,0,,0,,,,0,,,,,0,0,0,0,0,0,0,0,1,0,1,0,1,2,0,0,0,0,0,0,272,0,0,0.002
2956,0.823,0.73,0,0.001,0.029,0,0,,0,,,,0,,,,,0,0,0,0,0,0,0,0,1,0,1,0,1,2,0,0,0,0,0,0,272,0.001,0.001,0.003
2957,1.346,1.257,0,0.002,0.028,0,0,,0,,,,0,,,,,0,0,0,0,0,0,0,0,1,0,1,0,1,2,0,0,0,0,0,0,272,0.001,0,0.003
2958,0.868,0.777,0,0.002,0.024,0,0,,0,,,,0,,,,,0,0,0,0,0,0,0,0,1,0,1,0,1,2,0,0,0,0,0,0,272,0,0,0.003
2959,0.898,0.789,0,0.003,0.025,0,0,,0,,,,0,,,,,0,0,0,0,0,0,0,0,1,0,1,0,1,2,0,0,0,0,0,0,272,0,0,0.003
2960,0.829,0.603,0,0.004,0.068,0,0,,0,,,,0,,,,,0,0,0,0,0,0,0,0,1,0,1,0,1,2,0,0,0,0,0,0,272,0.001,0.002,0.007
2961,0.612,0.51,0,0.002,0.039,0,0,,0,,,,0,,,,,0,0,0,0,0,0,0,0,1,0,1,0,1,2,0,0,0,0,0,0,272,0,0,0.003
2962,0.806,0.724,0,0.002,0.041,0,0,,0,,,,0,,,,,0,0,0,0,0,0,0,0,1,0,1,0,1,2,0,0,0,0,0,0,272,0,0,0.002
2963,0.793,0.646,0,0.002,0.047,0,0,,0,,,,0,,,,,0,0,0,0,0,0,0,0,1,0,1,0,1,2,0,0,0,0,0,0,272,0,0,0.004
2964,0.795,0.599,0,0.002,0.095,0,0,,0,,,,0,,,,,0,0,0,0,0,0,0,0,1,0,1,0,1,2,0,0,0,0,0,0,272,0.001,0.001,0.004
2965,0.669,0.567,0,0.001,0.033,0,0,,0,,,,0,,,,,0,0,0,0,0,0,0,0,1,0,1,0,1,2,0,0,0,0,0,0,272,0,0,0.004
2966,0.762,0.675,0,0.002,0.026,0,0,,0,,,,0,,,,,0,0,0,0,0,0,0,0,1,0,1,0,1,2,0,0,0,0,0,0,272,0.001,0.001,0.003
2967,0.877,0.714,0,0.003,0.053,0,0,,0,,,,0,,,,,0,0,0,0,0,0,0,0,1,0,1,0,1,2,0,0,0,0,0,0,272,0,0.001,0.005
2968,0.69,0.601,0,0.002,0.036,0,0,,0,,,,0,,,,,0,0,0,0,0,0,0,0,1,0,1,0,1,2,0,0,0,0,0,0,272,0,0.001,0.002
2969,0.777,0.699,0,0.001,0.04,0,0,,0,,,,0,,,,,0,0,0,0,0,0,0,0,1,0,1,0,1,2,0,0,0,0,0,0,272,0,0.001,0.002
2970,0.783,0.701,0,0.001,0.041,0,0,,1,1140.625,230309888,286482432,1,62503872,62503872,135081984,38823561584,0,0,0,0,0,0,0,0,1,0,1,0,1,2,0,0,0,0,0,0,272,0,0,0.002
2971,0.802,0.67,0.001,0.003,0.045,0,0,,0,,,,0,,,,,0,0,0,0,0,0,0,0,1,0,1,0,1,2,0,0,0,0,0,0,272,0.001,0.001,0.004
2972,0.727,0.624,0.001,0.002,0.029,0,0,,0,,,,0,,,,,0,0,0,0,0,0,0,0,1,0,1,0,1,2,0,0,0,0,0,0,272,0,0.001,0.003
2973,1.25,1.095,0,0.003,0.047,0,0,,0,,,,0,,,,,0,0,0,0,0,0,0,0,1,0,1,0,1,2,0,0,0,0,0,0,272,0.001,0.001,0.004
2974,0.813,0.723,0.001,0.002,0.036,0,0,,0,,,,0,,,,,0,0,0,0,0,0,0,0,1,0,1,0,1,2,0,0,0,0,0,0,272,0,0,0.003
2975,0.828,0.754,0.001,0.001,0.035,0,0,,0,,,,0,,,,,0,0,0,0,0,0,0,0,1,0,1,0,1,2,0,0,0,0,0,0,272,0.001,0,0.002
2976,0.926,0.771,0,0.003,0.043,0,0,,0,,,,0,,,,,0,0,0,0,0,0,0,0,1,0,1,0,1,2,0,0,0,0,0,0,272,0,0.001,0.006
2977,1.52,1.422,0,0.003,0.027,0,0,,0,,,,0,,,,,0,0,0,0,0,0,0,0,1,0,1,0,1,2,0,0,0,0,0,0,272,0,0,0.004
2978,0.989,0.759,0,0.005,0.064,0,0,,0,,,,0,,,,,0,0,0,0,0,0,0,0,1,0,1,0,1,2,0,0,0,0,0,0,272,0.001,0.002,0.008
2979,0.649,0.558,0,0.001,0.054,0,0,,0,,,,0,,,,,0,0,0,0,0,0,0,0,1,0,1,0,1,2,0,0,0,0,0,0,272,0,0,0.002
2980,0.915,0.784,0,0.003,0.04,0,0,,0,,,,0,,,,,0,0,0,0,0,0,0,0,1,0,1,0,1,2,0,0,0,0,0,0,272,0.001,0.001,0.004
2981,0.771,0.689,0,0.002,0.034,0,0,,0,,,,0,,,,,0,0,0,0,0,0,0,0,1,0,1,0,1,2,0,0,0,0,0,0,272,0,0,0.002
2982,0.924,0.745,0.001,0.003,0.051,0,0,,0,,,,0,,,,,0,0,0,0,0,0,0,0,1,0,1,0,1,2,0,0,0,0,0,0,272,0.001,0.002,0.006
2983,0.721,0.627,0,0.002,0.032,0,0,,0,,,,0,,,,,0,0,0,0,0,0,0,0,1,0,1,0,1,2,0,0,0,0,0,0,272,0,0.001,0.003
2984,0.843,0.747,0,0.002,0.035,0,0,,0,,,,0,,,,,0,0,0,0,0,0,0,0,1,0,1,0,1,2,0,0,0,0,0,0,272,0,0.001,0.003
2985,0.808,0.713,0,0.002,0.032,0,0,,0,,,,0,,,,,0,0,0,0,0,0,0,0,1,0,1,0,1,2,0,0,0,0,0,0,272,0,0.001,0.003
2986,0.832,0.728,0,0.002,0.034,0,0,,0,,,,0,,,,,0,0,0,0,0,0,0,0,1,0,1,0,1,2,0,0,0,0,0,0,272,0,0.001,0.003
2987,0.79,0.715,0,0.002,0.023,0,0,,0,,,,0,,,,,0,0,0,0,0,0,0,0,1,0,1,0,1,2,0,0,0,0,0,0,272,0,0,0.003
2988,0.797,0.752,0,0.001,0.016,0,0,,0,,,,0,,,,,0,0,0,0,0,0,0,0,1,0,1,0,1,2,0,0,0,0,0,0,272,0,0.001,0.001
2989,1.095,0.812,0,0.005,0.095,0,0,,0,,,,0,,,,,0,0,0,0,0,0,0,0,1,0,1,0,1,2,0,0,0,0,0,0,272,0.001,0.001,0.009
2990,0.62,0.521,0,0.004,0.027,0,0,,0,,,,0,,,,,0,0,0,0,0,0,0,0,1,0,1,0,1,2,0,0,0,0,0,0,272,0.001,0.001,0.003
2991,1.247,1.123,0,0.002,0.079,0,0,,0,,,,0,,,,,0,0,0,0,0,0,0,0,1,0,1,0,1,2,0,0,0,0,0,0,272,0,0,0.003
2992,0.873,0.728,0,0.003,0.046,0,0,,0,,,,0,,,,,0,0,0,0,0,0,0,0,1,0,1,0,1,2,0,0,0,0,0,0,272,0,0.001,0.005
2993,0.829,0.708,0,0.003,0.049,0,0,,0,,,,0,,,,,0,0,0,0,0,0,0,0,1,0,1,0,1,2,0,0,0,0,0,0,272,0.001,0,0.004
2994,0.732,0.674,0,0.001,0.027,0,0,,0,,,,0,,,,,0,0,0,0,0,0,0,0,1,0,1,0,1,2,0,0,0,0,0,0,272,0,0,0.002
2995,1.832,1.678,0,0.004,0.041,0,0,,0,,,,0,,,,,0,0,0,0,0,0,0,0,1,0,1,0,1,2,0,0,0,0,0,0,272,0.001,0.002,0.007
2996,0.764,0.63,0,0.003,0.039,0,0,,0,,,,0,,,,,0,0,0,0,0,0,0,0,1,0,1,0,1,2,0,0,0,0,0,0,272,0.001,0.001,0.005
2997,2.328,2.227,0,0.002,0.043,0,0,,0,,,,0,,,,,0,0,0,0,0,0,0,0,1,0,1,0,1,2,0,0,0,0,0,0,272,0.001,0,0.003
2998,2.186,2.093,0,0.001,0.045,0,0,,0,,,,0,,,,,0,0,0,0,0,0,0,0,1,0,1,0,1,2,0,0,0,0,0,0,272,0,0.001,0.003
2999,3.785,3.648,0,0.004,0.035,0,0,,0,,,,0,,,,,0,0,0,0,0,0,0,0,1,0,1,0,1,2,0,0,0,0,0,0,272,0,0.001,0.007
3000,2.161,2.074,0,0.002,0.024,0,0,,1,1156.25,230309888,286482432,1,62503872,62503872,135081984,38823561584,0,0,0,0,0,0,0,0,1,0,1,0,1,2,0,0,0,0,0,0,272,0,0,0.005
3001,2.089,1.941,0,0.003,0.046,0,0,,0,,,,0,,,,,0,0,0,0,0,0,0,0,1,0,1,0,1,2,0,0,0,0,0,0,272,0.001,0.001,0.006
3002,1.094,0.988,0.001,0.001,0.041,0,0,,0,,,,0,,,,,0,0,0,0,0,0,0,0,1,0,1,0,1,2,0,0,0,0,0,0,272,0,0.001,0.003
3003,0.752,0.65,0,0.003,0.026,0,0,,0,,,,0,,,,,0,0,0,0,0,0,0,0,1,0,1,0,1,2,0,0,0,0,0,0,272,0,0.001,0.006
3004,0.778,0.636,0,0.002,0.054,0,0,,0,,,,0,,,,,0,0,0,0,0,0,0,0,1,0,1,0,1,2,0,0,0,0,0,0,272,0,0,0.004
3005,0.697,0.585,0,0.002,0.035,0,0,,0,,,,0,,,,,0,0,0,0,0,0,0,0,1,0,1,0,1,2,0,0,0,0,0,0,272,0,0.001,0.004
3006,2.24,2.153,0,0.003,0.025,0,0,,0,,,,0,,,,,0,0,0,0,0,0,0,0,1,0,1,0,1,2,0,0,0,0,0,0,272,0,0.001,0.004
3007,0.799,0.696,0,0.002,0.033,0,0,,0,,,,0,,,,,0,0,0,0,0,0,0,0,1,0,1,0,1,2,0,0,0,0,0,0,272,0,0.001,0.004
3008,0.706,0.633,0,0.002,0.031,0,0,,0,,,,0,,,,,0,0,0,0,0,0,0,0,1,0,1,0,1,2,0,0,0,0,0,0,272,0,0,0.003
3009,0.734,0.66,0.001,0.001,0.026,0,0,,0,,,,0,,,,,0,0,0,0,0,0,0,0,1,0,1,0,1,2,0,0,0,0,0,0,272,0,0.001,0.002
3010,0.761,0.684,0,0.002,0.036,0,0,,0,,,,0,,,,,0,0,0,0,0,0,0,0,1,0,1,0,1,2,0,0,0,0,0,0,272,0,0.001,0.002
3011,0.736,0.643,0,0.002,0.04,0,0,,0,,,,0,,,,,0,0,0,0,0,0,0,0,1,0,1,0,1,2,0,0,0,0,0,0,272,0,0.001,0.003
3012,1.328,1.163,0,0.004,0.042,0,0,,0,,,,0,,,,,0,0,0,0,0,0,0,0,1,0,1,0,1,2,0,0,0,0,0,0,272,0,0.002,0.008
3013,0.721,0.587,0,0.003,0.032,0,0,,0,,,,0,,,,,0,0,0,0,0,0,0,0,1,0,1,0,1,2,0,0,0,0,0,0,272,0,0.001,0.005
3014,1.03,0.836,0,0.004,0.046,0,0,,0,,,,0,,,,,0,0,0,0,0,0,0,0,1,0,1,0,1,2,0,0,0,0,0,0,272,0.001,0.001,0.006
3015,0.343,0.261,0,0.003,0.028,0,0,,0,,,,0,,,,,0,0,0,0,0,0,0,0,1,0,1,0,1,2,0,0,0,0,0,0,272,0,0.001,0.003
3016,0.791,0.702,0,0.003,0.026,0,0,,0,,,,0,,,,,0,0,0,0,0,0,0,0,1,0,1,0,1,2,0,0,0,0,0,0,272,0,0.001,0.003
3017,0.723,0.582,0,0.002,0.041,0,0,,0,,,,0,,,,,0,0,0,0,0,0,0,0,1,0,1,0,1,2,0,0,0,0,0,0,272,0.001,0.001,0.006
3018,0.692,0.565,0,0.003,0.037,0,0,,0,,,,0,,,,,0,0,0,0,0,0,0,0,1,0,1,0,1,2,0,0,0,0,0,0,272,0,0.001,0.005
3019,0.64,0.586,0,0.002,0.018,0,0,,0,,,,0,,,,,0,0,0,0,0,0,0,0,1,0,1,0,1,2,0,0,0,0,0,0,272,0,0,0.002
3020,1.065,0.94,0,0.003,0.036,0,0,,0,,,,0,,,,,0,0,0,0,0,0,0,0,1,0,1,0,1,2,0,0,0,0,0,0,272,0,0.001,0.005
3021,1.957,1.79,0,0.004,0.053,0,0,,0,,,,0,,,,,0,0,0,0,0,0,0,0,1,0,1,0,1,2,0,0,0,0,0,0,272,0.001,0.001,0.007
3022,5.736,5.498,0,0.006,0.068,0,0,,0,,,,0,,,,,0,0,0,0,0,0,0,0,1,0,1,0,1,2,0,0,0,0,0,0,272,0,0.003,0.009
3023,2.332,2.079,0,0.004,0.056,0,0,,0,,,,0,,,,,0,0,0,0,0,0,0,0,1,0,1,0,1,2,0,0,0,0,0,0,272,0,0.002,0.008
3024,3.61,3.434,0.001,0.003,0.059,0,0,,0,,,,0,,,,,0,0,0,0,0,0,0,0,1,0,1,0,1,2,0,0,0,0,0,0,272,0.001,0.001,0.006
3025,0.766,0.585,0,0.003,0.041,0,0,,0,,,,0,,,,,0,0,0,0,0,0,0,0,1,0,1,0,1,2,0,0,0,0,0,0,272,0,0.001,0.006
3026,0.506,0.458,0,0.002,0.014,0,0,,0,,,,0,,,,,0,0,0,0,0,0,0,0,1,0,1,0,1,2,0,0,0,0,0,0,272,0,0.001,0.002
3027,1.112,1.023,0.001,0.001,0.029,0,0,,0,,,,0,,,,,0,0,0,0,0,0,0,0,1,0,1,0,1,2,0,0,0,0,0,0,272,0,0,0.003
3028,0.731,0.665,0,0.001,0.021,0,0,,0,,,,0,,,,,0,0,0,0,0,0,0,0,1,0,1,0,1,2,0,0,0,0,0,0,272,0,0.001,0.002
3029,0.742,0.692,0,0.001,0.019,0,0,,0,,,,0,,,,,0,0,0,0,0,0,0,0,1,0,1,0,1,2,0,0,0,0,0,0,272,0,0,0.002
3030,0.777,0.696,0,0.001,0.041,0,0,,1,1156.25,230309888,286482432,1,62503872,62503872,135081984,38823561584,0,0,0,0,0,0,0,0,1,0,1,0,1,2,0,0,0,0,0,0,272,0,0.001,0.002
3031,0.704,0.622,0.001,0.001,0.021,0,0,,0,,,,0,,,,,0,0,0,0,0,0,0,0,1,0,1,0,1,2,0,0,0,0,0,0,272,0,0.001,0.004
3032,2.243,2.11,0.001,0.002,0.052,0,0,,0,,,,0,,,,,0,0,0,0,0,0,0,0,1,0,1,0,1,2,0,0,0,0,0,0,272,0.001,0,0.005
3033,0.637,0.542,0,0.002,0.036,0,0,,0,,,,0,,,,,0,0,0,0,0,0,0,0,1,0,1,0,1,2,0,0,0,0,0,0,272,0.001,0,0.004
3034,1.882,1.751,0,0.002,0.046,0,0,,0,,,,0,,,,,0,0,0,0,0,0,0,0,1,0,1,0,1,2,0,0,0,0,0,0,272,0,0.001,0.003
3035,1.76,1.6,0,0.002,0.052,0,0,,0,,,,0,,,,,0,0,0,0,0,0,0,0,1,0,1,0,1,2,0,0,0,0,0,0,272,0,0.001,0.004
3036,2.725,2.578,0,0.003,0.042,0,0,,0,,,,0,,,,,0,0,0,0,0,0,0,0,1,0,1,0,1,2,0,0,0,0,0,0,272,0.001,0.001,0.005
3037,2.156,1.995,0,0.005,0.038,0,0,,0,,,,0,,,,,0,0,0,0,0,0,0,0,1,0,1,0,1,2,0,0,0,0,0,0,272,0.001,0.002,0.008
3038,1.718,1.582,0,0.002,0.031,0,0,,0,,,,0,,,,,0,0,0,0,0,0,0,0,1,0,1,0,1,2,0,0,0,0,0,0,272,0,0.001,0.005
3039,0.364,0.309,0,0.001,0.014,0,0,,0,,,,0,,,,,0,0,0,0,0,0,0,0,1,0,1,0,1,2,0,0,0,0,0,0,272,0,0,0.002
3040,0.851,0.669,0,0.003,0.059,0,0,,0,,,,0,,,,,0,0,0,0,0,0,0,0,1,0,1,0,1,2,0,0,0,0,0,0,272,0.001,0.001,0.005
3041,0.364,0.279,0,0.002,0.023,0,0,,0,,,,0,,,,,0,0,0,0,0,0,0,0,1,0,1,0,1,2,0,0,0,0,0,0,272,0,0.001,0.003
3042,0.461,0.404,0.001,0.001,0.017,0,0,,0,,,,0,,,,,0,0,0,0,0,0,0,0,1,0,1,0,1,2,0,0,0,0,0,0,272,0,0.001,0.002
3043,0.486,0.434,0,0.001,0.018,0,0,,0,,,,0,,,,,0,0,0,0,0,0,0,0,1,0,1,0,1,2,0,0,0,0,0,0,272,0.001,0,0.002
3044,0.492,0.441,0,0.001,0.019,0,0,,0,,,,0,,,,,0,0,0,0,0,0,0,0,1,0,1,0,1,2,0,0,0,0,0,0,272,0.001,0,0.001
3045,0.487,0.447,0,0.001,0.014,0,0,,0,,,,0,,,,,0,0,0,0,0,0,0,0,1,0,1,0,1,2,0,0,0,0,0,0,272,0,0,0.001
3046,1.366,1.325,0,0.001,0.016,0,0,,0,,,,0,,,,,0,0,0,0,0,0,0,0,1,0,1,0,1,2,0,0,0,0,0,0,272,0,0,0.001
3047,0.886,0.827,0,0.001,0.019,0,0,,0,,,,0,,,,,0,0,0,0,0,0,0,0,1,0,1,0,1,2,0,0,0,0,0,0,272,0,0.001,0.002
3048,0.505,0.463,0,0.001,0.017,0,0,,0,,,,0,,,,,0,0,0,0,0,0,0,0,1,0,1,0,1,2,0,0,0,0,0,0,272,0,0.001,0.001
3049,0.463,0.415,0.001,0.001,0.018,0,0,,0,,,,0,,,,,0,0,0,0,0,0,0,0,1,0,1,0,1,2,0,0,0,0,0,0,272,0.001,0,0.002
3050,0.491,0.445,0,0.001,0.017,0,0,,0,,,,0,,,,,0,0,0,0,0,0,0,0,1,0,1,0,1,2,0,0,0,0,0,0,272,0,0,0.002
3051,0.714,0.448,0,0.004,0.139,0,0,,0,,,,0,,,,,0,0,0,0,0,0,0,0,1,0,1,0,1,2,0,0,0,0,0,0,272,0.001,0.002,0.006
3052,0.468,0.27,0,0.003,0.09,0,0,,0,,,,0,,,,,0,0,0,0,0,0,0,0,1,0,1,0,1,2,0,0,0,0,0,0,272,0,0,0.004
3053,0.383,0.273,0,0.002,0.034,0,0,,0,,,,0,,,,,0,0,0,0,0,0,0,0,1,0,1,0,1,2,0,0,0,0,0,0,272,0,0.001,0.004
3054,0.36,0.296,0,0.002,0.025,0,0,,0,,,,0,,,,,0,0,0,0,0,0,0,0,1,0,1,0,1,2,0,0,0,0,0,0,272,0,0.001,0.002
3055,0.484,0.43,0,0.001,0.021,0,0,,0,,,,0,,,,,0,0,0,0,0,0,0,0,1,0,1,0,1,2,0,0,0,0,0,0,272,0,0,0.002
3056,0.583,0.449,0.001,0.002,0.051,0,0,,0,,,,0,,,,,0,0,0,0,0,0,0,0,1,0,1,0,1,2,0,0,0,0,0,0,272,0,0.001,0.004
3057,0.683,0.63,0,0.002,0.021,0,0,,0,,,,0,,,,,0,0,0,0,0,0,0,0,1,0,1,0,1,2,0,0,0,0,0,0,272,0,0,0.002
3058,0.577,0.425,0.001,0.002,0.06,0,0,,0,,,,0,,,,,0,0,0,0,0,0,0,0,1,0,1,0,1,2,0,0,0,0,0,0,272,0,0,0.004
3059,0.398,0.305,0,0.002,0.039,0,0,,0,,,,0,,,,,0,0,0,0,0,0,0,0,1,0,1,0,1,2,0,0,0,0,0,0,272,0,0.001,0.002
3060,0.499,0.397,0,0.001,0.05,0,0,,1,1171.875,230309888,286482432,1,62503872,62503872,135081984,38823561584,0,0,0,0,0,0,0,0,1,0,1,0,1,2,0,0,0,0,0,0,272,0,0,0.002
3061,0.452,0.368,0,0.002,0.031,0,0,,0,,,,0,,,,,0,0,0,0,0,0,0,0,1,0,1,0,1,2,0,0,0,0,0,0,272,0,0,0.002
3062,0.623,0.518,0,0.002,0.036,0,0,,0,,,,0,,,,,0,0,0,0,0,0,0,0,1,0,1,0,1,2,0,0,0,0,0,0,272,0.001,0.001,0.004
3063,0.48,0.271,0,0.004,0.09,0,0,,0,,,,0,,,,,0,0,0,0,0,0,0,0,1,0,1,0,1,2,0,0,0,0,0,0,272,0.001,0.002,0.006
3064,0.483,0.325,0,0.003,0.052,0,0,,0,,,,0,,,,,0,0,0,0,0,0,0,0,1,0,1,0,1,2,0,0,0,0,0,0,272,0,0.001,0.005
3065,0.349,0.258,0,0.002,0.031,0,0,,0,,,,0,,,,,0,0,0,0,0,0,0,0,1,0,1,0,1,2,0,0,0,0,0,0,272,0.001,0.001,0.003
3066,0.581,0.356,0,0.003,0.087,0,0,,0,,,,0,,,,,0,0,0,0,0,0,0,0,1,0,1,0,1,2,0,0,0,0,0,0,272,0,0.001,0.005
3067,0.345,0.231,0,0.003,0.031,0,0,,0,,,,0,,,,,0,0,0,0,0,0,0,0,1,0,1,0,1,2,0,0,0,0,0,0,272,0,0.001,0.004
3068,0.629,0.554,0,0.001,0.024,0,0,,0,,,,0,,,,,0,0,0,0,0,0,0,0,1,0,1,0,1,2,0,0,0,0,0,0,272,0.001,0,0.003
3069,0.465,0.401,0.001,0.001,0.022,0,0,,0,,,,0,,,,,0,0,0,0,0,0,0,0,1,0,1,0,1,2,0,0,0,0,0,0,272,0,0,0.003
3070,0.488,0.424,0,0.002,0.022,0,0,,0,,,,0,,,,,0,0,0,0,0,0,0,0,1,0,1,0,1,2,0,0,0,0,0,0,272,0,0,0.002
3071,0.589,0.417,0,0.003,0.072,0,0,,0,,,,0,,,,,0,0,0,0,0,0,0,0,1,0,1,0,1,2,0,0,0,0,0,0,272,0.001,0.001,0.005
3072,0.489,0.283,0,0.018,0.102,0,0,,0,,,,0,,,,,0,0,0,0,0,0,0,0,1,0,1,0,1,2,0,0,0,0,0,0,272,0,0,0.005
3073,0.484,0.251,0,0.001,0.176,0,0,,0,,,,0,,,,,0,0,0,0,0,0,0,0,1,0,1,0,1,2,0,0,0,0,0,0,272,0,0.001,0.003
3074,0.328,0.235,0.001,0.001,0.046,0,0,,0,,,,0,,,,,0,0,0,0,0,0,0,0,1,0,1,0,1,2,0,0,0,0,0,0,272,0,0,0.003
3075,0.482,0.392,0,0.001,0.042,0,0,,0,,,,0,,,,,0,0,0,0,0,0,0,0,1,0,1,0,1,2,0,0,0,0,0,0,272,0,0,0.002
3076,0.491,0.404,0,0.001,0.044,0,0,,0,,,,0,,,,,0,0,0,0,0,0,0,0,1,0,1,0,1,2,0,0,0,0,0,0,272,0,0,0.003
3077,0.543,0.43,0,0.002,0.055,0,0,,0,,,,0,,,,,0,0,0,0,0,0,0,0,1,0,1,0,1,2,0,0,0,0,0,0,272,0,0.001,0.003
3078,1.735,1.542,0,0.003,0.083,0,0,,0,,,,0,,,,,0,0,0,0,0,0,0,0,1,0,1,0,1,2,0,0,0,0,0,0,272,0,0.002,0.005
3079,4.441,4.296,0,0.004,0.038,0,0,,0,,,,0,,,,,0,0,0,0,0,0,0,0,1,0,1,0,1,2,0,0,0,0,0,0,272,0.001,0.001,0.005
3080,7.009,6.848,0.001,0.005,0.04,0,0,,0,,,,0,,,,,0,0,0,0,0,0,0,0,1,0,1,0,1,2,0,0,0,0,0,0,272,0,0.001,0.009
3081,0.849,0.66,0,0.003,0.053,0,0,,0,,,,0,,,,,0,0,0,0,0,0,0,0,1,0,1,0,1,2,0,0,0,0,0,0,272,0.001,0.003,0.009
3082,1.046,0.93,0.001,0.003,0.038,0,0,,0,,,,0,,,,,0,0,0,0,0,0,0,0,1,0,1,0,1,2,0,0,0,0,0,0,272,0.001,0.001,0.005
3083,2.261,2.1,0.001,0.003,0.042,0,0,,0,,,,0,,,,,0,0,0,0,0,0,0,0,1,0,1,0,1,2,0,0,0,0,0,0,272,0,0.002,0.006
3084,1.303,1.215,0.001,0.001,0.037,0,0,,0,,,,0,,,,,0,0,0,0,0,0,0,0,1,0,1,0,1,2,0,0,0,0,0,0,272,0,0.001,0.009
3085,0.869,0.791,0,0.001,0.035,0,0,,0,,,,0,,,,,0,0,0,0,0,0,0,0,1,0,1,0,1,2,0,0,0,0,0,0,272,0,0,0.003
3086,0.929,0.843,0,0.001,0.038,0,0,,0,,,,0,,,,,0,0,0,0,0,0,0,0,1,0,1,0,1,2,0,0,0,0,0,0,272,0,0,0.002
3087,0.992,0.871,0,0.002,0.048,0,0,,0,,,,0,,,,,0,0,0,0,0,0,0,0,1,0,1,0,1,2,0,0,0,0,0,0,272,0.001,0,0.004
3088,0.919,0.834,0,0.002,0.026,0,0,,0,,,,0,,,,,0,0,0,0,0,0,0,0,1,0,1,0,1,2,0,0,0,0,0,0,272,0.001,0,0.002
3089,1.22,1.097,0.001,0.01,0.046,0,0,,0,,,,0,,,,,0,0,0,0,0,0,0,0,1,0,1,0,1,2,0,0,0,0,0,0,272,0,0,0.004
3090,1.137,0.857,0.001,0.004,0.125,0,0,,1,1171.875,230309888,286482432,1,62503872,62503872,135081984,38823561584,0,0,0,0,0,0,0,0,1,0,1,0,1,2,0,0,0,0,0,0,272,0,0.001,0.008
3091,0.758,0.609,0,0.004,0.051,0,0,,0,,,,0,,,,,0,0,0,0,0,0,0,0,1,0,1,0,1,2,0,0,0,0,0,0,272,0,0.001,0.006
3092,0.933,0.76,0.001,0.001,0.056,0,0,,0,,,,0,,,,,0,0,0,0,0,0,0,0,1,0,1,0,1,2,0,0,0,0,0,0,272,0,0.001,0.006
3093,0.89,0.728,0,0.002,0.049,0,0,,0,,,,0,,,,,0,0,0,0,0,0,0,0,1,0,1,0,1,2,0,0,0,0,0,0,272,0,0.001,0.006
3094,0.817,0.705,0,0.002,0.03,0,0,,0,,,,0,,,,,0,0,0,0,0,0,0,0,1,0,1,0,1,2,0,0,0,0,0,0,272,0,0.001,0.003
3095,1.256,1.134,0.001,0.002,0.044,0,0,,0,,,,0,,,,,0,0,0,0,0,0,0,0,1,0,1,0,1,2,0,0,0,0,0,0,272,0.001,0.001,0.004
3096,0.913,0.834,0,0.001,0.031,0,0,,0,,,,0,,,,,0,0,0,0,0,0,0,0,1,0,1,0,1,2,0,0,0,0,0,0,272,0,0,0.002
3097,0.937,0.87,0,0.001,0.026,0,0,,0,,,,0,,,,,0,0,0,0,0,0,0,0,1,0,1,0,1,2,0,0,0,0,0,0,272,0,0,0.001
3098,0.984,0.884,0,0.001,0.041,0,0,,0,,,,0,,,,,0,0,0,0,0,0,0,0,1,0,1,0,1,2,0,0,0,0,0,0,272,0.001,0,0.003
3099,2.288,2.211,0,0.002,0.026,0,0,,0,,,,0,,,,,0,0,0,0,0,0,0,0,1,0,1,0,1,2,0,0,0,0,0,0,272,0,0,0.003
3100,1.447,1.372,0.001,0.001,0.035,0,0,,0,,,,0,,,,,0,0,0,0,0,0,0,0,1,0,1,0,1,2,0,0,0,0,0,0,272,0,0,0.003
3101,0.941,0.873,0,0.001,0.03,0,0,,0,,,,0,,,,,0,0,0,0,0,0,0,0,1,0,1,0,1,2,0,0,0,0,0,0,272,0,0,0.002
3102,0.979,0.891,0,0.002,0.033,0,0,,0,,,,0,,,,,0,0,0,0,0,0,0,0,1,0,1,0,1,2,0,0,0,0,0,0,272,0,0,0.003
3103,0.92,0.856,0,0.001,0.026,0,0,,0,,,,0,,,,,0,0,0,0,0,0,0,0,1,0,1,0,1,2,0,0,0,0,0,0,272,0,0,0.002
3104,1.366,1.206,0,0.004,0.043,0,0,,0,,,,0,,,,,0,0,0,0,0,0,0,0,1,0,1,0,1,2,0,0,0,0,0,0,272,0.001,0.001,0.007
3105,0.911,0.795,0,0.002,0.042,0,0,,0,,,,0,,,,,0,0,0,0,0,0,0,0,1,0,1,0,1,2,0,0,0,0,0,0,272,0.001,0,0.011
3106,0.906,0.83,0,0.001,0.033,0,0,,0,,,,0,,,,,0,0,0,0,0,0,0,0,1,0,1,0,1,2,0,0,0,0,0,0,272,0,0,0.002
3107,0.982,0.881,0,0.002,0.045,0,0,,0,,,,0,,,,,0,0,0,0,0,0,0,0,1,0,1,0,1,2,0,0,0,0,0,0,272,0.001,0,0.004
3108,0.982,0.847,0,0.002,0.042,0,0,,0,,,,0,,,,,0,0,0,0,0,0,0,0,1,0,1,0,1,2,0,0,0,0,0,0,272,0,0.001,0.004
3109,0.859,0.785,0,0.001,0.025,0,0,,0,,,,0,,,,,0,0,0,0,0,0,0,0,1,0,1,0,1,2,0,0,0,0,0,0,272,0,0,0.002
3110,1.266,1.162,0,0.002,0.044,0,0,,0,,,,0,,,,,0,0,0,0,0,0,0,0,1,0,1,0,1,2,0,0,0,0,0,0,272,0,0.001,0.003
3111,0.978,0.894,0,0.002,0.035,0,0,,0,,,,0,,,,,0,0,0,0,0,0,0,0,1,0,1,0,1,2,0,0,0,0,0,0,272,0,0.001,0.002
3112,0.902,0.819,0,0.001,0.049,0,0,,0,,,,0,,,,,0,0,0,0,0,0,0,0,1,0,1,0,1,2,0,0,0,0,0,0,272,0,0,0.002
3113,2.528,2.434,0,0.001,0.039,0,0,,0,,,,0,,,,,0,0,0,0,0,0,0,0,1,0,1,0,1,2,0,0,0,0,0,0,272,0,0,0.002
3114,0.924,0.855,0,0.001,0.036,0,0,,0,,,,0,,,,,0,0,0,0,0,0,0,0,1,0,1,0,1,2,0,0,0,0,0,0,272,0,0.001,0.002
3115,0.917,0.815,0,0.002,0.038,0,0,,0,,,,0,,,,,0,0,0,0,0,0,0,0,1,0,1,0,1,2,0,0,0,0,0,0,272,0,0.001,0.003
3116,0.898,0.815,0,0.001,0.032,0,0,,0,,,,0,,,,,0,0,0,0,0,0,0,0,1,0,1,0,1,2,0,0,0,0,0,0,272,0,0.001,0.003
3117,0.922,0.851,0.001,0.001,0.034,0,0,,0,,,,0,,,,,0,0,0,0,0,0,0,0,1,0,1,0,1,2,0,0,0,0,0,0,272,0,0,0.003
3118,0.925,0.861,0,0.001,0.029,0,0,,0,,,,0,,,,,0,0,0,0,0,0,0,0,1,0,1,0,1,2,0,0,0,0,0,0,272,0.001,0,0.002
3119,1.68,1.511,0.001,0.004,0.052,0,0,,0,,,,0,,,,,0,0,0,0,0,0,0,0,1,0,1,0,1,2,0,0,0,0,0,0,272,0.001,0.002,0.006
3120,0.972,0.859,0,0.003,0.035,0,0,,1,1187.5,230309888,286482432,1,62503872,62503872,135081984,38823561584,0,0,0,0,0,0,0,0,1,0,1,0,1,2,0,0,0,0,0,0,272,0,0,0.005
3121,0.886,0.76,0,0.002,0.041,0,0,,0,,,,0,,,,,0,0,0,0,0,0,0,0,1,0,1,0,1,2,0,0,0,0,0,0,272,0.001,0.001,0.004
3122,1.206,0.877,0.001,0.004,0.064,0,0,,0,,,,0,,,,,0,0,0,0,0,0,0,0,1,0,1,0,1,2,0,0,0,0,0,0,272,0,0.001,0.008
3123,0.645,0.524,0,0.003,0.033,0,0,,0,,,,0,,,,,0,0,0,0,0,0,0,0,1,0,1,0,1,2,0,0,0,0,0,0,272,0.001,0.001,0.004
3124,0.865,0.772,0,0.002,0.022,0,0,,0,,,,0,,,,,0,0,0,0,0,0,0,0,1,0,1,0,1,2,0,0,0,0,0,0,272,0.001,0.001,0.004
3125,1.354,1.145,0.001,0.004,0.069,0,0,,0,,,,0,,,,,0,0,0,0,0,0,0,0,1,0,1,0,1,2,0,0,0,0,0,0,272,0,0.001,0.007
3126,0.805,0.709,0,0.002,0.026,0,0,,0,,,,0,,,,,0,0,0,0,0,0,0,0,1,0,1,0,1,2,0,0,0,0,0,0,272,0,0.002,0.004
3127,0.959,0.843,0,0.001,0.024,0,0,,0,,,,0,,,,,0,0,0,0,0,0,0,0,1,0,1,0,1,2,0,0,0,0,0,0,272,0,0.001,0.002
3128,1.045,0.88,0.001,0.003,0.066,0,0,,0,,,,0,,,,,0,0,0,0,0,0,0,0,1,0,1,0,1,2,0,0,0,0,0,0,272,0.001,0.001,0.005
3129,2.24,2.119,0.001,0.002,0.044,0,0,,0,,,,0,,,,,0,0,0,0,0,0,0,0,1,0,1,0,1,2,0,0,0,0,0,0,272,0,0.001,0.004
3130,1.462,1.293,0.001,0.003,0.06,0,0,,0,,,,0,,,,,0,0,0,0,0,0,0,0,1,0,1,0,1,2,0,0,0,0,0,0,272,0,0.002,0.006
3131,0.905,0.778,0,0.003,0.04,0,0,,0,,,,0,,,,,0,0,0,0,0,0,0,0,1,0,1,0,1,2,0,0,0,0,0,0,272,0,0.001,0.005
3132,0.925,0.821,0,0.002,0.029,0,0,,0,,,,0,,,,,0,0,0,0,0,0,0,0,1,0,1,0,1,2,0,0,0,0,0,0,272,0,0.001,0.004
3133,1.078,0.893,0,0.003,0.062,0,0,,0,,,,0,,,,,0,0,0,0,0,0,0,0,1,0,1,0,1,2,0,0,0,0,0,0,272,0,0.001,0.006
3134,1.496,1.342,0,0.004,0.043,0,0,,0,,,,0,,,,,0,0,0,0,0,0,0,0,1,0,1,0,1,2,0,0,0,0,0,0,272,0,0.002,0.006
3135,1.614,1.495,0,0.003,0.032,0,0,,0,,,,0,,,,,0,0,0,0,0,0,0,0,1,0,1,0,1,2,0,0,0,0,0,0,272,0.001,0.001,0.005
3136,0.979,0.872,0,0.003,0.031,0,0,,0,,,,0,,,,,0,0,0,0,0,0,0,0,1,0,1,0,1,2,0,0,0,0,0,0,272,0,0.001,0.004
3137,0.894,0.803,0,0.002,0.025,0,0,,0,,,,0,,,,,0,0,0,0,0,0,0,0,1,0,1,0,1,2,0,0,0,0,0,0,272,0,0.001,0.004
3138,0.949,0.834,0,0.003,0.035,0,0,,0,,,,0,,,,,0,0,0,0,0,0,0,0,1,0,1,0,1,2,0,0,0,0,0,0,272,0,0,0.003
3139,1.281,1.18,0,0.001,0.042,0,0,,0,,,,0,,,,,0,0,0,0,0,0,0,0,1,0,1,0,1,2,0,0,0,0,0,0,272,0.001,0.001,0.002
3140,0.94,0.874,0,0.001,0.021,0,0,,0,,,,0,,,,,0,0,0,0,0,0,0,0,1,0,1,0,1,2,0,0,0,0,0,0,272,0,0.001,0.002
3141,1.039,0.918,0,0.002,0.031,0,0,,0,,,,0,,,,,0,0,0,0,0,0,0,0,1,0,1,0,1,2,0,0,0,0,0,0,272,0,0.001,0.005
3142,3.108,2.896,0,0.004,0.067,0,0,,0,,,,0,,,,,0,0,0,0,0,0,0,0,1,0,1,0,1,2,0,0,0,0,0,0,272,0,0.001,0.008
3143,4.333,4.114,0.001,0.005,0.052,0,0,,0,,,,0,,,,,0,0,0,0,0,0,0,0,1,0,1,0,1,2,0,0,0,0,0,0,272,0,0.002,0.008
3144,4.439,4.298,0.001,0.003,0.034,0,0,,0,,,,0,,,,,0,0,0,0,0,0,0,0,1,0,1,0,1,2,0,0,0,0,0,0,272,0.001,0.002,0.006
3145,0.81,0.649,0,0.003,0.049,0,0,,0,,,,0,,,,,0,0,0,0,0,0,0,0,1,0,1,0,1,2,0,0,0,0,0,0,272,0,0.001,0.006
3146,1.012,0.88,0,0.003,0.039,0,0,,0,,,,0,,,,,0,0,0,0,0,0,0,0,1,0,1,0,1,2,0,0,0,0,0,0,272,0,0.001,0.005
3147,0.789,0.693,0.001,0.001,0.041,0,0,,0,,,,0,,,,,0,0,0,0,0,0,0,0,1,0,1,0,1,2,0,0,0,0,0,0,272,0,0,0.003
3148,0.925,0.749,0,0.003,0.056,0,0,,0,,,,0,,,,,0,0,0,0,0,0,0,0,1,0,1,0,1,2,0,0,0,0,0,0,272,0,0.001,0.005
3149,0.741,0.635,0,0.002,0.045,0,0,,0,,,,0,,,,,0,0,0,0,0,0,0,0,1,0,1,0,1,2,0,0,0,0,0,0,272,0,0.001,0.004
3150,0.726,0.628,0,0.002,0.049,0,0,,1,1218.75,230309888,286482432,1,62503872,62503872,135081984,38823561584,0,0,0,0,0,0,0,0,1,0,1,0,1,2,0,0,0,0,0,0,272,0,0.001,0.003
3151,2.362,2.172,0.001,0.004,0.061,0,0,,0,,,,0,,,,,0,0,0,0,0,0,0,0,1,0,1,0,1,2,0,0,0,0,0,0,272,0.001,0.002,0.007
3152,0.66,0.564,0.001,0.001,0.035,0,0,,0,,,,0,,,,,0,0,0,0,0,0,0,0,1,0,1,0,1,2,0,0,0,0,0,0,272,0,0.001,0.003
3153,0.982,0.746,0.001,0.017,0.082,0,0,,0,,,,0,,,,,0,0,0,0,0,0,0,0,1,0,1,0,1,2,0,0,0,0,0,0,272,0.001,0.001,0.007
3154,0.662,0.539,0,0.002,0.037,0,0,,0,,,,0,,,,,0,0,0,0,0,0,0,0,1,0,1,0,1,2,0,0,0,0,0,0,272,0.001,0.001,0.004
3155,0.874,0.701,0,0.003,0.065,0,0,,0,,,,0,,,,,0,0,0,0,0,0,0,0,1,0,1,0,1,2,0,0,0,0,0,0,272,0,0.002,0.005
3156,0.746,0.51,0,0.003,0.087,0,0,,0,,,,0,,,,,0,0,0,0,0,0,0,0,1,0,1,0,1,2,0,0,0,0,0,0,272,0,0.001,0.028
3157,1.249,1.119,0,0.003,0.042,0,0,,0,,,,0,,,,,0,0,0,0,0,0,0,0,1,0,1,0,1,2,0,0,0,0,0,0,272,0,0.001,0.006
3158,0.746,0.637,0,0.002,0.028,0,0,,0,,,,0,,,,,0,0,0,0,0,0,0,0,1,0,1,0,1,2,0,0,0,0,0,0,272,0,0.001,0.004
3159,0.79,0.691,0,0.001,0.021,0,0,,0,,,,0,,,,,0,0,0,0,0,0,0,0,1,0,1,0,1,2,0,0,0,0,0,0,272,0.001,0,0.002
3160,0.932,0.719,0,0.004,0.08,0,0,,0,,,,0,,,,,0,0,0,0,0,0,0,0,1,0,1,0,1,2,0,0,0,0,0,0,272,0.001,0.002,0.006
3161,0.774,0.537,0.001,0.002,0.038,0,0,,0,,,,0,,,,,0,0,0,0,0,0,0,0,1,0,1,0,1,2,0,0,0,0,0,0,272,0,0.001,0.004
3162,0.681,0.516,0,0.003,0.032,0,0,,0,,,,0,,,,,0,0,0,0,0,0,0,0,1,0,1,0,1,2,0,0,0,0,0,0,272,0,0.001,0.006
3163,0.668,0.556,0.001,0.002,0.034,0,0,,0,,,,0,,,,,0,0,0,0,0,0,0,0,1,0,1,0,1,2,0,0,0,0,0,0,272,0,0.001,0.005
3164,1.122,1.017,0,0.003,0.031,0,0,,0,,,,0,,,,,0,0,0,0,0,0,0,0,1,0,1,0,1,2,0,0,0,0,0,0,272,0,0,0.005
3165,0.797,0.708,0,0.002,0.03,0,0,,0,,,,0,,,,,0,0,0,0,0,0,0,0,1,0,1,0,1,2,0,0,0,0,0,0,272,0,0.001,0.003
3166,0.757,0.699,0,0.001,0.022,0,0,,0,,,,0,,,,,0,0,0,0,0,0,0,0,1,0,1,0,1,2,0,0,0,0,0,0,272,0,0,0.002
3167,0.84,0.756,0,0.001,0.037,0,0,,0,,,,0,,,,,0,0,0,0,0,0,0,0,1,0,1,0,1,2,0,0,0,0,0,0,272,0,0,0.003
3168,8.276,8.049,0.001,0.005,0.051,0,0,,0,,,,0,,,,,0,0,0,0,0,0,0,0,1,0,1,0,1,2,0,0,0,0,0,0,272,0,0.002,0.011
3169,3.705,3.505,0.001,0.004,0.032,0,0,,0,,,,0,,,,,0,0,0,0,0,0,0,0,1,0,1,0,1,2,0,0,0,0,0,0,272,0.001,0.001,0.01
3170,0.499,0.387,0,0.003,0.027,0,0,,0,,,,0,,,,,0,0,0,0,0,0,0,0,1,0,1,0,1,2,0,0,0,0,0,0,272,0,0.002,0.006
3171,1.162,0.986,0,0.003,0.061,0,0,,0,,,,0,,,,,0,0,0,0,0,0,0,0,1,0,1,0,1,2,0,0,0,0,0,0,272,0.001,0.001,0.006
3172,0.544,0.442,0,0.002,0.047,0,0,,0,,,,0,,,,,0,0,0,0,0,0,0,0,1,0,1,0,1,2,0,0,0,0,0,0,272,0,0,0.002
3173,0.619,0.538,0,0.001,0.042,0,0,,0,,,,0,,,,,0,0,0,0,0,0,0,0,1,0,1,0,1,2,0,0,0,0,0,0,272,0,0,0.003
3174,0.629,0.543,0,0.002,0.028,0,0,,0,,,,0,,,,,0,0,0,0,0,0,0,0,1,0,1,0,1,2,0,0,0,0,0,0,272,0,0,0.004
3175,0.612,0.53,0,0.002,0.027,0,0,,0,,,,0,,,,,0,0,0,0,0,0,0,0,1,0,1,0,1,2,0,0,0,0,0,0,272,0,0.001,0.003
3176,0.644,0.556,0,0.002,0.029,0,0,,0,,,,0,,,,,0,0,0,0,0,0,0,0,1,0,1,0,1,2,0,0,0,0,0,0,272,0,0.001,0.003
3177,0.717,0.548,0,0.004,0.047,0,0,,0,,,,0,,,,,0,0,0,0,0,0,0,0,1,0,1,0,1,2,0,0,0,0,0,0,272,0.001,0.002,0.006
3178,1.974,1.855,0,0.002,0.036,0,0,,0,,,,0,,,,,0,0,0,0,0,0,0,0,1,0,1,0,1,2,0,0,0,0,0,0,272,0.001,0.001,0.005
3179,0.825,0.739,0,0.002,0.028,0,0,,0,,,,0,,,,,0,0,0,0,0,0,0,0,1,0,1,0,1,2,0,0,0,0,0,0,272,0,0.001,0.003
3180,0.607,0.548,0,0.001,0.025,0,0,,1,1234.375,230309888,286482432,1,62503872,62503872,135081984,38823561584,0,0,0,0,0,0,0,0,1,0,1,0,1,2,0,0,0,0,0,0,272,0,0,0.002
3181,0.704,0.571,0,0.003,0.045,0,0,,0,,,,0,,,,,0,0,0,0,0,0,0,0,1,0,1,0,1,2,0,0,0,0,0,0,272,0,0.001,0.005
3182,0.581,0.5,0,0.001,0.035,0,0,,0,,,,0,,,,,0,0,0,0,0,0,0,0,1,0,1,0,1,2,0,0,0,0,0,0,272,0,0.001,0.002
3183,0.591,0.545,0,0.001,0.024,0,0,,0,,,,0,,,,,0,0,0,0,0,0,0,0,1,0,1,0,1,2,0,0,0,0,0,0,272,0,0,0.002
3184,0.668,0.597,0,0.001,0.037,0,0,,0,,,,0,,,,,0,0,0,0,0,0,0,0,1,0,1,0,1,2,0,0,0,0,0,0,272,0,0,0.002
3185,1.268,1.164,0,0.001,0.02,0,0,,0,,,,0,,,,,0,0,0,0,0,0,0,0,1,0,1,0,1,2,0,0,0,0,0,0,272,0,0.001,0.002
3186,0.893,0.848,0,0.001,0.02,0,0,,0,,,,0,,,,,0,0,0,0,0,0,0,0,1,0,1,0,1,2,0,0,0,0,0,0,272,0,0,0.001
3187,0.99,0.898,0.001,0.001,0.033,0,0,,0,,,,0,,,,,0,0,0,0,0,0,0,0,1,0,1,0,1,2,0,0,0,0,0,0,272,0,0,0.003
3188,0.917,0.851,0,0.002,0.025,0,0,,0,,,,0,,,,,0,0,0,0,0,0,0,0,1,0,1,0,1,2,0,0,0,0,0,0,272,0.001,0,0.002
3189,1.038,0.884,0,0.004,0.046,0,0,,0,,,,0,,,,,0,0,0,0,0,0,0,0,1,0,1,0,1,2,0,0,0,0,0,0,272,0,0.001,0.006
3190,0.995,0.913,0,0.003,0.02,0,0,,0,,,,0,,,,,0,0,0,0,0,0,0,0,1,0,1,0,1,2,0,0,0,0,0,0,272,0,0.001,0.004
3191,1.308,1.129,0,0.003,0.074,0,0,,0,,,,0,,,,,0,0,0,0,0,0,0,0,1,0,1,0,1,2,0,0,0,0,0,0,272,0,0,0.005
3192,0.996,0.797,0,0.004,0.068,0,0,,0,,,,0,,,,,0,0,0,0,0,0,0,0,1,0,1,0,1,2,0,0,0,0,0,0,272,0.001,0.001,0.006
3193,0.828,0.705,0,0.003,0.019,0,0,,0,,,,0,,,,,0,0,0,0,0,0,0,0,1,0,1,0,1,2,0,0,0,0,0,0,272,0.001,0.002,0.007
3194,2.961,2.859,0,0.002,0.034,0,0,,0,,,,0,,,,,0,0,0,0,0,0,0,0,1,0,1,0,1,2,0,0,0,0,0,0,272,0,0,0.004
3195,1.062,0.913,0,0.003,0.049,0,0,,0,,,,0,,,,,0,0,0,0,0,0,0,0,1,0,1,0,1,2,0,0,0,0,0,0,272,0.001,0.001,0.005
3196,0.968,0.799,0.001,0.003,0.052,0,0,,0,,,,0,,,,,0,0,0,0,0,0,0,0,1,0,1,0,1,2,0,0,0,0,0,0,272,0,0.001,0.005
3197,0.914,0.756,0,0.003,0.056,0,0,,0,,,,0,,,,,0,0,0,0,0,0,0,0,1,0,1,0,1,2,0,0,0,0,0,0,272,0,0.001,0.005
3198,0.901,0.78,0,0.002,0.058,0,0,,0,,,,0,,,,,0,0,0,0,0,0,0,0,1,0,1,0,1,2,0,0,0,0,0,0,272,0,0,0.004
3199,1.533,1.412,0,0.003,0.039,0,0,,0,,,,0,,,,,0,0,0,0,0,0,0,0,1,0,1,0,1,2,0,0,0,0,0,0,272,0.001,0.001,0.005
3200,1.04,0.879,0.001,0.003,0.049,0,0,,0,,,,0,,,,,0,0,0,0,0,0,0,0,1,0,1,0,1,2,0,0,0,0,0,0,272,0,0.002,0.005
3201,0.964,0.837,0,0.003,0.031,0,0,,0,,,,0,,,,,0,0,0,0,0,0,0,0,1,0,1,0,1,2,0,0,0,0,0,0,272,0,0.002,0.004
3202,1.209,1.004,0,0.004,0.077,0,0,,0,,,,0,,,,,0,0,0,0,0,0,0,0,1,0,1,0,1,2,0,0,0,0,0,0,272,0.001,0.001,0.007
3203,0.732,0.472,0,0.004,0.137,0,0,,0,,,,0,,,,,0,0,0,0,0,0,0,0,1,0,1,0,1,2,0,0,0,0,0,0,272,0.001,0.001,0.006
3204,0.956,0.833,0,0.002,0.035,0,0,,0,,,,0,,,,,0,0,0,0,0,0,0,0,1,0,1,0,1,2,0,0,0,0,0,0,272,0,0,0.005
3205,1.294,1.112,0.001,0.003,0.055,0,0,,0,,,,0,,,,,0,0,0,0,0,0,0,0,1,0,1,0,1,2,0,0,0,0,0,0,272,0.001,0.001,0.006
3206,0.966,0.852,0,0.003,0.048,0,0,,0,,,,0,,,,,0,0,0,0,0,0,0,0,1,0,1,0,1,2,0,0,0,0,0,0,272,0.001,0,0.004
3207,0.936,0.846,0,0.001,0.046,0,0,,0,,,,0,,,,,0,0,0,0,0,0,0,0,1,0,1,0,1,2,0,0,0,0,0,0,272,0,0,0.002
3208,1.378,0.75,0,0.003,0.088,0,0,,0,,,,0,,,,,0,0,0,0,0,0,0,0,1,0,1,0,1,2,0,0,0,0,0,0,272,0,0.001,0.005
3209,2.288,2.138,0,0.004,0.043,0,0,,0,,,,0,,,,,0,0,0,0,0,0,0,0,1,0,1,0,1,2,0,0,0,0,0,0,272,0,0.002,0.007
3210,0.788,0.715,0,0.002,0.025,0,0,,1,1250,230375424,286482432,1,62503872,62503872,135081984,38823561584,0,0,0,0,0,0,0,0,1,0,1,0,1,2,0,0,0,0,0,0,272,0,0,0.004
3211,0.915,0.774,0,0.003,0.051,0,0,,0,,,,0,,,,,0,0,0,0,0,0,0,0,1,0,1,0,1,2,0,0,0,0,0,0,272,0,0.001,0.005
3212,0.721,0.608,0,0.003,0.037,0,0,,0,,,,0,,,,,0,0,0,0,0,0,0,0,1,0,1,0,1,2,0,0,0,0,0,0,272,0,0.001,0.004
3213,0.907,0.731,0,0.003,0.055,0,0,,0,,,,0,,,,,0,0,0,0,0,0,0,0,1,0,1,0,1,2,0,0,0,0,0,0,272,0,0.001,0.005
3214,0.685,0.568,0,0.001,0.032,0,0,,0,,,,0,,,,,0,0,0,0,0,0,0,0,1,0,1,0,1,2,0,0,0,0,0,0,272,0,0.001,0.004
3215,1.484,1.352,0.001,0.003,0.04,0,0,,0,,,,0,,,,,0,0,0,0,0,0,0,0,1,0,1,0,1,2,0,0,0,0,0,0,272,0,0.001,0.005
3216,0.794,0.68,0,0.003,0.035,0,0,,0,,,,0,,,,,0,0,0,0,0,0,0,0,1,0,1,0,1,2,0,0,0,0,0,0,272,0,0.001,0.004
3217,0.766,0.671,0,0.001,0.046,0,0,,0,,,,0,,,,,0,0,0,0,0,0,0,0,1,0,1,0,1,2,0,0,0,0,0,0,272,0,0,0.003
3218,0.821,0.725,0,0.002,0.027,0,0,,0,,,,0,,,,,0,0,0,0,0,0,0,0,1,0,1,0,1,2,0,0,0,0,0,0,272,0,0.001,0.003
3219,0.831,0.68,0,0.003,0.057,0,0,,0,,,,0,,,,,0,0,0,0,0,0,0,0,1,0,1,0,1,2,0,0,0,0,0,0,272,0.001,0.001,0.005
3220,0.729,0.629,0.001,0.002,0.029,0,0,,0,,,,0,,,,,0,0,0,0,0,0,0,0,1,0,1,0,1,2,0,0,0,0,0,0,272,0,0.001,0.004
3221,0.653,0.561,0.001,0.002,0.022,0,0,,0,,,,0,,,,,0,0,0,0,0,0,0,0,1,0,1,0,1,2,0,0,0,0,0,0,272,0.001,0.001,0.004
3222,0.976,0.903,0,0.002,0.022,0,0,,0,,,,0,,,,,0,0,0,0,0,0,0,0,1,0,1,0,1,2,0,0,0,0,0,0,272,0,0,0.002
3223,0.824,0.725,0.001,0,0.073,0,0,,0,,,,0,,,,,0,0,0,0,0,0,0,0,1,0,1,0,1,2,0,0,0,0,0,0,272,0,0,0.002
3224,0.851,0.72,0,0.002,0.044,0,0,,0,,,,0,,,,,0,0,0,0,0,0,0,0,1,0,1,0,1,2,0,0,0,0,0,0,272,0,0.002,0.003
3225,1.963,1.864,0,0.002,0.026,0,0,,0,,,,0,,,,,0,0,0,0,0,0,0,0,1,0,1,0,1,2,0,0,0,0,0,0,272,0,0,0.004
3226,1.331,1.265,0,0.002,0.019,0,0,,0,,,,0,,,,,0,0,0,0,0,0,0,0,1,0,1,0,1,2,0,0,0,0,0,0,272,0,0.001,0.002
3227,0.784,0.734,0,0.001,0.016,0,0,,0,,,,0,,,,,0,0,0,0,0,0,0,0,1,0,1,0,1,2,0,0,0,0,0,0,272,0.001,0,0.002
3228,0.845,0.754,0,0.002,0.031,0,0,,0,,,,0,,,,,0,0,0,0,0,0,0,0,1,0,1,0,1,2,0,0,0,0,0,0,272,0,0.001,0.003
3229,0.811,0.694,0,0.002,0.044,0,0,,0,,,,0,,,,,0,0,0,0,0,0,0,0,1,0,1,0,1,2,0,0,0,0,0,0,272,0,0,0.004
3230,0.687,0.62,0,0.002,0.027,0,0,,0,,,,0,,,,,0,0,0,0,0,0,0,0,1,0,1,0,1,2,0,0,0,0,0,0,272,0,0,0.002
3231,3.974,3.888,0,0.002,0.029,0,0,,0,,,,0,,,,,0,0,0,0,0,0,0,0,1,0,1,0,1,2,0,0,0,0,0,0,272,0,0.001,0.003
3232,3.226,3.075,0.001,0.004,0.04,0,0,,0,,,,0,,,,,0,0,0,0,0,0,0,0,1,0,1,0,1,2,0,0,0,0,0,0,272,0,0,0.007
3233,2.409,2.305,0.001,0.002,0.031,0,0,,0,,,,0,,,,,0,0,0,0,0,0,0,0,1,0,1,0,1,2,0,0,0,0,0,0,272,0,0.001,0.004
3234,3.076,2.994,0,0.002,0.027,0,0,,0,,,,0,,,,,0,0,0,0,0,0,0,0,1,0,1,0,1,2,0,0,0,0,0,0,272,0,0.001,0.003
3235,0.948,0.863,0,0.002,0.029,0,0,,0,,,,0,,,,,0,0,0,0,0,0,0,0,1,0,1,0,1,2,0,0,0,0,0,0,272,0,0.001,0.003
3236,0.911,0.743,0.001,0.002,0.052,0,0,,0,,,,0,,,,,0,0,0,0,0,0,0,0,1,0,1,0,1,2,0,0,0,0,0,0,272,0.001,0.002,0.007
3237,0.715,0.641,0,0.001,0.032,0,0,,0,,,,0,,,,,0,0,0,0,0,0,0,0,1,0,1,0,1,2,0,0,0,0,0,0,272,0,0,0.002
3238,0.891,0.763,0,0.002,0.046,0,0,,0,,,,0,,,,,0,0,0,0,0,0,0,0,1,0,1,0,1,2,0,0,0,0,0,0,272,0.001,0.001,0.004
3239,0.889,0.717,0,0.003,0.069,0,0,,0,,,,0,,,,,0,0,0,0,0,0,0,0,1,0,1,0,1,2,0,0,0,0,0,0,272,0,0.001,0.004
3240,0.789,0.673,0,0.003,0.037,0,0,,1,1250,230379520,286482432,1,62503872,62503872,135081984,38823561584,0,0,0,0,0,0,0,0,1,0,1,0,1,2,0,0,0,0,0,0,272,0,0.001,0.005
3241,1.188,1.051,0,0.003,0.054,0,0,,0,,,,0,,,,,0,0,0,0,0,0,0,0,1,0,1,0,1,2,0,0,0,0,0,0,272,0.001,0.001,0.005
3242,0.772,0.684,0,0.002,0.025,0,0,,0,,,,0,,,,,0,0,0,0,0,0,0,0,1,0,1,0,1,2,0,0,0,0,0,0,272,0,0,0.004
3243,0.912,0.732,0,0.003,0.063,0,0,,0,,,,0,,,,,0,0,0,0,0,0,0,0,1,0,1,0,1,2,0,0,0,0,0,0,272,0,0.001,0.006
3244,0.757,0.614,0,0.002,0.059,0,0,,0,,,,0,,,,,0,0,0,0,0,0,0,0,1,0,1,0,1,2,0,0,0,0,0,0,272,0,0,0.003
3245,0.804,0.682,0,0.002,0.036,0,0,,0,,,,0,,,,,0,0,0,0,0,0,0,0,1,0,1,0,1,2,0,0,0,0,0,0,272,0,0.001,0.004
3246,0.738,0.657,0,0.002,0.026,0,0,,0,,,,0,,,,,0,0,0,0,0,0,0,0,1,0,1,0,1,2,0,0,0,0,0,0,272,0,0,0.003
3247,1.105,1.013,0,0.002,0.031,0,0,,0,,,,0,,,,,0,0,0,0,0,0,0,0,1,0,1,0,1,2,0,0,0,0,0,0,272,0,0,0.004
3248,0.862,0.744,0,0.003,0.035,0,0,,0,,,,0,,,,,0,0,0,0,0,0,0,0,1,0,1,0,1,2,0,0,0,0,0,0,272,0,0.001,0.005
3249,0.845,0.712,0,0.003,0.047,0,0,,0,,,,0,,,,,0,0,0,0,0,0,0,0,1,0,1,0,1,2,0,0,0,0,0,0,272,0,0,0.003
3250,0.96,0.743,0,0.001,0.154,0,0,,0,,,,0,,,,,0,0,0,0,0,0,0,0,1,0,1,0,1,2,0,0,0,0,0,0,272,0,0,0.003
3251,2.297,2.181,0.001,0.002,0.032,0,0,,0,,,,0,,,,,0,0,0,0,0,0,0,0,1,0,1,0,1,2,0,0,0,0,0,0,272,0,0.001,0.005
3252,0.786,0.689,0,0.002,0.039,0,0,,0,,,,0,,,,,0,0,0,0,0,0,0,0,1,0,1,0,1,2,0,0,0,0,0,0,272,0.001,0,0.004
3253,0.992,0.732,0.001,0.004,0.119,0,0,,0,,,,0,,,,,0,0,0,0,0,0,0,0,1,0,1,0,1,2,0,0,0,0,0,0,272,0.001,0.003,0.008
3254,0.764,0.512,0,0.002,0.027,0,0,,0,,,,0,,,,,0,0,0,0,0,0,0,0,1,0,1,0,1,2,0,0,0,0,0,0,272,0,0,0.004
3255,0.614,0.537,0,0.001,0.035,0,0,,0,,,,0,,,,,0,0,0,0,0,0,0,0,1,0,1,0,1,2,0,0,0,0,0,0,272,0,0,0.002
3256,0.866,0.783,0,0.001,0.044,0,0,,0,,,,0,,,,,0,0,0,0,0,0,0,0,1,0,1,0,1,2,0,0,0,0,0,0,272,0,0,0.002
3257,0.884,0.777,0.042,0.001,0.027,0,0,,0,,,,0,,,,,0,0,0,0,0,0,0,0,1,0,1,0,1,2,0,0,0,0,0,0,272,0,0.001,0.002
3258,1.767,1.639,0,0.002,0.048,0,0,,0,,,,0,,,,,0,0,0,0,0,0,0,0,1,0,1,0,1,2,0,0,0,0,0,0,272,0,0.001,0.005
3259,0.694,0.593,0,0.001,0.045,0,0,,0,,,,0,,,,,0,0,0,0,0,0,0,0,1,0,1,0,1,2,0,0,0,0,0,0,272,0,0.001,0.003
3260,0.516,0.491,0,0.001,0.012,0,0,,0,,,,0,,,,,0,0,0,0,0,0,0,0,1,0,1,0,1,2,0,0,0,0,0,0,272,0,0,0.001
3261,0.723,0.612,0,0.001,0.037,0,0,,0,,,,0,,,,,0,0,0,0,0,0,0,0,1,0,1,0,1,2,0,0,0,0,0,0,272,0,0.001,0.005
3262,0.635,0.536,0.001,0.003,0.027,0,0,,0,,,,0,,,,,0,0,0,0,0,0,0,0,1,0,1,0,1,2,0,0,0,0,0,0,272,0,0.001,0.004
3263,0.631,0.514,0,0.002,0.038,0,0,,0,,,,0,,,,,0,0,0,0,0,0,0,0,1,0,1,0,1,2,0,0,0,0,0,0,272,0,0.001,0.004
3264,0.521,0.45,0,0.002,0.024,0,0,,0,,,,0,,,,,0,0,0,0,0,0,0,0,1,0,1,0,1,2,0,0,0,0,0,0,272,0,0,0.003
3265,1.018,0.865,0,0.003,0.05,0,0,,0,,,,0,,,,,0,0,0,0,0,0,0,0,1,0,1,0,1,2,0,0,0,0,0,0,272,0.001,0.001,0.006
3266,0.552,0.467,0.001,0.001,0.04,0,0,,0,,,,0,,,,,0,0,0,0,0,0,0,0,1,0,1,0,1,2,0,0,0,0,0,0,272,0,0,0.003
3267,0.635,0.556,0,0.001,0.046,0,0,,0,,,,0,,,,,0,0,0,0,0,0,0,0,1,0,1,0,1,2,0,0,0,0,0,0,272,0,0,0.001
3268,0.619,0.551,0,0.001,0.037,0,0,,0,,,,0,,,,,0,0,0,0,0,0,0,0,1,0,1,0,1,2,0,0,0,0,0,0,272,0,0,0.002
3269,0.653,0.565,0,0.001,0.057,0,0,,0,,,,0,,,,,0,0,0,0,0,0,0,0,1,0,1,0,1,2,0,0,0,0,0,0,272,0,0,0.002
3270,2.099,2.012,0,0.002,0.028,0,0,,1,1281.25,230379520,286482432,1,62503872,62503872,135081984,38823561584,0,0,0,0,0,0,0,0,1,0,1,0,1,2,0,0,0,0,0,0,272,0,0.001,0.004
3271,0.607,0.565,0,0,0.018,0,0,,0,,,,0,,,,,0,0,0,0,0,0,0,0,1,0,1,0,1,2,0,0,0,0,0,0,272,0,0,0.002
3272,0.758,0.6,0,0.003,0.045,0,0,,0,,,,0,,,,,0,0,0,0,0,0,0,0,1,0,1,0,1,2,0,0,0,0,0,0,272,0.001,0.001,0.006
3273,0.514,0.441,0.001,0.002,0.023,0,0,,0,,,,0,,,,,0,0,0,0,0,0,0,0,1,0,1,0,1,2,0,0,0,0,0,0,272,0.001,0.001,0.003
3274,0.865,0.665,0.001,0.003,0.093,0,0,,0,,,,0,,,,,0,0,0,0,0,0,0,0,1,0,1,0,1,2,0,0,0,0,0,0,272,0,0.001,0.005
3275,0.466,0.406,0,0.002,0.022,0,0,,0,,,,0,,,,,0,0,0,0,0,0,0,0,1,0,1,0,1,2,0,0,0,0,0,0,272,0,0.001,0.002
3276,0.653,0.518,0,0.003,0.048,0,0,,0,,,,0,,,,,0,0,0,0,0,0,0,0,1,0,1,0,1,2,0,0,0,0,0,0,272,0,0,0.004
3277,0.598,0.506,0,0.002,0.045,0,0,,0,,,,0,,,,,0,0,0,0,0,0,0,0,1,0,1,0,1,2,0,0,0,0,0,0,272,0.001,0,0.003
3278,1.014,0.947,0,0.001,0.032,0,0,,0,,,,0,,,,,0,0,0,0,0,0,0,0,1,0,1,0,1,2,0,0,0,0,0,0,272,0,0,0.002
3279,0.666,0.557,0,0.001,0.024,0,0,,0,,,,0,,,,,0,0,0,0,0,0,0,0,1,0,1,0,1,2,0,0,0,0,0,0,272,0,0,0.003
3280,0.56,0.513,0,0.001,0.018,0,0,,0,,,,0,,,,,0,0,0,0,0,0,0,0,1,0,1,0,1,2,0,0,0,0,0,0,272,0,0,0.001
3281,0.724,0.653,0,0.002,0.02,0,0,,0,,,,0,,,,,0,0,0,0,0,0,0,0,1,0,1,0,1,2,0,0,0,0,0,0,272,0,0,0.003
3282,0.784,0.759,0,0,0.012,0,0,,0,,,,0,,,,,0,0,0,0,0,0,0,0,1,0,1,0,1,2,0,0,0,0,0,0,272,0,0,0.001
3283,1.017,0.867,0,0.002,0.047,0,0,,0,,,,0,,,,,0,0,0,0,0,0,0,0,1,0,1,0,1,2,0,0,0,0,0,0,272,0,0.001,0.005
3284,0.842,0.71,0,0.001,0.031,0,0,,0,,,,0,,,,,0,0,0,0,0,0,0,0,1,0,1,0,1,2,0,0,0,0,0,0,272,0,0,0.003
3285,0.426,0.366,0,0.001,0.02,0,0,,0,,,,0,,,,,0,0,0,0,0,0,0,0,1,0,1,0,1,2,0,0,0,0,0,0,272,0,0,0.002
3286,0.766,0.642,0.001,0.003,0.051,0,0,,0,,,,0,,,,,0,0,0,0,0,0,0,0,1,0,1,0,1,2,0,0,0,0,0,0,272,0,0.001,0.005
3287,0.441,0.345,0,0.002,0.052,0,0,,0,,,,0,,,,,0,0,0,0,0,0,0,0,1,0,1,0,1,2,0,0,0,0,0,0,272,0,0.001,0.002
3288,0.485,0.402,0,0.002,0.024,0,0,,0,,,,0,,,,,0,0,0,0,0,0,0,0,1,0,1,0,1,2,0,0,0,0,0,0,272,0,0.002,0.003
3289,0.418,0.373,0.001,0,0.028,0,0,,0,,,,0,,,,,0,0,0,0,0,0,0,0,1,0,1,0,1,2,0,0,0,0,0,0,272,0,0,0.001
3290,0.489,0.412,0,0.001,0.041,0,0,,0,,,,0,,,,,0,0,0,0,0,0,0,0,1,0,1,0,1,2,0,0,0,0,0,0,272,0.001,0,0.002
3291,0.431,0.357,0,0.001,0.039,0,0,,0,,,,0,,,,,0,0,0,0,0,0,0,0,1,0,1,0,1,2,0,0,0,0,0,0,272,0,0,0.002
3292,0.44,0.368,0,0.001,0.039,0,0,,0,,,,0,,,,,0,0,0,0,0,0,0,0,1,0,1,0,1,2,0,0,0,0,0,0,272,0,0,0.002
3293,1.957,1.85,0.001,0.002,0.047,0,0,,0,,,,0,,,,,0,0,0,0,0,0,0,0,1,0,1,0,1,2,0,0,0,0,0,0,272,0,0,0.003
3294,0.842,0.748,0.001,0.002,0.023,0,0,,0,,,,0,,,,,0,0,0,0,0,0,0,0,1,0,1,0,1,2,0,0,0,0,0,0,272,0,0.001,0.005
3295,0.847,0.733,0,0.001,0.047,0,0,,0,,,,0,,,,,0,0,0,0,0,0,0,0,1,0,1,0,1,2,0,0,0,0,0,0,272,0,0.001,0.003
3296,0.907,0.742,0,0.004,0.051,0,0,,0,,,,0,,,,,0,0,0,0,0,0,0,0,1,0,1,0,1,2,0,0,0,0,0,0,272,0,0.001,0.005
3297,0.835,0.668,0,0.003,0.056,0,0,,0,,,,0,,,,,0,0,0,0,0,0,0,0,1,0,1,0,1,2,0,0,0,0,0,0,272,0,0.001,0.005
3298,0.747,0.679,0,0.002,0.024,0,0,,0,,,,0,,,,,0,0,0,0,0,0,0,0,1,0,1,0,1,2,0,0,0,0,0,0,272,0,0.001,0.003
3299,0.853,0.755,0,0.002,0.042,0,0,,0,,,,0,,,,,0,0,0,0,0,0,0,0,1,0,1,0,1,2,0,0,0,0,0,0,272,0,0.001,0.002
3300,1.223,1.14,0,0.002,0.024,0,0,,1,1296.875,230379520,286482432,1,62503872,62503872,135081984,38823561584,0,0,0,0,0,0,0,0,1,0,1,0,1,2,0,0,0,0,0,0,272,0,0.001,0.002
3301,0.83,0.675,0,0.003,0.047,0,0,,0,,,,0,,,,,0,0,0,0,0,0,0,0,1,0,1,0,1,2,0,0,0,0,0,0,272,0,0.001,0.006
3302,0.677,0.584,0,0.002,0.043,0,0,,0,,,,0,,,,,0,0,0,0,0,0,0,0,1,0,1,0,1,2,0,0,0,0,0,0,272,0,0,0.003
3303,0.757,0.684,0,0.001,0.038,0,0,,0,,,,0,,,,,0,0,0,0,0,0,0,0,1,0,1,0,1,2,0,0,0,0,0,0,272,0,0,0.003
3304,0.804,0.664,0,0.003,0.05,0,0,,0,,,,0,,,,,0,0,0,0,0,0,0,0,1,0,1,0,1,2,0,0,0,0,0,0,272,0,0.001,0.005
3305,0.775,0.62,0,0.003,0.042,0,0,,0,,,,0,,,,,0,0,0,0,0,0,0,0,1,0,1,0,1,2,0,0,0,0,0,0,272,0,0.001,0.005
3306,0.688,0.614,0,0.002,0.018,0,0,,0,,,,0,,,,,0,0,0,0,0,0,0,0,1,0,1,0,1,2,0,0,0,0,0,0,272,0,0.001,0.003
3307,0.77,0.637,0.001,0.001,0.024,0,0,,0,,,,0,,,,,0,0,0,0,0,0,0,0,1,0,1,0,1,2,0,0,0,0,0,0,272,0,0,0.002
3308,1.038,0.903,0,0.003,0.048,0,0,,0,,,,0,,,,,0,0,0,0,0,0,0,0,1,0,1,0,1,2,0,0,0,0,0,0,272,0,0,0.005
3309,0.753,0.623,0.001,0.002,0.05,0,0,,0,,,,0,,,,,0,0,0,0,0,0,0,0,1,0,1,0,1,2,0,0,0,0,0,0,272,0.001,0.001,0.004
3310,0.69,0.627,0,0.001,0.019,0,0,,0,,,,0,,,,,0,0,0,0,0,0,0,0,1,0,1,0,1,2,0,0,0,0,0,0,272,0,0,0.002
3311,0.788,0.689,0,0.002,0.035,0,0,,0,,,,0,,,,,0,0,0,0,0,0,0,0,1,0,1,0,1,2,0,0,0,0,0,0,272,0,0,0.003
3312,2.52,2.366,0,0.003,0.045,0,0,,0,,,,0,,,,,0,0,0,0,0,0,0,0,1,0,1,0,1,2,0,0,0,0,0,0,272,0,0.001,0.005
3313,0.729,0.631,0,0.002,0.022,0,0,,0,,,,0,,,,,0,0,0,0,0,0,0,0,1,0,1,0,1,2,0,0,0,0,0,0,272,0,0.001,0.004
3314,0.822,0.633,0,0.003,0.066,0,0,,0,,,,0,,,,,0,0,0,0,0,0,0,0,1,0,1,0,1,2,0,0,0,0,0,0,272,0,0.001,0.006
3315,0.694,0.562,0.001,0.002,0.047,0,0,,0,,,,0,,,,,0,0,0,0,0,0,0,0,1,0,1,0,1,2,0,0,0,0,0,0,272,0,0,0.005
3316,0.744,0.616,0,0.003,0.045,0,0,,0,,,,0,,,,,0,0,0,0,0,0,0,0,1,0,1,0,1,2,0,0,0,0,0,0,272,0.001,0,0.005
3317,0.688,0.604,0,0.002,0.034,0,0,,0,,,,0,,,,,0,0,0,0,0,0,0,0,1,0,1,0,1,2,0,0,0,0,0,0,272,0,0.001,0.003
3318,0.726,0.657,0,0.001,0.034,0,0,,0,,,,0,,,,,0,0,0,0,0,0,0,0,1,0,1,0,1,2,0,0,0,0,0,0,272,0,0.001,0.001
3319,0.831,0.689,0.001,0.001,0.038,0,0,,0,,,,0,,,,,0,0,0,0,0,0,0,0,1,0,1,0,1,2,0,0,0,0,0,0,272,0,0.001,0.026
3320,1.329,1.185,0,0.003,0.043,0,0,,0,,,,0,,,,,0,0,0,0,0,0,0,0,1,0,1,0,1,2,0,0,0,0,0,0,272,0,0.002,0.005
3321,0.665,0.585,0,0.001,0.025,0,0,,0,,,,0,,,,,0,0,0,0,0,0,0,0,1,0,1,0,1,2,0,0,0,0,0,0,272,0.001,0.001,0.002
3322,0.78,0.666,0.001,0.002,0.037,0,0,,0,,,,0,,,,,0,0,0,0,0,0,0,0,1,0,1,0,1,2,0,0,0,0,0,0,272,0,0,0.003
3323,0.73,0.635,0,0.002,0.031,0,0,,0,,,,0,,,,,0,0,0,0,0,0,0,0,1,0,1,0,1,2,0,0,0,0,0,0,272,0,0,0.004
3324,0.781,0.658,0,0.003,0.037,0,0,,0,,,,0,,,,,0,0,0,0,0,0,0,0,1,0,1,0,1,2,0,0,0,0,0,0,272,0.001,0.001,0.004
3325,0.612,0.548,0,0.002,0.015,0,0,,0,,,,0,,,,,0,0,0,0,0,0,0,0,1,0,1,0,1,2,0,0,0,0,0,0,272,0.001,0,0.003
3326,1.027,0.925,0,0.001,0.035,0,0,,0,,,,0,,,,,0,0,0,0,0,0,0,0,1,0,1,0,1,2,0,0,0,0,0,0,272,0.001,0.001,0.003
3327,0.744,0.666,0,0.001,0.024,0,0,,0,,,,0,,,,,0,0,0,0,0,0,0,0,1,0,1,0,1,2,0,0,0,0,0,0,272,0,0,0.003
3328,0.755,0.662,0,0.002,0.04,0,0,,0,,,,0,,,,,0,0,0,0,0,0,0,0,1,0,1,0,1,2,0,0,0,0,0,0,272,0,0.001,0.002
3329,0.716,0.646,0,0.001,0.035,0,0,,0,,,,0,,,,,0,0,0,0,0,0,0,0,1,0,1,0,1,2,0,0,0,0,0,0,272,0,0,0.002
3330,2.093,2.016,0,0.001,0.028,0,0,,1,1296.875,230379520,286482432,1,62503872,62503872,135081984,38823561584,0,0,0,0,0,0,0,0,1,0,1,0,1,2,0,0,0,0,0,0,272,0,0,0.002
3331,0.717,0.63,0,0.002,0.026,0,0,,0,,,,0,,,,,0,0,0,0,0,0,0,0,1,0,1,0,1,2,0,0,0,0,0,0,272,0,0.001,0.003
3332,0.733,0.662,0,0.002,0.022,0,0,,0,,,,0,,,,,0,0,0,0,0,0,0,0,1,0,1,0,1,2,0,0,0,0,0,0,272,0,0.001,0.003
3333,0.837,0.738,0,0.002,0.033,0,0,,0,,,,0,,,,,0,0,0,0,0,0,0,0,1,0,1,0,1,2,0,0,0,0,0,0,272,0,0.001,0.003
3334,0.855,0.79,0,0.001,0.023,0,0,,0,,,,0,,,,,0,0,0,0,0,0,0,0,1,0,1,0,1,2,0,0,0,0,0,0,272,0,0,0.002
3335,0.912,0.843,0,0.001,0.017,0,0,,0,,,,0,,,,,0,0,0,0,0,0,0,0,1,0,1,0,1,2,0,0,0,0,0,0,272,0,0.001,0.002
3336,0.89,0.785,0,0.002,0.034,0,0,,0,,,,0,,,,,0,0,0,0,0,0,0,0,1,0,1,0,1,2,0,0,0,0,0,0,272,0,0,0.004
3337,2.062,1.965,0,0.003,0.029,0,0,,0,,,,0,,,,,0,0,0,0,0,0,0,0,1,0,1,0,1,2,0,0,0,0,0,0,272,0.001,0.001,0.003
3338,0.906,0.863,0,0.001,0.016,0,0,,0,,,,0,,,,,0,0,0,0,0,0,0,0,1,0,1,0,1,2,0,0,0,0,0,0,272,0,0.001,0.002
3339,0.913,0.876,0,0.001,0.013,0,0,,0,,,,0,,,,,0,0,0,0,0,0,0,0,1,0,1,0,1,2,0,0,0,0,0,0,272,0,0,0.001
3340,1.195,0.92,0,0.003,0.109,0,0,,0,,,,0,,,,,0,0,0,0,0,0,0,0,1,0,1,0,1,2,0,0,0,0,0,0,272,0,0.001,0.006
3341,0.683,0.588,0,0.003,0.038,0,0,,0,,,,0,,,,,0,0,0,0,0,0,0,0,1,0,1,0,1,2,0,0,0,0,0,0,272,0.001,0.001,0.002
3342,0.905,0.742,0.001,0.002,0.021,0,0,,0,,,,0,,,,,0,0,0,0,0,0,0,0,1,0,1,0,1,2,0,0,0,0,0,0,272,0,0,0.003
3343,1.103,1.021,0.001,0.001,0.025,0,0,,0,,,,0,,,,,0,0,0,0,0,0,0,0,1,0,1,0,1,2,0,0,0,0,0,0,272,0.001,0,0.003
3344,1.094,1.003,0,0.002,0.033,0,0,,0,,,,0,,,,,0,0,0,0,0,0,0,0,1,0,1,0,1,2,0,0,0,0,0,0,272,0.001,0,0.003
3345,1.212,1.077,0,0.003,0.034,0,0,,0,,,,0,,,,,0,0,0,0,0,0,0,0,1,0,1,0,1,2,0,0,0,0,0,0,272,0,0.001,0.005
3346,2.607,2.52,0,0.002,0.026,0,0,,0,,,,0,,,,,0,0,0,0,0,0,0,0,1,0,1,0,1,2,0,0,0,0,0,0,272,0,0,0.003
3347,1.061,0.966,0,0.001,0.037,0,0,,0,,,,0,,,,,0,0,0,0,0,0,0,0,1,0,1,0,1,2,0,0,0,0,0,0,272,0,0,0.003
3348,1.284,1.21,0,0.002,0.023,0,0,,0,,,,0,,,,,0,0,0,0,0,0,0,0,1,0,1,0,1,2,0,0,0,0,0,0,272,0.001,0,0.003
3349,0.714,0.629,0.001,0.001,0.046,0,0,,0,,,,0,,,,,0,0,0,0,0,0,0,0,1,0,1,0,1,2,0,0,0,0,0,0,272,0,0,0.002
3350,0.932,0.781,0,0.002,0.082,0,0,,0,,,,0,,,,,0,0,0,0,0,0,0,0,1,0,1,0,1,2,0,0,0,0,0,0,272,0,0,0.004
3351,1.224,1.137,0.001,0.002,0.025,0,0,,0,,,,0,,,,,0,0,0,0,0,0,0,0,1,0,1,0,1,2,0,0,0,0,0,0,272,0,0,0.004
3352,0.833,0.76,0,0.002,0.022,0,0,,0,,,,0,,,,,0,0,0,0,0,0,0,0,1,0,1,0,1,2,0,0,0,0,0,0,272,0,0.001,0.002
3353,1.021,0.851,0,0.004,0.046,0,0,,0,,,,0,,,,,0,0,0,0,0,0,0,0,1,0,1,0,1,2,0,0,0,0,0,0,272,0,0.001,0.005
3354,0.834,0.723,0,0.002,0.046,0,0,,0,,,,0,,,,,0,0,0,0,0,0,0,0,1,0,1,0,1,2,0,0,0,0,0,0,272,0,0,0.004
3355,0.999,0.845,0,0.003,0.057,0,0,,0,,,,0,,,,,0,0,0,0,0,0,0,0,1,0,1,0,1,2,0,0,0,0,0,0,272,0,0.001,0.005
3356,0.764,0.682,0,0.002,0.021,0,0,,0,,,,0,,,,,0,0,0,0,0,0,0,0,1,0,1,0,1,2,0,0,0,0,0,0,272,0,0.001,0.003
3357,0.896,0.829,0,0.001,0.023,0,0,,0,,,,0,,,,,0,0,0,0,0,0,0,0,1,0,1,0,1,2,0,0,0,0,0,0,272,0,0,0.003
3358,1.2,1.077,0,0.003,0.037,0,0,,0,,,,0,,,,,0,0,0,0,0,0,0,0,1,0,1,0,1,2,0,0,0,0,0,0,272,0,0.001,0.006
3359,1.028,0.935,0,0.002,0.023,0,0,,0,,,,0,,,,,0,0,0,0,0,0,0,0,1,0,1,0,1,2,0,0,0,0,0,0,272,0,0,0.004
3360,1.16,1.073,0,0.002,0.025,0,0,,1,1312.5,230379520,286482432,1,62503872,62503872,135081984,38823561584,0,0,0,0,0,0,0,0,1,0,1,0,1,2,0,0,0,0,0,0,272,0,0,0.004
3361,2.585,2.499,0,0.002,0.025,0,0,,0,,,,0,,,,,0,0,0,0,0,0,0,0,1,0,1,0,1,2,0,0,0,0,0,0,272,0.001,0.001,0.003
3362,1.034,0.979,0.001,0,0.016,0,0,,0,,,,0,,,,,0,0,0,0,0,0,0,0,1,0,1,0,1,2,0,0,0,0,0,0,272,0,0,0.002
3363,1.497,1.339,0,0.004,0.029,0,0,,0,,,,0,,,,,0,0,0,0,0,0,0,0,1,0,1,0,1,2,0,0,0,0,0,0,272,0,0.001,0.007
3364,1.054,0.885,0,0.003,0.052,0,0,,0,,,,0,,,,,0,0,0,0,0,0,0,0,1,0,1,0,1,2,0,0,0,0,0,0,272,0,0.001,0.006
3365,0.81,0.723,0,0.001,0.025,0,0,,0,,,,0,,,,,0,0,0,0,0,0,0,0,1,0,1,0,1,2,0,0,0,0,0,0,272,0,0,0.004
3366,1.403,1.327,0,0.002,0.025,0,0,,0,,,,0,,,,,0,0,0,0,0,0,0,0,1,0,1,0,1,2,0,0,0,0,0,0,272,0,0,0.004
3367,1.087,0.921,0,0.003,0.049,0,0,,0,,,,0,,,,,0,0,0,0,0,0,0,0,1,0,1,0,1,2,0,0,0,0,0,0,272,0,0.001,0.005
3368,0.89,0.761,0,0.002,0.053,0,0,,0,,,,0,,,,,0,0,0,0,0,0,0,0,1,0,1,0,1,2,0,0,0,0,0,0,272,0,0.001,0.004
3369,0.825,0.719,0,0.002,0.032,0,0,,0,,,,0,,,,,0,0,0,0,0,0,0,0,1,0,1,0,1,2,0,0,0,0,0,0,272,0,0.001,0.004
3370,0.881,0.752,0,0.003,0.037,0,0,,0,,,,0,,,,,0,0,0,0,0,0,0,0,1,0,1,0,1,2,0,0,0,0,0,0,272,0,0.001,0.005
3371,0.706,0.643,0,0.002,0.015,0,0,,0,,,,0,,,,,0,0,0,0,0,0,0,0,1,0,1,0,1,2,0,0,0,0,0,0,272,0,0.001,0.002
3372,1.21,1.116,0,0.002,0.033,0,0,,0,,,,0,,,,,0,0,0,0,0,0,0,0,1,0,1,0,1,2,0,0,0,0,0,0,272,0,0.001,0.003
3373,0.887,0.744,0,0.002,0.028,0,0,,0,,,,0,,,,,0,0,0,0,0,0,0,0,1,0,1,0,1,2,0,0,0,0,0,0,272,0,0.042,0.005
3374,0.646,0.496,0,0.003,0.04,0,0,,0,,,,0,,,,,0,0,0,0,0,0,0,0,1,0,1,0,1,2,0,0,0,0,0,0,272,0.001,0.001,0.006
3375,0.71,0.631,0,0.002,0.019,0,0,,0,,,,0,,,,,0,0,0,0,0,0,0,0,1,0,1,0,1,2,0,0,0,0,0,0,272,0,0.001,0.003
3376,3.42,3.195,0,0.004,0.082,0,0,,0,,,,0,,,,,0,0,0,0,0,0,0,0,1,0,1,0,1,2,0,0,0,0,0,0,272,0,0.001,0.007
3377,0.834,0.666,0.001,0.003,0.037,0,0,,0,,,,0,,,,,0,0,0,0,0,0,0,0,1,0,1,0,1,2,0,0,0,0,0,0,272,0.001,0.001,0.006
3378,0.734,0.684,0,0.003,0.018,0,0,,0,,,,0,,,,,0,0,0,0,0,0,0,0,1,0,1,0,1,2,0,0,0,0,0,0,272,0,0,0.002
3379,0.886,0.785,0,0.002,0.04,0,0,,0,,,,0,,,,,0,0,0,0,0,0,0,0,1,0,1,0,1,2,0,0,0,0,0,0,272,0,0.001,0.003
3380,0.754,0.716,0,0.001,0.017,0,0,,0,,,,0,,,,,0,0,0,0,0,0,0,0,1,0,1,0,1,2,0,0,0,0,0,0,272,0,0,0.001
3381,1.48,1.357,0,0.002,0.022,0,0,,0,,,,0,,,,,0,0,0,0,0,0,0,0,1,0,1,0,1,2,0,0,0,0,0,0,272,0,0,0.002
3382,0.79,0.738,0,0.001,0.018,0,0,,0,,,,0,,,,,0,0,0,0,0,0,0,0,1,0,1,0,1,2,0,0,0,0,0,0,272,0.001,0,0.002
3383,0.9,0.799,0,0.001,0.038,0,0,,0,,,,0,,,,,0,0,0,0,0,0,0,0,1,0,1,0,1,2,0,0,0,0,0,0,272,0,0,0.004
3384,0.756,0.715,0,0.001,0.019,0,0,,0,,,,0,,,,,0,0,0,0,0,0,0,0,1,0,1,0,1,2,0,0,0,0,0,0,272,0,0,0.001
3385,0.916,0.812,0.001,0.002,0.029,0,0,,0,,,,0,,,,,0,0,0,0,0,0,0,0,1,0,1,0,1,2,0,0,0,0,0,0,272,0,0.002,0.003
3386,0.854,0.707,0,0.003,0.043,0,0,,0,,,,0,,,,,0,0,0,0,0,0,0,0,1,0,1,0,1,2,0,0,0,0,0,0,272,0.001,0.001,0.005
3387,0.807,0.617,0,0.002,0.054,0,0,,0,,,,0,,,,,0,0,0,0,0,0,0,0,1,0,1,0,1,2,0,0,0,0,0,0,272,0,0.001,0.003
3388,0.959,0.876,0,0.002,0.022,0,0,,0,,,,0,,,,,0,0,0,0,0,0,0,0,1,0,1,0,1,2,0,0,0,0,0,0,272,0,0,0.004
3389,0.595,0.538,0,0.001,0.017,0,0,,0,,,,0,,,,,0,0,0,0,0,0,0,0,1,0,1,0,1,2,0,0,0,0,0,0,272,0,0,0.002
3390,1.58,1.495,0,0.002,0.024,0,0,,1,1328.125,230379520,286482432,1,62503872,62503872,135081984,38823561584,0,0,0,0,0,0,0,0,1,0,1,0,1,2,0,0,0,0,0,0,272,0,0,0.004
3391,2.472,2.399,0,0.002,0.026,0,0,,0,,,,0,,,,,0,0,0,0,0,0,0,0,1,0,1,0,1,2,0,0,0,0,0,0,272,0,0,0.002
3392,0.866,0.825,0,0,0.02,0,0,,0,,,,0,,,,,0,0,0,0,0,0,0,0,1,0,1,0,1,2,0,0,0,0,0,0,272,0,0,0.001
3393,0.993,0.918,0,0.002,0.029,0,0,,0,,,,0,,,,,0,0,0,0,0,0,0,0,1,0,1,0,1,2,0,0,0,0,0,0,272,0,0.001,0.002
3394,0.955,0.807,0,0.003,0.047,0,0,,0,,,,0,,,,,0,0,0,0,0,0,0,0,1,0,1,0,1,2,0,0,0,0,0,0,272,0,0.001,0.004
3395,0.89,0.753,0.001,0.002,0.044,0,0,,0,,,,0,,,,,0,0,0,0,0,0,0,0,1,0,1,0,1,2,0,0,0,0,0,0,272,0.001,0.001,0.005
3396,1.467,1.349,0,0.003,0.043,0,0,,0,,,,0,,,,,0,0,0,0,0,0,0,0,1,0,1,0,1,2,0,0,0,0,0,0,272,0,0.001,0.004
3397,0.892,0.773,0.001,0.002,0.03,0,0,,0,,,,0,,,,,0,0,0,0,0,0,0,0,1,0,1,0,1,2,0,0,0,0,0,0,272,0,0.001,0.003
3398,0.836,0.785,0,0.001,0.019,0,0,,0,,,,0,,,,,0,0,0,0,0,0,0,0,1,0,1,0,1,2,0,0,0,0,0,0,272,0,0.001,0.001
3399,0.956,0.869,0,0.001,0.028,0,0,,0,,,,0,,,,,0,0,0,0,0,0,0,0,1,0,1,0,1,2,0,0,0,0,0,0,272,0.001,0,0.003
3400,2.134,2.022,0,0.002,0.027,0,0,,0,,,,0,,,,,0,0,0,0,0,0,0,0,1,0,1,0,1,2,0,0,0,0,0,0,272,0,0.001,0.005
3401,2.81,2.705,0,0.003,0.026,0,0,,0,,,,0,,,,,0,0,0,0,0,0,0,0,1,0,1,0,1,2,0,0,0,0,0,0,272,0,0.001,0.005
3402,8.355,8.179,0,0.003,0.06,0,0,,0,,,,0,,,,,0,0,0,0,0,0,0,0,1,0,1,0,1,2,0,0,0,0,0,0,272,0,0.001,0.007
3403,0.527,0.438,0,0.002,0.036,0,0,,0,,,,0,,,,,0,0,0,0,0,0,0,0,1,0,1,0,1,2,0,0,0,0,0,0,272,0,0.001,0.002
3404,0.763,0.587,0.001,0.004,0.045,0,0,,0,,,,0,,,,,0,0,0,0,0,0,0,0,1,0,1,0,1,2,0,0,0,0,0,0,272,0.001,0.002,0.007
3405,0.456,0.373,0,0.001,0.033,0,0,,0,,,,0,,,,,0,0,0,0,0,0,0,0,1,0,1,0,1,2,0,0,0,0,0,0,272,0,0.001,0.003
3406,0.647,0.58,0,0.001,0.03,0,0,,0,,,,0,,,,,0,0,0,0,0,0,0,0,1,0,1,0,1,2,0,0,0,0,0,0,272,0,0,0.002
3407,0.633,0.579,0.001,0,0.026,0,0,,0,,,,0,,,,,0,0,0,0,0,0,0,0,1,0,1,0,1,2,0,0,0,0,0,0,272,0.001,0,0.002
3408,0.91,0.603,0,0.001,0.26,0,0,,0,,,,0,,,,,0,0,0,0,0,0,0,0,1,0,1,0,1,2,0,0,0,0,0,0,272,0,0.001,0.002
3409,0.353,0.222,0,0.003,0.034,0,0,,0,,,,0,,,,,0,0,0,0,0,0,0,0,1,0,1,0,1,2,0,0,0,0,0,0,272,0,0.001,0.005
3410,4.192,3.957,0.001,0.005,0.064,0,0,,0,,,,0,,,,,0,0,0,0,0,0,0,0,1,0,1,0,1,2,0,0,0,0,0,0,272,0.001,0.002,0.009
3411,4.602,4.428,0.001,0.004,0.052,0,0,,0,,,,0,,,,,0,0,0,0,0,0,0,0,1,0,1,0,1,2,0,0,0,0,0,0,272,0,0.001,0.007
3412,0.912,0.735,0,0.004,0.054,0,0,,0,,,,0,,,,,0,0,0,0,0,0,0,0,1,0,1,0,1,2,0,0,0,0,0,0,272,0.001,0.002,0.007
3413,0.842,0.743,0,0.003,0.042,0,0,,0,,,,0,,,,,0,0,0,0,0,0,0,0,1,0,1,0,1,2,0,0,0,0,0,0,272,0,0.001,0.003
3414,0.886,0.81,0,0.002,0.037,0,0,,0,,,,0,,,,,0,0,0,0,0,0,0,0,1,0,1,0,1,2,0,0,0,0,0,0,272,0.001,0,0.003
3415,1.68,1.543,0.001,0.002,0.047,0,0,,0,,,,0,,,,,0,0,0,0,0,0,0,0,1,0,1,0,1,2,0,0,0,0,0,0,272,0,0.001,0.005
3416,0.953,0.865,0,0.002,0.039,0,0,,0,,,,0,,,,,0,0,0,0,0,0,0,0,1,0,1,0,1,2,0,0,0,0,0,0,272,0,0,0.003
3417,0.704,0.639,0.001,0.001,0.033,0,0,,0,,,,0,,,,,0,0,0,0,0,0,0,0,1,0,1,0,1,2,0,0,0,0,0,0,272,0.001,0,0.002
3418,0.476,0.419,0,0.001,0.027,0,0,,0,,,,0,,,,,0,0,0,0,0,0,0,0,1,0,1,0,1,2,0,0,0,0,0,0,272,0,0,0.002
3419,0.424,0.228,0,0.001,0.152,0,0,,0,,,,0,,,,,0,0,0,0,0,0,0,0,1,0,1,0,1,2,0,0,0,0,0,0,272,0,0.001,0.002
3420,0.384,0.027,0,0.004,0.208,0,0,,1,1328.125,230379520,286482432,1,62503872,62503872,135081984,38823561584,0,0,0,0,0,0,0,0,1,0,1,0,1,2,0,0,0,0,0,0,272,0,0.001,0.008
3421,0.319,0.094,0,0.002,0.107,0,0,,0,,,,0,,,,,0,0,0,0,0,0,0,0,1,0,1,0,1,2,0,0,0,0,0,0,272,0.001,0.001,0.003
3422,0.36,0.243,0,0.002,0.031,0,0,,0,,,,0,,,,,0,0,0,0,0,0,0,0,1,0,1,0,1,2,0,0,0,0,0,0,272,0,0,0.005
3423,0.668,0.577,0,0.002,0.024,0,0,,0,,,,0,,,,,0,0,0,0,0,0,0,0,1,0,1,0,1,2,0,0,0,0,0,0,272,0,0.001,0.003
3424,0.499,0.4,0,0.002,0.03,0,0,,0,,,,0,,,,,0,0,0,0,0,0,0,0,1,0,1,0,1,2,0,0,0,0,0,0,272,0,0.001,0.003
3425,0.503,0.396,0,0.002,0.028,0,0,,0,,,,0,,,,,0,0,0,0,0,0,0,0,1,0,1,0,1,2,0,0,0,0,0,0,272,0,0,0.004
3426,0.449,0.362,0.001,0.002,0.023,0,0,,0,,,,0,,,,,0,0,0,0,0,0,0,0,1,0,1,0,1,2,0,0,0,0,0,0,272,0,0.001,0.003
3427,0.915,0.857,0,0.002,0.025,0,0,,0,,,,0,,,,,0,0,0,0,0,0,0,0,1,0,1,0,1,2,0,0,0,0,0,0,272,0,0,0.002
3428,0.494,0.456,0,0.001,0.019,0,0,,0,,,,0,,,,,0,0,0,0,0,0,0,0,1,0,1,0,1,2,0,0,0,0,0,0,272,0,0.001,0.001
3429,0.54,0.461,0,0,0.046,0,0,,0,,,,0,,,,,0,0,0,0,0,0,0,0,1,0,1,0,1,2,0,0,0,0,0,0,272,0.001,0,0.002
3430,0.488,0.424,0.001,0,0.031,0,0,,0,,,,0,,,,,0,0,0,0,0,0,0,0,1,0,1,0,1,2,0,0,0,0,0,0,272,0,0.001,0.002
3431,1.314,1.222,0.001,0.001,0.026,0,0,,0,,,,0,,,,,0,0,0,0,0,0,0,0,1,0,1,0,1,2,0,0,0,0,0,0,272,0,0.001,0.003
3432,1.349,1.29,0,0.001,0.026,0,0,,0,,,,0,,,,,0,0,0,0,0,0,0,0,1,0,1,0,1,2,0,0,0,0,0,0,272,0,0,0.002
3433,0.5,0.433,0.001,0.001,0.029,0,0,,0,,,,0,,,,,0,0,0,0,0,0,0,0,1,0,1,0,1,2,0,0,0,0,0,0,272,0,0,0.002
3434,0.486,0.409,0,0.002,0.022,0,0,,0,,,,0,,,,,0,0,0,0,0,0,0,0,1,0,1,0,1,2,0,0,0,0,0,0,272,0,0.001,0.003
3435,1.057,0.821,0,0.004,0.097,0,0,,0,,,,0,,,,,0,0,0,0,0,0,0,0,1,0,1,0,1,2,0,0,0,0,0,0,272,0.001,0.001,0.006
3436,0.839,0.715,0,0.003,0.047,0,0,,0,,,,0,,,,,0,0,0,0,0,0,0,0,1,0,1,0,1,2,0,0,0,0,0,0,272,0,0.001,0.004
3437,1.525,1.428,0.001,0.002,0.036,0,0,,0,,,,0,,,,,0,0,0,0,0,0,0,0,1,0,1,0,1,2,0,0,0,0,0,0,272,0.001,0,0.003
3438,0.869,0.804,0,0.001,0.03,0,0,,0,,,,0,,,,,0,0,0,0,0,0,0,0,1,0,1,0,1,2,0,0,0,0,0,0,272,0,0,0.002
3439,1.059,0.934,0,0.002,0.032,0,0,,0,,,,0,,,,,0,0,0,0,0,0,0,0,1,0,1,0,1,2,0,0,0,0,0,0,272,0,0.001,0.004
3440,0.884,0.762,0.001,0.002,0.042,0,0,,0,,,,0,,,,,0,0,0,0,0,0,0,0,1,0,1,0,1,2,0,0,0,0,0,0,272,0,0.001,0.004
3441,0.955,0.822,0,0.002,0.063,0,0,,0,,,,0,,,,,0,0,0,0,0,0,0,0,1,0,1,0,1,2,0,0,0,0,0,0,272,0,0,0.004
3442,0.96,0.847,0.001,0.002,0.024,0,0,,0,,,,0,,,,,0,0,0,0,0,0,0,0,1,0,1,0,1,2,0,0,0,0,0,0,272,0,0.002,0.006
3443,0.894,0.752,0,0.002,0.06,0,0,,0,,,,0,,,,,0,0,0,0,0,0,0,0,1,0,1,0,1,2,0,0,0,0,0,0,272,0,0.001,0.005
3444,1.246,1.147,0,0.003,0.025,0,0,,0,,,,0,,,,,0,0,0,0,0,0,0,0,1,0,1,0,1,2,0,0,0,0,0,0,272,0,0.001,0.004
3445,0.862,0.791,0.001,0.002,0.021,0,0,,0,,,,0,,,,,0,0,0,0,0,0,0,0,1,0,1,0,1,2,0,0,0,0,0,0,272,0,0.001,0.003
3446,1.593,1.503,0.001,0.002,0.026,0,0,,0,,,,0,,,,,0,0,0,0,0,0,0,0,1,0,1,0,1,2,0,0,0,0,0,0,272,0,0,0.003
3447,2.245,2.144,0.001,0.002,0.027,0,0,,0,,,,0,,,,,0,0,0,0,0,0,0,0,1,0,1,0,1,2,0,0,0,0,0,0,272,0,0.001,0.004
3448,0.961,0.871,0,0.002,0.027,0,0,,0,,,,0,,,,,0,0,0,0,0,0,0,0,1,0,1,0,1,2,0,0,0,0,0,0,272,0,0.001,0.003
3449,0.914,0.87,0,0.001,0.021,0,0,,0,,,,0,,,,,0,0,0,0,0,0,0,0,1,0,1,0,1,2,0,0,0,0,0,0,272,0,0,0.001
3450,1.065,0.919,0.001,0.002,0.048,0,0,,1,1328.125,230445056,286482432,1,62503872,62503872,135081984,38823561584,0,0,0,0,0,0,0,0,1,0,1,0,1,2,0,0,0,0,0,0,272,0,0.001,0.005
3451,0.89,0.797,0,0.001,0.038,0,0,,0,,,,0,,,,,0,0,0,0,0,0,0,0,1,0,1,0,1,2,0,0,0,0,0,0,272,0,0,0.002
3452,1.478,1.327,0,0.003,0.048,0,0,,0,,,,0,,,,,0,0,0,0,0,0,0,0,1,0,1,0,1,2,0,0,0,0,0,0,272,0.001,0.001,0.005
3453,0.78,0.697,0.001,0.002,0.025,0,0,,0,,,,0,,,,,0,0,0,0,0,0,0,0,1,0,1,0,1,2,0,0,0,0,0,0,272,0,0.001,0.002
3454,0.872,0.777,0.001,0.001,0.035,0,0,,0,,,,0,,,,,0,0,0,0,0,0,0,0,1,0,1,0,1,2,0,0,0,0,0,0,272,0,0.001,0.003
3455,0.828,0.738,0,0.002,0.032,0,0,,0,,,,0,,,,,0,0,0,0,0,0,0,0,1,0,1,0,1,2,0,0,0,0,0,0,272,0,0,0.003
3456,0.851,0.771,0,0.002,0.026,0,0,,0,,,,0,,,,,0,0,0,0,0,0,0,0,1,0,1,0,1,2,0,0,0,0,0,0,272,0,0.001,0.003
3457,0.844,0.753,0,0.002,0.027,0,0,,0,,,,0,,,,,0,0,0,0,0,0,0,0,1,0,1,0,1,2,0,0,0,0,0,0,272,0,0.001,0.003
3458,1.432,1.33,0.001,0.002,0.028,0,0,,0,,,,0,,,,,0,0,0,0,0,0,0,0,1,0,1,0,1,2,0,0,0,0,0,0,272,0,0,0.005
3459,0.913,0.711,0.001,0.003,0.034,0,0,,0,,,,0,,,,,0,0,0,0,0,0,0,0,1,0,1,0,1,2,0,0,0,0,0,0,272,0.001,0.001,0.006
3460,1.387,1.226,0.001,0.003,0.062,0,0,,0,,,,0,,,,,0,0,0,0,0,0,0,0,1,0,1,0,1,2,0,0,0,0,0,0,272,0.001,0.001,0.005
3461,0.806,0.707,0.001,0.001,0.046,0,0,,0,,,,0,,,,,0,0,0,0,0,0,0,0,1,0,1,0,1,2,0,0,0,0,0,0,272,0.001,0,0.003
3462,2.942,2.789,0,0.003,0.044,0,0,,0,,,,0,,,,,0,0,0,0,0,0,0,0,1,0,1,0,1,2,0,0,0,0,0,0,272,0,0.001,0.005
3463,0.787,0.699,0,0.002,0.037,0,0,,0,,,,0,,,,,0,0,0,0,0,0,0,0,1,0,1,0,1,2,0,0,0,0,0,0,272,0,0.001,0.003
3464,0.862,0.769,0.001,0.002,0.029,0,0,,0,,,,0,,,,,0,0,0,0,0,0,0,0,1,0,1,0,1,2,0,0,0,0,0,0,272,0.001,0.001,0.004
3465,0.895,0.768,0.001,0.002,0.04,0,0,,0,,,,0,,,,,0,0,0,0,0,0,0,0,1,0,1,0,1,2,0,0,0,0,0,0,272,0,0.001,0.004
3466,0.811,0.714,0,0.002,0.045,0,0,,0,,,,0,,,,,0,0,0,0,0,0,0,0,1,0,1,0,1,2,0,0,0,0,0,0,272,0,0.001,0.003
3467,0.906,0.75,0.001,0.003,0.049,0,0,,0,,,,0,,,,,0,0,0,0,0,0,0,0,1,0,1,0,1,2,0,0,0,0,0,0,272,0,0.001,0.005
3468,1.387,1.279,0,0.002,0.031,0,0,,0,,,,0,,,,,0,0,0,0,0,0,0,0,1,0,1,0,1,2,0,0,0,0,0,0,272,0,0.001,0.005
3469,1.689,1.594,0,0.002,0.032,0,0,,0,,,,0,,,,,0,0,0,0,0,0,0,0,1,0,1,0,1,2,0,0,0,0,0,0,272,0,0,0.004
3470,3.885,3.753,0.001,0.003,0.027,0,0,,0,,,,0,,,,,0,0,0,0,0,0,0,0,1,0,1,0,1,2,0,0,0,0,0,0,272,0,0.001,0.007
3471,4.663,4.513,0,0.003,0.049,0,0,,0,,,,0,,,,,0,0,0,0,0,0,0,0,1,0,1,0,1,2,0,0,0,0,0,0,272,0,0.001,0.006
3472,0.781,0.66,0,0.003,0.039,0,0,,0,,,,0,,,,,0,0,0,0,0,0,0,0,1,0,1,0,1,2,0,0,0,0,0,0,272,0,0.001,0.005
3473,0.814,0.724,0.001,0.001,0.029,0,0,,0,,,,0,,,,,0,0,0,0,0,0,0,0,1,0,1,0,1,2,0,0,0,0,0,0,272,0,0.001,0.003
3474,0.852,0.785,0.001,0.001,0.023,0,0,,0,,,,0,,,,,0,0,0,0,0,0,0,0,1,0,1,0,1,2,0,0,0,0,0,0,272,0,0.001,0.002
3475,0.909,0.76,0.001,0.003,0.045,0,0,,0,,,,0,,,,,0,0,0,0,0,0,0,0,1,0,1,0,1,2,0,0,0,0,0,0,272,0,0.002,0.005
3476,0.845,0.683,0.001,0.003,0.048,0,0,,0,,,,0,,,,,0,0,0,0,0,0,0,0,1,0,1,0,1,2,0,0,0,0,0,0,272,0.001,0.001,0.006
3477,0.931,0.738,0.001,0.004,0.054,0,0,,0,,,,0,,,,,0,0,0,0,0,0,0,0,1,0,1,0,1,2,0,0,0,0,0,0,272,0.001,0.001,0.006
3478,0.616,0.533,0,0.002,0.026,0,0,,0,,,,0,,,,,0,0,0,0,0,0,0,0,1,0,1,0,1,2,0,0,0,0,0,0,272,0,0.001,0.003
3479,0.788,0.662,0.001,0.002,0.037,0,0,,0,,,,0,,,,,0,0,0,0,0,0,0,0,1,0,1,0,1,2,0,0,0,0,0,0,272,0,0.001,0.005
3480,0.852,0.749,0,0.002,0.049,0,0,,1,1328.125,230449152,286482432,1,62503872,62503872,135081984,38823561584,0,0,0,0,0,0,0,0,1,0,1,0,1,2,0,0,0,0,0,0,272,0,0,0.003
3481,0.935,0.741,0,0.001,0.148,0,0,,0,,,,0,,,,,0,0,0,0,0,0,0,0,1,0,1,0,1,2,0,0,0,0,0,0,272,0,0,0.003
3482,0.842,0.572,0,0.003,0.026,0,0,,0,,,,0,,,,,0,0,0,0,0,0,0,0,1,0,1,0,1,2,0,0,0,0,0,0,272,0,0.001,0.006
3483,0.94,0.786,0.001,0.003,0.038,0,0,,0,,,,0,,,,,0,0,0,0,0,0,0,0,1,0,1,0,1,2,0,0,0,0,0,0,272,0,0.001,0.005
3484,1.134,1.035,0,0.002,0.026,0,0,,0,,,,0,,,,,0,0,0,0,0,0,0,0,1,0,1,0,1,2,0,0,0,0,0,0,272,0.001,0.001,0.003
3485,0.805,0.718,0,0.002,0.026,0,0,,0,,,,0,,,,,0,0,0,0,0,0,0,0,1,0,1,0,1,2,0,0,0,0,0,0,272,0,0.001,0.004
3486,0.817,0.692,0,0.002,0.037,0,0,,0,,,,0,,,,,0,0,0,0,0,0,0,0,1,0,1,0,1,2,0,0,0,0,0,0,272,0,0,0.003
3487,2.385,2.22,0,0.003,0.058,0,0,,0,,,,0,,,,,0,0,0,0,0,0,0,0,1,0,1,0,1,2,0,0,0,0,0,0,272,0,0.001,0.007
3488,0.849,0.684,0.001,0.003,0.054,0,0,,0,,,,0,,,,,0,0,0,0,0,0,0,0,1,0,1,0,1,2,0,0,0,0,0,0,272,0,0.002,0.005
3489,0.734,0.636,0,0.002,0.028,0,0,,0,,,,0,,,,,0,0,0,0,0,0,0,0,1,0,1,0,1,2,0,0,0,0,0,0,272,0,0,0.004
3490,0.782,0.716,0,0.001,0.025,0,0,,0,,,,0,,,,,0,0,0,0,0,0,0,0,1,0,1,0,1,2,0,0,0,0,0,0,272,0,0,0.003
3491,0.883,0.813,0,0.002,0.024,0,0,,0,,,,0,,,,,0,0,0,0,0,0,0,0,1,0,1,0,1,2,0,0,0,0,0,0,272,0,0.001,0.002
3492,0.857,0.727,0,0.001,0.054,0,0,,0,,,,0,,,,,0,0,0,0,0,0,0,0,1,0,1,0,1,2,0,0,0,0,0,0,272,0,0.001,0.004
3493,0.925,0.675,0.001,0.003,0.16,0,0,,0,,,,0,,,,,0,0,0,0,0,0,0,0,1,0,1,0,1,2,0,0,0,0,0,0,272,0,0.001,0.006
3494,2.21,1.955,0,0.005,0.107,0,0,,0,,,,0,,,,,0,0,0,0,0,0,0,0,1,0,1,0,1,2,0,0,0,0,0,0,272,0,0.002,0.009
3495,2.969,2.581,0.001,0.004,0.094,0,0,,0,,,,0,,,,,0,0,0,0,0,0,0,0,1,0,1,0,1,2,0,0,0,0,0,0,272,0,0.002,0.009
3496,8.319,8.105,0,0.006,0.044,0,0,,0,,,,0,,,,,0,0,0,0,0,0,0,0,1,0,1,0,1,2,0,0,0,0,0,0,272,0.001,0.003,0.01
3497,1.65,1.532,0.001,0.002,0.045,0,0,,0,,,,0,,,,,0,0,0,0,0,0,0,0,1,0,1,0,1,2,0,0,0,0,0,0,272,0,0.001,0.005
3498,0.989,0.719,0,0.006,0.075,0,0,,0,,,,0,,,,,0,0,0,0,0,0,0,0,1,0,1,0,1,2,0,0,0,0,0,0,272,0,0.003,0.011
3499,0.588,0.475,0,0.002,0.036,0,0,,0,,,,0,,,,,0,0,0,0,0,0,0,0,1,0,1,0,1,2,0,0,0,0,0,0,272,0.001,0.001,0.005
3500,0.888,0.723,0,0.003,0.052,0,0,,0,,,,0,,,,,0,0,0,0,0,0,0,0,1,0,1,0,1,2,0,0,0,0,0,0,272,0,0.001,0.005
3501,0.765,0.669,0,0.002,0.041,0,0,,0,,,,0,,,,,0,0,0,0,0,0,0,0,1,0,1,0,1,2,0,0,0,0,0,0,272,0.001,0,0.004
3502,0.829,0.748,0,0.002,0.043,0,0,,0,,,,0,,,,,0,0,0,0,0,0,0,0,1,0,1,0,1,2,0,0,0,0,0,0,272,0,0,0.002
3503,0.459,0.375,0,0.001,0.043,0,0,,0,,,,0,,,,,0,0,0,0,0,0,0,0,1,0,1,0,1,2,0,0,0,0,0,0,272,0,0.001,0.002
3504,0.494,0.43,0,0.001,0.035,0,0,,0,,,,0,,,,,0,0,0,0,0,0,0,0,1,0,1,0,1,2,0,0,0,0,0,0,272,0,0,0.002
3505,0.477,0.415,0,0,0.032,0,0,,0,,,,0,,,,,0,0,0,0,0,0,0,0,1,0,1,0,1,2,0,0,0,0,0,0,272,0,0,0.002
3506,0.546,0.438,0.001,0.002,0.031,0,0,,0,,,,0,,,,,0,0,0,0,0,0,0,0,1,0,1,0,1,2,0,0,0,0,0,0,272,0,0.001,0.003
3507,0.528,0.374,0.001,0.002,0.053,0,0,,0,,,,0,,,,,0,0,0,0,0,0,0,0,1,0,1,0,1,2,0,0,0,0,0,0,272,0.001,0.001,0.005
3508,0.41,0.314,0,0.002,0.031,0,0,,0,,,,0,,,,,0,0,0,0,0,0,0,0,1,0,1,0,1,2,0,0,0,0,0,0,272,0,0.001,0.003
3509,0.861,0.748,0.001,0.002,0.034,0,0,,0,,,,0,,,,,0,0,0,0,0,0,0,0,1,0,1,0,1,2,0,0,0,0,0,0,272,0,0.001,0.004
3510,0.46,0.351,0,0.002,0.032,0,0,,1,1328.125,230449152,286482432,1,62503872,62503872,135081984,38823561584,0,0,0,0,0,0,0,0,1,0,1,0,1,2,0,0,0,0,0,0,272,0,0.001,0.004
3511,0.437,0.339,0,0.003,0.022,0,0,,0,,,,0,,,,,0,0,0,0,0,0,0,0,1,0,1,0,1,2,0,0,0,0,0,0,272,0,0.001,0.003
3512,0.919,0.857,0,0.001,0.025,0,0,,0,,,,0,,,,,0,0,0,0,0,0,0,0,1,0,1,0,1,2,0,0,0,0,0,0,272,0,0,0.002
3513,0.473,0.43,0,0,0.019,0,0,,0,,,,0,,,,,0,0,0,0,0,0,0,0,1,0,1,0,1,2,0,0,0,0,0,0,272,0,0,0.001
3514,0.556,0.468,0,0.001,0.046,0,0,,0,,,,0,,,,,0,0,0,0,0,0,0,0,1,0,1,0,1,2,0,0,0,0,0,0,272,0,0,0.002
3515,0.836,0.736,0,0.001,0.03,0,0,,0,,,,0,,,,,0,0,0,0,0,0,0,0,1,0,1,0,1,2,0,0,0,0,0,0,272,0,0.001,0.004
3516,0.561,0.393,0,0.002,0.066,0,0,,0,,,,0,,,,,0,0,0,0,0,0,0,0,1,0,1,0,1,2,0,0,0,0,0,0,272,0,0,0.004
3517,0.401,0.285,0,0.002,0.049,0,0,,0,,,,0,,,,,0,0,0,0,0,0,0,0,1,0,1,0,1,2,0,0,0,0,0,0,272,0,0,0.004
3518,0.45,0.372,0,0.001,0.039,0,0,,0,,,,0,,,,,0,0,0,0,0,0,0,0,1,0,1,0,1,2,0,0,0,0,0,0,272,0,0,0.002
3519,0.492,0.421,0.001,0.001,0.035,0,0,,0,,,,0,,,,,0,0,0,0,0,0,0,0,1,0,1,0,1,2,0,0,0,0,0,0,272,0,0,0.002
3520,0.515,0.424,0,0.001,0.047,0,0,,0,,,,0,,,,,0,0,0,0,0,0,0,0,1,0,1,0,1,2,0,0,0,0,0,0,272,0,0,0.003
3521,0.469,0.399,0.001,0.001,0.032,0,0,,0,,,,0,,,,,0,0,0,0,0,0,0,0,1,0,1,0,1,2,0,0,0,0,0,0,272,0,0.001,0.002
3522,0.507,0.425,0.001,0.001,0.044,0,0,,0,,,,0,,,,,0,0,0,0,0,0,0,0,1,0,1,0,1,2,0,0,0,0,0,0,272,0,0,0.003
3523,0.472,0.404,0,0.001,0.032,0,0,,0,,,,0,,,,,0,0,0,0,0,0,0,0,1,0,1,0,1,2,0,0,0,0,0,0,272,0,0.001,0.002
3524,0.581,0.429,0.001,0.003,0.054,0,0,,0,,,,0,,,,,0,0,0,0,0,0,0,0,1,0,1,0,1,2,0,0,0,0,0,0,272,0,0.001,0.005
3525,0.407,0.305,0,0.002,0.03,0,0,,0,,,,0,,,,,0,0,0,0,0,0,0,0,1,0,1,0,1,2,0,0,0,0,0,0,272,0.001,0.001,0.003
3526,0.414,0.348,0,0.002,0.027,0,0,,0,,,,0,,,,,0,0,0,0,0,0,0,0,1,0,1,0,1,2,0,0,0,0,0,0,272,0,0.001,0.001
3527,0.475,0.432,0.001,0,0.02,0,0,,0,,,,0,,,,,0,0,0,0,0,0,0,0,1,0,1,0,1,2,0,0,0,0,0,0,272,0,0,0.001
3528,0.494,0.456,0,0.001,0.019,0,0,,0,,,,0,,,,,0,0,0,0,0,0,0,0,1,0,1,0,1,2,0,0,0,0,0,0,272,0,0,0.001
3529,0.489,0.453,0,0,0.018,0,0,,0,,,,0,,,,,0,0,0,0,0,0,0,0,1,0,1,0,1,2,0,0,0,0,0,0,272,0,0,0.001
3530,0.566,0.47,0.001,0.002,0.025,0,0,,0,,,,0,,,,,0,0,0,0,0,0,0,0,1,0,1,0,1,2,0,0,0,0,0,0,272,0,0.001,0.004
3531,0.524,0.385,0,0.001,0.063,0,0,,0,,,,0,,,,,0,0,0,0,0,0,0,0,1,0,1,0,1,2,0,0,0,0,0,0,272,0,0.001,0.003
3532,0.393,0.344,0.001,0,0.022,0,0,,0,,,,0,,,,,0,0,0,0,0,0,0,0,1,0,1,0,1,2,0,0,0,0,0,0,272,0,0,0.002
3533,0.517,0.447,0,0.001,0.037,0,0,,0,,,,0,,,,,0,0,0,0,0,0,0,0,1,0,1,0,1,2,0,0,0,0,0,0,272,0,0.001,0.002
3534,0.503,0.424,0,0.001,0.044,0,0,,0,,,,0,,,,,0,0,0,0,0,0,0,0,1,0,1,0,1,2,0,0,0,0,0,0,272,0,0.001,0.002
3535,0.476,0.414,0,0.001,0.033,0,0,,0,,,,0,,,,,0,0,0,0,0,0,0,0,1,0,1,0,1,2,0,0,0,0,0,0,272,0,0,0.002
3536,0.49,0.429,0.001,0.001,0.028,0,0,,0,,,,0,,,,,0,0,0,0,0,0,0,0,1,0,1,0,1,2,0,0,0,0,0,0,272,0,0,0.003
3537,0.49,0.431,0.001,0.001,0.026,0,0,,0,,,,0,,,,,0,0,0,0,0,0,0,0,1,0,1,0,1,2,0,0,0,0,0,0,272,0,0,0.002
3538,0.557,0.453,0,0.003,0.027,0,0,,0,,,,0,,,,,0,0,0,0,0,0,0,0,1,0,1,0,1,2,0,0,0,0,0,0,272,0,0.001,0.003
3539,0.475,0.378,0.001,0.002,0.026,0,0,,0,,,,0,,,,,0,0,0,0,0,0,0,0,1,0,1,0,1,2,0,0,0,0,0,0,272,0,0.001,0.004
3540,0.753,0.655,0,0.002,0.034,0,0,,1,1328.125,230449152,286482432,1,62503872,62503872,135081984,38823561584,0,0,0,0,0,0,0,0,1,0,1,0,1,2,0,0,0,0,0,0,272,0,0,0.003
3541,0.484,0.382,0,0.002,0.029,0,0,,0,,,,0,,,,,0,0,0,0,0,0,0,0,1,0,1,0,1,2,0,0,0,0,0,0,272,0,0,0.003
3542,0.58,0.481,0,0.003,0.025,0,0,,0,,,,0,,,,,0,0,0,0,0,0,0,0,1,0,1,0,1,2,0,0,0,0,0,0,272,0,0.001,0.004
3543,0.877,0.812,0,0.001,0.027,0,0,,0,,,,0,,,,,0,0,0,0,0,0,0,0,1,0,1,0,1,2,0,0,0,0,0,0,272,0,0.001,0.002
3544,0.484,0.437,0,0.001,0.024,0,0,,0,,,,0,,,,,0,0,0,0,0,0,0,0,1,0,1,0,1,2,0,0,0,0,0,0,272,0,0,0.001
3545,4.729,4.655,0,0.001,0.034,0,0,,0,,,,0,,,,,0,0,0,0,0,0,0,0,1,0,1,0,1,2,0,0,0,0,0,0,272,0,0,0.003
3546,1.25,1.16,0,0.002,0.036,0,0,,0,,,,0,,,,,0,0,0,0,0,0,0,0,1,0,1,0,1,2,0,0,0,0,0,0,272,0.001,0,0.003
3547,0.852,0.698,0,0.003,0.048,0,0,,0,,,,0,,,,,0,0,0,0,0,0,0,0,1,0,1,0,1,2,0,0,0,0,0,0,272,0,0.002,0.005
3548,0.823,0.66,0.001,0.003,0.051,0,0,,0,,,,0,,,,,0,0,0,0,0,0,0,0,1,0,1,0,1,2,0,0,0,0,0,0,272,0,0.001,0.005
3549,0.711,0.586,0.001,0.002,0.046,0,0,,0,,,,0,,,,,0,0,0,0,0,0,0,0,1,0,1,0,1,2,0,0,0,0,0,0,272,0,0.001,0.004
3550,0.755,0.667,0,0.001,0.037,0,0,,0,,,,0,,,,,0,0,0,0,0,0,0,0,1,0,1,0,1,2,0,0,0,0,0,0,272,0,0.001,0.003
3551,0.816,0.73,0,0.001,0.038,0,0,,0,,,,0,,,,,0,0,0,0,0,0,0,0,1,0,1,0,1,2,0,0,0,0,0,0,272,0,0,0.003
3552,0.772,0.708,0,0.001,0.029,0,0,,0,,,,0,,,,,0,0,0,0,0,0,0,0,1,0,1,0,1,2,0,0,0,0,0,0,272,0,0,0.001
3553,0.791,0.729,0.001,0.001,0.034,0,0,,0,,,,0,,,,,0,0,0,0,0,0,0,0,1,0,1,0,1,2,0,0,0,0,0,0,272,0,0,0.002
3554,0.848,0.732,0,0.003,0.046,0,0,,0,,,,0,,,,,0,0,0,0,0,0,0,0,1,0,1,0,1,2,0,0,0,0,0,0,272,0.001,0,0.003
3555,0.761,0.647,0.001,0.002,0.036,0,0,,0,,,,0,,,,,0,0,0,0,0,0,0,0,1,0,1,0,1,2,0,0,0,0,0,0,272,0,0.002,0.004
3556,10.102,9.885,0.001,0.004,0.039,0,0,,0,,,,0,,,,,0,0,0,0,0,0,0,0,1,0,1,0,1,2,0,0,0,0,0,0,272,0,0.002,0.008
3557,3.324,3.124,0,0.005,0.052,0,0,,0,,,,0,,,,,0,0,0,0,0,0,0,0,1,0,1,0,1,2,0,0,0,0,0,0,272,0.001,0.002,0.009
3558,0.45,0.357,0,0.002,0.044,0,0,,0,,,,0,,,,,0,0,0,0,0,0,0,0,1,0,1,0,1,2,0,0,0,0,0,0,272,0,0,0.003
3559,0.509,0.439,0,0.001,0.036,0,0,,0,,,,0,,,,,0,0,0,0,0,0,0,0,1,0,1,0,1,2,0,0,0,0,0,0,272,0,0,0.002
3560,0.54,0.48,0,0,0.029,0,0,,0,,,,0,,,,,0,0,0,0,0,0,0,0,1,0,1,0,1,2,0,0,0,0,0,0,272,0,0,0.002
3561,0.57,0.491,0,0.002,0.029,0,0,,0,,,,0,,,,,0,0,0,0,0,0,0,0,1,0,1,0,1,2,0,0,0,0,0,0,272,0,0,0.003
3562,0.673,0.508,0,0.003,0.043,0,0,,0,,,,0,,,,,0,0,0,0,0,0,0,0,1,0,1,0,1,2,0,0,0,0,0,0,272,0,0.002,0.006
3563,0.423,0.324,0,0.002,0.03,0,0,,0,,,,0,,,,,0,0,0,0,0,0,0,0,1,0,1,0,1,2,0,0,0,0,0,0,272,0,0.001,0.003
3564,0.489,0.408,0,0.002,0.019,0,0,,0,,,,0,,,,,0,0,0,0,0,0,0,0,1,0,1,0,1,2,0,0,0,0,0,0,272,0,0.001,0.003
3565,0.803,0.678,0,0.002,0.051,0,0,,0,,,,0,,,,,0,0,0,0,0,0,0,0,1,0,1,0,1,2,0,0,0,0,0,0,272,0,0,0.004
3566,0.54,0.429,0,0.002,0.041,0,0,,0,,,,0,,,,,0,0,0,0,0,0,0,0,1,0,1,0,1,2,0,0,0,0,0,0,272,0,0.001,0.004
3567,0.744,0.413,0,0.003,0.201,0,0,,0,,,,0,,,,,0,0,0,0,0,0,0,0,1,0,1,0,1,2,0,0,0,0,0,0,272,0.001,0.001,0.006
3568,0.802,0.704,0.001,0.002,0.026,0,0,,0,,,,0,,,,,0,0,0,0,0,0,0,0,1,0,1,0,1,2,0,0,0,0,0,0,272,0.001,0.001,0.004
3569,0.534,0.429,0,0.003,0.031,0,0,,0,,,,0,,,,,0,0,0,0,0,0,0,0,1,0,1,0,1,2,0,0,0,0,0,0,272,0,0.001,0.003
3570,0.932,0.871,0,0.001,0.025,0,0,,1,1328.125,230449152,286482432,1,62503872,62503872,135081984,38823561584,0,0,0,0,0,0,0,0,1,0,1,0,1,2,0,0,0,0,0,0,272,0,0,0.002
3571,0.595,0.509,0.001,0.002,0.027,0,0,,0,,,,0,,,,,0,0,0,0,0,0,0,0,1,0,1,0,1,2,0,0,0,0,0,0,272,0.001,0.001,0.002
3572,0.497,0.444,0,0.001,0.02,0,0,,0,,,,0,,,,,0,0,0,0,0,0,0,0,1,0,1,0,1,2,0,0,0,0,0,0,272,0,0.001,0.001
3573,0.574,0.504,0,0.002,0.026,0,0,,0,,,,0,,,,,0,0,0,0,0,0,0,0,1,0,1,0,1,2,0,0,0,0,0,0,272,0,0,0.003
3574,0.527,0.471,0,0.001,0.022,0,0,,0,,,,0,,,,,0,0,0,0,0,0,0,0,1,0,1,0,1,2,0,0,0,0,0,0,272,0,0.001,0.002
3575,0.602,0.538,0,0.002,0.018,0,0,,0,,,,0,,,,,0,0,0,0,0,0,0,0,1,0,1,0,1,2,0,0,0,0,0,0,272,0,0,0.003
3576,0.72,0.455,0,0.001,0.041,0,0,,0,,,,0,,,,,0,0,0,0,0,0,0,0,1,0,1,0,1,2,0,0,0,0,0,0,272,0,0,0.004
3577,0.349,0.249,0,0.002,0.027,0,0,,0,,,,0,,,,,0,0,0,0,0,0,0,0,1,0,1,0,1,2,0,0,0,0,0,0,272,0.001,0,0.004
3578,0.585,0.463,0,0.003,0.028,0,0,,0,,,,0,,,,,0,0,0,0,0,0,0,0,1,0,1,0,1,2,0,0,0,0,0,0,272,0,0.002,0.004
3579,0.68,0.444,0.001,0.003,0.134,0,0,,0,,,,0,,,,,0,0,0,0,0,0,0,0,1,0,1,0,1,2,0,0,0,0,0,0,272,0.001,0.001,0.006
3580,0.522,0.269,0.001,0.002,0.164,0,0,,0,,,,0,,,,,0,0,0,0,0,0,0,0,1,0,1,0,1,2,0,0,0,0,0,0,272,0,0.001,0.005
3581,0.426,0.346,0,0.001,0.039,0,0,,0,,,,0,,,,,0,0,0,0,0,0,0,0,1,0,1,0,1,2,0,0,0,0,0,0,272,0,0,0.002
3582,0.527,0.47,0.001,0.001,0.028,0,0,,0,,,,0,,,,,0,0,0,0,0,0,0,0,1,0,1,0,1,2,0,0,0,0,0,0,272,0,0,0.002
3583,0.547,0.49,0,0.001,0.026,0,0,,0,,,,0,,,,,0,0,0,0,0,0,0,0,1,0,1,0,1,2,0,0,0,0,0,0,272,0.001,0,0.002
3584,0.533,0.485,0,0.001,0.023,0,0,,0,,,,0,,,,,0,0,0,0,0,0,0,0,1,0,1,0,1,2,0,0,0,0,0,0,272,0,0,0.001
3585,0.652,0.521,0,0.003,0.043,0,0,,0,,,,0,,,,,0,0,0,0,0,0,0,0,1,0,1,0,1,2,0,0,0,0,0,0,272,0,0.001,0.005
3586,0.54,0.367,0,0.003,0.078,0,0,,0,,,,0,,,,,0,0,0,0,0,0,0,0,1,0,1,0,1,2,0,0,0,0,0,0,272,0,0.001,0.004
3587,0.424,0.327,0.001,0.002,0.043,0,0,,0,,,,0,,,,,0,0,0,0,0,0,0,0,1,0,1,0,1,2,0,0,0,0,0,0,272,0,0,0.003
3588,0.507,0.42,0,0.003,0.028,0,0,,0,,,,0,,,,,0,0,0,0,0,0,0,0,1,0,1,0,1,2,0,0,0,0,0,0,272,0.001,0.001,0.003
3589,0.507,0.448,0,0.001,0.018,0,0,,0,,,,0,,,,,0,0,0,0,0,0,0,0,1,0,1,0,1,2,0,0,0,0,0,0,272,0,0.001,0.002
3590,0.628,0.519,0,0.002,0.031,0,0,,0,,,,0,,,,,0,0,0,0,0,0,0,0,1,0,1,0,1,2,0,0,0,0,0,0,272,0,0.001,0.004
3591,1.07,0.894,0,0.003,0.075,0,0,,0,,,,0,,,,,0,0,0,0,0,0,0,0,1,0,1,0,1,2,0,0,0,0,0,0,272,0.001,0.001,0.005
3592,0.452,0.335,0,0.003,0.047,0,0,,0,,,,0,,,,,0,0,0,0,0,0,0,0,1,0,1,0,1,2,0,0,0,0,0,0,272,0.001,0.001,0.004
3593,0.539,0.443,0,0.002,0.028,0,0,,0,,,,0,,,,,0,0,0,0,0,0,0,0,1,0,1,0,1,2,0,0,0,0,0,0,272,0,0.001,0.003
3594,0.456,0.403,0,0.001,0.017,0,0,,0,,,,0,,,,,0,0,0,0,0,0,0,0,1,0,1,0,1,2,0,0,0,0,0,0,272,0,0.001,0.002
3595,4.934,4.79,0.001,0.003,0.035,0,0,,0,,,,0,,,,,0,0,0,0,0,0,0,0,1,0,1,0,1,2,0,0,0,0,0,0,272,0.001,0.002,0.007
3596,2.596,2.392,0.001,0.004,0.046,0,0,,0,,,,0,,,,,0,0,0,0,0,0,0,0,1,0,1,0,1,2,0,0,0,0,0,0,272,0,0.002,0.007
3597,2.677,2.522,0,0.004,0.028,0,0,,0,,,,0,,,,,0,0,0,0,0,0,0,0,1,0,1,0,1,2,0,0,0,0,0,0,272,0,0.001,0.006
3598,2.612,2.467,0,0.003,0.054,0,0,,0,,,,0,,,,,0,0,0,0,0,0,0,0,1,0,1,0,1,2,0,0,0,0,0,0,272,0,0.001,0.005
3599,1.485,1.211,0,0.003,0.067,0,0,,0,,,,0,,,,,0,0,0,0,0,0,0,0,1,0,1,0,1,2,0,0,0,0,0,0,272,0,0.036,0.005
3600,0.382,0.285,0.001,0.002,0.029,0,0,,1,1343.75,230449152,286482432,1,62503872,62503872,135081984,38823561584,0,0,0,0,0,0,0,0,1,0,1,0,1,2,0,0,0,0,0,0,272,0,0.001,0.005
3601,1.056,0.944,0,0.002,0.033,0,0,,0,,,,0,,,,,0,0,0,0,0,0,0,0,1,0,1,0,1,2,0,0,0,0,0,0,272,0,0,0.004
3602,0.678,0.57,0.001,0.002,0.024,0,0,,0,,,,0,,,,,0,0,0,0,0,0,0,0,1,0,1,0,1,2,0,0,0,0,0,0,272,0,0.001,0.005
3603,0.534,0.484,0,0.001,0.019,0,0,,0,,,,0,,,,,0,0,0,0,0,0,0,0,1,0,1,0,1,2,0,0,0,0,0,0,272,0,0.001,0.001
3604,1.391,1.296,0.001,0.001,0.032,0,0,,0,,,,0,,,,,0,0,0,0,0,0,0,0,1,0,1,0,1,2,0,0,0,0,0,0,272,0,0.001,0.003
3605,0.944,0.83,0,0.002,0.037,0,0,,0,,,,0,,,,,0,0,0,0,0,0,0,0,1,0,1,0,1,2,0,0,0,0,0,0,272,0,0,0.004
3606,0.6,0.473,0,0.003,0.045,0,0,,0,,,,0,,,,,0,0,0,0,0,0,0,0,1,0,1,0,1,2,0,0,0,0,0,0,272,0,0.001,0.004
3607,0.619,0.522,0,0.002,0.033,0,0,,0,,,,0,,,,,0,0,0,0,0,0,0,0,1,0,1,0,1,2,0,0,0,0,0,0,272,0,0.001,0.003
3608,0.573,0.522,0,0.001,0.02,0,0,,0,,,,0,,,,,0,0,0,0,0,0,0,0,1,0,1,0,1,2,0,0,0,0,0,0,272,0,0,0.002
3609,0.623,0.577,0,0.001,0.017,0,0,,0,,,,0,,,,,0,0,0,0,0,0,0,0,1,0,1,0,1,2,0,0,0,0,0,0,272,0,0,0.002
3610,0.644,0.606,0,0.001,0.013,0,0,,0,,,,0,,,,,0,0,0,0,0,0,0,0,1,0,1,0,1,2,0,0,0,0,0,0,272,0,0,0.002
3611,0.694,0.589,0,0.003,0.042,0,0,,0,,,,0,,,,,0,0,0,0,0,0,0,0,1,0,1,0,1,2,0,0,0,0,0,0,272,0,0.001,0.003
3612,0.597,0.52,0,0.001,0.037,0,0,,0,,,,0,,,,,0,0,0,0,0,0,0,0,1,0,1,0,1,2,0,0,0,0,0,0,272,0,0,0.002
3613,0.623,0.562,0,0.001,0.022,0,0,,0,,,,0,,,,,0,0,0,0,0,0,0,0,1,0,1,0,1,2,0,0,0,0,0,0,272,0,0.001,0.002
3614,0.637,0.542,0,0.002,0.032,0,0,,0,,,,0,,,,,0,0,0,0,0,0,0,0,1,0,1,0,1,2,0,0,0,0,0,0,272,0,0,0.004
3615,0.627,0.56,0,0.001,0.022,0,0,,0,,,,0,,,,,0,0,0,0,0,0,0,0,1,0,1,0,1,2,0,0,0,0,0,0,272,0,0,0.003
3616,0.709,0.591,0,0.002,0.046,0,0,,0,,,,0,,,,,0,0,0,0,0,0,0,0,1,0,1,0,1,2,0,0,0,0,0,0,272,0,0.001,0.004
3617,0.574,0.432,0,0.003,0.052,0,0,,0,,,,0,,,,,0,0,0,0,0,0,0,0,1,0,1,0,1,2,0,0,0,0,0,0,272,0.001,0.001,0.005
3618,0.554,0.502,0,0.001,0.017,0,0,,0,,,,0,,,,,0,0,0,0,0,0,0,0,1,0,1,0,1,2,0,0,0,0,0,0,272,0,0.001,0.002
3619,0.686,0.569,0,0.002,0.045,0,0,,0,,,,0,,,,,0,0,0,0,0,0,0,0,1,0,1,0,1,2,0,0,0,0,0,0,272,0,0,0.003
3620,0.622,0.502,0,0.001,0.048,0,0,,0,,,,0,,,,,0,0,0,0,0,0,0,0,1,0,1,0,1,2,0,0,0,0,0,0,272,0,0,0.003
3621,0.572,0.505,0,0.001,0.028,0,0,,0,,,,0,,,,,0,0,0,0,0,0,0,0,1,0,1,0,1,2,0,0,0,0,0,0,272,0,0.001,0.001
3622,0.68,0.558,0,0.002,0.055,0,0,,0,,,,0,,,,,0,0,0,0,0,0,0,0,1,0,1,0,1,2,0,0,0,0,0,0,272,0,0.001,0.003
3623,0.652,0.501,0.001,0.002,0.071,0,0,,0,,,,0,,,,,0,0,0,0,0,0,0,0,1,0,1,0,1,2,0,0,0,0,0,0,272,0,0.001,0.004
3624,1.201,1.042,0,0.002,0.063,0,0,,0,,,,0,,,,,0,0,0,0,0,0,0,0,1,0,1,0,1,2,0,0,0,0,0,0,272,0,0.001,0.006
3625,0.529,0.428,0.001,0.002,0.03,0,0,,0,,,,0,,,,,0,0,0,0,0,0,0,0,1,0,1,0,1,2,0,0,0,0,0,0,272,0,0,0.004
3626,0.673,0.54,0,0.002,0.043,0,0,,0,,,,0,,,,,0,0,0,0,0,0,0,0,1,0,1,0,1,2,0,0,0,0,0,0,272,0,0.001,0.004
3627,0.549,0.442,0,0.003,0.031,0,0,,0,,,,0,,,,,0,0,0,0,0,0,0,0,1,0,1,0,1,2,0,0,0,0,0,0,272,0,0,0.004
3628,1.072,0.989,0,0.002,0.028,0,0,,0,,,,0,,,,,0,0,0,0,0,0,0,0,1,0,1,0,1,2,0,0,0,0,0,0,272,0,0.001,0.003
3629,1.219,1.124,0,0.002,0.026,0,0,,0,,,,0,,,,,0,0,0,0,0,0,0,0,1,0,1,0,1,2,0,0,0,0,0,0,272,0,0.001,0.003
3630,0.581,0.518,0,0.002,0.018,0,0,,1,1359.375,230449152,286482432,1,62503872,62503872,135081984,38823561584,0,0,0,0,0,0,0,0,1,0,1,0,1,2,0,0,0,0,0,0,272,0,0.001,0.002
3631,0.594,0.544,0,0.001,0.021,0,0,,0,,,,0,,,,,0,0,0,0,0,0,0,0,1,0,1,0,1,2,0,0,0,0,0,0,272,0,0,0.002
3632,0.722,0.592,0.001,0.002,0.047,0,0,,0,,,,0,,,,,0,0,0,0,0,0,0,0,1,0,1,0,1,2,0,0,0,0,0,0,272,0.001,0.001,0.004
3633,0.587,0.502,0,0.002,0.042,0,0,,0,,,,0,,,,,0,0,0,0,0,0,0,0,1,0,1,0,1,2,0,0,0,0,0,0,272,0,0.001,0.002
3634,0.625,0.551,0,0.002,0.021,0,0,,0,,,,0,,,,,0,0,0,0,0,0,0,0,1,0,1,0,1,2,0,0,0,0,0,0,272,0,0,0.003
3635,0.606,0.55,0,0.001,0.017,0,0,,0,,,,0,,,,,0,0,0,0,0,0,0,0,1,0,1,0,1,2,0,0,0,0,0,0,272,0,0,0.002
3636,0.654,0.595,0.001,0.001,0.023,0,0,,0,,,,0,,,,,0,0,0,0,0,0,0,0,1,0,1,0,1,2,0,0,0,0,0,0,272,0,0.001,0.001
3637,0.676,0.543,0,0.003,0.056,0,0,,0,,,,0,,,,,0,0,0,0,0,0,0,0,1,0,1,0,1,2,0,0,0,0,0,0,272,0,0.001,0.004
3638,0.587,0.487,0.001,0.001,0.046,0,0,,0,,,,0,,,,,0,0,0,0,0,0,0,0,1,0,1,0,1,2,0,0,0,0,0,0,272,0.001,0,0.003
3639,0.739,0.546,0,0.004,0.068,0,0,,0,,,,0,,,,,0,0,0,0,0,0,0,0,1,0,1,0,1,2,0,0,0,0,0,0,272,0,0.001,0.006
3640,0.508,0.398,0,0.002,0.048,0,0,,0,,,,0,,,,,0,0,0,0,0,0,0,0,1,0,1,0,1,2,0,0,0,0,0,0,272,0.001,0.001,0.002
3641,1.292,1.193,0,0.002,0.027,0,0,,0,,,,0,,,,,0,0,0,0,0,0,0,0,1,0,1,0,1,2,0,0,0,0,0,0,272,0,0.001,0.003
3642,4.171,4.012,0.001,0.004,0.034,0,0,,0,,,,0,,,,,0,0,0,0,0,0,0,0,1,0,1,0,1,2,0,0,0,0,0,0,272,0.001,0.001,0.009
3643,8.793,8.54,0.001,0.038,0.106,0,0,,0,,,,0,,,,,0,0,0,0,0,0,0,0,1,0,1,0,1,2,0,0,0,0,0,0,272,0,0.002,0.008
3644,0.764,0.534,0,0.005,0.076,0,0,,0,,,,0,,,,,0,0,0,0,0,0,0,0,1,0,1,0,1,2,0,0,0,0,0,0,272,0,0.003,0.008
3645,0.781,0.574,0,0.004,0.063,0,0,,0,,,,0,,,,,0,0,0,0,0,0,0,0,1,0,1,0,1,2,0,0,0,0,0,0,272,0.001,0.002,0.007
3646,0.664,0.581,0.001,0.001,0.035,0,0,,0,,,,0,,,,,0,0,0,0,0,0,0,0,1,0,1,0,1,2,0,0,0,0,0,0,272,0,0.001,0.002
3647,0.816,0.758,0,0.002,0.024,0,0,,0,,,,0,,,,,0,0,0,0,0,0,0,0,1,0,1,0,1,2,0,0,0,0,0,0,272,0,0,0.002
3648,0.852,0.809,0,0,0.023,0,0,,0,,,,0,,,,,0,0,0,0,0,0,0,0,1,0,1,0,1,2,0,0,0,0,0,0,272,0,0,0.001
3649,0.933,0.843,0,0.001,0.049,0,0,,0,,,,0,,,,,0,0,0,0,0,0,0,0,1,0,1,0,1,2,0,0,0,0,0,0,272,0,0,0.003
3650,0.836,0.778,0,0.002,0.021,0,0,,0,,,,0,,,,,0,0,0,0,0,0,0,0,1,0,1,0,1,2,0,0,0,0,0,0,272,0,0.001,0.001
3651,0.961,0.825,0,0.002,0.038,0,0,,0,,,,0,,,,,0,0,0,0,0,0,0,0,1,0,1,0,1,2,0,0,0,0,0,0,272,0,0.001,0.005
3652,0.727,0.609,0.001,0.001,0.035,0,0,,0,,,,0,,,,,0,0,0,0,0,0,0,0,1,0,1,0,1,2,0,0,0,0,0,0,272,0,0,0.003
3653,1.154,1.028,0.001,0.002,0.03,0,0,,0,,,,0,,,,,0,0,0,0,0,0,0,0,1,0,1,0,1,2,0,0,0,0,0,0,272,0,0.001,0.005
3654,0.801,0.65,0.009,0.008,0.043,0,0,,0,,,,0,,,,,0,0,0,0,0,0,0,0,1,0,1,0,1,2,0,0,0,0,0,0,272,0,0,0.004
3655,1.348,1.238,0,0.002,0.036,0,0,,0,,,,0,,,,,0,0,0,0,0,0,0,0,1,0,1,0,1,2,0,0,0,0,0,0,272,0,0,0.003
3656,1.52,1.354,0,0.003,0.051,0,0,,0,,,,0,,,,,0,0,0,0,0,0,0,0,1,0,1,0,1,2,0,0,0,0,0,0,272,0.001,0.001,0.005
3657,0.78,0.68,0,0.002,0.033,0,0,,0,,,,0,,,,,0,0,0,0,0,0,0,0,1,0,1,0,1,2,0,0,0,0,0,0,272,0.001,0.001,0.003
3658,0.903,0.784,0.001,0.002,0.041,0,0,,0,,,,0,,,,,0,0,0,0,0,0,0,0,1,0,1,0,1,2,0,0,0,0,0,0,272,0,0,0.006
3659,0.777,0.68,0,0.002,0.047,0,0,,0,,,,0,,,,,0,0,0,0,0,0,0,0,1,0,1,0,1,2,0,0,0,0,0,0,272,0,0,0.002
3660,0.804,0.725,0,0.001,0.041,0,0,,1,1390.625,230449152,286482432,1,62503872,62503872,135081984,38823561584,0,0,0,0,0,0,0,0,1,0,1,0,1,2,0,0,0,0,0,0,272,0,0.001,0.002
3661,0.82,0.729,0.001,0.001,0.032,0,0,,0,,,,0,,,,,0,0,0,0,0,0,0,0,1,0,1,0,1,2,0,0,0,0,0,0,272,0,0.001,0.003
3662,0.802,0.732,0.001,0.001,0.031,0,0,,0,,,,0,,,,,0,0,0,0,0,0,0,0,1,0,1,0,1,2,0,0,0,0,0,0,272,0,0,0.002
3663,0.855,0.79,0,0.001,0.035,0,0,,0,,,,0,,,,,0,0,0,0,0,0,0,0,1,0,1,0,1,2,0,0,0,0,0,0,272,0,0,0.001
3664,0.924,0.85,0,0.001,0.024,0,0,,0,,,,0,,,,,0,0,0,0,0,0,0,0,1,0,1,0,1,2,0,0,0,0,0,0,272,0.001,0,0.003
3665,0.959,0.84,0,0.003,0.042,0,0,,0,,,,0,,,,,0,0,0,0,0,0,0,0,1,0,1,0,1,2,0,0,0,0,0,0,272,0,0.001,0.004
3666,0.894,0.797,0,0.002,0.051,0,0,,0,,,,0,,,,,0,0,0,0,0,0,0,0,1,0,1,0,1,2,0,0,0,0,0,0,272,0,0,0.003
3667,0.87,0.798,0.001,0.001,0.035,0,0,,0,,,,0,,,,,0,0,0,0,0,0,0,0,1,0,1,0,1,2,0,0,0,0,0,0,272,0.001,0,0.002
3668,0.975,0.822,0,0.003,0.046,0,0,,0,,,,0,,,,,0,0,0,0,0,0,0,0,1,0,1,0,1,2,0,0,0,0,0,0,272,0.001,0.001,0.005
3669,1.682,1.52,0,0.003,0.051,0,0,,0,,,,0,,,,,0,0,0,0,0,0,0,0,1,0,1,0,1,2,0,0,0,0,0,0,272,0.001,0.002,0.005
3670,0.786,0.714,0,0.001,0.02,0,0,,0,,,,0,,,,,0,0,0,0,0,0,0,0,1,0,1,0,1,2,0,0,0,0,0,0,272,0,0.001,0.003
3671,0.849,0.798,0,0.001,0.018,0,0,,0,,,,0,,,,,0,0,0,0,0,0,0,0,1,0,1,0,1,2,0,0,0,0,0,0,272,0,0,0.002
3672,2.146,2.03,0.001,0.003,0.03,0,0,,0,,,,0,,,,,0,0,0,0,0,0,0,0,1,0,1,0,1,2,0,0,0,0,0,0,272,0,0.001,0.006
3673,0.801,0.755,0,0,0.016,0,0,,0,,,,0,,,,,0,0,0,0,0,0,0,0,1,0,1,0,1,2,0,0,0,0,0,0,272,0.001,0,0.002
3674,0.878,0.824,0,0.002,0.018,0,0,,0,,,,0,,,,,0,0,0,0,0,0,0,0,1,0,1,0,1,2,0,0,0,0,0,0,272,0,0,0.001
3675,0.917,0.809,0.001,0.002,0.04,0,0,,0,,,,0,,,,,0,0,0,0,0,0,0,0,1,0,1,0,1,2,0,0,0,0,0,0,272,0,0.001,0.003
3676,0.788,0.701,0.001,0.002,0.04,0,0,,0,,,,0,,,,,0,0,0,0,0,0,0,0,1,0,1,0,1,2,0,0,0,0,0,0,272,0,0,0.003
3677,0.896,0.766,0.001,0.021,0.05,0,0,,0,,,,0,,,,,0,0,0,0,0,0,0,0,1,0,1,0,1,2,0,0,0,0,0,0,272,0.001,0.001,0.002
3678,0.734,0.665,0,0.001,0.028,0,0,,0,,,,0,,,,,0,0,0,0,0,0,0,0,1,0,1,0,1,2,0,0,0,0,0,0,272,0,0,0.003
3679,0.915,0.768,0,0.003,0.05,0,0,,0,,,,0,,,,,0,0,0,0,0,0,0,0,1,0,1,0,1,2,0,0,0,0,0,0,272,0.001,0.001,0.005
3680,0.748,0.67,0,0.002,0.03,0,0,,0,,,,0,,,,,0,0,0,0,0,0,0,0,1,0,1,0,1,2,0,0,0,0,0,0,272,0,0.001,0.002
3681,0.883,0.767,0,0.002,0.038,0,0,,0,,,,0,,,,,0,0,0,0,0,0,0,0,1,0,1,0,1,2,0,0,0,0,0,0,272,0.001,0.001,0.003
3682,0.737,0.663,0,0.002,0.024,0,0,,0,,,,0,,,,,0,0,0,0,0,0,0,0,1,0,1,0,1,2,0,0,0,0,0,0,272,0,0,0.003
3683,0.796,0.753,0,0.001,0.018,0,0,,0,,,,0,,,,,0,0,0,0,0,0,0,0,1,0,1,0,1,2,0,0,0,0,0,0,272,0,0,0.002
3684,0.931,0.834,0,0.001,0.032,0,0,,0,,,,0,,,,,0,0,0,0,0,0,0,0,1,0,1,0,1,2,0,0,0,0,0,0,272,0.001,0,0.003
3685,0.815,0.716,0,0.003,0.035,0,0,,0,,,,0,,,,,0,0,0,0,0,0,0,0,1,0,1,0,1,2,0,0,0,0,0,0,272,0,0,0.004
3686,0.918,0.736,0,0.003,0.052,0,0,,0,,,,0,,,,,0,0,0,0,0,0,0,0,1,0,1,0,1,2,0,0,0,0,0,0,272,0,0.001,0.007
3687,1.155,1,0,0.003,0.045,0,0,,0,,,,0,,,,,0,0,0,0,0,0,0,0,1,0,1,0,1,2,0,0,0,0,0,0,272,0.001,0.001,0.006
3688,0.701,0.605,0,0.002,0.026,0,0,,0,,,,0,,,,,0,0,0,0,0,0,0,0,1,0,1,0,1,2,0,0,0,0,0,0,272,0,0,0.003
3689,1.467,1.32,0,0.003,0.049,0,0,,0,,,,0,,,,,0,0,0,0,0,0,0,0,1,0,1,0,1,2,0,0,0,0,0,0,272,0,0.001,0.005
3690,1.385,1.327,0,0.001,0.022,0,0,,1,1421.875,230514688,286482432,1,62503872,62503872,135081984,38823561584,0,0,0,0,0,0,0,0,1,0,1,0,1,2,0,0,0,0,0,0,272,0,0,0.003
3691,0.865,0.764,0,0.003,0.038,0,0,,0,,,,0,,,,,0,0,0,0,0,0,0,0,1,0,1,0,1,2,0,0,0,0,0,0,272,0,0,0.004
3692,0.872,0.788,0,0.001,0.038,0,0,,0,,,,0,,,,,0,0,0,0,0,0,0,0,1,0,1,0,1,2,0,0,0,0,0,0,272,0,0,0.003
3693,0.909,0.827,0,0.001,0.042,0,0,,0,,,,0,,,,,0,0,0,0,0,0,0,0,1,0,1,0,1,2,0,0,0,0,0,0,272,0.001,0,0.002
3694,0.874,0.806,0,0.001,0.036,0,0,,0,,,,0,,,,,0,0,0,0,0,0,0,0,1,0,1,0,1,2,0,0,0,0,0,0,272,0,0,0.001
3695,1,0.853,0,0.003,0.043,0,0,,0,,,,0,,,,,0,0,0,0,0,0,0,0,1,0,1,0,1,2,0,0,0,0,0,0,272,0,0.001,0.004
3696,0.822,0.735,0.001,0.001,0.038,0,0,,0,,,,0,,,,,0,0,0,0,0,0,0,0,1,0,1,0,1,2,0,0,0,0,0,0,272,0,0,0.003
3697,0.904,0.821,0,0.002,0.028,0,0,,0,,,,0,,,,,0,0,0,0,0,0,0,0,1,0,1,0,1,2,0,0,0,0,0,0,272,0,0,0.002
3698,0.905,0.825,0,0.002,0.035,0,0,,0,,,,0,,,,,0,0,0,0,0,0,0,0,1,0,1,0,1,2,0,0,0,0,0,0,272,0,0,0.003
3699,0.895,0.826,0,0.001,0.036,0,0,,0,,,,0,,,,,0,0,0,0,0,0,0,0,1,0,1,0,1,2,0,0,0,0,0,0,272,0,0,0.002
3700,0.918,0.832,0,0.002,0.039,0,0,,0,,,,0,,,,,0,0,0,0,0,0,0,0,1,0,1,0,1,2,0,0,0,0,0,0,272,0,0,0.002
3701,0.947,0.815,0.001,0.003,0.034,0,0,,0,,,,0,,,,,0,0,0,0,0,0,0,0,1,0,1,0,1,2,0,0,0,0,0,0,272,0,0.001,0.005
3702,1.047,0.809,0,0.002,0.145,0,0,,0,,,,0,,,,,0,0,0,0,0,0,0,0,1,0,1,0,1,2,0,0,0,0,0,0,272,0,0.001,0.005
3703,1.523,1.357,0,0.005,0.04,0,0,,0,,,,0,,,,,0,0,0,0,0,0,0,0,1,0,1,0,1,2,0,0,0,0,0,0,272,0.001,0.001,0.005
3704,3.652,3.49,0,0.004,0.037,0,0,,0,,,,0,,,,,0,0,0,0,0,0,0,0,1,0,1,0,1,2,0,0,0,0,0,0,272,0.001,0.003,0.009
3705,7.076,6.868,0.001,0.005,0.054,0,0,,0,,,,0,,,,,0,0,0,0,0,0,0,0,1,0,1,0,1,2,0,0,0,0,0,0,272,0,0.002,0.011
3706,3.757,3.572,0.001,0.005,0.052,0,0,,0,,,,0,,,,,0,0,0,0,0,0,0,0,1,0,1,0,1,2,0,0,0,0,0,0,272,0.001,0.002,0.009
3707,1.107,0.947,0.001,0.003,0.045,0,0,,0,,,,0,,,,,0,0,0,0,0,0,0,0,1,0,1,0,1,2,0,0,0,0,0,0,272,0,0.001,0.006
3708,0.825,0.669,0,0.002,0.037,0,0,,0,,,,0,,,,,0,0,0,0,0,0,0,0,1,0,1,0,1,2,0,0,0,0,0,0,272,0,0.001,0.007
3709,1.18,1.068,0,0.003,0.028,0,0,,0,,,,0,,,,,0,0,0,0,0,0,0,0,1,0,1,0,1,2,0,0,0,0,0,0,272,0.001,0.001,0.005
3710,0.837,0.743,0,0.002,0.022,0,0,,0,,,,0,,,,,0,0,0,0,0,0,0,0,1,0,1,0,1,2,0,0,0,0,0,0,272,0,0,0.004
3711,2.169,1.97,0,0.002,0.076,0,0,,0,,,,0,,,,,0,0,0,0,0,0,0,0,1,0,1,0,1,2,0,0,0,0,0,0,272,0,0.001,0.007
3712,1.092,0.85,0.001,0.004,0.086,0,0,,0,,,,0,,,,,0,0,0,0,0,0,0,0,1,0,1,0,1,2,0,0,0,0,0,0,272,0,0.002,0.007
3713,0.727,0.644,0.001,0.001,0.028,0,0,,0,,,,0,,,,,0,0,0,0,0,0,0,0,1,0,1,0,1,2,0,0,0,0,0,0,272,0,0.001,0.003
3714,0.92,0.836,0,0.002,0.034,0,0,,0,,,,0,,,,,0,0,0,0,0,0,0,0,1,0,1,0,1,2,0,0,0,0,0,0,272,0,0.001,0.002
3715,0.988,0.84,0,0.003,0.048,0,0,,0,,,,0,,,,,0,0,0,0,0,0,0,0,1,0,1,0,1,2,0,0,0,0,0,0,272,0.001,0.001,0.005
3716,0.925,0.764,0.001,0.003,0.055,0,0,,0,,,,0,,,,,0,0,0,0,0,0,0,0,1,0,1,0,1,2,0,0,0,0,0,0,272,0.001,0.001,0.005
3717,0.872,0.753,0,0.002,0.055,0,0,,0,,,,0,,,,,0,0,0,0,0,0,0,0,1,0,1,0,1,2,0,0,0,0,0,0,272,0,0,0.004
3718,1.006,0.803,0,0.004,0.073,0,0,,0,,,,0,,,,,0,0,0,0,0,0,0,0,1,0,1,0,1,2,0,0,0,0,0,0,272,0.001,0.001,0.006
3719,0.792,0.68,0,0.002,0.039,0,0,,0,,,,0,,,,,0,0,0,0,0,0,0,0,1,0,1,0,1,2,0,0,0,0,0,0,272,0,0.001,0.004
3720,1.04,0.82,0.001,0.004,0.056,0,0,,1,1437.5,230514688,286482432,1,62503872,62503872,135081984,38823561584,0,0,0,0,0,0,0,0,1,0,1,0,1,2,0,0,0,0,0,0,272,0,0.002,0.007
3721,0.733,0.636,0,0.003,0.023,0,0,,0,,,,0,,,,,0,0,0,0,0,0,0,0,1,0,1,0,1,2,0,0,0,0,0,0,272,0,0.001,0.005
3722,1.002,0.86,0,0.003,0.048,0,0,,0,,,,0,,,,,0,0,0,0,0,0,0,0,1,0,1,0,1,2,0,0,0,0,0,0,272,0,0,0.004
3723,0.902,0.788,0,0.002,0.038,0,0,,0,,,,0,,,,,0,0,0,0,0,0,0,0,1,0,1,0,1,2,0,0,0,0,0,0,272,0,0,0.005
3724,1.393,1.257,0.001,0.002,0.066,0,0,,0,,,,0,,,,,0,0,0,0,0,0,0,0,1,0,1,0,1,2,0,0,0,0,0,0,272,0,0.001,0.005
3725,0.939,0.83,0,0.002,0.031,0,0,,0,,,,0,,,,,0,0,0,0,0,0,0,0,1,0,1,0,1,2,0,0,0,0,0,0,272,0,0.001,0.004
3726,0.841,0.759,0,0.002,0.022,0,0,,0,,,,0,,,,,0,0,0,0,0,0,0,0,1,0,1,0,1,2,0,0,0,0,0,0,272,0,0.001,0.004
3727,2.346,2.161,0,0.004,0.054,0,0,,0,,,,0,,,,,0,0,0,0,0,0,0,0,1,0,1,0,1,2,0,0,0,0,0,0,272,0,0.002,0.006
3728,0.848,0.745,0,0.001,0.039,0,0,,0,,,,0,,,,,0,0,0,0,0,0,0,0,1,0,1,0,1,2,0,0,0,0,0,0,272,0,0,0.003
3729,0.968,0.843,0.001,0.002,0.043,0,0,,0,,,,0,,,,,0,0,0,0,0,0,0,0,1,0,1,0,1,2,0,0,0,0,0,0,272,0,0.001,0.004
3730,0.926,0.829,0,0.001,0.05,0,0,,0,,,,0,,,,,0,0,0,0,0,0,0,0,1,0,1,0,1,2,0,0,0,0,0,0,272,0,0.001,0.002
3731,0.917,0.834,0,0,0.043,0,0,,0,,,,0,,,,,0,0,0,0,0,0,0,0,1,0,1,0,1,2,0,0,0,0,0,0,272,0,0.001,0.002
3732,1.017,0.844,0,0.004,0.053,0,0,,0,,,,0,,,,,0,0,0,0,0,0,0,0,1,0,1,0,1,2,0,0,0,0,0,0,272,0,0.002,0.005
3733,0.881,0.753,0,0.003,0.049,0,0,,0,,,,0,,,,,0,0,0,0,0,0,0,0,1,0,1,0,1,2,0,0,0,0,0,0,272,0,0.001,0.004
3734,0.908,0.824,0,0.001,0.045,0,0,,0,,,,0,,,,,0,0,0,0,0,0,0,0,1,0,1,0,1,2,0,0,0,0,0,0,272,0,0.001,0.002
3735,0.977,0.838,0.001,0.003,0.048,0,0,,0,,,,0,,,,,0,0,0,0,0,0,0,0,1,0,1,0,1,2,0,0,0,0,0,0,272,0,0,0.004
3736,0.484,0.383,0.001,0.001,0.045,0,0,,0,,,,0,,,,,0,0,0,0,0,0,0,0,1,0,1,0,1,2,0,0,0,0,0,0,272,0,0,0.003
3737,0.42,0.359,0,0.002,0.019,0,0,,0,,,,0,,,,,0,0,0,0,0,0,0,0,1,0,1,0,1,2,0,0,0,0,0,0,272,0,0,0.002
3738,0.449,0.38,0.001,0.001,0.032,0,0,,0,,,,0,,,,,0,0,0,0,0,0,0,0,1,0,1,0,1,2,0,0,0,0,0,0,272,0,0,0.003
3739,0.429,0.391,0,0.001,0.019,0,0,,0,,,,0,,,,,0,0,0,0,0,0,0,0,1,0,1,0,1,2,0,0,0,0,0,0,272,0,0,0.001
3740,0.46,0.424,0,0.001,0.018,0,0,,0,,,,0,,,,,0,0,0,0,0,0,0,0,1,0,1,0,1,2,0,0,0,0,0,0,272,0,0,0.001
3741,0.751,0.494,0.001,0.005,0.09,0,0,,0,,,,0,,,,,0,0,0,0,0,0,0,0,1,0,1,0,1,2,0,0,0,0,0,0,272,0,0.001,0.008
3742,0.401,0.218,0,0.004,0.031,0,0,,0,,,,0,,,,,0,0,0,0,0,0,0,0,1,0,1,0,1,2,0,0,0,0,0,0,272,0.001,0.002,0.037
3743,0.299,0.184,0,0.003,0.032,0,0,,0,,,,0,,,,,0,0,0,0,0,0,0,0,1,0,1,0,1,2,0,0,0,0,0,0,272,0,0.001,0.004
3744,0.66,0.556,0,0.002,0.03,0,0,,0,,,,0,,,,,0,0,0,0,0,0,0,0,1,0,1,0,1,2,0,0,0,0,0,0,272,0,0.001,0.003
3745,0.474,0.361,0,0.002,0.043,0,0,,0,,,,0,,,,,0,0,0,0,0,0,0,0,1,0,1,0,1,2,0,0,0,0,0,0,272,0,0.001,0.004
3746,0.444,0.304,0,0.002,0.069,0,0,,0,,,,0,,,,,0,0,0,0,0,0,0,0,1,0,1,0,1,2,0,0,0,0,0,0,272,0,0.001,0.004
3747,0.414,0.306,0,0.003,0.031,0,0,,0,,,,0,,,,,0,0,0,0,0,0,0,0,1,0,1,0,1,2,0,0,0,0,0,0,272,0,0.001,0.004
3748,0.523,0.423,0,0.002,0.023,0,0,,0,,,,0,,,,,0,0,0,0,0,0,0,0,1,0,1,0,1,2,0,0,0,0,0,0,272,0,0.001,0.003
3749,0.544,0.478,0.001,0.001,0.024,0,0,,0,,,,0,,,,,0,0,0,0,0,0,0,0,1,0,1,0,1,2,0,0,0,0,0,0,272,0,0,0.002
3750,0.514,0.472,0,0.001,0.016,0,0,,1,1453.125,230518784,286482432,1,62503872,62503872,135081984,38823561584,0,0,0,0,0,0,0,0,1,0,1,0,1,2,0,0,0,0,0,0,272,0,0,0.002
3751,1.211,1.151,0,0.001,0.025,0,0,,0,,,,0,,,,,0,0,0,0,0,0,0,0,1,0,1,0,1,2,0,0,0,0,0,0,272,0,0,0.002
3752,0.506,0.413,0,0.002,0.035,0,0,,0,,,,0,,,,,0,0,0,0,0,0,0,0,1,0,1,0,1,2,0,0,0,0,0,0,272,0,0,0.004
3753,0.83,0.753,0,0.002,0.029,0,0,,0,,,,0,,,,,0,0,0,0,0,0,0,0,1,0,1,0,1,2,0,0,0,0,0,0,272,0.001,0,0.003
3754,0.981,0.874,0,0.003,0.033,0,0,,0,,,,0,,,,,0,0,0,0,0,0,0,0,1,0,1,0,1,2,0,0,0,0,0,0,272,0,0.001,0.003
3755,0.867,0.805,0,0.001,0.024,0,0,,0,,,,0,,,,,0,0,0,0,0,0,0,0,1,0,1,0,1,2,0,0,0,0,0,0,272,0,0,0.002
3756,1.021,0.908,0,0.003,0.036,0,0,,0,,,,0,,,,,0,0,0,0,0,0,0,0,1,0,1,0,1,2,0,0,0,0,0,0,272,0,0,0.005
3757,0.872,0.804,0,0.002,0.024,0,0,,0,,,,0,,,,,0,0,0,0,0,0,0,0,1,0,1,0,1,2,0,0,0,0,0,0,272,0,0.001,0.002
3758,1.017,0.901,0.001,0.002,0.042,0,0,,0,,,,0,,,,,0,0,0,0,0,0,0,0,1,0,1,0,1,2,0,0,0,0,0,0,272,0,0,0.004
3759,0.951,0.845,0,0.003,0.029,0,0,,0,,,,0,,,,,0,0,0,0,0,0,0,0,1,0,1,0,1,2,0,0,0,0,0,0,272,0.001,0,0.004
3760,0.973,0.838,0,0.003,0.038,0,0,,0,,,,0,,,,,0,0,0,0,0,0,0,0,1,0,1,0,1,2,0,0,0,0,0,0,272,0,0.002,0.004
3761,0.916,0.822,0,0.002,0.026,0,0,,0,,,,0,,,,,0,0,0,0,0,0,0,0,1,0,1,0,1,2,0,0,0,0,0,0,272,0,0.001,0.004
3762,0.962,0.865,0,0.002,0.032,0,0,,0,,,,0,,,,,0,0,0,0,0,0,0,0,1,0,1,0,1,2,0,0,0,0,0,0,272,0.001,0.001,0.003
3763,7.859,7.606,0,0.006,0.08,0,0,,0,,,,0,,,,,0,0,0,0,0,0,0,0,1,0,1,0,1,2,0,0,0,0,0,0,272,0,0.003,0.011
3764,0.764,0.671,0,0.001,0.038,0,0,,0,,,,0,,,,,0,0,0,0,0,0,0,0,1,0,1,0,1,2,0,0,0,0,0,0,272,0,0.001,0.004
3765,0.936,0.865,0,0.001,0.038,0,0,,0,,,,0,,,,,0,0,0,0,0,0,0,0,1,0,1,0,1,2,0,0,0,0,0,0,272,0,0,0.001
3766,1.131,0.892,0.001,0.007,0.067,0,0,,0,,,,0,,,,,0,0,0,0,0,0,0,0,1,0,1,0,1,2,0,0,0,0,0,0,272,0,0.002,0.007
3767,0.89,0.681,0.001,0.003,0.038,0,0,,0,,,,0,,,,,0,0,0,0,0,0,0,0,1,0,1,0,1,2,0,0,0,0,0,0,272,0.001,0.001,0.006
3768,2.403,2.187,0.001,0.004,0.065,0,0,,0,,,,0,,,,,0,0,0,0,0,0,0,0,1,0,1,0,1,2,0,0,0,0,0,0,272,0,0.002,0.008
3769,0.833,0.737,0,0.002,0.026,0,0,,0,,,,0,,,,,0,0,0,0,0,0,0,0,1,0,1,0,1,2,0,0,0,0,0,0,272,0.001,0.001,0.003
3770,0.925,0.864,0,0.001,0.022,0,0,,0,,,,0,,,,,0,0,0,0,0,0,0,0,1,0,1,0,1,2,0,0,0,0,0,0,272,0,0,0.002
3771,1.011,0.904,0.001,0.002,0.039,0,0,,0,,,,0,,,,,0,0,0,0,0,0,0,0,1,0,1,0,1,2,0,0,0,0,0,0,272,0.001,0,0.004
3772,1.063,0.864,0.001,0.003,0.092,0,0,,0,,,,0,,,,,0,0,0,0,0,0,0,0,1,0,1,0,1,2,0,0,0,0,0,0,272,0.001,0.002,0.006
3773,1.639,1.459,0.001,0.003,0.057,0,0,,0,,,,0,,,,,0,0,0,0,0,0,0,0,1,0,1,0,1,2,0,0,0,0,0,0,272,0,0.001,0.006
3774,0.915,0.776,0,0.003,0.038,0,0,,0,,,,0,,,,,0,0,0,0,0,0,0,0,1,0,1,0,1,2,0,0,0,0,0,0,272,0,0.001,0.005
3775,0.877,0.807,0,0.001,0.03,0,0,,0,,,,0,,,,,0,0,0,0,0,0,0,0,1,0,1,0,1,2,0,0,0,0,0,0,272,0.001,0,0.003
3776,2.272,2.101,0,0.013,0.06,0,0,,0,,,,0,,,,,0,0,0,0,0,0,0,0,1,0,1,0,1,2,0,0,0,0,0,0,272,0,0.001,0.006
3777,0.956,0.838,0,0.002,0.039,0,0,,0,,,,0,,,,,0,0,0,0,0,0,0,0,1,0,1,0,1,2,0,0,0,0,0,0,272,0,0.001,0.003
3778,1.026,0.855,0,0.004,0.054,0,0,,0,,,,0,,,,,0,0,0,0,0,0,0,0,1,0,1,0,1,2,0,0,0,0,0,0,272,0.001,0.001,0.006
3779,2.363,2.188,0,0.004,0.066,0,0,,0,,,,0,,,,,0,0,0,0,0,0,0,0,1,0,1,0,1,2,0,0,0,0,0,0,272,0,0.001,0.004
3780,0.816,0.705,0,0.002,0.041,0,0,,1,1453.125,230518784,286482432,1,62503872,62503872,135081984,38823561584,0,0,0,0,0,0,0,0,1,0,1,0,1,2,0,0,0,0,0,0,272,0,0,0.004
3781,1.036,0.792,0.001,0.003,0.126,0,0,,0,,,,0,,,,,0,0,0,0,0,0,0,0,1,0,1,0,1,2,0,0,0,0,0,0,272,0.001,0.001,0.006
3782,0.629,0.546,0,0.003,0.02,0,0,,0,,,,0,,,,,0,0,0,0,0,0,0,0,1,0,1,0,1,2,0,0,0,0,0,0,272,0,0.001,0.003
3783,1.272,0.738,0,0.002,0.455,0,0,,0,,,,0,,,,,0,0,0,0,0,0,0,0,1,0,1,0,1,2,0,0,0,0,0,0,272,0,0.001,0.004
3784,0.409,0.325,0,0.001,0.026,0,0,,0,,,,0,,,,,0,0,0,0,0,0,0,0,1,0,1,0,1,2,0,0,0,0,0,0,272,0,0.001,0.004
3785,1.02,0.802,0.001,0.004,0.073,0,0,,0,,,,0,,,,,0,0,0,0,0,0,0,0,1,0,1,0,1,2,0,0,0,0,0,0,272,0,0.001,0.007
3786,0.782,0.652,0,0.003,0.032,0,0,,0,,,,0,,,,,0,0,0,0,0,0,0,0,1,0,1,0,1,2,0,0,0,0,0,0,272,0,0.001,0.005
3787,0.89,0.708,0.001,0.003,0.063,0,0,,0,,,,0,,,,,0,0,0,0,0,0,0,0,1,0,1,0,1,2,0,0,0,0,0,0,272,0,0.001,0.005
3788,1.257,1.103,0.001,0.003,0.044,0,0,,0,,,,0,,,,,0,0,0,0,0,0,0,0,1,0,1,0,1,2,0,0,0,0,0,0,272,0,0.001,0.006
3789,0.937,0.774,0,0.003,0.069,0,0,,0,,,,0,,,,,0,0,0,0,0,0,0,0,1,0,1,0,1,2,0,0,0,0,0,0,272,0.001,0.001,0.005
3790,0.733,0.643,0.001,0.002,0.024,0,0,,0,,,,0,,,,,0,0,0,0,0,0,0,0,1,0,1,0,1,2,0,0,0,0,0,0,272,0.001,0.001,0.004
3791,0.915,0.77,0,0.002,0.029,0,0,,0,,,,0,,,,,0,0,0,0,0,0,0,0,1,0,1,0,1,2,0,0,0,0,0,0,272,0,0.001,0.004
3792,1.797,1.642,0,0.003,0.047,0,0,,0,,,,0,,,,,0,0,0,0,0,0,0,0,1,0,1,0,1,2,0,0,0,0,0,0,272,0,0.002,0.006
3793,0.812,0.682,0,0.003,0.034,0,0,,0,,,,0,,,,,0,0,0,0,0,0,0,0,1,0,1,0,1,2,0,0,0,0,0,0,272,0,0.001,0.005
3794,0.76,0.696,0,0.002,0.019,0,0,,0,,,,0,,,,,0,0,0,0,0,0,0,0,1,0,1,0,1,2,0,0,0,0,0,0,272,0,0,0.003
3795,2.072,1.814,0.001,0.004,0.099,0,0,,0,,,,0,,,,,0,0,0,0,0,0,0,0,1,0,1,0,1,2,0,0,0,0,0,0,272,0.001,0.002,0.008
3796,4.138,3.903,0,0.006,0.051,0,0,,0,,,,0,,,,,0,0,0,0,0,0,0,0,1,0,1,0,1,2,0,0,0,0,0,0,272,0.001,0.003,0.011
3797,17.297,17.12,0,0.005,0.044,0,0,,0,,,,0,,,,,0,0,0,0,0,0,0,0,1,0,1,0,1,2,0,0,0,0,0,0,272,0,0.002,0.009
3798,4.3,4.021,0.001,0.006,0.061,0,0,,0,,,,0,,,,,0,0,0,0,0,0,0,0,1,0,1,0,1,2,0,0,0,0,0,0,272,0,0.003,0.012
3799,3.931,3.438,0.001,0.006,0.037,0,0,,0,,,,0,,,,,0,0,0,0,0,0,0,0,1,0,1,0,1,2,0,0,0,0,0,0,272,0.001,0.002,0.011
3800,10.567,10.223,0.001,0.007,0.126,0,0,,0,,,,0,,,,,0,0,0,0,0,0,0,0,1,0,1,0,1,2,0,0,0,0,0,0,272,0,0.002,0.011
3801,0.684,0.417,0.001,0.002,0.165,0,0,,0,,,,0,,,,,0,0,0,0,0,0,0,0,1,0,1,0,1,2,0,0,0,0,0,0,272,0.001,0.001,0.006
3802,1.117,0.911,0,0.004,0.079,0,0,,0,,,,0,,,,,0,0,0,0,0,0,0,0,1,0,1,0,1,2,0,0,0,0,0,0,272,0,0.002,0.007
3803,0.783,0.63,0.001,0.003,0.053,0,0,,0,,,,0,,,,,0,0,0,0,0,0,0,0,1,0,1,0,1,2,0,0,0,0,0,0,272,0,0.001,0.006
3804,0.895,0.684,0.001,0.004,0.083,0,0,,0,,,,0,,,,,0,0,0,0,0,0,0,0,1,0,1,0,1,2,0,0,0,0,0,0,272,0,0.002,0.008
3805,0.713,0.614,0,0.001,0.036,0,0,,0,,,,0,,,,,0,0,0,0,0,0,0,0,1,0,1,0,1,2,0,0,0,0,0,0,272,0,0.001,0.003
3806,0.982,0.797,0,0.004,0.05,0,0,,0,,,,0,,,,,0,0,0,0,0,0,0,0,1,0,1,0,1,2,0,0,0,0,0,0,272,0.001,0.002,0.006
3807,0.743,0.624,0,0.003,0.037,0,0,,0,,,,0,,,,,0,0,0,0,0,0,0,0,1,0,1,0,1,2,0,0,0,0,0,0,272,0,0.001,0.004
3808,2.652,2.406,0.001,0.004,0.075,0,0,,0,,,,0,,,,,0,0,0,0,0,0,0,0,1,0,1,0,1,2,0,0,0,0,0,0,272,0,0.002,0.009
3809,1.345,1.199,0,0.004,0.042,0,0,,0,,,,0,,,,,0,0,0,0,0,0,0,0,1,0,1,0,1,2,0,0,0,0,0,0,272,0,0.001,0.005
3810,0.827,0.692,0.001,0.002,0.042,0,0,,1,1453.125,229388288,284766208,1,62503872,62503872,135081984,38823561584,0,0,0,0,0,0,0,0,1,0,1,0,1,2,0,0,0,0,0,0,272,0,0.001,0.006
3811,0.739,0.612,0.001,0.002,0.036,0,0,,0,,,,0,,,,,0,0,0,0,0,0,0,0,1,0,1,0,1,2,0,0,0,0,0,0,272,0,0.001,0.005
3812,2.051,1.867,0.001,0.003,0.067,0,0,,0,,,,0,,,,,0,0,0,0,0,0,0,0,1,0,1,0,1,2,0,0,0,0,0,0,272,0.001,0.001,0.006
3813,1.136,0.998,0.001,0.003,0.034,0,0,,0,,,,0,,,,,0,0,0,0,0,0,0,0,1,0,1,0,1,2,0,0,0,0,0,0,272,0.001,0.001,0.006
3814,0.76,0.66,0.001,0.002,0.037,0,0,,0,,,,0,,,,,0,0,0,0,0,0,0,0,1,0,1,0,1,2,0,0,0,0,0,0,272,0,0.001,0.004
3815,0.899,0.714,0,0.004,0.051,0,0,,0,,,,0,,,,,0,0,0,0,0,0,0,0,1,0,1,0,1,2,0,0,0,0,0,0,272,0,0.001,0.007
3816,0.729,0.593,0.001,0.004,0.031,0,0,,0,,,,0,,,,,0,0,0,0,0,0,0,0,1,0,1,0,1,2,0,0,0,0,0,0,272,0,0.001,0.004
3817,1.136,0.945,0,0.004,0.053,0,0,,0,,,,0,,,,,0,0,0,0,0,0,0,0,1,0,1,0,1,2,0,0,0,0,0,0,272,0,0.001,0.007
3818,1.573,1.452,0.001,0.002,0.039,0,0,,0,,,,0,,,,,0,0,0,0,0,0,0,0,1,0,1,0,1,2,0,0,0,0,0,0,272,0,0.001,0.006
3819,8.252,8.012,0.001,0.006,0.049,0,0,,0,,,,0,,,,,0,0,0,0,0,0,0,0,1,0,1,0,1,2,0,0,0,0,0,0,272,0.001,0.003,0.012
3820,6.918,6.746,0,0.005,0.039,0,0,,0,,,,0,,,,,0,0,0,0,0,0,0,0,1,0,1,0,1,2,0,0,0,0,0,0,272,0,0.002,0.01
3821,2.946,2.724,0.001,0.006,0.054,0,0,,0,,,,0,,,,,0,0,0,0,0,0,0,0,1,0,1,0,1,2,0,0,0,0,0,0,272,0.001,0.002,0.009
3822,6.187,5.928,0.001,0.005,0.072,0,0,,0,,,,0,,,,,0,0,0,0,0,0,0,0,1,0,1,0,1,2,0,0,0,0,0,0,272,0,0.003,0.011
3823,0.794,0.556,0,0.004,0.064,0,0,,0,,,,0,,,,,0,0,0,0,0,0,0,0,1,0,1,0,1,2,0,0,0,0,0,0,272,0,0.003,0.007
3824,1.425,1.242,0.001,0.004,0.033,0,0,,0,,,,0,,,,,0,0,0,0,0,0,0,0,1,0,1,0,1,2,0,0,0,0,0,0,272,0,0.002,0.006
3825,1.126,1.059,0.001,0.001,0.021,0,0,,0,,,,0,,,,,0,0,0,0,0,0,0,0,1,0,1,0,1,2,0,0,0,0,0,0,272,0,0,0.003
3826,3.388,3.22,0.001,0.005,0.033,0,0,,0,,,,0,,,,,0,0,0,0,0,0,0,0,1,0,1,0,1,2,0,0,0,0,0,0,272,0.001,0.002,0.009
3827,3.86,3.634,0,0.007,0.036,0,0,,0,,,,0,,,,,0,0,0,0,0,0,0,0,1,0,1,0,1,2,0,0,0,0,0,0,272,0.001,0.003,0.012
3828,13.173,12.984,0,0.005,0.043,0,0,,0,,,,0,,,,,0,0,0,0,0,0,0,0,1,0,1,0,1,2,0,0,0,0,0,0,272,0,0.002,0.01
3829,3.49,3.179,0.001,0.006,0.095,0,0,,0,,,,0,,,,,0,0,0,0,0,0,0,0,1,0,1,0,1,2,0,0,0,0,0,0,272,0.001,0.002,0.011
3830,11.23,10.928,0.001,0.008,0.071,0,0,,0,,,,0,,,,,0,0,0,0,0,0,0,0,1,0,1,0,1,2,0,0,0,0,0,0,272,0,0.003,0.014
3831,3.133,2.848,0.001,0.007,0.093,0,0,,0,,,,0,,,,,0,0,0,0,0,0,0,0,1,0,1,0,1,2,0,0,0,0,0,0,272,0.001,0.002,0.012
3832,15.16,14.888,0,0.008,0.055,0,0,,0,,,,0,,,,,0,0,0,0,0,0,0,0,1,0,1,0,1,2,0,0,0,0,0,0,272,0.001,0.002,0.012
3833,3.273,3.15,0.001,0.004,0.038,0,0,,0,,,,0,,,,,0,0,0,0,0,0,0,0,1,0,1,0,1,2,0,0,0,0,0,0,272,0.001,0.001,0.006
3834,13.696,13.463,0.001,0.007,0.065,0,0,,0,,,,0,,,,,0,0,0,0,0,0,0,0,1,0,1,0,1,2,0,0,0,0,0,0,272,0.001,0.002,0.01
3835,3.139,2.96,0,0.005,0.037,0,0,,0,,,,0,,,,,0,0,0,0,0,0,0,0,1,0,1,0,1,2,0,0,0,0,0,0,272,0,0.002,0.01
3836,5.944,5.665,0,0.007,0.093,0,0,,0,,,,0,,,,,0,0,0,0,0,0,0,0,1,0,1,0,1,2,0,0,0,0,0,0,272,0,0.003,0.012
3837,0.932,0.562,0,0.004,0.261,0,0,,0,,,,0,,,,,0,0,0,0,0,0,0,0,1,0,1,0,1,2,0,0,0,0,0,0,272,0,0.001,0.007
3838,0.768,0.548,0,0.005,0.055,0,0,,0,,,,0,,,,,0,0,0,0,0,0,0,0,1,0,1,0,1,2,0,0,0,0,0,0,272,0.001,0.002,0.008
3839,2.724,2.459,0,0.005,0.109,0,0,,0,,,,0,,,,,0,0,0,0,0,0,0,0,1,0,1,0,1,2,0,0,0,0,0,0,272,0,0.003,0.008
3840,0.798,0.602,0.001,0.004,0.068,0,0,,1,1468.75,229388288,284766208,1,62503872,62503872,135081984,38823561584,0,0,0,0,0,0,0,0,1,0,1,0,1,2,0,0,0,0,0,0,272,0,0.001,0.007
3841,0.792,0.611,0.001,0.003,0.063,0,0,,0,,,,0,,,,,0,0,0,0,0,0,0,0,1,0,1,0,1,2,0,0,0,0,0,0,272,0,0.001,0.007
3842,0.982,0.834,0.001,0.002,0.036,0,0,,0,,,,0,,,,,0,0,0,0,0,0,0,0,1,0,1,0,1,2,0,0,0,0,0,0,272,0,0.002,0.004
3843,2.138,1.947,0,0.004,0.058,0,0,,0,,,,0,,,,,0,0,0,0,0,0,0,0,1,0,1,0,1,2,0,0,0,0,0,0,272,0.001,0.002,0.007
3844,23.819,23.556,0,0.007,0.083,0,0,,0,,,,0,,,,,0,0,0,0,0,0,0,0,1,0,1,0,1,2,0,0,0,0,0,0,272,0,0.003,0.01
3845,2.966,2.826,0,0.003,0.043,0,0,,0,,,,0,,,,,0,0,0,0,0,0,0,0,1,0,1,0,1,2,0,0,0,0,0,0,272,0.001,0.001,0.007
3846,1.7,1.532,0.001,0.003,0.062,0,0,,0,,,,0,,,,,0,0,0,0,0,0,0,0,1,0,1,0,1,2,0,0,0,0,0,0,272,0,0.001,0.008
3847,0.852,0.728,0,0.003,0.027,0,0,,0,,,,0,,,,,0,0,0,0,0,0,0,0,1,0,1,0,1,2,0,0,0,0,0,0,272,0,0.001,0.006
3848,0.835,0.748,0,0.001,0.03,0,0,,0,,,,0,,,,,0,0,0,0,0,0,0,0,1,0,1,0,1,2,0,0,0,0,0,0,272,0,0.001,0.004
3849,1.274,1.106,0,0.003,0.049,0,0,,0,,,,0,,,,,0,0,0,0,0,0,0,0,1,0,1,0,1,2,0,0,0,0,0,0,272,0,0.001,0.006
3850,0.887,0.761,0,0.003,0.045,0,0,,0,,,,0,,,,,0,0,0,0,0,0,0,0,1,0,1,0,1,2,0,0,0,0,0,0,272,0,0.002,0.006
3851,1.552,1.444,0,0.002,0.042,0,0,,0,,,,0,,,,,0,0,0,0,0,0,0,0,1,0,1,0,1,2,0,0,0,0,0,0,272,0,0,0.004
3852,1.619,1.497,0,0.002,0.049,0,0,,0,,,,0,,,,,0,0,0,0,0,0,0,0,1,0,1,0,1,2,0,0,0,0,0,0,272,0,0.001,0.004
3853,0.904,0.823,0.001,0.001,0.039,0,0,,0,,,,0,,,,,0,0,0,0,0,0,0,0,1,0,1,0,1,2,0,0,0,0,0,0,272,0.001,0,0.003
3854,0.936,0.857,0.001,0.001,0.037,0,0,,0,,,,0,,,,,0,0,0,0,0,0,0,0,1,0,1,0,1,2,0,0,0,0,0,0,272,0,0,0.003
3855,0.991,0.876,0,0.002,0.046,0,0,,0,,,,0,,,,,0,0,0,0,0,0,0,0,1,0,1,0,1,2,0,0,0,0,0,0,272,0,0.001,0.004
3856,0.893,0.815,0.001,0.001,0.036,0,0,,0,,,,0,,,,,0,0,0,0,0,0,0,0,1,0,1,0,1,2,0,0,0,0,0,0,272,0.001,0,0.003
3857,1.049,0.88,0.001,0.003,0.047,0,0,,0,,,,0,,,,,0,0,0,0,0,0,0,0,1,0,1,0,1,2,0,0,0,0,0,0,272,0,0.001,0.006
3858,0.984,0.767,0,0.004,0.06,0,0,,0,,,,0,,,,,0,0,0,0,0,0,0,0,1,0,1,0,1,2,0,0,0,0,0,0,272,0.001,0.002,0.007
3859,0.862,0.671,0.001,0.003,0.071,0,0,,0,,,,0,,,,,0,0,0,0,0,0,0,0,1,0,1,0,1,2,0,0,0,0,0,0,272,0,0.001,0.004
3860,0.791,0.662,0,0.003,0.041,0,0,,0,,,,0,,,,,0,0,0,0,0,0,0,0,1,0,1,0,1,2,0,0,0,0,0,0,272,0,0.001,0.005
3861,1.631,1.447,0,0.003,0.057,0,0,,0,,,,0,,,,,0,0,0,0,0,0,0,0,1,0,1,0,1,2,0,0,0,0,0,0,272,0.001,0.002,0.006
3862,0.859,0.741,0,0.002,0.044,0,0,,0,,,,0,,,,,0,0,0,0,0,0,0,0,1,0,1,0,1,2,0,0,0,0,0,0,272,0,0,0.004
3863,0.945,0.822,0.001,0.002,0.029,0,0,,0,,,,0,,,,,0,0,0,0,0,0,0,0,1,0,1,0,1,2,0,0,0,0,0,0,272,0.001,0.001,0.005
3864,0.931,0.776,0,0.003,0.053,0,0,,0,,,,0,,,,,0,0,0,0,0,0,0,0,1,0,1,0,1,2,0,0,0,0,0,0,272,0,0,0.005
3865,1.557,1.397,0.001,0.003,0.063,0,0,,0,,,,0,,,,,0,0,0,0,0,0,0,0,1,0,1,0,1,2,0,0,0,0,0,0,272,0,0.001,0.005
3866,0.929,0.718,0,0.004,0.064,0,0,,0,,,,0,,,,,0,0,0,0,0,0,0,0,1,0,1,0,1,2,0,0,0,0,0,0,272,0,0.001,0.007
3867,9.344,8.584,0.001,0.006,0.089,0,0,,0,,,,0,,,,,0,0,0,0,0,0,0,0,1,0,1,0,1,2,0,0,0,0,0,0,272,0.002,0.003,0.015
3868,3.984,3.71,0.001,0.007,0.073,0,0,,0,,,,0,,,,,0,0,0,0,0,0,0,0,1,0,1,0,1,2,0,0,0,0,0,0,272,0,0.003,0.012
3869,7.555,7.343,0,0.006,0.063,0,0,,0,,,,0,,,,,0,0,0,0,0,0,0,0,1,0,1,0,1,2,0,0,0,0,0,0,272,0,0.002,0.008
3870,1.005,0.864,0,0.002,0.045,0,0,,1,1468.75,229388288,284766208,1,62503872,62503872,135081984,38823561584,0,0,0,0,0,0,0,0,1,0,1,0,1,2,0,0,0,0,0,0,272,0,0.001,0.006
3871,1.42,1.262,0.001,0.003,0.047,0,0,,0,,,,0,,,,,0,0,0,0,0,0,0,0,1,0,1,0,1,2,0,0,0,0,0,0,272,0,0.002,0.006
3872,1.011,0.797,0.001,0.003,0.058,0,0,,0,,,,0,,,,,0,0,0,0,0,0,0,0,1,0,1,0,1,2,0,0,0,0,0,0,272,0,0.001,0.006
3873,0.816,0.687,0,0.003,0.031,0,0,,0,,,,0,,,,,0,0,0,0,0,0,0,0,1,0,1,0,1,2,0,0,0,0,0,0,272,0.001,0.001,0.005
3874,1.561,1.405,0,0.004,0.044,0,0,,0,,,,0,,,,,0,0,0,0,0,0,0,0,1,0,1,0,1,2,0,0,0,0,0,0,272,0,0.001,0.006
3875,0.927,0.792,0,0.002,0.053,0,0,,0,,,,0,,,,,0,0,0,0,0,0,0,0,1,0,1,0,1,2,0,0,0,0,0,0,272,0,0.001,0.005
3876,0.986,0.805,0,0.003,0.072,0,0,,0,,,,0,,,,,0,0,0,0,0,0,0,0,1,0,1,0,1,2,0,0,0,0,0,0,272,0,0.001,0.006
3877,0.908,0.756,0,0.003,0.043,0,0,,0,,,,0,,,,,0,0,0,0,0,0,0,0,1,0,1,0,1,2,0,0,0,0,0,0,272,0,0.002,0.005
3878,0.827,0.703,0,0.003,0.032,0,0,,0,,,,0,,,,,0,0,0,0,0,0,0,0,1,0,1,0,1,2,0,0,0,0,0,0,272,0,0.001,0.005
3879,1.271,1.123,0,0.002,0.044,0,0,,0,,,,0,,,,,0,0,0,0,0,0,0,0,1,0,1,0,1,2,0,0,0,0,0,0,272,0,0,0.005
3880,0.982,0.84,0,0.002,0.063,0,0,,0,,,,0,,,,,0,0,0,0,0,0,0,0,1,0,1,0,1,2,0,0,0,0,0,0,272,0.001,0.001,0.004
3881,1.585,1.425,0,0.002,0.07,0,0,,0,,,,0,,,,,0,0,0,0,0,0,0,0,1,0,1,0,1,2,0,0,0,0,0,0,272,0,0.001,0.004
3882,0.949,0.854,0.001,0.001,0.039,0,0,,0,,,,0,,,,,0,0,0,0,0,0,0,0,1,0,1,0,1,2,0,0,0,0,0,0,272,0,0.001,0.002
3883,0.946,0.867,0,0.001,0.034,0,0,,0,,,,0,,,,,0,0,0,0,0,0,0,0,1,0,1,0,1,2,0,0,0,0,0,0,272,0,0,0.009
3884,2.787,2.653,0.001,0.002,0.044,0,0,,0,,,,0,,,,,0,0,0,0,0,0,0,0,1,0,1,0,1,2,0,0,0,0,0,0,272,0,0,0.004
3885,3.754,3.663,0,0.002,0.035,0,0,,0,,,,0,,,,,0,0,0,0,0,0,0,0,1,0,1,0,1,2,0,0,0,0,0,0,272,0.001,0,0.003
3886,0.924,0.849,0,0.001,0.032,0,0,,0,,,,0,,,,,0,0,0,0,0,0,0,0,1,0,1,0,1,2,0,0,0,0,0,0,272,0,0,0.003
3887,1.039,0.906,0,0.003,0.054,0,0,,0,,,,0,,,,,0,0,0,0,0,0,0,0,1,0,1,0,1,2,0,0,0,0,0,0,272,0,0,0.005
3888,1.727,1.607,0,0.002,0.041,0,0,,0,,,,0,,,,,0,0,0,0,0,0,0,0,1,0,1,0,1,2,0,0,0,0,0,0,272,0,0.001,0.004
3889,0.95,0.834,0,0.002,0.042,0,0,,0,,,,0,,,,,0,0,0,0,0,0,0,0,1,0,1,0,1,2,0,0,0,0,0,0,272,0,0.001,0.003
3890,0.926,0.843,0,0.001,0.036,0,0,,0,,,,0,,,,,0,0,0,0,0,0,0,0,1,0,1,0,1,2,0,0,0,0,0,0,272,0,0,0.001
3891,1.59,1.488,0.001,0.001,0.033,0,0,,0,,,,0,,,,,0,0,0,0,0,0,0,0,1,0,1,0,1,2,0,0,0,0,0,0,272,0,0.001,0.003
3892,0.941,0.858,0,0.001,0.033,0,0,,0,,,,0,,,,,0,0,0,0,0,0,0,0,1,0,1,0,1,2,0,0,0,0,0,0,272,0.001,0,0.002
3893,1.528,1.426,0,0.002,0.04,0,0,,0,,,,0,,,,,0,0,0,0,0,0,0,0,1,0,1,0,1,2,0,0,0,0,0,0,272,0,0.001,0.003
3894,4.318,4.1,0.001,0.005,0.059,0,0,,0,,,,0,,,,,0,0,0,0,0,0,0,0,1,0,1,0,1,2,0,0,0,0,0,0,272,0,0.002,0.009
3895,4.269,4.097,0.001,0.004,0.057,0,0,,0,,,,0,,,,,0,0,0,0,0,0,0,0,1,0,1,0,1,2,0,0,0,0,0,0,272,0,0.002,0.007
3896,5.88,5.691,0,0.006,0.042,0,0,,0,,,,0,,,,,0,0,0,0,0,0,0,0,1,0,1,0,1,2,0,0,0,0,0,0,272,0.001,0.002,0.009
3897,0.746,0.653,0,0.002,0.033,0,0,,0,,,,0,,,,,0,0,0,0,0,0,0,0,1,0,1,0,1,2,0,0,0,0,0,0,272,0,0,0.003
3898,1.057,0.942,0,0.003,0.045,0,0,,0,,,,0,,,,,0,0,0,0,0,0,0,0,1,0,1,0,1,2,0,0,0,0,0,0,272,0,0.001,0.003
3899,0.887,0.819,0,0.001,0.029,0,0,,0,,,,0,,,,,0,0,0,0,0,0,0,0,1,0,1,0,1,2,0,0,0,0,0,0,272,0,0,0.002
3900,1.036,0.87,0,0.003,0.052,0,0,,1,1484.375,229388288,284766208,1,62503872,62503872,135081984,38823561584,0,0,0,0,0,0,0,0,1,0,1,0,1,2,0,0,0,0,0,0,272,0,0.001,0.008
3901,0.866,0.733,0,0.003,0.049,0,0,,0,,,,0,,,,,0,0,0,0,0,0,0,0,1,0,1,0,1,2,0,0,0,0,0,0,272,0,0.001,0.004
3902,0.923,0.805,0,0.002,0.036,0,0,,0,,,,0,,,,,0,0,0,0,0,0,0,0,1,0,1,0,1,2,0,0,0,0,0,0,272,0.001,0.001,0.005
3903,1.015,0.842,0.001,0.004,0.046,0,0,,0,,,,0,,,,,0,0,0,0,0,0,0,0,1,0,1,0,1,2,0,0,0,0,0,0,272,0.001,0.002,0.005
3904,0.909,0.771,0,0.002,0.055,0,0,,0,,,,0,,,,,0,0,0,0,0,0,0,0,1,0,1,0,1,2,0,0,0,0,0,0,272,0,0.001,0.005
3905,0.935,0.805,0,0.011,0.043,0,0,,0,,,,0,,,,,0,0,0,0,0,0,0,0,1,0,1,0,1,2,0,0,0,0,0,0,272,0,0,0.005
3906,0.899,0.801,0,0.001,0.038,0,0,,0,,,,0,,,,,0,0,0,0,0,0,0,0,1,0,1,0,1,2,0,0,0,0,0,0,272,0,0,0.009
3907,1.096,0.919,0,0.004,0.057,0,0,,0,,,,0,,,,,0,0,0,0,0,0,0,0,1,0,1,0,1,2,0,0,0,0,0,0,272,0,0.001,0.006
3908,0.839,0.672,0,0.003,0.085,0,0,,0,,,,0,,,,,0,0,0,0,0,0,0,0,1,0,1,0,1,2,0,0,0,0,0,0,272,0,0,0.004
3909,0.913,0.767,0,0.003,0.054,0,0,,0,,,,0,,,,,0,0,0,0,0,0,0,0,1,0,1,0,1,2,0,0,0,0,0,0,272,0,0.001,0.004
3910,1.067,0.962,0,0.002,0.032,0,0,,0,,,,0,,,,,0,0,0,0,0,0,0,0,1,0,1,0,1,2,0,0,0,0,0,0,272,0.001,0,0.003
3911,1.216,1.064,0,0.003,0.047,0,0,,0,,,,0,,,,,0,0,0,0,0,0,0,0,1,0,1,0,1,2,0,0,0,0,0,0,272,0,0.001,0.005
3912,7.339,7.067,0.001,0.007,0.077,0,0,,0,,,,0,,,,,0,0,0,0,0,0,0,0,1,0,1,0,1,2,0,0,0,0,0,0,272,0,0.003,0.012
3913,4.704,4.478,0.001,0.005,0.06,0,0,,0,,,,0,,,,,0,0,0,0,0,0,0,0,1,0,1,0,1,2,0,0,0,0,0,0,272,0,0.002,0.009
3914,5.811,5.582,0,0.006,0.056,0,0,,0,,,,0,,,,,0,0,0,0,0,0,0,0,1,0,1,0,1,2,0,0,0,0,0,0,272,0,0.002,0.011
3915,7.49,7.243,0,0.007,0.053,0,0,,0,,,,0,,,,,0,0,0,0,0,0,0,0,1,0,1,0,1,2,0,0,0,0,0,0,272,0.001,0.002,0.011
3916,3.661,3.493,0,0.003,0.055,0,0,,0,,,,0,,,,,0,0,0,0,0,0,0,0,1,0,1,0,1,2,0,0,0,0,0,0,272,0.001,0.001,0.008
3917,0.828,0.693,0,0.002,0.042,0,0,,0,,,,0,,,,,0,0,0,0,0,0,0,0,1,0,1,0,1,2,0,0,0,0,0,0,272,0,0.001,0.005
3918,0.886,0.734,0.001,0.003,0.04,0,0,,0,,,,0,,,,,0,0,0,0,0,0,0,0,1,0,1,0,1,2,0,0,0,0,0,0,272,0.001,0.002,0.006
3919,1.26,1.121,0,0.003,0.054,0,0,,0,,,,0,,,,,0,0,0,0,0,0,0,0,1,0,1,0,1,2,0,0,0,0,0,0,272,0.001,0.001,0.004
3920,0.772,0.688,0,0.002,0.036,0,0,,0,,,,0,,,,,0,0,0,0,0,0,0,0,1,0,1,0,1,2,0,0,0,0,0,0,272,0,0,0.004
3921,0.839,0.768,0,0.001,0.036,0,0,,0,,,,0,,,,,0,0,0,0,0,0,0,0,1,0,1,0,1,2,0,0,0,0,0,0,272,0,0,0.002
3922,1.392,1.315,0,0.001,0.035,0,0,,0,,,,0,,,,,0,0,0,0,0,0,0,0,1,0,1,0,1,2,0,0,0,0,0,0,272,0.001,0,0.002
3923,0.819,0.761,0,0.001,0.028,0,0,,0,,,,0,,,,,0,0,0,0,0,0,0,0,1,0,1,0,1,2,0,0,0,0,0,0,272,0.001,0,0.002
3924,0.935,0.812,0,0.001,0.038,0,0,,0,,,,0,,,,,0,0,0,0,0,0,0,0,1,0,1,0,1,2,0,0,0,0,0,0,272,0,0.001,0.003
3925,0.822,0.698,0,0.002,0.05,0,0,,0,,,,0,,,,,0,0,0,0,0,0,0,0,1,0,1,0,1,2,0,0,0,0,0,0,272,0.001,0.001,0.003
3926,0.797,0.708,0,0.001,0.051,0,0,,0,,,,0,,,,,0,0,0,0,0,0,0,0,1,0,1,0,1,2,0,0,0,0,0,0,272,0.001,0,0.003
3927,2.035,1.92,0,0.002,0.046,0,0,,0,,,,0,,,,,0,0,0,0,0,0,0,0,1,0,1,0,1,2,0,0,0,0,0,0,272,0.001,0.001,0.003
3928,4.186,4.023,0,0.004,0.041,0,0,,0,,,,0,,,,,0,0,0,0,0,0,0,0,1,0,1,0,1,2,0,0,0,0,0,0,272,0,0.001,0.004
3929,11.079,10.779,0.001,0.006,0.113,0,0,,0,,,,0,,,,,0,0,0,0,0,0,0,0,1,0,1,0,1,2,0,0,0,0,0,0,272,0,0.003,0.01
3930,4.499,4.35,0,0.005,0.041,0,0,,1,1484.375,229453824,284766208,1,62503872,62503872,135081984,38823561584,0,0,0,0,0,0,0,0,1,0,1,0,1,2,0,0,0,0,0,0,272,0.001,0.002,0.007
3931,4.385,4.196,0,0.004,0.051,0,0,,0,,,,0,,,,,0,0,0,0,0,0,0,0,1,0,1,0,1,2,0,0,0,0,0,0,272,0,0.001,0.008
3932,5.169,4.965,0,0.004,0.063,0,0,,0,,,,0,,,,,0,0,0,0,0,0,0,0,1,0,1,0,1,2,0,0,0,0,0,0,272,0.001,0.001,0.008
3933,0.675,0.497,0,0.004,0.052,0,0,,0,,,,0,,,,,0,0,0,0,0,0,0,0,1,0,1,0,1,2,0,0,0,0,0,0,272,0.001,0.003,0.007
3934,0.661,0.552,0,0.001,0.053,0,0,,0,,,,0,,,,,0,0,0,0,0,0,0,0,1,0,1,0,1,2,0,0,0,0,0,0,272,0,0.001,0.003
3935,0.777,0.667,0.001,0.002,0.041,0,0,,0,,,,0,,,,,0,0,0,0,0,0,0,0,1,0,1,0,1,2,0,0,0,0,0,0,272,0,0.001,0.003
3936,0.758,0.645,0,0.002,0.048,0,0,,0,,,,0,,,,,0,0,0,0,0,0,0,0,1,0,1,0,1,2,0,0,0,0,0,0,272,0,0,0.003
3937,0.723,0.636,0,0.001,0.041,0,0,,0,,,,0,,,,,0,0,0,0,0,0,0,0,1,0,1,0,1,2,0,0,0,0,0,0,272,0,0,0.003
3938,0.832,0.718,0,0.003,0.038,0,0,,0,,,,0,,,,,0,0,0,0,0,0,0,0,1,0,1,0,1,2,0,0,0,0,0,0,272,0,0.001,0.005
3939,0.703,0.609,0,0.002,0.043,0,0,,0,,,,0,,,,,0,0,0,0,0,0,0,0,1,0,1,0,1,2,0,0,0,0,0,0,272,0,0.001,0.003
3940,0.741,0.67,0,0.001,0.036,0,0,,0,,,,0,,,,,0,0,0,0,0,0,0,0,1,0,1,0,1,2,0,0,0,0,0,0,272,0,0,0.002
3941,0.76,0.699,0,0.001,0.032,0,0,,0,,,,0,,,,,0,0,0,0,0,0,0,0,1,0,1,0,1,2,0,0,0,0,0,0,272,0,0.001,0.001
3942,0.768,0.704,0.001,0,0.037,0,0,,0,,,,0,,,,,0,0,0,0,0,0,0,0,1,0,1,0,1,2,0,0,0,0,0,0,272,0,0,0.002
3943,0.764,0.702,0.001,0,0.035,0,0,,0,,,,0,,,,,0,0,0,0,0,0,0,0,1,0,1,0,1,2,0,0,0,0,0,0,272,0,0,0.001
3944,0.816,0.699,0,0.003,0.032,0,0,,0,,,,0,,,,,0,0,0,0,0,0,0,0,1,0,1,0,1,2,0,0,0,0,0,0,272,0.001,0.001,0.004
3945,0.755,0.638,0.001,0.002,0.042,0,0,,0,,,,0,,,,,0,0,0,0,0,0,0,0,1,0,1,0,1,2,0,0,0,0,0,0,272,0,0.001,0.004
3946,0.896,0.762,0,0.002,0.047,0,0,,0,,,,0,,,,,0,0,0,0,0,0,0,0,1,0,1,0,1,2,0,0,0,0,0,0,272,0,0,0.005
3947,0.852,0.749,0,0.002,0.033,0,0,,0,,,,0,,,,,0,0,0,0,0,0,0,0,1,0,1,0,1,2,0,0,0,0,0,0,272,0,0,0.004
3948,0.955,0.811,0,0.003,0.031,0,0,,0,,,,0,,,,,0,0,0,0,0,0,0,0,1,0,1,0,1,2,0,0,0,0,0,0,272,0,0.001,0.005
3949,0.85,0.702,0,0.002,0.023,0,0,,0,,,,0,,,,,0,0,0,0,0,0,0,0,1,0,1,0,1,2,0,0,0,0,0,0,272,0,0,0.004
3950,1.37,1.303,0,0.001,0.025,0,0,,0,,,,0,,,,,0,0,0,0,0,0,0,0,1,0,1,0,1,2,0,0,0,0,0,0,272,0,0,0.003
3951,0.845,0.733,0,0.002,0.044,0,0,,0,,,,0,,,,,0,0,0,0,0,0,0,0,1,0,1,0,1,2,0,0,0,0,0,0,272,0.001,0,0.003
3952,0.815,0.647,0.001,0.001,0.056,0,0,,0,,,,0,,,,,0,0,0,0,0,0,0,0,1,0,1,0,1,2,0,0,0,0,0,0,272,0,0.001,0.006
3953,0.611,0.533,0,0.001,0.039,0,0,,0,,,,0,,,,,0,0,0,0,0,0,0,0,1,0,1,0,1,2,0,0,0,0,0,0,272,0,0,0.002
3954,0.817,0.704,0.001,0.002,0.038,0,0,,0,,,,0,,,,,0,0,0,0,0,0,0,0,1,0,1,0,1,2,0,0,0,0,0,0,272,0,0.001,0.004
3955,0.813,0.633,0,0.002,0.061,0,0,,0,,,,0,,,,,0,0,0,0,0,0,0,0,1,0,1,0,1,2,0,0,0,0,0,0,272,0.001,0.002,0.006
3956,0.724,0.573,0,0.002,0.055,0,0,,0,,,,0,,,,,0,0,0,0,0,0,0,0,1,0,1,0,1,2,0,0,0,0,0,0,272,0,0.001,0.004
3957,0.637,0.51,0,0.003,0.053,0,0,,0,,,,0,,,,,0,0,0,0,0,0,0,0,1,0,1,0,1,2,0,0,0,0,0,0,272,0.001,0.001,0.003
3958,0.757,0.637,0.001,0.003,0.041,0,0,,0,,,,0,,,,,0,0,0,0,0,0,0,0,1,0,1,0,1,2,0,0,0,0,0,0,272,0,0.001,0.004
3959,0.747,0.612,0,0.003,0.044,0,0,,0,,,,0,,,,,0,0,0,0,0,0,0,0,1,0,1,0,1,2,0,0,0,0,0,0,272,0,0.001,0.005
3960,0.687,0.594,0,0.003,0.031,0,0,,1,1515.625,229453824,284766208,1,62503872,62503872,135081984,38823561584,0,0,0,0,0,0,0,0,1,0,1,0,1,2,0,0,0,0,0,0,272,0,0,0.005
3961,0.82,0.641,0,0.003,0.061,0,0,,0,,,,0,,,,,0,0,0,0,0,0,0,0,1,0,1,0,1,2,0,0,0,0,0,0,272,0.001,0.002,0.006
3962,0.585,0.498,0,0.002,0.028,0,0,,0,,,,0,,,,,0,0,0,0,0,0,0,0,1,0,1,0,1,2,0,0,0,0,0,0,272,0,0,0.004
3963,0.772,0.676,0,0.002,0.03,0,0,,0,,,,0,,,,,0,0,0,0,0,0,0,0,1,0,1,0,1,2,0,0,0,0,0,0,272,0,0.001,0.004
3964,0.754,0.663,0,0.002,0.032,0,0,,0,,,,0,,,,,0,0,0,0,0,0,0,0,1,0,1,0,1,2,0,0,0,0,0,0,272,0,0.001,0.003
3965,0.776,0.663,0,0.003,0.04,0,0,,0,,,,0,,,,,0,0,0,0,0,0,0,0,1,0,1,0,1,2,0,0,0,0,0,0,272,0,0,0.004
3966,0.812,0.621,0.001,0.002,0.065,0,0,,0,,,,0,,,,,0,0,0,0,0,0,0,0,1,0,1,0,1,2,0,0,0,0,0,0,272,0,0.002,0.006
3967,1.01,0.882,0,0.002,0.06,0,0,,0,,,,0,,,,,0,0,0,0,0,0,0,0,1,0,1,0,1,2,0,0,0,0,0,0,272,0,0.001,0.003
3968,0.7,0.584,0,0.002,0.037,0,0,,0,,,,0,,,,,0,0,0,0,0,0,0,0,1,0,1,0,1,2,0,0,0,0,0,0,272,0.001,0.001,0.004
3969,0.784,0.599,0,0.002,0.048,0,0,,0,,,,0,,,,,0,0,0,0,0,0,0,0,1,0,1,0,1,2,0,0,0,0,0,0,272,0.001,0.001,0.003
3970,0.824,0.684,0,0.002,0.072,0,0,,0,,,,0,,,,,0,0,0,0,0,0,0,0,1,0,1,0,1,2,0,0,0,0,0,0,272,0.001,0.001,0.004
3971,0.337,0.246,0,0.003,0.027,0,0,,0,,,,0,,,,,0,0,0,0,0,0,0,0,1,0,1,0,1,2,0,0,0,0,0,0,272,0.001,0.001,0.003
3972,1.322,1.224,0.001,0.002,0.034,0,0,,0,,,,0,,,,,0,0,0,0,0,0,0,0,1,0,1,0,1,2,0,0,0,0,0,0,272,0.001,0.001,0.003
3973,0.744,0.638,0,0.002,0.032,0,0,,0,,,,0,,,,,0,0,0,0,0,0,0,0,1,0,1,0,1,2,0,0,0,0,0,0,272,0.001,0.001,0.003
3974,1.168,1.055,0,0.003,0.044,0,0,,0,,,,0,,,,,0,0,0,0,0,0,0,0,1,0,1,0,1,2,0,0,0,0,0,0,272,0,0,0.004
3975,1.786,1.686,0,0.002,0.037,0,0,,0,,,,0,,,,,0,0,0,0,0,0,0,0,1,0,1,0,1,2,0,0,0,0,0,0,272,0,0,0.004
3976,1.853,1.72,0,0.002,0.048,0,0,,0,,,,0,,,,,0,0,0,0,0,0,0,0,1,0,1,0,1,2,0,0,0,0,0,0,272,0,0.001,0.014
3977,1.898,1.805,0,0.002,0.04,0,0,,0,,,,0,,,,,0,0,0,0,0,0,0,0,1,0,1,0,1,2,0,0,0,0,0,0,272,0,0.001,0.002
3978,1.03,0.96,0,0.001,0.035,0,0,,0,,,,0,,,,,0,0,0,0,0,0,0,0,1,0,1,0,1,2,0,0,0,0,0,0,272,0,0.001,0.002
3979,0.923,0.814,0,0.001,0.078,0,0,,0,,,,0,,,,,0,0,0,0,0,0,0,0,1,0,1,0,1,2,0,0,0,0,0,0,272,0,0,0.001
3980,0.889,0.779,0,0.003,0.03,0,0,,0,,,,0,,,,,0,0,0,0,0,0,0,0,1,0,1,0,1,2,0,0,0,0,0,0,272,0.001,0.001,0.005
3981,1.464,1.31,0.001,0.003,0.049,0,0,,0,,,,0,,,,,0,0,0,0,0,0,0,0,1,0,1,0,1,2,0,0,0,0,0,0,272,0,0.001,0.005
3982,0.944,0.797,0.001,0.003,0.047,0,0,,0,,,,0,,,,,0,0,0,0,0,0,0,0,1,0,1,0,1,2,0,0,0,0,0,0,272,0.001,0.001,0.005
3983,0.927,0.759,0,0.004,0.082,0,0,,0,,,,0,,,,,0,0,0,0,0,0,0,0,1,0,1,0,1,2,0,0,0,0,0,0,272,0,0.001,0.004
3984,0.914,0.731,0.001,0.003,0.066,0,0,,0,,,,0,,,,,0,0,0,0,0,0,0,0,1,0,1,0,1,2,0,0,0,0,0,0,272,0,0.001,0.006
3985,1.457,1.315,0,0.003,0.048,0,0,,0,,,,0,,,,,0,0,0,0,0,0,0,0,1,0,1,0,1,2,0,0,0,0,0,0,272,0.001,0.001,0.005
3986,0.989,0.841,0.014,0.002,0.048,0,0,,0,,,,0,,,,,0,0,0,0,0,0,0,0,1,0,1,0,1,2,0,0,0,0,0,0,272,0,0,0.005
3987,0.817,0.735,0.001,0.001,0.039,0,0,,0,,,,0,,,,,0,0,0,0,0,0,0,0,1,0,1,0,1,2,0,0,0,0,0,0,272,0.001,0,0.002
3988,0.894,0.826,0,0.001,0.035,0,0,,0,,,,0,,,,,0,0,0,0,0,0,0,0,1,0,1,0,1,2,0,0,0,0,0,0,272,0,0,0.002
3989,0.9,0.837,0,0.001,0.035,0,0,,0,,,,0,,,,,0,0,0,0,0,0,0,0,1,0,1,0,1,2,0,0,0,0,0,0,272,0,0,0.001
3990,0.973,0.847,0.001,0.002,0.042,0,0,,1,1531.25,229453824,284766208,1,62503872,62503872,135081984,38823561584,0,0,0,0,0,0,0,0,1,0,1,0,1,2,0,0,0,0,0,0,272,0,0,0.005
3991,0.844,0.758,0,0.001,0.038,0,0,,0,,,,0,,,,,0,0,0,0,0,0,0,0,1,0,1,0,1,2,0,0,0,0,0,0,272,0.001,0,0.003
3992,0.937,0.836,0,0.002,0.042,0,0,,0,,,,0,,,,,0,0,0,0,0,0,0,0,1,0,1,0,1,2,0,0,0,0,0,0,272,0,0,0.003
3993,1,0.837,0,0.003,0.029,0,0,,0,,,,0,,,,,0,0,0,0,0,0,0,0,1,0,1,0,1,2,0,0,0,0,0,0,272,0.001,0.002,0.006
3994,0.789,0.705,0,0.002,0.031,0,0,,0,,,,0,,,,,0,0,0,0,0,0,0,0,1,0,1,0,1,2,0,0,0,0,0,0,272,0.001,0,0.003
3995,0.937,0.83,0.001,0.002,0.034,0,0,,0,,,,0,,,,,0,0,0,0,0,0,0,0,1,0,1,0,1,2,0,0,0,0,0,0,272,0,0,0.004
3996,0.923,0.827,0.001,0.002,0.022,0,0,,0,,,,0,,,,,0,0,0,0,0,0,0,0,1,0,1,0,1,2,0,0,0,0,0,0,272,0,0.001,0.003
3997,0.948,0.763,0,0.004,0.055,0,0,,0,,,,0,,,,,0,0,0,0,0,0,0,0,1,0,1,0,1,2,0,0,0,0,0,0,272,0,0.001,0.006
3998,1.341,1.204,0,0.003,0.041,0,0,,0,,,,0,,,,,0,0,0,0,0,0,0,0,1,0,1,0,1,2,0,0,0,0,0,0,272,0,0.001,0.005
3999,0.969,0.825,0,0.003,0.042,0,0,,0,,,,0,,,,,0,0,0,0,0,0,0,0,1,0,1,0,1,2,0,0,0,0,0,0,272,0.001,0.001,0.005
4000,0.851,0.747,0,0.002,0.037,0,0,,0,,,,0,,,,,0,0,0,0,0,0,0,0,1,0,1,0,1,2,0,0,0,0,0,0,272,0.001,0,0.004
4001,0.96,0.793,0,0.003,0.045,0,0,,0,,,,0,,,,,0,0,0,0,0,0,0,0,1,0,1,0,1,2,0,0,0,0,0,0,272,0,0.001,0.007
4002,1.568,1.411,0,0.002,0.053,0,0,,0,,,,0,,,,,0,0,0,0,0,0,0,0,1,0,1,0,1,2,0,0,0,0,0,0,272,0,0.001,0.005
4003,1.766,1.637,0,0.002,0.049,0,0,,0,,,,0,,,,,0,0,0,0,0,0,0,0,1,0,1,0,1,2,0,0,0,0,0,0,272,0,0.001,0.004
4004,5.06,4.828,0,0.007,0.053,0,0,,0,,,,0,,,,,0,0,0,0,0,0,0,0,1,0,1,0,1,2,0,0,0,0,0,0,272,0,0.003,0.012
4005,5.333,4.936,0.001,0.012,0.206,0,0,,0,,,,0,,,,,0,0,0,0,0,0,0,0,1,0,1,0,1,2,0,0,0,0,0,0,272,0,0.003,0.01
4006,14.885,14.669,0,0.006,0.051,0,0,,0,,,,0,,,,,0,0,0,0,0,0,0,0,1,0,1,0,1,2,0,0,0,0,0,0,272,0,0.002,0.011
4007,0.964,0.791,0,0.003,0.039,0,0,,0,,,,0,,,,,0,0,0,0,0,0,0,0,1,0,1,0,1,2,0,0,0,0,0,0,272,0,0.001,0.008
4008,1.424,1.323,0.001,0.002,0.027,0,0,,0,,,,0,,,,,0,0,0,0,0,0,0,0,1,0,1,0,1,2,0,0,0,0,0,0,272,0,0,0.004
4009,1.126,0.985,0,0.003,0.033,0,0,,0,,,,0,,,,,0,0,0,0,0,0,0,0,1,0,1,0,1,2,0,0,0,0,0,0,272,0,0.001,0.006
4010,3.016,2.847,0,0.004,0.058,0,0,,0,,,,0,,,,,0,0,0,0,0,0,0,0,1,0,1,0,1,2,0,0,0,0,0,0,272,0,0.001,0.007
4011,0.898,0.736,0.001,0.003,0.043,0,0,,0,,,,0,,,,,0,0,0,0,0,0,0,0,1,0,1,0,1,2,0,0,0,0,0,0,272,0.001,0.001,0.006
4012,8.219,8.042,0,0.005,0.046,0,0,,0,,,,0,,,,,0,0,0,0,0,0,0,0,1,0,1,0,1,2,0,0,0,0,0,0,272,0.001,0.002,0.008
4013,1.03,0.87,0.001,0.003,0.042,0,0,,0,,,,0,,,,,0,0,0,0,0,0,0,0,1,0,1,0,1,2,0,0,0,0,0,0,272,0,0.002,0.008
4014,1.604,1.544,0,0.001,0.024,0,0,,0,,,,0,,,,,0,0,0,0,0,0,0,0,1,0,1,0,1,2,0,0,0,0,0,0,272,0,0,0.003
4015,1.346,1.175,0,0.004,0.048,0,0,,0,,,,0,,,,,0,0,0,0,0,0,0,0,1,0,1,0,1,2,0,0,0,0,0,0,272,0,0.002,0.008
4016,0.835,0.748,0,0.001,0.029,0,0,,0,,,,0,,,,,0,0,0,0,0,0,0,0,1,0,1,0,1,2,0,0,0,0,0,0,272,0,0,0.003
4017,1.663,1.565,0,0.002,0.026,0,0,,0,,,,0,,,,,0,0,0,0,0,0,0,0,1,0,1,0,1,2,0,0,0,0,0,0,272,0,0.001,0.004
4018,1.019,0.857,0,0.003,0.053,0,0,,0,,,,0,,,,,0,0,0,0,0,0,0,0,1,0,1,0,1,2,0,0,0,0,0,0,272,0,0.001,0.005
4019,0.841,0.77,0,0.003,0.024,0,0,,0,,,,0,,,,,0,0,0,0,0,0,0,0,1,0,1,0,1,2,0,0,0,0,0,0,272,0,0.001,0.004
4020,0.955,0.881,0,0.001,0.037,0,0,,1,1562.5,229453824,284766208,1,62503872,62503872,135081984,38823561584,0,0,0,0,0,0,0,0,1,0,1,0,1,2,0,0,0,0,0,0,272,0,0,0.002
4021,0.802,0.734,0,0.001,0.036,0,0,,0,,,,0,,,,,0,0,0,0,0,0,0,0,1,0,1,0,1,2,0,0,0,0,0,0,272,0,0,0.002
4022,0.909,0.77,0,0.003,0.043,0,0,,0,,,,0,,,,,0,0,0,0,0,0,0,0,1,0,1,0,1,2,0,0,0,0,0,0,272,0,0.001,0.005
4023,0.771,0.675,0,0.002,0.036,0,0,,0,,,,0,,,,,0,0,0,0,0,0,0,0,1,0,1,0,1,2,0,0,0,0,0,0,272,0.001,0,0.004
4024,0.853,0.736,0,0.002,0.044,0,0,,0,,,,0,,,,,0,0,0,0,0,0,0,0,1,0,1,0,1,2,0,0,0,0,0,0,272,0.001,0,0.003
4025,0.935,0.71,0,0.003,0.091,0,0,,0,,,,0,,,,,0,0,0,0,0,0,0,0,1,0,1,0,1,2,0,0,0,0,0,0,272,0.001,0.001,0.005
4026,0.542,0.483,0.001,0.001,0.023,0,0,,0,,,,0,,,,,0,0,0,0,0,0,0,0,1,0,1,0,1,2,0,0,0,0,0,0,272,0,0.001,0.002
4027,0.828,0.761,0.001,0.001,0.033,0,0,,0,,,,0,,,,,0,0,0,0,0,0,0,0,1,0,1,0,1,2,0,0,0,0,0,0,272,0,0,0.003
4028,0.845,0.775,0,0.001,0.041,0,0,,0,,,,0,,,,,0,0,0,0,0,0,0,0,1,0,1,0,1,2,0,0,0,0,0,0,272,0,0,0.002
4029,0.903,0.737,0,0.003,0.046,0,0,,0,,,,0,,,,,0,0,0,0,0,0,0,0,1,0,1,0,1,2,0,0,0,0,0,0,272,0.001,0.001,0.006
4030,0.799,0.715,0,0.002,0.03,0,0,,0,,,,0,,,,,0,0,0,0,0,0,0,0,1,0,1,0,1,2,0,0,0,0,0,0,272,0,0.001,0.002
4031,1.306,1.228,0.001,0.003,0.025,0,0,,0,,,,0,,,,,0,0,0,0,0,0,0,0,1,0,1,0,1,2,0,0,0,0,0,0,272,0,0,0.003
4032,0.803,0.678,0.001,0.002,0.057,0,0,,0,,,,0,,,,,0,0,0,0,0,0,0,0,1,0,1,0,1,2,0,0,0,0,0,0,272,0,0.001,0.003
4033,0.741,0.652,0,0.002,0.027,0,0,,0,,,,0,,,,,0,0,0,0,0,0,0,0,1,0,1,0,1,2,0,0,0,0,0,0,272,0,0.001,0.004
4034,0.766,0.681,0,0.002,0.023,0,0,,0,,,,0,,,,,0,0,0,0,0,0,0,0,1,0,1,0,1,2,0,0,0,0,0,0,272,0,0.001,0.003
4035,1.324,1.207,0.001,0.002,0.037,0,0,,0,,,,0,,,,,0,0,0,0,0,0,0,0,1,0,1,0,1,2,0,0,0,0,0,0,272,0,0.001,0.004
4036,0.764,0.66,0,0.003,0.031,0,0,,0,,,,0,,,,,0,0,0,0,0,0,0,0,1,0,1,0,1,2,0,0,0,0,0,0,272,0,0.001,0.004
4037,0.735,0.677,0,0.001,0.024,0,0,,0,,,,0,,,,,0,0,0,0,0,0,0,0,1,0,1,0,1,2,0,0,0,0,0,0,272,0,0,0.002
4038,0.842,0.744,0,0.001,0.051,0,0,,0,,,,0,,,,,0,0,0,0,0,0,0,0,1,0,1,0,1,2,0,0,0,0,0,0,272,0,0,0.003
4039,0.769,0.667,0,0.002,0.038,0,0,,0,,,,0,,,,,0,0,0,0,0,0,0,0,1,0,1,0,1,2,0,0,0,0,0,0,272,0,0.001,0.004
4040,0.807,0.661,0,0.003,0.05,0,0,,0,,,,0,,,,,0,0,0,0,0,0,0,0,1,0,1,0,1,2,0,0,0,0,0,0,272,0.001,0.001,0.005
4041,0.612,0.566,0,0,0.018,0,0,,0,,,,0,,,,,0,0,0,0,0,0,0,0,1,0,1,0,1,2,0,0,0,0,0,0,272,0,0.001,0.001
4042,0.862,0.742,0,0.002,0.042,0,0,,0,,,,0,,,,,0,0,0,0,0,0,0,0,1,0,1,0,1,2,0,0,0,0,0,0,272,0,0.001,0.004
4043,0.725,0.642,0,0.001,0.039,0,0,,0,,,,0,,,,,0,0,0,0,0,0,0,0,1,0,1,0,1,2,0,0,0,0,0,0,272,0,0,0.002
4044,0.849,0.715,0,0.003,0.042,0,0,,0,,,,0,,,,,0,0,0,0,0,0,0,0,1,0,1,0,1,2,0,0,0,0,0,0,272,0,0.001,0.004
4045,0.622,0.534,0,0.002,0.027,0,0,,0,,,,0,,,,,0,0,0,0,0,0,0,0,1,0,1,0,1,2,0,0,0,0,0,0,272,0,0.001,0.003
4046,0.723,0.664,0,0.001,0.02,0,0,,0,,,,0,,,,,0,0,0,0,0,0,0,0,1,0,1,0,1,2,0,0,0,0,0,0,272,0,0,0.002
4047,0.821,0.725,0,0.001,0.036,0,0,,0,,,,0,,,,,0,0,0,0,0,0,0,0,1,0,1,0,1,2,0,0,0,0,0,0,272,0,0.001,0.003
4048,0.746,0.658,0,0.002,0.038,0,0,,0,,,,0,,,,,0,0,0,0,0,0,0,0,1,0,1,0,1,2,0,0,0,0,0,0,272,0,0.001,0.003
4049,0.704,0.657,0,0.001,0.019,0,0,,0,,,,0,,,,,0,0,0,0,0,0,0,0,1,0,1,0,1,2,0,0,0,0,0,0,272,0,0,0.002
4050,0.882,0.738,0.001,0.004,0.041,0,0,,1,1562.5,229453824,284766208,1,62503872,62503872,135081984,38823561584,0,0,0,0,0,0,0,0,1,0,1,0,1,2,0,0,0,0,0,0,272,0.001,0.002,0.005
4051,1.1,1.009,0,0.002,0.024,0,0,,0,,,,0,,,,,0,0,0,0,0,0,0,0,1,0,1,0,1,2,0,0,0,0,0,0,272,0,0.001,0.004
4052,0.81,0.706,0,0.002,0.04,0,0,,0,,,,0,,,,,0,0,0,0,0,0,0,0,1,0,1,0,1,2,0,0,0,0,0,0,272,0.001,0,0.003
4053,0.733,0.657,0,0.001,0.034,0,0,,0,,,,0,,,,,0,0,0,0,0,0,0,0,1,0,1,0,1,2,0,0,0,0,0,0,272,0,0,0.003
4054,0.751,0.684,0,0.001,0.034,0,0,,0,,,,0,,,,,0,0,0,0,0,0,0,0,1,0,1,0,1,2,0,0,0,0,0,0,272,0,0.001,0.002
4055,1.458,1.281,0,0.004,0.045,0,0,,0,,,,0,,,,,0,0,0,0,0,0,0,0,1,0,1,0,1,2,0,0,0,0,0,0,272,0,0.001,0.027
4056,0.741,0.607,0,0.003,0.042,0,0,,0,,,,0,,,,,0,0,0,0,0,0,0,0,1,0,1,0,1,2,0,0,0,0,0,0,272,0,0.001,0.005
4057,0.651,0.605,0.001,0,0.018,0,0,,0,,,,0,,,,,0,0,0,0,0,0,0,0,1,0,1,0,1,2,0,0,0,0,0,0,272,0,0,0.002
4058,0.86,0.786,0,0.001,0.04,0,0,,0,,,,0,,,,,0,0,0,0,0,0,0,0,1,0,1,0,1,2,0,0,0,0,0,0,272,0,0,0.002
4059,0.841,0.761,0,0.001,0.043,0,0,,0,,,,0,,,,,0,0,0,0,0,0,0,0,1,0,1,0,1,2,0,0,0,0,0,0,272,0,0.001,0.002
4060,0.822,0.758,0,0.001,0.034,0,0,,0,,,,0,,,,,0,0,0,0,0,0,0,0,1,0,1,0,1,2,0,0,0,0,0,0,272,0,0,0.002
4061,0.897,0.757,0.001,0.003,0.036,0,0,,0,,,,0,,,,,0,0,0,0,0,0,0,0,1,0,1,0,1,2,0,0,0,0,0,0,272,0,0.001,0.005
4062,0.792,0.668,0,0.003,0.038,0,0,,0,,,,0,,,,,0,0,0,0,0,0,0,0,1,0,1,0,1,2,0,0,0,0,0,0,272,0.001,0.001,0.004
4063,0.777,0.701,0,0.001,0.03,0,0,,0,,,,0,,,,,0,0,0,0,0,0,0,0,1,0,1,0,1,2,0,0,0,0,0,0,272,0,0,0.002
4064,0.767,0.713,0,0.001,0.023,0,0,,0,,,,0,,,,,0,0,0,0,0,0,0,0,1,0,1,0,1,2,0,0,0,0,0,0,272,0,0,0.002
4065,0.861,0.767,0,0.002,0.032,0,0,,0,,,,0,,,,,0,0,0,0,0,0,0,0,1,0,1,0,1,2,0,0,0,0,0,0,272,0,0.001,0.004
4066,0.755,0.699,0,0.001,0.019,0,0,,0,,,,0,,,,,0,0,0,0,0,0,0,0,1,0,1,0,1,2,0,0,0,0,0,0,272,0,0,0.002
4067,0.944,0.781,0,0.003,0.023,0,0,,0,,,,0,,,,,0,0,0,0,0,0,0,0,1,0,1,0,1,2,0,0,0,0,0,0,272,0,0.001,0.006
4068,0.805,0.655,0,0.002,0.025,0,0,,0,,,,0,,,,,0,0,0,0,0,0,0,0,1,0,1,0,1,2,0,0,0,0,0,0,272,0,0,0.004
4069,0.779,0.655,0,0.002,0.048,0,0,,0,,,,0,,,,,0,0,0,0,0,0,0,0,1,0,1,0,1,2,0,0,0,0,0,0,272,0,0,0.003
4070,1.476,1.418,0,0.001,0.024,0,0,,0,,,,0,,,,,0,0,0,0,0,0,0,0,1,0,1,0,1,2,0,0,0,0,0,0,272,0,0,0.002
4071,0.848,0.751,0,0.002,0.05,0,0,,0,,,,0,,,,,0,0,0,0,0,0,0,0,1,0,1,0,1,2,0,0,0,0,0,0,272,0,0,0.003
4072,0.792,0.737,0,0.001,0.024,0,0,,0,,,,0,,,,,0,0,0,0,0,0,0,0,1,0,1,0,1,2,0,0,0,0,0,0,272,0,0,0.002
4073,0.836,0.754,0,0.002,0.032,0,0,,0,,,,0,,,,,0,0,0,0,0,0,0,0,1,0,1,0,1,2,0,0,0,0,0,0,272,0,0,0.002
4074,1.36,1.28,0.001,0.002,0.023,0,0,,0,,,,0,,,,,0,0,0,0,0,0,0,0,1,0,1,0,1,2,0,0,0,0,0,0,272,0,0.001,0.003
4075,0.83,0.732,0,0.002,0.045,0,0,,0,,,,0,,,,,0,0,0,0,0,0,0,0,1,0,1,0,1,2,0,0,0,0,0,0,272,0,0,0.003
4076,0.821,0.722,0,0.003,0.03,0,0,,0,,,,0,,,,,0,0,0,0,0,0,0,0,1,0,1,0,1,2,0,0,0,0,0,0,272,0,0.002,0.004
4077,0.797,0.698,0,0.002,0.028,0,0,,0,,,,0,,,,,0,0,0,0,0,0,0,0,1,0,1,0,1,2,0,0,0,0,0,0,272,0,0.001,0.004
4078,0.82,0.709,0,0.002,0.04,0,0,,0,,,,0,,,,,0,0,0,0,0,0,0,0,1,0,1,0,1,2,0,0,0,0,0,0,272,0,0.001,0.004
4079,0.805,0.708,0,0.002,0.031,0,0,,0,,,,0,,,,,0,0,0,0,0,0,0,0,1,0,1,0,1,2,0,0,0,0,0,0,272,0,0,0.004
4080,0.893,0.697,0,0.003,0.114,0,0,,1,1562.5,229453824,284766208,1,62503872,62503872,135081984,38823561584,0,0,0,0,0,0,0,0,1,0,1,0,1,2,0,0,0,0,0,0,272,0,0.001,0.004
4081,0.661,0.557,0,0.003,0.033,0,0,,0,,,,0,,,,,0,0,0,0,0,0,0,0,1,0,1,0,1,2,0,0,0,0,0,0,272,0.001,0.001,0.003
4082,0.769,0.695,0,0.002,0.022,0,0,,0,,,,0,,,,,0,0,0,0,0,0,0,0,1,0,1,0,1,2,0,0,0,0,0,0,272,0,0.001,0.003
4083,0.893,0.801,0.001,0.002,0.026,0,0,,0,,,,0,,,,,0,0,0,0,0,0,0,0,1,0,1,0,1,2,0,0,0,0,0,0,272,0,0,0.004
4084,0.824,0.717,0,0.002,0.041,0,0,,0,,,,0,,,,,0,0,0,0,0,0,0,0,1,0,1,0,1,2,0,0,0,0,0,0,272,0,0,0.004
4085,0.789,0.689,0,0.002,0.034,0,0,,0,,,,0,,,,,0,0,0,0,0,0,0,0,1,0,1,0,1,2,0,0,0,0,0,0,272,0,0.001,0.004
4086,0.755,0.7,0,0.001,0.028,0,0,,0,,,,0,,,,,0,0,0,0,0,0,0,0,1,0,1,0,1,2,0,0,0,0,0,0,272,0,0,0.001
4087,0.913,0.769,0,0.003,0.038,0,0,,0,,,,0,,,,,0,0,0,0,0,0,0,0,1,0,1,0,1,2,0,0,0,0,0,0,272,0,0.002,0.005
4088,1.452,1.38,0,0.001,0.023,0,0,,0,,,,0,,,,,0,0,0,0,0,0,0,0,1,0,1,0,1,2,0,0,0,0,0,0,272,0,0.001,0.003
4089,0.834,0.706,0,0.002,0.032,0,0,,0,,,,0,,,,,0,0,0,0,0,0,0,0,1,0,1,0,1,2,0,0,0,0,0,0,272,0.001,0.001,0.005
4090,1.05,0.966,0,0.001,0.043,0,0,,0,,,,0,,,,,0,0,0,0,0,0,0,0,1,0,1,0,1,2,0,0,0,0,0,0,272,0,0,0.002
4091,0.979,0.821,0,0.003,0.048,0,0,,0,,,,0,,,,,0,0,0,0,0,0,0,0,1,0,1,0,1,2,0,0,0,0,0,0,272,0.001,0.001,0.005
4092,2.171,2.087,0,0.002,0.026,0,0,,0,,,,0,,,,,0,0,0,0,0,0,0,0,1,0,1,0,1,2,0,0,0,0,0,0,272,0.001,0.001,0.003
4093,1.04,0.936,0,0.002,0.038,0,0,,0,,,,0,,,,,0,0,0,0,0,0,0,0,1,0,1,0,1,2,0,0,0,0,0,0,272,0,0.001,0.003
4094,0.875,0.803,0,0.001,0.035,0,0,,0,,,,0,,,,,0,0,0,0,0,0,0,0,1,0,1,0,1,2,0,0,0,0,0,0,272,0,0,0.002
4095,0.922,0.822,0,0.002,0.035,0,0,,0,,,,0,,,,,0,0,0,0,0,0,0,0,1,0,1,0,1,2,0,0,0,0,0,0,272,0,0.001,0.003
4096,0.902,0.767,0,0.002,0.044,0,0,,0,,,,0,,,,,0,0,0,0,0,0,0,0,1,0,1,0,1,2,0,0,0,0,0,0,272,0,0.001,0.005
4097,0.846,0.742,0.001,0.002,0.036,0,0,,0,,,,0,,,,,0,0,0,0,0,0,0,0,1,0,1,0,1,2,0,0,0,0,0,0,272,0,0.001,0.004
4098,0.877,0.796,0.001,0.001,0.024,0,0,,0,,,,0,,,,,0,0,0,0,0,0,0,0,1,0,1,0,1,2,0,0,0,0,0,0,272,0,0.001,0.003
4099,0.807,0.743,0,0.001,0.023,0,0,,0,,,,0,,,,,0,0,0,0,0,0,0,0,1,0,1,0,1,2,0,0,0,0,0,0,272,0,0.001,0.002
4100,0.915,0.846,0,0.001,0.03,0,0,,0,,,,0,,,,,0,0,0,0,0,0,0,0,1,0,1,0,1,2,0,0,0,0,0,0,272,0,0,0.003
4101,1.02,0.853,0,0.004,0.033,0,0,,0,,,,0,,,,,0,0,0,0,0,0,0,0,1,0,1,0,1,2,0,0,0,0,0,0,272,0.001,0.002,0.007
4102,0.805,0.729,0,0.002,0.04,0,0,,0,,,,0,,,,,0,0,0,0,0,0,0,0,1,0,1,0,1,2,0,0,0,0,0,0,272,0,0.001,0.002
4103,0.868,0.724,0,0.003,0.038,0,0,,0,,,,0,,,,,0,0,0,0,0,0,0,0,1,0,1,0,1,2,0,0,0,0,0,0,272,0.001,0.001,0.005
4104,0.445,0.359,0,0.001,0.032,0,0,,0,,,,0,,,,,0,0,0,0,0,0,0,0,1,0,1,0,1,2,0,0,0,0,0,0,272,0.001,0,0.003
4105,0.535,0.422,0,0.002,0.039,0,0,,0,,,,0,,,,,0,0,0,0,0,0,0,0,1,0,1,0,1,2,0,0,0,0,0,0,272,0,0.001,0.003
4106,0.809,0.732,0,0.002,0.026,0,0,,0,,,,0,,,,,0,0,0,0,0,0,0,0,1,0,1,0,1,2,0,0,0,0,0,0,272,0,0.001,0.003
4107,0.514,0.467,0,0,0.021,0,0,,0,,,,0,,,,,0,0,0,0,0,0,0,0,1,0,1,0,1,2,0,0,0,0,0,0,272,0,0,0.001
4108,0.553,0.508,0,0.001,0.022,0,0,,0,,,,0,,,,,0,0,0,0,0,0,0,0,1,0,1,0,1,2,0,0,0,0,0,0,272,0,0.001,0.001
4109,0.557,0.498,0,0.001,0.031,0,0,,0,,,,0,,,,,0,0,0,0,0,0,0,0,1,0,1,0,1,2,0,0,0,0,0,0,272,0,0,0.001
4110,0.549,0.488,0,0.001,0.032,0,0,,1,1609.375,229457920,284831744,1,62503872,62503872,135081984,38823561584,0,0,0,0,0,0,0,0,1,0,1,0,1,2,0,0,0,0,0,0,272,0,0,0.001
4111,0.567,0.473,0,0.002,0.028,0,0,,0,,,,0,,,,,0,0,0,0,0,0,0,0,1,0,1,0,1,2,0,0,0,0,0,0,272,0,0.001,0.003
4112,0.904,0.739,0,0.003,0.055,0,0,,0,,,,0,,,,,0,0,0,0,0,0,0,0,1,0,1,0,1,2,0,0,0,0,0,0,272,0,0.001,0.005
4113,0.516,0.347,0,0.003,0.055,0,0,,0,,,,0,,,,,0,0,0,0,0,0,0,0,1,0,1,0,1,2,0,0,0,0,0,0,272,0,0.001,0.005
4114,0.478,0.38,0,0.002,0.04,0,0,,0,,,,0,,,,,0,0,0,0,0,0,0,0,1,0,1,0,1,2,0,0,0,0,0,0,272,0.001,0,0.002
4115,0.512,0.434,0,0.001,0.04,0,0,,0,,,,0,,,,,0,0,0,0,0,0,0,0,1,0,1,0,1,2,0,0,0,0,0,0,272,0,0,0.002
4116,0.67,0.581,0,0.011,0.032,0,0,,0,,,,0,,,,,0,0,0,0,0,0,0,0,1,0,1,0,1,2,0,0,0,0,0,0,272,0,0.001,0.003
4117,0.377,0.298,0,0.002,0.026,0,0,,0,,,,0,,,,,0,0,0,0,0,0,0,0,1,0,1,0,1,2,0,0,0,0,0,0,272,0,0.001,0.002
4118,0.554,0.467,0,0.002,0.023,0,0,,0,,,,0,,,,,0,0,0,0,0,0,0,0,1,0,1,0,1,2,0,0,0,0,0,0,272,0,0.001,0.003
4119,0.54,0.451,0,0.002,0.028,0,0,,0,,,,0,,,,,0,0,0,0,0,0,0,0,1,0,1,0,1,2,0,0,0,0,0,0,272,0,0.001,0.003
4120,0.535,0.426,0.001,0.002,0.038,0,0,,0,,,,0,,,,,0,0,0,0,0,0,0,0,1,0,1,0,1,2,0,0,0,0,0,0,272,0.001,0.001,0.003
4121,0.501,0.394,0,0.002,0.034,0,0,,0,,,,0,,,,,0,0,0,0,0,0,0,0,1,0,1,0,1,2,0,0,0,0,0,0,272,0,0,0.003
4122,0.593,0.418,0,0.002,0.102,0,0,,0,,,,0,,,,,0,0,0,0,0,0,0,0,1,0,1,0,1,2,0,0,0,0,0,0,272,0,0.001,0.004
4123,0.536,0.367,0.001,0.002,0.077,0,0,,0,,,,0,,,,,0,0,0,0,0,0,0,0,1,0,1,0,1,2,0,0,0,0,0,0,272,0,0.002,0.004
4124,0.616,0.336,0.001,0.004,0.121,0,0,,0,,,,0,,,,,0,0,0,0,0,0,0,0,1,0,1,0,1,2,0,0,0,0,0,0,272,0,0.001,0.008
4125,0.8,0.221,0,0.003,0.508,0,0,,0,,,,0,,,,,0,0,0,0,0,0,0,0,1,0,1,0,1,2,0,0,0,0,0,0,272,0,0.001,0.003
4126,0.203,0.001,0,0.004,0.057,0,0,,0,,,,0,,,,,0,0,0,0,0,0,0,0,1,0,1,0,1,2,0,0,0,0,0,0,272,0,0.001,0.006
4127,0.628,0.195,0.001,0.003,0.336,0,0,,0,,,,0,,,,,0,0,0,0,0,0,0,0,1,0,1,0,1,2,0,0,0,0,0,0,272,0,0.001,0.005
4128,0.535,0.001,0,0.003,0.452,0,0,,0,,,,0,,,,,0,0,0,0,0,0,0,0,1,0,1,0,1,2,0,0,0,0,0,0,272,0,0.001,0.005
4129,0.436,0.001,0.001,0.002,0.354,0,0,,0,,,,0,,,,,0,0,0,0,0,0,0,0,1,0,1,0,1,2,0,0,0,0,0,0,272,0,0.001,0.004
4130,0.947,0.695,0,0.002,0.171,0,0,,0,,,,0,,,,,0,0,0,0,0,0,0,0,1,0,1,0,1,2,0,0,0,0,0,0,272,0,0.001,0.004
4131,0.268,0.163,0,0.003,0.035,0,0,,0,,,,0,,,,,0,0,0,0,0,0,0,0,1,0,1,0,1,2,0,0,0,0,0,0,272,0,0.001,0.004
4132,0.599,0.496,0,0.002,0.033,0,0,,0,,,,0,,,,,0,0,0,0,0,0,0,0,1,0,1,0,1,2,0,0,0,0,0,0,272,0.001,0.001,0.003
4133,0.749,0.398,0,0.005,0.109,0,0,,0,,,,0,,,,,0,0,0,0,0,0,0,0,1,0,1,0,1,2,0,0,0,0,0,0,272,0.001,0.016,0.009
4134,0.604,0.129,0.001,0.003,0.355,0,0,,0,,,,0,,,,,0,0,0,0,0,0,0,0,1,0,1,0,1,2,0,0,0,0,0,0,272,0,0.002,0.006
4135,0.599,0.041,0.001,0.003,0.452,0,0,,0,,,,0,,,,,0,0,0,0,0,0,0,0,1,0,1,0,1,2,0,0,0,0,0,0,272,0.001,0.001,0.005
4136,0.967,0.245,0.001,0.002,0.643,0,0,,0,,,,0,,,,,0,0,0,0,0,0,0,0,1,0,1,0,1,2,0,0,0,0,0,0,272,0,0.001,0.004
4137,0.584,0.002,0.001,0.005,0.402,0,0,,0,,,,0,,,,,0,0,0,0,0,0,0,0,1,0,1,0,1,2,0,0,0,0,0,0,272,0.001,0.002,0.008
4138,0.108,0.001,0,0.003,0.025,0,0,,0,,,,0,,,,,0,0,0,0,0,0,0,0,1,0,1,0,1,2,0,0,0,0,0,0,272,0,0.001,0.004
4139,0.184,0.002,0,0.003,0.085,0,0,,0,,,,0,,,,,0,0,0,0,0,0,0,0,1,0,1,0,1,2,0,0,0,0,0,0,272,0,0.001,0.005
4140,0.102,0.002,0.001,0.002,0.03,0,0,,1,1625,229457920,284831744,1,62503872,62503872,135081984,38823561584,0,0,0,0,0,0,0,0,1,0,1,0,1,2,0,0,0,0,0,0,272,0.001,0.001,0.003
4141,1.035,0,0,0.001,0.312,0,0,,0,,,,0,,,,,0,0,0,0,0,0,0,0,1,0,1,0,1,2,0,0,0,0,0,0,272,0,0.001,0.004
4142,0.18,0.001,0.001,0.003,0.083,0,0,,0,,,,0,,,,,0,0,0,0,0,0,0,0,1,0,1,0,1,2,0,0,0,0,0,0,272,0,0.001,0.004
4143,0.221,0.138,0,0.002,0.019,0,0,,0,,,,0,,,,,0,0,0,0,0,0,0,0,1,0,1,0,1,2,0,0,0,0,0,0,272,0,0.001,0.003
4144,0.984,0.717,0.001,0.005,0.105,0,0,,0,,,,0,,,,,0,0,0,0,0,0,0,0,1,0,1,0,1,2,0,0,0,0,0,0,272,0,0.002,0.007
4145,1.12,0.197,0,0.003,0.831,0,0,,0,,,,0,,,,,0,0,0,0,0,0,0,0,1,0,1,0,1,2,0,0,0,0,0,0,272,0.001,0.001,0.005
4146,0.116,0.002,0,0.003,0.033,0,0,,0,,,,0,,,,,0,0,0,0,0,0,0,0,1,0,1,0,1,2,0,0,0,0,0,0,272,0,0.001,0.005
4147,0.466,0.002,0,0.002,0.387,0,0,,0,,,,0,,,,,0,0,0,0,0,0,0,0,1,0,1,0,1,2,0,0,0,0,0,0,272,0,0.001,0.004
4148,0.46,0.001,0.001,0.002,0.366,0,0,,0,,,,0,,,,,0,0,0,0,0,0,0,0,1,0,1,0,1,2,0,0,0,0,0,0,272,0,0.001,0.005
4149,0.265,0.001,0,0.003,0.169,0,0,,0,,,,0,,,,,0,0,0,0,0,0,0,0,1,0,1,0,1,2,0,0,0,0,0,0,272,0.001,0.001,0.005
4150,0.255,0.001,0,0.002,0.202,0,0,,0,,,,0,,,,,0,0,0,0,0,0,0,0,1,0,1,0,1,2,0,0,0,0,0,0,272,0,0,0.003
4151,0.302,0.246,0,0.001,0.023,0,0,,0,,,,0,,,,,0,0,0,0,0,0,0,0,1,0,1,0,1,2,0,0,0,0,0,0,272,0,0.001,0.001
4152,0.222,0.113,0,0.002,0.028,0,0,,0,,,,0,,,,,0,0,0,0,0,0,0,0,1,0,1,0,1,2,0,0,0,0,0,0,272,0.001,0.001,0.004
4153,0.5,0.32,0,0.003,0.034,0,0,,0,,,,0,,,,,0,0,0,0,0,0,0,0,1,0,1,0,1,2,0,0,0,0,0,0,272,0,0.001,0.005
4154,0.381,0.27,0,0.002,0.037,0,0,,0,,,,0,,,,,0,0,0,0,0,0,0,0,1,0,1,0,1,2,0,0,0,0,0,0,272,0.001,0.001,0.003
4155,0.479,0.386,0.001,0.002,0.029,0,0,,0,,,,0,,,,,0,0,0,0,0,0,0,0,1,0,1,0,1,2,0,0,0,0,0,0,272,0,0,0.004
4156,0.671,0.514,0,0.003,0.049,0,0,,0,,,,0,,,,,0,0,0,0,0,0,0,0,1,0,1,0,1,2,0,0,0,0,0,0,272,0,0.002,0.005
4157,0.419,0.308,0,0.003,0.029,0,0,,0,,,,0,,,,,0,0,0,0,0,0,0,0,1,0,1,0,1,2,0,0,0,0,0,0,272,0.001,0.001,0.004
4158,1.144,0.891,0,0.005,0.112,0,0,,0,,,,0,,,,,0,0,0,0,0,0,0,0,1,0,1,0,1,2,0,0,0,0,0,0,272,0,0.001,0.007
4159,0.446,0.289,0.001,0.002,0.076,0,0,,0,,,,0,,,,,0,0,0,0,0,0,0,0,1,0,1,0,1,2,0,0,0,0,0,0,272,0,0.001,0.004
4160,0.405,0.311,0,0.002,0.043,0,0,,0,,,,0,,,,,0,0,0,0,0,0,0,0,1,0,1,0,1,2,0,0,0,0,0,0,272,0,0.001,0.002
4161,0.603,0.424,0,0.003,0.059,0,0,,0,,,,0,,,,,0,0,0,0,0,0,0,0,1,0,1,0,1,2,0,0,0,0,0,0,272,0,0.001,0.005
4162,0.62,0.455,0,0.003,0.078,0,0,,0,,,,0,,,,,0,0,0,0,0,0,0,0,1,0,1,0,1,2,0,0,0,0,0,0,272,0,0.001,0.005
4163,0.441,0.327,0,0.002,0.035,0,0,,0,,,,0,,,,,0,0,0,0,0,0,0,0,1,0,1,0,1,2,0,0,0,0,0,0,272,0,0.001,0.004
4164,0.511,0.402,0,0.003,0.032,0,0,,0,,,,0,,,,,0,0,0,0,0,0,0,0,1,0,1,0,1,2,0,0,0,0,0,0,272,0,0.001,0.004
4165,1.854,1.654,0.001,0.004,0.07,0,0,,0,,,,0,,,,,0,0,0,0,0,0,0,0,1,0,1,0,1,2,0,0,0,0,0,0,272,0.001,0.001,0.006
4166,0.476,0.293,0,0.003,0.047,0,0,,0,,,,0,,,,,0,0,0,0,0,0,0,0,1,0,1,0,1,2,0,0,0,0,0,0,272,0,0.001,0.006
4167,8.965,8.77,0.001,0.005,0.061,0,0,,0,,,,0,,,,,0,0,0,0,0,0,0,0,1,0,1,0,1,2,0,0,0,0,0,0,272,0.001,0.002,0.007
4168,1.637,1.476,0,0.004,0.044,0,0,,0,,,,0,,,,,0,0,0,0,0,0,0,0,1,0,1,0,1,2,0,0,0,0,0,0,272,0,0.001,0.006
4169,1.295,1.098,0,0.012,0.094,0,0,,0,,,,0,,,,,0,0,0,0,0,0,0,0,1,0,1,0,1,2,0,0,0,0,0,0,272,0,0.001,0.005
4170,0.624,0.509,0,0.002,0.037,0,0,,1,1640.625,229523456,284831744,1,62503872,62503872,135081984,38823561584,0,0,0,0,0,0,0,0,1,0,1,0,1,2,0,0,0,0,0,0,272,0,0,0.004
4171,0.73,0.565,0,0.003,0.059,0,0,,0,,,,0,,,,,0,0,0,0,0,0,0,0,1,0,1,0,1,2,0,0,0,0,0,0,272,0.001,0.001,0.006
4172,0.734,0.572,0,0.003,0.051,0,0,,0,,,,0,,,,,0,0,0,0,0,0,0,0,1,0,1,0,1,2,0,0,0,0,0,0,272,0.001,0.001,0.005
4173,0.598,0.493,0.001,0.002,0.03,0,0,,0,,,,0,,,,,0,0,0,0,0,0,0,0,1,0,1,0,1,2,0,0,0,0,0,0,272,0,0,0.003
4174,0.953,0.803,0,0.003,0.06,0,0,,0,,,,0,,,,,0,0,0,0,0,0,0,0,1,0,1,0,1,2,0,0,0,0,0,0,272,0,0.001,0.005
4175,0.765,0.668,0,0.002,0.026,0,0,,0,,,,0,,,,,0,0,0,0,0,0,0,0,1,0,1,0,1,2,0,0,0,0,0,0,272,0,0,0.004
4176,0.814,0.759,0,0.001,0.018,0,0,,0,,,,0,,,,,0,0,0,0,0,0,0,0,1,0,1,0,1,2,0,0,0,0,0,0,272,0,0,0.002
4177,1.62,1.446,0,0.004,0.052,0,0,,0,,,,0,,,,,0,0,0,0,0,0,0,0,1,0,1,0,1,2,0,0,0,0,0,0,272,0,0.001,0.007
4178,0.404,0.237,0,0.003,0.043,0,0,,0,,,,0,,,,,0,0,0,0,0,0,0,0,1,0,1,0,1,2,0,0,0,0,0,0,272,0,0.001,0.007
4179,0.666,0.587,0,0.002,0.025,0,0,,0,,,,0,,,,,0,0,0,0,0,0,0,0,1,0,1,0,1,2,0,0,0,0,0,0,272,0,0,0.003
4180,0.882,0.753,0,0.003,0.048,0,0,,0,,,,0,,,,,0,0,0,0,0,0,0,0,1,0,1,0,1,2,0,0,0,0,0,0,272,0.001,0,0.005
4181,1.671,1.582,0,0.002,0.032,0,0,,0,,,,0,,,,,0,0,0,0,0,0,0,0,1,0,1,0,1,2,0,0,0,0,0,0,272,0.001,0,0.003
4182,0.751,0.619,0,0.002,0.052,0,0,,0,,,,0,,,,,0,0,0,0,0,0,0,0,1,0,1,0,1,2,0,0,0,0,0,0,272,0.001,0.001,0.014
4183,0.669,0.579,0,0.001,0.038,0,0,,0,,,,0,,,,,0,0,0,0,0,0,0,0,1,0,1,0,1,2,0,0,0,0,0,0,272,0,0,0.002
4184,0.767,0.634,0,0.003,0.047,0,0,,0,,,,0,,,,,0,0,0,0,0,0,0,0,1,0,1,0,1,2,0,0,0,0,0,0,272,0,0.001,0.005
4185,0.771,0.622,0,0.003,0.046,0,0,,0,,,,0,,,,,0,0,0,0,0,0,0,0,1,0,1,0,1,2,0,0,0,0,0,0,272,0,0.002,0.005
4186,0.724,0.557,0,0.004,0.059,0,0,,0,,,,0,,,,,0,0,0,0,0,0,0,0,1,0,1,0,1,2,0,0,0,0,0,0,272,0,0.002,0.005
4187,0.594,0.512,0.001,0.001,0.031,0,0,,0,,,,0,,,,,0,0,0,0,0,0,0,0,1,0,1,0,1,2,0,0,0,0,0,0,272,0,0.001,0.002
4188,0.743,0.647,0.001,0.002,0.041,0,0,,0,,,,0,,,,,0,0,0,0,0,0,0,0,1,0,1,0,1,2,0,0,0,0,0,0,272,0,0,0.003
4189,0.719,0.627,0,0.002,0.029,0,0,,0,,,,0,,,,,0,0,0,0,0,0,0,0,1,0,1,0,1,2,0,0,0,0,0,0,272,0.001,0,0.002
4190,0.804,0.633,0,0.004,0.043,0,0,,0,,,,0,,,,,0,0,0,0,0,0,0,0,1,0,1,0,1,2,0,0,0,0,0,0,272,0,0.001,0.007
4191,1.02,0.931,0,0.002,0.029,0,0,,0,,,,0,,,,,0,0,0,0,0,0,0,0,1,0,1,0,1,2,0,0,0,0,0,0,272,0.001,0.001,0.003
4192,0.831,0.663,0,0.003,0.065,0,0,,0,,,,0,,,,,0,0,0,0,0,0,0,0,1,0,1,0,1,2,0,0,0,0,0,0,272,0,0.001,0.006
4193,0.583,0.462,0,0.002,0.048,0,0,,0,,,,0,,,,,0,0,0,0,0,0,0,0,1,0,1,0,1,2,0,0,0,0,0,0,272,0,0.001,0.004
4194,0.802,0.709,0,0.002,0.026,0,0,,0,,,,0,,,,,0,0,0,0,0,0,0,0,1,0,1,0,1,2,0,0,0,0,0,0,272,0,0.001,0.004
4195,1.003,0.805,0,0.005,0.046,0,0,,0,,,,0,,,,,0,0,0,0,0,0,0,0,1,0,1,0,1,2,0,0,0,0,0,0,272,0,0.002,0.009
4196,2.042,1.943,0,0.002,0.029,0,0,,0,,,,0,,,,,0,0,0,0,0,0,0,0,1,0,1,0,1,2,0,0,0,0,0,0,272,0,0.001,0.004
4197,1.875,1.778,0,0.002,0.032,0,0,,0,,,,0,,,,,0,0,0,0,0,0,0,0,1,0,1,0,1,2,0,0,0,0,0,0,272,0,0,0.004
4198,2.409,2.287,0,0.003,0.046,0,0,,0,,,,0,,,,,0,0,0,0,0,0,0,0,1,0,1,0,1,2,0,0,0,0,0,0,272,0,0.001,0.004
4199,0.697,0.569,0.001,0.002,0.047,0,0,,0,,,,0,,,,,0,0,0,0,0,0,0,0,1,0,1,0,1,2,0,0,0,0,0,0,272,0.001,0.001,0.004
4200,0.751,0.638,0,0.002,0.039,0,0,,1,1656.25,229523456,284831744,1,62503872,62503872,135081984,38823561584,0,0,0,0,0,0,0,0,1,0,1,0,1,2,0,0,0,0,0,0,272,0,0.001,0.003
4201,0.766,0.637,0,0.002,0.053,0,0,,0,,,,0,,,,,0,0,0,0,0,0,0,0,1,0,1,0,1,2,0,0,0,0,0,0,272,0,0.001,0.003
4202,0.61,0.52,0,0.002,0.033,0,0,,0,,,,0,,,,,0,0,0,0,0,0,0,0,1,0,1,0,1,2,0,0,0,0,0,0,272,0,0.001,0.003
4203,0.727,0.63,0,0.002,0.035,0,0,,0,,,,0,,,,,0,0,0,0,0,0,0,0,1,0,1,0,1,2,0,0,0,0,0,0,272,0.001,0,0.004
4204,0.704,0.617,0,0.002,0.039,0,0,,0,,,,0,,,,,0,0,0,0,0,0,0,0,1,0,1,0,1,2,0,0,0,0,0,0,272,0,0.001,0.002
4205,0.812,0.614,0,0.004,0.067,0,0,,0,,,,0,,,,,0,0,0,0,0,0,0,0,1,0,1,0,1,2,0,0,0,0,0,0,272,0,0.001,0.007
4206,0.591,0.469,0,0.002,0.044,0,0,,0,,,,0,,,,,0,0,0,0,0,0,0,0,1,0,1,0,1,2,0,0,0,0,0,0,272,0,0.001,0.004
4207,1.308,1.203,0,0.002,0.029,0,0,,0,,,,0,,,,,0,0,0,0,0,0,0,0,1,0,1,0,1,2,0,0,0,0,0,0,272,0,0.001,0.005
4208,0.723,0.608,0,0.002,0.042,0,0,,0,,,,0,,,,,0,0,0,0,0,0,0,0,1,0,1,0,1,2,0,0,0,0,0,0,272,0,0.001,0.004
4209,0.775,0.61,0,0.003,0.066,0,0,,0,,,,0,,,,,0,0,0,0,0,0,0,0,1,0,1,0,1,2,0,0,0,0,0,0,272,0.001,0.001,0.004
4210,0.582,0.265,0,0.002,0.232,0,0,,0,,,,0,,,,,0,0,0,0,0,0,0,0,1,0,1,0,1,2,0,0,0,0,0,0,272,0,0,0.004
4211,1.807,1.567,0.001,0.007,0.06,0,0,,0,,,,0,,,,,0,0,0,0,0,0,0,0,1,0,1,0,1,2,0,0,0,0,0,0,272,0,0.002,0.012
4212,0.56,0.441,0.001,0.002,0.035,0,0,,0,,,,0,,,,,0,0,0,0,0,0,0,0,1,0,1,0,1,2,0,0,0,0,0,0,272,0,0.001,0.004
4213,0.66,0.61,0,0.001,0.021,0,0,,0,,,,0,,,,,0,0,0,0,0,0,0,0,1,0,1,0,1,2,0,0,0,0,0,0,272,0,0,0.001
4214,0.735,0.691,0,0.001,0.02,0,0,,0,,,,0,,,,,0,0,0,0,0,0,0,0,1,0,1,0,1,2,0,0,0,0,0,0,272,0,0,0.001
4215,0.797,0.715,0,0.001,0.036,0,0,,0,,,,0,,,,,0,0,0,0,0,0,0,0,1,0,1,0,1,2,0,0,0,0,0,0,272,0,0,0.003
4216,0.742,0.612,0.001,0.002,0.049,0,0,,0,,,,0,,,,,0,0,0,0,0,0,0,0,1,0,1,0,1,2,0,0,0,0,0,0,272,0,0.001,0.006
4217,0.655,0.585,0,0.001,0.039,0,0,,0,,,,0,,,,,0,0,0,0,0,0,0,0,1,0,1,0,1,2,0,0,0,0,0,0,272,0,0.001,0.001
4218,0.748,0.666,0,0.001,0.033,0,0,,0,,,,0,,,,,0,0,0,0,0,0,0,0,1,0,1,0,1,2,0,0,0,0,0,0,272,0,0,0.003
4219,0.71,0.649,0.001,0,0.031,0,0,,0,,,,0,,,,,0,0,0,0,0,0,0,0,1,0,1,0,1,2,0,0,0,0,0,0,272,0,0,0.002
4220,0.728,0.67,0,0.001,0.031,0,0,,0,,,,0,,,,,0,0,0,0,0,0,0,0,1,0,1,0,1,2,0,0,0,0,0,0,272,0,0,0.001
4221,0.742,0.677,0,0.001,0.026,0,0,,0,,,,0,,,,,0,0,0,0,0,0,0,0,1,0,1,0,1,2,0,0,0,0,0,0,272,0,0,0.002
4222,0.717,0.658,0,0.001,0.027,0,0,,0,,,,0,,,,,0,0,0,0,0,0,0,0,1,0,1,0,1,2,0,0,0,0,0,0,272,0,0,0.002
4223,0.771,0.681,0,0.002,0.036,0,0,,0,,,,0,,,,,0,0,0,0,0,0,0,0,1,0,1,0,1,2,0,0,0,0,0,0,272,0,0,0.002
4224,0.706,0.637,0,0.002,0.026,0,0,,0,,,,0,,,,,0,0,0,0,0,0,0,0,1,0,1,0,1,2,0,0,0,0,0,0,272,0,0,0.002
4225,0.809,0.651,0,0.003,0.048,0,0,,0,,,,0,,,,,0,0,0,0,0,0,0,0,1,0,1,0,1,2,0,0,0,0,0,0,272,0,0.002,0.004
4226,0.712,0.573,0.001,0.002,0.048,0,0,,0,,,,0,,,,,0,0,0,0,0,0,0,0,1,0,1,0,1,2,0,0,0,0,0,0,272,0,0.001,0.004
4227,0.669,0.579,0.001,0.002,0.032,0,0,,0,,,,0,,,,,0,0,0,0,0,0,0,0,1,0,1,0,1,2,0,0,0,0,0,0,272,0,0.001,0.003
4228,1.174,1.014,0,0.004,0.048,0,0,,0,,,,0,,,,,0,0,0,0,0,0,0,0,1,0,1,0,1,2,0,0,0,0,0,0,272,0.001,0.001,0.006
4229,0.668,0.537,0,0.003,0.032,0,0,,0,,,,0,,,,,0,0,0,0,0,0,0,0,1,0,1,0,1,2,0,0,0,0,0,0,272,0.001,0.001,0.006
4230,0.602,0.522,0,0.002,0.021,0,0,,1,1656.25,229523456,284831744,1,62503872,62503872,135081984,38823561584,0,0,0,0,0,0,0,0,1,0,1,0,1,2,0,0,0,0,0,0,272,0,0,0.004
4231,0.73,0.573,0,0.003,0.053,0,0,,0,,,,0,,,,,0,0,0,0,0,0,0,0,1,0,1,0,1,2,0,0,0,0,0,0,272,0,0.001,0.006
4232,1.525,1.379,0,0.003,0.059,0,0,,0,,,,0,,,,,0,0,0,0,0,0,0,0,1,0,1,0,1,2,0,0,0,0,0,0,272,0,0,0.005
4233,0.639,0.557,0,0.001,0.031,0,0,,0,,,,0,,,,,0,0,0,0,0,0,0,0,1,0,1,0,1,2,0,0,0,0,0,0,272,0,0,0.003
4234,0.737,0.657,0,0.001,0.039,0,0,,0,,,,0,,,,,0,0,0,0,0,0,0,0,1,0,1,0,1,2,0,0,0,0,0,0,272,0,0,0.007
4235,0.756,0.654,0,0.002,0.042,0,0,,0,,,,0,,,,,0,0,0,0,0,0,0,0,1,0,1,0,1,2,0,0,0,0,0,0,272,0,0.001,0.004
4236,0.693,0.62,0,0.002,0.028,0,0,,0,,,,0,,,,,0,0,0,0,0,0,0,0,1,0,1,0,1,2,0,0,0,0,0,0,272,0,0,0.002
4237,0.768,0.705,0,0.001,0.032,0,0,,0,,,,0,,,,,0,0,0,0,0,0,0,0,1,0,1,0,1,2,0,0,0,0,0,0,272,0,0,0.002
4238,0.879,0.814,0.001,0,0.031,0,0,,0,,,,0,,,,,0,0,0,0,0,0,0,0,1,0,1,0,1,2,0,0,0,0,0,0,272,0,0,0.003
4239,0.896,0.832,0,0.001,0.031,0,0,,0,,,,0,,,,,0,0,0,0,0,0,0,0,1,0,1,0,1,2,0,0,0,0,0,0,272,0,0,0.002
4240,0.972,0.857,0,0.002,0.038,0,0,,0,,,,0,,,,,0,0,0,0,0,0,0,0,1,0,1,0,1,2,0,0,0,0,0,0,272,0,0.001,0.004
4241,0.97,0.774,0,0.004,0.047,0,0,,0,,,,0,,,,,0,0,0,0,0,0,0,0,1,0,1,0,1,2,0,0,0,0,0,0,272,0.001,0.002,0.007
4242,0.757,0.67,0.001,0.002,0.025,0,0,,0,,,,0,,,,,0,0,0,0,0,0,0,0,1,0,1,0,1,2,0,0,0,0,0,0,272,0,0.001,0.004
4243,0.916,0.789,0,0.002,0.045,0,0,,0,,,,0,,,,,0,0,0,0,0,0,0,0,1,0,1,0,1,2,0,0,0,0,0,0,272,0.001,0.001,0.004
4244,0.842,0.758,0,0.001,0.035,0,0,,0,,,,0,,,,,0,0,0,0,0,0,0,0,1,0,1,0,1,2,0,0,0,0,0,0,272,0,0.001,0.002
4245,0.998,0.812,0,0.004,0.057,0,0,,0,,,,0,,,,,0,0,0,0,0,0,0,0,1,0,1,0,1,2,0,0,0,0,0,0,272,0.001,0.001,0.007
4246,1.691,1.501,0,0.004,0.064,0,0,,0,,,,0,,,,,0,0,0,0,0,0,0,0,1,0,1,0,1,2,0,0,0,0,0,0,272,0.001,0.002,0.007
4247,1.023,0.839,0,0.003,0.048,0,0,,0,,,,0,,,,,0,0,0,0,0,0,0,0,1,0,1,0,1,2,0,0,0,0,0,0,272,0,0.001,0.007
4248,1.387,1.254,0.001,0.002,0.046,0,0,,0,,,,0,,,,,0,0,0,0,0,0,0,0,1,0,1,0,1,2,0,0,0,0,0,0,272,0.001,0.001,0.004
4249,2.033,1.887,0,0.011,0.058,0,0,,0,,,,0,,,,,0,0,0,0,0,0,0,0,1,0,1,0,1,2,0,0,0,0,0,0,272,0,0,0.005
4250,1.91,1.786,0,0.002,0.043,0,0,,0,,,,0,,,,,0,0,0,0,0,0,0,0,1,0,1,0,1,2,0,0,0,0,0,0,272,0,0.001,0.004
4251,1.979,1.858,0,0.002,0.045,0,0,,0,,,,0,,,,,0,0,0,0,0,0,0,0,1,0,1,0,1,2,0,0,0,0,0,0,272,0,0.001,0.003
4252,2.389,2.205,0.001,0.003,0.058,0,0,,0,,,,0,,,,,0,0,0,0,0,0,0,0,1,0,1,0,1,2,0,0,0,0,0,0,272,0.001,0.002,0.006
4253,2.293,2.159,0,0.002,0.05,0,0,,0,,,,0,,,,,0,0,0,0,0,0,0,0,1,0,1,0,1,2,0,0,0,0,0,0,272,0,0.001,0.005
4254,1.199,1.082,0,0.002,0.048,0,0,,0,,,,0,,,,,0,0,0,0,0,0,0,0,1,0,1,0,1,2,0,0,0,0,0,0,272,0,0.001,0.004
4255,0.903,0.805,0,0.002,0.03,0,0,,0,,,,0,,,,,0,0,0,0,0,0,0,0,1,0,1,0,1,2,0,0,0,0,0,0,272,0,0.001,0.004
4256,1.789,1.63,0,0.004,0.047,0,0,,0,,,,0,,,,,0,0,0,0,0,0,0,0,1,0,1,0,1,2,0,0,0,0,0,0,272,0,0.001,0.005
4257,1.205,1.095,0,0.003,0.034,0,0,,0,,,,0,,,,,0,0,0,0,0,0,0,0,1,0,1,0,1,2,0,0,0,0,0,0,272,0,0,0.005
4258,1.632,1.519,0,0.003,0.027,0,0,,0,,,,0,,,,,0,0,0,0,0,0,0,0,1,0,1,0,1,2,0,0,0,0,0,0,272,0,0,0.004
4259,1.546,1.364,0.001,0.003,0.058,0,0,,0,,,,0,,,,,0,0,0,0,0,0,0,0,1,0,1,0,1,2,0,0,0,0,0,0,272,0,0.001,0.006
4260,0.796,0.697,0,0.001,0.038,0,0,,1,1687.5,229527552,284831744,1,62503872,62503872,135081984,38823561584,0,0,0,0,0,0,0,0,1,0,1,0,1,2,0,0,0,0,0,0,272,0,0,0.003
4261,0.895,0.807,0,0.001,0.043,0,0,,0,,,,0,,,,,0,0,0,0,0,0,0,0,1,0,1,0,1,2,0,0,0,0,0,0,272,0,0,0.003
4262,0.898,0.817,0,0.001,0.043,0,0,,0,,,,0,,,,,0,0,0,0,0,0,0,0,1,0,1,0,1,2,0,0,0,0,0,0,272,0,0,0.002
4263,0.995,0.812,0.001,0.003,0.051,0,0,,0,,,,0,,,,,0,0,0,0,0,0,0,0,1,0,1,0,1,2,0,0,0,0,0,0,272,0.001,0.002,0.006
4264,0.825,0.712,0,0.003,0.043,0,0,,0,,,,0,,,,,0,0,0,0,0,0,0,0,1,0,1,0,1,2,0,0,0,0,0,0,272,0,0.001,0.003
4265,0.88,0.81,0,0.002,0.025,0,0,,0,,,,0,,,,,0,0,0,0,0,0,0,0,1,0,1,0,1,2,0,0,0,0,0,0,272,0,0.001,0.002
4266,0.935,0.839,0.001,0.001,0.048,0,0,,0,,,,0,,,,,0,0,0,0,0,0,0,0,1,0,1,0,1,2,0,0,0,0,0,0,272,0,0.001,0.003
4267,0.932,0.838,0.001,0.001,0.04,0,0,,0,,,,0,,,,,0,0,0,0,0,0,0,0,1,0,1,0,1,2,0,0,0,0,0,0,272,0,0,0.003
4268,0.887,0.813,0,0.001,0.037,0,0,,0,,,,0,,,,,0,0,0,0,0,0,0,0,1,0,1,0,1,2,0,0,0,0,0,0,272,0,0,0.002
4269,0.969,0.851,0,0.002,0.021,0,0,,0,,,,0,,,,,0,0,0,0,0,0,0,0,1,0,1,0,1,2,0,0,0,0,0,0,272,0,0.001,0.003
4270,0.911,0.687,0.001,0.003,0.058,0,0,,0,,,,0,,,,,0,0,0,0,0,0,0,0,1,0,1,0,1,2,0,0,0,0,0,0,272,0.001,0.002,0.006
4271,1.46,1.351,0,0.002,0.037,0,0,,0,,,,0,,,,,0,0,0,0,0,0,0,0,1,0,1,0,1,2,0,0,0,0,0,0,272,0,0.002,0.004
4272,1.167,0.826,0.001,0.003,0.11,0,0,,0,,,,0,,,,,0,0,0,0,0,0,0,0,1,0,1,0,1,2,0,0,0,0,0,0,272,0.001,0.001,0.01
4273,9.249,9.053,0.001,0.005,0.053,0,0,,0,,,,0,,,,,0,0,0,0,0,0,0,0,1,0,1,0,1,2,0,0,0,0,0,0,272,0.001,0.002,0.01
4274,4.227,3.952,0.001,0.005,0.113,0,0,,0,,,,0,,,,,0,0,0,0,0,0,0,0,1,0,1,0,1,2,0,0,0,0,0,0,272,0.001,0.002,0.01
4275,3.953,3.757,0,0.004,0.045,0,0,,0,,,,0,,,,,0,0,0,0,0,0,0,0,1,0,1,0,1,2,0,0,0,0,0,0,272,0,0.002,0.008
4276,7.143,6.931,0,0.005,0.056,0,0,,0,,,,0,,,,,0,0,0,0,0,0,0,0,1,0,1,0,1,2,0,0,0,0,0,0,272,0,0.002,0.008
4277,0.432,0.331,0,0.002,0.04,0,0,,0,,,,0,,,,,0,0,0,0,0,0,0,0,1,0,1,0,1,2,0,0,0,0,0,0,272,0,0,0.004
4278,0.665,0.554,0,0.002,0.032,0,0,,0,,,,0,,,,,0,0,0,0,0,0,0,0,1,0,1,0,1,2,0,0,0,0,0,0,272,0.001,0.001,0.004
4279,0.641,0.457,0,0.002,0.109,0,0,,0,,,,0,,,,,0,0,0,0,0,0,0,0,1,0,1,0,1,2,0,0,0,0,0,0,272,0,0.001,0.004
4280,0.538,0.43,0,0.002,0.037,0,0,,0,,,,0,,,,,0,0,0,0,0,0,0,0,1,0,1,0,1,2,0,0,0,0,0,0,272,0,0.001,0.005
4281,0.582,0.525,0,0.001,0.022,0,0,,0,,,,0,,,,,0,0,0,0,0,0,0,0,1,0,1,0,1,2,0,0,0,0,0,0,272,0,0,0.002
4282,0.63,0.585,0,0.001,0.023,0,0,,0,,,,0,,,,,0,0,0,0,0,0,0,0,1,0,1,0,1,2,0,0,0,0,0,0,272,0,0,0.001
4283,0.667,0.592,0.001,0.001,0.03,0,0,,0,,,,0,,,,,0,0,0,0,0,0,0,0,1,0,1,0,1,2,0,0,0,0,0,0,272,0,0,0.002
4284,0.739,0.59,0.001,0.001,0.025,0,0,,0,,,,0,,,,,0,0,0,0,0,0,0,0,1,0,1,0,1,2,0,0,0,0,0,0,272,0.001,0,0.003
4285,0.637,0.42,0.001,0.002,0.101,0,0,,0,,,,0,,,,,0,0,0,0,0,0,0,0,1,0,1,0,1,2,0,0,0,0,0,0,272,0.001,0.001,0.005
4286,0.631,0.419,0.001,0.003,0.069,0,0,,0,,,,0,,,,,0,0,0,0,0,0,0,0,1,0,1,0,1,2,0,0,0,0,0,0,272,0,0.001,0.007
4287,0.581,0.491,0,0.002,0.027,0,0,,0,,,,0,,,,,0,0,0,0,0,0,0,0,1,0,1,0,1,2,0,0,0,0,0,0,272,0,0.001,0.003
4288,0.853,0.751,0.001,0.002,0.031,0,0,,0,,,,0,,,,,0,0,0,0,0,0,0,0,1,0,1,0,1,2,0,0,0,0,0,0,272,0,0.001,0.004
4289,0.635,0.525,0,0.003,0.033,0,0,,0,,,,0,,,,,0,0,0,0,0,0,0,0,1,0,1,0,1,2,0,0,0,0,0,0,272,0.001,0.001,0.003
4290,0.594,0.517,0,0.002,0.02,0,0,,1,1703.125,229527552,284831744,1,62503872,62503872,135081984,38823561584,0,0,0,0,0,0,0,0,1,0,1,0,1,2,0,0,0,0,0,0,272,0,0.001,0.003
4291,0.547,0.496,0,0.001,0.022,0,0,,0,,,,0,,,,,0,0,0,0,0,0,0,0,1,0,1,0,1,2,0,0,0,0,0,0,272,0,0,0.002
4292,1.696,1.603,0.001,0.001,0.039,0,0,,0,,,,0,,,,,0,0,0,0,0,0,0,0,1,0,1,0,1,2,0,0,0,0,0,0,272,0,0.001,0.002
4293,0.648,0.531,0.001,0.003,0.038,0,0,,0,,,,0,,,,,0,0,0,0,0,0,0,0,1,0,1,0,1,2,0,0,0,0,0,0,272,0.001,0.001,0.004
4294,2.886,2.811,0,0.001,0.034,0,0,,0,,,,0,,,,,0,0,0,0,0,0,0,0,1,0,1,0,1,2,0,0,0,0,0,0,272,0,0,0.002
4295,1.737,1.589,0.001,0.003,0.04,0,0,,0,,,,0,,,,,0,0,0,0,0,0,0,0,1,0,1,0,1,2,0,0,0,0,0,0,272,0,0.001,0.005
4296,0.791,0.714,0,0.001,0.024,0,0,,0,,,,0,,,,,0,0,0,0,0,0,0,0,1,0,1,0,1,2,0,0,0,0,0,0,272,0,0.001,0.003
4297,0.913,0.786,0,0.003,0.046,0,0,,0,,,,0,,,,,0,0,0,0,0,0,0,0,1,0,1,0,1,2,0,0,0,0,0,0,272,0,0,0.004
4298,0.795,0.713,0,0.001,0.038,0,0,,0,,,,0,,,,,0,0,0,0,0,0,0,0,1,0,1,0,1,2,0,0,0,0,0,0,272,0,0,0.002
4299,0.975,0.818,0,0.003,0.055,0,0,,0,,,,0,,,,,0,0,0,0,0,0,0,0,1,0,1,0,1,2,0,0,0,0,0,0,272,0.001,0.001,0.005
4300,0.635,0.553,0.001,0.001,0.027,0,0,,0,,,,0,,,,,0,0,0,0,0,0,0,0,1,0,1,0,1,2,0,0,0,0,0,0,272,0,0.001,0.003
4301,0.872,0.808,0,0.002,0.023,0,0,,0,,,,0,,,,,0,0,0,0,0,0,0,0,1,0,1,0,1,2,0,0,0,0,0,0,272,0,0,0.002
4302,0.923,0.769,0,0.004,0.037,0,0,,0,,,,0,,,,,0,0,0,0,0,0,0,0,1,0,1,0,1,2,0,0,0,0,0,0,272,0.001,0.002,0.006
4303,1.414,1.186,0.001,0.004,0.043,0,0,,0,,,,0,,,,,0,0,0,0,0,0,0,0,1,0,1,0,1,2,0,0,0,0,0,0,272,0,0.001,0.008
4304,0.658,0.561,0,0.002,0.029,0,0,,0,,,,0,,,,,0,0,0,0,0,0,0,0,1,0,1,0,1,2,0,0,0,0,0,0,272,0,0,0.004
4305,0.815,0.755,0,0.002,0.019,0,0,,0,,,,0,,,,,0,0,0,0,0,0,0,0,1,0,1,0,1,2,0,0,0,0,0,0,272,0,0,0.003
4306,0.841,0.745,0.001,0.002,0.029,0,0,,0,,,,0,,,,,0,0,0,0,0,0,0,0,1,0,1,0,1,2,0,0,0,0,0,0,272,0,0.001,0.003
4307,1.877,1.793,0,0.002,0.025,0,0,,0,,,,0,,,,,0,0,0,0,0,0,0,0,1,0,1,0,1,2,0,0,0,0,0,0,272,0,0,0.003
4308,0.813,0.758,0,0.001,0.02,0,0,,0,,,,0,,,,,0,0,0,0,0,0,0,0,1,0,1,0,1,2,0,0,0,0,0,0,272,0.001,0,0.002
4309,0.998,0.818,0.001,0.003,0.056,0,0,,0,,,,0,,,,,0,0,0,0,0,0,0,0,1,0,1,0,1,2,0,0,0,0,0,0,272,0,0.001,0.006
4310,0.751,0.641,0,0.002,0.042,0,0,,0,,,,0,,,,,0,0,0,0,0,0,0,0,1,0,1,0,1,2,0,0,0,0,0,0,272,0,0.001,0.003
4311,0.795,0.721,0,0.001,0.028,0,0,,0,,,,0,,,,,0,0,0,0,0,0,0,0,1,0,1,0,1,2,0,0,0,0,0,0,272,0,0,0.003
4312,0.894,0.769,0,0.003,0.039,0,0,,0,,,,0,,,,,0,0,0,0,0,0,0,0,1,0,1,0,1,2,0,0,0,0,0,0,272,0.001,0.001,0.005
4313,0.785,0.698,0,0.001,0.039,0,0,,0,,,,0,,,,,0,0,0,0,0,0,0,0,1,0,1,0,1,2,0,0,0,0,0,0,272,0,0.001,0.002
4314,0.847,0.746,0,0.002,0.037,0,0,,0,,,,0,,,,,0,0,0,0,0,0,0,0,1,0,1,0,1,2,0,0,0,0,0,0,272,0.001,0.001,0.003
4315,1.157,0.728,0,0.003,0.342,0,0,,0,,,,0,,,,,0,0,0,0,0,0,0,0,1,0,1,0,1,2,0,0,0,0,0,0,272,0,0.001,0.004
4316,0.152,0.053,0,0.002,0.036,0,0,,0,,,,0,,,,,0,0,0,0,0,0,0,0,1,0,1,0,1,2,0,0,0,0,0,0,272,0,0.001,0.003
4317,0.383,0.257,0,0.002,0.072,0,0,,0,,,,0,,,,,0,0,0,0,0,0,0,0,1,0,1,0,1,2,0,0,0,0,0,0,272,0,0,0.003
4318,0.421,0.312,0,0.002,0.029,0,0,,0,,,,0,,,,,0,0,0,0,0,0,0,0,1,0,1,0,1,2,0,0,0,0,0,0,272,0.001,0.001,0.004
4319,0.962,0.78,0,0.002,0.071,0,0,,0,,,,0,,,,,0,0,0,0,0,0,0,0,1,0,1,0,1,2,0,0,0,0,0,0,272,0.001,0,0.004
4320,2.035,1.906,0,0.002,0.029,0,0,,1,1734.375,229527552,284831744,1,62503872,62503872,135081984,38823561584,0,0,0,0,0,0,0,0,1,0,1,0,1,2,0,0,0,0,0,0,272,0,0.001,0.005
4321,12.92,12.645,0.001,0.007,0.074,0,0,,0,,,,0,,,,,0,0,0,0,0,0,0,0,1,0,1,0,1,2,0,0,0,0,0,0,272,0,0.003,0.012
4322,4.123,3.913,0,0.005,0.053,0,0,,0,,,,0,,,,,0,0,0,0,0,0,0,0,1,0,1,0,1,2,0,0,0,0,0,0,272,0.001,0.002,0.01
4323,11.301,11.11,0,0.005,0.042,0,0,,0,,,,0,,,,,0,0,0,0,0,0,0,0,1,0,1,0,1,2,0,0,0,0,0,0,272,0,0.002,0.009
4324,3.636,3.435,0.001,0.005,0.041,0,0,,0,,,,0,,,,,0,0,0,0,0,0,0,0,1,0,1,0,1,2,0,0,0,0,0,0,272,0,0.002,0.007
4325,3.627,3.376,0.001,0.007,0.047,0,0,,0,,,,0,,,,,0,0,0,0,0,0,0,0,1,0,1,0,1,2,0,0,0,0,0,0,272,0.001,0.003,0.013
4326,7.009,6.854,0,0.004,0.04,0,0,,0,,,,0,,,,,0,0,0,0,0,0,0,0,1,0,1,0,1,2,0,0,0,0,0,0,272,0,0.002,0.008
4327,0.806,0.705,0,0.002,0.038,0,0,,0,,,,0,,,,,0,0,0,0,0,0,0,0,1,0,1,0,1,2,0,0,0,0,0,0,272,0,0.001,0.003
4328,1.019,0.743,0.001,0.006,0.053,0,0,,0,,,,0,,,,,0,0,0,0,0,0,0,0,1,0,1,0,1,2,0,0,0,0,0,0,272,0.001,0.003,0.011
4329,0.734,0.512,0,0.004,0.101,0,0,,0,,,,0,,,,,0,0,0,0,0,0,0,0,1,0,1,0,1,2,0,0,0,0,0,0,272,0.001,0.002,0.006
4330,0.647,0.546,0,0.001,0.039,0,0,,0,,,,0,,,,,0,0,0,0,0,0,0,0,1,0,1,0,1,2,0,0,0,0,0,0,272,0,0.001,0.003
4331,0.851,0.78,0.001,0.001,0.021,0,0,,0,,,,0,,,,,0,0,0,0,0,0,0,0,1,0,1,0,1,2,0,0,0,0,0,0,272,0,0.001,0.003
4332,0.8,0.754,0,0.001,0.02,0,0,,0,,,,0,,,,,0,0,0,0,0,0,0,0,1,0,1,0,1,2,0,0,0,0,0,0,272,0,0.001,0.001
4333,0.981,0.85,0,0.003,0.04,0,0,,0,,,,0,,,,,0,0,0,0,0,0,0,0,1,0,1,0,1,2,0,0,0,0,0,0,272,0,0.001,0.005
4334,0.755,0.652,0,0.002,0.028,0,0,,0,,,,0,,,,,0,0,0,0,0,0,0,0,1,0,1,0,1,2,0,0,0,0,0,0,272,0,0.001,0.004
4335,0.732,0.673,0.001,0.001,0.018,0,0,,0,,,,0,,,,,0,0,0,0,0,0,0,0,1,0,1,0,1,2,0,0,0,0,0,0,272,0,0.001,0.002
4336,1.263,1.043,0.001,0.005,0.057,0,0,,0,,,,0,,,,,0,0,0,0,0,0,0,0,1,0,1,0,1,2,0,0,0,0,0,0,272,0,0.002,0.008
4337,0.82,0.574,0.001,0.003,0.092,0,0,,0,,,,0,,,,,0,0,0,0,0,0,0,0,1,0,1,0,1,2,0,0,0,0,0,0,272,0.001,0.001,0.006
4338,0.638,0.523,0,0.002,0.032,0,0,,0,,,,0,,,,,0,0,0,0,0,0,0,0,1,0,1,0,1,2,0,0,0,0,0,0,272,0,0.001,0.004
4339,0.869,0.71,0,0.004,0.051,0,0,,0,,,,0,,,,,0,0,0,0,0,0,0,0,1,0,1,0,1,2,0,0,0,0,0,0,272,0.001,0.001,0.005
4340,1.84,1.701,0,0.002,0.048,0,0,,0,,,,0,,,,,0,0,0,0,0,0,0,0,1,0,1,0,1,2,0,0,0,0,0,0,272,0,0.001,0.005
4341,0.784,0.707,0,0.001,0.033,0,0,,0,,,,0,,,,,0,0,0,0,0,0,0,0,1,0,1,0,1,2,0,0,0,0,0,0,272,0,0,0.003
4342,0.891,0.736,0.001,0.003,0.048,0,0,,0,,,,0,,,,,0,0,0,0,0,0,0,0,1,0,1,0,1,2,0,0,0,0,0,0,272,0,0.001,0.005
4343,0.74,0.593,0,0.002,0.035,0,0,,0,,,,0,,,,,0,0,0,0,0,0,0,0,1,0,1,0,1,2,0,0,0,0,0,0,272,0,0,0.003
4344,0.926,0.739,0,0.005,0.054,0,0,,0,,,,0,,,,,0,0,0,0,0,0,0,0,1,0,1,0,1,2,0,0,0,0,0,0,272,0,0.001,0.006
4345,0.73,0.621,0,0.002,0.041,0,0,,0,,,,0,,,,,0,0,0,0,0,0,0,0,1,0,1,0,1,2,0,0,0,0,0,0,272,0.001,0,0.003
4346,0.809,0.72,0,0.001,0.041,0,0,,0,,,,0,,,,,0,0,0,0,0,0,0,0,1,0,1,0,1,2,0,0,0,0,0,0,272,0,0,0.003
4347,0.821,0.713,0.001,0.002,0.026,0,0,,0,,,,0,,,,,0,0,0,0,0,0,0,0,1,0,1,0,1,2,0,0,0,0,0,0,272,0.001,0.001,0.017
4348,0.765,0.707,0,0.001,0.022,0,0,,0,,,,0,,,,,0,0,0,0,0,0,0,0,1,0,1,0,1,2,0,0,0,0,0,0,272,0,0.001,0.001
4349,0.898,0.791,0.001,0.002,0.033,0,0,,0,,,,0,,,,,0,0,0,0,0,0,0,0,1,0,1,0,1,2,0,0,0,0,0,0,272,0,0,0.003
4350,2.032,1.899,0,0.002,0.051,0,0,,1,1750,229527552,284831744,1,62503872,62503872,135081984,38823561584,0,0,0,0,0,0,0,0,1,0,1,0,1,2,0,0,0,0,0,0,272,0,0.001,0.004
4351,3.374,3.199,0,0.005,0.044,0,0,,0,,,,0,,,,,0,0,0,0,0,0,0,0,1,0,1,0,1,2,0,0,0,0,0,0,272,0,0.002,0.009
4352,5.385,5.238,0,0.004,0.037,0,0,,0,,,,0,,,,,0,0,0,0,0,0,0,0,1,0,1,0,1,2,0,0,0,0,0,0,272,0,0.001,0.007
4353,2.154,1.979,0.001,0.003,0.052,0,0,,0,,,,0,,,,,0,0,0,0,0,0,0,0,1,0,1,0,1,2,0,0,0,0,0,0,272,0.001,0.002,0.007
4354,2.081,1.899,0,0.004,0.047,0,0,,0,,,,0,,,,,0,0,0,0,0,0,0,0,1,0,1,0,1,2,0,0,0,0,0,0,272,0,0.001,0.007
4355,0.929,0.794,0.001,0.003,0.039,0,0,,0,,,,0,,,,,0,0,0,0,0,0,0,0,1,0,1,0,1,2,0,0,0,0,0,0,272,0.001,0.001,0.005
4356,0.807,0.638,0.001,0.003,0.056,0,0,,0,,,,0,,,,,0,0,0,0,0,0,0,0,1,0,1,0,1,2,0,0,0,0,0,0,272,0,0.001,0.005
4357,0.718,0.625,0,0.002,0.027,0,0,,0,,,,0,,,,,0,0,0,0,0,0,0,0,1,0,1,0,1,2,0,0,0,0,0,0,272,0.001,0.001,0.003
4358,0.832,0.744,0,0.002,0.03,0,0,,0,,,,0,,,,,0,0,0,0,0,0,0,0,1,0,1,0,1,2,0,0,0,0,0,0,272,0,0,0.004
4359,0.913,0.744,0,0.004,0.042,0,0,,0,,,,0,,,,,0,0,0,0,0,0,0,0,1,0,1,0,1,2,0,0,0,0,0,0,272,0.001,0.002,0.006
4360,0.722,0.625,0,0.002,0.021,0,0,,0,,,,0,,,,,0,0,0,0,0,0,0,0,1,0,1,0,1,2,0,0,0,0,0,0,272,0.001,0.001,0.004
4361,1.09,0.989,0,0.002,0.043,0,0,,0,,,,0,,,,,0,0,0,0,0,0,0,0,1,0,1,0,1,2,0,0,0,0,0,0,272,0,0.001,0.004
4362,0.885,0.74,0,0.003,0.048,0,0,,0,,,,0,,,,,0,0,0,0,0,0,0,0,1,0,1,0,1,2,0,0,0,0,0,0,272,0,0.001,0.004
4363,0.74,0.649,0,0.002,0.03,0,0,,0,,,,0,,,,,0,0,0,0,0,0,0,0,1,0,1,0,1,2,0,0,0,0,0,0,272,0,0.001,0.003
4364,0.842,0.749,0,0.003,0.028,0,0,,0,,,,0,,,,,0,0,0,0,0,0,0,0,1,0,1,0,1,2,0,0,0,0,0,0,272,0,0.001,0.004
4365,2.242,2.032,0,0.005,0.075,0,0,,0,,,,0,,,,,0,0,0,0,0,0,0,0,1,0,1,0,1,2,0,0,0,0,0,0,272,0,0.001,0.006
4366,0.676,0.565,0.001,0.002,0.03,0,0,,0,,,,0,,,,,0,0,0,0,0,0,0,0,1,0,1,0,1,2,0,0,0,0,0,0,272,0,0.001,0.004
4367,0.893,0.718,0,0.003,0.051,0,0,,0,,,,0,,,,,0,0,0,0,0,0,0,0,1,0,1,0,1,2,0,0,0,0,0,0,272,0.001,0.002,0.006
4368,0.762,0.631,0,0.002,0.049,0,0,,0,,,,0,,,,,0,0,0,0,0,0,0,0,1,0,1,0,1,2,0,0,0,0,0,0,272,0.001,0.001,0.004
4369,0.754,0.662,0,0.001,0.037,0,0,,0,,,,0,,,,,0,0,0,0,0,0,0,0,1,0,1,0,1,2,0,0,0,0,0,0,272,0,0.001,0.002
4370,0.824,0.742,0.001,0.001,0.037,0,0,,0,,,,0,,,,,0,0,0,0,0,0,0,0,1,0,1,0,1,2,0,0,0,0,0,0,272,0,0.001,0.002
4371,0.888,0.739,0,0.002,0.073,0,0,,0,,,,0,,,,,0,0,0,0,0,0,0,0,1,0,1,0,1,2,0,0,0,0,0,0,272,0,0.001,0.004
4372,0.757,0.642,0,0.002,0.039,0,0,,0,,,,0,,,,,0,0,0,0,0,0,0,0,1,0,1,0,1,2,0,0,0,0,0,0,272,0,0.001,0.003
4373,2.306,2.158,0,0.003,0.055,0,0,,0,,,,0,,,,,0,0,0,0,0,0,0,0,1,0,1,0,1,2,0,0,0,0,0,0,272,0,0.001,0.005
4374,0.735,0.651,0,0.002,0.028,0,0,,0,,,,0,,,,,0,0,0,0,0,0,0,0,1,0,1,0,1,2,0,0,0,0,0,0,272,0,0.001,0.003
4375,0.829,0.735,0,0.002,0.032,0,0,,0,,,,0,,,,,0,0,0,0,0,0,0,0,1,0,1,0,1,2,0,0,0,0,0,0,272,0,0.001,0.004
4376,0.859,0.721,0,0.002,0.046,0,0,,0,,,,0,,,,,0,0,0,0,0,0,0,0,1,0,1,0,1,2,0,0,0,0,0,0,272,0,0,0.004
4377,0.72,0.619,0,0.002,0.03,0,0,,0,,,,0,,,,,0,0,0,0,0,0,0,0,1,0,1,0,1,2,0,0,0,0,0,0,272,0,0.001,0.004
4378,1.113,0.931,0.001,0.003,0.06,0,0,,0,,,,0,,,,,0,0,0,0,0,0,0,0,1,0,1,0,1,2,0,0,0,0,0,0,272,0,0.002,0.005
4379,0.723,0.621,0.001,0.002,0.036,0,0,,0,,,,0,,,,,0,0,0,0,0,0,0,0,1,0,1,0,1,2,0,0,0,0,0,0,272,0,0.001,0.002
4380,1.496,1.4,0,0.002,0.026,0,0,,1,1765.625,229527552,284831744,1,62503872,62503872,135081984,38823561584,0,0,0,0,0,0,0,0,1,0,1,0,1,2,0,0,0,0,0,0,272,0,0,0.004
4381,8.715,8.541,0,0.005,0.043,0,0,,0,,,,0,,,,,0,0,0,0,0,0,0,0,1,0,1,0,1,2,0,0,0,0,0,0,272,0,0.002,0.008
4382,1.92,1.841,0,0.002,0.02,0,0,,0,,,,0,,,,,0,0,0,0,0,0,0,0,1,0,1,0,1,2,0,0,0,0,0,0,272,0,0.001,0.003
4383,1.983,1.819,0,0.004,0.042,0,0,,0,,,,0,,,,,0,0,0,0,0,0,0,0,1,0,1,0,1,2,0,0,0,0,0,0,272,0,0.002,0.005
4384,1.784,1.662,0.001,0.002,0.035,0,0,,0,,,,0,,,,,0,0,0,0,0,0,0,0,1,0,1,0,1,2,0,0,0,0,0,0,272,0,0,0.005
4385,2.988,2.862,0.001,0.003,0.025,0,0,,0,,,,0,,,,,0,0,0,0,0,0,0,0,1,0,1,0,1,2,0,0,0,0,0,0,272,0.001,0.001,0.006
4386,5.704,5.521,0.001,0.004,0.07,0,0,,0,,,,0,,,,,0,0,0,0,0,0,0,0,1,0,1,0,1,2,0,0,0,0,0,0,272,0.001,0.007,0.007
4387,6.173,5.921,0.001,0.005,0.052,0,0,,0,,,,0,,,,,0,0,0,0,0,0,0,0,1,0,1,0,1,2,0,0,0,0,0,0,272,0.001,0.002,0.01
4388,1.589,1.411,0.001,0.005,0.051,0,0,,0,,,,0,,,,,0,0,0,0,0,0,0,0,1,0,1,0,1,2,0,0,0,0,0,0,272,0,0.001,0.013
4389,1.231,1.056,0,0.004,0.051,0,0,,0,,,,0,,,,,0,0,0,0,0,0,0,0,1,0,1,0,1,2,0,0,0,0,0,0,272,0.001,0.001,0.007
4390,0.963,0.801,0,0.002,0.055,0,0,,0,,,,0,,,,,0,0,0,0,0,0,0,0,1,0,1,0,1,2,0,0,0,0,0,0,272,0,0.001,0.005
4391,0.845,0.677,0.001,0.003,0.038,0,0,,0,,,,0,,,,,0,0,0,0,0,0,0,0,1,0,1,0,1,2,0,0,0,0,0,0,272,0,0.001,0.008
4392,3.54,3.365,0.001,0.004,0.05,0,0,,0,,,,0,,,,,0,0,0,0,0,0,0,0,1,0,1,0,1,2,0,0,0,0,0,0,272,0,0.001,0.007
4393,1.026,0.853,0,0.004,0.058,0,0,,0,,,,0,,,,,0,0,0,0,0,0,0,0,1,0,1,0,1,2,0,0,0,0,0,0,272,0,0,0.006
4394,0.816,0.723,0,0.002,0.045,0,0,,0,,,,0,,,,,0,0,0,0,0,0,0,0,1,0,1,0,1,2,0,0,0,0,0,0,272,0,0.001,0.002
4395,0.987,0.823,0,0.004,0.038,0,0,,0,,,,0,,,,,0,0,0,0,0,0,0,0,1,0,1,0,1,2,0,0,0,0,0,0,272,0.001,0.002,0.006
4396,1.357,1.24,0,0.002,0.049,0,0,,0,,,,0,,,,,0,0,0,0,0,0,0,0,1,0,1,0,1,2,0,0,0,0,0,0,272,0.001,0,0.004

summary_metric,count,median,p95,p99
wall_ms,4397,0.828,2.657,8.71812
frame_wait_ms,4397,0.723,2.5204,8.54004
scene_advance_ms,4397,0,0.001,0.001
view_build_ms,4397,0.002,0.004,0.007
render_submit_ms,4397,0.037,0.089,0.20216
gpu_ms,4397,0.35213540807,1.18874997098,2.92137284534

gpu_sample_serial,gpu_ms
706,6.72911441905
707,1.46880204747
708,1.79208328958
709,0.392499990417
710,0.386718740559
711,0.385572907253
712,0.390885407124
713,0.391510407108
714,0.385208323929
715,0.388802073841
716,0.382864573986
717,1.05270830763
718,0.399322906918
719,0.39609374033
720,0.397395823631
721,0.401822906857
722,1.60776037741
723,0.405260406773
724,0.410729156639
725,0.407447906719
726,0.408697906689
727,0.407760406712
728,1.0224478917
729,1.81536453901
730,9.9040622582
731,1.78734370636
732,1.5060416299
733,8.9236976988
734,1.45906246438
735,1.44697913134
736,7.29296857195
737,1.77020829012
738,1.75510412382
739,1.49343746354
740,12.5421351105
741,1.73843745756
742,1.10624997299
743,0.377291657455
744,0.380677074039
745,0.373124990891
746,0.378072907436
747,0.382604157326
748,1.07859372367
749,0.372395824242
750,0.374322907528
751,0.381406240688
752,0.379114574078
753,0.383802073963
754,0.379270824074
755,0.385677073917
756,0.381406240688
757,0.387343740543
758,0.380260407383
759,0.379218740742
760,0.402083323517
761,1.25390621939
762,0.4014062402
763,0.404479156792
764,0.397499990295
765,0.4014062402
766,0.385260407261
767,0.395104157021
768,0.405729156761
769,0.395729157005
770,0.399739573574
771,1.26119788588
772,1.25885413593
773,0.393385407063
774,0.401718740192
775,0.395989573666
776,1.17411455467
777,0.407343740055
778,0.402187490181
779,0.407760406712
780,0.395572907009
781,0.405468740101
782,0.416041656509
783,0.419427073093
784,0.417343739811
785,0.785781230816
786,5.69156236105
787,1.78713537304
788,0.377187490791
789,0.389218740498
790,0.403124990158
791,1.06968747388
792,0.371927074253
793,0.377864574108
794,0.386093740574
795,0.366458324387
796,0.373385407551
797,0.370312490959
798,0.370104157631
799,0.376770824135
800,0.37463540752
801,0.355989574642
802,0.354322908016
803,0.360052074543
804,0.350260408115
805,0.356666657959
806,0.354479158012
807,1.00677080875
808,0.356249991302
809,0.355833324646
810,0.366249991058
811,0.352708324722
812,0.348072908169
813,0.345729158226
814,0.351874991409
815,0.349583324799
816,0.350312491447
817,0.350572908108
818,0.347760408176
819,0.340312491692
820,0.314843742313
821,0.244062494041
822,0.243281244061
823,0.242604160744
824,0.243177077396
825,0.242864577404
826,0.245833327332
827,0.245260410679
828,0.244999994019
829,0.244374994034
830,0.243437494057
831,0.250364577221
832,0.244843744022
833,0.245156244015
834,0.242135410755
835,0.24656249398
836,0.243072910732
837,0.245260410679
838,0.243906244045
839,0.246718743977
840,0.243854160713
841,0.245468744007
842,0.243645827385
843,0.242812494072
844,0.24427082737
845,0.246249993988
846,0.243177077396
847,0.243072910732
848,0.242239577419
849,0.556874986404
850,0.39937499025
851,0.386927073887
852,0.383281240643
853,0.373229157555
854,0.373072907558
855,0.381406240688
856,0.374947907513
857,0.381510407352
858,0.384687490608
859,0.373437490883
860,0.366406241055
861,0.357291657944
862,0.374843740849
863,0.358906241238
864,0.366249991058
865,0.368697907665
866,0.367708324356
867,0.370624990952
868,0.3645312411
869,0.363177074467
870,0.365260407749
871,0.365104157753
872,0.363177074467
873,0.373072907558
874,0.382916657318
875,0.378437490761
876,0.367604157692
877,0.359999991211
878,1.09536455659
879,0.361927074497
880,0.361874991165
881,1.02119789174
882,0.361093741184
883,0.356041657974
884,0.354531241344
885,0.341822908321
886,0.349947908123
887,0.343124991623
888,0.346302074879
889,0.346927074863
890,1.22020830354
891,1.24859371952
892,0.194583328583
893,0.72322914901
894,0.193489578609
895,0.195208328568
896,0.192604161964
897,0.190572912014
898,0.192083328644
899,0.639791651047
900,0.193177078617
901,0.194635411915
902,0.192812495293
903,0.191614578655
904,0.191458328659
905,0.190677078678
906,0.192760411961
907,0.192968745289
908,1.419947882
909,1.44328121476
910,4.46031239111
911,0.374947907513
912,0.370937490944
913,0.372239574245
914,0.366718741047
915,0.371249990936
916,0.3781770741
917,0.379479157402
918,0.375364574169
919,0.378854157417
920,1.15911455503
921,0.39104165712
922,0.382916657318
923,0.389479157158
924,0.378124990768
925,0.372708324234
926,0.393489573727
927,0.388802073841
928,0.384687490608
929,0.390729157127
930,1.25640621933
931,1.79369787288
932,0.397760406956
933,0.392499990417
934,0.391666657104
935,0.390052073811
936,0.388541657181
937,0.389999990479
938,0.385729157249
939,0.388802073841
940,0.398541656937
941,0.401822906857
942,0.399947906902
943,0.400312490227
944,0.397291656967
945,0.396770823647
946,0.404583323456
947,0.397291656967
948,0.402239573513
949,0.399010406925
950,0.404374990128
951,0.397968740284
952,0.41630207317
953,0.408645823357
954,0.414114573223
955,0.421770823036
956,0.424843739628
957,0.821041646622
958,1.51421871303
959,0.402708323502
960,0.398333323608
961,0.40265624017
962,0.386302073902
963,0.384062490623
964,0.38651040723
965,0.387395823875
966,0.389583323822
967,0.989218725849
968,0.386770823891
969,3.12421867373
970,0.240885410786
971,0.239635410816
972,0.236093744236
973,0.234635410938
974,0.235208327591
975,0.233749994293
976,0.236041660904
977,1.48197913049
978,0.367447907696
979,0.357916657928
980,0.362343741154
981,0.349322908138
982,2.77031243237
983,0.231093744358
984,0.234374994278
985,0.233124994308
986,0.231458327682
987,0.22609374448
988,0.229739577724
989,0.229843744389
990,0.228645827751
991,0.228802077747
992,0.22760416111
993,0.224166661194
994,0.361614574505
995,0.366406241055
996,0.365624991074
997,0.36578124107
998,1.09677080656
999,0.377083324127
1000,0.378906240749
1001,0.380104157387
1002,0.376874990799
1003,0.366874991043
1004,0.355989574642
1005,0.344374991592
1006,0.356406241299
1007,0.351927074741
1008,0.270156243404
1009,0.226979161125
1010,0.223958327866
1011,0.219114577984
1012,0.21901041132
1013,0.220260411289
1014,0.220156244625
1015,0.222135411243
1016,0.218072911343
1017,0.216302078053
1018,0.219687494637
1019,1.22348955346
1020,0.367031241039
1021,0.367395824364
1022,0.376562490807
1023,0.373281240887
1024,0.395260407017
1025,0.372447907574
1026,0.356041657974
1027,0.35567707465
1028,0.350104158119
1029,0.35239582473
1030,0.365260407749
1031,0.366145824394
1032,0.359843741215
1033,0.363281241131
1034,0.359791657883
1035,0.291614576214
1036,0.220624994614
1037,0.766770814613
1038,0.220052077961
1039,0.219166661316
1040,0.216614578045
1041,0.215520828072
1042,0.216458328049
1043,0.219374994644
1044,0.220677077946
1045,0.22078124461
1046,0.217916661346
1047,0.21953124464
1048,0.64947915081
1049,0.216510411381
1050,0.709739566006
1051,3.48249991498
1052,1.23390621988
1053,4.77890613333
1054,0.330364575268
1055,0.32890624197
1056,0.33697915844
1057,0.333437491859
1058,0.3304166586
1059,0.876718728596
1060,0.330312491936
1061,1.25760413596
1062,1.27677080216
1063,4.69369780207
1064,0.35619790797
1065,0.356718741291
1066,0.358593741245
1067,0.360885407856
1068,0.366145824394
1069,0.361562491173
1070,0.363749991119
1071,0.360052074543
1072,0.362083324493
1073,0.370208324295
1074,0.369739574306
1075,0.371979157585
1076,0.239687494148
1077,0.234791660934
1078,0.236406244228
1079,0.232968744312
1080,0.237916660858
1081,0.227916661102
1082,0.231197911022
1083,0.227447911114
1084,0.227499994446
1085,0.236406244228
1086,0.2293749944
1087,0.227968744434
1088,3.10119784095
1089,0.369999990967
1090,0.370989574276
1091,0.367864574352
1092,0.382812490654
1093,0.380677074039
1094,0.378281240765
1095,0.3809374907
1096,0.373906240871
1097,0.375416657501
1098,0.379322907406
1099,0.379739574062
1100,0.386041657242
1101,0.383697907299
1102,0.383593740635
1103,0.38421874062
1104,0.30666665918
1105,0.236614577557
1106,0.230104161049
1107,0.238385410847
1108,0.235156244259
1109,0.244739577358
1110,0.245989577328
1111,0.245208327347
1112,0.245468744007
1113,0.232499994324
1114,1.20208330399
1115,0.238177077518
1116,1.42645829851
1117,1.29802080164
1118,0.360156241207
1119,0.358281241253
1120,0.362812491142
1121,0.364947907757
1122,0.359166657898
1123,1.10005205648
1124,0.352291658066
1125,0.346718741535
1126,0.344218741596
1127,0.348333324829
1128,0.344114574932
1129,0.344583324921
1130,0.965468726429
1131,0.344791658249
1132,0.340937491676
1133,0.338958325058
1134,0.339479158379
1135,0.337343741764
1136,0.346666658203
1137,0.340729158348
1138,0.350729158104
1139,0.346458324875
1140,4.43015614184
1141,3.94781240362
1142,1.60244787754
1143,10.9487497327
1144,1.61166662732
1145,1.66567704267
1146,0.368489574337
1147,0.368281241009
1148,0.367499991028
1149,0.371562490929
1150,0.368124991013
1151,0.374479157524
1152,1.12182288928
1153,0.375104157509
1154,0.374687490852
1155,0.375937490822
1156,0.377968740772
1157,0.377760407444
1158,1.48447913042
1159,1.29124996848
1160,0.388229157188
1161,0.375781240826
1162,0.383072907314
1163,0.35744790794
1164,0.344374991592
1165,0.346249991547
1166,0.351666658081
1167,0.351041658096
1168,0.358489574581
1169,0.351093741428
1170,0.352864574718
1171,0.351718741413
1172,0.343749991608
1173,0.330989575253
1174,0.333124991867
1175,0.333177075199
1176,0.333906241848
1177,0.341614574993
1178,1.07093747385
1179,0.338541658401
1180,1.22916663666
1181,0.368697907665
1182,0.368854157661
1183,0.364218741108
1184,0.365833324402
1185,0.363281241131
1186,0.374270824196
1187,0.360052074543
1188,0.350833324768
1189,0.357083324615
1190,0.353437491371
1191,0.3645312411
1192,0.366562491051
1193,0.359374991226
1194,0.358802074574
1195,0.354635408009
1196,0.356510407963
1197,0.351562491417
1198,0.346822908199
1199,0.347656241512
1200,0.340624991684
1201,0.342499991638
1202,0.341822908321
1203,0.34229165831
1204,0.341354158333
1205,1.19557288748
1206,1.15395830516
1207,1.2614062192
1208,0.358489574581
1209,0.358020824593
1210,0.358749991241
1211,0.359791657883
1212,0.358749991241
1213,0.359635407887
1214,0.357135407948
1215,0.356666657959
1216,0.368749990997
1217,0.370572907619
1218,0.377031240795
1219,0.371458324265
1220,0.963437476479
1221,0.363489574459
1222,0.383749990631
1223,0.241458327438
1224,0.192708328629
1225,0.191041662003
1226,0.194427078587
1227,0.191927078648
1228,0.193281245281
1229,0.194687495247
1230,0.193124995285
1231,0.196197911877
1232,0.193020828621
1233,0.190989578671
1234,0.194999995239
1235,0.193802078602
1236,0.192187495308
1237,0.193124995285
1238,0.192916661957
1239,0.192031245312
1240,0.19197916198
1241,0.194739578579
1242,0.202187495064
1243,0.195937495216
1244,0.195729161888
1245,0.193697911938
1246,0.19427082859
1247,0.192291661972
1248,0.193437495277
1249,0.201510411747
1250,0.193802078602
1251,0.195156245235
1252,0.193385411945
1253,0.194635411915
1254,0.19223957864
1255,0.193281245281
1256,0.24151041077
1257,0.241979160759
1258,0.238802077503
1259,0.240312494133
1260,0.240520827461
1261,0.239947910809
1262,0.23770832753
1263,0.234583327606
1264,0.242083327423
1265,0.236510410892
1266,0.233802077625
1267,0.192447911968
1268,0.236562494225
1269,0.235364577587
1270,0.238124994186
1271,0.244895827354
1272,0.235364577587
1273,0.231770827675
1274,0.231093744358
1275,0.230781244366
1276,0.234062494286
1277,0.238072910854
1278,0.234739577602
1279,0.234322910946
1280,0.234583327606
1281,0.235885410908
1282,0.231874994339
1283,0.231927077671
1284,0.229895827721
1285,0.233437494301
1286,0.230677077702
1287,0.230833327698
1288,0.228229161095
1289,0.224531244518
1290,0.219427077976
1291,0.203281245037
1292,0.192656245296
1293,0.190885412006
1294,0.194895828575
1295,0.376249990814
1296,0.369947907635
1297,0.372552074238
1298,0.373645824211
1299,1.14197913879
1300,0.381979157341
1301,0.375572907497
1302,0.378697907421
1303,0.386458323898
1304,0.375520824165
1305,0.37765624078
1306,0.380104157387
1307,0.390156240475
1308,0.392135407093
1309,1.49374996353
1310,1.48333329712
1311,1.80838537252
1312,0.379479157402
1313,0.39333332373
1314,0.400104156898
1315,0.401197906872
1316,0.400572906887
1317,0.397916656952
1318,0.402812490166
1319,0.391093740452
1320,0.3945833237
1321,0.389062490501
1322,0.403541656815
1323,0.399062490257
1324,0.402812490166
1325,0.403020823494
1326,0.400520823555
1327,0.399479156914
1328,0.407604156715
1329,0.405729156761
1330,0.399270823586
1331,0.410729156639
1332,0.416927073154
1333,0.428802072865
1334,0.423437489662
1335,0.422187489693
1336,0.418124989792
1337,0.418697906445
1338,0.416979156487
1339,0.413802073231
1340,0.417187489815
1341,0.413489573238
1342,0.417135406483
1343,0.423229156334
1344,1.26869788569
1345,0.421510406376
1346,0.413906239895
1347,0.421302073048
1348,0.422291656357
1349,0.432239572781
1350,0.43197915612
1351,0.442812489189
1352,0.439218739277
1353,0.434635406055
1354,0.435937489357
1355,0.423020823006
1356,0.431510406132
1357,0.432395822777
1358,0.431562489464
1359,1.30369788484
1360,0.437083322662
1361,8.1702602172
1362,1.4948437135
1363,0.245989577328
1364,0.247083327301
1365,0.252343743839
1366,0.248489577267
1367,0.246093743992
1368,0.246145827324
1369,0.256093743748
1370,0.250052077229
1371,0.257447910381
1372,0.248489577267
1373,0.257604160378
1374,0.249114577251
1375,0.248124993942
1376,0.246614577312
1377,0.246249993988
1378,0.246822910641
1379,0.248229160606
1380,0.247395827293
1381,0.249479160576
1382,0.246874993973
1383,0.246718743977
1384,0.248593743931
1385,0.24932291058
1386,0.249270827248
1387,0.816510396732
1388,0.250781243877
1389,0.249479160576
1390,0.249791660568
1391,0.249739577236
1392,0.250781243877
1393,0.25994791032
1394,0.253229160484
1395,0.250520827217
1396,0.250989577206
1397,0.257864577038
1398,0.255156243771
1399,0.250624993881
1400,0.251979160515
1401,0.249114577251
1402,0.251197910534
1403,0.25135416053
1404,0.249218743916
1405,0.250885410542
1406,0.250937493874
1407,0.24630207732
1408,0.2498437439
1409,0.25161457719
1410,0.250624993881
1411,0.25161457719
1412,0.251041660538
1413,0.255677077091
1414,0.254010410465
1415,0.251302077198
1416,1.35140621701
1417,0.253541660477
1418,1.4979166301
1419,1.14630205535
1420,0.454999988892
1421,0.455677072208
1422,0.437291655991
1423,0.420312489738
1424,1.187812471
1425,0.417499989807
1426,0.422708323013
1427,0.404843740116
1428,0.412395823265
1429,0.412291656601
1430,0.409218740009
1431,0.399531240246
1432,0.391093740452
1433,0.394062490379
1434,0.388854157173
1435,0.390572907131
1436,0.386406240566
1437,0.38828124052
1438,0.383281240643
1439,0.372135407581
1440,0.376510407475
1441,0.376302074146
1442,0.379739574062
1443,0.371406240932
1444,0.373437490883
1445,1.03598955804
1446,0.361145824516
1447,0.355156241329
1448,0.35921874123
1449,0.355052074665
1450,0.353385408039
1451,0.358281241253
1452,0.359062491234
1453,0.357291657944
1454,1.37031246655
1455,1.39494788261
1456,1.38536454951
1457,1.35770830019
1458,1.39468746595
1459,1.41796871538
1460,1.39739579922
1461,1.47171871407
1462,1.00333330884
1463,0.195208328568
1464,0.195729161888
1465,0.193802078602
1466,0.19197916198
1467,0.192656245296
1468,0.193958328598
1469,0.199635411793
1470,0.192083328644
1471,0.193072911953
1472,0.194322911922
1473,0.191614578655
1474,0.196458328537
1475,0.193281245281
1476,0.196093745213
1477,0.192447911968
1478,0.192552078632
1479,0.190833328674
1480,0.198958328476
1481,0.193958328598
1482,0.203958328354
1483,0.194999995239
1484,0.202552078388
1485,0.193958328598
1486,0.1924999953
1487,0.192552078632
1488,0.191927078648
1489,0.193229161949
1490,0.190989578671
1491,0.191770828651
1492,0.192864578625
1493,0.195104161903
1494,0.240833327454
1495,0.24453124403
1496,0.23593749424
1497,0.189791662033
1498,0.190989578671
1499,0.194062495262
1500,8.46322896004
1501,0.195624995224
1502,0.19223957864
1503,0.190989578671
1504,0.194895828575
1505,0.19401041193
1506,0.193489578609
1507,0.194374995255
1508,0.19223957864
1509,0.189583328705
1510,0.193124995285
1511,0.193802078602
1512,0.190624995346
1513,0.192604161964
1514,0.191562495323
1515,0.190677078678
1516,0.193177078617
1517,0.194427078587
1518,0.192343745304
1519,0.198541661819
1520,0.195989578548
1521,0.194583328583
1522,0.194791661911
1523,0.19427082859
1524,0.192708328629
1525,0.20109374509
1526,0.191927078648
1527,0.440520822578
1528,0.43703123933
1529,0.441041655899
1530,0.424062489647
1531,0.192708328629
1532,0.194895828575
1533,0.19197916198
1534,0.193333328613
1535,0.180312495598
1536,0.197447911846
1537,0.177864578991
1538,0.194687495247
1539,0.194791661911
1540,0.192916661957
1541,0.195312495232
1542,0.191718745319
1543,0.195572911892
1544,0.193124995285
1545,0.19046874535
1546,0.192760411961
1547,0.194062495262
1548,0.197708328506
1549,0.195208328568
1550,0.194166661926
1551,0.191510411991
1552,0.193645828606
1553,0.201145828423
1554,0.193124995285
1555,0.192864578625
1556,0.191562495323
1557,0.190156245358
1558,0.195104161903
1559,0.193958328598
1560,0.191666661987
1561,0.193593745274
1562,0.191302078663
1563,0.192916661957
1564,0.195468745228
1565,0.194895828575
1566,0.193072911953
1567,0.194114578594
1568,0.193020828621
1569,0.19020832869
1570,0.19374999527
1571,0.194166661926
1572,0.193385411945
1573,0.193385411945
1574,0.192552078632
1575,0.190416662018
1576,0.19552082856
1577,0.192916661957
1578,0.196822911861
1579,0.193124995285
1580,0.193437495277
1581,0.190937495338
1582,0.193072911953
1583,0.19578124522
1584,0.19223957864
1585,0.196145828545
1586,0.198072911831
1587,0.192812495293
1588,0.194895828575
1589,0.193593745274
1590,0.192864578625
1591,0.193333328613
1592,0.19197916198
1593,0.193854161934
1594,0.195104161903
1595,0.543802070057
1596,0.540104153481
1597,0.501510404423
1598,0.577291652573
1599,0.467812488579
1600,0.522708320572
1601,0.541666653442
1602,0.498229154503
1603,0.483645821526
1604,0.472916655121
1605,1.20817705384
1606,0.452031238964
1607,0.446458322433
1608,0.439687489265
1609,0.454010405582
1610,0.419635406422
1611,0.426510406254
1612,0.42161457304
1613,0.409635406666
1614,0.408906240017
1615,0.401302073536
1616,0.396249990326
1617,0.390572907131
1618,0.388385407185
1619,0.391614573772
1620,0.374010407536
1621,0.377031240795
1622,0.243229160728
1623,0.242812494072
1624,0.244947910686
1625,0.245260410679
1626,0.242864577404
1627,0.242864577404
1628,0.242187494087
1629,0.241822910763
1630,0.24427082737
1631,0.245104160683
1632,0.242187494087
1633,0.242135410755
1634,0.242395827415
1635,0.24151041077
1636,0.244166660706
1637,0.244687494026
1638,0.880520811836
1639,0.245833327332
1640,0.245052077351
1641,0.242656244076
1642,0.245572910671
1643,1.54197912902
1644,0.246770827309
1645,0.24427082737
1646,0.244374994034
1647,0.240468744129
1648,0.243229160728
1649,0.243072910732
1650,0.244374994034
1651,0.245677077335
1652,0.243177077396
1653,0.242916660736
1654,0.245104160683
1655,0.244739577358
1656,0.244895827354
1657,0.416145823174
1658,0.395416657013
1659,0.404062490135
1660,0.413124989914
1661,0.405364573437
1662,0.395781240337
1663,0.405208323441
1664,2.07286453273
1665,0.400416656891
1666,0.39989582357
1667,0.399843740238
1668,0.39104165712
1669,0.375156240841
1670,0.370937490944
1671,0.371874990921
1672,0.379843740726
1673,0.193020828621
1674,0.190937495338
1675,0.191822911983
1676,0.191302078663
1677,0.190260412022
1678,0.195989578548
1679,0.682499983337
1680,0.1924999953
1681,0.195416661896
1682,0.193229161949
1683,0.193281245281
1684,0.192604161964
1685,0.192760411961
1686,0.19552082856
1687,1.18838538765
1688,0.194218745258
1689,0.195989578548
1690,0.19223957864
1691,0.194895828575
1692,0.193124995285
1693,0.1924999953
1694,0.191093745335
1695,0.192031245312
1696,0.192135411976
1697,1.49848954675
1698,8.60713520653
1699,0.194322911922
1700,0.192083328644
1701,0.191614578655
1702,0.192864578625
1703,0.194635411915
1704,0.190781245342
1705,0.194583328583
1706,0.190312495354
1707,0.190052078693
1708,0.192031245312
1709,0.192656245296
1710,0.190833328674
1711,0.191874995316
1712,0.193177078617
1713,0.191562495323
1714,0.192552078632
1715,0.194114578594
1716,0.197916661835
1717,0.193437495277
1718,0.196406245205
1719,0.193124995285
1720,0.193541661942
1721,0.643802067616
1722,0.195729161888
1723,0.192656245296
1724,0.684270816628
1725,1.49286454689
1726,0.426562489586
1727,0.249010410587
1728,0.248489577267
1729,0.246510410648
1730,0.24630207732
1731,0.78739581411
1732,0.249999993896
1733,0.252083327179
1734,0.24604166066
1735,0.248020827278
1736,0.708854149361
1737,0.248749993927
1738,0.250208327225
1739,0.249687493904
1740,0.246614577312
1741,0.247291660629
1742,0.245468744007
1743,0.246145827324
1744,0.246666660645
1745,0.247864577282
1746,0.246666660645
1747,0.246666660645
1748,0.246093743992
1749,0.244947910686
1750,0.248437493935
1751,0.383541657303
1752,0.38802082386
1753,0.332552075214
1754,0.250468743885
1755,0.255520827095
1756,0.249895827232
1757,0.249166660583
1758,0.248124993942
1759,0.248177077274
1760,0.25338541048
1761,1.26760413572
1762,1.05296872429
1763,0.424374989639
1764,0.435937489357
1765,0.432812489433
1766,0.393958323715
1767,0.397656240292
1768,0.416510406498
1769,1.14479163872
1770,0.418749989777
1771,0.392499990417
1772,0.396197906994
1773,0.395572907009
1774,0.38749999054
1775,0.360885407856
1776,0.366145824394
1777,0.359843741215
1778,0.35619790797
1779,0.364895824425
1780,0.356979157951
1781,0.362395824486
1782,0.340833325012
1783,0.358541657913
1784,0.999999975586
1785,1.42291663193
1786,1.45072913125
1787,0.351458324753
1788,0.352552074726
1789,0.351927074741
1790,0.349999991455
1791,0.354062491356
1792,0.344583324921
1793,0.357031241283
1794,0.343281241619
1795,0.340989575008
1796,0.350781241436
1797,0.343645824944
1798,0.3440624916
1799,0.341822908321
1800,0.34104165834
1801,0.339843741703
1802,0.342604158302
1803,0.339947908367
1804,0.338281241741
1805,0.336093741795
1806,0.334999991821
1807,0.336302075123
1808,0.335937491798
1809,0.336770825111
1810,0.338489575069
1811,0.342447908306
1812,0.335520825142
1813,0.337343741764
1814,0.88869789497
1815,0.338177075077
1816,0.330833325256
1817,0.329427075291
1818,0.326718742023
1819,0.329270825294
1820,0.32916665863
1821,0.325520825386
1822,0.332604158546
1823,0.336145825127
1824,0.353489574703
1825,0.351302074757
1826,0.348229158165
1827,0.355520824654
1828,0.358489574581
1829,0.361145824516
1830,0.35619790797
1831,0.35947915789
1832,0.367604157692
1833,0.359583324554
1834,0.36604165773
1835,0.35947915789
1836,0.364114574444
1837,0.3672916577
1838,0.363645824455
1839,0.362916657806
1840,1.56989579501
1841,0.370208324295
1842,0.367656241024
1843,0.371197907604
1844,0.37234374091
1845,0.375624990829
1846,0.370572907619
1847,0.387552073872
1848,0.378124990768
1849,1.87901037079
1850,0.372447907574
1851,0.371562490929
1852,0.380052074055
1853,0.366510407719
1854,0.351510408085
1855,0.35744790794
1856,0.35114582476
1857,0.353229158043
1858,0.351718741413
1859,0.35541665799
1860,0.357499991272
1861,0.344583324921
1862,0.350677074772
1863,1.29302080177
1864,0.348906241482
1865,0.342760408298
1866,0.347760408176
1867,0.347864574841
1868,0.346979158195
1869,0.331666658569
1870,0.3304166586
1871,0.339947908367
1872,0.330989575253
1873,0.337968741749
1874,0.331197908581
1875,0.336093741795
1876,0.334687491829
1877,0.336718741779
1878,0.332916658539
1879,0.336822908443
1880,0.32739582534
1881,1.24166663635
1882,1.38880204943
1883,1.3967187159
1884,3.54687491341
1885,0.36578124107
1886,0.37739582412
1887,0.368541657669
1888,0.36401040778
1889,0.376302074146
1890,0.372552074238
1891,0.375677074162
1892,0.374999990845
1893,3.35072908486
1894,0.367343741032
1895,0.37791665744
1896,0.368281241009
1897,0.360104157875
1898,0.354895824669
1899,0.367499991028
1900,0.349843741459
1901,0.351614574749
1902,0.354479158012
1903,0.358281241253
1904,0.350052074787
1905,0.351093741428
1906,0.351406241421
1907,0.345677074894
1908,0.345156241573
1909,0.34583332489
1910,0.345416658234
1911,0.34734374152
1912,0.806562480309
1913,0.243124994064
1914,0.243906244045
1915,0.242291660751
1916,0.241927077427
1917,0.23973957748
1918,0.244010410709
1919,0.243854160713
1920,0.245104160683
1921,0.327968741993
1922,0.326770825356
1923,0.243802077381
1924,0.244687494026
1925,0.255312493767
1926,0.246354160652
1927,1.04187497456
1928,0.247343743961
1929,0.245208327347
1930,0.246354160652
1931,0.244166660706
1932,0.243385410725
1933,0.243593744053
1934,0.651197900768
1935,0.374010407536
1936,0.381770824013
1937,0.378645824089
1938,0.373072907558
1939,0.377031240795
1940,0.386406240566
1941,0.378645824089
1942,0.385104157265
1943,0.963541643143
1944,0.386874990555
1945,0.385208323929
1946,0.386197907238
1947,0.385781240582
1948,0.994635392384
1949,0.387187490547
1950,0.384062490623
1951,0.395104157021
1952,0.390468740467
1953,0.190312495354
1954,0.201874995071
1955,0.194791661911
1956,0.19401041193
1957,0.193333328613
1958,0.204166661682
1959,0.195624995224
1960,0.195624995224
1961,0.193697911938
1962,1.37041663321
1963,0.199374995132
1964,0.19374999527
1965,0.193281245281
1966,0.192343745304
1967,0.194114578594
1968,0.191302078663
1969,0.194114578594
1970,0.193072911953
1971,0.535989570248
1972,0.325729158714
1973,0.391822907101
1974,0.411562489952
1975,0.403697906811
1976,0.396249990326
1977,0.404895823448
1978,0.385156240597
1979,0.389062490501
1980,0.379947907391
1981,0.387187490547
1982,0.367656241024
1983,0.371510407597
1984,0.368229157677
1985,0.372499990906
1986,0.370208324295
1987,0.377135407459
1988,0.362187491158
1989,0.368593741001
1990,0.356979157951
1991,0.363958324448
1992,0.370468740955
1993,0.358229157921
1994,0.371249990936
1995,0.3713541576
1996,0.363489574459
1997,0.37260415757
1998,1.61770829384
1999,0.332343741886
2000,0.328489575314
2001,0.34380207494
2002,0.334895825157
2003,0.340312491692
2004,0.333124991867
2005,0.33244790855
2006,0.320416658844
2007,0.317239575588
2008,0.319947908855
2009,0.326354158699
2010,0.328072908657
2011,0.340156241695
2012,0.332395825218
2013,0.322656242123
2014,0.322968742115
2015,1.17755205458
2016,0.362812491142
2017,0.365520824409
2018,0.364843741093
2019,0.369114574322
2020,0.372239574245
2021,0.385833323914
2022,0.377343740788
2023,0.375312490837
2024,0.371770824257
2025,0.375989574154
2026,0.384322907284
2027,0.381406240688
2028,0.376979157463
2029,0.37968749073
2030,0.379114574078
2031,1.77874995657
2032,0.396510406986
2033,0.388385407185
2034,0.395781240337
2035,0.396302073658
2036,0.402239573513
2037,0.395468740345
2038,0.387187490547
2039,0.39281249041
2040,0.388229157188
2041,0.392968740406
2042,0.4082291567
2043,0.409010406681
2044,0.408541656693
2045,1.21848955359
2046,0.392447907085
2047,0.403385406818
2048,0.399427073582
2049,0.409322906673
2050,0.402447906841
2051,0.434166656067
2052,0.420312489738
2053,0.428020822884
2054,0.425624989609
2055,0.413333323242
2056,0.415885406513
2057,0.42161457304
2058,0.412447906597
2059,0.41479165654
2060,0.479687488289
2061,0.44005207259
2062,0.439166655945
2063,0.432135406116
2064,0.413802073231
2065,0.968697893017
2066,0.409687489998
2067,0.424218739643
2068,0.413906239895
2069,0.417343739811
2070,0.402083323517
2071,0.401249990204
2072,0.406354156746
2073,0.394374990372
2074,1.44791663132
2075,0.366614574383
2076,0.363229157799
2077,0.366145824394
2078,0.359739574551
2079,0.368489574337
2080,0.3713541576
2081,0.356562491295
2082,0.349479158134
2083,0.353281241375
2084,0.358697907909
2085,0.3672916577
2086,0.365208324417
2087,0.368906240993
2088,0.371718740925
2089,0.367916657684
2090,0.358854157906
2091,0.35921874123
2092,0.365677074406
2093,1.19380205419
2094,0.363437491127
2095,0.361562491173
2096,0.359635407887
2097,0.356093741306
2098,0.353958324692
2099,0.953802060047
2100,0.349791658127
2101,0.344531241589
2102,0.34052082502
2103,0.346145824883
2104,0.340572908352
2105,0.351718741413
2106,0.353749991364
2107,0.359166657898
2108,0.358906241238
2109,0.982083309357
2110,0.364114574444
2111,0.35921874123
2112,0.365416657745
2113,0.36427082444
2114,0.36072915786
2115,0.357552074604
2116,0.367656241024
2117,0.36630207439
2118,0.352447908062
2119,0.365260407749
2120,0.354739574673
2121,0.343072908291
2122,0.352760408054
2123,0.348593741489
2124,0.348072908169
2125,1.66182287609
2126,0.351718741413
2127,0.350781241436
2128,0.188281245403
2129,0.191562495323
2130,0.345208324905
2131,0.337812491753
2132,0.338802075062
2133,0.349947908123
2134,0.348489574825
2135,0.347239574856
2136,0.341302075001
2137,0.347656241512
2138,0.343229158287
2139,0.341145825005
2140,0.351354158089
2141,0.350260408115
2142,0.340416658356
2143,0.989218725849
2144,0.338281241741
2145,0.254427077122
2146,0.245104160683
2147,0.243385410725
2148,0.242447910748
2149,0.244166660706
2150,0.242239577419
2151,0.737864565319
2152,0.245885410664
2153,0.243645827385
2154,0.242968744068
2155,0.2430208274
2156,0.22432291119
2157,0.224739577847
2158,0.228020827766
2159,0.227552077778
2160,0.231197911022
2161,0.227968744434
2162,0.230312494377
2163,0.226822911129
2164,0.226562494469
2165,0.226562494469
2166,0.229010411076
2167,0.238072910854
2168,0.234635410938
2169,0.702499982849
2170,0.228124994431
2171,0.226822911129
2172,0.227187494453
2173,0.226979161125
2174,0.224218744526
2175,0.222031244579
2176,1.00026039225
2177,0.338281241741
2178,0.347760408176
2179,0.355208324661
2180,0.357916657928
2181,0.356354157967
2182,0.360781241192
2183,0.358697907909
2184,0.35921874123
2185,0.368802074329
2186,0.978802059437
2187,0.365364574413
2188,0.365572907742
2189,0.362864574474
2190,0.371510407597
2191,0.374895824181
2192,0.375312490837
2193,0.373958324203
2194,0.372968740894
2195,0.373229157555
2196,0.371979157585
2197,0.380416657379
2198,0.396249990326
2199,0.363802074451
2200,0.372916657562
2201,0.359999991211
2202,1.17249997137
2203,0.368697907665
2204,0.373854157539
2205,0.376874990799
2206,0.36401040778
2207,0.369427074314
2208,0.359531241222
2209,0.35895832457
2210,0.361718741169
2211,0.361093741184
2212,0.361510407841
2213,0.358906241238
2214,0.368958324326
2215,0.35593749131
2216,0.357604157936
2217,1.18604163771
2218,0.340364575024
2219,0.345989574886
2220,0.34609374155
2221,0.344374991592
2222,0.340729158348
2223,0.340833325012
2224,0.350468741444
2225,0.354062491356
2226,0.341822908321
2227,0.339687491707
2228,0.34026040836
2229,0.336302075123
2230,0.333541658524
2231,0.337812491753
2232,0.338645825066
2233,0.332499991882
2234,0.351249991425
2235,0.363958324448
2236,0.357604157936
2237,0.35593749131
2238,0.354791658005
2239,0.193072911953
2240,0.192864578625
2241,0.199583328461
2242,0.195156245235
2243,0.196249995209
2244,0.192135411976
2245,0.192552078632
2246,0.191406245327
2247,0.1924999953
2248,0.193281245281
2249,0.198020828499
2250,0.193177078617
2251,0.197760411839
2252,0.191093745335
2253,0.195156245235
2254,0.195052078571
2255,0.193229161949
2256,0.194166661926
2257,0.192968745289
2258,0.193906245266
2259,0.904791644577
2260,0.384947907269
2261,0.383281240643
2262,0.374270824196
2263,0.363541657791
2264,0.363593741123
2265,0.357343741276
2266,0.371614574261
2267,0.369374990982
2268,0.363541657791
2269,0.358697907909
2270,0.359843741215
2271,0.359999991211
2272,0.350052074787
2273,0.365677074406
2274,0.370729157616
2275,0.368697907665
2276,0.367135407703
2277,1.30145830156
2278,0.368697907665
2279,0.374010407536
2280,0.373697907543
2281,0.758124981491
2282,0.24427082737
2283,0.245416660675
2284,0.244322910702
2285,0.243906244045
2286,0.242031244091
2287,0.244114577374
2288,0.243958327377
2289,0.243124994064
2290,0.243333327393
2291,0.248020827278
2292,0.245520827339
2293,0.368854157661
2294,0.386145823906
2295,1.17307288803
2296,0.401822906857
2297,0.402291656845
2298,0.403749990143
2299,0.397708323624
2300,0.371979157585
2301,0.383958323959
2302,0.375677074162
2303,0.379947907391
2304,0.382239574001
2305,0.377499990784
2306,0.3809374907
2307,0.36604165773
2308,0.366406241055
2309,0.364843741093
2310,0.366927074375
2311,0.35390624136
2312,1.02395830833
2313,0.363229157799
2314,0.351458324753
2315,0.351354158089
2316,0.354114574688
2317,0.356510407963
2318,0.354531241344
2319,0.350937491432
2320,0.364947907757
2321,0.362916657806
2322,0.363124991135
2323,0.360416657867
2324,0.373645824211
2325,0.368124991013
2326,0.370416657623
2327,0.975312476189
2328,0.368229157677
2329,0.360677074528
2330,0.359322907894
2331,0.364479157768
2332,0.365729157738
2333,0.377447907452
2334,0.376510407475
2335,0.360208324539
2336,0.362916657806
2337,0.363281241131
2338,0.361510407841
2339,0.368645824333
2340,0.378072907436
2341,0.373593740879
2342,0.375312490837
2343,0.366822907711
2344,0.378958324081
2345,0.371458324265
2346,0.273020826668
2347,0.241041660782
2348,0.243749994049
2349,0.241093744114
2350,0.245260410679
2351,0.740781231915
2352,0.246249993988
2353,0.244479160698
2354,0.242604160744
2355,0.241718744099
2356,0.244218744038
2357,0.243489577389
2358,0.252968743824
2359,0.248802077259
2360,0.245885410664
2361,0.244427077366
2362,0.244687494026
2363,0.674791650192
2364,0.24781249395
2365,0.246718743977
2366,0.242708327408
2367,0.386822907223
2368,0.396302073658
2369,0.404270823463
2370,0.396302073658
2371,0.394947907024
2372,0.39255207375
2373,0.233541660965
2374,0.238229160851
2375,0.239583327484
2376,0.236874994217
2377,0.239791660812
2378,0.24276041074
2379,0.383802073963
2380,0.379270824074
2381,0.382031240673
2382,0.393281240398
2383,0.380833324036
2384,0.25614582708
2385,0.243229160728
2386,0.246145827324
2387,0.246197910656
2388,0.243385410725
2389,0.245781243999
2390,0.243749994049
2391,0.240833327454
2392,0.244687494026
2393,0.250416660553
2394,0.384999990601
2395,0.384895823936
2396,0.389062490501
2397,0.386145823906
2398,0.181093745579
2399,0.180833328918
2400,0.607447901836
2401,0.183229162193
2402,0.180468745594
2403,0.180781245586
2404,0.179947912273
2405,1.18234372113
2406,0.3781770741
2407,0.378958324081
2408,0.379114574078
2409,0.3809374907
2410,0.380989574032
2411,0.359322907894
2412,0.353489574703
2413,0.358489574581
2414,0.352239574734
2415,0.344635408253
2416,0.353124991379
2417,0.35541665799
2418,0.349531241467
2419,0.361927074497
2420,0.242656244076
2421,0.250052077229
2422,0.248749993927
2423,0.24453124403
2424,0.245208327347
2425,0.244999994019
2426,0.243177077396
2427,0.246822910641
2428,0.244583327362
2429,0.243697910717
2430,0.379010407413
2431,0.389218740498
2432,0.384895823936
2433,0.388541657181
2434,0.381979157341
2435,0.380364574047
2436,0.390312490471
2437,0.385624990585
2438,0.371458324265
2439,0.365729157738
2440,0.368072907681
2441,1.11890622268
2442,0.36427082444
2443,0.37588540749
2444,0.366666657715
2445,1.06187497408
2446,0.354739574673
2447,0.356614574627
2448,0.351770824745
2449,0.352968741383
2450,0.352083324738
2451,0.358281241253
2452,0.352708324722
2453,0.353072908047
2454,0.352916658051
2455,0.344374991592
2456,0.343906241604
2457,0.345520824898
2458,0.349479158134
2459,1.11963538933
2460,0.350052074787
2461,0.345416658234
2462,0.347187491524
2463,0.340572908352
2464,0.340104158363
2465,0.338489575069
2466,0.338645825066
2467,0.338906241726
2468,0.338437491737
2469,0.337604158424
2470,0.33697915844
2471,0.225364577831
2472,0.22406249453
2473,0.226197911144
2474,0.224166661194
2475,0.224010411198
2476,0.225520827827
2477,0.224479161186
2478,0.225468744495
2479,0.227968744434
2480,0.810260396885
2481,0.227187494453
2482,0.226666661133
2483,0.225468744495
2484,0.225260411167
2485,0.232760410984
2486,0.228385411091
2487,0.223385411213
2488,0.225520827827
2489,0.310104159096
2490,0.338385408405
2491,0.337916658417
2492,0.328124991989
2493,0.328020825325
2494,0.332760408543
2495,0.331302075245
2496,0.32713540868
2497,0.329739575283
2498,0.329687491951
2499,0.328281241985
2500,0.330781241924
2501,0.33369790852
2502,0.340572908352
2503,0.329843741947
2504,0.334895825157
2505,0.329687491951
2506,0.351562491417
2507,0.346874991531
2508,0.343906241604
2509,0.346979158195
2510,0.350677074772
2511,0.350677074772
2512,0.348802074818
2513,0.353489574703
2514,0.348333324829
2515,0.361093741184
2516,0.357343741276
2517,0.357239574612
2518,0.883281228436
2519,1.2165624703
2520,1.26385413581
2521,0.24276041074
2522,0.244583327362
2523,0.241354160774
2524,0.351510408085
2525,0.354531241344
2526,0.35947915789
2527,0.353333324707
2528,0.342187491646
2529,0.342864574963
2530,0.360624991196
2531,0.350156241451
2532,0.354635408009
2533,0.357499991272
2534,1.1374478889
2535,0.372291657578
2536,0.350260408115
2537,0.337708325089
2538,0.345052074909
2539,0.342760408298
2540,0.346041658218
2541,0.34557290823
2542,0.350208324783
2543,0.34937499147
2544,0.33874999173
2545,0.342708324966
2546,0.346666658203
2547,0.177968745655
2548,0.181093745579
2549,0.182552078876
2550,0.181093745579
2551,0.179947912273
2552,0.179791662277
2553,0.179843745609
2554,0.180677078922
2555,0.181145828911
2556,0.188854162056
2557,0.181666662231
2558,0.180052078938
2559,0.177552078999
2560,0.180729162254
2561,0.179999995605
2562,0.179895828941
2563,0.181927078892
2564,0.180677078922
2565,0.177760412327
2566,0.180937495583
2567,0.319687492195
2568,0.352239574734
2569,0.350781241436
2570,0.3508854081
2571,0.341614574993
2572,0.349270824806
2573,0.342812491631
2574,0.345781241558
2575,0.346666658203
2576,0.351458324753
2577,0.346145824883
2578,0.346302074879
2579,1.03557289138
2580,0.245833327332
2581,0.244166660706
2582,0.244635410694
2583,0.24098957745
2584,0.244218744038
2585,0.2430208274
2586,0.244427077366
2587,0.244687494026
2588,0.243437494057
2589,0.241145827446
2590,0.245364577343
2591,0.242395827415
2592,0.229322911068
2593,0.244739577358
2594,0.24151041077
2595,0.352083324738
2596,0.354895824669
2597,0.351979158073
2598,1.01307289193
2599,0.356302074635
2600,0.356145824638
2601,0.371666657593
2602,0.370364574291
2603,0.36249999115
2604,0.362656241146
2605,0.368593741001
2606,0.370937490944
2607,0.367447907696
2608,0.370624990952
2609,0.370260407627
2610,0.367135407703
2611,0.369479157646
2612,0.366197907726
2613,0.367031241039
2614,0.391614573772
2615,0.37437499086
2616,0.383697907299
2617,0.373124990891
2618,1.03265622479
2619,0.359687491219
2620,0.359322907894
2621,0.360677074528
2622,0.349062491478
2623,0.350937491432
2624,0.346666658203
2625,0.35213540807
2626,0.349322908138
2627,0.36072915786
2628,0.367239574368
2629,0.369947907635
2630,0.372239574245
2631,0.365937491066
2632,0.394531240368
2633,0.376093740818
2634,0.37463540752
2635,1.00333330884
2636,0.372968740894
2637,0.377760407444
2638,0.374583324188
2639,0.393802073719
2640,0.392968740406
2641,0.387291657211
2642,0.387656240536
2643,0.385781240582
2644,0.398333323608
2645,0.18187499556
2646,0.143437496498
2647,0.146041663101
2648,0.133489580074
2649,0.132656246761
2650,0.135624996689
2651,0.200260411777
2652,0.193593745274
2653,0.193697911938
2654,0.193072911953
2655,0.190937495338
2656,0.192864578625
2657,0.2020833284
2658,0.197083328522
2659,0.193385411945
2660,0.193958328598
2661,0.190520828682
2662,0.193333328613
2663,0.1952604119
2664,0.194322911922
2665,0.193854161934
2666,0.192343745304
2667,0.190260412022
2668,0.193593745274
2669,0.192916661957
2670,0.193541661942
2671,0.195364578564
2672,0.191874995316
2673,0.19046874535
2674,0.192552078632
2675,0.442552072529
2676,0.431145822807
2677,0.432083322784
2678,0.410624989975
2679,0.417499989807
2680,0.405989573421
2681,0.407135406727
2682,0.396562490318
2683,0.406666656738
2684,0.373958324203
2685,0.372656240902
2686,0.369010407658
2687,0.36932290765
2688,0.374270824196
2689,0.360208324539
2690,0.357031241283
2691,0.359427074558
2692,0.363124991135
2693,0.355572907986
2694,0.348906241482
2695,0.363385407795
2696,0.365833324402
2697,0.344583324921
2698,0.348020824837
2699,0.356458324631
2700,0.353437491371
2701,0.355729157982
2702,0.346302074879
2703,0.341822908321
2704,0.345208324905
2705,0.333385408527
2706,0.324270825417
2707,0.349218741474
2708,0.350729158104
2709,0.350833324768
2710,0.346874991531
2711,0.350260408115
2712,0.35062499144
2713,0.343177074955
2714,0.348177074833
2715,0.347395824852
2716,1.11651038941
2717,0.344843741581
2718,0.339531241711
2719,0.345156241573
2720,0.349947908123
2721,0.350312491447
2722,0.343906241604
2723,0.342239574978
2724,0.346197908215
2725,0.346041658218
2726,0.33520832515
2727,0.334791658493
2728,0.334687491829
2729,0.342864574963
2730,0.337031241772
2731,0.33874999173
2732,0.339531241711
2733,0.334010408512
2734,0.338020825081
2735,0.342812491631
2736,0.334999991821
2737,0.33927082505
2738,0.334895825157
2739,0.338645825066
2740,0.326718742023
2741,0.327291658676
2742,0.327812491997
2743,0.326562492027
2744,0.327031242016
2745,0.32687499202
2746,0.328072908657
2747,0.32916665863
2748,0.332395825218
2749,0.327864575329
2750,0.332552075214
2751,0.327447908672
2752,0.95260414341
2753,0.940416643707
2754,0.953697893383
2755,0.961145809868
2756,1.01677080851
2757,1.05130205767
2758,1.04255205788
2759,0.310781242413
2760,0.31348957568
2761,0.31348957568
2762,0.31526040897
2763,0.309843742435
2764,0.316302075611
2765,0.309218742451
2766,0.322812492119
2767,0.306614575848
2768,0.306614575848
2769,0.304531242565
2770,0.310104159096
2771,0.30515624255
2772,0.307083325836
2773,0.308333325806
2774,0.306249992523
2775,0.968541643021
2776,0.311406242397
2777,0.308072909145
2778,0.310729159081
2779,0.922968727467
2780,0.914010394352
2781,0.957395809959
2782,0.975520809517
2783,0.944843726933
2784,1.0812499736
2785,0.244999994019
2786,0.242083327423
2787,0.239531244152
2788,0.24604166066
2789,0.246197910656
2790,0.243072910732
2791,0.243854160713
2792,0.246406243984
2793,0.241822910763
2794,0.244687494026
2795,0.243697910717
2796,0.24781249395
2797,0.244062494041
2798,0.243749994049
2799,0.241718744099
2800,0.243177077396
2801,0.244010410709
2802,1.87307287094
2803,0.245989577328
2804,0.246354160652
2805,0.2430208274
2806,0.244010410709
2807,0.243697910717
2808,0.244895827354
2809,0.243749994049
2810,0.250260410557
2811,0.246145827324
2812,0.244895827354
2813,0.245729160667
2814,0.243802077381
2815,0.244583327362
2816,0.24427082737
2817,0.242552077412
2818,0.243697910717
2819,0.248281243938
2820,0.243749994049
2821,0.243437494057
2822,0.244218744038
2823,0.240260410801
2824,5.35927070249
2825,0.377031240795
2826,0.99328122575
2827,0.379010407413
2828,0.377447907452
2829,0.380156240719
2830,0.388072907192
2831,0.368229157677
2832,0.363906241116
2833,0.378958324081
2834,0.373333324219
2835,0.375052074177
2836,0.378697907421
2837,1.2381770531
2838,0.365312491081
2839,0.374531240856
2840,0.368958324326
2841,0.377447907452
2842,1.04182289123
2843,0.37286457423
2844,0.376874990799
2845,0.374791657516
2846,0.378593740757
2847,0.376041657486
2848,0.384947907269
2849,0.379791657394
2850,0.376249990814
2851,2.20541661282
2852,0.390937490456
2853,0.388333323853
2854,0.385312490593
2855,0.382864573986
2856,0.382083324005
2857,0.386822907223
2858,0.388072907192
2859,1.17281247137
2860,0.394739573696
2861,0.401718740192
2862,0.39812499028
2863,0.409114573345
2864,0.395937490334
2865,0.392760407078
2866,1.16020830501
2867,0.396145823662
2868,0.392708323746
2869,0.405989573421
2870,0.41276040659
2871,0.408437490028
2872,0.409687489998
2873,0.414843739872
2874,0.409791656662
2875,0.399531240246
2876,0.402812490166
2877,0.406927073399
2878,0.405624990097
2879,0.412604156593
2880,1.12312497258
2881,0.419166656433
2882,0.414010406559
2883,0.243802077381
2884,0.249427077244
2885,0.250260410557
2886,0.250416660553
2887,0.661249983856
2888,0.251197910534
2889,0.249947910564
2890,0.252812493828
2891,0.250260410557
2892,0.248593743931
2893,0.249687493904
2894,0.248854160591
2895,0.253281243816
2896,0.252031243847
2897,0.252708327164
2898,0.249739577236
2899,0.249062493919
2900,0.248541660599
2901,0.248437493935
2902,0.249166660583
2903,1.75057287393
2904,1.48593746372
2905,0.646249984222
2906,0.44385415583
2907,0.44661457243
2908,0.451510405643
2909,0.429791656174
2910,0.428333322876
2911,0.427604156227
2912,1.14302080543
2913,0.408385406696
2914,0.416614573162
2915,0.407291656723
2916,0.405572906765
2917,0.392499990417
2918,1.08833330676
2919,0.388593740513
2920,0.386406240566
2921,0.39281249041
2922,0.382343740665
2923,0.371927074253
2924,0.364062491112
2925,0.374895824181
2926,0.36781249102
2927,1.11265622284
2928,0.349010408146
2929,0.354583324677
2930,0.359010407902
2931,0.353281241375
2932,0.954479143364
2933,0.353333324707
2934,0.350729158104
2935,0.356874991287
2936,0.363437491127
2937,0.346666658203
2938,0.353645824699
2939,0.354947908001
2940,0.354739574673
2941,0.346249991547
2942,0.344218741596
2943,2.91817701209
2944,1.20744788719
2945,0.334739575161
2946,0.333541658524
2947,0.335572908474
2948,0.350781241436
2949,0.333854158516
2950,0.343333324951
2951,0.339322908382
2952,0.333020825203
2953,0.32411457542
2954,0.323802075428
2955,0.321562492149
2956,0.321354158821
2957,0.320781242168
2958,0.319166658875
2959,0.321927075474
2960,0.316302075611
2961,0.313437492348
2962,0.319687492195
2963,0.318229158897
2964,0.308802075794
2965,0.312604159035
2966,0.245208327347
2967,0.253177077152
2968,0.245416660675
2969,0.244166660706
2970,0.245156244015
2971,0.24932291058
2972,0.887968728321
2973,0.244583327362
2974,0.245416660675
2975,0.244739577358
2976,0.244062494041
2977,0.246197910656
2978,0.244635410694
2979,0.244374994034
2980,0.245468744007
2981,0.243593744053
2982,0.2430208274
2983,0.243333327393
2984,0.24276041074
2985,0.240677077457
2986,0.244583327362
2987,0.24453124403
2988,0.24276041074
2989,0.245364577343
2990,0.242812494072
2991,0.811093730198
2992,0.245729160667
2993,0.246458327316
2994,0.242395827415
2995,0.248385410603
2996,0.254583327118
2997,0.244635410694
2998,0.245729160667
2999,0.245208327347
3000,0.243177077396
3001,0.244687494026
3002,0.245677077335
3003,0.241770827431
3004,0.245885410664
3005,0.245729160667
3006,1.47265621405
3007,0.346302074879
3008,0.250833327209
3009,0.243906244045
3010,0.247343743961
3011,0.245624994003
3012,0.24630207732
3013,0.25463541045
3014,0.248281243938
3015,0.247916660614
3016,0.245208327347
3017,0.247135410633
3018,0.242864577404
3019,0.246354160652
3020,0.243177077396
3021,0.247916660614
3022,0.247604160622
3023,0.252916660492
3024,0.245208327347
3025,0.250468743885
3026,0.24781249395
3027,0.255572910427
3028,0.249218743916
3029,0.24755207729
3030,0.24630207732
3031,0.245833327332
3032,0.243906244045
3033,0.242812494072
3034,0.245833327332
3035,0.248177077274
3036,0.244947910686
3037,0.247499993958
3038,0.24453124403
3039,0.244947910686
3040,0.247343743961
3041,0.248906243923
3042,0.247760410618
3043,0.254791660446
3044,0.250104160561
3045,0.246614577312
3046,0.25312499382
3047,0.248020827278
3048,0.421770823036
3049,0.419635406422
3050,0.431354156136
3051,0.42010415641
3052,0.424322906307
3053,0.408958323349
3054,0.419322906429
3055,0.412864573254
3056,0.414374989883
3057,0.442812489189
3058,0.43703123933
3059,0.431874989456
3060,0.448749989044
3061,0.446718739094
3062,1.31213538463
3063,0.25161457719
3064,0.247760410618
3065,0.249010410587
3066,0.24807291061
3067,0.245208327347
3068,0.243645827385
3069,0.250468743885
3070,0.245364577343
3071,0.244843744022
3072,0.242708327408
3073,0.245520827339
3074,0.243593744053
3075,0.239270827492
3076,0.245364577343
3077,0.239270827492
3078,0.25286457716
3079,1.5074999632
3080,0.194531245251
3081,0.194531245251
3082,0.194374995255
3083,0.193437495277
3084,0.192916661957
3085,0.193697911938
3086,0.192343745304
3087,0.191354161995
3088,0.192916661957
3089,0.193958328598
3090,0.192343745304
3091,0.19401041193
3092,0.1924999953
3093,0.190052078693
3094,0.198020828499
3095,0.192812495293
3096,0.196770828529
3097,0.194322911922
3098,0.201562495079
3099,0.192916661957
3100,0.197135411854
3101,0.193802078602
3102,0.201458328415
3103,0.194895828575
3104,0.19374999527
3105,0.189531245373
3106,0.192864578625
3107,0.192760411961
3108,0.193854161934
3109,0.195364578564
3110,0.1924999953
3111,0.19020832869
3112,0.192760411961
3113,0.441614572552
3114,0.428802072865
3115,0.439270822609
3116,0.439687489265
3117,0.437239572659
3118,1.31781246783
3119,0.440208322586
3120,0.43677082267
3121,1.13968747218
3122,0.449687489021
3123,0.436249989349
3124,0.459479155449
3125,0.450833322327
3126,0.438593739292
3127,0.448177072392
3128,0.447864572399
3129,0.443281239178
3130,0.502760404392
3131,0.46734373859
3132,0.468645821892
3133,0.458958322128
3134,0.447656239071
3135,0.434895822716
3136,1.09656247323
3137,0.401979156853
3138,0.398854156929
3139,0.399479156914
3140,0.406354156746
3141,0.389947907146
3142,0.400677073551
3143,0.373541657547
3144,0.388593740513
3145,0.385572907253
3146,0.38447915728
3147,0.371874990921
3148,0.384687490608
3149,0.360885407856
3150,0.365885407734
3151,1.09416663995
3152,0.392968740406
3153,0.378437490761
3154,0.389427073826
3155,0.385052073933
3156,0.376562490807
3157,0.394531240368
3158,0.38624999057
3159,0.387291657211
3160,0.388385407185
3161,0.391354157112
3162,0.388802073841
3163,0.381406240688
3164,0.383645823967
3165,0.178697912304
3166,0.180989578915
3167,0.181927078892
3168,0.179635412281
3169,0.632708317886
3170,0.181927078892
3171,0.181614578899
3172,0.181614578899
3173,0.191874995316
3174,0.181770828896
3175,0.180677078922
3176,0.184062495506
3177,0.391145823784
3178,0.390416657135
3179,0.398333323608
3180,0.401197906872
3181,0.386406240566
3182,0.191354161995
3183,0.189947912029
3184,0.191927078648
3185,0.192968745289
3186,0.192187495308
3187,0.192291661972
3188,0.1924999953
3189,0.188854162056
3190,0.193489578609
3191,0.196093745213
3192,0.191197911999
3193,0.193333328613
3194,0.193281245281
3195,0.191041662003
3196,0.193802078602
3197,0.195677078556
3198,0.192187495308
3199,0.194427078587
3200,0.193489578609
3201,0.191354161995
3202,0.191874995316
3203,0.680572900051
3204,0.1924999953
3205,0.193697911938
3206,0.399739573574
3207,0.424010406315
3208,0.427604156227
3209,0.423854156319
3210,0.444062489159
3211,0.432864572765
3212,0.423854156319
3213,0.42692707291
3214,0.421041656387
3215,0.41682290649
3216,0.430364572826
3217,0.445989572445
3218,0.435885406025
3219,0.426458322922
3220,1.17552080463
3221,0.435052072712
3222,0.437708322647
3223,0.429843739506
3224,0.428906239529
3225,0.428645822868
3226,0.433124989426
3227,0.427812489555
3228,0.418749989777
3229,0.425416656281
3230,0.418645823112
3231,0.426822906246
3232,0.402083323517
3233,1.18786455433
3234,0.407031240063
3235,0.413124989914
3236,0.388854157173
3237,0.384270823952
3238,0.38927082383
3239,0.385156240597
3240,0.383541657303
3241,0.370104157631
3242,0.393177073734
3243,0.423489572994
3244,0.39333332373
3245,0.384166657288
3246,0.384895823936
3247,0.401197906872
3248,0.38145832402
3249,0.383177073978
3250,1.25427080271
3251,0.386874990555
3252,0.385624990585
3253,0.400677073551
3254,0.394791657028
3255,0.386770823891
3256,0.388437490517
3257,0.393385407063
3258,0.39130207378
3259,0.398333323608
3260,0.395156240353
3261,0.388958323837
3262,0.387135407215
3263,0.398489573605
3264,0.399791656906
3265,0.405989573421
3266,0.246249993988
3267,0.254843743778
3268,0.248385410603
3269,0.247760410618
3270,0.245416660675
3271,0.244322910702
3272,0.253802077137
3273,0.245208327347
3274,0.247291660629
3275,0.247135410633
3276,0.247135410633
3277,0.245989577328
3278,0.246406243984
3279,0.245052077351
3280,0.248645827263
3281,0.246249993988
3282,0.247031243969
3283,0.247499993958
3284,0.247135410633
3285,0.24453124403
3286,0.247291660629
3287,0.250208327225
3288,0.247604160622
3289,0.249427077244
3290,0.877135395252
3291,0.249270827248
3292,0.250208327225
3293,0.251927077183
3294,0.248593743931
3295,0.248229160606
3296,0.253489577145
3297,0.249791660568
3298,0.248385410603
3299,0.324687492073
3300,0.458906238796
3301,0.432968739429
3302,0.43703123933
3303,0.437916655975
3304,0.431093739475
3305,0.439635405933
3306,0.416458323166
3307,0.41151040662
3308,0.408177073368
3309,0.408645823357
3310,0.41151040662
3311,0.394531240368
3312,0.405833323425
3313,0.397135406971
3314,0.414843739872
3315,0.412916656586
3316,0.385156240597
3317,0.389114573833
3318,0.379322907406
3319,0.380624990707
3320,0.389739573818
3321,0.391927073765
3322,0.379583324066
3323,0.386770823891
3324,0.373854157539
3325,0.372135407581
3326,0.369895824303
3327,0.378645824089
3328,1.20140622067
3329,0.369635407642
3330,0.37109374094
3331,1.13088538906
3332,0.370208324295
3333,0.369999990967
3334,0.370572907619
3335,0.370520824287
3336,0.371770824257
3337,0.377135407459
3338,0.37614582415
3339,0.384322907284
3340,0.376302074146
3341,0.374322907528
3342,0.372708324234
3343,0.377083324127
3344,0.379635407398
3345,0.384322907284
3346,0.384791657272
3347,0.390052073811
3348,1.28546871862
3349,0.39760415696
3350,0.400156240231
3351,0.393489573727
3352,0.390520823799
3353,0.399427073582
3354,0.38927082383
3355,0.403229156822
3356,0.402187490181
3357,0.71489581588
3358,7.68505189571
3359,1.49723954678
3360,1.2890103852
3361,0.182499995544
3362,0.179895828941
3363,0.184062495506
3364,0.184218745502
3365,0.179583328949
3366,0.181145828911
3367,0.18062499559
3368,0.18036457893
3369,0.17911457896
3370,0.186562495445
3371,0.181979162224
3372,0.180989578915
3373,0.184583328827
3374,0.180520828926
3375,0.180572912258
3376,0.184791662155
3377,0.181197912243
3378,0.179374995621
3379,0.182864578869
3380,0.179374995621
3381,0.182812495537
3382,0.183802078846
3383,0.188020828743
3384,0.227291661118
3385,0.231562494347
3386,0.230156244381
3387,0.230052077717
3388,0.183072912197
3389,0.183177078861
3390,0.181770828896
3391,0.181770828896
3392,0.180885412251
3393,0.18036457893
3394,0.182656245541
3395,0.182916662201
3396,0.179843745609
3397,0.189270828712
3398,0.169635412525
3399,0.183958328842
3400,0.180937495583
3401,0.182552078876
3402,0.180572912258
3403,0.183072912197
3404,0.178489578976
3405,0.560208319656
3406,0.185052078815
3407,1.48932288031
3408,1.48260413047
3409,1.46473954757
3410,0.773593731113
3411,0.245989577328
3412,0.246093743992
3413,0.24807291061
3414,0.243958327377
3415,0.245677077335
3416,0.242864577404
3417,0.244010410709
3418,0.244218744038
3419,0.246770827309
3420,0.243854160713
3421,0.244843744022
3422,0.245260410679
3423,0.242239577419
3424,0.244739577358
3425,0.246354160652
3426,0.24453124403
3427,0.246979160637
3428,0.243229160728
3429,0.244479160698
3430,0.253958327133
3431,0.247499993958
3432,0.247395827293
3433,0.245052077351
3434,0.245364577343
3435,0.255468743763
3436,0.24958332724
3437,0.246927077305
3438,0.246406243984
3439,0.245468744007
3440,0.243072910732
3441,0.242864577404
3442,0.245364577343
3443,0.246197910656
3444,0.248333327271
3445,0.248124993942
3446,0.288541659622
3447,0.413333323242
3448,0.416249989838
3449,0.409166656677
3450,0.407916656708
3451,0.418749989777
3452,0.425208322952
3453,0.414062489891
3454,0.422447906353
3455,0.30692707584
3456,0.246249993988
3457,0.243906244045
3458,0.200104161781
3459,0.196718745197
3460,0.422083323029
3461,0.425677072941
3462,0.421666656372
3463,0.421093739719
3464,0.422239573025
3465,0.416979156487
3466,0.425104156288
3467,0.413854156563
3468,0.238385410847
3469,0.24276041074
3470,0.239062494164
3471,0.739895815269
3472,0.239687494148
3473,0.240208327469
3474,0.238697910839
3475,0.239322910824
3476,0.233020827644
3477,0.232708327652
3478,0.243697910717
3479,0.23442707761
3480,0.233697910961
3481,0.238541660843
3482,0.236406244228
3483,0.233802077625
3484,0.23062499437
3485,0.232031244335
3486,0.230208327713
3487,0.231666661011
3488,0.229583327728
3489,0.230260411045
3490,0.232135410999
3491,0.229583327728
3492,0.229739577724
3493,0.225677077824
3494,0.222239577908
3495,0.220052077961
3496,0.379270824074
3497,0.37588540749
3498,0.385937490578
3499,0.375104157509
3500,0.38598957391
3501,1.04890622439
3502,0.365520824409
3503,1.44312496477
3504,1.42572913186
3505,1.44442704807
3506,4.51723947305
3507,0.373854157539
3508,0.381718740681
3509,0.38749999054
3510,0.384010407291
3511,0.381666657349
3512,0.377552074116
3513,0.381093740696
3514,0.383437490639
3515,0.384427073948
3516,0.383749990631
3517,0.39255207375
3518,1.02739580825
3519,0.395520823677
3520,0.391406240444
3521,0.389427073826
3522,0.385833323914
3523,0.382343740665
3524,0.371666657593
3525,0.380468740711
3526,0.389374990494
3527,0.373333324219
3528,0.365156241085
3529,0.358020824593
3530,0.362604157814
3531,0.361458324509
3532,0.957395809959
3533,0.364999991089
3534,0.365156241085
3535,0.345520824898
3536,0.357916657928
3537,0.359270824562
3538,0.347031241528
3539,0.339687491707
3540,0.180468745594
3541,0.182291662216
3542,0.179531245617
3543,0.179322912289
3544,0.180989578915
3545,0.180208328934
3546,0.180729162254
3547,0.180677078922
3548,0.179218745625
3549,0.177916662323
3550,0.181927078892
3551,0.179739578945
3552,0.181145828911
3553,0.179843745609
3554,0.179010412296
3555,0.178489578976
3556,0.181197912243
3557,0.180677078922
3558,0.181406245571
3559,0.184218745502
3560,0.546093736668
3561,0.180937495583
3562,0.180572912258
3563,0.180989578915
3564,0.180989578915
3565,0.181979162224
3566,0.180052078938
3567,0.179218745625
3568,0.185520828804
3569,0.181718745564
3570,0.181093745579
3571,0.181406245571
3572,0.180260412266
3573,0.181458328903
3574,0.184374995499
3575,0.180312495598
3576,0.18062499559
3577,0.379218740742
3578,0.377187490791
3579,0.374166657532
3580,0.375312490837
3581,0.377552074116
3582,0.380677074039
3583,0.373958324203
3584,0.377447907452
3585,1.22015622021
3586,0.39130207378
3587,0.39307290707
3588,0.38145832402
3589,0.389999990479
3590,0.387864573864
3591,0.389687490486
3592,0.384895823936
3593,0.38749999054
3594,0.393854157051
3595,0.41807290646
3596,0.396979156975
3597,0.395468740345
3598,0.400364573559
3599,0.397083323639
3600,0.39432290704
3601,0.412343739933
3602,1.0703645572
3603,0.382031240673
3604,0.380312490715
3605,0.38624999057
3606,0.299895826012
3607,0.231927077671
3608,0.230156244381
3609,0.226614577801
3610,0.229791661057
3611,0.230104161049
3612,0.230989577694
3613,0.231562494347
3614,0.231614577679
3615,0.229531244396
3616,0.231354161018
3617,0.227552077778
3618,0.232135410999
3619,0.233802077625
3620,0.228802077747
3621,0.226874994461
3622,0.228593744419
3623,0.243281244061
3624,0.2430208274
3625,0.863385395588
3626,0.243489577389
3627,0.245104160683
3628,0.245156244015
3629,0.243489577389
3630,0.889010394962
3631,0.246197910656
3632,0.245052077351
3633,0.244322910702
3634,0.243229160728
3635,0.243645827385
3636,0.243229160728
3637,0.245677077335
3638,0.243854160713
3639,0.242708327408
3640,0.244583327362
3641,0.245156244015
3642,0.24249999408
3643,0.378645824089
3644,0.376666657471
3645,0.386093740574
3646,0.394010407047
3647,0.394114573711
3648,0.407031240063
3649,0.400833323547
3650,0.388802073841
3651,1.12203122261
3652,1.24760413621
3653,1.49218746357
3654,0.887135395008
3655,0.401458323532
3656,0.402447906841
3657,1.1140624728
3658,0.370104157631
3659,0.372812490898
3660,0.375416657501
3661,0.984010392643
3662,0.377760407444
3663,0.376093740818
3664,0.374010407536
3665,0.354114574688
3666,0.347499991516
3667,0.362395824486
3668,0.358645824577
3669,0.354322908016
3670,0.3508854081
3671,0.35239582473
3672,0.353437491371
3673,0.358333324585
3674,0.346302074879
3675,0.337968741749
3676,0.339427075047
3677,0.340052075031
3678,0.356666657959
3679,0.361874991165
3680,0.359062491234
3681,0.363697907787
3682,0.364947907757
3683,0.352864574718
3684,0.354062491356
3685,0.349895824791
3686,0.345260408237
3687,0.342708324966
3688,0.349635408131
3689,0.354531241344
3690,0.346041658218
3691,0.346041658218
3692,0.348906241482
3693,0.346197908215
3694,0.354322908016
3695,0.346197908215
3696,0.342656241634
3697,0.343333324951
3698,0.341562491661
3699,1.29932288494
3700,0.346510408207
3701,1.10296872307
3702,1.12067705597
3703,2.79906243166
3704,1.12749997247
3705,1.10838538961
3706,0.314479158989
3707,0.310624992416
3708,0.311614575726
3709,0.312135409046
3710,0.966666643066
3711,0.305364575878
3712,0.309322909115
3713,0.308489575802
3714,0.307812492485
3715,0.308072909145
3716,0.870885395405
3717,0.30338540926
3718,0.304218742573
3719,0.306249992523
3720,0.304427075901
3721,0.305572909206
3722,0.302343742619
3723,0.302395825951
3724,0.308749992462
3725,1.0677603906
3726,4.97333321191
3727,1.18197913781
3728,1.19020830428
3729,0.323697908764
3730,0.339479158379
3731,0.343281241619
3732,0.325208325394
3733,0.318333325562
3734,0.310364575756
3735,0.304947909222
3736,0.322291658798
3737,0.312031242382
3738,1.02005205843
3739,0.988385392536
3740,1.02979164153
3741,1.14015622216
3742,0.724062482323
3743,0.194635411915
3744,0.197447911846
3745,0.193281245281
3746,0.196302078541
3747,0.192812495293
3748,0.19223957864
3749,0.193072911953
3750,0.606927068516
3751,0.601562485313
3752,0.192656245296
3753,0.190885412006
3754,0.193177078617
3755,0.192083328644
3756,0.192812495293
3757,0.193593745274
3758,0.191562495323
3759,0.192187495308
3760,0.193593745274
3761,0.512604154152
3762,0.197656245174
3763,0.193802078602
3764,0.19046874535
3765,0.191770828651
3766,0.192812495293
3767,0.19401041193
3768,0.195416661896
3769,0.193541661942
3770,0.193281245281
3771,0.191145828667
3772,0.200416661774
3773,0.19703124519
3774,0.19401041193
3775,0.192708328629
3776,0.193072911953
3777,0.192083328644
3778,0.1952604119
3779,0.192187495308
3780,0.192083328644
3781,0.19197916198
3782,0.623593734776
3783,3.87994782194
3784,1.50249996332
3785,0.399270823586
3786,0.396770823647
3787,0.997916642303
3788,0.380260407383
3789,0.373541657547
3790,0.380104157387
3791,0.379114574078
3792,0.374687490852
3793,0.389739573818
3794,0.380781240704
3795,0.385572907253
3796,0.389322907162
3797,0.386770823891
3798,0.380312490715
3799,0.400781240215
3800,0.395624990341
3801,0.393177073734
3802,0.393229157066
3803,1.83520828853
3804,0.401302073536
3805,0.392499990417
3806,0.397135406971
3807,0.400052073566
3808,0.412864573254
3809,0.411927073277
3810,0.407135406727
3811,0.40114582354
3812,0.40468749012
3813,0.401197906872
3814,0.409947906658
3815,0.422708323013
3816,0.423281239666
3817,1.13984372217
3818,0.424062489647
3819,0.401458323532
3820,0.388749990509
3821,0.386718740559
3822,0.380729157372
3823,0.403854156807
3824,0.397656240292
3825,0.395468740345
3826,0.401197906872
3827,0.38749999054
3828,0.393437490395
3829,0.4014062402
3830,0.39989582357
3831,0.39786457362
3832,0.400208323563
3833,1.8460416216
3834,0.424583322968
3835,0.410416656647
3836,0.407135406727
3837,0.420208323074
3838,1.09791663986
3839,0.410520823311
3840,0.411302073292
3841,0.406614573406
3842,0.421458323044
3843,0.419114573101
3844,0.41354165657
3845,0.44057290591
3846,0.864322895565
3847,1.49937496339
3848,0.428749989532
3849,0.421093739719
3850,0.408124990036
3851,0.403229156822
3852,0.394114573711
3853,0.395833323669
3854,0.398854156929
3855,0.393385407063
3856,0.380104157387
3857,0.381927074009
3858,0.384583323944
3859,0.368333324341
3860,0.353541658035
3861,0.927656227352
3862,0.364999991089
3863,0.372552074238
3864,0.365468741077
3865,0.368229157677
3866,0.35265624139
3867,0.358124991257
3868,0.352916658051
3869,0.354114574688
3870,0.356874991287
3871,0.361406241177
3872,6.37817692762
3873,0.248385410603
3874,0.243906244045
3875,0.250156243893
3876,0.242656244076
3877,0.245937493996
3878,0.24249999408
3879,0.241145827446
3880,0.24249999408
3881,0.244739577358
3882,0.814374980118
3883,0.247447910625
3884,0.245781243999
3885,0.244583327362
3886,0.245364577343
3887,0.244479160698
3888,0.243854160713
3889,0.260156243649
3890,0.383749990631
3891,0.376614574139
3892,0.395104157021
3893,0.395677073673
3894,0.391510407108
3895,0.401874990189
3896,0.393229157066
3897,0.391406240444
3898,1.04380205785
3899,0.404583323456
3900,0.400624990219
3901,0.391145823784
3902,0.403281240154
3903,1.07749997369
3904,0.399947906902
3905,0.411197906628
3906,0.413489573238
3907,0.404010406803
3908,0.423802072987
3909,0.428958322861
3910,0.428593739536
3911,0.428802072865
3912,0.397083323639
3913,1.14333330542
3914,0.420052073078
3915,0.4014062402
3916,0.395833323669
3917,0.393906240383
3918,0.381562490685
3919,1.09010414005
3920,0.360208324539
3921,0.357291657944
3922,0.367083324371
3923,0.366510407719
3924,0.36276040781
3925,0.364895824425
3926,0.361822907833
3927,0.365104157753
3928,0.360052074543
3929,0.90031247802
3930,0.351770824745
3931,0.347291658188
3932,0.34911457481
3933,0.345677074894
3934,0.344999991577
3935,3.48531241491
3936,1.36072913345
3937,1.21348955371
3938,1.12046872264
3939,0.362343741154
3940,0.360104157875
3941,0.349479158134
3942,0.358072907925
3943,0.362031241161
3944,0.358489574581
3945,0.34937499147
3946,0.346406241543
3947,0.34609374155
3948,0.350416658112
3949,0.345052074909
3950,0.34937499147
3951,0.350833324768
3952,0.349010408146
3953,0.344635408253
3954,0.345416658234
3955,1.12572913918
3956,0.340729158348
3957,0.338958325058
3958,0.339947908367
3959,0.341614574993
3960,0.334427075169
3961,0.337708325089
3962,0.341562491661
3963,0.244010410709
3964,0.243854160713
3965,0.244427077366
3966,0.242968744068
3967,0.24453124403
3968,0.241979160759
3969,0.245989577328
3970,0.243593744053
3971,0.245208327347
3972,0.243072910732
3973,0.245468744007
3974,0.925885394062
3975,0.242447910748
3976,0.245260410679
3977,0.246718743977
3978,0.242916660736
3979,0.244114577374
3980,0.241770827431
3981,0.240833327454
3982,0.740520815254
3983,0.244479160698
3984,0.244114577374
3985,0.254583327118
3986,0.364687491096
3987,0.379791657394
3988,0.38270832399
3989,0.206562494957
3990,0.198958328476
3991,0.190885412006
3992,0.189062495384
3993,0.189999995361
3994,0.179895828941
3995,0.179739578945
3996,0.178645828972
3997,1.68187495894
3998,0.368749990997
3999,0.360624991196
4000,0.364218741108
4001,0.365937491066
4002,0.366249991058
4003,0.350468741444
4004,0.88239581179
4005,0.338697908398
4006,0.334322908504
4007,0.334374991837
4008,0.326354158699
4009,0.333749991852
4010,0.33192707523
4011,0.342083324982
4012,0.341822908321
4013,0.341874991653
4014,0.337968741749
4015,0.33421874184
4016,1.00645830876
4017,0.325833325378
4018,0.326666658691
4019,0.328124991989
4020,0.323802075428
4021,0.324374992081
4022,0.323749992096
4023,0.320624992172
4024,0.328072908657
4025,0.323281242107
4026,0.315416658966
4027,0.314583325653
4028,0.316614575603
4029,0.311458325729
4030,0.316666658936
4031,0.312916659027
4032,0.309791659103
4033,0.309531242443
4034,1.73234370771
4035,0.312552075703
4036,0.31729165892
4037,0.330208325272
4038,0.350156241451
4039,0.347968741505
4040,0.34708332486
4041,0.361041657852
4042,0.356822907955
4043,0.358645824577
4044,0.352812491386
4045,0.355572907986
4046,0.35718749128
4047,0.363281241131
4048,0.363749991119
4049,0.365052074421
4050,0.960624976547
4051,0.358229157921
4052,0.351718741413
4053,0.343124991623
4054,0.346874991531
4055,0.834739562954
4056,0.343541658279
4057,0.355208324661
4058,0.356822907955
4059,0.360677074528
4060,0.357656241268
4061,0.36781249102
4062,0.367239574368
4063,0.366093741062
4064,0.364479157768
4065,0.368124991013
4066,0.371041657608
4067,0.379999990723
4068,0.37234374091
4069,0.371406240932
4070,0.379062490746
4071,0.372187490913
4072,0.373593740879
4073,0.367604157692
4074,0.374999990845
4075,0.365208324417
4076,0.375052074177
4077,0.364895824425
4078,0.372447907574
4079,0.364374991104
4080,2.30598952703
4081,0.35895832457
4082,0.353645824699
4083,0.350052074787
4084,0.352291658066
4085,0.359427074558
4086,0.358489574581
4087,0.343385408283
4088,0.341302075001
4089,0.343177074955
4090,0.342395824974
4091,0.345052074909
4092,0.349010408146
4093,0.344114574932
4094,0.362031241161
4095,1.07932289032
4096,0.359895824547
4097,0.35619790797
4098,0.360781241192
4099,0.360572907864
4100,1.02817705823
4101,0.361041657852
4102,0.364739574429
4103,0.363854157784
4104,1.25312496941
4105,1.29239580178
4106,0.78208331424
4107,0.24427082737
4108,0.245468744007
4109,0.246510410648
4110,0.242708327408
4111,0.243593744053
4112,0.241302077442
4113,0.243854160713
4114,1.46203121431
4115,2.34380202611
4116,0.377083324127
4117,0.383124990646
4118,0.37968749073
4119,0.39432290704
4120,0.380364574047
4121,0.231093744358
4122,0.191718745319
4123,0.192447911968
4124,0.19374999527
4125,0.192447911968
4126,0.191666661987
4127,0.19552082856
4128,0.193124995285
4129,0.192291661972
4130,0.191458328659
4131,0.200260411777
4132,0.194583328583
4133,0.193645828606
4134,0.193333328613
4135,1.04203122456
4136,0.200729161766
4137,0.193697911938
4138,0.194479161919
4139,0.394687490364
4140,0.392031240429
4141,1.07963539031
4142,0.397968740284
4143,0.406614573406
4144,0.396302073658
4145,0.398072906948
4146,0.392604157082
4147,0.398697906933
4148,0.422916656342
4149,0.405364573437
4150,0.424374989639
4151,0.418854156441
4152,0.417552073139
4153,0.403333323486
4154,0.406874990067
4155,0.410729156639
4156,0.989218725849
4157,0.381822907345
4158,0.381302074024
4159,0.390260407139
4160,0.387239573879
4161,0.391979157097
4162,0.386197907238
4163,0.379583324066
4164,0.390937490456
4165,0.379947907391
4166,2.46770827309
4167,0.368281241009
4168,0.375156240841
4169,0.369739574306
4170,0.370624990952
4171,0.364999991089
4172,0.363854157784
4173,0.831458313034
4174,1.43291663168
4175,2.99807284347
4176,0.36072915786
4177,0.362291657822
4178,0.357239574612
4179,0.354583324677
4180,0.348437491493
4181,0.354791658005
4182,0.353020824715
4183,0.345781241558
4184,0.348072908169
4185,0.345729158226
4186,0.34937499147
4187,0.359114574566
4188,0.360781241192
4189,0.341197908337
4190,0.338177075077
4191,1.05057289102
4192,0.33901040839
4193,0.338072908413
4194,0.34078124168
4195,0.343645824944
4196,0.339583325043
4197,0.336302075123
4198,1.24083330304
4199,1.25312496941
4200,3.81463532354
4201,0.358854157906
4202,0.342447908306
4203,0.347968741505
4204,0.349166658142
4205,0.349999991455
4206,0.348333324829
4207,0.194635411915
4208,0.193802078602
4209,0.191614578655
4210,0.194635411915
4211,0.194791661911
4212,0.194479161919
4213,0.196458328537
4214,0.195833328552
4215,0.191093745335
4216,0.199791661789
4217,0.192291661972
4218,0.192864578625
4219,0.202968745045
4220,0.194843745243
4221,0.191041662003
4222,0.193802078602
4223,0.194479161919
4224,0.192395828636
4225,0.193281245281
4226,0.194218745258
4227,0.191666661987
4228,0.193281245281
4229,0.19401041193
4230,0.192395828636
4231,0.192812495293
4232,0.191041662003
4233,0.191562495323
4234,0.193541661942
4235,0.195885411884
4236,0.191614578655
4237,0.194791661911
4238,0.192604161964
4239,0.192083328644
4240,0.194531245251
4241,0.195052078571
4242,0.191354161995
4243,0.194531245251
4244,0.196614578533
4245,0.193958328598
4246,0.193124995285
4247,0.202968745045
4248,0.192343745304
4249,4.28255197878
4250,0.372135407581
4251,0.371249990936
4252,0.397239573635
4253,0.375781240826
4254,0.378802074085
4255,0.373906240871
4256,0.370624990952
4257,0.360937491188
4258,0.356614574627
4259,0.356458324631
4260,6.99901024579
4261,1.07703122371
4262,0.225937494484
4263,0.225364577831
4264,0.221458327927
4265,0.222135411243
4266,0.222656244564
4267,0.22406249453
4268,0.22078124461
4269,0.225468744495
4270,0.224218744526
4271,0.223802077869
4272,0.227812494438
4273,0.224531244518
4274,0.709895816002
4275,0.220468744617
4276,0.222968744556
4277,0.219791661301
4278,0.217343744694
4279,0.220312494621
4280,0.219322911312
4281,0.220312494621
4282,0.219843744633
4283,0.219427077976
4284,0.219791661301
4285,0.219635411304
4286,0.221927077915
4287,0.213541661453
4288,0.214739578091
4289,0.214166661438
4290,0.213697911449
4291,0.21447916143
4292,0.214322911434
4293,0.215364578075
4294,0.214583328094
4295,0.785156230831
4296,0.215052078083
4297,0.216145828056
4298,0.212760411472
4299,2.40598952459
4300,1.15624997177
4301,1.22630205339
4302,1.21312497038
4303,0.24427082737
4304,0.242291660751
4305,0.247291660629
4306,0.24630207732
4307,0.244687494026
4308,0.250833327209
4309,0.744218731831
4310,0.244947910686
4311,0.2430208274
4312,0.243697910717
4313,0.243124994064
4314,0.241666660767
4315,0.244114577374
4316,0.240416660797
4317,0.240677077457
4318,0.243229160728
4319,0.243749994049
4320,0.243802077381
4321,0.245156244015
4322,0.242135410755
4323,0.241145827446
4324,0.244479160698
4325,0.243333327393
4326,0.243593744053
4327,0.244687494026
4328,0.879010395206
4329,0.245104160683
4330,0.245624994003
4331,0.244322910702
4332,0.248749993927
4333,0.252239577175
4334,0.245781243999
4335,0.245677077335
4336,0.245885410664
4337,0.245468744007
4338,0.243802077381
4339,0.245624994003
4340,0.244947910686
4341,0.244427077366
4342,0.245677077335
4343,0.246927077305
4344,0.245677077335
4345,0.421770823036
4346,1.49348954687
4347,0.390312490471
4348,0.383958323959
4349,0.381562490685
4350,0.383020823982
4351,0.379062490746
4352,0.379635407398
4353,0.377447907452
4354,0.367708324356
4355,0.369218740986
4356,0.359583324554
4357,0.377239574123
4358,0.362864574474
4359,0.372187490913
4360,0.927968727345
4361,0.352864574718
4362,0.35895832457
4363,0.348489574825
4364,0.351874991409
4365,0.349218741474
4366,0.353697908031
4367,0.351822908077
4368,0.360781241192
4369,0.359999991211
4370,0.356718741291
4371,0.356718741291
4372,0.361979157829
4373,1.21895830357
4374,0.367395824364
4375,0.367708324356
4376,0.976562476158
4377,0.367968741016
4378,0.371197907604
4379,0.361979157829
4380,0.363854157784
4381,0.357760407932
4382,0.350156241451
4383,0.345156241573
4384,0.348385408161
4385,0.346197908215
4386,0.343385408283
4387,0.346302074879
4388,0.348281241497
4389,0.345104158241
4390,0.354062491356
4391,0.353385408039
4392,0.348229158165
4393,0.348593741489
4394,1.06979164055
4395,0.345937491554
4396,0.357083324615
4397,0.358593741245
4398,0.352968741383
4399,0.35895832457
4400,0.358489574581
4401,0.359427074558
4402,0.358385407917
4403,0.358229157921
4404,0.357812491264
4405,0.358177074589
4406,0.358020824593
4407,1.21817705359
4408,1.85463537139
4409,1.42203121528
4410,1.41630204876
4411,0.370885407612
4412,0.370885407612
4413,0.372552074238
4414,0.368802074329
4415,1.07906247366
4416,0.372239574245
4417,0.369791657639
4418,0.367499991028
4419,0.36755207436
4420,0.372447907574
4421,0.36906249099
4422,0.373489574215
4423,0.371406240932
4424,0.371197907604
4425,0.384531240612
4426,0.378385407429
4427,0.386197907238
4428,0.394531240368
4429,0.391718740437
4430,0.386197907238
4431,1.18833330432
4432,0.390052073811
4433,0.397239573635
4434,0.394895823692
4435,0.390729157127
4436,0.391093740452
4437,0.38979165715
4438,0.391666657104
4439,0.393854157051
4440,0.180468745594
4441,0.182343745548
4442,0.178541662308
4443,0.177291662338
4444,0.179843745609
4445,0.181458328903
4446,0.181718745564
4447,0.186197912121
4448,0.187291662094
4449,0.179583328949
4450,0.181822912228
4451,0.180520828926
4452,0.182968745533
4453,0.185364578808
4454,0.181093745579
4455,0.590208318924
4456,0.182187495552
4457,0.3877604072
4458,0.392343740421
4459,0.389166657166
4460,0.398333323608
4461,0.392760407078
4462,0.40343749015
4463,0.409374990005
4464,0.413072906582
4465,0.413802073231
4466,0.409791656662
4467,6.34838526168
4468,0.397708323624
4469,0.393385407063
4470,0.415416656525
4471,0.421406239712
4472,1.49348954687
4473,0.411458323288
4474,0.415104156532
4475,0.409791656662
4476,0.415572906521
4477,1.13531247228
4478,0.41124998996
4479,0.411614573284
4480,1.18093747117
4481,0.406145823418
4482,0.409427073338
4483,1.29182288513
4484,0.401302073536
4485,0.411458323288
4486,0.41328123991
4487,0.383072907314
4488,0.38421874062
4489,0.384062490623
4490,0.38145832402
4491,0.389895823814
4492,0.387083323883
4493,0.380885407368
4494,0.390416657135
4495,0.38244790733
4496,0.384947907269
4497,0.376302074146
4498,0.354218741352
4499,0.953541643387
4500,1.48177079716
4501,15.2945829599
4502,1.50338537996
4503,1.4802082972
4504,0.385104157265
4505,0.378437490761
4506,0.387916657196
4507,0.38421874062
4508,0.376302074146
4509,0.373854157539
4510,0.378072907436
4511,0.374010407536
4512,1.08499997351
4513,0.361927074497
4514,0.36249999115
4515,0.363229157799
4516,0.976145809502
4517,0.351093741428
4518,0.35541665799
4519,0.350937491432
4520,0.35593749131
4521,0.345781241558
4522,0.95968747657
4523,6.38296859417
4524,1.32098955108
4525,1.26385413581
4526,0.364895824425
4527,0.36072915786
4528,0.367760407688
4529,0.364635407764
4530,1.35895830016
4531,1.34812496709
4532,1.4089062156
4533,1.41072913223
4534,3.64130199443
4535,1.36661454997
4536,1.37776038303
4537,1.38406246621
4538,1.42182288195
4539,1.40942704892
4540,0.38624999057
4541,0.384531240612
4542,0.378802074085
4543,0.393437490395
4544,0.380156240719
4545,0.379947907391
4546,0.392291657089
4547,0.715624982529
4548,7.47786440077
4549,0.384635407276
4550,0.404062490135
4551,0.378385407429
4552,0.385156240597
4553,0.38244790733
4554,0.383124990646
4555,1.12666663916
4556,0.40343749015
4557,0.388177073856
4558,0.392187490425
4559,0.397708323624
4560,0.390677073795
4561,0.400781240215
4562,0.392395823753
4563,0.392968740406
4564,0.390468740467
4565,0.391874990433
4566,0.402343740177
4567,0.394427073704
4568,0.40291665683
4569,0.41958332309
4570,0.410312489983
4571,8.150937301
4572,1.79442703952
4573,0.407552073383
4574,0.401979156853
4575,0.409791656662
4576,0.401354156868
4577,0.405104156776
4578,0.408437490028
4579,0.39104165712
4580,0.400572906887
4581,0.404166656799
4582,0.413385406574
4583,0.420833323059
4584,0.416927073154
4585,1.10536455635
4586,0.411093739964
4587,0.405468740101
4588,1.49520829683
4589,1.49911454673
4590,0.412916656586
4591,0.420937489723
4592,1.28364580199
4593,0.412499989929
4594,0.411822906612
4595,1.02067705841
4596,0.405989573421
4597,0.480312488274
4598,1.48630204705
4599,1.49432288018
4600,1.46057288101
4601,0.39333332373
4602,0.407604156715
4603,0.410156239986
4604,0.400104156898
4605,0.405885406757
4606,0.402447906841
4607,0.407239573391
4608,0.406770823402
4609,0.407656240047
4610,0.399218740253
4611,0.406041656754
4612,0.406249990082
4613,0.401770823524
4614,0.425520822945
4615,0.429843739506
4616,1.51333329639
4617,1.50109371335
4618,1.49963538005
4619,1.50317704663
4620,1.49416663019
4621,0.386406240566
4622,0.361302074512
4623,0.367083324371
4624,0.369166657654
4625,0.359843741215
4626,0.378958324081
4627,0.362864574474
4628,0.363802074451
4629,0.352708324722
4630,0.357031241283
4631,1.15276038852
4632,1.47343746403
4633,8.57229145738
4634,1.71864579137
4635,1.75385412385
4636,0.357604157936
4637,0.358645824577
4638,0.354687491341
4639,0.347552074848
4640,0.334895825157
4641,0.333281241863
4642,0.332604158546
4643,0.330885408588
4644,0.336093741795
4645,0.335833325134
4646,0.336458325119
4647,0.335572908474
4648,0.334114575176
4649,0.33598957513
4650,0.330260408604
4651,0.331614575237
4652,0.323906242092
4653,0.331354158577
4654,0.329270825294
4655,0.327656242001
4656,0.33015624194
4657,0.329010408634
4658,0.331510408573
4659,0.335312491814
4660,0.326979158684
4661,0.317760408909
4662,0.319843742191
4663,0.318385408894
4664,0.32687499202
4665,0.314427075657
4666,0.321041658829
4667,0.318385408894
4668,0.319322908871
4669,0.317499992249
4670,0.321302075489
4671,0.3304166586
4672,0.319947908855
4673,0.316927075596
4674,0.318645825554
4675,0.308489575802
4676,0.321510408817
4677,0.308072909145
4678,0.570833319397
4679,0.953697893383
4680,1.00312497551
4681,1.0581770575
4682,0.348333324829
4683,0.350937491432
4684,0.353958324692
4685,0.363020824471
4686,0.352708324722
4687,0.362708324478
4688,0.362395824486
4689,0.367239574368
4690,0.356614574627
4691,0.354583324677
4692,0.362916657806
4693,0.365156241085
4694,0.364999991089
4695,0.362031241161
4696,0.36098957452
4697,0.363124991135
4698,0.369010407658
4699,0.372499990906
4700,0.369843740971
4701,0.364791657761
4702,0.372291657578
4703,0.369010407658
4704,0.367604157692
4705,0.369374990982
4706,1.03531247472
4707,0.751874981644
4708,1.76989579012
4709,1.77479162334
4710,0.385624990585
4711,0.382395823997
4712,0.392395823753
4713,0.382812490654
4714,0.39156249044
4715,0.386354157234
4716,0.393749990387
4717,0.384270823952
4718,0.409583323334
4719,0.402343740177
4720,0.402291656845
4721,0.398906240261
4722,0.393802073719
4723,0.392447907085
4724,0.409010406681
4725,0.396979156975
4726,0.395156240353
4727,0.396666656982
4728,0.407343740055
4729,0.382499990662
4730,0.38624999057
4731,0.380052074055
4732,0.396406240322
4733,0.374895824181
4734,0.383906240627
4735,1.03723955801
4736,0.358802074574
4737,0.353072908047
4738,0.343958324936
4739,0.86494789555
4740,0.353854158028
4741,0.353124991379
4742,0.343229158287
4743,0.338958325058
4744,0.341874991653
4745,0.345208324905
4746,0.334166658508
4747,0.345364574902
4748,0.340833325012
4749,0.327499992004
4750,0.332656241879
4751,0.325156242062
4752,0.329687491951
4753,0.329427075291
4754,0.33421874184
4755,0.347708324844
4756,0.335104158485
4757,0.332656241879
4758,0.329843741947
4759,0.948541643509
4760,0.328333325317
4761,0.326302075367
4762,0.348749991486
4763,0.348124991501
4764,0.342656241634
4765,0.343593741611
4766,0.340833325012
4767,0.340989575008
4768,0.339166658386
4769,0.341197908337
4770,0.334479158501
4771,0.332083325226
4772,0.330729158592
4773,0.33395832518
4774,1.14734372199
4775,0.338854158394
4776,0.335156241817
4777,0.333385408527
4778,0.340364575024
4779,0.334999991821
4780,0.333593741856
4781,0.323489575436
4782,0.326510408695
4783,0.323333325439
4784,0.323749992096
4785,0.321302075489
4786,0.324062492088
4787,0.324999992065
4788,0.319999992188
4789,0.323020825447
4790,0.321093742161
4791,0.321145825493
4792,0.331562491905
4793,0.327239575344
4794,0.351041658096
4795,0.348385408161
4796,1.12401038923
4797,0.349427074802
4798,0.351562491417
4799,0.349635408131
4800,0.34911457481
4801,0.346770824867
4802,0.354687491341
4803,0.354270824684
4804,0.356718741291
4805,0.355468741322
4806,0.354999991333
4807,0.278020826546
4808,0.215781244732
4809,0.209114578228
4810,0.217864578014
4811,0.214270828102
4812,0.216718744709
4813,0.215312494743
4814,0.214791661423
4815,0.214739578091
4816,0.217395828026
4817,0.215208328079
4818,0.215364578075
4819,0.21421874477
4820,0.215364578075
4821,0.214687494759
4822,0.210833328186
4823,0.212083328156
4824,0.212343744816
4825,0.212656244808
4826,0.210156244869
4827,0.212239578152
4828,0.217552078022
4829,0.213437494789
4830,0.21067707819
4831,0.213541661453
4832,0.199895828453
4833,0.216822911373
4834,0.198333328491
4835,0.215885411396
4836,0.213593744785
4837,0.213177078129
4838,0.214999994751
4839,0.212812494804
4840,0.218333328003
4841,0.199218745136
4842,0.215208328079
4843,0.21067707819
4844,0.198229161827
4845,0.217135411366
4846,0.21218749482
4847,0.207552078266
4848,0.214583328094
4849,0.210104161537
4850,0.213333328125
4851,0.212343744816
4852,0.209739578213
4853,0.209947911541
4854,0.210572911526
4855,0.208958328232
4856,0.196614578533
4857,0.212291661484
4858,0.220937494606
4859,0.211666661499
4860,0.211145828178
4861,0.209062494896
4862,0.218124994675
4863,0.208802078236
4864,0.212968744801
4865,0.209791661545
4866,0.216614578045
4867,0.21067707819
4868,0.20916666156
4869,0.214427078098
4870,0.21093749485
4871,0.925156227413
4872,0.869843728764
4873,0.514843737431
4874,0.307916659149
4875,0.304218742573
4876,0.30364582592
4877,0.302864575939
4878,0.312083325714
4879,0.3099479091
4880,0.311302075733
4881,0.305104159218
4882,0.306979159172
4883,0.310104159096
4884,0.303749992584
4885,0.316302075611
4886,0.3071874925
4887,0.303541659256
4888,0.300989575985
4889,0.300052076008
4890,0.29859374271
4891,0.301927075962
4892,0.299114576031
4893,0.296406242764
4894,0.30161457597
4895,0.30895832579
4896,0.294479159477
4897,0.296718742756
4898,0.297552076069
4899,0.301927075962
4900,0.853437479164
4901,0.875781228619
4902,0.677395816795
4903,0.305468742542
4904,0.302760409275
4905,0.304374992569
4906,0.303281242596
4907,0.297760409397
4908,0.298385409382
4909,0.297604159401
4910,0.298177076054
4911,0.965729143089
4912,0.302083325958
4913,0.300364576
4914,0.294687492805
4915,0.310781242413
4916,0.299635409351
4917,0.300260409336
4918,0.299322909359
4919,0.302552075947
4920,0.300468742664
4921,0.300937492653
4922,0.298229159386
4923,0.300729159325
4924,0.300260409336
4925,0.303333325928
4926,0.296041659439
4927,0.301354159309
4928,0.298749992706
4929,0.296041659439
4930,0.299895826012
4931,0.300520825996
4932,0.30895832579
4933,0.304583325897
4934,0.300156242672
4935,0.29380207616
4936,0.304270825905
4937,0.295885409443
4938,0.293229159508
4939,0.29151040955
4940,0.293437492836
4941,0.317760408909
4942,0.341406241665
4943,0.34078124168
4944,0.341822908321
4945,0.342812491631
4946,0.339218741718
4947,0.340156241695
4948,0.341458324997
4949,0.345364574902
4950,1.23635413648
4951,0.350781241436
4952,0.357343741276
4953,1.51734371296
4954,0.995364559032
4955,1.07953122364
4956,1.14901038861
4957,1.18385413776
4958,0.35442707468
4959,0.354322908016
4960,0.775729147728
4961,0.357760407932
4962,0.366979157707
4963,0.373802074207
4964,0.36249999115
4965,0.362291657822
4966,0.362031241161
4967,0.361354157845
4968,0.360312491203
4969,0.367343741032
4970,0.367656241024
4971,0.366354157722
4972,0.368020824348
4973,0.370624990952
4974,0.365624991074
4975,1.10218747309
4976,0.371822907589
4977,8.54729145799
4978,1.45645829778
4979,1.47281246404
4980,0.249791660568
4981,0.245104160683
4982,0.243541660721
4983,0.241874994095
4984,0.244687494026
4985,0.244114577374
4986,0.242916660736
4987,0.243749994049
4988,0.24276041074
4989,0.244479160698
4990,0.243854160713
4991,0.244895827354
4992,0.255208327103
4993,0.245312494011
4994,0.243489577389
4995,0.241666660767
4996,0.25463541045
4997,0.246249993988
4998,1.49458329684
4999,0.397656240292
5000,0.397135406971
5001,0.370989574276
5002,0.381354157356
5003,0.373593740879
5004,0.381145824028
5005,0.376093740818
5006,0.371718740925
5007,0.368385407673
5008,0.362343741154
5009,0.365208324417
5010,0.361666657837
5011,0.373281240887
5012,0.365989574398
5013,0.360052074543
5014,0.357916657928
5015,0.354999991333
5016,0.353958324692
5017,0.359895824547
5018,0.352499991394
5019,0.348906241482
5020,0.354270824684
5021,0.355260407993
5022,0.336614575115
5023,0.35239582473
5024,1.160520805
5025,8.85244770054
5026,1.70723954165
5027,9.58947893255
5028,1.38338538289
5029,1.38890621609
5030,5.73406236001
5031,0.369166657654
5032,0.357395824608
5033,0.349843741459
5034,0.346041658218
5035,0.349947908123
5036,0.345781241558
5037,0.345364574902
5038,0.349895824791
5039,0.348906241482
5040,0.356458324631
5041,0.358802074574
5042,0.346510408207
5043,0.340052075031
5044,0.347760408176
5045,0.33749999176
5046,0.342864574963
5047,0.345520824898
5048,0.338489575069
5049,0.342135408314
5050,0.342760408298
5051,0.338645825066
5052,0.340156241695
5053,0.339999991699
5054,1.11109372287
5055,1.15822913839
5056,4.52286447291
5057,1.10010413981
5058,1.11005205623
5059,0.339062491722
5060,0.338697908398
5061,0.336770825111
5062,0.347552074848
5063,0.344114574932
5064,0.342916658295
5065,0.342760408298
5066,0.341614574993
5067,0.33067707526
5068,0.336406241787
5069,0.340937491676
5070,0.334479158501
5071,0.335885408466
5072,0.335833325134
5073,0.332395825218
5074,0.335833325134
5075,0.336093741795
5076,0.331770825233
5077,0.34255207497
5078,0.335416658478
5079,0.329843741947
5080,0.333854158516
5081,0.32562499205
5082,0.3304166586
5083,0.329895825279
5084,0.923437477455
5085,8.0104164711
5086,1.11640622274
5087,1.00374997549
5088,1.03432289141
5089,1.15218747187
5090,1.1592187217
5091,1.19687497078
5092,0.766302064625
5093,0.361302074512
5094,0.360885407856
5095,0.361614574505
5096,0.365937491066
5097,0.356666657959
5098,0.363906241116
5099,0.367395824364
5100,0.369791657639
5101,0.3645312411
5102,0.364479157768
