frame,wall_ms,frame_wait_ms,scene_advance_ms,view_build_ms,render_submit_ms,gpu_valid,gpu_serial,gpu_ms,process_valid,process_cpu_ms,working_set_bytes,private_bytes,vma_valid,vma_allocation_bytes,vma_peak_allocation_bytes,vma_heap_usage_bytes,vma_heap_budget_bytes,raw_instances,visible_instances,culled_instances,lights,depth_draw_calls,shadow_draw_calls,base_draw_calls,lighting_draw_calls,tone_map_draw_calls,legacy_draw_calls,presenter_draw_calls,draw_calls,total_draw_calls,all_draw_calls,dispatch_count,shadow_faces,shadow_cache_hits,shadow_misses,shadow_batches,asset_upload_bytes,dynamic_lighting_upload_bytes,gather_ms,plan_ms,upload_frame_ms
0,12.61,10.787,0.001,0.065,0.061,0,0,,1,0,233705472,288911360,1,71217344,71217344,167755776,38823561584,1004,1004,0,2,3,0,3,3,1,0,1,9,10,11,1,0,2,0,1,0,133472,0.423,0.904,0.017
1,3.057,0.403,0,0.058,0.06,0,0,,0,,,,0,,,,,1004,1004,0,2,3,0,3,3,1,0,1,9,10,11,1,0,2,0,1,0,133472,0.463,1.668,0.023
2,3.414,0.486,0.001,0.124,0.04,0,0,,0,,,,0,,,,,1004,1004,0,2,3,0,3,3,1,0,1,9,10,11,1,0,2,0,1,0,133472,0.765,1.438,0.018
3,4.218,1.934,0,0.072,0.044,0,0,,0,,,,0,,,,,1004,1004,0,2,3,0,3,3,1,0,1,9,10,11,1,0,2,0,1,0,133472,0.494,1.314,0.012
4,1.844,0.001,0,0.061,0.034,0,0,,0,,,,0,,,,,1004,1004,0,2,3,0,3,3,1,0,1,9,10,11,1,0,2,0,1,0,133472,0.373,1.113,0.01
5,1.9,0.098,0,0.045,0.029,0,0,,0,,,,0,,,,,1004,1004,0,2,3,0,3,3,1,0,1,9,10,11,1,0,2,0,1,0,133472,0.443,0.999,0.01
6,2.147,0.513,0,0.127,0.029,0,0,,0,,,,0,,,,,1004,1004,0,2,3,0,3,3,1,0,1,9,10,11,1,0,2,0,1,0,133472,0.342,0.886,0.008
7,2.701,0.452,0.001,0.105,0.043,0,0,,0,,,,0,,,,,1004,1004,0,2,3,0,3,3,1,0,1,9,10,11,1,0,2,0,1,0,133472,0.448,1.202,0.014
8,3.18,0.001,0,0.054,0.079,0,0,,0,,,,0,,,,,1004,1004,0,2,3,0,3,3,1,0,1,9,10,11,1,0,2,0,1,0,133472,0.515,2.068,0.029
9,2.666,0.001,0,0.076,0.049,0,0,,0,,,,0,,,,,1004,1004,0,2,3,0,3,3,1,0,1,9,10,11,1,0,2,0,1,0,133472,0.68,1.406,0.017
10,1.894,0.001,0,0.062,0.028,0,0,,0,,,,0,,,,,1004,1004,0,2,3,0,3,3,1,0,1,9,10,11,1,0,2,0,1,0,133472,0.459,1.047,0.01
11,2.041,0,0,0.044,0.054,0,0,,0,,,,0,,,,,1004,1004,0,2,3,0,3,3,1,0,1,9,10,11,1,0,2,0,1,0,133472,0.398,1.244,0.017
12,2.693,0.001,0,0.083,0.05,0,0,,0,,,,0,,,,,1004,1004,0,2,3,0,3,3,1,0,1,9,10,11,1,0,2,0,1,0,133472,0.57,1.568,0.016
13,2.547,0.001,0,0.056,0.049,0,0,,0,,,,0,,,,,1004,1004,0,2,3,0,3,3,1,0,1,9,10,11,1,0,2,0,1,0,133472,0.499,1.603,0.018
14,3.015,0.001,0,0.086,0.081,0,0,,0,,,,0,,,,,1004,1004,0,2,3,0,3,3,1,0,1,9,10,11,1,0,2,0,1,0,133472,0.646,1.613,0.022
15,2.324,0.001,0,0.07,0.041,0,0,,0,,,,0,,,,,1004,1004,0,2,3,0,3,3,1,0,1,9,10,11,1,0,2,0,1,0,133472,0.551,1.284,0.013
16,2.12,0.001,0,0.054,0.032,0,0,,0,,,,0,,,,,1004,1004,0,2,3,0,3,3,1,0,1,9,10,11,1,0,2,0,1,0,133472,0.52,1.196,0.009
17,2.781,0.643,0,0.066,0.065,0,0,,0,,,,0,,,,,1004,1004,0,2,3,0,3,3,1,0,1,9,10,11,1,0,2,0,1,0,133472,0.449,1.215,0.011
18,2.525,0.001,0,0.047,0.047,0,0,,0,,,,0,,,,,1004,1004,0,2,3,0,3,3,1,0,1,9,10,11,1,0,2,0,1,0,133472,0.578,1.534,0.015
19,2.611,0.001,0,0.064,0.031,0,0,,0,,,,0,,,,,1004,1004,0,2,3,0,3,3,1,0,1,9,10,11,1,0,2,0,1,0,133472,0.617,1.522,0.01
20,3.702,0.529,0.001,0.061,0.076,0,0,,0,,,,0,,,,,1004,1004,0,2,3,0,3,3,1,0,1,9,10,11,1,0,2,0,1,0,133472,0.81,1.741,0.026
21,2.604,0.001,0.001,0.08,0.048,0,0,,0,,,,0,,,,,1004,1004,0,2,3,0,3,3,1,0,1,9,10,11,1,0,2,0,1,0,133472,0.654,1.399,0.016
22,2.228,0,0,0.069,0.032,0,0,,0,,,,0,,,,,1004,1004,0,2,3,0,3,3,1,0,1,9,10,11,1,0,2,0,1,0,133472,0.601,1.168,0.022
23,2.885,0.399,0,0.071,0.051,0,0,,0,,,,0,,,,,1004,1004,0,2,3,0,3,3,1,0,1,9,10,11,1,0,2,0,1,0,133472,0.468,1.539,0.013
24,2.219,0,0,0.051,0.039,0,0,,0,,,,0,,,,,1004,1004,0,2,3,0,3,3,1,0,1,9,10,11,1,0,2,0,1,0,133472,0.518,1.26,0.013
25,2.026,0.001,0,0.049,0.029,0,0,,0,,,,0,,,,,1004,1004,0,2,3,0,3,3,1,0,1,9,10,11,1,0,2,0,1,0,133472,0.452,1.206,0.011
26,4.975,1.761,0.001,0.088,0.084,0,0,,0,,,,0,,,,,1004,1004,0,2,3,0,3,3,1,0,1,9,10,11,1,0,2,0,1,0,133472,0.617,1.901,0.024
27,2.898,0.001,0,0.106,0.041,0,0,,0,,,,0,,,,,1004,1004,0,2,3,0,3,3,1,0,1,9,10,11,1,0,2,0,1,0,133472,0.712,1.602,0.014
28,2.046,0,0,0.121,0.034,0,0,,0,,,,0,,,,,1004,1004,0,2,3,0,3,3,1,0,1,9,10,11,1,0,2,0,1,0,133472,0.437,1.178,0.012
29,5.099,2.863,0,0.071,0.058,0,0,,0,,,,0,,,,,1004,1004,0,2,3,0,3,3,1,0,1,9,10,11,1,0,2,0,1,0,133472,0.46,1.275,0.015
30,2.119,0,0,0.033,0.045,0,0,,1,78.125,233725952,288911360,1,71217344,71217344,167755776,38823561584,1004,1004,0,2,3,0,3,3,1,0,1,9,10,11,1,0,2,0,1,0,133472,0.424,1.324,0.014
31,3.639,0,0.001,0.054,0.421,0,0,,0,,,,0,,,,,1004,1004,0,2,3,0,3,3,1,0,1,9,10,11,1,0,2,0,1,0,133472,0.961,1.785,0.023
32,2.78,0.002,0.001,0.076,0.054,0,0,,0,,,,0,,,,,1004,1004,0,2,3,0,3,3,1,0,1,9,10,11,1,0,2,0,1,0,133472,0.656,1.507,0.017
33,2.003,0,0.001,0.055,0.03,0,0,,0,,,,0,,,,,1004,1004,0,2,3,0,3,3,1,0,1,9,10,11,1,0,2,0,1,0,133472,0.504,1.097,0.009
34,2.401,0.267,0,0.152,0.03,0,0,,0,,,,0,,,,,1004,1004,0,2,3,0,3,3,1,0,1,9,10,11,1,0,2,0,1,0,133472,0.447,1.152,0.025
35,2.236,0,0.001,0.039,0.041,0,0,,0,,,,0,,,,,1004,1004,0,2,3,0,3,3,1,0,1,9,10,11,1,0,2,0,1,0,133472,0.445,1.419,0.012
36,2.44,0,0,0.052,0.032,0,0,,0,,,,0,,,,,1004,1004,0,2,3,0,3,3,1,0,1,9,10,11,1,0,2,0,1,0,133472,0.615,1.361,0.011
37,2.526,0.001,0,0.058,0.074,0,0,,0,,,,0,,,,,1004,1004,0,2,3,0,3,3,1,0,1,9,10,11,1,0,2,0,1,0,133472,0.56,1.521,0.013
38,3.785,0.002,0.001,0.474,0.068,0,0,,0,,,,0,,,,,1004,1004,0,2,3,0,3,3,1,0,1,9,10,11,1,0,2,0,1,0,133472,0.765,1.889,0.019
39,2.462,0.001,0,0.069,0.035,0,0,,0,,,,0,,,,,1004,1004,0,2,3,0,3,3,1,0,1,9,10,11,1,0,2,0,1,0,133472,0.609,1.379,0.02
40,7.325,5.256,0.001,0.101,0.062,0,0,,0,,,,0,,,,,1004,1004,0,2,3,0,3,3,1,0,1,9,10,11,1,0,2,0,1,0,133472,0.44,1.052,0.015
41,2.775,0.647,0,0.099,0.033,0,0,,0,,,,0,,,,,1004,1004,0,2,3,0,3,3,1,0,1,9,10,11,1,0,2,0,1,0,133472,0.448,1.162,0.012
42,3.221,0.57,0,0.064,0.061,0,0,,0,,,,0,,,,,1004,1004,0,2,3,0,3,3,1,0,1,9,10,11,1,0,2,0,1,0,133472,0.603,1.453,0.021
43,3.43,0.792,0,0.053,0.056,0,0,,0,,,,0,,,,,1004,1004,0,2,3,0,3,3,1,0,1,9,10,11,1,0,2,0,1,0,133472,0.584,1.593,0.017
44,2.565,0.001,0,0.07,0.036,0,0,,0,,,,0,,,,,1004,1004,0,2,3,0,3,3,1,0,1,9,10,11,1,0,2,0,1,0,133472,0.744,1.283,0.012
45,2.197,0.259,0,0.067,0.038,0,0,,0,,,,0,,,,,1004,1004,0,2,3,0,3,3,1,0,1,9,10,11,1,0,2,0,1,0,133472,0.444,1.063,0.011
46,3.152,0.78,0,0.096,0.043,0,0,,0,,,,0,,,,,1004,1004,0,2,3,0,3,3,1,0,1,9,10,11,1,0,2,0,1,0,133472,0.558,1.142,0.028
47,2.365,0.416,0.001,0.052,0.041,0,0,,0,,,,0,,,,,1004,1004,0,2,3,0,3,3,1,0,1,9,10,11,1,0,2,0,1,0,133472,0.481,1.015,0.012
48,2.396,0.651,0,0.099,0.031,0,0,,0,,,,0,,,,,1004,1004,0,2,3,0,3,3,1,0,1,9,10,11,1,0,2,0,1,0,133472,0.515,0.806,0.008
49,5.87,3.534,0.001,0.093,0.044,0,0,,0,,,,0,,,,,1004,1004,0,2,3,0,3,3,1,0,1,9,10,11,1,0,2,0,1,0,133472,0.553,1.14,0.012
50,1.836,0,0,0.036,0.037,0,0,,0,,,,0,,,,,1004,1004,0,2,3,0,3,3,1,0,1,9,10,11,1,0,2,0,1,0,133472,0.428,1.08,0.01
51,2.32,0,0,0.04,0.044,0,0,,0,,,,0,,,,,1004,1004,0,2,3,0,3,3,1,0,1,9,10,11,1,0,2,0,1,0,133472,0.42,1.358,0.014
52,2.016,0,0.001,0.047,0.031,0,0,,0,,,,0,,,,,1004,1004,0,2,3,0,3,3,1,0,1,9,10,11,1,0,2,0,1,0,133472,0.536,1.114,0.01
53,2.118,0.001,0,0.037,0.036,0,0,,0,,,,0,,,,,1004,1004,0,2,3,0,3,3,1,0,1,9,10,11,1,0,2,0,1,0,133472,0.473,1.295,0.012
54,2.272,0,0,0.046,0.034,0,0,,0,,,,0,,,,,1004,1004,0,2,3,0,3,3,1,0,1,9,10,11,1,0,2,0,1,0,133472,0.524,1.332,0.013
55,2.017,0,0,0.038,0.025,0,0,,0,,,,0,,,,,1004,1004,0,2,3,0,3,3,1,0,1,9,10,11,1,0,2,0,1,0,133472,0.488,1.181,0.01
56,1.886,0,0.001,0.038,0.024,0,0,,0,,,,0,,,,,1004,1004,0,2,3,0,3,3,1,0,1,9,10,11,1,0,2,0,1,0,133472,0.468,1.065,0.009
57,3.805,1.649,0.001,0.155,0.051,0,0,,0,,,,0,,,,,1004,1004,0,2,3,0,3,3,1,0,1,9,10,11,1,0,2,0,1,0,133472,0.425,1.196,0.017
58,2.409,0.301,0,0.054,0.059,0,0,,0,,,,0,,,,,1004,1004,0,2,3,0,3,3,1,0,1,9,10,11,1,0,2,0,1,0,133472,0.489,1.16,0.016
59,2.544,0.435,0,0.068,0.025,0,0,,0,,,,0,,,,,1004,1004,0,2,3,0,3,3,1,0,1,9,10,11,1,0,2,0,1,0,133472,1.102,0.596,0.006
60,1.441,0.316,0,0.046,0.023,0,0,,1,187.5,233730048,288911360,1,71217344,71217344,167755776,38823561584,1004,1004,0,2,3,0,3,3,1,0,1,9,10,11,1,0,2,0,1,0,133472,0.263,0.629,0.005
61,3.44,1.467,0.001,0.104,0.069,0,0,,0,,,,0,,,,,1004,1004,0,2,3,0,3,3,1,0,1,9,10,11,1,0,2,0,1,0,133472,0.505,0.911,0.009
62,3.153,1.359,0,0.117,0.033,0,0,,0,,,,0,,,,,1004,1004,0,2,3,0,3,3,1,0,1,9,10,11,1,0,2,0,1,0,133472,0.375,0.856,0.008
63,3.358,1.684,0,0.088,0.026,0,0,,0,,,,0,,,,,1004,1004,0,2,3,0,3,3,1,0,1,9,10,11,1,0,2,0,1,0,133472,0.257,0.963,0.032
64,2.308,0.949,0,0.091,0.031,0,0,,0,,,,0,,,,,1004,1004,0,2,3,0,3,3,1,0,1,9,10,11,1,0,2,0,1,0,133472,0.25,0.659,0.006
65,1.597,0.276,0,0.037,0.023,0,0,,0,,,,0,,,,,1004,1004,0,2,3,0,3,3,1,0,1,9,10,11,1,0,2,0,1,0,133472,0.362,0.693,0.005
66,1.206,0.001,0,0.03,0.022,0,0,,0,,,,0,,,,,1004,1004,0,2,3,0,3,3,1,0,1,9,10,11,1,0,2,0,1,0,133472,0.338,0.657,0.003
67,1.48,0,0,0.026,0.035,0,0,,0,,,,0,,,,,1004,1004,0,2,3,0,3,3,1,0,1,9,10,11,1,0,2,0,1,0,133472,0.313,0.868,0.03
68,1.48,0.001,0,0.057,0.023,0,0,,0,,,,0,,,,,1004,1004,0,2,3,0,3,3,1,0,1,9,10,11,1,0,2,0,1,0,133472,0.38,0.811,0.006
69,2.125,0,0,0.038,0.033,0,0,,0,,,,0,,,,,1004,1004,0,2,3,0,3,3,1,0,1,9,10,11,1,0,2,0,1,0,133472,0.573,0.97,0.009
70,1.272,0.001,0,0.036,0.024,0,0,,0,,,,0,,,,,1004,1004,0,2,3,0,3,3,1,0,1,9,10,11,1,0,2,0,1,0,133472,0.361,0.661,0.006
71,3.203,1.828,0,0.147,0.029,0,0,,0,,,,0,,,,,1004,1004,0,2,3,0,3,3,1,0,1,9,10,11,1,0,2,0,1,0,133472,0.348,0.579,0.006
72,2.665,1.424,0,0.085,0.032,0,0,,0,,,,0,,,,,1004,1004,0,2,3,0,3,3,1,0,1,9,10,11,1,0,2,0,1,0,133472,0.243,0.574,0.006
73,2.793,1.543,0,0.036,0.026,0,0,,0,,,,0,,,,,1004,1004,0,2,3,0,3,3,1,0,1,9,10,11,1,0,2,0,1,0,133472,0.342,0.657,0.005
74,3.333,1.992,0,0.085,0.027,0,0,,0,,,,0,,,,,1004,1004,0,2,3,0,3,3,1,0,1,9,10,11,1,0,2,0,1,0,133472,0.286,0.627,0.007
75,1.371,0,0,0.036,0.025,0,0,,0,,,,0,,,,,1004,1004,0,2,3,0,3,3,1,0,1,9,10,11,1,0,2,0,1,0,133472,0.303,0.807,0.007
76,1.651,0,0,0.048,0.031,0,0,,0,,,,0,,,,,1004,1004,0,2,3,0,3,3,1,0,1,9,10,11,1,0,2,0,1,0,133472,0.431,0.818,0.007
77,1.477,0,0,0.038,0.023,0,0,,0,,,,0,,,,,1004,1004,0,2,3,0,3,3,1,0,1,9,10,11,1,0,2,0,1,0,133472,0.375,0.837,0.006
78,1.257,0,0.001,0.052,0.022,0,0,,0,,,,0,,,,,1004,1004,0,2,3,0,3,3,1,0,1,9,10,11,1,0,2,0,1,0,133472,0.35,0.652,0.004
79,5.053,1.186,0,0.075,0.071,0,0,,0,,,,0,,,,,1004,1004,0,2,3,0,3,3,1,0,1,9,10,11,1,0,2,0,1,0,133472,0.853,2.281,0.022
80,3.847,0.001,0.001,0.109,0.055,0,0,,0,,,,0,,,,,1004,1004,0,2,3,0,3,3,1,0,1,9,10,11,1,0,2,0,1,0,133472,0.839,2.279,0.021
81,3.702,0.001,0,0.086,0.11,0,0,,0,,,,0,,,,,1004,1004,0,2,3,0,3,3,1,0,1,9,10,11,1,0,2,0,1,0,133472,0.836,2.016,0.031
82,2.944,0.002,0.001,0.172,0.052,0,0,,0,,,,0,,,,,1004,1004,0,2,3,0,3,3,1,0,1,9,10,11,1,0,2,0,1,0,133472,0.933,1.123,0.017
83,1.484,0.001,0.001,0.049,0.025,0,0,,0,,,,0,,,,,1004,1004,0,2,3,0,3,3,1,0,1,9,10,11,1,0,2,0,1,0,133472,0.371,0.813,0.006
84,2.857,1.456,0,0.098,0.035,0,0,,0,,,,0,,,,,1004,1004,0,2,3,0,3,3,1,0,1,9,10,11,1,0,2,0,1,0,133472,0.351,0.657,0.009
85,2.528,1.137,0,0.103,0.025,0,0,,0,,,,0,,,,,1004,1004,0,2,3,0,3,3,1,0,1,9,10,11,1,0,2,0,1,0,133472,0.28,0.715,0.005
86,1.638,0.001,0,0.03,0.033,0,0,,0,,,,0,,,,,1004,1004,0,2,3,0,3,3,1,0,1,9,10,11,1,0,2,0,1,0,133472,0.37,0.987,0.01
87,1.481,0.001,0,0.055,0.027,0,0,,0,,,,0,,,,,1004,1004,0,2,3,0,3,3,1,0,1,9,10,11,1,0,2,0,1,0,133472,0.393,0.795,0.006
88,1.802,0,0,0.04,0.094,0,0,,0,,,,0,,,,,1004,1004,0,2,3,0,3,3,1,0,1,9,10,11,1,0,2,0,1,0,133472,0.296,1.065,0.035
89,3.043,0.722,0,0.212,0.033,0,0,,0,,,,0,,,,,1004,1004,0,2,3,0,3,3,1,0,1,9,10,11,1,0,2,0,1,0,133472,0.654,0.894,0.016
90,3.224,0.109,0,0.047,0.074,0,0,,1,265.625,233738240,288911360,1,71217344,71217344,167755776,38823561584,1004,1004,0,2,3,0,3,3,1,0,1,9,10,11,1,0,2,0,1,0,133472,0.598,1.993,0.039
91,3.758,0.001,0,0.068,0.032,0,0,,0,,,,0,,,,,1004,1004,0,2,3,0,3,3,1,0,1,9,10,11,1,0,2,0,1,0,133472,0.917,2.386,0.011
92,1.929,0,0,0.037,0.034,0,0,,0,,,,0,,,,,1004,1004,0,2,3,0,3,3,1,0,1,9,10,11,1,0,2,0,1,0,133472,0.452,1.135,0.011
93,1.94,0.001,0,0.044,0.033,0,0,,0,,,,0,,,,,1004,1004,0,2,3,0,3,3,1,0,1,9,10,11,1,0,2,0,1,0,133472,0.451,1.102,0.01
94,2.048,0.336,0,0.047,0.045,0,0,,0,,,,0,,,,,1004,1004,0,2,3,0,3,3,1,0,1,9,10,11,1,0,2,0,1,0,133472,0.394,0.93,0.012
95,3.453,0.819,0,0.108,0.062,0,0,,0,,,,0,,,,,1004,1004,0,2,3,0,3,3,1,0,1,9,10,11,1,0,2,0,1,0,133472,0.416,1.709,0.018
96,2.499,0.001,0,0.069,0.06,0,0,,0,,,,0,,,,,1004,1004,0,2,3,0,3,3,1,0,1,9,10,11,1,0,2,0,1,0,133472,0.56,1.425,0.022
97,2.135,0.001,0,0.073,0.035,0,0,,0,,,,0,,,,,1004,1004,0,2,3,0,3,3,1,0,1,9,10,11,1,0,2,0,1,0,133472,0.494,1.208,0.012
98,2.171,0.347,0,0.054,0.04,0,0,,0,,,,0,,,,,1004,1004,0,2,3,0,3,3,1,0,1,9,10,11,1,0,2,0,1,0,133472,0.386,0.894,0.009
99,1.951,0.339,0,0.093,0.036,0,0,,0,,,,0,,,,,1004,1004,0,2,3,0,3,3,1,0,1,9,10,11,1,0,2,0,1,0,133472,0.398,0.765,0.007
100,3.082,0.863,0.001,0.062,0.059,0,0,,0,,,,0,,,,,1004,1004,0,2,3,0,3,3,1,0,1,9,10,11,1,0,2,0,1,0,133472,0.479,1.205,0.014
101,1.806,0.001,0,0.043,0.033,0,0,,0,,,,0,,,,,1004,1004,0,2,3,0,3,3,1,0,1,9,10,11,1,0,2,0,1,0,133472,0.435,1.013,0.009
102,2.79,0.752,0.001,0.05,0.046,0,0,,0,,,,0,,,,,1004,1004,0,2,3,0,3,3,1,0,1,9,10,11,1,0,2,0,1,0,133472,0.441,1.171,0.014
103,3.2,0.695,0,0.134,0.059,0,0,,0,,,,0,,,,,1004,1004,0,2,3,0,3,3,1,0,1,9,10,11,1,0,2,0,1,0,133472,0.498,1.302,0.018
104,2.126,0.001,0,0.063,0.037,0,0,,0,,,,0,,,,,1004,1004,0,2,3,0,3,3,1,0,1,9,10,11,1,0,2,0,1,0,133472,0.504,1.208,0.012
105,2.241,0.001,0,0.047,0.034,0,0,,0,,,,0,,,,,1004,1004,0,2,3,0,3,3,1,0,1,9,10,11,1,0,2,0,1,0,133472,0.506,1.333,0.012
106,2.274,0,0,0.051,0.038,0,0,,0,,,,0,,,,,1004,1004,0,2,3,0,3,3,1,0,1,9,10,11,1,0,2,0,1,0,133472,0.527,1.337,0.012
107,2.136,0.001,0.001,0.055,0.032,0,0,,0,,,,0,,,,,1004,1004,0,2,3,0,3,3,1,0,1,9,10,11,1,0,2,0,1,0,133472,0.517,1.201,0.011
108,6.176,4.139,0.001,0.107,0.047,0,0,,0,,,,0,,,,,1004,1004,0,2,3,0,3,3,1,0,1,9,10,11,1,0,2,0,1,0,133472,0.403,1.074,0.013
109,6.946,4.912,0.001,0.1,0.052,0,0,,0,,,,0,,,,,1004,1004,0,2,3,0,3,3,1,0,1,9,10,11,1,0,2,0,1,0,133472,0.378,1.129,0.011
110,1.965,0.001,0,0.048,0.052,0,0,,0,,,,0,,,,,1004,1004,0,2,3,0,3,3,1,0,1,9,10,11,1,0,2,0,1,0,133472,0.529,0.921,0.017
111,1.692,0,0,0.086,0.046,0,0,,0,,,,0,,,,,1004,1004,0,2,3,0,3,3,1,0,1,9,10,11,1,0,2,0,1,0,133472,0.41,0.819,0.007
112,1.625,0.001,0,0.051,0.026,0,0,,0,,,,0,,,,,1004,1004,0,2,3,0,3,3,1,0,1,9,10,11,1,0,2,0,1,0,133472,0.445,0.857,0.007
113,3.16,0,0.001,0.045,0.07,0,0,,0,,,,0,,,,,1004,1004,0,2,3,0,3,3,1,0,1,9,10,11,1,0,2,0,1,0,133472,0.446,2.204,0.023
114,4.079,0,0,0.09,0.077,0,0,,0,,,,0,,,,,1004,1004,0,2,3,0,3,3,1,0,1,9,10,11,1,0,2,0,1,0,133472,1.071,2.202,0.032
115,3.342,0.001,0.001,0.084,0.108,0,0,,0,,,,0,,,,,1004,1004,0,2,3,0,3,3,1,0,1,9,10,11,1,0,2,0,1,0,133472,0.712,1.786,0.025
116,7.531,5.259,0.001,0.066,0.068,0,0,,0,,,,0,,,,,1004,1004,0,2,3,0,3,3,1,0,1,9,10,11,1,0,2,0,1,0,133472,0.602,1.113,0.019
117,12.403,10.017,0.001,0.078,0.066,0,0,,0,,,,0,,,,,1004,1004,0,2,3,0,3,3,1,0,1,9,10,11,1,0,2,0,1,0,133472,0.478,1.289,0.017
118,3.429,0.001,0.001,0.046,0.063,0,0,,0,,,,0,,,,,1004,1004,0,2,3,0,3,3,1,0,1,9,10,11,1,0,2,0,1,0,133472,1.012,1.888,0.034
119,2.506,0.001,0,0.061,0.044,0,0,,0,,,,0,,,,,1004,1004,0,2,3,0,3,3,1,0,1,9,10,11,1,0,2,0,1,0,133472,0.55,1.447,0.019
120,11.913,9.809,0,0.07,0.061,0,0,,1,343.75,233746432,288911360,1,71217344,71217344,167755776,38823561584,1004,1004,0,2,3,0,3,3,1,0,1,9,10,11,1,0,2,0,1,0,133472,0.411,1.148,0.016
121,5.45,3.536,0.001,0.103,0.056,0,0,,0,,,,0,,,,,1004,1004,0,2,3,0,3,3,1,0,1,9,10,11,1,0,2,0,1,0,133472,0.499,0.81,0.046
122,2.398,0.001,0,0.157,0.035,0,0,,0,,,,0,,,,,1004,1004,0,2,3,0,3,3,1,0,1,9,10,11,1,0,2,0,1,0,133472,0.524,1.316,0.012
123,2.256,0.001,0,0.052,0.032,0,0,,0,,,,0,,,,,1004,1004,0,2,3,0,3,3,1,0,1,9,10,11,1,0,2,0,1,0,133472,0.48,1.39,0.013
124,1.974,0,0,0.054,0.028,0,0,,0,,,,0,,,,,1004,1004,0,2,3,0,3,3,1,0,1,9,10,11,1,0,2,0,1,0,133472,0.48,1.13,0.01
125,2.096,0.001,0,0.046,0.034,0,0,,0,,,,0,,,,,1004,1004,0,2,3,0,3,3,1,0,1,9,10,11,1,0,2,0,1,0,133472,0.456,1.286,0.012
126,1.552,0,0,0.05,0.032,0,0,,0,,,,0,,,,,1004,1004,0,2,3,0,3,3,1,0,1,9,10,11,1,0,2,0,1,0,133472,0.448,0.683,0.007
127,2.234,0.001,0,0.037,0.057,0,0,,0,,,,0,,,,,1004,1004,0,2,3,0,3,3,1,0,1,9,10,11,1,0,2,0,1,0,133472,0.341,1.131,0.032
128,2.116,0.001,0,0.188,0.028,0,0,,0,,,,0,,,,,1004,1004,0,2,3,0,3,3,1,0,1,9,10,11,1,0,2,0,1,0,133472,0.442,1.187,0.01
129,1.734,0.001,0,0.042,0.02,0,0,,0,,,,0,,,,,1004,1004,0,2,3,0,3,3,1,0,1,9,10,11,1,0,2,0,1,0,133472,0.459,0.946,0.009
130,3.21,1.136,0,0.059,0.053,0,0,,0,,,,0,,,,,1004,1004,0,2,3,0,3,3,1,0,1,9,10,11,1,0,2,0,1,0,133472,0.45,1.149,0.013
131,2.967,1.146,0,0.107,0.04,0,0,,0,,,,0,,,,,1004,1004,0,2,3,0,3,3,1,0,1,9,10,11,1,0,2,0,1,0,133472,0.39,0.983,0.019
132,3.395,0.806,0.001,0.074,0.076,0,0,,0,,,,0,,,,,1004,1004,0,2,3,0,3,3,1,0,1,9,10,11,1,0,2,0,1,0,133472,0.549,1.477,0.034
133,2.401,0.001,0,0.081,0.036,0,0,,0,,,,0,,,,,1004,1004,0,2,3,0,3,3,1,0,1,9,10,11,1,0,2,0,1,0,133472,0.682,1.203,0.012
134,1.708,0.001,0.001,0.061,0.026,0,0,,0,,,,0,,,,,1004,1004,0,2,3,0,3,3,1,0,1,9,10,11,1,0,2,0,1,0,133472,0.438,0.916,0.009
135,2.799,0.789,0,0.064,0.046,0,0,,0,,,,0,,,,,1004,1004,0,2,3,0,3,3,1,0,1,9,10,11,1,0,2,0,1,0,133472,0.482,1.058,0.012
136,2.638,0.265,0,0.064,0.042,0,0,,0,,,,0,,,,,1004,1004,0,2,3,0,3,3,1,0,1,9,10,11,1,0,2,0,1,0,133472,0.556,1.337,0.015
137,2.911,1.076,0.001,0.052,0.041,0,0,,0,,,,0,,,,,1004,1004,0,2,3,0,3,3,1,0,1,9,10,11,1,0,2,0,1,0,133472,0.396,1.045,0.022
138,2.051,0.226,0,0.052,0.055,0,0,,0,,,,0,,,,,1004,1004,0,2,3,0,3,3,1,0,1,9,10,11,1,0,2,0,1,0,133472,0.377,0.972,0.02
139,3.541,0.718,0.001,0.091,0.063,0,0,,0,,,,0,,,,,1004,1004,0,2,3,0,3,3,1,0,1,9,10,11,1,0,2,0,1,0,133472,0.558,1.624,0.021
140,2.159,0.001,0,0.076,0.033,0,0,,0,,,,0,,,,,1004,1004,0,2,3,0,3,3,1,0,1,9,10,11,1,0,2,0,1,0,133472,0.506,1.213,0.012
141,2.526,0.261,0,0.06,0.053,0,0,,0,,,,0,,,,,1004,1004,0,2,3,0,3,3,1,0,1,9,10,11,1,0,2,0,1,0,133472,0.418,1.406,0.019
142,2.701,0.251,0,0.049,0.064,0,0,,0,,,,0,,,,,1004,1004,0,2,3,0,3,3,1,0,1,9,10,11,1,0,2,0,1,0,133472,0.815,1.136,0.018
143,1.766,0.103,0,0.071,0.034,0,0,,0,,,,0,,,,,1004,1004,0,2,3,0,3,3,1,0,1,9,10,11,1,0,2,0,1,0,133472,0.417,0.878,0.007
144,3.496,1.464,0,0.052,0.041,0,0,,0,,,,0,,,,,1004,1004,0,2,3,0,3,3,1,0,1,9,10,11,1,0,2,0,1,0,133472,0.628,0.946,0.016
145,2.176,0.517,0,0.065,0.033,0,0,,0,,,,0,,,,,1004,1004,0,2,3,0,3,3,1,0,1,9,10,11,1,0,2,0,1,0,133472,0.409,0.876,0.008
146,2.675,1.02,0.001,0.134,0.037,0,0,,0,,,,0,,,,,1004,1004,0,2,3,0,3,3,1,0,1,9,10,11,1,0,2,0,1,0,133472,0.386,0.775,0.007
147,2.292,0.957,0.001,0.073,0.03,0,0,,0,,,,0,,,,,1004,1004,0,2,3,0,3,3,1,0,1,9,10,11,1,0,2,0,1,0,133472,0.272,0.677,0.006
148,2.941,1.139,0,0.052,0.042,0,0,,0,,,,0,,,,,1004,1004,0,2,3,0,3,3,1,0,1,9,10,11,1,0,2,0,1,0,133472,0.37,0.927,0.011
149,2.599,1.104,0,0.082,0.033,0,0,,0,,,,0,,,,,1004,1004,0,2,3,0,3,3,1,0,1,9,10,11,1,0,2,0,1,0,133472,0.358,0.762,0.008
150,2.57,1.296,0,0.084,0.033,0,0,,1,421.875,233754624,288911360,1,71217344,71217344,167755776,38823561584,1004,1004,0,2,3,0,3,3,1,0,1,9,10,11,1,0,2,0,1,0,133472,0.28,0.663,0.008
151,2.331,1.071,0.001,0.083,0.025,0,0,,0,,,,0,,,,,1004,1004,0,2,3,0,3,3,1,0,1,9,10,11,1,0,2,0,1,0,133472,0.269,0.601,0.004
152,1.305,0,0,0.034,0.02,0,0,,0,,,,0,,,,,1004,1004,0,2,3,0,3,3,1,0,1,9,10,11,1,0,2,0,1,0,133472,0.365,0.72,0.006
153,3.032,0,0,0.04,0.051,0,0,,0,,,,0,,,,,1004,1004,0,2,3,0,3,3,1,0,1,9,10,11,1,0,2,0,1,0,133472,0.811,1.754,0.014
154,1.455,0.001,0.001,0.044,0.023,0,0,,0,,,,0,,,,,1004,1004,0,2,3,0,3,3,1,0,1,9,10,11,1,0,2,0,1,0,133472,0.373,0.785,0.006
155,2.855,0,0,0.036,0.132,0,0,,0,,,,0,,,,,1004,1004,0,2,3,0,3,3,1,0,1,9,10,11,1,0,2,0,1,0,133472,0.696,1.628,0.021
156,1.61,0.001,0,0.087,0.021,0,0,,0,,,,0,,,,,1004,1004,0,2,3,0,3,3,1,0,1,9,10,11,1,0,2,0,1,0,133472,0.432,0.786,0.008
157,1.868,0.617,0.001,0.046,0.025,0,0,,0,,,,0,,,,,1004,1004,0,2,3,0,3,3,1,0,1,9,10,11,1,0,2,0,1,0,133472,0.295,0.682,0.005
158,3.302,1.507,0,0.078,0.047,0,0,,0,,,,0,,,,,1004,1004,0,2,3,0,3,3,1,0,1,9,10,11,1,0,2,0,1,0,133472,0.389,0.958,0.01
159,1.967,0.436,0,0.082,0.029,0,0,,0,,,,0,,,,,1004,1004,0,2,3,0,3,3,1,0,1,9,10,11,1,0,2,0,1,0,133472,0.346,0.801,0.007
160,2.037,0.715,0,0.065,0.021,0,0,,0,,,,0,,,,,1004,1004,0,2,3,0,3,3,1,0,1,9,10,11,1,0,2,0,1,0,133472,0.345,0.651,0.005
161,2.237,0.896,0.001,0.122,0.03,0,0,,0,,,,0,,,,,1004,1004,0,2,3,0,3,3,1,0,1,9,10,11,1,0,2,0,1,0,133472,0.329,0.635,0.006
162,3.849,0.944,0,0.206,0.039,0,0,,0,,,,0,,,,,1004,1004,0,2,3,0,3,3,1,0,1,9,10,11,1,0,2,0,1,0,133472,0.523,0.833,0.041
163,1.615,0,0,0.054,0.038,0,0,,0,,,,0,,,,,1004,1004,0,2,3,0,3,3,1,0,1,9,10,11,1,0,2,0,1,0,133472,0.429,0.822,0.008
164,3.667,1.879,0.001,0.114,0.044,0,0,,0,,,,0,,,,,1004,1004,0,2,3,0,3,3,1,0,1,9,10,11,1,0,2,0,1,0,133472,0.371,0.812,0.01
165,1.79,0.379,0.001,0.089,0.02,0,0,,0,,,,0,,,,,1004,1004,0,2,3,0,3,3,1,0,1,9,10,11,1,0,2,0,1,0,133472,0.345,0.727,0.006
166,2.176,0.794,0,0.09,0.025,0,0,,0,,,,0,,,,,1004,1004,0,2,3,0,3,3,1,0,1,9,10,11,1,0,2,0,1,0,133472,0.321,0.699,0.006
167,2.4,0.942,0,0.132,0.023,0,0,,0,,,,0,,,,,1004,1004,0,2,3,0,3,3,1,0,1,9,10,11,1,0,2,0,1,0,133472,0.345,0.687,0.006
168,2.228,0.754,0,0.079,0.028,0,0,,0,,,,0,,,,,1004,1004,0,2,3,0,3,3,1,0,1,9,10,11,1,0,2,0,1,0,133472,0.324,0.686,0.006
169,4.66,0.766,0,0.178,0.091,0,0,,0,,,,0,,,,,1004,1004,0,2,3,0,3,3,1,0,1,9,10,11,1,0,2,0,1,0,133472,0.772,2.153,0.031
170,4.091,0.001,0.001,0.097,0.08,0,0,,0,,,,0,,,,,1004,1004,0,2,3,0,3,3,1,0,1,9,10,11,1,0,2,0,1,0,133472,0.82,2.142,0.022
171,3.499,0.001,0,0.083,0.056,0,0,,0,,,,0,,,,,1004,1004,0,2,3,0,3,3,1,0,1,9,10,11,1,0,2,0,1,0,133472,0.771,2.087,0.018
172,3.412,0,0,0.071,0.052,0,0,,0,,,,0,,,,,1004,1004,0,2,3,0,3,3,1,0,1,9,10,11,1,0,2,0,1,0,133472,0.791,2.022,0.016
173,3.664,0,0,0.074,0.081,0,0,,0,,,,0,,,,,1004,1004,0,2,3,0,3,3,1,0,1,9,10,11,1,0,2,0,1,0,133472,0.776,2.185,0.027
174,3.804,0.001,0.001,0.082,0.072,0,0,,0,,,,0,,,,,1004,1004,0,2,3,0,3,3,1,0,1,9,10,11,1,0,2,0,1,0,133472,0.95,2.1,0.025
175,2.49,0.001,0,0.081,0.033,0,0,,0,,,,0,,,,,1004,1004,0,2,3,0,3,3,1,0,1,9,10,11,1,0,2,0,1,0,133472,0.794,1.128,0.009
176,1.72,0,0,0.032,0.032,0,0,,0,,,,0,,,,,1004,1004,0,2,3,0,3,3,1,0,1,9,10,11,1,0,2,0,1,0,133472,0.401,1.023,0.009
177,2.85,0.274,0,0.048,0.062,0,0,,0,,,,0,,,,,1004,1004,0,2,3,0,3,3,1,0,1,9,10,11,1,0,2,0,1,0,133472,0.503,1.417,0.021
178,2.494,0.001,0,0.111,0.038,0,0,,0,,,,0,,,,,1004,1004,0,2,3,0,3,3,1,0,1,9,10,11,1,0,2,0,1,0,133472,0.569,1.419,0.013
179,3.546,0,0,0.05,0.09,0,0,,0,,,,0,,,,,1004,1004,0,2,3,0,3,3,1,0,1,9,10,11,1,0,2,0,1,0,133472,0.502,2.425,0.033
180,4.5,0.002,0,0.111,0.075,0,0,,1,484.375,233762816,288911360,1,71217344,71217344,167755776,38823561584,1004,1004,0,2,3,0,3,3,1,0,1,9,10,11,1,0,2,0,1,0,133472,0.93,2.579,0.028
181,2.411,0.001,0.001,0.069,0.041,0,0,,0,,,,0,,,,,1004,1004,0,2,3,0,3,3,1,0,1,9,10,11,1,0,2,0,1,0,133472,0.538,1.381,0.014
182,1.969,0,0,0.047,0.035,0,0,,0,,,,0,,,,,1004,1004,0,2,3,0,3,3,1,0,1,9,10,11,1,0,2,0,1,0,133472,0.445,1.163,0.009
183,2.27,0,0,0.042,0.042,0,0,,0,,,,0,,,,,1004,1004,0,2,3,0,3,3,1,0,1,9,10,11,1,0,2,0,1,0,133472,0.485,1.431,0.012
184,2.562,0,0,0.05,0.147,0,0,,0,,,,0,,,,,1004,1004,0,2,3,0,3,3,1,0,1,9,10,11,1,0,2,0,1,0,133472,0.489,1.12,0.013
185,8.256,5.989,0,0.073,0.054,0,0,,0,,,,0,,,,,1004,1004,0,2,3,0,3,3,1,0,1,9,10,11,1,0,2,0,1,0,133472,0.434,1.242,0.023
186,2.847,0.677,0.001,0.06,0.061,0,0,,0,,,,0,,,,,1004,1004,0,2,3,0,3,3,1,0,1,9,10,11,1,0,2,0,1,0,133472,0.446,1.2,0.04
187,12.312,9.909,0.001,0.071,0.06,0,0,,0,,,,0,,,,,1004,1004,0,2,3,0,3,3,1,0,1,9,10,11,1,0,2,0,1,0,133472,0.56,1.202,0.018
188,5.471,3.376,0,0.057,0.052,0,0,,0,,,,0,,,,,1004,1004,0,2,3,0,3,3,1,0,1,9,10,11,1,0,2,0,1,0,133472,0.42,1.196,0.023
189,2.187,0.116,0,0.06,0.05,0,0,,0,,,,0,,,,,1004,1004,0,2,3,0,3,3,1,0,1,9,10,11,1,0,2,0,1,0,133472,0.504,1.09,0.013
190,2.576,0.641,0,0.054,0.042,0,0,,0,,,,0,,,,,1004,1004,0,2,3,0,3,3,1,0,1,9,10,11,1,0,2,0,1,0,133472,0.422,1.095,0.013
191,3.868,0.768,0,0.053,0.075,0,0,,0,,,,0,,,,,1004,1004,0,2,3,0,3,3,1,0,1,9,10,11,1,0,2,0,1,0,133472,0.733,1.83,0.025
192,3.186,1.186,0.001,0.065,0.048,0,0,,0,,,,0,,,,,1004,1004,0,2,3,0,3,3,1,0,1,9,10,11,1,0,2,0,1,0,133472,0.466,1.051,0.013
193,3.64,1.704,0,0.062,0.046,0,0,,0,,,,0,,,,,1004,1004,0,2,3,0,3,3,1,0,1,9,10,11,1,0,2,0,1,0,133472,0.487,1.025,0.012
194,2.834,0.826,0,0.055,0.041,0,0,,0,,,,0,,,,,1004,1004,0,2,3,0,3,3,1,0,1,9,10,11,1,0,2,0,1,0,133472,0.456,1.151,0.011
195,2.743,0.439,0,0.052,0.046,0,0,,0,,,,0,,,,,1004,1004,0,2,3,0,3,3,1,0,1,9,10,11,1,0,2,0,1,0,133472,0.465,1.384,0.013
196,3.731,0.555,0.001,0.103,0.071,0,0,,0,,,,0,,,,,1004,1004,0,2,3,0,3,3,1,0,1,9,10,11,1,0,2,0,1,0,133472,0.713,1.671,0.026
197,3.358,1.144,0,0.064,0.062,0,0,,0,,,,0,,,,,1004,1004,0,2,3,0,3,3,1,0,1,9,10,11,1,0,2,0,1,0,133472,0.476,1.212,0.018
198,3.822,1.544,0,0.061,0.058,0,0,,0,,,,0,,,,,1004,1004,0,2,3,0,3,3,1,0,1,9,10,11,1,0,2,0,1,0,133472,0.514,1.239,0.017
199,3.369,1.079,0.001,0.058,0.042,0,0,,0,,,,0,,,,,1004,1004,0,2,3,0,3,3,1,0,1,9,10,11,1,0,2,0,1,0,133472,0.519,1.282,0.016
200,4.3,1.185,0,0.056,0.062,0,0,,0,,,,0,,,,,1004,1004,0,2,3,0,3,3,1,0,1,9,10,11,1,0,2,0,1,0,133472,0.514,2.024,0.022
201,3.661,1.124,0.001,0.095,0.049,0,0,,0,,,,0,,,,,1004,1004,0,2,3,0,3,3,1,0,1,9,10,11,1,0,2,0,1,0,133472,0.527,1.366,0.019
202,5.28,3.189,0.001,0.064,0.049,0,0,,0,,,,0,,,,,1004,1004,0,2,3,0,3,3,1,0,1,9,10,11,1,0,2,0,1,0,133472,0.458,1.168,0.015
203,6.853,3.751,0.001,0.069,0.147,0,0,,0,,,,0,,,,,1004,1004,0,2,3,0,3,3,1,0,1,9,10,11,1,0,2,0,1,0,133472,0.648,1.695,0.028
204,2.429,0.002,0.001,0.079,0.045,0,0,,0,,,,0,,,,,1004,1004,0,2,3,0,3,3,1,0,1,9,10,11,1,0,2,0,1,0,133472,0.744,1.041,0.017
205,6.168,1.629,0,0.104,0.107,0,0,,0,,,,0,,,,,1004,1004,0,2,3,0,3,3,1,0,1,9,10,11,1,0,2,0,1,0,133472,0.978,2.604,0.03
206,4.177,0.002,0.001,0.09,0.085,0,0,,0,,,,0,,,,,1004,1004,0,2,3,0,3,3,1,0,1,9,10,11,1,0,2,0,1,0,133472,1,2.339,0.025
207,6.283,3.654,0.001,0.276,0.056,0,0,,0,,,,0,,,,,1004,1004,0,2,3,0,3,3,1,0,1,9,10,11,1,0,2,0,1,0,133472,0.483,0.829,0.014
208,10.656,8.96,0.001,0.091,0.053,0,0,,0,,,,0,,,,,1004,1004,0,2,3,0,3,3,1,0,1,9,10,11,1,0,2,0,1,0,133472,0.406,0.814,0.012
209,4.097,1.476,0,0.061,0.072,0,0,,0,,,,0,,,,,1004,1004,0,2,3,0,3,3,1,0,1,9,10,11,1,0,2,0,1,0,133472,0.457,1.616,0.028
210,2.644,0.001,0,0.089,0.052,0,0,,1,625,233771008,288911360,1,71217344,71217344,167755776,38823561584,1004,1004,0,2,3,0,3,3,1,0,1,9,10,11,1,0,2,0,1,0,133472,0.647,1.442,0.015
211,4.275,1.991,0,0.076,0.056,0,0,,0,,,,0,,,,,1004,1004,0,2,3,0,3,3,1,0,1,9,10,11,1,0,2,0,1,0,133472,0.513,1.221,0.015
212,3.359,0.779,0,0.064,0.091,0,0,,0,,,,0,,,,,1004,1004,0,2,3,0,3,3,1,0,1,9,10,11,1,0,2,0,1,0,133472,0.479,1.54,0.025
213,2.674,0.153,0,0.074,0.067,0,0,,0,,,,0,,,,,1004,1004,0,2,3,0,3,3,1,0,1,9,10,11,1,0,2,0,1,0,133472,0.421,1.601,0.034
214,3.408,0.509,0,0.083,0.056,0,0,,0,,,,0,,,,,1004,1004,0,2,3,0,3,3,1,0,1,9,10,11,1,0,2,0,1,0,133472,0.518,1.668,0.028
215,2.435,0.001,0,0.064,0.073,0,0,,0,,,,0,,,,,1004,1004,0,2,3,0,3,3,1,0,1,9,10,11,1,0,2,0,1,0,133472,0.479,1.436,0.04
216,9.152,6.109,0,0.185,0.091,0,0,,0,,,,0,,,,,1004,1004,0,2,3,0,3,3,1,0,1,9,10,11,1,0,2,0,1,0,133472,0.722,1.506,0.026
217,7.978,5.183,0.001,0.076,0.08,0,0,,0,,,,0,,,,,1004,1004,0,2,3,0,3,3,1,0,1,9,10,11,1,0,2,0,1,0,133472,0.589,1.453,0.027
218,3.305,0.059,0,0.07,0.055,0,0,,0,,,,0,,,,,1004,1004,0,2,3,0,3,3,1,0,1,9,10,11,1,0,2,0,1,0,133472,0.535,2.143,0.024
219,3.306,0.293,0,0.061,0.077,0,0,,0,,,,0,,,,,1004,1004,0,2,3,0,3,3,1,0,1,9,10,11,1,0,2,0,1,0,133472,0.452,1.98,0.028
220,2.711,0.001,0,0.075,0.064,0,0,,0,,,,0,,,,,1004,1004,0,2,3,0,3,3,1,0,1,9,10,11,1,0,2,0,1,0,133472,0.558,1.498,0.022
221,2.402,0.001,0,0.074,0.045,0,0,,0,,,,0,,,,,1004,1004,0,2,3,0,3,3,1,0,1,9,10,11,1,0,2,0,1,0,133472,0.616,1.305,0.017
222,2.503,0,0,0.064,0.043,0,0,,0,,,,0,,,,,1004,1004,0,2,3,0,3,3,1,0,1,9,10,11,1,0,2,0,1,0,133472,0.487,1.573,0.018
223,3.44,0.638,0.001,0.075,0.067,0,0,,0,,,,0,,,,,1004,1004,0,2,3,0,3,3,1,0,1,9,10,11,1,0,2,0,1,0,133472,0.675,1.535,0.02
224,2.066,0.001,0,0.062,0.038,0,0,,0,,,,0,,,,,1004,1004,0,2,3,0,3,3,1,0,1,9,10,11,1,0,2,0,1,0,133472,0.494,1.134,0.012
225,4.655,2.55,0,0.058,0.058,0,0,,0,,,,0,,,,,1004,1004,0,2,3,0,3,3,1,0,1,9,10,11,1,0,2,0,1,0,133472,0.451,1.179,0.014
226,2.62,0.694,0,0.078,0.049,0,0,,0,,,,0,,,,,1004,1004,0,2,3,0,3,3,1,0,1,9,10,11,1,0,2,0,1,0,133472,0.434,1.056,0.012
227,2.454,0.483,0,0.063,0.039,0,0,,0,,,,0,,,,,1004,1004,0,2,3,0,3,3,1,0,1,9,10,11,1,0,2,0,1,0,133472,0.432,1.101,0.013
228,3.105,0.619,0,0.117,0.046,0,0,,0,,,,0,,,,,1004,1004,0,2,3,0,3,3,1,0,1,9,10,11,1,0,2,0,1,0,133472,0.605,1.273,0.021
229,6.503,3.377,0,0.064,0.077,0,0,,0,,,,0,,,,,1004,1004,0,2,3,0,3,3,1,0,1,9,10,11,1,0,2,0,1,0,133472,0.61,1.796,0.027
230,2.879,0.002,0,0.084,0.049,0,0,,0,,,,0,,,,,1004,1004,0,2,3,0,3,3,1,0,1,9,10,11,1,0,2,0,1,0,133472,0.86,1.402,0.019
231,2.228,0,0,0.057,0.052,0,0,,0,,,,0,,,,,1004,1004,0,2,3,0,3,3,1,0,1,9,10,11,1,0,2,0,1,0,133472,0.503,1.262,0.018
232,2.152,0,0,0.067,0.042,0,0,,0,,,,0,,,,,1004,1004,0,2,3,0,3,3,1,0,1,9,10,11,1,0,2,0,1,0,133472,0.471,1.264,0.016
233,3.149,0.537,0.001,0.088,0.058,0,0,,0,,,,0,,,,,1004,1004,0,2,3,0,3,3,1,0,1,9,10,11,1,0,2,0,1,0,133472,0.583,1.469,0.022
234,2.095,0,0,0.06,0.037,0,0,,0,,,,0,,,,,1004,1004,0,2,3,0,3,3,1,0,1,9,10,11,1,0,2,0,1,0,133472,0.469,1.219,0.012
235,4.065,1.608,0,0.067,0.058,0,0,,0,,,,0,,,,,1004,1004,0,2,3,0,3,3,1,0,1,9,10,11,1,0,2,0,1,0,133472,0.521,1.385,0.018
236,2.258,0.001,0,0.071,0.036,0,0,,0,,,,0,,,,,1004,1004,0,2,3,0,3,3,1,0,1,9,10,11,1,0,2,0,1,0,133472,0.535,1.265,0.018
237,1.926,0,0,0.06,0.03,0,0,,0,,,,0,,,,,1004,1004,0,2,3,0,3,3,1,0,1,9,10,11,1,0,2,0,1,0,133472,0.431,1.13,0.014
238,2.982,0.187,0.001,0.109,0.059,0,0,,0,,,,0,,,,,1004,1004,0,2,3,0,3,3,1,0,1,9,10,11,1,0,2,0,1,0,133472,0.531,1.591,0.027
239,2.516,0,0.001,0.167,0.041,0,0,,0,,,,0,,,,,1004,1004,0,2,3,0,3,3,1,0,1,9,10,11,1,0,2,0,1,0,133472,0.571,1.289,0.015
240,3.215,0,0,0.068,0.108,0,0,,1,703.125,233779200,288911360,1,71217344,71217344,167755776,38823561584,1004,1004,0,2,3,0,3,3,1,0,1,9,10,11,1,0,2,0,1,0,133472,0.588,1.977,0.032
241,2.282,0.23,0,0.06,0.046,0,0,,0,,,,0,,,,,1004,1004,0,2,3,0,3,3,1,0,1,9,10,11,1,0,2,0,1,0,133472,0.458,1.078,0.01
242,3.19,0.863,0,0.117,0.062,0,0,,0,,,,0,,,,,1004,1004,0,2,3,0,3,3,1,0,1,9,10,11,1,0,2,0,1,0,133472,0.506,1.273,0.018
243,2.774,0.001,0,0.07,0.062,0,0,,0,,,,0,,,,,1004,1004,0,2,3,0,3,3,1,0,1,9,10,11,1,0,2,0,1,0,133472,0.531,1.722,0.02
244,2.894,0.001,0,0.069,0.05,0,0,,0,,,,0,,,,,1004,1004,0,2,3,0,3,3,1,0,1,9,10,11,1,0,2,0,1,0,133472,0.64,1.7,0.019
245,2.369,0.001,0,0.059,0.036,0,0,,0,,,,0,,,,,1004,1004,0,2,3,0,3,3,1,0,1,9,10,11,1,0,2,0,1,0,133472,0.572,1.332,0.014
246,2.58,0.001,0.001,0.07,0.041,0,0,,0,,,,0,,,,,1004,1004,0,2,3,0,3,3,1,0,1,9,10,11,1,0,2,0,1,0,133472,0.564,1.52,0.019
247,3.914,1.484,0.001,0.066,0.066,0,0,,0,,,,0,,,,,1004,1004,0,2,3,0,3,3,1,0,1,9,10,11,1,0,2,0,1,0,133472,0.536,1.325,0.018
248,6.891,5.172,0.001,0.1,0.102,0,0,,0,,,,0,,,,,1004,1004,0,2,3,0,3,3,1,0,1,9,10,11,1,0,2,0,1,0,133472,0.349,0.775,0.01
249,16.631,14.214,0.001,0.132,0.066,0,0,,0,,,,0,,,,,1004,1004,0,2,3,0,3,3,1,0,1,9,10,11,1,0,2,0,1,0,133472,0.427,1.303,0.022
250,8.03,0.003,0,0.107,0.065,0,0,,0,,,,0,,,,,1004,1004,0,2,3,0,3,3,1,0,1,9,10,11,1,0,2,0,1,0,133472,5.852,1.445,0.023
251,2.34,0.001,0.001,0.062,0.104,0,0,,0,,,,0,,,,,1004,1004,0,2,3,0,3,3,1,0,1,9,10,11,1,0,2,0,1,0,133472,0.438,1.34,0.028
252,10.171,6.928,0.001,0.068,0.071,0,0,,0,,,,0,,,,,1004,1004,0,2,3,0,3,3,1,0,1,9,10,11,1,0,2,0,1,0,133472,0.713,1.828,0.027
253,9.902,7.406,0.001,0.087,0.065,0,0,,0,,,,0,,,,,1004,1004,0,2,3,0,3,3,1,0,1,9,10,11,1,0,2,0,1,0,133472,0.538,1.312,0.017
254,2.027,0.001,0,0.054,0.036,0,0,,0,,,,0,,,,,1004,1004,0,2,3,0,3,3,1,0,1,9,10,11,1,0,2,0,1,0,133472,0.452,1.161,0.012
255,2.492,0,0,0.045,0.042,0,0,,0,,,,0,,,,,1004,1004,0,2,3,0,3,3,1,0,1,9,10,11,1,0,2,0,1,0,133472,0.423,1.659,0.021
256,3.13,0,0,0.062,0.065,0,0,,0,,,,0,,,,,1004,1004,0,2,3,0,3,3,1,0,1,9,10,11,1,0,2,0,1,0,133472,0.705,1.79,0.034
257,2.933,0.001,0,0.083,0.05,0,0,,0,,,,0,,,,,1004,1004,0,2,3,0,3,3,1,0,1,9,10,11,1,0,2,0,1,0,133472,0.769,1.559,0.017
258,2.72,0.001,0,0.059,0.051,0,0,,0,,,,0,,,,,1004,1004,0,2,3,0,3,3,1,0,1,9,10,11,1,0,2,0,1,0,133472,0.508,1.683,0.021
259,2.672,0.001,0,0.08,0.046,0,0,,0,,,,0,,,,,1004,1004,0,2,3,0,3,3,1,0,1,9,10,11,1,0,2,0,1,0,133472,0.59,1.555,0.018
260,3.04,0,0,0.071,0.048,0,0,,0,,,,0,,,,,1004,1004,0,2,3,0,3,3,1,0,1,9,10,11,1,0,2,0,1,0,133472,0.703,1.799,0.017
261,3.039,0.001,0,0.07,0.047,0,0,,0,,,,0,,,,,1004,1004,0,2,3,0,3,3,1,0,1,9,10,11,1,0,2,0,1,0,133472,0.69,1.781,0.021
262,2.904,0.001,0,0.074,0.045,0,0,,0,,,,0,,,,,1004,1004,0,2,3,0,3,3,1,0,1,9,10,11,1,0,2,0,1,0,133472,0.672,1.641,0.024
263,2.218,0.001,0,0.055,0.032,0,0,,0,,,,0,,,,,1004,1004,0,2,3,0,3,3,1,0,1,9,10,11,1,0,2,0,1,0,133472,0.569,1.237,0.013
264,6.633,3.899,0,0.072,0.072,0,0,,0,,,,0,,,,,1004,1004,0,2,3,0,3,3,1,0,1,9,10,11,1,0,2,0,1,0,133472,0.601,1.46,0.021
265,2.363,0.001,0,0.062,0.047,0,0,,0,,,,0,,,,,1004,1004,0,2,3,0,3,3,1,0,1,9,10,11,1,0,2,0,1,0,133472,0.528,1.301,0.02
266,3.675,0,0,0.079,0.079,0,0,,0,,,,0,,,,,1004,1004,0,2,3,0,3,3,1,0,1,9,10,11,1,0,2,0,1,0,133472,1.151,1.845,0.025
267,3.042,0.001,0,0.101,0.081,0,0,,0,,,,0,,,,,1004,1004,0,2,3,0,3,3,1,0,1,9,10,11,1,0,2,0,1,0,133472,0.769,1.559,0.021
268,3.788,1.493,0.001,0.065,0.047,0,0,,0,,,,0,,,,,1004,1004,0,2,3,0,3,3,1,0,1,9,10,11,1,0,2,0,1,0,133472,0.489,1.319,0.017
269,2.779,0.346,0,0.073,0.05,0,0,,0,,,,0,,,,,1004,1004,0,2,3,0,3,3,1,0,1,9,10,11,1,0,2,0,1,0,133472,0.532,1.336,0.015
270,3.22,0.986,0,0.05,0.04,0,0,,1,781.25,233787392,288911360,1,71217344,71217344,167755776,38823561584,1004,1004,0,2,3,0,3,3,1,0,1,9,10,11,1,0,2,0,1,0,133472,0.479,1.312,0.014
271,8.01,5.69,0.001,0.074,0.054,0,0,,0,,,,0,,,,,1004,1004,0,2,3,0,3,3,1,0,1,9,10,11,1,0,2,0,1,0,133472,0.488,1.231,0.023
272,5.66,3.269,0.001,0.064,0.06,0,0,,0,,,,0,,,,,1004,1004,0,2,3,0,3,3,1,0,1,9,10,11,1,0,2,0,1,0,133472,0.474,1.363,0.025
273,2.645,0.001,0,0.064,0.059,0,0,,0,,,,0,,,,,1004,1004,0,2,3,0,3,3,1,0,1,9,10,11,1,0,2,0,1,0,133472,0.564,1.531,0.021
274,3.338,1.054,0.001,0.071,0.063,0,0,,0,,,,0,,,,,1004,1004,0,2,3,0,3,3,1,0,1,9,10,11,1,0,2,0,1,0,133472,0.491,1.22,0.04
275,2.639,0.001,0.001,0.092,0.036,0,0,,0,,,,0,,,,,1004,1004,0,2,3,0,3,3,1,0,1,9,10,11,1,0,2,0,1,0,133472,0.667,1.45,0.015
276,3.832,1.585,0.001,0.067,0.053,0,0,,0,,,,0,,,,,1004,1004,0,2,3,0,3,3,1,0,1,9,10,11,1,0,2,0,1,0,133472,0.477,1.26,0.014
277,2.187,0.001,0,0.055,0.042,0,0,,0,,,,0,,,,,1004,1004,0,2,3,0,3,3,1,0,1,9,10,11,1,0,2,0,1,0,133472,0.53,1.257,0.013
278,2.112,0,0,0.062,0.048,0,0,,0,,,,0,,,,,1004,1004,0,2,3,0,3,3,1,0,1,9,10,11,1,0,2,0,1,0,133472,0.499,1.175,0.011
279,3.158,0,0,0.059,0.084,0,0,,0,,,,0,,,,,1004,1004,0,2,3,0,3,3,1,0,1,9,10,11,1,0,2,0,1,0,133472,0.495,1.884,0.017
280,2.835,0.001,0,0.099,0.07,0,0,,0,,,,0,,,,,1004,1004,0,2,3,0,3,3,1,0,1,9,10,11,1,0,2,0,1,0,133472,0.72,1.34,0.022
281,19.638,17.203,0.001,0.075,0.042,0,0,,0,,,,0,,,,,1004,1004,0,2,3,0,3,3,1,0,1,9,10,11,1,0,2,0,1,0,133472,0.699,1.114,0.021
282,12.461,9.709,0.001,0.069,0.075,0,0,,0,,,,0,,,,,1004,1004,0,2,3,0,3,3,1,0,1,9,10,11,1,0,2,0,1,0,133472,0.573,1.435,0.058
283,2.551,0.001,0.001,0.079,0.046,0,0,,0,,,,0,,,,,1004,1004,0,2,3,0,3,3,1,0,1,9,10,11,1,0,2,0,1,0,133472,0.688,1.26,0.025
284,2.27,0.001,0,0.056,0.051,0,0,,0,,,,0,,,,,1004,1004,0,2,3,0,3,3,1,0,1,9,10,11,1,0,2,0,1,0,133472,0.433,1.447,0.016
285,1.992,0.001,0,0.078,0.036,0,0,,0,,,,0,,,,,1004,1004,0,2,3,0,3,3,1,0,1,9,10,11,1,0,2,0,1,0,133472,0.483,1.099,0.011
286,2.003,0,0,0.044,0.035,0,0,,0,,,,0,,,,,1004,1004,0,2,3,0,3,3,1,0,1,9,10,11,1,0,2,0,1,0,133472,0.432,1.222,0.012
287,2.167,0,0,0.044,0.04,0,0,,0,,,,0,,,,,1004,1004,0,2,3,0,3,3,1,0,1,9,10,11,1,0,2,0,1,0,133472,0.51,1.262,0.012
288,2.117,0,0,0.055,0.048,0,0,,0,,,,0,,,,,1004,1004,0,2,3,0,3,3,1,0,1,9,10,11,1,0,2,0,1,0,133472,0.544,1.067,0.018
289,2.826,0.001,0.001,0.054,0.061,0,0,,0,,,,0,,,,,1004,1004,0,2,3,0,3,3,1,0,1,9,10,11,1,0,2,0,1,0,133472,0.731,1.593,0.023
290,3.482,0.001,0.001,0.086,0.088,0,0,,0,,,,0,,,,,1004,1004,0,2,3,0,3,3,1,0,1,9,10,11,1,0,2,0,1,0,133472,1.066,1.706,0.03
291,2.563,0.001,0,0.07,0.048,0,0,,0,,,,0,,,,,1004,1004,0,2,3,0,3,3,1,0,1,9,10,11,1,0,2,0,1,0,133472,0.606,1.442,0.016
292,2.194,0.577,0.001,0.11,0.044,0,0,,0,,,,0,,,,,1004,1004,0,2,3,0,3,3,1,0,1,9,10,11,1,0,2,0,1,0,133472,0.374,0.723,0.008
293,2.942,1.061,0,0.14,0.048,0,0,,0,,,,0,,,,,1004,1004,0,2,3,0,3,3,1,0,1,9,10,11,1,0,2,0,1,0,133472,0.414,0.862,0.024
294,2.91,0.992,0.001,0.105,0.041,0,0,,0,,,,0,,,,,1004,1004,0,2,3,0,3,3,1,0,1,9,10,11,1,0,2,0,1,0,133472,0.364,0.983,0.01
295,5.184,0.902,0,0.051,0.107,0,0,,0,,,,0,,,,,1004,1004,0,2,3,0,3,3,1,0,1,9,10,11,1,0,2,0,1,0,133472,0.823,2.583,0.027
296,2.961,0.002,0.001,0.075,0.065,0,0,,0,,,,0,,,,,1004,1004,0,2,3,0,3,3,1,0,1,9,10,11,1,0,2,0,1,0,133472,0.518,1.8,0.026
297,2.262,0.492,0.001,0.059,0.046,0,0,,0,,,,0,,,,,1004,1004,0,2,3,0,3,3,1,0,1,9,10,11,1,0,2,0,1,0,133472,0.406,0.956,0.009
298,3.546,1.482,0,0.104,0.057,0,0,,0,,,,0,,,,,1004,1004,0,2,3,0,3,3,1,0,1,9,10,11,1,0,2,0,1,0,133472,0.456,1.03,0.012
299,3.55,0.742,0.001,0.17,0.059,0,0,,0,,,,0,,,,,1004,1004,0,2,3,0,3,3,1,0,1,9,10,11,1,0,2,0,1,0,133472,0.623,1.438,0.021
300,3.175,0.15,0,0.076,0.072,0,0,,1,843.75,233795584,288911360,1,71217344,71217344,167755776,38823561584,1004,1004,0,2,3,0,3,3,1,0,1,9,10,11,1,0,2,0,1,0,133472,0.696,1.644,0.028
301,2.031,0.001,0,0.076,0.031,0,0,,0,,,,0,,,,,1004,1004,0,2,3,0,3,3,1,0,1,9,10,11,1,0,2,0,1,0,133472,0.503,0.92,0.01
302,4.92,2.763,0.001,0.124,0.046,0,0,,0,,,,0,,,,,1004,1004,0,2,3,0,3,3,1,0,1,9,10,11,1,0,2,0,1,0,133472,0.454,1.1,0.013
303,3.767,0.743,0.001,0.117,0.081,0,0,,0,,,,0,,,,,1004,1004,0,2,3,0,3,3,1,0,1,9,10,11,1,0,2,0,1,0,133472,0.592,1.704,0.024
304,5.038,2.312,0,0.065,0.053,0,0,,0,,,,0,,,,,1004,1004,0,2,3,0,3,3,1,0,1,9,10,11,1,0,2,0,1,0,133472,0.448,1.666,0.034
305,16.001,13.155,0.001,0.073,0.078,0,0,,0,,,,0,,,,,1004,1004,0,2,3,0,3,3,1,0,1,9,10,11,1,0,2,0,1,0,133472,0.724,1.492,0.027
306,11.135,8.716,0.001,0.124,0.055,0,0,,0,,,,0,,,,,1004,1004,0,2,3,0,3,3,1,0,1,9,10,11,1,0,2,0,1,0,133472,0.474,1.222,0.02
307,2.309,0.147,0.001,0.049,0.032,0,0,,0,,,,0,,,,,1004,1004,0,2,3,0,3,3,1,0,1,9,10,11,1,0,2,0,1,0,133472,0.462,1.308,0.016
308,3.031,0.573,0.001,0.108,0.056,0,0,,0,,,,0,,,,,1004,1004,0,2,3,0,3,3,1,0,1,9,10,11,1,0,2,0,1,0,133472,0.398,1.378,0.019
309,2.494,0.035,0.001,0.07,0.04,0,0,,0,,,,0,,,,,1004,1004,0,2,3,0,3,3,1,0,1,9,10,11,1,0,2,0,1,0,133472,0.587,1.342,0.02
310,2.265,0.057,0.001,0.051,0.026,0,0,,0,,,,0,,,,,1004,1004,0,2,3,0,3,3,1,0,1,9,10,11,1,0,2,0,1,0,133472,0.506,1.321,0.011
311,4.849,2.607,0,0.117,0.047,0,0,,0,,,,0,,,,,1004,1004,0,2,3,0,3,3,1,0,1,9,10,11,1,0,2,0,1,0,133472,0.435,1.183,0.012
312,2.193,0.001,0,0.044,0.031,0,0,,0,,,,0,,,,,1004,1004,0,2,3,0,3,3,1,0,1,9,10,11,1,0,2,0,1,0,133472,0.563,1.235,0.01
313,2.002,0,0,0.044,0.037,0,0,,0,,,,0,,,,,1004,1004,0,2,3,0,3,3,1,0,1,9,10,11,1,0,2,0,1,0,133472,0.475,1.132,0.011
314,1.899,0.001,0.001,0.057,0.028,0,0,,0,,,,0,,,,,1004,1004,0,2,3,0,3,3,1,0,1,9,10,11,1,0,2,0,1,0,133472,0.445,1.08,0.011
315,2.571,0,0,0.051,0.034,0,0,,0,,,,0,,,,,1004,1004,0,2,3,0,3,3,1,0,1,9,10,11,1,0,2,0,1,0,133472,0.707,1.383,0.012
316,2.303,0,0,0.06,0.03,0,0,,0,,,,0,,,,,1004,1004,0,2,3,0,3,3,1,0,1,9,10,11,1,0,2,0,1,0,133472,0.592,1.296,0.011
317,1.974,0,0,0.046,0.035,0,0,,0,,,,0,,,,,1004,1004,0,2,3,0,3,3,1,0,1,9,10,11,1,0,2,0,1,0,133472,0.456,1.157,0.013
318,2.533,0.407,0,0.057,0.042,0,0,,0,,,,0,,,,,1004,1004,0,2,3,0,3,3,1,0,1,9,10,11,1,0,2,0,1,0,133472,0.548,1.128,0.016
319,3.041,0.299,0.001,0.052,0.793,0,0,,0,,,,0,,,,,1004,1004,0,2,3,0,3,3,1,0,1,9,10,11,1,0,2,0,1,0,133472,0.429,1.163,0.014
320,1.954,0.002,0,0.068,0.051,0,0,,0,,,,0,,,,,1004,1004,0,2,3,0,3,3,1,0,1,9,10,11,1,0,2,0,1,0,133472,0.472,1.036,0.01
321,1.829,0.225,0,0.048,0.025,0,0,,0,,,,0,,,,,1004,1004,0,2,3,0,3,3,1,0,1,9,10,11,1,0,2,0,1,0,133472,0.478,0.803,0.006
322,3.546,0.748,0,0.083,0.066,0,0,,0,,,,0,,,,,1004,1004,0,2,3,0,3,3,1,0,1,9,10,11,1,0,2,0,1,0,133472,0.656,1.505,0.013
323,2.612,0.115,0.001,0.073,0.023,0,0,,0,,,,0,,,,,1004,1004,0,2,3,0,3,3,1,0,1,9,10,11,1,0,2,0,1,0,133472,0.643,1.395,0.009
324,1.267,0.001,0,0.048,0.026,0,0,,0,,,,0,,,,,1004,1004,0,2,3,0,3,3,1,0,1,9,10,11,1,0,2,0,1,0,133472,0.34,0.677,0.004
325,2.228,0.802,0.001,0.11,0.03,0,0,,0,,,,0,,,,,1004,1004,0,2,3,0,3,3,1,0,1,9,10,11,1,0,2,0,1,0,133472,0.352,0.655,0.006
326,1.231,0.006,0,0.031,0.028,0,0,,0,,,,0,,,,,1004,1004,0,2,3,0,3,3,1,0,1,9,10,11,1,0,2,0,1,0,133472,0.35,0.66,0.005
327,2.449,0.001,0,0.035,0.086,0,0,,0,,,,0,,,,,1004,1004,0,2,3,0,3,3,1,0,1,9,10,11,1,0,2,0,1,0,133472,0.431,1.35,0.015
328,2.634,0.001,0.001,0.09,0.07,0,0,,0,,,,0,,,,,1004,1004,0,2,3,0,3,3,1,0,1,9,10,11,1,0,2,0,1,0,133472,0.763,1.172,0.019
329,3.895,0.002,0.001,0.087,0.08,0,0,,0,,,,0,,,,,1004,1004,0,2,3,0,3,3,1,0,1,9,10,11,1,0,2,0,1,0,133472,1.123,2.06,0.03
330,3.14,0.001,0.001,0.08,0.172,0,0,,1,937.5,233803776,288911360,1,71217344,71217344,167755776,38823561584,1004,1004,0,2,3,0,3,3,1,0,1,9,10,11,1,0,2,0,1,0,133472,0.633,1.654,0.028
331,3.136,0.002,0.001,0.086,0.061,0,0,,0,,,,0,,,,,1004,1004,0,2,3,0,3,3,1,0,1,9,10,11,1,0,2,0,1,0,133472,0.587,1.612,0.02
332,2.99,0.001,0.001,0.053,0.056,0,0,,0,,,,0,,,,,1004,1004,0,2,3,0,3,3,1,0,1,9,10,11,1,0,2,0,1,0,133472,0.644,1.789,0.024
333,3.28,0.001,0,0.059,0.082,0,0,,0,,,,0,,,,,1004,1004,0,2,3,0,3,3,1,0,1,9,10,11,1,0,2,0,1,0,133472,0.924,1.7,0.026
334,7.084,5.358,0.001,0.055,0.041,0,0,,0,,,,0,,,,,1004,1004,0,2,3,0,3,3,1,0,1,9,10,11,1,0,2,0,1,0,133472,0.402,0.886,0.013
335,13.12,10.934,0.001,0.078,0.06,0,0,,0,,,,0,,,,,1004,1004,0,2,3,0,3,3,1,0,1,9,10,11,1,0,2,0,1,0,133472,0.457,1.163,0.017
336,9.215,6.967,0.001,0.147,0.048,0,0,,0,,,,0,,,,,1004,1004,0,2,3,0,3,3,1,0,1,9,10,11,1,0,2,0,1,0,133472,0.451,1.127,0.016
337,1.965,0.001,0,0.04,0.034,0,0,,0,,,,0,,,,,1004,1004,0,2,3,0,3,3,1,0,1,9,10,11,1,0,2,0,1,0,133472,0.464,1.141,0.013
338,1.707,0,0,0.045,0.026,0,0,,0,,,,0,,,,,1004,1004,0,2,3,0,3,3,1,0,1,9,10,11,1,0,2,0,1,0,133472,0.404,0.988,0.009
339,1.654,0,0,0.045,0.033,0,0,,0,,,,0,,,,,1004,1004,0,2,3,0,3,3,1,0,1,9,10,11,1,0,2,0,1,0,133472,0.39,0.957,0.009
340,1.921,0,0,0.045,0.028,0,0,,0,,,,0,,,,,1004,1004,0,2,3,0,3,3,1,0,1,9,10,11,1,0,2,0,1,0,133472,0.538,1.027,0.009
341,2.01,0,0,0.049,0.03,0,0,,0,,,,0,,,,,1004,1004,0,2,3,0,3,3,1,0,1,9,10,11,1,0,2,0,1,0,133472,0.465,1.204,0.01
342,1.921,0,0,0.044,0.022,0,0,,0,,,,0,,,,,1004,1004,0,2,3,0,3,3,1,0,1,9,10,11,1,0,2,0,1,0,133472,0.487,1.089,0.009
343,3.189,1.209,0.001,0.121,0.044,0,0,,0,,,,0,,,,,1004,1004,0,2,3,0,3,3,1,0,1,9,10,11,1,0,2,0,1,0,133472,0.39,1.037,0.012
344,3.145,0.803,0,0.076,0.054,0,0,,0,,,,0,,,,,1004,1004,0,2,3,0,3,3,1,0,1,9,10,11,1,0,2,0,1,0,133472,0.487,1.36,0.019
345,2.267,0.37,0,0.059,0.038,0,0,,0,,,,0,,,,,1004,1004,0,2,3,0,3,3,1,0,1,9,10,11,1,0,2,0,1,0,133472,0.451,1.05,0.012
346,2.739,0.841,0,0.053,0.054,0,0,,0,,,,0,,,,,1004,1004,0,2,3,0,3,3,1,0,1,9,10,11,1,0,2,0,1,0,133472,0.397,1.102,0.015
347,3.987,1.572,0.001,0.057,0.052,0,0,,0,,,,0,,,,,1004,1004,0,2,3,0,3,3,1,0,1,9,10,11,1,0,2,0,1,0,133472,0.592,1.343,0.014
348,2.41,0,0,0.055,0.076,0,0,,0,,,,0,,,,,1004,1004,0,2,3,0,3,3,1,0,1,9,10,11,1,0,2,0,1,0,133472,0.448,1.367,0.013
349,2.56,0.36,0,0.062,0.064,0,0,,0,,,,0,,,,,1004,1004,0,2,3,0,3,3,1,0,1,9,10,11,1,0,2,0,1,0,133472,0.422,1.294,0.015
350,2.447,0.117,0,0.061,0.052,0,0,,0,,,,0,,,,,1004,1004,0,2,3,0,3,3,1,0,1,9,10,11,1,0,2,0,1,0,133472,0.576,1.254,0.012
351,1.933,0.001,0.001,0.063,0.031,0,0,,0,,,,0,,,,,1004,1004,0,2,3,0,3,3,1,0,1,9,10,11,1,0,2,0,1,0,133472,0.44,1.106,0.01
352,1.978,0.208,0.001,0.052,0.039,0,0,,0,,,,0,,,,,1004,1004,0,2,3,0,3,3,1,0,1,9,10,11,1,0,2,0,1,0,133472,0.401,0.996,0.01
353,2.735,0.517,0,0.075,0.037,0,0,,0,,,,0,,,,,1004,1004,0,2,3,0,3,3,1,0,1,9,10,11,1,0,2,0,1,0,133472,0.491,1.242,0.012
354,2.732,0.672,0,0.068,0.031,0,0,,0,,,,0,,,,,1004,1004,0,2,3,0,3,3,1,0,1,9,10,11,1,0,2,0,1,0,133472,0.42,1.148,0.01
355,2.038,0.195,0,0.04,0.038,0,0,,0,,,,0,,,,,1004,1004,0,2,3,0,3,3,1,0,1,9,10,11,1,0,2,0,1,0,133472,0.38,1.12,0.011
356,2.577,0.789,0,0.063,0.045,0,0,,0,,,,0,,,,,1004,1004,0,2,3,0,3,3,1,0,1,9,10,11,1,0,2,0,1,0,133472,0.363,1.014,0.011
357,1.836,0,0,0.058,0.031,0,0,,0,,,,0,,,,,1004,1004,0,2,3,0,3,3,1,0,1,9,10,11,1,0,2,0,1,0,133472,0.413,1.079,0.01
358,2.211,0.254,0,0.047,0.032,0,0,,0,,,,0,,,,,1004,1004,0,2,3,0,3,3,1,0,1,9,10,11,1,0,2,0,1,0,133472,0.445,1.141,0.01
359,1.862,0.213,0,0.045,0.028,0,0,,0,,,,0,,,,,1004,1004,0,2,3,0,3,3,1,0,1,9,10,11,1,0,2,0,1,0,133472,0.399,0.893,0.008
360,2.228,0.523,0,0.109,0.038,0,0,,1,1015.625,233811968,288911360,1,71217344,71217344,167755776,38823561584,1004,1004,0,2,3,0,3,3,1,0,1,9,10,11,1,0,2,0,1,0,133472,0.288,1.031,0.012
361,1.721,0.001,0,0.052,0.03,0,0,,0,,,,0,,,,,1004,1004,0,2,3,0,3,3,1,0,1,9,10,11,1,0,2,0,1,0,133472,0.428,0.955,0.011
362,1.666,0.169,0,0.042,0.024,0,0,,0,,,,0,,,,,1004,1004,0,2,3,0,3,3,1,0,1,9,10,11,1,0,2,0,1,0,133472,0.435,0.743,0.01
363,2.722,0.052,0,0.032,0.048,0,0,,0,,,,0,,,,,1004,1004,0,2,3,0,3,3,1,0,1,9,10,11,1,0,2,0,1,0,133472,0.8,1.382,0.013
364,2.398,0.001,0,0.066,0.045,0,0,,0,,,,0,,,,,1004,1004,0,2,3,0,3,3,1,0,1,9,10,11,1,0,2,0,1,0,133472,0.626,1.317,0.009
365,2.421,0.001,0.001,0.063,0.134,0,0,,0,,,,0,,,,,1004,1004,0,2,3,0,3,3,1,0,1,9,10,11,1,0,2,0,1,0,133472,0.577,1.232,0.034
366,1.991,0.001,0.001,0.061,0.04,0,0,,0,,,,0,,,,,1004,1004,0,2,3,0,3,3,1,0,1,9,10,11,1,0,2,0,1,0,133472,0.709,0.888,0.011
367,1.463,0,0,0.045,0.021,0,0,,0,,,,0,,,,,1004,1004,0,2,3,0,3,3,1,0,1,9,10,11,1,0,2,0,1,0,133472,0.354,0.825,0.006
368,1.351,0,0.001,0.037,0.025,0,0,,0,,,,0,,,,,1004,1004,0,2,3,0,3,3,1,0,1,9,10,11,1,0,2,0,1,0,133472,0.344,0.754,0.006
369,2.255,0.788,0,0.044,0.055,0,0,,0,,,,0,,,,,1004,1004,0,2,3,0,3,3,1,0,1,9,10,11,1,0,2,0,1,0,133472,0.36,0.745,0.009
370,3.449,0.902,0.001,0.083,0.058,0,0,,0,,,,0,,,,,1004,1004,0,2,3,0,3,3,1,0,1,9,10,11,1,0,2,0,1,0,133472,0.57,1.274,0.02
371,2.252,0.172,0.001,0.046,0.044,0,0,,0,,,,0,,,,,1004,1004,0,2,3,0,3,3,1,0,1,9,10,11,1,0,2,0,1,0,133472,0.546,1.004,0.01
372,2.067,0.376,0,0.054,0.037,0,0,,0,,,,0,,,,,1004,1004,0,2,3,0,3,3,1,0,1,9,10,11,1,0,2,0,1,0,133472,0.409,0.873,0.032
373,2.41,0.81,0,0.042,0.038,0,0,,0,,,,0,,,,,1004,1004,0,2,3,0,3,3,1,0,1,9,10,11,1,0,2,0,1,0,133472,0.392,0.847,0.008
374,2.316,0.925,0.001,0.152,0.035,0,0,,0,,,,0,,,,,1004,1004,0,2,3,0,3,3,1,0,1,9,10,11,1,0,2,0,1,0,133472,0.328,0.639,0.006
375,2.643,1.033,0,0.078,0.03,0,0,,0,,,,0,,,,,1004,1004,0,2,3,0,3,3,1,0,1,9,10,11,1,0,2,0,1,0,133472,0.331,0.841,0.01
376,2.931,0.695,0.001,0.067,0.064,0,0,,0,,,,0,,,,,1004,1004,0,2,3,0,3,3,1,0,1,9,10,11,1,0,2,0,1,0,133472,0.422,1.335,0.025
377,3.494,1.975,0,0.072,0.037,0,0,,0,,,,0,,,,,1004,1004,0,2,3,0,3,3,1,0,1,9,10,11,1,0,2,0,1,0,133472,0.362,0.745,0.008
378,2.558,1.015,0,0.072,0.043,0,0,,0,,,,0,,,,,1004,1004,0,2,3,0,3,3,1,0,1,9,10,11,1,0,2,0,1,0,133472,0.306,0.754,0.028
379,3.389,1.69,0,0.107,0.032,0,0,,0,,,,0,,,,,1004,1004,0,2,3,0,3,3,1,0,1,9,10,11,1,0,2,0,1,0,133472,0.415,0.759,0.01
380,2.973,0.6,0.001,0.09,0.044,0,0,,0,,,,0,,,,,1004,1004,0,2,3,0,3,3,1,0,1,9,10,11,1,0,2,0,1,0,133472,0.857,0.852,0.013
381,2.144,0.128,0,0.046,0.033,0,0,,0,,,,0,,,,,1004,1004,0,2,3,0,3,3,1,0,1,9,10,11,1,0,2,0,1,0,133472,0.442,1.097,0.027
382,3.535,1.759,0.001,0.057,0.051,0,0,,0,,,,0,,,,,1004,1004,0,2,3,0,3,3,1,0,1,9,10,11,1,0,2,0,1,0,133472,0.408,0.934,0.011
383,4.256,2.043,0,0.049,0.81,0,0,,0,,,,0,,,,,1004,1004,0,2,3,0,3,3,1,0,1,9,10,11,1,0,2,0,1,0,133472,0.336,0.757,0.009
384,2.048,0.321,0,0.053,0.043,0,0,,0,,,,0,,,,,1004,1004,0,2,3,0,3,3,1,0,1,9,10,11,1,0,2,0,1,0,133472,0.396,0.926,0.01
385,5.393,2.298,0.001,0.067,0.085,0,0,,0,,,,0,,,,,1004,1004,0,2,3,0,3,3,1,0,1,9,10,11,1,0,2,0,1,0,133472,0.476,1.989,0.025
386,11.195,9.517,0,0.056,0.05,0,0,,0,,,,0,,,,,1004,1004,0,2,3,0,3,3,1,0,1,9,10,11,1,0,2,0,1,0,133472,0.367,0.866,0.013
387,3.571,1.216,0.001,0.06,0.206,0,0,,0,,,,0,,,,,1004,1004,0,2,3,0,3,3,1,0,1,9,10,11,1,0,2,0,1,0,133472,0.475,1.203,0.017
388,2.25,0.002,0,0.05,0.073,0,0,,0,,,,0,,,,,1004,1004,0,2,3,0,3,3,1,0,1,9,10,11,1,0,2,0,1,0,133472,0.449,1.244,0.025
389,3.188,0.19,0,0.059,0.066,0,0,,0,,,,0,,,,,1004,1004,0,2,3,0,3,3,1,0,1,9,10,11,1,0,2,0,1,0,133472,0.711,1.498,0.02
390,3.306,0.001,0.001,0.067,0.063,0,0,,1,1062.5,233820160,288911360,1,71217344,71217344,167755776,38823561584,1004,1004,0,2,3,0,3,3,1,0,1,9,10,11,1,0,2,0,1,0,133472,0.635,2.038,0.023
391,7.584,5.671,0.001,0.096,0.052,0,0,,0,,,,0,,,,,1004,1004,0,2,3,0,3,3,1,0,1,9,10,11,1,0,2,0,1,0,133472,0.397,0.943,0.013
392,13.836,11.875,0.001,0.093,0.057,0,0,,0,,,,0,,,,,1004,1004,0,2,3,0,3,3,1,0,1,9,10,11,1,0,2,0,1,0,133472,0.424,0.925,0.013
393,3.901,1.039,0.001,0.076,0.085,0,0,,0,,,,0,,,,,1004,1004,0,2,3,0,3,3,1,0,1,9,10,11,1,0,2,0,1,0,133472,0.573,1.581,0.029
394,3.149,0.002,0,0.074,0.063,0,0,,0,,,,0,,,,,1004,1004,0,2,3,0,3,3,1,0,1,9,10,11,1,0,2,0,1,0,133472,0.664,1.849,0.024
395,2.914,0,0,0.111,0.055,0,0,,0,,,,0,,,,,1004,1004,0,2,3,0,3,3,1,0,1,9,10,11,1,0,2,0,1,0,133472,0.65,1.636,0.024
396,2.893,0,0.001,0.074,0.051,0,0,,0,,,,0,,,,,1004,1004,0,2,3,0,3,3,1,0,1,9,10,11,1,0,2,0,1,0,133472,0.676,1.607,0.021
397,2.878,0.001,0,0.068,0.057,0,0,,0,,,,0,,,,,1004,1004,0,2,3,0,3,3,1,0,1,9,10,11,1,0,2,0,1,0,133472,0.638,1.673,0.023
398,2.864,0.001,0,0.076,0.065,0,0,,0,,,,0,,,,,1004,1004,0,2,3,0,3,3,1,0,1,9,10,11,1,0,2,0,1,0,133472,0.669,1.553,0.023
399,2.879,0.001,0,0.075,0.049,0,0,,0,,,,0,,,,,1004,1004,0,2,3,0,3,3,1,0,1,9,10,11,1,0,2,0,1,0,133472,0.594,1.699,0.018
400,3.685,0.001,0.001,0.073,0.117,0,0,,0,,,,0,,,,,1004,1004,0,2,3,0,3,3,1,0,1,9,10,11,1,0,2,0,1,0,133472,0.715,1.94,0.297
401,1.943,0.003,0,0.068,0.043,0,0,,0,,,,0,,,,,1004,1004,0,2,3,0,3,3,1,0,1,9,10,11,1,0,2,0,1,0,133472,0.471,1,0.011
402,4.532,1.853,0,0.078,0.069,0,0,,0,,,,0,,,,,1004,1004,0,2,3,0,3,3,1,0,1,9,10,11,1,0,2,0,1,0,133472,0.551,1.542,0.02
403,8.748,5.863,0,0.074,0.066,0,0,,0,,,,0,,,,,1004,1004,0,2,3,0,3,3,1,0,1,9,10,11,1,0,2,0,1,0,133472,0.605,1.616,0.025
404,14.963,12.471,0.001,0.088,0.094,0,0,,0,,,,0,,,,,1004,1004,0,2,3,0,3,3,1,0,1,9,10,11,1,0,2,0,1,0,133472,0.463,1.348,0.024
405,5.433,2.705,0.001,0.072,0.122,0,0,,0,,,,0,,,,,1004,1004,0,2,3,0,3,3,1,0,1,9,10,11,1,0,2,0,1,0,133472,0.595,1.461,0.019
406,2.944,0.695,0.001,0.075,0.055,0,0,,0,,,,0,,,,,1004,1004,0,2,3,0,3,3,1,0,1,9,10,11,1,0,2,0,1,0,133472,0.452,1.314,0.014
407,2.039,0,0,0.042,0.036,0,0,,0,,,,0,,,,,1004,1004,0,2,3,0,3,3,1,0,1,9,10,11,1,0,2,0,1,0,133472,0.484,1.191,0.01
408,3.651,1.015,0,0.082,0.064,0,0,,0,,,,0,,,,,1004,1004,0,2,3,0,3,3,1,0,1,9,10,11,1,0,2,0,1,0,133472,0.663,1.362,0.021
409,2.35,0.001,0,0.053,0.038,0,0,,0,,,,0,,,,,1004,1004,0,2,3,0,3,3,1,0,1,9,10,11,1,0,2,0,1,0,133472,0.559,1.364,0.014
410,2.832,0.402,0,0.069,0.04,0,0,,0,,,,0,,,,,1004,1004,0,2,3,0,3,3,1,0,1,9,10,11,1,0,2,0,1,0,133472,0.576,1.369,0.013
411,4.621,1.59,0.001,0.111,0.072,0,0,,0,,,,0,,,,,1004,1004,0,2,3,0,3,3,1,0,1,9,10,11,1,0,2,0,1,0,133472,0.677,1.673,0.022
412,10.329,7.601,0.001,0.172,0.058,0,0,,0,,,,0,,,,,1004,1004,0,2,3,0,3,3,1,0,1,9,10,11,1,0,2,0,1,0,133472,0.606,1.338,0.023
413,10.301,8.13,0,0.096,0.06,0,0,,0,,,,0,,,,,1004,1004,0,2,3,0,3,3,1,0,1,9,10,11,1,0,2,0,1,0,133472,0.449,1.128,0.014
414,3.756,1.465,0,0.073,0.054,0,0,,0,,,,0,,,,,1004,1004,0,2,3,0,3,3,1,0,1,9,10,11,1,0,2,0,1,0,133472,0.517,1.186,0.015
415,3.047,0.402,0,0.067,0.097,0,0,,0,,,,0,,,,,1004,1004,0,2,3,0,3,3,1,0,1,9,10,11,1,0,2,0,1,0,133472,0.53,1.502,0.027
416,3.079,0.058,0.001,0.068,0.074,0,0,,0,,,,0,,,,,1004,1004,0,2,3,0,3,3,1,0,1,9,10,11,1,0,2,0,1,0,133472,0.783,1.65,0.028
417,2.559,0.001,0,0.074,0.032,0,0,,0,,,,0,,,,,1004,1004,0,2,3,0,3,3,1,0,1,9,10,11,1,0,2,0,1,0,133472,0.588,1.452,0.016
418,26.641,24.015,0.001,0.071,0.081,0,0,,0,,,,0,,,,,1004,1004,0,2,3,0,3,3,1,0,1,9,10,11,1,0,2,0,1,0,133472,0.521,1.431,0.026
419,12.696,9.317,0.001,0.07,0.122,0,0,,0,,,,0,,,,,1004,1004,0,2,3,0,3,3,1,0,1,9,10,11,1,0,2,0,1,0,133472,0.682,1.877,0.028
420,3.103,0.002,0,0.082,0.066,0,0,,1,1187.5,233828352,288911360,1,71217344,71217344,167755776,38823561584,1004,1004,0,2,3,0,3,3,1,0,1,9,10,11,1,0,2,0,1,0,133472,0.718,1.73,0.024
421,3.009,0.001,0,0.079,0.055,0,0,,0,,,,0,,,,,1004,1004,0,2,3,0,3,3,1,0,1,9,10,11,1,0,2,0,1,0,133472,0.725,1.65,0.023
422,3.17,0,0.001,0.073,0.069,0,0,,0,,,,0,,,,,1004,1004,0,2,3,0,3,3,1,0,1,9,10,11,1,0,2,0,1,0,133472,0.714,1.789,0.034
423,2.711,0.499,0,0.084,0.544,0,0,,0,,,,0,,,,,1004,1004,0,2,3,0,3,3,1,0,1,9,10,11,1,0,2,0,1,0,133472,0.417,0.793,0.009
424,2.843,0.001,0.001,0.136,0.07,0,0,,0,,,,0,,,,,1004,1004,0,2,3,0,3,3,1,0,1,9,10,11,1,0,2,0,1,0,133472,0.634,1.504,0.018
425,2.502,0.001,0,0.081,0.048,0,0,,0,,,,0,,,,,1004,1004,0,2,3,0,3,3,1,0,1,9,10,11,1,0,2,0,1,0,133472,0.623,1.361,0.016
426,2.487,0,0.001,0.079,0.046,0,0,,0,,,,0,,,,,1004,1004,0,2,3,0,3,3,1,0,1,9,10,11,1,0,2,0,1,0,133472,0.553,1.465,0.029
427,2.709,0,0.001,0.075,0.045,0,0,,0,,,,0,,,,,1004,1004,0,2,3,0,3,3,1,0,1,9,10,11,1,0,2,0,1,0,133472,0.673,1.513,0.014
428,3.033,0,0.001,0.086,0.056,0,0,,0,,,,0,,,,,1004,1004,0,2,3,0,3,3,1,0,1,9,10,11,1,0,2,0,1,0,133472,0.638,1.799,0.024
429,2.993,0,0,0.078,0.053,0,0,,0,,,,0,,,,,1004,1004,0,2,3,0,3,3,1,0,1,9,10,11,1,0,2,0,1,0,133472,0.671,1.717,0.019
430,2.998,0,0.001,0.081,0.051,0,0,,0,,,,0,,,,,1004,1004,0,2,3,0,3,3,1,0,1,9,10,11,1,0,2,0,1,0,133472,0.658,1.788,0.017
431,2.919,0.001,0,0.065,0.055,0,0,,0,,,,0,,,,,1004,1004,0,2,3,0,3,3,1,0,1,9,10,11,1,0,2,0,1,0,133472,0.658,1.68,0.02
432,3.084,0.001,0,0.069,0.071,0,0,,0,,,,0,,,,,1004,1004,0,2,3,0,3,3,1,0,1,9,10,11,1,0,2,0,1,0,133472,0.644,1.83,0.024
433,3.05,0.001,0,0.07,0.06,0,0,,0,,,,0,,,,,1004,1004,0,2,3,0,3,3,1,0,1,9,10,11,1,0,2,0,1,0,133472,0.671,1.746,0.023
434,3.213,0,0,0.075,0.125,0,0,,0,,,,0,,,,,1004,1004,0,2,3,0,3,3,1,0,1,9,10,11,1,0,2,0,1,0,133472,0.682,1.822,0.022
435,9.016,5.986,0,0.129,0.079,0,0,,0,,,,0,,,,,1004,1004,0,2,3,0,3,3,1,0,1,9,10,11,1,0,2,0,1,0,133472,0.626,1.64,0.025
436,3.142,0.001,0,0.07,0.089,0,0,,0,,,,0,,,,,1004,1004,0,2,3,0,3,3,1,0,1,9,10,11,1,0,2,0,1,0,133472,0.646,1.825,0.027
437,3.177,0.001,0,0.083,0.065,0,0,,0,,,,0,,,,,1004,1004,0,2,3,0,3,3,1,0,1,9,10,11,1,0,2,0,1,0,133472,0.716,1.831,0.023
438,3.068,0.001,0.001,0.076,0.051,0,0,,0,,,,0,,,,,1004,1004,0,2,3,0,3,3,1,0,1,9,10,11,1,0,2,0,1,0,133472,0.634,1.799,0.021
439,2.754,0.001,0,0.087,0.048,0,0,,0,,,,0,,,,,1004,1004,0,2,3,0,3,3,1,0,1,9,10,11,1,0,2,0,1,0,133472,0.601,1.601,0.017
440,7.842,4.696,0.001,0.086,0.081,0,0,,0,,,,0,,,,,1004,1004,0,2,3,0,3,3,1,0,1,9,10,11,1,0,2,0,1,0,133472,0.651,1.734,0.028
441,11.241,8.275,0.001,0.083,0.091,0,0,,0,,,,0,,,,,1004,1004,0,2,3,0,3,3,1,0,1,9,10,11,1,0,2,0,1,0,133472,0.637,1.607,0.027
442,3.094,0.001,0,0.077,0.052,0,0,,0,,,,0,,,,,1004,1004,0,2,3,0,3,3,1,0,1,9,10,11,1,0,2,0,1,0,133472,0.709,1.765,0.02
443,2.765,0,0,0.066,0.05,0,0,,0,,,,0,,,,,1004,1004,0,2,3,0,3,3,1,0,1,9,10,11,1,0,2,0,1,0,133472,0.633,1.615,0.017
444,2.62,0.001,0,0.064,0.052,0,0,,0,,,,0,,,,,1004,1004,0,2,3,0,3,3,1,0,1,9,10,11,1,0,2,0,1,0,133472,0.628,1.483,0.015
445,2.66,0.345,0,0.062,0.053,0,0,,0,,,,0,,,,,1004,1004,0,2,3,0,3,3,1,0,1,9,10,11,1,0,2,0,1,0,133472,0.541,1.299,0.014
446,2.989,0.38,0,0.06,0.083,0,0,,0,,,,0,,,,,1004,1004,0,2,3,0,3,3,1,0,1,9,10,11,1,0,2,0,1,0,133472,0.485,1.552,0.021
447,2.83,0.001,0.001,0.076,0.095,0,0,,0,,,,0,,,,,1004,1004,0,2,3,0,3,3,1,0,1,9,10,11,1,0,2,0,1,0,133472,0.902,1.326,0.024
448,2.935,0.001,0,0.074,0.057,0,0,,0,,,,0,,,,,1004,1004,0,2,3,0,3,3,1,0,1,9,10,11,1,0,2,0,1,0,133472,0.591,1.41,0.04
449,9.121,6.942,0,0.07,0.087,0,0,,0,,,,0,,,,,1004,1004,0,2,3,0,3,3,1,0,1,9,10,11,1,0,2,0,1,0,133472,0.516,1.086,0.015
450,11.147,7.814,0.001,0.088,0.085,0,0,,1,1265.625,233893888,288911360,1,71217344,71217344,167755776,38823561584,1004,1004,0,2,3,0,3,3,1,0,1,9,10,11,1,0,2,0,1,0,133472,0.769,1.759,0.03
451,15.149,12.007,0,0.092,0.084,0,0,,0,,,,0,,,,,1004,1004,0,2,3,0,3,3,1,0,1,9,10,11,1,0,2,0,1,0,133472,0.619,1.737,0.03
452,14.949,12.546,0,0.073,0.08,0,0,,0,,,,0,,,,,1004,1004,0,2,3,0,3,3,1,0,1,9,10,11,1,0,2,0,1,0,133472,0.508,1.171,0.048
453,17.589,14.682,0,0.069,0.073,0,0,,0,,,,0,,,,,1004,1004,0,2,3,0,3,3,1,0,1,9,10,11,1,0,2,0,1,0,133472,0.563,1.62,0.052
454,3.215,0.001,0,0.104,0.058,0,0,,0,,,,0,,,,,1004,1004,0,2,3,0,3,3,1,0,1,9,10,11,1,0,2,0,1,0,133472,0.73,1.825,0.022
455,3.067,0.001,0,0.07,0.059,0,0,,0,,,,0,,,,,1004,1004,0,2,3,0,3,3,1,0,1,9,10,11,1,0,2,0,1,0,133472,0.628,1.886,0.018
456,2.756,0.001,0,0.085,0.041,0,0,,0,,,,0,,,,,1004,1004,0,2,3,0,3,3,1,0,1,9,10,11,1,0,2,0,1,0,133472,0.587,1.687,0.014
457,2.766,0,0.001,0.056,0.043,0,0,,0,,,,0,,,,,1004,1004,0,2,3,0,3,3,1,0,1,9,10,11,1,0,2,0,1,0,133472,0.631,1.668,0.014
458,2.737,0,0,0.06,0.048,0,0,,0,,,,0,,,,,1004,1004,0,2,3,0,3,3,1,0,1,9,10,11,1,0,2,0,1,0,133472,0.579,1.68,0.015
459,3.001,0,0,0.064,0.045,0,0,,0,,,,0,,,,,1004,1004,0,2,3,0,3,3,1,0,1,9,10,11,1,0,2,0,1,0,133472,0.643,1.833,0.015
460,2.64,0,0,0.062,0.03,0,0,,0,,,,0,,,,,1004,1004,0,2,3,0,3,3,1,0,1,9,10,11,1,0,2,0,1,0,133472,0.614,1.546,0.012
461,12.297,9.525,0.001,0.112,0.086,0,0,,0,,,,0,,,,,1004,1004,0,2,3,0,3,3,1,0,1,9,10,11,1,0,2,0,1,0,133472,0.567,1.48,0.02
462,13.274,11.627,0,0.085,0.042,0,0,,0,,,,0,,,,,1004,1004,0,2,3,0,3,3,1,0,1,9,10,11,1,0,2,0,1,0,133472,0.315,0.798,0.009
463,2.912,1.027,0,0.114,0.039,0,0,,0,,,,0,,,,,1004,1004,0,2,3,0,3,3,1,0,1,9,10,11,1,0,2,0,1,0,133472,0.465,0.831,0.011
464,3.127,1.337,0.001,0.114,0.036,0,0,,0,,,,0,,,,,1004,1004,0,2,3,0,3,3,1,0,1,9,10,11,1,0,2,0,1,0,133472,0.405,0.815,0.009
465,3.092,1.339,0,0.087,0.056,0,0,,0,,,,0,,,,,1004,1004,0,2,3,0,3,3,1,0,1,9,10,11,1,0,2,0,1,0,133472,0.335,0.836,0.023
466,3.903,2.395,0.001,0.101,0.04,0,0,,0,,,,0,,,,,1004,1004,0,2,3,0,3,3,1,0,1,9,10,11,1,0,2,0,1,0,133472,0.295,0.742,0.008
467,5.282,3.653,0,0.098,0.08,0,0,,0,,,,0,,,,,1004,1004,0,2,3,0,3,3,1,0,1,9,10,11,1,0,2,0,1,0,133472,0.323,0.754,0.007
468,2.663,0.001,0.001,0.081,0.049,0,0,,0,,,,0,,,,,1004,1004,0,2,3,0,3,3,1,0,1,9,10,11,1,0,2,0,1,0,133472,0.608,1.486,0.019
469,2.146,0.001,0.001,0.051,0.039,0,0,,0,,,,0,,,,,1004,1004,0,2,3,0,3,3,1,0,1,9,10,11,1,0,2,0,1,0,133472,0.529,1.218,0.012
470,2.433,0,0,0.06,0.06,0,0,,0,,,,0,,,,,1004,1004,0,2,3,0,3,3,1,0,1,9,10,11,1,0,2,0,1,0,133472,0.544,1.293,0.018
471,1.78,0.001,0,0.048,0.031,0,0,,0,,,,0,,,,,1004,1004,0,2,3,0,3,3,1,0,1,9,10,11,1,0,2,0,1,0,133472,0.393,1.066,0.014
472,1.715,0.001,0,0.051,0.028,0,0,,0,,,,0,,,,,1004,1004,0,2,3,0,3,3,1,0,1,9,10,11,1,0,2,0,1,0,133472,0.478,0.91,0.008
473,3.257,0,0,0.039,0.083,0,0,,0,,,,0,,,,,1004,1004,0,2,3,0,3,3,1,0,1,9,10,11,1,0,2,0,1,0,133472,0.565,2.208,0.025
474,3.189,0.001,0,0.092,0.073,0,0,,0,,,,0,,,,,1004,1004,0,2,3,0,3,3,1,0,1,9,10,11,1,0,2,0,1,0,133472,0.714,1.712,0.023
475,2.084,0.001,0.001,0.087,0.042,0,0,,0,,,,0,,,,,1004,1004,0,2,3,0,3,3,1,0,1,9,10,11,1,0,2,0,1,0,133472,0.45,1.005,0.011
476,2.201,0.001,0.001,0.052,0.038,0,0,,0,,,,0,,,,,1004,1004,0,2,3,0,3,3,1,0,1,9,10,11,1,0,2,0,1,0,133472,0.561,1.238,0.012
477,2.012,0.001,0,0.081,0.027,0,0,,0,,,,0,,,,,1004,1004,0,2,3,0,3,3,1,0,1,9,10,11,1,0,2,0,1,0,133472,0.522,1.07,0.009
478,1.771,0.001,0,0.054,0.019,0,0,,0,,,,0,,,,,1004,1004,0,2,3,0,3,3,1,0,1,9,10,11,1,0,2,0,1,0,133472,0.455,1.009,0.006
479,2.168,0,0,0.036,0.09,0,0,,0,,,,0,,,,,1004,1004,0,2,3,0,3,3,1,0,1,9,10,11,1,0,2,0,1,0,133472,0.369,1.331,0.039
480,2.349,0.001,0.001,0.136,0.054,0,0,,1,1375,233893888,288911360,1,71217344,71217344,167755776,38823561584,1004,1004,0,2,3,0,3,3,1,0,1,9,10,11,1,0,2,0,1,0,133472,0.587,1.043,0.029
481,1.576,0,0,0.063,0.022,0,0,,0,,,,0,,,,,1004,1004,0,2,3,0,3,3,1,0,1,9,10,11,1,0,2,0,1,0,133472,0.48,0.75,0.006
482,1.376,0.001,0,0.036,0.051,0,0,,0,,,,0,,,,,1004,1004,0,2,3,0,3,3,1,0,1,9,10,11,1,0,2,0,1,0,133472,0.32,0.785,0.005
483,3.648,0,0,0.033,0.06,0,0,,0,,,,0,,,,,1004,1004,0,2,3,0,3,3,1,0,1,9,10,11,1,0,2,0,1,0,133472,0.934,2.155,0.152
484,2.711,0.001,0,0.102,0.081,0,0,,0,,,,0,,,,,1004,1004,0,2,3,0,3,3,1,0,1,9,10,11,1,0,2,0,1,0,133472,0.526,1.537,0.038
485,2.522,0.001,0.001,0.082,0.046,0,0,,0,,,,0,,,,,1004,1004,0,2,3,0,3,3,1,0,1,9,10,11,1,0,2,0,1,0,133472,0.611,1.355,0.017
486,2.705,0,0,0.074,0.039,0,0,,0,,,,0,,,,,1004,1004,0,2,3,0,3,3,1,0,1,9,10,11,1,0,2,0,1,0,133472,0.679,1.5,0.013
487,2.771,0,0,0.066,0.046,0,0,,0,,,,0,,,,,1004,1004,0,2,3,0,3,3,1,0,1,9,10,11,1,0,2,0,1,0,133472,0.529,1.738,0.019
488,2.951,0.001,0,0.068,0.048,0,0,,0,,,,0,,,,,1004,1004,0,2,3,0,3,3,1,0,1,9,10,11,1,0,2,0,1,0,133472,0.68,1.737,0.02
489,3.015,0,0,0.075,0.053,0,0,,0,,,,0,,,,,1004,1004,0,2,3,0,3,3,1,0,1,9,10,11,1,0,2,0,1,0,133472,0.686,1.73,0.021
490,2.974,0.001,0.001,0.07,0.045,0,0,,0,,,,0,,,,,1004,1004,0,2,3,0,3,3,1,0,1,9,10,11,1,0,2,0,1,0,133472,0.686,1.688,0.031
491,11.596,8.797,0.001,0.086,0.087,0,0,,0,,,,0,,,,,1004,1004,0,2,3,0,3,3,1,0,1,9,10,11,1,0,2,0,1,0,133472,0.548,1.535,0.031
492,23.561,20.342,0.001,0.07,0.078,0,0,,0,,,,0,,,,,1004,1004,0,2,3,0,3,3,1,0,1,9,10,11,1,0,2,0,1,0,133472,0.818,1.768,0.03
493,27.14,24.295,0.001,0.077,0.08,0,0,,0,,,,0,,,,,1004,1004,0,2,3,0,3,3,1,0,1,9,10,11,1,0,2,0,1,0,133472,0.486,1.695,0.028
494,9.669,7.421,0,0.106,0.07,0,0,,0,,,,0,,,,,1004,1004,0,2,3,0,3,3,1,0,1,9,10,11,1,0,2,0,1,0,133472,0.477,1.092,0.015
495,4.192,0.653,0.001,0.113,0.079,0,0,,0,,,,0,,,,,1004,1004,0,2,3,0,3,3,1,0,1,9,10,11,1,0,2,0,1,0,133472,0.688,1.555,0.023
496,3.646,0.001,0,0.075,0.088,0,0,,0,,,,0,,,,,1004,1004,0,2,3,0,3,3,1,0,1,9,10,11,1,0,2,0,1,0,133472,0.709,2.201,0.035
497,2.711,0.002,0,0.087,0.05,0,0,,0,,,,0,,,,,1004,1004,0,2,3,0,3,3,1,0,1,9,10,11,1,0,2,0,1,0,133472,0.778,1.248,0.019
498,1.948,0.001,0,0.058,0.031,0,0,,0,,,,0,,,,,1004,1004,0,2,3,0,3,3,1,0,1,9,10,11,1,0,2,0,1,0,133472,0.504,1.081,0.01
499,5.118,1.925,0.001,0.075,0.056,0,0,,0,,,,0,,,,,1004,1004,0,2,3,0,3,3,1,0,1,9,10,11,1,0,2,0,1,0,133472,0.606,1.963,0.019
500,2.381,0.001,0.001,0.074,0.055,0,0,,0,,,,0,,,,,1004,1004,0,2,3,0,3,3,1,0,1,9,10,11,1,0,2,0,1,0,133472,0.601,1.161,0.022
501,8.357,6.235,0,0.072,0.045,0,0,,0,,,,0,,,,,1004,1004,0,2,3,0,3,3,1,0,1,9,10,11,1,0,2,0,1,0,133472,0.503,1.101,0.013
502,10.018,6.572,0,0.096,0.125,0,0,,0,,,,0,,,,,1004,1004,0,2,3,0,3,3,1,0,1,9,10,11,1,0,2,0,1,0,133472,0.709,1.843,0.034
503,4.024,0.002,0.001,0.09,0.091,0,0,,0,,,,0,,,,,1004,1004,0,2,3,0,3,3,1,0,1,9,10,11,1,0,2,0,1,0,133472,0.845,2.354,0.037
504,2.397,0.003,0.001,0.102,0.056,0,0,,0,,,,0,,,,,1004,1004,0,2,3,0,3,3,1,0,1,9,10,11,1,0,2,0,1,0,133472,0.514,1.091,0.013
505,4.377,1.08,0.001,0.087,0.085,0,0,,0,,,,0,,,,,1004,1004,0,2,3,0,3,3,1,0,1,9,10,11,1,0,2,0,1,0,133472,0.705,1.837,0.025
506,3.72,0.001,0.001,0.085,0.147,0,0,,0,,,,0,,,,,1004,1004,0,2,3,0,3,3,1,0,1,9,10,11,1,0,2,0,1,0,133472,0.726,2.164,0.03
507,5.012,2.499,0,0.077,0.075,0,0,,0,,,,0,,,,,1004,1004,0,2,3,0,3,3,1,0,1,9,10,11,1,0,2,0,1,0,133472,0.571,1.296,0.019
508,21.679,18.708,0,0.085,0.064,0,0,,0,,,,0,,,,,1004,1004,0,2,3,0,3,3,1,0,1,9,10,11,1,0,2,0,1,0,133472,0.64,1.616,0.027
509,15.026,11.968,0.001,0.089,0.059,0,0,,0,,,,0,,,,,1004,1004,0,2,3,0,3,3,1,0,1,9,10,11,1,0,2,0,1,0,133472,0.651,1.702,0.022
510,17.211,13.915,0.001,0.093,0.079,0,0,,1,1453.125,233893888,288911360,1,71217344,71217344,167755776,38823561584,1004,1004,0,2,3,0,3,3,1,0,1,9,10,11,1,0,2,0,1,0,133472,0.674,1.799,0.029
511,13.473,10.476,0.001,0.088,0.089,0,0,,0,,,,0,,,,,1004,1004,0,2,3,0,3,3,1,0,1,9,10,11,1,0,2,0,1,0,133472,0.626,1.606,0.027
512,3.049,0.001,0.001,0.079,0.061,0,0,,0,,,,0,,,,,1004,1004,0,2,3,0,3,3,1,0,1,9,10,11,1,0,2,0,1,0,133472,0.648,1.731,0.027
513,4.465,1.879,0,0.072,0.066,0,0,,0,,,,0,,,,,1004,1004,0,2,3,0,3,3,1,0,1,9,10,11,1,0,2,0,1,0,133472,0.567,1.387,0.027
514,2.419,0.001,0.001,0.063,0.04,0,0,,0,,,,0,,,,,1004,1004,0,2,3,0,3,3,1,0,1,9,10,11,1,0,2,0,1,0,133472,0.53,1.399,0.016
515,2.568,0.137,0,0.056,0.049,0,0,,0,,,,0,,,,,1004,1004,0,2,3,0,3,3,1,0,1,9,10,11,1,0,2,0,1,0,133472,0.523,1.469,0.019
516,3.118,0.258,0.001,0.075,0.054,0,0,,0,,,,0,,,,,1004,1004,0,2,3,0,3,3,1,0,1,9,10,11,1,0,2,0,1,0,133472,0.673,1.573,0.02
517,3.091,0.001,0,0.07,0.062,0,0,,0,,,,0,,,,,1004,1004,0,2,3,0,3,3,1,0,1,9,10,11,1,0,2,0,1,0,133472,0.72,1.741,0.023
518,3.443,0.617,0,0.074,0.082,0,0,,0,,,,0,,,,,1004,1004,0,2,3,0,3,3,1,0,1,9,10,11,1,0,2,0,1,0,133472,0.574,1.601,0.02
519,2.167,0.001,0,0.073,0.05,0,0,,0,,,,0,,,,,1004,1004,0,2,3,0,3,3,1,0,1,9,10,11,1,0,2,0,1,0,133472,0.537,1.048,0.013
520,3.312,1.072,0,0.069,0.058,0,0,,0,,,,0,,,,,1004,1004,0,2,3,0,3,3,1,0,1,9,10,11,1,0,2,0,1,0,133472,0.498,1.123,0.014
521,3.629,0.496,0,0.116,0.075,0,0,,0,,,,0,,,,,1004,1004,0,2,3,0,3,3,1,0,1,9,10,11,1,0,2,0,1,0,133472,0.68,1.701,0.025
522,5.251,2.688,0.001,0.09,0.048,0,0,,0,,,,0,,,,,1004,1004,0,2,3,0,3,3,1,0,1,9,10,11,1,0,2,0,1,0,133472,0.662,1.204,0.022
523,17.348,14.328,0,0.087,0.069,0,0,,0,,,,0,,,,,1004,1004,0,2,3,0,3,3,1,0,1,9,10,11,1,0,2,0,1,0,133472,0.634,1.646,0.025
524,15.974,12.522,0.001,0.113,0.086,0,0,,0,,,,0,,,,,1004,1004,0,2,3,0,3,3,1,0,1,9,10,11,1,0,2,0,1,0,133472,0.645,1.94,0.031
525,64.46,61.809,0.001,0.077,0.056,0,0,,0,,,,0,,,,,1004,1004,0,2,3,0,3,3,1,0,1,9,10,11,1,0,2,0,1,0,133472,0.587,1.424,0.026
526,15.791,12.498,0.001,0.09,0.08,0,0,,0,,,,0,,,,,1004,1004,0,2,3,0,3,3,1,0,1,9,10,11,1,0,2,0,1,0,133472,0.709,1.83,0.032
527,3.006,0.001,0.001,0.083,0.048,0,0,,0,,,,0,,,,,1004,1004,0,2,3,0,3,3,1,0,1,9,10,11,1,0,2,0,1,0,133472,0.616,1.718,0.035
528,3.205,0.613,0,0.075,0.051,0,0,,0,,,,0,,,,,1004,1004,0,2,3,0,3,3,1,0,1,9,10,11,1,0,2,0,1,0,133472,0.582,1.459,0.02
529,3.158,0,0,0.061,0.079,0,0,,0,,,,0,,,,,1004,1004,0,2,3,0,3,3,1,0,1,9,10,11,1,0,2,0,1,0,133472,0.704,1.791,0.027
530,8.412,5.048,0.001,0.08,0.098,0,0,,0,,,,0,,,,,1004,1004,0,2,3,0,3,3,1,0,1,9,10,11,1,0,2,0,1,0,133472,0.636,1.848,0.033
531,18.671,15.38,0.001,0.124,0.11,0,0,,0,,,,0,,,,,1004,1004,0,2,3,0,3,3,1,0,1,9,10,11,1,0,2,0,1,0,133472,0.673,1.761,0.027
532,14.166,10.814,0.001,0.095,0.075,0,0,,0,,,,0,,,,,1004,1004,0,2,3,0,3,3,1,0,1,9,10,11,1,0,2,0,1,0,133472,0.648,1.887,0.034
533,17.047,13.732,0.001,0.093,0.065,0,0,,0,,,,0,,,,,1004,1004,0,2,3,0,3,3,1,0,1,9,10,11,1,0,2,0,1,0,133472,0.704,1.833,0.026
534,16.651,13.231,0.001,0.07,0.09,0,0,,0,,,,0,,,,,1004,1004,0,2,3,0,3,3,1,0,1,9,10,11,1,0,2,0,1,0,133472,0.767,1.98,0.031
535,17.768,14.562,0.001,0.087,0.079,0,0,,0,,,,0,,,,,1004,1004,0,2,3,0,3,3,1,0,1,9,10,11,1,0,2,0,1,0,133472,0.629,1.818,0.031
536,49.863,46.442,0.001,0.087,0.077,0,0,,0,,,,0,,,,,1004,1004,0,2,3,0,3,3,1,0,1,9,10,11,1,0,2,0,1,0,133472,0.7,1.964,0.029
537,15.607,12.428,0.001,0.093,0.08,0,0,,0,,,,0,,,,,1004,1004,0,2,3,0,3,3,1,0,1,9,10,11,1,0,2,0,1,0,133472,0.659,1.729,0.026
538,15.911,12.153,0,0.128,0.055,0,0,,0,,,,0,,,,,1004,1004,0,2,3,0,3,3,1,0,1,9,10,11,1,0,2,0,1,0,133472,0.996,1.956,0.057
539,17.126,14.096,0.001,0.127,0.07,0,0,,0,,,,0,,,,,1004,1004,0,2,3,0,3,3,1,0,1,9,10,11,1,0,2,0,1,0,133472,0.599,1.635,0.024
540,27.686,25.077,0,0.085,0.063,0,0,,1,1531.25,233893888,288911360,1,71217344,71217344,167755776,38823561584,1004,1004,0,2,3,0,3,3,1,0,1,9,10,11,1,0,2,0,1,0,133472,0.546,1.373,0.02
541,2.513,0.001,0,0.052,0.053,0,0,,0,,,,0,,,,,1004,1004,0,2,3,0,3,3,1,0,1,9,10,11,1,0,2,0,1,0,133472,0.477,1.546,0.024
542,3.237,0.203,0,0.126,0.063,0,0,,0,,,,0,,,,,1004,1004,0,2,3,0,3,3,1,0,1,9,10,11,1,0,2,0,1,0,133472,0.657,1.637,0.018
543,2.304,0.001,0,0.068,0.044,0,0,,0,,,,0,,,,,1004,1004,0,2,3,0,3,3,1,0,1,9,10,11,1,0,2,0,1,0,133472,0.649,1.149,0.015
544,3.212,1.319,0,0.15,0.034,0,0,,0,,,,0,,,,,1004,1004,0,2,3,0,3,3,1,0,1,9,10,11,1,0,2,0,1,0,133472,0.37,0.963,0.014
545,2.766,0.535,0,0.106,0.046,0,0,,0,,,,0,,,,,1004,1004,0,2,3,0,3,3,1,0,1,9,10,11,1,0,2,0,1,0,133472,0.468,1.226,0.014
546,4.411,0.882,0,0.118,0.237,0,0,,0,,,,0,,,,,1004,1004,0,2,3,0,3,3,1,0,1,9,10,11,1,0,2,0,1,0,133472,1.055,1.354,0.02
547,3.555,0.001,0,0.073,0.075,0,0,,0,,,,0,,,,,1004,1004,0,2,3,0,3,3,1,0,1,9,10,11,1,0,2,0,1,0,133472,0.734,2.096,0.026
548,2.629,0.001,0,0.073,0.057,0,0,,0,,,,0,,,,,1004,1004,0,2,3,0,3,3,1,0,1,9,10,11,1,0,2,0,1,0,133472,0.54,1.531,0.015
549,2.31,0,0.001,0.063,0.036,0,0,,0,,,,0,,,,,1004,1004,0,2,3,0,3,3,1,0,1,9,10,11,1,0,2,0,1,0,133472,0.469,1.384,0.014
550,11.371,8.158,0.001,0.086,0.067,0,0,,0,,,,0,,,,,1004,1004,0,2,3,0,3,3,1,0,1,9,10,11,1,0,2,0,1,0,133472,0.626,1.878,0.028
551,1.972,0.001,0,0.062,0.034,0,0,,0,,,,0,,,,,1004,1004,0,2,3,0,3,3,1,0,1,9,10,11,1,0,2,0,1,0,133472,0.496,1.016,0.009
552,12.811,10.091,0,0.077,0.068,0,0,,0,,,,0,,,,,1004,1004,0,2,3,0,3,3,1,0,1,9,10,11,1,0,2,0,1,0,133472,0.527,1.579,0.024
553,16.084,13.197,0.001,0.11,0.081,0,0,,0,,,,0,,,,,1004,1004,0,2,3,0,3,3,1,0,1,9,10,11,1,0,2,0,1,0,133472,0.513,1.685,0.03
554,13.434,11.138,0,0.079,0.071,0,0,,0,,,,0,,,,,1004,1004,0,2,3,0,3,3,1,0,1,9,10,11,1,0,2,0,1,0,133472,0.48,1.163,0.023
555,4.981,2.034,0.001,0.082,0.074,0,0,,0,,,,0,,,,,1004,1004,0,2,3,0,3,3,1,0,1,9,10,11,1,0,2,0,1,0,133472,0.664,1.574,0.03
556,2.707,0.001,0.001,0.107,0.049,0,0,,0,,,,0,,,,,1004,1004,0,2,3,0,3,3,1,0,1,9,10,11,1,0,2,0,1,0,133472,0.634,1.448,0.02
557,3.428,0.302,0,0.059,0.066,0,0,,0,,,,0,,,,,1004,1004,0,2,3,0,3,3,1,0,1,9,10,11,1,0,2,0,1,0,133472,0.702,1.692,0.024
558,2.787,0.001,0,0.068,0.071,0,0,,0,,,,0,,,,,1004,1004,0,2,3,0,3,3,1,0,1,9,10,11,1,0,2,0,1,0,133472,0.585,1.571,0.02
559,3.015,0,0.001,0.086,0.059,0,0,,0,,,,0,,,,,1004,1004,0,2,3,0,3,3,1,0,1,9,10,11,1,0,2,0,1,0,133472,0.678,1.653,0.022
560,3.149,0.001,0.001,0.069,0.077,0,0,,0,,,,0,,,,,1004,1004,0,2,3,0,3,3,1,0,1,9,10,11,1,0,2,0,1,0,133472,0.702,1.766,0.021
561,3.146,0.001,0,0.076,0.052,0,0,,0,,,,0,,,,,1004,1004,0,2,3,0,3,3,1,0,1,9,10,11,1,0,2,0,1,0,133472,0.732,1.795,0.02
562,3.252,0,0.001,0.069,0.067,0,0,,0,,,,0,,,,,1004,1004,0,2,3,0,3,3,1,0,1,9,10,11,1,0,2,0,1,0,133472,0.902,1.678,0.022
563,6.579,4.509,0,0.144,0.05,0,0,,0,,,,0,,,,,1004,1004,0,2,3,0,3,3,1,0,1,9,10,11,1,0,2,0,1,0,133472,0.468,0.986,0.015
564,11.39,8.781,0.001,0.084,0.072,0,0,,0,,,,0,,,,,1004,1004,0,2,3,0,3,3,1,0,1,9,10,11,1,0,2,0,1,0,133472,0.524,1.418,0.027
565,8.099,5.396,0,0.069,0.092,0,0,,0,,,,0,,,,,1004,1004,0,2,3,0,3,3,1,0,1,9,10,11,1,0,2,0,1,0,133472,0.521,1.538,0.029
566,11.366,8.607,0.001,0.078,0.082,0,0,,0,,,,0,,,,,1004,1004,0,2,3,0,3,3,1,0,1,9,10,11,1,0,2,0,1,0,133472,0.534,1.527,0.029
567,8.309,4.849,0,0.068,0.102,0,0,,0,,,,0,,,,,1004,1004,0,2,3,0,3,3,1,0,1,9,10,11,1,0,2,0,1,0,133472,0.675,1.841,0.025
568,14.391,11.354,0.001,0.07,0.169,0,0,,0,,,,0,,,,,1004,1004,0,2,3,0,3,3,1,0,1,9,10,11,1,0,2,0,1,0,133472,0.528,1.735,0.031
569,9.005,6.566,0.001,0.09,0.07,0,0,,0,,,,0,,,,,1004,1004,0,2,3,0,3,3,1,0,1,9,10,11,1,0,2,0,1,0,133472,0.566,1.235,0.024
570,2.245,0.001,0.001,0.055,0.05,0,0,,1,1703.125,233893888,288911360,1,71217344,71217344,167755776,38823561584,1004,1004,0,2,3,0,3,3,1,0,1,9,10,11,1,0,2,0,1,0,133472,0.477,1.308,0.021
571,2.486,0.001,0,0.069,0.055,0,0,,0,,,,0,,,,,1004,1004,0,2,3,0,3,3,1,0,1,9,10,11,1,0,2,0,1,0,133472,0.492,1.521,0.019
572,3.443,0.001,0,0.056,0.069,0,0,,0,,,,0,,,,,1004,1004,0,2,3,0,3,3,1,0,1,9,10,11,1,0,2,0,1,0,133472,0.745,2.083,0.03
573,11.148,8.394,0.001,0.09,0.08,0,0,,0,,,,0,,,,,1004,1004,0,2,3,0,3,3,1,0,1,9,10,11,1,0,2,0,1,0,133472,0.569,1.45,0.026
574,2.53,0.001,0,0.063,0.062,0,0,,0,,,,0,,,,,1004,1004,0,2,3,0,3,3,1,0,1,9,10,11,1,0,2,0,1,0,133472,0.617,1.317,0.024
575,3.154,0.001,0.001,0.065,0.081,0,0,,0,,,,0,,,,,1004,1004,0,2,3,0,3,3,1,0,1,9,10,11,1,0,2,0,1,0,133472,0.631,1.912,0.029
576,3.671,0.002,0.001,0.084,0.096,0,0,,0,,,,0,,,,,1004,1004,0,2,3,0,3,3,1,0,1,9,10,11,1,0,2,0,1,0,133472,0.742,2.13,0.031
577,3.73,0.002,0,0.113,0.073,0,0,,0,,,,0,,,,,1004,1004,0,2,3,0,3,3,1,0,1,9,10,11,1,0,2,0,1,0,133472,0.861,1.695,0.025
578,2.829,0.002,0,0.066,0.061,0,0,,0,,,,0,,,,,1004,1004,0,2,3,0,3,3,1,0,1,9,10,11,1,0,2,0,1,0,133472,0.576,1.713,0.019
579,2.18,0.001,0,0.073,0.042,0,0,,0,,,,0,,,,,1004,1004,0,2,3,0,3,3,1,0,1,9,10,11,1,0,2,0,1,0,133472,0.552,1.018,0.015
580,8.786,6.234,0,0.087,0.065,0,0,,0,,,,0,,,,,1004,1004,0,2,3,0,3,3,1,0,1,9,10,11,1,0,2,0,1,0,133472,0.543,1.34,0.024
581,9.004,6.95,0.001,0.097,0.055,0,0,,0,,,,0,,,,,1004,1004,0,2,3,0,3,3,1,0,1,9,10,11,1,0,2,0,1,0,133472,0.479,1.009,0.013
582,16.347,14.401,0,0.102,0.048,0,0,,0,,,,0,,,,,1004,1004,0,2,3,0,3,3,1,0,1,9,10,11,1,0,2,0,1,0,133472,0.388,0.977,0.014
583,3.705,0.543,0.001,0.114,0.077,0,0,,0,,,,0,,,,,1004,1004,0,2,3,0,3,3,1,0,1,9,10,11,1,0,2,0,1,0,133472,0.749,1.701,0.025
584,2.862,0.001,0.001,0.078,0.053,0,0,,0,,,,0,,,,,1004,1004,0,2,3,0,3,3,1,0,1,9,10,11,1,0,2,0,1,0,133472,0.705,1.542,0.021
585,3.44,0.583,0.001,0.077,0.082,0,0,,0,,,,0,,,,,1004,1004,0,2,3,0,3,3,1,0,1,9,10,11,1,0,2,0,1,0,133472,0.612,1.577,0.021
586,2.816,0.001,0,0.06,0.072,0,0,,0,,,,0,,,,,1004,1004,0,2,3,0,3,3,1,0,1,9,10,11,1,0,2,0,1,0,133472,0.568,1.67,0.025
587,2.982,0.001,0.001,0.062,0.079,0,0,,0,,,,0,,,,,1004,1004,0,2,3,0,3,3,1,0,1,9,10,11,1,0,2,0,1,0,133472,0.626,1.755,0.023
588,4.736,2.225,0.001,0.067,0.063,0,0,,0,,,,0,,,,,1004,1004,0,2,3,0,3,3,1,0,1,9,10,11,1,0,2,0,1,0,133472,0.672,1.249,0.021
589,15.794,12.542,0.001,0.076,0.097,0,0,,0,,,,0,,,,,1004,1004,0,2,3,0,3,3,1,0,1,9,10,11,1,0,2,0,1,0,133472,0.558,1.947,0.029
590,14.404,11.858,0,0.082,0.079,0,0,,0,,,,0,,,,,1004,1004,0,2,3,0,3,3,1,0,1,9,10,11,1,0,2,0,1,0,133472,0.619,1.265,0.022
591,19.31,16.733,0.001,0.081,0.07,0,0,,0,,,,0,,,,,1004,1004,0,2,3,0,3,3,1,0,1,9,10,11,1,0,2,0,1,0,133472,0.529,1.382,0.025
592,2.831,0.119,0.001,0.072,0.346,0,0,,0,,,,0,,,,,1004,1004,0,2,3,0,3,3,1,0,1,9,10,11,1,0,2,0,1,0,133472,0.549,1.356,0.02
593,2.452,0.002,0,0.098,0.051,0,0,,0,,,,0,,,,,1004,1004,0,2,3,0,3,3,1,0,1,9,10,11,1,0,2,0,1,0,133472,0.507,1.331,0.02
594,10.065,7.208,0,0.079,0.08,0,0,,0,,,,0,,,,,1004,1004,0,2,3,0,3,3,1,0,1,9,10,11,1,0,2,0,1,0,133472,0.62,1.537,0.025
595,18.233,15.683,0,0.072,0.066,0,0,,0,,,,0,,,,,1004,1004,0,2,3,0,3,3,1,0,1,9,10,11,1,0,2,0,1,0,133472,0.54,1.334,0.025
596,31.716,28.918,0,0.072,0.073,0,0,,0,,,,0,,,,,1004,1004,0,2,3,0,3,3,1,0,1,9,10,11,1,0,2,0,1,0,133472,0.457,1.604,0.043
597,3.375,0.001,0.001,0.112,0.146,0,0,,0,,,,0,,,,,1004,1004,0,2,3,0,3,3,1,0,1,9,10,11,1,0,2,0,1,0,133472,1.369,1.19,0.025
598,4.271,1.455,0.001,0.091,0.054,0,0,,0,,,,0,,,,,1004,1004,0,2,3,0,3,3,1,0,1,9,10,11,1,0,2,0,1,0,133472,0.701,1.403,0.023
599,20.016,17.891,0.001,0.113,0.057,0,0,,0,,,,0,,,,,1004,1004,0,2,3,0,3,3,1,0,1,9,10,11,1,0,2,0,1,0,133472,0.449,1.035,0.016
600,1.93,0.001,0,0.04,0.028,0,0,,1,1812.5,233893888,288911360,1,71217344,71217344,167755776,38823561584,1004,1004,0,2,3,0,3,3,1,0,1,9,10,11,1,0,2,0,1,0,133472,0.489,1.063,0.013
601,2.686,0.179,0,0.084,0.065,0,0,,0,,,,0,,,,,1004,1004,0,2,3,0,3,3,1,0,1,9,10,11,1,0,2,0,1,0,133472,0.526,1.353,0.022
602,3.43,0.001,0,0.074,0.059,0,0,,0,,,,0,,,,,1004,1004,0,2,3,0,3,3,1,0,1,9,10,11,1,0,2,0,1,0,133472,1.041,1.802,0.021
603,2.408,0.001,0.001,0.064,0.04,0,0,,0,,,,0,,,,,1004,1004,0,2,3,0,3,3,1,0,1,9,10,11,1,0,2,0,1,0,133472,0.522,1.437,0.013
604,2.359,0,0,0.056,0.035,0,0,,0,,,,0,,,,,1004,1004,0,2,3,0,3,3,1,0,1,9,10,11,1,0,2,0,1,0,133472,0.517,1.428,0.012
605,2.117,0,0,0.054,0.072,0,0,,0,,,,0,,,,,1004,1004,0,2,3,0,3,3,1,0,1,9,10,11,1,0,2,0,1,0,133472,0.553,1.115,0.018
606,2.952,0.961,0,0.073,0.041,0,0,,0,,,,0,,,,,1004,1004,0,2,3,0,3,3,1,0,1,9,10,11,1,0,2,0,1,0,133472,0.461,1.069,0.01
607,3.668,1.097,0.001,0.059,0.059,0,0,,0,,,,0,,,,,1004,1004,0,2,3,0,3,3,1,0,1,9,10,11,1,0,2,0,1,0,133472,0.451,1.631,0.024
608,3.148,0.13,0.001,0.075,0.056,0,0,,0,,,,0,,,,,1004,1004,0,2,3,0,3,3,1,0,1,9,10,11,1,0,2,0,1,0,133472,0.722,1.669,0.021
609,2.538,0.477,0,0.063,0.036,0,0,,0,,,,0,,,,,1004,1004,0,2,3,0,3,3,1,0,1,9,10,11,1,0,2,0,1,0,133472,0.484,1.112,0.013
610,4.945,2.855,0,0.102,0.048,0,0,,0,,,,0,,,,,1004,1004,0,2,3,0,3,3,1,0,1,9,10,11,1,0,2,0,1,0,133472,0.473,1.039,0.015
611,3.12,0.704,0.001,0.07,0.054,0,0,,0,,,,0,,,,,1004,1004,0,2,3,0,3,3,1,0,1,9,10,11,1,0,2,0,1,0,133472,0.648,1.188,0.015
612,2.034,0,0,0.057,0.049,0,0,,0,,,,0,,,,,1004,1004,0,2,3,0,3,3,1,0,1,9,10,11,1,0,2,0,1,0,133472,0.42,1.211,0.017
613,2.738,0.393,0,0.066,0.047,0,0,,0,,,,0,,,,,1004,1004,0,2,3,0,3,3,1,0,1,9,10,11,1,0,2,0,1,0,133472,0.46,1.423,0.017
614,3.067,0.397,0,0.085,0.046,0,0,,0,,,,0,,,,,1004,1004,0,2,3,0,3,3,1,0,1,9,10,11,1,0,2,0,1,0,133472,0.632,1.494,0.015
615,2.144,0.001,0,0.076,0.038,0,0,,0,,,,0,,,,,1004,1004,0,2,3,0,3,3,1,0,1,9,10,11,1,0,2,0,1,0,133472,0.498,1.209,0.011
616,3.794,1.963,0,0.059,0.039,0,0,,0,,,,0,,,,,1004,1004,0,2,3,0,3,3,1,0,1,9,10,11,1,0,2,0,1,0,133472,0.379,1.058,0.012
617,2.411,0.501,0,0.064,0.031,0,0,,0,,,,0,,,,,1004,1004,0,2,3,0,3,3,1,0,1,9,10,11,1,0,2,0,1,0,133472,0.49,1.039,0.009
618,3.897,1.318,0,0.073,0.076,0,0,,0,,,,0,,,,,1004,1004,0,2,3,0,3,3,1,0,1,9,10,11,1,0,2,0,1,0,133472,0.475,1.518,0.022
619,2.555,0.001,0,0.088,0.049,0,0,,0,,,,0,,,,,1004,1004,0,2,3,0,3,3,1,0,1,9,10,11,1,0,2,0,1,0,133472,0.586,1.395,0.016
620,2.112,0,0,0.084,0.031,0,0,,0,,,,0,,,,,1004,1004,0,2,3,0,3,3,1,0,1,9,10,11,1,0,2,0,1,0,133472,0.495,1.148,0.014
621,2.362,0.273,0,0.064,0.059,0,0,,0,,,,0,,,,,1004,1004,0,2,3,0,3,3,1,0,1,9,10,11,1,0,2,0,1,0,133472,0.431,1.192,0.015
622,3.973,1.953,0,0.104,0.044,0,0,,0,,,,0,,,,,1004,1004,0,2,3,0,3,3,1,0,1,9,10,11,1,0,2,0,1,0,133472,0.4,1.071,0.013
623,2.43,0.326,0,0.047,0.038,0,0,,0,,,,0,,,,,1004,1004,0,2,3,0,3,3,1,0,1,9,10,11,1,0,2,0,1,0,133472,0.424,1.183,0.01
624,2.449,0.319,0,0.046,0.055,0,0,,0,,,,0,,,,,1004,1004,0,2,3,0,3,3,1,0,1,9,10,11,1,0,2,0,1,0,133472,0.384,1.222,0.018
625,2.877,0.263,0.001,0.106,0.068,0,0,,0,,,,0,,,,,1004,1004,0,2,3,0,3,3,1,0,1,9,10,11,1,0,2,0,1,0,133472,0.532,1.482,0.022
626,1.781,0.001,0.001,0.084,0.041,0,0,,0,,,,0,,,,,1004,1004,0,2,3,0,3,3,1,0,1,9,10,11,1,0,2,0,1,0,133472,0.431,0.807,0.011
627,2.347,0.311,0.001,0.079,0.089,0,0,,0,,,,0,,,,,1004,1004,0,2,3,0,3,3,1,0,1,9,10,11,1,0,2,0,1,0,133472,0.417,0.947,0.01
628,3.859,1.723,0,0.128,0.043,0,0,,0,,,,0,,,,,1004,1004,0,2,3,0,3,3,1,0,1,9,10,11,1,0,2,0,1,0,133472,0.449,1.128,0.016
629,2.501,0.046,0,0.045,0.049,0,0,,0,,,,0,,,,,1004,1004,0,2,3,0,3,3,1,0,1,9,10,11,1,0,2,0,1,0,133472,0.488,1.504,0.016
630,1.751,0.001,0,0.073,0.043,0,0,,1,1890.625,233893888,288911360,1,71217344,71217344,167755776,38823561584,1004,1004,0,2,3,0,3,3,1,0,1,9,10,11,1,0,2,0,1,0,133472,0.428,0.843,0.015
631,3.518,0.193,0.001,0.103,0.069,0,0,,0,,,,0,,,,,1004,1004,0,2,3,0,3,3,1,0,1,9,10,11,1,0,2,0,1,0,133472,0.507,2.168,0.032
632,2.679,0.001,0,0.092,0.045,0,0,,0,,,,0,,,,,1004,1004,0,2,3,0,3,3,1,0,1,9,10,11,1,0,2,0,1,0,133472,0.646,1.466,0.018
633,3.739,1.25,0,0.107,0.049,0,0,,0,,,,0,,,,,1004,1004,0,2,3,0,3,3,1,0,1,9,10,11,1,0,2,0,1,0,133472,0.494,1.358,0.016
634,3.88,1.316,0.001,0.099,0.065,0,0,,0,,,,0,,,,,1004,1004,0,2,3,0,3,3,1,0,1,9,10,11,1,0,2,0,1,0,133472,0.44,1.521,0.021
635,2.084,0.001,0,0.072,0.037,0,0,,0,,,,0,,,,,1004,1004,0,2,3,0,3,3,1,0,1,9,10,11,1,0,2,0,1,0,133472,0.531,1.096,0.015
636,1.964,0,0,0.051,0.03,0,0,,0,,,,0,,,,,1004,1004,0,2,3,0,3,3,1,0,1,9,10,11,1,0,2,0,1,0,133472,0.455,1.132,0.011
637,3.755,0.249,0.001,0.126,0.061,0,0,,0,,,,0,,,,,1004,1004,0,2,3,0,3,3,1,0,1,9,10,11,1,0,2,0,1,0,133472,1.075,1.439,0.021
638,2.148,0.001,0,0.104,0.023,0,0,,0,,,,0,,,,,1004,1004,0,2,3,0,3,3,1,0,1,9,10,11,1,0,2,0,1,0,133472,0.517,1.168,0.022
639,3.403,1.454,0.001,0.108,0.03,0,0,,0,,,,0,,,,,1004,1004,0,2,3,0,3,3,1,0,1,9,10,11,1,0,2,0,1,0,133472,0.411,1,0.012
640,2.787,0.449,0,0.094,0.043,0,0,,0,,,,0,,,,,1004,1004,0,2,3,0,3,3,1,0,1,9,10,11,1,0,2,0,1,0,133472,0.417,1.408,0.013
641,1.79,0.001,0.001,0.045,0.044,0,0,,0,,,,0,,,,,1004,1004,0,2,3,0,3,3,1,0,1,9,10,11,1,0,2,0,1,0,133472,0.537,0.782,0.02
642,2.607,0.211,0,0.079,0.063,0,0,,0,,,,0,,,,,1004,1004,0,2,3,0,3,3,1,0,1,9,10,11,1,0,2,0,1,0,133472,0.548,1.272,0.014
643,2.589,0,0.001,0.04,0.049,0,0,,0,,,,0,,,,,1004,1004,0,2,3,0,3,3,1,0,1,9,10,11,1,0,2,0,1,0,133472,0.714,1.313,0.019
644,2.708,0.001,0.001,0.058,0.065,0,0,,0,,,,0,,,,,1004,1004,0,2,3,0,3,3,1,0,1,9,10,11,1,0,2,0,1,0,133472,0.611,1.333,0.016
645,2.217,0.001,0.001,0.078,0.032,0,0,,0,,,,0,,,,,1004,1004,0,2,3,0,3,3,1,0,1,9,10,11,1,0,2,0,1,0,133472,0.547,1.209,0.013
646,3.079,0.192,0,0.078,0.068,0,0,,0,,,,0,,,,,1004,1004,0,2,3,0,3,3,1,0,1,9,10,11,1,0,2,0,1,0,133472,0.503,1.864,0.016
647,3.633,0.001,0,0.074,0.091,0,0,,0,,,,0,,,,,1004,1004,0,2,3,0,3,3,1,0,1,9,10,11,1,0,2,0,1,0,133472,0.537,2.569,0.012
648,2.251,0.001,0,0.131,0.027,0,0,,0,,,,0,,,,,1004,1004,0,2,3,0,3,3,1,0,1,9,10,11,1,0,2,0,1,0,133472,0.721,0.975,0.01
649,2.19,0,0,0.047,0.042,0,0,,0,,,,0,,,,,1004,1004,0,2,3,0,3,3,1,0,1,9,10,11,1,0,2,0,1,0,133472,0.519,1.297,0.013
650,2.26,0,0.001,0.096,0.034,0,0,,0,,,,0,,,,,1004,1004,0,2,3,0,3,3,1,0,1,9,10,11,1,0,2,0,1,0,133472,0.57,1.278,0.012
651,2.186,0,0,0.056,0.029,0,0,,0,,,,0,,,,,1004,1004,0,2,3,0,3,3,1,0,1,9,10,11,1,0,2,0,1,0,133472,0.534,1.262,0.01
652,1.839,0.001,0.001,0.052,0.032,0,0,,0,,,,0,,,,,1004,1004,0,2,3,0,3,3,1,0,1,9,10,11,1,0,2,0,1,0,133472,0.428,1.052,0.01
653,1.905,0,0.001,0.047,0.03,0,0,,0,,,,0,,,,,1004,1004,0,2,3,0,3,3,1,0,1,9,10,11,1,0,2,0,1,0,133472,0.541,1.046,0.008
654,1.953,0,0,0.046,0.031,0,0,,0,,,,0,,,,,1004,1004,0,2,3,0,3,3,1,0,1,9,10,11,1,0,2,0,1,0,133472,0.486,1.119,0.01
655,1.841,0.001,0,0.045,0.027,0,0,,0,,,,0,,,,,1004,1004,0,2,3,0,3,3,1,0,1,9,10,11,1,0,2,0,1,0,133472,0.474,1.025,0.009
656,3.835,0.473,0,0.142,0.049,0,0,,0,,,,0,,,,,1004,1004,0,2,3,0,3,3,1,0,1,9,10,11,1,0,2,0,1,0,133472,1.003,1.501,0.017
657,2.207,0,0,0.07,0.036,0,0,,0,,,,0,,,,,1004,1004,0,2,3,0,3,3,1,0,1,9,10,11,1,0,2,0,1,0,133472,0.495,1.277,0.012
658,1.939,0,0,0.044,0.033,0,0,,0,,,,0,,,,,1004,1004,0,2,3,0,3,3,1,0,1,9,10,11,1,0,2,0,1,0,133472,0.445,1.127,0.011
659,4.27,1.877,0.001,0.098,0.072,0,0,,0,,,,0,,,,,1004,1004,0,2,3,0,3,3,1,0,1,9,10,11,1,0,2,0,1,0,133472,0.462,1.333,0.015
660,2.034,0,0.001,0.059,0.046,0,0,,1,1968.75,233893888,288911360,1,71217344,71217344,167755776,38823561584,1004,1004,0,2,3,0,3,3,1,0,1,9,10,11,1,0,2,0,1,0,133472,0.457,1.16,0.013
661,1.958,0.015,0,0.07,0.035,0,0,,0,,,,0,,,,,1004,1004,0,2,3,0,3,3,1,0,1,9,10,11,1,0,2,0,1,0,133472,0.437,1.125,0.01
662,1.798,0.393,0.001,0.123,0.03,0,0,,0,,,,0,,,,,1004,1004,0,2,3,0,3,3,1,0,1,9,10,11,1,0,2,0,1,0,133472,0.303,0.659,0.008
663,4.972,1.185,0,0.109,0.091,0,0,,0,,,,0,,,,,1004,1004,0,2,3,0,3,3,1,0,1,9,10,11,1,0,2,0,1,0,133472,0.902,1.869,0.044
664,2.618,0.002,0.001,0.052,0.087,0,0,,0,,,,0,,,,,1004,1004,0,2,3,0,3,3,1,0,1,9,10,11,1,0,2,0,1,0,133472,0.471,1.523,0.021
665,2.857,0.001,0.001,0.085,0.058,0,0,,0,,,,0,,,,,1004,1004,0,2,3,0,3,3,1,0,1,9,10,11,1,0,2,0,1,0,133472,0.625,1.649,0.018
666,2.772,0,0,0.08,0.051,0,0,,0,,,,0,,,,,1004,1004,0,2,3,0,3,3,1,0,1,9,10,11,1,0,2,0,1,0,133472,0.606,1.606,0.015
667,3.116,0.001,0.001,0.076,0.107,0,0,,0,,,,0,,,,,1004,1004,0,2,3,0,3,3,1,0,1,9,10,11,1,0,2,0,1,0,133472,0.61,1.61,0.045
668,3.317,0.001,0.001,0.11,0.055,0,0,,0,,,,0,,,,,1004,1004,0,2,3,0,3,3,1,0,1,9,10,11,1,0,2,0,1,0,133472,0.728,1.866,0.024
669,4.149,0.535,0,0.105,0.06,0,0,,0,,,,0,,,,,1004,1004,0,2,3,0,3,3,1,0,1,9,10,11,1,0,2,0,1,0,133472,0.654,2.167,0.022
670,2.061,0.001,0,0.063,0.031,0,0,,0,,,,0,,,,,1004,1004,0,2,3,0,3,3,1,0,1,9,10,11,1,0,2,0,1,0,133472,0.555,1.088,0.014
671,23.886,21.374,0.001,0.073,0.07,0,0,,0,,,,0,,,,,1004,1004,0,2,3,0,3,3,1,0,1,9,10,11,1,0,2,0,1,0,133472,0.531,1.348,0.026
672,2.223,0.001,0,0.056,0.054,0,0,,0,,,,0,,,,,1004,1004,0,2,3,0,3,3,1,0,1,9,10,11,1,0,2,0,1,0,133472,0.497,1.249,0.02
673,3.293,0.352,0,0.096,0.087,0,0,,0,,,,0,,,,,1004,1004,0,2,3,0,3,3,1,0,1,9,10,11,1,0,2,0,1,0,133472,0.541,1.718,0.029
674,3.117,0.002,0.001,0.078,0.073,0,0,,0,,,,0,,,,,1004,1004,0,2,3,0,3,3,1,0,1,9,10,11,1,0,2,0,1,0,133472,0.705,1.725,0.021
675,3.728,1.121,0.001,0.082,0.062,0,0,,0,,,,0,,,,,1004,1004,0,2,3,0,3,3,1,0,1,9,10,11,1,0,2,0,1,0,133472,0.521,1.41,0.02
676,3.896,1.346,0,0.142,0.058,0,0,,0,,,,0,,,,,1004,1004,0,2,3,0,3,3,1,0,1,9,10,11,1,0,2,0,1,0,133472,0.587,1.315,0.018
677,16.664,14.239,0.001,0.08,0.063,0,0,,0,,,,0,,,,,1004,1004,0,2,3,0,3,3,1,0,1,9,10,11,1,0,2,0,1,0,133472,0.525,1.266,0.023
678,3.776,1.241,0,0.064,0.067,0,0,,0,,,,0,,,,,1004,1004,0,2,3,0,3,3,1,0,1,9,10,11,1,0,2,0,1,0,133472,0.454,1.488,0.024
679,2.725,0.359,0,0.072,0.05,0,0,,0,,,,0,,,,,1004,1004,0,2,3,0,3,3,1,0,1,9,10,11,1,0,2,0,1,0,133472,0.567,1.102,0.041
680,3.687,1.236,0.001,0.075,0.048,0,0,,0,,,,0,,,,,1004,1004,0,2,3,0,3,3,1,0,1,9,10,11,1,0,2,0,1,0,133472,0.553,1.307,0.021
681,5.935,3.598,0,0.064,0.048,0,0,,0,,,,0,,,,,1004,1004,0,2,3,0,3,3,1,0,1,9,10,11,1,0,2,0,1,0,133472,0.49,1.315,0.019
682,6.408,3.921,0.001,0.07,0.062,0,0,,0,,,,0,,,,,1004,1004,0,2,3,0,3,3,1,0,1,9,10,11,1,0,2,0,1,0,133472,0.491,1.354,0.026
683,4.58,0.582,0,0.099,0.076,0,0,,0,,,,0,,,,,1004,1004,0,2,3,0,3,3,1,0,1,9,10,11,1,0,2,0,1,0,133472,0.776,2.408,0.054
684,5.004,2.457,0.001,0.081,0.051,0,0,,0,,,,0,,,,,1004,1004,0,2,3,0,3,3,1,0,1,9,10,11,1,0,2,0,1,0,133472,0.558,1.383,0.017
685,2.341,0,0,0.058,0.063,0,0,,0,,,,0,,,,,1004,1004,0,2,3,0,3,3,1,0,1,9,10,11,1,0,2,0,1,0,133472,0.465,1.42,0.023
686,3.069,0,0,0.083,0.053,0,0,,0,,,,0,,,,,1004,1004,0,2,3,0,3,3,1,0,1,9,10,11,1,0,2,0,1,0,133472,0.652,1.779,0.02
687,2.532,0.001,0,0.069,0.078,0,0,,0,,,,0,,,,,1004,1004,0,2,3,0,3,3,1,0,1,9,10,11,1,0,2,0,1,0,133472,0.487,1.386,0.023
688,2.03,0.001,0.001,0.09,0.037,0,0,,0,,,,0,,,,,1004,1004,0,2,3,0,3,3,1,0,1,9,10,11,1,0,2,0,1,0,133472,0.45,0.942,0.011
689,2.618,0.268,0.001,0.079,0.043,0,0,,0,,,,0,,,,,1004,1004,0,2,3,0,3,3,1,0,1,9,10,11,1,0,2,0,1,0,133472,0.537,1.282,0.016
690,7.868,5.661,0,0.053,0.063,0,0,,1,2062.5,233959424,288911360,1,71217344,71217344,167755776,38823561584,1004,1004,0,2,3,0,3,3,1,0,1,9,10,11,1,0,2,0,1,0,133472,0.443,1.182,0.052
691,3.028,0.446,0,0.075,0.056,0,0,,0,,,,0,,,,,1004,1004,0,2,3,0,3,3,1,0,1,9,10,11,1,0,2,0,1,0,133472,0.534,1.445,0.027
692,3.555,1.052,0.001,0.058,0.057,0,0,,0,,,,0,,,,,1004,1004,0,2,3,0,3,3,1,0,1,9,10,11,1,0,2,0,1,0,133472,0.531,1.303,0.018
693,4.745,2.559,0,0.063,0.05,0,0,,0,,,,0,,,,,1004,1004,0,2,3,0,3,3,1,0,1,9,10,11,1,0,2,0,1,0,133472,0.509,1.206,0.015
694,2.563,0.942,0,0.126,0.031,0,0,,0,,,,0,,,,,1004,1004,0,2,3,0,3,3,1,0,1,9,10,11,1,0,2,0,1,0,133472,0.368,0.761,0.007
695,4.161,1.691,0,0.105,0.062,0,0,,0,,,,0,,,,,1004,1004,0,2,3,0,3,3,1,0,1,9,10,11,1,0,2,0,1,0,133472,0.596,1.336,0.017
696,4.67,1.838,0.001,0.127,0.053,0,0,,0,,,,0,,,,,1004,1004,0,2,3,0,3,3,1,0,1,9,10,11,1,0,2,0,1,0,133472,0.566,1.535,0.022
697,6.306,3.72,0,0.12,0.069,0,0,,0,,,,0,,,,,1004,1004,0,2,3,0,3,3,1,0,1,9,10,11,1,0,2,0,1,0,133472,0.518,1.352,0.032
698,2.294,0.211,0,0.092,0.039,0,0,,0,,,,0,,,,,1004,1004,0,2,3,0,3,3,1,0,1,9,10,11,1,0,2,0,1,0,133472,0.486,1.136,0.016
699,3.183,0.813,0,0.111,0.033,0,0,,0,,,,0,,,,,1004,1004,0,2,3,0,3,3,1,0,1,9,10,11,1,0,2,0,1,0,133472,0.557,1.289,0.014
700,4.091,1.039,0.001,0.115,0.054,0,0,,0,,,,0,,,,,1004,1004,0,2,3,0,3,3,1,0,1,9,10,11,1,0,2,0,1,0,133472,0.777,1.586,0.022
701,5.281,3.144,0.001,0.072,0.04,0,0,,0,,,,0,,,,,1004,1004,0,2,3,0,3,3,1,0,1,9,10,11,1,0,2,0,1,0,133472,0.473,1.136,0.039
702,3.23,0.806,0.001,0.058,0.051,0,0,,0,,,,0,,,,,1004,1004,0,2,3,0,3,3,1,0,1,9,10,11,1,0,2,0,1,0,133472,0.524,1.423,0.015
703,4.017,1.647,0,0.057,0.046,0,0,,0,,,,0,,,,,1004,1004,0,2,3,0,3,3,1,0,1,9,10,11,1,0,2,0,1,0,133472,0.503,1.362,0.026
704,3.231,0.607,0.001,0.053,0.059,0,0,,0,,,,0,,,,,1004,1004,0,2,3,0,3,3,1,0,1,9,10,11,1,0,2,0,1,0,133472,0.507,1.615,0.023
705,3.694,1.283,0,0.069,0.047,0,0,,0,,,,0,,,,,1004,1004,0,2,3,0,3,3,1,0,1,9,10,11,1,0,2,0,1,0,133472,0.597,1.242,0.023
706,4.486,2.082,0.001,0.055,0.052,0,0,,0,,,,0,,,,,1004,1004,0,2,3,0,3,3,1,0,1,9,10,11,1,0,2,0,1,0,133472,0.49,1.404,0.019
707,6.127,3.158,0,0.062,0.056,0,0,,0,,,,0,,,,,1004,1004,0,2,3,0,3,3,1,0,1,9,10,11,1,0,2,0,1,0,133472,0.674,1.642,0.033
708,2.862,0.049,0,0.063,0.051,0,0,,0,,,,0,,,,,1004,1004,0,2,3,0,3,3,1,0,1,9,10,11,1,0,2,0,1,0,133472,0.632,1.599,0.021
709,6.138,3.997,0.001,0.092,0.061,0,0,,0,,,,0,,,,,1004,1004,0,2,3,0,3,3,1,0,1,9,10,11,1,0,2,0,1,0,133472,0.469,1.162,0.015
710,4.441,2.124,0.001,0.094,0.038,0,0,,0,,,,0,,,,,1004,1004,0,2,3,0,3,3,1,0,1,9,10,11,1,0,2,0,1,0,133472,0.483,1.25,0.011
711,3.632,0.886,0.001,0.093,0.066,0,0,,0,,,,0,,,,,1004,1004,0,2,3,0,3,3,1,0,1,9,10,11,1,0,2,0,1,0,133472,0.64,1.345,0.021
712,4.159,1.256,0.001,0.103,0.064,0,0,,0,,,,0,,,,,1004,1004,0,2,3,0,3,3,1,0,1,9,10,11,1,0,2,0,1,0,133472,0.592,1.638,0.025
713,5.552,3.163,0,0.105,0.054,0,0,,0,,,,0,,,,,1004,1004,0,2,3,0,3,3,1,0,1,9,10,11,1,0,2,0,1,0,133472,0.471,1.234,0.015
714,3.134,0.954,0.001,0.092,0.04,0,0,,0,,,,0,,,,,1004,1004,0,2,3,0,3,3,1,0,1,9,10,11,1,0,2,0,1,0,133472,0.526,1.056,0.014
715,3.294,0.932,0,0.078,0.053,0,0,,0,,,,0,,,,,1004,1004,0,2,3,0,3,3,1,0,1,9,10,11,1,0,2,0,1,0,133472,0.657,1.097,0.015
716,5.277,1.487,0.001,0.112,0.071,0,0,,0,,,,0,,,,,1004,1004,0,2,3,0,3,3,1,0,1,9,10,11,1,0,2,0,1,0,133472,1.078,1.801,0.026
717,9.595,7.232,0.001,0.058,0.062,0,0,,0,,,,0,,,,,1004,1004,0,2,3,0,3,3,1,0,1,9,10,11,1,0,2,0,1,0,133472,0.445,1.396,0.019
718,3.382,0.896,0.001,0.112,0.054,0,0,,0,,,,0,,,,,1004,1004,0,2,3,0,3,3,1,0,1,9,10,11,1,0,2,0,1,0,133472,0.489,1.422,0.018
719,3.783,1.697,0,0.079,0.03,0,0,,0,,,,0,,,,,1004,1004,0,2,3,0,3,3,1,0,1,9,10,11,1,0,2,0,1,0,133472,0.495,1.081,0.013
720,13.907,10.481,0.001,0.07,0.104,0,0,,1,2140.625,233959424,288911360,1,71217344,71217344,167755776,38823561584,1004,1004,0,2,3,0,3,3,1,0,1,9,10,11,1,0,2,0,1,0,133472,0.746,1.908,0.032
721,3.096,0.002,0.001,0.082,0.053,0,0,,0,,,,0,,,,,1004,1004,0,2,3,0,3,3,1,0,1,9,10,11,1,0,2,0,1,0,133472,0.703,1.736,0.02
722,2.616,0.001,0.001,0.068,0.048,0,0,,0,,,,0,,,,,1004,1004,0,2,3,0,3,3,1,0,1,9,10,11,1,0,2,0,1,0,133472,0.569,1.486,0.016
723,2.669,0.001,0.001,0.063,0.073,0,0,,0,,,,0,,,,,1004,1004,0,2,3,0,3,3,1,0,1,9,10,11,1,0,2,0,1,0,133472,0.596,1.543,0.012
724,1.949,0,0,0.053,0.044,0,0,,0,,,,0,,,,,1004,1004,0,2,3,0,3,3,1,0,1,9,10,11,1,0,2,0,1,0,133472,0.446,1.113,0.011
725,2.414,0,0,0.062,0.045,0,0,,0,,,,0,,,,,1004,1004,0,2,3,0,3,3,1,0,1,9,10,11,1,0,2,0,1,0,133472,0.456,1.54,0.017
726,2.532,0,0,0.077,0.049,0,0,,0,,,,0,,,,,1004,1004,0,2,3,0,3,3,1,0,1,9,10,11,1,0,2,0,1,0,133472,0.535,1.492,0.018
727,3.277,0.523,0,0.062,0.05,0,0,,0,,,,0,,,,,1004,1004,0,2,3,0,3,3,1,0,1,9,10,11,1,0,2,0,1,0,133472,0.66,1.507,0.017
728,3.489,1.186,0,0.063,0.062,0,0,,0,,,,0,,,,,1004,1004,0,2,3,0,3,3,1,0,1,9,10,11,1,0,2,0,1,0,133472,0.574,1.181,0.018
729,3.483,1.457,0.001,0.067,0.05,0,0,,0,,,,0,,,,,1004,1004,0,2,3,0,3,3,1,0,1,9,10,11,1,0,2,0,1,0,133472,0.466,1.107,0.014
730,3.123,0.908,0,0.114,0.054,0,0,,0,,,,0,,,,,1004,1004,0,2,3,0,3,3,1,0,1,9,10,11,1,0,2,0,1,0,133472,0.408,1.24,0.013
731,2.878,0.383,0,0.08,0.05,0,0,,0,,,,0,,,,,1004,1004,0,2,3,0,3,3,1,0,1,9,10,11,1,0,2,0,1,0,133472,0.572,1.315,0.019
732,2.09,0.001,0,0.057,0.029,0,0,,0,,,,0,,,,,1004,1004,0,2,3,0,3,3,1,0,1,9,10,11,1,0,2,0,1,0,133472,0.532,1.15,0.013
733,2.687,0.976,0.001,0.055,0.043,0,0,,0,,,,0,,,,,1004,1004,0,2,3,0,3,3,1,0,1,9,10,11,1,0,2,0,1,0,133472,0.375,0.962,0.012
734,2.694,0.856,0,0.042,0.041,0,0,,0,,,,0,,,,,1004,1004,0,2,3,0,3,3,1,0,1,9,10,11,1,0,2,0,1,0,133472,0.365,1.11,0.011
735,3.359,1.891,0.001,0.054,0.035,0,0,,0,,,,0,,,,,1004,1004,0,2,3,0,3,3,1,0,1,9,10,11,1,0,2,0,1,0,133472,0.3,0.846,0.009
736,2.884,1.04,0,0.039,0.059,0,0,,0,,,,0,,,,,1004,1004,0,2,3,0,3,3,1,0,1,9,10,11,1,0,2,0,1,0,133472,0.332,1.145,0.011
737,2.718,0.001,0,0.059,0.052,0,0,,0,,,,0,,,,,1004,1004,0,2,3,0,3,3,1,0,1,9,10,11,1,0,2,0,1,0,133472,0.677,1.578,0.015
738,2.315,0.001,0.001,0.059,0.042,0,0,,0,,,,0,,,,,1004,1004,0,2,3,0,3,3,1,0,1,9,10,11,1,0,2,0,1,0,133472,0.528,1.372,0.012
739,2.145,0,0,0.061,0.034,0,0,,0,,,,0,,,,,1004,1004,0,2,3,0,3,3,1,0,1,9,10,11,1,0,2,0,1,0,133472,0.537,1.229,0.018
740,1.938,0,0,0.053,0.026,0,0,,0,,,,0,,,,,1004,1004,0,2,3,0,3,3,1,0,1,9,10,11,1,0,2,0,1,0,133472,0.504,1.104,0.009
741,1.667,0.001,0,0.04,0.025,0,0,,0,,,,0,,,,,1004,1004,0,2,3,0,3,3,1,0,1,9,10,11,1,0,2,0,1,0,133472,0.431,0.925,0.009
742,1.812,0,0,0.037,0.029,0,0,,0,,,,0,,,,,1004,1004,0,2,3,0,3,3,1,0,1,9,10,11,1,0,2,0,1,0,133472,0.435,1.08,0.008
743,1.629,0,0,0.039,0.026,0,0,,0,,,,0,,,,,1004,1004,0,2,3,0,3,3,1,0,1,9,10,11,1,0,2,0,1,0,133472,0.43,0.872,0.008
744,1.481,0,0,0.036,0.021,0,0,,0,,,,0,,,,,1004,1004,0,2,3,0,3,3,1,0,1,9,10,11,1,0,2,0,1,0,133472,0.363,0.836,0.007
745,2.53,0,0,0.035,0.043,0,0,,0,,,,0,,,,,1004,1004,0,2,3,0,3,3,1,0,1,9,10,11,1,0,2,0,1,0,133472,0.596,1.586,0.016
746,2.526,0,0,0.073,0.035,0,0,,0,,,,0,,,,,1004,1004,0,2,3,0,3,3,1,0,1,9,10,11,1,0,2,0,1,0,133472,0.547,1.518,0.015
747,2.105,0,0,0.066,0.034,0,0,,0,,,,0,,,,,1004,1004,0,2,3,0,3,3,1,0,1,9,10,11,1,0,2,0,1,0,133472,0.521,1.166,0.013
748,2.027,0,0,0.082,0.035,0,0,,0,,,,0,,,,,1004,1004,0,2,3,0,3,3,1,0,1,9,10,11,1,0,2,0,1,0,133472,0.441,1.166,0.013
749,2.01,0,0,0.055,0.037,0,0,,0,,,,0,,,,,1004,1004,0,2,3,0,3,3,1,0,1,9,10,11,1,0,2,0,1,0,133472,0.429,1.229,0.012
750,2.156,0,0,0.069,0.028,0,0,,1,2203.125,233959424,288911360,1,71217344,71217344,167755776,38823561584,1004,1004,0,2,3,0,3,3,1,0,1,9,10,11,1,0,2,0,1,0,133472,0.543,1.174,0.011
751,1.777,0,0.001,0.053,0.031,0,0,,0,,,,0,,,,,1004,1004,0,2,3,0,3,3,1,0,1,9,10,11,1,0,2,0,1,0,133472,0.395,1.043,0.009
752,2.337,0,0.001,0.046,0.065,0,0,,0,,,,0,,,,,1004,1004,0,2,3,0,3,3,1,0,1,9,10,11,1,0,2,0,1,0,133472,0.425,1.446,0.024
753,2.877,0.001,0,0.139,0.048,0,0,,0,,,,0,,,,,1004,1004,0,2,3,0,3,3,1,0,1,9,10,11,1,0,2,0,1,0,133472,0.7,1.47,0.022
754,2.16,0,0.001,0.074,0.036,0,0,,0,,,,0,,,,,1004,1004,0,2,3,0,3,3,1,0,1,9,10,11,1,0,2,0,1,0,133472,0.467,1.281,0.013
755,2.701,0.478,0.001,0.09,0.044,0,0,,0,,,,0,,,,,1004,1004,0,2,3,0,3,3,1,0,1,9,10,11,1,0,2,0,1,0,133472,0.49,1.193,0.013
756,1.595,0.097,0,0.048,0.044,0,0,,0,,,,0,,,,,1004,1004,0,2,3,0,3,3,1,0,1,9,10,11,1,0,2,0,1,0,133472,0.361,0.77,0.007
757,3.498,1.759,0.001,0.177,0.04,0,0,,0,,,,0,,,,,1004,1004,0,2,3,0,3,3,1,0,1,9,10,11,1,0,2,0,1,0,133472,0.386,0.807,0.007
758,3.186,0.72,0.001,0.166,0.062,0,0,,0,,,,0,,,,,1004,1004,0,2,3,0,3,3,1,0,1,9,10,11,1,0,2,0,1,0,133472,0.481,1.286,0.023
759,2.345,0.001,0,0.075,0.041,0,0,,0,,,,0,,,,,1004,1004,0,2,3,0,3,3,1,0,1,9,10,11,1,0,2,0,1,0,133472,0.627,1.194,0.015
760,2.235,0,0,0.071,0.048,0,0,,0,,,,0,,,,,1004,1004,0,2,3,0,3,3,1,0,1,9,10,11,1,0,2,0,1,0,133472,0.506,1.273,0.015
761,3.284,0.3,0,0.123,0.057,0,0,,0,,,,0,,,,,1004,1004,0,2,3,0,3,3,1,0,1,9,10,11,1,0,2,0,1,0,133472,0.913,1.23,0.016
762,1.907,0.001,0.001,0.07,0.037,0,0,,0,,,,0,,,,,1004,1004,0,2,3,0,3,3,1,0,1,9,10,11,1,0,2,0,1,0,133472,0.458,1.046,0.011
763,2.367,0.898,0.001,0.093,0.031,0,0,,0,,,,0,,,,,1004,1004,0,2,3,0,3,3,1,0,1,9,10,11,1,0,2,0,1,0,133472,0.325,0.722,0.008
764,2.34,0.803,0,0.074,0.021,0,0,,0,,,,0,,,,,1004,1004,0,2,3,0,3,3,1,0,1,9,10,11,1,0,2,0,1,0,133472,0.39,0.758,0.006
765,3.385,0.723,0,0.072,0.075,0,0,,0,,,,0,,,,,1004,1004,0,2,3,0,3,3,1,0,1,9,10,11,1,0,2,0,1,0,133472,0.399,1.712,0.026
766,3.311,0.001,0,0.095,0.067,0,0,,0,,,,0,,,,,1004,1004,0,2,3,0,3,3,1,0,1,9,10,11,1,0,2,0,1,0,133472,0.558,2.087,0.031
767,3.025,0.001,0.001,0.086,0.108,0,0,,0,,,,0,,,,,1004,1004,0,2,3,0,3,3,1,0,1,9,10,11,1,0,2,0,1,0,133472,0.781,1.514,0.021
768,4.589,2.671,0,0.108,0.051,0,0,,0,,,,0,,,,,1004,1004,0,2,3,0,3,3,1,0,1,9,10,11,1,0,2,0,1,0,133472,0.393,0.922,0.018
769,7.785,5.484,0,0.068,0.056,0,0,,0,,,,0,,,,,1004,1004,0,2,3,0,3,3,1,0,1,9,10,11,1,0,2,0,1,0,133472,0.49,1.244,0.02
770,9.109,6.916,0.001,0.11,0.053,0,0,,0,,,,0,,,,,1004,1004,0,2,3,0,3,3,1,0,1,9,10,11,1,0,2,0,1,0,133472,0.436,1.052,0.017
771,1.853,0.001,0,0.05,0.03,0,0,,0,,,,0,,,,,1004,1004,0,2,3,0,3,3,1,0,1,9,10,11,1,0,2,0,1,0,133472,0.409,1.104,0.01
772,2.135,0.281,0,0.048,0.031,0,0,,0,,,,0,,,,,1004,1004,0,2,3,0,3,3,1,0,1,9,10,11,1,0,2,0,1,0,133472,0.374,1.129,0.011
773,2.889,0.265,0,0.142,0.043,0,0,,0,,,,0,,,,,1004,1004,0,2,3,0,3,3,1,0,1,9,10,11,1,0,2,0,1,0,133472,0.557,1.444,0.017
774,2.361,0.001,0,0.06,0.028,0,0,,0,,,,0,,,,,1004,1004,0,2,3,0,3,3,1,0,1,9,10,11,1,0,2,0,1,0,133472,0.535,1.384,0.012
775,7.919,5.507,0.001,0.117,0.045,0,0,,0,,,,0,,,,,1004,1004,0,2,3,0,3,3,1,0,1,9,10,11,1,0,2,0,1,0,133472,0.438,1.391,0.013
776,1.936,0.001,0.001,0.043,0.028,0,0,,0,,,,0,,,,,1004,1004,0,2,3,0,3,3,1,0,1,9,10,11,1,0,2,0,1,0,133472,0.489,1.113,0.009
777,1.805,0,0,0.036,0.027,0,0,,0,,,,0,,,,,1004,1004,0,2,3,0,3,3,1,0,1,9,10,11,1,0,2,0,1,0,133472,0.419,1.078,0.009
778,2.37,0,0,0.043,0.033,0,0,,0,,,,0,,,,,1004,1004,0,2,3,0,3,3,1,0,1,9,10,11,1,0,2,0,1,0,133472,0.526,1.46,0.011
779,2.76,0,0,0.048,0.05,0,0,,0,,,,0,,,,,1004,1004,0,2,3,0,3,3,1,0,1,9,10,11,1,0,2,0,1,0,133472,0.61,1.684,0.014
780,2.588,0.001,0,0.063,0.192,0,0,,1,2296.875,233959424,288911360,1,71217344,71217344,167755776,38823561584,1004,1004,0,2,3,0,3,3,1,0,1,9,10,11,1,0,2,0,1,0,133472,0.65,1.322,0.009
781,1.979,0.001,0.001,0.045,0.032,0,0,,0,,,,0,,,,,1004,1004,0,2,3,0,3,3,1,0,1,9,10,11,1,0,2,0,1,0,133472,0.458,1.159,0.01
782,2.079,0,0,0.039,0.048,0,0,,0,,,,0,,,,,1004,1004,0,2,3,0,3,3,1,0,1,9,10,11,1,0,2,0,1,0,133472,0.471,1.244,0.014
783,2.209,0,0,0.07,0.03,0,0,,0,,,,0,,,,,1004,1004,0,2,3,0,3,3,1,0,1,9,10,11,1,0,2,0,1,0,133472,0.527,1.237,0.009
784,1.482,0,0.001,0.042,0.027,0,0,,0,,,,0,,,,,1004,1004,0,2,3,0,3,3,1,0,1,9,10,11,1,0,2,0,1,0,133472,0.349,0.862,0.007
785,3.155,0.899,0,0.08,0.038,0,0,,0,,,,0,,,,,1004,1004,0,2,3,0,3,3,1,0,1,9,10,11,1,0,2,0,1,0,133472,0.474,1.299,0.014
786,2.44,0.261,0,0.049,0.031,0,0,,0,,,,0,,,,,1004,1004,0,2,3,0,3,3,1,0,1,9,10,11,1,0,2,0,1,0,133472,0.454,1.254,0.011
787,4.512,2.683,0,0.052,0.05,0,0,,0,,,,0,,,,,1004,1004,0,2,3,0,3,3,1,0,1,9,10,11,1,0,2,0,1,0,133472,0.368,1.047,0.015
788,7.692,5.579,0,0.064,0.105,0,0,,0,,,,0,,,,,1004,1004,0,2,3,0,3,3,1,0,1,9,10,11,1,0,2,0,1,0,133472,0.442,1.006,0.023
789,15.06,12.564,0.001,0.222,0.066,0,0,,0,,,,0,,,,,1004,1004,0,2,3,0,3,3,1,0,1,9,10,11,1,0,2,0,1,0,133472,0.517,1.199,0.018
790,2.204,0.001,0.001,0.039,0.069,0,0,,0,,,,0,,,,,1004,1004,0,2,3,0,3,3,1,0,1,9,10,11,1,0,2,0,1,0,133472,0.405,1.311,0.034
791,2.299,0.146,0,0.106,0.036,0,0,,0,,,,0,,,,,1004,1004,0,2,3,0,3,3,1,0,1,9,10,11,1,0,2,0,1,0,133472,0.511,1.167,0.013
792,2.93,0.287,0,0.068,0.038,0,0,,0,,,,0,,,,,1004,1004,0,2,3,0,3,3,1,0,1,9,10,11,1,0,2,0,1,0,133472,0.578,1.412,0.031
793,3.905,1.945,0.001,0.187,0.036,0,0,,0,,,,0,,,,,1004,1004,0,2,3,0,3,3,1,0,1,9,10,11,1,0,2,0,1,0,133472,0.42,0.977,0.011
794,2.464,0.465,0.001,0.161,0.09,0,0,,0,,,,0,,,,,1004,1004,0,2,3,0,3,3,1,0,1,9,10,11,1,0,2,0,1,0,133472,0.404,0.835,0.011
795,2.606,0.328,0,0.121,0.032,0,0,,0,,,,0,,,,,1004,1004,0,2,3,0,3,3,1,0,1,9,10,11,1,0,2,0,1,0,133472,0.514,1.276,0.023
796,2.005,0.111,0.001,0.084,0.042,0,0,,0,,,,0,,,,,1004,1004,0,2,3,0,3,3,1,0,1,9,10,11,1,0,2,0,1,0,133472,0.364,0.91,0.07
797,3.502,0.5,0.001,0.144,0.09,0,0,,0,,,,0,,,,,1004,1004,0,2,3,0,3,3,1,0,1,9,10,11,1,0,2,0,1,0,133472,0.538,1.474,0.072
798,1.835,0.001,0,0.054,0.031,0,0,,0,,,,0,,,,,1004,1004,0,2,3,0,3,3,1,0,1,9,10,11,1,0,2,0,1,0,133472,0.466,0.921,0.016
799,5.599,3.292,0,0.083,0.059,0,0,,0,,,,0,,,,,1004,1004,0,2,3,0,3,3,1,0,1,9,10,11,1,0,2,0,1,0,133472,0.448,1.275,0.016
800,8.3,6.147,0,0.065,0.097,0,0,,0,,,,0,,,,,1004,1004,0,2,3,0,3,3,1,0,1,9,10,11,1,0,2,0,1,0,133472,0.607,0.88,0.013
801,2.831,1.07,0,0.092,0.039,0,0,,0,,,,0,,,,,1004,1004,0,2,3,0,3,3,1,0,1,9,10,11,1,0,2,0,1,0,133472,0.389,0.873,0.009
802,3.517,1.058,0,0.114,0.05,0,0,,0,,,,0,,,,,1004,1004,0,2,3,0,3,3,1,0,1,9,10,11,1,0,2,0,1,0,133472,0.907,1.108,0.022
803,1.692,0.256,0,0.107,0.027,0,0,,0,,,,0,,,,,1004,1004,0,2,3,0,3,3,1,0,1,9,10,11,1,0,2,0,1,0,133472,0.321,0.698,0.006
804,2.345,1.116,0.001,0.034,0.024,0,0,,0,,,,0,,,,,1004,1004,0,2,3,0,3,3,1,0,1,9,10,11,1,0,2,0,1,0,133472,0.338,0.618,0.005
805,2.299,0.944,0.001,0.108,0.033,0,0,,0,,,,0,,,,,1004,1004,0,2,3,0,3,3,1,0,1,9,10,11,1,0,2,0,1,0,133472,0.262,0.634,0.006
806,2.855,0.794,0,0.225,0.032,0,0,,0,,,,0,,,,,1004,1004,0,2,3,0,3,3,1,0,1,9,10,11,1,0,2,0,1,0,133472,0.388,0.989,0.032
807,2.698,0.734,0,0.049,0.055,0,0,,0,,,,0,,,,,1004,1004,0,2,3,0,3,3,1,0,1,9,10,11,1,0,2,0,1,0,133472,0.539,0.964,0.015
808,1.66,0.13,0,0.047,0.02,0,0,,0,,,,0,,,,,1004,1004,0,2,3,0,3,3,1,0,1,9,10,11,1,0,2,0,1,0,133472,0.374,0.854,0.007
809,6.591,5.1,0,0.109,0.059,0,0,,0,,,,0,,,,,1004,1004,0,2,3,0,3,3,1,0,1,9,10,11,1,0,2,0,1,0,133472,0.295,0.676,0.008
810,5.898,3.114,0,0.077,0.101,0,0,,1,2390.625,233959424,288911360,1,71217344,71217344,167755776,38823561584,1004,1004,0,2,3,0,3,3,1,0,1,9,10,11,1,0,2,0,1,0,133472,0.272,1.981,0.023
811,3.063,0.001,0.001,0.079,0.132,0,0,,0,,,,0,,,,,1004,1004,0,2,3,0,3,3,1,0,1,9,10,11,1,0,2,0,1,0,133472,0.65,1.729,0.024
812,3.573,0.001,0,0.062,0.061,0,0,,0,,,,0,,,,,1004,1004,0,2,3,0,3,3,1,0,1,9,10,11,1,0,2,0,1,0,133472,0.663,2.331,0.021
813,4.522,0,0,0.092,0.071,0,0,,0,,,,0,,,,,1004,1004,0,2,3,0,3,3,1,0,1,9,10,11,1,0,2,0,1,0,133472,0.984,2.748,0.036
814,3.636,0,0.001,0.092,0.049,0,0,,0,,,,0,,,,,1004,1004,0,2,3,0,3,3,1,0,1,9,10,11,1,0,2,0,1,0,133472,0.846,2.137,0.017
815,2.135,0,0,0.075,0.077,0,0,,0,,,,0,,,,,1004,1004,0,2,3,0,3,3,1,0,1,9,10,11,1,0,2,0,1,0,133472,0.474,1.001,0.011
816,1.925,0.001,0.001,0.054,0.034,0,0,,0,,,,0,,,,,1004,1004,0,2,3,0,3,3,1,0,1,9,10,11,1,0,2,0,1,0,133472,0.421,1.066,0.014
817,1.872,0.001,0,0.052,0.031,0,0,,0,,,,0,,,,,1004,1004,0,2,3,0,3,3,1,0,1,9,10,11,1,0,2,0,1,0,133472,0.419,1.096,0.01
818,2.289,0.405,0,0.119,0.096,0,0,,0,,,,0,,,,,1004,1004,0,2,3,0,3,3,1,0,1,9,10,11,1,0,2,0,1,0,133472,0.425,0.918,0.009
819,1.602,0.001,0,0.041,0.04,0,0,,0,,,,0,,,,,1004,1004,0,2,3,0,3,3,1,0,1,9,10,11,1,0,2,0,1,0,133472,0.385,0.908,0.007
820,1.341,0.001,0,0.038,0.02,0,0,,0,,,,0,,,,,1004,1004,0,2,3,0,3,3,1,0,1,9,10,11,1,0,2,0,1,0,133472,0.325,0.759,0.009
821,2.167,0.657,0,0.071,0.026,0,0,,0,,,,0,,,,,1004,1004,0,2,3,0,3,3,1,0,1,9,10,11,1,0,2,0,1,0,133472,0.371,0.775,0.009
822,2.09,0.743,0,0.073,0.022,0,0,,0,,,,0,,,,,1004,1004,0,2,3,0,3,3,1,0,1,9,10,11,1,0,2,0,1,0,133472,0.345,0.652,0.006
823,2.836,0.93,0,0.12,0.04,0,0,,0,,,,0,,,,,1004,1004,0,2,3,0,3,3,1,0,1,9,10,11,1,0,2,0,1,0,133472,0.415,0.923,0.011
824,2.578,0.37,0,0.077,0.045,0,0,,0,,,,0,,,,,1004,1004,0,2,3,0,3,3,1,0,1,9,10,11,1,0,2,0,1,0,133472,0.417,1.172,0.017
825,1.853,0.306,0.001,0.054,0.032,0,0,,0,,,,0,,,,,1004,1004,0,2,3,0,3,3,1,0,1,9,10,11,1,0,2,0,1,0,133472,0.385,0.798,0.008
826,2.136,0.762,0,0.045,0.035,0,0,,0,,,,0,,,,,1004,1004,0,2,3,0,3,3,1,0,1,9,10,11,1,0,2,0,1,0,133472,0.335,0.746,0.006
827,5.867,2.275,0.001,0.128,0.077,0,0,,0,,,,0,,,,,1004,1004,0,2,3,0,3,3,1,0,1,9,10,11,1,0,2,0,1,0,133472,0.987,1.718,0.022
828,1.75,0.002,0,0.054,0.037,0,0,,0,,,,0,,,,,1004,1004,0,2,3,0,3,3,1,0,1,9,10,11,1,0,2,0,1,0,133472,0.477,0.874,0.007
829,2.663,0.519,0,0.127,0.04,0,0,,0,,,,0,,,,,1004,1004,0,2,3,0,3,3,1,0,1,9,10,11,1,0,2,0,1,0,133472,0.679,0.843,0.011
830,4.389,0.227,0.001,0.047,0.108,0,0,,0,,,,0,,,,,1004,1004,0,2,3,0,3,3,1,0,1,9,10,11,1,0,2,0,1,0,133472,0.95,2.511,0.03
831,4.545,0.001,0,0.127,0.073,0,0,,0,,,,0,,,,,1004,1004,0,2,3,0,3,3,1,0,1,9,10,11,1,0,2,0,1,0,133472,0.967,2.742,0.025
832,2.564,0.001,0.001,0.109,0.031,0,0,,0,,,,0,,,,,1004,1004,0,2,3,0,3,3,1,0,1,9,10,11,1,0,2,0,1,0,133472,0.869,1.081,0.011
833,1.881,0,0,0.041,0.028,0,0,,0,,,,0,,,,,1004,1004,0,2,3,0,3,3,1,0,1,9,10,11,1,0,2,0,1,0,133472,0.506,1.04,0.009
834,1.985,0.001,0,0.035,0.043,0,0,,0,,,,0,,,,,1004,1004,0,2,3,0,3,3,1,0,1,9,10,11,1,0,2,0,1,0,133472,0.408,1.206,0.03
835,2.467,0,0,0.055,0.049,0,0,,0,,,,0,,,,,1004,1004,0,2,3,0,3,3,1,0,1,9,10,11,1,0,2,0,1,0,133472,0.673,1.251,0.016
836,2.903,0.001,0,0.056,0.059,0,0,,0,,,,0,,,,,1004,1004,0,2,3,0,3,3,1,0,1,9,10,11,1,0,2,0,1,0,133472,0.465,1.865,0.045
837,3.095,0.001,0.001,0.086,0.037,0,0,,0,,,,0,,,,,1004,1004,0,2,3,0,3,3,1,0,1,9,10,11,1,0,2,0,1,0,133472,0.65,1.839,0.015
838,14.146,11.132,0.001,0.11,0.069,0,0,,0,,,,0,,,,,1004,1004,0,2,3,0,3,3,1,0,1,9,10,11,1,0,2,0,1,0,133472,0.681,1.478,0.036
839,6.623,3.645,0,0.065,0.104,0,0,,0,,,,0,,,,,1004,1004,0,2,3,0,3,3,1,0,1,9,10,11,1,0,2,0,1,0,133472,0.422,1.823,0.029
840,2.927,0.002,0.001,0.085,0.037,0,0,,1,2468.75,233959424,288911360,1,71217344,71217344,167755776,38823561584,1004,1004,0,2,3,0,3,3,1,0,1,9,10,11,1,0,2,0,1,0,133472,0.592,1.672,0.018
841,9.112,4.271,0,0.072,0.092,0,0,,0,,,,0,,,,,1004,1004,0,2,3,0,3,3,1,0,1,9,10,11,1,0,2,0,1,0,133472,1.151,2.831,0.034
842,4.26,0.002,0.001,0.095,0.072,0,0,,0,,,,0,,,,,1004,1004,0,2,3,0,3,3,1,0,1,9,10,11,1,0,2,0,1,0,133472,1.024,2.388,0.037
843,3.634,0.911,0,0.066,0.066,0,0,,0,,,,0,,,,,1004,1004,0,2,3,0,3,3,1,0,1,9,10,11,1,0,2,0,1,0,133472,0.487,1.656,0.024
844,33.462,30.429,0.001,0.125,0.053,0,0,,0,,,,0,,,,,1004,1004,0,2,3,0,3,3,1,0,1,9,10,11,1,0,2,0,1,0,133472,0.648,1.611,0.026
845,9.604,6.336,0.001,0.093,0.063,0,0,,0,,,,0,,,,,1004,1004,0,2,3,0,3,3,1,0,1,9,10,11,1,0,2,0,1,0,133472,0.744,1.742,0.032
846,8.358,5.231,0.001,0.084,0.085,0,0,,0,,,,0,,,,,1004,1004,0,2,3,0,3,3,1,0,1,9,10,11,1,0,2,0,1,0,133472,0.64,1.743,0.032
847,4.356,1.422,0.001,0.071,0.065,0,0,,0,,,,0,,,,,1004,1004,0,2,3,0,3,3,1,0,1,9,10,11,1,0,2,0,1,0,133472,0.656,1.627,0.024
848,2.385,0.001,0,0.071,0.036,0,0,,0,,,,0,,,,,1004,1004,0,2,3,0,3,3,1,0,1,9,10,11,1,0,2,0,1,0,133472,0.564,1.317,0.015
849,7.444,4.826,0.001,0.136,0.049,0,0,,0,,,,0,,,,,1004,1004,0,2,3,0,3,3,1,0,1,9,10,11,1,0,2,0,1,0,133472,0.612,1.271,0.018
850,3.924,0.942,0,0.124,0.056,0,0,,0,,,,0,,,,,1004,1004,0,2,3,0,3,3,1,0,1,9,10,11,1,0,2,0,1,0,133472,0.518,1.751,0.024
851,2.574,0.001,0,0.059,0.049,0,0,,0,,,,0,,,,,1004,1004,0,2,3,0,3,3,1,0,1,9,10,11,1,0,2,0,1,0,133472,0.566,1.502,0.016
852,2.269,0.001,0,0.061,0.031,0,0,,0,,,,0,,,,,1004,1004,0,2,3,0,3,3,1,0,1,9,10,11,1,0,2,0,1,0,133472,0.521,1.317,0.016
853,6.958,4.716,0.001,0.095,0.057,0,0,,0,,,,0,,,,,1004,1004,0,2,3,0,3,3,1,0,1,9,10,11,1,0,2,0,1,0,133472,0.496,1.185,0.014
854,3.717,1.549,0,0.053,0.041,0,0,,0,,,,0,,,,,1004,1004,0,2,3,0,3,3,1,0,1,9,10,11,1,0,2,0,1,0,133472,0.47,1.245,0.018
855,3.432,0.568,0.001,0.051,0.073,0,0,,0,,,,0,,,,,1004,1004,0,2,3,0,3,3,1,0,1,9,10,11,1,0,2,0,1,0,133472,0.518,1.757,0.036
856,2.618,0.002,0,0.079,0.053,0,0,,0,,,,0,,,,,1004,1004,0,2,3,0,3,3,1,0,1,9,10,11,1,0,2,0,1,0,133472,0.655,1.375,0.016
857,3.064,0.448,0.001,0.062,0.063,0,0,,0,,,,0,,,,,1004,1004,0,2,3,0,3,3,1,0,1,9,10,11,1,0,2,0,1,0,133472,0.596,1.463,0.019
858,4.775,2.38,0,0.111,0.042,0,0,,0,,,,0,,,,,1004,1004,0,2,3,0,3,3,1,0,1,9,10,11,1,0,2,0,1,0,133472,0.525,1.301,0.015
859,3.048,0.678,0,0.054,0.045,0,0,,0,,,,0,,,,,1004,1004,0,2,3,0,3,3,1,0,1,9,10,11,1,0,2,0,1,0,133472,0.512,1.398,0.017
860,2.307,0.001,0,0.062,0.054,0,0,,0,,,,0,,,,,1004,1004,0,2,3,0,3,3,1,0,1,9,10,11,1,0,2,0,1,0,133472,0.515,1.335,0.017
861,2.68,0.287,0.001,0.069,0.051,0,0,,0,,,,0,,,,,1004,1004,0,2,3,0,3,3,1,0,1,9,10,11,1,0,2,0,1,0,133472,0.485,1.435,0.018
862,2.709,0.001,0.001,0.069,0.04,0,0,,0,,,,0,,,,,1004,1004,0,2,3,0,3,3,1,0,1,9,10,11,1,0,2,0,1,0,133472,0.643,1.523,0.018
863,4.057,1.088,0,0.111,0.069,0,0,,0,,,,0,,,,,1004,1004,0,2,3,0,3,3,1,0,1,9,10,11,1,0,2,0,1,0,133472,0.626,1.605,0.022
864,14.096,11.143,0.001,0.096,0.063,0,0,,0,,,,0,,,,,1004,1004,0,2,3,0,3,3,1,0,1,9,10,11,1,0,2,0,1,0,133472,0.617,1.638,0.02
865,12.624,9.946,0.001,0.122,0.054,0,0,,0,,,,0,,,,,1004,1004,0,2,3,0,3,3,1,0,1,9,10,11,1,0,2,0,1,0,133472,0.551,1.435,0.021
866,2.311,0.001,0,0.06,0.031,0,0,,0,,,,0,,,,,1004,1004,0,2,3,0,3,3,1,0,1,9,10,11,1,0,2,0,1,0,133472,0.525,1.362,0.013
867,5.637,3.331,0.001,0.096,0.036,0,0,,0,,,,0,,,,,1004,1004,0,2,3,0,3,3,1,0,1,9,10,11,1,0,2,0,1,0,133472,0.456,1.27,0.012
868,4.569,1.208,0.001,0.099,0.072,0,0,,0,,,,0,,,,,1004,1004,0,2,3,0,3,3,1,0,1,9,10,11,1,0,2,0,1,0,133472,0.487,2.198,0.025
869,3.165,0.001,0.001,0.074,0.109,0,0,,0,,,,0,,,,,1004,1004,0,2,3,0,3,3,1,0,1,9,10,11,1,0,2,0,1,0,133472,0.785,1.584,0.069
870,3.862,0.001,0.001,0.08,0.086,0,0,,1,2546.875,233959424,288911360,1,71217344,71217344,167755776,38823561584,1004,1004,0,2,3,0,3,3,1,0,1,9,10,11,1,0,2,0,1,0,133472,0.718,2.43,0.028
871,3.621,0,0,0.127,0.077,0,0,,0,,,,0,,,,,1004,1004,0,2,3,0,3,3,1,0,1,9,10,11,1,0,2,0,1,0,133472,0.778,2.206,0.018
872,4.444,0.57,0.001,0.147,0.047,0,0,,0,,,,0,,,,,1004,1004,0,2,3,0,3,3,1,0,1,9,10,11,1,0,2,0,1,0,133472,1.033,1.943,0.018
873,1.685,0.001,0,0.07,0.038,0,0,,0,,,,0,,,,,1004,1004,0,2,3,0,3,3,1,0,1,9,10,11,1,0,2,0,1,0,133472,0.37,0.92,0.012
874,3.018,0.702,0.001,0.114,0.051,0,0,,0,,,,0,,,,,1004,1004,0,2,3,0,3,3,1,0,1,9,10,11,1,0,2,0,1,0,133472,0.492,1.238,0.019
875,2.208,0.001,0,0.083,0.03,0,0,,0,,,,0,,,,,1004,1004,0,2,3,0,3,3,1,0,1,9,10,11,1,0,2,0,1,0,133472,0.651,1.082,0.014
876,4.615,1.539,0.001,0.081,0.085,0,0,,0,,,,0,,,,,1004,1004,0,2,3,0,3,3,1,0,1,9,10,11,1,0,2,0,1,0,133472,0.65,1.747,0.027
877,3.721,0.258,0.001,0.082,0.072,0,0,,0,,,,0,,,,,1004,1004,0,2,3,0,3,3,1,0,1,9,10,11,1,0,2,0,1,0,133472,0.737,1.985,0.024
878,6.399,4.329,0,0.064,0.07,0,0,,0,,,,0,,,,,1004,1004,0,2,3,0,3,3,1,0,1,9,10,11,1,0,2,0,1,0,133472,0.443,1.069,0.025
879,16.456,14.453,0,0.078,0.045,0,0,,0,,,,0,,,,,1004,1004,0,2,3,0,3,3,1,0,1,9,10,11,1,0,2,0,1,0,133472,0.487,0.978,0.013
880,8.929,6.458,0.001,0.088,0.054,0,0,,0,,,,0,,,,,1004,1004,0,2,3,0,3,3,1,0,1,9,10,11,1,0,2,0,1,0,133472,0.533,1.313,0.025
881,3.095,0,0,0.058,0.073,0,0,,0,,,,0,,,,,1004,1004,0,2,3,0,3,3,1,0,1,9,10,11,1,0,2,0,1,0,133472,0.609,1.866,0.032
882,4.51,1.607,0,0.068,0.073,0,0,,0,,,,0,,,,,1004,1004,0,2,3,0,3,3,1,0,1,9,10,11,1,0,2,0,1,0,133472,0.597,1.637,0.028
883,2.249,0.001,0,0.062,0.031,0,0,,0,,,,0,,,,,1004,1004,0,2,3,0,3,3,1,0,1,9,10,11,1,0,2,0,1,0,133472,0.628,1.169,0.013
884,6.009,3.765,0,0.06,0.05,0,0,,0,,,,0,,,,,1004,1004,0,2,3,0,3,3,1,0,1,9,10,11,1,0,2,0,1,0,133472,0.451,1.294,0.022
885,9.758,7.551,0.001,0.07,0.051,0,0,,0,,,,0,,,,,1004,1004,0,2,3,0,3,3,1,0,1,9,10,11,1,0,2,0,1,0,133472,0.48,1.153,0.023
886,12.579,10.174,0.001,0.071,0.065,0,0,,0,,,,0,,,,,1004,1004,0,2,3,0,3,3,1,0,1,9,10,11,1,0,2,0,1,0,133472,0.475,1.295,0.029
887,3.872,0.001,0,0.148,0.078,0,0,,0,,,,0,,,,,1004,1004,0,2,3,0,3,3,1,0,1,9,10,11,1,0,2,0,1,0,133472,1.201,1.789,0.029
888,2.013,0.001,0.001,0.072,0.031,0,0,,0,,,,0,,,,,1004,1004,0,2,3,0,3,3,1,0,1,9,10,11,1,0,2,0,1,0,133472,0.538,0.945,0.01
889,4.723,2.396,0,0.073,0.062,0,0,,0,,,,0,,,,,1004,1004,0,2,3,0,3,3,1,0,1,9,10,11,1,0,2,0,1,0,133472,0.509,1.253,0.036
890,2.6,0.001,0,0.06,0.046,0,0,,0,,,,0,,,,,1004,1004,0,2,3,0,3,3,1,0,1,9,10,11,1,0,2,0,1,0,133472,0.669,1.375,0.018
891,6.298,1.327,0,0.092,0.047,0,0,,0,,,,0,,,,,1004,1004,0,2,3,0,3,3,1,0,1,9,10,11,1,0,2,0,1,0,133472,0.998,2.896,0.033
892,2.07,0.001,0.001,0.076,0.064,0,0,,0,,,,0,,,,,1004,1004,0,2,3,0,3,3,1,0,1,9,10,11,1,0,2,0,1,0,133472,0.412,1.158,0.02
893,4.841,2.363,0,0.088,0.062,0,0,,0,,,,0,,,,,1004,1004,0,2,3,0,3,3,1,0,1,9,10,11,1,0,2,0,1,0,133472,0.588,1.326,0.017
894,2.693,0.32,0,0.058,0.041,0,0,,0,,,,0,,,,,1004,1004,0,2,3,0,3,3,1,0,1,9,10,11,1,0,2,0,1,0,133472,0.565,1.313,0.018
895,40.184,37.058,0,0.075,0.063,0,0,,0,,,,0,,,,,1004,1004,0,2,3,0,3,3,1,0,1,9,10,11,1,0,2,0,1,0,133472,0.617,1.817,0.042
896,24.632,21.903,0,0.063,0.078,0,0,,0,,,,0,,,,,1004,1004,0,2,3,0,3,3,1,0,1,9,10,11,1,0,2,0,1,0,133472,0.583,1.506,0.034
897,9.958,6.74,0.001,0.136,0.098,0,0,,0,,,,0,,,,,1004,1004,0,2,3,0,3,3,1,0,1,9,10,11,1,0,2,0,1,0,133472,0.587,1.569,0.027
898,2.485,0.001,0.001,0.075,0.033,0,0,,0,,,,0,,,,,1004,1004,0,2,3,0,3,3,1,0,1,9,10,11,1,0,2,0,1,0,133472,0.577,1.418,0.014
899,4.535,1.626,0,0.082,0.094,0,0,,0,,,,0,,,,,1004,1004,0,2,3,0,3,3,1,0,1,9,10,11,1,0,2,0,1,0,133472,0.617,1.543,0.028
900,3.868,0.609,0,0.063,0.083,0,0,,1,2671.875,233959424,288911360,1,71217344,71217344,167755776,38823561584,1004,1004,0,2,3,0,3,3,1,0,1,9,10,11,1,0,2,0,1,0,133472,0.67,1.98,0.033
901,3.172,0.812,0,0.083,0.059,0,0,,0,,,,0,,,,,1004,1004,0,2,3,0,3,3,1,0,1,9,10,11,1,0,2,0,1,0,133472,0.671,1.074,0.016
902,4.034,0.933,0,0.082,0.064,0,0,,0,,,,0,,,,,1004,1004,0,2,3,0,3,3,1,0,1,9,10,11,1,0,2,0,1,0,133472,0.69,1.714,0.025
903,8.2,5.153,0,0.089,0.068,0,0,,0,,,,0,,,,,1004,1004,0,2,3,0,3,3,1,0,1,9,10,11,1,0,2,0,1,0,133472,0.626,1.704,0.028
904,57.38,54.507,0.001,0.091,0.077,0,0,,0,,,,0,,,,,1004,1004,0,2,3,0,3,3,1,0,1,9,10,11,1,0,2,0,1,0,133472,0.609,1.49,0.027
905,38.652,35.381,0.001,0.124,0.094,0,0,,0,,,,0,,,,,1004,1004,0,2,3,0,3,3,1,0,1,9,10,11,1,0,2,0,1,0,133472,0.643,1.755,0.029
906,3.121,0.001,0.001,0.083,0.053,0,0,,0,,,,0,,,,,1004,1004,0,2,3,0,3,3,1,0,1,9,10,11,1,0,2,0,1,0,133472,0.691,1.787,0.025
907,5.621,2.388,0,0.108,0.072,0,0,,0,,,,0,,,,,1004,1004,0,2,3,0,3,3,1,0,1,9,10,11,1,0,2,0,1,0,133472,0.728,1.744,0.027
908,3.771,0.001,0.001,0.079,0.087,0,0,,0,,,,0,,,,,1004,1004,0,2,3,0,3,3,1,0,1,9,10,11,1,0,2,0,1,0,133472,0.765,2.027,0.042
909,35.684,31.402,0.001,0.095,0.874,0,0,,0,,,,0,,,,,1004,1004,0,2,3,0,3,3,1,0,1,9,10,11,1,0,2,0,1,0,133472,0.728,1.926,0.031
910,57.172,53.87,0.001,0.095,0.069,0,0,,0,,,,0,,,,,1004,1004,0,2,3,0,3,3,1,0,1,9,10,11,1,0,2,0,1,0,133472,0.612,1.915,0.028
911,37.565,35.19,0.001,0.134,0.049,0,0,,0,,,,0,,,,,1004,1004,0,2,3,0,3,3,1,0,1,9,10,11,1,0,2,0,1,0,133472,0.617,1.012,0.019
912,26.416,24.21,0.001,0.088,0.061,0,0,,0,,,,0,,,,,1004,1004,0,2,3,0,3,3,1,0,1,9,10,11,1,0,2,0,1,0,133472,0.459,1.119,0.021
913,2.94,0.282,0,0.058,0.057,0,0,,0,,,,0,,,,,1004,1004,0,2,3,0,3,3,1,0,1,9,10,11,1,0,2,0,1,0,133472,0.616,1.528,0.025
914,3.478,1.344,0.001,0.06,0.044,0,0,,0,,,,0,,,,,1004,1004,0,2,3,0,3,3,1,0,1,9,10,11,1,0,2,0,1,0,133472,0.473,1.142,0.027
915,4.681,2.529,0.001,0.062,0.054,0,0,,0,,,,0,,,,,1004,1004,0,2,3,0,3,3,1,0,1,9,10,11,1,0,2,0,1,0,133472,0.481,1.153,0.019
916,2.292,0.23,0.001,0.054,0.044,0,0,,0,,,,0,,,,,1004,1004,0,2,3,0,3,3,1,0,1,9,10,11,1,0,2,0,1,0,133472,0.471,1.158,0.018
917,2.693,0.332,0,0.084,0.046,0,0,,0,,,,0,,,,,1004,1004,0,2,3,0,3,3,1,0,1,9,10,11,1,0,2,0,1,0,133472,0.486,1.329,0.015
918,2.221,0.001,0,0.056,0.043,0,0,,0,,,,0,,,,,1004,1004,0,2,3,0,3,3,1,0,1,9,10,11,1,0,2,0,1,0,133472,0.467,1.33,0.013
919,3.04,0.67,0.001,0.064,0.055,0,0,,0,,,,0,,,,,1004,1004,0,2,3,0,3,3,1,0,1,9,10,11,1,0,2,0,1,0,133472,0.512,1.363,0.015
920,3.068,0.386,0,0.065,0.059,0,0,,0,,,,0,,,,,1004,1004,0,2,3,0,3,3,1,0,1,9,10,11,1,0,2,0,1,0,133472,0.559,1.565,0.022
921,2.72,0.364,0.001,0.111,0.037,0,0,,0,,,,0,,,,,1004,1004,0,2,3,0,3,3,1,0,1,9,10,11,1,0,2,0,1,0,133472,0.519,1.284,0.012
922,3.05,0.733,0,0.146,0.05,0,0,,0,,,,0,,,,,1004,1004,0,2,3,0,3,3,1,0,1,9,10,11,1,0,2,0,1,0,133472,0.558,1.129,0.018
923,1.817,0.187,0,0.085,0.035,0,0,,0,,,,0,,,,,1004,1004,0,2,3,0,3,3,1,0,1,9,10,11,1,0,2,0,1,0,133472,0.345,0.812,0.006
924,3.458,0.854,0,0.192,0.048,0,0,,0,,,,0,,,,,1004,1004,0,2,3,0,3,3,1,0,1,9,10,11,1,0,2,0,1,0,133472,0.486,1.499,0.019
925,2.957,0.497,0,0.081,0.062,0,0,,0,,,,0,,,,,1004,1004,0,2,3,0,3,3,1,0,1,9,10,11,1,0,2,0,1,0,133472,0.602,1.242,0.018
926,2.497,0.312,0,0.059,0.042,0,0,,0,,,,0,,,,,1004,1004,0,2,3,0,3,3,1,0,1,9,10,11,1,0,2,0,1,0,133472,0.468,1.266,0.014
927,2.475,0.402,0,0.048,0.117,0,0,,0,,,,0,,,,,1004,1004,0,2,3,0,3,3,1,0,1,9,10,11,1,0,2,0,1,0,133472,0.401,0.967,0.009
928,3.587,1.089,0,0.164,0.076,0,0,,0,,,,0,,,,,1004,1004,0,2,3,0,3,3,1,0,1,9,10,11,1,0,2,0,1,0,133472,0.49,1.321,0.024
929,2.565,0.001,0,0.096,0.036,0,0,,0,,,,0,,,,,1004,1004,0,2,3,0,3,3,1,0,1,9,10,11,1,0,2,0,1,0,133472,0.641,1.341,0.012
930,2.832,0,0,0.048,0.072,0,0,,1,2765.625,232894464,287191040,1,71217344,71217344,167755776,38823561584,1004,1004,0,2,3,0,3,3,1,0,1,9,10,11,1,0,2,0,1,0,133472,0.483,1.821,0.023
931,2.498,0.285,0,0.049,0.045,0,0,,0,,,,0,,,,,1004,1004,0,2,3,0,3,3,1,0,1,9,10,11,1,0,2,0,1,0,133472,0.646,1.107,0.016
932,3.573,1.496,0.001,0.099,0.041,0,0,,0,,,,0,,,,,1004,1004,0,2,3,0,3,3,1,0,1,9,10,11,1,0,2,0,1,0,133472,0.57,0.914,0.011
933,8.176,5.921,0,0.076,0.055,0,0,,0,,,,0,,,,,1004,1004,0,2,3,0,3,3,1,0,1,9,10,11,1,0,2,0,1,0,133472,0.493,1.199,0.02
934,6.158,3.4,0.001,0.076,0.058,0,0,,0,,,,0,,,,,1004,1004,0,2,3,0,3,3,1,0,1,9,10,11,1,0,2,0,1,0,133472,0.575,1.545,0.027
935,2.964,0.801,0.001,0.059,0.041,0,0,,0,,,,0,,,,,1004,1004,0,2,3,0,3,3,1,0,1,9,10,11,1,0,2,0,1,0,133472,0.536,1.114,0.014
936,2.813,0.707,0.001,0.053,0.04,0,0,,0,,,,0,,,,,1004,1004,0,2,3,0,3,3,1,0,1,9,10,11,1,0,2,0,1,0,133472,0.465,1.239,0.016
937,3.474,1.335,0,0.066,0.052,0,0,,0,,,,0,,,,,1004,1004,0,2,3,0,3,3,1,0,1,9,10,11,1,0,2,0,1,0,133472,0.465,1.198,0.014
938,3.458,1.032,0,0.061,0.047,0,0,,0,,,,0,,,,,1004,1004,0,2,3,0,3,3,1,0,1,9,10,11,1,0,2,0,1,0,133472,0.482,1.488,0.016
939,3.003,0.273,0,0.075,0.059,0,0,,0,,,,0,,,,,1004,1004,0,2,3,0,3,3,1,0,1,9,10,11,1,0,2,0,1,0,133472,0.626,1.541,0.021
940,9.336,6.766,0,0.07,0.065,0,0,,0,,,,0,,,,,1004,1004,0,2,3,0,3,3,1,0,1,9,10,11,1,0,2,0,1,0,133472,0.564,1.385,0.023
941,2.651,0.414,0,0.058,0.055,0,0,,0,,,,0,,,,,1004,1004,0,2,3,0,3,3,1,0,1,9,10,11,1,0,2,0,1,0,133472,0.483,1.24,0.021
942,3.153,0.601,0.001,0.074,0.042,0,0,,0,,,,0,,,,,1004,1004,0,2,3,0,3,3,1,0,1,9,10,11,1,0,2,0,1,0,133472,0.602,1.364,0.017
943,2.296,0.259,0,0.059,0.063,0,0,,0,,,,0,,,,,1004,1004,0,2,3,0,3,3,1,0,1,9,10,11,1,0,2,0,1,0,133472,0.478,1.008,0.013
944,4.47,0.824,0,0.08,0.086,0,0,,0,,,,0,,,,,1004,1004,0,2,3,0,3,3,1,0,1,9,10,11,1,0,2,0,1,0,133472,0.665,2.204,0.034
945,3.533,0.84,0.001,0.11,0.067,0,0,,0,,,,0,,,,,1004,1004,0,2,3,0,3,3,1,0,1,9,10,11,1,0,2,0,1,0,133472,0.533,1.391,0.027
946,2.923,0.002,0.001,0.075,0.077,0,0,,0,,,,0,,,,,1004,1004,0,2,3,0,3,3,1,0,1,9,10,11,1,0,2,0,1,0,133472,0.562,1.792,0.028
947,3.311,0.001,0.001,0.077,0.062,0,0,,0,,,,0,,,,,1004,1004,0,2,3,0,3,3,1,0,1,9,10,11,1,0,2,0,1,0,133472,0.749,1.896,0.024
948,3.328,0.001,0,0.082,0.054,0,0,,0,,,,0,,,,,1004,1004,0,2,3,0,3,3,1,0,1,9,10,11,1,0,2,0,1,0,133472,0.735,1.955,0.024
949,3.423,0.001,0,0.079,0.069,0,0,,0,,,,0,,,,,1004,1004,0,2,3,0,3,3,1,0,1,9,10,11,1,0,2,0,1,0,133472,0.937,1.713,0.024
950,6.235,3.854,0.001,0.105,0.049,0,0,,0,,,,0,,,,,1004,1004,0,2,3,0,3,3,1,0,1,9,10,11,1,0,2,0,1,0,133472,0.417,1.335,0.017
951,2.16,0,0,0.046,0.029,0,0,,0,,,,0,,,,,1004,1004,0,2,3,0,3,3,1,0,1,9,10,11,1,0,2,0,1,0,133472,0.496,1.251,0.017
952,3.369,0.935,0,0.102,0.035,0,0,,0,,,,0,,,,,1004,1004,0,2,3,0,3,3,1,0,1,9,10,11,1,0,2,0,1,0,133472,0.514,1.364,0.018
953,8.487,5.852,0.001,0.08,0.06,0,0,,0,,,,0,,,,,1004,1004,0,2,3,0,3,3,1,0,1,9,10,11,1,0,2,0,1,0,133472,0.581,1.465,0.021
954,5.33,2.674,0.001,0.122,0.048,0,0,,0,,,,0,,,,,1004,1004,0,2,3,0,3,3,1,0,1,9,10,11,1,0,2,0,1,0,133472,0.534,1.483,0.018
955,2.536,0.001,0,0.056,0.052,0,0,,0,,,,0,,,,,1004,1004,0,2,3,0,3,3,1,0,1,9,10,11,1,0,2,0,1,0,133472,0.567,1.512,0.016
956,2.595,0.001,0,0.096,0.043,0,0,,0,,,,0,,,,,1004,1004,0,2,3,0,3,3,1,0,1,9,10,11,1,0,2,0,1,0,133472,0.591,1.47,0.014
957,2.274,0.001,0,0.07,0.035,0,0,,0,,,,0,,,,,1004,1004,0,2,3,0,3,3,1,0,1,9,10,11,1,0,2,0,1,0,133472,0.517,1.331,0.012
958,2.222,0.001,0,0.054,0.037,0,0,,0,,,,0,,,,,1004,1004,0,2,3,0,3,3,1,0,1,9,10,11,1,0,2,0,1,0,133472,0.516,1.286,0.015
959,2.056,0,0,0.058,0.05,0,0,,0,,,,0,,,,,1004,1004,0,2,3,0,3,3,1,0,1,9,10,11,1,0,2,0,1,0,133472,0.47,1.19,0.011
960,2.373,0.355,0,0.054,0.044,0,0,,1,2906.25,232894464,287191040,1,71217344,71217344,167755776,38823561584,1004,1004,0,2,3,0,3,3,1,0,1,9,10,11,1,0,2,0,1,0,133472,0.439,1.163,0.012
961,2.627,0.441,0.001,0.07,0.05,0,0,,0,,,,0,,,,,1004,1004,0,2,3,0,3,3,1,0,1,9,10,11,1,0,2,0,1,0,133472,0.495,1.201,0.013
962,2.626,0.226,0,0.071,0.063,0,0,,0,,,,0,,,,,1004,1004,0,2,3,0,3,3,1,0,1,9,10,11,1,0,2,0,1,0,133472,0.513,1.375,0.015
963,2.306,0.242,0.001,0.078,0.032,0,0,,0,,,,0,,,,,1004,1004,0,2,3,0,3,3,1,0,1,9,10,11,1,0,2,0,1,0,133472,0.445,1.181,0.012
964,2.584,0.243,0,0.052,0.034,0,0,,0,,,,0,,,,,1004,1004,0,2,3,0,3,3,1,0,1,9,10,11,1,0,2,0,1,0,133472,0.496,1.448,0.013
965,3.16,0.657,0.001,0.074,0.058,0,0,,0,,,,0,,,,,1004,1004,0,2,3,0,3,3,1,0,1,9,10,11,1,0,2,0,1,0,133472,0.537,1.438,0.015
966,2.291,0,0,0.067,0.04,0,0,,0,,,,0,,,,,1004,1004,0,2,3,0,3,3,1,0,1,9,10,11,1,0,2,0,1,0,133472,0.519,1.326,0.015
967,2.518,0,0,0.067,0.051,0,0,,0,,,,0,,,,,1004,1004,0,2,3,0,3,3,1,0,1,9,10,11,1,0,2,0,1,0,133472,0.479,1.573,0.016
968,2.851,0.249,0.001,0.087,0.066,0,0,,0,,,,0,,,,,1004,1004,0,2,3,0,3,3,1,0,1,9,10,11,1,0,2,0,1,0,133472,0.543,1.436,0.02
969,2.853,0.001,0.001,0.093,0.073,0,0,,0,,,,0,,,,,1004,1004,0,2,3,0,3,3,1,0,1,9,10,11,1,0,2,0,1,0,133472,0.654,1.493,0.023
970,3.173,1.086,0,0.064,0.047,0,0,,0,,,,0,,,,,1004,1004,0,2,3,0,3,3,1,0,1,9,10,11,1,0,2,0,1,0,133472,0.483,1.143,0.014
971,2.596,0.294,0,0.068,0.046,0,0,,0,,,,0,,,,,1004,1004,0,2,3,0,3,3,1,0,1,9,10,11,1,0,2,0,1,0,133472,0.505,1.317,0.015
972,2.63,0.517,0,0.062,0.042,0,0,,0,,,,0,,,,,1004,1004,0,2,3,0,3,3,1,0,1,9,10,11,1,0,2,0,1,0,133472,0.495,1.165,0.011
973,2.117,0.049,0,0.045,0.05,0,0,,0,,,,0,,,,,1004,1004,0,2,3,0,3,3,1,0,1,9,10,11,1,0,2,0,1,0,133472,0.425,1.252,0.014
974,3.227,0.825,0,0.06,0.051,0,0,,0,,,,0,,,,,1004,1004,0,2,3,0,3,3,1,0,1,9,10,11,1,0,2,0,1,0,133472,0.456,1.458,0.021
975,2.543,0.206,0.001,0.073,0.037,0,0,,0,,,,0,,,,,1004,1004,0,2,3,0,3,3,1,0,1,9,10,11,1,0,2,0,1,0,133472,0.522,1.357,0.012
976,2.531,0.551,0.001,0.158,0.035,0,0,,0,,,,0,,,,,1004,1004,0,2,3,0,3,3,1,0,1,9,10,11,1,0,2,0,1,0,133472,0.418,1.003,0.009
977,3.036,1.08,0,0.144,0.038,0,0,,0,,,,0,,,,,1004,1004,0,2,3,0,3,3,1,0,1,9,10,11,1,0,2,0,1,0,133472,0.36,1.067,0.011
978,2.252,0.001,0,0.042,0.035,0,0,,0,,,,0,,,,,1004,1004,0,2,3,0,3,3,1,0,1,9,10,11,1,0,2,0,1,0,133472,0.511,1.39,0.011
979,1.797,0,0,0.043,0.031,0,0,,0,,,,0,,,,,1004,1004,0,2,3,0,3,3,1,0,1,9,10,11,1,0,2,0,1,0,133472,0.419,1.048,0.008
980,2.746,0.362,0,0.056,0.036,0,0,,0,,,,0,,,,,1004,1004,0,2,3,0,3,3,1,0,1,9,10,11,1,0,2,0,1,0,133472,0.534,1.185,0.014
981,2.759,0,0,0.068,0.079,0,0,,0,,,,0,,,,,1004,1004,0,2,3,0,3,3,1,0,1,9,10,11,1,0,2,0,1,0,133472,0.65,1.47,0.03
982,2.692,0.047,0,0.074,0.054,0,0,,0,,,,0,,,,,1004,1004,0,2,3,0,3,3,1,0,1,9,10,11,1,0,2,0,1,0,133472,0.602,1.5,0.011
983,2.848,0.333,0,0.118,0.054,0,0,,0,,,,0,,,,,1004,1004,0,2,3,0,3,3,1,0,1,9,10,11,1,0,2,0,1,0,133472,0.554,1.383,0.029
984,2.15,0.001,0,0.121,0.038,0,0,,0,,,,0,,,,,1004,1004,0,2,3,0,3,3,1,0,1,9,10,11,1,0,2,0,1,0,133472,0.495,1.183,0.012
985,1.977,0,0,0.046,0.032,0,0,,0,,,,0,,,,,1004,1004,0,2,3,0,3,3,1,0,1,9,10,11,1,0,2,0,1,0,133472,0.46,1.151,0.012
986,2.828,0.587,0.001,0.14,0.053,0,0,,0,,,,0,,,,,1004,1004,0,2,3,0,3,3,1,0,1,9,10,11,1,0,2,0,1,0,133472,0.389,1.258,0.02
987,1.941,0.001,0,0.05,0.038,0,0,,0,,,,0,,,,,1004,1004,0,2,3,0,3,3,1,0,1,9,10,11,1,0,2,0,1,0,133472,0.414,1.171,0.016
988,2.091,0.274,0.001,0.046,0.099,0,0,,0,,,,0,,,,,1004,1004,0,2,3,0,3,3,1,0,1,9,10,11,1,0,2,0,1,0,133472,0.459,0.909,0.007
989,3.748,1.592,0,0.11,0.041,0,0,,0,,,,0,,,,,1004,1004,0,2,3,0,3,3,1,0,1,9,10,11,1,0,2,0,1,0,133472,0.46,1.137,0.012
990,1.966,0.001,0,0.046,0.025,0,0,,1,2968.75,232894464,287191040,1,71217344,71217344,167755776,38823561584,1004,1004,0,2,3,0,3,3,1,0,1,9,10,11,1,0,2,0,1,0,133472,0.501,1.105,0.01
991,1.908,0,0,0.043,0.034,0,0,,0,,,,0,,,,,1004,1004,0,2,3,0,3,3,1,0,1,9,10,11,1,0,2,0,1,0,133472,0.438,1.116,0.011
992,1.882,0.095,0,0.046,0.032,0,0,,0,,,,0,,,,,1004,1004,0,2,3,0,3,3,1,0,1,9,10,11,1,0,2,0,1,0,133472,0.413,1.007,0.01
993,2.32,0.296,0,0.045,0.031,0,0,,0,,,,0,,,,,1004,1004,0,2,3,0,3,3,1,0,1,9,10,11,1,0,2,0,1,0,133472,0.455,1.121,0.029
994,3.471,0.903,0,0.101,0.043,0,0,,0,,,,0,,,,,1004,1004,0,2,3,0,3,3,1,0,1,9,10,11,1,0,2,0,1,0,133472,0.494,1.374,0.03
995,1.655,0.001,0,0.051,0.027,0,0,,0,,,,0,,,,,1004,1004,0,2,3,0,3,3,1,0,1,9,10,11,1,0,2,0,1,0,133472,0.42,0.908,0.009
996,3.534,1.95,0,0.096,0.044,0,0,,0,,,,0,,,,,1004,1004,0,2,3,0,3,3,1,0,1,9,10,11,1,0,2,0,1,0,133472,0.335,0.741,0.008
997,2.147,0.793,0,0.068,0.025,0,0,,0,,,,0,,,,,1004,1004,0,2,3,0,3,3,1,0,1,9,10,11,1,0,2,0,1,0,133472,0.284,0.713,0.005
998,2.428,0.91,0.001,0.127,0.039,0,0,,0,,,,0,,,,,1004,1004,0,2,3,0,3,3,1,0,1,9,10,11,1,0,2,0,1,0,133472,0.349,0.688,0.007
999,3.139,0.745,0,0.069,0.254,0,0,,0,,,,0,,,,,1004,1004,0,2,3,0,3,3,1,0,1,9,10,11,1,0,2,0,1,0,133472,0.473,1.232,0.016
1000,2.544,0.001,0.001,0.072,0.076,0,0,,0,,,,0,,,,,1004,1004,0,2,3,0,3,3,1,0,1,9,10,11,1,0,2,0,1,0,133472,0.592,1.154,0.021
1001,3.104,0.377,0,0.125,0.046,0,0,,0,,,,0,,,,,1004,1004,0,2,3,0,3,3,1,0,1,9,10,11,1,0,2,0,1,0,133472,0.64,1.391,0.019
1002,1.989,0.001,0,0.055,0.048,0,0,,0,,,,0,,,,,1004,1004,0,2,3,0,3,3,1,0,1,9,10,11,1,0,2,0,1,0,133472,0.449,1.121,0.017
1003,2.711,1.143,0,0.049,0.025,0,0,,0,,,,0,,,,,1004,1004,0,2,3,0,3,3,1,0,1,9,10,11,1,0,2,0,1,0,133472,0.399,0.838,0.013
1004,8.397,5.881,0.001,0.093,0.067,0,0,,0,,,,0,,,,,1004,1004,0,2,3,0,3,3,1,0,1,9,10,11,1,0,2,0,1,0,133472,0.8,0.995,0.02
1005,13.883,11.597,0,0.076,0.058,0,0,,0,,,,0,,,,,1004,1004,0,2,3,0,3,3,1,0,1,9,10,11,1,0,2,0,1,0,133472,0.533,1.115,0.017
1006,12.162,8.141,0.001,0.117,0.056,0,0,,0,,,,0,,,,,1004,1004,0,2,3,0,3,3,1,0,1,9,10,11,1,0,2,0,1,0,133472,1.069,2.009,0.018
1007,2.701,0.28,0,0.046,0.044,0,0,,0,,,,0,,,,,1004,1004,0,2,3,0,3,3,1,0,1,9,10,11,1,0,2,0,1,0,133472,0.615,1.361,0.016
1008,3.49,0.748,0,0.09,0.071,0,0,,0,,,,0,,,,,1004,1004,0,2,3,0,3,3,1,0,1,9,10,11,1,0,2,0,1,0,133472,0.573,1.511,0.024
1009,3.413,0.366,0,0.074,0.073,0,0,,0,,,,0,,,,,1004,1004,0,2,3,0,3,3,1,0,1,9,10,11,1,0,2,0,1,0,133472,0.633,1.775,0.02
1010,2.591,0,0,0.047,0.067,0,0,,0,,,,0,,,,,1004,1004,0,2,3,0,3,3,1,0,1,9,10,11,1,0,2,0,1,0,133472,0.663,1.362,0.022
1011,2.176,0.001,0,0.08,0.035,0,0,,0,,,,0,,,,,1004,1004,0,2,3,0,3,3,1,0,1,9,10,11,1,0,2,0,1,0,133472,0.548,1.137,0.01
1012,7.341,4.735,0,0.06,0.21,0,0,,0,,,,0,,,,,1004,1004,0,2,3,0,3,3,1,0,1,9,10,11,1,0,2,0,1,0,133472,0.442,1.448,0.017
1013,2.523,0.002,0.001,0.072,0.053,0,0,,0,,,,0,,,,,1004,1004,0,2,3,0,3,3,1,0,1,9,10,11,1,0,2,0,1,0,133472,0.517,1.475,0.024
1014,2.641,0.001,0,0.096,0.042,0,0,,0,,,,0,,,,,1004,1004,0,2,3,0,3,3,1,0,1,9,10,11,1,0,2,0,1,0,133472,0.639,1.467,0.015
1015,2.321,0.001,0.001,0.054,0.031,0,0,,0,,,,0,,,,,1004,1004,0,2,3,0,3,3,1,0,1,9,10,11,1,0,2,0,1,0,133472,0.541,1.34,0.012
1016,2.748,0.604,0.001,0.105,0.032,0,0,,0,,,,0,,,,,1004,1004,0,2,3,0,3,3,1,0,1,9,10,11,1,0,2,0,1,0,133472,0.436,1.109,0.01
1017,2.207,0,0.001,0.04,0.032,0,0,,0,,,,0,,,,,1004,1004,0,2,3,0,3,3,1,0,1,9,10,11,1,0,2,0,1,0,133472,0.464,1.312,0.031
1018,2.298,0,0.001,0.053,0.055,0,0,,0,,,,0,,,,,1004,1004,0,2,3,0,3,3,1,0,1,9,10,11,1,0,2,0,1,0,133472,0.392,1.512,0.035
1019,1.924,0,0,0.143,0.038,0,0,,0,,,,0,,,,,1004,1004,0,2,3,0,3,3,1,0,1,9,10,11,1,0,2,0,1,0,133472,0.458,1.014,0.01
1020,2.461,0,0.001,0.047,0.052,0,0,,1,3031.25,232894464,287191040,1,71217344,71217344,167755776,38823561584,1004,1004,0,2,3,0,3,3,1,0,1,9,10,11,1,0,2,0,1,0,133472,0.617,1.34,0.022
1021,3.264,0.001,0,0.064,0.078,0,0,,0,,,,0,,,,,1004,1004,0,2,3,0,3,3,1,0,1,9,10,11,1,0,2,0,1,0,133472,0.585,2.054,0.025
1022,3.474,0.001,0.001,0.112,0.062,0,0,,0,,,,0,,,,,1004,1004,0,2,3,0,3,3,1,0,1,9,10,11,1,0,2,0,1,0,133472,0.79,1.959,0.02
1023,2.594,0,0,0.077,0.052,0,0,,0,,,,0,,,,,1004,1004,0,2,3,0,3,3,1,0,1,9,10,11,1,0,2,0,1,0,133472,0.596,1.465,0.018
1024,7.279,4.16,0.001,0.117,0.086,0,0,,0,,,,0,,,,,1004,1004,0,2,3,0,3,3,1,0,1,9,10,11,1,0,2,0,1,0,133472,0.82,1.567,0.021
1025,2.709,0.001,0.001,0.072,0.046,0,0,,0,,,,0,,,,,1004,1004,0,2,3,0,3,3,1,0,1,9,10,11,1,0,2,0,1,0,133472,0.611,1.539,0.026
1026,2.435,0,0,0.065,0.045,0,0,,0,,,,0,,,,,1004,1004,0,2,3,0,3,3,1,0,1,9,10,11,1,0,2,0,1,0,133472,0.536,1.432,0.014
1027,4.414,0.997,0,0.072,0.109,0,0,,0,,,,0,,,,,1004,1004,0,2,3,0,3,3,1,0,1,9,10,11,1,0,2,0,1,0,133472,1.058,1.691,0.026
1028,3.204,0.002,0,0.055,0.057,0,0,,0,,,,0,,,,,1004,1004,0,2,3,0,3,3,1,0,1,9,10,11,1,0,2,0,1,0,133472,0.995,1.639,0.042
1029,2.622,0.001,0.001,0.077,0.075,0,0,,0,,,,0,,,,,1004,1004,0,2,3,0,3,3,1,0,1,9,10,11,1,0,2,0,1,0,133472,0.518,1.488,0.033
1030,2.222,0,0,0.056,0.046,0,0,,0,,,,0,,,,,1004,1004,0,2,3,0,3,3,1,0,1,9,10,11,1,0,2,0,1,0,133472,0.481,1.311,0.02
1031,1.8,0,0,0.066,0.029,0,0,,0,,,,0,,,,,1004,1004,0,2,3,0,3,3,1,0,1,9,10,11,1,0,2,0,1,0,133472,0.435,0.98,0.013
1032,2.241,0.3,0,0.062,0.047,0,0,,0,,,,0,,,,,1004,1004,0,2,3,0,3,3,1,0,1,9,10,11,1,0,2,0,1,0,133472,0.504,0.981,0.011
1033,2.873,0.97,0.001,0.127,0.051,0,0,,0,,,,0,,,,,1004,1004,0,2,3,0,3,3,1,0,1,9,10,11,1,0,2,0,1,0,133472,0.492,0.879,0.035
1034,2.573,0.322,0,0.167,0.051,0,0,,0,,,,0,,,,,1004,1004,0,2,3,0,3,3,1,0,1,9,10,11,1,0,2,0,1,0,133472,0.501,1.186,0.013
1035,1.927,0,0,0.058,0.034,0,0,,0,,,,0,,,,,1004,1004,0,2,3,0,3,3,1,0,1,9,10,11,1,0,2,0,1,0,133472,0.491,1.056,0.012
1036,2.305,0.341,0,0.055,0.039,0,0,,0,,,,0,,,,,1004,1004,0,2,3,0,3,3,1,0,1,9,10,11,1,0,2,0,1,0,133472,0.42,1.16,0.013
1037,2.318,0.001,0,0.055,0.037,0,0,,0,,,,0,,,,,1004,1004,0,2,3,0,3,3,1,0,1,9,10,11,1,0,2,0,1,0,133472,0.561,1.299,0.013
1038,2.87,0.305,0.001,0.071,0.126,0,0,,0,,,,0,,,,,1004,1004,0,2,3,0,3,3,1,0,1,9,10,11,1,0,2,0,1,0,133472,0.581,1.392,0.015
1039,3.577,0.871,0.001,0.1,0.055,0,0,,0,,,,0,,,,,1004,1004,0,2,3,0,3,3,1,0,1,9,10,11,1,0,2,0,1,0,133472,0.482,1.636,0.019
1040,2.316,0.001,0,0.071,0.062,0,0,,0,,,,0,,,,,1004,1004,0,2,3,0,3,3,1,0,1,9,10,11,1,0,2,0,1,0,133472,0.49,1.291,0.038
1041,2.441,0,0,0.077,0.051,0,0,,0,,,,0,,,,,1004,1004,0,2,3,0,3,3,1,0,1,9,10,11,1,0,2,0,1,0,133472,0.612,1.34,0.013
1042,2.122,0,0,0.066,0.046,0,0,,0,,,,0,,,,,1004,1004,0,2,3,0,3,3,1,0,1,9,10,11,1,0,2,0,1,0,133472,0.478,1.204,0.013
1043,2.618,0.001,0.001,0.066,0.059,0,0,,0,,,,0,,,,,1004,1004,0,2,3,0,3,3,1,0,1,9,10,11,1,0,2,0,1,0,133472,0.559,1.508,0.022
1044,2.739,0.001,0.001,0.079,0.051,0,0,,0,,,,0,,,,,1004,1004,0,2,3,0,3,3,1,0,1,9,10,11,1,0,2,0,1,0,133472,0.58,1.624,0.02
1045,2.648,0,0,0.058,0.064,0,0,,0,,,,0,,,,,1004,1004,0,2,3,0,3,3,1,0,1,9,10,11,1,0,2,0,1,0,133472,0.549,1.554,0.024
1046,2.235,0.566,0,0.079,0.048,0,0,,0,,,,0,,,,,1004,1004,0,2,3,0,3,3,1,0,1,9,10,11,1,0,2,0,1,0,133472,0.406,0.813,0.01
1047,2.611,0.434,0,0.067,0.057,0,0,,0,,,,0,,,,,1004,1004,0,2,3,0,3,3,1,0,1,9,10,11,1,0,2,0,1,0,133472,0.552,1.131,0.022
1048,1.777,0.001,0,0.05,0.026,0,0,,0,,,,0,,,,,1004,1004,0,2,3,0,3,3,1,0,1,9,10,11,1,0,2,0,1,0,133472,0.455,0.991,0.01
1049,7.088,3.615,0,0.112,0.063,0,0,,0,,,,0,,,,,1004,1004,0,2,3,0,3,3,1,0,1,9,10,11,1,0,2,0,1,0,133472,0.882,1.805,0.04
1050,6.007,3.819,0.001,0.129,0.044,0,0,,1,3140.625,232923136,287191040,1,71217344,71217344,167755776,38823561584,1004,1004,0,2,3,0,3,3,1,0,1,9,10,11,1,0,2,0,1,0,133472,0.495,1.148,0.012
1051,1.949,0.001,0,0.038,0.037,0,0,,0,,,,0,,,,,1004,1004,0,2,3,0,3,3,1,0,1,9,10,11,1,0,2,0,1,0,133472,0.48,1.109,0.01
1052,2.055,0,0,0.045,0.037,0,0,,0,,,,0,,,,,1004,1004,0,2,3,0,3,3,1,0,1,9,10,11,1,0,2,0,1,0,133472,0.474,1.192,0.013
1053,2.204,0,0,0.065,0.045,0,0,,0,,,,0,,,,,1004,1004,0,2,3,0,3,3,1,0,1,9,10,11,1,0,2,0,1,0,133472,0.477,1.326,0.015
1054,2.47,0.001,0,0.076,0.049,0,0,,0,,,,0,,,,,1004,1004,0,2,3,0,3,3,1,0,1,9,10,11,1,0,2,0,1,0,133472,0.633,1.33,0.015
1055,2.564,0,0,0.082,0.041,0,0,,0,,,,0,,,,,1004,1004,0,2,3,0,3,3,1,0,1,9,10,11,1,0,2,0,1,0,133472,0.556,1.523,0.016
1056,6.342,4.443,0.001,0.054,0.05,0,0,,0,,,,0,,,,,1004,1004,0,2,3,0,3,3,1,0,1,9,10,11,1,0,2,0,1,0,133472,0.401,1.044,0.019
1057,6.184,3.776,0.001,0.052,0.082,0,0,,0,,,,0,,,,,1004,1004,0,2,3,0,3,3,1,0,1,9,10,11,1,0,2,0,1,0,133472,0.448,1.417,0.025
1058,2.89,0.001,0,0.071,0.061,0,0,,0,,,,0,,,,,1004,1004,0,2,3,0,3,3,1,0,1,9,10,11,1,0,2,0,1,0,133472,0.571,1.753,0.02
1059,2.761,0,0,0.062,0.079,0,0,,0,,,,0,,,,,1004,1004,0,2,3,0,3,3,1,0,1,9,10,11,1,0,2,0,1,0,133472,0.619,1.497,0.025
1060,2.627,0.001,0,0.083,0.046,0,0,,0,,,,0,,,,,1004,1004,0,2,3,0,3,3,1,0,1,9,10,11,1,0,2,0,1,0,133472,0.637,1.436,0.013
1061,2.207,0.001,0,0.052,0.04,0,0,,0,,,,0,,,,,1004,1004,0,2,3,0,3,3,1,0,1,9,10,11,1,0,2,0,1,0,133472,0.484,1.321,0.013
1062,2.392,0,0,0.056,0.035,0,0,,0,,,,0,,,,,1004,1004,0,2,3,0,3,3,1,0,1,9,10,11,1,0,2,0,1,0,133472,0.599,1.362,0.012
1063,1.977,0,0,0.057,0.035,0,0,,0,,,,0,,,,,1004,1004,0,2,3,0,3,3,1,0,1,9,10,11,1,0,2,0,1,0,133472,0.474,1.116,0.01
1064,2.371,0,0,0.047,0.057,0,0,,0,,,,0,,,,,1004,1004,0,2,3,0,3,3,1,0,1,9,10,11,1,0,2,0,1,0,133472,0.522,1.428,0.015
1065,2.526,0.001,0,0.086,0.042,0,0,,0,,,,0,,,,,1004,1004,0,2,3,0,3,3,1,0,1,9,10,11,1,0,2,0,1,0,133472,0.505,1.58,0.016
1066,3.403,0.521,0.001,0.081,0.064,0,0,,0,,,,0,,,,,1004,1004,0,2,3,0,3,3,1,0,1,9,10,11,1,0,2,0,1,0,133472,0.66,1.595,0.02
1067,2.024,0,0.001,0.068,0.037,0,0,,0,,,,0,,,,,1004,1004,0,2,3,0,3,3,1,0,1,9,10,11,1,0,2,0,1,0,133472,0.472,1.109,0.012
1068,2.717,0.805,0,0.055,0.049,0,0,,0,,,,0,,,,,1004,1004,0,2,3,0,3,3,1,0,1,9,10,11,1,0,2,0,1,0,133472,0.447,1.05,0.014
1069,3.758,1.023,0,0.075,0.057,0,0,,0,,,,0,,,,,1004,1004,0,2,3,0,3,3,1,0,1,9,10,11,1,0,2,0,1,0,133472,0.56,1.647,0.018
1070,2.525,0.001,0,0.039,0.043,0,0,,0,,,,0,,,,,1004,1004,0,2,3,0,3,3,1,0,1,9,10,11,1,0,2,0,1,0,133472,0.498,1.587,0.013
1071,2.319,0.001,0,0.057,0.073,0,0,,0,,,,0,,,,,1004,1004,0,2,3,0,3,3,1,0,1,9,10,11,1,0,2,0,1,0,133472,0.476,1.322,0.038
1072,2.759,0.001,0.001,0.165,0.033,0,0,,0,,,,0,,,,,1004,1004,0,2,3,0,3,3,1,0,1,9,10,11,1,0,2,0,1,0,133472,0.683,1.395,0.027
1073,2.409,0.346,0.001,0.068,0.037,0,0,,0,,,,0,,,,,1004,1004,0,2,3,0,3,3,1,0,1,9,10,11,1,0,2,0,1,0,133472,0.443,1.186,0.012
1074,1.953,0,0,0.042,0.031,0,0,,0,,,,0,,,,,1004,1004,0,2,3,0,3,3,1,0,1,9,10,11,1,0,2,0,1,0,133472,0.446,1.148,0.01
1075,2.279,0.283,0,0.055,0.048,0,0,,0,,,,0,,,,,1004,1004,0,2,3,0,3,3,1,0,1,9,10,11,1,0,2,0,1,0,133472,0.457,1.118,0.01
1076,2.374,0.533,0,0.062,0.065,0,0,,0,,,,0,,,,,1004,1004,0,2,3,0,3,3,1,0,1,9,10,11,1,0,2,0,1,0,133472,0.37,1.022,0.01
1077,2.56,0.299,0,0.062,0.041,0,0,,0,,,,0,,,,,1004,1004,0,2,3,0,3,3,1,0,1,9,10,11,1,0,2,0,1,0,133472,0.581,1.253,0.014
1078,3.929,0.937,0,0.119,0.059,0,0,,0,,,,0,,,,,1004,1004,0,2,3,0,3,3,1,0,1,9,10,11,1,0,2,0,1,0,133472,0.61,1.656,0.022
1079,2.045,0.001,0,0.064,0.032,0,0,,0,,,,0,,,,,1004,1004,0,2,3,0,3,3,1,0,1,9,10,11,1,0,2,0,1,0,133472,0.542,1.073,0.011
1080,2.537,0.596,0,0.065,0.039,0,0,,1,3218.75,232923136,287191040,1,71217344,71217344,167755776,38823561584,1004,1004,0,2,3,0,3,3,1,0,1,9,10,11,1,0,2,0,1,0,133472,0.44,1.083,0.011
1081,2.277,0.454,0,0.054,0.031,0,0,,0,,,,0,,,,,1004,1004,0,2,3,0,3,3,1,0,1,9,10,11,1,0,2,0,1,0,133472,0.417,1.051,0.01
1082,2.558,0.602,0,0.108,0.024,0,0,,0,,,,0,,,,,1004,1004,0,2,3,0,3,3,1,0,1,9,10,11,1,0,2,0,1,0,133472,0.35,1.1,0.008
1083,2.495,0.46,0,0.051,0.079,0,0,,0,,,,0,,,,,1004,1004,0,2,3,0,3,3,1,0,1,9,10,11,1,0,2,0,1,0,133472,0.386,1.225,0.015
1084,3.57,1.01,0.001,0.118,0.037,0,0,,0,,,,0,,,,,1004,1004,0,2,3,0,3,3,1,0,1,9,10,11,1,0,2,0,1,0,133472,1,0.914,0.015
1085,1.41,0.001,0,0.072,0.024,0,0,,0,,,,0,,,,,1004,1004,0,2,3,0,3,3,1,0,1,9,10,11,1,0,2,0,1,0,133472,0.387,0.713,0.005
1086,2.557,1.342,0.001,0.034,0.024,0,0,,0,,,,0,,,,,1004,1004,0,2,3,0,3,3,1,0,1,9,10,11,1,0,2,0,1,0,133472,0.284,0.71,0.005
1087,3.1,1.491,0,0.1,0.03,0,0,,0,,,,0,,,,,1004,1004,0,2,3,0,3,3,1,0,1,9,10,11,1,0,2,0,1,0,133472,0.388,0.762,0.007
1088,2.121,0.587,0,0.081,0.022,0,0,,0,,,,0,,,,,1004,1004,0,2,3,0,3,3,1,0,1,9,10,11,1,0,2,0,1,0,133472,0.318,0.804,0.007
1089,2.862,1.065,0,0.075,0.401,0,0,,0,,,,0,,,,,1004,1004,0,2,3,0,3,3,1,0,1,9,10,11,1,0,2,0,1,0,133472,0.269,0.73,0.007
1090,10.32,8.614,0.001,0.076,0.048,0,0,,0,,,,0,,,,,1004,1004,0,2,3,0,3,3,1,0,1,9,10,11,1,0,2,0,1,0,133472,0.363,0.843,0.011
1091,1.474,0.001,0,0.052,0.028,0,0,,0,,,,0,,,,,1004,1004,0,2,3,0,3,3,1,0,1,9,10,11,1,0,2,0,1,0,133472,0.363,0.827,0.006
1092,1.38,0,0,0.035,0.018,0,0,,0,,,,0,,,,,1004,1004,0,2,3,0,3,3,1,0,1,9,10,11,1,0,2,0,1,0,133472,0.368,0.775,0.004
1093,1.191,0.014,0.001,0.024,0.016,0,0,,0,,,,0,,,,,1004,1004,0,2,3,0,3,3,1,0,1,9,10,11,1,0,2,0,1,0,133472,0.293,0.696,0.005
1094,1.688,0.347,0,0.042,0.026,0,0,,0,,,,0,,,,,1004,1004,0,2,3,0,3,3,1,0,1,9,10,11,1,0,2,0,1,0,133472,0.34,0.726,0.006
1095,2.035,0.288,0.001,0.073,0.038,0,0,,0,,,,0,,,,,1004,1004,0,2,3,0,3,3,1,0,1,9,10,11,1,0,2,0,1,0,133472,0.519,0.813,0.01
1096,1.599,0.001,0,0.073,0.037,0,0,,0,,,,0,,,,,1004,1004,0,2,3,0,3,3,1,0,1,9,10,11,1,0,2,0,1,0,133472,0.387,0.85,0.018
1097,1.448,0,0,0.046,0.022,0,0,,0,,,,0,,,,,1004,1004,0,2,3,0,3,3,1,0,1,9,10,11,1,0,2,0,1,0,133472,0.36,0.822,0.005
1098,3.279,1.814,0,0.109,0.031,0,0,,0,,,,0,,,,,1004,1004,0,2,3,0,3,3,1,0,1,9,10,11,1,0,2,0,1,0,133472,0.35,0.736,0.007
1099,1.963,0.955,0,0.028,0.022,0,0,,0,,,,0,,,,,1004,1004,0,2,3,0,3,3,1,0,1,9,10,11,1,0,2,0,1,0,133472,0.238,0.588,0.004
1100,3.252,1.54,0,0.09,0.027,0,0,,0,,,,0,,,,,1004,1004,0,2,3,0,3,3,1,0,1,9,10,11,1,0,2,0,1,0,133472,0.48,0.692,0.006
1101,2.05,0.794,0.001,0.071,0.029,0,0,,0,,,,0,,,,,1004,1004,0,2,3,0,3,3,1,0,1,9,10,11,1,0,2,0,1,0,133472,0.313,0.557,0.005
1102,2.859,0.992,0,0.11,0.033,0,0,,0,,,,0,,,,,1004,1004,0,2,3,0,3,3,1,0,1,9,10,11,1,0,2,0,1,0,133472,0.392,0.942,0.012
1103,1.912,0.2,0,0.054,0.03,0,0,,0,,,,0,,,,,1004,1004,0,2,3,0,3,3,1,0,1,9,10,11,1,0,2,0,1,0,133472,0.371,0.964,0.011
1104,4.598,0,0,0.541,0.09,0,0,,0,,,,0,,,,,1004,1004,0,2,3,0,3,3,1,0,1,9,10,11,1,0,2,0,1,0,133472,0.832,2.491,0.045
1105,3.536,0.001,0,0.09,0.06,0,0,,0,,,,0,,,,,1004,1004,0,2,3,0,3,3,1,0,1,9,10,11,1,0,2,0,1,0,133472,0.775,2.118,0.017
1106,3.48,0,0,0.077,0.055,0,0,,0,,,,0,,,,,1004,1004,0,2,3,0,3,3,1,0,1,9,10,11,1,0,2,0,1,0,133472,0.779,2.044,0.018
1107,2.951,0,0,0.093,0.034,0,0,,0,,,,0,,,,,1004,1004,0,2,3,0,3,3,1,0,1,9,10,11,1,0,2,0,1,0,133472,0.785,1.559,0.012
1108,2.789,0,0,0.043,0.074,0,0,,0,,,,0,,,,,1004,1004,0,2,3,0,3,3,1,0,1,9,10,11,1,0,2,0,1,0,133472,0.384,1.975,0.022
1109,3.575,0.001,0.001,0.111,0.054,0,0,,0,,,,0,,,,,1004,1004,0,2,3,0,3,3,1,0,1,9,10,11,1,0,2,0,1,0,133472,0.8,2.1,0.019
1110,3.825,0,0,0.076,0.098,0,0,,1,3265.625,232923136,287191040,1,71217344,71217344,167755776,38823561584,1004,1004,0,2,3,0,3,3,1,0,1,9,10,11,1,0,2,0,1,0,133472,0.787,2.278,0.026
1111,3.486,0.001,0,0.083,0.056,0,0,,0,,,,0,,,,,1004,1004,0,2,3,0,3,3,1,0,1,9,10,11,1,0,2,0,1,0,133472,0.788,2.022,0.019
1112,2.444,0,0,0.09,0.077,0,0,,0,,,,0,,,,,1004,1004,0,2,3,0,3,3,1,0,1,9,10,11,1,0,2,0,1,0,133472,0.619,1.239,0.021
1113,3.007,0.537,0,0.066,0.164,0,0,,0,,,,0,,,,,1004,1004,0,2,3,0,3,3,1,0,1,9,10,11,1,0,2,0,1,0,133472,0.464,1.364,0.034
1114,3.5,0.001,0,0.059,0.092,0,0,,0,,,,0,,,,,1004,1004,0,2,3,0,3,3,1,0,1,9,10,11,1,0,2,0,1,0,133472,0.802,2.09,0.03
1115,3.153,0.001,0.001,0.086,0.064,0,0,,0,,,,0,,,,,1004,1004,0,2,3,0,3,3,1,0,1,9,10,11,1,0,2,0,1,0,133472,0.794,1.647,0.015
1116,1.533,0.001,0,0.06,0.023,0,0,,0,,,,0,,,,,1004,1004,0,2,3,0,3,3,1,0,1,9,10,11,1,0,2,0,1,0,133472,0.406,0.816,0.006
1117,2.152,0.805,0,0.065,0.025,0,0,,0,,,,0,,,,,1004,1004,0,2,3,0,3,3,1,0,1,9,10,11,1,0,2,0,1,0,133472,0.321,0.682,0.005
1118,2.594,0.982,0,0.109,0.039,0,0,,0,,,,0,,,,,1004,1004,0,2,3,0,3,3,1,0,1,9,10,11,1,0,2,0,1,0,133472,0.348,0.758,0.034
1119,2.988,0.745,0,0.046,0.075,0,0,,0,,,,0,,,,,1004,1004,0,2,3,0,3,3,1,0,1,9,10,11,1,0,2,0,1,0,133472,0.4,1.408,0.02
1120,3.09,1.5,0,0.072,0.033,0,0,,0,,,,0,,,,,1004,1004,0,2,3,0,3,3,1,0,1,9,10,11,1,0,2,0,1,0,133472,0.395,0.808,0.008
1121,11.544,9.404,0,0.106,0.062,0,0,,0,,,,0,,,,,1004,1004,0,2,3,0,3,3,1,0,1,9,10,11,1,0,2,0,1,0,133472,0.356,1.196,0.019
1122,2.249,0.001,0,0.044,0.048,0,0,,0,,,,0,,,,,1004,1004,0,2,3,0,3,3,1,0,1,9,10,11,1,0,2,0,1,0,133472,0.524,1.267,0.013
1123,2.245,0.001,0,0.055,0.043,0,0,,0,,,,0,,,,,1004,1004,0,2,3,0,3,3,1,0,1,9,10,11,1,0,2,0,1,0,133472,0.432,1.415,0.014
1124,2.443,0.594,0,0.153,0.045,0,0,,0,,,,0,,,,,1004,1004,0,2,3,0,3,3,1,0,1,9,10,11,1,0,2,0,1,0,133472,0.371,0.976,0.013
1125,9.336,7.507,0,0.108,0.048,0,0,,0,,,,0,,,,,1004,1004,0,2,3,0,3,3,1,0,1,9,10,11,1,0,2,0,1,0,133472,0.315,0.967,0.018
1126,3.267,1.463,0,0.057,0.042,0,0,,0,,,,0,,,,,1004,1004,0,2,3,0,3,3,1,0,1,9,10,11,1,0,2,0,1,0,133472,0.433,0.882,0.012
1127,1.779,0.253,0,0.043,0.024,0,0,,0,,,,0,,,,,1004,1004,0,2,3,0,3,3,1,0,1,9,10,11,1,0,2,0,1,0,133472,0.369,0.869,0.008
1128,3.519,1.799,0.001,0.049,0.039,0,0,,0,,,,0,,,,,1004,1004,0,2,3,0,3,3,1,0,1,9,10,11,1,0,2,0,1,0,133472,0.392,0.859,0.009
1129,2.658,0.571,0,0.08,0.369,0,0,,0,,,,0,,,,,1004,1004,0,2,3,0,3,3,1,0,1,9,10,11,1,0,2,0,1,0,133472,0.426,0.893,0.008
1130,2.803,0.555,0,0.078,0.054,0,0,,0,,,,0,,,,,1004,1004,0,2,3,0,3,3,1,0,1,9,10,11,1,0,2,0,1,0,133472,0.534,1.182,0.022
1131,1.961,0,0,0.044,0.036,0,0,,0,,,,0,,,,,1004,1004,0,2,3,0,3,3,1,0,1,9,10,11,1,0,2,0,1,0,133472,0.455,1.142,0.011
1132,2.955,0.218,0,0.083,0.067,0,0,,0,,,,0,,,,,1004,1004,0,2,3,0,3,3,1,0,1,9,10,11,1,0,2,0,1,0,133472,0.645,1.425,0.026
1133,2.972,0.001,0,0.075,0.296,0,0,,0,,,,0,,,,,1004,1004,0,2,3,0,3,3,1,0,1,9,10,11,1,0,2,0,1,0,133472,0.625,1.595,0.02
1134,3.033,0.001,0,0.122,0.074,0,0,,0,,,,0,,,,,1004,1004,0,2,3,0,3,3,1,0,1,9,10,11,1,0,2,0,1,0,133472,0.602,1.728,0.016
1135,3.103,0.001,0,0.091,0.055,0,0,,0,,,,0,,,,,1004,1004,0,2,3,0,3,3,1,0,1,9,10,11,1,0,2,0,1,0,133472,0.495,2.071,0.018
1136,2.824,0,0,0.074,0.034,0,0,,0,,,,0,,,,,1004,1004,0,2,3,0,3,3,1,0,1,9,10,11,1,0,2,0,1,0,133472,0.52,1.813,0.012
1137,2.783,0.001,0,0.06,0.047,0,0,,0,,,,0,,,,,1004,1004,0,2,3,0,3,3,1,0,1,9,10,11,1,0,2,0,1,0,133472,0.516,1.772,0.018
1138,2.719,0,0.001,0.065,0.052,0,0,,0,,,,0,,,,,1004,1004,0,2,3,0,3,3,1,0,1,9,10,11,1,0,2,0,1,0,133472,0.615,1.567,0.018
1139,2.447,0.001,0.001,0.084,0.032,0,0,,0,,,,0,,,,,1004,1004,0,2,3,0,3,3,1,0,1,9,10,11,1,0,2,0,1,0,133472,0.529,1.473,0.012
1140,1.947,0,0,0.058,0.027,0,0,,1,3375,232923136,287191040,1,71217344,71217344,167755776,38823561584,1004,1004,0,2,3,0,3,3,1,0,1,9,10,11,1,0,2,0,1,0,133472,0.45,1.137,0.009
1141,1.871,0,0,0.047,0.029,0,0,,0,,,,0,,,,,1004,1004,0,2,3,0,3,3,1,0,1,9,10,11,1,0,2,0,1,0,133472,0.418,1.11,0.009
1142,2.163,0.599,0.001,0.092,0.04,0,0,,0,,,,0,,,,,1004,1004,0,2,3,0,3,3,1,0,1,9,10,11,1,0,2,0,1,0,133472,0.312,0.74,0.008
1143,2.801,0.952,0.001,0.175,0.036,0,0,,0,,,,0,,,,,1004,1004,0,2,3,0,3,3,1,0,1,9,10,11,1,0,2,0,1,0,133472,0.435,0.896,0.01
1144,4.753,0.659,0.001,0.127,0.048,0,0,,0,,,,0,,,,,1004,1004,0,2,3,0,3,3,1,0,1,9,10,11,1,0,2,0,1,0,133472,0.775,2.71,0.019
1145,1.72,0.001,0.001,0.054,0.03,0,0,,0,,,,0,,,,,1004,1004,0,2,3,0,3,3,1,0,1,9,10,11,1,0,2,0,1,0,133472,0.407,0.975,0.009
1146,3.112,1.485,0,0.105,0.042,0,0,,0,,,,0,,,,,1004,1004,0,2,3,0,3,3,1,0,1,9,10,11,1,0,2,0,1,0,133472,0.385,0.801,0.011
1147,2.368,0.945,0,0.078,0.024,0,0,,0,,,,0,,,,,1004,1004,0,2,3,0,3,3,1,0,1,9,10,11,1,0,2,0,1,0,133472,0.311,0.702,0.006
1148,2.658,1.174,0.001,0.083,0.032,0,0,,0,,,,0,,,,,1004,1004,0,2,3,0,3,3,1,0,1,9,10,11,1,0,2,0,1,0,133472,0.328,0.737,0.008
1149,2.696,1.123,0,0.18,0.04,0,0,,0,,,,0,,,,,1004,1004,0,2,3,0,3,3,1,0,1,9,10,11,1,0,2,0,1,0,133472,0.35,0.709,0.008
1150,2.707,0.904,0,0.085,0.032,0,0,,0,,,,0,,,,,1004,1004,0,2,3,0,3,3,1,0,1,9,10,11,1,0,2,0,1,0,133472,0.446,0.943,0.026
1151,3.136,1.191,0,0.06,0.047,0,0,,0,,,,0,,,,,1004,1004,0,2,3,0,3,3,1,0,1,9,10,11,1,0,2,0,1,0,133472,0.52,0.946,0.013
1152,2.369,0.443,0,0.055,0.047,0,0,,0,,,,0,,,,,1004,1004,0,2,3,0,3,3,1,0,1,9,10,11,1,0,2,0,1,0,133472,0.445,1.033,0.017
1153,6.264,4.859,0,0.045,0.035,0,0,,0,,,,0,,,,,1004,1004,0,2,3,0,3,3,1,0,1,9,10,11,1,0,2,0,1,0,133472,0.363,0.703,0.009
1154,4.222,1.764,0.001,0.122,0.061,0,0,,0,,,,0,,,,,1004,1004,0,2,3,0,3,3,1,0,1,9,10,11,1,0,2,0,1,0,133472,0.452,1.29,0.021
1155,2.948,0.05,0,0.051,0.072,0,0,,0,,,,0,,,,,1004,1004,0,2,3,0,3,3,1,0,1,9,10,11,1,0,2,0,1,0,133472,0.457,1.929,0.028
1156,2.164,0.001,0.001,0.055,0.038,0,0,,0,,,,0,,,,,1004,1004,0,2,3,0,3,3,1,0,1,9,10,11,1,0,2,0,1,0,133472,0.436,1.328,0.015
1157,3.399,1.661,0,0.06,0.045,0,0,,0,,,,0,,,,,1004,1004,0,2,3,0,3,3,1,0,1,9,10,11,1,0,2,0,1,0,133472,0.409,0.908,0.01
1158,2.231,0.843,0,0.042,0.031,0,0,,0,,,,0,,,,,1004,1004,0,2,3,0,3,3,1,0,1,9,10,11,1,0,2,0,1,0,133472,0.351,0.755,0.006
1159,16.187,13.908,0.001,0.118,0.113,0,0,,0,,,,0,,,,,1004,1004,0,2,3,0,3,3,1,0,1,9,10,11,1,0,2,0,1,0,133472,0.368,0.859,0.013

summary_metric,count,median,p95,p99
wall_ms,1160,2.8505,13.1277,26.84559
frame_wait_ms,1160,0.258,10.4963,24.24485
scene_advance_ms,1160,0,0.001,0.001
view_build_ms,1160,0.072,0.12805,0.17882
render_submit_ms,1160,0.05,0.096,0.20764
gpu_ms,1160,1.94770828578,9.3840310209,19.1601406781

gpu_sample_serial,gpu_ms
431,1.77369787336
432,3.24239575417
433,1.69421870864
434,1.69052079206
435,1.73010412443
436,1.60463537749
437,1.1767708046
438,1.1865103877
439,1.23161455326
440,1.16359372159
441,1.17770830458
442,1.18130205449
443,1.17234372138
444,1.84489578829
445,1.9020832869
446,1.91239578664
447,1.89203120381
448,2.00416661774
449,1.98697911816
450,1.88895828722
451,1.86026037125
452,1.85255203811
453,1.85687495467
454,1.76484370691
455,1.1101562229
456,0.933749977203
457,0.933593727207
458,2.61723951944
459,1.1782291379
460,1.17869788789
461,1.17854163789
462,1.1920312209
463,1.94260411924
464,1.18317705445
465,1.20098955401
466,1.19874997073
467,1.20541663724
468,1.20093747068
469,6.97322899642
470,2.1899478632
471,2.1545311974
472,3.00208326004
473,2.14239578103
474,2.24531244518
475,2.23552077876
476,2.19776036301
477,2.20145827959
478,4.85447904815
479,1.27499996887
480,1.24890621951
481,1.22776038669
482,1.22234372016
483,1.19791663742
484,1.19635413746
485,1.16187497163
486,1.966093702
487,2.02499995056
488,2.0315624504
489,2.05010411662
490,2.10020828206
491,2.8031770149
492,2.11770828163
493,2.11218744843
494,1.20338538729
495,0.925468727406
496,0.924270810768
497,0.91369789436
498,0.936458310471
499,0.934843727177
500,2.92114576202
501,2.24677077848
502,2.28604161086
503,2.6706249348
504,0.971718726276
505,0.860312478996
506,0.877760395237
507,0.866041645523
508,2.19161452983
509,2.15864578063
510,2.10359369864
511,2.04385411677
512,2.10312494865
513,2.65906243508
514,2.03791661691
515,0.921614560833
516,0.927239560696
517,0.933645810539
518,2.00468745106
519,2.20848952942
520,2.18713536327
521,1.99843745121
522,1.17609372129
523,1.91869786982
524,1.91052078669
525,1.93296870281
526,1.89067703717
527,1.85276037143
528,1.82145828886
529,1.83927078843
530,1.83406245522
531,1.80369787263
532,2.47859368949
533,1.79453120619
534,1.75078120726
535,1.74703120735
536,1.77031245678
537,5.71135402723
538,4.52812488945
539,1.17031247143
540,1.18005205452
541,1.17911455455
542,1.17937497121
543,1.18479163774
544,1.18942705429
545,7.40119773597
546,10.2501039164
547,2.06328119963
548,2.03151036707
549,11.3354684733
550,4.43421864174
551,0.913020811043
552,0.932708310562
553,0.923281227459
554,0.917447894268
555,0.922447894146
556,0.928229144005
557,0.921354144173
558,0.923072894131
559,2.24473952853
560,2.61723951944
561,2.13374994791
562,2.08390619912
563,2.01145828423
564,1.96447911871
565,1.93890620266
566,2.52510410502
567,1.90187495357
568,1.90682287011
569,1.92968745289
570,1.9401041193
571,1.94171870259
572,1.94239578591
573,2.54223952127
574,2.03187495039
575,2.14614578094
576,2.18963536321
577,2.0536457832
578,2.0534895332
579,2.39052077497
580,1.96114578545
581,0.872968728687
582,0.86848956213
583,0.874270811989
584,0.929427060642
585,1.9266145363
586,1.95406245229
587,1.87895828746
588,1.8652082878
589,1.84677078825
590,1.81937495558
591,1.80484370594
592,2.28911452745
593,2.32088536
594,1.7667707902
595,1.870572871
596,1.80796870586
597,1.7365624576
598,1.74244787413
599,1.74994787394
600,1.68630204216
601,1.67442704245
602,1.69427079197
603,1.61437496059
604,1.61187496065
605,1.62166662708
606,1.6356770434
607,1.22583330341
608,1.17958330453
609,1.18640622104
610,1.20385413728
611,1.18416663776
612,1.17802080457
613,1.19145830424
614,7.38151023645
615,1.9495312024
616,7.43677065177
617,1.95973953549
618,2.0248957839
619,2.06026036637
620,2.03598953363
621,3.55760407981
622,2.17317703028
623,2.10083328204
624,2.26447911138
625,2.33708327628
626,3.47302074854
627,2.27901036103
628,2.43135410731
629,2.45526035672
630,3.85072907265
631,5.26385403815
632,3.97171865303
633,2.32036452668
634,2.43260410728
635,2.46453118983
636,6.74489566866
637,9.13869769355
638,2.23812494536
639,2.27020827791
640,3.06135409193
641,2.39416660822
642,2.57385410383
643,2.46067702326
644,2.36432285894
645,7.10218732661
646,5.45213528356
647,2.72234368354
648,2.67953118458
649,2.10187494868
650,2.13442703122
651,2.13656244784
652,2.15041661417
653,2.15119786415
654,4.10312489983
655,2.36874994217
656,2.2009895296
657,2.14020828108
658,5.242812372
659,2.10114578204
660,1.92249995306
661,1.97041661856
662,1.92276036972
663,1.85567703803
664,3.13114575689
665,1.92348953637
666,1.80109370603
667,1.81619787233
668,1.80953120582
669,1.85796870464
670,3.05374992545
671,1.90666662012
672,1.97473953512
673,1.95239578567
674,1.95583328558
675,1.99473953463
676,2.95124992795
677,6.99437482924
678,13.3173434249
679,1.19598955413
680,1.23437496986
681,7.53109356614
682,2.9230728453
683,0.927447894024
684,0.936718727131
685,0.93291664389
686,2.13916661444
687,2.05322911654
688,2.06822911617
689,2.09505203218
690,1.94807286911
691,1.96020828548
692,1.97484370179
693,2.00880203429
694,1.99796870122
695,2.00760411765
696,2.01510411747
697,3.33526033524
698,1.90041662027
699,3.07390617495
700,6.90354149812
701,1.83135412196
702,1.84463537163
703,1.90098953692
704,1.88380203734
705,3.22437492128
706,0.920156227535
707,0.926041644058
708,0.91598956097
709,0.936249977142
710,19.222551614
711,3.56864574621
712,1.20614580389
713,1.20197913732
714,2.1053124486
715,1.19234372089
716,1.20734372052
717,1.19796872075
718,1.20380205394
719,1.19083330426
720,2.1628124472
721,2.80166659827
722,2.17286453028
723,2.29135411073
724,2.33067702643
725,3.42578116636
726,2.31385411018
727,2.22921869558
728,2.28015619433
729,2.39895827477
730,2.40937494118
731,3.82552073994
732,2.40593744126
733,4.40598947577
734,13.298541342
735,9.49921851809
736,2.14697911425
737,2.12192703153
738,2.0573957831
739,2.07854161592
740,1.84026037174
741,1.18213538781
742,1.1442708054
743,1.13526038895
744,1.12859372245
745,1.13776038889
746,1.119739556
747,1.86385412116
748,1.87734370417
749,1.89755203701
750,1.92020828645
751,1.90489578683
752,2.58182285363
753,1.86776037107
754,1.80578120591
755,1.04395830785
756,0.911666644409
757,0.941979143669
758,0.960208309891
759,0.95994789323
760,0.941874977005
761,0.947916643524
762,0.931666643921
763,7.55171856563
764,10.7426559877
765,6.41312484343
766,0.919791644211
767,0.921249977509
768,0.912968727711
769,1.19239580422
770,1.20046872069
771,1.21708330362
772,2.41197910778
773,2.35609369248
774,2.26593744468
775,2.24838536177
776,2.75536451606
777,2.00463536773
778,1.96083328546
779,1.91442703659
780,1.95026036905
781,1.81848953894
782,1.81973953891
783,2.53630202141
784,1.82994787199
785,1.78036453987
786,1.73984370752
787,1.75833329041
788,1.75447912383
789,1.6725520425
790,1.30859371805
791,1.18557288772
792,1.17333330469
793,1.18223955447
794,1.17364580468
795,1.18026038785
796,1.19692705411
797,1.17531247131
798,2.05286453321
799,1.89260412046
800,1.89348953711
801,1.93828120268
802,1.95526036893
803,1.94536453584
804,1.95411453563
805,1.85520828804
806,2.39197910827
807,1.82348953881
808,1.74796870732
809,1.86619787111
810,1.95765620221
811,3.15416658966
812,3.38380200072
813,2.03109370041
814,2.80895826476
815,10.8792184844
816,2.07885411591
817,2.04156245016
818,2.05156244991
819,2.16468744715
820,8.37140604562
821,11.7362497135
822,2.04479161674
823,2.00614578436
824,2.12322911483
825,2.12979161467
826,2.13223953128
827,2.10203119868
828,2.30015619384
829,2.25515619494
830,2.28776036081
831,2.98052076057
832,7.50661440007
833,10.4513018282
834,3.18041658902
835,2.77499993225
836,2.16020828059
837,2.15119786415
838,2.17447911358
839,2.20354161287
840,2.76291659921
841,7.55348939892
842,7.53171856612
843,2.32473952658
844,2.23583327875
845,2.06661453288
846,2.04088536684
847,15.551666287
848,9.96182267346
849,1.95604161891
850,1.97812495171
851,1.88348953735
852,3.27765616998
853,1.9197916198
854,1.81354162239
855,1.7913020396
856,1.7737499567
857,1.80151037268
858,2.78723951529
859,1.79119787294
860,1.8267187054
861,1.84135412171
862,1.87807287082
863,1.89734370368
864,8.66843728837
865,1.93520828609
866,1.92468745301
867,1.9823437016
868,1.99979161784
869,6.75046858519
870,8.08963521917
871,2.01453120082
872,2.10239578201
873,2.09130203228
874,2.73119784999
875,2.08864578234
876,2.14390619766
877,2.1777603635
878,9.51161435112
879,7.51140606662
880,7.48229148399
881,10.446405995
882,13.9309892432
883,1.19895830406
884,1.20499997058
885,1.19411455418
886,1.19854163741
887,1.2001562207
888,1.20411455394
889,1.19874997073
890,11.3242184735
891,11.8722913768
892,2.23010411222
893,2.8454165972
894,2.75411451609
895,3.30109366941
896,3.48635408155
897,1.12880205577
898,1.12817705579
899,1.1046353897
900,1.10744788963
901,1.12130205596
902,1.0963541399
903,1.08651039014
904,1.09182289001
905,1.09520830659
906,1.0937499733
907,1.10453122303
908,1.07833330701
909,1.06145830742
910,1.08354164021
911,1.04895830772
912,1.03343747477
913,1.14468747205
914,1.19109372092
915,1.16802080482
916,1.16161455497
917,1.17390622134
918,1.17463538799
919,1.18020830452
920,10.3757809967
921,20.794791159
922,15.332864209
923,8.62062478954
924,1.99015620141
925,1.97083328522
926,2.0726561994
927,2.04588536672
928,2.17578119688
929,2.17187494698
930,7.52562481627
931,6.93640608065
932,2.14588536428
933,2.15458328073
934,2.20536452949
935,2.16124994724
936,5.42041653433
937,15.6576558677
938,7.71760397825
939,7.52609356626
940,5.38124986862
941,2.03880203356
942,4.40359364249
943,2.02421870058
944,2.11526036502
945,2.10145828203
946,2.1148957817
947,2.83541659744
948,2.16307286386
949,2.21005202938
950,2.19578119639
951,4.85973946469
952,7.50046856688
953,7.55083314899
954,19.1167703666
955,13.4791142543
956,1.99479161797
957,3.45182283239
958,1.9963020346
959,7.35635398707
960,7.45296856804
961,7.48302065064
962,14.2291142359
963,14.3555725662
964,14.5055725625
965,47.484894674
966,7.44994773478
967,13.5248955031
968,7.37213523668
969,26.7393743472
970,2.02499995056
971,1.93437495277
972,1.87958328745
973,1.9415624526
974,1.93958328598
975,2.08135411585
976,1.96895828526
977,1.87072912099
978,1.88557287063
979,10.2022914176
980,1.70062495848
981,9.95901017353
982,14.7958329721
983,12.9899996829
984,2.82598951434
985,1.82374995547
986,2.4591145233
987,1.81932287225
988,1.80317703931
989,1.74624995737
990,1.75124995724
991,1.75968745704
992,7.25072898965
993,9.86385392585
994,6.81255191701
995,10.3611455804
996,6.82286441676
997,13.1267184295
998,8.67104145497
999,1.84598953827
1000,1.8488020382
1001,1.89604162038
1002,7.73499981116
1003,1.99911453453
1004,1.96406245205
1005,1.9769791184
1006,2.10963536516
1007,2.08437494911
1008,2.09369786555
1009,7.36354148689
1010,7.5298956495
1011,8.31234354706
1012,2.09281244891
1013,1.99526036795
1014,2.65588535183
1015,1.94479161919
1016,1.91604161989
1017,4.5931769712
1018,11.8968747095
1019,12.7628642717
1020,17.7128120676
1021,1.92671870296
1022,2.00171870113
1023,2.08874994901
1024,14.6847913082
1025,29.7204159411
1026,2.21197911266
1027,2.63973951889
1028,12.4327601131
1029,1.05510414091
1030,1.82312495549
1031,1.21197913708
1032,1.21161455375
1033,1.22880205333
1034,1.72276037461
1035,2.50796868877
1036,2.41062494115
1037,2.29380202733
1038,2.89786451258
1039,4.53401030597
1040,2.10458328195
1041,2.0096353676
1042,1.97796870171
1043,1.96223953543
1044,1.91249995331
1045,1.8377603718
1046,1.85598953802
1047,2.30437494374
1048,1.78588537307
1049,1.81755203896
1050,1.79874995609
1051,1.71786454139
1052,1.73312495769
1053,1.76499995691
1054,1.72802079115
1055,1.71848954138
1056,1.70020829182
1057,2.14406244765
1058,1.67505204244
1059,1.65359370963
1060,1.65432287628
1061,1.66645829265
1062,1.67999995898
1063,3.31932283563
1064,1.66635412598
1065,1.71380204149
1066,1.73270829103
1067,1.75161454057
1068,3.18723950552
1069,1.79078120628
1070,1.66218745942
1071,1.70088537514
1072,1.57781246148
1073,1.60187496089
1074,1.60276037754
1075,1.5893749612
1076,1.58161454472
1077,1.57026037833
1078,1.66791662595
1079,1.28401038532
1080,1.0429166412
1081,1.78666662305
1082,1.04656247445
1083,1.04182289123
1084,1.63135412684
1085,1.63651037671
1086,1.62390621035
1087,1.69385412531
1088,2.37848952526
1089,1.77218745673
1090,1.77968745655
1091,1.81171870577
1092,1.79984370606
1093,1.86828120439
1094,1.87557287088
1095,1.90260412022
1096,1.89755203701
1097,1.96619786866
1098,3.69302074317
1099,2.0151562008
1100,20.4714057502
1101,2.03406245034
1102,2.05666661646
1103,2.0357812003
1104,3.71104157607
1105,2.62854160249
1106,15.1908850458
1107,3.14458325656
1108,2.09526036551
1109,2.15916661395
1110,3.2468228374
1111,6.18151026575
1112,2.26781244463
1113,5.97989568734
1114,1.25713538597
1115,1.25609371933
1116,1.25322913607
1117,1.22635413673
1118,2.06119786634
1119,4.51354155647
1120,2.1696353637
1121,2.24385411189
1122,4.63453113685
1123,2.23468744544
1124,2.21135411268
1125,2.30552077705
1126,5.7576040261
1127,2.33953119288
1128,2.38234369184
1129,2.37864577526
1130,4.95317696241
1131,2.39067702497
1132,3.44854158247
1133,2.48906243923
1134,2.56171868746
1135,2.56984368726
1136,3.69484365979
1137,2.55630202092
1138,5.05223945999
1139,3.8173436568
1140,2.58854160347
1141,2.58260410361
1142,5.62447902935
1143,2.66036451838
1144,2.60703118635
1145,2.6516145186
1146,10.2726559992
1147,2.92442701194
1148,3.13656242342
1149,0.920416644196
1150,0.947916643524
1151,1.6369791267
1152,0.92963539397
1153,0.946145810234
1154,0.922187477486
1155,0.94958331015
1156,2.71145826714
1157,3.17104158925
1158,2.43614577386
1159,2.3826041085
1160,2.46213535656
1161,2.11812494829
1162,2.0301041171
1163,2.07255203273
1164,2.1218749482
1165,1.97026036856
1166,1.2071353872
1167,1.20270830397
1168,1.70588537502
1169,1.17796872124
1170,1.17177080473
1171,1.17828122123
1172,1.15604163844
1173,1.16354163826
1174,1.14906247195
1175,1.1523958052
1176,1.13880205553
1177,1.13630205559
1178,1.12213538927
1179,1.12453122255
1180,1.13369788899
1181,1.12682288916
1182,1.13229163902
1183,2.51666660522
1184,1.80145828935
1185,1.81770828896
1186,1.81380203905
1187,1.89484370374
1188,1.89677078703
1189,1.91473953659
1190,1.84380203832
1191,1.84104162172
1192,1.86192703788
1193,1.83187495528
1194,1.77489579
1195,1.77682287329
1196,1.78843745634
1197,5.4694269498
1198,6.45307275912
1199,8.73390603677
1200,1.73901037421
1201,1.71010412492
1202,1.71630204143
1203,1.72609370786
1204,7.41260398569
1205,0.922031227489
1206,0.924895810753
1207,0.923229144127
1208,0.942083310333
1209,0.929166643982
1210,0.922760394138
1211,0.917968727589
1212,0.926354144051
1213,0.925364560741
1214,2.03197911706
1215,2.04281245013
1216,2.14098953106
1217,5.46270819997
1218,12.5606246933
1219,1.99473953463
1220,1.97723953506
1221,2.00859370096
1222,3.90296865471
1223,1.8908853705
1224,1.92640620297
1225,1.8814582874
1226,1.84359370499
1227,2.46744785643
1228,4.58848947131
1229,6.40958317685
1230,2.40635410792
1231,2.38671869173
1232,1.82942703867
1233,1.733958291
1234,1.76166662366
1235,1.75046870726
1236,2.47062493968
1237,1.69963537517
1238,5.56385403083
1239,1.77807287326
1240,1.73536454097
1241,1.72229162462
1242,1.73999995752
1243,1.22203122017
1244,1.04427080784
1245,0.940156227047
1246,0.936562477135
1247,2.15140619748
1248,0.922499977478
1249,0.928229144005
1250,1.74994787394
1251,1.77807287326
1252,1.78369787312
1253,1.83723953848
1254,1.79598953949
1255,1.79307287289
1256,1.84479162163
1257,1.86885412104
1258,1.93135411951
1259,1.92119786976
1260,1.93130203618
1261,1.92692703629
1262,1.18499997107
1263,1.19812497075
1264,1.1960937208
1265,1.20109372068
1266,1.82979162199
1267,7.74307272763
1268,3.37822908419
1269,2.13833328113
1270,6.5782810894
1271,2.12901036469
1272,4.32286447779
1273,11.8370830443
1274,2.02932286712
1275,8.15343730094
1276,3.37833325085
1277,1.8608332879
1278,6.17567693256
1279,3.14151033997
1280,1.93630203606
1281,1.99859370121
1282,6.49015609155
1283,3.03270825929
1284,1.94843745243
1285,1.99203120137
1286,1.91041662003
1287,3.14468742323
1288,2.72817701673
1289,1.86932287103
1290,1.86812495439
1291,1.8788541208
1292,2.75770826601
1293,12.9520830171
1294,6.53354150716
1295,1.83916662177
1296,1.76583329022
1297,2.7879165986
1298,0.939427060398
1299,0.945677060246
1300,0.939687477058
1301,3.5309374138
1302,3.75994782487
1303,1.85588537136
1304,1.75119787391
1305,2.72984368335
1306,1.69052079206
1307,7.49536440034
1308,15.5910933694
1309,6.65927067075
1310,1.86697912109
1311,1.85609370469
1312,1.94322911922
1313,5.60890611306
1314,9.18140602584
1315,3.03651034253
1316,1.92656245296
1317,1.93046870287
1318,3.64614574432
1319,1.86890620437
1320,3.13442700681
1321,1.93010411954
1322,3.77703115779
1323,1.96598953534
1324,34.3380720783
1325,22.2115098744
1326,6.02958318613
1327,2.05239578323
1328,3.49182283142
1329,2.2131770293
1330,2.15499994739
1331,2.22546869567
1332,6.94552066376
1333,39.7330719466
1334,32.0748429669
1335,2.12796869805
1336,3.89942698813
1337,2.1014061987
1338,34.6665095703
1339,53.0174987056
1340,7.62348939721
1341,4.37937489308
1342,2.05796869976
1343,2.03697911694
1344,3.84119782289
1345,1.9373437027
1346,1.94973953573
1347,1.84421870498
1348,1.84286453834
1349,1.88151037073
1350,2.5026561889
1351,1.90609370346
1352,1.91562495323
1353,1.94869786909
1354,1.92609370298
1355,1.9714582852
1356,2.02510411723
1357,1.98963536809
1358,2.00729161766
1359,2.06770828285
1360,2.13718744782
1361,2.16010411393
1362,6.17531234924
1363,2.12557286477
1364,2.9326561784
1365,2.18583327997
1366,2.18958327988
1367,2.23343744547
1368,2.37770827528
1369,8.97187478096
1370,2.46130202324
1371,2.38255202517
1372,2.38411452513
1373,2.13927078111
1374,4.00859365213
1375,2.04119786683
1376,2.08328119914
1377,1.97083328522
1378,1.97572911843
1379,5.89916652264
1380,1.87911453746
1381,2.70635410059
1382,7.7496873108
1383,3.48234366498
1384,0.947864560192
1385,1.16281247161
1386,1.53104162929
1387,1.14072913882
1388,1.88010412077
1389,1.92020828645
1390,1.93708328604
1391,1.92161453642
1392,1.91135412
1393,1.86390620449
1394,1.85718745466
1395,1.82296870549
1396,1.84124995505
1397,1.79598953949
1398,1.8007291227
1399,3.53999991357
1400,1.87458328757
1401,1.88473953732
1402,1.92947911956
1403,2.0140103675
1404,2.02286453395
1405,1.90203120356
1406,1.95499995227
1407,1.25249996942
1408,0.927656227352
1409,1.89999995361
1410,1.92192703641
1411,1.92020828645
1412,1.86442703782
1413,1.7708332901
1414,1.79151037293
1415,2.26999994458
1416,1.70234370844
1417,1.70963537493
1418,2.88536451289
1419,1.6767707924
1420,1.66437495937
1421,1.63312496013
1422,1.63072912685
1423,2.45046869017
1424,1.76192704032
1425,3.28979158635
1426,1.80526037259
1427,1.80979162248
1428,1.82026037223
1429,1.83494787187
1430,2.67822910128
1431,1.76343745695
1432,1.74406245742
1433,6.53671859041
1434,13.5519788358
1435,7.13505190914
1436,3.76489574142
1437,1.80458328928
1438,1.75953120704
1439,1.75531245715
1440,1.73161454106
1441,5.39104153505
1442,1.77557287332
1443,2.00723953433
1444,1.68239579226
1445,2.34567702607
1446,1.67968745899
1447,1.69979162517
1448,1.66083329279
1449,1.67713537572
1450,1.66869787593
1451,1.67203120918
1452,1.665885376
1453,6.31718734577
1454,1.77697912328
1455,1.77364579003
1456,1.73546870763
1457,1.73364579101
1458,1.75593745713
1459,1.66432287603
1460,1.7313541244
1461,1.65531245959
1462,1.66374995938
1463,1.66843745927
1464,1.6480207931
1465,1.64744787645
1466,1.66411454271
1467,2.39942702475
1468,3.0405207591
1469,1.6371353767
1470,1.62421871035
1471,1.65249995966
1472,1.63130204351
1473,1.62078121043
1474,1.6507812097
1475,2.93249992841
1476,1.64999995972
1477,1.67296870916
1478,4.928958213
1479,6.05661443547
1480,0.918072894253
1481,1.41177079887
1482,1.64374995987
1483,1.62838537691
1484,1.60604162746
1485,6.19567693207
1486,4.9999477946
1487,1.1850520544
1488,1.17078122142
1489,1.19364580419
1490,1.18130205449
1491,1.17812497124
1492,1.1702603881
1493,1.17848955456
1494,1.97416661847
1495,2.02130203399
1496,2.4139582744
1497,1.94697911913
1498,1.89546870372
1499,1.80083328937
1500,1.76213537365
1501,1.7667707902
1502,2.95401034455
1503,1.6329166268
1504,1.67869787568
1505,1.77296870671
1506,1.76989579012
1507,2.68755201772
1508,1.82385412214
1509,1.84812495488
1510,1.85557287136
1511,1.86703120442
1512,1.87859370414
1513,2.57135410389
1514,1.82906245535
1515,1.85390620474
1516,1.85244787144
1517,1.76874995682
1518,1.91864578649
1519,9.37796852105
1520,0.923072894131
1521,0.931249977264
1522,1.17468747132
1523,1.174010388
1524,1.17062497142
1525,1.1835937211
1526,1.19104163759
1527,2.45057285684
1528,1.90458328683
1529,1.98432286822
1530,2.00255203444
1531,1.7666145402
1532,1.76604162355
1533,1.19874997073
1534,1.73473954098
1535,2.18401036335
1536,1.18296872112
1537,0.92255206081
1538,0.939999977051
1539,0.933749977203
1540,1.58036454475
1541,2.35020827596
1542,2.27161452787
1543,2.15343744743
1544,2.11817703162
1545,1.99223953469
1546,2.05036453328
1547,1.94104161928
1548,1.97166661853
1549,2.66265618499
1550,3.57421866274
1551,1.13765622223
1552,1.12020830598
1553,1.50380204662
1554,6.75947900164
1555,2.69088535097
1556,1.8595312046
1557,1.88442703733
1558,1.84395828831
1559,1.84510412162
1560,1.78453120643
1561,1.77822912325
1562,1.81541662234
1563,1.8119270391
1564,1.83041662198
1565,1.84911453819
1566,0.92229164415
1567,0.919166644226
1568,0.928489560665
1569,0.94427081028
1570,0.930677060612
1571,2.22093744578
1572,2.05864578307
1573,2.03911453355
1574,1.94734370246
1575,2.6335936857
1576,2.03494786699
1577,2.05244786656
1578,2.08645828239
1579,2.02791661716
1580,2.63593743565
1581,1.91682286987
1582,3.42046866649
1583,2.67604160133
1584,2.01432286749
1585,2.07130203276
1586,2.58604160353
1587,2.07895828258
1588,14.0211975744
1589,10.8423434853
1590,7.53302064942
