frame,wall_ms,frame_wait_ms,scene_advance_ms,view_build_ms,render_submit_ms,gpu_valid,gpu_serial,gpu_ms,process_valid,process_cpu_ms,working_set_bytes,private_bytes,vma_valid,vma_allocation_bytes,vma_peak_allocation_bytes,vma_heap_usage_bytes,vma_heap_budget_bytes,raw_instances,visible_instances,culled_instances,lights,depth_draw_calls,shadow_draw_calls,base_draw_calls,lighting_draw_calls,tone_map_draw_calls,legacy_draw_calls,presenter_draw_calls,draw_calls,total_draw_calls,all_draw_calls,dispatch_count,shadow_faces,shadow_cache_hits,shadow_misses,shadow_batches,asset_upload_bytes,dynamic_lighting_upload_bytes,gather_ms,plan_ms,upload_frame_ms
0,1.693,0.483,0,0.09,0.028,0,0,,1,0,231505920,288473088,1,71217344,71217344,167755776,38823561584,1004,1004,0,2,3,0,3,3,1,0,1,9,10,11,1,0,2,0,1,0,133472,0.303,0.61,0.005
1,1.615,0.324,0,0.031,0.023,0,0,,0,,,,0,,,,,1004,1004,0,2,3,0,3,3,1,0,1,9,10,11,1,0,2,0,1,0,133472,0.27,0.711,0.006
2,1.904,0.285,0,0.067,0.025,0,0,,0,,,,0,,,,,1004,1004,0,2,3,0,3,3,1,0,1,9,10,11,1,0,2,0,1,0,133472,0.4,0.829,0.009
3,1.426,0.001,0,0.042,0.021,0,0,,0,,,,0,,,,,1004,1004,0,2,3,0,3,3,1,0,1,9,10,11,1,0,2,0,1,0,133472,0.327,0.809,0.008
4,3.231,1.673,0,0.056,0.041,0,0,,0,,,,0,,,,,1004,1004,0,2,3,0,3,3,1,0,1,9,10,11,1,0,2,0,1,0,133472,0.378,0.75,0.01
5,1.885,0.251,0,0.039,0.029,0,0,,0,,,,0,,,,,1004,1004,0,2,3,0,3,3,1,0,1,9,10,11,1,0,2,0,1,0,133472,0.379,0.953,0.012
6,2.52,1.045,0,0.074,0.028,0,0,,0,,,,0,,,,,1004,1004,0,2,3,0,3,3,1,0,1,9,10,11,1,0,2,0,1,0,133472,0.333,0.712,0.008
7,3.072,1.602,0,0.071,0.03,0,0,,0,,,,0,,,,,1004,1004,0,2,3,0,3,3,1,0,1,9,10,11,1,0,2,0,1,0,133472,0.318,0.712,0.007
8,3.554,1.023,0,0.13,0.073,0,0,,0,,,,0,,,,,1004,1004,0,2,3,0,3,3,1,0,1,9,10,11,1,0,2,0,1,0,133472,0.343,1.613,0.018
9,1.701,0.001,0,0.055,0.032,0,0,,0,,,,0,,,,,1004,1004,0,2,3,0,3,3,1,0,1,9,10,11,1,0,2,0,1,0,133472,0.426,0.775,0.008
10,3.021,0.793,0.001,0.051,0.045,0,0,,0,,,,0,,,,,1004,1004,0,2,3,0,3,3,1,0,1,9,10,11,1,0,2,0,1,0,133472,0.386,1.318,0.018
11,4.159,2.423,0,0.055,0.05,0,0,,0,,,,0,,,,,1004,1004,0,2,3,0,3,3,1,0,1,9,10,11,1,0,2,0,1,0,133472,0.423,0.887,0.012
12,2.464,0.457,0,0.055,0.042,0,0,,0,,,,0,,,,,1004,1004,0,2,3,0,3,3,1,0,1,9,10,11,1,0,2,0,1,0,133472,0.557,0.966,0.015
13,2.545,0.778,0.001,0.084,0.039,0,0,,0,,,,0,,,,,1004,1004,0,2,3,0,3,3,1,0,1,9,10,11,1,0,2,0,1,0,133472,0.394,0.891,0.014
14,3.21,1.239,0,0.046,0.043,0,0,,0,,,,0,,,,,1004,1004,0,2,3,0,3,3,1,0,1,9,10,11,1,0,2,0,1,0,133472,0.496,1.025,0.018
15,2.673,0.95,0.001,0.059,0.046,0,0,,0,,,,0,,,,,1004,1004,0,2,3,0,3,3,1,0,1,9,10,11,1,0,2,0,1,0,133472,0.448,0.849,0.01
16,3.99,2.391,0,0.06,0.04,0,0,,0,,,,0,,,,,1004,1004,0,2,3,0,3,3,1,0,1,9,10,11,1,0,2,0,1,0,133472,0.38,0.818,0.011
17,2.995,0.993,0.001,0.124,0.042,0,0,,0,,,,0,,,,,1004,1004,0,2,3,0,3,3,1,0,1,9,10,11,1,0,2,0,1,0,133472,0.604,0.859,0.017
18,2.399,0.707,0,0.079,0.036,0,0,,0,,,,0,,,,,1004,1004,0,2,3,0,3,3,1,0,1,9,10,11,1,0,2,0,1,0,133472,0.378,0.846,0.009
19,2.352,0.504,0.001,0.065,0.054,0,0,,0,,,,0,,,,,1004,1004,0,2,3,0,3,3,1,0,1,9,10,11,1,0,2,0,1,0,133472,0.416,1.012,0.009
20,2.46,0.379,0,0.122,0.053,0,0,,0,,,,0,,,,,1004,1004,0,2,3,0,3,3,1,0,1,9,10,11,1,0,2,0,1,0,133472,0.485,1.021,0.04
21,2.163,0.198,0.001,0.066,0.03,0,0,,0,,,,0,,,,,1004,1004,0,2,3,0,3,3,1,0,1,9,10,11,1,0,2,0,1,0,133472,0.472,1.049,0.011
22,14.257,12.445,0.001,0.174,0.048,0,0,,0,,,,0,,,,,1004,1004,0,2,3,0,3,3,1,0,1,9,10,11,1,0,2,0,1,0,133472,0.487,0.75,0.013
23,9.382,7.788,0.001,0.101,0.035,0,0,,0,,,,0,,,,,1004,1004,0,2,3,0,3,3,1,0,1,9,10,11,1,0,2,0,1,0,133472,0.344,0.757,0.011
24,1.348,0.001,0,0.031,0.026,0,0,,0,,,,0,,,,,1004,1004,0,2,3,0,3,3,1,0,1,9,10,11,1,0,2,0,1,0,133472,0.367,0.736,0.006
25,1.245,0,0,0.035,0.032,0,0,,0,,,,0,,,,,1004,1004,0,2,3,0,3,3,1,0,1,9,10,11,1,0,2,0,1,0,133472,0.33,0.666,0.006
26,1.232,0,0,0.028,0.02,0,0,,0,,,,0,,,,,1004,1004,0,2,3,0,3,3,1,0,1,9,10,11,1,0,2,0,1,0,133472,0.336,0.698,0.005
27,1.952,0.006,0,0.026,0.044,0,0,,0,,,,0,,,,,1004,1004,0,2,3,0,3,3,1,0,1,9,10,11,1,0,2,0,1,0,133472,0.323,1.337,0.015
28,1.924,0.003,0,0.074,0.041,0,0,,0,,,,0,,,,,1004,1004,0,2,3,0,3,3,1,0,1,9,10,11,1,0,2,0,1,0,133472,0.455,0.926,0.008
29,1.305,0.001,0,0.041,0.018,0,0,,0,,,,0,,,,,1004,1004,0,2,3,0,3,3,1,0,1,9,10,11,1,0,2,0,1,0,133472,0.339,0.713,0.006
30,2.763,1.217,0,0.078,0.027,0,0,,1,46.875,231550976,288473088,1,71217344,71217344,167755776,38823561584,1004,1004,0,2,3,0,3,3,1,0,1,9,10,11,1,0,2,0,1,0,133472,0.438,0.721,0.007
31,1.91,0.577,0,0.074,0.02,0,0,,0,,,,0,,,,,1004,1004,0,2,3,0,3,3,1,0,1,9,10,11,1,0,2,0,1,0,133472,0.285,0.706,0.006
32,1.81,0.23,0,0.079,0.05,0,0,,0,,,,0,,,,,1004,1004,0,2,3,0,3,3,1,0,1,9,10,11,1,0,2,0,1,0,133472,0.332,0.719,0.016
33,1.465,0.001,0.001,0.078,0.023,0,0,,0,,,,0,,,,,1004,1004,0,2,3,0,3,3,1,0,1,9,10,11,1,0,2,0,1,0,133472,0.387,0.728,0.006
34,1.726,0.375,0,0.07,0.029,0,0,,0,,,,0,,,,,1004,1004,0,2,3,0,3,3,1,0,1,9,10,11,1,0,2,0,1,0,133472,0.322,0.608,0.005
35,1.888,0.18,0,0.027,0.027,0,0,,0,,,,0,,,,,1004,1004,0,2,3,0,3,3,1,0,1,9,10,11,1,0,2,0,1,0,133472,0.312,1.139,0.024
36,1.213,0.001,0,0.072,0.024,0,0,,0,,,,0,,,,,1004,1004,0,2,3,0,3,3,1,0,1,9,10,11,1,0,2,0,1,0,133472,0.314,0.634,0.005
37,1.973,0.227,0,0.085,0.04,0,0,,0,,,,0,,,,,1004,1004,0,2,3,0,3,3,1,0,1,9,10,11,1,0,2,0,1,0,133472,0.43,0.84,0.008
38,1.579,0.007,0,0.04,0.027,0,0,,0,,,,0,,,,,1004,1004,0,2,3,0,3,3,1,0,1,9,10,11,1,0,2,0,1,0,133472,0.408,0.877,0.009
39,2.654,1.012,0.001,0.055,0.036,0,0,,0,,,,0,,,,,1004,1004,0,2,3,0,3,3,1,0,1,9,10,11,1,0,2,0,1,0,133472,0.434,0.822,0.009
40,1.395,0.001,0,0.033,0.022,0,0,,0,,,,0,,,,,1004,1004,0,2,3,0,3,3,1,0,1,9,10,11,1,0,2,0,1,0,133472,0.347,0.805,0.006
41,1.951,0.055,0.001,0.085,0.029,0,0,,0,,,,0,,,,,1004,1004,0,2,3,0,3,3,1,0,1,9,10,11,1,0,2,0,1,0,133472,0.661,0.76,0.008
42,1.446,0.001,0,0.044,0.018,0,0,,0,,,,0,,,,,1004,1004,0,2,3,0,3,3,1,0,1,9,10,11,1,0,2,0,1,0,133472,0.398,0.786,0.008
43,2.04,0.478,0,0.056,0.038,0,0,,0,,,,0,,,,,1004,1004,0,2,3,0,3,3,1,0,1,9,10,11,1,0,2,0,1,0,133472,0.383,0.817,0.008
44,1.775,0,0,0.034,0.032,0,0,,0,,,,0,,,,,1004,1004,0,2,3,0,3,3,1,0,1,9,10,11,1,0,2,0,1,0,133472,0.571,0.882,0.007
45,1.275,0,0,0.039,0.025,0,0,,0,,,,0,,,,,1004,1004,0,2,3,0,3,3,1,0,1,9,10,11,1,0,2,0,1,0,133472,0.326,0.696,0.005
46,2.042,0.101,0.001,0.259,0.028,0,0,,0,,,,0,,,,,1004,1004,0,2,3,0,3,3,1,0,1,9,10,11,1,0,2,0,1,0,133472,0.401,0.984,0.039
47,2.007,0.538,0,0.118,0.026,0,0,,0,,,,0,,,,,1004,1004,0,2,3,0,3,3,1,0,1,9,10,11,1,0,2,0,1,0,133472,0.336,0.745,0.007
48,4.511,2.815,0.001,0.108,0.051,0,0,,0,,,,0,,,,,1004,1004,0,2,3,0,3,3,1,0,1,9,10,11,1,0,2,0,1,0,133472,0.384,0.813,0.011
49,2.286,0.677,0.001,0.048,0.029,0,0,,0,,,,0,,,,,1004,1004,0,2,3,0,3,3,1,0,1,9,10,11,1,0,2,0,1,0,133472,0.389,0.843,0.009
50,3.019,1.274,0,0.091,0.062,0,0,,0,,,,0,,,,,1004,1004,0,2,3,0,3,3,1,0,1,9,10,11,1,0,2,0,1,0,133472,0.348,0.851,0.018
51,2.053,0.632,0,0.043,0.034,0,0,,0,,,,0,,,,,1004,1004,0,2,3,0,3,3,1,0,1,9,10,11,1,0,2,0,1,0,133472,0.366,0.735,0.007
52,2.899,0.953,0,0.098,0.1,0,0,,0,,,,0,,,,,1004,1004,0,2,3,0,3,3,1,0,1,9,10,11,1,0,2,0,1,0,133472,0.41,0.963,0.033
53,2.434,0.362,0.001,0.092,0.048,0,0,,0,,,,0,,,,,1004,1004,0,2,3,0,3,3,1,0,1,9,10,11,1,0,2,0,1,0,133472,0.476,1.067,0.017
54,3.74,1.888,0,0.066,0.066,0,0,,0,,,,0,,,,,1004,1004,0,2,3,0,3,3,1,0,1,9,10,11,1,0,2,0,1,0,133472,0.379,0.92,0.013
55,2.002,0.453,0,0.08,0.038,0,0,,0,,,,0,,,,,1004,1004,0,2,3,0,3,3,1,0,1,9,10,11,1,0,2,0,1,0,133472,0.376,0.755,0.009
56,2.174,0.757,0,0.042,0.027,0,0,,0,,,,0,,,,,1004,1004,0,2,3,0,3,3,1,0,1,9,10,11,1,0,2,0,1,0,133472,0.343,0.792,0.007
57,2.731,1.321,0,0.107,0.029,0,0,,0,,,,0,,,,,1004,1004,0,2,3,0,3,3,1,0,1,9,10,11,1,0,2,0,1,0,133472,0.306,0.692,0.006
58,2.551,0.831,0.001,0.109,0.064,0,0,,0,,,,0,,,,,1004,1004,0,2,3,0,3,3,1,0,1,9,10,11,1,0,2,0,1,0,133472,0.313,0.896,0.013
59,2.126,0.516,0,0.048,0.035,0,0,,0,,,,0,,,,,1004,1004,0,2,3,0,3,3,1,0,1,9,10,11,1,0,2,0,1,0,133472,0.435,0.827,0.008
60,3.576,2.245,0,0.045,0.031,0,0,,1,109.375,231555072,288473088,1,71217344,71217344,167755776,38823561584,1004,1004,0,2,3,0,3,3,1,0,1,9,10,11,1,0,2,0,1,0,133472,0.319,0.692,0.009
61,3.083,1.572,0,0.096,0.033,0,0,,0,,,,0,,,,,1004,1004,0,2,3,0,3,3,1,0,1,9,10,11,1,0,2,0,1,0,133472,0.359,0.755,0.009
62,2.672,0.848,0,0.062,0.053,0,0,,0,,,,0,,,,,1004,1004,0,2,3,0,3,3,1,0,1,9,10,11,1,0,2,0,1,0,133472,0.433,0.94,0.011
63,3.53,1.515,0.001,0.092,0.053,0,0,,0,,,,0,,,,,1004,1004,0,2,3,0,3,3,1,0,1,9,10,11,1,0,2,0,1,0,133472,0.456,1.032,0.017
64,1.958,0.003,0,0.064,0.038,0,0,,0,,,,0,,,,,1004,1004,0,2,3,0,3,3,1,0,1,9,10,11,1,0,2,0,1,0,133472,0.484,0.989,0.018
65,1.892,0.003,0.001,0.052,0.058,0,0,,0,,,,0,,,,,1004,1004,0,2,3,0,3,3,1,0,1,9,10,11,1,0,2,0,1,0,133472,0.4,1.013,0.018
66,1.84,0.002,0,0.056,0.032,0,0,,0,,,,0,,,,,1004,1004,0,2,3,0,3,3,1,0,1,9,10,11,1,0,2,0,1,0,133472,0.425,1.018,0.013
67,3.446,1.747,0.001,0.053,0.045,0,0,,0,,,,0,,,,,1004,1004,0,2,3,0,3,3,1,0,1,9,10,11,1,0,2,0,1,0,133472,0.396,0.887,0.012
68,2.402,0.795,0,0.069,0.038,0,0,,0,,,,0,,,,,1004,1004,0,2,3,0,3,3,1,0,1,9,10,11,1,0,2,0,1,0,133472,0.421,0.742,0.01
69,19.286,17.614,0,0.051,0.045,0,0,,0,,,,0,,,,,1004,1004,0,2,3,0,3,3,1,0,1,9,10,11,1,0,2,0,1,0,133472,0.372,0.846,0.012
70,3.006,0.869,0,0.09,0.072,0,0,,0,,,,0,,,,,1004,1004,0,2,3,0,3,3,1,0,1,9,10,11,1,0,2,0,1,0,133472,0.427,0.979,0.014
71,5.468,3.603,0.001,0.055,0.055,0,0,,0,,,,0,,,,,1004,1004,0,2,3,0,3,3,1,0,1,9,10,11,1,0,2,0,1,0,133472,0.492,0.916,0.017
72,2.984,1.114,0,0.047,0.036,0,0,,0,,,,0,,,,,1004,1004,0,2,3,0,3,3,1,0,1,9,10,11,1,0,2,0,1,0,133472,0.453,1.014,0.016
73,4.082,2.444,0.001,0.061,0.031,0,0,,0,,,,0,,,,,1004,1004,0,2,3,0,3,3,1,0,1,9,10,11,1,0,2,0,1,0,133472,0.399,0.807,0.009
74,3.048,1.18,0,0.042,0.082,0,0,,0,,,,0,,,,,1004,1004,0,2,3,0,3,3,1,0,1,9,10,11,1,0,2,0,1,0,133472,0.418,1.002,0.013
75,2.719,0.774,0,0.062,0.042,0,0,,0,,,,0,,,,,1004,1004,0,2,3,0,3,3,1,0,1,9,10,11,1,0,2,0,1,0,133472,0.456,0.997,0.011
76,3.342,2.013,0.001,0.078,0.022,0,0,,0,,,,0,,,,,1004,1004,0,2,3,0,3,3,1,0,1,9,10,11,1,0,2,0,1,0,133472,0.31,0.656,0.005
77,2.717,1.117,0,0.144,0.029,0,0,,0,,,,0,,,,,1004,1004,0,2,3,0,3,3,1,0,1,9,10,11,1,0,2,0,1,0,133472,0.352,0.727,0.008
78,2.987,1.707,0.001,0.072,0.025,0,0,,0,,,,0,,,,,1004,1004,0,2,3,0,3,3,1,0,1,9,10,11,1,0,2,0,1,0,133472,0.313,0.618,0.005
79,2.261,0.999,0,0.117,0.032,0,0,,0,,,,0,,,,,1004,1004,0,2,3,0,3,3,1,0,1,9,10,11,1,0,2,0,1,0,133472,0.331,0.573,0.005
80,3.079,1.085,0,0.208,0.034,0,0,,0,,,,0,,,,,1004,1004,0,2,3,0,3,3,1,0,1,9,10,11,1,0,2,0,1,0,133472,0.469,0.871,0.022
81,1.415,0.001,0,0.052,0.022,0,0,,0,,,,0,,,,,1004,1004,0,2,3,0,3,3,1,0,1,9,10,11,1,0,2,0,1,0,133472,0.407,0.735,0.006
82,1.957,0.649,0,0.043,0.025,0,0,,0,,,,0,,,,,1004,1004,0,2,3,0,3,3,1,0,1,9,10,11,1,0,2,0,1,0,133472,0.317,0.702,0.012
83,1.336,0.227,0.001,0.032,0.024,0,0,,0,,,,0,,,,,1004,1004,0,2,3,0,3,3,1,0,1,9,10,11,1,0,2,0,1,0,133472,0.3,0.59,0.004
84,1.878,0.444,0,0.095,0.037,0,0,,0,,,,0,,,,,1004,1004,0,2,3,0,3,3,1,0,1,9,10,11,1,0,2,0,1,0,133472,0.311,0.682,0.008
85,1.597,0.11,0.001,0.138,0.031,0,0,,0,,,,0,,,,,1004,1004,0,2,3,0,3,3,1,0,1,9,10,11,1,0,2,0,1,0,133472,0.358,0.687,0.007
86,2.464,1.152,0,0.084,0.028,0,0,,0,,,,0,,,,,1004,1004,0,2,3,0,3,3,1,0,1,9,10,11,1,0,2,0,1,0,133472,0.257,0.632,0.006
87,2.538,1.052,0.001,0.114,0.026,0,0,,0,,,,0,,,,,1004,1004,0,2,3,0,3,3,1,0,1,9,10,11,1,0,2,0,1,0,133472,0.356,0.613,0.005
88,3.001,0.761,0,0.179,0.1,0,0,,0,,,,0,,,,,1004,1004,0,2,3,0,3,3,1,0,1,9,10,11,1,0,2,0,1,0,133472,0.649,0.884,0.015
89,1.671,0.054,0,0.083,0.03,0,0,,0,,,,0,,,,,1004,1004,0,2,3,0,3,3,1,0,1,9,10,11,1,0,2,0,1,0,133472,0.371,0.867,0.011
90,2.718,1.196,0,0.041,0.042,0,0,,1,125,231563264,288473088,1,71217344,71217344,167755776,38823561584,1004,1004,0,2,3,0,3,3,1,0,1,9,10,11,1,0,2,0,1,0,133472,0.345,0.878,0.007
91,2.009,0.754,0,0.036,0.036,0,0,,0,,,,0,,,,,1004,1004,0,2,3,0,3,3,1,0,1,9,10,11,1,0,2,0,1,0,133472,0.308,0.692,0.005
92,2.569,1.156,0.001,0.135,0.026,0,0,,0,,,,0,,,,,1004,1004,0,2,3,0,3,3,1,0,1,9,10,11,1,0,2,0,1,0,133472,0.345,0.676,0.006
93,2.107,0.983,0.001,0.078,0.02,0,0,,0,,,,0,,,,,1004,1004,0,2,3,0,3,3,1,0,1,9,10,11,1,0,2,0,1,0,133472,0.265,0.563,0.005
94,2.166,0.748,0,0.103,0.038,0,0,,0,,,,0,,,,,1004,1004,0,2,3,0,3,3,1,0,1,9,10,11,1,0,2,0,1,0,133472,0.334,0.707,0.006
95,2.373,0.113,0,0.103,0.035,0,0,,0,,,,0,,,,,1004,1004,0,2,3,0,3,3,1,0,1,9,10,11,1,0,2,0,1,0,133472,0.515,1.181,0.035
96,1.764,0.001,0,0.09,0.027,0,0,,0,,,,0,,,,,1004,1004,0,2,3,0,3,3,1,0,1,9,10,11,1,0,2,0,1,0,133472,0.463,0.894,0.01
97,2.029,0.617,0,0.042,0.025,0,0,,0,,,,0,,,,,1004,1004,0,2,3,0,3,3,1,0,1,9,10,11,1,0,2,0,1,0,133472,0.358,0.778,0.007
98,1.486,0.13,0,0.044,0.033,0,0,,0,,,,0,,,,,1004,1004,0,2,3,0,3,3,1,0,1,9,10,11,1,0,2,0,1,0,133472,0.368,0.695,0.006
99,1.481,0.24,0,0.035,0.023,0,0,,0,,,,0,,,,,1004,1004,0,2,3,0,3,3,1,0,1,9,10,11,1,0,2,0,1,0,133472,0.339,0.669,0.005
100,2.791,1.282,0,0.084,0.025,0,0,,0,,,,0,,,,,1004,1004,0,2,3,0,3,3,1,0,1,9,10,11,1,0,2,0,1,0,133472,0.371,0.706,0.004
101,2.065,1,0,0.03,0.023,0,0,,0,,,,0,,,,,1004,1004,0,2,3,0,3,3,1,0,1,9,10,11,1,0,2,0,1,0,133472,0.294,0.56,0.004
102,2.836,1.362,0,0.07,0.038,0,0,,0,,,,0,,,,,1004,1004,0,2,3,0,3,3,1,0,1,9,10,11,1,0,2,0,1,0,133472,0.354,0.761,0.007
103,1.829,0.118,0,0.05,0.069,0,0,,0,,,,0,,,,,1004,1004,0,2,3,0,3,3,1,0,1,9,10,11,1,0,2,0,1,0,133472,0.372,0.89,0.007
104,2.114,0.001,0,0.137,0.04,0,0,,0,,,,0,,,,,1004,1004,0,2,3,0,3,3,1,0,1,9,10,11,1,0,2,0,1,0,133472,0.484,1.12,0.022
105,2.269,0.476,0.001,0.156,0.041,0,0,,0,,,,0,,,,,1004,1004,0,2,3,0,3,3,1,0,1,9,10,11,1,0,2,0,1,0,133472,0.393,0.862,0.013
106,1.531,0,0,0.065,0.027,0,0,,0,,,,0,,,,,1004,1004,0,2,3,0,3,3,1,0,1,9,10,11,1,0,2,0,1,0,133472,0.37,0.833,0.007
107,2.238,0.716,0.001,0.051,0.032,0,0,,0,,,,0,,,,,1004,1004,0,2,3,0,3,3,1,0,1,9,10,11,1,0,2,0,1,0,133472,0.356,0.814,0.008
108,2.514,0.913,0,0.047,0.027,0,0,,0,,,,0,,,,,1004,1004,0,2,3,0,3,3,1,0,1,9,10,11,1,0,2,0,1,0,133472,0.423,0.846,0.01
109,3.267,1.61,0,0.049,0.065,0,0,,0,,,,0,,,,,1004,1004,0,2,3,0,3,3,1,0,1,9,10,11,1,0,2,0,1,0,133472,0.382,0.818,0.016
110,2.763,0.767,0,0.055,0.052,0,0,,0,,,,0,,,,,1004,1004,0,2,3,0,3,3,1,0,1,9,10,11,1,0,2,0,1,0,133472,0.455,1.066,0.019
111,2.104,0.218,0,0.07,0.04,0,0,,0,,,,0,,,,,1004,1004,0,2,3,0,3,3,1,0,1,9,10,11,1,0,2,0,1,0,133472,0.442,0.987,0.018
112,3.175,1.441,0,0.059,0.035,0,0,,0,,,,0,,,,,1004,1004,0,2,3,0,3,3,1,0,1,9,10,11,1,0,2,0,1,0,133472,0.364,0.949,0.012
113,6.974,5.425,0,0.093,0.138,0,0,,0,,,,0,,,,,1004,1004,0,2,3,0,3,3,1,0,1,9,10,11,1,0,2,0,1,0,133472,0.263,0.69,0.025
114,2.607,1.182,0,0.066,0.019,0,0,,0,,,,0,,,,,1004,1004,0,2,3,0,3,3,1,0,1,9,10,11,1,0,2,0,1,0,133472,0.293,0.733,0.027
115,2.103,0,0,0.033,0.045,0,0,,0,,,,0,,,,,1004,1004,0,2,3,0,3,3,1,0,1,9,10,11,1,0,2,0,1,0,133472,0.508,1.216,0.02
116,2.221,0.001,0,0.065,0.037,0,0,,0,,,,0,,,,,1004,1004,0,2,3,0,3,3,1,0,1,9,10,11,1,0,2,0,1,0,133472,0.561,1.193,0.016
117,1.911,0.146,0,0.056,0.041,0,0,,0,,,,0,,,,,1004,1004,0,2,3,0,3,3,1,0,1,9,10,11,1,0,2,0,1,0,133472,0.438,0.95,0.008
118,5.887,3.964,0.001,0.088,0.047,0,0,,0,,,,0,,,,,1004,1004,0,2,3,0,3,3,1,0,1,9,10,11,1,0,2,0,1,0,133472,0.444,0.97,0.014
119,18.922,17.351,0,0.104,0.049,0,0,,0,,,,0,,,,,1004,1004,0,2,3,0,3,3,1,0,1,9,10,11,1,0,2,0,1,0,133472,0.409,0.636,0.012
120,16.014,14.446,0,0.05,0.044,0,0,,1,203.125,231571456,288473088,1,71217344,71217344,167755776,38823561584,1004,1004,0,2,3,0,3,3,1,0,1,9,10,11,1,0,2,0,1,0,133472,0.333,0.836,0.013
121,6.109,4.097,0.001,0.092,0.043,0,0,,0,,,,0,,,,,1004,1004,0,2,3,0,3,3,1,0,1,9,10,11,1,0,2,0,1,0,133472,0.487,0.921,0.015
122,4.718,2.983,0,0.042,0.019,0,0,,0,,,,0,,,,,1004,1004,0,2,3,0,3,3,1,0,1,9,10,11,1,0,2,0,1,0,133472,0.358,0.947,0.025
123,2.097,0.569,0,0.138,0.03,0,0,,0,,,,0,,,,,1004,1004,0,2,3,0,3,3,1,0,1,9,10,11,1,0,2,0,1,0,133472,0.343,0.682,0.01
124,2.375,1.005,0,0.13,0.028,0,0,,0,,,,0,,,,,1004,1004,0,2,3,0,3,3,1,0,1,9,10,11,1,0,2,0,1,0,133472,0.338,0.59,0.005
125,2.339,1.01,0.001,0.075,0.026,0,0,,0,,,,0,,,,,1004,1004,0,2,3,0,3,3,1,0,1,9,10,11,1,0,2,0,1,0,133472,0.262,0.658,0.006
126,2.604,0.618,0,0.076,0.061,0,0,,0,,,,0,,,,,1004,1004,0,2,3,0,3,3,1,0,1,9,10,11,1,0,2,0,1,0,133472,0.271,1.236,0.014
127,1.631,0.001,0,0.058,0.032,0,0,,0,,,,0,,,,,1004,1004,0,2,3,0,3,3,1,0,1,9,10,11,1,0,2,0,1,0,133472,0.439,0.802,0.008
128,1.619,0,0,0.043,0.025,0,0,,0,,,,0,,,,,1004,1004,0,2,3,0,3,3,1,0,1,9,10,11,1,0,2,0,1,0,133472,0.39,0.879,0.008
129,2.707,1.212,0,0.041,0.037,0,0,,0,,,,0,,,,,1004,1004,0,2,3,0,3,3,1,0,1,9,10,11,1,0,2,0,1,0,133472,0.375,0.78,0.01
130,2.061,0.515,0,0.093,0.053,0,0,,0,,,,0,,,,,1004,1004,0,2,3,0,3,3,1,0,1,9,10,11,1,0,2,0,1,0,133472,0.366,0.696,0.006
131,1.493,0.001,0.001,0.034,0.021,0,0,,0,,,,0,,,,,1004,1004,0,2,3,0,3,3,1,0,1,9,10,11,1,0,2,0,1,0,133472,0.373,0.873,0.006
132,2.01,0.739,0.001,0.096,0.02,0,0,,0,,,,0,,,,,1004,1004,0,2,3,0,3,3,1,0,1,9,10,11,1,0,2,0,1,0,133472,0.327,0.595,0.005
133,2.884,1.393,0,0.078,0.024,0,0,,0,,,,0,,,,,1004,1004,0,2,3,0,3,3,1,0,1,9,10,11,1,0,2,0,1,0,133472,0.369,0.798,0.005
134,1.524,0,0,0.036,0.035,0,0,,0,,,,0,,,,,1004,1004,0,2,3,0,3,3,1,0,1,9,10,11,1,0,2,0,1,0,133472,0.352,0.854,0.011
135,2.116,0.001,0,0.166,0.077,0,0,,0,,,,0,,,,,1004,1004,0,2,3,0,3,3,1,0,1,9,10,11,1,0,2,0,1,0,133472,0.452,0.964,0.012
136,1.989,0.001,0,0.056,0.032,0,0,,0,,,,0,,,,,1004,1004,0,2,3,0,3,3,1,0,1,9,10,11,1,0,2,0,1,0,133472,0.586,0.983,0.01
137,1.67,0.001,0,0.046,0.028,0,0,,0,,,,0,,,,,1004,1004,0,2,3,0,3,3,1,0,1,9,10,11,1,0,2,0,1,0,133472,0.349,1.003,0.009
138,2.167,0.655,0,0.128,0.034,0,0,,0,,,,0,,,,,1004,1004,0,2,3,0,3,3,1,0,1,9,10,11,1,0,2,0,1,0,133472,0.292,0.744,0.008
139,2.639,1.065,0,0.043,0.034,0,0,,0,,,,0,,,,,1004,1004,0,2,3,0,3,3,1,0,1,9,10,11,1,0,2,0,1,0,133472,0.349,0.872,0.035
140,2.368,1.098,0,0.098,0.031,0,0,,0,,,,0,,,,,1004,1004,0,2,3,0,3,3,1,0,1,9,10,11,1,0,2,0,1,0,133472,0.353,0.578,0.005
141,2.996,1.303,0,0.08,0.033,0,0,,0,,,,0,,,,,1004,1004,0,2,3,0,3,3,1,0,1,9,10,11,1,0,2,0,1,0,133472,0.313,0.957,0.012
142,2.332,0.001,0.001,0.054,0.059,0,0,,0,,,,0,,,,,1004,1004,0,2,3,0,3,3,1,0,1,9,10,11,1,0,2,0,1,0,133472,0.571,1.171,0.021
143,1.924,0.001,0.001,0.064,0.058,0,0,,0,,,,0,,,,,1004,1004,0,2,3,0,3,3,1,0,1,9,10,11,1,0,2,0,1,0,133472,0.447,1.005,0.016
144,2.091,0.001,0.001,0.166,0.036,0,0,,0,,,,0,,,,,1004,1004,0,2,3,0,3,3,1,0,1,9,10,11,1,0,2,0,1,0,133472,0.575,0.954,0.012
145,1.465,0.001,0,0.042,0.026,0,0,,0,,,,0,,,,,1004,1004,0,2,3,0,3,3,1,0,1,9,10,11,1,0,2,0,1,0,133472,0.372,0.816,0.005
146,1.488,0,0,0.036,0.02,0,0,,0,,,,0,,,,,1004,1004,0,2,3,0,3,3,1,0,1,9,10,11,1,0,2,0,1,0,133472,0.372,0.868,0.007
147,1.61,0.001,0,0.036,0.023,0,0,,0,,,,0,,,,,1004,1004,0,2,3,0,3,3,1,0,1,9,10,11,1,0,2,0,1,0,133472,0.381,0.951,0.009
148,1.81,0.001,0,0.047,0.027,0,0,,0,,,,0,,,,,1004,1004,0,2,3,0,3,3,1,0,1,9,10,11,1,0,2,0,1,0,133472,0.458,1.045,0.007
149,1.524,0,0,0.042,0.027,0,0,,0,,,,0,,,,,1004,1004,0,2,3,0,3,3,1,0,1,9,10,11,1,0,2,0,1,0,133472,0.376,0.871,0.005
150,1.493,0.001,0,0.049,0.026,0,0,,1,265.625,231579648,288473088,1,71217344,71217344,167755776,38823561584,1004,1004,0,2,3,0,3,3,1,0,1,9,10,11,1,0,2,0,1,0,133472,0.37,0.852,0.006
151,1.864,0,0,0.043,0.04,0,0,,0,,,,0,,,,,1004,1004,0,2,3,0,3,3,1,0,1,9,10,11,1,0,2,0,1,0,133472,0.393,1.106,0.016
152,1.886,0.001,0.001,0.053,0.031,0,0,,0,,,,0,,,,,1004,1004,0,2,3,0,3,3,1,0,1,9,10,11,1,0,2,0,1,0,133472,0.413,1.086,0.017
153,4.039,2.159,0,0.054,0.06,0,0,,0,,,,0,,,,,1004,1004,0,2,3,0,3,3,1,0,1,9,10,11,1,0,2,0,1,0,133472,0.428,0.939,0.018
154,2.584,0.839,0.001,0.051,0.04,0,0,,0,,,,0,,,,,1004,1004,0,2,3,0,3,3,1,0,1,9,10,11,1,0,2,0,1,0,133472,0.367,0.949,0.011
155,2.665,0.835,0.001,0.099,0.032,0,0,,0,,,,0,,,,,1004,1004,0,2,3,0,3,3,1,0,1,9,10,11,1,0,2,0,1,0,133472,0.407,0.85,0.014
156,2.168,0.776,0,0.088,0.027,0,0,,0,,,,0,,,,,1004,1004,0,2,3,0,3,3,1,0,1,9,10,11,1,0,2,0,1,0,133472,0.345,0.675,0.006
157,3.191,1.251,0,0.163,0.119,0,0,,0,,,,0,,,,,1004,1004,0,2,3,0,3,3,1,0,1,9,10,11,1,0,2,0,1,0,133472,0.388,0.924,0.017
158,3.065,0.39,0.001,0.104,0.046,0,0,,0,,,,0,,,,,1004,1004,0,2,3,0,3,3,1,0,1,9,10,11,1,0,2,0,1,0,133472,0.533,1.468,0.021
159,2.884,1.189,0.001,0.075,0.037,0,0,,0,,,,0,,,,,1004,1004,0,2,3,0,3,3,1,0,1,9,10,11,1,0,2,0,1,0,133472,0.412,0.889,0.01
160,2.208,0.617,0,0.047,0.048,0,0,,0,,,,0,,,,,1004,1004,0,2,3,0,3,3,1,0,1,9,10,11,1,0,2,0,1,0,133472,0.362,0.844,0.012
161,2.435,0.745,0,0.092,0.028,0,0,,0,,,,0,,,,,1004,1004,0,2,3,0,3,3,1,0,1,9,10,11,1,0,2,0,1,0,133472,0.403,0.837,0.007
162,2.044,0.554,0,0.113,0.032,0,0,,0,,,,0,,,,,1004,1004,0,2,3,0,3,3,1,0,1,9,10,11,1,0,2,0,1,0,133472,0.366,0.724,0.006
163,2.535,0.741,0,0.088,0.033,0,0,,0,,,,0,,,,,1004,1004,0,2,3,0,3,3,1,0,1,9,10,11,1,0,2,0,1,0,133472,0.437,0.893,0.007
164,2.442,0.391,0,0.094,0.045,0,0,,0,,,,0,,,,,1004,1004,0,2,3,0,3,3,1,0,1,9,10,11,1,0,2,0,1,0,133472,0.375,1.06,0.017
165,2.838,0.969,0,0.064,0.042,0,0,,0,,,,0,,,,,1004,1004,0,2,3,0,3,3,1,0,1,9,10,11,1,0,2,0,1,0,133472,0.445,0.942,0.022
166,3.242,1.675,0,0.141,0.037,0,0,,0,,,,0,,,,,1004,1004,0,2,3,0,3,3,1,0,1,9,10,11,1,0,2,0,1,0,133472,0.36,0.714,0.009
167,2.458,0.831,0,0.089,0.032,0,0,,0,,,,0,,,,,1004,1004,0,2,3,0,3,3,1,0,1,9,10,11,1,0,2,0,1,0,133472,0.336,0.785,0.007
168,2.484,0.886,0,0.135,0.032,0,0,,0,,,,0,,,,,1004,1004,0,2,3,0,3,3,1,0,1,9,10,11,1,0,2,0,1,0,133472,0.31,0.806,0.006
169,2.461,0.915,0,0.132,0.033,0,0,,0,,,,0,,,,,1004,1004,0,2,3,0,3,3,1,0,1,9,10,11,1,0,2,0,1,0,133472,0.329,0.773,0.008
170,4.412,0.968,0.001,0.086,0.101,0,0,,0,,,,0,,,,,1004,1004,0,2,3,0,3,3,1,0,1,9,10,11,1,0,2,0,1,0,133472,1.079,1.305,0.022
171,2.076,0.002,0,0.085,0.046,0,0,,0,,,,0,,,,,1004,1004,0,2,3,0,3,3,1,0,1,9,10,11,1,0,2,0,1,0,133472,0.488,1.106,0.017
172,4.441,2.815,0,0.116,0.035,0,0,,0,,,,0,,,,,1004,1004,0,2,3,0,3,3,1,0,1,9,10,11,1,0,2,0,1,0,133472,0.355,0.75,0.009
173,2.534,1.013,0,0.084,0.032,0,0,,0,,,,0,,,,,1004,1004,0,2,3,0,3,3,1,0,1,9,10,11,1,0,2,0,1,0,133472,0.361,0.718,0.006
174,2.522,1.227,0,0.082,0.027,0,0,,0,,,,0,,,,,1004,1004,0,2,3,0,3,3,1,0,1,9,10,11,1,0,2,0,1,0,133472,0.288,0.642,0.005
175,3.231,1.356,0,0.097,0.046,0,0,,0,,,,0,,,,,1004,1004,0,2,3,0,3,3,1,0,1,9,10,11,1,0,2,0,1,0,133472,0.36,0.979,0.014
176,2.848,1.049,0,0.057,0.041,0,0,,0,,,,0,,,,,1004,1004,0,2,3,0,3,3,1,0,1,9,10,11,1,0,2,0,1,0,133472,0.429,0.956,0.015
177,3.062,1.341,0,0.108,0.028,0,0,,0,,,,0,,,,,1004,1004,0,2,3,0,3,3,1,0,1,9,10,11,1,0,2,0,1,0,133472,0.358,0.877,0.011
178,2.431,0.867,0.001,0.107,0.029,0,0,,0,,,,0,,,,,1004,1004,0,2,3,0,3,3,1,0,1,9,10,11,1,0,2,0,1,0,133472,0.369,0.72,0.007
179,2.758,1.125,0,0.15,0.03,0,0,,0,,,,0,,,,,1004,1004,0,2,3,0,3,3,1,0,1,9,10,11,1,0,2,0,1,0,133472,0.424,0.711,0.006
180,2.694,1.209,0.001,0.036,0.025,0,0,,1,328.125,231587840,288473088,1,71217344,71217344,167755776,38823561584,1004,1004,0,2,3,0,3,3,1,0,1,9,10,11,1,0,2,0,1,0,133472,0.334,0.905,0.007
181,3.143,0.849,0,0.214,0.036,0,0,,0,,,,0,,,,,1004,1004,0,2,3,0,3,3,1,0,1,9,10,11,1,0,2,0,1,0,133472,0.577,1.053,0.014
182,2.446,0.663,0.001,0.083,0.041,0,0,,0,,,,0,,,,,1004,1004,0,2,3,0,3,3,1,0,1,9,10,11,1,0,2,0,1,0,133472,0.504,0.837,0.009
183,2.632,0.82,0,0.137,0.031,0,0,,0,,,,0,,,,,1004,1004,0,2,3,0,3,3,1,0,1,9,10,11,1,0,2,0,1,0,133472,0.43,0.864,0.008
184,2.507,1.12,0,0.134,0.031,0,0,,0,,,,0,,,,,1004,1004,0,2,3,0,3,3,1,0,1,9,10,11,1,0,2,0,1,0,133472,0.338,0.634,0.006
185,9.067,7.04,0.001,0.112,0.045,0,0,,0,,,,0,,,,,1004,1004,0,2,3,0,3,3,1,0,1,9,10,11,1,0,2,0,1,0,133472,0.449,0.938,0.015
186,8.614,6.331,0.001,0.143,0.058,0,0,,0,,,,0,,,,,1004,1004,0,2,3,0,3,3,1,0,1,9,10,11,1,0,2,0,1,0,133472,0.511,1.126,0.019
187,1.959,0.001,0,0.057,0.031,0,0,,0,,,,0,,,,,1004,1004,0,2,3,0,3,3,1,0,1,9,10,11,1,0,2,0,1,0,133472,0.477,1.108,0.009
188,3.093,1.074,0,0.064,0.044,0,0,,0,,,,0,,,,,1004,1004,0,2,3,0,3,3,1,0,1,9,10,11,1,0,2,0,1,0,133472,0.543,0.999,0.011
189,2.54,0.306,0,0.076,0.047,0,0,,0,,,,0,,,,,1004,1004,0,2,3,0,3,3,1,0,1,9,10,11,1,0,2,0,1,0,133472,0.63,1.03,0.031
190,1.964,0.146,0,0.057,0.04,0,0,,0,,,,0,,,,,1004,1004,0,2,3,0,3,3,1,0,1,9,10,11,1,0,2,0,1,0,133472,0.51,0.892,0.01
191,3.842,2.442,0.001,0.102,0.026,0,0,,0,,,,0,,,,,1004,1004,0,2,3,0,3,3,1,0,1,9,10,11,1,0,2,0,1,0,133472,0.397,0.574,0.007
192,2.653,0.977,0,0.078,0.026,0,0,,0,,,,0,,,,,1004,1004,0,2,3,0,3,3,1,0,1,9,10,11,1,0,2,0,1,0,133472,0.342,0.926,0.008
193,3.161,1.483,0,0.074,0.041,0,0,,0,,,,0,,,,,1004,1004,0,2,3,0,3,3,1,0,1,9,10,11,1,0,2,0,1,0,133472,0.523,0.765,0.009
194,2.572,0.807,0,0.096,0.048,0,0,,0,,,,0,,,,,1004,1004,0,2,3,0,3,3,1,0,1,9,10,11,1,0,2,0,1,0,133472,0.433,0.829,0.009
195,3.057,0.938,0,0.062,0.052,0,0,,0,,,,0,,,,,1004,1004,0,2,3,0,3,3,1,0,1,9,10,11,1,0,2,0,1,0,133472,0.589,1.018,0.018
196,2.559,0.728,0,0.06,0.035,0,0,,0,,,,0,,,,,1004,1004,0,2,3,0,3,3,1,0,1,9,10,11,1,0,2,0,1,0,133472,0.445,0.941,0.01
197,4.309,2.41,0,0.076,0.042,0,0,,0,,,,0,,,,,1004,1004,0,2,3,0,3,3,1,0,1,9,10,11,1,0,2,0,1,0,133472,0.434,1.013,0.011
198,3.172,0.326,0,0.071,0.05,0,0,,0,,,,0,,,,,1004,1004,0,2,3,0,3,3,1,0,1,9,10,11,1,0,2,0,1,0,133472,0.44,1.734,0.084
199,10.289,7.938,0.001,0.075,0.099,0,0,,0,,,,0,,,,,1004,1004,0,2,3,0,3,3,1,0,1,9,10,11,1,0,2,0,1,0,133472,0.502,1.212,0.018
200,31.998,29.444,0.001,0.071,0.054,0,0,,0,,,,0,,,,,1004,1004,0,2,3,0,3,3,1,0,1,9,10,11,1,0,2,0,1,0,133472,0.514,1.187,0.024
201,31.671,29.356,0.001,0.162,0.061,0,0,,0,,,,0,,,,,1004,1004,0,2,3,0,3,3,1,0,1,9,10,11,1,0,2,0,1,0,133472,0.502,1.136,0.017
202,23.384,19.744,0.001,0.102,0.063,0,0,,0,,,,0,,,,,1004,1004,0,2,3,0,3,3,1,0,1,9,10,11,1,0,2,0,1,0,133472,0.758,1.968,0.032
203,31.741,27.928,0,0.074,0.086,0,0,,0,,,,0,,,,,1004,1004,0,2,3,0,3,3,1,0,1,9,10,11,1,0,2,0,1,0,133472,0.761,2.181,0.034
204,30.93,27.087,0.001,0.101,0.084,0,0,,0,,,,0,,,,,1004,1004,0,2,3,0,3,3,1,0,1,9,10,11,1,0,2,0,1,0,133472,0.763,2.181,0.051
205,12.652,8.723,0.001,0.106,0.078,0,0,,0,,,,0,,,,,1004,1004,0,2,3,0,3,3,1,0,1,9,10,11,1,0,2,0,1,0,133472,0.799,2.127,0.035
206,16.541,12.594,0,0.11,0.084,0,0,,0,,,,0,,,,,1004,1004,0,2,3,0,3,3,1,0,1,9,10,11,1,0,2,0,1,0,133472,0.755,2.293,0.035
207,15.316,11.667,0.001,0.108,0.13,0,0,,0,,,,0,,,,,1004,1004,0,2,3,0,3,3,1,0,1,9,10,11,1,0,2,0,1,0,133472,0.76,1.939,0.034
208,13.15,9.673,0.001,0.17,0.077,0,0,,0,,,,0,,,,,1004,1004,0,2,3,0,3,3,1,0,1,9,10,11,1,0,2,0,1,0,133472,0.778,1.691,0.027
209,8.218,5.863,0.001,0.094,0.062,0,0,,0,,,,0,,,,,1004,1004,0,2,3,0,3,3,1,0,1,9,10,11,1,0,2,0,1,0,133472,0.52,1.213,0.017
210,11.915,8.317,0.001,0.097,0.093,0,0,,1,390.625,231596032,288473088,1,71217344,71217344,167755776,38823561584,1004,1004,0,2,3,0,3,3,1,0,1,9,10,11,1,0,2,0,1,0,133472,0.715,2.006,0.032
211,8.153,5.731,0.001,0.116,0.061,0,0,,0,,,,0,,,,,1004,1004,0,2,3,0,3,3,1,0,1,9,10,11,1,0,2,0,1,0,133472,0.539,1.207,0.017
212,12.493,8.926,0.001,0.112,0.089,0,0,,0,,,,0,,,,,1004,1004,0,2,3,0,3,3,1,0,1,9,10,11,1,0,2,0,1,0,133472,0.738,1.946,0.033
213,13.147,9.515,0.001,0.099,0.082,0,0,,0,,,,0,,,,,1004,1004,0,2,3,0,3,3,1,0,1,9,10,11,1,0,2,0,1,0,133472,0.724,2.009,0.058
214,15.121,12.346,0.001,0.102,0.063,0,0,,0,,,,0,,,,,1004,1004,0,2,3,0,3,3,1,0,1,9,10,11,1,0,2,0,1,0,133472,0.691,1.291,0.02
215,22.799,20.552,0.001,0.074,0.077,0,0,,0,,,,0,,,,,1004,1004,0,2,3,0,3,3,1,0,1,9,10,11,1,0,2,0,1,0,133472,0.506,1.168,0.017
216,11.715,8.255,0.001,0.096,0.059,0,0,,0,,,,0,,,,,1004,1004,0,2,3,0,3,3,1,0,1,9,10,11,1,0,2,0,1,0,133472,0.707,1.976,0.025
217,19.018,15.508,0,0.107,0.081,0,0,,0,,,,0,,,,,1004,1004,0,2,3,0,3,3,1,0,1,9,10,11,1,0,2,0,1,0,133472,0.732,1.914,0.031
218,16.483,11.793,0.001,0.108,0.248,0,0,,0,,,,0,,,,,1004,1004,0,2,3,0,3,3,1,0,1,9,10,11,1,0,2,0,1,0,133472,0.777,2.264,0.061
219,13.057,9.434,0.001,0.103,0.146,0,0,,0,,,,0,,,,,1004,1004,0,2,3,0,3,3,1,0,1,9,10,11,1,0,2,0,1,0,133472,0.725,1.924,0.033
220,13.03,9.523,0.001,0.1,0.094,0,0,,0,,,,0,,,,,1004,1004,0,2,3,0,3,3,1,0,1,9,10,11,1,0,2,0,1,0,133472,0.74,1.919,0.028
221,9.856,6.168,0,0.106,0.072,0,0,,0,,,,0,,,,,1004,1004,0,2,3,0,3,3,1,0,1,9,10,11,1,0,2,0,1,0,133472,0.775,2.009,0.031
222,14.441,11.025,0,0.107,0.083,0,0,,0,,,,0,,,,,1004,1004,0,2,3,0,3,3,1,0,1,9,10,11,1,0,2,0,1,0,133472,0.728,1.847,0.025
223,25.211,21.72,0.001,0.106,0.086,0,0,,0,,,,0,,,,,1004,1004,0,2,3,0,3,3,1,0,1,9,10,11,1,0,2,0,1,0,133472,0.707,1.942,0.029
224,8.898,5.613,0,0.099,0.065,0,0,,0,,,,0,,,,,1004,1004,0,2,3,0,3,3,1,0,1,9,10,11,1,0,2,0,1,0,133472,0.642,1.864,0.028
225,12.746,9.231,0.001,0.092,0.083,0,0,,0,,,,0,,,,,1004,1004,0,2,3,0,3,3,1,0,1,9,10,11,1,0,2,0,1,0,133472,0.675,1.982,0.03
226,18.417,14.05,0.001,0.101,0.819,0,0,,0,,,,0,,,,,1004,1004,0,2,3,0,3,3,1,0,1,9,10,11,1,0,2,0,1,0,133472,0.765,1.972,0.03
227,13.224,9.621,0.001,0.101,0.11,0,0,,0,,,,0,,,,,1004,1004,0,2,3,0,3,3,1,0,1,9,10,11,1,0,2,0,1,0,133472,0.752,1.961,0.033
228,19.866,16.648,0.001,0.104,0.075,0,0,,0,,,,0,,,,,1004,1004,0,2,3,0,3,3,1,0,1,9,10,11,1,0,2,0,1,0,133472,0.697,1.722,0.027
229,14.661,11.132,0.001,0.097,0.085,0,0,,0,,,,0,,,,,1004,1004,0,2,3,0,3,3,1,0,1,9,10,11,1,0,2,0,1,0,133472,0.7,2.001,0.03
230,12.99,9.92,0.001,0.09,0.085,0,0,,0,,,,0,,,,,1004,1004,0,2,3,0,3,3,1,0,1,9,10,11,1,0,2,0,1,0,133472,0.637,1.675,0.028
231,11.454,9.38,0.001,0.08,0.063,0,0,,0,,,,0,,,,,1004,1004,0,2,3,0,3,3,1,0,1,9,10,11,1,0,2,0,1,0,133472,0.457,1.052,0.016
232,10.942,7.446,0.001,0.1,0.076,0,0,,0,,,,0,,,,,1004,1004,0,2,3,0,3,3,1,0,1,9,10,11,1,0,2,0,1,0,133472,0.757,1.923,0.03
233,14.006,10.836,0,0.09,0.087,0,0,,0,,,,0,,,,,1004,1004,0,2,3,0,3,3,1,0,1,9,10,11,1,0,2,0,1,0,133472,0.633,1.788,0.028
234,10.833,8.239,0,0.096,0.054,0,0,,0,,,,0,,,,,1004,1004,0,2,3,0,3,3,1,0,1,9,10,11,1,0,2,0,1,0,133472,0.714,1.13,0.024
235,10.985,7.814,0.001,0.1,0.092,0,0,,0,,,,0,,,,,1004,1004,0,2,3,0,3,3,1,0,1,9,10,11,1,0,2,0,1,0,133472,0.654,1.725,0.03
236,13.163,9.04,0.001,0.109,0.182,0,0,,0,,,,0,,,,,1004,1004,0,2,3,0,3,3,1,0,1,9,10,11,1,0,2,0,1,0,133472,0.754,2.277,0.036
237,13.609,9.918,0.001,0.136,0.091,0,0,,0,,,,0,,,,,1004,1004,0,2,3,0,3,3,1,0,1,9,10,11,1,0,2,0,1,0,133472,0.754,1.994,0.033
238,11.945,8.738,0.001,0.101,0.09,0,0,,0,,,,0,,,,,1004,1004,0,2,3,0,3,3,1,0,1,9,10,11,1,0,2,0,1,0,133472,0.684,1.711,0.026
239,10.072,6.272,0.001,0.155,0.076,0,0,,0,,,,0,,,,,1004,1004,0,2,3,0,3,3,1,0,1,9,10,11,1,0,2,0,1,0,133472,0.785,2.053,0.034
240,11.159,8.589,0.001,0.076,0.061,0,0,,1,515.625,231604224,288473088,1,71217344,71217344,167755776,38823561584,1004,1004,0,2,3,0,3,3,1,0,1,9,10,11,1,0,2,0,1,0,133472,0.611,1.37,0.019
241,10.091,6.503,0.001,0.123,0.096,0,0,,0,,,,0,,,,,1004,1004,0,2,3,0,3,3,1,0,1,9,10,11,1,0,2,0,1,0,133472,0.725,1.98,0.031
242,22.888,19.724,0,0.092,0.085,0,0,,0,,,,0,,,,,1004,1004,0,2,3,0,3,3,1,0,1,9,10,11,1,0,2,0,1,0,133472,0.668,1.707,0.028
243,13.158,11.053,0.001,0.07,0.06,0,0,,0,,,,0,,,,,1004,1004,0,2,3,0,3,3,1,0,1,9,10,11,1,0,2,0,1,0,133472,0.505,1.061,0.016
244,14.968,11.769,0,0.063,0.099,0,0,,0,,,,0,,,,,1004,1004,0,2,3,0,3,3,1,0,1,9,10,11,1,0,2,0,1,0,133472,0.664,1.895,0.031
245,8.773,5.974,0,0.101,0.075,0,0,,0,,,,0,,,,,1004,1004,0,2,3,0,3,3,1,0,1,9,10,11,1,0,2,0,1,0,133472,0.593,1.479,0.017
246,18.348,15.081,0.001,0.088,0.065,0,0,,0,,,,0,,,,,1004,1004,0,2,3,0,3,3,1,0,1,9,10,11,1,0,2,0,1,0,133472,0.702,1.82,0.027
247,15.636,12.4,0.001,0.097,0.074,0,0,,0,,,,0,,,,,1004,1004,0,2,3,0,3,3,1,0,1,9,10,11,1,0,2,0,1,0,133472,0.702,1.767,0.026
248,12.905,10.136,0.001,0.099,0.056,0,0,,0,,,,0,,,,,1004,1004,0,2,3,0,3,3,1,0,1,9,10,11,1,0,2,0,1,0,133472,0.805,1.191,0.026
249,13.819,11.474,0.001,0.074,0.068,0,0,,0,,,,0,,,,,1004,1004,0,2,3,0,3,3,1,0,1,9,10,11,1,0,2,0,1,0,133472,0.58,1.12,0.017
250,14.036,10.479,0.001,0.108,0.1,0,0,,0,,,,0,,,,,1004,1004,0,2,3,0,3,3,1,0,1,9,10,11,1,0,2,0,1,0,133472,0.736,1.948,0.03
251,8.975,5.418,0.001,0.099,0.087,0,0,,0,,,,0,,,,,1004,1004,0,2,3,0,3,3,1,0,1,9,10,11,1,0,2,0,1,0,133472,0.705,2.017,0.032
252,12.049,8.624,0.001,0.101,0.103,0,0,,0,,,,0,,,,,1004,1004,0,2,3,0,3,3,1,0,1,9,10,11,1,0,2,0,1,0,133472,0.697,1.873,0.033
253,9.393,5.753,0.001,0.102,0.107,0,0,,0,,,,0,,,,,1004,1004,0,2,3,0,3,3,1,0,1,9,10,11,1,0,2,0,1,0,133472,0.76,1.98,0.032
254,15.27,11.79,0,0.101,0.092,0,0,,0,,,,0,,,,,1004,1004,0,2,3,0,3,3,1,0,1,9,10,11,1,0,2,0,1,0,133472,0.7,1.917,0.03
255,27.053,23.913,0,0.09,0.08,0,0,,0,,,,0,,,,,1004,1004,0,2,3,0,3,3,1,0,1,9,10,11,1,0,2,0,1,0,133472,0.622,1.726,0.024
256,16.522,13.071,0.001,0.099,0.087,0,0,,0,,,,0,,,,,1004,1004,0,2,3,0,3,3,1,0,1,9,10,11,1,0,2,0,1,0,133472,0.728,1.91,0.028
257,15.989,12.894,0,0.091,0.081,0,0,,0,,,,0,,,,,1004,1004,0,2,3,0,3,3,1,0,1,9,10,11,1,0,2,0,1,0,133472,0.578,1.778,0.029
258,15.025,12.002,0.001,0.091,0.08,0,0,,0,,,,0,,,,,1004,1004,0,2,3,0,3,3,1,0,1,9,10,11,1,0,2,0,1,0,133472,0.633,1.644,0.028
259,15.615,12.401,0.001,0.097,0.098,0,0,,0,,,,0,,,,,1004,1004,0,2,3,0,3,3,1,0,1,9,10,11,1,0,2,0,1,0,133472,0.666,1.742,0.03
260,17.889,15.231,0,0.098,0.242,0,0,,0,,,,0,,,,,1004,1004,0,2,3,0,3,3,1,0,1,9,10,11,1,0,2,0,1,0,133472,0.532,1.107,0.016
261,16.545,14.564,0,0.065,0.073,0,0,,0,,,,0,,,,,1004,1004,0,2,3,0,3,3,1,0,1,9,10,11,1,0,2,0,1,0,133472,0.427,1.037,0.016
262,18.56,15.182,0.001,0.093,0.085,0,0,,0,,,,0,,,,,1004,1004,0,2,3,0,3,3,1,0,1,9,10,11,1,0,2,0,1,0,133472,0.645,1.949,0.029
263,15.694,12.428,0,0.09,0.085,0,0,,0,,,,0,,,,,1004,1004,0,2,3,0,3,3,1,0,1,9,10,11,1,0,2,0,1,0,133472,0.635,1.845,0.03
264,18.544,14.702,0,0.106,0.102,0,0,,0,,,,0,,,,,1004,1004,0,2,3,0,3,3,1,0,1,9,10,11,1,0,2,0,1,0,133472,0.73,2.212,0.034
265,15.235,12.687,0.001,0.072,0.063,0,0,,0,,,,0,,,,,1004,1004,0,2,3,0,3,3,1,0,1,9,10,11,1,0,2,0,1,0,133472,0.527,1.155,0.017
266,16.983,13.702,0.001,0.089,0.086,0,0,,0,,,,0,,,,,1004,1004,0,2,3,0,3,3,1,0,1,9,10,11,1,0,2,0,1,0,133472,0.709,1.813,0.029
267,16.016,12.607,0.001,0.1,0.088,0,0,,0,,,,0,,,,,1004,1004,0,2,3,0,3,3,1,0,1,9,10,11,1,0,2,0,1,0,133472,0.587,1.959,0.037
268,18.064,13.88,0.001,0.101,0.105,0,0,,0,,,,0,,,,,1004,1004,0,2,3,0,3,3,1,0,1,9,10,11,1,0,2,0,1,0,133472,0.71,2.593,0.034
269,15.727,12.548,0,0.067,0.107,0,0,,0,,,,0,,,,,1004,1004,0,2,3,0,3,3,1,0,1,9,10,11,1,0,2,0,1,0,133472,0.573,1.9,0.034
270,3.355,0.001,0,0.097,0.084,0,0,,1,671.875,231612416,288473088,1,71217344,71217344,167755776,38823561584,1004,1004,0,2,3,0,3,3,1,0,1,9,10,11,1,0,2,0,1,0,133472,0.741,1.872,0.028
271,5.434,1.867,0.001,0.116,0.076,0,0,,0,,,,0,,,,,1004,1004,0,2,3,0,3,3,1,0,1,9,10,11,1,0,2,0,1,0,133472,0.822,1.853,0.024
272,7.696,4.456,0.001,0.1,0.083,0,0,,0,,,,0,,,,,1004,1004,0,2,3,0,3,3,1,0,1,9,10,11,1,0,2,0,1,0,133472,0.68,1.818,0.032
273,14.967,12.159,0.001,0.071,0.081,0,0,,0,,,,0,,,,,1004,1004,0,2,3,0,3,3,1,0,1,9,10,11,1,0,2,0,1,0,133472,0.473,1.626,0.03
274,3.133,0.06,0,0.087,0.049,0,0,,0,,,,0,,,,,1004,1004,0,2,3,0,3,3,1,0,1,9,10,11,1,0,2,0,1,0,133472,0.694,1.737,0.024
275,5.538,2.896,0.001,0.07,0.045,0,0,,0,,,,0,,,,,1004,1004,0,2,3,0,3,3,1,0,1,9,10,11,1,0,2,0,1,0,133472,0.568,1.534,0.02
276,2.25,0.001,0,0.062,0.041,0,0,,0,,,,0,,,,,1004,1004,0,2,3,0,3,3,1,0,1,9,10,11,1,0,2,0,1,0,133472,0.49,1.316,0.015
277,2.981,0.624,0,0.058,0.041,0,0,,0,,,,0,,,,,1004,1004,0,2,3,0,3,3,1,0,1,9,10,11,1,0,2,0,1,0,133472,0.569,1.327,0.017
278,3.194,0.301,0,0.083,0.069,0,0,,0,,,,0,,,,,1004,1004,0,2,3,0,3,3,1,0,1,9,10,11,1,0,2,0,1,0,133472,0.527,1.727,0.03
279,2.824,0.001,0,0.08,0.051,0,0,,0,,,,0,,,,,1004,1004,0,2,3,0,3,3,1,0,1,9,10,11,1,0,2,0,1,0,133472,0.648,1.611,0.016
280,2.347,0.001,0,0.067,0.031,0,0,,0,,,,0,,,,,1004,1004,0,2,3,0,3,3,1,0,1,9,10,11,1,0,2,0,1,0,133472,0.546,1.332,0.012
281,12.441,9.401,0.001,0.126,0.073,0,0,,0,,,,0,,,,,1004,1004,0,2,3,0,3,3,1,0,1,9,10,11,1,0,2,0,1,0,133472,0.701,1.564,0.025
282,2.146,0.001,0.001,0.07,0.031,0,0,,0,,,,0,,,,,1004,1004,0,2,3,0,3,3,1,0,1,9,10,11,1,0,2,0,1,0,133472,0.498,1.196,0.012
283,5.213,3.091,0,0.096,0.084,0,0,,0,,,,0,,,,,1004,1004,0,2,3,0,3,3,1,0,1,9,10,11,1,0,2,0,1,0,133472,0.416,0.849,0.01
284,4.173,1.539,0.001,0.074,0.057,0,0,,0,,,,0,,,,,1004,1004,0,2,3,0,3,3,1,0,1,9,10,11,1,0,2,0,1,0,133472,0.356,1.356,0.03
285,2.148,0.332,0.001,0.081,0.057,0,0,,0,,,,0,,,,,1004,1004,0,2,3,0,3,3,1,0,1,9,10,11,1,0,2,0,1,0,133472,0.387,0.847,0.013
286,3.532,0.765,0.001,0.106,0.06,0,0,,0,,,,0,,,,,1004,1004,0,2,3,0,3,3,1,0,1,9,10,11,1,0,2,0,1,0,133472,0.633,1.49,0.027
287,2.087,0.002,0,0.071,0.032,0,0,,0,,,,0,,,,,1004,1004,0,2,3,0,3,3,1,0,1,9,10,11,1,0,2,0,1,0,133472,0.47,1.159,0.015
288,29.305,26.324,0,0.071,0.077,0,0,,0,,,,0,,,,,1004,1004,0,2,3,0,3,3,1,0,1,9,10,11,1,0,2,0,1,0,133472,0.446,1.915,0.024
289,2.551,0.001,0.001,0.064,0.041,0,0,,0,,,,0,,,,,1004,1004,0,2,3,0,3,3,1,0,1,9,10,11,1,0,2,0,1,0,133472,0.606,1.477,0.018
290,2.088,0,0,0.057,0.026,0,0,,0,,,,0,,,,,1004,1004,0,2,3,0,3,3,1,0,1,9,10,11,1,0,2,0,1,0,133472,0.489,1.218,0.01
291,2.408,0.419,0.001,0.07,0.051,0,0,,0,,,,0,,,,,1004,1004,0,2,3,0,3,3,1,0,1,9,10,11,1,0,2,0,1,0,133472,0.414,1.138,0.013
292,2.351,0.001,0,0.049,0.041,0,0,,0,,,,0,,,,,1004,1004,0,2,3,0,3,3,1,0,1,9,10,11,1,0,2,0,1,0,133472,0.564,1.352,0.012
293,2.213,0.001,0,0.045,0.039,0,0,,0,,,,0,,,,,1004,1004,0,2,3,0,3,3,1,0,1,9,10,11,1,0,2,0,1,0,133472,0.365,1.036,0.033
294,9.062,6.773,0.001,0.074,0.052,0,0,,0,,,,0,,,,,1004,1004,0,2,3,0,3,3,1,0,1,9,10,11,1,0,2,0,1,0,133472,0.516,1.186,0.021
295,9.089,7,0,0.066,0.069,0,0,,0,,,,0,,,,,1004,1004,0,2,3,0,3,3,1,0,1,9,10,11,1,0,2,0,1,0,133472,0.38,1.108,0.026
296,2.834,0.061,0,0.062,0.077,0,0,,0,,,,0,,,,,1004,1004,0,2,3,0,3,3,1,0,1,9,10,11,1,0,2,0,1,0,133472,0.524,1.671,0.028
297,3.315,0.278,0,0.108,0.06,0,0,,0,,,,0,,,,,1004,1004,0,2,3,0,3,3,1,0,1,9,10,11,1,0,2,0,1,0,133472,0.685,1.615,0.024
298,3.14,0.002,0,0.079,0.056,0,0,,0,,,,0,,,,,1004,1004,0,2,3,0,3,3,1,0,1,9,10,11,1,0,2,0,1,0,133472,0.666,1.882,0.023
299,11.809,8.46,0.001,0.134,0.083,0,0,,0,,,,0,,,,,1004,1004,0,2,3,0,3,3,1,0,1,9,10,11,1,0,2,0,1,0,133472,0.707,1.862,0.029
300,2.961,0.001,0.001,0.086,0.047,0,0,,1,734.375,231677952,288473088,1,71217344,71217344,167755776,38823561584,1004,1004,0,2,3,0,3,3,1,0,1,9,10,11,1,0,2,0,1,0,133472,0.692,1.679,0.027
301,2.96,0.296,0,0.081,0.087,0,0,,0,,,,0,,,,,1004,1004,0,2,3,0,3,3,1,0,1,9,10,11,1,0,2,0,1,0,133472,0.477,1.545,0.026
302,3.251,0.001,0.001,0.115,0.074,0,0,,0,,,,0,,,,,1004,1004,0,2,3,0,3,3,1,0,1,9,10,11,1,0,2,0,1,0,133472,0.521,2.042,0.02
303,2.276,0.001,0,0.108,0.033,0,0,,0,,,,0,,,,,1004,1004,0,2,3,0,3,3,1,0,1,9,10,11,1,0,2,0,1,0,133472,0.485,1.206,0.013
304,2.878,0,0,0.061,0.085,0,0,,0,,,,0,,,,,1004,1004,0,2,3,0,3,3,1,0,1,9,10,11,1,0,2,0,1,0,133472,0.546,1.491,0.021
305,2.94,0.001,0,0.094,0.051,0,0,,0,,,,0,,,,,1004,1004,0,2,3,0,3,3,1,0,1,9,10,11,1,0,2,0,1,0,133472,0.652,1.673,0.017
306,2.498,0.001,0.001,0.055,0.051,0,0,,0,,,,0,,,,,1004,1004,0,2,3,0,3,3,1,0,1,9,10,11,1,0,2,0,1,0,133472,0.605,1.421,0.017
307,2.982,0,0,0.091,0.046,0,0,,0,,,,0,,,,,1004,1004,0,2,3,0,3,3,1,0,1,9,10,11,1,0,2,0,1,0,133472,0.728,1.694,0.017
308,2.301,0.001,0,0.09,0.04,0,0,,0,,,,0,,,,,1004,1004,0,2,3,0,3,3,1,0,1,9,10,11,1,0,2,0,1,0,133472,0.528,1.305,0.012
309,2.191,0.001,0.001,0.064,0.036,0,0,,0,,,,0,,,,,1004,1004,0,2,3,0,3,3,1,0,1,9,10,11,1,0,2,0,1,0,133472,0.55,1.224,0.01
310,2.128,0,0,0.069,0.039,0,0,,0,,,,0,,,,,1004,1004,0,2,3,0,3,3,1,0,1,9,10,11,1,0,2,0,1,0,133472,0.566,1.145,0.012
311,2.803,0.001,0,0.071,0.054,0,0,,0,,,,0,,,,,1004,1004,0,2,3,0,3,3,1,0,1,9,10,11,1,0,2,0,1,0,133472,0.557,1.712,0.024
312,2.422,0.001,0,0.089,0.033,0,0,,0,,,,0,,,,,1004,1004,0,2,3,0,3,3,1,0,1,9,10,11,1,0,2,0,1,0,133472,0.612,1.287,0.016
313,3.668,1.11,0.001,0.079,0.157,0,0,,0,,,,0,,,,,1004,1004,0,2,3,0,3,3,1,0,1,9,10,11,1,0,2,0,1,0,133472,0.617,1.298,0.013
314,2.171,0,0,0.064,0.046,0,0,,0,,,,0,,,,,1004,1004,0,2,3,0,3,3,1,0,1,9,10,11,1,0,2,0,1,0,133472,0.447,1.285,0.015
315,2.375,0,0,0.085,0.036,0,0,,0,,,,0,,,,,1004,1004,0,2,3,0,3,3,1,0,1,9,10,11,1,0,2,0,1,0,133472,0.537,1.347,0.013
316,2.094,0,0,0.069,0.037,0,0,,0,,,,0,,,,,1004,1004,0,2,3,0,3,3,1,0,1,9,10,11,1,0,2,0,1,0,133472,0.456,1.236,0.011
317,3.298,0,0,0.076,0.15,0,0,,0,,,,0,,,,,1004,1004,0,2,3,0,3,3,1,0,1,9,10,11,1,0,2,0,1,0,133472,0.562,1.91,0.053
318,2.829,0.002,0.001,0.085,0.058,0,0,,0,,,,0,,,,,1004,1004,0,2,3,0,3,3,1,0,1,9,10,11,1,0,2,0,1,0,133472,0.635,1.557,0.02
319,2.705,0,0,0.06,0.05,0,0,,0,,,,0,,,,,1004,1004,0,2,3,0,3,3,1,0,1,9,10,11,1,0,2,0,1,0,133472,0.604,1.561,0.022
320,3.764,1.414,0.001,0.073,0.051,0,0,,0,,,,0,,,,,1004,1004,0,2,3,0,3,3,1,0,1,9,10,11,1,0,2,0,1,0,133472,0.471,1.349,0.014
321,1.833,0.001,0,0.046,0.031,0,0,,0,,,,0,,,,,1004,1004,0,2,3,0,3,3,1,0,1,9,10,11,1,0,2,0,1,0,133472,0.445,1.03,0.011
322,3.096,0.233,0,0.054,0.05,0,0,,0,,,,0,,,,,1004,1004,0,2,3,0,3,3,1,0,1,9,10,11,1,0,2,0,1,0,133472,0.817,1.387,0.011
323,3.213,0,0,0.049,0.078,0,0,,0,,,,0,,,,,1004,1004,0,2,3,0,3,3,1,0,1,9,10,11,1,0,2,0,1,0,133472,0.467,2.209,0.028
324,3.323,0.001,0.001,0.089,0.05,0,0,,0,,,,0,,,,,1004,1004,0,2,3,0,3,3,1,0,1,9,10,11,1,0,2,0,1,0,133472,0.83,1.788,0.016
325,3.403,0.001,0,0.062,0.033,0,0,,0,,,,0,,,,,1004,1004,0,2,3,0,3,3,1,0,1,9,10,11,1,0,2,0,1,0,133472,0.501,2.352,0.012
326,3.011,0.001,0.001,0.056,0.08,0,0,,0,,,,0,,,,,1004,1004,0,2,3,0,3,3,1,0,1,9,10,11,1,0,2,0,1,0,133472,0.524,1.789,0.012
327,4.11,0,0,0.12,0.069,0,0,,0,,,,0,,,,,1004,1004,0,2,3,0,3,3,1,0,1,9,10,11,1,0,2,0,1,0,133472,0.825,2.523,0.046
328,3.529,0,0,0.414,0.144,0,0,,0,,,,0,,,,,1004,1004,0,2,3,0,3,3,1,0,1,9,10,11,1,0,2,0,1,0,133472,0.708,1.704,0.023
329,2.23,0,0.001,0.09,0.042,0,0,,0,,,,0,,,,,1004,1004,0,2,3,0,3,3,1,0,1,9,10,11,1,0,2,0,1,0,133472,0.573,1.074,0.011
330,1.654,0.001,0,0.049,0.027,0,0,,1,812.5,231677952,288473088,1,71217344,71217344,167755776,38823561584,1004,1004,0,2,3,0,3,3,1,0,1,9,10,11,1,0,2,0,1,0,133472,0.428,0.91,0.007
331,2.886,0.001,0,0.047,0.072,0,0,,0,,,,0,,,,,1004,1004,0,2,3,0,3,3,1,0,1,9,10,11,1,0,2,0,1,0,133472,0.565,1.4,0.018
332,2.23,0.001,0,0.11,0.043,0,0,,0,,,,0,,,,,1004,1004,0,2,3,0,3,3,1,0,1,9,10,11,1,0,2,0,1,0,133472,0.499,1.234,0.012
333,2.139,0,0,0.063,0.038,0,0,,0,,,,0,,,,,1004,1004,0,2,3,0,3,3,1,0,1,9,10,11,1,0,2,0,1,0,133472,0.468,1.234,0.011
334,1.931,0,0,0.051,0.026,0,0,,0,,,,0,,,,,1004,1004,0,2,3,0,3,3,1,0,1,9,10,11,1,0,2,0,1,0,133472,0.513,1.067,0.01
335,3.302,0,0,0.062,0.063,0,0,,0,,,,0,,,,,1004,1004,0,2,3,0,3,3,1,0,1,9,10,11,1,0,2,0,1,0,133472,0.748,1.976,0.02
336,2.856,0.001,0.001,0.083,0.059,0,0,,0,,,,0,,,,,1004,1004,0,2,3,0,3,3,1,0,1,9,10,11,1,0,2,0,1,0,133472,0.661,1.639,0.02
337,2.66,0,0,0.084,0.103,0,0,,0,,,,0,,,,,1004,1004,0,2,3,0,3,3,1,0,1,9,10,11,1,0,2,0,1,0,133472,0.462,1.585,0.021
338,2.49,0.001,0.001,0.065,0.044,0,0,,0,,,,0,,,,,1004,1004,0,2,3,0,3,3,1,0,1,9,10,11,1,0,2,0,1,0,133472,0.575,1.413,0.028
339,2.021,0.001,0,0.062,0.034,0,0,,0,,,,0,,,,,1004,1004,0,2,3,0,3,3,1,0,1,9,10,11,1,0,2,0,1,0,133472,0.537,1.073,0.013
340,4.251,0.269,0,0.107,0.566,0,0,,0,,,,0,,,,,1004,1004,0,2,3,0,3,3,1,0,1,9,10,11,1,0,2,0,1,0,133472,0.87,1.851,0.029
341,4.96,1.974,0.001,0.132,0.059,0,0,,0,,,,0,,,,,1004,1004,0,2,3,0,3,3,1,0,1,9,10,11,1,0,2,0,1,0,133472,0.879,1.27,0.022
342,9.558,7.22,0.001,0.092,0.074,0,0,,0,,,,0,,,,,1004,1004,0,2,3,0,3,3,1,0,1,9,10,11,1,0,2,0,1,0,133472,0.459,1.244,0.024
343,12.53,10.599,0.001,0.069,0.062,0,0,,0,,,,0,,,,,1004,1004,0,2,3,0,3,3,1,0,1,9,10,11,1,0,2,0,1,0,133472,0.412,0.984,0.018
344,4.971,2.336,0.001,0.068,0.082,0,0,,0,,,,0,,,,,1004,1004,0,2,3,0,3,3,1,0,1,9,10,11,1,0,2,0,1,0,133472,0.486,1.565,0.026
345,3.57,0.001,0,0.093,0.063,0,0,,0,,,,0,,,,,1004,1004,0,2,3,0,3,3,1,0,1,9,10,11,1,0,2,0,1,0,133472,0.822,1.971,0.038
346,3.07,0.002,0.001,0.101,0.049,0,0,,0,,,,0,,,,,1004,1004,0,2,3,0,3,3,1,0,1,9,10,11,1,0,2,0,1,0,133472,0.682,1.743,0.021
347,3.064,0.001,0,0.078,0.053,0,0,,0,,,,0,,,,,1004,1004,0,2,3,0,3,3,1,0,1,9,10,11,1,0,2,0,1,0,133472,0.678,1.811,0.022
348,3.206,0.001,0,0.095,0.048,0,0,,0,,,,0,,,,,1004,1004,0,2,3,0,3,3,1,0,1,9,10,11,1,0,2,0,1,0,133472,0.774,1.821,0.018
349,2.672,0,0,0.077,0.039,0,0,,0,,,,0,,,,,1004,1004,0,2,3,0,3,3,1,0,1,9,10,11,1,0,2,0,1,0,133472,0.664,1.495,0.014
350,2.752,0,0,0.069,0.062,0,0,,0,,,,0,,,,,1004,1004,0,2,3,0,3,3,1,0,1,9,10,11,1,0,2,0,1,0,133472,0.456,1.739,0.029
351,2.458,0.001,0,0.11,0.034,0,0,,0,,,,0,,,,,1004,1004,0,2,3,0,3,3,1,0,1,9,10,11,1,0,2,0,1,0,133472,0.565,1.306,0.015
352,3.193,1.095,0,0.058,0.047,0,0,,0,,,,0,,,,,1004,1004,0,2,3,0,3,3,1,0,1,9,10,11,1,0,2,0,1,0,133472,0.468,1.165,0.015
353,2.395,0.245,0.001,0.059,0.045,0,0,,0,,,,0,,,,,1004,1004,0,2,3,0,3,3,1,0,1,9,10,11,1,0,2,0,1,0,133472,0.487,1.209,0.013
354,2.09,0.156,0.001,0.075,0.036,0,0,,0,,,,0,,,,,1004,1004,0,2,3,0,3,3,1,0,1,9,10,11,1,0,2,0,1,0,133472,0.458,1.064,0.01
355,2.981,0.815,0.001,0.067,0.048,0,0,,0,,,,0,,,,,1004,1004,0,2,3,0,3,3,1,0,1,9,10,11,1,0,2,0,1,0,133472,0.544,1.159,0.012
356,2.114,0,0,0.066,0.042,0,0,,0,,,,0,,,,,1004,1004,0,2,3,0,3,3,1,0,1,9,10,11,1,0,2,0,1,0,133472,0.432,1.269,0.015
357,2.783,0,0,0.086,0.048,0,0,,0,,,,0,,,,,1004,1004,0,2,3,0,3,3,1,0,1,9,10,11,1,0,2,0,1,0,133472,0.708,1.457,0.02
358,2.278,0.002,0,0.081,0.047,0,0,,0,,,,0,,,,,1004,1004,0,2,3,0,3,3,1,0,1,9,10,11,1,0,2,0,1,0,133472,0.505,1.276,0.014
359,2.532,0.407,0,0.071,0.044,0,0,,0,,,,0,,,,,1004,1004,0,2,3,0,3,3,1,0,1,9,10,11,1,0,2,0,1,0,133472,0.459,1.241,0.013
360,2.808,0.678,0.001,0.071,0.048,0,0,,1,906.25,231677952,288473088,1,71217344,71217344,167755776,38823561584,1004,1004,0,2,3,0,3,3,1,0,1,9,10,11,1,0,2,0,1,0,133472,0.45,1.229,0.014
361,2.403,0.057,0.001,0.067,0.035,0,0,,0,,,,0,,,,,1004,1004,0,2,3,0,3,3,1,0,1,9,10,11,1,0,2,0,1,0,133472,0.525,1.404,0.014
362,2.302,0,0,0.065,0.05,0,0,,0,,,,0,,,,,1004,1004,0,2,3,0,3,3,1,0,1,9,10,11,1,0,2,0,1,0,133472,0.534,1.324,0.014
363,3.288,0,0,0.069,0.099,0,0,,0,,,,0,,,,,1004,1004,0,2,3,0,3,3,1,0,1,9,10,11,1,0,2,0,1,0,133472,0.621,1.945,0.046
364,3.103,0.002,0.001,0.1,0.054,0,0,,0,,,,0,,,,,1004,1004,0,2,3,0,3,3,1,0,1,9,10,11,1,0,2,0,1,0,133472,0.707,1.722,0.022
365,2.527,0,0,0.065,0.041,0,0,,0,,,,0,,,,,1004,1004,0,2,3,0,3,3,1,0,1,9,10,11,1,0,2,0,1,0,133472,0.588,1.462,0.016
366,2.493,0,0,0.064,0.059,0,0,,0,,,,0,,,,,1004,1004,0,2,3,0,3,3,1,0,1,9,10,11,1,0,2,0,1,0,133472,0.531,1.507,0.016
367,3.186,0.001,0,0.078,0.068,0,0,,0,,,,0,,,,,1004,1004,0,2,3,0,3,3,1,0,1,9,10,11,1,0,2,0,1,0,133472,0.698,1.805,0.02
368,3.086,0.003,0,0.065,0.199,0,0,,0,,,,0,,,,,1004,1004,0,2,3,0,3,3,1,0,1,9,10,11,1,0,2,0,1,0,133472,0.596,1.577,0.02
369,3.364,0.003,0.001,0.098,0.075,0,0,,0,,,,0,,,,,1004,1004,0,2,3,0,3,3,1,0,1,9,10,11,1,0,2,0,1,0,133472,0.675,1.892,0.029
370,2.956,0.001,0,0.085,0.047,0,0,,0,,,,0,,,,,1004,1004,0,2,3,0,3,3,1,0,1,9,10,11,1,0,2,0,1,0,133472,0.683,1.675,0.017
371,2.72,0,0,0.063,0.08,0,0,,0,,,,0,,,,,1004,1004,0,2,3,0,3,3,1,0,1,9,10,11,1,0,2,0,1,0,133472,0.537,1.612,0.025
372,5.544,3.132,0.001,0.067,0.054,0,0,,0,,,,0,,,,,1004,1004,0,2,3,0,3,3,1,0,1,9,10,11,1,0,2,0,1,0,133472,0.553,1.342,0.018
373,3.078,0.001,0,0.059,0.078,0,0,,0,,,,0,,,,,1004,1004,0,2,3,0,3,3,1,0,1,9,10,11,1,0,2,0,1,0,133472,0.558,1.934,0.029
374,3.455,0.394,0.001,0.088,0.065,0,0,,0,,,,0,,,,,1004,1004,0,2,3,0,3,3,1,0,1,9,10,11,1,0,2,0,1,0,133472,0.677,1.699,0.023
375,2.654,0.001,0,0.074,0.049,0,0,,0,,,,0,,,,,1004,1004,0,2,3,0,3,3,1,0,1,9,10,11,1,0,2,0,1,0,133472,0.638,1.492,0.015
376,7.443,4.912,0.001,0.077,0.075,0,0,,0,,,,0,,,,,1004,1004,0,2,3,0,3,3,1,0,1,9,10,11,1,0,2,0,1,0,133472,0.537,1.37,0.019
377,3.267,0.002,0,0.068,0.065,0,0,,0,,,,0,,,,,1004,1004,0,2,3,0,3,3,1,0,1,9,10,11,1,0,2,0,1,0,133472,0.791,1.779,0.027
378,2.688,0.001,0,0.079,0.044,0,0,,0,,,,0,,,,,1004,1004,0,2,3,0,3,3,1,0,1,9,10,11,1,0,2,0,1,0,133472,0.621,1.502,0.013
379,2.534,0.001,0.001,0.052,0.041,0,0,,0,,,,0,,,,,1004,1004,0,2,3,0,3,3,1,0,1,9,10,11,1,0,2,0,1,0,133472,0.61,1.473,0.017
380,7.864,5.608,0.001,0.074,0.069,0,0,,0,,,,0,,,,,1004,1004,0,2,3,0,3,3,1,0,1,9,10,11,1,0,2,0,1,0,133472,0.505,1.164,0.02
381,5.842,3.242,0.001,0.073,0.067,0,0,,0,,,,0,,,,,1004,1004,0,2,3,0,3,3,1,0,1,9,10,11,1,0,2,0,1,0,133472,0.566,1.381,0.024
382,2.64,0.355,0,0.082,0.062,0,0,,0,,,,0,,,,,1004,1004,0,2,3,0,3,3,1,0,1,9,10,11,1,0,2,0,1,0,133472,0.516,1.191,0.02
383,2.149,0.001,0,0.061,0.044,0,0,,0,,,,0,,,,,1004,1004,0,2,3,0,3,3,1,0,1,9,10,11,1,0,2,0,1,0,133472,0.494,1.197,0.016
384,2.508,0.05,0,0.067,0.058,0,0,,0,,,,0,,,,,1004,1004,0,2,3,0,3,3,1,0,1,9,10,11,1,0,2,0,1,0,133472,0.58,1.336,0.025
385,2.254,0,0,0.074,0.037,0,0,,0,,,,0,,,,,1004,1004,0,2,3,0,3,3,1,0,1,9,10,11,1,0,2,0,1,0,133472,0.54,1.273,0.016
386,2.495,0,0,0.076,0.077,0,0,,0,,,,0,,,,,1004,1004,0,2,3,0,3,3,1,0,1,9,10,11,1,0,2,0,1,0,133472,0.466,1.421,0.032
387,3.039,0.001,0.001,0.091,0.058,0,0,,0,,,,0,,,,,1004,1004,0,2,3,0,3,3,1,0,1,9,10,11,1,0,2,0,1,0,133472,0.749,1.541,0.024
388,3.304,0.801,0,0.085,0.057,0,0,,0,,,,0,,,,,1004,1004,0,2,3,0,3,3,1,0,1,9,10,11,1,0,2,0,1,0,133472,0.586,1.365,0.019
389,3.02,0.52,0.001,0.055,0.06,0,0,,0,,,,0,,,,,1004,1004,0,2,3,0,3,3,1,0,1,9,10,11,1,0,2,0,1,0,133472,0.51,1.474,0.024
390,2.211,0.001,0,0.074,0.034,0,0,,1,1000,231677952,288473088,1,71217344,71217344,167755776,38823561584,1004,1004,0,2,3,0,3,3,1,0,1,9,10,11,1,0,2,0,1,0,133472,0.512,1.238,0.014
391,8.122,4.834,0,0.078,0.064,0,0,,0,,,,0,,,,,1004,1004,0,2,3,0,3,3,1,0,1,9,10,11,1,0,2,0,1,0,133472,0.615,1.936,0.03
392,2.483,0.069,0,0.095,0.046,0,0,,0,,,,0,,,,,1004,1004,0,2,3,0,3,3,1,0,1,9,10,11,1,0,2,0,1,0,133472,0.547,1.332,0.018
393,2.239,0.001,0.001,0.063,0.046,0,0,,0,,,,0,,,,,1004,1004,0,2,3,0,3,3,1,0,1,9,10,11,1,0,2,0,1,0,133472,0.501,1.315,0.014
394,2.033,0.001,0,0.062,0.029,0,0,,0,,,,0,,,,,1004,1004,0,2,3,0,3,3,1,0,1,9,10,11,1,0,2,0,1,0,133472,0.496,1.168,0.011
395,2.276,0.237,0.001,0.065,0.042,0,0,,0,,,,0,,,,,1004,1004,0,2,3,0,3,3,1,0,1,9,10,11,1,0,2,0,1,0,133472,0.412,1.184,0.011
396,2.854,0.863,0,0.057,0.048,0,0,,0,,,,0,,,,,1004,1004,0,2,3,0,3,3,1,0,1,9,10,11,1,0,2,0,1,0,133472,0.464,1.111,0.011
397,3.111,0.001,0,0.043,0.083,0,0,,0,,,,0,,,,,1004,1004,0,2,3,0,3,3,1,0,1,9,10,11,1,0,2,0,1,0,133472,0.635,1.895,0.031
398,2.748,0.001,0.001,0.09,0.037,0,0,,0,,,,0,,,,,1004,1004,0,2,3,0,3,3,1,0,1,9,10,11,1,0,2,0,1,0,133472,0.704,1.412,0.018
399,2.4,0.001,0,0.054,0.041,0,0,,0,,,,0,,,,,1004,1004,0,2,3,0,3,3,1,0,1,9,10,11,1,0,2,0,1,0,133472,0.511,1.475,0.016
400,2.572,0.001,0,0.063,0.049,0,0,,0,,,,0,,,,,1004,1004,0,2,3,0,3,3,1,0,1,9,10,11,1,0,2,0,1,0,133472,0.582,1.482,0.014
401,2.055,0.001,0,0.08,0.03,0,0,,0,,,,0,,,,,1004,1004,0,2,3,0,3,3,1,0,1,9,10,11,1,0,2,0,1,0,133472,0.481,1.157,0.011
402,1.953,0.012,0.001,0.066,0.033,0,0,,0,,,,0,,,,,1004,1004,0,2,3,0,3,3,1,0,1,9,10,11,1,0,2,0,1,0,133472,0.444,1.1,0.01
403,5.978,2.843,0.001,0.068,0.076,0,0,,0,,,,0,,,,,1004,1004,0,2,3,0,3,3,1,0,1,9,10,11,1,0,2,0,1,0,133472,0.669,1.673,0.027
404,2.34,0.001,0,0.078,0.043,0,0,,0,,,,0,,,,,1004,1004,0,2,3,0,3,3,1,0,1,9,10,11,1,0,2,0,1,0,133472,0.596,1.195,0.017
405,2.859,0.497,0.001,0.063,0.058,0,0,,0,,,,0,,,,,1004,1004,0,2,3,0,3,3,1,0,1,9,10,11,1,0,2,0,1,0,133472,0.496,1.361,0.019
406,2.136,0,0,0.083,0.04,0,0,,0,,,,0,,,,,1004,1004,0,2,3,0,3,3,1,0,1,9,10,11,1,0,2,0,1,0,133472,0.467,1.233,0.013
407,2.725,0.482,0,0.072,0.055,0,0,,0,,,,0,,,,,1004,1004,0,2,3,0,3,3,1,0,1,9,10,11,1,0,2,0,1,0,133472,0.493,1.265,0.014
408,2.158,0.001,0,0.077,0.041,0,0,,0,,,,0,,,,,1004,1004,0,2,3,0,3,3,1,0,1,9,10,11,1,0,2,0,1,0,133472,0.687,0.997,0.01
409,4.396,0.145,0,0.13,0.095,0,0,,0,,,,0,,,,,1004,1004,0,2,3,0,3,3,1,0,1,9,10,11,1,0,2,0,1,0,133472,1.324,2.266,0.031
410,5.648,2.332,0.001,0.084,0.091,0,0,,0,,,,0,,,,,1004,1004,0,2,3,0,3,3,1,0,1,9,10,11,1,0,2,0,1,0,133472,0.771,1.758,0.027
411,8.907,5.924,0,0.069,0.082,0,0,,0,,,,0,,,,,1004,1004,0,2,3,0,3,3,1,0,1,9,10,11,1,0,2,0,1,0,133472,0.424,1.635,0.026
412,12.084,10.082,0,0.072,0.057,0,0,,0,,,,0,,,,,1004,1004,0,2,3,0,3,3,1,0,1,9,10,11,1,0,2,0,1,0,133472,0.382,1.097,0.02
413,2.079,0,0,0.052,0.045,0,0,,0,,,,0,,,,,1004,1004,0,2,3,0,3,3,1,0,1,9,10,11,1,0,2,0,1,0,133472,0.406,1.295,0.016
414,2.848,0,0,0.061,0.05,0,0,,0,,,,0,,,,,1004,1004,0,2,3,0,3,3,1,0,1,9,10,11,1,0,2,0,1,0,133472,0.61,1.744,0.02
415,2.491,0,0.001,0.077,0.038,0,0,,0,,,,0,,,,,1004,1004,0,2,3,0,3,3,1,0,1,9,10,11,1,0,2,0,1,0,133472,0.716,1.243,0.015
416,1.865,0,0,0.063,0.028,0,0,,0,,,,0,,,,,1004,1004,0,2,3,0,3,3,1,0,1,9,10,11,1,0,2,0,1,0,133472,0.431,1.062,0.014
417,2.383,0.279,0.001,0.069,0.053,0,0,,0,,,,0,,,,,1004,1004,0,2,3,0,3,3,1,0,1,9,10,11,1,0,2,0,1,0,133472,0.499,1.127,0.016
418,2.301,0.116,0.001,0.073,0.045,0,0,,0,,,,0,,,,,1004,1004,0,2,3,0,3,3,1,0,1,9,10,11,1,0,2,0,1,0,133472,0.52,1.203,0.015
419,2.018,0.236,0.001,0.071,0.06,0,0,,0,,,,0,,,,,1004,1004,0,2,3,0,3,3,1,0,1,9,10,11,1,0,2,0,1,0,133472,0.359,0.991,0.014
420,2.946,0.631,0.001,0.134,0.047,0,0,,1,1093.75,231677952,288473088,1,71217344,71217344,167755776,38823561584,1004,1004,0,2,3,0,3,3,1,0,1,9,10,11,1,0,2,0,1,0,133472,0.458,1.102,0.013
421,2.887,0,0,0.062,0.079,0,0,,0,,,,0,,,,,1004,1004,0,2,3,0,3,3,1,0,1,9,10,11,1,0,2,0,1,0,133472,0.689,1.673,0.019
422,3.437,0.926,0,0.081,0.064,0,0,,0,,,,0,,,,,1004,1004,0,2,3,0,3,3,1,0,1,9,10,11,1,0,2,0,1,0,133472,0.516,1.385,0.015
423,2.05,0,0,0.067,0.038,0,0,,0,,,,0,,,,,1004,1004,0,2,3,0,3,3,1,0,1,9,10,11,1,0,2,0,1,0,133472,0.468,1.179,0.011
424,2.381,0,0,0.064,0.036,0,0,,0,,,,0,,,,,1004,1004,0,2,3,0,3,3,1,0,1,9,10,11,1,0,2,0,1,0,133472,0.483,1.487,0.014
425,2.293,0.001,0,0.072,0.053,0,0,,0,,,,0,,,,,1004,1004,0,2,3,0,3,3,1,0,1,9,10,11,1,0,2,0,1,0,133472,0.501,1.305,0.026
426,2.433,0.001,0,0.079,0.038,0,0,,0,,,,0,,,,,1004,1004,0,2,3,0,3,3,1,0,1,9,10,11,1,0,2,0,1,0,133472,0.596,1.394,0.012
427,3.023,0,0,0.079,0.126,0,0,,0,,,,0,,,,,1004,1004,0,2,3,0,3,3,1,0,1,9,10,11,1,0,2,0,1,0,133472,0.488,1.88,0.049
428,3.453,0,0,0.096,0.05,0,0,,0,,,,0,,,,,1004,1004,0,2,3,0,3,3,1,0,1,9,10,11,1,0,2,0,1,0,133472,0.788,1.999,0.022
429,2.338,0,0,0.077,0.036,0,0,,0,,,,0,,,,,1004,1004,0,2,3,0,3,3,1,0,1,9,10,11,1,0,2,0,1,0,133472,0.534,1.298,0.014
430,7.715,4.176,0,0.086,0.083,0,0,,0,,,,0,,,,,1004,1004,0,2,3,0,3,3,1,0,1,9,10,11,1,0,2,0,1,0,133472,0.74,2.009,0.032
431,3.392,0.001,0,0.086,0.058,0,0,,0,,,,0,,,,,1004,1004,0,2,3,0,3,3,1,0,1,9,10,11,1,0,2,0,1,0,133472,0.714,1.982,0.027
432,7.644,4.288,0.001,0.116,0.16,0,0,,0,,,,0,,,,,1004,1004,0,2,3,0,3,3,1,0,1,9,10,11,1,0,2,0,1,0,133472,0.667,1.74,0.032
433,11.87,8.453,0.001,0.109,0.078,0,0,,0,,,,0,,,,,1004,1004,0,2,3,0,3,3,1,0,1,9,10,11,1,0,2,0,1,0,133472,0.69,1.845,0.026
434,3.267,0.001,0,0.086,0.063,0,0,,0,,,,0,,,,,1004,1004,0,2,3,0,3,3,1,0,1,9,10,11,1,0,2,0,1,0,133472,0.74,1.865,0.026
435,3.507,0.128,0.001,0.091,0.069,0,0,,0,,,,0,,,,,1004,1004,0,2,3,0,3,3,1,0,1,9,10,11,1,0,2,0,1,0,133472,0.726,1.894,0.034
436,3.927,0.762,0,0.088,0.093,0,0,,0,,,,0,,,,,1004,1004,0,2,3,0,3,3,1,0,1,9,10,11,1,0,2,0,1,0,133472,0.722,1.697,0.039
437,3.526,0.001,0.001,0.085,0.075,0,0,,0,,,,0,,,,,1004,1004,0,2,3,0,3,3,1,0,1,9,10,11,1,0,2,0,1,0,133472,0.784,2.025,0.029
438,5.567,2.117,0.001,0.123,0.094,0,0,,0,,,,0,,,,,1004,1004,0,2,3,0,3,3,1,0,1,9,10,11,1,0,2,0,1,0,133472,0.751,1.866,0.03
439,39.693,37.109,0,0.083,0.069,0,0,,0,,,,0,,,,,1004,1004,0,2,3,0,3,3,1,0,1,9,10,11,1,0,2,0,1,0,133472,0.535,1.356,0.026
440,5.681,2.465,0.001,0.094,0.065,0,0,,0,,,,0,,,,,1004,1004,0,2,3,0,3,3,1,0,1,9,10,11,1,0,2,0,1,0,133472,0.66,1.748,0.029
441,5.747,2.56,0.001,0.091,0.091,0,0,,0,,,,0,,,,,1004,1004,0,2,3,0,3,3,1,0,1,9,10,11,1,0,2,0,1,0,133472,0.714,1.731,0.027
442,2.797,0.001,0.001,0.078,0.05,0,0,,0,,,,0,,,,,1004,1004,0,2,3,0,3,3,1,0,1,9,10,11,1,0,2,0,1,0,133472,0.71,1.503,0.021
443,2.934,0.985,0.001,0.098,0.035,0,0,,0,,,,0,,,,,1004,1004,0,2,3,0,3,3,1,0,1,9,10,11,1,0,2,0,1,0,133472,0.406,0.986,0.011
444,3.482,0.667,0.001,0.098,0.138,0,0,,0,,,,0,,,,,1004,1004,0,2,3,0,3,3,1,0,1,9,10,11,1,0,2,0,1,0,133472,0.676,1.4,0.019
445,3.025,0.002,0,0.082,0.068,0,0,,0,,,,0,,,,,1004,1004,0,2,3,0,3,3,1,0,1,9,10,11,1,0,2,0,1,0,133472,0.707,1.645,0.027
446,7.291,4.42,0.001,0.076,0.076,0,0,,0,,,,0,,,,,1004,1004,0,2,3,0,3,3,1,0,1,9,10,11,1,0,2,0,1,0,133472,0.637,1.55,0.024
447,2.844,0.269,0,0.073,0.066,0,0,,0,,,,0,,,,,1004,1004,0,2,3,0,3,3,1,0,1,9,10,11,1,0,2,0,1,0,133472,0.514,1.471,0.024
448,3.474,0.298,0.001,0.089,0.07,0,0,,0,,,,0,,,,,1004,1004,0,2,3,0,3,3,1,0,1,9,10,11,1,0,2,0,1,0,133472,0.689,1.737,0.02
449,2.4,0,0.001,0.064,0.031,0,0,,0,,,,0,,,,,1004,1004,0,2,3,0,3,3,1,0,1,9,10,11,1,0,2,0,1,0,133472,0.53,1.44,0.014
450,9.633,6.7,0,0.227,0.062,0,0,,1,1203.125,231677952,288473088,1,71217344,71217344,167755776,38823561584,1004,1004,0,2,3,0,3,3,1,0,1,9,10,11,1,0,2,0,1,0,133472,0.675,1.497,0.017
451,2.352,0,0.001,0.086,0.05,0,0,,0,,,,0,,,,,1004,1004,0,2,3,0,3,3,1,0,1,9,10,11,1,0,2,0,1,0,133472,0.474,1.383,0.018
452,2.928,0.016,0,0.085,0.07,0,0,,0,,,,0,,,,,1004,1004,0,2,3,0,3,3,1,0,1,9,10,11,1,0,2,0,1,0,133472,0.649,1.58,0.023
453,2.924,0.3,0,0.066,0.059,0,0,,0,,,,0,,,,,1004,1004,0,2,3,0,3,3,1,0,1,9,10,11,1,0,2,0,1,0,133472,0.6,1.46,0.016
454,7.78,5.299,0,0.089,0.063,0,0,,0,,,,0,,,,,1004,1004,0,2,3,0,3,3,1,0,1,9,10,11,1,0,2,0,1,0,133472,0.507,1.327,0.025
455,2.962,0.334,0,0.067,0.08,0,0,,0,,,,0,,,,,1004,1004,0,2,3,0,3,3,1,0,1,9,10,11,1,0,2,0,1,0,133472,0.523,1.467,0.027
456,3.503,0.083,0,0.099,0.067,0,0,,0,,,,0,,,,,1004,1004,0,2,3,0,3,3,1,0,1,9,10,11,1,0,2,0,1,0,133472,0.713,1.926,0.028
457,16.645,13.157,0.001,0.103,0.087,0,0,,0,,,,0,,,,,1004,1004,0,2,3,0,3,3,1,0,1,9,10,11,1,0,2,0,1,0,133472,0.729,1.903,0.032
458,3.18,0.001,0.001,0.098,0.053,0,0,,0,,,,0,,,,,1004,1004,0,2,3,0,3,3,1,0,1,9,10,11,1,0,2,0,1,0,133472,0.75,1.753,0.022
459,5.104,1.901,0.001,0.091,0.088,0,0,,0,,,,0,,,,,1004,1004,0,2,3,0,3,3,1,0,1,9,10,11,1,0,2,0,1,0,133472,0.697,1.744,0.026
460,2.983,0.002,0.001,0.083,0.054,0,0,,0,,,,0,,,,,1004,1004,0,2,3,0,3,3,1,0,1,9,10,11,1,0,2,0,1,0,133472,0.71,1.648,0.024
461,12.826,9.72,0,0.092,0.09,0,0,,0,,,,0,,,,,1004,1004,0,2,3,0,3,3,1,0,1,9,10,11,1,0,2,0,1,0,133472,0.678,1.633,0.03
462,9.9,6.509,0,0.097,0.079,0,0,,0,,,,0,,,,,1004,1004,0,2,3,0,3,3,1,0,1,9,10,11,1,0,2,0,1,0,133472,0.671,1.915,0.032
463,12.893,9.372,0.001,0.101,0.071,0,0,,0,,,,0,,,,,1004,1004,0,2,3,0,3,3,1,0,1,9,10,11,1,0,2,0,1,0,133472,0.734,1.96,0.032
464,16.941,13.327,0,0.1,0.129,0,0,,0,,,,0,,,,,1004,1004,0,2,3,0,3,3,1,0,1,9,10,11,1,0,2,0,1,0,133472,0.784,1.966,0.026
465,11.671,9.231,0.001,0.085,0.067,0,0,,0,,,,0,,,,,1004,1004,0,2,3,0,3,3,1,0,1,9,10,11,1,0,2,0,1,0,133472,0.503,1.256,0.023
466,2.645,0.424,0.001,0.08,0.044,0,0,,0,,,,0,,,,,1004,1004,0,2,3,0,3,3,1,0,1,9,10,11,1,0,2,0,1,0,133472,0.507,1.235,0.02
467,3.426,1.106,0,0.062,0.039,0,0,,0,,,,0,,,,,1004,1004,0,2,3,0,3,3,1,0,1,9,10,11,1,0,2,0,1,0,133472,0.542,1.277,0.019
468,4.63,2.61,0,0.07,0.041,0,0,,0,,,,0,,,,,1004,1004,0,2,3,0,3,3,1,0,1,9,10,11,1,0,2,0,1,0,133472,0.456,1.133,0.015
469,3.171,0.566,0.001,0.074,0.049,0,0,,0,,,,0,,,,,1004,1004,0,2,3,0,3,3,1,0,1,9,10,11,1,0,2,0,1,0,133472,0.551,1.572,0.015
470,2.194,0.001,0,0.064,0.035,0,0,,0,,,,0,,,,,1004,1004,0,2,3,0,3,3,1,0,1,9,10,11,1,0,2,0,1,0,133472,0.495,1.278,0.015
471,2.526,0.203,0.001,0.076,0.039,0,0,,0,,,,0,,,,,1004,1004,0,2,3,0,3,3,1,0,1,9,10,11,1,0,2,0,1,0,133472,0.506,1.335,0.013
472,3.254,0.274,0,0.076,0.07,0,0,,0,,,,0,,,,,1004,1004,0,2,3,0,3,3,1,0,1,9,10,11,1,0,2,0,1,0,133472,0.652,1.731,0.019
473,3.23,0.346,0,0.095,0.061,0,0,,0,,,,0,,,,,1004,1004,0,2,3,0,3,3,1,0,1,9,10,11,1,0,2,0,1,0,133472,0.664,1.573,0.017
474,6.012,4.423,0,0.082,0.051,0,0,,0,,,,0,,,,,1004,1004,0,2,3,0,3,3,1,0,1,9,10,11,1,0,2,0,1,0,133472,0.34,0.747,0.01
475,14.805,11.795,0.001,0.127,0.092,0,0,,0,,,,0,,,,,1004,1004,0,2,3,0,3,3,1,0,1,9,10,11,1,0,2,0,1,0,133472,0.511,1.782,0.031
476,9.302,6.291,0,0.097,0.067,0,0,,0,,,,0,,,,,1004,1004,0,2,3,0,3,3,1,0,1,9,10,11,1,0,2,0,1,0,133472,0.663,1.731,0.026
477,11.571,9.938,0,0.059,0.052,0,0,,0,,,,0,,,,,1004,1004,0,2,3,0,3,3,1,0,1,9,10,11,1,0,2,0,1,0,133472,0.364,0.822,0.013
478,14.217,11.182,0,0.092,0.071,0,0,,0,,,,0,,,,,1004,1004,0,2,3,0,3,3,1,0,1,9,10,11,1,0,2,0,1,0,133472,0.689,1.575,0.028
479,9.912,6.391,0,0.1,0.075,0,0,,0,,,,0,,,,,1004,1004,0,2,3,0,3,3,1,0,1,9,10,11,1,0,2,0,1,0,133472,0.735,1.862,0.033
480,12.995,9.9,0.001,0.084,0.069,0,0,,1,1312.5,231677952,288473088,1,71217344,71217344,167755776,38823561584,1004,1004,0,2,3,0,3,3,1,0,1,9,10,11,1,0,2,0,1,0,133472,0.705,1.588,0.03
481,15.722,12.72,0.001,0.081,0.085,0,0,,0,,,,0,,,,,1004,1004,0,2,3,0,3,3,1,0,1,9,10,11,1,0,2,0,1,0,133472,0.514,1.693,0.029
482,3.335,0.001,0,0.086,0.058,0,0,,0,,,,0,,,,,1004,1004,0,2,3,0,3,3,1,0,1,9,10,11,1,0,2,0,1,0,133472,0.972,1.692,0.024
483,2.202,0.001,0.001,0.068,0.04,0,0,,0,,,,0,,,,,1004,1004,0,2,3,0,3,3,1,0,1,9,10,11,1,0,2,0,1,0,133472,0.524,1.185,0.017
484,3.318,0.861,0.001,0.061,0.067,0,0,,0,,,,0,,,,,1004,1004,0,2,3,0,3,3,1,0,1,9,10,11,1,0,2,0,1,0,133472,0.501,1.424,0.021
485,2.293,0,0.001,0.065,0.044,0,0,,0,,,,0,,,,,1004,1004,0,2,3,0,3,3,1,0,1,9,10,11,1,0,2,0,1,0,133472,0.573,1.232,0.015
486,2.887,0.508,0,0.07,0.051,0,0,,0,,,,0,,,,,1004,1004,0,2,3,0,3,3,1,0,1,9,10,11,1,0,2,0,1,0,133472,0.624,1.243,0.014
487,2.576,0.001,0,0.075,0.04,0,0,,0,,,,0,,,,,1004,1004,0,2,3,0,3,3,1,0,1,9,10,11,1,0,2,0,1,0,133472,0.501,1.627,0.018
488,2.655,0.001,0,0.075,0.031,0,0,,0,,,,0,,,,,1004,1004,0,2,3,0,3,3,1,0,1,9,10,11,1,0,2,0,1,0,133472,0.71,1.457,0.016
489,3.824,1.586,0,0.06,0.057,0,0,,0,,,,0,,,,,1004,1004,0,2,3,0,3,3,1,0,1,9,10,11,1,0,2,0,1,0,133472,0.45,1.268,0.019
490,2.592,0.001,0,0.069,0.054,0,0,,0,,,,0,,,,,1004,1004,0,2,3,0,3,3,1,0,1,9,10,11,1,0,2,0,1,0,133472,0.604,1.444,0.02
491,2.271,0.001,0,0.095,0.035,0,0,,0,,,,0,,,,,1004,1004,0,2,3,0,3,3,1,0,1,9,10,11,1,0,2,0,1,0,133472,0.597,1.203,0.012
492,2.571,0.363,0,0.067,0.061,0,0,,0,,,,0,,,,,1004,1004,0,2,3,0,3,3,1,0,1,9,10,11,1,0,2,0,1,0,133472,0.484,1.238,0.016
493,3.513,0.297,0.001,0.087,0.077,0,0,,0,,,,0,,,,,1004,1004,0,2,3,0,3,3,1,0,1,9,10,11,1,0,2,0,1,0,133472,0.57,1.959,0.032
494,3.403,0.001,0,0.115,0.052,0,0,,0,,,,0,,,,,1004,1004,0,2,3,0,3,3,1,0,1,9,10,11,1,0,2,0,1,0,133472,0.763,1.935,0.022
495,3.137,0.001,0,0.097,0.065,0,0,,0,,,,0,,,,,1004,1004,0,2,3,0,3,3,1,0,1,9,10,11,1,0,2,0,1,0,133472,0.695,1.806,0.021
496,3.119,0.057,0.001,0.088,0.058,0,0,,0,,,,0,,,,,1004,1004,0,2,3,0,3,3,1,0,1,9,10,11,1,0,2,0,1,0,133472,0.669,1.758,0.028
497,2.711,0,0,0.075,0.069,0,0,,0,,,,0,,,,,1004,1004,0,2,3,0,3,3,1,0,1,9,10,11,1,0,2,0,1,0,133472,0.654,1.513,0.017
498,3.005,0,0,0.073,0.054,0,0,,0,,,,0,,,,,1004,1004,0,2,3,0,3,3,1,0,1,9,10,11,1,0,2,0,1,0,133472,0.608,1.829,0.023
499,3.211,0.001,0.001,0.084,0.041,0,0,,0,,,,0,,,,,1004,1004,0,2,3,0,3,3,1,0,1,9,10,11,1,0,2,0,1,0,133472,0.705,1.86,0.032
500,2.981,0.767,0.001,0.066,0.062,0,0,,0,,,,0,,,,,1004,1004,0,2,3,0,3,3,1,0,1,9,10,11,1,0,2,0,1,0,133472,0.532,1.11,0.017
501,2.555,0.593,0,0.059,0.067,0,0,,0,,,,0,,,,,1004,1004,0,2,3,0,3,3,1,0,1,9,10,11,1,0,2,0,1,0,133472,0.448,0.977,0.06
502,9.082,6.033,0,0.072,0.082,0,0,,0,,,,0,,,,,1004,1004,0,2,3,0,3,3,1,0,1,9,10,11,1,0,2,0,1,0,133472,0.624,1.735,0.026
503,16.301,12.915,0.001,0.11,0.069,0,0,,0,,,,0,,,,,1004,1004,0,2,3,0,3,3,1,0,1,9,10,11,1,0,2,0,1,0,133472,0.682,1.881,0.031
504,17.611,13.755,0.001,0.106,0.06,0,0,,0,,,,0,,,,,1004,1004,0,2,3,0,3,3,1,0,1,9,10,11,1,0,2,0,1,0,133472,0.836,2.157,0.045
505,17.516,13.992,0.001,0.1,0.065,0,0,,0,,,,0,,,,,1004,1004,0,2,3,0,3,3,1,0,1,9,10,11,1,0,2,0,1,0,133472,0.765,1.934,0.03
506,12.047,9.666,0.001,0.08,0.058,0,0,,0,,,,0,,,,,1004,1004,0,2,3,0,3,3,1,0,1,9,10,11,1,0,2,0,1,0,133472,0.514,1.249,0.023
507,5.527,2.193,0.001,0.101,0.072,0,0,,0,,,,0,,,,,1004,1004,0,2,3,0,3,3,1,0,1,9,10,11,1,0,2,0,1,0,133472,0.69,1.783,0.027
508,3.055,0.536,0.001,0.08,0.066,0,0,,0,,,,0,,,,,1004,1004,0,2,3,0,3,3,1,0,1,9,10,11,1,0,2,0,1,0,133472,0.495,1.371,0.024
509,3.987,0.742,0,0.092,0.084,0,0,,0,,,,0,,,,,1004,1004,0,2,3,0,3,3,1,0,1,9,10,11,1,0,2,0,1,0,133472,0.728,1.797,0.025
510,2.912,0.001,0.001,0.082,0.053,0,0,,1,1406.25,231677952,288473088,1,71217344,71217344,167755776,38823561584,1004,1004,0,2,3,0,3,3,1,0,1,9,10,11,1,0,2,0,1,0,133472,0.644,1.702,0.017
511,3.56,0,0,0.07,0.091,0,0,,0,,,,0,,,,,1004,1004,0,2,3,0,3,3,1,0,1,9,10,11,1,0,2,0,1,0,133472,0.711,2.152,0.033
512,14.597,11.364,0.001,0.107,0.068,0,0,,0,,,,0,,,,,1004,1004,0,2,3,0,3,3,1,0,1,9,10,11,1,0,2,0,1,0,133472,0.718,1.796,0.026
513,15.959,13.29,0,0.096,0.08,0,0,,0,,,,0,,,,,1004,1004,0,2,3,0,3,3,1,0,1,9,10,11,1,0,2,0,1,0,133472,0.572,1.385,0.027
514,17.221,14.097,0,0.095,0.091,0,0,,0,,,,0,,,,,1004,1004,0,2,3,0,3,3,1,0,1,9,10,11,1,0,2,0,1,0,133472,0.681,1.629,0.03
515,15.852,13.428,0,0.069,0.061,0,0,,0,,,,0,,,,,1004,1004,0,2,3,0,3,3,1,0,1,9,10,11,1,0,2,0,1,0,133472,0.566,1.282,0.018
516,5.702,2.496,0.001,0.093,0.06,0,0,,0,,,,0,,,,,1004,1004,0,2,3,0,3,3,1,0,1,9,10,11,1,0,2,0,1,0,133472,0.71,1.759,0.027
517,4.144,1.541,0.001,0.089,0.067,0,0,,0,,,,0,,,,,1004,1004,0,2,3,0,3,3,1,0,1,9,10,11,1,0,2,0,1,0,133472,0.613,1.356,0.02
518,3.491,0.941,0,0.076,0.06,0,0,,0,,,,0,,,,,1004,1004,0,2,3,0,3,3,1,0,1,9,10,11,1,0,2,0,1,0,133472,0.53,1.435,0.018
519,8.798,5.35,0.001,0.084,0.054,0,0,,0,,,,0,,,,,1004,1004,0,2,3,0,3,3,1,0,1,9,10,11,1,0,2,0,1,0,133472,0.608,1.619,0.061
520,4.393,1.69,0.001,0.094,0.062,0,0,,0,,,,0,,,,,1004,1004,0,2,3,0,3,3,1,0,1,9,10,11,1,0,2,0,1,0,133472,0.548,1.497,0.02
521,2.71,0.355,0,0.062,0.04,0,0,,0,,,,0,,,,,1004,1004,0,2,3,0,3,3,1,0,1,9,10,11,1,0,2,0,1,0,133472,0.547,1.324,0.015
522,2.362,0.25,0,0.068,0.032,0,0,,0,,,,0,,,,,1004,1004,0,2,3,0,3,3,1,0,1,9,10,11,1,0,2,0,1,0,133472,0.454,1.241,0.012
523,2.401,0.392,0,0.05,0.031,0,0,,0,,,,0,,,,,1004,1004,0,2,3,0,3,3,1,0,1,9,10,11,1,0,2,0,1,0,133472,0.459,1.153,0.018
524,3.186,0.485,0,0.057,0.062,0,0,,0,,,,0,,,,,1004,1004,0,2,3,0,3,3,1,0,1,9,10,11,1,0,2,0,1,0,133472,0.568,1.396,0.027
525,10.123,8.124,0,0.111,0.046,0,0,,0,,,,0,,,,,1004,1004,0,2,3,0,3,3,1,0,1,9,10,11,1,0,2,0,1,0,133472,0.433,0.955,0.013
526,4.053,1.289,0,0.085,0.08,0,0,,0,,,,0,,,,,1004,1004,0,2,3,0,3,3,1,0,1,9,10,11,1,0,2,0,1,0,133472,0.613,1.483,0.024
527,3.66,0.001,0,0.146,0.077,0,0,,0,,,,0,,,,,1004,1004,0,2,3,0,3,3,1,0,1,9,10,11,1,0,2,0,1,0,133472,0.873,1.973,0.03
528,3.142,0.001,0.001,0.107,0.061,0,0,,0,,,,0,,,,,1004,1004,0,2,3,0,3,3,1,0,1,9,10,11,1,0,2,0,1,0,133472,0.71,1.693,0.019
529,3.995,1.581,0,0.07,0.06,0,0,,0,,,,0,,,,,1004,1004,0,2,3,0,3,3,1,0,1,9,10,11,1,0,2,0,1,0,133472,0.505,1.362,0.019
530,14.984,11.659,0.001,0.108,0.087,0,0,,0,,,,0,,,,,1004,1004,0,2,3,0,3,3,1,0,1,9,10,11,1,0,2,0,1,0,133472,0.635,1.859,0.031
531,12.222,9.235,0.001,0.189,0.051,0,0,,0,,,,0,,,,,1004,1004,0,2,3,0,3,3,1,0,1,9,10,11,1,0,2,0,1,0,133472,0.747,1.392,0.025
532,12.687,9.1,0,0.1,0.108,0,0,,0,,,,0,,,,,1004,1004,0,2,3,0,3,3,1,0,1,9,10,11,1,0,2,0,1,0,133472,0.77,1.994,0.03
533,18.35,15.745,0,0.109,0.071,0,0,,0,,,,0,,,,,1004,1004,0,2,3,0,3,3,1,0,1,9,10,11,1,0,2,0,1,0,133472,0.481,1.334,0.027
534,18.029,14.48,0.001,0.1,0.075,0,0,,0,,,,0,,,,,1004,1004,0,2,3,0,3,3,1,0,1,9,10,11,1,0,2,0,1,0,133472,0.721,1.979,0.032
535,16.361,13.126,0,0.106,0.075,0,0,,0,,,,0,,,,,1004,1004,0,2,3,0,3,3,1,0,1,9,10,11,1,0,2,0,1,0,133472,0.67,1.726,0.025
536,8.86,6.106,0.001,0.079,0.08,0,0,,0,,,,0,,,,,1004,1004,0,2,3,0,3,3,1,0,1,9,10,11,1,0,2,0,1,0,133472,0.521,1.599,0.019
537,2.486,0.001,0,0.096,0.068,0,0,,0,,,,0,,,,,1004,1004,0,2,3,0,3,3,1,0,1,9,10,11,1,0,2,0,1,0,133472,0.588,1.321,0.015
538,2.83,0,0,0.079,0.05,0,0,,0,,,,0,,,,,1004,1004,0,2,3,0,3,3,1,0,1,9,10,11,1,0,2,0,1,0,133472,0.533,1.8,0.02
539,2.969,0.001,0,0.072,0.052,0,0,,0,,,,0,,,,,1004,1004,0,2,3,0,3,3,1,0,1,9,10,11,1,0,2,0,1,0,133472,0.668,1.72,0.023
540,3.326,0.484,0,0.082,0.075,0,0,,1,1468.75,231743488,288473088,1,71217344,71217344,167755776,38823561584,1004,1004,0,2,3,0,3,3,1,0,1,9,10,11,1,0,2,0,1,0,133472,0.585,1.598,0.017
541,2.891,0.001,0,0.069,0.074,0,0,,0,,,,0,,,,,1004,1004,0,2,3,0,3,3,1,0,1,9,10,11,1,0,2,0,1,0,133472,0.674,1.633,0.02
542,2.505,0.001,0,0.077,0.044,0,0,,0,,,,0,,,,,1004,1004,0,2,3,0,3,3,1,0,1,9,10,11,1,0,2,0,1,0,133472,0.597,1.412,0.016
543,4.205,1.518,0,0.067,0.066,0,0,,0,,,,0,,,,,1004,1004,0,2,3,0,3,3,1,0,1,9,10,11,1,0,2,0,1,0,133472,0.462,1.666,0.027
544,16.115,13.355,0.001,0.107,0.08,0,0,,0,,,,0,,,,,1004,1004,0,2,3,0,3,3,1,0,1,9,10,11,1,0,2,0,1,0,133472,0.504,1.534,0.032
545,2.648,0.001,0,0.092,0.041,0,0,,0,,,,0,,,,,1004,1004,0,2,3,0,3,3,1,0,1,9,10,11,1,0,2,0,1,0,133472,0.656,1.385,0.022
546,4.269,1.32,0.001,0.087,0.077,0,0,,0,,,,0,,,,,1004,1004,0,2,3,0,3,3,1,0,1,9,10,11,1,0,2,0,1,0,133472,0.694,1.535,0.022
547,2.74,0.001,0,0.089,0.105,0,0,,0,,,,0,,,,,1004,1004,0,2,3,0,3,3,1,0,1,9,10,11,1,0,2,0,1,0,133472,0.611,1.508,0.021
548,2.449,0.001,0,0.075,0.053,0,0,,0,,,,0,,,,,1004,1004,0,2,3,0,3,3,1,0,1,9,10,11,1,0,2,0,1,0,133472,0.562,1.353,0.02
549,10.264,7.069,0.001,0.103,0.08,0,0,,0,,,,0,,,,,1004,1004,0,2,3,0,3,3,1,0,1,9,10,11,1,0,2,0,1,0,133472,0.701,1.718,0.028
550,13.341,9.912,0.001,0.088,0.08,0,0,,0,,,,0,,,,,1004,1004,0,2,3,0,3,3,1,0,1,9,10,11,1,0,2,0,1,0,133472,0.697,1.552,0.024
551,13.481,10.146,0.001,0.143,0.094,0,0,,0,,,,0,,,,,1004,1004,0,2,3,0,3,3,1,0,1,9,10,11,1,0,2,0,1,0,133472,0.653,1.814,0.03
552,3.824,0.001,0,0.119,0.063,0,0,,0,,,,0,,,,,1004,1004,0,2,3,0,3,3,1,0,1,9,10,11,1,0,2,0,1,0,133472,0.873,1.951,0.053
553,3.798,0.002,0,0.133,0.083,0,0,,0,,,,0,,,,,1004,1004,0,2,3,0,3,3,1,0,1,9,10,11,1,0,2,0,1,0,133472,1.027,2.05,0.032
554,3.209,0.001,0,0.089,0.062,0,0,,0,,,,0,,,,,1004,1004,0,2,3,0,3,3,1,0,1,9,10,11,1,0,2,0,1,0,133472,0.688,1.876,0.023
555,3.007,0.002,0,0.082,0.059,0,0,,0,,,,0,,,,,1004,1004,0,2,3,0,3,3,1,0,1,9,10,11,1,0,2,0,1,0,133472,0.653,1.737,0.017
556,2.038,0.001,0,0.078,0.048,0,0,,0,,,,0,,,,,1004,1004,0,2,3,0,3,3,1,0,1,9,10,11,1,0,2,0,1,0,133472,0.428,1.119,0.038
557,3.816,1.194,0,0.101,0.042,0,0,,0,,,,0,,,,,1004,1004,0,2,3,0,3,3,1,0,1,9,10,11,1,0,2,0,1,0,133472,0.529,1.46,0.023
558,12.615,9.923,0,0.091,0.062,0,0,,0,,,,0,,,,,1004,1004,0,2,3,0,3,3,1,0,1,9,10,11,1,0,2,0,1,0,133472,0.531,1.462,0.021
559,20.744,17.416,0.001,0.097,0.081,0,0,,0,,,,0,,,,,1004,1004,0,2,3,0,3,3,1,0,1,9,10,11,1,0,2,0,1,0,133472,0.735,1.783,0.031
560,33.626,30.182,0,0.135,0.08,0,0,,0,,,,0,,,,,1004,1004,0,2,3,0,3,3,1,0,1,9,10,11,1,0,2,0,1,0,133472,0.644,1.888,0.028
561,3.161,0.002,0.001,0.089,0.057,0,0,,0,,,,0,,,,,1004,1004,0,2,3,0,3,3,1,0,1,9,10,11,1,0,2,0,1,0,133472,0.708,1.795,0.02
562,3.72,0.625,0,0.1,0.06,0,0,,0,,,,0,,,,,1004,1004,0,2,3,0,3,3,1,0,1,9,10,11,1,0,2,0,1,0,133472,0.692,1.736,0.024
563,2.768,0.001,0,0.076,0.043,0,0,,0,,,,0,,,,,1004,1004,0,2,3,0,3,3,1,0,1,9,10,11,1,0,2,0,1,0,133472,0.635,1.596,0.016
564,5.639,2.316,0.001,0.067,0.09,0,0,,0,,,,0,,,,,1004,1004,0,2,3,0,3,3,1,0,1,9,10,11,1,0,2,0,1,0,133472,0.717,1.905,0.028
565,18.52,15.111,0.001,0.102,0.093,0,0,,0,,,,0,,,,,1004,1004,0,2,3,0,3,3,1,0,1,9,10,11,1,0,2,0,1,0,133472,0.768,1.806,0.034
566,3.391,0.001,0.001,0.09,0.066,0,0,,0,,,,0,,,,,1004,1004,0,2,3,0,3,3,1,0,1,9,10,11,1,0,2,0,1,0,133472,0.741,1.921,0.027
567,3.485,0.239,0,0.085,0.057,0,0,,0,,,,0,,,,,1004,1004,0,2,3,0,3,3,1,0,1,9,10,11,1,0,2,0,1,0,133472,0.726,1.835,0.031
568,4.723,1.16,0.001,0.091,0.085,0,0,,0,,,,0,,,,,1004,1004,0,2,3,0,3,3,1,0,1,9,10,11,1,0,2,0,1,0,133472,0.785,1.968,0.035
569,3.198,0.001,0.001,0.087,0.079,0,0,,0,,,,0,,,,,1004,1004,0,2,3,0,3,3,1,0,1,9,10,11,1,0,2,0,1,0,133472,0.695,1.848,0.019
570,3.518,0,0,0.074,0.079,0,0,,1,1593.75,231743488,288473088,1,71217344,71217344,167755776,38823561584,1004,1004,0,2,3,0,3,3,1,0,1,9,10,11,1,0,2,0,1,0,133472,0.692,2.031,0.047
571,6.419,3.792,0.001,0.105,0.066,0,0,,0,,,,0,,,,,1004,1004,0,2,3,0,3,3,1,0,1,9,10,11,1,0,2,0,1,0,133472,0.473,1.513,0.028
572,31.358,28.549,0.001,0.134,0.076,0,0,,0,,,,0,,,,,1004,1004,0,2,3,0,3,3,1,0,1,9,10,11,1,0,2,0,1,0,133472,0.553,1.453,0.026
573,59.933,57.479,0.001,0.099,0.051,0,0,,0,,,,0,,,,,1004,1004,0,2,3,0,3,3,1,0,1,9,10,11,1,0,2,0,1,0,133472,0.629,1.047,0.027
574,3.878,1.427,0,0.103,0.057,0,0,,0,,,,0,,,,,1004,1004,0,2,3,0,3,3,1,0,1,9,10,11,1,0,2,0,1,0,133472,0.546,1.206,0.04
575,3.819,0.962,0.001,0.129,0.057,0,0,,0,,,,0,,,,,1004,1004,0,2,3,0,3,3,1,0,1,9,10,11,1,0,2,0,1,0,133472,0.643,1.522,0.023
576,5.581,2.42,0.001,0.067,0.089,0,0,,0,,,,0,,,,,1004,1004,0,2,3,0,3,3,1,0,1,9,10,11,1,0,2,0,1,0,133472,0.6,1.888,0.031
577,3.308,0.001,0.001,0.086,0.093,0,0,,0,,,,0,,,,,1004,1004,0,2,3,0,3,3,1,0,1,9,10,11,1,0,2,0,1,0,133472,0.695,1.846,0.051
578,3.27,0.001,0,0.108,0.059,0,0,,0,,,,0,,,,,1004,1004,0,2,3,0,3,3,1,0,1,9,10,11,1,0,2,0,1,0,133472,0.716,1.84,0.028
579,13.672,10.838,0.001,0.083,0.074,0,0,,0,,,,0,,,,,1004,1004,0,2,3,0,3,3,1,0,1,9,10,11,1,0,2,0,1,0,133472,0.554,1.595,0.028
580,5.48,2.987,0,0.076,0.068,0,0,,0,,,,0,,,,,1004,1004,0,2,3,0,3,3,1,0,1,9,10,11,1,0,2,0,1,0,133472,0.532,1.372,0.018
581,2.482,0.001,0,0.052,0.044,0,0,,0,,,,0,,,,,1004,1004,0,2,3,0,3,3,1,0,1,9,10,11,1,0,2,0,1,0,133472,0.527,1.532,0.013
582,2.882,0.589,0.001,0.115,0.058,0,0,,0,,,,0,,,,,1004,1004,0,2,3,0,3,3,1,0,1,9,10,11,1,0,2,0,1,0,133472,0.526,1.146,0.039
583,5.266,3.346,0.001,0.059,0.052,0,0,,0,,,,0,,,,,1004,1004,0,2,3,0,3,3,1,0,1,9,10,11,1,0,2,0,1,0,133472,0.44,1,0.015
584,14.519,11.303,0,0.072,0.087,0,0,,0,,,,0,,,,,1004,1004,0,2,3,0,3,3,1,0,1,9,10,11,1,0,2,0,1,0,133472,0.661,1.834,0.03
585,3.223,0.002,0.001,0.09,0.087,0,0,,0,,,,0,,,,,1004,1004,0,2,3,0,3,3,1,0,1,9,10,11,1,0,2,0,1,0,133472,0.68,1.798,0.029
586,3.364,0.737,0.001,0.088,0.053,0,0,,0,,,,0,,,,,1004,1004,0,2,3,0,3,3,1,0,1,9,10,11,1,0,2,0,1,0,133472,0.589,1.445,0.019
587,8.358,5.7,0.001,0.083,0.089,0,0,,0,,,,0,,,,,1004,1004,0,2,3,0,3,3,1,0,1,9,10,11,1,0,2,0,1,0,133472,0.524,1.484,0.027
588,2.696,0.001,0.001,0.082,0.042,0,0,,0,,,,0,,,,,1004,1004,0,2,3,0,3,3,1,0,1,9,10,11,1,0,2,0,1,0,133472,0.623,1.468,0.021
589,3.099,0.209,0,0.087,0.048,0,0,,0,,,,0,,,,,1004,1004,0,2,3,0,3,3,1,0,1,9,10,11,1,0,2,0,1,0,133472,0.638,1.628,0.02
590,5.195,2.096,0,0.088,0.059,0,0,,0,,,,0,,,,,1004,1004,0,2,3,0,3,3,1,0,1,9,10,11,1,0,2,0,1,0,133472,0.665,1.765,0.023
591,4.927,1.578,0.001,0.088,0.11,0,0,,0,,,,0,,,,,1004,1004,0,2,3,0,3,3,1,0,1,9,10,11,1,0,2,0,1,0,133472,0.751,1.831,0.025
592,3.704,1.661,0,0.063,0.05,0,0,,0,,,,0,,,,,1004,1004,0,2,3,0,3,3,1,0,1,9,10,11,1,0,2,0,1,0,133472,0.577,0.975,0.016
593,16.855,13.371,0.001,0.105,0.088,0,0,,0,,,,0,,,,,1004,1004,0,2,3,0,3,3,1,0,1,9,10,11,1,0,2,0,1,0,133472,0.794,1.845,0.029
594,3.348,0.001,0.001,0.089,0.083,0,0,,0,,,,0,,,,,1004,1004,0,2,3,0,3,3,1,0,1,9,10,11,1,0,2,0,1,0,133472,0.737,1.877,0.038
595,4.166,0.857,0.001,0.081,0.166,0,0,,0,,,,0,,,,,1004,1004,0,2,3,0,3,3,1,0,1,9,10,11,1,0,2,0,1,0,133472,0.661,1.836,0.029
596,2.214,0.002,0.001,0.099,0.054,0,0,,0,,,,0,,,,,1004,1004,0,2,3,0,3,3,1,0,1,9,10,11,1,0,2,0,1,0,133472,0.521,1.086,0.014
597,5.545,2.287,0,0.079,0.086,0,0,,0,,,,0,,,,,1004,1004,0,2,3,0,3,3,1,0,1,9,10,11,1,0,2,0,1,0,133472,0.699,1.844,0.029
598,15.3,11.965,0.001,0.075,0.09,0,0,,0,,,,0,,,,,1004,1004,0,2,3,0,3,3,1,0,1,9,10,11,1,0,2,0,1,0,133472,0.649,1.97,0.03
599,3.21,0.001,0.001,0.091,0.057,0,0,,0,,,,0,,,,,1004,1004,0,2,3,0,3,3,1,0,1,9,10,11,1,0,2,0,1,0,133472,0.694,1.821,0.026
600,3.016,0,0,0.083,0.046,0,0,,1,1703.125,230776832,286896128,1,71217344,71217344,167755776,38823561584,1004,1004,0,2,3,0,3,3,1,0,1,9,10,11,1,0,2,0,1,0,133472,0.65,1.789,0.02
601,4.064,1.473,0.001,0.064,0.053,0,0,,0,,,,0,,,,,1004,1004,0,2,3,0,3,3,1,0,1,9,10,11,1,0,2,0,1,0,133472,0.546,1.459,0.02
602,4.178,1.496,0.001,0.065,0.067,0,0,,0,,,,0,,,,,1004,1004,0,2,3,0,3,3,1,0,1,9,10,11,1,0,2,0,1,0,133472,0.522,1.602,0.022
603,3.339,0.001,0,0.075,0.068,0,0,,0,,,,0,,,,,1004,1004,0,2,3,0,3,3,1,0,1,9,10,11,1,0,2,0,1,0,133472,0.734,1.94,0.021
604,2.966,0,0,0.081,0.038,0,0,,0,,,,0,,,,,1004,1004,0,2,3,0,3,3,1,0,1,9,10,11,1,0,2,0,1,0,133472,0.659,1.742,0.028
605,4.079,1.353,0.001,0.065,0.07,0,0,,0,,,,0,,,,,1004,1004,0,2,3,0,3,3,1,0,1,9,10,11,1,0,2,0,1,0,133472,0.564,1.572,0.02
606,2.477,0.001,0,0.063,0.044,0,0,,0,,,,0,,,,,1004,1004,0,2,3,0,3,3,1,0,1,9,10,11,1,0,2,0,1,0,133472,0.616,1.369,0.013
607,4.144,1.523,0.001,0.07,0.065,0,0,,0,,,,0,,,,,1004,1004,0,2,3,0,3,3,1,0,1,9,10,11,1,0,2,0,1,0,133472,0.703,1.36,0.019
608,4.03,0.001,0,0.096,0.086,0,0,,0,,,,0,,,,,1004,1004,0,2,3,0,3,3,1,0,1,9,10,11,1,0,2,0,1,0,133472,0.825,2.389,0.032
609,3.667,0.001,0.001,0.118,0.152,0,0,,0,,,,0,,,,,1004,1004,0,2,3,0,3,3,1,0,1,9,10,11,1,0,2,0,1,0,133472,0.786,2.022,0.028
610,5.983,2.412,0,0.095,0.09,0,0,,0,,,,0,,,,,1004,1004,0,2,3,0,3,3,1,0,1,9,10,11,1,0,2,0,1,0,133472,0.709,2.007,0.032
611,16.926,14.235,0.001,0.101,0.074,0,0,,0,,,,0,,,,,1004,1004,0,2,3,0,3,3,1,0,1,9,10,11,1,0,2,0,1,0,133472,0.553,1.378,0.023
612,2.36,0.001,0,0.076,0.045,0,0,,0,,,,0,,,,,1004,1004,0,2,3,0,3,3,1,0,1,9,10,11,1,0,2,0,1,0,133472,0.55,1.312,0.017
613,3.141,0.232,0,0.082,0.051,0,0,,0,,,,0,,,,,1004,1004,0,2,3,0,3,3,1,0,1,9,10,11,1,0,2,0,1,0,133472,0.692,1.604,0.021
614,2.897,0,0,0.079,0.05,0,0,,0,,,,0,,,,,1004,1004,0,2,3,0,3,3,1,0,1,9,10,11,1,0,2,0,1,0,133472,0.645,1.737,0.02
615,9.072,6.709,0.001,0.07,0.062,0,0,,0,,,,0,,,,,1004,1004,0,2,3,0,3,3,1,0,1,9,10,11,1,0,2,0,1,0,133472,0.523,1.267,0.019
616,3.121,0.224,0.001,0.074,0.071,0,0,,0,,,,0,,,,,1004,1004,0,2,3,0,3,3,1,0,1,9,10,11,1,0,2,0,1,0,133472,0.566,1.715,0.024
617,2.177,0.001,0,0.069,0.036,0,0,,0,,,,0,,,,,1004,1004,0,2,3,0,3,3,1,0,1,9,10,11,1,0,2,0,1,0,133472,0.527,1.227,0.01
618,33.708,30.227,0.001,0.103,0.089,0,0,,0,,,,0,,,,,1004,1004,0,2,3,0,3,3,1,0,1,9,10,11,1,0,2,0,1,0,133472,0.742,1.874,0.03
619,33.024,30.286,0.001,0.09,0.066,0,0,,0,,,,0,,,,,1004,1004,0,2,3,0,3,3,1,0,1,9,10,11,1,0,2,0,1,0,133472,0.539,1.492,0.029
620,6.115,3.508,0.001,0.092,0.063,0,0,,0,,,,0,,,,,1004,1004,0,2,3,0,3,3,1,0,1,9,10,11,1,0,2,0,1,0,133472,0.541,1.446,0.024
621,2.535,0.001,0,0.068,0.033,0,0,,0,,,,0,,,,,1004,1004,0,2,3,0,3,3,1,0,1,9,10,11,1,0,2,0,1,0,133472,0.575,1.494,0.015
622,3.751,1.507,0.001,0.09,0.043,0,0,,0,,,,0,,,,,1004,1004,0,2,3,0,3,3,1,0,1,9,10,11,1,0,2,0,1,0,133472,0.551,1.177,0.013
623,2.949,0.413,0.001,0.083,0.053,0,0,,0,,,,0,,,,,1004,1004,0,2,3,0,3,3,1,0,1,9,10,11,1,0,2,0,1,0,133472,0.606,1.371,0.018
624,3.291,0.324,0,0.08,0.066,0,0,,0,,,,0,,,,,1004,1004,0,2,3,0,3,3,1,0,1,9,10,11,1,0,2,0,1,0,133472,0.667,1.672,0.021
625,13.854,10.706,0,0.123,0.069,0,0,,0,,,,0,,,,,1004,1004,0,2,3,0,3,3,1,0,1,9,10,11,1,0,2,0,1,0,133472,0.714,1.657,0.025
626,4.501,1.409,0.001,0.128,0.065,0,0,,0,,,,0,,,,,1004,1004,0,2,3,0,3,3,1,0,1,9,10,11,1,0,2,0,1,0,133472,0.681,1.635,0.024
627,2.882,0.003,0,0.077,0.065,0,0,,0,,,,0,,,,,1004,1004,0,2,3,0,3,3,1,0,1,9,10,11,1,0,2,0,1,0,133472,0.644,1.627,0.022
628,2.603,0,0.001,0.064,0.044,0,0,,0,,,,0,,,,,1004,1004,0,2,3,0,3,3,1,0,1,9,10,11,1,0,2,0,1,0,133472,0.585,1.521,0.016
629,6.673,4.208,0.001,0.079,0.05,0,0,,0,,,,0,,,,,1004,1004,0,2,3,0,3,3,1,0,1,9,10,11,1,0,2,0,1,0,133472,0.586,1.286,0.027
630,5.191,2.889,0.001,0.067,0.06,0,0,,1,1781.25,230776832,286896128,1,71217344,71217344,167755776,38823561584,1004,1004,0,2,3,0,3,3,1,0,1,9,10,11,1,0,2,0,1,0,133472,0.479,1.3,0.018
631,2.969,0.154,0.001,0.076,0.051,0,0,,0,,,,0,,,,,1004,1004,0,2,3,0,3,3,1,0,1,9,10,11,1,0,2,0,1,0,133472,0.683,1.554,0.018
632,2.543,0.54,0.001,0.054,0.039,0,0,,0,,,,0,,,,,1004,1004,0,2,3,0,3,3,1,0,1,9,10,11,1,0,2,0,1,0,133472,0.443,1.176,0.011
633,2.843,0.562,0.001,0.069,0.055,0,0,,0,,,,0,,,,,1004,1004,0,2,3,0,3,3,1,0,1,9,10,11,1,0,2,0,1,0,133472,0.454,1.308,0.02
634,3.263,0.27,0.001,0.097,0.049,0,0,,0,,,,0,,,,,1004,1004,0,2,3,0,3,3,1,0,1,9,10,11,1,0,2,0,1,0,133472,0.639,1.723,0.02
635,3.594,0.684,0,0.089,0.06,0,0,,0,,,,0,,,,,1004,1004,0,2,3,0,3,3,1,0,1,9,10,11,1,0,2,0,1,0,133472,0.63,1.668,0.018
636,2.539,0,0,0.088,0.04,0,0,,0,,,,0,,,,,1004,1004,0,2,3,0,3,3,1,0,1,9,10,11,1,0,2,0,1,0,133472,0.651,1.361,0.012
637,5.294,2.896,0,0.111,0.06,0,0,,0,,,,0,,,,,1004,1004,0,2,3,0,3,3,1,0,1,9,10,11,1,0,2,0,1,0,133472,0.45,1.333,0.016
638,2.495,0.001,0,0.048,0.043,0,0,,0,,,,0,,,,,1004,1004,0,2,3,0,3,3,1,0,1,9,10,11,1,0,2,0,1,0,133472,0.52,1.514,0.016
639,3.008,0.001,0,0.143,0.061,0,0,,0,,,,0,,,,,1004,1004,0,2,3,0,3,3,1,0,1,9,10,11,1,0,2,0,1,0,133472,0.643,1.631,0.023
640,3.3,0.384,0.001,0.088,0.068,0,0,,0,,,,0,,,,,1004,1004,0,2,3,0,3,3,1,0,1,9,10,11,1,0,2,0,1,0,133472,0.643,1.469,0.032
641,2.946,0.001,0,0.096,0.066,0,0,,0,,,,0,,,,,1004,1004,0,2,3,0,3,3,1,0,1,9,10,11,1,0,2,0,1,0,133472,0.652,1.628,0.024
642,2.177,0.009,0,0.057,0.05,0,0,,0,,,,0,,,,,1004,1004,0,2,3,0,3,3,1,0,1,9,10,11,1,0,2,0,1,0,133472,0.554,1.137,0.018
643,2.242,0.417,0.001,0.061,0.037,0,0,,0,,,,0,,,,,1004,1004,0,2,3,0,3,3,1,0,1,9,10,11,1,0,2,0,1,0,133472,0.429,0.975,0.01
644,2.901,0.785,0,0.048,0.049,0,0,,0,,,,0,,,,,1004,1004,0,2,3,0,3,3,1,0,1,9,10,11,1,0,2,0,1,0,133472,0.414,1.206,0.018
645,3.454,0.483,0.001,0.059,0.065,0,0,,0,,,,0,,,,,1004,1004,0,2,3,0,3,3,1,0,1,9,10,11,1,0,2,0,1,0,133472,0.683,1.713,0.042
646,13.588,10.567,0.001,0.06,0.081,0,0,,0,,,,0,,,,,1004,1004,0,2,3,0,3,3,1,0,1,9,10,11,1,0,2,0,1,0,133472,0.659,1.762,0.031
647,11.094,8.813,0.001,0.102,0.054,0,0,,0,,,,0,,,,,1004,1004,0,2,3,0,3,3,1,0,1,9,10,11,1,0,2,0,1,0,133472,0.467,1.169,0.023
648,2.54,0.3,0.001,0.06,0.041,0,0,,0,,,,0,,,,,1004,1004,0,2,3,0,3,3,1,0,1,9,10,11,1,0,2,0,1,0,133472,0.516,1.271,0.016
649,3.409,0.179,0,0.123,0.074,0,0,,0,,,,0,,,,,1004,1004,0,2,3,0,3,3,1,0,1,9,10,11,1,0,2,0,1,0,133472,0.608,1.797,0.022
650,2.897,0.176,0.001,0.109,0.058,0,0,,0,,,,0,,,,,1004,1004,0,2,3,0,3,3,1,0,1,9,10,11,1,0,2,0,1,0,133472,0.657,1.421,0.017
651,2.898,0.572,0,0.081,0.044,0,0,,0,,,,0,,,,,1004,1004,0,2,3,0,3,3,1,0,1,9,10,11,1,0,2,0,1,0,133472,0.523,1.279,0.016
652,2.46,0.076,0.001,0.074,0.041,0,0,,0,,,,0,,,,,1004,1004,0,2,3,0,3,3,1,0,1,9,10,11,1,0,2,0,1,0,133472,0.562,1.349,0.014
653,3.437,1.367,0,0.068,0.049,0,0,,0,,,,0,,,,,1004,1004,0,2,3,0,3,3,1,0,1,9,10,11,1,0,2,0,1,0,133472,0.444,1.179,0.012
654,2.416,0.283,0.001,0.112,0.053,0,0,,0,,,,0,,,,,1004,1004,0,2,3,0,3,3,1,0,1,9,10,11,1,0,2,0,1,0,133472,0.44,1.187,0.013
655,3.268,0.276,0,0.08,0.055,0,0,,0,,,,0,,,,,1004,1004,0,2,3,0,3,3,1,0,1,9,10,11,1,0,2,0,1,0,133472,0.657,1.731,0.023
656,2.862,0.001,0.001,0.074,0.049,0,0,,0,,,,0,,,,,1004,1004,0,2,3,0,3,3,1,0,1,9,10,11,1,0,2,0,1,0,133472,0.644,1.63,0.018
657,2.325,0,0,0.074,0.04,0,0,,0,,,,0,,,,,1004,1004,0,2,3,0,3,3,1,0,1,9,10,11,1,0,2,0,1,0,133472,0.519,1.349,0.014
658,2.363,0,0,0.071,0.036,0,0,,0,,,,0,,,,,1004,1004,0,2,3,0,3,3,1,0,1,9,10,11,1,0,2,0,1,0,133472,0.557,1.356,0.012
659,3.477,0.849,0.001,0.073,0.059,0,0,,0,,,,0,,,,,1004,1004,0,2,3,0,3,3,1,0,1,9,10,11,1,0,2,0,1,0,133472,0.585,1.527,0.016
660,2.37,0,0.001,0.087,0.038,0,0,,1,1859.375,230776832,286896128,1,71217344,71217344,167755776,38823561584,1004,1004,0,2,3,0,3,3,1,0,1,9,10,11,1,0,2,0,1,0,133472,0.576,1.277,0.013
661,2.677,0,0,0.072,0.053,0,0,,0,,,,0,,,,,1004,1004,0,2,3,0,3,3,1,0,1,9,10,11,1,0,2,0,1,0,133472,0.609,1.563,0.016
662,2.534,0,0,0.065,0.037,0,0,,0,,,,0,,,,,1004,1004,0,2,3,0,3,3,1,0,1,9,10,11,1,0,2,0,1,0,133472,0.63,1.435,0.014
663,2.301,0.061,0,0.079,0.043,0,0,,0,,,,0,,,,,1004,1004,0,2,3,0,3,3,1,0,1,9,10,11,1,0,2,0,1,0,133472,0.461,1.278,0.012
664,2.131,0.195,0,0.071,0.036,0,0,,0,,,,0,,,,,1004,1004,0,2,3,0,3,3,1,0,1,9,10,11,1,0,2,0,1,0,133472,0.42,1.135,0.019
665,3.986,1.369,0,0.106,0.043,0,0,,0,,,,0,,,,,1004,1004,0,2,3,0,3,3,1,0,1,9,10,11,1,0,2,0,1,0,133472,0.871,1.166,0.021
666,1.876,0,0,0.096,0.032,0,0,,0,,,,0,,,,,1004,1004,0,2,3,0,3,3,1,0,1,9,10,11,1,0,2,0,1,0,133472,0.487,0.98,0.01
667,2.799,0.276,0.001,0.16,0.059,0,0,,0,,,,0,,,,,1004,1004,0,2,3,0,3,3,1,0,1,9,10,11,1,0,2,0,1,0,133472,0.495,1.419,0.019
668,2.619,0.001,0,0.076,0.049,0,0,,0,,,,0,,,,,1004,1004,0,2,3,0,3,3,1,0,1,9,10,11,1,0,2,0,1,0,133472,0.566,1.574,0.016
669,2.233,0.001,0,0.081,0.039,0,0,,0,,,,0,,,,,1004,1004,0,2,3,0,3,3,1,0,1,9,10,11,1,0,2,0,1,0,133472,0.537,1.193,0.015
670,1.983,0,0,0.075,0.035,0,0,,0,,,,0,,,,,1004,1004,0,2,3,0,3,3,1,0,1,9,10,11,1,0,2,0,1,0,133472,0.458,1.149,0.011
671,1.991,0,0,0.064,0.033,0,0,,0,,,,0,,,,,1004,1004,0,2,3,0,3,3,1,0,1,9,10,11,1,0,2,0,1,0,133472,0.46,1.173,0.01
672,2.122,0,0,0.059,0.034,0,0,,0,,,,0,,,,,1004,1004,0,2,3,0,3,3,1,0,1,9,10,11,1,0,2,0,1,0,133472,0.439,1.146,0.011
673,2.455,0.172,0,0.066,0.067,0,0,,0,,,,0,,,,,1004,1004,0,2,3,0,3,3,1,0,1,9,10,11,1,0,2,0,1,0,133472,0.465,1.257,0.021
674,2.45,0.177,0.001,0.072,0.083,0,0,,0,,,,0,,,,,1004,1004,0,2,3,0,3,3,1,0,1,9,10,11,1,0,2,0,1,0,133472,0.457,1.3,0.01
675,1.906,0.182,0,0.051,0.062,0,0,,0,,,,0,,,,,1004,1004,0,2,3,0,3,3,1,0,1,9,10,11,1,0,2,0,1,0,133472,0.396,0.917,0.009
676,3.967,1.498,0.001,0.076,0.051,0,0,,0,,,,0,,,,,1004,1004,0,2,3,0,3,3,1,0,1,9,10,11,1,0,2,0,1,0,133472,0.57,1.34,0.015
677,1.82,0.046,0,0.074,0.027,0,0,,0,,,,0,,,,,1004,1004,0,2,3,0,3,3,1,0,1,9,10,11,1,0,2,0,1,0,133472,0.453,0.899,0.007
678,6.42,4.715,0.001,0.045,0.047,0,0,,0,,,,0,,,,,1004,1004,0,2,3,0,3,3,1,0,1,9,10,11,1,0,2,0,1,0,133472,0.412,0.894,0.012
679,4.319,1.464,0,0.119,0.153,0,0,,0,,,,0,,,,,1004,1004,0,2,3,0,3,3,1,0,1,9,10,11,1,0,2,0,1,0,133472,0.581,1.486,0.019
680,2.804,0.001,0.001,0.055,0.06,0,0,,0,,,,0,,,,,1004,1004,0,2,3,0,3,3,1,0,1,9,10,11,1,0,2,0,1,0,133472,0.648,1.608,0.02
681,2.635,0.001,0.001,0.082,0.042,0,0,,0,,,,0,,,,,1004,1004,0,2,3,0,3,3,1,0,1,9,10,11,1,0,2,0,1,0,133472,0.636,1.46,0.014
682,2.665,0.202,0,0.075,0.065,0,0,,0,,,,0,,,,,1004,1004,0,2,3,0,3,3,1,0,1,9,10,11,1,0,2,0,1,0,133472,0.454,1.497,0.017
683,7.683,5.475,0.001,0.158,0.041,0,0,,0,,,,0,,,,,1004,1004,0,2,3,0,3,3,1,0,1,9,10,11,1,0,2,0,1,0,133472,0.578,0.92,0.016
684,2.322,0.425,0.001,0.057,0.042,0,0,,0,,,,0,,,,,1004,1004,0,2,3,0,3,3,1,0,1,9,10,11,1,0,2,0,1,0,133472,0.435,0.963,0.016
685,2.038,0.62,0,0.053,0.034,0,0,,0,,,,0,,,,,1004,1004,0,2,3,0,3,3,1,0,1,9,10,11,1,0,2,0,1,0,133472,0.381,0.687,0.007
686,2.255,0.807,0,0.089,0.024,0,0,,0,,,,0,,,,,1004,1004,0,2,3,0,3,3,1,0,1,9,10,11,1,0,2,0,1,0,133472,0.38,0.688,0.006
687,2.678,1.079,0,0.145,0.029,0,0,,0,,,,0,,,,,1004,1004,0,2,3,0,3,3,1,0,1,9,10,11,1,0,2,0,1,0,133472,0.358,0.726,0.007
688,2.274,0.839,0,0.139,0.028,0,0,,0,,,,0,,,,,1004,1004,0,2,3,0,3,3,1,0,1,9,10,11,1,0,2,0,1,0,133472,0.371,0.643,0.005
689,1.959,0.571,0,0.089,0.027,0,0,,0,,,,0,,,,,1004,1004,0,2,3,0,3,3,1,0,1,9,10,11,1,0,2,0,1,0,133472,0.321,0.667,0.005
690,2.722,0.639,0,0.087,0.032,0,0,,1,1921.875,230776832,286896128,1,71217344,71217344,167755776,38823561584,1004,1004,0,2,3,0,3,3,1,0,1,9,10,11,1,0,2,0,1,0,133472,0.501,0.946,0.012
691,2.601,0.463,0,0.09,0.043,0,0,,0,,,,0,,,,,1004,1004,0,2,3,0,3,3,1,0,1,9,10,11,1,0,2,0,1,0,133472,0.569,0.978,0.035
692,1.816,0.299,0,0.05,0.032,0,0,,0,,,,0,,,,,1004,1004,0,2,3,0,3,3,1,0,1,9,10,11,1,0,2,0,1,0,133472,0.405,0.768,0.007
693,2.576,0.528,0,0.096,0.027,0,0,,0,,,,0,,,,,1004,1004,0,2,3,0,3,3,1,0,1,9,10,11,1,0,2,0,1,0,133472,0.384,1.196,0.018
694,2.232,0.689,0,0.098,0.026,0,0,,0,,,,0,,,,,1004,1004,0,2,3,0,3,3,1,0,1,9,10,11,1,0,2,0,1,0,133472,0.34,0.758,0.007
695,2.326,0.42,0,0.087,0.022,0,0,,0,,,,0,,,,,1004,1004,0,2,3,0,3,3,1,0,1,9,10,11,1,0,2,0,1,0,133472,0.4,1.034,0.007
696,2.19,0.304,0.001,0.248,0.046,0,0,,0,,,,0,,,,,1004,1004,0,2,3,0,3,3,1,0,1,9,10,11,1,0,2,0,1,0,133472,0.371,0.924,0.015
697,3.39,0.295,0.001,0.101,0.099,0,0,,0,,,,0,,,,,1004,1004,0,2,3,0,3,3,1,0,1,9,10,11,1,0,2,0,1,0,133472,0.493,1.9,0.028
698,2.94,0.001,0,0.082,0.05,0,0,,0,,,,0,,,,,1004,1004,0,2,3,0,3,3,1,0,1,9,10,11,1,0,2,0,1,0,133472,0.663,1.679,0.019
699,2.211,0,0,0.067,0.042,0,0,,0,,,,0,,,,,1004,1004,0,2,3,0,3,3,1,0,1,9,10,11,1,0,2,0,1,0,133472,0.686,0.987,0.014
700,1.732,0.001,0.001,0.051,0.032,0,0,,0,,,,0,,,,,1004,1004,0,2,3,0,3,3,1,0,1,9,10,11,1,0,2,0,1,0,133472,0.424,0.987,0.011
701,2.705,0.951,0.001,0.069,0.039,0,0,,0,,,,0,,,,,1004,1004,0,2,3,0,3,3,1,0,1,9,10,11,1,0,2,0,1,0,133472,0.431,0.918,0.018
702,2.849,0.326,0,0.136,0.1,0,0,,0,,,,0,,,,,1004,1004,0,2,3,0,3,3,1,0,1,9,10,11,1,0,2,0,1,0,133472,0.451,1.419,0.039
703,4.44,2.197,0,0.056,0.052,0,0,,0,,,,0,,,,,1004,1004,0,2,3,0,3,3,1,0,1,9,10,11,1,0,2,0,1,0,133472,0.462,1.071,0.021
704,11.059,7.632,0.001,0.1,0.091,0,0,,0,,,,0,,,,,1004,1004,0,2,3,0,3,3,1,0,1,9,10,11,1,0,2,0,1,0,133472,0.537,1.981,0.032
705,7.468,4.089,0.001,0.113,0.139,0,0,,0,,,,0,,,,,1004,1004,0,2,3,0,3,3,1,0,1,9,10,11,1,0,2,0,1,0,133472,0.685,1.8,0.031
706,13.887,10.948,0.001,0.113,0.092,0,0,,0,,,,0,,,,,1004,1004,0,2,3,0,3,3,1,0,1,9,10,11,1,0,2,0,1,0,133472,0.464,1.763,0.029
707,2.803,0.001,0,0.094,0.059,0,0,,0,,,,0,,,,,1004,1004,0,2,3,0,3,3,1,0,1,9,10,11,1,0,2,0,1,0,133472,0.745,1.375,0.031
708,2.537,0,0,0.075,0.035,0,0,,0,,,,0,,,,,1004,1004,0,2,3,0,3,3,1,0,1,9,10,11,1,0,2,0,1,0,133472,0.586,1.467,0.015
709,7.462,5.494,0.001,0.11,0.036,0,0,,0,,,,0,,,,,1004,1004,0,2,3,0,3,3,1,0,1,9,10,11,1,0,2,0,1,0,133472,0.415,1.058,0.013
710,5.929,2.807,0.001,0.109,0.054,0,0,,0,,,,0,,,,,1004,1004,0,2,3,0,3,3,1,0,1,9,10,11,1,0,2,0,1,0,133472,0.836,1.565,0.019
711,3.542,1.23,0,0.062,0.097,0,0,,0,,,,0,,,,,1004,1004,0,2,3,0,3,3,1,0,1,9,10,11,1,0,2,0,1,0,133472,0.466,1.223,0.028
712,3.241,0.001,0,0.105,0.039,0,0,,0,,,,0,,,,,1004,1004,0,2,3,0,3,3,1,0,1,9,10,11,1,0,2,0,1,0,133472,0.436,2.256,0.011
713,2.093,0,0,0.07,0.034,0,0,,0,,,,0,,,,,1004,1004,0,2,3,0,3,3,1,0,1,9,10,11,1,0,2,0,1,0,133472,0.483,1.135,0.009
714,2.075,0.002,0.001,0.112,0.042,0,0,,0,,,,0,,,,,1004,1004,0,2,3,0,3,3,1,0,1,9,10,11,1,0,2,0,1,0,133472,0.435,1.12,0.013
715,2.902,0.001,0.001,0.065,0.581,0,0,,0,,,,0,,,,,1004,1004,0,2,3,0,3,3,1,0,1,9,10,11,1,0,2,0,1,0,133472,0.426,1.448,0.018
716,3.092,0.002,0,0.061,0.063,0,0,,0,,,,0,,,,,1004,1004,0,2,3,0,3,3,1,0,1,9,10,11,1,0,2,0,1,0,133472,0.557,1.941,0.035
717,2.941,0,0.001,0.136,0.045,0,0,,0,,,,0,,,,,1004,1004,0,2,3,0,3,3,1,0,1,9,10,11,1,0,2,0,1,0,133472,0.638,1.63,0.027
718,2.415,0,0,0.08,0.039,0,0,,0,,,,0,,,,,1004,1004,0,2,3,0,3,3,1,0,1,9,10,11,1,0,2,0,1,0,133472,0.547,1.419,0.013
719,2.174,0,0,0.062,0.026,0,0,,0,,,,0,,,,,1004,1004,0,2,3,0,3,3,1,0,1,9,10,11,1,0,2,0,1,0,133472,0.552,1.189,0.011
720,1.925,0.001,0,0.05,0.024,0,0,,1,1984.375,230776832,286896128,1,71217344,71217344,167755776,38823561584,1004,1004,0,2,3,0,3,3,1,0,1,9,10,11,1,0,2,0,1,0,133472,0.46,1.114,0.009
721,2.773,0.348,0,0.05,0.097,0,0,,0,,,,0,,,,,1004,1004,0,2,3,0,3,3,1,0,1,9,10,11,1,0,2,0,1,0,133472,0.441,1.36,0.017
722,3.215,0.001,0.001,0.1,0.063,0,0,,0,,,,0,,,,,1004,1004,0,2,3,0,3,3,1,0,1,9,10,11,1,0,2,0,1,0,133472,0.606,1.902,0.027
723,3.201,0.001,0.001,0.102,0.05,0,0,,0,,,,0,,,,,1004,1004,0,2,3,0,3,3,1,0,1,9,10,11,1,0,2,0,1,0,133472,0.717,1.825,0.021
724,2.507,0.001,0,0.075,0.047,0,0,,0,,,,0,,,,,1004,1004,0,2,3,0,3,3,1,0,1,9,10,11,1,0,2,0,1,0,133472,0.581,1.428,0.017
725,2.542,0,0,0.058,0.048,0,0,,0,,,,0,,,,,1004,1004,0,2,3,0,3,3,1,0,1,9,10,11,1,0,2,0,1,0,133472,0.579,1.48,0.018
726,2.621,0.001,0,0.075,0.07,0,0,,0,,,,0,,,,,1004,1004,0,2,3,0,3,3,1,0,1,9,10,11,1,0,2,0,1,0,133472,0.593,1.513,0.017
727,3.49,0.79,0,0.081,0.076,0,0,,0,,,,0,,,,,1004,1004,0,2,3,0,3,3,1,0,1,9,10,11,1,0,2,0,1,0,133472,0.482,1.612,0.023
728,3.02,0.001,0.001,0.081,0.069,0,0,,0,,,,0,,,,,1004,1004,0,2,3,0,3,3,1,0,1,9,10,11,1,0,2,0,1,0,133472,0.673,1.727,0.019
729,2.564,0.001,0,0.078,0.035,0,0,,0,,,,0,,,,,1004,1004,0,2,3,0,3,3,1,0,1,9,10,11,1,0,2,0,1,0,133472,0.624,1.467,0.014
730,4.274,2.06,0,0.066,0.049,0,0,,0,,,,0,,,,,1004,1004,0,2,3,0,3,3,1,0,1,9,10,11,1,0,2,0,1,0,133472,0.421,1.267,0.021
731,3.423,1.593,0.001,0.077,0.05,0,0,,0,,,,0,,,,,1004,1004,0,2,3,0,3,3,1,0,1,9,10,11,1,0,2,0,1,0,133472,0.373,1.027,0.011
732,3.761,0.816,0,0.12,0.06,0,0,,0,,,,0,,,,,1004,1004,0,2,3,0,3,3,1,0,1,9,10,11,1,0,2,0,1,0,133472,0.58,1.678,0.015
733,2.917,0.001,0,0.081,0.657,0,0,,0,,,,0,,,,,1004,1004,0,2,3,0,3,3,1,0,1,9,10,11,1,0,2,0,1,0,133472,0.485,1.331,0.015
734,3.308,1.114,0,0.067,0.05,0,0,,0,,,,0,,,,,1004,1004,0,2,3,0,3,3,1,0,1,9,10,11,1,0,2,0,1,0,133472,0.466,1.249,0.011
735,1.835,0.001,0,0.045,0.03,0,0,,0,,,,0,,,,,1004,1004,0,2,3,0,3,3,1,0,1,9,10,11,1,0,2,0,1,0,133472,0.457,1.055,0.008
736,4.15,2.033,0.001,0.135,0.042,0,0,,0,,,,0,,,,,1004,1004,0,2,3,0,3,3,1,0,1,9,10,11,1,0,2,0,1,0,133472,0.44,1.162,0.012
737,2.509,0.281,0,0.1,0.041,0,0,,0,,,,0,,,,,1004,1004,0,2,3,0,3,3,1,0,1,9,10,11,1,0,2,0,1,0,133472,0.407,1.278,0.021
738,1.999,0.328,0,0.057,0.037,0,0,,0,,,,0,,,,,1004,1004,0,2,3,0,3,3,1,0,1,9,10,11,1,0,2,0,1,0,133472,0.429,0.817,0.01
739,3.272,0.859,0,0.211,0.043,0,0,,0,,,,0,,,,,1004,1004,0,2,3,0,3,3,1,0,1,9,10,11,1,0,2,0,1,0,133472,0.539,1.177,0.015
740,4.045,1.771,0,0.123,0.039,0,0,,0,,,,0,,,,,1004,1004,0,2,3,0,3,3,1,0,1,9,10,11,1,0,2,0,1,0,133472,0.522,1.17,0.012
741,4.144,2.123,0,0.126,0.029,0,0,,0,,,,0,,,,,1004,1004,0,2,3,0,3,3,1,0,1,9,10,11,1,0,2,0,1,0,133472,0.396,1.061,0.011
742,4.023,1.522,0,0.061,0.075,0,0,,0,,,,0,,,,,1004,1004,0,2,3,0,3,3,1,0,1,9,10,11,1,0,2,0,1,0,133472,0.422,1.545,0.02
743,4.214,0.864,0.001,0.077,0.534,0,0,,0,,,,0,,,,,1004,1004,0,2,3,0,3,3,1,0,1,9,10,11,1,0,2,0,1,0,133472,0.639,1.593,0.028
744,4.152,1.769,0.001,0.134,0.054,0,0,,0,,,,0,,,,,1004,1004,0,2,3,0,3,3,1,0,1,9,10,11,1,0,2,0,1,0,133472,0.467,1.196,0.017
745,2.169,0.097,0,0.047,0.033,0,0,,0,,,,0,,,,,1004,1004,0,2,3,0,3,3,1,0,1,9,10,11,1,0,2,0,1,0,133472,0.493,1.182,0.012
746,3.842,1.024,0,0.052,0.063,0,0,,0,,,,0,,,,,1004,1004,0,2,3,0,3,3,1,0,1,9,10,11,1,0,2,0,1,0,133472,0.685,1.402,0.016
747,2.506,0.001,0,0.072,0.039,0,0,,0,,,,0,,,,,1004,1004,0,2,3,0,3,3,1,0,1,9,10,11,1,0,2,0,1,0,133472,0.519,1.554,0.014
748,2.751,0.001,0,0.063,0.071,0,0,,0,,,,0,,,,,1004,1004,0,2,3,0,3,3,1,0,1,9,10,11,1,0,2,0,1,0,133472,0.622,1.622,0.016
749,2.031,0.001,0,0.082,0.053,0,0,,0,,,,0,,,,,1004,1004,0,2,3,0,3,3,1,0,1,9,10,11,1,0,2,0,1,0,133472,0.537,0.913,0.014
750,4.649,3.056,0,0.073,0.039,0,0,,1,2046.875,230776832,286896128,1,71217344,71217344,167755776,38823561584,1004,1004,0,2,3,0,3,3,1,0,1,9,10,11,1,0,2,0,1,0,133472,0.399,0.762,0.012
751,3.89,1.394,0,0.113,0.052,0,0,,0,,,,0,,,,,1004,1004,0,2,3,0,3,3,1,0,1,9,10,11,1,0,2,0,1,0,133472,0.517,1.291,0.014
752,2.036,0.001,0,0.049,0.049,0,0,,0,,,,0,,,,,1004,1004,0,2,3,0,3,3,1,0,1,9,10,11,1,0,2,0,1,0,133472,0.454,1.171,0.016
753,2.804,0.331,0,0.064,0.054,0,0,,0,,,,0,,,,,1004,1004,0,2,3,0,3,3,1,0,1,9,10,11,1,0,2,0,1,0,133472,0.757,1.209,0.018
754,2.796,0.285,0,0.061,0.037,0,0,,0,,,,0,,,,,1004,1004,0,2,3,0,3,3,1,0,1,9,10,11,1,0,2,0,1,0,133472,0.727,1.328,0.016
755,4.829,2.685,0.001,0.148,0.034,0,0,,0,,,,0,,,,,1004,1004,0,2,3,0,3,3,1,0,1,9,10,11,1,0,2,0,1,0,133472,0.431,1.102,0.017
756,2.488,0.192,0,0.077,0.088,0,0,,0,,,,0,,,,,1004,1004,0,2,3,0,3,3,1,0,1,9,10,11,1,0,2,0,1,0,133472,0.468,1.188,0.012
757,2.123,0.002,0,0.079,0.05,0,0,,0,,,,0,,,,,1004,1004,0,2,3,0,3,3,1,0,1,9,10,11,1,0,2,0,1,0,133472,0.486,1.147,0.011
758,2.364,0,0,0.044,0.037,0,0,,0,,,,0,,,,,1004,1004,0,2,3,0,3,3,1,0,1,9,10,11,1,0,2,0,1,0,133472,0.456,1.498,0.012
759,2.368,0.001,0,0.061,0.056,0,0,,0,,,,0,,,,,1004,1004,0,2,3,0,3,3,1,0,1,9,10,11,1,0,2,0,1,0,133472,0.573,1.291,0.013
760,2.076,0.001,0.001,0.043,0.03,0,0,,0,,,,0,,,,,1004,1004,0,2,3,0,3,3,1,0,1,9,10,11,1,0,2,0,1,0,133472,0.531,1.186,0.024
761,5.406,2.979,0.001,0.138,0.032,0,0,,0,,,,0,,,,,1004,1004,0,2,3,0,3,3,1,0,1,9,10,11,1,0,2,0,1,0,133472,0.429,1.387,0.013
762,2.202,0.314,0,0.056,0.025,0,0,,0,,,,0,,,,,1004,1004,0,2,3,0,3,3,1,0,1,9,10,11,1,0,2,0,1,0,133472,0.434,0.943,0.009
763,2.165,0.391,0,0.075,0.026,0,0,,0,,,,0,,,,,1004,1004,0,2,3,0,3,3,1,0,1,9,10,11,1,0,2,0,1,0,133472,0.47,0.864,0.009
764,3.335,0.748,0,0.074,0.069,0,0,,0,,,,0,,,,,1004,1004,0,2,3,0,3,3,1,0,1,9,10,11,1,0,2,0,1,0,133472,0.547,1.429,0.019
765,2.566,0.001,0,0.073,0.046,0,0,,0,,,,0,,,,,1004,1004,0,2,3,0,3,3,1,0,1,9,10,11,1,0,2,0,1,0,133472,0.58,1.495,0.016
766,2.223,0.502,0.001,0.132,0.03,0,0,,0,,,,0,,,,,1004,1004,0,2,3,0,3,3,1,0,1,9,10,11,1,0,2,0,1,0,133472,0.396,0.813,0.008
767,2.479,0,0,0.034,0.062,0,0,,0,,,,0,,,,,1004,1004,0,2,3,0,3,3,1,0,1,9,10,11,1,0,2,0,1,0,133472,0.388,1.695,0.015
768,2.146,0.001,0,0.082,0.039,0,0,,0,,,,0,,,,,1004,1004,0,2,3,0,3,3,1,0,1,9,10,11,1,0,2,0,1,0,133472,0.506,1.191,0.011
769,1.785,0.001,0.001,0.048,0.039,0,0,,0,,,,0,,,,,1004,1004,0,2,3,0,3,3,1,0,1,9,10,11,1,0,2,0,1,0,133472,0.406,1.023,0.011
770,2.117,0,0,0.051,0.042,0,0,,0,,,,0,,,,,1004,1004,0,2,3,0,3,3,1,0,1,9,10,11,1,0,2,0,1,0,133472,0.433,1.288,0.013
771,2.652,0,0,0.054,0.046,0,0,,0,,,,0,,,,,1004,1004,0,2,3,0,3,3,1,0,1,9,10,11,1,0,2,0,1,0,133472,0.573,1.648,0.014
772,2.284,0,0,0.062,0.025,0,0,,0,,,,0,,,,,1004,1004,0,2,3,0,3,3,1,0,1,9,10,11,1,0,2,0,1,0,133472,0.538,1.333,0.011
773,10.832,9.409,0.001,0.168,0.036,0,0,,0,,,,0,,,,,1004,1004,0,2,3,0,3,3,1,0,1,9,10,11,1,0,2,0,1,0,133472,0.298,0.611,0.01
774,5.315,2.663,0,0.123,0.048,0,0,,0,,,,0,,,,,1004,1004,0,2,3,0,3,3,1,0,1,9,10,11,1,0,2,0,1,0,133472,0.571,1.446,0.018
775,2.489,0.001,0,0.06,0.055,0,0,,0,,,,0,,,,,1004,1004,0,2,3,0,3,3,1,0,1,9,10,11,1,0,2,0,1,0,133472,0.643,1.313,0.029
776,3.014,1.531,0,0.046,0.033,0,0,,0,,,,0,,,,,1004,1004,0,2,3,0,3,3,1,0,1,9,10,11,1,0,2,0,1,0,133472,0.428,0.741,0.007
777,2.304,0.617,0,0.107,0.03,0,0,,0,,,,0,,,,,1004,1004,0,2,3,0,3,3,1,0,1,9,10,11,1,0,2,0,1,0,133472,0.376,0.784,0.008
778,2.186,0.84,0,0.104,0.026,0,0,,0,,,,0,,,,,1004,1004,0,2,3,0,3,3,1,0,1,9,10,11,1,0,2,0,1,0,133472,0.3,0.644,0.006
779,2.025,0.657,0,0.112,0.024,0,0,,0,,,,0,,,,,1004,1004,0,2,3,0,3,3,1,0,1,9,10,11,1,0,2,0,1,0,133472,0.312,0.666,0.004
780,3.133,0.698,0.001,0.089,0.087,0,0,,1,2156.25,230842368,286896128,1,71217344,71217344,167755776,38823561584,1004,1004,0,2,3,0,3,3,1,0,1,9,10,11,1,0,2,0,1,0,133472,0.444,1.436,0.019
781,2.829,0.001,0,0.087,0.091,0,0,,0,,,,0,,,,,1004,1004,0,2,3,0,3,3,1,0,1,9,10,11,1,0,2,0,1,0,133472,0.642,1.573,0.012
782,3.605,1.378,0.001,0.122,0.055,0,0,,0,,,,0,,,,,1004,1004,0,2,3,0,3,3,1,0,1,9,10,11,1,0,2,0,1,0,133472,0.453,1.225,0.015
783,2.089,0.001,0.001,0.047,0.033,0,0,,0,,,,0,,,,,1004,1004,0,2,3,0,3,3,1,0,1,9,10,11,1,0,2,0,1,0,133472,0.46,1.248,0.011
784,1.871,0,0,0.042,0.032,0,0,,0,,,,0,,,,,1004,1004,0,2,3,0,3,3,1,0,1,9,10,11,1,0,2,0,1,0,133472,0.434,1.097,0.009
785,1.842,0.001,0,0.041,0.028,0,0,,0,,,,0,,,,,1004,1004,0,2,3,0,3,3,1,0,1,9,10,11,1,0,2,0,1,0,133472,0.443,1.075,0.008
786,2.187,0.205,0,0.046,0.038,0,0,,0,,,,0,,,,,1004,1004,0,2,3,0,3,3,1,0,1,9,10,11,1,0,2,0,1,0,133472,0.38,1.126,0.014
787,2.074,0.125,0.001,0.072,0.04,0,0,,0,,,,0,,,,,1004,1004,0,2,3,0,3,3,1,0,1,9,10,11,1,0,2,0,1,0,133472,0.502,1.016,0.017
788,2.113,0.3,0.001,0.09,0.034,0,0,,0,,,,0,,,,,1004,1004,0,2,3,0,3,3,1,0,1,9,10,11,1,0,2,0,1,0,133472,0.429,0.913,0.015
789,3.327,1.227,0.001,0.133,0.068,0,0,,0,,,,0,,,,,1004,1004,0,2,3,0,3,3,1,0,1,9,10,11,1,0,2,0,1,0,133472,0.441,1.071,0.012
790,2.305,0.433,0,0.051,0.039,0,0,,0,,,,0,,,,,1004,1004,0,2,3,0,3,3,1,0,1,9,10,11,1,0,2,0,1,0,133472,0.463,1.025,0.01
791,1.714,0.195,0,0.046,0.026,0,0,,0,,,,0,,,,,1004,1004,0,2,3,0,3,3,1,0,1,9,10,11,1,0,2,0,1,0,133472,0.409,0.812,0.006
792,5.861,3.355,0,0.044,0.06,0,0,,0,,,,0,,,,,1004,1004,0,2,3,0,3,3,1,0,1,9,10,11,1,0,2,0,1,0,133472,0.339,1.754,0.019
793,2.231,0.001,0,0.085,0.036,0,0,,0,,,,0,,,,,1004,1004,0,2,3,0,3,3,1,0,1,9,10,11,1,0,2,0,1,0,133472,0.42,1.22,0.017
794,6.482,4.464,0.001,0.093,0.05,0,0,,0,,,,0,,,,,1004,1004,0,2,3,0,3,3,1,0,1,9,10,11,1,0,2,0,1,0,133472,0.48,1.017,0.014
795,7.155,4.972,0,0.095,0.065,0,0,,0,,,,0,,,,,1004,1004,0,2,3,0,3,3,1,0,1,9,10,11,1,0,2,0,1,0,133472,0.391,1.207,0.019
796,9.344,7.239,0,0.105,0.06,0,0,,0,,,,0,,,,,1004,1004,0,2,3,0,3,3,1,0,1,9,10,11,1,0,2,0,1,0,133472,0.424,1.068,0.016
797,7.807,5.753,0,0.053,0.047,0,0,,0,,,,0,,,,,1004,1004,0,2,3,0,3,3,1,0,1,9,10,11,1,0,2,0,1,0,133472,0.494,1.119,0.018
798,7.917,5.831,0.001,0.064,0.057,0,0,,0,,,,0,,,,,1004,1004,0,2,3,0,3,3,1,0,1,9,10,11,1,0,2,0,1,0,133472,0.418,1.149,0.02
799,2.253,0.166,0,0.061,0.042,0,0,,0,,,,0,,,,,1004,1004,0,2,3,0,3,3,1,0,1,9,10,11,1,0,2,0,1,0,133472,0.486,1.17,0.015
800,2.612,0.775,0,0.051,0.043,0,0,,0,,,,0,,,,,1004,1004,0,2,3,0,3,3,1,0,1,9,10,11,1,0,2,0,1,0,133472,0.414,1.027,0.021
801,2.168,0.343,0.001,0.063,0.04,0,0,,0,,,,0,,,,,1004,1004,0,2,3,0,3,3,1,0,1,9,10,11,1,0,2,0,1,0,133472,0.394,1.034,0.021
802,3.143,0.395,0,0.2,0.064,0,0,,0,,,,0,,,,,1004,1004,0,2,3,0,3,3,1,0,1,9,10,11,1,0,2,0,1,0,133472,0.586,1.431,0.019
803,3.374,0.001,0,0.06,0.052,0,0,,0,,,,0,,,,,1004,1004,0,2,3,0,3,3,1,0,1,9,10,11,1,0,2,0,1,0,133472,0.746,1.845,0.018
804,3.372,0.001,0.001,0.069,0.058,0,0,,0,,,,0,,,,,1004,1004,0,2,3,0,3,3,1,0,1,9,10,11,1,0,2,0,1,0,133472,0.892,1.92,0.015
805,2.621,0.001,0,0.097,0.038,0,0,,0,,,,0,,,,,1004,1004,0,2,3,0,3,3,1,0,1,9,10,11,1,0,2,0,1,0,133472,0.671,1.378,0.013
806,2.11,0,0,0.06,0.038,0,0,,0,,,,0,,,,,1004,1004,0,2,3,0,3,3,1,0,1,9,10,11,1,0,2,0,1,0,133472,0.475,1.253,0.012
807,2.837,0.001,0,0.057,0.069,0,0,,0,,,,0,,,,,1004,1004,0,2,3,0,3,3,1,0,1,9,10,11,1,0,2,0,1,0,133472,0.522,1.789,0.023
808,3.464,0.001,0,0.153,0.071,0,0,,0,,,,0,,,,,1004,1004,0,2,3,0,3,3,1,0,1,9,10,11,1,0,2,0,1,0,133472,0.786,1.88,0.025
809,3.855,0.001,0,0.122,0.058,0,0,,0,,,,0,,,,,1004,1004,0,2,3,0,3,3,1,0,1,9,10,11,1,0,2,0,1,0,133472,0.913,2.195,0.022
810,2.836,0.001,0.001,0.102,0.034,0,0,,1,2265.625,230842368,286896128,1,71217344,71217344,167755776,38823561584,1004,1004,0,2,3,0,3,3,1,0,1,9,10,11,1,0,2,0,1,0,133472,0.774,1.468,0.012
811,5.687,3.371,0,0.051,0.084,0,0,,0,,,,0,,,,,1004,1004,0,2,3,0,3,3,1,0,1,9,10,11,1,0,2,0,1,0,133472,0.456,1.366,0.019
812,2.991,0.002,0,0.099,0.063,0,0,,0,,,,0,,,,,1004,1004,0,2,3,0,3,3,1,0,1,9,10,11,1,0,2,0,1,0,133472,0.796,1.66,0.032
813,2.526,0,0,0.081,0.045,0,0,,0,,,,0,,,,,1004,1004,0,2,3,0,3,3,1,0,1,9,10,11,1,0,2,0,1,0,133472,0.528,1.507,0.015
814,2.168,0.001,0,0.068,0.034,0,0,,0,,,,0,,,,,1004,1004,0,2,3,0,3,3,1,0,1,9,10,11,1,0,2,0,1,0,133472,0.507,1.207,0.013
815,2.149,0,0,0.085,0.039,0,0,,0,,,,0,,,,,1004,1004,0,2,3,0,3,3,1,0,1,9,10,11,1,0,2,0,1,0,133472,0.522,1.203,0.011
816,2.489,0,0.001,0.067,0.05,0,0,,0,,,,0,,,,,1004,1004,0,2,3,0,3,3,1,0,1,9,10,11,1,0,2,0,1,0,133472,0.527,1.441,0.015
817,2.51,0,0.001,0.063,0.054,0,0,,0,,,,0,,,,,1004,1004,0,2,3,0,3,3,1,0,1,9,10,11,1,0,2,0,1,0,133472,0.914,1.135,0.027
818,2.502,0.001,0,0.135,0.054,0,0,,0,,,,0,,,,,1004,1004,0,2,3,0,3,3,1,0,1,9,10,11,1,0,2,0,1,0,133472,0.615,1.348,0.018
819,3.005,0,0,0.085,0.074,0,0,,0,,,,0,,,,,1004,1004,0,2,3,0,3,3,1,0,1,9,10,11,1,0,2,0,1,0,133472,0.65,1.714,0.023
820,2.744,0.001,0,0.082,0.064,0,0,,0,,,,0,,,,,1004,1004,0,2,3,0,3,3,1,0,1,9,10,11,1,0,2,0,1,0,133472,0.695,1.456,0.017
821,2.097,0.001,0.001,0.079,0.046,0,0,,0,,,,0,,,,,1004,1004,0,2,3,0,3,3,1,0,1,9,10,11,1,0,2,0,1,0,133472,0.563,1.065,0.014
822,3.128,0.338,0,0.079,0.087,0,0,,0,,,,0,,,,,1004,1004,0,2,3,0,3,3,1,0,1,9,10,11,1,0,2,0,1,0,133472,0.547,1.59,0.023
823,3.226,0.002,0,0.082,0.054,0,0,,0,,,,0,,,,,1004,1004,0,2,3,0,3,3,1,0,1,9,10,11,1,0,2,0,1,0,133472,0.709,1.895,0.02
824,3.639,0,0,0.07,0.046,0,0,,0,,,,0,,,,,1004,1004,0,2,3,0,3,3,1,0,1,9,10,11,1,0,2,0,1,0,133472,0.735,2.316,0.026
825,2.628,0,0,0.073,0.042,0,0,,0,,,,0,,,,,1004,1004,0,2,3,0,3,3,1,0,1,9,10,11,1,0,2,0,1,0,133472,0.594,1.566,0.017
826,2.183,0.001,0,0.068,0.039,0,0,,0,,,,0,,,,,1004,1004,0,2,3,0,3,3,1,0,1,9,10,11,1,0,2,0,1,0,133472,0.571,1.166,0.014
827,2.209,0.001,0,0.059,0.034,0,0,,0,,,,0,,,,,1004,1004,0,2,3,0,3,3,1,0,1,9,10,11,1,0,2,0,1,0,133472,0.563,1.2,0.011
828,3.242,0.846,0,0.072,0.059,0,0,,0,,,,0,,,,,1004,1004,0,2,3,0,3,3,1,0,1,9,10,11,1,0,2,0,1,0,133472,0.498,1.384,0.016
829,2.177,0.001,0,0.075,0.039,0,0,,0,,,,0,,,,,1004,1004,0,2,3,0,3,3,1,0,1,9,10,11,1,0,2,0,1,0,133472,0.438,1.317,0.012
830,1.941,0,0.001,0.058,0.068,0,0,,0,,,,0,,,,,1004,1004,0,2,3,0,3,3,1,0,1,9,10,11,1,0,2,0,1,0,133472,0.427,1.128,0.012
831,2.574,0.001,0,0.059,0.053,0,0,,0,,,,0,,,,,1004,1004,0,2,3,0,3,3,1,0,1,9,10,11,1,0,2,0,1,0,133472,0.614,1.499,0.014
832,2.507,0,0,0.073,0.039,0,0,,0,,,,0,,,,,1004,1004,0,2,3,0,3,3,1,0,1,9,10,11,1,0,2,0,1,0,133472,0.55,1.483,0.023
833,2.871,0.496,0.001,0.08,0.072,0,0,,0,,,,0,,,,,1004,1004,0,2,3,0,3,3,1,0,1,9,10,11,1,0,2,0,1,0,133472,0.553,1.233,0.016
834,2.139,0,0,0.044,0.038,0,0,,0,,,,0,,,,,1004,1004,0,2,3,0,3,3,1,0,1,9,10,11,1,0,2,0,1,0,133472,0.55,1.211,0.01
835,2.46,0.328,0,0.053,0.08,0,0,,0,,,,0,,,,,1004,1004,0,2,3,0,3,3,1,0,1,9,10,11,1,0,2,0,1,0,133472,0.464,1.154,0.013
836,1.919,0.001,0,0.081,0.035,0,0,,0,,,,0,,,,,1004,1004,0,2,3,0,3,3,1,0,1,9,10,11,1,0,2,0,1,0,133472,0.415,1.076,0.01
837,2.171,0.335,0,0.049,0.039,0,0,,0,,,,0,,,,,1004,1004,0,2,3,0,3,3,1,0,1,9,10,11,1,0,2,0,1,0,133472,0.385,1.074,0.021
838,3.071,0.477,0,0.078,0.067,0,0,,0,,,,0,,,,,1004,1004,0,2,3,0,3,3,1,0,1,9,10,11,1,0,2,0,1,0,133472,0.618,1.364,0.017
839,2.427,0.001,0,0.071,0.038,0,0,,0,,,,0,,,,,1004,1004,0,2,3,0,3,3,1,0,1,9,10,11,1,0,2,0,1,0,133472,0.667,1.28,0.014
840,2.551,0.495,0.001,0.07,0.047,0,0,,1,2359.375,230842368,286896128,1,71217344,71217344,167755776,38823561584,1004,1004,0,2,3,0,3,3,1,0,1,9,10,11,1,0,2,0,1,0,133472,0.433,1.14,0.012
841,3.003,0.894,0,0.07,0.052,0,0,,0,,,,0,,,,,1004,1004,0,2,3,0,3,3,1,0,1,9,10,11,1,0,2,0,1,0,133472,0.465,1.2,0.013
842,2.838,0.324,0,0.055,0.047,0,0,,0,,,,0,,,,,1004,1004,0,2,3,0,3,3,1,0,1,9,10,11,1,0,2,0,1,0,133472,0.654,1.312,0.015
843,2.089,0,0,0.078,0.038,0,0,,0,,,,0,,,,,1004,1004,0,2,3,0,3,3,1,0,1,9,10,11,1,0,2,0,1,0,133472,0.495,1.17,0.012
844,2.544,0.041,0,0.062,0.045,0,0,,0,,,,0,,,,,1004,1004,0,2,3,0,3,3,1,0,1,9,10,11,1,0,2,0,1,0,133472,0.454,1.606,0.016
845,3.372,0.577,0,0.08,0.073,0,0,,0,,,,0,,,,,1004,1004,0,2,3,0,3,3,1,0,1,9,10,11,1,0,2,0,1,0,133472,0.494,1.714,0.023
846,2.588,0.002,0,0.088,0.045,0,0,,0,,,,0,,,,,1004,1004,0,2,3,0,3,3,1,0,1,9,10,11,1,0,2,0,1,0,133472,0.801,1.18,0.015
847,2.036,0,0,0.063,0.048,0,0,,0,,,,0,,,,,1004,1004,0,2,3,0,3,3,1,0,1,9,10,11,1,0,2,0,1,0,133472,0.444,1.167,0.012
848,10.205,6.993,0.001,0.107,0.062,0,0,,0,,,,0,,,,,1004,1004,0,2,3,0,3,3,1,0,1,9,10,11,1,0,2,0,1,0,133472,1.177,1.307,0.023
849,8.141,5.419,0.001,0.086,0.068,0,0,,0,,,,0,,,,,1004,1004,0,2,3,0,3,3,1,0,1,9,10,11,1,0,2,0,1,0,133472,0.638,1.419,0.023
850,2.445,0.001,0,0.07,0.047,0,0,,0,,,,0,,,,,1004,1004,0,2,3,0,3,3,1,0,1,9,10,11,1,0,2,0,1,0,133472,0.58,1.389,0.016
851,2.072,0.001,0,0.064,0.04,0,0,,0,,,,0,,,,,1004,1004,0,2,3,0,3,3,1,0,1,9,10,11,1,0,2,0,1,0,133472,0.464,1.195,0.012
852,2.558,0,0,0.072,0.055,0,0,,0,,,,0,,,,,1004,1004,0,2,3,0,3,3,1,0,1,9,10,11,1,0,2,0,1,0,133472,0.552,1.53,0.016
853,2.331,0,0,0.069,0.036,0,0,,0,,,,0,,,,,1004,1004,0,2,3,0,3,3,1,0,1,9,10,11,1,0,2,0,1,0,133472,0.58,1.316,0.013
854,2.566,0.366,0.001,0.076,0.053,0,0,,0,,,,0,,,,,1004,1004,0,2,3,0,3,3,1,0,1,9,10,11,1,0,2,0,1,0,133472,0.497,1.184,0.014
855,5.751,3.525,0.001,0.069,0.054,0,0,,0,,,,0,,,,,1004,1004,0,2,3,0,3,3,1,0,1,9,10,11,1,0,2,0,1,0,133472,0.515,1.195,0.02
856,2.896,0.878,0,0.069,0.048,0,0,,0,,,,0,,,,,1004,1004,0,2,3,0,3,3,1,0,1,9,10,11,1,0,2,0,1,0,133472,0.448,1.115,0.015
857,2.926,0.308,0,0.064,0.056,0,0,,0,,,,0,,,,,1004,1004,0,2,3,0,3,3,1,0,1,9,10,11,1,0,2,0,1,0,133472,0.496,1.598,0.031
858,2.908,0.001,0.001,0.073,0.095,0,0,,0,,,,0,,,,,1004,1004,0,2,3,0,3,3,1,0,1,9,10,11,1,0,2,0,1,0,133472,0.631,1.692,0.02
859,1.949,0.002,0,0.086,0.035,0,0,,0,,,,0,,,,,1004,1004,0,2,3,0,3,3,1,0,1,9,10,11,1,0,2,0,1,0,133472,0.432,1.046,0.01
860,2.662,0.139,0,0.184,0.053,0,0,,0,,,,0,,,,,1004,1004,0,2,3,0,3,3,1,0,1,9,10,11,1,0,2,0,1,0,133472,0.566,1.284,0.017
861,2.55,0.408,0,0.067,0.04,0,0,,0,,,,0,,,,,1004,1004,0,2,3,0,3,3,1,0,1,9,10,11,1,0,2,0,1,0,133472,0.467,1.246,0.013
862,2.418,0.278,0.001,0.067,0.048,0,0,,0,,,,0,,,,,1004,1004,0,2,3,0,3,3,1,0,1,9,10,11,1,0,2,0,1,0,133472,0.478,1.212,0.012
863,1.865,0.074,0.001,0.052,0.074,0,0,,0,,,,0,,,,,1004,1004,0,2,3,0,3,3,1,0,1,9,10,11,1,0,2,0,1,0,133472,0.401,0.983,0.009
864,3.141,0.632,0,0.067,0.051,0,0,,0,,,,0,,,,,1004,1004,0,2,3,0,3,3,1,0,1,9,10,11,1,0,2,0,1,0,133472,0.597,1.369,0.016
865,2.461,0.001,0,0.068,0.043,0,0,,0,,,,0,,,,,1004,1004,0,2,3,0,3,3,1,0,1,9,10,11,1,0,2,0,1,0,133472,0.625,1.343,0.013
866,2.345,0,0,0.069,0.045,0,0,,0,,,,0,,,,,1004,1004,0,2,3,0,3,3,1,0,1,9,10,11,1,0,2,0,1,0,133472,0.679,1.106,0.01
867,3.441,0.151,0.001,0.147,0.108,0,0,,0,,,,0,,,,,1004,1004,0,2,3,0,3,3,1,0,1,9,10,11,1,0,2,0,1,0,133472,0.602,1.805,0.131
868,4.527,0.001,0,0.106,0.048,0,0,,0,,,,0,,,,,1004,1004,0,2,3,0,3,3,1,0,1,9,10,11,1,0,2,0,1,0,133472,1.074,2.651,0.023
869,3.806,0.001,0,0.077,0.045,0,0,,0,,,,0,,,,,1004,1004,0,2,3,0,3,3,1,0,1,9,10,11,1,0,2,0,1,0,133472,0.67,2.54,0.02
870,3.466,0.363,0.001,0.084,0.074,0,0,,1,2437.5,230842368,286896128,1,71217344,71217344,167755776,38823561584,1004,1004,0,2,3,0,3,3,1,0,1,9,10,11,1,0,2,0,1,0,133472,0.651,1.745,0.026
871,7.393,5.103,0.001,0.072,0.074,0,0,,0,,,,0,,,,,1004,1004,0,2,3,0,3,3,1,0,1,9,10,11,1,0,2,0,1,0,133472,0.484,1.2,0.024
872,15.173,12.005,0,0.096,0.098,0,0,,0,,,,0,,,,,1004,1004,0,2,3,0,3,3,1,0,1,9,10,11,1,0,2,0,1,0,133472,0.754,1.508,0.029
873,2.238,0.001,0,0.062,0.043,0,0,,0,,,,0,,,,,1004,1004,0,2,3,0,3,3,1,0,1,9,10,11,1,0,2,0,1,0,133472,0.529,1.248,0.017
874,3.736,0.968,0,0.058,0.065,0,0,,0,,,,0,,,,,1004,1004,0,2,3,0,3,3,1,0,1,9,10,11,1,0,2,0,1,0,133472,0.502,1.706,0.027
875,2.921,0.036,0,0.067,0.06,0,0,,0,,,,0,,,,,1004,1004,0,2,3,0,3,3,1,0,1,9,10,11,1,0,2,0,1,0,133472,0.64,1.693,0.024
876,3.81,1.447,0,0.147,0.045,0,0,,0,,,,0,,,,,1004,1004,0,2,3,0,3,3,1,0,1,9,10,11,1,0,2,0,1,0,133472,0.497,1.21,0.016
877,2.164,0.001,0.001,0.048,0.041,0,0,,0,,,,0,,,,,1004,1004,0,2,3,0,3,3,1,0,1,9,10,11,1,0,2,0,1,0,133472,0.465,1.306,0.013
878,3.378,1.079,0.001,0.135,0.034,0,0,,0,,,,0,,,,,1004,1004,0,2,3,0,3,3,1,0,1,9,10,11,1,0,2,0,1,0,133472,0.454,1.22,0.012
879,2.108,0.074,0,0.052,0.032,0,0,,0,,,,0,,,,,1004,1004,0,2,3,0,3,3,1,0,1,9,10,11,1,0,2,0,1,0,133472,0.451,1.196,0.017
880,3.775,0.518,0,0.072,0.067,0,0,,0,,,,0,,,,,1004,1004,0,2,3,0,3,3,1,0,1,9,10,11,1,0,2,0,1,0,133472,0.727,1.829,0.026
881,2.58,0.001,0,0.094,0.04,0,0,,0,,,,0,,,,,1004,1004,0,2,3,0,3,3,1,0,1,9,10,11,1,0,2,0,1,0,133472,0.59,1.443,0.014
882,2.224,0.372,0,0.055,0.04,0,0,,0,,,,0,,,,,1004,1004,0,2,3,0,3,3,1,0,1,9,10,11,1,0,2,0,1,0,133472,0.428,1.036,0.011
883,3.303,1.333,0,0.053,0.043,0,0,,0,,,,0,,,,,1004,1004,0,2,3,0,3,3,1,0,1,9,10,11,1,0,2,0,1,0,133472,0.49,1.064,0.017
884,2.12,0.308,0,0.06,0.04,0,0,,0,,,,0,,,,,1004,1004,0,2,3,0,3,3,1,0,1,9,10,11,1,0,2,0,1,0,133472,0.42,0.997,0.011
885,2.222,0.432,0,0.057,0.031,0,0,,0,,,,0,,,,,1004,1004,0,2,3,0,3,3,1,0,1,9,10,11,1,0,2,0,1,0,133472,0.385,1.03,0.01
886,4.11,0.42,0,0.056,0.078,0,0,,0,,,,0,,,,,1004,1004,0,2,3,0,3,3,1,0,1,9,10,11,1,0,2,0,1,0,133472,0.547,2.544,0.032
887,3.339,0.002,0.001,0.093,0.053,0,0,,0,,,,0,,,,,1004,1004,0,2,3,0,3,3,1,0,1,9,10,11,1,0,2,0,1,0,133472,1.126,1.427,0.027
888,2.018,0.001,0.001,0.064,0.036,0,0,,0,,,,0,,,,,1004,1004,0,2,3,0,3,3,1,0,1,9,10,11,1,0,2,0,1,0,133472,0.44,1.183,0.012
889,2.739,0,0,0.047,0.047,0,0,,0,,,,0,,,,,1004,1004,0,2,3,0,3,3,1,0,1,9,10,11,1,0,2,0,1,0,133472,0.559,1.744,0.016
890,2.83,0,0,0.063,0.033,0,0,,0,,,,0,,,,,1004,1004,0,2,3,0,3,3,1,0,1,9,10,11,1,0,2,0,1,0,133472,0.639,1.718,0.013
891,2.135,0,0,0.052,0.025,0,0,,0,,,,0,,,,,1004,1004,0,2,3,0,3,3,1,0,1,9,10,11,1,0,2,0,1,0,133472,0.542,1.2,0.01
892,13.939,11.316,0,0.084,0.097,0,0,,0,,,,0,,,,,1004,1004,0,2,3,0,3,3,1,0,1,9,10,11,1,0,2,0,1,0,133472,0.456,1.498,0.027
893,10.061,6.836,0.001,0.096,0.069,0,0,,0,,,,0,,,,,1004,1004,0,2,3,0,3,3,1,0,1,9,10,11,1,0,2,0,1,0,133472,0.757,1.718,0.024
894,12.812,9.073,0.001,0.086,0.084,0,0,,0,,,,0,,,,,1004,1004,0,2,3,0,3,3,1,0,1,9,10,11,1,0,2,0,1,0,133472,0.687,2.294,0.028
895,3.004,0.002,0,0.111,0.049,0,0,,0,,,,0,,,,,1004,1004,0,2,3,0,3,3,1,0,1,9,10,11,1,0,2,0,1,0,133472,0.688,1.696,0.015
896,2.454,0,0,0.06,0.039,0,0,,0,,,,0,,,,,1004,1004,0,2,3,0,3,3,1,0,1,9,10,11,1,0,2,0,1,0,133472,0.631,1.363,0.012
897,3.27,0.7,0,0.075,0.067,0,0,,0,,,,0,,,,,1004,1004,0,2,3,0,3,3,1,0,1,9,10,11,1,0,2,0,1,0,133472,0.57,1.435,0.015
898,2.228,0.001,0,0.049,0.033,0,0,,0,,,,0,,,,,1004,1004,0,2,3,0,3,3,1,0,1,9,10,11,1,0,2,0,1,0,133472,0.51,1.303,0.011
899,2.833,0.001,0,0.05,0.055,0,0,,0,,,,0,,,,,1004,1004,0,2,3,0,3,3,1,0,1,9,10,11,1,0,2,0,1,0,133472,0.66,1.62,0.02
900,2.589,0,0,0.126,0.041,0,0,,1,2531.25,230842368,286896128,1,71217344,71217344,167755776,38823561584,1004,1004,0,2,3,0,3,3,1,0,1,9,10,11,1,0,2,0,1,0,133472,0.8,1.102,0.016
901,2.885,0.001,0,0.054,0.057,0,0,,0,,,,0,,,,,1004,1004,0,2,3,0,3,3,1,0,1,9,10,11,1,0,2,0,1,0,133472,0.652,1.401,0.018
902,2.49,0.002,0,0.135,0.037,0,0,,0,,,,0,,,,,1004,1004,0,2,3,0,3,3,1,0,1,9,10,11,1,0,2,0,1,0,133472,0.535,1.431,0.012
903,6.759,4.584,0.001,0.063,0.065,0,0,,0,,,,0,,,,,1004,1004,0,2,3,0,3,3,1,0,1,9,10,11,1,0,2,0,1,0,133472,0.446,1.201,0.016
904,2.491,0.001,0,0.062,0.046,0,0,,0,,,,0,,,,,1004,1004,0,2,3,0,3,3,1,0,1,9,10,11,1,0,2,0,1,0,133472,0.498,1.55,0.017
905,3.142,0,0,0.065,0.077,0,0,,0,,,,0,,,,,1004,1004,0,2,3,0,3,3,1,0,1,9,10,11,1,0,2,0,1,0,133472,0.654,1.797,0.021
906,2.488,0.001,0,0.078,0.051,0,0,,0,,,,0,,,,,1004,1004,0,2,3,0,3,3,1,0,1,9,10,11,1,0,2,0,1,0,133472,0.601,1.358,0.014
907,2.445,0.001,0.001,0.094,0.046,0,0,,0,,,,0,,,,,1004,1004,0,2,3,0,3,3,1,0,1,9,10,11,1,0,2,0,1,0,133472,0.517,1.406,0.014
908,2,0.19,0,0.098,0.037,0,0,,0,,,,0,,,,,1004,1004,0,2,3,0,3,3,1,0,1,9,10,11,1,0,2,0,1,0,133472,0.429,0.881,0.008
909,4.29,0.532,0,0.171,0.071,0,0,,0,,,,0,,,,,1004,1004,0,2,3,0,3,3,1,0,1,9,10,11,1,0,2,0,1,0,133472,0.902,1.967,0.019
910,3.219,0.001,0,0.085,0.067,0,0,,0,,,,0,,,,,1004,1004,0,2,3,0,3,3,1,0,1,9,10,11,1,0,2,0,1,0,133472,0.607,2.014,0.025
911,11.289,8.702,0,0.092,0.068,0,0,,0,,,,0,,,,,1004,1004,0,2,3,0,3,3,1,0,1,9,10,11,1,0,2,0,1,0,133472,0.667,1.134,0.019
912,8.931,6.542,0.001,0.089,0.061,0,0,,0,,,,0,,,,,1004,1004,0,2,3,0,3,3,1,0,1,9,10,11,1,0,2,0,1,0,133472,0.553,1.223,0.021
913,7.135,4.84,0,0.068,0.056,0,0,,0,,,,0,,,,,1004,1004,0,2,3,0,3,3,1,0,1,9,10,11,1,0,2,0,1,0,133472,0.484,1.286,0.022
914,3.052,0.845,0.001,0.061,0.056,0,0,,0,,,,0,,,,,1004,1004,0,2,3,0,3,3,1,0,1,9,10,11,1,0,2,0,1,0,133472,0.467,1.214,0.02
915,2.956,0.149,0,0.062,0.052,0,0,,0,,,,0,,,,,1004,1004,0,2,3,0,3,3,1,0,1,9,10,11,1,0,2,0,1,0,133472,0.686,1.6,0.022
916,3.172,0,0,0.073,0.051,0,0,,0,,,,0,,,,,1004,1004,0,2,3,0,3,3,1,0,1,9,10,11,1,0,2,0,1,0,133472,0.701,1.863,0.022
917,2.884,0.001,0,0.097,0.039,0,0,,0,,,,0,,,,,1004,1004,0,2,3,0,3,3,1,0,1,9,10,11,1,0,2,0,1,0,133472,0.657,1.655,0.017
918,3.421,0.001,0.001,0.086,0.075,0,0,,0,,,,0,,,,,1004,1004,0,2,3,0,3,3,1,0,1,9,10,11,1,0,2,0,1,0,133472,0.759,1.88,0.026
919,2.647,0.001,0,0.087,0.05,0,0,,0,,,,0,,,,,1004,1004,0,2,3,0,3,3,1,0,1,9,10,11,1,0,2,0,1,0,133472,0.617,1.497,0.014
920,2.815,0.001,0.001,0.062,0.055,0,0,,0,,,,0,,,,,1004,1004,0,2,3,0,3,3,1,0,1,9,10,11,1,0,2,0,1,0,133472,0.595,1.648,0.02
921,3.112,0.001,0,0.086,0.044,0,0,,0,,,,0,,,,,1004,1004,0,2,3,0,3,3,1,0,1,9,10,11,1,0,2,0,1,0,133472,0.742,1.755,0.018
922,11.059,8.439,0.001,0.087,0.082,0,0,,0,,,,0,,,,,1004,1004,0,2,3,0,3,3,1,0,1,9,10,11,1,0,2,0,1,0,133472,0.555,1.382,0.019
923,8.126,5.125,0.001,0.086,0.063,0,0,,0,,,,0,,,,,1004,1004,0,2,3,0,3,3,1,0,1,9,10,11,1,0,2,0,1,0,133472,0.701,1.603,0.024
924,7.317,4.724,0.001,0.139,0.061,0,0,,0,,,,0,,,,,1004,1004,0,2,3,0,3,3,1,0,1,9,10,11,1,0,2,0,1,0,133472,0.534,1.288,0.018
925,2.164,0.001,0,0.063,0.038,0,0,,0,,,,0,,,,,1004,1004,0,2,3,0,3,3,1,0,1,9,10,11,1,0,2,0,1,0,133472,0.516,1.196,0.016
926,2.67,0,0.001,0.057,0.055,0,0,,0,,,,0,,,,,1004,1004,0,2,3,0,3,3,1,0,1,9,10,11,1,0,2,0,1,0,133472,0.455,1.756,0.023
927,2.765,0.001,0,0.077,0.04,0,0,,0,,,,0,,,,,1004,1004,0,2,3,0,3,3,1,0,1,9,10,11,1,0,2,0,1,0,133472,0.647,1.518,0.021
928,2.528,0.087,0,0.073,0.06,0,0,,0,,,,0,,,,,1004,1004,0,2,3,0,3,3,1,0,1,9,10,11,1,0,2,0,1,0,133472,0.514,1.384,0.021
929,2.94,0.674,0,0.061,0.045,0,0,,0,,,,0,,,,,1004,1004,0,2,3,0,3,3,1,0,1,9,10,11,1,0,2,0,1,0,133472,0.485,1.326,0.021
930,3.28,0.382,0.001,0.084,0.068,0,0,,1,2656.25,230842368,286896128,1,71217344,71217344,167755776,38823561584,1004,1004,0,2,3,0,3,3,1,0,1,9,10,11,1,0,2,0,1,0,133472,0.696,1.583,0.015
931,2.596,0.001,0,0.085,0.038,0,0,,0,,,,0,,,,,1004,1004,0,2,3,0,3,3,1,0,1,9,10,11,1,0,2,0,1,0,133472,0.803,1.172,0.013
932,13.081,10.859,0,0.131,0.062,0,0,,0,,,,0,,,,,1004,1004,0,2,3,0,3,3,1,0,1,9,10,11,1,0,2,0,1,0,133472,0.417,1.148,0.018
933,7.048,3.66,0.001,0.112,0.075,0,0,,0,,,,0,,,,,1004,1004,0,2,3,0,3,3,1,0,1,9,10,11,1,0,2,0,1,0,133472,0.597,2.024,0.026
934,3.898,0.001,0,0.073,0.085,0,0,,0,,,,0,,,,,1004,1004,0,2,3,0,3,3,1,0,1,9,10,11,1,0,2,0,1,0,133472,0.588,2.704,0.027
935,3.062,0.001,0.001,0.076,0.096,0,0,,0,,,,0,,,,,1004,1004,0,2,3,0,3,3,1,0,1,9,10,11,1,0,2,0,1,0,133472,0.547,1.85,0.03
936,9.339,4.778,0.001,0.128,0.11,0,0,,0,,,,0,,,,,1004,1004,0,2,3,0,3,3,1,0,1,9,10,11,1,0,2,0,1,0,133472,0.792,2.772,0.038
937,11.266,9.419,0.001,0.069,0.064,0,0,,0,,,,0,,,,,1004,1004,0,2,3,0,3,3,1,0,1,9,10,11,1,0,2,0,1,0,133472,0.361,0.932,0.021
938,5.138,2.138,0,0.085,0.09,0,0,,0,,,,0,,,,,1004,1004,0,2,3,0,3,3,1,0,1,9,10,11,1,0,2,0,1,0,133472,0.59,1.72,0.027
939,2.225,0.003,0,0.11,0.086,0,0,,0,,,,0,,,,,1004,1004,0,2,3,0,3,3,1,0,1,9,10,11,1,0,2,0,1,0,133472,0.525,1.11,0.023
940,2.308,0.001,0.001,0.107,0.041,0,0,,0,,,,0,,,,,1004,1004,0,2,3,0,3,3,1,0,1,9,10,11,1,0,2,0,1,0,133472,0.55,1.226,0.012
941,2.387,0.001,0,0.061,0.04,0,0,,0,,,,0,,,,,1004,1004,0,2,3,0,3,3,1,0,1,9,10,11,1,0,2,0,1,0,133472,0.499,1.492,0.012
942,2.312,0,0,0.071,0.036,0,0,,0,,,,0,,,,,1004,1004,0,2,3,0,3,3,1,0,1,9,10,11,1,0,2,0,1,0,133472,0.641,1.211,0.01
943,2.085,0,0,0.057,0.043,0,0,,0,,,,0,,,,,1004,1004,0,2,3,0,3,3,1,0,1,9,10,11,1,0,2,0,1,0,133472,0.408,1.294,0.015
944,2.496,0,0,0.077,0.044,0,0,,0,,,,0,,,,,1004,1004,0,2,3,0,3,3,1,0,1,9,10,11,1,0,2,0,1,0,133472,0.53,1.473,0.017
945,3.538,0,0,0.069,0.063,0,0,,0,,,,0,,,,,1004,1004,0,2,3,0,3,3,1,0,1,9,10,11,1,0,2,0,1,0,133472,0.787,2.077,0.029
946,2.367,0.001,0.001,0.075,0.04,0,0,,0,,,,0,,,,,1004,1004,0,2,3,0,3,3,1,0,1,9,10,11,1,0,2,0,1,0,133472,0.575,1.258,0.012
947,2.592,0,0,0.053,0.043,0,0,,0,,,,0,,,,,1004,1004,0,2,3,0,3,3,1,0,1,9,10,11,1,0,2,0,1,0,133472,0.524,1.623,0.014
948,2.548,0,0,0.067,0.038,0,0,,0,,,,0,,,,,1004,1004,0,2,3,0,3,3,1,0,1,9,10,11,1,0,2,0,1,0,133472,0.56,1.536,0.014
949,2.21,0,0,0.076,0.041,0,0,,0,,,,0,,,,,1004,1004,0,2,3,0,3,3,1,0,1,9,10,11,1,0,2,0,1,0,133472,0.55,1.238,0.012
950,2.215,0,0,0.074,0.03,0,0,,0,,,,0,,,,,1004,1004,0,2,3,0,3,3,1,0,1,9,10,11,1,0,2,0,1,0,133472,0.554,1.271,0.009
951,2.929,0,0,0.074,0.053,0,0,,0,,,,0,,,,,1004,1004,0,2,3,0,3,3,1,0,1,9,10,11,1,0,2,0,1,0,133472,0.545,1.898,0.023
952,2.814,0.001,0.001,0.108,0.036,0,0,,0,,,,0,,,,,1004,1004,0,2,3,0,3,3,1,0,1,9,10,11,1,0,2,0,1,0,133472,0.707,1.514,0.017
953,3.203,0.297,0.001,0.08,0.06,0,0,,0,,,,0,,,,,1004,1004,0,2,3,0,3,3,1,0,1,9,10,11,1,0,2,0,1,0,133472,0.445,1.952,0.015
954,2.488,0.001,0,0.091,0.04,0,0,,0,,,,0,,,,,1004,1004,0,2,3,0,3,3,1,0,1,9,10,11,1,0,2,0,1,0,133472,0.553,1.471,0.011
955,2.043,0.001,0,0.051,0.03,0,0,,0,,,,0,,,,,1004,1004,0,2,3,0,3,3,1,0,1,9,10,11,1,0,2,0,1,0,133472,0.563,1.121,0.01
956,1.653,0,0,0.045,0.03,0,0,,0,,,,0,,,,,1004,1004,0,2,3,0,3,3,1,0,1,9,10,11,1,0,2,0,1,0,133472,0.404,0.929,0.009
957,1.662,0,0,0.042,0.027,0,0,,0,,,,0,,,,,1004,1004,0,2,3,0,3,3,1,0,1,9,10,11,1,0,2,0,1,0,133472,0.394,0.97,0.008
958,2.386,0,0,0.039,0.038,0,0,,0,,,,0,,,,,1004,1004,0,2,3,0,3,3,1,0,1,9,10,11,1,0,2,0,1,0,133472,0.44,1.576,0.016
959,2.514,0,0,0.076,0.029,0,0,,0,,,,0,,,,,1004,1004,0,2,3,0,3,3,1,0,1,9,10,11,1,0,2,0,1,0,133472,0.589,1.41,0.022
960,1.82,0.001,0,0.07,0.027,0,0,,1,2734.375,230842368,286896128,1,71217344,71217344,167755776,38823561584,1004,1004,0,2,3,0,3,3,1,0,1,9,10,11,1,0,2,0,1,0,133472,0.419,1.039,0.01
961,1.622,0,0,0.044,0.026,0,0,,0,,,,0,,,,,1004,1004,0,2,3,0,3,3,1,0,1,9,10,11,1,0,2,0,1,0,133472,0.39,0.93,0.01
962,1.752,0,0,0.04,0.028,0,0,,0,,,,0,,,,,1004,1004,0,2,3,0,3,3,1,0,1,9,10,11,1,0,2,0,1,0,133472,0.45,1.008,0.008
963,1.622,0.001,0,0.041,0.023,0,0,,0,,,,0,,,,,1004,1004,0,2,3,0,3,3,1,0,1,9,10,11,1,0,2,0,1,0,133472,0.396,0.937,0.007
964,1.545,0,0,0.032,0.021,0,0,,0,,,,0,,,,,1004,1004,0,2,3,0,3,3,1,0,1,9,10,11,1,0,2,0,1,0,133472,0.326,0.941,0.007
965,2.651,0.77,0.001,0.107,0.025,0,0,,0,,,,0,,,,,1004,1004,0,2,3,0,3,3,1,0,1,9,10,11,1,0,2,0,1,0,133472,0.345,1.073,0.009
966,4.097,1.099,0.001,0.146,0.065,0,0,,0,,,,0,,,,,1004,1004,0,2,3,0,3,3,1,0,1,9,10,11,1,0,2,0,1,0,133472,1.056,1.046,0.016
967,2.442,0.001,0,0.052,0.054,0,0,,0,,,,0,,,,,1004,1004,0,2,3,0,3,3,1,0,1,9,10,11,1,0,2,0,1,0,133472,0.469,1.184,0.015
968,1.955,0.001,0,0.113,0.035,0,0,,0,,,,0,,,,,1004,1004,0,2,3,0,3,3,1,0,1,9,10,11,1,0,2,0,1,0,133472,0.417,1.114,0.01
969,1.839,0,0,0.041,0.038,0,0,,0,,,,0,,,,,1004,1004,0,2,3,0,3,3,1,0,1,9,10,11,1,0,2,0,1,0,133472,0.422,1.071,0.01
970,1.992,0.25,0.001,0.126,0.043,0,0,,0,,,,0,,,,,1004,1004,0,2,3,0,3,3,1,0,1,9,10,11,1,0,2,0,1,0,133472,0.391,0.829,0.008
971,2.304,0.818,0,0.071,0.026,0,0,,0,,,,0,,,,,1004,1004,0,2,3,0,3,3,1,0,1,9,10,11,1,0,2,0,1,0,133472,0.338,0.793,0.005
972,3.024,1.072,0,0.063,0.038,0,0,,0,,,,0,,,,,1004,1004,0,2,3,0,3,3,1,0,1,9,10,11,1,0,2,0,1,0,133472,0.426,1.006,0.007
973,2.723,0,0.001,0.074,0.047,0,0,,0,,,,0,,,,,1004,1004,0,2,3,0,3,3,1,0,1,9,10,11,1,0,2,0,1,0,133472,0.698,1.372,0.021
974,1.836,0.001,0,0.066,0.038,0,0,,0,,,,0,,,,,1004,1004,0,2,3,0,3,3,1,0,1,9,10,11,1,0,2,0,1,0,133472,0.495,0.955,0.011
975,1.623,0.001,0,0.043,0.023,0,0,,0,,,,0,,,,,1004,1004,0,2,3,0,3,3,1,0,1,9,10,11,1,0,2,0,1,0,133472,0.393,0.923,0.012
976,1.98,0.165,0,0.061,0.036,0,0,,0,,,,0,,,,,1004,1004,0,2,3,0,3,3,1,0,1,9,10,11,1,0,2,0,1,0,133472,0.468,0.938,0.009
977,2.536,0,0,0.043,0.046,0,0,,0,,,,0,,,,,1004,1004,0,2,3,0,3,3,1,0,1,9,10,11,1,0,2,0,1,0,133472,1.044,1.109,0.016
978,3.897,0,0,0.05,0.12,0,0,,0,,,,0,,,,,1004,1004,0,2,3,0,3,3,1,0,1,9,10,11,1,0,2,0,1,0,133472,1.131,2.125,0.03
979,4.084,0.002,0.001,0.115,0.098,0,0,,0,,,,0,,,,,1004,1004,0,2,3,0,3,3,1,0,1,9,10,11,1,0,2,0,1,0,133472,0.799,2.12,0.03
980,3.143,0.001,0.001,0.117,0.055,0,0,,0,,,,0,,,,,1004,1004,0,2,3,0,3,3,1,0,1,9,10,11,1,0,2,0,1,0,133472,0.788,1.633,0.02
981,2.326,0,0,0.075,0.034,0,0,,0,,,,0,,,,,1004,1004,0,2,3,0,3,3,1,0,1,9,10,11,1,0,2,0,1,0,133472,0.535,1.324,0.016
982,2.915,0.567,0.001,0.066,0.052,0,0,,0,,,,0,,,,,1004,1004,0,2,3,0,3,3,1,0,1,9,10,11,1,0,2,0,1,0,133472,0.505,1.288,0.017
983,2.713,0.514,0,0.095,0.052,0,0,,0,,,,0,,,,,1004,1004,0,2,3,0,3,3,1,0,1,9,10,11,1,0,2,0,1,0,133472,0.488,1.164,0.015
984,2.959,0.685,0,0.055,0.059,0,0,,0,,,,0,,,,,1004,1004,0,2,3,0,3,3,1,0,1,9,10,11,1,0,2,0,1,0,133472,0.457,1.325,0.021
985,2.977,0.001,0,0.086,0.054,0,0,,0,,,,0,,,,,1004,1004,0,2,3,0,3,3,1,0,1,9,10,11,1,0,2,0,1,0,133472,0.637,1.702,0.02
986,2.243,0.001,0,0.072,0.035,0,0,,0,,,,0,,,,,1004,1004,0,2,3,0,3,3,1,0,1,9,10,11,1,0,2,0,1,0,133472,0.538,1.253,0.013
987,4.496,2.411,0,0.074,0.059,0,0,,0,,,,0,,,,,1004,1004,0,2,3,0,3,3,1,0,1,9,10,11,1,0,2,0,1,0,133472,0.437,1.18,0.014
988,2.706,0.002,0,0.149,0.139,0,0,,0,,,,0,,,,,1004,1004,0,2,3,0,3,3,1,0,1,9,10,11,1,0,2,0,1,0,133472,0.559,1.321,0.014
989,2.487,0,0,0.078,0.065,0,0,,0,,,,0,,,,,1004,1004,0,2,3,0,3,3,1,0,1,9,10,11,1,0,2,0,1,0,133472,0.555,1.46,0.013
990,2.481,0.001,0,0.053,0.05,0,0,,1,2812.5,230842368,286896128,1,71217344,71217344,167755776,38823561584,1004,1004,0,2,3,0,3,3,1,0,1,9,10,11,1,0,2,0,1,0,133472,0.743,1.222,0.03
991,1.979,0.001,0.001,0.062,0.046,0,0,,0,,,,0,,,,,1004,1004,0,2,3,0,3,3,1,0,1,9,10,11,1,0,2,0,1,0,133472,0.454,1.07,0.012
992,1.806,0,0,0.065,0.024,0,0,,0,,,,0,,,,,1004,1004,0,2,3,0,3,3,1,0,1,9,10,11,1,0,2,0,1,0,133472,0.458,0.938,0.018
993,2.572,0.674,0,0.08,0.052,0,0,,0,,,,0,,,,,1004,1004,0,2,3,0,3,3,1,0,1,9,10,11,1,0,2,0,1,0,133472,0.454,0.982,0.01
994,2.453,0.075,0.001,0.044,0.081,0,0,,0,,,,0,,,,,1004,1004,0,2,3,0,3,3,1,0,1,9,10,11,1,0,2,0,1,0,133472,0.446,1.038,0.013
995,2.457,0.001,0.001,0.13,0.034,0,0,,0,,,,0,,,,,1004,1004,0,2,3,0,3,3,1,0,1,9,10,11,1,0,2,0,1,0,133472,0.643,1.272,0.014
996,1.699,0,0,0.046,0.026,0,0,,0,,,,0,,,,,1004,1004,0,2,3,0,3,3,1,0,1,9,10,11,1,0,2,0,1,0,133472,0.362,1.027,0.008
997,1.88,0,0,0.036,0.031,0,0,,0,,,,0,,,,,1004,1004,0,2,3,0,3,3,1,0,1,9,10,11,1,0,2,0,1,0,133472,0.358,1.214,0.013
998,2.644,0.001,0,0.063,0.041,0,0,,0,,,,0,,,,,1004,1004,0,2,3,0,3,3,1,0,1,9,10,11,1,0,2,0,1,0,133472,0.606,1.507,0.018
999,2.633,0,0,0.073,0.034,0,0,,0,,,,0,,,,,1004,1004,0,2,3,0,3,3,1,0,1,9,10,11,1,0,2,0,1,0,133472,0.63,1.521,0.014
1000,3.059,1.16,0.001,0.062,0.054,0,0,,0,,,,0,,,,,1004,1004,0,2,3,0,3,3,1,0,1,9,10,11,1,0,2,0,1,0,133472,0.371,1.092,0.016
1001,2.48,0.002,0,0.091,0.082,0,0,,0,,,,0,,,,,1004,1004,0,2,3,0,3,3,1,0,1,9,10,11,1,0,2,0,1,0,133472,0.569,1.317,0.015
1002,1.928,0,0.001,0.077,0.028,0,0,,0,,,,0,,,,,1004,1004,0,2,3,0,3,3,1,0,1,9,10,11,1,0,2,0,1,0,133472,0.507,1.015,0.01
1003,2.425,0.582,0,0.063,0.044,0,0,,0,,,,0,,,,,1004,1004,0,2,3,0,3,3,1,0,1,9,10,11,1,0,2,0,1,0,133472,0.411,1.03,0.01
1004,3.328,0.72,0,0.072,0.061,0,0,,0,,,,0,,,,,1004,1004,0,2,3,0,3,3,1,0,1,9,10,11,1,0,2,0,1,0,133472,0.605,1.419,0.017
1005,2.225,0.001,0,0.05,0.03,0,0,,0,,,,0,,,,,1004,1004,0,2,3,0,3,3,1,0,1,9,10,11,1,0,2,0,1,0,133472,0.563,1.261,0.012
1006,13.182,10.208,0.001,0.057,0.074,0,0,,0,,,,0,,,,,1004,1004,0,2,3,0,3,3,1,0,1,9,10,11,1,0,2,0,1,0,133472,0.433,1.38,0.597
1007,2.631,0.001,0.001,0.068,0.038,0,0,,0,,,,0,,,,,1004,1004,0,2,3,0,3,3,1,0,1,9,10,11,1,0,2,0,1,0,133472,0.635,1.494,0.014
1008,4.377,1.927,0,0.063,0.056,0,0,,0,,,,0,,,,,1004,1004,0,2,3,0,3,3,1,0,1,9,10,11,1,0,2,0,1,0,133472,0.427,1.556,0.017
1009,2.041,0.001,0,0.06,0.046,0,0,,0,,,,0,,,,,1004,1004,0,2,3,0,3,3,1,0,1,9,10,11,1,0,2,0,1,0,133472,0.469,1.167,0.012
1010,2.664,0.759,0,0.058,0.038,0,0,,0,,,,0,,,,,1004,1004,0,2,3,0,3,3,1,0,1,9,10,11,1,0,2,0,1,0,133472,0.443,1.064,0.012
1011,2.226,0.513,0,0.056,0.032,0,0,,0,,,,0,,,,,1004,1004,0,2,3,0,3,3,1,0,1,9,10,11,1,0,2,0,1,0,133472,0.391,0.981,0.01

summary_metric,count,median,p95,p99
wall_ms,1012,2.8975,15.72425,29.05728
frame_wait_ms,1012,0.3365,12.5687,26.05879
scene_advance_ms,1012,0,0.001,0.001
view_build_ms,1012,0.077,0.135,0.17845
render_submit_ms,1012,0.05,0.097,0.15967
gpu_ms,1012,1.97330724349,13.3177132165,19.9588922211

gpu_sample_serial,gpu_ms
659,1.22270830348
660,1.20171872066
661,2.05562494981
662,1.46854163081
663,2.1954686964
664,2.71807285031
665,2.05380203319
666,2.01312495085
667,1.95708328555
668,1.89130203716
669,1.82776037204
670,1.7831770398
671,1.82463537212
672,1.75244787388
673,3.59343741227
674,1.74916662396
675,2.32494785991
676,1.7735937067
677,1.79296870623
678,1.78843745634
679,13.682655916
680,7.78947897649
681,1.29192705179
682,0.919427060886
683,0.922916644135
684,1.06697914062
685,1.18354163777
686,1.17791663791
687,2.39723952481
688,1.17020830476
689,1.17802080457
690,1.18588538771
691,1.18541663773
692,1.18458330441
693,1.19682288745
694,1.1905728876
695,1.19265622088
696,2.25244786168
697,1.19114580425
698,1.19218747089
699,1.19572913747
700,1.73442704099
701,1.19989580404
702,1.20484372058
703,1.19703122078
704,1.9851041182
705,3.69963532634
706,1.99697911791
707,2.51140618869
708,1.89395828709
709,1.91984370313
710,1.89937495363
711,3.36239575124
712,1.8952603704
713,1.83276037192
714,1.81390620572
715,1.79921870607
716,1.82229162218
717,3.19192700541
718,1.84520828828
719,1.86677078776
720,1.92583328632
721,1.92494786967
722,1.96296870208
723,1.94947911907
724,3.98656240267
725,2.00786453431
726,18.7365099592
727,2.05645828313
728,5.34265611956
729,2.13848953112
730,3.29447908624
731,2.28468744422
732,2.21510411259
733,2.11609369834
734,1.99437495131
735,2.95046867797
736,1.89421870375
737,1.91723953653
738,1.18203122114
739,1.18104163783
740,1.16557288821
741,1.18531247106
742,1.18859372098
743,2.23067702887
744,1.95442703562
745,1.86072912124
746,1.89109370383
747,1.90276037021
748,1.82359370548
749,1.86479162114
750,1.85520828804
751,1.34119788392
752,1.18333330444
753,1.19078122093
754,2.05744786644
755,1.18760413767
756,1.38088538295
757,2.05234369989
758,2.02822911715
759,2.02166661731
760,1.17515622131
761,1.19135413758
762,1.85635412135
763,1.31442705124
764,1.95526036893
765,1.9495312024
766,2.05552078315
767,2.05984369971
768,2.04510411674
769,3.42395824974
770,6.23739568105
771,0.920572894192
772,0.918385394245
773,0.94984372681
774,0.938437477089
775,4.50177072343
776,17.1344787483
777,13.0004684326
778,2.33984369287
779,1.19963538738
780,1.89864578698
781,2.15270828078
782,1.97229161852
783,1.19427080418
784,1.19901038739
785,1.2043749706
786,1.19307288754
787,1.20244788731
788,1.19906247073
789,1.84567703827
790,2.22479161235
791,0.930833310608
792,0.91369789436
793,0.940677060368
794,0.926041644058
795,2.08104161586
796,2.11442703171
797,2.12442703147
798,2.08963536565
799,0.924791644089
800,0.960468726551
801,0.93744789378
802,1.24895830284
803,0.916822894283
804,0.941510393681
805,0.942656226986
806,0.921197894176
807,0.935052060505
808,0.918072894253
809,1.28973955185
810,3.89973948812
811,2.24328119523
812,2.12994786467
813,2.12994786467
814,2.10098953204
815,1.96796870195
816,3.13531242345
817,1.91249995331
818,1.88781245391
819,1.86421870449
820,1.82062495555
821,1.79760412278
822,2.65765618512
823,1.96281245208
824,1.92593745298
825,1.952447869
826,2.00088536782
827,2.00911453428
828,2.83984368067
829,3.39874991702
830,2.14265619769
831,2.30177077714
832,2.22005202913
833,2.90843742899
834,2.01359370084
835,1.98156245162
836,1.94052078596
837,1.96177078544
838,1.90093745359
839,2.55119785438
840,1.84989578817
841,1.81124995578
842,8.13979146794
843,7.62343731388
844,1.82218745551
845,2.49062493919
846,1.87114578765
847,1.88901037055
848,3.50192699784
849,1.88901037055
850,2.64302076881
851,1.97036453523
852,1.94098953595
853,1.87510412089
854,3.58562491246
855,1.81067703913
856,10.3198955814
857,23.6686973388
858,30.268436761
859,20.0835932597
860,17.1756245807
861,29.3578117833
862,7.27786440565
863,15.113749631
864,12.6465621912
865,11.7333851302
866,7.27411440574
867,7.27203107246
868,7.42958315195
869,7.4613539845
870,7.28239565554
871,7.3018227384
872,21.9585932139
873,7.32255190456
874,14.0876559061
875,12.8989580184
876,12.8501038529
877,11.1092184788
878,7.38708315298
879,7.38437481972
880,12.5951559425
881,7.28739565542
882,7.7113539784
883,7.28015607226
884,10.6651559896
885,18.949947454
886,11.6697913818
887,11.3358330566
888,10.8446351519
889,7.49083315045
890,8.77953103566
891,7.29260398862
892,7.39802065272
893,7.31776023801
894,11.9505205416
895,10.961822649
896,7.32078107127
897,9.13499977698
898,7.3058852383
899,14.4168225647
900,12.4139059469
901,12.0627601222
902,7.25239565627
903,7.23864565661
904,7.23583315668
905,11.948072625
906,11.9408330418
907,11.2718226415
908,7.15401024201
909,7.26947898919
910,7.29755190517
911,7.38604148634
912,18.2874995535
913,13.830416329
914,14.5673954777
915,13.6731246662
916,13.9066142438
917,14.2258850694
918,15.56453087
919,15.9026037784
920,14.498749646
921,15.9510933606
922,15.1051037979
923,14.1826038204
924,14.4267704811
925,15.7022912833
926,15.0174996334
927,2.02364578393
928,3.20916658832
929,7.58531231481
930,14.308332984
931,1.90687495345
932,5.23276028891
933,1.96265620208
934,2.53973952133
935,1.97796870171
936,1.96229161876
937,1.979895785
938,8.26484354822
939,2.09843744877
940,3.22999992114
941,2.83270826418
942,2.15901036396
943,2.19265619647
944,2.18145828008
945,16.4379683487
946,1.20463538726
947,1.21401038703
948,2.06869786616
949,1.20124997067
950,1.1907291376
951,7.57328106511
952,2.65593743516
953,2.15411453074
954,2.05848953308
955,2.01609370078
956,9.8767705922
957,1.14953122194
958,3.02744784275
959,1.12166663928
960,1.13078122239
961,1.119427056
962,1.10890622293
963,1.13114580572
964,2.06520828291
965,1.09776038987
966,1.09411455662
967,1.10374997305
968,1.12609372251
969,1.65963537615
970,3.05869784199
971,1.57739579482
972,1.56609371177
973,2.10223953201
974,1.57911454478
975,1.5918228778
976,1.56864579504
977,3.53026033048
978,1.58744787791
979,1.70234370844
980,1.71864579137
981,1.68208329227
982,1.64973954306
983,2.64442701877
984,1.61869787715
985,1.62036454377
986,1.18671872103
987,1.19156247091
988,1.17979163786
989,1.19182288757
990,1.17317705469
991,1.16906247146
992,1.55166662878
993,1.94015620263
994,1.8320832886
995,1.8307812053
996,1.8309374553
997,1.77901037323
998,5.61526027958
999,6.91916649774
1000,12.040624706
1001,2.89359367936
1002,0.870624978745
1003,0.898124978073
1004,0.937656227108
1005,0.885260395054
1006,0.887239561672
1007,0.875520811958
1008,1.12677080582
1009,3.28593741978
1010,1.85494787138
1011,1.87046870433
1012,1.86838537105
1013,1.82083328888
1014,1.81369787239
1015,1.82572912209
1016,1.7365624576
1017,1.76026037369
1018,1.73083329108
1019,1.73869787422
1020,1.7039062084
1021,1.70427079173
1022,2.54656243783
1023,1.67520829243
1024,1.76244787364
1025,1.73791662424
1026,1.75229162389
1027,1.79067703962
1028,1.80401037262
1029,5.44499986707
1030,1.79036453962
1031,3.26895825352
1032,1.83145828862
1033,6.55666650659
1034,1.90010412028
1035,1.89140620382
1036,1.86703120442
1037,7.00609357895
1038,4.45708322452
1039,1.73562495763
1040,1.80833328918
1041,1.83302078858
1042,1.83421870522
1043,1.83697912182
1044,1.88572912063
1045,2.57260410386
1046,2.48229160606
1047,1.94062495262
1048,5.04281237688
1049,2.53302077149
1050,1.93484370276
1051,1.92463536968
1052,1.86453120448
1053,1.87140620431
1054,1.85026037149
1055,1.87828120414
1056,1.85921870461
1057,1.83312495525
1058,1.80374995596
1059,1.84124995505
1060,3.51098949762
1061,1.85515620471
1062,1.8692707877
1063,1.89124995383
1064,1.91994786979
1065,1.98578120152
1066,1.93812495268
1067,5.83354152425
1068,7.30635398829
1069,11.4630205535
1070,1.13520830562
1071,1.12833330579
1072,1.14536455537
1073,1.62046871044
1074,1.7942187062
1075,1.82260412217
1076,1.78395828978
1077,1.82755203872
1078,1.82890620535
1079,3.358593668
1080,1.76921870681
1081,1.7489062073
1082,1.77145829008
1083,1.81473953903
1084,1.81119787245
1085,1.74270829079
1086,3.16093742283
1087,5.61927069614
1088,1.79744787278
1089,6.98713524608
1090,4.0317707349
1091,1.83442703855
1092,1.84244787169
1093,2.60624993637
1094,1.88020828743
1095,5.02223946072
1096,27.523124328
1097,2.7144791004
1098,4.7200519681
1099,1.95921870217
1100,3.64984366089
1101,2.02098953399
1102,2.05322911654
1103,5.7915623586
1104,2.86302076344
1105,2.08854161568
1106,2.19927077964
1107,8.50531229235
1108,2.11390619839
1109,2.14489578097
1110,2.15645828069
1111,7.65708314639
1112,2.26036452815
1113,2.24765619513
1114,13.5536975858
1115,2.12937494801
1116,4.55942697202
1117,2.11177078178
1118,12.0233851231
1119,7.54708314908
1120,7.45901023456
1121,7.52802064954
1122,10.7116664052
1123,2.02135411732
1124,2.05395828319
1125,4.53010405607
1126,2.11328119841
1127,2.08177078251
1128,2.02906245046
1129,2.00541661771
1130,2.7429165997
1131,5.83640610751
1132,11.7806767957
1133,7.34651023731
1134,9.41531227013
1135,11.0914059792
1136,7.35833315369
1137,7.40911440245
1138,7.4861977339
1139,1.97817703504
1140,1.98546870153
1141,1.9961457846
1142,2.15979161394
1143,2.10223953201
1144,1.95473953561
1145,1.97322911849
1146,3.34802075159
1147,2.01973953402
1148,2.00124995114
1149,2.08380203246
1150,2.07479161601
1151,2.85005201375
1152,2.81494784794
1153,2.20869786274
1154,2.17703119685
1155,2.17489578024
1156,2.31921869338
1157,3.62348949487
1158,2.28078119432
1159,7.03395816161
1160,7.51520814986
1161,14.6278121429
1162,15.1609371299
1163,10.2173955839
1164,2.7321874333
1165,1.99854161787
1166,1.98963536809
1167,2.14265619769
1168,2.1217186982
1169,14.3247913169
1170,14.542030895
1171,14.6624475587
1172,14.1515100712
1173,3.37734366755
1174,4.40656239242
1175,2.32286452662
1176,5.21380195604
1177,3.33036450203
1178,1.9457812025
1179,1.95463536895
1180,1.97338536849
1181,1.97432286847
1182,10.6393747402
1183,2.04437495009
1184,2.04265620013
1185,2.08817703235
1186,2.54593743784
1187,12.2366663679
1188,7.47703106746
1189,7.49536440034
1190,7.47911440074
1191,14.8766142201
1192,14.5961975603
1193,7.33624982089
1194,2.04848953332
1195,2.02557286721
1196,1.98093745164
1197,2.7867707653
1198,2.08234369916
1199,2.12505203145
1200,2.8372915974
1201,14.3693746492
1202,2.11182286511
1203,3.19994783854
1204,2.20979161272
1205,2.2157811959
1206,7.56505189864
1207,7.50281231683
1208,7.45213523473
1209,2.20468744617
1210,2.08088536586
1211,2.04177078349
1212,1.9441666192
1213,1.91666661987
1214,2.74005201644
1215,10.7095309885
1216,18.6135932956
1217,30.2939055104
1218,1.90354162019
1219,2.46822910641
1220,1.9321353695
1221,3.14010409
1222,15.482655872
1223,1.98713536815
1224,2.56677077067
1225,2.95239576125
1226,2.06572911623
1227,2.15958328061
1228,7.11307274301
1229,30.6873430008
1230,32.6547908694
1231,3.4760415818
1232,2.00692703434
1233,4.16182281506
1234,2.09484369886
1235,2.15536453071
1236,13.1161455131
1237,5.41609361777
1238,2.15343744743
1239,2.76583326581
1240,4.15265614862
1241,11.4346351375
1242,2.20703119612
1243,3.77151032459
1244,6.88843733183
1245,2.20067702961
1246,2.29411452732
1247,3.06041659195
1248,4.01885406855
1249,4.37390614322
1250,13.5569267524
1251,2.29067702741
1252,4.08734365021
1253,2.00645828435
1254,2.525885355
1255,14.1304163217
1256,1.91140620333
1257,1.94796870244
1258,3.14208325662
1259,2.66281243499
1260,1.99749995123
1261,2.09468744886
1262,3.77010407462
1263,2.0863020324
1264,2.68614576775
1265,2.12328119816
1266,2.23906244534
1267,5.41453111781
1268,9.4576560191
1269,2.02447911724
1270,1.99328120134
1271,2.0177603674
1272,2.80223951492
1273,2.1150520317
1274,2.12718744807
1275,31.1848429887
1276,31.3724992341
1277,5.67401027814
1278,2.06302078297
1279,3.67609366025
1280,2.17401036359
1281,2.1624999472
1282,13.1246350962
1283,4.20239573074
1284,2.18239578005
1285,2.09656244881
1286,6.27328109684
1287,4.69859363529
1288,1.97197911852
1289,1.98072911831
1290,2.03338536702
1291,2.02192703397
1292,3.15645825627
1293,2.02776036716
1294,4.46671864095
1295,1.95093745237
1296,1.97088536855
1297,2.70093743406
1298,1.99104161806
1299,2.0302603671
1300,2.08364578246
1301,2.09249994891
1302,2.10031244872
1303,12.5525517769
1304,9.60359351554
1305,2.08781244903
1306,2.08604161574
1307,2.02088536733
1308,2.01864578405
1309,1.97901036835
1310,1.89885412031
1311,1.9181770365
1312,1.96302078541
1313,1.8637499545
1314,1.84390620498
1315,1.88921870388
1316,1.91453120326
1317,1.9238541197
1318,1.9690103686
1319,1.9756770351
1320,1.90265620355
1321,1.85213537145
1322,1.87755203749
1323,1.91052078669
1324,1.82484370545
1325,1.19942705405
1326,1.72005204134
1327,1.18307288778
1328,1.1959374708
1329,1.3255728843
1330,2.0533332832
1331,2.01822911739
1332,1.98057286831
1333,2.90572909573
1334,1.91973953646
1335,5.0938540423
1336,1.88411453733
1337,1.85406245473
1338,1.87895828746
1339,1.90197912023
1340,6.84515608288
1341,2.36583327557
1342,2.1342186979
1343,1.67536454243
1344,1.67682287573
1345,1.60739579409
1346,1.61104162733
1347,1.62192704374
1348,2.24041661197
1349,2.07093744944
1350,1.61531246056
1351,1.58692704459
1352,1.57213537828
1353,1.75395829051
1354,1.74869787397
1355,2.43619785719
1356,2.375781192
1357,1.70255204177
1358,1.71328120817
1359,1.64536454316
1360,4.22885406342
1361,9.243385191
1362,6.51338525765
1363,13.6018746679
1364,0.889270811623
1365,1.10557288968
1366,7.1080206598
1367,3.20031242187
1368,3.00380201
1369,1.6983853752
1370,1.72317704126
1371,1.07385414045
1372,1.05307289096
1373,1.05515622424
1374,1.72739579116
1375,1.05416664093
1376,1.04682289111
1377,1.31494788456
1378,1.73854162422
1379,1.79411453953
1380,1.76557287356
1381,1.82619787208
1382,1.81406245571
1383,1.83458328854
1384,2.8438020139
1385,1.88119787074
1386,1.88546870397
1387,3.19958325522
1388,2.56947910394
1389,1.97338536849
1390,1.98151036829
1391,3.55838532979
1392,1.89734370368
1393,2.67994785124
1394,1.95333328564
1395,1.99984370118
1396,2.0276562005
1397,3.44901033246
1398,2.74416659967
1399,2.32270827663
1400,2.2827082776
1401,4.48911447374
1402,2.02187495064
1403,2.6677082682
1404,1.94458328586
1405,1.92067703644
1406,1.94192703592
1407,3.58119782924
1408,2.55874993753
1409,1.86994787101
1410,1.86942703769
1411,1.93151036951
1412,3.89749990485
1413,2.38213535851
1414,1.81390620572
1415,1.78130203984
1416,1.84708328824
1417,1.87119787098
1418,1.78536453975
1419,2.39822910812
1420,1.8008853727
1421,1.79937495607
1422,1.12817705579
1423,2.95651034449
1424,1.09729163988
1425,1.10124997311
1426,1.5986457943
1427,1.10062497313
1428,1.10510413969
1429,1.12203122261
1430,11.4930205527
1431,3.38531241735
1432,1.69151037537
1433,1.67130204253
1434,1.67963537566
1435,2.20171869625
1436,1.60499996082
1437,1.61994787712
1438,1.62338537703
1439,4.07833323376
1440,1.55958329526
1441,1.54749996222
1442,1.55348954541
1443,1.65119787635
1444,1.6587499595
1445,1.64567704316
1446,1.6506249597
1447,1.66999995923
1448,1.63536454341
1449,4.23906239651
1450,1.71906245803
1451,6.16223943289
1452,6.17604151588
1453,8.80796853496
1454,6.4496352592
1455,5.68536444453
1456,1.84677078825
1457,1.75338537386
1458,1.75171870723
1459,1.7516666239
1460,1.68088537563
1461,1.64062495995
1462,1.60385412751
1463,1.60281246087
1464,1.60197912756
1465,1.63192704349
1466,1.59348954443
1467,1.55541662869
1468,5.53354153157
1469,1.75624995712
1470,1.68369787556
1471,1.60395829417
1472,1.54328121232
1473,1.57437496156
1474,1.70713537499
1475,1.70869787495
1476,1.75880204039
1477,1.75817704041
1478,1.79494787284
1479,1.8034895393
1480,1.76057287368
1481,1.72640620785
1482,1.7297395411
1483,2.36822910885
1484,1.72208329129
1485,1.66802079261
1486,1.68062495897
1487,1.67145829253
1488,1.68479162553
1489,1.69682287524
1490,2.28260411094
1491,1.69312495866
1492,1.6590624595
1493,1.76130204033
1494,1.75645829045
1495,1.81078120579
1496,1.81010412247
1497,1.81802078895
1498,1.83598953851
1499,1.88822912057
1500,1.86015620459
1501,1.85343745475
1502,2.51322910531
1503,2.29833327722
1504,1.7968228728
1505,6.8144790003
1506,7.75401022736
1507,1.75973954037
1508,1.7040624584
1509,1.69390620864
1510,1.70239579177
1511,2.30218744379
1512,5.4915102826
1513,1.80296870598
1514,1.80135412269
1515,1.80911453917
1516,2.37781244195
1517,1.75197912389
1518,1.75369787385
1519,1.77026037345
1520,1.75479162383
1521,1.80781245586
1522,1.74463537407
1523,1.74166662415
1524,1.71505204146
1525,1.69989579183
1526,1.65156245968
1527,3.63031241137
1528,6.25348943066
1529,11.9277080421
1530,1.80723953921
1531,1.8444270383
1532,1.83567703852
1533,3.19145825542
1534,1.87791662082
1535,1.87937495412
1536,1.89447912041
1537,1.93447911944
1538,1.90197912023
1539,1.98109370163
1540,2.01979161736
1541,1.91333328662
1542,1.8759374542
1543,1.82229162218
1544,2.4726041063
1545,1.79515620617
1546,1.76098954034
1547,1.74114579082
1548,1.75203120723
1549,12.8952080185
1550,7.21505190718
1551,6.26302068043
1552,1.89984370362
1553,1.89328120378
1554,1.82015620556
1555,1.8143749557
1556,1.82463537212
1557,1.83510412186
1558,1.86265620452
1559,1.87666662085
1560,2.93260409507
1561,1.84708328824
1562,1.82260412217
1563,2.38166660852
1564,1.74984370728
1565,1.81953120558
1566,1.82463537212
1567,1.87583328754
1568,11.6663538818
1569,7.24411440648
1570,3.50791658102
1571,1.90109370359
1572,1.85223953811
1573,1.8897395372
1574,2.34385410944
1575,1.83317703858
1576,1.84427078831
1577,1.79848953942
1578,1.76427079026
1579,10.9889059817
1580,6.82703108332
1581,3.57848949597
1582,1.81276037241
1583,1.8008853727
1584,1.86026037125
1585,2.47234368964
1586,1.91343745329
1587,1.88369787068
1588,1.86432287115
1589,12.9334371842
1590,4.52760405613
1591,2.01640620077
1592,1.94864578576
1593,7.02984357837
1594,12.8920309353
1595,2.72807285006
1596,1.1975520541
1597,1.18286455445
1598,1.17666663794
1599,1.18239580447
1600,1.17901038788
1601,1.17937497121
1602,0.966822893063
1603,0.948958310165
1604,0.924479144096
1605,0.930833310608
1606,0.935781227154
1607,0.927552060688
1608,0.921979144157
1609,2.3306249431
1610,2.76093743259
1611,1.74812495732
1612,1.19369788752
1613,1.1522395552
1614,1.14796872197
1615,1.18067705451
1616,1.18223955447
1617,1.70447912505
1618,1.18041663785
1619,1.18994788762
1620,1.19562497081
1621,1.19135413758
1622,2.03958328354
1623,2.11843744828
1624,1.21161455375
1625,1.20135413734
1626,1.19848955407
1627,1.94635411915
1628,2.12947911468
1629,2.15624994736
1630,1.16859372147
1631,1.15609372178
1632,1.49427079685
1633,1.13223955569
1634,1.11463538945
1635,1.67093745921
1636,1.84656245492
1637,1.86880203771
1638,1.78364578979
1639,3.97333323633
1640,2.51796868853
1641,1.80083328937
1642,1.80276037265
1643,1.86364578783
1644,1.82874995535
1645,1.18385413776
1646,1.18453122108
1647,1.19401038752
1648,1.20395830394
1649,1.21807288693
1650,2.198385363
1651,1.18921872097
1652,1.19807288742
1653,1.20463538726
1654,1.18723955435
1655,1.20348955395
1656,1.20479163725
1657,3.2863020031
1658,1.21947913689
1659,1.69994787516
1660,2.15119786415
1661,2.15093744749
1662,2.17427078025
1663,9.86791642575
1664,2.15458328073
1665,4.41880197545
1666,1.99463536797
1667,2.50999993872
1668,1.94203120259
1669,1.93234370282
1670,1.84963537151
