frame,wall_ms,frame_wait_ms,scene_advance_ms,view_build_ms,render_submit_ms,gpu_valid,gpu_serial,gpu_ms,process_valid,process_cpu_ms,working_set_bytes,private_bytes,vma_valid,vma_allocation_bytes,vma_peak_allocation_bytes,vma_heap_usage_bytes,vma_heap_budget_bytes,raw_instances,visible_instances,culled_instances,lights,depth_draw_calls,shadow_draw_calls,base_draw_calls,lighting_draw_calls,tone_map_draw_calls,legacy_draw_calls,presenter_draw_calls,draw_calls,total_draw_calls,all_draw_calls,dispatch_count,shadow_faces,shadow_cache_hits,shadow_misses,shadow_batches,asset_upload_bytes,dynamic_lighting_upload_bytes,gather_ms,plan_ms,upload_frame_ms
0,8.974,6.129,0.001,0.107,0.091,0,0,,1,0,233271296,288538624,1,71217344,71217344,167755776,38823561584,1004,1004,0,2,3,0,3,3,1,0,1,9,10,11,1,0,2,0,1,0,133472,0.487,1.643,0.029
1,2.931,0.001,0,0.092,0.071,0,0,,0,,,,0,,,,,1004,1004,0,2,3,0,3,3,1,0,1,9,10,11,1,0,2,0,1,0,133472,0.65,1.553,0.024
2,3.43,0.001,0.001,0.089,0.089,0,0,,0,,,,0,,,,,1004,1004,0,2,3,0,3,3,1,0,1,9,10,11,1,0,2,0,1,0,133472,0.748,1.96,0.028
3,3.407,0.001,0.001,0.089,0.085,0,0,,0,,,,0,,,,,1004,1004,0,2,3,0,3,3,1,0,1,9,10,11,1,0,2,0,1,0,133472,0.758,1.877,0.03
4,3.193,0.002,0.001,0.083,0.062,0,0,,0,,,,0,,,,,1004,1004,0,2,3,0,3,3,1,0,1,9,10,11,1,0,2,0,1,0,133472,0.712,1.82,0.026
5,3.422,0.001,0.001,0.086,0.066,0,0,,0,,,,0,,,,,1004,1004,0,2,3,0,3,3,1,0,1,9,10,11,1,0,2,0,1,0,133472,0.76,1.967,0.024
6,3.185,0,0,0.082,0.058,0,0,,0,,,,0,,,,,1004,1004,0,2,3,0,3,3,1,0,1,9,10,11,1,0,2,0,1,0,133472,0.7,1.839,0.023
7,12.572,9.522,0.001,0.088,0.078,0,0,,0,,,,0,,,,,1004,1004,0,2,3,0,3,3,1,0,1,9,10,11,1,0,2,0,1,0,133472,0.665,1.65,0.026
8,10.16,7.06,0.001,0.087,0.083,0,0,,0,,,,0,,,,,1004,1004,0,2,3,0,3,3,1,0,1,9,10,11,1,0,2,0,1,0,133472,0.651,1.671,0.03
9,12.847,9.833,0.001,0.074,0.082,0,0,,0,,,,0,,,,,1004,1004,0,2,3,0,3,3,1,0,1,9,10,11,1,0,2,0,1,0,133472,0.576,1.736,0.033
10,9.047,6.814,0.001,0.067,0.059,0,0,,0,,,,0,,,,,1004,1004,0,2,3,0,3,3,1,0,1,9,10,11,1,0,2,0,1,0,133472,0.493,1.191,0.019
11,2.597,0.336,0,0.073,0.046,0,0,,0,,,,0,,,,,1004,1004,0,2,3,0,3,3,1,0,1,9,10,11,1,0,2,0,1,0,133472,0.489,1.254,0.019
12,2.544,0.396,0,0.059,0.039,0,0,,0,,,,0,,,,,1004,1004,0,2,3,0,3,3,1,0,1,9,10,11,1,0,2,0,1,0,133472,0.467,1.237,0.015
13,3.077,0.327,0,0.058,0.057,0,0,,0,,,,0,,,,,1004,1004,0,2,3,0,3,3,1,0,1,9,10,11,1,0,2,0,1,0,133472,0.607,1.599,0.02
14,3.39,1.119,0.001,0.067,0.056,0,0,,0,,,,0,,,,,1004,1004,0,2,3,0,3,3,1,0,1,9,10,11,1,0,2,0,1,0,133472,0.495,1.224,0.023
15,2.627,0.434,0.001,0.053,0.045,0,0,,0,,,,0,,,,,1004,1004,0,2,3,0,3,3,1,0,1,9,10,11,1,0,2,0,1,0,133472,0.513,1.253,0.014
16,2.872,0.498,0,0.064,0.035,0,0,,0,,,,0,,,,,1004,1004,0,2,3,0,3,3,1,0,1,9,10,11,1,0,2,0,1,0,133472,0.505,1.421,0.013
17,2.443,0.297,0,0.071,0.044,0,0,,0,,,,0,,,,,1004,1004,0,2,3,0,3,3,1,0,1,9,10,11,1,0,2,0,1,0,133472,0.477,1.23,0.012
18,3.738,0.94,0,0.073,0.098,0,0,,0,,,,0,,,,,1004,1004,0,2,3,0,3,3,1,0,1,9,10,11,1,0,2,0,1,0,133472,0.567,1.545,0.022
19,2.4,0.001,0,0.076,0.032,0,0,,0,,,,0,,,,,1004,1004,0,2,3,0,3,3,1,0,1,9,10,11,1,0,2,0,1,0,133472,0.563,1.318,0.016
20,3.038,1.073,0,0.057,0.037,0,0,,0,,,,0,,,,,1004,1004,0,2,3,0,3,3,1,0,1,9,10,11,1,0,2,0,1,0,133472,0.493,1.029,0.012
21,2.156,0.252,0,0.065,0.032,0,0,,0,,,,0,,,,,1004,1004,0,2,3,0,3,3,1,0,1,9,10,11,1,0,2,0,1,0,133472,0.569,0.98,0.01
22,2.575,0.845,0,0.057,0.038,0,0,,0,,,,0,,,,,1004,1004,0,2,3,0,3,3,1,0,1,9,10,11,1,0,2,0,1,0,133472,0.406,0.951,0.01
23,2.101,0.304,0,0.058,0.124,0,0,,0,,,,0,,,,,1004,1004,0,2,3,0,3,3,1,0,1,9,10,11,1,0,2,0,1,0,133472,0.368,0.956,0.009
24,2.389,0.676,0.001,0.053,0.044,0,0,,0,,,,0,,,,,1004,1004,0,2,3,0,3,3,1,0,1,9,10,11,1,0,2,0,1,0,133472,0.369,0.991,0.01
25,3.232,0.78,0,0.051,0.06,0,0,,0,,,,0,,,,,1004,1004,0,2,3,0,3,3,1,0,1,9,10,11,1,0,2,0,1,0,133472,0.493,1.465,0.019
26,3.43,0.963,0,0.067,0.064,0,0,,0,,,,0,,,,,1004,1004,0,2,3,0,3,3,1,0,1,9,10,11,1,0,2,0,1,0,133472,0.525,1.406,0.019
27,1.956,0.001,0,0.052,0.037,0,0,,0,,,,0,,,,,1004,1004,0,2,3,0,3,3,1,0,1,9,10,11,1,0,2,0,1,0,133472,0.478,1.097,0.011
28,2.096,0,0,0.042,0.032,0,0,,0,,,,0,,,,,1004,1004,0,2,3,0,3,3,1,0,1,9,10,11,1,0,2,0,1,0,133472,0.437,1.298,0.013
29,2.878,1.02,0,0.057,0.043,0,0,,0,,,,0,,,,,1004,1004,0,2,3,0,3,3,1,0,1,9,10,11,1,0,2,0,1,0,133472,0.427,1.025,0.011
30,1.828,0.001,0.001,0.036,0.031,0,0,,1,93.75,233283584,288538624,1,71217344,71217344,167755776,38823561584,1004,1004,0,2,3,0,3,3,1,0,1,9,10,11,1,0,2,0,1,0,133472,0.422,1.082,0.01
31,2.539,0.291,0,0.053,0.048,0,0,,0,,,,0,,,,,1004,1004,0,2,3,0,3,3,1,0,1,9,10,11,1,0,2,0,1,0,133472,0.507,1.251,0.016
32,2.971,0.001,0,0.062,0.104,0,0,,0,,,,0,,,,,1004,1004,0,2,3,0,3,3,1,0,1,9,10,11,1,0,2,0,1,0,133472,0.616,1.718,0.019
33,3.286,0.77,0.001,0.117,0.05,0,0,,0,,,,0,,,,,1004,1004,0,2,3,0,3,3,1,0,1,9,10,11,1,0,2,0,1,0,133472,0.604,1.334,0.014
34,1.975,0,0,0.062,0.036,0,0,,0,,,,0,,,,,1004,1004,0,2,3,0,3,3,1,0,1,9,10,11,1,0,2,0,1,0,133472,0.469,1.087,0.012
35,2.112,0.009,0,0.049,0.03,0,0,,0,,,,0,,,,,1004,1004,0,2,3,0,3,3,1,0,1,9,10,11,1,0,2,0,1,0,133472,0.511,1.223,0.01
36,2.615,0.342,0.001,0.053,0.068,0,0,,0,,,,0,,,,,1004,1004,0,2,3,0,3,3,1,0,1,9,10,11,1,0,2,0,1,0,133472,0.494,1.289,0.014
37,2.704,0.001,0,0.079,0.055,0,0,,0,,,,0,,,,,1004,1004,0,2,3,0,3,3,1,0,1,9,10,11,1,0,2,0,1,0,133472,0.492,1.626,0.02
38,3.146,0.001,0,0.064,0.093,0,0,,0,,,,0,,,,,1004,1004,0,2,3,0,3,3,1,0,1,9,10,11,1,0,2,0,1,0,133472,0.914,1.627,0.021
39,2.76,0.001,0,0.089,0.05,0,0,,0,,,,0,,,,,1004,1004,0,2,3,0,3,3,1,0,1,9,10,11,1,0,2,0,1,0,133472,0.651,1.526,0.018
40,1.914,0.119,0.001,0.098,0.03,0,0,,0,,,,0,,,,,1004,1004,0,2,3,0,3,3,1,0,1,9,10,11,1,0,2,0,1,0,133472,0.482,0.802,0.008
41,8.448,5.252,0.001,0.105,0.08,0,0,,0,,,,0,,,,,1004,1004,0,2,3,0,3,3,1,0,1,9,10,11,1,0,2,0,1,0,133472,0.712,1.698,0.024
42,11.618,8.937,0.001,0.11,0.083,0,0,,0,,,,0,,,,,1004,1004,0,2,3,0,3,3,1,0,1,9,10,11,1,0,2,0,1,0,133472,0.519,1.416,0.022
43,8.565,5.633,0.001,0.128,0.049,0,0,,0,,,,0,,,,,1004,1004,0,2,3,0,3,3,1,0,1,9,10,11,1,0,2,0,1,0,133472,0.631,1.536,0.02
44,8.907,6.697,0,0.067,0.077,0,0,,0,,,,0,,,,,1004,1004,0,2,3,0,3,3,1,0,1,9,10,11,1,0,2,0,1,0,133472,0.468,1.204,0.021
45,2.103,0.001,0,0.064,0.035,0,0,,0,,,,0,,,,,1004,1004,0,2,3,0,3,3,1,0,1,9,10,11,1,0,2,0,1,0,133472,0.438,1.221,0.03
46,2.115,0.001,0.001,0.046,0.045,0,0,,0,,,,0,,,,,1004,1004,0,2,3,0,3,3,1,0,1,9,10,11,1,0,2,0,1,0,133472,0.477,1.247,0.018
47,3.749,0.609,0.001,0.068,0.111,0,0,,0,,,,0,,,,,1004,1004,0,2,3,0,3,3,1,0,1,9,10,11,1,0,2,0,1,0,133472,0.966,1.447,0.018
48,3.499,0.001,0.001,0.09,0.077,0,0,,0,,,,0,,,,,1004,1004,0,2,3,0,3,3,1,0,1,9,10,11,1,0,2,0,1,0,133472,0.87,2.105,0.016
49,3.831,0,0,0.106,0.063,0,0,,0,,,,0,,,,,1004,1004,0,2,3,0,3,3,1,0,1,9,10,11,1,0,2,0,1,0,133472,0.631,2.509,0.025
50,3.932,0,0,0.102,0.066,0,0,,0,,,,0,,,,,1004,1004,0,2,3,0,3,3,1,0,1,9,10,11,1,0,2,0,1,0,133472,0.6,2.729,0.014
51,3.042,0.001,0.001,0.114,0.05,0,0,,0,,,,0,,,,,1004,1004,0,2,3,0,3,3,1,0,1,9,10,11,1,0,2,0,1,0,133472,0.909,1.398,0.017
52,3.372,0.001,0,0.083,0.068,0,0,,0,,,,0,,,,,1004,1004,0,2,3,0,3,3,1,0,1,9,10,11,1,0,2,0,1,0,133472,0.712,1.983,0.026
53,3.335,0.001,0,0.116,0.048,0,0,,0,,,,0,,,,,1004,1004,0,2,3,0,3,3,1,0,1,9,10,11,1,0,2,0,1,0,133472,0.847,1.758,0.017
54,2.826,0,0,0.082,0.041,0,0,,0,,,,0,,,,,1004,1004,0,2,3,0,3,3,1,0,1,9,10,11,1,0,2,0,1,0,133472,0.652,1.754,0.011
55,2.263,0.001,0,0.062,0.03,0,0,,0,,,,0,,,,,1004,1004,0,2,3,0,3,3,1,0,1,9,10,11,1,0,2,0,1,0,133472,0.564,1.292,0.01
56,1.933,0,0,0.062,0.035,0,0,,0,,,,0,,,,,1004,1004,0,2,3,0,3,3,1,0,1,9,10,11,1,0,2,0,1,0,133472,0.443,1.131,0.01
57,2.332,0,0,0.056,0.038,0,0,,0,,,,0,,,,,1004,1004,0,2,3,0,3,3,1,0,1,9,10,11,1,0,2,0,1,0,133472,0.463,1.5,0.014
58,2.78,0.001,0,0.065,0.034,0,0,,0,,,,0,,,,,1004,1004,0,2,3,0,3,3,1,0,1,9,10,11,1,0,2,0,1,0,133472,0.723,1.564,0.014
59,2.494,0.001,0,0.075,0.038,0,0,,0,,,,0,,,,,1004,1004,0,2,3,0,3,3,1,0,1,9,10,11,1,0,2,0,1,0,133472,0.648,1.396,0.015
60,2.614,0.001,0,0.065,0.043,0,0,,1,187.5,233287680,288538624,1,71217344,71217344,167755776,38823561584,1004,1004,0,2,3,0,3,3,1,0,1,9,10,11,1,0,2,0,1,0,133472,0.65,1.47,0.016
61,2.165,0.001,0.001,0.073,0.034,0,0,,0,,,,0,,,,,1004,1004,0,2,3,0,3,3,1,0,1,9,10,11,1,0,2,0,1,0,133472,0.468,1.25,0.012
62,2.316,0,0,0.06,0.035,0,0,,0,,,,0,,,,,1004,1004,0,2,3,0,3,3,1,0,1,9,10,11,1,0,2,0,1,0,133472,0.55,1.317,0.011
63,1.933,0,0,0.061,0.042,0,0,,0,,,,0,,,,,1004,1004,0,2,3,0,3,3,1,0,1,9,10,11,1,0,2,0,1,0,133472,0.449,1.111,0.011
64,3.925,0.548,0.001,0.078,0.076,0,0,,0,,,,0,,,,,1004,1004,0,2,3,0,3,3,1,0,1,9,10,11,1,0,2,0,1,0,133472,0.755,1.935,0.023
65,3.226,0.001,0,0.092,0.058,0,0,,0,,,,0,,,,,1004,1004,0,2,3,0,3,3,1,0,1,9,10,11,1,0,2,0,1,0,133472,0.651,1.901,0.022
66,2.155,0,0,0.092,0.047,0,0,,0,,,,0,,,,,1004,1004,0,2,3,0,3,3,1,0,1,9,10,11,1,0,2,0,1,0,133472,0.539,1.098,0.015
67,3.256,0.268,0.001,0.097,0.06,0,0,,0,,,,0,,,,,1004,1004,0,2,3,0,3,3,1,0,1,9,10,11,1,0,2,0,1,0,133472,0.683,1.667,0.02
68,1.907,0.001,0,0.068,0.027,0,0,,0,,,,0,,,,,1004,1004,0,2,3,0,3,3,1,0,1,9,10,11,1,0,2,0,1,0,133472,0.431,1.111,0.01
69,2.582,0.575,0,0.046,0.046,0,0,,0,,,,0,,,,,1004,1004,0,2,3,0,3,3,1,0,1,9,10,11,1,0,2,0,1,0,133472,0.436,1.16,0.012
70,2.341,0,0,0.039,0.042,0,0,,0,,,,0,,,,,1004,1004,0,2,3,0,3,3,1,0,1,9,10,11,1,0,2,0,1,0,133472,0.542,1.394,0.015
71,2.912,0,0,0.055,0.061,0,0,,0,,,,0,,,,,1004,1004,0,2,3,0,3,3,1,0,1,9,10,11,1,0,2,0,1,0,133472,0.629,1.768,0.019
72,2.358,0,0,0.059,0.039,0,0,,0,,,,0,,,,,1004,1004,0,2,3,0,3,3,1,0,1,9,10,11,1,0,2,0,1,0,133472,0.595,1.292,0.014
73,2.865,0.296,0.001,0.075,0.058,0,0,,0,,,,0,,,,,1004,1004,0,2,3,0,3,3,1,0,1,9,10,11,1,0,2,0,1,0,133472,0.539,1.497,0.015
74,3.152,0.001,0.001,0.065,0.039,0,0,,0,,,,0,,,,,1004,1004,0,2,3,0,3,3,1,0,1,9,10,11,1,0,2,0,1,0,133472,0.885,1.783,0.016
75,1.782,0.001,0,0.048,0.028,0,0,,0,,,,0,,,,,1004,1004,0,2,3,0,3,3,1,0,1,9,10,11,1,0,2,0,1,0,133472,0.42,0.983,0.01
76,2.8,0.232,0,0.046,0.064,0,0,,0,,,,0,,,,,1004,1004,0,2,3,0,3,3,1,0,1,9,10,11,1,0,2,0,1,0,133472,0.403,1.627,0.036
77,2.937,0.001,0,0.112,0.062,0,0,,0,,,,0,,,,,1004,1004,0,2,3,0,3,3,1,0,1,9,10,11,1,0,2,0,1,0,133472,0.648,1.706,0.021
78,2.601,0,0,0.098,0.04,0,0,,0,,,,0,,,,,1004,1004,0,2,3,0,3,3,1,0,1,9,10,11,1,0,2,0,1,0,133472,0.628,1.407,0.015
79,1.988,0.43,0,0.049,0.042,0,0,,0,,,,0,,,,,1004,1004,0,2,3,0,3,3,1,0,1,9,10,11,1,0,2,0,1,0,133472,0.395,0.727,0.01
80,2.81,0.685,0,0.063,0.053,0,0,,0,,,,0,,,,,1004,1004,0,2,3,0,3,3,1,0,1,9,10,11,1,0,2,0,1,0,133472,0.465,1.211,0.014
81,2.157,0.155,0,0.061,0.035,0,0,,0,,,,0,,,,,1004,1004,0,2,3,0,3,3,1,0,1,9,10,11,1,0,2,0,1,0,133472,0.527,1.056,0.01
82,2.194,0.333,0,0.075,0.04,0,0,,0,,,,0,,,,,1004,1004,0,2,3,0,3,3,1,0,1,9,10,11,1,0,2,0,1,0,133472,0.392,1.063,0.012
83,3.407,0.557,0,0.049,0.059,0,0,,0,,,,0,,,,,1004,1004,0,2,3,0,3,3,1,0,1,9,10,11,1,0,2,0,1,0,133472,0.666,1.526,0.024
84,3.491,0.481,0,0.061,0.073,0,0,,0,,,,0,,,,,1004,1004,0,2,3,0,3,3,1,0,1,9,10,11,1,0,2,0,1,0,133472,0.696,1.725,0.028
85,2.516,0.001,0,0.074,0.049,0,0,,0,,,,0,,,,,1004,1004,0,2,3,0,3,3,1,0,1,9,10,11,1,0,2,0,1,0,133472,0.523,1.476,0.019
86,2.722,0.502,0.001,0.107,0.039,0,0,,0,,,,0,,,,,1004,1004,0,2,3,0,3,3,1,0,1,9,10,11,1,0,2,0,1,0,133472,0.454,1.241,0.012
87,2.293,0.22,0.001,0.048,0.035,0,0,,0,,,,0,,,,,1004,1004,0,2,3,0,3,3,1,0,1,9,10,11,1,0,2,0,1,0,133472,0.486,1.088,0.01
88,2.825,0.582,0.001,0.102,0.034,0,0,,0,,,,0,,,,,1004,1004,0,2,3,0,3,3,1,0,1,9,10,11,1,0,2,0,1,0,133472,0.44,1.323,0.012
89,3.619,0.468,0.001,0.107,0.101,0,0,,0,,,,0,,,,,1004,1004,0,2,3,0,3,3,1,0,1,9,10,11,1,0,2,0,1,0,133472,0.629,1.762,0.026
90,2.631,0.001,0.001,0.068,0.037,0,0,,1,281.25,233295872,288538624,1,71217344,71217344,167755776,38823561584,1004,1004,0,2,3,0,3,3,1,0,1,9,10,11,1,0,2,0,1,0,133472,0.668,1.396,0.022
91,2.948,0.768,0.001,0.058,0.038,0,0,,0,,,,0,,,,,1004,1004,0,2,3,0,3,3,1,0,1,9,10,11,1,0,2,0,1,0,133472,0.469,1.249,0.014
92,1.935,0.168,0.001,0.097,0.063,0,0,,0,,,,0,,,,,1004,1004,0,2,3,0,3,3,1,0,1,9,10,11,1,0,2,0,1,0,133472,0.389,0.866,0.008
93,2.301,0.656,0.001,0.087,0.031,0,0,,0,,,,0,,,,,1004,1004,0,2,3,0,3,3,1,0,1,9,10,11,1,0,2,0,1,0,133472,0.427,0.758,0.006
94,2.187,0.7,0,0.084,0.027,0,0,,0,,,,0,,,,,1004,1004,0,2,3,0,3,3,1,0,1,9,10,11,1,0,2,0,1,0,133472,0.36,0.756,0.006
95,3.699,0.852,0,0.088,0.067,0,0,,0,,,,0,,,,,1004,1004,0,2,3,0,3,3,1,0,1,9,10,11,1,0,2,0,1,0,133472,0.58,1.565,0.022
96,2.604,0.001,0,0.074,0.033,0,0,,0,,,,0,,,,,1004,1004,0,2,3,0,3,3,1,0,1,9,10,11,1,0,2,0,1,0,133472,0.625,1.45,0.016
97,2.775,0.75,0.001,0.087,0.044,0,0,,0,,,,0,,,,,1004,1004,0,2,3,0,3,3,1,0,1,9,10,11,1,0,2,0,1,0,133472,0.428,1.102,0.012
98,2.376,0.366,0.001,0.058,0.036,0,0,,0,,,,0,,,,,1004,1004,0,2,3,0,3,3,1,0,1,9,10,11,1,0,2,0,1,0,133472,0.46,1.131,0.013
99,2.315,0.277,0,0.075,0.033,0,0,,0,,,,0,,,,,1004,1004,0,2,3,0,3,3,1,0,1,9,10,11,1,0,2,0,1,0,133472,0.453,1.173,0.012
100,2.332,0.236,0,0.066,0.039,0,0,,0,,,,0,,,,,1004,1004,0,2,3,0,3,3,1,0,1,9,10,11,1,0,2,0,1,0,133472,0.501,1.139,0.012
101,2.387,0.292,0,0.062,0.037,0,0,,0,,,,0,,,,,1004,1004,0,2,3,0,3,3,1,0,1,9,10,11,1,0,2,0,1,0,133472,0.43,1.242,0.012
102,2.653,0.001,0,0.07,0.037,0,0,,0,,,,0,,,,,1004,1004,0,2,3,0,3,3,1,0,1,9,10,11,1,0,2,0,1,0,133472,0.541,1.615,0.017
103,3.75,0.875,0.001,0.099,0.064,0,0,,0,,,,0,,,,,1004,1004,0,2,3,0,3,3,1,0,1,9,10,11,1,0,2,0,1,0,133472,0.682,1.522,0.018
104,5.43,2.919,0,0.068,0.051,0,0,,0,,,,0,,,,,1004,1004,0,2,3,0,3,3,1,0,1,9,10,11,1,0,2,0,1,0,133472,0.49,1.553,0.015
105,2.154,0.001,0,0.058,0.037,0,0,,0,,,,0,,,,,1004,1004,0,2,3,0,3,3,1,0,1,9,10,11,1,0,2,0,1,0,133472,0.519,1.24,0.012
106,1.993,0.001,0,0.055,0.04,0,0,,0,,,,0,,,,,1004,1004,0,2,3,0,3,3,1,0,1,9,10,11,1,0,2,0,1,0,133472,0.504,1.102,0.014
107,2.281,0.001,0,0.075,0.036,0,0,,0,,,,0,,,,,1004,1004,0,2,3,0,3,3,1,0,1,9,10,11,1,0,2,0,1,0,133472,0.517,1.341,0.013
108,3.229,0.422,0,0.083,0.055,0,0,,0,,,,0,,,,,1004,1004,0,2,3,0,3,3,1,0,1,9,10,11,1,0,2,0,1,0,133472,0.633,1.542,0.018
109,2.793,0.584,0.001,0.123,0.055,0,0,,0,,,,0,,,,,1004,1004,0,2,3,0,3,3,1,0,1,9,10,11,1,0,2,0,1,0,133472,0.464,1.088,0.016
110,2.062,0.001,0.001,0.067,0.047,0,0,,0,,,,0,,,,,1004,1004,0,2,3,0,3,3,1,0,1,9,10,11,1,0,2,0,1,0,133472,0.44,1.206,0.016
111,2.143,0.001,0.001,0.071,0.037,0,0,,0,,,,0,,,,,1004,1004,0,2,3,0,3,3,1,0,1,9,10,11,1,0,2,0,1,0,133472,0.526,1.198,0.012
112,1.93,0.001,0,0.056,0.033,0,0,,0,,,,0,,,,,1004,1004,0,2,3,0,3,3,1,0,1,9,10,11,1,0,2,0,1,0,133472,0.43,1.15,0.011
113,2.049,0.159,0,0.057,0.037,0,0,,0,,,,0,,,,,1004,1004,0,2,3,0,3,3,1,0,1,9,10,11,1,0,2,0,1,0,133472,0.447,1.065,0.011
114,2.912,0.515,0,0.065,0.045,0,0,,0,,,,0,,,,,1004,1004,0,2,3,0,3,3,1,0,1,9,10,11,1,0,2,0,1,0,133472,0.46,1.473,0.021
115,3.024,0.644,0,0.112,0.041,0,0,,0,,,,0,,,,,1004,1004,0,2,3,0,3,3,1,0,1,9,10,11,1,0,2,0,1,0,133472,0.529,1.271,0.014
116,7.111,5.019,0,0.058,0.046,0,0,,0,,,,0,,,,,1004,1004,0,2,3,0,3,3,1,0,1,9,10,11,1,0,2,0,1,0,133472,0.469,1.173,0.014
117,2.16,0.218,0.001,0.075,0.041,0,0,,0,,,,0,,,,,1004,1004,0,2,3,0,3,3,1,0,1,9,10,11,1,0,2,0,1,0,133472,0.438,1.06,0.013
118,1.992,0.001,0,0.041,0.042,0,0,,0,,,,0,,,,,1004,1004,0,2,3,0,3,3,1,0,1,9,10,11,1,0,2,0,1,0,133472,0.407,1.205,0.014
119,2.691,0.158,0,0.062,0.056,0,0,,0,,,,0,,,,,1004,1004,0,2,3,0,3,3,1,0,1,9,10,11,1,0,2,0,1,0,133472,0.458,1.551,0.018
120,3.23,0.353,0,0.15,0.059,0,0,,1,343.75,233304064,288538624,1,71217344,71217344,167755776,38823561584,1004,1004,0,2,3,0,3,3,1,0,1,9,10,11,1,0,2,0,1,0,133472,0.654,1.361,0.016
121,3.248,0.587,0,0.066,0.054,0,0,,0,,,,0,,,,,1004,1004,0,2,3,0,3,3,1,0,1,9,10,11,1,0,2,0,1,0,133472,0.548,1.575,0.021
122,3.379,0,0.001,0.095,0.078,0,0,,0,,,,0,,,,,1004,1004,0,2,3,0,3,3,1,0,1,9,10,11,1,0,2,0,1,0,133472,0.758,1.877,0.021
123,2.983,0.001,0.001,0.073,0.048,0,0,,0,,,,0,,,,,1004,1004,0,2,3,0,3,3,1,0,1,9,10,11,1,0,2,0,1,0,133472,0.696,1.709,0.024
124,3.65,0.001,0,0.076,0.094,0,0,,0,,,,0,,,,,1004,1004,0,2,3,0,3,3,1,0,1,9,10,11,1,0,2,0,1,0,133472,1.04,1.914,0.029
125,3.559,0.002,0,0.082,0.052,0,0,,0,,,,0,,,,,1004,1004,0,2,3,0,3,3,1,0,1,9,10,11,1,0,2,0,1,0,133472,0.767,2.085,0.025
126,4.363,2.342,0,0.065,0.051,0,0,,0,,,,0,,,,,1004,1004,0,2,3,0,3,3,1,0,1,9,10,11,1,0,2,0,1,0,133472,0.473,1.073,0.013
127,2.362,0.463,0,0.053,0.033,0,0,,0,,,,0,,,,,1004,1004,0,2,3,0,3,3,1,0,1,9,10,11,1,0,2,0,1,0,133472,0.48,1.034,0.015
128,3.487,0.52,0,0.17,0.091,0,0,,0,,,,0,,,,,1004,1004,0,2,3,0,3,3,1,0,1,9,10,11,1,0,2,0,1,0,133472,0.592,1.623,0.017
129,2.746,0.001,0,0.07,0.043,0,0,,0,,,,0,,,,,1004,1004,0,2,3,0,3,3,1,0,1,9,10,11,1,0,2,0,1,0,133472,0.589,1.656,0.019
130,11.021,7.788,0.001,0.094,0.08,0,0,,0,,,,0,,,,,1004,1004,0,2,3,0,3,3,1,0,1,9,10,11,1,0,2,0,1,0,133472,0.702,1.756,0.025
131,2.758,0.001,0.001,0.071,0.046,0,0,,0,,,,0,,,,,1004,1004,0,2,3,0,3,3,1,0,1,9,10,11,1,0,2,0,1,0,133472,0.579,1.655,0.016
132,2.936,0.001,0,0.072,0.064,0,0,,0,,,,0,,,,,1004,1004,0,2,3,0,3,3,1,0,1,9,10,11,1,0,2,0,1,0,133472,0.551,1.792,0.025
133,3.122,0,0,0.099,0.053,0,0,,0,,,,0,,,,,1004,1004,0,2,3,0,3,3,1,0,1,9,10,11,1,0,2,0,1,0,133472,0.694,1.8,0.021
134,3.031,0,0,0.072,0.052,0,0,,0,,,,0,,,,,1004,1004,0,2,3,0,3,3,1,0,1,9,10,11,1,0,2,0,1,0,133472,0.633,1.818,0.022
135,2.656,0,0,0.073,0.045,0,0,,0,,,,0,,,,,1004,1004,0,2,3,0,3,3,1,0,1,9,10,11,1,0,2,0,1,0,133472,0.621,1.469,0.017
136,2.541,0.001,0,0.068,0.065,0,0,,0,,,,0,,,,,1004,1004,0,2,3,0,3,3,1,0,1,9,10,11,1,0,2,0,1,0,133472,0.555,1.431,0.021
137,2.219,0,0,0.071,0.039,0,0,,0,,,,0,,,,,1004,1004,0,2,3,0,3,3,1,0,1,9,10,11,1,0,2,0,1,0,133472,0.47,1.314,0.013
138,3.038,0.259,0,0.076,0.064,0,0,,0,,,,0,,,,,1004,1004,0,2,3,0,3,3,1,0,1,9,10,11,1,0,2,0,1,0,133472,0.623,1.588,0.019
139,2.836,0,0,0.088,0.044,0,0,,0,,,,0,,,,,1004,1004,0,2,3,0,3,3,1,0,1,9,10,11,1,0,2,0,1,0,133472,0.706,1.537,0.019
140,3.547,1.114,0.001,0.077,0.052,0,0,,0,,,,0,,,,,1004,1004,0,2,3,0,3,3,1,0,1,9,10,11,1,0,2,0,1,0,133472,0.587,1.318,0.015
141,3.188,0.586,0.001,0.066,0.062,0,0,,0,,,,0,,,,,1004,1004,0,2,3,0,3,3,1,0,1,9,10,11,1,0,2,0,1,0,133472,0.491,1.569,0.02
142,3.432,0.636,0,0.069,0.054,0,0,,0,,,,0,,,,,1004,1004,0,2,3,0,3,3,1,0,1,9,10,11,1,0,2,0,1,0,133472,0.637,1.562,0.016
143,5.573,2.491,0,0.068,0.072,0,0,,0,,,,0,,,,,1004,1004,0,2,3,0,3,3,1,0,1,9,10,11,1,0,2,0,1,0,133472,0.647,1.76,0.026
144,8.572,5.822,0.001,0.103,0.055,0,0,,0,,,,0,,,,,1004,1004,0,2,3,0,3,3,1,0,1,9,10,11,1,0,2,0,1,0,133472,0.632,1.419,0.019
145,2.995,0.001,0,0.085,0.06,0,0,,0,,,,0,,,,,1004,1004,0,2,3,0,3,3,1,0,1,9,10,11,1,0,2,0,1,0,133472,0.711,1.75,0.019
146,4.339,0.001,0,0.087,0.061,0,0,,0,,,,0,,,,,1004,1004,0,2,3,0,3,3,1,0,1,9,10,11,1,0,2,0,1,0,133472,0.969,2.639,0.034
147,4.052,0.001,0,0.138,0.06,0,0,,0,,,,0,,,,,1004,1004,0,2,3,0,3,3,1,0,1,9,10,11,1,0,2,0,1,0,133472,1.177,1.931,0.023
148,4.467,2.23,0,0.114,0.058,0,0,,0,,,,0,,,,,1004,1004,0,2,3,0,3,3,1,0,1,9,10,11,1,0,2,0,1,0,133472,0.513,1.151,0.014
149,18.467,15.493,0,0.09,0.086,0,0,,0,,,,0,,,,,1004,1004,0,2,3,0,3,3,1,0,1,9,10,11,1,0,2,0,1,0,133472,0.498,1.772,0.044
150,9.427,7.033,0.001,0.08,0.05,0,0,,1,453.125,233312256,288538624,1,71217344,71217344,167755776,38823561584,1004,1004,0,2,3,0,3,3,1,0,1,9,10,11,1,0,2,0,1,0,133472,0.551,1.203,0.023
151,10.537,8.067,0,0.063,0.064,0,0,,0,,,,0,,,,,1004,1004,0,2,3,0,3,3,1,0,1,9,10,11,1,0,2,0,1,0,133472,0.466,1.426,0.026
152,3.202,0.201,0.001,0.067,0.068,0,0,,0,,,,0,,,,,1004,1004,0,2,3,0,3,3,1,0,1,9,10,11,1,0,2,0,1,0,133472,0.707,1.649,0.025
153,4.408,1.428,0.001,0.068,0.071,0,0,,0,,,,0,,,,,1004,1004,0,2,3,0,3,3,1,0,1,9,10,11,1,0,2,0,1,0,133472,0.637,1.725,0.026
154,2.46,0.001,0,0.074,0.046,0,0,,0,,,,0,,,,,1004,1004,0,2,3,0,3,3,1,0,1,9,10,11,1,0,2,0,1,0,133472,0.621,1.299,0.016
155,3.008,0.616,0.001,0.06,0.054,0,0,,0,,,,0,,,,,1004,1004,0,2,3,0,3,3,1,0,1,9,10,11,1,0,2,0,1,0,133472,0.593,1.256,0.016
156,6.389,3.675,0,0.055,0.053,0,0,,0,,,,0,,,,,1004,1004,0,2,3,0,3,3,1,0,1,9,10,11,1,0,2,0,1,0,133472,0.611,1.521,0.019
157,12.748,10.491,0.001,0.072,0.066,0,0,,0,,,,0,,,,,1004,1004,0,2,3,0,3,3,1,0,1,9,10,11,1,0,2,0,1,0,133472,0.471,1.177,0.025
158,2.614,0,0,0.073,0.056,0,0,,0,,,,0,,,,,1004,1004,0,2,3,0,3,3,1,0,1,9,10,11,1,0,2,0,1,0,133472,0.513,1.557,0.024
159,2.72,0.001,0.001,0.075,0.044,0,0,,0,,,,0,,,,,1004,1004,0,2,3,0,3,3,1,0,1,9,10,11,1,0,2,0,1,0,133472,0.615,1.574,0.02
160,2.275,0.093,0.001,0.099,0.069,0,0,,0,,,,0,,,,,1004,1004,0,2,3,0,3,3,1,0,1,9,10,11,1,0,2,0,1,0,133472,0.487,1.115,0.022
161,2.353,0.082,0,0.127,0.053,0,0,,0,,,,0,,,,,1004,1004,0,2,3,0,3,3,1,0,1,9,10,11,1,0,2,0,1,0,133472,0.442,1.324,0.012
162,3.277,1.092,0.001,0.059,0.05,0,0,,0,,,,0,,,,,1004,1004,0,2,3,0,3,3,1,0,1,9,10,11,1,0,2,0,1,0,133472,0.487,1.233,0.013
163,2.063,0,0,0.056,0.041,0,0,,0,,,,0,,,,,1004,1004,0,2,3,0,3,3,1,0,1,9,10,11,1,0,2,0,1,0,133472,0.457,1.212,0.013
164,2.186,0.001,0,0.061,0.043,0,0,,0,,,,0,,,,,1004,1004,0,2,3,0,3,3,1,0,1,9,10,11,1,0,2,0,1,0,133472,0.467,1.302,0.013
165,2.371,0,0,0.06,0.039,0,0,,0,,,,0,,,,,1004,1004,0,2,3,0,3,3,1,0,1,9,10,11,1,0,2,0,1,0,133472,0.526,1.359,0.013
166,2.778,0.001,0,0.084,0.046,0,0,,0,,,,0,,,,,1004,1004,0,2,3,0,3,3,1,0,1,9,10,11,1,0,2,0,1,0,133472,0.589,1.677,0.017
167,2.684,0.258,0,0.074,0.052,0,0,,0,,,,0,,,,,1004,1004,0,2,3,0,3,3,1,0,1,9,10,11,1,0,2,0,1,0,133472,0.499,1.403,0.017
168,2.067,0.012,0,0.076,0.034,0,0,,0,,,,0,,,,,1004,1004,0,2,3,0,3,3,1,0,1,9,10,11,1,0,2,0,1,0,133472,0.651,0.893,0.021
169,2.617,0.69,0,0.1,0.039,0,0,,0,,,,0,,,,,1004,1004,0,2,3,0,3,3,1,0,1,9,10,11,1,0,2,0,1,0,133472,0.457,0.945,0.011
170,2.604,0.911,0,0.073,0.025,0,0,,0,,,,0,,,,,1004,1004,0,2,3,0,3,3,1,0,1,9,10,11,1,0,2,0,1,0,133472,0.407,0.882,0.007
171,2.413,0.42,0,0.121,0.042,0,0,,0,,,,0,,,,,1004,1004,0,2,3,0,3,3,1,0,1,9,10,11,1,0,2,0,1,0,133472,0.457,0.993,0.013
172,2.026,0.146,0,0.058,0.046,0,0,,0,,,,0,,,,,1004,1004,0,2,3,0,3,3,1,0,1,9,10,11,1,0,2,0,1,0,133472,0.435,0.965,0.077
173,2.516,0.567,0,0.052,0.04,0,0,,0,,,,0,,,,,1004,1004,0,2,3,0,3,3,1,0,1,9,10,11,1,0,2,0,1,0,133472,0.545,0.999,0.014
174,3.166,0.988,0,0.075,0.053,0,0,,0,,,,0,,,,,1004,1004,0,2,3,0,3,3,1,0,1,9,10,11,1,0,2,0,1,0,133472,0.455,1.226,0.017
175,2.106,0.001,0,0.046,0.037,0,0,,0,,,,0,,,,,1004,1004,0,2,3,0,3,3,1,0,1,9,10,11,1,0,2,0,1,0,133472,0.45,1.261,0.012
176,2.279,0.601,0,0.046,0.031,0,0,,0,,,,0,,,,,1004,1004,0,2,3,0,3,3,1,0,1,9,10,11,1,0,2,0,1,0,133472,0.412,0.851,0.008
177,1.976,0.422,0,0.152,0.044,0,0,,0,,,,0,,,,,1004,1004,0,2,3,0,3,3,1,0,1,9,10,11,1,0,2,0,1,0,133472,0.365,0.686,0.009
178,3.411,0.572,0.001,0.424,0.066,0,0,,0,,,,0,,,,,1004,1004,0,2,3,0,3,3,1,0,1,9,10,11,1,0,2,0,1,0,133472,0.498,1.388,0.02
179,3.069,0,0,0.058,0.084,0,0,,0,,,,0,,,,,1004,1004,0,2,3,0,3,3,1,0,1,9,10,11,1,0,2,0,1,0,133472,0.743,1.684,0.026
180,2.403,0.002,0.001,0.099,0.039,0,0,,1,515.625,233328640,288538624,1,71217344,71217344,167755776,38823561584,1004,1004,0,2,3,0,3,3,1,0,1,9,10,11,1,0,2,0,1,0,133472,0.576,1.246,0.014
181,4.716,3.226,0.001,0.087,0.036,0,0,,0,,,,0,,,,,1004,1004,0,2,3,0,3,3,1,0,1,9,10,11,1,0,2,0,1,0,133472,0.333,0.721,0.007
182,6.189,2.952,0,0.15,0.077,0,0,,0,,,,0,,,,,1004,1004,0,2,3,0,3,3,1,0,1,9,10,11,1,0,2,0,1,0,133472,0.601,1.889,0.021
183,3.388,0,0,0.074,0.078,0,0,,0,,,,0,,,,,1004,1004,0,2,3,0,3,3,1,0,1,9,10,11,1,0,2,0,1,0,133472,0.699,1.969,0.029
184,3.078,0.002,0,0.077,0.047,0,0,,0,,,,0,,,,,1004,1004,0,2,3,0,3,3,1,0,1,9,10,11,1,0,2,0,1,0,133472,0.752,1.72,0.016
185,3.062,0,0.001,0.072,0.05,0,0,,0,,,,0,,,,,1004,1004,0,2,3,0,3,3,1,0,1,9,10,11,1,0,2,0,1,0,133472,0.675,1.889,0.014
186,2.422,0,0,0.062,0.04,0,0,,0,,,,0,,,,,1004,1004,0,2,3,0,3,3,1,0,1,9,10,11,1,0,2,0,1,0,133472,0.613,1.361,0.01
187,2.997,0,0,0.047,0.102,0,0,,0,,,,0,,,,,1004,1004,0,2,3,0,3,3,1,0,1,9,10,11,1,0,2,0,1,0,133472,0.569,1.852,0.019
188,3.398,0.001,0,0.118,0.076,0,0,,0,,,,0,,,,,1004,1004,0,2,3,0,3,3,1,0,1,9,10,11,1,0,2,0,1,0,133472,0.908,1.524,0.022
189,2.532,0.001,0.001,0.076,0.039,0,0,,0,,,,0,,,,,1004,1004,0,2,3,0,3,3,1,0,1,9,10,11,1,0,2,0,1,0,133472,0.595,1.403,0.016
190,8.546,6.381,0.001,0.114,0.056,0,0,,0,,,,0,,,,,1004,1004,0,2,3,0,3,3,1,0,1,9,10,11,1,0,2,0,1,0,133472,0.385,1.12,0.021
191,20.949,17.386,0,0.08,0.096,0,0,,0,,,,0,,,,,1004,1004,0,2,3,0,3,3,1,0,1,9,10,11,1,0,2,0,1,0,133472,0.669,2.065,0.024
192,18.821,15.328,0.001,0.12,0.075,0,0,,0,,,,0,,,,,1004,1004,0,2,3,0,3,3,1,0,1,9,10,11,1,0,2,0,1,0,133472,0.74,1.908,0.025
193,3.034,0,0,0.084,0.044,0,0,,0,,,,0,,,,,1004,1004,0,2,3,0,3,3,1,0,1,9,10,11,1,0,2,0,1,0,133472,0.762,1.682,0.022
194,3.738,0.451,0.001,0.152,0.054,0,0,,0,,,,0,,,,,1004,1004,0,2,3,0,3,3,1,0,1,9,10,11,1,0,2,0,1,0,133472,0.656,1.904,0.021
195,2.84,0,0,0.093,0.059,0,0,,0,,,,0,,,,,1004,1004,0,2,3,0,3,3,1,0,1,9,10,11,1,0,2,0,1,0,133472,0.676,1.582,0.018
196,2.714,0.001,0,0.076,0.046,0,0,,0,,,,0,,,,,1004,1004,0,2,3,0,3,3,1,0,1,9,10,11,1,0,2,0,1,0,133472,0.633,1.539,0.017
197,2.876,0,0.001,0.059,0.044,0,0,,0,,,,0,,,,,1004,1004,0,2,3,0,3,3,1,0,1,9,10,11,1,0,2,0,1,0,133472,0.636,1.691,0.02
198,2.653,0.001,0,0.058,0.033,0,0,,0,,,,0,,,,,1004,1004,0,2,3,0,3,3,1,0,1,9,10,11,1,0,2,0,1,0,133472,0.602,1.588,0.016
199,8.172,5.962,0,0.115,0.056,0,0,,0,,,,0,,,,,1004,1004,0,2,3,0,3,3,1,0,1,9,10,11,1,0,2,0,1,0,133472,0.46,1.157,0.016
200,5.198,2.356,0,0.099,0.082,0,0,,0,,,,0,,,,,1004,1004,0,2,3,0,3,3,1,0,1,9,10,11,1,0,2,0,1,0,133472,0.476,1.705,0.033
201,2.937,0.001,0,0.113,0.055,0,0,,0,,,,0,,,,,1004,1004,0,2,3,0,3,3,1,0,1,9,10,11,1,0,2,0,1,0,133472,0.703,1.598,0.025
202,1.937,0,0,0.053,0.028,0,0,,0,,,,0,,,,,1004,1004,0,2,3,0,3,3,1,0,1,9,10,11,1,0,2,0,1,0,133472,0.503,1.056,0.008
203,2.086,0,0,0.033,0.035,0,0,,0,,,,0,,,,,1004,1004,0,2,3,0,3,3,1,0,1,9,10,11,1,0,2,0,1,0,133472,0.42,1.289,0.043
204,1.916,0,0,0.038,0.038,0,0,,0,,,,0,,,,,1004,1004,0,2,3,0,3,3,1,0,1,9,10,11,1,0,2,0,1,0,133472,0.41,1.135,0.053
205,2.072,0,0,0.15,0.031,0,0,,0,,,,0,,,,,1004,1004,0,2,3,0,3,3,1,0,1,9,10,11,1,0,2,0,1,0,133472,0.494,1.103,0.009
206,1.95,0,0.001,0.037,0.034,0,0,,0,,,,0,,,,,1004,1004,0,2,3,0,3,3,1,0,1,9,10,11,1,0,2,0,1,0,133472,0.422,1.171,0.01
207,2.726,0.325,0.001,0.115,0.055,0,0,,0,,,,0,,,,,1004,1004,0,2,3,0,3,3,1,0,1,9,10,11,1,0,2,0,1,0,133472,0.471,1.353,0.021
208,2.831,0.074,0,0.09,0.047,0,0,,0,,,,0,,,,,1004,1004,0,2,3,0,3,3,1,0,1,9,10,11,1,0,2,0,1,0,133472,0.559,1.61,0.026
209,3.287,1.301,0.001,0.104,0.083,0,0,,0,,,,0,,,,,1004,1004,0,2,3,0,3,3,1,0,1,9,10,11,1,0,2,0,1,0,133472,0.441,1.014,0.009
210,5.349,0.482,0,0.107,0.067,0,0,,1,593.75,233336832,288538624,1,71217344,71217344,167755776,38823561584,1004,1004,0,2,3,0,3,3,1,0,1,9,10,11,1,0,2,0,1,0,133472,1.105,2.999,0.017
211,2.299,0.001,0,0.063,0.05,0,0,,0,,,,0,,,,,1004,1004,0,2,3,0,3,3,1,0,1,9,10,11,1,0,2,0,1,0,133472,0.606,1.091,0.011
212,1.855,0.001,0,0.082,0.034,0,0,,0,,,,0,,,,,1004,1004,0,2,3,0,3,3,1,0,1,9,10,11,1,0,2,0,1,0,133472,0.373,1.128,0.011
213,2.597,0.311,0,0.039,0.056,0,0,,0,,,,0,,,,,1004,1004,0,2,3,0,3,3,1,0,1,9,10,11,1,0,2,0,1,0,133472,0.6,1.284,0.019
214,2.233,0.124,0,0.059,0.027,0,0,,0,,,,0,,,,,1004,1004,0,2,3,0,3,3,1,0,1,9,10,11,1,0,2,0,1,0,133472,0.502,1.194,0.011
215,3.391,1.17,0.001,0.083,0.04,0,0,,0,,,,0,,,,,1004,1004,0,2,3,0,3,3,1,0,1,9,10,11,1,0,2,0,1,0,133472,0.435,1.25,0.013
216,3.182,1.173,0.001,0.104,0.033,0,0,,0,,,,0,,,,,1004,1004,0,2,3,0,3,3,1,0,1,9,10,11,1,0,2,0,1,0,133472,0.423,1.025,0.009
217,1.937,0.354,0,0.102,0.025,0,0,,0,,,,0,,,,,1004,1004,0,2,3,0,3,3,1,0,1,9,10,11,1,0,2,0,1,0,133472,0.345,0.835,0.006
218,2.888,0.752,0.001,0.089,0.072,0,0,,0,,,,0,,,,,1004,1004,0,2,3,0,3,3,1,0,1,9,10,11,1,0,2,0,1,0,133472,0.344,1.171,0.032
219,2.733,0.001,0.001,0.118,0.06,0,0,,0,,,,0,,,,,1004,1004,0,2,3,0,3,3,1,0,1,9,10,11,1,0,2,0,1,0,133472,0.621,1.577,0.019
220,2.991,0.001,0,0.075,0.038,0,0,,0,,,,0,,,,,1004,1004,0,2,3,0,3,3,1,0,1,9,10,11,1,0,2,0,1,0,133472,0.722,1.693,0.017
221,2.239,0,0,0.054,0.035,0,0,,0,,,,0,,,,,1004,1004,0,2,3,0,3,3,1,0,1,9,10,11,1,0,2,0,1,0,133472,0.738,1.075,0.013
222,1.868,0.001,0.001,0.04,0.029,0,0,,0,,,,0,,,,,1004,1004,0,2,3,0,3,3,1,0,1,9,10,11,1,0,2,0,1,0,133472,0.442,1.117,0.01
223,1.896,0,0,0.042,0.03,0,0,,0,,,,0,,,,,1004,1004,0,2,3,0,3,3,1,0,1,9,10,11,1,0,2,0,1,0,133472,0.424,1.13,0.009
224,2.098,0.374,0.001,0.126,0.027,0,0,,0,,,,0,,,,,1004,1004,0,2,3,0,3,3,1,0,1,9,10,11,1,0,2,0,1,0,133472,0.359,0.891,0.009
225,2.34,0.597,0,0.089,0.043,0,0,,0,,,,0,,,,,1004,1004,0,2,3,0,3,3,1,0,1,9,10,11,1,0,2,0,1,0,133472,0.377,0.881,0.012
226,2.195,0.001,0.001,0.047,0.043,0,0,,0,,,,0,,,,,1004,1004,0,2,3,0,3,3,1,0,1,9,10,11,1,0,2,0,1,0,133472,0.63,1.068,0.033
227,3.777,0.002,0,0.062,0.086,0,0,,0,,,,0,,,,,1004,1004,0,2,3,0,3,3,1,0,1,9,10,11,1,0,2,0,1,0,133472,0.816,2.249,0.022
228,2.073,0.001,0.001,0.085,0.034,0,0,,0,,,,0,,,,,1004,1004,0,2,3,0,3,3,1,0,1,9,10,11,1,0,2,0,1,0,133472,0.457,1.124,0.011
229,2.429,0.633,0,0.067,0.039,0,0,,0,,,,0,,,,,1004,1004,0,2,3,0,3,3,1,0,1,9,10,11,1,0,2,0,1,0,133472,0.389,1.025,0.012
230,2.584,0.559,0,0.082,0.032,0,0,,0,,,,0,,,,,1004,1004,0,2,3,0,3,3,1,0,1,9,10,11,1,0,2,0,1,0,133472,0.431,1.063,0.013
231,2.044,0.281,0,0.074,0.042,0,0,,0,,,,0,,,,,1004,1004,0,2,3,0,3,3,1,0,1,9,10,11,1,0,2,0,1,0,133472,0.372,0.956,0.009
232,2.894,0.47,0,0.089,0.077,0,0,,0,,,,0,,,,,1004,1004,0,2,3,0,3,3,1,0,1,9,10,11,1,0,2,0,1,0,133472,0.325,1.572,0.018
233,2.835,0.001,0,0.085,0.049,0,0,,0,,,,0,,,,,1004,1004,0,2,3,0,3,3,1,0,1,9,10,11,1,0,2,0,1,0,133472,0.673,1.631,0.017
234,3.488,0,0.001,0.064,0.527,0,0,,0,,,,0,,,,,1004,1004,0,2,3,0,3,3,1,0,1,9,10,11,1,0,2,0,1,0,133472,0.637,1.695,0.028
235,3.718,0.001,0,0.082,0.072,0,0,,0,,,,0,,,,,1004,1004,0,2,3,0,3,3,1,0,1,9,10,11,1,0,2,0,1,0,133472,0.765,2.242,0.026
236,2.281,0.001,0.001,0.072,0.038,0,0,,0,,,,0,,,,,1004,1004,0,2,3,0,3,3,1,0,1,9,10,11,1,0,2,0,1,0,133472,0.558,1.258,0.014
237,1.89,0,0,0.047,0.032,0,0,,0,,,,0,,,,,1004,1004,0,2,3,0,3,3,1,0,1,9,10,11,1,0,2,0,1,0,133472,0.446,1.081,0.013
238,3.639,0,0,0.051,0.082,0,0,,0,,,,0,,,,,1004,1004,0,2,3,0,3,3,1,0,1,9,10,11,1,0,2,0,1,0,133472,0.456,2.59,0.029
239,3.386,0.001,0,0.078,0.076,0,0,,0,,,,0,,,,,1004,1004,0,2,3,0,3,3,1,0,1,9,10,11,1,0,2,0,1,0,133472,0.706,1.902,0.075
240,2.553,0.001,0,0.073,0.036,0,0,,1,687.5,233345024,288538624,1,71217344,71217344,167755776,38823561584,1004,1004,0,2,3,0,3,3,1,0,1,9,10,11,1,0,2,0,1,0,133472,0.559,1.48,0.017
241,2.153,0.001,0.001,0.059,0.041,0,0,,0,,,,0,,,,,1004,1004,0,2,3,0,3,3,1,0,1,9,10,11,1,0,2,0,1,0,133472,0.479,1.254,0.013
242,7.411,4.732,0,0.049,0.081,0,0,,0,,,,0,,,,,1004,1004,0,2,3,0,3,3,1,0,1,9,10,11,1,0,2,0,1,0,133472,0.404,1.805,0.017
243,2.663,0,0.001,0.055,0.097,0,0,,0,,,,0,,,,,1004,1004,0,2,3,0,3,3,1,0,1,9,10,11,1,0,2,0,1,0,133472,0.628,1.434,0.025
244,2.942,0.001,0,0.1,0.053,0,0,,0,,,,0,,,,,1004,1004,0,2,3,0,3,3,1,0,1,9,10,11,1,0,2,0,1,0,133472,0.702,1.607,0.015
245,2.039,0.001,0,0.072,0.031,0,0,,0,,,,0,,,,,1004,1004,0,2,3,0,3,3,1,0,1,9,10,11,1,0,2,0,1,0,133472,0.448,1.152,0.009
246,2.071,0.001,0,0.055,0.043,0,0,,0,,,,0,,,,,1004,1004,0,2,3,0,3,3,1,0,1,9,10,11,1,0,2,0,1,0,133472,0.463,1.195,0.013
247,2.825,0,0,0.071,0.047,0,0,,0,,,,0,,,,,1004,1004,0,2,3,0,3,3,1,0,1,9,10,11,1,0,2,0,1,0,133472,0.618,1.721,0.015
248,2.349,0,0,0.059,0.052,0,0,,0,,,,0,,,,,1004,1004,0,2,3,0,3,3,1,0,1,9,10,11,1,0,2,0,1,0,133472,0.612,1.295,0.009
249,1.97,0,0,0.041,0.03,0,0,,0,,,,0,,,,,1004,1004,0,2,3,0,3,3,1,0,1,9,10,11,1,0,2,0,1,0,133472,0.494,1.145,0.009
250,3.633,0.257,0,0.107,0.048,0,0,,0,,,,0,,,,,1004,1004,0,2,3,0,3,3,1,0,1,9,10,11,1,0,2,0,1,0,133472,0.691,1.945,0.018
251,1.949,0.001,0.001,0.065,0.049,0,0,,0,,,,0,,,,,1004,1004,0,2,3,0,3,3,1,0,1,9,10,11,1,0,2,0,1,0,133472,0.37,1.124,0.036
252,4.623,2.071,0,0.128,0.055,0,0,,0,,,,0,,,,,1004,1004,0,2,3,0,3,3,1,0,1,9,10,11,1,0,2,0,1,0,133472,0.514,1.522,0.013
253,2.128,0.001,0.001,0.051,0.029,0,0,,0,,,,0,,,,,1004,1004,0,2,3,0,3,3,1,0,1,9,10,11,1,0,2,0,1,0,133472,0.62,1.119,0.009
254,1.747,0,0,0.034,0.04,0,0,,0,,,,0,,,,,1004,1004,0,2,3,0,3,3,1,0,1,9,10,11,1,0,2,0,1,0,133472,0.456,0.994,0.008
255,2.156,0,0.001,0.039,0.032,0,0,,0,,,,0,,,,,1004,1004,0,2,3,0,3,3,1,0,1,9,10,11,1,0,2,0,1,0,133472,0.475,1.332,0.011
256,2.32,0.001,0,0.05,0.049,0,0,,0,,,,0,,,,,1004,1004,0,2,3,0,3,3,1,0,1,9,10,11,1,0,2,0,1,0,133472,0.598,1.251,0.013
257,2.486,0,0,0.059,0.034,0,0,,0,,,,0,,,,,1004,1004,0,2,3,0,3,3,1,0,1,9,10,11,1,0,2,0,1,0,133472,0.626,1.403,0.013
258,1.802,0.001,0.001,0.046,0.024,0,0,,0,,,,0,,,,,1004,1004,0,2,3,0,3,3,1,0,1,9,10,11,1,0,2,0,1,0,133472,0.446,1.022,0.008
259,2.226,0.303,0,0.08,0.052,0,0,,0,,,,0,,,,,1004,1004,0,2,3,0,3,3,1,0,1,9,10,11,1,0,2,0,1,0,133472,0.439,1,0.013
260,2.494,0.001,0,0.055,0.063,0,0,,0,,,,0,,,,,1004,1004,0,2,3,0,3,3,1,0,1,9,10,11,1,0,2,0,1,0,133472,0.452,1.557,0.028
261,1.855,0.001,0,0.137,0.029,0,0,,0,,,,0,,,,,1004,1004,0,2,3,0,3,3,1,0,1,9,10,11,1,0,2,0,1,0,133472,0.458,0.943,0.007
262,3.498,1.165,0.001,0.071,0.057,0,0,,0,,,,0,,,,,1004,1004,0,2,3,0,3,3,1,0,1,9,10,11,1,0,2,0,1,0,133472,0.348,1.509,0.015
263,2.519,0,0,0.064,0.042,0,0,,0,,,,0,,,,,1004,1004,0,2,3,0,3,3,1,0,1,9,10,11,1,0,2,0,1,0,133472,0.603,1.461,0.014
264,2.462,0.001,0,0.066,0.028,0,0,,0,,,,0,,,,,1004,1004,0,2,3,0,3,3,1,0,1,9,10,11,1,0,2,0,1,0,133472,0.65,1.364,0.011
265,3.154,0.934,0.001,0.091,0.051,0,0,,0,,,,0,,,,,1004,1004,0,2,3,0,3,3,1,0,1,9,10,11,1,0,2,0,1,0,133472,0.486,1.219,0.013
266,2.884,0.737,0,0.074,0.051,0,0,,0,,,,0,,,,,1004,1004,0,2,3,0,3,3,1,0,1,9,10,11,1,0,2,0,1,0,133472,0.521,1.019,0.013
267,1.681,0,0.001,0.049,0.03,0,0,,0,,,,0,,,,,1004,1004,0,2,3,0,3,3,1,0,1,9,10,11,1,0,2,0,1,0,133472,0.448,0.916,0.009
268,2.754,0.484,0,0.148,0.061,0,0,,0,,,,0,,,,,1004,1004,0,2,3,0,3,3,1,0,1,9,10,11,1,0,2,0,1,0,133472,0.463,1.241,0.016
269,2.826,0.001,0,0.071,0.044,0,0,,0,,,,0,,,,,1004,1004,0,2,3,0,3,3,1,0,1,9,10,11,1,0,2,0,1,0,133472,0.648,1.653,0.017
270,2.597,0,0,0.077,0.036,0,0,,1,781.25,233414656,288538624,1,71217344,71217344,167755776,38823561584,1004,1004,0,2,3,0,3,3,1,0,1,9,10,11,1,0,2,0,1,0,133472,0.68,1.386,0.016
271,10.94,8.646,0,0.062,0.058,0,0,,0,,,,0,,,,,1004,1004,0,2,3,0,3,3,1,0,1,9,10,11,1,0,2,0,1,0,133472,0.405,1.391,0.02
272,2.831,0.001,0,0.06,0.082,0,0,,0,,,,0,,,,,1004,1004,0,2,3,0,3,3,1,0,1,9,10,11,1,0,2,0,1,0,133472,0.676,1.569,0.021
273,2.264,0.002,0.001,0.062,0.057,0,0,,0,,,,0,,,,,1004,1004,0,2,3,0,3,3,1,0,1,9,10,11,1,0,2,0,1,0,133472,0.598,1.183,0.015
274,1.875,0.001,0,0.054,0.057,0,0,,0,,,,0,,,,,1004,1004,0,2,3,0,3,3,1,0,1,9,10,11,1,0,2,0,1,0,133472,0.465,0.956,0.041
275,1.761,0.001,0,0.056,0.024,0,0,,0,,,,0,,,,,1004,1004,0,2,3,0,3,3,1,0,1,9,10,11,1,0,2,0,1,0,133472,0.531,0.874,0.009
276,2.992,0.57,0.001,0.144,0.067,0,0,,0,,,,0,,,,,1004,1004,0,2,3,0,3,3,1,0,1,9,10,11,1,0,2,0,1,0,133472,0.528,1.265,0.018
277,2.415,0.001,0,0.056,0.043,0,0,,0,,,,0,,,,,1004,1004,0,2,3,0,3,3,1,0,1,9,10,11,1,0,2,0,1,0,133472,0.513,1.43,0.015
278,2.353,0,0,0.052,0.365,0,0,,0,,,,0,,,,,1004,1004,0,2,3,0,3,3,1,0,1,9,10,11,1,0,2,0,1,0,133472,0.667,0.917,0.007
279,2.443,0.001,0,0.075,0.042,0,0,,0,,,,0,,,,,1004,1004,0,2,3,0,3,3,1,0,1,9,10,11,1,0,2,0,1,0,133472,0.627,1.327,0.017
280,2.743,0.001,0,0.055,0.059,0,0,,0,,,,0,,,,,1004,1004,0,2,3,0,3,3,1,0,1,9,10,11,1,0,2,0,1,0,133472,0.593,1.651,0.018
281,2.24,0.001,0,0.079,0.031,0,0,,0,,,,0,,,,,1004,1004,0,2,3,0,3,3,1,0,1,9,10,11,1,0,2,0,1,0,133472,0.593,1.155,0.01
282,1.702,0,0.001,0.037,0.022,0,0,,0,,,,0,,,,,1004,1004,0,2,3,0,3,3,1,0,1,9,10,11,1,0,2,0,1,0,133472,0.458,0.938,0.007
283,1.656,0.001,0,0.029,0.026,0,0,,0,,,,0,,,,,1004,1004,0,2,3,0,3,3,1,0,1,9,10,11,1,0,2,0,1,0,133472,0.405,0.979,0.008
284,1.693,0,0.001,0.035,0.021,0,0,,0,,,,0,,,,,1004,1004,0,2,3,0,3,3,1,0,1,9,10,11,1,0,2,0,1,0,133472,0.428,0.972,0.007
285,2.959,0.866,0,0.071,0.049,0,0,,0,,,,0,,,,,1004,1004,0,2,3,0,3,3,1,0,1,9,10,11,1,0,2,0,1,0,133472,0.589,1.038,0.014
286,2.59,0.296,0.001,0.11,0.047,0,0,,0,,,,0,,,,,1004,1004,0,2,3,0,3,3,1,0,1,9,10,11,1,0,2,0,1,0,133472,0.377,1.451,0.011
287,2.255,0.001,0,0.047,0.047,0,0,,0,,,,0,,,,,1004,1004,0,2,3,0,3,3,1,0,1,9,10,11,1,0,2,0,1,0,133472,0.443,1.346,0.018
288,2.821,0.001,0,0.068,0.056,0,0,,0,,,,0,,,,,1004,1004,0,2,3,0,3,3,1,0,1,9,10,11,1,0,2,0,1,0,133472,0.617,1.689,0.015
289,3.024,0.6,0,0.066,0.052,0,0,,0,,,,0,,,,,1004,1004,0,2,3,0,3,3,1,0,1,9,10,11,1,0,2,0,1,0,133472,0.443,1.531,0.011
290,2.287,0.275,0,0.05,0.037,0,0,,0,,,,0,,,,,1004,1004,0,2,3,0,3,3,1,0,1,9,10,11,1,0,2,0,1,0,133472,0.447,1.184,0.01
291,1.793,0.272,0,0.05,0.026,0,0,,0,,,,0,,,,,1004,1004,0,2,3,0,3,3,1,0,1,9,10,11,1,0,2,0,1,0,133472,0.465,0.717,0.005
292,3.048,1.207,0,0.236,0.094,0,0,,0,,,,0,,,,,1004,1004,0,2,3,0,3,3,1,0,1,9,10,11,1,0,2,0,1,0,133472,0.349,0.812,0.02
293,2.883,0.216,0,0.116,0.063,0,0,,0,,,,0,,,,,1004,1004,0,2,3,0,3,3,1,0,1,9,10,11,1,0,2,0,1,0,133472,0.521,1.581,0.014
294,2.496,0.295,0.001,0.07,0.029,0,0,,0,,,,0,,,,,1004,1004,0,2,3,0,3,3,1,0,1,9,10,11,1,0,2,0,1,0,133472,0.537,1.207,0.014
295,3.054,1.532,0,0.094,0.027,0,0,,0,,,,0,,,,,1004,1004,0,2,3,0,3,3,1,0,1,9,10,11,1,0,2,0,1,0,133472,0.378,0.657,0.007
296,3.096,1.122,0,0.158,0.046,0,0,,0,,,,0,,,,,1004,1004,0,2,3,0,3,3,1,0,1,9,10,11,1,0,2,0,1,0,133472,0.475,0.982,0.012
297,2.136,0.001,0,0.034,0.033,0,0,,0,,,,0,,,,,1004,1004,0,2,3,0,3,3,1,0,1,9,10,11,1,0,2,0,1,0,133472,0.638,1.159,0.01
298,2.191,0.057,0,0.054,0.14,0,0,,0,,,,0,,,,,1004,1004,0,2,3,0,3,3,1,0,1,9,10,11,1,0,2,0,1,0,133472,0.462,1.178,0.011
299,1.981,0.002,0.001,0.134,0.054,0,0,,0,,,,0,,,,,1004,1004,0,2,3,0,3,3,1,0,1,9,10,11,1,0,2,0,1,0,133472,0.374,0.831,0.01
300,3.089,0.628,0,0.065,0.06,0,0,,1,859.375,233414656,288477184,1,71217344,71217344,167755776,38823561584,1004,1004,0,2,3,0,3,3,1,0,1,9,10,11,1,0,2,0,1,0,133472,0.512,1.416,0.018
301,2.853,0.631,0,0.071,0.051,0,0,,0,,,,0,,,,,1004,1004,0,2,3,0,3,3,1,0,1,9,10,11,1,0,2,0,1,0,133472,0.494,1.149,0.014
302,2.974,1.206,0,0.046,0.036,0,0,,0,,,,0,,,,,1004,1004,0,2,3,0,3,3,1,0,1,9,10,11,1,0,2,0,1,0,133472,0.358,1.036,0.012
303,3.678,0.666,0.001,0.121,0.057,0,0,,0,,,,0,,,,,1004,1004,0,2,3,0,3,3,1,0,1,9,10,11,1,0,2,0,1,0,133472,0.704,1.273,0.015
304,1.677,0.001,0,0.051,0.03,0,0,,0,,,,0,,,,,1004,1004,0,2,3,0,3,3,1,0,1,9,10,11,1,0,2,0,1,0,133472,0.422,0.929,0.008
305,3.026,0.868,0.001,0.051,0.053,0,0,,0,,,,0,,,,,1004,1004,0,2,3,0,3,3,1,0,1,9,10,11,1,0,2,0,1,0,133472,0.475,1.187,0.015
306,4.81,3.106,0.001,0.054,0.038,0,0,,0,,,,0,,,,,1004,1004,0,2,3,0,3,3,1,0,1,9,10,11,1,0,2,0,1,0,133472,0.451,0.805,0.011
307,10.124,8.049,0,0.142,0.049,0,0,,0,,,,0,,,,,1004,1004,0,2,3,0,3,3,1,0,1,9,10,11,1,0,2,0,1,0,133472,0.429,1.074,0.015
308,2.535,0,0,0.04,0.049,0,0,,0,,,,0,,,,,1004,1004,0,2,3,0,3,3,1,0,1,9,10,11,1,0,2,0,1,0,133472,0.566,1.477,0.031
309,3.353,0,0,0.072,0.051,0,0,,0,,,,0,,,,,1004,1004,0,2,3,0,3,3,1,0,1,9,10,11,1,0,2,0,1,0,133472,0.78,1.952,0.022
310,3.184,0.001,0,0.084,0.056,0,0,,0,,,,0,,,,,1004,1004,0,2,3,0,3,3,1,0,1,9,10,11,1,0,2,0,1,0,133472,0.732,1.755,0.017
311,2.11,0.001,0.001,0.076,0.052,0,0,,0,,,,0,,,,,1004,1004,0,2,3,0,3,3,1,0,1,9,10,11,1,0,2,0,1,0,133472,0.459,1.171,0.019
312,2.603,0.001,0,0.097,0.032,0,0,,0,,,,0,,,,,1004,1004,0,2,3,0,3,3,1,0,1,9,10,11,1,0,2,0,1,0,133472,0.656,1.387,0.011
313,1.822,0,0,0.042,0.025,0,0,,0,,,,0,,,,,1004,1004,0,2,3,0,3,3,1,0,1,9,10,11,1,0,2,0,1,0,133472,0.442,1.058,0.008
314,16.609,14.052,0.001,0.111,0.529,0,0,,0,,,,0,,,,,1004,1004,0,2,3,0,3,3,1,0,1,9,10,11,1,0,2,0,1,0,133472,0.417,1.072,0.013
315,1.968,0.001,0,0.041,0.06,0,0,,0,,,,0,,,,,1004,1004,0,2,3,0,3,3,1,0,1,9,10,11,1,0,2,0,1,0,133472,0.32,1.196,0.029
316,2.784,0.456,0.001,0.081,0.062,0,0,,0,,,,0,,,,,1004,1004,0,2,3,0,3,3,1,0,1,9,10,11,1,0,2,0,1,0,133472,0.543,1.265,0.018
317,2.183,0,0,0.066,0.029,0,0,,0,,,,0,,,,,1004,1004,0,2,3,0,3,3,1,0,1,9,10,11,1,0,2,0,1,0,133472,0.548,1.215,0.013
318,4.857,3.163,0.001,0.094,0.038,0,0,,0,,,,0,,,,,1004,1004,0,2,3,0,3,3,1,0,1,9,10,11,1,0,2,0,1,0,133472,0.322,0.919,0.013
319,2.594,0.756,0,0.096,0.038,0,0,,0,,,,0,,,,,1004,1004,0,2,3,0,3,3,1,0,1,9,10,11,1,0,2,0,1,0,133472,0.409,0.887,0.01
320,2.394,0.631,0,0.098,0.047,0,0,,0,,,,0,,,,,1004,1004,0,2,3,0,3,3,1,0,1,9,10,11,1,0,2,0,1,0,133472,0.326,0.918,0.01
321,2,0,0.001,0.035,0.04,0,0,,0,,,,0,,,,,1004,1004,0,2,3,0,3,3,1,0,1,9,10,11,1,0,2,0,1,0,133472,0.399,1.266,0.012
322,2.176,0.001,0,0.047,0.034,0,0,,0,,,,0,,,,,1004,1004,0,2,3,0,3,3,1,0,1,9,10,11,1,0,2,0,1,0,133472,0.475,1.29,0.014
323,2.893,0,0,0.067,0.141,0,0,,0,,,,0,,,,,1004,1004,0,2,3,0,3,3,1,0,1,9,10,11,1,0,2,0,1,0,133472,0.419,1.757,0.045
324,2.087,0.001,0,0.062,0.049,0,0,,0,,,,0,,,,,1004,1004,0,2,3,0,3,3,1,0,1,9,10,11,1,0,2,0,1,0,133472,0.499,1.152,0.014
325,4.26,2.067,0,0.061,0.065,0,0,,0,,,,0,,,,,1004,1004,0,2,3,0,3,3,1,0,1,9,10,11,1,0,2,0,1,0,133472,0.504,1.178,0.016
326,8.825,6.804,0,0.058,0.083,0,0,,0,,,,0,,,,,1004,1004,0,2,3,0,3,3,1,0,1,9,10,11,1,0,2,0,1,0,133472,0.421,0.99,0.054
327,7.868,6.379,0.001,0.054,0.04,0,0,,0,,,,0,,,,,1004,1004,0,2,3,0,3,3,1,0,1,9,10,11,1,0,2,0,1,0,133472,0.341,0.792,0.01
328,2.265,0.963,0,0.08,0.024,0,0,,0,,,,0,,,,,1004,1004,0,2,3,0,3,3,1,0,1,9,10,11,1,0,2,0,1,0,133472,0.324,0.645,0.005
329,3.025,1.099,0.001,0.081,0.104,0,0,,0,,,,0,,,,,1004,1004,0,2,3,0,3,3,1,0,1,9,10,11,1,0,2,0,1,0,133472,0.28,1.131,0.013
330,2.179,0.379,0,0.05,0.047,0,0,,1,937.5,233414656,288477184,1,71217344,71217344,167755776,38823561584,1004,1004,0,2,3,0,3,3,1,0,1,9,10,11,1,0,2,0,1,0,133472,0.421,0.959,0.018
331,3.557,1.837,0.001,0.056,0.035,0,0,,0,,,,0,,,,,1004,1004,0,2,3,0,3,3,1,0,1,9,10,11,1,0,2,0,1,0,133472,0.416,0.887,0.012
332,2.219,0.515,0,0.045,0.028,0,0,,0,,,,0,,,,,1004,1004,0,2,3,0,3,3,1,0,1,9,10,11,1,0,2,0,1,0,133472,0.36,0.927,0.01
333,6.785,4.622,0.001,0.13,0.037,0,0,,0,,,,0,,,,,1004,1004,0,2,3,0,3,3,1,0,1,9,10,11,1,0,2,0,1,0,133472,0.482,1.131,0.014
334,10.259,8.797,0,0.049,0.044,0,0,,0,,,,0,,,,,1004,1004,0,2,3,0,3,3,1,0,1,9,10,11,1,0,2,0,1,0,133472,0.357,0.704,0.012
335,4.047,1.872,0,0.097,0.031,0,0,,0,,,,0,,,,,1004,1004,0,2,3,0,3,3,1,0,1,9,10,11,1,0,2,0,1,0,133472,0.401,1.217,0.036
336,2.091,0.555,0,0.127,0.023,0,0,,0,,,,0,,,,,1004,1004,0,2,3,0,3,3,1,0,1,9,10,11,1,0,2,0,1,0,133472,0.397,0.716,0.007
337,5.166,2.418,0.001,0.073,0.06,0,0,,0,,,,0,,,,,1004,1004,0,2,3,0,3,3,1,0,1,9,10,11,1,0,2,0,1,0,133472,0.615,1.483,0.027
338,1.784,0.001,0,0.054,0.029,0,0,,0,,,,0,,,,,1004,1004,0,2,3,0,3,3,1,0,1,9,10,11,1,0,2,0,1,0,133472,0.392,0.938,0.015
339,2.615,1.079,0,0.089,0.034,0,0,,0,,,,0,,,,,1004,1004,0,2,3,0,3,3,1,0,1,9,10,11,1,0,2,0,1,0,133472,0.36,0.72,0.007
340,3.026,1.404,0.001,0.152,0.034,0,0,,0,,,,0,,,,,1004,1004,0,2,3,0,3,3,1,0,1,9,10,11,1,0,2,0,1,0,133472,0.37,0.782,0.008
341,1.254,0.001,0,0.031,0.023,0,0,,0,,,,0,,,,,1004,1004,0,2,3,0,3,3,1,0,1,9,10,11,1,0,2,0,1,0,133472,0.348,0.675,0.005
342,1.166,0.001,0,0.027,0.018,0,0,,0,,,,0,,,,,1004,1004,0,2,3,0,3,3,1,0,1,9,10,11,1,0,2,0,1,0,133472,0.318,0.657,0.004
343,1.182,0,0,0.03,0.021,0,0,,0,,,,0,,,,,1004,1004,0,2,3,0,3,3,1,0,1,9,10,11,1,0,2,0,1,0,133472,0.309,0.68,0.003
344,1.694,0.343,0,0.048,0.03,0,0,,0,,,,0,,,,,1004,1004,0,2,3,0,3,3,1,0,1,9,10,11,1,0,2,0,1,0,133472,0.307,0.737,0.009
345,3.447,0.182,0,0.157,0.071,0,0,,0,,,,0,,,,,1004,1004,0,2,3,0,3,3,1,0,1,9,10,11,1,0,2,0,1,0,133472,0.632,1.803,0.025
346,2.772,0.001,0,0.07,0.058,0,0,,0,,,,0,,,,,1004,1004,0,2,3,0,3,3,1,0,1,9,10,11,1,0,2,0,1,0,133472,0.612,1.603,0.027
347,2.562,0.001,0.001,0.055,0.038,0,0,,0,,,,0,,,,,1004,1004,0,2,3,0,3,3,1,0,1,9,10,11,1,0,2,0,1,0,133472,0.599,1.524,0.011
348,1.793,0,0,0.04,0.035,0,0,,0,,,,0,,,,,1004,1004,0,2,3,0,3,3,1,0,1,9,10,11,1,0,2,0,1,0,133472,0.414,1.058,0.01
349,1.785,0,0,0.042,0.029,0,0,,0,,,,0,,,,,1004,1004,0,2,3,0,3,3,1,0,1,9,10,11,1,0,2,0,1,0,133472,0.403,1.049,0.009
350,1.598,0,0,0.033,0.027,0,0,,0,,,,0,,,,,1004,1004,0,2,3,0,3,3,1,0,1,9,10,11,1,0,2,0,1,0,133472,0.399,0.928,0.007
351,1.588,0,0,0.034,0.037,0,0,,0,,,,0,,,,,1004,1004,0,2,3,0,3,3,1,0,1,9,10,11,1,0,2,0,1,0,133472,0.406,0.881,0.008
352,2.166,0,0,0.035,0.049,0,0,,0,,,,0,,,,,1004,1004,0,2,3,0,3,3,1,0,1,9,10,11,1,0,2,0,1,0,133472,0.569,1.226,0.014
353,2.259,0,0,0.043,0.043,0,0,,0,,,,0,,,,,1004,1004,0,2,3,0,3,3,1,0,1,9,10,11,1,0,2,0,1,0,133472,0.554,1.32,0.013
354,2.764,0,0,0.059,0.043,0,0,,0,,,,0,,,,,1004,1004,0,2,3,0,3,3,1,0,1,9,10,11,1,0,2,0,1,0,133472,0.683,1.286,0.012
355,1.867,0,0,0.056,0.033,0,0,,0,,,,0,,,,,1004,1004,0,2,3,0,3,3,1,0,1,9,10,11,1,0,2,0,1,0,133472,0.451,1.054,0.008
356,1.735,0,0,0.035,0.034,0,0,,0,,,,0,,,,,1004,1004,0,2,3,0,3,3,1,0,1,9,10,11,1,0,2,0,1,0,133472,0.438,0.978,0.008
357,2.007,0,0,0.037,0.03,0,0,,0,,,,0,,,,,1004,1004,0,2,3,0,3,3,1,0,1,9,10,11,1,0,2,0,1,0,133472,0.461,1.2,0.011
358,2.096,0.001,0,0.043,0.029,0,0,,0,,,,0,,,,,1004,1004,0,2,3,0,3,3,1,0,1,9,10,11,1,0,2,0,1,0,133472,0.444,1.291,0.01
359,2.787,0,0,0.039,0.076,0,0,,0,,,,0,,,,,1004,1004,0,2,3,0,3,3,1,0,1,9,10,11,1,0,2,0,1,0,133472,0.495,1.83,0.022
360,3.042,0,0,0.083,0.074,0,0,,1,1015.625,233414656,288477184,1,71217344,71217344,167755776,38823561584,1004,1004,0,2,3,0,3,3,1,0,1,9,10,11,1,0,2,0,1,0,133472,0.592,1.792,0.025
361,3.427,0.001,0,0.117,0.057,0,0,,0,,,,0,,,,,1004,1004,0,2,3,0,3,3,1,0,1,9,10,11,1,0,2,0,1,0,133472,0.725,1.995,0.023
362,2.273,0.001,0,0.073,0.039,0,0,,0,,,,0,,,,,1004,1004,0,2,3,0,3,3,1,0,1,9,10,11,1,0,2,0,1,0,133472,0.524,1.253,0.013
363,7.19,5.904,0.001,0.06,0.037,0,0,,0,,,,0,,,,,1004,1004,0,2,3,0,3,3,1,0,1,9,10,11,1,0,2,0,1,0,133472,0.343,0.588,0.009
364,2.471,0.111,0,0.104,0.054,0,0,,0,,,,0,,,,,1004,1004,0,2,3,0,3,3,1,0,1,9,10,11,1,0,2,0,1,0,133472,0.395,1.312,0.033
365,2.286,0.05,0.001,0.098,0.061,0,0,,0,,,,0,,,,,1004,1004,0,2,3,0,3,3,1,0,1,9,10,11,1,0,2,0,1,0,133472,0.419,0.903,0.012
366,2.806,0,0,0.074,0.053,0,0,,0,,,,0,,,,,1004,1004,0,2,3,0,3,3,1,0,1,9,10,11,1,0,2,0,1,0,133472,0.543,1.283,0.032
367,2.18,0.001,0,0.126,0.03,0,0,,0,,,,0,,,,,1004,1004,0,2,3,0,3,3,1,0,1,9,10,11,1,0,2,0,1,0,133472,0.556,1.161,0.009
368,1.871,0,0,0.034,0.029,0,0,,0,,,,0,,,,,1004,1004,0,2,3,0,3,3,1,0,1,9,10,11,1,0,2,0,1,0,133472,0.422,1.124,0.009
369,3.028,0.916,0,0.048,0.394,0,0,,0,,,,0,,,,,1004,1004,0,2,3,0,3,3,1,0,1,9,10,11,1,0,2,0,1,0,133472,0.401,1.012,0.009
370,3.098,0.383,0.001,0.099,0.058,0,0,,0,,,,0,,,,,1004,1004,0,2,3,0,3,3,1,0,1,9,10,11,1,0,2,0,1,0,133472,0.59,1.502,0.018
371,2.443,0.001,0,0.071,0.042,0,0,,0,,,,0,,,,,1004,1004,0,2,3,0,3,3,1,0,1,9,10,11,1,0,2,0,1,0,133472,0.551,1.344,0.016
372,2.73,0.205,0,0.064,0.066,0,0,,0,,,,0,,,,,1004,1004,0,2,3,0,3,3,1,0,1,9,10,11,1,0,2,0,1,0,133472,0.471,1.48,0.02
373,3.429,1.594,0,0.076,0.042,0,0,,0,,,,0,,,,,1004,1004,0,2,3,0,3,3,1,0,1,9,10,11,1,0,2,0,1,0,133472,0.407,0.998,0.018
374,1.82,0.324,0.001,0.084,0.028,0,0,,0,,,,0,,,,,1004,1004,0,2,3,0,3,3,1,0,1,9,10,11,1,0,2,0,1,0,133472,0.379,0.691,0.007
375,3.205,1.571,0,0.111,0.026,0,0,,0,,,,0,,,,,1004,1004,0,2,3,0,3,3,1,0,1,9,10,11,1,0,2,0,1,0,133472,0.401,0.739,0.007
376,3.812,1.67,0.001,0.163,0.047,0,0,,0,,,,0,,,,,1004,1004,0,2,3,0,3,3,1,0,1,9,10,11,1,0,2,0,1,0,133472,0.437,1.192,0.011
377,2.531,0.001,0,0.043,0.051,0,0,,0,,,,0,,,,,1004,1004,0,2,3,0,3,3,1,0,1,9,10,11,1,0,2,0,1,0,133472,0.594,1.473,0.027
378,2.444,0.001,0.001,0.075,0.032,0,0,,0,,,,0,,,,,1004,1004,0,2,3,0,3,3,1,0,1,9,10,11,1,0,2,0,1,0,133472,0.597,1.336,0.013
379,4.87,2.829,0,0.067,0.042,0,0,,0,,,,0,,,,,1004,1004,0,2,3,0,3,3,1,0,1,9,10,11,1,0,2,0,1,0,133472,0.443,1.136,0.012
380,3.058,0.762,0.001,0.105,0.041,0,0,,0,,,,0,,,,,1004,1004,0,2,3,0,3,3,1,0,1,9,10,11,1,0,2,0,1,0,133472,0.366,1.358,0.023
381,1.754,0.064,0,0.079,0.036,0,0,,0,,,,0,,,,,1004,1004,0,2,3,0,3,3,1,0,1,9,10,11,1,0,2,0,1,0,133472,0.357,0.851,0.008
382,3.783,1.228,0.001,0.14,0.072,0,0,,0,,,,0,,,,,1004,1004,0,2,3,0,3,3,1,0,1,9,10,11,1,0,2,0,1,0,133472,0.518,1.405,0.018
383,2.385,0.001,0.001,0.062,0.076,0,0,,0,,,,0,,,,,1004,1004,0,2,3,0,3,3,1,0,1,9,10,11,1,0,2,0,1,0,133472,0.541,1.355,0.013
384,3.43,1.002,0.001,0.111,0.048,0,0,,0,,,,0,,,,,1004,1004,0,2,3,0,3,3,1,0,1,9,10,11,1,0,2,0,1,0,133472,0.885,0.984,0.017
385,1.843,0.001,0.001,0.071,0.04,0,0,,0,,,,0,,,,,1004,1004,0,2,3,0,3,3,1,0,1,9,10,11,1,0,2,0,1,0,133472,0.423,1.049,0.008
386,2.666,0.208,0,0.083,0.05,0,0,,0,,,,0,,,,,1004,1004,0,2,3,0,3,3,1,0,1,9,10,11,1,0,2,0,1,0,133472,0.489,1.387,0.022
387,1.769,0.001,0,0.079,0.025,0,0,,0,,,,0,,,,,1004,1004,0,2,3,0,3,3,1,0,1,9,10,11,1,0,2,0,1,0,133472,0.425,0.979,0.008
388,2.027,0.086,0.001,0.091,0.031,0,0,,0,,,,0,,,,,1004,1004,0,2,3,0,3,3,1,0,1,9,10,11,1,0,2,0,1,0,133472,0.388,1.088,0.017
389,2.871,0.19,0,0.081,0.065,0,0,,0,,,,0,,,,,1004,1004,0,2,3,0,3,3,1,0,1,9,10,11,1,0,2,0,1,0,133472,0.479,1.58,0.028
390,2.354,0.001,0,0.082,0.035,0,0,,1,1093.75,233414656,288477184,1,71217344,71217344,167755776,38823561584,1004,1004,0,2,3,0,3,3,1,0,1,9,10,11,1,0,2,0,1,0,133472,0.527,1.364,0.012
391,1.816,0.001,0,0.045,0.027,0,0,,0,,,,0,,,,,1004,1004,0,2,3,0,3,3,1,0,1,9,10,11,1,0,2,0,1,0,133472,0.462,1.008,0.01
392,3.856,0.87,0.001,0.098,0.074,0,0,,0,,,,0,,,,,1004,1004,0,2,3,0,3,3,1,0,1,9,10,11,1,0,2,0,1,0,133472,0.364,2.01,0.031
393,2.005,0.001,0,0.079,0.037,0,0,,0,,,,0,,,,,1004,1004,0,2,3,0,3,3,1,0,1,9,10,11,1,0,2,0,1,0,133472,0.458,1.143,0.011
394,1.648,0,0,0.043,0.026,0,0,,0,,,,0,,,,,1004,1004,0,2,3,0,3,3,1,0,1,9,10,11,1,0,2,0,1,0,133472,0.382,0.954,0.009
395,1.798,0.175,0.001,0.084,0.034,0,0,,0,,,,0,,,,,1004,1004,0,2,3,0,3,3,1,0,1,9,10,11,1,0,2,0,1,0,133472,0.36,0.844,0.011
396,3.103,0.373,0,0.147,0.219,0,0,,0,,,,0,,,,,1004,1004,0,2,3,0,3,3,1,0,1,9,10,11,1,0,2,0,1,0,133472,0.501,1.473,0.017
397,2.647,0,0,0.094,0.037,0,0,,0,,,,0,,,,,1004,1004,0,2,3,0,3,3,1,0,1,9,10,11,1,0,2,0,1,0,133472,0.601,1.437,0.016
398,2.288,0.001,0,0.057,0.039,0,0,,0,,,,0,,,,,1004,1004,0,2,3,0,3,3,1,0,1,9,10,11,1,0,2,0,1,0,133472,0.528,1.316,0.013
399,2.719,0,0,0.054,0.065,0,0,,0,,,,0,,,,,1004,1004,0,2,3,0,3,3,1,0,1,9,10,11,1,0,2,0,1,0,133472,0.638,1.481,0.031
400,2.032,0.001,0.001,0.106,0.042,0,0,,0,,,,0,,,,,1004,1004,0,2,3,0,3,3,1,0,1,9,10,11,1,0,2,0,1,0,133472,0.664,0.814,0.011
401,3.53,1.687,0.001,0.149,0.03,0,0,,0,,,,0,,,,,1004,1004,0,2,3,0,3,3,1,0,1,9,10,11,1,0,2,0,1,0,133472,0.424,0.873,0.01
402,15.43,13.524,0,0.11,0.046,0,0,,0,,,,0,,,,,1004,1004,0,2,3,0,3,3,1,0,1,9,10,11,1,0,2,0,1,0,133472,0.389,0.881,0.014
403,5.263,2.649,0,0.097,0.058,0,0,,0,,,,0,,,,,1004,1004,0,2,3,0,3,3,1,0,1,9,10,11,1,0,2,0,1,0,133472,0.501,1.508,0.02
404,2.623,0.001,0.001,0.06,0.035,0,0,,0,,,,0,,,,,1004,1004,0,2,3,0,3,3,1,0,1,9,10,11,1,0,2,0,1,0,133472,0.644,1.474,0.015
405,2.896,0,0,0.055,0.046,0,0,,0,,,,0,,,,,1004,1004,0,2,3,0,3,3,1,0,1,9,10,11,1,0,2,0,1,0,133472,0.951,1.441,0.022
406,1.791,0.001,0.001,0.071,0.037,0,0,,0,,,,0,,,,,1004,1004,0,2,3,0,3,3,1,0,1,9,10,11,1,0,2,0,1,0,133472,0.399,1.034,0.011
407,1.937,0,0.001,0.049,0.036,0,0,,0,,,,0,,,,,1004,1004,0,2,3,0,3,3,1,0,1,9,10,11,1,0,2,0,1,0,133472,0.488,1.097,0.01
408,1.698,0,0,0.044,0.028,0,0,,0,,,,0,,,,,1004,1004,0,2,3,0,3,3,1,0,1,9,10,11,1,0,2,0,1,0,133472,0.4,0.986,0.008
409,1.727,0.001,0,0.033,0.024,0,0,,0,,,,0,,,,,1004,1004,0,2,3,0,3,3,1,0,1,9,10,11,1,0,2,0,1,0,133472,0.445,0.995,0.008
410,2.191,0,0,0.044,0.04,0,0,,0,,,,0,,,,,1004,1004,0,2,3,0,3,3,1,0,1,9,10,11,1,0,2,0,1,0,133472,0.492,1.209,0.015
411,2.164,0.001,0,0.057,0.038,0,0,,0,,,,0,,,,,1004,1004,0,2,3,0,3,3,1,0,1,9,10,11,1,0,2,0,1,0,133472,0.456,1.263,0.02
412,2.101,0.001,0,0.052,0.03,0,0,,0,,,,0,,,,,1004,1004,0,2,3,0,3,3,1,0,1,9,10,11,1,0,2,0,1,0,133472,0.512,1.201,0.012
413,2.459,0.001,0.001,0.049,0.033,0,0,,0,,,,0,,,,,1004,1004,0,2,3,0,3,3,1,0,1,9,10,11,1,0,2,0,1,0,133472,0.561,1.462,0.012
414,1.696,0.001,0,0.042,0.032,0,0,,0,,,,0,,,,,1004,1004,0,2,3,0,3,3,1,0,1,9,10,11,1,0,2,0,1,0,133472,0.416,0.954,0.007
415,2.037,0.001,0,0.039,0.027,0,0,,0,,,,0,,,,,1004,1004,0,2,3,0,3,3,1,0,1,9,10,11,1,0,2,0,1,0,133472,0.598,1.039,0.007
416,2.222,0.228,0,0.074,0.033,0,0,,0,,,,0,,,,,1004,1004,0,2,3,0,3,3,1,0,1,9,10,11,1,0,2,0,1,0,133472,0.643,0.91,0.013
417,1.647,0.001,0,0.143,0.02,0,0,,0,,,,0,,,,,1004,1004,0,2,3,0,3,3,1,0,1,9,10,11,1,0,2,0,1,0,133472,0.396,0.872,0.007
418,2.009,0,0,0.031,0.039,0,0,,0,,,,0,,,,,1004,1004,0,2,3,0,3,3,1,0,1,9,10,11,1,0,2,0,1,0,133472,0.49,1.2,0.01
419,2.311,0,0,0.053,0.037,0,0,,0,,,,0,,,,,1004,1004,0,2,3,0,3,3,1,0,1,9,10,11,1,0,2,0,1,0,133472,0.616,1.292,0.014
420,2.262,0,0,0.065,0.047,0,0,,1,1171.875,233414656,288477184,1,71217344,71217344,167755776,38823561584,1004,1004,0,2,3,0,3,3,1,0,1,9,10,11,1,0,2,0,1,0,133472,0.521,1.14,0.016
421,1.655,0.001,0.001,0.072,0.028,0,0,,0,,,,0,,,,,1004,1004,0,2,3,0,3,3,1,0,1,9,10,11,1,0,2,0,1,0,133472,0.415,0.867,0.008
422,1.735,0,0,0.072,0.04,0,0,,0,,,,0,,,,,1004,1004,0,2,3,0,3,3,1,0,1,9,10,11,1,0,2,0,1,0,133472,0.383,0.847,0.007
423,2.183,0.714,0,0.107,0.029,0,0,,0,,,,0,,,,,1004,1004,0,2,3,0,3,3,1,0,1,9,10,11,1,0,2,0,1,0,133472,0.358,0.664,0.006
424,3.123,1.253,0,0.169,0.042,0,0,,0,,,,0,,,,,1004,1004,0,2,3,0,3,3,1,0,1,9,10,11,1,0,2,0,1,0,133472,0.444,0.926,0.01
425,3.041,0.862,0.001,0.1,0.051,0,0,,0,,,,0,,,,,1004,1004,0,2,3,0,3,3,1,0,1,9,10,11,1,0,2,0,1,0,133472,0.442,1.223,0.014
426,4.173,1.328,0,0.058,0.075,0,0,,0,,,,0,,,,,1004,1004,0,2,3,0,3,3,1,0,1,9,10,11,1,0,2,0,1,0,133472,0.529,1.733,0.029
427,3.477,1.472,0.001,0.106,0.041,0,0,,0,,,,0,,,,,1004,1004,0,2,3,0,3,3,1,0,1,9,10,11,1,0,2,0,1,0,133472,0.416,1,0.011
428,2.828,0.992,0,0.09,0.032,0,0,,0,,,,0,,,,,1004,1004,0,2,3,0,3,3,1,0,1,9,10,11,1,0,2,0,1,0,133472,0.393,1.017,0.011
429,3.346,1.442,0,0.055,0.049,0,0,,0,,,,0,,,,,1004,1004,0,2,3,0,3,3,1,0,1,9,10,11,1,0,2,0,1,0,133472,0.346,1.182,0.011
430,2.454,0.001,0,0.04,0.048,0,0,,0,,,,0,,,,,1004,1004,0,2,3,0,3,3,1,0,1,9,10,11,1,0,2,0,1,0,133472,0.493,1.587,0.015
431,2.244,0,0,0.063,0.082,0,0,,0,,,,0,,,,,1004,1004,0,2,3,0,3,3,1,0,1,9,10,11,1,0,2,0,1,0,133472,0.683,0.986,0.014
432,2.239,0,0.001,0.05,0.059,0,0,,0,,,,0,,,,,1004,1004,0,2,3,0,3,3,1,0,1,9,10,11,1,0,2,0,1,0,133472,0.582,1.156,0.03
433,1.717,0.001,0,0.053,0.025,0,0,,0,,,,0,,,,,1004,1004,0,2,3,0,3,3,1,0,1,9,10,11,1,0,2,0,1,0,133472,0.436,0.939,0.009
434,1.415,0.001,0,0.043,0.018,0,0,,0,,,,0,,,,,1004,1004,0,2,3,0,3,3,1,0,1,9,10,11,1,0,2,0,1,0,133472,0.382,0.764,0.007
435,1.182,0.001,0,0.035,0.02,0,0,,0,,,,0,,,,,1004,1004,0,2,3,0,3,3,1,0,1,9,10,11,1,0,2,0,1,0,133472,0.333,0.635,0.005
436,1.361,0,0,0.032,0.024,0,0,,0,,,,0,,,,,1004,1004,0,2,3,0,3,3,1,0,1,9,10,11,1,0,2,0,1,0,133472,0.374,0.766,0.005
437,1.307,0,0,0.031,0.02,0,0,,0,,,,0,,,,,1004,1004,0,2,3,0,3,3,1,0,1,9,10,11,1,0,2,0,1,0,133472,0.379,0.722,0.005
438,2.042,1.022,0,0.035,0.021,0,0,,0,,,,0,,,,,1004,1004,0,2,3,0,3,3,1,0,1,9,10,11,1,0,2,0,1,0,133472,0.24,0.563,0.005
439,2.92,1.244,0.001,0.028,0.031,0,0,,0,,,,0,,,,,1004,1004,0,2,3,0,3,3,1,0,1,9,10,11,1,0,2,0,1,0,133472,0.276,1.143,0.012
440,1.59,0.001,0.001,0.075,0.029,0,0,,0,,,,0,,,,,1004,1004,0,2,3,0,3,3,1,0,1,9,10,11,1,0,2,0,1,0,133472,0.395,0.861,0.008
441,2.335,0,0,0.043,0.041,0,0,,0,,,,0,,,,,1004,1004,0,2,3,0,3,3,1,0,1,9,10,11,1,0,2,0,1,0,133472,0.461,1.476,0.018
442,1.551,0.001,0,0.055,0.027,0,0,,0,,,,0,,,,,1004,1004,0,2,3,0,3,3,1,0,1,9,10,11,1,0,2,0,1,0,133472,0.366,0.853,0.006
443,1.867,0.55,0.001,0.078,0.025,0,0,,0,,,,0,,,,,1004,1004,0,2,3,0,3,3,1,0,1,9,10,11,1,0,2,0,1,0,133472,0.312,0.68,0.006
444,1.61,0.268,0,0.073,0.028,0,0,,0,,,,0,,,,,1004,1004,0,2,3,0,3,3,1,0,1,9,10,11,1,0,2,0,1,0,133472,0.345,0.584,0.008
445,1.854,0.212,0,0.142,0.027,0,0,,0,,,,0,,,,,1004,1004,0,2,3,0,3,3,1,0,1,9,10,11,1,0,2,0,1,0,133472,0.367,0.792,0.007
446,1.286,0.001,0,0.033,0.023,0,0,,0,,,,0,,,,,1004,1004,0,2,3,0,3,3,1,0,1,9,10,11,1,0,2,0,1,0,133472,0.348,0.684,0.005
447,2.251,0.843,0,0.141,0.025,0,0,,0,,,,0,,,,,1004,1004,0,2,3,0,3,3,1,0,1,9,10,11,1,0,2,0,1,0,133472,0.325,0.66,0.006
448,3.028,0.932,0.001,0.12,0.105,0,0,,0,,,,0,,,,,1004,1004,0,2,3,0,3,3,1,0,1,9,10,11,1,0,2,0,1,0,133472,0.507,0.885,0.012
449,2.496,0.001,0.001,0.052,0.079,0,0,,0,,,,0,,,,,1004,1004,0,2,3,0,3,3,1,0,1,9,10,11,1,0,2,0,1,0,133472,0.668,1.386,0.016
450,2.257,0.001,0,0.06,0.043,0,0,,1,1250,233414656,288477184,1,71217344,71217344,167755776,38823561584,1004,1004,0,2,3,0,3,3,1,0,1,9,10,11,1,0,2,0,1,0,133472,0.523,1.264,0.017
451,2.352,0,0,0.05,0.071,0,0,,0,,,,0,,,,,1004,1004,0,2,3,0,3,3,1,0,1,9,10,11,1,0,2,0,1,0,133472,0.502,1.382,0.023
452,4.778,0,0,0.101,0.068,0,0,,0,,,,0,,,,,1004,1004,0,2,3,0,3,3,1,0,1,9,10,11,1,0,2,0,1,0,133472,1.081,2.881,0.022
453,5.399,0.001,0,0.104,0.105,0,0,,0,,,,0,,,,,1004,1004,0,2,3,0,3,3,1,0,1,9,10,11,1,0,2,0,1,0,133472,1.055,3.298,0.033
454,4.544,0.001,0.001,0.12,0.035,0,0,,0,,,,0,,,,,1004,1004,0,2,3,0,3,3,1,0,1,9,10,11,1,0,2,0,1,0,133472,1.1,2.631,0.014
455,1.955,0,0,0.042,0.031,0,0,,0,,,,0,,,,,1004,1004,0,2,3,0,3,3,1,0,1,9,10,11,1,0,2,0,1,0,133472,0.436,1.186,0.009
456,1.996,0,0,0.039,0.031,0,0,,0,,,,0,,,,,1004,1004,0,2,3,0,3,3,1,0,1,9,10,11,1,0,2,0,1,0,133472,0.441,1.203,0.009
457,1.96,0,0,0.04,0.033,0,0,,0,,,,0,,,,,1004,1004,0,2,3,0,3,3,1,0,1,9,10,11,1,0,2,0,1,0,133472,0.425,1.2,0.01
458,2.708,1.201,0,0.046,0.033,0,0,,0,,,,0,,,,,1004,1004,0,2,3,0,3,3,1,0,1,9,10,11,1,0,2,0,1,0,133472,0.401,0.769,0.007
459,3.928,1.687,0,0.099,0.397,0,0,,0,,,,0,,,,,1004,1004,0,2,3,0,3,3,1,0,1,9,10,11,1,0,2,0,1,0,133472,0.364,0.916,0.016
460,2.539,0.745,0,0.046,0.031,0,0,,0,,,,0,,,,,1004,1004,0,2,3,0,3,3,1,0,1,9,10,11,1,0,2,0,1,0,133472,0.482,0.92,0.012
461,4.434,2.798,0.001,0.107,0.031,0,0,,0,,,,0,,,,,1004,1004,0,2,3,0,3,3,1,0,1,9,10,11,1,0,2,0,1,0,133472,0.378,0.801,0.008
462,2.592,1.085,0,0.072,0.024,0,0,,0,,,,0,,,,,1004,1004,0,2,3,0,3,3,1,0,1,9,10,11,1,0,2,0,1,0,133472,0.333,0.773,0.007
463,3.106,1.222,0,0.085,0.088,0,0,,0,,,,0,,,,,1004,1004,0,2,3,0,3,3,1,0,1,9,10,11,1,0,2,0,1,0,133472,0.317,0.96,0.038
464,4.44,0.717,0,0.127,0.066,0,0,,0,,,,0,,,,,1004,1004,0,2,3,0,3,3,1,0,1,9,10,11,1,0,2,0,1,0,133472,0.78,1.948,0.028
465,2.519,0.001,0.001,0.076,0.041,0,0,,0,,,,0,,,,,1004,1004,0,2,3,0,3,3,1,0,1,9,10,11,1,0,2,0,1,0,133472,0.584,1.416,0.02
466,3.717,1.369,0,0.09,0.071,0,0,,0,,,,0,,,,,1004,1004,0,2,3,0,3,3,1,0,1,9,10,11,1,0,2,0,1,0,133472,0.461,1.236,0.023
467,2.134,0.001,0,0.073,0.037,0,0,,0,,,,0,,,,,1004,1004,0,2,3,0,3,3,1,0,1,9,10,11,1,0,2,0,1,0,133472,0.51,1.184,0.013
468,2.251,0.285,0,0.061,0.064,0,0,,0,,,,0,,,,,1004,1004,0,2,3,0,3,3,1,0,1,9,10,11,1,0,2,0,1,0,133472,0.453,1.072,0.012
469,2.261,0.32,0,0.083,0.045,0,0,,0,,,,0,,,,,1004,1004,0,2,3,0,3,3,1,0,1,9,10,11,1,0,2,0,1,0,133472,0.375,1.059,0.013
470,2.451,0.34,0.001,0.104,0.063,0,0,,0,,,,0,,,,,1004,1004,0,2,3,0,3,3,1,0,1,9,10,11,1,0,2,0,1,0,133472,0.429,0.829,0.336
471,9.092,7.054,0.001,0.059,0.059,0,0,,0,,,,0,,,,,1004,1004,0,2,3,0,3,3,1,0,1,9,10,11,1,0,2,0,1,0,133472,0.402,1.118,0.017
472,2.128,0.001,0.001,0.039,0.035,0,0,,0,,,,0,,,,,1004,1004,0,2,3,0,3,3,1,0,1,9,10,11,1,0,2,0,1,0,133472,0.455,1.32,0.011
473,1.869,0,0,0.041,0.029,0,0,,0,,,,0,,,,,1004,1004,0,2,3,0,3,3,1,0,1,9,10,11,1,0,2,0,1,0,133472,0.427,1.118,0.009
474,1.622,0,0,0.031,0.027,0,0,,0,,,,0,,,,,1004,1004,0,2,3,0,3,3,1,0,1,9,10,11,1,0,2,0,1,0,133472,0.418,0.932,0.01
475,2.066,0,0,0.042,0.052,0,0,,0,,,,0,,,,,1004,1004,0,2,3,0,3,3,1,0,1,9,10,11,1,0,2,0,1,0,133472,0.446,1.232,0.014
476,2.931,0.335,0,0.054,0.082,0,0,,0,,,,0,,,,,1004,1004,0,2,3,0,3,3,1,0,1,9,10,11,1,0,2,0,1,0,133472,0.629,1.427,0.029
477,3.329,1.669,0.001,0.059,0.036,0,0,,0,,,,0,,,,,1004,1004,0,2,3,0,3,3,1,0,1,9,10,11,1,0,2,0,1,0,133472,0.433,0.842,0.008
478,2.842,0.898,0,0.087,0.057,0,0,,0,,,,0,,,,,1004,1004,0,2,3,0,3,3,1,0,1,9,10,11,1,0,2,0,1,0,133472,0.386,0.827,0.008
479,2.411,0.511,0,0.139,0.034,0,0,,0,,,,0,,,,,1004,1004,0,2,3,0,3,3,1,0,1,9,10,11,1,0,2,0,1,0,133472,0.447,0.933,0.009
480,2.143,0.498,0,0.084,0.035,0,0,,1,1343.75,233414656,288477184,1,71217344,71217344,167755776,38823561584,1004,1004,0,2,3,0,3,3,1,0,1,9,10,11,1,0,2,0,1,0,133472,0.321,0.87,0.008
481,3.35,0.279,0,0.097,0.069,0,0,,0,,,,0,,,,,1004,1004,0,2,3,0,3,3,1,0,1,9,10,11,1,0,2,0,1,0,133472,0.779,1.7,0.019
482,2.82,0.001,0.001,0.073,0.038,0,0,,0,,,,0,,,,,1004,1004,0,2,3,0,3,3,1,0,1,9,10,11,1,0,2,0,1,0,133472,0.672,1.559,0.026
483,2.046,0.001,0,0.057,0.038,0,0,,0,,,,0,,,,,1004,1004,0,2,3,0,3,3,1,0,1,9,10,11,1,0,2,0,1,0,133472,0.482,1.15,0.01
484,3.071,0.001,0,0.054,0.283,0,0,,0,,,,0,,,,,1004,1004,0,2,3,0,3,3,1,0,1,9,10,11,1,0,2,0,1,0,133472,0.818,1.344,0.014
485,2.12,0.001,0,0.079,0.032,0,0,,0,,,,0,,,,,1004,1004,0,2,3,0,3,3,1,0,1,9,10,11,1,0,2,0,1,0,133472,0.571,1.092,0.011
486,2.016,0.001,0.001,0.041,0.037,0,0,,0,,,,0,,,,,1004,1004,0,2,3,0,3,3,1,0,1,9,10,11,1,0,2,0,1,0,133472,0.331,1.379,0.032
487,1.799,0.001,0,0.194,0.052,0,0,,0,,,,0,,,,,1004,1004,0,2,3,0,3,3,1,0,1,9,10,11,1,0,2,0,1,0,133472,0.414,0.895,0.01
488,2.078,0,0,0.038,0.032,0,0,,0,,,,0,,,,,1004,1004,0,2,3,0,3,3,1,0,1,9,10,11,1,0,2,0,1,0,133472,0.482,1.263,0.013
489,2.68,0.001,0.001,0.054,0.038,0,0,,0,,,,0,,,,,1004,1004,0,2,3,0,3,3,1,0,1,9,10,11,1,0,2,0,1,0,133472,0.69,1.441,0.016
490,2.035,0,0.001,0.057,0.037,0,0,,0,,,,0,,,,,1004,1004,0,2,3,0,3,3,1,0,1,9,10,11,1,0,2,0,1,0,133472,0.462,1.185,0.013
491,1.816,0,0.001,0.046,0.027,0,0,,0,,,,0,,,,,1004,1004,0,2,3,0,3,3,1,0,1,9,10,11,1,0,2,0,1,0,133472,0.431,1.055,0.01
492,1.757,0,0,0.038,0.025,0,0,,0,,,,0,,,,,1004,1004,0,2,3,0,3,3,1,0,1,9,10,11,1,0,2,0,1,0,133472,0.38,1.063,0.014
493,2.458,0.571,0.001,0.06,0.049,0,0,,0,,,,0,,,,,1004,1004,0,2,3,0,3,3,1,0,1,9,10,11,1,0,2,0,1,0,133472,0.437,1.012,0.009
494,1.568,0,0,0.033,0.027,0,0,,0,,,,0,,,,,1004,1004,0,2,3,0,3,3,1,0,1,9,10,11,1,0,2,0,1,0,133472,0.351,0.931,0.008
495,2.387,0.787,0,0.053,0.041,0,0,,0,,,,0,,,,,1004,1004,0,2,3,0,3,3,1,0,1,9,10,11,1,0,2,0,1,0,133472,0.354,0.882,0.009
496,5.271,0.001,0,0.037,0.131,0,0,,0,,,,0,,,,,1004,1004,0,2,3,0,3,3,1,0,1,9,10,11,1,0,2,0,1,0,133472,1.181,3.047,0.035
497,4.257,0.002,0,0.113,0.038,0,0,,0,,,,0,,,,,1004,1004,0,2,3,0,3,3,1,0,1,9,10,11,1,0,2,0,1,0,133472,1.177,2.253,0.013
498,2.015,0,0,0.059,0.037,0,0,,0,,,,0,,,,,1004,1004,0,2,3,0,3,3,1,0,1,9,10,11,1,0,2,0,1,0,133472,0.48,1.146,0.013
499,5.522,0,0,0.059,0.081,0,0,,0,,,,0,,,,,1004,1004,0,2,3,0,3,3,1,0,1,9,10,11,1,0,2,0,1,0,133472,1.276,3.657,0.03
500,6.083,0.001,0.001,0.118,0.115,0,0,,0,,,,0,,,,,1004,1004,0,2,3,0,3,3,1,0,1,9,10,11,1,0,2,0,1,0,133472,1.422,3.547,0.034
501,4.616,0.002,0,0.121,0.051,0,0,,0,,,,0,,,,,1004,1004,0,2,3,0,3,3,1,0,1,9,10,11,1,0,2,0,1,0,133472,1.458,2.173,0.016
502,1.511,0.001,0,0.045,0.024,0,0,,0,,,,0,,,,,1004,1004,0,2,3,0,3,3,1,0,1,9,10,11,1,0,2,0,1,0,133472,0.38,0.838,0.009
503,1.801,0.456,0,0.034,0.029,0,0,,0,,,,0,,,,,1004,1004,0,2,3,0,3,3,1,0,1,9,10,11,1,0,2,0,1,0,133472,0.348,0.716,0.007
504,2.336,0.767,0,0.075,0.033,0,0,,0,,,,0,,,,,1004,1004,0,2,3,0,3,3,1,0,1,9,10,11,1,0,2,0,1,0,133472,0.354,0.815,0.012
505,2.426,0.565,0.001,0.057,0.04,0,0,,0,,,,0,,,,,1004,1004,0,2,3,0,3,3,1,0,1,9,10,11,1,0,2,0,1,0,133472,0.446,0.958,0.012
506,2.024,0.297,0,0.051,0.037,0,0,,0,,,,0,,,,,1004,1004,0,2,3,0,3,3,1,0,1,9,10,11,1,0,2,0,1,0,133472,0.449,0.855,0.014
507,6.807,2.096,0.001,0.092,0.063,0,0,,0,,,,0,,,,,1004,1004,0,2,3,0,3,3,1,0,1,9,10,11,1,0,2,0,1,0,133472,1.174,2.663,0.018
508,2.478,0.001,0.001,0.056,0.056,0,0,,0,,,,0,,,,,1004,1004,0,2,3,0,3,3,1,0,1,9,10,11,1,0,2,0,1,0,133472,0.55,1.365,0.017
509,1.968,0.001,0,0.057,0.035,0,0,,0,,,,0,,,,,1004,1004,0,2,3,0,3,3,1,0,1,9,10,11,1,0,2,0,1,0,133472,0.473,1.109,0.01
510,2.165,0,0,0.037,0.034,0,0,,1,1421.875,233480192,288477184,1,71217344,71217344,167755776,38823561584,1004,1004,0,2,3,0,3,3,1,0,1,9,10,11,1,0,2,0,1,0,133472,0.46,1.368,0.011
511,2.548,0.001,0,0.044,0.046,0,0,,0,,,,0,,,,,1004,1004,0,2,3,0,3,3,1,0,1,9,10,11,1,0,2,0,1,0,133472,0.591,1.501,0.013
512,3.036,0.001,0,0.052,0.074,0,0,,0,,,,0,,,,,1004,1004,0,2,3,0,3,3,1,0,1,9,10,11,1,0,2,0,1,0,133472,0.581,1.892,0.028
513,3.122,1.077,0,0.098,0.353,0,0,,0,,,,0,,,,,1004,1004,0,2,3,0,3,3,1,0,1,9,10,11,1,0,2,0,1,0,133472,0.413,0.799,0.008
514,6.882,4.602,0,0.064,0.088,0,0,,0,,,,0,,,,,1004,1004,0,2,3,0,3,3,1,0,1,9,10,11,1,0,2,0,1,0,133472,0.477,1.2,0.018
515,9.125,7.366,0.001,0.054,0.044,0,0,,0,,,,0,,,,,1004,1004,0,2,3,0,3,3,1,0,1,9,10,11,1,0,2,0,1,0,133472,0.466,0.86,0.013
516,5.518,3.406,0,0.095,0.051,0,0,,0,,,,0,,,,,1004,1004,0,2,3,0,3,3,1,0,1,9,10,11,1,0,2,0,1,0,133472,0.463,1.141,0.013
517,1.94,0.001,0,0.038,0.039,0,0,,0,,,,0,,,,,1004,1004,0,2,3,0,3,3,1,0,1,9,10,11,1,0,2,0,1,0,133472,0.457,1.138,0.012
518,3.461,0.279,0.001,0.156,0.075,0,0,,0,,,,0,,,,,1004,1004,0,2,3,0,3,3,1,0,1,9,10,11,1,0,2,0,1,0,133472,0.412,2.015,0.04
519,3.382,0.602,0.001,0.065,0.057,0,0,,0,,,,0,,,,,1004,1004,0,2,3,0,3,3,1,0,1,9,10,11,1,0,2,0,1,0,133472,0.608,1.597,0.02
520,3.302,1.013,0.001,0.058,0.055,0,0,,0,,,,0,,,,,1004,1004,0,2,3,0,3,3,1,0,1,9,10,11,1,0,2,0,1,0,133472,0.499,1.271,0.015
521,2.204,0.001,0,0.053,0.037,0,0,,0,,,,0,,,,,1004,1004,0,2,3,0,3,3,1,0,1,9,10,11,1,0,2,0,1,0,133472,0.52,1.284,0.012
522,1.628,0.063,0.001,0.074,0.033,0,0,,0,,,,0,,,,,1004,1004,0,2,3,0,3,3,1,0,1,9,10,11,1,0,2,0,1,0,133472,0.414,0.758,0.007
523,3.646,1.229,0.001,0.159,0.061,0,0,,0,,,,0,,,,,1004,1004,0,2,3,0,3,3,1,0,1,9,10,11,1,0,2,0,1,0,133472,0.503,1.355,0.017
524,2.829,0.001,0,0.072,0.046,0,0,,0,,,,0,,,,,1004,1004,0,2,3,0,3,3,1,0,1,9,10,11,1,0,2,0,1,0,133472,0.611,1.682,0.017
525,2.398,0,0.001,0.086,0.038,0,0,,0,,,,0,,,,,1004,1004,0,2,3,0,3,3,1,0,1,9,10,11,1,0,2,0,1,0,133472,0.575,1.333,0.015
526,3.262,1.225,0.001,0.057,0.053,0,0,,0,,,,0,,,,,1004,1004,0,2,3,0,3,3,1,0,1,9,10,11,1,0,2,0,1,0,133472,0.42,1.13,0.015
527,8.717,5.606,0.001,0.066,0.177,0,0,,0,,,,0,,,,,1004,1004,0,2,3,0,3,3,1,0,1,9,10,11,1,0,2,0,1,0,133472,0.531,1.808,0.028
528,3.321,0.002,0.001,0.109,0.067,0,0,,0,,,,0,,,,,1004,1004,0,2,3,0,3,3,1,0,1,9,10,11,1,0,2,0,1,0,133472,0.748,1.81,0.018
529,4.002,0.001,0.001,0.073,0.039,0,0,,0,,,,0,,,,,1004,1004,0,2,3,0,3,3,1,0,1,9,10,11,1,0,2,0,1,0,133472,0.625,2.913,0.011
530,2.506,0,0,0.042,0.034,0,0,,0,,,,0,,,,,1004,1004,0,2,3,0,3,3,1,0,1,9,10,11,1,0,2,0,1,0,133472,0.446,1.58,0.011
531,1.595,0.001,0,0.044,0.022,0,0,,0,,,,0,,,,,1004,1004,0,2,3,0,3,3,1,0,1,9,10,11,1,0,2,0,1,0,133472,0.407,0.876,0.008
532,2.866,0.981,0.001,0.06,0.039,0,0,,0,,,,0,,,,,1004,1004,0,2,3,0,3,3,1,0,1,9,10,11,1,0,2,0,1,0,133472,0.427,1.059,0.009
533,2.617,0,0,0.035,0.05,0,0,,0,,,,0,,,,,1004,1004,0,2,3,0,3,3,1,0,1,9,10,11,1,0,2,0,1,0,133472,0.551,1.664,0.019
534,2.225,0,0,0.079,0.049,0,0,,0,,,,0,,,,,1004,1004,0,2,3,0,3,3,1,0,1,9,10,11,1,0,2,0,1,0,133472,0.606,1.058,0.017
535,2.075,0,0,0.047,0.061,0,0,,0,,,,0,,,,,1004,1004,0,2,3,0,3,3,1,0,1,9,10,11,1,0,2,0,1,0,133472,0.381,0.894,0.006
536,2.128,0,0,0.096,0.034,0,0,,0,,,,0,,,,,1004,1004,0,2,3,0,3,3,1,0,1,9,10,11,1,0,2,0,1,0,133472,0.535,1.091,0.013
537,1.906,0,0,0.035,0.027,0,0,,0,,,,0,,,,,1004,1004,0,2,3,0,3,3,1,0,1,9,10,11,1,0,2,0,1,0,133472,0.437,1.135,0.011
538,2.064,0,0.001,0.047,0.03,0,0,,0,,,,0,,,,,1004,1004,0,2,3,0,3,3,1,0,1,9,10,11,1,0,2,0,1,0,133472,0.463,1.226,0.01
539,1.996,0,0.001,0.058,0.028,0,0,,0,,,,0,,,,,1004,1004,0,2,3,0,3,3,1,0,1,9,10,11,1,0,2,0,1,0,133472,0.436,1.176,0.012
540,3.221,0.612,0.001,0.057,0.055,0,0,,1,1531.25,233480192,288477184,1,71217344,71217344,167755776,38823561584,1004,1004,0,2,3,0,3,3,1,0,1,9,10,11,1,0,2,0,1,0,133472,0.839,1.287,0.017
541,2.348,0.001,0.001,0.074,0.037,0,0,,0,,,,0,,,,,1004,1004,0,2,3,0,3,3,1,0,1,9,10,11,1,0,2,0,1,0,133472,0.555,1.328,0.013
542,2.081,0,0,0.049,0.046,0,0,,0,,,,0,,,,,1004,1004,0,2,3,0,3,3,1,0,1,9,10,11,1,0,2,0,1,0,133472,0.415,1.272,0.015
543,3.565,1.913,0,0.088,0.044,0,0,,0,,,,0,,,,,1004,1004,0,2,3,0,3,3,1,0,1,9,10,11,1,0,2,0,1,0,133472,0.355,0.787,0.008
544,3.532,1.276,0,0.16,0.055,0,0,,0,,,,0,,,,,1004,1004,0,2,3,0,3,3,1,0,1,9,10,11,1,0,2,0,1,0,133472,0.522,1.127,0.015
545,2.267,0.617,0.001,0.049,0.045,0,0,,0,,,,0,,,,,1004,1004,0,2,3,0,3,3,1,0,1,9,10,11,1,0,2,0,1,0,133472,0.348,0.936,0.01
546,2.948,0.614,0.001,0.091,0.066,0,0,,0,,,,0,,,,,1004,1004,0,2,3,0,3,3,1,0,1,9,10,11,1,0,2,0,1,0,133472,0.361,1.389,0.034
547,9.8,8.224,0.001,0.108,0.063,0,0,,0,,,,0,,,,,1004,1004,0,2,3,0,3,3,1,0,1,9,10,11,1,0,2,0,1,0,133472,0.312,0.725,0.012
548,1.513,0.001,0,0.038,0.028,0,0,,0,,,,0,,,,,1004,1004,0,2,3,0,3,3,1,0,1,9,10,11,1,0,2,0,1,0,133472,0.408,0.806,0.008
549,1.735,0.001,0,0.037,0.056,0,0,,0,,,,0,,,,,1004,1004,0,2,3,0,3,3,1,0,1,9,10,11,1,0,2,0,1,0,133472,0.371,0.966,0.02
550,1.548,0.001,0.001,0.063,0.028,0,0,,0,,,,0,,,,,1004,1004,0,2,3,0,3,3,1,0,1,9,10,11,1,0,2,0,1,0,133472,0.425,0.789,0.007
551,1.765,0,0,0.038,0.035,0,0,,0,,,,0,,,,,1004,1004,0,2,3,0,3,3,1,0,1,9,10,11,1,0,2,0,1,0,133472,0.371,1.06,0.02
552,2.19,0,0,0.053,0.067,0,0,,0,,,,0,,,,,1004,1004,0,2,3,0,3,3,1,0,1,9,10,11,1,0,2,0,1,0,133472,0.453,1.143,0.014
553,2.635,0.001,0,0.084,0.036,0,0,,0,,,,0,,,,,1004,1004,0,2,3,0,3,3,1,0,1,9,10,11,1,0,2,0,1,0,133472,0.632,1.447,0.015
554,1.84,0,0,0.049,0.032,0,0,,0,,,,0,,,,,1004,1004,0,2,3,0,3,3,1,0,1,9,10,11,1,0,2,0,1,0,133472,0.441,1.037,0.012
555,2.353,0.001,0,0.045,0.058,0,0,,0,,,,0,,,,,1004,1004,0,2,3,0,3,3,1,0,1,9,10,11,1,0,2,0,1,0,133472,0.49,1.429,0.015
556,2.63,0,0,0.057,0.068,0,0,,0,,,,0,,,,,1004,1004,0,2,3,0,3,3,1,0,1,9,10,11,1,0,2,0,1,0,133472,0.586,1.489,0.023
557,2.493,0.001,0,0.078,0.036,0,0,,0,,,,0,,,,,1004,1004,0,2,3,0,3,3,1,0,1,9,10,11,1,0,2,0,1,0,133472,0.542,1.445,0.012
558,2.373,0.001,0,0.051,0.036,0,0,,0,,,,0,,,,,1004,1004,0,2,3,0,3,3,1,0,1,9,10,11,1,0,2,0,1,0,133472,0.52,1.431,0.013
559,2.554,0,0,0.051,0.054,0,0,,0,,,,0,,,,,1004,1004,0,2,3,0,3,3,1,0,1,9,10,11,1,0,2,0,1,0,133472,0.571,1.532,0.017
560,2.467,0,0,0.085,0.033,0,0,,0,,,,0,,,,,1004,1004,0,2,3,0,3,3,1,0,1,9,10,11,1,0,2,0,1,0,133472,0.552,1.404,0.012
561,3.378,1.871,0.001,0.107,0.029,0,0,,0,,,,0,,,,,1004,1004,0,2,3,0,3,3,1,0,1,9,10,11,1,0,2,0,1,0,133472,0.313,0.674,0.006
562,3.397,1.589,0,0.108,0.038,0,0,,0,,,,0,,,,,1004,1004,0,2,3,0,3,3,1,0,1,9,10,11,1,0,2,0,1,0,133472,0.416,0.861,0.01
563,7.155,1.625,0.001,0.134,0.125,0,0,,0,,,,0,,,,,1004,1004,0,2,3,0,3,3,1,0,1,9,10,11,1,0,2,0,1,0,133472,1.223,3.173,0.036
564,3.261,0.002,0,0.113,0.054,0,0,,0,,,,0,,,,,1004,1004,0,2,3,0,3,3,1,0,1,9,10,11,1,0,2,0,1,0,133472,0.712,1.333,0.014
565,1.941,0.001,0,0.062,0.04,0,0,,0,,,,0,,,,,1004,1004,0,2,3,0,3,3,1,0,1,9,10,11,1,0,2,0,1,0,133472,0.454,1.096,0.01
566,1.756,0,0.001,0.049,0.034,0,0,,0,,,,0,,,,,1004,1004,0,2,3,0,3,3,1,0,1,9,10,11,1,0,2,0,1,0,133472,0.46,0.967,0.008
567,2.161,0,0,0.043,0.033,0,0,,0,,,,0,,,,,1004,1004,0,2,3,0,3,3,1,0,1,9,10,11,1,0,2,0,1,0,133472,0.474,1.329,0.01
568,1.66,0,0,0.049,0.038,0,0,,0,,,,0,,,,,1004,1004,0,2,3,0,3,3,1,0,1,9,10,11,1,0,2,0,1,0,133472,0.374,0.962,0.008
569,1.646,0,0,0.037,0.047,0,0,,0,,,,0,,,,,1004,1004,0,2,3,0,3,3,1,0,1,9,10,11,1,0,2,0,1,0,133472,0.373,0.958,0.009
570,1.893,0,0.001,0.043,0.032,0,0,,1,1609.375,233480192,288477184,1,71217344,71217344,167755776,38823561584,1004,1004,0,2,3,0,3,3,1,0,1,9,10,11,1,0,2,0,1,0,133472,0.445,1.1,0.01
571,2.233,0.001,0,0.045,0.051,0,0,,0,,,,0,,,,,1004,1004,0,2,3,0,3,3,1,0,1,9,10,11,1,0,2,0,1,0,133472,0.463,1.373,0.011
572,2.614,0.797,0,0.051,0.033,0,0,,0,,,,0,,,,,1004,1004,0,2,3,0,3,3,1,0,1,9,10,11,1,0,2,0,1,0,133472,0.447,0.974,0.011
573,4.743,2.939,0,0.142,0.029,0,0,,0,,,,0,,,,,1004,1004,0,2,3,0,3,3,1,0,1,9,10,11,1,0,2,0,1,0,133472,0.563,0.751,0.008
574,3.696,1.334,0.001,0.144,0.058,0,0,,0,,,,0,,,,,1004,1004,0,2,3,0,3,3,1,0,1,9,10,11,1,0,2,0,1,0,133472,0.461,1.305,0.018
575,2.516,0.431,0,0.052,0.042,0,0,,0,,,,0,,,,,1004,1004,0,2,3,0,3,3,1,0,1,9,10,11,1,0,2,0,1,0,133472,0.463,1.165,0.013
576,2.671,0.37,0,0.065,0.07,0,0,,0,,,,0,,,,,1004,1004,0,2,3,0,3,3,1,0,1,9,10,11,1,0,2,0,1,0,133472,0.425,1.248,0.023
577,5.536,0.729,0.001,0.092,0.107,0,0,,0,,,,0,,,,,1004,1004,0,2,3,0,3,3,1,0,1,9,10,11,1,0,2,0,1,0,133472,0.871,3.023,0.033
578,2.757,0.002,0,0.103,0.056,0,0,,0,,,,0,,,,,1004,1004,0,2,3,0,3,3,1,0,1,9,10,11,1,0,2,0,1,0,133472,0.501,1.152,0.016
579,2.022,0,0.001,0.051,0.032,0,0,,0,,,,0,,,,,1004,1004,0,2,3,0,3,3,1,0,1,9,10,11,1,0,2,0,1,0,133472,0.431,1.216,0.014
580,2.258,0.38,0.001,0.061,0.043,0,0,,0,,,,0,,,,,1004,1004,0,2,3,0,3,3,1,0,1,9,10,11,1,0,2,0,1,0,133472,0.404,1.074,0.012
581,2.253,0.475,0,0.094,0.029,0,0,,0,,,,0,,,,,1004,1004,0,2,3,0,3,3,1,0,1,9,10,11,1,0,2,0,1,0,133472,0.321,1.017,0.038
582,3.231,0.902,0,0.03,0.077,0,0,,0,,,,0,,,,,1004,1004,0,2,3,0,3,3,1,0,1,9,10,11,1,0,2,0,1,0,133472,0.475,1.452,0.023
583,2.136,0.001,0,0.08,0.035,0,0,,0,,,,0,,,,,1004,1004,0,2,3,0,3,3,1,0,1,9,10,11,1,0,2,0,1,0,133472,0.483,1.205,0.012
584,4.85,2.507,0,0.052,0.063,0,0,,0,,,,0,,,,,1004,1004,0,2,3,0,3,3,1,0,1,9,10,11,1,0,2,0,1,0,133472,0.458,1.418,0.016
585,1.869,0.001,0,0.05,0.026,0,0,,0,,,,0,,,,,1004,1004,0,2,3,0,3,3,1,0,1,9,10,11,1,0,2,0,1,0,133472,0.433,1.085,0.009
586,2.624,0.95,0,0.047,0.042,0,0,,0,,,,0,,,,,1004,1004,0,2,3,0,3,3,1,0,1,9,10,11,1,0,2,0,1,0,133472,0.352,0.964,0.009
587,2.907,0.482,0,0.042,0.052,0,0,,0,,,,0,,,,,1004,1004,0,2,3,0,3,3,1,0,1,9,10,11,1,0,2,0,1,0,133472,0.878,1.117,0.015
588,2.936,0.06,0,0.076,0.066,0,0,,0,,,,0,,,,,1004,1004,0,2,3,0,3,3,1,0,1,9,10,11,1,0,2,0,1,0,133472,0.503,1.783,0.022
589,2.386,0.001,0,0.075,0.028,0,0,,0,,,,0,,,,,1004,1004,0,2,3,0,3,3,1,0,1,9,10,11,1,0,2,0,1,0,133472,0.62,1.297,0.009
590,3.159,1.312,0,0.058,0.048,0,0,,0,,,,0,,,,,1004,1004,0,2,3,0,3,3,1,0,1,9,10,11,1,0,2,0,1,0,133472,0.378,1.072,0.022
591,2.481,0.534,0,0.05,0.044,0,0,,0,,,,0,,,,,1004,1004,0,2,3,0,3,3,1,0,1,9,10,11,1,0,2,0,1,0,133472,0.432,1.131,0.01
592,2.398,0.614,0,0.044,0.039,0,0,,0,,,,0,,,,,1004,1004,0,2,3,0,3,3,1,0,1,9,10,11,1,0,2,0,1,0,133472,0.386,1.006,0.009
593,1.647,0.031,0,0.033,0.028,0,0,,0,,,,0,,,,,1004,1004,0,2,3,0,3,3,1,0,1,9,10,11,1,0,2,0,1,0,133472,0.394,0.936,0.008
594,3.693,1.128,0,0.052,0.073,0,0,,0,,,,0,,,,,1004,1004,0,2,3,0,3,3,1,0,1,9,10,11,1,0,2,0,1,0,133472,0.472,1.579,0.022
595,2.339,0.001,0,0.05,0.026,0,0,,0,,,,0,,,,,1004,1004,0,2,3,0,3,3,1,0,1,9,10,11,1,0,2,0,1,0,133472,0.641,1.239,0.015
596,4.607,2.914,0,0.087,0.045,0,0,,0,,,,0,,,,,1004,1004,0,2,3,0,3,3,1,0,1,9,10,11,1,0,2,0,1,0,133472,0.403,0.804,0.008
597,2.195,0.523,0,0.078,0.025,0,0,,0,,,,0,,,,,1004,1004,0,2,3,0,3,3,1,0,1,9,10,11,1,0,2,0,1,0,133472,0.376,0.87,0.005
598,2.007,0.557,0,0.04,0.02,0,0,,0,,,,0,,,,,1004,1004,0,2,3,0,3,3,1,0,1,9,10,11,1,0,2,0,1,0,133472,0.33,0.712,0.005
599,4.597,0.918,0,0.118,0.076,0,0,,0,,,,0,,,,,1004,1004,0,2,3,0,3,3,1,0,1,9,10,11,1,0,2,0,1,0,133472,1.09,1.852,0.026
600,2.891,0.001,0.001,0.086,0.058,0,0,,1,1656.25,233480192,288477184,1,71217344,71217344,167755776,38823561584,1004,1004,0,2,3,0,3,3,1,0,1,9,10,11,1,0,2,0,1,0,133472,0.689,1.534,0.025
601,3.394,1.274,0,0.104,0.05,0,0,,0,,,,0,,,,,1004,1004,0,2,3,0,3,3,1,0,1,9,10,11,1,0,2,0,1,0,133472,0.445,1.098,0.014
602,2.006,0.477,0,0.095,0.034,0,0,,0,,,,0,,,,,1004,1004,0,2,3,0,3,3,1,0,1,9,10,11,1,0,2,0,1,0,133472,0.342,0.738,0.008
603,3.177,1.393,0,0.139,0.036,0,0,,0,,,,0,,,,,1004,1004,0,2,3,0,3,3,1,0,1,9,10,11,1,0,2,0,1,0,133472,0.365,0.887,0.032
604,2.691,0.63,0,0.08,0.068,0,0,,0,,,,0,,,,,1004,1004,0,2,3,0,3,3,1,0,1,9,10,11,1,0,2,0,1,0,133472,0.421,1.113,0.035
605,3.019,0.457,0.001,0.057,0.082,0,0,,0,,,,0,,,,,1004,1004,0,2,3,0,3,3,1,0,1,9,10,11,1,0,2,0,1,0,133472,0.476,1.576,0.026
606,2.728,0.764,0,0.076,0.054,0,0,,0,,,,0,,,,,1004,1004,0,2,3,0,3,3,1,0,1,9,10,11,1,0,2,0,1,0,133472,0.495,1,0.013
607,9.084,7.313,0.001,0.105,0.058,0,0,,0,,,,0,,,,,1004,1004,0,2,3,0,3,3,1,0,1,9,10,11,1,0,2,0,1,0,133472,0.386,0.783,0.011
608,3.069,0.831,0,0.079,0.036,0,0,,0,,,,0,,,,,1004,1004,0,2,3,0,3,3,1,0,1,9,10,11,1,0,2,0,1,0,133472,0.622,1.118,0.017
609,2.744,0.312,0,0.06,0.117,0,0,,0,,,,0,,,,,1004,1004,0,2,3,0,3,3,1,0,1,9,10,11,1,0,2,0,1,0,133472,0.437,1.365,0.027
610,5.056,2.54,0,0.111,0.055,0,0,,0,,,,0,,,,,1004,1004,0,2,3,0,3,3,1,0,1,9,10,11,1,0,2,0,1,0,133472,0.545,1.257,0.016
611,2.185,0.118,0,0.043,0.029,0,0,,0,,,,0,,,,,1004,1004,0,2,3,0,3,3,1,0,1,9,10,11,1,0,2,0,1,0,133472,0.457,1.24,0.011
612,2.959,0.642,0.001,0.179,0.048,0,0,,0,,,,0,,,,,1004,1004,0,2,3,0,3,3,1,0,1,9,10,11,1,0,2,0,1,0,133472,0.511,1.096,0.015
613,2.485,0.38,0.001,0.118,0.049,0,0,,0,,,,0,,,,,1004,1004,0,2,3,0,3,3,1,0,1,9,10,11,1,0,2,0,1,0,133472,0.411,1.187,0.014
614,3.67,0.71,0,0.105,0.058,0,0,,0,,,,0,,,,,1004,1004,0,2,3,0,3,3,1,0,1,9,10,11,1,0,2,0,1,0,133472,0.56,1.724,0.024
615,3.849,1.758,0.001,0.099,0.041,0,0,,0,,,,0,,,,,1004,1004,0,2,3,0,3,3,1,0,1,9,10,11,1,0,2,0,1,0,133472,0.458,1.032,0.012
616,2.689,0.57,0.001,0.084,0.032,0,0,,0,,,,0,,,,,1004,1004,0,2,3,0,3,3,1,0,1,9,10,11,1,0,2,0,1,0,133472,0.419,1.185,0.011
617,2.583,0.495,0,0.045,0.029,0,0,,0,,,,0,,,,,1004,1004,0,2,3,0,3,3,1,0,1,9,10,11,1,0,2,0,1,0,133472,0.476,1.103,0.011
618,2.556,0.561,0,0.098,0.031,0,0,,0,,,,0,,,,,1004,1004,0,2,3,0,3,3,1,0,1,9,10,11,1,0,2,0,1,0,133472,0.409,1.028,0.01
619,3.638,0.726,0,0.1,0.044,0,0,,0,,,,0,,,,,1004,1004,0,2,3,0,3,3,1,0,1,9,10,11,1,0,2,0,1,0,133472,0.691,1.645,0.02
620,2.355,0.474,0,0.056,0.04,0,0,,0,,,,0,,,,,1004,1004,0,2,3,0,3,3,1,0,1,9,10,11,1,0,2,0,1,0,133472,0.451,0.958,0.013
621,4.056,1.993,0,0.07,0.065,0,0,,0,,,,0,,,,,1004,1004,0,2,3,0,3,3,1,0,1,9,10,11,1,0,2,0,1,0,133472,0.442,1.122,0.014
622,2.284,0.51,0,0.086,0.058,0,0,,0,,,,0,,,,,1004,1004,0,2,3,0,3,3,1,0,1,9,10,11,1,0,2,0,1,0,133472,0.412,0.872,0.009
623,2.503,0.683,0.001,0.052,0.036,0,0,,0,,,,0,,,,,1004,1004,0,2,3,0,3,3,1,0,1,9,10,11,1,0,2,0,1,0,133472,0.376,1.037,0.014
624,2.718,0.634,0,0.067,0.048,0,0,,0,,,,0,,,,,1004,1004,0,2,3,0,3,3,1,0,1,9,10,11,1,0,2,0,1,0,133472,0.571,1.029,0.011
625,4.655,0.448,0,0.066,0.084,0,0,,0,,,,0,,,,,1004,1004,0,2,3,0,3,3,1,0,1,9,10,11,1,0,2,0,1,0,133472,0.823,2.596,0.034
626,4.082,0.001,0,0.104,0.106,0,0,,0,,,,0,,,,,1004,1004,0,2,3,0,3,3,1,0,1,9,10,11,1,0,2,0,1,0,133472,0.97,2.291,0.029
627,2.151,0.001,0.001,0.104,0.047,0,0,,0,,,,0,,,,,1004,1004,0,2,3,0,3,3,1,0,1,9,10,11,1,0,2,0,1,0,133472,0.542,0.94,0.013
628,8.717,5.849,0.001,0.188,0.061,0,0,,0,,,,0,,,,,1004,1004,0,2,3,0,3,3,1,0,1,9,10,11,1,0,2,0,1,0,133472,0.572,1.496,0.025
629,12.27,9.955,0,0.136,0.062,0,0,,0,,,,0,,,,,1004,1004,0,2,3,0,3,3,1,0,1,9,10,11,1,0,2,0,1,0,133472,0.497,1.116,0.017
630,1.963,0.001,0,0.054,0.025,0,0,,1,1750,233480192,288477184,1,71217344,71217344,167755776,38823561584,1004,1004,0,2,3,0,3,3,1,0,1,9,10,11,1,0,2,0,1,0,133472,0.533,1.069,0.01
631,3.944,0.257,0.001,0.169,0.078,0,0,,0,,,,0,,,,,1004,1004,0,2,3,0,3,3,1,0,1,9,10,11,1,0,2,0,1,0,133472,0.765,2.073,0.026
632,2.304,0.001,0,0.056,0.041,0,0,,0,,,,0,,,,,1004,1004,0,2,3,0,3,3,1,0,1,9,10,11,1,0,2,0,1,0,133472,0.625,1.223,0.015
633,2.37,0.43,0,0.057,0.064,0,0,,0,,,,0,,,,,1004,1004,0,2,3,0,3,3,1,0,1,9,10,11,1,0,2,0,1,0,133472,0.425,1.029,0.013
634,2.368,0.451,0.001,0.177,0.044,0,0,,0,,,,0,,,,,1004,1004,0,2,3,0,3,3,1,0,1,9,10,11,1,0,2,0,1,0,133472,0.497,0.886,0.009
635,2.296,0.584,0,0.125,0.036,0,0,,0,,,,0,,,,,1004,1004,0,2,3,0,3,3,1,0,1,9,10,11,1,0,2,0,1,0,133472,0.345,0.879,0.008
636,1.777,0.408,0,0.065,0.023,0,0,,0,,,,0,,,,,1004,1004,0,2,3,0,3,3,1,0,1,9,10,11,1,0,2,0,1,0,133472,0.341,0.682,0.005
637,2.765,0.772,0,0.086,0.049,0,0,,0,,,,0,,,,,1004,1004,0,2,3,0,3,3,1,0,1,9,10,11,1,0,2,0,1,0,133472,0.444,1.013,0.011
638,2.257,0.149,0.001,0.079,0.038,0,0,,0,,,,0,,,,,1004,1004,0,2,3,0,3,3,1,0,1,9,10,11,1,0,2,0,1,0,133472,0.588,1.069,0.014
639,2.771,0.408,0,0.154,0.033,0,0,,0,,,,0,,,,,1004,1004,0,2,3,0,3,3,1,0,1,9,10,11,1,0,2,0,1,0,133472,0.589,1.121,0.023
640,2.278,0.723,0,0.117,0.038,0,0,,0,,,,0,,,,,1004,1004,0,2,3,0,3,3,1,0,1,9,10,11,1,0,2,0,1,0,133472,0.345,0.788,0.007
641,2.039,0.486,0,0.035,0.028,0,0,,0,,,,0,,,,,1004,1004,0,2,3,0,3,3,1,0,1,9,10,11,1,0,2,0,1,0,133472,0.352,0.778,0.007
642,2.167,0.499,0.001,0.088,0.025,0,0,,0,,,,0,,,,,1004,1004,0,2,3,0,3,3,1,0,1,9,10,11,1,0,2,0,1,0,133472,0.351,0.904,0.008
643,1.947,0.437,0,0.105,0.04,0,0,,0,,,,0,,,,,1004,1004,0,2,3,0,3,3,1,0,1,9,10,11,1,0,2,0,1,0,133472,0.365,0.686,0.006
644,3.025,0.446,0,0.125,0.035,0,0,,0,,,,0,,,,,1004,1004,0,2,3,0,3,3,1,0,1,9,10,11,1,0,2,0,1,0,133472,0.417,1.472,0.016
645,1.679,0,0,0.051,0.022,0,0,,0,,,,0,,,,,1004,1004,0,2,3,0,3,3,1,0,1,9,10,11,1,0,2,0,1,0,133472,0.419,0.921,0.012
646,2.103,0.227,0,0.039,0.062,0,0,,0,,,,0,,,,,1004,1004,0,2,3,0,3,3,1,0,1,9,10,11,1,0,2,0,1,0,133472,0.456,0.903,0.011
647,3.377,1.614,0,0.102,0.075,0,0,,0,,,,0,,,,,1004,1004,0,2,3,0,3,3,1,0,1,9,10,11,1,0,2,0,1,0,133472,0.357,0.827,0.011
648,1.858,0.25,0,0.094,0.027,0,0,,0,,,,0,,,,,1004,1004,0,2,3,0,3,3,1,0,1,9,10,11,1,0,2,0,1,0,133472,0.387,0.813,0.009
649,2.197,0.379,0.001,0.035,0.031,0,0,,0,,,,0,,,,,1004,1004,0,2,3,0,3,3,1,0,1,9,10,11,1,0,2,0,1,0,133472,0.541,0.858,0.009
650,2.568,0.27,0,0.12,0.074,0,0,,0,,,,0,,,,,1004,1004,0,2,3,0,3,3,1,0,1,9,10,11,1,0,2,0,1,0,133472,0.49,1.178,0.021
651,2.531,0,0.001,0.074,0.069,0,0,,0,,,,0,,,,,1004,1004,0,2,3,0,3,3,1,0,1,9,10,11,1,0,2,0,1,0,133472,0.465,1.575,0.016
652,2.117,0.002,0,0.05,0.046,0,0,,0,,,,0,,,,,1004,1004,0,2,3,0,3,3,1,0,1,9,10,11,1,0,2,0,1,0,133472,0.5,1.022,0.013
653,1.706,0.001,0.001,0.048,0.02,0,0,,0,,,,0,,,,,1004,1004,0,2,3,0,3,3,1,0,1,9,10,11,1,0,2,0,1,0,133472,0.431,0.952,0.01
654,4.069,1.886,0.001,0.094,0.061,0,0,,0,,,,0,,,,,1004,1004,0,2,3,0,3,3,1,0,1,9,10,11,1,0,2,0,1,0,133472,0.5,1.151,0.013
655,2.279,0,0,0.064,0.06,0,0,,0,,,,0,,,,,1004,1004,0,2,3,0,3,3,1,0,1,9,10,11,1,0,2,0,1,0,133472,0.427,1.381,0.013
656,2.256,0.001,0,0.068,0.036,0,0,,0,,,,0,,,,,1004,1004,0,2,3,0,3,3,1,0,1,9,10,11,1,0,2,0,1,0,133472,0.496,1.34,0.01
657,2.235,0,0,0.044,0.069,0,0,,0,,,,0,,,,,1004,1004,0,2,3,0,3,3,1,0,1,9,10,11,1,0,2,0,1,0,133472,0.46,1.37,0.023
658,3.017,0,0,0.076,0.083,0,0,,0,,,,0,,,,,1004,1004,0,2,3,0,3,3,1,0,1,9,10,11,1,0,2,0,1,0,133472,0.799,1.576,0.041
659,2.446,0.002,0.001,0.067,0.081,0,0,,0,,,,0,,,,,1004,1004,0,2,3,0,3,3,1,0,1,9,10,11,1,0,2,0,1,0,133472,0.704,1.102,0.018
660,2.636,0.001,0.001,0.084,0.071,0,0,,1,1812.5,233480192,288477184,1,71217344,71217344,167755776,38823561584,1004,1004,0,2,3,0,3,3,1,0,1,9,10,11,1,0,2,0,1,0,133472,0.469,1.647,0.025
661,2.87,0.001,0,0.091,0.068,0,0,,0,,,,0,,,,,1004,1004,0,2,3,0,3,3,1,0,1,9,10,11,1,0,2,0,1,0,133472,0.622,1.568,0.024
662,2.381,0.001,0,0.064,0.052,0,0,,0,,,,0,,,,,1004,1004,0,2,3,0,3,3,1,0,1,9,10,11,1,0,2,0,1,0,133472,0.564,1.247,0.017
663,1.575,0.001,0.001,0.062,0.03,0,0,,0,,,,0,,,,,1004,1004,0,2,3,0,3,3,1,0,1,9,10,11,1,0,2,0,1,0,133472,0.421,0.823,0.009
664,7.246,4.467,0,0.141,0.04,0,0,,0,,,,0,,,,,1004,1004,0,2,3,0,3,3,1,0,1,9,10,11,1,0,2,0,1,0,133472,1.255,0.887,0.016
665,8.172,6.474,0,0.093,0.048,0,0,,0,,,,0,,,,,1004,1004,0,2,3,0,3,3,1,0,1,9,10,11,1,0,2,0,1,0,133472,0.406,0.79,0.012
666,2.848,1.472,0.001,0.064,0.026,0,0,,0,,,,0,,,,,1004,1004,0,2,3,0,3,3,1,0,1,9,10,11,1,0,2,0,1,0,133472,0.32,0.721,0.007
667,3.477,0.942,0.001,0.085,0.076,0,0,,0,,,,0,,,,,1004,1004,0,2,3,0,3,3,1,0,1,9,10,11,1,0,2,0,1,0,133472,0.575,1.426,0.022
668,1.867,0.001,0,0.132,0.028,0,0,,0,,,,0,,,,,1004,1004,0,2,3,0,3,3,1,0,1,9,10,11,1,0,2,0,1,0,133472,0.444,0.84,0.014
669,3.105,1.506,0,0.051,0.045,0,0,,0,,,,0,,,,,1004,1004,0,2,3,0,3,3,1,0,1,9,10,11,1,0,2,0,1,0,133472,0.37,0.864,0.009
670,1.86,0.579,0,0.044,0.025,0,0,,0,,,,0,,,,,1004,1004,0,2,3,0,3,3,1,0,1,9,10,11,1,0,2,0,1,0,133472,0.309,0.71,0.005
671,2.486,0.875,0,0.106,0.03,0,0,,0,,,,0,,,,,1004,1004,0,2,3,0,3,3,1,0,1,9,10,11,1,0,2,0,1,0,133472,0.371,0.811,0.008
672,2.137,0.585,0,0.092,0.038,0,0,,0,,,,0,,,,,1004,1004,0,2,3,0,3,3,1,0,1,9,10,11,1,0,2,0,1,0,133472,0.35,0.739,0.008
673,2.396,0.7,0,0.155,0.032,0,0,,0,,,,0,,,,,1004,1004,0,2,3,0,3,3,1,0,1,9,10,11,1,0,2,0,1,0,133472,0.365,0.711,0.007
674,2.572,0.633,0,0.048,0.038,0,0,,0,,,,0,,,,,1004,1004,0,2,3,0,3,3,1,0,1,9,10,11,1,0,2,0,1,0,133472,0.466,1.083,0.016
675,3.104,1.253,0,0.052,0.031,0,0,,0,,,,0,,,,,1004,1004,0,2,3,0,3,3,1,0,1,9,10,11,1,0,2,0,1,0,133472,0.58,0.881,0.013
676,3.931,2.062,0,0.092,0.04,0,0,,0,,,,0,,,,,1004,1004,0,2,3,0,3,3,1,0,1,9,10,11,1,0,2,0,1,0,133472,0.395,0.941,0.015
677,3.186,0.48,0,0.135,0.058,0,0,,0,,,,0,,,,,1004,1004,0,2,3,0,3,3,1,0,1,9,10,11,1,0,2,0,1,0,133472,0.582,1.39,0.022
678,2.836,0.001,0.001,0.068,0.068,0,0,,0,,,,0,,,,,1004,1004,0,2,3,0,3,3,1,0,1,9,10,11,1,0,2,0,1,0,133472,0.666,1.618,0.024
679,2.664,0.001,0,0.085,0.142,0,0,,0,,,,0,,,,,1004,1004,0,2,3,0,3,3,1,0,1,9,10,11,1,0,2,0,1,0,133472,0.622,1.276,0.017
680,3.11,0.001,0.001,0.076,0.091,0,0,,0,,,,0,,,,,1004,1004,0,2,3,0,3,3,1,0,1,9,10,11,1,0,2,0,1,0,133472,0.627,1.776,0.027
681,2.681,0.001,0,0.08,0.032,0,0,,0,,,,0,,,,,1004,1004,0,2,3,0,3,3,1,0,1,9,10,11,1,0,2,0,1,0,133472,0.753,1.319,0.016
682,4.885,0.185,0,0.136,0.113,0,0,,0,,,,0,,,,,1004,1004,0,2,3,0,3,3,1,0,1,9,10,11,1,0,2,0,1,0,133472,1.016,2.634,0.037
683,3.838,1.257,0,0.118,0.058,0,0,,0,,,,0,,,,,1004,1004,0,2,3,0,3,3,1,0,1,9,10,11,1,0,2,0,1,0,133472,0.562,1.231,0.018
684,2.619,0.001,0.001,0.058,0.102,0,0,,0,,,,0,,,,,1004,1004,0,2,3,0,3,3,1,0,1,9,10,11,1,0,2,0,1,0,133472,0.563,1.499,0.029
685,2.959,0,0.001,0.073,0.045,0,0,,0,,,,0,,,,,1004,1004,0,2,3,0,3,3,1,0,1,9,10,11,1,0,2,0,1,0,133472,0.665,1.719,0.02
686,4.318,2.419,0,0.094,0.053,0,0,,0,,,,0,,,,,1004,1004,0,2,3,0,3,3,1,0,1,9,10,11,1,0,2,0,1,0,133472,0.432,0.962,0.012
687,2.573,0.77,0.001,0.078,0.047,0,0,,0,,,,0,,,,,1004,1004,0,2,3,0,3,3,1,0,1,9,10,11,1,0,2,0,1,0,133472,0.387,0.92,0.011
688,4.114,2.388,0.001,0.088,0.043,0,0,,0,,,,0,,,,,1004,1004,0,2,3,0,3,3,1,0,1,9,10,11,1,0,2,0,1,0,133472,0.358,0.901,0.009
689,14.494,12.671,0.001,0.096,0.051,0,0,,0,,,,0,,,,,1004,1004,0,2,3,0,3,3,1,0,1,9,10,11,1,0,2,0,1,0,133472,0.389,0.89,0.014
690,2.531,0.71,0,0.136,0.08,0,0,,1,1890.625,233480192,288477184,1,71217344,71217344,167755776,38823561584,1004,1004,0,2,3,0,3,3,1,0,1,9,10,11,1,0,2,0,1,0,133472,0.408,0.846,0.01
691,3.341,0.653,0,0.085,0.072,0,0,,0,,,,0,,,,,1004,1004,0,2,3,0,3,3,1,0,1,9,10,11,1,0,2,0,1,0,133472,0.483,1.544,0.025
692,2.21,0.001,0.001,0.079,0.04,0,0,,0,,,,0,,,,,1004,1004,0,2,3,0,3,3,1,0,1,9,10,11,1,0,2,0,1,0,133472,0.509,1.114,0.014
693,3.522,1.91,0,0.058,0.036,0,0,,0,,,,0,,,,,1004,1004,0,2,3,0,3,3,1,0,1,9,10,11,1,0,2,0,1,0,133472,0.392,0.841,0.009
694,2.408,0.717,0.001,0.049,0.033,0,0,,0,,,,0,,,,,1004,1004,0,2,3,0,3,3,1,0,1,9,10,11,1,0,2,0,1,0,133472,0.389,0.972,0.009
695,2.492,0.679,0,0.055,0.043,0,0,,0,,,,0,,,,,1004,1004,0,2,3,0,3,3,1,0,1,9,10,11,1,0,2,0,1,0,133472,0.472,0.941,0.009
696,2.454,0.596,0,0.115,0.033,0,0,,0,,,,0,,,,,1004,1004,0,2,3,0,3,3,1,0,1,9,10,11,1,0,2,0,1,0,133472,0.42,0.993,0.008
697,4.675,2.716,0.001,0.055,0.042,0,0,,0,,,,0,,,,,1004,1004,0,2,3,0,3,3,1,0,1,9,10,11,1,0,2,0,1,0,133472,0.441,1.011,0.013
698,12.156,10.248,0,0.107,0.055,0,0,,0,,,,0,,,,,1004,1004,0,2,3,0,3,3,1,0,1,9,10,11,1,0,2,0,1,0,133472,0.448,0.88,0.031
699,2.766,0.473,0.001,0.07,0.046,0,0,,0,,,,0,,,,,1004,1004,0,2,3,0,3,3,1,0,1,9,10,11,1,0,2,0,1,0,133472,0.472,1.216,0.019
700,4.8,0.837,0,0.108,0.092,0,0,,0,,,,0,,,,,1004,1004,0,2,3,0,3,3,1,0,1,9,10,11,1,0,2,0,1,0,133472,0.575,2.316,0.034
701,1.981,0.098,0.001,0.077,0.041,0,0,,0,,,,0,,,,,1004,1004,0,2,3,0,3,3,1,0,1,9,10,11,1,0,2,0,1,0,133472,0.434,0.935,0.025
702,2.816,0.412,0,0.065,0.098,0,0,,0,,,,0,,,,,1004,1004,0,2,3,0,3,3,1,0,1,9,10,11,1,0,2,0,1,0,133472,0.561,1.228,0.032
703,3.226,0.001,0.001,0.101,0.158,0,0,,0,,,,0,,,,,1004,1004,0,2,3,0,3,3,1,0,1,9,10,11,1,0,2,0,1,0,133472,0.747,1.291,0.018
704,3.557,0.001,0,0.081,0.085,0,0,,0,,,,0,,,,,1004,1004,0,2,3,0,3,3,1,0,1,9,10,11,1,0,2,0,1,0,133472,0.909,1.973,0.03
705,3.254,0.001,0.001,0.09,0.057,0,0,,0,,,,0,,,,,1004,1004,0,2,3,0,3,3,1,0,1,9,10,11,1,0,2,0,1,0,133472,0.718,1.82,0.026
706,9.912,7.897,0,0.122,0.055,0,0,,0,,,,0,,,,,1004,1004,0,2,3,0,3,3,1,0,1,9,10,11,1,0,2,0,1,0,133472,0.405,0.97,0.012
707,10.882,9.256,0,0.077,0.046,0,0,,0,,,,0,,,,,1004,1004,0,2,3,0,3,3,1,0,1,9,10,11,1,0,2,0,1,0,133472,0.342,0.776,0.011
708,3.269,0.544,0,0.121,0.064,0,0,,0,,,,0,,,,,1004,1004,0,2,3,0,3,3,1,0,1,9,10,11,1,0,2,0,1,0,133472,0.51,1.575,0.024
709,2.614,0.001,0,0.081,0.048,0,0,,0,,,,0,,,,,1004,1004,0,2,3,0,3,3,1,0,1,9,10,11,1,0,2,0,1,0,133472,0.621,1.407,0.016
710,2.886,0.001,0,0.071,0.108,0,0,,0,,,,0,,,,,1004,1004,0,2,3,0,3,3,1,0,1,9,10,11,1,0,2,0,1,0,133472,0.695,1.557,0.023
711,2.633,0.001,0,0.08,0.047,0,0,,0,,,,0,,,,,1004,1004,0,2,3,0,3,3,1,0,1,9,10,11,1,0,2,0,1,0,133472,0.655,1.359,0.019
712,2.398,0,0.001,0.059,0.039,0,0,,0,,,,0,,,,,1004,1004,0,2,3,0,3,3,1,0,1,9,10,11,1,0,2,0,1,0,133472,0.582,1.334,0.018
713,2.694,0.488,0,0.066,0.065,0,0,,0,,,,0,,,,,1004,1004,0,2,3,0,3,3,1,0,1,9,10,11,1,0,2,0,1,0,133472,0.467,1.247,0.015
714,2.116,0.001,0,0.074,0.053,0,0,,0,,,,0,,,,,1004,1004,0,2,3,0,3,3,1,0,1,9,10,11,1,0,2,0,1,0,133472,0.446,1.236,0.013
715,3.443,0.001,0,0.067,0.057,0,0,,0,,,,0,,,,,1004,1004,0,2,3,0,3,3,1,0,1,9,10,11,1,0,2,0,1,0,133472,0.82,2.128,0.013
716,2.21,0.001,0,0.081,0.044,0,0,,0,,,,0,,,,,1004,1004,0,2,3,0,3,3,1,0,1,9,10,11,1,0,2,0,1,0,133472,0.432,1.338,0.015
717,2.87,0,0,0.077,0.063,0,0,,0,,,,0,,,,,1004,1004,0,2,3,0,3,3,1,0,1,9,10,11,1,0,2,0,1,0,133472,0.54,1.785,0.021
718,2.513,0.001,0.001,0.07,0.135,0,0,,0,,,,0,,,,,1004,1004,0,2,3,0,3,3,1,0,1,9,10,11,1,0,2,0,1,0,133472,0.54,1.27,0.016
719,2.386,0.408,0,0.058,0.03,0,0,,0,,,,0,,,,,1004,1004,0,2,3,0,3,3,1,0,1,9,10,11,1,0,2,0,1,0,133472,0.412,1.169,0.013
720,2.195,0.226,0,0.058,0.045,0,0,,1,1968.75,233480192,288477184,1,71217344,71217344,167755776,38823561584,1004,1004,0,2,3,0,3,3,1,0,1,9,10,11,1,0,2,0,1,0,133472,0.386,1.178,0.013
721,3.34,0.413,0,0.076,0.07,0,0,,0,,,,0,,,,,1004,1004,0,2,3,0,3,3,1,0,1,9,10,11,1,0,2,0,1,0,133472,0.679,1.616,0.021
722,2.936,0.001,0,0.082,0.069,0,0,,0,,,,0,,,,,1004,1004,0,2,3,0,3,3,1,0,1,9,10,11,1,0,2,0,1,0,133472,0.607,1.727,0.048
723,2.94,0,0.001,0.093,0.063,0,0,,0,,,,0,,,,,1004,1004,0,2,3,0,3,3,1,0,1,9,10,11,1,0,2,0,1,0,133472,0.589,1.722,0.022
724,2.836,0,0.001,0.08,0.049,0,0,,0,,,,0,,,,,1004,1004,0,2,3,0,3,3,1,0,1,9,10,11,1,0,2,0,1,0,133472,0.654,1.636,0.018
725,2.625,0,0.001,0.085,0.035,0,0,,0,,,,0,,,,,1004,1004,0,2,3,0,3,3,1,0,1,9,10,11,1,0,2,0,1,0,133472,0.521,1.461,0.013
726,4.674,0.174,0,0.074,0.134,0,0,,0,,,,0,,,,,1004,1004,0,2,3,0,3,3,1,0,1,9,10,11,1,0,2,0,1,0,133472,1.609,2.033,0.033
727,3.115,0.001,0,0.127,0.067,0,0,,0,,,,0,,,,,1004,1004,0,2,3,0,3,3,1,0,1,9,10,11,1,0,2,0,1,0,133472,0.748,1.536,0.025
728,6.866,4.583,0.001,0.076,0.064,0,0,,0,,,,0,,,,,1004,1004,0,2,3,0,3,3,1,0,1,9,10,11,1,0,2,0,1,0,133472,0.536,1.134,0.015
729,13.206,9.601,0,0.095,0.172,0,0,,0,,,,0,,,,,1004,1004,0,2,3,0,3,3,1,0,1,9,10,11,1,0,2,0,1,0,133472,0.714,1.972,0.034
730,9.123,7.398,0,0.103,0.039,0,0,,0,,,,0,,,,,1004,1004,0,2,3,0,3,3,1,0,1,9,10,11,1,0,2,0,1,0,133472,0.414,0.757,0.011
731,1.291,0.001,0,0.032,0.024,0,0,,0,,,,0,,,,,1004,1004,0,2,3,0,3,3,1,0,1,9,10,11,1,0,2,0,1,0,133472,0.371,0.673,0.006
732,2.273,0.558,0.001,0.163,0.115,0,0,,0,,,,0,,,,,1004,1004,0,2,3,0,3,3,1,0,1,9,10,11,1,0,2,0,1,0,133472,0.367,0.706,0.011
733,1.914,0.001,0,0.085,0.031,0,0,,0,,,,0,,,,,1004,1004,0,2,3,0,3,3,1,0,1,9,10,11,1,0,2,0,1,0,133472,0.555,0.957,0.008
734,1.97,0.001,0,0.044,0.026,0,0,,0,,,,0,,,,,1004,1004,0,2,3,0,3,3,1,0,1,9,10,11,1,0,2,0,1,0,133472,0.527,1.108,0.011
735,1.881,0,0,0.054,0.034,0,0,,0,,,,0,,,,,1004,1004,0,2,3,0,3,3,1,0,1,9,10,11,1,0,2,0,1,0,133472,0.583,0.908,0.01
736,2.969,0.563,0,0.158,0.093,0,0,,0,,,,0,,,,,1004,1004,0,2,3,0,3,3,1,0,1,9,10,11,1,0,2,0,1,0,133472,0.497,1.189,0.031
737,1.646,0,0,0.075,0.025,0,0,,0,,,,0,,,,,1004,1004,0,2,3,0,3,3,1,0,1,9,10,11,1,0,2,0,1,0,133472,0.428,0.891,0.007
738,1.447,0.001,0,0.037,0.021,0,0,,0,,,,0,,,,,1004,1004,0,2,3,0,3,3,1,0,1,9,10,11,1,0,2,0,1,0,133472,0.365,0.809,0.006
739,1.438,0,0,0.034,0.022,0,0,,0,,,,0,,,,,1004,1004,0,2,3,0,3,3,1,0,1,9,10,11,1,0,2,0,1,0,133472,0.396,0.799,0.005
740,1.353,0,0,0.074,0.02,0,0,,0,,,,0,,,,,1004,1004,0,2,3,0,3,3,1,0,1,9,10,11,1,0,2,0,1,0,133472,0.379,0.716,0.005
741,1.419,0,0,0.028,0.02,0,0,,0,,,,0,,,,,1004,1004,0,2,3,0,3,3,1,0,1,9,10,11,1,0,2,0,1,0,133472,0.327,0.877,0.005
742,2.761,0,0,0.028,0.068,0,0,,0,,,,0,,,,,1004,1004,0,2,3,0,3,3,1,0,1,9,10,11,1,0,2,0,1,0,133472,0.749,1.602,0.022
743,2.889,0.001,0,0.081,0.123,0,0,,0,,,,0,,,,,1004,1004,0,2,3,0,3,3,1,0,1,9,10,11,1,0,2,0,1,0,133472,0.688,1.555,0.015
744,1.466,0,0,0.091,0.023,0,0,,0,,,,0,,,,,1004,1004,0,2,3,0,3,3,1,0,1,9,10,11,1,0,2,0,1,0,133472,0.396,0.73,0.006
745,1.826,0,0.001,0.03,0.025,0,0,,0,,,,0,,,,,1004,1004,0,2,3,0,3,3,1,0,1,9,10,11,1,0,2,0,1,0,133472,0.511,0.874,0.006
746,2.864,0.476,0.001,0.164,0.058,0,0,,0,,,,0,,,,,1004,1004,0,2,3,0,3,3,1,0,1,9,10,11,1,0,2,0,1,0,133472,0.521,1.208,0.014
747,2.746,0.629,0,0.062,0.044,0,0,,0,,,,0,,,,,1004,1004,0,2,3,0,3,3,1,0,1,9,10,11,1,0,2,0,1,0,133472,0.471,1.127,0.027
748,2.078,0.474,0,0.092,0.03,0,0,,0,,,,0,,,,,1004,1004,0,2,3,0,3,3,1,0,1,9,10,11,1,0,2,0,1,0,133472,0.35,0.731,0.012
749,3.531,1.219,0.001,0.193,0.04,0,0,,0,,,,0,,,,,1004,1004,0,2,3,0,3,3,1,0,1,9,10,11,1,0,2,0,1,0,133472,0.653,0.977,0.015
750,3.023,1.056,0.001,0.096,0.036,0,0,,1,2000,233545728,288477184,1,71217344,71217344,167755776,38823561584,1004,1004,0,2,3,0,3,3,1,0,1,9,10,11,1,0,2,0,1,0,133472,0.538,0.904,0.023
751,4.403,2.107,0,0.077,0.069,0,0,,0,,,,0,,,,,1004,1004,0,2,3,0,3,3,1,0,1,9,10,11,1,0,2,0,1,0,133472,0.49,1.239,0.015
752,2.088,0.249,0,0.075,0.057,0,0,,0,,,,0,,,,,1004,1004,0,2,3,0,3,3,1,0,1,9,10,11,1,0,2,0,1,0,133472,0.389,0.932,0.009
753,2.673,0.678,0.001,0.111,0.031,0,0,,0,,,,0,,,,,1004,1004,0,2,3,0,3,3,1,0,1,9,10,11,1,0,2,0,1,0,133472,0.475,1.037,0.018
754,2.277,0.452,0.001,0.122,0.03,0,0,,0,,,,0,,,,,1004,1004,0,2,3,0,3,3,1,0,1,9,10,11,1,0,2,0,1,0,133472,0.329,1.018,0.027
755,2.563,0.673,0,0.077,0.039,0,0,,0,,,,0,,,,,1004,1004,0,2,3,0,3,3,1,0,1,9,10,11,1,0,2,0,1,0,133472,0.395,0.986,0.01
756,4.08,2.551,0.001,0.079,0.031,0,0,,0,,,,0,,,,,1004,1004,0,2,3,0,3,3,1,0,1,9,10,11,1,0,2,0,1,0,133472,0.335,0.777,0.008
757,2.269,0.94,0,0.07,0.022,0,0,,0,,,,0,,,,,1004,1004,0,2,3,0,3,3,1,0,1,9,10,11,1,0,2,0,1,0,133472,0.344,0.623,0.005
758,2.622,1.09,0,0.071,0.039,0,0,,0,,,,0,,,,,1004,1004,0,2,3,0,3,3,1,0,1,9,10,11,1,0,2,0,1,0,133472,0.363,0.748,0.009
759,2.831,0.892,0,0.1,0.04,0,0,,0,,,,0,,,,,1004,1004,0,2,3,0,3,3,1,0,1,9,10,11,1,0,2,0,1,0,133472,0.382,1.021,0.01
760,2.695,0.662,0,0.12,0.037,0,0,,0,,,,0,,,,,1004,1004,0,2,3,0,3,3,1,0,1,9,10,11,1,0,2,0,1,0,133472,0.501,0.967,0.015
761,4.523,1.836,0,0.057,0.096,0,0,,0,,,,0,,,,,1004,1004,0,2,3,0,3,3,1,0,1,9,10,11,1,0,2,0,1,0,133472,0.542,1.559,0.025
762,9.236,7.171,0.001,0.069,0.063,0,0,,0,,,,0,,,,,1004,1004,0,2,3,0,3,3,1,0,1,9,10,11,1,0,2,0,1,0,133472,0.441,1.072,0.021
763,2.129,0,0.001,0.054,0.077,0,0,,0,,,,0,,,,,1004,1004,0,2,3,0,3,3,1,0,1,9,10,11,1,0,2,0,1,0,133472,0.448,1.124,0.019
764,2.806,0.001,0.001,0.072,0.07,0,0,,0,,,,0,,,,,1004,1004,0,2,3,0,3,3,1,0,1,9,10,11,1,0,2,0,1,0,133472,0.406,1.794,0.022
765,2.58,0.002,0.001,0.096,0.035,0,0,,0,,,,0,,,,,1004,1004,0,2,3,0,3,3,1,0,1,9,10,11,1,0,2,0,1,0,133472,0.535,1.426,0.013
766,3.184,1.697,0.001,0.089,0.035,0,0,,0,,,,0,,,,,1004,1004,0,2,3,0,3,3,1,0,1,9,10,11,1,0,2,0,1,0,133472,0.299,0.651,0.011
767,2.476,0.804,0.001,0.105,0.036,0,0,,0,,,,0,,,,,1004,1004,0,2,3,0,3,3,1,0,1,9,10,11,1,0,2,0,1,0,133472,0.371,0.794,0.009
768,1.959,0.612,0,0.063,0.029,0,0,,0,,,,0,,,,,1004,1004,0,2,3,0,3,3,1,0,1,9,10,11,1,0,2,0,1,0,133472,0.368,0.597,0.005
769,2.518,0.926,0,0.135,0.029,0,0,,0,,,,0,,,,,1004,1004,0,2,3,0,3,3,1,0,1,9,10,11,1,0,2,0,1,0,133472,0.376,0.78,0.006
770,4.179,0.591,0,0.131,0.053,0,0,,0,,,,0,,,,,1004,1004,0,2,3,0,3,3,1,0,1,9,10,11,1,0,2,0,1,0,133472,0.756,1.546,0.021
771,1.709,0.001,0.001,0.053,0.024,0,0,,0,,,,0,,,,,1004,1004,0,2,3,0,3,3,1,0,1,9,10,11,1,0,2,0,1,0,133472,0.448,0.915,0.011
772,2.37,0.774,0.001,0.054,0.041,0,0,,0,,,,0,,,,,1004,1004,0,2,3,0,3,3,1,0,1,9,10,11,1,0,2,0,1,0,133472,0.392,0.858,0.007
773,1.535,0.001,0,0.08,0.026,0,0,,0,,,,0,,,,,1004,1004,0,2,3,0,3,3,1,0,1,9,10,11,1,0,2,0,1,0,133472,0.353,0.863,0.006
774,1.306,0,0.001,0.034,0.022,0,0,,0,,,,0,,,,,1004,1004,0,2,3,0,3,3,1,0,1,9,10,11,1,0,2,0,1,0,133472,0.348,0.731,0.005
775,1.522,0,0,0.032,0.083,0,0,,0,,,,0,,,,,1004,1004,0,2,3,0,3,3,1,0,1,9,10,11,1,0,2,0,1,0,133472,0.348,0.743,0.005
776,1.985,0.001,0.001,0.078,0.029,0,0,,0,,,,0,,,,,1004,1004,0,2,3,0,3,3,1,0,1,9,10,11,1,0,2,0,1,0,133472,0.456,1.095,0.012
777,1.973,0.001,0,0.041,0.031,0,0,,0,,,,0,,,,,1004,1004,0,2,3,0,3,3,1,0,1,9,10,11,1,0,2,0,1,0,133472,0.507,1.12,0.009
778,2.164,0.001,0,0.038,0.04,0,0,,0,,,,0,,,,,1004,1004,0,2,3,0,3,3,1,0,1,9,10,11,1,0,2,0,1,0,133472,0.411,1.395,0.013
779,2.54,0.001,0,0.053,0.039,0,0,,0,,,,0,,,,,1004,1004,0,2,3,0,3,3,1,0,1,9,10,11,1,0,2,0,1,0,133472,0.62,1.453,0.015
780,2.312,0.001,0,0.056,0.029,0,0,,1,2062.5,233545728,288477184,1,71217344,71217344,167755776,38823561584,1004,1004,0,2,3,0,3,3,1,0,1,9,10,11,1,0,2,0,1,0,133472,0.542,1.36,0.012
781,1.696,0.172,0,0.054,0.031,0,0,,0,,,,0,,,,,1004,1004,0,2,3,0,3,3,1,0,1,9,10,11,1,0,2,0,1,0,133472,0.366,0.751,0.006
782,1.372,0.289,0.001,0.034,0.018,0,0,,0,,,,0,,,,,1004,1004,0,2,3,0,3,3,1,0,1,9,10,11,1,0,2,0,1,0,133472,0.31,0.56,0.004
783,3.499,1.459,0,0.153,0.045,0,0,,0,,,,0,,,,,1004,1004,0,2,3,0,3,3,1,0,1,9,10,11,1,0,2,0,1,0,133472,0.49,0.998,0.013
784,1.63,0,0,0.032,0.029,0,0,,0,,,,0,,,,,1004,1004,0,2,3,0,3,3,1,0,1,9,10,11,1,0,2,0,1,0,133472,0.429,0.923,0.008
785,3.559,0.954,0,0.042,0.069,0,0,,0,,,,0,,,,,1004,1004,0,2,3,0,3,3,1,0,1,9,10,11,1,0,2,0,1,0,133472,0.561,1.549,0.02
786,3.015,0.001,0,0.067,0.059,0,0,,0,,,,0,,,,,1004,1004,0,2,3,0,3,3,1,0,1,9,10,11,1,0,2,0,1,0,133472,0.677,1.691,0.023
787,2.892,0.001,0,0.078,0.052,0,0,,0,,,,0,,,,,1004,1004,0,2,3,0,3,3,1,0,1,9,10,11,1,0,2,0,1,0,133472,0.56,1.768,0.024
788,2.349,0.001,0.001,0.066,0.04,0,0,,0,,,,0,,,,,1004,1004,0,2,3,0,3,3,1,0,1,9,10,11,1,0,2,0,1,0,133472,0.496,1.413,0.013
789,2.474,0,0,0.052,0.035,0,0,,0,,,,0,,,,,1004,1004,0,2,3,0,3,3,1,0,1,9,10,11,1,0,2,0,1,0,133472,0.578,1.448,0.011
790,2.291,0,0,0.045,0.034,0,0,,0,,,,0,,,,,1004,1004,0,2,3,0,3,3,1,0,1,9,10,11,1,0,2,0,1,0,133472,0.52,1.371,0.011
791,6.38,4.581,0.001,0.059,0.049,0,0,,0,,,,0,,,,,1004,1004,0,2,3,0,3,3,1,0,1,9,10,11,1,0,2,0,1,0,133472,0.421,0.907,0.014
792,10.873,7.854,0.001,0.06,0.15,0,0,,0,,,,0,,,,,1004,1004,0,2,3,0,3,3,1,0,1,9,10,11,1,0,2,0,1,0,133472,0.468,1.895,0.034
793,3.003,0.002,0.001,0.107,0.074,0,0,,0,,,,0,,,,,1004,1004,0,2,3,0,3,3,1,0,1,9,10,11,1,0,2,0,1,0,133472,0.427,1.905,0.026
794,2.608,0,0.001,0.104,0.051,0,0,,0,,,,0,,,,,1004,1004,0,2,3,0,3,3,1,0,1,9,10,11,1,0,2,0,1,0,133472,0.738,1.318,0.019
795,2.713,0.001,0.001,0.119,0.046,0,0,,0,,,,0,,,,,1004,1004,0,2,3,0,3,3,1,0,1,9,10,11,1,0,2,0,1,0,133472,0.494,1.242,0.024
796,2.838,0.743,0.001,0.08,0.048,0,0,,0,,,,0,,,,,1004,1004,0,2,3,0,3,3,1,0,1,9,10,11,1,0,2,0,1,0,133472,0.473,1.161,0.01
797,3.003,0.927,0,0.056,0.045,0,0,,0,,,,0,,,,,1004,1004,0,2,3,0,3,3,1,0,1,9,10,11,1,0,2,0,1,0,133472,0.448,1.196,0.012
798,2.421,0.15,0.001,0.092,0.051,0,0,,0,,,,0,,,,,1004,1004,0,2,3,0,3,3,1,0,1,9,10,11,1,0,2,0,1,0,133472,0.551,1.178,0.016
799,2.695,0.602,0,0.054,0.049,0,0,,0,,,,0,,,,,1004,1004,0,2,3,0,3,3,1,0,1,9,10,11,1,0,2,0,1,0,133472,0.424,1.24,0.014
800,4.044,0.359,0.001,0.266,0.05,0,0,,0,,,,0,,,,,1004,1004,0,2,3,0,3,3,1,0,1,9,10,11,1,0,2,0,1,0,133472,0.602,2.28,0.022
801,2.54,0.788,0.001,0.055,0.061,0,0,,0,,,,0,,,,,1004,1004,0,2,3,0,3,3,1,0,1,9,10,11,1,0,2,0,1,0,133472,0.391,0.955,0.011
802,2.728,0.723,0,0.074,0.045,0,0,,0,,,,0,,,,,1004,1004,0,2,3,0,3,3,1,0,1,9,10,11,1,0,2,0,1,0,133472,0.491,1.046,0.011
803,2.189,0,0,0.041,0.032,0,0,,0,,,,0,,,,,1004,1004,0,2,3,0,3,3,1,0,1,9,10,11,1,0,2,0,1,0,133472,0.474,1.364,0.013
804,1.995,0.011,0,0.054,0.035,0,0,,0,,,,0,,,,,1004,1004,0,2,3,0,3,3,1,0,1,9,10,11,1,0,2,0,1,0,133472,0.444,1.165,0.021
805,1.659,0.25,0.001,0.048,0.032,0,0,,0,,,,0,,,,,1004,1004,0,2,3,0,3,3,1,0,1,9,10,11,1,0,2,0,1,0,133472,0.375,0.715,0.006
806,2.754,0.861,0.001,0.057,0.049,0,0,,0,,,,0,,,,,1004,1004,0,2,3,0,3,3,1,0,1,9,10,11,1,0,2,0,1,0,133472,0.404,0.995,0.014
807,2.783,0.382,0,0.056,0.078,0,0,,0,,,,0,,,,,1004,1004,0,2,3,0,3,3,1,0,1,9,10,11,1,0,2,0,1,0,133472,0.692,1.221,0.017
808,3.549,1.209,0.001,0.066,0.052,0,0,,0,,,,0,,,,,1004,1004,0,2,3,0,3,3,1,0,1,9,10,11,1,0,2,0,1,0,133472,0.529,1.231,0.015
809,2.102,0,0,0.047,0.035,0,0,,0,,,,0,,,,,1004,1004,0,2,3,0,3,3,1,0,1,9,10,11,1,0,2,0,1,0,133472,0.487,1.241,0.011
810,2.942,1.583,0,0.046,0.031,0,0,,1,2156.25,233545728,288477184,1,71217344,71217344,167755776,38823561584,1004,1004,0,2,3,0,3,3,1,0,1,9,10,11,1,0,2,0,1,0,133472,0.322,0.685,0.007
811,2.044,0.942,0,0.03,0.024,0,0,,0,,,,0,,,,,1004,1004,0,2,3,0,3,3,1,0,1,9,10,11,1,0,2,0,1,0,133472,0.291,0.612,0.004
812,3.978,1.262,0,0.083,0.131,0,0,,0,,,,0,,,,,1004,1004,0,2,3,0,3,3,1,0,1,9,10,11,1,0,2,0,1,0,133472,0.577,1.442,0.017
813,1.654,0.002,0,0.061,0.033,0,0,,0,,,,0,,,,,1004,1004,0,2,3,0,3,3,1,0,1,9,10,11,1,0,2,0,1,0,133472,0.434,0.835,0.009
814,3.691,2.176,0,0.099,0.029,0,0,,0,,,,0,,,,,1004,1004,0,2,3,0,3,3,1,0,1,9,10,11,1,0,2,0,1,0,133472,0.37,0.742,0.006
815,1.965,0.526,0,0.136,0.026,0,0,,0,,,,0,,,,,1004,1004,0,2,3,0,3,3,1,0,1,9,10,11,1,0,2,0,1,0,133472,0.341,0.681,0.008
816,3.057,0.799,0.001,0.109,0.045,0,0,,0,,,,0,,,,,1004,1004,0,2,3,0,3,3,1,0,1,9,10,11,1,0,2,0,1,0,133472,0.542,1.148,0.01
817,1.811,0,0,0.044,0.035,0,0,,0,,,,0,,,,,1004,1004,0,2,3,0,3,3,1,0,1,9,10,11,1,0,2,0,1,0,133472,0.43,1.057,0.009
818,1.36,0.202,0,0.032,0.11,0,0,,0,,,,0,,,,,1004,1004,0,2,3,0,3,3,1,0,1,9,10,11,1,0,2,0,1,0,133472,0.271,0.576,0.005
819,3.655,1.011,0,0.101,0.085,0,0,,0,,,,0,,,,,1004,1004,0,2,3,0,3,3,1,0,1,9,10,11,1,0,2,0,1,0,133472,0.439,1.545,0.028
820,1.691,0.292,0,0.044,0.028,0,0,,0,,,,0,,,,,1004,1004,0,2,3,0,3,3,1,0,1,9,10,11,1,0,2,0,1,0,133472,0.356,0.73,0.009
821,3.426,2.094,0,0.13,0.125,0,0,,0,,,,0,,,,,1004,1004,0,2,3,0,3,3,1,0,1,9,10,11,1,0,2,0,1,0,133472,0.304,0.547,0.006
822,5.01,1.317,0.001,0.103,0.086,0,0,,0,,,,0,,,,,1004,1004,0,2,3,0,3,3,1,0,1,9,10,11,1,0,2,0,1,0,133472,0.845,2.168,0.022
823,3.544,0,0.001,0.096,0.069,0,0,,0,,,,0,,,,,1004,1004,0,2,3,0,3,3,1,0,1,9,10,11,1,0,2,0,1,0,133472,0.825,2.037,0.012
824,3.805,0,0.001,0.086,0.074,0,0,,0,,,,0,,,,,1004,1004,0,2,3,0,3,3,1,0,1,9,10,11,1,0,2,0,1,0,133472,0.87,2.203,0.023
825,2.916,0.001,0,0.1,0.033,0,0,,0,,,,0,,,,,1004,1004,0,2,3,0,3,3,1,0,1,9,10,11,1,0,2,0,1,0,133472,1.163,1.141,0.012
826,2.753,0,0,0.072,0.047,0,0,,0,,,,0,,,,,1004,1004,0,2,3,0,3,3,1,0,1,9,10,11,1,0,2,0,1,0,133472,0.46,1.696,0.015
827,1.69,0.001,0,0.054,0.034,0,0,,0,,,,0,,,,,1004,1004,0,2,3,0,3,3,1,0,1,9,10,11,1,0,2,0,1,0,133472,0.398,0.893,0.017
828,2.097,0.511,0,0.05,0.03,0,0,,0,,,,0,,,,,1004,1004,0,2,3,0,3,3,1,0,1,9,10,11,1,0,2,0,1,0,133472,0.431,0.8,0.008
829,2.33,0.975,0,0.089,0.023,0,0,,0,,,,0,,,,,1004,1004,0,2,3,0,3,3,1,0,1,9,10,11,1,0,2,0,1,0,133472,0.323,0.612,0.005
830,3.035,1.09,0,0.093,0.041,0,0,,0,,,,0,,,,,1004,1004,0,2,3,0,3,3,1,0,1,9,10,11,1,0,2,0,1,0,133472,0.331,1.086,0.023
831,1.932,0.583,0,0.046,0.023,0,0,,0,,,,0,,,,,1004,1004,0,2,3,0,3,3,1,0,1,9,10,11,1,0,2,0,1,0,133472,0.329,0.719,0.007
832,6.288,3,0,0.15,0.081,0,0,,0,,,,0,,,,,1004,1004,0,2,3,0,3,3,1,0,1,9,10,11,1,0,2,0,1,0,133472,0.696,1.921,0.019
833,1.699,0.002,0,0.056,0.036,0,0,,0,,,,0,,,,,1004,1004,0,2,3,0,3,3,1,0,1,9,10,11,1,0,2,0,1,0,133472,0.458,0.764,0.007
834,1.198,0,0,0.035,0.023,0,0,,0,,,,0,,,,,1004,1004,0,2,3,0,3,3,1,0,1,9,10,11,1,0,2,0,1,0,133472,0.29,0.675,0.008
835,1.701,0.207,0.001,0.13,0.031,0,0,,0,,,,0,,,,,1004,1004,0,2,3,0,3,3,1,0,1,9,10,11,1,0,2,0,1,0,133472,0.327,0.717,0.007
836,1.423,0,0,0.028,0.032,0,0,,0,,,,0,,,,,1004,1004,0,2,3,0,3,3,1,0,1,9,10,11,1,0,2,0,1,0,133472,0.281,0.846,0.033
837,2.516,0.667,0.001,0.084,0.058,0,0,,0,,,,0,,,,,1004,1004,0,2,3,0,3,3,1,0,1,9,10,11,1,0,2,0,1,0,133472,0.367,1.04,0.009
838,1.885,0.431,0,0.051,0.029,0,0,,0,,,,0,,,,,1004,1004,0,2,3,0,3,3,1,0,1,9,10,11,1,0,2,0,1,0,133472,0.323,0.791,0.008
839,3.883,2.071,0.001,0.075,0.039,0,0,,0,,,,0,,,,,1004,1004,0,2,3,0,3,3,1,0,1,9,10,11,1,0,2,0,1,0,133472,0.541,0.887,0.009
840,2.041,0.591,0.001,0.049,0.033,0,0,,1,2203.125,233545728,288477184,1,71217344,71217344,167755776,38823561584,1004,1004,0,2,3,0,3,3,1,0,1,9,10,11,1,0,2,0,1,0,133472,0.364,0.753,0.008
841,10.137,6.546,0,0.091,0.205,0,0,,0,,,,0,,,,,1004,1004,0,2,3,0,3,3,1,0,1,9,10,11,1,0,2,0,1,0,133472,0.923,1.417,0.031
842,2.651,0.002,0.001,0.089,0.041,0,0,,0,,,,0,,,,,1004,1004,0,2,3,0,3,3,1,0,1,9,10,11,1,0,2,0,1,0,133472,0.666,1.484,0.015
843,1.522,0,0,0.049,0.026,0,0,,0,,,,0,,,,,1004,1004,0,2,3,0,3,3,1,0,1,9,10,11,1,0,2,0,1,0,133472,0.404,0.811,0.006
844,1.329,0,0.001,0.031,0.021,0,0,,0,,,,0,,,,,1004,1004,0,2,3,0,3,3,1,0,1,9,10,11,1,0,2,0,1,0,133472,0.35,0.756,0.005
845,1.56,0.092,0,0.081,0.034,0,0,,0,,,,0,,,,,1004,1004,0,2,3,0,3,3,1,0,1,9,10,11,1,0,2,0,1,0,133472,0.372,0.719,0.01
846,1.526,0.139,0,0.036,0.028,0,0,,0,,,,0,,,,,1004,1004,0,2,3,0,3,3,1,0,1,9,10,11,1,0,2,0,1,0,133472,0.373,0.754,0.006
847,2.337,1.063,0,0.066,0.023,0,0,,0,,,,0,,,,,1004,1004,0,2,3,0,3,3,1,0,1,9,10,11,1,0,2,0,1,0,133472,0.292,0.654,0.005
848,3.212,1.359,0,0.066,0.05,0,0,,0,,,,0,,,,,1004,1004,0,2,3,0,3,3,1,0,1,9,10,11,1,0,2,0,1,0,133472,0.381,0.937,0.015
849,3.555,1.433,0,0.053,0.056,0,0,,0,,,,0,,,,,1004,1004,0,2,3,0,3,3,1,0,1,9,10,11,1,0,2,0,1,0,133472,0.405,1.254,0.021
850,2.824,0.906,0,0.047,0.042,0,0,,0,,,,0,,,,,1004,1004,0,2,3,0,3,3,1,0,1,9,10,11,1,0,2,0,1,0,133472,0.463,1.072,0.013
851,2.906,0.893,0,0.066,0.047,0,0,,0,,,,0,,,,,1004,1004,0,2,3,0,3,3,1,0,1,9,10,11,1,0,2,0,1,0,133472,0.466,1.041,0.016
852,2.608,0.9,0,0.05,0.036,0,0,,0,,,,0,,,,,1004,1004,0,2,3,0,3,3,1,0,1,9,10,11,1,0,2,0,1,0,133472,0.404,0.921,0.011
853,2.54,1.113,0,0.043,0.033,0,0,,0,,,,0,,,,,1004,1004,0,2,3,0,3,3,1,0,1,9,10,11,1,0,2,0,1,0,133472,0.361,0.782,0.006
854,13.151,11.547,0.001,0.111,0.046,0,0,,0,,,,0,,,,,1004,1004,0,2,3,0,3,3,1,0,1,9,10,11,1,0,2,0,1,0,133472,0.352,0.743,0.013
855,1.446,0.001,0,0.036,0.024,0,0,,0,,,,0,,,,,1004,1004,0,2,3,0,3,3,1,0,1,9,10,11,1,0,2,0,1,0,133472,0.345,0.842,0.006
856,1.802,0.069,0.001,0.155,0.045,0,0,,0,,,,0,,,,,1004,1004,0,2,3,0,3,3,1,0,1,9,10,11,1,0,2,0,1,0,133472,0.402,0.732,0.012
857,1.463,0.001,0,0.028,0.067,0,0,,0,,,,0,,,,,1004,1004,0,2,3,0,3,3,1,0,1,9,10,11,1,0,2,0,1,0,133472,0.308,0.809,0.032
858,3.258,0.811,0.001,0.085,0.119,0,0,,0,,,,0,,,,,1004,1004,0,2,3,0,3,3,1,0,1,9,10,11,1,0,2,0,1,0,133472,0.645,1.101,0.023
859,1.931,0.001,0.001,0.093,0.031,0,0,,0,,,,0,,,,,1004,1004,0,2,3,0,3,3,1,0,1,9,10,11,1,0,2,0,1,0,133472,0.466,1,0.014
860,4.31,2.7,0.001,0.081,0.036,0,0,,0,,,,0,,,,,1004,1004,0,2,3,0,3,3,1,0,1,9,10,11,1,0,2,0,1,0,133472,0.343,0.808,0.011
861,2.583,0.695,0.001,0.154,0.041,0,0,,0,,,,0,,,,,1004,1004,0,2,3,0,3,3,1,0,1,9,10,11,1,0,2,0,1,0,133472,0.412,0.909,0.012
862,1.94,0.441,0,0.108,0.029,0,0,,0,,,,0,,,,,1004,1004,0,2,3,0,3,3,1,0,1,9,10,11,1,0,2,0,1,0,133472,0.368,0.734,0.007
863,3.753,0.905,0,0.129,0.087,0,0,,0,,,,0,,,,,1004,1004,0,2,3,0,3,3,1,0,1,9,10,11,1,0,2,0,1,0,133472,0.369,1.797,0.023
864,1.991,0.001,0,0.053,0.032,0,0,,0,,,,0,,,,,1004,1004,0,2,3,0,3,3,1,0,1,9,10,11,1,0,2,0,1,0,133472,0.49,1.074,0.017
865,1.887,0.144,0.001,0.06,0.035,0,0,,0,,,,0,,,,,1004,1004,0,2,3,0,3,3,1,0,1,9,10,11,1,0,2,0,1,0,133472,0.389,0.934,0.014
866,4.674,2.948,0,0.061,0.042,0,0,,0,,,,0,,,,,1004,1004,0,2,3,0,3,3,1,0,1,9,10,11,1,0,2,0,1,0,133472,0.382,0.953,0.011
867,1.675,0.265,0.001,0.059,0.03,0,0,,0,,,,0,,,,,1004,1004,0,2,3,0,3,3,1,0,1,9,10,11,1,0,2,0,1,0,133472,0.357,0.729,0.006
868,3.363,1.406,0.001,0.141,0.04,0,0,,0,,,,0,,,,,1004,1004,0,2,3,0,3,3,1,0,1,9,10,11,1,0,2,0,1,0,133472,0.484,0.986,0.011
869,2.74,0.001,0,0.031,0.103,0,0,,0,,,,0,,,,,1004,1004,0,2,3,0,3,3,1,0,1,9,10,11,1,0,2,0,1,0,133472,0.352,1.893,0.029
870,3.831,0.001,0,0.12,0.078,0,0,,1,2265.625,233545728,288477184,1,71217344,71217344,167755776,38823561584,1004,1004,0,2,3,0,3,3,1,0,1,9,10,11,1,0,2,0,1,0,133472,1.423,1.536,0.023
871,2.115,0.001,0.001,0.067,0.036,0,0,,0,,,,0,,,,,1004,1004,0,2,3,0,3,3,1,0,1,9,10,11,1,0,2,0,1,0,133472,0.475,1.208,0.013
872,2.293,0,0.001,0.047,0.03,0,0,,0,,,,0,,,,,1004,1004,0,2,3,0,3,3,1,0,1,9,10,11,1,0,2,0,1,0,133472,0.554,1.352,0.01
873,2.33,0,0,0.043,0.032,0,0,,0,,,,0,,,,,1004,1004,0,2,3,0,3,3,1,0,1,9,10,11,1,0,2,0,1,0,133472,0.501,1.444,0.012
874,2.097,0.001,0,0.046,0.026,0,0,,0,,,,0,,,,,1004,1004,0,2,3,0,3,3,1,0,1,9,10,11,1,0,2,0,1,0,133472,0.483,1.251,0.01
875,3.396,1.009,0,0.066,0.055,0,0,,0,,,,0,,,,,1004,1004,0,2,3,0,3,3,1,0,1,9,10,11,1,0,2,0,1,0,133472,0.584,1.288,0.025
876,2.416,0.001,0,0.056,0.041,0,0,,0,,,,0,,,,,1004,1004,0,2,3,0,3,3,1,0,1,9,10,11,1,0,2,0,1,0,133472,0.575,1.375,0.016
877,2.743,0.21,0,0.049,0.066,0,0,,0,,,,0,,,,,1004,1004,0,2,3,0,3,3,1,0,1,9,10,11,1,0,2,0,1,0,133472,0.528,1.515,0.032
878,4.183,1.9,0,0.134,0.077,0,0,,0,,,,0,,,,,1004,1004,0,2,3,0,3,3,1,0,1,9,10,11,1,0,2,0,1,0,133472,0.483,1.198,0.015
879,2.043,0,0,0.063,0.037,0,0,,0,,,,0,,,,,1004,1004,0,2,3,0,3,3,1,0,1,9,10,11,1,0,2,0,1,0,133472,0.471,1.18,0.012
880,3.518,0.796,0,0.11,0.068,0,0,,0,,,,0,,,,,1004,1004,0,2,3,0,3,3,1,0,1,9,10,11,1,0,2,0,1,0,133472,0.65,1.433,0.018
881,3.127,0.001,0,0.051,0.054,0,0,,0,,,,0,,,,,1004,1004,0,2,3,0,3,3,1,0,1,9,10,11,1,0,2,0,1,0,133472,0.547,1.879,0.018
882,2.087,0,0,0.055,0.041,0,0,,0,,,,0,,,,,1004,1004,0,2,3,0,3,3,1,0,1,9,10,11,1,0,2,0,1,0,133472,0.569,1.061,0.013
883,2.01,0.317,0,0.092,0.024,0,0,,0,,,,0,,,,,1004,1004,0,2,3,0,3,3,1,0,1,9,10,11,1,0,2,0,1,0,133472,0.416,0.861,0.01
884,4.625,2.319,0.001,0.08,0.057,0,0,,0,,,,0,,,,,1004,1004,0,2,3,0,3,3,1,0,1,9,10,11,1,0,2,0,1,0,133472,0.524,1.242,0.015
885,1.854,0.001,0,0.042,0.026,0,0,,0,,,,0,,,,,1004,1004,0,2,3,0,3,3,1,0,1,9,10,11,1,0,2,0,1,0,133472,0.486,1.023,0.01
886,2.192,0.265,0.001,0.095,0.025,0,0,,0,,,,0,,,,,1004,1004,0,2,3,0,3,3,1,0,1,9,10,11,1,0,2,0,1,0,133472,0.758,0.624,0.005
887,2.693,0.273,0,0.072,0.046,0,0,,0,,,,0,,,,,1004,1004,0,2,3,0,3,3,1,0,1,9,10,11,1,0,2,0,1,0,133472,0.33,1.681,0.029
888,2.618,0.001,0,0.087,0.073,0,0,,0,,,,0,,,,,1004,1004,0,2,3,0,3,3,1,0,1,9,10,11,1,0,2,0,1,0,133472,0.542,1.567,0.015
889,2.13,0,0,0.052,0.061,0,0,,0,,,,0,,,,,1004,1004,0,2,3,0,3,3,1,0,1,9,10,11,1,0,2,0,1,0,133472,0.498,1.186,0.012
890,1.572,0.001,0,0.059,0.047,0,0,,0,,,,0,,,,,1004,1004,0,2,3,0,3,3,1,0,1,9,10,11,1,0,2,0,1,0,133472,0.367,0.853,0.008
891,2,0,0,0.04,0.034,0,0,,0,,,,0,,,,,1004,1004,0,2,3,0,3,3,1,0,1,9,10,11,1,0,2,0,1,0,133472,0.392,1.262,0.013
892,2.37,0.001,0.001,0.061,0.04,0,0,,0,,,,0,,,,,1004,1004,0,2,3,0,3,3,1,0,1,9,10,11,1,0,2,0,1,0,133472,0.573,1.279,0.015
893,2.27,0,0,0.053,0.031,0,0,,0,,,,0,,,,,1004,1004,0,2,3,0,3,3,1,0,1,9,10,11,1,0,2,0,1,0,133472,0.643,1.248,0.01
894,2.142,0,0,0.042,0.029,0,0,,0,,,,0,,,,,1004,1004,0,2,3,0,3,3,1,0,1,9,10,11,1,0,2,0,1,0,133472,0.485,1.292,0.01
895,3.235,0.133,0,0.052,0.052,0,0,,0,,,,0,,,,,1004,1004,0,2,3,0,3,3,1,0,1,9,10,11,1,0,2,0,1,0,133472,0.679,1.739,0.028
896,2.002,0.001,0.001,0.063,0.045,0,0,,0,,,,0,,,,,1004,1004,0,2,3,0,3,3,1,0,1,9,10,11,1,0,2,0,1,0,133472,0.477,1.044,0.017
897,3.449,1.47,0.001,0.148,0.045,0,0,,0,,,,0,,,,,1004,1004,0,2,3,0,3,3,1,0,1,9,10,11,1,0,2,0,1,0,133472,0.446,1.014,0.011
898,2.028,0.182,0,0.049,0.131,0,0,,0,,,,0,,,,,1004,1004,0,2,3,0,3,3,1,0,1,9,10,11,1,0,2,0,1,0,133472,0.43,0.973,0.009
899,2.779,0.333,0.001,0.111,0.059,0,0,,0,,,,0,,,,,1004,1004,0,2,3,0,3,3,1,0,1,9,10,11,1,0,2,0,1,0,133472,0.483,1.448,0.012
900,2.019,0,0,0.051,0.034,0,0,,1,2328.125,233545728,288477184,1,71217344,71217344,167755776,38823561584,1004,1004,0,2,3,0,3,3,1,0,1,9,10,11,1,0,2,0,1,0,133472,0.507,1.133,0.01
901,2.106,0.054,0,0.047,0.043,0,0,,0,,,,0,,,,,1004,1004,0,2,3,0,3,3,1,0,1,9,10,11,1,0,2,0,1,0,133472,0.444,1.225,0.013
902,2.999,0.158,0,0.059,0.046,0,0,,0,,,,0,,,,,1004,1004,0,2,3,0,3,3,1,0,1,9,10,11,1,0,2,0,1,0,133472,0.604,1.723,0.018
903,2.123,0.001,0,0.057,0.028,0,0,,0,,,,0,,,,,1004,1004,0,2,3,0,3,3,1,0,1,9,10,11,1,0,2,0,1,0,133472,0.489,1.227,0.014
904,12.685,10.047,0.001,0.128,0.096,0,0,,0,,,,0,,,,,1004,1004,0,2,3,0,3,3,1,0,1,9,10,11,1,0,2,0,1,0,133472,0.444,1.47,0.019
905,2.801,0.001,0.001,0.053,0.064,0,0,,0,,,,0,,,,,1004,1004,0,2,3,0,3,3,1,0,1,9,10,11,1,0,2,0,1,0,133472,0.675,1.609,0.02
906,2.361,0,0,0.074,0.038,0,0,,0,,,,0,,,,,1004,1004,0,2,3,0,3,3,1,0,1,9,10,11,1,0,2,0,1,0,133472,0.543,1.289,0.015
907,3.197,1.1,0,0.052,0.041,0,0,,0,,,,0,,,,,1004,1004,0,2,3,0,3,3,1,0,1,9,10,11,1,0,2,0,1,0,133472,0.465,1.197,0.013
908,1.975,0,0,0.048,0.06,0,0,,0,,,,0,,,,,1004,1004,0,2,3,0,3,3,1,0,1,9,10,11,1,0,2,0,1,0,133472,0.388,1.137,0.039
909,2.479,0,0,0.153,0.058,0,0,,0,,,,0,,,,,1004,1004,0,2,3,0,3,3,1,0,1,9,10,11,1,0,2,0,1,0,133472,0.601,1.208,0.015
910,2.059,0.001,0,0.068,0.034,0,0,,0,,,,0,,,,,1004,1004,0,2,3,0,3,3,1,0,1,9,10,11,1,0,2,0,1,0,133472,0.456,1.185,0.011
911,2.571,0.001,0,0.061,0.077,0,0,,0,,,,0,,,,,1004,1004,0,2,3,0,3,3,1,0,1,9,10,11,1,0,2,0,1,0,133472,0.612,1.388,0.02
912,2.665,0.001,0,0.073,0.052,0,0,,0,,,,0,,,,,1004,1004,0,2,3,0,3,3,1,0,1,9,10,11,1,0,2,0,1,0,133472,0.647,1.435,0.022
913,2.289,0,0,0.067,0.029,0,0,,0,,,,0,,,,,1004,1004,0,2,3,0,3,3,1,0,1,9,10,11,1,0,2,0,1,0,133472,0.544,1.259,0.012
914,2.015,0,0,0.046,0.036,0,0,,0,,,,0,,,,,1004,1004,0,2,3,0,3,3,1,0,1,9,10,11,1,0,2,0,1,0,133472,0.465,1.173,0.013
915,3.142,0.082,0.001,0.107,0.064,0,0,,0,,,,0,,,,,1004,1004,0,2,3,0,3,3,1,0,1,9,10,11,1,0,2,0,1,0,133472,1.071,1.258,0.016
916,2.542,0.001,0.001,0.072,0.044,0,0,,0,,,,0,,,,,1004,1004,0,2,3,0,3,3,1,0,1,9,10,11,1,0,2,0,1,0,133472,0.598,1.457,0.014
917,3.044,0,0.001,0.064,0.072,0,0,,0,,,,0,,,,,1004,1004,0,2,3,0,3,3,1,0,1,9,10,11,1,0,2,0,1,0,133472,0.532,1.969,0.023
918,3.788,0.002,0.001,0.078,0.126,0,0,,0,,,,0,,,,,1004,1004,0,2,3,0,3,3,1,0,1,9,10,11,1,0,2,0,1,0,133472,0.668,2.064,0.031
919,2.733,0.002,0.002,0.114,0.039,0,0,,0,,,,0,,,,,1004,1004,0,2,3,0,3,3,1,0,1,9,10,11,1,0,2,0,1,0,133472,0.624,1.511,0.013
920,1.818,0,0,0.044,0.019,0,0,,0,,,,0,,,,,1004,1004,0,2,3,0,3,3,1,0,1,9,10,11,1,0,2,0,1,0,133472,0.581,0.88,0.012
921,9.628,6.657,0,0.123,0.086,0,0,,0,,,,0,,,,,1004,1004,0,2,3,0,3,3,1,0,1,9,10,11,1,0,2,0,1,0,133472,0.43,1.894,0.032
922,2.387,0.001,0.001,0.077,0.044,0,0,,0,,,,0,,,,,1004,1004,0,2,3,0,3,3,1,0,1,9,10,11,1,0,2,0,1,0,133472,0.527,1.225,0.016
923,2.876,0.001,0.001,0.058,0.066,0,0,,0,,,,0,,,,,1004,1004,0,2,3,0,3,3,1,0,1,9,10,11,1,0,2,0,1,0,133472,0.858,1.523,0.02
924,2.195,0,0,0.068,0.031,0,0,,0,,,,0,,,,,1004,1004,0,2,3,0,3,3,1,0,1,9,10,11,1,0,2,0,1,0,133472,0.554,1.218,0.012
925,2.059,0,0,0.046,0.035,0,0,,0,,,,0,,,,,1004,1004,0,2,3,0,3,3,1,0,1,9,10,11,1,0,2,0,1,0,133472,0.533,1.142,0.011
926,1.734,0.001,0,0.048,0.03,0,0,,0,,,,0,,,,,1004,1004,0,2,3,0,3,3,1,0,1,9,10,11,1,0,2,0,1,0,133472,0.44,0.953,0.009
927,1.63,0,0,0.037,0.036,0,0,,0,,,,0,,,,,1004,1004,0,2,3,0,3,3,1,0,1,9,10,11,1,0,2,0,1,0,133472,0.391,0.932,0.009
928,2.066,0,0,0.041,0.037,0,0,,0,,,,0,,,,,1004,1004,0,2,3,0,3,3,1,0,1,9,10,11,1,0,2,0,1,0,133472,0.412,1.282,0.016
929,2.831,0.101,0,0.1,0.051,0,0,,0,,,,0,,,,,1004,1004,0,2,3,0,3,3,1,0,1,9,10,11,1,0,2,0,1,0,133472,0.621,1.555,0.02
930,2.311,0.001,0.001,0.078,0.051,0,0,,1,2421.875,233545728,288477184,1,71217344,71217344,167755776,38823561584,1004,1004,0,2,3,0,3,3,1,0,1,9,10,11,1,0,2,0,1,0,133472,0.543,1.301,0.016
931,3.23,1.311,0,0.053,0.048,0,0,,0,,,,0,,,,,1004,1004,0,2,3,0,3,3,1,0,1,9,10,11,1,0,2,0,1,0,133472,0.404,1.098,0.012
932,2.072,0,0,0.058,0.037,0,0,,0,,,,0,,,,,1004,1004,0,2,3,0,3,3,1,0,1,9,10,11,1,0,2,0,1,0,133472,0.452,1.232,0.013
933,1.863,0,0,0.051,0.036,0,0,,0,,,,0,,,,,1004,1004,0,2,3,0,3,3,1,0,1,9,10,11,1,0,2,0,1,0,133472,0.461,1.044,0.009
934,2.415,0.624,0,0.054,0.042,0,0,,0,,,,0,,,,,1004,1004,0,2,3,0,3,3,1,0,1,9,10,11,1,0,2,0,1,0,133472,0.394,1.002,0.01
935,2.95,0.648,0,0.061,0.067,0,0,,0,,,,0,,,,,1004,1004,0,2,3,0,3,3,1,0,1,9,10,11,1,0,2,0,1,0,133472,0.481,1.291,0.022
936,2.398,0.001,0,0.081,0.029,0,0,,0,,,,0,,,,,1004,1004,0,2,3,0,3,3,1,0,1,9,10,11,1,0,2,0,1,0,133472,0.602,1.321,0.013
937,3.962,1.829,0,0.081,0.053,0,0,,0,,,,0,,,,,1004,1004,0,2,3,0,3,3,1,0,1,9,10,11,1,0,2,0,1,0,133472,0.445,1.212,0.013
938,1.687,0,0,0.037,0.03,0,0,,0,,,,0,,,,,1004,1004,0,2,3,0,3,3,1,0,1,9,10,11,1,0,2,0,1,0,133472,0.431,0.941,0.009
939,2.61,0.608,0,0.055,0.05,0,0,,0,,,,0,,,,,1004,1004,0,2,3,0,3,3,1,0,1,9,10,11,1,0,2,0,1,0,133472,0.428,1.146,0.011
940,1.753,0,0,0.045,0.039,0,0,,0,,,,0,,,,,1004,1004,0,2,3,0,3,3,1,0,1,9,10,11,1,0,2,0,1,0,133472,0.431,0.989,0.008
941,3.16,0.68,0.001,0.157,0.054,0,0,,0,,,,0,,,,,1004,1004,0,2,3,0,3,3,1,0,1,9,10,11,1,0,2,0,1,0,133472,0.504,1.332,0.013
942,2.673,0.001,0,0.061,0.072,0,0,,0,,,,0,,,,,1004,1004,0,2,3,0,3,3,1,0,1,9,10,11,1,0,2,0,1,0,133472,0.56,1.226,0.029
943,2.05,0,0,0.056,0.033,0,0,,0,,,,0,,,,,1004,1004,0,2,3,0,3,3,1,0,1,9,10,11,1,0,2,0,1,0,133472,0.546,1.025,0.028
944,2.03,0.589,0,0.114,0.042,0,0,,0,,,,0,,,,,1004,1004,0,2,3,0,3,3,1,0,1,9,10,11,1,0,2,0,1,0,133472,0.348,0.677,0.009
945,1.925,0.599,0,0.093,0.028,0,0,,0,,,,0,,,,,1004,1004,0,2,3,0,3,3,1,0,1,9,10,11,1,0,2,0,1,0,133472,0.302,0.663,0.005
946,2.034,0.389,0,0.103,0.043,0,0,,0,,,,0,,,,,1004,1004,0,2,3,0,3,3,1,0,1,9,10,11,1,0,2,0,1,0,133472,0.342,0.842,0.013
947,2.738,0.001,0,0.06,0.054,0,0,,0,,,,0,,,,,1004,1004,0,2,3,0,3,3,1,0,1,9,10,11,1,0,2,0,1,0,133472,0.769,1.457,0.017
948,2.147,0.001,0,0.075,0.046,0,0,,0,,,,0,,,,,1004,1004,0,2,3,0,3,3,1,0,1,9,10,11,1,0,2,0,1,0,133472,0.495,1.179,0.012
949,2.778,0,0,0.086,0.056,0,0,,0,,,,0,,,,,1004,1004,0,2,3,0,3,3,1,0,1,9,10,11,1,0,2,0,1,0,133472,0.598,1.58,0.021
950,3.241,0,0,0.073,0.069,0,0,,0,,,,0,,,,,1004,1004,0,2,3,0,3,3,1,0,1,9,10,11,1,0,2,0,1,0,133472,0.735,1.716,0.022
951,2.901,0,0.001,0.06,0.049,0,0,,0,,,,0,,,,,1004,1004,0,2,3,0,3,3,1,0,1,9,10,11,1,0,2,0,1,0,133472,0.636,1.776,0.018
952,2.946,0.001,0,0.066,0.044,0,0,,0,,,,0,,,,,1004,1004,0,2,3,0,3,3,1,0,1,9,10,11,1,0,2,0,1,0,133472,0.662,1.761,0.017
953,2.47,0.001,0,0.067,0.054,0,0,,0,,,,0,,,,,1004,1004,0,2,3,0,3,3,1,0,1,9,10,11,1,0,2,0,1,0,133472,0.519,1.426,0.017
954,3.005,0.001,0,0.059,0.08,0,0,,0,,,,0,,,,,1004,1004,0,2,3,0,3,3,1,0,1,9,10,11,1,0,2,0,1,0,133472,0.53,1.903,0.023
955,2.622,0.002,0.001,0.063,0.081,0,0,,0,,,,0,,,,,1004,1004,0,2,3,0,3,3,1,0,1,9,10,11,1,0,2,0,1,0,133472,0.506,1.551,0.023
956,3.028,0.001,0,0.105,0.081,0,0,,0,,,,0,,,,,1004,1004,0,2,3,0,3,3,1,0,1,9,10,11,1,0,2,0,1,0,133472,0.569,1.588,0.028
957,2.371,0.313,0,0.059,0.036,0,0,,0,,,,0,,,,,1004,1004,0,2,3,0,3,3,1,0,1,9,10,11,1,0,2,0,1,0,133472,0.446,0.895,0.009
958,1.796,0.168,0.001,0.045,0.025,0,0,,0,,,,0,,,,,1004,1004,0,2,3,0,3,3,1,0,1,9,10,11,1,0,2,0,1,0,133472,0.407,0.918,0.007
959,15.15,13.59,0.001,0.184,0.037,0,0,,0,,,,0,,,,,1004,1004,0,2,3,0,3,3,1,0,1,9,10,11,1,0,2,0,1,0,133472,0.295,0.673,0.011
960,5.764,1.211,0.001,0.152,0.101,0,0,,1,2468.75,233545728,288477184,1,71217344,71217344,167755776,38823561584,1004,1004,0,2,3,0,3,3,1,0,1,9,10,11,1,0,2,0,1,0,133472,1,2.522,0.028
961,4.507,0,0,0.097,0.075,0,0,,0,,,,0,,,,,1004,1004,0,2,3,0,3,3,1,0,1,9,10,11,1,0,2,0,1,0,133472,0.992,2.68,0.025
962,3.291,0.001,0.001,0.102,0.064,0,0,,0,,,,0,,,,,1004,1004,0,2,3,0,3,3,1,0,1,9,10,11,1,0,2,0,1,0,133472,0.667,1.444,0.016
963,2.201,0,0,0.062,0.037,0,0,,0,,,,0,,,,,1004,1004,0,2,3,0,3,3,1,0,1,9,10,11,1,0,2,0,1,0,133472,0.515,1.256,0.013
964,2.144,0,0,0.041,0.029,0,0,,0,,,,0,,,,,1004,1004,0,2,3,0,3,3,1,0,1,9,10,11,1,0,2,0,1,0,133472,0.489,1.322,0.008
965,1.754,0,0,0.033,0.023,0,0,,0,,,,0,,,,,1004,1004,0,2,3,0,3,3,1,0,1,9,10,11,1,0,2,0,1,0,133472,0.436,1.03,0.007
966,1.412,0.156,0,0.078,0.026,0,0,,0,,,,0,,,,,1004,1004,0,2,3,0,3,3,1,0,1,9,10,11,1,0,2,0,1,0,133472,0.321,0.569,0.005
967,3.377,1.195,0,0.127,0.076,0,0,,0,,,,0,,,,,1004,1004,0,2,3,0,3,3,1,0,1,9,10,11,1,0,2,0,1,0,133472,0.484,1.13,0.021
968,1.959,0.001,0,0.069,0.026,0,0,,0,,,,0,,,,,1004,1004,0,2,3,0,3,3,1,0,1,9,10,11,1,0,2,0,1,0,133472,0.42,1.103,0.009
969,1.987,0.001,0,0.041,0.026,0,0,,0,,,,0,,,,,1004,1004,0,2,3,0,3,3,1,0,1,9,10,11,1,0,2,0,1,0,133472,0.471,1.156,0.01
970,3.731,1.531,0,0.077,0.053,0,0,,0,,,,0,,,,,1004,1004,0,2,3,0,3,3,1,0,1,9,10,11,1,0,2,0,1,0,133472,0.497,1.142,0.013
971,1.804,0.001,0,0.047,0.02,0,0,,0,,,,0,,,,,1004,1004,0,2,3,0,3,3,1,0,1,9,10,11,1,0,2,0,1,0,133472,0.411,1.085,0.009
972,4.328,0.242,0,0.048,0.063,0,0,,0,,,,0,,,,,1004,1004,0,2,3,0,3,3,1,0,1,9,10,11,1,0,2,0,1,0,133472,1.203,2.249,0.028
973,3.581,0.001,0,0.038,0.093,0,0,,0,,,,0,,,,,1004,1004,0,2,3,0,3,3,1,0,1,9,10,11,1,0,2,0,1,0,133472,0.669,2.348,0.026
974,4.308,0.001,0,0.109,0.073,0,0,,0,,,,0,,,,,1004,1004,0,2,3,0,3,3,1,0,1,9,10,11,1,0,2,0,1,0,133472,0.875,2.66,0.023
975,1.976,0,0,0.101,0.024,0,0,,0,,,,0,,,,,1004,1004,0,2,3,0,3,3,1,0,1,9,10,11,1,0,2,0,1,0,133472,0.451,1.019,0.007
976,1.676,0,0,0.039,0.031,0,0,,0,,,,0,,,,,1004,1004,0,2,3,0,3,3,1,0,1,9,10,11,1,0,2,0,1,0,133472,0.396,0.972,0.007
977,1.707,0,0,0.044,0.023,0,0,,0,,,,0,,,,,1004,1004,0,2,3,0,3,3,1,0,1,9,10,11,1,0,2,0,1,0,133472,0.463,0.925,0.008
978,1.676,0,0,0.044,0.029,0,0,,0,,,,0,,,,,1004,1004,0,2,3,0,3,3,1,0,1,9,10,11,1,0,2,0,1,0,133472,0.426,0.938,0.01
979,1.513,0.001,0,0.042,0.02,0,0,,0,,,,0,,,,,1004,1004,0,2,3,0,3,3,1,0,1,9,10,11,1,0,2,0,1,0,133472,0.361,0.866,0.007
980,2.399,0,0,0.038,0.046,0,0,,0,,,,0,,,,,1004,1004,0,2,3,0,3,3,1,0,1,9,10,11,1,0,2,0,1,0,133472,0.58,1.428,0.016
981,3.141,0.383,0,0.09,0.052,0,0,,0,,,,0,,,,,1004,1004,0,2,3,0,3,3,1,0,1,9,10,11,1,0,2,0,1,0,133472,0.606,1.56,0.018
982,8.319,6.203,0.001,0.057,0.059,0,0,,0,,,,0,,,,,1004,1004,0,2,3,0,3,3,1,0,1,9,10,11,1,0,2,0,1,0,133472,0.445,1.16,0.021
983,2.73,0.001,0,0.053,0.041,0,0,,0,,,,0,,,,,1004,1004,0,2,3,0,3,3,1,0,1,9,10,11,1,0,2,0,1,0,133472,0.438,1.895,0.015
984,3.693,0.001,0.001,0.054,0.081,0,0,,0,,,,0,,,,,1004,1004,0,2,3,0,3,3,1,0,1,9,10,11,1,0,2,0,1,0,133472,0.74,2.438,0.025
985,3.596,0.001,0,0.098,0.062,0,0,,0,,,,0,,,,,1004,1004,0,2,3,0,3,3,1,0,1,9,10,11,1,0,2,0,1,0,133472,0.564,2.383,0.024
986,3.347,0.001,0,0.097,0.066,0,0,,0,,,,0,,,,,1004,1004,0,2,3,0,3,3,1,0,1,9,10,11,1,0,2,0,1,0,133472,0.454,2.281,0.025
987,2.616,0,0.001,0.099,0.035,0,0,,0,,,,0,,,,,1004,1004,0,2,3,0,3,3,1,0,1,9,10,11,1,0,2,0,1,0,133472,0.791,1.407,0.011
988,2.268,0,0,0.04,0.034,0,0,,0,,,,0,,,,,1004,1004,0,2,3,0,3,3,1,0,1,9,10,11,1,0,2,0,1,0,133472,0.481,1.437,0.012
989,2.285,0,0,0.058,0.033,0,0,,0,,,,0,,,,,1004,1004,0,2,3,0,3,3,1,0,1,9,10,11,1,0,2,0,1,0,133472,0.415,1.463,0.013
990,2.377,0,0.001,0.055,0.045,0,0,,1,2562.5,233611264,288477184,1,71217344,71217344,167755776,38823561584,1004,1004,0,2,3,0,3,3,1,0,1,9,10,11,1,0,2,0,1,0,133472,0.509,1.438,0.012
991,2.477,0.001,0,0.058,0.05,0,0,,0,,,,0,,,,,1004,1004,0,2,3,0,3,3,1,0,1,9,10,11,1,0,2,0,1,0,133472,0.476,1.549,0.016
992,2.275,0,0,0.08,0.039,0,0,,0,,,,0,,,,,1004,1004,0,2,3,0,3,3,1,0,1,9,10,11,1,0,2,0,1,0,133472,0.501,1.278,0.012
993,2.034,0.001,0,0.049,0.031,0,0,,0,,,,0,,,,,1004,1004,0,2,3,0,3,3,1,0,1,9,10,11,1,0,2,0,1,0,133472,0.477,1.196,0.009
994,1.892,0,0,0.046,0.047,0,0,,0,,,,0,,,,,1004,1004,0,2,3,0,3,3,1,0,1,9,10,11,1,0,2,0,1,0,133472,0.407,1.117,0.015
995,2.437,0,0,0.082,0.04,0,0,,0,,,,0,,,,,1004,1004,0,2,3,0,3,3,1,0,1,9,10,11,1,0,2,0,1,0,133472,0.535,1.473,0.012
996,1.982,0,0,0.062,0.027,0,0,,0,,,,0,,,,,1004,1004,0,2,3,0,3,3,1,0,1,9,10,11,1,0,2,0,1,0,133472,0.477,1.144,0.01
997,1.816,0,0,0.055,0.025,0,0,,0,,,,0,,,,,1004,1004,0,2,3,0,3,3,1,0,1,9,10,11,1,0,2,0,1,0,133472,0.438,1.052,0.01
998,2.065,0,0,0.05,0.033,0,0,,0,,,,0,,,,,1004,1004,0,2,3,0,3,3,1,0,1,9,10,11,1,0,2,0,1,0,133472,0.417,1.299,0.015
999,2.33,0.34,0.001,0.072,0.047,0,0,,0,,,,0,,,,,1004,1004,0,2,3,0,3,3,1,0,1,9,10,11,1,0,2,0,1,0,133472,0.492,1.028,0.013
1000,2.31,0.333,0,0.056,0.046,0,0,,0,,,,0,,,,,1004,1004,0,2,3,0,3,3,1,0,1,9,10,11,1,0,2,0,1,0,133472,0.364,1.213,0.012
1001,3.256,1.456,0,0.06,0.046,0,0,,0,,,,0,,,,,1004,1004,0,2,3,0,3,3,1,0,1,9,10,11,1,0,2,0,1,0,133472,0.412,0.99,0.01
1002,2.304,0.192,0,0.065,0.05,0,0,,0,,,,0,,,,,1004,1004,0,2,3,0,3,3,1,0,1,9,10,11,1,0,2,0,1,0,133472,0.381,1.287,0.013
1003,2.576,0.251,0,0.058,0.041,0,0,,0,,,,0,,,,,1004,1004,0,2,3,0,3,3,1,0,1,9,10,11,1,0,2,0,1,0,133472,0.743,1.142,0.009
1004,1.813,0.001,0,0.048,0.029,0,0,,0,,,,0,,,,,1004,1004,0,2,3,0,3,3,1,0,1,9,10,11,1,0,2,0,1,0,133472,0.444,1.044,0.007
1005,2.397,0.337,0,0.078,0.027,0,0,,0,,,,0,,,,,1004,1004,0,2,3,0,3,3,1,0,1,9,10,11,1,0,2,0,1,0,133472,0.457,1.194,0.007
1006,2.289,0.22,0,0.052,0.033,0,0,,0,,,,0,,,,,1004,1004,0,2,3,0,3,3,1,0,1,9,10,11,1,0,2,0,1,0,133472,0.525,1.181,0.009
1007,2.368,0.434,0.001,0.072,0.027,0,0,,0,,,,0,,,,,1004,1004,0,2,3,0,3,3,1,0,1,9,10,11,1,0,2,0,1,0,133472,0.465,1.07,0.007
1008,1.895,0.057,0,0.046,0.024,0,0,,0,,,,0,,,,,1004,1004,0,2,3,0,3,3,1,0,1,9,10,11,1,0,2,0,1,0,133472,0.466,1.069,0.006
1009,2.411,0,0,0.045,0.045,0,0,,0,,,,0,,,,,1004,1004,0,2,3,0,3,3,1,0,1,9,10,11,1,0,2,0,1,0,133472,0.501,1.104,0.012
1010,2.02,0.001,0,0.058,0.035,0,0,,0,,,,0,,,,,1004,1004,0,2,3,0,3,3,1,0,1,9,10,11,1,0,2,0,1,0,133472,0.47,1.17,0.011
1011,1.898,0.001,0,0.045,0.032,0,0,,0,,,,0,,,,,1004,1004,0,2,3,0,3,3,1,0,1,9,10,11,1,0,2,0,1,0,133472,0.442,1.086,0.009
1012,1.77,0.001,0,0.042,0.036,0,0,,0,,,,0,,,,,1004,1004,0,2,3,0,3,3,1,0,1,9,10,11,1,0,2,0,1,0,133472,0.403,1.024,0.01
1013,1.99,0,0,0.046,0.04,0,0,,0,,,,0,,,,,1004,1004,0,2,3,0,3,3,1,0,1,9,10,11,1,0,2,0,1,0,133472,0.492,1.129,0.011
1014,2.005,0,0,0.046,0.03,0,0,,0,,,,0,,,,,1004,1004,0,2,3,0,3,3,1,0,1,9,10,11,1,0,2,0,1,0,133472,0.476,1.147,0.011
1015,2.564,0.446,0,0.088,0.046,0,0,,0,,,,0,,,,,1004,1004,0,2,3,0,3,3,1,0,1,9,10,11,1,0,2,0,1,0,133472,0.48,1.057,0.013
1016,2.763,0.447,0,0.037,0.044,0,0,,0,,,,0,,,,,1004,1004,0,2,3,0,3,3,1,0,1,9,10,11,1,0,2,0,1,0,133472,0.46,1.033,0.01
1017,1.779,0.001,0,0.103,0.029,0,0,,0,,,,0,,,,,1004,1004,0,2,3,0,3,3,1,0,1,9,10,11,1,0,2,0,1,0,133472,0.395,0.992,0.01
1018,1.723,0.285,0,0.042,0.03,0,0,,0,,,,0,,,,,1004,1004,0,2,3,0,3,3,1,0,1,9,10,11,1,0,2,0,1,0,133472,0.393,0.747,0.006
1019,3.217,0.799,0,0.15,0.055,0,0,,0,,,,0,,,,,1004,1004,0,2,3,0,3,3,1,0,1,9,10,11,1,0,2,0,1,0,133472,0.586,1.195,0.012
1020,2.088,0.001,0,0.051,0.033,0,0,,1,2640.625,233611264,288477184,1,71217344,71217344,167755776,38823561584,1004,1004,0,2,3,0,3,3,1,0,1,9,10,11,1,0,2,0,1,0,133472,0.516,1.204,0.009
1021,2.014,0.001,0,0.057,0.026,0,0,,0,,,,0,,,,,1004,1004,0,2,3,0,3,3,1,0,1,9,10,11,1,0,2,0,1,0,133472,0.526,1.134,0.009
1022,1.449,0.001,0,0.044,0.016,0,0,,0,,,,0,,,,,1004,1004,0,2,3,0,3,3,1,0,1,9,10,11,1,0,2,0,1,0,133472,0.369,0.811,0.01
1023,2.562,0.384,0,0.092,0.042,0,0,,0,,,,0,,,,,1004,1004,0,2,3,0,3,3,1,0,1,9,10,11,1,0,2,0,1,0,133472,0.481,1.21,0.034
1024,1.776,0.001,0,0.061,0.021,0,0,,0,,,,0,,,,,1004,1004,0,2,3,0,3,3,1,0,1,9,10,11,1,0,2,0,1,0,133472,0.489,0.931,0.01
1025,2.737,0,0,0.036,0.142,0,0,,0,,,,0,,,,,1004,1004,0,2,3,0,3,3,1,0,1,9,10,11,1,0,2,0,1,0,133472,0.522,1.359,0.016
1026,1.942,0.001,0.001,0.055,0.046,0,0,,0,,,,0,,,,,1004,1004,0,2,3,0,3,3,1,0,1,9,10,11,1,0,2,0,1,0,133472,0.433,1.09,0.012
1027,10.714,7.793,0,0.055,0.064,0,0,,0,,,,0,,,,,1004,1004,0,2,3,0,3,3,1,0,1,9,10,11,1,0,2,0,1,0,133472,0.566,1.412,0.024
1028,11.703,8.62,0,0.061,0.094,0,0,,0,,,,0,,,,,1004,1004,0,2,3,0,3,3,1,0,1,9,10,11,1,0,2,0,1,0,133472,0.613,1.782,0.031
1029,2.818,0.002,0.001,0.081,0.045,0,0,,0,,,,0,,,,,1004,1004,0,2,3,0,3,3,1,0,1,9,10,11,1,0,2,0,1,0,133472,0.675,1.534,0.02
1030,3.463,1.007,0,0.066,0.056,0,0,,0,,,,0,,,,,1004,1004,0,2,3,0,3,3,1,0,1,9,10,11,1,0,2,0,1,0,133472,0.547,1.42,0.015
1031,2.147,0.001,0,0.063,0.038,0,0,,0,,,,0,,,,,1004,1004,0,2,3,0,3,3,1,0,1,9,10,11,1,0,2,0,1,0,133472,0.547,1.186,0.012
1032,3.052,0.643,0,0.064,0.061,0,0,,0,,,,0,,,,,1004,1004,0,2,3,0,3,3,1,0,1,9,10,11,1,0,2,0,1,0,133472,0.519,1.397,0.015
1033,2.039,0.001,0,0.067,0.035,0,0,,0,,,,0,,,,,1004,1004,0,2,3,0,3,3,1,0,1,9,10,11,1,0,2,0,1,0,133472,0.436,1.196,0.013
1034,2.798,0.316,0,0.085,0.064,0,0,,0,,,,0,,,,,1004,1004,0,2,3,0,3,3,1,0,1,9,10,11,1,0,2,0,1,0,133472,0.623,1.316,0.02
1035,2.858,0.001,0,0.084,0.057,0,0,,0,,,,0,,,,,1004,1004,0,2,3,0,3,3,1,0,1,9,10,11,1,0,2,0,1,0,133472,0.796,1.478,0.019
1036,2.469,0.001,0,0.099,0.04,0,0,,0,,,,0,,,,,1004,1004,0,2,3,0,3,3,1,0,1,9,10,11,1,0,2,0,1,0,133472,0.567,1.374,0.014
1037,2.852,0.958,0.001,0.068,0.047,0,0,,0,,,,0,,,,,1004,1004,0,2,3,0,3,3,1,0,1,9,10,11,1,0,2,0,1,0,133472,0.389,1.056,0.013
1038,2.782,0.691,0,0.064,0.043,0,0,,0,,,,0,,,,,1004,1004,0,2,3,0,3,3,1,0,1,9,10,11,1,0,2,0,1,0,133472,0.44,1.218,0.014
1039,2.642,0.822,0,0.069,0.042,0,0,,0,,,,0,,,,,1004,1004,0,2,3,0,3,3,1,0,1,9,10,11,1,0,2,0,1,0,133472,0.401,1.002,0.01
1040,2.56,0.226,0,0.076,0.068,0,0,,0,,,,0,,,,,1004,1004,0,2,3,0,3,3,1,0,1,9,10,11,1,0,2,0,1,0,133472,0.462,1.334,0.018
1041,3.37,0.18,0,0.09,0.072,0,0,,0,,,,0,,,,,1004,1004,0,2,3,0,3,3,1,0,1,9,10,11,1,0,2,0,1,0,133472,0.776,1.666,0.022
1042,2.844,0.465,0.001,0.075,0.054,0,0,,0,,,,0,,,,,1004,1004,0,2,3,0,3,3,1,0,1,9,10,11,1,0,2,0,1,0,133472,0.565,1.26,0.015
1043,1.945,0.001,0.001,0.067,0.039,0,0,,0,,,,0,,,,,1004,1004,0,2,3,0,3,3,1,0,1,9,10,11,1,0,2,0,1,0,133472,0.431,1.094,0.011
1044,2.497,0.283,0,0.074,0.054,0,0,,0,,,,0,,,,,1004,1004,0,2,3,0,3,3,1,0,1,9,10,11,1,0,2,0,1,0,133472,0.463,1.28,0.013
1045,2.913,0.404,0,0.087,0.043,0,0,,0,,,,0,,,,,1004,1004,0,2,3,0,3,3,1,0,1,9,10,11,1,0,2,0,1,0,133472,0.516,1.483,0.014
1046,2.223,0.001,0,0.069,0.033,0,0,,0,,,,0,,,,,1004,1004,0,2,3,0,3,3,1,0,1,9,10,11,1,0,2,0,1,0,133472,0.563,1.246,0.012
1047,2.915,0.001,0.001,0.073,0.063,0,0,,0,,,,0,,,,,1004,1004,0,2,3,0,3,3,1,0,1,9,10,11,1,0,2,0,1,0,133472,0.645,1.657,0.028
1048,2.196,0.001,0,0.085,0.042,0,0,,0,,,,0,,,,,1004,1004,0,2,3,0,3,3,1,0,1,9,10,11,1,0,2,0,1,0,133472,0.545,1.167,0.014
1049,2.368,0.817,0.001,0.105,0.034,0,0,,0,,,,0,,,,,1004,1004,0,2,3,0,3,3,1,0,1,9,10,11,1,0,2,0,1,0,133472,0.31,0.803,0.009
1050,2.812,0.966,0,0.061,0.044,0,0,,1,2703.125,233635840,288477184,1,71217344,71217344,167755776,38823561584,1004,1004,0,2,3,0,3,3,1,0,1,9,10,11,1,0,2,0,1,0,133472,0.432,0.977,0.027
1051,1.811,0.223,0.003,0.045,0.025,0,0,,0,,,,0,,,,,1004,1004,0,2,3,0,3,3,1,0,1,9,10,11,1,0,2,0,1,0,133472,0.385,0.888,0.009
1052,2.691,0.804,0,0.036,0.036,0,0,,0,,,,0,,,,,1004,1004,0,2,3,0,3,3,1,0,1,9,10,11,1,0,2,0,1,0,133472,0.414,1.141,0.009
1053,2.424,0.001,0,0.037,0.04,0,0,,0,,,,0,,,,,1004,1004,0,2,3,0,3,3,1,0,1,9,10,11,1,0,2,0,1,0,133472,0.446,1.602,0.012
1054,2.505,0,0,0.068,0.039,0,0,,0,,,,0,,,,,1004,1004,0,2,3,0,3,3,1,0,1,9,10,11,1,0,2,0,1,0,133472,0.581,1.478,0.013
1055,2.066,0.001,0.001,0.069,0.031,0,0,,0,,,,0,,,,,1004,1004,0,2,3,0,3,3,1,0,1,9,10,11,1,0,2,0,1,0,133472,0.448,1.227,0.011
1056,1.87,0,0.001,0.049,0.028,0,0,,0,,,,0,,,,,1004,1004,0,2,3,0,3,3,1,0,1,9,10,11,1,0,2,0,1,0,133472,0.471,1.035,0.009
1057,1.954,0,0,0.042,0.051,0,0,,0,,,,0,,,,,1004,1004,0,2,3,0,3,3,1,0,1,9,10,11,1,0,2,0,1,0,133472,0.419,1.196,0.009
1058,2.478,0,0,0.055,0.051,0,0,,0,,,,0,,,,,1004,1004,0,2,3,0,3,3,1,0,1,9,10,11,1,0,2,0,1,0,133472,0.511,1.529,0.017
1059,1.719,0.001,0,0.055,0.028,0,0,,0,,,,0,,,,,1004,1004,0,2,3,0,3,3,1,0,1,9,10,11,1,0,2,0,1,0,133472,0.442,0.92,0.007
1060,1.366,0,0,0.028,0.025,0,0,,0,,,,0,,,,,1004,1004,0,2,3,0,3,3,1,0,1,9,10,11,1,0,2,0,1,0,133472,0.331,0.798,0.006
1061,3.263,0.866,0,0.384,0.096,0,0,,0,,,,0,,,,,1004,1004,0,2,3,0,3,3,1,0,1,9,10,11,1,0,2,0,1,0,133472,0.388,1.094,0.015
1062,2.039,0.001,0,0.072,0.023,0,0,,0,,,,0,,,,,1004,1004,0,2,3,0,3,3,1,0,1,9,10,11,1,0,2,0,1,0,133472,0.498,1.154,0.009
1063,1.85,0,0,0.041,0.025,0,0,,0,,,,0,,,,,1004,1004,0,2,3,0,3,3,1,0,1,9,10,11,1,0,2,0,1,0,133472,0.44,1.098,0.009
1064,2.924,1.388,0,0.047,0.053,0,0,,0,,,,0,,,,,1004,1004,0,2,3,0,3,3,1,0,1,9,10,11,1,0,2,0,1,0,133472,0.352,0.817,0.011
1065,2.042,0.453,0,0.042,0.045,0,0,,0,,,,0,,,,,1004,1004,0,2,3,0,3,3,1,0,1,9,10,11,1,0,2,0,1,0,133472,0.324,0.923,0.008
1066,1.673,0,0,0.031,0.025,0,0,,0,,,,0,,,,,1004,1004,0,2,3,0,3,3,1,0,1,9,10,11,1,0,2,0,1,0,133472,0.424,0.955,0.008
1067,1.546,0,0,0.04,0.028,0,0,,0,,,,0,,,,,1004,1004,0,2,3,0,3,3,1,0,1,9,10,11,1,0,2,0,1,0,133472,0.417,0.846,0.007
1068,1.716,0,0,0.03,0.03,0,0,,0,,,,0,,,,,1004,1004,0,2,3,0,3,3,1,0,1,9,10,11,1,0,2,0,1,0,133472,0.366,1.085,0.008
1069,1.891,0,0,0.037,0.044,0,0,,0,,,,0,,,,,1004,1004,0,2,3,0,3,3,1,0,1,9,10,11,1,0,2,0,1,0,133472,0.358,1.162,0.011
1070,2.781,0,0,0.051,0.045,0,0,,0,,,,0,,,,,1004,1004,0,2,3,0,3,3,1,0,1,9,10,11,1,0,2,0,1,0,133472,1.05,1.235,0.015
1071,1.714,0.001,0.001,0.057,0.025,0,0,,0,,,,0,,,,,1004,1004,0,2,3,0,3,3,1,0,1,9,10,11,1,0,2,0,1,0,133472,0.387,0.988,0.008
1072,1.513,0.04,0.001,0.123,0.031,0,0,,0,,,,0,,,,,1004,1004,0,2,3,0,3,3,1,0,1,9,10,11,1,0,2,0,1,0,133472,0.3,0.724,0.007
1073,1.335,0,0,0.033,0.02,0,0,,0,,,,0,,,,,1004,1004,0,2,3,0,3,3,1,0,1,9,10,11,1,0,2,0,1,0,133472,0.342,0.761,0.005
1074,1.962,0,0.001,0.031,0.045,0,0,,0,,,,0,,,,,1004,1004,0,2,3,0,3,3,1,0,1,9,10,11,1,0,2,0,1,0,133472,0.402,1.208,0.034
1075,1.956,0.001,0,0.146,0.031,0,0,,0,,,,0,,,,,1004,1004,0,2,3,0,3,3,1,0,1,9,10,11,1,0,2,0,1,0,133472,0.447,1.073,0.009
1076,1.906,0.001,0,0.035,0.045,0,0,,0,,,,0,,,,,1004,1004,0,2,3,0,3,3,1,0,1,9,10,11,1,0,2,0,1,0,133472,0.404,1.173,0.011
1077,1.978,0.001,0,0.103,0.024,0,0,,0,,,,0,,,,,1004,1004,0,2,3,0,3,3,1,0,1,9,10,11,1,0,2,0,1,0,133472,0.445,1.057,0.01
1078,2.815,0,0,0.039,0.078,0,0,,0,,,,0,,,,,1004,1004,0,2,3,0,3,3,1,0,1,9,10,11,1,0,2,0,1,0,133472,0.476,1.879,0.024
1079,2.131,0.001,0,0.064,0.026,0,0,,0,,,,0,,,,,1004,1004,0,2,3,0,3,3,1,0,1,9,10,11,1,0,2,0,1,0,133472,0.485,1.222,0.01
1080,3.539,1.725,0.001,0.059,0.041,0,0,,1,2765.625,233635840,288477184,1,71217344,71217344,167755776,38823561584,1004,1004,0,2,3,0,3,3,1,0,1,9,10,11,1,0,2,0,1,0,133472,0.402,0.985,0.008
1081,2.06,0.176,0,0.099,0.043,0,0,,0,,,,0,,,,,1004,1004,0,2,3,0,3,3,1,0,1,9,10,11,1,0,2,0,1,0,133472,0.308,1.196,0.033
1082,2.464,0.729,0.001,0.129,0.084,0,0,,0,,,,0,,,,,1004,1004,0,2,3,0,3,3,1,0,1,9,10,11,1,0,2,0,1,0,133472,0.411,0.845,0.008
1083,2.417,0.951,0,0.047,0.036,0,0,,0,,,,0,,,,,1004,1004,0,2,3,0,3,3,1,0,1,9,10,11,1,0,2,0,1,0,133472,0.304,0.829,0.008
1084,2.324,0.546,0,0.037,0.051,0,0,,0,,,,0,,,,,1004,1004,0,2,3,0,3,3,1,0,1,9,10,11,1,0,2,0,1,0,133472,0.338,1.094,0.012
1085,2.694,0,0,0.04,0.047,0,0,,0,,,,0,,,,,1004,1004,0,2,3,0,3,3,1,0,1,9,10,11,1,0,2,0,1,0,133472,0.46,1.742,0.018
1086,1.802,0.001,0,0.05,0.03,0,0,,0,,,,0,,,,,1004,1004,0,2,3,0,3,3,1,0,1,9,10,11,1,0,2,0,1,0,133472,0.438,0.982,0.012
1087,1.396,0.001,0.001,0.05,0.022,0,0,,0,,,,0,,,,,1004,1004,0,2,3,0,3,3,1,0,1,9,10,11,1,0,2,0,1,0,133472,0.356,0.766,0.005
1088,1.238,0,0.001,0.03,0.022,0,0,,0,,,,0,,,,,1004,1004,0,2,3,0,3,3,1,0,1,9,10,11,1,0,2,0,1,0,133472,0.327,0.693,0.007
1089,2.037,0.217,0,0.134,0.038,0,0,,0,,,,0,,,,,1004,1004,0,2,3,0,3,3,1,0,1,9,10,11,1,0,2,0,1,0,133472,0.382,0.889,0.007
1090,2.321,0,0.001,0.039,0.068,0,0,,0,,,,0,,,,,1004,1004,0,2,3,0,3,3,1,0,1,9,10,11,1,0,2,0,1,0,133472,0.404,1.314,0.025
1091,2.425,0.001,0.001,0.09,0.038,0,0,,0,,,,0,,,,,1004,1004,0,2,3,0,3,3,1,0,1,9,10,11,1,0,2,0,1,0,133472,0.593,1.246,0.013
1092,1.785,0.001,0,0.056,0.024,0,0,,0,,,,0,,,,,1004,1004,0,2,3,0,3,3,1,0,1,9,10,11,1,0,2,0,1,0,133472,0.4,1.059,0.009
1093,2.841,0,0,0.042,0.091,0,0,,0,,,,0,,,,,1004,1004,0,2,3,0,3,3,1,0,1,9,10,11,1,0,2,0,1,0,133472,0.546,1.726,0.026
1094,2.407,0.001,0,0.092,0.056,0,0,,0,,,,0,,,,,1004,1004,0,2,3,0,3,3,1,0,1,9,10,11,1,0,2,0,1,0,133472,0.681,1.079,0.013
1095,1.728,0,0,0.048,0.029,0,0,,0,,,,0,,,,,1004,1004,0,2,3,0,3,3,1,0,1,9,10,11,1,0,2,0,1,0,133472,0.435,0.981,0.008
1096,1.635,0.001,0,0.04,0.027,0,0,,0,,,,0,,,,,1004,1004,0,2,3,0,3,3,1,0,1,9,10,11,1,0,2,0,1,0,133472,0.41,0.933,0.007
1097,2.09,0.442,0,0.051,0.024,0,0,,0,,,,0,,,,,1004,1004,0,2,3,0,3,3,1,0,1,9,10,11,1,0,2,0,1,0,133472,0.406,0.956,0.008
1098,4.171,0.729,0,0.059,0.082,0,0,,0,,,,0,,,,,1004,1004,0,2,3,0,3,3,1,0,1,9,10,11,1,0,2,0,1,0,133472,1.101,1.778,0.024
1099,1.88,0.003,0,0.089,0.037,0,0,,0,,,,0,,,,,1004,1004,0,2,3,0,3,3,1,0,1,9,10,11,1,0,2,0,1,0,133472,0.452,0.909,0.016
1100,3.677,0.264,0.001,0.129,0.095,0,0,,0,,,,0,,,,,1004,1004,0,2,3,0,3,3,1,0,1,9,10,11,1,0,2,0,1,0,133472,0.609,2.058,0.03
1101,3.423,0.001,0,0.089,0.048,0,0,,0,,,,0,,,,,1004,1004,0,2,3,0,3,3,1,0,1,9,10,11,1,0,2,0,1,0,133472,0.748,1.961,0.027
1102,4.542,2.102,0,0.059,0.052,0,0,,0,,,,0,,,,,1004,1004,0,2,3,0,3,3,1,0,1,9,10,11,1,0,2,0,1,0,133472,0.588,1.329,0.016
1103,2.008,0.001,0,0.054,0.033,0,0,,0,,,,0,,,,,1004,1004,0,2,3,0,3,3,1,0,1,9,10,11,1,0,2,0,1,0,133472,0.462,1.163,0.01
1104,2.876,1.059,0,0.082,0.052,0,0,,0,,,,0,,,,,1004,1004,0,2,3,0,3,3,1,0,1,9,10,11,1,0,2,0,1,0,133472,0.376,0.963,0.01
1105,3.026,0.666,0,0.048,0.039,0,0,,0,,,,0,,,,,1004,1004,0,2,3,0,3,3,1,0,1,9,10,11,1,0,2,0,1,0,133472,0.445,1.363,0.015
1106,2.7,0.268,0,0.085,0.028,0,0,,0,,,,0,,,,,1004,1004,0,2,3,0,3,3,1,0,1,9,10,11,1,0,2,0,1,0,133472,0.566,1.384,0.012
1107,4.148,2.487,0.001,0.09,0.034,0,0,,0,,,,0,,,,,1004,1004,0,2,3,0,3,3,1,0,1,9,10,11,1,0,2,0,1,0,133472,0.405,0.738,0.01
1108,2.562,0.001,0,0.026,0.036,0,0,,0,,,,0,,,,,1004,1004,0,2,3,0,3,3,1,0,1,9,10,11,1,0,2,0,1,0,133472,0.504,1.333,0.026
1109,1.603,0.001,0.001,0.06,0.025,0,0,,0,,,,0,,,,,1004,1004,0,2,3,0,3,3,1,0,1,9,10,11,1,0,2,0,1,0,133472,0.415,0.858,0.008
1110,2.241,0.551,0,0.102,0.025,0,0,,1,2828.125,233635840,288477184,1,71217344,71217344,167755776,38823561584,1004,1004,0,2,3,0,3,3,1,0,1,9,10,11,1,0,2,0,1,0,133472,0.37,0.9,0.008
1111,3.131,0.771,0,0.09,0.05,0,0,,0,,,,0,,,,,1004,1004,0,2,3,0,3,3,1,0,1,9,10,11,1,0,2,0,1,0,133472,0.451,1.308,0.027
1112,2.342,0.156,0,0.083,0.062,0,0,,0,,,,0,,,,,1004,1004,0,2,3,0,3,3,1,0,1,9,10,11,1,0,2,0,1,0,133472,0.45,0.869,0.009
1113,6.557,4.398,0,0.13,0.052,0,0,,0,,,,0,,,,,1004,1004,0,2,3,0,3,3,1,0,1,9,10,11,1,0,2,0,1,0,133472,0.502,1.151,0.014
1114,3.976,2.041,0,0.078,0.042,0,0,,0,,,,0,,,,,1004,1004,0,2,3,0,3,3,1,0,1,9,10,11,1,0,2,0,1,0,133472,0.41,1.11,0.01
1115,2.067,0,0,0.036,0.04,0,0,,0,,,,0,,,,,1004,1004,0,2,3,0,3,3,1,0,1,9,10,11,1,0,2,0,1,0,133472,0.528,1.15,0.013
1116,2.299,0.265,0,0.063,0.038,0,0,,0,,,,0,,,,,1004,1004,0,2,3,0,3,3,1,0,1,9,10,11,1,0,2,0,1,0,133472,0.602,0.947,0.026
1117,2.384,0.154,0.001,0.08,0.043,0,0,,0,,,,0,,,,,1004,1004,0,2,3,0,3,3,1,0,1,9,10,11,1,0,2,0,1,0,133472,0.492,1.235,0.014
1118,3.832,1.947,0,0.06,0.046,0,0,,0,,,,0,,,,,1004,1004,0,2,3,0,3,3,1,0,1,9,10,11,1,0,2,0,1,0,133472,0.411,1.08,0.01
1119,2.102,0,0,0.059,0.033,0,0,,0,,,,0,,,,,1004,1004,0,2,3,0,3,3,1,0,1,9,10,11,1,0,2,0,1,0,133472,0.478,1.231,0.01
1120,1.923,0.01,0,0.048,0.032,0,0,,0,,,,0,,,,,1004,1004,0,2,3,0,3,3,1,0,1,9,10,11,1,0,2,0,1,0,133472,0.556,1.008,0.009
1121,2.5,0.821,0,0.046,0.05,0,0,,0,,,,0,,,,,1004,1004,0,2,3,0,3,3,1,0,1,9,10,11,1,0,2,0,1,0,133472,0.382,0.914,0.01
1122,2.043,0.001,0,0.046,0.034,0,0,,0,,,,0,,,,,1004,1004,0,2,3,0,3,3,1,0,1,9,10,11,1,0,2,0,1,0,133472,0.386,1.275,0.013
1123,2.395,0.237,0,0.091,0.045,0,0,,0,,,,0,,,,,1004,1004,0,2,3,0,3,3,1,0,1,9,10,11,1,0,2,0,1,0,133472,0.5,1.168,0.034
1124,3.5,0.735,0,0.077,0.058,0,0,,0,,,,0,,,,,1004,1004,0,2,3,0,3,3,1,0,1,9,10,11,1,0,2,0,1,0,133472,0.741,1.456,0.017
1125,2.481,0.626,0,0.063,0.043,0,0,,0,,,,0,,,,,1004,1004,0,2,3,0,3,3,1,0,1,9,10,11,1,0,2,0,1,0,133472,0.415,1.021,0.011
1126,1.915,0.001,0,0.032,0.044,0,0,,0,,,,0,,,,,1004,1004,0,2,3,0,3,3,1,0,1,9,10,11,1,0,2,0,1,0,133472,0.421,1.164,0.011
1127,2.259,0.3,0,0.056,0.037,0,0,,0,,,,0,,,,,1004,1004,0,2,3,0,3,3,1,0,1,9,10,11,1,0,2,0,1,0,133472,0.457,1.063,0.011
1128,2.321,0.307,0,0.054,0.047,0,0,,0,,,,0,,,,,1004,1004,0,2,3,0,3,3,1,0,1,9,10,11,1,0,2,0,1,0,133472,0.435,1.165,0.014
1129,2.833,0.389,0.001,0.088,0.036,0,0,,0,,,,0,,,,,1004,1004,0,2,3,0,3,3,1,0,1,9,10,11,1,0,2,0,1,0,133472,0.535,1.324,0.026
1130,3.43,0.639,0,0.074,0.042,0,0,,0,,,,0,,,,,1004,1004,0,2,3,0,3,3,1,0,1,9,10,11,1,0,2,0,1,0,133472,0.564,1.505,0.019
1131,3.115,0.99,0.001,0.059,0.044,0,0,,0,,,,0,,,,,1004,1004,0,2,3,0,3,3,1,0,1,9,10,11,1,0,2,0,1,0,133472,0.453,1.127,0.014
1132,2.152,0.296,0,0.059,0.037,0,0,,0,,,,0,,,,,1004,1004,0,2,3,0,3,3,1,0,1,9,10,11,1,0,2,0,1,0,133472,0.377,1.083,0.012
1133,2.824,0.768,0,0.066,0.049,0,0,,0,,,,0,,,,,1004,1004,0,2,3,0,3,3,1,0,1,9,10,11,1,0,2,0,1,0,133472,0.478,1.128,0.011
1134,1.878,0.001,0,0.06,0.033,0,0,,0,,,,0,,,,,1004,1004,0,2,3,0,3,3,1,0,1,9,10,11,1,0,2,0,1,0,133472,0.474,1.042,0.01
1135,2.925,0.515,0,0.065,0.042,0,0,,0,,,,0,,,,,1004,1004,0,2,3,0,3,3,1,0,1,9,10,11,1,0,2,0,1,0,133472,0.551,1.383,0.018
1136,2.016,0.001,0,0.052,0.043,0,0,,0,,,,0,,,,,1004,1004,0,2,3,0,3,3,1,0,1,9,10,11,1,0,2,0,1,0,133472,0.451,1.097,0.037
1137,4.013,1.638,0,0.076,0.066,0,0,,0,,,,0,,,,,1004,1004,0,2,3,0,3,3,1,0,1,9,10,11,1,0,2,0,1,0,133472,0.525,1.308,0.014
1138,1.96,0.011,0,0.068,0.044,0,0,,0,,,,0,,,,,1004,1004,0,2,3,0,3,3,1,0,1,9,10,11,1,0,2,0,1,0,133472,0.434,1.108,0.01
1139,2.118,0.051,0,0.068,0.051,0,0,,0,,,,0,,,,,1004,1004,0,2,3,0,3,3,1,0,1,9,10,11,1,0,2,0,1,0,133472,0.437,1.186,0.012
1140,2.05,0.48,0.001,0.111,0.033,0,0,,1,2906.25,233635840,288477184,1,71217344,71217344,167755776,38823561584,1004,1004,0,2,3,0,3,3,1,0,1,9,10,11,1,0,2,0,1,0,133472,0.328,0.714,0.006
1141,4.194,1.32,0,0.12,0.085,0,0,,0,,,,0,,,,,1004,1004,0,2,3,0,3,3,1,0,1,9,10,11,1,0,2,0,1,0,133472,0.581,1.628,0.022
1142,3.778,0.002,0,0.102,0.095,0,0,,0,,,,0,,,,,1004,1004,0,2,3,0,3,3,1,0,1,9,10,11,1,0,2,0,1,0,133472,0.951,1.859,0.028
1143,3.043,0.002,0.002,0.108,0.068,0,0,,0,,,,0,,,,,1004,1004,0,2,3,0,3,3,1,0,1,9,10,11,1,0,2,0,1,0,133472,0.633,1.657,0.023
1144,3.037,0,0.001,0.08,0.054,0,0,,0,,,,0,,,,,1004,1004,0,2,3,0,3,3,1,0,1,9,10,11,1,0,2,0,1,0,133472,0.697,1.696,0.025
1145,2.37,0.001,0.001,0.057,0.044,0,0,,0,,,,0,,,,,1004,1004,0,2,3,0,3,3,1,0,1,9,10,11,1,0,2,0,1,0,133472,0.571,1.355,0.013
1146,2.143,0,0,0.063,0.043,0,0,,0,,,,0,,,,,1004,1004,0,2,3,0,3,3,1,0,1,9,10,11,1,0,2,0,1,0,133472,0.465,1.253,0.015
1147,2.3,0,0,0.083,0.117,0,0,,0,,,,0,,,,,1004,1004,0,2,3,0,3,3,1,0,1,9,10,11,1,0,2,0,1,0,133472,0.571,1.067,0.019
1148,3.643,0.061,0.001,0.06,0.076,0,0,,0,,,,0,,,,,1004,1004,0,2,3,0,3,3,1,0,1,9,10,11,1,0,2,0,1,0,133472,1.195,1.824,0.024
1149,2.213,0.002,0.001,0.095,0.031,0,0,,0,,,,0,,,,,1004,1004,0,2,3,0,3,3,1,0,1,9,10,11,1,0,2,0,1,0,133472,0.508,1.198,0.012
1150,2.852,0.587,0,0.062,0.059,0,0,,0,,,,0,,,,,1004,1004,0,2,3,0,3,3,1,0,1,9,10,11,1,0,2,0,1,0,133472,0.482,1.268,0.016
1151,2.314,0.001,0,0.042,0.037,0,0,,0,,,,0,,,,,1004,1004,0,2,3,0,3,3,1,0,1,9,10,11,1,0,2,0,1,0,133472,0.546,1.364,0.012
1152,1.951,0,0,0.042,0.026,0,0,,0,,,,0,,,,,1004,1004,0,2,3,0,3,3,1,0,1,9,10,11,1,0,2,0,1,0,133472,0.494,1.125,0.009
1153,2.157,0.081,0,0.047,0.048,0,0,,0,,,,0,,,,,1004,1004,0,2,3,0,3,3,1,0,1,9,10,11,1,0,2,0,1,0,133472,0.388,1.266,0.018
1154,3.21,0.169,0,0.074,0.06,0,0,,0,,,,0,,,,,1004,1004,0,2,3,0,3,3,1,0,1,9,10,11,1,0,2,0,1,0,133472,0.585,1.811,0.022
1155,2.469,0.001,0,0.096,0.041,0,0,,0,,,,0,,,,,1004,1004,0,2,3,0,3,3,1,0,1,9,10,11,1,0,2,0,1,0,133472,0.673,1.258,0.013
1156,2.356,0.36,0.001,0.061,0.045,0,0,,0,,,,0,,,,,1004,1004,0,2,3,0,3,3,1,0,1,9,10,11,1,0,2,0,1,0,133472,0.45,1.107,0.012
1157,2.214,0.26,0,0.046,0.036,0,0,,0,,,,0,,,,,1004,1004,0,2,3,0,3,3,1,0,1,9,10,11,1,0,2,0,1,0,133472,0.464,1.116,0.012
1158,2.178,0.286,0,0.057,0.026,0,0,,0,,,,0,,,,,1004,1004,0,2,3,0,3,3,1,0,1,9,10,11,1,0,2,0,1,0,133472,0.452,1.045,0.01
1159,2.554,0.117,0,0.046,0.076,0,0,,0,,,,0,,,,,1004,1004,0,2,3,0,3,3,1,0,1,9,10,11,1,0,2,0,1,0,133472,0.465,1.475,0.016
1160,2.725,0.001,0,0.093,0.046,0,0,,0,,,,0,,,,,1004,1004,0,2,3,0,3,3,1,0,1,9,10,11,1,0,2,0,1,0,133472,0.651,1.499,0.014
1161,2.416,0,0,0.091,0.037,0,0,,0,,,,0,,,,,1004,1004,0,2,3,0,3,3,1,0,1,9,10,11,1,0,2,0,1,0,133472,0.664,1.194,0.019
1162,2.383,0.001,0,0.049,0.042,0,0,,0,,,,0,,,,,1004,1004,0,2,3,0,3,3,1,0,1,9,10,11,1,0,2,0,1,0,133472,0.624,1.261,0.032
1163,2.591,0.426,0,0.168,0.033,0,0,,0,,,,0,,,,,1004,1004,0,2,3,0,3,3,1,0,1,9,10,11,1,0,2,0,1,0,133472,0.415,1.104,0.011
1164,1.971,0.001,0,0.039,0.033,0,0,,0,,,,0,,,,,1004,1004,0,2,3,0,3,3,1,0,1,9,10,11,1,0,2,0,1,0,133472,0.442,1.195,0.013
1165,1.934,0,0,0.044,0.029,0,0,,0,,,,0,,,,,1004,1004,0,2,3,0,3,3,1,0,1,9,10,11,1,0,2,0,1,0,133472,0.465,1.122,0.011
1166,1.958,0.001,0.001,0.062,0.032,0,0,,0,,,,0,,,,,1004,1004,0,2,3,0,3,3,1,0,1,9,10,11,1,0,2,0,1,0,133472,0.452,1.119,0.013
1167,1.661,0.001,0,0.054,0.022,0,0,,0,,,,0,,,,,1004,1004,0,2,3,0,3,3,1,0,1,9,10,11,1,0,2,0,1,0,133472,0.454,0.899,0.009
1168,2.769,0.51,0,0.062,0.065,0,0,,0,,,,0,,,,,1004,1004,0,2,3,0,3,3,1,0,1,9,10,11,1,0,2,0,1,0,133472,0.453,1.301,0.022
1169,2.423,0,0.001,0.097,0.046,0,0,,0,,,,0,,,,,1004,1004,0,2,3,0,3,3,1,0,1,9,10,11,1,0,2,0,1,0,133472,0.628,1.212,0.014
1170,2.422,0.001,0,0.066,0.046,0,0,,1,2984.375,233635840,288477184,1,71217344,71217344,167755776,38823561584,1004,1004,0,2,3,0,3,3,1,0,1,9,10,11,1,0,2,0,1,0,133472,0.654,1.264,0.017
1171,2.474,0.777,0,0.055,0.051,0,0,,0,,,,0,,,,,1004,1004,0,2,3,0,3,3,1,0,1,9,10,11,1,0,2,0,1,0,133472,0.371,0.949,0.011
1172,2.471,0.361,0,0.064,0.049,0,0,,0,,,,0,,,,,1004,1004,0,2,3,0,3,3,1,0,1,9,10,11,1,0,2,0,1,0,133472,0.458,1.206,0.025
1173,1.991,0.001,0,0.039,0.031,0,0,,0,,,,0,,,,,1004,1004,0,2,3,0,3,3,1,0,1,9,10,11,1,0,2,0,1,0,133472,0.651,1.017,0.009
1174,1.74,0.001,0,0.04,0.027,0,0,,0,,,,0,,,,,1004,1004,0,2,3,0,3,3,1,0,1,9,10,11,1,0,2,0,1,0,133472,0.397,1.032,0.009
1175,2.519,0.163,0.001,0.078,0.064,0,0,,0,,,,0,,,,,1004,1004,0,2,3,0,3,3,1,0,1,9,10,11,1,0,2,0,1,0,133472,0.524,1.31,0.019
1176,2.863,0.001,0,0.08,0.074,0,0,,0,,,,0,,,,,1004,1004,0,2,3,0,3,3,1,0,1,9,10,11,1,0,2,0,1,0,133472,0.909,1.317,0.019
1177,2.152,0.001,0,0.082,0.04,0,0,,0,,,,0,,,,,1004,1004,0,2,3,0,3,3,1,0,1,9,10,11,1,0,2,0,1,0,133472,0.485,1.232,0.011
1178,2.089,0,0,0.051,0.046,0,0,,0,,,,0,,,,,1004,1004,0,2,3,0,3,3,1,0,1,9,10,11,1,0,2,0,1,0,133472,0.462,1.231,0.012
1179,2.679,0,0.001,0.053,0.196,0,0,,0,,,,0,,,,,1004,1004,0,2,3,0,3,3,1,0,1,9,10,11,1,0,2,0,1,0,133472,0.511,1.574,0.019
1180,2.972,0.002,0,0.139,0.063,0,0,,0,,,,0,,,,,1004,1004,0,2,3,0,3,3,1,0,1,9,10,11,1,0,2,0,1,0,133472,0.684,1.503,0.017
1181,2.143,0.001,0,0.05,0.055,0,0,,0,,,,0,,,,,1004,1004,0,2,3,0,3,3,1,0,1,9,10,11,1,0,2,0,1,0,133472,0.505,1.209,0.012
1182,2.945,0,0.001,0.043,0.044,0,0,,0,,,,0,,,,,1004,1004,0,2,3,0,3,3,1,0,1,9,10,11,1,0,2,0,1,0,133472,0.561,1.916,0.021
1183,3.277,0.001,0,0.074,0.082,0,0,,0,,,,0,,,,,1004,1004,0,2,3,0,3,3,1,0,1,9,10,11,1,0,2,0,1,0,133472,0.692,1.868,0.026
1184,3.071,0.002,0.001,0.128,0.052,0,0,,0,,,,0,,,,,1004,1004,0,2,3,0,3,3,1,0,1,9,10,11,1,0,2,0,1,0,133472,0.768,1.559,0.017
1185,2.041,0,0.001,0.053,0.05,0,0,,0,,,,0,,,,,1004,1004,0,2,3,0,3,3,1,0,1,9,10,11,1,0,2,0,1,0,133472,0.484,1.152,0.011
1186,2.46,0,0,0.067,0.042,0,0,,0,,,,0,,,,,1004,1004,0,2,3,0,3,3,1,0,1,9,10,11,1,0,2,0,1,0,133472,0.576,1.386,0.011
1187,2.178,0,0,0.046,0.029,0,0,,0,,,,0,,,,,1004,1004,0,2,3,0,3,3,1,0,1,9,10,11,1,0,2,0,1,0,133472,0.467,1.334,0.009
1188,2.289,0,0,0.04,0.06,0,0,,0,,,,0,,,,,1004,1004,0,2,3,0,3,3,1,0,1,9,10,11,1,0,2,0,1,0,133472,0.595,1.287,0.011
1189,2.615,0,0,0.059,0.035,0,0,,0,,,,0,,,,,1004,1004,0,2,3,0,3,3,1,0,1,9,10,11,1,0,2,0,1,0,133472,0.635,1.537,0.014
1190,2.691,0.697,0,0.062,0.044,0,0,,0,,,,0,,,,,1004,1004,0,2,3,0,3,3,1,0,1,9,10,11,1,0,2,0,1,0,133472,0.486,1.078,0.011
1191,3.222,1.1,0,0.047,0.068,0,0,,0,,,,0,,,,,1004,1004,0,2,3,0,3,3,1,0,1,9,10,11,1,0,2,0,1,0,133472,0.404,1.279,0.018
1192,2.691,0.001,0.001,0.072,0.047,0,0,,0,,,,0,,,,,1004,1004,0,2,3,0,3,3,1,0,1,9,10,11,1,0,2,0,1,0,133472,0.543,1.643,0.016
1193,2.438,0,0,0.093,0.045,0,0,,0,,,,0,,,,,1004,1004,0,2,3,0,3,3,1,0,1,9,10,11,1,0,2,0,1,0,133472,0.679,1.25,0.014
1194,2.673,0.001,0.001,0.072,0.049,0,0,,0,,,,0,,,,,1004,1004,0,2,3,0,3,3,1,0,1,9,10,11,1,0,2,0,1,0,133472,0.601,1.578,0.018
1195,3.02,0.001,0,0.082,0.048,0,0,,0,,,,0,,,,,1004,1004,0,2,3,0,3,3,1,0,1,9,10,11,1,0,2,0,1,0,133472,0.72,1.685,0.019
1196,2.835,0.001,0,0.083,0.063,0,0,,0,,,,0,,,,,1004,1004,0,2,3,0,3,3,1,0,1,9,10,11,1,0,2,0,1,0,133472,0.691,1.574,0.014
1197,2.539,0.001,0.001,0.078,0.059,0,0,,0,,,,0,,,,,1004,1004,0,2,3,0,3,3,1,0,1,9,10,11,1,0,2,0,1,0,133472,0.509,1.531,0.018
1198,5.828,2.822,0.001,0.107,0.076,0,0,,0,,,,0,,,,,1004,1004,0,2,3,0,3,3,1,0,1,9,10,11,1,0,2,0,1,0,133472,0.669,1.606,0.024
1199,9.937,7.501,0.001,0.076,0.059,0,0,,0,,,,0,,,,,1004,1004,0,2,3,0,3,3,1,0,1,9,10,11,1,0,2,0,1,0,133472,0.432,1.426,0.023
1200,5.859,3.861,0.001,0.063,0.051,0,0,,1,3046.875,233635840,288477184,1,71217344,71217344,167755776,38823561584,1004,1004,0,2,3,0,3,3,1,0,1,9,10,11,1,0,2,0,1,0,133472,0.473,1.04,0.021
1201,1.847,0,0.001,0.047,0.047,0,0,,0,,,,0,,,,,1004,1004,0,2,3,0,3,3,1,0,1,9,10,11,1,0,2,0,1,0,133472,0.407,1.051,0.017
1202,2.663,0.371,0,0.072,0.071,0,0,,0,,,,0,,,,,1004,1004,0,2,3,0,3,3,1,0,1,9,10,11,1,0,2,0,1,0,133472,0.375,1.393,0.021
1203,2.772,0.363,0.001,0.085,0.044,0,0,,0,,,,0,,,,,1004,1004,0,2,3,0,3,3,1,0,1,9,10,11,1,0,2,0,1,0,133472,0.513,1.321,0.013
1204,2.485,0.247,0,0.064,0.042,0,0,,0,,,,0,,,,,1004,1004,0,2,3,0,3,3,1,0,1,9,10,11,1,0,2,0,1,0,133472,0.469,1.269,0.012
1205,2.139,0.001,0,0.047,0.032,0,0,,0,,,,0,,,,,1004,1004,0,2,3,0,3,3,1,0,1,9,10,11,1,0,2,0,1,0,133472,0.456,1.312,0.012
1206,2.664,0.711,0,0.061,0.05,0,0,,0,,,,0,,,,,1004,1004,0,2,3,0,3,3,1,0,1,9,10,11,1,0,2,0,1,0,133472,0.444,1.029,0.015
1207,2.072,0.263,0.001,0.048,0.036,0,0,,0,,,,0,,,,,1004,1004,0,2,3,0,3,3,1,0,1,9,10,11,1,0,2,0,1,0,133472,0.4,1.052,0.011
1208,2.791,0.56,0,0.051,0.056,0,0,,0,,,,0,,,,,1004,1004,0,2,3,0,3,3,1,0,1,9,10,11,1,0,2,0,1,0,133472,0.485,1.331,0.019
1209,2.892,0.282,0.001,0.072,0.061,0,0,,0,,,,0,,,,,1004,1004,0,2,3,0,3,3,1,0,1,9,10,11,1,0,2,0,1,0,133472,0.566,1.451,0.023
1210,3.347,0.748,0,0.062,0.056,0,0,,0,,,,0,,,,,1004,1004,0,2,3,0,3,3,1,0,1,9,10,11,1,0,2,0,1,0,133472,0.594,1.467,0.018
1211,2.83,0.804,0.001,0.057,0.054,0,0,,0,,,,0,,,,,1004,1004,0,2,3,0,3,3,1,0,1,9,10,11,1,0,2,0,1,0,133472,0.431,1.127,0.015
1212,2.936,0.596,0,0.064,0.057,0,0,,0,,,,0,,,,,1004,1004,0,2,3,0,3,3,1,0,1,9,10,11,1,0,2,0,1,0,133472,0.508,1.349,0.013
1213,2.026,0,0,0.068,0.034,0,0,,0,,,,0,,,,,1004,1004,0,2,3,0,3,3,1,0,1,9,10,11,1,0,2,0,1,0,133472,0.459,1.153,0.01
1214,2.591,0.412,0,0.063,0.065,0,0,,0,,,,0,,,,,1004,1004,0,2,3,0,3,3,1,0,1,9,10,11,1,0,2,0,1,0,133472,0.399,1.303,0.015
1215,2.338,0.001,0,0.084,0.035,0,0,,0,,,,0,,,,,1004,1004,0,2,3,0,3,3,1,0,1,9,10,11,1,0,2,0,1,0,133472,0.439,1.421,0.014
1216,2.444,0.001,0,0.063,0.034,0,0,,0,,,,0,,,,,1004,1004,0,2,3,0,3,3,1,0,1,9,10,11,1,0,2,0,1,0,133472,0.502,1.509,0.018
1217,3.462,1.268,0,0.065,0.051,0,0,,0,,,,0,,,,,1004,1004,0,2,3,0,3,3,1,0,1,9,10,11,1,0,2,0,1,0,133472,0.479,1.213,0.016
1218,2.441,0.001,0,0.067,0.054,0,0,,0,,,,0,,,,,1004,1004,0,2,3,0,3,3,1,0,1,9,10,11,1,0,2,0,1,0,133472,0.483,1.503,0.017
1219,2.306,0,0,0.092,0.036,0,0,,0,,,,0,,,,,1004,1004,0,2,3,0,3,3,1,0,1,9,10,11,1,0,2,0,1,0,133472,0.563,1.225,0.013
1220,2.085,0,0,0.062,0.051,0,0,,0,,,,0,,,,,1004,1004,0,2,3,0,3,3,1,0,1,9,10,11,1,0,2,0,1,0,133472,0.452,1.202,0.012
1221,2.304,0.001,0,0.08,0.065,0,0,,0,,,,0,,,,,1004,1004,0,2,3,0,3,3,1,0,1,9,10,11,1,0,2,0,1,0,133472,0.535,1.2,0.017
1222,2.646,0,0,0.063,0.053,0,0,,0,,,,0,,,,,1004,1004,0,2,3,0,3,3,1,0,1,9,10,11,1,0,2,0,1,0,133472,0.666,1.394,0.02
1223,2.26,0.001,0,0.073,0.035,0,0,,0,,,,0,,,,,1004,1004,0,2,3,0,3,3,1,0,1,9,10,11,1,0,2,0,1,0,133472,0.517,1.303,0.012
1224,2.719,1.201,0,0.042,0.043,0,0,,0,,,,0,,,,,1004,1004,0,2,3,0,3,3,1,0,1,9,10,11,1,0,2,0,1,0,133472,0.356,0.826,0.007
1225,2.296,0.694,0,0.087,0.035,0,0,,0,,,,0,,,,,1004,1004,0,2,3,0,3,3,1,0,1,9,10,11,1,0,2,0,1,0,133472,0.367,0.834,0.009
1226,3.034,0.87,0.001,0.085,0.053,0,0,,0,,,,0,,,,,1004,1004,0,2,3,0,3,3,1,0,1,9,10,11,1,0,2,0,1,0,133472,0.478,1.151,0.014
1227,2.142,0.001,0.001,0.048,0.045,0,0,,0,,,,0,,,,,1004,1004,0,2,3,0,3,3,1,0,1,9,10,11,1,0,2,0,1,0,133472,0.45,1.264,0.018
1228,2.628,0.054,0.001,0.081,0.049,0,0,,0,,,,0,,,,,1004,1004,0,2,3,0,3,3,1,0,1,9,10,11,1,0,2,0,1,0,133472,0.561,1.39,0.035
1229,2.285,0.379,0,0.067,0.032,0,0,,0,,,,0,,,,,1004,1004,0,2,3,0,3,3,1,0,1,9,10,11,1,0,2,0,1,0,133472,0.445,1.021,0.011
1230,3.422,1.725,0,0.123,0.042,0,0,,1,3125,233701376,288477184,1,71217344,71217344,167755776,38823561584,1004,1004,0,2,3,0,3,3,1,0,1,9,10,11,1,0,2,0,1,0,133472,0.368,0.781,0.008
1231,2.131,0.647,0,0.092,0.031,0,0,,0,,,,0,,,,,1004,1004,0,2,3,0,3,3,1,0,1,9,10,11,1,0,2,0,1,0,133472,0.315,0.761,0.006
1232,2.459,0.949,0.001,0.098,0.024,0,0,,0,,,,0,,,,,1004,1004,0,2,3,0,3,3,1,0,1,9,10,11,1,0,2,0,1,0,133472,0.403,0.683,0.006
1233,3.387,1.211,0,0.16,0.051,0,0,,0,,,,0,,,,,1004,1004,0,2,3,0,3,3,1,0,1,9,10,11,1,0,2,0,1,0,133472,0.472,1.13,0.03
1234,2.945,0.001,0,0.053,0.044,0,0,,0,,,,0,,,,,1004,1004,0,2,3,0,3,3,1,0,1,9,10,11,1,0,2,0,1,0,133472,0.633,1.684,0.02
1235,3.23,0.032,0,0.057,0.057,0,0,,0,,,,0,,,,,1004,1004,0,2,3,0,3,3,1,0,1,9,10,11,1,0,2,0,1,0,133472,0.447,1.743,0.04
1236,2.857,0.974,0.001,0.068,0.048,0,0,,0,,,,0,,,,,1004,1004,0,2,3,0,3,3,1,0,1,9,10,11,1,0,2,0,1,0,133472,0.414,1.012,0.012
1237,2.805,0.693,0,0.05,0.045,0,0,,0,,,,0,,,,,1004,1004,0,2,3,0,3,3,1,0,1,9,10,11,1,0,2,0,1,0,133472,0.482,1.211,0.012
1238,1.692,0.323,0,0.073,0.031,0,0,,0,,,,0,,,,,1004,1004,0,2,3,0,3,3,1,0,1,9,10,11,1,0,2,0,1,0,133472,0.346,0.638,0.006
1239,14.327,11.902,0.001,0.111,0.069,0,0,,0,,,,0,,,,,1004,1004,0,2,3,0,3,3,1,0,1,9,10,11,1,0,2,0,1,0,133472,0.427,1.384,0.021
1240,1.958,0.001,0,0.051,0.028,0,0,,0,,,,0,,,,,1004,1004,0,2,3,0,3,3,1,0,1,9,10,11,1,0,2,0,1,0,133472,0.484,1.098,0.01
1241,1.973,0.001,0,0.033,0.035,0,0,,0,,,,0,,,,,1004,1004,0,2,3,0,3,3,1,0,1,9,10,11,1,0,2,0,1,0,133472,0.42,1.235,0.011
1242,2.076,0,0.001,0.052,0.029,0,0,,0,,,,0,,,,,1004,1004,0,2,3,0,3,3,1,0,1,9,10,11,1,0,2,0,1,0,133472,0.493,1.16,0.009
1243,2.664,0,0.001,0.047,0.097,0,0,,0,,,,0,,,,,1004,1004,0,2,3,0,3,3,1,0,1,9,10,11,1,0,2,0,1,0,133472,0.581,1.532,0.02
1244,2.477,0.001,0,0.078,0.049,0,0,,0,,,,0,,,,,1004,1004,0,2,3,0,3,3,1,0,1,9,10,11,1,0,2,0,1,0,133472,0.491,1.476,0.015
1245,3.128,1.253,0,0.122,0.043,0,0,,0,,,,0,,,,,1004,1004,0,2,3,0,3,3,1,0,1,9,10,11,1,0,2,0,1,0,133472,0.38,1.015,0.011
1246,2.644,0.638,0,0.09,0.036,0,0,,0,,,,0,,,,,1004,1004,0,2,3,0,3,3,1,0,1,9,10,11,1,0,2,0,1,0,133472,0.423,1.126,0.01
1247,2.565,0.368,0,0.057,0.05,0,0,,0,,,,0,,,,,1004,1004,0,2,3,0,3,3,1,0,1,9,10,11,1,0,2,0,1,0,133472,0.485,1.108,0.022
1248,1.809,0.155,0.001,0.051,0.029,0,0,,0,,,,0,,,,,1004,1004,0,2,3,0,3,3,1,0,1,9,10,11,1,0,2,0,1,0,133472,0.41,0.817,0.009
1249,3.875,0.706,0.001,0.076,0.07,0,0,,0,,,,0,,,,,1004,1004,0,2,3,0,3,3,1,0,1,9,10,11,1,0,2,0,1,0,133472,0.475,2.001,0.042
1250,3.476,0.002,0,0.1,0.063,0,0,,0,,,,0,,,,,1004,1004,0,2,3,0,3,3,1,0,1,9,10,11,1,0,2,0,1,0,133472,0.798,1.651,0.027
1251,3.461,0.817,0.001,0.086,0.05,0,0,,0,,,,0,,,,,1004,1004,0,2,3,0,3,3,1,0,1,9,10,11,1,0,2,0,1,0,133472,0.573,1.496,0.015
1252,2.406,0.001,0,0.069,0.048,0,0,,0,,,,0,,,,,1004,1004,0,2,3,0,3,3,1,0,1,9,10,11,1,0,2,0,1,0,133472,0.518,1.395,0.025
1253,2.017,0,0,0.081,0.036,0,0,,0,,,,0,,,,,1004,1004,0,2,3,0,3,3,1,0,1,9,10,11,1,0,2,0,1,0,133472,0.446,1.168,0.012
1254,2.589,0.635,0,0.056,0.046,0,0,,0,,,,0,,,,,1004,1004,0,2,3,0,3,3,1,0,1,9,10,11,1,0,2,0,1,0,133472,0.385,1.138,0.012
1255,2.323,0.033,0.001,0.135,0.063,0,0,,0,,,,0,,,,,1004,1004,0,2,3,0,3,3,1,0,1,9,10,11,1,0,2,0,1,0,133472,0.374,1.28,0.02
1256,2.375,0.398,0,0.086,0.036,0,0,,0,,,,0,,,,,1004,1004,0,2,3,0,3,3,1,0,1,9,10,11,1,0,2,0,1,0,133472,0.417,0.969,0.039
1257,6.078,2.858,0.001,0.143,0.103,0,0,,0,,,,0,,,,,1004,1004,0,2,3,0,3,3,1,0,1,9,10,11,1,0,2,0,1,0,133472,0.381,2.086,0.031
1258,3.178,0.001,0.001,0.072,0.036,0,0,,0,,,,0,,,,,1004,1004,0,2,3,0,3,3,1,0,1,9,10,11,1,0,2,0,1,0,133472,0.891,1.812,0.012
1259,2.167,0.001,0,0.048,0.035,0,0,,0,,,,0,,,,,1004,1004,0,2,3,0,3,3,1,0,1,9,10,11,1,0,2,0,1,0,133472,0.493,1.284,0.01
1260,2.52,0,0,0.057,0.056,0,0,,1,3218.75,233701376,288477184,1,71217344,71217344,167755776,38823561584,1004,1004,0,2,3,0,3,3,1,0,1,9,10,11,1,0,2,0,1,0,133472,0.6,1.367,0.019
1261,3.405,0.001,0.001,0.09,0.074,0,0,,0,,,,0,,,,,1004,1004,0,2,3,0,3,3,1,0,1,9,10,11,1,0,2,0,1,0,133472,0.688,1.75,0.021
1262,2.673,0.001,0,0.088,0.045,0,0,,0,,,,0,,,,,1004,1004,0,2,3,0,3,3,1,0,1,9,10,11,1,0,2,0,1,0,133472,0.505,1.632,0.016
1263,1.881,0,0,0.052,0.043,0,0,,0,,,,0,,,,,1004,1004,0,2,3,0,3,3,1,0,1,9,10,11,1,0,2,0,1,0,133472,0.455,0.988,0.01
1264,2.802,0.472,0.001,0.08,0.05,0,0,,0,,,,0,,,,,1004,1004,0,2,3,0,3,3,1,0,1,9,10,11,1,0,2,0,1,0,133472,0.523,1.25,0.015
1265,2.065,0.25,0,0.05,0.053,0,0,,0,,,,0,,,,,1004,1004,0,2,3,0,3,3,1,0,1,9,10,11,1,0,2,0,1,0,133472,0.476,0.91,0.013
1266,2.688,0.732,0.001,0.064,0.058,0,0,,0,,,,0,,,,,1004,1004,0,2,3,0,3,3,1,0,1,9,10,11,1,0,2,0,1,0,133472,0.483,0.986,0.015
1267,16.173,14.361,0,0.051,0.124,0,0,,0,,,,0,,,,,1004,1004,0,2,3,0,3,3,1,0,1,9,10,11,1,0,2,0,1,0,133472,0.364,0.883,0.016
1268,3.803,0.967,0,0.075,0.065,0,0,,0,,,,0,,,,,1004,1004,0,2,3,0,3,3,1,0,1,9,10,11,1,0,2,0,1,0,133472,0.708,1.427,0.033
1269,2.425,0.001,0,0.061,0.042,0,0,,0,,,,0,,,,,1004,1004,0,2,3,0,3,3,1,0,1,9,10,11,1,0,2,0,1,0,133472,0.532,1.409,0.019
1270,3.732,1.555,0,0.051,0.041,0,0,,0,,,,0,,,,,1004,1004,0,2,3,0,3,3,1,0,1,9,10,11,1,0,2,0,1,0,133472,0.446,1.32,0.015
1271,2.682,0.586,0,0.057,0.046,0,0,,0,,,,0,,,,,1004,1004,0,2,3,0,3,3,1,0,1,9,10,11,1,0,2,0,1,0,133472,0.479,1.175,0.015
1272,2.276,0.707,0,0.072,0.028,0,0,,0,,,,0,,,,,1004,1004,0,2,3,0,3,3,1,0,1,9,10,11,1,0,2,0,1,0,133472,0.403,0.753,0.007
1273,4.102,1.217,0,0.061,0.056,0,0,,0,,,,0,,,,,1004,1004,0,2,3,0,3,3,1,0,1,9,10,11,1,0,2,0,1,0,133472,0.458,1.857,0.058
1274,1.945,0.001,0.001,0.069,0.023,0,0,,0,,,,0,,,,,1004,1004,0,2,3,0,3,3,1,0,1,9,10,11,1,0,2,0,1,0,133472,0.526,0.995,0.009
1275,5.389,2.739,0.001,0.1,0.068,0,0,,0,,,,0,,,,,1004,1004,0,2,3,0,3,3,1,0,1,9,10,11,1,0,2,0,1,0,133472,0.509,1.556,0.019
1276,2.237,0.001,0,0.055,0.059,0,0,,0,,,,0,,,,,1004,1004,0,2,3,0,3,3,1,0,1,9,10,11,1,0,2,0,1,0,133472,0.538,1.134,0.017
1277,2.552,0.055,0,0.083,0.057,0,0,,0,,,,0,,,,,1004,1004,0,2,3,0,3,3,1,0,1,9,10,11,1,0,2,0,1,0,133472,0.607,1.276,0.019
1278,2.011,0.001,0,0.056,0.05,0,0,,0,,,,0,,,,,1004,1004,0,2,3,0,3,3,1,0,1,9,10,11,1,0,2,0,1,0,133472,0.415,1.214,0.012
1279,3.092,0.396,0,0.075,0.058,0,0,,0,,,,0,,,,,1004,1004,0,2,3,0,3,3,1,0,1,9,10,11,1,0,2,0,1,0,133472,0.575,1.566,0.021
1280,2.464,0.001,0,0.067,0.04,0,0,,0,,,,0,,,,,1004,1004,0,2,3,0,3,3,1,0,1,9,10,11,1,0,2,0,1,0,133472,0.555,1.42,0.016
1281,3.236,1.405,0,0.053,0.054,0,0,,0,,,,0,,,,,1004,1004,0,2,3,0,3,3,1,0,1,9,10,11,1,0,2,0,1,0,133472,0.396,1.012,0.015
1282,2.187,0.102,0,0.073,0.049,0,0,,0,,,,0,,,,,1004,1004,0,2,3,0,3,3,1,0,1,9,10,11,1,0,2,0,1,0,133472,0.5,1.13,0.013
1283,2.378,0.381,0,0.073,0.035,0,0,,0,,,,0,,,,,1004,1004,0,2,3,0,3,3,1,0,1,9,10,11,1,0,2,0,1,0,133472,0.495,1.053,0.01
1284,2.896,0.831,0,0.062,0.061,0,0,,0,,,,0,,,,,1004,1004,0,2,3,0,3,3,1,0,1,9,10,11,1,0,2,0,1,0,133472,0.413,1.204,0.013
1285,2.481,0,0,0.064,0.073,0,0,,0,,,,0,,,,,1004,1004,0,2,3,0,3,3,1,0,1,9,10,11,1,0,2,0,1,0,133472,0.46,1.53,0.019
1286,2.987,0.751,0.001,0.07,0.042,0,0,,0,,,,0,,,,,1004,1004,0,2,3,0,3,3,1,0,1,9,10,11,1,0,2,0,1,0,133472,0.469,1.249,0.015
1287,3.241,1.147,0,0.065,0.048,0,0,,0,,,,0,,,,,1004,1004,0,2,3,0,3,3,1,0,1,9,10,11,1,0,2,0,1,0,133472,0.514,1.136,0.01
1288,1.856,0.001,0,0.059,0.033,0,0,,0,,,,0,,,,,1004,1004,0,2,3,0,3,3,1,0,1,9,10,11,1,0,2,0,1,0,133472,0.429,1.046,0.01
1289,2.201,0.266,0,0.071,0.04,0,0,,0,,,,0,,,,,1004,1004,0,2,3,0,3,3,1,0,1,9,10,11,1,0,2,0,1,0,133472,0.459,1.04,0.012
1290,2.194,0.267,0,0.057,0.046,0,0,,1,3265.625,233701376,288477184,1,71217344,71217344,167755776,38823561584,1004,1004,0,2,3,0,3,3,1,0,1,9,10,11,1,0,2,0,1,0,133472,0.416,1.111,0.013
1291,2.336,0.248,0.001,0.059,0.043,0,0,,0,,,,0,,,,,1004,1004,0,2,3,0,3,3,1,0,1,9,10,11,1,0,2,0,1,0,133472,0.434,1.247,0.013
1292,4.771,0.227,0,0.063,0.128,0,0,,0,,,,0,,,,,1004,1004,0,2,3,0,3,3,1,0,1,9,10,11,1,0,2,0,1,0,133472,0.887,2.905,0.037
1293,4.948,0.001,0.001,0.141,0.047,0,0,,0,,,,0,,,,,1004,1004,0,2,3,0,3,3,1,0,1,9,10,11,1,0,2,0,1,0,133472,1.111,2.938,0.023
1294,4.655,1.941,0,0.11,0.056,0,0,,0,,,,0,,,,,1004,1004,0,2,3,0,3,3,1,0,1,9,10,11,1,0,2,0,1,0,133472,0.467,1.542,0.037
1295,11.81,9.672,0.001,0.112,0.06,0,0,,0,,,,0,,,,,1004,1004,0,2,3,0,3,3,1,0,1,9,10,11,1,0,2,0,1,0,133472,0.48,1.041,0.023
1296,3.953,1.846,0,0.056,0.044,0,0,,0,,,,0,,,,,1004,1004,0,2,3,0,3,3,1,0,1,9,10,11,1,0,2,0,1,0,133472,0.448,1.208,0.018
1297,3.841,1.399,0,0.084,0.063,0,0,,0,,,,0,,,,,1004,1004,0,2,3,0,3,3,1,0,1,9,10,11,1,0,2,0,1,0,133472,0.418,1.508,0.021
1298,3.011,0.001,0,0.093,0.136,0,0,,0,,,,0,,,,,1004,1004,0,2,3,0,3,3,1,0,1,9,10,11,1,0,2,0,1,0,133472,0.58,1.686,0.042
1299,4.503,0.001,0.001,0.126,0.069,0,0,,0,,,,0,,,,,1004,1004,0,2,3,0,3,3,1,0,1,9,10,11,1,0,2,0,1,0,133472,1.008,2.59,0.023
1300,4.424,0,0,0.092,0.064,0,0,,0,,,,0,,,,,1004,1004,0,2,3,0,3,3,1,0,1,9,10,11,1,0,2,0,1,0,133472,1.008,2.67,0.022
1301,4.319,0,0,0.095,0.064,0,0,,0,,,,0,,,,,1004,1004,0,2,3,0,3,3,1,0,1,9,10,11,1,0,2,0,1,0,133472,0.983,2.576,0.021
1302,3.006,0,0,0.092,0.063,0,0,,0,,,,0,,,,,1004,1004,0,2,3,0,3,3,1,0,1,9,10,11,1,0,2,0,1,0,133472,0.772,1.327,0.018
1303,2.223,0.001,0.001,0.095,0.037,0,0,,0,,,,0,,,,,1004,1004,0,2,3,0,3,3,1,0,1,9,10,11,1,0,2,0,1,0,133472,0.513,1.231,0.011
1304,4.62,1.39,0.001,0.111,0.063,0,0,,0,,,,0,,,,,1004,1004,0,2,3,0,3,3,1,0,1,9,10,11,1,0,2,0,1,0,133472,0.976,1.454,0.015
1305,2.279,0.001,0,0.047,0.037,0,0,,0,,,,0,,,,,1004,1004,0,2,3,0,3,3,1,0,1,9,10,11,1,0,2,0,1,0,133472,0.53,1.331,0.011
1306,1.984,0,0,0.05,0.035,0,0,,0,,,,0,,,,,1004,1004,0,2,3,0,3,3,1,0,1,9,10,11,1,0,2,0,1,0,133472,0.485,1.118,0.009
1307,3.498,0.245,0.001,0.101,0.075,0,0,,0,,,,0,,,,,1004,1004,0,2,3,0,3,3,1,0,1,9,10,11,1,0,2,0,1,0,133472,0.596,1.94,0.027
1308,2.877,0.001,0.001,0.09,0.05,0,0,,0,,,,0,,,,,1004,1004,0,2,3,0,3,3,1,0,1,9,10,11,1,0,2,0,1,0,133472,0.705,1.504,0.024
1309,3.739,0.001,0,0.089,0.064,0,0,,0,,,,0,,,,,1004,1004,0,2,3,0,3,3,1,0,1,9,10,11,1,0,2,0,1,0,133472,0.886,2.172,0.024
1310,8.219,6.151,0,0.098,0.07,0,0,,0,,,,0,,,,,1004,1004,0,2,3,0,3,3,1,0,1,9,10,11,1,0,2,0,1,0,133472,0.398,1.127,0.018
1311,10.211,7.952,0.001,0.066,0.074,0,0,,0,,,,0,,,,,1004,1004,0,2,3,0,3,3,1,0,1,9,10,11,1,0,2,0,1,0,133472,0.504,1.181,0.022
1312,2.011,0.001,0,0.068,0.031,0,0,,0,,,,0,,,,,1004,1004,0,2,3,0,3,3,1,0,1,9,10,11,1,0,2,0,1,0,133472,0.479,1.114,0.013
1313,2.627,1.034,0.001,0.051,0.039,0,0,,0,,,,0,,,,,1004,1004,0,2,3,0,3,3,1,0,1,9,10,11,1,0,2,0,1,0,133472,0.353,0.881,0.01
1314,2.858,0.313,0,0.123,0.131,0,0,,0,,,,0,,,,,1004,1004,0,2,3,0,3,3,1,0,1,9,10,11,1,0,2,0,1,0,133472,0.468,1.217,0.08
1315,3.017,0.001,0,0.069,0.057,0,0,,0,,,,0,,,,,1004,1004,0,2,3,0,3,3,1,0,1,9,10,11,1,0,2,0,1,0,133472,0.605,1.846,0.018
1316,3.15,0.001,0,0.082,0.049,0,0,,0,,,,0,,,,,1004,1004,0,2,3,0,3,3,1,0,1,9,10,11,1,0,2,0,1,0,133472,0.829,1.676,0.016
1317,2.075,0.001,0,0.058,0.028,0,0,,0,,,,0,,,,,1004,1004,0,2,3,0,3,3,1,0,1,9,10,11,1,0,2,0,1,0,133472,0.482,1.194,0.01
1318,2.186,0,0,0.049,0.04,0,0,,0,,,,0,,,,,1004,1004,0,2,3,0,3,3,1,0,1,9,10,11,1,0,2,0,1,0,133472,0.486,1.331,0.014
1319,2.403,0.001,0,0.05,0.04,0,0,,0,,,,0,,,,,1004,1004,0,2,3,0,3,3,1,0,1,9,10,11,1,0,2,0,1,0,133472,0.435,1.595,0.013
1320,2.491,0,0.001,0.126,0.059,0,0,,1,3375,233701376,288477184,1,71217344,71217344,167755776,38823561584,1004,1004,0,2,3,0,3,3,1,0,1,9,10,11,1,0,2,0,1,0,133472,0.598,1.281,0.017
1321,2.101,0.001,0,0.06,0.033,0,0,,0,,,,0,,,,,1004,1004,0,2,3,0,3,3,1,0,1,9,10,11,1,0,2,0,1,0,133472,0.419,1.245,0.017
1322,2.213,0,0,0.058,0.031,0,0,,0,,,,0,,,,,1004,1004,0,2,3,0,3,3,1,0,1,9,10,11,1,0,2,0,1,0,133472,0.56,1.26,0.012
1323,3.843,2.013,0,0.055,0.043,0,0,,0,,,,0,,,,,1004,1004,0,2,3,0,3,3,1,0,1,9,10,11,1,0,2,0,1,0,133472,0.412,1.027,0.01
1324,2.346,0.357,0,0.056,0.042,0,0,,0,,,,0,,,,,1004,1004,0,2,3,0,3,3,1,0,1,9,10,11,1,0,2,0,1,0,133472,0.457,1.096,0.012
1325,2.01,0.139,0,0.051,0.038,0,0,,0,,,,0,,,,,1004,1004,0,2,3,0,3,3,1,0,1,9,10,11,1,0,2,0,1,0,133472,0.464,1.017,0.009
1326,2.624,0.277,0,0.075,0.074,0,0,,0,,,,0,,,,,1004,1004,0,2,3,0,3,3,1,0,1,9,10,11,1,0,2,0,1,0,133472,0.464,1.351,0.014
1327,2.346,0.001,0,0.059,0.064,0,0,,0,,,,0,,,,,1004,1004,0,2,3,0,3,3,1,0,1,9,10,11,1,0,2,0,1,0,133472,0.546,1.321,0.013
1328,2.499,0.001,0,0.057,0.108,0,0,,0,,,,0,,,,,1004,1004,0,2,3,0,3,3,1,0,1,9,10,11,1,0,2,0,1,0,133472,0.479,1.447,0.035
1329,3.083,0.001,0.001,0.098,0.053,0,0,,0,,,,0,,,,,1004,1004,0,2,3,0,3,3,1,0,1,9,10,11,1,0,2,0,1,0,133472,0.661,1.794,0.028
1330,3.034,0.001,0,0.076,0.048,0,0,,0,,,,0,,,,,1004,1004,0,2,3,0,3,3,1,0,1,9,10,11,1,0,2,0,1,0,133472,0.699,1.765,0.016
1331,2.861,0,0.001,0.095,0.077,0,0,,0,,,,0,,,,,1004,1004,0,2,3,0,3,3,1,0,1,9,10,11,1,0,2,0,1,0,133472,0.64,1.58,0.021
1332,1.921,0.001,0,0.08,0.033,0,0,,0,,,,0,,,,,1004,1004,0,2,3,0,3,3,1,0,1,9,10,11,1,0,2,0,1,0,133472,0.432,1.049,0.011
1333,1.99,0.086,0,0.049,0.047,0,0,,0,,,,0,,,,,1004,1004,0,2,3,0,3,3,1,0,1,9,10,11,1,0,2,0,1,0,133472,0.431,1.08,0.012
1334,2.675,0.496,0,0.059,0.051,0,0,,0,,,,0,,,,,1004,1004,0,2,3,0,3,3,1,0,1,9,10,11,1,0,2,0,1,0,133472,0.445,1.274,0.019
1335,2.518,0.262,0,0.062,0.032,0,0,,0,,,,0,,,,,1004,1004,0,2,3,0,3,3,1,0,1,9,10,11,1,0,2,0,1,0,133472,0.557,1.216,0.012
1336,4.866,2.404,0.001,0.095,0.04,0,0,,0,,,,0,,,,,1004,1004,0,2,3,0,3,3,1,0,1,9,10,11,1,0,2,0,1,0,133472,0.479,1.423,0.012
1337,2.387,0.001,0,0.045,0.043,0,0,,0,,,,0,,,,,1004,1004,0,2,3,0,3,3,1,0,1,9,10,11,1,0,2,0,1,0,133472,0.516,1.432,0.014
1338,2.887,0.001,0,0.061,0.054,0,0,,0,,,,0,,,,,1004,1004,0,2,3,0,3,3,1,0,1,9,10,11,1,0,2,0,1,0,133472,0.691,1.709,0.016
1339,3.062,0.001,0,0.076,0.762,0,0,,0,,,,0,,,,,1004,1004,0,2,3,0,3,3,1,0,1,9,10,11,1,0,2,0,1,0,133472,0.515,1.365,0.014
1340,2.754,0.002,0,0.096,0.049,0,0,,0,,,,0,,,,,1004,1004,0,2,3,0,3,3,1,0,1,9,10,11,1,0,2,0,1,0,133472,0.612,1.477,0.022
1341,2.261,0.001,0,0.066,0.032,0,0,,0,,,,0,,,,,1004,1004,0,2,3,0,3,3,1,0,1,9,10,11,1,0,2,0,1,0,133472,0.589,1.221,0.013
1342,2.719,0.662,0.001,0.064,0.053,0,0,,0,,,,0,,,,,1004,1004,0,2,3,0,3,3,1,0,1,9,10,11,1,0,2,0,1,0,133472,0.437,1.161,0.014
1343,2.745,0.422,0,0.078,0.048,0,0,,0,,,,0,,,,,1004,1004,0,2,3,0,3,3,1,0,1,9,10,11,1,0,2,0,1,0,133472,0.618,1.241,0.014
1344,2.239,0.283,0,0.063,0.034,0,0,,0,,,,0,,,,,1004,1004,0,2,3,0,3,3,1,0,1,9,10,11,1,0,2,0,1,0,133472,0.461,1.118,0.012
1345,2.53,0.574,0,0.062,0.038,0,0,,0,,,,0,,,,,1004,1004,0,2,3,0,3,3,1,0,1,9,10,11,1,0,2,0,1,0,133472,0.42,1.119,0.012
1346,3.049,0.617,0,0.065,0.047,0,0,,0,,,,0,,,,,1004,1004,0,2,3,0,3,3,1,0,1,9,10,11,1,0,2,0,1,0,133472,0.511,1.439,0.019
1347,4.456,2.127,0,0.065,0.052,0,0,,0,,,,0,,,,,1004,1004,0,2,3,0,3,3,1,0,1,9,10,11,1,0,2,0,1,0,133472,0.515,1.299,0.019
1348,2.141,0.068,0.001,0.053,0.036,0,0,,0,,,,0,,,,,1004,1004,0,2,3,0,3,3,1,0,1,9,10,11,1,0,2,0,1,0,133472,0.467,1.22,0.012
1349,2.693,0.481,0,0.058,0.047,0,0,,0,,,,0,,,,,1004,1004,0,2,3,0,3,3,1,0,1,9,10,11,1,0,2,0,1,0,133472,0.462,1.303,0.012
1350,2.509,0.595,0,0.057,0.046,0,0,,1,3468.75,232964096,287215616,1,71217344,71217344,167755776,38823561584,1004,1004,0,2,3,0,3,3,1,0,1,9,10,11,1,0,2,0,1,0,133472,0.406,1.088,0.01
1351,2.447,0.395,0,0.05,0.048,0,0,,0,,,,0,,,,,1004,1004,0,2,3,0,3,3,1,0,1,9,10,11,1,0,2,0,1,0,133472,0.393,1.24,0.013
1352,3.231,0.656,0,0.105,0.049,0,0,,0,,,,0,,,,,1004,1004,0,2,3,0,3,3,1,0,1,9,10,11,1,0,2,0,1,0,133472,0.653,1.271,0.019
1353,2.252,0.341,0.001,0.112,0.037,0,0,,0,,,,0,,,,,1004,1004,0,2,3,0,3,3,1,0,1,9,10,11,1,0,2,0,1,0,133472,0.439,1.009,0.009
1354,4.214,1.637,0.001,0.085,0.051,0,0,,0,,,,0,,,,,1004,1004,0,2,3,0,3,3,1,0,1,9,10,11,1,0,2,0,1,0,133472,0.631,1.364,0.012
1355,2.379,0,0,0.06,0.036,0,0,,0,,,,0,,,,,1004,1004,0,2,3,0,3,3,1,0,1,9,10,11,1,0,2,0,1,0,133472,0.576,1.366,0.015
1356,1.948,0,0,0.068,0.03,0,0,,0,,,,0,,,,,1004,1004,0,2,3,0,3,3,1,0,1,9,10,11,1,0,2,0,1,0,133472,0.585,0.923,0.011
1357,2.593,0.394,0,0.052,0.094,0,0,,0,,,,0,,,,,1004,1004,0,2,3,0,3,3,1,0,1,9,10,11,1,0,2,0,1,0,133472,0.418,0.921,0.012
1358,2.305,0.174,0.001,0.054,0.065,0,0,,0,,,,0,,,,,1004,1004,0,2,3,0,3,3,1,0,1,9,10,11,1,0,2,0,1,0,133472,0.44,1.082,0.011
1359,3.57,1.111,0.001,0.104,0.128,0,0,,0,,,,0,,,,,1004,1004,0,2,3,0,3,3,1,0,1,9,10,11,1,0,2,0,1,0,133472,0.498,1.297,0.024
1360,4.226,0.987,0.001,0.37,0.317,0,0,,0,,,,0,,,,,1004,1004,0,2,3,0,3,3,1,0,1,9,10,11,1,0,2,0,1,0,133472,0.606,1.41,0.022
1361,1.812,0.002,0,0.048,0.055,0,0,,0,,,,0,,,,,1004,1004,0,2,3,0,3,3,1,0,1,9,10,11,1,0,2,0,1,0,133472,0.417,0.983,0.014
1362,2.443,0.414,0,0.053,0.322,0,0,,0,,,,0,,,,,1004,1004,0,2,3,0,3,3,1,0,1,9,10,11,1,0,2,0,1,0,133472,0.414,0.948,0.011
1363,3.015,0.288,0,0.045,0.061,0,0,,0,,,,0,,,,,1004,1004,0,2,3,0,3,3,1,0,1,9,10,11,1,0,2,0,1,0,133472,0.407,1.844,0.023
1364,2.554,0.001,0.001,0.082,0.039,0,0,,0,,,,0,,,,,1004,1004,0,2,3,0,3,3,1,0,1,9,10,11,1,0,2,0,1,0,133472,0.665,1.329,0.014
1365,2.373,0,0.001,0.061,0.032,0,0,,0,,,,0,,,,,1004,1004,0,2,3,0,3,3,1,0,1,9,10,11,1,0,2,0,1,0,133472,0.487,1.429,0.013
1366,2.592,1.023,0.001,0.055,0.048,0,0,,0,,,,0,,,,,1004,1004,0,2,3,0,3,3,1,0,1,9,10,11,1,0,2,0,1,0,133472,0.333,0.862,0.012
1367,2.985,1.11,0,0.064,0.044,0,0,,0,,,,0,,,,,1004,1004,0,2,3,0,3,3,1,0,1,9,10,11,1,0,2,0,1,0,133472,0.398,1.057,0.011
1368,1.713,0.219,0,0.034,0.026,0,0,,0,,,,0,,,,,1004,1004,0,2,3,0,3,3,1,0,1,9,10,11,1,0,2,0,1,0,133472,0.367,0.84,0.008
1369,3.362,1.096,0,0.042,0.069,0,0,,0,,,,0,,,,,1004,1004,0,2,3,0,3,3,1,0,1,9,10,11,1,0,2,0,1,0,133472,0.449,1.304,0.015
1370,3.14,0.001,0,0.074,0.082,0,0,,0,,,,0,,,,,1004,1004,0,2,3,0,3,3,1,0,1,9,10,11,1,0,2,0,1,0,133472,0.592,1.718,0.021
1371,2.459,0.001,0,0.088,0.038,0,0,,0,,,,0,,,,,1004,1004,0,2,3,0,3,3,1,0,1,9,10,11,1,0,2,0,1,0,133472,0.572,1.367,0.015
1372,2.854,0.672,0,0.073,0.053,0,0,,0,,,,0,,,,,1004,1004,0,2,3,0,3,3,1,0,1,9,10,11,1,0,2,0,1,0,133472,0.479,1.206,0.012
1373,2.097,0.001,0.001,0.039,0.029,0,0,,0,,,,0,,,,,1004,1004,0,2,3,0,3,3,1,0,1,9,10,11,1,0,2,0,1,0,133472,0.452,1.277,0.011
1374,2.071,0,0,0.049,0.034,0,0,,0,,,,0,,,,,1004,1004,0,2,3,0,3,3,1,0,1,9,10,11,1,0,2,0,1,0,133472,0.447,1.265,0.01
1375,1.82,0.231,0,0.098,0.032,0,0,,0,,,,0,,,,,1004,1004,0,2,3,0,3,3,1,0,1,9,10,11,1,0,2,0,1,0,133472,0.367,0.737,0.005
1376,3.321,1.121,0.001,0.149,0.079,0,0,,0,,,,0,,,,,1004,1004,0,2,3,0,3,3,1,0,1,9,10,11,1,0,2,0,1,0,133472,0.492,1.141,0.013
1377,2.673,0,0,0.066,0.052,0,0,,0,,,,0,,,,,1004,1004,0,2,3,0,3,3,1,0,1,9,10,11,1,0,2,0,1,0,133472,0.558,1.523,0.021
1378,2.414,0.001,0.001,0.091,0.04,0,0,,0,,,,0,,,,,1004,1004,0,2,3,0,3,3,1,0,1,9,10,11,1,0,2,0,1,0,133472,0.62,1.285,0.013
1379,3.336,1.488,0,0.071,0.049,0,0,,0,,,,0,,,,,1004,1004,0,2,3,0,3,3,1,0,1,9,10,11,1,0,2,0,1,0,133472,0.394,0.98,0.012
1380,2.117,0.252,0,0.062,0.035,0,0,,1,3531.25,232964096,287215616,1,71217344,71217344,167755776,38823561584,1004,1004,0,2,3,0,3,3,1,0,1,9,10,11,1,0,2,0,1,0,133472,0.433,1.056,0.011
1381,2.586,0.81,0.001,0.064,0.056,0,0,,0,,,,0,,,,,1004,1004,0,2,3,0,3,3,1,0,1,9,10,11,1,0,2,0,1,0,133472,0.368,0.968,0.011
1382,1.831,0.001,0.001,0.055,0.041,0,0,,0,,,,0,,,,,1004,1004,0,2,3,0,3,3,1,0,1,9,10,11,1,0,2,0,1,0,133472,0.452,1.029,0.013
1383,2.429,0,0,0.067,0.055,0,0,,0,,,,0,,,,,1004,1004,0,2,3,0,3,3,1,0,1,9,10,11,1,0,2,0,1,0,133472,0.505,1.405,0.022
1384,2.196,0,0,0.091,0.036,0,0,,0,,,,0,,,,,1004,1004,0,2,3,0,3,3,1,0,1,9,10,11,1,0,2,0,1,0,133472,0.523,1.21,0.012
1385,2.197,0.001,0,0.059,0.029,0,0,,0,,,,0,,,,,1004,1004,0,2,3,0,3,3,1,0,1,9,10,11,1,0,2,0,1,0,133472,0.486,1.341,0.009
1386,1.807,0,0,0.055,0.033,0,0,,0,,,,0,,,,,1004,1004,0,2,3,0,3,3,1,0,1,9,10,11,1,0,2,0,1,0,133472,0.408,1.044,0.011
1387,2.203,0,0,0.048,0.03,0,0,,0,,,,0,,,,,1004,1004,0,2,3,0,3,3,1,0,1,9,10,11,1,0,2,0,1,0,133472,0.555,1.264,0.012
1388,1.937,0,0,0.053,0.038,0,0,,0,,,,0,,,,,1004,1004,0,2,3,0,3,3,1,0,1,9,10,11,1,0,2,0,1,0,133472,0.421,1.154,0.011
1389,1.659,0.001,0,0.045,0.033,0,0,,0,,,,0,,,,,1004,1004,0,2,3,0,3,3,1,0,1,9,10,11,1,0,2,0,1,0,133472,0.397,0.96,0.009
1390,2.079,0.001,0,0.04,0.049,0,0,,0,,,,0,,,,,1004,1004,0,2,3,0,3,3,1,0,1,9,10,11,1,0,2,0,1,0,133472,0.399,1.297,0.013
1391,4.544,0.407,0.001,0.065,0.109,0,0,,0,,,,0,,,,,1004,1004,0,2,3,0,3,3,1,0,1,9,10,11,1,0,2,0,1,0,133472,1.079,2.04,0.032
1392,4.175,0.001,0.001,0.114,0.069,0,0,,0,,,,0,,,,,1004,1004,0,2,3,0,3,3,1,0,1,9,10,11,1,0,2,0,1,0,133472,0.782,2.716,0.024
1393,2.997,0.001,0,0.104,0.04,0,0,,0,,,,0,,,,,1004,1004,0,2,3,0,3,3,1,0,1,9,10,11,1,0,2,0,1,0,133472,0.697,1.655,0.015
1394,3.292,0,0,0.079,0.043,0,0,,0,,,,0,,,,,1004,1004,0,2,3,0,3,3,1,0,1,9,10,11,1,0,2,0,1,0,133472,0.63,2.125,0.014
1395,2.825,0.001,0,0.066,0.035,0,0,,0,,,,0,,,,,1004,1004,0,2,3,0,3,3,1,0,1,9,10,11,1,0,2,0,1,0,133472,0.468,1.914,0.012
1396,1.974,0,0,0.062,0.023,0,0,,0,,,,0,,,,,1004,1004,0,2,3,0,3,3,1,0,1,9,10,11,1,0,2,0,1,0,133472,0.501,1.109,0.011
1397,3.117,0.859,0.001,0.058,0.036,0,0,,0,,,,0,,,,,1004,1004,0,2,3,0,3,3,1,0,1,9,10,11,1,0,2,0,1,0,133472,0.436,1.331,0.022
1398,1.813,0.553,0,0.036,0.025,0,0,,0,,,,0,,,,,1004,1004,0,2,3,0,3,3,1,0,1,9,10,11,1,0,2,0,1,0,133472,0.349,0.592,0.005
1399,2.856,1.291,0,0.088,0.033,0,0,,0,,,,0,,,,,1004,1004,0,2,3,0,3,3,1,0,1,9,10,11,1,0,2,0,1,0,133472,0.307,0.83,0.007
1400,1.482,0,0,0.039,0.023,0,0,,0,,,,0,,,,,1004,1004,0,2,3,0,3,3,1,0,1,9,10,11,1,0,2,0,1,0,133472,0.389,0.832,0.006
1401,1.362,0,0,0.037,0.03,0,0,,0,,,,0,,,,,1004,1004,0,2,3,0,3,3,1,0,1,9,10,11,1,0,2,0,1,0,133472,0.35,0.758,0.004
1402,1.837,0,0,0.03,0.064,0,0,,0,,,,0,,,,,1004,1004,0,2,3,0,3,3,1,0,1,9,10,11,1,0,2,0,1,0,133472,0.357,1.097,0.042
1403,1.936,0.001,0,0.196,0.028,0,0,,0,,,,0,,,,,1004,1004,0,2,3,0,3,3,1,0,1,9,10,11,1,0,2,0,1,0,133472,0.436,0.995,0.01
1404,2.006,0.421,0,0.046,0.034,0,0,,0,,,,0,,,,,1004,1004,0,2,3,0,3,3,1,0,1,9,10,11,1,0,2,0,1,0,133472,0.356,0.879,0.01
1405,2.443,0.817,0,0.074,0.025,0,0,,0,,,,0,,,,,1004,1004,0,2,3,0,3,3,1,0,1,9,10,11,1,0,2,0,1,0,133472,0.319,0.877,0.008
1406,2.948,1.557,0,0.083,0.028,0,0,,0,,,,0,,,,,1004,1004,0,2,3,0,3,3,1,0,1,9,10,11,1,0,2,0,1,0,133472,0.329,0.692,0.006
1407,2.45,0.924,0,0.09,0.035,0,0,,0,,,,0,,,,,1004,1004,0,2,3,0,3,3,1,0,1,9,10,11,1,0,2,0,1,0,133472,0.36,0.77,0.008
1408,3.084,0.846,0,0.155,0.045,0,0,,0,,,,0,,,,,1004,1004,0,2,3,0,3,3,1,0,1,9,10,11,1,0,2,0,1,0,133472,0.45,1.177,0.018
1409,1.72,0.124,0.001,0.131,0.025,0,0,,0,,,,0,,,,,1004,1004,0,2,3,0,3,3,1,0,1,9,10,11,1,0,2,0,1,0,133472,0.38,0.779,0.006
1410,2.29,0.77,0,0.065,0.024,0,0,,1,3593.75,232964096,287215616,1,71217344,71217344,167755776,38823561584,1004,1004,0,2,3,0,3,3,1,0,1,9,10,11,1,0,2,0,1,0,133472,0.392,0.768,0.007
1411,2.928,1.327,0,0.17,0.027,0,0,,0,,,,0,,,,,1004,1004,0,2,3,0,3,3,1,0,1,9,10,11,1,0,2,0,1,0,133472,0.358,0.76,0.011
1412,2.755,1.215,0,0.085,0.038,0,0,,0,,,,0,,,,,1004,1004,0,2,3,0,3,3,1,0,1,9,10,11,1,0,2,0,1,0,133472,0.399,0.747,0.008
1413,2.059,0.606,0.001,0.137,0.028,0,0,,0,,,,0,,,,,1004,1004,0,2,3,0,3,3,1,0,1,9,10,11,1,0,2,0,1,0,133472,0.352,0.639,0.006
1414,2.12,0.751,0,0.064,0.023,0,0,,0,,,,0,,,,,1004,1004,0,2,3,0,3,3,1,0,1,9,10,11,1,0,2,0,1,0,133472,0.308,0.707,0.005
1415,2.696,0.85,0,0.115,0.03,0,0,,0,,,,0,,,,,1004,1004,0,2,3,0,3,3,1,0,1,9,10,11,1,0,2,0,1,0,133472,0.337,0.965,0.008
1416,1.904,0.458,0,0.091,0.033,0,0,,0,,,,0,,,,,1004,1004,0,2,3,0,3,3,1,0,1,9,10,11,1,0,2,0,1,0,133472,0.366,0.658,0.006
1417,2.587,0.886,0,0.139,0.046,0,0,,0,,,,0,,,,,1004,1004,0,2,3,0,3,3,1,0,1,9,10,11,1,0,2,0,1,0,133472,0.454,0.774,0.008
1418,2.857,1.216,0,0.077,0.027,0,0,,0,,,,0,,,,,1004,1004,0,2,3,0,3,3,1,0,1,9,10,11,1,0,2,0,1,0,133472,0.41,0.839,0.01
1419,2.568,1.248,0,0.067,0.023,0,0,,0,,,,0,,,,,1004,1004,0,2,3,0,3,3,1,0,1,9,10,11,1,0,2,0,1,0,133472,0.313,0.665,0.005
1420,2.352,1.029,0.001,0.068,0.029,0,0,,0,,,,0,,,,,1004,1004,0,2,3,0,3,3,1,0,1,9,10,11,1,0,2,0,1,0,133472,0.312,0.624,0.005
1421,3.057,1.216,0,0.079,0.031,0,0,,0,,,,0,,,,,1004,1004,0,2,3,0,3,3,1,0,1,9,10,11,1,0,2,0,1,0,133472,0.403,0.955,0.022
1422,2,0.416,0,0.055,0.035,0,0,,0,,,,0,,,,,1004,1004,0,2,3,0,3,3,1,0,1,9,10,11,1,0,2,0,1,0,133472,0.418,0.798,0.007
1423,2.048,0.678,0,0.057,0.025,0,0,,0,,,,0,,,,,1004,1004,0,2,3,0,3,3,1,0,1,9,10,11,1,0,2,0,1,0,133472,0.299,0.708,0.007
1424,2.789,0.993,0,0.082,0.034,0,0,,0,,,,0,,,,,1004,1004,0,2,3,0,3,3,1,0,1,9,10,11,1,0,2,0,1,0,133472,0.349,0.984,0.012
1425,3.211,1.459,0,0.082,0.052,0,0,,0,,,,0,,,,,1004,1004,0,2,3,0,3,3,1,0,1,9,10,11,1,0,2,0,1,0,133472,0.402,0.839,0.01
1426,2.851,1.198,0,0.15,0.035,0,0,,0,,,,0,,,,,1004,1004,0,2,3,0,3,3,1,0,1,9,10,11,1,0,2,0,1,0,133472,0.395,0.749,0.008
1427,3.007,0.804,0,0.094,0.064,0,0,,0,,,,0,,,,,1004,1004,0,2,3,0,3,3,1,0,1,9,10,11,1,0,2,0,1,0,133472,0.499,1.129,0.015
1428,2.85,0.186,0,0.072,0.067,0,0,,0,,,,0,,,,,1004,1004,0,2,3,0,3,3,1,0,1,9,10,11,1,0,2,0,1,0,133472,0.69,1.338,0.019
1429,1.583,0.002,0,0.05,0.04,0,0,,0,,,,0,,,,,1004,1004,0,2,3,0,3,3,1,0,1,9,10,11,1,0,2,0,1,0,133472,0.402,0.818,0.008
1430,2.9,0.46,0,0.085,0.064,0,0,,0,,,,0,,,,,1004,1004,0,2,3,0,3,3,1,0,1,9,10,11,1,0,2,0,1,0,133472,0.665,1.049,0.041
1431,2.376,0.001,0,0.087,0.044,0,0,,0,,,,0,,,,,1004,1004,0,2,3,0,3,3,1,0,1,9,10,11,1,0,2,0,1,0,133472,0.674,1.139,0.019
1432,11.245,9.701,0,0.05,0.04,0,0,,0,,,,0,,,,,1004,1004,0,2,3,0,3,3,1,0,1,9,10,11,1,0,2,0,1,0,133472,0.424,0.725,0.012
1433,2.298,0.852,0,0.079,0.023,0,0,,0,,,,0,,,,,1004,1004,0,2,3,0,3,3,1,0,1,9,10,11,1,0,2,0,1,0,133472,0.332,0.72,0.007
1434,2.401,0.942,0,0.064,0.019,0,0,,0,,,,0,,,,,1004,1004,0,2,3,0,3,3,1,0,1,9,10,11,1,0,2,0,1,0,133472,0.35,0.777,0.006
1435,4.158,2.689,0,0.049,0.04,0,0,,0,,,,0,,,,,1004,1004,0,2,3,0,3,3,1,0,1,9,10,11,1,0,2,0,1,0,133472,0.383,0.749,0.009
1436,3.898,0.868,0.001,0.085,0.056,0,0,,0,,,,0,,,,,1004,1004,0,2,3,0,3,3,1,0,1,9,10,11,1,0,2,0,1,0,133472,0.639,1.66,0.027
1437,2.059,0.001,0,0.059,0.036,0,0,,0,,,,0,,,,,1004,1004,0,2,3,0,3,3,1,0,1,9,10,11,1,0,2,0,1,0,133472,0.457,1.17,0.012
1438,5.6,4.073,0,0.093,0.035,0,0,,0,,,,0,,,,,1004,1004,0,2,3,0,3,3,1,0,1,9,10,11,1,0,2,0,1,0,133472,0.347,0.736,0.01
1439,12.427,10.471,0,0.059,0.053,0,0,,0,,,,0,,,,,1004,1004,0,2,3,0,3,3,1,0,1,9,10,11,1,0,2,0,1,0,133472,0.468,0.996,0.015
1440,12.272,10.27,0.001,0.061,0.069,0,0,,1,3640.625,232964096,287215616,1,71217344,71217344,167755776,38823561584,1004,1004,0,2,3,0,3,3,1,0,1,9,10,11,1,0,2,0,1,0,133472,0.402,1.081,0.017
1441,4.436,2.636,0,0.049,0.046,0,0,,0,,,,0,,,,,1004,1004,0,2,3,0,3,3,1,0,1,9,10,11,1,0,2,0,1,0,133472,0.358,1.031,0.014
1442,2.29,0.525,0.001,0.039,0.054,0,0,,0,,,,0,,,,,1004,1004,0,2,3,0,3,3,1,0,1,9,10,11,1,0,2,0,1,0,133472,0.413,0.988,0.012
1443,1.767,0.006,0,0.033,0.03,0,0,,0,,,,0,,,,,1004,1004,0,2,3,0,3,3,1,0,1,9,10,11,1,0,2,0,1,0,133472,0.417,1.039,0.008
1444,3.955,1.796,0,0.06,0.046,0,0,,0,,,,0,,,,,1004,1004,0,2,3,0,3,3,1,0,1,9,10,11,1,0,2,0,1,0,133472,0.447,1.283,0.01
1445,1.892,0.001,0,0.039,0.031,0,0,,0,,,,0,,,,,1004,1004,0,2,3,0,3,3,1,0,1,9,10,11,1,0,2,0,1,0,133472,0.505,1.054,0.01
1446,1.859,0,0,0.036,0.026,0,0,,0,,,,0,,,,,1004,1004,0,2,3,0,3,3,1,0,1,9,10,11,1,0,2,0,1,0,133472,0.419,1.118,0.01
1447,1.855,0.039,0,0.046,0.034,0,0,,0,,,,0,,,,,1004,1004,0,2,3,0,3,3,1,0,1,9,10,11,1,0,2,0,1,0,133472,0.427,1.04,0.009
1448,2.831,0.181,0,0.032,0.052,0,0,,0,,,,0,,,,,1004,1004,0,2,3,0,3,3,1,0,1,9,10,11,1,0,2,0,1,0,133472,0.471,1.107,0.012
1449,2.069,0.001,0,0.052,0.033,0,0,,0,,,,0,,,,,1004,1004,0,2,3,0,3,3,1,0,1,9,10,11,1,0,2,0,1,0,133472,0.47,1.232,0.012
1450,1.946,0.001,0,0.046,0.031,0,0,,0,,,,0,,,,,1004,1004,0,2,3,0,3,3,1,0,1,9,10,11,1,0,2,0,1,0,133472,0.457,1.14,0.01
1451,2.181,0.001,0,0.041,0.043,0,0,,0,,,,0,,,,,1004,1004,0,2,3,0,3,3,1,0,1,9,10,11,1,0,2,0,1,0,133472,0.442,1.356,0.014
1452,3.165,0.692,0,0.065,0.039,0,0,,0,,,,0,,,,,1004,1004,0,2,3,0,3,3,1,0,1,9,10,11,1,0,2,0,1,0,133472,0.628,1.395,0.012
1453,2.073,0,0,0.04,0.04,0,0,,0,,,,0,,,,,1004,1004,0,2,3,0,3,3,1,0,1,9,10,11,1,0,2,0,1,0,133472,0.464,1.248,0.011
1454,2.31,0,0,0.067,0.033,0,0,,0,,,,0,,,,,1004,1004,0,2,3,0,3,3,1,0,1,9,10,11,1,0,2,0,1,0,133472,0.528,1.363,0.01
1455,1.991,0,0,0.051,0.033,0,0,,0,,,,0,,,,,1004,1004,0,2,3,0,3,3,1,0,1,9,10,11,1,0,2,0,1,0,133472,0.442,1.205,0.012
1456,2.13,0,0,0.059,0.034,0,0,,0,,,,0,,,,,1004,1004,0,2,3,0,3,3,1,0,1,9,10,11,1,0,2,0,1,0,133472,0.452,1.304,0.012
1457,2.022,0,0,0.066,0.04,0,0,,0,,,,0,,,,,1004,1004,0,2,3,0,3,3,1,0,1,9,10,11,1,0,2,0,1,0,133472,0.445,1.17,0.013
1458,2.812,0,0,0.066,0.086,0,0,,0,,,,0,,,,,1004,1004,0,2,3,0,3,3,1,0,1,9,10,11,1,0,2,0,1,0,133472,0.474,1.805,0.026
1459,3.657,0.001,0.001,0.096,0.041,0,0,,0,,,,0,,,,,1004,1004,0,2,3,0,3,3,1,0,1,9,10,11,1,0,2,0,1,0,133472,0.859,2.169,0.011
1460,3.097,0,0,0.046,0.049,0,0,,0,,,,0,,,,,1004,1004,0,2,3,0,3,3,1,0,1,9,10,11,1,0,2,0,1,0,133472,0.65,1.972,0.018
1461,2.023,0,0,0.076,0.037,0,0,,0,,,,0,,,,,1004,1004,0,2,3,0,3,3,1,0,1,9,10,11,1,0,2,0,1,0,133472,0.587,0.961,0.011
1462,1.649,0,0,0.049,0.026,0,0,,0,,,,0,,,,,1004,1004,0,2,3,0,3,3,1,0,1,9,10,11,1,0,2,0,1,0,133472,0.377,0.934,0.008
1463,1.839,0.133,0,0.035,0.035,0,0,,0,,,,0,,,,,1004,1004,0,2,3,0,3,3,1,0,1,9,10,11,1,0,2,0,1,0,133472,0.373,1.032,0.008
1464,2.752,0.322,0,0.037,0.042,0,0,,0,,,,0,,,,,1004,1004,0,2,3,0,3,3,1,0,1,9,10,11,1,0,2,0,1,0,133472,0.434,1.574,0.012
1465,2.369,0,0,0.05,0.047,0,0,,0,,,,0,,,,,1004,1004,0,2,3,0,3,3,1,0,1,9,10,11,1,0,2,0,1,0,133472,0.59,1.356,0.027
1466,1.926,0.009,0,0.112,0.034,0,0,,0,,,,0,,,,,1004,1004,0,2,3,0,3,3,1,0,1,9,10,11,1,0,2,0,1,0,133472,0.422,1.077,0.012
1467,2.064,0.044,0.001,0.057,0.032,0,0,,0,,,,0,,,,,1004,1004,0,2,3,0,3,3,1,0,1,9,10,11,1,0,2,0,1,0,133472,0.492,1.171,0.012
1468,1.801,0,0,0.046,0.028,0,0,,0,,,,0,,,,,1004,1004,0,2,3,0,3,3,1,0,1,9,10,11,1,0,2,0,1,0,133472,0.446,1.033,0.012
1469,2.539,0.278,0,0.064,0.053,0,0,,0,,,,0,,,,,1004,1004,0,2,3,0,3,3,1,0,1,9,10,11,1,0,2,0,1,0,133472,0.499,1.261,0.013
1470,2.011,0.001,0,0.044,0.037,0,0,,1,3687.5,233029632,287215616,1,71217344,71217344,167755776,38823561584,1004,1004,0,2,3,0,3,3,1,0,1,9,10,11,1,0,2,0,1,0,133472,0.435,1.2,0.01
1471,1.896,0.001,0,0.049,0.029,0,0,,0,,,,0,,,,,1004,1004,0,2,3,0,3,3,1,0,1,9,10,11,1,0,2,0,1,0,133472,0.397,1.153,0.01
1472,2.829,0.001,0,0.045,0.056,0,0,,0,,,,0,,,,,1004,1004,0,2,3,0,3,3,1,0,1,9,10,11,1,0,2,0,1,0,133472,1.019,1.362,0.014
1473,2.291,0,0.001,0.064,0.047,0,0,,0,,,,0,,,,,1004,1004,0,2,3,0,3,3,1,0,1,9,10,11,1,0,2,0,1,0,133472,0.497,1.338,0.013
1474,2.32,0.001,0.001,0.061,0.039,0,0,,0,,,,0,,,,,1004,1004,0,2,3,0,3,3,1,0,1,9,10,11,1,0,2,0,1,0,133472,0.473,1.439,0.011
1475,2.126,0,0.001,0.059,0.039,0,0,,0,,,,0,,,,,1004,1004,0,2,3,0,3,3,1,0,1,9,10,11,1,0,2,0,1,0,133472,0.515,1.213,0.011
1476,2.402,0,0,0.071,0.041,0,0,,0,,,,0,,,,,1004,1004,0,2,3,0,3,3,1,0,1,9,10,11,1,0,2,0,1,0,133472,0.573,1.368,0.017
1477,1.851,0.001,0,0.056,0.033,0,0,,0,,,,0,,,,,1004,1004,0,2,3,0,3,3,1,0,1,9,10,11,1,0,2,0,1,0,133472,0.424,1.072,0.01
1478,2.271,0.001,0.001,0.062,0.057,0,0,,0,,,,0,,,,,1004,1004,0,2,3,0,3,3,1,0,1,9,10,11,1,0,2,0,1,0,133472,0.406,1.431,0.02
1479,2.785,0,0.001,0.074,0.079,0,0,,0,,,,0,,,,,1004,1004,0,2,3,0,3,3,1,0,1,9,10,11,1,0,2,0,1,0,133472,0.628,1.558,0.028
1480,3.531,0.002,0.001,0.077,0.093,0,0,,0,,,,0,,,,,1004,1004,0,2,3,0,3,3,1,0,1,9,10,11,1,0,2,0,1,0,133472,1.449,1.447,0.022
1481,2.154,0.001,0,0.064,0.038,0,0,,0,,,,0,,,,,1004,1004,0,2,3,0,3,3,1,0,1,9,10,11,1,0,2,0,1,0,133472,0.474,1.242,0.011
1482,5.827,3.873,0,0.061,0.046,0,0,,0,,,,0,,,,,1004,1004,0,2,3,0,3,3,1,0,1,9,10,11,1,0,2,0,1,0,133472,0.462,0.976,0.017
1483,7.332,4.902,0.001,0.121,0.049,0,0,,0,,,,0,,,,,1004,1004,0,2,3,0,3,3,1,0,1,9,10,11,1,0,2,0,1,0,133472,0.519,1.277,0.017
1484,5.805,3.686,0,0.066,0.042,0,0,,0,,,,0,,,,,1004,1004,0,2,3,0,3,3,1,0,1,9,10,11,1,0,2,0,1,0,133472,0.466,1.185,0.013
1485,1.832,0,0,0.041,0.028,0,0,,0,,,,0,,,,,1004,1004,0,2,3,0,3,3,1,0,1,9,10,11,1,0,2,0,1,0,133472,0.453,1.037,0.011
1486,2.111,0.164,0,0.047,0.038,0,0,,0,,,,0,,,,,1004,1004,0,2,3,0,3,3,1,0,1,9,10,11,1,0,2,0,1,0,133472,0.405,1.194,0.014
1487,3.061,0.828,0,0.108,0.06,0,0,,0,,,,0,,,,,1004,1004,0,2,3,0,3,3,1,0,1,9,10,11,1,0,2,0,1,0,133472,0.498,1.168,0.018
1488,2.357,0.001,0.001,0.07,0.03,0,0,,0,,,,0,,,,,1004,1004,0,2,3,0,3,3,1,0,1,9,10,11,1,0,2,0,1,0,133472,0.621,1.206,0.013
1489,2.397,0.245,0,0.061,0.037,0,0,,0,,,,0,,,,,1004,1004,0,2,3,0,3,3,1,0,1,9,10,11,1,0,2,0,1,0,133472,0.521,1.199,0.014
1490,3.016,1.308,0,0.083,0.032,0,0,,0,,,,0,,,,,1004,1004,0,2,3,0,3,3,1,0,1,9,10,11,1,0,2,0,1,0,133472,0.454,0.754,0.008
1491,2.303,0.833,0,0.061,0.024,0,0,,0,,,,0,,,,,1004,1004,0,2,3,0,3,3,1,0,1,9,10,11,1,0,2,0,1,0,133472,0.356,0.77,0.007
1492,3.111,1.197,0,0.08,0.035,0,0,,0,,,,0,,,,,1004,1004,0,2,3,0,3,3,1,0,1,9,10,11,1,0,2,0,1,0,133472,0.505,0.908,0.012
1493,2.449,0.216,0.001,0.043,0.049,0,0,,0,,,,0,,,,,1004,1004,0,2,3,0,3,3,1,0,1,9,10,11,1,0,2,0,1,0,133472,0.388,1.356,0.021
1494,2.33,0.001,0,0.064,0.061,0,0,,0,,,,0,,,,,1004,1004,0,2,3,0,3,3,1,0,1,9,10,11,1,0,2,0,1,0,133472,0.506,1.312,0.018
1495,2.343,0.471,0,0.054,0.043,0,0,,0,,,,0,,,,,1004,1004,0,2,3,0,3,3,1,0,1,9,10,11,1,0,2,0,1,0,133472,0.437,0.925,0.009
1496,3.248,1.841,0,0.043,0.038,0,0,,0,,,,0,,,,,1004,1004,0,2,3,0,3,3,1,0,1,9,10,11,1,0,2,0,1,0,133472,0.355,0.705,0.009
1497,2.314,0.889,0,0.081,0.024,0,0,,0,,,,0,,,,,1004,1004,0,2,3,0,3,3,1,0,1,9,10,11,1,0,2,0,1,0,133472,0.316,0.709,0.006
1498,2.359,0.859,0,0.067,0.02,0,0,,0,,,,0,,,,,1004,1004,0,2,3,0,3,3,1,0,1,9,10,11,1,0,2,0,1,0,133472,0.358,0.763,0.007
1499,2.099,0.768,0,0.069,0.019,0,0,,0,,,,0,,,,,1004,1004,0,2,3,0,3,3,1,0,1,9,10,11,1,0,2,0,1,0,133472,0.337,0.643,0.005
1500,3.48,1.251,0.001,0.075,0.052,0,0,,1,3765.625,233033728,287219712,1,71217344,71217344,167755776,38823561584,1004,1004,0,2,3,0,3,3,1,0,1,9,10,11,1,0,2,0,1,0,133472,0.455,1.242,0.017
1501,2.766,1.207,0.001,0.042,0.031,0,0,,0,,,,0,,,,,1004,1004,0,2,3,0,3,3,1,0,1,9,10,11,1,0,2,0,1,0,133472,0.369,0.753,0.008
1502,3.005,1.623,0,0.043,0.027,0,0,,0,,,,0,,,,,1004,1004,0,2,3,0,3,3,1,0,1,9,10,11,1,0,2,0,1,0,133472,0.377,0.701,0.006
1503,6.083,4.491,0,0.043,0.045,0,0,,0,,,,0,,,,,1004,1004,0,2,3,0,3,3,1,0,1,9,10,11,1,0,2,0,1,0,133472,0.379,0.852,0.011
1504,1.418,0,0,0.039,0.025,0,0,,0,,,,0,,,,,1004,1004,0,2,3,0,3,3,1,0,1,9,10,11,1,0,2,0,1,0,133472,0.354,0.793,0.007
1505,1.902,0.046,0,0.1,0.032,0,0,,0,,,,0,,,,,1004,1004,0,2,3,0,3,3,1,0,1,9,10,11,1,0,2,0,1,0,133472,0.453,0.976,0.011
1506,1.917,0.001,0.001,0.048,0.041,0,0,,0,,,,0,,,,,1004,1004,0,2,3,0,3,3,1,0,1,9,10,11,1,0,2,0,1,0,133472,0.514,1.023,0.022
1507,1.736,0.001,0.001,0.081,0.023,0,0,,0,,,,0,,,,,1004,1004,0,2,3,0,3,3,1,0,1,9,10,11,1,0,2,0,1,0,133472,0.518,0.859,0.01
1508,2.239,0.635,0,0.046,0.035,0,0,,0,,,,0,,,,,1004,1004,0,2,3,0,3,3,1,0,1,9,10,11,1,0,2,0,1,0,133472,0.37,0.844,0.007
1509,1.286,0.001,0,0.036,0.023,0,0,,0,,,,0,,,,,1004,1004,0,2,3,0,3,3,1,0,1,9,10,11,1,0,2,0,1,0,133472,0.322,0.719,0.005
1510,1.368,0.215,0,0.028,0.017,0,0,,0,,,,0,,,,,1004,1004,0,2,3,0,3,3,1,0,1,9,10,11,1,0,2,0,1,0,133472,0.291,0.667,0.004
1511,2.788,1.33,0,0.053,0.033,0,0,,0,,,,0,,,,,1004,1004,0,2,3,0,3,3,1,0,1,9,10,11,1,0,2,0,1,0,133472,0.4,0.699,0.007
1512,2.381,1.032,0.001,0.164,0.026,0,0,,0,,,,0,,,,,1004,1004,0,2,3,0,3,3,1,0,1,9,10,11,1,0,2,0,1,0,133472,0.339,0.58,0.006
1513,3.487,1.202,0,0.116,0.057,0,0,,0,,,,0,,,,,1004,1004,0,2,3,0,3,3,1,0,1,9,10,11,1,0,2,0,1,0,133472,0.426,1.341,0.02
1514,2.6,0.864,0.001,0.062,0.035,0,0,,0,,,,0,,,,,1004,1004,0,2,3,0,3,3,1,0,1,9,10,11,1,0,2,0,1,0,133472,0.428,0.893,0.014
1515,3.302,1.821,0,0.152,0.026,0,0,,0,,,,0,,,,,1004,1004,0,2,3,0,3,3,1,0,1,9,10,11,1,0,2,0,1,0,133472,0.365,0.657,0.007
1516,2.279,0.858,0,0.078,0.029,0,0,,0,,,,0,,,,,1004,1004,0,2,3,0,3,3,1,0,1,9,10,11,1,0,2,0,1,0,133472,0.309,0.693,0.007
1517,2.378,0.987,0,0.092,0.022,0,0,,0,,,,0,,,,,1004,1004,0,2,3,0,3,3,1,0,1,9,10,11,1,0,2,0,1,0,133472,0.305,0.667,0.004
1518,2.155,0.948,0.001,0.069,0.02,0,0,,0,,,,0,,,,,1004,1004,0,2,3,0,3,3,1,0,1,9,10,11,1,0,2,0,1,0,133472,0.253,0.609,0.004
1519,1.599,0.304,0,0.064,0.022,0,0,,0,,,,0,,,,,1004,1004,0,2,3,0,3,3,1,0,1,9,10,11,1,0,2,0,1,0,133472,0.294,0.646,0.004
1520,1.725,0.001,0,0.029,0.03,0,0,,0,,,,0,,,,,1004,1004,0,2,3,0,3,3,1,0,1,9,10,11,1,0,2,0,1,0,133472,0.398,1.021,0.032
1521,2.926,0.001,0,0.057,0.072,0,0,,0,,,,0,,,,,1004,1004,0,2,3,0,3,3,1,0,1,9,10,11,1,0,2,0,1,0,133472,0.586,1.892,0.021
1522,3.084,0,0.001,0.096,0.066,0,0,,0,,,,0,,,,,1004,1004,0,2,3,0,3,3,1,0,1,9,10,11,1,0,2,0,1,0,133472,0.632,1.859,0.022
1523,4.349,0,0,0.088,0.05,0,0,,0,,,,0,,,,,1004,1004,0,2,3,0,3,3,1,0,1,9,10,11,1,0,2,0,1,0,133472,0.987,2.64,0.018
1524,3.682,0,0,0.08,0.053,0,0,,0,,,,0,,,,,1004,1004,0,2,3,0,3,3,1,0,1,9,10,11,1,0,2,0,1,0,133472,0.847,2.213,0.017
1525,3.807,0.001,0.001,0.072,0.069,0,0,,0,,,,0,,,,,1004,1004,0,2,3,0,3,3,1,0,1,9,10,11,1,0,2,0,1,0,133472,0.884,2.096,0.019
1526,1.932,0.001,0,0.054,0.036,0,0,,0,,,,0,,,,,1004,1004,0,2,3,0,3,3,1,0,1,9,10,11,1,0,2,0,1,0,133472,0.432,1.086,0.013
1527,1.989,0.001,0.001,0.047,0.034,0,0,,0,,,,0,,,,,1004,1004,0,2,3,0,3,3,1,0,1,9,10,11,1,0,2,0,1,0,133472,0.472,1.16,0.012
1528,1.61,0.341,0.001,0.058,0.022,0,0,,0,,,,0,,,,,1004,1004,0,2,3,0,3,3,1,0,1,9,10,11,1,0,2,0,1,0,133472,0.331,0.654,0.005
1529,2.329,1.222,0,0.029,0.022,0,0,,0,,,,0,,,,,1004,1004,0,2,3,0,3,3,1,0,1,9,10,11,1,0,2,0,1,0,133472,0.292,0.607,0.005
1530,2.007,0.489,0.001,0.084,0.024,0,0,,1,3796.875,233201664,288079872,1,71217344,71217344,167755776,38823561584,1004,1004,0,2,3,0,3,3,1,0,1,9,10,11,1,0,2,0,1,0,133472,0.374,0.72,0.006
1531,2.369,0.308,0,0.149,0.042,0,0,,0,,,,0,,,,,1004,1004,0,2,3,0,3,3,1,0,1,9,10,11,1,0,2,0,1,0,133472,0.507,1.029,0.011
1532,1.596,0,0,0.03,0.04,0,0,,0,,,,0,,,,,1004,1004,0,2,3,0,3,3,1,0,1,9,10,11,1,0,2,0,1,0,133472,0.391,0.908,0.007
1533,2.06,0.001,0,0.036,0.043,0,0,,0,,,,0,,,,,1004,1004,0,2,3,0,3,3,1,0,1,9,10,11,1,0,2,0,1,0,133472,0.428,1.247,0.01
1534,2.815,0,0,0.066,0.054,0,0,,0,,,,0,,,,,1004,1004,0,2,3,0,3,3,1,0,1,9,10,11,1,0,2,0,1,0,133472,0.633,1.576,0.022
1535,2.096,0.001,0,0.095,0.032,0,0,,0,,,,0,,,,,1004,1004,0,2,3,0,3,3,1,0,1,9,10,11,1,0,2,0,1,0,133472,0.773,0.799,0.017
1536,1.45,0.001,0.001,0.062,0.021,0,0,,0,,,,0,,,,,1004,1004,0,2,3,0,3,3,1,0,1,9,10,11,1,0,2,0,1,0,133472,0.353,0.815,0.007
1537,1.438,0,0,0.036,0.018,0,0,,0,,,,0,,,,,1004,1004,0,2,3,0,3,3,1,0,1,9,10,11,1,0,2,0,1,0,133472,0.368,0.839,0.009
1538,1.534,0.048,0,0.037,0.024,0,0,,0,,,,0,,,,,1004,1004,0,2,3,0,3,3,1,0,1,9,10,11,1,0,2,0,1,0,133472,0.345,0.861,0.009
1539,1.596,0.071,0.001,0.044,0.043,0,0,,0,,,,0,,,,,1004,1004,0,2,3,0,3,3,1,0,1,9,10,11,1,0,2,0,1,0,133472,0.372,0.774,0.009
1540,1.505,0.157,0,0.038,0.022,0,0,,0,,,,0,,,,,1004,1004,0,2,3,0,3,3,1,0,1,9,10,11,1,0,2,0,1,0,133472,0.374,0.707,0.006
1541,1.531,0.274,0.001,0.038,0.021,0,0,,0,,,,0,,,,,1004,1004,0,2,3,0,3,3,1,0,1,9,10,11,1,0,2,0,1,0,133472,0.331,0.68,0.004
1542,2.037,0.313,0,0.036,0.038,0,0,,0,,,,0,,,,,1004,1004,0,2,3,0,3,3,1,0,1,9,10,11,1,0,2,0,1,0,133472,0.33,1.066,0.013
1543,3.136,1.587,0.001,0.053,0.03,0,0,,0,,,,0,,,,,1004,1004,0,2,3,0,3,3,1,0,1,9,10,11,1,0,2,0,1,0,133472,0.378,0.796,0.011
1544,3.887,2.493,0.001,0.046,0.036,0,0,,0,,,,0,,,,,1004,1004,0,2,3,0,3,3,1,0,1,9,10,11,1,0,2,0,1,0,133472,0.354,0.652,0.007
1545,2.481,1.201,0,0.07,0.024,0,0,,0,,,,0,,,,,1004,1004,0,2,3,0,3,3,1,0,1,9,10,11,1,0,2,0,1,0,133472,0.257,0.663,0.007
1546,1.596,0.14,0.001,0.088,0.032,0,0,,0,,,,0,,,,,1004,1004,0,2,3,0,3,3,1,0,1,9,10,11,1,0,2,0,1,0,133472,0.354,0.694,0.006
1547,1.143,0.001,0,0.03,0.017,0,0,,0,,,,0,,,,,1004,1004,0,2,3,0,3,3,1,0,1,9,10,11,1,0,2,0,1,0,133472,0.308,0.624,0.006
1548,3.023,1.225,0,0.11,0.028,0,0,,0,,,,0,,,,,1004,1004,0,2,3,0,3,3,1,0,1,9,10,11,1,0,2,0,1,0,133472,0.338,0.968,0.007
1549,5.408,0.9,0,0.081,0.095,0,0,,0,,,,0,,,,,1004,1004,0,2,3,0,3,3,1,0,1,9,10,11,1,0,2,0,1,0,133472,1.184,2.55,0.033
1550,4.404,0.001,0.001,0.09,0.097,0,0,,0,,,,0,,,,,1004,1004,0,2,3,0,3,3,1,0,1,9,10,11,1,0,2,0,1,0,133472,0.868,2.731,0.027
1551,4.419,0.001,0,0.099,0.07,0,0,,0,,,,0,,,,,1004,1004,0,2,3,0,3,3,1,0,1,9,10,11,1,0,2,0,1,0,133472,0.996,2.632,0.023
1552,3.128,0.001,0,0.098,0.069,0,0,,0,,,,0,,,,,1004,1004,0,2,3,0,3,3,1,0,1,9,10,11,1,0,2,0,1,0,133472,0.979,1.404,0.019
1553,2.682,0.001,0,0.067,0.052,0,0,,0,,,,0,,,,,1004,1004,0,2,3,0,3,3,1,0,1,9,10,11,1,0,2,0,1,0,133472,0.6,1.534,0.015
1554,1.473,0.001,0,0.053,0.025,0,0,,0,,,,0,,,,,1004,1004,0,2,3,0,3,3,1,0,1,9,10,11,1,0,2,0,1,0,133472,0.401,0.776,0.007
1555,3.662,1.903,0.001,0.156,0.049,0,0,,0,,,,0,,,,,1004,1004,0,2,3,0,3,3,1,0,1,9,10,11,1,0,2,0,1,0,133472,0.408,0.817,0.01
1556,1.888,0.591,0,0.07,0.022,0,0,,0,,,,0,,,,,1004,1004,0,2,3,0,3,3,1,0,1,9,10,11,1,0,2,0,1,0,133472,0.323,0.639,0.005
1557,2.305,0.897,0,0.086,0.029,0,0,,0,,,,0,,,,,1004,1004,0,2,3,0,3,3,1,0,1,9,10,11,1,0,2,0,1,0,133472,0.328,0.701,0.006
1558,2.052,0.795,0.001,0.133,0.029,0,0,,0,,,,0,,,,,1004,1004,0,2,3,0,3,3,1,0,1,9,10,11,1,0,2,0,1,0,133472,0.293,0.547,0.004
1559,2.512,1.043,0.001,0.074,0.038,0,0,,0,,,,0,,,,,1004,1004,0,2,3,0,3,3,1,0,1,9,10,11,1,0,2,0,1,0,133472,0.262,0.715,0.057
1560,2.854,0.001,0,0.138,0.092,0,0,,1,3859.375,233201664,288079872,1,71217344,71217344,167755776,38823561584,1004,1004,0,2,3,0,3,3,1,0,1,9,10,11,1,0,2,0,1,0,133472,0.652,1.552,0.03
1561,2.776,0.001,0.001,0.093,0.039,0,0,,0,,,,0,,,,,1004,1004,0,2,3,0,3,3,1,0,1,9,10,11,1,0,2,0,1,0,133472,0.715,1.452,0.012
1562,2.243,0,0,0.055,0.041,0,0,,0,,,,0,,,,,1004,1004,0,2,3,0,3,3,1,0,1,9,10,11,1,0,2,0,1,0,133472,0.487,1.349,0.011
1563,2.266,0,0,0.045,0.04,0,0,,0,,,,0,,,,,1004,1004,0,2,3,0,3,3,1,0,1,9,10,11,1,0,2,0,1,0,133472,0.494,1.371,0.012
1564,2.164,0.001,0,0.048,0.034,0,0,,0,,,,0,,,,,1004,1004,0,2,3,0,3,3,1,0,1,9,10,11,1,0,2,0,1,0,133472,0.486,1.285,0.014
1565,2.101,0,0,0.049,0.03,0,0,,0,,,,0,,,,,1004,1004,0,2,3,0,3,3,1,0,1,9,10,11,1,0,2,0,1,0,133472,0.485,1.249,0.01
1566,1.806,0.331,0.001,0.097,0.034,0,0,,0,,,,0,,,,,1004,1004,0,2,3,0,3,3,1,0,1,9,10,11,1,0,2,0,1,0,133472,0.298,0.679,0.013
1567,2.868,0.991,0.001,0.044,0.05,0,0,,0,,,,0,,,,,1004,1004,0,2,3,0,3,3,1,0,1,9,10,11,1,0,2,0,1,0,133472,0.398,1.015,0.021
1568,2.348,0.648,0,0.066,0.033,0,0,,0,,,,0,,,,,1004,1004,0,2,3,0,3,3,1,0,1,9,10,11,1,0,2,0,1,0,133472,0.388,0.915,0.014
1569,3.205,1.726,0,0.076,0.026,0,0,,0,,,,0,,,,,1004,1004,0,2,3,0,3,3,1,0,1,9,10,11,1,0,2,0,1,0,133472,0.363,0.71,0.007
1570,2.858,1.475,0,0.066,0.028,0,0,,0,,,,0,,,,,1004,1004,0,2,3,0,3,3,1,0,1,9,10,11,1,0,2,0,1,0,133472,0.3,0.705,0.008
1571,3.21,1.938,0,0.07,0.027,0,0,,0,,,,0,,,,,1004,1004,0,2,3,0,3,3,1,0,1,9,10,11,1,0,2,0,1,0,133472,0.33,0.64,0.006
1572,3.177,1.287,0.001,0.093,0.032,0,0,,0,,,,0,,,,,1004,1004,0,2,3,0,3,3,1,0,1,9,10,11,1,0,2,0,1,0,133472,0.401,1,0.035
1573,2.262,0.714,0,0.048,0.034,0,0,,0,,,,0,,,,,1004,1004,0,2,3,0,3,3,1,0,1,9,10,11,1,0,2,0,1,0,133472,0.381,0.83,0.01
1574,10.406,9.014,0.001,0.092,0.025,0,0,,0,,,,0,,,,,1004,1004,0,2,3,0,3,3,1,0,1,9,10,11,1,0,2,0,1,0,133472,0.332,0.679,0.01
1575,1.906,0.151,0,0.063,0.032,0,0,,0,,,,0,,,,,1004,1004,0,2,3,0,3,3,1,0,1,9,10,11,1,0,2,0,1,0,133472,0.317,1.026,0.009
1576,1.431,0.001,0,0.034,0.068,0,0,,0,,,,0,,,,,1004,1004,0,2,3,0,3,3,1,0,1,9,10,11,1,0,2,0,1,0,133472,0.351,0.74,0.014
1577,1.818,0,0.001,0.052,0.04,0,0,,0,,,,0,,,,,1004,1004,0,2,3,0,3,3,1,0,1,9,10,11,1,0,2,0,1,0,133472,0.419,0.979,0.017
1578,1.708,0,0.001,0.062,0.035,0,0,,0,,,,0,,,,,1004,1004,0,2,3,0,3,3,1,0,1,9,10,11,1,0,2,0,1,0,133472,0.436,0.885,0.011
1579,1.718,0.001,0.001,0.062,0.063,0,0,,0,,,,0,,,,,1004,1004,0,2,3,0,3,3,1,0,1,9,10,11,1,0,2,0,1,0,133472,0.426,0.92,0.011
1580,3.723,2.097,0.001,0.138,0.034,0,0,,0,,,,0,,,,,1004,1004,0,2,3,0,3,3,1,0,1,9,10,11,1,0,2,0,1,0,133472,0.405,0.733,0.009
1581,2.442,1.081,0,0.11,0.039,0,0,,0,,,,0,,,,,1004,1004,0,2,3,0,3,3,1,0,1,9,10,11,1,0,2,0,1,0,133472,0.345,0.642,0.007
1582,2.879,1.448,0,0.157,0.023,0,0,,0,,,,0,,,,,1004,1004,0,2,3,0,3,3,1,0,1,9,10,11,1,0,2,0,1,0,133472,0.36,0.578,0.005
1583,4.267,1.351,0,0.113,0.101,0,0,,0,,,,0,,,,,1004,1004,0,2,3,0,3,3,1,0,1,9,10,11,1,0,2,0,1,0,133472,0.328,1.916,0.028
1584,4.419,0.001,0.001,0.101,0.076,0,0,,0,,,,0,,,,,1004,1004,0,2,3,0,3,3,1,0,1,9,10,11,1,0,2,0,1,0,133472,0.93,2.692,0.026
1585,4.262,0,0,0.101,0.055,0,0,,0,,,,0,,,,,1004,1004,0,2,3,0,3,3,1,0,1,9,10,11,1,0,2,0,1,0,133472,1.035,2.424,0.019
1586,3.602,0,0.001,0.079,0.048,0,0,,0,,,,0,,,,,1004,1004,0,2,3,0,3,3,1,0,1,9,10,11,1,0,2,0,1,0,133472,0.834,2.131,0.019
1587,3.513,0.001,0.001,0.074,0.049,0,0,,0,,,,0,,,,,1004,1004,0,2,3,0,3,3,1,0,1,9,10,11,1,0,2,0,1,0,133472,0.776,2.111,0.017
1588,3.468,0.001,0,0.073,0.046,0,0,,0,,,,0,,,,,1004,1004,0,2,3,0,3,3,1,0,1,9,10,11,1,0,2,0,1,0,133472,0.798,2.046,0.018
1589,3.287,0,0.001,0.075,0.043,0,0,,0,,,,0,,,,,1004,1004,0,2,3,0,3,3,1,0,1,9,10,11,1,0,2,0,1,0,133472,0.78,1.944,0.013
1590,2.73,0,0,0.065,0.035,0,0,,1,3968.75,233201664,288079872,1,71217344,71217344,167755776,38823561584,1004,1004,0,2,3,0,3,3,1,0,1,9,10,11,1,0,2,0,1,0,133472,0.611,1.663,0.013
1591,2.68,0.001,0,0.055,0.026,0,0,,0,,,,0,,,,,1004,1004,0,2,3,0,3,3,1,0,1,9,10,11,1,0,2,0,1,0,133472,0.61,1.646,0.008
1592,1.759,0,0,0.035,0.027,0,0,,0,,,,0,,,,,1004,1004,0,2,3,0,3,3,1,0,1,9,10,11,1,0,2,0,1,0,133472,0.406,1.051,0.009
1593,1.789,0,0,0.034,0.029,0,0,,0,,,,0,,,,,1004,1004,0,2,3,0,3,3,1,0,1,9,10,11,1,0,2,0,1,0,133472,0.403,1.08,0.009
1594,2.698,0,0,0.048,0.076,0,0,,0,,,,0,,,,,1004,1004,0,2,3,0,3,3,1,0,1,9,10,11,1,0,2,0,1,0,133472,0.458,1.763,0.018
1595,1.748,0,0,0.063,0.034,0,0,,0,,,,0,,,,,1004,1004,0,2,3,0,3,3,1,0,1,9,10,11,1,0,2,0,1,0,133472,0.415,0.891,0.009
1596,1.608,0.001,0,0.044,0.024,0,0,,0,,,,0,,,,,1004,1004,0,2,3,0,3,3,1,0,1,9,10,11,1,0,2,0,1,0,133472,0.416,0.903,0.006
1597,2.316,0.564,0,0.145,0.04,0,0,,0,,,,0,,,,,1004,1004,0,2,3,0,3,3,1,0,1,9,10,11,1,0,2,0,1,0,133472,0.394,0.857,0.014
1598,1.455,0.001,0,0.047,0.042,0,0,,0,,,,0,,,,,1004,1004,0,2,3,0,3,3,1,0,1,9,10,11,1,0,2,0,1,0,133472,0.357,0.808,0.007
1599,4.055,0.241,0,0.056,0.107,0,0,,0,,,,0,,,,,1004,1004,0,2,3,0,3,3,1,0,1,9,10,11,1,0,2,0,1,0,133472,0.897,2.271,0.032
1600,1.989,0.001,0,0.137,0.029,0,0,,0,,,,0,,,,,1004,1004,0,2,3,0,3,3,1,0,1,9,10,11,1,0,2,0,1,0,133472,0.475,0.97,0.008
1601,3.682,0.609,0,0.087,0.115,0,0,,0,,,,0,,,,,1004,1004,0,2,3,0,3,3,1,0,1,9,10,11,1,0,2,0,1,0,133472,0.471,1.496,0.02
1602,1.761,0.002,0,0.081,0.036,0,0,,0,,,,0,,,,,1004,1004,0,2,3,0,3,3,1,0,1,9,10,11,1,0,2,0,1,0,133472,0.408,0.865,0.01
1603,1.936,0.384,0,0.049,0.029,0,0,,0,,,,0,,,,,1004,1004,0,2,3,0,3,3,1,0,1,9,10,11,1,0,2,0,1,0,133472,0.441,0.791,0.008
1604,1.271,0.001,0,0.038,0.023,0,0,,0,,,,0,,,,,1004,1004,0,2,3,0,3,3,1,0,1,9,10,11,1,0,2,0,1,0,133472,0.363,0.672,0.005
1605,2.068,0.273,0,0.037,0.036,0,0,,0,,,,0,,,,,1004,1004,0,2,3,0,3,3,1,0,1,9,10,11,1,0,2,0,1,0,133472,0.336,1.161,0.01
1606,1.355,0.001,0,0.04,0.022,0,0,,0,,,,0,,,,,1004,1004,0,2,3,0,3,3,1,0,1,9,10,11,1,0,2,0,1,0,133472,0.325,0.763,0.006
1607,1.416,0.084,0,0.1,0.028,0,0,,0,,,,0,,,,,1004,1004,0,2,3,0,3,3,1,0,1,9,10,11,1,0,2,0,1,0,133472,0.349,0.648,0.007
1608,5.685,1.576,0.001,0.113,0.082,0,0,,0,,,,0,,,,,1004,1004,0,2,3,0,3,3,1,0,1,9,10,11,1,0,2,0,1,0,133472,0.912,2.344,0.023
1609,1.82,0.001,0,0.07,0.032,0,0,,0,,,,0,,,,,1004,1004,0,2,3,0,3,3,1,0,1,9,10,11,1,0,2,0,1,0,133472,0.534,0.768,0.011
1610,2.933,0.34,0,0.045,0.055,0,0,,0,,,,0,,,,,1004,1004,0,2,3,0,3,3,1,0,1,9,10,11,1,0,2,0,1,0,133472,0.455,1.232,0.018
1611,2.333,0.711,0,0.046,0.032,0,0,,0,,,,0,,,,,1004,1004,0,2,3,0,3,3,1,0,1,9,10,11,1,0,2,0,1,0,133472,0.454,0.838,0.009
1612,2.585,1.164,0,0.065,0.04,0,0,,0,,,,0,,,,,1004,1004,0,2,3,0,3,3,1,0,1,9,10,11,1,0,2,0,1,0,133472,0.352,0.735,0.009
1613,2.805,1.411,0.001,0.034,0.03,0,0,,0,,,,0,,,,,1004,1004,0,2,3,0,3,3,1,0,1,9,10,11,1,0,2,0,1,0,133472,0.404,0.706,0.008
1614,2.931,1.019,0,0.045,0.054,0,0,,0,,,,0,,,,,1004,1004,0,2,3,0,3,3,1,0,1,9,10,11,1,0,2,0,1,0,133472,0.424,1.087,0.016
1615,2.821,0.606,0.001,0.05,0.041,0,0,,0,,,,0,,,,,1004,1004,0,2,3,0,3,3,1,0,1,9,10,11,1,0,2,0,1,0,133472,0.614,1.094,0.016
1616,3.613,1.939,0.001,0.052,0.057,0,0,,0,,,,0,,,,,1004,1004,0,2,3,0,3,3,1,0,1,9,10,11,1,0,2,0,1,0,133472,0.404,0.828,0.013
1617,2.097,0.846,0,0.04,0.026,0,0,,0,,,,0,,,,,1004,1004,0,2,3,0,3,3,1,0,1,9,10,11,1,0,2,0,1,0,133472,0.31,0.688,0.007
1618,3.635,1.295,0,0.086,0.054,0,0,,0,,,,0,,,,,1004,1004,0,2,3,0,3,3,1,0,1,9,10,11,1,0,2,0,1,0,133472,0.465,1.29,0.019
1619,1.866,0.226,0,0.059,0.038,0,0,,0,,,,0,,,,,1004,1004,0,2,3,0,3,3,1,0,1,9,10,11,1,0,2,0,1,0,133472,0.413,0.842,0.008
1620,3.603,0.982,0,0.131,0.048,0,0,,1,4062.5,233201664,288079872,1,71217344,71217344,167755776,38823561584,1004,1004,0,2,3,0,3,3,1,0,1,9,10,11,1,0,2,0,1,0,133472,0.915,1.172,0.017
1621,3.172,0.796,0.001,0.061,0.041,0,0,,0,,,,0,,,,,1004,1004,0,2,3,0,3,3,1,0,1,9,10,11,1,0,2,0,1,0,133472,0.541,1.313,0.016
1622,3.344,1.507,0.001,0.076,0.042,0,0,,0,,,,0,,,,,1004,1004,0,2,3,0,3,3,1,0,1,9,10,11,1,0,2,0,1,0,133472,0.401,0.97,0.022
1623,2.761,1.032,0,0.05,0.027,0,0,,0,,,,0,,,,,1004,1004,0,2,3,0,3,3,1,0,1,9,10,11,1,0,2,0,1,0,133472,0.371,1.005,0.01
1624,2.419,0.647,0,0.042,0.038,0,0,,0,,,,0,,,,,1004,1004,0,2,3,0,3,3,1,0,1,9,10,11,1,0,2,0,1,0,133472,0.435,0.973,0.012
1625,3.603,0.945,0.001,0.159,0.065,0,0,,0,,,,0,,,,,1004,1004,0,2,3,0,3,3,1,0,1,9,10,11,1,0,2,0,1,0,133472,0.415,1.528,0.019
1626,2.536,0.001,0,0.082,0.049,0,0,,0,,,,0,,,,,1004,1004,0,2,3,0,3,3,1,0,1,9,10,11,1,0,2,0,1,0,133472,0.528,1.469,0.018
1627,13.609,11.392,0,0.131,0.063,0,0,,0,,,,0,,,,,1004,1004,0,2,3,0,3,3,1,0,1,9,10,11,1,0,2,0,1,0,133472,0.475,1.08,0.019
1628,2.729,0.226,0,0.052,0.038,0,0,,0,,,,0,,,,,1004,1004,0,2,3,0,3,3,1,0,1,9,10,11,1,0,2,0,1,0,133472,0.509,1.417,0.015
1629,2.575,0.013,0,0.047,0.035,0,0,,0,,,,0,,,,,1004,1004,0,2,3,0,3,3,1,0,1,9,10,11,1,0,2,0,1,0,133472,0.527,1.632,0.018
1630,4.167,2.254,0,0.085,0.043,0,0,,0,,,,0,,,,,1004,1004,0,2,3,0,3,3,1,0,1,9,10,11,1,0,2,0,1,0,133472,0.434,1.029,0.015
1631,2.473,0.402,0,0.06,0.034,0,0,,0,,,,0,,,,,1004,1004,0,2,3,0,3,3,1,0,1,9,10,11,1,0,2,0,1,0,133472,0.443,1.207,0.015
1632,2.187,0.31,0,0.064,0.035,0,0,,0,,,,0,,,,,1004,1004,0,2,3,0,3,3,1,0,1,9,10,11,1,0,2,0,1,0,133472,0.417,1.073,0.011
1633,2.232,0.555,0,0.053,0.032,0,0,,0,,,,0,,,,,1004,1004,0,2,3,0,3,3,1,0,1,9,10,11,1,0,2,0,1,0,133472,0.375,0.956,0.012
1634,3.532,0.73,0.001,0.066,0.078,0,0,,0,,,,0,,,,,1004,1004,0,2,3,0,3,3,1,0,1,9,10,11,1,0,2,0,1,0,133472,0.46,1.724,0.025
1635,3.001,0.001,0,0.083,0.062,0,0,,0,,,,0,,,,,1004,1004,0,2,3,0,3,3,1,0,1,9,10,11,1,0,2,0,1,0,133472,0.674,1.716,0.02
1636,2.249,0,0,0.063,0.041,0,0,,0,,,,0,,,,,1004,1004,0,2,3,0,3,3,1,0,1,9,10,11,1,0,2,0,1,0,133472,0.572,1.19,0.015
1637,2.869,0.001,0.001,0.071,0.037,0,0,,0,,,,0,,,,,1004,1004,0,2,3,0,3,3,1,0,1,9,10,11,1,0,2,0,1,0,133472,0.565,1.827,0.013
1638,1.987,0,0.001,0.054,0.037,0,0,,0,,,,0,,,,,1004,1004,0,2,3,0,3,3,1,0,1,9,10,11,1,0,2,0,1,0,133472,0.484,1.127,0.012
1639,1.779,0,0,0.056,0.03,0,0,,0,,,,0,,,,,1004,1004,0,2,3,0,3,3,1,0,1,9,10,11,1,0,2,0,1,0,133472,0.409,1.043,0.01
1640,3.648,0.552,0,0.048,0.131,0,0,,0,,,,0,,,,,1004,1004,0,2,3,0,3,3,1,0,1,9,10,11,1,0,2,0,1,0,133472,0.852,1.52,0.025
1641,2.091,0.001,0,0.101,0.058,0,0,,0,,,,0,,,,,1004,1004,0,2,3,0,3,3,1,0,1,9,10,11,1,0,2,0,1,0,133472,0.516,1.07,0.017
1642,2.142,0.306,0.001,0.055,0.022,0,0,,0,,,,0,,,,,1004,1004,0,2,3,0,3,3,1,0,1,9,10,11,1,0,2,0,1,0,133472,0.487,0.991,0.009
1643,3.176,1.46,0,0.053,0.041,0,0,,0,,,,0,,,,,1004,1004,0,2,3,0,3,3,1,0,1,9,10,11,1,0,2,0,1,0,133472,0.435,0.9,0.008
1644,3.183,1.689,0,0.04,0.024,0,0,,0,,,,0,,,,,1004,1004,0,2,3,0,3,3,1,0,1,9,10,11,1,0,2,0,1,0,133472,0.415,0.79,0.007
1645,2.713,1.131,0,0.133,0.023,0,0,,0,,,,0,,,,,1004,1004,0,2,3,0,3,3,1,0,1,9,10,11,1,0,2,0,1,0,133472,0.337,0.758,0.006
1646,4.067,1.154,0.001,0.06,0.073,0,0,,0,,,,0,,,,,1004,1004,0,2,3,0,3,3,1,0,1,9,10,11,1,0,2,0,1,0,133472,0.436,1.886,0.03
1647,3.29,0.002,0,0.116,0.054,0,0,,0,,,,0,,,,,1004,1004,0,2,3,0,3,3,1,0,1,9,10,11,1,0,2,0,1,0,133472,0.856,1.838,0.026
1648,3.671,1.682,0,0.075,0.064,0,0,,0,,,,0,,,,,1004,1004,0,2,3,0,3,3,1,0,1,9,10,11,1,0,2,0,1,0,133472,0.436,1.068,0.014
1649,2.302,0.448,0,0.042,0.043,0,0,,0,,,,0,,,,,1004,1004,0,2,3,0,3,3,1,0,1,9,10,11,1,0,2,0,1,0,133472,0.42,0.96,0.009
1650,3.003,1.201,0.001,0.132,0.043,0,0,,1,4140.625,233201664,288079872,1,71217344,71217344,167755776,38823561584,1004,1004,0,2,3,0,3,3,1,0,1,9,10,11,1,0,2,0,1,0,133472,0.404,0.873,0.011
1651,3.298,0.911,0,0.16,0.04,0,0,,0,,,,0,,,,,1004,1004,0,2,3,0,3,3,1,0,1,9,10,11,1,0,2,0,1,0,133472,0.493,1.138,0.015
1652,2.846,1.014,0,0.052,0.041,0,0,,0,,,,0,,,,,1004,1004,0,2,3,0,3,3,1,0,1,9,10,11,1,0,2,0,1,0,133472,0.429,0.967,0.013
1653,3.795,2.404,0.001,0.046,0.022,0,0,,0,,,,0,,,,,1004,1004,0,2,3,0,3,3,1,0,1,9,10,11,1,0,2,0,1,0,133472,0.37,0.732,0.008
1654,3.042,1.393,0,0.075,0.038,0,0,,0,,,,0,,,,,1004,1004,0,2,3,0,3,3,1,0,1,9,10,11,1,0,2,0,1,0,133472,0.426,0.75,0.009
1655,4.498,1.454,0.001,0.106,0.082,0,0,,0,,,,0,,,,,1004,1004,0,2,3,0,3,3,1,0,1,9,10,11,1,0,2,0,1,0,133472,0.656,1.655,0.022
1656,3.187,0.001,0,0.074,0.088,0,0,,0,,,,0,,,,,1004,1004,0,2,3,0,3,3,1,0,1,9,10,11,1,0,2,0,1,0,133472,0.703,1.783,0.03
1657,3.239,0.001,0.001,0.078,0.07,0,0,,0,,,,0,,,,,1004,1004,0,2,3,0,3,3,1,0,1,9,10,11,1,0,2,0,1,0,133472,0.664,1.864,0.031
1658,3.494,1.256,0.001,0.061,0.066,0,0,,0,,,,0,,,,,1004,1004,0,2,3,0,3,3,1,0,1,9,10,11,1,0,2,0,1,0,133472,0.49,1.228,0.016
1659,2.104,0.304,0,0.05,0.089,0,0,,0,,,,0,,,,,1004,1004,0,2,3,0,3,3,1,0,1,9,10,11,1,0,2,0,1,0,133472,0.454,0.912,0.011
1660,3.002,1.08,0,0.058,0.045,0,0,,0,,,,0,,,,,1004,1004,0,2,3,0,3,3,1,0,1,9,10,11,1,0,2,0,1,0,133472,0.442,1.031,0.013
1661,3.077,1.001,0,0.089,0.041,0,0,,0,,,,0,,,,,1004,1004,0,2,3,0,3,3,1,0,1,9,10,11,1,0,2,0,1,0,133472,0.41,1.153,0.016
1662,2.857,0.815,0,0.082,0.046,0,0,,0,,,,0,,,,,1004,1004,0,2,3,0,3,3,1,0,1,9,10,11,1,0,2,0,1,0,133472,0.482,1.005,0.034
1663,4.99,2.743,0,0.075,0.063,0,0,,0,,,,0,,,,,1004,1004,0,2,3,0,3,3,1,0,1,9,10,11,1,0,2,0,1,0,133472,0.521,1.179,0.014
1664,7.575,4.702,0,0.071,0.089,0,0,,0,,,,0,,,,,1004,1004,0,2,3,0,3,3,1,0,1,9,10,11,1,0,2,0,1,0,133472,0.609,1.558,0.028
1665,16.029,13.663,0.001,0.073,0.07,0,0,,0,,,,0,,,,,1004,1004,0,2,3,0,3,3,1,0,1,9,10,11,1,0,2,0,1,0,133472,0.59,1.102,0.027

summary_metric,count,median,p95,p99
wall_ms,1666,2.539,5.8215,12.47775
frame_wait_ms,1666,0.0635,2.988,9.9872
scene_advance_ms,1666,0,0.001,0.001
view_build_ms,1666,0.066,0.136,0.1654
render_submit_ms,1666,0.043,0.092,0.1448
gpu_ms,1666,1.81794266395,4.29914052004,10.7334111963

gpu_sample_serial,gpu_ms
513,2.01244786753
514,2.07734369928
515,2.10296869866
516,2.15822911398
517,2.20182286291
518,11.9539059582
519,7.5324998161
520,7.54921856569
521,5.81093735813
522,2.06432286627
523,2.01874995071
524,2.10828119853
525,3.44171866597
526,2.11302078175
527,2.24593744517
528,2.20739577944
529,2.0836978658
530,2.90874992899
531,2.7021353507
532,2.02536453389
533,1.99833328455
534,1.95161453569
535,1.85666662134
536,1.86619787111
537,3.00031242675
538,1.75104162392
539,1.7188541247
540,1.71927079136
541,1.734114541
542,1.73552079096
543,1.7709895401
544,3.11062492406
545,1.74692704068
546,1.74328120744
547,1.71140620822
548,1.69776037522
549,1.7053645417
550,1.69109370871
551,1.68979162541
552,6.04359360245
553,11.3556768061
554,6.87307274887
555,7.86880189122
556,1.8444270383
557,1.84031245507
558,1.81921870559
559,1.83135412196
560,1.77697912328
561,1.77526037333
562,1.7774999566
563,1.10624997299
564,1.07286455714
565,1.07187497383
566,1.07124997385
567,1.0445312245
568,1.05229164098
569,1.06177080741
570,1.05416664093
571,2.06166661633
572,1.77739578994
573,1.79307287289
574,1.7966666228
575,1.84781245489
576,1.96036453547
577,2.54494785453
578,1.79838537276
579,1.84614578826
580,1.81328120573
581,1.7682291235
582,1.75354162386
583,1.74421870742
584,1.75822912374
585,1.74328120744
586,1.7545832905
587,1.74010412418
588,1.58348954467
589,1.69338537532
590,1.71869787471
591,1.70833329163
592,1.74651037403
593,1.78817703968
594,1.88244787071
595,2.69598951751
596,2.56031243749
597,1.91859370316
598,1.96270828542
599,2.02161453398
600,2.06541661624
601,2.73812493315
602,2.6144270195
603,1.90703120344
604,1.90411453685
605,1.88135412074
606,1.83687495515
607,1.82843745536
608,3.14041659
609,1.84213537169
610,1.81786453895
611,1.76229162364
612,1.72911454112
613,1.72885412446
614,3.16140617282
615,5.12718737482
616,1.68218745893
617,1.68333329224
618,1.66145829277
619,2.3635936923
620,2.9844790938
621,1.6330728768
622,1.63817704334
623,1.63901037665
624,1.75697912377
625,1.77088537343
626,2.5639061874
627,6.17682276587
628,1.71078120823
629,1.72546870787
630,1.72958329111
631,2.47572910622
632,3.17932283905
633,1.70906245827
634,1.78864578967
635,1.83328120524
636,1.85473953805
637,5.67895819469
638,1.88734370392
639,1.89755203701
640,1.9782812017
641,9.68885393012
642,1.19822913741
643,1.18166663782
644,1.20249997064
645,1.21187497041
646,1.20692705387
647,1.21098955377
648,1.20427080393
649,2.1928645298
650,2.15203119746
651,3.12328117375
652,2.29328119401
653,2.30468744373
654,3.56166657971
655,8.47380187645
656,2.24406244521
657,2.30520827705
658,2.17593744688
659,6.0649477686
660,15.6111975355
661,7.48822898385
662,5.69229152769
663,2.10770828188
664,2.70166660071
665,2.01192703421
666,1.96963536858
667,5.61166652966
668,10.7128122385
669,1.94166661926
670,1.93635411939
671,2.49796868901
672,1.85874995462
673,1.8010416227
674,1.79541662283
675,1.7695312068
676,1.75937495705
677,1.72124995798
678,2.45651035669
679,1.7857812064
680,1.75651037378
681,1.70109370847
682,1.68015620898
683,1.70041662515
684,1.70859370829
685,1.69427079197
686,1.66526037601
687,1.66083329279
688,1.64713537645
689,1.66010412614
690,1.65880204284
691,1.65828120951
692,5.10953112526
693,3.51588533083
694,0.900104144691
695,0.845781229351
696,0.821979146599
697,0.824114563213
698,0.822395813255
699,0.81973956332
700,0.849895812584
701,8.21223938284
702,15.8295829469
703,16.6022912613
704,2.12135411488
705,2.05562494981
706,1.91359370328
707,1.94458328586
708,1.92848953625
709,1.84265620501
710,8.33656229647
711,3.26833325354
712,1.18645830437
713,1.90249995355
714,1.17177080473
715,1.17729163792
716,1.17749997125
717,1.17656247128
718,2.01203120088
719,2.0097916176
720,3.43385408283
721,1.92911453624
722,1.94177078593
723,1.82062495555
724,1.87036453767
725,1.88265620404
726,1.87895828746
727,1.94244786924
728,1.89505203707
729,1.88328120402
730,1.01921872512
731,0.874583311981
732,0.888124978317
733,0.882499978455
734,0.872239562038
735,2.03020828377
736,1.89406245376
737,1.21385413703
738,1.8501041215
739,3.08796867461
740,1.88859370389
741,1.87072912099
742,1.86583328778
743,1.78286453981
744,1.68312495891
745,1.70567704169
746,1.71067704157
747,1.72166662463
748,1.64062495995
749,1.65697912621
750,1.65385412629
751,1.65880204284
752,1.94598953582
753,6.04484360242
754,1.174010388
755,1.18416663776
756,1.63104162685
757,1.18062497118
758,1.18723955435
759,1.18276038779
760,1.18442705442
761,1.93203120283
762,1.95473953561
763,1.41161454887
764,0.882499978455
765,0.870885395405
766,1.17963538787
767,1.18432288775
768,1.19822913741
769,1.20302080396
770,1.19260413755
771,1.17895830455
772,2.2502082784
773,2.19614577972
774,2.07807286593
775,2.02057286734
776,2.01499995081
777,1.91890620315
778,1.91713536986
779,1.83296870525
780,1.79906245608
781,2.48291660605
782,10.7716664037
783,1.18010413786
784,1.17999997119
785,1.19494788749
786,1.19880205407
787,1.18223955447
788,1.18859372098
789,1.19286455421
790,1.18984372095
791,1.19005205428
792,1.20317705396
793,1.20234372065
794,1.20453122059
795,1.19713538744
796,1.9976041179
797,2.02692703385
798,1.90072912026
799,1.9621874521
800,2.45161452348
801,1.8486457882
802,1.84208328836
803,1.92973953622
804,1.938958286
805,2.59354160335
806,3.30020825276
807,1.84484370496
808,1.79776037278
809,1.79885412275
810,1.80020828938
811,1.84713537157
812,2.6240103526
813,1.90833328674
814,1.88416662067
815,1.93583328607
816,1.9594270355
817,4.69177071879
818,1.47041663077
819,0.911562477745
820,0.880729145164
821,0.913489561031
822,0.878906228542
823,0.871302062061
824,0.877031228588
825,15.2766142104
826,2.061614533
827,2.04953119996
828,1.95031245238
829,1.95062495238
830,1.95286453566
831,1.938958286
832,1.16895830479
833,1.17520830464
834,1.174166638
835,1.83937495509
836,3.30473950265
837,7.31703107136
838,2.03312495036
839,1.97609370176
840,1.93062495287
841,1.87395828758
842,3.05744784202
843,1.79432287286
844,4.57723947158
845,10.4129684958
846,1.79593745615
847,1.81473953903
848,1.81333328906
849,1.78046870653
850,1.78963537297
851,1.68812495879
852,0.882968728443
853,0.861874978958
854,0.957135393299
855,1.16656247152
856,1.17484372132
857,1.18812497099
858,1.72687495784
859,1.17390622134
860,1.17208330472
861,1.1837499711
862,1.1714062214
863,1.17911455455
864,1.1798437212
865,1.1933333042
866,1.66458329269
867,1.18499997107
868,1.18385413776
869,1.19583330414
870,1.19651038745
871,1.19552080415
872,1.38312496623
873,1.71973954135
874,7.38036440315
875,1.201302054
876,1.21609372031
877,1.22124997018
878,1.21442705368
879,1.21541663699
880,2.38828119169
881,2.38177077518
882,2.31864577673
883,2.21640619589
884,2.66182285168
885,2.04265620013
886,2.07734369928
887,2.01697911742
888,1.89406245376
889,1.88880203722
890,4.73072905117
891,1.89124995383
892,1.87083328766
893,1.90999995337
894,1.87848953747
895,3.23062492113
896,1.75177079057
897,1.75666662378
898,1.75531245715
899,1.65916662616
900,1.62567704364
901,1.6411978766
902,2.08963536565
903,1.61552079389
904,1.63380204345
905,1.61328121061
906,1.56067704523
907,1.57624996152
908,1.5456770456
909,2.11135411512
910,1.55541662869
911,1.56682287841
912,3.40401033356
913,13.4644267546
914,3.8803644886
915,0.933802060535
916,1.73437495766
917,0.92786456068
918,0.929322893978
919,0.924635394093
920,0.931718727253
921,0.917656227596
922,1.17880205455
923,1.19083330426
924,1.187656221
925,1.2069791372
926,1.20057288736
927,2.0177603674
928,1.1892708043
929,1.18869788765
930,1.1933333042
931,1.21067705378
932,1.1975520541
933,1.21682288696
934,2.12244786485
935,2.17588536354
936,2.19520827974
937,3.1046874242
938,3.87130198882
939,2.4875520226
940,2.51624993857
941,1.05682289087
942,0.871666645386
943,0.886406228359
944,0.893906228176
945,0.877812478569
946,0.867812478813
947,0.858489562374
948,0.867604145485
949,2.10812494853
950,1.81572912234
951,1.22755205336
952,1.2056770539
953,1.74880204064
954,1.21109372043
955,1.1972395541
956,1.20614580389
957,1.22302080347
958,1.88479162065
959,1.86390620449
960,1.20520830391
961,1.21614580364
962,1.21604163698
963,1.22156247018
964,1.21411455369
965,1.21781247027
966,0.948645810173
967,0.935156227169
968,0.932135393909
969,2.93447909502
970,2.68192701786
971,2.55864577087
972,4.11333323291
973,2.28255202761
974,2.24572911184
975,2.13911453111
976,2.17624994687
977,3.51895824742
978,2.00604161769
979,2.0288020338
980,1.89593745371
981,1.86942703769
982,8.56307270761
983,0.923385394123
984,0.936666643799
985,0.921874977493
986,0.925364560741
987,2.12718744807
988,3.90708323795
989,2.01567703412
990,2.01296870086
991,1.93395828612
992,1.48213538048
993,1.14854163863
994,1.15276038852
995,1.12692705582
996,1.12739580581
997,1.1303124724
998,1.10973955624
999,1.10031247314
1000,1.10749997296
1001,1.1238020559
1002,1.10916663959
1003,1.10598955633
1004,1.63906245998
1005,1.67687495906
1006,1.6847395422
1007,1.66213537609
1008,1.65046870971
1009,1.65348954296
1010,1.66796870928
1011,1.70093745847
1012,1.70515620837
1013,1.70760412498
1014,1.68286454225
1015,1.65807287619
1016,1.66088537612
1017,1.6740103758
1018,2.26328119474
1019,1.66276037607
1020,1.66223954275
1021,1.67843745902
1022,1.67833329236
1023,1.66770829262
1024,2.55208327103
1025,5.51526028202
1026,9.46583310223
1027,3.95911448668
1028,1.77604162331
1029,1.82916662201
1030,3.26963533684
1031,1.85520828804
1032,1.8910416205
1033,1.91119787001
1034,1.91531245324
1035,1.92687495296
1036,1.95473953561
1037,1.94239578591
1038,6.63906233791
1039,1.86421870449
1040,1.88390620401
1041,1.88093745408
1042,1.93255203615
1043,1.89479162041
1044,1.17515622131
1045,1.59765621099
1046,1.19494788749
1047,1.63578121006
1048,1.18749997101
1049,1.18348955444
1050,1.18859372098
1051,2.07343744938
1052,2.06557286624
1053,2.02760411716
1054,2.0642186996
1055,2.14687494759
1056,2.26708327798
1057,2.22270827907
1058,10.1479164189
1059,0.937760393772
1060,0.931197893932
1061,0.930677060612
1062,0.925729144066
1063,0.941093727024
1064,0.934791643845
1065,0.944114560284
1066,0.930156227291
1067,0.928958310654
1068,0.937135393787
1069,0.919114560894
1070,0.9174999776
1071,0.946406226894
1072,3.96661448649
1073,2.54973952108
1074,2.60942701963
1075,2.14557286428
1076,2.50177077225
1077,1.25807288595
1078,1.24947913616
1079,1.25963538591
1080,1.25104163612
1081,1.25609371933
1082,1.25723955264
1083,2.80822909811
1084,4.31072906142
1085,2.47088535634
1086,2.29671869393
1087,2.27932286102
1088,2.22755202895
1089,3.98624990268
1090,1.98848953479
1091,1.94848953576
1092,1.94380203588
1093,1.92671870296
1094,1.94307286923
1095,2.00593745103
1096,1.99453120131
1097,1.99557286795
1098,2.20458327951
1099,2.1202603649
1100,2.10088536538
1101,1.96005203548
1102,1.94786453578
1103,1.95088536904
1104,1.91692703653
1105,1.95249995233
1106,1.97739578506
1107,4.99135404481
1108,1.8213541222
1109,1.78140620651
1110,1.82437495546
1111,1.83588537185
1112,4.00406240224
1113,1.8952603704
1114,1.93333328613
1115,1.93760411936
1116,1.97046870189
1117,2.78671868196
1118,8.72265603704
1119,2.06348953296
1120,2.05682286645
1121,3.97619781959
1122,2.11916661493
1123,2.11395828172
1124,2.27848952771
1125,2.37015619213
1126,4.30541656155
1127,2.06354161629
1128,2.11593744834
1129,2.12682286474
1130,2.29541661063
1131,2.94843742802
1132,3.49380199804
1133,2.07927078257
1134,2.01802078407
1135,2.01947911736
1136,2.03395828368
1137,2.65395826854
1138,1.86838537105
1139,7.0534373278
1140,11.5610934677
1141,1.89093745383
1142,1.84796870488
1143,2.75223951614
1144,2.38484369178
1145,1.72249995795
1146,1.73583329095
1147,1.71687495808
1148,1.71229162486
1149,1.72968745777
1150,1.65182287634
1151,1.63328121012
1152,1.63364579345
1153,1.65036454304
1154,1.6317707935
1155,1.63052079353
1156,1.63072912685
1157,1.57432287823
1158,1.58473954464
1159,1.58760412791
1160,1.59322912777
1161,1.56552079511
1162,1.57213537828
1163,1.58026037809
1164,1.57994787809
1165,2.90338534578
1166,1.56848954504
1167,1.64979162639
1168,1.66869787593
1169,1.66265620941
1170,1.69677079191
1171,1.64942704306
1172,1.62244787706
1173,1.63812496001
1174,2.04354161678
1175,5.40197903478
1176,8.74677061979
1177,2.46057285659
1178,1.76802079017
1179,1.69109370871
1180,3.15203117305
1181,1.69265620868
1182,1.69244787535
1183,1.69354162532
1184,1.78218745649
1185,1.79307287289
1186,2.70854160054
1187,3.38901033393
1188,1.86197912121
1189,1.86802078773
1190,1.90593745347
1191,1.90447912017
1192,1.95557286892
1193,1.96458328537
1194,2.07401036603
1195,2.05953119972
1196,2.07833328259
1197,4.587499888
1198,2.14229161436
1199,3.2452082541
1200,12.4186976135
1201,2.06854161617
1202,2.06296869963
1203,2.04151036683
1204,2.90338534578
1205,1.89499995374
1206,1.88609370395
1207,1.89369787043
1208,3.77854157442
1209,5.66442694504
1210,1.94609370249
1211,1.96505203536
1212,3.47302074854
1213,1.86854162105
1214,1.88312495403
1215,1.8868228706
1216,1.80874995584
1217,10.5857289082
1218,9.77239559475
1219,1.788697873
1220,1.74562495738
1221,1.71114579156
1222,1.72604162453
1223,1.72406245791
1224,1.66791662595
1225,1.75104162392
1226,1.77760412327
1227,1.77729162328
1228,1.85187495479
1229,1.84812495488
1230,2.55557285427
1231,1.89255203713
1232,1.94796870244
1233,1.9441666192
1234,1.92395828636
1235,1.93583328607
1236,2.51395827196
1237,1.84531245495
1238,1.86208328787
1239,6.97098941314
1240,7.09036441023
1241,2.6951561842
1242,0.921718727497
1243,0.926614560711
1244,0.934374977188
1245,0.93468747718
1246,0.950156226803
1247,2.28369786091
1248,0.948177060184
1249,0.918072894253
1250,0.927812477348
1251,0.913281227703
1252,0.924635394093
1253,0.927656227352
1254,0.94098956036
1255,0.93947914373
1256,0.923541644119
1257,1.79953120607
1258,2.53473952145
1259,2.36442702561
1260,2.36802077552
1261,2.95401034455
1262,3.631666578
1263,2.05890619973
1264,2.03588536696
1265,2.00088536782
1266,2.00723953433
1267,4.0592186509
1268,1.90901037006
1269,1.93796870269
1270,1.93072911953
1271,1.8814582874
1272,3.15296867302
1273,1.17843747123
1274,1.17098955474
1275,1.21114580376
1276,1.84791662155
1277,3.99161448588
1278,1.78427078977
1279,1.80953120582
1280,1.80052078938
1281,1.50229162999
1282,1.13911455552
1283,2.34546869274
1284,1.06692705729
1285,1.08244789024
1286,1.08682289013
1287,1.06927080723
1288,1.05838539083
1289,1.04963539104
1290,1.07333330713
1291,1.07828122367
1292,2.31473952682
1293,1.42453121522
1294,1.74994787394
1295,1.79979162273
1296,1.78791662302
1297,1.7328124577
1298,1.73473954098
1299,2.11723953164
1300,1.67713537572
1301,1.64328120988
1302,6.33374984537
1303,8.61598937298
1304,1.80593745591
1305,1.83390620523
1306,1.84359370499
1307,2.45380202343
1308,1.8951041204
1309,1.9347395361
1310,1.96614578533
1311,2.05536453315
1312,3.87755198867
1313,1.95135411903
1314,1.91317703662
1315,1.91802078651
1316,1.8458853716
1317,1.82453120546
1318,1.84624995493
1319,3.19661450529
1320,1.78973953964
1321,1.68874995877
1322,1.80572912258
1323,1.82177078886
1324,1.70859370829
1325,3.50385408112
1326,1.62677079362
1327,1.70151037513
1328,1.69848954187
1329,1.72645829118
1330,1.7188541247
1331,2.43177077396
1332,1.80473953927
1333,1.80312495598
1334,1.84776037156
1335,1.88515620398
1336,1.90312495354
1337,1.96109370212
1338,1.93692703605
1339,1.94114578594
1340,1.98005203499
1341,1.97072911855
1342,1.99593745127
1343,2.09062494896
1344,2.08109369919
1345,1.22390622012
1346,1.2001562207
1347,1.18333330444
1348,1.71932287469
1349,1.86510412113
1350,1.8103124558
1351,1.83708328848
1352,6.41661442668
1353,1.20036455403
1354,1.7027603751
1355,1.1727083047
1356,1.17447913799
1357,1.1960937208
1358,2.01088536757
1359,2.15671869735
1360,2.89744784593
1361,2.64578118541
1362,2.02843745048
1363,1.98151036829
1364,1.9183332865
1365,11.6798434648
1366,1.19437497084
1367,1.17749997125
1368,1.18963538762
1369,1.97124995187
1370,1.95265620233
1371,2.98598951043
1372,1.87697912084
1373,1.87583328754
1374,1.85859370462
1375,1.86760412107
1376,1.86562495445
1377,1.88322912069
1378,1.89979162029
1379,1.94682286914
1380,0.977552059467
1381,0.919999977539
1382,0.945677060246
1383,0.931197893932
1384,0.926718727375
1385,0.931979143913
1386,2.38833327502
1387,2.34531244274
1388,2.22005202913
1389,2.11270828175
1390,2.11807286496
1391,2.09109369895
1392,2.0153124508
1393,2.02822911715
1394,1.90213537023
1395,1.90432287017
1396,1.88395828734
1397,1.88416662067
1398,1.71130204155
1399,1.18864580431
1400,1.19249997089
1401,1.71838537471
1402,1.16953122145
1403,1.18161455449
1404,1.9826562016
1405,1.9771353684
1406,1.8458853716
1407,1.85130203814
1408,2.94473951144
1409,1.77151037342
1410,1.80432287262
1411,1.78468745643
1412,1.80791662253
1413,1.77526037333
1414,1.79630203948
1415,1.7107291249
1416,1.70734370832
1417,1.693020792
1418,2.79593743174
1419,1.71979162468
1420,1.7026041251
1421,1.71369787483
1422,1.6725520425
1423,1.68791662546
1424,1.66578120933
1425,1.63557287674
1426,1.65364579296
1427,1.64822912643
1428,1.66244787608
1429,1.58864579455
1430,1.60145829424
1431,1.62020829378
1432,3.94776032029
1433,1.18812497099
1434,1.18791663766
1435,1.1798437212
1436,1.18140622116
1437,1.17942705454
1438,1.17333330469
1439,1.18239580447
1440,1.9374999527
1441,1.81812495561
1442,1.8310937053
1443,1.81395828905
1444,1.76713537352
1445,1.81427078904
1446,1.79166662292
1447,1.84343745499
1448,3.29406241958
1449,1.77104162343
1450,1.76130204033
1451,1.70609370835
1452,1.70395829173
1453,1.66104162611
1454,1.63494787675
1455,2.19682286303
1456,1.63802079334
1457,1.32604163429
1458,1.19244788755
1459,1.17854163789
1460,1.17093747141
1461,1.17364580468
1462,1.18296872112
1463,1.17963538787
1464,1.29708330167
1465,1.92984370288
1466,1.90942703672
1467,1.83937495509
1468,3.19401033869
1469,1.82901037201
1470,9.96635392335
1471,1.82421870546
1472,1.83937495509
1473,1.81838537227
1474,1.70687495833
1475,1.72499995789
1476,1.69895829185
1477,1.62953121022
1478,1.6166666272
1479,1.63135412684
1480,1.66906245925
1481,2.57057285391
1482,1.6767707924
1483,1.65562495958
1484,1.65588537624
1485,0.927395810692
1486,0.931874977249
1487,0.916249977631
1488,0.983854142647
1489,1.1770833046
1490,1.17447913799
1491,1.17515622131
1492,1.72510412455
1493,7.5666143986
1494,1.9904687014
1495,1.92755203627
1496,1.86473953781
1497,1.90083328693
1498,1.84874995486
1499,1.82098953888
1500,1.17260413804
1501,1.17395830467
1502,1.17291663803
1503,1.1863541377
1504,1.7037499584
1505,1.17624997128
1506,1.16937497145
1507,1.19656247079
1508,1.1865103877
1509,1.18015622119
1510,1.92869786958
1511,1.9579687022
1512,2.40911452452
1513,1.87296870427
1514,1.87062495433
1515,1.88869787056
1516,1.79755203945
1517,1.81677078898
1518,1.77859370658
1519,1.70869787495
1520,1.17499997131
1521,1.18109372116
1522,1.18239580447
1523,1.18479163774
1524,1.18942705429
1525,1.75291662387
1526,1.83187495528
1527,1.81880203893
1528,1.80906245583
1529,1.77843745658
1530,1.78114578985
1531,1.77703120662
1532,1.16817705481
1533,1.17354163802
1534,1.68427079221
1535,1.20203122065
1536,1.18484372107
1537,1.18369788777
1538,7.4709373176
1539,4.2803123955
1540,2.11218744843
1541,3.60770824525
1542,1.99968745118
1543,1.89874995364
1544,1.8786978708
1545,1.91151037
1546,1.92124995309
1547,1.94260411924
1548,1.98828120146
1549,2.09395828221
1550,2.09869786543
1551,1.99552078461
1552,2.04307286679
1553,3.44567699921
1554,1.88374995401
1555,1.87598953753
1556,1.90838537008
1557,1.88656245394
1558,1.83406245522
1559,1.86416662115
1560,2.30994786027
1561,1.7367187076
1562,1.75765620709
1563,1.69713537523
1564,1.09192705667
1565,1.10390622305
1566,1.11963538933
1567,1.53197912926
1568,1.08489580685
1569,1.08869789009
1570,1.08942705674
1571,1.25031246947
1572,1.69489579195
1573,1.59239579446
1574,1.58864579455
1575,1.6574478762
1576,1.40416663239
1577,1.08265622357
1578,1.08552080683
1579,1.07901039032
1580,1.0745833071
1581,1.08796872344
1582,1.1004166398
1583,1.53802079578
1584,1.07973955697
1585,1.01822914181
1586,0.920260394199
1587,0.924843727421
1588,0.931770810585
1589,0.91723956094
1590,0.946718726887
1591,3.33619783522
1592,1.81182287243
1593,1.87786453749
1594,1.85999995459
1595,1.62458329367
1596,1.15281247186
1597,1.14354163875
1598,1.62005204378
1599,1.11588538942
1600,1.11609372275
1601,1.11182288952
1602,1.1208853893
1603,1.12213538927
1604,1.10468747303
1605,1.11343747282
1606,1.12369788923
1607,1.1129166395
1608,1.79864578942
1609,1.79651037281
1610,1.8323957886
1611,1.84468745496
1612,1.87130203765
1613,4.83026029874
1614,1.93140620285
1615,1.94604161916
1616,1.97005203524
1617,2.02130203399
1618,2.00874995096
1619,1.17619788795
1620,1.18989580428
1621,1.86307287118
1622,2.02187495064
1623,2.04239578347
1624,4.46031239111
1625,2.69526035086
1626,0.914427061008
1627,1.9197916198
1628,1.88380203734
1629,1.86364578783
1630,1.78614578973
1631,1.79052078962
1632,1.77072912344
1633,1.77187495674
1634,1.75708329044
1635,2.30473952707
1636,1.71328120817
1637,1.74739579067
1638,1.80749995587
1639,1.79765620611
1640,1.83317703858
1641,2.63312493571
1642,3.36890616775
1643,1.83885412177
1644,1.85130203814
1645,1.86979162102
1646,1.87265620428
1647,1.78484370642
1648,2.87114576324
1649,1.71864579137
1650,1.78619787306
1651,1.88692703727
1652,1.897708287
1653,2.04489578341
1654,2.04359370011
1655,1.98453120155
1656,1.95671870223
1657,1.91619786988
1658,1.8855207873
1659,1.88510412064
1660,1.85624995468
1661,1.83588537185
1662,1.81171870577
1663,1.7817187065
1664,1.77062495677
1665,1.74479162407
1666,1.74541662405
1667,2.37468744202
1668,1.72234370795
1669,1.69187495869
1670,1.66822912594
1671,1.61916662714
1672,1.5961978777
1673,1.62536454365
1674,2.06895828282
1675,1.59854162764
1676,1.58505204464
1677,1.55739579531
1678,1.60979162737
1679,1.65401037629
1680,1.65499995959
1681,1.64093745994
1682,1.62124996042
1683,1.64156245992
1684,1.55359371207
1685,1.55208329544
1686,1.53770829579
1687,1.56312496184
1688,1.54463537896
1689,1.53817704578
1690,1.60312496086
1691,1.6207291271
1692,1.64098954327
1693,1.63494787675
1694,1.66078120945
1695,2.3224999433
1696,1.61989579379
1697,1.61484371058
1698,1.59218746113
1699,1.6438020432
1700,1.70057287515
1701,1.72781245782
1702,1.71583329144
1703,1.76192704032
1704,1.73276037436
1705,1.76052079035
1706,1.75776037375
1707,1.7081249583
1708,1.70109370847
1709,4.96536446211
1710,9.5684372664
1711,5.679791528
1712,1.76223954031
1713,1.70739579165
1714,2.36973952548
1715,2.23369786213
1716,1.61463537725
1717,1.761249957
1718,1.76072912368
1719,1.80098953936
1720,1.8047916226
1721,2.61463535283
1722,1.84406245498
1723,1.8897395372
1724,1.84026037174
1725,1.84124995505
1726,1.87229162096
1727,1.89020828719
1728,1.76427079026
1729,1.72374995792
1730,1.75708329044
1731,1.7108853749
1732,1.81447912237
1733,1.83937495509
1734,1.78614578973
1735,1.81697912231
1736,1.7872395397
1737,1.7763541233
1738,1.74255204079
1739,1.79973953939
1740,2.55526035428
1741,3.1854165889
1742,1.81802078895
1743,1.88208328738
1744,1.91755203652
1745,1.92703120295
1746,2.65880201842
1747,3.26635408692
1748,1.87140620431
1749,1.97088536855
1750,11.589999717
1751,0.921093727512
1752,0.925104144081
1753,0.924687477425
1754,1.55505204537
1755,2.19744786302
1756,2.55296868767
1757,2.04755203334
1758,1.98645828484
1759,1.96140620211
1760,1.9305207862
1761,1.87843745414
1762,3.60041657877
1763,1.79687495613
1764,1.8038020393
1765,1.83984370508
1766,1.8908853705
1767,1.88296870403
1768,1.94489578585
1769,1.35239580032
1770,1.18682288769
1771,1.18802080433
1772,1.19427080418
1773,1.19578122081
1774,2.01619786744
1775,2.09072911562
1776,2.07281244939
1777,2.03057286709
1778,14.0460413237
1779,2.11640619833
1780,2.12364578149
1781,2.12411453148
1782,2.24119786195
1783,2.27239577785
1784,2.32755202651
1785,2.30937494362
1786,3.73458324216
1787,2.06312494963
1788,2.05973953305
1789,2.06359369962
1790,1.95953120216
1791,1.95437495229
1792,1.90854162007
1793,1.86385412116
1794,1.90973953671
1795,1.89307287045
1796,1.85109370481
1797,2.58067702033
1798,3.13374992349
1799,1.78531245641
1800,1.75307287387
1801,1.73921870754
1802,1.77020829012
1803,1.76906245681
1804,1.77114579009
1805,6.09161443461
1806,10.1806768348
1807,3.09494784111
1808,1.64921870974
1809,1.62364579369
1810,1.62697912695
1811,1.59515621106
1812,1.59072912783
1813,1.7734374567
1814,1.77833328992
1815,1.81708328897
1816,1.86401037116
1817,1.86666662109
1818,1.86630203777
1819,1.90052078693
1820,1.90864578674
1821,7.34432273736
1822,8.49072895937
1823,1.96562495201
1824,1.96416661871
1825,1.93374995279
1826,1.89270828712
1827,2.39213535826
1828,1.89567703705
1829,1.78864578967
1830,1.83624995517
1831,1.84692703824
1832,1.81885412226
1833,1.80562495592
1834,3.0666665918
1835,1.76494787358
1836,1.75140620724
1837,1.77552078999
1838,1.69687495857
1839,1.70708329166
1840,1.66614579266
1841,2.18369786335
1842,1.60812496074
1843,1.62786454359
1844,1.74755204067
1845,1.76526037357
1846,1.80135412269
1847,1.72208329129
1848,0.930104143959
1849,0.929166643982
1850,0.953281226727
1851,1.88921870388
1852,1.93546870275
1853,1.96744786863
1854,1.97151036853
1855,2.09354161555
1856,2.02630203386
1857,2.05843744975
1858,4.15765614849
1859,1.93859370267
1860,1.91328120329
1861,2.01526036747
1862,2.02921870046
1863,2.17161453032
1864,2.06124994968
1865,2.06833328284
1866,2.00078120115
1867,1.99916661786
1868,1.96494786869
1869,1.87880203746
1870,2.76901034906
1871,3.02432284283
1872,1.83796870513
1873,1.82026037223
1874,1.80249995599
1875,1.85697912133
1876,1.83859370511
1877,1.91015620337
1878,1.85999995459
1879,1.97786453505
1880,1.94906245242
1881,1.89520828706
1882,1.87276037094
1883,2.42177077421
1884,1.78322912313
1885,1.81010412247
1886,1.80583328925
1887,1.8051041226
1888,1.87927078745
1889,1.86119787123
1890,1.86947912103
1891,1.93390620279
1892,1.92020828645
1893,1.43499996497
1894,1.16921872145
1895,1.19124997092
1896,1.18567705439
1897,1.19567705414
1898,1.18723955435
1899,1.19322913754
1900,1.19270830421
1901,1.18958330429
1902,2.22447911236
1903,2.10906244851
1904,2.06385411628
1905,0.914583311005
1906,0.947135393543
1907,1.78567703974
1908,2.08739578237
1909,2.04692703336
1910,2.04385411677
1911,0.931093727268
1912,0.930572893948
1913,0.937552060444
1914,1.48317704712
1915,2.08973953231
1916,1.98026036832
1917,1.98557286819
1918,1.89078120384
1919,1.95354161897
1920,1.93958328598
1921,1.82083328888
1922,2.55588535427
1923,2.47557285623
1924,1.75619787379
1925,1.78932287298
1926,1.83401037189
1927,1.82968745533
1928,1.85343745475
1929,2.50041660562
1930,2.52541660501
1931,1.85260412144
1932,1.97614578509
1933,1.8255728721
1934,1.84062495506
1935,1.84526037162
1936,2.65781243511
1937,1.92031245312
1938,2.22442702903
1939,1.9141145366
1940,1.88463537066
1941,1.80546870592
1942,1.80885412251
1943,11.8598434605
1944,1.93484370276
1945,1.94020828596
1946,3.11682284057
1947,1.86786453773
1948,1.82885412202
1949,5.67874986136
1950,11.2680726416
1951,10.7059372386
1952,3.29786450282
1953,1.74119787416
1954,1.72166662463
1955,2.88255201296
1956,1.61093746067
1957,1.6532291263
1958,1.63749996002
1959,1.58307287802
1960,1.58296871135
1961,1.59781246099
1962,1.59093746116
1963,2.31838536007
1964,1.67140620919
1965,1.63776037668
1966,1.58588537795
1967,1.60213537755
1968,1.57276037827
1969,1.56947912835
1970,2.09781244878
1971,1.5580207953
1972,1.56036454524
1973,1.54109371238
1974,1.54026037906
1975,1.54609371225
1976,1.55182287878
1977,2.10994786515
1978,1.55083329547
1979,1.54557287893
1980,1.55317704541
1981,1.53541662918
1982,1.54119787904
1983,1.55265621209
1984,1.54583329559
1985,2.05135411658
1986,1.59104162782
1987,1.58817704456
1988,1.53838537911
1989,1.53567704584
1990,1.63135412684
1991,1.64140620993
1992,2.77817701551
1993,5.68203111128
1994,6.13145818364
1995,0.916979144279
1996,0.931249977264
1997,1.77057287344
1998,1.77171870675
1999,1.74505204073
2000,1.70776037497
2001,1.70807287497
2002,1.70291662509
2003,1.71213537487
2004,1.66937495924
2005,1.63796871001
2006,2.35999994238
2007,1.7627082903
2008,1.75697912377
2009,1.75411454051
2010,1.77416662335
2011,1.81666662231
2012,3.25869783711
2013,2.66864576818
2014,5.34041653629
2015,1.17624997128
2016,1.17036455476
2017,1.18354163777
2018,1.1850520544
2019,1.73093745774
2020,1.17911455455
2021,1.17588538796
2022,1.93656245272
2023,1.92510411967
2024,1.99713536791
2025,2.7117186838
2026,2.59458326999
2027,1.90124995358
2028,1.93869786934
2029,1.89734370368
2030,1.08895830675
2031,0.923020810799
2032,0.937395810448
2033,0.942708310318
2034,1.7817187065
2035,1.98843745145
2036,2.1819791134
2037,1.1904166376
2038,1.1647395549
2039,1.84078120506
2040,2.0112499509
2041,1.18260413779
2042,1.18447913775
2043,1.17468747132
2044,1.17093747141
2045,1.19005205428
2046,1.18046872118
2047,1.18364580444
2048,1.19979163737
2049,1.1865103877
2050,1.19458330417
2051,1.20380205394
2052,1.20124997067
2053,1.20234372065
2054,2.95791659445
2055,3.68989574325
2056,2.02260411729
2057,0.960312476555
2058,0.869114562115
2059,2.16072911391
2060,2.19869786299
2061,2.04489578341
2062,3.26072908706
2063,1.97229161852
2064,1.97041661856
2065,1.92510411967
2066,2.48932285589
2067,1.79687495613
2068,1.75187495723
2069,1.75223954055
2070,1.81244787242
2071,0.935989560482
2072,0.929687477303
2073,0.932552060566
2074,0.926145810722
2075,0.934374977188
2076,1.89593745371
2077,1.90942703672
2078,1.92130203643
2079,1.97416661847
2080,2.7006770174
2081,1.98401036823
2082,2.04255203347
2083,2.06552078291
2084,2.07921869924
2085,10.5613018255
2086,1.19156247091
2087,1.19624997079
2088,1.20531247057
2089,1.2108853871
2090,1.22010413688
2091,2.78927076524
2092,2.21416661261
2093,2.22505202901
2094,2.2105728627
2095,0.882812478447
2096,0.880937478493
2097,1.93609370273
2098,1.24973955282
2099,1.20677080387
2100,1.21218747041
2101,1.21348955371
2102,1.21781247027
2103,1.21718747028
2104,1.21749997028
2105,1.28697913525
2106,1.25057288614
2107,1.2521353861
2108,1.23416663654
2109,1.21864580358
2110,1.57624996152
2111,2.17343744694
2112,2.09281244891
2113,1.18364580444
2114,1.69270829201
2115,1.19416663751
2116,1.18406247109
2117,1.18562497105
2118,1.20963538713
2119,2.00130203447
2120,2.03765620025
2121,1.93765620269
2122,1.89489578707
2123,1.91505203658
2124,1.89124995383
2125,1.93192703617
2126,1.95989578548
2127,3.73442699216
2128,2.0164582841
2129,2.03593745029
2130,2.04723953335
2131,2.09432286554
2132,2.89208326273
2133,2.83442701413
2134,2.1491666142
2135,2.15479161406
2136,2.12718744807
2137,2.13213536461
2138,13.5367705028
2139,2.04817703333
2140,2.12161453154
2141,3.96218740327
2142,1.9074478701
2143,1.9266145363
2144,1.96197911877
2145,1.94182286926
2146,1.77010412345
2147,1.92880203624
2148,1.18020830452
2149,1.18270830446
2150,1.20317705396
2151,2.04822911666
2152,2.05265619989
2153,2.11796869829
2154,2.11114578179
2155,2.11322911507
2156,2.08729161571
2157,2.24947911175
2158,2.21526036258
2159,3.89369782161
2160,2.40130202471
2161,2.52802077161
2162,2.33401035968
2163,2.97843742728
2164,3.81161449028
2165,2.24520827852
2166,2.29442702732
2167,2.34067702619
2168,2.30890619363
2169,3.89557282156
2170,2.39718744147
2171,2.36541660892
2172,2.37520827534
2173,2.36046869237
2174,3.95848948669
2175,5.53380194823
2176,14.7351558903
2177,5.32427070335
2178,2.74312493303
