frame,wall_ms,frame_wait_ms,scene_advance_ms,view_build_ms,render_submit_ms,gpu_valid,gpu_serial,gpu_ms,process_valid,process_cpu_ms,working_set_bytes,private_bytes,vma_valid,vma_allocation_bytes,vma_peak_allocation_bytes,vma_heap_usage_bytes,vma_heap_budget_bytes,raw_instances,visible_instances,culled_instances,lights,depth_draw_calls,shadow_draw_calls,base_draw_calls,lighting_draw_calls,tone_map_draw_calls,legacy_draw_calls,presenter_draw_calls,draw_calls,total_draw_calls,all_draw_calls,dispatch_count,shadow_faces,shadow_cache_hits,shadow_misses,shadow_batches,asset_upload_bytes,dynamic_lighting_upload_bytes,gather_ms,plan_ms,upload_frame_ms
0,4.953,4.527,0.001,0.011,0.043,0,0,,1,0,231604224,286650368,1,70948032,70948032,167755776,38823561584,40,40,0,2,3,0,3,3,1,0,1,9,10,11,1,0,2,0,1,0,6224,0.041,0.09,0.011
1,5.959,5.548,0,0.01,0.058,0,0,,0,,,,0,,,,,40,40,0,2,3,0,3,3,1,0,1,9,10,11,1,0,2,0,1,0,6224,0.04,0.069,0.012
2,6.287,5.928,0,0.011,0.052,0,0,,0,,,,0,,,,,40,40,0,2,3,0,3,3,1,0,1,9,10,11,1,0,2,0,1,0,6224,0.041,0.046,0.009
3,5.605,5.269,0,0.009,0.043,0,0,,0,,,,0,,,,,40,40,0,2,3,0,3,3,1,0,1,9,10,11,1,0,2,0,1,0,6224,0.034,0.057,0.01
4,7.014,6.547,0.001,0.011,0.112,0,0,,0,,,,0,,,,,40,40,0,2,3,0,3,3,1,0,1,9,10,11,1,0,2,0,1,0,6224,0.052,0.046,0.01
5,5.362,4.973,0,0.012,0.046,0,0,,0,,,,0,,,,,40,40,0,2,3,0,3,3,1,0,1,9,10,11,1,0,2,0,1,0,6224,0.054,0.044,0.009
6,5.891,5.456,0.001,0.008,0.124,0,0,,0,,,,0,,,,,40,40,0,2,3,0,3,3,1,0,1,9,10,11,1,0,2,0,1,0,6224,0.024,0.061,0.012
7,7.967,7.586,0.001,0.011,0.055,0,0,,0,,,,0,,,,,40,40,0,2,3,0,3,3,1,0,1,9,10,11,1,0,2,0,1,0,6224,0.042,0.046,0.01
8,7.875,7.404,0.001,0.017,0.048,0,0,,0,,,,0,,,,,40,40,0,2,3,0,3,3,1,0,1,9,10,11,1,0,2,0,1,0,6224,0.077,0.042,0.008
9,22.113,21.77,0,0.008,0.048,0,0,,0,,,,0,,,,,40,40,0,2,3,0,3,3,1,0,1,9,10,11,1,0,2,0,1,0,6224,0.022,0.039,0.01
10,28.876,28.37,0.001,0.012,0.054,0,0,,0,,,,0,,,,,40,40,0,2,3,0,3,3,1,0,1,9,10,11,1,0,2,0,1,0,6224,0.053,0.045,0.011
11,9.078,8.659,0,0.011,0.053,0,0,,0,,,,0,,,,,40,40,0,2,3,0,3,3,1,0,1,9,10,11,1,0,2,0,1,0,6224,0.046,0.073,0.011
12,7.461,6.95,0,0.01,0.058,0,0,,0,,,,0,,,,,40,40,0,2,3,0,3,3,1,0,1,9,10,11,1,0,2,0,1,0,6224,0.046,0.075,0.009
13,5.659,5.253,0,0.01,0.034,0,0,,0,,,,0,,,,,40,40,0,2,3,0,3,3,1,0,1,9,10,11,1,0,2,0,1,0,6224,0.053,0.089,0.01
14,6.842,6.487,0.001,0.011,0.053,0,0,,0,,,,0,,,,,40,40,0,2,3,0,3,3,1,0,1,9,10,11,1,0,2,0,1,0,6224,0.045,0.039,0.009
15,5.351,4.867,0,0.011,0.07,0,0,,0,,,,0,,,,,40,40,0,2,3,0,3,3,1,0,1,9,10,11,1,0,2,0,1,0,6224,0.061,0.104,0.013
16,6.69,6.288,0,0.009,0.064,0,0,,0,,,,0,,,,,40,40,0,2,3,0,3,3,1,0,1,9,10,11,1,0,2,0,1,0,6224,0.043,0.068,0.009
17,3.549,3.136,0.001,0.012,0.028,0,0,,0,,,,0,,,,,40,40,0,2,3,0,3,3,1,0,1,9,10,11,1,0,2,0,1,0,6224,0.056,0.131,0.006
18,3.352,2.969,0.001,0.011,0.037,0,0,,0,,,,0,,,,,40,40,0,2,3,0,3,3,1,0,1,9,10,11,1,0,2,0,1,0,6224,0.059,0.092,0.009
19,3.737,3.31,0,0.011,0.046,0,0,,0,,,,0,,,,,40,40,0,2,3,0,3,3,1,0,1,9,10,11,1,0,2,0,1,0,6224,0.055,0.089,0.012
20,3.018,2.621,0,0.007,0.049,0,0,,0,,,,0,,,,,40,40,0,2,3,0,3,3,1,0,1,9,10,11,1,0,2,0,1,0,6224,0.051,0.066,0.009
21,3.422,3.118,0,0.01,0.037,0,0,,0,,,,0,,,,,40,40,0,2,3,0,3,3,1,0,1,9,10,11,1,0,2,0,1,0,6224,0.044,0.038,0.008
22,4.397,4.063,0,0.012,0.038,0,0,,0,,,,0,,,,,40,40,0,2,3,0,3,3,1,0,1,9,10,11,1,0,2,0,1,0,6224,0.049,0.044,0.008
23,6.193,5.844,0.001,0.01,0.056,0,0,,0,,,,0,,,,,40,40,0,2,3,0,3,3,1,0,1,9,10,11,1,0,2,0,1,0,6224,0.029,0.044,0.009
24,6.401,5.859,0.001,0.013,0.099,0,0,,0,,,,0,,,,,40,40,0,2,3,0,3,3,1,0,1,9,10,11,1,0,2,0,1,0,6224,0.033,0.057,0.077
25,4.773,4.436,0,0.012,0.04,0,0,,0,,,,0,,,,,40,40,0,2,3,0,3,3,1,0,1,9,10,11,1,0,2,0,1,0,6224,0.047,0.055,0.006
26,2.818,2.366,0,0.009,0.059,0,0,,0,,,,0,,,,,40,40,0,2,3,0,3,3,1,0,1,9,10,11,1,0,2,0,1,0,6224,0.058,0.085,0.008
27,2.365,1.942,0.001,0.014,0.038,0,0,,0,,,,0,,,,,40,40,0,2,3,0,3,3,1,0,1,9,10,11,1,0,2,0,1,0,6224,0.028,0.058,0.006
28,2.591,2.365,0,0.007,0.04,0,0,,0,,,,0,,,,,40,40,0,2,3,0,3,3,1,0,1,9,10,11,1,0,2,0,1,0,6224,0.022,0.035,0.004
29,2.279,2.093,0,0.007,0.023,0,0,,0,,,,0,,,,,40,40,0,2,3,0,3,3,1,0,1,9,10,11,1,0,2,0,1,0,6224,0.018,0.027,0.003
30,3.314,3.114,0,0.009,0.022,0,0,,1,31.25,231616512,286650368,1,70948032,70948032,167755776,38823561584,40,40,0,2,3,0,3,3,1,0,1,9,10,11,1,0,2,0,1,0,6224,0.028,0.023,0.003
31,3.143,2.949,0,0.011,0.022,0,0,,0,,,,0,,,,,40,40,0,2,3,0,3,3,1,0,1,9,10,11,1,0,2,0,1,0,6224,0.015,0.028,0.002
32,2.52,2.17,0.001,0.007,0.039,0,0,,0,,,,0,,,,,40,40,0,2,3,0,3,3,1,0,1,9,10,11,1,0,2,0,1,0,6224,0.043,0.072,0.007
33,2.424,2.046,0,0.009,0.053,0,0,,0,,,,0,,,,,40,40,0,2,3,0,3,3,1,0,1,9,10,11,1,0,2,0,1,0,6224,0.036,0.074,0.007
34,2.886,2.565,0.001,0.009,0.033,0,0,,0,,,,0,,,,,40,40,0,2,3,0,3,3,1,0,1,9,10,11,1,0,2,0,1,0,6224,0.087,0.033,0.005
35,2.217,2.028,0,0.005,0.019,0,0,,0,,,,0,,,,,40,40,0,2,3,0,3,3,1,0,1,9,10,11,1,0,2,0,1,0,6224,0.029,0.051,0.004
36,2.824,2.582,0,0.007,0.02,0,0,,0,,,,0,,,,,40,40,0,2,3,0,3,3,1,0,1,9,10,11,1,0,2,0,1,0,6224,0.042,0.063,0.001
37,2.83,2.615,0.001,0.005,0.022,0,0,,0,,,,0,,,,,40,40,0,2,3,0,3,3,1,0,1,9,10,11,1,0,2,0,1,0,6224,0.033,0.083,0.002
38,2.649,2.355,0,0.007,0.045,0,0,,0,,,,0,,,,,40,40,0,2,3,0,3,3,1,0,1,9,10,11,1,0,2,0,1,0,6224,0.033,0.052,0.005
39,3.991,3.597,0,0.009,0.042,0,0,,0,,,,0,,,,,40,40,0,2,3,0,3,3,1,0,1,9,10,11,1,0,2,0,1,0,6224,0.047,0.077,0.01
40,3.227,2.885,0,0.011,0.025,0,0,,0,,,,0,,,,,40,40,0,2,3,0,3,3,1,0,1,9,10,11,1,0,2,0,1,0,6224,0.078,0.035,0.006
41,3.242,3.054,0,0.005,0.04,0,0,,0,,,,0,,,,,40,40,0,2,3,0,3,3,1,0,1,9,10,11,1,0,2,0,1,0,6224,0.018,0.032,0.003
42,3.193,2.875,0,0.008,0.058,0,0,,0,,,,0,,,,,40,40,0,2,3,0,3,3,1,0,1,9,10,11,1,0,2,0,1,0,6224,0.033,0.058,0.005
43,2.065,1.734,0.001,0.006,0.049,0,0,,0,,,,0,,,,,40,40,0,2,3,0,3,3,1,0,1,9,10,11,1,0,2,0,1,0,6224,0.038,0.085,0.006
44,3.259,2.873,0.001,0.008,0.06,0,0,,0,,,,0,,,,,40,40,0,2,3,0,3,3,1,0,1,9,10,11,1,0,2,0,1,0,6224,0.042,0.067,0.009
45,3.736,3.366,0.001,0.007,0.046,0,0,,0,,,,0,,,,,40,40,0,2,3,0,3,3,1,0,1,9,10,11,1,0,2,0,1,0,6224,0.041,0.068,0.008
46,2.918,2.677,0,0.01,0.027,0,0,,0,,,,0,,,,,40,40,0,2,3,0,3,3,1,0,1,9,10,11,1,0,2,0,1,0,6224,0.023,0.035,0.005
47,2.593,2.304,0.001,0.008,0.025,0,0,,0,,,,0,,,,,40,40,0,2,3,0,3,3,1,0,1,9,10,11,1,0,2,0,1,0,6224,0.085,0.044,0.003
48,3.528,3.295,0,0.01,0.022,0,0,,0,,,,0,,,,,40,40,0,2,3,0,3,3,1,0,1,9,10,11,1,0,2,0,1,0,6224,0.05,0.026,0.003
49,2.571,2.236,0,0.006,0.058,0,0,,0,,,,0,,,,,40,40,0,2,3,0,3,3,1,0,1,9,10,11,1,0,2,0,1,0,6224,0.039,0.065,0.006
50,2.941,2.625,0,0.01,0.031,0,0,,0,,,,0,,,,,40,40,0,2,3,0,3,3,1,0,1,9,10,11,1,0,2,0,1,0,6224,0.08,0.036,0.005
51,2.52,2.382,0,0.006,0.014,0,0,,0,,,,0,,,,,40,40,0,2,3,0,3,3,1,0,1,9,10,11,1,0,2,0,1,0,6224,0.023,0.025,0.003
52,3.63,3.355,0,0.01,0.038,0,0,,0,,,,0,,,,,40,40,0,2,3,0,3,3,1,0,1,9,10,11,1,0,2,0,1,0,6224,0.022,0.037,0.004
53,3.001,2.627,0.001,0.008,0.035,0,0,,0,,,,0,,,,,40,40,0,2,3,0,3,3,1,0,1,9,10,11,1,0,2,0,1,0,6224,0.09,0.075,0.008
54,2.366,2.007,0,0.012,0.035,0,0,,0,,,,0,,,,,40,40,0,2,3,0,3,3,1,0,1,9,10,11,1,0,2,0,1,0,6224,0.055,0.094,0.008
55,2.261,2.009,0.001,0.005,0.046,0,0,,0,,,,0,,,,,40,40,0,2,3,0,3,3,1,0,1,9,10,11,1,0,2,0,1,0,6224,0.024,0.041,0.005
56,2.947,2.72,0.001,0.006,0.033,0,0,,0,,,,0,,,,,40,40,0,2,3,0,3,3,1,0,1,9,10,11,1,0,2,0,1,0,6224,0.023,0.033,0.006
57,2.351,2.136,0.001,0.005,0.039,0,0,,0,,,,0,,,,,40,40,0,2,3,0,3,3,1,0,1,9,10,11,1,0,2,0,1,0,6224,0.02,0.033,0.006
58,3.132,2.833,0,0.008,0.033,0,0,,0,,,,0,,,,,40,40,0,2,3,0,3,3,1,0,1,9,10,11,1,0,2,0,1,0,6224,0.039,0.07,0.005
59,5.09,4.77,0.001,0.014,0.039,0,0,,0,,,,0,,,,,40,40,0,2,3,0,3,3,1,0,1,9,10,11,1,0,2,0,1,0,6224,0.039,0.052,0.006
60,2.446,2.032,0,0.008,0.101,0,0,,1,109.375,231624704,286650368,1,70948032,70948032,167755776,38823561584,40,40,0,2,3,0,3,3,1,0,1,9,10,11,1,0,2,0,1,0,6224,0.052,0.082,0.008
61,2.853,2.521,0.001,0.008,0.067,0,0,,0,,,,0,,,,,40,40,0,2,3,0,3,3,1,0,1,9,10,11,1,0,2,0,1,0,6224,0.023,0.051,0.01
62,2.382,2.051,0.001,0.009,0.039,0,0,,0,,,,0,,,,,40,40,0,2,3,0,3,3,1,0,1,9,10,11,1,0,2,0,1,0,6224,0.053,0.07,0.004
63,2.429,2.177,0,0.007,0.031,0,0,,0,,,,0,,,,,40,40,0,2,3,0,3,3,1,0,1,9,10,11,1,0,2,0,1,0,6224,0.036,0.064,0.004
64,3.507,3.254,0,0.009,0.032,0,0,,0,,,,0,,,,,40,40,0,2,3,0,3,3,1,0,1,9,10,11,1,0,2,0,1,0,6224,0.04,0.044,0.004
65,3.302,2.988,0.001,0.018,0.031,0,0,,0,,,,0,,,,,40,40,0,2,3,0,3,3,1,0,1,9,10,11,1,0,2,0,1,0,6224,0.023,0.03,0.006
66,2.189,1.894,0,0.007,0.023,0,0,,0,,,,0,,,,,40,40,0,2,3,0,3,3,1,0,1,9,10,11,1,0,2,0,1,0,6224,0.089,0.045,0.017
67,2.296,1.947,0.001,0.016,0.062,0,0,,0,,,,0,,,,,40,40,0,2,3,0,3,3,1,0,1,9,10,11,1,0,2,0,1,0,6224,0.047,0.038,0.004
68,2.711,2.377,0,0.011,0.023,0,0,,0,,,,0,,,,,40,40,0,2,3,0,3,3,1,0,1,9,10,11,1,0,2,0,1,0,6224,0.062,0.096,0.003
69,3.189,2.892,0.001,0.004,0.049,0,0,,0,,,,0,,,,,40,40,0,2,3,0,3,3,1,0,1,9,10,11,1,0,2,0,1,0,6224,0.021,0.079,0.006
70,2.636,2.252,0,0.011,0.045,0,0,,0,,,,0,,,,,40,40,0,2,3,0,3,3,1,0,1,9,10,11,1,0,2,0,1,0,6224,0.045,0.073,0.009
71,2.066,1.8,0,0.011,0.032,0,0,,0,,,,0,,,,,40,40,0,2,3,0,3,3,1,0,1,9,10,11,1,0,2,0,1,0,6224,0.026,0.053,0.006
72,4.404,4.104,0,0.008,0.032,0,0,,0,,,,0,,,,,40,40,0,2,3,0,3,3,1,0,1,9,10,11,1,0,2,0,1,0,6224,0.04,0.065,0.006
73,3.74,3.443,0,0.008,0.056,0,0,,0,,,,0,,,,,40,40,0,2,3,0,3,3,1,0,1,9,10,11,1,0,2,0,1,0,6224,0.023,0.038,0.007
74,4.113,3.751,0,0.007,0.041,0,0,,0,,,,0,,,,,40,40,0,2,3,0,3,3,1,0,1,9,10,11,1,0,2,0,1,0,6224,0.046,0.078,0.007
75,4.759,4.486,0,0.006,0.027,0,0,,0,,,,0,,,,,40,40,0,2,3,0,3,3,1,0,1,9,10,11,1,0,2,0,1,0,6224,0.042,0.07,0.005
76,3.813,3.516,0,0.009,0.036,0,0,,0,,,,0,,,,,40,40,0,2,3,0,3,3,1,0,1,9,10,11,1,0,2,0,1,0,6224,0.044,0.056,0.005
77,2.8,2.533,0.001,0.004,0.038,0,0,,0,,,,0,,,,,40,40,0,2,3,0,3,3,1,0,1,9,10,11,1,0,2,0,1,0,6224,0.021,0.074,0.006
78,2.366,1.985,0.001,0.012,0.051,0,0,,0,,,,0,,,,,40,40,0,2,3,0,3,3,1,0,1,9,10,11,1,0,2,0,1,0,6224,0.044,0.071,0.007
79,2.373,2.143,0,0.004,0.029,0,0,,0,,,,0,,,,,40,40,0,2,3,0,3,3,1,0,1,9,10,11,1,0,2,0,1,0,6224,0.032,0.055,0.004
80,2.892,2.607,0,0.012,0.028,0,0,,0,,,,0,,,,,40,40,0,2,3,0,3,3,1,0,1,9,10,11,1,0,2,0,1,0,6224,0.05,0.047,0.004
81,2.37,2.13,0,0.007,0.04,0,0,,0,,,,0,,,,,40,40,0,2,3,0,3,3,1,0,1,9,10,11,1,0,2,0,1,0,6224,0.033,0.058,0.003
82,2.268,2.063,0,0.006,0.024,0,0,,0,,,,0,,,,,40,40,0,2,3,0,3,3,1,0,1,9,10,11,1,0,2,0,1,0,6224,0.029,0.051,0.003
83,2.329,2.046,0,0.009,0.03,0,0,,0,,,,0,,,,,40,40,0,2,3,0,3,3,1,0,1,9,10,11,1,0,2,0,1,0,6224,0.035,0.05,0.005
84,2.675,2.42,0,0.006,0.045,0,0,,0,,,,0,,,,,40,40,0,2,3,0,3,3,1,0,1,9,10,11,1,0,2,0,1,0,6224,0.024,0.039,0.006
85,2.333,1.989,0,0.007,0.043,0,0,,0,,,,0,,,,,40,40,0,2,3,0,3,3,1,0,1,9,10,11,1,0,2,0,1,0,6224,0.04,0.062,0.006
86,2.187,1.99,0,0.009,0.028,0,0,,0,,,,0,,,,,40,40,0,2,3,0,3,3,1,0,1,9,10,11,1,0,2,0,1,0,6224,0.022,0.028,0.004
87,4.941,4.674,0,0.007,0.025,0,0,,0,,,,0,,,,,40,40,0,2,3,0,3,3,1,0,1,9,10,11,1,0,2,0,1,0,6224,0.042,0.066,0.005
88,2.223,2.042,0,0.005,0.032,0,0,,0,,,,0,,,,,40,40,0,2,3,0,3,3,1,0,1,9,10,11,1,0,2,0,1,0,6224,0.025,0.046,0.002
89,3.859,3.518,0,0.009,0.039,0,0,,0,,,,0,,,,,40,40,0,2,3,0,3,3,1,0,1,9,10,11,1,0,2,0,1,0,6224,0.039,0.071,0.009
90,3.119,2.848,0,0.006,0.036,0,0,,1,125,231632896,286650368,1,70948032,70948032,167755776,38823561584,40,40,0,2,3,0,3,3,1,0,1,9,10,11,1,0,2,0,1,0,6224,0.035,0.06,0.005
91,3.36,3.14,0,0.005,0.038,0,0,,0,,,,0,,,,,40,40,0,2,3,0,3,3,1,0,1,9,10,11,1,0,2,0,1,0,6224,0.031,0.05,0.003
92,3.101,2.902,0,0.004,0.032,0,0,,0,,,,0,,,,,40,40,0,2,3,0,3,3,1,0,1,9,10,11,1,0,2,0,1,0,6224,0.028,0.066,0.003
93,2.793,2.393,0,0.015,0.043,0,0,,0,,,,0,,,,,40,40,0,2,3,0,3,3,1,0,1,9,10,11,1,0,2,0,1,0,6224,0.047,0.077,0.009
94,2.97,2.655,0,0.01,0.029,0,0,,0,,,,0,,,,,40,40,0,2,3,0,3,3,1,0,1,9,10,11,1,0,2,0,1,0,6224,0.045,0.073,0.006
95,3.559,3.229,0,0.007,0.04,0,0,,0,,,,0,,,,,40,40,0,2,3,0,3,3,1,0,1,9,10,11,1,0,2,0,1,0,6224,0.04,0.063,0.006
96,2.919,2.709,0.001,0.005,0.026,0,0,,0,,,,0,,,,,40,40,0,2,3,0,3,3,1,0,1,9,10,11,1,0,2,0,1,0,6224,0.03,0.051,0.003
97,3.258,2.924,0,0.006,0.043,0,0,,0,,,,0,,,,,40,40,0,2,3,0,3,3,1,0,1,9,10,11,1,0,2,0,1,0,6224,0.031,0.073,0.009
98,3.973,3.849,0,0.003,0.027,0,0,,0,,,,0,,,,,40,40,0,2,3,0,3,3,1,0,1,9,10,11,1,0,2,0,1,0,6224,0.015,0.027,0.002
99,6.455,6.157,0.001,0.01,0.049,0,0,,0,,,,0,,,,,40,40,0,2,3,0,3,3,1,0,1,9,10,11,1,0,2,0,1,0,6224,0.024,0.035,0.011
100,3.112,2.799,0.001,0.008,0.028,0,0,,0,,,,0,,,,,40,40,0,2,3,0,3,3,1,0,1,9,10,11,1,0,2,0,1,0,6224,0.044,0.07,0.009
101,3.21,2.923,0,0.011,0.025,0,0,,0,,,,0,,,,,40,40,0,2,3,0,3,3,1,0,1,9,10,11,1,0,2,0,1,0,6224,0.04,0.061,0.007
102,2.888,2.665,0,0.006,0.027,0,0,,0,,,,0,,,,,40,40,0,2,3,0,3,3,1,0,1,9,10,11,1,0,2,0,1,0,6224,0.032,0.059,0.004
103,2.335,2.042,0,0.005,0.029,0,0,,0,,,,0,,,,,40,40,0,2,3,0,3,3,1,0,1,9,10,11,1,0,2,0,1,0,6224,0.085,0.045,0.004
104,2.904,2.684,0,0.007,0.038,0,0,,0,,,,0,,,,,40,40,0,2,3,0,3,3,1,0,1,9,10,11,1,0,2,0,1,0,6224,0.022,0.033,0.006
105,2.601,2.358,0,0.006,0.041,0,0,,0,,,,0,,,,,40,40,0,2,3,0,3,3,1,0,1,9,10,11,1,0,2,0,1,0,6224,0.031,0.054,0.004
106,3.37,3.047,0,0.007,0.022,0,0,,0,,,,0,,,,,40,40,0,2,3,0,3,3,1,0,1,9,10,11,1,0,2,0,1,0,6224,0.051,0.093,0.006
107,3.034,2.828,0,0.005,0.035,0,0,,0,,,,0,,,,,40,40,0,2,3,0,3,3,1,0,1,9,10,11,1,0,2,0,1,0,6224,0.03,0.052,0.003
108,2.736,2.529,0,0.005,0.025,0,0,,0,,,,0,,,,,40,40,0,2,3,0,3,3,1,0,1,9,10,11,1,0,2,0,1,0,6224,0.036,0.063,0.003
109,2.642,2.345,0,0.008,0.04,0,0,,0,,,,0,,,,,40,40,0,2,3,0,3,3,1,0,1,9,10,11,1,0,2,0,1,0,6224,0.035,0.057,0.008
110,3.86,3.526,0.001,0.007,0.042,0,0,,0,,,,0,,,,,40,40,0,2,3,0,3,3,1,0,1,9,10,11,1,0,2,0,1,0,6224,0.041,0.055,0.006
111,3.034,2.743,0,0.006,0.043,0,0,,0,,,,0,,,,,40,40,0,2,3,0,3,3,1,0,1,9,10,11,1,0,2,0,1,0,6224,0.039,0.068,0.005
112,3.326,3.085,0,0.006,0.031,0,0,,0,,,,0,,,,,40,40,0,2,3,0,3,3,1,0,1,9,10,11,1,0,2,0,1,0,6224,0.032,0.061,0.004
113,3.176,2.945,0,0.005,0.046,0,0,,0,,,,0,,,,,40,40,0,2,3,0,3,3,1,0,1,9,10,11,1,0,2,0,1,0,6224,0.028,0.051,0.004
114,2.417,2.113,0,0.008,0.05,0,0,,0,,,,0,,,,,40,40,0,2,3,0,3,3,1,0,1,9,10,11,1,0,2,0,1,0,6224,0.042,0.055,0.004
115,2.901,2.609,0.001,0.006,0.029,0,0,,0,,,,0,,,,,40,40,0,2,3,0,3,3,1,0,1,9,10,11,1,0,2,0,1,0,6224,0.076,0.035,0.006
116,2.674,2.42,0.001,0.007,0.028,0,0,,0,,,,0,,,,,40,40,0,2,3,0,3,3,1,0,1,9,10,11,1,0,2,0,1,0,6224,0.033,0.054,0.005
117,3.255,2.892,0,0.007,0.081,0,0,,0,,,,0,,,,,40,40,0,2,3,0,3,3,1,0,1,9,10,11,1,0,2,0,1,0,6224,0.05,0.092,0.004
118,2.404,2.193,0,0.007,0.032,0,0,,0,,,,0,,,,,40,40,0,2,3,0,3,3,1,0,1,9,10,11,1,0,2,0,1,0,6224,0.035,0.031,0.003
119,2.455,2.151,0,0.009,0.029,0,0,,0,,,,0,,,,,40,40,0,2,3,0,3,3,1,0,1,9,10,11,1,0,2,0,1,0,6224,0.035,0.072,0.006
120,2.244,2.046,0,0.005,0.031,0,0,,1,156.25,231641088,286650368,1,70948032,70948032,167755776,38823561584,40,40,0,2,3,0,3,3,1,0,1,9,10,11,1,0,2,0,1,0,6224,0.028,0.048,0.003
121,3.081,2.749,0.001,0.007,0.041,0,0,,0,,,,0,,,,,40,40,0,2,3,0,3,3,1,0,1,9,10,11,1,0,2,0,1,0,6224,0.023,0.066,0.009
122,5.788,5.595,0.001,0.004,0.032,0,0,,0,,,,0,,,,,40,40,0,2,3,0,3,3,1,0,1,9,10,11,1,0,2,0,1,0,6224,0.018,0.031,0.005
123,5.317,4.992,0,0.009,0.028,0,0,,0,,,,0,,,,,40,40,0,2,3,0,3,3,1,0,1,9,10,11,1,0,2,0,1,0,6224,0.061,0.04,0.005
124,3.605,3.285,0,0.005,0.028,0,0,,0,,,,0,,,,,40,40,0,2,3,0,3,3,1,0,1,9,10,11,1,0,2,0,1,0,6224,0.092,0.031,0.005
125,3.828,3.504,0.001,0.007,0.054,0,0,,0,,,,0,,,,,40,40,0,2,3,0,3,3,1,0,1,9,10,11,1,0,2,0,1,0,6224,0.022,0.033,0.008
126,3.252,2.968,0,0.009,0.043,0,0,,0,,,,0,,,,,40,40,0,2,3,0,3,3,1,0,1,9,10,11,1,0,2,0,1,0,6224,0.019,0.031,0.005
127,4.038,3.662,0.001,0.014,0.045,0,0,,0,,,,0,,,,,40,40,0,2,3,0,3,3,1,0,1,9,10,11,1,0,2,0,1,0,6224,0.062,0.074,0.005
128,4.959,4.635,0,0.008,0.073,0,0,,0,,,,0,,,,,40,40,0,2,3,0,3,3,1,0,1,9,10,11,1,0,2,0,1,0,6224,0.032,0.054,0.006
129,5.874,5.574,0.001,0.009,0.03,0,0,,0,,,,0,,,,,40,40,0,2,3,0,3,3,1,0,1,9,10,11,1,0,2,0,1,0,6224,0.034,0.055,0.008
130,3.845,3.526,0,0.007,0.039,0,0,,0,,,,0,,,,,40,40,0,2,3,0,3,3,1,0,1,9,10,11,1,0,2,0,1,0,6224,0.038,0.064,0.007
131,2.594,2.32,0.001,0.009,0.031,0,0,,0,,,,0,,,,,40,40,0,2,3,0,3,3,1,0,1,9,10,11,1,0,2,0,1,0,6224,0.05,0.035,0.004
132,2.66,2.448,0,0.005,0.033,0,0,,0,,,,0,,,,,40,40,0,2,3,0,3,3,1,0,1,9,10,11,1,0,2,0,1,0,6224,0.031,0.051,0.004
133,3.896,3.597,0,0.007,0.049,0,0,,0,,,,0,,,,,40,40,0,2,3,0,3,3,1,0,1,9,10,11,1,0,2,0,1,0,6224,0.034,0.057,0.008
134,3.217,3.021,0.001,0.005,0.03,0,0,,0,,,,0,,,,,40,40,0,2,3,0,3,3,1,0,1,9,10,11,1,0,2,0,1,0,6224,0.019,0.03,0.005
135,4.813,4.441,0,0.006,0.036,0,0,,0,,,,0,,,,,40,40,0,2,3,0,3,3,1,0,1,9,10,11,1,0,2,0,1,0,6224,0.053,0.049,0.006
136,3.686,3.402,0,0.005,0.041,0,0,,0,,,,0,,,,,40,40,0,2,3,0,3,3,1,0,1,9,10,11,1,0,2,0,1,0,6224,0.025,0.04,0.006
137,6.209,5.884,0,0.009,0.077,0,0,,0,,,,0,,,,,40,40,0,2,3,0,3,3,1,0,1,9,10,11,1,0,2,0,1,0,6224,0.024,0.037,0.009
138,5.503,5.202,0,0.007,0.024,0,0,,0,,,,0,,,,,40,40,0,2,3,0,3,3,1,0,1,9,10,11,1,0,2,0,1,0,6224,0.033,0.056,0.006
139,4.429,4.172,0.001,0.008,0.027,0,0,,0,,,,0,,,,,40,40,0,2,3,0,3,3,1,0,1,9,10,11,1,0,2,0,1,0,6224,0.049,0.026,0.004
140,2.852,2.382,0.001,0.015,0.041,0,0,,0,,,,0,,,,,40,40,0,2,3,0,3,3,1,0,1,9,10,11,1,0,2,0,1,0,6224,0.054,0.086,0.046
141,3.573,3.278,0.001,0.007,0.041,0,0,,0,,,,0,,,,,40,40,0,2,3,0,3,3,1,0,1,9,10,11,1,0,2,0,1,0,6224,0.041,0.049,0.006
142,3.019,2.775,0.001,0.005,0.045,0,0,,0,,,,0,,,,,40,40,0,2,3,0,3,3,1,0,1,9,10,11,1,0,2,0,1,0,6224,0.025,0.043,0.005
143,2.771,2.38,0.001,0.01,0.062,0,0,,0,,,,0,,,,,40,40,0,2,3,0,3,3,1,0,1,9,10,11,1,0,2,0,1,0,6224,0.039,0.065,0.008
144,2.338,1.906,0,0.009,0.045,0,0,,0,,,,0,,,,,40,40,0,2,3,0,3,3,1,0,1,9,10,11,1,0,2,0,1,0,6224,0.045,0.062,0.005
145,2.249,1.904,0,0.011,0.034,0,0,,0,,,,0,,,,,40,40,0,2,3,0,3,3,1,0,1,9,10,11,1,0,2,0,1,0,6224,0.051,0.082,0.009
146,2.819,2.615,0,0.004,0.037,0,0,,0,,,,0,,,,,40,40,0,2,3,0,3,3,1,0,1,9,10,11,1,0,2,0,1,0,6224,0.022,0.036,0.005
147,3.818,3.585,0,0.006,0.04,0,0,,0,,,,0,,,,,40,40,0,2,3,0,3,3,1,0,1,9,10,11,1,0,2,0,1,0,6224,0.023,0.033,0.006
148,3.166,2.888,0,0.009,0.036,0,0,,0,,,,0,,,,,40,40,0,2,3,0,3,3,1,0,1,9,10,11,1,0,2,0,1,0,6224,0.027,0.034,0.007
149,5.337,4.976,0,0.008,0.038,0,0,,0,,,,0,,,,,40,40,0,2,3,0,3,3,1,0,1,9,10,11,1,0,2,0,1,0,6224,0.045,0.076,0.007
150,2.723,2.543,0,0.006,0.028,0,0,,1,171.875,231649280,286650368,1,70948032,70948032,167755776,38823561584,40,40,0,2,3,0,3,3,1,0,1,9,10,11,1,0,2,0,1,0,6224,0.018,0.033,0.003
151,3.834,3.569,0,0.006,0.045,0,0,,0,,,,0,,,,,40,40,0,2,3,0,3,3,1,0,1,9,10,11,1,0,2,0,1,0,6224,0.019,0.03,0.005
152,3.216,2.915,0,0.009,0.031,0,0,,0,,,,0,,,,,40,40,0,2,3,0,3,3,1,0,1,9,10,11,1,0,2,0,1,0,6224,0.049,0.048,0.005
153,3.441,3.133,0,0.007,0.054,0,0,,0,,,,0,,,,,40,40,0,2,3,0,3,3,1,0,1,9,10,11,1,0,2,0,1,0,6224,0.043,0.05,0.005
154,3.53,3.274,0,0.004,0.047,0,0,,0,,,,0,,,,,40,40,0,2,3,0,3,3,1,0,1,9,10,11,1,0,2,0,1,0,6224,0.016,0.069,0.005
155,4.307,3.992,0.001,0.006,0.041,0,0,,0,,,,0,,,,,40,40,0,2,3,0,3,3,1,0,1,9,10,11,1,0,2,0,1,0,6224,0.032,0.045,0.007
156,7.44,7.161,0,0.008,0.038,0,0,,0,,,,0,,,,,40,40,0,2,3,0,3,3,1,0,1,9,10,11,1,0,2,0,1,0,6224,0.022,0.037,0.009
157,6.034,5.726,0,0.012,0.029,0,0,,0,,,,0,,,,,40,40,0,2,3,0,3,3,1,0,1,9,10,11,1,0,2,0,1,0,6224,0.053,0.034,0.007
158,3.584,3.196,0,0.014,0.037,0,0,,0,,,,0,,,,,40,40,0,2,3,0,3,3,1,0,1,9,10,11,1,0,2,0,1,0,6224,0.08,0.043,0.004
159,2.752,2.499,0,0.006,0.039,0,0,,0,,,,0,,,,,40,40,0,2,3,0,3,3,1,0,1,9,10,11,1,0,2,0,1,0,6224,0.025,0.04,0.007
160,3.041,2.761,0.001,0.015,0.029,0,0,,0,,,,0,,,,,40,40,0,2,3,0,3,3,1,0,1,9,10,11,1,0,2,0,1,0,6224,0.026,0.031,0.008
161,5.313,5.007,0.001,0.007,0.027,0,0,,0,,,,0,,,,,40,40,0,2,3,0,3,3,1,0,1,9,10,11,1,0,2,0,1,0,6224,0.049,0.079,0.007
162,2.901,2.665,0,0.007,0.026,0,0,,0,,,,0,,,,,40,40,0,2,3,0,3,3,1,0,1,9,10,11,1,0,2,0,1,0,6224,0.038,0.056,0.003
163,2.464,2.126,0,0.008,0.046,0,0,,0,,,,0,,,,,40,40,0,2,3,0,3,3,1,0,1,9,10,11,1,0,2,0,1,0,6224,0.042,0.073,0.005
164,3.04,2.695,0,0.009,0.051,0,0,,0,,,,0,,,,,40,40,0,2,3,0,3,3,1,0,1,9,10,11,1,0,2,0,1,0,6224,0.032,0.049,0.009
165,2.283,2.016,0,0.007,0.037,0,0,,0,,,,0,,,,,40,40,0,2,3,0,3,3,1,0,1,9,10,11,1,0,2,0,1,0,6224,0.027,0.044,0.007
166,2.678,2.448,0,0.005,0.043,0,0,,0,,,,0,,,,,40,40,0,2,3,0,3,3,1,0,1,9,10,11,1,0,2,0,1,0,6224,0.021,0.039,0.005
167,11.276,10.912,0,0.011,0.045,0,0,,0,,,,0,,,,,40,40,0,2,3,0,3,3,1,0,1,9,10,11,1,0,2,0,1,0,6224,0.044,0.044,0.009
168,5.548,5.213,0.001,0.008,0.043,0,0,,0,,,,0,,,,,40,40,0,2,3,0,3,3,1,0,1,9,10,11,1,0,2,0,1,0,6224,0.025,0.039,0.039
169,5.63,5.372,0,0.009,0.044,0,0,,0,,,,0,,,,,40,40,0,2,3,0,3,3,1,0,1,9,10,11,1,0,2,0,1,0,6224,0.023,0.036,0.006
170,7.613,7.277,0.001,0.011,0.044,0,0,,0,,,,0,,,,,40,40,0,2,3,0,3,3,1,0,1,9,10,11,1,0,2,0,1,0,6224,0.044,0.04,0.007
171,3.937,3.619,0,0.009,0.033,0,0,,0,,,,0,,,,,40,40,0,2,3,0,3,3,1,0,1,9,10,11,1,0,2,0,1,0,6224,0.038,0.062,0.01
172,3.591,3.198,0.001,0.007,0.075,0,0,,0,,,,0,,,,,40,40,0,2,3,0,3,3,1,0,1,9,10,11,1,0,2,0,1,0,6224,0.04,0.069,0.01
173,3.103,2.855,0,0.005,0.064,0,0,,0,,,,0,,,,,40,40,0,2,3,0,3,3,1,0,1,9,10,11,1,0,2,0,1,0,6224,0.02,0.034,0.005
174,7.009,6.699,0,0.009,0.051,0,0,,0,,,,0,,,,,40,40,0,2,3,0,3,3,1,0,1,9,10,11,1,0,2,0,1,0,6224,0.026,0.04,0.009
175,6.852,6.451,0.001,0.011,0.047,0,0,,0,,,,0,,,,,40,40,0,2,3,0,3,3,1,0,1,9,10,11,1,0,2,0,1,0,6224,0.054,0.071,0.009
176,9.446,9.097,0,0.014,0.042,0,0,,0,,,,0,,,,,40,40,0,2,3,0,3,3,1,0,1,9,10,11,1,0,2,0,1,0,6224,0.022,0.036,0.01
177,7.003,6.709,0,0.008,0.054,0,0,,0,,,,0,,,,,40,40,0,2,3,0,3,3,1,0,1,9,10,11,1,0,2,0,1,0,6224,0.025,0.04,0.009
178,6.623,6.176,0,0.011,0.074,0,0,,0,,,,0,,,,,40,40,0,2,3,0,3,3,1,0,1,9,10,11,1,0,2,0,1,0,6224,0.03,0.048,0.009
179,7.63,7.336,0.001,0.008,0.048,0,0,,0,,,,0,,,,,40,40,0,2,3,0,3,3,1,0,1,9,10,11,1,0,2,0,1,0,6224,0.023,0.035,0.009
180,6.227,5.867,0.001,0.008,0.054,0,0,,1,187.5,231657472,286650368,1,70948032,70948032,167755776,38823561584,40,40,0,2,3,0,3,3,1,0,1,9,10,11,1,0,2,0,1,0,6224,0.042,0.068,0.011
181,6.842,6.434,0,0.012,0.054,0,0,,0,,,,0,,,,,40,40,0,2,3,0,3,3,1,0,1,9,10,11,1,0,2,0,1,0,6224,0.051,0.077,0.009
182,3.183,2.857,0,0.005,0.051,0,0,,0,,,,0,,,,,40,40,0,2,3,0,3,3,1,0,1,9,10,11,1,0,2,0,1,0,6224,0.022,0.064,0.01
183,5.588,5.34,0,0.005,0.052,0,0,,0,,,,0,,,,,40,40,0,2,3,0,3,3,1,0,1,9,10,11,1,0,2,0,1,0,6224,0.021,0.039,0.006
184,3.817,3.456,0.001,0.011,0.041,0,0,,0,,,,0,,,,,40,40,0,2,3,0,3,3,1,0,1,9,10,11,1,0,2,0,1,0,6224,0.042,0.06,0.01
185,3.237,2.988,0,0.005,0.031,0,0,,0,,,,0,,,,,40,40,0,2,3,0,3,3,1,0,1,9,10,11,1,0,2,0,1,0,6224,0.022,0.037,0.004
186,3.795,3.499,0,0.008,0.024,0,0,,0,,,,0,,,,,40,40,0,2,3,0,3,3,1,0,1,9,10,11,1,0,2,0,1,0,6224,0.045,0.056,0.003
187,5.318,5.06,0,0.005,0.038,0,0,,0,,,,0,,,,,40,40,0,2,3,0,3,3,1,0,1,9,10,11,1,0,2,0,1,0,6224,0.018,0.03,0.004
188,6.249,5.907,0.001,0.013,0.048,0,0,,0,,,,0,,,,,40,40,0,2,3,0,3,3,1,0,1,9,10,11,1,0,2,0,1,0,6224,0.026,0.045,0.011
189,4.885,4.574,0,0.01,0.042,0,0,,0,,,,0,,,,,40,40,0,2,3,0,3,3,1,0,1,9,10,11,1,0,2,0,1,0,6224,0.025,0.041,0.011
190,6.204,5.849,0.001,0.012,0.056,0,0,,0,,,,0,,,,,40,40,0,2,3,0,3,3,1,0,1,9,10,11,1,0,2,0,1,0,6224,0.031,0.049,0.009
191,6.265,5.933,0.001,0.008,0.053,0,0,,0,,,,0,,,,,40,40,0,2,3,0,3,3,1,0,1,9,10,11,1,0,2,0,1,0,6224,0.028,0.045,0.01
192,14.286,13.934,0.001,0.01,0.049,0,0,,0,,,,0,,,,,40,40,0,2,3,0,3,3,1,0,1,9,10,11,1,0,2,0,1,0,6224,0.03,0.048,0.01
193,23.42,22.972,0,0.013,0.045,0,0,,0,,,,0,,,,,40,40,0,2,3,0,3,3,1,0,1,9,10,11,1,0,2,0,1,0,6224,0.064,0.078,0.009
194,5.931,5.685,0,0.007,0.038,0,0,,0,,,,0,,,,,40,40,0,2,3,0,3,3,1,0,1,9,10,11,1,0,2,0,1,0,6224,0.023,0.039,0.007
195,7.174,6.78,0,0.013,0.054,0,0,,0,,,,0,,,,,40,40,0,2,3,0,3,3,1,0,1,9,10,11,1,0,2,0,1,0,6224,0.047,0.054,0.008
196,13.944,13.483,0,0.009,0.058,0,0,,0,,,,0,,,,,40,40,0,2,3,0,3,3,1,0,1,9,10,11,1,0,2,0,1,0,6224,0.09,0.049,0.01
197,5.403,5.118,0,0.009,0.039,0,0,,0,,,,0,,,,,40,40,0,2,3,0,3,3,1,0,1,9,10,11,1,0,2,0,1,0,6224,0.021,0.037,0.009
198,6.25,5.831,0.001,0.011,0.045,0,0,,0,,,,0,,,,,40,40,0,2,3,0,3,3,1,0,1,9,10,11,1,0,2,0,1,0,6224,0.046,0.077,0.011
199,6.11,5.689,0.001,0.013,0.049,0,0,,0,,,,0,,,,,40,40,0,2,3,0,3,3,1,0,1,9,10,11,1,0,2,0,1,0,6224,0.055,0.049,0.009
200,5.365,4.95,0.001,0.013,0.048,0,0,,0,,,,0,,,,,40,40,0,2,3,0,3,3,1,0,1,9,10,11,1,0,2,0,1,0,6224,0.058,0.05,0.009
201,6.652,6.245,0.001,0.01,0.072,0,0,,0,,,,0,,,,,40,40,0,2,3,0,3,3,1,0,1,9,10,11,1,0,2,0,1,0,6224,0.031,0.058,0.011
202,29.659,29.266,0,0.012,0.049,0,0,,0,,,,0,,,,,40,40,0,2,3,0,3,3,1,0,1,9,10,11,1,0,2,0,1,0,6224,0.043,0.069,0.012
203,6.069,5.652,0,0.012,0.05,0,0,,0,,,,0,,,,,40,40,0,2,3,0,3,3,1,0,1,9,10,11,1,0,2,0,1,0,6224,0.04,0.067,0.011
204,7.488,7.066,0.001,0.011,0.046,0,0,,0,,,,0,,,,,40,40,0,2,3,0,3,3,1,0,1,9,10,11,1,0,2,0,1,0,6224,0.058,0.083,0.008
205,6.322,5.937,0.001,0.009,0.037,0,0,,0,,,,0,,,,,40,40,0,2,3,0,3,3,1,0,1,9,10,11,1,0,2,0,1,0,6224,0.049,0.085,0.008
206,7.501,7.133,0.001,0.01,0.047,0,0,,0,,,,0,,,,,40,40,0,2,3,0,3,3,1,0,1,9,10,11,1,0,2,0,1,0,6224,0.055,0.054,0.009
207,2.899,2.67,0,0.007,0.032,0,0,,0,,,,0,,,,,40,40,0,2,3,0,3,3,1,0,1,9,10,11,1,0,2,0,1,0,6224,0.028,0.051,0.006
208,3.493,3.068,0.001,0.017,0.04,0,0,,0,,,,0,,,,,40,40,0,2,3,0,3,3,1,0,1,9,10,11,1,0,2,0,1,0,6224,0.049,0.076,0.013
209,3.825,3.465,0.001,0.01,0.045,0,0,,0,,,,0,,,,,40,40,0,2,3,0,3,3,1,0,1,9,10,11,1,0,2,0,1,0,6224,0.037,0.047,0.009
210,4.353,3.974,0,0.01,0.03,0,0,,1,218.75,231665664,286650368,1,70948032,70948032,167755776,38823561584,40,40,0,2,3,0,3,3,1,0,1,9,10,11,1,0,2,0,1,0,6224,0.043,0.095,0.009
211,5.48,5.165,0,0.012,0.031,0,0,,0,,,,0,,,,,40,40,0,2,3,0,3,3,1,0,1,9,10,11,1,0,2,0,1,0,6224,0.053,0.054,0.006
212,5.862,5.444,0.001,0.009,0.05,0,0,,0,,,,0,,,,,40,40,0,2,3,0,3,3,1,0,1,9,10,11,1,0,2,0,1,0,6224,0.051,0.09,0.009
213,6.067,5.579,0,0.015,0.047,0,0,,0,,,,0,,,,,40,40,0,2,3,0,3,3,1,0,1,9,10,11,1,0,2,0,1,0,6224,0.071,0.106,0.008
214,5.191,4.893,0.001,0.008,0.034,0,0,,0,,,,0,,,,,40,40,0,2,3,0,3,3,1,0,1,9,10,11,1,0,2,0,1,0,6224,0.032,0.054,0.007
215,5.563,5.201,0,0.009,0.052,0,0,,0,,,,0,,,,,40,40,0,2,3,0,3,3,1,0,1,9,10,11,1,0,2,0,1,0,6224,0.043,0.056,0.008
216,5.67,5.252,0.001,0.009,0.046,0,0,,0,,,,0,,,,,40,40,0,2,3,0,3,3,1,0,1,9,10,11,1,0,2,0,1,0,6224,0.047,0.076,0.01
217,9.252,8.819,0,0.01,0.054,0,0,,0,,,,0,,,,,40,40,0,2,3,0,3,3,1,0,1,9,10,11,1,0,2,0,1,0,6224,0.033,0.058,0.046
218,6.855,6.418,0,0.01,0.054,0,0,,0,,,,0,,,,,40,40,0,2,3,0,3,3,1,0,1,9,10,11,1,0,2,0,1,0,6224,0.047,0.079,0.011
219,6.107,5.872,0,0.006,0.034,0,0,,0,,,,0,,,,,40,40,0,2,3,0,3,3,1,0,1,9,10,11,1,0,2,0,1,0,6224,0.031,0.054,0.004
220,6.908,6.203,0.001,0.021,0.1,0,0,,0,,,,0,,,,,40,40,0,2,3,0,3,3,1,0,1,9,10,11,1,0,2,0,1,0,6224,0.045,0.068,0.012
221,6.38,5.987,0.001,0.013,0.05,0,0,,0,,,,0,,,,,40,40,0,2,3,0,3,3,1,0,1,9,10,11,1,0,2,0,1,0,6224,0.044,0.069,0.011
222,6.44,5.95,0.001,0.014,0.047,0,0,,0,,,,0,,,,,40,40,0,2,3,0,3,3,1,0,1,9,10,11,1,0,2,0,1,0,6224,0.037,0.143,0.012
223,28.688,27.885,0.001,0.013,0.385,0,0,,0,,,,0,,,,,40,40,0,2,3,0,3,3,1,0,1,9,10,11,1,0,2,0,1,0,6224,0.108,0.068,0.01
224,5.075,4.749,0.001,0.009,0.039,0,0,,0,,,,0,,,,,40,40,0,2,3,0,3,3,1,0,1,9,10,11,1,0,2,0,1,0,6224,0.044,0.05,0.006
225,5.558,5.223,0,0.01,0.049,0,0,,0,,,,0,,,,,40,40,0,2,3,0,3,3,1,0,1,9,10,11,1,0,2,0,1,0,6224,0.03,0.045,0.009
226,6.163,5.806,0.001,0.01,0.038,0,0,,0,,,,0,,,,,40,40,0,2,3,0,3,3,1,0,1,9,10,11,1,0,2,0,1,0,6224,0.024,0.038,0.009
227,4.804,4.421,0,0.01,0.036,0,0,,0,,,,0,,,,,40,40,0,2,3,0,3,3,1,0,1,9,10,11,1,0,2,0,1,0,6224,0.044,0.075,0.009
228,6.669,6.367,0,0.009,0.061,0,0,,0,,,,0,,,,,40,40,0,2,3,0,3,3,1,0,1,9,10,11,1,0,2,0,1,0,6224,0.021,0.034,0.008
229,5.476,5.161,0.001,0.01,0.037,0,0,,0,,,,0,,,,,40,40,0,2,3,0,3,3,1,0,1,9,10,11,1,0,2,0,1,0,6224,0.039,0.054,0.008
230,5.761,5.322,0.001,0.013,0.077,0,0,,0,,,,0,,,,,40,40,0,2,3,0,3,3,1,0,1,9,10,11,1,0,2,0,1,0,6224,0.031,0.046,0.009
231,6.938,6.549,0.001,0.012,0.037,0,0,,0,,,,0,,,,,40,40,0,2,3,0,3,3,1,0,1,9,10,11,1,0,2,0,1,0,6224,0.043,0.068,0.011
232,5.858,5.495,0,0.011,0.047,0,0,,0,,,,0,,,,,40,40,0,2,3,0,3,3,1,0,1,9,10,11,1,0,2,0,1,0,6224,0.043,0.069,0.009
233,7.77,7.475,0,0.011,0.045,0,0,,0,,,,0,,,,,40,40,0,2,3,0,3,3,1,0,1,9,10,11,1,0,2,0,1,0,6224,0.023,0.037,0.008
234,6.3,5.902,0.001,0.013,0.029,0,0,,0,,,,0,,,,,40,40,0,2,3,0,3,3,1,0,1,9,10,11,1,0,2,0,1,0,6224,0.049,0.032,0.007
235,7.132,6.711,0.001,0.012,0.062,0,0,,0,,,,0,,,,,40,40,0,2,3,0,3,3,1,0,1,9,10,11,1,0,2,0,1,0,6224,0.056,0.049,0.011
236,7.573,7.144,0.001,0.01,0.049,0,0,,0,,,,0,,,,,40,40,0,2,3,0,3,3,1,0,1,9,10,11,1,0,2,0,1,0,6224,0.047,0.078,0.011
237,6.141,5.678,0,0.014,0.056,0,0,,0,,,,0,,,,,40,40,0,2,3,0,3,3,1,0,1,9,10,11,1,0,2,0,1,0,6224,0.049,0.081,0.013
238,5.78,5.34,0,0.01,0.05,0,0,,0,,,,0,,,,,40,40,0,2,3,0,3,3,1,0,1,9,10,11,1,0,2,0,1,0,6224,0.047,0.11,0.01
239,26.535,26.142,0.001,0.012,0.051,0,0,,0,,,,0,,,,,40,40,0,2,3,0,3,3,1,0,1,9,10,11,1,0,2,0,1,0,6224,0.048,0.051,0.01
240,5.357,4.889,0.001,0.014,0.067,0,0,,1,281.25,231673856,286650368,1,70948032,70948032,167755776,38823561584,40,40,0,2,3,0,3,3,1,0,1,9,10,11,1,0,2,0,1,0,6224,0.044,0.069,0.012
241,7.389,6.942,0,0.01,0.046,0,0,,0,,,,0,,,,,40,40,0,2,3,0,3,3,1,0,1,9,10,11,1,0,2,0,1,0,6224,0.067,0.105,0.009
242,17.193,16.739,0.001,0.011,0.05,0,0,,0,,,,0,,,,,40,40,0,2,3,0,3,3,1,0,1,9,10,11,1,0,2,0,1,0,6224,0.05,0.084,0.013
243,5.786,5.395,0,0.01,0.047,0,0,,0,,,,0,,,,,40,40,0,2,3,0,3,3,1,0,1,9,10,11,1,0,2,0,1,0,6224,0.04,0.068,0.01
244,7.614,7.152,0,0.014,0.069,0,0,,0,,,,0,,,,,40,40,0,2,3,0,3,3,1,0,1,9,10,11,1,0,2,0,1,0,6224,0.033,0.054,0.011
245,6.225,5.792,0,0.011,0.06,0,0,,0,,,,0,,,,,40,40,0,2,3,0,3,3,1,0,1,9,10,11,1,0,2,0,1,0,6224,0.043,0.072,0.013
246,6.576,6.102,0.001,0.012,0.076,0,0,,0,,,,0,,,,,40,40,0,2,3,0,3,3,1,0,1,9,10,11,1,0,2,0,1,0,6224,0.049,0.06,0.015
247,7.799,7.364,0,0.012,0.061,0,0,,0,,,,0,,,,,40,40,0,2,3,0,3,3,1,0,1,9,10,11,1,0,2,0,1,0,6224,0.042,0.07,0.011
248,6.835,6.401,0.001,0.013,0.059,0,0,,0,,,,0,,,,,40,40,0,2,3,0,3,3,1,0,1,9,10,11,1,0,2,0,1,0,6224,0.046,0.076,0.011
249,7.344,6.982,0.001,0.011,0.05,0,0,,0,,,,0,,,,,40,40,0,2,3,0,3,3,1,0,1,9,10,11,1,0,2,0,1,0,6224,0.044,0.053,0.007
250,6.164,5.878,0,0.008,0.033,0,0,,0,,,,0,,,,,40,40,0,2,3,0,3,3,1,0,1,9,10,11,1,0,2,0,1,0,6224,0.04,0.068,0.004
251,14.546,14.151,0.001,0.013,0.049,0,0,,0,,,,0,,,,,40,40,0,2,3,0,3,3,1,0,1,9,10,11,1,0,2,0,1,0,6224,0.052,0.046,0.009
252,8.871,8.444,0,0.013,0.044,0,0,,0,,,,0,,,,,40,40,0,2,3,0,3,3,1,0,1,9,10,11,1,0,2,0,1,0,6224,0.053,0.087,0.009
253,6.636,6.213,0.001,0.011,0.04,0,0,,0,,,,0,,,,,40,40,0,2,3,0,3,3,1,0,1,9,10,11,1,0,2,0,1,0,6224,0.069,0.074,0.012
254,7.733,7.334,0,0.009,0.046,0,0,,0,,,,0,,,,,40,40,0,2,3,0,3,3,1,0,1,9,10,11,1,0,2,0,1,0,6224,0.045,0.078,0.013
255,43.131,42.725,0,0.01,0.063,0,0,,0,,,,0,,,,,40,40,0,2,3,0,3,3,1,0,1,9,10,11,1,0,2,0,1,0,6224,0.035,0.059,0.012
256,5.58,5.29,0.001,0.008,0.037,0,0,,0,,,,0,,,,,40,40,0,2,3,0,3,3,1,0,1,9,10,11,1,0,2,0,1,0,6224,0.025,0.038,0.009
257,7.845,7.43,0.001,0.014,0.045,0,0,,0,,,,0,,,,,40,40,0,2,3,0,3,3,1,0,1,9,10,11,1,0,2,0,1,0,6224,0.048,0.079,0.011
258,8.716,8.325,0.001,0.011,0.034,0,0,,0,,,,0,,,,,40,40,0,2,3,0,3,3,1,0,1,9,10,11,1,0,2,0,1,0,6224,0.046,0.033,0.008
259,10.78,10.339,0,0.014,0.046,0,0,,0,,,,0,,,,,40,40,0,2,3,0,3,3,1,0,1,9,10,11,1,0,2,0,1,0,6224,0.058,0.089,0.008
260,5.181,4.755,0.001,0.014,0.043,0,0,,0,,,,0,,,,,40,40,0,2,3,0,3,3,1,0,1,9,10,11,1,0,2,0,1,0,6224,0.082,0.046,0.011
261,6.92,6.476,0,0.012,0.046,0,0,,0,,,,0,,,,,40,40,0,2,3,0,3,3,1,0,1,9,10,11,1,0,2,0,1,0,6224,0.061,0.094,0.008
262,5.472,5.074,0,0.012,0.046,0,0,,0,,,,0,,,,,40,40,0,2,3,0,3,3,1,0,1,9,10,11,1,0,2,0,1,0,6224,0.053,0.072,0.009
263,8.376,8.065,0,0.008,0.047,0,0,,0,,,,0,,,,,40,40,0,2,3,0,3,3,1,0,1,9,10,11,1,0,2,0,1,0,6224,0.028,0.047,0.009
264,5.811,5.332,0.001,0.013,0.06,0,0,,0,,,,0,,,,,40,40,0,2,3,0,3,3,1,0,1,9,10,11,1,0,2,0,1,0,6224,0.054,0.069,0.012
265,6.14,5.66,0.001,0.011,0.056,0,0,,0,,,,0,,,,,40,40,0,2,3,0,3,3,1,0,1,9,10,11,1,0,2,0,1,0,6224,0.08,0.078,0.012
266,21.916,21.567,0,0.009,0.061,0,0,,0,,,,0,,,,,40,40,0,2,3,0,3,3,1,0,1,9,10,11,1,0,2,0,1,0,6224,0.028,0.045,0.011
267,18.314,17.894,0,0.013,0.064,0,0,,0,,,,0,,,,,40,40,0,2,3,0,3,3,1,0,1,9,10,11,1,0,2,0,1,0,6224,0.051,0.05,0.01
268,7.114,6.66,0,0.012,0.081,0,0,,0,,,,0,,,,,40,40,0,2,3,0,3,3,1,0,1,9,10,11,1,0,2,0,1,0,6224,0.057,0.056,0.009
269,19.431,19.097,0.001,0.014,0.043,0,0,,0,,,,0,,,,,40,40,0,2,3,0,3,3,1,0,1,9,10,11,1,0,2,0,1,0,6224,0.024,0.038,0.009
270,7.464,7.056,0,0.012,0.054,0,0,,1,296.875,231694336,286662656,1,70948032,70948032,167755776,38823561584,40,40,0,2,3,0,3,3,1,0,1,9,10,11,1,0,2,0,1,0,6224,0.072,0.062,0.009
271,4.822,4.433,0.001,0.008,0.034,0,0,,0,,,,0,,,,,40,40,0,2,3,0,3,3,1,0,1,9,10,11,1,0,2,0,1,0,6224,0.116,0.055,0.006
272,6.243,5.788,0,0.012,0.046,0,0,,0,,,,0,,,,,40,40,0,2,3,0,3,3,1,0,1,9,10,11,1,0,2,0,1,0,6224,0.042,0.126,0.01
273,3.082,2.794,0,0.008,0.023,0,0,,0,,,,0,,,,,40,40,0,2,3,0,3,3,1,0,1,9,10,11,1,0,2,0,1,0,6224,0.046,0.094,0.004
274,3.376,3.105,0.001,0.01,0.025,0,0,,0,,,,0,,,,,40,40,0,2,3,0,3,3,1,0,1,9,10,11,1,0,2,0,1,0,6224,0.019,0.027,0.005
275,4.159,3.908,0,0.008,0.025,0,0,,0,,,,0,,,,,40,40,0,2,3,0,3,3,1,0,1,9,10,11,1,0,2,0,1,0,6224,0.079,0.028,0.003
276,3.004,2.65,0.001,0.009,0.029,0,0,,0,,,,0,,,,,40,40,0,2,3,0,3,3,1,0,1,9,10,11,1,0,2,0,1,0,6224,0.111,0.058,0.004
277,7.273,6.753,0.001,0.009,0.047,0,0,,0,,,,0,,,,,40,40,0,2,3,0,3,3,1,0,1,9,10,11,1,0,2,0,1,0,6224,0.042,0.075,0.011
278,4.735,4.369,0,0.058,0.034,0,0,,0,,,,0,,,,,40,40,0,2,3,0,3,3,1,0,1,9,10,11,1,0,2,0,1,0,6224,0.069,0.033,0.008
279,4.85,4.496,0,0.01,0.052,0,0,,0,,,,0,,,,,40,40,0,2,3,0,3,3,1,0,1,9,10,11,1,0,2,0,1,0,6224,0.034,0.054,0.009
280,7.004,6.643,0,0.011,0.048,0,0,,0,,,,0,,,,,40,40,0,2,3,0,3,3,1,0,1,9,10,11,1,0,2,0,1,0,6224,0.035,0.057,0.011
281,5.394,4.989,0,0.011,0.052,0,0,,0,,,,0,,,,,40,40,0,2,3,0,3,3,1,0,1,9,10,11,1,0,2,0,1,0,6224,0.046,0.073,0.011
282,4.889,4.531,0,0.008,0.061,0,0,,0,,,,0,,,,,40,40,0,2,3,0,3,3,1,0,1,9,10,11,1,0,2,0,1,0,6224,0.026,0.06,0.011
283,4.024,3.686,0,0.011,0.038,0,0,,0,,,,0,,,,,40,40,0,2,3,0,3,3,1,0,1,9,10,11,1,0,2,0,1,0,6224,0.046,0.072,0.006
284,5.103,4.82,0.001,0.007,0.029,0,0,,0,,,,0,,,,,40,40,0,2,3,0,3,3,1,0,1,9,10,11,1,0,2,0,1,0,6224,0.034,0.059,0.006
285,3.88,3.483,0,0.014,0.043,0,0,,0,,,,0,,,,,40,40,0,2,3,0,3,3,1,0,1,9,10,11,1,0,2,0,1,0,6224,0.026,0.044,0.006
286,2.306,2.021,0.001,0.007,0.044,0,0,,0,,,,0,,,,,40,40,0,2,3,0,3,3,1,0,1,9,10,11,1,0,2,0,1,0,6224,0.028,0.043,0.007
287,2.691,2.389,0,0.006,0.055,0,0,,0,,,,0,,,,,40,40,0,2,3,0,3,3,1,0,1,9,10,11,1,0,2,0,1,0,6224,0.028,0.044,0.008
288,3.369,3.076,0,0.008,0.047,0,0,,0,,,,0,,,,,40,40,0,2,3,0,3,3,1,0,1,9,10,11,1,0,2,0,1,0,6224,0.025,0.038,0.008
289,3.432,3.124,0,0.006,0.036,0,0,,0,,,,0,,,,,40,40,0,2,3,0,3,3,1,0,1,9,10,11,1,0,2,0,1,0,6224,0.028,0.071,0.009
290,13.74,13.452,0,0.009,0.045,0,0,,0,,,,0,,,,,40,40,0,2,3,0,3,3,1,0,1,9,10,11,1,0,2,0,1,0,6224,0.025,0.035,0.008
291,3.09,2.754,0.001,0.009,0.039,0,0,,0,,,,0,,,,,40,40,0,2,3,0,3,3,1,0,1,9,10,11,1,0,2,0,1,0,6224,0.044,0.04,0.008
292,3.018,2.653,0,0.005,0.142,0,0,,0,,,,0,,,,,40,40,0,2,3,0,3,3,1,0,1,9,10,11,1,0,2,0,1,0,6224,0.038,0.03,0.004
293,2.668,2.399,0,0.007,0.034,0,0,,0,,,,0,,,,,40,40,0,2,3,0,3,3,1,0,1,9,10,11,1,0,2,0,1,0,6224,0.035,0.048,0.005
294,2.388,2.082,0,0.008,0.034,0,0,,0,,,,0,,,,,40,40,0,2,3,0,3,3,1,0,1,9,10,11,1,0,2,0,1,0,6224,0.036,0.058,0.007
295,5.242,4.825,0.001,0.012,0.039,0,0,,0,,,,0,,,,,40,40,0,2,3,0,3,3,1,0,1,9,10,11,1,0,2,0,1,0,6224,0.044,0.109,0.008
296,6.819,6.477,0.001,0.011,0.055,0,0,,0,,,,0,,,,,40,40,0,2,3,0,3,3,1,0,1,9,10,11,1,0,2,0,1,0,6224,0.031,0.044,0.008
297,2.258,1.991,0.001,0.006,0.033,0,0,,0,,,,0,,,,,40,40,0,2,3,0,3,3,1,0,1,9,10,11,1,0,2,0,1,0,6224,0.023,0.041,0.022
298,6.195,5.936,0,0.007,0.037,0,0,,0,,,,0,,,,,40,40,0,2,3,0,3,3,1,0,1,9,10,11,1,0,2,0,1,0,6224,0.021,0.033,0.008
299,5.496,5.231,0.001,0.006,0.053,0,0,,0,,,,0,,,,,40,40,0,2,3,0,3,3,1,0,1,9,10,11,1,0,2,0,1,0,6224,0.02,0.035,0.005
300,3.552,3.203,0,0.014,0.042,0,0,,1,312.5,231702528,286662656,1,70948032,70948032,167755776,38823561584,40,40,0,2,3,0,3,3,1,0,1,9,10,11,1,0,2,0,1,0,6224,0.058,0.033,0.006
301,3.225,2.808,0,0.009,0.062,0,0,,0,,,,0,,,,,40,40,0,2,3,0,3,3,1,0,1,9,10,11,1,0,2,0,1,0,6224,0.053,0.088,0.01
302,3.893,3.521,0,0.017,0.033,0,0,,0,,,,0,,,,,40,40,0,2,3,0,3,3,1,0,1,9,10,11,1,0,2,0,1,0,6224,0.068,0.037,0.006
303,3.205,2.929,0,0.01,0.021,0,0,,0,,,,0,,,,,40,40,0,2,3,0,3,3,1,0,1,9,10,11,1,0,2,0,1,0,6224,0.064,0.047,0.003
304,3.596,3.193,0.001,0.009,0.038,0,0,,0,,,,0,,,,,40,40,0,2,3,0,3,3,1,0,1,9,10,11,1,0,2,0,1,0,6224,0.058,0.1,0.009
305,3.062,2.774,0,0.008,0.022,0,0,,0,,,,0,,,,,40,40,0,2,3,0,3,3,1,0,1,9,10,11,1,0,2,0,1,0,6224,0.043,0.076,0.004
306,4.81,4.494,0.001,0.013,0.06,0,0,,0,,,,0,,,,,40,40,0,2,3,0,3,3,1,0,1,9,10,11,1,0,2,0,1,0,6224,0.024,0.039,0.009
307,6.053,5.695,0,0.01,0.054,0,0,,0,,,,0,,,,,40,40,0,2,3,0,3,3,1,0,1,9,10,11,1,0,2,0,1,0,6224,0.028,0.044,0.009
308,5.654,5.395,0,0.007,0.038,0,0,,0,,,,0,,,,,40,40,0,2,3,0,3,3,1,0,1,9,10,11,1,0,2,0,1,0,6224,0.022,0.035,0.01
309,7.118,6.758,0,0.012,0.035,0,0,,0,,,,0,,,,,40,40,0,2,3,0,3,3,1,0,1,9,10,11,1,0,2,0,1,0,6224,0.038,0.066,0.009
310,5.176,4.867,0,0.01,0.028,0,0,,0,,,,0,,,,,40,40,0,2,3,0,3,3,1,0,1,9,10,11,1,0,2,0,1,0,6224,0.045,0.083,0.005
311,4.042,3.593,0.001,0.006,0.053,0,0,,0,,,,0,,,,,40,40,0,2,3,0,3,3,1,0,1,9,10,11,1,0,2,0,1,0,6224,0.05,0.07,0.009
312,3.767,3.382,0.001,0.008,0.034,0,0,,0,,,,0,,,,,40,40,0,2,3,0,3,3,1,0,1,9,10,11,1,0,2,0,1,0,6224,0.04,0.085,0.053
313,2.967,2.676,0,0.007,0.051,0,0,,0,,,,0,,,,,40,40,0,2,3,0,3,3,1,0,1,9,10,11,1,0,2,0,1,0,6224,0.027,0.043,0.005
314,3.038,2.671,0,0.01,0.037,0,0,,0,,,,0,,,,,40,40,0,2,3,0,3,3,1,0,1,9,10,11,1,0,2,0,1,0,6224,0.044,0.076,0.007
315,3.059,2.771,0,0.011,0.026,0,0,,0,,,,0,,,,,40,40,0,2,3,0,3,3,1,0,1,9,10,11,1,0,2,0,1,0,6224,0.087,0.029,0.004
316,3.018,2.652,0,0.007,0.025,0,0,,0,,,,0,,,,,40,40,0,2,3,0,3,3,1,0,1,9,10,11,1,0,2,0,1,0,6224,0.093,0.079,0.006
317,2.463,2.106,0,0.004,0.078,0,0,,0,,,,0,,,,,40,40,0,2,3,0,3,3,1,0,1,9,10,11,1,0,2,0,1,0,6224,0.024,0.078,0.005
318,5.894,5.562,0.001,0.008,0.051,0,0,,0,,,,0,,,,,40,40,0,2,3,0,3,3,1,0,1,9,10,11,1,0,2,0,1,0,6224,0.028,0.057,0.01
319,5.067,4.705,0.001,0.009,0.051,0,0,,0,,,,0,,,,,40,40,0,2,3,0,3,3,1,0,1,9,10,11,1,0,2,0,1,0,6224,0.035,0.059,0.009
320,4.416,4.177,0,0.007,0.039,0,0,,0,,,,0,,,,,40,40,0,2,3,0,3,3,1,0,1,9,10,11,1,0,2,0,1,0,6224,0.031,0.052,0.007
321,3.95,3.653,0,0.008,0.047,0,0,,0,,,,0,,,,,40,40,0,2,3,0,3,3,1,0,1,9,10,11,1,0,2,0,1,0,6224,0.025,0.044,0.008
322,3.183,2.77,0.001,0.013,0.059,0,0,,0,,,,0,,,,,40,40,0,2,3,0,3,3,1,0,1,9,10,11,1,0,2,0,1,0,6224,0.047,0.07,0.007
323,3.2,2.887,0,0.009,0.036,0,0,,0,,,,0,,,,,40,40,0,2,3,0,3,3,1,0,1,9,10,11,1,0,2,0,1,0,6224,0.047,0.034,0.005
324,3.077,2.79,0.001,0.008,0.029,0,0,,0,,,,0,,,,,40,40,0,2,3,0,3,3,1,0,1,9,10,11,1,0,2,0,1,0,6224,0.042,0.064,0.005
325,5.192,4.795,0.001,0.011,0.046,0,0,,0,,,,0,,,,,40,40,0,2,3,0,3,3,1,0,1,9,10,11,1,0,2,0,1,0,6224,0.053,0.085,0.01
326,5.519,5.212,0,0.008,0.039,0,0,,0,,,,0,,,,,40,40,0,2,3,0,3,3,1,0,1,9,10,11,1,0,2,0,1,0,6224,0.026,0.04,0.038
327,4.668,4.376,0.001,0.008,0.022,0,0,,0,,,,0,,,,,40,40,0,2,3,0,3,3,1,0,1,9,10,11,1,0,2,0,1,0,6224,0.071,0.027,0.004
328,3.588,3.319,0,0.009,0.023,0,0,,0,,,,0,,,,,40,40,0,2,3,0,3,3,1,0,1,9,10,11,1,0,2,0,1,0,6224,0.094,0.031,0.003
329,2.839,2.534,0,0.007,0.041,0,0,,0,,,,0,,,,,40,40,0,2,3,0,3,3,1,0,1,9,10,11,1,0,2,0,1,0,6224,0.038,0.057,0.006
330,3.485,3.162,0,0.007,0.053,0,0,,1,328.125,231710720,286662656,1,70948032,70948032,167755776,38823561584,40,40,0,2,3,0,3,3,1,0,1,9,10,11,1,0,2,0,1,0,6224,0.033,0.057,0.005
331,3.062,2.644,0.001,0.016,0.047,0,0,,0,,,,0,,,,,40,40,0,2,3,0,3,3,1,0,1,9,10,11,1,0,2,0,1,0,6224,0.063,0.073,0.007
332,2.747,2.507,0,0.006,0.036,0,0,,0,,,,0,,,,,40,40,0,2,3,0,3,3,1,0,1,9,10,11,1,0,2,0,1,0,6224,0.021,0.034,0.005
333,2.941,2.683,0.001,0.009,0.02,0,0,,0,,,,0,,,,,40,40,0,2,3,0,3,3,1,0,1,9,10,11,1,0,2,0,1,0,6224,0.076,0.025,0.003
334,2.4,2.179,0,0.006,0.022,0,0,,0,,,,0,,,,,40,40,0,2,3,0,3,3,1,0,1,9,10,11,1,0,2,0,1,0,6224,0.089,0.029,0.001
335,3.632,3.225,0,0.01,0.061,0,0,,0,,,,0,,,,,40,40,0,2,3,0,3,3,1,0,1,9,10,11,1,0,2,0,1,0,6224,0.04,0.065,0.01
336,2.783,2.478,0,0.009,0.043,0,0,,0,,,,0,,,,,40,40,0,2,3,0,3,3,1,0,1,9,10,11,1,0,2,0,1,0,6224,0.036,0.051,0.006
337,2.822,2.521,0,0.009,0.034,0,0,,0,,,,0,,,,,40,40,0,2,3,0,3,3,1,0,1,9,10,11,1,0,2,0,1,0,6224,0.038,0.06,0.006
338,3.653,3.458,0,0.01,0.041,0,0,,0,,,,0,,,,,40,40,0,2,3,0,3,3,1,0,1,9,10,11,1,0,2,0,1,0,6224,0.02,0.03,0.003
339,3.109,2.828,0,0.004,0.032,0,0,,0,,,,0,,,,,40,40,0,2,3,0,3,3,1,0,1,9,10,11,1,0,2,0,1,0,6224,0.042,0.074,0.007
340,3.324,2.771,0.001,0.013,0.061,0,0,,0,,,,0,,,,,40,40,0,2,3,0,3,3,1,0,1,9,10,11,1,0,2,0,1,0,6224,0.045,0.083,0.015
341,3.637,3.313,0.001,0.009,0.053,0,0,,0,,,,0,,,,,40,40,0,2,3,0,3,3,1,0,1,9,10,11,1,0,2,0,1,0,6224,0.03,0.048,0.008
342,2.92,2.678,0.001,0.006,0.02,0,0,,0,,,,0,,,,,40,40,0,2,3,0,3,3,1,0,1,9,10,11,1,0,2,0,1,0,6224,0.033,0.062,0.005
343,3.529,3.16,0,0.008,0.031,0,0,,0,,,,0,,,,,40,40,0,2,3,0,3,3,1,0,1,9,10,11,1,0,2,0,1,0,6224,0.046,0.029,0.005
344,2.387,2.082,0.001,0.013,0.039,0,0,,0,,,,0,,,,,40,40,0,2,3,0,3,3,1,0,1,9,10,11,1,0,2,0,1,0,6224,0.021,0.031,0.005
345,2.801,2.462,0,0.007,0.038,0,0,,0,,,,0,,,,,40,40,0,2,3,0,3,3,1,0,1,9,10,11,1,0,2,0,1,0,6224,0.048,0.08,0.007
346,3.57,3.241,0,0.01,0.029,0,0,,0,,,,0,,,,,40,40,0,2,3,0,3,3,1,0,1,9,10,11,1,0,2,0,1,0,6224,0.061,0.057,0.008
347,3.894,3.609,0.001,0.007,0.023,0,0,,0,,,,0,,,,,40,40,0,2,3,0,3,3,1,0,1,9,10,11,1,0,2,0,1,0,6224,0.039,0.069,0.006
348,5.413,5.06,0,0.012,0.033,0,0,,0,,,,0,,,,,40,40,0,2,3,0,3,3,1,0,1,9,10,11,1,0,2,0,1,0,6224,0.043,0.072,0.007
349,2.206,1.879,0,0.008,0.031,0,0,,0,,,,0,,,,,40,40,0,2,3,0,3,3,1,0,1,9,10,11,1,0,2,0,1,0,6224,0.064,0.049,0.006
350,2.322,1.997,0,0.007,0.052,0,0,,0,,,,0,,,,,40,40,0,2,3,0,3,3,1,0,1,9,10,11,1,0,2,0,1,0,6224,0.04,0.062,0.006
351,2.959,2.589,0,0.01,0.053,0,0,,0,,,,0,,,,,40,40,0,2,3,0,3,3,1,0,1,9,10,11,1,0,2,0,1,0,6224,0.041,0.066,0.008
352,2.413,2.018,0,0.012,0.039,0,0,,0,,,,0,,,,,40,40,0,2,3,0,3,3,1,0,1,9,10,11,1,0,2,0,1,0,6224,0.083,0.07,0.008
353,2.297,1.983,0.001,0.007,0.039,0,0,,0,,,,0,,,,,40,40,0,2,3,0,3,3,1,0,1,9,10,11,1,0,2,0,1,0,6224,0.039,0.084,0.006
354,2.344,2.042,0,0.008,0.03,0,0,,0,,,,0,,,,,40,40,0,2,3,0,3,3,1,0,1,9,10,11,1,0,2,0,1,0,6224,0.042,0.038,0.036
355,3.149,2.861,0,0.005,0.045,0,0,,0,,,,0,,,,,40,40,0,2,3,0,3,3,1,0,1,9,10,11,1,0,2,0,1,0,6224,0.026,0.046,0.003
356,2.489,2.192,0,0.006,0.056,0,0,,0,,,,0,,,,,40,40,0,2,3,0,3,3,1,0,1,9,10,11,1,0,2,0,1,0,6224,0.025,0.055,0.007
357,3.848,3.48,0,0.008,0.04,0,0,,0,,,,0,,,,,40,40,0,2,3,0,3,3,1,0,1,9,10,11,1,0,2,0,1,0,6224,0.028,0.077,0.008
358,5.42,5.125,0,0.009,0.059,0,0,,0,,,,0,,,,,40,40,0,2,3,0,3,3,1,0,1,9,10,11,1,0,2,0,1,0,6224,0.023,0.051,0.007
359,5.413,5.068,0,0.011,0.043,0,0,,0,,,,0,,,,,40,40,0,2,3,0,3,3,1,0,1,9,10,11,1,0,2,0,1,0,6224,0.047,0.063,0.006
360,6.11,5.693,0,0.009,0.042,0,0,,1,359.375,231718912,286662656,1,70948032,70948032,167755776,38823561584,40,40,0,2,3,0,3,3,1,0,1,9,10,11,1,0,2,0,1,0,6224,0.043,0.068,0.011
361,5.28,4.944,0.001,0.01,0.023,0,0,,0,,,,0,,,,,40,40,0,2,3,0,3,3,1,0,1,9,10,11,1,0,2,0,1,0,6224,0.052,0.084,0.005
362,6.563,6.158,0,0.01,0.061,0,0,,0,,,,0,,,,,40,40,0,2,3,0,3,3,1,0,1,9,10,11,1,0,2,0,1,0,6224,0.043,0.077,0.008
363,3.2,2.815,0,0.015,0.038,0,0,,0,,,,0,,,,,40,40,0,2,3,0,3,3,1,0,1,9,10,11,1,0,2,0,1,0,6224,0.028,0.039,0.01
364,2.224,1.982,0.001,0.007,0.017,0,0,,0,,,,0,,,,,40,40,0,2,3,0,3,3,1,0,1,9,10,11,1,0,2,0,1,0,6224,0.045,0.029,0.003
365,4.039,3.73,0,0.007,0.055,0,0,,0,,,,0,,,,,40,40,0,2,3,0,3,3,1,0,1,9,10,11,1,0,2,0,1,0,6224,0.034,0.055,0.005
366,3.153,2.851,0,0.007,0.048,0,0,,0,,,,0,,,,,40,40,0,2,3,0,3,3,1,0,1,9,10,11,1,0,2,0,1,0,6224,0.04,0.073,0.004
367,2.622,2.414,0,0.005,0.039,0,0,,0,,,,0,,,,,40,40,0,2,3,0,3,3,1,0,1,9,10,11,1,0,2,0,1,0,6224,0.03,0.054,0.003
368,2.438,2.163,0,0.005,0.047,0,0,,0,,,,0,,,,,40,40,0,2,3,0,3,3,1,0,1,9,10,11,1,0,2,0,1,0,6224,0.038,0.065,0.005
369,3.736,3.449,0.001,0.011,0.04,0,0,,0,,,,0,,,,,40,40,0,2,3,0,3,3,1,0,1,9,10,11,1,0,2,0,1,0,6224,0.026,0.038,0.008
370,3.068,2.765,0.001,0.006,0.038,0,0,,0,,,,0,,,,,40,40,0,2,3,0,3,3,1,0,1,9,10,11,1,0,2,0,1,0,6224,0.036,0.068,0.004
371,3.939,3.607,0,0.009,0.038,0,0,,0,,,,0,,,,,40,40,0,2,3,0,3,3,1,0,1,9,10,11,1,0,2,0,1,0,6224,0.036,0.061,0.008
372,3.749,3.472,0,0.005,0.03,0,0,,0,,,,0,,,,,40,40,0,2,3,0,3,3,1,0,1,9,10,11,1,0,2,0,1,0,6224,0.019,0.031,0.004
373,2.616,2.275,0,0.008,0.044,0,0,,0,,,,0,,,,,40,40,0,2,3,0,3,3,1,0,1,9,10,11,1,0,2,0,1,0,6224,0.042,0.057,0.008
374,2.535,2.206,0,0.009,0.043,0,0,,0,,,,0,,,,,40,40,0,2,3,0,3,3,1,0,1,9,10,11,1,0,2,0,1,0,6224,0.038,0.05,0.011
375,6.591,6.213,0.001,0.011,0.039,0,0,,0,,,,0,,,,,40,40,0,2,3,0,3,3,1,0,1,9,10,11,1,0,2,0,1,0,6224,0.107,0.033,0.007
376,3.142,2.905,0,0.008,0.017,0,0,,0,,,,0,,,,,40,40,0,2,3,0,3,3,1,0,1,9,10,11,1,0,2,0,1,0,6224,0.084,0.026,0.003
377,4.999,4.638,0,0.008,0.097,0,0,,0,,,,0,,,,,40,40,0,2,3,0,3,3,1,0,1,9,10,11,1,0,2,0,1,0,6224,0.026,0.063,0.008
378,3.112,2.727,0.001,0.012,0.045,0,0,,0,,,,0,,,,,40,40,0,2,3,0,3,3,1,0,1,9,10,11,1,0,2,0,1,0,6224,0.044,0.072,0.009
379,3.063,2.741,0,0.007,0.033,0,0,,0,,,,0,,,,,40,40,0,2,3,0,3,3,1,0,1,9,10,11,1,0,2,0,1,0,6224,0.04,0.065,0.007
380,3.558,3.193,0.001,0.007,0.032,0,0,,0,,,,0,,,,,40,40,0,2,3,0,3,3,1,0,1,9,10,11,1,0,2,0,1,0,6224,0.112,0.036,0.005
381,3.183,2.926,0,0.006,0.077,0,0,,0,,,,0,,,,,40,40,0,2,3,0,3,3,1,0,1,9,10,11,1,0,2,0,1,0,6224,0.033,0.059,0.003
382,2.774,2.43,0,0.008,0.104,0,0,,0,,,,0,,,,,40,40,0,2,3,0,3,3,1,0,1,9,10,11,1,0,2,0,1,0,6224,0.027,0.04,0.007
383,5.833,5.488,0,0.011,0.04,0,0,,0,,,,0,,,,,40,40,0,2,3,0,3,3,1,0,1,9,10,11,1,0,2,0,1,0,6224,0.038,0.043,0.009
384,4.841,4.57,0,0.006,0.045,0,0,,0,,,,0,,,,,40,40,0,2,3,0,3,3,1,0,1,9,10,11,1,0,2,0,1,0,6224,0.026,0.04,0.008
385,5.473,4.985,0,0.013,0.048,0,0,,0,,,,0,,,,,40,40,0,2,3,0,3,3,1,0,1,9,10,11,1,0,2,0,1,0,6224,0.069,0.076,0.017
386,6.296,5.902,0,0.012,0.048,0,0,,0,,,,0,,,,,40,40,0,2,3,0,3,3,1,0,1,9,10,11,1,0,2,0,1,0,6224,0.042,0.073,0.012
387,4.845,4.464,0,0.01,0.03,0,0,,0,,,,0,,,,,40,40,0,2,3,0,3,3,1,0,1,9,10,11,1,0,2,0,1,0,6224,0.048,0.083,0.01
388,5.233,4.797,0.001,0.009,0.048,0,0,,0,,,,0,,,,,40,40,0,2,3,0,3,3,1,0,1,9,10,11,1,0,2,0,1,0,6224,0.053,0.057,0.014
389,3.714,3.365,0,0.011,0.045,0,0,,0,,,,0,,,,,40,40,0,2,3,0,3,3,1,0,1,9,10,11,1,0,2,0,1,0,6224,0.037,0.05,0.009
390,9.223,8.986,0.001,0.006,0.034,0,0,,1,375,231727104,286662656,1,70948032,70948032,167755776,38823561584,40,40,0,2,3,0,3,3,1,0,1,9,10,11,1,0,2,0,1,0,6224,0.019,0.032,0.007
391,7.673,7.338,0,0.009,0.048,0,0,,0,,,,0,,,,,40,40,0,2,3,0,3,3,1,0,1,9,10,11,1,0,2,0,1,0,6224,0.029,0.047,0.01
392,5.974,5.637,0,0.01,0.03,0,0,,0,,,,0,,,,,40,40,0,2,3,0,3,3,1,0,1,9,10,11,1,0,2,0,1,0,6224,0.052,0.056,0.006
393,4.439,4.315,0.001,0.003,0.02,0,0,,0,,,,0,,,,,40,40,0,2,3,0,3,3,1,0,1,9,10,11,1,0,2,0,1,0,6224,0.015,0.026,0.002
394,5.036,4.674,0,0.008,0.046,0,0,,0,,,,0,,,,,40,40,0,2,3,0,3,3,1,0,1,9,10,11,1,0,2,0,1,0,6224,0.031,0.069,0.011
395,2.768,2.454,0,0.009,0.029,0,0,,0,,,,0,,,,,40,40,0,2,3,0,3,3,1,0,1,9,10,11,1,0,2,0,1,0,6224,0.043,0.03,0.007
396,4.316,4.106,0,0.003,0.021,0,0,,0,,,,0,,,,,40,40,0,2,3,0,3,3,1,0,1,9,10,11,1,0,2,0,1,0,6224,0.054,0.026,0.003
397,3.105,2.804,0.001,0.007,0.033,0,0,,0,,,,0,,,,,40,40,0,2,3,0,3,3,1,0,1,9,10,11,1,0,2,0,1,0,6224,0.036,0.058,0.006
398,3.39,3.043,0,0.006,0.064,0,0,,0,,,,0,,,,,40,40,0,2,3,0,3,3,1,0,1,9,10,11,1,0,2,0,1,0,6224,0.039,0.071,0.006
399,3.749,3.338,0,0.017,0.056,0,0,,0,,,,0,,,,,40,40,0,2,3,0,3,3,1,0,1,9,10,11,1,0,2,0,1,0,6224,0.045,0.053,0.009
400,2.661,2.369,0.001,0.005,0.027,0,0,,0,,,,0,,,,,40,40,0,2,3,0,3,3,1,0,1,9,10,11,1,0,2,0,1,0,6224,0.023,0.034,0.006
401,3.932,3.709,0,0.004,0.028,0,0,,0,,,,0,,,,,40,40,0,2,3,0,3,3,1,0,1,9,10,11,1,0,2,0,1,0,6224,0.02,0.032,0.006
402,4.546,4.18,0,0.006,0.04,0,0,,0,,,,0,,,,,40,40,0,2,3,0,3,3,1,0,1,9,10,11,1,0,2,0,1,0,6224,0.031,0.066,0.009
403,5.259,4.964,0,0.007,0.042,0,0,,0,,,,0,,,,,40,40,0,2,3,0,3,3,1,0,1,9,10,11,1,0,2,0,1,0,6224,0.022,0.048,0.011
404,5.8,5.528,0,0.009,0.026,0,0,,0,,,,0,,,,,40,40,0,2,3,0,3,3,1,0,1,9,10,11,1,0,2,0,1,0,6224,0.075,0.025,0.006
405,2.639,2.386,0,0.009,0.019,0,0,,0,,,,0,,,,,40,40,0,2,3,0,3,3,1,0,1,9,10,11,1,0,2,0,1,0,6224,0.101,0.027,0.003
406,3.163,2.86,0,0.009,0.027,0,0,,0,,,,0,,,,,40,40,0,2,3,0,3,3,1,0,1,9,10,11,1,0,2,0,1,0,6224,0.037,0.063,0.005
407,2.515,2.056,0,0.007,0.153,0,0,,0,,,,0,,,,,40,40,0,2,3,0,3,3,1,0,1,9,10,11,1,0,2,0,1,0,6224,0.04,0.064,0.009
408,5.603,5.3,0.001,0.011,0.025,0,0,,0,,,,0,,,,,40,40,0,2,3,0,3,3,1,0,1,9,10,11,1,0,2,0,1,0,6224,0.017,0.026,0.006
409,2.773,2.492,0,0.007,0.024,0,0,,0,,,,0,,,,,40,40,0,2,3,0,3,3,1,0,1,9,10,11,1,0,2,0,1,0,6224,0.034,0.057,0.006
410,4.173,3.947,0,0.009,0.032,0,0,,0,,,,0,,,,,40,40,0,2,3,0,3,3,1,0,1,9,10,11,1,0,2,0,1,0,6224,0.019,0.029,0.006
411,2.301,2.064,0,0.006,0.032,0,0,,0,,,,0,,,,,40,40,0,2,3,0,3,3,1,0,1,9,10,11,1,0,2,0,1,0,6224,0.035,0.048,0.005
412,3.436,3.088,0,0.007,0.028,0,0,,0,,,,0,,,,,40,40,0,2,3,0,3,3,1,0,1,9,10,11,1,0,2,0,1,0,6224,0.047,0.071,0.01
413,4.319,3.967,0,0.009,0.039,0,0,,0,,,,0,,,,,40,40,0,2,3,0,3,3,1,0,1,9,10,11,1,0,2,0,1,0,6224,0.046,0.079,0.007
414,2.772,2.413,0,0.011,0.031,0,0,,0,,,,0,,,,,40,40,0,2,3,0,3,3,1,0,1,9,10,11,1,0,2,0,1,0,6224,0.056,0.077,0.006
415,2.978,2.64,0.001,0.011,0.028,0,0,,0,,,,0,,,,,40,40,0,2,3,0,3,3,1,0,1,9,10,11,1,0,2,0,1,0,6224,0.068,0.072,0.004
416,3.089,2.839,0,0.012,0.045,0,0,,0,,,,0,,,,,40,40,0,2,3,0,3,3,1,0,1,9,10,11,1,0,2,0,1,0,6224,0.024,0.039,0.005
417,3.79,3.458,0.001,0.013,0.039,0,0,,0,,,,0,,,,,40,40,0,2,3,0,3,3,1,0,1,9,10,11,1,0,2,0,1,0,6224,0.035,0.035,0.008
418,3.006,2.738,0,0.009,0.025,0,0,,0,,,,0,,,,,40,40,0,2,3,0,3,3,1,0,1,9,10,11,1,0,2,0,1,0,6224,0.041,0.039,0.005
419,4.525,4.219,0.001,0.008,0.029,0,0,,0,,,,0,,,,,40,40,0,2,3,0,3,3,1,0,1,9,10,11,1,0,2,0,1,0,6224,0.042,0.068,0.008
420,4.177,3.927,0,0.006,0.026,0,0,,1,390.625,231735296,286662656,1,70948032,70948032,167755776,38823561584,40,40,0,2,3,0,3,3,1,0,1,9,10,11,1,0,2,0,1,0,6224,0.039,0.064,0.005
421,6.17,5.854,0.001,0.008,0.047,0,0,,0,,,,0,,,,,40,40,0,2,3,0,3,3,1,0,1,9,10,11,1,0,2,0,1,0,6224,0.027,0.039,0.01
422,5.46,5.073,0,0.01,0.038,0,0,,0,,,,0,,,,,40,40,0,2,3,0,3,3,1,0,1,9,10,11,1,0,2,0,1,0,6224,0.055,0.087,0.009
423,6.653,6.353,0,0.008,0.05,0,0,,0,,,,0,,,,,40,40,0,2,3,0,3,3,1,0,1,9,10,11,1,0,2,0,1,0,6224,0.024,0.038,0.009
424,6,5.687,0.001,0.008,0.063,0,0,,0,,,,0,,,,,40,40,0,2,3,0,3,3,1,0,1,9,10,11,1,0,2,0,1,0,6224,0.024,0.038,0.009
425,8.131,7.699,0.001,0.011,0.049,0,0,,0,,,,0,,,,,40,40,0,2,3,0,3,3,1,0,1,9,10,11,1,0,2,0,1,0,6224,0.052,0.092,0.009
426,9.658,9.261,0.001,0.014,0.042,0,0,,0,,,,0,,,,,40,40,0,2,3,0,3,3,1,0,1,9,10,11,1,0,2,0,1,0,6224,0.056,0.05,0.009
427,4.241,3.987,0.001,0.007,0.032,0,0,,0,,,,0,,,,,40,40,0,2,3,0,3,3,1,0,1,9,10,11,1,0,2,0,1,0,6224,0.036,0.059,0.004
428,2.83,2.635,0,0.005,0.029,0,0,,0,,,,0,,,,,40,40,0,2,3,0,3,3,1,0,1,9,10,11,1,0,2,0,1,0,6224,0.029,0.051,0.003
429,4.255,3.899,0.001,0.009,0.059,0,0,,0,,,,0,,,,,40,40,0,2,3,0,3,3,1,0,1,9,10,11,1,0,2,0,1,0,6224,0.035,0.053,0.011
430,2.415,2.058,0,0.012,0.034,0,0,,0,,,,0,,,,,40,40,0,2,3,0,3,3,1,0,1,9,10,11,1,0,2,0,1,0,6224,0.029,0.08,0.01
431,6.419,6.088,0,0.008,0.032,0,0,,0,,,,0,,,,,40,40,0,2,3,0,3,3,1,0,1,9,10,11,1,0,2,0,1,0,6224,0.068,0.036,0.004
432,5.283,4.829,0.001,0.007,0.037,0,0,,0,,,,0,,,,,40,40,0,2,3,0,3,3,1,0,1,9,10,11,1,0,2,0,1,0,6224,0.043,0.072,0.008
433,2.632,2.183,0,0.01,0.048,0,0,,0,,,,0,,,,,40,40,0,2,3,0,3,3,1,0,1,9,10,11,1,0,2,0,1,0,6224,0.039,0.044,0.015
434,3.245,2.999,0,0.006,0.043,0,0,,0,,,,0,,,,,40,40,0,2,3,0,3,3,1,0,1,9,10,11,1,0,2,0,1,0,6224,0.022,0.039,0.006
435,2.473,2.107,0.001,0.011,0.033,0,0,,0,,,,0,,,,,40,40,0,2,3,0,3,3,1,0,1,9,10,11,1,0,2,0,1,0,6224,0.049,0.08,0.009
436,2.843,2.669,0,0.007,0.026,0,0,,0,,,,0,,,,,40,40,0,2,3,0,3,3,1,0,1,9,10,11,1,0,2,0,1,0,6224,0.021,0.028,0.003
437,4.554,4.318,0,0.007,0.025,0,0,,0,,,,0,,,,,40,40,0,2,3,0,3,3,1,0,1,9,10,11,1,0,2,0,1,0,6224,0.037,0.067,0.004
438,3.593,3.213,0.001,0.011,0.051,0,0,,0,,,,0,,,,,40,40,0,2,3,0,3,3,1,0,1,9,10,11,1,0,2,0,1,0,6224,0.044,0.056,0.01
439,2.772,2.401,0.001,0.011,0.028,0,0,,0,,,,0,,,,,40,40,0,2,3,0,3,3,1,0,1,9,10,11,1,0,2,0,1,0,6224,0.052,0.046,0.007
440,7.066,6.863,0,0.005,0.028,0,0,,0,,,,0,,,,,40,40,0,2,3,0,3,3,1,0,1,9,10,11,1,0,2,0,1,0,6224,0.016,0.025,0.006
441,3.87,3.415,0,0.01,0.036,0,0,,0,,,,0,,,,,40,40,0,2,3,0,3,3,1,0,1,9,10,11,1,0,2,0,1,0,6224,0.042,0.164,0.008
442,3.344,3.004,0.001,0.008,0.06,0,0,,0,,,,0,,,,,40,40,0,2,3,0,3,3,1,0,1,9,10,11,1,0,2,0,1,0,6224,0.028,0.072,0.008
443,2.866,2.632,0,0.009,0.018,0,0,,0,,,,0,,,,,40,40,0,2,3,0,3,3,1,0,1,9,10,11,1,0,2,0,1,0,6224,0.057,0.033,0.003
444,4.489,4.227,0,0.009,0.052,0,0,,0,,,,0,,,,,40,40,0,2,3,0,3,3,1,0,1,9,10,11,1,0,2,0,1,0,6224,0.057,0.023,0.003
445,3.238,2.89,0,0.013,0.049,0,0,,0,,,,0,,,,,40,40,0,2,3,0,3,3,1,0,1,9,10,11,1,0,2,0,1,0,6224,0.038,0.054,0.008
446,2.202,1.972,0,0.008,0.039,0,0,,0,,,,0,,,,,40,40,0,2,3,0,3,3,1,0,1,9,10,11,1,0,2,0,1,0,6224,0.02,0.028,0.003
447,3.66,3.287,0.001,0.01,0.056,0,0,,0,,,,0,,,,,40,40,0,2,3,0,3,3,1,0,1,9,10,11,1,0,2,0,1,0,6224,0.03,0.057,0.01
448,5.501,5.154,0.001,0.01,0.051,0,0,,0,,,,0,,,,,40,40,0,2,3,0,3,3,1,0,1,9,10,11,1,0,2,0,1,0,6224,0.032,0.048,0.01
449,5.517,5.188,0.001,0.009,0.034,0,0,,0,,,,0,,,,,40,40,0,2,3,0,3,3,1,0,1,9,10,11,1,0,2,0,1,0,6224,0.048,0.066,0.006
450,7.933,7.538,0,0.009,0.084,0,0,,1,390.625,231743488,286662656,1,70948032,70948032,167755776,38823561584,40,40,0,2,3,0,3,3,1,0,1,9,10,11,1,0,2,0,1,0,6224,0.022,0.069,0.01
451,5.808,5.452,0,0.01,0.03,0,0,,0,,,,0,,,,,40,40,0,2,3,0,3,3,1,0,1,9,10,11,1,0,2,0,1,0,6224,0.041,0.071,0.008
452,5.214,4.815,0,0.009,0.062,0,0,,0,,,,0,,,,,40,40,0,2,3,0,3,3,1,0,1,9,10,11,1,0,2,0,1,0,6224,0.124,0.032,0.007
453,4.995,4.665,0,0.006,0.04,0,0,,0,,,,0,,,,,40,40,0,2,3,0,3,3,1,0,1,9,10,11,1,0,2,0,1,0,6224,0.044,0.074,0.008
454,3.365,3.053,0,0.009,0.032,0,0,,0,,,,0,,,,,40,40,0,2,3,0,3,3,1,0,1,9,10,11,1,0,2,0,1,0,6224,0.048,0.042,0.007
455,4.442,4.153,0,0.007,0.035,0,0,,0,,,,0,,,,,40,40,0,2,3,0,3,3,1,0,1,9,10,11,1,0,2,0,1,0,6224,0.036,0.062,0.008
456,7.199,6.878,0.001,0.011,0.042,0,0,,0,,,,0,,,,,40,40,0,2,3,0,3,3,1,0,1,9,10,11,1,0,2,0,1,0,6224,0.043,0.033,0.007
457,4.737,4.372,0.001,0.007,0.045,0,0,,0,,,,0,,,,,40,40,0,2,3,0,3,3,1,0,1,9,10,11,1,0,2,0,1,0,6224,0.032,0.089,0.009
458,6.729,6.442,0,0.009,0.041,0,0,,0,,,,0,,,,,40,40,0,2,3,0,3,3,1,0,1,9,10,11,1,0,2,0,1,0,6224,0.024,0.041,0.008
459,12.659,12.231,0.001,0.014,0.048,0,0,,0,,,,0,,,,,40,40,0,2,3,0,3,3,1,0,1,9,10,11,1,0,2,0,1,0,6224,0.049,0.077,0.01
460,4.946,4.627,0,0.009,0.034,0,0,,0,,,,0,,,,,40,40,0,2,3,0,3,3,1,0,1,9,10,11,1,0,2,0,1,0,6224,0.046,0.044,0.007
461,3.462,3.131,0.001,0.008,0.042,0,0,,0,,,,0,,,,,40,40,0,2,3,0,3,3,1,0,1,9,10,11,1,0,2,0,1,0,6224,0.036,0.06,0.009
462,3.313,2.984,0,0.008,0.038,0,0,,0,,,,0,,,,,40,40,0,2,3,0,3,3,1,0,1,9,10,11,1,0,2,0,1,0,6224,0.033,0.056,0.008
463,3.509,3.136,0,0.011,0.035,0,0,,0,,,,0,,,,,40,40,0,2,3,0,3,3,1,0,1,9,10,11,1,0,2,0,1,0,6224,0.045,0.126,0.004
464,3.199,2.936,0.001,0.006,0.028,0,0,,0,,,,0,,,,,40,40,0,2,3,0,3,3,1,0,1,9,10,11,1,0,2,0,1,0,6224,0.033,0.052,0.005
465,4.276,4.007,0.001,0.009,0.032,0,0,,0,,,,0,,,,,40,40,0,2,3,0,3,3,1,0,1,9,10,11,1,0,2,0,1,0,6224,0.031,0.051,0.005
466,3.844,3.49,0.001,0.007,0.06,0,0,,0,,,,0,,,,,40,40,0,2,3,0,3,3,1,0,1,9,10,11,1,0,2,0,1,0,6224,0.025,0.039,0.009
467,3.597,3.355,0,0.009,0.045,0,0,,0,,,,0,,,,,40,40,0,2,3,0,3,3,1,0,1,9,10,11,1,0,2,0,1,0,6224,0.018,0.03,0.006
468,5.116,4.718,0.001,0.013,0.041,0,0,,0,,,,0,,,,,40,40,0,2,3,0,3,3,1,0,1,9,10,11,1,0,2,0,1,0,6224,0.052,0.073,0.006
469,4.253,3.927,0,0.009,0.054,0,0,,0,,,,0,,,,,40,40,0,2,3,0,3,3,1,0,1,9,10,11,1,0,2,0,1,0,6224,0.034,0.053,0.009
470,5.791,5.448,0,0.007,0.083,0,0,,0,,,,0,,,,,40,40,0,2,3,0,3,3,1,0,1,9,10,11,1,0,2,0,1,0,6224,0.028,0.047,0.009
471,5.084,4.634,0,0.01,0.049,0,0,,0,,,,0,,,,,40,40,0,2,3,0,3,3,1,0,1,9,10,11,1,0,2,0,1,0,6224,0.056,0.092,0.01
472,5.045,4.789,0,0.007,0.04,0,0,,0,,,,0,,,,,40,40,0,2,3,0,3,3,1,0,1,9,10,11,1,0,2,0,1,0,6224,0.024,0.043,0.006
473,7.267,6.889,0,0.011,0.037,0,0,,0,,,,0,,,,,40,40,0,2,3,0,3,3,1,0,1,9,10,11,1,0,2,0,1,0,6224,0.058,0.037,0.008
474,5.414,5.122,0.001,0.008,0.031,0,0,,0,,,,0,,,,,40,40,0,2,3,0,3,3,1,0,1,9,10,11,1,0,2,0,1,0,6224,0.036,0.061,0.007
475,3.931,3.694,0,0.005,0.034,0,0,,0,,,,0,,,,,40,40,0,2,3,0,3,3,1,0,1,9,10,11,1,0,2,0,1,0,6224,0.03,0.056,0.004
476,3.785,3.491,0.001,0.01,0.036,0,0,,0,,,,0,,,,,40,40,0,2,3,0,3,3,1,0,1,9,10,11,1,0,2,0,1,0,6224,0.025,0.066,0.007
477,3.509,3.208,0,0.006,0.04,0,0,,0,,,,0,,,,,40,40,0,2,3,0,3,3,1,0,1,9,10,11,1,0,2,0,1,0,6224,0.041,0.069,0.005
478,5.168,4.864,0.001,0.013,0.03,0,0,,0,,,,0,,,,,40,40,0,2,3,0,3,3,1,0,1,9,10,11,1,0,2,0,1,0,6224,0.057,0.035,0.005
479,3.632,3.256,0,0.014,0.049,0,0,,0,,,,0,,,,,40,40,0,2,3,0,3,3,1,0,1,9,10,11,1,0,2,0,1,0,6224,0.061,0.058,0.005
480,2.848,2.496,0.001,0.009,0.054,0,0,,1,390.625,231751680,286662656,1,70948032,70948032,167755776,38823561584,40,40,0,2,3,0,3,3,1,0,1,9,10,11,1,0,2,0,1,0,6224,0.036,0.058,0.009
481,3.2,2.848,0.001,0.011,0.041,0,0,,0,,,,0,,,,,40,40,0,2,3,0,3,3,1,0,1,9,10,11,1,0,2,0,1,0,6224,0.037,0.057,0.008
482,2.692,2.378,0.001,0.011,0.043,0,0,,0,,,,0,,,,,40,40,0,2,3,0,3,3,1,0,1,9,10,11,1,0,2,0,1,0,6224,0.054,0.04,0.005
483,4.469,4.184,0,0.008,0.025,0,0,,0,,,,0,,,,,40,40,0,2,3,0,3,3,1,0,1,9,10,11,1,0,2,0,1,0,6224,0.042,0.072,0.005
484,4.053,3.683,0,0.01,0.046,0,0,,0,,,,0,,,,,40,40,0,2,3,0,3,3,1,0,1,9,10,11,1,0,2,0,1,0,6224,0.032,0.049,0.006
485,2.508,2.197,0.001,0.006,0.033,0,0,,0,,,,0,,,,,40,40,0,2,3,0,3,3,1,0,1,9,10,11,1,0,2,0,1,0,6224,0.084,0.04,0.007
486,2.281,2.006,0,0.006,0.051,0,0,,0,,,,0,,,,,40,40,0,2,3,0,3,3,1,0,1,9,10,11,1,0,2,0,1,0,6224,0.03,0.05,0.005
487,2.317,1.973,0,0.008,0.045,0,0,,0,,,,0,,,,,40,40,0,2,3,0,3,3,1,0,1,9,10,11,1,0,2,0,1,0,6224,0.039,0.065,0.006
488,2.194,1.946,0,0.006,0.031,0,0,,0,,,,0,,,,,40,40,0,2,3,0,3,3,1,0,1,9,10,11,1,0,2,0,1,0,6224,0.023,0.063,0.005
489,4.215,3.963,0.001,0.008,0.021,0,0,,0,,,,0,,,,,40,40,0,2,3,0,3,3,1,0,1,9,10,11,1,0,2,0,1,0,6224,0.042,0.026,0.003
490,2.963,2.605,0,0.029,0.042,0,0,,0,,,,0,,,,,40,40,0,2,3,0,3,3,1,0,1,9,10,11,1,0,2,0,1,0,6224,0.042,0.072,0.006
491,3.44,3.126,0,0.01,0.042,0,0,,0,,,,0,,,,,40,40,0,2,3,0,3,3,1,0,1,9,10,11,1,0,2,0,1,0,6224,0.028,0.077,0.007
492,2.909,2.687,0,0.006,0.038,0,0,,0,,,,0,,,,,40,40,0,2,3,0,3,3,1,0,1,9,10,11,1,0,2,0,1,0,6224,0.022,0.037,0.005
493,3.225,3.03,0,0.005,0.025,0,0,,0,,,,0,,,,,40,40,0,2,3,0,3,3,1,0,1,9,10,11,1,0,2,0,1,0,6224,0.026,0.049,0.003
494,3.959,3.634,0,0.011,0.046,0,0,,0,,,,0,,,,,40,40,0,2,3,0,3,3,1,0,1,9,10,11,1,0,2,0,1,0,6224,0.035,0.057,0.008
495,3.023,2.769,0,0.007,0.03,0,0,,0,,,,0,,,,,40,40,0,2,3,0,3,3,1,0,1,9,10,11,1,0,2,0,1,0,6224,0.028,0.041,0.004
496,3.708,3.461,0,0.006,0.039,0,0,,0,,,,0,,,,,40,40,0,2,3,0,3,3,1,0,1,9,10,11,1,0,2,0,1,0,6224,0.021,0.031,0.007
497,3.247,2.799,0,0.009,0.058,0,0,,0,,,,0,,,,,40,40,0,2,3,0,3,3,1,0,1,9,10,11,1,0,2,0,1,0,6224,0.081,0.058,0.021
498,3.455,3.159,0,0.009,0.057,0,0,,0,,,,0,,,,,40,40,0,2,3,0,3,3,1,0,1,9,10,11,1,0,2,0,1,0,6224,0.04,0.03,0.005
499,5.749,5.473,0.001,0.006,0.03,0,0,,0,,,,0,,,,,40,40,0,2,3,0,3,3,1,0,1,9,10,11,1,0,2,0,1,0,6224,0.038,0.063,0.007
500,3.801,3.51,0,0.008,0.044,0,0,,0,,,,0,,,,,40,40,0,2,3,0,3,3,1,0,1,9,10,11,1,0,2,0,1,0,6224,0.024,0.041,0.008
501,3.223,2.918,0.001,0.01,0.022,0,0,,0,,,,0,,,,,40,40,0,2,3,0,3,3,1,0,1,9,10,11,1,0,2,0,1,0,6224,0.044,0.067,0.005
502,5.151,4.811,0,0.008,0.038,0,0,,0,,,,0,,,,,40,40,0,2,3,0,3,3,1,0,1,9,10,11,1,0,2,0,1,0,6224,0.049,0.083,0.007
503,3.063,2.757,0,0.01,0.033,0,0,,0,,,,0,,,,,40,40,0,2,3,0,3,3,1,0,1,9,10,11,1,0,2,0,1,0,6224,0.041,0.067,0.006
504,2.966,2.752,0,0.006,0.037,0,0,,0,,,,0,,,,,40,40,0,2,3,0,3,3,1,0,1,9,10,11,1,0,2,0,1,0,6224,0.02,0.029,0.006
505,6.842,6.466,0.001,0.011,0.039,0,0,,0,,,,0,,,,,40,40,0,2,3,0,3,3,1,0,1,9,10,11,1,0,2,0,1,0,6224,0.044,0.083,0.009
506,3.56,3.211,0.001,0.009,0.035,0,0,,0,,,,0,,,,,40,40,0,2,3,0,3,3,1,0,1,9,10,11,1,0,2,0,1,0,6224,0.081,0.047,0.005
507,3.503,3.279,0,0.004,0.041,0,0,,0,,,,0,,,,,40,40,0,2,3,0,3,3,1,0,1,9,10,11,1,0,2,0,1,0,6224,0.019,0.032,0.005
508,3.192,2.812,0,0.006,0.087,0,0,,0,,,,0,,,,,40,40,0,2,3,0,3,3,1,0,1,9,10,11,1,0,2,0,1,0,6224,0.023,0.035,0.006
509,4.242,3.904,0,0.007,0.041,0,0,,0,,,,0,,,,,40,40,0,2,3,0,3,3,1,0,1,9,10,11,1,0,2,0,1,0,6224,0.037,0.067,0.009
510,4.995,4.7,0,0.011,0.06,0,0,,1,421.875,231759872,286662656,1,70948032,70948032,167755776,38823561584,40,40,0,2,3,0,3,3,1,0,1,9,10,11,1,0,2,0,1,0,6224,0.021,0.031,0.007
511,3.251,2.897,0,0.009,0.036,0,0,,0,,,,0,,,,,40,40,0,2,3,0,3,3,1,0,1,9,10,11,1,0,2,0,1,0,6224,0.055,0.09,0.008
512,2.375,2.19,0,0.007,0.022,0,0,,0,,,,0,,,,,40,40,0,2,3,0,3,3,1,0,1,9,10,11,1,0,2,0,1,0,6224,0.02,0.036,0.003
513,3.123,2.89,0,0.006,0.038,0,0,,0,,,,0,,,,,40,40,0,2,3,0,3,3,1,0,1,9,10,11,1,0,2,0,1,0,6224,0.021,0.034,0.006
514,3.166,2.851,0,0.008,0.034,0,0,,0,,,,0,,,,,40,40,0,2,3,0,3,3,1,0,1,9,10,11,1,0,2,0,1,0,6224,0.037,0.063,0.006
515,3.042,2.726,0,0.011,0.021,0,0,,0,,,,0,,,,,40,40,0,2,3,0,3,3,1,0,1,9,10,11,1,0,2,0,1,0,6224,0.04,0.107,0.004
516,3.748,3.454,0,0.006,0.042,0,0,,0,,,,0,,,,,40,40,0,2,3,0,3,3,1,0,1,9,10,11,1,0,2,0,1,0,6224,0.041,0.071,0.004
517,3.55,3.356,0,0.005,0.034,0,0,,0,,,,0,,,,,40,40,0,2,3,0,3,3,1,0,1,9,10,11,1,0,2,0,1,0,6224,0.024,0.044,0.003
518,3.032,2.76,0,0.008,0.03,0,0,,0,,,,0,,,,,40,40,0,2,3,0,3,3,1,0,1,9,10,11,1,0,2,0,1,0,6224,0.031,0.055,0.006
519,2.403,2.09,0,0.007,0.032,0,0,,0,,,,0,,,,,40,40,0,2,3,0,3,3,1,0,1,9,10,11,1,0,2,0,1,0,6224,0.033,0.056,0.008
520,2.372,2.044,0.001,0.007,0.034,0,0,,0,,,,0,,,,,40,40,0,2,3,0,3,3,1,0,1,9,10,11,1,0,2,0,1,0,6224,0.05,0.082,0.008
521,3.161,2.92,0,0.008,0.015,0,0,,0,,,,0,,,,,40,40,0,2,3,0,3,3,1,0,1,9,10,11,1,0,2,0,1,0,6224,0.046,0.077,0.002
522,2.953,2.647,0.001,0.012,0.024,0,0,,0,,,,0,,,,,40,40,0,2,3,0,3,3,1,0,1,9,10,11,1,0,2,0,1,0,6224,0.046,0.073,0.005
523,2.677,2.467,0,0.004,0.043,0,0,,0,,,,0,,,,,40,40,0,2,3,0,3,3,1,0,1,9,10,11,1,0,2,0,1,0,6224,0.019,0.04,0.004
524,3.061,2.768,0.001,0.008,0.033,0,0,,0,,,,0,,,,,40,40,0,2,3,0,3,3,1,0,1,9,10,11,1,0,2,0,1,0,6224,0.033,0.052,0.007
525,2.472,2.282,0,0.006,0.028,0,0,,0,,,,0,,,,,40,40,0,2,3,0,3,3,1,0,1,9,10,11,1,0,2,0,1,0,6224,0.026,0.046,0.003
526,2.672,2.441,0,0.007,0.031,0,0,,0,,,,0,,,,,40,40,0,2,3,0,3,3,1,0,1,9,10,11,1,0,2,0,1,0,6224,0.032,0.046,0.003
527,4.866,4.566,0.001,0.006,0.039,0,0,,0,,,,0,,,,,40,40,0,2,3,0,3,3,1,0,1,9,10,11,1,0,2,0,1,0,6224,0.039,0.069,0.004
528,4.715,4.45,0,0.007,0.038,0,0,,0,,,,0,,,,,40,40,0,2,3,0,3,3,1,0,1,9,10,11,1,0,2,0,1,0,6224,0.02,0.032,0.007
529,6.279,5.982,0,0.008,0.083,0,0,,0,,,,0,,,,,40,40,0,2,3,0,3,3,1,0,1,9,10,11,1,0,2,0,1,0,6224,0.021,0.031,0.008
530,5.265,4.914,0,0.011,0.04,0,0,,0,,,,0,,,,,40,40,0,2,3,0,3,3,1,0,1,9,10,11,1,0,2,0,1,0,6224,0.05,0.048,0.009
531,3.873,3.517,0,0.05,0.052,0,0,,0,,,,0,,,,,40,40,0,2,3,0,3,3,1,0,1,9,10,11,1,0,2,0,1,0,6224,0.032,0.053,0.007
532,3.713,3.319,0.001,0.011,0.055,0,0,,0,,,,0,,,,,40,40,0,2,3,0,3,3,1,0,1,9,10,11,1,0,2,0,1,0,6224,0.058,0.077,0.009
533,3.012,2.749,0.001,0.008,0.033,0,0,,0,,,,0,,,,,40,40,0,2,3,0,3,3,1,0,1,9,10,11,1,0,2,0,1,0,6224,0.04,0.04,0.003
534,3.402,3.083,0.001,0.011,0.021,0,0,,0,,,,0,,,,,40,40,0,2,3,0,3,3,1,0,1,9,10,11,1,0,2,0,1,0,6224,0.052,0.088,0.006
535,3.523,3.236,0,0.007,0.045,0,0,,0,,,,0,,,,,40,40,0,2,3,0,3,3,1,0,1,9,10,11,1,0,2,0,1,0,6224,0.037,0.066,0.004
536,4.146,3.838,0.001,0.008,0.028,0,0,,0,,,,0,,,,,40,40,0,2,3,0,3,3,1,0,1,9,10,11,1,0,2,0,1,0,6224,0.039,0.072,0.007
537,6.875,6.49,0.001,0.01,0.04,0,0,,0,,,,0,,,,,40,40,0,2,3,0,3,3,1,0,1,9,10,11,1,0,2,0,1,0,6224,0.042,0.096,0.009
538,5.674,5.471,0,0.01,0.024,0,0,,0,,,,0,,,,,40,40,0,2,3,0,3,3,1,0,1,9,10,11,1,0,2,0,1,0,6224,0.034,0.025,0.006
539,3.705,3.477,0,0.008,0.044,0,0,,0,,,,0,,,,,40,40,0,2,3,0,3,3,1,0,1,9,10,11,1,0,2,0,1,0,6224,0.017,0.05,0.004
540,4.096,3.608,0,0.008,0.075,0,0,,1,421.875,231784448,286683136,1,70948032,70948032,167755776,38823561584,40,40,0,2,3,0,3,3,1,0,1,9,10,11,1,0,2,0,1,0,6224,0.101,0.074,0.011
541,2.864,2.492,0.001,0.008,0.038,0,0,,0,,,,0,,,,,40,40,0,2,3,0,3,3,1,0,1,9,10,11,1,0,2,0,1,0,6224,0.05,0.081,0.009
542,4.299,3.944,0.001,0.008,0.022,0,0,,0,,,,0,,,,,40,40,0,2,3,0,3,3,1,0,1,9,10,11,1,0,2,0,1,0,6224,0.051,0.085,0.007
543,3.434,3.208,0,0.005,0.032,0,0,,0,,,,0,,,,,40,40,0,2,3,0,3,3,1,0,1,9,10,11,1,0,2,0,1,0,6224,0.031,0.052,0.004
544,2.479,2.14,0.001,0.004,0.032,0,0,,0,,,,0,,,,,40,40,0,2,3,0,3,3,1,0,1,9,10,11,1,0,2,0,1,0,6224,0.036,0.059,0.008
545,2.889,2.588,0,0.007,0.045,0,0,,0,,,,0,,,,,40,40,0,2,3,0,3,3,1,0,1,9,10,11,1,0,2,0,1,0,6224,0.036,0.046,0.006
546,2.286,1.933,0,0.012,0.027,0,0,,0,,,,0,,,,,40,40,0,2,3,0,3,3,1,0,1,9,10,11,1,0,2,0,1,0,6224,0.051,0.086,0.007
547,2.882,2.575,0,0.008,0.037,0,0,,0,,,,0,,,,,40,40,0,2,3,0,3,3,1,0,1,9,10,11,1,0,2,0,1,0,6224,0.041,0.073,0.006
548,2.959,2.786,0,0.005,0.022,0,0,,0,,,,0,,,,,40,40,0,2,3,0,3,3,1,0,1,9,10,11,1,0,2,0,1,0,6224,0.027,0.049,0.003
549,2.409,2.21,0,0.005,0.035,0,0,,0,,,,0,,,,,40,40,0,2,3,0,3,3,1,0,1,9,10,11,1,0,2,0,1,0,6224,0.026,0.045,0.003
550,4.221,3.831,0.001,0.009,0.056,0,0,,0,,,,0,,,,,40,40,0,2,3,0,3,3,1,0,1,9,10,11,1,0,2,0,1,0,6224,0.042,0.066,0.011
551,3.325,2.907,0.001,0.009,0.058,0,0,,0,,,,0,,,,,40,40,0,2,3,0,3,3,1,0,1,9,10,11,1,0,2,0,1,0,6224,0.036,0.057,0.03
552,3.083,2.751,0,0.009,0.041,0,0,,0,,,,0,,,,,40,40,0,2,3,0,3,3,1,0,1,9,10,11,1,0,2,0,1,0,6224,0.025,0.043,0.009
553,5.215,5.049,0.001,0.003,0.03,0,0,,0,,,,0,,,,,40,40,0,2,3,0,3,3,1,0,1,9,10,11,1,0,2,0,1,0,6224,0.015,0.027,0.003
554,3.226,2.924,0,0.008,0.036,0,0,,0,,,,0,,,,,40,40,0,2,3,0,3,3,1,0,1,9,10,11,1,0,2,0,1,0,6224,0.043,0.071,0.005
555,10.335,10.07,0,0.007,0.04,0,0,,0,,,,0,,,,,40,40,0,2,3,0,3,3,1,0,1,9,10,11,1,0,2,0,1,0,6224,0.021,0.033,0.009
556,4.42,4.049,0,0.009,0.027,0,0,,0,,,,0,,,,,40,40,0,2,3,0,3,3,1,0,1,9,10,11,1,0,2,0,1,0,6224,0.041,0.061,0.006
557,4.143,3.772,0.001,0.01,0.04,0,0,,0,,,,0,,,,,40,40,0,2,3,0,3,3,1,0,1,9,10,11,1,0,2,0,1,0,6224,0.039,0.068,0.01
558,2.936,2.631,0,0.005,0.047,0,0,,0,,,,0,,,,,40,40,0,2,3,0,3,3,1,0,1,9,10,11,1,0,2,0,1,0,6224,0.02,0.035,0.007
559,4.153,4.022,0,0.003,0.02,0,0,,0,,,,0,,,,,40,40,0,2,3,0,3,3,1,0,1,9,10,11,1,0,2,0,1,0,6224,0.014,0.025,0.003
560,3.917,3.685,0,0.005,0.041,0,0,,0,,,,0,,,,,40,40,0,2,3,0,3,3,1,0,1,9,10,11,1,0,2,0,1,0,6224,0.026,0.04,0.005
561,3.599,3.267,0.001,0.012,0.042,0,0,,0,,,,0,,,,,40,40,0,2,3,0,3,3,1,0,1,9,10,11,1,0,2,0,1,0,6224,0.026,0.043,0.007
562,5.663,5.276,0,0.009,0.047,0,0,,0,,,,0,,,,,40,40,0,2,3,0,3,3,1,0,1,9,10,11,1,0,2,0,1,0,6224,0.048,0.081,0.009
563,2.326,1.959,0.001,0.013,0.038,0,0,,0,,,,0,,,,,40,40,0,2,3,0,3,3,1,0,1,9,10,11,1,0,2,0,1,0,6224,0.044,0.07,0.009
564,2.929,2.541,0,0.007,0.051,0,0,,0,,,,0,,,,,40,40,0,2,3,0,3,3,1,0,1,9,10,11,1,0,2,0,1,0,6224,0.048,0.124,0.008
565,2.243,1.947,0,0.009,0.043,0,0,,0,,,,0,,,,,40,40,0,2,3,0,3,3,1,0,1,9,10,11,1,0,2,0,1,0,6224,0.037,0.065,0.005
566,2.247,2.059,0,0.004,0.023,0,0,,0,,,,0,,,,,40,40,0,2,3,0,3,3,1,0,1,9,10,11,1,0,2,0,1,0,6224,0.02,0.035,0.003
567,3.129,2.833,0,0.008,0.044,0,0,,0,,,,0,,,,,40,40,0,2,3,0,3,3,1,0,1,9,10,11,1,0,2,0,1,0,6224,0.033,0.048,0.006
568,2.385,2.031,0.001,0.009,0.03,0,0,,0,,,,0,,,,,40,40,0,2,3,0,3,3,1,0,1,9,10,11,1,0,2,0,1,0,6224,0.051,0.082,0.008
569,2.824,2.571,0,0.01,0.024,0,0,,0,,,,0,,,,,40,40,0,2,3,0,3,3,1,0,1,9,10,11,1,0,2,0,1,0,6224,0.041,0.031,0.004
570,2.901,2.705,0,0.007,0.02,0,0,,1,421.875,231792640,286683136,1,70948032,70948032,167755776,38823561584,40,40,0,2,3,0,3,3,1,0,1,9,10,11,1,0,2,0,1,0,6224,0.03,0.049,0.003
571,2.895,2.552,0,0.012,0.035,0,0,,0,,,,0,,,,,40,40,0,2,3,0,3,3,1,0,1,9,10,11,1,0,2,0,1,0,6224,0.05,0.073,0.005
572,3.079,2.8,0,0.006,0.045,0,0,,0,,,,0,,,,,40,40,0,2,3,0,3,3,1,0,1,9,10,11,1,0,2,0,1,0,6224,0.031,0.055,0.005
573,3.069,2.803,0,0.007,0.034,0,0,,0,,,,0,,,,,40,40,0,2,3,0,3,3,1,0,1,9,10,11,1,0,2,0,1,0,6224,0.024,0.035,0.007
574,2.418,2.153,0,0.006,0.035,0,0,,0,,,,0,,,,,40,40,0,2,3,0,3,3,1,0,1,9,10,11,1,0,2,0,1,0,6224,0.031,0.046,0.005
575,2.482,2.199,0,0.005,0.029,0,0,,0,,,,0,,,,,40,40,0,2,3,0,3,3,1,0,1,9,10,11,1,0,2,0,1,0,6224,0.021,0.11,0.006
576,6.712,6.336,0,0.009,0.042,0,0,,0,,,,0,,,,,40,40,0,2,3,0,3,3,1,0,1,9,10,11,1,0,2,0,1,0,6224,0.068,0.037,0.007
577,6.932,6.604,0,0.01,0.044,0,0,,0,,,,0,,,,,40,40,0,2,3,0,3,3,1,0,1,9,10,11,1,0,2,0,1,0,6224,0.026,0.039,0.009
578,5.595,5.205,0,0.011,0.036,0,0,,0,,,,0,,,,,40,40,0,2,3,0,3,3,1,0,1,9,10,11,1,0,2,0,1,0,6224,0.049,0.081,0.007
579,5.36,4.846,0,0.007,0.07,0,0,,0,,,,0,,,,,40,40,0,2,3,0,3,3,1,0,1,9,10,11,1,0,2,0,1,0,6224,0.041,0.186,0.011
580,2.742,2.454,0.001,0.005,0.06,0,0,,0,,,,0,,,,,40,40,0,2,3,0,3,3,1,0,1,9,10,11,1,0,2,0,1,0,6224,0.024,0.04,0.008
581,2.481,2.103,0,0.04,0.075,0,0,,0,,,,0,,,,,40,40,0,2,3,0,3,3,1,0,1,9,10,11,1,0,2,0,1,0,6224,0.046,0.04,0.005
582,2.299,1.987,0,0.01,0.03,0,0,,0,,,,0,,,,,40,40,0,2,3,0,3,3,1,0,1,9,10,11,1,0,2,0,1,0,6224,0.057,0.034,0.005
583,2.86,2.608,0,0.007,0.016,0,0,,0,,,,0,,,,,40,40,0,2,3,0,3,3,1,0,1,9,10,11,1,0,2,0,1,0,6224,0.049,0.084,0.002
584,3.787,3.526,0,0.007,0.023,0,0,,0,,,,0,,,,,40,40,0,2,3,0,3,3,1,0,1,9,10,11,1,0,2,0,1,0,6224,0.039,0.064,0.006
585,3.178,2.873,0,0.008,0.046,0,0,,0,,,,0,,,,,40,40,0,2,3,0,3,3,1,0,1,9,10,11,1,0,2,0,1,0,6224,0.035,0.067,0.006
586,3.795,3.472,0,0.013,0.042,0,0,,0,,,,0,,,,,40,40,0,2,3,0,3,3,1,0,1,9,10,11,1,0,2,0,1,0,6224,0.04,0.037,0.006
587,3.035,2.717,0.001,0.01,0.027,0,0,,0,,,,0,,,,,40,40,0,2,3,0,3,3,1,0,1,9,10,11,1,0,2,0,1,0,6224,0.035,0.081,0.005
588,3.213,2.902,0,0.007,0.032,0,0,,0,,,,0,,,,,40,40,0,2,3,0,3,3,1,0,1,9,10,11,1,0,2,0,1,0,6224,0.045,0.073,0.006
589,3.567,3.323,0,0.006,0.031,0,0,,0,,,,0,,,,,40,40,0,2,3,0,3,3,1,0,1,9,10,11,1,0,2,0,1,0,6224,0.032,0.059,0.004
590,2.254,1.983,0,0.007,0.032,0,0,,0,,,,0,,,,,40,40,0,2,3,0,3,3,1,0,1,9,10,11,1,0,2,0,1,0,6224,0.036,0.056,0.006
591,3.719,3.393,0,0.006,0.042,0,0,,0,,,,0,,,,,40,40,0,2,3,0,3,3,1,0,1,9,10,11,1,0,2,0,1,0,6224,0.04,0.065,0.009
592,3.081,2.781,0,0.011,0.028,0,0,,0,,,,0,,,,,40,40,0,2,3,0,3,3,1,0,1,9,10,11,1,0,2,0,1,0,6224,0.036,0.054,0.006
593,3.184,2.876,0,0.004,0.042,0,0,,0,,,,0,,,,,40,40,0,2,3,0,3,3,1,0,1,9,10,11,1,0,2,0,1,0,6224,0.029,0.062,0.007
594,2.922,2.701,0,0.005,0.037,0,0,,0,,,,0,,,,,40,40,0,2,3,0,3,3,1,0,1,9,10,11,1,0,2,0,1,0,6224,0.029,0.052,0.003
595,2.399,2.208,0,0.004,0.035,0,0,,0,,,,0,,,,,40,40,0,2,3,0,3,3,1,0,1,9,10,11,1,0,2,0,1,0,6224,0.028,0.05,0.002
596,2.696,2.331,0.001,0.007,0.042,0,0,,0,,,,0,,,,,40,40,0,2,3,0,3,3,1,0,1,9,10,11,1,0,2,0,1,0,6224,0.032,0.107,0.012
597,3.374,3.081,0,0.008,0.043,0,0,,0,,,,0,,,,,40,40,0,2,3,0,3,3,1,0,1,9,10,11,1,0,2,0,1,0,6224,0.029,0.032,0.007
598,2.771,2.58,0,0.005,0.034,0,0,,0,,,,0,,,,,40,40,0,2,3,0,3,3,1,0,1,9,10,11,1,0,2,0,1,0,6224,0.02,0.034,0.004
599,3.427,3.091,0,0.008,0.029,0,0,,0,,,,0,,,,,40,40,0,2,3,0,3,3,1,0,1,9,10,11,1,0,2,0,1,0,6224,0.048,0.084,0.006
600,2.996,2.732,0.001,0.006,0.024,0,0,,1,437.5,231800832,286683136,1,70948032,70948032,167755776,38823561584,40,40,0,2,3,0,3,3,1,0,1,9,10,11,1,0,2,0,1,0,6224,0.043,0.077,0.005
601,2.335,1.913,0,0.008,0.14,0,0,,0,,,,0,,,,,40,40,0,2,3,0,3,3,1,0,1,9,10,11,1,0,2,0,1,0,6224,0.046,0.076,0.007
602,2.721,2.4,0,0.008,0.045,0,0,,0,,,,0,,,,,40,40,0,2,3,0,3,3,1,0,1,9,10,11,1,0,2,0,1,0,6224,0.035,0.052,0.008
603,2.086,1.888,0,0.005,0.038,0,0,,0,,,,0,,,,,40,40,0,2,3,0,3,3,1,0,1,9,10,11,1,0,2,0,1,0,6224,0.02,0.034,0.004
604,3.052,2.762,0,0.007,0.051,0,0,,0,,,,0,,,,,40,40,0,2,3,0,3,3,1,0,1,9,10,11,1,0,2,0,1,0,6224,0.033,0.051,0.005
605,5.11,4.783,0,0.011,0.028,0,0,,0,,,,0,,,,,40,40,0,2,3,0,3,3,1,0,1,9,10,11,1,0,2,0,1,0,6224,0.051,0.083,0.006
606,3.539,3.16,0,0.006,0.101,0,0,,0,,,,0,,,,,40,40,0,2,3,0,3,3,1,0,1,9,10,11,1,0,2,0,1,0,6224,0.044,0.067,0.006
607,3.533,3.206,0,0.01,0.041,0,0,,0,,,,0,,,,,40,40,0,2,3,0,3,3,1,0,1,9,10,11,1,0,2,0,1,0,6224,0.043,0.063,0.008
608,2.321,2.166,0,0.004,0.029,0,0,,0,,,,0,,,,,40,40,0,2,3,0,3,3,1,0,1,9,10,11,1,0,2,0,1,0,6224,0.015,0.024,0.003
609,2.466,2.251,0,0.007,0.03,0,0,,0,,,,0,,,,,40,40,0,2,3,0,3,3,1,0,1,9,10,11,1,0,2,0,1,0,6224,0.02,0.032,0.005
610,2.548,2.333,0,0.006,0.025,0,0,,0,,,,0,,,,,40,40,0,2,3,0,3,3,1,0,1,9,10,11,1,0,2,0,1,0,6224,0.035,0.054,0.003
611,2.958,2.747,0.001,0.008,0.032,0,0,,0,,,,0,,,,,40,40,0,2,3,0,3,3,1,0,1,9,10,11,1,0,2,0,1,0,6224,0.023,0.033,0.005
612,2.814,2.44,0.001,0.007,0.136,0,0,,0,,,,0,,,,,40,40,0,2,3,0,3,3,1,0,1,9,10,11,1,0,2,0,1,0,6224,0.038,0.066,0.005
613,6.224,5.911,0,0.008,0.042,0,0,,0,,,,0,,,,,40,40,0,2,3,0,3,3,1,0,1,9,10,11,1,0,2,0,1,0,6224,0.023,0.038,0.011
614,5.199,4.903,0,0.009,0.071,0,0,,0,,,,0,,,,,40,40,0,2,3,0,3,3,1,0,1,9,10,11,1,0,2,0,1,0,6224,0.021,0.032,0.009
615,5.007,4.787,0,0.005,0.041,0,0,,0,,,,0,,,,,40,40,0,2,3,0,3,3,1,0,1,9,10,11,1,0,2,0,1,0,6224,0.019,0.03,0.006
616,5.01,4.748,0.001,0.007,0.034,0,0,,0,,,,0,,,,,40,40,0,2,3,0,3,3,1,0,1,9,10,11,1,0,2,0,1,0,6224,0.022,0.034,0.008
617,6.22,5.909,0,0.01,0.033,0,0,,0,,,,0,,,,,40,40,0,2,3,0,3,3,1,0,1,9,10,11,1,0,2,0,1,0,6224,0.038,0.066,0.006
618,2.485,2.312,0,0.004,0.025,0,0,,0,,,,0,,,,,40,40,0,2,3,0,3,3,1,0,1,9,10,11,1,0,2,0,1,0,6224,0.019,0.03,0.004
619,5.672,5.38,0,0.006,0.032,0,0,,0,,,,0,,,,,40,40,0,2,3,0,3,3,1,0,1,9,10,11,1,0,2,0,1,0,6224,0.021,0.035,0.009
620,2.827,2.609,0,0.005,0.039,0,0,,0,,,,0,,,,,40,40,0,2,3,0,3,3,1,0,1,9,10,11,1,0,2,0,1,0,6224,0.022,0.033,0.005
621,2.484,2.152,0.001,0.009,0.049,0,0,,0,,,,0,,,,,40,40,0,2,3,0,3,3,1,0,1,9,10,11,1,0,2,0,1,0,6224,0.054,0.096,0.005
622,2.585,2.256,0,0.009,0.034,0,0,,0,,,,0,,,,,40,40,0,2,3,0,3,3,1,0,1,9,10,11,1,0,2,0,1,0,6224,0.043,0.037,0.006
623,2.761,2.579,0,0.005,0.031,0,0,,0,,,,0,,,,,40,40,0,2,3,0,3,3,1,0,1,9,10,11,1,0,2,0,1,0,6224,0.019,0.029,0.003
624,3.193,2.911,0.001,0.006,0.027,0,0,,0,,,,0,,,,,40,40,0,2,3,0,3,3,1,0,1,9,10,11,1,0,2,0,1,0,6224,0.036,0.059,0.005
625,3.777,3.489,0,0.008,0.05,0,0,,0,,,,0,,,,,40,40,0,2,3,0,3,3,1,0,1,9,10,11,1,0,2,0,1,0,6224,0.02,0.034,0.01
626,2.961,2.673,0,0.006,0.037,0,0,,0,,,,0,,,,,40,40,0,2,3,0,3,3,1,0,1,9,10,11,1,0,2,0,1,0,6224,0.023,0.038,0.007
627,5.691,5.353,0,0.011,0.041,0,0,,0,,,,0,,,,,40,40,0,2,3,0,3,3,1,0,1,9,10,11,1,0,2,0,1,0,6224,0.048,0.042,0.009
628,5.001,4.668,0,0.008,0.039,0,0,,0,,,,0,,,,,40,40,0,2,3,0,3,3,1,0,1,9,10,11,1,0,2,0,1,0,6224,0.036,0.055,0.006
629,2.678,2.434,0,0.006,0.038,0,0,,0,,,,0,,,,,40,40,0,2,3,0,3,3,1,0,1,9,10,11,1,0,2,0,1,0,6224,0.023,0.038,0.007
630,3.841,3.535,0,0.013,0.031,0,0,,1,437.5,231870464,286683136,1,70948032,70948032,167755776,38823561584,40,40,0,2,3,0,3,3,1,0,1,9,10,11,1,0,2,0,1,0,6224,0.019,0.028,0.004
631,2.319,2.06,0,0.013,0.031,0,0,,0,,,,0,,,,,40,40,0,2,3,0,3,3,1,0,1,9,10,11,1,0,2,0,1,0,6224,0.047,0.033,0.005
632,3.513,3.203,0,0.005,0.043,0,0,,0,,,,0,,,,,40,40,0,2,3,0,3,3,1,0,1,9,10,11,1,0,2,0,1,0,6224,0.038,0.068,0.008
633,3.182,2.986,0,0.004,0.033,0,0,,0,,,,0,,,,,40,40,0,2,3,0,3,3,1,0,1,9,10,11,1,0,2,0,1,0,6224,0.02,0.036,0.004
634,6.751,6.323,0,0.009,0.064,0,0,,0,,,,0,,,,,40,40,0,2,3,0,3,3,1,0,1,9,10,11,1,0,2,0,1,0,6224,0.025,0.051,0.051
635,5.348,5.096,0.001,0.01,0.028,0,0,,0,,,,0,,,,,40,40,0,2,3,0,3,3,1,0,1,9,10,11,1,0,2,0,1,0,6224,0.02,0.033,0.006
636,3.931,3.567,0.001,0.009,0.035,0,0,,0,,,,0,,,,,40,40,0,2,3,0,3,3,1,0,1,9,10,11,1,0,2,0,1,0,6224,0.086,0.071,0.005
637,3.038,2.672,0.001,0.006,0.059,0,0,,0,,,,0,,,,,40,40,0,2,3,0,3,3,1,0,1,9,10,11,1,0,2,0,1,0,6224,0.023,0.041,0.006
638,3.851,3.634,0,0.005,0.038,0,0,,0,,,,0,,,,,40,40,0,2,3,0,3,3,1,0,1,9,10,11,1,0,2,0,1,0,6224,0.019,0.033,0.005
639,3.924,3.698,0.001,0.012,0.023,0,0,,0,,,,0,,,,,40,40,0,2,3,0,3,3,1,0,1,9,10,11,1,0,2,0,1,0,6224,0.024,0.033,0.005
640,3.516,3.169,0,0.014,0.025,0,0,,0,,,,0,,,,,40,40,0,2,3,0,3,3,1,0,1,9,10,11,1,0,2,0,1,0,6224,0.068,0.026,0.003
641,2.876,2.58,0,0.01,0.034,0,0,,0,,,,0,,,,,40,40,0,2,3,0,3,3,1,0,1,9,10,11,1,0,2,0,1,0,6224,0.049,0.051,0.004
642,2.325,2.05,0,0.006,0.039,0,0,,0,,,,0,,,,,40,40,0,2,3,0,3,3,1,0,1,9,10,11,1,0,2,0,1,0,6224,0.027,0.046,0.006
643,2.748,2.462,0,0.007,0.034,0,0,,0,,,,0,,,,,40,40,0,2,3,0,3,3,1,0,1,9,10,11,1,0,2,0,1,0,6224,0.048,0.057,0.004
644,3.946,3.742,0.001,0.005,0.027,0,0,,0,,,,0,,,,,40,40,0,2,3,0,3,3,1,0,1,9,10,11,1,0,2,0,1,0,6224,0.029,0.049,0.003
645,3.36,3.138,0,0.006,0.023,0,0,,0,,,,0,,,,,40,40,0,2,3,0,3,3,1,0,1,9,10,11,1,0,2,0,1,0,6224,0.035,0.061,0.003
646,3.103,2.891,0.001,0.005,0.034,0,0,,0,,,,0,,,,,40,40,0,2,3,0,3,3,1,0,1,9,10,11,1,0,2,0,1,0,6224,0.028,0.046,0.004
647,2.767,2.379,0.001,0.007,0.047,0,0,,0,,,,0,,,,,40,40,0,2,3,0,3,3,1,0,1,9,10,11,1,0,2,0,1,0,6224,0.043,0.063,0.009
648,2.826,2.553,0.001,0.007,0.045,0,0,,0,,,,0,,,,,40,40,0,2,3,0,3,3,1,0,1,9,10,11,1,0,2,0,1,0,6224,0.025,0.064,0.006
649,2.395,2.105,0,0.008,0.03,0,0,,0,,,,0,,,,,40,40,0,2,3,0,3,3,1,0,1,9,10,11,1,0,2,0,1,0,6224,0.044,0.055,0.004
650,2.223,2.038,0,0.006,0.018,0,0,,0,,,,0,,,,,40,40,0,2,3,0,3,3,1,0,1,9,10,11,1,0,2,0,1,0,6224,0.032,0.044,0.002
651,3.144,2.767,0.001,0.011,0.038,0,0,,0,,,,0,,,,,40,40,0,2,3,0,3,3,1,0,1,9,10,11,1,0,2,0,1,0,6224,0.053,0.089,0.006
652,2.712,2.424,0,0.01,0.027,0,0,,0,,,,0,,,,,40,40,0,2,3,0,3,3,1,0,1,9,10,11,1,0,2,0,1,0,6224,0.043,0.07,0.007
653,3.164,2.832,0,0.009,0.044,0,0,,0,,,,0,,,,,40,40,0,2,3,0,3,3,1,0,1,9,10,11,1,0,2,0,1,0,6224,0.044,0.074,0.007
654,4.798,4.447,0.001,0.011,0.027,0,0,,0,,,,0,,,,,40,40,0,2,3,0,3,3,1,0,1,9,10,11,1,0,2,0,1,0,6224,0.052,0.084,0.005
655,2.81,2.481,0,0.01,0.041,0,0,,0,,,,0,,,,,40,40,0,2,3,0,3,3,1,0,1,9,10,11,1,0,2,0,1,0,6224,0.046,0.053,0.007
656,2.595,2.301,0,0.01,0.03,0,0,,0,,,,0,,,,,40,40,0,2,3,0,3,3,1,0,1,9,10,11,1,0,2,0,1,0,6224,0.049,0.059,0.004
657,2.399,2.085,0,0.008,0.025,0,0,,0,,,,0,,,,,40,40,0,2,3,0,3,3,1,0,1,9,10,11,1,0,2,0,1,0,6224,0.042,0.078,0.006
658,2.246,1.969,0,0.009,0.033,0,0,,0,,,,0,,,,,40,40,0,2,3,0,3,3,1,0,1,9,10,11,1,0,2,0,1,0,6224,0.043,0.038,0.006
659,2.316,2.007,0,0.009,0.035,0,0,,0,,,,0,,,,,40,40,0,2,3,0,3,3,1,0,1,9,10,11,1,0,2,0,1,0,6224,0.028,0.033,0.005
660,6.434,6.125,0,0.008,0.039,0,0,,1,468.75,231870464,286683136,1,70948032,70948032,167755776,38823561584,40,40,0,2,3,0,3,3,1,0,1,9,10,11,1,0,2,0,1,0,6224,0.024,0.038,0.009
661,4.185,3.857,0.001,0.01,0.028,0,0,,0,,,,0,,,,,40,40,0,2,3,0,3,3,1,0,1,9,10,11,1,0,2,0,1,0,6224,0.038,0.068,0.007
662,2.78,2.528,0,0.003,0.058,0,0,,0,,,,0,,,,,40,40,0,2,3,0,3,3,1,0,1,9,10,11,1,0,2,0,1,0,6224,0.017,0.052,0.006
663,2.462,2.148,0,0.01,0.032,0,0,,0,,,,0,,,,,40,40,0,2,3,0,3,3,1,0,1,9,10,11,1,0,2,0,1,0,6224,0.074,0.036,0.005
664,2.9,2.7,0,0.005,0.028,0,0,,0,,,,0,,,,,40,40,0,2,3,0,3,3,1,0,1,9,10,11,1,0,2,0,1,0,6224,0.022,0.034,0.005
665,2.346,2.147,0.001,0.004,0.03,0,0,,0,,,,0,,,,,40,40,0,2,3,0,3,3,1,0,1,9,10,11,1,0,2,0,1,0,6224,0.021,0.028,0.004
666,2.416,2.146,0.001,0.006,0.026,0,0,,0,,,,0,,,,,40,40,0,2,3,0,3,3,1,0,1,9,10,11,1,0,2,0,1,0,6224,0.045,0.074,0.003
667,2.468,2.185,0.001,0.008,0.027,0,0,,0,,,,0,,,,,40,40,0,2,3,0,3,3,1,0,1,9,10,11,1,0,2,0,1,0,6224,0.038,0.04,0.003
668,2.249,1.969,0.001,0.008,0.028,0,0,,0,,,,0,,,,,40,40,0,2,3,0,3,3,1,0,1,9,10,11,1,0,2,0,1,0,6224,0.051,0.04,0.004
669,2.582,2.289,0,0.005,0.075,0,0,,0,,,,0,,,,,40,40,0,2,3,0,3,3,1,0,1,9,10,11,1,0,2,0,1,0,6224,0.021,0.089,0.004
670,2.268,1.97,0,0.007,0.047,0,0,,0,,,,0,,,,,40,40,0,2,3,0,3,3,1,0,1,9,10,11,1,0,2,0,1,0,6224,0.028,0.044,0.007
671,3.009,2.707,0,0.008,0.042,0,0,,0,,,,0,,,,,40,40,0,2,3,0,3,3,1,0,1,9,10,11,1,0,2,0,1,0,6224,0.021,0.049,0.009
672,4.342,4.081,0,0.006,0.04,0,0,,0,,,,0,,,,,40,40,0,2,3,0,3,3,1,0,1,9,10,11,1,0,2,0,1,0,6224,0.021,0.045,0.008
673,8.819,8.444,0,0.008,0.048,0,0,,0,,,,0,,,,,40,40,0,2,3,0,3,3,1,0,1,9,10,11,1,0,2,0,1,0,6224,0.048,0.074,0.011
674,3.936,3.59,0,0.008,0.048,0,0,,0,,,,0,,,,,40,40,0,2,3,0,3,3,1,0,1,9,10,11,1,0,2,0,1,0,6224,0.024,0.088,0.011
675,9.118,8.85,0.001,0.007,0.044,0,0,,0,,,,0,,,,,40,40,0,2,3,0,3,3,1,0,1,9,10,11,1,0,2,0,1,0,6224,0.022,0.037,0.007
676,2.194,1.956,0,0.006,0.039,0,0,,0,,,,0,,,,,40,40,0,2,3,0,3,3,1,0,1,9,10,11,1,0,2,0,1,0,6224,0.022,0.037,0.005
677,4.78,4.448,0,0.006,0.052,0,0,,0,,,,0,,,,,40,40,0,2,3,0,3,3,1,0,1,9,10,11,1,0,2,0,1,0,6224,0.022,0.076,0.008
678,3.885,3.637,0,0.007,0.043,0,0,,0,,,,0,,,,,40,40,0,2,3,0,3,3,1,0,1,9,10,11,1,0,2,0,1,0,6224,0.021,0.037,0.005
679,5.941,5.625,0.001,0.01,0.038,0,0,,0,,,,0,,,,,40,40,0,2,3,0,3,3,1,0,1,9,10,11,1,0,2,0,1,0,6224,0.046,0.055,0.006
680,6.756,6.475,0,0.009,0.044,0,0,,0,,,,0,,,,,40,40,0,2,3,0,3,3,1,0,1,9,10,11,1,0,2,0,1,0,6224,0.024,0.033,0.009
681,6.076,5.76,0.001,0.009,0.058,0,0,,0,,,,0,,,,,40,40,0,2,3,0,3,3,1,0,1,9,10,11,1,0,2,0,1,0,6224,0.02,0.033,0.006
682,6.218,5.862,0,0.008,0.038,0,0,,0,,,,0,,,,,40,40,0,2,3,0,3,3,1,0,1,9,10,11,1,0,2,0,1,0,6224,0.048,0.075,0.011
683,6.631,6.332,0,0.007,0.034,0,0,,0,,,,0,,,,,40,40,0,2,3,0,3,3,1,0,1,9,10,11,1,0,2,0,1,0,6224,0.021,0.048,0.008
684,4.503,4.31,0,0.005,0.034,0,0,,0,,,,0,,,,,40,40,0,2,3,0,3,3,1,0,1,9,10,11,1,0,2,0,1,0,6224,0.017,0.029,0.006
685,4.327,4.07,0.001,0.005,0.035,0,0,,0,,,,0,,,,,40,40,0,2,3,0,3,3,1,0,1,9,10,11,1,0,2,0,1,0,6224,0.033,0.054,0.006
686,3.982,3.678,0.001,0.008,0.055,0,0,,0,,,,0,,,,,40,40,0,2,3,0,3,3,1,0,1,9,10,11,1,0,2,0,1,0,6224,0.025,0.04,0.008
687,3.441,3.137,0.001,0.007,0.036,0,0,,0,,,,0,,,,,40,40,0,2,3,0,3,3,1,0,1,9,10,11,1,0,2,0,1,0,6224,0.038,0.062,0.007
688,3.729,3.336,0,0.006,0.039,0,0,,0,,,,0,,,,,40,40,0,2,3,0,3,3,1,0,1,9,10,11,1,0,2,0,1,0,6224,0.023,0.09,0.009
689,4.747,4.529,0,0.005,0.044,0,0,,0,,,,0,,,,,40,40,0,2,3,0,3,3,1,0,1,9,10,11,1,0,2,0,1,0,6224,0.018,0.03,0.006
690,5.955,5.594,0,0.009,0.08,0,0,,1,484.375,231874560,286683136,1,70948032,70948032,167755776,38823561584,40,40,0,2,3,0,3,3,1,0,1,9,10,11,1,0,2,0,1,0,6224,0.023,0.062,0.008
691,2.856,2.65,0,0.004,0.064,0,0,,0,,,,0,,,,,40,40,0,2,3,0,3,3,1,0,1,9,10,11,1,0,2,0,1,0,6224,0.015,0.026,0.004
692,3.329,3.136,0,0.005,0.031,0,0,,0,,,,0,,,,,40,40,0,2,3,0,3,3,1,0,1,9,10,11,1,0,2,0,1,0,6224,0.019,0.032,0.004
693,4.094,3.766,0.001,0.009,0.037,0,0,,0,,,,0,,,,,40,40,0,2,3,0,3,3,1,0,1,9,10,11,1,0,2,0,1,0,6224,0.057,0.064,0.003
694,6.004,5.715,0,0.008,0.039,0,0,,0,,,,0,,,,,40,40,0,2,3,0,3,3,1,0,1,9,10,11,1,0,2,0,1,0,6224,0.02,0.032,0.008
695,5.009,4.771,0,0.006,0.05,0,0,,0,,,,0,,,,,40,40,0,2,3,0,3,3,1,0,1,9,10,11,1,0,2,0,1,0,6224,0.019,0.034,0.007
696,5.146,4.861,0,0.008,0.031,0,0,,0,,,,0,,,,,40,40,0,2,3,0,3,3,1,0,1,9,10,11,1,0,2,0,1,0,6224,0.039,0.055,0.006
697,5.411,5.147,0,0.007,0.037,0,0,,0,,,,0,,,,,40,40,0,2,3,0,3,3,1,0,1,9,10,11,1,0,2,0,1,0,6224,0.022,0.034,0.008
698,5.547,5.264,0.001,0.013,0.045,0,0,,0,,,,0,,,,,40,40,0,2,3,0,3,3,1,0,1,9,10,11,1,0,2,0,1,0,6224,0.021,0.031,0.007
699,7.392,6.957,0,0.011,0.052,0,0,,0,,,,0,,,,,40,40,0,2,3,0,3,3,1,0,1,9,10,11,1,0,2,0,1,0,6224,0.047,0.061,0.011
700,5.564,5.124,0.001,0.006,0.049,0,0,,0,,,,0,,,,,40,40,0,2,3,0,3,3,1,0,1,9,10,11,1,0,2,0,1,0,6224,0.059,0.115,0.011
701,3.708,3.497,0,0.005,0.032,0,0,,0,,,,0,,,,,40,40,0,2,3,0,3,3,1,0,1,9,10,11,1,0,2,0,1,0,6224,0.017,0.029,0.005
702,2.861,2.516,0,0.008,0.026,0,0,,0,,,,0,,,,,40,40,0,2,3,0,3,3,1,0,1,9,10,11,1,0,2,0,1,0,6224,0.051,0.083,0.007
703,2.513,2.258,0.001,0.011,0.025,0,0,,0,,,,0,,,,,40,40,0,2,3,0,3,3,1,0,1,9,10,11,1,0,2,0,1,0,6224,0.069,0.025,0.005
704,2.449,2.126,0,0.009,0.044,0,0,,0,,,,0,,,,,40,40,0,2,3,0,3,3,1,0,1,9,10,11,1,0,2,0,1,0,6224,0.038,0.066,0.007
705,2.932,2.64,0,0.006,0.041,0,0,,0,,,,0,,,,,40,40,0,2,3,0,3,3,1,0,1,9,10,11,1,0,2,0,1,0,6224,0.024,0.043,0.007
706,4.279,3.966,0,0.008,0.031,0,0,,0,,,,0,,,,,40,40,0,2,3,0,3,3,1,0,1,9,10,11,1,0,2,0,1,0,6224,0.037,0.06,0.009
707,6.098,5.779,0.001,0.009,0.035,0,0,,0,,,,0,,,,,40,40,0,2,3,0,3,3,1,0,1,9,10,11,1,0,2,0,1,0,6224,0.052,0.055,0.006
708,6.418,6.113,0,0.007,0.045,0,0,,0,,,,0,,,,,40,40,0,2,3,0,3,3,1,0,1,9,10,11,1,0,2,0,1,0,6224,0.023,0.038,0.009
709,5.365,5.047,0.001,0.008,0.044,0,0,,0,,,,0,,,,,40,40,0,2,3,0,3,3,1,0,1,9,10,11,1,0,2,0,1,0,6224,0.025,0.039,0.009
710,5.142,4.916,0.001,0.007,0.036,0,0,,0,,,,0,,,,,40,40,0,2,3,0,3,3,1,0,1,9,10,11,1,0,2,0,1,0,6224,0.019,0.032,0.006
711,4.044,3.782,0.001,0.006,0.048,0,0,,0,,,,0,,,,,40,40,0,2,3,0,3,3,1,0,1,9,10,11,1,0,2,0,1,0,6224,0.022,0.034,0.008
712,4.836,4.384,0,0.01,0.159,0,0,,0,,,,0,,,,,40,40,0,2,3,0,3,3,1,0,1,9,10,11,1,0,2,0,1,0,6224,0.018,0.085,0.008
713,5.787,5.46,0,0.009,0.033,0,0,,0,,,,0,,,,,40,40,0,2,3,0,3,3,1,0,1,9,10,11,1,0,2,0,1,0,6224,0.044,0.063,0.007
714,5.784,5.339,0.001,0.007,0.06,0,0,,0,,,,0,,,,,40,40,0,2,3,0,3,3,1,0,1,9,10,11,1,0,2,0,1,0,6224,0.038,0.079,0.012
715,6.027,5.746,0,0.008,0.046,0,0,,0,,,,0,,,,,40,40,0,2,3,0,3,3,1,0,1,9,10,11,1,0,2,0,1,0,6224,0.021,0.034,0.009
716,6.242,5.913,0,0.006,0.036,0,0,,0,,,,0,,,,,40,40,0,2,3,0,3,3,1,0,1,9,10,11,1,0,2,0,1,0,6224,0.019,0.031,0.007
717,7.286,6.975,0,0.014,0.036,0,0,,0,,,,0,,,,,40,40,0,2,3,0,3,3,1,0,1,9,10,11,1,0,2,0,1,0,6224,0.022,0.035,0.008
718,5.248,4.876,0,0.01,0.037,0,0,,0,,,,0,,,,,40,40,0,2,3,0,3,3,1,0,1,9,10,11,1,0,2,0,1,0,6224,0.042,0.076,0.01
719,5.608,5.285,0.001,0.008,0.042,0,0,,0,,,,0,,,,,40,40,0,2,3,0,3,3,1,0,1,9,10,11,1,0,2,0,1,0,6224,0.043,0.033,0.008
720,6.163,5.855,0,0.008,0.062,0,0,,1,500,231874560,286683136,1,70948032,70948032,167755776,38823561584,40,40,0,2,3,0,3,3,1,0,1,9,10,11,1,0,2,0,1,0,6224,0.022,0.043,0.009
721,5.005,4.678,0,0.006,0.028,0,0,,0,,,,0,,,,,40,40,0,2,3,0,3,3,1,0,1,9,10,11,1,0,2,0,1,0,6224,0.021,0.095,0.01
722,3.55,3.129,0,0.018,0.039,0,0,,0,,,,0,,,,,40,40,0,2,3,0,3,3,1,0,1,9,10,11,1,0,2,0,1,0,6224,0.066,0.055,0.008
723,2.182,1.922,0,0.009,0.029,0,0,,0,,,,0,,,,,40,40,0,2,3,0,3,3,1,0,1,9,10,11,1,0,2,0,1,0,6224,0.043,0.033,0.004
724,17.07,16.672,0,0.011,0.062,0,0,,0,,,,0,,,,,40,40,0,2,3,0,3,3,1,0,1,9,10,11,1,0,2,0,1,0,6224,0.036,0.06,0.011
725,11.432,11.126,0,0.013,0.039,0,0,,0,,,,0,,,,,40,40,0,2,3,0,3,3,1,0,1,9,10,11,1,0,2,0,1,0,6224,0.023,0.037,0.01
726,6.401,5.987,0.001,0.012,0.049,0,0,,0,,,,0,,,,,40,40,0,2,3,0,3,3,1,0,1,9,10,11,1,0,2,0,1,0,6224,0.066,0.048,0.009
727,5.872,5.553,0,0.009,0.057,0,0,,0,,,,0,,,,,40,40,0,2,3,0,3,3,1,0,1,9,10,11,1,0,2,0,1,0,6224,0.027,0.04,0.009
728,5.072,4.687,0,0.011,0.047,0,0,,0,,,,0,,,,,40,40,0,2,3,0,3,3,1,0,1,9,10,11,1,0,2,0,1,0,6224,0.036,0.061,0.01
729,5.571,5.254,0,0.008,0.039,0,0,,0,,,,0,,,,,40,40,0,2,3,0,3,3,1,0,1,9,10,11,1,0,2,0,1,0,6224,0.043,0.077,0.008
730,5.697,5.276,0,0.008,0.06,0,0,,0,,,,0,,,,,40,40,0,2,3,0,3,3,1,0,1,9,10,11,1,0,2,0,1,0,6224,0.028,0.084,0.013
731,4.627,4.192,0,0.01,0.095,0,0,,0,,,,0,,,,,40,40,0,2,3,0,3,3,1,0,1,9,10,11,1,0,2,0,1,0,6224,0.044,0.067,0.009
732,4.512,4.148,0.001,0.008,0.049,0,0,,0,,,,0,,,,,40,40,0,2,3,0,3,3,1,0,1,9,10,11,1,0,2,0,1,0,6224,0.041,0.069,0.008
733,5.097,4.857,0,0.008,0.036,0,0,,0,,,,0,,,,,40,40,0,2,3,0,3,3,1,0,1,9,10,11,1,0,2,0,1,0,6224,0.02,0.031,0.008
734,4.696,4.407,0,0.007,0.046,0,0,,0,,,,0,,,,,40,40,0,2,3,0,3,3,1,0,1,9,10,11,1,0,2,0,1,0,6224,0.027,0.044,0.008
735,4.996,4.67,0.001,0.008,0.044,0,0,,0,,,,0,,,,,40,40,0,2,3,0,3,3,1,0,1,9,10,11,1,0,2,0,1,0,6224,0.038,0.062,0.009
736,4.128,3.844,0,0.007,0.033,0,0,,0,,,,0,,,,,40,40,0,2,3,0,3,3,1,0,1,9,10,11,1,0,2,0,1,0,6224,0.034,0.063,0.005
737,5.273,4.769,0,0.008,0.059,0,0,,0,,,,0,,,,,40,40,0,2,3,0,3,3,1,0,1,9,10,11,1,0,2,0,1,0,6224,0.06,0.118,0.011
738,4.14,3.815,0.001,0.008,0.049,0,0,,0,,,,0,,,,,40,40,0,2,3,0,3,3,1,0,1,9,10,11,1,0,2,0,1,0,6224,0.029,0.044,0.01
739,4.358,3.972,0,0.009,0.038,0,0,,0,,,,0,,,,,40,40,0,2,3,0,3,3,1,0,1,9,10,11,1,0,2,0,1,0,6224,0.04,0.066,0.082
740,5.553,5.207,0,0.008,0.045,0,0,,0,,,,0,,,,,40,40,0,2,3,0,3,3,1,0,1,9,10,11,1,0,2,0,1,0,6224,0.028,0.072,0.01
741,4.46,4.092,0,0.011,0.03,0,0,,0,,,,0,,,,,40,40,0,2,3,0,3,3,1,0,1,9,10,11,1,0,2,0,1,0,6224,0.051,0.12,0.006
742,5.33,5.006,0,0.007,0.048,0,0,,0,,,,0,,,,,40,40,0,2,3,0,3,3,1,0,1,9,10,11,1,0,2,0,1,0,6224,0.028,0.064,0.008
743,4.423,4.111,0,0.008,0.053,0,0,,0,,,,0,,,,,40,40,0,2,3,0,3,3,1,0,1,9,10,11,1,0,2,0,1,0,6224,0.028,0.042,0.009
744,13.274,12.918,0,0.012,0.059,0,0,,0,,,,0,,,,,40,40,0,2,3,0,3,3,1,0,1,9,10,11,1,0,2,0,1,0,6224,0.029,0.049,0.009
745,4.372,4.032,0,0.009,0.048,0,0,,0,,,,0,,,,,40,40,0,2,3,0,3,3,1,0,1,9,10,11,1,0,2,0,1,0,6224,0.03,0.05,0.009
746,6.078,5.655,0,0.008,0.047,0,0,,0,,,,0,,,,,40,40,0,2,3,0,3,3,1,0,1,9,10,11,1,0,2,0,1,0,6224,0.138,0.05,0.008
747,2.923,2.529,0.001,0.01,0.068,0,0,,0,,,,0,,,,,40,40,0,2,3,0,3,3,1,0,1,9,10,11,1,0,2,0,1,0,6224,0.035,0.053,0.011
748,3.109,2.868,0.001,0.01,0.042,0,0,,0,,,,0,,,,,40,40,0,2,3,0,3,3,1,0,1,9,10,11,1,0,2,0,1,0,6224,0.021,0.04,0.007
749,3.236,2.854,0,0.008,0.051,0,0,,0,,,,0,,,,,40,40,0,2,3,0,3,3,1,0,1,9,10,11,1,0,2,0,1,0,6224,0.028,0.053,0.011
750,3.054,2.615,0,0.039,0.042,0,0,,1,500,231874560,286683136,1,70948032,70948032,167755776,38823561584,40,40,0,2,3,0,3,3,1,0,1,9,10,11,1,0,2,0,1,0,6224,0.049,0.081,0.011
751,4.388,3.978,0,0.014,0.055,0,0,,0,,,,0,,,,,40,40,0,2,3,0,3,3,1,0,1,9,10,11,1,0,2,0,1,0,6224,0.06,0.05,0.009
752,3.284,2.795,0.001,0.012,0.053,0,0,,0,,,,0,,,,,40,40,0,2,3,0,3,3,1,0,1,9,10,11,1,0,2,0,1,0,6224,0.11,0.05,0.011
753,7.927,7.521,0,0.014,0.039,0,0,,0,,,,0,,,,,40,40,0,2,3,0,3,3,1,0,1,9,10,11,1,0,2,0,1,0,6224,0.055,0.051,0.01
754,12.765,12.218,0,0.012,0.057,0,0,,0,,,,0,,,,,40,40,0,2,3,0,3,3,1,0,1,9,10,11,1,0,2,0,1,0,6224,0.101,0.054,0.012
755,5.574,5.102,0,0.013,0.036,0,0,,0,,,,0,,,,,40,40,0,2,3,0,3,3,1,0,1,9,10,11,1,0,2,0,1,0,6224,0.06,0.058,0.009
756,13.926,13.447,0.001,0.012,0.053,0,0,,0,,,,0,,,,,40,40,0,2,3,0,3,3,1,0,1,9,10,11,1,0,2,0,1,0,6224,0.064,0.078,0.01
757,5.745,5.263,0,0.012,0.057,0,0,,0,,,,0,,,,,40,40,0,2,3,0,3,3,1,0,1,9,10,11,1,0,2,0,1,0,6224,0.055,0.089,0.012
758,5.283,4.886,0.001,0.009,0.054,0,0,,0,,,,0,,,,,40,40,0,2,3,0,3,3,1,0,1,9,10,11,1,0,2,0,1,0,6224,0.045,0.074,0.011
759,4.31,3.969,0,0.008,0.049,0,0,,0,,,,0,,,,,40,40,0,2,3,0,3,3,1,0,1,9,10,11,1,0,2,0,1,0,6224,0.028,0.074,0.009
760,3.007,2.706,0.001,0.008,0.041,0,0,,0,,,,0,,,,,40,40,0,2,3,0,3,3,1,0,1,9,10,11,1,0,2,0,1,0,6224,0.028,0.044,0.009
761,4.487,4.079,0,0.009,0.07,0,0,,0,,,,0,,,,,40,40,0,2,3,0,3,3,1,0,1,9,10,11,1,0,2,0,1,0,6224,0.027,0.063,0.012
762,3.239,2.814,0,0.014,0.039,0,0,,0,,,,0,,,,,40,40,0,2,3,0,3,3,1,0,1,9,10,11,1,0,2,0,1,0,6224,0.045,0.07,0.01
763,5.151,4.675,0,0.011,0.049,0,0,,0,,,,0,,,,,40,40,0,2,3,0,3,3,1,0,1,9,10,11,1,0,2,0,1,0,6224,0.061,0.099,0.015
764,6.455,6.054,0,0.011,0.045,0,0,,0,,,,0,,,,,40,40,0,2,3,0,3,3,1,0,1,9,10,11,1,0,2,0,1,0,6224,0.024,0.039,0.009
765,4.85,4.484,0,0.008,0.047,0,0,,0,,,,0,,,,,40,40,0,2,3,0,3,3,1,0,1,9,10,11,1,0,2,0,1,0,6224,0.044,0.127,0.007
766,5.162,4.754,0.001,0.01,0.043,0,0,,0,,,,0,,,,,40,40,0,2,3,0,3,3,1,0,1,9,10,11,1,0,2,0,1,0,6224,0.066,0.08,0.006
767,3.594,3.143,0.001,0.014,0.051,0,0,,0,,,,0,,,,,40,40,0,2,3,0,3,3,1,0,1,9,10,11,1,0,2,0,1,0,6224,0.067,0.061,0.01
768,2.843,2.544,0,0.009,0.022,0,0,,0,,,,0,,,,,40,40,0,2,3,0,3,3,1,0,1,9,10,11,1,0,2,0,1,0,6224,0.019,0.066,0.008
769,3.586,3.258,0.001,0.01,0.023,0,0,,0,,,,0,,,,,40,40,0,2,3,0,3,3,1,0,1,9,10,11,1,0,2,0,1,0,6224,0.05,0.082,0.007
770,3.88,3.617,0,0.008,0.025,0,0,,0,,,,0,,,,,40,40,0,2,3,0,3,3,1,0,1,9,10,11,1,0,2,0,1,0,6224,0.082,0.027,0.004
771,2.988,2.64,0,0.011,0.04,0,0,,0,,,,0,,,,,40,40,0,2,3,0,3,3,1,0,1,9,10,11,1,0,2,0,1,0,6224,0.05,0.062,0.005
772,4.457,4.007,0.001,0.012,0.052,0,0,,0,,,,0,,,,,40,40,0,2,3,0,3,3,1,0,1,9,10,11,1,0,2,0,1,0,6224,0.054,0.09,0.013
773,2.788,2.393,0.001,0.013,0.036,0,0,,0,,,,0,,,,,40,40,0,2,3,0,3,3,1,0,1,9,10,11,1,0,2,0,1,0,6224,0.023,0.037,0.008
774,3.683,3.349,0.001,0.009,0.028,0,0,,0,,,,0,,,,,40,40,0,2,3,0,3,3,1,0,1,9,10,11,1,0,2,0,1,0,6224,0.053,0.04,0.006
775,5.164,4.749,0,0.009,0.06,0,0,,0,,,,0,,,,,40,40,0,2,3,0,3,3,1,0,1,9,10,11,1,0,2,0,1,0,6224,0.049,0.082,0.009
776,3.266,2.947,0,0.01,0.043,0,0,,0,,,,0,,,,,40,40,0,2,3,0,3,3,1,0,1,9,10,11,1,0,2,0,1,0,6224,0.027,0.045,0.01
777,3.253,2.838,0,0.009,0.033,0,0,,0,,,,0,,,,,40,40,0,2,3,0,3,3,1,0,1,9,10,11,1,0,2,0,1,0,6224,0.093,0.052,0.008
778,4.678,4.305,0,0.008,0.051,0,0,,0,,,,0,,,,,40,40,0,2,3,0,3,3,1,0,1,9,10,11,1,0,2,0,1,0,6224,0.042,0.073,0.007
779,4.679,4.361,0.001,0.008,0.049,0,0,,0,,,,0,,,,,40,40,0,2,3,0,3,3,1,0,1,9,10,11,1,0,2,0,1,0,6224,0.027,0.045,0.009
780,5.434,4.925,0.001,0.011,0.052,0,0,,1,515.625,231874560,286683136,1,70948032,70948032,167755776,38823561584,40,40,0,2,3,0,3,3,1,0,1,9,10,11,1,0,2,0,1,0,6224,0.109,0.048,0.011
781,5.753,5.322,0.001,0.013,0.043,0,0,,0,,,,0,,,,,40,40,0,2,3,0,3,3,1,0,1,9,10,11,1,0,2,0,1,0,6224,0.067,0.064,0.009
782,4.452,4.18,0,0.007,0.04,0,0,,0,,,,0,,,,,40,40,0,2,3,0,3,3,1,0,1,9,10,11,1,0,2,0,1,0,6224,0.023,0.039,0.007
783,6.785,6.468,0.001,0.009,0.044,0,0,,0,,,,0,,,,,40,40,0,2,3,0,3,3,1,0,1,9,10,11,1,0,2,0,1,0,6224,0.025,0.043,0.009
784,4.938,4.552,0.001,0.012,0.041,0,0,,0,,,,0,,,,,40,40,0,2,3,0,3,3,1,0,1,9,10,11,1,0,2,0,1,0,6224,0.06,0.041,0.008
785,5.132,4.626,0.001,0.007,0.061,0,0,,0,,,,0,,,,,40,40,0,2,3,0,3,3,1,0,1,9,10,11,1,0,2,0,1,0,6224,0.137,0.066,0.012
786,12.974,12.528,0.001,0.011,0.062,0,0,,0,,,,0,,,,,40,40,0,2,3,0,3,3,1,0,1,9,10,11,1,0,2,0,1,0,6224,0.03,0.066,0.013
787,5.485,4.831,0.001,0.016,0.142,0,0,,0,,,,0,,,,,40,40,0,2,3,0,3,3,1,0,1,9,10,11,1,0,2,0,1,0,6224,0.047,0.109,0.014
788,18.505,18.016,0,0.014,0.072,0,0,,0,,,,0,,,,,40,40,0,2,3,0,3,3,1,0,1,9,10,11,1,0,2,0,1,0,6224,0.032,0.054,0.011
789,21.691,21.2,0,0.013,0.072,0,0,,0,,,,0,,,,,40,40,0,2,3,0,3,3,1,0,1,9,10,11,1,0,2,0,1,0,6224,0.051,0.078,0.014
790,32.883,32.386,0,0.016,0.074,0,0,,0,,,,0,,,,,40,40,0,2,3,0,3,3,1,0,1,9,10,11,1,0,2,0,1,0,6224,0.042,0.066,0.011
791,31.46,30.962,0.001,0.014,0.079,0,0,,0,,,,0,,,,,40,40,0,2,3,0,3,3,1,0,1,9,10,11,1,0,2,0,1,0,6224,0.046,0.073,0.012
792,54.273,53.75,0,0.014,0.094,0,0,,0,,,,0,,,,,40,40,0,2,3,0,3,3,1,0,1,9,10,11,1,0,2,0,1,0,6224,0.044,0.069,0.013
793,62.161,61.622,0.001,0.015,0.092,0,0,,0,,,,0,,,,,40,40,0,2,3,0,3,3,1,0,1,9,10,11,1,0,2,0,1,0,6224,0.04,0.066,0.013
794,20.49,20.003,0.001,0.015,0.089,0,0,,0,,,,0,,,,,40,40,0,2,3,0,3,3,1,0,1,9,10,11,1,0,2,0,1,0,6224,0.046,0.063,0.011
795,6.546,6.075,0.001,0.014,0.082,0,0,,0,,,,0,,,,,40,40,0,2,3,0,3,3,1,0,1,9,10,11,1,0,2,0,1,0,6224,0.043,0.064,0.016
796,8.05,7.575,0,0.014,0.09,0,0,,0,,,,0,,,,,40,40,0,2,3,0,3,3,1,0,1,9,10,11,1,0,2,0,1,0,6224,0.041,0.066,0.011
797,21.152,20.706,0.001,0.015,0.066,0,0,,0,,,,0,,,,,40,40,0,2,3,0,3,3,1,0,1,9,10,11,1,0,2,0,1,0,6224,0.045,0.064,0.011
798,6.827,6.422,0.001,0.013,0.066,0,0,,0,,,,0,,,,,40,40,0,2,3,0,3,3,1,0,1,9,10,11,1,0,2,0,1,0,6224,0.032,0.05,0.011
799,8.727,8.082,0.001,0.014,0.08,0,0,,0,,,,0,,,,,40,40,0,2,3,0,3,3,1,0,1,9,10,11,1,0,2,0,1,0,6224,0.039,0.06,0.011
800,13.119,12.646,0.001,0.015,0.062,0,0,,0,,,,0,,,,,40,40,0,2,3,0,3,3,1,0,1,9,10,11,1,0,2,0,1,0,6224,0.043,0.068,0.012
801,8.059,7.515,0.001,0.018,0.088,0,0,,0,,,,0,,,,,40,40,0,2,3,0,3,3,1,0,1,9,10,11,1,0,2,0,1,0,6224,0.064,0.071,0.012
802,23.354,22.872,0,0.013,0.086,0,0,,0,,,,0,,,,,40,40,0,2,3,0,3,3,1,0,1,9,10,11,1,0,2,0,1,0,6224,0.04,0.063,0.013
803,6.043,5.593,0.001,0.014,0.073,0,0,,0,,,,0,,,,,40,40,0,2,3,0,3,3,1,0,1,9,10,11,1,0,2,0,1,0,6224,0.039,0.062,0.012
804,9.326,8.839,0.001,0.016,0.082,0,0,,0,,,,0,,,,,40,40,0,2,3,0,3,3,1,0,1,9,10,11,1,0,2,0,1,0,6224,0.044,0.067,0.013
805,21.825,21.241,0.001,0.015,0.113,0,0,,0,,,,0,,,,,40,40,0,2,3,0,3,3,1,0,1,9,10,11,1,0,2,0,1,0,6224,0.049,0.076,0.012
806,42.786,41.4,0.001,0.015,0.958,0,0,,0,,,,0,,,,,40,40,0,2,3,0,3,3,1,0,1,9,10,11,1,0,2,0,1,0,6224,0.045,0.073,0.013
807,55.234,54.823,0.001,0.012,0.066,0,0,,0,,,,0,,,,,40,40,0,2,3,0,3,3,1,0,1,9,10,11,1,0,2,0,1,0,6224,0.035,0.055,0.011
808,5.774,5.363,0,0.013,0.073,0,0,,0,,,,0,,,,,40,40,0,2,3,0,3,3,1,0,1,9,10,11,1,0,2,0,1,0,6224,0.035,0.052,0.012
809,31.786,31.391,0,0.013,0.06,0,0,,0,,,,0,,,,,40,40,0,2,3,0,3,3,1,0,1,9,10,11,1,0,2,0,1,0,6224,0.035,0.053,0.01
810,8.885,8.453,0.001,0.012,0.072,0,0,,1,562.5,231002112,285196288,1,70948032,70948032,167755776,38823561584,40,40,0,2,3,0,3,3,1,0,1,9,10,11,1,0,2,0,1,0,6224,0.034,0.051,0.012
811,13.058,12.591,0.001,0.013,0.074,0,0,,0,,,,0,,,,,40,40,0,2,3,0,3,3,1,0,1,9,10,11,1,0,2,0,1,0,6224,0.042,0.067,0.015
812,17.888,17.255,0.001,0.015,0.199,0,0,,0,,,,0,,,,,40,40,0,2,3,0,3,3,1,0,1,9,10,11,1,0,2,0,1,0,6224,0.046,0.073,0.013
813,16.502,16.094,0.001,0.013,0.077,0,0,,0,,,,0,,,,,40,40,0,2,3,0,3,3,1,0,1,9,10,11,1,0,2,0,1,0,6224,0.031,0.053,0.012
814,5.646,5.17,0.001,0.014,0.074,0,0,,0,,,,0,,,,,40,40,0,2,3,0,3,3,1,0,1,9,10,11,1,0,2,0,1,0,6224,0.043,0.068,0.013
815,8.553,7.795,0.001,0.016,0.095,0,0,,0,,,,0,,,,,40,40,0,2,3,0,3,3,1,0,1,9,10,11,1,0,2,0,1,0,6224,0.044,0.073,0.013
816,9.188,8.674,0.001,0.022,0.077,0,0,,0,,,,0,,,,,40,40,0,2,3,0,3,3,1,0,1,9,10,11,1,0,2,0,1,0,6224,0.044,0.071,0.014
817,19.549,19.159,0,0.012,0.061,0,0,,0,,,,0,,,,,40,40,0,2,3,0,3,3,1,0,1,9,10,11,1,0,2,0,1,0,6224,0.035,0.052,0.01
818,5.712,5.133,0.001,0.018,0.081,0,0,,0,,,,0,,,,,40,40,0,2,3,0,3,3,1,0,1,9,10,11,1,0,2,0,1,0,6224,0.072,0.099,0.012
819,21.926,21.298,0.001,0.017,0.097,0,0,,0,,,,0,,,,,40,40,0,2,3,0,3,3,1,0,1,9,10,11,1,0,2,0,1,0,6224,0.054,0.081,0.019
820,14.967,14.498,0.001,0.015,0.059,0,0,,0,,,,0,,,,,40,40,0,2,3,0,3,3,1,0,1,9,10,11,1,0,2,0,1,0,6224,0.048,0.061,0.018
821,5.574,5.135,0.001,0.014,0.066,0,0,,0,,,,0,,,,,40,40,0,2,3,0,3,3,1,0,1,9,10,11,1,0,2,0,1,0,6224,0.042,0.067,0.011
822,3.098,2.758,0,0.009,0.039,0,0,,0,,,,0,,,,,40,40,0,2,3,0,3,3,1,0,1,9,10,11,1,0,2,0,1,0,6224,0.048,0.088,0.007
823,4.882,4.69,0,0.005,0.038,0,0,,0,,,,0,,,,,40,40,0,2,3,0,3,3,1,0,1,9,10,11,1,0,2,0,1,0,6224,0.021,0.036,0.003
824,5.297,4.915,0,0.009,0.057,0,0,,0,,,,0,,,,,40,40,0,2,3,0,3,3,1,0,1,9,10,11,1,0,2,0,1,0,6224,0.025,0.049,0.093
825,9.497,8.991,0.001,0.014,0.091,0,0,,0,,,,0,,,,,40,40,0,2,3,0,3,3,1,0,1,9,10,11,1,0,2,0,1,0,6224,0.046,0.075,0.011
826,6.197,5.874,0.001,0.009,0.063,0,0,,0,,,,0,,,,,40,40,0,2,3,0,3,3,1,0,1,9,10,11,1,0,2,0,1,0,6224,0.029,0.048,0.007
827,8.664,8.184,0.001,0.013,0.085,0,0,,0,,,,0,,,,,40,40,0,2,3,0,3,3,1,0,1,9,10,11,1,0,2,0,1,0,6224,0.045,0.072,0.012
828,3.239,2.939,0.001,0.008,0.062,0,0,,0,,,,0,,,,,40,40,0,2,3,0,3,3,1,0,1,9,10,11,1,0,2,0,1,0,6224,0.029,0.047,0.007
829,3.232,2.709,0,0.012,0.1,0,0,,0,,,,0,,,,,40,40,0,2,3,0,3,3,1,0,1,9,10,11,1,0,2,0,1,0,6224,0.054,0.094,0.009
830,3.369,2.942,0,0.015,0.07,0,0,,0,,,,0,,,,,40,40,0,2,3,0,3,3,1,0,1,9,10,11,1,0,2,0,1,0,6224,0.039,0.065,0.011
831,5.871,5.365,0.001,0.011,0.114,0,0,,0,,,,0,,,,,40,40,0,2,3,0,3,3,1,0,1,9,10,11,1,0,2,0,1,0,6224,0.044,0.074,0.01
832,6.585,6.177,0,0.01,0.078,0,0,,0,,,,0,,,,,40,40,0,2,3,0,3,3,1,0,1,9,10,11,1,0,2,0,1,0,6224,0.031,0.068,0.011
833,15.179,14.697,0.001,0.017,0.069,0,0,,0,,,,0,,,,,40,40,0,2,3,0,3,3,1,0,1,9,10,11,1,0,2,0,1,0,6224,0.061,0.057,0.01
834,8.301,7.893,0.001,0.012,0.078,0,0,,0,,,,0,,,,,40,40,0,2,3,0,3,3,1,0,1,9,10,11,1,0,2,0,1,0,6224,0.036,0.054,0.01
835,6.767,6.402,0.001,0.007,0.056,0,0,,0,,,,0,,,,,40,40,0,2,3,0,3,3,1,0,1,9,10,11,1,0,2,0,1,0,6224,0.029,0.044,0.011
836,6.283,5.686,0,0.014,0.085,0,0,,0,,,,0,,,,,40,40,0,2,3,0,3,3,1,0,1,9,10,11,1,0,2,0,1,0,6224,0.042,0.069,0.013
837,18.812,18.37,0.001,0.042,0.052,0,0,,0,,,,0,,,,,40,40,0,2,3,0,3,3,1,0,1,9,10,11,1,0,2,0,1,0,6224,0.032,0.072,0.011
838,17.326,16.921,0,0.013,0.056,0,0,,0,,,,0,,,,,40,40,0,2,3,0,3,3,1,0,1,9,10,11,1,0,2,0,1,0,6224,0.037,0.054,0.011
839,5.464,4.965,0,0.02,0.044,0,0,,0,,,,0,,,,,40,40,0,2,3,0,3,3,1,0,1,9,10,11,1,0,2,0,1,0,6224,0.042,0.15,0.009
840,5.595,5.184,0,0.014,0.048,0,0,,1,578.125,231002112,285196288,1,70948032,70948032,167755776,38823561584,40,40,0,2,3,0,3,3,1,0,1,9,10,11,1,0,2,0,1,0,6224,0.053,0.094,0.008
841,2.472,2.156,0,0.008,0.054,0,0,,0,,,,0,,,,,40,40,0,2,3,0,3,3,1,0,1,9,10,11,1,0,2,0,1,0,6224,0.034,0.057,0.005
842,4.784,4.398,0,0.012,0.04,0,0,,0,,,,0,,,,,40,40,0,2,3,0,3,3,1,0,1,9,10,11,1,0,2,0,1,0,6224,0.05,0.091,0.011
843,2.968,2.566,0,0.01,0.101,0,0,,0,,,,0,,,,,40,40,0,2,3,0,3,3,1,0,1,9,10,11,1,0,2,0,1,0,6224,0.041,0.065,0.007
844,2.758,2.356,0.001,0.011,0.053,0,0,,0,,,,0,,,,,40,40,0,2,3,0,3,3,1,0,1,9,10,11,1,0,2,0,1,0,6224,0.053,0.09,0.01
845,2.692,2.374,0,0.007,0.048,0,0,,0,,,,0,,,,,40,40,0,2,3,0,3,3,1,0,1,9,10,11,1,0,2,0,1,0,6224,0.047,0.077,0.005
846,2.614,2.403,0,0.008,0.047,0,0,,0,,,,0,,,,,40,40,0,2,3,0,3,3,1,0,1,9,10,11,1,0,2,0,1,0,6224,0.021,0.036,0.004
847,4.451,3.93,0.001,0.016,0.093,0,0,,0,,,,0,,,,,40,40,0,2,3,0,3,3,1,0,1,9,10,11,1,0,2,0,1,0,6224,0.052,0.085,0.012
848,2.684,2.245,0.001,0.013,0.065,0,0,,0,,,,0,,,,,40,40,0,2,3,0,3,3,1,0,1,9,10,11,1,0,2,0,1,0,6224,0.043,0.074,0.012
849,16.922,16.424,0.001,0.017,0.062,0,0,,0,,,,0,,,,,40,40,0,2,3,0,3,3,1,0,1,9,10,11,1,0,2,0,1,0,6224,0.06,0.09,0.01
850,4.67,4.282,0.001,0.008,0.077,0,0,,0,,,,0,,,,,40,40,0,2,3,0,3,3,1,0,1,9,10,11,1,0,2,0,1,0,6224,0.051,0.085,0.006
851,4.57,4.255,0,0.006,0.042,0,0,,0,,,,0,,,,,40,40,0,2,3,0,3,3,1,0,1,9,10,11,1,0,2,0,1,0,6224,0.048,0.084,0.004
852,5.548,5.223,0,0.007,0.062,0,0,,0,,,,0,,,,,40,40,0,2,3,0,3,3,1,0,1,9,10,11,1,0,2,0,1,0,6224,0.026,0.04,0.006
853,4.435,4.056,0,0.01,0.054,0,0,,0,,,,0,,,,,40,40,0,2,3,0,3,3,1,0,1,9,10,11,1,0,2,0,1,0,6224,0.049,0.082,0.008
854,4.226,3.879,0,0.008,0.067,0,0,,0,,,,0,,,,,40,40,0,2,3,0,3,3,1,0,1,9,10,11,1,0,2,0,1,0,6224,0.043,0.076,0.006
855,3.914,3.507,0.001,0.015,0.057,0,0,,0,,,,0,,,,,40,40,0,2,3,0,3,3,1,0,1,9,10,11,1,0,2,0,1,0,6224,0.052,0.061,0.007
856,4.326,3.83,0.001,0.013,0.054,0,0,,0,,,,0,,,,,40,40,0,2,3,0,3,3,1,0,1,9,10,11,1,0,2,0,1,0,6224,0.052,0.059,0.027
857,2.912,2.571,0,0.014,0.03,0,0,,0,,,,0,,,,,40,40,0,2,3,0,3,3,1,0,1,9,10,11,1,0,2,0,1,0,6224,0.056,0.084,0.009
858,3.364,2.966,0.001,0.009,0.044,0,0,,0,,,,0,,,,,40,40,0,2,3,0,3,3,1,0,1,9,10,11,1,0,2,0,1,0,6224,0.045,0.073,0.008
859,4.878,4.382,0.001,0.012,0.077,0,0,,0,,,,0,,,,,40,40,0,2,3,0,3,3,1,0,1,9,10,11,1,0,2,0,1,0,6224,0.06,0.077,0.006
860,4.32,3.982,0,0.009,0.032,0,0,,0,,,,0,,,,,40,40,0,2,3,0,3,3,1,0,1,9,10,11,1,0,2,0,1,0,6224,0.084,0.035,0.009
861,3.005,2.621,0,0.011,0.044,0,0,,0,,,,0,,,,,40,40,0,2,3,0,3,3,1,0,1,9,10,11,1,0,2,0,1,0,6224,0.044,0.067,0.01
862,2.936,2.662,0,0.006,0.047,0,0,,0,,,,0,,,,,40,40,0,2,3,0,3,3,1,0,1,9,10,11,1,0,2,0,1,0,6224,0.037,0.065,0.003
863,2.625,2.427,0,0.005,0.034,0,0,,0,,,,0,,,,,40,40,0,2,3,0,3,3,1,0,1,9,10,11,1,0,2,0,1,0,6224,0.03,0.048,0.003
864,2.334,2.162,0.001,0.004,0.033,0,0,,0,,,,0,,,,,40,40,0,2,3,0,3,3,1,0,1,9,10,11,1,0,2,0,1,0,6224,0.026,0.044,0.002
865,2.639,2.303,0,0.009,0.055,0,0,,0,,,,0,,,,,40,40,0,2,3,0,3,3,1,0,1,9,10,11,1,0,2,0,1,0,6224,0.032,0.049,0.009
866,3.041,2.656,0,0.012,0.04,0,0,,0,,,,0,,,,,40,40,0,2,3,0,3,3,1,0,1,9,10,11,1,0,2,0,1,0,6224,0.052,0.079,0.01
867,2.601,2.174,0.001,0.011,0.04,0,0,,0,,,,0,,,,,40,40,0,2,3,0,3,3,1,0,1,9,10,11,1,0,2,0,1,0,6224,0.066,0.102,0.007
868,2.635,2.333,0,0.008,0.047,0,0,,0,,,,0,,,,,40,40,0,2,3,0,3,3,1,0,1,9,10,11,1,0,2,0,1,0,6224,0.038,0.063,0.006
869,4.403,4.148,0,0.007,0.038,0,0,,0,,,,0,,,,,40,40,0,2,3,0,3,3,1,0,1,9,10,11,1,0,2,0,1,0,6224,0.019,0.027,0.008
870,6.739,6.435,0,0.007,0.073,0,0,,1,609.375,231067648,285196288,1,70948032,70948032,167755776,38823561584,40,40,0,2,3,0,3,3,1,0,1,9,10,11,1,0,2,0,1,0,6224,0.022,0.033,0.008
871,4.22,3.892,0,0.011,0.038,0,0,,0,,,,0,,,,,40,40,0,2,3,0,3,3,1,0,1,9,10,11,1,0,2,0,1,0,6224,0.036,0.051,0.008
872,2.393,2.113,0,0.012,0.026,0,0,,0,,,,0,,,,,40,40,0,2,3,0,3,3,1,0,1,9,10,11,1,0,2,0,1,0,6224,0.081,0.035,0.005
873,2.331,2.078,0.001,0.003,0.019,0,0,,0,,,,0,,,,,40,40,0,2,3,0,3,3,1,0,1,9,10,11,1,0,2,0,1,0,6224,0.015,0.098,0.006
874,3.02,2.804,0.001,0.005,0.018,0,0,,0,,,,0,,,,,40,40,0,2,3,0,3,3,1,0,1,9,10,11,1,0,2,0,1,0,6224,0.029,0.061,0.002
875,4.436,4.045,0.001,0.014,0.052,0,0,,0,,,,0,,,,,40,40,0,2,3,0,3,3,1,0,1,9,10,11,1,0,2,0,1,0,6224,0.043,0.053,0.012
876,2.176,1.948,0,0.007,0.038,0,0,,0,,,,0,,,,,40,40,0,2,3,0,3,3,1,0,1,9,10,11,1,0,2,0,1,0,6224,0.03,0.05,0.005
877,2.573,2.134,0.001,0.018,0.046,0,0,,0,,,,0,,,,,40,40,0,2,3,0,3,3,1,0,1,9,10,11,1,0,2,0,1,0,6224,0.052,0.074,0.013
878,2.026,1.818,0,0.005,0.036,0,0,,0,,,,0,,,,,40,40,0,2,3,0,3,3,1,0,1,9,10,11,1,0,2,0,1,0,6224,0.028,0.047,0.004
879,2.442,2.228,0,0.005,0.038,0,0,,0,,,,0,,,,,40,40,0,2,3,0,3,3,1,0,1,9,10,11,1,0,2,0,1,0,6224,0.029,0.047,0.003
880,2.597,2.426,0,0.004,0.032,0,0,,0,,,,0,,,,,40,40,0,2,3,0,3,3,1,0,1,9,10,11,1,0,2,0,1,0,6224,0.025,0.042,0.002
881,4.923,4.635,0.001,0.008,0.049,0,0,,0,,,,0,,,,,40,40,0,2,3,0,3,3,1,0,1,9,10,11,1,0,2,0,1,0,6224,0.025,0.035,0.009
882,2.972,2.753,0,0.005,0.03,0,0,,0,,,,0,,,,,40,40,0,2,3,0,3,3,1,0,1,9,10,11,1,0,2,0,1,0,6224,0.02,0.031,0.005
883,3.159,2.843,0.001,0.008,0.053,0,0,,0,,,,0,,,,,40,40,0,2,3,0,3,3,1,0,1,9,10,11,1,0,2,0,1,0,6224,0.043,0.061,0.006
884,2.829,2.589,0,0.011,0.032,0,0,,0,,,,0,,,,,40,40,0,2,3,0,3,3,1,0,1,9,10,11,1,0,2,0,1,0,6224,0.023,0.061,0.005
885,2.358,2.16,0,0.005,0.02,0,0,,0,,,,0,,,,,40,40,0,2,3,0,3,3,1,0,1,9,10,11,1,0,2,0,1,0,6224,0.031,0.069,0.002
886,2.301,2.077,0,0.006,0.037,0,0,,0,,,,0,,,,,40,40,0,2,3,0,3,3,1,0,1,9,10,11,1,0,2,0,1,0,6224,0.022,0.037,0.005
887,3.757,3.389,0.001,0.009,0.046,0,0,,0,,,,0,,,,,40,40,0,2,3,0,3,3,1,0,1,9,10,11,1,0,2,0,1,0,6224,0.042,0.064,0.008
888,2.163,1.897,0,0.011,0.029,0,0,,0,,,,0,,,,,40,40,0,2,3,0,3,3,1,0,1,9,10,11,1,0,2,0,1,0,6224,0.071,0.027,0.004
889,2.444,2.112,0,0.009,0.041,0,0,,0,,,,0,,,,,40,40,0,2,3,0,3,3,1,0,1,9,10,11,1,0,2,0,1,0,6224,0.042,0.066,0.007
890,2.314,2.055,0.001,0.011,0.024,0,0,,0,,,,0,,,,,40,40,0,2,3,0,3,3,1,0,1,9,10,11,1,0,2,0,1,0,6224,0.076,0.028,0.002
891,3.069,2.804,0.001,0.006,0.017,0,0,,0,,,,0,,,,,40,40,0,2,3,0,3,3,1,0,1,9,10,11,1,0,2,0,1,0,6224,0.13,0.025,0.003
892,2.602,2.187,0,0.01,0.084,0,0,,0,,,,0,,,,,40,40,0,2,3,0,3,3,1,0,1,9,10,11,1,0,2,0,1,0,6224,0.042,0.073,0.008
893,3.289,2.981,0.001,0.008,0.048,0,0,,0,,,,0,,,,,40,40,0,2,3,0,3,3,1,0,1,9,10,11,1,0,2,0,1,0,6224,0.029,0.044,0.008
894,2.134,1.909,0,0.005,0.036,0,0,,0,,,,0,,,,,40,40,0,2,3,0,3,3,1,0,1,9,10,11,1,0,2,0,1,0,6224,0.028,0.049,0.004
895,2.199,2.01,0,0.004,0.037,0,0,,0,,,,0,,,,,40,40,0,2,3,0,3,3,1,0,1,9,10,11,1,0,2,0,1,0,6224,0.028,0.045,0.003
896,2.298,2.061,0,0.006,0.044,0,0,,0,,,,0,,,,,40,40,0,2,3,0,3,3,1,0,1,9,10,11,1,0,2,0,1,0,6224,0.023,0.036,0.005
897,4.825,4.609,0,0.005,0.056,0,0,,0,,,,0,,,,,40,40,0,2,3,0,3,3,1,0,1,9,10,11,1,0,2,0,1,0,6224,0.017,0.03,0.005
898,7.295,6.941,0.001,0.01,0.038,0,0,,0,,,,0,,,,,40,40,0,2,3,0,3,3,1,0,1,9,10,11,1,0,2,0,1,0,6224,0.044,0.072,0.01
899,2.369,1.954,0.001,0.013,0.042,0,0,,0,,,,0,,,,,40,40,0,2,3,0,3,3,1,0,1,9,10,11,1,0,2,0,1,0,6224,0.057,0.082,0.012
900,2.229,1.957,0,0.012,0.027,0,0,,1,640.625,231067648,285196288,1,70948032,70948032,167755776,38823561584,40,40,0,2,3,0,3,3,1,0,1,9,10,11,1,0,2,0,1,0,6224,0.06,0.028,0.003
901,2.247,2.017,0,0.007,0.043,0,0,,0,,,,0,,,,,40,40,0,2,3,0,3,3,1,0,1,9,10,11,1,0,2,0,1,0,6224,0.024,0.037,0.004
902,2.16,1.978,0,0.004,0.026,0,0,,0,,,,0,,,,,40,40,0,2,3,0,3,3,1,0,1,9,10,11,1,0,2,0,1,0,6224,0.022,0.039,0.003
903,2.445,2.093,0,0.006,0.081,0,0,,0,,,,0,,,,,40,40,0,2,3,0,3,3,1,0,1,9,10,11,1,0,2,0,1,0,6224,0.03,0.064,0.007
904,4.365,4.111,0,0.007,0.062,0,0,,0,,,,0,,,,,40,40,0,2,3,0,3,3,1,0,1,9,10,11,1,0,2,0,1,0,6224,0.024,0.031,0.007
905,3.272,2.907,0.001,0.01,0.033,0,0,,0,,,,0,,,,,40,40,0,2,3,0,3,3,1,0,1,9,10,11,1,0,2,0,1,0,6224,0.051,0.078,0.009
906,2.964,2.726,0.001,0.005,0.039,0,0,,0,,,,0,,,,,40,40,0,2,3,0,3,3,1,0,1,9,10,11,1,0,2,0,1,0,6224,0.032,0.055,0.004
907,2.727,2.36,0,0.012,0.043,0,0,,0,,,,0,,,,,40,40,0,2,3,0,3,3,1,0,1,9,10,11,1,0,2,0,1,0,6224,0.052,0.077,0.008
908,3.992,3.726,0,0.007,0.042,0,0,,0,,,,0,,,,,40,40,0,2,3,0,3,3,1,0,1,9,10,11,1,0,2,0,1,0,6224,0.031,0.039,0.005
909,5.685,5.352,0,0.007,0.036,0,0,,0,,,,0,,,,,40,40,0,2,3,0,3,3,1,0,1,9,10,11,1,0,2,0,1,0,6224,0.042,0.068,0.008
910,4.341,4.035,0,0.005,0.038,0,0,,0,,,,0,,,,,40,40,0,2,3,0,3,3,1,0,1,9,10,11,1,0,2,0,1,0,6224,0.042,0.069,0.005
911,3.07,2.878,0,0.004,0.04,0,0,,0,,,,0,,,,,40,40,0,2,3,0,3,3,1,0,1,9,10,11,1,0,2,0,1,0,6224,0.019,0.029,0.004
912,3.308,3.06,0,0.006,0.038,0,0,,0,,,,0,,,,,40,40,0,2,3,0,3,3,1,0,1,9,10,11,1,0,2,0,1,0,6224,0.023,0.039,0.007
913,4.941,4.596,0,0.009,0.036,0,0,,0,,,,0,,,,,40,40,0,2,3,0,3,3,1,0,1,9,10,11,1,0,2,0,1,0,6224,0.049,0.078,0.008
914,3.065,2.847,0,0.008,0.022,0,0,,0,,,,0,,,,,40,40,0,2,3,0,3,3,1,0,1,9,10,11,1,0,2,0,1,0,6224,0.039,0.063,0.003
915,3.162,2.846,0.001,0.014,0.04,0,0,,0,,,,0,,,,,40,40,0,2,3,0,3,3,1,0,1,9,10,11,1,0,2,0,1,0,6224,0.041,0.043,0.007
916,2.215,1.98,0,0.01,0.031,0,0,,0,,,,0,,,,,40,40,0,2,3,0,3,3,1,0,1,9,10,11,1,0,2,0,1,0,6224,0.033,0.048,0.004
917,2.689,2.365,0,0.006,0.103,0,0,,0,,,,0,,,,,40,40,0,2,3,0,3,3,1,0,1,9,10,11,1,0,2,0,1,0,6224,0.029,0.039,0.004
918,4.622,4.305,0,0.009,0.048,0,0,,0,,,,0,,,,,40,40,0,2,3,0,3,3,1,0,1,9,10,11,1,0,2,0,1,0,6224,0.027,0.04,0.009
919,3.18,2.952,0,0.005,0.035,0,0,,0,,,,0,,,,,40,40,0,2,3,0,3,3,1,0,1,9,10,11,1,0,2,0,1,0,6224,0.024,0.04,0.005
920,4.512,4.147,0.001,0.008,0.056,0,0,,0,,,,0,,,,,40,40,0,2,3,0,3,3,1,0,1,9,10,11,1,0,2,0,1,0,6224,0.045,0.061,0.007
921,3.082,2.768,0,0.01,0.033,0,0,,0,,,,0,,,,,40,40,0,2,3,0,3,3,1,0,1,9,10,11,1,0,2,0,1,0,6224,0.042,0.063,0.007
922,6.814,6.466,0,0.01,0.044,0,0,,0,,,,0,,,,,40,40,0,2,3,0,3,3,1,0,1,9,10,11,1,0,2,0,1,0,6224,0.053,0.041,0.008
923,2.376,2.024,0,0.014,0.041,0,0,,0,,,,0,,,,,40,40,0,2,3,0,3,3,1,0,1,9,10,11,1,0,2,0,1,0,6224,0.056,0.037,0.008
924,2.382,2.006,0,0.007,0.086,0,0,,0,,,,0,,,,,40,40,0,2,3,0,3,3,1,0,1,9,10,11,1,0,2,0,1,0,6224,0.04,0.06,0.007
925,2.216,2.001,0,0.007,0.039,0,0,,0,,,,0,,,,,40,40,0,2,3,0,3,3,1,0,1,9,10,11,1,0,2,0,1,0,6224,0.023,0.034,0.004
926,2.955,2.533,0,0.011,0.088,0,0,,0,,,,0,,,,,40,40,0,2,3,0,3,3,1,0,1,9,10,11,1,0,2,0,1,0,6224,0.044,0.08,0.007
927,6.725,6.329,0,0.012,0.056,0,0,,0,,,,0,,,,,40,40,0,2,3,0,3,3,1,0,1,9,10,11,1,0,2,0,1,0,6224,0.072,0.037,0.011
928,5.239,4.95,0,0.008,0.033,0,0,,0,,,,0,,,,,40,40,0,2,3,0,3,3,1,0,1,9,10,11,1,0,2,0,1,0,6224,0.021,0.032,0.008
929,5.91,5.317,0,0.014,0.133,0,0,,0,,,,0,,,,,40,40,0,2,3,0,3,3,1,0,1,9,10,11,1,0,2,0,1,0,6224,0.056,0.095,0.014
930,8.415,7.825,0,0.015,0.106,0,0,,1,640.625,231067648,285196288,1,70948032,70948032,167755776,38823561584,40,40,0,2,3,0,3,3,1,0,1,9,10,11,1,0,2,0,1,0,6224,0.059,0.099,0.012
931,3.2,2.707,0.001,0.009,0.114,0,0,,0,,,,0,,,,,40,40,0,2,3,0,3,3,1,0,1,9,10,11,1,0,2,0,1,0,6224,0.053,0.093,0.008
932,3.721,3.196,0,0.01,0.099,0,0,,0,,,,0,,,,,40,40,0,2,3,0,3,3,1,0,1,9,10,11,1,0,2,0,1,0,6224,0.055,0.096,0.008
933,4.723,4.036,0.001,0.016,0.116,0,0,,0,,,,0,,,,,40,40,0,2,3,0,3,3,1,0,1,9,10,11,1,0,2,0,1,0,6224,0.07,0.099,0.014
934,3.523,3.031,0,0.052,0.099,0,0,,0,,,,0,,,,,40,40,0,2,3,0,3,3,1,0,1,9,10,11,1,0,2,0,1,0,6224,0.049,0.086,0.007
935,2.979,2.529,0.001,0.009,0.095,0,0,,0,,,,0,,,,,40,40,0,2,3,0,3,3,1,0,1,9,10,11,1,0,2,0,1,0,6224,0.049,0.087,0.007
936,3.114,2.704,0.001,0.007,0.086,0,0,,0,,,,0,,,,,40,40,0,2,3,0,3,3,1,0,1,9,10,11,1,0,2,0,1,0,6224,0.043,0.074,0.006
937,1.994,1.767,0,0.003,0.038,0,0,,0,,,,0,,,,,40,40,0,2,3,0,3,3,1,0,1,9,10,11,1,0,2,0,1,0,6224,0.018,0.03,0.004
938,2.602,2.179,0.001,0.01,0.07,0,0,,0,,,,0,,,,,40,40,0,2,3,0,3,3,1,0,1,9,10,11,1,0,2,0,1,0,6224,0.046,0.077,0.01
939,3.49,3,0.001,0.011,0.078,0,0,,0,,,,0,,,,,40,40,0,2,3,0,3,3,1,0,1,9,10,11,1,0,2,0,1,0,6224,0.058,0.095,0.009
940,2.242,1.889,0.001,0.009,0.058,0,0,,0,,,,0,,,,,40,40,0,2,3,0,3,3,1,0,1,9,10,11,1,0,2,0,1,0,6224,0.04,0.071,0.006
941,2.519,2.129,0.001,0.009,0.06,0,0,,0,,,,0,,,,,40,40,0,2,3,0,3,3,1,0,1,9,10,11,1,0,2,0,1,0,6224,0.05,0.083,0.006
942,2.206,1.842,0.001,0.008,0.06,0,0,,0,,,,0,,,,,40,40,0,2,3,0,3,3,1,0,1,9,10,11,1,0,2,0,1,0,6224,0.042,0.073,0.008
943,2.995,2.813,0,0.004,0.038,0,0,,0,,,,0,,,,,40,40,0,2,3,0,3,3,1,0,1,9,10,11,1,0,2,0,1,0,6224,0.021,0.039,0.003
944,7.85,7.499,0,0.011,0.047,0,0,,0,,,,0,,,,,40,40,0,2,3,0,3,3,1,0,1,9,10,11,1,0,2,0,1,0,6224,0.055,0.091,0.004
945,5.156,4.797,0,0.009,0.042,0,0,,0,,,,0,,,,,40,40,0,2,3,0,3,3,1,0,1,9,10,11,1,0,2,0,1,0,6224,0.05,0.084,0.006
946,5.315,4.88,0,0.011,0.068,0,0,,0,,,,0,,,,,40,40,0,2,3,0,3,3,1,0,1,9,10,11,1,0,2,0,1,0,6224,0.036,0.075,0.008
947,8.606,8.316,0,0.009,0.045,0,0,,0,,,,0,,,,,40,40,0,2,3,0,3,3,1,0,1,9,10,11,1,0,2,0,1,0,6224,0.022,0.033,0.009
948,4.843,4.455,0.001,0.015,0.048,0,0,,0,,,,0,,,,,40,40,0,2,3,0,3,3,1,0,1,9,10,11,1,0,2,0,1,0,6224,0.049,0.075,0.007
949,4.81,4.195,0,0.009,0.228,0,0,,0,,,,0,,,,,40,40,0,2,3,0,3,3,1,0,1,9,10,11,1,0,2,0,1,0,6224,0.027,0.041,0.009
950,8.104,7.7,0,0.017,0.058,0,0,,0,,,,0,,,,,40,40,0,2,3,0,3,3,1,0,1,9,10,11,1,0,2,0,1,0,6224,0.03,0.047,0.01
951,4.38,4.053,0,0.01,0.039,0,0,,0,,,,0,,,,,40,40,0,2,3,0,3,3,1,0,1,9,10,11,1,0,2,0,1,0,6224,0.058,0.038,0.005
952,4.919,4.339,0.001,0.012,0.192,0,0,,0,,,,0,,,,,40,40,0,2,3,0,3,3,1,0,1,9,10,11,1,0,2,0,1,0,6224,0.043,0.065,0.01
953,5.938,5.679,0.001,0.007,0.045,0,0,,0,,,,0,,,,,40,40,0,2,3,0,3,3,1,0,1,9,10,11,1,0,2,0,1,0,6224,0.022,0.035,0.007
954,4.885,4.535,0.001,0.013,0.036,0,0,,0,,,,0,,,,,40,40,0,2,3,0,3,3,1,0,1,9,10,11,1,0,2,0,1,0,6224,0.054,0.064,0.005
955,3.568,3.195,0.001,0.007,0.096,0,0,,0,,,,0,,,,,40,40,0,2,3,0,3,3,1,0,1,9,10,11,1,0,2,0,1,0,6224,0.034,0.064,0.008
956,11.089,10.763,0,0.015,0.043,0,0,,0,,,,0,,,,,40,40,0,2,3,0,3,3,1,0,1,9,10,11,1,0,2,0,1,0,6224,0.024,0.035,0.009
957,4.485,4.333,0,0.003,0.054,0,0,,0,,,,0,,,,,40,40,0,2,3,0,3,3,1,0,1,9,10,11,1,0,2,0,1,0,6224,0.015,0.024,0.003
958,6.956,6.538,0,0.013,0.049,0,0,,0,,,,0,,,,,40,40,0,2,3,0,3,3,1,0,1,9,10,11,1,0,2,0,1,0,6224,0.049,0.08,0.012
959,4.517,4.096,0.001,0.011,0.043,0,0,,0,,,,0,,,,,40,40,0,2,3,0,3,3,1,0,1,9,10,11,1,0,2,0,1,0,6224,0.046,0.108,0.009
960,4.56,4.209,0,0.009,0.048,0,0,,1,656.25,231067648,285196288,1,70948032,70948032,167755776,38823561584,40,40,0,2,3,0,3,3,1,0,1,9,10,11,1,0,2,0,1,0,6224,0.047,0.075,0.008
961,7.069,6.709,0,0.011,0.061,0,0,,0,,,,0,,,,,40,40,0,2,3,0,3,3,1,0,1,9,10,11,1,0,2,0,1,0,6224,0.031,0.045,0.01
962,4.091,3.839,0,0.006,0.039,0,0,,0,,,,0,,,,,40,40,0,2,3,0,3,3,1,0,1,9,10,11,1,0,2,0,1,0,6224,0.035,0.035,0.006
963,3.242,2.934,0.001,0.012,0.054,0,0,,0,,,,0,,,,,40,40,0,2,3,0,3,3,1,0,1,9,10,11,1,0,2,0,1,0,6224,0.03,0.04,0.008
964,2.747,2.547,0,0.004,0.045,0,0,,0,,,,0,,,,,40,40,0,2,3,0,3,3,1,0,1,9,10,11,1,0,2,0,1,0,6224,0.022,0.039,0.003
965,5.217,4.505,0.001,0.017,0.112,0,0,,0,,,,0,,,,,40,40,0,2,3,0,3,3,1,0,1,9,10,11,1,0,2,0,1,0,6224,0.065,0.109,0.018
966,3.261,2.86,0,0.011,0.036,0,0,,0,,,,0,,,,,40,40,0,2,3,0,3,3,1,0,1,9,10,11,1,0,2,0,1,0,6224,0.068,0.088,0.005
967,3.611,3.088,0,0.02,0.094,0,0,,0,,,,0,,,,,40,40,0,2,3,0,3,3,1,0,1,9,10,11,1,0,2,0,1,0,6224,0.053,0.083,0.012
968,3.163,2.632,0.001,0.01,0.114,0,0,,0,,,,0,,,,,40,40,0,2,3,0,3,3,1,0,1,9,10,11,1,0,2,0,1,0,6224,0.059,0.103,0.008
969,2.39,1.941,0,0.009,0.145,0,0,,0,,,,0,,,,,40,40,0,2,3,0,3,3,1,0,1,9,10,11,1,0,2,0,1,0,6224,0.034,0.059,0.009
970,5.187,4.745,0.001,0.013,0.065,0,0,,0,,,,0,,,,,40,40,0,2,3,0,3,3,1,0,1,9,10,11,1,0,2,0,1,0,6224,0.04,0.062,0.012
971,2.836,2.481,0.001,0.014,0.067,0,0,,0,,,,0,,,,,40,40,0,2,3,0,3,3,1,0,1,9,10,11,1,0,2,0,1,0,6224,0.031,0.049,0.007
972,3.27,3.038,0.001,0.006,0.049,0,0,,0,,,,0,,,,,40,40,0,2,3,0,3,3,1,0,1,9,10,11,1,0,2,0,1,0,6224,0.023,0.039,0.005

summary_metric,count,median,p95,p99
wall_ms,973,3.818,10.513,28.74064
frame_wait_ms,973,3.497,10.1776,28.0208
scene_advance_ms,973,0,0.001,0.001
view_build_ms,973,0.009,0.015,0.02
render_submit_ms,973,0.042,0.086,0.14056
gpu_ms,973,3.21656242147,8.49807270919,21.5211994746

gpu_sample_serial,gpu_ms
386,4.60984363745
387,4.68817696888
388,5.92447902203
389,4.9794790451
390,5.15234362421
391,6.46395817552
392,6.44098942608
393,17.4808849899
394,21.4009890608
395,6.0199477697
396,5.93322902181
397,5.40734361798
398,4.78124988327
399,4.67260405259
400,5.55890611428
401,2.90505201241
402,2.68994785099
403,2.70828118388
404,2.71583326703
405,2.72192701688
406,3.95041657022
407,4.74885405073
408,6.02499985291
409,4.19395823094
410,2.09692703214
411,2.09624994882
412,2.10223953201
413,2.08083328253
414,2.78276034873
415,2.09078119896
416,2.09932286541
417,2.0958853655
418,2.67963535125
419,2.0780207826
420,2.13645828117
421,2.49645827238
422,2.25697911156
423,3.63244782798
424,2.95927076109
425,2.91645826213
426,2.50223952224
427,2.08020828255
428,2.88885409614
429,3.44041658267
430,2.76124993259
431,2.08854161568
432,2.70078118406
433,2.18281244671
434,2.73124993332
435,2.28541661087
436,2.81999993115
437,2.57885410371
438,2.08130203252
439,2.10796869854
440,2.72807285006
441,2.09307286557
442,2.49812493901
443,3.85322907259
444,2.09072911562
445,2.73291659995
446,2.0767186993
447,2.08005203255
448,2.83572909743
449,2.86255201345
450,1.94484370252
451,1.95609370224
452,2.53161452153
453,2.73536451655
454,1.95052078571
455,1.94166661926
456,4.03479156816
457,3.46031241552
458,3.62833324475
459,4.29421864516
460,2.71864576696
461,2.60453118641
462,1.94479161919
463,1.94734370246
464,2.52656243832
465,2.11734369831
466,2.02276036728
467,1.96505203536
468,1.96255203542
469,1.938645786
470,1.94098953595
471,3.80281240716
472,2.03781245025
473,3.43166658289
474,2.73010410001
475,2.67541660135
476,2.72791660007
477,2.26812494463
478,2.73526034989
479,3.24473950412
480,2.47541660623
481,2.60848951965
482,4.13796864898
483,5.79010402531
484,2.69026035099
485,2.66062493504
486,2.02145828398
487,1.99604161794
488,2.74052076643
489,2.07552078266
490,2.64973951864
491,2.78296868206
492,2.42786452406
493,2.23760411204
494,3.51692699747
495,2.75177076615
496,2.74708326627
497,2.01901036737
498,2.02260411729
499,2.72401035016
500,2.4261457741
501,2.59864576989
502,2.07609369931
503,2.08958328232
504,2.08072911587
505,2.72395826683
506,5.6468227788
507,4.52359363956
508,2.81526034793
509,3.54343741349
510,2.89036451277
511,3.46682283203
512,3.55328116325
513,5.68020819466
514,3.22828117118
515,2.09177078226
516,2.4001561914
517,3.56374991299
518,2.99494784355
519,3.99953115236
520,2.74208326639
521,5.85499985706
522,4.82083321564
523,3.61031241186
524,2.28671869417
525,3.51041658096
526,2.60807285299
527,2.09390619888
528,2.07463536602
529,2.07479161601
530,2.63255201906
531,3.49630199797
532,2.75666659937
533,4.72057280142
534,2.07052078278
535,3.52906241384
536,2.81458326462
537,2.7895311819
538,2.79645826506
539,3.88338532186
540,7.13374982584
541,5.39979153484
542,2.62494785258
543,2.48208327274
544,2.51473952194
545,4.44453114149
546,2.61598951947
547,2.09255203225
548,2.79416659845
549,2.07999994922
550,2.08864578234
551,10.9145830669
552,5.14786445765
553,5.01885404414
554,6.27208318021
555,3.04526034232
556,2.83166659753
557,2.83848951403
558,6.60447900542
559,6.02567693622
560,8.05026022013
561,6.21942693149
562,5.74124985983
563,6.63776025461
564,5.38802070179
565,6.36156234469
566,2.74270826637
567,4.24854156294
568,3.46552074873
569,2.86151034681
570,3.55734366315
571,4.83406238198
572,5.70921861061
573,4.71208321829
574,4.65624988632
575,5.94786443812
576,13.079583014
577,17.7278120672
578,5.24041653873
579,5.64786444545
580,8.73333312012
581,5.17489570699
582,4.89687488045
583,5.63083319586
584,4.84473946505
585,4.95526029569
586,28.7396867983
587,5.17239570705
588,5.39802070155
589,5.77026027579
590,6.3708331778
591,2.70755201723
592,2.71281243377
593,2.73614576653
594,3.82880198986
595,5.03619779371
596,4.96249987885
597,5.56057278091
598,4.65380196972
599,4.6599478029
600,4.94458321262
601,7.05489566109
602,6.43473942624
603,5.70473944406
604,5.48494778276
605,5.60958319638
606,5.652656112
607,14.1227600719
608,5.09880195885
609,4.95406237905
610,4.66499988611
611,4.44807280807
612,5.44062486717
613,4.67145821928
614,4.74505196749
615,6.23119776454
616,5.1297394581
617,6.50124984128
618,5.5990623633
619,6.42093734324
620,6.77010400138
621,5.47171861641
622,5.83859360746
623,26.1757285276
624,4.73598946771
625,5.03140612716
626,16.355520434
627,5.06192695975
628,6.05937485207
629,5.53937486476
630,5.62874986258
631,6.07276026841
632,6.15359359977
633,5.71765611041
634,5.50895819884
635,13.5749475852
636,7.62552064716
637,5.69630194426
638,5.66901027826
639,42.5477072946
640,5.25473945504
641,4.92864571301
642,7.55161439897
643,5.44515611706
644,4.71515613488
645,4.74723946743
646,4.61515613733
647,5.91437485561
648,4.70583321844
649,4.85838529805
650,19.8854682645
651,14.7607288063
652,5.1403123745
653,17.3773954091
654,4.81656238241
655,4.45432280792
656,3.63911449449
657,2.6789061846
658,2.7649999325
659,2.52015618847
660,2.58572910354
661,4.50166655676
662,4.31671864461
663,4.18713531444
664,4.27171864571
665,4.41536447554
666,2.70624993393
667,2.81739576455
668,4.48130197393
669,2.10317703199
670,2.10880203185
671,2.14302078101
672,2.08458328244
673,2.65770826845
674,10.4092184959
675,2.71348951709
676,2.07296869939
677,2.09249994891
678,2.09953119874
679,4.77369780012
680,4.94994779582
681,2.08374994913
682,5.84447902398
683,4.78541654984
684,2.79124993185
685,2.81348951464
686,3.58677074577
687,2.82135409779
688,2.81583326459
689,2.82927076426
690,4.4715103075
691,5.53729153148
692,5.15927070737
693,5.79942694175
694,4.78776029978
695,3.3490103349
696,3.39817700037
697,2.71786451698
698,2.64614576873
699,2.65234368525
700,2.08151036585
701,2.16161453056
702,5.59151028016
703,4.44671864144
704,3.9581769867
705,3.35593741807
706,2.68145826787
707,2.7045832673
708,2.72807285006
709,4.66609363608
710,5.30619778712
711,4.13286448243
712,2.55624993759
713,2.50479160551
714,2.69046868431
715,2.64458326877
716,2.46052077326
717,2.60052076984
718,2.10671869857
719,3.20947908831
720,2.58333327026
721,2.53614577142
722,2.66776035154
723,2.67104160146
724,2.69963535076
725,3.51484366419
726,2.68598951776
727,2.69432285089
728,2.11286453175
729,2.51197910534
730,3.32838533541
731,3.36838533443
732,4.49447905694
733,1.95197911901
734,2.0741145327
735,2.69947910076
736,2.06906244949
737,2.09093744895
738,2.07192703275
739,2.2146353626
740,2.16015619726
741,3.52911449717
742,4.94156237936
743,4.92562487975
744,5.68458319455
745,4.96640612875
746,4.79484363294
747,2.73942701645
748,2.07781244927
749,2.78187493208
750,2.85427076365
751,2.40562494127
752,2.08937494899
753,3.37484366761
754,2.78619784864
755,3.35328116813
756,2.73020826668
757,2.21104161269
758,2.09802078211
759,4.89885404707
760,2.71229160045
761,3.48151033167
762,2.74265618304
763,2.62984368579
764,2.07859369925
765,2.68947910101
766,2.10942703183
767,5.48036444954
768,4.46458322433
769,4.49114572369
770,4.32885406098
771,4.4032811425
772,3.52999991382
773,3.50645824773
774,8.61802062293
775,5.78411444212
776,5.82359360782
777,3.79010407413
778,3.26348950366
779,2.51843743851
780,2.65057285196
781,2.60583326971
782,2.56932285394
783,3.24880200402
784,2.44291660703
785,2.43484369056
786,3.80874990701
787,4.34359364396
788,3.2045832551
789,2.31114577691
790,2.08302078248
791,2.10776036521
792,5.42661445085
793,2.24630202849
794,2.65838535176
795,2.04239578347
796,2.69135410096
797,2.70598951727
798,2.22270827907
799,2.08026036588
800,2.7567186827
801,3.53432283038
802,2.6881770177
803,2.68906243435
804,3.80505199044
805,5.72098944366
806,4.66442696946
807,4.68249988568
808,5.59083319684
809,7.08296857708
810,6.61812483842
811,3.91239573782
812,2.06348953296
813,2.77333326562
814,2.09447911553
815,5.53369778157
816,3.54979158
817,2.17677078019
818,2.27401036115
819,2.07848953259
820,2.50848952209
821,2.72281243353
822,2.89166659607
823,2.22677077897
824,5.08906237576
825,3.22640617123
826,2.77307284896
827,2.61291660287
828,3.59682282885
829,2.06890619949
830,2.07744786595
831,3.24401033747
832,5.09614570892
833,4.96093737888
834,6.17130193267
835,5.30354153719
836,4.41854155879
837,3.5525519966
838,2.74390618301
839,3.87979157195
840,5.4396873672
841,4.27156239571
842,6.11505193404
843,8.80057270181
844,4.30239572829
845,2.60864576965
846,2.57671868709
847,2.55093743772
848,2.68104160121
849,3.92307282089
850,3.43937491603
851,3.2957290862
852,4.37536447651
853,3.22307283798
854,5.40968736793
855,4.36249989349
856,4.560208222
857,5.73041652676
858,4.8566665481
859,2.91010409562
860,3.28802075306
861,3.03072909267
862,4.33890614407
863,2.55145827104
864,2.52088535512
865,2.46979160637
866,2.45249994012
867,3.98213531945
868,2.62947910247
869,2.55020827107
870,2.00614578436
871,1.98973953476
872,1.93999995264
873,3.37234366767
874,2.54322910458
875,3.22796867119
876,2.66218743501
877,2.6665624349
878,2.6748436847
879,2.68265618451
880,3.48249991498
881,2.68322910116
882,3.00203117671
883,4.52729155614
884,3.45541658231
885,2.68187493452
886,4.01458323532
887,2.71817701697
888,2.71755201699
889,6.17093734934
890,2.99645826018
891,2.68906243435
892,2.69015618432
893,3.90833323792
894,4.18093739793
895,2.07557286599
896,2.08385411579
897,2.81286451466
898,2.71281243377
899,2.73046868334
900,2.75124993283
901,3.25161450395
902,2.73359368326
903,2.08302078248
904,2.07942703257
905,2.7676040991
906,1.96927078526
907,2.50437493886
908,2.72744785008
909,2.07166661609
910,1.99156245138
911,4.50437489003
912,4.36421864345
913,5.85281235711
914,4.64635405323
915,2.73343743327
916,3.51052074763
917,2.74104159975
918,2.74364576635
919,2.39692702481
920,3.79807282394
921,5.47885403291
922,5.18135404017
923,2.69411451756
924,3.46708324869
925,2.71916660028
926,3.69546865978
927,2.39927077476
928,2.09729161546
929,2.07979161589
930,2.07489578268
931,2.14390619766
932,2.73833326648
933,2.08619786573
934,3.78328115763
935,2.92166659534
936,2.87562492979
937,4.9398436294
938,2.72406243349
939,9.93958309067
940,3.70791657614
941,3.32817700208
942,2.6680207682
943,3.75135407508
944,2.68781243438
945,3.10364575756
946,5.26552070478
947,2.08697911572
948,2.08343744913
949,2.02817703382
950,2.09223953225
951,2.7390103498
952,2.06911453282
953,2.39541660818
954,2.09208328226
955,2.45854160664
956,2.8574478469
957,2.83260409751
958,2.08098953253
959,2.09874994876
960,5.69286444435
961,6.63427067136
962,4.81796863237
963,3.96244781993
964,2.73151034998
965,2.08135411585
966,2.07364578271
967,2.6023957698
968,2.83010409757
969,2.78276034873
970,3.4926040814
971,2.67296868474
972,2.69322910091
973,2.63932285223
974,1.94255203591
975,3.41411449998
976,2.65994785173
977,2.6335936857
978,2.64916660199
979,2.08473953244
980,2.21276036264
981,3.15286450636
982,2.56614577068
983,2.67286451808
984,1.93666661938
985,1.93937495265
986,2.58124993698
987,1.94796870244
988,2.63447910235
989,4.41734364215
990,2.607916603
991,3.28010408659
992,2.1543749474
993,2.07776036594
994,2.08171869918
995,2.08140619918
996,2.32744785984
997,5.94828110478
998,4.73546863439
999,4.65604155299
1000,4.33583322748
1001,3.91734365436
1002,2.07416661603
1003,3.91401032111
1004,2.08453119911
1005,2.07468744935
1006,2.10072911538
1007,2.61255201955
1008,2.73260409995
1009,3.44953116578
1010,2.73786451649
1011,5.00098946124
1012,3.71640615927
1013,2.55942702085
1014,3.52874991385
1015,2.08453119911
1016,2.69994785075
1017,2.93364576171
1018,6.18067693244
1019,4.9807811284
1020,2.68734368439
1021,2.70572910061
1022,3.60343741203
1023,3.2973436695
1024,2.72166660022
1025,2.58187493697
1026,2.05963536638
1027,2.0820832825
1028,3.61062491185
1029,2.81822909786
1030,2.78072909878
1031,2.27515619445
1032,2.71114576714
1033,2.0684374495
1034,2.0863020324
1035,2.07749994928
1036,2.46442702317
1037,2.76114576592
1038,4.36578114341
1039,2.1914061965
1040,2.09843744877
1041,2.08697911572
1042,1.99526036795
1043,1.96416661871
1044,5.19473945651
1045,3.62734366144
1046,2.03572911697
1047,2.09098953228
1048,2.72411451683
1049,2.05041661661
1050,1.94390620254
1051,1.93687495271
1052,1.98473953488
1053,2.24916661176
1054,2.10281244866
1055,2.71598951702
1056,3.87666657202
1057,7.57968731495
1058,3.399687417
1059,2.43942702378
1060,1.93822911935
1061,3.8693228222
1062,3.86953115553
1063,5.30526028714
1064,6.47796859185
1065,5.26968737135
1066,5.12640612484
1067,6.06911443516
1068,3.82338532332
1069,2.79307284848
1070,3.65614574407
1071,2.82619784767
1072,2.94854159468
1073,4.45958322446
1074,5.46244778331
1075,2.73401034992
1076,2.69630201751
1077,2.6789061846
1078,5.73317694336
1079,4.56541655521
1080,4.4591665578
1081,4.71708321817
1082,4.40104155922
1083,6.7800519178
1084,4.70291655185
1085,1.94604161916
1086,2.28093744431
1087,2.07843744926
1088,2.09005203231
1089,2.76156243258
1090,3.88255198854
1091,5.47463528301
1092,5.8721352733
1093,4.79208321634
1094,4.36031239355
1095,2.75005201619
1096,4.28546864537
1097,5.48187486617
1098,4.77536446675
1099,5.75296860955
1100,5.32624986996
1101,6.11656235067
1102,4.49770822353
1103,4.93572904617
1104,5.61088527968
1105,4.56223947195
1106,2.70369785066
1107,2.08708328238
1108,16.5541662625
1109,9.00015603027
1110,4.47520822408
1111,5.43411445066
1112,4.30333322827
1113,4.26546864586
1114,4.94515612927
1115,4.07374990054
1116,4.01031240209
1117,4.9192186299
1118,4.02156240182
1119,3.96182281994
1120,3.78145824101
1121,4.67927071909
1122,3.83239573977
1123,3.84572907278
1124,4.74640613412
1125,3.87562490538
1126,3.96296865325
1127,3.97317698633
1128,12.7413538556
1129,4.03276031821
1130,3.93067698737
1131,2.6912499343
1132,2.70869785054
1133,2.69098951764
1134,2.67661451799
1135,2.70249993402
1136,2.69588535085
1137,7.02156232858
1138,6.06916651849
1139,4.75463530059
1140,9.51999976758
1141,5.07624987607
1142,4.54083322247
1143,2.69692701749
1144,2.69651035083
1145,2.69447910088
1146,2.70390618399
1147,4.43151030848
1148,5.37802070203
1149,4.35703114363
1150,3.73192699222
1151,3.30828116923
1152,2.6145832695
1153,2.57505202047
1154,2.56869785395
1155,2.5736457705
1156,3.26749992023
1157,2.52447910503
1158,3.21656242147
1159,3.58838532906
1160,3.42541658304
1161,2.67374993472
1162,3.30510408598
1163,4.2993228117
1164,4.26557281253
1165,4.04666656787
1166,3.98380198607
1167,5.07729154271
1168,4.14416656549
1169,4.21713531371
1170,9.96958308994
1171,4.61317697071
1172,17.1314058318
1173,19.8904682644
1174,30.5113534218
1175,30.1873950963
1176,47.528332173
1177,60.7344256006
1178,18.6352078784
1179,6.0782811016
1180,6.47072900869
1181,20.6782807452
1182,5.04296862688
1183,4.98244779502
1184,11.0265101475
1185,7.17979149138
1186,21.2472390646
1187,5.21984362256
1188,8.44114562725
1189,21.2843744804
1190,40.1609886028
1191,51.3202070804
1192,5.01973946078
1193,21.830311967
1194,5.40713528466
1195,12.9105726015
1196,13.5141663367
1197,16.0290100253
1198,5.07270820949
1199,8.08458313596
1200,8.33182271325
1201,7.48239565066
1202,5.03182279382
1203,9.63697893139
1204,6.75739566836
1205,4.06010406754
1206,2.69916660077
1207,3.23124992111
1208,4.81843738236
1209,8.46744770994
1210,5.40880195128
1211,8.58203104048
1212,2.83213534752
1213,2.86911451329
1214,2.8782290964
1215,4.85187488155
1216,6.12208318387
1217,15.0388537995
1218,7.88536439082
1219,5.67385402814
1220,5.16437487392
1221,18.5605203802
1222,11.2332809757
1223,4.92984362964
1224,4.30463531157
1225,2.34432285943
1226,4.44874989139
1227,2.53031243822
1228,2.52786452162
1229,2.45208327347
1230,2.44458327365
1231,3.82890615652
1232,2.44880202355
1233,16.5873954284
1234,4.25802072938
1235,4.11083323297
1236,5.23281237225
1237,3.96145823662
1238,3.83703115632
1239,3.39973950033
1240,3.95223948684
1241,2.66869785151
1242,2.87958326303
1243,4.29338531185
1244,4.23255198
1245,2.59234368671
1246,2.67406243472
1247,2.38510410844
1248,2.07458328268
1249,2.10442703196
1250,2.82958326425
1251,2.08838536568
1252,2.09359369889
1253,4.23380197997
1254,6.36130192803
1255,3.71114574273
1256,2.07651036597
1257,2.08588536574
1258,2.69802076746
1259,3.99624990244
1260,2.07979161589
1261,2.07406244936
1262,1.9688541186
1263,2.13807286447
1264,2.30744786033
1265,4.52786447279
1266,2.72854160005
1267,2.69510410087
1268,2.54822910445
1269,2.07880203258
1270,1.97484370179
1271,3.34838533492
1272,2.02072911733
1273,2.0820832825
1274,2.10104161537
1275,2.8697915966
1276,1.9633332854
1277,3.38874991727
1278,1.93124995285
1279,1.96052078547
1280,1.95281245232
1281,4.49692697355
1282,6.71833316931
1283,2.07604161598
1284,2.0739582827
1285,2.0164582841
1286,1.94244786924
1287,1.96140620211
1288,4.16942698154
1289,2.72072910024
1290,2.74432284967
1291,2.27755202773
1292,3.64916657758
1293,3.95942698667
1294,3.88520823848
1295,2.79333326514
1296,2.81307284799
1297,3.56046866307
1298,2.8493228471
1299,2.64843743534
1300,2.05260411655
1301,2.24265619525
1302,4.44755197475
1303,2.97104159413
1304,3.91666657104
1305,2.85822909689
1306,6.4920310915
1307,2.07630203264
1308,2.08442703244
1309,2.08901036567
1310,2.07536453267
1311,6.7980727507
1312,4.8838019641
1313,4.89541654715
1314,6.68624983676
1315,2.86958326328
1316,2.8168228479
1317,4.56671863851
1318,2.77921868215
1319,2.68489576778
1320,2.69249993427
1321,2.20687494612
1322,1.97979161833
1323,2.50994785539
1324,1.95093745237
1325,1.95234370234
1326,1.96406245205
1327,2.34859369266
1328,7.35557273709
1329,4.72921863454
1330,4.66026030289
1331,8.54401020807
1332,4.28213531212
1333,4.16703114827
1334,7.94635397266
1335,4.04421865126
1336,4.04078115135
1337,3.99807281906
1338,4.10088531655
1339,2.68218743452
1340,10.9866663984
1341,4.2135415638
1342,6.27249984686
1343,4.08786448353
1344,4.15265614862
1345,6.51177067435
1346,3.98395823607
1347,2.51473952194
1348,2.51276035532
1349,4.69015613549
1350,2.67218743476
1351,2.67354160139
1352,2.67260410142
1353,2.70302076734
1354,4.42484364197
1355,2.70005201741
1356,2.70656243392
1357,2.70161451738
1358,8.21124979953
