frame,wall_ms,frame_wait_ms,scene_advance_ms,view_build_ms,render_submit_ms,gpu_valid,gpu_serial,gpu_ms,process_valid,process_cpu_ms,working_set_bytes,private_bytes,vma_valid,vma_allocation_bytes,vma_peak_allocation_bytes,vma_heap_usage_bytes,vma_heap_budget_bytes,raw_instances,visible_instances,culled_instances,lights,depth_draw_calls,shadow_draw_calls,base_draw_calls,lighting_draw_calls,tone_map_draw_calls,legacy_draw_calls,presenter_draw_calls,draw_calls,total_draw_calls,all_draw_calls,dispatch_count,shadow_faces,shadow_cache_hits,shadow_misses,shadow_batches,asset_upload_bytes,dynamic_lighting_upload_bytes,gather_ms,plan_ms,upload_frame_ms
0,3.219,0.118,0,0.058,0.075,0,0,,1,0,232038400,288890880,1,71217344,71217344,167755776,38823561584,1004,1004,0,2,3,0,3,3,1,0,1,9,10,11,1,0,2,0,1,0,133472,0.746,1.693,0.033
1,2.058,0.003,0,0.065,0.054,0,0,,0,,,,0,,,,,1004,1004,0,2,3,0,3,3,1,0,1,9,10,11,1,0,2,0,1,0,133472,0.503,1.004,0.011
2,2.47,0.507,0,0.058,0.043,0,0,,0,,,,0,,,,,1004,1004,0,2,3,0,3,3,1,0,1,9,10,11,1,0,2,0,1,0,133472,0.515,1.014,0.011
3,1.92,0.148,0,0.054,0.062,0,0,,0,,,,0,,,,,1004,1004,0,2,3,0,3,3,1,0,1,9,10,11,1,0,2,0,1,0,133472,0.397,0.947,0.011
4,8.347,6.162,0,0.074,0.067,0,0,,0,,,,0,,,,,1004,1004,0,2,3,0,3,3,1,0,1,9,10,11,1,0,2,0,1,0,133472,0.492,1.113,0.018
5,11.016,9.148,0,0.06,0.056,0,0,,0,,,,0,,,,,1004,1004,0,2,3,0,3,3,1,0,1,9,10,11,1,0,2,0,1,0,133472,0.435,0.929,0.012
6,12.233,10.416,0.001,0.058,0.051,0,0,,0,,,,0,,,,,1004,1004,0,2,3,0,3,3,1,0,1,9,10,11,1,0,2,0,1,0,133472,0.385,0.937,0.014
7,8.572,6.254,0,0.082,0.049,0,0,,0,,,,0,,,,,1004,1004,0,2,3,0,3,3,1,0,1,9,10,11,1,0,2,0,1,0,133472,0.397,1.306,0.015
8,2.056,0.002,0,0.054,0.033,0,0,,0,,,,0,,,,,1004,1004,0,2,3,0,3,3,1,0,1,9,10,11,1,0,2,0,1,0,133472,0.454,1.194,0.014
9,1.965,0.002,0,0.078,0.045,0,0,,0,,,,0,,,,,1004,1004,0,2,3,0,3,3,1,0,1,9,10,11,1,0,2,0,1,0,133472,0.371,1.043,0.009
10,1.834,0.001,0,0.057,0.047,0,0,,0,,,,0,,,,,1004,1004,0,2,3,0,3,3,1,0,1,9,10,11,1,0,2,0,1,0,133472,0.4,1.017,0.009
11,1.768,0.001,0.001,0.049,0.034,0,0,,0,,,,0,,,,,1004,1004,0,2,3,0,3,3,1,0,1,9,10,11,1,0,2,0,1,0,133472,0.394,1.016,0.009
12,1.842,0.001,0.001,0.05,0.04,0,0,,0,,,,0,,,,,1004,1004,0,2,3,0,3,3,1,0,1,9,10,11,1,0,2,0,1,0,133472,0.444,1.006,0.01
13,1.802,0.001,0.001,0.053,0.023,0,0,,0,,,,0,,,,,1004,1004,0,2,3,0,3,3,1,0,1,9,10,11,1,0,2,0,1,0,133472,0.424,1.046,0.008
14,1.571,0.001,0,0.042,0.027,0,0,,0,,,,0,,,,,1004,1004,0,2,3,0,3,3,1,0,1,9,10,11,1,0,2,0,1,0,133472,0.387,0.882,0.007
15,1.75,0.001,0,0.044,0.029,0,0,,0,,,,0,,,,,1004,1004,0,2,3,0,3,3,1,0,1,9,10,11,1,0,2,0,1,0,133472,0.451,0.985,0.008
16,1.835,0.001,0,0.051,0.078,0,0,,0,,,,0,,,,,1004,1004,0,2,3,0,3,3,1,0,1,9,10,11,1,0,2,0,1,0,133472,0.429,1.03,0.009
17,1.695,0.001,0.001,0.045,0.03,0,0,,0,,,,0,,,,,1004,1004,0,2,3,0,3,3,1,0,1,9,10,11,1,0,2,0,1,0,133472,0.399,0.991,0.008
18,1.509,0,0,0.039,0.023,0,0,,0,,,,0,,,,,1004,1004,0,2,3,0,3,3,1,0,1,9,10,11,1,0,2,0,1,0,133472,0.372,0.877,0.006
19,1.383,0,0,0.038,0.026,0,0,,0,,,,0,,,,,1004,1004,0,2,3,0,3,3,1,0,1,9,10,11,1,0,2,0,1,0,133472,0.332,0.806,0.005
20,2.457,0.785,0.001,0.047,0.029,0,0,,0,,,,0,,,,,1004,1004,0,2,3,0,3,3,1,0,1,9,10,11,1,0,2,0,1,0,133472,0.401,0.86,0.009
21,4.732,2.934,0,0.058,0.043,0,0,,0,,,,0,,,,,1004,1004,0,2,3,0,3,3,1,0,1,9,10,11,1,0,2,0,1,0,133472,0.446,0.868,0.011
22,2.925,0.94,0,0.084,0.055,0,0,,0,,,,0,,,,,1004,1004,0,2,3,0,3,3,1,0,1,9,10,11,1,0,2,0,1,0,133472,0.403,0.989,0.012
23,3.026,1.172,0,0.086,0.045,0,0,,0,,,,0,,,,,1004,1004,0,2,3,0,3,3,1,0,1,9,10,11,1,0,2,0,1,0,133472,0.386,0.949,0.011
24,4.295,2.52,0,0.122,0.061,0,0,,0,,,,0,,,,,1004,1004,0,2,3,0,3,3,1,0,1,9,10,11,1,0,2,0,1,0,133472,0.371,0.826,0.01
25,3.149,1.317,0,0.133,0.03,0,0,,0,,,,0,,,,,1004,1004,0,2,3,0,3,3,1,0,1,9,10,11,1,0,2,0,1,0,133472,0.381,0.872,0.009
26,5.177,3.255,0.001,0.117,0.059,0,0,,0,,,,0,,,,,1004,1004,0,2,3,0,3,3,1,0,1,9,10,11,1,0,2,0,1,0,133472,0.369,1.026,0.012
27,2.881,1.055,0,0.131,0.024,0,0,,0,,,,0,,,,,1004,1004,0,2,3,0,3,3,1,0,1,9,10,11,1,0,2,0,1,0,133472,0.362,0.939,0.018
28,3.581,2.198,0.001,0.043,0.026,0,0,,0,,,,0,,,,,1004,1004,0,2,3,0,3,3,1,0,1,9,10,11,1,0,2,0,1,0,133472,0.329,0.776,0.007
29,2.989,1.338,0,0.063,0.038,0,0,,0,,,,0,,,,,1004,1004,0,2,3,0,3,3,1,0,1,9,10,11,1,0,2,0,1,0,133472,0.367,0.862,0.008
30,3.989,2.235,0,0.07,0.059,0,0,,1,46.875,232050688,288890880,1,71217344,71217344,167755776,38823561584,1004,1004,0,2,3,0,3,3,1,0,1,9,10,11,1,0,2,0,1,0,133472,0.385,0.918,0.01
31,3.272,1.221,0,0.055,0.041,0,0,,0,,,,0,,,,,1004,1004,0,2,3,0,3,3,1,0,1,9,10,11,1,0,2,0,1,0,133472,0.549,1.045,0.015
32,2.932,0.925,0,0.086,0.037,0,0,,0,,,,0,,,,,1004,1004,0,2,3,0,3,3,1,0,1,9,10,11,1,0,2,0,1,0,133472,0.464,1.022,0.012
33,3.868,2.138,0.001,0.063,0.052,0,0,,0,,,,0,,,,,1004,1004,0,2,3,0,3,3,1,0,1,9,10,11,1,0,2,0,1,0,133472,0.393,0.87,0.01
34,4.999,3.472,0,0.077,0.032,0,0,,0,,,,0,,,,,1004,1004,0,2,3,0,3,3,1,0,1,9,10,11,1,0,2,0,1,0,133472,0.319,0.719,0.011
35,7.045,5.101,0,0.075,0.045,0,0,,0,,,,0,,,,,1004,1004,0,2,3,0,3,3,1,0,1,9,10,11,1,0,2,0,1,0,133472,0.479,0.779,0.076
36,2.014,0.507,0.001,0.047,0.032,0,0,,0,,,,0,,,,,1004,1004,0,2,3,0,3,3,1,0,1,9,10,11,1,0,2,0,1,0,133472,0.327,0.745,0.008
37,1.495,0.082,0,0.137,0.034,0,0,,0,,,,0,,,,,1004,1004,0,2,3,0,3,3,1,0,1,9,10,11,1,0,2,0,1,0,133472,0.317,0.67,0.007
38,1.592,0.245,0.001,0.06,0.027,0,0,,0,,,,0,,,,,1004,1004,0,2,3,0,3,3,1,0,1,9,10,11,1,0,2,0,1,0,133472,0.311,0.69,0.005
39,2.382,0.292,0,0.061,0.031,0,0,,0,,,,0,,,,,1004,1004,0,2,3,0,3,3,1,0,1,9,10,11,1,0,2,0,1,0,133472,0.47,1.05,0.033
40,1.525,0,0,0.055,0.032,0,0,,0,,,,0,,,,,1004,1004,0,2,3,0,3,3,1,0,1,9,10,11,1,0,2,0,1,0,133472,0.357,0.826,0.007
41,2.026,0.538,0,0.061,0.025,0,0,,0,,,,0,,,,,1004,1004,0,2,3,0,3,3,1,0,1,9,10,11,1,0,2,0,1,0,133472,0.375,0.76,0.006
42,1.999,0.343,0.001,0.078,0.03,0,0,,0,,,,0,,,,,1004,1004,0,2,3,0,3,3,1,0,1,9,10,11,1,0,2,0,1,0,133472,0.336,0.837,0.032
43,1.832,0.001,0.001,0.056,0.043,0,0,,0,,,,0,,,,,1004,1004,0,2,3,0,3,3,1,0,1,9,10,11,1,0,2,0,1,0,133472,0.4,1.039,0.015
44,1.492,0,0,0.052,0.02,0,0,,0,,,,0,,,,,1004,1004,0,2,3,0,3,3,1,0,1,9,10,11,1,0,2,0,1,0,133472,0.351,0.822,0.005
45,1.909,0.464,0.001,0.122,0.038,0,0,,0,,,,0,,,,,1004,1004,0,2,3,0,3,3,1,0,1,9,10,11,1,0,2,0,1,0,133472,0.338,0.65,0.007
46,1.787,0.143,0,0.109,0.033,0,0,,0,,,,0,,,,,1004,1004,0,2,3,0,3,3,1,0,1,9,10,11,1,0,2,0,1,0,133472,0.349,0.773,0.007
47,1.541,0.002,0,0.063,0.057,0,0,,0,,,,0,,,,,1004,1004,0,2,3,0,3,3,1,0,1,9,10,11,1,0,2,0,1,0,133472,0.349,0.819,0.007
48,1.561,0.001,0,0.04,0.029,0,0,,0,,,,0,,,,,1004,1004,0,2,3,0,3,3,1,0,1,9,10,11,1,0,2,0,1,0,133472,0.352,0.898,0.012
49,1.831,0.001,0,0.045,0.053,0,0,,0,,,,0,,,,,1004,1004,0,2,3,0,3,3,1,0,1,9,10,11,1,0,2,0,1,0,133472,0.404,0.982,0.016
50,1.778,0.203,0,0.047,0.041,0,0,,0,,,,0,,,,,1004,1004,0,2,3,0,3,3,1,0,1,9,10,11,1,0,2,0,1,0,133472,0.347,0.853,0.008
51,1.847,0.135,0.001,0.038,0.104,0,0,,0,,,,0,,,,,1004,1004,0,2,3,0,3,3,1,0,1,9,10,11,1,0,2,0,1,0,133472,0.364,0.937,0.013
52,2.058,0.001,0,0.054,0.046,0,0,,0,,,,0,,,,,1004,1004,0,2,3,0,3,3,1,0,1,9,10,11,1,0,2,0,1,0,133472,0.425,1.149,0.038
53,1.866,0.001,0.001,0.059,0.072,0,0,,0,,,,0,,,,,1004,1004,0,2,3,0,3,3,1,0,1,9,10,11,1,0,2,0,1,0,133472,0.395,0.992,0.018
54,4.135,2.124,0,0.057,0.045,0,0,,0,,,,0,,,,,1004,1004,0,2,3,0,3,3,1,0,1,9,10,11,1,0,2,0,1,0,133472,0.421,1.098,0.014
55,17.573,15.863,0,0.059,0.049,0,0,,0,,,,0,,,,,1004,1004,0,2,3,0,3,3,1,0,1,9,10,11,1,0,2,0,1,0,133472,0.369,0.884,0.014
56,12.911,11.16,0,0.054,0.06,0,0,,0,,,,0,,,,,1004,1004,0,2,3,0,3,3,1,0,1,9,10,11,1,0,2,0,1,0,133472,0.435,0.842,0.012
57,23.77,22.187,0,0.092,0.049,0,0,,0,,,,0,,,,,1004,1004,0,2,3,0,3,3,1,0,1,9,10,11,1,0,2,0,1,0,133472,0.331,0.746,0.013
58,10.81,9.185,0,0.061,0.046,0,0,,0,,,,0,,,,,1004,1004,0,2,3,0,3,3,1,0,1,9,10,11,1,0,2,0,1,0,133472,0.335,0.836,0.013
59,11.229,9.149,0.001,0.057,0.099,0,0,,0,,,,0,,,,,1004,1004,0,2,3,0,3,3,1,0,1,9,10,11,1,0,2,0,1,0,133472,0.454,1.083,0.015
60,1.936,0.275,0,0.055,0.043,0,0,,1,93.75,232054784,288890880,1,71217344,71217344,167755776,38823561584,1004,1004,0,2,3,0,3,3,1,0,1,9,10,11,1,0,2,0,1,0,133472,0.352,0.891,0.016
61,3.309,1.813,0,0.045,0.036,0,0,,0,,,,0,,,,,1004,1004,0,2,3,0,3,3,1,0,1,9,10,11,1,0,2,0,1,0,133472,0.319,0.834,0.008
62,2.777,1.186,0,0.048,0.034,0,0,,0,,,,0,,,,,1004,1004,0,2,3,0,3,3,1,0,1,9,10,11,1,0,2,0,1,0,133472,0.36,0.871,0.009
63,3.66,2.055,0.001,0.05,0.041,0,0,,0,,,,0,,,,,1004,1004,0,2,3,0,3,3,1,0,1,9,10,11,1,0,2,0,1,0,133472,0.382,0.843,0.009
64,3.08,1.054,0,0.041,0.057,0,0,,0,,,,0,,,,,1004,1004,0,2,3,0,3,3,1,0,1,9,10,11,1,0,2,0,1,0,133472,0.338,1.165,0.025
65,2.415,0.505,0.001,0.072,0.035,0,0,,0,,,,0,,,,,1004,1004,0,2,3,0,3,3,1,0,1,9,10,11,1,0,2,0,1,0,133472,0.47,0.996,0.016
66,2.124,0.596,0,0.046,0.047,0,0,,0,,,,0,,,,,1004,1004,0,2,3,0,3,3,1,0,1,9,10,11,1,0,2,0,1,0,133472,0.339,0.834,0.008
67,14.699,11.907,0.001,0.131,0.154,0,0,,0,,,,0,,,,,1004,1004,0,2,3,0,3,3,1,0,1,9,10,11,1,0,2,0,1,0,133472,0.494,1.48,0.041
68,10.341,8.762,0.001,0.051,0.047,0,0,,0,,,,0,,,,,1004,1004,0,2,3,0,3,3,1,0,1,9,10,11,1,0,2,0,1,0,133472,0.346,0.803,0.014
69,6.902,5.231,0,0.094,0.035,0,0,,0,,,,0,,,,,1004,1004,0,2,3,0,3,3,1,0,1,9,10,11,1,0,2,0,1,0,133472,0.442,0.739,0.012
70,2.503,0.96,0,0.083,0.027,0,0,,0,,,,0,,,,,1004,1004,0,2,3,0,3,3,1,0,1,9,10,11,1,0,2,0,1,0,133472,0.301,0.782,0.007
71,4.225,2.129,0,0.109,0.05,0,0,,0,,,,0,,,,,1004,1004,0,2,3,0,3,3,1,0,1,9,10,11,1,0,2,0,1,0,133472,0.452,1.12,0.017
72,5.019,3.2,0,0.095,0.061,0,0,,0,,,,0,,,,,1004,1004,0,2,3,0,3,3,1,0,1,9,10,11,1,0,2,0,1,0,133472,0.312,0.917,0.017
73,2.794,1.004,0.001,0.09,0.029,0,0,,0,,,,0,,,,,1004,1004,0,2,3,0,3,3,1,0,1,9,10,11,1,0,2,0,1,0,133472,0.422,0.89,0.015
74,8.245,6.413,0,0.085,0.041,0,0,,0,,,,0,,,,,1004,1004,0,2,3,0,3,3,1,0,1,9,10,11,1,0,2,0,1,0,133472,0.387,0.882,0.011
75,14.62,12.933,0,0.078,0.039,0,0,,0,,,,0,,,,,1004,1004,0,2,3,0,3,3,1,0,1,9,10,11,1,0,2,0,1,0,133472,0.34,0.835,0.013
76,2.646,1.147,0,0.119,0.034,0,0,,0,,,,0,,,,,1004,1004,0,2,3,0,3,3,1,0,1,9,10,11,1,0,2,0,1,0,133472,0.334,0.693,0.008
77,4.564,3.013,0,0.143,0.039,0,0,,0,,,,0,,,,,1004,1004,0,2,3,0,3,3,1,0,1,9,10,11,1,0,2,0,1,0,133472,0.336,0.67,0.006
78,2.802,1.061,0.001,0.106,0.038,0,0,,0,,,,0,,,,,1004,1004,0,2,3,0,3,3,1,0,1,9,10,11,1,0,2,0,1,0,133472,0.39,0.889,0.011
79,2.628,1.053,0,0.047,0.037,0,0,,0,,,,0,,,,,1004,1004,0,2,3,0,3,3,1,0,1,9,10,11,1,0,2,0,1,0,133472,0.367,0.792,0.008
80,3.145,1.695,0,0.113,0.028,0,0,,0,,,,0,,,,,1004,1004,0,2,3,0,3,3,1,0,1,9,10,11,1,0,2,0,1,0,133472,0.331,0.672,0.007
81,2.167,0.497,0.001,0.129,0.038,0,0,,0,,,,0,,,,,1004,1004,0,2,3,0,3,3,1,0,1,9,10,11,1,0,2,0,1,0,133472,0.386,0.795,0.008
82,1.751,0,0,0.037,0.037,0,0,,0,,,,0,,,,,1004,1004,0,2,3,0,3,3,1,0,1,9,10,11,1,0,2,0,1,0,133472,0.535,0.855,0.008
83,1.683,0.182,0.001,0.079,0.035,0,0,,0,,,,0,,,,,1004,1004,0,2,3,0,3,3,1,0,1,9,10,11,1,0,2,0,1,0,133472,0.345,0.669,0.006
84,1.611,0.027,0,0.131,0.027,0,0,,0,,,,0,,,,,1004,1004,0,2,3,0,3,3,1,0,1,9,10,11,1,0,2,0,1,0,133472,0.361,0.712,0.006
85,1.634,0.001,0,0.035,0.028,0,0,,0,,,,0,,,,,1004,1004,0,2,3,0,3,3,1,0,1,9,10,11,1,0,2,0,1,0,133472,0.357,0.97,0.008
86,1.679,0,0,0.045,0.027,0,0,,0,,,,0,,,,,1004,1004,0,2,3,0,3,3,1,0,1,9,10,11,1,0,2,0,1,0,133472,0.386,0.969,0.01
87,1.6,0,0,0.046,0.023,0,0,,0,,,,0,,,,,1004,1004,0,2,3,0,3,3,1,0,1,9,10,11,1,0,2,0,1,0,133472,0.441,0.863,0.008
88,1.8,0.295,0,0.063,0.024,0,0,,0,,,,0,,,,,1004,1004,0,2,3,0,3,3,1,0,1,9,10,11,1,0,2,0,1,0,133472,0.345,0.784,0.007
89,1.338,0.059,0,0.037,0.021,0,0,,0,,,,0,,,,,1004,1004,0,2,3,0,3,3,1,0,1,9,10,11,1,0,2,0,1,0,133472,0.346,0.695,0.005
90,3.157,1.407,0,0.083,0.058,0,0,,1,156.25,232062976,288890880,1,71217344,71217344,167755776,38823561584,1004,1004,0,2,3,0,3,3,1,0,1,9,10,11,1,0,2,0,1,0,133472,0.372,0.877,0.01
91,3.304,1.554,0.001,0.108,0.036,0,0,,0,,,,0,,,,,1004,1004,0,2,3,0,3,3,1,0,1,9,10,11,1,0,2,0,1,0,133472,0.378,0.888,0.016
92,2.3,0.826,0.001,0.058,0.027,0,0,,0,,,,0,,,,,1004,1004,0,2,3,0,3,3,1,0,1,9,10,11,1,0,2,0,1,0,133472,0.338,0.751,0.007
93,2.842,1.009,0,0.083,0.047,0,0,,0,,,,0,,,,,1004,1004,0,2,3,0,3,3,1,0,1,9,10,11,1,0,2,0,1,0,133472,0.373,0.926,0.012
94,2.16,0.567,0.001,0.114,0.037,0,0,,0,,,,0,,,,,1004,1004,0,2,3,0,3,3,1,0,1,9,10,11,1,0,2,0,1,0,133472,0.391,0.734,0.008
95,2.815,1.545,0,0.04,0.023,0,0,,0,,,,0,,,,,1004,1004,0,2,3,0,3,3,1,0,1,9,10,11,1,0,2,0,1,0,133472,0.284,0.615,0.005
96,2.516,1.193,0,0.046,0.033,0,0,,0,,,,0,,,,,1004,1004,0,2,3,0,3,3,1,0,1,9,10,11,1,0,2,0,1,0,133472,0.34,0.673,0.005
97,3.262,1.982,0,0.086,0.025,0,0,,0,,,,0,,,,,1004,1004,0,2,3,0,3,3,1,0,1,9,10,11,1,0,2,0,1,0,133472,0.298,0.634,0.006
98,1.609,0.364,0,0.065,0.02,0,0,,0,,,,0,,,,,1004,1004,0,2,3,0,3,3,1,0,1,9,10,11,1,0,2,0,1,0,133472,0.274,0.618,0.005
99,1.689,0.412,0,0.03,0.111,0,0,,0,,,,0,,,,,1004,1004,0,2,3,0,3,3,1,0,1,9,10,11,1,0,2,0,1,0,133472,0.277,0.684,0.005
100,2.33,0.444,0,0.105,0.054,0,0,,0,,,,0,,,,,1004,1004,0,2,3,0,3,3,1,0,1,9,10,11,1,0,2,0,1,0,133472,0.368,0.907,0.029
101,1.416,0.001,0,0.058,0.023,0,0,,0,,,,0,,,,,1004,1004,0,2,3,0,3,3,1,0,1,9,10,11,1,0,2,0,1,0,133472,0.335,0.785,0.007
102,2.177,0.776,0,0.134,0.031,0,0,,0,,,,0,,,,,1004,1004,0,2,3,0,3,3,1,0,1,9,10,11,1,0,2,0,1,0,133472,0.321,0.581,0.006
103,1.568,0.287,0.001,0.027,0.02,0,0,,0,,,,0,,,,,1004,1004,0,2,3,0,3,3,1,0,1,9,10,11,1,0,2,0,1,0,133472,0.298,0.701,0.004
104,1.856,0.405,0,0.05,0.029,0,0,,0,,,,0,,,,,1004,1004,0,2,3,0,3,3,1,0,1,9,10,11,1,0,2,0,1,0,133472,0.352,0.759,0.007
105,1.53,0.251,0,0.063,0.019,0,0,,0,,,,0,,,,,1004,1004,0,2,3,0,3,3,1,0,1,9,10,11,1,0,2,0,1,0,133472,0.282,0.679,0.006
106,2.31,1.028,0,0.126,0.027,0,0,,0,,,,0,,,,,1004,1004,0,2,3,0,3,3,1,0,1,9,10,11,1,0,2,0,1,0,133472,0.29,0.604,0.006
107,1.72,0.414,0,0.074,0.021,0,0,,0,,,,0,,,,,1004,1004,0,2,3,0,3,3,1,0,1,9,10,11,1,0,2,0,1,0,133472,0.261,0.654,0.005
108,1.546,0.315,0,0.101,0.017,0,0,,0,,,,0,,,,,1004,1004,0,2,3,0,3,3,1,0,1,9,10,11,1,0,2,0,1,0,133472,0.285,0.635,0.005
109,1.983,0.343,0.001,0.05,0.029,0,0,,0,,,,0,,,,,1004,1004,0,2,3,0,3,3,1,0,1,9,10,11,1,0,2,0,1,0,133472,0.378,0.824,0.034
110,1.627,0,0,0.044,0.023,0,0,,0,,,,0,,,,,1004,1004,0,2,3,0,3,3,1,0,1,9,10,11,1,0,2,0,1,0,133472,0.426,0.808,0.007
111,2.181,0.542,0.001,0.112,0.036,0,0,,0,,,,0,,,,,1004,1004,0,2,3,0,3,3,1,0,1,9,10,11,1,0,2,0,1,0,133472,0.337,0.781,0.008
112,1.613,0.001,0,0.04,0.051,0,0,,0,,,,0,,,,,1004,1004,0,2,3,0,3,3,1,0,1,9,10,11,1,0,2,0,1,0,133472,0.323,0.85,0.035
113,1.633,0.001,0,0.137,0.052,0,0,,0,,,,0,,,,,1004,1004,0,2,3,0,3,3,1,0,1,9,10,11,1,0,2,0,1,0,133472,0.417,0.788,0.005
114,1.476,0,0,0.036,0.026,0,0,,0,,,,0,,,,,1004,1004,0,2,3,0,3,3,1,0,1,9,10,11,1,0,2,0,1,0,133472,0.322,0.882,0.008
115,1.514,0,0,0.039,0.023,0,0,,0,,,,0,,,,,1004,1004,0,2,3,0,3,3,1,0,1,9,10,11,1,0,2,0,1,0,133472,0.346,0.825,0.009
116,2.197,0.597,0,0.094,0.034,0,0,,0,,,,0,,,,,1004,1004,0,2,3,0,3,3,1,0,1,9,10,11,1,0,2,0,1,0,133472,0.329,0.764,0.009
117,1.356,0.001,0,0.036,0.025,0,0,,0,,,,0,,,,,1004,1004,0,2,3,0,3,3,1,0,1,9,10,11,1,0,2,0,1,0,133472,0.342,0.737,0.006
118,1.703,0.208,0,0.039,0.054,0,0,,0,,,,0,,,,,1004,1004,0,2,3,0,3,3,1,0,1,9,10,11,1,0,2,0,1,0,133472,0.317,0.836,0.015
119,3.013,1.297,0,0.11,0.036,0,0,,0,,,,0,,,,,1004,1004,0,2,3,0,3,3,1,0,1,9,10,11,1,0,2,0,1,0,133472,0.371,0.811,0.01
120,3.005,1.13,0.001,0.102,0.048,0,0,,1,203.125,232071168,288890880,1,71217344,71217344,167755776,38823561584,1004,1004,0,2,3,0,3,3,1,0,1,9,10,11,1,0,2,0,1,0,133472,0.325,0.995,0.014
121,2.995,1.523,0,0.045,0.035,0,0,,0,,,,0,,,,,1004,1004,0,2,3,0,3,3,1,0,1,9,10,11,1,0,2,0,1,0,133472,0.335,0.795,0.01
122,3.74,2.372,0.001,0.126,0.027,0,0,,0,,,,0,,,,,1004,1004,0,2,3,0,3,3,1,0,1,9,10,11,1,0,2,0,1,0,133472,0.373,0.612,0.007
123,3.041,1.631,0,0.146,0.029,0,0,,0,,,,0,,,,,1004,1004,0,2,3,0,3,3,1,0,1,9,10,11,1,0,2,0,1,0,133472,0.291,0.627,0.036
124,3.057,1.494,0,0.117,0.031,0,0,,0,,,,0,,,,,1004,1004,0,2,3,0,3,3,1,0,1,9,10,11,1,0,2,0,1,0,133472,0.337,0.709,0.013
125,3.069,1.737,0,0.073,0.033,0,0,,0,,,,0,,,,,1004,1004,0,2,3,0,3,3,1,0,1,9,10,11,1,0,2,0,1,0,133472,0.318,0.64,0.009
126,3.714,2.195,0,0.123,0.037,0,0,,0,,,,0,,,,,1004,1004,0,2,3,0,3,3,1,0,1,9,10,11,1,0,2,0,1,0,133472,0.353,0.71,0.007
127,2.956,1.629,0,0.094,0.026,0,0,,0,,,,0,,,,,1004,1004,0,2,3,0,3,3,1,0,1,9,10,11,1,0,2,0,1,0,133472,0.257,0.62,0.005
128,2.652,1.401,0,0.058,0.027,0,0,,0,,,,0,,,,,1004,1004,0,2,3,0,3,3,1,0,1,9,10,11,1,0,2,0,1,0,133472,0.291,0.63,0.005
129,3.264,1.487,0,0.071,0.035,0,0,,0,,,,0,,,,,1004,1004,0,2,3,0,3,3,1,0,1,9,10,11,1,0,2,0,1,0,133472,0.416,0.877,0.015
130,3.414,2.072,0,0.084,0.03,0,0,,0,,,,0,,,,,1004,1004,0,2,3,0,3,3,1,0,1,9,10,11,1,0,2,0,1,0,133472,0.316,0.645,0.008
131,8.809,7.499,0,0.045,0.033,0,0,,0,,,,0,,,,,1004,1004,0,2,3,0,3,3,1,0,1,9,10,11,1,0,2,0,1,0,133472,0.306,0.694,0.007
132,2.665,1.211,0,0.032,0.03,0,0,,0,,,,0,,,,,1004,1004,0,2,3,0,3,3,1,0,1,9,10,11,1,0,2,0,1,0,133472,0.263,0.89,0.013
133,2.478,1.063,0,0.079,0.024,0,0,,0,,,,0,,,,,1004,1004,0,2,3,0,3,3,1,0,1,9,10,11,1,0,2,0,1,0,133472,0.381,0.646,0.006
134,2.172,0.963,0.001,0.066,0.024,0,0,,0,,,,0,,,,,1004,1004,0,2,3,0,3,3,1,0,1,9,10,11,1,0,2,0,1,0,133472,0.234,0.616,0.005
135,3.242,1.914,0.001,0.052,0.028,0,0,,0,,,,0,,,,,1004,1004,0,2,3,0,3,3,1,0,1,9,10,11,1,0,2,0,1,0,133472,0.334,0.675,0.006
136,2.793,1.076,0,0.091,0.029,0,0,,0,,,,0,,,,,1004,1004,0,2,3,0,3,3,1,0,1,9,10,11,1,0,2,0,1,0,133472,0.372,0.824,0.04
137,2.058,0.813,0,0.067,0.031,0,0,,0,,,,0,,,,,1004,1004,0,2,3,0,3,3,1,0,1,9,10,11,1,0,2,0,1,0,133472,0.273,0.589,0.006
138,2.199,0.827,0,0.127,0.034,0,0,,0,,,,0,,,,,1004,1004,0,2,3,0,3,3,1,0,1,9,10,11,1,0,2,0,1,0,133472,0.319,0.624,0.006
139,2.135,0.333,0,0.057,0.037,0,0,,0,,,,0,,,,,1004,1004,0,2,3,0,3,3,1,0,1,9,10,11,1,0,2,0,1,0,133472,0.543,0.844,0.013
140,2.717,0.001,0,0.045,0.074,0,0,,0,,,,0,,,,,1004,1004,0,2,3,0,3,3,1,0,1,9,10,11,1,0,2,0,1,0,133472,0.538,1.663,0.023
141,2.826,0.001,0,0.098,0.047,0,0,,0,,,,0,,,,,1004,1004,0,2,3,0,3,3,1,0,1,9,10,11,1,0,2,0,1,0,133472,0.688,1.387,0.011
142,2.349,0.001,0,0.064,0.034,0,0,,0,,,,0,,,,,1004,1004,0,2,3,0,3,3,1,0,1,9,10,11,1,0,2,0,1,0,133472,0.54,1.351,0.01
143,2.306,0,0,0.062,0.026,0,0,,0,,,,0,,,,,1004,1004,0,2,3,0,3,3,1,0,1,9,10,11,1,0,2,0,1,0,133472,0.542,1.354,0.009
144,3.676,1.323,0.001,0.063,0.042,0,0,,0,,,,0,,,,,1004,1004,0,2,3,0,3,3,1,0,1,9,10,11,1,0,2,0,1,0,133472,0.542,1.338,0.011
145,2.277,0.103,0,0.149,0.061,0,0,,0,,,,0,,,,,1004,1004,0,2,3,0,3,3,1,0,1,9,10,11,1,0,2,0,1,0,133472,0.607,0.931,0.013
146,2.082,0.334,0,0.065,0.045,0,0,,0,,,,0,,,,,1004,1004,0,2,3,0,3,3,1,0,1,9,10,11,1,0,2,0,1,0,133472,0.405,0.894,0.01
147,4.091,2.45,0.001,0.043,0.033,0,0,,0,,,,0,,,,,1004,1004,0,2,3,0,3,3,1,0,1,9,10,11,1,0,2,0,1,0,133472,0.367,0.929,0.01
148,2.776,0.991,0.001,0.123,0.038,0,0,,0,,,,0,,,,,1004,1004,0,2,3,0,3,3,1,0,1,9,10,11,1,0,2,0,1,0,133472,0.367,0.863,0.009
149,2.418,0.837,0,0.075,0.037,0,0,,0,,,,0,,,,,1004,1004,0,2,3,0,3,3,1,0,1,9,10,11,1,0,2,0,1,0,133472,0.386,0.792,0.01
150,4.876,2.589,0,0.122,0.14,0,0,,1,234.375,232079360,288890880,1,71217344,71217344,167755776,38823561584,1004,1004,0,2,3,0,3,3,1,0,1,9,10,11,1,0,2,0,1,0,133472,0.638,0.982,0.015
151,1.958,0.221,0.001,0.059,0.048,0,0,,0,,,,0,,,,,1004,1004,0,2,3,0,3,3,1,0,1,9,10,11,1,0,2,0,1,0,133472,0.393,0.915,0.012
152,4.191,2.77,0,0.078,0.029,0,0,,0,,,,0,,,,,1004,1004,0,2,3,0,3,3,1,0,1,9,10,11,1,0,2,0,1,0,133472,0.287,0.688,0.008
153,2.972,1.442,0.001,0.135,0.031,0,0,,0,,,,0,,,,,1004,1004,0,2,3,0,3,3,1,0,1,9,10,11,1,0,2,0,1,0,133472,0.356,0.701,0.008
154,4.066,2.703,0,0.099,0.028,0,0,,0,,,,0,,,,,1004,1004,0,2,3,0,3,3,1,0,1,9,10,11,1,0,2,0,1,0,133472,0.293,0.662,0.007
155,4.159,2.636,0,0.103,0.046,0,0,,0,,,,0,,,,,1004,1004,0,2,3,0,3,3,1,0,1,9,10,11,1,0,2,0,1,0,133472,0.298,0.765,0.01
156,8.038,6.435,0,0.204,0.032,0,0,,0,,,,0,,,,,1004,1004,0,2,3,0,3,3,1,0,1,9,10,11,1,0,2,0,1,0,133472,0.362,0.733,0.009
157,1.427,0,0,0.034,0.018,0,0,,0,,,,0,,,,,1004,1004,0,2,3,0,3,3,1,0,1,9,10,11,1,0,2,0,1,0,133472,0.325,0.858,0.006
158,2.043,0.9,0,0.031,0.023,0,0,,0,,,,0,,,,,1004,1004,0,2,3,0,3,3,1,0,1,9,10,11,1,0,2,0,1,0,133472,0.245,0.633,0.007
159,2.232,0.471,0,0.078,0.052,0,0,,0,,,,0,,,,,1004,1004,0,2,3,0,3,3,1,0,1,9,10,11,1,0,2,0,1,0,133472,0.378,0.872,0.007
160,1.5,0.001,0,0.038,0.02,0,0,,0,,,,0,,,,,1004,1004,0,2,3,0,3,3,1,0,1,9,10,11,1,0,2,0,1,0,133472,0.34,0.9,0.005
161,1.842,0,0,0.037,0.046,0,0,,0,,,,0,,,,,1004,1004,0,2,3,0,3,3,1,0,1,9,10,11,1,0,2,0,1,0,133472,0.468,0.963,0.017
162,1.616,0.001,0,0.057,0.02,0,0,,0,,,,0,,,,,1004,1004,0,2,3,0,3,3,1,0,1,9,10,11,1,0,2,0,1,0,133472,0.404,0.881,0.009
163,1.894,0.598,0,0.111,0.025,0,0,,0,,,,0,,,,,1004,1004,0,2,3,0,3,3,1,0,1,9,10,11,1,0,2,0,1,0,133472,0.316,0.541,0.007
164,3.147,1.875,0,0.073,0.022,0,0,,0,,,,0,,,,,1004,1004,0,2,3,0,3,3,1,0,1,9,10,11,1,0,2,0,1,0,133472,0.259,0.678,0.006
165,2.086,0.446,0,0.137,0.056,0,0,,0,,,,0,,,,,1004,1004,0,2,3,0,3,3,1,0,1,9,10,11,1,0,2,0,1,0,133472,0.356,0.8,0.006
166,1.845,0.095,0,0.113,0.026,0,0,,0,,,,0,,,,,1004,1004,0,2,3,0,3,3,1,0,1,9,10,11,1,0,2,0,1,0,133472,0.492,0.762,0.007
167,1.452,0.001,0,0.033,0.021,0,0,,0,,,,0,,,,,1004,1004,0,2,3,0,3,3,1,0,1,9,10,11,1,0,2,0,1,0,133472,0.364,0.845,0.005
168,1.153,0,0,0.03,0.019,0,0,,0,,,,0,,,,,1004,1004,0,2,3,0,3,3,1,0,1,9,10,11,1,0,2,0,1,0,133472,0.295,0.653,0.004
169,1.551,0,0,0.051,0.031,0,0,,0,,,,0,,,,,1004,1004,0,2,3,0,3,3,1,0,1,9,10,11,1,0,2,0,1,0,133472,0.285,0.93,0.012
170,1.471,0,0.001,0.049,0.026,0,0,,0,,,,0,,,,,1004,1004,0,2,3,0,3,3,1,0,1,9,10,11,1,0,2,0,1,0,133472,0.36,0.797,0.008
171,4.137,2.885,0,0.04,0.028,0,0,,0,,,,0,,,,,1004,1004,0,2,3,0,3,3,1,0,1,9,10,11,1,0,2,0,1,0,133472,0.324,0.632,0.006
172,3.021,1.55,0,0.055,0.032,0,0,,0,,,,0,,,,,1004,1004,0,2,3,0,3,3,1,0,1,9,10,11,1,0,2,0,1,0,133472,0.295,0.715,0.007
173,1.87,0.264,0,0.056,0.034,0,0,,0,,,,0,,,,,1004,1004,0,2,3,0,3,3,1,0,1,9,10,11,1,0,2,0,1,0,133472,0.36,0.823,0.012
174,2.408,0.781,0,0.061,0.041,0,0,,0,,,,0,,,,,1004,1004,0,2,3,0,3,3,1,0,1,9,10,11,1,0,2,0,1,0,133472,0.373,0.856,0.009
175,1.921,0.52,0,0.105,0.032,0,0,,0,,,,0,,,,,1004,1004,0,2,3,0,3,3,1,0,1,9,10,11,1,0,2,0,1,0,133472,0.338,0.64,0.007
176,1.864,0.316,0,0.037,0.028,0,0,,0,,,,0,,,,,1004,1004,0,2,3,0,3,3,1,0,1,9,10,11,1,0,2,0,1,0,133472,0.404,0.866,0.01
177,2.099,0.353,0,0.08,0.037,0,0,,0,,,,0,,,,,1004,1004,0,2,3,0,3,3,1,0,1,9,10,11,1,0,2,0,1,0,133472,0.516,0.78,0.013
178,1.316,0.001,0,0.107,0.018,0,0,,0,,,,0,,,,,1004,1004,0,2,3,0,3,3,1,0,1,9,10,11,1,0,2,0,1,0,133472,0.28,0.716,0.006
179,5.125,3.551,0.001,0.108,0.038,0,0,,0,,,,0,,,,,1004,1004,0,2,3,0,3,3,1,0,1,9,10,11,1,0,2,0,1,0,133472,0.366,0.725,0.008
180,1.35,0.001,0,0.035,0.038,0,0,,1,265.625,232087552,288890880,1,71217344,71217344,167755776,38823561584,1004,1004,0,2,3,0,3,3,1,0,1,9,10,11,1,0,2,0,1,0,133472,0.33,0.741,0.005
181,2.07,0.001,0,0.12,0.044,0,0,,0,,,,0,,,,,1004,1004,0,2,3,0,3,3,1,0,1,9,10,11,1,0,2,0,1,0,133472,0.514,1.041,0.018
182,2.298,0.804,0.001,0.081,0.028,0,0,,0,,,,0,,,,,1004,1004,0,2,3,0,3,3,1,0,1,9,10,11,1,0,2,0,1,0,133472,0.326,0.786,0.008
183,1.922,0.218,0,0.039,0.069,0,0,,0,,,,0,,,,,1004,1004,0,2,3,0,3,3,1,0,1,9,10,11,1,0,2,0,1,0,133472,0.348,0.968,0.016
184,1.74,0.001,0.001,0.047,0.063,0,0,,0,,,,0,,,,,1004,1004,0,2,3,0,3,3,1,0,1,9,10,11,1,0,2,0,1,0,133472,0.371,0.978,0.018
185,2.097,0.042,0,0.054,0.041,0,0,,0,,,,0,,,,,1004,1004,0,2,3,0,3,3,1,0,1,9,10,11,1,0,2,0,1,0,133472,0.377,1.241,0.016
186,9.7,5.829,0.001,0.109,0.04,0,0,,0,,,,0,,,,,1004,1004,0,2,3,0,3,3,1,0,1,9,10,11,1,0,2,0,1,0,133472,0.978,1.892,0.021
187,13.549,11.813,0.001,0.091,0.05,0,0,,0,,,,0,,,,,1004,1004,0,2,3,0,3,3,1,0,1,9,10,11,1,0,2,0,1,0,133472,0.361,0.7,0.012
188,3.698,2.312,0.001,0.094,0.03,0,0,,0,,,,0,,,,,1004,1004,0,2,3,0,3,3,1,0,1,9,10,11,1,0,2,0,1,0,133472,0.299,0.6,0.006
189,2.782,1.053,0.001,0.106,0.041,0,0,,0,,,,0,,,,,1004,1004,0,2,3,0,3,3,1,0,1,9,10,11,1,0,2,0,1,0,133472,0.319,1.011,0.011
190,1.473,0.001,0,0.039,0.022,0,0,,0,,,,0,,,,,1004,1004,0,2,3,0,3,3,1,0,1,9,10,11,1,0,2,0,1,0,133472,0.327,0.862,0.009
191,1.543,0.221,0,0.031,0.02,0,0,,0,,,,0,,,,,1004,1004,0,2,3,0,3,3,1,0,1,9,10,11,1,0,2,0,1,0,133472,0.288,0.692,0.01
192,3.516,2.001,0,0.174,0.032,0,0,,0,,,,0,,,,,1004,1004,0,2,3,0,3,3,1,0,1,9,10,11,1,0,2,0,1,0,133472,0.395,0.582,0.01
193,1.561,0.184,0,0.024,0.022,0,0,,0,,,,0,,,,,1004,1004,0,2,3,0,3,3,1,0,1,9,10,11,1,0,2,0,1,0,133472,0.246,0.81,0.006
194,1.793,0.373,0,0.074,0.029,0,0,,0,,,,0,,,,,1004,1004,0,2,3,0,3,3,1,0,1,9,10,11,1,0,2,0,1,0,133472,0.306,0.715,0.006
195,2.379,0.943,0,0.058,0.022,0,0,,0,,,,0,,,,,1004,1004,0,2,3,0,3,3,1,0,1,9,10,11,1,0,2,0,1,0,133472,0.457,0.663,0.005
196,1.72,0.707,0.001,0.029,0.022,0,0,,0,,,,0,,,,,1004,1004,0,2,3,0,3,3,1,0,1,9,10,11,1,0,2,0,1,0,133472,0.242,0.566,0.004
197,1.97,0.676,0,0.09,0.03,0,0,,0,,,,0,,,,,1004,1004,0,2,3,0,3,3,1,0,1,9,10,11,1,0,2,0,1,0,133472,0.247,0.7,0.006
198,1.814,0.293,0.001,0.046,0.043,0,0,,0,,,,0,,,,,1004,1004,0,2,3,0,3,3,1,0,1,9,10,11,1,0,2,0,1,0,133472,0.334,0.827,0.011
199,1.637,0.141,0,0.036,0.101,0,0,,0,,,,0,,,,,1004,1004,0,2,3,0,3,3,1,0,1,9,10,11,1,0,2,0,1,0,133472,0.335,0.783,0.011
200,6.286,1.076,0.001,0.177,0.108,0,0,,0,,,,0,,,,,1004,1004,0,2,3,0,3,3,1,0,1,9,10,11,1,0,2,0,1,0,133472,1.184,2.948,0.031
201,4.757,0.002,0,0.095,0.073,0,0,,0,,,,0,,,,,1004,1004,0,2,3,0,3,3,1,0,1,9,10,11,1,0,2,0,1,0,133472,1.068,2.771,0.021
202,4.003,0.001,0,0.078,0.057,0,0,,0,,,,0,,,,,1004,1004,0,2,3,0,3,3,1,0,1,9,10,11,1,0,2,0,1,0,133472,0.873,2.348,0.025
203,4.005,0.001,0,0.095,0.053,0,0,,0,,,,0,,,,,1004,1004,0,2,3,0,3,3,1,0,1,9,10,11,1,0,2,0,1,0,133472,0.939,2.33,0.021
204,1.921,0.001,0,0.076,0.04,0,0,,0,,,,0,,,,,1004,1004,0,2,3,0,3,3,1,0,1,9,10,11,1,0,2,0,1,0,133472,0.586,0.73,0.009
205,3.088,0,0,0.041,0.079,0,0,,0,,,,0,,,,,1004,1004,0,2,3,0,3,3,1,0,1,9,10,11,1,0,2,0,1,0,133472,0.509,2.078,0.032
206,2.607,0,0,0.177,0.038,0,0,,0,,,,0,,,,,1004,1004,0,2,3,0,3,3,1,0,1,9,10,11,1,0,2,0,1,0,133472,0.719,1.203,0.012
207,1.979,0,0,0.041,0.035,0,0,,0,,,,0,,,,,1004,1004,0,2,3,0,3,3,1,0,1,9,10,11,1,0,2,0,1,0,133472,0.426,1.18,0.011
208,2.094,0,0,0.038,0.036,0,0,,0,,,,0,,,,,1004,1004,0,2,3,0,3,3,1,0,1,9,10,11,1,0,2,0,1,0,133472,0.419,1.3,0.013
209,2.168,0,0.001,0.053,0.037,0,0,,0,,,,0,,,,,1004,1004,0,2,3,0,3,3,1,0,1,9,10,11,1,0,2,0,1,0,133472,0.539,1.214,0.011
210,2.983,0,0,0.064,0.044,0,0,,1,312.5,232095744,288890880,1,71217344,71217344,167755776,38823561584,1004,1004,0,2,3,0,3,3,1,0,1,9,10,11,1,0,2,0,1,0,133472,0.462,2.045,0.015
211,3.279,0.001,0.001,0.071,0.082,0,0,,0,,,,0,,,,,1004,1004,0,2,3,0,3,3,1,0,1,9,10,11,1,0,2,0,1,0,133472,0.524,2.136,0.025
212,2.616,0.001,0.001,0.118,0.038,0,0,,0,,,,0,,,,,1004,1004,0,2,3,0,3,3,1,0,1,9,10,11,1,0,2,0,1,0,133472,0.618,1.365,0.014
213,2.457,0,0,0.049,0.035,0,0,,0,,,,0,,,,,1004,1004,0,2,3,0,3,3,1,0,1,9,10,11,1,0,2,0,1,0,133472,0.56,1.454,0.015
214,2.222,0,0,0.052,0.045,0,0,,0,,,,0,,,,,1004,1004,0,2,3,0,3,3,1,0,1,9,10,11,1,0,2,0,1,0,133472,0.431,1.341,0.019
215,2.91,0,0,0.067,0.037,0,0,,0,,,,0,,,,,1004,1004,0,2,3,0,3,3,1,0,1,9,10,11,1,0,2,0,1,0,133472,0.717,1.66,0.02
216,2.019,0.001,0,0.059,0.032,0,0,,0,,,,0,,,,,1004,1004,0,2,3,0,3,3,1,0,1,9,10,11,1,0,2,0,1,0,133472,0.473,1.129,0.011
217,2.638,0,0,0.04,0.041,0,0,,0,,,,0,,,,,1004,1004,0,2,3,0,3,3,1,0,1,9,10,11,1,0,2,0,1,0,133472,0.766,1.409,0.015
218,2.122,0,0,0.055,0.035,0,0,,0,,,,0,,,,,1004,1004,0,2,3,0,3,3,1,0,1,9,10,11,1,0,2,0,1,0,133472,0.436,1.308,0.016
219,2.233,0,0,0.06,0.03,0,0,,0,,,,0,,,,,1004,1004,0,2,3,0,3,3,1,0,1,9,10,11,1,0,2,0,1,0,133472,0.524,1.253,0.011
220,1.808,0.001,0,0.052,0.025,0,0,,0,,,,0,,,,,1004,1004,0,2,3,0,3,3,1,0,1,9,10,11,1,0,2,0,1,0,133472,0.437,0.995,0.009
221,2.295,0.234,0,0.057,0.044,0,0,,0,,,,0,,,,,1004,1004,0,2,3,0,3,3,1,0,1,9,10,11,1,0,2,0,1,0,133472,0.486,1.168,0.011
222,6.459,1.738,0,0.11,0.115,0,0,,0,,,,0,,,,,1004,1004,0,2,3,0,3,3,1,0,1,9,10,11,1,0,2,0,1,0,133472,0.962,2.736,0.032
223,4.02,0.001,0,0.09,0.059,0,0,,0,,,,0,,,,,1004,1004,0,2,3,0,3,3,1,0,1,9,10,11,1,0,2,0,1,0,133472,1.097,2.043,0.02
224,2.112,0.001,0,0.054,0.034,0,0,,0,,,,0,,,,,1004,1004,0,2,3,0,3,3,1,0,1,9,10,11,1,0,2,0,1,0,133472,0.445,1.256,0.015
225,1.872,0.001,0,0.437,0.044,0,0,,0,,,,0,,,,,1004,1004,0,2,3,0,3,3,1,0,1,9,10,11,1,0,2,0,1,0,133472,0.283,0.675,0.007
226,1.41,0,0,0.035,0.026,0,0,,0,,,,0,,,,,1004,1004,0,2,3,0,3,3,1,0,1,9,10,11,1,0,2,0,1,0,133472,0.339,0.794,0.006
227,2.013,0.045,0.001,0.164,0.054,0,0,,0,,,,0,,,,,1004,1004,0,2,3,0,3,3,1,0,1,9,10,11,1,0,2,0,1,0,133472,0.424,0.961,0.012
228,1.751,0.001,0,0.048,0.038,0,0,,0,,,,0,,,,,1004,1004,0,2,3,0,3,3,1,0,1,9,10,11,1,0,2,0,1,0,133472,0.444,0.929,0.012
229,2.019,0.001,0,0.072,0.03,0,0,,0,,,,0,,,,,1004,1004,0,2,3,0,3,3,1,0,1,9,10,11,1,0,2,0,1,0,133472,0.554,1.042,0.018
230,1.695,0,0,0.056,0.043,0,0,,0,,,,0,,,,,1004,1004,0,2,3,0,3,3,1,0,1,9,10,11,1,0,2,0,1,0,133472,0.396,0.883,0.01
231,1.548,0.001,0,0.053,0.025,0,0,,0,,,,0,,,,,1004,1004,0,2,3,0,3,3,1,0,1,9,10,11,1,0,2,0,1,0,133472,0.356,0.889,0.009
232,1.387,0.001,0.001,0.04,0.025,0,0,,0,,,,0,,,,,1004,1004,0,2,3,0,3,3,1,0,1,9,10,11,1,0,2,0,1,0,133472,0.353,0.774,0.007
233,4.673,2.641,0,0.097,0.049,0,0,,0,,,,0,,,,,1004,1004,0,2,3,0,3,3,1,0,1,9,10,11,1,0,2,0,1,0,133472,0.442,1.062,0.014
234,2.304,0.914,0,0.049,0.035,0,0,,0,,,,0,,,,,1004,1004,0,2,3,0,3,3,1,0,1,9,10,11,1,0,2,0,1,0,133472,0.313,0.745,0.01
235,3.551,1.542,0,0.051,0.04,0,0,,0,,,,0,,,,,1004,1004,0,2,3,0,3,3,1,0,1,9,10,11,1,0,2,0,1,0,133472,0.391,1.164,0.015
236,2.29,0.597,0,0.048,0.043,0,0,,0,,,,0,,,,,1004,1004,0,2,3,0,3,3,1,0,1,9,10,11,1,0,2,0,1,0,133472,0.339,0.974,0.011
237,2.662,1.255,0,0.034,0.038,0,0,,0,,,,0,,,,,1004,1004,0,2,3,0,3,3,1,0,1,9,10,11,1,0,2,0,1,0,133472,0.291,0.814,0.008
238,1.504,0.001,0,0.031,0.022,0,0,,0,,,,0,,,,,1004,1004,0,2,3,0,3,3,1,0,1,9,10,11,1,0,2,0,1,0,133472,0.359,0.762,0.008
239,1.715,0.151,0,0.129,0.032,0,0,,0,,,,0,,,,,1004,1004,0,2,3,0,3,3,1,0,1,9,10,11,1,0,2,0,1,0,133472,0.364,0.673,0.008
240,1.692,0.456,0,0.097,0.021,0,0,,1,375,232103936,288890880,1,71217344,71217344,167755776,38823561584,1004,1004,0,2,3,0,3,3,1,0,1,9,10,11,1,0,2,0,1,0,133472,0.268,0.55,0.005
241,1.466,0.312,0,0.098,0.019,0,0,,0,,,,0,,,,,1004,1004,0,2,3,0,3,3,1,0,1,9,10,11,1,0,2,0,1,0,133472,0.256,0.577,0.003
242,1.923,0.39,0,0.095,0.027,0,0,,0,,,,0,,,,,1004,1004,0,2,3,0,3,3,1,0,1,9,10,11,1,0,2,0,1,0,133472,0.305,0.716,0.031
243,2.311,0.006,0,0.114,0.07,0,0,,0,,,,0,,,,,1004,1004,0,2,3,0,3,3,1,0,1,9,10,11,1,0,2,0,1,0,133472,0.391,1.365,0.027
244,2.308,0.001,0.001,0.134,0.046,0,0,,0,,,,0,,,,,1004,1004,0,2,3,0,3,3,1,0,1,9,10,11,1,0,2,0,1,0,133472,0.447,0.926,0.011
245,1.415,0.001,0,0.049,0.033,0,0,,0,,,,0,,,,,1004,1004,0,2,3,0,3,3,1,0,1,9,10,11,1,0,2,0,1,0,133472,0.386,0.724,0.005
246,1.906,0,0,0.03,0.019,0,0,,0,,,,0,,,,,1004,1004,0,2,3,0,3,3,1,0,1,9,10,11,1,0,2,0,1,0,133472,0.305,1.38,0.005
247,2.858,1.263,0,0.148,0.023,0,0,,0,,,,0,,,,,1004,1004,0,2,3,0,3,3,1,0,1,9,10,11,1,0,2,0,1,0,133472,0.341,0.698,0.009
248,3.807,2.201,0,0.088,0.044,0,0,,0,,,,0,,,,,1004,1004,0,2,3,0,3,3,1,0,1,9,10,11,1,0,2,0,1,0,133472,0.373,0.809,0.011
249,2.132,0.588,0,0.033,0.047,0,0,,0,,,,0,,,,,1004,1004,0,2,3,0,3,3,1,0,1,9,10,11,1,0,2,0,1,0,133472,0.294,0.907,0.011
250,2.498,0,0,0.042,0.038,0,0,,0,,,,0,,,,,1004,1004,0,2,3,0,3,3,1,0,1,9,10,11,1,0,2,0,1,0,133472,0.65,1.423,0.014
251,1.663,0.001,0,0.034,0.035,0,0,,0,,,,0,,,,,1004,1004,0,2,3,0,3,3,1,0,1,9,10,11,1,0,2,0,1,0,133472,0.365,0.962,0.011
252,1.586,0.001,0,0.035,0.031,0,0,,0,,,,0,,,,,1004,1004,0,2,3,0,3,3,1,0,1,9,10,11,1,0,2,0,1,0,133472,0.33,0.959,0.007
253,1.582,0,0.001,0.026,0.034,0,0,,0,,,,0,,,,,1004,1004,0,2,3,0,3,3,1,0,1,9,10,11,1,0,2,0,1,0,133472,0.337,0.958,0.008
254,1.604,0,0,0.027,0.036,0,0,,0,,,,0,,,,,1004,1004,0,2,3,0,3,3,1,0,1,9,10,11,1,0,2,0,1,0,133472,0.347,0.972,0.009
255,1.827,0,0,0.037,0.042,0,0,,0,,,,0,,,,,1004,1004,0,2,3,0,3,3,1,0,1,9,10,11,1,0,2,0,1,0,133472,0.392,1.082,0.01
256,2.103,0.479,0.001,0.058,0.045,0,0,,0,,,,0,,,,,1004,1004,0,2,3,0,3,3,1,0,1,9,10,11,1,0,2,0,1,0,133472,0.346,0.898,0.01
257,1.552,0,0,0.029,0.033,0,0,,0,,,,0,,,,,1004,1004,0,2,3,0,3,3,1,0,1,9,10,11,1,0,2,0,1,0,133472,0.344,0.916,0.009
258,2.06,0.001,0,0.029,0.052,0,0,,0,,,,0,,,,,1004,1004,0,2,3,0,3,3,1,0,1,9,10,11,1,0,2,0,1,0,133472,0.33,1.363,0.014
259,3.177,0,0.001,0.068,0.057,0,0,,0,,,,0,,,,,1004,1004,0,2,3,0,3,3,1,0,1,9,10,11,1,0,2,0,1,0,133472,0.989,1.665,0.02
260,2.284,0.001,0.001,0.071,0.035,0,0,,0,,,,0,,,,,1004,1004,0,2,3,0,3,3,1,0,1,9,10,11,1,0,2,0,1,0,133472,0.502,1.322,0.013
261,2.218,0,0,0.052,0.035,0,0,,0,,,,0,,,,,1004,1004,0,2,3,0,3,3,1,0,1,9,10,11,1,0,2,0,1,0,133472,0.509,1.309,0.011
262,1.975,0,0,0.044,0.037,0,0,,0,,,,0,,,,,1004,1004,0,2,3,0,3,3,1,0,1,9,10,11,1,0,2,0,1,0,133472,0.435,1.168,0.01
263,1.704,0.072,0,0.095,0.036,0,0,,0,,,,0,,,,,1004,1004,0,2,3,0,3,3,1,0,1,9,10,11,1,0,2,0,1,0,133472,0.367,0.739,0.009
264,3.602,1.77,0,0.145,0.042,0,0,,0,,,,0,,,,,1004,1004,0,2,3,0,3,3,1,0,1,9,10,11,1,0,2,0,1,0,133472,0.395,0.896,0.011
265,2.187,0.001,0,0.041,0.047,0,0,,0,,,,0,,,,,1004,1004,0,2,3,0,3,3,1,0,1,9,10,11,1,0,2,0,1,0,133472,0.323,1.491,0.016
266,2.51,0.001,0.001,0.052,0.041,0,0,,0,,,,0,,,,,1004,1004,0,2,3,0,3,3,1,0,1,9,10,11,1,0,2,0,1,0,133472,0.557,1.402,0.019
267,2.003,0.001,0.001,0.046,0.033,0,0,,0,,,,0,,,,,1004,1004,0,2,3,0,3,3,1,0,1,9,10,11,1,0,2,0,1,0,133472,0.435,1.169,0.011
268,1.605,0.001,0,0.031,0.031,0,0,,0,,,,0,,,,,1004,1004,0,2,3,0,3,3,1,0,1,9,10,11,1,0,2,0,1,0,133472,0.367,0.942,0.008
269,1.541,0,0,0.028,0.034,0,0,,0,,,,0,,,,,1004,1004,0,2,3,0,3,3,1,0,1,9,10,11,1,0,2,0,1,0,133472,0.386,0.862,0.008
270,1.726,0.001,0,0.025,0.028,0,0,,1,437.5,232112128,288890880,1,71217344,71217344,167755776,38823561584,1004,1004,0,2,3,0,3,3,1,0,1,9,10,11,1,0,2,0,1,0,133472,0.36,1.094,0.01
271,1.786,0,0.001,0.033,0.031,0,0,,0,,,,0,,,,,1004,1004,0,2,3,0,3,3,1,0,1,9,10,11,1,0,2,0,1,0,133472,0.396,1.06,0.009
272,1.883,0.225,0,0.037,0.027,0,0,,0,,,,0,,,,,1004,1004,0,2,3,0,3,3,1,0,1,9,10,11,1,0,2,0,1,0,133472,0.34,0.904,0.008
273,1.36,0,0,0.024,0.025,0,0,,0,,,,0,,,,,1004,1004,0,2,3,0,3,3,1,0,1,9,10,11,1,0,2,0,1,0,133472,0.313,0.793,0.007
274,2.34,0.317,0,0.079,0.074,0,0,,0,,,,0,,,,,1004,1004,0,2,3,0,3,3,1,0,1,9,10,11,1,0,2,0,1,0,133472,0.43,1.036,0.037
275,2.734,0.001,0,0.07,0.056,0,0,,0,,,,0,,,,,1004,1004,0,2,3,0,3,3,1,0,1,9,10,11,1,0,2,0,1,0,133472,0.926,1.335,0.016
276,2.3,0.001,0,0.085,0.044,0,0,,0,,,,0,,,,,1004,1004,0,2,3,0,3,3,1,0,1,9,10,11,1,0,2,0,1,0,133472,0.446,1.358,0.014
277,1.993,0,0,0.059,0.032,0,0,,0,,,,0,,,,,1004,1004,0,2,3,0,3,3,1,0,1,9,10,11,1,0,2,0,1,0,133472,0.424,1.152,0.012
278,1.757,0.001,0,0.036,0.038,0,0,,0,,,,0,,,,,1004,1004,0,2,3,0,3,3,1,0,1,9,10,11,1,0,2,0,1,0,133472,0.366,1.057,0.011
279,1.712,0,0,0.044,0.027,0,0,,0,,,,0,,,,,1004,1004,0,2,3,0,3,3,1,0,1,9,10,11,1,0,2,0,1,0,133472,0.38,1.001,0.009
280,1.824,0.486,0,0.038,0.03,0,0,,0,,,,0,,,,,1004,1004,0,2,3,0,3,3,1,0,1,9,10,11,1,0,2,0,1,0,133472,0.285,0.687,0.006
281,2.403,0.399,0.001,0.071,0.043,0,0,,0,,,,0,,,,,1004,1004,0,2,3,0,3,3,1,0,1,9,10,11,1,0,2,0,1,0,133472,0.282,1.201,0.036
282,2.273,0,0,0.042,0.061,0,0,,0,,,,0,,,,,1004,1004,0,2,3,0,3,3,1,0,1,9,10,11,1,0,2,0,1,0,133472,0.326,1.576,0.035
283,2.254,0.001,0,0.085,0.06,0,0,,0,,,,0,,,,,1004,1004,0,2,3,0,3,3,1,0,1,9,10,11,1,0,2,0,1,0,133472,0.521,1.196,0.012
284,2.084,0.001,0,0.058,0.039,0,0,,0,,,,0,,,,,1004,1004,0,2,3,0,3,3,1,0,1,9,10,11,1,0,2,0,1,0,133472,0.436,1.181,0.013
285,1.807,0.001,0,0.049,0.032,0,0,,0,,,,0,,,,,1004,1004,0,2,3,0,3,3,1,0,1,9,10,11,1,0,2,0,1,0,133472,0.382,1.071,0.01
286,1.833,0.001,0,0.036,0.036,0,0,,0,,,,0,,,,,1004,1004,0,2,3,0,3,3,1,0,1,9,10,11,1,0,2,0,1,0,133472,0.401,1.08,0.01
287,1.949,0.001,0,0.047,0.032,0,0,,0,,,,0,,,,,1004,1004,0,2,3,0,3,3,1,0,1,9,10,11,1,0,2,0,1,0,133472,0.426,1.123,0.013
288,1.848,0.001,0,0.041,0.034,0,0,,0,,,,0,,,,,1004,1004,0,2,3,0,3,3,1,0,1,9,10,11,1,0,2,0,1,0,133472,0.41,1.072,0.01
289,1.925,0.072,0.001,0.136,0.044,0,0,,0,,,,0,,,,,1004,1004,0,2,3,0,3,3,1,0,1,9,10,11,1,0,2,0,1,0,133472,0.369,0.92,0.011
290,1.284,0.001,0,0.038,0.103,0,0,,0,,,,0,,,,,1004,1004,0,2,3,0,3,3,1,0,1,9,10,11,1,0,2,0,1,0,133472,0.304,0.659,0.005
291,2.119,0.295,0,0.083,0.035,0,0,,0,,,,0,,,,,1004,1004,0,2,3,0,3,3,1,0,1,9,10,11,1,0,2,0,1,0,133472,0.316,1.031,0.031
292,1.429,0,0,0.101,0.024,0,0,,0,,,,0,,,,,1004,1004,0,2,3,0,3,3,1,0,1,9,10,11,1,0,2,0,1,0,133472,0.355,0.729,0.007
293,2.271,0.948,0,0.067,0.024,0,0,,0,,,,0,,,,,1004,1004,0,2,3,0,3,3,1,0,1,9,10,11,1,0,2,0,1,0,133472,0.317,0.659,0.006
294,1.576,0.372,0,0.036,0.026,0,0,,0,,,,0,,,,,1004,1004,0,2,3,0,3,3,1,0,1,9,10,11,1,0,2,0,1,0,133472,0.275,0.667,0.006
295,1.915,0.551,0,0.058,0.021,0,0,,0,,,,0,,,,,1004,1004,0,2,3,0,3,3,1,0,1,9,10,11,1,0,2,0,1,0,133472,0.33,0.698,0.007
296,1.692,0.356,0,0.069,0.02,0,0,,0,,,,0,,,,,1004,1004,0,2,3,0,3,3,1,0,1,9,10,11,1,0,2,0,1,0,133472,0.295,0.698,0.009
297,2.593,1.066,0,0.107,0.028,0,0,,0,,,,0,,,,,1004,1004,0,2,3,0,3,3,1,0,1,9,10,11,1,0,2,0,1,0,133472,0.332,0.757,0.019
298,1.691,0.22,0.001,0.078,0.037,0,0,,0,,,,0,,,,,1004,1004,0,2,3,0,3,3,1,0,1,9,10,11,1,0,2,0,1,0,133472,0.339,0.653,0.01
299,1.844,0.288,0,0.032,0.049,0,0,,0,,,,0,,,,,1004,1004,0,2,3,0,3,3,1,0,1,9,10,11,1,0,2,0,1,0,133472,0.325,0.836,0.033
300,2.067,0.168,0,0.047,0.037,0,0,,1,500,232120320,288890880,1,71217344,71217344,167755776,38823561584,1004,1004,0,2,3,0,3,3,1,0,1,9,10,11,1,0,2,0,1,0,133472,0.544,0.942,0.018
301,1.417,0.001,0,0.055,0.027,0,0,,0,,,,0,,,,,1004,1004,0,2,3,0,3,3,1,0,1,9,10,11,1,0,2,0,1,0,133472,0.362,0.752,0.007
302,2.862,1.324,0,0.141,0.036,0,0,,0,,,,0,,,,,1004,1004,0,2,3,0,3,3,1,0,1,9,10,11,1,0,2,0,1,0,133472,0.327,0.728,0.008
303,1.839,0.165,0,0.074,0.057,0,0,,0,,,,0,,,,,1004,1004,0,2,3,0,3,3,1,0,1,9,10,11,1,0,2,0,1,0,133472,0.358,0.857,0.007
304,1.651,0.053,0.001,0.154,0.033,0,0,,0,,,,0,,,,,1004,1004,0,2,3,0,3,3,1,0,1,9,10,11,1,0,2,0,1,0,133472,0.364,0.757,0.008
305,1.809,0.123,0,0.145,0.032,0,0,,0,,,,0,,,,,1004,1004,0,2,3,0,3,3,1,0,1,9,10,11,1,0,2,0,1,0,133472,0.368,0.799,0.007
306,3.85,2.464,0,0.087,0.031,0,0,,0,,,,0,,,,,1004,1004,0,2,3,0,3,3,1,0,1,9,10,11,1,0,2,0,1,0,133472,0.265,0.662,0.008
307,2.044,0.286,0,0.032,0.044,0,0,,0,,,,0,,,,,1004,1004,0,2,3,0,3,3,1,0,1,9,10,11,1,0,2,0,1,0,133472,0.416,0.888,0.012
308,1.673,0.001,0,0.044,0.039,0,0,,0,,,,0,,,,,1004,1004,0,2,3,0,3,3,1,0,1,9,10,11,1,0,2,0,1,0,133472,0.349,0.947,0.028
309,1.697,0.001,0,0.057,0.027,0,0,,0,,,,0,,,,,1004,1004,0,2,3,0,3,3,1,0,1,9,10,11,1,0,2,0,1,0,133472,0.396,0.968,0.009
310,1.859,0.333,0,0.105,0.031,0,0,,0,,,,0,,,,,1004,1004,0,2,3,0,3,3,1,0,1,9,10,11,1,0,2,0,1,0,133472,0.384,0.739,0.008
311,1.541,0.06,0,0.139,0.036,0,0,,0,,,,0,,,,,1004,1004,0,2,3,0,3,3,1,0,1,9,10,11,1,0,2,0,1,0,133472,0.362,0.676,0.006
312,1.767,0.095,0,0.137,0.034,0,0,,0,,,,0,,,,,1004,1004,0,2,3,0,3,3,1,0,1,9,10,11,1,0,2,0,1,0,133472,0.346,0.783,0.007
313,1.77,0.001,0.001,0.045,0.057,0,0,,0,,,,0,,,,,1004,1004,0,2,3,0,3,3,1,0,1,9,10,11,1,0,2,0,1,0,133472,0.32,1,0.037
314,2.292,0.461,0.001,0.134,0.045,0,0,,0,,,,0,,,,,1004,1004,0,2,3,0,3,3,1,0,1,9,10,11,1,0,2,0,1,0,133472,0.36,0.894,0.008
315,5.052,3.313,0,0.061,0.05,0,0,,0,,,,0,,,,,1004,1004,0,2,3,0,3,3,1,0,1,9,10,11,1,0,2,0,1,0,133472,0.398,0.859,0.01
316,3.143,1.204,0,0.068,0.051,0,0,,0,,,,0,,,,,1004,1004,0,2,3,0,3,3,1,0,1,9,10,11,1,0,2,0,1,0,133472,0.427,1.058,0.013
317,3.64,2.099,0,0.048,0.044,0,0,,0,,,,0,,,,,1004,1004,0,2,3,0,3,3,1,0,1,9,10,11,1,0,2,0,1,0,133472,0.364,0.805,0.008
318,4.389,1.725,0.001,0.066,0.073,0,0,,0,,,,0,,,,,1004,1004,0,2,3,0,3,3,1,0,1,9,10,11,1,0,2,0,1,0,133472,0.569,1.453,0.019
319,2.662,0.803,0.001,0.053,0.041,0,0,,0,,,,0,,,,,1004,1004,0,2,3,0,3,3,1,0,1,9,10,11,1,0,2,0,1,0,133472,0.408,1.016,0.012
320,2.496,0.939,0,0.069,0.036,0,0,,0,,,,0,,,,,1004,1004,0,2,3,0,3,3,1,0,1,9,10,11,1,0,2,0,1,0,133472,0.347,0.78,0.006
321,2.861,1.164,0.001,0.146,0.04,0,0,,0,,,,0,,,,,1004,1004,0,2,3,0,3,3,1,0,1,9,10,11,1,0,2,0,1,0,133472,0.36,0.785,0.01
322,3.45,1.624,0,0.127,0.048,0,0,,0,,,,0,,,,,1004,1004,0,2,3,0,3,3,1,0,1,9,10,11,1,0,2,0,1,0,133472,0.398,0.956,0.01
323,2.071,0,0,0.037,0.036,0,0,,0,,,,0,,,,,1004,1004,0,2,3,0,3,3,1,0,1,9,10,11,1,0,2,0,1,0,133472,0.386,1.318,0.019
324,1.833,0,0,0.048,0.038,0,0,,0,,,,0,,,,,1004,1004,0,2,3,0,3,3,1,0,1,9,10,11,1,0,2,0,1,0,133472,0.419,1.056,0.011
325,2.149,0,0,0.048,0.046,0,0,,0,,,,0,,,,,1004,1004,0,2,3,0,3,3,1,0,1,9,10,11,1,0,2,0,1,0,133472,0.4,1.344,0.022
326,2.135,0,0,0.04,0.044,0,0,,0,,,,0,,,,,1004,1004,0,2,3,0,3,3,1,0,1,9,10,11,1,0,2,0,1,0,133472,0.49,1.222,0.015
327,2.32,0.222,0,0.078,0.046,0,0,,0,,,,0,,,,,1004,1004,0,2,3,0,3,3,1,0,1,9,10,11,1,0,2,0,1,0,133472,0.515,0.98,0.017
328,2.116,0.348,0,0.057,0.041,0,0,,0,,,,0,,,,,1004,1004,0,2,3,0,3,3,1,0,1,9,10,11,1,0,2,0,1,0,133472,0.433,0.913,0.012
329,2.819,1.441,0,0.095,0.03,0,0,,0,,,,0,,,,,1004,1004,0,2,3,0,3,3,1,0,1,9,10,11,1,0,2,0,1,0,133472,0.36,0.597,0.006
330,3.582,1.115,0.001,0.147,0.066,0,0,,1,562.5,232128512,288890880,1,71217344,71217344,167755776,38823561584,1004,1004,0,2,3,0,3,3,1,0,1,9,10,11,1,0,2,0,1,0,133472,0.606,1.046,0.012
331,1.904,0.001,0.001,0.05,0.042,0,0,,0,,,,0,,,,,1004,1004,0,2,3,0,3,3,1,0,1,9,10,11,1,0,2,0,1,0,133472,0.415,1.1,0.011
332,1.819,0,0,0.035,0.038,0,0,,0,,,,0,,,,,1004,1004,0,2,3,0,3,3,1,0,1,9,10,11,1,0,2,0,1,0,133472,0.393,1.073,0.01
333,1.824,0,0,0.032,0.037,0,0,,0,,,,0,,,,,1004,1004,0,2,3,0,3,3,1,0,1,9,10,11,1,0,2,0,1,0,133472,0.403,1.086,0.018
334,2.077,0.001,0,0.041,0.042,0,0,,0,,,,0,,,,,1004,1004,0,2,3,0,3,3,1,0,1,9,10,11,1,0,2,0,1,0,133472,0.455,1.208,0.023
335,1.719,0.001,0,0.045,0.041,0,0,,0,,,,0,,,,,1004,1004,0,2,3,0,3,3,1,0,1,9,10,11,1,0,2,0,1,0,133472,0.447,0.906,0.011
336,1.564,0.001,0,0.035,0.026,0,0,,0,,,,0,,,,,1004,1004,0,2,3,0,3,3,1,0,1,9,10,11,1,0,2,0,1,0,133472,0.338,0.935,0.008
337,1.506,0,0,0.026,0.023,0,0,,0,,,,0,,,,,1004,1004,0,2,3,0,3,3,1,0,1,9,10,11,1,0,2,0,1,0,133472,0.363,0.888,0.008
338,1.886,0,0,0.026,0.037,0,0,,0,,,,0,,,,,1004,1004,0,2,3,0,3,3,1,0,1,9,10,11,1,0,2,0,1,0,133472,0.345,1.169,0.014
339,1.869,0,0,0.04,0.033,0,0,,0,,,,0,,,,,1004,1004,0,2,3,0,3,3,1,0,1,9,10,11,1,0,2,0,1,0,133472,0.396,1.107,0.014
340,1.744,0,0,0.036,0.026,0,0,,0,,,,0,,,,,1004,1004,0,2,3,0,3,3,1,0,1,9,10,11,1,0,2,0,1,0,133472,0.392,1.03,0.009
341,1.596,0,0,0.041,0.02,0,0,,0,,,,0,,,,,1004,1004,0,2,3,0,3,3,1,0,1,9,10,11,1,0,2,0,1,0,133472,0.346,0.934,0.007
342,1.462,0,0,0.026,0.021,0,0,,0,,,,0,,,,,1004,1004,0,2,3,0,3,3,1,0,1,9,10,11,1,0,2,0,1,0,133472,0.306,0.9,0.011
343,1.814,0,0,0.024,0.037,0,0,,0,,,,0,,,,,1004,1004,0,2,3,0,3,3,1,0,1,9,10,11,1,0,2,0,1,0,133472,0.328,1.159,0.015
344,2.084,0.001,0,0.05,0.028,0,0,,0,,,,0,,,,,1004,1004,0,2,3,0,3,3,1,0,1,9,10,11,1,0,2,0,1,0,133472,0.452,1.25,0.011
345,1.691,0,0,0.041,0.027,0,0,,0,,,,0,,,,,1004,1004,0,2,3,0,3,3,1,0,1,9,10,11,1,0,2,0,1,0,133472,0.407,0.954,0.008
346,1.494,0,0.001,0.029,0.028,0,0,,0,,,,0,,,,,1004,1004,0,2,3,0,3,3,1,0,1,9,10,11,1,0,2,0,1,0,133472,0.311,0.916,0.008
347,1.671,0,0,0.031,0.04,0,0,,0,,,,0,,,,,1004,1004,0,2,3,0,3,3,1,0,1,9,10,11,1,0,2,0,1,0,133472,0.357,0.994,0.007
348,1.623,0,0,0.026,0.024,0,0,,0,,,,0,,,,,1004,1004,0,2,3,0,3,3,1,0,1,9,10,11,1,0,2,0,1,0,133472,0.388,0.949,0.009
349,1.599,0,0,0.028,0.021,0,0,,0,,,,0,,,,,1004,1004,0,2,3,0,3,3,1,0,1,9,10,11,1,0,2,0,1,0,133472,0.349,0.959,0.007
350,2.032,0.436,0.001,0.04,0.028,0,0,,0,,,,0,,,,,1004,1004,0,2,3,0,3,3,1,0,1,9,10,11,1,0,2,0,1,0,133472,0.324,0.924,0.009
351,1.644,0,0,0.025,0.027,0,0,,0,,,,0,,,,,1004,1004,0,2,3,0,3,3,1,0,1,9,10,11,1,0,2,0,1,0,133472,0.382,0.958,0.009
352,1.545,0.001,0,0.03,0.033,0,0,,0,,,,0,,,,,1004,1004,0,2,3,0,3,3,1,0,1,9,10,11,1,0,2,0,1,0,133472,0.355,0.918,0.007
353,1.892,0,0,0.026,0.041,0,0,,0,,,,0,,,,,1004,1004,0,2,3,0,3,3,1,0,1,9,10,11,1,0,2,0,1,0,133472,0.434,1.161,0.009
354,1.689,0,0,0.033,0.023,0,0,,0,,,,0,,,,,1004,1004,0,2,3,0,3,3,1,0,1,9,10,11,1,0,2,0,1,0,133472,0.457,0.919,0.008
355,1.589,0,0,0.03,0.027,0,0,,0,,,,0,,,,,1004,1004,0,2,3,0,3,3,1,0,1,9,10,11,1,0,2,0,1,0,133472,0.385,0.91,0.007
356,1.45,0,0.001,0.028,0.02,0,0,,0,,,,0,,,,,1004,1004,0,2,3,0,3,3,1,0,1,9,10,11,1,0,2,0,1,0,133472,0.316,0.864,0.007
357,1.745,0.001,0,0.025,0.025,0,0,,0,,,,0,,,,,1004,1004,0,2,3,0,3,3,1,0,1,9,10,11,1,0,2,0,1,0,133472,0.453,0.991,0.009
358,1.628,0,0,0.035,0.022,0,0,,0,,,,0,,,,,1004,1004,0,2,3,0,3,3,1,0,1,9,10,11,1,0,2,0,1,0,133472,0.341,0.985,0.008
359,1.614,0,0,0.03,0.023,0,0,,0,,,,0,,,,,1004,1004,0,2,3,0,3,3,1,0,1,9,10,11,1,0,2,0,1,0,133472,0.342,0.985,0.007
360,1.811,0.319,0.001,0.031,0.03,0,0,,1,625,232136704,288890880,1,71217344,71217344,167755776,38823561584,1004,1004,0,2,3,0,3,3,1,0,1,9,10,11,1,0,2,0,1,0,133472,0.326,0.837,0.008
361,3.164,0.413,0.001,0.166,0.041,0,0,,0,,,,0,,,,,1004,1004,0,2,3,0,3,3,1,0,1,9,10,11,1,0,2,0,1,0,133472,0.786,1.214,0.008
362,1.994,0,0.001,0.029,0.034,0,0,,0,,,,0,,,,,1004,1004,0,2,3,0,3,3,1,0,1,9,10,11,1,0,2,0,1,0,133472,0.455,1.217,0.012
363,1.88,0,0,0.052,0.024,0,0,,0,,,,0,,,,,1004,1004,0,2,3,0,3,3,1,0,1,9,10,11,1,0,2,0,1,0,133472,0.427,1.103,0.009
364,1.519,0.001,0,0.03,0.03,0,0,,0,,,,0,,,,,1004,1004,0,2,3,0,3,3,1,0,1,9,10,11,1,0,2,0,1,0,133472,0.33,0.912,0.008
365,1.908,0,0.001,0.033,0.026,0,0,,0,,,,0,,,,,1004,1004,0,2,3,0,3,3,1,0,1,9,10,11,1,0,2,0,1,0,133472,0.412,1.142,0.009
366,1.849,0,0,0.037,0.026,0,0,,0,,,,0,,,,,1004,1004,0,2,3,0,3,3,1,0,1,9,10,11,1,0,2,0,1,0,133472,0.393,1.126,0.01
367,1.985,0,0,0.037,0.029,0,0,,0,,,,0,,,,,1004,1004,0,2,3,0,3,3,1,0,1,9,10,11,1,0,2,0,1,0,133472,0.496,1.149,0.01
368,1.88,0.001,0,0.039,0.025,0,0,,0,,,,0,,,,,1004,1004,0,2,3,0,3,3,1,0,1,9,10,11,1,0,2,0,1,0,133472,0.415,1.117,0.008
369,1.446,0.001,0,0.031,0.025,0,0,,0,,,,0,,,,,1004,1004,0,2,3,0,3,3,1,0,1,9,10,11,1,0,2,0,1,0,133472,0.315,0.859,0.007
370,3.941,1.807,0,0.081,0.041,0,0,,0,,,,0,,,,,1004,1004,0,2,3,0,3,3,1,0,1,9,10,11,1,0,2,0,1,0,133472,0.42,1.142,0.012
371,2.067,0,0,0.04,0.03,0,0,,0,,,,0,,,,,1004,1004,0,2,3,0,3,3,1,0,1,9,10,11,1,0,2,0,1,0,133472,0.462,1.207,0.011
372,2.236,0,0,0.036,0.059,0,0,,0,,,,0,,,,,1004,1004,0,2,3,0,3,3,1,0,1,9,10,11,1,0,2,0,1,0,133472,0.454,1.308,0.016
373,2.522,0.001,0.001,0.067,0.048,0,0,,0,,,,0,,,,,1004,1004,0,2,3,0,3,3,1,0,1,9,10,11,1,0,2,0,1,0,133472,0.562,1.437,0.013
374,3.558,0.001,0.001,0.073,0.127,0,0,,0,,,,0,,,,,1004,1004,0,2,3,0,3,3,1,0,1,9,10,11,1,0,2,0,1,0,133472,0.498,2.416,0.037
375,3.984,0.001,0,0.136,0.061,0,0,,0,,,,0,,,,,1004,1004,0,2,3,0,3,3,1,0,1,9,10,11,1,0,2,0,1,0,133472,0.824,2.361,0.021
376,3.941,0.001,0,0.069,0.08,0,0,,0,,,,0,,,,,1004,1004,0,2,3,0,3,3,1,0,1,9,10,11,1,0,2,0,1,0,133472,0.823,2.375,0.023
377,4.321,0.001,0,0.081,0.06,0,0,,0,,,,0,,,,,1004,1004,0,2,3,0,3,3,1,0,1,9,10,11,1,0,2,0,1,0,133472,0.875,2.567,0.031
378,1.821,0.001,0,0.069,0.032,0,0,,0,,,,0,,,,,1004,1004,0,2,3,0,3,3,1,0,1,9,10,11,1,0,2,0,1,0,133472,0.388,1.04,0.01
379,2.993,0.542,0,0.043,0.563,0,0,,0,,,,0,,,,,1004,1004,0,2,3,0,3,3,1,0,1,9,10,11,1,0,2,0,1,0,133472,0.394,1.128,0.015
380,2.566,0.781,0.001,0.129,0.034,0,0,,0,,,,0,,,,,1004,1004,0,2,3,0,3,3,1,0,1,9,10,11,1,0,2,0,1,0,133472,0.326,0.896,0.009
381,2.227,0.109,0,0.097,0.036,0,0,,0,,,,0,,,,,1004,1004,0,2,3,0,3,3,1,0,1,9,10,11,1,0,2,0,1,0,133472,0.389,1.094,0.015
382,2.09,0.001,0.001,0.046,0.046,0,0,,0,,,,0,,,,,1004,1004,0,2,3,0,3,3,1,0,1,9,10,11,1,0,2,0,1,0,133472,0.523,1.166,0.013
383,2.298,0.001,0,0.187,0.038,0,0,,0,,,,0,,,,,1004,1004,0,2,3,0,3,3,1,0,1,9,10,11,1,0,2,0,1,0,133472,0.499,1.271,0.033
384,1.629,0,0.001,0.074,0.034,0,0,,0,,,,0,,,,,1004,1004,0,2,3,0,3,3,1,0,1,9,10,11,1,0,2,0,1,0,133472,0.358,0.917,0.009
385,1.615,0,0,0.031,0.032,0,0,,0,,,,0,,,,,1004,1004,0,2,3,0,3,3,1,0,1,9,10,11,1,0,2,0,1,0,133472,0.328,0.988,0.008
386,1.711,0,0,0.03,0.036,0,0,,0,,,,0,,,,,1004,1004,0,2,3,0,3,3,1,0,1,9,10,11,1,0,2,0,1,0,133472,0.344,1.063,0.009
387,1.753,0,0,0.035,0.032,0,0,,0,,,,0,,,,,1004,1004,0,2,3,0,3,3,1,0,1,9,10,11,1,0,2,0,1,0,133472,0.393,1.036,0.009
388,1.767,0.045,0,0.036,0.033,0,0,,0,,,,0,,,,,1004,1004,0,2,3,0,3,3,1,0,1,9,10,11,1,0,2,0,1,0,133472,0.396,0.995,0.011
389,1.596,0.001,0,0.044,0.028,0,0,,0,,,,0,,,,,1004,1004,0,2,3,0,3,3,1,0,1,9,10,11,1,0,2,0,1,0,133472,0.363,0.923,0.008
390,1.437,0.001,0,0.031,0.026,0,0,,1,703.125,232144896,288890880,1,71217344,71217344,167755776,38823561584,1004,1004,0,2,3,0,3,3,1,0,1,9,10,11,1,0,2,0,1,0,133472,0.342,0.799,0.008
391,2.229,0.001,0,0.032,0.043,0,0,,0,,,,0,,,,,1004,1004,0,2,3,0,3,3,1,0,1,9,10,11,1,0,2,0,1,0,133472,0.432,1.379,0.018
392,1.983,0,0,0.048,0.026,0,0,,0,,,,0,,,,,1004,1004,0,2,3,0,3,3,1,0,1,9,10,11,1,0,2,0,1,0,133472,0.455,1.132,0.01
393,1.749,0,0.001,0.035,0.029,0,0,,0,,,,0,,,,,1004,1004,0,2,3,0,3,3,1,0,1,9,10,11,1,0,2,0,1,0,133472,0.394,1.032,0.01
394,1.707,0,0,0.035,0.023,0,0,,0,,,,0,,,,,1004,1004,0,2,3,0,3,3,1,0,1,9,10,11,1,0,2,0,1,0,133472,0.405,0.986,0.01
395,1.835,0,0,0.046,0.031,0,0,,0,,,,0,,,,,1004,1004,0,2,3,0,3,3,1,0,1,9,10,11,1,0,2,0,1,0,133472,0.436,1.042,0.01
396,1.943,0,0,0.033,0.08,0,0,,0,,,,0,,,,,1004,1004,0,2,3,0,3,3,1,0,1,9,10,11,1,0,2,0,1,0,133472,0.44,1.135,0.011
397,2.051,0.001,0,0.068,0.06,0,0,,0,,,,0,,,,,1004,1004,0,2,3,0,3,3,1,0,1,9,10,11,1,0,2,0,1,0,133472,0.407,1.148,0.012
398,1.794,0.001,0,0.044,0.037,0,0,,0,,,,0,,,,,1004,1004,0,2,3,0,3,3,1,0,1,9,10,11,1,0,2,0,1,0,133472,0.413,1.005,0.01
399,2.004,0,0,0.038,0.075,0,0,,0,,,,0,,,,,1004,1004,0,2,3,0,3,3,1,0,1,9,10,11,1,0,2,0,1,0,133472,0.393,1.153,0.02
400,2.643,0.001,0,0.093,0.047,0,0,,0,,,,0,,,,,1004,1004,0,2,3,0,3,3,1,0,1,9,10,11,1,0,2,0,1,0,133472,0.529,1.497,0.018
401,2.616,0.001,0,0.062,0.051,0,0,,0,,,,0,,,,,1004,1004,0,2,3,0,3,3,1,0,1,9,10,11,1,0,2,0,1,0,133472,0.901,1.193,0.017
402,1.856,0.001,0.001,0.054,0.027,0,0,,0,,,,0,,,,,1004,1004,0,2,3,0,3,3,1,0,1,9,10,11,1,0,2,0,1,0,133472,0.405,1.059,0.011
403,1.928,0.278,0,0.04,0.033,0,0,,0,,,,0,,,,,1004,1004,0,2,3,0,3,3,1,0,1,9,10,11,1,0,2,0,1,0,133472,0.331,0.979,0.011
404,3.326,1.438,0.001,0.072,0.043,0,0,,0,,,,0,,,,,1004,1004,0,2,3,0,3,3,1,0,1,9,10,11,1,0,2,0,1,0,133472,0.383,1.023,0.01
405,2.247,0.677,0.001,0.074,0.023,0,0,,0,,,,0,,,,,1004,1004,0,2,3,0,3,3,1,0,1,9,10,11,1,0,2,0,1,0,133472,0.301,0.801,0.007
406,3.578,1.043,0,0.065,0.053,0,0,,0,,,,0,,,,,1004,1004,0,2,3,0,3,3,1,0,1,9,10,11,1,0,2,0,1,0,133472,0.579,1.486,0.023
407,2.011,0.001,0.001,0.053,0.033,0,0,,0,,,,0,,,,,1004,1004,0,2,3,0,3,3,1,0,1,9,10,11,1,0,2,0,1,0,133472,0.441,1.155,0.011
408,1.683,0,0,0.029,0.035,0,0,,0,,,,0,,,,,1004,1004,0,2,3,0,3,3,1,0,1,9,10,11,1,0,2,0,1,0,133472,0.383,0.994,0.009
409,1.603,0,0,0.031,0.027,0,0,,0,,,,0,,,,,1004,1004,0,2,3,0,3,3,1,0,1,9,10,11,1,0,2,0,1,0,133472,0.391,0.901,0.008
410,1.637,0,0,0.026,0.028,0,0,,0,,,,0,,,,,1004,1004,0,2,3,0,3,3,1,0,1,9,10,11,1,0,2,0,1,0,133472,0.361,0.982,0.009
411,1.773,0.001,0,0.031,0.021,0,0,,0,,,,0,,,,,1004,1004,0,2,3,0,3,3,1,0,1,9,10,11,1,0,2,0,1,0,133472,0.369,1.088,0.01
412,1.685,0.101,0,0.034,0.027,0,0,,0,,,,0,,,,,1004,1004,0,2,3,0,3,3,1,0,1,9,10,11,1,0,2,0,1,0,133472,0.362,0.899,0.007
413,1.482,0,0,0.025,0.026,0,0,,0,,,,0,,,,,1004,1004,0,2,3,0,3,3,1,0,1,9,10,11,1,0,2,0,1,0,133472,0.323,0.884,0.009
414,1.709,0.097,0,0.086,0.037,0,0,,0,,,,0,,,,,1004,1004,0,2,3,0,3,3,1,0,1,9,10,11,1,0,2,0,1,0,133472,0.404,0.742,0.01
415,2.201,0.001,0,0.031,0.059,0,0,,0,,,,0,,,,,1004,1004,0,2,3,0,3,3,1,0,1,9,10,11,1,0,2,0,1,0,133472,0.525,1.22,0.019
416,1.876,0.001,0.001,0.078,0.043,0,0,,0,,,,0,,,,,1004,1004,0,2,3,0,3,3,1,0,1,9,10,11,1,0,2,0,1,0,133472,0.459,0.959,0.01
417,1.545,0.001,0,0.032,0.023,0,0,,0,,,,0,,,,,1004,1004,0,2,3,0,3,3,1,0,1,9,10,11,1,0,2,0,1,0,133472,0.386,0.879,0.008
418,1.513,0,0,0.027,0.028,0,0,,0,,,,0,,,,,1004,1004,0,2,3,0,3,3,1,0,1,9,10,11,1,0,2,0,1,0,133472,0.351,0.895,0.007
419,1.531,0,0,0.03,0.024,0,0,,0,,,,0,,,,,1004,1004,0,2,3,0,3,3,1,0,1,9,10,11,1,0,2,0,1,0,133472,0.405,0.848,0.007
420,1.622,0,0,0.026,0.034,0,0,,1,750,232153088,288890880,1,71217344,71217344,167755776,38823561584,1004,1004,0,2,3,0,3,3,1,0,1,9,10,11,1,0,2,0,1,0,133472,0.332,1.013,0.01
421,1.695,0.001,0,0.037,0.026,0,0,,0,,,,0,,,,,1004,1004,0,2,3,0,3,3,1,0,1,9,10,11,1,0,2,0,1,0,133472,0.398,0.955,0.008
422,1.8,0.187,0,0.039,0.034,0,0,,0,,,,0,,,,,1004,1004,0,2,3,0,3,3,1,0,1,9,10,11,1,0,2,0,1,0,133472,0.321,0.956,0.011
423,1.75,0,0,0.032,0.029,0,0,,0,,,,0,,,,,1004,1004,0,2,3,0,3,3,1,0,1,9,10,11,1,0,2,0,1,0,133472,0.376,1.05,0.01
424,2.152,0,0.001,0.032,0.063,0,0,,0,,,,0,,,,,1004,1004,0,2,3,0,3,3,1,0,1,9,10,11,1,0,2,0,1,0,133472,0.375,1.338,0.025
425,2.625,0.002,0,0.07,0.056,0,0,,0,,,,0,,,,,1004,1004,0,2,3,0,3,3,1,0,1,9,10,11,1,0,2,0,1,0,133472,0.632,1.374,0.021
426,2.6,0,0,0.071,0.044,0,0,,0,,,,0,,,,,1004,1004,0,2,3,0,3,3,1,0,1,9,10,11,1,0,2,0,1,0,133472,0.613,1.37,0.016
427,2.04,0.001,0.001,0.045,0.034,0,0,,0,,,,0,,,,,1004,1004,0,2,3,0,3,3,1,0,1,9,10,11,1,0,2,0,1,0,133472,0.436,1.186,0.015
428,2.081,0.001,0.001,0.04,0.037,0,0,,0,,,,0,,,,,1004,1004,0,2,3,0,3,3,1,0,1,9,10,11,1,0,2,0,1,0,133472,0.451,1.217,0.014
429,2.404,0,0,0.037,0.035,0,0,,0,,,,0,,,,,1004,1004,0,2,3,0,3,3,1,0,1,9,10,11,1,0,2,0,1,0,133472,0.479,1.502,0.017
430,1.636,0,0,0.056,0.033,0,0,,0,,,,0,,,,,1004,1004,0,2,3,0,3,3,1,0,1,9,10,11,1,0,2,0,1,0,133472,0.421,0.756,0.009
431,1.202,0.001,0,0.035,0.026,0,0,,0,,,,0,,,,,1004,1004,0,2,3,0,3,3,1,0,1,9,10,11,1,0,2,0,1,0,133472,0.279,0.67,0.006
432,2.607,0.341,0,0.061,0.045,0,0,,0,,,,0,,,,,1004,1004,0,2,3,0,3,3,1,0,1,9,10,11,1,0,2,0,1,0,133472,0.361,1.376,0.015
433,1.993,0.282,0,0.056,0.029,0,0,,0,,,,0,,,,,1004,1004,0,2,3,0,3,3,1,0,1,9,10,11,1,0,2,0,1,0,133472,0.442,0.848,0.007
434,2.791,1.57,0,0.09,0.03,0,0,,0,,,,0,,,,,1004,1004,0,2,3,0,3,3,1,0,1,9,10,11,1,0,2,0,1,0,133472,0.261,0.551,0.006
435,2.075,1.03,0,0.039,0.025,0,0,,0,,,,0,,,,,1004,1004,0,2,3,0,3,3,1,0,1,9,10,11,1,0,2,0,1,0,133472,0.228,0.576,0.004
436,1.743,0.54,0,0.075,0.021,0,0,,0,,,,0,,,,,1004,1004,0,2,3,0,3,3,1,0,1,9,10,11,1,0,2,0,1,0,133472,0.27,0.611,0.004
437,1.694,0.357,0,0.062,0.037,0,0,,0,,,,0,,,,,1004,1004,0,2,3,0,3,3,1,0,1,9,10,11,1,0,2,0,1,0,133472,0.272,0.708,0.008
438,3.349,0.672,0.001,0.073,0.06,0,0,,0,,,,0,,,,,1004,1004,0,2,3,0,3,3,1,0,1,9,10,11,1,0,2,0,1,0,133472,0.56,1.54,0.035
439,2.379,0.001,0,0.065,0.055,0,0,,0,,,,0,,,,,1004,1004,0,2,3,0,3,3,1,0,1,9,10,11,1,0,2,0,1,0,133472,0.404,1.505,0.027
440,1.802,0.046,0.001,0.074,0.038,0,0,,0,,,,0,,,,,1004,1004,0,2,3,0,3,3,1,0,1,9,10,11,1,0,2,0,1,0,133472,0.452,0.875,0.009
441,3.148,0.96,0,0.112,0.056,0,0,,0,,,,0,,,,,1004,1004,0,2,3,0,3,3,1,0,1,9,10,11,1,0,2,0,1,0,133472,0.459,1.16,0.015
442,2.631,0.986,0.001,0.122,0.034,0,0,,0,,,,0,,,,,1004,1004,0,2,3,0,3,3,1,0,1,9,10,11,1,0,2,0,1,0,133472,0.327,0.82,0.009
443,3.472,0.829,0,0.072,0.048,0,0,,0,,,,0,,,,,1004,1004,0,2,3,0,3,3,1,0,1,9,10,11,1,0,2,0,1,0,133472,0.441,1.322,0.016
444,2.71,0.776,0.001,0.056,0.069,0,0,,0,,,,0,,,,,1004,1004,0,2,3,0,3,3,1,0,1,9,10,11,1,0,2,0,1,0,133472,0.38,1.105,0.014
445,3.087,0.5,0,0.052,0.071,0,0,,0,,,,0,,,,,1004,1004,0,2,3,0,3,3,1,0,1,9,10,11,1,0,2,0,1,0,133472,0.439,1.606,0.022
446,5.074,3.154,0,0.056,0.051,0,0,,0,,,,0,,,,,1004,1004,0,2,3,0,3,3,1,0,1,9,10,11,1,0,2,0,1,0,133472,0.389,1.041,0.014
447,7.623,5.934,0,0.055,0.065,0,0,,0,,,,0,,,,,1004,1004,0,2,3,0,3,3,1,0,1,9,10,11,1,0,2,0,1,0,133472,0.348,0.885,0.011
448,1.958,0.001,0,0.041,0.041,0,0,,0,,,,0,,,,,1004,1004,0,2,3,0,3,3,1,0,1,9,10,11,1,0,2,0,1,0,133472,0.466,1.114,0.015
449,2.378,0,0,0.052,0.058,0,0,,0,,,,0,,,,,1004,1004,0,2,3,0,3,3,1,0,1,9,10,11,1,0,2,0,1,0,133472,0.471,1.412,0.02
450,2.535,0.001,0,0.058,0.042,0,0,,1,828.125,232161280,288890880,1,71217344,71217344,167755776,38823561584,1004,1004,0,2,3,0,3,3,1,0,1,9,10,11,1,0,2,0,1,0,133472,0.486,1.253,0.012
451,1.893,0,0.001,0.04,0.034,0,0,,0,,,,0,,,,,1004,1004,0,2,3,0,3,3,1,0,1,9,10,11,1,0,2,0,1,0,133472,0.433,1.1,0.01
452,2.106,0,0,0.039,0.037,0,0,,0,,,,0,,,,,1004,1004,0,2,3,0,3,3,1,0,1,9,10,11,1,0,2,0,1,0,133472,0.427,1.312,0.011
453,2.347,0,0,0.05,0.055,0,0,,0,,,,0,,,,,1004,1004,0,2,3,0,3,3,1,0,1,9,10,11,1,0,2,0,1,0,133472,0.583,1.32,0.018
454,2.159,0.001,0,0.057,0.034,0,0,,0,,,,0,,,,,1004,1004,0,2,3,0,3,3,1,0,1,9,10,11,1,0,2,0,1,0,133472,0.437,1.329,0.01
455,2.58,0.912,0,0.048,0.049,0,0,,0,,,,0,,,,,1004,1004,0,2,3,0,3,3,1,0,1,9,10,11,1,0,2,0,1,0,133472,0.342,0.94,0.01
456,1.863,0.001,0,0.028,0.031,0,0,,0,,,,0,,,,,1004,1004,0,2,3,0,3,3,1,0,1,9,10,11,1,0,2,0,1,0,133472,0.379,1.163,0.012
457,2.099,0,0,0.035,0.032,0,0,,0,,,,0,,,,,1004,1004,0,2,3,0,3,3,1,0,1,9,10,11,1,0,2,0,1,0,133472,0.461,1.268,0.01
458,1.839,0.001,0,0.034,0.025,0,0,,0,,,,0,,,,,1004,1004,0,2,3,0,3,3,1,0,1,9,10,11,1,0,2,0,1,0,133472,0.42,1.086,0.008
459,1.818,0.001,0,0.03,0.024,0,0,,0,,,,0,,,,,1004,1004,0,2,3,0,3,3,1,0,1,9,10,11,1,0,2,0,1,0,133472,0.408,1.109,0.009
460,1.536,0,0,0.032,0.023,0,0,,0,,,,0,,,,,1004,1004,0,2,3,0,3,3,1,0,1,9,10,11,1,0,2,0,1,0,133472,0.382,0.865,0.006
461,1.978,0.377,0,0.097,0.175,0,0,,0,,,,0,,,,,1004,1004,0,2,3,0,3,3,1,0,1,9,10,11,1,0,2,0,1,0,133472,0.293,0.765,0.007
462,3.224,1.623,0,0.12,0.041,0,0,,0,,,,0,,,,,1004,1004,0,2,3,0,3,3,1,0,1,9,10,11,1,0,2,0,1,0,133472,0.305,0.812,0.009
463,2.365,0.885,0,0.054,0.037,0,0,,0,,,,0,,,,,1004,1004,0,2,3,0,3,3,1,0,1,9,10,11,1,0,2,0,1,0,133472,0.342,0.792,0.008
464,2.701,1.074,0,0.046,0.046,0,0,,0,,,,0,,,,,1004,1004,0,2,3,0,3,3,1,0,1,9,10,11,1,0,2,0,1,0,133472,0.371,0.856,0.013
465,3.628,1.241,0,0.05,0.054,0,0,,0,,,,0,,,,,1004,1004,0,2,3,0,3,3,1,0,1,9,10,11,1,0,2,0,1,0,133472,0.461,1.34,0.017
466,2.781,0.762,0.001,0.046,0.056,0,0,,0,,,,0,,,,,1004,1004,0,2,3,0,3,3,1,0,1,9,10,11,1,0,2,0,1,0,133472,0.482,0.833,0.009
467,2.094,0.627,0.001,0.138,0.028,0,0,,0,,,,0,,,,,1004,1004,0,2,3,0,3,3,1,0,1,9,10,11,1,0,2,0,1,0,133472,0.318,0.658,0.008
468,3.771,2.022,0.001,0.16,0.048,0,0,,0,,,,0,,,,,1004,1004,0,2,3,0,3,3,1,0,1,9,10,11,1,0,2,0,1,0,133472,0.403,0.853,0.009
469,2.388,0.698,0,0.048,0.069,0,0,,0,,,,0,,,,,1004,1004,0,2,3,0,3,3,1,0,1,9,10,11,1,0,2,0,1,0,133472,0.346,0.922,0.026
470,2.038,0.001,0,0.063,0.043,0,0,,0,,,,0,,,,,1004,1004,0,2,3,0,3,3,1,0,1,9,10,11,1,0,2,0,1,0,133472,0.444,1.164,0.012
471,1.691,0,0.001,0.052,0.037,0,0,,0,,,,0,,,,,1004,1004,0,2,3,0,3,3,1,0,1,9,10,11,1,0,2,0,1,0,133472,0.425,0.858,0.013
472,1.147,0,0,0.037,0.017,0,0,,0,,,,0,,,,,1004,1004,0,2,3,0,3,3,1,0,1,9,10,11,1,0,2,0,1,0,133472,0.313,0.591,0.004
473,1.398,0.316,0,0.03,0.03,0,0,,0,,,,0,,,,,1004,1004,0,2,3,0,3,3,1,0,1,9,10,11,1,0,2,0,1,0,133472,0.271,0.58,0.006
474,2.152,0.55,0,0.17,0.046,0,0,,0,,,,0,,,,,1004,1004,0,2,3,0,3,3,1,0,1,9,10,11,1,0,2,0,1,0,133472,0.337,0.605,0.012
475,1.309,0.001,0,0.068,0.023,0,0,,0,,,,0,,,,,1004,1004,0,2,3,0,3,3,1,0,1,9,10,11,1,0,2,0,1,0,133472,0.3,0.676,0.006
476,1.752,0.259,0.001,0.108,0.023,0,0,,0,,,,0,,,,,1004,1004,0,2,3,0,3,3,1,0,1,9,10,11,1,0,2,0,1,0,133472,0.29,0.761,0.006
477,2.119,0.702,0.001,0.123,0.03,0,0,,0,,,,0,,,,,1004,1004,0,2,3,0,3,3,1,0,1,9,10,11,1,0,2,0,1,0,133472,0.321,0.652,0.006
478,1.403,0.151,0,0.12,0.028,0,0,,0,,,,0,,,,,1004,1004,0,2,3,0,3,3,1,0,1,9,10,11,1,0,2,0,1,0,133472,0.303,0.551,0.004
479,2.024,0.35,0.001,0.117,0.038,0,0,,0,,,,0,,,,,1004,1004,0,2,3,0,3,3,1,0,1,9,10,11,1,0,2,0,1,0,133472,0.273,0.945,0.014
480,1.825,0.001,0.001,0.059,0.03,0,0,,1,890.625,232226816,288890880,1,71217344,71217344,167755776,38823561584,1004,1004,0,2,3,0,3,3,1,0,1,9,10,11,1,0,2,0,1,0,133472,0.4,1.017,0.024
481,1.419,0,0.001,0.073,0.021,0,0,,0,,,,0,,,,,1004,1004,0,2,3,0,3,3,1,0,1,9,10,11,1,0,2,0,1,0,133472,0.36,0.762,0.006
482,2.23,0.361,0,0.086,0.033,0,0,,0,,,,0,,,,,1004,1004,0,2,3,0,3,3,1,0,1,9,10,11,1,0,2,0,1,0,133472,0.311,1.09,0.034
483,1.458,0.001,0,0.113,0.026,0,0,,0,,,,0,,,,,1004,1004,0,2,3,0,3,3,1,0,1,9,10,11,1,0,2,0,1,0,133472,0.346,0.767,0.005
484,1.135,0.001,0,0.029,0.021,0,0,,0,,,,0,,,,,1004,1004,0,2,3,0,3,3,1,0,1,9,10,11,1,0,2,0,1,0,133472,0.269,0.655,0.004
485,1.808,0.491,0,0.033,0.032,0,0,,0,,,,0,,,,,1004,1004,0,2,3,0,3,3,1,0,1,9,10,11,1,0,2,0,1,0,133472,0.32,0.75,0.005
486,2.006,0.235,0,0.082,0.034,0,0,,0,,,,0,,,,,1004,1004,0,2,3,0,3,3,1,0,1,9,10,11,1,0,2,0,1,0,133472,0.423,0.871,0.009
487,3.152,1.718,0,0.093,0.032,0,0,,0,,,,0,,,,,1004,1004,0,2,3,0,3,3,1,0,1,9,10,11,1,0,2,0,1,0,133472,0.287,0.685,0.007
488,3.097,1.281,0,0.109,0.031,0,0,,0,,,,0,,,,,1004,1004,0,2,3,0,3,3,1,0,1,9,10,11,1,0,2,0,1,0,133472,0.391,0.965,0.023
489,2.382,0.767,0,0.093,0.04,0,0,,0,,,,0,,,,,1004,1004,0,2,3,0,3,3,1,0,1,9,10,11,1,0,2,0,1,0,133472,0.278,0.876,0.034
490,2.439,1.054,0,0.045,0.03,0,0,,0,,,,0,,,,,1004,1004,0,2,3,0,3,3,1,0,1,9,10,11,1,0,2,0,1,0,133472,0.365,0.695,0.006
491,2.598,1.147,0,0.127,0.029,0,0,,0,,,,0,,,,,1004,1004,0,2,3,0,3,3,1,0,1,9,10,11,1,0,2,0,1,0,133472,0.373,0.653,0.006
492,3.055,1.896,0,0.09,0.026,0,0,,0,,,,0,,,,,1004,1004,0,2,3,0,3,3,1,0,1,9,10,11,1,0,2,0,1,0,133472,0.31,0.536,0.005
493,2.19,1.054,0,0.106,0.021,0,0,,0,,,,0,,,,,1004,1004,0,2,3,0,3,3,1,0,1,9,10,11,1,0,2,0,1,0,133472,0.244,0.57,0.005
494,1.992,0.37,0,0.045,0.031,0,0,,0,,,,0,,,,,1004,1004,0,2,3,0,3,3,1,0,1,9,10,11,1,0,2,0,1,0,133472,0.41,0.809,0.028
495,1.814,0.001,0,0.093,0.05,0,0,,0,,,,0,,,,,1004,1004,0,2,3,0,3,3,1,0,1,9,10,11,1,0,2,0,1,0,133472,0.388,0.891,0.042
496,4.176,0.001,0,0.046,0.101,0,0,,0,,,,0,,,,,1004,1004,0,2,3,0,3,3,1,0,1,9,10,11,1,0,2,0,1,0,133472,1.329,2.283,0.026
497,4.22,0.001,0,0.094,0.106,0,0,,0,,,,0,,,,,1004,1004,0,2,3,0,3,3,1,0,1,9,10,11,1,0,2,0,1,0,133472,0.949,2.385,0.021
498,3.668,0.001,0.001,0.086,0.056,0,0,,0,,,,0,,,,,1004,1004,0,2,3,0,3,3,1,0,1,9,10,11,1,0,2,0,1,0,133472,0.92,2.059,0.017
499,3.374,0,0,0.062,0.058,0,0,,0,,,,0,,,,,1004,1004,0,2,3,0,3,3,1,0,1,9,10,11,1,0,2,0,1,0,133472,0.721,2.03,0.02
500,3.416,0.001,0,0.07,0.051,0,0,,0,,,,0,,,,,1004,1004,0,2,3,0,3,3,1,0,1,9,10,11,1,0,2,0,1,0,133472,0.758,2.016,0.02
501,1.828,0.002,0,0.065,0.039,0,0,,0,,,,0,,,,,1004,1004,0,2,3,0,3,3,1,0,1,9,10,11,1,0,2,0,1,0,133472,0.412,0.967,0.01
502,1.639,0.001,0,0.041,0.028,0,0,,0,,,,0,,,,,1004,1004,0,2,3,0,3,3,1,0,1,9,10,11,1,0,2,0,1,0,133472,0.381,0.961,0.006
503,1.528,0.001,0,0.038,0.025,0,0,,0,,,,0,,,,,1004,1004,0,2,3,0,3,3,1,0,1,9,10,11,1,0,2,0,1,0,133472,0.361,0.891,0.005
504,1.434,0,0,0.036,0.024,0,0,,0,,,,0,,,,,1004,1004,0,2,3,0,3,3,1,0,1,9,10,11,1,0,2,0,1,0,133472,0.325,0.864,0.006
505,3.306,1.499,0,0.071,0.051,0,0,,0,,,,0,,,,,1004,1004,0,2,3,0,3,3,1,0,1,9,10,11,1,0,2,0,1,0,133472,0.424,0.89,0.011
506,2.294,0.593,0,0.045,0.041,0,0,,0,,,,0,,,,,1004,1004,0,2,3,0,3,3,1,0,1,9,10,11,1,0,2,0,1,0,133472,0.33,1.002,0.013
507,3.098,0.835,0.001,0.065,0.082,0,0,,0,,,,0,,,,,1004,1004,0,2,3,0,3,3,1,0,1,9,10,11,1,0,2,0,1,0,133472,0.465,0.832,0.303
508,1.524,0.056,0,0.057,0.037,0,0,,0,,,,0,,,,,1004,1004,0,2,3,0,3,3,1,0,1,9,10,11,1,0,2,0,1,0,133472,0.324,0.797,0.007
509,3.139,1.651,0.001,0.073,0.026,0,0,,0,,,,0,,,,,1004,1004,0,2,3,0,3,3,1,0,1,9,10,11,1,0,2,0,1,0,133472,0.329,0.721,0.007
510,2.314,0.869,0,0.077,0.037,0,0,,1,968.75,232226816,288890880,1,71217344,71217344,167755776,38823561584,1004,1004,0,2,3,0,3,3,1,0,1,9,10,11,1,0,2,0,1,0,133472,0.323,0.733,0.008
511,3.835,2.223,0,0.053,0.078,0,0,,0,,,,0,,,,,1004,1004,0,2,3,0,3,3,1,0,1,9,10,11,1,0,2,0,1,0,133472,0.346,0.803,0.011
512,4.816,0.723,0,0.048,0.099,0,0,,0,,,,0,,,,,1004,1004,0,2,3,0,3,3,1,0,1,9,10,11,1,0,2,0,1,0,133472,1.353,2.009,0.058
513,4.101,0.002,0.001,0.117,0.08,0,0,,0,,,,0,,,,,1004,1004,0,2,3,0,3,3,1,0,1,9,10,11,1,0,2,0,1,0,133472,0.868,2.329,0.027
514,4.079,0.001,0.001,0.08,0.063,0,0,,0,,,,0,,,,,1004,1004,0,2,3,0,3,3,1,0,1,9,10,11,1,0,2,0,1,0,133472,0.822,2.527,0.025
515,2.618,0,0.001,0.08,0.028,0,0,,0,,,,0,,,,,1004,1004,0,2,3,0,3,3,1,0,1,9,10,11,1,0,2,0,1,0,133472,0.812,1.195,0.011
516,3.727,1.129,0.001,0.067,0.09,0,0,,0,,,,0,,,,,1004,1004,0,2,3,0,3,3,1,0,1,9,10,11,1,0,2,0,1,0,133472,0.427,1.562,0.027
517,3.145,0.002,0,0.078,0.083,0,0,,0,,,,0,,,,,1004,1004,0,2,3,0,3,3,1,0,1,9,10,11,1,0,2,0,1,0,133472,0.679,1.627,0.024
518,2.173,0.001,0.001,0.055,0.053,0,0,,0,,,,0,,,,,1004,1004,0,2,3,0,3,3,1,0,1,9,10,11,1,0,2,0,1,0,133472,0.505,1.172,0.014
519,4.712,2.345,0,0.051,0.067,0,0,,0,,,,0,,,,,1004,1004,0,2,3,0,3,3,1,0,1,9,10,11,1,0,2,0,1,0,133472,0.557,1.303,0.02
520,2.208,0.001,0.001,0.05,0.053,0,0,,0,,,,0,,,,,1004,1004,0,2,3,0,3,3,1,0,1,9,10,11,1,0,2,0,1,0,133472,0.533,1.204,0.016
521,9.295,7.128,0.001,0.079,0.053,0,0,,0,,,,0,,,,,1004,1004,0,2,3,0,3,3,1,0,1,9,10,11,1,0,2,0,1,0,133472,0.501,1.092,0.021
522,6.398,4.421,0,0.055,0.053,0,0,,0,,,,0,,,,,1004,1004,0,2,3,0,3,3,1,0,1,9,10,11,1,0,2,0,1,0,133472,0.376,1.085,0.022
523,3.548,1.832,0,0.048,0.05,0,0,,0,,,,0,,,,,1004,1004,0,2,3,0,3,3,1,0,1,9,10,11,1,0,2,0,1,0,133472,0.343,0.949,0.017
524,2.984,0.469,0,0.048,0.068,0,0,,0,,,,0,,,,,1004,1004,0,2,3,0,3,3,1,0,1,9,10,11,1,0,2,0,1,0,133472,0.512,1.455,0.027
525,2.414,0.002,0,0.071,0.049,0,0,,0,,,,0,,,,,1004,1004,0,2,3,0,3,3,1,0,1,9,10,11,1,0,2,0,1,0,133472,0.507,1.189,0.022
526,2.229,0.343,0.001,0.053,0.051,0,0,,0,,,,0,,,,,1004,1004,0,2,3,0,3,3,1,0,1,9,10,11,1,0,2,0,1,0,133472,0.403,1.049,0.012
527,1.92,0,0.001,0.061,0.043,0,0,,0,,,,0,,,,,1004,1004,0,2,3,0,3,3,1,0,1,9,10,11,1,0,2,0,1,0,133472,0.443,1.074,0.012
528,2.018,0,0.001,0.056,0.028,0,0,,0,,,,0,,,,,1004,1004,0,2,3,0,3,3,1,0,1,9,10,11,1,0,2,0,1,0,133472,0.479,1.159,0.01
529,4.034,2.041,0,0.051,0.061,0,0,,0,,,,0,,,,,1004,1004,0,2,3,0,3,3,1,0,1,9,10,11,1,0,2,0,1,0,133472,0.419,1.111,0.015
530,2.096,0.001,0.001,0.053,0.041,0,0,,0,,,,0,,,,,1004,1004,0,2,3,0,3,3,1,0,1,9,10,11,1,0,2,0,1,0,133472,0.461,1.232,0.015
531,4.563,0.353,0.001,0.097,0.091,0,0,,0,,,,0,,,,,1004,1004,0,2,3,0,3,3,1,0,1,9,10,11,1,0,2,0,1,0,133472,0.735,2.568,0.033
532,4.185,0.001,0,0.077,0.064,0,0,,0,,,,0,,,,,1004,1004,0,2,3,0,3,3,1,0,1,9,10,11,1,0,2,0,1,0,133472,0.901,2.52,0.022
533,2.606,0,0.001,0.082,0.034,0,0,,0,,,,0,,,,,1004,1004,0,2,3,0,3,3,1,0,1,9,10,11,1,0,2,0,1,0,133472,0.612,1.436,0.01
534,2.686,0,0,0.047,0.047,0,0,,0,,,,0,,,,,1004,1004,0,2,3,0,3,3,1,0,1,9,10,11,1,0,2,0,1,0,133472,0.573,1.638,0.015
535,2.83,0,0,0.049,0.075,0,0,,0,,,,0,,,,,1004,1004,0,2,3,0,3,3,1,0,1,9,10,11,1,0,2,0,1,0,133472,0.57,1.738,0.018
536,3.398,0,0.001,0.058,0.071,0,0,,0,,,,0,,,,,1004,1004,0,2,3,0,3,3,1,0,1,9,10,11,1,0,2,0,1,0,133472,0.803,1.876,0.025
537,2.595,0.001,0,0.066,0.055,0,0,,0,,,,0,,,,,1004,1004,0,2,3,0,3,3,1,0,1,9,10,11,1,0,2,0,1,0,133472,0.695,1.29,0.016
538,2.179,0.001,0,0.064,0.037,0,0,,0,,,,0,,,,,1004,1004,0,2,3,0,3,3,1,0,1,9,10,11,1,0,2,0,1,0,133472,0.54,1.209,0.012
539,2.006,0,0,0.041,0.04,0,0,,0,,,,0,,,,,1004,1004,0,2,3,0,3,3,1,0,1,9,10,11,1,0,2,0,1,0,133472,0.386,1.235,0.012
540,3.432,1.444,0,0.072,0.043,0,0,,1,1031.25,232226816,288890880,1,71217344,71217344,167755776,38823561584,1004,1004,0,2,3,0,3,3,1,0,1,9,10,11,1,0,2,0,1,0,133472,0.421,1.104,0.013
541,2.88,0.924,0.001,0.05,0.084,0,0,,0,,,,0,,,,,1004,1004,0,2,3,0,3,3,1,0,1,9,10,11,1,0,2,0,1,0,133472,0.327,1.181,0.021
542,3.05,0.001,0,0.07,0.065,0,0,,0,,,,0,,,,,1004,1004,0,2,3,0,3,3,1,0,1,9,10,11,1,0,2,0,1,0,133472,0.643,1.769,0.026
543,2.478,0,0,0.062,0.043,0,0,,0,,,,0,,,,,1004,1004,0,2,3,0,3,3,1,0,1,9,10,11,1,0,2,0,1,0,133472,0.626,1.294,0.016
544,1.957,0.001,0,0.047,0.039,0,0,,0,,,,0,,,,,1004,1004,0,2,3,0,3,3,1,0,1,9,10,11,1,0,2,0,1,0,133472,0.442,1.102,0.013
545,2.187,0,0,0.06,0.034,0,0,,0,,,,0,,,,,1004,1004,0,2,3,0,3,3,1,0,1,9,10,11,1,0,2,0,1,0,133472,0.415,1.385,0.016
546,2.45,0,0,0.073,0.035,0,0,,0,,,,0,,,,,1004,1004,0,2,3,0,3,3,1,0,1,9,10,11,1,0,2,0,1,0,133472,0.566,1.429,0.015
547,3.533,1.974,0,0.048,0.055,0,0,,0,,,,0,,,,,1004,1004,0,2,3,0,3,3,1,0,1,9,10,11,1,0,2,0,1,0,133472,0.309,0.873,0.011
548,11.995,9.747,0,0.08,0.078,0,0,,0,,,,0,,,,,1004,1004,0,2,3,0,3,3,1,0,1,9,10,11,1,0,2,0,1,0,133472,0.443,1.185,0.025
549,2.39,0.002,0.001,0.057,0.377,0,0,,0,,,,0,,,,,1004,1004,0,2,3,0,3,3,1,0,1,9,10,11,1,0,2,0,1,0,133472,0.429,1.118,0.019
550,2.915,0.001,0,0.068,0.063,0,0,,0,,,,0,,,,,1004,1004,0,2,3,0,3,3,1,0,1,9,10,11,1,0,2,0,1,0,133472,0.606,1.662,0.027
551,2.324,0.001,0.001,0.064,0.035,0,0,,0,,,,0,,,,,1004,1004,0,2,3,0,3,3,1,0,1,9,10,11,1,0,2,0,1,0,133472,0.541,1.228,0.019
552,5.174,3.038,0,0.053,0.066,0,0,,0,,,,0,,,,,1004,1004,0,2,3,0,3,3,1,0,1,9,10,11,1,0,2,0,1,0,133472,0.524,1.109,0.016
553,2.941,0.834,0,0.056,0.061,0,0,,0,,,,0,,,,,1004,1004,0,2,3,0,3,3,1,0,1,9,10,11,1,0,2,0,1,0,133472,0.411,1.217,0.016
554,4.529,2.178,0,0.051,0.072,0,0,,0,,,,0,,,,,1004,1004,0,2,3,0,3,3,1,0,1,9,10,11,1,0,2,0,1,0,133472,0.359,1.484,0.022
555,2.946,0.001,0,0.052,0.067,0,0,,0,,,,0,,,,,1004,1004,0,2,3,0,3,3,1,0,1,9,10,11,1,0,2,0,1,0,133472,0.681,1.598,0.028
556,2.875,0.86,0.001,0.097,0.033,0,0,,0,,,,0,,,,,1004,1004,0,2,3,0,3,3,1,0,1,9,10,11,1,0,2,0,1,0,133472,0.569,0.896,0.013
557,1.199,0.001,0.001,0.036,0.021,0,0,,0,,,,0,,,,,1004,1004,0,2,3,0,3,3,1,0,1,9,10,11,1,0,2,0,1,0,133472,0.298,0.661,0.005
558,2.138,0.477,0,0.089,0.022,0,0,,0,,,,0,,,,,1004,1004,0,2,3,0,3,3,1,0,1,9,10,11,1,0,2,0,1,0,133472,0.376,0.779,0.006
559,1.903,0.399,0.001,0.204,0.016,0,0,,0,,,,0,,,,,1004,1004,0,2,3,0,3,3,1,0,1,9,10,11,1,0,2,0,1,0,133472,0.316,0.697,0.005
560,3.539,1.385,0.001,0.162,0.051,0,0,,0,,,,0,,,,,1004,1004,0,2,3,0,3,3,1,0,1,9,10,11,1,0,2,0,1,0,133472,0.445,1.105,0.016
561,2.506,0,0,0.039,0.061,0,0,,0,,,,0,,,,,1004,1004,0,2,3,0,3,3,1,0,1,9,10,11,1,0,2,0,1,0,133472,0.517,1.504,0.022
562,2.377,0.001,0,0.07,0.038,0,0,,0,,,,0,,,,,1004,1004,0,2,3,0,3,3,1,0,1,9,10,11,1,0,2,0,1,0,133472,0.537,1.268,0.016
563,3.824,0.901,0,0.068,0.125,0,0,,0,,,,0,,,,,1004,1004,0,2,3,0,3,3,1,0,1,9,10,11,1,0,2,0,1,0,133472,0.593,1.538,0.033
564,2.937,0.002,0,0.095,0.067,0,0,,0,,,,0,,,,,1004,1004,0,2,3,0,3,3,1,0,1,9,10,11,1,0,2,0,1,0,133472,0.613,1.637,0.031
565,3.808,0.001,0,0.056,0.079,0,0,,0,,,,0,,,,,1004,1004,0,2,3,0,3,3,1,0,1,9,10,11,1,0,2,0,1,0,133472,0.552,2.604,0.029
566,2.643,0.001,0,0.108,0.048,0,0,,0,,,,0,,,,,1004,1004,0,2,3,0,3,3,1,0,1,9,10,11,1,0,2,0,1,0,133472,0.434,1.614,0.016
567,2.377,0.002,0,0.062,0.066,0,0,,0,,,,0,,,,,1004,1004,0,2,3,0,3,3,1,0,1,9,10,11,1,0,2,0,1,0,133472,0.597,1.143,0.015
568,5.548,2.243,0.001,0.098,0.074,0,0,,0,,,,0,,,,,1004,1004,0,2,3,0,3,3,1,0,1,9,10,11,1,0,2,0,1,0,133472,0.652,1.8,0.029
569,2.952,0.001,0,0.065,0.047,0,0,,0,,,,0,,,,,1004,1004,0,2,3,0,3,3,1,0,1,9,10,11,1,0,2,0,1,0,133472,0.639,1.635,0.028
570,2.496,0.001,0,0.061,0.037,0,0,,1,1109.375,232226816,288890880,1,71217344,71217344,167755776,38823561584,1004,1004,0,2,3,0,3,3,1,0,1,9,10,11,1,0,2,0,1,0,133472,0.574,1.405,0.018
571,7.739,4.818,0,0.084,0.068,0,0,,0,,,,0,,,,,1004,1004,0,2,3,0,3,3,1,0,1,9,10,11,1,0,2,0,1,0,133472,0.552,1.632,0.028
572,22.015,19.483,0.001,0.081,0.063,0,0,,0,,,,0,,,,,1004,1004,0,2,3,0,3,3,1,0,1,9,10,11,1,0,2,0,1,0,133472,0.633,1.2,0.023
573,4.692,2.458,0,0.055,0.072,0,0,,0,,,,0,,,,,1004,1004,0,2,3,0,3,3,1,0,1,9,10,11,1,0,2,0,1,0,133472,0.419,1.281,0.023
574,3.185,0.191,0.001,0.058,0.078,0,0,,0,,,,0,,,,,1004,1004,0,2,3,0,3,3,1,0,1,9,10,11,1,0,2,0,1,0,133472,0.648,1.709,0.024
575,2.539,0.001,0,0.052,0.033,0,0,,0,,,,0,,,,,1004,1004,0,2,3,0,3,3,1,0,1,9,10,11,1,0,2,0,1,0,133472,0.591,1.502,0.012
576,3.569,1.789,0.001,0.068,0.051,0,0,,0,,,,0,,,,,1004,1004,0,2,3,0,3,3,1,0,1,9,10,11,1,0,2,0,1,0,133472,0.37,0.887,0.01
577,3.483,1.534,0,0.044,0.071,0,0,,0,,,,0,,,,,1004,1004,0,2,3,0,3,3,1,0,1,9,10,11,1,0,2,0,1,0,133472,0.376,1.148,0.012
578,3.431,1.729,0,0.042,0.044,0,0,,0,,,,0,,,,,1004,1004,0,2,3,0,3,3,1,0,1,9,10,11,1,0,2,0,1,0,133472,0.338,0.973,0.011
579,2.372,0.001,0,0.048,0.119,0,0,,0,,,,0,,,,,1004,1004,0,2,3,0,3,3,1,0,1,9,10,11,1,0,2,0,1,0,133472,0.378,1.534,0.015
580,3.582,0.315,0.001,0.075,0.075,0,0,,0,,,,0,,,,,1004,1004,0,2,3,0,3,3,1,0,1,9,10,11,1,0,2,0,1,0,133472,0.728,1.765,0.027
581,3.294,1.537,0,0.056,0.063,0,0,,0,,,,0,,,,,1004,1004,0,2,3,0,3,3,1,0,1,9,10,11,1,0,2,0,1,0,133472,0.381,0.94,0.01
582,3.649,1.311,0.001,0.111,0.051,0,0,,0,,,,0,,,,,1004,1004,0,2,3,0,3,3,1,0,1,9,10,11,1,0,2,0,1,0,133472,0.49,1.237,0.018
583,3.329,0.8,0,0.056,0.073,0,0,,0,,,,0,,,,,1004,1004,0,2,3,0,3,3,1,0,1,9,10,11,1,0,2,0,1,0,133472,0.503,1.413,0.022
584,2.532,0.337,0.001,0.087,0.084,0,0,,0,,,,0,,,,,1004,1004,0,2,3,0,3,3,1,0,1,9,10,11,1,0,2,0,1,0,133472,0.503,1.059,0.018
585,3.152,0.348,0,0.096,0.078,0,0,,0,,,,0,,,,,1004,1004,0,2,3,0,3,3,1,0,1,9,10,11,1,0,2,0,1,0,133472,0.61,1.487,0.022
586,4.157,2.15,0.001,0.05,0.073,0,0,,0,,,,0,,,,,1004,1004,0,2,3,0,3,3,1,0,1,9,10,11,1,0,2,0,1,0,133472,0.424,1.089,0.016
587,2.445,0.381,0,0.05,0.05,0,0,,0,,,,0,,,,,1004,1004,0,2,3,0,3,3,1,0,1,9,10,11,1,0,2,0,1,0,133472,0.442,1.173,0.016
588,3.856,1.424,0.001,0.057,0.087,0,0,,0,,,,0,,,,,1004,1004,0,2,3,0,3,3,1,0,1,9,10,11,1,0,2,0,1,0,133472,0.491,1.288,0.025
589,2.721,0.315,0,0.055,0.084,0,0,,0,,,,0,,,,,1004,1004,0,2,3,0,3,3,1,0,1,9,10,11,1,0,2,0,1,0,133472,0.448,1.389,0.024
590,3.204,0.172,0,0.101,0.06,0,0,,0,,,,0,,,,,1004,1004,0,2,3,0,3,3,1,0,1,9,10,11,1,0,2,0,1,0,133472,0.669,1.57,0.023
591,5.358,2.702,0.001,0.054,0.085,0,0,,0,,,,0,,,,,1004,1004,0,2,3,0,3,3,1,0,1,9,10,11,1,0,2,0,1,0,133472,0.545,1.518,0.025
592,2.73,0.001,0,0.063,0.054,0,0,,0,,,,0,,,,,1004,1004,0,2,3,0,3,3,1,0,1,9,10,11,1,0,2,0,1,0,133472,0.598,1.379,0.018
593,3.914,0.68,0.001,0.063,0.05,0,0,,0,,,,0,,,,,1004,1004,0,2,3,0,3,3,1,0,1,9,10,11,1,0,2,0,1,0,133472,0.653,2.004,0.018
594,2.929,0.279,0,0.058,0.085,0,0,,0,,,,0,,,,,1004,1004,0,2,3,0,3,3,1,0,1,9,10,11,1,0,2,0,1,0,133472,0.392,1.696,0.028
595,3.652,0.438,0.001,0.106,0.066,0,0,,0,,,,0,,,,,1004,1004,0,2,3,0,3,3,1,0,1,9,10,11,1,0,2,0,1,0,133472,0.619,1.874,0.02
596,3.724,1.22,0,0.071,0.061,0,0,,0,,,,0,,,,,1004,1004,0,2,3,0,3,3,1,0,1,9,10,11,1,0,2,0,1,0,133472,0.502,1.438,0.018
597,4.101,2.474,0.001,0.101,0.038,0,0,,0,,,,0,,,,,1004,1004,0,2,3,0,3,3,1,0,1,9,10,11,1,0,2,0,1,0,133472,0.376,0.759,0.009
598,4.431,1.607,0.001,0.13,0.08,0,0,,0,,,,0,,,,,1004,1004,0,2,3,0,3,3,1,0,1,9,10,11,1,0,2,0,1,0,133472,0.524,1.631,0.027
599,2.841,0.003,0.001,0.1,0.067,0,0,,0,,,,0,,,,,1004,1004,0,2,3,0,3,3,1,0,1,9,10,11,1,0,2,0,1,0,133472,0.612,1.53,0.042
600,1.846,0.198,0,0.104,0.04,0,0,,1,1203.125,232226816,288890880,1,71217344,71217344,167755776,38823561584,1004,1004,0,2,3,0,3,3,1,0,1,9,10,11,1,0,2,0,1,0,133472,0.388,0.702,0.008
601,1.537,0.098,0,0.032,0.027,0,0,,0,,,,0,,,,,1004,1004,0,2,3,0,3,3,1,0,1,9,10,11,1,0,2,0,1,0,133472,0.361,0.814,0.007
602,2.922,0.336,0.001,0.139,0.051,0,0,,0,,,,0,,,,,1004,1004,0,2,3,0,3,3,1,0,1,9,10,11,1,0,2,0,1,0,133472,0.499,1.412,0.015
603,2.794,0.001,0,0.054,0.068,0,0,,0,,,,0,,,,,1004,1004,0,2,3,0,3,3,1,0,1,9,10,11,1,0,2,0,1,0,133472,0.46,1.769,0.025
604,2.719,0.001,0.001,0.08,0.06,0,0,,0,,,,0,,,,,1004,1004,0,2,3,0,3,3,1,0,1,9,10,11,1,0,2,0,1,0,133472,0.554,1.534,0.021
605,2.975,0,0,0.079,0.067,0,0,,0,,,,0,,,,,1004,1004,0,2,3,0,3,3,1,0,1,9,10,11,1,0,2,0,1,0,133472,0.605,1.714,0.03
606,2.469,0.001,0.001,0.121,0.032,0,0,,0,,,,0,,,,,1004,1004,0,2,3,0,3,3,1,0,1,9,10,11,1,0,2,0,1,0,133472,0.559,1.336,0.016
607,2.324,0.645,0,0.054,0.038,0,0,,0,,,,0,,,,,1004,1004,0,2,3,0,3,3,1,0,1,9,10,11,1,0,2,0,1,0,133472,0.344,0.971,0.012
608,2.252,0.213,0,0.059,0.045,0,0,,0,,,,0,,,,,1004,1004,0,2,3,0,3,3,1,0,1,9,10,11,1,0,2,0,1,0,133472,0.454,1.17,0.013
609,2.765,0.001,0,0.052,0.443,0,0,,0,,,,0,,,,,1004,1004,0,2,3,0,3,3,1,0,1,9,10,11,1,0,2,0,1,0,133472,0.44,1.455,0.017
610,2.722,0.362,0.001,0.057,0.058,0,0,,0,,,,0,,,,,1004,1004,0,2,3,0,3,3,1,0,1,9,10,11,1,0,2,0,1,0,133472,0.452,1.413,0.017
611,2.758,0.001,0,0.075,0.056,0,0,,0,,,,0,,,,,1004,1004,0,2,3,0,3,3,1,0,1,9,10,11,1,0,2,0,1,0,133472,0.492,1.707,0.022
612,18.268,15.458,0.001,0.077,0.061,0,0,,0,,,,0,,,,,1004,1004,0,2,3,0,3,3,1,0,1,9,10,11,1,0,2,0,1,0,133472,0.562,1.575,0.023
613,4.152,1.663,0.001,0.059,0.071,0,0,,0,,,,0,,,,,1004,1004,0,2,3,0,3,3,1,0,1,9,10,11,1,0,2,0,1,0,133472,0.548,1.361,0.022
614,2.691,0.073,0,0.068,0.054,0,0,,0,,,,0,,,,,1004,1004,0,2,3,0,3,3,1,0,1,9,10,11,1,0,2,0,1,0,133472,0.529,1.515,0.021
615,3.197,0.279,0,0.075,0.055,0,0,,0,,,,0,,,,,1004,1004,0,2,3,0,3,3,1,0,1,9,10,11,1,0,2,0,1,0,133472,0.613,1.65,0.023
616,4.95,2.061,0.001,0.056,0.099,0,0,,0,,,,0,,,,,1004,1004,0,2,3,0,3,3,1,0,1,9,10,11,1,0,2,0,1,0,133472,0.582,1.663,0.022
617,2.606,0.001,0,0.055,0.034,0,0,,0,,,,0,,,,,1004,1004,0,2,3,0,3,3,1,0,1,9,10,11,1,0,2,0,1,0,133472,0.641,1.45,0.015
618,10.748,6.998,0.001,0.111,0.108,0,0,,0,,,,0,,,,,1004,1004,0,2,3,0,3,3,1,0,1,9,10,11,1,0,2,0,1,0,133472,0.734,1.908,0.033
619,24.627,21.584,0.001,0.084,0.079,0,0,,0,,,,0,,,,,1004,1004,0,2,3,0,3,3,1,0,1,9,10,11,1,0,2,0,1,0,133472,0.624,1.639,0.028
620,22.513,19.873,0.001,0.072,0.071,0,0,,0,,,,0,,,,,1004,1004,0,2,3,0,3,3,1,0,1,9,10,11,1,0,2,0,1,0,133472,0.512,1.435,0.026
621,4.221,1.968,0.001,0.057,0.076,0,0,,0,,,,0,,,,,1004,1004,0,2,3,0,3,3,1,0,1,9,10,11,1,0,2,0,1,0,133472,0.416,1.291,0.028
622,3.043,0.285,0.001,0.068,0.064,0,0,,0,,,,0,,,,,1004,1004,0,2,3,0,3,3,1,0,1,9,10,11,1,0,2,0,1,0,133472,0.553,1.567,0.023
623,5.266,3.025,0,0.079,0.064,0,0,,0,,,,0,,,,,1004,1004,0,2,3,0,3,3,1,0,1,9,10,11,1,0,2,0,1,0,133472,0.451,1.168,0.02
624,3.433,1.37,0.001,0.052,0.043,0,0,,0,,,,0,,,,,1004,1004,0,2,3,0,3,3,1,0,1,9,10,11,1,0,2,0,1,0,133472,0.443,1.173,0.017
625,4.792,2.6,0,0.057,0.078,0,0,,0,,,,0,,,,,1004,1004,0,2,3,0,3,3,1,0,1,9,10,11,1,0,2,0,1,0,133472,0.407,1.238,0.02
626,4.012,0.466,0.001,0.094,0.072,0,0,,0,,,,0,,,,,1004,1004,0,2,3,0,3,3,1,0,1,9,10,11,1,0,2,0,1,0,133472,0.989,1.769,0.03
627,2.777,0.002,0,0.067,0.053,0,0,,0,,,,0,,,,,1004,1004,0,2,3,0,3,3,1,0,1,9,10,11,1,0,2,0,1,0,133472,0.583,1.61,0.02
628,3.66,1.27,0,0.059,0.056,0,0,,0,,,,0,,,,,1004,1004,0,2,3,0,3,3,1,0,1,9,10,11,1,0,2,0,1,0,133472,0.538,1.299,0.019
629,9.491,6.681,0.001,0.072,0.049,0,0,,0,,,,0,,,,,1004,1004,0,2,3,0,3,3,1,0,1,9,10,11,1,0,2,0,1,0,133472,0.641,1.474,0.026
630,4.675,2.72,0.001,0.056,0.082,0,0,,1,1296.875,232226816,288890880,1,71217344,71217344,167755776,38823561584,1004,1004,0,2,3,0,3,3,1,0,1,9,10,11,1,0,2,0,1,0,133472,0.38,1.031,0.018
631,2.404,0.379,0,0.052,0.042,0,0,,0,,,,0,,,,,1004,1004,0,2,3,0,3,3,1,0,1,9,10,11,1,0,2,0,1,0,133472,0.424,1.151,0.017
632,3.726,1.896,0.001,0.046,0.048,0,0,,0,,,,0,,,,,1004,1004,0,2,3,0,3,3,1,0,1,9,10,11,1,0,2,0,1,0,133472,0.364,1.04,0.015
633,3.009,0.84,0.001,0.055,0.064,0,0,,0,,,,0,,,,,1004,1004,0,2,3,0,3,3,1,0,1,9,10,11,1,0,2,0,1,0,133472,0.366,1.342,0.017
634,2.985,0.311,0,0.056,0.047,0,0,,0,,,,0,,,,,1004,1004,0,2,3,0,3,3,1,0,1,9,10,11,1,0,2,0,1,0,133472,0.615,1.468,0.017
635,17.866,15.755,0,0.119,0.052,0,0,,0,,,,0,,,,,1004,1004,0,2,3,0,3,3,1,0,1,9,10,11,1,0,2,0,1,0,133472,0.456,1.037,0.014
636,15.826,12.726,0.001,0.081,0.069,0,0,,0,,,,0,,,,,1004,1004,0,2,3,0,3,3,1,0,1,9,10,11,1,0,2,0,1,0,133472,0.594,1.651,0.027
637,2.589,0.001,0,0.065,0.045,0,0,,0,,,,0,,,,,1004,1004,0,2,3,0,3,3,1,0,1,9,10,11,1,0,2,0,1,0,133472,0.595,1.424,0.021
638,2.969,0.342,0,0.082,0.056,0,0,,0,,,,0,,,,,1004,1004,0,2,3,0,3,3,1,0,1,9,10,11,1,0,2,0,1,0,133472,0.507,1.511,0.034
639,2.613,0,0,0.066,0.041,0,0,,0,,,,0,,,,,1004,1004,0,2,3,0,3,3,1,0,1,9,10,11,1,0,2,0,1,0,133472,0.608,1.457,0.017
640,2.401,0.717,0,0.054,0.04,0,0,,0,,,,0,,,,,1004,1004,0,2,3,0,3,3,1,0,1,9,10,11,1,0,2,0,1,0,133472,0.363,0.922,0.01
641,3.626,0.6,0,0.054,0.082,0,0,,0,,,,0,,,,,1004,1004,0,2,3,0,3,3,1,0,1,9,10,11,1,0,2,0,1,0,133472,0.86,1.613,0.031
642,5.623,3.715,0,0.118,0.041,0,0,,0,,,,0,,,,,1004,1004,0,2,3,0,3,3,1,0,1,9,10,11,1,0,2,0,1,0,133472,0.352,0.97,0.016
643,5.09,3.198,0.001,0.052,0.05,0,0,,0,,,,0,,,,,1004,1004,0,2,3,0,3,3,1,0,1,9,10,11,1,0,2,0,1,0,133472,0.406,1.034,0.015
644,1.651,0,0.001,0.048,0.033,0,0,,0,,,,0,,,,,1004,1004,0,2,3,0,3,3,1,0,1,9,10,11,1,0,2,0,1,0,133472,0.343,0.965,0.013
645,1.542,0,0,0.04,0.024,0,0,,0,,,,0,,,,,1004,1004,0,2,3,0,3,3,1,0,1,9,10,11,1,0,2,0,1,0,133472,0.362,0.868,0.011
646,2.669,0.015,0,0.05,0.076,0,0,,0,,,,0,,,,,1004,1004,0,2,3,0,3,3,1,0,1,9,10,11,1,0,2,0,1,0,133472,0.54,1.601,0.023
647,2.511,0.001,0,0.066,0.03,0,0,,0,,,,0,,,,,1004,1004,0,2,3,0,3,3,1,0,1,9,10,11,1,0,2,0,1,0,133472,0.614,1.355,0.019
648,2.905,1.15,0,0.045,0.048,0,0,,0,,,,0,,,,,1004,1004,0,2,3,0,3,3,1,0,1,9,10,11,1,0,2,0,1,0,133472,0.361,0.99,0.012
649,13.737,9.95,0,0.084,0.073,0,0,,0,,,,0,,,,,1004,1004,0,2,3,0,3,3,1,0,1,9,10,11,1,0,2,0,1,0,133472,0.816,2.04,0.03
650,2.65,0.003,0,0.063,0.051,0,0,,0,,,,0,,,,,1004,1004,0,2,3,0,3,3,1,0,1,9,10,11,1,0,2,0,1,0,133472,0.414,1.75,0.034
651,2.536,0.001,0,0.108,0.063,0,0,,0,,,,0,,,,,1004,1004,0,2,3,0,3,3,1,0,1,9,10,11,1,0,2,0,1,0,133472,0.554,1.404,0.022
652,2.976,0.001,0,0.068,0.048,0,0,,0,,,,0,,,,,1004,1004,0,2,3,0,3,3,1,0,1,9,10,11,1,0,2,0,1,0,133472,0.636,1.716,0.019
653,1.976,0,0,0.053,0.033,0,0,,0,,,,0,,,,,1004,1004,0,2,3,0,3,3,1,0,1,9,10,11,1,0,2,0,1,0,133472,0.557,0.994,0.013
654,2.333,0.141,0.001,0.079,0.062,0,0,,0,,,,0,,,,,1004,1004,0,2,3,0,3,3,1,0,1,9,10,11,1,0,2,0,1,0,133472,0.432,1.261,0.017
655,3.198,0.334,0.001,0.074,0.062,0,0,,0,,,,0,,,,,1004,1004,0,2,3,0,3,3,1,0,1,9,10,11,1,0,2,0,1,0,133472,0.55,1.706,0.019
656,4.493,0.001,0,0.1,0.078,0,0,,0,,,,0,,,,,1004,1004,0,2,3,0,3,3,1,0,1,9,10,11,1,0,2,0,1,0,133472,0.972,2.676,0.024
657,4.559,0,0,0.081,0.061,0,0,,0,,,,0,,,,,1004,1004,0,2,3,0,3,3,1,0,1,9,10,11,1,0,2,0,1,0,133472,0.974,2.766,0.023
658,2.422,0.001,0.001,0.082,0.045,0,0,,0,,,,0,,,,,1004,1004,0,2,3,0,3,3,1,0,1,9,10,11,1,0,2,0,1,0,133472,0.604,1.142,0.016
659,2.819,0.001,0.001,0.066,0.075,0,0,,0,,,,0,,,,,1004,1004,0,2,3,0,3,3,1,0,1,9,10,11,1,0,2,0,1,0,133472,0.452,1.773,0.03
660,3.117,0.001,0,0.07,0.058,0,0,,1,1375,232226816,288890880,1,71217344,71217344,167755776,38823561584,1004,1004,0,2,3,0,3,3,1,0,1,9,10,11,1,0,2,0,1,0,133472,0.634,1.814,0.024
661,2.884,0.001,0.001,0.064,0.062,0,0,,0,,,,0,,,,,1004,1004,0,2,3,0,3,3,1,0,1,9,10,11,1,0,2,0,1,0,133472,0.595,1.653,0.023
662,2.658,0.001,0,0.068,0.046,0,0,,0,,,,0,,,,,1004,1004,0,2,3,0,3,3,1,0,1,9,10,11,1,0,2,0,1,0,133472,0.624,1.46,0.019
663,2.286,0,0,0.05,0.043,0,0,,0,,,,0,,,,,1004,1004,0,2,3,0,3,3,1,0,1,9,10,11,1,0,2,0,1,0,133472,0.534,1.303,0.016
664,2.402,0.001,0,0.057,0.072,0,0,,0,,,,0,,,,,1004,1004,0,2,3,0,3,3,1,0,1,9,10,11,1,0,2,0,1,0,133472,0.573,1.34,0.019
665,3.083,0,0,0.085,0.066,0,0,,0,,,,0,,,,,1004,1004,0,2,3,0,3,3,1,0,1,9,10,11,1,0,2,0,1,0,133472,0.589,1.813,0.029
666,3.266,0.001,0.001,0.083,0.052,0,0,,0,,,,0,,,,,1004,1004,0,2,3,0,3,3,1,0,1,9,10,11,1,0,2,0,1,0,133472,0.76,1.808,0.022
667,2.305,0.001,0,0.062,0.037,0,0,,0,,,,0,,,,,1004,1004,0,2,3,0,3,3,1,0,1,9,10,11,1,0,2,0,1,0,133472,0.544,1.238,0.015
668,2.044,0,0,0.047,0.036,0,0,,0,,,,0,,,,,1004,1004,0,2,3,0,3,3,1,0,1,9,10,11,1,0,2,0,1,0,133472,0.501,1.124,0.012
669,5.491,2.774,0.001,0.069,0.062,0,0,,0,,,,0,,,,,1004,1004,0,2,3,0,3,3,1,0,1,9,10,11,1,0,2,0,1,0,133472,0.66,1.321,0.022
670,12.945,10.143,0.001,0.081,0.058,0,0,,0,,,,0,,,,,1004,1004,0,2,3,0,3,3,1,0,1,9,10,11,1,0,2,0,1,0,133472,0.604,1.534,0.022
671,3.25,0.991,0,0.056,0.076,0,0,,0,,,,0,,,,,1004,1004,0,2,3,0,3,3,1,0,1,9,10,11,1,0,2,0,1,0,133472,0.398,1.35,0.021
672,2.275,0.001,0.001,0.063,0.061,0,0,,0,,,,0,,,,,1004,1004,0,2,3,0,3,3,1,0,1,9,10,11,1,0,2,0,1,0,133472,0.38,1.346,0.018
673,2.94,0,0,0.061,0.064,0,0,,0,,,,0,,,,,1004,1004,0,2,3,0,3,3,1,0,1,9,10,11,1,0,2,0,1,0,133472,0.61,1.786,0.017
674,2.931,0.001,0,0.072,0.042,0,0,,0,,,,0,,,,,1004,1004,0,2,3,0,3,3,1,0,1,9,10,11,1,0,2,0,1,0,133472,0.561,1.796,0.015
675,2.333,0.001,0.001,0.075,0.04,0,0,,0,,,,0,,,,,1004,1004,0,2,3,0,3,3,1,0,1,9,10,11,1,0,2,0,1,0,133472,0.525,1.319,0.011
676,2.571,0,0,0.058,0.037,0,0,,0,,,,0,,,,,1004,1004,0,2,3,0,3,3,1,0,1,9,10,11,1,0,2,0,1,0,133472,0.54,1.573,0.014
677,1.816,0,0,0.07,0.028,0,0,,0,,,,0,,,,,1004,1004,0,2,3,0,3,3,1,0,1,9,10,11,1,0,2,0,1,0,133472,0.438,0.987,0.009
678,1.528,0.001,0,0.047,0.022,0,0,,0,,,,0,,,,,1004,1004,0,2,3,0,3,3,1,0,1,9,10,11,1,0,2,0,1,0,133472,0.356,0.846,0.008
679,1.561,0,0,0.028,0.023,0,0,,0,,,,0,,,,,1004,1004,0,2,3,0,3,3,1,0,1,9,10,11,1,0,2,0,1,0,133472,0.333,0.956,0.014
680,2.249,0.138,0,0.052,0.056,0,0,,0,,,,0,,,,,1004,1004,0,2,3,0,3,3,1,0,1,9,10,11,1,0,2,0,1,0,133472,0.398,1.226,0.017
681,2.022,0.001,0.001,0.069,0.036,0,0,,0,,,,0,,,,,1004,1004,0,2,3,0,3,3,1,0,1,9,10,11,1,0,2,0,1,0,133472,0.413,1.114,0.014
682,1.857,0,0.001,0.057,0.025,0,0,,0,,,,0,,,,,1004,1004,0,2,3,0,3,3,1,0,1,9,10,11,1,0,2,0,1,0,133472,0.437,1.057,0.01
683,1.765,0,0,0.038,0.024,0,0,,0,,,,0,,,,,1004,1004,0,2,3,0,3,3,1,0,1,9,10,11,1,0,2,0,1,0,133472,0.419,1.028,0.009
684,1.911,0,0,0.033,0.062,0,0,,0,,,,0,,,,,1004,1004,0,2,3,0,3,3,1,0,1,9,10,11,1,0,2,0,1,0,133472,0.383,1.155,0.02
685,1.903,0,0.001,0.08,0.071,0,0,,0,,,,0,,,,,1004,1004,0,2,3,0,3,3,1,0,1,9,10,11,1,0,2,0,1,0,133472,0.384,1.088,0.01
686,2.227,0.499,0,0.035,0.05,0,0,,0,,,,0,,,,,1004,1004,0,2,3,0,3,3,1,0,1,9,10,11,1,0,2,0,1,0,133472,0.364,1,0.011
687,1.798,0,0,0.038,0.04,0,0,,0,,,,0,,,,,1004,1004,0,2,3,0,3,3,1,0,1,9,10,11,1,0,2,0,1,0,133472,0.369,1.07,0.011
688,1.795,0.001,0,0.041,0.036,0,0,,0,,,,0,,,,,1004,1004,0,2,3,0,3,3,1,0,1,9,10,11,1,0,2,0,1,0,133472,0.323,1.126,0.012
689,3.271,1.057,0,0.056,0.041,0,0,,0,,,,0,,,,,1004,1004,0,2,3,0,3,3,1,0,1,9,10,11,1,0,2,0,1,0,133472,0.504,1.197,0.014
690,2.765,0.83,0,0.06,0.046,0,0,,1,1437.5,232226816,288890880,1,71217344,71217344,167755776,38823561584,1004,1004,0,2,3,0,3,3,1,0,1,9,10,11,1,0,2,0,1,0,133472,0.393,1.066,0.011
691,3.852,1.688,0.001,0.044,0.057,0,0,,0,,,,0,,,,,1004,1004,0,2,3,0,3,3,1,0,1,9,10,11,1,0,2,0,1,0,133472,0.454,1.246,0.014
692,2.654,0.906,0,0.068,0.047,0,0,,0,,,,0,,,,,1004,1004,0,2,3,0,3,3,1,0,1,9,10,11,1,0,2,0,1,0,133472,0.373,0.937,0.01
693,3.053,1.282,0,0.051,0.062,0,0,,0,,,,0,,,,,1004,1004,0,2,3,0,3,3,1,0,1,9,10,11,1,0,2,0,1,0,133472,0.365,0.999,0.012
694,2.179,0,0,0.055,0.047,0,0,,0,,,,0,,,,,1004,1004,0,2,3,0,3,3,1,0,1,9,10,11,1,0,2,0,1,0,133472,0.475,1.258,0.017
695,2.411,0,0,0.057,0.079,0,0,,0,,,,0,,,,,1004,1004,0,2,3,0,3,3,1,0,1,9,10,11,1,0,2,0,1,0,133472,0.529,1.299,0.016
696,2.201,0,0,0.058,0.044,0,0,,0,,,,0,,,,,1004,1004,0,2,3,0,3,3,1,0,1,9,10,11,1,0,2,0,1,0,133472,0.463,1.298,0.014
697,2.726,0,0,0.069,0.071,0,0,,0,,,,0,,,,,1004,1004,0,2,3,0,3,3,1,0,1,9,10,11,1,0,2,0,1,0,133472,0.534,1.604,0.019
698,2.086,0.001,0,0.077,0.033,0,0,,0,,,,0,,,,,1004,1004,0,2,3,0,3,3,1,0,1,9,10,11,1,0,2,0,1,0,133472,0.526,1.062,0.011
699,2.788,0.861,0,0.053,0.05,0,0,,0,,,,0,,,,,1004,1004,0,2,3,0,3,3,1,0,1,9,10,11,1,0,2,0,1,0,133472,0.392,1.118,0.012
700,2.802,0.894,0,0.038,0.055,0,0,,0,,,,0,,,,,1004,1004,0,2,3,0,3,3,1,0,1,9,10,11,1,0,2,0,1,0,133472,0.331,1.199,0.015
701,2.749,0,0,0.081,0.05,0,0,,0,,,,0,,,,,1004,1004,0,2,3,0,3,3,1,0,1,9,10,11,1,0,2,0,1,0,133472,0.534,1.608,0.024
702,2.355,0.001,0,0.062,0.036,0,0,,0,,,,0,,,,,1004,1004,0,2,3,0,3,3,1,0,1,9,10,11,1,0,2,0,1,0,133472,0.544,1.339,0.015
703,2.362,0,0,0.058,0.037,0,0,,0,,,,0,,,,,1004,1004,0,2,3,0,3,3,1,0,1,9,10,11,1,0,2,0,1,0,133472,0.528,1.379,0.014
704,2.383,0,0,0.044,0.056,0,0,,0,,,,0,,,,,1004,1004,0,2,3,0,3,3,1,0,1,9,10,11,1,0,2,0,1,0,133472,0.573,1.318,0.016
705,1.899,0.001,0,0.046,0.035,0,0,,0,,,,0,,,,,1004,1004,0,2,3,0,3,3,1,0,1,9,10,11,1,0,2,0,1,0,133472,0.437,1.086,0.013
706,2.142,0.472,0,0.062,0.042,0,0,,0,,,,0,,,,,1004,1004,0,2,3,0,3,3,1,0,1,9,10,11,1,0,2,0,1,0,133472,0.353,0.919,0.01
707,1.498,0,0,0.028,0.026,0,0,,0,,,,0,,,,,1004,1004,0,2,3,0,3,3,1,0,1,9,10,11,1,0,2,0,1,0,133472,0.34,0.869,0.007
708,1.978,0.024,0,0.025,0.046,0,0,,0,,,,0,,,,,1004,1004,0,2,3,0,3,3,1,0,1,9,10,11,1,0,2,0,1,0,133472,0.317,1.317,0.015
709,2.309,0,0,0.046,0.027,0,0,,0,,,,0,,,,,1004,1004,0,2,3,0,3,3,1,0,1,9,10,11,1,0,2,0,1,0,133472,0.557,1.345,0.015
710,4.17,1.489,0,0.101,0.097,0,0,,0,,,,0,,,,,1004,1004,0,2,3,0,3,3,1,0,1,9,10,11,1,0,2,0,1,0,133472,0.43,1.53,0.04
711,16.811,12.679,0,0.091,0.091,0,0,,0,,,,0,,,,,1004,1004,0,2,3,0,3,3,1,0,1,9,10,11,1,0,2,0,1,0,133472,0.82,2.395,0.028
712,2.924,1.168,0,0.039,0.061,0,0,,0,,,,0,,,,,1004,1004,0,2,3,0,3,3,1,0,1,9,10,11,1,0,2,0,1,0,133472,0.353,1.016,0.011
713,3.364,1.833,0,0.034,0.044,0,0,,0,,,,0,,,,,1004,1004,0,2,3,0,3,3,1,0,1,9,10,11,1,0,2,0,1,0,133472,0.353,0.844,0.01
714,3.306,1.485,0,0.033,0.053,0,0,,0,,,,0,,,,,1004,1004,0,2,3,0,3,3,1,0,1,9,10,11,1,0,2,0,1,0,133472,0.285,1.172,0.014
715,2.7,0.003,0,0.065,0.053,0,0,,0,,,,0,,,,,1004,1004,0,2,3,0,3,3,1,0,1,9,10,11,1,0,2,0,1,0,133472,0.746,1.475,0.018
716,2.424,0.001,0,0.047,0.045,0,0,,0,,,,0,,,,,1004,1004,0,2,3,0,3,3,1,0,1,9,10,11,1,0,2,0,1,0,133472,0.566,1.365,0.018
717,2.38,0,0.001,0.061,0.035,0,0,,0,,,,0,,,,,1004,1004,0,2,3,0,3,3,1,0,1,9,10,11,1,0,2,0,1,0,133472,0.571,1.259,0.013
718,1.964,0.001,0,0.042,0.042,0,0,,0,,,,0,,,,,1004,1004,0,2,3,0,3,3,1,0,1,9,10,11,1,0,2,0,1,0,133472,0.443,1.099,0.016
719,2.575,0,0,0.055,0.04,0,0,,0,,,,0,,,,,1004,1004,0,2,3,0,3,3,1,0,1,9,10,11,1,0,2,0,1,0,133472,0.541,1.556,0.012
720,2.639,0,0,0.045,0.039,0,0,,1,1531.25,232292352,288890880,1,71217344,71217344,167755776,38823561584,1004,1004,0,2,3,0,3,3,1,0,1,9,10,11,1,0,2,0,1,0,133472,0.744,1.441,0.012
721,3.181,0,0,0.055,0.077,0,0,,0,,,,0,,,,,1004,1004,0,2,3,0,3,3,1,0,1,9,10,11,1,0,2,0,1,0,133472,0.51,2.127,0.027
722,3.429,0.002,0.002,0.116,0.063,0,0,,0,,,,0,,,,,1004,1004,0,2,3,0,3,3,1,0,1,9,10,11,1,0,2,0,1,0,133472,0.767,1.934,0.028
723,2.028,0.001,0,0.069,0.032,0,0,,0,,,,0,,,,,1004,1004,0,2,3,0,3,3,1,0,1,9,10,11,1,0,2,0,1,0,133472,0.462,1.093,0.013
724,3.383,1.006,0.001,0.146,0.044,0,0,,0,,,,0,,,,,1004,1004,0,2,3,0,3,3,1,0,1,9,10,11,1,0,2,0,1,0,133472,0.474,1.319,0.017
725,5.259,3.534,0.001,0.11,0.13,0,0,,0,,,,0,,,,,1004,1004,0,2,3,0,3,3,1,0,1,9,10,11,1,0,2,0,1,0,133472,0.29,0.755,0.009
726,10.14,7.622,0,0.115,0.076,0,0,,0,,,,0,,,,,1004,1004,0,2,3,0,3,3,1,0,1,9,10,11,1,0,2,0,1,0,133472,0.41,1.355,0.021
727,3.685,1.803,0,0.103,0.051,0,0,,0,,,,0,,,,,1004,1004,0,2,3,0,3,3,1,0,1,9,10,11,1,0,2,0,1,0,133472,0.372,0.908,0.011
728,2.812,0.828,0,0.08,0.051,0,0,,0,,,,0,,,,,1004,1004,0,2,3,0,3,3,1,0,1,9,10,11,1,0,2,0,1,0,133472,0.421,1.009,0.016
729,3.889,0.777,0,0.092,0.071,0,0,,0,,,,0,,,,,1004,1004,0,2,3,0,3,3,1,0,1,9,10,11,1,0,2,0,1,0,133472,0.61,1.771,0.028
730,5.195,3.3,0,0.056,0.058,0,0,,0,,,,0,,,,,1004,1004,0,2,3,0,3,3,1,0,1,9,10,11,1,0,2,0,1,0,133472,0.417,0.963,0.031
731,3.539,0.912,0.001,0.055,0.064,0,0,,0,,,,0,,,,,1004,1004,0,2,3,0,3,3,1,0,1,9,10,11,1,0,2,0,1,0,133472,0.526,1.528,0.021
732,5.282,2.067,0,0.124,0.099,0,0,,0,,,,0,,,,,1004,1004,0,2,3,0,3,3,1,0,1,9,10,11,1,0,2,0,1,0,133472,0.576,1.757,0.032
733,9.989,7.327,0,0.071,0.063,0,0,,0,,,,0,,,,,1004,1004,0,2,3,0,3,3,1,0,1,9,10,11,1,0,2,0,1,0,133472,0.575,1.398,0.025
734,10.814,7.451,0.001,0.088,0.084,0,0,,0,,,,0,,,,,1004,1004,0,2,3,0,3,3,1,0,1,9,10,11,1,0,2,0,1,0,133472,0.77,1.706,0.027
735,2.251,0.001,0.001,0.072,0.042,0,0,,0,,,,0,,,,,1004,1004,0,2,3,0,3,3,1,0,1,9,10,11,1,0,2,0,1,0,133472,0.544,1.148,0.017
736,3.54,1.391,0.001,0.052,0.039,0,0,,0,,,,0,,,,,1004,1004,0,2,3,0,3,3,1,0,1,9,10,11,1,0,2,0,1,0,133472,0.425,1.239,0.021
737,5.883,2.681,0,0.133,0.089,0,0,,0,,,,0,,,,,1004,1004,0,2,3,0,3,3,1,0,1,9,10,11,1,0,2,0,1,0,133472,0.593,1.719,0.031
738,3.281,0.001,0.001,0.092,0.108,0,0,,0,,,,0,,,,,1004,1004,0,2,3,0,3,3,1,0,1,9,10,11,1,0,2,0,1,0,133472,0.73,1.751,0.03
739,2.694,0.001,0.001,0.075,0.04,0,0,,0,,,,0,,,,,1004,1004,0,2,3,0,3,3,1,0,1,9,10,11,1,0,2,0,1,0,133472,0.629,1.446,0.019
740,3.721,1.541,0.001,0.062,0.058,0,0,,0,,,,0,,,,,1004,1004,0,2,3,0,3,3,1,0,1,9,10,11,1,0,2,0,1,0,133472,0.418,1.27,0.019
741,2.318,0.001,0,0.05,0.051,0,0,,0,,,,0,,,,,1004,1004,0,2,3,0,3,3,1,0,1,9,10,11,1,0,2,0,1,0,133472,0.5,1.349,0.021
742,4.6,1.5,0,0.104,0.084,0,0,,0,,,,0,,,,,1004,1004,0,2,3,0,3,3,1,0,1,9,10,11,1,0,2,0,1,0,133472,0.636,1.672,0.029
743,3.193,0.001,0.001,0.075,0.067,0,0,,0,,,,0,,,,,1004,1004,0,2,3,0,3,3,1,0,1,9,10,11,1,0,2,0,1,0,133472,0.668,1.822,0.026
744,2.97,0.001,0.001,0.072,0.053,0,0,,0,,,,0,,,,,1004,1004,0,2,3,0,3,3,1,0,1,9,10,11,1,0,2,0,1,0,133472,0.645,1.732,0.018
745,4.109,0.84,0.001,0.079,0.839,0,0,,0,,,,0,,,,,1004,1004,0,2,3,0,3,3,1,0,1,9,10,11,1,0,2,0,1,0,133472,0.549,1.301,0.017
746,3.069,0.003,0,0.069,0.216,0,0,,0,,,,0,,,,,1004,1004,0,2,3,0,3,3,1,0,1,9,10,11,1,0,2,0,1,0,133472,0.585,1.663,0.024
747,4.011,0.665,0.001,0.121,0.076,0,0,,0,,,,0,,,,,1004,1004,0,2,3,0,3,3,1,0,1,9,10,11,1,0,2,0,1,0,133472,0.612,1.833,0.032
748,3.176,0.002,0.001,0.073,0.065,0,0,,0,,,,0,,,,,1004,1004,0,2,3,0,3,3,1,0,1,9,10,11,1,0,2,0,1,0,133472,0.603,1.837,0.027
749,8.356,5.402,0,0.077,0.064,0,0,,0,,,,0,,,,,1004,1004,0,2,3,0,3,3,1,0,1,9,10,11,1,0,2,0,1,0,133472,0.626,1.604,0.03
750,49.812,46.93,0.001,0.084,0.078,0,0,,1,1625,232292352,288890880,1,71217344,71217344,167755776,38823561584,1004,1004,0,2,3,0,3,3,1,0,1,9,10,11,1,0,2,0,1,0,133472,0.605,1.497,0.026
751,40.346,37.191,0.001,0.086,0.073,0,0,,0,,,,0,,,,,1004,1004,0,2,3,0,3,3,1,0,1,9,10,11,1,0,2,0,1,0,133472,0.631,1.74,0.026
752,35.65,32.622,0,0.079,0.071,0,0,,0,,,,0,,,,,1004,1004,0,2,3,0,3,3,1,0,1,9,10,11,1,0,2,0,1,0,133472,0.577,1.704,0.03
753,18.193,15.43,0,0.078,0.071,0,0,,0,,,,0,,,,,1004,1004,0,2,3,0,3,3,1,0,1,9,10,11,1,0,2,0,1,0,133472,0.547,1.498,0.024
754,22.654,19.934,0,0.092,0.076,0,0,,0,,,,0,,,,,1004,1004,0,2,3,0,3,3,1,0,1,9,10,11,1,0,2,0,1,0,133472,0.504,1.485,0.027
755,13.289,11.177,0.001,0.065,0.059,0,0,,0,,,,0,,,,,1004,1004,0,2,3,0,3,3,1,0,1,9,10,11,1,0,2,0,1,0,133472,0.435,1.084,0.024
756,2.324,0.355,0.001,0.054,0.045,0,0,,0,,,,0,,,,,1004,1004,0,2,3,0,3,3,1,0,1,9,10,11,1,0,2,0,1,0,133472,0.459,1.064,0.017
757,5.196,2.353,0.001,0.081,0.065,0,0,,0,,,,0,,,,,1004,1004,0,2,3,0,3,3,1,0,1,9,10,11,1,0,2,0,1,0,133472,0.625,1.392,0.02
758,4.158,1.721,0,0.135,0.069,0,0,,0,,,,0,,,,,1004,1004,0,2,3,0,3,3,1,0,1,9,10,11,1,0,2,0,1,0,133472,0.462,1.353,0.02
759,2.129,0.038,0.001,0.091,0.069,0,0,,0,,,,0,,,,,1004,1004,0,2,3,0,3,3,1,0,1,9,10,11,1,0,2,0,1,0,133472,0.446,1.029,0.026
760,3.103,0.322,0,0.075,0.059,0,0,,0,,,,0,,,,,1004,1004,0,2,3,0,3,3,1,0,1,9,10,11,1,0,2,0,1,0,133472,0.592,1.582,0.022
761,2.348,0.001,0,0.07,0.05,0,0,,0,,,,0,,,,,1004,1004,0,2,3,0,3,3,1,0,1,9,10,11,1,0,2,0,1,0,133472,0.523,1.315,0.016
762,4.787,1.154,0,0.092,0.078,0,0,,0,,,,0,,,,,1004,1004,0,2,3,0,3,3,1,0,1,9,10,11,1,0,2,0,1,0,133472,0.706,1.962,0.031
763,2.934,0.001,0.001,0.073,0.054,0,0,,0,,,,0,,,,,1004,1004,0,2,3,0,3,3,1,0,1,9,10,11,1,0,2,0,1,0,133472,0.62,1.663,0.018
764,2.665,0,0,0.055,0.047,0,0,,0,,,,0,,,,,1004,1004,0,2,3,0,3,3,1,0,1,9,10,11,1,0,2,0,1,0,133472,0.576,1.54,0.017
765,8.966,5.353,0,0.09,0.101,0,0,,0,,,,0,,,,,1004,1004,0,2,3,0,3,3,1,0,1,9,10,11,1,0,2,0,1,0,133472,0.751,1.982,0.045
766,2.95,0.001,0,0.077,0.079,0,0,,0,,,,0,,,,,1004,1004,0,2,3,0,3,3,1,0,1,9,10,11,1,0,2,0,1,0,133472,0.603,1.593,0.062
767,3.074,0,0.001,0.074,0.459,0,0,,0,,,,0,,,,,1004,1004,0,2,3,0,3,3,1,0,1,9,10,11,1,0,2,0,1,0,133472,0.496,1.588,0.021
768,3.161,0.001,0.001,0.094,0.106,0,0,,0,,,,0,,,,,1004,1004,0,2,3,0,3,3,1,0,1,9,10,11,1,0,2,0,1,0,133472,0.58,1.892,0.025
769,2.733,0.002,0,0.066,0.054,0,0,,0,,,,0,,,,,1004,1004,0,2,3,0,3,3,1,0,1,9,10,11,1,0,2,0,1,0,133472,0.593,1.563,0.017
770,9.206,7.169,0,0.056,0.05,0,0,,0,,,,0,,,,,1004,1004,0,2,3,0,3,3,1,0,1,9,10,11,1,0,2,0,1,0,133472,0.394,1.118,0.022
771,3.181,1.142,0,0.053,0.047,0,0,,0,,,,0,,,,,1004,1004,0,2,3,0,3,3,1,0,1,9,10,11,1,0,2,0,1,0,133472,0.414,1.141,0.02
772,3.004,1.042,0,0.052,0.043,0,0,,0,,,,0,,,,,1004,1004,0,2,3,0,3,3,1,0,1,9,10,11,1,0,2,0,1,0,133472,0.458,1.056,0.016
773,2.87,0.859,0,0.055,0.045,0,0,,0,,,,0,,,,,1004,1004,0,2,3,0,3,3,1,0,1,9,10,11,1,0,2,0,1,0,133472,0.408,1.128,0.013
774,2.807,0.16,0,0.064,0.07,0,0,,0,,,,0,,,,,1004,1004,0,2,3,0,3,3,1,0,1,9,10,11,1,0,2,0,1,0,133472,0.447,1.652,0.022
775,2.832,0.001,0,0.079,0.048,0,0,,0,,,,0,,,,,1004,1004,0,2,3,0,3,3,1,0,1,9,10,11,1,0,2,0,1,0,133472,0.635,1.622,0.018
776,2.296,0.001,0,0.064,0.039,0,0,,0,,,,0,,,,,1004,1004,0,2,3,0,3,3,1,0,1,9,10,11,1,0,2,0,1,0,133472,0.535,1.304,0.012
777,2.151,0,0,0.064,0.031,0,0,,0,,,,0,,,,,1004,1004,0,2,3,0,3,3,1,0,1,9,10,11,1,0,2,0,1,0,133472,0.516,1.232,0.011
778,2.149,0,0,0.059,0.034,0,0,,0,,,,0,,,,,1004,1004,0,2,3,0,3,3,1,0,1,9,10,11,1,0,2,0,1,0,133472,0.478,1.219,0.012
779,2.831,0.878,0,0.056,0.046,0,0,,0,,,,0,,,,,1004,1004,0,2,3,0,3,3,1,0,1,9,10,11,1,0,2,0,1,0,133472,0.386,1.143,0.012
780,2.3,0.426,0,0.053,0.044,0,0,,1,1703.125,232292352,288890880,1,71217344,71217344,167755776,38823561584,1004,1004,0,2,3,0,3,3,1,0,1,9,10,11,1,0,2,0,1,0,133472,0.372,1.108,0.014
781,3.737,1.031,0,0.066,0.063,0,0,,0,,,,0,,,,,1004,1004,0,2,3,0,3,3,1,0,1,9,10,11,1,0,2,0,1,0,133472,0.532,1.587,0.018
782,2.555,0.001,0,0.066,0.046,0,0,,0,,,,0,,,,,1004,1004,0,2,3,0,3,3,1,0,1,9,10,11,1,0,2,0,1,0,133472,0.521,1.529,0.016
783,2.439,0.001,0.001,0.055,0.037,0,0,,0,,,,0,,,,,1004,1004,0,2,3,0,3,3,1,0,1,9,10,11,1,0,2,0,1,0,133472,0.489,1.502,0.014
784,2.673,0,0,0.054,0.051,0,0,,0,,,,0,,,,,1004,1004,0,2,3,0,3,3,1,0,1,9,10,11,1,0,2,0,1,0,133472,0.549,1.602,0.018
785,2.72,0,0,0.076,0.047,0,0,,0,,,,0,,,,,1004,1004,0,2,3,0,3,3,1,0,1,9,10,11,1,0,2,0,1,0,133472,0.552,1.561,0.02
786,2.228,0.333,0.001,0.063,0.049,0,0,,0,,,,0,,,,,1004,1004,0,2,3,0,3,3,1,0,1,9,10,11,1,0,2,0,1,0,133472,0.424,1.008,0.012
787,4.06,1.034,0,0.078,0.087,0,0,,0,,,,0,,,,,1004,1004,0,2,3,0,3,3,1,0,1,9,10,11,1,0,2,0,1,0,133472,0.566,1.775,0.026
788,2.566,0.001,0,0.065,0.048,0,0,,0,,,,0,,,,,1004,1004,0,2,3,0,3,3,1,0,1,9,10,11,1,0,2,0,1,0,133472,0.585,1.426,0.017
789,3.478,0,0,0.062,0.065,0,0,,0,,,,0,,,,,1004,1004,0,2,3,0,3,3,1,0,1,9,10,11,1,0,2,0,1,0,133472,0.456,2.517,0.024
790,3.992,0,0,0.08,0.065,0,0,,0,,,,0,,,,,1004,1004,0,2,3,0,3,3,1,0,1,9,10,11,1,0,2,0,1,0,133472,0.803,2.388,0.023
791,3.305,0.001,0.001,0.082,0.039,0,0,,0,,,,0,,,,,1004,1004,0,2,3,0,3,3,1,0,1,9,10,11,1,0,2,0,1,0,133472,0.778,1.826,0.015
792,3.08,0,0.001,0.047,0.064,0,0,,0,,,,0,,,,,1004,1004,0,2,3,0,3,3,1,0,1,9,10,11,1,0,2,0,1,0,133472,0.663,1.821,0.027
793,3.557,0.001,0.001,0.124,0.088,0,0,,0,,,,0,,,,,1004,1004,0,2,3,0,3,3,1,0,1,9,10,11,1,0,2,0,1,0,133472,0.722,1.953,0.049
794,2.68,0.002,0.001,0.077,0.062,0,0,,0,,,,0,,,,,1004,1004,0,2,3,0,3,3,1,0,1,9,10,11,1,0,2,0,1,0,133472,0.608,1.438,0.02
795,5.83,2.886,0.001,0.058,0.09,0,0,,0,,,,0,,,,,1004,1004,0,2,3,0,3,3,1,0,1,9,10,11,1,0,2,0,1,0,133472,0.531,1.746,0.028
796,3.216,0.002,0,0.1,0.071,0,0,,0,,,,0,,,,,1004,1004,0,2,3,0,3,3,1,0,1,9,10,11,1,0,2,0,1,0,133472,0.656,1.86,0.026
797,2.761,0.001,0,0.068,0.035,0,0,,0,,,,0,,,,,1004,1004,0,2,3,0,3,3,1,0,1,9,10,11,1,0,2,0,1,0,133472,0.674,1.484,0.019
798,2.5,0.117,0,0.06,0.059,0,0,,0,,,,0,,,,,1004,1004,0,2,3,0,3,3,1,0,1,9,10,11,1,0,2,0,1,0,133472,0.532,1.3,0.018
799,3.594,0.812,0.001,0.097,0.064,0,0,,0,,,,0,,,,,1004,1004,0,2,3,0,3,3,1,0,1,9,10,11,1,0,2,0,1,0,133472,0.469,1.725,0.024
800,12.816,10.229,0.001,0.065,0.068,0,0,,0,,,,0,,,,,1004,1004,0,2,3,0,3,3,1,0,1,9,10,11,1,0,2,0,1,0,133472,0.494,1.453,0.025
801,2.533,0.001,0.001,0.064,0.043,0,0,,0,,,,0,,,,,1004,1004,0,2,3,0,3,3,1,0,1,9,10,11,1,0,2,0,1,0,133472,0.571,1.457,0.017
802,2.943,0.794,0.001,0.048,0.05,0,0,,0,,,,0,,,,,1004,1004,0,2,3,0,3,3,1,0,1,9,10,11,1,0,2,0,1,0,133472,0.434,1.252,0.015
803,3.928,1.06,0,0.057,0.046,0,0,,0,,,,0,,,,,1004,1004,0,2,3,0,3,3,1,0,1,9,10,11,1,0,2,0,1,0,133472,0.48,1.884,0.014
804,1.766,0.001,0,0.047,0.051,0,0,,0,,,,0,,,,,1004,1004,0,2,3,0,3,3,1,0,1,9,10,11,1,0,2,0,1,0,133472,0.414,0.954,0.015
805,2.287,0.381,0,0.079,0.043,0,0,,0,,,,0,,,,,1004,1004,0,2,3,0,3,3,1,0,1,9,10,11,1,0,2,0,1,0,133472,0.458,0.923,0.016
806,3.859,1.275,0.001,0.056,0.079,0,0,,0,,,,0,,,,,1004,1004,0,2,3,0,3,3,1,0,1,9,10,11,1,0,2,0,1,0,133472,0.539,1.495,0.021
807,3.468,0.26,0,0.113,0.085,0,0,,0,,,,0,,,,,1004,1004,0,2,3,0,3,3,1,0,1,9,10,11,1,0,2,0,1,0,133472,0.588,1.808,0.024
808,2.505,0.001,0,0.058,0.062,0,0,,0,,,,0,,,,,1004,1004,0,2,3,0,3,3,1,0,1,9,10,11,1,0,2,0,1,0,133472,0.556,1.367,0.024
809,6.284,4.526,0,0.077,0.064,0,0,,0,,,,0,,,,,1004,1004,0,2,3,0,3,3,1,0,1,9,10,11,1,0,2,0,1,0,133472,0.385,0.828,0.012
810,8.645,6.586,0,0.065,0.075,0,0,,1,1828.125,232292352,288890880,1,71217344,71217344,167755776,38823561584,1004,1004,0,2,3,0,3,3,1,0,1,9,10,11,1,0,2,0,1,0,133472,0.469,1.05,0.014
811,2.002,0.242,0.001,0.072,0.044,0,0,,0,,,,0,,,,,1004,1004,0,2,3,0,3,3,1,0,1,9,10,11,1,0,2,0,1,0,133472,0.389,0.955,0.009
812,2.511,0.459,0,0.094,0.048,0,0,,0,,,,0,,,,,1004,1004,0,2,3,0,3,3,1,0,1,9,10,11,1,0,2,0,1,0,133472,0.368,1.114,0.035
813,2.083,0.159,0.001,0.134,0.045,0,0,,0,,,,0,,,,,1004,1004,0,2,3,0,3,3,1,0,1,9,10,11,1,0,2,0,1,0,133472,0.394,1.022,0.016
814,4.009,2.129,0,0.078,0.051,0,0,,0,,,,0,,,,,1004,1004,0,2,3,0,3,3,1,0,1,9,10,11,1,0,2,0,1,0,133472,0.405,0.953,0.014
815,14.856,12.665,0,0.065,0.06,0,0,,0,,,,0,,,,,1004,1004,0,2,3,0,3,3,1,0,1,9,10,11,1,0,2,0,1,0,133472,0.459,1.14,0.022
816,8.07,6.212,0,0.082,0.054,0,0,,0,,,,0,,,,,1004,1004,0,2,3,0,3,3,1,0,1,9,10,11,1,0,2,0,1,0,133472,0.393,0.906,0.013
817,12.549,9.564,0.001,0.134,0.084,0,0,,0,,,,0,,,,,1004,1004,0,2,3,0,3,3,1,0,1,9,10,11,1,0,2,0,1,0,133472,0.838,1.297,0.022
818,2.445,0.001,0.001,0.064,0.043,0,0,,0,,,,0,,,,,1004,1004,0,2,3,0,3,3,1,0,1,9,10,11,1,0,2,0,1,0,133472,0.547,1.378,0.023
819,3.186,0.565,0,0.069,0.072,0,0,,0,,,,0,,,,,1004,1004,0,2,3,0,3,3,1,0,1,9,10,11,1,0,2,0,1,0,133472,0.574,1.402,0.022
820,3.001,0.552,0.001,0.057,0.073,0,0,,0,,,,0,,,,,1004,1004,0,2,3,0,3,3,1,0,1,9,10,11,1,0,2,0,1,0,133472,0.475,1.399,0.025
821,5.617,2.395,0.001,0.256,0.139,0,0,,0,,,,0,,,,,1004,1004,0,2,3,0,3,3,1,0,1,9,10,11,1,0,2,0,1,0,133472,0.635,1.615,0.021
822,6.586,4.722,0.001,0.094,0.057,0,0,,0,,,,0,,,,,1004,1004,0,2,3,0,3,3,1,0,1,9,10,11,1,0,2,0,1,0,133472,0.411,0.934,0.014
823,4.326,2.263,0,0.127,0.072,0,0,,0,,,,0,,,,,1004,1004,0,2,3,0,3,3,1,0,1,9,10,11,1,0,2,0,1,0,133472,0.416,1.007,0.035
824,2.324,0.35,0,0.055,0.074,0,0,,0,,,,0,,,,,1004,1004,0,2,3,0,3,3,1,0,1,9,10,11,1,0,2,0,1,0,133472,0.403,1.075,0.023
825,2.708,0.785,0,0.114,0.034,0,0,,0,,,,0,,,,,1004,1004,0,2,3,0,3,3,1,0,1,9,10,11,1,0,2,0,1,0,133472,0.386,0.95,0.009
826,4.206,1.816,0,0.085,0.068,0,0,,0,,,,0,,,,,1004,1004,0,2,3,0,3,3,1,0,1,9,10,11,1,0,2,0,1,0,133472,0.49,1.363,0.016
827,2.281,0.001,0,0.077,0.033,0,0,,0,,,,0,,,,,1004,1004,0,2,3,0,3,3,1,0,1,9,10,11,1,0,2,0,1,0,133472,0.485,1.33,0.012
828,3.548,1.163,0,0.064,0.07,0,0,,0,,,,0,,,,,1004,1004,0,2,3,0,3,3,1,0,1,9,10,11,1,0,2,0,1,0,133472,0.473,1.368,0.018
829,2.943,0.001,0,0.069,0.061,0,0,,0,,,,0,,,,,1004,1004,0,2,3,0,3,3,1,0,1,9,10,11,1,0,2,0,1,0,133472,0.559,1.772,0.024
830,6.425,3.797,0.001,0.072,0.067,0,0,,0,,,,0,,,,,1004,1004,0,2,3,0,3,3,1,0,1,9,10,11,1,0,2,0,1,0,133472,0.547,1.363,0.024
831,9.867,7.082,0.001,0.066,0.072,0,0,,0,,,,0,,,,,1004,1004,0,2,3,0,3,3,1,0,1,9,10,11,1,0,2,0,1,0,133472,0.467,1.641,0.028
832,3.265,0.717,0.001,0.072,0.055,0,0,,0,,,,0,,,,,1004,1004,0,2,3,0,3,3,1,0,1,9,10,11,1,0,2,0,1,0,133472,0.595,1.308,0.022
833,3.057,0.964,0.001,0.086,0.043,0,0,,0,,,,0,,,,,1004,1004,0,2,3,0,3,3,1,0,1,9,10,11,1,0,2,0,1,0,133472,0.406,1.092,0.014
834,2.743,0.441,0,0.075,0.055,0,0,,0,,,,0,,,,,1004,1004,0,2,3,0,3,3,1,0,1,9,10,11,1,0,2,0,1,0,133472,0.47,1.285,0.015
835,2.849,1.15,0,0.099,0.046,0,0,,0,,,,0,,,,,1004,1004,0,2,3,0,3,3,1,0,1,9,10,11,1,0,2,0,1,0,133472,0.338,0.826,0.009
836,2.754,1.037,0,0.094,0.05,0,0,,0,,,,0,,,,,1004,1004,0,2,3,0,3,3,1,0,1,9,10,11,1,0,2,0,1,0,133472,0.363,0.714,0.008
837,2.895,0.927,0,0.109,0.048,0,0,,0,,,,0,,,,,1004,1004,0,2,3,0,3,3,1,0,1,9,10,11,1,0,2,0,1,0,133472,0.41,0.962,0.012
838,3.153,0.765,0,0.14,0.061,0,0,,0,,,,0,,,,,1004,1004,0,2,3,0,3,3,1,0,1,9,10,11,1,0,2,0,1,0,133472,0.514,1.213,0.017
839,3.684,1.291,0,0.08,0.056,0,0,,0,,,,0,,,,,1004,1004,0,2,3,0,3,3,1,0,1,9,10,11,1,0,2,0,1,0,133472,0.474,1.272,0.017
840,2.571,0.451,0,0.078,0.108,0,0,,1,1890.625,232292352,288890880,1,71217344,71217344,167755776,38823561584,1004,1004,0,2,3,0,3,3,1,0,1,9,10,11,1,0,2,0,1,0,133472,0.405,1.174,0.016
841,4.085,1.729,0,0.093,0.04,0,0,,0,,,,0,,,,,1004,1004,0,2,3,0,3,3,1,0,1,9,10,11,1,0,2,0,1,0,133472,0.394,1.372,0.013
842,3.288,0.496,0.001,0.074,0.045,0,0,,0,,,,0,,,,,1004,1004,0,2,3,0,3,3,1,0,1,9,10,11,1,0,2,0,1,0,133472,0.532,1.654,0.017
843,3.087,0.062,0.001,0.06,0.086,0,0,,0,,,,0,,,,,1004,1004,0,2,3,0,3,3,1,0,1,9,10,11,1,0,2,0,1,0,133472,0.608,1.554,0.02
844,1.969,0.373,0,0.052,0.041,0,0,,0,,,,0,,,,,1004,1004,0,2,3,0,3,3,1,0,1,9,10,11,1,0,2,0,1,0,133472,0.351,0.828,0.008
845,3.221,1.049,0.001,0.114,0.057,0,0,,0,,,,0,,,,,1004,1004,0,2,3,0,3,3,1,0,1,9,10,11,1,0,2,0,1,0,133472,0.411,1.077,0.016
846,4.139,1.321,0,0.061,0.064,0,0,,0,,,,0,,,,,1004,1004,0,2,3,0,3,3,1,0,1,9,10,11,1,0,2,0,1,0,133472,0.579,1.639,0.022
847,2.438,0.001,0.001,0.071,0.048,0,0,,0,,,,0,,,,,1004,1004,0,2,3,0,3,3,1,0,1,9,10,11,1,0,2,0,1,0,133472,0.462,1.475,0.02
848,2.602,0.001,0.001,0.061,0.045,0,0,,0,,,,0,,,,,1004,1004,0,2,3,0,3,3,1,0,1,9,10,11,1,0,2,0,1,0,133472,0.592,1.435,0.019
849,4.192,2.238,0.001,0.052,0.047,0,0,,0,,,,0,,,,,1004,1004,0,2,3,0,3,3,1,0,1,9,10,11,1,0,2,0,1,0,133472,0.397,1.093,0.015
850,5.269,3.442,0,0.046,0.041,0,0,,0,,,,0,,,,,1004,1004,0,2,3,0,3,3,1,0,1,9,10,11,1,0,2,0,1,0,133472,0.371,1.016,0.015
851,2.9,0.575,0,0.054,0.066,0,0,,0,,,,0,,,,,1004,1004,0,2,3,0,3,3,1,0,1,9,10,11,1,0,2,0,1,0,133472,0.431,1.307,0.015
852,3.776,0.001,0.001,0.042,0.106,0,0,,0,,,,0,,,,,1004,1004,0,2,3,0,3,3,1,0,1,9,10,11,1,0,2,0,1,0,133472,1.151,1.936,0.029
853,2.898,0.001,0.001,0.074,0.052,0,0,,0,,,,0,,,,,1004,1004,0,2,3,0,3,3,1,0,1,9,10,11,1,0,2,0,1,0,133472,0.634,1.651,0.021
854,2.607,0,0,0.055,0.083,0,0,,0,,,,0,,,,,1004,1004,0,2,3,0,3,3,1,0,1,9,10,11,1,0,2,0,1,0,133472,0.537,1.54,0.019
855,3.081,0.001,0.001,0.064,0.058,0,0,,0,,,,0,,,,,1004,1004,0,2,3,0,3,3,1,0,1,9,10,11,1,0,2,0,1,0,133472,0.687,1.787,0.024
856,2.372,0.001,0,0.063,0.037,0,0,,0,,,,0,,,,,1004,1004,0,2,3,0,3,3,1,0,1,9,10,11,1,0,2,0,1,0,133472,0.601,1.25,0.015
857,6.27,4.116,0.001,0.078,0.049,0,0,,0,,,,0,,,,,1004,1004,0,2,3,0,3,3,1,0,1,9,10,11,1,0,2,0,1,0,133472,0.506,1.092,0.025
858,8.88,6.686,0,0.054,0.064,0,0,,0,,,,0,,,,,1004,1004,0,2,3,0,3,3,1,0,1,9,10,11,1,0,2,0,1,0,133472,0.446,1.182,0.022
859,3.01,0.7,0.001,0.056,0.076,0,0,,0,,,,0,,,,,1004,1004,0,2,3,0,3,3,1,0,1,9,10,11,1,0,2,0,1,0,133472,0.486,1.269,0.019
860,9.007,5.444,0.001,0.092,0.09,0,0,,0,,,,0,,,,,1004,1004,0,2,3,0,3,3,1,0,1,9,10,11,1,0,2,0,1,0,133472,0.759,1.921,0.032
861,16.388,14.204,0,0.066,0.06,0,0,,0,,,,0,,,,,1004,1004,0,2,3,0,3,3,1,0,1,9,10,11,1,0,2,0,1,0,133472,0.441,1.122,0.023
862,16.389,14.354,0,0.063,0.06,0,0,,0,,,,0,,,,,1004,1004,0,2,3,0,3,3,1,0,1,9,10,11,1,0,2,0,1,0,133472,0.411,1.056,0.022
863,3.566,0.915,0.001,0.059,0.064,0,0,,0,,,,0,,,,,1004,1004,0,2,3,0,3,3,1,0,1,9,10,11,1,0,2,0,1,0,133472,0.543,1.52,0.026
864,3.655,1.465,0.001,0.053,0.074,0,0,,0,,,,0,,,,,1004,1004,0,2,3,0,3,3,1,0,1,9,10,11,1,0,2,0,1,0,133472,0.508,1.166,0.02
865,2.49,0.001,0.001,0.047,0.055,0,0,,0,,,,0,,,,,1004,1004,0,2,3,0,3,3,1,0,1,9,10,11,1,0,2,0,1,0,133472,0.451,1.541,0.021
866,2.388,0.001,0,0.064,0.037,0,0,,0,,,,0,,,,,1004,1004,0,2,3,0,3,3,1,0,1,9,10,11,1,0,2,0,1,0,133472,0.464,1.413,0.016
867,2.875,0.834,0,0.053,0.04,0,0,,0,,,,0,,,,,1004,1004,0,2,3,0,3,3,1,0,1,9,10,11,1,0,2,0,1,0,133472,0.484,1.134,0.013
868,3.46,0.39,0.001,0.069,0.059,0,0,,0,,,,0,,,,,1004,1004,0,2,3,0,3,3,1,0,1,9,10,11,1,0,2,0,1,0,133472,0.698,1.746,0.017
869,2.349,0.001,0,0.057,0.037,0,0,,0,,,,0,,,,,1004,1004,0,2,3,0,3,3,1,0,1,9,10,11,1,0,2,0,1,0,133472,0.515,1.378,0.012
870,2.591,0.626,0.001,0.144,0.042,0,0,,1,1984.375,232292352,288890880,1,71217344,71217344,167755776,38823561584,1004,1004,0,2,3,0,3,3,1,0,1,9,10,11,1,0,2,0,1,0,133472,0.429,1.016,0.011
871,2.619,0.381,0,0.053,0.059,0,0,,0,,,,0,,,,,1004,1004,0,2,3,0,3,3,1,0,1,9,10,11,1,0,2,0,1,0,133472,0.387,1.302,0.018
872,2.283,0.073,0,0.074,0.032,0,0,,0,,,,0,,,,,1004,1004,0,2,3,0,3,3,1,0,1,9,10,11,1,0,2,0,1,0,133472,0.538,1.204,0.012
873,2.443,0.447,0,0.066,0.041,0,0,,0,,,,0,,,,,1004,1004,0,2,3,0,3,3,1,0,1,9,10,11,1,0,2,0,1,0,133472,0.395,1.159,0.011
874,2.285,0.252,0,0.065,0.036,0,0,,0,,,,0,,,,,1004,1004,0,2,3,0,3,3,1,0,1,9,10,11,1,0,2,0,1,0,133472,0.477,1.069,0.01
875,2.297,0.216,0.001,0.051,0.036,0,0,,0,,,,0,,,,,1004,1004,0,2,3,0,3,3,1,0,1,9,10,11,1,0,2,0,1,0,133472,0.415,1.272,0.02
876,2.992,0.75,0,0.065,0.048,0,0,,0,,,,0,,,,,1004,1004,0,2,3,0,3,3,1,0,1,9,10,11,1,0,2,0,1,0,133472,0.491,1.258,0.018
877,2.262,0,0,0.059,0.03,0,0,,0,,,,0,,,,,1004,1004,0,2,3,0,3,3,1,0,1,9,10,11,1,0,2,0,1,0,133472,0.518,1.339,0.01
878,2.39,0.001,0,0.05,0.038,0,0,,0,,,,0,,,,,1004,1004,0,2,3,0,3,3,1,0,1,9,10,11,1,0,2,0,1,0,133472,0.55,1.455,0.013
879,2.291,0.001,0.001,0.062,0.037,0,0,,0,,,,0,,,,,1004,1004,0,2,3,0,3,3,1,0,1,9,10,11,1,0,2,0,1,0,133472,0.533,1.303,0.013
880,2.249,0,0,0.059,0.03,0,0,,0,,,,0,,,,,1004,1004,0,2,3,0,3,3,1,0,1,9,10,11,1,0,2,0,1,0,133472,0.5,1.307,0.01
881,1.837,0,0,0.051,0.029,0,0,,0,,,,0,,,,,1004,1004,0,2,3,0,3,3,1,0,1,9,10,11,1,0,2,0,1,0,133472,0.387,1.1,0.01
882,2.442,0.349,0,0.05,0.064,0,0,,0,,,,0,,,,,1004,1004,0,2,3,0,3,3,1,0,1,9,10,11,1,0,2,0,1,0,133472,0.418,1.224,0.014
883,2.019,0.001,0,0.055,0.05,0,0,,0,,,,0,,,,,1004,1004,0,2,3,0,3,3,1,0,1,9,10,11,1,0,2,0,1,0,133472,0.448,1.129,0.013
884,2.712,0.9,0,0.092,0.031,0,0,,0,,,,0,,,,,1004,1004,0,2,3,0,3,3,1,0,1,9,10,11,1,0,2,0,1,0,133472,0.362,0.99,0.009
885,2.28,0.29,0,0.069,0.04,0,0,,0,,,,0,,,,,1004,1004,0,2,3,0,3,3,1,0,1,9,10,11,1,0,2,0,1,0,133472,0.358,1.183,0.012
886,2.742,0.104,0,0.07,0.062,0,0,,0,,,,0,,,,,1004,1004,0,2,3,0,3,3,1,0,1,9,10,11,1,0,2,0,1,0,133472,0.624,1.424,0.012
887,2.873,0.001,0.001,0.463,0.059,0,0,,0,,,,0,,,,,1004,1004,0,2,3,0,3,3,1,0,1,9,10,11,1,0,2,0,1,0,133472,0.554,1.302,0.014
888,2.325,0.001,0,0.065,0.046,0,0,,0,,,,0,,,,,1004,1004,0,2,3,0,3,3,1,0,1,9,10,11,1,0,2,0,1,0,133472,0.484,1.369,0.02
889,2.807,0.001,0,0.073,0.048,0,0,,0,,,,0,,,,,1004,1004,0,2,3,0,3,3,1,0,1,9,10,11,1,0,2,0,1,0,133472,0.559,1.7,0.017
890,2.413,0.001,0.001,0.068,0.049,0,0,,0,,,,0,,,,,1004,1004,0,2,3,0,3,3,1,0,1,9,10,11,1,0,2,0,1,0,133472,0.567,1.343,0.015
891,2.111,0,0.01,0.054,0.037,0,0,,0,,,,0,,,,,1004,1004,0,2,3,0,3,3,1,0,1,9,10,11,1,0,2,0,1,0,133472,0.444,1.232,0.021
892,7.846,6.146,0,0.09,0.052,0,0,,0,,,,0,,,,,1004,1004,0,2,3,0,3,3,1,0,1,9,10,11,1,0,2,0,1,0,133472,0.412,0.792,0.013
893,13.218,10.071,0.001,0.103,0.081,0,0,,0,,,,0,,,,,1004,1004,0,2,3,0,3,3,1,0,1,9,10,11,1,0,2,0,1,0,133472,0.741,1.511,0.048
894,5.441,3.234,0.001,0.09,0.059,0,0,,0,,,,0,,,,,1004,1004,0,2,3,0,3,3,1,0,1,9,10,11,1,0,2,0,1,0,133472,0.444,1.08,0.016
895,2.214,0.412,0,0.047,0.052,0,0,,0,,,,0,,,,,1004,1004,0,2,3,0,3,3,1,0,1,9,10,11,1,0,2,0,1,0,133472,0.386,0.986,0.012
896,2.257,0.526,0,0.043,0.04,0,0,,0,,,,0,,,,,1004,1004,0,2,3,0,3,3,1,0,1,9,10,11,1,0,2,0,1,0,133472,0.379,0.957,0.01
897,2.225,0.58,0,0.043,0.037,0,0,,0,,,,0,,,,,1004,1004,0,2,3,0,3,3,1,0,1,9,10,11,1,0,2,0,1,0,133472,0.34,0.969,0.01
898,2.559,0.455,0,0.073,0.063,0,0,,0,,,,0,,,,,1004,1004,0,2,3,0,3,3,1,0,1,9,10,11,1,0,2,0,1,0,133472,0.437,1.029,0.033
899,2.343,0.001,0,0.142,0.046,0,0,,0,,,,0,,,,,1004,1004,0,2,3,0,3,3,1,0,1,9,10,11,1,0,2,0,1,0,133472,0.499,1.291,0.014
900,1.84,0,0,0.044,0.036,0,0,,1,2062.5,232292352,288890880,1,71217344,71217344,167755776,38823561584,1004,1004,0,2,3,0,3,3,1,0,1,9,10,11,1,0,2,0,1,0,133472,0.391,1.093,0.011
901,1.881,0,0,0.044,0.036,0,0,,0,,,,0,,,,,1004,1004,0,2,3,0,3,3,1,0,1,9,10,11,1,0,2,0,1,0,133472,0.382,1.129,0.012
902,2.027,0.001,0,0.044,0.04,0,0,,0,,,,0,,,,,1004,1004,0,2,3,0,3,3,1,0,1,9,10,11,1,0,2,0,1,0,133472,0.434,1.213,0.011
903,1.932,0,0,0.047,0.031,0,0,,0,,,,0,,,,,1004,1004,0,2,3,0,3,3,1,0,1,9,10,11,1,0,2,0,1,0,133472,0.448,1.138,0.01
904,2.325,0.695,0,0.046,0.031,0,0,,0,,,,0,,,,,1004,1004,0,2,3,0,3,3,1,0,1,9,10,11,1,0,2,0,1,0,133472,0.357,0.936,0.009
905,2.665,0.683,0.008,0.043,0.046,0,0,,0,,,,0,,,,,1004,1004,0,2,3,0,3,3,1,0,1,9,10,11,1,0,2,0,1,0,133472,0.351,1.245,0.019
906,2.473,0.327,0,0.072,0.045,0,0,,0,,,,0,,,,,1004,1004,0,2,3,0,3,3,1,0,1,9,10,11,1,0,2,0,1,0,133472,0.432,1.128,0.013
907,2.232,0.446,0.001,0.071,0.031,0,0,,0,,,,0,,,,,1004,1004,0,2,3,0,3,3,1,0,1,9,10,11,1,0,2,0,1,0,133472,0.347,0.942,0.009
908,1.908,0.001,0,0.033,0.036,0,0,,0,,,,0,,,,,1004,1004,0,2,3,0,3,3,1,0,1,9,10,11,1,0,2,0,1,0,133472,0.402,1.175,0.017
909,2.086,0,0,0.045,0.063,0,0,,0,,,,0,,,,,1004,1004,0,2,3,0,3,3,1,0,1,9,10,11,1,0,2,0,1,0,133472,0.442,1.234,0.012
910,2.416,0.001,0,0.043,0.06,0,0,,0,,,,0,,,,,1004,1004,0,2,3,0,3,3,1,0,1,9,10,11,1,0,2,0,1,0,133472,0.534,1.451,0.018
911,2.479,0,0.001,0.057,0.043,0,0,,0,,,,0,,,,,1004,1004,0,2,3,0,3,3,1,0,1,9,10,11,1,0,2,0,1,0,133472,0.573,1.428,0.012
912,2.561,0,0,0.155,0.034,0,0,,0,,,,0,,,,,1004,1004,0,2,3,0,3,3,1,0,1,9,10,11,1,0,2,0,1,0,133472,0.637,1.356,0.016
913,2.571,0,0,0.044,0.035,0,0,,0,,,,0,,,,,1004,1004,0,2,3,0,3,3,1,0,1,9,10,11,1,0,2,0,1,0,133472,0.588,1.473,0.063
914,2.284,0.001,0,0.04,0.034,0,0,,0,,,,0,,,,,1004,1004,0,2,3,0,3,3,1,0,1,9,10,11,1,0,2,0,1,0,133472,0.483,1.389,0.01
915,1.958,0,0,0.035,0.032,0,0,,0,,,,0,,,,,1004,1004,0,2,3,0,3,3,1,0,1,9,10,11,1,0,2,0,1,0,133472,0.45,1.145,0.009
916,2.56,0.081,0,0.035,0.045,0,0,,0,,,,0,,,,,1004,1004,0,2,3,0,3,3,1,0,1,9,10,11,1,0,2,0,1,0,133472,0.453,1.618,0.02
917,6.091,0.398,0.001,0.125,0.095,0,0,,0,,,,0,,,,,1004,1004,0,2,3,0,3,3,1,0,1,9,10,11,1,0,2,0,1,0,133472,1.271,3.221,0.04
918,3.454,0.002,0.001,0.087,0.096,0,0,,0,,,,0,,,,,1004,1004,0,2,3,0,3,3,1,0,1,9,10,11,1,0,2,0,1,0,133472,0.728,1.887,0.034
919,7.67,4.724,0,0.087,0.092,0,0,,0,,,,0,,,,,1004,1004,0,2,3,0,3,3,1,0,1,9,10,11,1,0,2,0,1,0,133472,0.493,1.679,0.031
920,11.535,8.573,0,0.079,0.077,0,0,,0,,,,0,,,,,1004,1004,0,2,3,0,3,3,1,0,1,9,10,11,1,0,2,0,1,0,133472,0.579,1.653,0.025
921,12.912,10.356,0.001,0.061,0.084,0,0,,0,,,,0,,,,,1004,1004,0,2,3,0,3,3,1,0,1,9,10,11,1,0,2,0,1,0,133472,0.499,1.44,0.025
922,2.475,0.002,0.001,0.065,0.047,0,0,,0,,,,0,,,,,1004,1004,0,2,3,0,3,3,1,0,1,9,10,11,1,0,2,0,1,0,133472,0.485,1.473,0.02
923,2.072,0,0,0.067,0.036,0,0,,0,,,,0,,,,,1004,1004,0,2,3,0,3,3,1,0,1,9,10,11,1,0,2,0,1,0,133472,0.487,1.139,0.014
924,2.303,0.3,0,0.056,0.047,0,0,,0,,,,0,,,,,1004,1004,0,2,3,0,3,3,1,0,1,9,10,11,1,0,2,0,1,0,133472,0.408,1.113,0.012
925,2.053,0,0.001,0.064,0.036,0,0,,0,,,,0,,,,,1004,1004,0,2,3,0,3,3,1,0,1,9,10,11,1,0,2,0,1,0,133472,0.466,1.154,0.012
926,2.524,0.001,0.001,0.061,0.043,0,0,,0,,,,0,,,,,1004,1004,0,2,3,0,3,3,1,0,1,9,10,11,1,0,2,0,1,0,133472,0.577,1.513,0.017
927,2.061,0,0,0.057,0.031,0,0,,0,,,,0,,,,,1004,1004,0,2,3,0,3,3,1,0,1,9,10,11,1,0,2,0,1,0,133472,0.421,1.25,0.012
928,1.981,0,0,0.049,0.038,0,0,,0,,,,0,,,,,1004,1004,0,2,3,0,3,3,1,0,1,9,10,11,1,0,2,0,1,0,133472,0.381,1.221,0.017
929,2.704,0,0,0.066,0.051,0,0,,0,,,,0,,,,,1004,1004,0,2,3,0,3,3,1,0,1,9,10,11,1,0,2,0,1,0,133472,0.564,1.62,0.021
930,3.104,0.001,0.001,0.079,0.069,0,0,,1,2125,232292352,288890880,1,71217344,71217344,167755776,38823561584,1004,1004,0,2,3,0,3,3,1,0,1,9,10,11,1,0,2,0,1,0,133472,0.645,1.797,0.021
931,2.763,0.001,0,0.064,0.049,0,0,,0,,,,0,,,,,1004,1004,0,2,3,0,3,3,1,0,1,9,10,11,1,0,2,0,1,0,133472,0.608,1.61,0.018
932,2.538,0,0.001,0.065,0.036,0,0,,0,,,,0,,,,,1004,1004,0,2,3,0,3,3,1,0,1,9,10,11,1,0,2,0,1,0,133472,0.619,1.397,0.022
933,4.709,2.038,0,0.067,0.087,0,0,,0,,,,0,,,,,1004,1004,0,2,3,0,3,3,1,0,1,9,10,11,1,0,2,0,1,0,133472,0.509,1.487,0.02
934,2.868,0.002,0.001,0.069,0.055,0,0,,0,,,,0,,,,,1004,1004,0,2,3,0,3,3,1,0,1,9,10,11,1,0,2,0,1,0,133472,0.587,1.632,0.024
935,2.534,0.001,0.001,0.061,0.046,0,0,,0,,,,0,,,,,1004,1004,0,2,3,0,3,3,1,0,1,9,10,11,1,0,2,0,1,0,133472,0.543,1.423,0.019
936,5.044,2.688,0.001,0.069,0.072,0,0,,0,,,,0,,,,,1004,1004,0,2,3,0,3,3,1,0,1,9,10,11,1,0,2,0,1,0,133472,0.551,1.169,0.018
937,2.72,0.474,0,0.061,0.058,0,0,,0,,,,0,,,,,1004,1004,0,2,3,0,3,3,1,0,1,9,10,11,1,0,2,0,1,0,133472,0.452,1.263,0.017
938,4.65,2.192,0.001,0.055,0.065,0,0,,0,,,,0,,,,,1004,1004,0,2,3,0,3,3,1,0,1,9,10,11,1,0,2,0,1,0,133472,0.427,1.494,0.018
939,2.469,0.001,0.001,0.063,0.044,0,0,,0,,,,0,,,,,1004,1004,0,2,3,0,3,3,1,0,1,9,10,11,1,0,2,0,1,0,133472,0.575,1.368,0.019
940,3.345,0.988,0,0.057,0.056,0,0,,0,,,,0,,,,,1004,1004,0,2,3,0,3,3,1,0,1,9,10,11,1,0,2,0,1,0,133472,0.55,1.222,0.015
941,2.645,0.001,0,0.049,0.056,0,0,,0,,,,0,,,,,1004,1004,0,2,3,0,3,3,1,0,1,9,10,11,1,0,2,0,1,0,133472,0.612,1.589,0.018
942,2.844,0.001,0,0.073,0.041,0,0,,0,,,,0,,,,,1004,1004,0,2,3,0,3,3,1,0,1,9,10,11,1,0,2,0,1,0,133472,0.642,1.642,0.017
943,2.468,0.051,0.001,0.064,0.037,0,0,,0,,,,0,,,,,1004,1004,0,2,3,0,3,3,1,0,1,9,10,11,1,0,2,0,1,0,133472,0.557,1.356,0.012
944,11.632,8.78,0.001,0.102,0.079,0,0,,0,,,,0,,,,,1004,1004,0,2,3,0,3,3,1,0,1,9,10,11,1,0,2,0,1,0,133472,0.613,1.473,0.017
945,2.534,0.002,0,0.067,0.037,0,0,,0,,,,0,,,,,1004,1004,0,2,3,0,3,3,1,0,1,9,10,11,1,0,2,0,1,0,133472,0.621,1.449,0.01
946,1.95,0.041,0,0.079,0.027,0,0,,0,,,,0,,,,,1004,1004,0,2,3,0,3,3,1,0,1,9,10,11,1,0,2,0,1,0,133472,0.47,0.983,0.006
947,1.897,0,0.001,0.041,0.056,0,0,,0,,,,0,,,,,1004,1004,0,2,3,0,3,3,1,0,1,9,10,11,1,0,2,0,1,0,133472,0.394,1.065,0.017
948,2.451,0.001,0,0.096,0.056,0,0,,0,,,,0,,,,,1004,1004,0,2,3,0,3,3,1,0,1,9,10,11,1,0,2,0,1,0,133472,0.458,1.298,0.022
949,1.957,0.001,0,0.066,0.03,0,0,,0,,,,0,,,,,1004,1004,0,2,3,0,3,3,1,0,1,9,10,11,1,0,2,0,1,0,133472,0.436,1.088,0.011
950,8.062,6.366,0.001,0.103,0.05,0,0,,0,,,,0,,,,,1004,1004,0,2,3,0,3,3,1,0,1,9,10,11,1,0,2,0,1,0,133472,0.318,0.804,0.01
951,3.886,1.171,0,0.058,0.06,0,0,,0,,,,0,,,,,1004,1004,0,2,3,0,3,3,1,0,1,9,10,11,1,0,2,0,1,0,133472,0.659,1.592,0.017
952,2.117,0.001,0,0.065,0.035,0,0,,0,,,,0,,,,,1004,1004,0,2,3,0,3,3,1,0,1,9,10,11,1,0,2,0,1,0,133472,0.413,1.244,0.015
953,2.54,0.001,0,0.043,0.063,0,0,,0,,,,0,,,,,1004,1004,0,2,3,0,3,3,1,0,1,9,10,11,1,0,2,0,1,0,133472,0.51,1.518,0.024
954,4.308,0.003,0.001,0.109,0.096,0,0,,0,,,,0,,,,,1004,1004,0,2,3,0,3,3,1,0,1,9,10,11,1,0,2,0,1,0,133472,0.917,2.329,0.027
955,2.845,0.001,0,0.079,0.048,0,0,,0,,,,0,,,,,1004,1004,0,2,3,0,3,3,1,0,1,9,10,11,1,0,2,0,1,0,133472,0.818,1.179,0.03
956,16.046,14.156,0,0.139,0.053,0,0,,0,,,,0,,,,,1004,1004,0,2,3,0,3,3,1,0,1,9,10,11,1,0,2,0,1,0,133472,0.371,0.917,0.014
957,15.984,14.344,0.001,0.1,0.05,0,0,,0,,,,0,,,,,1004,1004,0,2,3,0,3,3,1,0,1,9,10,11,1,0,2,0,1,0,133472,0.3,0.73,0.013
958,8.086,5.222,0,0.105,0.08,0,0,,0,,,,0,,,,,1004,1004,0,2,3,0,3,3,1,0,1,9,10,11,1,0,2,0,1,0,133472,0.583,1.618,0.026
959,2.752,0.001,0,0.062,0.05,0,0,,0,,,,0,,,,,1004,1004,0,2,3,0,3,3,1,0,1,9,10,11,1,0,2,0,1,0,133472,0.544,1.63,0.023
960,4.27,2.079,0.001,0.053,0.063,0,0,,1,2187.5,232357888,288890880,1,71217344,71217344,167755776,38823561584,1004,1004,0,2,3,0,3,3,1,0,1,9,10,11,1,0,2,0,1,0,133472,0.436,1.233,0.02
961,2.719,0.301,0,0.049,0.057,0,0,,0,,,,0,,,,,1004,1004,0,2,3,0,3,3,1,0,1,9,10,11,1,0,2,0,1,0,133472,0.458,1.436,0.021
962,3.771,1.527,0,0.066,0.055,0,0,,0,,,,0,,,,,1004,1004,0,2,3,0,3,3,1,0,1,9,10,11,1,0,2,0,1,0,133472,0.472,1.171,0.017
963,3.36,0.479,0,0.053,0.066,0,0,,0,,,,0,,,,,1004,1004,0,2,3,0,3,3,1,0,1,9,10,11,1,0,2,0,1,0,133472,0.646,1.669,0.025
964,2.279,0.001,0,0.058,0.033,0,0,,0,,,,0,,,,,1004,1004,0,2,3,0,3,3,1,0,1,9,10,11,1,0,2,0,1,0,133472,0.473,1.293,0.018
965,20.53,18.52,0.001,0.061,0.067,0,0,,0,,,,0,,,,,1004,1004,0,2,3,0,3,3,1,0,1,9,10,11,1,0,2,0,1,0,133472,0.389,1.061,0.025
966,2.126,0.001,0,0.056,0.036,0,0,,0,,,,0,,,,,1004,1004,0,2,3,0,3,3,1,0,1,9,10,11,1,0,2,0,1,0,133472,0.486,1.171,0.018
967,4.666,2.679,0,0.047,0.054,0,0,,0,,,,0,,,,,1004,1004,0,2,3,0,3,3,1,0,1,9,10,11,1,0,2,0,1,0,133472,0.4,1.129,0.014
968,2.944,0.364,0,0.049,0.076,0,0,,0,,,,0,,,,,1004,1004,0,2,3,0,3,3,1,0,1,9,10,11,1,0,2,0,1,0,133472,0.509,1.522,0.024
969,3.367,0.615,0,0.074,0.064,0,0,,0,,,,0,,,,,1004,1004,0,2,3,0,3,3,1,0,1,9,10,11,1,0,2,0,1,0,133472,0.598,1.513,0.02
970,12.342,9.934,0,0.059,0.083,0,0,,0,,,,0,,,,,1004,1004,0,2,3,0,3,3,1,0,1,9,10,11,1,0,2,0,1,0,133472,0.412,1.396,0.027
971,2.933,0.001,0,0.07,0.051,0,0,,0,,,,0,,,,,1004,1004,0,2,3,0,3,3,1,0,1,9,10,11,1,0,2,0,1,0,133472,0.607,1.699,0.024
972,4.073,1.884,0.001,0.061,0.071,0,0,,0,,,,0,,,,,1004,1004,0,2,3,0,3,3,1,0,1,9,10,11,1,0,2,0,1,0,133472,0.46,1.162,0.019
973,2.471,0.163,0.001,0.043,0.059,0,0,,0,,,,0,,,,,1004,1004,0,2,3,0,3,3,1,0,1,9,10,11,1,0,2,0,1,0,133472,0.409,1.436,0.021
974,2.905,0.001,0.001,0.062,0.044,0,0,,0,,,,0,,,,,1004,1004,0,2,3,0,3,3,1,0,1,9,10,11,1,0,2,0,1,0,133472,0.609,1.682,0.022
975,16.298,14.292,0,0.071,0.053,0,0,,0,,,,0,,,,,1004,1004,0,2,3,0,3,3,1,0,1,9,10,11,1,0,2,0,1,0,133472,0.407,1.036,0.016
976,11.902,9.492,0.001,0.083,0.097,0,0,,0,,,,0,,,,,1004,1004,0,2,3,0,3,3,1,0,1,9,10,11,1,0,2,0,1,0,133472,0.462,1.316,0.025
977,3.564,0.001,0,0.058,0.113,0,0,,0,,,,0,,,,,1004,1004,0,2,3,0,3,3,1,0,1,9,10,11,1,0,2,0,1,0,133472,0.573,2.263,0.034
978,3.409,0.001,0.001,0.046,0.067,0,0,,0,,,,0,,,,,1004,1004,0,2,3,0,3,3,1,0,1,9,10,11,1,0,2,0,1,0,133472,0.772,2.126,0.011
979,2.757,0,0,0.074,0.058,0,0,,0,,,,0,,,,,1004,1004,0,2,3,0,3,3,1,0,1,9,10,11,1,0,2,0,1,0,133472,0.5,1.599,0.033
980,2.945,0.001,0.001,0.099,0.05,0,0,,0,,,,0,,,,,1004,1004,0,2,3,0,3,3,1,0,1,9,10,11,1,0,2,0,1,0,133472,0.64,1.653,0.019
981,2.966,0,0.001,0.071,0.035,0,0,,0,,,,0,,,,,1004,1004,0,2,3,0,3,3,1,0,1,9,10,11,1,0,2,0,1,0,133472,0.699,1.785,0.013
982,2.161,0,0,0.038,0.036,0,0,,0,,,,0,,,,,1004,1004,0,2,3,0,3,3,1,0,1,9,10,11,1,0,2,0,1,0,133472,0.43,1.367,0.013
983,1.888,0,0,0.048,0.024,0,0,,0,,,,0,,,,,1004,1004,0,2,3,0,3,3,1,0,1,9,10,11,1,0,2,0,1,0,133472,0.402,1.132,0.01
984,3.699,1.807,0.001,0.096,0.034,0,0,,0,,,,0,,,,,1004,1004,0,2,3,0,3,3,1,0,1,9,10,11,1,0,2,0,1,0,133472,0.382,0.989,0.009
985,3.057,0.767,0.001,0.096,0.06,0,0,,0,,,,0,,,,,1004,1004,0,2,3,0,3,3,1,0,1,9,10,11,1,0,2,0,1,0,133472,0.429,1.215,0.02
986,2.573,0.348,0,0.07,0.046,0,0,,0,,,,0,,,,,1004,1004,0,2,3,0,3,3,1,0,1,9,10,11,1,0,2,0,1,0,133472,0.475,1.231,0.016
987,5.802,3.521,0,0.064,0.06,0,0,,0,,,,0,,,,,1004,1004,0,2,3,0,3,3,1,0,1,9,10,11,1,0,2,0,1,0,133472,0.479,1.32,0.014
988,2.245,0.001,0,0.045,0.037,0,0,,0,,,,0,,,,,1004,1004,0,2,3,0,3,3,1,0,1,9,10,11,1,0,2,0,1,0,133472,0.453,1.356,0.013
989,2.641,0.975,0,0.046,0.042,0,0,,0,,,,0,,,,,1004,1004,0,2,3,0,3,3,1,0,1,9,10,11,1,0,2,0,1,0,133472,0.328,0.975,0.01
990,1.777,0.001,0.001,0.03,0.045,0,0,,1,2250,232357888,288890880,1,71217344,71217344,167755776,38823561584,1004,1004,0,2,3,0,3,3,1,0,1,9,10,11,1,0,2,0,1,0,133472,0.34,1.086,0.014
991,2.479,0,0,0.052,0.036,0,0,,0,,,,0,,,,,1004,1004,0,2,3,0,3,3,1,0,1,9,10,11,1,0,2,0,1,0,133472,0.506,1.508,0.016
992,2.243,0,0,0.065,0.034,0,0,,0,,,,0,,,,,1004,1004,0,2,3,0,3,3,1,0,1,9,10,11,1,0,2,0,1,0,133472,0.515,1.247,0.013
993,3.117,1.312,0,0.057,0.043,0,0,,0,,,,0,,,,,1004,1004,0,2,3,0,3,3,1,0,1,9,10,11,1,0,2,0,1,0,133472,0.423,0.938,0.011
994,2.43,0.72,0.001,0.089,0.039,0,0,,0,,,,0,,,,,1004,1004,0,2,3,0,3,3,1,0,1,9,10,11,1,0,2,0,1,0,133472,0.313,0.876,0.01
995,4.995,3.158,0,0.05,0.043,0,0,,0,,,,0,,,,,1004,1004,0,2,3,0,3,3,1,0,1,9,10,11,1,0,2,0,1,0,133472,0.381,1.035,0.013
996,1.927,0.001,0,0.033,0.056,0,0,,0,,,,0,,,,,1004,1004,0,2,3,0,3,3,1,0,1,9,10,11,1,0,2,0,1,0,133472,0.344,1.223,0.014
997,2.733,0.001,0.001,0.067,0.052,0,0,,0,,,,0,,,,,1004,1004,0,2,3,0,3,3,1,0,1,9,10,11,1,0,2,0,1,0,133472,0.608,1.579,0.018
998,2.626,0.001,0,0.075,0.064,0,0,,0,,,,0,,,,,1004,1004,0,2,3,0,3,3,1,0,1,9,10,11,1,0,2,0,1,0,133472,0.523,1.525,0.022
999,1.885,0.001,0,0.06,0.033,0,0,,0,,,,0,,,,,1004,1004,0,2,3,0,3,3,1,0,1,9,10,11,1,0,2,0,1,0,133472,0.466,1.004,0.009
1000,2.687,0.966,0,0.094,0.024,0,0,,0,,,,0,,,,,1004,1004,0,2,3,0,3,3,1,0,1,9,10,11,1,0,2,0,1,0,133472,0.331,0.915,0.009
1001,4.374,2.701,0,0.092,0.03,0,0,,0,,,,0,,,,,1004,1004,0,2,3,0,3,3,1,0,1,9,10,11,1,0,2,0,1,0,133472,0.331,0.907,0.009
1002,2.37,0.28,0,0.035,0.048,0,0,,0,,,,0,,,,,1004,1004,0,2,3,0,3,3,1,0,1,9,10,11,1,0,2,0,1,0,133472,0.324,1.366,0.016
1003,2.227,0.001,0,0.076,0.022,0,0,,0,,,,0,,,,,1004,1004,0,2,3,0,3,3,1,0,1,9,10,11,1,0,2,0,1,0,133472,0.545,1.185,0.013
1004,2.242,0.001,0,0.044,0.037,0,0,,0,,,,0,,,,,1004,1004,0,2,3,0,3,3,1,0,1,9,10,11,1,0,2,0,1,0,133472,0.555,1.292,0.013
1005,2.877,0.909,0,0.063,0.046,0,0,,0,,,,0,,,,,1004,1004,0,2,3,0,3,3,1,0,1,9,10,11,1,0,2,0,1,0,133472,0.429,1.086,0.014
1006,2.011,0.001,0,0.054,0.049,0,0,,0,,,,0,,,,,1004,1004,0,2,3,0,3,3,1,0,1,9,10,11,1,0,2,0,1,0,133472,0.396,1.192,0.012
1007,1.976,0,0,0.052,0.029,0,0,,0,,,,0,,,,,1004,1004,0,2,3,0,3,3,1,0,1,9,10,11,1,0,2,0,1,0,133472,0.42,1.201,0.012
1008,4.504,2.493,0.001,0.097,0.078,0,0,,0,,,,0,,,,,1004,1004,0,2,3,0,3,3,1,0,1,9,10,11,1,0,2,0,1,0,133472,0.247,1.186,0.019
1009,2.943,0.776,0.001,0.074,0.046,0,0,,0,,,,0,,,,,1004,1004,0,2,3,0,3,3,1,0,1,9,10,11,1,0,2,0,1,0,133472,0.409,1.253,0.038
1010,5.113,3.036,0,0.064,0.095,0,0,,0,,,,0,,,,,1004,1004,0,2,3,0,3,3,1,0,1,9,10,11,1,0,2,0,1,0,133472,0.403,1.144,0.017
1011,2.749,0.788,0.001,0.043,0.033,0,0,,0,,,,0,,,,,1004,1004,0,2,3,0,3,3,1,0,1,9,10,11,1,0,2,0,1,0,133472,0.389,1.067,0.012
1012,3.827,2.268,0.001,0.078,0.034,0,0,,0,,,,0,,,,,1004,1004,0,2,3,0,3,3,1,0,1,9,10,11,1,0,2,0,1,0,133472,0.306,0.832,0.009
1013,2.842,1.09,0,0.099,0.095,0,0,,0,,,,0,,,,,1004,1004,0,2,3,0,3,3,1,0,1,9,10,11,1,0,2,0,1,0,133472,0.375,0.854,0.018
1014,2.613,0.002,0,0.104,0.061,0,0,,0,,,,0,,,,,1004,1004,0,2,3,0,3,3,1,0,1,9,10,11,1,0,2,0,1,0,133472,0.548,1.436,0.02
1015,2.03,0.092,0.001,0.051,0.032,0,0,,0,,,,0,,,,,1004,1004,0,2,3,0,3,3,1,0,1,9,10,11,1,0,2,0,1,0,133472,0.402,1.137,0.012
1016,1.811,0,0,0.036,0.033,0,0,,0,,,,0,,,,,1004,1004,0,2,3,0,3,3,1,0,1,9,10,11,1,0,2,0,1,0,133472,0.419,1.066,0.008
1017,2.551,1.091,0,0.088,0.028,0,0,,0,,,,0,,,,,1004,1004,0,2,3,0,3,3,1,0,1,9,10,11,1,0,2,0,1,0,133472,0.324,0.707,0.007
1018,5.048,3.869,0,0.039,0.036,0,0,,0,,,,0,,,,,1004,1004,0,2,3,0,3,3,1,0,1,9,10,11,1,0,2,0,1,0,133472,0.279,0.617,0.006
1019,5.027,1.897,0,0.051,0.074,0,0,,0,,,,0,,,,,1004,1004,0,2,3,0,3,3,1,0,1,9,10,11,1,0,2,0,1,0,133472,0.609,1.807,0.027
1020,3.695,2.205,0,0.048,0.033,0,0,,1,2312.5,232357888,288890880,1,71217344,71217344,167755776,38823561584,1004,1004,0,2,3,0,3,3,1,0,1,9,10,11,1,0,2,0,1,0,133472,0.354,0.773,0.011
1021,2.713,1.197,0,0.043,0.033,0,0,,0,,,,0,,,,,1004,1004,0,2,3,0,3,3,1,0,1,9,10,11,1,0,2,0,1,0,133472,0.342,0.762,0.007
1022,4.294,2.361,0.001,0.168,0.04,0,0,,0,,,,0,,,,,1004,1004,0,2,3,0,3,3,1,0,1,9,10,11,1,0,2,0,1,0,133472,0.404,0.963,0.013
1023,2.165,0.597,0.001,0.115,0.035,0,0,,0,,,,0,,,,,1004,1004,0,2,3,0,3,3,1,0,1,9,10,11,1,0,2,0,1,0,133472,0.33,0.802,0.01
1024,2.202,0.145,0,0.038,0.049,0,0,,0,,,,0,,,,,1004,1004,0,2,3,0,3,3,1,0,1,9,10,11,1,0,2,0,1,0,133472,0.4,1.129,0.037
1025,2.084,0.001,0,0.074,0.038,0,0,,0,,,,0,,,,,1004,1004,0,2,3,0,3,3,1,0,1,9,10,11,1,0,2,0,1,0,133472,0.432,1.218,0.012
1026,2.704,0.895,0,0.083,0.035,0,0,,0,,,,0,,,,,1004,1004,0,2,3,0,3,3,1,0,1,9,10,11,1,0,2,0,1,0,133472,0.352,0.952,0.009
1027,1.713,0.001,0,0.031,0.028,0,0,,0,,,,0,,,,,1004,1004,0,2,3,0,3,3,1,0,1,9,10,11,1,0,2,0,1,0,133472,0.373,1.014,0.01
1028,1.62,0,0,0.033,0.022,0,0,,0,,,,0,,,,,1004,1004,0,2,3,0,3,3,1,0,1,9,10,11,1,0,2,0,1,0,133472,0.352,0.95,0.011
1029,3.935,2.151,0,0.116,0.027,0,0,,0,,,,0,,,,,1004,1004,0,2,3,0,3,3,1,0,1,9,10,11,1,0,2,0,1,0,133472,0.367,0.94,0.009
1030,3.275,0.817,0,0.078,0.061,0,0,,0,,,,0,,,,,1004,1004,0,2,3,0,3,3,1,0,1,9,10,11,1,0,2,0,1,0,133472,0.296,1.581,0.028
1031,2.104,0.109,0,0.051,0.072,0,0,,0,,,,0,,,,,1004,1004,0,2,3,0,3,3,1,0,1,9,10,11,1,0,2,0,1,0,133472,0.455,1.025,0.027
1032,8.388,6.639,0,0.063,0.051,0,0,,0,,,,0,,,,,1004,1004,0,2,3,0,3,3,1,0,1,9,10,11,1,0,2,0,1,0,133472,0.368,0.862,0.012
1033,2.552,1.269,0,0.041,0.023,0,0,,0,,,,0,,,,,1004,1004,0,2,3,0,3,3,1,0,1,9,10,11,1,0,2,0,1,0,133472,0.33,0.664,0.007
1034,1.799,0.255,0.001,0.043,0.049,0,0,,0,,,,0,,,,,1004,1004,0,2,3,0,3,3,1,0,1,9,10,11,1,0,2,0,1,0,133472,0.375,0.746,0.007
1035,2.421,0.152,0.001,0.09,0.047,0,0,,0,,,,0,,,,,1004,1004,0,2,3,0,3,3,1,0,1,9,10,11,1,0,2,0,1,0,133472,0.494,1.201,0.014
1036,1.905,0.001,0,0.043,0.03,0,0,,0,,,,0,,,,,1004,1004,0,2,3,0,3,3,1,0,1,9,10,11,1,0,2,0,1,0,133472,0.41,1.106,0.013
1037,2.45,0.689,0.001,0.083,0.047,0,0,,0,,,,0,,,,,1004,1004,0,2,3,0,3,3,1,0,1,9,10,11,1,0,2,0,1,0,133472,0.353,0.956,0.012
1038,2.517,0.856,0.001,0.073,0.032,0,0,,0,,,,0,,,,,1004,1004,0,2,3,0,3,3,1,0,1,9,10,11,1,0,2,0,1,0,133472,0.289,0.879,0.011
1039,2.863,0.867,0,0.079,0.026,0,0,,0,,,,0,,,,,1004,1004,0,2,3,0,3,3,1,0,1,9,10,11,1,0,2,0,1,0,133472,0.375,1.073,0.012
1040,3.146,1.29,0,0.081,0.033,0,0,,0,,,,0,,,,,1004,1004,0,2,3,0,3,3,1,0,1,9,10,11,1,0,2,0,1,0,133472,0.336,0.991,0.013
1041,2.105,0.001,0,0.057,0.043,0,0,,0,,,,0,,,,,1004,1004,0,2,3,0,3,3,1,0,1,9,10,11,1,0,2,0,1,0,133472,0.429,1.261,0.014
1042,2.083,0,0,0.039,0.037,0,0,,0,,,,0,,,,,1004,1004,0,2,3,0,3,3,1,0,1,9,10,11,1,0,2,0,1,0,133472,0.527,1.151,0.013
1043,1.955,0,0,0.04,0.034,0,0,,0,,,,0,,,,,1004,1004,0,2,3,0,3,3,1,0,1,9,10,11,1,0,2,0,1,0,133472,0.453,1.145,0.01
1044,1.824,0.453,0,0.051,0.043,0,0,,0,,,,0,,,,,1004,1004,0,2,3,0,3,3,1,0,1,9,10,11,1,0,2,0,1,0,133472,0.299,0.735,0.006
1045,2.147,0.775,0,0.076,0.023,0,0,,0,,,,0,,,,,1004,1004,0,2,3,0,3,3,1,0,1,9,10,11,1,0,2,0,1,0,133472,0.284,0.712,0.005
1046,2.694,0.658,0,0.082,0.031,0,0,,0,,,,0,,,,,1004,1004,0,2,3,0,3,3,1,0,1,9,10,11,1,0,2,0,1,0,133472,0.393,1.082,0.013
1047,3.435,1.96,0,0.09,0.027,0,0,,0,,,,0,,,,,1004,1004,0,2,3,0,3,3,1,0,1,9,10,11,1,0,2,0,1,0,133472,0.311,0.725,0.005
1048,3.191,1.518,0.001,0.098,0.066,0,0,,0,,,,0,,,,,1004,1004,0,2,3,0,3,3,1,0,1,9,10,11,1,0,2,0,1,0,133472,0.381,0.853,0.009
1049,1.707,0.001,0.001,0.047,0.029,0,0,,0,,,,0,,,,,1004,1004,0,2,3,0,3,3,1,0,1,9,10,11,1,0,2,0,1,0,133472,0.409,0.96,0.01
1050,1.628,0.001,0,0.05,0.023,0,0,,1,2390.625,232382464,288890880,1,71217344,71217344,167755776,38823561584,1004,1004,0,2,3,0,3,3,1,0,1,9,10,11,1,0,2,0,1,0,133472,0.419,0.871,0.009
1051,1.268,0,0,0.041,0.021,0,0,,0,,,,0,,,,,1004,1004,0,2,3,0,3,3,1,0,1,9,10,11,1,0,2,0,1,0,133472,0.297,0.718,0.004
1052,1.202,0,0,0.031,0.02,0,0,,0,,,,0,,,,,1004,1004,0,2,3,0,3,3,1,0,1,9,10,11,1,0,2,0,1,0,133472,0.308,0.675,0.005
1053,1.125,0,0,0.03,0.022,0,0,,0,,,,0,,,,,1004,1004,0,2,3,0,3,3,1,0,1,9,10,11,1,0,2,0,1,0,133472,0.254,0.671,0.004
1054,1.126,0.001,0,0.026,0.017,0,0,,0,,,,0,,,,,1004,1004,0,2,3,0,3,3,1,0,1,9,10,11,1,0,2,0,1,0,133472,0.304,0.625,0.005
1055,3.498,2.038,0,0.085,0.049,0,0,,0,,,,0,,,,,1004,1004,0,2,3,0,3,3,1,0,1,9,10,11,1,0,2,0,1,0,133472,0.287,0.672,0.012
1056,3.643,1.763,0,0.08,0.293,0,0,,0,,,,0,,,,,1004,1004,0,2,3,0,3,3,1,0,1,9,10,11,1,0,2,0,1,0,133472,0.345,0.757,0.012
1057,2.642,0.869,0.001,0.065,0.042,0,0,,0,,,,0,,,,,1004,1004,0,2,3,0,3,3,1,0,1,9,10,11,1,0,2,0,1,0,133472,0.393,0.896,0.012
1058,4.642,3.065,0,0.13,0.049,0,0,,0,,,,0,,,,,1004,1004,0,2,3,0,3,3,1,0,1,9,10,11,1,0,2,0,1,0,133472,0.33,0.737,0.011
1059,2.901,1.337,0.001,0.091,0.07,0,0,,0,,,,0,,,,,1004,1004,0,2,3,0,3,3,1,0,1,9,10,11,1,0,2,0,1,0,133472,0.278,0.769,0.009
1060,4.565,1.282,0,0.091,0.095,0,0,,0,,,,0,,,,,1004,1004,0,2,3,0,3,3,1,0,1,9,10,11,1,0,2,0,1,0,133472,0.76,1.718,0.03
1061,4.319,0.95,0,0.08,0.043,0,0,,0,,,,0,,,,,1004,1004,0,2,3,0,3,3,1,0,1,9,10,11,1,0,2,0,1,0,133472,0.795,1.548,0.017
1062,1.256,0,0,0.057,0.021,0,0,,0,,,,0,,,,,1004,1004,0,2,3,0,3,3,1,0,1,9,10,11,1,0,2,0,1,0,133472,0.282,0.7,0.007
1063,4.416,3.198,0.001,0.102,0.036,0,0,,0,,,,0,,,,,1004,1004,0,2,3,0,3,3,1,0,1,9,10,11,1,0,2,0,1,0,133472,0.29,0.545,0.009
1064,3.46,0.682,0,0.078,0.067,0,0,,0,,,,0,,,,,1004,1004,0,2,3,0,3,3,1,0,1,9,10,11,1,0,2,0,1,0,133472,0.613,1.524,0.015
1065,1.987,0.001,0,0.053,0.037,0,0,,0,,,,0,,,,,1004,1004,0,2,3,0,3,3,1,0,1,9,10,11,1,0,2,0,1,0,133472,0.533,1.009,0.019
1066,3.187,1.292,0,0.05,0.042,0,0,,0,,,,0,,,,,1004,1004,0,2,3,0,3,3,1,0,1,9,10,11,1,0,2,0,1,0,133472,0.337,1.144,0.015
1067,2.466,0.001,0,0.046,0.055,0,0,,0,,,,0,,,,,1004,1004,0,2,3,0,3,3,1,0,1,9,10,11,1,0,2,0,1,0,133472,0.701,1.3,0.019
1068,6.583,4.684,0,0.048,0.055,0,0,,0,,,,0,,,,,1004,1004,0,2,3,0,3,3,1,0,1,9,10,11,1,0,2,0,1,0,133472,0.406,1.035,0.013
1069,2.143,0.813,0,0.085,0.024,0,0,,0,,,,0,,,,,1004,1004,0,2,3,0,3,3,1,0,1,9,10,11,1,0,2,0,1,0,133472,0.354,0.562,0.005
1070,2.608,0.342,0.001,0.139,0.048,0,0,,0,,,,0,,,,,1004,1004,0,2,3,0,3,3,1,0,1,9,10,11,1,0,2,0,1,0,133472,0.731,1.024,0.015
1071,1.544,0.001,0,0.048,0.032,0,0,,0,,,,0,,,,,1004,1004,0,2,3,0,3,3,1,0,1,9,10,11,1,0,2,0,1,0,133472,0.368,0.848,0.008
1072,3.197,0.001,0,0.029,0.081,0,0,,0,,,,0,,,,,1004,1004,0,2,3,0,3,3,1,0,1,9,10,11,1,0,2,0,1,0,133472,0.781,1.918,0.025
1073,2.297,0.002,0.001,0.103,0.034,0,0,,0,,,,0,,,,,1004,1004,0,2,3,0,3,3,1,0,1,9,10,11,1,0,2,0,1,0,133472,0.482,1.267,0.014
1074,1.715,0,0,0.038,0.028,0,0,,0,,,,0,,,,,1004,1004,0,2,3,0,3,3,1,0,1,9,10,11,1,0,2,0,1,0,133472,0.404,0.99,0.01
1075,7.815,6.073,0,0.055,0.065,0,0,,0,,,,0,,,,,1004,1004,0,2,3,0,3,3,1,0,1,9,10,11,1,0,2,0,1,0,133472,0.362,0.936,0.012
1076,1.469,0.001,0,0.028,0.028,0,0,,0,,,,0,,,,,1004,1004,0,2,3,0,3,3,1,0,1,9,10,11,1,0,2,0,1,0,133472,0.327,0.845,0.007
1077,2.961,0.582,0,0.05,0.071,0,0,,0,,,,0,,,,,1004,1004,0,2,3,0,3,3,1,0,1,9,10,11,1,0,2,0,1,0,133472,0.447,1.344,0.018
1078,2.382,0.001,0,0.048,0.073,0,0,,0,,,,0,,,,,1004,1004,0,2,3,0,3,3,1,0,1,9,10,11,1,0,2,0,1,0,133472,0.632,1.249,0.013
1079,1.632,0,0.001,0.048,0.029,0,0,,0,,,,0,,,,,1004,1004,0,2,3,0,3,3,1,0,1,9,10,11,1,0,2,0,1,0,133472,0.413,0.89,0.007
1080,1.554,0,0,0.026,0.032,0,0,,1,2437.5,232382464,288890880,1,71217344,71217344,167755776,38823561584,1004,1004,0,2,3,0,3,3,1,0,1,9,10,11,1,0,2,0,1,0,133472,0.323,0.946,0.008
1081,1.807,0.038,0,0.043,0.04,0,0,,0,,,,0,,,,,1004,1004,0,2,3,0,3,3,1,0,1,9,10,11,1,0,2,0,1,0,133472,0.39,1.025,0.009
1082,1.801,0.023,0,0.039,0.025,0,0,,0,,,,0,,,,,1004,1004,0,2,3,0,3,3,1,0,1,9,10,11,1,0,2,0,1,0,133472,0.381,1.058,0.009
1083,2.798,0.861,0,0.061,0.052,0,0,,0,,,,0,,,,,1004,1004,0,2,3,0,3,3,1,0,1,9,10,11,1,0,2,0,1,0,133472,0.405,1.094,0.011
1084,1.734,0,0,0.034,0.069,0,0,,0,,,,0,,,,,1004,1004,0,2,3,0,3,3,1,0,1,9,10,11,1,0,2,0,1,0,133472,0.521,0.792,0.008
1085,3.826,0.003,0,0.124,0.091,0,0,,0,,,,0,,,,,1004,1004,0,2,3,0,3,3,1,0,1,9,10,11,1,0,2,0,1,0,133472,0.772,2.175,0.027
1086,3.618,0,0,0.071,0.059,0,0,,0,,,,0,,,,,1004,1004,0,2,3,0,3,3,1,0,1,9,10,11,1,0,2,0,1,0,133472,0.787,2.162,0.021
1087,3.539,0,0.001,0.064,0.052,0,0,,0,,,,0,,,,,1004,1004,0,2,3,0,3,3,1,0,1,9,10,11,1,0,2,0,1,0,133472,0.769,2.129,0.018
1088,3.578,0,0,0.064,0.058,0,0,,0,,,,0,,,,,1004,1004,0,2,3,0,3,3,1,0,1,9,10,11,1,0,2,0,1,0,133472,0.777,2.163,0.02
1089,4.367,0,0,0.074,0.074,0,0,,0,,,,0,,,,,1004,1004,0,2,3,0,3,3,1,0,1,9,10,11,1,0,2,0,1,0,133472,0.902,2.686,0.026
1090,2.803,0.001,0,0.075,0.058,0,0,,0,,,,0,,,,,1004,1004,0,2,3,0,3,3,1,0,1,9,10,11,1,0,2,0,1,0,133472,0.97,1.164,0.014
1091,2.479,0,0,0.064,0.082,0,0,,0,,,,0,,,,,1004,1004,0,2,3,0,3,3,1,0,1,9,10,11,1,0,2,0,1,0,133472,0.449,1.491,0.034
1092,2.626,0.001,0.001,0.139,0.043,0,0,,0,,,,0,,,,,1004,1004,0,2,3,0,3,3,1,0,1,9,10,11,1,0,2,0,1,0,133472,0.587,1.329,0.014
1093,1.582,0.001,0,0.045,0.04,0,0,,0,,,,0,,,,,1004,1004,0,2,3,0,3,3,1,0,1,9,10,11,1,0,2,0,1,0,133472,0.379,0.886,0.006
1094,1.638,0,0,0.037,0.026,0,0,,0,,,,0,,,,,1004,1004,0,2,3,0,3,3,1,0,1,9,10,11,1,0,2,0,1,0,133472,0.413,0.948,0.008
1095,1.984,0.364,0,0.04,0.031,0,0,,0,,,,0,,,,,1004,1004,0,2,3,0,3,3,1,0,1,9,10,11,1,0,2,0,1,0,133472,0.389,0.871,0.007
1096,1.684,0.001,0,0.035,0.078,0,0,,0,,,,0,,,,,1004,1004,0,2,3,0,3,3,1,0,1,9,10,11,1,0,2,0,1,0,133472,0.352,0.926,0.015
1097,3.518,0.002,0,0.09,0.065,0,0,,0,,,,0,,,,,1004,1004,0,2,3,0,3,3,1,0,1,9,10,11,1,0,2,0,1,0,133472,0.749,1.764,0.026
1098,2.533,0.001,0.001,0.082,0.038,0,0,,0,,,,0,,,,,1004,1004,0,2,3,0,3,3,1,0,1,9,10,11,1,0,2,0,1,0,133472,0.639,1.341,0.017
1099,3.591,1.971,0.001,0.088,0.033,0,0,,0,,,,0,,,,,1004,1004,0,2,3,0,3,3,1,0,1,9,10,11,1,0,2,0,1,0,133472,0.329,0.788,0.008
1100,3.989,2.487,0.001,0.169,0.048,0,0,,0,,,,0,,,,,1004,1004,0,2,3,0,3,3,1,0,1,9,10,11,1,0,2,0,1,0,133472,0.337,0.657,0.009
1101,3.983,1.571,0,0.085,0.067,0,0,,0,,,,0,,,,,1004,1004,0,2,3,0,3,3,1,0,1,9,10,11,1,0,2,0,1,0,133472,0.274,1.456,0.024
1102,3.503,1.208,0.001,0.065,0.077,0,0,,0,,,,0,,,,,1004,1004,0,2,3,0,3,3,1,0,1,9,10,11,1,0,2,0,1,0,133472,0.47,1.216,0.02
1103,4.106,2.275,0,0.065,0.042,0,0,,0,,,,0,,,,,1004,1004,0,2,3,0,3,3,1,0,1,9,10,11,1,0,2,0,1,0,133472,0.43,0.949,0.012
1104,3.184,1.341,0.001,0.045,0.047,0,0,,0,,,,0,,,,,1004,1004,0,2,3,0,3,3,1,0,1,9,10,11,1,0,2,0,1,0,133472,0.389,1.043,0.011
1105,1.856,0.288,0,0.042,0.032,0,0,,0,,,,0,,,,,1004,1004,0,2,3,0,3,3,1,0,1,9,10,11,1,0,2,0,1,0,133472,0.384,0.827,0.009
1106,1.424,0,0,0.025,0.023,0,0,,0,,,,0,,,,,1004,1004,0,2,3,0,3,3,1,0,1,9,10,11,1,0,2,0,1,0,133472,0.368,0.783,0.008
1107,2.146,0.218,0,0.04,0.048,0,0,,0,,,,0,,,,,1004,1004,0,2,3,0,3,3,1,0,1,9,10,11,1,0,2,0,1,0,133472,0.34,1.222,0.012
1108,2.636,0.001,0.001,0.053,0.045,0,0,,0,,,,0,,,,,1004,1004,0,2,3,0,3,3,1,0,1,9,10,11,1,0,2,0,1,0,133472,0.609,1.493,0.015
1109,1.914,0,0,0.07,0.021,0,0,,0,,,,0,,,,,1004,1004,0,2,3,0,3,3,1,0,1,9,10,11,1,0,2,0,1,0,133472,0.578,0.935,0.008
1110,1.5,0,0,0.034,0.029,0,0,,1,2546.875,232382464,288890880,1,71217344,71217344,167755776,38823561584,1004,1004,0,2,3,0,3,3,1,0,1,9,10,11,1,0,2,0,1,0,133472,0.301,0.933,0.008
1111,1.601,0,0,0.039,0.036,0,0,,0,,,,0,,,,,1004,1004,0,2,3,0,3,3,1,0,1,9,10,11,1,0,2,0,1,0,133472,0.39,0.898,0.011
1112,1.899,0.001,0,0.042,0.029,0,0,,0,,,,0,,,,,1004,1004,0,2,3,0,3,3,1,0,1,9,10,11,1,0,2,0,1,0,133472,0.398,1.149,0.01
1113,2.23,0.001,0,0.046,0.054,0,0,,0,,,,0,,,,,1004,1004,0,2,3,0,3,3,1,0,1,9,10,11,1,0,2,0,1,0,133472,0.492,1.289,0.02
1114,1.996,0,0,0.061,0.044,0,0,,0,,,,0,,,,,1004,1004,0,2,3,0,3,3,1,0,1,9,10,11,1,0,2,0,1,0,133472,0.408,1.206,0.01
1115,2.063,0,0,0.047,0.052,0,0,,0,,,,0,,,,,1004,1004,0,2,3,0,3,3,1,0,1,9,10,11,1,0,2,0,1,0,133472,0.439,1.226,0.012
1116,2.776,0,0,0.069,0.038,0,0,,0,,,,0,,,,,1004,1004,0,2,3,0,3,3,1,0,1,9,10,11,1,0,2,0,1,0,133472,0.593,1.632,0.018
1117,3.786,0.001,0.001,0.059,0.075,0,0,,0,,,,0,,,,,1004,1004,0,2,3,0,3,3,1,0,1,9,10,11,1,0,2,0,1,0,133472,1.2,1.864,0.019
1118,2.81,0.001,0,0.085,0.049,0,0,,0,,,,0,,,,,1004,1004,0,2,3,0,3,3,1,0,1,9,10,11,1,0,2,0,1,0,133472,0.585,1.66,0.016
1119,2.807,0,0,0.048,0.049,0,0,,0,,,,0,,,,,1004,1004,0,2,3,0,3,3,1,0,1,9,10,11,1,0,2,0,1,0,133472,0.6,1.699,0.015
1120,2.355,0,0,0.05,0.036,0,0,,0,,,,0,,,,,1004,1004,0,2,3,0,3,3,1,0,1,9,10,11,1,0,2,0,1,0,133472,0.602,1.262,0.011
1121,1.388,0.001,0.001,0.031,0.024,0,0,,0,,,,0,,,,,1004,1004,0,2,3,0,3,3,1,0,1,9,10,11,1,0,2,0,1,0,133472,0.315,0.803,0.007
1122,2.271,0.196,0,0.042,0.043,0,0,,0,,,,0,,,,,1004,1004,0,2,3,0,3,3,1,0,1,9,10,11,1,0,2,0,1,0,133472,0.409,1.153,0.016
1123,3.394,0.946,0,0.069,0.045,0,0,,0,,,,0,,,,,1004,1004,0,2,3,0,3,3,1,0,1,9,10,11,1,0,2,0,1,0,133472,0.489,1.448,0.012
1124,3.051,1.613,0,0.038,0.033,0,0,,0,,,,0,,,,,1004,1004,0,2,3,0,3,3,1,0,1,9,10,11,1,0,2,0,1,0,133472,0.314,0.799,0.009
1125,3.035,1.465,0,0.037,0.029,0,0,,0,,,,0,,,,,1004,1004,0,2,3,0,3,3,1,0,1,9,10,11,1,0,2,0,1,0,133472,0.346,0.906,0.008
1126,3.242,1.721,0,0.034,0.035,0,0,,0,,,,0,,,,,1004,1004,0,2,3,0,3,3,1,0,1,9,10,11,1,0,2,0,1,0,133472,0.322,0.886,0.008
1127,2.406,0.779,0,0.042,0.035,0,0,,0,,,,0,,,,,1004,1004,0,2,3,0,3,3,1,0,1,9,10,11,1,0,2,0,1,0,133472,0.305,0.999,0.009
1128,2.085,0,0,0.044,0.049,0,0,,0,,,,0,,,,,1004,1004,0,2,3,0,3,3,1,0,1,9,10,11,1,0,2,0,1,0,133472,0.498,1.027,0.024
1129,2.037,0.001,0,0.069,0.03,0,0,,0,,,,0,,,,,1004,1004,0,2,3,0,3,3,1,0,1,9,10,11,1,0,2,0,1,0,133472,0.481,1.125,0.012
1130,1.895,0,0,0.044,0.035,0,0,,0,,,,0,,,,,1004,1004,0,2,3,0,3,3,1,0,1,9,10,11,1,0,2,0,1,0,133472,0.419,1.104,0.013
1131,1.799,0.258,0,0.032,0.036,0,0,,0,,,,0,,,,,1004,1004,0,2,3,0,3,3,1,0,1,9,10,11,1,0,2,0,1,0,133472,0.349,0.867,0.009
1132,1.663,0.001,0,0.027,0.042,0,0,,0,,,,0,,,,,1004,1004,0,2,3,0,3,3,1,0,1,9,10,11,1,0,2,0,1,0,133472,0.359,0.999,0.01
1133,1.788,0,0,0.036,0.038,0,0,,0,,,,0,,,,,1004,1004,0,2,3,0,3,3,1,0,1,9,10,11,1,0,2,0,1,0,133472,0.441,0.995,0.012
1134,2.016,0.327,0,0.041,0.042,0,0,,0,,,,0,,,,,1004,1004,0,2,3,0,3,3,1,0,1,9,10,11,1,0,2,0,1,0,133472,0.355,0.952,0.01
1135,1.569,0,0,0.041,0.025,0,0,,0,,,,0,,,,,1004,1004,0,2,3,0,3,3,1,0,1,9,10,11,1,0,2,0,1,0,133472,0.371,0.895,0.008
1136,2.218,0,0,0.033,0.053,0,0,,0,,,,0,,,,,1004,1004,0,2,3,0,3,3,1,0,1,9,10,11,1,0,2,0,1,0,133472,0.324,1.546,0.016
1137,2.976,0.001,0,0.056,0.037,0,0,,0,,,,0,,,,,1004,1004,0,2,3,0,3,3,1,0,1,9,10,11,1,0,2,0,1,0,133472,0.515,1.866,0.022
1138,6.082,4.13,0,0.054,0.059,0,0,,0,,,,0,,,,,1004,1004,0,2,3,0,3,3,1,0,1,9,10,11,1,0,2,0,1,0,133472,0.341,1.149,0.015
1139,1.935,0.299,0,0.051,0.087,0,0,,0,,,,0,,,,,1004,1004,0,2,3,0,3,3,1,0,1,9,10,11,1,0,2,0,1,0,133472,0.377,0.84,0.009
1140,2.091,0.194,0,0.071,0.051,0,0,,1,2593.75,232382464,288890880,1,71217344,71217344,167755776,38823561584,1004,1004,0,2,3,0,3,3,1,0,1,9,10,11,1,0,2,0,1,0,133472,0.415,1.03,0.009
1141,1.93,0.001,0,0.046,0.042,0,0,,0,,,,0,,,,,1004,1004,0,2,3,0,3,3,1,0,1,9,10,11,1,0,2,0,1,0,133472,0.42,1.117,0.028
1142,2.129,0,0,0.087,0.066,0,0,,0,,,,0,,,,,1004,1004,0,2,3,0,3,3,1,0,1,9,10,11,1,0,2,0,1,0,133472,0.429,1.065,0.014
1143,2.787,0.001,0,0.088,0.052,0,0,,0,,,,0,,,,,1004,1004,0,2,3,0,3,3,1,0,1,9,10,11,1,0,2,0,1,0,133472,0.688,1.419,0.02
1144,2.398,0.001,0.001,0.061,0.042,0,0,,0,,,,0,,,,,1004,1004,0,2,3,0,3,3,1,0,1,9,10,11,1,0,2,0,1,0,133472,0.48,1.424,0.016
1145,2.068,0,0.001,0.044,0.038,0,0,,0,,,,0,,,,,1004,1004,0,2,3,0,3,3,1,0,1,9,10,11,1,0,2,0,1,0,133472,0.496,1.168,0.017
1146,1.939,0,0,0.035,0.034,0,0,,0,,,,0,,,,,1004,1004,0,2,3,0,3,3,1,0,1,9,10,11,1,0,2,0,1,0,133472,0.435,1.142,0.012
1147,2.825,1.353,0,0.072,0.04,0,0,,0,,,,0,,,,,1004,1004,0,2,3,0,3,3,1,0,1,9,10,11,1,0,2,0,1,0,133472,0.338,0.686,0.007
1148,2.956,1.259,0,0.05,0.058,0,0,,0,,,,0,,,,,1004,1004,0,2,3,0,3,3,1,0,1,9,10,11,1,0,2,0,1,0,133472,0.353,0.877,0.016
1149,5.084,1.293,0,0.099,0.12,0,0,,0,,,,0,,,,,1004,1004,0,2,3,0,3,3,1,0,1,9,10,11,1,0,2,0,1,0,133472,0.77,2.128,0.029
1150,3.588,0.001,0,0.073,0.066,0,0,,0,,,,0,,,,,1004,1004,0,2,3,0,3,3,1,0,1,9,10,11,1,0,2,0,1,0,133472,0.75,2.158,0.02
1151,10.713,7.93,0.001,0.103,0.077,0,0,,0,,,,0,,,,,1004,1004,0,2,3,0,3,3,1,0,1,9,10,11,1,0,2,0,1,0,133472,0.671,1.234,0.019
1152,6.726,4.765,0,0.051,0.054,0,0,,0,,,,0,,,,,1004,1004,0,2,3,0,3,3,1,0,1,9,10,11,1,0,2,0,1,0,133472,0.433,1.063,0.014
1153,1.94,0,0,0.032,0.069,0,0,,0,,,,0,,,,,1004,1004,0,2,3,0,3,3,1,0,1,9,10,11,1,0,2,0,1,0,133472,0.418,1.129,0.011
1154,2.096,0,0,0.034,0.045,0,0,,0,,,,0,,,,,1004,1004,0,2,3,0,3,3,1,0,1,9,10,11,1,0,2,0,1,0,133472,0.415,1.314,0.013
1155,2.267,0,0,0.034,0.056,0,0,,0,,,,0,,,,,1004,1004,0,2,3,0,3,3,1,0,1,9,10,11,1,0,2,0,1,0,133472,0.416,1.461,0.012
1156,2.928,0.001,0,0.044,0.054,0,0,,0,,,,0,,,,,1004,1004,0,2,3,0,3,3,1,0,1,9,10,11,1,0,2,0,1,0,133472,0.44,2.027,0.021
1157,2.99,0,0,0.08,0.063,0,0,,0,,,,0,,,,,1004,1004,0,2,3,0,3,3,1,0,1,9,10,11,1,0,2,0,1,0,133472,0.618,1.783,0.019
1158,2.002,0,0.001,0.08,0.034,0,0,,0,,,,0,,,,,1004,1004,0,2,3,0,3,3,1,0,1,9,10,11,1,0,2,0,1,0,133472,0.458,1.054,0.012
1159,1.96,0.299,0,0.053,0.043,0,0,,0,,,,0,,,,,1004,1004,0,2,3,0,3,3,1,0,1,9,10,11,1,0,2,0,1,0,133472,0.371,0.89,0.01
1160,2.96,0.9,0,0.046,0.051,0,0,,0,,,,0,,,,,1004,1004,0,2,3,0,3,3,1,0,1,9,10,11,1,0,2,0,1,0,133472,0.363,1.26,0.018
1161,3.903,1.999,0,0.055,0.043,0,0,,0,,,,0,,,,,1004,1004,0,2,3,0,3,3,1,0,1,9,10,11,1,0,2,0,1,0,133472,0.436,1.026,0.012
1162,2.742,0.367,0,0.053,0.064,0,0,,0,,,,0,,,,,1004,1004,0,2,3,0,3,3,1,0,1,9,10,11,1,0,2,0,1,0,133472,0.474,1.356,0.02
1163,2.207,0.001,0.001,0.042,0.034,0,0,,0,,,,0,,,,,1004,1004,0,2,3,0,3,3,1,0,1,9,10,11,1,0,2,0,1,0,133472,0.494,1.285,0.012
1164,2.892,1.127,0.001,0.047,0.052,0,0,,0,,,,0,,,,,1004,1004,0,2,3,0,3,3,1,0,1,9,10,11,1,0,2,0,1,0,133472,0.39,0.986,0.009
1165,3.137,1.098,0,0.039,0.031,0,0,,0,,,,0,,,,,1004,1004,0,2,3,0,3,3,1,0,1,9,10,11,1,0,2,0,1,0,133472,0.367,1.268,0.023
1166,4.121,2.085,0,0.055,0.056,0,0,,0,,,,0,,,,,1004,1004,0,2,3,0,3,3,1,0,1,9,10,11,1,0,2,0,1,0,133472,0.439,1.118,0.015
1167,2.872,0.642,0.001,0.047,0.058,0,0,,0,,,,0,,,,,1004,1004,0,2,3,0,3,3,1,0,1,9,10,11,1,0,2,0,1,0,133472,0.406,1.367,0.014
1168,2.554,0.001,0,0.041,0.03,0,0,,0,,,,0,,,,,1004,1004,0,2,3,0,3,3,1,0,1,9,10,11,1,0,2,0,1,0,133472,0.573,1.5,0.016
1169,2.255,0.001,0,0.043,0.046,0,0,,0,,,,0,,,,,1004,1004,0,2,3,0,3,3,1,0,1,9,10,11,1,0,2,0,1,0,133472,0.449,1.382,0.016
1170,2.535,0.679,0,0.049,0.046,0,0,,1,2640.625,232382464,288890880,1,71217344,71217344,167755776,38823561584,1004,1004,0,2,3,0,3,3,1,0,1,9,10,11,1,0,2,0,1,0,133472,0.393,1.015,0.012
1171,3.188,0.922,0.001,0.047,0.041,0,0,,0,,,,0,,,,,1004,1004,0,2,3,0,3,3,1,0,1,9,10,11,1,0,2,0,1,0,133472,0.607,1.206,0.015
1172,3.418,1.495,0,0.054,0.042,0,0,,0,,,,0,,,,,1004,1004,0,2,3,0,3,3,1,0,1,9,10,11,1,0,2,0,1,0,133472,0.431,1.087,0.013
1173,2.64,0.459,0,0.057,0.067,0,0,,0,,,,0,,,,,1004,1004,0,2,3,0,3,3,1,0,1,9,10,11,1,0,2,0,1,0,133472,0.388,1.302,0.022
1174,4.057,0.409,0,0.083,0.071,0,0,,0,,,,0,,,,,1004,1004,0,2,3,0,3,3,1,0,1,9,10,11,1,0,2,0,1,0,133472,0.749,2.105,0.023
1175,3.47,0,0,0.056,0.041,0,0,,0,,,,0,,,,,1004,1004,0,2,3,0,3,3,1,0,1,9,10,11,1,0,2,0,1,0,133472,0.472,2.548,0.018
1176,4.89,0.001,0.001,0.049,0.073,0,0,,0,,,,0,,,,,1004,1004,0,2,3,0,3,3,1,0,1,9,10,11,1,0,2,0,1,0,133472,1.09,2.992,0.026
1177,3.916,0,0.001,0.088,0.05,0,0,,0,,,,0,,,,,1004,1004,0,2,3,0,3,3,1,0,1,9,10,11,1,0,2,0,1,0,133472,1.059,1.995,0.015
1178,2.785,0,0.001,0.05,0.069,0,0,,0,,,,0,,,,,1004,1004,0,2,3,0,3,3,1,0,1,9,10,11,1,0,2,0,1,0,133472,0.593,1.719,0.035
1179,2.116,0.001,0,0.084,0.04,0,0,,0,,,,0,,,,,1004,1004,0,2,3,0,3,3,1,0,1,9,10,11,1,0,2,0,1,0,133472,0.49,1.132,0.014
1180,2.671,1.038,0.001,0.048,0.049,0,0,,0,,,,0,,,,,1004,1004,0,2,3,0,3,3,1,0,1,9,10,11,1,0,2,0,1,0,133472,0.322,0.941,0.01
1181,2.458,0.605,0,0.044,0.044,0,0,,0,,,,0,,,,,1004,1004,0,2,3,0,3,3,1,0,1,9,10,11,1,0,2,0,1,0,133472,0.382,1.055,0.029
1182,2.849,0.958,0.001,0.102,0.053,0,0,,0,,,,0,,,,,1004,1004,0,2,3,0,3,3,1,0,1,9,10,11,1,0,2,0,1,0,133472,0.389,1.042,0.01
1183,1.554,0,0,0.031,0.029,0,0,,0,,,,0,,,,,1004,1004,0,2,3,0,3,3,1,0,1,9,10,11,1,0,2,0,1,0,133472,0.371,0.906,0.007
1184,2.917,0.569,0,0.037,0.062,0,0,,0,,,,0,,,,,1004,1004,0,2,3,0,3,3,1,0,1,9,10,11,1,0,2,0,1,0,133472,0.365,1.537,0.019
1185,2.604,0.001,0,0.039,0.045,0,0,,0,,,,0,,,,,1004,1004,0,2,3,0,3,3,1,0,1,9,10,11,1,0,2,0,1,0,133472,0.606,1.494,0.015
1186,2.274,0,0.001,0.052,0.044,0,0,,0,,,,0,,,,,1004,1004,0,2,3,0,3,3,1,0,1,9,10,11,1,0,2,0,1,0,133472,0.548,1.253,0.015
1187,2.587,0.705,0,0.053,0.05,0,0,,0,,,,0,,,,,1004,1004,0,2,3,0,3,3,1,0,1,9,10,11,1,0,2,0,1,0,133472,0.394,1.052,0.01
1188,1.89,0.001,0,0.042,0.038,0,0,,0,,,,0,,,,,1004,1004,0,2,3,0,3,3,1,0,1,9,10,11,1,0,2,0,1,0,133472,0.416,1.109,0.01
1189,1.818,0,0,0.039,0.029,0,0,,0,,,,0,,,,,1004,1004,0,2,3,0,3,3,1,0,1,9,10,11,1,0,2,0,1,0,133472,0.416,1.074,0.008
1190,2.777,1.174,0,0.038,0.047,0,0,,0,,,,0,,,,,1004,1004,0,2,3,0,3,3,1,0,1,9,10,11,1,0,2,0,1,0,133472,0.321,0.947,0.009
1191,2.856,0.105,0.001,0.076,0.454,0,0,,0,,,,0,,,,,1004,1004,0,2,3,0,3,3,1,0,1,9,10,11,1,0,2,0,1,0,133472,0.401,1.342,0.017
1192,2.77,0.001,0,0.072,0.057,0,0,,0,,,,0,,,,,1004,1004,0,2,3,0,3,3,1,0,1,9,10,11,1,0,2,0,1,0,133472,0.575,1.51,0.019
1193,2.202,0.001,0.001,0.055,0.034,0,0,,0,,,,0,,,,,1004,1004,0,2,3,0,3,3,1,0,1,9,10,11,1,0,2,0,1,0,133472,0.484,1.285,0.011
1194,2.273,0.299,0,0.08,0.051,0,0,,0,,,,0,,,,,1004,1004,0,2,3,0,3,3,1,0,1,9,10,11,1,0,2,0,1,0,133472,0.421,1.09,0.011
1195,1.945,0.001,0.001,0.033,0.043,0,0,,0,,,,0,,,,,1004,1004,0,2,3,0,3,3,1,0,1,9,10,11,1,0,2,0,1,0,133472,0.423,1.162,0.011
1196,2.075,0.001,0,0.036,0.031,0,0,,0,,,,0,,,,,1004,1004,0,2,3,0,3,3,1,0,1,9,10,11,1,0,2,0,1,0,133472,0.421,1.303,0.011
1197,2.905,1.015,0.001,0.056,0.053,0,0,,0,,,,0,,,,,1004,1004,0,2,3,0,3,3,1,0,1,9,10,11,1,0,2,0,1,0,133472,0.381,1.067,0.01
1198,2.739,0.001,0,0.033,0.075,0,0,,0,,,,0,,,,,1004,1004,0,2,3,0,3,3,1,0,1,9,10,11,1,0,2,0,1,0,133472,0.696,1.531,0.025
1199,2.2,0.002,0,0.08,0.034,0,0,,0,,,,0,,,,,1004,1004,0,2,3,0,3,3,1,0,1,9,10,11,1,0,2,0,1,0,133472,0.489,1.212,0.015
1200,3.272,1.437,0,0.095,0.047,0,0,,1,2718.75,231317504,287174656,1,71217344,71217344,167755776,38823561584,1004,1004,0,2,3,0,3,3,1,0,1,9,10,11,1,0,2,0,1,0,133472,0.339,0.903,0.021
1201,2.375,0.554,0,0.085,0.033,0,0,,0,,,,0,,,,,1004,1004,0,2,3,0,3,3,1,0,1,9,10,11,1,0,2,0,1,0,133472,0.347,1.035,0.011
1202,2.05,0.498,0,0.105,0.035,0,0,,0,,,,0,,,,,1004,1004,0,2,3,0,3,3,1,0,1,9,10,11,1,0,2,0,1,0,133472,0.313,0.718,0.008
1203,3.644,2.375,0,0.079,0.023,0,0,,0,,,,0,,,,,1004,1004,0,2,3,0,3,3,1,0,1,9,10,11,1,0,2,0,1,0,133472,0.259,0.605,0.005
1204,3.264,1.072,0,0.109,0.051,0,0,,0,,,,0,,,,,1004,1004,0,2,3,0,3,3,1,0,1,9,10,11,1,0,2,0,1,0,133472,0.45,1.148,0.019
1205,3.105,0.001,0,0.331,0.05,0,0,,0,,,,0,,,,,1004,1004,0,2,3,0,3,3,1,0,1,9,10,11,1,0,2,0,1,0,133472,0.63,1.538,0.018
1206,6.408,4.214,0.001,0.103,0.069,0,0,,0,,,,0,,,,,1004,1004,0,2,3,0,3,3,1,0,1,9,10,11,1,0,2,0,1,0,133472,0.424,1.17,0.014
1207,2.621,0.001,0,0.046,0.04,0,0,,0,,,,0,,,,,1004,1004,0,2,3,0,3,3,1,0,1,9,10,11,1,0,2,0,1,0,133472,0.458,1.738,0.013
1208,2.005,0,0,0.055,0.047,0,0,,0,,,,0,,,,,1004,1004,0,2,3,0,3,3,1,0,1,9,10,11,1,0,2,0,1,0,133472,0.436,1.141,0.017
1209,3.094,0,0.001,0.07,0.055,0,0,,0,,,,0,,,,,1004,1004,0,2,3,0,3,3,1,0,1,9,10,11,1,0,2,0,1,0,133472,0.602,1.851,0.036
1210,2.735,0.001,0,0.1,0.037,0,0,,0,,,,0,,,,,1004,1004,0,2,3,0,3,3,1,0,1,9,10,11,1,0,2,0,1,0,133472,0.608,1.465,0.014
1211,2.017,0,0,0.042,0.031,0,0,,0,,,,0,,,,,1004,1004,0,2,3,0,3,3,1,0,1,9,10,11,1,0,2,0,1,0,133472,0.458,1.179,0.011
1212,1.928,0,0,0.034,0.036,0,0,,0,,,,0,,,,,1004,1004,0,2,3,0,3,3,1,0,1,9,10,11,1,0,2,0,1,0,133472,0.471,1.103,0.009
1213,1.912,0,0.001,0.036,0.036,0,0,,0,,,,0,,,,,1004,1004,0,2,3,0,3,3,1,0,1,9,10,11,1,0,2,0,1,0,133472,0.406,1.165,0.009
1214,1.98,0,0,0.034,0.033,0,0,,0,,,,0,,,,,1004,1004,0,2,3,0,3,3,1,0,1,9,10,11,1,0,2,0,1,0,133472,0.44,1.188,0.01
1215,2.379,0.445,0,0.084,0.07,0,0,,0,,,,0,,,,,1004,1004,0,2,3,0,3,3,1,0,1,9,10,11,1,0,2,0,1,0,133472,0.381,1.072,0.011
1216,4.007,0.001,0,0.033,0.081,0,0,,0,,,,0,,,,,1004,1004,0,2,3,0,3,3,1,0,1,9,10,11,1,0,2,0,1,0,133472,0.654,2.722,0.04
1217,2.591,0.002,0,0.083,0.038,0,0,,0,,,,0,,,,,1004,1004,0,2,3,0,3,3,1,0,1,9,10,11,1,0,2,0,1,0,133472,0.604,1.366,0.018
1218,5.203,2.977,0.001,0.113,0.054,0,0,,0,,,,0,,,,,1004,1004,0,2,3,0,3,3,1,0,1,9,10,11,1,0,2,0,1,0,133472,0.469,1.127,0.018
1219,16.825,14.149,0,0.063,0.616,0,0,,0,,,,0,,,,,1004,1004,0,2,3,0,3,3,1,0,1,9,10,11,1,0,2,0,1,0,133472,0.434,1.124,0.021
1220,2.545,0.521,0.001,0.06,0.04,0,0,,0,,,,0,,,,,1004,1004,0,2,3,0,3,3,1,0,1,9,10,11,1,0,2,0,1,0,133472,0.453,1.122,0.016
1221,3.795,1.246,0.001,0.048,0.087,0,0,,0,,,,0,,,,,1004,1004,0,2,3,0,3,3,1,0,1,9,10,11,1,0,2,0,1,0,133472,0.377,1.634,0.027
1222,2.801,0.002,0.001,0.072,0.053,0,0,,0,,,,0,,,,,1004,1004,0,2,3,0,3,3,1,0,1,9,10,11,1,0,2,0,1,0,133472,0.603,1.528,0.025
1223,4.32,2.271,0,0.059,0.057,0,0,,0,,,,0,,,,,1004,1004,0,2,3,0,3,3,1,0,1,9,10,11,1,0,2,0,1,0,133472,0.418,1.14,0.014
1224,2.164,0.001,0.001,0.033,0.038,0,0,,0,,,,0,,,,,1004,1004,0,2,3,0,3,3,1,0,1,9,10,11,1,0,2,0,1,0,133472,0.429,1.329,0.013
1225,2.9,0.611,0,0.059,0.107,0,0,,0,,,,0,,,,,1004,1004,0,2,3,0,3,3,1,0,1,9,10,11,1,0,2,0,1,0,133472,0.458,1.285,0.017
1226,3.177,0.869,0.001,0.048,0.074,0,0,,0,,,,0,,,,,1004,1004,0,2,3,0,3,3,1,0,1,9,10,11,1,0,2,0,1,0,133472,0.449,1.324,0.03
1227,13.402,11.336,0.001,0.078,0.055,0,0,,0,,,,0,,,,,1004,1004,0,2,3,0,3,3,1,0,1,9,10,11,1,0,2,0,1,0,133472,0.423,1.088,0.017
1228,5.19,2.9,0,0.042,0.057,0,0,,0,,,,0,,,,,1004,1004,0,2,3,0,3,3,1,0,1,9,10,11,1,0,2,0,1,0,133472,0.473,1.169,0.018
1229,2.163,0.205,0.001,0.056,0.073,0,0,,0,,,,0,,,,,1004,1004,0,2,3,0,3,3,1,0,1,9,10,11,1,0,2,0,1,0,133472,0.361,0.94,0.01
1230,4.06,1.985,0.001,0.138,0.038,0,0,,1,2812.5,231317504,287174656,1,71217344,71217344,167755776,38823561584,1004,1004,0,2,3,0,3,3,1,0,1,9,10,11,1,0,2,0,1,0,133472,0.427,1.064,0.013
1231,2.489,0.402,0,0.047,0.05,0,0,,0,,,,0,,,,,1004,1004,0,2,3,0,3,3,1,0,1,9,10,11,1,0,2,0,1,0,133472,0.403,1.157,0.013
1232,3.213,1.271,0,0.092,0.026,0,0,,0,,,,0,,,,,1004,1004,0,2,3,0,3,3,1,0,1,9,10,11,1,0,2,0,1,0,133472,0.356,1.096,0.015
1233,3.355,1.303,0,0.09,0.047,0,0,,0,,,,0,,,,,1004,1004,0,2,3,0,3,3,1,0,1,9,10,11,1,0,2,0,1,0,133472,0.367,1.173,0.016
1234,2.68,0,0,0.047,0.083,0,0,,0,,,,0,,,,,1004,1004,0,2,3,0,3,3,1,0,1,9,10,11,1,0,2,0,1,0,133472,0.568,1.553,0.02
1235,2.167,0.001,0,0.062,0.034,0,0,,0,,,,0,,,,,1004,1004,0,2,3,0,3,3,1,0,1,9,10,11,1,0,2,0,1,0,133472,0.539,1.139,0.012
1236,1.871,0,0,0.044,0.04,0,0,,0,,,,0,,,,,1004,1004,0,2,3,0,3,3,1,0,1,9,10,11,1,0,2,0,1,0,133472,0.396,1.104,0.013
1237,1.762,0,0,0.044,0.03,0,0,,0,,,,0,,,,,1004,1004,0,2,3,0,3,3,1,0,1,9,10,11,1,0,2,0,1,0,133472,0.384,1.039,0.009
1238,10.446,7.352,0.001,0.077,0.099,0,0,,0,,,,0,,,,,1004,1004,0,2,3,0,3,3,1,0,1,9,10,11,1,0,2,0,1,0,133472,0.587,1.653,0.033
1239,3.195,0.002,0,0.075,0.07,0,0,,0,,,,0,,,,,1004,1004,0,2,3,0,3,3,1,0,1,9,10,11,1,0,2,0,1,0,133472,0.641,1.84,0.024
1240,3.08,0.001,0.001,0.061,0.083,0,0,,0,,,,0,,,,,1004,1004,0,2,3,0,3,3,1,0,1,9,10,11,1,0,2,0,1,0,133472,0.651,1.776,0.028
1241,2.801,0.001,0,0.073,0.042,0,0,,0,,,,0,,,,,1004,1004,0,2,3,0,3,3,1,0,1,9,10,11,1,0,2,0,1,0,133472,0.601,1.628,0.015
1242,2.464,0,0,0.053,0.041,0,0,,0,,,,0,,,,,1004,1004,0,2,3,0,3,3,1,0,1,9,10,11,1,0,2,0,1,0,133472,0.5,1.457,0.014
1243,2.749,0,0.001,0.056,0.048,0,0,,0,,,,0,,,,,1004,1004,0,2,3,0,3,3,1,0,1,9,10,11,1,0,2,0,1,0,133472,0.621,1.655,0.018
1244,2.568,0.001,0,0.067,0.035,0,0,,0,,,,0,,,,,1004,1004,0,2,3,0,3,3,1,0,1,9,10,11,1,0,2,0,1,0,133472,0.622,1.427,0.014
1245,1.993,0,0,0.055,0.028,0,0,,0,,,,0,,,,,1004,1004,0,2,3,0,3,3,1,0,1,9,10,11,1,0,2,0,1,0,133472,0.418,1.208,0.009
1246,1.874,0.001,0.001,0.052,0.033,0,0,,0,,,,0,,,,,1004,1004,0,2,3,0,3,3,1,0,1,9,10,11,1,0,2,0,1,0,133472,0.432,1.077,0.01
1247,1.812,0,0,0.041,0.048,0,0,,0,,,,0,,,,,1004,1004,0,2,3,0,3,3,1,0,1,9,10,11,1,0,2,0,1,0,133472,0.382,1.085,0.012
1248,2.211,0.001,0,0.063,0.037,0,0,,0,,,,0,,,,,1004,1004,0,2,3,0,3,3,1,0,1,9,10,11,1,0,2,0,1,0,133472,0.45,1.319,0.014
1249,3.164,1.008,0,0.081,0.054,0,0,,0,,,,0,,,,,1004,1004,0,2,3,0,3,3,1,0,1,9,10,11,1,0,2,0,1,0,133472,0.441,1.131,0.013
1250,2.067,0.001,0,0.054,0.038,0,0,,0,,,,0,,,,,1004,1004,0,2,3,0,3,3,1,0,1,9,10,11,1,0,2,0,1,0,133472,0.446,1.226,0.016
1251,2.668,0.001,0,0.057,0.042,0,0,,0,,,,0,,,,,1004,1004,0,2,3,0,3,3,1,0,1,9,10,11,1,0,2,0,1,0,133472,0.552,1.641,0.018
1252,2.801,0.572,0,0.053,0.058,0,0,,0,,,,0,,,,,1004,1004,0,2,3,0,3,3,1,0,1,9,10,11,1,0,2,0,1,0,133472,0.404,1.27,0.016
1253,3.187,1.349,0,0.093,0.046,0,0,,0,,,,0,,,,,1004,1004,0,2,3,0,3,3,1,0,1,9,10,11,1,0,2,0,1,0,133472,0.337,0.977,0.013
1254,2.991,0.997,0,0.09,0.036,0,0,,0,,,,0,,,,,1004,1004,0,2,3,0,3,3,1,0,1,9,10,11,1,0,2,0,1,0,133472,0.38,1.101,0.012
1255,3.801,2.003,0,0.055,0.039,0,0,,0,,,,0,,,,,1004,1004,0,2,3,0,3,3,1,0,1,9,10,11,1,0,2,0,1,0,133472,0.361,0.958,0.013
1256,3.509,0.666,0,0.091,0.05,0,0,,0,,,,0,,,,,1004,1004,0,2,3,0,3,3,1,0,1,9,10,11,1,0,2,0,1,0,133472,0.572,1.651,0.02
1257,2.168,0.001,0,0.063,0.032,0,0,,0,,,,0,,,,,1004,1004,0,2,3,0,3,3,1,0,1,9,10,11,1,0,2,0,1,0,133472,0.463,1.223,0.013
1258,2.369,0,0,0.049,0.038,0,0,,0,,,,0,,,,,1004,1004,0,2,3,0,3,3,1,0,1,9,10,11,1,0,2,0,1,0,133472,0.5,1.459,0.013
1259,2.23,0,0,0.065,0.044,0,0,,0,,,,0,,,,,1004,1004,0,2,3,0,3,3,1,0,1,9,10,11,1,0,2,0,1,0,133472,0.442,1.313,0.014
1260,2.303,0.001,0,0.066,0.034,0,0,,1,2890.625,231317504,287174656,1,71217344,71217344,167755776,38823561584,1004,1004,0,2,3,0,3,3,1,0,1,9,10,11,1,0,2,0,1,0,133472,0.465,1.356,0.011
1261,1.812,0,0,0.041,0.043,0,0,,0,,,,0,,,,,1004,1004,0,2,3,0,3,3,1,0,1,9,10,11,1,0,2,0,1,0,133472,0.43,1.004,0.009
1262,1.678,0,0,0.051,0.032,0,0,,0,,,,0,,,,,1004,1004,0,2,3,0,3,3,1,0,1,9,10,11,1,0,2,0,1,0,133472,0.429,0.925,0.008
1263,1.684,0,0.001,0.027,0.023,0,0,,0,,,,0,,,,,1004,1004,0,2,3,0,3,3,1,0,1,9,10,11,1,0,2,0,1,0,133472,0.369,1.033,0.01
1264,7.996,6.413,0.001,0.083,0.052,0,0,,0,,,,0,,,,,1004,1004,0,2,3,0,3,3,1,0,1,9,10,11,1,0,2,0,1,0,133472,0.393,0.691,0.011
1265,1.232,0.001,0,0.029,0.023,0,0,,0,,,,0,,,,,1004,1004,0,2,3,0,3,3,1,0,1,9,10,11,1,0,2,0,1,0,133472,0.319,0.685,0.006
1266,1.71,0.271,0.001,0.064,0.021,0,0,,0,,,,0,,,,,1004,1004,0,2,3,0,3,3,1,0,1,9,10,11,1,0,2,0,1,0,133472,0.343,0.742,0.006
1267,2.809,0.888,0.001,0.14,0.035,0,0,,0,,,,0,,,,,1004,1004,0,2,3,0,3,3,1,0,1,9,10,11,1,0,2,0,1,0,133472,0.406,0.994,0.011
1268,2.131,0,0,0.03,0.029,0,0,,0,,,,0,,,,,1004,1004,0,2,3,0,3,3,1,0,1,9,10,11,1,0,2,0,1,0,133472,0.352,1.471,0.012
1269,2.837,0,0,0.041,0.097,0,0,,0,,,,0,,,,,1004,1004,0,2,3,0,3,3,1,0,1,9,10,11,1,0,2,0,1,0,133472,0.606,1.644,0.024
1270,2.596,0.002,0.001,0.09,0.05,0,0,,0,,,,0,,,,,1004,1004,0,2,3,0,3,3,1,0,1,9,10,11,1,0,2,0,1,0,133472,0.646,1.352,0.018
1271,2.562,0,0.001,0.044,0.047,0,0,,0,,,,0,,,,,1004,1004,0,2,3,0,3,3,1,0,1,9,10,11,1,0,2,0,1,0,133472,0.72,1.388,0.015
1272,2.03,0.001,0,0.043,0.035,0,0,,0,,,,0,,,,,1004,1004,0,2,3,0,3,3,1,0,1,9,10,11,1,0,2,0,1,0,133472,0.448,1.19,0.012
1273,1.861,0,0,0.045,0.029,0,0,,0,,,,0,,,,,1004,1004,0,2,3,0,3,3,1,0,1,9,10,11,1,0,2,0,1,0,133472,0.413,1.101,0.01
1274,2.085,0.307,0,0.069,0.024,0,0,,0,,,,0,,,,,1004,1004,0,2,3,0,3,3,1,0,1,9,10,11,1,0,2,0,1,0,133472,0.394,0.983,0.007
1275,1.701,0.105,0.001,0.098,0.031,0,0,,0,,,,0,,,,,1004,1004,0,2,3,0,3,3,1,0,1,9,10,11,1,0,2,0,1,0,133472,0.376,0.758,0.008
1276,4.2,1.39,0,0.076,0.057,0,0,,0,,,,0,,,,,1004,1004,0,2,3,0,3,3,1,0,1,9,10,11,1,0,2,0,1,0,133472,0.491,1.645,0.021
1277,2.468,0.001,0,0.059,0.037,0,0,,0,,,,0,,,,,1004,1004,0,2,3,0,3,3,1,0,1,9,10,11,1,0,2,0,1,0,133472,0.523,1.485,0.012
1278,1.839,0.001,0,0.041,0.039,0,0,,0,,,,0,,,,,1004,1004,0,2,3,0,3,3,1,0,1,9,10,11,1,0,2,0,1,0,133472,0.43,0.917,0.01
1279,1.587,0.001,0.001,0.057,0.023,0,0,,0,,,,0,,,,,1004,1004,0,2,3,0,3,3,1,0,1,9,10,11,1,0,2,0,1,0,133472,0.38,0.863,0.007
1280,1.501,0,0,0.047,0.031,0,0,,0,,,,0,,,,,1004,1004,0,2,3,0,3,3,1,0,1,9,10,11,1,0,2,0,1,0,133472,0.386,0.813,0.008
1281,2.02,0,0,0.04,0.046,0,0,,0,,,,0,,,,,1004,1004,0,2,3,0,3,3,1,0,1,9,10,11,1,0,2,0,1,0,133472,0.366,1.301,0.018
1282,2.1,0.001,0.001,0.053,0.038,0,0,,0,,,,0,,,,,1004,1004,0,2,3,0,3,3,1,0,1,9,10,11,1,0,2,0,1,0,133472,0.458,1.227,0.011
1283,2.249,0,0,0.039,0.048,0,0,,0,,,,0,,,,,1004,1004,0,2,3,0,3,3,1,0,1,9,10,11,1,0,2,0,1,0,133472,0.48,1.301,0.018
1284,2.848,0.001,0,0.073,0.046,0,0,,0,,,,0,,,,,1004,1004,0,2,3,0,3,3,1,0,1,9,10,11,1,0,2,0,1,0,133472,0.601,1.687,0.021
1285,2.344,0.001,0,0.065,0.033,0,0,,0,,,,0,,,,,1004,1004,0,2,3,0,3,3,1,0,1,9,10,11,1,0,2,0,1,0,133472,0.762,1.079,0.014
1286,5.424,3.357,0,0.096,0.045,0,0,,0,,,,0,,,,,1004,1004,0,2,3,0,3,3,1,0,1,9,10,11,1,0,2,0,1,0,133472,0.384,1.113,0.013
1287,1.839,0.001,0,0.034,0.035,0,0,,0,,,,0,,,,,1004,1004,0,2,3,0,3,3,1,0,1,9,10,11,1,0,2,0,1,0,133472,0.402,1.095,0.012
1288,2.09,0,0,0.035,0.05,0,0,,0,,,,0,,,,,1004,1004,0,2,3,0,3,3,1,0,1,9,10,11,1,0,2,0,1,0,133472,0.43,1.213,0.016
1289,2.189,0,0,0.06,0.076,0,0,,0,,,,0,,,,,1004,1004,0,2,3,0,3,3,1,0,1,9,10,11,1,0,2,0,1,0,133472,0.387,1.309,0.025
1290,3.435,0.001,0.001,0.081,0.079,0,0,,1,2953.125,231317504,287174656,1,71217344,71217344,167755776,38823561584,1004,1004,0,2,3,0,3,3,1,0,1,9,10,11,1,0,2,0,1,0,133472,1.009,1.713,0.028
1291,2.376,0.002,0,0.062,0.043,0,0,,0,,,,0,,,,,1004,1004,0,2,3,0,3,3,1,0,1,9,10,11,1,0,2,0,1,0,133472,0.535,1.314,0.016
1292,5.395,3.348,0.001,0.048,0.06,0,0,,0,,,,0,,,,,1004,1004,0,2,3,0,3,3,1,0,1,9,10,11,1,0,2,0,1,0,133472,0.394,1.165,0.019
1293,4.56,2.659,0,0.046,0.057,0,0,,0,,,,0,,,,,1004,1004,0,2,3,0,3,3,1,0,1,9,10,11,1,0,2,0,1,0,133472,0.375,1.052,0.015
1294,4.995,1.682,0.001,0.067,0.064,0,0,,0,,,,0,,,,,1004,1004,0,2,3,0,3,3,1,0,1,9,10,11,1,0,2,0,1,0,133472,0.658,1.995,0.02
1295,2.139,0.001,0,0.045,0.033,0,0,,0,,,,0,,,,,1004,1004,0,2,3,0,3,3,1,0,1,9,10,11,1,0,2,0,1,0,133472,0.521,1.207,0.012
1296,3.253,1.275,0,0.084,0.049,0,0,,0,,,,0,,,,,1004,1004,0,2,3,0,3,3,1,0,1,9,10,11,1,0,2,0,1,0,133472,0.339,1.086,0.013
1297,2.099,0.027,0,0.037,0.135,0,0,,0,,,,0,,,,,1004,1004,0,2,3,0,3,3,1,0,1,9,10,11,1,0,2,0,1,0,133472,0.454,1.151,0.008
1298,1.713,0.121,0,0.033,0.029,0,0,,0,,,,0,,,,,1004,1004,0,2,3,0,3,3,1,0,1,9,10,11,1,0,2,0,1,0,133472,0.383,0.891,0.008
1299,1.528,0,0,0.025,0.029,0,0,,0,,,,0,,,,,1004,1004,0,2,3,0,3,3,1,0,1,9,10,11,1,0,2,0,1,0,133472,0.388,0.861,0.007
1300,1.654,0,0,0.029,0.038,0,0,,0,,,,0,,,,,1004,1004,0,2,3,0,3,3,1,0,1,9,10,11,1,0,2,0,1,0,133472,0.347,0.982,0.015
1301,2.875,0,0,0.076,0.064,0,0,,0,,,,0,,,,,1004,1004,0,2,3,0,3,3,1,0,1,9,10,11,1,0,2,0,1,0,133472,0.542,1.736,0.024
1302,2.252,0,0.001,0.081,0.032,0,0,,0,,,,0,,,,,1004,1004,0,2,3,0,3,3,1,0,1,9,10,11,1,0,2,0,1,0,133472,0.558,1.216,0.018
1303,1.645,0,0,0.051,0.032,0,0,,0,,,,0,,,,,1004,1004,0,2,3,0,3,3,1,0,1,9,10,11,1,0,2,0,1,0,133472,0.367,0.93,0.015
1304,1.724,0,0.001,0.038,0.031,0,0,,0,,,,0,,,,,1004,1004,0,2,3,0,3,3,1,0,1,9,10,11,1,0,2,0,1,0,133472,0.356,1.032,0.016
1305,1.94,0.001,0,0.044,0.036,0,0,,0,,,,0,,,,,1004,1004,0,2,3,0,3,3,1,0,1,9,10,11,1,0,2,0,1,0,133472,0.427,1.153,0.011
1306,2.081,0,0,0.04,0.027,0,0,,0,,,,0,,,,,1004,1004,0,2,3,0,3,3,1,0,1,9,10,11,1,0,2,0,1,0,133472,0.529,1.19,0.016
1307,1.816,0,0,0.045,0.023,0,0,,0,,,,0,,,,,1004,1004,0,2,3,0,3,3,1,0,1,9,10,11,1,0,2,0,1,0,133472,0.44,1.053,0.009
1308,1.773,0.001,0,0.036,0.038,0,0,,0,,,,0,,,,,1004,1004,0,2,3,0,3,3,1,0,1,9,10,11,1,0,2,0,1,0,133472,0.395,1.055,0.008
1309,2.459,0,0,0.06,0.055,0,0,,0,,,,0,,,,,1004,1004,0,2,3,0,3,3,1,0,1,9,10,11,1,0,2,0,1,0,133472,0.402,1.569,0.019
1310,2.085,0.001,0,0.055,0.03,0,0,,0,,,,0,,,,,1004,1004,0,2,3,0,3,3,1,0,1,9,10,11,1,0,2,0,1,0,133472,0.533,1.13,0.009
1311,1.902,0,0,0.034,0.029,0,0,,0,,,,0,,,,,1004,1004,0,2,3,0,3,3,1,0,1,9,10,11,1,0,2,0,1,0,133472,0.453,1.093,0.009
1312,1.795,0,0,0.032,0.028,0,0,,0,,,,0,,,,,1004,1004,0,2,3,0,3,3,1,0,1,9,10,11,1,0,2,0,1,0,133472,0.416,1.045,0.009
1313,2.76,0.863,0.001,0.108,0.028,0,0,,0,,,,0,,,,,1004,1004,0,2,3,0,3,3,1,0,1,9,10,11,1,0,2,0,1,0,133472,0.395,1.015,0.011
1314,3.476,1.727,0.001,0.034,0.026,0,0,,0,,,,0,,,,,1004,1004,0,2,3,0,3,3,1,0,1,9,10,11,1,0,2,0,1,0,133472,0.395,1.024,0.01
1315,2.819,0.878,0,0.07,0.031,0,0,,0,,,,0,,,,,1004,1004,0,2,3,0,3,3,1,0,1,9,10,11,1,0,2,0,1,0,133472,0.389,1.036,0.01
1316,2.171,0.001,0,0.03,0.037,0,0,,0,,,,0,,,,,1004,1004,0,2,3,0,3,3,1,0,1,9,10,11,1,0,2,0,1,0,133472,0.473,1.339,0.018
1317,1.91,0.001,0,0.047,0.026,0,0,,0,,,,0,,,,,1004,1004,0,2,3,0,3,3,1,0,1,9,10,11,1,0,2,0,1,0,133472,0.455,1.088,0.008
1318,2.479,0.505,0,0.186,0.054,0,0,,0,,,,0,,,,,1004,1004,0,2,3,0,3,3,1,0,1,9,10,11,1,0,2,0,1,0,133472,0.384,0.97,0.021
1319,1.556,0.001,0,0.032,0.054,0,0,,0,,,,0,,,,,1004,1004,0,2,3,0,3,3,1,0,1,9,10,11,1,0,2,0,1,0,133472,0.333,0.897,0.007
1320,1.707,0,0,0.024,0.032,0,0,,1,3031.25,231317504,287174656,1,71217344,71217344,167755776,38823561584,1004,1004,0,2,3,0,3,3,1,0,1,9,10,11,1,0,2,0,1,0,133472,0.389,1.018,0.008
1321,1.633,0.001,0,0.03,0.036,0,0,,0,,,,0,,,,,1004,1004,0,2,3,0,3,3,1,0,1,9,10,11,1,0,2,0,1,0,133472,0.422,0.902,0.01
1322,1.863,0.419,0,0.035,0.026,0,0,,0,,,,0,,,,,1004,1004,0,2,3,0,3,3,1,0,1,9,10,11,1,0,2,0,1,0,133472,0.284,0.772,0.008
1323,2.096,0.255,0,0.039,0.029,0,0,,0,,,,0,,,,,1004,1004,0,2,3,0,3,3,1,0,1,9,10,11,1,0,2,0,1,0,133472,0.3,1.115,0.01
1324,2.326,0,0,0.033,0.046,0,0,,0,,,,0,,,,,1004,1004,0,2,3,0,3,3,1,0,1,9,10,11,1,0,2,0,1,0,133472,0.376,1.56,0.016
1325,2.612,0.001,0,0.072,0.037,0,0,,0,,,,0,,,,,1004,1004,0,2,3,0,3,3,1,0,1,9,10,11,1,0,2,0,1,0,133472,0.583,1.482,0.022
1326,1.974,0.001,0,0.044,0.035,0,0,,0,,,,0,,,,,1004,1004,0,2,3,0,3,3,1,0,1,9,10,11,1,0,2,0,1,0,133472,0.46,1.132,0.01
1327,1.842,0,0,0.033,0.036,0,0,,0,,,,0,,,,,1004,1004,0,2,3,0,3,3,1,0,1,9,10,11,1,0,2,0,1,0,133472,0.393,1.13,0.009
1328,1.784,0,0,0.044,0.032,0,0,,0,,,,0,,,,,1004,1004,0,2,3,0,3,3,1,0,1,9,10,11,1,0,2,0,1,0,133472,0.405,1.046,0.009
1329,1.774,0,0,0.036,0.021,0,0,,0,,,,0,,,,,1004,1004,0,2,3,0,3,3,1,0,1,9,10,11,1,0,2,0,1,0,133472,0.405,1.058,0.008
1330,2.12,0.425,0,0.076,0.025,0,0,,0,,,,0,,,,,1004,1004,0,2,3,0,3,3,1,0,1,9,10,11,1,0,2,0,1,0,133472,0.319,0.945,0.008
1331,3.369,0,0.001,0.024,0.073,0,0,,0,,,,0,,,,,1004,1004,0,2,3,0,3,3,1,0,1,9,10,11,1,0,2,0,1,0,133472,0.659,1.644,0.018
1332,3.061,0.001,0.001,0.065,0.083,0,0,,0,,,,0,,,,,1004,1004,0,2,3,0,3,3,1,0,1,9,10,11,1,0,2,0,1,0,133472,0.8,1.539,0.034
1333,2.653,0.001,0,0.054,0.127,0,0,,0,,,,0,,,,,1004,1004,0,2,3,0,3,3,1,0,1,9,10,11,1,0,2,0,1,0,133472,0.542,1.504,0.027
1334,1.861,0.001,0,0.056,0.038,0,0,,0,,,,0,,,,,1004,1004,0,2,3,0,3,3,1,0,1,9,10,11,1,0,2,0,1,0,133472,0.406,0.997,0.011
1335,1.637,0.001,0,0.034,0.025,0,0,,0,,,,0,,,,,1004,1004,0,2,3,0,3,3,1,0,1,9,10,11,1,0,2,0,1,0,133472,0.349,0.986,0.008
1336,1.66,0,0,0.027,0.02,0,0,,0,,,,0,,,,,1004,1004,0,2,3,0,3,3,1,0,1,9,10,11,1,0,2,0,1,0,133472,0.365,1.02,0.009
1337,2.583,0.548,0,0.073,0.035,0,0,,0,,,,0,,,,,1004,1004,0,2,3,0,3,3,1,0,1,9,10,11,1,0,2,0,1,0,133472,0.347,1.167,0.011
1338,1.527,0,0,0.034,0.023,0,0,,0,,,,0,,,,,1004,1004,0,2,3,0,3,3,1,0,1,9,10,11,1,0,2,0,1,0,133472,0.345,0.88,0.007
1339,1.816,0,0,0.023,0.033,0,0,,0,,,,0,,,,,1004,1004,0,2,3,0,3,3,1,0,1,9,10,11,1,0,2,0,1,0,133472,0.32,1.215,0.011
1340,2.432,0.003,0,0.085,0.041,0,0,,0,,,,0,,,,,1004,1004,0,2,3,0,3,3,1,0,1,9,10,11,1,0,2,0,1,0,133472,0.683,1.225,0.017
1341,2.252,0.001,0,0.054,0.03,0,0,,0,,,,0,,,,,1004,1004,0,2,3,0,3,3,1,0,1,9,10,11,1,0,2,0,1,0,133472,0.553,1.239,0.012
1342,1.788,0.001,0,0.052,0.023,0,0,,0,,,,0,,,,,1004,1004,0,2,3,0,3,3,1,0,1,9,10,11,1,0,2,0,1,0,133472,0.402,1.049,0.009
1343,2.405,0.35,0,0.143,0.031,0,0,,0,,,,0,,,,,1004,1004,0,2,3,0,3,3,1,0,1,9,10,11,1,0,2,0,1,0,133472,0.562,1.013,0.011
1344,1.815,0.001,0,0.036,0.025,0,0,,0,,,,0,,,,,1004,1004,0,2,3,0,3,3,1,0,1,9,10,11,1,0,2,0,1,0,133472,0.437,1.032,0.01
1345,2.707,0.371,0,0.034,0.038,0,0,,0,,,,0,,,,,1004,1004,0,2,3,0,3,3,1,0,1,9,10,11,1,0,2,0,1,0,133472,0.97,0.993,0.011
1346,1.847,0.373,0,0.042,0.022,0,0,,0,,,,0,,,,,1004,1004,0,2,3,0,3,3,1,0,1,9,10,11,1,0,2,0,1,0,133472,0.395,0.773,0.007
1347,3.893,1.308,0,0.082,0.046,0,0,,0,,,,0,,,,,1004,1004,0,2,3,0,3,3,1,0,1,9,10,11,1,0,2,0,1,0,133472,0.689,1.326,0.013
1348,1.519,0.13,0,0.049,0.022,0,0,,0,,,,0,,,,,1004,1004,0,2,3,0,3,3,1,0,1,9,10,11,1,0,2,0,1,0,133472,0.358,0.738,0.006
1349,4.082,3.073,0,0.028,0.022,0,0,,0,,,,0,,,,,1004,1004,0,2,3,0,3,3,1,0,1,9,10,11,1,0,2,0,1,0,133472,0.237,0.578,0.005
1350,3.142,1.637,0.001,0.161,0.039,0,0,,1,3109.375,231317504,287174656,1,71217344,71217344,167755776,38823561584,1004,1004,0,2,3,0,3,3,1,0,1,9,10,11,1,0,2,0,1,0,133472,0.357,0.668,0.01
1351,2.218,0.832,0,0.142,0.021,0,0,,0,,,,0,,,,,1004,1004,0,2,3,0,3,3,1,0,1,9,10,11,1,0,2,0,1,0,133472,0.313,0.612,0.005
1352,1.39,0.11,0.001,0.084,0.029,0,0,,0,,,,0,,,,,1004,1004,0,2,3,0,3,3,1,0,1,9,10,11,1,0,2,0,1,0,133472,0.316,0.601,0.005
1353,3.103,0.248,0,0.04,0.062,0,0,,0,,,,0,,,,,1004,1004,0,2,3,0,3,3,1,0,1,9,10,11,1,0,2,0,1,0,133472,0.959,1.488,0.018
1354,2.366,0.001,0.001,0.054,0.046,0,0,,0,,,,0,,,,,1004,1004,0,2,3,0,3,3,1,0,1,9,10,11,1,0,2,0,1,0,133472,0.512,1.348,0.017
1355,1.694,0,0,0.063,0.033,0,0,,0,,,,0,,,,,1004,1004,0,2,3,0,3,3,1,0,1,9,10,11,1,0,2,0,1,0,133472,0.418,0.813,0.009
1356,1.305,0.001,0.001,0.04,0.023,0,0,,0,,,,0,,,,,1004,1004,0,2,3,0,3,3,1,0,1,9,10,11,1,0,2,0,1,0,133472,0.323,0.722,0.004
1357,1.816,0.57,0.001,0.088,0.023,0,0,,0,,,,0,,,,,1004,1004,0,2,3,0,3,3,1,0,1,9,10,11,1,0,2,0,1,0,133472,0.236,0.656,0.004
1358,2.286,0.225,0.001,0.159,0.05,0,0,,0,,,,0,,,,,1004,1004,0,2,3,0,3,3,1,0,1,9,10,11,1,0,2,0,1,0,133472,0.333,1.148,0.033
1359,1.873,0.001,0,0.067,0.033,0,0,,0,,,,0,,,,,1004,1004,0,2,3,0,3,3,1,0,1,9,10,11,1,0,2,0,1,0,133472,0.421,1.08,0.01
1360,1.788,0,0,0.031,0.087,0,0,,0,,,,0,,,,,1004,1004,0,2,3,0,3,3,1,0,1,9,10,11,1,0,2,0,1,0,133472,0.388,1.025,0.009
1361,2.2,0,0,0.029,0.046,0,0,,0,,,,0,,,,,1004,1004,0,2,3,0,3,3,1,0,1,9,10,11,1,0,2,0,1,0,133472,0.398,1.321,0.013
1362,2.329,0,0,0.053,0.048,0,0,,0,,,,0,,,,,1004,1004,0,2,3,0,3,3,1,0,1,9,10,11,1,0,2,0,1,0,133472,0.609,1.198,0.018
1363,1.875,0.003,0.002,0.063,0.035,0,0,,0,,,,0,,,,,1004,1004,0,2,3,0,3,3,1,0,1,9,10,11,1,0,2,0,1,0,133472,0.398,1.078,0.01
1364,2.003,0.684,0,0.087,0.059,0,0,,0,,,,0,,,,,1004,1004,0,2,3,0,3,3,1,0,1,9,10,11,1,0,2,0,1,0,133472,0.263,0.59,0.005
1365,3.642,2.05,0,0.134,0.027,0,0,,0,,,,0,,,,,1004,1004,0,2,3,0,3,3,1,0,1,9,10,11,1,0,2,0,1,0,133472,0.391,0.667,0.01
1366,3.194,1.661,0,0.137,0.034,0,0,,0,,,,0,,,,,1004,1004,0,2,3,0,3,3,1,0,1,9,10,11,1,0,2,0,1,0,133472,0.349,0.681,0.007
1367,1.138,0,0,0.029,0.025,0,0,,0,,,,0,,,,,1004,1004,0,2,3,0,3,3,1,0,1,9,10,11,1,0,2,0,1,0,133472,0.272,0.633,0.004
1368,1.716,0,0,0.029,0.091,0,0,,0,,,,0,,,,,1004,1004,0,2,3,0,3,3,1,0,1,9,10,11,1,0,2,0,1,0,133472,0.299,1.02,0.03
1369,2.822,0.001,0,0.1,0.036,0,0,,0,,,,0,,,,,1004,1004,0,2,3,0,3,3,1,0,1,9,10,11,1,0,2,0,1,0,133472,0.89,1.174,0.02
1370,1.558,0.001,0,0.052,0.028,0,0,,0,,,,0,,,,,1004,1004,0,2,3,0,3,3,1,0,1,9,10,11,1,0,2,0,1,0,133472,0.392,0.842,0.007
1371,1.284,0,0,0.03,0.024,0,0,,0,,,,0,,,,,1004,1004,0,2,3,0,3,3,1,0,1,9,10,11,1,0,2,0,1,0,133472,0.345,0.715,0.005
1372,1.279,0,0,0.033,0.024,0,0,,0,,,,0,,,,,1004,1004,0,2,3,0,3,3,1,0,1,9,10,11,1,0,2,0,1,0,133472,0.323,0.734,0.005
1373,1.223,0.001,0,0.029,0.026,0,0,,0,,,,0,,,,,1004,1004,0,2,3,0,3,3,1,0,1,9,10,11,1,0,2,0,1,0,133472,0.284,0.721,0.006
1374,1.592,0.251,0,0.032,0.024,0,0,,0,,,,0,,,,,1004,1004,0,2,3,0,3,3,1,0,1,9,10,11,1,0,2,0,1,0,133472,0.33,0.746,0.005
1375,1.638,0.344,0,0.035,0.023,0,0,,0,,,,0,,,,,1004,1004,0,2,3,0,3,3,1,0,1,9,10,11,1,0,2,0,1,0,133472,0.329,0.681,0.005
1376,2.566,1.178,0.001,0.153,0.03,0,0,,0,,,,0,,,,,1004,1004,0,2,3,0,3,3,1,0,1,9,10,11,1,0,2,0,1,0,133472,0.309,0.586,0.01
1377,1.515,0.309,0,0.087,0.024,0,0,,0,,,,0,,,,,1004,1004,0,2,3,0,3,3,1,0,1,9,10,11,1,0,2,0,1,0,133472,0.243,0.587,0.005
1378,3.263,0.399,0,0.455,0.046,0,0,,0,,,,0,,,,,1004,1004,0,2,3,0,3,3,1,0,1,9,10,11,1,0,2,0,1,0,133472,0.448,1.351,0.017
1379,1.523,0.001,0.001,0.065,0.028,0,0,,0,,,,0,,,,,1004,1004,0,2,3,0,3,3,1,0,1,9,10,11,1,0,2,0,1,0,133472,0.4,0.749,0.009
1380,1.419,0.183,0,0.039,0.025,0,0,,1,3187.5,231317504,287174656,1,71217344,71217344,167755776,38823561584,1004,1004,0,2,3,0,3,3,1,0,1,9,10,11,1,0,2,0,1,0,133472,0.306,0.688,0.004
1381,1.931,0.287,0,0.043,0.045,0,0,,0,,,,0,,,,,1004,1004,0,2,3,0,3,3,1,0,1,9,10,11,1,0,2,0,1,0,133472,0.363,0.903,0.036
1382,1.392,0.002,0,0.085,0.019,0,0,,0,,,,0,,,,,1004,1004,0,2,3,0,3,3,1,0,1,9,10,11,1,0,2,0,1,0,133472,0.363,0.645,0.005
1383,1.23,0.061,0,0.028,0.023,0,0,,0,,,,0,,,,,1004,1004,0,2,3,0,3,3,1,0,1,9,10,11,1,0,2,0,1,0,133472,0.287,0.655,0.006
1384,1.947,0.453,0,0.134,0.026,0,0,,0,,,,0,,,,,1004,1004,0,2,3,0,3,3,1,0,1,9,10,11,1,0,2,0,1,0,133472,0.358,0.717,0.006
1385,1.982,0.657,0,0.128,0.024,0,0,,0,,,,0,,,,,1004,1004,0,2,3,0,3,3,1,0,1,9,10,11,1,0,2,0,1,0,133472,0.305,0.587,0.004
1386,1.598,0.39,0,0.063,0.025,0,0,,0,,,,0,,,,,1004,1004,0,2,3,0,3,3,1,0,1,9,10,11,1,0,2,0,1,0,133472,0.274,0.589,0.004
1387,4.612,0.526,0,0.148,0.105,0,0,,0,,,,0,,,,,1004,1004,0,2,3,0,3,3,1,0,1,9,10,11,1,0,2,0,1,0,133472,0.899,2.462,0.033
1388,4.121,0.001,0,0.118,0.038,0,0,,0,,,,0,,,,,1004,1004,0,2,3,0,3,3,1,0,1,9,10,11,1,0,2,0,1,0,133472,1.001,2.323,0.011
1389,1.577,0,0,0.027,0.027,0,0,,0,,,,0,,,,,1004,1004,0,2,3,0,3,3,1,0,1,9,10,11,1,0,2,0,1,0,133472,0.355,0.938,0.01
1390,2.34,0.898,0.001,0.119,0.034,0,0,,0,,,,0,,,,,1004,1004,0,2,3,0,3,3,1,0,1,9,10,11,1,0,2,0,1,0,133472,0.328,0.679,0.006
1391,2.621,1.471,0,0.091,0.022,0,0,,0,,,,0,,,,,1004,1004,0,2,3,0,3,3,1,0,1,9,10,11,1,0,2,0,1,0,133472,0.222,0.541,0.004
1392,1.711,0.54,0,0.07,0.022,0,0,,0,,,,0,,,,,1004,1004,0,2,3,0,3,3,1,0,1,9,10,11,1,0,2,0,1,0,133472,0.227,0.579,0.004
1393,3.662,0.62,0,0.112,0.116,0,0,,0,,,,0,,,,,1004,1004,0,2,3,0,3,3,1,0,1,9,10,11,1,0,2,0,1,0,133472,0.793,1.432,0.03
1394,2.276,0.003,0.001,0.113,0.033,0,0,,0,,,,0,,,,,1004,1004,0,2,3,0,3,3,1,0,1,9,10,11,1,0,2,0,1,0,133472,0.465,1.275,0.011
1395,1.536,0,0,0.029,0.031,0,0,,0,,,,0,,,,,1004,1004,0,2,3,0,3,3,1,0,1,9,10,11,1,0,2,0,1,0,133472,0.354,0.89,0.008
1396,1.5,0,0,0.025,0.036,0,0,,0,,,,0,,,,,1004,1004,0,2,3,0,3,3,1,0,1,9,10,11,1,0,2,0,1,0,133472,0.335,0.895,0.007
1397,1.736,0,0,0.031,0.04,0,0,,0,,,,0,,,,,1004,1004,0,2,3,0,3,3,1,0,1,9,10,11,1,0,2,0,1,0,133472,0.355,1.07,0.009
1398,1.811,0,0,0.033,0.029,0,0,,0,,,,0,,,,,1004,1004,0,2,3,0,3,3,1,0,1,9,10,11,1,0,2,0,1,0,133472,0.435,1.061,0.008
1399,1.483,0.279,0,0.037,0.029,0,0,,0,,,,0,,,,,1004,1004,0,2,3,0,3,3,1,0,1,9,10,11,1,0,2,0,1,0,133472,0.295,0.62,0.005
1400,1.631,0.397,0,0.061,0.024,0,0,,0,,,,0,,,,,1004,1004,0,2,3,0,3,3,1,0,1,9,10,11,1,0,2,0,1,0,133472,0.259,0.619,0.005
1401,2.484,0.368,0,0.06,0.073,0,0,,0,,,,0,,,,,1004,1004,0,2,3,0,3,3,1,0,1,9,10,11,1,0,2,0,1,0,133472,0.281,1.373,0.016
1402,2.837,0.001,0,0.069,0.118,0,0,,0,,,,0,,,,,1004,1004,0,2,3,0,3,3,1,0,1,9,10,11,1,0,2,0,1,0,133472,0.637,1.527,0.032
1403,2.037,0,0,0.049,0.035,0,0,,0,,,,0,,,,,1004,1004,0,2,3,0,3,3,1,0,1,9,10,11,1,0,2,0,1,0,133472,0.434,1.187,0.01
1404,1.826,0,0,0.032,0.029,0,0,,0,,,,0,,,,,1004,1004,0,2,3,0,3,3,1,0,1,9,10,11,1,0,2,0,1,0,133472,0.415,1.065,0.009
1405,1.717,0,0,0.03,0.032,0,0,,0,,,,0,,,,,1004,1004,0,2,3,0,3,3,1,0,1,9,10,11,1,0,2,0,1,0,133472,0.385,1.015,0.01
1406,1.746,0,0,0.035,0.029,0,0,,0,,,,0,,,,,1004,1004,0,2,3,0,3,3,1,0,1,9,10,11,1,0,2,0,1,0,133472,0.386,1.02,0.011
1407,1.583,0.413,0,0.033,0.026,0,0,,0,,,,0,,,,,1004,1004,0,2,3,0,3,3,1,0,1,9,10,11,1,0,2,0,1,0,133472,0.27,0.644,0.006
1408,1.77,0.514,0,0.083,0.022,0,0,,0,,,,0,,,,,1004,1004,0,2,3,0,3,3,1,0,1,9,10,11,1,0,2,0,1,0,133472,0.256,0.586,0.005
1409,2.02,0.506,0.001,0.151,0.033,0,0,,0,,,,0,,,,,1004,1004,0,2,3,0,3,3,1,0,1,9,10,11,1,0,2,0,1,0,133472,0.292,0.704,0.012
1410,2.323,0.02,0.001,0.047,0.118,0,0,,1,3265.625,231317504,287174656,1,71217344,71217344,167755776,38823561584,1004,1004,0,2,3,0,3,3,1,0,1,9,10,11,1,0,2,0,1,0,133472,0.397,1.392,0.027
1411,2.735,0.001,0.001,0.078,0.048,0,0,,0,,,,0,,,,,1004,1004,0,2,3,0,3,3,1,0,1,9,10,11,1,0,2,0,1,0,133472,0.517,1.248,0.012
1412,1.918,0,0,0.045,0.04,0,0,,0,,,,0,,,,,1004,1004,0,2,3,0,3,3,1,0,1,9,10,11,1,0,2,0,1,0,133472,0.417,1.138,0.011
1413,1.957,0,0,0.04,0.035,0,0,,0,,,,0,,,,,1004,1004,0,2,3,0,3,3,1,0,1,9,10,11,1,0,2,0,1,0,133472,0.416,1.189,0.012
1414,1.669,0.488,0,0.032,0.03,0,0,,0,,,,0,,,,,1004,1004,0,2,3,0,3,3,1,0,1,9,10,11,1,0,2,0,1,0,133472,0.288,0.63,0.005
1415,3.518,2.123,0,0.134,0.034,0,0,,0,,,,0,,,,,1004,1004,0,2,3,0,3,3,1,0,1,9,10,11,1,0,2,0,1,0,133472,0.345,0.591,0.007
1416,1.699,0.304,0,0.195,0.031,0,0,,0,,,,0,,,,,1004,1004,0,2,3,0,3,3,1,0,1,9,10,11,1,0,2,0,1,0,133472,0.337,0.609,0.006
1417,3.717,0.309,0,0.444,0.046,0,0,,0,,,,0,,,,,1004,1004,0,2,3,0,3,3,1,0,1,9,10,11,1,0,2,0,1,0,133472,0.76,1.603,0.019
1418,1.408,0.001,0,0.043,0.025,0,0,,0,,,,0,,,,,1004,1004,0,2,3,0,3,3,1,0,1,9,10,11,1,0,2,0,1,0,133472,0.344,0.755,0.008
1419,1.136,0.001,0,0.029,0.021,0,0,,0,,,,0,,,,,1004,1004,0,2,3,0,3,3,1,0,1,9,10,11,1,0,2,0,1,0,133472,0.29,0.642,0.004
1420,1.687,0.356,0,0.081,0.027,0,0,,0,,,,0,,,,,1004,1004,0,2,3,0,3,3,1,0,1,9,10,11,1,0,2,0,1,0,133472,0.293,0.659,0.006
1421,1.619,0.185,0.001,0.142,0.032,0,0,,0,,,,0,,,,,1004,1004,0,2,3,0,3,3,1,0,1,9,10,11,1,0,2,0,1,0,133472,0.317,0.639,0.005
1422,1.307,0.058,0,0.03,0.028,0,0,,0,,,,0,,,,,1004,1004,0,2,3,0,3,3,1,0,1,9,10,11,1,0,2,0,1,0,133472,0.287,0.722,0.006
1423,1.719,0.4,0,0.09,0.021,0,0,,0,,,,0,,,,,1004,1004,0,2,3,0,3,3,1,0,1,9,10,11,1,0,2,0,1,0,133472,0.276,0.676,0.006
1424,2.196,0.988,0,0.126,0.021,0,0,,0,,,,0,,,,,1004,1004,0,2,3,0,3,3,1,0,1,9,10,11,1,0,2,0,1,0,133472,0.3,0.538,0.004
1425,1.557,0.481,0,0.05,0.024,0,0,,0,,,,0,,,,,1004,1004,0,2,3,0,3,3,1,0,1,9,10,11,1,0,2,0,1,0,133472,0.273,0.564,0.004
1426,3.24,0.514,0,0.027,0.047,0,0,,0,,,,0,,,,,1004,1004,0,2,3,0,3,3,1,0,1,9,10,11,1,0,2,0,1,0,133472,0.82,1.11,0.277
1427,1.471,0.001,0,0.05,0.032,0,0,,0,,,,0,,,,,1004,1004,0,2,3,0,3,3,1,0,1,9,10,11,1,0,2,0,1,0,133472,0.349,0.705,0.009
1428,1.252,0.001,0,0.034,0.023,0,0,,0,,,,0,,,,,1004,1004,0,2,3,0,3,3,1,0,1,9,10,11,1,0,2,0,1,0,133472,0.285,0.721,0.005
1429,2.063,0.743,0,0.113,0.031,0,0,,0,,,,0,,,,,1004,1004,0,2,3,0,3,3,1,0,1,9,10,11,1,0,2,0,1,0,133472,0.281,0.627,0.005
1430,1.516,0.239,0,0.082,0.023,0,0,,0,,,,0,,,,,1004,1004,0,2,3,0,3,3,1,0,1,9,10,11,1,0,2,0,1,0,133472,0.264,0.608,0.005
1431,1.623,0.365,0,0.087,0.021,0,0,,0,,,,0,,,,,1004,1004,0,2,3,0,3,3,1,0,1,9,10,11,1,0,2,0,1,0,133472,0.25,0.605,0.004
1432,2.431,1.144,0,0.087,0.02,0,0,,0,,,,0,,,,,1004,1004,0,2,3,0,3,3,1,0,1,9,10,11,1,0,2,0,1,0,133472,0.275,0.621,0.005
1433,1.671,0.499,0,0.076,0.021,0,0,,0,,,,0,,,,,1004,1004,0,2,3,0,3,3,1,0,1,9,10,11,1,0,2,0,1,0,133472,0.281,0.54,0.004
1434,2.541,0.535,0,0.069,0.185,0,0,,0,,,,0,,,,,1004,1004,0,2,3,0,3,3,1,0,1,9,10,11,1,0,2,0,1,0,133472,0.27,0.905,0.018
1435,4.729,0.001,0,0.043,0.094,0,0,,0,,,,0,,,,,1004,1004,0,2,3,0,3,3,1,0,1,9,10,11,1,0,2,0,1,0,133472,1.088,2.989,0.036
1436,2.179,0.002,0.001,0.084,0.033,0,0,,0,,,,0,,,,,1004,1004,0,2,3,0,3,3,1,0,1,9,10,11,1,0,2,0,1,0,133472,0.63,0.963,0.01
1437,1.659,0,0,0.028,0.035,0,0,,0,,,,0,,,,,1004,1004,0,2,3,0,3,3,1,0,1,9,10,11,1,0,2,0,1,0,133472,0.371,1,0.01
1438,1.76,0,0,0.028,0.032,0,0,,0,,,,0,,,,,1004,1004,0,2,3,0,3,3,1,0,1,9,10,11,1,0,2,0,1,0,133472,0.392,1.055,0.01
1439,1.618,0,0,0.04,0.026,0,0,,0,,,,0,,,,,1004,1004,0,2,3,0,3,3,1,0,1,9,10,11,1,0,2,0,1,0,133472,0.406,0.894,0.007
1440,1.458,0.011,0,0.028,0.027,0,0,,1,3312.5,231383040,287174656,1,71217344,71217344,167755776,38823561584,1004,1004,0,2,3,0,3,3,1,0,1,9,10,11,1,0,2,0,1,0,133472,0.327,0.858,0.008
1441,1.626,0.085,0,0.089,0.032,0,0,,0,,,,0,,,,,1004,1004,0,2,3,0,3,3,1,0,1,9,10,11,1,0,2,0,1,0,133472,0.264,0.85,0.007
1442,2.002,0.077,0,0.028,0.052,0,0,,0,,,,0,,,,,1004,1004,0,2,3,0,3,3,1,0,1,9,10,11,1,0,2,0,1,0,133472,0.259,1.32,0.03
1443,2.078,0.001,0.001,0.13,0.033,0,0,,0,,,,0,,,,,1004,1004,0,2,3,0,3,3,1,0,1,9,10,11,1,0,2,0,1,0,133472,0.452,1.149,0.012
1444,1.602,0.203,0,0.087,0.032,0,0,,0,,,,0,,,,,1004,1004,0,2,3,0,3,3,1,0,1,9,10,11,1,0,2,0,1,0,133472,0.322,0.604,0.006
1445,3.236,2.052,0,0.068,0.025,0,0,,0,,,,0,,,,,1004,1004,0,2,3,0,3,3,1,0,1,9,10,11,1,0,2,0,1,0,133472,0.235,0.609,0.005
1446,1.465,0.278,0,0.052,0.021,0,0,,0,,,,0,,,,,1004,1004,0,2,3,0,3,3,1,0,1,9,10,11,1,0,2,0,1,0,133472,0.26,0.606,0.005
1447,1.366,0.256,0,0.034,0.022,0,0,,0,,,,0,,,,,1004,1004,0,2,3,0,3,3,1,0,1,9,10,11,1,0,2,0,1,0,133472,0.25,0.61,0.004
1448,2.29,1.051,0,0.067,0.021,0,0,,0,,,,0,,,,,1004,1004,0,2,3,0,3,3,1,0,1,9,10,11,1,0,2,0,1,0,133472,0.267,0.657,0.005
1449,2.423,0.3,0,0.12,0.05,0,0,,0,,,,0,,,,,1004,1004,0,2,3,0,3,3,1,0,1,9,10,11,1,0,2,0,1,0,133472,0.49,1.112,0.01
1450,1.797,0.001,0,0.049,0.031,0,0,,0,,,,0,,,,,1004,1004,0,2,3,0,3,3,1,0,1,9,10,11,1,0,2,0,1,0,133472,0.438,0.975,0.013
1451,1.531,0.001,0,0.043,0.029,0,0,,0,,,,0,,,,,1004,1004,0,2,3,0,3,3,1,0,1,9,10,11,1,0,2,0,1,0,133472,0.341,0.895,0.009
1452,1.647,0.001,0,0.043,0.042,0,0,,0,,,,0,,,,,1004,1004,0,2,3,0,3,3,1,0,1,9,10,11,1,0,2,0,1,0,133472,0.487,0.81,0.008
1453,3.314,0.001,0.001,0.04,0.083,0,0,,0,,,,0,,,,,1004,1004,0,2,3,0,3,3,1,0,1,9,10,11,1,0,2,0,1,0,133472,0.729,2.095,0.023
1454,4.201,0.001,0,0.138,0.065,0,0,,0,,,,0,,,,,1004,1004,0,2,3,0,3,3,1,0,1,9,10,11,1,0,2,0,1,0,133472,0.9,2.501,0.021
1455,3.601,0.001,0,0.088,0.056,0,0,,0,,,,0,,,,,1004,1004,0,2,3,0,3,3,1,0,1,9,10,11,1,0,2,0,1,0,133472,0.784,2.126,0.019
1456,2.995,0.001,0.001,0.066,0.044,0,0,,0,,,,0,,,,,1004,1004,0,2,3,0,3,3,1,0,1,9,10,11,1,0,2,0,1,0,133472,0.72,1.637,0.019
1457,1.551,0.002,0,0.053,0.027,0,0,,0,,,,0,,,,,1004,1004,0,2,3,0,3,3,1,0,1,9,10,11,1,0,2,0,1,0,133472,0.435,0.772,0.008
1458,1.415,0,0,0.037,0.027,0,0,,0,,,,0,,,,,1004,1004,0,2,3,0,3,3,1,0,1,9,10,11,1,0,2,0,1,0,133472,0.328,0.821,0.006
1459,1.452,0.162,0,0.038,0.025,0,0,,0,,,,0,,,,,1004,1004,0,2,3,0,3,3,1,0,1,9,10,11,1,0,2,0,1,0,133472,0.313,0.684,0.005
1460,1.098,0,0,0.027,0.021,0,0,,0,,,,0,,,,,1004,1004,0,2,3,0,3,3,1,0,1,9,10,11,1,0,2,0,1,0,133472,0.251,0.66,0.004
1461,1.92,0.64,0,0.053,0.025,0,0,,0,,,,0,,,,,1004,1004,0,2,3,0,3,3,1,0,1,9,10,11,1,0,2,0,1,0,133472,0.283,0.693,0.005
1462,2.072,0.455,0.001,0.149,0.05,0,0,,0,,,,0,,,,,1004,1004,0,2,3,0,3,3,1,0,1,9,10,11,1,0,2,0,1,0,133472,0.305,0.781,0.01
1463,1.715,0.093,0.001,0.126,0.024,0,0,,0,,,,0,,,,,1004,1004,0,2,3,0,3,3,1,0,1,9,10,11,1,0,2,0,1,0,133472,0.36,0.852,0.006
1464,2.299,0.558,0,0.123,0.046,0,0,,0,,,,0,,,,,1004,1004,0,2,3,0,3,3,1,0,1,9,10,11,1,0,2,0,1,0,133472,0.445,0.809,0.006
1465,1.279,0.001,0,0.032,0.025,0,0,,0,,,,0,,,,,1004,1004,0,2,3,0,3,3,1,0,1,9,10,11,1,0,2,0,1,0,133472,0.303,0.734,0.005
1466,1.947,0.432,0,0.043,0.036,0,0,,0,,,,0,,,,,1004,1004,0,2,3,0,3,3,1,0,1,9,10,11,1,0,2,0,1,0,133472,0.345,0.831,0.012
1467,1.712,0.237,0.001,0.05,0.039,0,0,,0,,,,0,,,,,1004,1004,0,2,3,0,3,3,1,0,1,9,10,11,1,0,2,0,1,0,133472,0.365,0.738,0.007
1468,2.053,0.95,0.001,0.036,0.022,0,0,,0,,,,0,,,,,1004,1004,0,2,3,0,3,3,1,0,1,9,10,11,1,0,2,0,1,0,133472,0.237,0.638,0.004
1469,2.163,0.658,0,0.13,0.028,0,0,,0,,,,0,,,,,1004,1004,0,2,3,0,3,3,1,0,1,9,10,11,1,0,2,0,1,0,133472,0.338,0.69,0.006
1470,1.509,0.241,0,0.036,0.02,0,0,,1,3375,231383040,287174656,1,71217344,71217344,167755776,38823561584,1004,1004,0,2,3,0,3,3,1,0,1,9,10,11,1,0,2,0,1,0,133472,0.295,0.674,0.006
1471,2.364,0.463,0,0.047,0.039,0,0,,0,,,,0,,,,,1004,1004,0,2,3,0,3,3,1,0,1,9,10,11,1,0,2,0,1,0,133472,0.475,1.01,0.038
1472,2.551,1.146,0.001,0.048,0.03,0,0,,0,,,,0,,,,,1004,1004,0,2,3,0,3,3,1,0,1,9,10,11,1,0,2,0,1,0,133472,0.364,0.697,0.008
1473,1.759,0.335,0,0.043,0.032,0,0,,0,,,,0,,,,,1004,1004,0,2,3,0,3,3,1,0,1,9,10,11,1,0,2,0,1,0,133472,0.339,0.752,0.007
1474,3.216,1.63,0,0.065,0.043,0,0,,0,,,,0,,,,,1004,1004,0,2,3,0,3,3,1,0,1,9,10,11,1,0,2,0,1,0,133472,0.345,0.819,0.01
1475,2.532,1.263,0,0.048,0.039,0,0,,0,,,,0,,,,,1004,1004,0,2,3,0,3,3,1,0,1,9,10,11,1,0,2,0,1,0,133472,0.28,0.648,0.008
1476,3.463,2.077,0.001,0.112,0.028,0,0,,0,,,,0,,,,,1004,1004,0,2,3,0,3,3,1,0,1,9,10,11,1,0,2,0,1,0,133472,0.317,0.619,0.006
1477,1.871,0,0,0.027,0.061,0,0,,0,,,,0,,,,,1004,1004,0,2,3,0,3,3,1,0,1,9,10,11,1,0,2,0,1,0,133472,0.533,0.902,0.008
1478,1.531,0.001,0,0.047,0.026,0,0,,0,,,,0,,,,,1004,1004,0,2,3,0,3,3,1,0,1,9,10,11,1,0,2,0,1,0,133472,0.382,0.844,0.007
1479,1.347,0,0,0.044,0.026,0,0,,0,,,,0,,,,,1004,1004,0,2,3,0,3,3,1,0,1,9,10,11,1,0,2,0,1,0,133472,0.359,0.703,0.008
1480,1.395,0,0,0.04,0.022,0,0,,0,,,,0,,,,,1004,1004,0,2,3,0,3,3,1,0,1,9,10,11,1,0,2,0,1,0,133472,0.352,0.763,0.006
1481,1.268,0,0,0.038,0.022,0,0,,0,,,,0,,,,,1004,1004,0,2,3,0,3,3,1,0,1,9,10,11,1,0,2,0,1,0,133472,0.315,0.716,0.005
1482,2.768,0,0.001,0.035,0.078,0,0,,0,,,,0,,,,,1004,1004,0,2,3,0,3,3,1,0,1,9,10,11,1,0,2,0,1,0,133472,0.351,1.978,0.03
1483,4.326,0.001,0.002,0.099,0.07,0,0,,0,,,,0,,,,,1004,1004,0,2,3,0,3,3,1,0,1,9,10,11,1,0,2,0,1,0,133472,0.956,2.647,0.025
1484,3.976,0.001,0,0.108,0.125,0,0,,0,,,,0,,,,,1004,1004,0,2,3,0,3,3,1,0,1,9,10,11,1,0,2,0,1,0,133472,1.333,1.68,0.033
1485,5.028,0.002,0,0.099,0.086,0,0,,0,,,,0,,,,,1004,1004,0,2,3,0,3,3,1,0,1,9,10,11,1,0,2,0,1,0,133472,1.078,3.014,0.027
1486,2.476,0,0.001,0.088,0.116,0,0,,0,,,,0,,,,,1004,1004,0,2,3,0,3,3,1,0,1,9,10,11,1,0,2,0,1,0,133472,0.706,0.907,0.015
1487,1.889,0.001,0,0.049,0.046,0,0,,0,,,,0,,,,,1004,1004,0,2,3,0,3,3,1,0,1,9,10,11,1,0,2,0,1,0,133472,0.366,1.128,0.018
1488,3.534,1.192,0,0.065,0.072,0,0,,0,,,,0,,,,,1004,1004,0,2,3,0,3,3,1,0,1,9,10,11,1,0,2,0,1,0,133472,0.505,1.27,0.015
1489,2.485,0.462,0,0.041,0.047,0,0,,0,,,,0,,,,,1004,1004,0,2,3,0,3,3,1,0,1,9,10,11,1,0,2,0,1,0,133472,0.514,0.945,0.012
1490,2.241,0,0,0.074,0.06,0,0,,0,,,,0,,,,,1004,1004,0,2,3,0,3,3,1,0,1,9,10,11,1,0,2,0,1,0,133472,0.406,1.406,0.031
1491,2.063,0.001,0,0.138,0.035,0,0,,0,,,,0,,,,,1004,1004,0,2,3,0,3,3,1,0,1,9,10,11,1,0,2,0,1,0,133472,0.489,1.08,0.01
1492,1.673,0,0,0.029,0.029,0,0,,0,,,,0,,,,,1004,1004,0,2,3,0,3,3,1,0,1,9,10,11,1,0,2,0,1,0,133472,0.378,0.991,0.008
1493,1.734,0,0.001,0.029,0.029,0,0,,0,,,,0,,,,,1004,1004,0,2,3,0,3,3,1,0,1,9,10,11,1,0,2,0,1,0,133472,0.382,1.042,0.01
1494,2.004,0,0,0.033,0.033,0,0,,0,,,,0,,,,,1004,1004,0,2,3,0,3,3,1,0,1,9,10,11,1,0,2,0,1,0,133472,0.394,1.251,0.013
1495,2.216,0,0,0.048,0.037,0,0,,0,,,,0,,,,,1004,1004,0,2,3,0,3,3,1,0,1,9,10,11,1,0,2,0,1,0,133472,0.458,1.312,0.02
1496,1.82,0,0.001,0.045,0.029,0,0,,0,,,,0,,,,,1004,1004,0,2,3,0,3,3,1,0,1,9,10,11,1,0,2,0,1,0,133472,0.354,1.116,0.01
1497,1.497,0,0,0.033,0.025,0,0,,0,,,,0,,,,,1004,1004,0,2,3,0,3,3,1,0,1,9,10,11,1,0,2,0,1,0,133472,0.358,0.865,0.008
1498,2.183,0.575,0,0.033,0.045,0,0,,0,,,,0,,,,,1004,1004,0,2,3,0,3,3,1,0,1,9,10,11,1,0,2,0,1,0,133472,0.295,0.978,0.011
1499,1.627,0,0,0.037,0.022,0,0,,0,,,,0,,,,,1004,1004,0,2,3,0,3,3,1,0,1,9,10,11,1,0,2,0,1,0,133472,0.371,0.943,0.008
1500,2.556,0.902,0,0.046,0.049,0,0,,1,3437.5,231383040,287174656,1,71217344,71217344,167755776,38823561584,1004,1004,0,2,3,0,3,3,1,0,1,9,10,11,1,0,2,0,1,0,133472,0.347,0.913,0.008
1501,1.429,0,0,0.029,0.027,0,0,,0,,,,0,,,,,1004,1004,0,2,3,0,3,3,1,0,1,9,10,11,1,0,2,0,1,0,133472,0.311,0.825,0.006
1502,2.285,0.576,0,0.027,0.038,0,0,,0,,,,0,,,,,1004,1004,0,2,3,0,3,3,1,0,1,9,10,11,1,0,2,0,1,0,133472,0.501,0.838,0.01
1503,1.496,0.001,0,0.046,0.024,0,0,,0,,,,0,,,,,1004,1004,0,2,3,0,3,3,1,0,1,9,10,11,1,0,2,0,1,0,133472,0.381,0.828,0.006
1504,1.963,0.001,0,0.036,0.038,0,0,,0,,,,0,,,,,1004,1004,0,2,3,0,3,3,1,0,1,9,10,11,1,0,2,0,1,0,133472,0.321,1.275,0.035
1505,1.856,0.51,0,0.188,0.025,0,0,,0,,,,0,,,,,1004,1004,0,2,3,0,3,3,1,0,1,9,10,11,1,0,2,0,1,0,133472,0.297,0.63,0.005
1506,1.548,0.026,0,0.025,0.044,0,0,,0,,,,0,,,,,1004,1004,0,2,3,0,3,3,1,0,1,9,10,11,1,0,2,0,1,0,133472,0.261,0.62,0.004
1507,2.335,0.495,0,0.053,0.049,0,0,,0,,,,0,,,,,1004,1004,0,2,3,0,3,3,1,0,1,9,10,11,1,0,2,0,1,0,133472,0.396,1.028,0.012
1508,1.545,0.001,0.001,0.035,0.026,0,0,,0,,,,0,,,,,1004,1004,0,2,3,0,3,3,1,0,1,9,10,11,1,0,2,0,1,0,133472,0.398,0.828,0.007
1509,1.909,0.463,0,0.039,0.043,0,0,,0,,,,0,,,,,1004,1004,0,2,3,0,3,3,1,0,1,9,10,11,1,0,2,0,1,0,133472,0.304,0.811,0.008
1510,1.41,0,0,0.025,0.028,0,0,,0,,,,0,,,,,1004,1004,0,2,3,0,3,3,1,0,1,9,10,11,1,0,2,0,1,0,133472,0.349,0.799,0.007
1511,2.629,0.628,0,0.034,0.055,0,0,,0,,,,0,,,,,1004,1004,0,2,3,0,3,3,1,0,1,9,10,11,1,0,2,0,1,0,133472,0.323,1.269,0.014
1512,2.894,0.001,0,0.054,0.059,0,0,,0,,,,0,,,,,1004,1004,0,2,3,0,3,3,1,0,1,9,10,11,1,0,2,0,1,0,133472,0.536,1.803,0.021
1513,2.66,0.001,0,0.067,0.037,0,0,,0,,,,0,,,,,1004,1004,0,2,3,0,3,3,1,0,1,9,10,11,1,0,2,0,1,0,133472,0.725,1.413,0.014
1514,2.186,0,0,0.045,0.05,0,0,,0,,,,0,,,,,1004,1004,0,2,3,0,3,3,1,0,1,9,10,11,1,0,2,0,1,0,133472,0.469,1.295,0.013
1515,2.002,0.001,0,0.041,0.035,0,0,,0,,,,0,,,,,1004,1004,0,2,3,0,3,3,1,0,1,9,10,11,1,0,2,0,1,0,133472,0.425,1.202,0.011
1516,3.352,1.645,0.001,0.165,0.036,0,0,,0,,,,0,,,,,1004,1004,0,2,3,0,3,3,1,0,1,9,10,11,1,0,2,0,1,0,133472,0.346,0.816,0.008
1517,3.113,1.326,0.001,0.072,0.037,0,0,,0,,,,0,,,,,1004,1004,0,2,3,0,3,3,1,0,1,9,10,11,1,0,2,0,1,0,133472,0.431,0.916,0.01
1518,3.906,1.144,0.001,0.071,0.046,0,0,,0,,,,0,,,,,1004,1004,0,2,3,0,3,3,1,0,1,9,10,11,1,0,2,0,1,0,133472,0.622,1.369,0.016
1519,2.402,0.001,0,0.08,0.047,0,0,,0,,,,0,,,,,1004,1004,0,2,3,0,3,3,1,0,1,9,10,11,1,0,2,0,1,0,133472,0.486,1.415,0.016
1520,2.734,0.957,0,0.084,0.061,0,0,,0,,,,0,,,,,1004,1004,0,2,3,0,3,3,1,0,1,9,10,11,1,0,2,0,1,0,133472,0.37,0.969,0.009
1521,3.393,1.018,0,0.094,0.068,0,0,,0,,,,0,,,,,1004,1004,0,2,3,0,3,3,1,0,1,9,10,11,1,0,2,0,1,0,133472,0.498,1.258,0.021
1522,4.846,1.39,0.001,0.079,0.086,0,0,,0,,,,0,,,,,1004,1004,0,2,3,0,3,3,1,0,1,9,10,11,1,0,2,0,1,0,133472,0.635,2.055,0.028
1523,3.547,0.171,0,0.079,0.065,0,0,,0,,,,0,,,,,1004,1004,0,2,3,0,3,3,1,0,1,9,10,11,1,0,2,0,1,0,133472,0.681,1.961,0.027
1524,9.867,6.785,0,0.076,0.059,0,0,,0,,,,0,,,,,1004,1004,0,2,3,0,3,3,1,0,1,9,10,11,1,0,2,0,1,0,133472,0.613,1.74,0.027
1525,11.549,8.928,0.001,0.067,0.082,0,0,,0,,,,0,,,,,1004,1004,0,2,3,0,3,3,1,0,1,9,10,11,1,0,2,0,1,0,133472,0.488,1.458,0.028
1526,2.937,0.001,0,0.063,0.063,0,0,,0,,,,0,,,,,1004,1004,0,2,3,0,3,3,1,0,1,9,10,11,1,0,2,0,1,0,133472,0.609,1.728,0.023
1527,3.778,1.015,0.001,0.061,0.052,0,0,,0,,,,0,,,,,1004,1004,0,2,3,0,3,3,1,0,1,9,10,11,1,0,2,0,1,0,133472,0.546,1.649,0.021
1528,3.499,1.153,0.001,0.068,0.045,0,0,,0,,,,0,,,,,1004,1004,0,2,3,0,3,3,1,0,1,9,10,11,1,0,2,0,1,0,133472,0.529,1.21,0.013
1529,6.609,3.898,0,0.063,0.079,0,0,,0,,,,0,,,,,1004,1004,0,2,3,0,3,3,1,0,1,9,10,11,1,0,2,0,1,0,133472,0.555,1.537,0.018
1530,2.56,0.001,0.001,0.06,0.037,0,0,,1,3515.625,231387136,287174656,1,71217344,71217344,167755776,38823561584,1004,1004,0,2,3,0,3,3,1,0,1,9,10,11,1,0,2,0,1,0,133472,0.628,1.391,0.013
1531,5.096,2.707,0.001,0.052,0.085,0,0,,0,,,,0,,,,,1004,1004,0,2,3,0,3,3,1,0,1,9,10,11,1,0,2,0,1,0,133472,0.43,1.423,0.025
1532,2.493,0.001,0.001,0.065,0.041,0,0,,0,,,,0,,,,,1004,1004,0,2,3,0,3,3,1,0,1,9,10,11,1,0,2,0,1,0,133472,0.544,1.416,0.019
1533,3.286,1.026,0.001,0.055,0.051,0,0,,0,,,,0,,,,,1004,1004,0,2,3,0,3,3,1,0,1,9,10,11,1,0,2,0,1,0,133472,0.573,1.177,0.015
1534,3.002,0.859,0,0.057,0.055,0,0,,0,,,,0,,,,,1004,1004,0,2,3,0,3,3,1,0,1,9,10,11,1,0,2,0,1,0,133472,0.419,1.223,0.015
1535,2.159,0.285,0,0.056,0.033,0,0,,0,,,,0,,,,,1004,1004,0,2,3,0,3,3,1,0,1,9,10,11,1,0,2,0,1,0,133472,0.399,1.054,0.012
1536,5.247,2.433,0,0.053,0.083,0,0,,0,,,,0,,,,,1004,1004,0,2,3,0,3,3,1,0,1,9,10,11,1,0,2,0,1,0,133472,0.434,1.773,0.028
1537,2.673,0.002,0.001,0.063,0.045,0,0,,0,,,,0,,,,,1004,1004,0,2,3,0,3,3,1,0,1,9,10,11,1,0,2,0,1,0,133472,0.643,1.444,0.022
1538,2.286,0,0.001,0.057,0.036,0,0,,0,,,,0,,,,,1004,1004,0,2,3,0,3,3,1,0,1,9,10,11,1,0,2,0,1,0,133472,0.445,1.347,0.014
1539,3.687,1.72,0.001,0.046,0.057,0,0,,0,,,,0,,,,,1004,1004,0,2,3,0,3,3,1,0,1,9,10,11,1,0,2,0,1,0,133472,0.392,1.13,0.015
1540,2.369,0.261,0,0.057,0.053,0,0,,0,,,,0,,,,,1004,1004,0,2,3,0,3,3,1,0,1,9,10,11,1,0,2,0,1,0,133472,0.41,1.21,0.021
1541,3.667,1.676,0,0.069,0.049,0,0,,0,,,,0,,,,,1004,1004,0,2,3,0,3,3,1,0,1,9,10,11,1,0,2,0,1,0,133472,0.418,1.082,0.012
1542,2.383,0.268,0,0.048,0.046,0,0,,0,,,,0,,,,,1004,1004,0,2,3,0,3,3,1,0,1,9,10,11,1,0,2,0,1,0,133472,0.45,1.227,0.018
1543,2.409,0.296,0,0.069,0.042,0,0,,0,,,,0,,,,,1004,1004,0,2,3,0,3,3,1,0,1,9,10,11,1,0,2,0,1,0,133472,0.463,1.185,0.014
1544,4.727,2.551,0,0.064,0.051,0,0,,0,,,,0,,,,,1004,1004,0,2,3,0,3,3,1,0,1,9,10,11,1,0,2,0,1,0,133472,0.413,1.236,0.015
1545,2.067,0,0,0.058,0.039,0,0,,0,,,,0,,,,,1004,1004,0,2,3,0,3,3,1,0,1,9,10,11,1,0,2,0,1,0,133472,0.473,1.173,0.013
1546,2.579,0.304,0.001,0.094,0.05,0,0,,0,,,,0,,,,,1004,1004,0,2,3,0,3,3,1,0,1,9,10,11,1,0,2,0,1,0,133472,0.426,0.881,0.009
1547,5.181,2.339,0.001,0.159,0.079,0,0,,0,,,,0,,,,,1004,1004,0,2,3,0,3,3,1,0,1,9,10,11,1,0,2,0,1,0,133472,0.548,1.538,0.025
1548,2.536,0.002,0.001,0.064,0.042,0,0,,0,,,,0,,,,,1004,1004,0,2,3,0,3,3,1,0,1,9,10,11,1,0,2,0,1,0,133472,0.587,1.423,0.021
1549,17.989,16.404,0,0.108,0.067,0,0,,0,,,,0,,,,,1004,1004,0,2,3,0,3,3,1,0,1,9,10,11,1,0,2,0,1,0,133472,0.345,0.681,0.012
1550,14.472,11.804,0.001,0.085,0.074,0,0,,0,,,,0,,,,,1004,1004,0,2,3,0,3,3,1,0,1,9,10,11,1,0,2,0,1,0,133472,0.586,1.365,0.026
1551,4.935,2.767,0,0.067,0.065,0,0,,0,,,,0,,,,,1004,1004,0,2,3,0,3,3,1,0,1,9,10,11,1,0,2,0,1,0,133472,0.369,1.251,0.018
1552,2.685,0.315,0,0.064,0.063,0,0,,0,,,,0,,,,,1004,1004,0,2,3,0,3,3,1,0,1,9,10,11,1,0,2,0,1,0,133472,0.466,1.364,0.023
1553,2.431,0.382,0,0.057,0.036,0,0,,0,,,,0,,,,,1004,1004,0,2,3,0,3,3,1,0,1,9,10,11,1,0,2,0,1,0,133472,0.447,1.159,0.013
1554,4.879,2.272,0,0.06,0.074,0,0,,0,,,,0,,,,,1004,1004,0,2,3,0,3,3,1,0,1,9,10,11,1,0,2,0,1,0,133472,0.526,1.551,0.022
1555,2.517,0.001,0.001,0.065,0.056,0,0,,0,,,,0,,,,,1004,1004,0,2,3,0,3,3,1,0,1,9,10,11,1,0,2,0,1,0,133472,0.623,1.363,0.018
1556,4.625,2.751,0,0.057,0.043,0,0,,0,,,,0,,,,,1004,1004,0,2,3,0,3,3,1,0,1,9,10,11,1,0,2,0,1,0,133472,0.395,1.039,0.013
1557,2.827,1.019,0,0.044,0.042,0,0,,0,,,,0,,,,,1004,1004,0,2,3,0,3,3,1,0,1,9,10,11,1,0,2,0,1,0,133472,0.374,1.035,0.012
1558,3.894,2.128,0,0.051,0.059,0,0,,0,,,,0,,,,,1004,1004,0,2,3,0,3,3,1,0,1,9,10,11,1,0,2,0,1,0,133472,0.364,0.972,0.012
1559,2.167,0.001,0,0.043,0.032,0,0,,0,,,,0,,,,,1004,1004,0,2,3,0,3,3,1,0,1,9,10,11,1,0,2,0,1,0,133472,0.406,1.366,0.016
1560,2.591,0.001,0,0.058,0.039,0,0,,1,3578.125,231387136,287174656,1,71217344,71217344,167755776,38823561584,1004,1004,0,2,3,0,3,3,1,0,1,9,10,11,1,0,2,0,1,0,133472,0.613,1.458,0.015
1561,2.109,0.001,0,0.059,0.042,0,0,,0,,,,0,,,,,1004,1004,0,2,3,0,3,3,1,0,1,9,10,11,1,0,2,0,1,0,133472,0.467,1.205,0.015
1562,1.823,0,0,0.06,0.03,0,0,,0,,,,0,,,,,1004,1004,0,2,3,0,3,3,1,0,1,9,10,11,1,0,2,0,1,0,133472,0.436,1.015,0.01
1563,1.834,0,0,0.049,0.034,0,0,,0,,,,0,,,,,1004,1004,0,2,3,0,3,3,1,0,1,9,10,11,1,0,2,0,1,0,133472,0.356,1.132,0.011
1564,2.029,0,0,0.052,0.05,0,0,,0,,,,0,,,,,1004,1004,0,2,3,0,3,3,1,0,1,9,10,11,1,0,2,0,1,0,133472,0.419,1.201,0.011
1565,2.879,0.838,0,0.059,0.057,0,0,,0,,,,0,,,,,1004,1004,0,2,3,0,3,3,1,0,1,9,10,11,1,0,2,0,1,0,133472,0.39,1.17,0.013
1566,2.256,0.001,0,0.058,0.038,0,0,,0,,,,0,,,,,1004,1004,0,2,3,0,3,3,1,0,1,9,10,11,1,0,2,0,1,0,133472,0.407,1.398,0.019

summary_metric,count,median,p95,p99
wall_ms,1567,2.431,7.4496,16.53248
frame_wait_ms,1567,0.077,5.0161,14.30968
scene_advance_ms,1567,0,0.001,0.001
view_build_ms,1567,0.059,0.131,0.16934
render_submit_ms,1567,0.042,0.085,0.12802
gpu_ms,1567,1.59359371109,5.28157799606,14.1557923627

gpu_sample_serial,gpu_ms
441,1.8211978722
442,1.81432287237
443,7.61510398075
444,8.82838520113
445,10.6472393234
446,5.99828110356
447,0.994166642395
448,0.991718725788
449,0.995208309036
450,0.990156225826
451,0.993697892406
452,1.48354163045
453,1.37286454982
454,0.980520809395
455,1.00692705875
456,1.00276039219
457,1.43010413175
458,0.97838539278
459,2.14697911425
460,4.21828114701
461,2.21588536257
462,2.266614528
463,2.29770827724
464,2.2364061954
465,4.13989573226
466,2.47510410624
467,3.63927074448
468,2.39947910809
469,3.86239573904
470,2.41963535759
471,2.42359369083
472,3.06973950839
473,3.86515615564
474,1.26833330237
475,2.2009895296
476,1.22557288675
477,1.23531246984
478,1.24739580288
479,1.24718746955
480,1.89203120381
481,1.2313541366
482,1.24333330298
483,1.24484371961
484,1.25270830275
485,1.24453121962
486,1.31828121782
487,1.32562496764
488,1.32093746775
489,1.32640621762
490,1.31322913461
491,1.32505205098
492,1.32999996753
493,3.30119783607
494,15.9257287779
495,11.2191663928
496,20.4471349175
497,7.48494773393
498,5.21088528945
499,2.09401036554
500,2.20406244619
501,2.16812494707
502,3.27031242016
503,2.26020827815
504,2.27166661121
505,2.20802077943
506,11.8674997103
507,7.49213523375
508,2.18812494658
509,2.15244786412
510,2.23041661221
511,4.86177071464
512,2.23927077866
513,6.61401025519
514,3.8147394902
515,2.39661452482
516,2.24374994522
517,2.1408853644
518,2.22093744578
519,2.00171870113
520,1.48520829707
521,1.18744788768
522,1.17276038803
523,1.18177080448
524,1.17640622128
525,1.18473955441
526,1.18812497099
527,1.19213538756
528,1.1852083044
529,2.14499994763
530,2.92380201195
531,2.08036453254
532,2.02723953384
533,1.9768228684
534,1.88901037055
535,1.8759374542
536,2.81734368122
537,1.28020830208
538,1.28760413523
539,1.28859371854
540,1.28828121855
541,1.30192705155
542,1.29286455177
543,1.29911455162
544,1.30515621814
545,1.97572911843
546,1.29927080161
547,1.21578122032
548,1.20942705381
549,1.19281247088
550,1.22713538671
551,1.21796872026
552,1.21927080357
553,1.21031247045
554,1.22041663687
555,1.87010412101
556,1.22015622021
557,1.21671872029
558,2.36406244228
559,2.35713535912
560,2.38296869182
561,3.37468741761
562,2.34994785929
563,2.40739577456
564,2.64833326868
565,2.43843744047
566,2.34932285931
567,2.24802077845
568,2.28807286081
569,3.43114574957
570,8.46062479344
571,1.9880207848
572,2.12130203154
573,2.00354161775
574,1.97869786836
575,1.96666661865
576,2.5970311866
577,1.62307287704
578,1.29562496837
579,1.29666663501
580,1.31401038459
581,1.79265620623
582,1.3039583015
583,3.44390616592
584,1.93145828618
585,2.05416661652
586,3.79026032413
587,2.02703120051
588,2.12749994806
589,2.89109367942
590,2.14692703092
591,4.13494781572
592,2.31317702686
593,3.80781240704
594,3.07249992499
595,0.914687477669
596,0.914374977676
597,2.22885411225
598,0.927708310684
599,0.911562477745
600,0.921145810844
601,0.931718727253
602,1.95609370224
603,2.69916660077
604,1.28552080195
605,1.50833329651
606,0.923385394123
607,0.908541644485
608,0.907812477837
609,0.922447894146
610,4.21567698041
611,2.27010411124
612,1.31052080134
613,2.07322911605
614,1.33984371729
615,1.32499996765
616,1.33213538414
617,1.34411455052
618,2.66947910149
619,0.915208310989
620,0.927187477364
621,2.28041661099
622,1.32083330109
623,1.32062496776
624,1.32984371753
625,4.97718737849
626,14.662343392
627,3.44807283249
628,1.938802036
629,1.30203121821
630,1.29755205165
631,1.32218746772
632,1.30505205147
633,1.29447913506
634,2.04322911678
635,1.30796871807
636,1.2548958027
637,1.22312497014
638,1.22427080344
639,1.22427080344
640,1.25145830278
641,1.49411454686
642,1.30432288482
643,0.925468727406
644,0.98468747596
645,0.988802059193
646,0.988072892544
647,0.979166642761
648,0.980781226055
649,0.989531225842
650,0.991927059116
651,0.869479145439
652,0.884999978394
653,0.873333312012
654,0.862187478951
655,0.8806249785
656,0.86723956216
657,0.888177061649
658,0.92380206078
659,1.474374964
660,2.37953119191
661,3.01578117637
662,2.36124994235
663,2.48130202275
664,1.84046870507
665,1.25885413593
666,1.26427080247
667,1.26942705234
668,1.27041663565
669,1.27541663553
670,1.26354163582
671,1.27593746885
672,3.46546866539
673,2.44739577358
674,2.35072910928
675,2.23536452876
676,1.66937495924
677,1.29880205162
678,1.28520830196
679,1.21828122026
680,1.19578122081
681,1.19546872081
682,1.21697913696
683,1.22291663681
684,1.22260413682
685,1.22031247021
686,2.52359368839
687,3.28338533651
688,2.10281244866
689,1.20598955389
690,1.19838538741
691,1.1835937211
692,1.16229163829
693,1.16635413819
694,1.16057288833
695,1.78989578963
696,1.14364580541
697,1.13906247219
698,1.15541663846
699,1.18145830449
700,1.1808333045
701,1.17505205465
702,1.80822912252
703,2.04046870018
704,0.990677059147
705,1.18411455442
706,1.19260413755
707,1.19708330411
708,1.17958330453
709,1.18838538765
710,1.17729163792
711,1.8007291227
712,1.2396353864
713,1.29255205178
714,1.2984374683
715,1.30156246822
716,1.29749996832
717,1.22302080347
718,1.28979163518
719,2.0424478668
720,1.29578121836
721,1.29661455168
722,1.30166663489
723,1.29822913497
724,1.30171871822
725,1.30411455149
726,1.30062496825
727,1.3054166348
728,1.30692705143
729,1.30437496815
730,1.30749996808
731,1.30848955139
732,1.32078121775
733,1.30546871813
734,1.31119788465
735,1.32005205111
736,2.03843745023
737,1.30999996802
738,1.32093746775
739,1.324427051
740,1.31442705124
741,1.83098953863
742,1.32239580105
743,1.32239580105
744,1.32619788429
745,3.66864574377
746,1.22989580331
747,1.2246874701
748,1.2492187195
749,1.23635413648
750,1.22067705353
751,1.23552080317
752,1.23927080308
753,1.97749995172
754,4.04968740113
755,2.39812494145
756,2.89609367929
757,2.70760410056
758,2.42739577407
759,2.36124994235
760,2.25640619491
761,2.10234369867
762,1.30052080158
763,1.30088538491
764,1.30552080146
765,1.29911455162
766,2.11833328162
767,1.9878645348
768,1.99385411799
769,2.00843745097
770,1.06994789054
771,0.941354143684
772,0.910572894436
773,1.19687497078
774,1.29062496849
775,1.3024999682
776,1.20374997061
777,1.1947916375
778,1.18817705433
779,1.20640622055
780,1.2027603873
781,1.19562497081
782,1.19114580425
783,1.19531247082
784,1.21864580358
785,1.21374997037
786,1.21041663712
787,1.21260413706
788,1.21406247036
789,1.85192703812
790,1.21057288711
791,1.21046872045
792,1.21067705378
793,1.23124996994
794,1.21697913696
795,1.22380205346
796,1.21604163698
797,1.22151038684
798,1.22635413673
799,1.69161454203
800,1.22124997018
801,1.30338538485
802,1.02499997498
803,0.986822892574
804,0.98114580938
805,0.987499975891
806,0.984843725956
807,0.987395809227
808,0.994062475731
809,2.98348951049
810,0.961822893185
811,0.861354145638
812,0.869791645432
813,0.867552062153
814,0.879739561855
815,2.44541660696
816,2.23869786201
817,2.23140619552
818,2.11828119828
819,2.72937493336
820,1.48354163045
821,1.19260413755
822,1.20166663733
823,1.18536455439
824,1.15953122169
825,1.17130205474
826,1.16499997156
827,1.66552079267
828,1.14510413871
829,1.16270830495
830,1.17177080473
831,1.16244788829
832,1.17999997119
833,1.11796872271
834,1.29374996841
835,1.30218746821
836,1.87760412083
837,1.28848955188
838,1.29010413517
839,1.29369788508
840,1.29869788496
841,1.29588538503
842,1.88427078733
843,2.66588535158
844,2.05567703315
845,2.05604161647
846,1.20510413725
847,1.20255205397
848,1.20385413728
849,1.18937497096
850,1.19822913741
851,1.71713537474
852,1.19505205416
853,1.24458330295
854,1.20328122062
855,1.2027603873
856,1.20322913729
857,1.19484372083
858,1.1946353875
859,1.16921872145
860,1.15291663852
861,1.69557287527
862,1.41249996552
863,1.1767708046
864,1.18494788774
865,1.18411455442
866,1.1907291376
867,1.17901038788
868,1.19260413755
869,1.86421870449
870,1.18614580437
871,1.3406770506
872,2.06072911636
873,2.05437494984
874,1.80458328928
875,1.18531247106
876,1.1904166376
877,1.25244788609
878,1.19119788758
879,2.21177077934
880,2.14255203102
881,2.06026036637
882,2.03994786686
883,2.8208853478
884,1.97369786848
885,4.8946873805
886,2.19463536309
887,1.29885413496
888,1.2862499686
889,1.30036455159
890,1.2955208017
891,1.28713538524
892,1.29338538509
893,1.73682287426
894,2.38203119184
895,1.29036455183
896,1.296979135
897,1.29796871831
898,1.29281246844
899,1.30572913479
900,1.99140620138
901,2.85692701358
902,2.04359370011
903,2.04697911669
904,2.04817703333
905,2.0809374492
906,2.09593744883
907,3.05927075864
908,1.60859371073
909,1.29770830165
910,1.20380205394
911,1.22645830339
912,1.21338538704
913,1.2069791372
914,1.20854163716
915,1.214947887
916,1.81880203893
917,1.21937497023
918,1.20755205385
919,1.20890622049
920,1.21348955371
921,1.22067705353
922,1.21921872023
923,1.21906247024
924,1.22687497005
925,1.23052080329
926,2.27671869442
927,2.25333327832
928,2.1423436977
929,2.1423436977
930,2.07317703272
931,2.96640617758
932,1.68697912548
933,1.1798437212
934,1.1863541377
935,1.20604163722
936,2.09062494896
937,2.12671869808
938,2.20692702945
939,0.857083312408
940,0.904843727909
941,0.865781228863
942,0.850781229229
943,0.860520812325
944,2.83484368079
945,1.95395828563
946,1.95843745219
947,1.96942703525
948,1.88729162059
949,1.88151037073
950,3.28276033652
951,1.86843745438
952,1.86135412122
953,2.42119785756
954,1.7911457896
955,3.2603124204
956,1.84687495491
957,1.94671870247
958,1.91093745335
959,1.98140620163
960,8.12619771827
961,2.13369786457
962,3.42921866628
963,1.99494786796
964,1.31312496794
965,2.69656243417
966,1.28171871871
967,1.43588538161
968,3.41442699997
969,2.02510411723
970,1.98421870156
971,1.96291661874
972,1.95458328561
973,1.29739580166
974,1.84265620501
975,1.28958330185
976,1.32192705106
977,1.72385412458
978,1.28786455189
979,2.86651034668
980,1.98973953476
981,1.79531245617
982,1.20104163734
983,1.19515622082
984,1.20416663727
985,1.2261458034
986,3.68765615997
987,9.44494768608
988,1.19218747089
989,2.77692701554
990,2.2078124461
991,2.31703119343
992,2.31026036026
993,2.33296869304
994,1.75661454045
995,2.77473951559
996,1.63046871019
997,1.31234371796
998,1.31046871801
999,2.67901035126
1000,1.32583330096
1001,1.32796871758
1002,2.74255201638
1003,1.32213538439
1004,1.31578121788
1005,2.72307285019
1006,2.49624993906
1007,4.3649478101
1008,2.46499993982
1009,2.50390618887
1010,2.53234368818
1011,14.2841142346
1012,4.02651031836
1013,2.22432286236
1014,2.29067702741
1015,2.79552076508
1016,2.34838535933
1017,1.92166661975
1018,1.32171871773
1019,2.37229160875
1020,4.51406238979
1021,2.18796869658
1022,2.96755201088
1023,2.0820832825
1024,2.06776036618
1025,4.30161447831
1026,2.12265619818
1027,2.96208326102
1028,1.96880203527
1029,2.11338536507
1030,4.92791654636
1031,2.1352082812
1032,3.05223950882
1033,2.19234369648
1034,2.37755202529
1035,2.3540103592
1036,3.74036449202
1037,2.34749994269
1038,1.40729163231
1039,2.70395826732
1040,1.31640621786
1041,1.3174478845
1042,1.32619788429
1043,2.0520311999
1044,1.32359371769
1045,1.33031246752
1046,1.32838538424
1047,1.31749996783
1048,1.31635413453
1049,3.02583325946
1050,1.32098955108
1051,17.5457808216
1052,4.23057281338
1053,2.12994786467
1054,1.99015620141
1055,3.94802073695
1056,1.90635412012
1057,9.04359352921
1058,18.0036453938
1059,11.290885141
1060,4.26645822917
1061,2.05359369986
1062,5.31937487013
1063,2.01234370087
1064,3.81234365693
1065,2.21505202925
1066,2.14911453086
1067,2.19619786305
1068,8.58197895715
1069,4.77093738352
1070,2.22093744578
1071,3.18703117219
1072,2.33177077641
1073,2.24416661188
1074,17.7772391493
1075,7.52682273291
1076,1.88609370395
1077,1.93947911932
1078,1.88427078733
1079,2.72208326688
1080,1.84817703821
1081,5.88630193962
1082,1.30072913491
1083,1.28656246859
1084,1.28838538521
1085,1.29187496846
1086,1.29630205169
1087,2.52661452165
1088,7.58119773158
1089,1.94354161922
1090,1.91718745319
1091,1.85515620471
1092,2.67895826793
1093,1.82723953872
1094,1.78651037305
1095,1.761249957
1096,1.81015620581
1097,1.84307287167
1098,1.88296870403
1099,1.34828121708
1100,1.30713538475
1101,1.30328121818
1102,1.29135413514
1103,2.0273437005
1104,2.07869786592
1105,1.29739580166
1106,1.31572913454
1107,1.30692705143
1108,4.14677073209
1109,7.55203106562
1110,2.1723957803
1111,2.01942703403
1112,1.21489580367
1113,0.990937475807
1114,0.98468747596
1115,0.978802059437
1116,0.979374976089
1117,0.987864559216
1118,1.29494788505
1119,1.31239580129
1120,1.30291663486
1121,1.29749996832
1122,1.30499996814
1123,1.29322913509
1124,1.30515621814
1125,1.89296870378
1126,1.28656246859
1127,1.30130205156
1128,2.25270827834
1129,2.35249994257
1130,2.3020311938
1131,3.0323957593
1132,2.21833327917
1133,1.2943749684
1134,1.30072913491
1135,1.30145830156
1136,1.30973955136
1137,1.30052080158
1138,2.57067702057
1139,2.17833328015
1140,1.60614579412
1141,1.30473955148
1142,1.31572913454
1143,1.30026038492
1144,1.30484371814
1145,1.85812495464
1146,1.31005205135
1147,1.31421871791
1148,1.31302080128
1149,2.93854159492
1150,10.2355726668
1151,3.14645825652
1152,2.24265619525
1153,2.20864577941
1154,1.11119788954
1155,0.880833311829
1156,1.04494789116
1157,0.887552061665
1158,0.866510395512
1159,1.41015621557
1160,0.86999997876
1161,1.29937496828
1162,2.56401035407
1163,2.10703119856
1164,5.31187487032
1165,7.24588523977
1166,2.16354161385
1167,2.17395828026
1168,2.18104161342
1169,6.03036443611
1170,2.22088536245
1171,3.62218741157
1172,7.82791647556
1173,2.2815624443
1174,2.18140619674
1175,2.15296869744
1176,4.1875519811
1177,1.97036453523
1178,2.00843745097
1179,1.93249995282
1180,1.90802078675
1181,3.37588533425
1182,1.95833328552
1183,1.99854161787
1184,1.99671870125
1185,2.04427078342
1186,3.84083323956
1187,2.08072911587
1188,8.47291645981
1189,42.5512489612
1190,32.5961450375
1191,28.3195305586
1192,12.3351559488
1193,16.1412496059
1194,2.50223952224
1195,2.01499995081
1196,2.01203120088
1197,4.22182281359
1198,2.01510411747
1199,1.98755203481
1200,1.87546870421
1201,1.91666661987
1202,1.89864578698
1203,1.91124995334
1204,7.60994773088
1205,1.93416661945
1206,1.84380203832
1207,1.8323957886
1208,2.09463536553
1209,9.26760394041
1210,1.92302078638
1211,1.8320832886
1212,1.84796870488
1213,1.85296870476
1214,1.84395828831
1215,1.76499995691
1216,1.73770829091
1217,1.75354162386
1218,2.71005201717
1219,1.79078120628
1220,1.84651037159
1221,1.86291662119
1222,1.90187495357
1223,1.87098953765
1224,1.90255203688
1225,2.80473951486
1226,1.92760411961
1227,1.94135411927
1228,1.96291661874
1229,1.96874995193
1230,3.03677075919
1231,2.02484370057
1232,2.04145828349
1233,1.96854161861
1234,5.20651028955
1235,1.90713537011
1236,1.92041661978
1237,1.98963536809
1238,1.99166661804
1239,11.8766663767
1240,2.14124994772
1241,2.05718744978
1242,2.76104159926
1243,1.91624995322
1244,1.90359370353
1245,1.95624995224
1246,1.86354162117
1247,1.88505203731
1248,6.23645818108
1249,7.27036440583
1250,1.78765620636
1251,1.78635412305
1252,1.77937495656
1253,3.36124991794
1254,10.3694268302
1255,7.17880190807
1256,6.06937485182
1257,1.84046870507
1258,1.80999995581
1259,1.86932287103
1260,4.34088531069
1261,6.52838525728
1262,1.97401036847
1263,1.92713536962
1264,2.37567702533
1265,1.98421870156
1266,1.95458328561
1267,2.94031242822
1268,2.04124995016
1269,5.32791653659
1270,5.03557279373
1271,3.03578117588
1272,2.12781244805
1273,2.05369786653
1274,3.03322909261
1275,2.17182286364
1276,2.14468744764
1277,2.15635411402
1278,2.33229160973
1279,2.32359369327
1280,3.3152082524
1281,2.34843744267
1282,2.39447910821
1283,2.19338536312
1284,2.19213536315
1285,3.11432284063
1286,2.05645828313
1287,1.84843745487
1288,3.87526032206
1289,2.02479161723
1290,1.93838536934
1291,1.28968746851
1292,1.30812496806
1293,1.31260413462
1294,1.29614580169
1295,1.30114580157
1296,5.79562485851
1297,6.64749983771
1298,2.18213536339
1299,7.11552065961
1300,11.3776038889
1301,6.47927067515
1302,2.16380203051
1303,3.04390617569
1304,2.0302603671
1305,2.04854161665
1306,2.00890620095
1307,1.95197911901
1308,1.8773957875
1309,2.71057285049
1310,1.8473437049
1311,1.81687495564
1312,1.83755203847
1313,1.80229162267
1314,1.7396353742
1315,2.47010410636
1316,1.72802079115
1317,1.72666662451
1318,1.72395829124
1319,1.73109370774
1320,1.68124995895
1321,1.67880204235
1322,1.69916662518
1323,1.68921870876
1324,1.66010412614
1325,1.65385412629
1326,1.68062495897
1327,1.80687495589
1328,1.76874995682
1329,1.75713537377
1330,1.80473953927
1331,6.94437483046
1332,9.7308851791
1333,4.92692696305
1334,1.90166662024
1335,1.89651037037
1336,1.86401037116
1337,1.59359371109
1338,1.29317705176
1339,1.30843746806
1340,1.28984371851
1341,1.28171871871
1342,1.29671871834
1343,2.39729160814
1344,1.84614578826
1345,1.81822912228
1346,1.86484370447
1347,1.2985937183
1348,1.29364580175
1349,1.30432288482
1350,1.28791663522
1351,1.29937496828
1352,1.29197913512
1353,1.3091666347
1354,1.30286455153
1355,1.89880203698
1356,2.06093744968
1357,2.81229159801
1358,7.47291648422
1359,7.72864564465
1360,10.0874476704
1361,1.29265621844
1362,2.17916661346
1363,1.30244788487
1364,1.30322913485
1365,1.31104163466
1366,2.01614578411
1367,1.2985937183
1368,1.30338538485
1369,1.30927080137
1370,1.31010413468
1371,1.3054166348
1372,4.12020823274
1373,2.3934895249
1374,2.40348952465
1375,2.38338535848
1376,2.3376041096
1377,3.8993749048
1378,1.33624996738
1379,3.11937492384
1380,1.33588538405
1381,1.68958329208
1382,2.72052076691
1383,9.45645810246
1384,1.31489580123
1385,2.47546868956
1386,1.31833330115
1387,1.30734371808
1388,1.31041663467
1389,8.08567688593
1390,1.77541662332
1391,1.32343746769
1392,1.32453121766
1393,2.13869786445
1394,1.3202083011
1395,16.65697876
1396,14.089687156
1397,4.860416548
1398,2.14864578088
1399,3.47317699854
1400,2.25479161162
1401,3.69343740983
1402,2.22203119575
1403,2.34838535933
1404,14.4163538147
1405,1.29223955178
1406,3.21656242147
1407,2.20609369614
1408,2.19916661298
1409,9.92718725764
1410,1.99583328461
1411,4.71406238491
1412,1.88874995389
1413,1.91140620333
1414,16.6943225091
1415,6.12932276702
1416,1.29765621832
1417,1.29864580163
1418,0.929739560635
1419,0.933072893887
1420,1.66906245925
1421,0.92583331073
1422,0.926927060703
1423,3.49249991473
1424,2.13031244799
1425,2.15526036405
1426,2.21598952923
1427,1.74807287399
1428,2.59791660324
1429,1.31281246795
1430,1.31359371793
1431,1.31442705124
1432,1.51182287976
1433,2.31093744358
1434,4.09682281665
1435,0.983281225994
1436,0.990937475807
1437,0.99328122575
1438,0.994635392384
1439,2.78395826537
1440,4.00630198552
1441,1.61713537719
1442,1.29645830168
1443,1.29531246838
1444,1.30874996805
1445,1.30609371811
1446,1.31015621801
1447,4.17354156477
1448,2.26374994473
1449,4.78802071644
1450,2.32114577666
1451,3.80833324036
1452,2.12968744801
1453,1.32526038431
1454,2.11223953176
1455,1.33380205077
1456,1.95968745216
1457,4.24932281292
1458,2.54666660449
1459,4.88567696405
1460,2.23911452867
1461,3.47546866515
1462,2.09234369892
1463,1.30270830153
1464,1.29776038498
1465,1.29687496834
1466,1.28552080195
1467,1.33265621746
1468,3.49828116459
1469,2.12145828154
1470,2.13619786451
1471,2.75177076615
1472,2.74864576623
1473,1.19984372071
1474,1.20901038715
1475,1.20822913717
1476,2.3744791087
1477,2.11640619833
1478,2.04723953335
1479,2.83838534737
1480,1.30260413486
1481,1.30093746824
1482,1.31572913454
1483,1.81302078907
1484,1.31593746787
1485,1.31213538463
1486,3.66359366056
1487,2.45963535662
1488,1.16145830498
1489,0.883281228436
1490,1.28364580199
1491,0.850416645905
1492,0.845572896023
1493,0.858749979034
1494,2.98848951037
1495,2.26067702814
1496,2.21833327917
1497,4.45604155788
1498,2.3540103592
1499,2.3632811923
1500,3.48307283163
1501,2.39156244161
1502,2.471302023
1503,1.35703121687
1504,1.42083329865
1505,3.15713533959
1506,1.23989580306
1507,5.88098943975
1508,1.32499996765
1509,1.30796871807
1510,1.24468746961
1511,1.24822913619
1512,1.25624996933
1513,1.25015621948
1514,7.00343732902
1515,1.31682288452
1516,1.31322913461
1517,1.31526038456
1518,1.32624996762
1519,1.31963538445
1520,1.31713538451
1521,1.31979163445
1522,2.02505203389
1523,1.31385413459
1524,1.30302080152
1525,1.33890621731
1526,1.3323958008
1527,0.964895809776
1528,1.39838538253
1529,0.988541642532
1530,1.29255205178
1531,1.27041663565
1532,1.27640621884
1533,1.27119788563
1534,1.2753645522
1535,1.25723955264
1536,1.27567705219
1537,2.6418749355
1538,2.66218743501
1539,3.62416657819
1540,2.58765618682
1541,2.61958326938
1542,2.63041660245
1543,2.6324478524
1544,1.8826041207
1545,1.25286455275
1546,1.25432288604
1547,1.2958333017
1548,1.33286455079
1549,1.23729163646
1550,1.28562496861
1551,1.25505205269
1552,1.24723955288
1553,1.23270830324
1554,1.21567705365
1555,1.30281246819
1556,2.07109369944
1557,2.05968744971
1558,1.29651038501
1559,2.00302078443
1560,1.28604163527
1561,1.30020830159
1562,2.48697910595
1563,2.3047916104
1564,2.15390619741
1565,3.02942700937
1566,1.82510412211
1567,1.17218747138
1568,1.30109371824
1569,1.18515622107
1570,1.1892708043
1571,1.17114580474
1572,1.18874997098
1573,1.86598953778
1574,1.18135413783
1575,1.18213538781
1576,1.20536455391
1577,6.5305206739
1578,1.2136458037
1579,1.21229163707
1580,1.21385413703
1581,1.23041663663
1582,1.22270830348
1583,1.2246874701
1584,1.22708330338
1585,1.21322913705
1586,3.13239575686
1587,2.24093744529
1588,2.14380203099
1589,2.16703119709
1590,10.8309893189
1591,5.65385402863
1592,1.18291663779
1593,1.16161455497
1594,1.17338538802
1595,1.17296872136
1596,1.17593747129
1597,1.15927080503
1598,1.89328120378
1599,1.90619787013
1600,3.61656241171
1601,1.9373437027
1602,1.96130203545
1603,1.99291661801
1604,2.12843744804
1605,2.85666659692
1606,2.03864578356
1607,1.99770828456
1608,2.02026036734
1609,1.95296870232
1610,1.96984370191
1611,2.81192701468
1612,1.85166662146
1613,1.90666662012
1614,1.88578120396
1615,1.78958328964
1616,1.78744787303
1617,1.77380204003
1618,1.72958329111
1619,1.706822875
1620,1.7367187076
1621,2.45286452345
1622,1.66343745939
1623,1.64567704316
1624,1.66526037601
1625,1.68260412559
1626,1.68973954208
1627,1.66015620947
1628,1.65677079288
1629,1.64848954309
1630,1.62156246041
1631,1.2984374683
1632,1.30312496819
1633,2.26010411149
1634,1.2945312184
1635,1.29005205184
1636,2.24401036188
1637,1.29385413508
1638,1.9058332868
1639,3.51010408097
1640,1.9277603696
1641,1.84494787162
1642,3.42916658295
1643,1.84937495485
1644,1.79494787284
1645,2.62276035263
1646,0.861874978958
1647,1.32796871758
1648,0.961145809868
1649,0.895156228146
1650,1.30630205144
1651,0.860260395664
1652,0.99328122575
1653,1.29380205175
1654,1.76380204027
1655,1.29005205184
1656,1.30765621807
1657,5.33619778639
1658,14.4959371461
1659,2.76374993253
1660,2.05036453328
1661,2.03374995035
1662,4.05213531774
1663,1.8993228703
1664,1.96927078526
1665,2.99546867687
1666,13.423072589
1667,1.93442703611
1668,1.96192703543
1669,3.09598950775
1670,1.9894791181
1671,2.91843742875
1672,2.12989578133
1673,1.18239580447
1674,1.18192705448
1675,1.6451041265
1676,1.17244788804
1677,8.57276020737
1678,0.98114580938
1679,0.956354143318
1680,0.934739560513
1681,0.940156227047
1682,1.79895828941
1683,0.924270810768
1684,0.920677060856
1685,0.916041644302
1686,1.31427080125
1687,1.31432288458
1688,2.5915103534
1689,1.30979163469
1690,1.3163020512
1691,2.65427076853
1692,2.61359368619
1693,2.39541660818
1694,3.63640616122
1695,1.9769791184
1696,1.19151038758
1697,1.20093747068
1698,1.18677080436
1699,1.23161455326
1700,1.23078121995
1701,1.2043749706
1702,1.20765622052
1703,0.958697893261
1704,0.857291645737
1705,1.2808853854
1706,1.91713536986
1707,1.31322913461
1708,1.77666662329
1709,1.32140621774
1710,1.32156246774
1711,1.31588538454
1712,1.30343746818
1713,1.99437495131
1714,1.40895829893
1715,2.50406243887
1716,0.947708310196
1717,0.922031227489
1718,0.938229143761
1719,0.920052060871
1720,0.927083310699
1721,1.48052079719
1722,0.919999977539
1723,0.932239560574
1724,0.949687476814
1725,2.46312493987
1726,1.32854163423
1727,1.32218746772
1728,1.3216666344
1729,1.34270830055
1730,1.34005205062
1731,5.12010404166
1732,2.43520827388
1733,2.56718743732
1734,2.39526035819
1735,2.29249994403
1736,1.59239579446
1737,1.86802078773
1738,1.21166663708
1739,1.20619788722
1740,1.20979163713
1741,1.27005205233
1742,1.24619788624
1743,1.23765621978
1744,1.20307288729
1745,1.20718747053
1746,1.20395830394
1747,1.20656247054
1748,1.19947913738
1749,1.26223955252
1750,1.21083330377
1751,1.20953122047
1752,2.68223951785
1753,3.24062492088
1754,2.22729161229
1755,1.30593746812
1756,1.29531246838
1757,1.3052603848
1758,1.2930728851
1759,1.28359371866
1760,1.29411455174
1761,1.30958330136
1762,1.30171871822
1763,1.25874996927
1764,1.215104137
1765,1.19864580407
1766,1.17473955465
1767,1.16760413816
1768,1.27463538555
1769,2.02531245055
1770,1.28843746854
1771,2.03520828365
1772,1.75307287387
1773,1.30760413474
1774,1.30270830153
1775,1.29687496834
1776,1.9989062012
1777,1.29197913512
1778,1.29317705176
1779,1.28911455186
1780,1.29343746842
1781,1.31682288452
1782,1.29677080167
1783,1.29093746848
1784,2.01453120082
1785,2.24682286181
1786,2.32114577666
1787,2.24171869527
1788,2.03192703373
1789,2.07734369928
1790,1.23322913656
1791,1.18734372101
1792,1.18479163774
1793,1.20473955392
1794,1.1592187217
1795,1.16770830482
1796,1.14682288867
1797,1.15098955523
1798,1.76437495692
1799,1.13677080558
1800,1.11901038935
1801,1.1293228891
1802,1.43666663159
1803,1.87833328748
1804,1.89848953698
1805,2.78015618213
1806,0.855572895779
1807,0.854374979141
1808,0.863333312256
1809,0.88895831163
1810,0.864687478889
1811,0.857395812401
1812,0.856249979095
1813,1.27765621881
1814,1.29447913506
1815,1.28984371851
1816,1.30046871825
1817,1.18583330438
1818,1.20510413725
1819,1.19505205416
1820,1.1754687213
1821,1.19588538747
1822,1.20749997052
1823,1.20041663736
1824,1.29687496834
1825,1.30661455143
1826,1.28760413523
1827,1.30927080137
1828,1.33869788398
1829,2.18869786323
1830,1.60817704407
1831,1.29322913509
1832,1.21270830373
1833,1.22427080344
1834,1.24276038633
1835,1.23671871981
1836,1.22848955334
1837,1.23661455314
1838,1.85104162148
1839,1.23723955313
1840,1.23072913662
1841,1.28312496867
1842,1.26927080235
1843,1.25968746925
1844,1.21911455357
1845,1.26333330249
1846,2.0042707844
1847,1.29359371842
1848,1.30098955157
1849,1.22015622021
1850,1.22937496999
1851,1.21760413694
1852,1.20385413728
1853,2.4943749391
1854,2.82458326437
1855,1.3080208014
1856,1.28223955203
1857,1.22031247021
1858,1.20848955383
1859,1.18203122114
1860,1.1920312209
1861,1.18130205449
1862,1.16307288827
1863,1.29802080164
1864,1.29890621829
1865,1.18984372095
1866,1.20328122062
1867,1.19911455406
1868,1.18901038764
1869,1.18593747105
1870,1.25656246932
1871,2.04770828334
1872,1.30072913491
1873,1.29364580175
1874,1.30052080158
1875,1.31317705127
1876,1.00156247555
1877,0.930468727283
1878,1.25510413602
1879,1.25119788612
1880,1.20703122053
1881,1.19624997079
1882,1.20270830397
1883,2.03369786702
1884,2.03671870028
1885,0.975468726185
1886,1.13374997232
1887,1.85291662143
1888,1.19244788755
1889,1.19546872081
1890,0.914687477669
1891,0.925364560741
1892,0.915520810982
1893,0.914010394352
1894,0.916302060963
1895,1.02307289169
1896,0.958645809929
1897,1.06255205739
1898,0.990937475807
1899,0.982083309357
1900,1.30718746809
1901,1.3312499675
1902,1.33614580071
1903,1.32927080088
1904,1.33484371741
1905,1.33869788398
1906,1.32937496754
1907,1.35479163359
1908,1.33187496748
1909,1.35651038355
1910,1.34380205053
1911,2.99218742695
1912,1.32562496764
1913,2.55348952099
1914,2.40776035788
1915,2.09276036557
1916,0.866093728855
1917,0.857916645721
1918,1.37874996634
1919,0.868020812141
1920,0.855781229107
1921,0.859218729023
1922,0.879374978531
1923,0.879843728519
1924,2.1447916143
1925,3.12776034031
1926,2.24838536177
1927,2.20078119627
1928,1.87729162083
1929,1.26505205245
1930,1.22494788676
1931,1.22609372007
1932,1.21093747044
1933,1.24546871959
1934,1.30333330151
1935,1.3149999679
1936,1.31052080134
1937,1.31833330115
1938,1.31432288458
1939,2.02416661725
1940,1.30515621814
1941,1.29911455162
1942,1.33182288415
1943,1.27432288556
1944,1.26328121916
1945,1.21208330374
1946,1.21374997037
1947,1.20296872063
1948,1.28005205208
1949,1.3026562182
1950,1.30822913473
1951,1.15020830525
1952,1.05901039081
1953,1.0773437237
1954,0.993177059086
1955,3.66468741053
1956,2.45755202333
1957,2.36552077558
1958,2.10723953189
1959,2.20338536287
1960,2.24953119508
1961,2.24567702851
1962,2.93776034494
1963,7.5310414828
1964,6.67828108696
1965,2.04270828346
1966,2.14890619754
1967,2.68843743436
1968,1.30406246816
1969,1.29348955175
1970,2.83479159746
1971,2.07229161607
1972,2.04947911663
1973,2.22380202904
1974,2.21749994586
1975,3.63098949469
1976,2.16223953054
1977,2.04067703351
1978,2.09447911553
1979,1.95999995215
1980,3.19588533864
1981,2.12072911489
1982,1.9074478701
1983,1.91359370328
1984,1.92010411979
1985,1.93708328604
1986,3.11635409058
1987,2.08979161565
1988,14.3441142331
1989,7.94265605609
1990,5.07265612616
1991,2.07406244936
1992,2.1532291141
1993,2.13744786448
1994,2.13895828111
1995,2.34854160933
1996,2.31578119346
1997,3.63640616122
1998,1.19546872081
1999,1.2124999704
2000,1.1808333045
2001,1.58786454457
2002,1.14765622198
2003,1.29124996848
2004,2.40562494127
2005,1.29885413496
2006,1.28177080204
2007,1.99317703467
