frame,wall_ms,frame_wait_ms,scene_advance_ms,view_build_ms,render_submit_ms,gpu_valid,gpu_serial,gpu_ms,process_valid,process_cpu_ms,working_set_bytes,private_bytes,vma_valid,vma_allocation_bytes,vma_peak_allocation_bytes,vma_heap_usage_bytes,vma_heap_budget_bytes,raw_instances,visible_instances,culled_instances,lights,depth_draw_calls,shadow_draw_calls,base_draw_calls,lighting_draw_calls,tone_map_draw_calls,legacy_draw_calls,presenter_draw_calls,draw_calls,total_draw_calls,all_draw_calls,dispatch_count,shadow_faces,shadow_cache_hits,shadow_misses,shadow_batches,asset_upload_bytes,dynamic_lighting_upload_bytes,gather_ms,plan_ms,upload_frame_ms
0,5.507,5.187,0,0.012,0.041,0,0,,1,0,229937152,286613504,1,70948032,70948032,167755776,38823561584,40,40,0,2,3,0,3,3,1,0,1,9,10,11,1,0,2,0,1,0,6224,0.023,0.039,0.01
1,18.02,17.685,0,0.009,0.037,0,0,,0,,,,0,,,,,40,40,0,2,3,0,3,3,1,0,1,9,10,11,1,0,2,0,1,0,6224,0.031,0.053,0.01
2,10.199,9.826,0.001,0.011,0.048,0,0,,0,,,,0,,,,,40,40,0,2,3,0,3,3,1,0,1,9,10,11,1,0,2,0,1,0,6224,0.04,0.06,0.01
3,3.131,2.755,0,0.011,0.036,0,0,,0,,,,0,,,,,40,40,0,2,3,0,3,3,1,0,1,9,10,11,1,0,2,0,1,0,6224,0.036,0.064,0.01
4,5.017,4.737,0,0.008,0.026,0,0,,0,,,,0,,,,,40,40,0,2,3,0,3,3,1,0,1,9,10,11,1,0,2,0,1,0,6224,0.035,0.063,0.005
5,5.035,4.662,0,0.009,0.061,0,0,,0,,,,0,,,,,40,40,0,2,3,0,3,3,1,0,1,9,10,11,1,0,2,0,1,0,6224,0.033,0.058,0.009
6,8.175,7.714,0,0.012,0.06,0,0,,0,,,,0,,,,,40,40,0,2,3,0,3,3,1,0,1,9,10,11,1,0,2,0,1,0,6224,0.044,0.078,0.012
7,5.976,5.599,0,0.01,0.055,0,0,,0,,,,0,,,,,40,40,0,2,3,0,3,3,1,0,1,9,10,11,1,0,2,0,1,0,6224,0.026,0.046,0.01
8,6.907,6.365,0.001,0.01,0.148,0,0,,0,,,,0,,,,,40,40,0,2,3,0,3,3,1,0,1,9,10,11,1,0,2,0,1,0,6224,0.026,0.044,0.012
9,7.673,7.324,0,0.01,0.053,0,0,,0,,,,0,,,,,40,40,0,2,3,0,3,3,1,0,1,9,10,11,1,0,2,0,1,0,6224,0.022,0.037,0.01
10,6.977,6.604,0,0.01,0.056,0,0,,0,,,,0,,,,,40,40,0,2,3,0,3,3,1,0,1,9,10,11,1,0,2,0,1,0,6224,0.033,0.056,0.01
11,30.158,29.786,0,0.011,0.053,0,0,,0,,,,0,,,,,40,40,0,2,3,0,3,3,1,0,1,9,10,11,1,0,2,0,1,0,6224,0.034,0.05,0.01
12,15.876,15.511,0,0.009,0.052,0,0,,0,,,,0,,,,,40,40,0,2,3,0,3,3,1,0,1,9,10,11,1,0,2,0,1,0,6224,0.023,0.04,0.011
13,9.312,8.837,0.001,0.015,0.098,0,0,,0,,,,0,,,,,40,40,0,2,3,0,3,3,1,0,1,9,10,11,1,0,2,0,1,0,6224,0.035,0.059,0.012
14,11.054,10.737,0,0.007,0.04,0,0,,0,,,,0,,,,,40,40,0,2,3,0,3,3,1,0,1,9,10,11,1,0,2,0,1,0,6224,0.027,0.049,0.008
15,6.581,6.235,0,0.01,0.049,0,0,,0,,,,0,,,,,40,40,0,2,3,0,3,3,1,0,1,9,10,11,1,0,2,0,1,0,6224,0.026,0.047,0.009
16,5.689,5.391,0,0.007,0.053,0,0,,0,,,,0,,,,,40,40,0,2,3,0,3,3,1,0,1,9,10,11,1,0,2,0,1,0,6224,0.023,0.041,0.008
17,16.547,16.188,0,0.011,0.056,0,0,,0,,,,0,,,,,40,40,0,2,3,0,3,3,1,0,1,9,10,11,1,0,2,0,1,0,6224,0.026,0.046,0.011
18,6.586,6.061,0,0.015,0.08,0,0,,0,,,,0,,,,,40,40,0,2,3,0,3,3,1,0,1,9,10,11,1,0,2,0,1,0,6224,0.034,0.12,0.013
19,9.86,9.482,0,0.011,0.051,0,0,,0,,,,0,,,,,40,40,0,2,3,0,3,3,1,0,1,9,10,11,1,0,2,0,1,0,6224,0.028,0.052,0.011
20,28.004,27.618,0,0.009,0.056,0,0,,0,,,,0,,,,,40,40,0,2,3,0,3,3,1,0,1,9,10,11,1,0,2,0,1,0,6224,0.027,0.061,0.011
21,6.259,5.868,0,0.008,0.06,0,0,,0,,,,0,,,,,40,40,0,2,3,0,3,3,1,0,1,9,10,11,1,0,2,0,1,0,6224,0.031,0.057,0.008
22,17.579,17.175,0,0.009,0.079,0,0,,0,,,,0,,,,,40,40,0,2,3,0,3,3,1,0,1,9,10,11,1,0,2,0,1,0,6224,0.026,0.044,0.011
23,31.312,30.896,0.001,0.013,0.054,0,0,,0,,,,0,,,,,40,40,0,2,3,0,3,3,1,0,1,9,10,11,1,0,2,0,1,0,6224,0.024,0.042,0.011
24,9.649,9.221,0.001,0.01,0.055,0,0,,0,,,,0,,,,,40,40,0,2,3,0,3,3,1,0,1,9,10,11,1,0,2,0,1,0,6224,0.036,0.065,0.012
25,5.781,5.469,0.001,0.008,0.043,0,0,,0,,,,0,,,,,40,40,0,2,3,0,3,3,1,0,1,9,10,11,1,0,2,0,1,0,6224,0.033,0.06,0.006
26,6.123,5.689,0,0.009,0.045,0,0,,0,,,,0,,,,,40,40,0,2,3,0,3,3,1,0,1,9,10,11,1,0,2,0,1,0,6224,0.041,0.077,0.01
27,6.652,6.398,0,0.007,0.038,0,0,,0,,,,0,,,,,40,40,0,2,3,0,3,3,1,0,1,9,10,11,1,0,2,0,1,0,6224,0.017,0.032,0.009
28,6.313,6.035,0,0.007,0.043,0,0,,0,,,,0,,,,,40,40,0,2,3,0,3,3,1,0,1,9,10,11,1,0,2,0,1,0,6224,0.029,0.054,0.006
29,8.943,8.577,0,0.01,0.045,0,0,,0,,,,0,,,,,40,40,0,2,3,0,3,3,1,0,1,9,10,11,1,0,2,0,1,0,6224,0.034,0.059,0.01
30,5.81,5.535,0,0.009,0.032,0,0,,1,31.25,229949440,286613504,1,70948032,70948032,167755776,38823561584,40,40,0,2,3,0,3,3,1,0,1,9,10,11,1,0,2,0,1,0,6224,0.032,0.058,0.008
31,10.034,9.678,0.001,0.01,0.053,0,0,,0,,,,0,,,,,40,40,0,2,3,0,3,3,1,0,1,9,10,11,1,0,2,0,1,0,6224,0.025,0.045,0.011
32,5.617,5.278,0,0.009,0.051,0,0,,0,,,,0,,,,,40,40,0,2,3,0,3,3,1,0,1,9,10,11,1,0,2,0,1,0,6224,0.022,0.039,0.009
33,5.367,4.979,0,0.009,0.042,0,0,,0,,,,0,,,,,40,40,0,2,3,0,3,3,1,0,1,9,10,11,1,0,2,0,1,0,6224,0.039,0.069,0.01
34,7.129,6.762,0.001,0.01,0.057,0,0,,0,,,,0,,,,,40,40,0,2,3,0,3,3,1,0,1,9,10,11,1,0,2,0,1,0,6224,0.027,0.045,0.009
35,5.234,4.873,0,0.008,0.051,0,0,,0,,,,0,,,,,40,40,0,2,3,0,3,3,1,0,1,9,10,11,1,0,2,0,1,0,6224,0.034,0.063,0.009
36,6.368,5.915,0,0.016,0.069,0,0,,0,,,,0,,,,,40,40,0,2,3,0,3,3,1,0,1,9,10,11,1,0,2,0,1,0,6224,0.033,0.056,0.012
37,5.488,5.056,0,0.012,0.049,0,0,,0,,,,0,,,,,40,40,0,2,3,0,3,3,1,0,1,9,10,11,1,0,2,0,1,0,6224,0.023,0.04,0.041
38,17.203,16.799,0,0.013,0.052,0,0,,0,,,,0,,,,,40,40,0,2,3,0,3,3,1,0,1,9,10,11,1,0,2,0,1,0,6224,0.02,0.032,0.01
39,10.648,10.336,0.001,0.008,0.045,0,0,,0,,,,0,,,,,40,40,0,2,3,0,3,3,1,0,1,9,10,11,1,0,2,0,1,0,6224,0.019,0.038,0.01
40,5.695,5.319,0,0.012,0.04,0,0,,0,,,,0,,,,,40,40,0,2,3,0,3,3,1,0,1,9,10,11,1,0,2,0,1,0,6224,0.043,0.044,0.009
41,5.689,5.38,0,0.009,0.049,0,0,,0,,,,0,,,,,40,40,0,2,3,0,3,3,1,0,1,9,10,11,1,0,2,0,1,0,6224,0.024,0.04,0.008
42,8.794,8.426,0,0.014,0.051,0,0,,0,,,,0,,,,,40,40,0,2,3,0,3,3,1,0,1,9,10,11,1,0,2,0,1,0,6224,0.023,0.038,0.01
43,7.509,7.175,0.001,0.01,0.044,0,0,,0,,,,0,,,,,40,40,0,2,3,0,3,3,1,0,1,9,10,11,1,0,2,0,1,0,6224,0.027,0.043,0.008
44,8.637,8.259,0,0.009,0.047,0,0,,0,,,,0,,,,,40,40,0,2,3,0,3,3,1,0,1,9,10,11,1,0,2,0,1,0,6224,0.035,0.059,0.013
45,6.407,6.047,0,0.01,0.047,0,0,,0,,,,0,,,,,40,40,0,2,3,0,3,3,1,0,1,9,10,11,1,0,2,0,1,0,6224,0.036,0.047,0.009
46,10.24,9.842,0,0.013,0.047,0,0,,0,,,,0,,,,,40,40,0,2,3,0,3,3,1,0,1,9,10,11,1,0,2,0,1,0,6224,0.045,0.049,0.009
47,6.318,5.896,0.001,0.009,0.051,0,0,,0,,,,0,,,,,40,40,0,2,3,0,3,3,1,0,1,9,10,11,1,0,2,0,1,0,6224,0.076,0.075,0.01
48,6.541,6.23,0.001,0.011,0.052,0,0,,0,,,,0,,,,,40,40,0,2,3,0,3,3,1,0,1,9,10,11,1,0,2,0,1,0,6224,0.022,0.038,0.007
49,7.992,7.564,0,0.011,0.058,0,0,,0,,,,0,,,,,40,40,0,2,3,0,3,3,1,0,1,9,10,11,1,0,2,0,1,0,6224,0.031,0.069,0.012
50,11.987,11.627,0,0.01,0.056,0,0,,0,,,,0,,,,,40,40,0,2,3,0,3,3,1,0,1,9,10,11,1,0,2,0,1,0,6224,0.025,0.044,0.01
51,27.05,26.659,0.001,0.012,0.046,0,0,,0,,,,0,,,,,40,40,0,2,3,0,3,3,1,0,1,9,10,11,1,0,2,0,1,0,6224,0.039,0.041,0.011
52,18.098,17.723,0,0.012,0.049,0,0,,0,,,,0,,,,,40,40,0,2,3,0,3,3,1,0,1,9,10,11,1,0,2,0,1,0,6224,0.035,0.064,0.012
53,5.913,5.563,0.001,0.01,0.047,0,0,,0,,,,0,,,,,40,40,0,2,3,0,3,3,1,0,1,9,10,11,1,0,2,0,1,0,6224,0.035,0.062,0.009
54,8.223,7.909,0,0.01,0.042,0,0,,0,,,,0,,,,,40,40,0,2,3,0,3,3,1,0,1,9,10,11,1,0,2,0,1,0,6224,0.031,0.059,0.009
55,8.32,7.795,0,0.012,0.084,0,0,,0,,,,0,,,,,40,40,0,2,3,0,3,3,1,0,1,9,10,11,1,0,2,0,1,0,6224,0.044,0.081,0.012
56,7.897,7.533,0.001,0.01,0.05,0,0,,0,,,,0,,,,,40,40,0,2,3,0,3,3,1,0,1,9,10,11,1,0,2,0,1,0,6224,0.036,0.059,0.008
57,8.213,7.861,0,0.01,0.049,0,0,,0,,,,0,,,,,40,40,0,2,3,0,3,3,1,0,1,9,10,11,1,0,2,0,1,0,6224,0.034,0.059,0.01
58,8.141,7.776,0,0.009,0.061,0,0,,0,,,,0,,,,,40,40,0,2,3,0,3,3,1,0,1,9,10,11,1,0,2,0,1,0,6224,0.033,0.058,0.008
59,8.295,7.924,0,0.009,0.06,0,0,,0,,,,0,,,,,40,40,0,2,3,0,3,3,1,0,1,9,10,11,1,0,2,0,1,0,6224,0.031,0.055,0.01
60,7.2,6.893,0,0.009,0.043,0,0,,1,31.25,229953536,286613504,1,70948032,70948032,167755776,38823561584,40,40,0,2,3,0,3,3,1,0,1,9,10,11,1,0,2,0,1,0,6224,0.037,0.061,0.006
61,6.965,6.548,0.001,0.009,0.059,0,0,,0,,,,0,,,,,40,40,0,2,3,0,3,3,1,0,1,9,10,11,1,0,2,0,1,0,6224,0.043,0.033,0.01
62,6.068,5.7,0,0.01,0.052,0,0,,0,,,,0,,,,,40,40,0,2,3,0,3,3,1,0,1,9,10,11,1,0,2,0,1,0,6224,0.036,0.062,0.011
63,5.307,5.052,0,0.007,0.043,0,0,,0,,,,0,,,,,40,40,0,2,3,0,3,3,1,0,1,9,10,11,1,0,2,0,1,0,6224,0.03,0.052,0.005
64,6.853,6.54,0.001,0.009,0.048,0,0,,0,,,,0,,,,,40,40,0,2,3,0,3,3,1,0,1,9,10,11,1,0,2,0,1,0,6224,0.021,0.034,0.01
65,7.183,6.719,0,0.011,0.09,0,0,,0,,,,0,,,,,40,40,0,2,3,0,3,3,1,0,1,9,10,11,1,0,2,0,1,0,6224,0.044,0.077,0.012
66,7.514,7.159,0.001,0.01,0.05,0,0,,0,,,,0,,,,,40,40,0,2,3,0,3,3,1,0,1,9,10,11,1,0,2,0,1,0,6224,0.026,0.037,0.009
67,7.147,6.814,0.001,0.009,0.047,0,0,,0,,,,0,,,,,40,40,0,2,3,0,3,3,1,0,1,9,10,11,1,0,2,0,1,0,6224,0.025,0.033,0.037
68,4.937,4.619,0,0.007,0.036,0,0,,0,,,,0,,,,,40,40,0,2,3,0,3,3,1,0,1,9,10,11,1,0,2,0,1,0,6224,0.022,0.036,0.006
69,6.222,5.922,0,0.009,0.04,0,0,,0,,,,0,,,,,40,40,0,2,3,0,3,3,1,0,1,9,10,11,1,0,2,0,1,0,6224,0.024,0.038,0.008
70,6.731,6.466,0,0.009,0.041,0,0,,0,,,,0,,,,,40,40,0,2,3,0,3,3,1,0,1,9,10,11,1,0,2,0,1,0,6224,0.019,0.032,0.009
71,2.451,2.09,0,0.011,0.049,0,0,,0,,,,0,,,,,40,40,0,2,3,0,3,3,1,0,1,9,10,11,1,0,2,0,1,0,6224,0.035,0.062,0.007
72,3.211,2.947,0,0.006,0.042,0,0,,0,,,,0,,,,,40,40,0,2,3,0,3,3,1,0,1,9,10,11,1,0,2,0,1,0,6224,0.031,0.055,0.005
73,2.678,2.195,0,0.009,0.077,0,0,,0,,,,0,,,,,40,40,0,2,3,0,3,3,1,0,1,9,10,11,1,0,2,0,1,0,6224,0.029,0.052,0.008
74,2.002,1.782,0,0.006,0.037,0,0,,0,,,,0,,,,,40,40,0,2,3,0,3,3,1,0,1,9,10,11,1,0,2,0,1,0,6224,0.017,0.031,0.006
75,2.469,2.127,0.001,0.011,0.024,0,0,,0,,,,0,,,,,40,40,0,2,3,0,3,3,1,0,1,9,10,11,1,0,2,0,1,0,6224,0.041,0.072,0.008
76,3.553,3.365,0,0.005,0.034,0,0,,0,,,,0,,,,,40,40,0,2,3,0,3,3,1,0,1,9,10,11,1,0,2,0,1,0,6224,0.022,0.04,0.004
77,2.201,2.031,0,0.004,0.033,0,0,,0,,,,0,,,,,40,40,0,2,3,0,3,3,1,0,1,9,10,11,1,0,2,0,1,0,6224,0.021,0.037,0.003
78,3.587,3.465,0,0.003,0.03,0,0,,0,,,,0,,,,,40,40,0,2,3,0,3,3,1,0,1,9,10,11,1,0,2,0,1,0,6224,0.012,0.022,0.002
79,4.609,4.238,0,0.01,0.04,0,0,,0,,,,0,,,,,40,40,0,2,3,0,3,3,1,0,1,9,10,11,1,0,2,0,1,0,6224,0.032,0.055,0.01
80,6.001,5.779,0.001,0.006,0.035,0,0,,0,,,,0,,,,,40,40,0,2,3,0,3,3,1,0,1,9,10,11,1,0,2,0,1,0,6224,0.025,0.045,0.005
81,4.993,4.741,0,0.007,0.03,0,0,,0,,,,0,,,,,40,40,0,2,3,0,3,3,1,0,1,9,10,11,1,0,2,0,1,0,6224,0.036,0.066,0.007
82,3.046,2.608,0,0.006,0.072,0,0,,0,,,,0,,,,,40,40,0,2,3,0,3,3,1,0,1,9,10,11,1,0,2,0,1,0,6224,0.062,0.054,0.011
83,2.053,1.741,0.001,0.007,0.027,0,0,,0,,,,0,,,,,40,40,0,2,3,0,3,3,1,0,1,9,10,11,1,0,2,0,1,0,6224,0.035,0.062,0.007
84,2.084,1.894,0,0.005,0.031,0,0,,0,,,,0,,,,,40,40,0,2,3,0,3,3,1,0,1,9,10,11,1,0,2,0,1,0,6224,0.025,0.045,0.004
85,2.747,2.54,0,0.005,0.039,0,0,,0,,,,0,,,,,40,40,0,2,3,0,3,3,1,0,1,9,10,11,1,0,2,0,1,0,6224,0.024,0.047,0.003
86,3.204,2.993,0,0.005,0.045,0,0,,0,,,,0,,,,,40,40,0,2,3,0,3,3,1,0,1,9,10,11,1,0,2,0,1,0,6224,0.028,0.052,0.003
87,3.792,3.552,0,0.006,0.047,0,0,,0,,,,0,,,,,40,40,0,2,3,0,3,3,1,0,1,9,10,11,1,0,2,0,1,0,6224,0.029,0.052,0.005
88,3.298,2.969,0,0.005,0.036,0,0,,0,,,,0,,,,,40,40,0,2,3,0,3,3,1,0,1,9,10,11,1,0,2,0,1,0,6224,0.03,0.052,0.01
89,3.254,2.93,0,0.008,0.038,0,0,,0,,,,0,,,,,40,40,0,2,3,0,3,3,1,0,1,9,10,11,1,0,2,0,1,0,6224,0.033,0.058,0.007
90,3.329,3.098,0,0.007,0.042,0,0,,1,46.875,229961728,286613504,1,70948032,70948032,167755776,38823561584,40,40,0,2,3,0,3,3,1,0,1,9,10,11,1,0,2,0,1,0,6224,0.028,0.048,0.004
91,2.154,1.989,0,0.004,0.033,0,0,,0,,,,0,,,,,40,40,0,2,3,0,3,3,1,0,1,9,10,11,1,0,2,0,1,0,6224,0.021,0.04,0.002
92,2.396,2.177,0,0.004,0.044,0,0,,0,,,,0,,,,,40,40,0,2,3,0,3,3,1,0,1,9,10,11,1,0,2,0,1,0,6224,0.028,0.05,0.004
93,3.009,2.694,0,0.008,0.055,0,0,,0,,,,0,,,,,40,40,0,2,3,0,3,3,1,0,1,9,10,11,1,0,2,0,1,0,6224,0.025,0.044,0.008
94,2.314,2.051,0,0.006,0.054,0,0,,0,,,,0,,,,,40,40,0,2,3,0,3,3,1,0,1,9,10,11,1,0,2,0,1,0,6224,0.02,0.035,0.007
95,2.356,2.088,0,0.012,0.036,0,0,,0,,,,0,,,,,40,40,0,2,3,0,3,3,1,0,1,9,10,11,1,0,2,0,1,0,6224,0.027,0.043,0.006
96,3.247,3.039,0,0.005,0.033,0,0,,0,,,,0,,,,,40,40,0,2,3,0,3,3,1,0,1,9,10,11,1,0,2,0,1,0,6224,0.026,0.048,0.004
97,3.936,3.705,0,0.005,0.043,0,0,,0,,,,0,,,,,40,40,0,2,3,0,3,3,1,0,1,9,10,11,1,0,2,0,1,0,6224,0.027,0.048,0.004
98,3.977,3.648,0.001,0.009,0.055,0,0,,0,,,,0,,,,,40,40,0,2,3,0,3,3,1,0,1,9,10,11,1,0,2,0,1,0,6224,0.022,0.037,0.01
99,3.259,2.869,0,0.01,0.064,0,0,,0,,,,0,,,,,40,40,0,2,3,0,3,3,1,0,1,9,10,11,1,0,2,0,1,0,6224,0.027,0.044,0.009
100,16.615,16.312,0,0.009,0.048,0,0,,0,,,,0,,,,,40,40,0,2,3,0,3,3,1,0,1,9,10,11,1,0,2,0,1,0,6224,0.021,0.032,0.01
101,3.365,3.03,0,0.009,0.035,0,0,,0,,,,0,,,,,40,40,0,2,3,0,3,3,1,0,1,9,10,11,1,0,2,0,1,0,6224,0.032,0.058,0.009
102,5.848,5.484,0,0.007,0.043,0,0,,0,,,,0,,,,,40,40,0,2,3,0,3,3,1,0,1,9,10,11,1,0,2,0,1,0,6224,0.041,0.076,0.011
103,6.459,6.126,0,0.009,0.045,0,0,,0,,,,0,,,,,40,40,0,2,3,0,3,3,1,0,1,9,10,11,1,0,2,0,1,0,6224,0.033,0.06,0.008
104,3.192,2.864,0.001,0.009,0.034,0,0,,0,,,,0,,,,,40,40,0,2,3,0,3,3,1,0,1,9,10,11,1,0,2,0,1,0,6224,0.032,0.057,0.009
105,3.187,2.827,0,0.011,0.025,0,0,,0,,,,0,,,,,40,40,0,2,3,0,3,3,1,0,1,9,10,11,1,0,2,0,1,0,6224,0.041,0.076,0.009
106,3.691,3.422,0,0.009,0.03,0,0,,0,,,,0,,,,,40,40,0,2,3,0,3,3,1,0,1,9,10,11,1,0,2,0,1,0,6224,0.041,0.051,0.004
107,3.152,2.909,0.001,0.005,0.045,0,0,,0,,,,0,,,,,40,40,0,2,3,0,3,3,1,0,1,9,10,11,1,0,2,0,1,0,6224,0.027,0.049,0.005
108,3.217,2.996,0,0.004,0.04,0,0,,0,,,,0,,,,,40,40,0,2,3,0,3,3,1,0,1,9,10,11,1,0,2,0,1,0,6224,0.019,0.045,0.005
109,3.387,3.009,0.001,0.009,0.045,0,0,,0,,,,0,,,,,40,40,0,2,3,0,3,3,1,0,1,9,10,11,1,0,2,0,1,0,6224,0.038,0.067,0.008
110,2.351,1.974,0,0.014,0.04,0,0,,0,,,,0,,,,,40,40,0,2,3,0,3,3,1,0,1,9,10,11,1,0,2,0,1,0,6224,0.039,0.07,0.009
111,2.801,2.511,0.001,0.006,0.053,0,0,,0,,,,0,,,,,40,40,0,2,3,0,3,3,1,0,1,9,10,11,1,0,2,0,1,0,6224,0.025,0.045,0.006
112,2.695,2.527,0,0.005,0.027,0,0,,0,,,,0,,,,,40,40,0,2,3,0,3,3,1,0,1,9,10,11,1,0,2,0,1,0,6224,0.02,0.026,0.003
113,5.971,5.511,0,0.009,0.05,0,0,,0,,,,0,,,,,40,40,0,2,3,0,3,3,1,0,1,9,10,11,1,0,2,0,1,0,6224,0.033,0.094,0.015
114,3.64,3.348,0,0.008,0.04,0,0,,0,,,,0,,,,,40,40,0,2,3,0,3,3,1,0,1,9,10,11,1,0,2,0,1,0,6224,0.019,0.034,0.009
115,3.229,2.905,0,0.008,0.027,0,0,,0,,,,0,,,,,40,40,0,2,3,0,3,3,1,0,1,9,10,11,1,0,2,0,1,0,6224,0.034,0.06,0.008
116,4.58,4.271,0,0.01,0.049,0,0,,0,,,,0,,,,,40,40,0,2,3,0,3,3,1,0,1,9,10,11,1,0,2,0,1,0,6224,0.039,0.03,0.006
117,3.073,2.753,0,0.008,0.03,0,0,,0,,,,0,,,,,40,40,0,2,3,0,3,3,1,0,1,9,10,11,1,0,2,0,1,0,6224,0.046,0.085,0.003
118,3.308,3.013,0,0.007,0.043,0,0,,0,,,,0,,,,,40,40,0,2,3,0,3,3,1,0,1,9,10,11,1,0,2,0,1,0,6224,0.024,0.04,0.008
119,4.664,4.37,0,0.007,0.03,0,0,,0,,,,0,,,,,40,40,0,2,3,0,3,3,1,0,1,9,10,11,1,0,2,0,1,0,6224,0.04,0.073,0.005
120,3.151,2.832,0.001,0.015,0.039,0,0,,1,78.125,229969920,286613504,1,70948032,70948032,167755776,38823561584,40,40,0,2,3,0,3,3,1,0,1,9,10,11,1,0,2,0,1,0,6224,0.019,0.031,0.007
121,3.044,2.703,0,0.013,0.04,0,0,,0,,,,0,,,,,40,40,0,2,3,0,3,3,1,0,1,9,10,11,1,0,2,0,1,0,6224,0.072,0.035,0.006
122,5.445,5.143,0.001,0.009,0.04,0,0,,0,,,,0,,,,,40,40,0,2,3,0,3,3,1,0,1,9,10,11,1,0,2,0,1,0,6224,0.021,0.035,0.01
123,4.834,4.566,0,0.008,0.045,0,0,,0,,,,0,,,,,40,40,0,2,3,0,3,3,1,0,1,9,10,11,1,0,2,0,1,0,6224,0.018,0.03,0.008
124,4.491,4.183,0,0.008,0.033,0,0,,0,,,,0,,,,,40,40,0,2,3,0,3,3,1,0,1,9,10,11,1,0,2,0,1,0,6224,0.039,0.072,0.006
125,4.616,4.279,0,0.011,0.04,0,0,,0,,,,0,,,,,40,40,0,2,3,0,3,3,1,0,1,9,10,11,1,0,2,0,1,0,6224,0.035,0.055,0.007
126,2.799,2.357,0,0.011,0.074,0,0,,0,,,,0,,,,,40,40,0,2,3,0,3,3,1,0,1,9,10,11,1,0,2,0,1,0,6224,0.035,0.064,0.01
127,1.555,1.278,0,0.007,0.034,0,0,,0,,,,0,,,,,40,40,0,2,3,0,3,3,1,0,1,9,10,11,1,0,2,0,1,0,6224,0.026,0.049,0.005
128,3.01,2.735,0,0.011,0.028,0,0,,0,,,,0,,,,,40,40,0,2,3,0,3,3,1,0,1,9,10,11,1,0,2,0,1,0,6224,0.029,0.051,0.006
129,2.182,1.989,0,0.005,0.03,0,0,,0,,,,0,,,,,40,40,0,2,3,0,3,3,1,0,1,9,10,11,1,0,2,0,1,0,6224,0.024,0.043,0.004
130,3.156,2.973,0,0.004,0.039,0,0,,0,,,,0,,,,,40,40,0,2,3,0,3,3,1,0,1,9,10,11,1,0,2,0,1,0,6224,0.021,0.039,0.003
131,3.534,3.306,0.001,0.004,0.035,0,0,,0,,,,0,,,,,40,40,0,2,3,0,3,3,1,0,1,9,10,11,1,0,2,0,1,0,6224,0.029,0.053,0.004
132,2.431,2.157,0,0.007,0.039,0,0,,0,,,,0,,,,,40,40,0,2,3,0,3,3,1,0,1,9,10,11,1,0,2,0,1,0,6224,0.022,0.036,0.008
133,2.323,2.071,0,0.006,0.036,0,0,,0,,,,0,,,,,40,40,0,2,3,0,3,3,1,0,1,9,10,11,1,0,2,0,1,0,6224,0.022,0.039,0.006
134,3.599,3.306,0.001,0.007,0.047,0,0,,0,,,,0,,,,,40,40,0,2,3,0,3,3,1,0,1,9,10,11,1,0,2,0,1,0,6224,0.03,0.054,0.006
135,5.87,5.668,0,0.005,0.037,0,0,,0,,,,0,,,,,40,40,0,2,3,0,3,3,1,0,1,9,10,11,1,0,2,0,1,0,6224,0.016,0.027,0.005
136,5.963,5.682,0.001,0.008,0.036,0,0,,0,,,,0,,,,,40,40,0,2,3,0,3,3,1,0,1,9,10,11,1,0,2,0,1,0,6224,0.021,0.033,0.008
137,5.013,4.783,0,0.007,0.034,0,0,,0,,,,0,,,,,40,40,0,2,3,0,3,3,1,0,1,9,10,11,1,0,2,0,1,0,6224,0.027,0.049,0.005
138,3.775,3.581,0.001,0.005,0.024,0,0,,0,,,,0,,,,,40,40,0,2,3,0,3,3,1,0,1,9,10,11,1,0,2,0,1,0,6224,0.027,0.05,0.004
139,2.395,2.21,0,0.005,0.036,0,0,,0,,,,0,,,,,40,40,0,2,3,0,3,3,1,0,1,9,10,11,1,0,2,0,1,0,6224,0.026,0.046,0.003
140,2.241,2.014,0,0.005,0.032,0,0,,0,,,,0,,,,,40,40,0,2,3,0,3,3,1,0,1,9,10,11,1,0,2,0,1,0,6224,0.016,0.051,0.005
141,2.296,1.991,0,0.007,0.031,0,0,,0,,,,0,,,,,40,40,0,2,3,0,3,3,1,0,1,9,10,11,1,0,2,0,1,0,6224,0.02,0.036,0.008
142,3.466,3.179,0,0.007,0.039,0,0,,0,,,,0,,,,,40,40,0,2,3,0,3,3,1,0,1,9,10,11,1,0,2,0,1,0,6224,0.023,0.039,0.008
143,2.157,1.916,0,0.007,0.028,0,0,,0,,,,0,,,,,40,40,0,2,3,0,3,3,1,0,1,9,10,11,1,0,2,0,1,0,6224,0.03,0.057,0.005
144,6.772,6.463,0,0.014,0.037,0,0,,0,,,,0,,,,,40,40,0,2,3,0,3,3,1,0,1,9,10,11,1,0,2,0,1,0,6224,0.036,0.037,0.009
145,3.914,3.622,0,0.008,0.035,0,0,,0,,,,0,,,,,40,40,0,2,3,0,3,3,1,0,1,9,10,11,1,0,2,0,1,0,6224,0.029,0.052,0.007
146,3.174,2.845,0,0.008,0.03,0,0,,0,,,,0,,,,,40,40,0,2,3,0,3,3,1,0,1,9,10,11,1,0,2,0,1,0,6224,0.036,0.065,0.009
147,4.938,4.608,0.001,0.012,0.036,0,0,,0,,,,0,,,,,40,40,0,2,3,0,3,3,1,0,1,9,10,11,1,0,2,0,1,0,6224,0.028,0.049,0.008
148,2.647,2.361,0.001,0.01,0.024,0,0,,0,,,,0,,,,,40,40,0,2,3,0,3,3,1,0,1,9,10,11,1,0,2,0,1,0,6224,0.031,0.051,0.005
149,3.703,3.44,0,0.006,0.042,0,0,,0,,,,0,,,,,40,40,0,2,3,0,3,3,1,0,1,9,10,11,1,0,2,0,1,0,6224,0.032,0.058,0.004
150,2.546,2.176,0,0.007,0.033,0,0,,1,109.375,229982208,286613504,1,70948032,70948032,167755776,38823561584,40,40,0,2,3,0,3,3,1,0,1,9,10,11,1,0,2,0,1,0,6224,0.055,0.039,0.01
151,2.049,1.799,0,0.008,0.028,0,0,,0,,,,0,,,,,40,40,0,2,3,0,3,3,1,0,1,9,10,11,1,0,2,0,1,0,6224,0.027,0.048,0.007
152,5.26,4.943,0.001,0.009,0.03,0,0,,0,,,,0,,,,,40,40,0,2,3,0,3,3,1,0,1,9,10,11,1,0,2,0,1,0,6224,0.032,0.059,0.007
153,3.294,2.926,0.001,0.01,0.082,0,0,,0,,,,0,,,,,40,40,0,2,3,0,3,3,1,0,1,9,10,11,1,0,2,0,1,0,6224,0.035,0.061,0.006
154,2.605,2.37,0,0.005,0.035,0,0,,0,,,,0,,,,,40,40,0,2,3,0,3,3,1,0,1,9,10,11,1,0,2,0,1,0,6224,0.022,0.041,0.005
155,2.392,2.194,0,0.005,0.031,0,0,,0,,,,0,,,,,40,40,0,2,3,0,3,3,1,0,1,9,10,11,1,0,2,0,1,0,6224,0.016,0.03,0.004
156,2.405,2.15,0,0.011,0.033,0,0,,0,,,,0,,,,,40,40,0,2,3,0,3,3,1,0,1,9,10,11,1,0,2,0,1,0,6224,0.024,0.036,0.007
157,3.255,3.065,0,0.004,0.029,0,0,,0,,,,0,,,,,40,40,0,2,3,0,3,3,1,0,1,9,10,11,1,0,2,0,1,0,6224,0.017,0.03,0.004
158,3.057,2.867,0,0.005,0.035,0,0,,0,,,,0,,,,,40,40,0,2,3,0,3,3,1,0,1,9,10,11,1,0,2,0,1,0,6224,0.022,0.041,0.003
159,2.294,2.015,0.001,0.004,0.041,0,0,,0,,,,0,,,,,40,40,0,2,3,0,3,3,1,0,1,9,10,11,1,0,2,0,1,0,6224,0.028,0.05,0.003
160,2.714,2.441,0,0.007,0.04,0,0,,0,,,,0,,,,,40,40,0,2,3,0,3,3,1,0,1,9,10,11,1,0,2,0,1,0,6224,0.031,0.054,0.006
161,3.43,2.942,0,0.007,0.072,0,0,,0,,,,0,,,,,40,40,0,2,3,0,3,3,1,0,1,9,10,11,1,0,2,0,1,0,6224,0.017,0.028,0.005
162,2.805,2.586,0,0.006,0.034,0,0,,0,,,,0,,,,,40,40,0,2,3,0,3,3,1,0,1,9,10,11,1,0,2,0,1,0,6224,0.018,0.032,0.007
163,6.354,5.94,0,0.011,0.085,0,0,,0,,,,0,,,,,40,40,0,2,3,0,3,3,1,0,1,9,10,11,1,0,2,0,1,0,6224,0.04,0.071,0.007
164,3.551,3.266,0,0.009,0.043,0,0,,0,,,,0,,,,,40,40,0,2,3,0,3,3,1,0,1,9,10,11,1,0,2,0,1,0,6224,0.031,0.053,0.007
165,6.214,5.909,0,0.01,0.032,0,0,,0,,,,0,,,,,40,40,0,2,3,0,3,3,1,0,1,9,10,11,1,0,2,0,1,0,6224,0.023,0.029,0.008
166,5.105,4.752,0,0.01,0.085,0,0,,0,,,,0,,,,,40,40,0,2,3,0,3,3,1,0,1,9,10,11,1,0,2,0,1,0,6224,0.036,0.038,0.005
167,2.495,2.256,0,0.007,0.023,0,0,,0,,,,0,,,,,40,40,0,2,3,0,3,3,1,0,1,9,10,11,1,0,2,0,1,0,6224,0.03,0.054,0.004
168,4.372,4.091,0,0.009,0.024,0,0,,0,,,,0,,,,,40,40,0,2,3,0,3,3,1,0,1,9,10,11,1,0,2,0,1,0,6224,0.03,0.094,0.007
169,3.396,3.129,0,0.007,0.028,0,0,,0,,,,0,,,,,40,40,0,2,3,0,3,3,1,0,1,9,10,11,1,0,2,0,1,0,6224,0.019,0.06,0.006
170,4.555,4.269,0,0.008,0.03,0,0,,0,,,,0,,,,,40,40,0,2,3,0,3,3,1,0,1,9,10,11,1,0,2,0,1,0,6224,0.037,0.038,0.004
171,6.681,6.094,0,0.008,0.355,0,0,,0,,,,0,,,,,40,40,0,2,3,0,3,3,1,0,1,9,10,11,1,0,2,0,1,0,6224,0.034,0.036,0.004
172,2.84,2.585,0,0.005,0.059,0,0,,0,,,,0,,,,,40,40,0,2,3,0,3,3,1,0,1,9,10,11,1,0,2,0,1,0,6224,0.02,0.035,0.005
173,4.01,3.721,0,0.01,0.03,0,0,,0,,,,0,,,,,40,40,0,2,3,0,3,3,1,0,1,9,10,11,1,0,2,0,1,0,6224,0.029,0.052,0.008
174,5.839,5.547,0,0.007,0.042,0,0,,0,,,,0,,,,,40,40,0,2,3,0,3,3,1,0,1,9,10,11,1,0,2,0,1,0,6224,0.033,0.062,0.005
175,4.98,4.756,0,0.006,0.022,0,0,,0,,,,0,,,,,40,40,0,2,3,0,3,3,1,0,1,9,10,11,1,0,2,0,1,0,6224,0.024,0.044,0.004
176,2.538,2.305,0,0.006,0.035,0,0,,0,,,,0,,,,,40,40,0,2,3,0,3,3,1,0,1,9,10,11,1,0,2,0,1,0,6224,0.019,0.031,0.008
177,2.415,2.111,0,0.005,0.041,0,0,,0,,,,0,,,,,40,40,0,2,3,0,3,3,1,0,1,9,10,11,1,0,2,0,1,0,6224,0.026,0.05,0.004
178,2.498,2.246,0,0.006,0.029,0,0,,0,,,,0,,,,,40,40,0,2,3,0,3,3,1,0,1,9,10,11,1,0,2,0,1,0,6224,0.029,0.051,0.005
179,2.254,1.923,0.001,0.012,0.024,0,0,,0,,,,0,,,,,40,40,0,2,3,0,3,3,1,0,1,9,10,11,1,0,2,0,1,0,6224,0.039,0.07,0.008
180,2.116,1.912,0,0.005,0.036,0,0,,1,125,229990400,286613504,1,70948032,70948032,167755776,38823561584,40,40,0,2,3,0,3,3,1,0,1,9,10,11,1,0,2,0,1,0,6224,0.026,0.045,0.003
181,2.185,1.907,0.001,0.011,0.029,0,0,,0,,,,0,,,,,40,40,0,2,3,0,3,3,1,0,1,9,10,11,1,0,2,0,1,0,6224,0.029,0.047,0.007
182,2.903,2.732,0,0.005,0.029,0,0,,0,,,,0,,,,,40,40,0,2,3,0,3,3,1,0,1,9,10,11,1,0,2,0,1,0,6224,0.021,0.039,0.002
183,3.204,3.033,0,0.004,0.028,0,0,,0,,,,0,,,,,40,40,0,2,3,0,3,3,1,0,1,9,10,11,1,0,2,0,1,0,6224,0.014,0.024,0.005
184,3.021,2.791,0,0.005,0.035,0,0,,0,,,,0,,,,,40,40,0,2,3,0,3,3,1,0,1,9,10,11,1,0,2,0,1,0,6224,0.025,0.045,0.004
185,2.634,2.317,0,0.008,0.027,0,0,,0,,,,0,,,,,40,40,0,2,3,0,3,3,1,0,1,9,10,11,1,0,2,0,1,0,6224,0.033,0.06,0.007
186,4.25,4.009,0,0.004,0.041,0,0,,0,,,,0,,,,,40,40,0,2,3,0,3,3,1,0,1,9,10,11,1,0,2,0,1,0,6224,0.027,0.052,0.004
187,3.565,3.383,0,0.004,0.036,0,0,,0,,,,0,,,,,40,40,0,2,3,0,3,3,1,0,1,9,10,11,1,0,2,0,1,0,6224,0.022,0.041,0.003
188,3.175,2.894,0.001,0.006,0.038,0,0,,0,,,,0,,,,,40,40,0,2,3,0,3,3,1,0,1,9,10,11,1,0,2,0,1,0,6224,0.026,0.047,0.006
189,3.351,2.911,0.001,0.013,0.092,0,0,,0,,,,0,,,,,40,40,0,2,3,0,3,3,1,0,1,9,10,11,1,0,2,0,1,0,6224,0.038,0.068,0.008
190,3.722,3.592,0,0.003,0.025,0,0,,0,,,,0,,,,,40,40,0,2,3,0,3,3,1,0,1,9,10,11,1,0,2,0,1,0,6224,0.012,0.021,0.002
191,3.375,3.145,0,0.013,0.027,0,0,,0,,,,0,,,,,40,40,0,2,3,0,3,3,1,0,1,9,10,11,1,0,2,0,1,0,6224,0.03,0.029,0.004
192,2.655,2.432,0,0.006,0.022,0,0,,0,,,,0,,,,,40,40,0,2,3,0,3,3,1,0,1,9,10,11,1,0,2,0,1,0,6224,0.024,0.044,0.004
193,3.041,2.811,0.001,0.005,0.03,0,0,,0,,,,0,,,,,40,40,0,2,3,0,3,3,1,0,1,9,10,11,1,0,2,0,1,0,6224,0.023,0.041,0.005
194,2.945,2.746,0,0.007,0.033,0,0,,0,,,,0,,,,,40,40,0,2,3,0,3,3,1,0,1,9,10,11,1,0,2,0,1,0,6224,0.015,0.026,0.004
195,3.306,3.006,0.001,0.008,0.032,0,0,,0,,,,0,,,,,40,40,0,2,3,0,3,3,1,0,1,9,10,11,1,0,2,0,1,0,6224,0.03,0.05,0.005
196,2.317,2.047,0,0.005,0.049,0,0,,0,,,,0,,,,,40,40,0,2,3,0,3,3,1,0,1,9,10,11,1,0,2,0,1,0,6224,0.031,0.058,0.005
197,2.284,2.067,0,0.006,0.018,0,0,,0,,,,0,,,,,40,40,0,2,3,0,3,3,1,0,1,9,10,11,1,0,2,0,1,0,6224,0.026,0.045,0.004
198,3.22,3.008,0.001,0.005,0.036,0,0,,0,,,,0,,,,,40,40,0,2,3,0,3,3,1,0,1,9,10,11,1,0,2,0,1,0,6224,0.026,0.043,0.003
199,2.854,2.56,0,0.006,0.027,0,0,,0,,,,0,,,,,40,40,0,2,3,0,3,3,1,0,1,9,10,11,1,0,2,0,1,0,6224,0.029,0.054,0.007
200,3.058,2.766,0.001,0.01,0.037,0,0,,0,,,,0,,,,,40,40,0,2,3,0,3,3,1,0,1,9,10,11,1,0,2,0,1,0,6224,0.027,0.046,0.006
201,3.317,3.082,0,0.006,0.042,0,0,,0,,,,0,,,,,40,40,0,2,3,0,3,3,1,0,1,9,10,11,1,0,2,0,1,0,6224,0.027,0.049,0.004
202,2.197,2.032,0.001,0.003,0.036,0,0,,0,,,,0,,,,,40,40,0,2,3,0,3,3,1,0,1,9,10,11,1,0,2,0,1,0,6224,0.021,0.038,0.003
203,3.617,3.413,0.001,0.011,0.022,0,0,,0,,,,0,,,,,40,40,0,2,3,0,3,3,1,0,1,9,10,11,1,0,2,0,1,0,6224,0.029,0.034,0.003
204,3.146,2.825,0,0.007,0.031,0,0,,0,,,,0,,,,,40,40,0,2,3,0,3,3,1,0,1,9,10,11,1,0,2,0,1,0,6224,0.094,0.035,0.004
205,2.54,2.192,0.001,0.008,0.063,0,0,,0,,,,0,,,,,40,40,0,2,3,0,3,3,1,0,1,9,10,11,1,0,2,0,1,0,6224,0.035,0.062,0.007
206,2,1.842,0,0.004,0.029,0,0,,0,,,,0,,,,,40,40,0,2,3,0,3,3,1,0,1,9,10,11,1,0,2,0,1,0,6224,0.013,0.024,0.003
207,3.046,2.742,0.001,0.007,0.041,0,0,,0,,,,0,,,,,40,40,0,2,3,0,3,3,1,0,1,9,10,11,1,0,2,0,1,0,6224,0.035,0.066,0.005
208,2.283,2.033,0.001,0.005,0.041,0,0,,0,,,,0,,,,,40,40,0,2,3,0,3,3,1,0,1,9,10,11,1,0,2,0,1,0,6224,0.026,0.052,0.003
209,2.222,2.02,0,0.006,0.025,0,0,,0,,,,0,,,,,40,40,0,2,3,0,3,3,1,0,1,9,10,11,1,0,2,0,1,0,6224,0.027,0.049,0.004
210,2.591,2.4,0,0.007,0.026,0,0,,1,125,229998592,286613504,1,70948032,70948032,167755776,38823561584,40,40,0,2,3,0,3,3,1,0,1,9,10,11,1,0,2,0,1,0,6224,0.015,0.024,0.004
211,3,2.682,0,0.008,0.032,0,0,,0,,,,0,,,,,40,40,0,2,3,0,3,3,1,0,1,9,10,11,1,0,2,0,1,0,6224,0.033,0.058,0.006
212,2.982,2.781,0,0.006,0.029,0,0,,0,,,,0,,,,,40,40,0,2,3,0,3,3,1,0,1,9,10,11,1,0,2,0,1,0,6224,0.025,0.046,0.003
213,3.823,3.517,0,0.01,0.027,0,0,,0,,,,0,,,,,40,40,0,2,3,0,3,3,1,0,1,9,10,11,1,0,2,0,1,0,6224,0.036,0.063,0.007
214,2.65,2.447,0,0.006,0.032,0,0,,0,,,,0,,,,,40,40,0,2,3,0,3,3,1,0,1,9,10,11,1,0,2,0,1,0,6224,0.024,0.044,0.004
215,3.758,3.484,0,0.007,0.027,0,0,,0,,,,0,,,,,40,40,0,2,3,0,3,3,1,0,1,9,10,11,1,0,2,0,1,0,6224,0.033,0.056,0.007
216,3.847,2.914,0.001,0.006,0.074,0,0,,0,,,,0,,,,,40,40,0,2,3,0,3,3,1,0,1,9,10,11,1,0,2,0,1,0,6224,0.523,0.066,0.012
217,4.701,4.433,0.001,0.009,0.03,0,0,,0,,,,0,,,,,40,40,0,2,3,0,3,3,1,0,1,9,10,11,1,0,2,0,1,0,6224,0.028,0.049,0.007
218,3.958,3.682,0,0.01,0.033,0,0,,0,,,,0,,,,,40,40,0,2,3,0,3,3,1,0,1,9,10,11,1,0,2,0,1,0,6224,0.02,0.06,0.007
219,3.072,2.837,0,0.007,0.034,0,0,,0,,,,0,,,,,40,40,0,2,3,0,3,3,1,0,1,9,10,11,1,0,2,0,1,0,6224,0.028,0.041,0.004
220,3.505,2.902,0,0.003,0.024,0,0,,0,,,,0,,,,,40,40,0,2,3,0,3,3,1,0,1,9,10,11,1,0,2,0,1,0,6224,0.013,0.023,0.003
221,2.841,2.55,0,0.005,0.028,0,0,,0,,,,0,,,,,40,40,0,2,3,0,3,3,1,0,1,9,10,11,1,0,2,0,1,0,6224,0.015,0.051,0.008
222,4.062,3.731,0,0.009,0.03,0,0,,0,,,,0,,,,,40,40,0,2,3,0,3,3,1,0,1,9,10,11,1,0,2,0,1,0,6224,0.036,0.064,0.007
223,2.385,2.032,0,0.04,0.031,0,0,,0,,,,0,,,,,40,40,0,2,3,0,3,3,1,0,1,9,10,11,1,0,2,0,1,0,6224,0.039,0.066,0.007
224,2.054,1.846,0,0.005,0.037,0,0,,0,,,,0,,,,,40,40,0,2,3,0,3,3,1,0,1,9,10,11,1,0,2,0,1,0,6224,0.024,0.046,0.003
225,2.711,2.5,0,0.004,0.021,0,0,,0,,,,0,,,,,40,40,0,2,3,0,3,3,1,0,1,9,10,11,1,0,2,0,1,0,6224,0.028,0.052,0.004
226,4.067,3.767,0,0.01,0.027,0,0,,0,,,,0,,,,,40,40,0,2,3,0,3,3,1,0,1,9,10,11,1,0,2,0,1,0,6224,0.035,0.044,0.008
227,3.885,3.601,0,0.01,0.027,0,0,,0,,,,0,,,,,40,40,0,2,3,0,3,3,1,0,1,9,10,11,1,0,2,0,1,0,6224,0.035,0.044,0.006
228,3.801,3.485,0.001,0.007,0.029,0,0,,0,,,,0,,,,,40,40,0,2,3,0,3,3,1,0,1,9,10,11,1,0,2,0,1,0,6224,0.04,0.077,0.006
229,2.249,2.046,0.001,0.005,0.035,0,0,,0,,,,0,,,,,40,40,0,2,3,0,3,3,1,0,1,9,10,11,1,0,2,0,1,0,6224,0.03,0.045,0.003
230,4.353,3.801,0,0.011,0.176,0,0,,0,,,,0,,,,,40,40,0,2,3,0,3,3,1,0,1,9,10,11,1,0,2,0,1,0,6224,0.137,0.045,0.005
231,3.772,3.341,0.001,0.011,0.076,0,0,,0,,,,0,,,,,40,40,0,2,3,0,3,3,1,0,1,9,10,11,1,0,2,0,1,0,6224,0.037,0.064,0.01
232,2.481,2.298,0,0.004,0.029,0,0,,0,,,,0,,,,,40,40,0,2,3,0,3,3,1,0,1,9,10,11,1,0,2,0,1,0,6224,0.015,0.027,0.004
233,4.041,3.749,0,0.007,0.027,0,0,,0,,,,0,,,,,40,40,0,2,3,0,3,3,1,0,1,9,10,11,1,0,2,0,1,0,6224,0.031,0.054,0.006
234,3.214,2.997,0,0.006,0.029,0,0,,0,,,,0,,,,,40,40,0,2,3,0,3,3,1,0,1,9,10,11,1,0,2,0,1,0,6224,0.018,0.031,0.006
235,7.397,6.662,0.001,0.015,0.091,0,0,,0,,,,0,,,,,40,40,0,2,3,0,3,3,1,0,1,9,10,11,1,0,2,0,1,0,6224,0.046,0.093,0.01
236,5.498,5.198,0,0.031,0.031,0,0,,0,,,,0,,,,,40,40,0,2,3,0,3,3,1,0,1,9,10,11,1,0,2,0,1,0,6224,0.042,0.044,0.004
237,4.573,4.284,0.001,0.007,0.027,0,0,,0,,,,0,,,,,40,40,0,2,3,0,3,3,1,0,1,9,10,11,1,0,2,0,1,0,6224,0.029,0.053,0.006
238,3.404,3.068,0,0.007,0.063,0,0,,0,,,,0,,,,,40,40,0,2,3,0,3,3,1,0,1,9,10,11,1,0,2,0,1,0,6224,0.031,0.055,0.007
239,3.328,3.002,0,0.015,0.045,0,0,,0,,,,0,,,,,40,40,0,2,3,0,3,3,1,0,1,9,10,11,1,0,2,0,1,0,6224,0.03,0.051,0.007
240,3.687,3.491,0.001,0.004,0.038,0,0,,1,156.25,230006784,286613504,1,70948032,70948032,167755776,38823561584,40,40,0,2,3,0,3,3,1,0,1,9,10,11,1,0,2,0,1,0,6224,0.017,0.029,0.004
241,2.354,2.217,0,0.007,0.025,0,0,,0,,,,0,,,,,40,40,0,2,3,0,3,3,1,0,1,9,10,11,1,0,2,0,1,0,6224,0.013,0.021,0.002
242,4.161,3.913,0,0.008,0.031,0,0,,0,,,,0,,,,,40,40,0,2,3,0,3,3,1,0,1,9,10,11,1,0,2,0,1,0,6224,0.033,0.043,0.003
243,3.483,3.127,0.001,0.008,0.033,0,0,,0,,,,0,,,,,40,40,0,2,3,0,3,3,1,0,1,9,10,11,1,0,2,0,1,0,6224,0.035,0.06,0.007
244,3.349,3.013,0,0.009,0.037,0,0,,0,,,,0,,,,,40,40,0,2,3,0,3,3,1,0,1,9,10,11,1,0,2,0,1,0,6224,0.032,0.057,0.009
245,5.628,5.295,0,0.011,0.038,0,0,,0,,,,0,,,,,40,40,0,2,3,0,3,3,1,0,1,9,10,11,1,0,2,0,1,0,6224,0.038,0.069,0.005
246,7.244,6.994,0.001,0.015,0.031,0,0,,0,,,,0,,,,,40,40,0,2,3,0,3,3,1,0,1,9,10,11,1,0,2,0,1,0,6224,0.019,0.03,0.007
247,3.23,2.978,0,0.014,0.03,0,0,,0,,,,0,,,,,40,40,0,2,3,0,3,3,1,0,1,9,10,11,1,0,2,0,1,0,6224,0.018,0.033,0.006
248,3.893,3.62,0.001,0.011,0.024,0,0,,0,,,,0,,,,,40,40,0,2,3,0,3,3,1,0,1,9,10,11,1,0,2,0,1,0,6224,0.069,0.024,0.004
249,3.252,2.992,0.001,0.007,0.035,0,0,,0,,,,0,,,,,40,40,0,2,3,0,3,3,1,0,1,9,10,11,1,0,2,0,1,0,6224,0.033,0.05,0.004
250,5.886,5.463,0,0.012,0.068,0,0,,0,,,,0,,,,,40,40,0,2,3,0,3,3,1,0,1,9,10,11,1,0,2,0,1,0,6224,0.047,0.052,0.008
251,6.282,5.942,0,0.012,0.04,0,0,,0,,,,0,,,,,40,40,0,2,3,0,3,3,1,0,1,9,10,11,1,0,2,0,1,0,6224,0.039,0.063,0.007
252,2.201,1.87,0,0.011,0.03,0,0,,0,,,,0,,,,,40,40,0,2,3,0,3,3,1,0,1,9,10,11,1,0,2,0,1,0,6224,0.018,0.076,0.008
253,2.175,1.91,0.001,0.01,0.03,0,0,,0,,,,0,,,,,40,40,0,2,3,0,3,3,1,0,1,9,10,11,1,0,2,0,1,0,6224,0.041,0.056,0.004
254,2.822,2.616,0,0.006,0.022,0,0,,0,,,,0,,,,,40,40,0,2,3,0,3,3,1,0,1,9,10,11,1,0,2,0,1,0,6224,0.025,0.045,0.004
255,3,2.228,0,0.006,0.087,0,0,,0,,,,0,,,,,40,40,0,2,3,0,3,3,1,0,1,9,10,11,1,0,2,0,1,0,6224,0.037,0.064,0.01
256,1.791,1.533,0,0.006,0.03,0,0,,0,,,,0,,,,,40,40,0,2,3,0,3,3,1,0,1,9,10,11,1,0,2,0,1,0,6224,0.018,0.06,0.007
257,2.912,2.599,0.001,0.007,0.033,0,0,,0,,,,0,,,,,40,40,0,2,3,0,3,3,1,0,1,9,10,11,1,0,2,0,1,0,6224,0.038,0.065,0.007
258,6.009,5.292,0,0.006,0.522,0,0,,0,,,,0,,,,,40,40,0,2,3,0,3,3,1,0,1,9,10,11,1,0,2,0,1,0,6224,0.018,0.029,0.006
259,3.465,3.172,0,0.009,0.028,0,0,,0,,,,0,,,,,40,40,0,2,3,0,3,3,1,0,1,9,10,11,1,0,2,0,1,0,6224,0.034,0.063,0.007
260,5.215,4.945,0.001,0.008,0.029,0,0,,0,,,,0,,,,,40,40,0,2,3,0,3,3,1,0,1,9,10,11,1,0,2,0,1,0,6224,0.015,0.025,0.006
261,2.115,1.933,0,0.007,0.018,0,0,,0,,,,0,,,,,40,40,0,2,3,0,3,3,1,0,1,9,10,11,1,0,2,0,1,0,6224,0.031,0.032,0.002
262,2.727,2.567,0,0.009,0.023,0,0,,0,,,,0,,,,,40,40,0,2,3,0,3,3,1,0,1,9,10,11,1,0,2,0,1,0,6224,0.011,0.02,0.003
263,2.449,2.182,0,0.005,0.042,0,0,,0,,,,0,,,,,40,40,0,2,3,0,3,3,1,0,1,9,10,11,1,0,2,0,1,0,6224,0.018,0.053,0.005
264,3.54,3.322,0,0.007,0.024,0,0,,0,,,,0,,,,,40,40,0,2,3,0,3,3,1,0,1,9,10,11,1,0,2,0,1,0,6224,0.027,0.051,0.005
265,3.458,3.153,0,0.009,0.052,0,0,,0,,,,0,,,,,40,40,0,2,3,0,3,3,1,0,1,9,10,11,1,0,2,0,1,0,6224,0.022,0.036,0.008
266,16.209,15.788,0,0.011,0.05,0,0,,0,,,,0,,,,,40,40,0,2,3,0,3,3,1,0,1,9,10,11,1,0,2,0,1,0,6224,0.041,0.069,0.012
267,7.189,6.961,0,0.006,0.028,0,0,,0,,,,0,,,,,40,40,0,2,3,0,3,3,1,0,1,9,10,11,1,0,2,0,1,0,6224,0.013,0.022,0.006
268,3.382,3.044,0.001,0.006,0.037,0,0,,0,,,,0,,,,,40,40,0,2,3,0,3,3,1,0,1,9,10,11,1,0,2,0,1,0,6224,0.034,0.062,0.008
269,4.356,3.957,0,0.011,0.061,0,0,,0,,,,0,,,,,40,40,0,2,3,0,3,3,1,0,1,9,10,11,1,0,2,0,1,0,6224,0.038,0.067,0.008
270,3.134,2.821,0,0.01,0.024,0,0,,1,156.25,230023168,286613504,1,70948032,70948032,167755776,38823561584,40,40,0,2,3,0,3,3,1,0,1,9,10,11,1,0,2,0,1,0,6224,0.042,0.077,0.004
271,5.174,4.835,0,0.007,0.072,0,0,,0,,,,0,,,,,40,40,0,2,3,0,3,3,1,0,1,9,10,11,1,0,2,0,1,0,6224,0.022,0.037,0.008
272,3.14,2.932,0,0.005,0.04,0,0,,0,,,,0,,,,,40,40,0,2,3,0,3,3,1,0,1,9,10,11,1,0,2,0,1,0,6224,0.025,0.043,0.003
273,2.107,1.943,0.001,0.003,0.035,0,0,,0,,,,0,,,,,40,40,0,2,3,0,3,3,1,0,1,9,10,11,1,0,2,0,1,0,6224,0.021,0.039,0.002
274,7.468,7.005,0,0.01,0.071,0,0,,0,,,,0,,,,,40,40,0,2,3,0,3,3,1,0,1,9,10,11,1,0,2,0,1,0,6224,0.039,0.063,0.01
275,7.518,7.157,0,0.008,0.044,0,0,,0,,,,0,,,,,40,40,0,2,3,0,3,3,1,0,1,9,10,11,1,0,2,0,1,0,6224,0.021,0.035,0.009
276,6.562,6.225,0,0.009,0.042,0,0,,0,,,,0,,,,,40,40,0,2,3,0,3,3,1,0,1,9,10,11,1,0,2,0,1,0,6224,0.031,0.055,0.011
277,6.776,6.422,0.001,0.01,0.039,0,0,,0,,,,0,,,,,40,40,0,2,3,0,3,3,1,0,1,9,10,11,1,0,2,0,1,0,6224,0.032,0.056,0.009
278,3.463,3.07,0,0.013,0.043,0,0,,0,,,,0,,,,,40,40,0,2,3,0,3,3,1,0,1,9,10,11,1,0,2,0,1,0,6224,0.035,0.06,0.038
279,3.093,2.895,0,0.005,0.033,0,0,,0,,,,0,,,,,40,40,0,2,3,0,3,3,1,0,1,9,10,11,1,0,2,0,1,0,6224,0.023,0.041,0.004
280,3.252,2.94,0,0.006,0.034,0,0,,0,,,,0,,,,,40,40,0,2,3,0,3,3,1,0,1,9,10,11,1,0,2,0,1,0,6224,0.027,0.083,0.008
281,3.167,2.861,0,0.007,0.053,0,0,,0,,,,0,,,,,40,40,0,2,3,0,3,3,1,0,1,9,10,11,1,0,2,0,1,0,6224,0.022,0.04,0.008
282,4.252,3.942,0,0.009,0.039,0,0,,0,,,,0,,,,,40,40,0,2,3,0,3,3,1,0,1,9,10,11,1,0,2,0,1,0,6224,0.038,0.033,0.007
283,2.989,2.689,0,0.007,0.028,0,0,,0,,,,0,,,,,40,40,0,2,3,0,3,3,1,0,1,9,10,11,1,0,2,0,1,0,6224,0.038,0.073,0.005
284,2.679,2.317,0,0.009,0.04,0,0,,0,,,,0,,,,,40,40,0,2,3,0,3,3,1,0,1,9,10,11,1,0,2,0,1,0,6224,0.04,0.072,0.008
285,2.79,2.52,0,0.007,0.023,0,0,,0,,,,0,,,,,40,40,0,2,3,0,3,3,1,0,1,9,10,11,1,0,2,0,1,0,6224,0.037,0.068,0.006
286,3.953,3.56,0,0.01,0.049,0,0,,0,,,,0,,,,,40,40,0,2,3,0,3,3,1,0,1,9,10,11,1,0,2,0,1,0,6224,0.044,0.061,0.009
287,4.332,3.944,0.001,0.012,0.042,0,0,,0,,,,0,,,,,40,40,0,2,3,0,3,3,1,0,1,9,10,11,1,0,2,0,1,0,6224,0.051,0.049,0.007
288,3.295,3.076,0,0.008,0.036,0,0,,0,,,,0,,,,,40,40,0,2,3,0,3,3,1,0,1,9,10,11,1,0,2,0,1,0,6224,0.022,0.027,0.004
289,6.872,6.227,0.001,0.017,0.123,0,0,,0,,,,0,,,,,40,40,0,2,3,0,3,3,1,0,1,9,10,11,1,0,2,0,1,0,6224,0.054,0.096,0.014
290,6.703,6.335,0.001,0.012,0.044,0,0,,0,,,,0,,,,,40,40,0,2,3,0,3,3,1,0,1,9,10,11,1,0,2,0,1,0,6224,0.047,0.032,0.009
291,3.91,3.51,0,0.011,0.036,0,0,,0,,,,0,,,,,40,40,0,2,3,0,3,3,1,0,1,9,10,11,1,0,2,0,1,0,6224,0.046,0.074,0.007
292,3.081,2.669,0,0.01,0.087,0,0,,0,,,,0,,,,,40,40,0,2,3,0,3,3,1,0,1,9,10,11,1,0,2,0,1,0,6224,0.04,0.071,0.007
293,2.299,1.97,0,0.009,0.03,0,0,,0,,,,0,,,,,40,40,0,2,3,0,3,3,1,0,1,9,10,11,1,0,2,0,1,0,6224,0.042,0.06,0.006
294,2.287,2.015,0,0.006,0.04,0,0,,0,,,,0,,,,,40,40,0,2,3,0,3,3,1,0,1,9,10,11,1,0,2,0,1,0,6224,0.029,0.052,0.005
295,3.575,3.221,0.001,0.008,0.029,0,0,,0,,,,0,,,,,40,40,0,2,3,0,3,3,1,0,1,9,10,11,1,0,2,0,1,0,6224,0.035,0.065,0.009
296,2.255,2.034,0,0.007,0.034,0,0,,0,,,,0,,,,,40,40,0,2,3,0,3,3,1,0,1,9,10,11,1,0,2,0,1,0,6224,0.029,0.048,0.004
297,2.126,1.958,0,0.004,0.035,0,0,,0,,,,0,,,,,40,40,0,2,3,0,3,3,1,0,1,9,10,11,1,0,2,0,1,0,6224,0.022,0.04,0.002
298,3.52,3.161,0,0.009,0.035,0,0,,0,,,,0,,,,,40,40,0,2,3,0,3,3,1,0,1,9,10,11,1,0,2,0,1,0,6224,0.041,0.071,0.009
299,2.617,2.351,0,0.007,0.036,0,0,,0,,,,0,,,,,40,40,0,2,3,0,3,3,1,0,1,9,10,11,1,0,2,0,1,0,6224,0.025,0.045,0.006
300,2.394,2.139,0,0.011,0.028,0,0,,1,171.875,230031360,286613504,1,70948032,70948032,167755776,38823561584,40,40,0,2,3,0,3,3,1,0,1,9,10,11,1,0,2,0,1,0,6224,0.034,0.033,0.005
301,4.872,4.597,0,0.008,0.049,0,0,,0,,,,0,,,,,40,40,0,2,3,0,3,3,1,0,1,9,10,11,1,0,2,0,1,0,6224,0.019,0.034,0.008
302,3.278,3.047,0,0.006,0.034,0,0,,0,,,,0,,,,,40,40,0,2,3,0,3,3,1,0,1,9,10,11,1,0,2,0,1,0,6224,0.03,0.055,0.005
303,10.023,9.674,0,0.012,0.039,0,0,,0,,,,0,,,,,40,40,0,2,3,0,3,3,1,0,1,9,10,11,1,0,2,0,1,0,6224,0.041,0.035,0.007
304,6.23,5.969,0.001,0.007,0.034,0,0,,0,,,,0,,,,,40,40,0,2,3,0,3,3,1,0,1,9,10,11,1,0,2,0,1,0,6224,0.039,0.056,0.004
305,3.971,3.608,0,0.01,0.037,0,0,,0,,,,0,,,,,40,40,0,2,3,0,3,3,1,0,1,9,10,11,1,0,2,0,1,0,6224,0.035,0.061,0.009
306,3.109,2.834,0,0.008,0.036,0,0,,0,,,,0,,,,,40,40,0,2,3,0,3,3,1,0,1,9,10,11,1,0,2,0,1,0,6224,0.016,0.026,0.007
307,6.153,5.814,0.001,0.008,0.04,0,0,,0,,,,0,,,,,40,40,0,2,3,0,3,3,1,0,1,9,10,11,1,0,2,0,1,0,6224,0.035,0.063,0.01
308,5.989,5.687,0.001,0.008,0.049,0,0,,0,,,,0,,,,,40,40,0,2,3,0,3,3,1,0,1,9,10,11,1,0,2,0,1,0,6224,0.02,0.034,0.009
309,7.762,7.4,0.001,0.012,0.039,0,0,,0,,,,0,,,,,40,40,0,2,3,0,3,3,1,0,1,9,10,11,1,0,2,0,1,0,6224,0.035,0.062,0.012
310,7.87,7.489,0,0.011,0.044,0,0,,0,,,,0,,,,,40,40,0,2,3,0,3,3,1,0,1,9,10,11,1,0,2,0,1,0,6224,0.03,0.054,0.01
311,8.555,8.2,0.001,0.007,0.048,0,0,,0,,,,0,,,,,40,40,0,2,3,0,3,3,1,0,1,9,10,11,1,0,2,0,1,0,6224,0.032,0.054,0.01
312,7.722,7.402,0.001,0.011,0.044,0,0,,0,,,,0,,,,,40,40,0,2,3,0,3,3,1,0,1,9,10,11,1,0,2,0,1,0,6224,0.038,0.05,0.008
313,8.189,7.786,0.001,0.012,0.042,0,0,,0,,,,0,,,,,40,40,0,2,3,0,3,3,1,0,1,9,10,11,1,0,2,0,1,0,6224,0.047,0.073,0.009
314,8.226,7.825,0,0.011,0.05,0,0,,0,,,,0,,,,,40,40,0,2,3,0,3,3,1,0,1,9,10,11,1,0,2,0,1,0,6224,0.08,0.062,0.01
315,7.262,6.915,0,0.01,0.044,0,0,,0,,,,0,,,,,40,40,0,2,3,0,3,3,1,0,1,9,10,11,1,0,2,0,1,0,6224,0.029,0.05,0.01
316,6.026,5.626,0,0.012,0.04,0,0,,0,,,,0,,,,,40,40,0,2,3,0,3,3,1,0,1,9,10,11,1,0,2,0,1,0,6224,0.04,0.069,0.01
317,2.271,1.941,0,0.008,0.059,0,0,,0,,,,0,,,,,40,40,0,2,3,0,3,3,1,0,1,9,10,11,1,0,2,0,1,0,6224,0.035,0.066,0.006
318,2.911,2.57,0,0.008,0.044,0,0,,0,,,,0,,,,,40,40,0,2,3,0,3,3,1,0,1,9,10,11,1,0,2,0,1,0,6224,0.03,0.056,0.008
319,3.327,2.959,0.001,0.01,0.069,0,0,,0,,,,0,,,,,40,40,0,2,3,0,3,3,1,0,1,9,10,11,1,0,2,0,1,0,6224,0.032,0.052,0.009
320,2.142,1.927,0.001,0.005,0.044,0,0,,0,,,,0,,,,,40,40,0,2,3,0,3,3,1,0,1,9,10,11,1,0,2,0,1,0,6224,0.02,0.036,0.005
321,7.449,7.184,0.001,0.007,0.048,0,0,,0,,,,0,,,,,40,40,0,2,3,0,3,3,1,0,1,9,10,11,1,0,2,0,1,0,6224,0.017,0.03,0.009
322,4.788,4.468,0.001,0.011,0.057,0,0,,0,,,,0,,,,,40,40,0,2,3,0,3,3,1,0,1,9,10,11,1,0,2,0,1,0,6224,0.024,0.041,0.009
323,5.828,5.548,0,0.01,0.04,0,0,,0,,,,0,,,,,40,40,0,2,3,0,3,3,1,0,1,9,10,11,1,0,2,0,1,0,6224,0.022,0.034,0.009
324,5.739,5.275,0,0.012,0.05,0,0,,0,,,,0,,,,,40,40,0,2,3,0,3,3,1,0,1,9,10,11,1,0,2,0,1,0,6224,0.051,0.128,0.007
325,2.101,1.848,0.001,0.007,0.023,0,0,,0,,,,0,,,,,40,40,0,2,3,0,3,3,1,0,1,9,10,11,1,0,2,0,1,0,6224,0.037,0.066,0.005
326,4.046,3.682,0,0.005,0.089,0,0,,0,,,,0,,,,,40,40,0,2,3,0,3,3,1,0,1,9,10,11,1,0,2,0,1,0,6224,0.022,0.038,0.006
327,3.275,3.014,0.001,0.011,0.025,0,0,,0,,,,0,,,,,40,40,0,2,3,0,3,3,1,0,1,9,10,11,1,0,2,0,1,0,6224,0.037,0.026,0.005
328,8.172,7.645,0.001,0.014,0.108,0,0,,0,,,,0,,,,,40,40,0,2,3,0,3,3,1,0,1,9,10,11,1,0,2,0,1,0,6224,0.043,0.076,0.011
329,8.354,7.793,0,0.015,0.065,0,0,,0,,,,0,,,,,40,40,0,2,3,0,3,3,1,0,1,9,10,11,1,0,2,0,1,0,6224,0.043,0.075,0.013
330,6.385,5.937,0.001,0.008,0.096,0,0,,1,203.125,230039552,286613504,1,70948032,70948032,167755776,38823561584,40,40,0,2,3,0,3,3,1,0,1,9,10,11,1,0,2,0,1,0,6224,0.04,0.07,0.008
331,3.17,2.693,0.001,0.007,0.188,0,0,,0,,,,0,,,,,40,40,0,2,3,0,3,3,1,0,1,9,10,11,1,0,2,0,1,0,6224,0.036,0.065,0.006
332,7.306,6.398,0,0.016,0.087,0,0,,0,,,,0,,,,,40,40,0,2,3,0,3,3,1,0,1,9,10,11,1,0,2,0,1,0,6224,0.046,0.076,0.013
333,9.976,9.692,0.001,0.008,0.041,0,0,,0,,,,0,,,,,40,40,0,2,3,0,3,3,1,0,1,9,10,11,1,0,2,0,1,0,6224,0.019,0.031,0.009
334,11.206,10.799,0.001,0.011,0.052,0,0,,0,,,,0,,,,,40,40,0,2,3,0,3,3,1,0,1,9,10,11,1,0,2,0,1,0,6224,0.038,0.069,0.013
335,6.896,6.492,0,0.008,0.064,0,0,,0,,,,0,,,,,40,40,0,2,3,0,3,3,1,0,1,9,10,11,1,0,2,0,1,0,6224,0.025,0.06,0.011
336,6.571,6.26,0.001,0.011,0.052,0,0,,0,,,,0,,,,,40,40,0,2,3,0,3,3,1,0,1,9,10,11,1,0,2,0,1,0,6224,0.02,0.036,0.011
337,5.687,5.435,0.001,0.005,0.079,0,0,,0,,,,0,,,,,40,40,0,2,3,0,3,3,1,0,1,9,10,11,1,0,2,0,1,0,6224,0.02,0.035,0.005
338,2.081,1.761,0,0.007,0.047,0,0,,0,,,,0,,,,,40,40,0,2,3,0,3,3,1,0,1,9,10,11,1,0,2,0,1,0,6224,0.036,0.067,0.007
339,3.629,3.264,0,0.007,0.068,0,0,,0,,,,0,,,,,40,40,0,2,3,0,3,3,1,0,1,9,10,11,1,0,2,0,1,0,6224,0.026,0.078,0.008
340,1.819,1.6,0,0.006,0.041,0,0,,0,,,,0,,,,,40,40,0,2,3,0,3,3,1,0,1,9,10,11,1,0,2,0,1,0,6224,0.021,0.037,0.005
341,7.083,6.836,0,0.006,0.049,0,0,,0,,,,0,,,,,40,40,0,2,3,0,3,3,1,0,1,9,10,11,1,0,2,0,1,0,6224,0.02,0.056,0.005
342,2.936,2.723,0.001,0.004,0.053,0,0,,0,,,,0,,,,,40,40,0,2,3,0,3,3,1,0,1,9,10,11,1,0,2,0,1,0,6224,0.019,0.034,0.004
343,4.297,3.974,0.001,0.007,0.063,0,0,,0,,,,0,,,,,40,40,0,2,3,0,3,3,1,0,1,9,10,11,1,0,2,0,1,0,6224,0.028,0.049,0.006
344,3.212,2.919,0,0.008,0.051,0,0,,0,,,,0,,,,,40,40,0,2,3,0,3,3,1,0,1,9,10,11,1,0,2,0,1,0,6224,0.028,0.049,0.006
345,4.55,4.255,0.001,0.007,0.064,0,0,,0,,,,0,,,,,40,40,0,2,3,0,3,3,1,0,1,9,10,11,1,0,2,0,1,0,6224,0.027,0.049,0.005
346,3.33,2.958,0,0.008,0.07,0,0,,0,,,,0,,,,,40,40,0,2,3,0,3,3,1,0,1,9,10,11,1,0,2,0,1,0,6224,0.035,0.065,0.007
347,1.883,1.547,0,0.006,0.073,0,0,,0,,,,0,,,,,40,40,0,2,3,0,3,3,1,0,1,9,10,11,1,0,2,0,1,0,6224,0.031,0.055,0.006
348,3.502,3.135,0,0.012,0.071,0,0,,0,,,,0,,,,,40,40,0,2,3,0,3,3,1,0,1,9,10,11,1,0,2,0,1,0,6224,0.033,0.059,0.007
349,2.28,1.888,0.001,0.01,0.073,0,0,,0,,,,0,,,,,40,40,0,2,3,0,3,3,1,0,1,9,10,11,1,0,2,0,1,0,6224,0.033,0.06,0.008
350,1.741,1.442,0,0.005,0.062,0,0,,0,,,,0,,,,,40,40,0,2,3,0,3,3,1,0,1,9,10,11,1,0,2,0,1,0,6224,0.019,0.064,0.007
351,2.809,2.479,0,0.009,0.051,0,0,,0,,,,0,,,,,40,40,0,2,3,0,3,3,1,0,1,9,10,11,1,0,2,0,1,0,6224,0.028,0.048,0.007
352,6.402,6.114,0,0.011,0.058,0,0,,0,,,,0,,,,,40,40,0,2,3,0,3,3,1,0,1,9,10,11,1,0,2,0,1,0,6224,0.022,0.036,0.007
353,4.912,4.529,0,0.008,0.073,0,0,,0,,,,0,,,,,40,40,0,2,3,0,3,3,1,0,1,9,10,11,1,0,2,0,1,0,6224,0.024,0.04,0.009
354,3.319,2.926,0.001,0.008,0.048,0,0,,0,,,,0,,,,,40,40,0,2,3,0,3,3,1,0,1,9,10,11,1,0,2,0,1,0,6224,0.025,0.07,0.012
355,4.445,4.161,0,0.009,0.058,0,0,,0,,,,0,,,,,40,40,0,2,3,0,3,3,1,0,1,9,10,11,1,0,2,0,1,0,6224,0.022,0.037,0.008
356,5.01,4.659,0.001,0.009,0.045,0,0,,0,,,,0,,,,,40,40,0,2,3,0,3,3,1,0,1,9,10,11,1,0,2,0,1,0,6224,0.031,0.057,0.01
357,6.836,6.49,0,0.011,0.047,0,0,,0,,,,0,,,,,40,40,0,2,3,0,3,3,1,0,1,9,10,11,1,0,2,0,1,0,6224,0.032,0.047,0.009
358,6.313,6.086,0,0.006,0.037,0,0,,0,,,,0,,,,,40,40,0,2,3,0,3,3,1,0,1,9,10,11,1,0,2,0,1,0,6224,0.015,0.026,0.028
359,3.03,2.797,0,0.007,0.039,0,0,,0,,,,0,,,,,40,40,0,2,3,0,3,3,1,0,1,9,10,11,1,0,2,0,1,0,6224,0.017,0.03,0.006
360,4.423,4.16,0.001,0.007,0.046,0,0,,1,218.75,230047744,286613504,1,70948032,70948032,167755776,38823561584,40,40,0,2,3,0,3,3,1,0,1,9,10,11,1,0,2,0,1,0,6224,0.02,0.031,0.008
361,3.095,2.753,0.001,0.011,0.033,0,0,,0,,,,0,,,,,40,40,0,2,3,0,3,3,1,0,1,9,10,11,1,0,2,0,1,0,6224,0.035,0.063,0.01
362,6.465,6.054,0.001,0.012,0.048,0,0,,0,,,,0,,,,,40,40,0,2,3,0,3,3,1,0,1,9,10,11,1,0,2,0,1,0,6224,0.048,0.084,0.01
363,6.775,6.485,0,0.011,0.04,0,0,,0,,,,0,,,,,40,40,0,2,3,0,3,3,1,0,1,9,10,11,1,0,2,0,1,0,6224,0.035,0.032,0.009
364,6.969,6.542,0,0.01,0.043,0,0,,0,,,,0,,,,,40,40,0,2,3,0,3,3,1,0,1,9,10,11,1,0,2,0,1,0,6224,0.14,0.029,0.01
365,5.148,4.76,0.001,0.009,0.03,0,0,,0,,,,0,,,,,40,40,0,2,3,0,3,3,1,0,1,9,10,11,1,0,2,0,1,0,6224,0.076,0.079,0.01
366,7.076,6.728,0,0.011,0.038,0,0,,0,,,,0,,,,,40,40,0,2,3,0,3,3,1,0,1,9,10,11,1,0,2,0,1,0,6224,0.044,0.046,0.008
367,6.87,6.497,0.001,0.012,0.037,0,0,,0,,,,0,,,,,40,40,0,2,3,0,3,3,1,0,1,9,10,11,1,0,2,0,1,0,6224,0.034,0.087,0.01
368,3.921,3.62,0,0.007,0.043,0,0,,0,,,,0,,,,,40,40,0,2,3,0,3,3,1,0,1,9,10,11,1,0,2,0,1,0,6224,0.029,0.051,0.008
369,4.471,4.128,0,0.012,0.027,0,0,,0,,,,0,,,,,40,40,0,2,3,0,3,3,1,0,1,9,10,11,1,0,2,0,1,0,6224,0.04,0.074,0.009
370,4.262,3.944,0,0.009,0.028,0,0,,0,,,,0,,,,,40,40,0,2,3,0,3,3,1,0,1,9,10,11,1,0,2,0,1,0,6224,0.039,0.07,0.008
371,3.06,2.809,0,0.005,0.048,0,0,,0,,,,0,,,,,40,40,0,2,3,0,3,3,1,0,1,9,10,11,1,0,2,0,1,0,6224,0.029,0.055,0.004
372,3.039,2.846,0,0.004,0.039,0,0,,0,,,,0,,,,,40,40,0,2,3,0,3,3,1,0,1,9,10,11,1,0,2,0,1,0,6224,0.023,0.043,0.003
373,4.342,3.96,0,0.009,0.05,0,0,,0,,,,0,,,,,40,40,0,2,3,0,3,3,1,0,1,9,10,11,1,0,2,0,1,0,6224,0.036,0.063,0.008
374,4.429,4.108,0,0.011,0.035,0,0,,0,,,,0,,,,,40,40,0,2,3,0,3,3,1,0,1,9,10,11,1,0,2,0,1,0,6224,0.034,0.058,0.01
375,4.304,3.881,0.001,0.012,0.065,0,0,,0,,,,0,,,,,40,40,0,2,3,0,3,3,1,0,1,9,10,11,1,0,2,0,1,0,6224,0.046,0.067,0.008
376,2.568,2.299,0,0.009,0.024,0,0,,0,,,,0,,,,,40,40,0,2,3,0,3,3,1,0,1,9,10,11,1,0,2,0,1,0,6224,0.074,0.027,0.004
377,3.092,2.795,0,0.008,0.049,0,0,,0,,,,0,,,,,40,40,0,2,3,0,3,3,1,0,1,9,10,11,1,0,2,0,1,0,6224,0.03,0.057,0.004
378,3.172,2.885,0,0.007,0.031,0,0,,0,,,,0,,,,,40,40,0,2,3,0,3,3,1,0,1,9,10,11,1,0,2,0,1,0,6224,0.019,0.028,0.008
379,4.268,3.859,0.001,0.01,0.059,0,0,,0,,,,0,,,,,40,40,0,2,3,0,3,3,1,0,1,9,10,11,1,0,2,0,1,0,6224,0.039,0.064,0.01
380,2.933,2.678,0.001,0.006,0.044,0,0,,0,,,,0,,,,,40,40,0,2,3,0,3,3,1,0,1,9,10,11,1,0,2,0,1,0,6224,0.029,0.054,0.005
381,3.409,2.998,0,0.01,0.09,0,0,,0,,,,0,,,,,40,40,0,2,3,0,3,3,1,0,1,9,10,11,1,0,2,0,1,0,6224,0.034,0.062,0.008
382,3.81,3.252,0.001,0.012,0.106,0,0,,0,,,,0,,,,,40,40,0,2,3,0,3,3,1,0,1,9,10,11,1,0,2,0,1,0,6224,0.045,0.079,0.011
383,2.813,2.556,0,0.007,0.031,0,0,,0,,,,0,,,,,40,40,0,2,3,0,3,3,1,0,1,9,10,11,1,0,2,0,1,0,6224,0.021,0.036,0.009
384,3.288,2.914,0,0.01,0.031,0,0,,0,,,,0,,,,,40,40,0,2,3,0,3,3,1,0,1,9,10,11,1,0,2,0,1,0,6224,0.043,0.079,0.011
385,3.702,3.371,0,0.012,0.034,0,0,,0,,,,0,,,,,40,40,0,2,3,0,3,3,1,0,1,9,10,11,1,0,2,0,1,0,6224,0.043,0.055,0.007
386,3.365,3.008,0,0.01,0.046,0,0,,0,,,,0,,,,,40,40,0,2,3,0,3,3,1,0,1,9,10,11,1,0,2,0,1,0,6224,0.067,0.05,0.007
387,3.688,3.395,0,0.007,0.066,0,0,,0,,,,0,,,,,40,40,0,2,3,0,3,3,1,0,1,9,10,11,1,0,2,0,1,0,6224,0.026,0.061,0.007
388,3.135,2.776,0.001,0.009,0.045,0,0,,0,,,,0,,,,,40,40,0,2,3,0,3,3,1,0,1,9,10,11,1,0,2,0,1,0,6224,0.03,0.054,0.01
389,3.066,2.731,0,0.009,0.041,0,0,,0,,,,0,,,,,40,40,0,2,3,0,3,3,1,0,1,9,10,11,1,0,2,0,1,0,6224,0.031,0.058,0.015
390,3.629,3.293,0,0.012,0.042,0,0,,1,250,230117376,286613504,1,70948032,70948032,167755776,38823561584,40,40,0,2,3,0,3,3,1,0,1,9,10,11,1,0,2,0,1,0,6224,0.037,0.06,0.007
391,5.506,5.172,0.001,0.01,0.052,0,0,,0,,,,0,,,,,40,40,0,2,3,0,3,3,1,0,1,9,10,11,1,0,2,0,1,0,6224,0.033,0.04,0.008
392,6.683,6.294,0,0.011,0.043,0,0,,0,,,,0,,,,,40,40,0,2,3,0,3,3,1,0,1,9,10,11,1,0,2,0,1,0,6224,0.041,0.074,0.009
393,5.951,5.597,0,0.009,0.03,0,0,,0,,,,0,,,,,40,40,0,2,3,0,3,3,1,0,1,9,10,11,1,0,2,0,1,0,6224,0.036,0.067,0.008
394,4.716,4.392,0,0.008,0.035,0,0,,0,,,,0,,,,,40,40,0,2,3,0,3,3,1,0,1,9,10,11,1,0,2,0,1,0,6224,0.04,0.073,0.008
395,5.657,5.277,0,0.011,0.041,0,0,,0,,,,0,,,,,40,40,0,2,3,0,3,3,1,0,1,9,10,11,1,0,2,0,1,0,6224,0.039,0.07,0.01
396,4.412,4.068,0,0.012,0.04,0,0,,0,,,,0,,,,,40,40,0,2,3,0,3,3,1,0,1,9,10,11,1,0,2,0,1,0,6224,0.03,0.054,0.012
397,3.341,3.038,0,0.006,0.044,0,0,,0,,,,0,,,,,40,40,0,2,3,0,3,3,1,0,1,9,10,11,1,0,2,0,1,0,6224,0.02,0.036,0.007
398,3.716,3.304,0.001,0.005,0.052,0,0,,0,,,,0,,,,,40,40,0,2,3,0,3,3,1,0,1,9,10,11,1,0,2,0,1,0,6224,0.015,0.115,0.007
399,2.921,2.634,0,0.007,0.032,0,0,,0,,,,0,,,,,40,40,0,2,3,0,3,3,1,0,1,9,10,11,1,0,2,0,1,0,6224,0.027,0.049,0.006
400,3.471,3.145,0.001,0.012,0.025,0,0,,0,,,,0,,,,,40,40,0,2,3,0,3,3,1,0,1,9,10,11,1,0,2,0,1,0,6224,0.037,0.073,0.005
401,3.748,3.491,0.001,0.006,0.018,0,0,,0,,,,0,,,,,40,40,0,2,3,0,3,3,1,0,1,9,10,11,1,0,2,0,1,0,6224,0.03,0.092,0.004
402,3.177,2.865,0,0.011,0.033,0,0,,0,,,,0,,,,,40,40,0,2,3,0,3,3,1,0,1,9,10,11,1,0,2,0,1,0,6224,0.04,0.056,0.006
403,5.384,5.021,0.001,0.011,0.041,0,0,,0,,,,0,,,,,40,40,0,2,3,0,3,3,1,0,1,9,10,11,1,0,2,0,1,0,6224,0.036,0.062,0.011
404,3.062,2.841,0,0.006,0.026,0,0,,0,,,,0,,,,,40,40,0,2,3,0,3,3,1,0,1,9,10,11,1,0,2,0,1,0,6224,0.027,0.049,0.004
405,2.621,2.334,0,0.007,0.048,0,0,,0,,,,0,,,,,40,40,0,2,3,0,3,3,1,0,1,9,10,11,1,0,2,0,1,0,6224,0.032,0.058,0.004
406,2.612,2.063,0,0.005,0.052,0,0,,0,,,,0,,,,,40,40,0,2,3,0,3,3,1,0,1,9,10,11,1,0,2,0,1,0,6224,0.025,0.265,0.014
407,2.084,1.838,0,0.015,0.027,0,0,,0,,,,0,,,,,40,40,0,2,3,0,3,3,1,0,1,9,10,11,1,0,2,0,1,0,6224,0.03,0.035,0.004
408,3.623,3.403,0,0.004,0.083,0,0,,0,,,,0,,,,,40,40,0,2,3,0,3,3,1,0,1,9,10,11,1,0,2,0,1,0,6224,0.014,0.023,0.004
409,3.166,2.859,0,0.008,0.038,0,0,,0,,,,0,,,,,40,40,0,2,3,0,3,3,1,0,1,9,10,11,1,0,2,0,1,0,6224,0.017,0.029,0.008
410,3.107,2.785,0,0.011,0.046,0,0,,0,,,,0,,,,,40,40,0,2,3,0,3,3,1,0,1,9,10,11,1,0,2,0,1,0,6224,0.04,0.025,0.007
411,4.724,4.546,0,0.005,0.037,0,0,,0,,,,0,,,,,40,40,0,2,3,0,3,3,1,0,1,9,10,11,1,0,2,0,1,0,6224,0.013,0.025,0.003
412,3.879,3.59,0,0.011,0.03,0,0,,0,,,,0,,,,,40,40,0,2,3,0,3,3,1,0,1,9,10,11,1,0,2,0,1,0,6224,0.031,0.055,0.007
413,2.891,2.077,0,0.007,0.102,0,0,,0,,,,0,,,,,40,40,0,2,3,0,3,3,1,0,1,9,10,11,1,0,2,0,1,0,6224,0.035,0.45,0.009
414,2.462,2.281,0,0.003,0.035,0,0,,0,,,,0,,,,,40,40,0,2,3,0,3,3,1,0,1,9,10,11,1,0,2,0,1,0,6224,0.012,0.022,0.003
415,3.19,2.869,0,0.012,0.031,0,0,,0,,,,0,,,,,40,40,0,2,3,0,3,3,1,0,1,9,10,11,1,0,2,0,1,0,6224,0.039,0.07,0.007
416,2.454,2.307,0,0.006,0.025,0,0,,0,,,,0,,,,,40,40,0,2,3,0,3,3,1,0,1,9,10,11,1,0,2,0,1,0,6224,0.014,0.022,0.003
417,3.016,2.741,0,0.004,0.022,0,0,,0,,,,0,,,,,40,40,0,2,3,0,3,3,1,0,1,9,10,11,1,0,2,0,1,0,6224,0.026,0.048,0.005
418,3.311,3.028,0,0.009,0.027,0,0,,0,,,,0,,,,,40,40,0,2,3,0,3,3,1,0,1,9,10,11,1,0,2,0,1,0,6224,0.029,0.054,0.006
419,2.664,2.439,0,0.005,0.037,0,0,,0,,,,0,,,,,40,40,0,2,3,0,3,3,1,0,1,9,10,11,1,0,2,0,1,0,6224,0.017,0.033,0.005
420,2.535,2.21,0.001,0.005,0.034,0,0,,1,250,230117376,286613504,1,70948032,70948032,167755776,38823561584,40,40,0,2,3,0,3,3,1,0,1,9,10,11,1,0,2,0,1,0,6224,0.02,0.03,0.007
421,3.074,2.891,0.001,0.005,0.033,0,0,,0,,,,0,,,,,40,40,0,2,3,0,3,3,1,0,1,9,10,11,1,0,2,0,1,0,6224,0.013,0.036,0.004
422,3.725,3.462,0,0.004,0.034,0,0,,0,,,,0,,,,,40,40,0,2,3,0,3,3,1,0,1,9,10,11,1,0,2,0,1,0,6224,0.014,0.081,0.006
423,2.128,1.938,0,0.005,0.029,0,0,,0,,,,0,,,,,40,40,0,2,3,0,3,3,1,0,1,9,10,11,1,0,2,0,1,0,6224,0.016,0.028,0.004
424,4.844,4.587,0,0.007,0.052,0,0,,0,,,,0,,,,,40,40,0,2,3,0,3,3,1,0,1,9,10,11,1,0,2,0,1,0,6224,0.016,0.028,0.008
425,7.006,6.734,0.001,0.007,0.046,0,0,,0,,,,0,,,,,40,40,0,2,3,0,3,3,1,0,1,9,10,11,1,0,2,0,1,0,6224,0.018,0.033,0.01
426,6.606,6.27,0,0.011,0.053,0,0,,0,,,,0,,,,,40,40,0,2,3,0,3,3,1,0,1,9,10,11,1,0,2,0,1,0,6224,0.033,0.031,0.008
427,7.026,6.74,0,0.008,0.044,0,0,,0,,,,0,,,,,40,40,0,2,3,0,3,3,1,0,1,9,10,11,1,0,2,0,1,0,6224,0.019,0.03,0.009
428,12.54,12.104,0,0.012,0.098,0,0,,0,,,,0,,,,,40,40,0,2,3,0,3,3,1,0,1,9,10,11,1,0,2,0,1,0,6224,0.029,0.052,0.01
429,6.042,5.678,0.001,0.012,0.071,0,0,,0,,,,0,,,,,40,40,0,2,3,0,3,3,1,0,1,9,10,11,1,0,2,0,1,0,6224,0.025,0.042,0.01
430,6.504,6.047,0,0.012,0.064,0,0,,0,,,,0,,,,,40,40,0,2,3,0,3,3,1,0,1,9,10,11,1,0,2,0,1,0,6224,0.046,0.081,0.01
431,6.888,6.442,0,0.013,0.055,0,0,,0,,,,0,,,,,40,40,0,2,3,0,3,3,1,0,1,9,10,11,1,0,2,0,1,0,6224,0.044,0.074,0.013
432,5.967,5.613,0.001,0.009,0.035,0,0,,0,,,,0,,,,,40,40,0,2,3,0,3,3,1,0,1,9,10,11,1,0,2,0,1,0,6224,0.035,0.102,0.01
433,6.955,6.645,0,0.009,0.053,0,0,,0,,,,0,,,,,40,40,0,2,3,0,3,3,1,0,1,9,10,11,1,0,2,0,1,0,6224,0.02,0.034,0.009
434,6.373,6.023,0.001,0.012,0.036,0,0,,0,,,,0,,,,,40,40,0,2,3,0,3,3,1,0,1,9,10,11,1,0,2,0,1,0,6224,0.037,0.05,0.009
435,6.752,6.498,0.001,0.01,0.033,0,0,,0,,,,0,,,,,40,40,0,2,3,0,3,3,1,0,1,9,10,11,1,0,2,0,1,0,6224,0.021,0.034,0.007
436,8.249,7.901,0,0.01,0.052,0,0,,0,,,,0,,,,,40,40,0,2,3,0,3,3,1,0,1,9,10,11,1,0,2,0,1,0,6224,0.03,0.04,0.01
437,7.936,7.563,0,0.011,0.052,0,0,,0,,,,0,,,,,40,40,0,2,3,0,3,3,1,0,1,9,10,11,1,0,2,0,1,0,6224,0.028,0.05,0.01
438,8.329,7.975,0.001,0.01,0.055,0,0,,0,,,,0,,,,,40,40,0,2,3,0,3,3,1,0,1,9,10,11,1,0,2,0,1,0,6224,0.024,0.04,0.011
439,6.467,6.037,0,0.012,0.046,0,0,,0,,,,0,,,,,40,40,0,2,3,0,3,3,1,0,1,9,10,11,1,0,2,0,1,0,6224,0.043,0.077,0.012
440,9.202,8.748,0.001,0.012,0.108,0,0,,0,,,,0,,,,,40,40,0,2,3,0,3,3,1,0,1,9,10,11,1,0,2,0,1,0,6224,0.028,0.048,0.011
441,6.718,6.296,0,0.012,0.089,0,0,,0,,,,0,,,,,40,40,0,2,3,0,3,3,1,0,1,9,10,11,1,0,2,0,1,0,6224,0.031,0.058,0.009
442,3.049,2.812,0,0.007,0.053,0,0,,0,,,,0,,,,,40,40,0,2,3,0,3,3,1,0,1,9,10,11,1,0,2,0,1,0,6224,0.02,0.036,0.005
443,5.252,4.933,0,0.009,0.035,0,0,,0,,,,0,,,,,40,40,0,2,3,0,3,3,1,0,1,9,10,11,1,0,2,0,1,0,6224,0.037,0.054,0.006
444,7.206,6.621,0,0.019,0.11,0,0,,0,,,,0,,,,,40,40,0,2,3,0,3,3,1,0,1,9,10,11,1,0,2,0,1,0,6224,0.05,0.088,0.013
445,5.455,5.167,0,0.024,0.058,0,0,,0,,,,0,,,,,40,40,0,2,3,0,3,3,1,0,1,9,10,11,1,0,2,0,1,0,6224,0.019,0.035,0.007
446,6.162,5.781,0.001,0.01,0.073,0,0,,0,,,,0,,,,,40,40,0,2,3,0,3,3,1,0,1,9,10,11,1,0,2,0,1,0,6224,0.025,0.051,0.01
447,5.42,5.166,0,0.008,0.046,0,0,,0,,,,0,,,,,40,40,0,2,3,0,3,3,1,0,1,9,10,11,1,0,2,0,1,0,6224,0.02,0.038,0.006
448,7.335,6.939,0,0.013,0.072,0,0,,0,,,,0,,,,,40,40,0,2,3,0,3,3,1,0,1,9,10,11,1,0,2,0,1,0,6224,0.026,0.055,0.01
449,5.459,5.121,0,0.01,0.055,0,0,,0,,,,0,,,,,40,40,0,2,3,0,3,3,1,0,1,9,10,11,1,0,2,0,1,0,6224,0.026,0.042,0.01
450,6.486,6.188,0,0.008,0.059,0,0,,1,281.25,230117376,286613504,1,70948032,70948032,167755776,38823561584,40,40,0,2,3,0,3,3,1,0,1,9,10,11,1,0,2,0,1,0,6224,0.023,0.04,0.008
451,6.25,5.87,0.001,0.013,0.062,0,0,,0,,,,0,,,,,40,40,0,2,3,0,3,3,1,0,1,9,10,11,1,0,2,0,1,0,6224,0.032,0.048,0.011
452,7.152,6.866,0,0.009,0.054,0,0,,0,,,,0,,,,,40,40,0,2,3,0,3,3,1,0,1,9,10,11,1,0,2,0,1,0,6224,0.022,0.038,0.007
453,7.372,6.961,0,0.012,0.047,0,0,,0,,,,0,,,,,40,40,0,2,3,0,3,3,1,0,1,9,10,11,1,0,2,0,1,0,6224,0.047,0.054,0.01
454,8.305,7.814,0,0.011,0.082,0,0,,0,,,,0,,,,,40,40,0,2,3,0,3,3,1,0,1,9,10,11,1,0,2,0,1,0,6224,0.038,0.07,0.012
455,16.998,16.665,0.001,0.01,0.057,0,0,,0,,,,0,,,,,40,40,0,2,3,0,3,3,1,0,1,9,10,11,1,0,2,0,1,0,6224,0.023,0.039,0.01
456,3.214,2.889,0.001,0.008,0.079,0,0,,0,,,,0,,,,,40,40,0,2,3,0,3,3,1,0,1,9,10,11,1,0,2,0,1,0,6224,0.034,0.038,0.007
457,3.669,3.444,0,0.006,0.048,0,0,,0,,,,0,,,,,40,40,0,2,3,0,3,3,1,0,1,9,10,11,1,0,2,0,1,0,6224,0.019,0.033,0.005
458,2.454,2.161,0.001,0.006,0.062,0,0,,0,,,,0,,,,,40,40,0,2,3,0,3,3,1,0,1,9,10,11,1,0,2,0,1,0,6224,0.022,0.04,0.006
459,2.533,2.204,0,0.008,0.08,0,0,,0,,,,0,,,,,40,40,0,2,3,0,3,3,1,0,1,9,10,11,1,0,2,0,1,0,6224,0.028,0.048,0.008
460,3.22,2.942,0.001,0.007,0.054,0,0,,0,,,,0,,,,,40,40,0,2,3,0,3,3,1,0,1,9,10,11,1,0,2,0,1,0,6224,0.023,0.042,0.007
461,2.207,1.907,0,0.008,0.061,0,0,,0,,,,0,,,,,40,40,0,2,3,0,3,3,1,0,1,9,10,11,1,0,2,0,1,0,6224,0.027,0.049,0.007
462,2.297,1.985,0,0.007,0.056,0,0,,0,,,,0,,,,,40,40,0,2,3,0,3,3,1,0,1,9,10,11,1,0,2,0,1,0,6224,0.027,0.048,0.007
463,2.461,2.088,0,0.016,0.052,0,0,,0,,,,0,,,,,40,40,0,2,3,0,3,3,1,0,1,9,10,11,1,0,2,0,1,0,6224,0.035,0.044,0.009
464,8.598,8.132,0.001,0.009,0.101,0,0,,0,,,,0,,,,,40,40,0,2,3,0,3,3,1,0,1,9,10,11,1,0,2,0,1,0,6224,0.039,0.074,0.012
465,7.243,6.887,0,0.011,0.068,0,0,,0,,,,0,,,,,40,40,0,2,3,0,3,3,1,0,1,9,10,11,1,0,2,0,1,0,6224,0.024,0.041,0.027
466,20.581,20.225,0,0.009,0.054,0,0,,0,,,,0,,,,,40,40,0,2,3,0,3,3,1,0,1,9,10,11,1,0,2,0,1,0,6224,0.025,0.043,0.011
467,5.69,5.362,0,0.008,0.032,0,0,,0,,,,0,,,,,40,40,0,2,3,0,3,3,1,0,1,9,10,11,1,0,2,0,1,0,6224,0.035,0.061,0.01
468,6.347,5.887,0.001,0.013,0.044,0,0,,0,,,,0,,,,,40,40,0,2,3,0,3,3,1,0,1,9,10,11,1,0,2,0,1,0,6224,0.102,0.056,0.007
469,7.752,7.205,0,0.015,0.076,0,0,,0,,,,0,,,,,40,40,0,2,3,0,3,3,1,0,1,9,10,11,1,0,2,0,1,0,6224,0.038,0.057,0.011
470,6.189,5.783,0,0.011,0.052,0,0,,0,,,,0,,,,,40,40,0,2,3,0,3,3,1,0,1,9,10,11,1,0,2,0,1,0,6224,0.038,0.068,0.01
471,16.285,15.925,0.001,0.011,0.061,0,0,,0,,,,0,,,,,40,40,0,2,3,0,3,3,1,0,1,9,10,11,1,0,2,0,1,0,6224,0.022,0.054,0.01
472,6.804,6.467,0.001,0.008,0.059,0,0,,0,,,,0,,,,,40,40,0,2,3,0,3,3,1,0,1,9,10,11,1,0,2,0,1,0,6224,0.019,0.042,0.009
473,5.502,5.149,0.001,0.01,0.069,0,0,,0,,,,0,,,,,40,40,0,2,3,0,3,3,1,0,1,9,10,11,1,0,2,0,1,0,6224,0.025,0.05,0.01
474,6.675,6.421,0,0.007,0.051,0,0,,0,,,,0,,,,,40,40,0,2,3,0,3,3,1,0,1,9,10,11,1,0,2,0,1,0,6224,0.019,0.032,0.007
475,7.111,6.819,0,0.009,0.05,0,0,,0,,,,0,,,,,40,40,0,2,3,0,3,3,1,0,1,9,10,11,1,0,2,0,1,0,6224,0.022,0.039,0.009
476,5.467,5.263,0,0.006,0.037,0,0,,0,,,,0,,,,,40,40,0,2,3,0,3,3,1,0,1,9,10,11,1,0,2,0,1,0,6224,0.017,0.028,0.006
477,6.765,6.481,0,0.008,0.057,0,0,,0,,,,0,,,,,40,40,0,2,3,0,3,3,1,0,1,9,10,11,1,0,2,0,1,0,6224,0.022,0.036,0.008
478,4.909,4.493,0.001,0.013,0.067,0,0,,0,,,,0,,,,,40,40,0,2,3,0,3,3,1,0,1,9,10,11,1,0,2,0,1,0,6224,0.03,0.054,0.012
479,9.942,9.409,0.001,0.014,0.09,0,0,,0,,,,0,,,,,40,40,0,2,3,0,3,3,1,0,1,9,10,11,1,0,2,0,1,0,6224,0.049,0.085,0.012
480,4.515,4.159,0.001,0.01,0.071,0,0,,1,296.875,230117376,286613504,1,70948032,70948032,167755776,38823561584,40,40,0,2,3,0,3,3,1,0,1,9,10,11,1,0,2,0,1,0,6224,0.028,0.05,0.01
481,2.282,2.056,0.001,0.005,0.043,0,0,,0,,,,0,,,,,40,40,0,2,3,0,3,3,1,0,1,9,10,11,1,0,2,0,1,0,6224,0.021,0.038,0.006
482,3.752,3.587,0,0.004,0.032,0,0,,0,,,,0,,,,,40,40,0,2,3,0,3,3,1,0,1,9,10,11,1,0,2,0,1,0,6224,0.016,0.029,0.004
483,3.754,3.536,0,0.027,0.045,0,0,,0,,,,0,,,,,40,40,0,2,3,0,3,3,1,0,1,9,10,11,1,0,2,0,1,0,6224,0.018,0.032,0.004
484,3.372,3.128,0,0.006,0.055,0,0,,0,,,,0,,,,,40,40,0,2,3,0,3,3,1,0,1,9,10,11,1,0,2,0,1,0,6224,0.022,0.038,0.005
485,2.931,2.545,0,0.01,0.092,0,0,,0,,,,0,,,,,40,40,0,2,3,0,3,3,1,0,1,9,10,11,1,0,2,0,1,0,6224,0.029,0.052,0.007
486,2.853,2.573,0,0.007,0.035,0,0,,0,,,,0,,,,,40,40,0,2,3,0,3,3,1,0,1,9,10,11,1,0,2,0,1,0,6224,0.023,0.043,0.007
487,2.798,2.463,0,0.008,0.053,0,0,,0,,,,0,,,,,40,40,0,2,3,0,3,3,1,0,1,9,10,11,1,0,2,0,1,0,6224,0.036,0.037,0.008
488,3.187,2.859,0,0.006,0.068,0,0,,0,,,,0,,,,,40,40,0,2,3,0,3,3,1,0,1,9,10,11,1,0,2,0,1,0,6224,0.024,0.064,0.006
489,3.039,2.73,0,0.012,0.064,0,0,,0,,,,0,,,,,40,40,0,2,3,0,3,3,1,0,1,9,10,11,1,0,2,0,1,0,6224,0.03,0.047,0.006
490,4.309,4.053,0,0.006,0.054,0,0,,0,,,,0,,,,,40,40,0,2,3,0,3,3,1,0,1,9,10,11,1,0,2,0,1,0,6224,0.023,0.039,0.006
491,4.66,4.42,0.001,0.006,0.047,0,0,,0,,,,0,,,,,40,40,0,2,3,0,3,3,1,0,1,9,10,11,1,0,2,0,1,0,6224,0.02,0.035,0.006
492,3.95,3.43,0.001,0.01,0.118,0,0,,0,,,,0,,,,,40,40,0,2,3,0,3,3,1,0,1,9,10,11,1,0,2,0,1,0,6224,0.049,0.09,0.008
493,2.592,2.399,0,0.004,0.043,0,0,,0,,,,0,,,,,40,40,0,2,3,0,3,3,1,0,1,9,10,11,1,0,2,0,1,0,6224,0.017,0.03,0.004
494,2.777,2.505,0,0.006,0.052,0,0,,0,,,,0,,,,,40,40,0,2,3,0,3,3,1,0,1,9,10,11,1,0,2,0,1,0,6224,0.027,0.05,0.005
495,2.407,2.145,0,0.008,0.054,0,0,,0,,,,0,,,,,40,40,0,2,3,0,3,3,1,0,1,9,10,11,1,0,2,0,1,0,6224,0.023,0.042,0.004
496,2.742,2.453,0,0.011,0.054,0,0,,0,,,,0,,,,,40,40,0,2,3,0,3,3,1,0,1,9,10,11,1,0,2,0,1,0,6224,0.025,0.04,0.023
497,2.973,2.75,0,0.005,0.047,0,0,,0,,,,0,,,,,40,40,0,2,3,0,3,3,1,0,1,9,10,11,1,0,2,0,1,0,6224,0.02,0.037,0.005
498,1.96,1.704,0.001,0.007,0.045,0,0,,0,,,,0,,,,,40,40,0,2,3,0,3,3,1,0,1,9,10,11,1,0,2,0,1,0,6224,0.04,0.036,0.002
499,2.348,2.097,0,0.006,0.036,0,0,,0,,,,0,,,,,40,40,0,2,3,0,3,3,1,0,1,9,10,11,1,0,2,0,1,0,6224,0.039,0.059,0.002
500,2.57,2.349,0,0.004,0.046,0,0,,0,,,,0,,,,,40,40,0,2,3,0,3,3,1,0,1,9,10,11,1,0,2,0,1,0,6224,0.024,0.042,0.004
501,3.542,3.277,0,0.007,0.03,0,0,,0,,,,0,,,,,40,40,0,2,3,0,3,3,1,0,1,9,10,11,1,0,2,0,1,0,6224,0.038,0.069,0.006
502,2.378,2.008,0,0.008,0.058,0,0,,0,,,,0,,,,,40,40,0,2,3,0,3,3,1,0,1,9,10,11,1,0,2,0,1,0,6224,0.041,0.072,0.008
503,2.082,1.85,0,0.006,0.038,0,0,,0,,,,0,,,,,40,40,0,2,3,0,3,3,1,0,1,9,10,11,1,0,2,0,1,0,6224,0.023,0.045,0.005
504,2.858,2.582,0,0.008,0.038,0,0,,0,,,,0,,,,,40,40,0,2,3,0,3,3,1,0,1,9,10,11,1,0,2,0,1,0,6224,0.042,0.068,0.003
505,2.376,2.102,0,0.006,0.056,0,0,,0,,,,0,,,,,40,40,0,2,3,0,3,3,1,0,1,9,10,11,1,0,2,0,1,0,6224,0.03,0.052,0.003
506,2.525,2.181,0,0.007,0.073,0,0,,0,,,,0,,,,,40,40,0,2,3,0,3,3,1,0,1,9,10,11,1,0,2,0,1,0,6224,0.038,0.07,0.005
507,2.76,2.519,0,0.006,0.05,0,0,,0,,,,0,,,,,40,40,0,2,3,0,3,3,1,0,1,9,10,11,1,0,2,0,1,0,6224,0.02,0.035,0.006
508,2.667,2.402,0,0.006,0.062,0,0,,0,,,,0,,,,,40,40,0,2,3,0,3,3,1,0,1,9,10,11,1,0,2,0,1,0,6224,0.021,0.038,0.006
509,3.166,2.825,0,0.009,0.06,0,0,,0,,,,0,,,,,40,40,0,2,3,0,3,3,1,0,1,9,10,11,1,0,2,0,1,0,6224,0.029,0.051,0.01
510,2.966,2.701,0.001,0.007,0.043,0,0,,1,328.125,230117376,286613504,1,70948032,70948032,167755776,38823561584,40,40,0,2,3,0,3,3,1,0,1,9,10,11,1,0,2,0,1,0,6224,0.02,0.036,0.007
511,3.922,3.546,0,0.011,0.086,0,0,,0,,,,0,,,,,40,40,0,2,3,0,3,3,1,0,1,9,10,11,1,0,2,0,1,0,6224,0.027,0.05,0.009
512,3.293,2.951,0,0.01,0.07,0,0,,0,,,,0,,,,,40,40,0,2,3,0,3,3,1,0,1,9,10,11,1,0,2,0,1,0,6224,0.028,0.049,0.009
513,3.778,3.498,0,0.008,0.051,0,0,,0,,,,0,,,,,40,40,0,2,3,0,3,3,1,0,1,9,10,11,1,0,2,0,1,0,6224,0.021,0.037,0.009
514,3.115,2.683,0,0.01,0.042,0,0,,0,,,,0,,,,,40,40,0,2,3,0,3,3,1,0,1,9,10,11,1,0,2,0,1,0,6224,0.038,0.057,0.01
515,3.034,2.701,0.001,0.008,0.055,0,0,,0,,,,0,,,,,40,40,0,2,3,0,3,3,1,0,1,9,10,11,1,0,2,0,1,0,6224,0.026,0.05,0.007
516,4.291,3.983,0,0.011,0.059,0,0,,0,,,,0,,,,,40,40,0,2,3,0,3,3,1,0,1,9,10,11,1,0,2,0,1,0,6224,0.024,0.04,0.01
517,6.704,6.296,0.001,0.011,0.106,0,0,,0,,,,0,,,,,40,40,0,2,3,0,3,3,1,0,1,9,10,11,1,0,2,0,1,0,6224,0.028,0.042,0.012
518,1.989,1.785,0.001,0.004,0.037,0,0,,0,,,,0,,,,,40,40,0,2,3,0,3,3,1,0,1,9,10,11,1,0,2,0,1,0,6224,0.017,0.033,0.008
519,2.699,2.494,0.001,0.004,0.053,0,0,,0,,,,0,,,,,40,40,0,2,3,0,3,3,1,0,1,9,10,11,1,0,2,0,1,0,6224,0.019,0.033,0.004
520,2.095,1.81,0.001,0.005,0.046,0,0,,0,,,,0,,,,,40,40,0,2,3,0,3,3,1,0,1,9,10,11,1,0,2,0,1,0,6224,0.025,0.048,0.005
521,2.886,2.548,0,0.007,0.045,0,0,,0,,,,0,,,,,40,40,0,2,3,0,3,3,1,0,1,9,10,11,1,0,2,0,1,0,6224,0.032,0.058,0.006
522,4.751,4.366,0,0.014,0.049,0,0,,0,,,,0,,,,,40,40,0,2,3,0,3,3,1,0,1,9,10,11,1,0,2,0,1,0,6224,0.046,0.078,0.008
523,4.142,3.766,0,0.009,0.051,0,0,,0,,,,0,,,,,40,40,0,2,3,0,3,3,1,0,1,9,10,11,1,0,2,0,1,0,6224,0.041,0.073,0.008
524,3.085,2.728,0,0.01,0.045,0,0,,0,,,,0,,,,,40,40,0,2,3,0,3,3,1,0,1,9,10,11,1,0,2,0,1,0,6224,0.037,0.068,0.007
525,2.307,1.984,0,0.007,0.068,0,0,,0,,,,0,,,,,40,40,0,2,3,0,3,3,1,0,1,9,10,11,1,0,2,0,1,0,6224,0.034,0.062,0.005
526,2.297,2.012,0.001,0.005,0.06,0,0,,0,,,,0,,,,,40,40,0,2,3,0,3,3,1,0,1,9,10,11,1,0,2,0,1,0,6224,0.033,0.059,0.005
527,2.958,2.636,0,0.008,0.045,0,0,,0,,,,0,,,,,40,40,0,2,3,0,3,3,1,0,1,9,10,11,1,0,2,0,1,0,6224,0.034,0.062,0.006
528,4.339,4.006,0,0.01,0.048,0,0,,0,,,,0,,,,,40,40,0,2,3,0,3,3,1,0,1,9,10,11,1,0,2,0,1,0,6224,0.035,0.063,0.006
529,3.84,3.529,0,0.008,0.049,0,0,,0,,,,0,,,,,40,40,0,2,3,0,3,3,1,0,1,9,10,11,1,0,2,0,1,0,6224,0.034,0.06,0.007
530,4.115,3.763,0.001,0.008,0.073,0,0,,0,,,,0,,,,,40,40,0,2,3,0,3,3,1,0,1,9,10,11,1,0,2,0,1,0,6224,0.037,0.063,0.007
531,2.213,1.94,0,0.006,0.054,0,0,,0,,,,0,,,,,40,40,0,2,3,0,3,3,1,0,1,9,10,11,1,0,2,0,1,0,6224,0.032,0.059,0.004
532,2.722,2.553,0,0.005,0.029,0,0,,0,,,,0,,,,,40,40,0,2,3,0,3,3,1,0,1,9,10,11,1,0,2,0,1,0,6224,0.031,0.026,0.001
533,2.451,2.183,0,0.005,0.047,0,0,,0,,,,0,,,,,40,40,0,2,3,0,3,3,1,0,1,9,10,11,1,0,2,0,1,0,6224,0.033,0.059,0.004
534,4.45,4.183,0,0.005,0.049,0,0,,0,,,,0,,,,,40,40,0,2,3,0,3,3,1,0,1,9,10,11,1,0,2,0,1,0,6224,0.03,0.055,0.004
535,3.549,3.247,0.001,0.008,0.066,0,0,,0,,,,0,,,,,40,40,0,2,3,0,3,3,1,0,1,9,10,11,1,0,2,0,1,0,6224,0.024,0.039,0.008
536,3.041,2.769,0.001,0.004,0.055,0,0,,0,,,,0,,,,,40,40,0,2,3,0,3,3,1,0,1,9,10,11,1,0,2,0,1,0,6224,0.022,0.057,0.005
537,2.934,2.683,0,0.006,0.034,0,0,,0,,,,0,,,,,40,40,0,2,3,0,3,3,1,0,1,9,10,11,1,0,2,0,1,0,6224,0.032,0.06,0.005
538,2.426,2.139,0,0.008,0.042,0,0,,0,,,,0,,,,,40,40,0,2,3,0,3,3,1,0,1,9,10,11,1,0,2,0,1,0,6224,0.033,0.059,0.005
539,2.391,2.09,0,0.007,0.037,0,0,,0,,,,0,,,,,40,40,0,2,3,0,3,3,1,0,1,9,10,11,1,0,2,0,1,0,6224,0.033,0.087,0.006
540,2.788,2.556,0,0.006,0.05,0,0,,1,328.125,230133760,286633984,1,70948032,70948032,167755776,38823561584,40,40,0,2,3,0,3,3,1,0,1,9,10,11,1,0,2,0,1,0,6224,0.018,0.033,0.005
541,2.456,2.154,0,0.006,0.055,0,0,,0,,,,0,,,,,40,40,0,2,3,0,3,3,1,0,1,9,10,11,1,0,2,0,1,0,6224,0.027,0.049,0.005
542,2.259,2.02,0,0.006,0.042,0,0,,0,,,,0,,,,,40,40,0,2,3,0,3,3,1,0,1,9,10,11,1,0,2,0,1,0,6224,0.024,0.046,0.004
543,2.386,2.115,0,0.005,0.045,0,0,,0,,,,0,,,,,40,40,0,2,3,0,3,3,1,0,1,9,10,11,1,0,2,0,1,0,6224,0.031,0.059,0.005
544,3.027,2.426,0,0.007,0.386,0,0,,0,,,,0,,,,,40,40,0,2,3,0,3,3,1,0,1,9,10,11,1,0,2,0,1,0,6224,0.039,0.025,0.006
545,2.115,1.785,0,0.01,0.045,0,0,,0,,,,0,,,,,40,40,0,2,3,0,3,3,1,0,1,9,10,11,1,0,2,0,1,0,6224,0.027,0.048,0.009
546,2.45,2.028,0,0.01,0.087,0,0,,0,,,,0,,,,,40,40,0,2,3,0,3,3,1,0,1,9,10,11,1,0,2,0,1,0,6224,0.037,0.068,0.01
547,6.688,5.95,0,0.031,0.519,0,0,,0,,,,0,,,,,40,40,0,2,3,0,3,3,1,0,1,9,10,11,1,0,2,0,1,0,6224,0.015,0.027,0.006
548,6.733,6.44,0,0.009,0.041,0,0,,0,,,,0,,,,,40,40,0,2,3,0,3,3,1,0,1,9,10,11,1,0,2,0,1,0,6224,0.02,0.033,0.01
549,5.83,5.492,0.001,0.009,0.044,0,0,,0,,,,0,,,,,40,40,0,2,3,0,3,3,1,0,1,9,10,11,1,0,2,0,1,0,6224,0.029,0.052,0.01
550,6.224,5.856,0,0.011,0.043,0,0,,0,,,,0,,,,,40,40,0,2,3,0,3,3,1,0,1,9,10,11,1,0,2,0,1,0,6224,0.041,0.076,0.009
551,4.229,3.822,0.001,0.008,0.055,0,0,,0,,,,0,,,,,40,40,0,2,3,0,3,3,1,0,1,9,10,11,1,0,2,0,1,0,6224,0.048,0.048,0.009
552,3.729,3.421,0.001,0.011,0.051,0,0,,0,,,,0,,,,,40,40,0,2,3,0,3,3,1,0,1,9,10,11,1,0,2,0,1,0,6224,0.021,0.037,0.01
553,5.078,4.79,0,0.009,0.05,0,0,,0,,,,0,,,,,40,40,0,2,3,0,3,3,1,0,1,9,10,11,1,0,2,0,1,0,6224,0.022,0.038,0.007
554,6.58,6.212,0,0.007,0.066,0,0,,0,,,,0,,,,,40,40,0,2,3,0,3,3,1,0,1,9,10,11,1,0,2,0,1,0,6224,0.026,0.043,0.009
555,3.206,2.942,0,0.007,0.042,0,0,,0,,,,0,,,,,40,40,0,2,3,0,3,3,1,0,1,9,10,11,1,0,2,0,1,0,6224,0.017,0.029,0.008
556,3.347,2.95,0,0.015,0.038,0,0,,0,,,,0,,,,,40,40,0,2,3,0,3,3,1,0,1,9,10,11,1,0,2,0,1,0,6224,0.043,0.08,0.011
557,2.571,2.316,0.001,0.006,0.045,0,0,,0,,,,0,,,,,40,40,0,2,3,0,3,3,1,0,1,9,10,11,1,0,2,0,1,0,6224,0.029,0.054,0.004
558,2.313,2.041,0,0.004,0.048,0,0,,0,,,,0,,,,,40,40,0,2,3,0,3,3,1,0,1,9,10,11,1,0,2,0,1,0,6224,0.054,0.056,0.004
559,2.964,2.785,0.001,0.004,0.038,0,0,,0,,,,0,,,,,40,40,0,2,3,0,3,3,1,0,1,9,10,11,1,0,2,0,1,0,6224,0.022,0.042,0.002
560,3.624,3.224,0.001,0.008,0.04,0,0,,0,,,,0,,,,,40,40,0,2,3,0,3,3,1,0,1,9,10,11,1,0,2,0,1,0,6224,0.032,0.06,0.009
561,4.46,4.081,0,0.013,0.041,0,0,,0,,,,0,,,,,40,40,0,2,3,0,3,3,1,0,1,9,10,11,1,0,2,0,1,0,6224,0.038,0.068,0.009
562,3.035,2.91,0,0.003,0.027,0,0,,0,,,,0,,,,,40,40,0,2,3,0,3,3,1,0,1,9,10,11,1,0,2,0,1,0,6224,0.013,0.024,0.003
563,2.419,2.244,0,0.005,0.032,0,0,,0,,,,0,,,,,40,40,0,2,3,0,3,3,1,0,1,9,10,11,1,0,2,0,1,0,6224,0.022,0.042,0.002
564,3.779,3.501,0,0.008,0.031,0,0,,0,,,,0,,,,,40,40,0,2,3,0,3,3,1,0,1,9,10,11,1,0,2,0,1,0,6224,0.028,0.049,0.007
565,3.189,2.957,0,0.007,0.03,0,0,,0,,,,0,,,,,40,40,0,2,3,0,3,3,1,0,1,9,10,11,1,0,2,0,1,0,6224,0.027,0.044,0.004
566,3.304,3.096,0,0.007,0.023,0,0,,0,,,,0,,,,,40,40,0,2,3,0,3,3,1,0,1,9,10,11,1,0,2,0,1,0,6224,0.027,0.051,0.004
567,2.942,2.671,0,0.004,0.056,0,0,,0,,,,0,,,,,40,40,0,2,3,0,3,3,1,0,1,9,10,11,1,0,2,0,1,0,6224,0.031,0.025,0.028
568,2.419,2.105,0,0.008,0.051,0,0,,0,,,,0,,,,,40,40,0,2,3,0,3,3,1,0,1,9,10,11,1,0,2,0,1,0,6224,0.029,0.051,0.006
569,2.642,2.27,0.001,0.012,0.071,0,0,,0,,,,0,,,,,40,40,0,2,3,0,3,3,1,0,1,9,10,11,1,0,2,0,1,0,6224,0.035,0.062,0.007
570,2.642,2.304,0,0.006,0.055,0,0,,1,375,230133760,286633984,1,70948032,70948032,167755776,38823561584,40,40,0,2,3,0,3,3,1,0,1,9,10,11,1,0,2,0,1,0,6224,0.035,0.063,0.007
571,3.24,2.96,0,0.008,0.039,0,0,,0,,,,0,,,,,40,40,0,2,3,0,3,3,1,0,1,9,10,11,1,0,2,0,1,0,6224,0.031,0.057,0.006
572,3.173,2.978,0,0.005,0.03,0,0,,0,,,,0,,,,,40,40,0,2,3,0,3,3,1,0,1,9,10,11,1,0,2,0,1,0,6224,0.024,0.042,0.005
573,3.166,2.989,0,0.004,0.037,0,0,,0,,,,0,,,,,40,40,0,2,3,0,3,3,1,0,1,9,10,11,1,0,2,0,1,0,6224,0.022,0.042,0.003
574,2.544,2.155,0,0.011,0.044,0,0,,0,,,,0,,,,,40,40,0,2,3,0,3,3,1,0,1,9,10,11,1,0,2,0,1,0,6224,0.032,0.056,0.008
575,3.836,3.585,0,0.006,0.038,0,0,,0,,,,0,,,,,40,40,0,2,3,0,3,3,1,0,1,9,10,11,1,0,2,0,1,0,6224,0.016,0.028,0.008
576,3.208,2.908,0.001,0.007,0.043,0,0,,0,,,,0,,,,,40,40,0,2,3,0,3,3,1,0,1,9,10,11,1,0,2,0,1,0,6224,0.026,0.048,0.006
577,3.174,2.872,0.001,0.007,0.04,0,0,,0,,,,0,,,,,40,40,0,2,3,0,3,3,1,0,1,9,10,11,1,0,2,0,1,0,6224,0.021,0.046,0.008
578,4.544,4.321,0,0.006,0.042,0,0,,0,,,,0,,,,,40,40,0,2,3,0,3,3,1,0,1,9,10,11,1,0,2,0,1,0,6224,0.014,0.027,0.006
579,7.359,6.858,0.001,0.015,0.095,0,0,,0,,,,0,,,,,40,40,0,2,3,0,3,3,1,0,1,9,10,11,1,0,2,0,1,0,6224,0.039,0.067,0.013
580,6.234,5.94,0,0.008,0.04,0,0,,0,,,,0,,,,,40,40,0,2,3,0,3,3,1,0,1,9,10,11,1,0,2,0,1,0,6224,0.015,0.031,0.009
581,5.204,4.889,0.001,0.008,0.048,0,0,,0,,,,0,,,,,40,40,0,2,3,0,3,3,1,0,1,9,10,11,1,0,2,0,1,0,6224,0.036,0.046,0.006
582,2.795,2.505,0,0.008,0.036,0,0,,0,,,,0,,,,,40,40,0,2,3,0,3,3,1,0,1,9,10,11,1,0,2,0,1,0,6224,0.028,0.049,0.007
583,5.752,5.41,0,0.01,0.042,0,0,,0,,,,0,,,,,40,40,0,2,3,0,3,3,1,0,1,9,10,11,1,0,2,0,1,0,6224,0.035,0.061,0.008
584,4.795,4.57,0,0.007,0.029,0,0,,0,,,,0,,,,,40,40,0,2,3,0,3,3,1,0,1,9,10,11,1,0,2,0,1,0,6224,0.013,0.026,0.005
585,3.463,3.125,0,0.01,0.046,0,0,,0,,,,0,,,,,40,40,0,2,3,0,3,3,1,0,1,9,10,11,1,0,2,0,1,0,6224,0.043,0.04,0.006
586,3.927,3.598,0,0.01,0.039,0,0,,0,,,,0,,,,,40,40,0,2,3,0,3,3,1,0,1,9,10,11,1,0,2,0,1,0,6224,0.021,0.031,0.006
587,4.832,4.465,0,0.011,0.033,0,0,,0,,,,0,,,,,40,40,0,2,3,0,3,3,1,0,1,9,10,11,1,0,2,0,1,0,6224,0.037,0.069,0.01
588,5.319,4.929,0,0.009,0.047,0,0,,0,,,,0,,,,,40,40,0,2,3,0,3,3,1,0,1,9,10,11,1,0,2,0,1,0,6224,0.042,0.076,0.01
589,4.326,3.999,0.001,0.011,0.037,0,0,,0,,,,0,,,,,40,40,0,2,3,0,3,3,1,0,1,9,10,11,1,0,2,0,1,0,6224,0.03,0.055,0.009
590,6.266,5.925,0,0.011,0.04,0,0,,0,,,,0,,,,,40,40,0,2,3,0,3,3,1,0,1,9,10,11,1,0,2,0,1,0,6224,0.032,0.056,0.011
591,6.171,5.844,0,0.011,0.035,0,0,,0,,,,0,,,,,40,40,0,2,3,0,3,3,1,0,1,9,10,11,1,0,2,0,1,0,6224,0.036,0.066,0.007
592,8.423,8.079,0,0.008,0.036,0,0,,0,,,,0,,,,,40,40,0,2,3,0,3,3,1,0,1,9,10,11,1,0,2,0,1,0,6224,0.035,0.06,0.011
593,6.353,5.991,0.001,0.013,0.035,0,0,,0,,,,0,,,,,40,40,0,2,3,0,3,3,1,0,1,9,10,11,1,0,2,0,1,0,6224,0.05,0.045,0.008
594,2.866,2.621,0,0.007,0.041,0,0,,0,,,,0,,,,,40,40,0,2,3,0,3,3,1,0,1,9,10,11,1,0,2,0,1,0,6224,0.031,0.05,0.004
595,3.24,3.053,0,0.005,0.035,0,0,,0,,,,0,,,,,40,40,0,2,3,0,3,3,1,0,1,9,10,11,1,0,2,0,1,0,6224,0.024,0.044,0.002
596,3.274,2.882,0,0.008,0.043,0,0,,0,,,,0,,,,,40,40,0,2,3,0,3,3,1,0,1,9,10,11,1,0,2,0,1,0,6224,0.027,0.126,0.012
597,4.052,3.805,0,0.006,0.037,0,0,,0,,,,0,,,,,40,40,0,2,3,0,3,3,1,0,1,9,10,11,1,0,2,0,1,0,6224,0.017,0.03,0.005
598,10.691,10.394,0.001,0.011,0.04,0,0,,0,,,,0,,,,,40,40,0,2,3,0,3,3,1,0,1,9,10,11,1,0,2,0,1,0,6224,0.016,0.067,0.008
599,3.171,2.8,0.001,0.01,0.038,0,0,,0,,,,0,,,,,40,40,0,2,3,0,3,3,1,0,1,9,10,11,1,0,2,0,1,0,6224,0.039,0.071,0.009
600,3.12,2.774,0,0.006,0.032,0,0,,1,375,230133760,286633984,1,70948032,70948032,167755776,38823561584,40,40,0,2,3,0,3,3,1,0,1,9,10,11,1,0,2,0,1,0,6224,0.02,0.075,0.01
601,5.375,4.98,0.001,0.012,0.04,0,0,,0,,,,0,,,,,40,40,0,2,3,0,3,3,1,0,1,9,10,11,1,0,2,0,1,0,6224,0.045,0.083,0.01
602,4.629,4.212,0.001,0.012,0.059,0,0,,0,,,,0,,,,,40,40,0,2,3,0,3,3,1,0,1,9,10,11,1,0,2,0,1,0,6224,0.044,0.082,0.01
603,5.426,5.057,0,0.008,0.04,0,0,,0,,,,0,,,,,40,40,0,2,3,0,3,3,1,0,1,9,10,11,1,0,2,0,1,0,6224,0.04,0.066,0.008
604,5.133,4.837,0,0.016,0.032,0,0,,0,,,,0,,,,,40,40,0,2,3,0,3,3,1,0,1,9,10,11,1,0,2,0,1,0,6224,0.015,0.025,0.006
605,2.89,2.665,0,0.003,0.049,0,0,,0,,,,0,,,,,40,40,0,2,3,0,3,3,1,0,1,9,10,11,1,0,2,0,1,0,6224,0.014,0.054,0.005
606,2.805,2.514,0.001,0.008,0.045,0,0,,0,,,,0,,,,,40,40,0,2,3,0,3,3,1,0,1,9,10,11,1,0,2,0,1,0,6224,0.026,0.047,0.006
607,2.176,1.905,0,0.007,0.064,0,0,,0,,,,0,,,,,40,40,0,2,3,0,3,3,1,0,1,9,10,11,1,0,2,0,1,0,6224,0.019,0.032,0.005
608,2.057,1.92,0,0.005,0.025,0,0,,0,,,,0,,,,,40,40,0,2,3,0,3,3,1,0,1,9,10,11,1,0,2,0,1,0,6224,0.012,0.023,0.003
609,2.513,2.098,0.001,0.013,0.03,0,0,,0,,,,0,,,,,40,40,0,2,3,0,3,3,1,0,1,9,10,11,1,0,2,0,1,0,6224,0.049,0.092,0.009
610,2.711,2.481,0.001,0.006,0.04,0,0,,0,,,,0,,,,,40,40,0,2,3,0,3,3,1,0,1,9,10,11,1,0,2,0,1,0,6224,0.029,0.048,0.004
611,2.427,2.121,0.001,0.011,0.031,0,0,,0,,,,0,,,,,40,40,0,2,3,0,3,3,1,0,1,9,10,11,1,0,2,0,1,0,6224,0.038,0.061,0.006
612,2.207,2.032,0,0.005,0.031,0,0,,0,,,,0,,,,,40,40,0,2,3,0,3,3,1,0,1,9,10,11,1,0,2,0,1,0,6224,0.021,0.034,0.002
613,2.877,2.673,0,0.005,0.031,0,0,,0,,,,0,,,,,40,40,0,2,3,0,3,3,1,0,1,9,10,11,1,0,2,0,1,0,6224,0.017,0.029,0.005
614,2.434,2.149,0,0.009,0.023,0,0,,0,,,,0,,,,,40,40,0,2,3,0,3,3,1,0,1,9,10,11,1,0,2,0,1,0,6224,0.043,0.066,0.004
615,2.338,2.081,0.001,0.006,0.02,0,0,,0,,,,0,,,,,40,40,0,2,3,0,3,3,1,0,1,9,10,11,1,0,2,0,1,0,6224,0.032,0.058,0.005
616,2.756,2.417,0,0.01,0.04,0,0,,0,,,,0,,,,,40,40,0,2,3,0,3,3,1,0,1,9,10,11,1,0,2,0,1,0,6224,0.031,0.056,0.008
617,2.337,1.998,0.001,0.011,0.034,0,0,,0,,,,0,,,,,40,40,0,2,3,0,3,3,1,0,1,9,10,11,1,0,2,0,1,0,6224,0.035,0.063,0.007
618,2.655,2.422,0,0.006,0.045,0,0,,0,,,,0,,,,,40,40,0,2,3,0,3,3,1,0,1,9,10,11,1,0,2,0,1,0,6224,0.026,0.048,0.004
619,4.113,3.785,0,0.007,0.048,0,0,,0,,,,0,,,,,40,40,0,2,3,0,3,3,1,0,1,9,10,11,1,0,2,0,1,0,6224,0.02,0.076,0.009
620,3.122,2.852,0,0.006,0.032,0,0,,0,,,,0,,,,,40,40,0,2,3,0,3,3,1,0,1,9,10,11,1,0,2,0,1,0,6224,0.018,0.058,0.008
621,3.792,3.599,0.001,0.005,0.028,0,0,,0,,,,0,,,,,40,40,0,2,3,0,3,3,1,0,1,9,10,11,1,0,2,0,1,0,6224,0.015,0.029,0.005
622,5.937,5.672,0,0.006,0.043,0,0,,0,,,,0,,,,,40,40,0,2,3,0,3,3,1,0,1,9,10,11,1,0,2,0,1,0,6224,0.015,0.027,0.007
623,5.818,5.574,0.001,0.007,0.037,0,0,,0,,,,0,,,,,40,40,0,2,3,0,3,3,1,0,1,9,10,11,1,0,2,0,1,0,6224,0.018,0.031,0.008
624,8.042,7.585,0.001,0.012,0.083,0,0,,0,,,,0,,,,,40,40,0,2,3,0,3,3,1,0,1,9,10,11,1,0,2,0,1,0,6224,0.035,0.065,0.012
625,2.002,1.614,0,0.009,0.069,0,0,,0,,,,0,,,,,40,40,0,2,3,0,3,3,1,0,1,9,10,11,1,0,2,0,1,0,6224,0.034,0.062,0.007
626,2.082,1.821,0,0.006,0.039,0,0,,0,,,,0,,,,,40,40,0,2,3,0,3,3,1,0,1,9,10,11,1,0,2,0,1,0,6224,0.019,0.059,0.005
627,2.275,1.98,0.001,0.007,0.059,0,0,,0,,,,0,,,,,40,40,0,2,3,0,3,3,1,0,1,9,10,11,1,0,2,0,1,0,6224,0.026,0.043,0.006
628,2.306,1.94,0,0.007,0.058,0,0,,0,,,,0,,,,,40,40,0,2,3,0,3,3,1,0,1,9,10,11,1,0,2,0,1,0,6224,0.034,0.061,0.007
629,2.251,2.014,0,0.007,0.032,0,0,,0,,,,0,,,,,40,40,0,2,3,0,3,3,1,0,1,9,10,11,1,0,2,0,1,0,6224,0.025,0.047,0.004
630,4.456,4.136,0.001,0.009,0.027,0,0,,1,406.25,230199296,286633984,1,70948032,70948032,167755776,38823561584,40,40,0,2,3,0,3,3,1,0,1,9,10,11,1,0,2,0,1,0,6224,0.032,0.057,0.008
631,3.078,2.794,0,0.007,0.071,0,0,,0,,,,0,,,,,40,40,0,2,3,0,3,3,1,0,1,9,10,11,1,0,2,0,1,0,6224,0.022,0.039,0.005
632,1.905,1.626,0,0.007,0.042,0,0,,0,,,,0,,,,,40,40,0,2,3,0,3,3,1,0,1,9,10,11,1,0,2,0,1,0,6224,0.031,0.056,0.006
633,3.067,2.833,0,0.007,0.045,0,0,,0,,,,0,,,,,40,40,0,2,3,0,3,3,1,0,1,9,10,11,1,0,2,0,1,0,6224,0.021,0.036,0.005
634,2.41,2.148,0,0.008,0.048,0,0,,0,,,,0,,,,,40,40,0,2,3,0,3,3,1,0,1,9,10,11,1,0,2,0,1,0,6224,0.022,0.041,0.006
635,2.49,2.21,0,0.007,0.058,0,0,,0,,,,0,,,,,40,40,0,2,3,0,3,3,1,0,1,9,10,11,1,0,2,0,1,0,6224,0.028,0.044,0.005
636,2.454,2.225,0,0.005,0.05,0,0,,0,,,,0,,,,,40,40,0,2,3,0,3,3,1,0,1,9,10,11,1,0,2,0,1,0,6224,0.022,0.039,0.004
637,2.372,2.098,0.001,0.004,0.088,0,0,,0,,,,0,,,,,40,40,0,2,3,0,3,3,1,0,1,9,10,11,1,0,2,0,1,0,6224,0.018,0.032,0.003
638,3.389,3.218,0,0.003,0.039,0,0,,0,,,,0,,,,,40,40,0,2,3,0,3,3,1,0,1,9,10,11,1,0,2,0,1,0,6224,0.015,0.028,0.003
639,4.73,4.411,0.001,0.008,0.071,0,0,,0,,,,0,,,,,40,40,0,2,3,0,3,3,1,0,1,9,10,11,1,0,2,0,1,0,6224,0.032,0.052,0.005
640,2.334,2.051,0.001,0.007,0.07,0,0,,0,,,,0,,,,,40,40,0,2,3,0,3,3,1,0,1,9,10,11,1,0,2,0,1,0,6224,0.033,0.033,0.003
641,2.513,2.312,0,0.005,0.047,0,0,,0,,,,0,,,,,40,40,0,2,3,0,3,3,1,0,1,9,10,11,1,0,2,0,1,0,6224,0.018,0.034,0.004
642,3.696,3.428,0.001,0.004,0.086,0,0,,0,,,,0,,,,,40,40,0,2,3,0,3,3,1,0,1,9,10,11,1,0,2,0,1,0,6224,0.019,0.036,0.003
643,1.751,1.526,0,0.004,0.068,0,0,,0,,,,0,,,,,40,40,0,2,3,0,3,3,1,0,1,9,10,11,1,0,2,0,1,0,6224,0.017,0.032,0.003
644,2.392,2.142,0,0.005,0.056,0,0,,0,,,,0,,,,,40,40,0,2,3,0,3,3,1,0,1,9,10,11,1,0,2,0,1,0,6224,0.024,0.041,0.004
645,2.336,2.103,0,0.004,0.064,0,0,,0,,,,0,,,,,40,40,0,2,3,0,3,3,1,0,1,9,10,11,1,0,2,0,1,0,6224,0.017,0.033,0.003
646,2.182,1.89,0,0.007,0.05,0,0,,0,,,,0,,,,,40,40,0,2,3,0,3,3,1,0,1,9,10,11,1,0,2,0,1,0,6224,0.023,0.063,0.006
647,2.264,2.015,0,0.005,0.057,0,0,,0,,,,0,,,,,40,40,0,2,3,0,3,3,1,0,1,9,10,11,1,0,2,0,1,0,6224,0.022,0.041,0.004
648,2.318,2.069,0,0.005,0.046,0,0,,0,,,,0,,,,,40,40,0,2,3,0,3,3,1,0,1,9,10,11,1,0,2,0,1,0,6224,0.02,0.036,0.004
649,1.872,1.584,0,0.009,0.049,0,0,,0,,,,0,,,,,40,40,0,2,3,0,3,3,1,0,1,9,10,11,1,0,2,0,1,0,6224,0.029,0.04,0.004
650,2.566,2.283,0.001,0.013,0.06,0,0,,0,,,,0,,,,,40,40,0,2,3,0,3,3,1,0,1,9,10,11,1,0,2,0,1,0,6224,0.023,0.035,0.005
651,2.005,1.799,0,0.006,0.036,0,0,,0,,,,0,,,,,40,40,0,2,3,0,3,3,1,0,1,9,10,11,1,0,2,0,1,0,6224,0.023,0.034,0.004
652,3.379,3.206,0,0.005,0.032,0,0,,0,,,,0,,,,,40,40,0,2,3,0,3,3,1,0,1,9,10,11,1,0,2,0,1,0,6224,0.015,0.027,0.003
653,4.057,3.809,0.001,0.007,0.043,0,0,,0,,,,0,,,,,40,40,0,2,3,0,3,3,1,0,1,9,10,11,1,0,2,0,1,0,6224,0.019,0.034,0.005
654,3.742,3.474,0,0.007,0.035,0,0,,0,,,,0,,,,,40,40,0,2,3,0,3,3,1,0,1,9,10,11,1,0,2,0,1,0,6224,0.025,0.045,0.005
655,3.051,2.81,0,0.01,0.048,0,0,,0,,,,0,,,,,40,40,0,2,3,0,3,3,1,0,1,9,10,11,1,0,2,0,1,0,6224,0.022,0.033,0.005
656,3.613,3.4,0,0.005,0.045,0,0,,0,,,,0,,,,,40,40,0,2,3,0,3,3,1,0,1,9,10,11,1,0,2,0,1,0,6224,0.02,0.036,0.004
657,3.111,2.896,0,0.005,0.047,0,0,,0,,,,0,,,,,40,40,0,2,3,0,3,3,1,0,1,9,10,11,1,0,2,0,1,0,6224,0.019,0.034,0.004
658,2.814,2.622,0,0.004,0.045,0,0,,0,,,,0,,,,,40,40,0,2,3,0,3,3,1,0,1,9,10,11,1,0,2,0,1,0,6224,0.016,0.031,0.003
659,2.43,2.238,0,0.004,0.046,0,0,,0,,,,0,,,,,40,40,0,2,3,0,3,3,1,0,1,9,10,11,1,0,2,0,1,0,6224,0.016,0.03,0.003
660,3,2.821,0.001,0.003,0.044,0,0,,1,421.875,230199296,286633984,1,70948032,70948032,167755776,38823561584,40,40,0,2,3,0,3,3,1,0,1,9,10,11,1,0,2,0,1,0,6224,0.016,0.03,0.003
661,2.914,2.718,0,0.004,0.046,0,0,,0,,,,0,,,,,40,40,0,2,3,0,3,3,1,0,1,9,10,11,1,0,2,0,1,0,6224,0.017,0.033,0.003
662,3.029,2.866,0,0.004,0.038,0,0,,0,,,,0,,,,,40,40,0,2,3,0,3,3,1,0,1,9,10,11,1,0,2,0,1,0,6224,0.015,0.027,0.003
663,2.483,2.254,0,0.005,0.052,0,0,,0,,,,0,,,,,40,40,0,2,3,0,3,3,1,0,1,9,10,11,1,0,2,0,1,0,6224,0.022,0.038,0.004
664,2.194,2.009,0,0.004,0.044,0,0,,0,,,,0,,,,,40,40,0,2,3,0,3,3,1,0,1,9,10,11,1,0,2,0,1,0,6224,0.016,0.03,0.003
665,2.423,2.096,0,0.008,0.044,0,0,,0,,,,0,,,,,40,40,0,2,3,0,3,3,1,0,1,9,10,11,1,0,2,0,1,0,6224,0.036,0.064,0.007
666,2.455,2.075,0,0.01,0.052,0,0,,0,,,,0,,,,,40,40,0,2,3,0,3,3,1,0,1,9,10,11,1,0,2,0,1,0,6224,0.036,0.066,0.007
667,2.179,1.947,0.001,0.008,0.04,0,0,,0,,,,0,,,,,40,40,0,2,3,0,3,3,1,0,1,9,10,11,1,0,2,0,1,0,6224,0.019,0.034,0.004
668,2.376,2.119,0,0.006,0.035,0,0,,0,,,,0,,,,,40,40,0,2,3,0,3,3,1,0,1,9,10,11,1,0,2,0,1,0,6224,0.025,0.045,0.004
669,2.793,2.519,0,0.006,0.029,0,0,,0,,,,0,,,,,40,40,0,2,3,0,3,3,1,0,1,9,10,11,1,0,2,0,1,0,6224,0.031,0.055,0.005
670,2.338,2.072,0,0.007,0.033,0,0,,0,,,,0,,,,,40,40,0,2,3,0,3,3,1,0,1,9,10,11,1,0,2,0,1,0,6224,0.025,0.044,0.006
671,4.465,4.191,0,0.007,0.045,0,0,,0,,,,0,,,,,40,40,0,2,3,0,3,3,1,0,1,9,10,11,1,0,2,0,1,0,6224,0.019,0.031,0.009
672,5.699,5.366,0.001,0.009,0.054,0,0,,0,,,,0,,,,,40,40,0,2,3,0,3,3,1,0,1,9,10,11,1,0,2,0,1,0,6224,0.028,0.05,0.009
673,6.459,6.022,0.001,0.01,0.04,0,0,,0,,,,0,,,,,40,40,0,2,3,0,3,3,1,0,1,9,10,11,1,0,2,0,1,0,6224,0.041,0.06,0.009
674,6.745,6.437,0.001,0.009,0.036,0,0,,0,,,,0,,,,,40,40,0,2,3,0,3,3,1,0,1,9,10,11,1,0,2,0,1,0,6224,0.039,0.03,0.007
675,3.132,2.858,0.001,0.008,0.024,0,0,,0,,,,0,,,,,40,40,0,2,3,0,3,3,1,0,1,9,10,11,1,0,2,0,1,0,6224,0.088,0.034,0.002
676,3.066,2.846,0.001,0.013,0.024,0,0,,0,,,,0,,,,,40,40,0,2,3,0,3,3,1,0,1,9,10,11,1,0,2,0,1,0,6224,0.016,0.024,0.007
677,3.284,2.966,0,0.007,0.062,0,0,,0,,,,0,,,,,40,40,0,2,3,0,3,3,1,0,1,9,10,11,1,0,2,0,1,0,6224,0.033,0.071,0.007
678,3.205,2.935,0,0.003,0.029,0,0,,0,,,,0,,,,,40,40,0,2,3,0,3,3,1,0,1,9,10,11,1,0,2,0,1,0,6224,0.023,0.063,0.008
679,4.227,3.928,0.001,0.011,0.031,0,0,,0,,,,0,,,,,40,40,0,2,3,0,3,3,1,0,1,9,10,11,1,0,2,0,1,0,6224,0.04,0.048,0.004
680,2.08,1.926,0,0.007,0.023,0,0,,0,,,,0,,,,,40,40,0,2,3,0,3,3,1,0,1,9,10,11,1,0,2,0,1,0,6224,0.015,0.023,0.003
681,5.783,5.541,0,0.007,0.031,0,0,,0,,,,0,,,,,40,40,0,2,3,0,3,3,1,0,1,9,10,11,1,0,2,0,1,0,6224,0.027,0.053,0.005
682,2.63,2.308,0,0.008,0.039,0,0,,0,,,,0,,,,,40,40,0,2,3,0,3,3,1,0,1,9,10,11,1,0,2,0,1,0,6224,0.02,0.049,0.01
683,2.16,1.882,0,0.008,0.033,0,0,,0,,,,0,,,,,40,40,0,2,3,0,3,3,1,0,1,9,10,11,1,0,2,0,1,0,6224,0.029,0.05,0.007
684,3.443,3.154,0,0.011,0.037,0,0,,0,,,,0,,,,,40,40,0,2,3,0,3,3,1,0,1,9,10,11,1,0,2,0,1,0,6224,0.031,0.046,0.006
685,2.575,2.264,0,0.009,0.025,0,0,,0,,,,0,,,,,40,40,0,2,3,0,3,3,1,0,1,9,10,11,1,0,2,0,1,0,6224,0.084,0.047,0.003
686,3.668,3.425,0,0.009,0.034,0,0,,0,,,,0,,,,,40,40,0,2,3,0,3,3,1,0,1,9,10,11,1,0,2,0,1,0,6224,0.021,0.034,0.006
687,3.565,3.259,0.001,0.007,0.043,0,0,,0,,,,0,,,,,40,40,0,2,3,0,3,3,1,0,1,9,10,11,1,0,2,0,1,0,6224,0.016,0.03,0.007
688,6.763,6.399,0,0.011,0.043,0,0,,0,,,,0,,,,,40,40,0,2,3,0,3,3,1,0,1,9,10,11,1,0,2,0,1,0,6224,0.047,0.045,0.008
689,2.986,2.78,0,0.008,0.022,0,0,,0,,,,0,,,,,40,40,0,2,3,0,3,3,1,0,1,9,10,11,1,0,2,0,1,0,6224,0.035,0.049,0.003
690,3.775,3.513,0.001,0.006,0.04,0,0,,1,468.75,230199296,286633984,1,70948032,70948032,167755776,38823561584,40,40,0,2,3,0,3,3,1,0,1,9,10,11,1,0,2,0,1,0,6224,0.017,0.03,0.007
691,3.994,3.71,0,0.008,0.04,0,0,,0,,,,0,,,,,40,40,0,2,3,0,3,3,1,0,1,9,10,11,1,0,2,0,1,0,6224,0.02,0.034,0.008
692,6.412,6.148,0,0.007,0.035,0,0,,0,,,,0,,,,,40,40,0,2,3,0,3,3,1,0,1,9,10,11,1,0,2,0,1,0,6224,0.014,0.025,0.008
693,4.89,4.458,0,0.007,0.206,0,0,,0,,,,0,,,,,40,40,0,2,3,0,3,3,1,0,1,9,10,11,1,0,2,0,1,0,6224,0.034,0.029,0.031
694,4.591,4.247,0.001,0.012,0.043,0,0,,0,,,,0,,,,,40,40,0,2,3,0,3,3,1,0,1,9,10,11,1,0,2,0,1,0,6224,0.04,0.031,0.008
695,3.445,3.082,0,0.011,0.039,0,0,,0,,,,0,,,,,40,40,0,2,3,0,3,3,1,0,1,9,10,11,1,0,2,0,1,0,6224,0.042,0.057,0.007
696,4.41,4.136,0,0.007,0.023,0,0,,0,,,,0,,,,,40,40,0,2,3,0,3,3,1,0,1,9,10,11,1,0,2,0,1,0,6224,0.036,0.065,0.006
697,3.213,2.938,0.001,0.005,0.039,0,0,,0,,,,0,,,,,40,40,0,2,3,0,3,3,1,0,1,9,10,11,1,0,2,0,1,0,6224,0.032,0.061,0.005
698,4.693,4.359,0,0.007,0.034,0,0,,0,,,,0,,,,,40,40,0,2,3,0,3,3,1,0,1,9,10,11,1,0,2,0,1,0,6224,0.057,0.069,0.006
699,3.183,2.786,0,0.014,0.03,0,0,,0,,,,0,,,,,40,40,0,2,3,0,3,3,1,0,1,9,10,11,1,0,2,0,1,0,6224,0.042,0.077,0.011
700,4.448,4.265,0,0.006,0.031,0,0,,0,,,,0,,,,,40,40,0,2,3,0,3,3,1,0,1,9,10,11,1,0,2,0,1,0,6224,0.015,0.025,0.004
701,4.871,4.468,0,0.012,0.086,0,0,,0,,,,0,,,,,40,40,0,2,3,0,3,3,1,0,1,9,10,11,1,0,2,0,1,0,6224,0.036,0.066,0.007
702,6.087,5.785,0.001,0.008,0.035,0,0,,0,,,,0,,,,,40,40,0,2,3,0,3,3,1,0,1,9,10,11,1,0,2,0,1,0,6224,0.034,0.026,0.006
703,3.925,3.758,0,0.004,0.026,0,0,,0,,,,0,,,,,40,40,0,2,3,0,3,3,1,0,1,9,10,11,1,0,2,0,1,0,6224,0.011,0.044,0.004
704,2.971,2.826,0,0.006,0.019,0,0,,0,,,,0,,,,,40,40,0,2,3,0,3,3,1,0,1,9,10,11,1,0,2,0,1,0,6224,0.028,0.021,0.002
705,3.09,2.768,0,0.011,0.044,0,0,,0,,,,0,,,,,40,40,0,2,3,0,3,3,1,0,1,9,10,11,1,0,2,0,1,0,6224,0.042,0.043,0.006
706,4.078,3.709,0,0.006,0.048,0,0,,0,,,,0,,,,,40,40,0,2,3,0,3,3,1,0,1,9,10,11,1,0,2,0,1,0,6224,0.06,0.047,0.006
707,4,3.626,0.001,0.01,0.031,0,0,,0,,,,0,,,,,40,40,0,2,3,0,3,3,1,0,1,9,10,11,1,0,2,0,1,0,6224,0.045,0.078,0.011
708,6.347,5.962,0,0.011,0.042,0,0,,0,,,,0,,,,,40,40,0,2,3,0,3,3,1,0,1,9,10,11,1,0,2,0,1,0,6224,0.046,0.074,0.008
709,6.058,5.669,0,0.007,0.16,0,0,,0,,,,0,,,,,40,40,0,2,3,0,3,3,1,0,1,9,10,11,1,0,2,0,1,0,6224,0.018,0.03,0.009
710,4.875,4.6,0,0.008,0.044,0,0,,0,,,,0,,,,,40,40,0,2,3,0,3,3,1,0,1,9,10,11,1,0,2,0,1,0,6224,0.017,0.03,0.009
711,8.149,7.686,0.001,0.014,0.075,0,0,,0,,,,0,,,,,40,40,0,2,3,0,3,3,1,0,1,9,10,11,1,0,2,0,1,0,6224,0.037,0.066,0.011
712,6.714,6.319,0.001,0.01,0.04,0,0,,0,,,,0,,,,,40,40,0,2,3,0,3,3,1,0,1,9,10,11,1,0,2,0,1,0,6224,0.035,0.064,0.011
713,2.306,2.031,0,0.004,0.045,0,0,,0,,,,0,,,,,40,40,0,2,3,0,3,3,1,0,1,9,10,11,1,0,2,0,1,0,6224,0.03,0.084,0.007
714,2.717,2.485,0.001,0.006,0.032,0,0,,0,,,,0,,,,,40,40,0,2,3,0,3,3,1,0,1,9,10,11,1,0,2,0,1,0,6224,0.033,0.057,0.004
715,3.835,3.612,0,0.005,0.024,0,0,,0,,,,0,,,,,40,40,0,2,3,0,3,3,1,0,1,9,10,11,1,0,2,0,1,0,6224,0.031,0.057,0.005
716,4.833,4.601,0,0.004,0.034,0,0,,0,,,,0,,,,,40,40,0,2,3,0,3,3,1,0,1,9,10,11,1,0,2,0,1,0,6224,0.022,0.035,0.003
717,2.464,2.146,0,0.009,0.021,0,0,,0,,,,0,,,,,40,40,0,2,3,0,3,3,1,0,1,9,10,11,1,0,2,0,1,0,6224,0.079,0.06,0.007
718,2.286,2.03,0,0.009,0.035,0,0,,0,,,,0,,,,,40,40,0,2,3,0,3,3,1,0,1,9,10,11,1,0,2,0,1,0,6224,0.023,0.04,0.006
719,3.695,3.431,0,0.009,0.03,0,0,,0,,,,0,,,,,40,40,0,2,3,0,3,3,1,0,1,9,10,11,1,0,2,0,1,0,6224,0.027,0.049,0.006
720,2.413,2.08,0,0.011,0.04,0,0,,1,484.375,230199296,286633984,1,70948032,70948032,167755776,38823561584,40,40,0,2,3,0,3,3,1,0,1,9,10,11,1,0,2,0,1,0,6224,0.035,0.064,0.007
721,2.235,2.027,0,0.006,0.03,0,0,,0,,,,0,,,,,40,40,0,2,3,0,3,3,1,0,1,9,10,11,1,0,2,0,1,0,6224,0.025,0.046,0.004
722,3.944,3.669,0,0.035,0.035,0,0,,0,,,,0,,,,,40,40,0,2,3,0,3,3,1,0,1,9,10,11,1,0,2,0,1,0,6224,0.033,0.035,0.005
723,2.281,2.061,0.001,0.006,0.027,0,0,,0,,,,0,,,,,40,40,0,2,3,0,3,3,1,0,1,9,10,11,1,0,2,0,1,0,6224,0.022,0.043,0.006
724,7.092,6.749,0,0.011,0.03,0,0,,0,,,,0,,,,,40,40,0,2,3,0,3,3,1,0,1,9,10,11,1,0,2,0,1,0,6224,0.04,0.068,0.01
725,2.377,2.053,0,0.007,0.03,0,0,,0,,,,0,,,,,40,40,0,2,3,0,3,3,1,0,1,9,10,11,1,0,2,0,1,0,6224,0.034,0.062,0.007
726,4.454,3.875,0.001,0.013,0.275,0,0,,0,,,,0,,,,,40,40,0,2,3,0,3,3,1,0,1,9,10,11,1,0,2,0,1,0,6224,0.093,0.023,0.005
727,2.969,2.718,0,0.008,0.026,0,0,,0,,,,0,,,,,40,40,0,2,3,0,3,3,1,0,1,9,10,11,1,0,2,0,1,0,6224,0.027,0.05,0.006
728,5.294,4.972,0.001,0.01,0.034,0,0,,0,,,,0,,,,,40,40,0,2,3,0,3,3,1,0,1,9,10,11,1,0,2,0,1,0,6224,0.036,0.063,0.008
729,2.932,2.723,0,0.005,0.035,0,0,,0,,,,0,,,,,40,40,0,2,3,0,3,3,1,0,1,9,10,11,1,0,2,0,1,0,6224,0.023,0.043,0.004
730,3.517,3.228,0,0.011,0.03,0,0,,0,,,,0,,,,,40,40,0,2,3,0,3,3,1,0,1,9,10,11,1,0,2,0,1,0,6224,0.029,0.051,0.007
731,3.007,2.808,0,0.005,0.063,0,0,,0,,,,0,,,,,40,40,0,2,3,0,3,3,1,0,1,9,10,11,1,0,2,0,1,0,6224,0.013,0.024,0.005
732,3.421,3.118,0,0.008,0.027,0,0,,0,,,,0,,,,,40,40,0,2,3,0,3,3,1,0,1,9,10,11,1,0,2,0,1,0,6224,0.031,0.057,0.007
733,4.846,4.484,0,0.009,0.041,0,0,,0,,,,0,,,,,40,40,0,2,3,0,3,3,1,0,1,9,10,11,1,0,2,0,1,0,6224,0.04,0.074,0.007
734,3.17,2.819,0,0.009,0.046,0,0,,0,,,,0,,,,,40,40,0,2,3,0,3,3,1,0,1,9,10,11,1,0,2,0,1,0,6224,0.039,0.07,0.01
735,5.182,4.847,0,0.007,0.083,0,0,,0,,,,0,,,,,40,40,0,2,3,0,3,3,1,0,1,9,10,11,1,0,2,0,1,0,6224,0.018,0.027,0.007
736,6.092,5.867,0,0.007,0.037,0,0,,0,,,,0,,,,,40,40,0,2,3,0,3,3,1,0,1,9,10,11,1,0,2,0,1,0,6224,0.015,0.025,0.008
737,3.187,3.091,0,0.003,0.024,0,0,,0,,,,0,,,,,40,40,0,2,3,0,3,3,1,0,1,9,10,11,1,0,2,0,1,0,6224,0.009,0.018,0.002
738,3.828,3.632,0,0.006,0.019,0,0,,0,,,,0,,,,,40,40,0,2,3,0,3,3,1,0,1,9,10,11,1,0,2,0,1,0,6224,0.026,0.047,0.004
739,3.331,3.005,0,0.009,0.068,0,0,,0,,,,0,,,,,40,40,0,2,3,0,3,3,1,0,1,9,10,11,1,0,2,0,1,0,6224,0.067,0.027,0.004
740,3.15,2.861,0.001,0.006,0.031,0,0,,0,,,,0,,,,,40,40,0,2,3,0,3,3,1,0,1,9,10,11,1,0,2,0,1,0,6224,0.029,0.053,0.005
741,4.81,4.499,0.001,0.007,0.037,0,0,,0,,,,0,,,,,40,40,0,2,3,0,3,3,1,0,1,9,10,11,1,0,2,0,1,0,6224,0.039,0.073,0.008
742,3.015,2.816,0.001,0.005,0.032,0,0,,0,,,,0,,,,,40,40,0,2,3,0,3,3,1,0,1,9,10,11,1,0,2,0,1,0,6224,0.026,0.042,0.003
743,4.427,4.072,0.001,0.012,0.018,0,0,,0,,,,0,,,,,40,40,0,2,3,0,3,3,1,0,1,9,10,11,1,0,2,0,1,0,6224,0.032,0.054,0.005
744,3.152,2.832,0,0.008,0.049,0,0,,0,,,,0,,,,,40,40,0,2,3,0,3,3,1,0,1,9,10,11,1,0,2,0,1,0,6224,0.024,0.044,0.008
745,5.507,5.227,0.001,0.008,0.037,0,0,,0,,,,0,,,,,40,40,0,2,3,0,3,3,1,0,1,9,10,11,1,0,2,0,1,0,6224,0.017,0.028,0.008
746,6.584,6.288,0,0.03,0.046,0,0,,0,,,,0,,,,,40,40,0,2,3,0,3,3,1,0,1,9,10,11,1,0,2,0,1,0,6224,0.023,0.038,0.006
747,6.393,6.006,0,0.011,0.054,0,0,,0,,,,0,,,,,40,40,0,2,3,0,3,3,1,0,1,9,10,11,1,0,2,0,1,0,6224,0.031,0.052,0.011
748,6.752,6.48,0.001,0.006,0.044,0,0,,0,,,,0,,,,,40,40,0,2,3,0,3,3,1,0,1,9,10,11,1,0,2,0,1,0,6224,0.019,0.035,0.007
749,7.063,6.671,0,0.011,0.042,0,0,,0,,,,0,,,,,40,40,0,2,3,0,3,3,1,0,1,9,10,11,1,0,2,0,1,0,6224,0.035,0.057,0.01
750,3.843,3.455,0,0.011,0.046,0,0,,1,515.625,230207488,286633984,1,70948032,70948032,167755776,38823561584,40,40,0,2,3,0,3,3,1,0,1,9,10,11,1,0,2,0,1,0,6224,0.035,0.063,0.01
751,4.87,4.567,0,0.011,0.043,0,0,,0,,,,0,,,,,40,40,0,2,3,0,3,3,1,0,1,9,10,11,1,0,2,0,1,0,6224,0.029,0.051,0.007
752,6.621,6.017,0.001,0.016,0.05,0,0,,0,,,,0,,,,,40,40,0,2,3,0,3,3,1,0,1,9,10,11,1,0,2,0,1,0,6224,0.156,0.075,0.013
753,4.916,4.528,0,0.01,0.052,0,0,,0,,,,0,,,,,40,40,0,2,3,0,3,3,1,0,1,9,10,11,1,0,2,0,1,0,6224,0.037,0.063,0.009
754,7.149,6.859,0.001,0.007,0.052,0,0,,0,,,,0,,,,,40,40,0,2,3,0,3,3,1,0,1,9,10,11,1,0,2,0,1,0,6224,0.027,0.049,0.006
755,4.986,4.655,0,0.01,0.048,0,0,,0,,,,0,,,,,40,40,0,2,3,0,3,3,1,0,1,9,10,11,1,0,2,0,1,0,6224,0.034,0.054,0.006
756,3.181,2.847,0,0.011,0.037,0,0,,0,,,,0,,,,,40,40,0,2,3,0,3,3,1,0,1,9,10,11,1,0,2,0,1,0,6224,0.03,0.037,0.006
757,4.608,4.264,0,0.008,0.031,0,0,,0,,,,0,,,,,40,40,0,2,3,0,3,3,1,0,1,9,10,11,1,0,2,0,1,0,6224,0.036,0.064,0.01
758,4.169,3.869,0.001,0.008,0.042,0,0,,0,,,,0,,,,,40,40,0,2,3,0,3,3,1,0,1,9,10,11,1,0,2,0,1,0,6224,0.034,0.058,0.005
759,5.697,5.395,0.001,0.006,0.043,0,0,,0,,,,0,,,,,40,40,0,2,3,0,3,3,1,0,1,9,10,11,1,0,2,0,1,0,6224,0.018,0.046,0.009
760,7.328,6.961,0,0.009,0.053,0,0,,0,,,,0,,,,,40,40,0,2,3,0,3,3,1,0,1,9,10,11,1,0,2,0,1,0,6224,0.04,0.041,0.008
761,5.32,5.032,0,0.008,0.042,0,0,,0,,,,0,,,,,40,40,0,2,3,0,3,3,1,0,1,9,10,11,1,0,2,0,1,0,6224,0.032,0.03,0.009
762,9.669,9.315,0.001,0.007,0.041,0,0,,0,,,,0,,,,,40,40,0,2,3,0,3,3,1,0,1,9,10,11,1,0,2,0,1,0,6224,0.038,0.07,0.012
763,8.391,8.011,0,0.012,0.035,0,0,,0,,,,0,,,,,40,40,0,2,3,0,3,3,1,0,1,9,10,11,1,0,2,0,1,0,6224,0.043,0.03,0.008
764,3.291,2.961,0,0.007,0.035,0,0,,0,,,,0,,,,,40,40,0,2,3,0,3,3,1,0,1,9,10,11,1,0,2,0,1,0,6224,0.023,0.074,0.012
765,4.497,4.184,0,0.011,0.037,0,0,,0,,,,0,,,,,40,40,0,2,3,0,3,3,1,0,1,9,10,11,1,0,2,0,1,0,6224,0.042,0.031,0.006
766,4.866,4.555,0,0.008,0.034,0,0,,0,,,,0,,,,,40,40,0,2,3,0,3,3,1,0,1,9,10,11,1,0,2,0,1,0,6224,0.033,0.057,0.007
767,7.627,7.277,0,0.01,0.046,0,0,,0,,,,0,,,,,40,40,0,2,3,0,3,3,1,0,1,9,10,11,1,0,2,0,1,0,6224,0.04,0.052,0.009
768,5.855,5.54,0,0.005,0.031,0,0,,0,,,,0,,,,,40,40,0,2,3,0,3,3,1,0,1,9,10,11,1,0,2,0,1,0,6224,0.013,0.023,0.011
769,5.926,5.572,0,0.011,0.04,0,0,,0,,,,0,,,,,40,40,0,2,3,0,3,3,1,0,1,9,10,11,1,0,2,0,1,0,6224,0.044,0.063,0.006
770,5.308,4.933,0,0.006,0.051,0,0,,0,,,,0,,,,,40,40,0,2,3,0,3,3,1,0,1,9,10,11,1,0,2,0,1,0,6224,0.015,0.027,0.008
771,6.429,6.142,0,0.01,0.033,0,0,,0,,,,0,,,,,40,40,0,2,3,0,3,3,1,0,1,9,10,11,1,0,2,0,1,0,6224,0.037,0.028,0.006
772,6.469,6.219,0,0.007,0.036,0,0,,0,,,,0,,,,,40,40,0,2,3,0,3,3,1,0,1,9,10,11,1,0,2,0,1,0,6224,0.016,0.027,0.007
773,5.906,5.333,0,0.012,0.081,0,0,,0,,,,0,,,,,40,40,0,2,3,0,3,3,1,0,1,9,10,11,1,0,2,0,1,0,6224,0.082,0.078,0.012
774,3.715,3.474,0,0.006,0.033,0,0,,0,,,,0,,,,,40,40,0,2,3,0,3,3,1,0,1,9,10,11,1,0,2,0,1,0,6224,0.017,0.03,0.007
775,7.77,7.417,0,0.008,0.055,0,0,,0,,,,0,,,,,40,40,0,2,3,0,3,3,1,0,1,9,10,11,1,0,2,0,1,0,6224,0.026,0.044,0.009
776,8.028,7.627,0.001,0.01,0.046,0,0,,0,,,,0,,,,,40,40,0,2,3,0,3,3,1,0,1,9,10,11,1,0,2,0,1,0,6224,0.027,0.043,0.011
777,5.385,4.938,0,0.011,0.067,0,0,,0,,,,0,,,,,40,40,0,2,3,0,3,3,1,0,1,9,10,11,1,0,2,0,1,0,6224,0.038,0.068,0.01
778,5.296,4.901,0.001,0.015,0.056,0,0,,0,,,,0,,,,,40,40,0,2,3,0,3,3,1,0,1,9,10,11,1,0,2,0,1,0,6224,0.027,0.047,0.013
779,3.177,2.74,0,0.017,0.167,0,0,,0,,,,0,,,,,40,40,0,2,3,0,3,3,1,0,1,9,10,11,1,0,2,0,1,0,6224,0.022,0.039,0.009
780,3.939,3.78,0,0.004,0.026,0,0,,1,562.5,230207488,286633984,1,70948032,70948032,167755776,38823561584,40,40,0,2,3,0,3,3,1,0,1,9,10,11,1,0,2,0,1,0,6224,0.013,0.024,0.004
781,8.631,8.335,0,0.008,0.058,0,0,,0,,,,0,,,,,40,40,0,2,3,0,3,3,1,0,1,9,10,11,1,0,2,0,1,0,6224,0.021,0.035,0.012
782,7.384,7.089,0.001,0.01,0.053,0,0,,0,,,,0,,,,,40,40,0,2,3,0,3,3,1,0,1,9,10,11,1,0,2,0,1,0,6224,0.02,0.035,0.009
783,3.596,3.378,0.001,0.005,0.054,0,0,,0,,,,0,,,,,40,40,0,2,3,0,3,3,1,0,1,9,10,11,1,0,2,0,1,0,6224,0.018,0.033,0.005
784,2.805,2.549,0.001,0.005,0.051,0,0,,0,,,,0,,,,,40,40,0,2,3,0,3,3,1,0,1,9,10,11,1,0,2,0,1,0,6224,0.021,0.062,0.004
785,1.966,1.584,0,0.009,0.073,0,0,,0,,,,0,,,,,40,40,0,2,3,0,3,3,1,0,1,9,10,11,1,0,2,0,1,0,6224,0.037,0.06,0.007
786,2.566,2.241,0,0.008,0.058,0,0,,0,,,,0,,,,,40,40,0,2,3,0,3,3,1,0,1,9,10,11,1,0,2,0,1,0,6224,0.029,0.051,0.008
787,2.061,1.741,0,0.009,0.064,0,0,,0,,,,0,,,,,40,40,0,2,3,0,3,3,1,0,1,9,10,11,1,0,2,0,1,0,6224,0.029,0.05,0.006
788,6.169,5.849,0,0.011,0.067,0,0,,0,,,,0,,,,,40,40,0,2,3,0,3,3,1,0,1,9,10,11,1,0,2,0,1,0,6224,0.023,0.039,0.009
789,5.659,5.335,0.001,0.009,0.047,0,0,,0,,,,0,,,,,40,40,0,2,3,0,3,3,1,0,1,9,10,11,1,0,2,0,1,0,6224,0.024,0.038,0.01
790,5.667,5.239,0,0.011,0.028,0,0,,0,,,,0,,,,,40,40,0,2,3,0,3,3,1,0,1,9,10,11,1,0,2,0,1,0,6224,0.101,0.079,0.007
791,5.005,4.657,0.001,0.011,0.035,0,0,,0,,,,0,,,,,40,40,0,2,3,0,3,3,1,0,1,9,10,11,1,0,2,0,1,0,6224,0.034,0.059,0.01
792,6.03,5.661,0.001,0.008,0.051,0,0,,0,,,,0,,,,,40,40,0,2,3,0,3,3,1,0,1,9,10,11,1,0,2,0,1,0,6224,0.024,0.06,0.014
793,5.034,4.699,0,0.01,0.048,0,0,,0,,,,0,,,,,40,40,0,2,3,0,3,3,1,0,1,9,10,11,1,0,2,0,1,0,6224,0.027,0.04,0.009
794,4.425,4.093,0,0.006,0.054,0,0,,0,,,,0,,,,,40,40,0,2,3,0,3,3,1,0,1,9,10,11,1,0,2,0,1,0,6224,0.026,0.049,0.005
795,2.275,1.972,0.001,0.015,0.053,0,0,,0,,,,0,,,,,40,40,0,2,3,0,3,3,1,0,1,9,10,11,1,0,2,0,1,0,6224,0.023,0.038,0.008
796,2.632,2.442,0,0.004,0.037,0,0,,0,,,,0,,,,,40,40,0,2,3,0,3,3,1,0,1,9,10,11,1,0,2,0,1,0,6224,0.017,0.032,0.004
797,1.569,1.192,0.001,0.004,0.128,0,0,,0,,,,0,,,,,40,40,0,2,3,0,3,3,1,0,1,9,10,11,1,0,2,0,1,0,6224,0.026,0.047,0.006
798,2.518,2.109,0.001,0.012,0.05,0,0,,0,,,,0,,,,,40,40,0,2,3,0,3,3,1,0,1,9,10,11,1,0,2,0,1,0,6224,0.041,0.067,0.011
799,1.952,1.662,0,0.009,0.038,0,0,,0,,,,0,,,,,40,40,0,2,3,0,3,3,1,0,1,9,10,11,1,0,2,0,1,0,6224,0.027,0.066,0.006
800,2.895,2.537,0.001,0.013,0.039,0,0,,0,,,,0,,,,,40,40,0,2,3,0,3,3,1,0,1,9,10,11,1,0,2,0,1,0,6224,0.023,0.037,0.009
801,2.472,2.085,0,0.007,0.053,0,0,,0,,,,0,,,,,40,40,0,2,3,0,3,3,1,0,1,9,10,11,1,0,2,0,1,0,6224,0.034,0.06,0.006
802,7.359,6.609,0,0.009,0.08,0,0,,0,,,,0,,,,,40,40,0,2,3,0,3,3,1,0,1,9,10,11,1,0,2,0,1,0,6224,0.021,0.376,0.016
803,4.701,4.344,0,0.011,0.032,0,0,,0,,,,0,,,,,40,40,0,2,3,0,3,3,1,0,1,9,10,11,1,0,2,0,1,0,6224,0.04,0.078,0.006
804,6.566,6.221,0,0.009,0.051,0,0,,0,,,,0,,,,,40,40,0,2,3,0,3,3,1,0,1,9,10,11,1,0,2,0,1,0,6224,0.028,0.049,0.009
805,2.963,2.738,0,0.006,0.05,0,0,,0,,,,0,,,,,40,40,0,2,3,0,3,3,1,0,1,9,10,11,1,0,2,0,1,0,6224,0.025,0.043,0.004
806,3.218,2.932,0,0.007,0.044,0,0,,0,,,,0,,,,,40,40,0,2,3,0,3,3,1,0,1,9,10,11,1,0,2,0,1,0,6224,0.02,0.037,0.009
807,4.588,4.218,0,0.009,0.036,0,0,,0,,,,0,,,,,40,40,0,2,3,0,3,3,1,0,1,9,10,11,1,0,2,0,1,0,6224,0.039,0.08,0.009
808,3.307,2.977,0.001,0.007,0.03,0,0,,0,,,,0,,,,,40,40,0,2,3,0,3,3,1,0,1,9,10,11,1,0,2,0,1,0,6224,0.044,0.08,0.005
809,4.075,3.722,0,0.009,0.089,0,0,,0,,,,0,,,,,40,40,0,2,3,0,3,3,1,0,1,9,10,11,1,0,2,0,1,0,6224,0.02,0.042,0.009
810,2.991,2.761,0,0.006,0.035,0,0,,1,562.5,230207488,286633984,1,70948032,70948032,167755776,38823561584,40,40,0,2,3,0,3,3,1,0,1,9,10,11,1,0,2,0,1,0,6224,0.017,0.03,0.005
811,2.849,2.568,0.001,0.008,0.03,0,0,,0,,,,0,,,,,40,40,0,2,3,0,3,3,1,0,1,9,10,11,1,0,2,0,1,0,6224,0.028,0.051,0.006
812,3.088,2.778,0,0.005,0.041,0,0,,0,,,,0,,,,,40,40,0,2,3,0,3,3,1,0,1,9,10,11,1,0,2,0,1,0,6224,0.037,0.062,0.008
813,4.631,4.387,0.001,0.006,0.054,0,0,,0,,,,0,,,,,40,40,0,2,3,0,3,3,1,0,1,9,10,11,1,0,2,0,1,0,6224,0.021,0.034,0.005
814,5.724,5.339,0,0.008,0.053,0,0,,0,,,,0,,,,,40,40,0,2,3,0,3,3,1,0,1,9,10,11,1,0,2,0,1,0,6224,0.02,0.033,0.01
815,5.493,5.085,0,0.013,0.06,0,0,,0,,,,0,,,,,40,40,0,2,3,0,3,3,1,0,1,9,10,11,1,0,2,0,1,0,6224,0.032,0.053,0.012
816,4.477,4.118,0,0.009,0.042,0,0,,0,,,,0,,,,,40,40,0,2,3,0,3,3,1,0,1,9,10,11,1,0,2,0,1,0,6224,0.033,0.059,0.009
817,5.175,4.937,0.001,0.007,0.05,0,0,,0,,,,0,,,,,40,40,0,2,3,0,3,3,1,0,1,9,10,11,1,0,2,0,1,0,6224,0.022,0.038,0.006
818,2.558,2.247,0,0.008,0.046,0,0,,0,,,,0,,,,,40,40,0,2,3,0,3,3,1,0,1,9,10,11,1,0,2,0,1,0,6224,0.023,0.038,0.009
819,4.695,4.366,0,0.009,0.035,0,0,,0,,,,0,,,,,40,40,0,2,3,0,3,3,1,0,1,9,10,11,1,0,2,0,1,0,6224,0.037,0.062,0.007
820,4.83,4.547,0,0.008,0.031,0,0,,0,,,,0,,,,,40,40,0,2,3,0,3,3,1,0,1,9,10,11,1,0,2,0,1,0,6224,0.029,0.053,0.008
821,4.385,3.979,0,0.013,0.049,0,0,,0,,,,0,,,,,40,40,0,2,3,0,3,3,1,0,1,9,10,11,1,0,2,0,1,0,6224,0.046,0.083,0.01
822,5.546,5.24,0,0.008,0.043,0,0,,0,,,,0,,,,,40,40,0,2,3,0,3,3,1,0,1,9,10,11,1,0,2,0,1,0,6224,0.023,0.038,0.009
823,11.677,11.071,0,0.01,0.06,0,0,,0,,,,0,,,,,40,40,0,2,3,0,3,3,1,0,1,9,10,11,1,0,2,0,1,0,6224,0.04,0.07,0.096
824,4.468,4.111,0.001,0.013,0.056,0,0,,0,,,,0,,,,,40,40,0,2,3,0,3,3,1,0,1,9,10,11,1,0,2,0,1,0,6224,0.027,0.042,0.01
825,2.532,2.166,0,0.01,0.042,0,0,,0,,,,0,,,,,40,40,0,2,3,0,3,3,1,0,1,9,10,11,1,0,2,0,1,0,6224,0.044,0.061,0.006
826,4.119,3.751,0.001,0.01,0.071,0,0,,0,,,,0,,,,,40,40,0,2,3,0,3,3,1,0,1,9,10,11,1,0,2,0,1,0,6224,0.033,0.056,0.009
827,3.481,3.191,0,0.013,0.038,0,0,,0,,,,0,,,,,40,40,0,2,3,0,3,3,1,0,1,9,10,11,1,0,2,0,1,0,6224,0.032,0.039,0.006
828,4.568,4.188,0,0.009,0.049,0,0,,0,,,,0,,,,,40,40,0,2,3,0,3,3,1,0,1,9,10,11,1,0,2,0,1,0,6224,0.037,0.063,0.012
829,4.45,4.18,0,0.007,0.046,0,0,,0,,,,0,,,,,40,40,0,2,3,0,3,3,1,0,1,9,10,11,1,0,2,0,1,0,6224,0.018,0.031,0.009
830,7.067,6.7,0,0.013,0.069,0,0,,0,,,,0,,,,,40,40,0,2,3,0,3,3,1,0,1,9,10,11,1,0,2,0,1,0,6224,0.025,0.04,0.01
831,5.615,5.144,0,0.01,0.086,0,0,,0,,,,0,,,,,40,40,0,2,3,0,3,3,1,0,1,9,10,11,1,0,2,0,1,0,6224,0.024,0.037,0.01
832,5.33,5.002,0.001,0.011,0.058,0,0,,0,,,,0,,,,,40,40,0,2,3,0,3,3,1,0,1,9,10,11,1,0,2,0,1,0,6224,0.022,0.036,0.01
833,8.466,8.035,0.001,0.013,0.077,0,0,,0,,,,0,,,,,40,40,0,2,3,0,3,3,1,0,1,9,10,11,1,0,2,0,1,0,6224,0.031,0.054,0.012
834,6.043,5.731,0,0.011,0.049,0,0,,0,,,,0,,,,,40,40,0,2,3,0,3,3,1,0,1,9,10,11,1,0,2,0,1,0,6224,0.024,0.036,0.008
835,4.541,4.35,0.001,0.004,0.035,0,0,,0,,,,0,,,,,40,40,0,2,3,0,3,3,1,0,1,9,10,11,1,0,2,0,1,0,6224,0.017,0.03,0.005
836,4.149,3.97,0,0.004,0.043,0,0,,0,,,,0,,,,,40,40,0,2,3,0,3,3,1,0,1,9,10,11,1,0,2,0,1,0,6224,0.016,0.028,0.004
837,2.899,2.316,0,0.008,0.084,0,0,,0,,,,0,,,,,40,40,0,2,3,0,3,3,1,0,1,9,10,11,1,0,2,0,1,0,6224,0.035,0.06,0.009
838,1.941,1.684,0,0.007,0.03,0,0,,0,,,,0,,,,,40,40,0,2,3,0,3,3,1,0,1,9,10,11,1,0,2,0,1,0,6224,0.022,0.038,0.006
839,12.114,11.782,0,0.009,0.054,0,0,,0,,,,0,,,,,40,40,0,2,3,0,3,3,1,0,1,9,10,11,1,0,2,0,1,0,6224,0.026,0.045,0.008
840,5.853,5.479,0,0.013,0.058,0,0,,1,562.5,230207488,286633984,1,70948032,70948032,167755776,38823561584,40,40,0,2,3,0,3,3,1,0,1,9,10,11,1,0,2,0,1,0,6224,0.027,0.046,0.011
841,5.482,5.289,0,0.004,0.043,0,0,,0,,,,0,,,,,40,40,0,2,3,0,3,3,1,0,1,9,10,11,1,0,2,0,1,0,6224,0.016,0.029,0.004
842,7.36,7.026,0,0.008,0.067,0,0,,0,,,,0,,,,,40,40,0,2,3,0,3,3,1,0,1,9,10,11,1,0,2,0,1,0,6224,0.023,0.043,0.01
843,2.828,2.533,0.001,0.007,0.05,0,0,,0,,,,0,,,,,40,40,0,2,3,0,3,3,1,0,1,9,10,11,1,0,2,0,1,0,6224,0.028,0.048,0.006
844,3.24,3.011,0,0.007,0.04,0,0,,0,,,,0,,,,,40,40,0,2,3,0,3,3,1,0,1,9,10,11,1,0,2,0,1,0,6224,0.02,0.036,0.005
845,4.28,4.079,0,0.004,0.052,0,0,,0,,,,0,,,,,40,40,0,2,3,0,3,3,1,0,1,9,10,11,1,0,2,0,1,0,6224,0.018,0.031,0.003
846,3.167,2.93,0,0.005,0.048,0,0,,0,,,,0,,,,,40,40,0,2,3,0,3,3,1,0,1,9,10,11,1,0,2,0,1,0,6224,0.02,0.037,0.005
847,6.863,6.422,0,0.013,0.084,0,0,,0,,,,0,,,,,40,40,0,2,3,0,3,3,1,0,1,9,10,11,1,0,2,0,1,0,6224,0.032,0.053,0.012
848,5.675,5.3,0.001,0.009,0.054,0,0,,0,,,,0,,,,,40,40,0,2,3,0,3,3,1,0,1,9,10,11,1,0,2,0,1,0,6224,0.03,0.052,0.009
849,7.507,7.121,0,0.009,0.051,0,0,,0,,,,0,,,,,40,40,0,2,3,0,3,3,1,0,1,9,10,11,1,0,2,0,1,0,6224,0.027,0.039,0.01
850,6.788,6.452,0.001,0.012,0.053,0,0,,0,,,,0,,,,,40,40,0,2,3,0,3,3,1,0,1,9,10,11,1,0,2,0,1,0,6224,0.027,0.043,0.01
851,6.422,6.124,0,0.01,0.057,0,0,,0,,,,0,,,,,40,40,0,2,3,0,3,3,1,0,1,9,10,11,1,0,2,0,1,0,6224,0.021,0.034,0.008
852,3.166,2.863,0,0.007,0.045,0,0,,0,,,,0,,,,,40,40,0,2,3,0,3,3,1,0,1,9,10,11,1,0,2,0,1,0,6224,0.018,0.033,0.008
853,3.578,3.21,0.001,0.012,0.061,0,0,,0,,,,0,,,,,40,40,0,2,3,0,3,3,1,0,1,9,10,11,1,0,2,0,1,0,6224,0.029,0.046,0.012
854,5.032,4.828,0,0.004,0.042,0,0,,0,,,,0,,,,,40,40,0,2,3,0,3,3,1,0,1,9,10,11,1,0,2,0,1,0,6224,0.018,0.031,0.004
855,2.639,2.369,0,0.006,0.061,0,0,,0,,,,0,,,,,40,40,0,2,3,0,3,3,1,0,1,9,10,11,1,0,2,0,1,0,6224,0.026,0.047,0.004
856,2.588,2.343,0,0.007,0.05,0,0,,0,,,,0,,,,,40,40,0,2,3,0,3,3,1,0,1,9,10,11,1,0,2,0,1,0,6224,0.022,0.04,0.006
857,2.441,2.07,0.001,0.008,0.069,0,0,,0,,,,0,,,,,40,40,0,2,3,0,3,3,1,0,1,9,10,11,1,0,2,0,1,0,6224,0.053,0.054,0.009
858,1.901,1.582,0,0.008,0.062,0,0,,0,,,,0,,,,,40,40,0,2,3,0,3,3,1,0,1,9,10,11,1,0,2,0,1,0,6224,0.028,0.052,0.007
859,3.495,2.949,0.001,0.011,0.094,0,0,,0,,,,0,,,,,40,40,0,2,3,0,3,3,1,0,1,9,10,11,1,0,2,0,1,0,6224,0.044,0.076,0.009
860,1.607,1.219,0,0.008,0.075,0,0,,0,,,,0,,,,,40,40,0,2,3,0,3,3,1,0,1,9,10,11,1,0,2,0,1,0,6224,0.034,0.089,0.008
861,2.134,1.826,0.001,0.007,0.054,0,0,,0,,,,0,,,,,40,40,0,2,3,0,3,3,1,0,1,9,10,11,1,0,2,0,1,0,6224,0.026,0.048,0.005
862,2.777,2.382,0,0.014,0.081,0,0,,0,,,,0,,,,,40,40,0,2,3,0,3,3,1,0,1,9,10,11,1,0,2,0,1,0,6224,0.037,0.061,0.009
863,2.42,2.199,0,0.005,0.038,0,0,,0,,,,0,,,,,40,40,0,2,3,0,3,3,1,0,1,9,10,11,1,0,2,0,1,0,6224,0.018,0.033,0.005
864,2.443,2.042,0.001,0.01,0.069,0,0,,0,,,,0,,,,,40,40,0,2,3,0,3,3,1,0,1,9,10,11,1,0,2,0,1,0,6224,0.038,0.067,0.008
865,2.246,1.965,0,0.007,0.044,0,0,,0,,,,0,,,,,40,40,0,2,3,0,3,3,1,0,1,9,10,11,1,0,2,0,1,0,6224,0.02,0.035,0.008
866,3.213,2.882,0,0.008,0.044,0,0,,0,,,,0,,,,,40,40,0,2,3,0,3,3,1,0,1,9,10,11,1,0,2,0,1,0,6224,0.032,0.057,0.008
867,3.309,2.87,0.001,0.01,0.097,0,0,,0,,,,0,,,,,40,40,0,2,3,0,3,3,1,0,1,9,10,11,1,0,2,0,1,0,6224,0.039,0.069,0.009
868,3.118,2.831,0.001,0.009,0.045,0,0,,0,,,,0,,,,,40,40,0,2,3,0,3,3,1,0,1,9,10,11,1,0,2,0,1,0,6224,0.038,0.044,0.004
869,4.338,3.896,0,0.013,0.082,0,0,,0,,,,0,,,,,40,40,0,2,3,0,3,3,1,0,1,9,10,11,1,0,2,0,1,0,6224,0.032,0.058,0.009
870,3.21,2.862,0,0.01,0.054,0,0,,1,640.625,230273024,286633984,1,70948032,70948032,167755776,38823561584,40,40,0,2,3,0,3,3,1,0,1,9,10,11,1,0,2,0,1,0,6224,0.04,0.055,0.007
871,4.422,3.982,0,0.008,0.052,0,0,,0,,,,0,,,,,40,40,0,2,3,0,3,3,1,0,1,9,10,11,1,0,2,0,1,0,6224,0.034,0.061,0.009
872,2.662,2.313,0,0.01,0.06,0,0,,0,,,,0,,,,,40,40,0,2,3,0,3,3,1,0,1,9,10,11,1,0,2,0,1,0,6224,0.03,0.054,0.007
873,12.03,11.682,0.001,0.011,0.059,0,0,,0,,,,0,,,,,40,40,0,2,3,0,3,3,1,0,1,9,10,11,1,0,2,0,1,0,6224,0.023,0.04,0.01
874,4.803,4.615,0,0.004,0.042,0,0,,0,,,,0,,,,,40,40,0,2,3,0,3,3,1,0,1,9,10,11,1,0,2,0,1,0,6224,0.014,0.026,0.004
875,4.4,3.578,0.001,0.005,0.651,0,0,,0,,,,0,,,,,40,40,0,2,3,0,3,3,1,0,1,9,10,11,1,0,2,0,1,0,6224,0.02,0.034,0.005
876,1.687,1.342,0.001,0.007,0.073,0,0,,0,,,,0,,,,,40,40,0,2,3,0,3,3,1,0,1,9,10,11,1,0,2,0,1,0,6224,0.027,0.071,0.007
877,2.127,1.818,0.001,0.007,0.062,0,0,,0,,,,0,,,,,40,40,0,2,3,0,3,3,1,0,1,9,10,11,1,0,2,0,1,0,6224,0.028,0.05,0.006
878,2.986,2.701,0,0.005,0.056,0,0,,0,,,,0,,,,,40,40,0,2,3,0,3,3,1,0,1,9,10,11,1,0,2,0,1,0,6224,0.023,0.043,0.005
879,5.481,5.253,0.001,0.005,0.056,0,0,,0,,,,0,,,,,40,40,0,2,3,0,3,3,1,0,1,9,10,11,1,0,2,0,1,0,6224,0.02,0.034,0.004
880,6.797,6.215,0.001,0.017,0.106,0,0,,0,,,,0,,,,,40,40,0,2,3,0,3,3,1,0,1,9,10,11,1,0,2,0,1,0,6224,0.035,0.064,0.012
881,6.759,6.377,0,0.013,0.066,0,0,,0,,,,0,,,,,40,40,0,2,3,0,3,3,1,0,1,9,10,11,1,0,2,0,1,0,6224,0.027,0.046,0.011
882,4.626,4.389,0,0.006,0.04,0,0,,0,,,,0,,,,,40,40,0,2,3,0,3,3,1,0,1,9,10,11,1,0,2,0,1,0,6224,0.02,0.033,0.006
883,4.047,3.756,0,0.007,0.04,0,0,,0,,,,0,,,,,40,40,0,2,3,0,3,3,1,0,1,9,10,11,1,0,2,0,1,0,6224,0.019,0.03,0.008
884,4.844,4.537,0,0.006,0.035,0,0,,0,,,,0,,,,,40,40,0,2,3,0,3,3,1,0,1,9,10,11,1,0,2,0,1,0,6224,0.014,0.064,0.011
885,6.106,5.802,0,0.013,0.03,0,0,,0,,,,0,,,,,40,40,0,2,3,0,3,3,1,0,1,9,10,11,1,0,2,0,1,0,6224,0.04,0.033,0.006
886,3.473,3.186,0,0.011,0.065,0,0,,0,,,,0,,,,,40,40,0,2,3,0,3,3,1,0,1,9,10,11,1,0,2,0,1,0,6224,0.026,0.042,0.006
887,3.078,2.77,0.001,0.007,0.059,0,0,,0,,,,0,,,,,40,40,0,2,3,0,3,3,1,0,1,9,10,11,1,0,2,0,1,0,6224,0.024,0.043,0.008
888,2.766,2.441,0,0.007,0.037,0,0,,0,,,,0,,,,,40,40,0,2,3,0,3,3,1,0,1,9,10,11,1,0,2,0,1,0,6224,0.02,0.031,0.008
889,4.687,4.341,0.001,0.008,0.044,0,0,,0,,,,0,,,,,40,40,0,2,3,0,3,3,1,0,1,9,10,11,1,0,2,0,1,0,6224,0.034,0.063,0.008
890,2.966,2.741,0,0.006,0.036,0,0,,0,,,,0,,,,,40,40,0,2,3,0,3,3,1,0,1,9,10,11,1,0,2,0,1,0,6224,0.025,0.046,0.004
891,6.451,6.104,0.001,0.009,0.07,0,0,,0,,,,0,,,,,40,40,0,2,3,0,3,3,1,0,1,9,10,11,1,0,2,0,1,0,6224,0.023,0.041,0.016
892,7.421,6.981,0.001,0.011,0.052,0,0,,0,,,,0,,,,,40,40,0,2,3,0,3,3,1,0,1,9,10,11,1,0,2,0,1,0,6224,0.043,0.074,0.012
893,6.621,6.178,0,0.012,0.031,0,0,,0,,,,0,,,,,40,40,0,2,3,0,3,3,1,0,1,9,10,11,1,0,2,0,1,0,6224,0.049,0.088,0.012
894,6.346,5.985,0,0.011,0.054,0,0,,0,,,,0,,,,,40,40,0,2,3,0,3,3,1,0,1,9,10,11,1,0,2,0,1,0,6224,0.027,0.042,0.011
895,9.899,9.594,0,0.01,0.053,0,0,,0,,,,0,,,,,40,40,0,2,3,0,3,3,1,0,1,9,10,11,1,0,2,0,1,0,6224,0.022,0.038,0.008
896,6.383,6.026,0.001,0.011,0.058,0,0,,0,,,,0,,,,,40,40,0,2,3,0,3,3,1,0,1,9,10,11,1,0,2,0,1,0,6224,0.025,0.041,0.01
897,7.954,7.69,0,0.007,0.05,0,0,,0,,,,0,,,,,40,40,0,2,3,0,3,3,1,0,1,9,10,11,1,0,2,0,1,0,6224,0.021,0.037,0.006
898,7.98,7.604,0.001,0.012,0.06,0,0,,0,,,,0,,,,,40,40,0,2,3,0,3,3,1,0,1,9,10,11,1,0,2,0,1,0,6224,0.028,0.046,0.011
899,7.616,7.313,0,0.009,0.063,0,0,,0,,,,0,,,,,40,40,0,2,3,0,3,3,1,0,1,9,10,11,1,0,2,0,1,0,6224,0.023,0.042,0.007
900,8.619,8.277,0,0.01,0.055,0,0,,1,671.875,229240832,285016064,1,70948032,70948032,167755776,38823561584,40,40,0,2,3,0,3,3,1,0,1,9,10,11,1,0,2,0,1,0,6224,0.024,0.041,0.011
901,3.85,3.578,0,0.006,0.047,0,0,,0,,,,0,,,,,40,40,0,2,3,0,3,3,1,0,1,9,10,11,1,0,2,0,1,0,6224,0.032,0.055,0.005
902,2.191,2.011,0,0.004,0.032,0,0,,0,,,,0,,,,,40,40,0,2,3,0,3,3,1,0,1,9,10,11,1,0,2,0,1,0,6224,0.024,0.044,0.003
903,2.413,2.26,0,0.003,0.03,0,0,,0,,,,0,,,,,40,40,0,2,3,0,3,3,1,0,1,9,10,11,1,0,2,0,1,0,6224,0.021,0.039,0.002
904,3.168,2.955,0,0.004,0.042,0,0,,0,,,,0,,,,,40,40,0,2,3,0,3,3,1,0,1,9,10,11,1,0,2,0,1,0,6224,0.026,0.048,0.004
905,3.237,2.962,0,0.006,0.047,0,0,,0,,,,0,,,,,40,40,0,2,3,0,3,3,1,0,1,9,10,11,1,0,2,0,1,0,6224,0.02,0.034,0.007
906,2.516,2.21,0.001,0.007,0.039,0,0,,0,,,,0,,,,,40,40,0,2,3,0,3,3,1,0,1,9,10,11,1,0,2,0,1,0,6224,0.026,0.053,0.007
907,5.566,5.223,0.001,0.009,0.049,0,0,,0,,,,0,,,,,40,40,0,2,3,0,3,3,1,0,1,9,10,11,1,0,2,0,1,0,6224,0.038,0.065,0.006
908,3.689,3.356,0.001,0.011,0.041,0,0,,0,,,,0,,,,,40,40,0,2,3,0,3,3,1,0,1,9,10,11,1,0,2,0,1,0,6224,0.039,0.046,0.008
909,3.113,2.86,0.001,0.006,0.046,0,0,,0,,,,0,,,,,40,40,0,2,3,0,3,3,1,0,1,9,10,11,1,0,2,0,1,0,6224,0.021,0.034,0.006
910,3.477,3.227,0,0.007,0.053,0,0,,0,,,,0,,,,,40,40,0,2,3,0,3,3,1,0,1,9,10,11,1,0,2,0,1,0,6224,0.016,0.026,0.008
911,6.168,5.886,0,0.009,0.05,0,0,,0,,,,0,,,,,40,40,0,2,3,0,3,3,1,0,1,9,10,11,1,0,2,0,1,0,6224,0.029,0.05,0.006
912,7.99,7.706,0.001,0.008,0.042,0,0,,0,,,,0,,,,,40,40,0,2,3,0,3,3,1,0,1,9,10,11,1,0,2,0,1,0,6224,0.019,0.032,0.01
913,6.162,5.763,0.001,0.011,0.037,0,0,,0,,,,0,,,,,40,40,0,2,3,0,3,3,1,0,1,9,10,11,1,0,2,0,1,0,6224,0.044,0.075,0.009
914,8.786,8.309,0,0.014,0.092,0,0,,0,,,,0,,,,,40,40,0,2,3,0,3,3,1,0,1,9,10,11,1,0,2,0,1,0,6224,0.044,0.076,0.012
915,6.177,5.778,0,0.014,0.037,0,0,,0,,,,0,,,,,40,40,0,2,3,0,3,3,1,0,1,9,10,11,1,0,2,0,1,0,6224,0.038,0.06,0.012
916,5.947,5.612,0,0.008,0.063,0,0,,0,,,,0,,,,,40,40,0,2,3,0,3,3,1,0,1,9,10,11,1,0,2,0,1,0,6224,0.028,0.048,0.007
917,3.395,3.077,0,0.01,0.034,0,0,,0,,,,0,,,,,40,40,0,2,3,0,3,3,1,0,1,9,10,11,1,0,2,0,1,0,6224,0.03,0.054,0.008
918,3.418,3.056,0,0.011,0.052,0,0,,0,,,,0,,,,,40,40,0,2,3,0,3,3,1,0,1,9,10,11,1,0,2,0,1,0,6224,0.029,0.049,0.01
919,10.06,9.737,0.001,0.011,0.06,0,0,,0,,,,0,,,,,40,40,0,2,3,0,3,3,1,0,1,9,10,11,1,0,2,0,1,0,6224,0.024,0.039,0.01
920,4.781,4.366,0.001,0.012,0.072,0,0,,0,,,,0,,,,,40,40,0,2,3,0,3,3,1,0,1,9,10,11,1,0,2,0,1,0,6224,0.035,0.053,0.009
921,2.235,1.724,0,0.011,0.094,0,0,,0,,,,0,,,,,40,40,0,2,3,0,3,3,1,0,1,9,10,11,1,0,2,0,1,0,6224,0.049,0.089,0.009
922,2.843,2.567,0.001,0.01,0.045,0,0,,0,,,,0,,,,,40,40,0,2,3,0,3,3,1,0,1,9,10,11,1,0,2,0,1,0,6224,0.02,0.035,0.005
923,6.848,6.317,0,0.011,0.125,0,0,,0,,,,0,,,,,40,40,0,2,3,0,3,3,1,0,1,9,10,11,1,0,2,0,1,0,6224,0.05,0.088,0.009
924,2.18,1.989,0,0.004,0.043,0,0,,0,,,,0,,,,,40,40,0,2,3,0,3,3,1,0,1,9,10,11,1,0,2,0,1,0,6224,0.017,0.031,0.003
925,2.075,1.81,0,0.005,0.063,0,0,,0,,,,0,,,,,40,40,0,2,3,0,3,3,1,0,1,9,10,11,1,0,2,0,1,0,6224,0.023,0.041,0.005
926,3.423,3.129,0.001,0.007,0.065,0,0,,0,,,,0,,,,,40,40,0,2,3,0,3,3,1,0,1,9,10,11,1,0,2,0,1,0,6224,0.024,0.042,0.006
927,2.168,1.903,0,0.005,0.066,0,0,,0,,,,0,,,,,40,40,0,2,3,0,3,3,1,0,1,9,10,11,1,0,2,0,1,0,6224,0.02,0.036,0.005
928,2.113,1.912,0,0.004,0.045,0,0,,0,,,,0,,,,,40,40,0,2,3,0,3,3,1,0,1,9,10,11,1,0,2,0,1,0,6224,0.019,0.034,0.004
929,3.139,2.89,0,0.005,0.057,0,0,,0,,,,0,,,,,40,40,0,2,3,0,3,3,1,0,1,9,10,11,1,0,2,0,1,0,6224,0.022,0.04,0.005
930,3.777,3.554,0,0.005,0.052,0,0,,1,687.5,229240832,285016064,1,70948032,70948032,167755776,38823561584,40,40,0,2,3,0,3,3,1,0,1,9,10,11,1,0,2,0,1,0,6224,0.019,0.034,0.005
931,3.164,2.796,0,0.011,0.061,0,0,,0,,,,0,,,,,40,40,0,2,3,0,3,3,1,0,1,9,10,11,1,0,2,0,1,0,6224,0.03,0.053,0.009
932,3.091,2.703,0.001,0.011,0.064,0,0,,0,,,,0,,,,,40,40,0,2,3,0,3,3,1,0,1,9,10,11,1,0,2,0,1,0,6224,0.029,0.051,0.009
933,4.557,4.192,0,0.011,0.07,0,0,,0,,,,0,,,,,40,40,0,2,3,0,3,3,1,0,1,9,10,11,1,0,2,0,1,0,6224,0.032,0.054,0.009
934,5.452,5.252,0,0.005,0.044,0,0,,0,,,,0,,,,,40,40,0,2,3,0,3,3,1,0,1,9,10,11,1,0,2,0,1,0,6224,0.016,0.029,0.005
935,3.482,3.047,0.001,0.012,0.077,0,0,,0,,,,0,,,,,40,40,0,2,3,0,3,3,1,0,1,9,10,11,1,0,2,0,1,0,6224,0.033,0.058,0.012
936,3.691,3.312,0.001,0.011,0.068,0,0,,0,,,,0,,,,,40,40,0,2,3,0,3,3,1,0,1,9,10,11,1,0,2,0,1,0,6224,0.026,0.05,0.01
937,6.901,6.483,0,0.01,0.073,0,0,,0,,,,0,,,,,40,40,0,2,3,0,3,3,1,0,1,9,10,11,1,0,2,0,1,0,6224,0.029,0.046,0.013
938,4.353,3.995,0.001,0.009,0.075,0,0,,0,,,,0,,,,,40,40,0,2,3,0,3,3,1,0,1,9,10,11,1,0,2,0,1,0,6224,0.029,0.053,0.009
939,2.995,2.594,0,0.013,0.064,0,0,,0,,,,0,,,,,40,40,0,2,3,0,3,3,1,0,1,9,10,11,1,0,2,0,1,0,6224,0.037,0.053,0.01
940,4.525,4.255,0,0.012,0.044,0,0,,0,,,,0,,,,,40,40,0,2,3,0,3,3,1,0,1,9,10,11,1,0,2,0,1,0,6224,0.021,0.034,0.008
941,5.763,5.549,0,0.006,0.043,0,0,,0,,,,0,,,,,40,40,0,2,3,0,3,3,1,0,1,9,10,11,1,0,2,0,1,0,6224,0.017,0.031,0.005
942,6.513,6.088,0,0.009,0.062,0,0,,0,,,,0,,,,,40,40,0,2,3,0,3,3,1,0,1,9,10,11,1,0,2,0,1,0,6224,0.035,0.062,0.011
943,4.041,3.652,0.001,0.014,0.034,0,0,,0,,,,0,,,,,40,40,0,2,3,0,3,3,1,0,1,9,10,11,1,0,2,0,1,0,6224,0.047,0.055,0.008
944,3.229,3.006,0,0.005,0.038,0,0,,0,,,,0,,,,,40,40,0,2,3,0,3,3,1,0,1,9,10,11,1,0,2,0,1,0,6224,0.027,0.049,0.004
945,3.736,3.479,0,0.011,0.033,0,0,,0,,,,0,,,,,40,40,0,2,3,0,3,3,1,0,1,9,10,11,1,0,2,0,1,0,6224,0.028,0.037,0.005
946,2.814,2.383,0,0.005,0.068,0,0,,0,,,,0,,,,,40,40,0,2,3,0,3,3,1,0,1,9,10,11,1,0,2,0,1,0,6224,0.018,0.044,0.007
947,3.034,2.693,0,0.008,0.041,0,0,,0,,,,0,,,,,40,40,0,2,3,0,3,3,1,0,1,9,10,11,1,0,2,0,1,0,6224,0.036,0.066,0.009
948,5.423,5.106,0,0.008,0.044,0,0,,0,,,,0,,,,,40,40,0,2,3,0,3,3,1,0,1,9,10,11,1,0,2,0,1,0,6224,0.036,0.053,0.005
949,7.291,6.88,0.001,0.012,0.07,0,0,,0,,,,0,,,,,40,40,0,2,3,0,3,3,1,0,1,9,10,11,1,0,2,0,1,0,6224,0.032,0.054,0.011
950,5.271,4.933,0,0.011,0.035,0,0,,0,,,,0,,,,,40,40,0,2,3,0,3,3,1,0,1,9,10,11,1,0,2,0,1,0,6224,0.042,0.032,0.009
951,3.778,3.491,0,0.006,0.032,0,0,,0,,,,0,,,,,40,40,0,2,3,0,3,3,1,0,1,9,10,11,1,0,2,0,1,0,6224,0.033,0.062,0.006
952,3.011,2.784,0,0.006,0.038,0,0,,0,,,,0,,,,,40,40,0,2,3,0,3,3,1,0,1,9,10,11,1,0,2,0,1,0,6224,0.014,0.028,0.008
953,3.836,3.386,0,0.009,0.03,0,0,,0,,,,0,,,,,40,40,0,2,3,0,3,3,1,0,1,9,10,11,1,0,2,0,1,0,6224,0.031,0.054,0.006
954,2.606,1.907,0,0.008,0.078,0,0,,0,,,,0,,,,,40,40,0,2,3,0,3,3,1,0,1,9,10,11,1,0,2,0,1,0,6224,0.018,0.054,0.012
955,6.791,6.423,0,0.011,0.049,0,0,,0,,,,0,,,,,40,40,0,2,3,0,3,3,1,0,1,9,10,11,1,0,2,0,1,0,6224,0.04,0.034,0.009
956,6.3,5.77,0,0.014,0.1,0,0,,0,,,,0,,,,,40,40,0,2,3,0,3,3,1,0,1,9,10,11,1,0,2,0,1,0,6224,0.049,0.084,0.012
957,5.248,4.893,0,0.012,0.055,0,0,,0,,,,0,,,,,40,40,0,2,3,0,3,3,1,0,1,9,10,11,1,0,2,0,1,0,6224,0.026,0.041,0.011
958,3.684,3.381,0,0.007,0.039,0,0,,0,,,,0,,,,,40,40,0,2,3,0,3,3,1,0,1,9,10,11,1,0,2,0,1,0,6224,0.035,0.064,0.005
959,4.633,4.289,0.001,0.017,0.05,0,0,,0,,,,0,,,,,40,40,0,2,3,0,3,3,1,0,1,9,10,11,1,0,2,0,1,0,6224,0.028,0.041,0.01
960,3.669,3.351,0,0.007,0.042,0,0,,1,703.125,229240832,285016064,1,70948032,70948032,167755776,38823561584,40,40,0,2,3,0,3,3,1,0,1,9,10,11,1,0,2,0,1,0,6224,0.071,0.034,0.008
961,2.958,2.642,0,0.01,0.037,0,0,,0,,,,0,,,,,40,40,0,2,3,0,3,3,1,0,1,9,10,11,1,0,2,0,1,0,6224,0.022,0.071,0.008
962,3.808,3.54,0,0.012,0.041,0,0,,0,,,,0,,,,,40,40,0,2,3,0,3,3,1,0,1,9,10,11,1,0,2,0,1,0,6224,0.023,0.036,0.005
963,7.169,6.674,0.001,0.011,0.067,0,0,,0,,,,0,,,,,40,40,0,2,3,0,3,3,1,0,1,9,10,11,1,0,2,0,1,0,6224,0.033,0.092,0.015
964,2.598,2,0,0.058,0.085,0,0,,0,,,,0,,,,,40,40,0,2,3,0,3,3,1,0,1,9,10,11,1,0,2,0,1,0,6224,0.025,0.096,0.018
965,2.806,2.325,0,0.008,0.061,0,0,,0,,,,0,,,,,40,40,0,2,3,0,3,3,1,0,1,9,10,11,1,0,2,0,1,0,6224,0.061,0.048,0.012
966,3.191,2.93,0.001,0.009,0.044,0,0,,0,,,,0,,,,,40,40,0,2,3,0,3,3,1,0,1,9,10,11,1,0,2,0,1,0,6224,0.02,0.037,0.008
967,4.097,3.948,0,0.003,0.026,0,0,,0,,,,0,,,,,40,40,0,2,3,0,3,3,1,0,1,9,10,11,1,0,2,0,1,0,6224,0.013,0.022,0.002
968,5.332,5.041,0.001,0.006,0.08,0,0,,0,,,,0,,,,,40,40,0,2,3,0,3,3,1,0,1,9,10,11,1,0,2,0,1,0,6224,0.023,0.041,0.007
969,6.216,5.886,0.001,0.009,0.043,0,0,,0,,,,0,,,,,40,40,0,2,3,0,3,3,1,0,1,9,10,11,1,0,2,0,1,0,6224,0.021,0.037,0.009
970,8.032,7.697,0.001,0.007,0.072,0,0,,0,,,,0,,,,,40,40,0,2,3,0,3,3,1,0,1,9,10,11,1,0,2,0,1,0,6224,0.029,0.052,0.007
971,3.993,3.63,0,0.011,0.058,0,0,,0,,,,0,,,,,40,40,0,2,3,0,3,3,1,0,1,9,10,11,1,0,2,0,1,0,6224,0.03,0.053,0.01
972,3.403,3.084,0,0.009,0.056,0,0,,0,,,,0,,,,,40,40,0,2,3,0,3,3,1,0,1,9,10,11,1,0,2,0,1,0,6224,0.029,0.053,0.006
973,5.863,5.553,0,0.006,0.073,0,0,,0,,,,0,,,,,40,40,0,2,3,0,3,3,1,0,1,9,10,11,1,0,2,0,1,0,6224,0.029,0.052,0.005
974,2.258,1.957,0,0.006,0.065,0,0,,0,,,,0,,,,,40,40,0,2,3,0,3,3,1,0,1,9,10,11,1,0,2,0,1,0,6224,0.029,0.052,0.005
975,2.955,2.717,0,0.005,0.051,0,0,,0,,,,0,,,,,40,40,0,2,3,0,3,3,1,0,1,9,10,11,1,0,2,0,1,0,6224,0.022,0.041,0.004
976,3.242,2.949,0.001,0.008,0.051,0,0,,0,,,,0,,,,,40,40,0,2,3,0,3,3,1,0,1,9,10,11,1,0,2,0,1,0,6224,0.024,0.043,0.008
977,4.069,3.819,0,0.008,0.046,0,0,,0,,,,0,,,,,40,40,0,2,3,0,3,3,1,0,1,9,10,11,1,0,2,0,1,0,6224,0.021,0.036,0.007
978,3.533,3.306,0,0.005,0.056,0,0,,0,,,,0,,,,,40,40,0,2,3,0,3,3,1,0,1,9,10,11,1,0,2,0,1,0,6224,0.021,0.036,0.004
979,2.25,2.04,0,0.005,0.045,0,0,,0,,,,0,,,,,40,40,0,2,3,0,3,3,1,0,1,9,10,11,1,0,2,0,1,0,6224,0.02,0.035,0.003
980,3.167,2.982,0,0.004,0.046,0,0,,0,,,,0,,,,,40,40,0,2,3,0,3,3,1,0,1,9,10,11,1,0,2,0,1,0,6224,0.016,0.03,0.003
981,3.433,3.127,0.001,0.008,0.048,0,0,,0,,,,0,,,,,40,40,0,2,3,0,3,3,1,0,1,9,10,11,1,0,2,0,1,0,6224,0.024,0.042,0.008
982,3.885,3.617,0.001,0.006,0.055,0,0,,0,,,,0,,,,,40,40,0,2,3,0,3,3,1,0,1,9,10,11,1,0,2,0,1,0,6224,0.02,0.036,0.006
983,4.41,4.131,0,0.006,0.057,0,0,,0,,,,0,,,,,40,40,0,2,3,0,3,3,1,0,1,9,10,11,1,0,2,0,1,0,6224,0.021,0.037,0.006
984,4.062,3.785,0,0.008,0.054,0,0,,0,,,,0,,,,,40,40,0,2,3,0,3,3,1,0,1,9,10,11,1,0,2,0,1,0,6224,0.023,0.039,0.007
985,3.361,3.015,0.001,0.011,0.067,0,0,,0,,,,0,,,,,40,40,0,2,3,0,3,3,1,0,1,9,10,11,1,0,2,0,1,0,6224,0.028,0.05,0.009
986,2.972,2.599,0,0.011,0.058,0,0,,0,,,,0,,,,,40,40,0,2,3,0,3,3,1,0,1,9,10,11,1,0,2,0,1,0,6224,0.03,0.054,0.01
987,4.24,3.807,0,0.012,0.082,0,0,,0,,,,0,,,,,40,40,0,2,3,0,3,3,1,0,1,9,10,11,1,0,2,0,1,0,6224,0.037,0.066,0.011
988,3.208,2.834,0,0.009,0.07,0,0,,0,,,,0,,,,,40,40,0,2,3,0,3,3,1,0,1,9,10,11,1,0,2,0,1,0,6224,0.035,0.064,0.008
989,8.174,7.629,0.001,0.015,0.094,0,0,,0,,,,0,,,,,40,40,0,2,3,0,3,3,1,0,1,9,10,11,1,0,2,0,1,0,6224,0.045,0.08,0.014
990,5.403,5.108,0,0.009,0.053,0,0,,1,718.75,229240832,285016064,1,70948032,70948032,167755776,38823561584,40,40,0,2,3,0,3,3,1,0,1,9,10,11,1,0,2,0,1,0,6224,0.024,0.042,0.008
991,7.982,7.578,0.001,0.011,0.062,0,0,,0,,,,0,,,,,40,40,0,2,3,0,3,3,1,0,1,9,10,11,1,0,2,0,1,0,6224,0.029,0.047,0.011
992,4.98,4.678,0.001,0.011,0.048,0,0,,0,,,,0,,,,,40,40,0,2,3,0,3,3,1,0,1,9,10,11,1,0,2,0,1,0,6224,0.023,0.038,0.01
993,4.937,4.704,0,0.005,0.046,0,0,,0,,,,0,,,,,40,40,0,2,3,0,3,3,1,0,1,9,10,11,1,0,2,0,1,0,6224,0.02,0.036,0.006
994,6.091,5.791,0,0.008,0.052,0,0,,0,,,,0,,,,,40,40,0,2,3,0,3,3,1,0,1,9,10,11,1,0,2,0,1,0,6224,0.027,0.049,0.006
995,3.382,2.906,0.001,0.012,0.07,0,0,,0,,,,0,,,,,40,40,0,2,3,0,3,3,1,0,1,9,10,11,1,0,2,0,1,0,6224,0.038,0.064,0.012
996,3.767,3.528,0,0.007,0.043,0,0,,0,,,,0,,,,,40,40,0,2,3,0,3,3,1,0,1,9,10,11,1,0,2,0,1,0,6224,0.02,0.036,0.006
997,3.165,2.986,0,0.004,0.039,0,0,,0,,,,0,,,,,40,40,0,2,3,0,3,3,1,0,1,9,10,11,1,0,2,0,1,0,6224,0.015,0.03,0.004
998,4.447,4.244,0,0.006,0.051,0,0,,0,,,,0,,,,,40,40,0,2,3,0,3,3,1,0,1,9,10,11,1,0,2,0,1,0,6224,0.017,0.03,0.004
999,2.861,2.602,0,0.005,0.034,0,0,,0,,,,0,,,,,40,40,0,2,3,0,3,3,1,0,1,9,10,11,1,0,2,0,1,0,6224,0.017,0.061,0.006
1000,3.291,2.921,0,0.009,0.074,0,0,,0,,,,0,,,,,40,40,0,2,3,0,3,3,1,0,1,9,10,11,1,0,2,0,1,0,6224,0.034,0.057,0.009
1001,3.01,2.67,0,0.01,0.128,0,0,,0,,,,0,,,,,40,40,0,2,3,0,3,3,1,0,1,9,10,11,1,0,2,0,1,0,6224,0.022,0.04,0.007
1002,4.175,3.949,0.001,0.005,0.051,0,0,,0,,,,0,,,,,40,40,0,2,3,0,3,3,1,0,1,9,10,11,1,0,2,0,1,0,6224,0.02,0.036,0.005
1003,3.539,3.355,0,0.004,0.046,0,0,,0,,,,0,,,,,40,40,0,2,3,0,3,3,1,0,1,9,10,11,1,0,2,0,1,0,6224,0.016,0.027,0.004
1004,2.988,2.629,0,0.008,0.042,0,0,,0,,,,0,,,,,40,40,0,2,3,0,3,3,1,0,1,9,10,11,1,0,2,0,1,0,6224,0.021,0.085,0.011
1005,3.387,3.114,0,0.009,0.029,0,0,,0,,,,0,,,,,40,40,0,2,3,0,3,3,1,0,1,9,10,11,1,0,2,0,1,0,6224,0.033,0.036,0.007
1006,7.396,7.101,0,0.01,0.06,0,0,,0,,,,0,,,,,40,40,0,2,3,0,3,3,1,0,1,9,10,11,1,0,2,0,1,0,6224,0.02,0.035,0.009
1007,4.059,3.47,0,0.007,0.079,0,0,,0,,,,0,,,,,40,40,0,2,3,0,3,3,1,0,1,9,10,11,1,0,2,0,1,0,6224,0.041,0.066,0.01
1008,3.102,2.759,0,0.01,0.055,0,0,,0,,,,0,,,,,40,40,0,2,3,0,3,3,1,0,1,9,10,11,1,0,2,0,1,0,6224,0.03,0.048,0.009
1009,3.127,2.812,0.001,0.012,0.051,0,0,,0,,,,0,,,,,40,40,0,2,3,0,3,3,1,0,1,9,10,11,1,0,2,0,1,0,6224,0.026,0.038,0.007
1010,4.149,3.889,0,0.007,0.055,0,0,,0,,,,0,,,,,40,40,0,2,3,0,3,3,1,0,1,9,10,11,1,0,2,0,1,0,6224,0.023,0.04,0.005
1011,2.621,2.309,0,0.009,0.038,0,0,,0,,,,0,,,,,40,40,0,2,3,0,3,3,1,0,1,9,10,11,1,0,2,0,1,0,6224,0.032,0.058,0.007
1012,3.486,3.209,0,0.007,0.061,0,0,,0,,,,0,,,,,40,40,0,2,3,0,3,3,1,0,1,9,10,11,1,0,2,0,1,0,6224,0.02,0.034,0.006
1013,3.306,2.984,0,0.011,0.05,0,0,,0,,,,0,,,,,40,40,0,2,3,0,3,3,1,0,1,9,10,11,1,0,2,0,1,0,6224,0.026,0.04,0.009
1014,2.942,2.748,0,0.004,0.04,0,0,,0,,,,0,,,,,40,40,0,2,3,0,3,3,1,0,1,9,10,11,1,0,2,0,1,0,6224,0.017,0.031,0.004
1015,4.681,4.307,0,0.009,0.044,0,0,,0,,,,0,,,,,40,40,0,2,3,0,3,3,1,0,1,9,10,11,1,0,2,0,1,0,6224,0.045,0.081,0.008
1016,4.175,3.977,0,0.005,0.042,0,0,,0,,,,0,,,,,40,40,0,2,3,0,3,3,1,0,1,9,10,11,1,0,2,0,1,0,6224,0.02,0.033,0.004
1017,3.139,2.717,0.001,0.01,0.05,0,0,,0,,,,0,,,,,40,40,0,2,3,0,3,3,1,0,1,9,10,11,1,0,2,0,1,0,6224,0.079,0.076,0.009
1018,2.727,2.431,0,0.009,0.034,0,0,,0,,,,0,,,,,40,40,0,2,3,0,3,3,1,0,1,9,10,11,1,0,2,0,1,0,6224,0.043,0.066,0.004
1019,3.481,3.171,0,0.006,0.045,0,0,,0,,,,0,,,,,40,40,0,2,3,0,3,3,1,0,1,9,10,11,1,0,2,0,1,0,6224,0.035,0.091,0.005
1020,2.193,1.923,0,0.005,0.05,0,0,,1,750,229240832,285016064,1,70948032,70948032,167755776,38823561584,40,40,0,2,3,0,3,3,1,0,1,9,10,11,1,0,2,0,1,0,6224,0.03,0.054,0.005
1021,3.635,3.407,0,0.007,0.045,0,0,,0,,,,0,,,,,40,40,0,2,3,0,3,3,1,0,1,9,10,11,1,0,2,0,1,0,6224,0.016,0.029,0.004
1022,3.015,2.713,0,0.006,0.039,0,0,,0,,,,0,,,,,40,40,0,2,3,0,3,3,1,0,1,9,10,11,1,0,2,0,1,0,6224,0.031,0.064,0.006
1023,2.804,2.564,0,0.011,0.031,0,0,,0,,,,0,,,,,40,40,0,2,3,0,3,3,1,0,1,9,10,11,1,0,2,0,1,0,6224,0.018,0.032,0.007
1024,2.907,2.618,0.001,0.008,0.033,0,0,,0,,,,0,,,,,40,40,0,2,3,0,3,3,1,0,1,9,10,11,1,0,2,0,1,0,6224,0.03,0.052,0.007
1025,5.839,5.52,0,0.006,0.038,0,0,,0,,,,0,,,,,40,40,0,2,3,0,3,3,1,0,1,9,10,11,1,0,2,0,1,0,6224,0.073,0.06,0.007
1026,2.607,2.324,0,0.007,0.039,0,0,,0,,,,0,,,,,40,40,0,2,3,0,3,3,1,0,1,9,10,11,1,0,2,0,1,0,6224,0.017,0.084,0.006
1027,2.246,1.789,0,0.006,0.171,0,0,,0,,,,0,,,,,40,40,0,2,3,0,3,3,1,0,1,9,10,11,1,0,2,0,1,0,6224,0.022,0.087,0.007
1028,1.917,1.642,0,0.008,0.039,0,0,,0,,,,0,,,,,40,40,0,2,3,0,3,3,1,0,1,9,10,11,1,0,2,0,1,0,6224,0.021,0.036,0.008
1029,1.928,1.778,0,0.004,0.022,0,0,,0,,,,0,,,,,40,40,0,2,3,0,3,3,1,0,1,9,10,11,1,0,2,0,1,0,6224,0.016,0.028,0.004
1030,5.485,5.169,0.001,0.014,0.03,0,0,,0,,,,0,,,,,40,40,0,2,3,0,3,3,1,0,1,9,10,11,1,0,2,0,1,0,6224,0.041,0.033,0.007
1031,7.204,6.347,0.001,0.007,0.102,0,0,,0,,,,0,,,,,40,40,0,2,3,0,3,3,1,0,1,9,10,11,1,0,2,0,1,0,6224,0.139,0.075,0.012
1032,2.68,2.373,0,0.008,0.032,0,0,,0,,,,0,,,,,40,40,0,2,3,0,3,3,1,0,1,9,10,11,1,0,2,0,1,0,6224,0.026,0.046,0.009
1033,2.911,2.73,0,0.005,0.026,0,0,,0,,,,0,,,,,40,40,0,2,3,0,3,3,1,0,1,9,10,11,1,0,2,0,1,0,6224,0.022,0.038,0.004
1034,4.836,4.314,0.001,0.01,0.111,0,0,,0,,,,0,,,,,40,40,0,2,3,0,3,3,1,0,1,9,10,11,1,0,2,0,1,0,6224,0.05,0.089,0.009
1035,3.133,2.856,0,0.007,0.041,0,0,,0,,,,0,,,,,40,40,0,2,3,0,3,3,1,0,1,9,10,11,1,0,2,0,1,0,6224,0.027,0.048,0.005
1036,3.217,2.784,0,0.009,0.091,0,0,,0,,,,0,,,,,40,40,0,2,3,0,3,3,1,0,1,9,10,11,1,0,2,0,1,0,6224,0.042,0.074,0.008
1037,2.019,1.812,0,0.006,0.034,0,0,,0,,,,0,,,,,40,40,0,2,3,0,3,3,1,0,1,9,10,11,1,0,2,0,1,0,6224,0.017,0.03,0.005
1038,2.109,1.993,0,0.004,0.022,0,0,,0,,,,0,,,,,40,40,0,2,3,0,3,3,1,0,1,9,10,11,1,0,2,0,1,0,6224,0.013,0.021,0.002
1039,5.533,5.352,0,0.002,0.061,0,0,,0,,,,0,,,,,40,40,0,2,3,0,3,3,1,0,1,9,10,11,1,0,2,0,1,0,6224,0.012,0.025,0.002
1040,2.432,2.249,0,0.005,0.027,0,0,,0,,,,0,,,,,40,40,0,2,3,0,3,3,1,0,1,9,10,11,1,0,2,0,1,0,6224,0.016,0.028,0.004
1041,4.282,3.466,0,0.011,0.093,0,0,,0,,,,0,,,,,40,40,0,2,3,0,3,3,1,0,1,9,10,11,1,0,2,0,1,0,6224,0.037,0.067,0.009
1042,5.535,4.664,0,0.421,0.079,0,0,,0,,,,0,,,,,40,40,0,2,3,0,3,3,1,0,1,9,10,11,1,0,2,0,1,0,6224,0.038,0.069,0.011
1043,5.712,5.353,0,0.01,0.041,0,0,,0,,,,0,,,,,40,40,0,2,3,0,3,3,1,0,1,9,10,11,1,0,2,0,1,0,6224,0.049,0.052,0.006
1044,2.69,2.31,0,0.015,0.035,0,0,,0,,,,0,,,,,40,40,0,2,3,0,3,3,1,0,1,9,10,11,1,0,2,0,1,0,6224,0.038,0.063,0.011
1045,2.195,1.85,0.001,0.058,0.036,0,0,,0,,,,0,,,,,40,40,0,2,3,0,3,3,1,0,1,9,10,11,1,0,2,0,1,0,6224,0.028,0.033,0.005
1046,2.166,1.903,0.001,0.015,0.019,0,0,,0,,,,0,,,,,40,40,0,2,3,0,3,3,1,0,1,9,10,11,1,0,2,0,1,0,6224,0.043,0.053,0.003
1047,3.096,2.766,0,0.01,0.039,0,0,,0,,,,0,,,,,40,40,0,2,3,0,3,3,1,0,1,9,10,11,1,0,2,0,1,0,6224,0.036,0.057,0.006
1048,3.729,3.377,0,0.007,0.04,0,0,,0,,,,0,,,,,40,40,0,2,3,0,3,3,1,0,1,9,10,11,1,0,2,0,1,0,6224,0.037,0.063,0.008
1049,4.916,4.583,0,0.014,0.04,0,0,,0,,,,0,,,,,40,40,0,2,3,0,3,3,1,0,1,9,10,11,1,0,2,0,1,0,6224,0.049,0.034,0.006
1050,5.671,5.299,0,0.01,0.041,0,0,,1,750,229261312,285052928,1,70948032,70948032,167755776,38823561584,40,40,0,2,3,0,3,3,1,0,1,9,10,11,1,0,2,0,1,0,6224,0.031,0.057,0.01
1051,3.055,2.664,0.001,0.013,0.034,0,0,,0,,,,0,,,,,40,40,0,2,3,0,3,3,1,0,1,9,10,11,1,0,2,0,1,0,6224,0.046,0.079,0.008
1052,3.655,3.362,0,0.009,0.029,0,0,,0,,,,0,,,,,40,40,0,2,3,0,3,3,1,0,1,9,10,11,1,0,2,0,1,0,6224,0.032,0.058,0.006
1053,3.133,2.877,0,0.007,0.028,0,0,,0,,,,0,,,,,40,40,0,2,3,0,3,3,1,0,1,9,10,11,1,0,2,0,1,0,6224,0.041,0.064,0.003
1054,3.766,3.402,0.001,0.023,0.046,0,0,,0,,,,0,,,,,40,40,0,2,3,0,3,3,1,0,1,9,10,11,1,0,2,0,1,0,6224,0.032,0.047,0.007
1055,2.1,1.776,0,0.009,0.047,0,0,,0,,,,0,,,,,40,40,0,2,3,0,3,3,1,0,1,9,10,11,1,0,2,0,1,0,6224,0.036,0.066,0.006
1056,1.978,1.729,0,0.006,0.024,0,0,,0,,,,0,,,,,40,40,0,2,3,0,3,3,1,0,1,9,10,11,1,0,2,0,1,0,6224,0.028,0.053,0.005
1057,2.628,2.321,0,0.007,0.038,0,0,,0,,,,0,,,,,40,40,0,2,3,0,3,3,1,0,1,9,10,11,1,0,2,0,1,0,6224,0.018,0.063,0.008
1058,1.946,1.747,0.001,0.005,0.033,0,0,,0,,,,0,,,,,40,40,0,2,3,0,3,3,1,0,1,9,10,11,1,0,2,0,1,0,6224,0.024,0.045,0.003
1059,2.868,2.626,0,0.004,0.035,0,0,,0,,,,0,,,,,40,40,0,2,3,0,3,3,1,0,1,9,10,11,1,0,2,0,1,0,6224,0.032,0.058,0.003
1060,2.724,2.435,0,0.012,0.038,0,0,,0,,,,0,,,,,40,40,0,2,3,0,3,3,1,0,1,9,10,11,1,0,2,0,1,0,6224,0.03,0.048,0.007
1061,3.566,3.288,0.001,0.007,0.027,0,0,,0,,,,0,,,,,40,40,0,2,3,0,3,3,1,0,1,9,10,11,1,0,2,0,1,0,6224,0.034,0.062,0.008
1062,2.982,2.806,0,0.005,0.027,0,0,,0,,,,0,,,,,40,40,0,2,3,0,3,3,1,0,1,9,10,11,1,0,2,0,1,0,6224,0.023,0.04,0.003
1063,3.739,3.411,0,0.01,0.036,0,0,,0,,,,0,,,,,40,40,0,2,3,0,3,3,1,0,1,9,10,11,1,0,2,0,1,0,6224,0.036,0.061,0.007
1064,2.155,1.943,0,0.006,0.039,0,0,,0,,,,0,,,,,40,40,0,2,3,0,3,3,1,0,1,9,10,11,1,0,2,0,1,0,6224,0.024,0.044,0.003
1065,2.325,2.133,0,0.004,0.036,0,0,,0,,,,0,,,,,40,40,0,2,3,0,3,3,1,0,1,9,10,11,1,0,2,0,1,0,6224,0.025,0.047,0.003
1066,3.954,3.568,0.001,0.012,0.081,0,0,,0,,,,0,,,,,40,40,0,2,3,0,3,3,1,0,1,9,10,11,1,0,2,0,1,0,6224,0.036,0.061,0.007
1067,2.957,2.684,0.001,0.007,0.035,0,0,,0,,,,0,,,,,40,40,0,2,3,0,3,3,1,0,1,9,10,11,1,0,2,0,1,0,6224,0.025,0.045,0.005
1068,2.335,2.079,0.001,0.009,0.033,0,0,,0,,,,0,,,,,40,40,0,2,3,0,3,3,1,0,1,9,10,11,1,0,2,0,1,0,6224,0.031,0.034,0.006
1069,2.924,2.66,0,0.005,0.044,0,0,,0,,,,0,,,,,40,40,0,2,3,0,3,3,1,0,1,9,10,11,1,0,2,0,1,0,6224,0.031,0.057,0.005
1070,3.037,2.816,0,0.005,0.023,0,0,,0,,,,0,,,,,40,40,0,2,3,0,3,3,1,0,1,9,10,11,1,0,2,0,1,0,6224,0.031,0.059,0.005
1071,2.906,2.734,0,0.005,0.034,0,0,,0,,,,0,,,,,40,40,0,2,3,0,3,3,1,0,1,9,10,11,1,0,2,0,1,0,6224,0.022,0.037,0.003
1072,2.461,2.21,0,0.045,0.023,0,0,,0,,,,0,,,,,40,40,0,2,3,0,3,3,1,0,1,9,10,11,1,0,2,0,1,0,6224,0.022,0.04,0.003
1073,3.271,2.919,0,0.009,0.046,0,0,,0,,,,0,,,,,40,40,0,2,3,0,3,3,1,0,1,9,10,11,1,0,2,0,1,0,6224,0.034,0.059,0.009
1074,2.666,2.37,0,0.012,0.031,0,0,,0,,,,0,,,,,40,40,0,2,3,0,3,3,1,0,1,9,10,11,1,0,2,0,1,0,6224,0.019,0.028,0.006
1075,3.558,3.258,0,0.01,0.035,0,0,,0,,,,0,,,,,40,40,0,2,3,0,3,3,1,0,1,9,10,11,1,0,2,0,1,0,6224,0.035,0.062,0.006
1076,2.622,2.429,0,0.005,0.036,0,0,,0,,,,0,,,,,40,40,0,2,3,0,3,3,1,0,1,9,10,11,1,0,2,0,1,0,6224,0.023,0.04,0.003
1077,4.533,4.148,0.001,0.01,0.039,0,0,,0,,,,0,,,,,40,40,0,2,3,0,3,3,1,0,1,9,10,11,1,0,2,0,1,0,6224,0.1,0.053,0.01
1078,3.018,2.699,0,0.008,0.05,0,0,,0,,,,0,,,,,40,40,0,2,3,0,3,3,1,0,1,9,10,11,1,0,2,0,1,0,6224,0.027,0.046,0.008
1079,4.632,4.385,0,0.006,0.037,0,0,,0,,,,0,,,,,40,40,0,2,3,0,3,3,1,0,1,9,10,11,1,0,2,0,1,0,6224,0.015,0.027,0.006
1080,5.546,5.219,0.001,0.011,0.044,0,0,,1,765.625,229261312,285052928,1,70948032,70948032,167755776,38823561584,40,40,0,2,3,0,3,3,1,0,1,9,10,11,1,0,2,0,1,0,6224,0.049,0.029,0.006
1081,4.054,3.806,0.001,0.006,0.046,0,0,,0,,,,0,,,,,40,40,0,2,3,0,3,3,1,0,1,9,10,11,1,0,2,0,1,0,6224,0.017,0.029,0.008
1082,3.312,2.855,0.001,0.012,0.032,0,0,,0,,,,0,,,,,40,40,0,2,3,0,3,3,1,0,1,9,10,11,1,0,2,0,1,0,6224,0.039,0.075,0.011
1083,6.512,6.195,0,0.01,0.034,0,0,,0,,,,0,,,,,40,40,0,2,3,0,3,3,1,0,1,9,10,11,1,0,2,0,1,0,6224,0.042,0.077,0.007
1084,2.241,2.001,0,0.004,0.046,0,0,,0,,,,0,,,,,40,40,0,2,3,0,3,3,1,0,1,9,10,11,1,0,2,0,1,0,6224,0.02,0.058,0.004
1085,5.48,5.1,0,0.006,0.039,0,0,,0,,,,0,,,,,40,40,0,2,3,0,3,3,1,0,1,9,10,11,1,0,2,0,1,0,6224,0.021,0.112,0.009
1086,2.421,2.093,0,0.009,0.032,0,0,,0,,,,0,,,,,40,40,0,2,3,0,3,3,1,0,1,9,10,11,1,0,2,0,1,0,6224,0.031,0.058,0.007
1087,3.431,3.215,0,0.006,0.027,0,0,,0,,,,0,,,,,40,40,0,2,3,0,3,3,1,0,1,9,10,11,1,0,2,0,1,0,6224,0.023,0.043,0.004
1088,2.333,2.134,0,0.006,0.031,0,0,,0,,,,0,,,,,40,40,0,2,3,0,3,3,1,0,1,9,10,11,1,0,2,0,1,0,6224,0.027,0.047,0.003
1089,2.319,2.11,0,0.005,0.038,0,0,,0,,,,0,,,,,40,40,0,2,3,0,3,3,1,0,1,9,10,11,1,0,2,0,1,0,6224,0.024,0.044,0.004
1090,3.488,3.178,0.001,0.008,0.048,0,0,,0,,,,0,,,,,40,40,0,2,3,0,3,3,1,0,1,9,10,11,1,0,2,0,1,0,6224,0.029,0.052,0.006
1091,3.262,2.988,0,0.006,0.028,0,0,,0,,,,0,,,,,40,40,0,2,3,0,3,3,1,0,1,9,10,11,1,0,2,0,1,0,6224,0.025,0.075,0.005
1092,3.387,3.044,0.001,0.01,0.082,0,0,,0,,,,0,,,,,40,40,0,2,3,0,3,3,1,0,1,9,10,11,1,0,2,0,1,0,6224,0.032,0.056,0.004
1093,4.826,4.377,0,0.008,0.207,0,0,,0,,,,0,,,,,40,40,0,2,3,0,3,3,1,0,1,9,10,11,1,0,2,0,1,0,6224,0.028,0.048,0.005
1094,2.188,1.89,0,0.007,0.048,0,0,,0,,,,0,,,,,40,40,0,2,3,0,3,3,1,0,1,9,10,11,1,0,2,0,1,0,6224,0.07,0.022,0.034
1095,3.223,3.102,0,0.003,0.022,0,0,,0,,,,0,,,,,40,40,0,2,3,0,3,3,1,0,1,9,10,11,1,0,2,0,1,0,6224,0.01,0.019,0.003
1096,3.55,3.32,0,0.005,0.05,0,0,,0,,,,0,,,,,40,40,0,2,3,0,3,3,1,0,1,9,10,11,1,0,2,0,1,0,6224,0.014,0.023,0.005
1097,4.239,4.059,0,0.008,0.034,0,0,,0,,,,0,,,,,40,40,0,2,3,0,3,3,1,0,1,9,10,11,1,0,2,0,1,0,6224,0.013,0.022,0.004
1098,3.451,3.09,0,0.009,0.073,0,0,,0,,,,0,,,,,40,40,0,2,3,0,3,3,1,0,1,9,10,11,1,0,2,0,1,0,6224,0.033,0.063,0.007
1099,6.729,6.346,0.001,0.01,0.066,0,0,,0,,,,0,,,,,40,40,0,2,3,0,3,3,1,0,1,9,10,11,1,0,2,0,1,0,6224,0.029,0.051,0.01
1100,8.563,8.278,0,0.009,0.033,0,0,,0,,,,0,,,,,40,40,0,2,3,0,3,3,1,0,1,9,10,11,1,0,2,0,1,0,6224,0.028,0.046,0.009
1101,3.311,3.109,0,0.006,0.03,0,0,,0,,,,0,,,,,40,40,0,2,3,0,3,3,1,0,1,9,10,11,1,0,2,0,1,0,6224,0.026,0.047,0.005
1102,4.591,4.002,0,0.007,0.134,0,0,,0,,,,0,,,,,40,40,0,2,3,0,3,3,1,0,1,9,10,11,1,0,2,0,1,0,6224,0.018,0.074,0.012
1103,3.405,2.59,0,0.013,0.074,0,0,,0,,,,0,,,,,40,40,0,2,3,0,3,3,1,0,1,9,10,11,1,0,2,0,1,0,6224,0.382,0.068,0.013
1104,3.984,3.541,0.001,0.013,0.075,0,0,,0,,,,0,,,,,40,40,0,2,3,0,3,3,1,0,1,9,10,11,1,0,2,0,1,0,6224,0.037,0.065,0.011
1105,4.912,4.539,0,0.013,0.061,0,0,,0,,,,0,,,,,40,40,0,2,3,0,3,3,1,0,1,9,10,11,1,0,2,0,1,0,6224,0.035,0.044,0.009
1106,6.81,6.314,0.001,0.01,0.105,0,0,,0,,,,0,,,,,40,40,0,2,3,0,3,3,1,0,1,9,10,11,1,0,2,0,1,0,6224,0.036,0.064,0.011
1107,6.11,5.676,0,0.01,0.059,0,0,,0,,,,0,,,,,40,40,0,2,3,0,3,3,1,0,1,9,10,11,1,0,2,0,1,0,6224,0.027,0.046,0.01
1108,6.919,6.419,0,0.014,0.098,0,0,,0,,,,0,,,,,40,40,0,2,3,0,3,3,1,0,1,9,10,11,1,0,2,0,1,0,6224,0.04,0.069,0.013
1109,6.198,5.857,0,0.009,0.065,0,0,,0,,,,0,,,,,40,40,0,2,3,0,3,3,1,0,1,9,10,11,1,0,2,0,1,0,6224,0.022,0.037,0.009

summary_metric,count,median,p95,p99
wall_ms,1110,3.6235,8.22465,16.52342
frame_wait_ms,1110,3.3445,7.80545,16.16433
scene_advance_ms,1110,0,0.001,0.001
view_build_ms,1110,0.008,0.013,0.02264
render_submit_ms,1110,0.044,0.087,0.16637
gpu_ms,1110,3.01398430142,7.44352846411,11.6881747146

gpu_sample_serial,gpu_ms
277,3.73802074207
278,2.81781243121
279,4.83203113203
280,4.48765614044
281,7.63880189684
282,5.64328111222
283,6.33026026212
284,7.47302065089
285,6.52036442414
286,29.5941138608
287,11.5859893005
288,8.73098937017
289,10.0588539211
290,5.22390612246
291,5.3058332038
292,14.5822913107
293,5.83473944088
294,9.11640602743
295,11.6982809644
296,5.71614569378
297,17.0186454178
298,26.3686972729
299,8.34479146294
300,5.38859361844
301,5.51072903213
302,5.41411445115
303,5.84458319064
304,5.97677068742
305,5.52765611505
306,8.13499980139
307,5.22994778898
308,4.8660936312
309,6.73145816899
310,4.75473946725
311,5.82130194121
312,5.02494779399
313,16.2663537695
314,4.94010404606
315,5.29687487068
316,5.31901028681
317,6.51609359092
318,7.0791144105
319,5.66453111171
320,5.93682277172
321,8.21031229955
322,5.86963527337
323,6.157708183
324,7.5134893999
325,11.5618747177
326,23.6837494218
327,6.13177068363
328,5.48401028278
329,7.82927064219
330,7.6363018969
331,7.62114564727
332,7.81624980917
333,7.68645814568
334,7.90682272363
335,6.87984358204
336,6.54713525682
337,5.69484361097
338,4.99479154472
339,6.31531234582
340,6.61598942181
341,7.21838524044
342,6.86911441563
343,4.52156238961
344,5.26463528814
345,6.38723942739
346,2.07874994925
347,3.07942700815
348,2.07697911596
349,2.08765619903
350,2.06833328284
351,2.91796867876
352,1.94812495244
353,3.36619783448
354,3.90270823805
355,5.51161444877
356,3.69666657642
357,2.52234368842
358,1.94598953582
359,1.93901036933
360,1.93020828621
361,2.75744784935
362,3.40755200014
363,2.79385409846
364,2.78348951538
365,2.39968744141
366,1.98416661823
367,2.07020828279
368,2.62718743586
369,2.08578119908
370,2.08447911578
371,3.03161450932
372,2.97385409406
373,3.56307282968
374,2.90104159584
375,16.4571350149
376,2.73718743317
377,4.80083321613
378,6.15343734977
379,2.81005201473
380,2.8057811815
381,2.78901034858
382,2.79682284838
383,2.87848951306
384,2.93140617843
385,2.07322911605
386,2.58697910351
387,2.42119785756
388,5.32385403669
389,3.46979158195
390,2.87192701322
391,2.75781243267
392,2.7456770163
393,2.98614576043
394,4.35010406046
395,2.83088534755
396,2.74296868303
397,5.13614570794
398,4.43859364164
399,3.23437492104
400,4.01531240197
401,1.95869786885
402,1.94958328574
403,1.93989578597
404,1.99999995117
405,2.38765619171
406,3.22744783787
407,2.10223953201
408,2.08635411573
409,2.07666661597
410,5.51192694876
411,4.83786446522
412,4.69098946881
413,2.26088536147
414,2.06968744947
415,1.94973953573
416,1.96369786872
417,3.27604158669
418,1.93682286938
419,6.46796859209
420,3.45739574892
421,2.78979159856
422,3.51213533092
423,2.38588535842
424,3.46666658203
425,2.13515619787
426,2.07765619928
427,3.49510408134
428,2.61562493614
429,2.82380201439
430,2.09953119874
431,2.08036453254
432,2.10973953183
433,2.72802076673
434,1.9620312021
435,2.46489577316
436,2.78166659875
437,2.77890618216
438,4.05927073423
439,3.76859365799
440,5.63026027921
441,4.64619780323
442,2.09130203228
443,3.71927074253
444,3.06744784178
445,4.22354156355
446,5.20223945633
447,2.97427076072
448,3.59781241216
449,5.4109373679
450,4.73114571783
451,2.15812494731
452,2.08421869912
453,2.07374994937
454,1.9279166196
455,1.93822911935
456,1.86312495451
457,2.71161451713
458,2.921770762
459,2.6199478527
460,2.06817703284
461,4.01557281863
462,3.37020825105
463,2.77505201558
464,2.71281243377
465,3.55203116328
466,2.81401034797
467,2.07239578274
468,2.7334895166
469,2.68489576778
470,2.65317701856
471,2.07182286609
472,2.07718744929
473,2.63885410224
474,2.49458327243
475,2.74010409977
476,2.49760410569
477,1.96968745191
478,3.32031241894
479,2.6828124345
480,2.07286453273
481,2.07223953274
482,2.06546869957
483,2.06114578301
484,1.98583328485
485,1.93666661938
486,2.53713535472
487,2.76473951583
488,2.71953118361
489,2.4139582744
490,3.43572908279
491,2.73359368326
492,5.02380196068
493,2.69624993417
494,2.83645826408
495,2.77901034882
496,2.78322909872
497,2.64208326883
498,2.07057286612
499,1.94828120243
500,2.48828118925
501,3.65963532732
502,3.46749991534
503,2.7591665993
504,2.08114578252
505,3.658958244
506,3.07854159151
507,2.84874993045
508,2.92302076197
509,2.92166659534
510,5.59588528005
511,5.66307277841
512,3.64145824443
513,3.00078117674
514,2.96468742762
515,2.81098951471
516,2.16421869716
517,3.64229157774
518,3.01520825972
519,3.01401034308
520,4.57578113829
521,7.04286441139
522,2.87119784657
523,2.86526034671
524,2.88723951284
525,5.29682278735
526,5.93401027179
527,1.96020828548
528,1.95177078568
529,2.6379686856
530,2.12296869817
531,2.08104161586
532,3.13958325668
533,4.15802073182
534,3.64442699436
535,4.87854154756
536,1.95119786903
537,1.95432286895
538,2.07057286612
539,3.34781241827
540,2.92822909518
541,15.7735412816
542,7.06484357752
543,2.83932284735
544,3.9541144868
545,2.83953118068
546,4.90015613037
547,2.89791659592
548,1.88328120402
549,6.27374984683
550,7.31874982132
551,6.1564060997
552,6.43588525954
553,2.97421867739
554,3.05651034204
555,2.80098951495
556,2.78588534865
557,3.46067699884
558,2.70348951733
559,2.39390619156
560,2.37119785878
561,3.38765616729
562,4.07302073389
563,3.33229158531
564,6.07541651834
565,6.67921858693
566,3.40791658347
567,2.4329686906
568,2.10244786534
569,2.07619786598
570,2.7154686837
571,2.10213536535
572,1.94328120256
573,3.08708325797
574,2.36536452559
575,2.10567703193
576,3.93947907049
577,2.97093742747
578,9.55572893337
579,5.34781236944
580,3.56864574621
581,2.84703118049
582,5.7738540257
583,5.47718736628
584,6.22213526476
585,5.89052068952
586,8.26885396479
587,5.63557277908
588,7.5173956498
589,7.76796856035
590,6.9207289977
591,5.64749986212
592,2.08578119908
593,2.6392707689
594,2.50104160561
595,2.07880203258
596,6.42026025992
597,4.1165623995
598,5.38583320184
599,5.56307278085
600,2.07635411597
601,2.96609367759
602,2.78192701542
603,6.15442693308
604,7.6923435622
605,6.00567693671
606,2.95187492793
607,5.83781235748
608,10.2879684988
609,7.44598940155
610,6.48223942508
611,5.77749985895
612,5.31895820348
613,2.01843745072
614,2.52192702176
615,1.93999995264
616,6.28609359653
617,2.41807285763
618,3.96723948648
619,2.85791659689
620,4.24713531298
621,2.85692701358
622,1.98812495146
623,2.92406242861
624,1.96744786863
625,1.97520828511
626,1.96604161867
627,5.63109361252
628,4.81848946569
629,2.98093742722
630,3.48411449827
631,4.76015613379
632,5.93322902181
633,6.09046860131
634,2.69510410087
635,3.45869783223
636,2.70156243404
637,5.515885282
638,6.4497915092
639,6.50494775785
640,4.90145821367
641,6.26052068049
642,6.45744775901
643,3.74687490852
644,3.50171866451
645,4.01239573537
646,2.73359368326
647,2.71781243365
648,3.80302074049
649,4.10906239968
650,3.78578115757
651,1.95041661905
652,2.76031243261
653,2.88223951297
654,3.91057282119
655,2.73031243334
656,2.75026034952
657,3.43755199941
658,2.77458326559
659,2.78682284863
660,2.76307284921
661,3.01166659314
662,3.50833324768
663,2.72937493336
664,2.74479159966
665,2.92458326193
666,5.024479044
667,6.34609359507
668,5.5227081985
669,4.44661447477
670,5.11635404176
671,4.0619790675
672,2.75151034949
673,3.32765616876
674,2.7018228507
675,3.07390617495
676,3.14338533992
677,2.68911451768
678,4.48734364045
679,2.87135409657
680,2.06067703302
681,2.06822911617
682,2.40260410801
683,3.27453117006
684,2.72161451689
685,2.73677076652
686,4.22828114677
687,3.36333325122
688,2.06343744962
689,2.67239576809
690,2.77770826552
691,2.07906244924
692,2.54937493776
693,3.01958325961
694,2.39734369147
695,2.10453119862
696,2.57041660391
697,3.12489575704
698,1.96374995206
699,4.52973947274
700,6.42567692646
701,6.06874985184
702,6.15749984967
703,10.6660414063
704,5.75703110945
705,6.01973943637
706,6.53666650708
707,5.61765611285
708,6.63593733799
709,5.75770819276
710,6.38666651074
711,6.69338525325
712,7.44052065168
713,5.99192693705
714,5.97302068751
715,7.91374980679
716,6.12682276709
717,2.82791659763
718,5.10536445869
719,5.51953111525
720,5.01322904427
721,5.77098944244
722,5.36494778569
723,5.92765610528
724,4.98671862825
725,6.10010401774
726,5.6510415287
727,6.93296858074
728,7.12479149272
729,7.80249980951
730,16.6280204274
731,2.84749993048
732,3.3244790855
733,2.07958328256
734,2.0970311988
735,2.65932285174
736,2.0877603657
737,2.08989578231
738,2.09968744874
739,7.91260397349
740,6.48229150841
741,15.4255204567
742,5.36390611905
743,5.07562487608
744,7.35994773698
745,5.70755194399
746,15.8905725287
747,6.37369776106
748,4.70255196852
749,4.93656237948
750,6.74265608538
751,5.09229154234
752,4.91145821342
753,4.82453113221
754,8.02182272082
755,4.18604156447
756,2.62088535268
757,3.47302074854
758,2.58463535357
759,3.07796867485
760,2.51255202199
761,2.53473952145
762,2.46109368991
763,2.41505202437
764,2.40333327466
765,4.34890614383
766,3.86583323895
767,3.35260408482
768,2.12541661478
769,2.64843743534
770,2.13906244778
771,2.07468744935
772,2.08140619918
773,2.06463536626
774,2.06781244952
775,2.31328119352
776,3.19781242193
777,1.96109370212
778,1.94932286908
779,1.93770828603
780,2.07770828261
781,2.15302078077
782,2.6459374354
783,2.22052077912
784,2.74088534975
785,2.74864576623
786,2.7827082654
787,2.81208326468
788,3.49088533144
789,2.8028645149
790,2.81515618127
791,2.8701040966
792,6.29312484636
793,1.93656245272
794,1.94729161913
795,2.07927078257
796,2.49781243902
797,4.23624989658
798,3.93380198729
799,2.78536451533
800,2.0711978661
801,2.08088536586
802,2.6776041013
803,4.01239573537
804,3.47432283184
805,3.19713533861
806,1.98078120164
807,2.59890618655
808,2.07463536602
809,4.11874989944
810,2.91526034549
811,2.80869784809
812,2.7157811837
813,2.07406244936
814,2.07604161598
815,2.07729161595
816,2.06874994949
817,2.0671353662
818,2.0849999491
819,2.08328119914
820,2.10276036533
821,2.09281244891
822,5.51119778212
823,6.89786441493
824,5.35552070258
825,5.08765612579
826,3.75010407511
827,3.97723948623
828,4.70869780171
829,6.03562485265
830,2.97020826082
831,2.85124993039
832,1.93187495284
833,2.03802078358
834,2.75031243285
835,3.08895825792
836,4.15984364844
837,2.63916660223
838,2.07432286602
839,3.42072908315
840,2.79661451506
841,2.96307284433
842,2.075416616
843,2.0861457824
844,2.07703119929
845,2.62244785264
846,3.02588534279
847,2.93338534505
848,2.1940103631
849,2.02135411732
850,3.72572907571
851,2.78786451527
852,2.80442701487
853,3.60020824544
854,6.67156233712
855,5.89687485603
856,5.02718737727
857,3.3615103346
858,5.24786445521
859,4.49718739021
860,2.7784895155
861,3.49609366465
862,4.42828114189
863,5.01510404423
864,4.04786448451
865,5.72192694364
866,5.71369777717
867,7.32010398795
868,5.0884894591
869,2.52307285507
870,3.00979159319
871,2.74937493288
872,3.81249990692
873,10.3380726643
874,2.74187493306
875,2.79406243179
876,4.05932281756
877,4.31604156129
878,5.02536446064
879,4.81041654922
880,2.06520828291
881,2.53703118806
882,1.94187495259
883,1.92864578625
884,1.94932286908
885,2.07427078269
886,2.06520828291
887,2.07515619934
888,2.58374993692
889,2.06796869951
890,2.08322911581
891,2.07281244939
892,2.06640619955
893,2.48333327271
894,3.70041657632
895,2.93781242828
896,3.55453116322
897,4.7224998847
898,5.49026028263
899,7.08255191042
900,1.95276036899
901,1.96052078547
902,1.95807286886
903,1.96583328534
904,1.9563541189
905,3.63427074461
906,2.2362499454
907,2.07562494933
908,2.60583326971
909,2.07927078257
910,2.07645828264
911,2.07145828276
912,2.0698957828
913,3.26380200365
914,4.25104156288
915,2.07270828273
916,2.07666661597
917,3.36812491777
918,1.94645828581
919,2.36135410902
920,1.92812495293
921,1.94916661908
922,1.93395828612
923,1.93661453605
924,1.938645786
925,1.9236978697
926,1.94192703592
927,3.15020825642
928,3.51671866414
929,3.70526032621
930,2.10984369849
931,3.28348950317
932,2.76729159911
933,2.69145826762
934,1.94192703592
935,2.73489576656
936,2.63697910229
937,2.78364576537
938,2.06921869948
939,1.93093745286
940,2.08479161577
941,2.06937494948
942,2.06416661627
943,2.07598953265
944,2.55713535424
945,2.07776036594
946,4.12265614935
947,4.97718737849
948,5.97901027069
949,6.48078109178
950,2.75479159941
951,2.82588534768
952,2.81265618133
953,2.92010409538
954,3.93734365387
955,1.92578120298
956,5.3601040358
957,2.18124994675
958,2.08302078248
959,2.64932285199
960,2.24557286184
961,3.46760408201
962,2.799114515
963,6.40864567687
964,2.75390618277
965,3.43260408286
966,3.27796866997
967,6.12666651709
968,4.25770822939
969,4.28656239535
970,2.96119784437
971,3.34343741837
972,2.86317701343
973,4.24484364637
974,2.758020766
975,4.35640614364
976,3.91333323779
977,6.03411443602
978,3.41911449986
979,2.63864576891
980,2.04005203353
981,4.25421864614
982,3.63765616119
983,6.00088527016
984,5.65854152852
985,4.55026030558
986,7.31427065476
987,6.52052067414
988,1.93776036936
989,2.26911452794
990,3.53572908035
991,3.37656241756
992,2.07942703257
993,2.06942703281
994,2.83635409742
995,2.07052078278
996,2.08145828252
997,3.0760936749
998,2.07984369922
999,6.70833316956
1000,2.09552078217
1001,3.96083323663
1002,2.92848951184
1003,4.94802071253
1004,2.69817701746
1005,3.18812492216
1006,2.74333326636
1007,2.80343743156
1008,3.78317699097
1009,2.81583326459
1010,4.91781237994
1011,5.87661443986
1012,2.91119784559
1013,3.38083325079
1014,2.7567186827
1015,2.83114576421
1016,3.88624990512
1017,2.77723951553
1018,3.92677073746
1019,2.74083326642
1020,5.2879686209
1021,6.16526026615
1022,4.7349998844
1023,6.54515609021
1024,6.54671859017
1025,2.88244784629
1026,4.73135405116
1027,5.75390610952
1028,4.81260404917
1029,6.84286441627
1030,4.47208322415
1031,2.81135409803
1032,4.3241665611
1033,3.85640615585
1034,5.82744777439
1035,6.74182275207
1036,4.94296862932
1037,8.00416647125
1038,7.95119772255
1039,2.93942701157
1040,4.27791656223
1041,4.56286447194
1042,7.22244774034
1043,5.5335936149
1044,5.52046861522
1045,4.91348946338
1046,6.18958318222
1047,6.14052068342
1048,4.53979155583
1049,2.73229159996
1050,7.37255190334
1051,7.60333314771
1052,4.83703113191
1053,3.95682282006
1054,2.74776034958
1055,2.75369784944
1056,8.10354146883
1057,6.51145817436
1058,3.12322909042
1059,2.50770827211
1060,1.96989578524
1061,1.95479161894
1062,1.94401036921
1063,4.60552072089
1064,5.67515611145
1065,5.09817695887
1066,4.69526030204
1067,4.67890613577
1068,4.48348947387
1069,2.87770826308
1070,1.82026037223
1071,2.36390619229
1072,1.82531245544
1073,1.8379166218
1074,1.83343745524
1075,1.81348953906
1076,2.16442703049
1077,5.24854153853
1078,4.45406239126
1079,4.05291656772
1080,2.74348951635
1081,2.77302076563
1082,2.76822909908
1083,2.9914582603
1084,3.47520824849
1085,2.81354159798
1086,2.75708326602
1087,2.73760409983
1088,2.72473951681
1089,5.54671861458
1090,4.75723946719
1091,4.54281238909
1092,3.89046865502
1093,2.52697910497
1094,3.00156242672
1095,4.39046864281
1096,3.34463533501
1097,4.80880196593
1098,9.74927059531
1099,2.68463535112
1100,2.63979160222
1101,2.60786451966
1102,3.26869783686
1103,4.05124990109
1104,4.15499989856
1105,4.58703113801
1106,4.76770821693
1107,4.98213529503
1108,6.18739568227
1109,5.37041653555
1110,4.35369781038
1111,2.74947909954
1112,1.96416661871
1113,1.97374995181
1114,10.8027601529
1115,5.03593737705
1116,5.24354153865
1117,6.01692693644
1118,2.75895826598
1119,2.83640618075
1120,2.82192701444
1121,2.82119784779
1122,6.16854151607
1123,5.75953110939
1124,6.89645816496
1125,6.49380192479
1126,4.08031240038
1127,3.09755200771
1128,3.02479159282
1129,3.68583324335
1130,2.32208327664
1131,2.50057285562
1132,1.95671870223
1133,1.95119786903
1134,1.95166661902
1135,1.93562495274
1136,1.93526036942
1137,2.02963536712
1138,2.62083326935
1139,2.10442703196
1140,2.10885411518
1141,2.09140619894
1142,2.71958326694
1143,2.94947909466
1144,4.04515615124
1145,2.8153645146
1146,4.26671864583
1147,2.67463535137
1148,11.3259372235
1149,4.47619780738
1150,2.57567702045
1151,1.95692703556
1152,1.94755203579
1153,1.94807286911
1154,5.06619779298
1155,6.44666650928
1156,6.48223942508
1157,4.46786447425
1158,3.71166657605
1159,4.492135307
1160,3.46177074882
1161,2.90869784565
1162,2.69552076752
1163,2.7114061838
1164,3.45489574899
1165,2.72484368348
1166,5.64979152873
1167,6.91505191451
1168,6.16354151619
1169,5.62656236263
1170,9.6322914315
1171,5.92359360538
1172,7.67770814589
1173,7.34442690403
1174,7.43359356852
1175,8.58015604052
1176,3.54765616339
1177,2.00864578429
1178,2.12572911477
1179,2.70421868398
1180,2.94307284481
1181,2.07604161598
1182,3.59083324567
1183,3.43833324939
1184,2.77968743214
1185,3.10749992413
1186,5.49958319907
1187,5.48499986609
1188,5.76369777595
1189,6.54187484029
1190,5.98666652051
1191,5.6810936113
1192,3.0803124248
1193,3.03812492583
1194,9.51822893429
1195,4.16619781495
1196,2.08999994897
1197,2.94531242809
1198,4.62749988702
1199,2.63213535241
1200,1.97338536849
1201,3.28520825313
1202,1.93026036954
1203,1.96598953534
1204,2.79963534832
1205,3.47776033176
1206,2.8070832648
1207,2.8332290975
1208,2.86005201351
1209,5.13984362452
1210,2.84010409733
1211,3.51895824742
1212,5.57161444731
1213,3.08994784123
1214,3.01395825975
1215,3.97630198626
1216,4.08276031699
1217,6.08505193477
1218,3.68187491011
1219,2.08234369916
1220,3.41666658325
1221,2.34265619281
1222,2.75218743281
1223,3.71567699262
1224,6.54817692347
1225,5.2264061224
1226,3.39182283386
1227,1.81854162227
1228,3.31713533568
1229,2.96869784419
1230,6.76546858483
1231,5.58864569689
1232,4.72479155132
1233,3.68776032663
1234,2.70302076734
1235,2.71333326709
1236,2.75979159929
1237,3.11218742402
1238,5.18369779011
1239,2.78458326535
1240,2.78973951522
1241,2.81786451454
1242,2.81671868123
1243,4.81208321585
1244,5.38442695188
1245,7.850572725
1246,3.66312491057
1247,2.80520826485
1248,3.95901032001
1249,2.07390619937
1250,2.36078119236
1251,2.80161451493
1252,3.66369782722
1253,2.07442703269
1254,2.07307286605
1255,2.84822909713
1256,2.85135409705
1257,3.56369782966
1258,2.8710936799
1259,3.64031241113
1260,2.88807284616
1261,2.88817701282
1262,2.86552076337
1263,2.86364576342
1264,6.6463540044
1265,5.29385403742
1266,5.83369777424
1267,4.74223946756
1268,4.52458322287
1269,4.61104155409
1270,2.87666659644
1271,2.80536451484
1272,2.76645826579
1273,3.43833324939
1274,2.69380201757
1275,2.64135410218
1276,2.64239576882
1277,2.67489576803
1278,3.39338533382
1279,2.70624993393
1280,3.43015616626
1281,4.77208321683
1282,3.57177074613
1283,2.77781243218
1284,2.70661451725
1285,2.71119785048
1286,2.68072910122
1287,3.21890617141
1288,2.65333326855
1289,2.71499993372
1290,3.58791657907
1291,3.88458323849
1292,2.59536451997
1293,2.56578118736
1294,2.2922916107
1295,1.94911453575
1296,3.04958325888
1297,2.56895827061
1298,2.53869785469
1299,2.52151035511
1300,3.24218742085
1301,2.4154166077
1302,1.85083328815
1303,1.8336978719
1304,1.83067703864
1305,4.28624989536
1306,4.86296863128
1307,2.80416659821
1308,2.67984368457
1309,2.67296868474
1310,3.29281241961
1311,2.67921868459
1312,1.98140620163
1313,1.93999995264
1314,3.6251561615
1315,2.21156244601
1316,3.23395825438
1317,5.11645820842
1318,5.98354152058
1319,2.44046869042
1320,1.93161453617
1321,1.98718745148
1322,2.67947910125
1323,2.70630201726
1324,4.52020822298
1325,4.44385405817
1326,2.67291660141
1327,2.70901035053
1328,2.78062493211
1329,3.3230207522
1330,1.83187495528
1331,1.82473953878
1332,1.83046870531
1333,1.81239578909
1334,2.525729105
1335,2.46864577306
1336,3.31010408585
1337,2.75088534951
1338,2.57249993719
1339,1.97718745173
1340,2.0809374492
1341,3.34072908511
1342,2.70348951733
1343,2.0738020327
1344,2.07052078278
1345,2.72140618356
1346,2.65354160188
1347,2.07307286605
1348,2.82895826427
1349,2.37166660876
1350,2.71963535027
1351,2.07640619931
1352,4.0441144846
1353,2.72645826677
1354,4.41249989227
1355,5.01807279416
1356,3.81541657352
1357,2.73796868316
1358,6.27020818025
1359,2.06822911617
1360,5.09640612558
1361,2.08536453242
1362,2.76708326578
1363,2.06786453285
1364,2.01619786744
1365,3.15677075626
1366,2.92765617852
1367,2.94671867806
1368,3.08734367463
1369,2.08442703244
1370,3.15999992285
1371,3.1361978401
1372,4.02661448503
1373,2.85057284707
1374,6.485364425
1375,8.16333313403
1376,3.08859367459
1377,3.85401032257
1378,2.86239576345
1379,4.09052073347
1380,4.55932280536
1381,6.3066665127
1382,5.80802069154
1383,6.34552067841
1384,5.87192693998
1385,6.56135400648
1386,7.84552064179
