frame,wall_ms,frame_wait_ms,scene_advance_ms,view_build_ms,render_submit_ms,gpu_valid,gpu_serial,gpu_ms,process_valid,process_cpu_ms,working_set_bytes,private_bytes,vma_valid,vma_allocation_bytes,vma_peak_allocation_bytes,vma_heap_usage_bytes,vma_heap_budget_bytes,raw_instances,visible_instances,culled_instances,lights,depth_draw_calls,shadow_draw_calls,base_draw_calls,lighting_draw_calls,tone_map_draw_calls,legacy_draw_calls,presenter_draw_calls,draw_calls,total_draw_calls,all_draw_calls,dispatch_count,shadow_faces,shadow_cache_hits,shadow_misses,shadow_batches,asset_upload_bytes,dynamic_lighting_upload_bytes,gather_ms,plan_ms,upload_frame_ms
0,5.417,4.924,0.001,0.014,0.044,0,0,,1,0,229777408,286412800,1,75980672,75980672,167424000,38823561584,40,40,0,5,3,0,3,3,1,0,1,9,10,11,1,0,5,0,1,0,7232,0.033,0.085,0.01
1,6.421,6.142,0,0.008,0.033,0,0,,0,,,,0,,,,,40,40,0,5,3,0,3,3,1,0,1,9,10,11,1,0,5,0,1,0,7232,0.018,0.05,0.008
2,10.082,9.728,0,0.009,0.047,0,0,,0,,,,0,,,,,40,40,0,5,3,0,3,3,1,0,1,9,10,11,1,0,5,0,1,0,7232,0.026,0.078,0.01
3,10.238,9.958,0,0.007,0.033,0,0,,0,,,,0,,,,,40,40,0,5,3,0,3,3,1,0,1,9,10,11,1,0,5,0,1,0,7232,0.02,0.056,0.007
4,8.266,7.933,0.002,0.009,0.039,0,0,,0,,,,0,,,,,40,40,0,5,3,0,3,3,1,0,1,9,10,11,1,0,5,0,1,0,7232,0.022,0.064,0.01
5,15.545,15.039,0,0.01,0.052,0,0,,0,,,,0,,,,,40,40,0,5,3,0,3,3,1,0,1,9,10,11,1,0,5,0,1,0,7232,0.035,0.088,0.01
6,8.812,8.431,0,0.008,0.046,0,0,,0,,,,0,,,,,40,40,0,5,3,0,3,3,1,0,1,9,10,11,1,0,5,0,1,0,7232,0.022,0.089,0.008
7,16.077,15.646,0,0.012,0.048,0,0,,0,,,,0,,,,,40,40,0,5,3,0,3,3,1,0,1,9,10,11,1,0,5,0,1,0,7232,0.04,0.125,0.008
8,9.988,9.541,0.001,0.012,0.097,0,0,,0,,,,0,,,,,40,40,0,5,3,0,3,3,1,0,1,9,10,11,1,0,5,0,1,0,7232,0.025,0.074,0.009
9,7.149,6.744,0,0.013,0.032,0,0,,0,,,,0,,,,,40,40,0,5,3,0,3,3,1,0,1,9,10,11,1,0,5,0,1,0,7232,0.072,0.057,0.008
10,5.14,4.692,0,0.01,0.11,0,0,,0,,,,0,,,,,40,40,0,5,3,0,3,3,1,0,1,9,10,11,1,0,5,0,1,0,7232,0.027,0.076,0.01
11,4.143,3.828,0,0.009,0.034,0,0,,0,,,,0,,,,,40,40,0,5,3,0,3,3,1,0,1,9,10,11,1,0,5,0,1,0,7232,0.023,0.071,0.01
12,40.819,40.495,0,0.009,0.043,0,0,,0,,,,0,,,,,40,40,0,5,3,0,3,3,1,0,1,9,10,11,1,0,5,0,1,0,7232,0.021,0.067,0.009
13,26.562,26.103,0,0.014,0.054,0,0,,0,,,,0,,,,,40,40,0,5,3,0,3,3,1,0,1,9,10,11,1,0,5,0,1,0,7232,0.038,0.12,0.009
14,6.968,6.674,0,0.008,0.045,0,0,,0,,,,0,,,,,40,40,0,5,3,0,3,3,1,0,1,9,10,11,1,0,5,0,1,0,7232,0.02,0.064,0.01
15,8.338,7.846,0,0.015,0.082,0,0,,0,,,,0,,,,,40,40,0,5,3,0,3,3,1,0,1,9,10,11,1,0,5,0,1,0,7232,0.031,0.088,0.011
16,7.117,6.733,0,0.011,0.055,0,0,,0,,,,0,,,,,40,40,0,5,3,0,3,3,1,0,1,9,10,11,1,0,5,0,1,0,7232,0.026,0.08,0.01
17,16.134,15.689,0,0.01,0.051,0,0,,0,,,,0,,,,,40,40,0,5,3,0,3,3,1,0,1,9,10,11,1,0,5,0,1,0,7232,0.04,0.13,0.009
18,20.746,20.365,0,0.009,0.06,0,0,,0,,,,0,,,,,40,40,0,5,3,0,3,3,1,0,1,9,10,11,1,0,5,0,1,0,7232,0.024,0.096,0.019
19,4.713,4.307,0,0.01,0.035,0,0,,0,,,,0,,,,,40,40,0,5,3,0,3,3,1,0,1,9,10,11,1,0,5,0,1,0,7232,0.08,0.1,0.007
20,5.458,4.898,0,0.015,0.088,0,0,,0,,,,0,,,,,40,40,0,5,3,0,3,3,1,0,1,9,10,11,1,0,5,0,1,0,7232,0.042,0.14,0.013
21,4.83,4.371,0.001,0.017,0.058,0,0,,0,,,,0,,,,,40,40,0,5,3,0,3,3,1,0,1,9,10,11,1,0,5,0,1,0,7232,0.043,0.114,0.009
22,19.291,18.963,0,0.009,0.046,0,0,,0,,,,0,,,,,40,40,0,5,3,0,3,3,1,0,1,9,10,11,1,0,5,0,1,0,7232,0.022,0.062,0.009
23,3.809,3.315,0,0.014,0.049,0,0,,0,,,,0,,,,,40,40,0,5,3,0,3,3,1,0,1,9,10,11,1,0,5,0,1,0,7232,0.05,0.134,0.009
24,3.531,3.121,0,0.009,0.035,0,0,,0,,,,0,,,,,40,40,0,5,3,0,3,3,1,0,1,9,10,11,1,0,5,0,1,0,7232,0.055,0.155,0.005
25,3.725,3.426,0.001,0.008,0.026,0,0,,0,,,,0,,,,,40,40,0,5,3,0,3,3,1,0,1,9,10,11,1,0,5,0,1,0,7232,0.041,0.121,0.002
26,4.146,3.78,0,0.014,0.036,0,0,,0,,,,0,,,,,40,40,0,5,3,0,3,3,1,0,1,9,10,11,1,0,5,0,1,0,7232,0.065,0.06,0.006
27,3.591,3.287,0,0.007,0.029,0,0,,0,,,,0,,,,,40,40,0,5,3,0,3,3,1,0,1,9,10,11,1,0,5,0,1,0,7232,0.031,0.097,0.004
28,3.729,3.319,0,0.01,0.042,0,0,,0,,,,0,,,,,40,40,0,5,3,0,3,3,1,0,1,9,10,11,1,0,5,0,1,0,7232,0.1,0.078,0.005
29,3.886,3.474,0.001,0.009,0.039,0,0,,0,,,,0,,,,,40,40,0,5,3,0,3,3,1,0,1,9,10,11,1,0,5,0,1,0,7232,0.042,0.141,0.006
30,3.944,3.634,0,0.01,0.044,0,0,,1,0,229789696,286412800,1,75980672,75980672,167424000,38823561584,40,40,0,5,3,0,3,3,1,0,1,9,10,11,1,0,5,0,1,0,7232,0.031,0.094,0.005
31,4.605,4.275,0,0.008,0.034,0,0,,0,,,,0,,,,,40,40,0,5,3,0,3,3,1,0,1,9,10,11,1,0,5,0,1,0,7232,0.035,0.113,0.005
32,5.542,5.179,0,0.012,0.024,0,0,,0,,,,0,,,,,40,40,0,5,3,0,3,3,1,0,1,9,10,11,1,0,5,0,1,0,7232,0.095,0.064,0.005
33,4.19,3.977,0,0.005,0.02,0,0,,0,,,,0,,,,,40,40,0,5,3,0,3,3,1,0,1,9,10,11,1,0,5,0,1,0,7232,0.023,0.086,0.004
34,4.714,4.494,0,0.004,0.025,0,0,,0,,,,0,,,,,40,40,0,5,3,0,3,3,1,0,1,9,10,11,1,0,5,0,1,0,7232,0.017,0.09,0.004
35,3.815,3.43,0,0.008,0.038,0,0,,0,,,,0,,,,,40,40,0,5,3,0,3,3,1,0,1,9,10,11,1,0,5,0,1,0,7232,0.101,0.078,0.007
36,4.246,3.936,0,0.01,0.025,0,0,,0,,,,0,,,,,40,40,0,5,3,0,3,3,1,0,1,9,10,11,1,0,5,0,1,0,7232,0.084,0.058,0.005
37,5.153,4.823,0.001,0.013,0.038,0,0,,0,,,,0,,,,,40,40,0,5,3,0,3,3,1,0,1,9,10,11,1,0,5,0,1,0,7232,0.031,0.06,0.008
38,4.584,4.219,0.001,0.006,0.033,0,0,,0,,,,0,,,,,40,40,0,5,3,0,3,3,1,0,1,9,10,11,1,0,5,0,1,0,7232,0.034,0.119,0.007
39,3.725,3.316,0.001,0.01,0.043,0,0,,0,,,,0,,,,,40,40,0,5,3,0,3,3,1,0,1,9,10,11,1,0,5,0,1,0,7232,0.035,0.121,0.008
40,3.499,3.238,0,0.01,0.032,0,0,,0,,,,0,,,,,40,40,0,5,3,0,3,3,1,0,1,9,10,11,1,0,5,0,1,0,7232,0.018,0.057,0.005
41,4.154,3.901,0,0.006,0.023,0,0,,0,,,,0,,,,,40,40,0,5,3,0,3,3,1,0,1,9,10,11,1,0,5,0,1,0,7232,0.029,0.109,0.003
42,3.905,3.451,0,0.009,0.059,0,0,,0,,,,0,,,,,40,40,0,5,3,0,3,3,1,0,1,9,10,11,1,0,5,0,1,0,7232,0.065,0.088,0.009
43,4.335,3.953,0,0.011,0.041,0,0,,0,,,,0,,,,,40,40,0,5,3,0,3,3,1,0,1,9,10,11,1,0,5,0,1,0,7232,0.031,0.096,0.01
44,3.548,3.228,0,0.006,0.039,0,0,,0,,,,0,,,,,40,40,0,5,3,0,3,3,1,0,1,9,10,11,1,0,5,0,1,0,7232,0.028,0.115,0.007
45,4.075,3.849,0.001,0.004,0.031,0,0,,0,,,,0,,,,,40,40,0,5,3,0,3,3,1,0,1,9,10,11,1,0,5,0,1,0,7232,0.023,0.086,0.003
46,5.34,5.021,0,0.015,0.036,0,0,,0,,,,0,,,,,40,40,0,5,3,0,3,3,1,0,1,9,10,11,1,0,5,0,1,0,7232,0.022,0.083,0.007
47,4.531,4.205,0,0.008,0.041,0,0,,0,,,,0,,,,,40,40,0,5,3,0,3,3,1,0,1,9,10,11,1,0,5,0,1,0,7232,0.035,0.08,0.006
48,5.437,5.056,0,0.009,0.03,0,0,,0,,,,0,,,,,40,40,0,5,3,0,3,3,1,0,1,9,10,11,1,0,5,0,1,0,7232,0.046,0.13,0.004
49,4.293,4.02,0,0.007,0.044,0,0,,0,,,,0,,,,,40,40,0,5,3,0,3,3,1,0,1,9,10,11,1,0,5,0,1,0,7232,0.02,0.063,0.006
50,4.483,4.084,0,0.011,0.044,0,0,,0,,,,0,,,,,40,40,0,5,3,0,3,3,1,0,1,9,10,11,1,0,5,0,1,0,7232,0.031,0.1,0.01
51,4.674,4.299,0,0.009,0.025,0,0,,0,,,,0,,,,,40,40,0,5,3,0,3,3,1,0,1,9,10,11,1,0,5,0,1,0,7232,0.037,0.128,0.007
52,6.522,6.22,0,0.006,0.043,0,0,,0,,,,0,,,,,40,40,0,5,3,0,3,3,1,0,1,9,10,11,1,0,5,0,1,0,7232,0.028,0.108,0.004
53,4.243,3.885,0,0.009,0.037,0,0,,0,,,,0,,,,,40,40,0,5,3,0,3,3,1,0,1,9,10,11,1,0,5,0,1,0,7232,0.043,0.094,0.006
54,5.65,5.357,0,0.008,0.023,0,0,,0,,,,0,,,,,40,40,0,5,3,0,3,3,1,0,1,9,10,11,1,0,5,0,1,0,7232,0.07,0.052,0.004
55,4.516,4.09,0,0.008,0.043,0,0,,0,,,,0,,,,,40,40,0,5,3,0,3,3,1,0,1,9,10,11,1,0,5,0,1,0,7232,0.046,0.138,0.009
56,4.189,3.767,0,0.008,0.066,0,0,,0,,,,0,,,,,40,40,0,5,3,0,3,3,1,0,1,9,10,11,1,0,5,0,1,0,7232,0.035,0.117,0.007
57,4.015,3.638,0,0.01,0.029,0,0,,0,,,,0,,,,,40,40,0,5,3,0,3,3,1,0,1,9,10,11,1,0,5,0,1,0,7232,0.042,0.134,0.009
58,5.683,5.349,0.001,0.009,0.053,0,0,,0,,,,0,,,,,40,40,0,5,3,0,3,3,1,0,1,9,10,11,1,0,5,0,1,0,7232,0.021,0.068,0.009
59,10.304,9.979,0,0.009,0.051,0,0,,0,,,,0,,,,,40,40,0,5,3,0,3,3,1,0,1,9,10,11,1,0,5,0,1,0,7232,0.024,0.068,0.009
60,5.826,5.48,0,0.012,0.033,0,0,,1,31.25,229793792,286412800,1,75980672,75980672,167424000,38823561584,40,40,0,5,3,0,3,3,1,0,1,9,10,11,1,0,5,0,1,0,7232,0.042,0.081,0.007
61,5.981,5.65,0,0.007,0.031,0,0,,0,,,,0,,,,,40,40,0,5,3,0,3,3,1,0,1,9,10,11,1,0,5,0,1,0,7232,0.032,0.094,0.006
62,3.33,3.067,0.001,0.009,0.038,0,0,,0,,,,0,,,,,40,40,0,5,3,0,3,3,1,0,1,9,10,11,1,0,5,0,1,0,7232,0.018,0.073,0.004
63,4.257,3.902,0.001,0.006,0.045,0,0,,0,,,,0,,,,,40,40,0,5,3,0,3,3,1,0,1,9,10,11,1,0,5,0,1,0,7232,0.034,0.119,0.007
64,4.172,3.871,0.001,0.012,0.027,0,0,,0,,,,0,,,,,40,40,0,5,3,0,3,3,1,0,1,9,10,11,1,0,5,0,1,0,7232,0.05,0.055,0.004
65,4.295,3.962,0,0.009,0.029,0,0,,0,,,,0,,,,,40,40,0,5,3,0,3,3,1,0,1,9,10,11,1,0,5,0,1,0,7232,0.033,0.108,0.006
66,3.857,3.509,0,0.034,0.035,0,0,,0,,,,0,,,,,40,40,0,5,3,0,3,3,1,0,1,9,10,11,1,0,5,0,1,0,7232,0.026,0.092,0.005
67,3.883,3.353,0.001,0.01,0.039,0,0,,0,,,,0,,,,,40,40,0,5,3,0,3,3,1,0,1,9,10,11,1,0,5,0,1,0,7232,0.016,0.184,0.013
68,2.812,2.595,0,0.005,0.028,0,0,,0,,,,0,,,,,40,40,0,5,3,0,3,3,1,0,1,9,10,11,1,0,5,0,1,0,7232,0.021,0.062,0.004
69,3.911,3.659,0,0.011,0.033,0,0,,0,,,,0,,,,,40,40,0,5,3,0,3,3,1,0,1,9,10,11,1,0,5,0,1,0,7232,0.031,0.073,0.004
70,3.902,3.547,0,0.006,0.092,0,0,,0,,,,0,,,,,40,40,0,5,3,0,3,3,1,0,1,9,10,11,1,0,5,0,1,0,7232,0.025,0.077,0.006
71,5.098,4.662,0.001,0.009,0.047,0,0,,0,,,,0,,,,,40,40,0,5,3,0,3,3,1,0,1,9,10,11,1,0,5,0,1,0,7232,0.04,0.125,0.01
72,6.281,5.95,0,0.01,0.033,0,0,,0,,,,0,,,,,40,40,0,5,3,0,3,3,1,0,1,9,10,11,1,0,5,0,1,0,7232,0.037,0.096,0.007
73,5.234,4.918,0,0.009,0.039,0,0,,0,,,,0,,,,,40,40,0,5,3,0,3,3,1,0,1,9,10,11,1,0,5,0,1,0,7232,0.036,0.081,0.007
74,13.127,12.692,0.001,0.014,0.042,0,0,,0,,,,0,,,,,40,40,0,5,3,0,3,3,1,0,1,9,10,11,1,0,5,0,1,0,7232,0.021,0.059,0.008
75,7.964,7.517,0,0.009,0.038,0,0,,0,,,,0,,,,,40,40,0,5,3,0,3,3,1,0,1,9,10,11,1,0,5,0,1,0,7232,0.031,0.183,0.009
76,7.849,7.534,0,0.011,0.027,0,0,,0,,,,0,,,,,40,40,0,5,3,0,3,3,1,0,1,9,10,11,1,0,5,0,1,0,7232,0.043,0.084,0.006
77,6.549,6.194,0,0.007,0.035,0,0,,0,,,,0,,,,,40,40,0,5,3,0,3,3,1,0,1,9,10,11,1,0,5,0,1,0,7232,0.021,0.108,0.011
78,7.955,7.527,0,0.008,0.042,0,0,,0,,,,0,,,,,40,40,0,5,3,0,3,3,1,0,1,9,10,11,1,0,5,0,1,0,7232,0.035,0.16,0.009
79,5.071,4.755,0,0.009,0.043,0,0,,0,,,,0,,,,,40,40,0,5,3,0,3,3,1,0,1,9,10,11,1,0,5,0,1,0,7232,0.037,0.072,0.006
80,5.68,5.301,0.001,0.011,0.035,0,0,,0,,,,0,,,,,40,40,0,5,3,0,3,3,1,0,1,9,10,11,1,0,5,0,1,0,7232,0.048,0.077,0.008
81,6.999,6.624,0,0.009,0.034,0,0,,0,,,,0,,,,,40,40,0,5,3,0,3,3,1,0,1,9,10,11,1,0,5,0,1,0,7232,0.038,0.116,0.007
82,5.45,5.063,0,0.01,0.025,0,0,,0,,,,0,,,,,40,40,0,5,3,0,3,3,1,0,1,9,10,11,1,0,5,0,1,0,7232,0.046,0.134,0.006
83,6.426,5.973,0,0.012,0.035,0,0,,0,,,,0,,,,,40,40,0,5,3,0,3,3,1,0,1,9,10,11,1,0,5,0,1,0,7232,0.05,0.14,0.009
84,5.251,4.876,0,0.012,0.036,0,0,,0,,,,0,,,,,40,40,0,5,3,0,3,3,1,0,1,9,10,11,1,0,5,0,1,0,7232,0.058,0.056,0.008
85,4.56,4.133,0,0.013,0.032,0,0,,0,,,,0,,,,,40,40,0,5,3,0,3,3,1,0,1,9,10,11,1,0,5,0,1,0,7232,0.064,0.113,0.006
86,6.527,6.219,0,0.008,0.047,0,0,,0,,,,0,,,,,40,40,0,5,3,0,3,3,1,0,1,9,10,11,1,0,5,0,1,0,7232,0.021,0.063,0.008
87,8.393,7.827,0.001,0.014,0.086,0,0,,0,,,,0,,,,,40,40,0,5,3,0,3,3,1,0,1,9,10,11,1,0,5,0,1,0,7232,0.045,0.141,0.013
88,8.416,8.08,0.001,0.008,0.042,0,0,,0,,,,0,,,,,40,40,0,5,3,0,3,3,1,0,1,9,10,11,1,0,5,0,1,0,7232,0.023,0.085,0.009
89,5.777,5.436,0,0.008,0.04,0,0,,0,,,,0,,,,,40,40,0,5,3,0,3,3,1,0,1,9,10,11,1,0,5,0,1,0,7232,0.029,0.096,0.007
90,4.674,4.272,0,0.01,0.097,0,0,,1,46.875,229801984,286412800,1,75980672,75980672,167424000,38823561584,40,40,0,5,3,0,3,3,1,0,1,9,10,11,1,0,5,0,1,0,7232,0.031,0.102,0.007
91,4.069,3.654,0.001,0.009,0.031,0,0,,0,,,,0,,,,,40,40,0,5,3,0,3,3,1,0,1,9,10,11,1,0,5,0,1,0,7232,0.102,0.088,0.006
92,5.754,5.453,0,0.008,0.028,0,0,,0,,,,0,,,,,40,40,0,5,3,0,3,3,1,0,1,9,10,11,1,0,5,0,1,0,7232,0.033,0.099,0.005
93,4.257,3.914,0,0.007,0.037,0,0,,0,,,,0,,,,,40,40,0,5,3,0,3,3,1,0,1,9,10,11,1,0,5,0,1,0,7232,0.035,0.116,0.007
94,5.517,5.137,0,0.009,0.044,0,0,,0,,,,0,,,,,40,40,0,5,3,0,3,3,1,0,1,9,10,11,1,0,5,0,1,0,7232,0.032,0.102,0.009
95,4.576,4.316,0,0.006,0.036,0,0,,0,,,,0,,,,,40,40,0,5,3,0,3,3,1,0,1,9,10,11,1,0,5,0,1,0,7232,0.025,0.088,0.005
96,4.94,4.583,0,0.014,0.041,0,0,,0,,,,0,,,,,40,40,0,5,3,0,3,3,1,0,1,9,10,11,1,0,5,0,1,0,7232,0.064,0.056,0.008
97,4.818,4.523,0.001,0.003,0.03,0,0,,0,,,,0,,,,,40,40,0,5,3,0,3,3,1,0,1,9,10,11,1,0,5,0,1,0,7232,0.015,0.083,0.004
98,4.279,4.031,0.001,0.004,0.032,0,0,,0,,,,0,,,,,40,40,0,5,3,0,3,3,1,0,1,9,10,11,1,0,5,0,1,0,7232,0.014,0.109,0.003
99,5.361,5.056,0,0.008,0.046,0,0,,0,,,,0,,,,,40,40,0,5,3,0,3,3,1,0,1,9,10,11,1,0,5,0,1,0,7232,0.021,0.067,0.008
100,6.11,5.704,0,0.01,0.071,0,0,,0,,,,0,,,,,40,40,0,5,3,0,3,3,1,0,1,9,10,11,1,0,5,0,1,0,7232,0.036,0.119,0.008
101,8.277,7.972,0,0.012,0.031,0,0,,0,,,,0,,,,,40,40,0,5,3,0,3,3,1,0,1,9,10,11,1,0,5,0,1,0,7232,0.02,0.07,0.008
102,4.582,4.346,0,0.005,0.022,0,0,,0,,,,0,,,,,40,40,0,5,3,0,3,3,1,0,1,9,10,11,1,0,5,0,1,0,7232,0.031,0.086,0.003
103,4.752,4.509,0,0.006,0.021,0,0,,0,,,,0,,,,,40,40,0,5,3,0,3,3,1,0,1,9,10,11,1,0,5,0,1,0,7232,0.03,0.089,0.003
104,4.375,4.031,0,0.01,0.044,0,0,,0,,,,0,,,,,40,40,0,5,3,0,3,3,1,0,1,9,10,11,1,0,5,0,1,0,7232,0.028,0.093,0.006
105,3.439,3.128,0,0.008,0.03,0,0,,0,,,,0,,,,,40,40,0,5,3,0,3,3,1,0,1,9,10,11,1,0,5,0,1,0,7232,0.038,0.094,0.005
106,4.193,3.891,0,0.004,0.055,0,0,,0,,,,0,,,,,40,40,0,5,3,0,3,3,1,0,1,9,10,11,1,0,5,0,1,0,7232,0.024,0.121,0.004
107,5.106,4.673,0,0.009,0.056,0,0,,0,,,,0,,,,,40,40,0,5,3,0,3,3,1,0,1,9,10,11,1,0,5,0,1,0,7232,0.04,0.128,0.008
108,4.878,4.532,0,0.012,0.037,0,0,,0,,,,0,,,,,40,40,0,5,3,0,3,3,1,0,1,9,10,11,1,0,5,0,1,0,7232,0.038,0.089,0.007
109,4.385,4.011,0,0.01,0.04,0,0,,0,,,,0,,,,,40,40,0,5,3,0,3,3,1,0,1,9,10,11,1,0,5,0,1,0,7232,0.041,0.11,0.005
110,4.581,4.207,0.001,0.01,0.038,0,0,,0,,,,0,,,,,40,40,0,5,3,0,3,3,1,0,1,9,10,11,1,0,5,0,1,0,7232,0.041,0.14,0.005
111,3.651,3.252,0,0.007,0.042,0,0,,0,,,,0,,,,,40,40,0,5,3,0,3,3,1,0,1,9,10,11,1,0,5,0,1,0,7232,0.035,0.157,0.007
112,3.604,3.244,0.001,0.009,0.03,0,0,,0,,,,0,,,,,40,40,0,5,3,0,3,3,1,0,1,9,10,11,1,0,5,0,1,0,7232,0.038,0.124,0.008
113,4.824,4.606,0,0.011,0.033,0,0,,0,,,,0,,,,,40,40,0,5,3,0,3,3,1,0,1,9,10,11,1,0,5,0,1,0,7232,0.018,0.056,0.003
114,3.591,3.334,0,0.005,0.026,0,0,,0,,,,0,,,,,40,40,0,5,3,0,3,3,1,0,1,9,10,11,1,0,5,0,1,0,7232,0.03,0.111,0.002
115,4.127,3.661,0.001,0.008,0.077,0,0,,0,,,,0,,,,,40,40,0,5,3,0,3,3,1,0,1,9,10,11,1,0,5,0,1,0,7232,0.038,0.13,0.006
116,2.795,2.492,0,0.008,0.028,0,0,,0,,,,0,,,,,40,40,0,5,3,0,3,3,1,0,1,9,10,11,1,0,5,0,1,0,7232,0.08,0.059,0.004
117,4.223,3.962,0,0.007,0.023,0,0,,0,,,,0,,,,,40,40,0,5,3,0,3,3,1,0,1,9,10,11,1,0,5,0,1,0,7232,0.036,0.096,0.003
118,4.192,3.938,0,0.007,0.028,0,0,,0,,,,0,,,,,40,40,0,5,3,0,3,3,1,0,1,9,10,11,1,0,5,0,1,0,7232,0.03,0.066,0.003
119,3.752,3.368,0,0.006,0.051,0,0,,0,,,,0,,,,,40,40,0,5,3,0,3,3,1,0,1,9,10,11,1,0,5,0,1,0,7232,0.034,0.114,0.006
120,6.474,6.028,0,0.011,0.1,0,0,,1,93.75,229810176,286412800,1,75980672,75980672,167424000,38823561584,40,40,0,5,3,0,3,3,1,0,1,9,10,11,1,0,5,0,1,0,7232,0.031,0.09,0.01
121,4.488,4.197,0,0.008,0.037,0,0,,0,,,,0,,,,,40,40,0,5,3,0,3,3,1,0,1,9,10,11,1,0,5,0,1,0,7232,0.018,0.075,0.005
122,4.687,4.378,0,0.006,0.02,0,0,,0,,,,0,,,,,40,40,0,5,3,0,3,3,1,0,1,9,10,11,1,0,5,0,1,0,7232,0.035,0.128,0.006
123,4.938,4.395,0,0.008,0.047,0,0,,0,,,,0,,,,,40,40,0,5,3,0,3,3,1,0,1,9,10,11,1,0,5,0,1,0,7232,0.032,0.128,0.018
124,5.117,4.76,0.001,0.005,0.036,0,0,,0,,,,0,,,,,40,40,0,5,3,0,3,3,1,0,1,9,10,11,1,0,5,0,1,0,7232,0.033,0.127,0.007
125,4.395,4.029,0,0.007,0.05,0,0,,0,,,,0,,,,,40,40,0,5,3,0,3,3,1,0,1,9,10,11,1,0,5,0,1,0,7232,0.036,0.119,0.006
126,4.599,4.301,0,0.006,0.069,0,0,,0,,,,0,,,,,40,40,0,5,3,0,3,3,1,0,1,9,10,11,1,0,5,0,1,0,7232,0.023,0.076,0.005
127,4.893,4.62,0,0.01,0.035,0,0,,0,,,,0,,,,,40,40,0,5,3,0,3,3,1,0,1,9,10,11,1,0,5,0,1,0,7232,0.016,0.055,0.008
128,5.497,5.111,0,0.01,0.027,0,0,,0,,,,0,,,,,40,40,0,5,3,0,3,3,1,0,1,9,10,11,1,0,5,0,1,0,7232,0.048,0.115,0.007
129,5.25,4.939,0,0.007,0.032,0,0,,0,,,,0,,,,,40,40,0,5,3,0,3,3,1,0,1,9,10,11,1,0,5,0,1,0,7232,0.026,0.094,0.007
130,4.515,4.219,0,0.007,0.028,0,0,,0,,,,0,,,,,40,40,0,5,3,0,3,3,1,0,1,9,10,11,1,0,5,0,1,0,7232,0.019,0.093,0.007
131,4.659,4.413,0,0.008,0.019,0,0,,0,,,,0,,,,,40,40,0,5,3,0,3,3,1,0,1,9,10,11,1,0,5,0,1,0,7232,0.041,0.075,0.002
132,4.814,4.595,0,0.005,0.036,0,0,,0,,,,0,,,,,40,40,0,5,3,0,3,3,1,0,1,9,10,11,1,0,5,0,1,0,7232,0.014,0.053,0.005
133,3.701,3.424,0,0.006,0.026,0,0,,0,,,,0,,,,,40,40,0,5,3,0,3,3,1,0,1,9,10,11,1,0,5,0,1,0,7232,0.022,0.11,0.005
134,8.341,8.024,0,0.011,0.03,0,0,,0,,,,0,,,,,40,40,0,5,3,0,3,3,1,0,1,9,10,11,1,0,5,0,1,0,7232,0.03,0.063,0.007
135,4.401,4.08,0,0.009,0.045,0,0,,0,,,,0,,,,,40,40,0,5,3,0,3,3,1,0,1,9,10,11,1,0,5,0,1,0,7232,0.016,0.055,0.006
136,3.931,3.491,0,0.011,0.076,0,0,,0,,,,0,,,,,40,40,0,5,3,0,3,3,1,0,1,9,10,11,1,0,5,0,1,0,7232,0.034,0.132,0.007
137,7.57,7.198,0.001,0.014,0.037,0,0,,0,,,,0,,,,,40,40,0,5,3,0,3,3,1,0,1,9,10,11,1,0,5,0,1,0,7232,0.035,0.063,0.008
138,7.427,7.084,0,0.009,0.033,0,0,,0,,,,0,,,,,40,40,0,5,3,0,3,3,1,0,1,9,10,11,1,0,5,0,1,0,7232,0.038,0.071,0.008
139,6.986,6.521,0.001,0.024,0.041,0,0,,0,,,,0,,,,,40,40,0,5,3,0,3,3,1,0,1,9,10,11,1,0,5,0,1,0,7232,0.02,0.068,0.009
140,5.759,5.387,0.001,0.007,0.035,0,0,,0,,,,0,,,,,40,40,0,5,3,0,3,3,1,0,1,9,10,11,1,0,5,0,1,0,7232,0.057,0.061,0.006
141,5.113,4.824,0.001,0.007,0.043,0,0,,0,,,,0,,,,,40,40,0,5,3,0,3,3,1,0,1,9,10,11,1,0,5,0,1,0,7232,0.021,0.073,0.006
142,4.26,3.957,0,0.009,0.038,0,0,,0,,,,0,,,,,40,40,0,5,3,0,3,3,1,0,1,9,10,11,1,0,5,0,1,0,7232,0.021,0.063,0.009
143,4.602,4.043,0.001,0.012,0.099,0,0,,0,,,,0,,,,,40,40,0,5,3,0,3,3,1,0,1,9,10,11,1,0,5,0,1,0,7232,0.039,0.142,0.015
144,5.31,4.973,0,0.015,0.032,0,0,,0,,,,0,,,,,40,40,0,5,3,0,3,3,1,0,1,9,10,11,1,0,5,0,1,0,7232,0.057,0.046,0.004
145,4.185,3.777,0.001,0.006,0.04,0,0,,0,,,,0,,,,,40,40,0,5,3,0,3,3,1,0,1,9,10,11,1,0,5,0,1,0,7232,0.123,0.068,0.009
146,3.264,2.973,0,0.007,0.023,0,0,,0,,,,0,,,,,40,40,0,5,3,0,3,3,1,0,1,9,10,11,1,0,5,0,1,0,7232,0.036,0.101,0.004
147,7.451,7.06,0,0.009,0.06,0,0,,0,,,,0,,,,,40,40,0,5,3,0,3,3,1,0,1,9,10,11,1,0,5,0,1,0,7232,0.028,0.101,0.007
148,4.397,3.56,0,0.029,0.106,0,0,,0,,,,0,,,,,40,40,0,5,3,0,3,3,1,0,1,9,10,11,1,0,5,0,1,0,7232,0.034,0.352,0.018
149,3.675,3.274,0.001,0.011,0.052,0,0,,0,,,,0,,,,,40,40,0,5,3,0,3,3,1,0,1,9,10,11,1,0,5,0,1,0,7232,0.028,0.099,0.009
150,6.02,5.602,0.001,0.009,0.035,0,0,,1,125,229822464,286412800,1,75980672,75980672,167424000,38823561584,40,40,0,5,3,0,3,3,1,0,1,9,10,11,1,0,5,0,1,0,7232,0.038,0.133,0.007
151,5.78,5.4,0.001,0.008,0.038,0,0,,0,,,,0,,,,,40,40,0,5,3,0,3,3,1,0,1,9,10,11,1,0,5,0,1,0,7232,0.035,0.12,0.009
152,4.398,3.98,0.001,0.011,0.043,0,0,,0,,,,0,,,,,40,40,0,5,3,0,3,3,1,0,1,9,10,11,1,0,5,0,1,0,7232,0.034,0.118,0.011
153,6.184,5.82,0,0.008,0.037,0,0,,0,,,,0,,,,,40,40,0,5,3,0,3,3,1,0,1,9,10,11,1,0,5,0,1,0,7232,0.018,0.1,0.009
154,3.538,3.23,0,0.005,0.027,0,0,,0,,,,0,,,,,40,40,0,5,3,0,3,3,1,0,1,9,10,11,1,0,5,0,1,0,7232,0.026,0.126,0.008
155,7.75,7.395,0.001,0.01,0.038,0,0,,0,,,,0,,,,,40,40,0,5,3,0,3,3,1,0,1,9,10,11,1,0,5,0,1,0,7232,0.029,0.085,0.008
156,4.88,4.488,0,0.014,0.035,0,0,,0,,,,0,,,,,40,40,0,5,3,0,3,3,1,0,1,9,10,11,1,0,5,0,1,0,7232,0.038,0.086,0.01
157,5.871,5.564,0,0.008,0.03,0,0,,0,,,,0,,,,,40,40,0,5,3,0,3,3,1,0,1,9,10,11,1,0,5,0,1,0,7232,0.035,0.113,0.005
158,4.149,3.62,0.001,0.012,0.075,0,0,,0,,,,0,,,,,40,40,0,5,3,0,3,3,1,0,1,9,10,11,1,0,5,0,1,0,7232,0.037,0.133,0.013
159,3.598,3.286,0,0.008,0.028,0,0,,0,,,,0,,,,,40,40,0,5,3,0,3,3,1,0,1,9,10,11,1,0,5,0,1,0,7232,0.035,0.089,0.005
160,6.402,6.015,0,0.012,0.032,0,0,,0,,,,0,,,,,40,40,0,5,3,0,3,3,1,0,1,9,10,11,1,0,5,0,1,0,7232,0.035,0.12,0.006
161,3.997,3.675,0,0.005,0.03,0,0,,0,,,,0,,,,,40,40,0,5,3,0,3,3,1,0,1,9,10,11,1,0,5,0,1,0,7232,0.021,0.126,0.007
162,3.895,3.506,0,0.01,0.039,0,0,,0,,,,0,,,,,40,40,0,5,3,0,3,3,1,0,1,9,10,11,1,0,5,0,1,0,7232,0.032,0.114,0.009
163,3.55,3.24,0,0.009,0.032,0,0,,0,,,,0,,,,,40,40,0,5,3,0,3,3,1,0,1,9,10,11,1,0,5,0,1,0,7232,0.035,0.075,0.005
164,4.764,4.422,0,0.007,0.026,0,0,,0,,,,0,,,,,40,40,0,5,3,0,3,3,1,0,1,9,10,11,1,0,5,0,1,0,7232,0.032,0.164,0.005
165,4.636,4.164,0,0.011,0.086,0,0,,0,,,,0,,,,,40,40,0,5,3,0,3,3,1,0,1,9,10,11,1,0,5,0,1,0,7232,0.036,0.133,0.008
166,3.17,2.839,0,0.007,0.04,0,0,,0,,,,0,,,,,40,40,0,5,3,0,3,3,1,0,1,9,10,11,1,0,5,0,1,0,7232,0.025,0.086,0.007
167,5.621,5.258,0,0.008,0.033,0,0,,0,,,,0,,,,,40,40,0,5,3,0,3,3,1,0,1,9,10,11,1,0,5,0,1,0,7232,0.036,0.117,0.007
168,5.387,4.976,0.001,0.011,0.042,0,0,,0,,,,0,,,,,40,40,0,5,3,0,3,3,1,0,1,9,10,11,1,0,5,0,1,0,7232,0.042,0.145,0.005
169,3.368,2.983,0,0.006,0.043,0,0,,0,,,,0,,,,,40,40,0,5,3,0,3,3,1,0,1,9,10,11,1,0,5,0,1,0,7232,0.017,0.141,0.009
170,5.359,4.931,0.001,0.009,0.055,0,0,,0,,,,0,,,,,40,40,0,5,3,0,3,3,1,0,1,9,10,11,1,0,5,0,1,0,7232,0.036,0.128,0.008
171,4.273,3.892,0,0.009,0.036,0,0,,0,,,,0,,,,,40,40,0,5,3,0,3,3,1,0,1,9,10,11,1,0,5,0,1,0,7232,0.032,0.147,0.006
172,5.574,4.919,0.001,0.209,0.078,0,0,,0,,,,0,,,,,40,40,0,5,3,0,3,3,1,0,1,9,10,11,1,0,5,0,1,0,7232,0.035,0.133,0.008
173,3.044,2.657,0,0.009,0.031,0,0,,0,,,,0,,,,,40,40,0,5,3,0,3,3,1,0,1,9,10,11,1,0,5,0,1,0,7232,0.022,0.074,0.007
174,3.285,3.038,0,0.005,0.018,0,0,,0,,,,0,,,,,40,40,0,5,3,0,3,3,1,0,1,9,10,11,1,0,5,0,1,0,7232,0.024,0.083,0.002
175,5.156,4.775,0,0.009,0.044,0,0,,0,,,,0,,,,,40,40,0,5,3,0,3,3,1,0,1,9,10,11,1,0,5,0,1,0,7232,0.035,0.123,0.005
176,3.572,3.231,0,0.01,0.031,0,0,,0,,,,0,,,,,40,40,0,5,3,0,3,3,1,0,1,9,10,11,1,0,5,0,1,0,7232,0.038,0.099,0.004
177,6.489,5.771,0,0.008,0.398,0,0,,0,,,,0,,,,,40,40,0,5,3,0,3,3,1,0,1,9,10,11,1,0,5,0,1,0,7232,0.018,0.081,0.008
178,5.077,4.83,0,0.007,0.023,0,0,,0,,,,0,,,,,40,40,0,5,3,0,3,3,1,0,1,9,10,11,1,0,5,0,1,0,7232,0.029,0.048,0.004
179,3.872,3.737,0,0.003,0.022,0,0,,0,,,,0,,,,,40,40,0,5,3,0,3,3,1,0,1,9,10,11,1,0,5,0,1,0,7232,0.013,0.047,0.002
180,4.5,4.205,0,0.008,0.035,0,0,,1,140.625,229830656,286412800,1,75980672,75980672,167424000,38823561584,40,40,0,5,3,0,3,3,1,0,1,9,10,11,1,0,5,0,1,0,7232,0.026,0.076,0.006
181,4.312,3.994,0,0.009,0.031,0,0,,0,,,,0,,,,,40,40,0,5,3,0,3,3,1,0,1,9,10,11,1,0,5,0,1,0,7232,0.025,0.09,0.006
182,6.621,6.25,0,0.008,0.035,0,0,,0,,,,0,,,,,40,40,0,5,3,0,3,3,1,0,1,9,10,11,1,0,5,0,1,0,7232,0.044,0.135,0.004
183,5.45,4.909,0,0.012,0.087,0,0,,0,,,,0,,,,,40,40,0,5,3,0,3,3,1,0,1,9,10,11,1,0,5,0,1,0,7232,0.04,0.142,0.012
184,4.354,4.095,0,0.005,0.029,0,0,,0,,,,0,,,,,40,40,0,5,3,0,3,3,1,0,1,9,10,11,1,0,5,0,1,0,7232,0.019,0.069,0.005
185,10.832,10.179,0.001,0.016,0.115,0,0,,0,,,,0,,,,,40,40,0,5,3,0,3,3,1,0,1,9,10,11,1,0,5,0,1,0,7232,0.048,0.166,0.013
186,7.061,6.621,0.001,0.011,0.038,0,0,,0,,,,0,,,,,40,40,0,5,3,0,3,3,1,0,1,9,10,11,1,0,5,0,1,0,7232,0.043,0.133,0.007
187,3.777,3.407,0.001,0.008,0.027,0,0,,0,,,,0,,,,,40,40,0,5,3,0,3,3,1,0,1,9,10,11,1,0,5,0,1,0,7232,0.043,0.137,0.006
188,5.06,4.551,0,0.01,0.05,0,0,,0,,,,0,,,,,40,40,0,5,3,0,3,3,1,0,1,9,10,11,1,0,5,0,1,0,7232,0.09,0.152,0.009
189,3.427,3.109,0,0.009,0.034,0,0,,0,,,,0,,,,,40,40,0,5,3,0,3,3,1,0,1,9,10,11,1,0,5,0,1,0,7232,0.03,0.078,0.007
190,5.201,4.9,0,0.007,0.033,0,0,,0,,,,0,,,,,40,40,0,5,3,0,3,3,1,0,1,9,10,11,1,0,5,0,1,0,7232,0.027,0.101,0.009
191,5.774,5.548,0,0.006,0.046,0,0,,0,,,,0,,,,,40,40,0,5,3,0,3,3,1,0,1,9,10,11,1,0,5,0,1,0,7232,0.017,0.061,0.005
192,4.53,3.707,0.001,0.008,0.095,0,0,,0,,,,0,,,,,40,40,0,5,3,0,3,3,1,0,1,9,10,11,1,0,5,0,1,0,7232,0.059,0.416,0.012
193,3.052,2.769,0,0.009,0.022,0,0,,0,,,,0,,,,,40,40,0,5,3,0,3,3,1,0,1,9,10,11,1,0,5,0,1,0,7232,0.027,0.094,0.006
194,6.403,6.087,0,0.006,0.026,0,0,,0,,,,0,,,,,40,40,0,5,3,0,3,3,1,0,1,9,10,11,1,0,5,0,1,0,7232,0.031,0.126,0.005
195,4.954,4.336,0.001,0.011,0.087,0,0,,0,,,,0,,,,,40,40,0,5,3,0,3,3,1,0,1,9,10,11,1,0,5,0,1,0,7232,0.085,0.062,0.006
196,3.986,3.635,0,0.009,0.031,0,0,,0,,,,0,,,,,40,40,0,5,3,0,3,3,1,0,1,9,10,11,1,0,5,0,1,0,7232,0.042,0.097,0.008
197,4.544,4.172,0,0.012,0.04,0,0,,0,,,,0,,,,,40,40,0,5,3,0,3,3,1,0,1,9,10,11,1,0,5,0,1,0,7232,0.037,0.099,0.009
198,4.731,4.407,0.001,0.006,0.032,0,0,,0,,,,0,,,,,40,40,0,5,3,0,3,3,1,0,1,9,10,11,1,0,5,0,1,0,7232,0.027,0.098,0.006
199,4.036,3.748,0,0.005,0.038,0,0,,0,,,,0,,,,,40,40,0,5,3,0,3,3,1,0,1,9,10,11,1,0,5,0,1,0,7232,0.016,0.089,0.006
200,5.715,5.389,0,0.008,0.031,0,0,,0,,,,0,,,,,40,40,0,5,3,0,3,3,1,0,1,9,10,11,1,0,5,0,1,0,7232,0.03,0.112,0.005
201,5.306,4.996,0,0.011,0.027,0,0,,0,,,,0,,,,,40,40,0,5,3,0,3,3,1,0,1,9,10,11,1,0,5,0,1,0,7232,0.06,0.074,0.004
202,3.82,3.57,0,0.003,0.021,0,0,,0,,,,0,,,,,40,40,0,5,3,0,3,3,1,0,1,9,10,11,1,0,5,0,1,0,7232,0.011,0.126,0.004
203,3.764,3.183,0,0.007,0.077,0,0,,0,,,,0,,,,,40,40,0,5,3,0,3,3,1,0,1,9,10,11,1,0,5,0,1,0,7232,0.024,0.095,0.008
204,3.086,2.875,0,0.005,0.039,0,0,,0,,,,0,,,,,40,40,0,5,3,0,3,3,1,0,1,9,10,11,1,0,5,0,1,0,7232,0.015,0.057,0.004
205,6.255,5.845,0,0.008,0.049,0,0,,0,,,,0,,,,,40,40,0,5,3,0,3,3,1,0,1,9,10,11,1,0,5,0,1,0,7232,0.03,0.142,0.007
206,5.624,5.204,0,0.01,0.051,0,0,,0,,,,0,,,,,40,40,0,5,3,0,3,3,1,0,1,9,10,11,1,0,5,0,1,0,7232,0.029,0.073,0.009
207,4.733,4.266,0,0.01,0.031,0,0,,0,,,,0,,,,,40,40,0,5,3,0,3,3,1,0,1,9,10,11,1,0,5,0,1,0,7232,0.091,0.081,0.008
208,4.392,4.086,0.001,0.007,0.031,0,0,,0,,,,0,,,,,40,40,0,5,3,0,3,3,1,0,1,9,10,11,1,0,5,0,1,0,7232,0.032,0.078,0.005
209,3.348,2.88,0.001,0.014,0.111,0,0,,0,,,,0,,,,,40,40,0,5,3,0,3,3,1,0,1,9,10,11,1,0,5,0,1,0,7232,0.048,0.122,0.01
210,5.809,5.507,0,0.008,0.028,0,0,,1,140.625,229838848,286412800,1,75980672,75980672,167424000,38823561584,40,40,0,5,3,0,3,3,1,0,1,9,10,11,1,0,5,0,1,0,7232,0.019,0.086,0.008
211,4.673,4.381,0.001,0.012,0.039,0,0,,0,,,,0,,,,,40,40,0,5,3,0,3,3,1,0,1,9,10,11,1,0,5,0,1,0,7232,0.023,0.051,0.005
212,4.937,4.654,0,0.006,0.043,0,0,,0,,,,0,,,,,40,40,0,5,3,0,3,3,1,0,1,9,10,11,1,0,5,0,1,0,7232,0.025,0.097,0.005
213,4.823,4.514,0,0.005,0.038,0,0,,0,,,,0,,,,,40,40,0,5,3,0,3,3,1,0,1,9,10,11,1,0,5,0,1,0,7232,0.016,0.107,0.008
214,5.946,5.548,0,0.006,0.031,0,0,,0,,,,0,,,,,40,40,0,5,3,0,3,3,1,0,1,9,10,11,1,0,5,0,1,0,7232,0.02,0.177,0.006
215,8.359,8.085,0.001,0.006,0.04,0,0,,0,,,,0,,,,,40,40,0,5,3,0,3,3,1,0,1,9,10,11,1,0,5,0,1,0,7232,0.015,0.047,0.007
216,8.683,8.069,0.001,0.015,0.099,0,0,,0,,,,0,,,,,40,40,0,5,3,0,3,3,1,0,1,9,10,11,1,0,5,0,1,0,7232,0.043,0.157,0.014
217,4.879,4.608,0,0.033,0.037,0,0,,0,,,,0,,,,,40,40,0,5,3,0,3,3,1,0,1,9,10,11,1,0,5,0,1,0,7232,0.015,0.045,0.006
218,7.534,7.21,0,0.007,0.044,0,0,,0,,,,0,,,,,40,40,0,5,3,0,3,3,1,0,1,9,10,11,1,0,5,0,1,0,7232,0.02,0.091,0.009
219,4.87,4.463,0,0.013,0.031,0,0,,0,,,,0,,,,,40,40,0,5,3,0,3,3,1,0,1,9,10,11,1,0,5,0,1,0,7232,0.062,0.084,0.006
220,9.741,9.301,0.001,0.011,0.049,0,0,,0,,,,0,,,,,40,40,0,5,3,0,3,3,1,0,1,9,10,11,1,0,5,0,1,0,7232,0.034,0.092,0.01
221,5.871,5.46,0,0.013,0.032,0,0,,0,,,,0,,,,,40,40,0,5,3,0,3,3,1,0,1,9,10,11,1,0,5,0,1,0,7232,0.044,0.138,0.006
222,4.586,4.217,0.001,0.012,0.032,0,0,,0,,,,0,,,,,40,40,0,5,3,0,3,3,1,0,1,9,10,11,1,0,5,0,1,0,7232,0.035,0.111,0.006
223,4.354,4.031,0,0.011,0.029,0,0,,0,,,,0,,,,,40,40,0,5,3,0,3,3,1,0,1,9,10,11,1,0,5,0,1,0,7232,0.041,0.103,0.004
224,3.808,3.464,0,0.007,0.055,0,0,,0,,,,0,,,,,40,40,0,5,3,0,3,3,1,0,1,9,10,11,1,0,5,0,1,0,7232,0.019,0.062,0.007
225,3.811,3.4,0,0.013,0.041,0,0,,0,,,,0,,,,,40,40,0,5,3,0,3,3,1,0,1,9,10,11,1,0,5,0,1,0,7232,0.033,0.12,0.007
226,6.559,6.209,0,0.007,0.025,0,0,,0,,,,0,,,,,40,40,0,5,3,0,3,3,1,0,1,9,10,11,1,0,5,0,1,0,7232,0.042,0.16,0.003
227,5.867,5.491,0,0.012,0.039,0,0,,0,,,,0,,,,,40,40,0,5,3,0,3,3,1,0,1,9,10,11,1,0,5,0,1,0,7232,0.03,0.067,0.008
228,4.605,4.293,0,0.01,0.027,0,0,,0,,,,0,,,,,40,40,0,5,3,0,3,3,1,0,1,9,10,11,1,0,5,0,1,0,7232,0.04,0.073,0.006
229,4.165,3.859,0,0.006,0.028,0,0,,0,,,,0,,,,,40,40,0,5,3,0,3,3,1,0,1,9,10,11,1,0,5,0,1,0,7232,0.034,0.124,0.005
230,6.64,6.166,0.001,0.007,0.157,0,0,,0,,,,0,,,,,40,40,0,5,3,0,3,3,1,0,1,9,10,11,1,0,5,0,1,0,7232,0.026,0.119,0.007
231,3.491,3.223,0,0.008,0.027,0,0,,0,,,,0,,,,,40,40,0,5,3,0,3,3,1,0,1,9,10,11,1,0,5,0,1,0,7232,0.029,0.054,0.006
232,3.97,3.578,0.001,0.013,0.054,0,0,,0,,,,0,,,,,40,40,0,5,3,0,3,3,1,0,1,9,10,11,1,0,5,0,1,0,7232,0.036,0.099,0.008
233,5.183,4.851,0,0.011,0.03,0,0,,0,,,,0,,,,,40,40,0,5,3,0,3,3,1,0,1,9,10,11,1,0,5,0,1,0,7232,0.032,0.118,0.006
234,4.711,3.982,0,0.006,0.074,0,0,,0,,,,0,,,,,40,40,0,5,3,0,3,3,1,0,1,9,10,11,1,0,5,0,1,0,7232,0.018,0.431,0.012
235,5.042,4.607,0,0.011,0.048,0,0,,0,,,,0,,,,,40,40,0,5,3,0,3,3,1,0,1,9,10,11,1,0,5,0,1,0,7232,0.038,0.124,0.008
236,5.175,4.843,0,0.008,0.035,0,0,,0,,,,0,,,,,40,40,0,5,3,0,3,3,1,0,1,9,10,11,1,0,5,0,1,0,7232,0.03,0.112,0.006
237,5.336,5.046,0,0.008,0.041,0,0,,0,,,,0,,,,,40,40,0,5,3,0,3,3,1,0,1,9,10,11,1,0,5,0,1,0,7232,0.017,0.078,0.007
238,4.849,4.436,0.001,0.008,0.03,0,0,,0,,,,0,,,,,40,40,0,5,3,0,3,3,1,0,1,9,10,11,1,0,5,0,1,0,7232,0.026,0.169,0.009
239,9.29,8.913,0,0.009,0.102,0,0,,0,,,,0,,,,,40,40,0,5,3,0,3,3,1,0,1,9,10,11,1,0,5,0,1,0,7232,0.021,0.068,0.008
240,4.493,3.999,0,0.027,0.05,0,0,,1,171.875,229847040,286412800,1,75980672,75980672,167424000,38823561584,40,40,0,5,3,0,3,3,1,0,1,9,10,11,1,0,5,0,1,0,7232,0.02,0.108,0.019
241,6.182,5.834,0.001,0.009,0.042,0,0,,0,,,,0,,,,,40,40,0,5,3,0,3,3,1,0,1,9,10,11,1,0,5,0,1,0,7232,0.027,0.101,0.009
242,4.507,4.239,0,0.005,0.054,0,0,,0,,,,0,,,,,40,40,0,5,3,0,3,3,1,0,1,9,10,11,1,0,5,0,1,0,7232,0.016,0.061,0.004
243,7.44,6.893,0.001,0.012,0.096,0,0,,0,,,,0,,,,,40,40,0,5,3,0,3,3,1,0,1,9,10,11,1,0,5,0,1,0,7232,0.039,0.145,0.012
244,6.657,6.28,0,0.008,0.034,0,0,,0,,,,0,,,,,40,40,0,5,3,0,3,3,1,0,1,9,10,11,1,0,5,0,1,0,7232,0.041,0.133,0.004
245,5.837,4.928,0,0.008,0.09,0,0,,0,,,,0,,,,,40,40,0,5,3,0,3,3,1,0,1,9,10,11,1,0,5,0,1,0,7232,0.045,0.155,0.01
246,2.897,2.49,0,0.009,0.04,0,0,,0,,,,0,,,,,40,40,0,5,3,0,3,3,1,0,1,9,10,11,1,0,5,0,1,0,7232,0.041,0.134,0.006
247,5.48,5.168,0,0.012,0.034,0,0,,0,,,,0,,,,,40,40,0,5,3,0,3,3,1,0,1,9,10,11,1,0,5,0,1,0,7232,0.022,0.067,0.008
248,3.562,3.19,0.001,0.014,0.034,0,0,,0,,,,0,,,,,40,40,0,5,3,0,3,3,1,0,1,9,10,11,1,0,5,0,1,0,7232,0.057,0.066,0.004
249,5.396,5.046,0,0.01,0.037,0,0,,0,,,,0,,,,,40,40,0,5,3,0,3,3,1,0,1,9,10,11,1,0,5,0,1,0,7232,0.038,0.064,0.007
250,4.825,4.391,0,0.013,0.037,0,0,,0,,,,0,,,,,40,40,0,5,3,0,3,3,1,0,1,9,10,11,1,0,5,0,1,0,7232,0.056,0.061,0.008
251,6.538,6.166,0.001,0.008,0.044,0,0,,0,,,,0,,,,,40,40,0,5,3,0,3,3,1,0,1,9,10,11,1,0,5,0,1,0,7232,0.039,0.106,0.006
252,3.97,3.631,0,0.01,0.032,0,0,,0,,,,0,,,,,40,40,0,5,3,0,3,3,1,0,1,9,10,11,1,0,5,0,1,0,7232,0.013,0.14,0.007
253,4.507,4.107,0,0.01,0.037,0,0,,0,,,,0,,,,,40,40,0,5,3,0,3,3,1,0,1,9,10,11,1,0,5,0,1,0,7232,0.032,0.116,0.009
254,6.319,5.915,0,0.011,0.032,0,0,,0,,,,0,,,,,40,40,0,5,3,0,3,3,1,0,1,9,10,11,1,0,5,0,1,0,7232,0.038,0.136,0.009
255,6.326,6.021,0.001,0.011,0.045,0,0,,0,,,,0,,,,,40,40,0,5,3,0,3,3,1,0,1,9,10,11,1,0,5,0,1,0,7232,0.02,0.069,0.006
256,4.81,4.405,0.001,0.01,0.034,0,0,,0,,,,0,,,,,40,40,0,5,3,0,3,3,1,0,1,9,10,11,1,0,5,0,1,0,7232,0.045,0.124,0.007
257,6.806,6.506,0,0.012,0.037,0,0,,0,,,,0,,,,,40,40,0,5,3,0,3,3,1,0,1,9,10,11,1,0,5,0,1,0,7232,0.016,0.05,0.007
258,6.127,5.479,0.001,0.016,0.104,0,0,,0,,,,0,,,,,40,40,0,5,3,0,3,3,1,0,1,9,10,11,1,0,5,0,1,0,7232,0.049,0.183,0.012
259,8.598,8.168,0,0.013,0.036,0,0,,0,,,,0,,,,,40,40,0,5,3,0,3,3,1,0,1,9,10,11,1,0,5,0,1,0,7232,0.043,0.128,0.008
260,4.035,3.747,0,0.007,0.03,0,0,,0,,,,0,,,,,40,40,0,5,3,0,3,3,1,0,1,9,10,11,1,0,5,0,1,0,7232,0.04,0.089,0.004
261,6.054,5.74,0,0.006,0.033,0,0,,0,,,,0,,,,,40,40,0,5,3,0,3,3,1,0,1,9,10,11,1,0,5,0,1,0,7232,0.016,0.079,0.007
262,6.69,6.38,0,0.009,0.032,0,0,,0,,,,0,,,,,40,40,0,5,3,0,3,3,1,0,1,9,10,11,1,0,5,0,1,0,7232,0.042,0.059,0.006
263,7.208,6.85,0,0.009,0.036,0,0,,0,,,,0,,,,,40,40,0,5,3,0,3,3,1,0,1,9,10,11,1,0,5,0,1,0,7232,0.04,0.085,0.007
264,4.166,3.866,0,0.008,0.039,0,0,,0,,,,0,,,,,40,40,0,5,3,0,3,3,1,0,1,9,10,11,1,0,5,0,1,0,7232,0.02,0.066,0.008
265,6.494,6.093,0.001,0.011,0.027,0,0,,0,,,,0,,,,,40,40,0,5,3,0,3,3,1,0,1,9,10,11,1,0,5,0,1,0,7232,0.043,0.127,0.006
266,6.331,5.95,0,0.006,0.054,0,0,,0,,,,0,,,,,40,40,0,5,3,0,3,3,1,0,1,9,10,11,1,0,5,0,1,0,7232,0.016,0.129,0.01
267,3.569,3.299,0,0.006,0.034,0,0,,0,,,,0,,,,,40,40,0,5,3,0,3,3,1,0,1,9,10,11,1,0,5,0,1,0,7232,0.018,0.067,0.006
268,7.061,6.703,0,0.012,0.03,0,0,,0,,,,0,,,,,40,40,0,5,3,0,3,3,1,0,1,9,10,11,1,0,5,0,1,0,7232,0.039,0.106,0.005
269,5.908,5.572,0,0.008,0.044,0,0,,0,,,,0,,,,,40,40,0,5,3,0,3,3,1,0,1,9,10,11,1,0,5,0,1,0,7232,0.043,0.072,0.008
270,14.436,14.107,0.001,0.01,0.042,0,0,,1,187.5,229863424,286412800,1,75980672,75980672,167424000,38823561584,40,40,0,5,3,0,3,3,1,0,1,9,10,11,1,0,5,0,1,0,7232,0.032,0.057,0.008
271,3.925,3.54,0,0.01,0.044,0,0,,0,,,,0,,,,,40,40,0,5,3,0,3,3,1,0,1,9,10,11,1,0,5,0,1,0,7232,0.027,0.094,0.011
272,7.092,6.815,0,0.01,0.04,0,0,,0,,,,0,,,,,40,40,0,5,3,0,3,3,1,0,1,9,10,11,1,0,5,0,1,0,7232,0.014,0.044,0.007
273,9.275,8.948,0,0.009,0.045,0,0,,0,,,,0,,,,,40,40,0,5,3,0,3,3,1,0,1,9,10,11,1,0,5,0,1,0,7232,0.021,0.069,0.008
274,8.873,8.545,0.001,0.008,0.025,0,0,,0,,,,0,,,,,40,40,0,5,3,0,3,3,1,0,1,9,10,11,1,0,5,0,1,0,7232,0.034,0.128,0.006
275,4.339,3.982,0,0.009,0.071,0,0,,0,,,,0,,,,,40,40,0,5,3,0,3,3,1,0,1,9,10,11,1,0,5,0,1,0,7232,0.029,0.077,0.007
276,3.569,2.691,0.001,0.045,0.077,0,0,,0,,,,0,,,,,40,40,0,5,3,0,3,3,1,0,1,9,10,11,1,0,5,0,1,0,7232,0.038,0.139,0.012
277,2.776,2.484,0,0.007,0.055,0,0,,0,,,,0,,,,,40,40,0,5,3,0,3,3,1,0,1,9,10,11,1,0,5,0,1,0,7232,0.016,0.054,0.006
278,9.219,8.958,0,0.008,0.041,0,0,,0,,,,0,,,,,40,40,0,5,3,0,3,3,1,0,1,9,10,11,1,0,5,0,1,0,7232,0.018,0.061,0.006
279,4.974,4.538,0.001,0.008,0.125,0,0,,0,,,,0,,,,,40,40,0,5,3,0,3,3,1,0,1,9,10,11,1,0,5,0,1,0,7232,0.02,0.097,0.009
280,6.934,6.633,0,0.011,0.032,0,0,,0,,,,0,,,,,40,40,0,5,3,0,3,3,1,0,1,9,10,11,1,0,5,0,1,0,7232,0.036,0.056,0.006
281,6.355,5.972,0.001,0.011,0.049,0,0,,0,,,,0,,,,,40,40,0,5,3,0,3,3,1,0,1,9,10,11,1,0,5,0,1,0,7232,0.039,0.075,0.009
282,8.518,8.216,0,0.008,0.036,0,0,,0,,,,0,,,,,40,40,0,5,3,0,3,3,1,0,1,9,10,11,1,0,5,0,1,0,7232,0.016,0.052,0.008
283,7.383,7.074,0.001,0.005,0.034,0,0,,0,,,,0,,,,,40,40,0,5,3,0,3,3,1,0,1,9,10,11,1,0,5,0,1,0,7232,0.016,0.052,0.007
284,3.743,3.348,0.001,0.014,0.049,0,0,,0,,,,0,,,,,40,40,0,5,3,0,3,3,1,0,1,9,10,11,1,0,5,0,1,0,7232,0.048,0.067,0.008
285,5.352,5.033,0,0.009,0.028,0,0,,0,,,,0,,,,,40,40,0,5,3,0,3,3,1,0,1,9,10,11,1,0,5,0,1,0,7232,0.046,0.086,0.005
286,4.465,3.961,0,0.008,0.077,0,0,,0,,,,0,,,,,40,40,0,5,3,0,3,3,1,0,1,9,10,11,1,0,5,0,1,0,7232,0.052,0.116,0.007
287,7.462,7.037,0.001,0.012,0.039,0,0,,0,,,,0,,,,,40,40,0,5,3,0,3,3,1,0,1,9,10,11,1,0,5,0,1,0,7232,0.049,0.084,0.009
288,13.591,13.131,0,0.012,0.049,0,0,,0,,,,0,,,,,40,40,0,5,3,0,3,3,1,0,1,9,10,11,1,0,5,0,1,0,7232,0.038,0.131,0.01
289,9.211,8.815,0,0.012,0.034,0,0,,0,,,,0,,,,,40,40,0,5,3,0,3,3,1,0,1,9,10,11,1,0,5,0,1,0,7232,0.049,0.088,0.008
290,6.787,6.259,0,0.013,0.091,0,0,,0,,,,0,,,,,40,40,0,5,3,0,3,3,1,0,1,9,10,11,1,0,5,0,1,0,7232,0.039,0.141,0.01
291,4.437,4.116,0,0.008,0.036,0,0,,0,,,,0,,,,,40,40,0,5,3,0,3,3,1,0,1,9,10,11,1,0,5,0,1,0,7232,0.021,0.073,0.009
292,9.609,9.305,0,0.012,0.032,0,0,,0,,,,0,,,,,40,40,0,5,3,0,3,3,1,0,1,9,10,11,1,0,5,0,1,0,7232,0.015,0.048,0.008
293,4.192,3.838,0,0.009,0.039,0,0,,0,,,,0,,,,,40,40,0,5,3,0,3,3,1,0,1,9,10,11,1,0,5,0,1,0,7232,0.031,0.097,0.007
294,4.038,3.696,0,0.006,0.034,0,0,,0,,,,0,,,,,40,40,0,5,3,0,3,3,1,0,1,9,10,11,1,0,5,0,1,0,7232,0.016,0.093,0.01
295,6.997,6.597,0,0.01,0.034,0,0,,0,,,,0,,,,,40,40,0,5,3,0,3,3,1,0,1,9,10,11,1,0,5,0,1,0,7232,0.034,0.115,0.009
296,8.321,7.98,0.001,0.009,0.051,0,0,,0,,,,0,,,,,40,40,0,5,3,0,3,3,1,0,1,9,10,11,1,0,5,0,1,0,7232,0.02,0.065,0.01
297,6.615,6.223,0,0.008,0.042,0,0,,0,,,,0,,,,,40,40,0,5,3,0,3,3,1,0,1,9,10,11,1,0,5,0,1,0,7232,0.022,0.11,0.012
298,7.693,7.288,0.001,0.009,0.045,0,0,,0,,,,0,,,,,40,40,0,5,3,0,3,3,1,0,1,9,10,11,1,0,5,0,1,0,7232,0.025,0.083,0.01
299,23.149,22.784,0,0.008,0.054,0,0,,0,,,,0,,,,,40,40,0,5,3,0,3,3,1,0,1,9,10,11,1,0,5,0,1,0,7232,0.024,0.076,0.009
300,7.859,7.298,0,0.142,0.064,0,0,,1,203.125,229871616,286412800,1,75980672,75980672,167424000,38823561584,40,40,0,5,3,0,3,3,1,0,1,9,10,11,1,0,5,0,1,0,7232,0.032,0.09,0.009
301,9.506,9.061,0.001,0.012,0.068,0,0,,0,,,,0,,,,,40,40,0,5,3,0,3,3,1,0,1,9,10,11,1,0,5,0,1,0,7232,0.029,0.098,0.01
302,11.602,11.127,0,0.01,0.055,0,0,,0,,,,0,,,,,40,40,0,5,3,0,3,3,1,0,1,9,10,11,1,0,5,0,1,0,7232,0.042,0.139,0.01
303,9.197,8.819,0,0.011,0.065,0,0,,0,,,,0,,,,,40,40,0,5,3,0,3,3,1,0,1,9,10,11,1,0,5,0,1,0,7232,0.026,0.081,0.01
304,8.074,7.568,0.001,0.014,0.066,0,0,,0,,,,0,,,,,40,40,0,5,3,0,3,3,1,0,1,9,10,11,1,0,5,0,1,0,7232,0.035,0.112,0.011
305,9.552,9.087,0,0.012,0.079,0,0,,0,,,,0,,,,,40,40,0,5,3,0,3,3,1,0,1,9,10,11,1,0,5,0,1,0,7232,0.032,0.091,0.011
306,11.362,10.434,0.001,0.014,0.417,0,0,,0,,,,0,,,,,40,40,0,5,3,0,3,3,1,0,1,9,10,11,1,0,5,0,1,0,7232,0.051,0.148,0.012
307,20.658,20.174,0.001,0.012,0.058,0,0,,0,,,,0,,,,,40,40,0,5,3,0,3,3,1,0,1,9,10,11,1,0,5,0,1,0,7232,0.039,0.117,0.01
308,10.094,9.585,0.001,0.013,0.084,0,0,,0,,,,0,,,,,40,40,0,5,3,0,3,3,1,0,1,9,10,11,1,0,5,0,1,0,7232,0.029,0.112,0.012
309,24.656,24.213,0,0.012,0.076,0,0,,0,,,,0,,,,,40,40,0,5,3,0,3,3,1,0,1,9,10,11,1,0,5,0,1,0,7232,0.03,0.085,0.011
310,19.622,19.104,0.001,0.015,0.069,0,0,,0,,,,0,,,,,40,40,0,5,3,0,3,3,1,0,1,9,10,11,1,0,5,0,1,0,7232,0.034,0.126,0.012
311,8.676,8.255,0,0.014,0.055,0,0,,0,,,,0,,,,,40,40,0,5,3,0,3,3,1,0,1,9,10,11,1,0,5,0,1,0,7232,0.026,0.082,0.011
312,11.235,10.693,0.001,0.013,0.106,0,0,,0,,,,0,,,,,40,40,0,5,3,0,3,3,1,0,1,9,10,11,1,0,5,0,1,0,7232,0.034,0.121,0.012
313,7.37,6.813,0.001,0.014,0.082,0,0,,0,,,,0,,,,,40,40,0,5,3,0,3,3,1,0,1,9,10,11,1,0,5,0,1,0,7232,0.038,0.145,0.013
314,23.991,23.522,0.001,0.01,0.052,0,0,,0,,,,0,,,,,40,40,0,5,3,0,3,3,1,0,1,9,10,11,1,0,5,0,1,0,7232,0.024,0.142,0.012
315,36.191,35.673,0.001,0.015,0.085,0,0,,0,,,,0,,,,,40,40,0,5,3,0,3,3,1,0,1,9,10,11,1,0,5,0,1,0,7232,0.035,0.115,0.012
316,13.68,12.723,0.001,0.01,0.063,0,0,,0,,,,0,,,,,40,40,0,5,3,0,3,3,1,0,1,9,10,11,1,0,5,0,1,0,7232,0.023,0.517,0.016
317,23.113,22.677,0.001,0.013,0.076,0,0,,0,,,,0,,,,,40,40,0,5,3,0,3,3,1,0,1,9,10,11,1,0,5,0,1,0,7232,0.026,0.09,0.011
318,21,20.49,0.001,0.016,0.084,0,0,,0,,,,0,,,,,40,40,0,5,3,0,3,3,1,0,1,9,10,11,1,0,5,0,1,0,7232,0.033,0.109,0.011
319,7.972,7.377,0.001,0.016,0.078,0,0,,0,,,,0,,,,,40,40,0,5,3,0,3,3,1,0,1,9,10,11,1,0,5,0,1,0,7232,0.042,0.131,0.013
320,24.666,24.256,0.001,0.012,0.066,0,0,,0,,,,0,,,,,40,40,0,5,3,0,3,3,1,0,1,9,10,11,1,0,5,0,1,0,7232,0.024,0.083,0.011
321,6.79,6.282,0.001,0.014,0.076,0,0,,0,,,,0,,,,,40,40,0,5,3,0,3,3,1,0,1,9,10,11,1,0,5,0,1,0,7232,0.034,0.109,0.012
322,6.332,5.918,0,0.013,0.058,0,0,,0,,,,0,,,,,40,40,0,5,3,0,3,3,1,0,1,9,10,11,1,0,5,0,1,0,7232,0.026,0.087,0.011
323,27.724,27.176,0.001,0.015,0.093,0,0,,0,,,,0,,,,,40,40,0,5,3,0,3,3,1,0,1,9,10,11,1,0,5,0,1,0,7232,0.036,0.123,0.013
324,33.775,33.269,0.001,0.015,0.087,0,0,,0,,,,0,,,,,40,40,0,5,3,0,3,3,1,0,1,9,10,11,1,0,5,0,1,0,7232,0.033,0.112,0.012
325,25.905,25.438,0.001,0.013,0.072,0,0,,0,,,,0,,,,,40,40,0,5,3,0,3,3,1,0,1,9,10,11,1,0,5,0,1,0,7232,0.029,0.109,0.011
326,6.376,5.929,0.001,0.012,0.069,0,0,,0,,,,0,,,,,40,40,0,5,3,0,3,3,1,0,1,9,10,11,1,0,5,0,1,0,7232,0.027,0.087,0.01
327,16.356,15.93,0,0.012,0.068,0,0,,0,,,,0,,,,,40,40,0,5,3,0,3,3,1,0,1,9,10,11,1,0,5,0,1,0,7232,0.028,0.093,0.01
328,6.473,6.033,0.001,0.017,0.045,0,0,,0,,,,0,,,,,40,40,0,5,3,0,3,3,1,0,1,9,10,11,1,0,5,0,1,0,7232,0.049,0.08,0.009
329,6.363,6.054,0,0.01,0.041,0,0,,0,,,,0,,,,,40,40,0,5,3,0,3,3,1,0,1,9,10,11,1,0,5,0,1,0,7232,0.024,0.071,0.01
330,5.673,5.228,0,0.012,0.039,0,0,,1,218.75,229879808,286412800,1,75980672,75980672,167424000,38823561584,40,40,0,5,3,0,3,3,1,0,1,9,10,11,1,0,5,0,1,0,7232,0.046,0.157,0.007
331,4.568,4.21,0,0.008,0.04,0,0,,0,,,,0,,,,,40,40,0,5,3,0,3,3,1,0,1,9,10,11,1,0,5,0,1,0,7232,0.041,0.143,0.005
332,4.899,4.584,0,0.007,0.032,0,0,,0,,,,0,,,,,40,40,0,5,3,0,3,3,1,0,1,9,10,11,1,0,5,0,1,0,7232,0.034,0.134,0.005
333,11.277,10.849,0,0.008,0.064,0,0,,0,,,,0,,,,,40,40,0,5,3,0,3,3,1,0,1,9,10,11,1,0,5,0,1,0,7232,0.018,0.057,0.057
334,8.09,7.747,0,0.011,0.04,0,0,,0,,,,0,,,,,40,40,0,5,3,0,3,3,1,0,1,9,10,11,1,0,5,0,1,0,7232,0.023,0.076,0.01
335,28.768,28.367,0,0.012,0.065,0,0,,0,,,,0,,,,,40,40,0,5,3,0,3,3,1,0,1,9,10,11,1,0,5,0,1,0,7232,0.026,0.082,0.01
336,8.023,7.678,0,0.01,0.054,0,0,,0,,,,0,,,,,40,40,0,5,3,0,3,3,1,0,1,9,10,11,1,0,5,0,1,0,7232,0.021,0.065,0.009
337,8.026,7.61,0,0.013,0.042,0,0,,0,,,,0,,,,,40,40,0,5,3,0,3,3,1,0,1,9,10,11,1,0,5,0,1,0,7232,0.058,0.088,0.008
338,8.012,7.632,0.001,0.012,0.056,0,0,,0,,,,0,,,,,40,40,0,5,3,0,3,3,1,0,1,9,10,11,1,0,5,0,1,0,7232,0.023,0.068,0.009
339,6.366,5.982,0.001,0.01,0.062,0,0,,0,,,,0,,,,,40,40,0,5,3,0,3,3,1,0,1,9,10,11,1,0,5,0,1,0,7232,0.037,0.075,0.01
340,5.789,5.196,0,0.01,0.182,0,0,,0,,,,0,,,,,40,40,0,5,3,0,3,3,1,0,1,9,10,11,1,0,5,0,1,0,7232,0.09,0.081,0.009
341,6.156,5.796,0,0.013,0.046,0,0,,0,,,,0,,,,,40,40,0,5,3,0,3,3,1,0,1,9,10,11,1,0,5,0,1,0,7232,0.023,0.073,0.01
342,8.204,7.863,0,0.01,0.06,0,0,,0,,,,0,,,,,40,40,0,5,3,0,3,3,1,0,1,9,10,11,1,0,5,0,1,0,7232,0.023,0.074,0.009
343,13.426,12.985,0.001,0.012,0.072,0,0,,0,,,,0,,,,,40,40,0,5,3,0,3,3,1,0,1,9,10,11,1,0,5,0,1,0,7232,0.027,0.096,0.011
344,18.318,17.903,0.001,0.011,0.063,0,0,,0,,,,0,,,,,40,40,0,5,3,0,3,3,1,0,1,9,10,11,1,0,5,0,1,0,7232,0.025,0.082,0.011
345,9.087,8.691,0.001,0.012,0.062,0,0,,0,,,,0,,,,,40,40,0,5,3,0,3,3,1,0,1,9,10,11,1,0,5,0,1,0,7232,0.025,0.08,0.01
346,26.185,25.697,0.001,0.012,0.062,0,0,,0,,,,0,,,,,40,40,0,5,3,0,3,3,1,0,1,9,10,11,1,0,5,0,1,0,7232,0.045,0.122,0.009
347,19.417,19.041,0,0.011,0.049,0,0,,0,,,,0,,,,,40,40,0,5,3,0,3,3,1,0,1,9,10,11,1,0,5,0,1,0,7232,0.025,0.074,0.01
348,11.375,10.817,0.001,0.012,0.096,0,0,,0,,,,0,,,,,40,40,0,5,3,0,3,3,1,0,1,9,10,11,1,0,5,0,1,0,7232,0.032,0.109,0.011
349,9.417,9.017,0.001,0.012,0.058,0,0,,0,,,,0,,,,,40,40,0,5,3,0,3,3,1,0,1,9,10,11,1,0,5,0,1,0,7232,0.026,0.083,0.01
350,17.169,16.61,0,0.015,0.09,0,0,,0,,,,0,,,,,40,40,0,5,3,0,3,3,1,0,1,9,10,11,1,0,5,0,1,0,7232,0.038,0.116,0.013
351,9.745,9.259,0,0.012,0.081,0,0,,0,,,,0,,,,,40,40,0,5,3,0,3,3,1,0,1,9,10,11,1,0,5,0,1,0,7232,0.025,0.104,0.028
352,9.414,8.914,0,0.015,0.069,0,0,,0,,,,0,,,,,40,40,0,5,3,0,3,3,1,0,1,9,10,11,1,0,5,0,1,0,7232,0.052,0.1,0.009
353,23.134,22.629,0,0.013,0.085,0,0,,0,,,,0,,,,,40,40,0,5,3,0,3,3,1,0,1,9,10,11,1,0,5,0,1,0,7232,0.029,0.1,0.011
354,6.378,5.911,0,0.014,0.044,0,0,,0,,,,0,,,,,40,40,0,5,3,0,3,3,1,0,1,9,10,11,1,0,5,0,1,0,7232,0.05,0.105,0.009
355,8.455,8.083,0.001,0.01,0.062,0,0,,0,,,,0,,,,,40,40,0,5,3,0,3,3,1,0,1,9,10,11,1,0,5,0,1,0,7232,0.024,0.081,0.009
356,8.96,8.534,0.001,0.013,0.066,0,0,,0,,,,0,,,,,40,40,0,5,3,0,3,3,1,0,1,9,10,11,1,0,5,0,1,0,7232,0.031,0.086,0.011
357,6.403,6.046,0,0.011,0.053,0,0,,0,,,,0,,,,,40,40,0,5,3,0,3,3,1,0,1,9,10,11,1,0,5,0,1,0,7232,0.026,0.08,0.009
358,4.48,4.166,0,0.013,0.052,0,0,,0,,,,0,,,,,40,40,0,5,3,0,3,3,1,0,1,9,10,11,1,0,5,0,1,0,7232,0.021,0.077,0.007
359,5.014,4.356,0,0.016,0.104,0,0,,0,,,,0,,,,,40,40,0,5,3,0,3,3,1,0,1,9,10,11,1,0,5,0,1,0,7232,0.05,0.176,0.013
360,3.905,3.405,0,0.01,0.085,0,0,,1,250,229949440,286412800,1,75980672,75980672,167424000,38823561584,40,40,0,5,3,0,3,3,1,0,1,9,10,11,1,0,5,0,1,0,7232,0.033,0.116,0.01
361,5.807,5.402,0,0.011,0.066,0,0,,0,,,,0,,,,,40,40,0,5,3,0,3,3,1,0,1,9,10,11,1,0,5,0,1,0,7232,0.03,0.094,0.008
362,7.72,7.309,0,0.012,0.064,0,0,,0,,,,0,,,,,40,40,0,5,3,0,3,3,1,0,1,9,10,11,1,0,5,0,1,0,7232,0.028,0.091,0.01
363,6.675,6.368,0,0.008,0.057,0,0,,0,,,,0,,,,,40,40,0,5,3,0,3,3,1,0,1,9,10,11,1,0,5,0,1,0,7232,0.021,0.074,0.007
364,4.667,4.334,0.001,0.006,0.069,0,0,,0,,,,0,,,,,40,40,0,5,3,0,3,3,1,0,1,9,10,11,1,0,5,0,1,0,7232,0.021,0.077,0.007
365,6.077,5.592,0.001,0.014,0.073,0,0,,0,,,,0,,,,,40,40,0,5,3,0,3,3,1,0,1,9,10,11,1,0,5,0,1,0,7232,0.035,0.119,0.01
366,5.224,4.965,0.001,0.008,0.047,0,0,,0,,,,0,,,,,40,40,0,5,3,0,3,3,1,0,1,9,10,11,1,0,5,0,1,0,7232,0.02,0.064,0.006
367,10.13,9.679,0.001,0.011,0.084,0,0,,0,,,,0,,,,,40,40,0,5,3,0,3,3,1,0,1,9,10,11,1,0,5,0,1,0,7232,0.027,0.086,0.012
368,6.508,6.089,0,0.01,0.093,0,0,,0,,,,0,,,,,40,40,0,5,3,0,3,3,1,0,1,9,10,11,1,0,5,0,1,0,7232,0.025,0.081,0.01
369,6.608,5.769,0,0.013,0.08,0,0,,0,,,,0,,,,,40,40,0,5,3,0,3,3,1,0,1,9,10,11,1,0,5,0,1,0,7232,0.062,0.127,0.013
370,7.699,7.254,0.001,0.012,0.068,0,0,,0,,,,0,,,,,40,40,0,5,3,0,3,3,1,0,1,9,10,11,1,0,5,0,1,0,7232,0.031,0.104,0.011
371,7.362,6.781,0,0.012,0.108,0,0,,0,,,,0,,,,,40,40,0,5,3,0,3,3,1,0,1,9,10,11,1,0,5,0,1,0,7232,0.032,0.134,0.017
372,7.026,6.658,0.001,0.011,0.055,0,0,,0,,,,0,,,,,40,40,0,5,3,0,3,3,1,0,1,9,10,11,1,0,5,0,1,0,7232,0.025,0.07,0.009
373,5.55,5.157,0,0.009,0.057,0,0,,0,,,,0,,,,,40,40,0,5,3,0,3,3,1,0,1,9,10,11,1,0,5,0,1,0,7232,0.024,0.074,0.008
374,9.697,9.326,0,0.011,0.046,0,0,,0,,,,0,,,,,40,40,0,5,3,0,3,3,1,0,1,9,10,11,1,0,5,0,1,0,7232,0.025,0.078,0.01
375,4.582,4.36,0,0.004,0.033,0,0,,0,,,,0,,,,,40,40,0,5,3,0,3,3,1,0,1,9,10,11,1,0,5,0,1,0,7232,0.016,0.072,0.008
376,5.094,4.794,0,0.008,0.051,0,0,,0,,,,0,,,,,40,40,0,5,3,0,3,3,1,0,1,9,10,11,1,0,5,0,1,0,7232,0.027,0.082,0.006
377,3.792,3.408,0,0.011,0.045,0,0,,0,,,,0,,,,,40,40,0,5,3,0,3,3,1,0,1,9,10,11,1,0,5,0,1,0,7232,0.032,0.105,0.007
378,3.042,2.813,0,0.004,0.038,0,0,,0,,,,0,,,,,40,40,0,5,3,0,3,3,1,0,1,9,10,11,1,0,5,0,1,0,7232,0.016,0.068,0.005
379,4.951,4.589,0,0.008,0.052,0,0,,0,,,,0,,,,,40,40,0,5,3,0,3,3,1,0,1,9,10,11,1,0,5,0,1,0,7232,0.029,0.108,0.005
380,4.129,3.79,0,0.006,0.05,0,0,,0,,,,0,,,,,40,40,0,5,3,0,3,3,1,0,1,9,10,11,1,0,5,0,1,0,7232,0.026,0.098,0.006
381,4.677,4.323,0,0.007,0.067,0,0,,0,,,,0,,,,,40,40,0,5,3,0,3,3,1,0,1,9,10,11,1,0,5,0,1,0,7232,0.024,0.083,0.007
382,7.261,6.951,0,0.007,0.034,0,0,,0,,,,0,,,,,40,40,0,5,3,0,3,3,1,0,1,9,10,11,1,0,5,0,1,0,7232,0.032,0.115,0.005
383,5.496,5.129,0.001,0.016,0.042,0,0,,0,,,,0,,,,,40,40,0,5,3,0,3,3,1,0,1,9,10,11,1,0,5,0,1,0,7232,0.029,0.081,0.009
384,4.994,4.576,0,0.01,0.052,0,0,,0,,,,0,,,,,40,40,0,5,3,0,3,3,1,0,1,9,10,11,1,0,5,0,1,0,7232,0.028,0.099,0.011
385,7.519,7.182,0.001,0.008,0.033,0,0,,0,,,,0,,,,,40,40,0,5,3,0,3,3,1,0,1,9,10,11,1,0,5,0,1,0,7232,0.036,0.114,0.007
386,3.979,3.521,0,0.016,0.043,0,0,,0,,,,0,,,,,40,40,0,5,3,0,3,3,1,0,1,9,10,11,1,0,5,0,1,0,7232,0.04,0.127,0.011
387,4.585,4.232,0,0.008,0.033,0,0,,0,,,,0,,,,,40,40,0,5,3,0,3,3,1,0,1,9,10,11,1,0,5,0,1,0,7232,0.018,0.113,0.01
388,4.439,4.042,0,0.016,0.044,0,0,,0,,,,0,,,,,40,40,0,5,3,0,3,3,1,0,1,9,10,11,1,0,5,0,1,0,7232,0.032,0.109,0.007
389,5.521,5.095,0,0.012,0.036,0,0,,0,,,,0,,,,,40,40,0,5,3,0,3,3,1,0,1,9,10,11,1,0,5,0,1,0,7232,0.047,0.154,0.005
390,4.35,4.019,0,0.008,0.04,0,0,,1,281.25,229949440,286412800,1,75980672,75980672,167424000,38823561584,40,40,0,5,3,0,3,3,1,0,1,9,10,11,1,0,5,0,1,0,7232,0.024,0.078,0.009
391,5.777,5.461,0,0.008,0.022,0,0,,0,,,,0,,,,,40,40,0,5,3,0,3,3,1,0,1,9,10,11,1,0,5,0,1,0,7232,0.038,0.096,0.005
392,7.541,7.179,0,0.009,0.039,0,0,,0,,,,0,,,,,40,40,0,5,3,0,3,3,1,0,1,9,10,11,1,0,5,0,1,0,7232,0.031,0.114,0.009
393,3.701,3.285,0,0.012,0.034,0,0,,0,,,,0,,,,,40,40,0,5,3,0,3,3,1,0,1,9,10,11,1,0,5,0,1,0,7232,0.024,0.066,0.008
394,3.723,3.418,0,0.009,0.035,0,0,,0,,,,0,,,,,40,40,0,5,3,0,3,3,1,0,1,9,10,11,1,0,5,0,1,0,7232,0.031,0.09,0.004
395,5.036,4.708,0,0.008,0.036,0,0,,0,,,,0,,,,,40,40,0,5,3,0,3,3,1,0,1,9,10,11,1,0,5,0,1,0,7232,0.039,0.113,0.004
396,4.984,4.628,0,0.012,0.041,0,0,,0,,,,0,,,,,40,40,0,5,3,0,3,3,1,0,1,9,10,11,1,0,5,0,1,0,7232,0.038,0.052,0.008
397,5.491,5.131,0,0.012,0.038,0,0,,0,,,,0,,,,,40,40,0,5,3,0,3,3,1,0,1,9,10,11,1,0,5,0,1,0,7232,0.058,0.055,0.009
398,4.49,4.322,0.001,0.004,0.023,0,0,,0,,,,0,,,,,40,40,0,5,3,0,3,3,1,0,1,9,10,11,1,0,5,0,1,0,7232,0.013,0.049,0.004
399,6.527,6.308,0,0.005,0.023,0,0,,0,,,,0,,,,,40,40,0,5,3,0,3,3,1,0,1,9,10,11,1,0,5,0,1,0,7232,0.026,0.079,0.004
400,3.509,3.182,0,0.007,0.044,0,0,,0,,,,0,,,,,40,40,0,5,3,0,3,3,1,0,1,9,10,11,1,0,5,0,1,0,7232,0.024,0.08,0.007
401,3.523,3.085,0.001,0.012,0.043,0,0,,0,,,,0,,,,,40,40,0,5,3,0,3,3,1,0,1,9,10,11,1,0,5,0,1,0,7232,0.052,0.104,0.007
402,5.616,5.331,0,0.008,0.036,0,0,,0,,,,0,,,,,40,40,0,5,3,0,3,3,1,0,1,9,10,11,1,0,5,0,1,0,7232,0.027,0.093,0.004
403,4.025,3.699,0,0.007,0.042,0,0,,0,,,,0,,,,,40,40,0,5,3,0,3,3,1,0,1,9,10,11,1,0,5,0,1,0,7232,0.026,0.094,0.008
404,3.458,3.112,0.001,0.009,0.033,0,0,,0,,,,0,,,,,40,40,0,5,3,0,3,3,1,0,1,9,10,11,1,0,5,0,1,0,7232,0.026,0.089,0.009
405,3.428,3.053,0.001,0.009,0.066,0,0,,0,,,,0,,,,,40,40,0,5,3,0,3,3,1,0,1,9,10,11,1,0,5,0,1,0,7232,0.025,0.082,0.008
406,4.42,4.082,0,0.009,0.05,0,0,,0,,,,0,,,,,40,40,0,5,3,0,3,3,1,0,1,9,10,11,1,0,5,0,1,0,7232,0.025,0.079,0.009
407,7.774,7.439,0.001,0.009,0.05,0,0,,0,,,,0,,,,,40,40,0,5,3,0,3,3,1,0,1,9,10,11,1,0,5,0,1,0,7232,0.021,0.068,0.01
408,11.574,10.964,0.001,0.014,0.105,0,0,,0,,,,0,,,,,40,40,0,5,3,0,3,3,1,0,1,9,10,11,1,0,5,0,1,0,7232,0.044,0.157,0.014
409,7.314,6.813,0,0.014,0.075,0,0,,0,,,,0,,,,,40,40,0,5,3,0,3,3,1,0,1,9,10,11,1,0,5,0,1,0,7232,0.034,0.114,0.011
410,4.58,4.256,0,0.008,0.046,0,0,,0,,,,0,,,,,40,40,0,5,3,0,3,3,1,0,1,9,10,11,1,0,5,0,1,0,7232,0.026,0.094,0.006
411,23.499,22.983,0.001,0.01,0.064,0,0,,0,,,,0,,,,,40,40,0,5,3,0,3,3,1,0,1,9,10,11,1,0,5,0,1,0,7232,0.024,0.195,0.01
412,7.786,7.382,0.001,0.01,0.06,0,0,,0,,,,0,,,,,40,40,0,5,3,0,3,3,1,0,1,9,10,11,1,0,5,0,1,0,7232,0.025,0.079,0.01
413,10.321,9.693,0.001,0.012,0.08,0,0,,0,,,,0,,,,,40,40,0,5,3,0,3,3,1,0,1,9,10,11,1,0,5,0,1,0,7232,0.102,0.117,0.014
414,7.739,7.286,0.001,0.012,0.066,0,0,,0,,,,0,,,,,40,40,0,5,3,0,3,3,1,0,1,9,10,11,1,0,5,0,1,0,7232,0.03,0.104,0.01
415,6.642,6.288,0,0.009,0.057,0,0,,0,,,,0,,,,,40,40,0,5,3,0,3,3,1,0,1,9,10,11,1,0,5,0,1,0,7232,0.023,0.076,0.007
416,7.96,7.479,0,0.011,0.04,0,0,,0,,,,0,,,,,40,40,0,5,3,0,3,3,1,0,1,9,10,11,1,0,5,0,1,0,7232,0.038,0.09,0.011
417,7.038,6.671,0.001,0.01,0.061,0,0,,0,,,,0,,,,,40,40,0,5,3,0,3,3,1,0,1,9,10,11,1,0,5,0,1,0,7232,0.025,0.081,0.008
418,10.355,9.964,0.001,0.01,0.056,0,0,,0,,,,0,,,,,40,40,0,5,3,0,3,3,1,0,1,9,10,11,1,0,5,0,1,0,7232,0.025,0.082,0.01
419,7.055,6.643,0.001,0.01,0.074,0,0,,0,,,,0,,,,,40,40,0,5,3,0,3,3,1,0,1,9,10,11,1,0,5,0,1,0,7232,0.023,0.104,0.01
420,10.595,10.132,0,0.012,0.049,0,0,,1,296.875,229949440,286412800,1,75980672,75980672,167424000,38823561584,40,40,0,5,3,0,3,3,1,0,1,9,10,11,1,0,5,0,1,0,7232,0.034,0.12,0.012
421,23.661,23.251,0,0.01,0.052,0,0,,0,,,,0,,,,,40,40,0,5,3,0,3,3,1,0,1,9,10,11,1,0,5,0,1,0,7232,0.028,0.107,0.011
422,4.673,4.27,0.001,0.009,0.041,0,0,,0,,,,0,,,,,40,40,0,5,3,0,3,3,1,0,1,9,10,11,1,0,5,0,1,0,7232,0.021,0.113,0.01
423,8.148,7.731,0,0.011,0.082,0,0,,0,,,,0,,,,,40,40,0,5,3,0,3,3,1,0,1,9,10,11,1,0,5,0,1,0,7232,0.023,0.078,0.02
424,10.703,10.163,0,0.026,0.055,0,0,,0,,,,0,,,,,40,40,0,5,3,0,3,3,1,0,1,9,10,11,1,0,5,0,1,0,7232,0.025,0.221,0.01
425,7.397,6.996,0.001,0.013,0.059,0,0,,0,,,,0,,,,,40,40,0,5,3,0,3,3,1,0,1,9,10,11,1,0,5,0,1,0,7232,0.026,0.087,0.01
426,9.023,8.506,0,0.015,0.079,0,0,,0,,,,0,,,,,40,40,0,5,3,0,3,3,1,0,1,9,10,11,1,0,5,0,1,0,7232,0.035,0.116,0.011
427,7.203,6.846,0,0.011,0.05,0,0,,0,,,,0,,,,,40,40,0,5,3,0,3,3,1,0,1,9,10,11,1,0,5,0,1,0,7232,0.023,0.079,0.009
428,12.88,12.47,0.001,0.011,0.058,0,0,,0,,,,0,,,,,40,40,0,5,3,0,3,3,1,0,1,9,10,11,1,0,5,0,1,0,7232,0.027,0.082,0.011
429,10.569,10.105,0.001,0.015,0.054,0,0,,0,,,,0,,,,,40,40,0,5,3,0,3,3,1,0,1,9,10,11,1,0,5,0,1,0,7232,0.035,0.11,0.012
430,6.676,6.282,0,0.011,0.048,0,0,,0,,,,0,,,,,40,40,0,5,3,0,3,3,1,0,1,9,10,11,1,0,5,0,1,0,7232,0.026,0.079,0.009
431,8.827,8.347,0,0.014,0.057,0,0,,0,,,,0,,,,,40,40,0,5,3,0,3,3,1,0,1,9,10,11,1,0,5,0,1,0,7232,0.033,0.122,0.012
432,6.765,6.401,0,0.012,0.052,0,0,,0,,,,0,,,,,40,40,0,5,3,0,3,3,1,0,1,9,10,11,1,0,5,0,1,0,7232,0.024,0.078,0.009
433,9.335,8.837,0,0.012,0.121,0,0,,0,,,,0,,,,,40,40,0,5,3,0,3,3,1,0,1,9,10,11,1,0,5,0,1,0,7232,0.03,0.11,0.01
434,8.264,7.904,0,0.009,0.057,0,0,,0,,,,0,,,,,40,40,0,5,3,0,3,3,1,0,1,9,10,11,1,0,5,0,1,0,7232,0.023,0.078,0.01
435,7.284,6.992,0.001,0.009,0.039,0,0,,0,,,,0,,,,,40,40,0,5,3,0,3,3,1,0,1,9,10,11,1,0,5,0,1,0,7232,0.02,0.066,0.008
436,6.708,6.313,0.001,0.012,0.042,0,0,,0,,,,0,,,,,40,40,0,5,3,0,3,3,1,0,1,9,10,11,1,0,5,0,1,0,7232,0.022,0.106,0.01
437,6.363,5.927,0,0.011,0.051,0,0,,0,,,,0,,,,,40,40,0,5,3,0,3,3,1,0,1,9,10,11,1,0,5,0,1,0,7232,0.034,0.116,0.008
438,7.06,6.543,0.001,0.017,0.063,0,0,,0,,,,0,,,,,40,40,0,5,3,0,3,3,1,0,1,9,10,11,1,0,5,0,1,0,7232,0.038,0.113,0.012
439,6.45,5.826,0.001,0.012,0.105,0,0,,0,,,,0,,,,,40,40,0,5,3,0,3,3,1,0,1,9,10,11,1,0,5,0,1,0,7232,0.026,0.085,0.01
440,11.112,10.481,0.001,0.015,0.097,0,0,,0,,,,0,,,,,40,40,0,5,3,0,3,3,1,0,1,9,10,11,1,0,5,0,1,0,7232,0.037,0.131,0.014
441,9.704,9.168,0.001,0.016,0.061,0,0,,0,,,,0,,,,,40,40,0,5,3,0,3,3,1,0,1,9,10,11,1,0,5,0,1,0,7232,0.05,0.133,0.012
442,3.956,3.48,0,0.012,0.058,0,0,,0,,,,0,,,,,40,40,0,5,3,0,3,3,1,0,1,9,10,11,1,0,5,0,1,0,7232,0.035,0.12,0.011
443,4.927,4.429,0.001,0.017,0.073,0,0,,0,,,,0,,,,,40,40,0,5,3,0,3,3,1,0,1,9,10,11,1,0,5,0,1,0,7232,0.049,0.111,0.01
444,6.425,5.929,0,0.01,0.088,0,0,,0,,,,0,,,,,40,40,0,5,3,0,3,3,1,0,1,9,10,11,1,0,5,0,1,0,7232,0.039,0.152,0.008
445,7.334,6.785,0,0.013,0.086,0,0,,0,,,,0,,,,,40,40,0,5,3,0,3,3,1,0,1,9,10,11,1,0,5,0,1,0,7232,0.057,0.124,0.012
446,5.269,4.776,0.001,0.016,0.068,0,0,,0,,,,0,,,,,40,40,0,5,3,0,3,3,1,0,1,9,10,11,1,0,5,0,1,0,7232,0.046,0.103,0.011
447,8.785,8.261,0.001,0.014,0.078,0,0,,0,,,,0,,,,,40,40,0,5,3,0,3,3,1,0,1,9,10,11,1,0,5,0,1,0,7232,0.035,0.124,0.013
448,8.522,8.005,0.001,0.013,0.087,0,0,,0,,,,0,,,,,40,40,0,5,3,0,3,3,1,0,1,9,10,11,1,0,5,0,1,0,7232,0.036,0.115,0.012
449,28.146,27.711,0.001,0.012,0.065,0,0,,0,,,,0,,,,,40,40,0,5,3,0,3,3,1,0,1,9,10,11,1,0,5,0,1,0,7232,0.028,0.092,0.01
450,12.749,12.005,0,0.01,0.222,0,0,,1,296.875,229949440,286412800,1,75980672,75980672,167424000,38823561584,40,40,0,5,3,0,3,3,1,0,1,9,10,11,1,0,5,0,1,0,7232,0.04,0.152,0.011
451,4.248,3.892,0,0.012,0.034,0,0,,0,,,,0,,,,,40,40,0,5,3,0,3,3,1,0,1,9,10,11,1,0,5,0,1,0,7232,0.072,0.055,0.007
452,6.124,5.782,0,0.011,0.038,0,0,,0,,,,0,,,,,40,40,0,5,3,0,3,3,1,0,1,9,10,11,1,0,5,0,1,0,7232,0.035,0.072,0.008
453,8.453,8.076,0,0.011,0.047,0,0,,0,,,,0,,,,,40,40,0,5,3,0,3,3,1,0,1,9,10,11,1,0,5,0,1,0,7232,0.022,0.1,0.009
454,7.121,6.8,0,0.011,0.035,0,0,,0,,,,0,,,,,40,40,0,5,3,0,3,3,1,0,1,9,10,11,1,0,5,0,1,0,7232,0.035,0.07,0.007
455,9.59,9.199,0,0.012,0.062,0,0,,0,,,,0,,,,,40,40,0,5,3,0,3,3,1,0,1,9,10,11,1,0,5,0,1,0,7232,0.024,0.078,0.011
456,7.909,7.226,0.001,0.013,0.121,0,0,,0,,,,0,,,,,40,40,0,5,3,0,3,3,1,0,1,9,10,11,1,0,5,0,1,0,7232,0.049,0.185,0.012
457,4.718,4.336,0,0.01,0.064,0,0,,0,,,,0,,,,,40,40,0,5,3,0,3,3,1,0,1,9,10,11,1,0,5,0,1,0,7232,0.028,0.102,0.007
458,4.237,3.807,0.001,0.011,0.062,0,0,,0,,,,0,,,,,40,40,0,5,3,0,3,3,1,0,1,9,10,11,1,0,5,0,1,0,7232,0.029,0.104,0.01
459,5.535,5.199,0,0.007,0.033,0,0,,0,,,,0,,,,,40,40,0,5,3,0,3,3,1,0,1,9,10,11,1,0,5,0,1,0,7232,0.025,0.106,0.007
460,5.404,4.827,0.001,0.014,0.085,0,0,,0,,,,0,,,,,40,40,0,5,3,0,3,3,1,0,1,9,10,11,1,0,5,0,1,0,7232,0.044,0.164,0.011
461,5.765,5.353,0.001,0.012,0.046,0,0,,0,,,,0,,,,,40,40,0,5,3,0,3,3,1,0,1,9,10,11,1,0,5,0,1,0,7232,0.034,0.108,0.009
462,10.724,10.197,0,0.043,0.086,0,0,,0,,,,0,,,,,40,40,0,5,3,0,3,3,1,0,1,9,10,11,1,0,5,0,1,0,7232,0.034,0.122,0.011
463,4.376,3.864,0,0.013,0.043,0,0,,0,,,,0,,,,,40,40,0,5,3,0,3,3,1,0,1,9,10,11,1,0,5,0,1,0,7232,0.036,0.124,0.013
464,3.711,3.274,0,0.007,0.056,0,0,,0,,,,0,,,,,40,40,0,5,3,0,3,3,1,0,1,9,10,11,1,0,5,0,1,0,7232,0.038,0.145,0.009
465,7.734,7.31,0.001,0.013,0.042,0,0,,0,,,,0,,,,,40,40,0,5,3,0,3,3,1,0,1,9,10,11,1,0,5,0,1,0,7232,0.046,0.107,0.008
466,10.2,9.766,0,0.009,0.046,0,0,,0,,,,0,,,,,40,40,0,5,3,0,3,3,1,0,1,9,10,11,1,0,5,0,1,0,7232,0.044,0.134,0.009
467,4.86,4.506,0.001,0.014,0.053,0,0,,0,,,,0,,,,,40,40,0,5,3,0,3,3,1,0,1,9,10,11,1,0,5,0,1,0,7232,0.025,0.084,0.008
468,3.838,3.592,0,0.006,0.05,0,0,,0,,,,0,,,,,40,40,0,5,3,0,3,3,1,0,1,9,10,11,1,0,5,0,1,0,7232,0.018,0.068,0.004
469,3.608,3.317,0.001,0.007,0.036,0,0,,0,,,,0,,,,,40,40,0,5,3,0,3,3,1,0,1,9,10,11,1,0,5,0,1,0,7232,0.019,0.068,0.007
470,7.174,6.843,0.001,0.01,0.044,0,0,,0,,,,0,,,,,40,40,0,5,3,0,3,3,1,0,1,9,10,11,1,0,5,0,1,0,7232,0.024,0.059,0.009
471,10.228,9.867,0,0.009,0.052,0,0,,0,,,,0,,,,,40,40,0,5,3,0,3,3,1,0,1,9,10,11,1,0,5,0,1,0,7232,0.024,0.073,0.01
472,8.571,8.185,0,0.013,0.045,0,0,,0,,,,0,,,,,40,40,0,5,3,0,3,3,1,0,1,9,10,11,1,0,5,0,1,0,7232,0.043,0.062,0.009
473,8.051,7.609,0,0.013,0.062,0,0,,0,,,,0,,,,,40,40,0,5,3,0,3,3,1,0,1,9,10,11,1,0,5,0,1,0,7232,0.043,0.087,0.009
474,3.354,2.973,0,0.01,0.05,0,0,,0,,,,0,,,,,40,40,0,5,3,0,3,3,1,0,1,9,10,11,1,0,5,0,1,0,7232,0.03,0.097,0.008
475,5.383,5.003,0.001,0.012,0.034,0,0,,0,,,,0,,,,,40,40,0,5,3,0,3,3,1,0,1,9,10,11,1,0,5,0,1,0,7232,0.081,0.067,0.008
476,9.826,9.465,0,0.012,0.046,0,0,,0,,,,0,,,,,40,40,0,5,3,0,3,3,1,0,1,9,10,11,1,0,5,0,1,0,7232,0.035,0.059,0.009
477,6.013,5.752,0.001,0.007,0.033,0,0,,0,,,,0,,,,,40,40,0,5,3,0,3,3,1,0,1,9,10,11,1,0,5,0,1,0,7232,0.027,0.092,0.004
478,3.901,3.501,0.001,0.015,0.047,0,0,,0,,,,0,,,,,40,40,0,5,3,0,3,3,1,0,1,9,10,11,1,0,5,0,1,0,7232,0.027,0.098,0.009
479,3.22,2.807,0.001,0.009,0.032,0,0,,0,,,,0,,,,,40,40,0,5,3,0,3,3,1,0,1,9,10,11,1,0,5,0,1,0,7232,0.027,0.087,0.009
480,3.144,2.756,0.001,0.007,0.05,0,0,,1,328.125,229949440,286412800,1,75980672,75980672,167424000,38823561584,40,40,0,5,3,0,3,3,1,0,1,9,10,11,1,0,5,0,1,0,7232,0.033,0.105,0.006
481,7.078,6.773,0,0.011,0.028,0,0,,0,,,,0,,,,,40,40,0,5,3,0,3,3,1,0,1,9,10,11,1,0,5,0,1,0,7232,0.027,0.094,0.007
482,7.362,6.954,0.001,0.009,0.057,0,0,,0,,,,0,,,,,40,40,0,5,3,0,3,3,1,0,1,9,10,11,1,0,5,0,1,0,7232,0.021,0.097,0.013
483,14.188,13.525,0.001,0.016,0.107,0,0,,0,,,,0,,,,,40,40,0,5,3,0,3,3,1,0,1,9,10,11,1,0,5,0,1,0,7232,0.049,0.168,0.014
484,9.068,8.718,0.001,0.009,0.045,0,0,,0,,,,0,,,,,40,40,0,5,3,0,3,3,1,0,1,9,10,11,1,0,5,0,1,0,7232,0.022,0.074,0.01
485,21.926,21.515,0,0.012,0.079,0,0,,0,,,,0,,,,,40,40,0,5,3,0,3,3,1,0,1,9,10,11,1,0,5,0,1,0,7232,0.025,0.078,0.011
486,7.536,7.158,0,0.012,0.053,0,0,,0,,,,0,,,,,40,40,0,5,3,0,3,3,1,0,1,9,10,11,1,0,5,0,1,0,7232,0.024,0.077,0.009
487,7.735,7.266,0.001,0.012,0.081,0,0,,0,,,,0,,,,,40,40,0,5,3,0,3,3,1,0,1,9,10,11,1,0,5,0,1,0,7232,0.028,0.114,0.011
488,5.792,5.246,0.001,0.014,0.068,0,0,,0,,,,0,,,,,40,40,0,5,3,0,3,3,1,0,1,9,10,11,1,0,5,0,1,0,7232,0.04,0.118,0.012
489,2.642,2.359,0,0.006,0.033,0,0,,0,,,,0,,,,,40,40,0,5,3,0,3,3,1,0,1,9,10,11,1,0,5,0,1,0,7232,0.022,0.078,0.005
490,5.024,4.677,0,0.011,0.056,0,0,,0,,,,0,,,,,40,40,0,5,3,0,3,3,1,0,1,9,10,11,1,0,5,0,1,0,7232,0.026,0.078,0.006
491,22.927,22.191,0.001,0.016,0.112,0,0,,0,,,,0,,,,,40,40,0,5,3,0,3,3,1,0,1,9,10,11,1,0,5,0,1,0,7232,0.056,0.204,0.014
492,4.59,4.2,0,0.012,0.059,0,0,,0,,,,0,,,,,40,40,0,5,3,0,3,3,1,0,1,9,10,11,1,0,5,0,1,0,7232,0.025,0.08,0.009
493,6.711,6.362,0,0.009,0.06,0,0,,0,,,,0,,,,,40,40,0,5,3,0,3,3,1,0,1,9,10,11,1,0,5,0,1,0,7232,0.021,0.079,0.008
494,10.843,10.293,0.001,0.016,0.089,0,0,,0,,,,0,,,,,40,40,0,5,3,0,3,3,1,0,1,9,10,11,1,0,5,0,1,0,7232,0.036,0.122,0.012
495,7.662,7.154,0.001,0.013,0.06,0,0,,0,,,,0,,,,,40,40,0,5,3,0,3,3,1,0,1,9,10,11,1,0,5,0,1,0,7232,0.045,0.151,0.009
496,36.676,36.22,0,0.011,0.084,0,0,,0,,,,0,,,,,40,40,0,5,3,0,3,3,1,0,1,9,10,11,1,0,5,0,1,0,7232,0.028,0.096,0.012
497,18.509,18.069,0.001,0.013,0.067,0,0,,0,,,,0,,,,,40,40,0,5,3,0,3,3,1,0,1,9,10,11,1,0,5,0,1,0,7232,0.03,0.094,0.011
498,11.274,10.862,0,0.013,0.062,0,0,,0,,,,0,,,,,40,40,0,5,3,0,3,3,1,0,1,9,10,11,1,0,5,0,1,0,7232,0.027,0.094,0.009
499,4.553,4.047,0.001,0.011,0.074,0,0,,0,,,,0,,,,,40,40,0,5,3,0,3,3,1,0,1,9,10,11,1,0,5,0,1,0,7232,0.036,0.128,0.012
500,3.217,2.9,0,0.007,0.05,0,0,,0,,,,0,,,,,40,40,0,5,3,0,3,3,1,0,1,9,10,11,1,0,5,0,1,0,7232,0.024,0.089,0.007
501,7.606,7.124,0,0.012,0.089,0,0,,0,,,,0,,,,,40,40,0,5,3,0,3,3,1,0,1,9,10,11,1,0,5,0,1,0,7232,0.036,0.138,0.008
502,5.724,5.179,0,0.014,0.09,0,0,,0,,,,0,,,,,40,40,0,5,3,0,3,3,1,0,1,9,10,11,1,0,5,0,1,0,7232,0.038,0.134,0.012
503,3.429,2.937,0.001,0.01,0.068,0,0,,0,,,,0,,,,,40,40,0,5,3,0,3,3,1,0,1,9,10,11,1,0,5,0,1,0,7232,0.036,0.162,0.01
504,5.819,5.405,0.001,0.007,0.076,0,0,,0,,,,0,,,,,40,40,0,5,3,0,3,3,1,0,1,9,10,11,1,0,5,0,1,0,7232,0.035,0.129,0.007
505,3.904,3.505,0,0.007,0.079,0,0,,0,,,,0,,,,,40,40,0,5,3,0,3,3,1,0,1,9,10,11,1,0,5,0,1,0,7232,0.029,0.114,0.007
506,3.741,3.278,0,0.009,0.067,0,0,,0,,,,0,,,,,40,40,0,5,3,0,3,3,1,0,1,9,10,11,1,0,5,0,1,0,7232,0.027,0.102,0.01
507,3.576,3.121,0,0.01,0.049,0,0,,0,,,,0,,,,,40,40,0,5,3,0,3,3,1,0,1,9,10,11,1,0,5,0,1,0,7232,0.042,0.13,0.009
508,5.115,4.655,0,0.01,0.082,0,0,,0,,,,0,,,,,40,40,0,5,3,0,3,3,1,0,1,9,10,11,1,0,5,0,1,0,7232,0.032,0.119,0.01
509,7.722,7.093,0,0.016,0.094,0,0,,0,,,,0,,,,,40,40,0,5,3,0,3,3,1,0,1,9,10,11,1,0,5,0,1,0,7232,0.044,0.158,0.014
510,7.807,7.347,0.001,0.013,0.066,0,0,,1,343.75,229949440,286412800,1,75980672,75980672,167424000,38823561584,40,40,0,5,3,0,3,3,1,0,1,9,10,11,1,0,5,0,1,0,7232,0.031,0.093,0.011
511,16.066,15.661,0.001,0.012,0.061,0,0,,0,,,,0,,,,,40,40,0,5,3,0,3,3,1,0,1,9,10,11,1,0,5,0,1,0,7232,0.024,0.086,0.01
512,8.298,7.769,0.001,0.016,0.076,0,0,,0,,,,0,,,,,40,40,0,5,3,0,3,3,1,0,1,9,10,11,1,0,5,0,1,0,7232,0.034,0.122,0.012
513,7.279,6.831,0,0.011,0.07,0,0,,0,,,,0,,,,,40,40,0,5,3,0,3,3,1,0,1,9,10,11,1,0,5,0,1,0,7232,0.026,0.107,0.011
514,31.78,31.308,0,0.014,0.045,0,0,,0,,,,0,,,,,40,40,0,5,3,0,3,3,1,0,1,9,10,11,1,0,5,0,1,0,7232,0.053,0.089,0.011
515,11.493,11.055,0,0.011,0.041,0,0,,0,,,,0,,,,,40,40,0,5,3,0,3,3,1,0,1,9,10,11,1,0,5,0,1,0,7232,0.04,0.131,0.008
516,7.755,7.304,0.001,0.013,0.059,0,0,,0,,,,0,,,,,40,40,0,5,3,0,3,3,1,0,1,9,10,11,1,0,5,0,1,0,7232,0.04,0.084,0.01
517,7.649,7.124,0.001,0.014,0.068,0,0,,0,,,,0,,,,,40,40,0,5,3,0,3,3,1,0,1,9,10,11,1,0,5,0,1,0,7232,0.035,0.141,0.012
518,12.771,12.384,0,0.01,0.052,0,0,,0,,,,0,,,,,40,40,0,5,3,0,3,3,1,0,1,9,10,11,1,0,5,0,1,0,7232,0.023,0.081,0.011
519,6.708,6.252,0.001,0.014,0.043,0,0,,0,,,,0,,,,,40,40,0,5,3,0,3,3,1,0,1,9,10,11,1,0,5,0,1,0,7232,0.049,0.1,0.008
520,5.942,5.713,0,0.004,0.035,0,0,,0,,,,0,,,,,40,40,0,5,3,0,3,3,1,0,1,9,10,11,1,0,5,0,1,0,7232,0.019,0.069,0.005
521,6.892,6.56,0,0.008,0.037,0,0,,0,,,,0,,,,,40,40,0,5,3,0,3,3,1,0,1,9,10,11,1,0,5,0,1,0,7232,0.038,0.123,0.004
522,3.589,3.171,0.001,0.007,0.041,0,0,,0,,,,0,,,,,40,40,0,5,3,0,3,3,1,0,1,9,10,11,1,0,5,0,1,0,7232,0.036,0.191,0.007
523,3.676,3.413,0,0.005,0.051,0,0,,0,,,,0,,,,,40,40,0,5,3,0,3,3,1,0,1,9,10,11,1,0,5,0,1,0,7232,0.021,0.076,0.004
524,4.446,4.058,0.001,0.008,0.044,0,0,,0,,,,0,,,,,40,40,0,5,3,0,3,3,1,0,1,9,10,11,1,0,5,0,1,0,7232,0.072,0.128,0.005
525,4.106,3.84,0,0.006,0.046,0,0,,0,,,,0,,,,,40,40,0,5,3,0,3,3,1,0,1,9,10,11,1,0,5,0,1,0,7232,0.028,0.082,0.004
526,4.733,4.409,0.001,0.008,0.059,0,0,,0,,,,0,,,,,40,40,0,5,3,0,3,3,1,0,1,9,10,11,1,0,5,0,1,0,7232,0.023,0.089,0.006
527,3.759,3.245,0.001,0.008,0.095,0,0,,0,,,,0,,,,,40,40,0,5,3,0,3,3,1,0,1,9,10,11,1,0,5,0,1,0,7232,0.042,0.16,0.007
528,3.555,3.038,0,0.009,0.092,0,0,,0,,,,0,,,,,40,40,0,5,3,0,3,3,1,0,1,9,10,11,1,0,5,0,1,0,7232,0.042,0.165,0.008
529,4.175,3.79,0.001,0.009,0.077,0,0,,0,,,,0,,,,,40,40,0,5,3,0,3,3,1,0,1,9,10,11,1,0,5,0,1,0,7232,0.03,0.108,0.007
530,5.064,4.664,0,0.011,0.067,0,0,,0,,,,0,,,,,40,40,0,5,3,0,3,3,1,0,1,9,10,11,1,0,5,0,1,0,7232,0.031,0.101,0.008
531,4.606,4.348,0,0.007,0.046,0,0,,0,,,,0,,,,,40,40,0,5,3,0,3,3,1,0,1,9,10,11,1,0,5,0,1,0,7232,0.019,0.065,0.006
532,8.486,8.131,0,0.01,0.061,0,0,,0,,,,0,,,,,40,40,0,5,3,0,3,3,1,0,1,9,10,11,1,0,5,0,1,0,7232,0.022,0.077,0.008
533,5.055,4.744,0,0.008,0.05,0,0,,0,,,,0,,,,,40,40,0,5,3,0,3,3,1,0,1,9,10,11,1,0,5,0,1,0,7232,0.022,0.077,0.007
534,3.48,3.256,0.001,0.005,0.032,0,0,,0,,,,0,,,,,40,40,0,5,3,0,3,3,1,0,1,9,10,11,1,0,5,0,1,0,7232,0.019,0.067,0.007
535,4.929,4.687,0.001,0.005,0.046,0,0,,0,,,,0,,,,,40,40,0,5,3,0,3,3,1,0,1,9,10,11,1,0,5,0,1,0,7232,0.018,0.069,0.005
536,3.61,3.214,0.001,0.009,0.056,0,0,,0,,,,0,,,,,40,40,0,5,3,0,3,3,1,0,1,9,10,11,1,0,5,0,1,0,7232,0.042,0.112,0.005
537,3.351,3.018,0,0.007,0.056,0,0,,0,,,,0,,,,,40,40,0,5,3,0,3,3,1,0,1,9,10,11,1,0,5,0,1,0,7232,0.024,0.103,0.006
538,3.986,3.655,0.001,0.007,0.055,0,0,,0,,,,0,,,,,40,40,0,5,3,0,3,3,1,0,1,9,10,11,1,0,5,0,1,0,7232,0.028,0.094,0.006
539,4.082,3.642,0,0.031,0.052,0,0,,0,,,,0,,,,,40,40,0,5,3,0,3,3,1,0,1,9,10,11,1,0,5,0,1,0,7232,0.037,0.131,0.006
540,4.594,4.09,0.001,0.013,0.089,0,0,,1,390.625,229961728,286412800,1,75980672,75980672,167424000,38823561584,40,40,0,5,3,0,3,3,1,0,1,9,10,11,1,0,5,0,1,0,7232,0.036,0.128,0.011
541,5.167,4.669,0.001,0.011,0.043,0,0,,0,,,,0,,,,,40,40,0,5,3,0,3,3,1,0,1,9,10,11,1,0,5,0,1,0,7232,0.038,0.177,0.01
542,7.151,6.769,0.001,0.012,0.037,0,0,,0,,,,0,,,,,40,40,0,5,3,0,3,3,1,0,1,9,10,11,1,0,5,0,1,0,7232,0.059,0.078,0.007
543,4.582,4.116,0,0.005,0.193,0,0,,0,,,,0,,,,,40,40,0,5,3,0,3,3,1,0,1,9,10,11,1,0,5,0,1,0,7232,0.024,0.107,0.006
544,6.141,5.771,0.001,0.009,0.055,0,0,,0,,,,0,,,,,40,40,0,5,3,0,3,3,1,0,1,9,10,11,1,0,5,0,1,0,7232,0.027,0.104,0.007
545,5.713,5.292,0.001,0.007,0.083,0,0,,0,,,,0,,,,,40,40,0,5,3,0,3,3,1,0,1,9,10,11,1,0,5,0,1,0,7232,0.034,0.13,0.006
546,4.091,3.66,0.001,0.008,0.081,0,0,,0,,,,0,,,,,40,40,0,5,3,0,3,3,1,0,1,9,10,11,1,0,5,0,1,0,7232,0.034,0.13,0.007
547,3.343,2.922,0,0.007,0.071,0,0,,0,,,,0,,,,,40,40,0,5,3,0,3,3,1,0,1,9,10,11,1,0,5,0,1,0,7232,0.033,0.132,0.007
548,3.639,3.195,0,0.008,0.075,0,0,,0,,,,0,,,,,40,40,0,5,3,0,3,3,1,0,1,9,10,11,1,0,5,0,1,0,7232,0.036,0.138,0.007
549,5.927,5.505,0,0.008,0.078,0,0,,0,,,,0,,,,,40,40,0,5,3,0,3,3,1,0,1,9,10,11,1,0,5,0,1,0,7232,0.034,0.128,0.006
550,3.473,3.054,0.001,0.007,0.079,0,0,,0,,,,0,,,,,40,40,0,5,3,0,3,3,1,0,1,9,10,11,1,0,5,0,1,0,7232,0.033,0.133,0.006
551,4.305,3.844,0,0.009,0.085,0,0,,0,,,,0,,,,,40,40,0,5,3,0,3,3,1,0,1,9,10,11,1,0,5,0,1,0,7232,0.035,0.132,0.007
552,3.341,3.055,0.001,0.004,0.034,0,0,,0,,,,0,,,,,40,40,0,5,3,0,3,3,1,0,1,9,10,11,1,0,5,0,1,0,7232,0.02,0.104,0.004
553,3.994,3.582,0,0.013,0.043,0,0,,0,,,,0,,,,,40,40,0,5,3,0,3,3,1,0,1,9,10,11,1,0,5,0,1,0,7232,0.035,0.121,0.008
554,5.74,5.23,0,0.014,0.094,0,0,,0,,,,0,,,,,40,40,0,5,3,0,3,3,1,0,1,9,10,11,1,0,5,0,1,0,7232,0.039,0.141,0.009
555,4.243,3.863,0.001,0.008,0.052,0,0,,0,,,,0,,,,,40,40,0,5,3,0,3,3,1,0,1,9,10,11,1,0,5,0,1,0,7232,0.035,0.079,0.007
556,5.283,4.889,0,0.008,0.056,0,0,,0,,,,0,,,,,40,40,0,5,3,0,3,3,1,0,1,9,10,11,1,0,5,0,1,0,7232,0.021,0.133,0.009
557,6.447,6.126,0.001,0.025,0.048,0,0,,0,,,,0,,,,,40,40,0,5,3,0,3,3,1,0,1,9,10,11,1,0,5,0,1,0,7232,0.02,0.092,0.005
558,4.488,4.134,0.001,0.009,0.05,0,0,,0,,,,0,,,,,40,40,0,5,3,0,3,3,1,0,1,9,10,11,1,0,5,0,1,0,7232,0.031,0.084,0.007
559,5.432,5.117,0,0.011,0.053,0,0,,0,,,,0,,,,,40,40,0,5,3,0,3,3,1,0,1,9,10,11,1,0,5,0,1,0,7232,0.023,0.065,0.007
560,4.059,3.782,0,0.005,0.071,0,0,,0,,,,0,,,,,40,40,0,5,3,0,3,3,1,0,1,9,10,11,1,0,5,0,1,0,7232,0.019,0.072,0.006
561,4.405,4.083,0,0.008,0.042,0,0,,0,,,,0,,,,,40,40,0,5,3,0,3,3,1,0,1,9,10,11,1,0,5,0,1,0,7232,0.029,0.087,0.006
562,3.412,3.122,0,0.01,0.071,0,0,,0,,,,0,,,,,40,40,0,5,3,0,3,3,1,0,1,9,10,11,1,0,5,0,1,0,7232,0.018,0.07,0.005
563,4.767,4.286,0,0.008,0.09,0,0,,0,,,,0,,,,,40,40,0,5,3,0,3,3,1,0,1,9,10,11,1,0,5,0,1,0,7232,0.039,0.152,0.007
564,3.888,3.41,0,0.008,0.06,0,0,,0,,,,0,,,,,40,40,0,5,3,0,3,3,1,0,1,9,10,11,1,0,5,0,1,0,7232,0.042,0.154,0.007
565,6.549,5.986,0,0.011,0.062,0,0,,0,,,,0,,,,,40,40,0,5,3,0,3,3,1,0,1,9,10,11,1,0,5,0,1,0,7232,0.084,0.134,0.014
566,4.535,4.237,0,0.01,0.024,0,0,,0,,,,0,,,,,40,40,0,5,3,0,3,3,1,0,1,9,10,11,1,0,5,0,1,0,7232,0.031,0.113,0.004
567,4.73,4.268,0.001,0.012,0.057,0,0,,0,,,,0,,,,,40,40,0,5,3,0,3,3,1,0,1,9,10,11,1,0,5,0,1,0,7232,0.038,0.131,0.011
568,5.188,4.881,0.001,0.008,0.024,0,0,,0,,,,0,,,,,40,40,0,5,3,0,3,3,1,0,1,9,10,11,1,0,5,0,1,0,7232,0.029,0.091,0.006
569,6.665,6.318,0.001,0.009,0.036,0,0,,0,,,,0,,,,,40,40,0,5,3,0,3,3,1,0,1,9,10,11,1,0,5,0,1,0,7232,0.029,0.104,0.008
570,4.309,3.976,0,0.008,0.037,0,0,,1,406.25,229961728,286412800,1,75980672,75980672,167424000,38823561584,40,40,0,5,3,0,3,3,1,0,1,9,10,11,1,0,5,0,1,0,7232,0.04,0.123,0.005
571,5.967,5.701,0,0.007,0.033,0,0,,0,,,,0,,,,,40,40,0,5,3,0,3,3,1,0,1,9,10,11,1,0,5,0,1,0,7232,0.018,0.064,0.006
572,6.75,6.471,0,0.008,0.026,0,0,,0,,,,0,,,,,40,40,0,5,3,0,3,3,1,0,1,9,10,11,1,0,5,0,1,0,7232,0.015,0.057,0.007
573,5.856,5.642,0,0.007,0.023,0,0,,0,,,,0,,,,,40,40,0,5,3,0,3,3,1,0,1,9,10,11,1,0,5,0,1,0,7232,0.026,0.048,0.004
574,4.894,4.506,0,0.01,0.04,0,0,,0,,,,0,,,,,40,40,0,5,3,0,3,3,1,0,1,9,10,11,1,0,5,0,1,0,7232,0.031,0.106,0.009
575,6.522,5.185,0,0.015,0.888,0,0,,0,,,,0,,,,,40,40,0,5,3,0,3,3,1,0,1,9,10,11,1,0,5,0,1,0,7232,0.039,0.134,0.01
576,3.158,2.853,0.001,0.01,0.04,0,0,,0,,,,0,,,,,40,40,0,5,3,0,3,3,1,0,1,9,10,11,1,0,5,0,1,0,7232,0.019,0.069,0.006
577,7.087,6.659,0.001,0.012,0.047,0,0,,0,,,,0,,,,,40,40,0,5,3,0,3,3,1,0,1,9,10,11,1,0,5,0,1,0,7232,0.041,0.121,0.008
578,6.076,5.738,0.001,0.01,0.034,0,0,,0,,,,0,,,,,40,40,0,5,3,0,3,3,1,0,1,9,10,11,1,0,5,0,1,0,7232,0.042,0.063,0.006
579,6.2,5.805,0,0.011,0.052,0,0,,0,,,,0,,,,,40,40,0,5,3,0,3,3,1,0,1,9,10,11,1,0,5,0,1,0,7232,0.043,0.1,0.007
580,4.095,3.667,0,0.011,0.051,0,0,,0,,,,0,,,,,40,40,0,5,3,0,3,3,1,0,1,9,10,11,1,0,5,0,1,0,7232,0.037,0.113,0.009
581,6.537,6.178,0,0.01,0.057,0,0,,0,,,,0,,,,,40,40,0,5,3,0,3,3,1,0,1,9,10,11,1,0,5,0,1,0,7232,0.027,0.089,0.008
582,8.447,8.051,0,0.008,0.048,0,0,,0,,,,0,,,,,40,40,0,5,3,0,3,3,1,0,1,9,10,11,1,0,5,0,1,0,7232,0.019,0.116,0.011
583,12.247,11.923,0.001,0.008,0.038,0,0,,0,,,,0,,,,,40,40,0,5,3,0,3,3,1,0,1,9,10,11,1,0,5,0,1,0,7232,0.019,0.081,0.008
584,5.428,4.955,0,0.012,0.077,0,0,,0,,,,0,,,,,40,40,0,5,3,0,3,3,1,0,1,9,10,11,1,0,5,0,1,0,7232,0.035,0.131,0.009
585,5.23,4.744,0,0.01,0.093,0,0,,0,,,,0,,,,,40,40,0,5,3,0,3,3,1,0,1,9,10,11,1,0,5,0,1,0,7232,0.037,0.142,0.009
586,3.588,3.068,0,0.009,0.1,0,0,,0,,,,0,,,,,40,40,0,5,3,0,3,3,1,0,1,9,10,11,1,0,5,0,1,0,7232,0.042,0.165,0.007
587,5.093,4.594,0,0.01,0.098,0,0,,0,,,,0,,,,,40,40,0,5,3,0,3,3,1,0,1,9,10,11,1,0,5,0,1,0,7232,0.04,0.15,0.007
588,4.924,4.372,0.001,0.011,0.082,0,0,,0,,,,0,,,,,40,40,0,5,3,0,3,3,1,0,1,9,10,11,1,0,5,0,1,0,7232,0.04,0.185,0.01
589,5.027,4.496,0,0.009,0.104,0,0,,0,,,,0,,,,,40,40,0,5,3,0,3,3,1,0,1,9,10,11,1,0,5,0,1,0,7232,0.043,0.161,0.007
590,3.665,3.166,0,0.008,0.082,0,0,,0,,,,0,,,,,40,40,0,5,3,0,3,3,1,0,1,9,10,11,1,0,5,0,1,0,7232,0.036,0.142,0.006
591,4.354,3.845,0,0.009,0.086,0,0,,0,,,,0,,,,,40,40,0,5,3,0,3,3,1,0,1,9,10,11,1,0,5,0,1,0,7232,0.038,0.139,0.008
592,3.743,3.29,0.001,0.007,0.085,0,0,,0,,,,0,,,,,40,40,0,5,3,0,3,3,1,0,1,9,10,11,1,0,5,0,1,0,7232,0.035,0.142,0.007
593,4.202,3.731,0.001,0.007,0.083,0,0,,0,,,,0,,,,,40,40,0,5,3,0,3,3,1,0,1,9,10,11,1,0,5,0,1,0,7232,0.037,0.168,0.007
594,3.287,2.872,0.001,0.007,0.079,0,0,,0,,,,0,,,,,40,40,0,5,3,0,3,3,1,0,1,9,10,11,1,0,5,0,1,0,7232,0.033,0.132,0.005
595,3.827,3.38,0,0.007,0.08,0,0,,0,,,,0,,,,,40,40,0,5,3,0,3,3,1,0,1,9,10,11,1,0,5,0,1,0,7232,0.034,0.158,0.006
596,3.346,2.935,0.001,0.007,0.066,0,0,,0,,,,0,,,,,40,40,0,5,3,0,3,3,1,0,1,9,10,11,1,0,5,0,1,0,7232,0.033,0.129,0.007
597,3.391,3.051,0,0.008,0.062,0,0,,0,,,,0,,,,,40,40,0,5,3,0,3,3,1,0,1,9,10,11,1,0,5,0,1,0,7232,0.028,0.096,0.006
598,4.67,4.434,0,0.004,0.045,0,0,,0,,,,0,,,,,40,40,0,5,3,0,3,3,1,0,1,9,10,11,1,0,5,0,1,0,7232,0.018,0.07,0.004
599,4.299,4.025,0.001,0.006,0.042,0,0,,0,,,,0,,,,,40,40,0,5,3,0,3,3,1,0,1,9,10,11,1,0,5,0,1,0,7232,0.021,0.078,0.004
600,8.401,7.907,0.001,0.011,0.074,0,0,,1,406.25,229351424,285151232,1,75980672,75980672,167424000,38823561584,40,40,0,5,3,0,3,3,1,0,1,9,10,11,1,0,5,0,1,0,7232,0.037,0.136,0.01
601,4.338,3.849,0.001,0.008,0.099,0,0,,0,,,,0,,,,,40,40,0,5,3,0,3,3,1,0,1,9,10,11,1,0,5,0,1,0,7232,0.039,0.148,0.007
602,3.573,3.094,0.001,0.008,0.083,0,0,,0,,,,0,,,,,40,40,0,5,3,0,3,3,1,0,1,9,10,11,1,0,5,0,1,0,7232,0.035,0.141,0.007
603,3.126,2.678,0.001,0.009,0.067,0,0,,0,,,,0,,,,,40,40,0,5,3,0,3,3,1,0,1,9,10,11,1,0,5,0,1,0,7232,0.037,0.138,0.008
604,3.568,3.11,0,0.008,0.093,0,0,,0,,,,0,,,,,40,40,0,5,3,0,3,3,1,0,1,9,10,11,1,0,5,0,1,0,7232,0.036,0.138,0.006
605,3.68,3.358,0,0.008,0.041,0,0,,0,,,,0,,,,,40,40,0,5,3,0,3,3,1,0,1,9,10,11,1,0,5,0,1,0,7232,0.03,0.101,0.005
606,4.133,3.875,0,0.006,0.025,0,0,,0,,,,0,,,,,40,40,0,5,3,0,3,3,1,0,1,9,10,11,1,0,5,0,1,0,7232,0.025,0.098,0.005
607,4.639,4.196,0.001,0.009,0.076,0,0,,0,,,,0,,,,,40,40,0,5,3,0,3,3,1,0,1,9,10,11,1,0,5,0,1,0,7232,0.035,0.129,0.008
608,2.709,2.324,0,0.01,0.063,0,0,,0,,,,0,,,,,40,40,0,5,3,0,3,3,1,0,1,9,10,11,1,0,5,0,1,0,7232,0.043,0.105,0.004
609,3.771,3.472,0.001,0.009,0.035,0,0,,0,,,,0,,,,,40,40,0,5,3,0,3,3,1,0,1,9,10,11,1,0,5,0,1,0,7232,0.043,0.103,0.003
610,4.301,4.045,0,0.005,0.022,0,0,,0,,,,0,,,,,40,40,0,5,3,0,3,3,1,0,1,9,10,11,1,0,5,0,1,0,7232,0.028,0.113,0.003
611,4.263,3.681,0,0.015,0.049,0,0,,0,,,,0,,,,,40,40,0,5,3,0,3,3,1,0,1,9,10,11,1,0,5,0,1,0,7232,0.013,0.193,0.006
612,3.372,3.018,0,0.007,0.032,0,0,,0,,,,0,,,,,40,40,0,5,3,0,3,3,1,0,1,9,10,11,1,0,5,0,1,0,7232,0.021,0.12,0.005
613,3.5,3.199,0.001,0.007,0.021,0,0,,0,,,,0,,,,,40,40,0,5,3,0,3,3,1,0,1,9,10,11,1,0,5,0,1,0,7232,0.031,0.112,0.005
614,3.977,3.747,0,0.004,0.024,0,0,,0,,,,0,,,,,40,40,0,5,3,0,3,3,1,0,1,9,10,11,1,0,5,0,1,0,7232,0.028,0.101,0.002
615,4.498,4.06,0.001,0.008,0.077,0,0,,0,,,,0,,,,,40,40,0,5,3,0,3,3,1,0,1,9,10,11,1,0,5,0,1,0,7232,0.035,0.132,0.006
616,3.211,2.91,0,0.008,0.028,0,0,,0,,,,0,,,,,40,40,0,5,3,0,3,3,1,0,1,9,10,11,1,0,5,0,1,0,7232,0.04,0.068,0.004
617,3.679,3.302,0,0.008,0.033,0,0,,0,,,,0,,,,,40,40,0,5,3,0,3,3,1,0,1,9,10,11,1,0,5,0,1,0,7232,0.071,0.132,0.004
618,3.82,3.564,0,0.012,0.026,0,0,,0,,,,0,,,,,40,40,0,5,3,0,3,3,1,0,1,9,10,11,1,0,5,0,1,0,7232,0.013,0.043,0.003
619,3.82,3.577,0,0.007,0.027,0,0,,0,,,,0,,,,,40,40,0,5,3,0,3,3,1,0,1,9,10,11,1,0,5,0,1,0,7232,0.021,0.077,0.004
620,5.267,4.883,0.001,0.009,0.03,0,0,,0,,,,0,,,,,40,40,0,5,3,0,3,3,1,0,1,9,10,11,1,0,5,0,1,0,7232,0.04,0.129,0.006
621,4.709,4.279,0,0.012,0.054,0,0,,0,,,,0,,,,,40,40,0,5,3,0,3,3,1,0,1,9,10,11,1,0,5,0,1,0,7232,0.038,0.134,0.008
622,4.235,3.963,0,0.006,0.023,0,0,,0,,,,0,,,,,40,40,0,5,3,0,3,3,1,0,1,9,10,11,1,0,5,0,1,0,7232,0.033,0.126,0.005
623,3.933,3.653,0,0.006,0.048,0,0,,0,,,,0,,,,,40,40,0,5,3,0,3,3,1,0,1,9,10,11,1,0,5,0,1,0,7232,0.027,0.099,0.003
624,3.6,3.319,0,0.007,0.027,0,0,,0,,,,0,,,,,40,40,0,5,3,0,3,3,1,0,1,9,10,11,1,0,5,0,1,0,7232,0.023,0.056,0.005
625,3.548,3.266,0,0.007,0.023,0,0,,0,,,,0,,,,,40,40,0,5,3,0,3,3,1,0,1,9,10,11,1,0,5,0,1,0,7232,0.114,0.05,0.002
626,4.404,4.161,0.001,0.006,0.024,0,0,,0,,,,0,,,,,40,40,0,5,3,0,3,3,1,0,1,9,10,11,1,0,5,0,1,0,7232,0.034,0.044,0.002
627,3.74,3.483,0.001,0.003,0.022,0,0,,0,,,,0,,,,,40,40,0,5,3,0,3,3,1,0,1,9,10,11,1,0,5,0,1,0,7232,0.062,0.05,0.005
628,4.808,4.485,0,0.008,0.041,0,0,,0,,,,0,,,,,40,40,0,5,3,0,3,3,1,0,1,9,10,11,1,0,5,0,1,0,7232,0.018,0.062,0.005
629,5.671,5.3,0,0.012,0.038,0,0,,0,,,,0,,,,,40,40,0,5,3,0,3,3,1,0,1,9,10,11,1,0,5,0,1,0,7232,0.044,0.11,0.004
630,4.008,3.501,0.001,0.012,0.101,0,0,,1,421.875,229351424,285151232,1,75980672,75980672,167424000,38823561584,40,40,0,5,3,0,3,3,1,0,1,9,10,11,1,0,5,0,1,0,7232,0.04,0.148,0.007
631,3.456,3.167,0,0.006,0.027,0,0,,0,,,,0,,,,,40,40,0,5,3,0,3,3,1,0,1,9,10,11,1,0,5,0,1,0,7232,0.025,0.087,0.004
632,4.764,4.425,0.001,0.008,0.025,0,0,,0,,,,0,,,,,40,40,0,5,3,0,3,3,1,0,1,9,10,11,1,0,5,0,1,0,7232,0.032,0.12,0.006
633,3.63,3.294,0,0.007,0.021,0,0,,0,,,,0,,,,,40,40,0,5,3,0,3,3,1,0,1,9,10,11,1,0,5,0,1,0,7232,0.039,0.144,0.006
634,4.087,3.759,0,0.006,0.036,0,0,,0,,,,0,,,,,40,40,0,5,3,0,3,3,1,0,1,9,10,11,1,0,5,0,1,0,7232,0.035,0.135,0.005
635,4.449,4.195,0,0.007,0.026,0,0,,0,,,,0,,,,,40,40,0,5,3,0,3,3,1,0,1,9,10,11,1,0,5,0,1,0,7232,0.026,0.082,0.003
636,3.799,3.467,0.001,0.007,0.028,0,0,,0,,,,0,,,,,40,40,0,5,3,0,3,3,1,0,1,9,10,11,1,0,5,0,1,0,7232,0.031,0.107,0.006
637,5.175,4.94,0,0.005,0.022,0,0,,0,,,,0,,,,,40,40,0,5,3,0,3,3,1,0,1,9,10,11,1,0,5,0,1,0,7232,0.029,0.101,0.002
638,5.159,4.823,0,0.009,0.024,0,0,,0,,,,0,,,,,40,40,0,5,3,0,3,3,1,0,1,9,10,11,1,0,5,0,1,0,7232,0.041,0.113,0.003
639,5.264,4.972,0,0.009,0.024,0,0,,0,,,,0,,,,,40,40,0,5,3,0,3,3,1,0,1,9,10,11,1,0,5,0,1,0,7232,0.034,0.089,0.004
640,4.691,4.407,0.001,0.011,0.028,0,0,,0,,,,0,,,,,40,40,0,5,3,0,3,3,1,0,1,9,10,11,1,0,5,0,1,0,7232,0.043,0.045,0.005
641,4.309,4.05,0.001,0.009,0.022,0,0,,0,,,,0,,,,,40,40,0,5,3,0,3,3,1,0,1,9,10,11,1,0,5,0,1,0,7232,0.015,0.052,0.004
642,4.102,3.831,0,0.01,0.025,0,0,,0,,,,0,,,,,40,40,0,5,3,0,3,3,1,0,1,9,10,11,1,0,5,0,1,0,7232,0.03,0.086,0.003
643,4.3,3.896,0,0.006,0.114,0,0,,0,,,,0,,,,,40,40,0,5,3,0,3,3,1,0,1,9,10,11,1,0,5,0,1,0,7232,0.019,0.069,0.007
644,3.348,3.035,0,0.006,0.044,0,0,,0,,,,0,,,,,40,40,0,5,3,0,3,3,1,0,1,9,10,11,1,0,5,0,1,0,7232,0.024,0.089,0.006
645,5.899,5.543,0.001,0.013,0.034,0,0,,0,,,,0,,,,,40,40,0,5,3,0,3,3,1,0,1,9,10,11,1,0,5,0,1,0,7232,0.036,0.1,0.006
646,5.728,5.43,0,0.007,0.072,0,0,,0,,,,0,,,,,40,40,0,5,3,0,3,3,1,0,1,9,10,11,1,0,5,0,1,0,7232,0.016,0.051,0.008
647,4.962,4.467,0,0.012,0.033,0,0,,0,,,,0,,,,,40,40,0,5,3,0,3,3,1,0,1,9,10,11,1,0,5,0,1,0,7232,0.074,0.124,0.015
648,4.501,4.205,0,0.008,0.028,0,0,,0,,,,0,,,,,40,40,0,5,3,0,3,3,1,0,1,9,10,11,1,0,5,0,1,0,7232,0.027,0.109,0.004
649,4.353,4.113,0,0.005,0.026,0,0,,0,,,,0,,,,,40,40,0,5,3,0,3,3,1,0,1,9,10,11,1,0,5,0,1,0,7232,0.026,0.098,0.003
650,4.005,3.598,0,0.035,0.036,0,0,,0,,,,0,,,,,40,40,0,5,3,0,3,3,1,0,1,9,10,11,1,0,5,0,1,0,7232,0.024,0.066,0.008
651,4.084,3.318,0.001,0.004,0.059,0,0,,0,,,,0,,,,,40,40,0,5,3,0,3,3,1,0,1,9,10,11,1,0,5,0,1,0,7232,0.015,0.061,0.006
652,4.933,4.757,0,0.003,0.026,0,0,,0,,,,0,,,,,40,40,0,5,3,0,3,3,1,0,1,9,10,11,1,0,5,0,1,0,7232,0.013,0.04,0.003
653,4.059,3.734,0,0.008,0.022,0,0,,0,,,,0,,,,,40,40,0,5,3,0,3,3,1,0,1,9,10,11,1,0,5,0,1,0,7232,0.039,0.122,0.003
654,4.671,4.409,0,0.007,0.024,0,0,,0,,,,0,,,,,40,40,0,5,3,0,3,3,1,0,1,9,10,11,1,0,5,0,1,0,7232,0.027,0.079,0.004
655,5.671,5.447,0,0.007,0.02,0,0,,0,,,,0,,,,,40,40,0,5,3,0,3,3,1,0,1,9,10,11,1,0,5,0,1,0,7232,0.037,0.048,0.003
656,4.224,3.941,0.001,0.006,0.024,0,0,,0,,,,0,,,,,40,40,0,5,3,0,3,3,1,0,1,9,10,11,1,0,5,0,1,0,7232,0.027,0.101,0.005
657,4.137,3.898,0,0.005,0.032,0,0,,0,,,,0,,,,,40,40,0,5,3,0,3,3,1,0,1,9,10,11,1,0,5,0,1,0,7232,0.025,0.067,0.004
658,3.707,3.417,0,0.005,0.035,0,0,,0,,,,0,,,,,40,40,0,5,3,0,3,3,1,0,1,9,10,11,1,0,5,0,1,0,7232,0.014,0.102,0.006
659,4.039,3.655,0,0.012,0.032,0,0,,0,,,,0,,,,,40,40,0,5,3,0,3,3,1,0,1,9,10,11,1,0,5,0,1,0,7232,0.042,0.134,0.004
660,4.468,4.165,0,0.006,0.044,0,0,,1,453.125,229351424,285151232,1,75980672,75980672,167424000,38823561584,40,40,0,5,3,0,3,3,1,0,1,9,10,11,1,0,5,0,1,0,7232,0.024,0.089,0.004
661,4.58,4.233,0,0.006,0.088,0,0,,0,,,,0,,,,,40,40,0,5,3,0,3,3,1,0,1,9,10,11,1,0,5,0,1,0,7232,0.025,0.092,0.005
662,3.87,3.501,0,0.007,0.038,0,0,,0,,,,0,,,,,40,40,0,5,3,0,3,3,1,0,1,9,10,11,1,0,5,0,1,0,7232,0.032,0.115,0.006
663,4.232,3.957,0,0.013,0.027,0,0,,0,,,,0,,,,,40,40,0,5,3,0,3,3,1,0,1,9,10,11,1,0,5,0,1,0,7232,0.033,0.06,0.005
664,5.007,4.78,0,0.005,0.019,0,0,,0,,,,0,,,,,40,40,0,5,3,0,3,3,1,0,1,9,10,11,1,0,5,0,1,0,7232,0.028,0.073,0.002
665,5.303,4.833,0,0.012,0.069,0,0,,0,,,,0,,,,,40,40,0,5,3,0,3,3,1,0,1,9,10,11,1,0,5,0,1,0,7232,0.038,0.132,0.009
666,4.464,4.02,0,0.008,0.056,0,0,,0,,,,0,,,,,40,40,0,5,3,0,3,3,1,0,1,9,10,11,1,0,5,0,1,0,7232,0.032,0.118,0.007
667,4.604,4.316,0,0.01,0.025,0,0,,0,,,,0,,,,,40,40,0,5,3,0,3,3,1,0,1,9,10,11,1,0,5,0,1,0,7232,0.017,0.049,0.005
668,4.768,4.128,0,0.006,0.355,0,0,,0,,,,0,,,,,40,40,0,5,3,0,3,3,1,0,1,9,10,11,1,0,5,0,1,0,7232,0.031,0.113,0.006
669,3.406,3.028,0.001,0.01,0.043,0,0,,0,,,,0,,,,,40,40,0,5,3,0,3,3,1,0,1,9,10,11,1,0,5,0,1,0,7232,0.035,0.059,0.011
670,3.449,3.233,0,0.005,0.03,0,0,,0,,,,0,,,,,40,40,0,5,3,0,3,3,1,0,1,9,10,11,1,0,5,0,1,0,7232,0.015,0.051,0.006
671,4.372,4.126,0,0.006,0.021,0,0,,0,,,,0,,,,,40,40,0,5,3,0,3,3,1,0,1,9,10,11,1,0,5,0,1,0,7232,0.023,0.072,0.005
672,5.423,5.102,0,0.009,0.074,0,0,,0,,,,0,,,,,40,40,0,5,3,0,3,3,1,0,1,9,10,11,1,0,5,0,1,0,7232,0.017,0.055,0.008
673,6.509,6.181,0.001,0.013,0.035,0,0,,0,,,,0,,,,,40,40,0,5,3,0,3,3,1,0,1,9,10,11,1,0,5,0,1,0,7232,0.042,0.048,0.007
674,4.942,4.666,0,0.007,0.023,0,0,,0,,,,0,,,,,40,40,0,5,3,0,3,3,1,0,1,9,10,11,1,0,5,0,1,0,7232,0.032,0.073,0.005
675,4.02,3.749,0,0.007,0.036,0,0,,0,,,,0,,,,,40,40,0,5,3,0,3,3,1,0,1,9,10,11,1,0,5,0,1,0,7232,0.028,0.081,0.003
676,3.997,3.627,0.001,0.008,0.029,0,0,,0,,,,0,,,,,40,40,0,5,3,0,3,3,1,0,1,9,10,11,1,0,5,0,1,0,7232,0.043,0.126,0.005
677,3.823,3.587,0,0.008,0.021,0,0,,0,,,,0,,,,,40,40,0,5,3,0,3,3,1,0,1,9,10,11,1,0,5,0,1,0,7232,0.028,0.066,0.003
678,4.357,3.935,0,0.011,0.065,0,0,,0,,,,0,,,,,40,40,0,5,3,0,3,3,1,0,1,9,10,11,1,0,5,0,1,0,7232,0.034,0.12,0.008
679,4.171,3.818,0,0.007,0.04,0,0,,0,,,,0,,,,,40,40,0,5,3,0,3,3,1,0,1,9,10,11,1,0,5,0,1,0,7232,0.035,0.118,0.008
680,4.437,4.128,0,0.008,0.04,0,0,,0,,,,0,,,,,40,40,0,5,3,0,3,3,1,0,1,9,10,11,1,0,5,0,1,0,7232,0.018,0.093,0.007
681,4.616,4.275,0,0.008,0.042,0,0,,0,,,,0,,,,,40,40,0,5,3,0,3,3,1,0,1,9,10,11,1,0,5,0,1,0,7232,0.026,0.092,0.007
682,6.274,5.981,0.001,0.007,0.059,0,0,,0,,,,0,,,,,40,40,0,5,3,0,3,3,1,0,1,9,10,11,1,0,5,0,1,0,7232,0.016,0.054,0.007
683,8.191,7.873,0,0.01,0.036,0,0,,0,,,,0,,,,,40,40,0,5,3,0,3,3,1,0,1,9,10,11,1,0,5,0,1,0,7232,0.029,0.058,0.008
684,5.61,5.272,0,0.01,0.036,0,0,,0,,,,0,,,,,40,40,0,5,3,0,3,3,1,0,1,9,10,11,1,0,5,0,1,0,7232,0.036,0.088,0.006
685,6.34,5.758,0.001,0.016,0.094,0,0,,0,,,,0,,,,,40,40,0,5,3,0,3,3,1,0,1,9,10,11,1,0,5,0,1,0,7232,0.043,0.156,0.012
686,9.861,9.421,0,0.01,0.034,0,0,,0,,,,0,,,,,40,40,0,5,3,0,3,3,1,0,1,9,10,11,1,0,5,0,1,0,7232,0.057,0.058,0.008
687,5.737,5.212,0,0.012,0.043,0,0,,0,,,,0,,,,,40,40,0,5,3,0,3,3,1,0,1,9,10,11,1,0,5,0,1,0,7232,0.044,0.096,0.009
688,2.925,2.64,0,0.005,0.034,0,0,,0,,,,0,,,,,40,40,0,5,3,0,3,3,1,0,1,9,10,11,1,0,5,0,1,0,7232,0.013,0.064,0.008
689,3.472,3.197,0,0.007,0.019,0,0,,0,,,,0,,,,,40,40,0,5,3,0,3,3,1,0,1,9,10,11,1,0,5,0,1,0,7232,0.033,0.127,0.005
690,5.13,4.462,0,0.006,0.426,0,0,,1,484.375,229351424,285151232,1,75980672,75980672,167424000,38823561584,40,40,0,5,3,0,3,3,1,0,1,9,10,11,1,0,5,0,1,0,7232,0.034,0.094,0.003
691,3.439,3.146,0,0.007,0.035,0,0,,0,,,,0,,,,,40,40,0,5,3,0,3,3,1,0,1,9,10,11,1,0,5,0,1,0,7232,0.036,0.07,0.004
692,3.479,3.142,0,0.009,0.026,0,0,,0,,,,0,,,,,40,40,0,5,3,0,3,3,1,0,1,9,10,11,1,0,5,0,1,0,7232,0.03,0.105,0.007
693,3.515,3.209,0.001,0.007,0.024,0,0,,0,,,,0,,,,,40,40,0,5,3,0,3,3,1,0,1,9,10,11,1,0,5,0,1,0,7232,0.037,0.106,0.004
694,4.894,4.411,0.001,0.007,0.199,0,0,,0,,,,0,,,,,40,40,0,5,3,0,3,3,1,0,1,9,10,11,1,0,5,0,1,0,7232,0.036,0.117,0.002
695,3.733,3.506,0,0.007,0.025,0,0,,0,,,,0,,,,,40,40,0,5,3,0,3,3,1,0,1,9,10,11,1,0,5,0,1,0,7232,0.014,0.073,0.003
696,4.036,3.744,0,0.005,0.027,0,0,,0,,,,0,,,,,40,40,0,5,3,0,3,3,1,0,1,9,10,11,1,0,5,0,1,0,7232,0.02,0.109,0.007
697,3.707,3.419,0.001,0.009,0.029,0,0,,0,,,,0,,,,,40,40,0,5,3,0,3,3,1,0,1,9,10,11,1,0,5,0,1,0,7232,0.042,0.053,0.004
698,5.958,5.669,0.001,0.007,0.028,0,0,,0,,,,0,,,,,40,40,0,5,3,0,3,3,1,0,1,9,10,11,1,0,5,0,1,0,7232,0.029,0.08,0.003
699,5.321,4.984,0.001,0.006,0.034,0,0,,0,,,,0,,,,,40,40,0,5,3,0,3,3,1,0,1,9,10,11,1,0,5,0,1,0,7232,0.017,0.055,0.007
700,5.181,4.865,0,0.009,0.043,0,0,,0,,,,0,,,,,40,40,0,5,3,0,3,3,1,0,1,9,10,11,1,0,5,0,1,0,7232,0.02,0.066,0.009
701,6.553,6.223,0,0.011,0.031,0,0,,0,,,,0,,,,,40,40,0,5,3,0,3,3,1,0,1,9,10,11,1,0,5,0,1,0,7232,0.046,0.061,0.007
702,5.132,4.376,0,0.009,0.462,0,0,,0,,,,0,,,,,40,40,0,5,3,0,3,3,1,0,1,9,10,11,1,0,5,0,1,0,7232,0.03,0.112,0.007
703,2.845,2.624,0,0.005,0.028,0,0,,0,,,,0,,,,,40,40,0,5,3,0,3,3,1,0,1,9,10,11,1,0,5,0,1,0,7232,0.015,0.075,0.004
704,4.208,3.917,0,0.01,0.031,0,0,,0,,,,0,,,,,40,40,0,5,3,0,3,3,1,0,1,9,10,11,1,0,5,0,1,0,7232,0.034,0.056,0.005
705,5.161,4.949,0.001,0.004,0.033,0,0,,0,,,,0,,,,,40,40,0,5,3,0,3,3,1,0,1,9,10,11,1,0,5,0,1,0,7232,0.013,0.042,0.004
706,4.964,4.72,0,0.006,0.039,0,0,,0,,,,0,,,,,40,40,0,5,3,0,3,3,1,0,1,9,10,11,1,0,5,0,1,0,7232,0.018,0.063,0.005
707,4.921,4.647,0,0.006,0.024,0,0,,0,,,,0,,,,,40,40,0,5,3,0,3,3,1,0,1,9,10,11,1,0,5,0,1,0,7232,0.028,0.099,0.004
708,5.728,5.409,0,0.012,0.025,0,0,,0,,,,0,,,,,40,40,0,5,3,0,3,3,1,0,1,9,10,11,1,0,5,0,1,0,7232,0.04,0.081,0.004
709,4.133,3.964,0,0.005,0.027,0,0,,0,,,,0,,,,,40,40,0,5,3,0,3,3,1,0,1,9,10,11,1,0,5,0,1,0,7232,0.017,0.045,0.003
710,4.124,3.764,0,0.007,0.052,0,0,,0,,,,0,,,,,40,40,0,5,3,0,3,3,1,0,1,9,10,11,1,0,5,0,1,0,7232,0.026,0.095,0.007
711,5.458,5.127,0,0.011,0.029,0,0,,0,,,,0,,,,,40,40,0,5,3,0,3,3,1,0,1,9,10,11,1,0,5,0,1,0,7232,0.043,0.046,0.004
712,4.213,3.82,0,0.01,0.051,0,0,,0,,,,0,,,,,40,40,0,5,3,0,3,3,1,0,1,9,10,11,1,0,5,0,1,0,7232,0.031,0.119,0.006
713,3.913,3.599,0.001,0.063,0.028,0,0,,0,,,,0,,,,,40,40,0,5,3,0,3,3,1,0,1,9,10,11,1,0,5,0,1,0,7232,0.017,0.06,0.005
714,3.764,3.369,0,0.008,0.032,0,0,,0,,,,0,,,,,40,40,0,5,3,0,3,3,1,0,1,9,10,11,1,0,5,0,1,0,7232,0.033,0.099,0.005
715,3.626,3.258,0,0.007,0.027,0,0,,0,,,,0,,,,,40,40,0,5,3,0,3,3,1,0,1,9,10,11,1,0,5,0,1,0,7232,0.062,0.123,0.006
716,4.089,3.848,0,0.006,0.025,0,0,,0,,,,0,,,,,40,40,0,5,3,0,3,3,1,0,1,9,10,11,1,0,5,0,1,0,7232,0.031,0.094,0.002
717,3.443,3.187,0,0.014,0.025,0,0,,0,,,,0,,,,,40,40,0,5,3,0,3,3,1,0,1,9,10,11,1,0,5,0,1,0,7232,0.017,0.05,0.004
718,5.179,4.944,0,0.006,0.041,0,0,,0,,,,0,,,,,40,40,0,5,3,0,3,3,1,0,1,9,10,11,1,0,5,0,1,0,7232,0.013,0.046,0.005
719,4.774,4.278,0,0.009,0.06,0,0,,0,,,,0,,,,,40,40,0,5,3,0,3,3,1,0,1,9,10,11,1,0,5,0,1,0,7232,0.041,0.143,0.008
720,3.566,3.282,0,0.009,0.031,0,0,,1,515.625,229351424,285151232,1,75980672,75980672,167424000,38823561584,40,40,0,5,3,0,3,3,1,0,1,9,10,11,1,0,5,0,1,0,7232,0.02,0.064,0.004
721,3.897,3.652,0,0.005,0.03,0,0,,0,,,,0,,,,,40,40,0,5,3,0,3,3,1,0,1,9,10,11,1,0,5,0,1,0,7232,0.025,0.084,0.003
722,3.632,3.327,0,0.051,0.031,0,0,,0,,,,0,,,,,40,40,0,5,3,0,3,3,1,0,1,9,10,11,1,0,5,0,1,0,7232,0.045,0.052,0.005
723,4.462,4.151,0,0.008,0.03,0,0,,0,,,,0,,,,,40,40,0,5,3,0,3,3,1,0,1,9,10,11,1,0,5,0,1,0,7232,0.027,0.092,0.006
724,4.557,4.207,0,0.044,0.039,0,0,,0,,,,0,,,,,40,40,0,5,3,0,3,3,1,0,1,9,10,11,1,0,5,0,1,0,7232,0.027,0.092,0.004
725,3.894,3.565,0.001,0.01,0.031,0,0,,0,,,,0,,,,,40,40,0,5,3,0,3,3,1,0,1,9,10,11,1,0,5,0,1,0,7232,0.033,0.114,0.006
726,4.371,4.108,0.001,0.007,0.023,0,0,,0,,,,0,,,,,40,40,0,5,3,0,3,3,1,0,1,9,10,11,1,0,5,0,1,0,7232,0.029,0.077,0.004
727,5.171,4.908,0,0.006,0.022,0,0,,0,,,,0,,,,,40,40,0,5,3,0,3,3,1,0,1,9,10,11,1,0,5,0,1,0,7232,0.032,0.075,0.004
728,6.383,6.187,0,0.005,0.028,0,0,,0,,,,0,,,,,40,40,0,5,3,0,3,3,1,0,1,9,10,11,1,0,5,0,1,0,7232,0.012,0.047,0.004
729,3.587,3.36,0,0.004,0.031,0,0,,0,,,,0,,,,,40,40,0,5,3,0,3,3,1,0,1,9,10,11,1,0,5,0,1,0,7232,0.015,0.056,0.005
730,3.529,3.224,0,0.007,0.032,0,0,,0,,,,0,,,,,40,40,0,5,3,0,3,3,1,0,1,9,10,11,1,0,5,0,1,0,7232,0.018,0.093,0.008
731,7.158,6.817,0,0.007,0.028,0,0,,0,,,,0,,,,,40,40,0,5,3,0,3,3,1,0,1,9,10,11,1,0,5,0,1,0,7232,0.036,0.08,0.006
732,3.817,3.602,0.001,0.004,0.025,0,0,,0,,,,0,,,,,40,40,0,5,3,0,3,3,1,0,1,9,10,11,1,0,5,0,1,0,7232,0.015,0.054,0.004
733,3.351,3.005,0,0.007,0.032,0,0,,0,,,,0,,,,,40,40,0,5,3,0,3,3,1,0,1,9,10,11,1,0,5,0,1,0,7232,0.034,0.117,0.007
734,4.761,4.611,0,0.003,0.022,0,0,,0,,,,0,,,,,40,40,0,5,3,0,3,3,1,0,1,9,10,11,1,0,5,0,1,0,7232,0.012,0.051,0.002
735,5.426,5.166,0,0.004,0.03,0,0,,0,,,,0,,,,,40,40,0,5,3,0,3,3,1,0,1,9,10,11,1,0,5,0,1,0,7232,0.03,0.111,0.003
736,5.149,4.735,0,0.007,0.053,0,0,,0,,,,0,,,,,40,40,0,5,3,0,3,3,1,0,1,9,10,11,1,0,5,0,1,0,7232,0.033,0.114,0.008
737,5.124,4.759,0.001,0.012,0.032,0,0,,0,,,,0,,,,,40,40,0,5,3,0,3,3,1,0,1,9,10,11,1,0,5,0,1,0,7232,0.038,0.109,0.005
738,4.844,4.462,0.001,0.006,0.055,0,0,,0,,,,0,,,,,40,40,0,5,3,0,3,3,1,0,1,9,10,11,1,0,5,0,1,0,7232,0.037,0.146,0.006
739,4.955,4.607,0,0.006,0.04,0,0,,0,,,,0,,,,,40,40,0,5,3,0,3,3,1,0,1,9,10,11,1,0,5,0,1,0,7232,0.029,0.107,0.008
740,4.697,4.459,0,0.007,0.031,0,0,,0,,,,0,,,,,40,40,0,5,3,0,3,3,1,0,1,9,10,11,1,0,5,0,1,0,7232,0.015,0.056,0.007
741,4.742,4.459,0,0.007,0.027,0,0,,0,,,,0,,,,,40,40,0,5,3,0,3,3,1,0,1,9,10,11,1,0,5,0,1,0,7232,0.034,0.069,0.005
742,7.021,6.75,0,0.006,0.057,0,0,,0,,,,0,,,,,40,40,0,5,3,0,3,3,1,0,1,9,10,11,1,0,5,0,1,0,7232,0.017,0.062,0.005
743,3.648,3.245,0,0.009,0.044,0,0,,0,,,,0,,,,,40,40,0,5,3,0,3,3,1,0,1,9,10,11,1,0,5,0,1,0,7232,0.034,0.118,0.009
744,3.465,3.235,0,0.006,0.031,0,0,,0,,,,0,,,,,40,40,0,5,3,0,3,3,1,0,1,9,10,11,1,0,5,0,1,0,7232,0.017,0.059,0.006
745,10.832,10.514,0,0.006,0.036,0,0,,0,,,,0,,,,,40,40,0,5,3,0,3,3,1,0,1,9,10,11,1,0,5,0,1,0,7232,0.017,0.059,0.009
746,5.34,5.102,0.001,0.006,0.027,0,0,,0,,,,0,,,,,40,40,0,5,3,0,3,3,1,0,1,9,10,11,1,0,5,0,1,0,7232,0.018,0.064,0.007
747,8.789,8.49,0,0.012,0.04,0,0,,0,,,,0,,,,,40,40,0,5,3,0,3,3,1,0,1,9,10,11,1,0,5,0,1,0,7232,0.034,0.05,0.006
748,5.747,5.433,0,0.008,0.047,0,0,,0,,,,0,,,,,40,40,0,5,3,0,3,3,1,0,1,9,10,11,1,0,5,0,1,0,7232,0.02,0.068,0.008
749,5.85,5.467,0.001,0.006,0.037,0,0,,0,,,,0,,,,,40,40,0,5,3,0,3,3,1,0,1,9,10,11,1,0,5,0,1,0,7232,0.049,0.111,0.007
750,7.546,7.27,0,0.008,0.034,0,0,,1,531.25,229355520,285151232,1,75980672,75980672,167424000,38823561584,40,40,0,5,3,0,3,3,1,0,1,9,10,11,1,0,5,0,1,0,7232,0.017,0.061,0.008
751,11.71,11.3,0,0.014,0.049,0,0,,0,,,,0,,,,,40,40,0,5,3,0,3,3,1,0,1,9,10,11,1,0,5,0,1,0,7232,0.057,0.067,0.009
752,5.065,4.515,0.001,0.014,0.079,0,0,,0,,,,0,,,,,40,40,0,5,3,0,3,3,1,0,1,9,10,11,1,0,5,0,1,0,7232,0.043,0.161,0.011
753,4.415,4.119,0,0.006,0.059,0,0,,0,,,,0,,,,,40,40,0,5,3,0,3,3,1,0,1,9,10,11,1,0,5,0,1,0,7232,0.018,0.062,0.006
754,5.559,5.179,0.001,0.008,0.033,0,0,,0,,,,0,,,,,40,40,0,5,3,0,3,3,1,0,1,9,10,11,1,0,5,0,1,0,7232,0.034,0.132,0.008
755,5.966,5.533,0,0.009,0.053,0,0,,0,,,,0,,,,,40,40,0,5,3,0,3,3,1,0,1,9,10,11,1,0,5,0,1,0,7232,0.033,0.06,0.009
756,9.401,9.014,0,0.011,0.061,0,0,,0,,,,0,,,,,40,40,0,5,3,0,3,3,1,0,1,9,10,11,1,0,5,0,1,0,7232,0.025,0.082,0.01
757,6.443,6.09,0,0.009,0.056,0,0,,0,,,,0,,,,,40,40,0,5,3,0,3,3,1,0,1,9,10,11,1,0,5,0,1,0,7232,0.024,0.083,0.008
758,4.803,4.452,0,0.007,0.055,0,0,,0,,,,0,,,,,40,40,0,5,3,0,3,3,1,0,1,9,10,11,1,0,5,0,1,0,7232,0.024,0.09,0.008
759,5.719,5.435,0.001,0.006,0.042,0,0,,0,,,,0,,,,,40,40,0,5,3,0,3,3,1,0,1,9,10,11,1,0,5,0,1,0,7232,0.019,0.1,0.006
760,6.157,5.836,0,0.008,0.052,0,0,,0,,,,0,,,,,40,40,0,5,3,0,3,3,1,0,1,9,10,11,1,0,5,0,1,0,7232,0.021,0.081,0.006
761,4.622,4.343,0.001,0.006,0.046,0,0,,0,,,,0,,,,,40,40,0,5,3,0,3,3,1,0,1,9,10,11,1,0,5,0,1,0,7232,0.023,0.084,0.005
762,4.906,4.634,0,0.006,0.052,0,0,,0,,,,0,,,,,40,40,0,5,3,0,3,3,1,0,1,9,10,11,1,0,5,0,1,0,7232,0.018,0.077,0.005
763,3.569,3.359,0,0.004,0.034,0,0,,0,,,,0,,,,,40,40,0,5,3,0,3,3,1,0,1,9,10,11,1,0,5,0,1,0,7232,0.015,0.072,0.004
764,6.896,6.598,0.001,0.008,0.041,0,0,,0,,,,0,,,,,40,40,0,5,3,0,3,3,1,0,1,9,10,11,1,0,5,0,1,0,7232,0.018,0.08,0.007
765,5.65,5.373,0.001,0.007,0.047,0,0,,0,,,,0,,,,,40,40,0,5,3,0,3,3,1,0,1,9,10,11,1,0,5,0,1,0,7232,0.023,0.074,0.005
766,3.586,3.339,0,0.004,0.046,0,0,,0,,,,0,,,,,40,40,0,5,3,0,3,3,1,0,1,9,10,11,1,0,5,0,1,0,7232,0.017,0.086,0.004
767,4.872,4.529,0.001,0.007,0.056,0,0,,0,,,,0,,,,,40,40,0,5,3,0,3,3,1,0,1,9,10,11,1,0,5,0,1,0,7232,0.019,0.085,0.009
768,3.656,3.351,0,0.006,0.045,0,0,,0,,,,0,,,,,40,40,0,5,3,0,3,3,1,0,1,9,10,11,1,0,5,0,1,0,7232,0.02,0.077,0.007
769,4.744,4.48,0,0.005,0.05,0,0,,0,,,,0,,,,,40,40,0,5,3,0,3,3,1,0,1,9,10,11,1,0,5,0,1,0,7232,0.02,0.078,0.005
770,5.087,4.819,0,0.007,0.048,0,0,,0,,,,0,,,,,40,40,0,5,3,0,3,3,1,0,1,9,10,11,1,0,5,0,1,0,7232,0.02,0.077,0.005
771,4.381,3.906,0,0.01,0.074,0,0,,0,,,,0,,,,,40,40,0,5,3,0,3,3,1,0,1,9,10,11,1,0,5,0,1,0,7232,0.04,0.152,0.007
772,3.465,2.997,0,0.009,0.071,0,0,,0,,,,0,,,,,40,40,0,5,3,0,3,3,1,0,1,9,10,11,1,0,5,0,1,0,7232,0.038,0.156,0.008
773,5.258,4.833,0,0.008,0.08,0,0,,0,,,,0,,,,,40,40,0,5,3,0,3,3,1,0,1,9,10,11,1,0,5,0,1,0,7232,0.034,0.134,0.006
774,3.345,2.939,0.001,0.007,0.068,0,0,,0,,,,0,,,,,40,40,0,5,3,0,3,3,1,0,1,9,10,11,1,0,5,0,1,0,7232,0.033,0.134,0.006

summary_metric,count,median,p95,p99
wall_ms,775,5.087,13.4755,26.86412
frame_wait_ms,775,4.692,12.8016,26.38198
scene_advance_ms,775,0,0.001,0.001
view_build_ms,775,0.009,0.015,0.03426
render_submit_ms,775,0.043,0.0963,0.19456
gpu_ms,775,4.36911447667,12.3877496976,25.5659379175

gpu_sample_serial,gpu_ms
215,9.63671851473
216,9.02088519643
217,7.59447898125
218,14.9298433855
219,8.4430206272
220,15.6815100338
221,9.58854143257
222,6.85614566595
223,4.90447904693
224,3.96927073643
225,39.978905274
226,24.9934889731
227,6.67489567037
228,6.68421858681
229,6.55822900655
230,15.8004162809
231,20.1852599239
232,4.32479156108
233,4.92859362967
234,4.33265614422
235,19.2154682809
236,3.35807283468
237,3.35567700141
238,3.35088533486
239,3.83437490639
240,3.35697908471
241,3.35494783476
242,3.36749991779
243,3.75703115828
244,4.28619781202
245,5.1297394581
246,4.07651031714
247,3.9196874043
248,3.35489575143
249,4.02776031833
250,4.17083323151
251,4.28562489537
252,3.35536450142
253,3.38046866747
254,3.35041658487
255,3.36364575121
256,4.19531239758
257,3.35203116816
258,3.86635407227
259,5.09197904235
260,4.1630207317
261,5.06499987634
262,3.35927075132
263,4.06640615072
264,4.34020822737
265,5.20947903948
266,3.93953115382
267,5.41390611782
268,4.07020823396
269,3.35656241805
270,3.76005199154
271,5.45614570013
272,9.98578100621
273,5.42729153416
274,4.94630196257
275,3.126614507
276,3.93739573721
277,3.92979157072
278,4.06348948413
279,3.59536449556
280,3.35156241817
281,3.11515617395
282,3.11374992398
283,3.54406241348
284,4.42869780854
285,6.10239568435
286,4.83265613202
287,12.6093226088
288,7.54437481581
289,7.68885397895
290,6.17499984924
291,7.54817689905
292,4.7432811342
293,5.25677070499
294,6.73864566882
295,4.99781237798
296,5.99937485353
297,5.07963529265
298,4.15041656534
299,5.38036445198
300,7.80010397623
301,8.38765604522
302,5.42598945086
303,4.3638019768
304,3.75864574157
305,5.57703111384
306,3.84052073957
307,5.23687487215
308,4.30348947827
309,3.36588533449
310,4.63369780354
311,3.95770823671
312,4.99093737815
313,5.65890611184
314,7.90572897366
315,4.25046864623
316,3.84937490602
317,3.93098948736
318,3.42677074967
319,3.36239575124
320,4.64583321991
321,4.62390613711
322,3.97343740299
323,3.71328115934
324,3.36255200124
325,3.35666658472
326,4.12364573266
327,3.27104158681
328,3.50036449788
329,2.92333326196
330,3.99697906908
331,3.3218749189
332,3.30223950271
333,6.14843734989
334,4.30911447813
335,4.37218739326
336,4.33953114405
337,4.93255196291
338,3.5523957466
339,4.24874989627
340,4.22937489674
341,4.33124989426
342,4.00369781892
343,4.25911447935
344,4.35463531035
345,3.54562491344
346,3.56328116301
347,7.77963522673
348,4.0905728168
349,3.47015616528
350,7.31781232134
351,5.83729152415
352,6.42302067652
353,5.54494778129
354,4.85052071491
355,3.96682281982
356,3.97249990302
357,4.07906240041
358,3.81755199013
359,3.12880200695
360,4.64656238656
361,3.6849478267
362,3.8818228219
363,5.63583319574
364,4.66927071934
365,3.98635406934
366,3.92807282077
367,3.29999991943
368,6.50526025785
369,4.46781239092
370,4.9205207132
371,3.36666658447
372,3.79385407404
373,4.72760405125
374,3.76927074131
375,3.31796866899
376,3.34859366825
377,3.35531241808
378,3.94505198702
379,3.35218741816
380,5.68182277795
381,3.98026031949
382,3.14869783979
383,5.08453112587
384,4.17614573138
385,4.84843738163
386,3.14067700666
387,3.16328117277
388,3.59619782887
389,3.35984366797
390,5.82067694123
391,5.16317695728
392,3.76765615802
393,3.99796865239
394,4.00208323563
395,4.89713529711
396,4.66338530281
397,4.68536446894
398,8.2519789652
399,7.07802066053
400,3.57072907949
401,3.4857811649
402,3.35302075147
403,4.9192186299
404,4.54421863906
405,3.55406241323
406,3.35911450132
407,4.82770821547
408,4.40526030912
409,3.94124990378
410,4.15145823198
411,3.6797394935
412,3.77166657458
413,5.21208320609
414,4.8920832139
415,3.66536449385
416,3.13656242342
417,3.17838533907
418,5.30901028705
419,5.25911445494
420,4.33624989413
421,3.60223949539
422,2.9339582617
423,5.22338528914
424,4.32833322766
425,3.80786449037
426,4.53854155586
427,5.40781236797
428,6.88234358197
429,7.98229147179
430,4.85197904821
431,7.06947899407
432,4.32557281106
433,8.66161437187
434,5.60838527974
435,4.18557281448
436,4.17979156462
437,3.36260408457
438,3.58770824574
439,5.46395819994
440,5.36177070243
441,4.28703114534
442,3.25999992041
443,6.74484358533
444,3.35437491811
445,3.56416657965
446,3.67098949371
447,3.96666656982
448,5.09239570901
449,4.84145821513
450,5.01713529418
451,4.35026031046
452,9.0180726965
453,4.00489573556
454,6.10380193431
455,4.23255198
456,6.73057275235
457,6.68921858669
458,5.01218737763
459,3.14151033997
460,5.3768227854
461,3.22078117137
462,5.17958320688
463,4.36895822667
464,6.25651026392
465,3.76411449144
466,4.14260406553
467,6.04624985239
468,6.13630193352
469,4.36473947677
470,6.6011977555
471,5.44406236709
472,8.65406228872
473,3.84208323953
474,5.73020819344
475,6.40562484361
476,6.77718733454
477,3.94223948709
478,6.15765609967
479,6.03046860277
480,3.37265616766
481,5.25666653833
482,5.64104152895
483,14.1729163206
484,3.83921865627
485,6.97161441313
486,8.85338520052
487,8.51374979214
488,4.02083323517
489,3.14973950644
490,3.13874992337
491,6.40677067692
492,3.91276032114
493,6.8035935839
494,5.92796860527
495,8.30942688047
496,6.91614566448
497,3.36307283456
498,5.20901028949
499,3.96374990323
500,7.23947898992
501,13.0090621824
502,8.94333311499
503,6.266718597
504,4.32515614441
505,9.30281227288
506,3.81552074018
507,3.77114574126
508,5.15161445756
509,7.80369772615
510,6.25109359739
511,7.29656232186
512,22.2481765402
513,7.19921857424
514,9.19369769221
515,11.4245309711
516,8.50921854226
517,7.61557273074
518,9.26979144035
519,10.8730726512
520,20.7299474106
521,9.3785414377
522,23.1871869339
523,9.17703102595
524,6.56354150642
525,10.5725518252
526,6.76869775142
527,24.084843162
528,32.3267179608
529,12.1618226197
530,22.4439057021
531,20.232343256
532,7.44328106828
533,24.1034369115
534,6.17234359931
535,6.22114568145
536,25.410676463
537,32.5889575377
538,25.451145212
539,6.1263540171
540,15.8108329473
541,6.33906234524
542,6.06994776847
543,4.32760406101
544,4.32958322763
545,4.32609364438
546,10.3201039147
547,7.76598939373
548,27.99052015
549,8.10630188543
550,7.63489564693
551,7.77208314359
552,5.54541653128
553,5.76239569265
554,5.98130193731
555,7.82921855886
556,12.5906767759
557,17.8155203984
558,8.92999978198
559,25.8926556179
560,19.2687495296
561,9.65463518096
562,7.85442689157
563,11.4599476369
564,9.19848935876
565,9.30145810625
566,22.6212494477
567,5.9856769372
568,7.93182272302
569,8.36979146233
570,6.30406234609
571,3.97078115306
572,3.99031240258
573,3.9922915692
574,3.96708323648
575,7.37619773658
576,6.5236977574
577,4.32869781099
578,5.95322902132
579,5.09359362564
580,9.31729143919
581,6.4663540088
582,6.26578109703
583,6.09067693464
584,7.03614566155
585,6.34140609518
586,5.16692695719
587,7.93208313968
588,4.32786447767
589,3.6794269935
590,3.12265617376
591,3.13088534023
592,3.77604157448
593,3.91796865435
594,3.90791657126
595,5.76078110936
596,4.09781239996
597,4.50651030664
598,7.24885398969
599,3.6604165773
600,4.36734364338
601,4.03374990152
602,4.18124989792
603,3.80395824046
604,5.50677069889
605,5.60020819661
606,3.3598957513
607,3.52552074726
608,4.06093740086
609,4.35348947705
610,4.35630197698
611,4.36697906005
612,4.84151029847
613,3.12744784031
614,3.13281242352
615,4.24453114637
616,3.75489574166
617,3.13890617337
618,3.14921867311
619,3.13921867336
620,7.52630189959
621,9.11645811076
622,7.13005190926
623,4.41989572543
624,22.5779161154
625,6.7282290024
626,9.60182268225
627,7.33635398756
628,6.37687484431
629,6.26828109697
630,6.42812484306
631,6.68635400343
632,6.62453108827
633,6.87124983224
634,23.3715619294
635,4.33713531078
636,7.69723939541
637,9.02838519625
638,6.71088525283
639,8.98635394727
640,6.61734358844
641,12.6842705237
642,8.91734353229
643,6.03692693595
644,7.0108852455
645,6.29369776301
646,6.85343733268
647,8.34239562966
648,7.04536441133
649,6.12515610046
650,5.93161443852
651,5.79296860857
652,5.94317693824
653,8.60703103987
654,9.50843726786
655,3.65713532738
656,4.33807281076
657,4.32572906106
658,7.05348941113
659,5.59979152995
660,8.00177063798
661,8.61062478978
662,27.6624993246
663,11.1932809767
664,4.32651031104
665,5.84682277392
666,8.05208313675
667,6.8364060831
668,8.95286436476
669,7.2459373231
670,4.62057280386
671,3.95630198674
672,5.64895819542
673,4.32453114442
674,6.08515610144
675,10.3118747482
676,3.37760408421
677,3.94755198696
678,5.90208318924
679,9.92302059107
680,4.21583323041
681,3.85406240591
682,3.62265616156
683,6.83552066645
684,9.90296850823
685,8.17234355048
686,7.66348939624
687,3.13640617343
688,4.80562488268
689,9.49510393485
690,5.69505194429
691,3.5431249135
692,2.9558853445
693,2.94281242815
694,4.78192696659
695,6.93203108076
696,13.5893746682
697,9.04677061246
698,21.0353640698
699,7.14260399229
700,7.5654685653
701,5.13119779139
702,3.13755200673
703,3.89526032157
704,21.6967182203
705,4.34645822722
706,6.41166651013
707,10.6386976569
708,7.3674477368
709,35.9786970383
710,17.4463537407
711,11.1204684785
712,4.26552072919
713,3.13786450673
714,6.71859358597
715,5.22072903921
716,3.36359366788
717,4.15468739857
718,3.85880198912
719,3.38921866726
720,3.36890616775
721,3.36536450117
722,7.52869773286
723,7.24979148967
724,13.9101038271
725,7.82203105903
726,6.50041650797
727,28.1174993135
728,8.95515603137
729,7.43151023523
730,6.97239566311
731,12.3007809497
732,5.62645819597
733,5.56635403077
734,6.08718735139
735,3.15906242287
736,3.21781242144
737,3.72786449232
738,3.85624990585
739,4.22229156358
740,3.37135408436
741,3.35770825136
742,4.21682281372
743,4.31286447804
744,4.47666655737
745,7.30385398835
746,4.71187488496
747,3.34921866823
748,4.0769269838
749,3.3217186689
750,3.13989575668
751,3.13796867339
752,3.39718741706
753,4.73822905099
754,4.93828112944
755,6.90796858135
756,4.16036448176
757,5.62380194603
758,4.25052072956
759,3.82401032331
760,3.12567700702
761,3.40135408363
762,4.69427071873
763,3.27109367014
764,4.22416656354
765,3.34593741831
766,3.52833324719
767,4.95567696235
768,4.42354155867
769,4.3498436438
770,5.64562486217
771,4.13359364908
772,4.03156240157
773,4.05734365094
774,3.74286449195
775,3.13458325681
776,3.74161449199
777,3.98182281945
778,6.18833318225
779,4.64458321994
780,4.1859373978
781,5.02281237737
782,6.27218734687
783,3.87765615533
784,5.79364569189
785,6.46645817546
786,5.58302069703
787,4.32161447783
788,5.13338529134
789,4.10593739976
790,6.65968733741
791,5.81999985791
792,5.76515610925
793,3.78182282434
794,6.39890609378
795,7.96796855547
796,12.0192184566
797,4.55734363874
798,5.0626561264
799,3.34994783488
800,4.64999988647
801,4.32036447786
802,5.39734361823
803,3.13239575686
804,4.22604156349
805,3.23494783769
806,3.74447907525
807,3.14338533992
808,3.57682282934
809,3.12916659027
810,3.13005200692
811,3.57067699616
812,4.00833323547
813,7.12359357608
814,3.94244782042
815,3.3493228349
816,2.98354159383
817,2.93031242846
818,3.79447907403
819,3.89166657166
820,3.84692698941
821,3.12687492366
822,3.36302075123
823,3.97338531966
824,3.5988540788
825,3.73166657556
826,3.24734367072
827,3.94786448695
828,3.78145824101
829,3.344947835
830,3.27958325327
831,3.41921866652
832,3.5021874145
833,4.36427072678
834,4.30473947824
835,3.79958324057
836,3.68124991013
837,3.34421866835
838,3.26057283706
839,3.95666657007
840,3.35031241821
841,3.92760407078
842,5.24682278857
843,3.19494783867
844,3.67791657687
845,4.32874989432
846,3.35260408482
847,3.26333325366
848,4.30739572817
849,3.34734366828
850,5.11890612503
851,4.15947906512
852,4.96572904543
853,4.34286447731
854,3.45729158226
855,3.85703115583
856,3.79260407407
857,3.16473950607
858,4.70265613519
859,5.21786445594
860,4.35708322696
861,4.34864572717
862,3.3642707512
863,3.47151033191
864,3.4761978318
865,4.37171864327
866,3.66406241055
867,4.36911447667
868,5.39515611828
869,3.35921866799
870,3.87104157216
871,3.36666658447
872,3.61401032843
873,3.62989574471
874,4.32114572784
875,3.56526032962
876,3.96203115327
877,4.14619781544
878,4.57119780507
879,4.22671864681
880,3.84249990619
881,4.1630207317
882,3.35546866808
883,3.35380200145
884,3.43010408292
885,5.02947904388
886,6.13260401694
887,4.16515614831
888,3.344947835
889,3.62619782814
890,3.61421866176
891,3.24166658752
892,4.0605207342
893,4.09526031668
894,4.11645823283
895,5.5582811143
896,8.01093730442
897,5.17317695704
898,5.0559894599
899,9.73244767906
900,4.32083322784
901,3.12552075703
902,3.19364575536
903,3.89317698829
904,3.74526032523
905,3.1308332569
906,3.2453645041
907,3.65802074403
908,3.63630199456
909,3.37286450099
910,3.38411450071
911,4.94713529589
912,5.0530727933
913,4.85416654816
914,6.14979151653
915,3.95614573675
916,3.12578117369
917,3.84109365622
918,4.20833323059
919,4.63427072019
920,4.58713530468
921,5.29083320416
922,3.49671866463
923,3.57473949606
924,4.76348946704
925,3.05885409199
926,3.76281240813
927,3.37036450105
928,3.36302075123
929,3.34911450157
930,3.12161450712
931,4.92901029633
932,4.22770823012
933,3.46526033207
934,3.71437490932
935,3.29562491954
936,4.11072906631
937,3.6482290776
938,3.68796865996
939,4.10260406651
940,5.12317695826
941,5.56281236419
942,3.19796867192
943,3.13661450676
944,6.03046860277
945,3.68640616
946,2.92223951199
947,5.31072903701
948,4.40874989236
949,4.58932280462
950,4.81984363233
951,3.70583324286
952,4.73526030106
953,4.36369781013
954,4.39604155934
955,5.93968735499
956,3.35531241808
957,3.36953116774
958,7.51005189998
959,4.95484362903
960,7.49807273361
961,5.34927070274
962,5.4450519504
963,7.36395815355
964,10.253020583
965,4.86020821468
966,4.12916656586
967,3.84859365604
968,5.62432277935
969,8.79755186855
970,6.24374984756
971,4.3363540608
972,5.41854153438
973,5.85645819035
974,4.27869781221
975,4.79385404963
976,3.27166658679
977,6.33416651202
978,5.6960415276
979,3.12005200716
980,4.55406238882
981,3.35416658478
982,3.94171865377
983,4.94541654593
984,3.68098949347
985,3.35333325146
986,3.42197908312
987,3.1251561737
988,5.27182278796
989,5.31973945346
