frame,wall_ms,frame_wait_ms,scene_advance_ms,view_build_ms,render_submit_ms,gpu_valid,gpu_serial,gpu_ms,process_valid,process_cpu_ms,working_set_bytes,private_bytes,vma_valid,vma_allocation_bytes,vma_peak_allocation_bytes,vma_heap_usage_bytes,vma_heap_budget_bytes,raw_instances,visible_instances,culled_instances,lights,depth_draw_calls,shadow_draw_calls,base_draw_calls,lighting_draw_calls,tone_map_draw_calls,legacy_draw_calls,presenter_draw_calls,draw_calls,total_draw_calls,all_draw_calls,dispatch_count,shadow_faces,shadow_cache_hits,shadow_misses,shadow_batches,asset_upload_bytes,dynamic_lighting_upload_bytes,gather_ms,plan_ms,upload_frame_ms
0,4.28,4.056,0,0.004,0.067,0,0,,1,0,229482496,286486528,1,62503872,62503872,135081984,38823561584,0,0,0,0,0,0,0,0,1,0,1,0,1,2,0,0,0,0,0,0,272,0.002,0.002,0.006
1,0.764,0.603,0,0.004,0.034,0,0,,0,,,,0,,,,,0,0,0,0,0,0,0,0,1,0,1,0,1,2,0,0,0,0,0,0,272,0.001,0.002,0.006
2,0.796,0.74,0,0.002,0.021,0,0,,0,,,,0,,,,,0,0,0,0,0,0,0,0,1,0,1,0,1,2,0,0,0,0,0,0,272,0.001,0,0.002
3,1.479,1.282,0,0.004,0.059,0,0,,0,,,,0,,,,,0,0,0,0,0,0,0,0,1,0,1,0,1,2,0,0,0,0,0,0,272,0.002,0.002,0.008
4,0.921,0.778,0,0.003,0.043,0,0,,0,,,,0,,,,,0,0,0,0,0,0,0,0,1,0,1,0,1,2,0,0,0,0,0,0,272,0.001,0.001,0.004
5,0.956,0.841,0,0.002,0.041,0,0,,0,,,,0,,,,,0,0,0,0,0,0,0,0,1,0,1,0,1,2,0,0,0,0,0,0,272,0.001,0.001,0.004
6,0.976,0.841,0.001,0.003,0.031,0,0,,0,,,,0,,,,,0,0,0,0,0,0,0,0,1,0,1,0,1,2,0,0,0,0,0,0,272,0.002,0.002,0.006
7,0.935,0.824,0,0.003,0.031,0,0,,0,,,,0,,,,,0,0,0,0,0,0,0,0,1,0,1,0,1,2,0,0,0,0,0,0,272,0.001,0.001,0.005
8,4.094,3.935,0,0.004,0.042,0,0,,0,,,,0,,,,,0,0,0,0,0,0,0,0,1,0,1,0,1,2,0,0,0,0,0,0,272,0.002,0.002,0.008
9,1.195,0.948,0,0.005,0.071,0,0,,0,,,,0,,,,,0,0,0,0,0,0,0,0,1,0,1,0,1,2,0,0,0,0,0,0,272,0.002,0.002,0.01
10,0.816,0.688,0,0.002,0.068,0,0,,0,,,,0,,,,,0,0,0,0,0,0,0,0,1,0,1,0,1,2,0,0,0,0,0,0,272,0.001,0.001,0.003
11,1.583,1.432,0.001,0.003,0.05,0,0,,0,,,,0,,,,,0,0,0,0,0,0,0,0,1,0,1,0,1,2,0,0,0,0,0,0,272,0.001,0.001,0.007
12,0.916,0.814,0,0.002,0.042,0,0,,0,,,,0,,,,,0,0,0,0,0,0,0,0,1,0,1,0,1,2,0,0,0,0,0,0,272,0.001,0.001,0.004
13,1.07,0.898,0,0.004,0.052,0,0,,0,,,,0,,,,,0,0,0,0,0,0,0,0,1,0,1,0,1,2,0,0,0,0,0,0,272,0.002,0.001,0.007
14,0.839,0.736,0,0.003,0.025,0,0,,0,,,,0,,,,,0,0,0,0,0,0,0,0,1,0,1,0,1,2,0,0,0,0,0,0,272,0.001,0,0.004
15,0.876,0.816,0.001,0.001,0.019,0,0,,0,,,,0,,,,,0,0,0,0,0,0,0,0,1,0,1,0,1,2,0,0,0,0,0,0,272,0,0.001,0.002
16,1.37,1.25,0,0.002,0.033,0,0,,0,,,,0,,,,,0,0,0,0,0,0,0,0,1,0,1,0,1,2,0,0,0,0,0,0,272,0.001,0.001,0.005
17,1.007,0.881,0,0.002,0.059,0,0,,0,,,,0,,,,,0,0,0,0,0,0,0,0,1,0,1,0,1,2,0,0,0,0,0,0,272,0.001,0.001,0.004
18,1.079,0.926,0,0.003,0.043,0,0,,0,,,,0,,,,,0,0,0,0,0,0,0,0,1,0,1,0,1,2,0,0,0,0,0,0,272,0.002,0.002,0.014
19,0.98,0.819,0.001,0.003,0.045,0,0,,0,,,,0,,,,,0,0,0,0,0,0,0,0,1,0,1,0,1,2,0,0,0,0,0,0,272,0.002,0.002,0.007
20,7.542,7.297,0,0.006,0.063,0,0,,0,,,,0,,,,,0,0,0,0,0,0,0,0,1,0,1,0,1,2,0,0,0,0,0,0,272,0.002,0.003,0.011
21,6.974,6.786,0,0.005,0.036,0,0,,0,,,,0,,,,,0,0,0,0,0,0,0,0,1,0,1,0,1,2,0,0,0,0,0,0,272,0.002,0.003,0.01
22,3.683,3.475,0,0.005,0.052,0,0,,0,,,,0,,,,,0,0,0,0,0,0,0,0,1,0,1,0,1,2,0,0,0,0,0,0,272,0.001,0.003,0.01
23,21.094,20.84,0,0.006,0.064,0,0,,0,,,,0,,,,,0,0,0,0,0,0,0,0,1,0,1,0,1,2,0,0,0,0,0,0,272,0.002,0.003,0.011
24,9.363,9.132,0,0.006,0.06,0,0,,0,,,,0,,,,,0,0,0,0,0,0,0,0,1,0,1,0,1,2,0,0,0,0,0,0,272,0.002,0.003,0.01
25,29.408,29.149,0,0.007,0.059,0,0,,0,,,,0,,,,,0,0,0,0,0,0,0,0,1,0,1,0,1,2,0,0,0,0,0,0,272,0.003,0.004,0.012
26,5.498,5.294,0,0.005,0.049,0,0,,0,,,,0,,,,,0,0,0,0,0,0,0,0,1,0,1,0,1,2,0,0,0,0,0,0,272,0.002,0.003,0.009
27,26.984,26.692,0,0.006,0.071,0,0,,0,,,,0,,,,,0,0,0,0,0,0,0,0,1,0,1,0,1,2,0,0,0,0,0,0,272,0.003,0.003,0.012
28,13.004,12.77,0.001,0.006,0.052,0,0,,0,,,,0,,,,,0,0,0,0,0,0,0,0,1,0,1,0,1,2,0,0,0,0,0,0,272,0.002,0.003,0.011
29,0.861,0.605,0,0.006,0.061,0,0,,0,,,,0,,,,,0,0,0,0,0,0,0,0,1,0,1,0,1,2,0,0,0,0,0,0,272,0.002,0.003,0.012
30,2.696,2.524,0,0.004,0.053,0,0,,1,31.25,229498880,286486528,1,62503872,62503872,135081984,38823561584,0,0,0,0,0,0,0,0,1,0,1,0,1,2,0,0,0,0,0,0,272,0.002,0.001,0.007
31,0.827,0.721,0,0.002,0.036,0,0,,0,,,,0,,,,,0,0,0,0,0,0,0,0,1,0,1,0,1,2,0,0,0,0,0,0,272,0.001,0.001,0.004
32,1.16,0.972,0,0.004,0.052,0,0,,0,,,,0,,,,,0,0,0,0,0,0,0,0,1,0,1,0,1,2,0,0,0,0,0,0,272,0.002,0.002,0.007
33,1.078,0.933,0.001,0.003,0.032,0,0,,0,,,,0,,,,,0,0,0,0,0,0,0,0,1,0,1,0,1,2,0,0,0,0,0,0,272,0.002,0.001,0.006
34,1.124,0.936,0.001,0.004,0.057,0,0,,0,,,,0,,,,,0,0,0,0,0,0,0,0,1,0,1,0,1,2,0,0,0,0,0,0,272,0.002,0.002,0.006
35,0.969,0.859,0,0.003,0.033,0,0,,0,,,,0,,,,,0,0,0,0,0,0,0,0,1,0,1,0,1,2,0,0,0,0,0,0,272,0.001,0.001,0.004
36,3.275,3.071,0.001,0.006,0.048,0,0,,0,,,,0,,,,,0,0,0,0,0,0,0,0,1,0,1,0,1,2,0,0,0,0,0,0,272,0.003,0.003,0.01
37,0.74,0.663,0,0.002,0.026,0,0,,0,,,,0,,,,,0,0,0,0,0,0,0,0,1,0,1,0,1,2,0,0,0,0,0,0,272,0.001,0.001,0.003
38,2.601,2.459,0,0.002,0.057,0,0,,0,,,,0,,,,,0,0,0,0,0,0,0,0,1,0,1,0,1,2,0,0,0,0,0,0,272,0.002,0.001,0.004
39,0.941,0.8,0.001,0.002,0.068,0,0,,0,,,,0,,,,,0,0,0,0,0,0,0,0,1,0,1,0,1,2,0,0,0,0,0,0,272,0.001,0,0.004
40,3.737,3.513,0,0.005,0.066,0,0,,0,,,,0,,,,,0,0,0,0,0,0,0,0,1,0,1,0,1,2,0,0,0,0,0,0,272,0.002,0.003,0.009
41,3.612,3.415,0,0.005,0.053,0,0,,0,,,,0,,,,,0,0,0,0,0,0,0,0,1,0,1,0,1,2,0,0,0,0,0,0,272,0.002,0.003,0.01
42,9.652,9.269,0.001,0.01,0.086,0,0,,0,,,,0,,,,,0,0,0,0,0,0,0,0,1,0,1,0,1,2,0,0,0,0,0,0,272,0.005,0.005,0.018
43,2.813,2.635,0,0.003,0.05,0,0,,0,,,,0,,,,,0,0,0,0,0,0,0,0,1,0,1,0,1,2,0,0,0,0,0,0,272,0.002,0.001,0.007
44,0.963,0.76,0,0.004,0.053,0,0,,0,,,,0,,,,,0,0,0,0,0,0,0,0,1,0,1,0,1,2,0,0,0,0,0,0,272,0.002,0.002,0.007
45,0.969,0.857,0,0.003,0.036,0,0,,0,,,,0,,,,,0,0,0,0,0,0,0,0,1,0,1,0,1,2,0,0,0,0,0,0,272,0.001,0,0.004
46,1.194,1.088,0.001,0.001,0.047,0,0,,0,,,,0,,,,,0,0,0,0,0,0,0,0,1,0,1,0,1,2,0,0,0,0,0,0,272,0,0,0.003
47,1.029,0.857,0.001,0.003,0.044,0,0,,0,,,,0,,,,,0,0,0,0,0,0,0,0,1,0,1,0,1,2,0,0,0,0,0,0,272,0.002,0.002,0.008
48,0.837,0.726,0,0.002,0.051,0,0,,0,,,,0,,,,,0,0,0,0,0,0,0,0,1,0,1,0,1,2,0,0,0,0,0,0,272,0.001,0,0.004
49,1.379,1.238,0.001,0.003,0.043,0,0,,0,,,,0,,,,,0,0,0,0,0,0,0,0,1,0,1,0,1,2,0,0,0,0,0,0,272,0.002,0,0.006
50,0.83,0.737,0,0.002,0.035,0,0,,0,,,,0,,,,,0,0,0,0,0,0,0,0,1,0,1,0,1,2,0,0,0,0,0,0,272,0.001,0.001,0.004
51,1.786,1.661,0,0.002,0.057,0,0,,0,,,,0,,,,,0,0,0,0,0,0,0,0,1,0,1,0,1,2,0,0,0,0,0,0,272,0,0.001,0.004
52,0.898,0.807,0,0.002,0.044,0,0,,0,,,,0,,,,,0,0,0,0,0,0,0,0,1,0,1,0,1,2,0,0,0,0,0,0,272,0.001,0.001,0.003
53,1.144,0.94,0,0.005,0.049,0,0,,0,,,,0,,,,,0,0,0,0,0,0,0,0,1,0,1,0,1,2,0,0,0,0,0,0,272,0.002,0.003,0.008
54,0.665,0.566,0,0.002,0.035,0,0,,0,,,,0,,,,,0,0,0,0,0,0,0,0,1,0,1,0,1,2,0,0,0,0,0,0,272,0.001,0.001,0.003
55,1.016,0.867,0,0.004,0.057,0,0,,0,,,,0,,,,,0,0,0,0,0,0,0,0,1,0,1,0,1,2,0,0,0,0,0,0,272,0.001,0.001,0.005
56,0.924,0.76,0,0.003,0.05,0,0,,0,,,,0,,,,,0,0,0,0,0,0,0,0,1,0,1,0,1,2,0,0,0,0,0,0,272,0.001,0.001,0.005
57,1.404,1.302,0,0.002,0.046,0,0,,0,,,,0,,,,,0,0,0,0,0,0,0,0,1,0,1,0,1,2,0,0,0,0,0,0,272,0.001,0,0.004
58,4.415,4.107,0,0.006,0.051,0,0,,0,,,,0,,,,,0,0,0,0,0,0,0,0,1,0,1,0,1,2,0,0,0,0,0,0,272,0.002,0.002,0.038
59,9.855,9.61,0.001,0.006,0.051,0,0,,0,,,,0,,,,,0,0,0,0,0,0,0,0,1,0,1,0,1,2,0,0,0,0,0,0,272,0.002,0.003,0.01
60,6.746,6.567,0,0.005,0.046,0,0,,1,62.5,229502976,286486528,1,62503872,62503872,135081984,38823561584,0,0,0,0,0,0,0,0,1,0,1,0,1,2,0,0,0,0,0,0,272,0.002,0.002,0.009
61,13.703,13.362,0,0.006,0.121,0,0,,0,,,,0,,,,,0,0,0,0,0,0,0,0,1,0,1,0,1,2,0,0,0,0,0,0,272,0.005,0.004,0.012
62,6.713,6.484,0.001,0.006,0.054,0,0,,0,,,,0,,,,,0,0,0,0,0,0,0,0,1,0,1,0,1,2,0,0,0,0,0,0,272,0.002,0.004,0.01
63,10.654,10.387,0,0.007,0.071,0,0,,0,,,,0,,,,,0,0,0,0,0,0,0,0,1,0,1,0,1,2,0,0,0,0,0,0,272,0.003,0.004,0.012
64,3.992,3.767,0,0.005,0.055,0,0,,0,,,,0,,,,,0,0,0,0,0,0,0,0,1,0,1,0,1,2,0,0,0,0,0,0,272,0.003,0.003,0.01
65,6.739,6.492,0,0.007,0.055,0,0,,0,,,,0,,,,,0,0,0,0,0,0,0,0,1,0,1,0,1,2,0,0,0,0,0,0,272,0.002,0.004,0.012
66,6.915,6.694,0,0.006,0.054,0,0,,0,,,,0,,,,,0,0,0,0,0,0,0,0,1,0,1,0,1,2,0,0,0,0,0,0,272,0.002,0.003,0.01
67,3.61,3.42,0,0.005,0.045,0,0,,0,,,,0,,,,,0,0,0,0,0,0,0,0,1,0,1,0,1,2,0,0,0,0,0,0,272,0.002,0.002,0.009
68,8.484,8.28,0,0.007,0.039,0,0,,0,,,,0,,,,,0,0,0,0,0,0,0,0,1,0,1,0,1,2,0,0,0,0,0,0,272,0.002,0.003,0.011
69,2.303,2.024,0.001,0.005,0.083,0,0,,0,,,,0,,,,,0,0,0,0,0,0,0,0,1,0,1,0,1,2,0,0,0,0,0,0,272,0.003,0.002,0.008
70,0.826,0.655,0,0.003,0.057,0,0,,0,,,,0,,,,,0,0,0,0,0,0,0,0,1,0,1,0,1,2,0,0,0,0,0,0,272,0.001,0.002,0.006
71,1.03,0.874,0,0.004,0.036,0,0,,0,,,,0,,,,,0,0,0,0,0,0,0,0,1,0,1,0,1,2,0,0,0,0,0,0,272,0.002,0.002,0.005
72,1.165,1.063,0,0.002,0.032,0,0,,0,,,,0,,,,,0,0,0,0,0,0,0,0,1,0,1,0,1,2,0,0,0,0,0,0,272,0.001,0.001,0.004
73,1.858,1.726,0,0.003,0.037,0,0,,0,,,,0,,,,,0,0,0,0,0,0,0,0,1,0,1,0,1,2,0,0,0,0,0,0,272,0.002,0.001,0.006
74,2.567,2.438,0,0.003,0.043,0,0,,0,,,,0,,,,,0,0,0,0,0,0,0,0,1,0,1,0,1,2,0,0,0,0,0,0,272,0.002,0.001,0.004
75,0.949,0.855,0,0.002,0.047,0,0,,0,,,,0,,,,,0,0,0,0,0,0,0,0,1,0,1,0,1,2,0,0,0,0,0,0,272,0.001,0.001,0.002
76,0.893,0.818,0,0.002,0.036,0,0,,0,,,,0,,,,,0,0,0,0,0,0,0,0,1,0,1,0,1,2,0,0,0,0,0,0,272,0,0,0.002
77,0.915,0.85,0,0.001,0.031,0,0,,0,,,,0,,,,,0,0,0,0,0,0,0,0,1,0,1,0,1,2,0,0,0,0,0,0,272,0.001,0,0.002
78,0.919,0.85,0,0.001,0.034,0,0,,0,,,,0,,,,,0,0,0,0,0,0,0,0,1,0,1,0,1,2,0,0,0,0,0,0,272,0.001,0,0.002
79,0.951,0.87,0,0.001,0.046,0,0,,0,,,,0,,,,,0,0,0,0,0,0,0,0,1,0,1,0,1,2,0,0,0,0,0,0,272,0.001,0,0.002
80,0.959,0.878,0,0.001,0.039,0,0,,0,,,,0,,,,,0,0,0,0,0,0,0,0,1,0,1,0,1,2,0,0,0,0,0,0,272,0.001,0,0.002
81,0.931,0.85,0,0.001,0.04,0,0,,0,,,,0,,,,,0,0,0,0,0,0,0,0,1,0,1,0,1,2,0,0,0,0,0,0,272,0.001,0,0.003
82,0.916,0.855,0,0.001,0.028,0,0,,0,,,,0,,,,,0,0,0,0,0,0,0,0,1,0,1,0,1,2,0,0,0,0,0,0,272,0,0,0.002
83,0.933,0.874,0,0.001,0.029,0,0,,0,,,,0,,,,,0,0,0,0,0,0,0,0,1,0,1,0,1,2,0,0,0,0,0,0,272,0,0,0.002
84,0.989,0.885,0.001,0.002,0.038,0,0,,0,,,,0,,,,,0,0,0,0,0,0,0,0,1,0,1,0,1,2,0,0,0,0,0,0,272,0.001,0.001,0.004
85,2.393,2.21,0,0.006,0.042,0,0,,0,,,,0,,,,,0,0,0,0,0,0,0,0,1,0,1,0,1,2,0,0,0,0,0,0,272,0.002,0.003,0.007
86,0.859,0.689,0.001,0.003,0.053,0,0,,0,,,,0,,,,,0,0,0,0,0,0,0,0,1,0,1,0,1,2,0,0,0,0,0,0,272,0.002,0.002,0.007
87,0.788,0.66,0,0.003,0.044,0,0,,0,,,,0,,,,,0,0,0,0,0,0,0,0,1,0,1,0,1,2,0,0,0,0,0,0,272,0.002,0.001,0.004
88,1.035,0.857,0,0.003,0.036,0,0,,0,,,,0,,,,,0,0,0,0,0,0,0,0,1,0,1,0,1,2,0,0,0,0,0,0,272,0.001,0.002,0.006
89,1.657,1.487,0,0.003,0.042,0,0,,0,,,,0,,,,,0,0,0,0,0,0,0,0,1,0,1,0,1,2,0,0,0,0,0,0,272,0.001,0.001,0.005
90,3.103,2.988,0,0.002,0.037,0,0,,1,93.75,229511168,286486528,1,62503872,62503872,135081984,38823561584,0,0,0,0,0,0,0,0,1,0,1,0,1,2,0,0,0,0,0,0,272,0.001,0.001,0.004
91,7.477,7.231,0,0.006,0.055,0,0,,0,,,,0,,,,,0,0,0,0,0,0,0,0,1,0,1,0,1,2,0,0,0,0,0,0,272,0.003,0.003,0.011
92,3.698,3.493,0.001,0.004,0.051,0,0,,0,,,,0,,,,,0,0,0,0,0,0,0,0,1,0,1,0,1,2,0,0,0,0,0,0,272,0.002,0.003,0.009
93,6.227,5.994,0,0.005,0.075,0,0,,0,,,,0,,,,,0,0,0,0,0,0,0,0,1,0,1,0,1,2,0,0,0,0,0,0,272,0.002,0.002,0.009
94,0.862,0.777,0,0.002,0.025,0,0,,0,,,,0,,,,,0,0,0,0,0,0,0,0,1,0,1,0,1,2,0,0,0,0,0,0,272,0.001,0.001,0.004
95,1.286,1.204,0,0.002,0.03,0,0,,0,,,,0,,,,,0,0,0,0,0,0,0,0,1,0,1,0,1,2,0,0,0,0,0,0,272,0.001,0,0.003
96,1.862,1.626,0,0.004,0.082,0,0,,0,,,,0,,,,,0,0,0,0,0,0,0,0,1,0,1,0,1,2,0,0,0,0,0,0,272,0.002,0.002,0.011
97,0.662,0.584,0,0.002,0.029,0,0,,0,,,,0,,,,,0,0,0,0,0,0,0,0,1,0,1,0,1,2,0,0,0,0,0,0,272,0.001,0.001,0.002
98,1.279,1.089,0.001,0.015,0.048,0,0,,0,,,,0,,,,,0,0,0,0,0,0,0,0,1,0,1,0,1,2,0,0,0,0,0,0,272,0.004,0.002,0.007
99,0.399,0.311,0,0.002,0.035,0,0,,0,,,,0,,,,,0,0,0,0,0,0,0,0,1,0,1,0,1,2,0,0,0,0,0,0,272,0.001,0.001,0.002
100,0.821,0.702,0,0.003,0.036,0,0,,0,,,,0,,,,,0,0,0,0,0,0,0,0,1,0,1,0,1,2,0,0,0,0,0,0,272,0.002,0.001,0.005
101,1.161,0.989,0,0.004,0.048,0,0,,0,,,,0,,,,,0,0,0,0,0,0,0,0,1,0,1,0,1,2,0,0,0,0,0,0,272,0.002,0.002,0.005
102,0.837,0.652,0,0.004,0.052,0,0,,0,,,,0,,,,,0,0,0,0,0,0,0,0,1,0,1,0,1,2,0,0,0,0,0,0,272,0.002,0.002,0.007
103,0.749,0.618,0,0.003,0.04,0,0,,0,,,,0,,,,,0,0,0,0,0,0,0,0,1,0,1,0,1,2,0,0,0,0,0,0,272,0.001,0.002,0.005
104,0.812,0.714,0,0.001,0.042,0,0,,0,,,,0,,,,,0,0,0,0,0,0,0,0,1,0,1,0,1,2,0,0,0,0,0,0,272,0.001,0.001,0.003
105,1.401,1.266,0,0.004,0.041,0,0,,0,,,,0,,,,,0,0,0,0,0,0,0,0,1,0,1,0,1,2,0,0,0,0,0,0,272,0.002,0.001,0.004
106,0.78,0.699,0,0.001,0.03,0,0,,0,,,,0,,,,,0,0,0,0,0,0,0,0,1,0,1,0,1,2,0,0,0,0,0,0,272,0.001,0.001,0.003
107,0.786,0.724,0,0.001,0.028,0,0,,0,,,,0,,,,,0,0,0,0,0,0,0,0,1,0,1,0,1,2,0,0,0,0,0,0,272,0,0.001,0.002
108,1.592,1.521,0,0.001,0.034,0,0,,0,,,,0,,,,,0,0,0,0,0,0,0,0,1,0,1,0,1,2,0,0,0,0,0,0,272,0,0,0.002
109,0.883,0.808,0,0.002,0.031,0,0,,0,,,,0,,,,,0,0,0,0,0,0,0,0,1,0,1,0,1,2,0,0,0,0,0,0,272,0,0,0.003
110,0.83,0.754,0.001,0.001,0.033,0,0,,0,,,,0,,,,,0,0,0,0,0,0,0,0,1,0,1,0,1,2,0,0,0,0,0,0,272,0,0,0.003
111,0.845,0.767,0,0.002,0.036,0,0,,0,,,,0,,,,,0,0,0,0,0,0,0,0,1,0,1,0,1,2,0,0,0,0,0,0,272,0,0,0.003
112,0.836,0.761,0,0.002,0.033,0,0,,0,,,,0,,,,,0,0,0,0,0,0,0,0,1,0,1,0,1,2,0,0,0,0,0,0,272,0.001,0,0.003
113,0.848,0.77,0,0.001,0.037,0,0,,0,,,,0,,,,,0,0,0,0,0,0,0,0,1,0,1,0,1,2,0,0,0,0,0,0,272,0,0.001,0.003
114,0.815,0.752,0.001,0.001,0.029,0,0,,0,,,,0,,,,,0,0,0,0,0,0,0,0,1,0,1,0,1,2,0,0,0,0,0,0,272,0,0,0.002
115,0.848,0.766,0,0.001,0.029,0,0,,0,,,,0,,,,,0,0,0,0,0,0,0,0,1,0,1,0,1,2,0,0,0,0,0,0,272,0.001,0.001,0.003
116,0.9,0.737,0,0.004,0.048,0,0,,0,,,,0,,,,,0,0,0,0,0,0,0,0,1,0,1,0,1,2,0,0,0,0,0,0,272,0.002,0.002,0.007
117,0.686,0.573,0,0.003,0.04,0,0,,0,,,,0,,,,,0,0,0,0,0,0,0,0,1,0,1,0,1,2,0,0,0,0,0,0,272,0.001,0.001,0.004
118,2.192,2.048,0.001,0.004,0.041,0,0,,0,,,,0,,,,,0,0,0,0,0,0,0,0,1,0,1,0,1,2,0,0,0,0,0,0,272,0.001,0.002,0.006
119,6.017,5.777,0.001,0.005,0.056,0,0,,0,,,,0,,,,,0,0,0,0,0,0,0,0,1,0,1,0,1,2,0,0,0,0,0,0,272,0.003,0.003,0.011
120,1.971,1.807,0.001,0.003,0.054,0,0,,1,93.75,229519360,286486528,1,62503872,62503872,135081984,38823561584,0,0,0,0,0,0,0,0,1,0,1,0,1,2,0,0,0,0,0,0,272,0.002,0.002,0.006
121,0.849,0.738,0,0.002,0.042,0,0,,0,,,,0,,,,,0,0,0,0,0,0,0,0,1,0,1,0,1,2,0,0,0,0,0,0,272,0.001,0.001,0.004
122,0.873,0.777,0,0.002,0.043,0,0,,0,,,,0,,,,,0,0,0,0,0,0,0,0,1,0,1,0,1,2,0,0,0,0,0,0,272,0,0.001,0.003
123,0.911,0.788,0,0.003,0.04,0,0,,0,,,,0,,,,,0,0,0,0,0,0,0,0,1,0,1,0,1,2,0,0,0,0,0,0,272,0.001,0.001,0.006
124,0.922,0.795,0.001,0.002,0.045,0,0,,0,,,,0,,,,,0,0,0,0,0,0,0,0,1,0,1,0,1,2,0,0,0,0,0,0,272,0.001,0.001,0.004
125,0.888,0.782,0,0.001,0.05,0,0,,0,,,,0,,,,,0,0,0,0,0,0,0,0,1,0,1,0,1,2,0,0,0,0,0,0,272,0.001,0,0.002
126,0.979,0.793,0.001,0.004,0.05,0,0,,0,,,,0,,,,,0,0,0,0,0,0,0,0,1,0,1,0,1,2,0,0,0,0,0,0,272,0.002,0.002,0.007
127,0.821,0.707,0,0.003,0.028,0,0,,0,,,,0,,,,,0,0,0,0,0,0,0,0,1,0,1,0,1,2,0,0,0,0,0,0,272,0.002,0.001,0.005
128,0.865,0.774,0,0.002,0.029,0,0,,0,,,,0,,,,,0,0,0,0,0,0,0,0,1,0,1,0,1,2,0,0,0,0,0,0,272,0.001,0.001,0.003
129,1.238,1.064,0.001,0.003,0.056,0,0,,0,,,,0,,,,,0,0,0,0,0,0,0,0,1,0,1,0,1,2,0,0,0,0,0,0,272,0.002,0.002,0.005
130,0.88,0.716,0,0.003,0.052,0,0,,0,,,,0,,,,,0,0,0,0,0,0,0,0,1,0,1,0,1,2,0,0,0,0,0,0,272,0.001,0.001,0.005
131,0.876,0.741,0,0.003,0.052,0,0,,0,,,,0,,,,,0,0,0,0,0,0,0,0,1,0,1,0,1,2,0,0,0,0,0,0,272,0.002,0.001,0.004
132,1.651,1.445,0,0.004,0.063,0,0,,0,,,,0,,,,,0,0,0,0,0,0,0,0,1,0,1,0,1,2,0,0,0,0,0,0,272,0.002,0.002,0.006
133,0.991,0.782,0,0.003,0.072,0,0,,0,,,,0,,,,,0,0,0,0,0,0,0,0,1,0,1,0,1,2,0,0,0,0,0,0,272,0.002,0.002,0.008
134,0.828,0.687,0.001,0.002,0.036,0,0,,0,,,,0,,,,,0,0,0,0,0,0,0,0,1,0,1,0,1,2,0,0,0,0,0,0,272,0.001,0.001,0.005
135,0.812,0.717,0,0.002,0.031,0,0,,0,,,,0,,,,,0,0,0,0,0,0,0,0,1,0,1,0,1,2,0,0,0,0,0,0,272,0.001,0.001,0.003
136,5.102,4.913,0.001,0.004,0.05,0,0,,0,,,,0,,,,,0,0,0,0,0,0,0,0,1,0,1,0,1,2,0,0,0,0,0,0,272,0.002,0.002,0.008
137,3.658,3.48,0,0.004,0.043,0,0,,0,,,,0,,,,,0,0,0,0,0,0,0,0,1,0,1,0,1,2,0,0,0,0,0,0,272,0.002,0.003,0.009
138,3.457,3.244,0.001,0.004,0.065,0,0,,0,,,,0,,,,,0,0,0,0,0,0,0,0,1,0,1,0,1,2,0,0,0,0,0,0,272,0.002,0.002,0.01
139,6.739,6.505,0.001,0.005,0.067,0,0,,0,,,,0,,,,,0,0,0,0,0,0,0,0,1,0,1,0,1,2,0,0,0,0,0,0,272,0.003,0.003,0.009
140,0.73,0.542,0,0.002,0.056,0,0,,0,,,,0,,,,,0,0,0,0,0,0,0,0,1,0,1,0,1,2,0,0,0,0,0,0,272,0.002,0.002,0.008
141,0.476,0.003,0,0.004,0.351,0,0,,0,,,,0,,,,,0,0,0,0,0,0,0,0,1,0,1,0,1,2,0,0,0,0,0,0,272,0.002,0.001,0.007
142,0.439,0.001,0,0.002,0.392,0,0,,0,,,,0,,,,,0,0,0,0,0,0,0,0,1,0,1,0,1,2,0,0,0,0,0,0,272,0.001,0.001,0.003
143,0.339,0.015,0,0.003,0.216,0,0,,0,,,,0,,,,,0,0,0,0,0,0,0,0,1,0,1,0,1,2,0,0,0,0,0,0,272,0.001,0.002,0.005
144,0.512,0.444,0,0.002,0.025,0,0,,0,,,,0,,,,,0,0,0,0,0,0,0,0,1,0,1,0,1,2,0,0,0,0,0,0,272,0.001,0,0.002
145,0.806,0.685,0,0.002,0.024,0,0,,0,,,,0,,,,,0,0,0,0,0,0,0,0,1,0,1,0,1,2,0,0,0,0,0,0,272,0.001,0.001,0.003
146,0.865,0.737,0,0.002,0.035,0,0,,0,,,,0,,,,,0,0,0,0,0,0,0,0,1,0,1,0,1,2,0,0,0,0,0,0,272,0.002,0.001,0.005
147,1.541,1.358,0,0.003,0.056,0,0,,0,,,,0,,,,,0,0,0,0,0,0,0,0,1,0,1,0,1,2,0,0,0,0,0,0,272,0.002,0.002,0.006
148,0.918,0.801,0,0.003,0.042,0,0,,0,,,,0,,,,,0,0,0,0,0,0,0,0,1,0,1,0,1,2,0,0,0,0,0,0,272,0.002,0.001,0.004
149,0.958,0.806,0.001,0.003,0.044,0,0,,0,,,,0,,,,,0,0,0,0,0,0,0,0,1,0,1,0,1,2,0,0,0,0,0,0,272,0.002,0.001,0.004
150,0.907,0.771,0.001,0.003,0.042,0,0,,1,109.375,229527552,286486528,1,62503872,62503872,135081984,38823561584,0,0,0,0,0,0,0,0,1,0,1,0,1,2,0,0,0,0,0,0,272,0.001,0.001,0.005
151,1.547,1.366,0.001,0.003,0.048,0,0,,0,,,,0,,,,,0,0,0,0,0,0,0,0,1,0,1,0,1,2,0,0,0,0,0,0,272,0.002,0.002,0.007
152,0.966,0.873,0,0.002,0.031,0,0,,0,,,,0,,,,,0,0,0,0,0,0,0,0,1,0,1,0,1,2,0,0,0,0,0,0,272,0.001,0.001,0.004
153,1.349,1.259,0.001,0.001,0.029,0,0,,0,,,,0,,,,,0,0,0,0,0,0,0,0,1,0,1,0,1,2,0,0,0,0,0,0,272,0,0,0.004
154,1.133,0.994,0,0.003,0.038,0,0,,0,,,,0,,,,,0,0,0,0,0,0,0,0,1,0,1,0,1,2,0,0,0,0,0,0,272,0.001,0.002,0.005
155,1.39,1.231,0,0.003,0.037,0,0,,0,,,,0,,,,,0,0,0,0,0,0,0,0,1,0,1,0,1,2,0,0,0,0,0,0,272,0.001,0.001,0.006
156,0.998,0.836,0,0.003,0.052,0,0,,0,,,,0,,,,,0,0,0,0,0,0,0,0,1,0,1,0,1,2,0,0,0,0,0,0,272,0.002,0.002,0.005
157,0.855,0.754,0,0.002,0.03,0,0,,0,,,,0,,,,,0,0,0,0,0,0,0,0,1,0,1,0,1,2,0,0,0,0,0,0,272,0.001,0.001,0.003
158,0.883,0.774,0.001,0.002,0.034,0,0,,0,,,,0,,,,,0,0,0,0,0,0,0,0,1,0,1,0,1,2,0,0,0,0,0,0,272,0.001,0.001,0.005
159,0.946,0.835,0,0.003,0.03,0,0,,0,,,,0,,,,,0,0,0,0,0,0,0,0,1,0,1,0,1,2,0,0,0,0,0,0,272,0.001,0,0.004
160,0.894,0.781,0,0.003,0.03,0,0,,0,,,,0,,,,,0,0,0,0,0,0,0,0,1,0,1,0,1,2,0,0,0,0,0,0,272,0.002,0.001,0.005
161,0.961,0.841,0.001,0.002,0.028,0,0,,0,,,,0,,,,,0,0,0,0,0,0,0,0,1,0,1,0,1,2,0,0,0,0,0,0,272,0.001,0.001,0.005
162,1.404,1.269,0,0.002,0.044,0,0,,0,,,,0,,,,,0,0,0,0,0,0,0,0,1,0,1,0,1,2,0,0,0,0,0,0,272,0.002,0.001,0.004
163,0.914,0.789,0,0.002,0.039,0,0,,0,,,,0,,,,,0,0,0,0,0,0,0,0,1,0,1,0,1,2,0,0,0,0,0,0,272,0.001,0.001,0.005
164,0.91,0.81,0,0.002,0.037,0,0,,0,,,,0,,,,,0,0,0,0,0,0,0,0,1,0,1,0,1,2,0,0,0,0,0,0,272,0.001,0.001,0.003
165,0.926,0.827,0,0.001,0.057,0,0,,0,,,,0,,,,,0,0,0,0,0,0,0,0,1,0,1,0,1,2,0,0,0,0,0,0,272,0,0.001,0.002
166,2.65,2.491,0,0.004,0.056,0,0,,0,,,,0,,,,,0,0,0,0,0,0,0,0,1,0,1,0,1,2,0,0,0,0,0,0,272,0.002,0.001,0.006
167,1.02,0.881,0,0.003,0.053,0,0,,0,,,,0,,,,,0,0,0,0,0,0,0,0,1,0,1,0,1,2,0,0,0,0,0,0,272,0.001,0,0.005
168,0.934,0.8,0,0.002,0.056,0,0,,0,,,,0,,,,,0,0,0,0,0,0,0,0,1,0,1,0,1,2,0,0,0,0,0,0,272,0.001,0.001,0.003
169,0.919,0.79,0.001,0.003,0.036,0,0,,0,,,,0,,,,,0,0,0,0,0,0,0,0,1,0,1,0,1,2,0,0,0,0,0,0,272,0.001,0.001,0.005
170,1.794,1.621,0,0.004,0.041,0,0,,0,,,,0,,,,,0,0,0,0,0,0,0,0,1,0,1,0,1,2,0,0,0,0,0,0,272,0.001,0.002,0.009
171,4.279,4.04,0.001,0.004,0.079,0,0,,0,,,,0,,,,,0,0,0,0,0,0,0,0,1,0,1,0,1,2,0,0,0,0,0,0,272,0.002,0.002,0.009
172,1.968,1.714,0.001,0.004,0.109,0,0,,0,,,,0,,,,,0,0,0,0,0,0,0,0,1,0,1,0,1,2,0,0,0,0,0,0,272,0.002,0.002,0.007
173,0.738,0.584,0,0.003,0.045,0,0,,0,,,,0,,,,,0,0,0,0,0,0,0,0,1,0,1,0,1,2,0,0,0,0,0,0,272,0.002,0.001,0.005
174,1.006,0.833,0,0.004,0.056,0,0,,0,,,,0,,,,,0,0,0,0,0,0,0,0,1,0,1,0,1,2,0,0,0,0,0,0,272,0.002,0.002,0.006
175,0.805,0.689,0,0.002,0.043,0,0,,0,,,,0,,,,,0,0,0,0,0,0,0,0,1,0,1,0,1,2,0,0,0,0,0,0,272,0.001,0.001,0.005
176,1.604,1.43,0,0.003,0.052,0,0,,0,,,,0,,,,,0,0,0,0,0,0,0,0,1,0,1,0,1,2,0,0,0,0,0,0,272,0.002,0.002,0.007
177,0.827,0.634,0,0.004,0.058,0,0,,0,,,,0,,,,,0,0,0,0,0,0,0,0,1,0,1,0,1,2,0,0,0,0,0,0,272,0.001,0.002,0.006
178,0.818,0.7,0,0.002,0.046,0,0,,0,,,,0,,,,,0,0,0,0,0,0,0,0,1,0,1,0,1,2,0,0,0,0,0,0,272,0.001,0.001,0.003
179,0.96,0.875,0,0.001,0.033,0,0,,0,,,,0,,,,,0,0,0,0,0,0,0,0,1,0,1,0,1,2,0,0,0,0,0,0,272,0.001,0,0.003
180,1.662,1.512,0,0.003,0.05,0,0,,1,109.375,229535744,286486528,1,62503872,62503872,135081984,38823561584,0,0,0,0,0,0,0,0,1,0,1,0,1,2,0,0,0,0,0,0,272,0.001,0.001,0.005
181,0.782,0.682,0,0.002,0.041,0,0,,0,,,,0,,,,,0,0,0,0,0,0,0,0,1,0,1,0,1,2,0,0,0,0,0,0,272,0,0,0.003
182,0.824,0.754,0,0.002,0.025,0,0,,0,,,,0,,,,,0,0,0,0,0,0,0,0,1,0,1,0,1,2,0,0,0,0,0,0,272,0,0.001,0.003
183,0.799,0.731,0,0.002,0.02,0,0,,0,,,,0,,,,,0,0,0,0,0,0,0,0,1,0,1,0,1,2,0,0,0,0,0,0,272,0,0,0.002
184,1.093,0.929,0,0.004,0.049,0,0,,0,,,,0,,,,,0,0,0,0,0,0,0,0,1,0,1,0,1,2,0,0,0,0,0,0,272,0.002,0.001,0.006
185,0.742,0.654,0,0.002,0.036,0,0,,0,,,,0,,,,,0,0,0,0,0,0,0,0,1,0,1,0,1,2,0,0,0,0,0,0,272,0.001,0,0.003
186,0.833,0.76,0,0.001,0.039,0,0,,0,,,,0,,,,,0,0,0,0,0,0,0,0,1,0,1,0,1,2,0,0,0,0,0,0,272,0.001,0,0.002
187,0.865,0.766,0,0.002,0.032,0,0,,0,,,,0,,,,,0,0,0,0,0,0,0,0,1,0,1,0,1,2,0,0,0,0,0,0,272,0.001,0.001,0.003
188,0.862,0.738,0,0.003,0.039,0,0,,0,,,,0,,,,,0,0,0,0,0,0,0,0,1,0,1,0,1,2,0,0,0,0,0,0,272,0.001,0,0.004
189,0.743,0.674,0,0.002,0.024,0,0,,0,,,,0,,,,,0,0,0,0,0,0,0,0,1,0,1,0,1,2,0,0,0,0,0,0,272,0.001,0,0.003
190,1.206,1.046,0.001,0.003,0.048,0,0,,0,,,,0,,,,,0,0,0,0,0,0,0,0,1,0,1,0,1,2,0,0,0,0,0,0,272,0.001,0.001,0.005
191,0.787,0.661,0,0.002,0.071,0,0,,0,,,,0,,,,,0,0,0,0,0,0,0,0,1,0,1,0,1,2,0,0,0,0,0,0,272,0.001,0.001,0.003
192,0.914,0.71,0.001,0.002,0.075,0,0,,0,,,,0,,,,,0,0,0,0,0,0,0,0,1,0,1,0,1,2,0,0,0,0,0,0,272,0.002,0.003,0.007
193,2.036,1.907,0,0.003,0.039,0,0,,0,,,,0,,,,,0,0,0,0,0,0,0,0,1,0,1,0,1,2,0,0,0,0,0,0,272,0.001,0.001,0.005
194,0.902,0.704,0.001,0.003,0.059,0,0,,0,,,,0,,,,,0,0,0,0,0,0,0,0,1,0,1,0,1,2,0,0,0,0,0,0,272,0.002,0.001,0.007
195,0.693,0.585,0,0.003,0.044,0,0,,0,,,,0,,,,,0,0,0,0,0,0,0,0,1,0,1,0,1,2,0,0,0,0,0,0,272,0.001,0.001,0.003
196,0.744,0.642,0,0.002,0.038,0,0,,0,,,,0,,,,,0,0,0,0,0,0,0,0,1,0,1,0,1,2,0,0,0,0,0,0,272,0.001,0.001,0.003
197,0.853,0.731,0,0.003,0.041,0,0,,0,,,,0,,,,,0,0,0,0,0,0,0,0,1,0,1,0,1,2,0,0,0,0,0,0,272,0.001,0.001,0.004
198,0.898,0.71,0,0.004,0.057,0,0,,0,,,,0,,,,,0,0,0,0,0,0,0,0,1,0,1,0,1,2,0,0,0,0,0,0,272,0.002,0.002,0.007
199,0.772,0.643,0,0.002,0.044,0,0,,0,,,,0,,,,,0,0,0,0,0,0,0,0,1,0,1,0,1,2,0,0,0,0,0,0,272,0.001,0.002,0.004
200,0.776,0.673,0,0.002,0.033,0,0,,0,,,,0,,,,,0,0,0,0,0,0,0,0,1,0,1,0,1,2,0,0,0,0,0,0,272,0.001,0.001,0.004
201,0.861,0.724,0,0.004,0.041,0,0,,0,,,,0,,,,,0,0,0,0,0,0,0,0,1,0,1,0,1,2,0,0,0,0,0,0,272,0.001,0.002,0.004
202,0.746,0.676,0,0.002,0.026,0,0,,0,,,,0,,,,,0,0,0,0,0,0,0,0,1,0,1,0,1,2,0,0,0,0,0,0,272,0.001,0,0.003
203,0.872,0.785,0,0.002,0.029,0,0,,0,,,,0,,,,,0,0,0,0,0,0,0,0,1,0,1,0,1,2,0,0,0,0,0,0,272,0.001,0.001,0.003
204,0.814,0.725,0.001,0.001,0.041,0,0,,0,,,,0,,,,,0,0,0,0,0,0,0,0,1,0,1,0,1,2,0,0,0,0,0,0,272,0.001,0,0.003
205,0.969,0.748,0.001,0.004,0.076,0,0,,0,,,,0,,,,,0,0,0,0,0,0,0,0,1,0,1,0,1,2,0,0,0,0,0,0,272,0.002,0.002,0.006
206,0.63,0.549,0.001,0.002,0.029,0,0,,0,,,,0,,,,,0,0,0,0,0,0,0,0,1,0,1,0,1,2,0,0,0,0,0,0,272,0.001,0.001,0.003
207,1.186,1.09,0,0.001,0.045,0,0,,0,,,,0,,,,,0,0,0,0,0,0,0,0,1,0,1,0,1,2,0,0,0,0,0,0,272,0.001,0.001,0.003
208,0.85,0.765,0,0.001,0.034,0,0,,0,,,,0,,,,,0,0,0,0,0,0,0,0,1,0,1,0,1,2,0,0,0,0,0,0,272,0.001,0,0.002
209,1.005,0.779,0.001,0.005,0.067,0,0,,0,,,,0,,,,,0,0,0,0,0,0,0,0,1,0,1,0,1,2,0,0,0,0,0,0,272,0.002,0.001,0.008
210,0.693,0.509,0,0.004,0.049,0,0,,1,109.375,229543936,286486528,1,62503872,62503872,135081984,38823561584,0,0,0,0,0,0,0,0,1,0,1,0,1,2,0,0,0,0,0,0,272,0.002,0.002,0.007
211,0.482,0.382,0.001,0.002,0.032,0,0,,0,,,,0,,,,,0,0,0,0,0,0,0,0,1,0,1,0,1,2,0,0,0,0,0,0,272,0.001,0.001,0.004
212,1.386,1.289,0,0.002,0.028,0,0,,0,,,,0,,,,,0,0,0,0,0,0,0,0,1,0,1,0,1,2,0,0,0,0,0,0,272,0.001,0,0.003
213,1.616,1.428,0.001,0.003,0.06,0,0,,0,,,,0,,,,,0,0,0,0,0,0,0,0,1,0,1,0,1,2,0,0,0,0,0,0,272,0.002,0.002,0.008
214,0.802,0.634,0,0.004,0.052,0,0,,0,,,,0,,,,,0,0,0,0,0,0,0,0,1,0,1,0,1,2,0,0,0,0,0,0,272,0.001,0.001,0.006
215,0.765,0.627,0,0.003,0.038,0,0,,0,,,,0,,,,,0,0,0,0,0,0,0,0,1,0,1,0,1,2,0,0,0,0,0,0,272,0.002,0.002,0.005
216,1.27,1.114,0.001,0.003,0.05,0,0,,0,,,,0,,,,,0,0,0,0,0,0,0,0,1,0,1,0,1,2,0,0,0,0,0,0,272,0.001,0.001,0.005
217,1.981,1.859,0,0.003,0.046,0,0,,0,,,,0,,,,,0,0,0,0,0,0,0,0,1,0,1,0,1,2,0,0,0,0,0,0,272,0.001,0.001,0.004
218,2.138,2.003,0,0.003,0.047,0,0,,0,,,,0,,,,,0,0,0,0,0,0,0,0,1,0,1,0,1,2,0,0,0,0,0,0,272,0.002,0.001,0.004
219,2.067,1.875,0.001,0.004,0.066,0,0,,0,,,,0,,,,,0,0,0,0,0,0,0,0,1,0,1,0,1,2,0,0,0,0,0,0,272,0.002,0.002,0.007
220,2.681,2.559,0,0.003,0.041,0,0,,0,,,,0,,,,,0,0,0,0,0,0,0,0,1,0,1,0,1,2,0,0,0,0,0,0,272,0.001,0.001,0.004
221,3.492,3.29,0,0.005,0.05,0,0,,0,,,,0,,,,,0,0,0,0,0,0,0,0,1,0,1,0,1,2,0,0,0,0,0,0,272,0.002,0.002,0.008
222,3.591,3.485,0,0.002,0.04,0,0,,0,,,,0,,,,,0,0,0,0,0,0,0,0,1,0,1,0,1,2,0,0,0,0,0,0,272,0.001,0.001,0.003
223,2.506,2.293,0,0.005,0.051,0,0,,0,,,,0,,,,,0,0,0,0,0,0,0,0,1,0,1,0,1,2,0,0,0,0,0,0,272,0.003,0.003,0.009
224,3.036,2.855,0,0.003,0.099,0,0,,0,,,,0,,,,,0,0,0,0,0,0,0,0,1,0,1,0,1,2,0,0,0,0,0,0,272,0.001,0.001,0.005
225,3.078,2.955,0.001,0.003,0.028,0,0,,0,,,,0,,,,,0,0,0,0,0,0,0,0,1,0,1,0,1,2,0,0,0,0,0,0,272,0.001,0.001,0.005
226,5.108,4.888,0,0.005,0.056,0,0,,0,,,,0,,,,,0,0,0,0,0,0,0,0,1,0,1,0,1,2,0,0,0,0,0,0,272,0.002,0.003,0.009
227,6.604,6.328,0,0.006,0.039,0,0,,0,,,,0,,,,,0,0,0,0,0,0,0,0,1,0,1,0,1,2,0,0,0,0,0,0,272,0.003,0.002,0.01
228,0.695,0.577,0,0.003,0.046,0,0,,0,,,,0,,,,,0,0,0,0,0,0,0,0,1,0,1,0,1,2,0,0,0,0,0,0,272,0.001,0,0.004
229,0.913,0.819,0,0.001,0.046,0,0,,0,,,,0,,,,,0,0,0,0,0,0,0,0,1,0,1,0,1,2,0,0,0,0,0,0,272,0.001,0.001,0.003
230,0.887,0.773,0,0.002,0.046,0,0,,0,,,,0,,,,,0,0,0,0,0,0,0,0,1,0,1,0,1,2,0,0,0,0,0,0,272,0.001,0.001,0.003
231,0.948,0.797,0,0.003,0.038,0,0,,0,,,,0,,,,,0,0,0,0,0,0,0,0,1,0,1,0,1,2,0,0,0,0,0,0,272,0.002,0.002,0.006
232,0.852,0.696,0.001,0.003,0.037,0,0,,0,,,,0,,,,,0,0,0,0,0,0,0,0,1,0,1,0,1,2,0,0,0,0,0,0,272,0.002,0.002,0.006
233,1.199,1.036,0,0.004,0.053,0,0,,0,,,,0,,,,,0,0,0,0,0,0,0,0,1,0,1,0,1,2,0,0,0,0,0,0,272,0.002,0.002,0.005
234,0.824,0.744,0,0.002,0.031,0,0,,0,,,,0,,,,,0,0,0,0,0,0,0,0,1,0,1,0,1,2,0,0,0,0,0,0,272,0,0.001,0.003
235,0.939,0.82,0,0.003,0.031,0,0,,0,,,,0,,,,,0,0,0,0,0,0,0,0,1,0,1,0,1,2,0,0,0,0,0,0,272,0.001,0.001,0.004
236,3.883,3.665,0.001,0.004,0.066,0,0,,0,,,,0,,,,,0,0,0,0,0,0,0,0,1,0,1,0,1,2,0,0,0,0,0,0,272,0.002,0.002,0.008
237,0.796,0.693,0,0.002,0.041,0,0,,0,,,,0,,,,,0,0,0,0,0,0,0,0,1,0,1,0,1,2,0,0,0,0,0,0,272,0.001,0.001,0.003
238,0.939,0.814,0,0.002,0.044,0,0,,0,,,,0,,,,,0,0,0,0,0,0,0,0,1,0,1,0,1,2,0,0,0,0,0,0,272,0.001,0.001,0.004
239,0.87,0.791,0,0.001,0.038,0,0,,0,,,,0,,,,,0,0,0,0,0,0,0,0,1,0,1,0,1,2,0,0,0,0,0,0,272,0,0.001,0.002
240,0.903,0.837,0,0.001,0.034,0,0,,1,140.625,229552128,286486528,1,62503872,62503872,135081984,38823561584,0,0,0,0,0,0,0,0,1,0,1,0,1,2,0,0,0,0,0,0,272,0,0.001,0.001
241,1.563,1.372,0,0.004,0.056,0,0,,0,,,,0,,,,,0,0,0,0,0,0,0,0,1,0,1,0,1,2,0,0,0,0,0,0,272,0.002,0.002,0.006
242,0.747,0.658,0,0.002,0.026,0,0,,0,,,,0,,,,,0,0,0,0,0,0,0,0,1,0,1,0,1,2,0,0,0,0,0,0,272,0.001,0.001,0.004
243,0.912,0.777,0,0.002,0.048,0,0,,0,,,,0,,,,,0,0,0,0,0,0,0,0,1,0,1,0,1,2,0,0,0,0,0,0,272,0.002,0.001,0.004
244,0.94,0.702,0,0.003,0.14,0,0,,0,,,,0,,,,,0,0,0,0,0,0,0,0,1,0,1,0,1,2,0,0,0,0,0,0,272,0.002,0.001,0.005
245,0.728,0.599,0,0.003,0.04,0,0,,0,,,,0,,,,,0,0,0,0,0,0,0,0,1,0,1,0,1,2,0,0,0,0,0,0,272,0.002,0.001,0.005
246,0.812,0.673,0,0.003,0.036,0,0,,0,,,,0,,,,,0,0,0,0,0,0,0,0,1,0,1,0,1,2,0,0,0,0,0,0,272,0.002,0.001,0.005
247,1.079,0.983,0.001,0.002,0.037,0,0,,0,,,,0,,,,,0,0,0,0,0,0,0,0,1,0,1,0,1,2,0,0,0,0,0,0,272,0,0.001,0.003
248,0.837,0.741,0,0.003,0.032,0,0,,0,,,,0,,,,,0,0,0,0,0,0,0,0,1,0,1,0,1,2,0,0,0,0,0,0,272,0.001,0.001,0.004
249,0.942,0.786,0,0.003,0.044,0,0,,0,,,,0,,,,,0,0,0,0,0,0,0,0,1,0,1,0,1,2,0,0,0,0,0,0,272,0.001,0.002,0.006
250,0.525,0.458,0,0.001,0.021,0,0,,0,,,,0,,,,,0,0,0,0,0,0,0,0,1,0,1,0,1,2,0,0,0,0,0,0,272,0,0.001,0.003
251,1.602,1.496,0,0.001,0.042,0,0,,0,,,,0,,,,,0,0,0,0,0,0,0,0,1,0,1,0,1,2,0,0,0,0,0,0,272,0,0,0.004
252,2.723,2.552,0,0.004,0.056,0,0,,0,,,,0,,,,,0,0,0,0,0,0,0,0,1,0,1,0,1,2,0,0,0,0,0,0,272,0.002,0.001,0.007
253,0.728,0.642,0,0.002,0.03,0,0,,0,,,,0,,,,,0,0,0,0,0,0,0,0,1,0,1,0,1,2,0,0,0,0,0,0,272,0,0.001,0.002
254,0.813,0.711,0,0.003,0.033,0,0,,0,,,,0,,,,,0,0,0,0,0,0,0,0,1,0,1,0,1,2,0,0,0,0,0,0,272,0.001,0.001,0.004
255,0.804,0.734,0,0.002,0.025,0,0,,0,,,,0,,,,,0,0,0,0,0,0,0,0,1,0,1,0,1,2,0,0,0,0,0,0,272,0.001,0.001,0.003
256,0.898,0.77,0,0.003,0.039,0,0,,0,,,,0,,,,,0,0,0,0,0,0,0,0,1,0,1,0,1,2,0,0,0,0,0,0,272,0.001,0.001,0.005
257,1.448,1.379,0,0.002,0.02,0,0,,0,,,,0,,,,,0,0,0,0,0,0,0,0,1,0,1,0,1,2,0,0,0,0,0,0,272,0,0,0.002
258,1.371,1.202,0.001,0.003,0.044,0,0,,0,,,,0,,,,,0,0,0,0,0,0,0,0,1,0,1,0,1,2,0,0,0,0,0,0,272,0.002,0.002,0.007
259,0.78,0.678,0,0.002,0.03,0,0,,0,,,,0,,,,,0,0,0,0,0,0,0,0,1,0,1,0,1,2,0,0,0,0,0,0,272,0.001,0.001,0.004
260,0.795,0.68,0,0.003,0.026,0,0,,0,,,,0,,,,,0,0,0,0,0,0,0,0,1,0,1,0,1,2,0,0,0,0,0,0,272,0.002,0.001,0.005
261,1.421,1.346,0,0.002,0.026,0,0,,0,,,,0,,,,,0,0,0,0,0,0,0,0,1,0,1,0,1,2,0,0,0,0,0,0,272,0.001,0,0.003
262,0.761,0.638,0,0.003,0.04,0,0,,0,,,,0,,,,,0,0,0,0,0,0,0,0,1,0,1,0,1,2,0,0,0,0,0,0,272,0.001,0.002,0.004
263,0.89,0.709,0,0.003,0.076,0,0,,0,,,,0,,,,,0,0,0,0,0,0,0,0,1,0,1,0,1,2,0,0,0,0,0,0,272,0.002,0.001,0.005
264,0.85,0.611,0.001,0.002,0.103,0,0,,0,,,,0,,,,,0,0,0,0,0,0,0,0,1,0,1,0,1,2,0,0,0,0,0,0,272,0.002,0.001,0.023
265,0.769,0.685,0,0.002,0.021,0,0,,0,,,,0,,,,,0,0,0,0,0,0,0,0,1,0,1,0,1,2,0,0,0,0,0,0,272,0,0,0.003
266,6.204,6,0.001,0.004,0.056,0,0,,0,,,,0,,,,,0,0,0,0,0,0,0,0,1,0,1,0,1,2,0,0,0,0,0,0,272,0.001,0.002,0.009
267,4.529,4.277,0.001,0.057,0.051,0,0,,0,,,,0,,,,,0,0,0,0,0,0,0,0,1,0,1,0,1,2,0,0,0,0,0,0,272,0.003,0.002,0.009
268,0.719,0.457,0,0.002,0.064,0,0,,0,,,,0,,,,,0,0,0,0,0,0,0,0,1,0,1,0,1,2,0,0,0,0,0,0,272,0.001,0.001,0.004
269,0.572,0.472,0,0.002,0.032,0,0,,0,,,,0,,,,,0,0,0,0,0,0,0,0,1,0,1,0,1,2,0,0,0,0,0,0,272,0.001,0.001,0.004
270,0.77,0.613,0,0.003,0.049,0,0,,1,203.125,229560320,286486528,1,62503872,62503872,135081984,38823561584,0,0,0,0,0,0,0,0,1,0,1,0,1,2,0,0,0,0,0,0,272,0.002,0.002,0.005
271,1.072,0.768,0,0.003,0.061,0,0,,0,,,,0,,,,,0,0,0,0,0,0,0,0,1,0,1,0,1,2,0,0,0,0,0,0,272,0.003,0.001,0.005
272,0.653,0.394,0,0.002,0.17,0,0,,0,,,,0,,,,,0,0,0,0,0,0,0,0,1,0,1,0,1,2,0,0,0,0,0,0,272,0.001,0.001,0.004
273,0.658,0.511,0,0.002,0.054,0,0,,0,,,,0,,,,,0,0,0,0,0,0,0,0,1,0,1,0,1,2,0,0,0,0,0,0,272,0.001,0.002,0.007
274,0.675,0.54,0.001,0.002,0.046,0,0,,0,,,,0,,,,,0,0,0,0,0,0,0,0,1,0,1,0,1,2,0,0,0,0,0,0,272,0.001,0.001,0.005
275,0.721,0.603,0,0.002,0.037,0,0,,0,,,,0,,,,,0,0,0,0,0,0,0,0,1,0,1,0,1,2,0,0,0,0,0,0,272,0.001,0.001,0.004
276,0.709,0.627,0,0.002,0.03,0,0,,0,,,,0,,,,,0,0,0,0,0,0,0,0,1,0,1,0,1,2,0,0,0,0,0,0,272,0.001,0.001,0.003
277,0.795,0.671,0,0.003,0.029,0,0,,0,,,,0,,,,,0,0,0,0,0,0,0,0,1,0,1,0,1,2,0,0,0,0,0,0,272,0.002,0.001,0.004
278,3.348,3.225,0,0.002,0.035,0,0,,0,,,,0,,,,,0,0,0,0,0,0,0,0,1,0,1,0,1,2,0,0,0,0,0,0,272,0.001,0.001,0.005
279,0.736,0.631,0,0.002,0.042,0,0,,0,,,,0,,,,,0,0,0,0,0,0,0,0,1,0,1,0,1,2,0,0,0,0,0,0,272,0.001,0.001,0.004
280,0.724,0.64,0,0.001,0.038,0,0,,0,,,,0,,,,,0,0,0,0,0,0,0,0,1,0,1,0,1,2,0,0,0,0,0,0,272,0.001,0,0.003
281,0.759,0.67,0,0.001,0.04,0,0,,0,,,,0,,,,,0,0,0,0,0,0,0,0,1,0,1,0,1,2,0,0,0,0,0,0,272,0.001,0,0.003
282,1.302,1.161,0,0.004,0.035,0,0,,0,,,,0,,,,,0,0,0,0,0,0,0,0,1,0,1,0,1,2,0,0,0,0,0,0,272,0.001,0.002,0.006
283,0.952,0.831,0,0.002,0.029,0,0,,0,,,,0,,,,,0,0,0,0,0,0,0,0,1,0,1,0,1,2,0,0,0,0,0,0,272,0.001,0.001,0.003
284,1.834,1.674,0,0.002,0.06,0,0,,0,,,,0,,,,,0,0,0,0,0,0,0,0,1,0,1,0,1,2,0,0,0,0,0,0,272,0.002,0.001,0.005
285,1.865,1.623,0,0.004,0.089,0,0,,0,,,,0,,,,,0,0,0,0,0,0,0,0,1,0,1,0,1,2,0,0,0,0,0,0,272,0.002,0.003,0.008
286,1.43,1.236,0,0.004,0.043,0,0,,0,,,,0,,,,,0,0,0,0,0,0,0,0,1,0,1,0,1,2,0,0,0,0,0,0,272,0.002,0.002,0.023
287,2.272,2.086,0,0.004,0.05,0,0,,0,,,,0,,,,,0,0,0,0,0,0,0,0,1,0,1,0,1,2,0,0,0,0,0,0,272,0.001,0.002,0.007
288,6.793,6.556,0.001,0.005,0.064,0,0,,0,,,,0,,,,,0,0,0,0,0,0,0,0,1,0,1,0,1,2,0,0,0,0,0,0,272,0.003,0.002,0.01
289,2.518,2.377,0,0.003,0.05,0,0,,0,,,,0,,,,,0,0,0,0,0,0,0,0,1,0,1,0,1,2,0,0,0,0,0,0,272,0.002,0.001,0.006
290,1.216,1.099,0,0.003,0.042,0,0,,0,,,,0,,,,,0,0,0,0,0,0,0,0,1,0,1,0,1,2,0,0,0,0,0,0,272,0.001,0,0.004
291,0.847,0.635,0,0.002,0.055,0,0,,0,,,,0,,,,,0,0,0,0,0,0,0,0,1,0,1,0,1,2,0,0,0,0,0,0,272,0.004,0.002,0.009
292,0.587,0.472,0,0.002,0.035,0,0,,0,,,,0,,,,,0,0,0,0,0,0,0,0,1,0,1,0,1,2,0,0,0,0,0,0,272,0.001,0.001,0.004
293,0.962,0.865,0,0.002,0.04,0,0,,0,,,,0,,,,,0,0,0,0,0,0,0,0,1,0,1,0,1,2,0,0,0,0,0,0,272,0.001,0.001,0.003
294,0.721,0.642,0,0.001,0.034,0,0,,0,,,,0,,,,,0,0,0,0,0,0,0,0,1,0,1,0,1,2,0,0,0,0,0,0,272,0.001,0,0.003
295,0.757,0.671,0.001,0.001,0.036,0,0,,0,,,,0,,,,,0,0,0,0,0,0,0,0,1,0,1,0,1,2,0,0,0,0,0,0,272,0,0,0.003
296,0.737,0.661,0,0.001,0.033,0,0,,0,,,,0,,,,,0,0,0,0,0,0,0,0,1,0,1,0,1,2,0,0,0,0,0,0,272,0,0,0.003
297,0.746,0.671,0,0.001,0.029,0,0,,0,,,,0,,,,,0,0,0,0,0,0,0,0,1,0,1,0,1,2,0,0,0,0,0,0,272,0,0.001,0.004
298,0.698,0.631,0,0.001,0.025,0,0,,0,,,,0,,,,,0,0,0,0,0,0,0,0,1,0,1,0,1,2,0,0,0,0,0,0,272,0.001,0,0.003
299,2.895,2.808,0.001,0.001,0.037,0,0,,0,,,,0,,,,,0,0,0,0,0,0,0,0,1,0,1,0,1,2,0,0,0,0,0,0,272,0,0,0.003
300,0.717,0.65,0,0,0.037,0,0,,1,203.125,229568512,286486528,1,62503872,62503872,135081984,38823561584,0,0,0,0,0,0,0,0,1,0,1,0,1,2,0,0,0,0,0,0,272,0,0,0.003
301,0.852,0.688,0,0.004,0.044,0,0,,0,,,,0,,,,,0,0,0,0,0,0,0,0,1,0,1,0,1,2,0,0,0,0,0,0,272,0.002,0.002,0.007
302,0.81,0.724,0,0.002,0.035,0,0,,0,,,,0,,,,,0,0,0,0,0,0,0,0,1,0,1,0,1,2,0,0,0,0,0,0,272,0,0,0.003
303,1.004,0.825,0,0.004,0.052,0,0,,0,,,,0,,,,,0,0,0,0,0,0,0,0,1,0,1,0,1,2,0,0,0,0,0,0,272,0.002,0.002,0.005
304,1.31,1.147,0.001,0.003,0.057,0,0,,0,,,,0,,,,,0,0,0,0,0,0,0,0,1,0,1,0,1,2,0,0,0,0,0,0,272,0.001,0.001,0.005
305,0.695,0.605,0,0.002,0.044,0,0,,0,,,,0,,,,,0,0,0,0,0,0,0,0,1,0,1,0,1,2,0,0,0,0,0,0,272,0.001,0.001,0.002
306,0.928,0.86,0,0.001,0.032,0,0,,0,,,,0,,,,,0,0,0,0,0,0,0,0,1,0,1,0,1,2,0,0,0,0,0,0,272,0,0,0.002
307,0.961,0.836,0.001,0.001,0.049,0,0,,0,,,,0,,,,,0,0,0,0,0,0,0,0,1,0,1,0,1,2,0,0,0,0,0,0,272,0.002,0,0.004
308,0.887,0.781,0,0.003,0.027,0,0,,0,,,,0,,,,,0,0,0,0,0,0,0,0,1,0,1,0,1,2,0,0,0,0,0,0,272,0.002,0.001,0.004
309,0.849,0.743,0,0.003,0.031,0,0,,0,,,,0,,,,,0,0,0,0,0,0,0,0,1,0,1,0,1,2,0,0,0,0,0,0,272,0.001,0.001,0.004
310,1.166,1.067,0,0.002,0.026,0,0,,0,,,,0,,,,,0,0,0,0,0,0,0,0,1,0,1,0,1,2,0,0,0,0,0,0,272,0.001,0.002,0.003
311,0.9,0.837,0.001,0.001,0.031,0,0,,0,,,,0,,,,,0,0,0,0,0,0,0,0,1,0,1,0,1,2,0,0,0,0,0,0,272,0,0.001,0.001
312,0.953,0.845,0,0.003,0.041,0,0,,0,,,,0,,,,,0,0,0,0,0,0,0,0,1,0,1,0,1,2,0,0,0,0,0,0,272,0.001,0.001,0.003
313,0.849,0.76,0,0.002,0.041,0,0,,0,,,,0,,,,,0,0,0,0,0,0,0,0,1,0,1,0,1,2,0,0,0,0,0,0,272,0,0.001,0.002
314,3.649,3.472,0,0.004,0.053,0,0,,0,,,,0,,,,,0,0,0,0,0,0,0,0,1,0,1,0,1,2,0,0,0,0,0,0,272,0.001,0.002,0.007
315,0.808,0.717,0,0.002,0.04,0,0,,0,,,,0,,,,,0,0,0,0,0,0,0,0,1,0,1,0,1,2,0,0,0,0,0,0,272,0.001,0,0.003
316,0.965,0.814,0.001,0.003,0.046,0,0,,0,,,,0,,,,,0,0,0,0,0,0,0,0,1,0,1,0,1,2,0,0,0,0,0,0,272,0.002,0.001,0.005
317,0.855,0.743,0,0.003,0.046,0,0,,0,,,,0,,,,,0,0,0,0,0,0,0,0,1,0,1,0,1,2,0,0,0,0,0,0,272,0.001,0,0.003
318,0.911,0.8,0,0.002,0.027,0,0,,0,,,,0,,,,,0,0,0,0,0,0,0,0,1,0,1,0,1,2,0,0,0,0,0,0,272,0.002,0.001,0.003
319,1.647,1.512,0.001,0.003,0.041,0,0,,0,,,,0,,,,,0,0,0,0,0,0,0,0,1,0,1,0,1,2,0,0,0,0,0,0,272,0.002,0.001,0.004
320,0.957,0.817,0,0.003,0.046,0,0,,0,,,,0,,,,,0,0,0,0,0,0,0,0,1,0,1,0,1,2,0,0,0,0,0,0,272,0.001,0.001,0.004
321,0.791,0.697,0,0.002,0.039,0,0,,0,,,,0,,,,,0,0,0,0,0,0,0,0,1,0,1,0,1,2,0,0,0,0,0,0,272,0.001,0.001,0.003
322,0.917,0.772,0.001,0.003,0.04,0,0,,0,,,,0,,,,,0,0,0,0,0,0,0,0,1,0,1,0,1,2,0,0,0,0,0,0,272,0.001,0.001,0.005
323,0.796,0.636,0,0.004,0.045,0,0,,0,,,,0,,,,,0,0,0,0,0,0,0,0,1,0,1,0,1,2,0,0,0,0,0,0,272,0.002,0.001,0.006
324,1.26,1.162,0,0.002,0.032,0,0,,0,,,,0,,,,,0,0,0,0,0,0,0,0,1,0,1,0,1,2,0,0,0,0,0,0,272,0.001,0.001,0.004
325,0.841,0.765,0,0.002,0.029,0,0,,0,,,,0,,,,,0,0,0,0,0,0,0,0,1,0,1,0,1,2,0,0,0,0,0,0,272,0,0,0.002
326,0.824,0.759,0,0.001,0.03,0,0,,0,,,,0,,,,,0,0,0,0,0,0,0,0,1,0,1,0,1,2,0,0,0,0,0,0,272,0,0,0.002
327,0.84,0.76,0.001,0.001,0.04,0,0,,0,,,,0,,,,,0,0,0,0,0,0,0,0,1,0,1,0,1,2,0,0,0,0,0,0,272,0.001,0,0.003
328,0.757,0.701,0.001,0,0.024,0,0,,0,,,,0,,,,,0,0,0,0,0,0,0,0,1,0,1,0,1,2,0,0,0,0,0,0,272,0,0.001,0.002
329,3.522,3.36,0,0.004,0.048,0,0,,0,,,,0,,,,,0,0,0,0,0,0,0,0,1,0,1,0,1,2,0,0,0,0,0,0,272,0.001,0.001,0.006
330,0.833,0.727,0,0.002,0.034,0,0,,1,203.125,229576704,286486528,1,62503872,62503872,135081984,38823561584,0,0,0,0,0,0,0,0,1,0,1,0,1,2,0,0,0,0,0,0,272,0.001,0.001,0.004
331,0.773,0.68,0.001,0.001,0.034,0,0,,0,,,,0,,,,,0,0,0,0,0,0,0,0,1,0,1,0,1,2,0,0,0,0,0,0,272,0.001,0.001,0.003
332,0.873,0.786,0,0.001,0.03,0,0,,0,,,,0,,,,,0,0,0,0,0,0,0,0,1,0,1,0,1,2,0,0,0,0,0,0,272,0.001,0,0.002
333,1.498,1.371,0,0.002,0.05,0,0,,0,,,,0,,,,,0,0,0,0,0,0,0,0,1,0,1,0,1,2,0,0,0,0,0,0,272,0.001,0.001,0.003
334,0.914,0.832,0.001,0.001,0.031,0,0,,0,,,,0,,,,,0,0,0,0,0,0,0,0,1,0,1,0,1,2,0,0,0,0,0,0,272,0.001,0,0.002
335,0.913,0.826,0,0.001,0.035,0,0,,0,,,,0,,,,,0,0,0,0,0,0,0,0,1,0,1,0,1,2,0,0,0,0,0,0,272,0.001,0.001,0.002
336,0.895,0.804,0,0.001,0.037,0,0,,0,,,,0,,,,,0,0,0,0,0,0,0,0,1,0,1,0,1,2,0,0,0,0,0,0,272,0.001,0.001,0.003
337,1.125,0.853,0,0.005,0.099,0,0,,0,,,,0,,,,,0,0,0,0,0,0,0,0,1,0,1,0,1,2,0,0,0,0,0,0,272,0.002,0.002,0.008
338,0.669,0.532,0,0.004,0.04,0,0,,0,,,,0,,,,,0,0,0,0,0,0,0,0,1,0,1,0,1,2,0,0,0,0,0,0,272,0.001,0.001,0.004
339,1.061,0.928,0,0.003,0.05,0,0,,0,,,,0,,,,,0,0,0,0,0,0,0,0,1,0,1,0,1,2,0,0,0,0,0,0,272,0.001,0.001,0.004
340,0.823,0.703,0,0.002,0.055,0,0,,0,,,,0,,,,,0,0,0,0,0,0,0,0,1,0,1,0,1,2,0,0,0,0,0,0,272,0.001,0.001,0.004
341,0.909,0.723,0,0.004,0.059,0,0,,0,,,,0,,,,,0,0,0,0,0,0,0,0,1,0,1,0,1,2,0,0,0,0,0,0,272,0.001,0.001,0.005
342,0.802,0.642,0,0.004,0.044,0,0,,0,,,,0,,,,,0,0,0,0,0,0,0,0,1,0,1,0,1,2,0,0,0,0,0,0,272,0.002,0.002,0.006
343,0.772,0.644,0,0.003,0.031,0,0,,0,,,,0,,,,,0,0,0,0,0,0,0,0,1,0,1,0,1,2,0,0,0,0,0,0,272,0.001,0.002,0.004
344,3.302,3.18,0,0.002,0.044,0,0,,0,,,,0,,,,,0,0,0,0,0,0,0,0,1,0,1,0,1,2,0,0,0,0,0,0,272,0.001,0.001,0.003
345,0.801,0.692,0,0.002,0.04,0,0,,0,,,,0,,,,,0,0,0,0,0,0,0,0,1,0,1,0,1,2,0,0,0,0,0,0,272,0.001,0.001,0.003
346,0.915,0.727,0,0.004,0.061,0,0,,0,,,,0,,,,,0,0,0,0,0,0,0,0,1,0,1,0,1,2,0,0,0,0,0,0,272,0.002,0.002,0.005
347,0.669,0.572,0,0.002,0.031,0,0,,0,,,,0,,,,,0,0,0,0,0,0,0,0,1,0,1,0,1,2,0,0,0,0,0,0,272,0.001,0.001,0.003
348,0.858,0.718,0.001,0.002,0.046,0,0,,0,,,,0,,,,,0,0,0,0,0,0,0,0,1,0,1,0,1,2,0,0,0,0,0,0,272,0.001,0.001,0.004
349,1.357,1.25,0,0.002,0.031,0,0,,0,,,,0,,,,,0,0,0,0,0,0,0,0,1,0,1,0,1,2,0,0,0,0,0,0,272,0.001,0,0.003
350,0.867,0.738,0.001,0.002,0.047,0,0,,0,,,,0,,,,,0,0,0,0,0,0,0,0,1,0,1,0,1,2,0,0,0,0,0,0,272,0.001,0,0.005
351,0.842,0.682,0,0.003,0.048,0,0,,0,,,,0,,,,,0,0,0,0,0,0,0,0,1,0,1,0,1,2,0,0,0,0,0,0,272,0.001,0.001,0.005
352,0.737,0.634,0,0.002,0.036,0,0,,0,,,,0,,,,,0,0,0,0,0,0,0,0,1,0,1,0,1,2,0,0,0,0,0,0,272,0.001,0,0.004
353,0.861,0.725,0,0.003,0.04,0,0,,0,,,,0,,,,,0,0,0,0,0,0,0,0,1,0,1,0,1,2,0,0,0,0,0,0,272,0.001,0.002,0.004
354,1.01,0.835,0,0.004,0.044,0,0,,0,,,,0,,,,,0,0,0,0,0,0,0,0,1,0,1,0,1,2,0,0,0,0,0,0,272,0.002,0.001,0.007
355,1.002,0.87,0,0.003,0.046,0,0,,0,,,,0,,,,,0,0,0,0,0,0,0,0,1,0,1,0,1,2,0,0,0,0,0,0,272,0.002,0.001,0.004
356,0.756,0.66,0,0.002,0.031,0,0,,0,,,,0,,,,,0,0,0,0,0,0,0,0,1,0,1,0,1,2,0,0,0,0,0,0,272,0.001,0.001,0.004
357,0.852,0.724,0,0.003,0.038,0,0,,0,,,,0,,,,,0,0,0,0,0,0,0,0,1,0,1,0,1,2,0,0,0,0,0,0,272,0.001,0.001,0.004
358,0.734,0.636,0,0.002,0.03,0,0,,0,,,,0,,,,,0,0,0,0,0,0,0,0,1,0,1,0,1,2,0,0,0,0,0,0,272,0.002,0,0.004
359,1.602,1.491,0.001,0.002,0.037,0,0,,0,,,,0,,,,,0,0,0,0,0,0,0,0,1,0,1,0,1,2,0,0,0,0,0,0,272,0.001,0.001,0.004
360,3.019,2.899,0,0.002,0.04,0,0,,1,203.125,229584896,286486528,1,62503872,62503872,135081984,38823561584,0,0,0,0,0,0,0,0,1,0,1,0,1,2,0,0,0,0,0,0,272,0.001,0.002,0.004
361,0.904,0.809,0.001,0.001,0.04,0,0,,0,,,,0,,,,,0,0,0,0,0,0,0,0,1,0,1,0,1,2,0,0,0,0,0,0,272,0.001,0,0.003
362,1.083,0.809,0.001,0.004,0.086,0,0,,0,,,,0,,,,,0,0,0,0,0,0,0,0,1,0,1,0,1,2,0,0,0,0,0,0,272,0.002,0.002,0.007
363,0.665,0.567,0,0.002,0.036,0,0,,0,,,,0,,,,,0,0,0,0,0,0,0,0,1,0,1,0,1,2,0,0,0,0,0,0,272,0.001,0.001,0.009
364,1.508,1.42,0,0.002,0.022,0,0,,0,,,,0,,,,,0,0,0,0,0,0,0,0,1,0,1,0,1,2,0,0,0,0,0,0,272,0.001,0.001,0.004
365,1.111,0.987,0,0.002,0.051,0,0,,0,,,,0,,,,,0,0,0,0,0,0,0,0,1,0,1,0,1,2,0,0,0,0,0,0,272,0.002,0.001,0.004
366,0.847,0.779,0,0.001,0.029,0,0,,0,,,,0,,,,,0,0,0,0,0,0,0,0,1,0,1,0,1,2,0,0,0,0,0,0,272,0,0,0.003
367,0.992,0.845,0,0.003,0.053,0,0,,0,,,,0,,,,,0,0,0,0,0,0,0,0,1,0,1,0,1,2,0,0,0,0,0,0,272,0.001,0.001,0.005
368,0.919,0.751,0,0.004,0.052,0,0,,0,,,,0,,,,,0,0,0,0,0,0,0,0,1,0,1,0,1,2,0,0,0,0,0,0,272,0.002,0.002,0.006
369,0.779,0.7,0,0.002,0.02,0,0,,0,,,,0,,,,,0,0,0,0,0,0,0,0,1,0,1,0,1,2,0,0,0,0,0,0,272,0.001,0.001,0.003
370,1.2,1.114,0,0.002,0.029,0,0,,0,,,,0,,,,,0,0,0,0,0,0,0,0,1,0,1,0,1,2,0,0,0,0,0,0,272,0.001,0.001,0.003
371,0.969,0.885,0,0.001,0.025,0,0,,0,,,,0,,,,,0,0,0,0,0,0,0,0,1,0,1,0,1,2,0,0,0,0,0,0,272,0,0,0.004
372,1.079,0.998,0,0.002,0.024,0,0,,0,,,,0,,,,,0,0,0,0,0,0,0,0,1,0,1,0,1,2,0,0,0,0,0,0,272,0.001,0,0.003
373,8.801,8.553,0,0.007,0.057,0,0,,0,,,,0,,,,,0,0,0,0,0,0,0,0,1,0,1,0,1,2,0,0,0,0,0,0,272,0.004,0.003,0.011
374,3.148,2.997,0.001,0.003,0.039,0,0,,0,,,,0,,,,,0,0,0,0,0,0,0,0,1,0,1,0,1,2,0,0,0,0,0,0,272,0.002,0.002,0.007
375,9.824,9.567,0,0.005,0.08,0,0,,0,,,,0,,,,,0,0,0,0,0,0,0,0,1,0,1,0,1,2,0,0,0,0,0,0,272,0.003,0.003,0.011
376,0.775,0.552,0,0.003,0.084,0,0,,0,,,,0,,,,,0,0,0,0,0,0,0,0,1,0,1,0,1,2,0,0,0,0,0,0,272,0.002,0.003,0.009
377,0.732,0.592,0,0.003,0.055,0,0,,0,,,,0,,,,,0,0,0,0,0,0,0,0,1,0,1,0,1,2,0,0,0,0,0,0,272,0.001,0.001,0.004
378,0.784,0.675,0,0.002,0.037,0,0,,0,,,,0,,,,,0,0,0,0,0,0,0,0,1,0,1,0,1,2,0,0,0,0,0,0,272,0.001,0.001,0.004
379,0.843,0.726,0,0.003,0.033,0,0,,0,,,,0,,,,,0,0,0,0,0,0,0,0,1,0,1,0,1,2,0,0,0,0,0,0,272,0.001,0.002,0.005
380,0.818,0.699,0,0.002,0.043,0,0,,0,,,,0,,,,,0,0,0,0,0,0,0,0,1,0,1,0,1,2,0,0,0,0,0,0,272,0,0.001,0.004
381,0.832,0.707,0,0.002,0.044,0,0,,0,,,,0,,,,,0,0,0,0,0,0,0,0,1,0,1,0,1,2,0,0,0,0,0,0,272,0.001,0.001,0.004
382,0.94,0.719,0.001,0.002,0.051,0,0,,0,,,,0,,,,,0,0,0,0,0,0,0,0,1,0,1,0,1,2,0,0,0,0,0,0,272,0.001,0,0.003
383,0.697,0.487,0.001,0.004,0.093,0,0,,0,,,,0,,,,,0,0,0,0,0,0,0,0,1,0,1,0,1,2,0,0,0,0,0,0,272,0.001,0.002,0.006
384,0.722,0.611,0,0.002,0.028,0,0,,0,,,,0,,,,,0,0,0,0,0,0,0,0,1,0,1,0,1,2,0,0,0,0,0,0,272,0.001,0.002,0.004
385,0.935,0.853,0,0.003,0.024,0,0,,0,,,,0,,,,,0,0,0,0,0,0,0,0,1,0,1,0,1,2,0,0,0,0,0,0,272,0.001,0.001,0.003
386,1.077,0.889,0,0.003,0.035,0,0,,0,,,,0,,,,,0,0,0,0,0,0,0,0,1,0,1,0,1,2,0,0,0,0,0,0,272,0.002,0.002,0.004
387,0.898,0.786,0,0.003,0.027,0,0,,0,,,,0,,,,,0,0,0,0,0,0,0,0,1,0,1,0,1,2,0,0,0,0,0,0,272,0.001,0.001,0.004
388,1.075,0.913,0.001,0.003,0.04,0,0,,0,,,,0,,,,,0,0,0,0,0,0,0,0,1,0,1,0,1,2,0,0,0,0,0,0,272,0.002,0.001,0.006
389,2.403,2.159,0,0.005,0.067,0,0,,0,,,,0,,,,,0,0,0,0,0,0,0,0,1,0,1,0,1,2,0,0,0,0,0,0,272,0.002,0.002,0.009
390,0.628,0.519,0,0.003,0.026,0,0,,1,203.125,229593088,286486528,1,62503872,62503872,135081984,38823561584,0,0,0,0,0,0,0,0,1,0,1,0,1,2,0,0,0,0,0,0,272,0.001,0.001,0.005
391,0.88,0.71,0,0.003,0.058,0,0,,0,,,,0,,,,,0,0,0,0,0,0,0,0,1,0,1,0,1,2,0,0,0,0,0,0,272,0.002,0.001,0.006
392,0.694,0.61,0,0.002,0.026,0,0,,0,,,,0,,,,,0,0,0,0,0,0,0,0,1,0,1,0,1,2,0,0,0,0,0,0,272,0.001,0.001,0.002
393,0.886,0.699,0.001,0.003,0.058,0,0,,0,,,,0,,,,,0,0,0,0,0,0,0,0,1,0,1,0,1,2,0,0,0,0,0,0,272,0.002,0.003,0.006
394,0.875,0.763,0,0.002,0.042,0,0,,0,,,,0,,,,,0,0,0,0,0,0,0,0,1,0,1,0,1,2,0,0,0,0,0,0,272,0.001,0.001,0.003
395,0.811,0.7,0,0.002,0.044,0,0,,0,,,,0,,,,,0,0,0,0,0,0,0,0,1,0,1,0,1,2,0,0,0,0,0,0,272,0.001,0.001,0.003
396,0.818,0.69,0,0.003,0.042,0,0,,0,,,,0,,,,,0,0,0,0,0,0,0,0,1,0,1,0,1,2,0,0,0,0,0,0,272,0.001,0.001,0.005
397,0.815,0.685,0,0.003,0.044,0,0,,0,,,,0,,,,,0,0,0,0,0,0,0,0,1,0,1,0,1,2,0,0,0,0,0,0,272,0.002,0.001,0.006
398,0.789,0.677,0,0.002,0.051,0,0,,0,,,,0,,,,,0,0,0,0,0,0,0,0,1,0,1,0,1,2,0,0,0,0,0,0,272,0,0,0.004
399,0.88,0.698,0.001,0.003,0.057,0,0,,0,,,,0,,,,,0,0,0,0,0,0,0,0,1,0,1,0,1,2,0,0,0,0,0,0,272,0.002,0.002,0.005
400,0.833,0.673,0.001,0.002,0.061,0,0,,0,,,,0,,,,,0,0,0,0,0,0,0,0,1,0,1,0,1,2,0,0,0,0,0,0,272,0.002,0.001,0.005
401,0.937,0.734,0,0.004,0.067,0,0,,0,,,,0,,,,,0,0,0,0,0,0,0,0,1,0,1,0,1,2,0,0,0,0,0,0,272,0.002,0.001,0.006
402,0.992,0.837,0.001,0.003,0.037,0,0,,0,,,,0,,,,,0,0,0,0,0,0,0,0,1,0,1,0,1,2,0,0,0,0,0,0,272,0.002,0.001,0.005
403,1.196,1.044,0,0.032,0.055,0,0,,0,,,,0,,,,,0,0,0,0,0,0,0,0,1,0,1,0,1,2,0,0,0,0,0,0,272,0.002,0.001,0.004
404,0.922,0.786,0,0.002,0.033,0,0,,0,,,,0,,,,,0,0,0,0,0,0,0,0,1,0,1,0,1,2,0,0,0,0,0,0,272,0.002,0.001,0.006
405,0.814,0.714,0,0.002,0.025,0,0,,0,,,,0,,,,,0,0,0,0,0,0,0,0,1,0,1,0,1,2,0,0,0,0,0,0,272,0.001,0.001,0.004
406,2.633,2.454,0,0.004,0.051,0,0,,0,,,,0,,,,,0,0,0,0,0,0,0,0,1,0,1,0,1,2,0,0,0,0,0,0,272,0.002,0.001,0.006
407,0.862,0.728,0,0.002,0.044,0,0,,0,,,,0,,,,,0,0,0,0,0,0,0,0,1,0,1,0,1,2,0,0,0,0,0,0,272,0.001,0.001,0.004
408,0.845,0.764,0,0.001,0.032,0,0,,0,,,,0,,,,,0,0,0,0,0,0,0,0,1,0,1,0,1,2,0,0,0,0,0,0,272,0.001,0,0.003
409,0.885,0.822,0,0.001,0.03,0,0,,0,,,,0,,,,,0,0,0,0,0,0,0,0,1,0,1,0,1,2,0,0,0,0,0,0,272,0.001,0,0.002
410,1.035,0.875,0,0.004,0.046,0,0,,0,,,,0,,,,,0,0,0,0,0,0,0,0,1,0,1,0,1,2,0,0,0,0,0,0,272,0.002,0.001,0.006
411,0.849,0.737,0,0.002,0.042,0,0,,0,,,,0,,,,,0,0,0,0,0,0,0,0,1,0,1,0,1,2,0,0,0,0,0,0,272,0.002,0.001,0.004
412,0.89,0.789,0,0.002,0.035,0,0,,0,,,,0,,,,,0,0,0,0,0,0,0,0,1,0,1,0,1,2,0,0,0,0,0,0,272,0.001,0,0.012
413,1.014,0.825,0,0.003,0.081,0,0,,0,,,,0,,,,,0,0,0,0,0,0,0,0,1,0,1,0,1,2,0,0,0,0,0,0,272,0.002,0.001,0.004
414,0.676,0.557,0,0.002,0.054,0,0,,0,,,,0,,,,,0,0,0,0,0,0,0,0,1,0,1,0,1,2,0,0,0,0,0,0,272,0.001,0.001,0.003
415,0.82,0.722,0,0.002,0.029,0,0,,0,,,,0,,,,,0,0,0,0,0,0,0,0,1,0,1,0,1,2,0,0,0,0,0,0,272,0,0.001,0.003
416,0.856,0.738,0,0.002,0.034,0,0,,0,,,,0,,,,,0,0,0,0,0,0,0,0,1,0,1,0,1,2,0,0,0,0,0,0,272,0.001,0.001,0.004
417,1.011,0.756,0,0.005,0.041,0,0,,0,,,,0,,,,,0,0,0,0,0,0,0,0,1,0,1,0,1,2,0,0,0,0,0,0,272,0.002,0.002,0.007
418,1.315,1.138,0,0.003,0.045,0,0,,0,,,,0,,,,,0,0,0,0,0,0,0,0,1,0,1,0,1,2,0,0,0,0,0,0,272,0.003,0.002,0.006
419,0.817,0.662,0.001,0.002,0.067,0,0,,0,,,,0,,,,,0,0,0,0,0,0,0,0,1,0,1,0,1,2,0,0,0,0,0,0,272,0.001,0.001,0.004
420,0.85,0.672,0.001,0.003,0.051,0,0,,1,203.125,229662720,286486528,1,62503872,62503872,135081984,38823561584,0,0,0,0,0,0,0,0,1,0,1,0,1,2,0,0,0,0,0,0,272,0.002,0.002,0.006
421,0.788,0.622,0,0.003,0.067,0,0,,0,,,,0,,,,,0,0,0,0,0,0,0,0,1,0,1,0,1,2,0,0,0,0,0,0,272,0.001,0.001,0.005
422,0.812,0.664,0,0.002,0.069,0,0,,0,,,,0,,,,,0,0,0,0,0,0,0,0,1,0,1,0,1,2,0,0,0,0,0,0,272,0.001,0.002,0.003
423,1.151,1.024,0,0.003,0.037,0,0,,0,,,,0,,,,,0,0,0,0,0,0,0,0,1,0,1,0,1,2,0,0,0,0,0,0,272,0.001,0.001,0.004
424,0.788,0.671,0.001,0.002,0.04,0,0,,0,,,,0,,,,,0,0,0,0,0,0,0,0,1,0,1,0,1,2,0,0,0,0,0,0,272,0.001,0.001,0.004
425,0.774,0.708,0,0.001,0.028,0,0,,0,,,,0,,,,,0,0,0,0,0,0,0,0,1,0,1,0,1,2,0,0,0,0,0,0,272,0.001,0,0.002
426,0.808,0.763,0.001,0,0.024,0,0,,0,,,,0,,,,,0,0,0,0,0,0,0,0,1,0,1,0,1,2,0,0,0,0,0,0,272,0,0,0.002
427,0.891,0.796,0,0.001,0.051,0,0,,0,,,,0,,,,,0,0,0,0,0,0,0,0,1,0,1,0,1,2,0,0,0,0,0,0,272,0.001,0,0.003
428,0.895,0.726,0,0.003,0.054,0,0,,0,,,,0,,,,,0,0,0,0,0,0,0,0,1,0,1,0,1,2,0,0,0,0,0,0,272,0.002,0.002,0.005
429,0.729,0.628,0,0.002,0.038,0,0,,0,,,,0,,,,,0,0,0,0,0,0,0,0,1,0,1,0,1,2,0,0,0,0,0,0,272,0.001,0,0.003
430,0.863,0.727,0,0.002,0.046,0,0,,0,,,,0,,,,,0,0,0,0,0,0,0,0,1,0,1,0,1,2,0,0,0,0,0,0,272,0.001,0.001,0.004
431,0.817,0.69,0,0.003,0.035,0,0,,0,,,,0,,,,,0,0,0,0,0,0,0,0,1,0,1,0,1,2,0,0,0,0,0,0,272,0.001,0,0.005
432,0.807,0.652,0,0.003,0.041,0,0,,0,,,,0,,,,,0,0,0,0,0,0,0,0,1,0,1,0,1,2,0,0,0,0,0,0,272,0.002,0.002,0.005
433,1.414,1.305,0,0.002,0.045,0,0,,0,,,,0,,,,,0,0,0,0,0,0,0,0,1,0,1,0,1,2,0,0,0,0,0,0,272,0.001,0.001,0.003
434,0.827,0.722,0,0.002,0.03,0,0,,0,,,,0,,,,,0,0,0,0,0,0,0,0,1,0,1,0,1,2,0,0,0,0,0,0,272,0.001,0.001,0.004
435,0.955,0.793,0.001,0.003,0.056,0,0,,0,,,,0,,,,,0,0,0,0,0,0,0,0,1,0,1,0,1,2,0,0,0,0,0,0,272,0.002,0.002,0.005
436,0.798,0.708,0,0.002,0.027,0,0,,0,,,,0,,,,,0,0,0,0,0,0,0,0,1,0,1,0,1,2,0,0,0,0,0,0,272,0.002,0.001,0.003
437,1.058,0.971,0,0.002,0.023,0,0,,0,,,,0,,,,,0,0,0,0,0,0,0,0,1,0,1,0,1,2,0,0,0,0,0,0,272,0,0,0.003
438,0.903,0.793,0,0.003,0.033,0,0,,0,,,,0,,,,,0,0,0,0,0,0,0,0,1,0,1,0,1,2,0,0,0,0,0,0,272,0.002,0.001,0.004
439,0.894,0.72,0,0.004,0.052,0,0,,0,,,,0,,,,,0,0,0,0,0,0,0,0,1,0,1,0,1,2,0,0,0,0,0,0,272,0.001,0.001,0.006
440,0.878,0.622,0.001,0.003,0.13,0,0,,0,,,,0,,,,,0,0,0,0,0,0,0,0,1,0,1,0,1,2,0,0,0,0,0,0,272,0.001,0.001,0.006
441,2.66,2.521,0,0.003,0.029,0,0,,0,,,,0,,,,,0,0,0,0,0,0,0,0,1,0,1,0,1,2,0,0,0,0,0,0,272,0.001,0.001,0.006
442,6.705,2.842,0,0.004,0.116,0,0,,0,,,,0,,,,,0,0,0,0,0,0,0,0,1,0,1,0,1,2,0,0,0,0,0,0,272,0.008,0.002,0.033
443,0.132,0.002,0,0.005,0.029,0,0,,0,,,,0,,,,,0,0,0,0,0,0,0,0,1,0,1,0,1,2,0,0,0,0,0,0,272,0.001,0.001,0.005
444,2.37,2.191,0,0.005,0.049,0,0,,0,,,,0,,,,,0,0,0,0,0,0,0,0,1,0,1,0,1,2,0,0,0,0,0,0,272,0.002,0.002,0.008
445,1.399,1.141,0.001,0.005,0.038,0,0,,0,,,,0,,,,,0,0,0,0,0,0,0,0,1,0,1,0,1,2,0,0,0,0,0,0,272,0.002,0.002,0.067
446,2.095,1.988,0.001,0.003,0.025,0,0,,0,,,,0,,,,,0,0,0,0,0,0,0,0,1,0,1,0,1,2,0,0,0,0,0,0,272,0.002,0.002,0.005
447,4.118,3.905,0.001,0.005,0.045,0,0,,0,,,,0,,,,,0,0,0,0,0,0,0,0,1,0,1,0,1,2,0,0,0,0,0,0,272,0.004,0.002,0.008
448,2.369,2.22,0,0.003,0.05,0,0,,0,,,,0,,,,,0,0,0,0,0,0,0,0,1,0,1,0,1,2,0,0,0,0,0,0,272,0.001,0.002,0.006
449,2.512,2.25,0.001,0.019,0.066,0,0,,0,,,,0,,,,,0,0,0,0,0,0,0,0,1,0,1,0,1,2,0,0,0,0,0,0,272,0.003,0.003,0.011
450,2.516,2.338,0.001,0.004,0.034,0,0,,1,218.75,229662720,286486528,1,62503872,62503872,135081984,38823561584,0,0,0,0,0,0,0,0,1,0,1,0,1,2,0,0,0,0,0,0,272,0.003,0.002,0.008
451,4.442,4.225,0.001,0.005,0.049,0,0,,0,,,,0,,,,,0,0,0,0,0,0,0,0,1,0,1,0,1,2,0,0,0,0,0,0,272,0.002,0.003,0.009
452,1.148,0.926,0,0.005,0.051,0,0,,0,,,,0,,,,,0,0,0,0,0,0,0,0,1,0,1,0,1,2,0,0,0,0,0,0,272,0.002,0.002,0.009
453,0.816,0.622,0.001,0.002,0.097,0,0,,0,,,,0,,,,,0,0,0,0,0,0,0,0,1,0,1,0,1,2,0,0,0,0,0,0,272,0.002,0.001,0.005
454,1.325,1.14,0,0.004,0.052,0,0,,0,,,,0,,,,,0,0,0,0,0,0,0,0,1,0,1,0,1,2,0,0,0,0,0,0,272,0.002,0.002,0.006
455,0.782,0.647,0,0.002,0.052,0,0,,0,,,,0,,,,,0,0,0,0,0,0,0,0,1,0,1,0,1,2,0,0,0,0,0,0,272,0.001,0,0.004
456,0.757,0.676,0,0.001,0.032,0,0,,0,,,,0,,,,,0,0,0,0,0,0,0,0,1,0,1,0,1,2,0,0,0,0,0,0,272,0.001,0,0.003
457,1.003,0.829,0,0.004,0.057,0,0,,0,,,,0,,,,,0,0,0,0,0,0,0,0,1,0,1,0,1,2,0,0,0,0,0,0,272,0.002,0.001,0.005
458,0.682,0.475,0,0.003,0.082,0,0,,0,,,,0,,,,,0,0,0,0,0,0,0,0,1,0,1,0,1,2,0,0,0,0,0,0,272,0.002,0.002,0.006
459,0.707,0.562,0,0.003,0.056,0,0,,0,,,,0,,,,,0,0,0,0,0,0,0,0,1,0,1,0,1,2,0,0,0,0,0,0,272,0.001,0.001,0.005
460,0.899,0.735,0,0.003,0.067,0,0,,0,,,,0,,,,,0,0,0,0,0,0,0,0,1,0,1,0,1,2,0,0,0,0,0,0,272,0.002,0.001,0.005
461,0.803,0.533,0.001,0.003,0.094,0,0,,0,,,,0,,,,,0,0,0,0,0,0,0,0,1,0,1,0,1,2,0,0,0,0,0,0,272,0.003,0.001,0.031
462,0.94,0.76,0,0.004,0.03,0,0,,0,,,,0,,,,,0,0,0,0,0,0,0,0,1,0,1,0,1,2,0,0,0,0,0,0,272,0.002,0.001,0.006
463,0.86,0.736,0,0.003,0.035,0,0,,0,,,,0,,,,,0,0,0,0,0,0,0,0,1,0,1,0,1,2,0,0,0,0,0,0,272,0.001,0.002,0.004
464,1.07,0.923,0,0.002,0.052,0,0,,0,,,,0,,,,,0,0,0,0,0,0,0,0,1,0,1,0,1,2,0,0,0,0,0,0,272,0.001,0.001,0.004
465,1.213,1.018,0.001,0.003,0.093,0,0,,0,,,,0,,,,,0,0,0,0,0,0,0,0,1,0,1,0,1,2,0,0,0,0,0,0,272,0.002,0.001,0.005
466,0.735,0.549,0,0.004,0.039,0,0,,0,,,,0,,,,,0,0,0,0,0,0,0,0,1,0,1,0,1,2,0,0,0,0,0,0,272,0.002,0.001,0.004
467,0.709,0.569,0.001,0.002,0.053,0,0,,0,,,,0,,,,,0,0,0,0,0,0,0,0,1,0,1,0,1,2,0,0,0,0,0,0,272,0.001,0,0.004
468,0.98,0.852,0,0.003,0.045,0,0,,0,,,,0,,,,,0,0,0,0,0,0,0,0,1,0,1,0,1,2,0,0,0,0,0,0,272,0.001,0.001,0.005
469,0.715,0.497,0,0.004,0.077,0,0,,0,,,,0,,,,,0,0,0,0,0,0,0,0,1,0,1,0,1,2,0,0,0,0,0,0,272,0.003,0.002,0.007
470,0.729,0.521,0,0.003,0.074,0,0,,0,,,,0,,,,,0,0,0,0,0,0,0,0,1,0,1,0,1,2,0,0,0,0,0,0,272,0.002,0.001,0.006
471,0.911,0.703,0,0.004,0.09,0,0,,0,,,,0,,,,,0,0,0,0,0,0,0,0,1,0,1,0,1,2,0,0,0,0,0,0,272,0.002,0.002,0.005
472,1.45,1.279,0,0.003,0.044,0,0,,0,,,,0,,,,,0,0,0,0,0,0,0,0,1,0,1,0,1,2,0,0,0,0,0,0,272,0.003,0.002,0.005
473,0.773,0.572,0,0.003,0.103,0,0,,0,,,,0,,,,,0,0,0,0,0,0,0,0,1,0,1,0,1,2,0,0,0,0,0,0,272,0.002,0.001,0.005
474,0.745,0.58,0,0.003,0.066,0,0,,0,,,,0,,,,,0,0,0,0,0,0,0,0,1,0,1,0,1,2,0,0,0,0,0,0,272,0.002,0.001,0.005
475,0.841,0.629,0.001,0.003,0.061,0,0,,0,,,,0,,,,,0,0,0,0,0,0,0,0,1,0,1,0,1,2,0,0,0,0,0,0,272,0.002,0.001,0.005
476,0.638,0.552,0,0.002,0.026,0,0,,0,,,,0,,,,,0,0,0,0,0,0,0,0,1,0,1,0,1,2,0,0,0,0,0,0,272,0.001,0.001,0.003
477,0.946,0.727,0.001,0.004,0.071,0,0,,0,,,,0,,,,,0,0,0,0,0,0,0,0,1,0,1,0,1,2,0,0,0,0,0,0,272,0.003,0.002,0.008
478,0.715,0.531,0.001,0.002,0.068,0,0,,0,,,,0,,,,,0,0,0,0,0,0,0,0,1,0,1,0,1,2,0,0,0,0,0,0,272,0.002,0.002,0.004
479,0.723,0.543,0,0.003,0.077,0,0,,0,,,,0,,,,,0,0,0,0,0,0,0,0,1,0,1,0,1,2,0,0,0,0,0,0,272,0.002,0.001,0.005
480,0.783,0.618,0,0.004,0.04,0,0,,1,250,229662720,286486528,1,62503872,62503872,135081984,38823561584,0,0,0,0,0,0,0,0,1,0,1,0,1,2,0,0,0,0,0,0,272,0.002,0.002,0.006
481,0.693,0.533,0,0.003,0.051,0,0,,0,,,,0,,,,,0,0,0,0,0,0,0,0,1,0,1,0,1,2,0,0,0,0,0,0,272,0.001,0.001,0.004
482,1.386,1.214,0,0.003,0.065,0,0,,0,,,,0,,,,,0,0,0,0,0,0,0,0,1,0,1,0,1,2,0,0,0,0,0,0,272,0.002,0.001,0.004
483,0.879,0.664,0,0.004,0.09,0,0,,0,,,,0,,,,,0,0,0,0,0,0,0,0,1,0,1,0,1,2,0,0,0,0,0,0,272,0.002,0.001,0.005
484,0.689,0.56,0,0.003,0.036,0,0,,0,,,,0,,,,,0,0,0,0,0,0,0,0,1,0,1,0,1,2,0,0,0,0,0,0,272,0.001,0.001,0.005
485,0.918,0.687,0,0.003,0.092,0,0,,0,,,,0,,,,,0,0,0,0,0,0,0,0,1,0,1,0,1,2,0,0,0,0,0,0,272,0.001,0.001,0.005
486,0.705,0.499,0,0.004,0.051,0,0,,0,,,,0,,,,,0,0,0,0,0,0,0,0,1,0,1,0,1,2,0,0,0,0,0,0,272,0.003,0.001,0.006
487,1.064,0.841,0.001,0.003,0.078,0,0,,0,,,,0,,,,,0,0,0,0,0,0,0,0,1,0,1,0,1,2,0,0,0,0,0,0,272,0.002,0.001,0.005
488,0.776,0.513,0.001,0.003,0.091,0,0,,0,,,,0,,,,,0,0,0,0,0,0,0,0,1,0,1,0,1,2,0,0,0,0,0,0,272,0.003,0.001,0.006
489,0.675,0.493,0.001,0.003,0.059,0,0,,0,,,,0,,,,,0,0,0,0,0,0,0,0,1,0,1,0,1,2,0,0,0,0,0,0,272,0.002,0.001,0.006
490,0.806,0.61,0,0.004,0.067,0,0,,0,,,,0,,,,,0,0,0,0,0,0,0,0,1,0,1,0,1,2,0,0,0,0,0,0,272,0.002,0.001,0.005
491,1.785,1.605,0.001,0.003,0.054,0,0,,0,,,,0,,,,,0,0,0,0,0,0,0,0,1,0,1,0,1,2,0,0,0,0,0,0,272,0.002,0.001,0.005
492,1.972,1.814,0.001,0.002,0.067,0,0,,0,,,,0,,,,,0,0,0,0,0,0,0,0,1,0,1,0,1,2,0,0,0,0,0,0,272,0.002,0.001,0.005
493,1.962,1.771,0.001,0.005,0.071,0,0,,0,,,,0,,,,,0,0,0,0,0,0,0,0,1,0,1,0,1,2,0,0,0,0,0,0,272,0.003,0.002,0.006
494,1.866,1.715,0,0.003,0.048,0,0,,0,,,,0,,,,,0,0,0,0,0,0,0,0,1,0,1,0,1,2,0,0,0,0,0,0,272,0.001,0.002,0.006
495,1.719,1.587,0,0.003,0.048,0,0,,0,,,,0,,,,,0,0,0,0,0,0,0,0,1,0,1,0,1,2,0,0,0,0,0,0,272,0.001,0.001,0.006
496,3.261,3.06,0.001,0.004,0.055,0,0,,0,,,,0,,,,,0,0,0,0,0,0,0,0,1,0,1,0,1,2,0,0,0,0,0,0,272,0.001,0.003,0.021
497,1.928,1.713,0,0.004,0.071,0,0,,0,,,,0,,,,,0,0,0,0,0,0,0,0,1,0,1,0,1,2,0,0,0,0,0,0,272,0.001,0.002,0.007
498,2.476,2.34,0,0.003,0.034,0,0,,0,,,,0,,,,,0,0,0,0,0,0,0,0,1,0,1,0,1,2,0,0,0,0,0,0,272,0.002,0.002,0.007
499,4.28,4.029,0.001,0.005,0.081,0,0,,0,,,,0,,,,,0,0,0,0,0,0,0,0,1,0,1,0,1,2,0,0,0,0,0,0,272,0.002,0.003,0.009
500,2.144,1.928,0,0.004,0.057,0,0,,0,,,,0,,,,,0,0,0,0,0,0,0,0,1,0,1,0,1,2,0,0,0,0,0,0,272,0.002,0.002,0.008
501,2.671,2.513,0,0.003,0.047,0,0,,0,,,,0,,,,,0,0,0,0,0,0,0,0,1,0,1,0,1,2,0,0,0,0,0,0,272,0.002,0.001,0.007
502,3.732,3.57,0,0.003,0.046,0,0,,0,,,,0,,,,,0,0,0,0,0,0,0,0,1,0,1,0,1,2,0,0,0,0,0,0,272,0.002,0.002,0.007
503,2.427,2.254,0,0.004,0.043,0,0,,0,,,,0,,,,,0,0,0,0,0,0,0,0,1,0,1,0,1,2,0,0,0,0,0,0,272,0.002,0.002,0.007
504,5.273,5.105,0.001,0.002,0.054,0,0,,0,,,,0,,,,,0,0,0,0,0,0,0,0,1,0,1,0,1,2,0,0,0,0,0,0,272,0.001,0.001,0.007
505,1.007,0.859,0.001,0.002,0.051,0,0,,0,,,,0,,,,,0,0,0,0,0,0,0,0,1,0,1,0,1,2,0,0,0,0,0,0,272,0.002,0.001,0.005
506,0.844,0.691,0,0.003,0.06,0,0,,0,,,,0,,,,,0,0,0,0,0,0,0,0,1,0,1,0,1,2,0,0,0,0,0,0,272,0.002,0.001,0.005
507,0.777,0.593,0,0.003,0.062,0,0,,0,,,,0,,,,,0,0,0,0,0,0,0,0,1,0,1,0,1,2,0,0,0,0,0,0,272,0.019,0.001,0.005
508,0.766,0.626,0,0.003,0.042,0,0,,0,,,,0,,,,,0,0,0,0,0,0,0,0,1,0,1,0,1,2,0,0,0,0,0,0,272,0.002,0.001,0.006
509,0.784,0.637,0.001,0.003,0.044,0,0,,0,,,,0,,,,,0,0,0,0,0,0,0,0,1,0,1,0,1,2,0,0,0,0,0,0,272,0.002,0.001,0.005
510,1.465,1.306,0,0.002,0.064,0,0,,1,250,229662720,286486528,1,62503872,62503872,135081984,38823561584,0,0,0,0,0,0,0,0,1,0,1,0,1,2,0,0,0,0,0,0,272,0.001,0.001,0.005
511,0.825,0.65,0,0.004,0.052,0,0,,0,,,,0,,,,,0,0,0,0,0,0,0,0,1,0,1,0,1,2,0,0,0,0,0,0,272,0.002,0.001,0.006
512,0.858,0.658,0.001,0.004,0.061,0,0,,0,,,,0,,,,,0,0,0,0,0,0,0,0,1,0,1,0,1,2,0,0,0,0,0,0,272,0.002,0.003,0.006
513,0.696,0.556,0,0.004,0.036,0,0,,0,,,,0,,,,,0,0,0,0,0,0,0,0,1,0,1,0,1,2,0,0,0,0,0,0,272,0.002,0.002,0.005
514,0.893,0.638,0.001,0.004,0.098,0,0,,0,,,,0,,,,,0,0,0,0,0,0,0,0,1,0,1,0,1,2,0,0,0,0,0,0,272,0.002,0.001,0.006
515,0.954,0.813,0,0.002,0.067,0,0,,0,,,,0,,,,,0,0,0,0,0,0,0,0,1,0,1,0,1,2,0,0,0,0,0,0,272,0,0,0.013
516,0.909,0.677,0,0.003,0.115,0,0,,0,,,,0,,,,,0,0,0,0,0,0,0,0,1,0,1,0,1,2,0,0,0,0,0,0,272,0.002,0.001,0.006
517,0.704,0.562,0,0.001,0.073,0,0,,0,,,,0,,,,,0,0,0,0,0,0,0,0,1,0,1,0,1,2,0,0,0,0,0,0,272,0.001,0.001,0.003
518,0.847,0.684,0.001,0.003,0.043,0,0,,0,,,,0,,,,,0,0,0,0,0,0,0,0,1,0,1,0,1,2,0,0,0,0,0,0,272,0.002,0.001,0.007
519,1.391,1.168,0,0.003,0.069,0,0,,0,,,,0,,,,,0,0,0,0,0,0,0,0,1,0,1,0,1,2,0,0,0,0,0,0,272,0.004,0.001,0.005
520,0.695,0.544,0.001,0.002,0.054,0,0,,0,,,,0,,,,,0,0,0,0,0,0,0,0,1,0,1,0,1,2,0,0,0,0,0,0,272,0.002,0.001,0.005
521,0.79,0.664,0,0.003,0.037,0,0,,0,,,,0,,,,,0,0,0,0,0,0,0,0,1,0,1,0,1,2,0,0,0,0,0,0,272,0.003,0.001,0.004
522,0.86,0.679,0,0.003,0.07,0,0,,0,,,,0,,,,,0,0,0,0,0,0,0,0,1,0,1,0,1,2,0,0,0,0,0,0,272,0.002,0.002,0.005
523,0.708,0.614,0,0.002,0.036,0,0,,0,,,,0,,,,,0,0,0,0,0,0,0,0,1,0,1,0,1,2,0,0,0,0,0,0,272,0.001,0.001,0.003
524,0.986,0.734,0,0.004,0.125,0,0,,0,,,,0,,,,,0,0,0,0,0,0,0,0,1,0,1,0,1,2,0,0,0,0,0,0,272,0.002,0.001,0.006
525,0.765,0.533,0.001,0.003,0.103,0,0,,0,,,,0,,,,,0,0,0,0,0,0,0,0,1,0,1,0,1,2,0,0,0,0,0,0,272,0.002,0.002,0.005
526,0.745,0.553,0.001,0.003,0.075,0,0,,0,,,,0,,,,,0,0,0,0,0,0,0,0,1,0,1,0,1,2,0,0,0,0,0,0,272,0.002,0.001,0.005
527,0.744,0.597,0,0.003,0.04,0,0,,0,,,,0,,,,,0,0,0,0,0,0,0,0,1,0,1,0,1,2,0,0,0,0,0,0,272,0.002,0.002,0.005
528,0.898,0.647,0.001,0.003,0.141,0,0,,0,,,,0,,,,,0,0,0,0,0,0,0,0,1,0,1,0,1,2,0,0,0,0,0,0,272,0.002,0.002,0.005
529,0.772,0.299,0.001,0.002,0.387,0,0,,0,,,,0,,,,,0,0,0,0,0,0,0,0,1,0,1,0,1,2,0,0,0,0,0,0,272,0.001,0.001,0.004
530,1.033,0.675,0,0.004,0.225,0,0,,0,,,,0,,,,,0,0,0,0,0,0,0,0,1,0,1,0,1,2,0,0,0,0,0,0,272,0.002,0.002,0.007
531,0.596,0.416,0,0.003,0.075,0,0,,0,,,,0,,,,,0,0,0,0,0,0,0,0,1,0,1,0,1,2,0,0,0,0,0,0,272,0.001,0.002,0.005
532,0.802,0.623,0,0.003,0.062,0,0,,0,,,,0,,,,,0,0,0,0,0,0,0,0,1,0,1,0,1,2,0,0,0,0,0,0,272,0.002,0.001,0.006
533,1.265,1.126,0,0.003,0.039,0,0,,0,,,,0,,,,,0,0,0,0,0,0,0,0,1,0,1,0,1,2,0,0,0,0,0,0,272,0.002,0.001,0.005
534,1.934,1.747,0,0.003,0.063,0,0,,0,,,,0,,,,,0,0,0,0,0,0,0,0,1,0,1,0,1,2,0,0,0,0,0,0,272,0.001,0.001,0.007
535,2.913,2.692,0,0.004,0.08,0,0,,0,,,,0,,,,,0,0,0,0,0,0,0,0,1,0,1,0,1,2,0,0,0,0,0,0,272,0.002,0.003,0.007
536,1.686,1.491,0.001,0.003,0.065,0,0,,0,,,,0,,,,,0,0,0,0,0,0,0,0,1,0,1,0,1,2,0,0,0,0,0,0,272,0.002,0.001,0.006
537,1.613,1.453,0,0.003,0.037,0,0,,0,,,,0,,,,,0,0,0,0,0,0,0,0,1,0,1,0,1,2,0,0,0,0,0,0,272,0.004,0.001,0.006
538,1.736,1.577,0,0.004,0.052,0,0,,0,,,,0,,,,,0,0,0,0,0,0,0,0,1,0,1,0,1,2,0,0,0,0,0,0,272,0.001,0.001,0.006
539,1.154,0.942,0,0.005,0.047,0,0,,0,,,,0,,,,,0,0,0,0,0,0,0,0,1,0,1,0,1,2,0,0,0,0,0,0,272,0.002,0.003,0.009
540,1.806,1.505,0,0.003,0.074,0,0,,1,250,229662720,286486528,1,62503872,62503872,135081984,38823561584,0,0,0,0,0,0,0,0,1,0,1,0,1,2,0,0,0,0,0,0,272,0.004,0.002,0.009
541,2.965,2.654,0.001,0.006,0.073,0,0,,0,,,,0,,,,,0,0,0,0,0,0,0,0,1,0,1,0,1,2,0,0,0,0,0,0,272,0.004,0.003,0.01
542,2.305,2.13,0.001,0.003,0.061,0,0,,0,,,,0,,,,,0,0,0,0,0,0,0,0,1,0,1,0,1,2,0,0,0,0,0,0,272,0.002,0.002,0.006
543,2.723,2.497,0,0.005,0.084,0,0,,0,,,,0,,,,,0,0,0,0,0,0,0,0,1,0,1,0,1,2,0,0,0,0,0,0,272,0.002,0.002,0.007
544,1.892,1.741,0,0.003,0.051,0,0,,0,,,,0,,,,,0,0,0,0,0,0,0,0,1,0,1,0,1,2,0,0,0,0,0,0,272,0.002,0.001,0.017
545,1.313,1.189,0,0.002,0.045,0,0,,0,,,,0,,,,,0,0,0,0,0,0,0,0,1,0,1,0,1,2,0,0,0,0,0,0,272,0.002,0.001,0.004
546,0.983,0.795,0,0.003,0.074,0,0,,0,,,,0,,,,,0,0,0,0,0,0,0,0,1,0,1,0,1,2,0,0,0,0,0,0,272,0.002,0.001,0.005
547,1.649,1.511,0,0.003,0.036,0,0,,0,,,,0,,,,,0,0,0,0,0,0,0,0,1,0,1,0,1,2,0,0,0,0,0,0,272,0.001,0.001,0.006
548,0.839,0.697,0,0.004,0.033,0,0,,0,,,,0,,,,,0,0,0,0,0,0,0,0,1,0,1,0,1,2,0,0,0,0,0,0,272,0.001,0.002,0.005
549,1.5,1.404,0,0.002,0.037,0,0,,0,,,,0,,,,,0,0,0,0,0,0,0,0,1,0,1,0,1,2,0,0,0,0,0,0,272,0,0,0.003
550,0.95,0.758,0,0.004,0.067,0,0,,0,,,,0,,,,,0,0,0,0,0,0,0,0,1,0,1,0,1,2,0,0,0,0,0,0,272,0.002,0.002,0.006
551,0.86,0.732,0,0.003,0.038,0,0,,0,,,,0,,,,,0,0,0,0,0,0,0,0,1,0,1,0,1,2,0,0,0,0,0,0,272,0.001,0.001,0.004
552,0.828,0.727,0,0.002,0.034,0,0,,0,,,,0,,,,,0,0,0,0,0,0,0,0,1,0,1,0,1,2,0,0,0,0,0,0,272,0.001,0,0.004
553,1.221,1.116,0,0.002,0.042,0,0,,0,,,,0,,,,,0,0,0,0,0,0,0,0,1,0,1,0,1,2,0,0,0,0,0,0,272,0.002,0.001,0.003
554,0.944,0.799,0,0.002,0.065,0,0,,0,,,,0,,,,,0,0,0,0,0,0,0,0,1,0,1,0,1,2,0,0,0,0,0,0,272,0.002,0,0.003
555,1.503,1.39,0.001,0.002,0.032,0,0,,0,,,,0,,,,,0,0,0,0,0,0,0,0,1,0,1,0,1,2,0,0,0,0,0,0,272,0.002,0.001,0.004
556,0.977,0.885,0,0.002,0.034,0,0,,0,,,,0,,,,,0,0,0,0,0,0,0,0,1,0,1,0,1,2,0,0,0,0,0,0,272,0.001,0,0.003
557,0.973,0.816,0.001,0.002,0.052,0,0,,0,,,,0,,,,,0,0,0,0,0,0,0,0,1,0,1,0,1,2,0,0,0,0,0,0,272,0.001,0.001,0.005
558,0.827,0.741,0,0.002,0.026,0,0,,0,,,,0,,,,,0,0,0,0,0,0,0,0,1,0,1,0,1,2,0,0,0,0,0,0,272,0.001,0.001,0.003
559,0.997,0.837,0,0.003,0.054,0,0,,0,,,,0,,,,,0,0,0,0,0,0,0,0,1,0,1,0,1,2,0,0,0,0,0,0,272,0.002,0.001,0.005
560,0.933,0.761,0,0.003,0.071,0,0,,0,,,,0,,,,,0,0,0,0,0,0,0,0,1,0,1,0,1,2,0,0,0,0,0,0,272,0.001,0.001,0.004
561,0.833,0.628,0,0.002,0.117,0,0,,0,,,,0,,,,,0,0,0,0,0,0,0,0,1,0,1,0,1,2,0,0,0,0,0,0,272,0.002,0.001,0.003
562,0.711,0.583,0,0.003,0.038,0,0,,0,,,,0,,,,,0,0,0,0,0,0,0,0,1,0,1,0,1,2,0,0,0,0,0,0,272,0.002,0.001,0.005
563,0.851,0.7,0.001,0.002,0.048,0,0,,0,,,,0,,,,,0,0,0,0,0,0,0,0,1,0,1,0,1,2,0,0,0,0,0,0,272,0.002,0.001,0.004
564,0.743,0.635,0,0.002,0.034,0,0,,0,,,,0,,,,,0,0,0,0,0,0,0,0,1,0,1,0,1,2,0,0,0,0,0,0,272,0.001,0.001,0.013
565,1.37,1.262,0,0.001,0.04,0,0,,0,,,,0,,,,,0,0,0,0,0,0,0,0,1,0,1,0,1,2,0,0,0,0,0,0,272,0.01,0,0.003
566,0.89,0.755,0,0.003,0.045,0,0,,0,,,,0,,,,,0,0,0,0,0,0,0,0,1,0,1,0,1,2,0,0,0,0,0,0,272,0.001,0.001,0.004
567,0.82,0.696,0,0.003,0.047,0,0,,0,,,,0,,,,,0,0,0,0,0,0,0,0,1,0,1,0,1,2,0,0,0,0,0,0,272,0.001,0.001,0.004
568,0.845,0.701,0.001,0.002,0.046,0,0,,0,,,,0,,,,,0,0,0,0,0,0,0,0,1,0,1,0,1,2,0,0,0,0,0,0,272,0.001,0.001,0.004
569,0.758,0.609,0,0.003,0.046,0,0,,0,,,,0,,,,,0,0,0,0,0,0,0,0,1,0,1,0,1,2,0,0,0,0,0,0,272,0.002,0.001,0.004
570,1.091,0.954,0,0.002,0.048,0,0,,1,265.625,229662720,286486528,1,62503872,62503872,135081984,38823561584,0,0,0,0,0,0,0,0,1,0,1,0,1,2,0,0,0,0,0,0,272,0.001,0,0.003
571,0.793,0.668,0,0.002,0.044,0,0,,0,,,,0,,,,,0,0,0,0,0,0,0,0,1,0,1,0,1,2,0,0,0,0,0,0,272,0.002,0.001,0.015
572,0.795,0.706,0.001,0.001,0.032,0,0,,0,,,,0,,,,,0,0,0,0,0,0,0,0,1,0,1,0,1,2,0,0,0,0,0,0,272,0,0.001,0.002
573,1.548,1.365,0,0.013,0.055,0,0,,0,,,,0,,,,,0,0,0,0,0,0,0,0,1,0,1,0,1,2,0,0,0,0,0,0,272,0.002,0.002,0.005
574,0.771,0.647,0,0.001,0.051,0,0,,0,,,,0,,,,,0,0,0,0,0,0,0,0,1,0,1,0,1,2,0,0,0,0,0,0,272,0.001,0.001,0.004
575,0.826,0.699,0,0.002,0.045,0,0,,0,,,,0,,,,,0,0,0,0,0,0,0,0,1,0,1,0,1,2,0,0,0,0,0,0,272,0.001,0.001,0.003
576,0.927,0.719,0,0.004,0.068,0,0,,0,,,,0,,,,,0,0,0,0,0,0,0,0,1,0,1,0,1,2,0,0,0,0,0,0,272,0.002,0.003,0.007
577,0.79,0.625,0,0.002,0.073,0,0,,0,,,,0,,,,,0,0,0,0,0,0,0,0,1,0,1,0,1,2,0,0,0,0,0,0,272,0.001,0.001,0.004
578,0.677,0.548,0,0.003,0.043,0,0,,0,,,,0,,,,,0,0,0,0,0,0,0,0,1,0,1,0,1,2,0,0,0,0,0,0,272,0.001,0.002,0.004
579,0.957,0.764,0,0.003,0.086,0,0,,0,,,,0,,,,,0,0,0,0,0,0,0,0,1,0,1,0,1,2,0,0,0,0,0,0,272,0.002,0.002,0.005
580,1.177,0.419,0,0.004,0.641,0,0,,0,,,,0,,,,,0,0,0,0,0,0,0,0,1,0,1,0,1,2,0,0,0,0,0,0,272,0.001,0.002,0.006
581,0.092,0.001,0,0.002,0.023,0,0,,0,,,,0,,,,,0,0,0,0,0,0,0,0,1,0,1,0,1,2,0,0,0,0,0,0,272,0.001,0.001,0.004
582,1.095,0.816,0,0.004,0.172,0,0,,0,,,,0,,,,,0,0,0,0,0,0,0,0,1,0,1,0,1,2,0,0,0,0,0,0,272,0.001,0.002,0.005
583,0.2,0.002,0,0.004,0.056,0,0,,0,,,,0,,,,,0,0,0,0,0,0,0,0,1,0,1,0,1,2,0,0,0,0,0,0,272,0.002,0.002,0.005
584,1.129,0.558,0,0.004,0.43,0,0,,0,,,,0,,,,,0,0,0,0,0,0,0,0,1,0,1,0,1,2,0,0,0,0,0,0,272,0.002,0.001,0.008
585,0.187,0.002,0,0.004,0.061,0,0,,0,,,,0,,,,,0,0,0,0,0,0,0,0,1,0,1,0,1,2,0,0,0,0,0,0,272,0.001,0.002,0.006
586,0.491,0.002,0,0.005,0.35,0,0,,0,,,,0,,,,,0,0,0,0,0,0,0,0,1,0,1,0,1,2,0,0,0,0,0,0,272,0.002,0.002,0.007
587,0.153,0.001,0,0.004,0.051,0,0,,0,,,,0,,,,,0,0,0,0,0,0,0,0,1,0,1,0,1,2,0,0,0,0,0,0,272,0.001,0.001,0.005
588,0.596,0.466,0,0.003,0.037,0,0,,0,,,,0,,,,,0,0,0,0,0,0,0,0,1,0,1,0,1,2,0,0,0,0,0,0,272,0.001,0.002,0.005
589,0.483,0.325,0,0.004,0.053,0,0,,0,,,,0,,,,,0,0,0,0,0,0,0,0,1,0,1,0,1,2,0,0,0,0,0,0,272,0.001,0.001,0.005
590,0.898,0.803,0.001,0.001,0.036,0,0,,0,,,,0,,,,,0,0,0,0,0,0,0,0,1,0,1,0,1,2,0,0,0,0,0,0,272,0.001,0.001,0.003
591,1.067,0.862,0,0.003,0.099,0,0,,0,,,,0,,,,,0,0,0,0,0,0,0,0,1,0,1,0,1,2,0,0,0,0,0,0,272,0.002,0.002,0.005
592,1.526,1.376,0.001,0.002,0.041,0,0,,0,,,,0,,,,,0,0,0,0,0,0,0,0,1,0,1,0,1,2,0,0,0,0,0,0,272,0.002,0.002,0.006
593,1.004,0.819,0,0.003,0.07,0,0,,0,,,,0,,,,,0,0,0,0,0,0,0,0,1,0,1,0,1,2,0,0,0,0,0,0,272,0.003,0.002,0.006
594,0.882,0.711,0.001,0.002,0.053,0,0,,0,,,,0,,,,,0,0,0,0,0,0,0,0,1,0,1,0,1,2,0,0,0,0,0,0,272,0.016,0.002,0.005
595,0.888,0.721,0,0.003,0.052,0,0,,0,,,,0,,,,,0,0,0,0,0,0,0,0,1,0,1,0,1,2,0,0,0,0,0,0,272,0.002,0.001,0.005
596,0.899,0.74,0,0.002,0.051,0,0,,0,,,,0,,,,,0,0,0,0,0,0,0,0,1,0,1,0,1,2,0,0,0,0,0,0,272,0.002,0.001,0.004
597,0.753,0.618,0,0.003,0.05,0,0,,0,,,,0,,,,,0,0,0,0,0,0,0,0,1,0,1,0,1,2,0,0,0,0,0,0,272,0.001,0.001,0.004
598,0.903,0.766,0,0.002,0.054,0,0,,0,,,,0,,,,,0,0,0,0,0,0,0,0,1,0,1,0,1,2,0,0,0,0,0,0,272,0.001,0.001,0.004
599,1.075,0.928,0.001,0.002,0.045,0,0,,0,,,,0,,,,,0,0,0,0,0,0,0,0,1,0,1,0,1,2,0,0,0,0,0,0,272,0.001,0.001,0.004
600,1.585,1.476,0,0.002,0.034,0,0,,1,281.25,229662720,286486528,1,62503872,62503872,135081984,38823561584,0,0,0,0,0,0,0,0,1,0,1,0,1,2,0,0,0,0,0,0,272,0.001,0.001,0.004
601,0.834,0.732,0,0.002,0.033,0,0,,0,,,,0,,,,,0,0,0,0,0,0,0,0,1,0,1,0,1,2,0,0,0,0,0,0,272,0.001,0.001,0.003
602,1.052,0.78,0.001,0.005,0.104,0,0,,0,,,,0,,,,,0,0,0,0,0,0,0,0,1,0,1,0,1,2,0,0,0,0,0,0,272,0.002,0.002,0.007
603,0.73,0.573,0,0.003,0.035,0,0,,0,,,,0,,,,,0,0,0,0,0,0,0,0,1,0,1,0,1,2,0,0,0,0,0,0,272,0.003,0.002,0.005
604,0.868,0.73,0.001,0.003,0.037,0,0,,0,,,,0,,,,,0,0,0,0,0,0,0,0,1,0,1,0,1,2,0,0,0,0,0,0,272,0.002,0.001,0.005
605,1.174,1.034,0.001,0.002,0.051,0,0,,0,,,,0,,,,,0,0,0,0,0,0,0,0,1,0,1,0,1,2,0,0,0,0,0,0,272,0.002,0.001,0.004
606,0.946,0.78,0,0.004,0.045,0,0,,0,,,,0,,,,,0,0,0,0,0,0,0,0,1,0,1,0,1,2,0,0,0,0,0,0,272,0.002,0.001,0.006
607,1.564,1.417,0,0.013,0.066,0,0,,0,,,,0,,,,,0,0,0,0,0,0,0,0,1,0,1,0,1,2,0,0,0,0,0,0,272,0.001,0.001,0.004
608,0.978,0.845,0,0.002,0.056,0,0,,0,,,,0,,,,,0,0,0,0,0,0,0,0,1,0,1,0,1,2,0,0,0,0,0,0,272,0.001,0.001,0.003
609,0.938,0.806,0.001,0.002,0.046,0,0,,0,,,,0,,,,,0,0,0,0,0,0,0,0,1,0,1,0,1,2,0,0,0,0,0,0,272,0.002,0.001,0.004
610,0.9,0.782,0,0.002,0.041,0,0,,0,,,,0,,,,,0,0,0,0,0,0,0,0,1,0,1,0,1,2,0,0,0,0,0,0,272,0.001,0,0.004
611,0.949,0.826,0,0.003,0.041,0,0,,0,,,,0,,,,,0,0,0,0,0,0,0,0,1,0,1,0,1,2,0,0,0,0,0,0,272,0.001,0.001,0.004
612,1.11,0.783,0,0.002,0.149,0,0,,0,,,,0,,,,,0,0,0,0,0,0,0,0,1,0,1,0,1,2,0,0,0,0,0,0,272,0.004,0.002,0.008
613,0.757,0.556,0,0.004,0.057,0,0,,0,,,,0,,,,,0,0,0,0,0,0,0,0,1,0,1,0,1,2,0,0,0,0,0,0,272,0.002,0.002,0.007
614,0.699,0.596,0,0.002,0.028,0,0,,0,,,,0,,,,,0,0,0,0,0,0,0,0,1,0,1,0,1,2,0,0,0,0,0,0,272,0.001,0.001,0.004
615,0.659,0.575,0,0.002,0.024,0,0,,0,,,,0,,,,,0,0,0,0,0,0,0,0,1,0,1,0,1,2,0,0,0,0,0,0,272,0.001,0,0.003
616,1.738,1.598,0,0.003,0.056,0,0,,0,,,,0,,,,,0,0,0,0,0,0,0,0,1,0,1,0,1,2,0,0,0,0,0,0,272,0.001,0.001,0.004
617,0.974,0.791,0,0.004,0.056,0,0,,0,,,,0,,,,,0,0,0,0,0,0,0,0,1,0,1,0,1,2,0,0,0,0,0,0,272,0.002,0.001,0.006
618,0.911,0.791,0,0.003,0.037,0,0,,0,,,,0,,,,,0,0,0,0,0,0,0,0,1,0,1,0,1,2,0,0,0,0,0,0,272,0.001,0.002,0.003
619,0.907,0.78,0.001,0.002,0.045,0,0,,0,,,,0,,,,,0,0,0,0,0,0,0,0,1,0,1,0,1,2,0,0,0,0,0,0,272,0.001,0.001,0.004
620,0.853,0.742,0,0.002,0.041,0,0,,0,,,,0,,,,,0,0,0,0,0,0,0,0,1,0,1,0,1,2,0,0,0,0,0,0,272,0.001,0.001,0.004
621,1.273,1.145,0.001,0.003,0.037,0,0,,0,,,,0,,,,,0,0,0,0,0,0,0,0,1,0,1,0,1,2,0,0,0,0,0,0,272,0.001,0.001,0.005
622,1.007,0.817,0,0.002,0.094,0,0,,0,,,,0,,,,,0,0,0,0,0,0,0,0,1,0,1,0,1,2,0,0,0,0,0,0,272,0.002,0.001,0.005
623,1.651,1.495,0.001,0.015,0.05,0,0,,0,,,,0,,,,,0,0,0,0,0,0,0,0,1,0,1,0,1,2,0,0,0,0,0,0,272,0.002,0.001,0.005
624,0.842,0.733,0,0.002,0.037,0,0,,0,,,,0,,,,,0,0,0,0,0,0,0,0,1,0,1,0,1,2,0,0,0,0,0,0,272,0.001,0,0.004
625,0.975,0.832,0,0.003,0.046,0,0,,0,,,,0,,,,,0,0,0,0,0,0,0,0,1,0,1,0,1,2,0,0,0,0,0,0,272,0.002,0.001,0.005
626,0.86,0.739,0,0.003,0.044,0,0,,0,,,,0,,,,,0,0,0,0,0,0,0,0,1,0,1,0,1,2,0,0,0,0,0,0,272,0.001,0.001,0.004
627,0.987,0.823,0,0.003,0.049,0,0,,0,,,,0,,,,,0,0,0,0,0,0,0,0,1,0,1,0,1,2,0,0,0,0,0,0,272,0.002,0.002,0.005
628,0.911,0.771,0,0.002,0.052,0,0,,0,,,,0,,,,,0,0,0,0,0,0,0,0,1,0,1,0,1,2,0,0,0,0,0,0,272,0.001,0.001,0.004
629,0.969,0.819,0.001,0.003,0.045,0,0,,0,,,,0,,,,,0,0,0,0,0,0,0,0,1,0,1,0,1,2,0,0,0,0,0,0,272,0.002,0.001,0.005
630,0.872,0.725,0,0.003,0.05,0,0,,1,312.5,229662720,286486528,1,62503872,62503872,135081984,38823561584,0,0,0,0,0,0,0,0,1,0,1,0,1,2,0,0,0,0,0,0,272,0.002,0.002,0.005
631,1.576,1.456,0,0.003,0.039,0,0,,0,,,,0,,,,,0,0,0,0,0,0,0,0,1,0,1,0,1,2,0,0,0,0,0,0,272,0.002,0.001,0.004
632,0.983,0.86,0.001,0.002,0.045,0,0,,0,,,,0,,,,,0,0,0,0,0,0,0,0,1,0,1,0,1,2,0,0,0,0,0,0,272,0.001,0.001,0.004
633,1.048,0.877,0.001,0.003,0.063,0,0,,0,,,,0,,,,,0,0,0,0,0,0,0,0,1,0,1,0,1,2,0,0,0,0,0,0,272,0.001,0.001,0.006
634,0.771,0.679,0,0.002,0.034,0,0,,0,,,,0,,,,,0,0,0,0,0,0,0,0,1,0,1,0,1,2,0,0,0,0,0,0,272,0,0,0.004
635,1.018,0.882,0,0.003,0.045,0,0,,0,,,,0,,,,,0,0,0,0,0,0,0,0,1,0,1,0,1,2,0,0,0,0,0,0,272,0.001,0.002,0.004
636,0.898,0.747,0,0.003,0.064,0,0,,0,,,,0,,,,,0,0,0,0,0,0,0,0,1,0,1,0,1,2,0,0,0,0,0,0,272,0.001,0.001,0.006
637,1.552,1.405,0,0.003,0.052,0,0,,0,,,,0,,,,,0,0,0,0,0,0,0,0,1,0,1,0,1,2,0,0,0,0,0,0,272,0.002,0.002,0.004
638,6.908,6.622,0.001,0.006,0.093,0,0,,0,,,,0,,,,,0,0,0,0,0,0,0,0,1,0,1,0,1,2,0,0,0,0,0,0,272,0.01,0.002,0.009
639,3.968,3.746,0.001,0.005,0.052,0,0,,0,,,,0,,,,,0,0,0,0,0,0,0,0,1,0,1,0,1,2,0,0,0,0,0,0,272,0.002,0.002,0.009
640,0.78,0.645,0,0.003,0.036,0,0,,0,,,,0,,,,,0,0,0,0,0,0,0,0,1,0,1,0,1,2,0,0,0,0,0,0,272,0.002,0.002,0.006
641,1.711,1.521,0,0.002,0.055,0,0,,0,,,,0,,,,,0,0,0,0,0,0,0,0,1,0,1,0,1,2,0,0,0,0,0,0,272,0.002,0.001,0.017
642,0.841,0.697,0,0.003,0.039,0,0,,0,,,,0,,,,,0,0,0,0,0,0,0,0,1,0,1,0,1,2,0,0,0,0,0,0,272,0.02,0.001,0.005
643,1.328,1.176,0,0.002,0.054,0,0,,0,,,,0,,,,,0,0,0,0,0,0,0,0,1,0,1,0,1,2,0,0,0,0,0,0,272,0.001,0.001,0.005
644,1.048,0.834,0,0.004,0.073,0,0,,0,,,,0,,,,,0,0,0,0,0,0,0,0,1,0,1,0,1,2,0,0,0,0,0,0,272,0.001,0.001,0.007
645,0.958,0.739,0,0.012,0.052,0,0,,0,,,,0,,,,,0,0,0,0,0,0,0,0,1,0,1,0,1,2,0,0,0,0,0,0,272,0.002,0.003,0.01
646,1.364,1.201,0,0.004,0.042,0,0,,0,,,,0,,,,,0,0,0,0,0,0,0,0,1,0,1,0,1,2,0,0,0,0,0,0,272,0.002,0.002,0.005
647,0.958,0.778,0,0.003,0.055,0,0,,0,,,,0,,,,,0,0,0,0,0,0,0,0,1,0,1,0,1,2,0,0,0,0,0,0,272,0.003,0.001,0.006
648,0.845,0.738,0,0.002,0.04,0,0,,0,,,,0,,,,,0,0,0,0,0,0,0,0,1,0,1,0,1,2,0,0,0,0,0,0,272,0,0.001,0.004
649,0.969,0.857,0,0.002,0.057,0,0,,0,,,,0,,,,,0,0,0,0,0,0,0,0,1,0,1,0,1,2,0,0,0,0,0,0,272,0.001,0,0.003
650,1.001,0.877,0,0.002,0.041,0,0,,0,,,,0,,,,,0,0,0,0,0,0,0,0,1,0,1,0,1,2,0,0,0,0,0,0,272,0.002,0.021,0.004
651,2.624,2.476,0,0.003,0.045,0,0,,0,,,,0,,,,,0,0,0,0,0,0,0,0,1,0,1,0,1,2,0,0,0,0,0,0,272,0.001,0.001,0.005
652,3.713,3.559,0,0.003,0.051,0,0,,0,,,,0,,,,,0,0,0,0,0,0,0,0,1,0,1,0,1,2,0,0,0,0,0,0,272,0.002,0.001,0.005
653,9.018,8.759,0.001,0.005,0.082,0,0,,0,,,,0,,,,,0,0,0,0,0,0,0,0,1,0,1,0,1,2,0,0,0,0,0,0,272,0.002,0.002,0.01
654,1.047,0.87,0.001,0.003,0.057,0,0,,0,,,,0,,,,,0,0,0,0,0,0,0,0,1,0,1,0,1,2,0,0,0,0,0,0,272,0.002,0.001,0.007
655,0.932,0.781,0,0.002,0.062,0,0,,0,,,,0,,,,,0,0,0,0,0,0,0,0,1,0,1,0,1,2,0,0,0,0,0,0,272,0.002,0.001,0.005
656,0.956,0.802,0,0.003,0.06,0,0,,0,,,,0,,,,,0,0,0,0,0,0,0,0,1,0,1,0,1,2,0,0,0,0,0,0,272,0.001,0.001,0.005
657,1.077,0.932,0,0.003,0.043,0,0,,0,,,,0,,,,,0,0,0,0,0,0,0,0,1,0,1,0,1,2,0,0,0,0,0,0,272,0.002,0.001,0.005
658,1.121,1.018,0,0.002,0.038,0,0,,0,,,,0,,,,,0,0,0,0,0,0,0,0,1,0,1,0,1,2,0,0,0,0,0,0,272,0.001,0,0.003
659,1.09,1.026,0,0.001,0.028,0,0,,0,,,,0,,,,,0,0,0,0,0,0,0,0,1,0,1,0,1,2,0,0,0,0,0,0,272,0,0.001,0.002
660,1.604,1.425,0,0.003,0.06,0,0,,1,312.5,229728256,286486528,1,62503872,62503872,135081984,38823561584,0,0,0,0,0,0,0,0,1,0,1,0,1,2,0,0,0,0,0,0,272,0.002,0.002,0.005
661,0.885,0.733,0,0.003,0.04,0,0,,0,,,,0,,,,,0,0,0,0,0,0,0,0,1,0,1,0,1,2,0,0,0,0,0,0,272,0.001,0.001,0.005
662,0.979,0.793,0,0.003,0.047,0,0,,0,,,,0,,,,,0,0,0,0,0,0,0,0,1,0,1,0,1,2,0,0,0,0,0,0,272,0.002,0.001,0.005
663,1.151,1.014,0,0.003,0.043,0,0,,0,,,,0,,,,,0,0,0,0,0,0,0,0,1,0,1,0,1,2,0,0,0,0,0,0,272,0.001,0.001,0.004
664,1.054,0.879,0.001,0.003,0.057,0,0,,0,,,,0,,,,,0,0,0,0,0,0,0,0,1,0,1,0,1,2,0,0,0,0,0,0,272,0.002,0.001,0.005
665,1.572,1.444,0,0.004,0.036,0,0,,0,,,,0,,,,,0,0,0,0,0,0,0,0,1,0,1,0,1,2,0,0,0,0,0,0,272,0.001,0.001,0.005
666,0.928,0.809,0,0.002,0.06,0,0,,0,,,,0,,,,,0,0,0,0,0,0,0,0,1,0,1,0,1,2,0,0,0,0,0,0,272,0,0,0.003
667,0.822,0.735,0,0.002,0.029,0,0,,0,,,,0,,,,,0,0,0,0,0,0,0,0,1,0,1,0,1,2,0,0,0,0,0,0,272,0.001,0.001,0.003
668,0.934,0.877,0,0.001,0.024,0,0,,0,,,,0,,,,,0,0,0,0,0,0,0,0,1,0,1,0,1,2,0,0,0,0,0,0,272,0.001,0,0.002
669,0.989,0.918,0.001,0.001,0.035,0,0,,0,,,,0,,,,,0,0,0,0,0,0,0,0,1,0,1,0,1,2,0,0,0,0,0,0,272,0.001,0,0.002
670,1.028,0.892,0,0.003,0.042,0,0,,0,,,,0,,,,,0,0,0,0,0,0,0,0,1,0,1,0,1,2,0,0,0,0,0,0,272,0.001,0.001,0.005
671,0.9,0.822,0,0.002,0.024,0,0,,0,,,,0,,,,,0,0,0,0,0,0,0,0,1,0,1,0,1,2,0,0,0,0,0,0,272,0,0,0.003
672,0.962,0.859,0.001,0.002,0.028,0,0,,0,,,,0,,,,,0,0,0,0,0,0,0,0,1,0,1,0,1,2,0,0,0,0,0,0,272,0.001,0.002,0.004
673,1.545,1.46,0,0.002,0.036,0,0,,0,,,,0,,,,,0,0,0,0,0,0,0,0,1,0,1,0,1,2,0,0,0,0,0,0,272,0.001,0,0.002
674,1.024,0.926,0,0.001,0.045,0,0,,0,,,,0,,,,,0,0,0,0,0,0,0,0,1,0,1,0,1,2,0,0,0,0,0,0,272,0,0,0.005
675,1.154,0.887,0,0.004,0.151,0,0,,0,,,,0,,,,,0,0,0,0,0,0,0,0,1,0,1,0,1,2,0,0,0,0,0,0,272,0.001,0.001,0.007
676,0.98,0.803,0,0.004,0.051,0,0,,0,,,,0,,,,,0,0,0,0,0,0,0,0,1,0,1,0,1,2,0,0,0,0,0,0,272,0.002,0.002,0.007
677,3.732,3.596,0,0.003,0.039,0,0,,0,,,,0,,,,,0,0,0,0,0,0,0,0,1,0,1,0,1,2,0,0,0,0,0,0,272,0.001,0.002,0.007
678,6.645,6.447,0,0.004,0.038,0,0,,0,,,,0,,,,,0,0,0,0,0,0,0,0,1,0,1,0,1,2,0,0,0,0,0,0,272,0.002,0.003,0.007
679,0.811,0.652,0,0.004,0.037,0,0,,0,,,,0,,,,,0,0,0,0,0,0,0,0,1,0,1,0,1,2,0,0,0,0,0,0,272,0.002,0.001,0.006
680,0.802,0.702,0,0.002,0.036,0,0,,0,,,,0,,,,,0,0,0,0,0,0,0,0,1,0,1,0,1,2,0,0,0,0,0,0,272,0.001,0,0.003
681,1.548,1.378,0,0.002,0.055,0,0,,0,,,,0,,,,,0,0,0,0,0,0,0,0,1,0,1,0,1,2,0,0,0,0,0,0,272,0.002,0.002,0.006
682,0.885,0.74,0.001,0.002,0.051,0,0,,0,,,,0,,,,,0,0,0,0,0,0,0,0,1,0,1,0,1,2,0,0,0,0,0,0,272,0.001,0,0.005
683,1.47,1.243,0,0.005,0.065,0,0,,0,,,,0,,,,,0,0,0,0,0,0,0,0,1,0,1,0,1,2,0,0,0,0,0,0,272,0.003,0.002,0.008
684,4.463,4.164,0.001,0.007,0.058,0,0,,0,,,,0,,,,,0,0,0,0,0,0,0,0,1,0,1,0,1,2,0,0,0,0,0,0,272,0.003,0.003,0.012
685,6.552,6.383,0,0.003,0.068,0,0,,0,,,,0,,,,,0,0,0,0,0,0,0,0,1,0,1,0,1,2,0,0,0,0,0,0,272,0.002,0.001,0.006
686,0.775,0.662,0.001,0.001,0.034,0,0,,0,,,,0,,,,,0,0,0,0,0,0,0,0,1,0,1,0,1,2,0,0,0,0,0,0,272,0.001,0,0.004
687,0.811,0.712,0,0.002,0.033,0,0,,0,,,,0,,,,,0,0,0,0,0,0,0,0,1,0,1,0,1,2,0,0,0,0,0,0,272,0,0.001,0.003
688,1.44,1.341,0,0.001,0.041,0,0,,0,,,,0,,,,,0,0,0,0,0,0,0,0,1,0,1,0,1,2,0,0,0,0,0,0,272,0.001,0,0.003
689,0.842,0.769,0,0.001,0.036,0,0,,0,,,,0,,,,,0,0,0,0,0,0,0,0,1,0,1,0,1,2,0,0,0,0,0,0,272,0.001,0,0.002
690,0.953,0.793,0,0.004,0.037,0,0,,1,312.5,229728256,286486528,1,62503872,62503872,135081984,38823561584,0,0,0,0,0,0,0,0,1,0,1,0,1,2,0,0,0,0,0,0,272,0.002,0.002,0.007
691,0.749,0.624,0.001,0.002,0.047,0,0,,0,,,,0,,,,,0,0,0,0,0,0,0,0,1,0,1,0,1,2,0,0,0,0,0,0,272,0.001,0.001,0.004
692,0.953,0.859,0,0.002,0.03,0,0,,0,,,,0,,,,,0,0,0,0,0,0,0,0,1,0,1,0,1,2,0,0,0,0,0,0,272,0.001,0.001,0.003
693,0.916,0.805,0,0.002,0.032,0,0,,0,,,,0,,,,,0,0,0,0,0,0,0,0,1,0,1,0,1,2,0,0,0,0,0,0,272,0.001,0.001,0.004
694,0.864,0.776,0.001,0.002,0.028,0,0,,0,,,,0,,,,,0,0,0,0,0,0,0,0,1,0,1,0,1,2,0,0,0,0,0,0,272,0.001,0.001,0.003
695,0.995,0.775,0.001,0.002,0.077,0,0,,0,,,,0,,,,,0,0,0,0,0,0,0,0,1,0,1,0,1,2,0,0,0,0,0,0,272,0.002,0.002,0.007
696,0.649,0.572,0,0.002,0.03,0,0,,0,,,,0,,,,,0,0,0,0,0,0,0,0,1,0,1,0,1,2,0,0,0,0,0,0,272,0,0,0.003
697,1.767,1.669,0.001,0.002,0.038,0,0,,0,,,,0,,,,,0,0,0,0,0,0,0,0,1,0,1,0,1,2,0,0,0,0,0,0,272,0,0.001,0.003
698,0.86,0.772,0,0.001,0.046,0,0,,0,,,,0,,,,,0,0,0,0,0,0,0,0,1,0,1,0,1,2,0,0,0,0,0,0,272,0,0.001,0.002
699,0.798,0.725,0,0.001,0.04,0,0,,0,,,,0,,,,,0,0,0,0,0,0,0,0,1,0,1,0,1,2,0,0,0,0,0,0,272,0,0.001,0.002
700,0.852,0.757,0,0.002,0.043,0,0,,0,,,,0,,,,,0,0,0,0,0,0,0,0,1,0,1,0,1,2,0,0,0,0,0,0,272,0.001,0,0.003
701,0.817,0.74,0,0.001,0.039,0,0,,0,,,,0,,,,,0,0,0,0,0,0,0,0,1,0,1,0,1,2,0,0,0,0,0,0,272,0.001,0,0.003
702,0.904,0.759,0,0.003,0.037,0,0,,0,,,,0,,,,,0,0,0,0,0,0,0,0,1,0,1,0,1,2,0,0,0,0,0,0,272,0.001,0.001,0.006
703,0.746,0.672,0,0.002,0.026,0,0,,0,,,,0,,,,,0,0,0,0,0,0,0,0,1,0,1,0,1,2,0,0,0,0,0,0,272,0.001,0.001,0.002
704,0.982,0.905,0,0.002,0.019,0,0,,0,,,,0,,,,,0,0,0,0,0,0,0,0,1,0,1,0,1,2,0,0,0,0,0,0,272,0,0.001,0.003
705,1.429,1.272,0,0.003,0.051,0,0,,0,,,,0,,,,,0,0,0,0,0,0,0,0,1,0,1,0,1,2,0,0,0,0,0,0,272,0.001,0.002,0.005
706,0.945,0.679,0.001,0.004,0.089,0,0,,0,,,,0,,,,,0,0,0,0,0,0,0,0,1,0,1,0,1,2,0,0,0,0,0,0,272,0.002,0.002,0.008
707,0.835,0.554,0,0.002,0.11,0,0,,0,,,,0,,,,,0,0,0,0,0,0,0,0,1,0,1,0,1,2,0,0,0,0,0,0,272,0.004,0.001,0.006
708,0.702,0.443,0,0.004,0.095,0,0,,0,,,,0,,,,,0,0,0,0,0,0,0,0,1,0,1,0,1,2,0,0,0,0,0,0,272,0.002,0.002,0.006
709,0.832,0.637,0,0.003,0.074,0,0,,0,,,,0,,,,,0,0,0,0,0,0,0,0,1,0,1,0,1,2,0,0,0,0,0,0,272,0.002,0.002,0.006
710,0.648,0.529,0,0.002,0.033,0,0,,0,,,,0,,,,,0,0,0,0,0,0,0,0,1,0,1,0,1,2,0,0,0,0,0,0,272,0.001,0.001,0.004
711,1.078,0.949,0,0.002,0.03,0,0,,0,,,,0,,,,,0,0,0,0,0,0,0,0,1,0,1,0,1,2,0,0,0,0,0,0,272,0.002,0.001,0.005
712,0.944,0.701,0,0.002,0.152,0,0,,0,,,,0,,,,,0,0,0,0,0,0,0,0,1,0,1,0,1,2,0,0,0,0,0,0,272,0.001,0.001,0.004
713,0.834,0.614,0.001,0.003,0.056,0,0,,0,,,,0,,,,,0,0,0,0,0,0,0,0,1,0,1,0,1,2,0,0,0,0,0,0,272,0.002,0.001,0.006
714,0.736,0.541,0,0.003,0.084,0,0,,0,,,,0,,,,,0,0,0,0,0,0,0,0,1,0,1,0,1,2,0,0,0,0,0,0,272,0.002,0.001,0.005
715,2.411,2.215,0,0.004,0.051,0,0,,0,,,,0,,,,,0,0,0,0,0,0,0,0,1,0,1,0,1,2,0,0,0,0,0,0,272,0.002,0.002,0.007
716,2.697,2.56,0,0.003,0.059,0,0,,0,,,,0,,,,,0,0,0,0,0,0,0,0,1,0,1,0,1,2,0,0,0,0,0,0,272,0.001,0.001,0.005
717,2.831,2.656,0,0.005,0.037,0,0,,0,,,,0,,,,,0,0,0,0,0,0,0,0,1,0,1,0,1,2,0,0,0,0,0,0,272,0.002,0.003,0.008
718,2.746,2.576,0,0.004,0.041,0,0,,0,,,,0,,,,,0,0,0,0,0,0,0,0,1,0,1,0,1,2,0,0,0,0,0,0,272,0.002,0.001,0.006
719,4.794,3.944,0.001,0.008,0.606,0,0,,0,,,,0,,,,,0,0,0,0,0,0,0,0,1,0,1,0,1,2,0,0,0,0,0,0,272,0.003,0.004,0.012
720,4.878,4.629,0,0.004,0.069,0,0,,1,328.125,229728256,286486528,1,62503872,62503872,135081984,38823561584,0,0,0,0,0,0,0,0,1,0,1,0,1,2,0,0,0,0,0,0,272,0.002,0.002,0.009
721,0.966,0.879,0,0.001,0.028,0,0,,0,,,,0,,,,,0,0,0,0,0,0,0,0,1,0,1,0,1,2,0,0,0,0,0,0,272,0.001,0,0.005
722,1.089,0.99,0,0.002,0.046,0,0,,0,,,,0,,,,,0,0,0,0,0,0,0,0,1,0,1,0,1,2,0,0,0,0,0,0,272,0.001,0.001,0.003
723,0.848,0.789,0,0.001,0.018,0,0,,0,,,,0,,,,,0,0,0,0,0,0,0,0,1,0,1,0,1,2,0,0,0,0,0,0,272,0,0.001,0.002
724,1.125,0.921,0,0.005,0.055,0,0,,0,,,,0,,,,,0,0,0,0,0,0,0,0,1,0,1,0,1,2,0,0,0,0,0,0,272,0.002,0.002,0.008
725,0.697,0.576,0,0.003,0.034,0,0,,0,,,,0,,,,,0,0,0,0,0,0,0,0,1,0,1,0,1,2,0,0,0,0,0,0,272,0.001,0.002,0.004
726,1.466,1.358,0.001,0.002,0.038,0,0,,0,,,,0,,,,,0,0,0,0,0,0,0,0,1,0,1,0,1,2,0,0,0,0,0,0,272,0.001,0.001,0.004
727,1.031,0.861,0,0.004,0.047,0,0,,0,,,,0,,,,,0,0,0,0,0,0,0,0,1,0,1,0,1,2,0,0,0,0,0,0,272,0.002,0.002,0.007
728,0.872,0.753,0,0.003,0.035,0,0,,0,,,,0,,,,,0,0,0,0,0,0,0,0,1,0,1,0,1,2,0,0,0,0,0,0,272,0.001,0.002,0.004
729,0.984,0.812,0,0.004,0.054,0,0,,0,,,,0,,,,,0,0,0,0,0,0,0,0,1,0,1,0,1,2,0,0,0,0,0,0,272,0.002,0.001,0.005
730,0.853,0.735,0.001,0.002,0.033,0,0,,0,,,,0,,,,,0,0,0,0,0,0,0,0,1,0,1,0,1,2,0,0,0,0,0,0,272,0.002,0.001,0.004
731,1.245,1.007,0.001,0.003,0.065,0,0,,0,,,,0,,,,,0,0,0,0,0,0,0,0,1,0,1,0,1,2,0,0,0,0,0,0,272,0.003,0.002,0.006
732,0.797,0.637,0,0.003,0.04,0,0,,0,,,,0,,,,,0,0,0,0,0,0,0,0,1,0,1,0,1,2,0,0,0,0,0,0,272,0.004,0.002,0.005
733,0.815,0.746,0.001,0.002,0.024,0,0,,0,,,,0,,,,,0,0,0,0,0,0,0,0,1,0,1,0,1,2,0,0,0,0,0,0,272,0,0.001,0.002
734,1.774,1.671,0,0.002,0.042,0,0,,0,,,,0,,,,,0,0,0,0,0,0,0,0,1,0,1,0,1,2,0,0,0,0,0,0,272,0,0.001,0.004
735,0.914,0.838,0,0.002,0.033,0,0,,0,,,,0,,,,,0,0,0,0,0,0,0,0,1,0,1,0,1,2,0,0,0,0,0,0,272,0,0.001,0.002
736,0.932,0.857,0,0.001,0.037,0,0,,0,,,,0,,,,,0,0,0,0,0,0,0,0,1,0,1,0,1,2,0,0,0,0,0,0,272,0,0.001,0.002
737,1.127,0.854,0,0.005,0.074,0,0,,0,,,,0,,,,,0,0,0,0,0,0,0,0,1,0,1,0,1,2,0,0,0,0,0,0,272,0.002,0.003,0.011
738,0.746,0.588,0,0.003,0.049,0,0,,0,,,,0,,,,,0,0,0,0,0,0,0,0,1,0,1,0,1,2,0,0,0,0,0,0,272,0.002,0.001,0.02
739,0.952,0.758,0,0.003,0.075,0,0,,0,,,,0,,,,,0,0,0,0,0,0,0,0,1,0,1,0,1,2,0,0,0,0,0,0,272,0.002,0.002,0.005
740,1.213,1.103,0,0.003,0.029,0,0,,0,,,,0,,,,,0,0,0,0,0,0,0,0,1,0,1,0,1,2,0,0,0,0,0,0,272,0.001,0.001,0.005
741,6.591,6.393,0,0.006,0.043,0,0,,0,,,,0,,,,,0,0,0,0,0,0,0,0,1,0,1,0,1,2,0,0,0,0,0,0,272,0.002,0.003,0.01
742,8.613,8.37,0,0.006,0.065,0,0,,0,,,,0,,,,,0,0,0,0,0,0,0,0,1,0,1,0,1,2,0,0,0,0,0,0,272,0.003,0.003,0.012
743,5.675,5.421,0.001,0.005,0.062,0,0,,0,,,,0,,,,,0,0,0,0,0,0,0,0,1,0,1,0,1,2,0,0,0,0,0,0,272,0.002,0.003,0.012
744,25.803,25.548,0,0.007,0.072,0,0,,0,,,,0,,,,,0,0,0,0,0,0,0,0,1,0,1,0,1,2,0,0,0,0,0,0,272,0.002,0.003,0.01
745,3.62,3.374,0.001,0.006,0.061,0,0,,0,,,,0,,,,,0,0,0,0,0,0,0,0,1,0,1,0,1,2,0,0,0,0,0,0,272,0.003,0.003,0.012
746,15.406,15.203,0,0.006,0.052,0,0,,0,,,,0,,,,,0,0,0,0,0,0,0,0,1,0,1,0,1,2,0,0,0,0,0,0,272,0.002,0.003,0.009
747,3.467,3.289,0,0.005,0.047,0,0,,0,,,,0,,,,,0,0,0,0,0,0,0,0,1,0,1,0,1,2,0,0,0,0,0,0,272,0.001,0.002,0.007
748,9.152,8.885,0,0.006,0.068,0,0,,0,,,,0,,,,,0,0,0,0,0,0,0,0,1,0,1,0,1,2,0,0,0,0,0,0,272,0.002,0.003,0.012
749,0.832,0.688,0,0.003,0.034,0,0,,0,,,,0,,,,,0,0,0,0,0,0,0,0,1,0,1,0,1,2,0,0,0,0,0,0,272,0.002,0.001,0.005
750,0.904,0.825,0,0.002,0.022,0,0,,1,343.75,229728256,286486528,1,62503872,62503872,135081984,38823561584,0,0,0,0,0,0,0,0,1,0,1,0,1,2,0,0,0,0,0,0,272,0.001,0.001,0.003
751,0.886,0.723,0.001,0.004,0.039,0,0,,0,,,,0,,,,,0,0,0,0,0,0,0,0,1,0,1,0,1,2,0,0,0,0,0,0,272,0.002,0.001,0.008
752,10.823,10.541,0.001,0.007,0.064,0,0,,0,,,,0,,,,,0,0,0,0,0,0,0,0,1,0,1,0,1,2,0,0,0,0,0,0,272,0.002,0.004,0.011
753,5.512,5.231,0.001,0.005,0.097,0,0,,0,,,,0,,,,,0,0,0,0,0,0,0,0,1,0,1,0,1,2,0,0,0,0,0,0,272,0.003,0.003,0.009
754,0.691,0.471,0.001,0.003,0.082,0,0,,0,,,,0,,,,,0,0,0,0,0,0,0,0,1,0,1,0,1,2,0,0,0,0,0,0,272,0.001,0.002,0.007
755,0.699,0.55,0,0.003,0.052,0,0,,0,,,,0,,,,,0,0,0,0,0,0,0,0,1,0,1,0,1,2,0,0,0,0,0,0,272,0.001,0.002,0.005
756,0.806,0.68,0.001,0.002,0.045,0,0,,0,,,,0,,,,,0,0,0,0,0,0,0,0,1,0,1,0,1,2,0,0,0,0,0,0,272,0.002,0.001,0.004
757,0.867,0.693,0,0.003,0.054,0,0,,0,,,,0,,,,,0,0,0,0,0,0,0,0,1,0,1,0,1,2,0,0,0,0,0,0,272,0.002,0.001,0.005
758,0.909,0.637,0,0.003,0.088,0,0,,0,,,,0,,,,,0,0,0,0,0,0,0,0,1,0,1,0,1,2,0,0,0,0,0,0,272,0.003,0.001,0.008
759,1.322,1.146,0,0.003,0.054,0,0,,0,,,,0,,,,,0,0,0,0,0,0,0,0,1,0,1,0,1,2,0,0,0,0,0,0,272,0.001,0.001,0.006
760,0.85,0.676,0,0.003,0.067,0,0,,0,,,,0,,,,,0,0,0,0,0,0,0,0,1,0,1,0,1,2,0,0,0,0,0,0,272,0.002,0.002,0.005
761,0.887,0.75,0.001,0.002,0.048,0,0,,0,,,,0,,,,,0,0,0,0,0,0,0,0,1,0,1,0,1,2,0,0,0,0,0,0,272,0.001,0.001,0.005
762,1.076,0.952,0,0.003,0.033,0,0,,0,,,,0,,,,,0,0,0,0,0,0,0,0,1,0,1,0,1,2,0,0,0,0,0,0,272,0.002,0.001,0.004
763,0.904,0.727,0.001,0.002,0.064,0,0,,0,,,,0,,,,,0,0,0,0,0,0,0,0,1,0,1,0,1,2,0,0,0,0,0,0,272,0.002,0.002,0.005
764,0.802,0.635,0,0.003,0.061,0,0,,0,,,,0,,,,,0,0,0,0,0,0,0,0,1,0,1,0,1,2,0,0,0,0,0,0,272,0.002,0.001,0.005
765,0.886,0.693,0,0.003,0.078,0,0,,0,,,,0,,,,,0,0,0,0,0,0,0,0,1,0,1,0,1,2,0,0,0,0,0,0,272,0.001,0.001,0.006
766,1.781,1.632,0,0.004,0.051,0,0,,0,,,,0,,,,,0,0,0,0,0,0,0,0,1,0,1,0,1,2,0,0,0,0,0,0,272,0.002,0.002,0.005
767,0.781,0.667,0.001,0.001,0.044,0,0,,0,,,,0,,,,,0,0,0,0,0,0,0,0,1,0,1,0,1,2,0,0,0,0,0,0,272,0.001,0,0.003
768,0.917,0.724,0,0.003,0.071,0,0,,0,,,,0,,,,,0,0,0,0,0,0,0,0,1,0,1,0,1,2,0,0,0,0,0,0,272,0.002,0.015,0.005
769,0.79,0.567,0.001,0.013,0.081,0,0,,0,,,,0,,,,,0,0,0,0,0,0,0,0,1,0,1,0,1,2,0,0,0,0,0,0,272,0.002,0.001,0.005
770,0.718,0.525,0,0.003,0.082,0,0,,0,,,,0,,,,,0,0,0,0,0,0,0,0,1,0,1,0,1,2,0,0,0,0,0,0,272,0.002,0.001,0.004
771,1.024,0.866,0.001,0.003,0.052,0,0,,0,,,,0,,,,,0,0,0,0,0,0,0,0,1,0,1,0,1,2,0,0,0,0,0,0,272,0.001,0.001,0.006
772,1.109,0.946,0,0.003,0.061,0,0,,0,,,,0,,,,,0,0,0,0,0,0,0,0,1,0,1,0,1,2,0,0,0,0,0,0,272,0.002,0.002,0.005
773,0.85,0.659,0.001,0.003,0.094,0,0,,0,,,,0,,,,,0,0,0,0,0,0,0,0,1,0,1,0,1,2,0,0,0,0,0,0,272,0.002,0.001,0.005
774,0.756,0.613,0,0.002,0.055,0,0,,0,,,,0,,,,,0,0,0,0,0,0,0,0,1,0,1,0,1,2,0,0,0,0,0,0,272,0.01,0.001,0.004
775,0.834,0.674,0,0.003,0.071,0,0,,0,,,,0,,,,,0,0,0,0,0,0,0,0,1,0,1,0,1,2,0,0,0,0,0,0,272,0.002,0.002,0.004
776,1.434,1.237,0,0.004,0.067,0,0,,0,,,,0,,,,,0,0,0,0,0,0,0,0,1,0,1,0,1,2,0,0,0,0,0,0,272,0.002,0.002,0.007
777,0.69,0.564,0,0.003,0.032,0,0,,0,,,,0,,,,,0,0,0,0,0,0,0,0,1,0,1,0,1,2,0,0,0,0,0,0,272,0.001,0.001,0.005
778,0.724,0.664,0,0.001,0.017,0,0,,0,,,,0,,,,,0,0,0,0,0,0,0,0,1,0,1,0,1,2,0,0,0,0,0,0,272,0,0.001,0.002
779,0.893,0.718,0,0.004,0.049,0,0,,0,,,,0,,,,,0,0,0,0,0,0,0,0,1,0,1,0,1,2,0,0,0,0,0,0,272,0.002,0.002,0.005
780,2.22,1.992,0.001,0.003,0.098,0,0,,1,359.375,229728256,286486528,1,62503872,62503872,135081984,38823561584,0,0,0,0,0,0,0,0,1,0,1,0,1,2,0,0,0,0,0,0,272,0.003,0.002,0.007
781,4.733,4.514,0,0.005,0.079,0,0,,0,,,,0,,,,,0,0,0,0,0,0,0,0,1,0,1,0,1,2,0,0,0,0,0,0,272,0.003,0.002,0.009
782,1.977,1.785,0,0.003,0.06,0,0,,0,,,,0,,,,,0,0,0,0,0,0,0,0,1,0,1,0,1,2,0,0,0,0,0,0,272,0.002,0.002,0.008
783,2.095,1.829,0.001,0.015,0.073,0,0,,0,,,,0,,,,,0,0,0,0,0,0,0,0,1,0,1,0,1,2,0,0,0,0,0,0,272,0.003,0.003,0.021
784,1.875,1.691,0.001,0.003,0.05,0,0,,0,,,,0,,,,,0,0,0,0,0,0,0,0,1,0,1,0,1,2,0,0,0,0,0,0,272,0.002,0.002,0.007
785,1.999,1.812,0,0.004,0.047,0,0,,0,,,,0,,,,,0,0,0,0,0,0,0,0,1,0,1,0,1,2,0,0,0,0,0,0,272,0.002,0.002,0.014
786,5.02,4.795,0,0.005,0.046,0,0,,0,,,,0,,,,,0,0,0,0,0,0,0,0,1,0,1,0,1,2,0,0,0,0,0,0,272,0.003,0.003,0.011
787,3.913,3.695,0,0.005,0.061,0,0,,0,,,,0,,,,,0,0,0,0,0,0,0,0,1,0,1,0,1,2,0,0,0,0,0,0,272,0.002,0.002,0.007
788,1.913,1.728,0,0.003,0.058,0,0,,0,,,,0,,,,,0,0,0,0,0,0,0,0,1,0,1,0,1,2,0,0,0,0,0,0,272,0.001,0.002,0.005
789,3.307,3.175,0,0.003,0.039,0,0,,0,,,,0,,,,,0,0,0,0,0,0,0,0,1,0,1,0,1,2,0,0,0,0,0,0,272,0.002,0.001,0.006
790,2.187,2.071,0,0.003,0.033,0,0,,0,,,,0,,,,,0,0,0,0,0,0,0,0,1,0,1,0,1,2,0,0,0,0,0,0,272,0.001,0.001,0.004
791,2.619,2.503,0,0.002,0.034,0,0,,0,,,,0,,,,,0,0,0,0,0,0,0,0,1,0,1,0,1,2,0,0,0,0,0,0,272,0.001,0.001,0.004
792,5.521,5.396,0,0.003,0.032,0,0,,0,,,,0,,,,,0,0,0,0,0,0,0,0,1,0,1,0,1,2,0,0,0,0,0,0,272,0.001,0.002,0.005
793,0.775,0.68,0,0.001,0.037,0,0,,0,,,,0,,,,,0,0,0,0,0,0,0,0,1,0,1,0,1,2,0,0,0,0,0,0,272,0.001,0.001,0.004
794,0.978,0.877,0,0.002,0.053,0,0,,0,,,,0,,,,,0,0,0,0,0,0,0,0,1,0,1,0,1,2,0,0,0,0,0,0,272,0,0.001,0.003
795,0.78,0.68,0,0.001,0.034,0,0,,0,,,,0,,,,,0,0,0,0,0,0,0,0,1,0,1,0,1,2,0,0,0,0,0,0,272,0.001,0.001,0.003
796,1.333,1.21,0.001,0.001,0.04,0,0,,0,,,,0,,,,,0,0,0,0,0,0,0,0,1,0,1,0,1,2,0,0,0,0,0,0,272,0.002,0,0.011
797,0.759,0.676,0,0.001,0.034,0,0,,0,,,,0,,,,,0,0,0,0,0,0,0,0,1,0,1,0,1,2,0,0,0,0,0,0,272,0.001,0,0.003
798,0.92,0.739,0.001,0.004,0.047,0,0,,0,,,,0,,,,,0,0,0,0,0,0,0,0,1,0,1,0,1,2,0,0,0,0,0,0,272,0.002,0.002,0.006
799,0.664,0.578,0,0.002,0.03,0,0,,0,,,,0,,,,,0,0,0,0,0,0,0,0,1,0,1,0,1,2,0,0,0,0,0,0,272,0.001,0.001,0.002
800,0.98,0.763,0,0.001,0.062,0,0,,0,,,,0,,,,,0,0,0,0,0,0,0,0,1,0,1,0,1,2,0,0,0,0,0,0,272,0.001,0,0.002
801,0.649,0.537,0,0.002,0.043,0,0,,0,,,,0,,,,,0,0,0,0,0,0,0,0,1,0,1,0,1,2,0,0,0,0,0,0,272,0.001,0.001,0.003
802,0.789,0.708,0,0.002,0.032,0,0,,0,,,,0,,,,,0,0,0,0,0,0,0,0,1,0,1,0,1,2,0,0,0,0,0,0,272,0,0.001,0.003
803,0.926,0.865,0,0.001,0.022,0,0,,0,,,,0,,,,,0,0,0,0,0,0,0,0,1,0,1,0,1,2,0,0,0,0,0,0,272,0,0.001,0.003
804,1.192,1.015,0,0.006,0.047,0,0,,0,,,,0,,,,,0,0,0,0,0,0,0,0,1,0,1,0,1,2,0,0,0,0,0,0,272,0.002,0.002,0.008
805,0.735,0.581,0,0.003,0.044,0,0,,0,,,,0,,,,,0,0,0,0,0,0,0,0,1,0,1,0,1,2,0,0,0,0,0,0,272,0.002,0.002,0.005
806,1.342,1.211,0.001,0.002,0.038,0,0,,0,,,,0,,,,,0,0,0,0,0,0,0,0,1,0,1,0,1,2,0,0,0,0,0,0,272,0.001,0.001,0.004
807,1.377,1.264,0,0.002,0.049,0,0,,0,,,,0,,,,,0,0,0,0,0,0,0,0,1,0,1,0,1,2,0,0,0,0,0,0,272,0,0.001,0.002
808,0.793,0.718,0,0.001,0.032,0,0,,0,,,,0,,,,,0,0,0,0,0,0,0,0,1,0,1,0,1,2,0,0,0,0,0,0,272,0,0,0.002
809,0.876,0.742,0,0.002,0.05,0,0,,0,,,,0,,,,,0,0,0,0,0,0,0,0,1,0,1,0,1,2,0,0,0,0,0,0,272,0.001,0.001,0.003
810,0.744,0.66,0,0.001,0.035,0,0,,1,375,229728256,286486528,1,62503872,62503872,135081984,38823561584,0,0,0,0,0,0,0,0,1,0,1,0,1,2,0,0,0,0,0,0,272,0.001,0,0.002
811,0.828,0.718,0,0.002,0.041,0,0,,0,,,,0,,,,,0,0,0,0,0,0,0,0,1,0,1,0,1,2,0,0,0,0,0,0,272,0.001,0.001,0.003
812,0.753,0.674,0.001,0.001,0.033,0,0,,0,,,,0,,,,,0,0,0,0,0,0,0,0,1,0,1,0,1,2,0,0,0,0,0,0,272,0.001,0,0.002
813,0.849,0.743,0,0.001,0.049,0,0,,0,,,,0,,,,,0,0,0,0,0,0,0,0,1,0,1,0,1,2,0,0,0,0,0,0,272,0.001,0.001,0.003
814,0.793,0.703,0,0.001,0.038,0,0,,0,,,,0,,,,,0,0,0,0,0,0,0,0,1,0,1,0,1,2,0,0,0,0,0,0,272,0,0,0.002
815,0.804,0.713,0,0.001,0.041,0,0,,0,,,,0,,,,,0,0,0,0,0,0,0,0,1,0,1,0,1,2,0,0,0,0,0,0,272,0.001,0,0.003
816,0.822,0.728,0,0.002,0.039,0,0,,0,,,,0,,,,,0,0,0,0,0,0,0,0,1,0,1,0,1,2,0,0,0,0,0,0,272,0.002,0,0.003
817,0.87,0.726,0,0.004,0.043,0,0,,0,,,,0,,,,,0,0,0,0,0,0,0,0,1,0,1,0,1,2,0,0,0,0,0,0,272,0.002,0.001,0.004
818,0.762,0.659,0.001,0.002,0.032,0,0,,0,,,,0,,,,,0,0,0,0,0,0,0,0,1,0,1,0,1,2,0,0,0,0,0,0,272,0.001,0.001,0.004
819,0.854,0.705,0.001,0.002,0.047,0,0,,0,,,,0,,,,,0,0,0,0,0,0,0,0,1,0,1,0,1,2,0,0,0,0,0,0,272,0.001,0.001,0.004
820,0.754,0.641,0.001,0.002,0.035,0,0,,0,,,,0,,,,,0,0,0,0,0,0,0,0,1,0,1,0,1,2,0,0,0,0,0,0,272,0.001,0.001,0.004
821,1.14,1.02,0,0.002,0.049,0,0,,0,,,,0,,,,,0,0,0,0,0,0,0,0,1,0,1,0,1,2,0,0,0,0,0,0,272,0.001,0.001,0.003
822,0.797,0.668,0,0.003,0.05,0,0,,0,,,,0,,,,,0,0,0,0,0,0,0,0,1,0,1,0,1,2,0,0,0,0,0,0,272,0.001,0.001,0.004
823,0.775,0.614,0.001,0.002,0.054,0,0,,0,,,,0,,,,,0,0,0,0,0,0,0,0,1,0,1,0,1,2,0,0,0,0,0,0,272,0.002,0.002,0.004
824,1.46,1.264,0.001,0.003,0.082,0,0,,0,,,,0,,,,,0,0,0,0,0,0,0,0,1,0,1,0,1,2,0,0,0,0,0,0,272,0.002,0.002,0.006
825,1.35,1.198,0.001,0.003,0.044,0,0,,0,,,,0,,,,,0,0,0,0,0,0,0,0,1,0,1,0,1,2,0,0,0,0,0,0,272,0.002,0.001,0.006
826,0.773,0.637,0,0.003,0.052,0,0,,0,,,,0,,,,,0,0,0,0,0,0,0,0,1,0,1,0,1,2,0,0,0,0,0,0,272,0.001,0.002,0.004
827,0.775,0.68,0,0.001,0.032,0,0,,0,,,,0,,,,,0,0,0,0,0,0,0,0,1,0,1,0,1,2,0,0,0,0,0,0,272,0.001,0.001,0.003
828,0.79,0.709,0,0.001,0.033,0,0,,0,,,,0,,,,,0,0,0,0,0,0,0,0,1,0,1,0,1,2,0,0,0,0,0,0,272,0.001,0,0.008
829,0.8,0.724,0,0.001,0.032,0,0,,0,,,,0,,,,,0,0,0,0,0,0,0,0,1,0,1,0,1,2,0,0,0,0,0,0,272,0.001,0,0.008
830,0.811,0.746,0.001,0.001,0.031,0,0,,0,,,,0,,,,,0,0,0,0,0,0,0,0,1,0,1,0,1,2,0,0,0,0,0,0,272,0.001,0,0.002
831,0.803,0.737,0,0.001,0.031,0,0,,0,,,,0,,,,,0,0,0,0,0,0,0,0,1,0,1,0,1,2,0,0,0,0,0,0,272,0.001,0,0.002
832,0.806,0.743,0,0.001,0.028,0,0,,0,,,,0,,,,,0,0,0,0,0,0,0,0,1,0,1,0,1,2,0,0,0,0,0,0,272,0,0.001,0.001
833,0.825,0.742,0,0.002,0.038,0,0,,0,,,,0,,,,,0,0,0,0,0,0,0,0,1,0,1,0,1,2,0,0,0,0,0,0,272,0.001,0,0.002
834,0.787,0.721,0,0.001,0.033,0,0,,0,,,,0,,,,,0,0,0,0,0,0,0,0,1,0,1,0,1,2,0,0,0,0,0,0,272,0.001,0,0.002
835,0.794,0.733,0,0,0.031,0,0,,0,,,,0,,,,,0,0,0,0,0,0,0,0,1,0,1,0,1,2,0,0,0,0,0,0,272,0,0.001,0.002
836,0.803,0.74,0,0.001,0.028,0,0,,0,,,,0,,,,,0,0,0,0,0,0,0,0,1,0,1,0,1,2,0,0,0,0,0,0,272,0.001,0,0.002
837,0.84,0.747,0,0.001,0.05,0,0,,0,,,,0,,,,,0,0,0,0,0,0,0,0,1,0,1,0,1,2,0,0,0,0,0,0,272,0.001,0,0.001
838,0.868,0.718,0,0.003,0.064,0,0,,0,,,,0,,,,,0,0,0,0,0,0,0,0,1,0,1,0,1,2,0,0,0,0,0,0,272,0.001,0.001,0.004
839,1.564,1.342,0.001,0.003,0.075,0,0,,0,,,,0,,,,,0,0,0,0,0,0,0,0,1,0,1,0,1,2,0,0,0,0,0,0,272,0.002,0.002,0.006
840,0.893,0.267,0.001,0.002,0.541,0,0,,1,390.625,229728256,286486528,1,62503872,62503872,135081984,38823561584,0,0,0,0,0,0,0,0,1,0,1,0,1,2,0,0,0,0,0,0,272,0.001,0.001,0.003
841,0.326,0.072,0,0.002,0.169,0,0,,0,,,,0,,,,,0,0,0,0,0,0,0,0,1,0,1,0,1,2,0,0,0,0,0,0,272,0.002,0.001,0.004
842,0.987,0.864,0,0.002,0.048,0,0,,0,,,,0,,,,,0,0,0,0,0,0,0,0,1,0,1,0,1,2,0,0,0,0,0,0,272,0.001,0.001,0.003
843,1.621,1.496,0.001,0.002,0.052,0,0,,0,,,,0,,,,,0,0,0,0,0,0,0,0,1,0,1,0,1,2,0,0,0,0,0,0,272,0.001,0.002,0.004
844,0.761,0.662,0,0.002,0.036,0,0,,0,,,,0,,,,,0,0,0,0,0,0,0,0,1,0,1,0,1,2,0,0,0,0,0,0,272,0.001,0,0.003
845,0.784,0.71,0,0.001,0.031,0,0,,0,,,,0,,,,,0,0,0,0,0,0,0,0,1,0,1,0,1,2,0,0,0,0,0,0,272,0,0.001,0.007
846,0.8,0.741,0,0.001,0.027,0,0,,0,,,,0,,,,,0,0,0,0,0,0,0,0,1,0,1,0,1,2,0,0,0,0,0,0,272,0,0,0.001
847,0.801,0.741,0.001,0,0.029,0,0,,0,,,,0,,,,,0,0,0,0,0,0,0,0,1,0,1,0,1,2,0,0,0,0,0,0,272,0.001,0,0.002
848,0.838,0.747,0,0.002,0.04,0,0,,0,,,,0,,,,,0,0,0,0,0,0,0,0,1,0,1,0,1,2,0,0,0,0,0,0,272,0,0,0.002
849,0.804,0.709,0,0.002,0.042,0,0,,0,,,,0,,,,,0,0,0,0,0,0,0,0,1,0,1,0,1,2,0,0,0,0,0,0,272,0.001,0.001,0.002
850,0.78,0.706,0,0.001,0.032,0,0,,0,,,,0,,,,,0,0,0,0,0,0,0,0,1,0,1,0,1,2,0,0,0,0,0,0,272,0,0,0.002
851,0.814,0.729,0,0.002,0.035,0,0,,0,,,,0,,,,,0,0,0,0,0,0,0,0,1,0,1,0,1,2,0,0,0,0,0,0,272,0.001,0,0.003
852,2.1,1.958,0,0.004,0.051,0,0,,0,,,,0,,,,,0,0,0,0,0,0,0,0,1,0,1,0,1,2,0,0,0,0,0,0,272,0.002,0.001,0.005
853,0.833,0.741,0.001,0.001,0.03,0,0,,0,,,,0,,,,,0,0,0,0,0,0,0,0,1,0,1,0,1,2,0,0,0,0,0,0,272,0.001,0,0.002
854,1.067,0.828,0,0.003,0.065,0,0,,0,,,,0,,,,,0,0,0,0,0,0,0,0,1,0,1,0,1,2,0,0,0,0,0,0,272,0.002,0.002,0.007
855,0.791,0.573,0,0.003,0.048,0,0,,0,,,,0,,,,,0,0,0,0,0,0,0,0,1,0,1,0,1,2,0,0,0,0,0,0,272,0.003,0.002,0.005
856,0.697,0.599,0,0.002,0.033,0,0,,0,,,,0,,,,,0,0,0,0,0,0,0,0,1,0,1,0,1,2,0,0,0,0,0,0,272,0.001,0,0.003
857,1.211,1.103,0,0.001,0.032,0,0,,0,,,,0,,,,,0,0,0,0,0,0,0,0,1,0,1,0,1,2,0,0,0,0,0,0,272,0.001,0.001,0.003
858,0.826,0.736,0,0.001,0.031,0,0,,0,,,,0,,,,,0,0,0,0,0,0,0,0,1,0,1,0,1,2,0,0,0,0,0,0,272,0.001,0,0.012
859,1.504,1.403,0,0.001,0.04,0,0,,0,,,,0,,,,,0,0,0,0,0,0,0,0,1,0,1,0,1,2,0,0,0,0,0,0,272,0.001,0.001,0.002
860,1.025,0.869,0,0.004,0.045,0,0,,0,,,,0,,,,,0,0,0,0,0,0,0,0,1,0,1,0,1,2,0,0,0,0,0,0,272,0.002,0.001,0.006
861,2.179,2.061,0,0.003,0.046,0,0,,0,,,,0,,,,,0,0,0,0,0,0,0,0,1,0,1,0,1,2,0,0,0,0,0,0,272,0.001,0.001,0.003
862,1.362,1.198,0,0.003,0.051,0,0,,0,,,,0,,,,,0,0,0,0,0,0,0,0,1,0,1,0,1,2,0,0,0,0,0,0,272,0.002,0.002,0.005
863,0.747,0.653,0,0.002,0.037,0,0,,0,,,,0,,,,,0,0,0,0,0,0,0,0,1,0,1,0,1,2,0,0,0,0,0,0,272,0,0,0.003
864,0.883,0.72,0,0.004,0.05,0,0,,0,,,,0,,,,,0,0,0,0,0,0,0,0,1,0,1,0,1,2,0,0,0,0,0,0,272,0.001,0.001,0.006
865,0.785,0.651,0,0.002,0.052,0,0,,0,,,,0,,,,,0,0,0,0,0,0,0,0,1,0,1,0,1,2,0,0,0,0,0,0,272,0.001,0.001,0.004
866,0.74,0.657,0,0.001,0.029,0,0,,0,,,,0,,,,,0,0,0,0,0,0,0,0,1,0,1,0,1,2,0,0,0,0,0,0,272,0,0.001,0.003
867,1.31,1.195,0.001,0.002,0.042,0,0,,0,,,,0,,,,,0,0,0,0,0,0,0,0,1,0,1,0,1,2,0,0,0,0,0,0,272,0.001,0,0.004
868,0.854,0.722,0,0.003,0.045,0,0,,0,,,,0,,,,,0,0,0,0,0,0,0,0,1,0,1,0,1,2,0,0,0,0,0,0,272,0.001,0.001,0.004
869,0.763,0.667,0,0.002,0.034,0,0,,0,,,,0,,,,,0,0,0,0,0,0,0,0,1,0,1,0,1,2,0,0,0,0,0,0,272,0.001,0.001,0.003
870,0.877,0.705,0.001,0.003,0.067,0,0,,1,390.625,229728256,286486528,1,62503872,62503872,135081984,38823561584,0,0,0,0,0,0,0,0,1,0,1,0,1,2,0,0,0,0,0,0,272,0.001,0.001,0.005
871,0.719,0.619,0,0.003,0.029,0,0,,0,,,,0,,,,,0,0,0,0,0,0,0,0,1,0,1,0,1,2,0,0,0,0,0,0,272,0.001,0.001,0.004
872,0.821,0.708,0,0.002,0.028,0,0,,0,,,,0,,,,,0,0,0,0,0,0,0,0,1,0,1,0,1,2,0,0,0,0,0,0,272,0.002,0.001,0.005
873,0.741,0.596,0,0.002,0.046,0,0,,0,,,,0,,,,,0,0,0,0,0,0,0,0,1,0,1,0,1,2,0,0,0,0,0,0,272,0.001,0.001,0.004
874,1.073,0.916,0,0.003,0.048,0,0,,0,,,,0,,,,,0,0,0,0,0,0,0,0,1,0,1,0,1,2,0,0,0,0,0,0,272,0.001,0.001,0.006
875,0.714,0.602,0,0.002,0.033,0,0,,0,,,,0,,,,,0,0,0,0,0,0,0,0,1,0,1,0,1,2,0,0,0,0,0,0,272,0.001,0.001,0.003
876,1.407,1.292,0,0.002,0.043,0,0,,0,,,,0,,,,,0,0,0,0,0,0,0,0,1,0,1,0,1,2,0,0,0,0,0,0,272,0.001,0.001,0.004
877,1.873,1.784,0,0.002,0.027,0,0,,0,,,,0,,,,,0,0,0,0,0,0,0,0,1,0,1,0,1,2,0,0,0,0,0,0,272,0.001,0.001,0.003
878,2.166,2.025,0,0.003,0.049,0,0,,0,,,,0,,,,,0,0,0,0,0,0,0,0,1,0,1,0,1,2,0,0,0,0,0,0,272,0.002,0.001,0.005
879,0.855,0.764,0,0.001,0.04,0,0,,0,,,,0,,,,,0,0,0,0,0,0,0,0,1,0,1,0,1,2,0,0,0,0,0,0,272,0.001,0.001,0.003
880,0.89,0.807,0,0.002,0.038,0,0,,0,,,,0,,,,,0,0,0,0,0,0,0,0,1,0,1,0,1,2,0,0,0,0,0,0,272,0,0.001,0.003
881,0.942,0.811,0,0.002,0.041,0,0,,0,,,,0,,,,,0,0,0,0,0,0,0,0,1,0,1,0,1,2,0,0,0,0,0,0,272,0.001,0.001,0.004
882,0.878,0.759,0,0.003,0.035,0,0,,0,,,,0,,,,,0,0,0,0,0,0,0,0,1,0,1,0,1,2,0,0,0,0,0,0,272,0.001,0.001,0.005
883,1.44,1.249,0,0.005,0.051,0,0,,0,,,,0,,,,,0,0,0,0,0,0,0,0,1,0,1,0,1,2,0,0,0,0,0,0,272,0.002,0.002,0.009
884,0.506,0.341,0.001,0.003,0.052,0,0,,0,,,,0,,,,,0,0,0,0,0,0,0,0,1,0,1,0,1,2,0,0,0,0,0,0,272,0.002,0.002,0.007
885,0.761,0.473,0,0.097,0.069,0,0,,0,,,,0,,,,,0,0,0,0,0,0,0,0,1,0,1,0,1,2,0,0,0,0,0,0,272,0.003,0.002,0.006
886,0.763,0.571,0,0.003,0.043,0,0,,0,,,,0,,,,,0,0,0,0,0,0,0,0,1,0,1,0,1,2,0,0,0,0,0,0,272,0.003,0.002,0.006
887,0.743,0.639,0,0.002,0.023,0,0,,0,,,,0,,,,,0,0,0,0,0,0,0,0,1,0,1,0,1,2,0,0,0,0,0,0,272,0.001,0.001,0.004
888,1.392,1.292,0,0.003,0.028,0,0,,0,,,,0,,,,,0,0,0,0,0,0,0,0,1,0,1,0,1,2,0,0,0,0,0,0,272,0.001,0.001,0.004
889,1.011,0.957,0,0.001,0.02,0,0,,0,,,,0,,,,,0,0,0,0,0,0,0,0,1,0,1,0,1,2,0,0,0,0,0,0,272,0,0.001,0.002
890,1.57,1.449,0.001,0.002,0.044,0,0,,0,,,,0,,,,,0,0,0,0,0,0,0,0,1,0,1,0,1,2,0,0,0,0,0,0,272,0.002,0.001,0.003
891,0.957,0.864,0,0.002,0.045,0,0,,0,,,,0,,,,,0,0,0,0,0,0,0,0,1,0,1,0,1,2,0,0,0,0,0,0,272,0,0.001,0.002
892,1.025,0.822,0,0.004,0.056,0,0,,0,,,,0,,,,,0,0,0,0,0,0,0,0,1,0,1,0,1,2,0,0,0,0,0,0,272,0.002,0.002,0.006
893,2.277,2.127,0.001,0.003,0.053,0,0,,0,,,,0,,,,,0,0,0,0,0,0,0,0,1,0,1,0,1,2,0,0,0,0,0,0,272,0.002,0.002,0.005
894,0.942,0.817,0,0.002,0.045,0,0,,0,,,,0,,,,,0,0,0,0,0,0,0,0,1,0,1,0,1,2,0,0,0,0,0,0,272,0.001,0.001,0.004
895,0.958,0.782,0,0.004,0.059,0,0,,0,,,,0,,,,,0,0,0,0,0,0,0,0,1,0,1,0,1,2,0,0,0,0,0,0,272,0.002,0.002,0.005
896,0.861,0.726,0,0.003,0.034,0,0,,0,,,,0,,,,,0,0,0,0,0,0,0,0,1,0,1,0,1,2,0,0,0,0,0,0,272,0.001,0.001,0.004
897,1.625,1.517,0,0.003,0.031,0,0,,0,,,,0,,,,,0,0,0,0,0,0,0,0,1,0,1,0,1,2,0,0,0,0,0,0,272,0.001,0.001,0.003
898,0.743,0.681,0,0.001,0.024,0,0,,0,,,,0,,,,,0,0,0,0,0,0,0,0,1,0,1,0,1,2,0,0,0,0,0,0,272,0,0.001,0.002
899,0.975,0.865,0,0.003,0.043,0,0,,0,,,,0,,,,,0,0,0,0,0,0,0,0,1,0,1,0,1,2,0,0,0,0,0,0,272,0.001,0,0.004
900,0.989,0.814,0,0.004,0.053,0,0,,1,390.625,229793792,286486528,1,62503872,62503872,135081984,38823561584,0,0,0,0,0,0,0,0,1,0,1,0,1,2,0,0,0,0,0,0,272,0.002,0.002,0.007
901,0.9,0.833,0,0.002,0.019,0,0,,0,,,,0,,,,,0,0,0,0,0,0,0,0,1,0,1,0,1,2,0,0,0,0,0,0,272,0,0,0.003
902,8.523,8.297,0,0.004,0.095,0,0,,0,,,,0,,,,,0,0,0,0,0,0,0,0,1,0,1,0,1,2,0,0,0,0,0,0,272,0.002,0.003,0.007
903,0.634,0.532,0,0.002,0.04,0,0,,0,,,,0,,,,,0,0,0,0,0,0,0,0,1,0,1,0,1,2,0,0,0,0,0,0,272,0,0.001,0.003
904,0.835,0.759,0,0.001,0.035,0,0,,0,,,,0,,,,,0,0,0,0,0,0,0,0,1,0,1,0,1,2,0,0,0,0,0,0,272,0,0.001,0.002
905,0.842,0.774,0,0.001,0.034,0,0,,0,,,,0,,,,,0,0,0,0,0,0,0,0,1,0,1,0,1,2,0,0,0,0,0,0,272,0,0.001,0.002
906,1.284,1.209,0.001,0.001,0.032,0,0,,0,,,,0,,,,,0,0,0,0,0,0,0,0,1,0,1,0,1,2,0,0,0,0,0,0,272,0.001,0,0.003
907,0.828,0.762,0,0.001,0.03,0,0,,0,,,,0,,,,,0,0,0,0,0,0,0,0,1,0,1,0,1,2,0,0,0,0,0,0,272,0,0,0.002
908,0.855,0.787,0,0,0.035,0,0,,0,,,,0,,,,,0,0,0,0,0,0,0,0,1,0,1,0,1,2,0,0,0,0,0,0,272,0,0,0.002
909,0.872,0.775,0,0.001,0.042,0,0,,0,,,,0,,,,,0,0,0,0,0,0,0,0,1,0,1,0,1,2,0,0,0,0,0,0,272,0.001,0.001,0.003
910,0.944,0.728,0.001,0.004,0.07,0,0,,0,,,,0,,,,,0,0,0,0,0,0,0,0,1,0,1,0,1,2,0,0,0,0,0,0,272,0.002,0.001,0.007
911,0.655,0.539,0,0.003,0.036,0,0,,0,,,,0,,,,,0,0,0,0,0,0,0,0,1,0,1,0,1,2,0,0,0,0,0,0,272,0.001,0,0.004
912,1.066,0.953,0,0.002,0.036,0,0,,0,,,,0,,,,,0,0,0,0,0,0,0,0,1,0,1,0,1,2,0,0,0,0,0,0,272,0.001,0.001,0.005
913,1.128,1.068,0,0.002,0.019,0,0,,0,,,,0,,,,,0,0,0,0,0,0,0,0,1,0,1,0,1,2,0,0,0,0,0,0,272,0.001,0,0.002
914,1.256,1.132,0.001,0.002,0.034,0,0,,0,,,,0,,,,,0,0,0,0,0,0,0,0,1,0,1,0,1,2,0,0,0,0,0,0,272,0.002,0.002,0.004
915,0.964,0.851,0,0.003,0.035,0,0,,0,,,,0,,,,,0,0,0,0,0,0,0,0,1,0,1,0,1,2,0,0,0,0,0,0,272,0.001,0.001,0.004
916,2.43,2.324,0,0.003,0.033,0,0,,0,,,,0,,,,,0,0,0,0,0,0,0,0,1,0,1,0,1,2,0,0,0,0,0,0,272,0.001,0.001,0.004
917,1.364,1.187,0.001,0.003,0.059,0,0,,0,,,,0,,,,,0,0,0,0,0,0,0,0,1,0,1,0,1,2,0,0,0,0,0,0,272,0.002,0.001,0.006
918,0.967,0.642,0,0.005,0.139,0,0,,0,,,,0,,,,,0,0,0,0,0,0,0,0,1,0,1,0,1,2,0,0,0,0,0,0,272,0.003,0.002,0.008
919,0.665,0.534,0,0.003,0.037,0,0,,0,,,,0,,,,,0,0,0,0,0,0,0,0,1,0,1,0,1,2,0,0,0,0,0,0,272,0.001,0.001,0.005
920,1.152,0.68,0,0.003,0.375,0,0,,0,,,,0,,,,,0,0,0,0,0,0,0,0,1,0,1,0,1,2,0,0,0,0,0,0,272,0.002,0.002,0.004
921,0.501,0.235,0,0.003,0.183,0,0,,0,,,,0,,,,,0,0,0,0,0,0,0,0,1,0,1,0,1,2,0,0,0,0,0,0,272,0.001,0,0.004
922,1.195,1.059,0,0.003,0.037,0,0,,0,,,,0,,,,,0,0,0,0,0,0,0,0,1,0,1,0,1,2,0,0,0,0,0,0,272,0.001,0.002,0.005
923,0.85,0.728,0,0.002,0.037,0,0,,0,,,,0,,,,,0,0,0,0,0,0,0,0,1,0,1,0,1,2,0,0,0,0,0,0,272,0.001,0.001,0.004
924,0.753,0.692,0,0.002,0.026,0,0,,0,,,,0,,,,,0,0,0,0,0,0,0,0,1,0,1,0,1,2,0,0,0,0,0,0,272,0,0.001,0.001
925,0.945,0.806,0,0.004,0.049,0,0,,0,,,,0,,,,,0,0,0,0,0,0,0,0,1,0,1,0,1,2,0,0,0,0,0,0,272,0.002,0.001,0.004
926,0.819,0.674,0,0.004,0.038,0,0,,0,,,,0,,,,,0,0,0,0,0,0,0,0,1,0,1,0,1,2,0,0,0,0,0,0,272,0.002,0.002,0.006
927,0.709,0.576,0,0.002,0.044,0,0,,0,,,,0,,,,,0,0,0,0,0,0,0,0,1,0,1,0,1,2,0,0,0,0,0,0,272,0.001,0.002,0.004
928,1.283,1.122,0.001,0.003,0.05,0,0,,0,,,,0,,,,,0,0,0,0,0,0,0,0,1,0,1,0,1,2,0,0,0,0,0,0,272,0.002,0.003,0.006
929,0.951,0.84,0,0.003,0.032,0,0,,0,,,,0,,,,,0,0,0,0,0,0,0,0,1,0,1,0,1,2,0,0,0,0,0,0,272,0.001,0.001,0.004
930,2.208,2.062,0.001,0.003,0.041,0,0,,1,390.625,229793792,286486528,1,62503872,62503872,135081984,38823561584,0,0,0,0,0,0,0,0,1,0,1,0,1,2,0,0,0,0,0,0,272,0.001,0.002,0.006
931,5.66,5.381,0,0.007,0.073,0,0,,0,,,,0,,,,,0,0,0,0,0,0,0,0,1,0,1,0,1,2,0,0,0,0,0,0,272,0.003,0.004,0.011
932,6.318,6.144,0,0.005,0.04,0,0,,0,,,,0,,,,,0,0,0,0,0,0,0,0,1,0,1,0,1,2,0,0,0,0,0,0,272,0.001,0.003,0.009
933,3.654,3.443,0.001,0.004,0.057,0,0,,0,,,,0,,,,,0,0,0,0,0,0,0,0,1,0,1,0,1,2,0,0,0,0,0,0,272,0.002,0.002,0.01
934,13.638,13.26,0,0.006,0.194,0,0,,0,,,,0,,,,,0,0,0,0,0,0,0,0,1,0,1,0,1,2,0,0,0,0,0,0,272,0.002,0.003,0.01
935,0.917,0.751,0,0.004,0.045,0,0,,0,,,,0,,,,,0,0,0,0,0,0,0,0,1,0,1,0,1,2,0,0,0,0,0,0,272,0.002,0.002,0.007
936,0.958,0.885,0,0.002,0.021,0,0,,0,,,,0,,,,,0,0,0,0,0,0,0,0,1,0,1,0,1,2,0,0,0,0,0,0,272,0.001,0.001,0.003
937,2.082,1.97,0,0.002,0.025,0,0,,0,,,,0,,,,,0,0,0,0,0,0,0,0,1,0,1,0,1,2,0,0,0,0,0,0,272,0,0.001,0.005
938,3.002,2.874,0,0.003,0.048,0,0,,0,,,,0,,,,,0,0,0,0,0,0,0,0,1,0,1,0,1,2,0,0,0,0,0,0,272,0.001,0.001,0.005
939,0.75,0.609,0,0.004,0.032,0,0,,0,,,,0,,,,,0,0,0,0,0,0,0,0,1,0,1,0,1,2,0,0,0,0,0,0,272,0.001,0.002,0.005
940,1.454,1.345,0,0.003,0.035,0,0,,0,,,,0,,,,,0,0,0,0,0,0,0,0,1,0,1,0,1,2,0,0,0,0,0,0,272,0.001,0.001,0.004
941,0.936,0.782,0,0.004,0.05,0,0,,0,,,,0,,,,,0,0,0,0,0,0,0,0,1,0,1,0,1,2,0,0,0,0,0,0,272,0.002,0.001,0.005
942,5.397,5.217,0.001,0.005,0.049,0,0,,0,,,,0,,,,,0,0,0,0,0,0,0,0,1,0,1,0,1,2,0,0,0,0,0,0,272,0.002,0.003,0.007
943,7.376,7.16,0,0.005,0.059,0,0,,0,,,,0,,,,,0,0,0,0,0,0,0,0,1,0,1,0,1,2,0,0,0,0,0,0,272,0.002,0.003,0.01
944,0.882,0.687,0.001,0.003,0.034,0,0,,0,,,,0,,,,,0,0,0,0,0,0,0,0,1,0,1,0,1,2,0,0,0,0,0,0,272,0.002,0.003,0.009
945,0.869,0.738,0,0.002,0.051,0,0,,0,,,,0,,,,,0,0,0,0,0,0,0,0,1,0,1,0,1,2,0,0,0,0,0,0,272,0.001,0,0.004
946,0.846,0.764,0.001,0.001,0.035,0,0,,0,,,,0,,,,,0,0,0,0,0,0,0,0,1,0,1,0,1,2,0,0,0,0,0,0,272,0,0.001,0.002
947,0.914,0.834,0,0,0.035,0,0,,0,,,,0,,,,,0,0,0,0,0,0,0,0,1,0,1,0,1,2,0,0,0,0,0,0,272,0,0.001,0.001
948,1.52,1.439,0.001,0.001,0.028,0,0,,0,,,,0,,,,,0,0,0,0,0,0,0,0,1,0,1,0,1,2,0,0,0,0,0,0,272,0.001,0,0.003
949,0.848,0.789,0,0,0.025,0,0,,0,,,,0,,,,,0,0,0,0,0,0,0,0,1,0,1,0,1,2,0,0,0,0,0,0,272,0,0.001,0.002
950,1.591,1.402,0,0.004,0.045,0,0,,0,,,,0,,,,,0,0,0,0,0,0,0,0,1,0,1,0,1,2,0,0,0,0,0,0,272,0.002,0.002,0.007
951,0.862,0.756,0,0.003,0.025,0,0,,0,,,,0,,,,,0,0,0,0,0,0,0,0,1,0,1,0,1,2,0,0,0,0,0,0,272,0.001,0.001,0.004
952,0.884,0.769,0,0.002,0.046,0,0,,0,,,,0,,,,,0,0,0,0,0,0,0,0,1,0,1,0,1,2,0,0,0,0,0,0,272,0.001,0.001,0.004
953,1.22,1.111,0,0.002,0.046,0,0,,0,,,,0,,,,,0,0,0,0,0,0,0,0,1,0,1,0,1,2,0,0,0,0,0,0,272,0.002,0.001,0.003
954,0.85,0.776,0,0.001,0.037,0,0,,0,,,,0,,,,,0,0,0,0,0,0,0,0,1,0,1,0,1,2,0,0,0,0,0,0,272,0.001,0,0.002
955,1.237,1.12,0,0.002,0.044,0,0,,0,,,,0,,,,,0,0,0,0,0,0,0,0,1,0,1,0,1,2,0,0,0,0,0,0,272,0.001,0.001,0.003
956,3.089,2.901,0.001,0.004,0.049,0,0,,0,,,,0,,,,,0,0,0,0,0,0,0,0,1,0,1,0,1,2,0,0,0,0,0,0,272,0.001,0.002,0.008
957,0.916,0.77,0.001,0.003,0.04,0,0,,0,,,,0,,,,,0,0,0,0,0,0,0,0,1,0,1,0,1,2,0,0,0,0,0,0,272,0.001,0.001,0.007
958,0.885,0.8,0,0.001,0.043,0,0,,0,,,,0,,,,,0,0,0,0,0,0,0,0,1,0,1,0,1,2,0,0,0,0,0,0,272,0,0,0.002
959,6.996,6.742,0,0.007,0.055,0,0,,0,,,,0,,,,,0,0,0,0,0,0,0,0,1,0,1,0,1,2,0,0,0,0,0,0,272,0.002,0.003,0.012
960,4.184,3.96,0.001,0.005,0.032,0,0,,1,390.625,229793792,286486528,1,62503872,62503872,135081984,38823561584,0,0,0,0,0,0,0,0,1,0,1,0,1,2,0,0,0,0,0,0,272,0.003,0.003,0.01
961,11.708,11.472,0,0.006,0.067,0,0,,0,,,,0,,,,,0,0,0,0,0,0,0,0,1,0,1,0,1,2,0,0,0,0,0,0,272,0.005,0.003,0.01
962,0.813,0.615,0,0.004,0.062,0,0,,0,,,,0,,,,,0,0,0,0,0,0,0,0,1,0,1,0,1,2,0,0,0,0,0,0,272,0.002,0.002,0.007
963,0.874,0.753,0,0.003,0.028,0,0,,0,,,,0,,,,,0,0,0,0,0,0,0,0,1,0,1,0,1,2,0,0,0,0,0,0,272,0.001,0.002,0.005
964,0.966,0.816,0.001,0.003,0.054,0,0,,0,,,,0,,,,,0,0,0,0,0,0,0,0,1,0,1,0,1,2,0,0,0,0,0,0,272,0.002,0.001,0.005
965,1.2,1.094,0.001,0.002,0.025,0,0,,0,,,,0,,,,,0,0,0,0,0,0,0,0,1,0,1,0,1,2,0,0,0,0,0,0,272,0.001,0.001,0.005
966,1.333,1.21,0,0.003,0.038,0,0,,0,,,,0,,,,,0,0,0,0,0,0,0,0,1,0,1,0,1,2,0,0,0,0,0,0,272,0.001,0.001,0.004
967,1.124,0.89,0,0.003,0.089,0,0,,0,,,,0,,,,,0,0,0,0,0,0,0,0,1,0,1,0,1,2,0,0,0,0,0,0,272,0.002,0.002,0.008
968,3.005,2.827,0,0.004,0.063,0,0,,0,,,,0,,,,,0,0,0,0,0,0,0,0,1,0,1,0,1,2,0,0,0,0,0,0,272,0.002,0.002,0.005
969,0.869,0.75,0,0.002,0.046,0,0,,0,,,,0,,,,,0,0,0,0,0,0,0,0,1,0,1,0,1,2,0,0,0,0,0,0,272,0.001,0.001,0.004
970,0.904,0.82,0,0.001,0.042,0,0,,0,,,,0,,,,,0,0,0,0,0,0,0,0,1,0,1,0,1,2,0,0,0,0,0,0,272,0.001,0,0.003
971,0.959,0.885,0,0.001,0.035,0,0,,0,,,,0,,,,,0,0,0,0,0,0,0,0,1,0,1,0,1,2,0,0,0,0,0,0,272,0.001,0,0.002
972,0.932,0.874,0,0.001,0.03,0,0,,0,,,,0,,,,,0,0,0,0,0,0,0,0,1,0,1,0,1,2,0,0,0,0,0,0,272,0,0,0.002
973,1.101,0.913,0.001,0.003,0.059,0,0,,0,,,,0,,,,,0,0,0,0,0,0,0,0,1,0,1,0,1,2,0,0,0,0,0,0,272,0.002,0.002,0.006
974,2.338,2.096,0,0.003,0.09,0,0,,0,,,,0,,,,,0,0,0,0,0,0,0,0,1,0,1,0,1,2,0,0,0,0,0,0,272,0.002,0.002,0.005
975,0.941,0.698,0,0.005,0.055,0,0,,0,,,,0,,,,,0,0,0,0,0,0,0,0,1,0,1,0,1,2,0,0,0,0,0,0,272,0.003,0.002,0.009
976,0.859,0.716,0,0.003,0.044,0,0,,0,,,,0,,,,,0,0,0,0,0,0,0,0,1,0,1,0,1,2,0,0,0,0,0,0,272,0.002,0.001,0.004
977,0.874,0.765,0,0.003,0.031,0,0,,0,,,,0,,,,,0,0,0,0,0,0,0,0,1,0,1,0,1,2,0,0,0,0,0,0,272,0.001,0.001,0.004
978,2.164,1.956,0,0.004,0.052,0,0,,0,,,,0,,,,,0,0,0,0,0,0,0,0,1,0,1,0,1,2,0,0,0,0,0,0,272,0.002,0.002,0.008
979,0.822,0.714,0.001,0.002,0.039,0,0,,0,,,,0,,,,,0,0,0,0,0,0,0,0,1,0,1,0,1,2,0,0,0,0,0,0,272,0,0,0.004
980,0.943,0.857,0.001,0.001,0.034,0,0,,0,,,,0,,,,,0,0,0,0,0,0,0,0,1,0,1,0,1,2,0,0,0,0,0,0,272,0.001,0,0.003
981,5.901,5.741,0.001,0.003,0.046,0,0,,0,,,,0,,,,,0,0,0,0,0,0,0,0,1,0,1,0,1,2,0,0,0,0,0,0,272,0.002,0.001,0.007
982,6.129,5.915,0,0.006,0.043,0,0,,0,,,,0,,,,,0,0,0,0,0,0,0,0,1,0,1,0,1,2,0,0,0,0,0,0,272,0.002,0.003,0.01
983,4.209,3.962,0.001,0.006,0.06,0,0,,0,,,,0,,,,,0,0,0,0,0,0,0,0,1,0,1,0,1,2,0,0,0,0,0,0,272,0.002,0.003,0.011
984,12.123,11.853,0,0.007,0.07,0,0,,0,,,,0,,,,,0,0,0,0,0,0,0,0,1,0,1,0,1,2,0,0,0,0,0,0,272,0.002,0.004,0.01
985,0.901,0.768,0,0.003,0.033,0,0,,0,,,,0,,,,,0,0,0,0,0,0,0,0,1,0,1,0,1,2,0,0,0,0,0,0,272,0.001,0.002,0.006
986,0.807,0.734,0,0.001,0.022,0,0,,0,,,,0,,,,,0,0,0,0,0,0,0,0,1,0,1,0,1,2,0,0,0,0,0,0,272,0.001,0.001,0.003
987,1.097,0.976,0,0.001,0.05,0,0,,0,,,,0,,,,,0,0,0,0,0,0,0,0,1,0,1,0,1,2,0,0,0,0,0,0,272,0.001,0.001,0.003
988,1.031,0.803,0.001,0.005,0.053,0,0,,0,,,,0,,,,,0,0,0,0,0,0,0,0,1,0,1,0,1,2,0,0,0,0,0,0,272,0.002,0.003,0.009
989,0.811,0.702,0.001,0.002,0.035,0,0,,0,,,,0,,,,,0,0,0,0,0,0,0,0,1,0,1,0,1,2,0,0,0,0,0,0,272,0,0,0.005
990,2.707,2.539,0,0.002,0.06,0,0,,1,406.25,229793792,286486528,1,62503872,62503872,135081984,38823561584,0,0,0,0,0,0,0,0,1,0,1,0,1,2,0,0,0,0,0,0,272,0.001,0.002,0.005
991,1.221,1.012,0,0.004,0.066,0,0,,0,,,,0,,,,,0,0,0,0,0,0,0,0,1,0,1,0,1,2,0,0,0,0,0,0,272,0.002,0.002,0.006
992,0.622,0.535,0,0.001,0.039,0,0,,0,,,,0,,,,,0,0,0,0,0,0,0,0,1,0,1,0,1,2,0,0,0,0,0,0,272,0.001,0.001,0.002
993,0.802,0.714,0,0.001,0.041,0,0,,0,,,,0,,,,,0,0,0,0,0,0,0,0,1,0,1,0,1,2,0,0,0,0,0,0,272,0.001,0.001,0.002
994,0.854,0.741,0.001,0.002,0.035,0,0,,0,,,,0,,,,,0,0,0,0,0,0,0,0,1,0,1,0,1,2,0,0,0,0,0,0,272,0.001,0.002,0.004
995,1.11,1.039,0,0.002,0.027,0,0,,0,,,,0,,,,,0,0,0,0,0,0,0,0,1,0,1,0,1,2,0,0,0,0,0,0,272,0.001,0.001,0.002
996,0.94,0.789,0,0.003,0.046,0,0,,0,,,,0,,,,,0,0,0,0,0,0,0,0,1,0,1,0,1,2,0,0,0,0,0,0,272,0.001,0.002,0.005
997,0.689,0.591,0,0.002,0.041,0,0,,0,,,,0,,,,,0,0,0,0,0,0,0,0,1,0,1,0,1,2,0,0,0,0,0,0,272,0,0,0.003
998,0.789,0.681,0,0.001,0.025,0,0,,0,,,,0,,,,,0,0,0,0,0,0,0,0,1,0,1,0,1,2,0,0,0,0,0,0,272,0.001,0.001,0.002
999,0.792,0.674,0,0.003,0.035,0,0,,0,,,,0,,,,,0,0,0,0,0,0,0,0,1,0,1,0,1,2,0,0,0,0,0,0,272,0.001,0.001,0.004
1000,0.785,0.585,0,0.002,0.046,0,0,,0,,,,0,,,,,0,0,0,0,0,0,0,0,1,0,1,0,1,2,0,0,0,0,0,0,272,0.005,0.002,0.008
1001,0.761,0.651,0,0.003,0.031,0,0,,0,,,,0,,,,,0,0,0,0,0,0,0,0,1,0,1,0,1,2,0,0,0,0,0,0,272,0.001,0.001,0.004
1002,4.306,4.131,0,0.005,0.041,0,0,,0,,,,0,,,,,0,0,0,0,0,0,0,0,1,0,1,0,1,2,0,0,0,0,0,0,272,0.002,0.003,0.009
1003,5.609,5.342,0.001,0.005,0.096,0,0,,0,,,,0,,,,,0,0,0,0,0,0,0,0,1,0,1,0,1,2,0,0,0,0,0,0,272,0.002,0.003,0.01
1004,1.013,0.788,0,0.004,0.046,0,0,,0,,,,0,,,,,0,0,0,0,0,0,0,0,1,0,1,0,1,2,0,0,0,0,0,0,272,0.002,0.002,0.007
1005,2.104,1.861,0,0.004,0.079,0,0,,0,,,,0,,,,,0,0,0,0,0,0,0,0,1,0,1,0,1,2,0,0,0,0,0,0,272,0.003,0.002,0.008
1006,0.845,0.685,0.001,0.003,0.053,0,0,,0,,,,0,,,,,0,0,0,0,0,0,0,0,1,0,1,0,1,2,0,0,0,0,0,0,272,0.002,0.002,0.005
1007,1.01,0.739,0,0.002,0.206,0,0,,0,,,,0,,,,,0,0,0,0,0,0,0,0,1,0,1,0,1,2,0,0,0,0,0,0,272,0,0,0.003
1008,0.571,0.252,0,0.004,0.193,0,0,,0,,,,0,,,,,0,0,0,0,0,0,0,0,1,0,1,0,1,2,0,0,0,0,0,0,272,0.001,0.002,0.007
1009,0.627,0.536,0,0.002,0.026,0,0,,0,,,,0,,,,,0,0,0,0,0,0,0,0,1,0,1,0,1,2,0,0,0,0,0,0,272,0.001,0.001,0.004
1010,1.271,1.15,0,0.003,0.025,0,0,,0,,,,0,,,,,0,0,0,0,0,0,0,0,1,0,1,0,1,2,0,0,0,0,0,0,272,0.001,0.001,0.005
1011,0.809,0.731,0.001,0.001,0.024,0,0,,0,,,,0,,,,,0,0,0,0,0,0,0,0,1,0,1,0,1,2,0,0,0,0,0,0,272,0.001,0.001,0.003
1012,1.511,1.372,0,0.003,0.044,0,0,,0,,,,0,,,,,0,0,0,0,0,0,0,0,1,0,1,0,1,2,0,0,0,0,0,0,272,0.001,0.002,0.005
1013,1.09,0.978,0,0.003,0.031,0,0,,0,,,,0,,,,,0,0,0,0,0,0,0,0,1,0,1,0,1,2,0,0,0,0,0,0,272,0.001,0.002,0.004
1014,6.983,6.794,0,0.005,0.042,0,0,,0,,,,0,,,,,0,0,0,0,0,0,0,0,1,0,1,0,1,2,0,0,0,0,0,0,272,0.002,0.003,0.009
1015,6.762,6.503,0.001,0.006,0.053,0,0,,0,,,,0,,,,,0,0,0,0,0,0,0,0,1,0,1,0,1,2,0,0,0,0,0,0,272,0.002,0.003,0.011
1016,8.64,8.37,0,0.006,0.076,0,0,,0,,,,0,,,,,0,0,0,0,0,0,0,0,1,0,1,0,1,2,0,0,0,0,0,0,272,0.002,0.004,0.011
1017,0.691,0.577,0,0.002,0.045,0,0,,0,,,,0,,,,,0,0,0,0,0,0,0,0,1,0,1,0,1,2,0,0,0,0,0,0,272,0.001,0,0.004
1018,2.307,2.129,0,0.003,0.049,0,0,,0,,,,0,,,,,0,0,0,0,0,0,0,0,1,0,1,0,1,2,0,0,0,0,0,0,272,0.002,0.002,0.006
1019,0.838,0.718,0,0.002,0.048,0,0,,0,,,,0,,,,,0,0,0,0,0,0,0,0,1,0,1,0,1,2,0,0,0,0,0,0,272,0.001,0.001,0.004
1020,0.995,0.81,0,0.004,0.043,0,0,,1,421.875,229793792,286486528,1,62503872,62503872,135081984,38823561584,0,0,0,0,0,0,0,0,1,0,1,0,1,2,0,0,0,0,0,0,272,0.002,0.002,0.007
1021,0.916,0.825,0.001,0.001,0.026,0,0,,0,,,,0,,,,,0,0,0,0,0,0,0,0,1,0,1,0,1,2,0,0,0,0,0,0,272,0.001,0.002,0.004
1022,1.34,1.184,0,0.003,0.037,0,0,,0,,,,0,,,,,0,0,0,0,0,0,0,0,1,0,1,0,1,2,0,0,0,0,0,0,272,0.002,0.002,0.005
1023,0.814,0.72,0,0.002,0.033,0,0,,0,,,,0,,,,,0,0,0,0,0,0,0,0,1,0,1,0,1,2,0,0,0,0,0,0,272,0,0,0.003
1024,1.591,1.403,0,0.003,0.064,0,0,,0,,,,0,,,,,0,0,0,0,0,0,0,0,1,0,1,0,1,2,0,0,0,0,0,0,272,0.001,0.001,0.006
1025,0.945,0.821,0,0.002,0.044,0,0,,0,,,,0,,,,,0,0,0,0,0,0,0,0,1,0,1,0,1,2,0,0,0,0,0,0,272,0.001,0.001,0.004
1026,3.056,2.896,0,0.004,0.028,0,0,,0,,,,0,,,,,0,0,0,0,0,0,0,0,1,0,1,0,1,2,0,0,0,0,0,0,272,0.002,0.002,0.008
1027,0.983,0.77,0.001,0.003,0.085,0,0,,0,,,,0,,,,,0,0,0,0,0,0,0,0,1,0,1,0,1,2,0,0,0,0,0,0,272,0.002,0.001,0.005
1028,0.848,0.74,0,0.002,0.042,0,0,,0,,,,0,,,,,0,0,0,0,0,0,0,0,1,0,1,0,1,2,0,0,0,0,0,0,272,0.001,0,0.004
1029,0.988,0.835,0,0.004,0.05,0,0,,0,,,,0,,,,,0,0,0,0,0,0,0,0,1,0,1,0,1,2,0,0,0,0,0,0,272,0.001,0.001,0.005
1030,0.905,0.797,0,0.003,0.026,0,0,,0,,,,0,,,,,0,0,0,0,0,0,0,0,1,0,1,0,1,2,0,0,0,0,0,0,272,0.001,0.001,0.003
1031,1.23,1.131,0,0.003,0.036,0,0,,0,,,,0,,,,,0,0,0,0,0,0,0,0,1,0,1,0,1,2,0,0,0,0,0,0,272,0.001,0,0.004
1032,0.955,0.839,0.001,0.002,0.031,0,0,,0,,,,0,,,,,0,0,0,0,0,0,0,0,1,0,1,0,1,2,0,0,0,0,0,0,272,0.001,0.001,0.004
1033,0.844,0.721,0.001,0.003,0.035,0,0,,0,,,,0,,,,,0,0,0,0,0,0,0,0,1,0,1,0,1,2,0,0,0,0,0,0,272,0.001,0.001,0.005
1034,1.254,0.839,0,0.002,0.357,0,0,,0,,,,0,,,,,0,0,0,0,0,0,0,0,1,0,1,0,1,2,0,0,0,0,0,0,272,0.001,0.001,0.003
1035,0.813,0.675,0,0.004,0.029,0,0,,0,,,,0,,,,,0,0,0,0,0,0,0,0,1,0,1,0,1,2,0,0,0,0,0,0,272,0.002,0.002,0.005
1036,1.831,1.541,0.001,0.003,0.031,0,0,,0,,,,0,,,,,0,0,0,0,0,0,0,0,1,0,1,0,1,2,0,0,0,0,0,0,272,0.002,0.001,0.004
1037,0.732,0.608,0.001,0.002,0.032,0,0,,0,,,,0,,,,,0,0,0,0,0,0,0,0,1,0,1,0,1,2,0,0,0,0,0,0,272,0.001,0.001,0.006
1038,1.585,1.413,0,0.003,0.062,0,0,,0,,,,0,,,,,0,0,0,0,0,0,0,0,1,0,1,0,1,2,0,0,0,0,0,0,272,0.001,0.001,0.006
1039,2.848,2.645,0,0.004,0.063,0,0,,0,,,,0,,,,,0,0,0,0,0,0,0,0,1,0,1,0,1,2,0,0,0,0,0,0,272,0.002,0.001,0.006
1040,0.819,0.711,0,0.003,0.036,0,0,,0,,,,0,,,,,0,0,0,0,0,0,0,0,1,0,1,0,1,2,0,0,0,0,0,0,272,0.001,0.001,0.004
1041,1.089,0.907,0,0.004,0.05,0,0,,0,,,,0,,,,,0,0,0,0,0,0,0,0,1,0,1,0,1,2,0,0,0,0,0,0,272,0.002,0.002,0.006
1042,0.836,0.728,0,0.002,0.033,0,0,,0,,,,0,,,,,0,0,0,0,0,0,0,0,1,0,1,0,1,2,0,0,0,0,0,0,272,0.001,0.001,0.004
1043,0.947,0.852,0,0.001,0.03,0,0,,0,,,,0,,,,,0,0,0,0,0,0,0,0,1,0,1,0,1,2,0,0,0,0,0,0,272,0.001,0.001,0.003
1044,1.645,1.456,0,0.004,0.056,0,0,,0,,,,0,,,,,0,0,0,0,0,0,0,0,1,0,1,0,1,2,0,0,0,0,0,0,272,0.002,0.001,0.006
1045,0.787,0.691,0,0.002,0.033,0,0,,0,,,,0,,,,,0,0,0,0,0,0,0,0,1,0,1,0,1,2,0,0,0,0,0,0,272,0.001,0.001,0.003
1046,1.033,0.853,0,0.003,0.05,0,0,,0,,,,0,,,,,0,0,0,0,0,0,0,0,1,0,1,0,1,2,0,0,0,0,0,0,272,0.002,0.001,0.006
1047,0.862,0.749,0,0.003,0.022,0,0,,0,,,,0,,,,,0,0,0,0,0,0,0,0,1,0,1,0,1,2,0,0,0,0,0,0,272,0.002,0.001,0.005
1048,1.092,0.907,0,0.004,0.074,0,0,,0,,,,0,,,,,0,0,0,0,0,0,0,0,1,0,1,0,1,2,0,0,0,0,0,0,272,0.002,0.001,0.006
1049,0.808,0.678,0.001,0.002,0.057,0,0,,0,,,,0,,,,,0,0,0,0,0,0,0,0,1,0,1,0,1,2,0,0,0,0,0,0,272,0.001,0.001,0.003
1050,1.465,1.295,0,0.003,0.04,0,0,,1,453.125,229814272,286523392,1,62503872,62503872,135081984,38823561584,0,0,0,0,0,0,0,0,1,0,1,0,1,2,0,0,0,0,0,0,272,0.002,0.001,0.006
1051,1.378,1.226,0,0.003,0.048,0,0,,0,,,,0,,,,,0,0,0,0,0,0,0,0,1,0,1,0,1,2,0,0,0,0,0,0,272,0.001,0.002,0.006
1052,0.958,0.82,0,0.003,0.044,0,0,,0,,,,0,,,,,0,0,0,0,0,0,0,0,1,0,1,0,1,2,0,0,0,0,0,0,272,0.001,0.002,0.004
1053,2.391,2.234,0.001,0.004,0.033,0,0,,0,,,,0,,,,,0,0,0,0,0,0,0,0,1,0,1,0,1,2,0,0,0,0,0,0,272,0.002,0.001,0.004
1054,1.576,1.389,0.001,0.003,0.061,0,0,,0,,,,0,,,,,0,0,0,0,0,0,0,0,1,0,1,0,1,2,0,0,0,0,0,0,272,0.003,0.001,0.007
1055,0.858,0.754,0,0.002,0.045,0,0,,0,,,,0,,,,,0,0,0,0,0,0,0,0,1,0,1,0,1,2,0,0,0,0,0,0,272,0.001,0.001,0.003
1056,0.994,0.839,0,0.004,0.036,0,0,,0,,,,0,,,,,0,0,0,0,0,0,0,0,1,0,1,0,1,2,0,0,0,0,0,0,272,0.002,0.001,0.006
1057,0.821,0.676,0,0.003,0.058,0,0,,0,,,,0,,,,,0,0,0,0,0,0,0,0,1,0,1,0,1,2,0,0,0,0,0,0,272,0.001,0.001,0.005
1058,1.274,1.131,0,0.003,0.046,0,0,,0,,,,0,,,,,0,0,0,0,0,0,0,0,1,0,1,0,1,2,0,0,0,0,0,0,272,0.002,0.001,0.004
1059,1.003,0.854,0,0.003,0.048,0,0,,0,,,,0,,,,,0,0,0,0,0,0,0,0,1,0,1,0,1,2,0,0,0,0,0,0,272,0.001,0.001,0.004
1060,0.924,0.81,0,0.002,0.039,0,0,,0,,,,0,,,,,0,0,0,0,0,0,0,0,1,0,1,0,1,2,0,0,0,0,0,0,272,0.001,0,0.004
1061,0.986,0.862,0,0.002,0.041,0,0,,0,,,,0,,,,,0,0,0,0,0,0,0,0,1,0,1,0,1,2,0,0,0,0,0,0,272,0.002,0.001,0.004
1062,1.138,0.997,0,0.003,0.043,0,0,,0,,,,0,,,,,0,0,0,0,0,0,0,0,1,0,1,0,1,2,0,0,0,0,0,0,272,0.001,0.001,0.005
1063,1.314,1.161,0,0.002,0.053,0,0,,0,,,,0,,,,,0,0,0,0,0,0,0,0,1,0,1,0,1,2,0,0,0,0,0,0,272,0.001,0.001,0.005
1064,2.633,2.42,0.001,0.004,0.066,0,0,,0,,,,0,,,,,0,0,0,0,0,0,0,0,1,0,1,0,1,2,0,0,0,0,0,0,272,0.002,0.002,0.008
1065,14.565,14.328,0.001,0.005,0.051,0,0,,0,,,,0,,,,,0,0,0,0,0,0,0,0,1,0,1,0,1,2,0,0,0,0,0,0,272,0.002,0.004,0.011
1066,3.583,3.424,0.001,0.004,0.037,0,0,,0,,,,0,,,,,0,0,0,0,0,0,0,0,1,0,1,0,1,2,0,0,0,0,0,0,272,0.001,0.001,0.007
1067,9.014,8.806,0,0.005,0.056,0,0,,0,,,,0,,,,,0,0,0,0,0,0,0,0,1,0,1,0,1,2,0,0,0,0,0,0,272,0.002,0.003,0.01
1068,0.832,0.678,0,0.003,0.041,0,0,,0,,,,0,,,,,0,0,0,0,0,0,0,0,1,0,1,0,1,2,0,0,0,0,0,0,272,0.002,0.002,0.006
1069,0.917,0.778,0,0.003,0.043,0,0,,0,,,,0,,,,,0,0,0,0,0,0,0,0,1,0,1,0,1,2,0,0,0,0,0,0,272,0.002,0.002,0.005
1070,0.96,0.738,0,0.011,0.068,0,0,,0,,,,0,,,,,0,0,0,0,0,0,0,0,1,0,1,0,1,2,0,0,0,0,0,0,272,0.002,0.002,0.006
1071,1.234,1.047,0,0.004,0.054,0,0,,0,,,,0,,,,,0,0,0,0,0,0,0,0,1,0,1,0,1,2,0,0,0,0,0,0,272,0.002,0.001,0.005
1072,0.831,0.693,0.001,0.002,0.041,0,0,,0,,,,0,,,,,0,0,0,0,0,0,0,0,1,0,1,0,1,2,0,0,0,0,0,0,272,0.001,0.001,0.005
1073,1.299,1.127,0,0.004,0.051,0,0,,0,,,,0,,,,,0,0,0,0,0,0,0,0,1,0,1,0,1,2,0,0,0,0,0,0,272,0.001,0.002,0.005
1074,0.876,0.714,0,0.004,0.046,0,0,,0,,,,0,,,,,0,0,0,0,0,0,0,0,1,0,1,0,1,2,0,0,0,0,0,0,272,0.002,0.001,0.005
1075,3.422,3.133,0,0.005,0.096,0,0,,0,,,,0,,,,,0,0,0,0,0,0,0,0,1,0,1,0,1,2,0,0,0,0,0,0,272,0.002,0.003,0.01
1076,0.692,0.538,0,0.002,0.046,0,0,,0,,,,0,,,,,0,0,0,0,0,0,0,0,1,0,1,0,1,2,0,0,0,0,0,0,272,0.002,0.002,0.005
1077,0.994,0.839,0,0.003,0.051,0,0,,0,,,,0,,,,,0,0,0,0,0,0,0,0,1,0,1,0,1,2,0,0,0,0,0,0,272,0.001,0.002,0.006
1078,0.865,0.759,0,0.001,0.042,0,0,,0,,,,0,,,,,0,0,0,0,0,0,0,0,1,0,1,0,1,2,0,0,0,0,0,0,272,0.001,0.001,0.011
1079,1.018,0.865,0,0.003,0.037,0,0,,0,,,,0,,,,,0,0,0,0,0,0,0,0,1,0,1,0,1,2,0,0,0,0,0,0,272,0.002,0.002,0.005
1080,2.01,1.903,0,0.003,0.029,0,0,,1,453.125,229818368,286523392,1,62503872,62503872,135081984,38823561584,0,0,0,0,0,0,0,0,1,0,1,0,1,2,0,0,0,0,0,0,272,0.001,0.001,0.005
1081,1.107,0.882,0,0.004,0.069,0,0,,0,,,,0,,,,,0,0,0,0,0,0,0,0,1,0,1,0,1,2,0,0,0,0,0,0,272,0.002,0.002,0.008
1082,0.793,0.632,0,0.004,0.055,0,0,,0,,,,0,,,,,0,0,0,0,0,0,0,0,1,0,1,0,1,2,0,0,0,0,0,0,272,0.002,0.002,0.006
1083,0.873,0.706,0.001,0.004,0.045,0,0,,0,,,,0,,,,,0,0,0,0,0,0,0,0,1,0,1,0,1,2,0,0,0,0,0,0,272,0.002,0.002,0.007
1084,1.316,1.099,0,0.003,0.078,0,0,,0,,,,0,,,,,0,0,0,0,0,0,0,0,1,0,1,0,1,2,0,0,0,0,0,0,272,0.002,0.001,0.015
1085,1.014,0.784,0,0.004,0.099,0,0,,0,,,,0,,,,,0,0,0,0,0,0,0,0,1,0,1,0,1,2,0,0,0,0,0,0,272,0.002,0.002,0.005
1086,0.803,0.627,0.001,0.003,0.048,0,0,,0,,,,0,,,,,0,0,0,0,0,0,0,0,1,0,1,0,1,2,0,0,0,0,0,0,272,0.002,0.001,0.005
1087,1.579,1.386,0.001,0.003,0.082,0,0,,0,,,,0,,,,,0,0,0,0,0,0,0,0,1,0,1,0,1,2,0,0,0,0,0,0,272,0.002,0.001,0.005
1088,5.342,5.069,0,0.007,0.069,0,0,,0,,,,0,,,,,0,0,0,0,0,0,0,0,1,0,1,0,1,2,0,0,0,0,0,0,272,0.005,0.003,0.01
1089,7.979,7.711,0.001,0.006,0.067,0,0,,0,,,,0,,,,,0,0,0,0,0,0,0,0,1,0,1,0,1,2,0,0,0,0,0,0,272,0.003,0.004,0.011
1090,15.022,14.784,0.001,0.006,0.057,0,0,,0,,,,0,,,,,0,0,0,0,0,0,0,0,1,0,1,0,1,2,0,0,0,0,0,0,272,0.003,0.003,0.01
1091,3.693,3.509,0,0.005,0.046,0,0,,0,,,,0,,,,,0,0,0,0,0,0,0,0,1,0,1,0,1,2,0,0,0,0,0,0,272,0.001,0.002,0.008
1092,7.494,7.247,0.001,0.005,0.059,0,0,,0,,,,0,,,,,0,0,0,0,0,0,0,0,1,0,1,0,1,2,0,0,0,0,0,0,272,0.003,0.003,0.009
1093,1.061,0.94,0.001,0.003,0.027,0,0,,0,,,,0,,,,,0,0,0,0,0,0,0,0,1,0,1,0,1,2,0,0,0,0,0,0,272,0.001,0.001,0.006
1094,1.084,0.924,0,0.004,0.041,0,0,,0,,,,0,,,,,0,0,0,0,0,0,0,0,1,0,1,0,1,2,0,0,0,0,0,0,272,0.002,0.002,0.006
1095,1.292,1.178,0,0.003,0.035,0,0,,0,,,,0,,,,,0,0,0,0,0,0,0,0,1,0,1,0,1,2,0,0,0,0,0,0,272,0.001,0.001,0.004
1096,0.797,0.663,0,0.003,0.045,0,0,,0,,,,0,,,,,0,0,0,0,0,0,0,0,1,0,1,0,1,2,0,0,0,0,0,0,272,0.002,0.001,0.004
1097,0.701,0.617,0,0.002,0.027,0,0,,0,,,,0,,,,,0,0,0,0,0,0,0,0,1,0,1,0,1,2,0,0,0,0,0,0,272,0.001,0.001,0.002
1098,1.119,0.991,0,0.002,0.036,0,0,,0,,,,0,,,,,0,0,0,0,0,0,0,0,1,0,1,0,1,2,0,0,0,0,0,0,272,0.001,0.001,0.005
1099,1.105,0.964,0,0.002,0.033,0,0,,0,,,,0,,,,,0,0,0,0,0,0,0,0,1,0,1,0,1,2,0,0,0,0,0,0,272,0.001,0.002,0.004
1100,0.503,0.278,0.001,0.003,0.059,0,0,,0,,,,0,,,,,0,0,0,0,0,0,0,0,1,0,1,0,1,2,0,0,0,0,0,0,272,0.003,0.002,0.006
1101,0.891,0.717,0,0.003,0.058,0,0,,0,,,,0,,,,,0,0,0,0,0,0,0,0,1,0,1,0,1,2,0,0,0,0,0,0,272,0.001,0.001,0.016
1102,0.644,0.551,0,0.002,0.025,0,0,,0,,,,0,,,,,0,0,0,0,0,0,0,0,1,0,1,0,1,2,0,0,0,0,0,0,272,0.001,0.001,0.003
1103,2.483,2.36,0.001,0.002,0.028,0,0,,0,,,,0,,,,,0,0,0,0,0,0,0,0,1,0,1,0,1,2,0,0,0,0,0,0,272,0.002,0.002,0.005
1104,0.681,0.503,0,0.003,0.054,0,0,,0,,,,0,,,,,0,0,0,0,0,0,0,0,1,0,1,0,1,2,0,0,0,0,0,0,272,0.002,0.001,0.006
1105,0.805,0.718,0,0.002,0.032,0,0,,0,,,,0,,,,,0,0,0,0,0,0,0,0,1,0,1,0,1,2,0,0,0,0,0,0,272,0.001,0,0.003
1106,0.873,0.692,0,0.004,0.062,0,0,,0,,,,0,,,,,0,0,0,0,0,0,0,0,1,0,1,0,1,2,0,0,0,0,0,0,272,0.002,0.001,0.005
1107,0.648,0.577,0,0.001,0.031,0,0,,0,,,,0,,,,,0,0,0,0,0,0,0,0,1,0,1,0,1,2,0,0,0,0,0,0,272,0,0.001,0.002
1108,0.916,0.834,0,0.001,0.031,0,0,,0,,,,0,,,,,0,0,0,0,0,0,0,0,1,0,1,0,1,2,0,0,0,0,0,0,272,0.001,0.001,0.002
1109,0.859,0.581,0.001,0.004,0.081,0,0,,0,,,,0,,,,,0,0,0,0,0,0,0,0,1,0,1,0,1,2,0,0,0,0,0,0,272,0.002,0.002,0.007
1110,0.871,0.703,0,0.003,0.059,0,0,,1,484.375,229818368,286523392,1,62503872,62503872,135081984,38823561584,0,0,0,0,0,0,0,0,1,0,1,0,1,2,0,0,0,0,0,0,272,0.002,0.001,0.006
1111,0.643,0.501,0.013,0.003,0.041,0,0,,0,,,,0,,,,,0,0,0,0,0,0,0,0,1,0,1,0,1,2,0,0,0,0,0,0,272,0.001,0.001,0.003
1112,0.767,0.624,0,0.003,0.054,0,0,,0,,,,0,,,,,0,0,0,0,0,0,0,0,1,0,1,0,1,2,0,0,0,0,0,0,272,0.001,0.001,0.004
1113,0.796,0.627,0,0.004,0.064,0,0,,0,,,,0,,,,,0,0,0,0,0,0,0,0,1,0,1,0,1,2,0,0,0,0,0,0,272,0.002,0.002,0.004
1114,0.712,0.579,0,0.003,0.039,0,0,,0,,,,0,,,,,0,0,0,0,0,0,0,0,1,0,1,0,1,2,0,0,0,0,0,0,272,0.001,0.001,0.005
1115,0.667,0.585,0,0.002,0.026,0,0,,0,,,,0,,,,,0,0,0,0,0,0,0,0,1,0,1,0,1,2,0,0,0,0,0,0,272,0.001,0,0.002
1116,2.227,1.982,0,0.003,0.071,0,0,,0,,,,0,,,,,0,0,0,0,0,0,0,0,1,0,1,0,1,2,0,0,0,0,0,0,272,0.003,0.003,0.009
1117,3.444,3.295,0,0.002,0.063,0,0,,0,,,,0,,,,,0,0,0,0,0,0,0,0,1,0,1,0,1,2,0,0,0,0,0,0,272,0.001,0.002,0.004
1118,10.253,10.067,0,0.005,0.047,0,0,,0,,,,0,,,,,0,0,0,0,0,0,0,0,1,0,1,0,1,2,0,0,0,0,0,0,272,0.002,0.002,0.008
1119,0.743,0.538,0,0.004,0.056,0,0,,0,,,,0,,,,,0,0,0,0,0,0,0,0,1,0,1,0,1,2,0,0,0,0,0,0,272,0.002,0.002,0.008
1120,1.32,1.151,0.001,0.003,0.064,0,0,,0,,,,0,,,,,0,0,0,0,0,0,0,0,1,0,1,0,1,2,0,0,0,0,0,0,272,0.002,0.001,0.005
1121,0.707,0.565,0,0.003,0.038,0,0,,0,,,,0,,,,,0,0,0,0,0,0,0,0,1,0,1,0,1,2,0,0,0,0,0,0,272,0.001,0.001,0.006
1122,0.791,0.644,0.001,0.003,0.049,0,0,,0,,,,0,,,,,0,0,0,0,0,0,0,0,1,0,1,0,1,2,0,0,0,0,0,0,272,0.002,0.001,0.005
1123,0.69,0.592,0,0.001,0.041,0,0,,0,,,,0,,,,,0,0,0,0,0,0,0,0,1,0,1,0,1,2,0,0,0,0,0,0,272,0,0.001,0.003
1124,0.802,0.663,0.001,0.002,0.048,0,0,,0,,,,0,,,,,0,0,0,0,0,0,0,0,1,0,1,0,1,2,0,0,0,0,0,0,272,0.001,0.001,0.004
1125,3.254,3.018,0.001,0.004,0.089,0,0,,0,,,,0,,,,,0,0,0,0,0,0,0,0,1,0,1,0,1,2,0,0,0,0,0,0,272,0.002,0.002,0.009
1126,0.618,0.454,0,0.002,0.059,0,0,,0,,,,0,,,,,0,0,0,0,0,0,0,0,1,0,1,0,1,2,0,0,0,0,0,0,272,0.002,0.001,0.005
1127,0.69,0.568,0,0.001,0.053,0,0,,0,,,,0,,,,,0,0,0,0,0,0,0,0,1,0,1,0,1,2,0,0,0,0,0,0,272,0.001,0.001,0.003
1128,0.807,0.623,0,0.003,0.066,0,0,,0,,,,0,,,,,0,0,0,0,0,0,0,0,1,0,1,0,1,2,0,0,0,0,0,0,272,0.002,0.002,0.005
1129,0.701,0.542,0,0.003,0.07,0,0,,0,,,,0,,,,,0,0,0,0,0,0,0,0,1,0,1,0,1,2,0,0,0,0,0,0,272,0.002,0,0.004
1130,0.674,0.553,0.001,0.001,0.057,0,0,,0,,,,0,,,,,0,0,0,0,0,0,0,0,1,0,1,0,1,2,0,0,0,0,0,0,272,0.001,0,0.003
1131,1.403,1.281,0,0.002,0.054,0,0,,0,,,,0,,,,,0,0,0,0,0,0,0,0,1,0,1,0,1,2,0,0,0,0,0,0,272,0.001,0.001,0.003
1132,0.879,0.694,0,0.003,0.05,0,0,,0,,,,0,,,,,0,0,0,0,0,0,0,0,1,0,1,0,1,2,0,0,0,0,0,0,272,0.002,0.001,0.006
1133,0.781,0.609,0.001,0.003,0.046,0,0,,0,,,,0,,,,,0,0,0,0,0,0,0,0,1,0,1,0,1,2,0,0,0,0,0,0,272,0.002,0.001,0.006
1134,0.658,0.524,0.001,0.003,0.041,0,0,,0,,,,0,,,,,0,0,0,0,0,0,0,0,1,0,1,0,1,2,0,0,0,0,0,0,272,0.001,0.001,0.005
1135,1.193,1.044,0,0.003,0.04,0,0,,0,,,,0,,,,,0,0,0,0,0,0,0,0,1,0,1,0,1,2,0,0,0,0,0,0,272,0.002,0.002,0.005
1136,1.985,1.758,0,0.006,0.072,0,0,,0,,,,0,,,,,0,0,0,0,0,0,0,0,1,0,1,0,1,2,0,0,0,0,0,0,272,0.002,0.003,0.01
1137,10.147,9.917,0,0.006,0.054,0,0,,0,,,,0,,,,,0,0,0,0,0,0,0,0,1,0,1,0,1,2,0,0,0,0,0,0,272,0.003,0.003,0.011
1138,4.99,4.652,0.001,0.007,0.092,0,0,,0,,,,0,,,,,0,0,0,0,0,0,0,0,1,0,1,0,1,2,0,0,0,0,0,0,272,0.003,0.004,0.012
1139,2.291,2.126,0,0.004,0.038,0,0,,0,,,,0,,,,,0,0,0,0,0,0,0,0,1,0,1,0,1,2,0,0,0,0,0,0,272,0.002,0.002,0.007
1140,5.77,5.588,0,0.005,0.054,0,0,,1,515.625,229883904,286523392,1,62503872,62503872,135081984,38823561584,0,0,0,0,0,0,0,0,1,0,1,0,1,2,0,0,0,0,0,0,272,0.001,0.002,0.007
1141,0.692,0.527,0,0.003,0.045,0,0,,0,,,,0,,,,,0,0,0,0,0,0,0,0,1,0,1,0,1,2,0,0,0,0,0,0,272,0.002,0.003,0.01
1142,1.562,1.398,0,0.003,0.051,0,0,,0,,,,0,,,,,0,0,0,0,0,0,0,0,1,0,1,0,1,2,0,0,0,0,0,0,272,0.002,0.002,0.005
1143,0.768,0.674,0.001,0.001,0.036,0,0,,0,,,,0,,,,,0,0,0,0,0,0,0,0,1,0,1,0,1,2,0,0,0,0,0,0,272,0.001,0,0.003
1144,0.799,0.711,0,0.002,0.025,0,0,,0,,,,0,,,,,0,0,0,0,0,0,0,0,1,0,1,0,1,2,0,0,0,0,0,0,272,0.001,0.001,0.003
1145,0.808,0.733,0,0.002,0.033,0,0,,0,,,,0,,,,,0,0,0,0,0,0,0,0,1,0,1,0,1,2,0,0,0,0,0,0,272,0.001,0,0.003
1146,0.827,0.757,0,0.001,0.036,0,0,,0,,,,0,,,,,0,0,0,0,0,0,0,0,1,0,1,0,1,2,0,0,0,0,0,0,272,0.001,0,0.002
1147,1.124,0.735,0,0.003,0.25,0,0,,0,,,,0,,,,,0,0,0,0,0,0,0,0,1,0,1,0,1,2,0,0,0,0,0,0,272,0.003,0.002,0.008
1148,0.552,0.433,0,0.003,0.036,0,0,,0,,,,0,,,,,0,0,0,0,0,0,0,0,1,0,1,0,1,2,0,0,0,0,0,0,272,0.001,0.001,0.004
1149,0.971,0.841,0,0.003,0.034,0,0,,0,,,,0,,,,,0,0,0,0,0,0,0,0,1,0,1,0,1,2,0,0,0,0,0,0,272,0.001,0.001,0.005
1150,1.073,0.902,0.001,0.003,0.067,0,0,,0,,,,0,,,,,0,0,0,0,0,0,0,0,1,0,1,0,1,2,0,0,0,0,0,0,272,0.002,0.001,0.005
1151,0.787,0.683,0,0.002,0.028,0,0,,0,,,,0,,,,,0,0,0,0,0,0,0,0,1,0,1,0,1,2,0,0,0,0,0,0,272,0.001,0.001,0.003
1152,0.727,0.652,0,0.001,0.023,0,0,,0,,,,0,,,,,0,0,0,0,0,0,0,0,1,0,1,0,1,2,0,0,0,0,0,0,272,0.001,0.001,0.003
1153,1.999,1.906,0,0.002,0.028,0,0,,0,,,,0,,,,,0,0,0,0,0,0,0,0,1,0,1,0,1,2,0,0,0,0,0,0,272,0.001,0.001,0.003
1154,0.909,0.755,0,0.003,0.048,0,0,,0,,,,0,,,,,0,0,0,0,0,0,0,0,1,0,1,0,1,2,0,0,0,0,0,0,272,0.001,0.001,0.005
1155,0.807,0.671,0.001,0.003,0.047,0,0,,0,,,,0,,,,,0,0,0,0,0,0,0,0,1,0,1,0,1,2,0,0,0,0,0,0,272,0.002,0.001,0.004
1156,0.863,0.655,0,0.004,0.057,0,0,,0,,,,0,,,,,0,0,0,0,0,0,0,0,1,0,1,0,1,2,0,0,0,0,0,0,272,0.005,0.002,0.006
1157,0.667,0.536,0,0.002,0.043,0,0,,0,,,,0,,,,,0,0,0,0,0,0,0,0,1,0,1,0,1,2,0,0,0,0,0,0,272,0.001,0.001,0.005
1158,0.84,0.675,0.001,0.003,0.048,0,0,,0,,,,0,,,,,0,0,0,0,0,0,0,0,1,0,1,0,1,2,0,0,0,0,0,0,272,0.002,0.001,0.006
1159,0.867,0.65,0,0.004,0.096,0,0,,0,,,,0,,,,,0,0,0,0,0,0,0,0,1,0,1,0,1,2,0,0,0,0,0,0,272,0.002,0.001,0.006
1160,0.71,0.566,0.001,0.003,0.04,0,0,,0,,,,0,,,,,0,0,0,0,0,0,0,0,1,0,1,0,1,2,0,0,0,0,0,0,272,0.001,0.001,0.005
1161,0.879,0.706,0.001,0.002,0.062,0,0,,0,,,,0,,,,,0,0,0,0,0,0,0,0,1,0,1,0,1,2,0,0,0,0,0,0,272,0.002,0.001,0.004
1162,0.862,0.753,0,0.002,0.039,0,0,,0,,,,0,,,,,0,0,0,0,0,0,0,0,1,0,1,0,1,2,0,0,0,0,0,0,272,0.001,0.001,0.003
1163,0.825,0.745,0,0.001,0.031,0,0,,0,,,,0,,,,,0,0,0,0,0,0,0,0,1,0,1,0,1,2,0,0,0,0,0,0,272,0.001,0,0.002
1164,0.913,0.812,0,0.002,0.036,0,0,,0,,,,0,,,,,0,0,0,0,0,0,0,0,1,0,1,0,1,2,0,0,0,0,0,0,272,0.001,0.001,0.003
1165,1.035,0.822,0.001,0.004,0.093,0,0,,0,,,,0,,,,,0,0,0,0,0,0,0,0,1,0,1,0,1,2,0,0,0,0,0,0,272,0.002,0.002,0.007
1166,0.8,0.654,0.001,0.003,0.045,0,0,,0,,,,0,,,,,0,0,0,0,0,0,0,0,1,0,1,0,1,2,0,0,0,0,0,0,272,0.002,0.001,0.005
1167,1.236,1.018,0.001,0.004,0.103,0,0,,0,,,,0,,,,,0,0,0,0,0,0,0,0,1,0,1,0,1,2,0,0,0,0,0,0,272,0.002,0.002,0.006
1168,0.764,0.606,0,0.003,0.053,0,0,,0,,,,0,,,,,0,0,0,0,0,0,0,0,1,0,1,0,1,2,0,0,0,0,0,0,272,0.002,0.001,0.006
1169,0.706,0.537,0,0.002,0.052,0,0,,0,,,,0,,,,,0,0,0,0,0,0,0,0,1,0,1,0,1,2,0,0,0,0,0,0,272,0.002,0.001,0.005
1170,3.952,3.791,0,0.003,0.053,0,0,,1,531.25,229883904,286523392,1,62503872,62503872,135081984,38823561584,0,0,0,0,0,0,0,0,1,0,1,0,1,2,0,0,0,0,0,0,272,0.002,0.001,0.005
1171,2.27,2.154,0,0.002,0.045,0,0,,0,,,,0,,,,,0,0,0,0,0,0,0,0,1,0,1,0,1,2,0,0,0,0,0,0,272,0.001,0.001,0.003
1172,2.068,1.93,0.001,0.002,0.051,0,0,,0,,,,0,,,,,0,0,0,0,0,0,0,0,1,0,1,0,1,2,0,0,0,0,0,0,272,0.001,0.001,0.003
1173,2.203,2.062,0,0.002,0.05,0,0,,0,,,,0,,,,,0,0,0,0,0,0,0,0,1,0,1,0,1,2,0,0,0,0,0,0,272,0.002,0.001,0.004
1174,2.127,1.972,0,0.003,0.065,0,0,,0,,,,0,,,,,0,0,0,0,0,0,0,0,1,0,1,0,1,2,0,0,0,0,0,0,272,0.002,0.001,0.004
1175,3.429,3.253,0.001,0.004,0.054,0,0,,0,,,,0,,,,,0,0,0,0,0,0,0,0,1,0,1,0,1,2,0,0,0,0,0,0,272,0.002,0.002,0.006
1176,1.906,1.765,0,0.003,0.043,0,0,,0,,,,0,,,,,0,0,0,0,0,0,0,0,1,0,1,0,1,2,0,0,0,0,0,0,272,0.001,0.001,0.006
1177,4.795,4.648,0,0.002,0.051,0,0,,0,,,,0,,,,,0,0,0,0,0,0,0,0,1,0,1,0,1,2,0,0,0,0,0,0,272,0.002,0.001,0.004
1178,2.277,2.107,0,0.003,0.075,0,0,,0,,,,0,,,,,0,0,0,0,0,0,0,0,1,0,1,0,1,2,0,0,0,0,0,0,272,0.002,0.001,0.004
1179,2.935,2.772,0,0.002,0.053,0,0,,0,,,,0,,,,,0,0,0,0,0,0,0,0,1,0,1,0,1,2,0,0,0,0,0,0,272,0.001,0.001,0.005
1180,2.386,2.241,0,0.003,0.036,0,0,,0,,,,0,,,,,0,0,0,0,0,0,0,0,1,0,1,0,1,2,0,0,0,0,0,0,272,0.001,0.001,0.005
1181,4.05,3.958,0,0.002,0.029,0,0,,0,,,,0,,,,,0,0,0,0,0,0,0,0,1,0,1,0,1,2,0,0,0,0,0,0,272,0.001,0.001,0.003
1182,1.694,1.491,0,0.003,0.07,0,0,,0,,,,0,,,,,0,0,0,0,0,0,0,0,1,0,1,0,1,2,0,0,0,0,0,0,272,0.002,0.003,0.006
1183,0.774,0.705,0.001,0.001,0.028,0,0,,0,,,,0,,,,,0,0,0,0,0,0,0,0,1,0,1,0,1,2,0,0,0,0,0,0,272,0.001,0,0.002
1184,0.893,0.837,0,0.001,0.023,0,0,,0,,,,0,,,,,0,0,0,0,0,0,0,0,1,0,1,0,1,2,0,0,0,0,0,0,272,0,0.001,0.002
1185,0.925,0.834,0.001,0.002,0.032,0,0,,0,,,,0,,,,,0,0,0,0,0,0,0,0,1,0,1,0,1,2,0,0,0,0,0,0,272,0.001,0,0.003
1186,1.029,0.872,0.001,0.003,0.049,0,0,,0,,,,0,,,,,0,0,0,0,0,0,0,0,1,0,1,0,1,2,0,0,0,0,0,0,272,0.002,0.002,0.005
1187,0.862,0.678,0,0.004,0.032,0,0,,0,,,,0,,,,,0,0,0,0,0,0,0,0,1,0,1,0,1,2,0,0,0,0,0,0,272,0.002,0.001,0.007
1188,0.796,0.671,0,0.002,0.045,0,0,,0,,,,0,,,,,0,0,0,0,0,0,0,0,1,0,1,0,1,2,0,0,0,0,0,0,272,0.001,0.001,0.004
1189,0.918,0.782,0,0.002,0.046,0,0,,0,,,,0,,,,,0,0,0,0,0,0,0,0,1,0,1,0,1,2,0,0,0,0,0,0,272,0.001,0.002,0.004
1190,0.862,0.716,0,0.003,0.049,0,0,,0,,,,0,,,,,0,0,0,0,0,0,0,0,1,0,1,0,1,2,0,0,0,0,0,0,272,0.002,0.001,0.005
1191,0.895,0.764,0.001,0.002,0.054,0,0,,0,,,,0,,,,,0,0,0,0,0,0,0,0,1,0,1,0,1,2,0,0,0,0,0,0,272,0.001,0.001,0.003
1192,0.874,0.768,0.001,0.001,0.041,0,0,,0,,,,0,,,,,0,0,0,0,0,0,0,0,1,0,1,0,1,2,0,0,0,0,0,0,272,0.001,0,0.003
1193,0.952,0.838,0.001,0.002,0.036,0,0,,0,,,,0,,,,,0,0,0,0,0,0,0,0,1,0,1,0,1,2,0,0,0,0,0,0,272,0.001,0.001,0.003
1194,1.887,1.728,0,0.002,0.068,0,0,,0,,,,0,,,,,0,0,0,0,0,0,0,0,1,0,1,0,1,2,0,0,0,0,0,0,272,0.002,0.001,0.003
1195,0.848,0.753,0,0.002,0.042,0,0,,0,,,,0,,,,,0,0,0,0,0,0,0,0,1,0,1,0,1,2,0,0,0,0,0,0,272,0,0,0.002
1196,0.911,0.831,0,0.001,0.036,0,0,,0,,,,0,,,,,0,0,0,0,0,0,0,0,1,0,1,0,1,2,0,0,0,0,0,0,272,0.001,0,0.002
1197,0.953,0.843,0,0.001,0.031,0,0,,0,,,,0,,,,,0,0,0,0,0,0,0,0,1,0,1,0,1,2,0,0,0,0,0,0,272,0.001,0.001,0.003
1198,1.525,1.399,0,0.002,0.061,0,0,,0,,,,0,,,,,0,0,0,0,0,0,0,0,1,0,1,0,1,2,0,0,0,0,0,0,272,0.001,0.001,0.003
1199,0.887,0.793,0,0.002,0.033,0,0,,0,,,,0,,,,,0,0,0,0,0,0,0,0,1,0,1,0,1,2,0,0,0,0,0,0,272,0.001,0,0.003
1200,0.9,0.815,0,0.001,0.036,0,0,,1,546.875,229883904,286523392,1,62503872,62503872,135081984,38823561584,0,0,0,0,0,0,0,0,1,0,1,0,1,2,0,0,0,0,0,0,272,0,0.001,0.002
1201,0.884,0.811,0,0.001,0.033,0,0,,0,,,,0,,,,,0,0,0,0,0,0,0,0,1,0,1,0,1,2,0,0,0,0,0,0,272,0,0.001,0.001
1202,0.916,0.851,0,0.001,0.033,0,0,,0,,,,0,,,,,0,0,0,0,0,0,0,0,1,0,1,0,1,2,0,0,0,0,0,0,272,0.001,0,0.002
1203,0.927,0.855,0,0.001,0.035,0,0,,0,,,,0,,,,,0,0,0,0,0,0,0,0,1,0,1,0,1,2,0,0,0,0,0,0,272,0,0,0.003
1204,0.928,0.852,0,0.001,0.035,0,0,,0,,,,0,,,,,0,0,0,0,0,0,0,0,1,0,1,0,1,2,0,0,0,0,0,0,272,0.001,0.001,0.002
1205,1.002,0.865,0.001,0.003,0.035,0,0,,0,,,,0,,,,,0,0,0,0,0,0,0,0,1,0,1,0,1,2,0,0,0,0,0,0,272,0.001,0.002,0.005
1206,0.895,0.757,0,0.002,0.065,0,0,,0,,,,0,,,,,0,0,0,0,0,0,0,0,1,0,1,0,1,2,0,0,0,0,0,0,272,0.002,0.001,0.004
1207,0.889,0.773,0,0.002,0.041,0,0,,0,,,,0,,,,,0,0,0,0,0,0,0,0,1,0,1,0,1,2,0,0,0,0,0,0,272,0.001,0.001,0.003
1208,0.884,0.794,0.001,0.001,0.038,0,0,,0,,,,0,,,,,0,0,0,0,0,0,0,0,1,0,1,0,1,2,0,0,0,0,0,0,272,0,0,0.003
1209,0.972,0.852,0,0.002,0.049,0,0,,0,,,,0,,,,,0,0,0,0,0,0,0,0,1,0,1,0,1,2,0,0,0,0,0,0,272,0.002,0.001,0.003
1210,0.728,0.582,0,0.002,0.066,0,0,,0,,,,0,,,,,0,0,0,0,0,0,0,0,1,0,1,0,1,2,0,0,0,0,0,0,272,0.002,0.002,0.004
1211,8.219,8.027,0,0.004,0.056,0,0,,0,,,,0,,,,,0,0,0,0,0,0,0,0,1,0,1,0,1,2,0,0,0,0,0,0,272,0.002,0.002,0.008
1212,2.292,2.15,0,0.003,0.042,0,0,,0,,,,0,,,,,0,0,0,0,0,0,0,0,1,0,1,0,1,2,0,0,0,0,0,0,272,0.001,0.001,0.005
1213,0.746,0.634,0,0.003,0.042,0,0,,0,,,,0,,,,,0,0,0,0,0,0,0,0,1,0,1,0,1,2,0,0,0,0,0,0,272,0,0,0.004
1214,0.821,0.683,0,0.002,0.049,0,0,,0,,,,0,,,,,0,0,0,0,0,0,0,0,1,0,1,0,1,2,0,0,0,0,0,0,272,0.001,0.001,0.005
1215,0.714,0.617,0,0.001,0.044,0,0,,0,,,,0,,,,,0,0,0,0,0,0,0,0,1,0,1,0,1,2,0,0,0,0,0,0,272,0,0,0.003
1216,0.862,0.699,0.001,0.003,0.046,0,0,,0,,,,0,,,,,0,0,0,0,0,0,0,0,1,0,1,0,1,2,0,0,0,0,0,0,272,0.002,0.002,0.005
1217,0.71,0.614,0.001,0.001,0.039,0,0,,0,,,,0,,,,,0,0,0,0,0,0,0,0,1,0,1,0,1,2,0,0,0,0,0,0,272,0.001,0.001,0.002
1218,0.812,0.676,0.001,0.002,0.058,0,0,,0,,,,0,,,,,0,0,0,0,0,0,0,0,1,0,1,0,1,2,0,0,0,0,0,0,272,0.002,0.001,0.005
1219,0.777,0.634,0.001,0.003,0.044,0,0,,0,,,,0,,,,,0,0,0,0,0,0,0,0,1,0,1,0,1,2,0,0,0,0,0,0,272,0.001,0.001,0.005
1220,1.398,1.282,0,0.002,0.032,0,0,,0,,,,0,,,,,0,0,0,0,0,0,0,0,1,0,1,0,1,2,0,0,0,0,0,0,272,0.001,0.001,0.005
1221,0.723,0.648,0,0.001,0.027,0,0,,0,,,,0,,,,,0,0,0,0,0,0,0,0,1,0,1,0,1,2,0,0,0,0,0,0,272,0,0,0.003
1222,0.901,0.727,0.001,0.002,0.063,0,0,,0,,,,0,,,,,0,0,0,0,0,0,0,0,1,0,1,0,1,2,0,0,0,0,0,0,272,0.002,0.002,0.004
1223,0.662,0.555,0,0.002,0.033,0,0,,0,,,,0,,,,,0,0,0,0,0,0,0,0,1,0,1,0,1,2,0,0,0,0,0,0,272,0.001,0.001,0.004
1224,0.715,0.659,0,0.001,0.019,0,0,,0,,,,0,,,,,0,0,0,0,0,0,0,0,1,0,1,0,1,2,0,0,0,0,0,0,272,0,0,0.002
1225,0.755,0.713,0,0,0.017,0,0,,0,,,,0,,,,,0,0,0,0,0,0,0,0,1,0,1,0,1,2,0,0,0,0,0,0,272,0,0,0.002
1226,1.361,1.262,0.001,0.002,0.027,0,0,,0,,,,0,,,,,0,0,0,0,0,0,0,0,1,0,1,0,1,2,0,0,0,0,0,0,272,0.001,0.002,0.004
1227,0.967,0.738,0.001,0.002,0.116,0,0,,0,,,,0,,,,,0,0,0,0,0,0,0,0,1,0,1,0,1,2,0,0,0,0,0,0,272,0.001,0.001,0.005
1228,0.502,0.445,0,0.001,0.02,0,0,,0,,,,0,,,,,0,0,0,0,0,0,0,0,1,0,1,0,1,2,0,0,0,0,0,0,272,0.001,0.001,0.002
1229,0.909,0.791,0,0.002,0.038,0,0,,0,,,,0,,,,,0,0,0,0,0,0,0,0,1,0,1,0,1,2,0,0,0,0,0,0,272,0.001,0.001,0.004
1230,0.881,0.787,0,0.002,0.038,0,0,,1,546.875,229883904,286523392,1,62503872,62503872,135081984,38823561584,0,0,0,0,0,0,0,0,1,0,1,0,1,2,0,0,0,0,0,0,272,0.001,0.001,0.002
1231,0.976,0.805,0,0.003,0.06,0,0,,0,,,,0,,,,,0,0,0,0,0,0,0,0,1,0,1,0,1,2,0,0,0,0,0,0,272,0.002,0.001,0.005
1232,0.89,0.729,0,0.003,0.047,0,0,,0,,,,0,,,,,0,0,0,0,0,0,0,0,1,0,1,0,1,2,0,0,0,0,0,0,272,0.001,0.002,0.005
1233,0.868,0.738,0,0.003,0.036,0,0,,0,,,,0,,,,,0,0,0,0,0,0,0,0,1,0,1,0,1,2,0,0,0,0,0,0,272,0.001,0.001,0.005
1234,0.871,0.726,0,0.002,0.039,0,0,,0,,,,0,,,,,0,0,0,0,0,0,0,0,1,0,1,0,1,2,0,0,0,0,0,0,272,0.001,0.002,0.005
1235,1.01,0.907,0,0.002,0.031,0,0,,0,,,,0,,,,,0,0,0,0,0,0,0,0,1,0,1,0,1,2,0,0,0,0,0,0,272,0.001,0.001,0.003
1236,0.921,0.818,0,0.002,0.03,0,0,,0,,,,0,,,,,0,0,0,0,0,0,0,0,1,0,1,0,1,2,0,0,0,0,0,0,272,0.001,0,0.003
1237,0.948,0.809,0,0.002,0.046,0,0,,0,,,,0,,,,,0,0,0,0,0,0,0,0,1,0,1,0,1,2,0,0,0,0,0,0,272,0.001,0.002,0.005
1238,0.896,0.78,0,0.003,0.024,0,0,,0,,,,0,,,,,0,0,0,0,0,0,0,0,1,0,1,0,1,2,0,0,0,0,0,0,272,0.001,0.001,0.004
1239,0.941,0.766,0.001,0.003,0.044,0,0,,0,,,,0,,,,,0,0,0,0,0,0,0,0,1,0,1,0,1,2,0,0,0,0,0,0,272,0.002,0.001,0.006
1240,1.179,1.006,0,0.003,0.056,0,0,,0,,,,0,,,,,0,0,0,0,0,0,0,0,1,0,1,0,1,2,0,0,0,0,0,0,272,0.002,0.001,0.006
1241,0.914,0.797,0,0.002,0.037,0,0,,0,,,,0,,,,,0,0,0,0,0,0,0,0,1,0,1,0,1,2,0,0,0,0,0,0,272,0.001,0.001,0.004
1242,0.886,0.778,0.001,0.001,0.035,0,0,,0,,,,0,,,,,0,0,0,0,0,0,0,0,1,0,1,0,1,2,0,0,0,0,0,0,272,0.001,0.001,0.004
1243,1.795,1.56,0,0.005,0.065,0,0,,0,,,,0,,,,,0,0,0,0,0,0,0,0,1,0,1,0,1,2,0,0,0,0,0,0,272,0.002,0.002,0.007
1244,0.858,0.732,0,0.002,0.032,0,0,,0,,,,0,,,,,0,0,0,0,0,0,0,0,1,0,1,0,1,2,0,0,0,0,0,0,272,0.001,0.002,0.004
1245,0.92,0.796,0,0.003,0.034,0,0,,0,,,,0,,,,,0,0,0,0,0,0,0,0,1,0,1,0,1,2,0,0,0,0,0,0,272,0.002,0.001,0.004
1246,0.933,0.846,0,0.002,0.026,0,0,,0,,,,0,,,,,0,0,0,0,0,0,0,0,1,0,1,0,1,2,0,0,0,0,0,0,272,0.001,0.001,0.003
1247,0.617,0.521,0,0.001,0.044,0,0,,0,,,,0,,,,,0,0,0,0,0,0,0,0,1,0,1,0,1,2,0,0,0,0,0,0,272,0,0.001,0.003
1248,0.993,0.838,0,0.003,0.051,0,0,,0,,,,0,,,,,0,0,0,0,0,0,0,0,1,0,1,0,1,2,0,0,0,0,0,0,272,0.001,0.001,0.005
1249,0.879,0.765,0,0.002,0.032,0,0,,0,,,,0,,,,,0,0,0,0,0,0,0,0,1,0,1,0,1,2,0,0,0,0,0,0,272,0.001,0.002,0.004
1250,0.916,0.823,0,0.002,0.03,0,0,,0,,,,0,,,,,0,0,0,0,0,0,0,0,1,0,1,0,1,2,0,0,0,0,0,0,272,0.001,0.001,0.003
1251,1.005,0.849,0,0.003,0.05,0,0,,0,,,,0,,,,,0,0,0,0,0,0,0,0,1,0,1,0,1,2,0,0,0,0,0,0,272,0.001,0.002,0.005
1252,0.947,0.806,0.001,0.003,0.041,0,0,,0,,,,0,,,,,0,0,0,0,0,0,0,0,1,0,1,0,1,2,0,0,0,0,0,0,272,0.002,0.002,0.004
1253,0.881,0.795,0.001,0.001,0.033,0,0,,0,,,,0,,,,,0,0,0,0,0,0,0,0,1,0,1,0,1,2,0,0,0,0,0,0,272,0.001,0,0.003
1254,0.905,0.813,0,0.002,0.03,0,0,,0,,,,0,,,,,0,0,0,0,0,0,0,0,1,0,1,0,1,2,0,0,0,0,0,0,272,0.001,0.001,0.003
1255,1.775,1.61,0.001,0.003,0.044,0,0,,0,,,,0,,,,,0,0,0,0,0,0,0,0,1,0,1,0,1,2,0,0,0,0,0,0,272,0.002,0.003,0.005
1256,0.877,0.765,0,0.003,0.033,0,0,,0,,,,0,,,,,0,0,0,0,0,0,0,0,1,0,1,0,1,2,0,0,0,0,0,0,272,0.001,0.001,0.004
1257,1.011,0.881,0,0.002,0.045,0,0,,0,,,,0,,,,,0,0,0,0,0,0,0,0,1,0,1,0,1,2,0,0,0,0,0,0,272,0.001,0,0.004
1258,0.911,0.835,0,0.001,0.025,0,0,,0,,,,0,,,,,0,0,0,0,0,0,0,0,1,0,1,0,1,2,0,0,0,0,0,0,272,0,0.001,0.003
1259,1.621,1.476,0.001,0.002,0.052,0,0,,0,,,,0,,,,,0,0,0,0,0,0,0,0,1,0,1,0,1,2,0,0,0,0,0,0,272,0.001,0.001,0.004
1260,0.928,0.786,0,0.003,0.04,0,0,,1,562.5,229883904,286523392,1,62503872,62503872,135081984,38823561584,0,0,0,0,0,0,0,0,1,0,1,0,1,2,0,0,0,0,0,0,272,0.001,0.001,0.005
1261,0.852,0.772,0,0.002,0.033,0,0,,0,,,,0,,,,,0,0,0,0,0,0,0,0,1,0,1,0,1,2,0,0,0,0,0,0,272,0.001,0.001,0.002
1262,1.07,0.897,0.001,0.003,0.056,0,0,,0,,,,0,,,,,0,0,0,0,0,0,0,0,1,0,1,0,1,2,0,0,0,0,0,0,272,0.002,0.001,0.006
1263,0.855,0.685,0,0.003,0.053,0,0,,0,,,,0,,,,,0,0,0,0,0,0,0,0,1,0,1,0,1,2,0,0,0,0,0,0,272,0.001,0.001,0.005
1264,0.86,0.767,0.001,0.001,0.036,0,0,,0,,,,0,,,,,0,0,0,0,0,0,0,0,1,0,1,0,1,2,0,0,0,0,0,0,272,0.001,0.001,0.003
1265,1.014,0.94,0,0.001,0.037,0,0,,0,,,,0,,,,,0,0,0,0,0,0,0,0,1,0,1,0,1,2,0,0,0,0,0,0,272,0,0.001,0.002
1266,1.022,0.879,0,0.003,0.049,0,0,,0,,,,0,,,,,0,0,0,0,0,0,0,0,1,0,1,0,1,2,0,0,0,0,0,0,272,0.002,0.002,0.004
1267,0.867,0.774,0.001,0.001,0.044,0,0,,0,,,,0,,,,,0,0,0,0,0,0,0,0,1,0,1,0,1,2,0,0,0,0,0,0,272,0,0,0.003
1268,1.054,0.856,0,0.004,0.062,0,0,,0,,,,0,,,,,0,0,0,0,0,0,0,0,1,0,1,0,1,2,0,0,0,0,0,0,272,0.002,0.001,0.006
1269,0.822,0.715,0.001,0.002,0.035,0,0,,0,,,,0,,,,,0,0,0,0,0,0,0,0,1,0,1,0,1,2,0,0,0,0,0,0,272,0.002,0.001,0.003
1270,0.952,0.843,0,0.003,0.035,0,0,,0,,,,0,,,,,0,0,0,0,0,0,0,0,1,0,1,0,1,2,0,0,0,0,0,0,272,0.001,0.001,0.004
1271,1.361,1.27,0.001,0.002,0.029,0,0,,0,,,,0,,,,,0,0,0,0,0,0,0,0,1,0,1,0,1,2,0,0,0,0,0,0,272,0.001,0.001,0.003
1272,1.118,0.966,0,0.003,0.035,0,0,,0,,,,0,,,,,0,0,0,0,0,0,0,0,1,0,1,0,1,2,0,0,0,0,0,0,272,0.002,0.002,0.005
1273,0.94,0.814,0,0.003,0.039,0,0,,0,,,,0,,,,,0,0,0,0,0,0,0,0,1,0,1,0,1,2,0,0,0,0,0,0,272,0.001,0.001,0.004
1274,0.915,0.813,0,0.002,0.04,0,0,,0,,,,0,,,,,0,0,0,0,0,0,0,0,1,0,1,0,1,2,0,0,0,0,0,0,272,0.001,0.001,0.004
1275,1.677,1.545,0,0.002,0.039,0,0,,0,,,,0,,,,,0,0,0,0,0,0,0,0,1,0,1,0,1,2,0,0,0,0,0,0,272,0.001,0.001,0.004
1276,0.978,0.836,0.001,0.002,0.038,0,0,,0,,,,0,,,,,0,0,0,0,0,0,0,0,1,0,1,0,1,2,0,0,0,0,0,0,272,0.001,0.001,0.005
1277,0.894,0.794,0,0.002,0.043,0,0,,0,,,,0,,,,,0,0,0,0,0,0,0,0,1,0,1,0,1,2,0,0,0,0,0,0,272,0.001,0.001,0.004
1278,1.66,1.578,0,0.002,0.022,0,0,,0,,,,0,,,,,0,0,0,0,0,0,0,0,1,0,1,0,1,2,0,0,0,0,0,0,272,0,0.001,0.003
1279,3.826,3.673,0,0.003,0.044,0,0,,0,,,,0,,,,,0,0,0,0,0,0,0,0,1,0,1,0,1,2,0,0,0,0,0,0,272,0.002,0.002,0.006
1280,5.316,5.17,0,0.003,0.036,0,0,,0,,,,0,,,,,0,0,0,0,0,0,0,0,1,0,1,0,1,2,0,0,0,0,0,0,272,0.002,0.002,0.005
1281,0.739,0.642,0,0.001,0.029,0,0,,0,,,,0,,,,,0,0,0,0,0,0,0,0,1,0,1,0,1,2,0,0,0,0,0,0,272,0,0,0.004
1282,1.125,1.004,0,0.002,0.042,0,0,,0,,,,0,,,,,0,0,0,0,0,0,0,0,1,0,1,0,1,2,0,0,0,0,0,0,272,0.001,0,0.004
1283,1.364,1.24,0,0.002,0.043,0,0,,0,,,,0,,,,,0,0,0,0,0,0,0,0,1,0,1,0,1,2,0,0,0,0,0,0,272,0.002,0.001,0.004
1284,0.841,0.72,0.001,0.002,0.038,0,0,,0,,,,0,,,,,0,0,0,0,0,0,0,0,1,0,1,0,1,2,0,0,0,0,0,0,272,0.001,0.001,0.004
1285,0.785,0.666,0,0.003,0.046,0,0,,0,,,,0,,,,,0,0,0,0,0,0,0,0,1,0,1,0,1,2,0,0,0,0,0,0,272,0.001,0.001,0.003
1286,0.75,0.656,0.001,0.001,0.036,0,0,,0,,,,0,,,,,0,0,0,0,0,0,0,0,1,0,1,0,1,2,0,0,0,0,0,0,272,0.001,0.001,0.002
1287,0.821,0.735,0,0.001,0.032,0,0,,0,,,,0,,,,,0,0,0,0,0,0,0,0,1,0,1,0,1,2,0,0,0,0,0,0,272,0.001,0,0.01
1288,0.821,0.735,0.001,0.001,0.03,0,0,,0,,,,0,,,,,0,0,0,0,0,0,0,0,1,0,1,0,1,2,0,0,0,0,0,0,272,0.001,0,0.003
1289,0.794,0.717,0,0.001,0.032,0,0,,0,,,,0,,,,,0,0,0,0,0,0,0,0,1,0,1,0,1,2,0,0,0,0,0,0,272,0.001,0,0.002
1290,0.801,0.717,0,0.001,0.033,0,0,,1,562.5,229883904,286523392,1,62503872,62503872,135081984,38823561584,0,0,0,0,0,0,0,0,1,0,1,0,1,2,0,0,0,0,0,0,272,0.001,0.001,0.002
1291,0.737,0.671,0,0.001,0.032,0,0,,0,,,,0,,,,,0,0,0,0,0,0,0,0,1,0,1,0,1,2,0,0,0,0,0,0,272,0,0.001,0.001
1292,0.774,0.719,0,0.001,0.026,0,0,,0,,,,0,,,,,0,0,0,0,0,0,0,0,1,0,1,0,1,2,0,0,0,0,0,0,272,0,0,0.002
1293,0.794,0.747,0,0.001,0.022,0,0,,0,,,,0,,,,,0,0,0,0,0,0,0,0,1,0,1,0,1,2,0,0,0,0,0,0,272,0,0,0.001
1294,0.912,0.833,0.001,0.001,0.038,0,0,,0,,,,0,,,,,0,0,0,0,0,0,0,0,1,0,1,0,1,2,0,0,0,0,0,0,272,0.001,0,0.002
1295,0.854,0.788,0,0.001,0.027,0,0,,0,,,,0,,,,,0,0,0,0,0,0,0,0,1,0,1,0,1,2,0,0,0,0,0,0,272,0,0,0.002
1296,0.936,0.793,0,0.003,0.044,0,0,,0,,,,0,,,,,0,0,0,0,0,0,0,0,1,0,1,0,1,2,0,0,0,0,0,0,272,0.002,0.001,0.005
1297,0.815,0.699,0,0.002,0.044,0,0,,0,,,,0,,,,,0,0,0,0,0,0,0,0,1,0,1,0,1,2,0,0,0,0,0,0,272,0.001,0,0.004
1298,0.908,0.844,0.001,0.001,0.022,0,0,,0,,,,0,,,,,0,0,0,0,0,0,0,0,1,0,1,0,1,2,0,0,0,0,0,0,272,0.001,0,0.003
1299,1.057,0.967,0,0.002,0.039,0,0,,0,,,,0,,,,,0,0,0,0,0,0,0,0,1,0,1,0,1,2,0,0,0,0,0,0,272,0,0,0.003
1300,0.966,0.911,0,0.001,0.025,0,0,,0,,,,0,,,,,0,0,0,0,0,0,0,0,1,0,1,0,1,2,0,0,0,0,0,0,272,0,0,0.001
1301,1.75,1.651,0,0.001,0.049,0,0,,0,,,,0,,,,,0,0,0,0,0,0,0,0,1,0,1,0,1,2,0,0,0,0,0,0,272,0.001,0.001,0.003
1302,0.981,0.793,0,0.003,0.048,0,0,,0,,,,0,,,,,0,0,0,0,0,0,0,0,1,0,1,0,1,2,0,0,0,0,0,0,272,0.002,0.002,0.007
1303,1.196,1.039,0,0.004,0.056,0,0,,0,,,,0,,,,,0,0,0,0,0,0,0,0,1,0,1,0,1,2,0,0,0,0,0,0,272,0.001,0.001,0.006
1304,0.868,0.762,0,0.002,0.039,0,0,,0,,,,0,,,,,0,0,0,0,0,0,0,0,1,0,1,0,1,2,0,0,0,0,0,0,272,0.001,0.001,0.003
1305,0.87,0.802,0,0,0.027,0,0,,0,,,,0,,,,,0,0,0,0,0,0,0,0,1,0,1,0,1,2,0,0,0,0,0,0,272,0,0.001,0.001
1306,0.908,0.858,0,0,0.026,0,0,,0,,,,0,,,,,0,0,0,0,0,0,0,0,1,0,1,0,1,2,0,0,0,0,0,0,272,0.001,0,0.001
1307,0.928,0.874,0,0.001,0.028,0,0,,0,,,,0,,,,,0,0,0,0,0,0,0,0,1,0,1,0,1,2,0,0,0,0,0,0,272,0,0,0.002
1308,0.913,0.863,0,0.001,0.025,0,0,,0,,,,0,,,,,0,0,0,0,0,0,0,0,1,0,1,0,1,2,0,0,0,0,0,0,272,0.001,0,0.001
1309,0.926,0.876,0,0.001,0.024,0,0,,0,,,,0,,,,,0,0,0,0,0,0,0,0,1,0,1,0,1,2,0,0,0,0,0,0,272,0.001,0,0.001
1310,0.888,0.812,0,0.001,0.031,0,0,,0,,,,0,,,,,0,0,0,0,0,0,0,0,1,0,1,0,1,2,0,0,0,0,0,0,272,0.001,0.001,0.001
1311,0.861,0.787,0,0.001,0.031,0,0,,0,,,,0,,,,,0,0,0,0,0,0,0,0,1,0,1,0,1,2,0,0,0,0,0,0,272,0.001,0.001,0.002
1312,0.833,0.78,0,0.001,0.025,0,0,,0,,,,0,,,,,0,0,0,0,0,0,0,0,1,0,1,0,1,2,0,0,0,0,0,0,272,0,0,0.001
1313,0.899,0.8,0,0.002,0.038,0,0,,0,,,,0,,,,,0,0,0,0,0,0,0,0,1,0,1,0,1,2,0,0,0,0,0,0,272,0.001,0,0.003
1314,1.544,1.442,0,0.002,0.041,0,0,,0,,,,0,,,,,0,0,0,0,0,0,0,0,1,0,1,0,1,2,0,0,0,0,0,0,272,0.001,0.001,0.003
1315,0.805,0.742,0,0.001,0.03,0,0,,0,,,,0,,,,,0,0,0,0,0,0,0,0,1,0,1,0,1,2,0,0,0,0,0,0,272,0.001,0,0.002
1316,0.861,0.795,0,0.001,0.035,0,0,,0,,,,0,,,,,0,0,0,0,0,0,0,0,1,0,1,0,1,2,0,0,0,0,0,0,272,0.001,0,0.002
1317,0.878,0.787,0,0.002,0.037,0,0,,0,,,,0,,,,,0,0,0,0,0,0,0,0,1,0,1,0,1,2,0,0,0,0,0,0,272,0,0,0.003
1318,1.633,1.518,0,0.002,0.043,0,0,,0,,,,0,,,,,0,0,0,0,0,0,0,0,1,0,1,0,1,2,0,0,0,0,0,0,272,0.001,0.001,0.004
1319,0.719,0.504,0.001,0.004,0.054,0,0,,0,,,,0,,,,,0,0,0,0,0,0,0,0,1,0,1,0,1,2,0,0,0,0,0,0,272,0.002,0.002,0.009
1320,0.718,0.58,0,0.002,0.076,0,0,,1,609.375,229883904,286523392,1,62503872,62503872,135081984,38823561584,0,0,0,0,0,0,0,0,1,0,1,0,1,2,0,0,0,0,0,0,272,0.001,0.001,0.003
1321,0.614,0.521,0,0.002,0.037,0,0,,0,,,,0,,,,,0,0,0,0,0,0,0,0,1,0,1,0,1,2,0,0,0,0,0,0,272,0.001,0.001,0.003
1322,0.766,0.728,0,0,0.016,0,0,,0,,,,0,,,,,0,0,0,0,0,0,0,0,1,0,1,0,1,2,0,0,0,0,0,0,272,0,0.001,0.001
1323,0.86,0.734,0,0.003,0.04,0,0,,0,,,,0,,,,,0,0,0,0,0,0,0,0,1,0,1,0,1,2,0,0,0,0,0,0,272,0.001,0.002,0.005
1324,0.949,0.836,0,0.002,0.048,0,0,,0,,,,0,,,,,0,0,0,0,0,0,0,0,1,0,1,0,1,2,0,0,0,0,0,0,272,0.001,0.001,0.003
1325,0.806,0.723,0,0.001,0.037,0,0,,0,,,,0,,,,,0,0,0,0,0,0,0,0,1,0,1,0,1,2,0,0,0,0,0,0,272,0.001,0,0.002
1326,0.86,0.75,0,0.002,0.044,0,0,,0,,,,0,,,,,0,0,0,0,0,0,0,0,1,0,1,0,1,2,0,0,0,0,0,0,272,0.001,0,0.003
1327,0.807,0.734,0,0.001,0.03,0,0,,0,,,,0,,,,,0,0,0,0,0,0,0,0,1,0,1,0,1,2,0,0,0,0,0,0,272,0,0.001,0.002
1328,0.82,0.754,0,0.001,0.035,0,0,,0,,,,0,,,,,0,0,0,0,0,0,0,0,1,0,1,0,1,2,0,0,0,0,0,0,272,0.001,0,0.002
1329,0.874,0.778,0,0.002,0.044,0,0,,0,,,,0,,,,,0,0,0,0,0,0,0,0,1,0,1,0,1,2,0,0,0,0,0,0,272,0.001,0.001,0.002
1330,0.795,0.718,0,0.001,0.043,0,0,,0,,,,0,,,,,0,0,0,0,0,0,0,0,1,0,1,0,1,2,0,0,0,0,0,0,272,0.001,0,0.002
1331,0.87,0.779,0.001,0.001,0.037,0,0,,0,,,,0,,,,,0,0,0,0,0,0,0,0,1,0,1,0,1,2,0,0,0,0,0,0,272,0,0,0.003
1332,0.531,0.424,0.001,0.001,0.035,0,0,,0,,,,0,,,,,0,0,0,0,0,0,0,0,1,0,1,0,1,2,0,0,0,0,0,0,272,0.001,0.001,0.002
1333,0.424,0.371,0,0,0.026,0,0,,0,,,,0,,,,,0,0,0,0,0,0,0,0,1,0,1,0,1,2,0,0,0,0,0,0,272,0,0.001,0.001
1334,0.714,0.648,0,0.001,0.028,0,0,,0,,,,0,,,,,0,0,0,0,0,0,0,0,1,0,1,0,1,2,0,0,0,0,0,0,272,0.001,0,0.002
1335,0.513,0.464,0.001,0,0.022,0,0,,0,,,,0,,,,,0,0,0,0,0,0,0,0,1,0,1,0,1,2,0,0,0,0,0,0,272,0,0.001,0.002
1336,0.572,0.51,0,0,0.032,0,0,,0,,,,0,,,,,0,0,0,0,0,0,0,0,1,0,1,0,1,2,0,0,0,0,0,0,272,0,0.001,0.001
1337,0.876,0.785,0,0.001,0.037,0,0,,0,,,,0,,,,,0,0,0,0,0,0,0,0,1,0,1,0,1,2,0,0,0,0,0,0,272,0.001,0,0.003
1338,1.466,1.362,0,0.003,0.032,0,0,,0,,,,0,,,,,0,0,0,0,0,0,0,0,1,0,1,0,1,2,0,0,0,0,0,0,272,0,0.001,0.004
1339,0.769,0.676,0,0.002,0.041,0,0,,0,,,,0,,,,,0,0,0,0,0,0,0,0,1,0,1,0,1,2,0,0,0,0,0,0,272,0.001,0,0.003
1340,0.801,0.736,0,0.001,0.032,0,0,,0,,,,0,,,,,0,0,0,0,0,0,0,0,1,0,1,0,1,2,0,0,0,0,0,0,272,0.001,0,0.002
1341,0.844,0.772,0,0.001,0.033,0,0,,0,,,,0,,,,,0,0,0,0,0,0,0,0,1,0,1,0,1,2,0,0,0,0,0,0,272,0,0,0.002
1342,0.842,0.76,0,0.001,0.03,0,0,,0,,,,0,,,,,0,0,0,0,0,0,0,0,1,0,1,0,1,2,0,0,0,0,0,0,272,0,0.001,0.002
1343,0.923,0.752,0.001,0.003,0.052,0,0,,0,,,,0,,,,,0,0,0,0,0,0,0,0,1,0,1,0,1,2,0,0,0,0,0,0,272,0.001,0.001,0.006
1344,0.722,0.636,0,0.001,0.033,0,0,,0,,,,0,,,,,0,0,0,0,0,0,0,0,1,0,1,0,1,2,0,0,0,0,0,0,272,0.001,0,0.002
1345,0.8,0.734,0,0.001,0.03,0,0,,0,,,,0,,,,,0,0,0,0,0,0,0,0,1,0,1,0,1,2,0,0,0,0,0,0,272,0.001,0,0.001
1346,0.83,0.765,0,0.001,0.026,0,0,,0,,,,0,,,,,0,0,0,0,0,0,0,0,1,0,1,0,1,2,0,0,0,0,0,0,272,0,0,0.002
1347,0.917,0.769,0,0.003,0.045,0,0,,0,,,,0,,,,,0,0,0,0,0,0,0,0,1,0,1,0,1,2,0,0,0,0,0,0,272,0.001,0.001,0.004
1348,0.771,0.669,0,0.002,0.044,0,0,,0,,,,0,,,,,0,0,0,0,0,0,0,0,1,0,1,0,1,2,0,0,0,0,0,0,272,0.001,0.001,0.003
1349,0.807,0.707,0,0.002,0.037,0,0,,0,,,,0,,,,,0,0,0,0,0,0,0,0,1,0,1,0,1,2,0,0,0,0,0,0,272,0.001,0.001,0.002
1350,0.794,0.717,0,0.001,0.035,0,0,,1,609.375,229888000,286523392,1,62503872,62503872,135081984,38823561584,0,0,0,0,0,0,0,0,1,0,1,0,1,2,0,0,0,0,0,0,272,0.001,0,0.002
1351,0.892,0.74,0.001,0.003,0.048,0,0,,0,,,,0,,,,,0,0,0,0,0,0,0,0,1,0,1,0,1,2,0,0,0,0,0,0,272,0.001,0.001,0.005
1352,0.779,0.65,0,0.003,0.04,0,0,,0,,,,0,,,,,0,0,0,0,0,0,0,0,1,0,1,0,1,2,0,0,0,0,0,0,272,0.002,0.002,0.004
1353,1.386,1.242,0.001,0.002,0.036,0,0,,0,,,,0,,,,,0,0,0,0,0,0,0,0,1,0,1,0,1,2,0,0,0,0,0,0,272,0.001,0.001,0.004
1354,0.683,0.61,0,0.001,0.025,0,0,,0,,,,0,,,,,0,0,0,0,0,0,0,0,1,0,1,0,1,2,0,0,0,0,0,0,272,0.001,0,0.002
1355,1.026,0.917,0,0.002,0.04,0,0,,0,,,,0,,,,,0,0,0,0,0,0,0,0,1,0,1,0,1,2,0,0,0,0,0,0,272,0.001,0.001,0.003
1356,0.86,0.717,0,0.004,0.04,0,0,,0,,,,0,,,,,0,0,0,0,0,0,0,0,1,0,1,0,1,2,0,0,0,0,0,0,272,0.001,0.001,0.005
1357,0.763,0.663,0,0.002,0.031,0,0,,0,,,,0,,,,,0,0,0,0,0,0,0,0,1,0,1,0,1,2,0,0,0,0,0,0,272,0.001,0.001,0.003
1358,1.179,1.061,0.001,0.002,0.03,0,0,,0,,,,0,,,,,0,0,0,0,0,0,0,0,1,0,1,0,1,2,0,0,0,0,0,0,272,0.001,0.001,0.005
1359,0.793,0.696,0,0.002,0.035,0,0,,0,,,,0,,,,,0,0,0,0,0,0,0,0,1,0,1,0,1,2,0,0,0,0,0,0,272,0.001,0.001,0.003
1360,0.834,0.72,0,0.003,0.034,0,0,,0,,,,0,,,,,0,0,0,0,0,0,0,0,1,0,1,0,1,2,0,0,0,0,0,0,272,0.001,0.002,0.004
1361,0.752,0.697,0,0.001,0.021,0,0,,0,,,,0,,,,,0,0,0,0,0,0,0,0,1,0,1,0,1,2,0,0,0,0,0,0,272,0,0,0.002
1362,0.809,0.762,0,0,0.021,0,0,,0,,,,0,,,,,0,0,0,0,0,0,0,0,1,0,1,0,1,2,0,0,0,0,0,0,272,0,0,0.002
1363,0.864,0.787,0,0.001,0.036,0,0,,0,,,,0,,,,,0,0,0,0,0,0,0,0,1,0,1,0,1,2,0,0,0,0,0,0,272,0,0,0.002
1364,0.818,0.735,0,0.002,0.031,0,0,,0,,,,0,,,,,0,0,0,0,0,0,0,0,1,0,1,0,1,2,0,0,0,0,0,0,272,0.001,0.001,0.003
1365,0.858,0.721,0,0.003,0.037,0,0,,0,,,,0,,,,,0,0,0,0,0,0,0,0,1,0,1,0,1,2,0,0,0,0,0,0,272,0.001,0.001,0.005
1366,0.795,0.684,0,0.002,0.042,0,0,,0,,,,0,,,,,0,0,0,0,0,0,0,0,1,0,1,0,1,2,0,0,0,0,0,0,272,0.001,0.001,0.004
1367,0.879,0.694,0,0.003,0.09,0,0,,0,,,,0,,,,,0,0,0,0,0,0,0,0,1,0,1,0,1,2,0,0,0,0,0,0,272,0.002,0.002,0.005
1368,0.708,0.606,0,0.002,0.031,0,0,,0,,,,0,,,,,0,0,0,0,0,0,0,0,1,0,1,0,1,2,0,0,0,0,0,0,272,0.001,0.001,0.004
1369,0.747,0.691,0,0,0.02,0,0,,0,,,,0,,,,,0,0,0,0,0,0,0,0,1,0,1,0,1,2,0,0,0,0,0,0,272,0,0,0.001
1370,0.946,0.769,0,0.003,0.059,0,0,,0,,,,0,,,,,0,0,0,0,0,0,0,0,1,0,1,0,1,2,0,0,0,0,0,0,272,0.002,0.001,0.006
1371,0.667,0.524,0.001,0.003,0.047,0,0,,0,,,,0,,,,,0,0,0,0,0,0,0,0,1,0,1,0,1,2,0,0,0,0,0,0,272,0.002,0.001,0.005
1372,0.679,0.595,0,0.002,0.02,0,0,,0,,,,0,,,,,0,0,0,0,0,0,0,0,1,0,1,0,1,2,0,0,0,0,0,0,272,0.001,0.001,0.003
1373,1.265,1.12,0,0.003,0.038,0,0,,0,,,,0,,,,,0,0,0,0,0,0,0,0,1,0,1,0,1,2,0,0,0,0,0,0,272,0.002,0.002,0.005
1374,0.681,0.509,0.001,0.003,0.054,0,0,,0,,,,0,,,,,0,0,0,0,0,0,0,0,1,0,1,0,1,2,0,0,0,0,0,0,272,0.002,0.001,0.006
1375,0.967,0.513,0,0.002,0.025,0,0,,0,,,,0,,,,,0,0,0,0,0,0,0,0,1,0,1,0,1,2,0,0,0,0,0,0,272,0.001,0.001,0.003
1376,0.473,0.105,0,0.003,0.29,0,0,,0,,,,0,,,,,0,0,0,0,0,0,0,0,1,0,1,0,1,2,0,0,0,0,0,0,272,0.001,0.002,0.005
1377,0.468,0.321,0,0.003,0.063,0,0,,0,,,,0,,,,,0,0,0,0,0,0,0,0,1,0,1,0,1,2,0,0,0,0,0,0,272,0.001,0.002,0.004
1378,0.671,0.587,0.001,0.002,0.023,0,0,,0,,,,0,,,,,0,0,0,0,0,0,0,0,1,0,1,0,1,2,0,0,0,0,0,0,272,0,0.001,0.003
1379,1.096,0.992,0,0.002,0.025,0,0,,0,,,,0,,,,,0,0,0,0,0,0,0,0,1,0,1,0,1,2,0,0,0,0,0,0,272,0.001,0.001,0.004
1380,0.899,0.785,0,0.002,0.04,0,0,,1,609.375,229953536,286523392,1,62503872,62503872,135081984,38823561584,0,0,0,0,0,0,0,0,1,0,1,0,1,2,0,0,0,0,0,0,272,0.001,0,0.004
1381,0.679,0.582,0,0.001,0.042,0,0,,0,,,,0,,,,,0,0,0,0,0,0,0,0,1,0,1,0,1,2,0,0,0,0,0,0,272,0.001,0.001,0.003
1382,0.733,0.647,0,0.001,0.041,0,0,,0,,,,0,,,,,0,0,0,0,0,0,0,0,1,0,1,0,1,2,0,0,0,0,0,0,272,0,0.001,0.002
1383,0.72,0.643,0,0.001,0.038,0,0,,0,,,,0,,,,,0,0,0,0,0,0,0,0,1,0,1,0,1,2,0,0,0,0,0,0,272,0,0.001,0.002
1384,0.746,0.648,0.001,0.002,0.035,0,0,,0,,,,0,,,,,0,0,0,0,0,0,0,0,1,0,1,0,1,2,0,0,0,0,0,0,272,0.001,0.001,0.003
1385,0.719,0.64,0,0.001,0.035,0,0,,0,,,,0,,,,,0,0,0,0,0,0,0,0,1,0,1,0,1,2,0,0,0,0,0,0,272,0.001,0,0.003
1386,0.724,0.652,0,0.001,0.034,0,0,,0,,,,0,,,,,0,0,0,0,0,0,0,0,1,0,1,0,1,2,0,0,0,0,0,0,272,0,0.001,0.002
1387,0.799,0.664,0,0.002,0.058,0,0,,0,,,,0,,,,,0,0,0,0,0,0,0,0,1,0,1,0,1,2,0,0,0,0,0,0,272,0.001,0.002,0.005
1388,0.691,0.576,0,0.002,0.051,0,0,,0,,,,0,,,,,0,0,0,0,0,0,0,0,1,0,1,0,1,2,0,0,0,0,0,0,272,0.001,0,0.004
1389,0.735,0.596,0,0.003,0.039,0,0,,0,,,,0,,,,,0,0,0,0,0,0,0,0,1,0,1,0,1,2,0,0,0,0,0,0,272,0.002,0.001,0.005
1390,0.673,0.592,0.001,0.001,0.026,0,0,,0,,,,0,,,,,0,0,0,0,0,0,0,0,1,0,1,0,1,2,0,0,0,0,0,0,272,0.001,0.001,0.002
1391,0.73,0.67,0,0.001,0.026,0,0,,0,,,,0,,,,,0,0,0,0,0,0,0,0,1,0,1,0,1,2,0,0,0,0,0,0,272,0,0,0.002
1392,0.754,0.644,0,0.003,0.036,0,0,,0,,,,0,,,,,0,0,0,0,0,0,0,0,1,0,1,0,1,2,0,0,0,0,0,0,272,0.001,0.001,0.004
1393,1.483,1.326,0,0.003,0.058,0,0,,0,,,,0,,,,,0,0,0,0,0,0,0,0,1,0,1,0,1,2,0,0,0,0,0,0,272,0.001,0.001,0.005
1394,0.643,0.552,0,0.002,0.04,0,0,,0,,,,0,,,,,0,0,0,0,0,0,0,0,1,0,1,0,1,2,0,0,0,0,0,0,272,0.001,0.001,0.003
1395,0.623,0.539,0.001,0.001,0.039,0,0,,0,,,,0,,,,,0,0,0,0,0,0,0,0,1,0,1,0,1,2,0,0,0,0,0,0,272,0.001,0,0.002
1396,0.728,0.636,0,0.002,0.043,0,0,,0,,,,0,,,,,0,0,0,0,0,0,0,0,1,0,1,0,1,2,0,0,0,0,0,0,272,0,0,0.003
1397,0.76,0.679,0,0.001,0.04,0,0,,0,,,,0,,,,,0,0,0,0,0,0,0,0,1,0,1,0,1,2,0,0,0,0,0,0,272,0.001,0,0.003
1398,2.566,2.403,0.001,0.004,0.044,0,0,,0,,,,0,,,,,0,0,0,0,0,0,0,0,1,0,1,0,1,2,0,0,0,0,0,0,272,0.003,0.002,0.006
1399,1.624,1.51,0,0.003,0.045,0,0,,0,,,,0,,,,,0,0,0,0,0,0,0,0,1,0,1,0,1,2,0,0,0,0,0,0,272,0.001,0.001,0.004
1400,1.699,1.539,0.001,0.003,0.049,0,0,,0,,,,0,,,,,0,0,0,0,0,0,0,0,1,0,1,0,1,2,0,0,0,0,0,0,272,0.002,0.002,0.005
1401,1.635,1.539,0,0.002,0.04,0,0,,0,,,,0,,,,,0,0,0,0,0,0,0,0,1,0,1,0,1,2,0,0,0,0,0,0,272,0.001,0,0.003
1402,1.623,1.548,0,0.001,0.035,0,0,,0,,,,0,,,,,0,0,0,0,0,0,0,0,1,0,1,0,1,2,0,0,0,0,0,0,272,0,0,0.002
1403,1.734,1.663,0,0.001,0.036,0,0,,0,,,,0,,,,,0,0,0,0,0,0,0,0,1,0,1,0,1,2,0,0,0,0,0,0,272,0,0.001,0.002
1404,1.826,1.724,0,0.003,0.023,0,0,,0,,,,0,,,,,0,0,0,0,0,0,0,0,1,0,1,0,1,2,0,0,0,0,0,0,272,0.001,0.002,0.004
1405,2.679,2.536,0,0.002,0.055,0,0,,0,,,,0,,,,,0,0,0,0,0,0,0,0,1,0,1,0,1,2,0,0,0,0,0,0,272,0.001,0.001,0.004
1406,0.773,0.679,0,0.002,0.044,0,0,,0,,,,0,,,,,0,0,0,0,0,0,0,0,1,0,1,0,1,2,0,0,0,0,0,0,272,0.001,0.001,0.003
1407,1.39,1.327,0,0.001,0.026,0,0,,0,,,,0,,,,,0,0,0,0,0,0,0,0,1,0,1,0,1,2,0,0,0,0,0,0,272,0,0.001,0.002
1408,0.87,0.773,0,0.001,0.049,0,0,,0,,,,0,,,,,0,0,0,0,0,0,0,0,1,0,1,0,1,2,0,0,0,0,0,0,272,0,0,0.003
1409,0.798,0.723,0,0.001,0.036,0,0,,0,,,,0,,,,,0,0,0,0,0,0,0,0,1,0,1,0,1,2,0,0,0,0,0,0,272,0,0.001,0.002
1410,0.81,0.736,0,0.001,0.039,0,0,,1,609.375,229953536,286523392,1,62503872,62503872,135081984,38823561584,0,0,0,0,0,0,0,0,1,0,1,0,1,2,0,0,0,0,0,0,272,0,0,0.002
1411,0.799,0.725,0,0.001,0.039,0,0,,0,,,,0,,,,,0,0,0,0,0,0,0,0,1,0,1,0,1,2,0,0,0,0,0,0,272,0,0.001,0.002
1412,0.809,0.735,0,0.001,0.038,0,0,,0,,,,0,,,,,0,0,0,0,0,0,0,0,1,0,1,0,1,2,0,0,0,0,0,0,272,0.001,0,0.003
1413,0.799,0.728,0,0.001,0.036,0,0,,0,,,,0,,,,,0,0,0,0,0,0,0,0,1,0,1,0,1,2,0,0,0,0,0,0,272,0,0.001,0.002
1414,0.876,0.739,0,0.002,0.044,0,0,,0,,,,0,,,,,0,0,0,0,0,0,0,0,1,0,1,0,1,2,0,0,0,0,0,0,272,0.001,0.001,0.004
1415,0.744,0.658,0,0.002,0.039,0,0,,0,,,,0,,,,,0,0,0,0,0,0,0,0,1,0,1,0,1,2,0,0,0,0,0,0,272,0.001,0,0.003
1416,0.906,0.741,0.001,0.003,0.059,0,0,,0,,,,0,,,,,0,0,0,0,0,0,0,0,1,0,1,0,1,2,0,0,0,0,0,0,272,0.001,0.002,0.006
1417,0.719,0.615,0,0.001,0.05,0,0,,0,,,,0,,,,,0,0,0,0,0,0,0,0,1,0,1,0,1,2,0,0,0,0,0,0,272,0.001,0.001,0.003
1418,0.804,0.702,0,0.002,0.055,0,0,,0,,,,0,,,,,0,0,0,0,0,0,0,0,1,0,1,0,1,2,0,0,0,0,0,0,272,0.001,0.001,0.003
1419,0.768,0.692,0,0.001,0.039,0,0,,0,,,,0,,,,,0,0,0,0,0,0,0,0,1,0,1,0,1,2,0,0,0,0,0,0,272,0.001,0,0.003
1420,0.816,0.722,0,0.002,0.033,0,0,,0,,,,0,,,,,0,0,0,0,0,0,0,0,1,0,1,0,1,2,0,0,0,0,0,0,272,0.001,0.001,0.003
1421,0.851,0.711,0,0.003,0.069,0,0,,0,,,,0,,,,,0,0,0,0,0,0,0,0,1,0,1,0,1,2,0,0,0,0,0,0,272,0.001,0.002,0.003
1422,0.949,0.831,0,0.002,0.028,0,0,,0,,,,0,,,,,0,0,0,0,0,0,0,0,1,0,1,0,1,2,0,0,0,0,0,0,272,0.001,0.001,0.004
1423,0.786,0.713,0.001,0.001,0.028,0,0,,0,,,,0,,,,,0,0,0,0,0,0,0,0,1,0,1,0,1,2,0,0,0,0,0,0,272,0.001,0.001,0.002
1424,0.822,0.733,0,0.002,0.028,0,0,,0,,,,0,,,,,0,0,0,0,0,0,0,0,1,0,1,0,1,2,0,0,0,0,0,0,272,0,0.001,0.004
1425,0.787,0.681,0,0.002,0.025,0,0,,0,,,,0,,,,,0,0,0,0,0,0,0,0,1,0,1,0,1,2,0,0,0,0,0,0,272,0.001,0.001,0.003
1426,0.915,0.836,0,0.002,0.027,0,0,,0,,,,0,,,,,0,0,0,0,0,0,0,0,1,0,1,0,1,2,0,0,0,0,0,0,272,0.001,0.001,0.003
1427,1.359,1.268,0.001,0.001,0.027,0,0,,0,,,,0,,,,,0,0,0,0,0,0,0,0,1,0,1,0,1,2,0,0,0,0,0,0,272,0,0.001,0.003
1428,0.891,0.738,0,0.002,0.06,0,0,,0,,,,0,,,,,0,0,0,0,0,0,0,0,1,0,1,0,1,2,0,0,0,0,0,0,272,0.002,0.002,0.005
1429,0.757,0.656,0,0.002,0.049,0,0,,0,,,,0,,,,,0,0,0,0,0,0,0,0,1,0,1,0,1,2,0,0,0,0,0,0,272,0.001,0.001,0.003
1430,0.733,0.691,0.001,0,0.021,0,0,,0,,,,0,,,,,0,0,0,0,0,0,0,0,1,0,1,0,1,2,0,0,0,0,0,0,272,0,0,0.002
1431,0.875,0.767,0,0.002,0.058,0,0,,0,,,,0,,,,,0,0,0,0,0,0,0,0,1,0,1,0,1,2,0,0,0,0,0,0,272,0.001,0.001,0.003
1432,0.776,0.694,0,0,0.044,0,0,,0,,,,0,,,,,0,0,0,0,0,0,0,0,1,0,1,0,1,2,0,0,0,0,0,0,272,0,0,0.002
1433,0.79,0.715,0,0.001,0.037,0,0,,0,,,,0,,,,,0,0,0,0,0,0,0,0,1,0,1,0,1,2,0,0,0,0,0,0,272,0.001,0,0.003
1434,0.808,0.721,0,0.001,0.048,0,0,,0,,,,0,,,,,0,0,0,0,0,0,0,0,1,0,1,0,1,2,0,0,0,0,0,0,272,0.001,0,0.003
1435,0.816,0.709,0.001,0.002,0.046,0,0,,0,,,,0,,,,,0,0,0,0,0,0,0,0,1,0,1,0,1,2,0,0,0,0,0,0,272,0.001,0.001,0.003
1436,0.787,0.7,0,0.002,0.041,0,0,,0,,,,0,,,,,0,0,0,0,0,0,0,0,1,0,1,0,1,2,0,0,0,0,0,0,272,0.001,0.001,0.003
1437,0.778,0.704,0.001,0.001,0.037,0,0,,0,,,,0,,,,,0,0,0,0,0,0,0,0,1,0,1,0,1,2,0,0,0,0,0,0,272,0.001,0,0.003
1438,0.807,0.725,0,0.001,0.046,0,0,,0,,,,0,,,,,0,0,0,0,0,0,0,0,1,0,1,0,1,2,0,0,0,0,0,0,272,0,0.001,0.002
1439,0.817,0.721,0.001,0.001,0.059,0,0,,0,,,,0,,,,,0,0,0,0,0,0,0,0,1,0,1,0,1,2,0,0,0,0,0,0,272,0.001,0,0.003
1440,0.839,0.709,0.001,0.003,0.042,0,0,,1,609.375,229953536,286523392,1,62503872,62503872,135081984,38823561584,0,0,0,0,0,0,0,0,1,0,1,0,1,2,0,0,0,0,0,0,272,0.001,0.001,0.005
1441,1.329,1.159,0.001,0.003,0.047,0,0,,0,,,,0,,,,,0,0,0,0,0,0,0,0,1,0,1,0,1,2,0,0,0,0,0,0,272,0.002,0.001,0.006
1442,0.707,0.611,0,0.002,0.04,0,0,,0,,,,0,,,,,0,0,0,0,0,0,0,0,1,0,1,0,1,2,0,0,0,0,0,0,272,0.001,0.001,0.004
1443,0.792,0.709,0,0.001,0.04,0,0,,0,,,,0,,,,,0,0,0,0,0,0,0,0,1,0,1,0,1,2,0,0,0,0,0,0,272,0.001,0,0.003
1444,0.804,0.721,0,0.001,0.038,0,0,,0,,,,0,,,,,0,0,0,0,0,0,0,0,1,0,1,0,1,2,0,0,0,0,0,0,272,0.001,0,0.003
1445,0.791,0.706,0,0.001,0.04,0,0,,0,,,,0,,,,,0,0,0,0,0,0,0,0,1,0,1,0,1,2,0,0,0,0,0,0,272,0.001,0,0.003
1446,1.458,1.291,0,0.003,0.05,0,0,,0,,,,0,,,,,0,0,0,0,0,0,0,0,1,0,1,0,1,2,0,0,0,0,0,0,272,0.002,0.002,0.007
1447,0.838,0.715,0,0.002,0.044,0,0,,0,,,,0,,,,,0,0,0,0,0,0,0,0,1,0,1,0,1,2,0,0,0,0,0,0,272,0.001,0.001,0.004
1448,0.803,0.672,0.001,0.008,0.051,0,0,,0,,,,0,,,,,0,0,0,0,0,0,0,0,1,0,1,0,1,2,0,0,0,0,0,0,272,0.002,0.001,0.004
1449,0.89,0.757,0.001,0.001,0.05,0,0,,0,,,,0,,,,,0,0,0,0,0,0,0,0,1,0,1,0,1,2,0,0,0,0,0,0,272,0.001,0.001,0.021
1450,0.858,0.767,0,0.002,0.037,0,0,,0,,,,0,,,,,0,0,0,0,0,0,0,0,1,0,1,0,1,2,0,0,0,0,0,0,272,0.001,0.001,0.002
1451,0.93,0.794,0,0.003,0.047,0,0,,0,,,,0,,,,,0,0,0,0,0,0,0,0,1,0,1,0,1,2,0,0,0,0,0,0,272,0.002,0.001,0.004
1452,0.846,0.717,0,0.002,0.044,0,0,,0,,,,0,,,,,0,0,0,0,0,0,0,0,1,0,1,0,1,2,0,0,0,0,0,0,272,0.002,0.001,0.004
1453,0.893,0.766,0,0.002,0.035,0,0,,0,,,,0,,,,,0,0,0,0,0,0,0,0,1,0,1,0,1,2,0,0,0,0,0,0,272,0.002,0.001,0.004
1454,0.886,0.779,0,0.002,0.033,0,0,,0,,,,0,,,,,0,0,0,0,0,0,0,0,1,0,1,0,1,2,0,0,0,0,0,0,272,0.001,0.001,0.004
1455,0.92,0.767,0,0.003,0.042,0,0,,0,,,,0,,,,,0,0,0,0,0,0,0,0,1,0,1,0,1,2,0,0,0,0,0,0,272,0.001,0.001,0.004
1456,0.734,0.588,0,0.003,0.055,0,0,,0,,,,0,,,,,0,0,0,0,0,0,0,0,1,0,1,0,1,2,0,0,0,0,0,0,272,0.001,0.001,0.005
1457,0.829,0.719,0,0.003,0.034,0,0,,0,,,,0,,,,,0,0,0,0,0,0,0,0,1,0,1,0,1,2,0,0,0,0,0,0,272,0.001,0.001,0.004
1458,0.953,0.805,0,0.002,0.06,0,0,,0,,,,0,,,,,0,0,0,0,0,0,0,0,1,0,1,0,1,2,0,0,0,0,0,0,272,0.002,0.001,0.005
1459,1.611,1.486,0.001,0.002,0.031,0,0,,0,,,,0,,,,,0,0,0,0,0,0,0,0,1,0,1,0,1,2,0,0,0,0,0,0,272,0.002,0.002,0.005
1460,0.781,0.673,0.001,0.002,0.029,0,0,,0,,,,0,,,,,0,0,0,0,0,0,0,0,1,0,1,0,1,2,0,0,0,0,0,0,272,0.001,0.001,0.004
1461,0.953,0.802,0,0.003,0.055,0,0,,0,,,,0,,,,,0,0,0,0,0,0,0,0,1,0,1,0,1,2,0,0,0,0,0,0,272,0.002,0.002,0.004
1462,0.84,0.747,0,0.002,0.033,0,0,,0,,,,0,,,,,0,0,0,0,0,0,0,0,1,0,1,0,1,2,0,0,0,0,0,0,272,0.001,0,0.004
1463,0.973,0.803,0,0.003,0.048,0,0,,0,,,,0,,,,,0,0,0,0,0,0,0,0,1,0,1,0,1,2,0,0,0,0,0,0,272,0.002,0.002,0.005
1464,0.872,0.756,0,0.002,0.042,0,0,,0,,,,0,,,,,0,0,0,0,0,0,0,0,1,0,1,0,1,2,0,0,0,0,0,0,272,0.001,0.001,0.004
1465,0.863,0.779,0,0.001,0.033,0,0,,0,,,,0,,,,,0,0,0,0,0,0,0,0,1,0,1,0,1,2,0,0,0,0,0,0,272,0.001,0.001,0.003
1466,0.937,0.822,0,0.003,0.047,0,0,,0,,,,0,,,,,0,0,0,0,0,0,0,0,1,0,1,0,1,2,0,0,0,0,0,0,272,0.001,0.001,0.003
1467,0.951,0.789,0.001,0.002,0.062,0,0,,0,,,,0,,,,,0,0,0,0,0,0,0,0,1,0,1,0,1,2,0,0,0,0,0,0,272,0.001,0.002,0.004
1468,3.161,3.031,0,0.003,0.043,0,0,,0,,,,0,,,,,0,0,0,0,0,0,0,0,1,0,1,0,1,2,0,0,0,0,0,0,272,0.001,0.001,0.005
1469,0.942,0.796,0,0.002,0.033,0,0,,0,,,,0,,,,,0,0,0,0,0,0,0,0,1,0,1,0,1,2,0,0,0,0,0,0,272,0.001,0.002,0.006
1470,0.877,0.781,0,0.002,0.03,0,0,,1,625,229953536,286523392,1,62503872,62503872,135081984,38823561584,0,0,0,0,0,0,0,0,1,0,1,0,1,2,0,0,0,0,0,0,272,0.001,0,0.003
1471,0.928,0.759,0.001,0.002,0.057,0,0,,0,,,,0,,,,,0,0,0,0,0,0,0,0,1,0,1,0,1,2,0,0,0,0,0,0,272,0.001,0.002,0.007
1472,0.957,0.84,0,0.003,0.031,0,0,,0,,,,0,,,,,0,0,0,0,0,0,0,0,1,0,1,0,1,2,0,0,0,0,0,0,272,0.001,0.001,0.004
1473,2.715,2.558,0.001,0.003,0.044,0,0,,0,,,,0,,,,,0,0,0,0,0,0,0,0,1,0,1,0,1,2,0,0,0,0,0,0,272,0.001,0.001,0.006
1474,6.987,6.773,0.001,0.004,0.058,0,0,,0,,,,0,,,,,0,0,0,0,0,0,0,0,1,0,1,0,1,2,0,0,0,0,0,0,272,0.003,0.002,0.009
1475,0.713,0.629,0,0.002,0.041,0,0,,0,,,,0,,,,,0,0,0,0,0,0,0,0,1,0,1,0,1,2,0,0,0,0,0,0,272,0,0,0.002
1476,1.064,0.746,0,0.004,0.141,0,0,,0,,,,0,,,,,0,0,0,0,0,0,0,0,1,0,1,0,1,2,0,0,0,0,0,0,272,0.003,0.002,0.011
1477,0.607,0.48,0,0.001,0.051,0,0,,0,,,,0,,,,,0,0,0,0,0,0,0,0,1,0,1,0,1,2,0,0,0,0,0,0,272,0.001,0.001,0.004
1478,0.793,0.705,0,0.001,0.041,0,0,,0,,,,0,,,,,0,0,0,0,0,0,0,0,1,0,1,0,1,2,0,0,0,0,0,0,272,0.001,0,0.002
1479,1.464,1.263,0,0.003,0.079,0,0,,0,,,,0,,,,,0,0,0,0,0,0,0,0,1,0,1,0,1,2,0,0,0,0,0,0,272,0.001,0.001,0.004
1480,0.814,0.631,0.001,0.003,0.053,0,0,,0,,,,0,,,,,0,0,0,0,0,0,0,0,1,0,1,0,1,2,0,0,0,0,0,0,272,0.001,0.001,0.005
1481,0.778,0.659,0.001,0.002,0.037,0,0,,0,,,,0,,,,,0,0,0,0,0,0,0,0,1,0,1,0,1,2,0,0,0,0,0,0,272,0.001,0.001,0.004
1482,0.856,0.704,0,0.003,0.058,0,0,,0,,,,0,,,,,0,0,0,0,0,0,0,0,1,0,1,0,1,2,0,0,0,0,0,0,272,0.002,0.001,0.004
1483,0.808,0.673,0.001,0.003,0.032,0,0,,0,,,,0,,,,,0,0,0,0,0,0,0,0,1,0,1,0,1,2,0,0,0,0,0,0,272,0.002,0.002,0.006
1484,0.746,0.607,0,0.002,0.027,0,0,,0,,,,0,,,,,0,0,0,0,0,0,0,0,1,0,1,0,1,2,0,0,0,0,0,0,272,0.001,0.002,0.003
1485,1.034,0.927,0,0.002,0.032,0,0,,0,,,,0,,,,,0,0,0,0,0,0,0,0,1,0,1,0,1,2,0,0,0,0,0,0,272,0.001,0.001,0.004
1486,0.816,0.717,0,0.002,0.039,0,0,,0,,,,0,,,,,0,0,0,0,0,0,0,0,1,0,1,0,1,2,0,0,0,0,0,0,272,0.001,0.001,0.003
1487,0.896,0.724,0,0.003,0.047,0,0,,0,,,,0,,,,,0,0,0,0,0,0,0,0,1,0,1,0,1,2,0,0,0,0,0,0,272,0.001,0.007,0.004
1488,0.755,0.637,0.001,0.002,0.042,0,0,,0,,,,0,,,,,0,0,0,0,0,0,0,0,1,0,1,0,1,2,0,0,0,0,0,0,272,0.001,0,0.004
1489,0.847,0.711,0.001,0.002,0.052,0,0,,0,,,,0,,,,,0,0,0,0,0,0,0,0,1,0,1,0,1,2,0,0,0,0,0,0,272,0.001,0.001,0.004
1490,0.76,0.667,0,0.002,0.041,0,0,,0,,,,0,,,,,0,0,0,0,0,0,0,0,1,0,1,0,1,2,0,0,0,0,0,0,272,0.001,0,0.003
1491,3.719,3.509,0,0.013,0.057,0,0,,0,,,,0,,,,,0,0,0,0,0,0,0,0,1,0,1,0,1,2,0,0,0,0,0,0,272,0.003,0.002,0.008
1492,2.449,2.253,0,0.004,0.055,0,0,,0,,,,0,,,,,0,0,0,0,0,0,0,0,1,0,1,0,1,2,0,0,0,0,0,0,272,0.002,0.002,0.007
1493,3.64,3.487,0,0.003,0.051,0,0,,0,,,,0,,,,,0,0,0,0,0,0,0,0,1,0,1,0,1,2,0,0,0,0,0,0,272,0.002,0.002,0.006
1494,2.646,2.485,0,0.004,0.033,0,0,,0,,,,0,,,,,0,0,0,0,0,0,0,0,1,0,1,0,1,2,0,0,0,0,0,0,272,0.002,0.003,0.006
1495,2.189,2.023,0.001,0.003,0.043,0,0,,0,,,,0,,,,,0,0,0,0,0,0,0,0,1,0,1,0,1,2,0,0,0,0,0,0,272,0.002,0.002,0.007
1496,7.027,6.833,0,0.005,0.048,0,0,,0,,,,0,,,,,0,0,0,0,0,0,0,0,1,0,1,0,1,2,0,0,0,0,0,0,272,0.002,0.003,0.01
1497,2.367,2.184,0,0.005,0.048,0,0,,0,,,,0,,,,,0,0,0,0,0,0,0,0,1,0,1,0,1,2,0,0,0,0,0,0,272,0.002,0.001,0.007
1498,4.675,4.377,0,0.006,0.087,0,0,,0,,,,0,,,,,0,0,0,0,0,0,0,0,1,0,1,0,1,2,0,0,0,0,0,0,272,0.003,0.002,0.009
1499,2.318,2.078,0,0.004,0.051,0,0,,0,,,,0,,,,,0,0,0,0,0,0,0,0,1,0,1,0,1,2,0,0,0,0,0,0,272,0.002,0.001,0.008
1500,4.739,4.596,0,0.003,0.037,0,0,,1,625,229953536,286523392,1,62503872,62503872,135081984,38823561584,0,0,0,0,0,0,0,0,1,0,1,0,1,2,0,0,0,0,0,0,272,0.002,0.001,0.006
1501,1.116,0.776,0,0.005,0.194,0,0,,0,,,,0,,,,,0,0,0,0,0,0,0,0,1,0,1,0,1,2,0,0,0,0,0,0,272,0.002,0.002,0.008
1502,0.369,0.232,0,0.001,0.075,0,0,,0,,,,0,,,,,0,0,0,0,0,0,0,0,1,0,1,0,1,2,0,0,0,0,0,0,272,0.001,0.001,0.004
1503,0.585,0.488,0,0.001,0.043,0,0,,0,,,,0,,,,,0,0,0,0,0,0,0,0,1,0,1,0,1,2,0,0,0,0,0,0,272,0.001,0.001,0.003
1504,0.756,0.525,0,0.002,0.159,0,0,,0,,,,0,,,,,0,0,0,0,0,0,0,0,1,0,1,0,1,2,0,0,0,0,0,0,272,0.001,0.001,0.004
1505,0.627,0.409,0,0.004,0.091,0,0,,0,,,,0,,,,,0,0,0,0,0,0,0,0,1,0,1,0,1,2,0,0,0,0,0,0,272,0.002,0.001,0.006
1506,0.963,0.764,0,0.002,0.087,0,0,,0,,,,0,,,,,0,0,0,0,0,0,0,0,1,0,1,0,1,2,0,0,0,0,0,0,272,0.002,0.001,0.004
1507,0.617,0.386,0.001,0.002,0.12,0,0,,0,,,,0,,,,,0,0,0,0,0,0,0,0,1,0,1,0,1,2,0,0,0,0,0,0,272,0.001,0,0.004
1508,0.606,0.422,0,0.002,0.102,0,0,,0,,,,0,,,,,0,0,0,0,0,0,0,0,1,0,1,0,1,2,0,0,0,0,0,0,272,0.001,0.001,0.003
1509,0.556,0.442,0,0.009,0.046,0,0,,0,,,,0,,,,,0,0,0,0,0,0,0,0,1,0,1,0,1,2,0,0,0,0,0,0,272,0.001,0.001,0.003
1510,0.627,0.507,0,0.003,0.038,0,0,,0,,,,0,,,,,0,0,0,0,0,0,0,0,1,0,1,0,1,2,0,0,0,0,0,0,272,0.001,0.001,0.005
1511,0.715,0.496,0,0.002,0.102,0,0,,0,,,,0,,,,,0,0,0,0,0,0,0,0,1,0,1,0,1,2,0,0,0,0,0,0,272,0.001,0.001,0.005
1512,0.505,0.362,0,0.002,0.052,0,0,,0,,,,0,,,,,0,0,0,0,0,0,0,0,1,0,1,0,1,2,0,0,0,0,0,0,272,0.002,0.001,0.005
1513,0.557,0.443,0,0.003,0.026,0,0,,0,,,,0,,,,,0,0,0,0,0,0,0,0,1,0,1,0,1,2,0,0,0,0,0,0,272,0.001,0,0.004
1514,0.997,0.726,0,0.002,0.112,0,0,,0,,,,0,,,,,0,0,0,0,0,0,0,0,1,0,1,0,1,2,0,0,0,0,0,0,272,0.001,0.001,0.003
1515,0.427,0.312,0.001,0.002,0.037,0,0,,0,,,,0,,,,,0,0,0,0,0,0,0,0,1,0,1,0,1,2,0,0,0,0,0,0,272,0.001,0.001,0.003
1516,0.658,0.546,0,0.003,0.034,0,0,,0,,,,0,,,,,0,0,0,0,0,0,0,0,1,0,1,0,1,2,0,0,0,0,0,0,272,0.001,0.001,0.004
1517,0.76,0.516,0,0.002,0.133,0,0,,0,,,,0,,,,,0,0,0,0,0,0,0,0,1,0,1,0,1,2,0,0,0,0,0,0,272,0.001,0,0.003
1518,0.512,0.335,0,0.001,0.109,0,0,,0,,,,0,,,,,0,0,0,0,0,0,0,0,1,0,1,0,1,2,0,0,0,0,0,0,272,0,0.001,0.002
1519,0.664,0.504,0.001,0.002,0.084,0,0,,0,,,,0,,,,,0,0,0,0,0,0,0,0,1,0,1,0,1,2,0,0,0,0,0,0,272,0.001,0.001,0.003
1520,0.613,0.461,0,0.002,0.074,0,0,,0,,,,0,,,,,0,0,0,0,0,0,0,0,1,0,1,0,1,2,0,0,0,0,0,0,272,0.001,0,0.003
1521,2.063,1.917,0,0.003,0.035,0,0,,0,,,,0,,,,,0,0,0,0,0,0,0,0,1,0,1,0,1,2,0,0,0,0,0,0,272,0.001,0.002,0.007
1522,0.632,0.476,0,0.003,0.044,0,0,,0,,,,0,,,,,0,0,0,0,0,0,0,0,1,0,1,0,1,2,0,0,0,0,0,0,272,0.001,0.001,0.005
1523,0.518,0.468,0,0.001,0.019,0,0,,0,,,,0,,,,,0,0,0,0,0,0,0,0,1,0,1,0,1,2,0,0,0,0,0,0,272,0,0,0.002
1524,0.888,0.578,0,0.004,0.183,0,0,,0,,,,0,,,,,0,0,0,0,0,0,0,0,1,0,1,0,1,2,0,0,0,0,0,0,272,0.002,0.001,0.007
1525,0.401,0.287,0,0.003,0.036,0,0,,0,,,,0,,,,,0,0,0,0,0,0,0,0,1,0,1,0,1,2,0,0,0,0,0,0,272,0.002,0.001,0.003
1526,0.593,0.547,0.001,0,0.02,0,0,,0,,,,0,,,,,0,0,0,0,0,0,0,0,1,0,1,0,1,2,0,0,0,0,0,0,272,0,0,0.001
1527,0.717,0.605,0,0.002,0.034,0,0,,0,,,,0,,,,,0,0,0,0,0,0,0,0,1,0,1,0,1,2,0,0,0,0,0,0,272,0.001,0.001,0.003
1528,0.674,0.542,0.001,0.003,0.036,0,0,,0,,,,0,,,,,0,0,0,0,0,0,0,0,1,0,1,0,1,2,0,0,0,0,0,0,272,0.001,0.001,0.003
1529,1.037,0.908,0.001,0.002,0.036,0,0,,0,,,,0,,,,,0,0,0,0,0,0,0,0,1,0,1,0,1,2,0,0,0,0,0,0,272,0.001,0.001,0.005
1530,0.613,0.534,0,0.002,0.027,0,0,,1,625,229953536,286523392,1,62503872,62503872,135081984,38823561584,0,0,0,0,0,0,0,0,1,0,1,0,1,2,0,0,0,0,0,0,272,0,0,0.003
1531,0.723,0.548,0,0.003,0.064,0,0,,0,,,,0,,,,,0,0,0,0,0,0,0,0,1,0,1,0,1,2,0,0,0,0,0,0,272,0.002,0.002,0.005
1532,0.56,0.446,0.001,0.002,0.052,0,0,,0,,,,0,,,,,0,0,0,0,0,0,0,0,1,0,1,0,1,2,0,0,0,0,0,0,272,0.001,0.001,0.003
1533,0.718,0.514,0.001,0.005,0.046,0,0,,0,,,,0,,,,,0,0,0,0,0,0,0,0,1,0,1,0,1,2,0,0,0,0,0,0,272,0.004,0.001,0.005
1534,0.457,0.385,0,0.002,0.022,0,0,,0,,,,0,,,,,0,0,0,0,0,0,0,0,1,0,1,0,1,2,0,0,0,0,0,0,272,0.001,0.001,0.002
1535,0.586,0.503,0,0.002,0.025,0,0,,0,,,,0,,,,,0,0,0,0,0,0,0,0,1,0,1,0,1,2,0,0,0,0,0,0,272,0.001,0,0.003
1536,0.973,0.76,0,0.002,0.094,0,0,,0,,,,0,,,,,0,0,0,0,0,0,0,0,1,0,1,0,1,2,0,0,0,0,0,0,272,0.001,0.001,0.004
1537,3.104,2.927,0.001,0.003,0.072,0,0,,0,,,,0,,,,,0,0,0,0,0,0,0,0,1,0,1,0,1,2,0,0,0,0,0,0,272,0.001,0.001,0.006
1538,13.55,13.322,0,0.007,0.043,0,0,,0,,,,0,,,,,0,0,0,0,0,0,0,0,1,0,1,0,1,2,0,0,0,0,0,0,272,0.003,0.003,0.011
1539,3.566,3.368,0.001,0.005,0.056,0,0,,0,,,,0,,,,,0,0,0,0,0,0,0,0,1,0,1,0,1,2,0,0,0,0,0,0,272,0.003,0.003,0.01
1540,12.441,12.226,0,0.006,0.041,0,0,,0,,,,0,,,,,0,0,0,0,0,0,0,0,1,0,1,0,1,2,0,0,0,0,0,0,272,0.002,0.003,0.011
1541,3.633,3.409,0.001,0.006,0.051,0,0,,0,,,,0,,,,,0,0,0,0,0,0,0,0,1,0,1,0,1,2,0,0,0,0,0,0,272,0.003,0.003,0.012
1542,12.891,12.644,0,0.006,0.071,0,0,,0,,,,0,,,,,0,0,0,0,0,0,0,0,1,0,1,0,1,2,0,0,0,0,0,0,272,0.002,0.003,0.013
1543,4.458,4.196,0.001,0.006,0.058,0,0,,0,,,,0,,,,,0,0,0,0,0,0,0,0,1,0,1,0,1,2,0,0,0,0,0,0,272,0.003,0.003,0.012
1544,13.621,13.4,0,0.005,0.069,0,0,,0,,,,0,,,,,0,0,0,0,0,0,0,0,1,0,1,0,1,2,0,0,0,0,0,0,272,0.002,0.003,0.01
1545,1.063,0.854,0.001,0.005,0.034,0,0,,0,,,,0,,,,,0,0,0,0,0,0,0,0,1,0,1,0,1,2,0,0,0,0,0,0,272,0.002,0.003,0.01
1546,1.069,0.952,0,0.003,0.041,0,0,,0,,,,0,,,,,0,0,0,0,0,0,0,0,1,0,1,0,1,2,0,0,0,0,0,0,272,0.001,0.001,0.003
1547,1.095,0.986,0,0.002,0.036,0,0,,0,,,,0,,,,,0,0,0,0,0,0,0,0,1,0,1,0,1,2,0,0,0,0,0,0,272,0.001,0.001,0.004
1548,2.928,2.813,0.001,0.002,0.041,0,0,,0,,,,0,,,,,0,0,0,0,0,0,0,0,1,0,1,0,1,2,0,0,0,0,0,0,272,0.002,0.001,0.003
1549,0.895,0.823,0,0.002,0.03,0,0,,0,,,,0,,,,,0,0,0,0,0,0,0,0,1,0,1,0,1,2,0,0,0,0,0,0,272,0,0.001,0.002
1550,1.038,0.885,0.001,0.004,0.034,0,0,,0,,,,0,,,,,0,0,0,0,0,0,0,0,1,0,1,0,1,2,0,0,0,0,0,0,272,0.002,0.001,0.008
1551,0.995,0.8,0,0.004,0.065,0,0,,0,,,,0,,,,,0,0,0,0,0,0,0,0,1,0,1,0,1,2,0,0,0,0,0,0,272,0.001,0.002,0.006
1552,0.812,0.696,0,0.003,0.039,0,0,,0,,,,0,,,,,0,0,0,0,0,0,0,0,1,0,1,0,1,2,0,0,0,0,0,0,272,0.001,0.001,0.004
1553,1.477,1.423,0,0.001,0.019,0,0,,0,,,,0,,,,,0,0,0,0,0,0,0,0,1,0,1,0,1,2,0,0,0,0,0,0,272,0,0.001,0.002
1554,1.113,0.993,0.001,0.002,0.036,0,0,,0,,,,0,,,,,0,0,0,0,0,0,0,0,1,0,1,0,1,2,0,0,0,0,0,0,272,0.001,0.001,0.004
1555,0.973,0.788,0.001,0.003,0.059,0,0,,0,,,,0,,,,,0,0,0,0,0,0,0,0,1,0,1,0,1,2,0,0,0,0,0,0,272,0.002,0.001,0.007
1556,1.003,0.74,0,0.004,0.087,0,0,,0,,,,0,,,,,0,0,0,0,0,0,0,0,1,0,1,0,1,2,0,0,0,0,0,0,272,0.003,0.002,0.006
1557,1.174,1.042,0,0.002,0.036,0,0,,0,,,,0,,,,,0,0,0,0,0,0,0,0,1,0,1,0,1,2,0,0,0,0,0,0,272,0.002,0.001,0.005
1558,1.834,1.688,0.001,0.003,0.049,0,0,,0,,,,0,,,,,0,0,0,0,0,0,0,0,1,0,1,0,1,2,0,0,0,0,0,0,272,0.001,0.001,0.005
1559,0.925,0.802,0,0.002,0.04,0,0,,0,,,,0,,,,,0,0,0,0,0,0,0,0,1,0,1,0,1,2,0,0,0,0,0,0,272,0.001,0.001,0.004
1560,0.948,0.81,0,0.002,0.043,0,0,,1,625,229953536,286523392,1,62503872,62503872,135081984,38823561584,0,0,0,0,0,0,0,0,1,0,1,0,1,2,0,0,0,0,0,0,272,0.001,0.001,0.005
1561,2.186,2.088,0,0.003,0.025,0,0,,0,,,,0,,,,,0,0,0,0,0,0,0,0,1,0,1,0,1,2,0,0,0,0,0,0,272,0.001,0,0.005
1562,1.077,0.949,0.001,0.003,0.04,0,0,,0,,,,0,,,,,0,0,0,0,0,0,0,0,1,0,1,0,1,2,0,0,0,0,0,0,272,0.001,0.001,0.004
1563,0.891,0.802,0.001,0.002,0.031,0,0,,0,,,,0,,,,,0,0,0,0,0,0,0,0,1,0,1,0,1,2,0,0,0,0,0,0,272,0.001,0,0.003
1564,1.024,0.871,0,0.003,0.044,0,0,,0,,,,0,,,,,0,0,0,0,0,0,0,0,1,0,1,0,1,2,0,0,0,0,0,0,272,0.001,0.001,0.005
1565,0.916,0.808,0,0.002,0.044,0,0,,0,,,,0,,,,,0,0,0,0,0,0,0,0,1,0,1,0,1,2,0,0,0,0,0,0,272,0.001,0.001,0.003
1566,0.927,0.835,0,0.002,0.034,0,0,,0,,,,0,,,,,0,0,0,0,0,0,0,0,1,0,1,0,1,2,0,0,0,0,0,0,272,0.001,0,0.003
1567,1.727,1.538,0.001,0.004,0.053,0,0,,0,,,,0,,,,,0,0,0,0,0,0,0,0,1,0,1,0,1,2,0,0,0,0,0,0,272,0.002,0.002,0.007
1568,3.434,3.273,0,0.005,0.036,0,0,,0,,,,0,,,,,0,0,0,0,0,0,0,0,1,0,1,0,1,2,0,0,0,0,0,0,272,0.002,0.003,0.007
1569,3.784,3.561,0,0.005,0.049,0,0,,0,,,,0,,,,,0,0,0,0,0,0,0,0,1,0,1,0,1,2,0,0,0,0,0,0,272,0.002,0.003,0.008
1570,8.749,8.509,0.001,0.005,0.061,0,0,,0,,,,0,,,,,0,0,0,0,0,0,0,0,1,0,1,0,1,2,0,0,0,0,0,0,272,0.003,0.002,0.01
1571,0.628,0.575,0,0.001,0.018,0,0,,0,,,,0,,,,,0,0,0,0,0,0,0,0,1,0,1,0,1,2,0,0,0,0,0,0,272,0.001,0,0.003
1572,0.938,0.834,0,0.002,0.037,0,0,,0,,,,0,,,,,0,0,0,0,0,0,0,0,1,0,1,0,1,2,0,0,0,0,0,0,272,0.001,0.001,0.003
1573,1.147,0.931,0.001,0.003,0.042,0,0,,0,,,,0,,,,,0,0,0,0,0,0,0,0,1,0,1,0,1,2,0,0,0,0,0,0,272,0.002,0.001,0.006
1574,0.385,0.236,0,0.003,0.051,0,0,,0,,,,0,,,,,0,0,0,0,0,0,0,0,1,0,1,0,1,2,0,0,0,0,0,0,272,0.001,0.001,0.005
1575,0.857,0.671,0,0.003,0.056,0,0,,0,,,,0,,,,,0,0,0,0,0,0,0,0,1,0,1,0,1,2,0,0,0,0,0,0,272,0.002,0.001,0.007
1576,1.166,0.967,0,0.004,0.065,0,0,,0,,,,0,,,,,0,0,0,0,0,0,0,0,1,0,1,0,1,2,0,0,0,0,0,0,272,0.002,0.002,0.007
1577,0.718,0.634,0,0.002,0.028,0,0,,0,,,,0,,,,,0,0,0,0,0,0,0,0,1,0,1,0,1,2,0,0,0,0,0,0,272,0,0,0.003
1578,0.947,0.757,0,0.002,0.083,0,0,,0,,,,0,,,,,0,0,0,0,0,0,0,0,1,0,1,0,1,2,0,0,0,0,0,0,272,0.002,0.001,0.005
1579,0.838,0.637,0,0.003,0.089,0,0,,0,,,,0,,,,,0,0,0,0,0,0,0,0,1,0,1,0,1,2,0,0,0,0,0,0,272,0.002,0.002,0.005
1580,1.236,1.079,0,0.003,0.047,0,0,,0,,,,0,,,,,0,0,0,0,0,0,0,0,1,0,1,0,1,2,0,0,0,0,0,0,272,0.002,0.002,0.005
1581,0.771,0.657,0,0.003,0.033,0,0,,0,,,,0,,,,,0,0,0,0,0,0,0,0,1,0,1,0,1,2,0,0,0,0,0,0,272,0.001,0.001,0.004
1582,0.835,0.696,0,0.001,0.054,0,0,,0,,,,0,,,,,0,0,0,0,0,0,0,0,1,0,1,0,1,2,0,0,0,0,0,0,272,0.001,0.001,0.003
1583,0.817,0.706,0.001,0.002,0.04,0,0,,0,,,,0,,,,,0,0,0,0,0,0,0,0,1,0,1,0,1,2,0,0,0,0,0,0,272,0.001,0.001,0.004
1584,0.807,0.726,0,0.001,0.034,0,0,,0,,,,0,,,,,0,0,0,0,0,0,0,0,1,0,1,0,1,2,0,0,0,0,0,0,272,0.001,0,0.003
1585,0.895,0.779,0,0.002,0.044,0,0,,0,,,,0,,,,,0,0,0,0,0,0,0,0,1,0,1,0,1,2,0,0,0,0,0,0,272,0.002,0.001,0.003
1586,0.789,0.705,0,0.001,0.037,0,0,,0,,,,0,,,,,0,0,0,0,0,0,0,0,1,0,1,0,1,2,0,0,0,0,0,0,272,0.001,0,0.003
1587,0.838,0.76,0,0,0.036,0,0,,0,,,,0,,,,,0,0,0,0,0,0,0,0,1,0,1,0,1,2,0,0,0,0,0,0,272,0.001,0,0.002
1588,0.799,0.732,0,0.001,0.034,0,0,,0,,,,0,,,,,0,0,0,0,0,0,0,0,1,0,1,0,1,2,0,0,0,0,0,0,272,0,0,0.001
1589,0.832,0.773,0,0.001,0.028,0,0,,0,,,,0,,,,,0,0,0,0,0,0,0,0,1,0,1,0,1,2,0,0,0,0,0,0,272,0.001,0.001,0.001
1590,0.887,0.793,0,0.001,0.041,0,0,,1,656.25,229957632,286523392,1,62503872,62503872,135081984,38823561584,0,0,0,0,0,0,0,0,1,0,1,0,1,2,0,0,0,0,0,0,272,0.001,0.001,0.003
1591,0.841,0.727,0,0.002,0.04,0,0,,0,,,,0,,,,,0,0,0,0,0,0,0,0,1,0,1,0,1,2,0,0,0,0,0,0,272,0.001,0,0.003
1592,0.945,0.836,0,0.003,0.036,0,0,,0,,,,0,,,,,0,0,0,0,0,0,0,0,1,0,1,0,1,2,0,0,0,0,0,0,272,0.001,0.001,0.004
1593,0.93,0.783,0,0.003,0.042,0,0,,0,,,,0,,,,,0,0,0,0,0,0,0,0,1,0,1,0,1,2,0,0,0,0,0,0,272,0.001,0.001,0.005
1594,1.404,1.274,0,0.002,0.048,0,0,,0,,,,0,,,,,0,0,0,0,0,0,0,0,1,0,1,0,1,2,0,0,0,0,0,0,272,0.001,0.001,0.004
1595,0.876,0.791,0,0.001,0.035,0,0,,0,,,,0,,,,,0,0,0,0,0,0,0,0,1,0,1,0,1,2,0,0,0,0,0,0,272,0,0,0.002
1596,0.909,0.832,0.001,0,0.035,0,0,,0,,,,0,,,,,0,0,0,0,0,0,0,0,1,0,1,0,1,2,0,0,0,0,0,0,272,0.001,0,0.002
1597,0.977,0.863,0,0.002,0.045,0,0,,0,,,,0,,,,,0,0,0,0,0,0,0,0,1,0,1,0,1,2,0,0,0,0,0,0,272,0.001,0.001,0.004
1598,1.765,1.654,0.001,0.002,0.035,0,0,,0,,,,0,,,,,0,0,0,0,0,0,0,0,1,0,1,0,1,2,0,0,0,0,0,0,272,0.001,0.002,0.003
1599,0.941,0.85,0,0.002,0.033,0,0,,0,,,,0,,,,,0,0,0,0,0,0,0,0,1,0,1,0,1,2,0,0,0,0,0,0,272,0.001,0.001,0.002
1600,0.942,0.84,0,0.002,0.031,0,0,,0,,,,0,,,,,0,0,0,0,0,0,0,0,1,0,1,0,1,2,0,0,0,0,0,0,272,0.001,0.001,0.004
1601,0.98,0.812,0,0.003,0.056,0,0,,0,,,,0,,,,,0,0,0,0,0,0,0,0,1,0,1,0,1,2,0,0,0,0,0,0,272,0.002,0.002,0.005
1602,0.842,0.717,0,0.002,0.049,0,0,,0,,,,0,,,,,0,0,0,0,0,0,0,0,1,0,1,0,1,2,0,0,0,0,0,0,272,0.001,0.001,0.003
1603,0.892,0.803,0,0.001,0.04,0,0,,0,,,,0,,,,,0,0,0,0,0,0,0,0,1,0,1,0,1,2,0,0,0,0,0,0,272,0,0,0.002
1604,0.916,0.829,0.001,0.001,0.047,0,0,,0,,,,0,,,,,0,0,0,0,0,0,0,0,1,0,1,0,1,2,0,0,0,0,0,0,272,0.001,0,0.003
1605,0.959,0.823,0,0.003,0.047,0,0,,0,,,,0,,,,,0,0,0,0,0,0,0,0,1,0,1,0,1,2,0,0,0,0,0,0,272,0.001,0.001,0.004
1606,0.416,0.33,0,0.002,0.031,0,0,,0,,,,0,,,,,0,0,0,0,0,0,0,0,1,0,1,0,1,2,0,0,0,0,0,0,272,0.001,0.001,0.003
1607,0.949,0.767,0,0.004,0.07,0,0,,0,,,,0,,,,,0,0,0,0,0,0,0,0,1,0,1,0,1,2,0,0,0,0,0,0,272,0.001,0.001,0.006
1608,0.762,0.614,0,0.003,0.066,0,0,,0,,,,0,,,,,0,0,0,0,0,0,0,0,1,0,1,0,1,2,0,0,0,0,0,0,272,0.001,0.001,0.004
1609,0.835,0.696,0,0.003,0.052,0,0,,0,,,,0,,,,,0,0,0,0,0,0,0,0,1,0,1,0,1,2,0,0,0,0,0,0,272,0.001,0.001,0.004
1610,1.235,1.105,0,0.003,0.037,0,0,,0,,,,0,,,,,0,0,0,0,0,0,0,0,1,0,1,0,1,2,0,0,0,0,0,0,272,0.001,0.001,0.004
1611,1.118,0.99,0,0.002,0.037,0,0,,0,,,,0,,,,,0,0,0,0,0,0,0,0,1,0,1,0,1,2,0,0,0,0,0,0,272,0.001,0.001,0.004
1612,0.803,0.724,0,0.001,0.032,0,0,,0,,,,0,,,,,0,0,0,0,0,0,0,0,1,0,1,0,1,2,0,0,0,0,0,0,272,0,0.001,0.002
1613,0.849,0.749,0,0.002,0.035,0,0,,0,,,,0,,,,,0,0,0,0,0,0,0,0,1,0,1,0,1,2,0,0,0,0,0,0,272,0.001,0.001,0.003
1614,0.806,0.716,0,0.002,0.028,0,0,,0,,,,0,,,,,0,0,0,0,0,0,0,0,1,0,1,0,1,2,0,0,0,0,0,0,272,0.001,0,0.003
1615,1.249,1.116,0,0.002,0.052,0,0,,0,,,,0,,,,,0,0,0,0,0,0,0,0,1,0,1,0,1,2,0,0,0,0,0,0,272,0.002,0.001,0.004
1616,0.788,0.656,0,0.003,0.043,0,0,,0,,,,0,,,,,0,0,0,0,0,0,0,0,1,0,1,0,1,2,0,0,0,0,0,0,272,0.001,0.001,0.004
1617,0.939,0.758,0,0.004,0.034,0,0,,0,,,,0,,,,,0,0,0,0,0,0,0,0,1,0,1,0,1,2,0,0,0,0,0,0,272,0.003,0.002,0.007
1618,0.603,0.558,0,0.001,0.017,0,0,,0,,,,0,,,,,0,0,0,0,0,0,0,0,1,0,1,0,1,2,0,0,0,0,0,0,272,0,0,0.001
1619,0.924,0.815,0.001,0.002,0.038,0,0,,0,,,,0,,,,,0,0,0,0,0,0,0,0,1,0,1,0,1,2,0,0,0,0,0,0,272,0.001,0,0.004
1620,0.783,0.699,0,0.002,0.032,0,0,,1,656.25,230023168,286523392,1,62503872,62503872,135081984,38823561584,0,0,0,0,0,0,0,0,1,0,1,0,1,2,0,0,0,0,0,0,272,0.001,0,0.002
1621,0.783,0.696,0,0.002,0.02,0,0,,0,,,,0,,,,,0,0,0,0,0,0,0,0,1,0,1,0,1,2,0,0,0,0,0,0,272,0.001,0.001,0.003
1622,0.975,0.74,0,0.004,0.084,0,0,,0,,,,0,,,,,0,0,0,0,0,0,0,0,1,0,1,0,1,2,0,0,0,0,0,0,272,0.003,0.001,0.007
1623,0.765,0.571,0,0.019,0.07,0,0,,0,,,,0,,,,,0,0,0,0,0,0,0,0,1,0,1,0,1,2,0,0,0,0,0,0,272,0.002,0.001,0.005
1624,0.794,0.567,0.001,0.003,0.073,0,0,,0,,,,0,,,,,0,0,0,0,0,0,0,0,1,0,1,0,1,2,0,0,0,0,0,0,272,0.001,0.001,0.006
1625,0.71,0.593,0,0.002,0.044,0,0,,0,,,,0,,,,,0,0,0,0,0,0,0,0,1,0,1,0,1,2,0,0,0,0,0,0,272,0.001,0.001,0.004
1626,0.821,0.706,0,0.002,0.034,0,0,,0,,,,0,,,,,0,0,0,0,0,0,0,0,1,0,1,0,1,2,0,0,0,0,0,0,272,0.001,0.001,0.004
1627,0.814,0.677,0,0.002,0.049,0,0,,0,,,,0,,,,,0,0,0,0,0,0,0,0,1,0,1,0,1,2,0,0,0,0,0,0,272,0.001,0.001,0.004
1628,0.804,0.669,0,0.003,0.037,0,0,,0,,,,0,,,,,0,0,0,0,0,0,0,0,1,0,1,0,1,2,0,0,0,0,0,0,272,0.002,0.002,0.004
1629,1.26,1.166,0,0.002,0.034,0,0,,0,,,,0,,,,,0,0,0,0,0,0,0,0,1,0,1,0,1,2,0,0,0,0,0,0,272,0.001,0.001,0.003
1630,0.857,0.792,0,0.001,0.027,0,0,,0,,,,0,,,,,0,0,0,0,0,0,0,0,1,0,1,0,1,2,0,0,0,0,0,0,272,0,0,0.002
1631,0.994,0.789,0,0.004,0.07,0,0,,0,,,,0,,,,,0,0,0,0,0,0,0,0,1,0,1,0,1,2,0,0,0,0,0,0,272,0.002,0.002,0.006
1632,0.697,0.606,0,0.002,0.036,0,0,,0,,,,0,,,,,0,0,0,0,0,0,0,0,1,0,1,0,1,2,0,0,0,0,0,0,272,0.001,0,0.003
1633,0.804,0.722,0,0.001,0.041,0,0,,0,,,,0,,,,,0,0,0,0,0,0,0,0,1,0,1,0,1,2,0,0,0,0,0,0,272,0,0.001,0.002
1634,1.612,1.434,0,0.004,0.056,0,0,,0,,,,0,,,,,0,0,0,0,0,0,0,0,1,0,1,0,1,2,0,0,0,0,0,0,272,0.001,0.001,0.006
1635,0.74,0.624,0,0.002,0.053,0,0,,0,,,,0,,,,,0,0,0,0,0,0,0,0,1,0,1,0,1,2,0,0,0,0,0,0,272,0.001,0.001,0.004
1636,0.824,0.678,0,0.002,0.046,0,0,,0,,,,0,,,,,0,0,0,0,0,0,0,0,1,0,1,0,1,2,0,0,0,0,0,0,272,0.001,0,0.006
1637,0.782,0.674,0.001,0.001,0.042,0,0,,0,,,,0,,,,,0,0,0,0,0,0,0,0,1,0,1,0,1,2,0,0,0,0,0,0,272,0.001,0.002,0.003
1638,0.82,0.705,0,0.002,0.047,0,0,,0,,,,0,,,,,0,0,0,0,0,0,0,0,1,0,1,0,1,2,0,0,0,0,0,0,272,0.001,0.001,0.004
1639,0.804,0.687,0,0.001,0.037,0,0,,0,,,,0,,,,,0,0,0,0,0,0,0,0,1,0,1,0,1,2,0,0,0,0,0,0,272,0.001,0.001,0.002
1640,0.864,0.705,0,0.002,0.057,0,0,,0,,,,0,,,,,0,0,0,0,0,0,0,0,1,0,1,0,1,2,0,0,0,0,0,0,272,0.001,0.001,0.004
1641,0.726,0.647,0,0.002,0.027,0,0,,0,,,,0,,,,,0,0,0,0,0,0,0,0,1,0,1,0,1,2,0,0,0,0,0,0,272,0,0,0.003
1642,0.904,0.743,0,0.003,0.053,0,0,,0,,,,0,,,,,0,0,0,0,0,0,0,0,1,0,1,0,1,2,0,0,0,0,0,0,272,0.002,0.001,0.005
1643,0.73,0.638,0,0.002,0.037,0,0,,0,,,,0,,,,,0,0,0,0,0,0,0,0,1,0,1,0,1,2,0,0,0,0,0,0,272,0.001,0,0.003
1644,0.79,0.72,0.001,0.001,0.032,0,0,,0,,,,0,,,,,0,0,0,0,0,0,0,0,1,0,1,0,1,2,0,0,0,0,0,0,272,0.001,0,0.002
1645,0.837,0.735,0,0.002,0.038,0,0,,0,,,,0,,,,,0,0,0,0,0,0,0,0,1,0,1,0,1,2,0,0,0,0,0,0,272,0.001,0,0.003
1646,0.854,0.706,0,0.003,0.044,0,0,,0,,,,0,,,,,0,0,0,0,0,0,0,0,1,0,1,0,1,2,0,0,0,0,0,0,272,0.001,0,0.003
1647,0.724,0.622,0,0.002,0.032,0,0,,0,,,,0,,,,,0,0,0,0,0,0,0,0,1,0,1,0,1,2,0,0,0,0,0,0,272,0.001,0.001,0.003
1648,1.179,1.075,0,0.002,0.043,0,0,,0,,,,0,,,,,0,0,0,0,0,0,0,0,1,0,1,0,1,2,0,0,0,0,0,0,272,0.001,0,0.003
1649,0.746,0.682,0,0.001,0.03,0,0,,0,,,,0,,,,,0,0,0,0,0,0,0,0,1,0,1,0,1,2,0,0,0,0,0,0,272,0,0.001,0.001
1650,0.738,0.681,0,0.001,0.028,0,0,,1,687.5,230023168,286523392,1,62503872,62503872,135081984,38823561584,0,0,0,0,0,0,0,0,1,0,1,0,1,2,0,0,0,0,0,0,272,0,0.001,0.001
1651,0.773,0.672,0.001,0.001,0.041,0,0,,0,,,,0,,,,,0,0,0,0,0,0,0,0,1,0,1,0,1,2,0,0,0,0,0,0,272,0.001,0.001,0.003
1652,1.315,1.237,0,0.001,0.033,0,0,,0,,,,0,,,,,0,0,0,0,0,0,0,0,1,0,1,0,1,2,0,0,0,0,0,0,272,0.001,0.001,0.002
1653,0.728,0.662,0,0.001,0.029,0,0,,0,,,,0,,,,,0,0,0,0,0,0,0,0,1,0,1,0,1,2,0,0,0,0,0,0,272,0,0.001,0.001
1654,0.744,0.682,0,0.001,0.027,0,0,,0,,,,0,,,,,0,0,0,0,0,0,0,0,1,0,1,0,1,2,0,0,0,0,0,0,272,0.001,0,0.002
1655,0.767,0.686,0,0.002,0.036,0,0,,0,,,,0,,,,,0,0,0,0,0,0,0,0,1,0,1,0,1,2,0,0,0,0,0,0,272,0.001,0.001,0.002
1656,0.721,0.65,0,0.001,0.03,0,0,,0,,,,0,,,,,0,0,0,0,0,0,0,0,1,0,1,0,1,2,0,0,0,0,0,0,272,0.001,0,0.002
1657,0.748,0.685,0,0.001,0.029,0,0,,0,,,,0,,,,,0,0,0,0,0,0,0,0,1,0,1,0,1,2,0,0,0,0,0,0,272,0,0.001,0.001
1658,0.89,0.726,0,0.004,0.053,0,0,,0,,,,0,,,,,0,0,0,0,0,0,0,0,1,0,1,0,1,2,0,0,0,0,0,0,272,0.002,0.002,0.005
1659,0.727,0.619,0,0.002,0.038,0,0,,0,,,,0,,,,,0,0,0,0,0,0,0,0,1,0,1,0,1,2,0,0,0,0,0,0,272,0.001,0.002,0.004
1660,0.86,0.711,0,0.003,0.028,0,0,,0,,,,0,,,,,0,0,0,0,0,0,0,0,1,0,1,0,1,2,0,0,0,0,0,0,272,0.002,0.001,0.004
1661,0.718,0.43,0,0.002,0.211,0,0,,0,,,,0,,,,,0,0,0,0,0,0,0,0,1,0,1,0,1,2,0,0,0,0,0,0,272,0.001,0.001,0.004
1662,0.5,0.391,0,0.002,0.03,0,0,,0,,,,0,,,,,0,0,0,0,0,0,0,0,1,0,1,0,1,2,0,0,0,0,0,0,272,0.001,0.001,0.004
1663,0.804,0.703,0.001,0.002,0.034,0,0,,0,,,,0,,,,,0,0,0,0,0,0,0,0,1,0,1,0,1,2,0,0,0,0,0,0,272,0.001,0.001,0.004
1664,0.756,0.698,0,0.001,0.018,0,0,,0,,,,0,,,,,0,0,0,0,0,0,0,0,1,0,1,0,1,2,0,0,0,0,0,0,272,0,0,0.002
1665,1.1,0.991,0.001,0.002,0.034,0,0,,0,,,,0,,,,,0,0,0,0,0,0,0,0,1,0,1,0,1,2,0,0,0,0,0,0,272,0.001,0.001,0.004
1666,0.866,0.703,0,0.003,0.051,0,0,,0,,,,0,,,,,0,0,0,0,0,0,0,0,1,0,1,0,1,2,0,0,0,0,0,0,272,0.002,0.001,0.005
1667,0.774,0.628,0.001,0.003,0.045,0,0,,0,,,,0,,,,,0,0,0,0,0,0,0,0,1,0,1,0,1,2,0,0,0,0,0,0,272,0.001,0.002,0.004
1668,0.746,0.605,0,0.003,0.038,0,0,,0,,,,0,,,,,0,0,0,0,0,0,0,0,1,0,1,0,1,2,0,0,0,0,0,0,272,0.001,0.001,0.005
1669,1.051,0.925,0,0.002,0.047,0,0,,0,,,,0,,,,,0,0,0,0,0,0,0,0,1,0,1,0,1,2,0,0,0,0,0,0,272,0.001,0.001,0.003
1670,0.764,0.674,0,0.002,0.038,0,0,,0,,,,0,,,,,0,0,0,0,0,0,0,0,1,0,1,0,1,2,0,0,0,0,0,0,272,0.001,0.001,0.002
1671,0.87,0.712,0.001,0.002,0.063,0,0,,0,,,,0,,,,,0,0,0,0,0,0,0,0,1,0,1,0,1,2,0,0,0,0,0,0,272,0.002,0.001,0.005
1672,1.35,1.224,0,0.003,0.035,0,0,,0,,,,0,,,,,0,0,0,0,0,0,0,0,1,0,1,0,1,2,0,0,0,0,0,0,272,0.001,0,0.005
1673,0.881,0.743,0,0.003,0.048,0,0,,0,,,,0,,,,,0,0,0,0,0,0,0,0,1,0,1,0,1,2,0,0,0,0,0,0,272,0.015,0.001,0.004
1674,0.765,0.645,0,0.002,0.043,0,0,,0,,,,0,,,,,0,0,0,0,0,0,0,0,1,0,1,0,1,2,0,0,0,0,0,0,272,0.002,0.001,0.003
1675,0.811,0.683,0,0.002,0.051,0,0,,0,,,,0,,,,,0,0,0,0,0,0,0,0,1,0,1,0,1,2,0,0,0,0,0,0,272,0.001,0,0.003
1676,0.775,0.655,0,0.002,0.044,0,0,,0,,,,0,,,,,0,0,0,0,0,0,0,0,1,0,1,0,1,2,0,0,0,0,0,0,272,0.001,0.001,0.004
1677,0.724,0.67,0,0.001,0.024,0,0,,0,,,,0,,,,,0,0,0,0,0,0,0,0,1,0,1,0,1,2,0,0,0,0,0,0,272,0.001,0,0.002
1678,0.926,0.753,0,0.003,0.087,0,0,,0,,,,0,,,,,0,0,0,0,0,0,0,0,1,0,1,0,1,2,0,0,0,0,0,0,272,0.002,0.001,0.005
1679,0.54,0.409,0,0.003,0.04,0,0,,0,,,,0,,,,,0,0,0,0,0,0,0,0,1,0,1,0,1,2,0,0,0,0,0,0,272,0.002,0.001,0.005
1680,0.782,0.732,0,0.001,0.022,0,0,,1,718.75,230023168,286523392,1,62503872,62503872,135081984,38823561584,0,0,0,0,0,0,0,0,1,0,1,0,1,2,0,0,0,0,0,0,272,0,0,0.002
1681,0.959,0.833,0,0.002,0.054,0,0,,0,,,,0,,,,,0,0,0,0,0,0,0,0,1,0,1,0,1,2,0,0,0,0,0,0,272,0.001,0.001,0.003
1682,0.877,0.744,0,0.002,0.046,0,0,,0,,,,0,,,,,0,0,0,0,0,0,0,0,1,0,1,0,1,2,0,0,0,0,0,0,272,0.002,0.001,0.004
1683,0.901,0.742,0,0.002,0.049,0,0,,0,,,,0,,,,,0,0,0,0,0,0,0,0,1,0,1,0,1,2,0,0,0,0,0,0,272,0.001,0.001,0.003
1684,0.865,0.707,0,0.002,0.044,0,0,,0,,,,0,,,,,0,0,0,0,0,0,0,0,1,0,1,0,1,2,0,0,0,0,0,0,272,0.001,0,0.003
1685,0.831,0.729,0,0.003,0.034,0,0,,0,,,,0,,,,,0,0,0,0,0,0,0,0,1,0,1,0,1,2,0,0,0,0,0,0,272,0.001,0.001,0.003
1686,1.33,1.181,0.001,0.002,0.05,0,0,,0,,,,0,,,,,0,0,0,0,0,0,0,0,1,0,1,0,1,2,0,0,0,0,0,0,272,0.002,0,0.005
1687,0.896,0.77,0,0.002,0.046,0,0,,0,,,,0,,,,,0,0,0,0,0,0,0,0,1,0,1,0,1,2,0,0,0,0,0,0,272,0.001,0.001,0.004
1688,0.878,0.776,0,0.002,0.038,0,0,,0,,,,0,,,,,0,0,0,0,0,0,0,0,1,0,1,0,1,2,0,0,0,0,0,0,272,0.001,0.001,0.003
1689,0.938,0.799,0,0.003,0.052,0,0,,0,,,,0,,,,,0,0,0,0,0,0,0,0,1,0,1,0,1,2,0,0,0,0,0,0,272,0.001,0.001,0.004
1690,1.562,1.4,0.001,0.002,0.056,0,0,,0,,,,0,,,,,0,0,0,0,0,0,0,0,1,0,1,0,1,2,0,0,0,0,0,0,272,0.002,0.001,0.011
1691,0.885,0.782,0,0.003,0.037,0,0,,0,,,,0,,,,,0,0,0,0,0,0,0,0,1,0,1,0,1,2,0,0,0,0,0,0,272,0.001,0.001,0.003
1692,0.924,0.814,0,0.002,0.04,0,0,,0,,,,0,,,,,0,0,0,0,0,0,0,0,1,0,1,0,1,2,0,0,0,0,0,0,272,0.001,0,0.004
1693,0.864,0.774,0,0.002,0.033,0,0,,0,,,,0,,,,,0,0,0,0,0,0,0,0,1,0,1,0,1,2,0,0,0,0,0,0,272,0.001,0.001,0.003
1694,0.859,0.79,0,0.001,0.032,0,0,,0,,,,0,,,,,0,0,0,0,0,0,0,0,1,0,1,0,1,2,0,0,0,0,0,0,272,0.001,0,0.002
1695,0.895,0.764,0,0.003,0.034,0,0,,0,,,,0,,,,,0,0,0,0,0,0,0,0,1,0,1,0,1,2,0,0,0,0,0,0,272,0.002,0.001,0.005
1696,0.76,0.657,0,0.002,0.038,0,0,,0,,,,0,,,,,0,0,0,0,0,0,0,0,1,0,1,0,1,2,0,0,0,0,0,0,272,0.001,0.001,0.003
1697,0.805,0.723,0,0.001,0.036,0,0,,0,,,,0,,,,,0,0,0,0,0,0,0,0,1,0,1,0,1,2,0,0,0,0,0,0,272,0.001,0,0.003
1698,0.807,0.738,0,0.002,0.027,0,0,,0,,,,0,,,,,0,0,0,0,0,0,0,0,1,0,1,0,1,2,0,0,0,0,0,0,272,0,0.001,0.002
1699,0.816,0.758,0,0.001,0.026,0,0,,0,,,,0,,,,,0,0,0,0,0,0,0,0,1,0,1,0,1,2,0,0,0,0,0,0,272,0,0,0.002
1700,0.875,0.766,0,0.002,0.043,0,0,,0,,,,0,,,,,0,0,0,0,0,0,0,0,1,0,1,0,1,2,0,0,0,0,0,0,272,0.001,0.001,0.003
1701,0.771,0.705,0,0.001,0.033,0,0,,0,,,,0,,,,,0,0,0,0,0,0,0,0,1,0,1,0,1,2,0,0,0,0,0,0,272,0.001,0.001,0.002
1702,0.841,0.752,0,0.002,0.026,0,0,,0,,,,0,,,,,0,0,0,0,0,0,0,0,1,0,1,0,1,2,0,0,0,0,0,0,272,0.001,0.001,0.003
1703,0.84,0.741,0,0.003,0.032,0,0,,0,,,,0,,,,,0,0,0,0,0,0,0,0,1,0,1,0,1,2,0,0,0,0,0,0,272,0.001,0.001,0.004
1704,2.622,2.513,0,0.002,0.039,0,0,,0,,,,0,,,,,0,0,0,0,0,0,0,0,1,0,1,0,1,2,0,0,0,0,0,0,272,0.001,0,0.004
1705,3.159,3.03,0,0.002,0.046,0,0,,0,,,,0,,,,,0,0,0,0,0,0,0,0,1,0,1,0,1,2,0,0,0,0,0,0,272,0.001,0.001,0.004
1706,2.153,2.079,0.001,0,0.032,0,0,,0,,,,0,,,,,0,0,0,0,0,0,0,0,1,0,1,0,1,2,0,0,0,0,0,0,272,0,0,0.002
1707,0.858,0.786,0,0.001,0.032,0,0,,0,,,,0,,,,,0,0,0,0,0,0,0,0,1,0,1,0,1,2,0,0,0,0,0,0,272,0.001,0,0.003
1708,0.857,0.741,0,0.002,0.046,0,0,,0,,,,0,,,,,0,0,0,0,0,0,0,0,1,0,1,0,1,2,0,0,0,0,0,0,272,0.001,0.001,0.003
1709,0.788,0.697,0,0.002,0.036,0,0,,0,,,,0,,,,,0,0,0,0,0,0,0,0,1,0,1,0,1,2,0,0,0,0,0,0,272,0.001,0,0.003
1710,0.841,0.734,0,0.002,0.034,0,0,,1,750,230023168,286523392,1,62503872,62503872,135081984,38823561584,0,0,0,0,0,0,0,0,1,0,1,0,1,2,0,0,0,0,0,0,272,0.001,0.001,0.003
1711,0.712,0.641,0,0.002,0.031,0,0,,0,,,,0,,,,,0,0,0,0,0,0,0,0,1,0,1,0,1,2,0,0,0,0,0,0,272,0.001,0.001,0.002
1712,0.965,0.905,0,0.001,0.032,0,0,,0,,,,0,,,,,0,0,0,0,0,0,0,0,1,0,1,0,1,2,0,0,0,0,0,0,272,0.001,0,0.002
1713,0.802,0.75,0,0,0.026,0,0,,0,,,,0,,,,,0,0,0,0,0,0,0,0,1,0,1,0,1,2,0,0,0,0,0,0,272,0,0.001,0.001
1714,0.827,0.77,0,0.001,0.024,0,0,,0,,,,0,,,,,0,0,0,0,0,0,0,0,1,0,1,0,1,2,0,0,0,0,0,0,272,0.001,0.001,0.001
1715,0.852,0.759,0,0.002,0.039,0,0,,0,,,,0,,,,,0,0,0,0,0,0,0,0,1,0,1,0,1,2,0,0,0,0,0,0,272,0.001,0.001,0.002
1716,0.982,0.748,0.001,0.004,0.069,0,0,,0,,,,0,,,,,0,0,0,0,0,0,0,0,1,0,1,0,1,2,0,0,0,0,0,0,272,0.002,0.002,0.007
1717,0.803,0.675,0,0.003,0.031,0,0,,0,,,,0,,,,,0,0,0,0,0,0,0,0,1,0,1,0,1,2,0,0,0,0,0,0,272,0.001,0.001,0.005
1718,1.017,0.923,0.001,0.001,0.036,0,0,,0,,,,0,,,,,0,0,0,0,0,0,0,0,1,0,1,0,1,2,0,0,0,0,0,0,272,0.001,0.001,0.002
1719,0.853,0.748,0,0.001,0.039,0,0,,0,,,,0,,,,,0,0,0,0,0,0,0,0,1,0,1,0,1,2,0,0,0,0,0,0,272,0.001,0.001,0.003
1720,0.78,0.711,0.001,0,0.03,0,0,,0,,,,0,,,,,0,0,0,0,0,0,0,0,1,0,1,0,1,2,0,0,0,0,0,0,272,0,0.001,0.001
1721,1.589,1.518,0,0.001,0.028,0,0,,0,,,,0,,,,,0,0,0,0,0,0,0,0,1,0,1,0,1,2,0,0,0,0,0,0,272,0.001,0,0.002
1722,0.953,0.812,0,0.004,0.037,0,0,,0,,,,0,,,,,0,0,0,0,0,0,0,0,1,0,1,0,1,2,0,0,0,0,0,0,272,0.002,0.002,0.006
1723,0.835,0.757,0,0.002,0.024,0,0,,0,,,,0,,,,,0,0,0,0,0,0,0,0,1,0,1,0,1,2,0,0,0,0,0,0,272,0,0.001,0.003
1724,0.975,0.77,0.001,0.004,0.065,0,0,,0,,,,0,,,,,0,0,0,0,0,0,0,0,1,0,1,0,1,2,0,0,0,0,0,0,272,0.002,0.002,0.006
1725,0.867,0.72,0,0.003,0.034,0,0,,0,,,,0,,,,,0,0,0,0,0,0,0,0,1,0,1,0,1,2,0,0,0,0,0,0,272,0.001,0.001,0.005
1726,0.721,0.628,0,0.002,0.027,0,0,,0,,,,0,,,,,0,0,0,0,0,0,0,0,1,0,1,0,1,2,0,0,0,0,0,0,272,0.001,0.001,0.003
1727,0.904,0.803,0,0.002,0.047,0,0,,0,,,,0,,,,,0,0,0,0,0,0,0,0,1,0,1,0,1,2,0,0,0,0,0,0,272,0.001,0.001,0.003
1728,1.078,0.837,0,0.004,0.087,0,0,,0,,,,0,,,,,0,0,0,0,0,0,0,0,1,0,1,0,1,2,0,0,0,0,0,0,272,0.003,0.002,0.007
1729,0.771,0.646,0,0.003,0.043,0,0,,0,,,,0,,,,,0,0,0,0,0,0,0,0,1,0,1,0,1,2,0,0,0,0,0,0,272,0.001,0,0.003
1730,0.93,0.779,0,0.003,0.02,0,0,,0,,,,0,,,,,0,0,0,0,0,0,0,0,1,0,1,0,1,2,0,0,0,0,0,0,272,0.001,0,0.004
1731,0.805,0.693,0.001,0.002,0.044,0,0,,0,,,,0,,,,,0,0,0,0,0,0,0,0,1,0,1,0,1,2,0,0,0,0,0,0,272,0,0,0.003
1732,0.894,0.784,0.001,0.002,0.049,0,0,,0,,,,0,,,,,0,0,0,0,0,0,0,0,1,0,1,0,1,2,0,0,0,0,0,0,272,0.001,0.001,0.004
1733,0.904,0.792,0,0.002,0.035,0,0,,0,,,,0,,,,,0,0,0,0,0,0,0,0,1,0,1,0,1,2,0,0,0,0,0,0,272,0.002,0.001,0.004
1734,1.696,1.553,0,0.003,0.043,0,0,,0,,,,0,,,,,0,0,0,0,0,0,0,0,1,0,1,0,1,2,0,0,0,0,0,0,272,0.002,0.002,0.005
1735,0.841,0.748,0,0.002,0.027,0,0,,0,,,,0,,,,,0,0,0,0,0,0,0,0,1,0,1,0,1,2,0,0,0,0,0,0,272,0,0.001,0.003
1736,0.863,0.812,0,0.001,0.021,0,0,,0,,,,0,,,,,0,0,0,0,0,0,0,0,1,0,1,0,1,2,0,0,0,0,0,0,272,0.001,0,0.002
1737,0.918,0.86,0,0.002,0.022,0,0,,0,,,,0,,,,,0,0,0,0,0,0,0,0,1,0,1,0,1,2,0,0,0,0,0,0,272,0,0.001,0.001
1738,1.692,1.583,0,0.003,0.034,0,0,,0,,,,0,,,,,0,0,0,0,0,0,0,0,1,0,1,0,1,2,0,0,0,0,0,0,272,0.001,0.001,0.003
1739,1.027,0.896,0,0.003,0.057,0,0,,0,,,,0,,,,,0,0,0,0,0,0,0,0,1,0,1,0,1,2,0,0,0,0,0,0,272,0.001,0.001,0.004
1740,0.824,0.752,0,0.002,0.025,0,0,,1,750,230023168,286523392,1,62503872,62503872,135081984,38823561584,0,0,0,0,0,0,0,0,1,0,1,0,1,2,0,0,0,0,0,0,272,0,0.001,0.003
1741,0.999,0.829,0,0.003,0.052,0,0,,0,,,,0,,,,,0,0,0,0,0,0,0,0,1,0,1,0,1,2,0,0,0,0,0,0,272,0.001,0.002,0.006
1742,0.779,0.694,0,0.002,0.028,0,0,,0,,,,0,,,,,0,0,0,0,0,0,0,0,1,0,1,0,1,2,0,0,0,0,0,0,272,0,0,0.003
1743,0.936,0.825,0,0.002,0.025,0,0,,0,,,,0,,,,,0,0,0,0,0,0,0,0,1,0,1,0,1,2,0,0,0,0,0,0,272,0.001,0,0.003
1744,0.899,0.804,0,0.002,0.034,0,0,,0,,,,0,,,,,0,0,0,0,0,0,0,0,1,0,1,0,1,2,0,0,0,0,0,0,272,0,0,0.003
1745,0.912,0.823,0.001,0.002,0.03,0,0,,0,,,,0,,,,,0,0,0,0,0,0,0,0,1,0,1,0,1,2,0,0,0,0,0,0,272,0.001,0.002,0.004
1746,0.994,0.86,0,0.003,0.046,0,0,,0,,,,0,,,,,0,0,0,0,0,0,0,0,1,0,1,0,1,2,0,0,0,0,0,0,272,0.001,0,0.005
1747,0.867,0.758,0.001,0.002,0.05,0,0,,0,,,,0,,,,,0,0,0,0,0,0,0,0,1,0,1,0,1,2,0,0,0,0,0,0,272,0.001,0.001,0.003
1748,0.888,0.804,0,0.002,0.037,0,0,,0,,,,0,,,,,0,0,0,0,0,0,0,0,1,0,1,0,1,2,0,0,0,0,0,0,272,0,0.001,0.003
1749,1.012,0.834,0.001,0.003,0.046,0,0,,0,,,,0,,,,,0,0,0,0,0,0,0,0,1,0,1,0,1,2,0,0,0,0,0,0,272,0.002,0.002,0.006
1750,0.773,0.708,0,0.002,0.021,0,0,,0,,,,0,,,,,0,0,0,0,0,0,0,0,1,0,1,0,1,2,0,0,0,0,0,0,272,0,0,0.002
1751,1.448,1.34,0,0.003,0.031,0,0,,0,,,,0,,,,,0,0,0,0,0,0,0,0,1,0,1,0,1,2,0,0,0,0,0,0,272,0.001,0.001,0.004
1752,0.952,0.816,0,0.003,0.056,0,0,,0,,,,0,,,,,0,0,0,0,0,0,0,0,1,0,1,0,1,2,0,0,0,0,0,0,272,0.001,0.001,0.005
1753,0.858,0.763,0,0.002,0.028,0,0,,0,,,,0,,,,,0,0,0,0,0,0,0,0,1,0,1,0,1,2,0,0,0,0,0,0,272,0.001,0,0.004
1754,0.87,0.815,0,0.001,0.024,0,0,,0,,,,0,,,,,0,0,0,0,0,0,0,0,1,0,1,0,1,2,0,0,0,0,0,0,272,0,0.001,0.002
1755,1.771,1.59,0.001,0.004,0.056,0,0,,0,,,,0,,,,,0,0,0,0,0,0,0,0,1,0,1,0,1,2,0,0,0,0,0,0,272,0.001,0.002,0.006
1756,0.851,0.739,0,0.002,0.041,0,0,,0,,,,0,,,,,0,0,0,0,0,0,0,0,1,0,1,0,1,2,0,0,0,0,0,0,272,0.001,0,0.003
1757,0.971,0.84,0,0.003,0.038,0,0,,0,,,,0,,,,,0,0,0,0,0,0,0,0,1,0,1,0,1,2,0,0,0,0,0,0,272,0.001,0.001,0.006
1758,0.627,0.482,0,0.003,0.05,0,0,,0,,,,0,,,,,0,0,0,0,0,0,0,0,1,0,1,0,1,2,0,0,0,0,0,0,272,0.001,0.001,0.005
1759,0.907,0.806,0,0.002,0.026,0,0,,0,,,,0,,,,,0,0,0,0,0,0,0,0,1,0,1,0,1,2,0,0,0,0,0,0,272,0.001,0.002,0.003
1760,0.781,0.645,0,0.002,0.037,0,0,,0,,,,0,,,,,0,0,0,0,0,0,0,0,1,0,1,0,1,2,0,0,0,0,0,0,272,0.001,0.001,0.005
1761,1.03,0.946,0,0.002,0.03,0,0,,0,,,,0,,,,,0,0,0,0,0,0,0,0,1,0,1,0,1,2,0,0,0,0,0,0,272,0.001,0.001,0.003
1762,0.975,0.858,0,0.002,0.038,0,0,,0,,,,0,,,,,0,0,0,0,0,0,0,0,1,0,1,0,1,2,0,0,0,0,0,0,272,0.001,0.001,0.004
1763,0.98,0.839,0,0.002,0.056,0,0,,0,,,,0,,,,,0,0,0,0,0,0,0,0,1,0,1,0,1,2,0,0,0,0,0,0,272,0.001,0.001,0.003
1764,0.886,0.766,0,0.002,0.047,0,0,,0,,,,0,,,,,0,0,0,0,0,0,0,0,1,0,1,0,1,2,0,0,0,0,0,0,272,0.001,0,0.003
1765,0.931,0.826,0,0.002,0.05,0,0,,0,,,,0,,,,,0,0,0,0,0,0,0,0,1,0,1,0,1,2,0,0,0,0,0,0,272,0,0.001,0.002
1766,0.903,0.81,0,0.002,0.028,0,0,,0,,,,0,,,,,0,0,0,0,0,0,0,0,1,0,1,0,1,2,0,0,0,0,0,0,272,0.001,0.001,0.004
1767,0.947,0.841,0,0.004,0.024,0,0,,0,,,,0,,,,,0,0,0,0,0,0,0,0,1,0,1,0,1,2,0,0,0,0,0,0,272,0.001,0.001,0.005
1768,0.833,0.756,0.001,0.002,0.021,0,0,,0,,,,0,,,,,0,0,0,0,0,0,0,0,1,0,1,0,1,2,0,0,0,0,0,0,272,0,0.001,0.004
1769,1.248,1.169,0,0.002,0.028,0,0,,0,,,,0,,,,,0,0,0,0,0,0,0,0,1,0,1,0,1,2,0,0,0,0,0,0,272,0.001,0.001,0.004
1770,1.028,0.907,0,0.003,0.051,0,0,,1,750,230023168,286523392,1,62503872,62503872,135081984,38823561584,0,0,0,0,0,0,0,0,1,0,1,0,1,2,0,0,0,0,0,0,272,0,0.001,0.005
1771,0.88,0.776,0,0.002,0.047,0,0,,0,,,,0,,,,,0,0,0,0,0,0,0,0,1,0,1,0,1,2,0,0,0,0,0,0,272,0,0,0.004
1772,1.677,1.429,0,0.001,0.074,0,0,,0,,,,0,,,,,0,0,0,0,0,0,0,0,1,0,1,0,1,2,0,0,0,0,0,0,272,0.001,0,0.002
1773,0.676,0.607,0,0.001,0.026,0,0,,0,,,,0,,,,,0,0,0,0,0,0,0,0,1,0,1,0,1,2,0,0,0,0,0,0,272,0,0.001,0.002
1774,1.013,0.91,0,0.002,0.043,0,0,,0,,,,0,,,,,0,0,0,0,0,0,0,0,1,0,1,0,1,2,0,0,0,0,0,0,272,0.001,0.001,0.003
1775,0.963,0.847,0,0.002,0.054,0,0,,0,,,,0,,,,,0,0,0,0,0,0,0,0,1,0,1,0,1,2,0,0,0,0,0,0,272,0.001,0.001,0.003
1776,0.933,0.812,0,0.001,0.03,0,0,,0,,,,0,,,,,0,0,0,0,0,0,0,0,1,0,1,0,1,2,0,0,0,0,0,0,272,0.001,0,0.003
1777,0.911,0.832,0,0.001,0.034,0,0,,0,,,,0,,,,,0,0,0,0,0,0,0,0,1,0,1,0,1,2,0,0,0,0,0,0,272,0.001,0,0.002
1778,0.923,0.861,0,0.001,0.022,0,0,,0,,,,0,,,,,0,0,0,0,0,0,0,0,1,0,1,0,1,2,0,0,0,0,0,0,272,0,0,0.002
1779,1.023,0.899,0,0.003,0.031,0,0,,0,,,,0,,,,,0,0,0,0,0,0,0,0,1,0,1,0,1,2,0,0,0,0,0,0,272,0.001,0.002,0.005
1780,0.895,0.815,0.001,0.001,0.025,0,0,,0,,,,0,,,,,0,0,0,0,0,0,0,0,1,0,1,0,1,2,0,0,0,0,0,0,272,0.001,0.001,0.002
1781,0.945,0.863,0,0.001,0.041,0,0,,0,,,,0,,,,,0,0,0,0,0,0,0,0,1,0,1,0,1,2,0,0,0,0,0,0,272,0.001,0,0.002
1782,0.962,0.89,0,0.002,0.025,0,0,,0,,,,0,,,,,0,0,0,0,0,0,0,0,1,0,1,0,1,2,0,0,0,0,0,0,272,0.001,0,0.003
1783,0.999,0.877,0,0.003,0.032,0,0,,0,,,,0,,,,,0,0,0,0,0,0,0,0,1,0,1,0,1,2,0,0,0,0,0,0,272,0.001,0.002,0.005
1784,1.246,1.159,0.001,0.002,0.027,0,0,,0,,,,0,,,,,0,0,0,0,0,0,0,0,1,0,1,0,1,2,0,0,0,0,0,0,272,0.001,0,0.004
1785,1.125,0.951,0.001,0.003,0.052,0,0,,0,,,,0,,,,,0,0,0,0,0,0,0,0,1,0,1,0,1,2,0,0,0,0,0,0,272,0.002,0.001,0.006
1786,6.578,6.34,0,0.005,0.065,0,0,,0,,,,0,,,,,0,0,0,0,0,0,0,0,1,0,1,0,1,2,0,0,0,0,0,0,272,0.002,0.003,0.01
1787,1.745,1.523,0,0.004,0.054,0,0,,0,,,,0,,,,,0,0,0,0,0,0,0,0,1,0,1,0,1,2,0,0,0,0,0,0,272,0.002,0.001,0.007
1788,0.757,0.616,0,0.002,0.049,0,0,,0,,,,0,,,,,0,0,0,0,0,0,0,0,1,0,1,0,1,2,0,0,0,0,0,0,272,0.001,0.001,0.004
1789,0.737,0.648,0,0.002,0.038,0,0,,0,,,,0,,,,,0,0,0,0,0,0,0,0,1,0,1,0,1,2,0,0,0,0,0,0,272,0,0.001,0.002
1790,1.033,0.791,0.001,0.005,0.067,0,0,,0,,,,0,,,,,0,0,0,0,0,0,0,0,1,0,1,0,1,2,0,0,0,0,0,0,272,0.002,0.003,0.009
1791,0.653,0.533,0,0.002,0.046,0,0,,0,,,,0,,,,,0,0,0,0,0,0,0,0,1,0,1,0,1,2,0,0,0,0,0,0,272,0.001,0.001,0.004
1792,0.769,0.674,0,0.001,0.028,0,0,,0,,,,0,,,,,0,0,0,0,0,0,0,0,1,0,1,0,1,2,0,0,0,0,0,0,272,0.001,0.001,0.004
1793,0.851,0.759,0,0.002,0.05,0,0,,0,,,,0,,,,,0,0,0,0,0,0,0,0,1,0,1,0,1,2,0,0,0,0,0,0,272,0.001,0.001,0.002
1794,0.887,0.775,0,0.003,0.029,0,0,,0,,,,0,,,,,0,0,0,0,0,0,0,0,1,0,1,0,1,2,0,0,0,0,0,0,272,0.002,0.001,0.004
1795,0.991,0.748,0,0.005,0.07,0,0,,0,,,,0,,,,,0,0,0,0,0,0,0,0,1,0,1,0,1,2,0,0,0,0,0,0,272,0.003,0.002,0.008
1796,1.064,0.953,0,0.003,0.035,0,0,,0,,,,0,,,,,0,0,0,0,0,0,0,0,1,0,1,0,1,2,0,0,0,0,0,0,272,0.001,0.002,0.004
1797,0.812,0.757,0.001,0.001,0.021,0,0,,0,,,,0,,,,,0,0,0,0,0,0,0,0,1,0,1,0,1,2,0,0,0,0,0,0,272,0,0.001,0.001
1798,0.892,0.795,0,0.003,0.023,0,0,,0,,,,0,,,,,0,0,0,0,0,0,0,0,1,0,1,0,1,2,0,0,0,0,0,0,272,0,0.002,0.004
1799,0.886,0.757,0,0.002,0.024,0,0,,0,,,,0,,,,,0,0,0,0,0,0,0,0,1,0,1,0,1,2,0,0,0,0,0,0,272,0.001,0.001,0.002
1800,1.426,1.287,0,0.003,0.047,0,0,,1,765.625,230023168,286523392,1,62503872,62503872,135081984,38823561584,0,0,0,0,0,0,0,0,1,0,1,0,1,2,0,0,0,0,0,0,272,0.001,0.002,0.005
1801,0.915,0.729,0.001,0.003,0.046,0,0,,0,,,,0,,,,,0,0,0,0,0,0,0,0,1,0,1,0,1,2,0,0,0,0,0,0,272,0.002,0.001,0.007
1802,0.721,0.614,0,0.002,0.03,0,0,,0,,,,0,,,,,0,0,0,0,0,0,0,0,1,0,1,0,1,2,0,0,0,0,0,0,272,0.001,0,0.004
1803,2.396,2.242,0.001,0.002,0.047,0,0,,0,,,,0,,,,,0,0,0,0,0,0,0,0,1,0,1,0,1,2,0,0,0,0,0,0,272,0.001,0.001,0.005
1804,3.87,3.733,0,0.003,0.03,0,0,,0,,,,0,,,,,0,0,0,0,0,0,0,0,1,0,1,0,1,2,0,0,0,0,0,0,272,0.002,0.001,0.006
1805,2.333,2.147,0.001,0.003,0.082,0,0,,0,,,,0,,,,,0,0,0,0,0,0,0,0,1,0,1,0,1,2,0,0,0,0,0,0,272,0.001,0.001,0.006
1806,0.644,0.526,0.001,0.002,0.028,0,0,,0,,,,0,,,,,0,0,0,0,0,0,0,0,1,0,1,0,1,2,0,0,0,0,0,0,272,0.002,0.001,0.005
1807,0.936,0.685,0,0.003,0.136,0,0,,0,,,,0,,,,,0,0,0,0,0,0,0,0,1,0,1,0,1,2,0,0,0,0,0,0,272,0.003,0.002,0.004
1808,0.945,0.809,0,0.003,0.039,0,0,,0,,,,0,,,,,0,0,0,0,0,0,0,0,1,0,1,0,1,2,0,0,0,0,0,0,272,0.001,0.001,0.006
1809,0.774,0.631,0,0.003,0.073,0,0,,0,,,,0,,,,,0,0,0,0,0,0,0,0,1,0,1,0,1,2,0,0,0,0,0,0,272,0.001,0,0.004
1810,0.427,0.253,0.001,0.002,0.088,0,0,,0,,,,0,,,,,0,0,0,0,0,0,0,0,1,0,1,0,1,2,0,0,0,0,0,0,272,0.001,0.001,0.004
1811,0.635,0.544,0,0.002,0.027,0,0,,0,,,,0,,,,,0,0,0,0,0,0,0,0,1,0,1,0,1,2,0,0,0,0,0,0,272,0.001,0,0.004
1812,1.402,1.304,0,0.002,0.034,0,0,,0,,,,0,,,,,0,0,0,0,0,0,0,0,1,0,1,0,1,2,0,0,0,0,0,0,272,0.001,0,0.003
1813,0.697,0.617,0,0.001,0.038,0,0,,0,,,,0,,,,,0,0,0,0,0,0,0,0,1,0,1,0,1,2,0,0,0,0,0,0,272,0,0.001,0.002
1814,0.898,0.681,0,0.003,0.091,0,0,,0,,,,0,,,,,0,0,0,0,0,0,0,0,1,0,1,0,1,2,0,0,0,0,0,0,272,0.001,0.001,0.007
1815,0.599,0.494,0,0.002,0.04,0,0,,0,,,,0,,,,,0,0,0,0,0,0,0,0,1,0,1,0,1,2,0,0,0,0,0,0,272,0,0,0.004
1816,0.741,0.646,0,0.001,0.048,0,0,,0,,,,0,,,,,0,0,0,0,0,0,0,0,1,0,1,0,1,2,0,0,0,0,0,0,272,0,0.001,0.002
1817,0.735,0.656,0,0.001,0.039,0,0,,0,,,,0,,,,,0,0,0,0,0,0,0,0,1,0,1,0,1,2,0,0,0,0,0,0,272,0,0,0.002
1818,0.776,0.663,0,0.002,0.04,0,0,,0,,,,0,,,,,0,0,0,0,0,0,0,0,1,0,1,0,1,2,0,0,0,0,0,0,272,0.001,0.001,0.004
1819,0.969,0.671,0.001,0.006,0.099,0,0,,0,,,,0,,,,,0,0,0,0,0,0,0,0,1,0,1,0,1,2,0,0,0,0,0,0,272,0.002,0.003,0.009
1820,0.497,0.361,0,0.003,0.053,0,0,,0,,,,0,,,,,0,0,0,0,0,0,0,0,1,0,1,0,1,2,0,0,0,0,0,0,272,0.002,0.001,0.004
1821,0.768,0.605,0,0.003,0.056,0,0,,0,,,,0,,,,,0,0,0,0,0,0,0,0,1,0,1,0,1,2,0,0,0,0,0,0,272,0.002,0.001,0.005
1822,0.641,0.553,0,0.002,0.034,0,0,,0,,,,0,,,,,0,0,0,0,0,0,0,0,1,0,1,0,1,2,0,0,0,0,0,0,272,0.001,0,0.002
1823,0.746,0.67,0,0.002,0.037,0,0,,0,,,,0,,,,,0,0,0,0,0,0,0,0,1,0,1,0,1,2,0,0,0,0,0,0,272,0.001,0,0.002
1824,0.737,0.664,0,0.001,0.036,0,0,,0,,,,0,,,,,0,0,0,0,0,0,0,0,1,0,1,0,1,2,0,0,0,0,0,0,272,0,0,0.002
1825,0.743,0.674,0,0.001,0.035,0,0,,0,,,,0,,,,,0,0,0,0,0,0,0,0,1,0,1,0,1,2,0,0,0,0,0,0,272,0.001,0,0.002
1826,0.834,0.687,0.001,0.002,0.051,0,0,,0,,,,0,,,,,0,0,0,0,0,0,0,0,1,0,1,0,1,2,0,0,0,0,0,0,272,0.002,0.002,0.005
1827,1.094,0.958,0,0.003,0.032,0,0,,0,,,,0,,,,,0,0,0,0,0,0,0,0,1,0,1,0,1,2,0,0,0,0,0,0,272,0.002,0.002,0.007
1828,0.862,0.662,0.001,0.002,0.139,0,0,,0,,,,0,,,,,0,0,0,0,0,0,0,0,1,0,1,0,1,2,0,0,0,0,0,0,272,0.001,0.001,0.004
1829,0.62,0.508,0,0.003,0.028,0,0,,0,,,,0,,,,,0,0,0,0,0,0,0,0,1,0,1,0,1,2,0,0,0,0,0,0,272,0.001,0.001,0.004
1830,0.706,0.62,0,0.002,0.028,0,0,,1,765.625,230023168,286523392,1,62503872,62503872,135081984,38823561584,0,0,0,0,0,0,0,0,1,0,1,0,1,2,0,0,0,0,0,0,272,0,0.001,0.002
1831,0.736,0.655,0,0.002,0.03,0,0,,0,,,,0,,,,,0,0,0,0,0,0,0,0,1,0,1,0,1,2,0,0,0,0,0,0,272,0.001,0,0.003
1832,0.766,0.669,0,0.001,0.024,0,0,,0,,,,0,,,,,0,0,0,0,0,0,0,0,1,0,1,0,1,2,0,0,0,0,0,0,272,0.001,0.001,0.003
1833,1.418,1.193,0,0.005,0.079,0,0,,0,,,,0,,,,,0,0,0,0,0,0,0,0,1,0,1,0,1,2,0,0,0,0,0,0,272,0.003,0.002,0.007
1834,0.594,0.494,0,0.003,0.026,0,0,,0,,,,0,,,,,0,0,0,0,0,0,0,0,1,0,1,0,1,2,0,0,0,0,0,0,272,0.001,0.001,0.005
1835,0.692,0.63,0,0.001,0.031,0,0,,0,,,,0,,,,,0,0,0,0,0,0,0,0,1,0,1,0,1,2,0,0,0,0,0,0,272,0,0,0.002
1836,2.615,2.491,0,0.001,0.053,0,0,,0,,,,0,,,,,0,0,0,0,0,0,0,0,1,0,1,0,1,2,0,0,0,0,0,0,272,0.001,0.001,0.004
1837,2.719,2.619,0,0.002,0.03,0,0,,0,,,,0,,,,,0,0,0,0,0,0,0,0,1,0,1,0,1,2,0,0,0,0,0,0,272,0.001,0.002,0.004
1838,2.895,2.768,0,0.002,0.056,0,0,,0,,,,0,,,,,0,0,0,0,0,0,0,0,1,0,1,0,1,2,0,0,0,0,0,0,272,0,0.001,0.004
1839,4.78,4.606,0.001,0.004,0.04,0,0,,0,,,,0,,,,,0,0,0,0,0,0,0,0,1,0,1,0,1,2,0,0,0,0,0,0,272,0.002,0.002,0.009
1840,4.996,4.841,0,0.003,0.036,0,0,,0,,,,0,,,,,0,0,0,0,0,0,0,0,1,0,1,0,1,2,0,0,0,0,0,0,272,0.001,0.002,0.007
1841,2.796,2.597,0,0.005,0.031,0,0,,0,,,,0,,,,,0,0,0,0,0,0,0,0,1,0,1,0,1,2,0,0,0,0,0,0,272,0.003,0.004,0.009
1842,2.426,2.299,0,0.002,0.043,0,0,,0,,,,0,,,,,0,0,0,0,0,0,0,0,1,0,1,0,1,2,0,0,0,0,0,0,272,0.001,0.001,0.004
1843,0.787,0.684,0,0.002,0.039,0,0,,0,,,,0,,,,,0,0,0,0,0,0,0,0,1,0,1,0,1,2,0,0,0,0,0,0,272,0.001,0.001,0.003
1844,0.802,0.72,0.001,0.001,0.042,0,0,,0,,,,0,,,,,0,0,0,0,0,0,0,0,1,0,1,0,1,2,0,0,0,0,0,0,272,0.001,0.001,0.002
1845,0.885,0.748,0,0.002,0.027,0,0,,0,,,,0,,,,,0,0,0,0,0,0,0,0,1,0,1,0,1,2,0,0,0,0,0,0,272,0.001,0.001,0.004
1846,1.254,1.149,0,0.002,0.036,0,0,,0,,,,0,,,,,0,0,0,0,0,0,0,0,1,0,1,0,1,2,0,0,0,0,0,0,272,0.001,0.001,0.003
1847,0.848,0.769,0,0.001,0.032,0,0,,0,,,,0,,,,,0,0,0,0,0,0,0,0,1,0,1,0,1,2,0,0,0,0,0,0,272,0,0,0.002
1848,0.814,0.745,0,0.001,0.037,0,0,,0,,,,0,,,,,0,0,0,0,0,0,0,0,1,0,1,0,1,2,0,0,0,0,0,0,272,0,0,0.002
1849,0.928,0.828,0,0.001,0.041,0,0,,0,,,,0,,,,,0,0,0,0,0,0,0,0,1,0,1,0,1,2,0,0,0,0,0,0,272,0.001,0.001,0.003
1850,1.363,1.267,0,0.002,0.035,0,0,,0,,,,0,,,,,0,0,0,0,0,0,0,0,1,0,1,0,1,2,0,0,0,0,0,0,272,0.001,0,0.003
1851,0.938,0.746,0.001,0.003,0.056,0,0,,0,,,,0,,,,,0,0,0,0,0,0,0,0,1,0,1,0,1,2,0,0,0,0,0,0,272,0.002,0.004,0.006
1852,0.731,0.609,0,0.007,0.041,0,0,,0,,,,0,,,,,0,0,0,0,0,0,0,0,1,0,1,0,1,2,0,0,0,0,0,0,272,0.002,0.001,0.005
1853,0.758,0.658,0,0.001,0.038,0,0,,0,,,,0,,,,,0,0,0,0,0,0,0,0,1,0,1,0,1,2,0,0,0,0,0,0,272,0,0,0.003
1854,0.789,0.717,0,0.001,0.033,0,0,,0,,,,0,,,,,0,0,0,0,0,0,0,0,1,0,1,0,1,2,0,0,0,0,0,0,272,0.001,0,0.002
1855,0.974,0.808,0,0.003,0.054,0,0,,0,,,,0,,,,,0,0,0,0,0,0,0,0,1,0,1,0,1,2,0,0,0,0,0,0,272,0.001,0.001,0.005
1856,0.631,0.525,0,0.002,0.044,0,0,,0,,,,0,,,,,0,0,0,0,0,0,0,0,1,0,1,0,1,2,0,0,0,0,0,0,272,0.001,0.001,0.009
1857,0.886,0.715,0,0.003,0.057,0,0,,0,,,,0,,,,,0,0,0,0,0,0,0,0,1,0,1,0,1,2,0,0,0,0,0,0,272,0.002,0.002,0.005
1858,0.745,0.621,0,0.002,0.043,0,0,,0,,,,0,,,,,0,0,0,0,0,0,0,0,1,0,1,0,1,2,0,0,0,0,0,0,272,0.001,0.001,0.004
1859,0.855,0.7,0.001,0.002,0.066,0,0,,0,,,,0,,,,,0,0,0,0,0,0,0,0,1,0,1,0,1,2,0,0,0,0,0,0,272,0.001,0.001,0.004
1860,0.759,0.623,0.001,0.003,0.046,0,0,,1,781.25,230088704,286523392,1,62503872,62503872,135081984,38823561584,0,0,0,0,0,0,0,0,1,0,1,0,1,2,0,0,0,0,0,0,272,0.001,0.001,0.004
1861,0.766,0.656,0,0.002,0.044,0,0,,0,,,,0,,,,,0,0,0,0,0,0,0,0,1,0,1,0,1,2,0,0,0,0,0,0,272,0.001,0.001,0.003
1862,0.79,0.709,0,0.001,0.041,0,0,,0,,,,0,,,,,0,0,0,0,0,0,0,0,1,0,1,0,1,2,0,0,0,0,0,0,272,0,0.001,0.002
1863,1.13,0.727,0,0.003,0.03,0,0,,0,,,,0,,,,,0,0,0,0,0,0,0,0,1,0,1,0,1,2,0,0,0,0,0,0,272,0.002,0.002,0.007
1864,0.477,0.145,0,0.002,0.169,0,0,,0,,,,0,,,,,0,0,0,0,0,0,0,0,1,0,1,0,1,2,0,0,0,0,0,0,272,0.002,0.001,0.007
1865,1.057,0.905,0,0.004,0.045,0,0,,0,,,,0,,,,,0,0,0,0,0,0,0,0,1,0,1,0,1,2,0,0,0,0,0,0,272,0.001,0.001,0.005
1866,0.782,0.682,0,0.002,0.029,0,0,,0,,,,0,,,,,0,0,0,0,0,0,0,0,1,0,1,0,1,2,0,0,0,0,0,0,272,0.001,0.001,0.004
1867,0.784,0.694,0,0.002,0.031,0,0,,0,,,,0,,,,,0,0,0,0,0,0,0,0,1,0,1,0,1,2,0,0,0,0,0,0,272,0.001,0,0.003
1868,0.804,0.72,0,0.001,0.037,0,0,,0,,,,0,,,,,0,0,0,0,0,0,0,0,1,0,1,0,1,2,0,0,0,0,0,0,272,0.001,0,0.003
1869,0.839,0.71,0,0.002,0.045,0,0,,0,,,,0,,,,,0,0,0,0,0,0,0,0,1,0,1,0,1,2,0,0,0,0,0,0,272,0.001,0.001,0.004
1870,1.432,1.283,0,0.004,0.046,0,0,,0,,,,0,,,,,0,0,0,0,0,0,0,0,1,0,1,0,1,2,0,0,0,0,0,0,272,0.001,0.001,0.006
1871,0.873,0.654,0,0.004,0.071,0,0,,0,,,,0,,,,,0,0,0,0,0,0,0,0,1,0,1,0,1,2,0,0,0,0,0,0,272,0.001,0.002,0.009
1872,0.634,0.542,0,0.002,0.032,0,0,,0,,,,0,,,,,0,0,0,0,0,0,0,0,1,0,1,0,1,2,0,0,0,0,0,0,272,0,0,0.004
1873,1.455,1.37,0,0.002,0.036,0,0,,0,,,,0,,,,,0,0,0,0,0,0,0,0,1,0,1,0,1,2,0,0,0,0,0,0,272,0.001,0.001,0.003
1874,1.746,1.61,0,0.003,0.042,0,0,,0,,,,0,,,,,0,0,0,0,0,0,0,0,1,0,1,0,1,2,0,0,0,0,0,0,272,0.001,0.002,0.005
1875,1.695,1.574,0,0.002,0.04,0,0,,0,,,,0,,,,,0,0,0,0,0,0,0,0,1,0,1,0,1,2,0,0,0,0,0,0,272,0.001,0.002,0.004
1876,1.685,1.581,0,0.002,0.039,0,0,,0,,,,0,,,,,0,0,0,0,0,0,0,0,1,0,1,0,1,2,0,0,0,0,0,0,272,0.001,0.001,0.003
1877,1.932,1.64,0,0.004,0.117,0,0,,0,,,,0,,,,,0,0,0,0,0,0,0,0,1,0,1,0,1,2,0,0,0,0,0,0,272,0.002,0.002,0.009
1878,2.736,2.606,0.001,0.003,0.033,0,0,,0,,,,0,,,,,0,0,0,0,0,0,0,0,1,0,1,0,1,2,0,0,0,0,0,0,272,0.001,0.002,0.005
1879,2.013,1.848,0,0.004,0.046,0,0,,0,,,,0,,,,,0,0,0,0,0,0,0,0,1,0,1,0,1,2,0,0,0,0,0,0,272,0.001,0.001,0.006
1880,3.046,2.842,0,0.004,0.066,0,0,,0,,,,0,,,,,0,0,0,0,0,0,0,0,1,0,1,0,1,2,0,0,0,0,0,0,272,0.001,0.002,0.007
1881,1.036,0.872,0.001,0.003,0.049,0,0,,0,,,,0,,,,,0,0,0,0,0,0,0,0,1,0,1,0,1,2,0,0,0,0,0,0,272,0.002,0.002,0.005
1882,0.713,0.626,0,0.002,0.033,0,0,,0,,,,0,,,,,0,0,0,0,0,0,0,0,1,0,1,0,1,2,0,0,0,0,0,0,272,0.001,0,0.003
1883,0.891,0.717,0,0.003,0.047,0,0,,0,,,,0,,,,,0,0,0,0,0,0,0,0,1,0,1,0,1,2,0,0,0,0,0,0,272,0.002,0.001,0.007
1884,0.769,0.631,0.001,0.003,0.051,0,0,,0,,,,0,,,,,0,0,0,0,0,0,0,0,1,0,1,0,1,2,0,0,0,0,0,0,272,0.001,0.001,0.004
1885,0.75,0.662,0,0.001,0.035,0,0,,0,,,,0,,,,,0,0,0,0,0,0,0,0,1,0,1,0,1,2,0,0,0,0,0,0,272,0.001,0.001,0.002
1886,0.895,0.737,0,0.003,0.041,0,0,,0,,,,0,,,,,0,0,0,0,0,0,0,0,1,0,1,0,1,2,0,0,0,0,0,0,272,0.001,0.001,0.005
1887,0.854,0.62,0,0.002,0.078,0,0,,0,,,,0,,,,,0,0,0,0,0,0,0,0,1,0,1,0,1,2,0,0,0,0,0,0,272,0.002,0.001,0.042
1888,0.682,0.581,0,0.002,0.033,0,0,,0,,,,0,,,,,0,0,0,0,0,0,0,0,1,0,1,0,1,2,0,0,0,0,0,0,272,0.001,0.001,0.003
1889,0.796,0.708,0,0.002,0.035,0,0,,0,,,,0,,,,,0,0,0,0,0,0,0,0,1,0,1,0,1,2,0,0,0,0,0,0,272,0,0.001,0.003
1890,0.814,0.712,0,0.002,0.034,0,0,,1,812.5,230088704,286523392,1,62503872,62503872,135081984,38823561584,0,0,0,0,0,0,0,0,1,0,1,0,1,2,0,0,0,0,0,0,272,0.001,0.001,0.003
1891,0.81,0.696,0,0.002,0.037,0,0,,0,,,,0,,,,,0,0,0,0,0,0,0,0,1,0,1,0,1,2,0,0,0,0,0,0,272,0.001,0.001,0.004
1892,1.196,1.058,0,0.003,0.039,0,0,,0,,,,0,,,,,0,0,0,0,0,0,0,0,1,0,1,0,1,2,0,0,0,0,0,0,272,0.001,0.001,0.004
1893,0.768,0.682,0,0.002,0.032,0,0,,0,,,,0,,,,,0,0,0,0,0,0,0,0,1,0,1,0,1,2,0,0,0,0,0,0,272,0,0.001,0.002
1894,0.821,0.73,0.001,0.001,0.035,0,0,,0,,,,0,,,,,0,0,0,0,0,0,0,0,1,0,1,0,1,2,0,0,0,0,0,0,272,0.001,0,0.003
1895,0.845,0.729,0.001,0.002,0.033,0,0,,0,,,,0,,,,,0,0,0,0,0,0,0,0,1,0,1,0,1,2,0,0,0,0,0,0,272,0.001,0.001,0.004
1896,0.946,0.626,0,0.003,0.221,0,0,,0,,,,0,,,,,0,0,0,0,0,0,0,0,1,0,1,0,1,2,0,0,0,0,0,0,272,0.002,0.002,0.004
1897,1.08,0.989,0,0.002,0.027,0,0,,0,,,,0,,,,,0,0,0,0,0,0,0,0,1,0,1,0,1,2,0,0,0,0,0,0,272,0.001,0.001,0.004
1898,0.823,0.718,0,0.002,0.032,0,0,,0,,,,0,,,,,0,0,0,0,0,0,0,0,1,0,1,0,1,2,0,0,0,0,0,0,272,0.001,0.001,0.004
1899,0.759,0.69,0,0.002,0.026,0,0,,0,,,,0,,,,,0,0,0,0,0,0,0,0,1,0,1,0,1,2,0,0,0,0,0,0,272,0,0.001,0.002
1900,0.8,0.735,0,0.001,0.03,0,0,,0,,,,0,,,,,0,0,0,0,0,0,0,0,1,0,1,0,1,2,0,0,0,0,0,0,272,0,0,0.002
1901,0.942,0.841,0,0.001,0.063,0,0,,0,,,,0,,,,,0,0,0,0,0,0,0,0,1,0,1,0,1,2,0,0,0,0,0,0,272,0,0,0.003
1902,1.544,1.443,0,0.003,0.028,0,0,,0,,,,0,,,,,0,0,0,0,0,0,0,0,1,0,1,0,1,2,0,0,0,0,0,0,272,0.002,0.001,0.003
1903,1.803,1.638,0,0.004,0.039,0,0,,0,,,,0,,,,,0,0,0,0,0,0,0,0,1,0,1,0,1,2,0,0,0,0,0,0,272,0.002,0.002,0.008
1904,1.603,1.412,0,0.002,0.058,0,0,,0,,,,0,,,,,0,0,0,0,0,0,0,0,1,0,1,0,1,2,0,0,0,0,0,0,272,0.002,0.002,0.006
1905,1.871,1.68,0,0.002,0.082,0,0,,0,,,,0,,,,,0,0,0,0,0,0,0,0,1,0,1,0,1,2,0,0,0,0,0,0,272,0.002,0.002,0.004
1906,2.647,2.499,0,0.003,0.047,0,0,,0,,,,0,,,,,0,0,0,0,0,0,0,0,1,0,1,0,1,2,0,0,0,0,0,0,272,0.002,0.002,0.006
1907,1.723,1.622,0,0.002,0.041,0,0,,0,,,,0,,,,,0,0,0,0,0,0,0,0,1,0,1,0,1,2,0,0,0,0,0,0,272,0,0,0.005
1908,3.299,3.133,0,0.003,0.049,0,0,,0,,,,0,,,,,0,0,0,0,0,0,0,0,1,0,1,0,1,2,0,0,0,0,0,0,272,0.002,0.002,0.005
1909,2.523,2.354,0,0.003,0.049,0,0,,0,,,,0,,,,,0,0,0,0,0,0,0,0,1,0,1,0,1,2,0,0,0,0,0,0,272,0.001,0.001,0.006
1910,2.052,1.889,0.001,0.003,0.047,0,0,,0,,,,0,,,,,0,0,0,0,0,0,0,0,1,0,1,0,1,2,0,0,0,0,0,0,272,0.001,0.002,0.006
1911,0.759,0.658,0,0.002,0.028,0,0,,0,,,,0,,,,,0,0,0,0,0,0,0,0,1,0,1,0,1,2,0,0,0,0,0,0,272,0.001,0.001,0.004
1912,0.959,0.826,0.001,0.002,0.034,0,0,,0,,,,0,,,,,0,0,0,0,0,0,0,0,1,0,1,0,1,2,0,0,0,0,0,0,272,0.002,0.001,0.005
1913,0.822,0.725,0,0.001,0.031,0,0,,0,,,,0,,,,,0,0,0,0,0,0,0,0,1,0,1,0,1,2,0,0,0,0,0,0,272,0.001,0.001,0.003
1914,0.889,0.806,0,0.002,0.025,0,0,,0,,,,0,,,,,0,0,0,0,0,0,0,0,1,0,1,0,1,2,0,0,0,0,0,0,272,0.001,0.001,0.003
1915,0.904,0.78,0.001,0.003,0.038,0,0,,0,,,,0,,,,,0,0,0,0,0,0,0,0,1,0,1,0,1,2,0,0,0,0,0,0,272,0.001,0.001,0.004
1916,1.621,1.455,0,0.004,0.045,0,0,,0,,,,0,,,,,0,0,0,0,0,0,0,0,1,0,1,0,1,2,0,0,0,0,0,0,272,0.002,0.002,0.006
1917,1.187,1.042,0,0.003,0.039,0,0,,0,,,,0,,,,,0,0,0,0,0,0,0,0,1,0,1,0,1,2,0,0,0,0,0,0,272,0.002,0.001,0.005
1918,0.949,0.766,0,0.002,0.075,0,0,,0,,,,0,,,,,0,0,0,0,0,0,0,0,1,0,1,0,1,2,0,0,0,0,0,0,272,0.001,0.001,0.005
1919,0.765,0.694,0,0.002,0.024,0,0,,0,,,,0,,,,,0,0,0,0,0,0,0,0,1,0,1,0,1,2,0,0,0,0,0,0,272,0.001,0.001,0.002
1920,0.917,0.824,0,0.001,0.054,0,0,,1,828.125,230088704,286523392,1,62503872,62503872,135081984,38823561584,0,0,0,0,0,0,0,0,1,0,1,0,1,2,0,0,0,0,0,0,272,0.001,0,0.002
1921,1.739,1.648,0,0.002,0.033,0,0,,0,,,,0,,,,,0,0,0,0,0,0,0,0,1,0,1,0,1,2,0,0,0,0,0,0,272,0,0,0.003
1922,0.957,0.827,0,0.002,0.047,0,0,,0,,,,0,,,,,0,0,0,0,0,0,0,0,1,0,1,0,1,2,0,0,0,0,0,0,272,0.002,0.001,0.003
1923,0.849,0.776,0.001,0,0.033,0,0,,0,,,,0,,,,,0,0,0,0,0,0,0,0,1,0,1,0,1,2,0,0,0,0,0,0,272,0.001,0,0.002
1924,0.926,0.829,0,0.001,0.041,0,0,,0,,,,0,,,,,0,0,0,0,0,0,0,0,1,0,1,0,1,2,0,0,0,0,0,0,272,0,0,0.002
1925,0.945,0.806,0,0.002,0.052,0,0,,0,,,,0,,,,,0,0,0,0,0,0,0,0,1,0,1,0,1,2,0,0,0,0,0,0,272,0.002,0.001,0.004
1926,0.895,0.761,0,0.003,0.05,0,0,,0,,,,0,,,,,0,0,0,0,0,0,0,0,1,0,1,0,1,2,0,0,0,0,0,0,272,0.001,0.001,0.004
1927,0.856,0.769,0,0.001,0.035,0,0,,0,,,,0,,,,,0,0,0,0,0,0,0,0,1,0,1,0,1,2,0,0,0,0,0,0,272,0.001,0,0.009
1928,0.949,0.832,0,0.001,0.052,0,0,,0,,,,0,,,,,0,0,0,0,0,0,0,0,1,0,1,0,1,2,0,0,0,0,0,0,272,0.001,0.001,0.002
1929,0.851,0.783,0,0.001,0.029,0,0,,0,,,,0,,,,,0,0,0,0,0,0,0,0,1,0,1,0,1,2,0,0,0,0,0,0,272,0.001,0,0.002
1930,0.898,0.842,0,0.001,0.028,0,0,,0,,,,0,,,,,0,0,0,0,0,0,0,0,1,0,1,0,1,2,0,0,0,0,0,0,272,0,0.001,0.001
1931,0.949,0.852,0,0.002,0.039,0,0,,0,,,,0,,,,,0,0,0,0,0,0,0,0,1,0,1,0,1,2,0,0,0,0,0,0,272,0.001,0.001,0.002
1932,0.955,0.818,0,0.002,0.037,0,0,,0,,,,0,,,,,0,0,0,0,0,0,0,0,1,0,1,0,1,2,0,0,0,0,0,0,272,0.001,0.001,0.005
1933,1.447,1.334,0,0.002,0.042,0,0,,0,,,,0,,,,,0,0,0,0,0,0,0,0,1,0,1,0,1,2,0,0,0,0,0,0,272,0.002,0.001,0.003
1934,2.817,2.711,0,0.002,0.029,0,0,,0,,,,0,,,,,0,0,0,0,0,0,0,0,1,0,1,0,1,2,0,0,0,0,0,0,272,0.001,0.001,0.004
1935,6.018,5.825,0,0.004,0.059,0,0,,0,,,,0,,,,,0,0,0,0,0,0,0,0,1,0,1,0,1,2,0,0,0,0,0,0,272,0.002,0.002,0.008
1936,3.853,3.675,0,0.004,0.052,0,0,,0,,,,0,,,,,0,0,0,0,0,0,0,0,1,0,1,0,1,2,0,0,0,0,0,0,272,0.002,0.003,0.006
1937,3.741,3.541,0,0.004,0.049,0,0,,0,,,,0,,,,,0,0,0,0,0,0,0,0,1,0,1,0,1,2,0,0,0,0,0,0,272,0.002,0.002,0.008
1938,3.506,3.374,0.001,0.003,0.044,0,0,,0,,,,0,,,,,0,0,0,0,0,0,0,0,1,0,1,0,1,2,0,0,0,0,0,0,272,0.001,0.001,0.005
1939,0.932,0.771,0.001,0.005,0.038,0,0,,0,,,,0,,,,,0,0,0,0,0,0,0,0,1,0,1,0,1,2,0,0,0,0,0,0,272,0.002,0.003,0.009
1940,0.792,0.638,0,0.004,0.055,0,0,,0,,,,0,,,,,0,0,0,0,0,0,0,0,1,0,1,0,1,2,0,0,0,0,0,0,272,0.002,0.001,0.004
1941,0.753,0.667,0,0.001,0.033,0,0,,0,,,,0,,,,,0,0,0,0,0,0,0,0,1,0,1,0,1,2,0,0,0,0,0,0,272,0.001,0.001,0.002
1942,0.925,0.739,0.001,0.003,0.051,0,0,,0,,,,0,,,,,0,0,0,0,0,0,0,0,1,0,1,0,1,2,0,0,0,0,0,0,272,0.003,0.001,0.006
1943,0.608,0.447,0,0.002,0.075,0,0,,0,,,,0,,,,,0,0,0,0,0,0,0,0,1,0,1,0,1,2,0,0,0,0,0,0,272,0.002,0.001,0.004
1944,0.659,0.498,0,0.003,0.062,0,0,,0,,,,0,,,,,0,0,0,0,0,0,0,0,1,0,1,0,1,2,0,0,0,0,0,0,272,0.002,0.002,0.004
1945,0.778,0.658,0,0.002,0.049,0,0,,0,,,,0,,,,,0,0,0,0,0,0,0,0,1,0,1,0,1,2,0,0,0,0,0,0,272,0.001,0.001,0.004
1946,0.946,0.855,0,0.002,0.031,0,0,,0,,,,0,,,,,0,0,0,0,0,0,0,0,1,0,1,0,1,2,0,0,0,0,0,0,272,0.001,0.001,0.002
1947,1.009,0.875,0,0.003,0.053,0,0,,0,,,,0,,,,,0,0,0,0,0,0,0,0,1,0,1,0,1,2,0,0,0,0,0,0,272,0.002,0.001,0.003
1948,0.803,0.682,0,0.002,0.035,0,0,,0,,,,0,,,,,0,0,0,0,0,0,0,0,1,0,1,0,1,2,0,0,0,0,0,0,272,0.001,0.001,0.004
1949,0.834,0.746,0,0.002,0.035,0,0,,0,,,,0,,,,,0,0,0,0,0,0,0,0,1,0,1,0,1,2,0,0,0,0,0,0,272,0.001,0,0.003
1950,0.806,0.729,0,0.001,0.032,0,0,,1,843.75,230088704,286523392,1,62503872,62503872,135081984,38823561584,0,0,0,0,0,0,0,0,1,0,1,0,1,2,0,0,0,0,0,0,272,0.001,0,0.004
1951,0.844,0.734,0,0.002,0.047,0,0,,0,,,,0,,,,,0,0,0,0,0,0,0,0,1,0,1,0,1,2,0,0,0,0,0,0,272,0.001,0.001,0.003
1952,1.503,1.385,0,0.002,0.043,0,0,,0,,,,0,,,,,0,0,0,0,0,0,0,0,1,0,1,0,1,2,0,0,0,0,0,0,272,0.002,0.001,0.004
1953,0.786,0.696,0,0.002,0.037,0,0,,0,,,,0,,,,,0,0,0,0,0,0,0,0,1,0,1,0,1,2,0,0,0,0,0,0,272,0,0.001,0.002
1954,0.817,0.741,0,0.001,0.031,0,0,,0,,,,0,,,,,0,0,0,0,0,0,0,0,1,0,1,0,1,2,0,0,0,0,0,0,272,0,0.001,0.003
1955,0.803,0.749,0.001,0,0.025,0,0,,0,,,,0,,,,,0,0,0,0,0,0,0,0,1,0,1,0,1,2,0,0,0,0,0,0,272,0,0.001,0.001
1956,1.463,1.363,0,0.002,0.041,0,0,,0,,,,0,,,,,0,0,0,0,0,0,0,0,1,0,1,0,1,2,0,0,0,0,0,0,272,0.001,0.001,0.003
1957,0.819,0.747,0,0.001,0.028,0,0,,0,,,,0,,,,,0,0,0,0,0,0,0,0,1,0,1,0,1,2,0,0,0,0,0,0,272,0,0,0.002
1958,0.834,0.781,0,0.001,0.025,0,0,,0,,,,0,,,,,0,0,0,0,0,0,0,0,1,0,1,0,1,2,0,0,0,0,0,0,272,0.001,0,0.002
1959,1.097,0.923,0,0.004,0.038,0,0,,0,,,,0,,,,,0,0,0,0,0,0,0,0,1,0,1,0,1,2,0,0,0,0,0,0,272,0.003,0.002,0.006
1960,0.743,0.626,0,0.002,0.043,0,0,,0,,,,0,,,,,0,0,0,0,0,0,0,0,1,0,1,0,1,2,0,0,0,0,0,0,272,0.001,0.009,0.004
1961,0.882,0.79,0,0.002,0.029,0,0,,0,,,,0,,,,,0,0,0,0,0,0,0,0,1,0,1,0,1,2,0,0,0,0,0,0,272,0.001,0.001,0.003
1962,0.908,0.821,0,0.002,0.034,0,0,,0,,,,0,,,,,0,0,0,0,0,0,0,0,1,0,1,0,1,2,0,0,0,0,0,0,272,0.001,0,0.003
1963,1.008,0.857,0,0.003,0.047,0,0,,0,,,,0,,,,,0,0,0,0,0,0,0,0,1,0,1,0,1,2,0,0,0,0,0,0,272,0.001,0.001,0.005
1964,0.926,0.75,0,0.003,0.055,0,0,,0,,,,0,,,,,0,0,0,0,0,0,0,0,1,0,1,0,1,2,0,0,0,0,0,0,272,0.001,0.001,0.006
1965,0.795,0.688,0,0.002,0.042,0,0,,0,,,,0,,,,,0,0,0,0,0,0,0,0,1,0,1,0,1,2,0,0,0,0,0,0,272,0.001,0,0.003
1966,0.83,0.78,0,0.001,0.024,0,0,,0,,,,0,,,,,0,0,0,0,0,0,0,0,1,0,1,0,1,2,0,0,0,0,0,0,272,0.001,0,0.001
1967,0.915,0.869,0,0,0.025,0,0,,0,,,,0,,,,,0,0,0,0,0,0,0,0,1,0,1,0,1,2,0,0,0,0,0,0,272,0,0,0.001
1968,0.936,0.853,0,0.001,0.036,0,0,,0,,,,0,,,,,0,0,0,0,0,0,0,0,1,0,1,0,1,2,0,0,0,0,0,0,272,0.001,0,0.003
1969,0.806,0.702,0,0.002,0.028,0,0,,0,,,,0,,,,,0,0,0,0,0,0,0,0,1,0,1,0,1,2,0,0,0,0,0,0,272,0.002,0.001,0.004
1970,1.163,1.025,0,0.003,0.028,0,0,,0,,,,0,,,,,0,0,0,0,0,0,0,0,1,0,1,0,1,2,0,0,0,0,0,0,272,0.002,0.001,0.005
1971,0.666,0.551,0,0.003,0.034,0,0,,0,,,,0,,,,,0,0,0,0,0,0,0,0,1,0,1,0,1,2,0,0,0,0,0,0,272,0.001,0.001,0.003
1972,0.743,0.635,0.001,0.002,0.038,0,0,,0,,,,0,,,,,0,0,0,0,0,0,0,0,1,0,1,0,1,2,0,0,0,0,0,0,272,0.001,0,0.004
1973,0.73,0.652,0.001,0.001,0.029,0,0,,0,,,,0,,,,,0,0,0,0,0,0,0,0,1,0,1,0,1,2,0,0,0,0,0,0,272,0.001,0.001,0.002
1974,1.333,1.259,0,0.001,0.031,0,0,,0,,,,0,,,,,0,0,0,0,0,0,0,0,1,0,1,0,1,2,0,0,0,0,0,0,272,0,0,0.002
1975,0.772,0.724,0,0,0.021,0,0,,0,,,,0,,,,,0,0,0,0,0,0,0,0,1,0,1,0,1,2,0,0,0,0,0,0,272,0,0,0.001
1976,0.777,0.73,0,0.001,0.024,0,0,,0,,,,0,,,,,0,0,0,0,0,0,0,0,1,0,1,0,1,2,0,0,0,0,0,0,272,0,0,0.001
1977,0.959,0.773,0,0.003,0.065,0,0,,0,,,,0,,,,,0,0,0,0,0,0,0,0,1,0,1,0,1,2,0,0,0,0,0,0,272,0.002,0.002,0.006
1978,0.569,0.474,0,0.002,0.032,0,0,,0,,,,0,,,,,0,0,0,0,0,0,0,0,1,0,1,0,1,2,0,0,0,0,0,0,272,0,0,0.003
1979,0.847,0.624,0.001,0.004,0.068,0,0,,0,,,,0,,,,,0,0,0,0,0,0,0,0,1,0,1,0,1,2,0,0,0,0,0,0,272,0.002,0.002,0.008
1980,0.683,0.546,0,0.003,0.043,0,0,,1,859.375,230088704,286523392,1,62503872,62503872,135081984,38823561584,0,0,0,0,0,0,0,0,1,0,1,0,1,2,0,0,0,0,0,0,272,0.002,0.001,0.004
1981,0.666,0.548,0,0.002,0.04,0,0,,0,,,,0,,,,,0,0,0,0,0,0,0,0,1,0,1,0,1,2,0,0,0,0,0,0,272,0.001,0.001,0.004
1982,0.741,0.636,0,0.002,0.034,0,0,,0,,,,0,,,,,0,0,0,0,0,0,0,0,1,0,1,0,1,2,0,0,0,0,0,0,272,0.001,0.001,0.004
1983,0.74,0.619,0,0.002,0.04,0,0,,0,,,,0,,,,,0,0,0,0,0,0,0,0,1,0,1,0,1,2,0,0,0,0,0,0,272,0.001,0,0.004
1984,0.702,0.61,0,0.002,0.032,0,0,,0,,,,0,,,,,0,0,0,0,0,0,0,0,1,0,1,0,1,2,0,0,0,0,0,0,272,0.001,0,0.002
1985,0.832,0.673,0,0.003,0.046,0,0,,0,,,,0,,,,,0,0,0,0,0,0,0,0,1,0,1,0,1,2,0,0,0,0,0,0,272,0.001,0.001,0.005
1986,0.619,0.534,0,0.002,0.034,0,0,,0,,,,0,,,,,0,0,0,0,0,0,0,0,1,0,1,0,1,2,0,0,0,0,0,0,272,0.001,0,0.003
1987,0.784,0.658,0,0.002,0.046,0,0,,0,,,,0,,,,,0,0,0,0,0,0,0,0,1,0,1,0,1,2,0,0,0,0,0,0,272,0.002,0.001,0.003
1988,0.845,0.719,0,0.002,0.05,0,0,,0,,,,0,,,,,0,0,0,0,0,0,0,0,1,0,1,0,1,2,0,0,0,0,0,0,272,0.001,0.001,0.003
1989,0.732,0.607,0,0.003,0.026,0,0,,0,,,,0,,,,,0,0,0,0,0,0,0,0,1,0,1,0,1,2,0,0,0,0,0,0,272,0.001,0.001,0.005
1990,0.857,0.665,0,0.003,0.049,0,0,,0,,,,0,,,,,0,0,0,0,0,0,0,0,1,0,1,0,1,2,0,0,0,0,0,0,272,0.019,0.002,0.006
1991,1.284,1.13,0,0.003,0.034,0,0,,0,,,,0,,,,,0,0,0,0,0,0,0,0,1,0,1,0,1,2,0,0,0,0,0,0,272,0.001,0.001,0.005
1992,0.869,0.646,0,0.002,0.126,0,0,,0,,,,0,,,,,0,0,0,0,0,0,0,0,1,0,1,0,1,2,0,0,0,0,0,0,272,0.002,0.001,0.005
1993,0.739,0.561,0,0.002,0.05,0,0,,0,,,,0,,,,,0,0,0,0,0,0,0,0,1,0,1,0,1,2,0,0,0,0,0,0,272,0.002,0.001,0.005
1994,0.74,0.63,0,0.003,0.037,0,0,,0,,,,0,,,,,0,0,0,0,0,0,0,0,1,0,1,0,1,2,0,0,0,0,0,0,272,0.001,0.001,0.003
1995,0.919,0.777,0,0.002,0.038,0,0,,0,,,,0,,,,,0,0,0,0,0,0,0,0,1,0,1,0,1,2,0,0,0,0,0,0,272,0.002,0.001,0.006
1996,1.513,1.286,0,0.003,0.103,0,0,,0,,,,0,,,,,0,0,0,0,0,0,0,0,1,0,1,0,1,2,0,0,0,0,0,0,272,0.002,0.002,0.006
1997,0.639,0.567,0,0.001,0.022,0,0,,0,,,,0,,,,,0,0,0,0,0,0,0,0,1,0,1,0,1,2,0,0,0,0,0,0,272,0,0,0.003
1998,0.771,0.7,0,0.001,0.028,0,0,,0,,,,0,,,,,0,0,0,0,0,0,0,0,1,0,1,0,1,2,0,0,0,0,0,0,272,0.001,0,0.002
1999,0.927,0.872,0,0.001,0.022,0,0,,0,,,,0,,,,,0,0,0,0,0,0,0,0,1,0,1,0,1,2,0,0,0,0,0,0,272,0.001,0,0.002
2000,0.805,0.757,0.001,0,0.02,0,0,,0,,,,0,,,,,0,0,0,0,0,0,0,0,1,0,1,0,1,2,0,0,0,0,0,0,272,0.001,0,0.002
2001,0.872,0.794,0,0.001,0.037,0,0,,0,,,,0,,,,,0,0,0,0,0,0,0,0,1,0,1,0,1,2,0,0,0,0,0,0,272,0.001,0.001,0.002
2002,0.807,0.73,0,0.001,0.031,0,0,,0,,,,0,,,,,0,0,0,0,0,0,0,0,1,0,1,0,1,2,0,0,0,0,0,0,272,0,0.001,0.003
2003,0.908,0.739,0.001,0.003,0.05,0,0,,0,,,,0,,,,,0,0,0,0,0,0,0,0,1,0,1,0,1,2,0,0,0,0,0,0,272,0.001,0.001,0.006
2004,0.748,0.628,0,0.002,0.041,0,0,,0,,,,0,,,,,0,0,0,0,0,0,0,0,1,0,1,0,1,2,0,0,0,0,0,0,272,0.002,0.001,0.005
2005,0.758,0.675,0,0.001,0.042,0,0,,0,,,,0,,,,,0,0,0,0,0,0,0,0,1,0,1,0,1,2,0,0,0,0,0,0,272,0.001,0,0.002
2006,0.783,0.718,0,0,0.029,0,0,,0,,,,0,,,,,0,0,0,0,0,0,0,0,1,0,1,0,1,2,0,0,0,0,0,0,272,0.001,0,0.003
2007,0.917,0.773,0,0.003,0.037,0,0,,0,,,,0,,,,,0,0,0,0,0,0,0,0,1,0,1,0,1,2,0,0,0,0,0,0,272,0.002,0.002,0.005
2008,0.654,0.576,0.001,0.002,0.025,0,0,,0,,,,0,,,,,0,0,0,0,0,0,0,0,1,0,1,0,1,2,0,0,0,0,0,0,272,0.001,0.001,0.003
2009,1.08,0.942,0.001,0.002,0.028,0,0,,0,,,,0,,,,,0,0,0,0,0,0,0,0,1,0,1,0,1,2,0,0,0,0,0,0,272,0,0.001,0.004
2010,1.012,0.913,0,0.003,0.029,0,0,,1,859.375,230088704,286523392,1,62503872,62503872,135081984,38823561584,0,0,0,0,0,0,0,0,1,0,1,0,1,2,0,0,0,0,0,0,272,0.001,0.001,0.004
2011,0.691,0.641,0,0.001,0.016,0,0,,0,,,,0,,,,,0,0,0,0,0,0,0,0,1,0,1,0,1,2,0,0,0,0,0,0,272,0,0.001,0.002
2012,1.549,1.389,0,0.003,0.046,0,0,,0,,,,0,,,,,0,0,0,0,0,0,0,0,1,0,1,0,1,2,0,0,0,0,0,0,272,0.002,0.002,0.005
2013,0.777,0.688,0,0.002,0.033,0,0,,0,,,,0,,,,,0,0,0,0,0,0,0,0,1,0,1,0,1,2,0,0,0,0,0,0,272,0,0,0.003
2014,1.849,1.723,0.003,0.003,0.034,0,0,,0,,,,0,,,,,0,0,0,0,0,0,0,0,1,0,1,0,1,2,0,0,0,0,0,0,272,0.001,0.002,0.005
2015,1.149,1.058,0,0.002,0.038,0,0,,0,,,,0,,,,,0,0,0,0,0,0,0,0,1,0,1,0,1,2,0,0,0,0,0,0,272,0.001,0.001,0.002
2016,1.723,1.646,0,0.001,0.035,0,0,,0,,,,0,,,,,0,0,0,0,0,0,0,0,1,0,1,0,1,2,0,0,0,0,0,0,272,0.001,0,0.003
2017,1.698,1.574,0,0.002,0.046,0,0,,0,,,,0,,,,,0,0,0,0,0,0,0,0,1,0,1,0,1,2,0,0,0,0,0,0,272,0.001,0.001,0.004
2018,1.788,1.584,0,0.005,0.057,0,0,,0,,,,0,,,,,0,0,0,0,0,0,0,0,1,0,1,0,1,2,0,0,0,0,0,0,272,0.002,0.002,0.008
2019,1.502,1.415,0,0.001,0.04,0,0,,0,,,,0,,,,,0,0,0,0,0,0,0,0,1,0,1,0,1,2,0,0,0,0,0,0,272,0.001,0.001,0.003
2020,1.75,1.616,0.001,0.003,0.046,0,0,,0,,,,0,,,,,0,0,0,0,0,0,0,0,1,0,1,0,1,2,0,0,0,0,0,0,272,0.001,0.002,0.005
2021,2.217,2.114,0,0.003,0.028,0,0,,0,,,,0,,,,,0,0,0,0,0,0,0,0,1,0,1,0,1,2,0,0,0,0,0,0,272,0.001,0.001,0.005
2022,1.944,1.771,0,0.004,0.046,0,0,,0,,,,0,,,,,0,0,0,0,0,0,0,0,1,0,1,0,1,2,0,0,0,0,0,0,272,0.001,0.001,0.006
2023,4.947,4.762,0,0.004,0.057,0,0,,0,,,,0,,,,,0,0,0,0,0,0,0,0,1,0,1,0,1,2,0,0,0,0,0,0,272,0.002,0.001,0.006
2024,0.839,0.746,0,0.002,0.035,0,0,,0,,,,0,,,,,0,0,0,0,0,0,0,0,1,0,1,0,1,2,0,0,0,0,0,0,272,0.001,0.001,0.003
2025,0.55,0.477,0,0.001,0.03,0,0,,0,,,,0,,,,,0,0,0,0,0,0,0,0,1,0,1,0,1,2,0,0,0,0,0,0,272,0.001,0,0.002
2026,0.695,0.575,0,0.002,0.041,0,0,,0,,,,0,,,,,0,0,0,0,0,0,0,0,1,0,1,0,1,2,0,0,0,0,0,0,272,0.001,0.001,0.004
2027,0.565,0.461,0,0.002,0.033,0,0,,0,,,,0,,,,,0,0,0,0,0,0,0,0,1,0,1,0,1,2,0,0,0,0,0,0,272,0.001,0.001,0.004
2028,0.593,0.521,0.001,0.001,0.025,0,0,,0,,,,0,,,,,0,0,0,0,0,0,0,0,1,0,1,0,1,2,0,0,0,0,0,0,272,0,0.001,0.002
2029,0.622,0.551,0,0,0.031,0,0,,0,,,,0,,,,,0,0,0,0,0,0,0,0,1,0,1,0,1,2,0,0,0,0,0,0,272,0.001,0,0.001
2030,0.654,0.564,0,0.002,0.03,0,0,,0,,,,0,,,,,0,0,0,0,0,0,0,0,1,0,1,0,1,2,0,0,0,0,0,0,272,0.001,0.001,0.003
2031,0.611,0.535,0.001,0.001,0.031,0,0,,0,,,,0,,,,,0,0,0,0,0,0,0,0,1,0,1,0,1,2,0,0,0,0,0,0,272,0,0,0.003
2032,0.631,0.544,0,0.002,0.029,0,0,,0,,,,0,,,,,0,0,0,0,0,0,0,0,1,0,1,0,1,2,0,0,0,0,0,0,272,0.001,0.001,0.003
2033,0.708,0.508,0,0.003,0.044,0,0,,0,,,,0,,,,,0,0,0,0,0,0,0,0,1,0,1,0,1,2,0,0,0,0,0,0,272,0.002,0.001,0.005
2034,0.503,0.396,0,0.002,0.036,0,0,,0,,,,0,,,,,0,0,0,0,0,0,0,0,1,0,1,0,1,2,0,0,0,0,0,0,272,0.001,0.001,0.004
2035,1.182,1.073,0,0.002,0.038,0,0,,0,,,,0,,,,,0,0,0,0,0,0,0,0,1,0,1,0,1,2,0,0,0,0,0,0,272,0.001,0.001,0.003
2036,0.614,0.505,0,0.002,0.033,0,0,,0,,,,0,,,,,0,0,0,0,0,0,0,0,1,0,1,0,1,2,0,0,0,0,0,0,272,0.001,0.001,0.004
2037,0.699,0.529,0,0.003,0.078,0,0,,0,,,,0,,,,,0,0,0,0,0,0,0,0,1,0,1,0,1,2,0,0,0,0,0,0,272,0.001,0.001,0.004
2038,0.716,0.4,0.001,0.003,0.223,0,0,,0,,,,0,,,,,0,0,0,0,0,0,0,0,1,0,1,0,1,2,0,0,0,0,0,0,272,0.002,0.001,0.005
2039,1.092,0.978,0,0.002,0.039,0,0,,0,,,,0,,,,,0,0,0,0,0,0,0,0,1,0,1,0,1,2,0,0,0,0,0,0,272,0.001,0.001,0.004
2040,0.692,0.624,0,0.001,0.025,0,0,,1,875,230088704,286523392,1,62503872,62503872,135081984,38823561584,0,0,0,0,0,0,0,0,1,0,1,0,1,2,0,0,0,0,0,0,272,0,0,0.002
2041,1.021,0.915,0,0.001,0.048,0,0,,0,,,,0,,,,,0,0,0,0,0,0,0,0,1,0,1,0,1,2,0,0,0,0,0,0,272,0.001,0,0.003
2042,0.767,0.665,0,0.001,0.04,0,0,,0,,,,0,,,,,0,0,0,0,0,0,0,0,1,0,1,0,1,2,0,0,0,0,0,0,272,0.001,0.001,0.002
2043,0.597,0.536,0,0,0.03,0,0,,0,,,,0,,,,,0,0,0,0,0,0,0,0,1,0,1,0,1,2,0,0,0,0,0,0,272,0.001,0,0.001
2044,0.626,0.569,0,0.001,0.029,0,0,,0,,,,0,,,,,0,0,0,0,0,0,0,0,1,0,1,0,1,2,0,0,0,0,0,0,272,0,0,0.001
2045,0.626,0.573,0,0.001,0.026,0,0,,0,,,,0,,,,,0,0,0,0,0,0,0,0,1,0,1,0,1,2,0,0,0,0,0,0,272,0.001,0,0.001
2046,0.641,0.583,0.001,0,0.029,0,0,,0,,,,0,,,,,0,0,0,0,0,0,0,0,1,0,1,0,1,2,0,0,0,0,0,0,272,0.001,0,0.002
2047,0.621,0.57,0,0.001,0.027,0,0,,0,,,,0,,,,,0,0,0,0,0,0,0,0,1,0,1,0,1,2,0,0,0,0,0,0,272,0,0,0.001
2048,0.686,0.594,0,0.002,0.04,0,0,,0,,,,0,,,,,0,0,0,0,0,0,0,0,1,0,1,0,1,2,0,0,0,0,0,0,272,0.001,0.001,0.002
2049,0.593,0.52,0,0.001,0.034,0,0,,0,,,,0,,,,,0,0,0,0,0,0,0,0,1,0,1,0,1,2,0,0,0,0,0,0,272,0.001,0.001,0.002
2050,0.742,0.572,0,0.003,0.057,0,0,,0,,,,0,,,,,0,0,0,0,0,0,0,0,1,0,1,0,1,2,0,0,0,0,0,0,272,0.001,0.002,0.005
2051,0.475,0.284,0,0.003,0.113,0,0,,0,,,,0,,,,,0,0,0,0,0,0,0,0,1,0,1,0,1,2,0,0,0,0,0,0,272,0.001,0,0.004
2052,0.529,0.472,0,0.001,0.019,0,0,,0,,,,0,,,,,0,0,0,0,0,0,0,0,1,0,1,0,1,2,0,0,0,0,0,0,272,0,0,0.002
2053,0.698,0.587,0,0.002,0.044,0,0,,0,,,,0,,,,,0,0,0,0,0,0,0,0,1,0,1,0,1,2,0,0,0,0,0,0,272,0.001,0.001,0.003
2054,0.7,0.515,0,0.003,0.057,0,0,,0,,,,0,,,,,0,0,0,0,0,0,0,0,1,0,1,0,1,2,0,0,0,0,0,0,272,0.001,0.001,0.006
2055,0.515,0.404,0,0.002,0.043,0,0,,0,,,,0,,,,,0,0,0,0,0,0,0,0,1,0,1,0,1,2,0,0,0,0,0,0,272,0.001,0.001,0.003
2056,0.767,0.612,0,0.003,0.039,0,0,,0,,,,0,,,,,0,0,0,0,0,0,0,0,1,0,1,0,1,2,0,0,0,0,0,0,272,0.002,0.001,0.006
2057,0.555,0.43,0,0.002,0.039,0,0,,0,,,,0,,,,,0,0,0,0,0,0,0,0,1,0,1,0,1,2,0,0,0,0,0,0,272,0.001,0.002,0.004
2058,1.355,1.191,0,0.004,0.053,0,0,,0,,,,0,,,,,0,0,0,0,0,0,0,0,1,0,1,0,1,2,0,0,0,0,0,0,272,0.002,0.002,0.006
2059,0.549,0.387,0,0.002,0.048,0,0,,0,,,,0,,,,,0,0,0,0,0,0,0,0,1,0,1,0,1,2,0,0,0,0,0,0,272,0.001,0.001,0.005
2060,0.723,0.5,0,0.018,0.08,0,0,,0,,,,0,,,,,0,0,0,0,0,0,0,0,1,0,1,0,1,2,0,0,0,0,0,0,272,0.002,0.001,0.006
2061,0.461,0.343,0,0.002,0.038,0,0,,0,,,,0,,,,,0,0,0,0,0,0,0,0,1,0,1,0,1,2,0,0,0,0,0,0,272,0.001,0.001,0.004
2062,1.225,1.034,0.001,0.014,0.089,0,0,,0,,,,0,,,,,0,0,0,0,0,0,0,0,1,0,1,0,1,2,0,0,0,0,0,0,272,0.001,0,0.004
2063,0.538,0.432,0,0.003,0.045,0,0,,0,,,,0,,,,,0,0,0,0,0,0,0,0,1,0,1,0,1,2,0,0,0,0,0,0,272,0.001,0,0.003
2064,0.667,0.518,0,0.002,0.054,0,0,,0,,,,0,,,,,0,0,0,0,0,0,0,0,1,0,1,0,1,2,0,0,0,0,0,0,272,0.001,0.001,0.004
2065,0.976,0.909,0,0.001,0.024,0,0,,0,,,,0,,,,,0,0,0,0,0,0,0,0,1,0,1,0,1,2,0,0,0,0,0,0,272,0.001,0.001,0.002
2066,0.695,0.584,0.001,0.002,0.036,0,0,,0,,,,0,,,,,0,0,0,0,0,0,0,0,1,0,1,0,1,2,0,0,0,0,0,0,272,0.001,0.001,0.003
2067,0.55,0.496,0,0.001,0.021,0,0,,0,,,,0,,,,,0,0,0,0,0,0,0,0,1,0,1,0,1,2,0,0,0,0,0,0,272,0,0.001,0.001
2068,0.623,0.582,0,0,0.022,0,0,,0,,,,0,,,,,0,0,0,0,0,0,0,0,1,0,1,0,1,2,0,0,0,0,0,0,272,0,0,0.001
2069,0.716,0.619,0.001,0.001,0.041,0,0,,0,,,,0,,,,,0,0,0,0,0,0,0,0,1,0,1,0,1,2,0,0,0,0,0,0,272,0,0,0.003
2070,0.602,0.53,0,0.001,0.035,0,0,,1,890.625,230064128,286511104,1,62503872,62503872,135081984,38823561584,0,0,0,0,0,0,0,0,1,0,1,0,1,2,0,0,0,0,0,0,272,0.001,0,0.003
2071,0.584,0.518,0,0.002,0.025,0,0,,0,,,,0,,,,,0,0,0,0,0,0,0,0,1,0,1,0,1,2,0,0,0,0,0,0,272,0,0.001,0.002
2072,0.657,0.569,0,0.001,0.037,0,0,,0,,,,0,,,,,0,0,0,0,0,0,0,0,1,0,1,0,1,2,0,0,0,0,0,0,272,0.001,0,0.003
2073,0.584,0.537,0,0.002,0.023,0,0,,0,,,,0,,,,,0,0,0,0,0,0,0,0,1,0,1,0,1,2,0,0,0,0,0,0,272,0.001,0,0.001
2074,0.79,0.603,0,0.004,0.051,0,0,,0,,,,0,,,,,0,0,0,0,0,0,0,0,1,0,1,0,1,2,0,0,0,0,0,0,272,0.002,0.001,0.005
2075,0.478,0.397,0.001,0.002,0.023,0,0,,0,,,,0,,,,,0,0,0,0,0,0,0,0,1,0,1,0,1,2,0,0,0,0,0,0,272,0,0,0.004
2076,0.694,0.597,0,0.001,0.041,0,0,,0,,,,0,,,,,0,0,0,0,0,0,0,0,1,0,1,0,1,2,0,0,0,0,0,0,272,0.001,0.001,0.003
2077,0.586,0.528,0,0.001,0.026,0,0,,0,,,,0,,,,,0,0,0,0,0,0,0,0,1,0,1,0,1,2,0,0,0,0,0,0,272,0,0,0.002
2078,0.64,0.581,0,0.001,0.028,0,0,,0,,,,0,,,,,0,0,0,0,0,0,0,0,1,0,1,0,1,2,0,0,0,0,0,0,272,0,0.001,0.001
2079,0.613,0.57,0,0,0.027,0,0,,0,,,,0,,,,,0,0,0,0,0,0,0,0,1,0,1,0,1,2,0,0,0,0,0,0,272,0.001,0,0.001
2080,0.925,0.785,0.001,0.002,0.081,0,0,,0,,,,0,,,,,0,0,0,0,0,0,0,0,1,0,1,0,1,2,0,0,0,0,0,0,272,0.001,0.001,0.003
2081,1.64,1.418,0,0.005,0.07,0,0,,0,,,,0,,,,,0,0,0,0,0,0,0,0,1,0,1,0,1,2,0,0,0,0,0,0,272,0.002,0.003,0.008
2082,0.694,0.587,0.001,0.002,0.028,0,0,,0,,,,0,,,,,0,0,0,0,0,0,0,0,1,0,1,0,1,2,0,0,0,0,0,0,272,0.001,0.001,0.004
2083,0.783,0.696,0,0.002,0.026,0,0,,0,,,,0,,,,,0,0,0,0,0,0,0,0,1,0,1,0,1,2,0,0,0,0,0,0,272,0.001,0,0.004
2084,1.429,1.337,0,0.002,0.04,0,0,,0,,,,0,,,,,0,0,0,0,0,0,0,0,1,0,1,0,1,2,0,0,0,0,0,0,272,0.001,0,0.003
2085,1.71,1.472,0,0.004,0.062,0,0,,0,,,,0,,,,,0,0,0,0,0,0,0,0,1,0,1,0,1,2,0,0,0,0,0,0,272,0.002,0.002,0.007
2086,0.715,0.566,0,0.002,0.062,0,0,,0,,,,0,,,,,0,0,0,0,0,0,0,0,1,0,1,0,1,2,0,0,0,0,0,0,272,0.001,0.001,0.004
2087,0.781,0.688,0.001,0.001,0.043,0,0,,0,,,,0,,,,,0,0,0,0,0,0,0,0,1,0,1,0,1,2,0,0,0,0,0,0,272,0.001,0,0.003
2088,0.877,0.748,0,0.002,0.048,0,0,,0,,,,0,,,,,0,0,0,0,0,0,0,0,1,0,1,0,1,2,0,0,0,0,0,0,272,0.001,0.002,0.004
2089,0.769,0.693,0,0.001,0.032,0,0,,0,,,,0,,,,,0,0,0,0,0,0,0,0,1,0,1,0,1,2,0,0,0,0,0,0,272,0,0,0.002
2090,0.853,0.766,0,0.001,0.039,0,0,,0,,,,0,,,,,0,0,0,0,0,0,0,0,1,0,1,0,1,2,0,0,0,0,0,0,272,0,0,0.002
2091,0.814,0.743,0,0,0.034,0,0,,0,,,,0,,,,,0,0,0,0,0,0,0,0,1,0,1,0,1,2,0,0,0,0,0,0,272,0,0,0.002
2092,0.83,0.77,0.001,0,0.033,0,0,,0,,,,0,,,,,0,0,0,0,0,0,0,0,1,0,1,0,1,2,0,0,0,0,0,0,272,0,0.001,0.001
2093,0.865,0.777,0,0.002,0.039,0,0,,0,,,,0,,,,,0,0,0,0,0,0,0,0,1,0,1,0,1,2,0,0,0,0,0,0,272,0.001,0,0.003
2094,0.831,0.763,0.001,0.001,0.033,0,0,,0,,,,0,,,,,0,0,0,0,0,0,0,0,1,0,1,0,1,2,0,0,0,0,0,0,272,0.001,0,0.002
2095,0.822,0.766,0,0,0.03,0,0,,0,,,,0,,,,,0,0,0,0,0,0,0,0,1,0,1,0,1,2,0,0,0,0,0,0,272,0,0,0.001
2096,0.868,0.79,0,0.001,0.037,0,0,,0,,,,0,,,,,0,0,0,0,0,0,0,0,1,0,1,0,1,2,0,0,0,0,0,0,272,0.001,0,0.001
2097,0.88,0.757,0,0.003,0.048,0,0,,0,,,,0,,,,,0,0,0,0,0,0,0,0,1,0,1,0,1,2,0,0,0,0,0,0,272,0.001,0,0.003
2098,0.833,0.603,0,0.003,0.086,0,0,,0,,,,0,,,,,0,0,0,0,0,0,0,0,1,0,1,0,1,2,0,0,0,0,0,0,272,0.002,0.001,0.005
2099,0.953,0.658,0,0.003,0.218,0,0,,0,,,,0,,,,,0,0,0,0,0,0,0,0,1,0,1,0,1,2,0,0,0,0,0,0,272,0.002,0.002,0.005
2100,0.432,0.309,0.001,0.002,0.04,0,0,,1,921.875,230133760,286511104,1,62503872,62503872,135081984,38823561584,0,0,0,0,0,0,0,0,1,0,1,0,1,2,0,0,0,0,0,0,272,0.001,0.001,0.004
2101,0.524,0.434,0,0.002,0.024,0,0,,0,,,,0,,,,,0,0,0,0,0,0,0,0,1,0,1,0,1,2,0,0,0,0,0,0,272,0.001,0.001,0.003
2102,0.557,0.455,0,0.002,0.029,0,0,,0,,,,0,,,,,0,0,0,0,0,0,0,0,1,0,1,0,1,2,0,0,0,0,0,0,272,0.001,0.001,0.004
2103,1.542,1.419,0,0.002,0.038,0,0,,0,,,,0,,,,,0,0,0,0,0,0,0,0,1,0,1,0,1,2,0,0,0,0,0,0,272,0.001,0.001,0.004
2104,0.432,0.193,0.001,0.004,0.052,0,0,,0,,,,0,,,,,0,0,0,0,0,0,0,0,1,0,1,0,1,2,0,0,0,0,0,0,272,0.002,0.002,0.006
2105,1.041,0.94,0,0.002,0.032,0,0,,0,,,,0,,,,,0,0,0,0,0,0,0,0,1,0,1,0,1,2,0,0,0,0,0,0,272,0.001,0.001,0.003
2106,0.564,0.468,0.001,0.001,0.035,0,0,,0,,,,0,,,,,0,0,0,0,0,0,0,0,1,0,1,0,1,2,0,0,0,0,0,0,272,0.001,0.001,0.003
2107,0.523,0.475,0.001,0.001,0.019,0,0,,0,,,,0,,,,,0,0,0,0,0,0,0,0,1,0,1,0,1,2,0,0,0,0,0,0,272,0.001,0,0.002
2108,0.58,0.54,0,0.001,0.021,0,0,,0,,,,0,,,,,0,0,0,0,0,0,0,0,1,0,1,0,1,2,0,0,0,0,0,0,272,0,0,0.001
2109,0.577,0.544,0,0.001,0.017,0,0,,0,,,,0,,,,,0,0,0,0,0,0,0,0,1,0,1,0,1,2,0,0,0,0,0,0,272,0,0,0.001
2110,0.612,0.557,0,0.001,0.028,0,0,,0,,,,0,,,,,0,0,0,0,0,0,0,0,1,0,1,0,1,2,0,0,0,0,0,0,272,0,0,0.002
2111,0.579,0.527,0,0.001,0.025,0,0,,0,,,,0,,,,,0,0,0,0,0,0,0,0,1,0,1,0,1,2,0,0,0,0,0,0,272,0.001,0,0.002
2112,0.59,0.535,0,0.001,0.029,0,0,,0,,,,0,,,,,0,0,0,0,0,0,0,0,1,0,1,0,1,2,0,0,0,0,0,0,272,0,0,0.002
2113,0.555,0.522,0,0.001,0.016,0,0,,0,,,,0,,,,,0,0,0,0,0,0,0,0,1,0,1,0,1,2,0,0,0,0,0,0,272,0,0,0.001
2114,0.72,0.568,0,0.003,0.059,0,0,,0,,,,0,,,,,0,0,0,0,0,0,0,0,1,0,1,0,1,2,0,0,0,0,0,0,272,0.001,0.001,0.004
2115,0.586,0.417,0,0.004,0.06,0,0,,0,,,,0,,,,,0,0,0,0,0,0,0,0,1,0,1,0,1,2,0,0,0,0,0,0,272,0.002,0.001,0.006
2116,0.433,0.37,0,0.001,0.029,0,0,,0,,,,0,,,,,0,0,0,0,0,0,0,0,1,0,1,0,1,2,0,0,0,0,0,0,272,0.001,0,0.002
2117,0.745,0.559,0,0.004,0.061,0,0,,0,,,,0,,,,,0,0,0,0,0,0,0,0,1,0,1,0,1,2,0,0,0,0,0,0,272,0.002,0.002,0.005
2118,0.441,0.338,0,0.002,0.042,0,0,,0,,,,0,,,,,0,0,0,0,0,0,0,0,1,0,1,0,1,2,0,0,0,0,0,0,272,0.001,0,0.003
2119,0.587,0.495,0,0.001,0.051,0,0,,0,,,,0,,,,,0,0,0,0,0,0,0,0,1,0,1,0,1,2,0,0,0,0,0,0,272,0.001,0,0.003
2120,0.562,0.483,0,0.001,0.043,0,0,,0,,,,0,,,,,0,0,0,0,0,0,0,0,1,0,1,0,1,2,0,0,0,0,0,0,272,0.001,0,0.002
2121,0.561,0.491,0,0.002,0.021,0,0,,0,,,,0,,,,,0,0,0,0,0,0,0,0,1,0,1,0,1,2,0,0,0,0,0,0,272,0.001,0.001,0.002
2122,0.471,0.328,0,0.001,0.095,0,0,,0,,,,0,,,,,0,0,0,0,0,0,0,0,1,0,1,0,1,2,0,0,0,0,0,0,272,0.001,0,0.002
2123,0.553,0.342,0,0.002,0.121,0,0,,0,,,,0,,,,,0,0,0,0,0,0,0,0,1,0,1,0,1,2,0,0,0,0,0,0,272,0.001,0.001,0.004
2124,0.501,0.352,0.001,0.003,0.043,0,0,,0,,,,0,,,,,0,0,0,0,0,0,0,0,1,0,1,0,1,2,0,0,0,0,0,0,272,0.002,0.002,0.005
2125,0.807,0.678,0,0.002,0.03,0,0,,0,,,,0,,,,,0,0,0,0,0,0,0,0,1,0,1,0,1,2,0,0,0,0,0,0,272,0.001,0.001,0.004
2126,0.213,0.141,0,0.001,0.046,0,0,,0,,,,0,,,,,0,0,0,0,0,0,0,0,1,0,1,0,1,2,0,0,0,0,0,0,272,0.001,0,0.002
2127,0.678,0.574,0,0.002,0.03,0,0,,0,,,,0,,,,,0,0,0,0,0,0,0,0,1,0,1,0,1,2,0,0,0,0,0,0,272,0.001,0.002,0.003
2128,0.549,0.471,0.001,0.002,0.027,0,0,,0,,,,0,,,,,0,0,0,0,0,0,0,0,1,0,1,0,1,2,0,0,0,0,0,0,272,0.001,0,0.003
2129,0.615,0.504,0,0.002,0.06,0,0,,0,,,,0,,,,,0,0,0,0,0,0,0,0,1,0,1,0,1,2,0,0,0,0,0,0,272,0,0,0.003
2130,0.551,0.469,0,0.002,0.027,0,0,,1,921.875,230133760,286511104,1,62503872,62503872,135081984,38823561584,0,0,0,0,0,0,0,0,1,0,1,0,1,2,0,0,0,0,0,0,272,0,0,0.003
2131,0.625,0.486,0.001,0.002,0.044,0,0,,0,,,,0,,,,,0,0,0,0,0,0,0,0,1,0,1,0,1,2,0,0,0,0,0,0,272,0.002,0.001,0.005
2132,1.821,1.63,0,0.003,0.074,0,0,,0,,,,0,,,,,0,0,0,0,0,0,0,0,1,0,1,0,1,2,0,0,0,0,0,0,272,0.001,0.001,0.005
2133,0.535,0.382,0,0.003,0.06,0,0,,0,,,,0,,,,,0,0,0,0,0,0,0,0,1,0,1,0,1,2,0,0,0,0,0,0,272,0.001,0.001,0.004
2134,0.509,0.402,0,0.001,0.051,0,0,,0,,,,0,,,,,0,0,0,0,0,0,0,0,1,0,1,0,1,2,0,0,0,0,0,0,272,0.001,0,0.003
2135,0.536,0.468,0,0.001,0.029,0,0,,0,,,,0,,,,,0,0,0,0,0,0,0,0,1,0,1,0,1,2,0,0,0,0,0,0,272,0,0.001,0.001
2136,0.588,0.513,0,0.001,0.034,0,0,,0,,,,0,,,,,0,0,0,0,0,0,0,0,1,0,1,0,1,2,0,0,0,0,0,0,272,0.001,0,0.002
2137,0.563,0.494,0,0.001,0.03,0,0,,0,,,,0,,,,,0,0,0,0,0,0,0,0,1,0,1,0,1,2,0,0,0,0,0,0,272,0,0.001,0.001
2138,0.73,0.671,0,0.001,0.031,0,0,,0,,,,0,,,,,0,0,0,0,0,0,0,0,1,0,1,0,1,2,0,0,0,0,0,0,272,0,0.001,0.001
2139,0.951,0.848,0,0.002,0.045,0,0,,0,,,,0,,,,,0,0,0,0,0,0,0,0,1,0,1,0,1,2,0,0,0,0,0,0,272,0.001,0.001,0.003
2140,0.875,0.786,0,0.002,0.04,0,0,,0,,,,0,,,,,0,0,0,0,0,0,0,0,1,0,1,0,1,2,0,0,0,0,0,0,272,0.001,0,0.003
2141,0.882,0.802,0,0.001,0.034,0,0,,0,,,,0,,,,,0,0,0,0,0,0,0,0,1,0,1,0,1,2,0,0,0,0,0,0,272,0.001,0.001,0.003
2142,0.886,0.811,0,0.002,0.034,0,0,,0,,,,0,,,,,0,0,0,0,0,0,0,0,1,0,1,0,1,2,0,0,0,0,0,0,272,0,0,0.002
2143,1.089,0.857,0,0.004,0.095,0,0,,0,,,,0,,,,,0,0,0,0,0,0,0,0,1,0,1,0,1,2,0,0,0,0,0,0,272,0.002,0.002,0.007
2144,0.904,0.621,0,0.004,0.142,0,0,,0,,,,0,,,,,0,0,0,0,0,0,0,0,1,0,1,0,1,2,0,0,0,0,0,0,272,0.002,0.001,0.007
2145,0.849,0.658,0,0.004,0.076,0,0,,0,,,,0,,,,,0,0,0,0,0,0,0,0,1,0,1,0,1,2,0,0,0,0,0,0,272,0.001,0.002,0.006
2146,1.602,1.457,0,0.003,0.048,0,0,,0,,,,0,,,,,0,0,0,0,0,0,0,0,1,0,1,0,1,2,0,0,0,0,0,0,272,0.001,0.001,0.004
2147,0.865,0.762,0,0.002,0.03,0,0,,0,,,,0,,,,,0,0,0,0,0,0,0,0,1,0,1,0,1,2,0,0,0,0,0,0,272,0.001,0.001,0.003
2148,0.961,0.806,0,0.003,0.043,0,0,,0,,,,0,,,,,0,0,0,0,0,0,0,0,1,0,1,0,1,2,0,0,0,0,0,0,272,0.002,0.001,0.007
2149,0.883,0.751,0,0.002,0.045,0,0,,0,,,,0,,,,,0,0,0,0,0,0,0,0,1,0,1,0,1,2,0,0,0,0,0,0,272,0.001,0.001,0.004
2150,2.458,2.297,0.001,0.003,0.063,0,0,,0,,,,0,,,,,0,0,0,0,0,0,0,0,1,0,1,0,1,2,0,0,0,0,0,0,272,0.002,0.001,0.005
2151,0.886,0.783,0,0.001,0.038,0,0,,0,,,,0,,,,,0,0,0,0,0,0,0,0,1,0,1,0,1,2,0,0,0,0,0,0,272,0.001,0.001,0.003
2152,0.861,0.792,0,0.001,0.037,0,0,,0,,,,0,,,,,0,0,0,0,0,0,0,0,1,0,1,0,1,2,0,0,0,0,0,0,272,0,0,0.002
2153,0.93,0.837,0,0.001,0.035,0,0,,0,,,,0,,,,,0,0,0,0,0,0,0,0,1,0,1,0,1,2,0,0,0,0,0,0,272,0.001,0,0.002
2154,0.911,0.793,0,0.003,0.043,0,0,,0,,,,0,,,,,0,0,0,0,0,0,0,0,1,0,1,0,1,2,0,0,0,0,0,0,272,0.001,0,0.005
2155,0.906,0.788,0.001,0.003,0.032,0,0,,0,,,,0,,,,,0,0,0,0,0,0,0,0,1,0,1,0,1,2,0,0,0,0,0,0,272,0.002,0.001,0.004
2156,0.88,0.785,0.001,0.001,0.03,0,0,,0,,,,0,,,,,0,0,0,0,0,0,0,0,1,0,1,0,1,2,0,0,0,0,0,0,272,0.001,0.001,0.003
2157,0.94,0.806,0,0.002,0.046,0,0,,0,,,,0,,,,,0,0,0,0,0,0,0,0,1,0,1,0,1,2,0,0,0,0,0,0,272,0.001,0.001,0.004
2158,0.888,0.774,0.001,0.002,0.031,0,0,,0,,,,0,,,,,0,0,0,0,0,0,0,0,1,0,1,0,1,2,0,0,0,0,0,0,272,0.001,0.001,0.004
2159,0.842,0.767,0,0.002,0.019,0,0,,0,,,,0,,,,,0,0,0,0,0,0,0,0,1,0,1,0,1,2,0,0,0,0,0,0,272,0.001,0.001,0.002
2160,0.895,0.805,0,0.002,0.024,0,0,,1,937.5,230133760,286511104,1,62503872,62503872,135081984,38823561584,0,0,0,0,0,0,0,0,1,0,1,0,1,2,0,0,0,0,0,0,272,0.001,0.001,0.003
2161,1.038,0.928,0,0.003,0.029,0,0,,0,,,,0,,,,,0,0,0,0,0,0,0,0,1,0,1,0,1,2,0,0,0,0,0,0,272,0.001,0.001,0.004
2162,0.806,0.753,0,0.001,0.018,0,0,,0,,,,0,,,,,0,0,0,0,0,0,0,0,1,0,1,0,1,2,0,0,0,0,0,0,272,0,0,0.002
2163,1.248,1.129,0.001,0.002,0.027,0,0,,0,,,,0,,,,,0,0,0,0,0,0,0,0,1,0,1,0,1,2,0,0,0,0,0,0,272,0.001,0.001,0.004
2164,0.972,0.802,0,0.004,0.047,0,0,,0,,,,0,,,,,0,0,0,0,0,0,0,0,1,0,1,0,1,2,0,0,0,0,0,0,272,0.001,0.001,0.006
2165,0.894,0.741,0.001,0.003,0.044,0,0,,0,,,,0,,,,,0,0,0,0,0,0,0,0,1,0,1,0,1,2,0,0,0,0,0,0,272,0.002,0.001,0.005
2166,0.769,0.686,0,0.002,0.03,0,0,,0,,,,0,,,,,0,0,0,0,0,0,0,0,1,0,1,0,1,2,0,0,0,0,0,0,272,0,0,0.003
2167,5.932,5.768,0,0.003,0.052,0,0,,0,,,,0,,,,,0,0,0,0,0,0,0,0,1,0,1,0,1,2,0,0,0,0,0,0,272,0.002,0.002,0.006
2168,0.69,0.599,0,0.001,0.043,0,0,,0,,,,0,,,,,0,0,0,0,0,0,0,0,1,0,1,0,1,2,0,0,0,0,0,0,272,0.001,0,0.002
2169,0.809,0.673,0,0.002,0.056,0,0,,0,,,,0,,,,,0,0,0,0,0,0,0,0,1,0,1,0,1,2,0,0,0,0,0,0,272,0.001,0.001,0.004
2170,0.704,0.613,0,0.001,0.04,0,0,,0,,,,0,,,,,0,0,0,0,0,0,0,0,1,0,1,0,1,2,0,0,0,0,0,0,272,0.001,0,0.003
2171,0.734,0.66,0,0.001,0.038,0,0,,0,,,,0,,,,,0,0,0,0,0,0,0,0,1,0,1,0,1,2,0,0,0,0,0,0,272,0.001,0,0.002
2172,0.768,0.7,0,0.001,0.036,0,0,,0,,,,0,,,,,0,0,0,0,0,0,0,0,1,0,1,0,1,2,0,0,0,0,0,0,272,0,0,0.002
2173,0.796,0.71,0,0.001,0.057,0,0,,0,,,,0,,,,,0,0,0,0,0,0,0,0,1,0,1,0,1,2,0,0,0,0,0,0,272,0,0.001,0.001
2174,0.865,0.666,0.001,0.002,0.067,0,0,,0,,,,0,,,,,0,0,0,0,0,0,0,0,1,0,1,0,1,2,0,0,0,0,0,0,272,0.001,0.001,0.004
2175,0.694,0.575,0,0.003,0.039,0,0,,0,,,,0,,,,,0,0,0,0,0,0,0,0,1,0,1,0,1,2,0,0,0,0,0,0,272,0.001,0,0.004
2176,0.649,0.579,0.001,0.001,0.025,0,0,,0,,,,0,,,,,0,0,0,0,0,0,0,0,1,0,1,0,1,2,0,0,0,0,0,0,272,0,0.001,0.003
2177,1.147,0.919,0,0.005,0.066,0,0,,0,,,,0,,,,,0,0,0,0,0,0,0,0,1,0,1,0,1,2,0,0,0,0,0,0,272,0.003,0.002,0.007
2178,0.678,0.51,0,0.003,0.056,0,0,,0,,,,0,,,,,0,0,0,0,0,0,0,0,1,0,1,0,1,2,0,0,0,0,0,0,272,0.002,0.001,0.005
2179,0.678,0.549,0,0.002,0.051,0,0,,0,,,,0,,,,,0,0,0,0,0,0,0,0,1,0,1,0,1,2,0,0,0,0,0,0,272,0.001,0.001,0.004
2180,0.823,0.748,0,0.001,0.028,0,0,,0,,,,0,,,,,0,0,0,0,0,0,0,0,1,0,1,0,1,2,0,0,0,0,0,0,272,0.001,0,0.002
2181,1.535,1.444,0,0.002,0.031,0,0,,0,,,,0,,,,,0,0,0,0,0,0,0,0,1,0,1,0,1,2,0,0,0,0,0,0,272,0.001,0.001,0.003
2182,1.08,0.948,0.001,0.002,0.035,0,0,,0,,,,0,,,,,0,0,0,0,0,0,0,0,1,0,1,0,1,2,0,0,0,0,0,0,272,0.002,0.001,0.005
2183,1.266,1.158,0.001,0.002,0.039,0,0,,0,,,,0,,,,,0,0,0,0,0,0,0,0,1,0,1,0,1,2,0,0,0,0,0,0,272,0.001,0.001,0.003
2184,0.703,0.624,0,0.001,0.039,0,0,,0,,,,0,,,,,0,0,0,0,0,0,0,0,1,0,1,0,1,2,0,0,0,0,0,0,272,0.001,0,0.003
2185,0.811,0.678,0,0.003,0.049,0,0,,0,,,,0,,,,,0,0,0,0,0,0,0,0,1,0,1,0,1,2,0,0,0,0,0,0,272,0.002,0.001,0.004
2186,0.697,0.618,0,0.001,0.034,0,0,,0,,,,0,,,,,0,0,0,0,0,0,0,0,1,0,1,0,1,2,0,0,0,0,0,0,272,0,0.001,0.002
2187,0.835,0.755,0,0.001,0.026,0,0,,0,,,,0,,,,,0,0,0,0,0,0,0,0,1,0,1,0,1,2,0,0,0,0,0,0,272,0.001,0.001,0.003
2188,0.687,0.567,0,0.002,0.041,0,0,,0,,,,0,,,,,0,0,0,0,0,0,0,0,1,0,1,0,1,2,0,0,0,0,0,0,272,0.001,0.001,0.004
2189,0.662,0.607,0,0.001,0.019,0,0,,0,,,,0,,,,,0,0,0,0,0,0,0,0,1,0,1,0,1,2,0,0,0,0,0,0,272,0.001,0,0.002
2190,0.827,0.701,0.001,0.003,0.034,0,0,,1,953.125,230133760,286511104,1,62503872,62503872,135081984,38823561584,0,0,0,0,0,0,0,0,1,0,1,0,1,2,0,0,0,0,0,0,272,0.001,0.002,0.004
2191,1.488,1.394,0,0.002,0.037,0,0,,0,,,,0,,,,,0,0,0,0,0,0,0,0,1,0,1,0,1,2,0,0,0,0,0,0,272,0,0,0.003
2192,4.292,3.961,0,0.005,0.05,0,0,,0,,,,0,,,,,0,0,0,0,0,0,0,0,1,0,1,0,1,2,0,0,0,0,0,0,272,0.002,0.002,0.008
2193,2.333,2.2,0,0.003,0.028,0,0,,0,,,,0,,,,,0,0,0,0,0,0,0,0,1,0,1,0,1,2,0,0,0,0,0,0,272,0.002,0.002,0.006
2194,5.424,5.268,0,0.004,0.043,0,0,,0,,,,0,,,,,0,0,0,0,0,0,0,0,1,0,1,0,1,2,0,0,0,0,0,0,272,0.002,0.002,0.007
2195,3.211,2.984,0,0.005,0.061,0,0,,0,,,,0,,,,,0,0,0,0,0,0,0,0,1,0,1,0,1,2,0,0,0,0,0,0,272,0.002,0.003,0.009
2196,2.602,2.426,0,0.004,0.041,0,0,,0,,,,0,,,,,0,0,0,0,0,0,0,0,1,0,1,0,1,2,0,0,0,0,0,0,272,0.002,0.003,0.007
2197,3.813,3.64,0,0.004,0.036,0,0,,0,,,,0,,,,,0,0,0,0,0,0,0,0,1,0,1,0,1,2,0,0,0,0,0,0,272,0.001,0.002,0.009
2198,8.326,8.048,0,0.007,0.077,0,0,,0,,,,0,,,,,0,0,0,0,0,0,0,0,1,0,1,0,1,2,0,0,0,0,0,0,272,0.003,0.003,0.01
2199,6.276,6.096,0,0.005,0.038,0,0,,0,,,,0,,,,,0,0,0,0,0,0,0,0,1,0,1,0,1,2,0,0,0,0,0,0,272,0.002,0.002,0.009
2200,4.215,4.008,0,0.005,0.05,0,0,,0,,,,0,,,,,0,0,0,0,0,0,0,0,1,0,1,0,1,2,0,0,0,0,0,0,272,0.003,0.003,0.01
2201,4.183,3.972,0.001,0.004,0.079,0,0,,0,,,,0,,,,,0,0,0,0,0,0,0,0,1,0,1,0,1,2,0,0,0,0,0,0,272,0.002,0.002,0.007
2202,0.763,0.671,0,0.002,0.037,0,0,,0,,,,0,,,,,0,0,0,0,0,0,0,0,1,0,1,0,1,2,0,0,0,0,0,0,272,0.001,0.001,0.003
2203,0.953,0.836,0,0.002,0.042,0,0,,0,,,,0,,,,,0,0,0,0,0,0,0,0,1,0,1,0,1,2,0,0,0,0,0,0,272,0.001,0.001,0.004
2204,1.719,1.414,0.001,0.004,0.104,0,0,,0,,,,0,,,,,0,0,0,0,0,0,0,0,1,0,1,0,1,2,0,0,0,0,0,0,272,0.003,0.003,0.009
2205,0.761,0.624,0,0.003,0.039,0,0,,0,,,,0,,,,,0,0,0,0,0,0,0,0,1,0,1,0,1,2,0,0,0,0,0,0,272,0.002,0.001,0.006
2206,0.882,0.761,0.001,0.002,0.045,0,0,,0,,,,0,,,,,0,0,0,0,0,0,0,0,1,0,1,0,1,2,0,0,0,0,0,0,272,0.001,0.001,0.004
2207,0.971,0.811,0,0.003,0.079,0,0,,0,,,,0,,,,,0,0,0,0,0,0,0,0,1,0,1,0,1,2,0,0,0,0,0,0,272,0.001,0.001,0.004
2208,0.822,0.731,0.001,0.002,0.02,0,0,,0,,,,0,,,,,0,0,0,0,0,0,0,0,1,0,1,0,1,2,0,0,0,0,0,0,272,0.001,0.001,0.004
2209,0.875,0.779,0,0.002,0.024,0,0,,0,,,,0,,,,,0,0,0,0,0,0,0,0,1,0,1,0,1,2,0,0,0,0,0,0,272,0.001,0.001,0.003
2210,1.388,1.137,0,0.004,0.082,0,0,,0,,,,0,,,,,0,0,0,0,0,0,0,0,1,0,1,0,1,2,0,0,0,0,0,0,272,0.001,0.001,0.006
2211,0.738,0.619,0.001,0.003,0.028,0,0,,0,,,,0,,,,,0,0,0,0,0,0,0,0,1,0,1,0,1,2,0,0,0,0,0,0,272,0.001,0.002,0.005
2212,0.882,0.726,0,0.003,0.041,0,0,,0,,,,0,,,,,0,0,0,0,0,0,0,0,1,0,1,0,1,2,0,0,0,0,0,0,272,0.002,0.001,0.005
2213,1.733,1.551,0,0.002,0.076,0,0,,0,,,,0,,,,,0,0,0,0,0,0,0,0,1,0,1,0,1,2,0,0,0,0,0,0,272,0.002,0.001,0.005
2214,0.88,0.761,0,0.002,0.05,0,0,,0,,,,0,,,,,0,0,0,0,0,0,0,0,1,0,1,0,1,2,0,0,0,0,0,0,272,0.001,0,0.004
2215,2.453,2.313,0.001,0.003,0.039,0,0,,0,,,,0,,,,,0,0,0,0,0,0,0,0,1,0,1,0,1,2,0,0,0,0,0,0,272,0.001,0.002,0.005
2216,1.237,1.048,0.001,0.003,0.067,0,0,,0,,,,0,,,,,0,0,0,0,0,0,0,0,1,0,1,0,1,2,0,0,0,0,0,0,272,0.002,0.002,0.006
2217,0.851,0.727,0,0.002,0.052,0,0,,0,,,,0,,,,,0,0,0,0,0,0,0,0,1,0,1,0,1,2,0,0,0,0,0,0,272,0.001,0,0.003
2218,1.96,1.809,0,0.004,0.038,0,0,,0,,,,0,,,,,0,0,0,0,0,0,0,0,1,0,1,0,1,2,0,0,0,0,0,0,272,0.001,0.002,0.006
2219,2.061,1.844,0.001,0.003,0.041,0,0,,0,,,,0,,,,,0,0,0,0,0,0,0,0,1,0,1,0,1,2,0,0,0,0,0,0,272,0.002,0.001,0.006
2220,0.807,0.682,0.001,0.003,0.033,0,0,,1,968.75,230133760,286511104,1,62503872,62503872,135081984,38823561584,0,0,0,0,0,0,0,0,1,0,1,0,1,2,0,0,0,0,0,0,272,0.001,0.002,0.005
2221,0.811,0.683,0,0.003,0.037,0,0,,0,,,,0,,,,,0,0,0,0,0,0,0,0,1,0,1,0,1,2,0,0,0,0,0,0,272,0.001,0.001,0.004
2222,0.88,0.743,0,0.002,0.037,0,0,,0,,,,0,,,,,0,0,0,0,0,0,0,0,1,0,1,0,1,2,0,0,0,0,0,0,272,0.001,0.001,0.004
2223,1.472,1.331,0.001,0.003,0.04,0,0,,0,,,,0,,,,,0,0,0,0,0,0,0,0,1,0,1,0,1,2,0,0,0,0,0,0,272,0.002,0.002,0.005
2224,0.922,0.774,0,0.003,0.049,0,0,,0,,,,0,,,,,0,0,0,0,0,0,0,0,1,0,1,0,1,2,0,0,0,0,0,0,272,0.001,0.001,0.005
2225,0.862,0.748,0,0.001,0.049,0,0,,0,,,,0,,,,,0,0,0,0,0,0,0,0,1,0,1,0,1,2,0,0,0,0,0,0,272,0.001,0.001,0.002
2226,1.94,1.753,0,0.003,0.042,0,0,,0,,,,0,,,,,0,0,0,0,0,0,0,0,1,0,1,0,1,2,0,0,0,0,0,0,272,0.002,0.003,0.007
2227,15.678,15.451,0.001,0.006,0.051,0,0,,0,,,,0,,,,,0,0,0,0,0,0,0,0,1,0,1,0,1,2,0,0,0,0,0,0,272,0.002,0.003,0.011
2228,5.498,5.268,0,0.005,0.068,0,0,,0,,,,0,,,,,0,0,0,0,0,0,0,0,1,0,1,0,1,2,0,0,0,0,0,0,272,0.002,0.002,0.009
2229,0.778,0.671,0,0.002,0.034,0,0,,0,,,,0,,,,,0,0,0,0,0,0,0,0,1,0,1,0,1,2,0,0,0,0,0,0,272,0,0.001,0.006
2230,1.228,1.154,0.001,0.001,0.035,0,0,,0,,,,0,,,,,0,0,0,0,0,0,0,0,1,0,1,0,1,2,0,0,0,0,0,0,272,0,0,0.003
2231,0.764,0.656,0,0.001,0.037,0,0,,0,,,,0,,,,,0,0,0,0,0,0,0,0,1,0,1,0,1,2,0,0,0,0,0,0,272,0.002,0.001,0.004
2232,1.517,1.336,0,0.004,0.052,0,0,,0,,,,0,,,,,0,0,0,0,0,0,0,0,1,0,1,0,1,2,0,0,0,0,0,0,272,0.001,0.002,0.006
2233,1.135,0.961,0,0.005,0.041,0,0,,0,,,,0,,,,,0,0,0,0,0,0,0,0,1,0,1,0,1,2,0,0,0,0,0,0,272,0.001,0.002,0.007
2234,1.798,1.654,0,0.003,0.042,0,0,,0,,,,0,,,,,0,0,0,0,0,0,0,0,1,0,1,0,1,2,0,0,0,0,0,0,272,0.002,0.001,0.005
2235,1.124,0.975,0,0.002,0.043,0,0,,0,,,,0,,,,,0,0,0,0,0,0,0,0,1,0,1,0,1,2,0,0,0,0,0,0,272,0.002,0.001,0.005
2236,0.969,0.807,0,0.002,0.083,0,0,,0,,,,0,,,,,0,0,0,0,0,0,0,0,1,0,1,0,1,2,0,0,0,0,0,0,272,0.001,0.001,0.005
2237,0.966,0.852,0,0.002,0.029,0,0,,0,,,,0,,,,,0,0,0,0,0,0,0,0,1,0,1,0,1,2,0,0,0,0,0,0,272,0.001,0.001,0.004
2238,4.309,4.149,0,0.003,0.043,0,0,,0,,,,0,,,,,0,0,0,0,0,0,0,0,1,0,1,0,1,2,0,0,0,0,0,0,272,0.002,0.002,0.005
2239,0.947,0.776,0,0.003,0.048,0,0,,0,,,,0,,,,,0,0,0,0,0,0,0,0,1,0,1,0,1,2,0,0,0,0,0,0,272,0.002,0.002,0.005
2240,0.854,0.738,0,0.002,0.047,0,0,,0,,,,0,,,,,0,0,0,0,0,0,0,0,1,0,1,0,1,2,0,0,0,0,0,0,272,0.001,0.001,0.003
2241,0.887,0.813,0,0.001,0.027,0,0,,0,,,,0,,,,,0,0,0,0,0,0,0,0,1,0,1,0,1,2,0,0,0,0,0,0,272,0.001,0,0.003
2242,1.252,1.181,0,0.002,0.024,0,0,,0,,,,0,,,,,0,0,0,0,0,0,0,0,1,0,1,0,1,2,0,0,0,0,0,0,272,0,0,0.003
2243,0.975,0.881,0.001,0.001,0.032,0,0,,0,,,,0,,,,,0,0,0,0,0,0,0,0,1,0,1,0,1,2,0,0,0,0,0,0,272,0.001,0,0.003
2244,1.004,0.881,0,0.001,0.039,0,0,,0,,,,0,,,,,0,0,0,0,0,0,0,0,1,0,1,0,1,2,0,0,0,0,0,0,272,0.001,0.001,0.003
2245,0.953,0.793,0.001,0.003,0.039,0,0,,0,,,,0,,,,,0,0,0,0,0,0,0,0,1,0,1,0,1,2,0,0,0,0,0,0,272,0.002,0.001,0.005
2246,0.857,0.765,0.001,0.002,0.029,0,0,,0,,,,0,,,,,0,0,0,0,0,0,0,0,1,0,1,0,1,2,0,0,0,0,0,0,272,0.001,0.001,0.003
2247,0.853,0.779,0,0.002,0.028,0,0,,0,,,,0,,,,,0,0,0,0,0,0,0,0,1,0,1,0,1,2,0,0,0,0,0,0,272,0.001,0,0.002
2248,1.36,1.218,0,0.003,0.044,0,0,,0,,,,0,,,,,0,0,0,0,0,0,0,0,1,0,1,0,1,2,0,0,0,0,0,0,272,0.001,0.001,0.004
2249,0.972,0.815,0.001,0.003,0.056,0,0,,0,,,,0,,,,,0,0,0,0,0,0,0,0,1,0,1,0,1,2,0,0,0,0,0,0,272,0.001,0.001,0.005
2250,0.923,0.767,0,0.004,0.036,0,0,,1,1000,230133760,286511104,1,62503872,62503872,135081984,38823561584,0,0,0,0,0,0,0,0,1,0,1,0,1,2,0,0,0,0,0,0,272,0.002,0.001,0.005
2251,1.971,1.862,0,0.003,0.032,0,0,,0,,,,0,,,,,0,0,0,0,0,0,0,0,1,0,1,0,1,2,0,0,0,0,0,0,272,0.002,0.001,0.004
2252,4.575,4.389,0,0.004,0.054,0,0,,0,,,,0,,,,,0,0,0,0,0,0,0,0,1,0,1,0,1,2,0,0,0,0,0,0,272,0.002,0.002,0.007
2253,4.859,4.667,0.001,0.004,0.063,0,0,,0,,,,0,,,,,0,0,0,0,0,0,0,0,1,0,1,0,1,2,0,0,0,0,0,0,272,0.001,0.002,0.007
2254,0.789,0.644,0.001,0.002,0.04,0,0,,0,,,,0,,,,,0,0,0,0,0,0,0,0,1,0,1,0,1,2,0,0,0,0,0,0,272,0.002,0.001,0.006
2255,1.409,1.276,0,0.002,0.051,0,0,,0,,,,0,,,,,0,0,0,0,0,0,0,0,1,0,1,0,1,2,0,0,0,0,0,0,272,0.001,0.001,0.004
2256,0.965,0.793,0.001,0.003,0.069,0,0,,0,,,,0,,,,,0,0,0,0,0,0,0,0,1,0,1,0,1,2,0,0,0,0,0,0,272,0.002,0.002,0.006
2257,0.807,0.689,0,0.003,0.039,0,0,,0,,,,0,,,,,0,0,0,0,0,0,0,0,1,0,1,0,1,2,0,0,0,0,0,0,272,0.002,0.001,0.005
2258,0.871,0.755,0,0.002,0.045,0,0,,0,,,,0,,,,,0,0,0,0,0,0,0,0,1,0,1,0,1,2,0,0,0,0,0,0,272,0.001,0.001,0.004
2259,0.865,0.753,0,0.002,0.036,0,0,,0,,,,0,,,,,0,0,0,0,0,0,0,0,1,0,1,0,1,2,0,0,0,0,0,0,272,0.002,0.001,0.003
2260,0.821,0.723,0,0.002,0.032,0,0,,0,,,,0,,,,,0,0,0,0,0,0,0,0,1,0,1,0,1,2,0,0,0,0,0,0,272,0.001,0,0.003
2261,3.754,3.617,0,0.002,0.039,0,0,,0,,,,0,,,,,0,0,0,0,0,0,0,0,1,0,1,0,1,2,0,0,0,0,0,0,272,0.001,0.002,0.004
2262,0.802,0.711,0,0.002,0.033,0,0,,0,,,,0,,,,,0,0,0,0,0,0,0,0,1,0,1,0,1,2,0,0,0,0,0,0,272,0.001,0,0.003
2263,0.857,0.766,0.001,0.001,0.033,0,0,,0,,,,0,,,,,0,0,0,0,0,0,0,0,1,0,1,0,1,2,0,0,0,0,0,0,272,0.002,0,0.003
2264,1.484,1.379,0,0.002,0.04,0,0,,0,,,,0,,,,,0,0,0,0,0,0,0,0,1,0,1,0,1,2,0,0,0,0,0,0,272,0.002,0,0.004
2265,0.787,0.722,0,0.001,0.026,0,0,,0,,,,0,,,,,0,0,0,0,0,0,0,0,1,0,1,0,1,2,0,0,0,0,0,0,272,0.001,0,0.002
2266,0.894,0.775,0,0.002,0.035,0,0,,0,,,,0,,,,,0,0,0,0,0,0,0,0,1,0,1,0,1,2,0,0,0,0,0,0,272,0.001,0,0.002
2267,3.1,2.974,0.001,0.003,0.035,0,0,,0,,,,0,,,,,0,0,0,0,0,0,0,0,1,0,1,0,1,2,0,0,0,0,0,0,272,0.002,0.001,0.005
2268,3.143,3.001,0.001,0.003,0.037,0,0,,0,,,,0,,,,,0,0,0,0,0,0,0,0,1,0,1,0,1,2,0,0,0,0,0,0,272,0.002,0.003,0.006
2269,6.142,6.005,0,0.004,0.046,0,0,,0,,,,0,,,,,0,0,0,0,0,0,0,0,1,0,1,0,1,2,0,0,0,0,0,0,272,0.001,0.001,0.005
2270,0.762,0.684,0,0.001,0.034,0,0,,0,,,,0,,,,,0,0,0,0,0,0,0,0,1,0,1,0,1,2,0,0,0,0,0,0,272,0,0.001,0.002
2271,0.857,0.765,0,0.001,0.039,0,0,,0,,,,0,,,,,0,0,0,0,0,0,0,0,1,0,1,0,1,2,0,0,0,0,0,0,272,0.001,0,0.003
2272,1.098,1.018,0,0.001,0.031,0,0,,0,,,,0,,,,,0,0,0,0,0,0,0,0,1,0,1,0,1,2,0,0,0,0,0,0,272,0,0.001,0.003
2273,0.881,0.825,0,0.001,0.027,0,0,,0,,,,0,,,,,0,0,0,0,0,0,0,0,1,0,1,0,1,2,0,0,0,0,0,0,272,0.001,0,0.002
2274,0.82,0.769,0,0.001,0.027,0,0,,0,,,,0,,,,,0,0,0,0,0,0,0,0,1,0,1,0,1,2,0,0,0,0,0,0,272,0,0.001,0.001
2275,0.893,0.79,0,0.002,0.041,0,0,,0,,,,0,,,,,0,0,0,0,0,0,0,0,1,0,1,0,1,2,0,0,0,0,0,0,272,0.001,0.001,0.003
2276,0.895,0.734,0,0.005,0.024,0,0,,0,,,,0,,,,,0,0,0,0,0,0,0,0,1,0,1,0,1,2,0,0,0,0,0,0,272,0.002,0.003,0.009
2277,0.753,0.646,0.001,0.002,0.026,0,0,,0,,,,0,,,,,0,0,0,0,0,0,0,0,1,0,1,0,1,2,0,0,0,0,0,0,272,0.001,0.001,0.004
2278,1.047,0.951,0,0.002,0.027,0,0,,0,,,,0,,,,,0,0,0,0,0,0,0,0,1,0,1,0,1,2,0,0,0,0,0,0,272,0.001,0.001,0.004
2279,0.946,0.866,0,0.002,0.02,0,0,,0,,,,0,,,,,0,0,0,0,0,0,0,0,1,0,1,0,1,2,0,0,0,0,0,0,272,0,0,0.003
2280,1.083,1.031,0,0.001,0.021,0,0,,1,1015.625,230133760,286511104,1,62503872,62503872,135081984,38823561584,0,0,0,0,0,0,0,0,1,0,1,0,1,2,0,0,0,0,0,0,272,0,0,0.002
2281,1.017,0.943,0.001,0.001,0.032,0,0,,0,,,,0,,,,,0,0,0,0,0,0,0,0,1,0,1,0,1,2,0,0,0,0,0,0,272,0.001,0,0.002
2282,3.233,3.038,0.001,0.004,0.052,0,0,,0,,,,0,,,,,0,0,0,0,0,0,0,0,1,0,1,0,1,2,0,0,0,0,0,0,272,0.001,0.002,0.007
2283,0.736,0.636,0,0.002,0.039,0,0,,0,,,,0,,,,,0,0,0,0,0,0,0,0,1,0,1,0,1,2,0,0,0,0,0,0,272,0.001,0.001,0.003
2284,0.911,0.767,0,0.002,0.044,0,0,,0,,,,0,,,,,0,0,0,0,0,0,0,0,1,0,1,0,1,2,0,0,0,0,0,0,272,0.002,0.001,0.005
2285,0.726,0.638,0,0.002,0.039,0,0,,0,,,,0,,,,,0,0,0,0,0,0,0,0,1,0,1,0,1,2,0,0,0,0,0,0,272,0.001,0,0.003
2286,0.794,0.724,0.001,0.001,0.034,0,0,,0,,,,0,,,,,0,0,0,0,0,0,0,0,1,0,1,0,1,2,0,0,0,0,0,0,272,0,0.001,0.002
2287,1.483,1.305,0,0.003,0.054,0,0,,0,,,,0,,,,,0,0,0,0,0,0,0,0,1,0,1,0,1,2,0,0,0,0,0,0,272,0.002,0.001,0.007
2288,0.74,0.637,0,0.001,0.046,0,0,,0,,,,0,,,,,0,0,0,0,0,0,0,0,1,0,1,0,1,2,0,0,0,0,0,0,272,0.001,0.001,0.003
2289,0.797,0.717,0,0.001,0.039,0,0,,0,,,,0,,,,,0,0,0,0,0,0,0,0,1,0,1,0,1,2,0,0,0,0,0,0,272,0,0,0.002
2290,0.836,0.743,0.001,0.001,0.027,0,0,,0,,,,0,,,,,0,0,0,0,0,0,0,0,1,0,1,0,1,2,0,0,0,0,0,0,272,0.001,0,0.004
2291,1.112,0.981,0,0.003,0.035,0,0,,0,,,,0,,,,,0,0,0,0,0,0,0,0,1,0,1,0,1,2,0,0,0,0,0,0,272,0.001,0.002,0.004
2292,0.52,0.358,0,0.003,0.045,0,0,,0,,,,0,,,,,0,0,0,0,0,0,0,0,1,0,1,0,1,2,0,0,0,0,0,0,272,0.002,0.002,0.005
2293,1.033,0.85,0,0.002,0.126,0,0,,0,,,,0,,,,,0,0,0,0,0,0,0,0,1,0,1,0,1,2,0,0,0,0,0,0,272,0,0,0.003
2294,0.76,0.65,0,0.003,0.036,0,0,,0,,,,0,,,,,0,0,0,0,0,0,0,0,1,0,1,0,1,2,0,0,0,0,0,0,272,0.001,0.001,0.004
2295,0.801,0.651,0,0.004,0.037,0,0,,0,,,,0,,,,,0,0,0,0,0,0,0,0,1,0,1,0,1,2,0,0,0,0,0,0,272,0.001,0.001,0.005
2296,1.368,1.255,0,0.002,0.03,0,0,,0,,,,0,,,,,0,0,0,0,0,0,0,0,1,0,1,0,1,2,0,0,0,0,0,0,272,0.001,0.001,0.003
2297,0.874,0.724,0,0.003,0.044,0,0,,0,,,,0,,,,,0,0,0,0,0,0,0,0,1,0,1,0,1,2,0,0,0,0,0,0,272,0.002,0.002,0.005
2298,2.542,2.41,0,0.002,0.049,0,0,,0,,,,0,,,,,0,0,0,0,0,0,0,0,1,0,1,0,1,2,0,0,0,0,0,0,272,0.001,0.001,0.004
2299,0.826,0.752,0,0.001,0.02,0,0,,0,,,,0,,,,,0,0,0,0,0,0,0,0,1,0,1,0,1,2,0,0,0,0,0,0,272,0.001,0.001,0.002
2300,0.7,0.611,0,0.002,0.025,0,0,,0,,,,0,,,,,0,0,0,0,0,0,0,0,1,0,1,0,1,2,0,0,0,0,0,0,272,0.001,0,0.003
2301,0.803,0.721,0,0.001,0.026,0,0,,0,,,,0,,,,,0,0,0,0,0,0,0,0,1,0,1,0,1,2,0,0,0,0,0,0,272,0,0,0.003
2302,0.871,0.79,0,0.002,0.021,0,0,,0,,,,0,,,,,0,0,0,0,0,0,0,0,1,0,1,0,1,2,0,0,0,0,0,0,272,0.001,0.001,0.003
2303,3.108,2.908,0,0.004,0.066,0,0,,0,,,,0,,,,,0,0,0,0,0,0,0,0,1,0,1,0,1,2,0,0,0,0,0,0,272,0.002,0.001,0.006
2304,1.885,1.697,0,0.003,0.039,0,0,,0,,,,0,,,,,0,0,0,0,0,0,0,0,1,0,1,0,1,2,0,0,0,0,0,0,272,0.003,0.001,0.005
2305,1.955,1.836,0,0.003,0.032,0,0,,0,,,,0,,,,,0,0,0,0,0,0,0,0,1,0,1,0,1,2,0,0,0,0,0,0,272,0.001,0.001,0.005
2306,2.026,1.848,0,0.004,0.051,0,0,,0,,,,0,,,,,0,0,0,0,0,0,0,0,1,0,1,0,1,2,0,0,0,0,0,0,272,0.002,0.002,0.006
2307,8.23,8.029,0,0.005,0.042,0,0,,0,,,,0,,,,,0,0,0,0,0,0,0,0,1,0,1,0,1,2,0,0,0,0,0,0,272,0.002,0.001,0.008
2308,2.629,2.383,0,0.005,0.093,0,0,,0,,,,0,,,,,0,0,0,0,0,0,0,0,1,0,1,0,1,2,0,0,0,0,0,0,272,0.002,0.002,0.007
2309,0.415,0.332,0,0.002,0.026,0,0,,0,,,,0,,,,,0,0,0,0,0,0,0,0,1,0,1,0,1,2,0,0,0,0,0,0,272,0.001,0.001,0.003
2310,0.767,0.571,0,0.004,0.062,0,0,,1,1031.25,230133760,286511104,1,62503872,62503872,135081984,38823561584,0,0,0,0,0,0,0,0,1,0,1,0,1,2,0,0,0,0,0,0,272,0.002,0.001,0.006
2311,0.497,0.412,0,0.002,0.024,0,0,,0,,,,0,,,,,0,0,0,0,0,0,0,0,1,0,1,0,1,2,0,0,0,0,0,0,272,0.001,0,0.004
2312,0.587,0.525,0,0.002,0.02,0,0,,0,,,,0,,,,,0,0,0,0,0,0,0,0,1,0,1,0,1,2,0,0,0,0,0,0,272,0,0.001,0.002
2313,0.888,0.781,0,0.003,0.033,0,0,,0,,,,0,,,,,0,0,0,0,0,0,0,0,1,0,1,0,1,2,0,0,0,0,0,0,272,0.001,0.001,0.003
2314,0.63,0.516,0,0.003,0.037,0,0,,0,,,,0,,,,,0,0,0,0,0,0,0,0,1,0,1,0,1,2,0,0,0,0,0,0,272,0.001,0,0.004
2315,0.691,0.518,0,0.003,0.053,0,0,,0,,,,0,,,,,0,0,0,0,0,0,0,0,1,0,1,0,1,2,0,0,0,0,0,0,272,0.002,0.002,0.005
2316,0.502,0.413,0.001,0.002,0.027,0,0,,0,,,,0,,,,,0,0,0,0,0,0,0,0,1,0,1,0,1,2,0,0,0,0,0,0,272,0.001,0.001,0.003
2317,1.222,1.09,0,0.003,0.044,0,0,,0,,,,0,,,,,0,0,0,0,0,0,0,0,1,0,1,0,1,2,0,0,0,0,0,0,272,0.002,0.001,0.005
2318,0.584,0.494,0,0.002,0.038,0,0,,0,,,,0,,,,,0,0,0,0,0,0,0,0,1,0,1,0,1,2,0,0,0,0,0,0,272,0.001,0.001,0.002
2319,1.362,1.271,0,0.002,0.022,0,0,,0,,,,0,,,,,0,0,0,0,0,0,0,0,1,0,1,0,1,2,0,0,0,0,0,0,272,0.001,0.002,0.003
2320,1.568,1.463,0.001,0.002,0.043,0,0,,0,,,,0,,,,,0,0,0,0,0,0,0,0,1,0,1,0,1,2,0,0,0,0,0,0,272,0.001,0,0.003
2321,0.624,0.548,0,0.001,0.037,0,0,,0,,,,0,,,,,0,0,0,0,0,0,0,0,1,0,1,0,1,2,0,0,0,0,0,0,272,0,0.001,0.002
2322,0.651,0.561,0,0.001,0.05,0,0,,0,,,,0,,,,,0,0,0,0,0,0,0,0,1,0,1,0,1,2,0,0,0,0,0,0,272,0.001,0,0.003
2323,0.606,0.539,0,0.001,0.036,0,0,,0,,,,0,,,,,0,0,0,0,0,0,0,0,1,0,1,0,1,2,0,0,0,0,0,0,272,0,0.001,0.001
2324,0.62,0.556,0,0.001,0.032,0,0,,0,,,,0,,,,,0,0,0,0,0,0,0,0,1,0,1,0,1,2,0,0,0,0,0,0,272,0,0,0.002
2325,0.629,0.564,0,0.001,0.032,0,0,,0,,,,0,,,,,0,0,0,0,0,0,0,0,1,0,1,0,1,2,0,0,0,0,0,0,272,0,0.001,0.002
2326,0.629,0.561,0.001,0,0.034,0,0,,0,,,,0,,,,,0,0,0,0,0,0,0,0,1,0,1,0,1,2,0,0,0,0,0,0,272,0.001,0,0.002
2327,1.111,1.027,0,0.002,0.037,0,0,,0,,,,0,,,,,0,0,0,0,0,0,0,0,1,0,1,0,1,2,0,0,0,0,0,0,272,0.001,0.001,0.003
2328,0.625,0.545,0,0.001,0.037,0,0,,0,,,,0,,,,,0,0,0,0,0,0,0,0,1,0,1,0,1,2,0,0,0,0,0,0,272,0,0,0.003
2329,0.703,0.597,0,0.002,0.032,0,0,,0,,,,0,,,,,0,0,0,0,0,0,0,0,1,0,1,0,1,2,0,0,0,0,0,0,272,0,0.001,0.005
2330,1.784,1.551,0,0.005,0.076,0,0,,0,,,,0,,,,,0,0,0,0,0,0,0,0,1,0,1,0,1,2,0,0,0,0,0,0,272,0.002,0.002,0.008
2331,0.817,0.563,0,0.002,0.12,0,0,,0,,,,0,,,,,0,0,0,0,0,0,0,0,1,0,1,0,1,2,0,0,0,0,0,0,272,0.001,0.001,0.006
2332,0.971,0.756,0,0.005,0.059,0,0,,0,,,,0,,,,,0,0,0,0,0,0,0,0,1,0,1,0,1,2,0,0,0,0,0,0,272,0.003,0.003,0.008
2333,1.051,0.951,0,0.002,0.028,0,0,,0,,,,0,,,,,0,0,0,0,0,0,0,0,1,0,1,0,1,2,0,0,0,0,0,0,272,0.001,0.002,0.004
2334,0.898,0.76,0.001,0.003,0.032,0,0,,0,,,,0,,,,,0,0,0,0,0,0,0,0,1,0,1,0,1,2,0,0,0,0,0,0,272,0.002,0.001,0.006
2335,1.599,1.507,0,0.002,0.035,0,0,,0,,,,0,,,,,0,0,0,0,0,0,0,0,1,0,1,0,1,2,0,0,0,0,0,0,272,0.001,0.001,0.003
2336,1.01,0.851,0.001,0.003,0.046,0,0,,0,,,,0,,,,,0,0,0,0,0,0,0,0,1,0,1,0,1,2,0,0,0,0,0,0,272,0.001,0.002,0.005
2337,0.861,0.774,0,0.002,0.031,0,0,,0,,,,0,,,,,0,0,0,0,0,0,0,0,1,0,1,0,1,2,0,0,0,0,0,0,272,0.001,0.001,0.003
2338,3.187,3.071,0,0.002,0.031,0,0,,0,,,,0,,,,,0,0,0,0,0,0,0,0,1,0,1,0,1,2,0,0,0,0,0,0,272,0.001,0.001,0.005
2339,0.87,0.814,0,0.001,0.023,0,0,,0,,,,0,,,,,0,0,0,0,0,0,0,0,1,0,1,0,1,2,0,0,0,0,0,0,272,0.001,0,0.002
2340,1.036,0.886,0,0.003,0.045,0,0,,1,1031.25,230199296,286511104,1,62503872,62503872,135081984,38823561584,0,0,0,0,0,0,0,0,1,0,1,0,1,2,0,0,0,0,0,0,272,0.002,0.003,0.006
2341,1.496,1.364,0,0.003,0.04,0,0,,0,,,,0,,,,,0,0,0,0,0,0,0,0,1,0,1,0,1,2,0,0,0,0,0,0,272,0.001,0.001,0.005
2342,0.941,0.847,0,0.002,0.027,0,0,,0,,,,0,,,,,0,0,0,0,0,0,0,0,1,0,1,0,1,2,0,0,0,0,0,0,272,0.001,0.001,0.004
2343,0.885,0.835,0,0.001,0.018,0,0,,0,,,,0,,,,,0,0,0,0,0,0,0,0,1,0,1,0,1,2,0,0,0,0,0,0,272,0,0.001,0.001
2344,0.913,0.833,0,0.002,0.026,0,0,,0,,,,0,,,,,0,0,0,0,0,0,0,0,1,0,1,0,1,2,0,0,0,0,0,0,272,0.001,0.001,0.003
2345,1.171,1.029,0,0.003,0.034,0,0,,0,,,,0,,,,,0,0,0,0,0,0,0,0,1,0,1,0,1,2,0,0,0,0,0,0,272,0.002,0.002,0.006
2346,0.82,0.718,0,0.003,0.022,0,0,,0,,,,0,,,,,0,0,0,0,0,0,0,0,1,0,1,0,1,2,0,0,0,0,0,0,272,0.001,0.001,0.006
2347,1.27,1.113,0.001,0.003,0.047,0,0,,0,,,,0,,,,,0,0,0,0,0,0,0,0,1,0,1,0,1,2,0,0,0,0,0,0,272,0.001,0.002,0.005
2348,0.832,0.735,0,0.001,0.03,0,0,,0,,,,0,,,,,0,0,0,0,0,0,0,0,1,0,1,0,1,2,0,0,0,0,0,0,272,0.001,0.001,0.003
2349,1.53,1.438,0.001,0.001,0.038,0,0,,0,,,,0,,,,,0,0,0,0,0,0,0,0,1,0,1,0,1,2,0,0,0,0,0,0,272,0.001,0.001,0.003
2350,2.293,2.23,0,0.001,0.023,0,0,,0,,,,0,,,,,0,0,0,0,0,0,0,0,1,0,1,0,1,2,0,0,0,0,0,0,272,0,0.001,0.003
2351,0.816,0.71,0,0.005,0.027,0,0,,0,,,,0,,,,,0,0,0,0,0,0,0,0,1,0,1,0,1,2,0,0,0,0,0,0,272,0.001,0.001,0.004
2352,0.728,0.672,0,0.001,0.022,0,0,,0,,,,0,,,,,0,0,0,0,0,0,0,0,1,0,1,0,1,2,0,0,0,0,0,0,272,0.001,0.001,0.002
2353,0.815,0.736,0,0.001,0.037,0,0,,0,,,,0,,,,,0,0,0,0,0,0,0,0,1,0,1,0,1,2,0,0,0,0,0,0,272,0,0,0.003
2354,0.85,0.722,0,0.003,0.042,0,0,,0,,,,0,,,,,0,0,0,0,0,0,0,0,1,0,1,0,1,2,0,0,0,0,0,0,272,0.002,0.001,0.004
2355,0.674,0.586,0,0.001,0.043,0,0,,0,,,,0,,,,,0,0,0,0,0,0,0,0,1,0,1,0,1,2,0,0,0,0,0,0,272,0,0,0.002
2356,1.411,1.304,0,0.002,0.035,0,0,,0,,,,0,,,,,0,0,0,0,0,0,0,0,1,0,1,0,1,2,0,0,0,0,0,0,272,0.001,0,0.005
2357,0.88,0.721,0,0.003,0.041,0,0,,0,,,,0,,,,,0,0,0,0,0,0,0,0,1,0,1,0,1,2,0,0,0,0,0,0,272,0.002,0.002,0.007
2358,0.687,0.585,0.001,0.002,0.031,0,0,,0,,,,0,,,,,0,0,0,0,0,0,0,0,1,0,1,0,1,2,0,0,0,0,0,0,272,0.001,0.001,0.004
2359,0.755,0.683,0,0.001,0.024,0,0,,0,,,,0,,,,,0,0,0,0,0,0,0,0,1,0,1,0,1,2,0,0,0,0,0,0,272,0.001,0.001,0.003
2360,0.811,0.707,0,0.002,0.031,0,0,,0,,,,0,,,,,0,0,0,0,0,0,0,0,1,0,1,0,1,2,0,0,0,0,0,0,272,0.001,0.001,0.004
2361,0.744,0.653,0,0.002,0.029,0,0,,0,,,,0,,,,,0,0,0,0,0,0,0,0,1,0,1,0,1,2,0,0,0,0,0,0,272,0.001,0,0.012
2362,0.899,0.8,0,0.002,0.028,0,0,,0,,,,0,,,,,0,0,0,0,0,0,0,0,1,0,1,0,1,2,0,0,0,0,0,0,272,0.001,0.001,0.004
2363,1.019,0.893,0,0.002,0.031,0,0,,0,,,,0,,,,,0,0,0,0,0,0,0,0,1,0,1,0,1,2,0,0,0,0,0,0,272,0.001,0.001,0.004
2364,0.676,0.588,0,0.002,0.023,0,0,,0,,,,0,,,,,0,0,0,0,0,0,0,0,1,0,1,0,1,2,0,0,0,0,0,0,272,0.001,0.001,0.003
2365,1.332,1.25,0,0.001,0.025,0,0,,0,,,,0,,,,,0,0,0,0,0,0,0,0,1,0,1,0,1,2,0,0,0,0,0,0,272,0,0,0.003
2366,11.291,11.065,0,0.005,0.064,0,0,,0,,,,0,,,,,0,0,0,0,0,0,0,0,1,0,1,0,1,2,0,0,0,0,0,0,272,0.003,0.003,0.009
2367,3.549,3.357,0,0.004,0.045,0,0,,0,,,,0,,,,,0,0,0,0,0,0,0,0,1,0,1,0,1,2,0,0,0,0,0,0,272,0.002,0.002,0.01
2368,0.658,0.58,0,0.002,0.026,0,0,,0,,,,0,,,,,0,0,0,0,0,0,0,0,1,0,1,0,1,2,0,0,0,0,0,0,272,0,0,0.004
2369,1.758,1.628,0,0.004,0.03,0,0,,0,,,,0,,,,,0,0,0,0,0,0,0,0,1,0,1,0,1,2,0,0,0,0,0,0,272,0.002,0.002,0.006
2370,2.388,2.249,0.001,0.002,0.048,0,0,,1,1031.25,230203392,286511104,1,62503872,62503872,135081984,38823561584,0,0,0,0,0,0,0,0,1,0,1,0,1,2,0,0,0,0,0,0,272,0.001,0.001,0.005
2371,0.739,0.657,0,0.001,0.031,0,0,,0,,,,0,,,,,0,0,0,0,0,0,0,0,1,0,1,0,1,2,0,0,0,0,0,0,272,0,0,0.003
2372,0.868,0.751,0,0.002,0.038,0,0,,0,,,,0,,,,,0,0,0,0,0,0,0,0,1,0,1,0,1,2,0,0,0,0,0,0,272,0.001,0.001,0.005
2373,0.82,0.714,0,0.002,0.033,0,0,,0,,,,0,,,,,0,0,0,0,0,0,0,0,1,0,1,0,1,2,0,0,0,0,0,0,272,0.001,0,0.003
2374,0.83,0.722,0,0.002,0.032,0,0,,0,,,,0,,,,,0,0,0,0,0,0,0,0,1,0,1,0,1,2,0,0,0,0,0,0,272,0.001,0.001,0.004
2375,0.752,0.639,0.001,0.002,0.028,0,0,,0,,,,0,,,,,0,0,0,0,0,0,0,0,1,0,1,0,1,2,0,0,0,0,0,0,272,0.001,0.001,0.004
2376,1.583,1.479,0,0.002,0.028,0,0,,0,,,,0,,,,,0,0,0,0,0,0,0,0,1,0,1,0,1,2,0,0,0,0,0,0,272,0.001,0.001,0.004
2377,5.97,5.811,0,0.005,0.032,0,0,,0,,,,0,,,,,0,0,0,0,0,0,0,0,1,0,1,0,1,2,0,0,0,0,0,0,272,0.002,0.002,0.009
2378,3.474,3.284,0,0.004,0.026,0,0,,0,,,,0,,,,,0,0,0,0,0,0,0,0,1,0,1,0,1,2,0,0,0,0,0,0,272,0.002,0.003,0.008
2379,15.192,15.009,0,0.005,0.042,0,0,,0,,,,0,,,,,0,0,0,0,0,0,0,0,1,0,1,0,1,2,0,0,0,0,0,0,272,0.002,0.003,0.008
2380,6.297,6.113,0.001,0.005,0.048,0,0,,0,,,,0,,,,,0,0,0,0,0,0,0,0,1,0,1,0,1,2,0,0,0,0,0,0,272,0.002,0.002,0.008
2381,0.924,0.802,0,0.002,0.049,0,0,,0,,,,0,,,,,0,0,0,0,0,0,0,0,1,0,1,0,1,2,0,0,0,0,0,0,272,0.001,0,0.004
2382,0.768,0.678,0,0.001,0.049,0,0,,0,,,,0,,,,,0,0,0,0,0,0,0,0,1,0,1,0,1,2,0,0,0,0,0,0,272,0.001,0,0.002
2383,1.332,1.252,0.001,0.001,0.039,0,0,,0,,,,0,,,,,0,0,0,0,0,0,0,0,1,0,1,0,1,2,0,0,0,0,0,0,272,0,0.001,0.002
2384,0.806,0.768,0,0.001,0.022,0,0,,0,,,,0,,,,,0,0,0,0,0,0,0,0,1,0,1,0,1,2,0,0,0,0,0,0,272,0,0,0.001
2385,1.098,0.846,0,0.005,0.041,0,0,,0,,,,0,,,,,0,0,0,0,0,0,0,0,1,0,1,0,1,2,0,0,0,0,0,0,272,0.003,0.003,0.025
2386,0.428,0.288,0,0.001,0.033,0,0,,0,,,,0,,,,,0,0,0,0,0,0,0,0,1,0,1,0,1,2,0,0,0,0,0,0,272,0.001,0.001,0.002
2387,0.749,0.646,0.001,0.001,0.043,0,0,,0,,,,0,,,,,0,0,0,0,0,0,0,0,1,0,1,0,1,2,0,0,0,0,0,0,272,0.001,0.001,0.003
2388,0.774,0.644,0,0.018,0.026,0,0,,0,,,,0,,,,,0,0,0,0,0,0,0,0,1,0,1,0,1,2,0,0,0,0,0,0,272,0.002,0.001,0.005
2389,1.072,0.967,0.001,0.002,0.029,0,0,,0,,,,0,,,,,0,0,0,0,0,0,0,0,1,0,1,0,1,2,0,0,0,0,0,0,272,0.002,0.001,0.003
2390,0.709,0.662,0,0.002,0.015,0,0,,0,,,,0,,,,,0,0,0,0,0,0,0,0,1,0,1,0,1,2,0,0,0,0,0,0,272,0,0,0.002
2391,1.488,1.404,0.001,0.001,0.036,0,0,,0,,,,0,,,,,0,0,0,0,0,0,0,0,1,0,1,0,1,2,0,0,0,0,0,0,272,0,0,0.003
2392,0.731,0.661,0,0.001,0.028,0,0,,0,,,,0,,,,,0,0,0,0,0,0,0,0,1,0,1,0,1,2,0,0,0,0,0,0,272,0.001,0,0.003
2393,2.409,2.254,0.001,0.003,0.033,0,0,,0,,,,0,,,,,0,0,0,0,0,0,0,0,1,0,1,0,1,2,0,0,0,0,0,0,272,0.002,0.002,0.005
2394,1.27,1.177,0,0.003,0.02,0,0,,0,,,,0,,,,,0,0,0,0,0,0,0,0,1,0,1,0,1,2,0,0,0,0,0,0,272,0.002,0.001,0.004
2395,0.985,0.746,0,0.006,0.055,0,0,,0,,,,0,,,,,0,0,0,0,0,0,0,0,1,0,1,0,1,2,0,0,0,0,0,0,272,0.001,0.002,0.007
2396,0.57,0.483,0,0.002,0.029,0,0,,0,,,,0,,,,,0,0,0,0,0,0,0,0,1,0,1,0,1,2,0,0,0,0,0,0,272,0.001,0,0.003
2397,0.854,0.73,0,0.003,0.046,0,0,,0,,,,0,,,,,0,0,0,0,0,0,0,0,1,0,1,0,1,2,0,0,0,0,0,0,272,0.001,0.001,0.004
2398,0.792,0.7,0,0.002,0.044,0,0,,0,,,,0,,,,,0,0,0,0,0,0,0,0,1,0,1,0,1,2,0,0,0,0,0,0,272,0.001,0,0.002
2399,1.536,1.411,0,0.002,0.033,0,0,,0,,,,0,,,,,0,0,0,0,0,0,0,0,1,0,1,0,1,2,0,0,0,0,0,0,272,0.001,0.001,0.006
2400,0.9,0.845,0,0.001,0.02,0,0,,1,1031.25,230203392,286511104,1,62503872,62503872,135081984,38823561584,0,0,0,0,0,0,0,0,1,0,1,0,1,2,0,0,0,0,0,0,272,0,0.001,0.002
2401,0.867,0.765,0,0.003,0.024,0,0,,0,,,,0,,,,,0,0,0,0,0,0,0,0,1,0,1,0,1,2,0,0,0,0,0,0,272,0.001,0.001,0.005
2402,0.881,0.752,0,0.002,0.04,0,0,,0,,,,0,,,,,0,0,0,0,0,0,0,0,1,0,1,0,1,2,0,0,0,0,0,0,272,0.001,0.001,0.003
2403,0.837,0.668,0,0.004,0.039,0,0,,0,,,,0,,,,,0,0,0,0,0,0,0,0,1,0,1,0,1,2,0,0,0,0,0,0,272,0.003,0.002,0.006
2404,0.708,0.609,0,0.002,0.026,0,0,,0,,,,0,,,,,0,0,0,0,0,0,0,0,1,0,1,0,1,2,0,0,0,0,0,0,272,0.001,0.001,0.004
2405,1.127,1.005,0,0.002,0.031,0,0,,0,,,,0,,,,,0,0,0,0,0,0,0,0,1,0,1,0,1,2,0,0,0,0,0,0,272,0.001,0.001,0.005
2406,0.778,0.708,0,0.002,0.021,0,0,,0,,,,0,,,,,0,0,0,0,0,0,0,0,1,0,1,0,1,2,0,0,0,0,0,0,272,0.001,0.001,0.003
2407,1.401,1.276,0,0.003,0.034,0,0,,0,,,,0,,,,,0,0,0,0,0,0,0,0,1,0,1,0,1,2,0,0,0,0,0,0,272,0.001,0.001,0.005
2408,1.027,0.834,0,0.004,0.057,0,0,,0,,,,0,,,,,0,0,0,0,0,0,0,0,1,0,1,0,1,2,0,0,0,0,0,0,272,0.002,0.001,0.006
2409,5.38,5.158,0.001,0.005,0.052,0,0,,0,,,,0,,,,,0,0,0,0,0,0,0,0,1,0,1,0,1,2,0,0,0,0,0,0,272,0.002,0.003,0.01
2410,3.755,3.58,0,0.004,0.047,0,0,,0,,,,0,,,,,0,0,0,0,0,0,0,0,1,0,1,0,1,2,0,0,0,0,0,0,272,0.001,0.001,0.007
2411,2.42,2.258,0.001,0.004,0.038,0,0,,0,,,,0,,,,,0,0,0,0,0,0,0,0,1,0,1,0,1,2,0,0,0,0,0,0,272,0.002,0.002,0.008
2412,2.503,2.26,0,0.014,0.089,0,0,,0,,,,0,,,,,0,0,0,0,0,0,0,0,1,0,1,0,1,2,0,0,0,0,0,0,272,0.002,0.002,0.007
2413,11.605,11.402,0.001,0.005,0.052,0,0,,0,,,,0,,,,,0,0,0,0,0,0,0,0,1,0,1,0,1,2,0,0,0,0,0,0,272,0.002,0.002,0.008
2414,2.113,1.939,0,0.004,0.056,0,0,,0,,,,0,,,,,0,0,0,0,0,0,0,0,1,0,1,0,1,2,0,0,0,0,0,0,272,0.002,0.001,0.007
2415,0.758,0.586,0,0.003,0.046,0,0,,0,,,,0,,,,,0,0,0,0,0,0,0,0,1,0,1,0,1,2,0,0,0,0,0,0,272,0.002,0.001,0.006
2416,1.325,1.208,0,0.002,0.036,0,0,,0,,,,0,,,,,0,0,0,0,0,0,0,0,1,0,1,0,1,2,0,0,0,0,0,0,272,0.001,0.001,0.005
2417,0.796,0.669,0,0.002,0.034,0,0,,0,,,,0,,,,,0,0,0,0,0,0,0,0,1,0,1,0,1,2,0,0,0,0,0,0,272,0.001,0.001,0.005
2418,1.363,1.253,0,0.002,0.033,0,0,,0,,,,0,,,,,0,0,0,0,0,0,0,0,1,0,1,0,1,2,0,0,0,0,0,0,272,0.001,0.001,0.004
2419,0.842,0.775,0,0.001,0.027,0,0,,0,,,,0,,,,,0,0,0,0,0,0,0,0,1,0,1,0,1,2,0,0,0,0,0,0,272,0,0.001,0.002
2420,2.483,2.405,0.001,0.001,0.029,0,0,,0,,,,0,,,,,0,0,0,0,0,0,0,0,1,0,1,0,1,2,0,0,0,0,0,0,272,0,0.001,0.002
2421,0.811,0.743,0,0.002,0.028,0,0,,0,,,,0,,,,,0,0,0,0,0,0,0,0,1,0,1,0,1,2,0,0,0,0,0,0,272,0.001,0,0.002
2422,0.914,0.766,0,0.003,0.049,0,0,,0,,,,0,,,,,0,0,0,0,0,0,0,0,1,0,1,0,1,2,0,0,0,0,0,0,272,0.002,0.002,0.007
2423,0.841,0.661,0.001,0.003,0.056,0,0,,0,,,,0,,,,,0,0,0,0,0,0,0,0,1,0,1,0,1,2,0,0,0,0,0,0,272,0.002,0.002,0.005
2424,0.789,0.65,0,0.005,0.049,0,0,,0,,,,0,,,,,0,0,0,0,0,0,0,0,1,0,1,0,1,2,0,0,0,0,0,0,272,0.001,0.001,0.004
2425,0.748,0.639,0,0.002,0.048,0,0,,0,,,,0,,,,,0,0,0,0,0,0,0,0,1,0,1,0,1,2,0,0,0,0,0,0,272,0.001,0,0.003
2426,1.216,1.12,0,0.002,0.03,0,0,,0,,,,0,,,,,0,0,0,0,0,0,0,0,1,0,1,0,1,2,0,0,0,0,0,0,272,0.001,0,0.003
2427,0.865,0.701,0.001,0.004,0.035,0,0,,0,,,,0,,,,,0,0,0,0,0,0,0,0,1,0,1,0,1,2,0,0,0,0,0,0,272,0.002,0.001,0.007
2428,0.742,0.655,0,0.002,0.037,0,0,,0,,,,0,,,,,0,0,0,0,0,0,0,0,1,0,1,0,1,2,0,0,0,0,0,0,272,0.001,0.001,0.003
2429,0.925,0.728,0.001,0.003,0.066,0,0,,0,,,,0,,,,,0,0,0,0,0,0,0,0,1,0,1,0,1,2,0,0,0,0,0,0,272,0.002,0.002,0.006
2430,0.667,0.56,0,0.003,0.036,0,0,,1,1031.25,230203392,286511104,1,62503872,62503872,135081984,38823561584,0,0,0,0,0,0,0,0,1,0,1,0,1,2,0,0,0,0,0,0,272,0.001,0,0.004
2431,0.964,0.833,0,0.003,0.039,0,0,,0,,,,0,,,,,0,0,0,0,0,0,0,0,1,0,1,0,1,2,0,0,0,0,0,0,272,0.002,0.002,0.004
2432,0.892,0.781,0,0.003,0.029,0,0,,0,,,,0,,,,,0,0,0,0,0,0,0,0,1,0,1,0,1,2,0,0,0,0,0,0,272,0.001,0.001,0.004
2433,0.939,0.839,0,0.002,0.027,0,0,,0,,,,0,,,,,0,0,0,0,0,0,0,0,1,0,1,0,1,2,0,0,0,0,0,0,272,0.001,0.001,0.004
2434,1.578,1.511,0,0.001,0.024,0,0,,0,,,,0,,,,,0,0,0,0,0,0,0,0,1,0,1,0,1,2,0,0,0,0,0,0,272,0.001,0.001,0.002
2435,0.95,0.879,0.001,0.001,0.027,0,0,,0,,,,0,,,,,0,0,0,0,0,0,0,0,1,0,1,0,1,2,0,0,0,0,0,0,272,0.001,0,0.003
2436,2.25,2.125,0.001,0.002,0.036,0,0,,0,,,,0,,,,,0,0,0,0,0,0,0,0,1,0,1,0,1,2,0,0,0,0,0,0,272,0.001,0.002,0.005
2437,1.353,1.283,0,0.001,0.03,0,0,,0,,,,0,,,,,0,0,0,0,0,0,0,0,1,0,1,0,1,2,0,0,0,0,0,0,272,0,0,0.002
2438,0.791,0.734,0,0.001,0.027,0,0,,0,,,,0,,,,,0,0,0,0,0,0,0,0,1,0,1,0,1,2,0,0,0,0,0,0,272,0,0.001,0.002
2439,0.83,0.762,0,0.001,0.037,0,0,,0,,,,0,,,,,0,0,0,0,0,0,0,0,1,0,1,0,1,2,0,0,0,0,0,0,272,0,0.001,0.002
2440,0.807,0.737,0,0.001,0.038,0,0,,0,,,,0,,,,,0,0,0,0,0,0,0,0,1,0,1,0,1,2,0,0,0,0,0,0,272,0,0,0.002
2441,1.371,1.275,0.001,0.002,0.03,0,0,,0,,,,0,,,,,0,0,0,0,0,0,0,0,1,0,1,0,1,2,0,0,0,0,0,0,272,0.001,0,0.003
2442,1.018,0.832,0.001,0.005,0.038,0,0,,0,,,,0,,,,,0,0,0,0,0,0,0,0,1,0,1,0,1,2,0,0,0,0,0,0,272,0.002,0.003,0.008
2443,0.911,0.68,0,0.015,0.1,0,0,,0,,,,0,,,,,0,0,0,0,0,0,0,0,1,0,1,0,1,2,0,0,0,0,0,0,272,0.002,0.002,0.007
2444,0.768,0.624,0,0.003,0.048,0,0,,0,,,,0,,,,,0,0,0,0,0,0,0,0,1,0,1,0,1,2,0,0,0,0,0,0,272,0.002,0.001,0.005
2445,0.76,0.649,0.001,0.002,0.041,0,0,,0,,,,0,,,,,0,0,0,0,0,0,0,0,1,0,1,0,1,2,0,0,0,0,0,0,272,0.002,0.001,0.004
2446,0.864,0.694,0,0.003,0.055,0,0,,0,,,,0,,,,,0,0,0,0,0,0,0,0,1,0,1,0,1,2,0,0,0,0,0,0,272,0.002,0.001,0.005
2447,0.692,0.583,0,0.002,0.034,0,0,,0,,,,0,,,,,0,0,0,0,0,0,0,0,1,0,1,0,1,2,0,0,0,0,0,0,272,0.002,0,0.004
2448,1.182,1.048,0,0.003,0.032,0,0,,0,,,,0,,,,,0,0,0,0,0,0,0,0,1,0,1,0,1,2,0,0,0,0,0,0,272,0.001,0.013,0.005
2449,0.803,0.666,0,0.003,0.04,0,0,,0,,,,0,,,,,0,0,0,0,0,0,0,0,1,0,1,0,1,2,0,0,0,0,0,0,272,0.002,0.002,0.005
2450,2.038,1.763,0.001,0.004,0.109,0,0,,0,,,,0,,,,,0,0,0,0,0,0,0,0,1,0,1,0,1,2,0,0,0,0,0,0,272,0.003,0.001,0.006
2451,5.491,5.23,0,0.005,0.069,0,0,,0,,,,0,,,,,0,0,0,0,0,0,0,0,1,0,1,0,1,2,0,0,0,0,0,0,272,0.004,0.002,0.008
2452,2.887,2.767,0,0.002,0.042,0,0,,0,,,,0,,,,,0,0,0,0,0,0,0,0,1,0,1,0,1,2,0,0,0,0,0,0,272,0.001,0,0.004
2453,2.092,1.941,0,0.003,0.051,0,0,,0,,,,0,,,,,0,0,0,0,0,0,0,0,1,0,1,0,1,2,0,0,0,0,0,0,272,0.002,0.002,0.005
2454,3.224,3.041,0,0.004,0.044,0,0,,0,,,,0,,,,,0,0,0,0,0,0,0,0,1,0,1,0,1,2,0,0,0,0,0,0,272,0.004,0.002,0.008
2455,3.662,3.508,0,0.002,0.05,0,0,,0,,,,0,,,,,0,0,0,0,0,0,0,0,1,0,1,0,1,2,0,0,0,0,0,0,272,0.002,0.002,0.007
2456,5.556,5.314,0,0.005,0.071,0,0,,0,,,,0,,,,,0,0,0,0,0,0,0,0,1,0,1,0,1,2,0,0,0,0,0,0,272,0.002,0.002,0.009
2457,0.596,0.481,0,0.002,0.033,0,0,,0,,,,0,,,,,0,0,0,0,0,0,0,0,1,0,1,0,1,2,0,0,0,0,0,0,272,0.001,0.002,0.005
2458,1.083,0.918,0,0.003,0.045,0,0,,0,,,,0,,,,,0,0,0,0,0,0,0,0,1,0,1,0,1,2,0,0,0,0,0,0,272,0.001,0.001,0.006
2459,0.69,0.532,0,0.003,0.035,0,0,,0,,,,0,,,,,0,0,0,0,0,0,0,0,1,0,1,0,1,2,0,0,0,0,0,0,272,0.001,0.001,0.006
2460,1.28,1.012,0.001,0.002,0.181,0,0,,1,1031.25,230203392,286511104,1,62503872,62503872,135081984,38823561584,0,0,0,0,0,0,0,0,1,0,1,0,1,2,0,0,0,0,0,0,272,0.001,0,0.022
2461,0.558,0.466,0,0.003,0.024,0,0,,0,,,,0,,,,,0,0,0,0,0,0,0,0,1,0,1,0,1,2,0,0,0,0,0,0,272,0.002,0.001,0.004
2462,0.732,0.631,0,0.002,0.034,0,0,,0,,,,0,,,,,0,0,0,0,0,0,0,0,1,0,1,0,1,2,0,0,0,0,0,0,272,0.001,0.001,0.003
2463,0.421,0.351,0,0.002,0.017,0,0,,0,,,,0,,,,,0,0,0,0,0,0,0,0,1,0,1,0,1,2,0,0,0,0,0,0,272,0.001,0,0.003
2464,1.024,0.904,0,0.003,0.038,0,0,,0,,,,0,,,,,0,0,0,0,0,0,0,0,1,0,1,0,1,2,0,0,0,0,0,0,272,0.002,0.001,0.004
2465,0.726,0.636,0,0.002,0.03,0,0,,0,,,,0,,,,,0,0,0,0,0,0,0,0,1,0,1,0,1,2,0,0,0,0,0,0,272,0.001,0.001,0.003
2466,0.729,0.654,0,0.001,0.029,0,0,,0,,,,0,,,,,0,0,0,0,0,0,0,0,1,0,1,0,1,2,0,0,0,0,0,0,272,0,0.001,0.003
2467,0.739,0.675,0,0.002,0.019,0,0,,0,,,,0,,,,,0,0,0,0,0,0,0,0,1,0,1,0,1,2,0,0,0,0,0,0,272,0.001,0.001,0.002
2468,0.697,0.646,0,0.001,0.019,0,0,,0,,,,0,,,,,0,0,0,0,0,0,0,0,1,0,1,0,1,2,0,0,0,0,0,0,272,0.001,0,0.002
2469,3.145,3.053,0,0.002,0.04,0,0,,0,,,,0,,,,,0,0,0,0,0,0,0,0,1,0,1,0,1,2,0,0,0,0,0,0,272,0.001,0.001,0.004
2470,0.689,0.615,0,0.001,0.036,0,0,,0,,,,0,,,,,0,0,0,0,0,0,0,0,1,0,1,0,1,2,0,0,0,0,0,0,272,0,0.001,0.002
2471,0.748,0.672,0,0.001,0.04,0,0,,0,,,,0,,,,,0,0,0,0,0,0,0,0,1,0,1,0,1,2,0,0,0,0,0,0,272,0,0.001,0.002
2472,0.72,0.652,0,0.001,0.033,0,0,,0,,,,0,,,,,0,0,0,0,0,0,0,0,1,0,1,0,1,2,0,0,0,0,0,0,272,0,0.001,0.002
2473,0.743,0.669,0,0.001,0.036,0,0,,0,,,,0,,,,,0,0,0,0,0,0,0,0,1,0,1,0,1,2,0,0,0,0,0,0,272,0.001,0.001,0.002
2474,0.732,0.659,0,0.001,0.038,0,0,,0,,,,0,,,,,0,0,0,0,0,0,0,0,1,0,1,0,1,2,0,0,0,0,0,0,272,0,0.001,0.002
2475,1.192,1.13,0,0.001,0.029,0,0,,0,,,,0,,,,,0,0,0,0,0,0,0,0,1,0,1,0,1,2,0,0,0,0,0,0,272,0,0.001,0.002
2476,0.721,0.664,0,0.001,0.027,0,0,,0,,,,0,,,,,0,0,0,0,0,0,0,0,1,0,1,0,1,2,0,0,0,0,0,0,272,0,0,0.002
2477,0.76,0.681,0,0.001,0.034,0,0,,0,,,,0,,,,,0,0,0,0,0,0,0,0,1,0,1,0,1,2,0,0,0,0,0,0,272,0.001,0.001,0.003
2478,0.727,0.659,0,0.002,0.033,0,0,,0,,,,0,,,,,0,0,0,0,0,0,0,0,1,0,1,0,1,2,0,0,0,0,0,0,272,0,0,0.002
2479,0.734,0.675,0.001,0.002,0.016,0,0,,0,,,,0,,,,,0,0,0,0,0,0,0,0,1,0,1,0,1,2,0,0,0,0,0,0,272,0.001,0,0.002
2480,0.778,0.628,0.001,0.004,0.039,0,0,,0,,,,0,,,,,0,0,0,0,0,0,0,0,1,0,1,0,1,2,0,0,0,0,0,0,272,0.002,0.002,0.006
2481,0.657,0.498,0,0.003,0.047,0,0,,0,,,,0,,,,,0,0,0,0,0,0,0,0,1,0,1,0,1,2,0,0,0,0,0,0,272,0.002,0.001,0.006
2482,0.993,0.78,0.001,0.002,0.133,0,0,,0,,,,0,,,,,0,0,0,0,0,0,0,0,1,0,1,0,1,2,0,0,0,0,0,0,272,0.001,0.001,0.004
2483,0.592,0.483,0,0.002,0.03,0,0,,0,,,,0,,,,,0,0,0,0,0,0,0,0,1,0,1,0,1,2,0,0,0,0,0,0,272,0.001,0.001,0.004
2484,0.776,0.656,0,0.002,0.039,0,0,,0,,,,0,,,,,0,0,0,0,0,0,0,0,1,0,1,0,1,2,0,0,0,0,0,0,272,0.001,0.001,0.005
2485,0.687,0.601,0,0.002,0.029,0,0,,0,,,,0,,,,,0,0,0,0,0,0,0,0,1,0,1,0,1,2,0,0,0,0,0,0,272,0.001,0.001,0.003
2486,0.735,0.651,0,0.002,0.023,0,0,,0,,,,0,,,,,0,0,0,0,0,0,0,0,1,0,1,0,1,2,0,0,0,0,0,0,272,0.001,0,0.004
2487,1.481,1.349,0,0.002,0.041,0,0,,0,,,,0,,,,,0,0,0,0,0,0,0,0,1,0,1,0,1,2,0,0,0,0,0,0,272,0.001,0.001,0.005
2488,7.22,7.086,0.001,0.003,0.033,0,0,,0,,,,0,,,,,0,0,0,0,0,0,0,0,1,0,1,0,1,2,0,0,0,0,0,0,272,0.002,0.002,0.006
2489,2.105,1.862,0,0.003,0.026,0,0,,0,,,,0,,,,,0,0,0,0,0,0,0,0,1,0,1,0,1,2,0,0,0,0,0,0,272,0.002,0.002,0.007
2490,1.86,1.663,0,0.005,0.054,0,0,,1,1046.875,230203392,286511104,1,62503872,62503872,135081984,38823561584,0,0,0,0,0,0,0,0,1,0,1,0,1,2,0,0,0,0,0,0,272,0.002,0.002,0.007
2491,1.772,1.569,0,0.004,0.052,0,0,,0,,,,0,,,,,0,0,0,0,0,0,0,0,1,0,1,0,1,2,0,0,0,0,0,0,272,0.002,0.002,0.008
2492,2.2,2.085,0,0.002,0.03,0,0,,0,,,,0,,,,,0,0,0,0,0,0,0,0,1,0,1,0,1,2,0,0,0,0,0,0,272,0.001,0.001,0.005
2493,7.08,6.882,0,0.006,0.056,0,0,,0,,,,0,,,,,0,0,0,0,0,0,0,0,1,0,1,0,1,2,0,0,0,0,0,0,272,0.002,0.002,0.009
2494,3.427,3.248,0,0.005,0.052,0,0,,0,,,,0,,,,,0,0,0,0,0,0,0,0,1,0,1,0,1,2,0,0,0,0,0,0,272,0.002,0.002,0.008
2495,2.488,2.313,0,0.005,0.036,0,0,,0,,,,0,,,,,0,0,0,0,0,0,0,0,1,0,1,0,1,2,0,0,0,0,0,0,272,0.002,0.002,0.009
2496,2.909,2.744,0.001,0.004,0.036,0,0,,0,,,,0,,,,,0,0,0,0,0,0,0,0,1,0,1,0,1,2,0,0,0,0,0,0,272,0.002,0.003,0.008
2497,2.893,2.786,0,0.004,0.024,0,0,,0,,,,0,,,,,0,0,0,0,0,0,0,0,1,0,1,0,1,2,0,0,0,0,0,0,272,0.001,0.001,0.006
2498,11.082,10.83,0,0.007,0.057,0,0,,0,,,,0,,,,,0,0,0,0,0,0,0,0,1,0,1,0,1,2,0,0,0,0,0,0,272,0.003,0.003,0.012
2499,2.537,2.32,0,0.005,0.067,0,0,,0,,,,0,,,,,0,0,0,0,0,0,0,0,1,0,1,0,1,2,0,0,0,0,0,0,272,0.002,0.003,0.008
2500,15.501,15.227,0.001,0.008,0.07,0,0,,0,,,,0,,,,,0,0,0,0,0,0,0,0,1,0,1,0,1,2,0,0,0,0,0,0,272,0.003,0.004,0.011
2501,3.009,2.772,0.001,0.005,0.068,0,0,,0,,,,0,,,,,0,0,0,0,0,0,0,0,1,0,1,0,1,2,0,0,0,0,0,0,272,0.002,0.003,0.01
2502,15.767,15.481,0.001,0.007,0.093,0,0,,0,,,,0,,,,,0,0,0,0,0,0,0,0,1,0,1,0,1,2,0,0,0,0,0,0,272,0.003,0.003,0.01
2503,5.814,5.574,0.001,0.005,0.056,0,0,,0,,,,0,,,,,0,0,0,0,0,0,0,0,1,0,1,0,1,2,0,0,0,0,0,0,272,0.002,0.003,0.011
2504,3.633,3.461,0,0.003,0.044,0,0,,0,,,,0,,,,,0,0,0,0,0,0,0,0,1,0,1,0,1,2,0,0,0,0,0,0,272,0.002,0.002,0.007
2505,3.365,3.065,0,0.006,0.085,0,0,,0,,,,0,,,,,0,0,0,0,0,0,0,0,1,0,1,0,1,2,0,0,0,0,0,0,272,0.003,0.003,0.011
2506,1.078,0.891,0,0.003,0.072,0,0,,0,,,,0,,,,,0,0,0,0,0,0,0,0,1,0,1,0,1,2,0,0,0,0,0,0,272,0.002,0.001,0.007
2507,0.912,0.727,0,0.011,0.06,0,0,,0,,,,0,,,,,0,0,0,0,0,0,0,0,1,0,1,0,1,2,0,0,0,0,0,0,272,0.002,0.001,0.006
2508,0.861,0.718,0,0.003,0.036,0,0,,0,,,,0,,,,,0,0,0,0,0,0,0,0,1,0,1,0,1,2,0,0,0,0,0,0,272,0.001,0.001,0.006
2509,2.859,2.692,0,0.004,0.054,0,0,,0,,,,0,,,,,0,0,0,0,0,0,0,0,1,0,1,0,1,2,0,0,0,0,0,0,272,0.002,0.001,0.007
2510,0.957,0.853,0,0.002,0.04,0,0,,0,,,,0,,,,,0,0,0,0,0,0,0,0,1,0,1,0,1,2,0,0,0,0,0,0,272,0.001,0.001,0.003
2511,0.933,0.806,0,0.002,0.05,0,0,,0,,,,0,,,,,0,0,0,0,0,0,0,0,1,0,1,0,1,2,0,0,0,0,0,0,272,0.001,0.001,0.004
2512,1.095,0.783,0,0.004,0.168,0,0,,0,,,,0,,,,,0,0,0,0,0,0,0,0,1,0,1,0,1,2,0,0,0,0,0,0,272,0.002,0.001,0.007
2513,0.727,0.597,0,0.002,0.046,0,0,,0,,,,0,,,,,0,0,0,0,0,0,0,0,1,0,1,0,1,2,0,0,0,0,0,0,272,0.001,0.001,0.004
2514,0.911,0.776,0,0.002,0.042,0,0,,0,,,,0,,,,,0,0,0,0,0,0,0,0,1,0,1,0,1,2,0,0,0,0,0,0,272,0.001,0.006,0.004
2515,0.859,0.783,0,0.002,0.027,0,0,,0,,,,0,,,,,0,0,0,0,0,0,0,0,1,0,1,0,1,2,0,0,0,0,0,0,272,0.001,0.001,0.002
2516,1.102,0.843,0,0.005,0.065,0,0,,0,,,,0,,,,,0,0,0,0,0,0,0,0,1,0,1,0,1,2,0,0,0,0,0,0,272,0.003,0.002,0.009
2517,0.758,0.651,0,0.002,0.036,0,0,,0,,,,0,,,,,0,0,0,0,0,0,0,0,1,0,1,0,1,2,0,0,0,0,0,0,272,0.001,0.001,0.004
2518,0.973,0.803,0,0.003,0.06,0,0,,0,,,,0,,,,,0,0,0,0,0,0,0,0,1,0,1,0,1,2,0,0,0,0,0,0,272,0.002,0.001,0.005
2519,0.856,0.724,0,0.003,0.046,0,0,,0,,,,0,,,,,0,0,0,0,0,0,0,0,1,0,1,0,1,2,0,0,0,0,0,0,272,0.002,0.001,0.004
2520,1.666,1.556,0,0.002,0.032,0,0,,1,1062.5,230203392,286511104,1,62503872,62503872,135081984,38823561584,0,0,0,0,0,0,0,0,1,0,1,0,1,2,0,0,0,0,0,0,272,0.001,0.002,0.003
2521,0.915,0.813,0,0.002,0.032,0,0,,0,,,,0,,,,,0,0,0,0,0,0,0,0,1,0,1,0,1,2,0,0,0,0,0,0,272,0.001,0.001,0.003
2522,0.933,0.802,0,0.003,0.04,0,0,,0,,,,0,,,,,0,0,0,0,0,0,0,0,1,0,1,0,1,2,0,0,0,0,0,0,272,0.001,0.001,0.005
2523,1.161,0.81,0,0.005,0.103,0,0,,0,,,,0,,,,,0,0,0,0,0,0,0,0,1,0,1,0,1,2,0,0,0,0,0,0,272,0.003,0.002,0.008
2524,2.316,2.115,0,0.003,0.081,0,0,,0,,,,0,,,,,0,0,0,0,0,0,0,0,1,0,1,0,1,2,0,0,0,0,0,0,272,0.001,0.001,0.005
2525,1.074,0.768,0,0.005,0.145,0,0,,0,,,,0,,,,,0,0,0,0,0,0,0,0,1,0,1,0,1,2,0,0,0,0,0,0,272,0.002,0.002,0.008
2526,0.8,0.568,0,0.004,0.12,0,0,,0,,,,0,,,,,0,0,0,0,0,0,0,0,1,0,1,0,1,2,0,0,0,0,0,0,272,0.001,0.001,0.005
2527,0.917,0.667,0,0.005,0.026,0,0,,0,,,,0,,,,,0,0,0,0,0,0,0,0,1,0,1,0,1,2,0,0,0,0,0,0,272,0.002,0.002,0.008
2528,0.705,0.628,0,0.002,0.022,0,0,,0,,,,0,,,,,0,0,0,0,0,0,0,0,1,0,1,0,1,2,0,0,0,0,0,0,272,0,0.001,0.002
2529,0.948,0.85,0.001,0.001,0.032,0,0,,0,,,,0,,,,,0,0,0,0,0,0,0,0,1,0,1,0,1,2,0,0,0,0,0,0,272,0.001,0.001,0.004
2530,0.937,0.8,0,0.003,0.054,0,0,,0,,,,0,,,,,0,0,0,0,0,0,0,0,1,0,1,0,1,2,0,0,0,0,0,0,272,0.001,0.001,0.011
2531,0.884,0.791,0,0.002,0.034,0,0,,0,,,,0,,,,,0,0,0,0,0,0,0,0,1,0,1,0,1,2,0,0,0,0,0,0,272,0,0,0.002
2532,0.938,0.842,0,0.001,0.035,0,0,,0,,,,0,,,,,0,0,0,0,0,0,0,0,1,0,1,0,1,2,0,0,0,0,0,0,272,0.001,0,0.003
2533,0.895,0.841,0.001,0,0.026,0,0,,0,,,,0,,,,,0,0,0,0,0,0,0,0,1,0,1,0,1,2,0,0,0,0,0,0,272,0.001,0,0.002
2534,1.104,0.906,0,0.004,0.056,0,0,,0,,,,0,,,,,0,0,0,0,0,0,0,0,1,0,1,0,1,2,0,0,0,0,0,0,272,0.002,0.001,0.007
2535,1.795,1.673,0,0.002,0.045,0,0,,0,,,,0,,,,,0,0,0,0,0,0,0,0,1,0,1,0,1,2,0,0,0,0,0,0,272,0.001,0.001,0.003
2536,1.107,0.896,0.001,0.003,0.085,0,0,,0,,,,0,,,,,0,0,0,0,0,0,0,0,1,0,1,0,1,2,0,0,0,0,0,0,272,0.002,0.001,0.006
2537,0.652,0.527,0,0.002,0.055,0,0,,0,,,,0,,,,,0,0,0,0,0,0,0,0,1,0,1,0,1,2,0,0,0,0,0,0,272,0.001,0.001,0.004
2538,1.006,0.812,0.001,0.004,0.055,0,0,,0,,,,0,,,,,0,0,0,0,0,0,0,0,1,0,1,0,1,2,0,0,0,0,0,0,272,0.002,0.001,0.007
2539,3.139,2.998,0.001,0.002,0.044,0,0,,0,,,,0,,,,,0,0,0,0,0,0,0,0,1,0,1,0,1,2,0,0,0,0,0,0,272,0.001,0.001,0.005
2540,0.97,0.815,0,0.002,0.071,0,0,,0,,,,0,,,,,0,0,0,0,0,0,0,0,1,0,1,0,1,2,0,0,0,0,0,0,272,0.002,0.001,0.003
2541,0.656,0.559,0,0.002,0.032,0,0,,0,,,,0,,,,,0,0,0,0,0,0,0,0,1,0,1,0,1,2,0,0,0,0,0,0,272,0.001,0.001,0.004
2542,0.801,0.686,0,0.002,0.044,0,0,,0,,,,0,,,,,0,0,0,0,0,0,0,0,1,0,1,0,1,2,0,0,0,0,0,0,272,0.002,0.001,0.004
2543,0.821,0.725,0,0.002,0.042,0,0,,0,,,,0,,,,,0,0,0,0,0,0,0,0,1,0,1,0,1,2,0,0,0,0,0,0,272,0.001,0.001,0.002
2544,1.09,0.985,0,0.003,0.025,0,0,,0,,,,0,,,,,0,0,0,0,0,0,0,0,1,0,1,0,1,2,0,0,0,0,0,0,272,0.001,0.001,0.004
2545,1.109,0.986,0,0.002,0.05,0,0,,0,,,,0,,,,,0,0,0,0,0,0,0,0,1,0,1,0,1,2,0,0,0,0,0,0,272,0.001,0.001,0.004
2546,0.915,0.839,0,0.001,0.033,0,0,,0,,,,0,,,,,0,0,0,0,0,0,0,0,1,0,1,0,1,2,0,0,0,0,0,0,272,0.001,0,0.002
2547,1.079,0.897,0,0.003,0.052,0,0,,0,,,,0,,,,,0,0,0,0,0,0,0,0,1,0,1,0,1,2,0,0,0,0,0,0,272,0.002,0.001,0.006
2548,0.864,0.739,0,0.002,0.043,0,0,,0,,,,0,,,,,0,0,0,0,0,0,0,0,1,0,1,0,1,2,0,0,0,0,0,0,272,0.002,0.001,0.004
2549,0.994,0.832,0,0.002,0.051,0,0,,0,,,,0,,,,,0,0,0,0,0,0,0,0,1,0,1,0,1,2,0,0,0,0,0,0,272,0.002,0.001,0.006
2550,1.33,1.18,0.001,0.003,0.049,0,0,,1,1078.125,230203392,286511104,1,62503872,62503872,135081984,38823561584,0,0,0,0,0,0,0,0,1,0,1,0,1,2,0,0,0,0,0,0,272,0.002,0.001,0.004
2551,0.995,0.868,0,0.003,0.035,0,0,,0,,,,0,,,,,0,0,0,0,0,0,0,0,1,0,1,0,1,2,0,0,0,0,0,0,272,0.001,0.002,0.004
2552,1.662,1.522,0,0.003,0.041,0,0,,0,,,,0,,,,,0,0,0,0,0,0,0,0,1,0,1,0,1,2,0,0,0,0,0,0,272,0.001,0.001,0.006
2553,2.44,2.259,0,0.004,0.059,0,0,,0,,,,0,,,,,0,0,0,0,0,0,0,0,1,0,1,0,1,2,0,0,0,0,0,0,272,0.002,0.003,0.007
2554,0.687,0.499,0,0.004,0.059,0,0,,0,,,,0,,,,,0,0,0,0,0,0,0,0,1,0,1,0,1,2,0,0,0,0,0,0,272,0.002,0.002,0.006
2555,0.862,0.713,0,0.003,0.045,0,0,,0,,,,0,,,,,0,0,0,0,0,0,0,0,1,0,1,0,1,2,0,0,0,0,0,0,272,0.002,0.002,0.005
2556,0.953,0.786,0.001,0.003,0.052,0,0,,0,,,,0,,,,,0,0,0,0,0,0,0,0,1,0,1,0,1,2,0,0,0,0,0,0,272,0.002,0.001,0.005
2557,0.859,0.767,0,0.002,0.031,0,0,,0,,,,0,,,,,0,0,0,0,0,0,0,0,1,0,1,0,1,2,0,0,0,0,0,0,272,0.001,0.001,0.003
2558,1.003,0.87,0,0.003,0.049,0,0,,0,,,,0,,,,,0,0,0,0,0,0,0,0,1,0,1,0,1,2,0,0,0,0,0,0,272,0.001,0.001,0.004
2559,0.991,0.846,0,0.003,0.044,0,0,,0,,,,0,,,,,0,0,0,0,0,0,0,0,1,0,1,0,1,2,0,0,0,0,0,0,272,0.002,0.001,0.005
2560,0.913,0.779,0.001,0.003,0.033,0,0,,0,,,,0,,,,,0,0,0,0,0,0,0,0,1,0,1,0,1,2,0,0,0,0,0,0,272,0.002,0.001,0.005
2561,0.961,0.862,0,0.003,0.026,0,0,,0,,,,0,,,,,0,0,0,0,0,0,0,0,1,0,1,0,1,2,0,0,0,0,0,0,272,0.001,0.001,0.004
2562,1.105,0.878,0,0.003,0.109,0,0,,0,,,,0,,,,,0,0,0,0,0,0,0,0,1,0,1,0,1,2,0,0,0,0,0,0,272,0.002,0.001,0.005
2563,0.741,0.611,0.001,0.002,0.039,0,0,,0,,,,0,,,,,0,0,0,0,0,0,0,0,1,0,1,0,1,2,0,0,0,0,0,0,272,0.002,0.001,0.005
2564,5.616,5.187,0,0.005,0.121,0,0,,0,,,,0,,,,,0,0,0,0,0,0,0,0,1,0,1,0,1,2,0,0,0,0,0,0,272,0.004,0.003,0.01
2565,10.322,10,0.001,0.007,0.1,0,0,,0,,,,0,,,,,0,0,0,0,0,0,0,0,1,0,1,0,1,2,0,0,0,0,0,0,272,0.003,0.003,0.013
2566,5.099,4.834,0,0.006,0.055,0,0,,0,,,,0,,,,,0,0,0,0,0,0,0,0,1,0,1,0,1,2,0,0,0,0,0,0,272,0.005,0.002,0.011
2567,14.096,13.859,0.001,0.007,0.055,0,0,,0,,,,0,,,,,0,0,0,0,0,0,0,0,1,0,1,0,1,2,0,0,0,0,0,0,272,0.003,0.003,0.011
2568,6.96,6.778,0.001,0.004,0.047,0,0,,0,,,,0,,,,,0,0,0,0,0,0,0,0,1,0,1,0,1,2,0,0,0,0,0,0,272,0.002,0.002,0.009
2569,0.969,0.854,0,0.003,0.04,0,0,,0,,,,0,,,,,0,0,0,0,0,0,0,0,1,0,1,0,1,2,0,0,0,0,0,0,272,0.001,0.001,0.005
2570,0.822,0.704,0,0.002,0.046,0,0,,0,,,,0,,,,,0,0,0,0,0,0,0,0,1,0,1,0,1,2,0,0,0,0,0,0,272,0.001,0.001,0.005
2571,0.818,0.742,0,0.001,0.035,0,0,,0,,,,0,,,,,0,0,0,0,0,0,0,0,1,0,1,0,1,2,0,0,0,0,0,0,272,0,0.001,0.004
2572,0.9,0.781,0,0.002,0.04,0,0,,0,,,,0,,,,,0,0,0,0,0,0,0,0,1,0,1,0,1,2,0,0,0,0,0,0,272,0.001,0.002,0.003
2573,1.009,0.744,0,0.005,0.063,0,0,,0,,,,0,,,,,0,0,0,0,0,0,0,0,1,0,1,0,1,2,0,0,0,0,0,0,272,0.002,0.004,0.011
2574,0.608,0.507,0.001,0.002,0.034,0,0,,0,,,,0,,,,,0,0,0,0,0,0,0,0,1,0,1,0,1,2,0,0,0,0,0,0,272,0.001,0.001,0.003
2575,0.834,0.721,0,0.003,0.042,0,0,,0,,,,0,,,,,0,0,0,0,0,0,0,0,1,0,1,0,1,2,0,0,0,0,0,0,272,0.001,0,0.004
2576,0.793,0.644,0,0.002,0.054,0,0,,0,,,,0,,,,,0,0,0,0,0,0,0,0,1,0,1,0,1,2,0,0,0,0,0,0,272,0.001,0.001,0.003
2577,0.857,0.731,0,0.003,0.038,0,0,,0,,,,0,,,,,0,0,0,0,0,0,0,0,1,0,1,0,1,2,0,0,0,0,0,0,272,0.001,0.001,0.003
2578,0.733,0.619,0,0.002,0.046,0,0,,0,,,,0,,,,,0,0,0,0,0,0,0,0,1,0,1,0,1,2,0,0,0,0,0,0,272,0.001,0.001,0.003
2579,1.138,0.994,0,0.003,0.037,0,0,,0,,,,0,,,,,0,0,0,0,0,0,0,0,1,0,1,0,1,2,0,0,0,0,0,0,272,0.002,0.002,0.005
2580,0.651,0.522,0,0.003,0.041,0,0,,1,1078.125,230268928,286511104,1,62503872,62503872,135081984,38823561584,0,0,0,0,0,0,0,0,1,0,1,0,1,2,0,0,0,0,0,0,272,0.001,0.002,0.004
2581,0.816,0.694,0,0.002,0.041,0,0,,0,,,,0,,,,,0,0,0,0,0,0,0,0,1,0,1,0,1,2,0,0,0,0,0,0,272,0.002,0.001,0.004
2582,0.776,0.663,0,0.002,0.038,0,0,,0,,,,0,,,,,0,0,0,0,0,0,0,0,1,0,1,0,1,2,0,0,0,0,0,0,272,0.002,0.001,0.003
2583,2.223,2.08,0,0.003,0.043,0,0,,0,,,,0,,,,,0,0,0,0,0,0,0,0,1,0,1,0,1,2,0,0,0,0,0,0,272,0.002,0.001,0.005
2584,0.863,0.76,0,0.002,0.035,0,0,,0,,,,0,,,,,0,0,0,0,0,0,0,0,1,0,1,0,1,2,0,0,0,0,0,0,272,0.001,0.001,0.003
2585,0.876,0.764,0.001,0.002,0.049,0,0,,0,,,,0,,,,,0,0,0,0,0,0,0,0,1,0,1,0,1,2,0,0,0,0,0,0,272,0.002,0.001,0.003
2586,0.944,0.81,0,0.003,0.044,0,0,,0,,,,0,,,,,0,0,0,0,0,0,0,0,1,0,1,0,1,2,0,0,0,0,0,0,272,0.002,0.001,0.005
2587,0.827,0.758,0,0.001,0.037,0,0,,0,,,,0,,,,,0,0,0,0,0,0,0,0,1,0,1,0,1,2,0,0,0,0,0,0,272,0,0.001,0.001
2588,1.074,0.911,0.001,0.003,0.053,0,0,,0,,,,0,,,,,0,0,0,0,0,0,0,0,1,0,1,0,1,2,0,0,0,0,0,0,272,0.002,0.002,0.005
2589,0.791,0.681,0,0.003,0.033,0,0,,0,,,,0,,,,,0,0,0,0,0,0,0,0,1,0,1,0,1,2,0,0,0,0,0,0,272,0.001,0.001,0.004
2590,0.891,0.759,0.001,0.002,0.048,0,0,,0,,,,0,,,,,0,0,0,0,0,0,0,0,1,0,1,0,1,2,0,0,0,0,0,0,272,0.001,0.001,0.004
2591,0.865,0.773,0,0.002,0.035,0,0,,0,,,,0,,,,,0,0,0,0,0,0,0,0,1,0,1,0,1,2,0,0,0,0,0,0,272,0.001,0,0.003
2592,0.926,0.831,0,0,0.057,0,0,,0,,,,0,,,,,0,0,0,0,0,0,0,0,1,0,1,0,1,2,0,0,0,0,0,0,272,0,0.001,0.001
2593,1.002,0.837,0,0.003,0.051,0,0,,0,,,,0,,,,,0,0,0,0,0,0,0,0,1,0,1,0,1,2,0,0,0,0,0,0,272,0.001,0.001,0.006
2594,1.61,1.495,0,0.003,0.05,0,0,,0,,,,0,,,,,0,0,0,0,0,0,0,0,1,0,1,0,1,2,0,0,0,0,0,0,272,0.001,0.001,0.004
2595,0.95,0.795,0.001,0.003,0.054,0,0,,0,,,,0,,,,,0,0,0,0,0,0,0,0,1,0,1,0,1,2,0,0,0,0,0,0,272,0.002,0.001,0.005
2596,0.904,0.766,0,0.003,0.044,0,0,,0,,,,0,,,,,0,0,0,0,0,0,0,0,1,0,1,0,1,2,0,0,0,0,0,0,272,0.001,0.002,0.005
2597,1.256,1.12,0,0.002,0.058,0,0,,0,,,,0,,,,,0,0,0,0,0,0,0,0,1,0,1,0,1,2,0,0,0,0,0,0,272,0.001,0.001,0.004
2598,1.301,1.194,0,0.002,0.038,0,0,,0,,,,0,,,,,0,0,0,0,0,0,0,0,1,0,1,0,1,2,0,0,0,0,0,0,272,0.001,0.001,0.004
2599,1.047,0.986,0,0.001,0.027,0,0,,0,,,,0,,,,,0,0,0,0,0,0,0,0,1,0,1,0,1,2,0,0,0,0,0,0,272,0.001,0,0.002
2600,1.114,1.034,0,0.002,0.031,0,0,,0,,,,0,,,,,0,0,0,0,0,0,0,0,1,0,1,0,1,2,0,0,0,0,0,0,272,0.001,0,0.003
2601,0.836,0.782,0.001,0,0.025,0,0,,0,,,,0,,,,,0,0,0,0,0,0,0,0,1,0,1,0,1,2,0,0,0,0,0,0,272,0.001,0,0.001
2602,1.42,1.363,0,0,0.028,0,0,,0,,,,0,,,,,0,0,0,0,0,0,0,0,1,0,1,0,1,2,0,0,0,0,0,0,272,0.001,0,0.002
2603,1.021,0.952,0.001,0,0.036,0,0,,0,,,,0,,,,,0,0,0,0,0,0,0,0,1,0,1,0,1,2,0,0,0,0,0,0,272,0.001,0,0.002
2604,0.954,0.873,0,0.001,0.035,0,0,,0,,,,0,,,,,0,0,0,0,0,0,0,0,1,0,1,0,1,2,0,0,0,0,0,0,272,0.001,0.001,0.002
2605,0.942,0.857,0,0.002,0.036,0,0,,0,,,,0,,,,,0,0,0,0,0,0,0,0,1,0,1,0,1,2,0,0,0,0,0,0,272,0,0,0.003
2606,0.895,0.836,0.001,0.001,0.029,0,0,,0,,,,0,,,,,0,0,0,0,0,0,0,0,1,0,1,0,1,2,0,0,0,0,0,0,272,0.001,0,0.002
2607,0.925,0.87,0,0.001,0.029,0,0,,0,,,,0,,,,,0,0,0,0,0,0,0,0,1,0,1,0,1,2,0,0,0,0,0,0,272,0,0,0.001
2608,1.022,0.881,0,0.003,0.051,0,0,,0,,,,0,,,,,0,0,0,0,0,0,0,0,1,0,1,0,1,2,0,0,0,0,0,0,272,0.002,0.002,0.004
2609,1.776,1.623,0,0.004,0.045,0,0,,0,,,,0,,,,,0,0,0,0,0,0,0,0,1,0,1,0,1,2,0,0,0,0,0,0,272,0.002,0.002,0.006
2610,3.704,3.564,0,0.004,0.038,0,0,,1,1093.75,230268928,286511104,1,62503872,62503872,135081984,38823561584,0,0,0,0,0,0,0,0,1,0,1,0,1,2,0,0,0,0,0,0,272,0.002,0.002,0.007
2611,4.672,4.523,0.001,0.003,0.045,0,0,,0,,,,0,,,,,0,0,0,0,0,0,0,0,1,0,1,0,1,2,0,0,0,0,0,0,272,0.001,0.002,0.004
2612,0.84,0.759,0,0.001,0.034,0,0,,0,,,,0,,,,,0,0,0,0,0,0,0,0,1,0,1,0,1,2,0,0,0,0,0,0,272,0.001,0,0.003
2613,0.917,0.845,0,0,0.032,0,0,,0,,,,0,,,,,0,0,0,0,0,0,0,0,1,0,1,0,1,2,0,0,0,0,0,0,272,0,0,0.002
2614,0.951,0.865,0,0.002,0.037,0,0,,0,,,,0,,,,,0,0,0,0,0,0,0,0,1,0,1,0,1,2,0,0,0,0,0,0,272,0.001,0,0.003
2615,0.908,0.845,0,0.001,0.031,0,0,,0,,,,0,,,,,0,0,0,0,0,0,0,0,1,0,1,0,1,2,0,0,0,0,0,0,272,0.001,0,0.002
2616,0.922,0.865,0,0.001,0.031,0,0,,0,,,,0,,,,,0,0,0,0,0,0,0,0,1,0,1,0,1,2,0,0,0,0,0,0,272,0,0,0.002
2617,1.093,0.912,0,0.004,0.053,0,0,,0,,,,0,,,,,0,0,0,0,0,0,0,0,1,0,1,0,1,2,0,0,0,0,0,0,272,0.002,0.002,0.006
2618,0.834,0.717,0,0.002,0.038,0,0,,0,,,,0,,,,,0,0,0,0,0,0,0,0,1,0,1,0,1,2,0,0,0,0,0,0,272,0.001,0.001,0.003
2619,0.997,0.835,0,0.002,0.043,0,0,,0,,,,0,,,,,0,0,0,0,0,0,0,0,1,0,1,0,1,2,0,0,0,0,0,0,272,0.002,0.001,0.005
2620,0.818,0.706,0,0.002,0.036,0,0,,0,,,,0,,,,,0,0,0,0,0,0,0,0,1,0,1,0,1,2,0,0,0,0,0,0,272,0.001,0.001,0.004
2621,1.221,1.023,0,0.002,0.047,0,0,,0,,,,0,,,,,0,0,0,0,0,0,0,0,1,0,1,0,1,2,0,0,0,0,0,0,272,0.003,0.002,0.006
2622,0.848,0.685,0,0.003,0.04,0,0,,0,,,,0,,,,,0,0,0,0,0,0,0,0,1,0,1,0,1,2,0,0,0,0,0,0,272,0.002,0.001,0.006
2623,2.269,2.096,0,0.004,0.057,0,0,,0,,,,0,,,,,0,0,0,0,0,0,0,0,1,0,1,0,1,2,0,0,0,0,0,0,272,0.002,0.002,0.005
2624,1.023,0.874,0,0.002,0.044,0,0,,0,,,,0,,,,,0,0,0,0,0,0,0,0,1,0,1,0,1,2,0,0,0,0,0,0,272,0.001,0.001,0.004
2625,0.874,0.742,0,0.003,0.035,0,0,,0,,,,0,,,,,0,0,0,0,0,0,0,0,1,0,1,0,1,2,0,0,0,0,0,0,272,0.002,0.001,0.005
2626,0.954,0.81,0,0.003,0.05,0,0,,0,,,,0,,,,,0,0,0,0,0,0,0,0,1,0,1,0,1,2,0,0,0,0,0,0,272,0.001,0.001,0.004
2627,0.897,0.811,0,0.002,0.032,0,0,,0,,,,0,,,,,0,0,0,0,0,0,0,0,1,0,1,0,1,2,0,0,0,0,0,0,272,0.001,0,0.002
2628,0.952,0.874,0,0.001,0.039,0,0,,0,,,,0,,,,,0,0,0,0,0,0,0,0,1,0,1,0,1,2,0,0,0,0,0,0,272,0,0,0.002
2629,0.962,0.89,0,0,0.035,0,0,,0,,,,0,,,,,0,0,0,0,0,0,0,0,1,0,1,0,1,2,0,0,0,0,0,0,272,0,0,0.001
2630,1.035,0.903,0.001,0.002,0.072,0,0,,0,,,,0,,,,,0,0,0,0,0,0,0,0,1,0,1,0,1,2,0,0,0,0,0,0,272,0.001,0.001,0.003
2631,0.923,0.816,0,0.003,0.034,0,0,,0,,,,0,,,,,0,0,0,0,0,0,0,0,1,0,1,0,1,2,0,0,0,0,0,0,272,0.001,0,0.003
2632,0.939,0.847,0.001,0.001,0.045,0,0,,0,,,,0,,,,,0,0,0,0,0,0,0,0,1,0,1,0,1,2,0,0,0,0,0,0,272,0.001,0.001,0.002
2633,1,0.86,0.001,0,0.106,0,0,,0,,,,0,,,,,0,0,0,0,0,0,0,0,1,0,1,0,1,2,0,0,0,0,0,0,272,0.001,0,0.003
2634,0.722,0.574,0,0.003,0.036,0,0,,0,,,,0,,,,,0,0,0,0,0,0,0,0,1,0,1,0,1,2,0,0,0,0,0,0,272,0.002,0.002,0.006
2635,1.452,1.348,0,0.003,0.029,0,0,,0,,,,0,,,,,0,0,0,0,0,0,0,0,1,0,1,0,1,2,0,0,0,0,0,0,272,0.001,0.002,0.004
2636,0.827,0.693,0,0.003,0.045,0,0,,0,,,,0,,,,,0,0,0,0,0,0,0,0,1,0,1,0,1,2,0,0,0,0,0,0,272,0.001,0.001,0.005
2637,1.062,0.969,0,0.001,0.034,0,0,,0,,,,0,,,,,0,0,0,0,0,0,0,0,1,0,1,0,1,2,0,0,0,0,0,0,272,0.001,0,0.003
2638,0.969,0.831,0.001,0.003,0.038,0,0,,0,,,,0,,,,,0,0,0,0,0,0,0,0,1,0,1,0,1,2,0,0,0,0,0,0,272,0.002,0.001,0.005
2639,4.184,4.014,0.001,0.012,0.056,0,0,,0,,,,0,,,,,0,0,0,0,0,0,0,0,1,0,1,0,1,2,0,0,0,0,0,0,272,0.002,0.002,0.005
2640,4.324,4.122,0,0.004,0.057,0,0,,1,1093.75,230273024,286511104,1,62503872,62503872,135081984,38823561584,0,0,0,0,0,0,0,0,1,0,1,0,1,2,0,0,0,0,0,0,272,0.002,0.002,0.007
2641,4.258,4.114,0,0.004,0.033,0,0,,0,,,,0,,,,,0,0,0,0,0,0,0,0,1,0,1,0,1,2,0,0,0,0,0,0,272,0.002,0.002,0.007
2642,10.966,10.715,0,0.006,0.077,0,0,,0,,,,0,,,,,0,0,0,0,0,0,0,0,1,0,1,0,1,2,0,0,0,0,0,0,272,0.002,0.003,0.01
2643,0.705,0.607,0.001,0.002,0.037,0,0,,0,,,,0,,,,,0,0,0,0,0,0,0,0,1,0,1,0,1,2,0,0,0,0,0,0,272,0.001,0.001,0.004
2644,0.94,0.845,0,0.002,0.04,0,0,,0,,,,0,,,,,0,0,0,0,0,0,0,0,1,0,1,0,1,2,0,0,0,0,0,0,272,0.001,0,0.003
2645,1.143,0.901,0.001,0.006,0.064,0,0,,0,,,,0,,,,,0,0,0,0,0,0,0,0,1,0,1,0,1,2,0,0,0,0,0,0,272,0.002,0.002,0.01
2646,0.709,0.633,0.001,0,0.04,0,0,,0,,,,0,,,,,0,0,0,0,0,0,0,0,1,0,1,0,1,2,0,0,0,0,0,0,272,0,0,0.003
2647,1.018,0.876,0,0.003,0.065,0,0,,0,,,,0,,,,,0,0,0,0,0,0,0,0,1,0,1,0,1,2,0,0,0,0,0,0,272,0.001,0,0.004
2648,0.912,0.823,0,0.002,0.027,0,0,,0,,,,0,,,,,0,0,0,0,0,0,0,0,1,0,1,0,1,2,0,0,0,0,0,0,272,0.001,0,0.004
2649,0.884,0.8,0,0.002,0.026,0,0,,0,,,,0,,,,,0,0,0,0,0,0,0,0,1,0,1,0,1,2,0,0,0,0,0,0,272,0.001,0.001,0.003
2650,1.248,1.155,0,0.002,0.026,0,0,,0,,,,0,,,,,0,0,0,0,0,0,0,0,1,0,1,0,1,2,0,0,0,0,0,0,272,0.001,0.001,0.003
2651,1.389,1.265,0,0.002,0.036,0,0,,0,,,,0,,,,,0,0,0,0,0,0,0,0,1,0,1,0,1,2,0,0,0,0,0,0,272,0.001,0.001,0.01
2652,2.021,1.926,0,0.001,0.042,0,0,,0,,,,0,,,,,0,0,0,0,0,0,0,0,1,0,1,0,1,2,0,0,0,0,0,0,272,0.001,0,0.003
2653,1.076,1.009,0,0.001,0.026,0,0,,0,,,,0,,,,,0,0,0,0,0,0,0,0,1,0,1,0,1,2,0,0,0,0,0,0,272,0.001,0,0.002
2654,1.527,1.353,0,0.004,0.057,0,0,,0,,,,0,,,,,0,0,0,0,0,0,0,0,1,0,1,0,1,2,0,0,0,0,0,0,272,0.002,0.002,0.005
2655,0.935,0.821,0,0.002,0.041,0,0,,0,,,,0,,,,,0,0,0,0,0,0,0,0,1,0,1,0,1,2,0,0,0,0,0,0,272,0.001,0.001,0.004
2656,0.94,0.843,0,0.002,0.039,0,0,,0,,,,0,,,,,0,0,0,0,0,0,0,0,1,0,1,0,1,2,0,0,0,0,0,0,272,0.001,0.001,0.003
2657,0.93,0.863,0,0.001,0.032,0,0,,0,,,,0,,,,,0,0,0,0,0,0,0,0,1,0,1,0,1,2,0,0,0,0,0,0,272,0.001,0,0.002
2658,1.13,0.952,0,0.003,0.051,0,0,,0,,,,0,,,,,0,0,0,0,0,0,0,0,1,0,1,0,1,2,0,0,0,0,0,0,272,0.002,0.001,0.006
2659,0.595,0.486,0,0.002,0.038,0,0,,0,,,,0,,,,,0,0,0,0,0,0,0,0,1,0,1,0,1,2,0,0,0,0,0,0,272,0.001,0.001,0.004
2660,0.938,0.855,0.001,0.001,0.029,0,0,,0,,,,0,,,,,0,0,0,0,0,0,0,0,1,0,1,0,1,2,0,0,0,0,0,0,272,0,0,0.003
2661,1.029,0.92,0.001,0.002,0.027,0,0,,0,,,,0,,,,,0,0,0,0,0,0,0,0,1,0,1,0,1,2,0,0,0,0,0,0,272,0.002,0.001,0.004
2662,0.916,0.817,0,0.002,0.028,0,0,,0,,,,0,,,,,0,0,0,0,0,0,0,0,1,0,1,0,1,2,0,0,0,0,0,0,272,0.001,0.001,0.004
2663,1.932,1.77,0,0.003,0.067,0,0,,0,,,,0,,,,,0,0,0,0,0,0,0,0,1,0,1,0,1,2,0,0,0,0,0,0,272,0.001,0.002,0.005
2664,0.908,0.82,0,0.002,0.021,0,0,,0,,,,0,,,,,0,0,0,0,0,0,0,0,1,0,1,0,1,2,0,0,0,0,0,0,272,0.001,0.001,0.004
2665,0.946,0.83,0,0.002,0.044,0,0,,0,,,,0,,,,,0,0,0,0,0,0,0,0,1,0,1,0,1,2,0,0,0,0,0,0,272,0.001,0.001,0.003
2666,2.273,2.136,0.001,0.002,0.047,0,0,,0,,,,0,,,,,0,0,0,0,0,0,0,0,1,0,1,0,1,2,0,0,0,0,0,0,272,0.001,0.001,0.004
2667,1.022,0.909,0,0.002,0.045,0,0,,0,,,,0,,,,,0,0,0,0,0,0,0,0,1,0,1,0,1,2,0,0,0,0,0,0,272,0.002,0,0.004
2668,0.97,0.866,0,0.001,0.05,0,0,,0,,,,0,,,,,0,0,0,0,0,0,0,0,1,0,1,0,1,2,0,0,0,0,0,0,272,0,0,0.003
2669,0.975,0.869,0.001,0.002,0.028,0,0,,0,,,,0,,,,,0,0,0,0,0,0,0,0,1,0,1,0,1,2,0,0,0,0,0,0,272,0.001,0.001,0.004
2670,1.066,0.878,0,0.003,0.06,0,0,,1,1093.75,230273024,286511104,1,62503872,62503872,135081984,38823561584,0,0,0,0,0,0,0,0,1,0,1,0,1,2,0,0,0,0,0,0,272,0.001,0.001,0.006
2671,0.855,0.729,0,0.003,0.053,0,0,,0,,,,0,,,,,0,0,0,0,0,0,0,0,1,0,1,0,1,2,0,0,0,0,0,0,272,0.001,0,0.003
2672,0.998,0.867,0,0.003,0.041,0,0,,0,,,,0,,,,,0,0,0,0,0,0,0,0,1,0,1,0,1,2,0,0,0,0,0,0,272,0.001,0.001,0.004
2673,0.946,0.803,0,0.002,0.042,0,0,,0,,,,0,,,,,0,0,0,0,0,0,0,0,1,0,1,0,1,2,0,0,0,0,0,0,272,0.002,0.001,0.005
2674,0.96,0.858,0,0.002,0.043,0,0,,0,,,,0,,,,,0,0,0,0,0,0,0,0,1,0,1,0,1,2,0,0,0,0,0,0,272,0.001,0.001,0.003
2675,0.948,0.873,0,0.001,0.04,0,0,,0,,,,0,,,,,0,0,0,0,0,0,0,0,1,0,1,0,1,2,0,0,0,0,0,0,272,0,0.001,0.002
2676,1.063,0.899,0,0.003,0.053,0,0,,0,,,,0,,,,,0,0,0,0,0,0,0,0,1,0,1,0,1,2,0,0,0,0,0,0,272,0.002,0.002,0.005
2677,1.691,1.55,0,0.002,0.06,0,0,,0,,,,0,,,,,0,0,0,0,0,0,0,0,1,0,1,0,1,2,0,0,0,0,0,0,272,0.001,0.001,0.005
2678,0.996,0.846,0,0.002,0.045,0,0,,0,,,,0,,,,,0,0,0,0,0,0,0,0,1,0,1,0,1,2,0,0,0,0,0,0,272,0.001,0.001,0.005
2679,0.869,0.768,0.001,0.002,0.03,0,0,,0,,,,0,,,,,0,0,0,0,0,0,0,0,1,0,1,0,1,2,0,0,0,0,0,0,272,0.001,0.001,0.004
2680,1.654,1.512,0,0.003,0.039,0,0,,0,,,,0,,,,,0,0,0,0,0,0,0,0,1,0,1,0,1,2,0,0,0,0,0,0,272,0.002,0.001,0.005
2681,1.482,1.348,0,0.003,0.033,0,0,,0,,,,0,,,,,0,0,0,0,0,0,0,0,1,0,1,0,1,2,0,0,0,0,0,0,272,0.003,0.002,0.005
2682,1.05,0.906,0,0.003,0.047,0,0,,0,,,,0,,,,,0,0,0,0,0,0,0,0,1,0,1,0,1,2,0,0,0,0,0,0,272,0.001,0.001,0.004
2683,0.909,0.81,0,0.002,0.036,0,0,,0,,,,0,,,,,0,0,0,0,0,0,0,0,1,0,1,0,1,2,0,0,0,0,0,0,272,0.001,0,0.003
2684,0.919,0.86,0.001,0.001,0.025,0,0,,0,,,,0,,,,,0,0,0,0,0,0,0,0,1,0,1,0,1,2,0,0,0,0,0,0,272,0,0.001,0.001
2685,1.025,0.936,0,0.002,0.036,0,0,,0,,,,0,,,,,0,0,0,0,0,0,0,0,1,0,1,0,1,2,0,0,0,0,0,0,272,0.001,0.001,0.002
2686,1.065,0.931,0,0.003,0.039,0,0,,0,,,,0,,,,,0,0,0,0,0,0,0,0,1,0,1,0,1,2,0,0,0,0,0,0,272,0.001,0.001,0.005
2687,0.986,0.807,0,0.004,0.053,0,0,,0,,,,0,,,,,0,0,0,0,0,0,0,0,1,0,1,0,1,2,0,0,0,0,0,0,272,0.002,0.001,0.006
2688,0.842,0.704,0,0.002,0.051,0,0,,0,,,,0,,,,,0,0,0,0,0,0,0,0,1,0,1,0,1,2,0,0,0,0,0,0,272,0.001,0.001,0.004
2689,0.916,0.836,0,0.001,0.038,0,0,,0,,,,0,,,,,0,0,0,0,0,0,0,0,1,0,1,0,1,2,0,0,0,0,0,0,272,0.001,0,0.002
2690,0.963,0.899,0,0.001,0.032,0,0,,0,,,,0,,,,,0,0,0,0,0,0,0,0,1,0,1,0,1,2,0,0,0,0,0,0,272,0,0.001,0.001
2691,1.183,1.067,0.001,0.002,0.033,0,0,,0,,,,0,,,,,0,0,0,0,0,0,0,0,1,0,1,0,1,2,0,0,0,0,0,0,272,0.001,0.001,0.004
2692,0.81,0.678,0,0.003,0.025,0,0,,0,,,,0,,,,,0,0,0,0,0,0,0,0,1,0,1,0,1,2,0,0,0,0,0,0,272,0.002,0.001,0.004
2693,1.445,1.299,0,0.003,0.036,0,0,,0,,,,0,,,,,0,0,0,0,0,0,0,0,1,0,1,0,1,2,0,0,0,0,0,0,272,0.002,0.002,0.005
2694,0.934,0.822,0,0.002,0.033,0,0,,0,,,,0,,,,,0,0,0,0,0,0,0,0,1,0,1,0,1,2,0,0,0,0,0,0,272,0.001,0.001,0.004
2695,0.849,0.791,0,0.001,0.018,0,0,,0,,,,0,,,,,0,0,0,0,0,0,0,0,1,0,1,0,1,2,0,0,0,0,0,0,272,0.001,0,0.002
2696,2.342,2.186,0,0.003,0.05,0,0,,0,,,,0,,,,,0,0,0,0,0,0,0,0,1,0,1,0,1,2,0,0,0,0,0,0,272,0.001,0.001,0.007
2697,0.987,0.876,0,0.002,0.04,0,0,,0,,,,0,,,,,0,0,0,0,0,0,0,0,1,0,1,0,1,2,0,0,0,0,0,0,272,0.001,0.001,0.003
2698,0.924,0.852,0,0.001,0.032,0,0,,0,,,,0,,,,,0,0,0,0,0,0,0,0,1,0,1,0,1,2,0,0,0,0,0,0,272,0.001,0,0.002
2699,1.083,0.915,0,0.002,0.045,0,0,,0,,,,0,,,,,0,0,0,0,0,0,0,0,1,0,1,0,1,2,0,0,0,0,0,0,272,0.002,0.001,0.004
2700,0.948,0.802,0,0.002,0.063,0,0,,1,1109.375,230273024,286511104,1,62503872,62503872,135081984,38823561584,0,0,0,0,0,0,0,0,1,0,1,0,1,2,0,0,0,0,0,0,272,0.001,0.001,0.003
2701,0.818,0.665,0,0.002,0.068,0,0,,0,,,,0,,,,,0,0,0,0,0,0,0,0,1,0,1,0,1,2,0,0,0,0,0,0,272,0.001,0.001,0.003
2702,0.913,0.828,0,0.002,0.025,0,0,,0,,,,0,,,,,0,0,0,0,0,0,0,0,1,0,1,0,1,2,0,0,0,0,0,0,272,0.001,0.001,0.003
2703,0.9,0.826,0.001,0.002,0.026,0,0,,0,,,,0,,,,,0,0,0,0,0,0,0,0,1,0,1,0,1,2,0,0,0,0,0,0,272,0.001,0.001,0.003
2704,1.261,1.084,0,0.003,0.051,0,0,,0,,,,0,,,,,0,0,0,0,0,0,0,0,1,0,1,0,1,2,0,0,0,0,0,0,272,0.002,0.002,0.005
2705,0.966,0.785,0,0.004,0.047,0,0,,0,,,,0,,,,,0,0,0,0,0,0,0,0,1,0,1,0,1,2,0,0,0,0,0,0,272,0.001,0.001,0.006
2706,0.881,0.783,0.001,0.001,0.047,0,0,,0,,,,0,,,,,0,0,0,0,0,0,0,0,1,0,1,0,1,2,0,0,0,0,0,0,272,0.001,0,0.003
2707,1.017,0.881,0.001,0.002,0.04,0,0,,0,,,,0,,,,,0,0,0,0,0,0,0,0,1,0,1,0,1,2,0,0,0,0,0,0,272,0.002,0.001,0.005
2708,0.838,0.765,0.001,0.001,0.023,0,0,,0,,,,0,,,,,0,0,0,0,0,0,0,0,1,0,1,0,1,2,0,0,0,0,0,0,272,0.001,0.001,0.003
2709,1.371,1.26,0,0.002,0.044,0,0,,0,,,,0,,,,,0,0,0,0,0,0,0,0,1,0,1,0,1,2,0,0,0,0,0,0,272,0.001,0,0.004
2710,1.039,0.933,0,0.002,0.036,0,0,,0,,,,0,,,,,0,0,0,0,0,0,0,0,1,0,1,0,1,2,0,0,0,0,0,0,272,0.001,0,0.004
2711,1.015,0.923,0,0.002,0.035,0,0,,0,,,,0,,,,,0,0,0,0,0,0,0,0,1,0,1,0,1,2,0,0,0,0,0,0,272,0.001,0,0.002
2712,1.858,1.749,0,0.002,0.033,0,0,,0,,,,0,,,,,0,0,0,0,0,0,0,0,1,0,1,0,1,2,0,0,0,0,0,0,272,0.001,0,0.004
2713,1.071,0.962,0,0.002,0.046,0,0,,0,,,,0,,,,,0,0,0,0,0,0,0,0,1,0,1,0,1,2,0,0,0,0,0,0,272,0.001,0,0.004
2714,1.125,0.938,0,0.004,0.071,0,0,,0,,,,0,,,,,0,0,0,0,0,0,0,0,1,0,1,0,1,2,0,0,0,0,0,0,272,0.001,0.001,0.006
2715,0.615,0.487,0,0.002,0.04,0,0,,0,,,,0,,,,,0,0,0,0,0,0,0,0,1,0,1,0,1,2,0,0,0,0,0,0,272,0.001,0,0.004
2716,0.955,0.827,0,0.002,0.03,0,0,,0,,,,0,,,,,0,0,0,0,0,0,0,0,1,0,1,0,1,2,0,0,0,0,0,0,272,0.002,0.001,0.005
2717,0.958,0.851,0.001,0.001,0.038,0,0,,0,,,,0,,,,,0,0,0,0,0,0,0,0,1,0,1,0,1,2,0,0,0,0,0,0,272,0.001,0.001,0.004
2718,1.048,0.951,0,0.003,0.03,0,0,,0,,,,0,,,,,0,0,0,0,0,0,0,0,1,0,1,0,1,2,0,0,0,0,0,0,272,0.001,0.001,0.004
2719,0.948,0.843,0,0.002,0.03,0,0,,0,,,,0,,,,,0,0,0,0,0,0,0,0,1,0,1,0,1,2,0,0,0,0,0,0,272,0.001,0.002,0.003
2720,0.956,0.891,0,0.001,0.024,0,0,,0,,,,0,,,,,0,0,0,0,0,0,0,0,1,0,1,0,1,2,0,0,0,0,0,0,272,0.001,0.001,0.002
2721,1.809,1.681,0,0.003,0.034,0,0,,0,,,,0,,,,,0,0,0,0,0,0,0,0,1,0,1,0,1,2,0,0,0,0,0,0,272,0.001,0.001,0.004
2722,10.431,10.225,0,0.005,0.054,0,0,,0,,,,0,,,,,0,0,0,0,0,0,0,0,1,0,1,0,1,2,0,0,0,0,0,0,272,0.001,0.003,0.01
2723,4.355,4.205,0.001,0.003,0.043,0,0,,0,,,,0,,,,,0,0,0,0,0,0,0,0,1,0,1,0,1,2,0,0,0,0,0,0,272,0.002,0.002,0.007
2724,4.662,4.455,0,0.004,0.057,0,0,,0,,,,0,,,,,0,0,0,0,0,0,0,0,1,0,1,0,1,2,0,0,0,0,0,0,272,0.003,0.002,0.009
2725,10.006,9.784,0.001,0.005,0.05,0,0,,0,,,,0,,,,,0,0,0,0,0,0,0,0,1,0,1,0,1,2,0,0,0,0,0,0,272,0.002,0.004,0.01
2726,3.557,3.005,0,0.004,0.438,0,0,,0,,,,0,,,,,0,0,0,0,0,0,0,0,1,0,1,0,1,2,0,0,0,0,0,0,272,0.001,0.002,0.006
2727,0.467,0.348,0.001,0.003,0.034,0,0,,0,,,,0,,,,,0,0,0,0,0,0,0,0,1,0,1,0,1,2,0,0,0,0,0,0,272,0.001,0.001,0.005
2728,1.433,1.318,0,0.002,0.046,0,0,,0,,,,0,,,,,0,0,0,0,0,0,0,0,1,0,1,0,1,2,0,0,0,0,0,0,272,0.001,0.001,0.003
2729,0.935,0.855,0,0.002,0.036,0,0,,0,,,,0,,,,,0,0,0,0,0,0,0,0,1,0,1,0,1,2,0,0,0,0,0,0,272,0.001,0,0.003
2730,0.929,0.87,0,0.001,0.025,0,0,,1,1109.375,230273024,286511104,1,62503872,62503872,135081984,38823561584,0,0,0,0,0,0,0,0,1,0,1,0,1,2,0,0,0,0,0,0,272,0,0,0.001
2731,0.972,0.864,0,0.001,0.04,0,0,,0,,,,0,,,,,0,0,0,0,0,0,0,0,1,0,1,0,1,2,0,0,0,0,0,0,272,0.001,0,0.004
2732,1.026,0.845,0,0.003,0.055,0,0,,0,,,,0,,,,,0,0,0,0,0,0,0,0,1,0,1,0,1,2,0,0,0,0,0,0,272,0.002,0.002,0.006
2733,0.893,0.76,0,0.002,0.08,0,0,,0,,,,0,,,,,0,0,0,0,0,0,0,0,1,0,1,0,1,2,0,0,0,0,0,0,272,0.001,0,0.003
2734,0.964,0.767,0,0.004,0.059,0,0,,0,,,,0,,,,,0,0,0,0,0,0,0,0,1,0,1,0,1,2,0,0,0,0,0,0,272,0.002,0.002,0.007
2735,0.822,0.724,0,0.002,0.038,0,0,,0,,,,0,,,,,0,0,0,0,0,0,0,0,1,0,1,0,1,2,0,0,0,0,0,0,272,0.001,0,0.003
2736,3.313,3.104,0.001,0.004,0.057,0,0,,0,,,,0,,,,,0,0,0,0,0,0,0,0,1,0,1,0,1,2,0,0,0,0,0,0,272,0.002,0.002,0.008
2737,0.914,0.754,0,0.003,0.043,0,0,,0,,,,0,,,,,0,0,0,0,0,0,0,0,1,0,1,0,1,2,0,0,0,0,0,0,272,0.001,0.001,0.006
2738,0.904,0.781,0.001,0.002,0.059,0,0,,0,,,,0,,,,,0,0,0,0,0,0,0,0,1,0,1,0,1,2,0,0,0,0,0,0,272,0.002,0.001,0.003
2739,0.911,0.835,0,0.001,0.03,0,0,,0,,,,0,,,,,0,0,0,0,0,0,0,0,1,0,1,0,1,2,0,0,0,0,0,0,272,0.001,0,0.002
2740,1.043,0.891,0,0.001,0.084,0,0,,0,,,,0,,,,,0,0,0,0,0,0,0,0,1,0,1,0,1,2,0,0,0,0,0,0,272,0.001,0,0.01
2741,1.076,0.825,0,0.004,0.047,0,0,,0,,,,0,,,,,0,0,0,0,0,0,0,0,1,0,1,0,1,2,0,0,0,0,0,0,272,0.002,0.002,0.007
2742,0.882,0.719,0.001,0.003,0.045,0,0,,0,,,,0,,,,,0,0,0,0,0,0,0,0,1,0,1,0,1,2,0,0,0,0,0,0,272,0.001,0.002,0.006
2743,0.827,0.712,0,0.002,0.041,0,0,,0,,,,0,,,,,0,0,0,0,0,0,0,0,1,0,1,0,1,2,0,0,0,0,0,0,272,0.001,0.001,0.011
2744,1.367,1.208,0,0.004,0.046,0,0,,0,,,,0,,,,,0,0,0,0,0,0,0,0,1,0,1,0,1,2,0,0,0,0,0,0,272,0.001,0.001,0.005
2745,0.93,0.827,0,0.002,0.04,0,0,,0,,,,0,,,,,0,0,0,0,0,0,0,0,1,0,1,0,1,2,0,0,0,0,0,0,272,0.001,0.002,0.003
2746,0.952,0.859,0,0.001,0.039,0,0,,0,,,,0,,,,,0,0,0,0,0,0,0,0,1,0,1,0,1,2,0,0,0,0,0,0,272,0,0.001,0.003
2747,3.049,2.824,0.001,0.004,0.067,0,0,,0,,,,0,,,,,0,0,0,0,0,0,0,0,1,0,1,0,1,2,0,0,0,0,0,0,272,0.002,0.003,0.009
2748,0.756,0.637,0,0.002,0.041,0,0,,0,,,,0,,,,,0,0,0,0,0,0,0,0,1,0,1,0,1,2,0,0,0,0,0,0,272,0.001,0,0.004
2749,1.057,0.915,0,0.002,0.059,0,0,,0,,,,0,,,,,0,0,0,0,0,0,0,0,1,0,1,0,1,2,0,0,0,0,0,0,272,0.002,0.001,0.003
2750,0.878,0.779,0,0.002,0.033,0,0,,0,,,,0,,,,,0,0,0,0,0,0,0,0,1,0,1,0,1,2,0,0,0,0,0,0,272,0.001,0.001,0.003
2751,0.926,0.857,0,0.001,0.031,0,0,,0,,,,0,,,,,0,0,0,0,0,0,0,0,1,0,1,0,1,2,0,0,0,0,0,0,272,0,0,0.002
2752,0.984,0.892,0,0.002,0.035,0,0,,0,,,,0,,,,,0,0,0,0,0,0,0,0,1,0,1,0,1,2,0,0,0,0,0,0,272,0.001,0,0.011
2753,1.494,1.418,0,0.002,0.029,0,0,,0,,,,0,,,,,0,0,0,0,0,0,0,0,1,0,1,0,1,2,0,0,0,0,0,0,272,0.001,0.001,0.003
2754,0.921,0.864,0,0.001,0.027,0,0,,0,,,,0,,,,,0,0,0,0,0,0,0,0,1,0,1,0,1,2,0,0,0,0,0,0,272,0,0.001,0.001
2755,1.098,0.937,0,0.004,0.057,0,0,,0,,,,0,,,,,0,0,0,0,0,0,0,0,1,0,1,0,1,2,0,0,0,0,0,0,272,0.001,0.001,0.006
2756,0.926,0.813,0.001,0.001,0.035,0,0,,0,,,,0,,,,,0,0,0,0,0,0,0,0,1,0,1,0,1,2,0,0,0,0,0,0,272,0.001,0,0.003
2757,0.906,0.806,0,0.001,0.037,0,0,,0,,,,0,,,,,0,0,0,0,0,0,0,0,1,0,1,0,1,2,0,0,0,0,0,0,272,0.001,0.001,0.002
2758,1.404,1.178,0.001,0.004,0.096,0,0,,0,,,,0,,,,,0,0,0,0,0,0,0,0,1,0,1,0,1,2,0,0,0,0,0,0,272,0.002,0.002,0.005
2759,0.891,0.772,0,0.002,0.039,0,0,,0,,,,0,,,,,0,0,0,0,0,0,0,0,1,0,1,0,1,2,0,0,0,0,0,0,272,0.002,0.001,0.004
2760,1.131,0.917,0,0.001,0.079,0,0,,1,1140.625,230273024,286511104,1,62503872,62503872,135081984,38823561584,0,0,0,0,0,0,0,0,1,0,1,0,1,2,0,0,0,0,0,0,272,0,0.001,0.003
2761,0.495,0.393,0,0.003,0.032,0,0,,0,,,,0,,,,,0,0,0,0,0,0,0,0,1,0,1,0,1,2,0,0,0,0,0,0,272,0.001,0.001,0.004
2762,11.86,11.665,0.001,0.005,0.043,0,0,,0,,,,0,,,,,0,0,0,0,0,0,0,0,1,0,1,0,1,2,0,0,0,0,0,0,272,0.002,0.003,0.009
2763,1.696,1.6,0,0.001,0.032,0,0,,0,,,,0,,,,,0,0,0,0,0,0,0,0,1,0,1,0,1,2,0,0,0,0,0,0,272,0.001,0,0.004
2764,1.184,1.086,0.001,0.001,0.041,0,0,,0,,,,0,,,,,0,0,0,0,0,0,0,0,1,0,1,0,1,2,0,0,0,0,0,0,272,0.01,0,0.003
2765,1.012,0.818,0,0.004,0.055,0,0,,0,,,,0,,,,,0,0,0,0,0,0,0,0,1,0,1,0,1,2,0,0,0,0,0,0,272,0.002,0.001,0.008
2766,2.583,2.392,0,0.004,0.055,0,0,,0,,,,0,,,,,0,0,0,0,0,0,0,0,1,0,1,0,1,2,0,0,0,0,0,0,272,0.002,0.002,0.006
2767,0.825,0.715,0,0.002,0.042,0,0,,0,,,,0,,,,,0,0,0,0,0,0,0,0,1,0,1,0,1,2,0,0,0,0,0,0,272,0,0,0.003
2768,0.865,0.779,0,0.001,0.04,0,0,,0,,,,0,,,,,0,0,0,0,0,0,0,0,1,0,1,0,1,2,0,0,0,0,0,0,272,0.001,0,0.002
2769,0.873,0.793,0,0.001,0.04,0,0,,0,,,,0,,,,,0,0,0,0,0,0,0,0,1,0,1,0,1,2,0,0,0,0,0,0,272,0.001,0,0.002
2770,0.878,0.799,0,0.001,0.04,0,0,,0,,,,0,,,,,0,0,0,0,0,0,0,0,1,0,1,0,1,2,0,0,0,0,0,0,272,0,0,0.002
2771,0.886,0.806,0.001,0.001,0.042,0,0,,0,,,,0,,,,,0,0,0,0,0,0,0,0,1,0,1,0,1,2,0,0,0,0,0,0,272,0,0.001,0.002
2772,0.879,0.783,0,0.001,0.048,0,0,,0,,,,0,,,,,0,0,0,0,0,0,0,0,1,0,1,0,1,2,0,0,0,0,0,0,272,0,0,0.003
2773,1.108,1.019,0,0.002,0.04,0,0,,0,,,,0,,,,,0,0,0,0,0,0,0,0,1,0,1,0,1,2,0,0,0,0,0,0,272,0.001,0.001,0.003
2774,0.909,0.831,0,0.001,0.041,0,0,,0,,,,0,,,,,0,0,0,0,0,0,0,0,1,0,1,0,1,2,0,0,0,0,0,0,272,0.001,0,0.003
2775,0.921,0.787,0,0.003,0.046,0,0,,0,,,,0,,,,,0,0,0,0,0,0,0,0,1,0,1,0,1,2,0,0,0,0,0,0,272,0.001,0.001,0.004
2776,0.825,0.708,0,0.003,0.028,0,0,,0,,,,0,,,,,0,0,0,0,0,0,0,0,1,0,1,0,1,2,0,0,0,0,0,0,272,0.001,0.002,0.005
2777,0.927,0.853,0,0.002,0.023,0,0,,0,,,,0,,,,,0,0,0,0,0,0,0,0,1,0,1,0,1,2,0,0,0,0,0,0,272,0.001,0.001,0.003
2778,1.181,1.099,0,0.002,0.026,0,0,,0,,,,0,,,,,0,0,0,0,0,0,0,0,1,0,1,0,1,2,0,0,0,0,0,0,272,0.001,0.001,0.003
2779,0.982,0.913,0,0.002,0.025,0,0,,0,,,,0,,,,,0,0,0,0,0,0,0,0,1,0,1,0,1,2,0,0,0,0,0,0,272,0.001,0.001,0.002
2780,0.941,0.845,0,0.002,0.036,0,0,,0,,,,0,,,,,0,0,0,0,0,0,0,0,1,0,1,0,1,2,0,0,0,0,0,0,272,0.001,0.001,0.003
2781,0.888,0.832,0,0,0.025,0,0,,0,,,,0,,,,,0,0,0,0,0,0,0,0,1,0,1,0,1,2,0,0,0,0,0,0,272,0.001,0,0.002
2782,2.317,2.198,0.001,0.003,0.029,0,0,,0,,,,0,,,,,0,0,0,0,0,0,0,0,1,0,1,0,1,2,0,0,0,0,0,0,272,0.001,0.001,0.005
2783,1.486,1.31,0.001,0.003,0.05,0,0,,0,,,,0,,,,,0,0,0,0,0,0,0,0,1,0,1,0,1,2,0,0,0,0,0,0,272,0.002,0.001,0.006
2784,0.829,0.734,0,0.002,0.042,0,0,,0,,,,0,,,,,0,0,0,0,0,0,0,0,1,0,1,0,1,2,0,0,0,0,0,0,272,0.001,0.001,0.003
2785,1.013,0.833,0,0.003,0.071,0,0,,0,,,,0,,,,,0,0,0,0,0,0,0,0,1,0,1,0,1,2,0,0,0,0,0,0,272,0.001,0.001,0.005
2786,0.827,0.722,0,0.002,0.041,0,0,,0,,,,0,,,,,0,0,0,0,0,0,0,0,1,0,1,0,1,2,0,0,0,0,0,0,272,0.001,0,0.004
2787,0.903,0.825,0,0.002,0.034,0,0,,0,,,,0,,,,,0,0,0,0,0,0,0,0,1,0,1,0,1,2,0,0,0,0,0,0,272,0.001,0,0.002
2788,1.611,1.471,0,0.004,0.041,0,0,,0,,,,0,,,,,0,0,0,0,0,0,0,0,1,0,1,0,1,2,0,0,0,0,0,0,272,0.002,0.002,0.005
2789,0.873,0.79,0,0.002,0.029,0,0,,0,,,,0,,,,,0,0,0,0,0,0,0,0,1,0,1,0,1,2,0,0,0,0,0,0,272,0.001,0,0.003
2790,0.932,0.836,0.001,0.002,0.029,0,0,,1,1156.25,230273024,286511104,1,62503872,62503872,135081984,38823561584,0,0,0,0,0,0,0,0,1,0,1,0,1,2,0,0,0,0,0,0,272,0.001,0.001,0.003
2791,0.928,0.83,0,0.002,0.027,0,0,,0,,,,0,,,,,0,0,0,0,0,0,0,0,1,0,1,0,1,2,0,0,0,0,0,0,272,0.001,0.001,0.004
2792,0.814,0.767,0,0.001,0.013,0,0,,0,,,,0,,,,,0,0,0,0,0,0,0,0,1,0,1,0,1,2,0,0,0,0,0,0,272,0,0.001,0.001
2793,4.972,4.806,0,0.004,0.036,0,0,,0,,,,0,,,,,0,0,0,0,0,0,0,0,1,0,1,0,1,2,0,0,0,0,0,0,272,0.001,0.003,0.008
2794,8.252,8.013,0.001,0.005,0.07,0,0,,0,,,,0,,,,,0,0,0,0,0,0,0,0,1,0,1,0,1,2,0,0,0,0,0,0,272,0.002,0.002,0.01
2795,0.658,0.555,0,0.002,0.037,0,0,,0,,,,0,,,,,0,0,0,0,0,0,0,0,1,0,1,0,1,2,0,0,0,0,0,0,272,0,0,0.003
2796,0.955,0.763,0,0.004,0.055,0,0,,0,,,,0,,,,,0,0,0,0,0,0,0,0,1,0,1,0,1,2,0,0,0,0,0,0,272,0.002,0.002,0.007
2797,0.877,0.677,0.001,0.003,0.023,0,0,,0,,,,0,,,,,0,0,0,0,0,0,0,0,1,0,1,0,1,2,0,0,0,0,0,0,272,0.001,0.001,0.003
2798,0.868,0.735,0,0.003,0.036,0,0,,0,,,,0,,,,,0,0,0,0,0,0,0,0,1,0,1,0,1,2,0,0,0,0,0,0,272,0.001,0.002,0.004
2799,0.97,0.892,0,0.001,0.022,0,0,,0,,,,0,,,,,0,0,0,0,0,0,0,0,1,0,1,0,1,2,0,0,0,0,0,0,272,0.001,0,0.002
2800,1.037,0.956,0,0.002,0.032,0,0,,0,,,,0,,,,,0,0,0,0,0,0,0,0,1,0,1,0,1,2,0,0,0,0,0,0,272,0.001,0,0.003
2801,1.037,0.94,0.001,0.001,0.048,0,0,,0,,,,0,,,,,0,0,0,0,0,0,0,0,1,0,1,0,1,2,0,0,0,0,0,0,272,0.001,0.001,0.002
2802,0.884,0.755,0.001,0.002,0.036,0,0,,0,,,,0,,,,,0,0,0,0,0,0,0,0,1,0,1,0,1,2,0,0,0,0,0,0,272,0.001,0.001,0.004
2803,2.793,2.618,0,0.003,0.056,0,0,,0,,,,0,,,,,0,0,0,0,0,0,0,0,1,0,1,0,1,2,0,0,0,0,0,0,272,0.002,0.001,0.006
2804,0.735,0.634,0,0.002,0.042,0,0,,0,,,,0,,,,,0,0,0,0,0,0,0,0,1,0,1,0,1,2,0,0,0,0,0,0,272,0.001,0.001,0.002
2805,0.832,0.731,0,0.002,0.042,0,0,,0,,,,0,,,,,0,0,0,0,0,0,0,0,1,0,1,0,1,2,0,0,0,0,0,0,272,0.001,0.001,0.002
2806,0.841,0.728,0,0.003,0.036,0,0,,0,,,,0,,,,,0,0,0,0,0,0,0,0,1,0,1,0,1,2,0,0,0,0,0,0,272,0.001,0,0.004
2807,0.879,0.737,0,0.003,0.045,0,0,,0,,,,0,,,,,0,0,0,0,0,0,0,0,1,0,1,0,1,2,0,0,0,0,0,0,272,0.001,0.001,0.004
2808,0.82,0.641,0,0.003,0.048,0,0,,0,,,,0,,,,,0,0,0,0,0,0,0,0,1,0,1,0,1,2,0,0,0,0,0,0,272,0.001,0.001,0.006
2809,1.194,1.057,0,0.003,0.039,0,0,,0,,,,0,,,,,0,0,0,0,0,0,0,0,1,0,1,0,1,2,0,0,0,0,0,0,272,0.002,0.002,0.004
2810,0.647,0.549,0,0.002,0.026,0,0,,0,,,,0,,,,,0,0,0,0,0,0,0,0,1,0,1,0,1,2,0,0,0,0,0,0,272,0.001,0.001,0.004
2811,0.84,0.664,0,0.004,0.058,0,0,,0,,,,0,,,,,0,0,0,0,0,0,0,0,1,0,1,0,1,2,0,0,0,0,0,0,272,0.002,0.002,0.005
2812,0.688,0.574,0,0.002,0.058,0,0,,0,,,,0,,,,,0,0,0,0,0,0,0,0,1,0,1,0,1,2,0,0,0,0,0,0,272,0,0,0.003
2813,0.757,0.651,0,0.002,0.033,0,0,,0,,,,0,,,,,0,0,0,0,0,0,0,0,1,0,1,0,1,2,0,0,0,0,0,0,272,0.001,0.001,0.003
2814,0.813,0.647,0.001,0.003,0.037,0,0,,0,,,,0,,,,,0,0,0,0,0,0,0,0,1,0,1,0,1,2,0,0,0,0,0,0,272,0.003,0.002,0.005
2815,0.645,0.545,0,0.002,0.03,0,0,,0,,,,0,,,,,0,0,0,0,0,0,0,0,1,0,1,0,1,2,0,0,0,0,0,0,272,0.001,0.001,0.003
2816,0.94,0.866,0,0.001,0.028,0,0,,0,,,,0,,,,,0,0,0,0,0,0,0,0,1,0,1,0,1,2,0,0,0,0,0,0,272,0,0,0.002
2817,0.729,0.683,0,0,0.016,0,0,,0,,,,0,,,,,0,0,0,0,0,0,0,0,1,0,1,0,1,2,0,0,0,0,0,0,272,0,0.001,0.002
2818,0.892,0.709,0,0.003,0.072,0,0,,0,,,,0,,,,,0,0,0,0,0,0,0,0,1,0,1,0,1,2,0,0,0,0,0,0,272,0.001,0.001,0.019
2819,0.644,0.559,0,0.002,0.026,0,0,,0,,,,0,,,,,0,0,0,0,0,0,0,0,1,0,1,0,1,2,0,0,0,0,0,0,272,0.001,0,0.003
2820,0.761,0.663,0,0.002,0.038,0,0,,1,1156.25,230338560,286511104,1,62503872,62503872,135081984,38823561584,0,0,0,0,0,0,0,0,1,0,1,0,1,2,0,0,0,0,0,0,272,0,0,0.003
2821,1.741,1.552,0.001,0.004,0.051,0,0,,0,,,,0,,,,,0,0,0,0,0,0,0,0,1,0,1,0,1,2,0,0,0,0,0,0,272,0.001,0.002,0.004
2822,1.676,1.559,0,0.003,0.028,0,0,,0,,,,0,,,,,0,0,0,0,0,0,0,0,1,0,1,0,1,2,0,0,0,0,0,0,272,0.002,0.001,0.005
2823,0.821,0.69,0,0.003,0.035,0,0,,0,,,,0,,,,,0,0,0,0,0,0,0,0,1,0,1,0,1,2,0,0,0,0,0,0,272,0.001,0.001,0.005
2824,0.813,0.697,0,0.002,0.055,0,0,,0,,,,0,,,,,0,0,0,0,0,0,0,0,1,0,1,0,1,2,0,0,0,0,0,0,272,0.001,0.001,0.003
2825,0.551,0.493,0,0.001,0.023,0,0,,0,,,,0,,,,,0,0,0,0,0,0,0,0,1,0,1,0,1,2,0,0,0,0,0,0,272,0.001,0,0.002
2826,0.911,0.765,0.001,0.002,0.052,0,0,,0,,,,0,,,,,0,0,0,0,0,0,0,0,1,0,1,0,1,2,0,0,0,0,0,0,272,0.002,0.001,0.005
2827,3.17,3.014,0,0.003,0.051,0,0,,0,,,,0,,,,,0,0,0,0,0,0,0,0,1,0,1,0,1,2,0,0,0,0,0,0,272,0.002,0.001,0.005
2828,2.183,2.038,0,0.002,0.035,0,0,,0,,,,0,,,,,0,0,0,0,0,0,0,0,1,0,1,0,1,2,0,0,0,0,0,0,272,0.001,0.002,0.005
2829,1.938,1.841,0,0.003,0.029,0,0,,0,,,,0,,,,,0,0,0,0,0,0,0,0,1,0,1,0,1,2,0,0,0,0,0,0,272,0.001,0.001,0.003
2830,5.385,4.865,0,0.003,0.431,0,0,,0,,,,0,,,,,0,0,0,0,0,0,0,0,1,0,1,0,1,2,0,0,0,0,0,0,272,0.001,0.001,0.006
2831,0.388,0.281,0,0.002,0.039,0,0,,0,,,,0,,,,,0,0,0,0,0,0,0,0,1,0,1,0,1,2,0,0,0,0,0,0,272,0.002,0.001,0.003
2832,0.764,0.699,0,0.001,0.024,0,0,,0,,,,0,,,,,0,0,0,0,0,0,0,0,1,0,1,0,1,2,0,0,0,0,0,0,272,0.001,0,0.003
2833,0.814,0.751,0,0.001,0.031,0,0,,0,,,,0,,,,,0,0,0,0,0,0,0,0,1,0,1,0,1,2,0,0,0,0,0,0,272,0,0,0.002
2834,0.816,0.749,0,0.001,0.028,0,0,,0,,,,0,,,,,0,0,0,0,0,0,0,0,1,0,1,0,1,2,0,0,0,0,0,0,272,0.001,0,0.002
2835,0.798,0.736,0,0.001,0.03,0,0,,0,,,,0,,,,,0,0,0,0,0,0,0,0,1,0,1,0,1,2,0,0,0,0,0,0,272,0.001,0,0.002
2836,1.329,1.266,0,0.001,0.028,0,0,,0,,,,0,,,,,0,0,0,0,0,0,0,0,1,0,1,0,1,2,0,0,0,0,0,0,272,0.001,0,0.002
2837,0.812,0.748,0,0.001,0.033,0,0,,0,,,,0,,,,,0,0,0,0,0,0,0,0,1,0,1,0,1,2,0,0,0,0,0,0,272,0,0,0.002
2838,0.804,0.753,0,0.001,0.024,0,0,,0,,,,0,,,,,0,0,0,0,0,0,0,0,1,0,1,0,1,2,0,0,0,0,0,0,272,0.001,0,0.002
2839,0.994,0.776,0,0.004,0.05,0,0,,0,,,,0,,,,,0,0,0,0,0,0,0,0,1,0,1,0,1,2,0,0,0,0,0,0,272,0.002,0.002,0.008
2840,0.732,0.539,0,0.002,0.129,0,0,,0,,,,0,,,,,0,0,0,0,0,0,0,0,1,0,1,0,1,2,0,0,0,0,0,0,272,0.001,0.001,0.003
2841,0.683,0.592,0,0.003,0.028,0,0,,0,,,,0,,,,,0,0,0,0,0,0,0,0,1,0,1,0,1,2,0,0,0,0,0,0,272,0.001,0.001,0.003
2842,0.704,0.662,0,0.001,0.012,0,0,,0,,,,0,,,,,0,0,0,0,0,0,0,0,1,0,1,0,1,2,0,0,0,0,0,0,272,0,0.001,0.001
2843,1.19,1.038,0,0.003,0.057,0,0,,0,,,,0,,,,,0,0,0,0,0,0,0,0,1,0,1,0,1,2,0,0,0,0,0,0,272,0.001,0.001,0.004
2844,0.744,0.648,0,0.002,0.043,0,0,,0,,,,0,,,,,0,0,0,0,0,0,0,0,1,0,1,0,1,2,0,0,0,0,0,0,272,0.001,0.001,0.003
2845,0.813,0.707,0,0.002,0.044,0,0,,0,,,,0,,,,,0,0,0,0,0,0,0,0,1,0,1,0,1,2,0,0,0,0,0,0,272,0.001,0.001,0.003
2846,0.774,0.689,0,0.001,0.04,0,0,,0,,,,0,,,,,0,0,0,0,0,0,0,0,1,0,1,0,1,2,0,0,0,0,0,0,272,0.001,0,0.002
2847,2.476,2.313,0,0.004,0.029,0,0,,0,,,,0,,,,,0,0,0,0,0,0,0,0,1,0,1,0,1,2,0,0,0,0,0,0,272,0.002,0.002,0.006
2848,0.641,0.561,0,0.002,0.032,0,0,,0,,,,0,,,,,0,0,0,0,0,0,0,0,1,0,1,0,1,2,0,0,0,0,0,0,272,0.001,0,0.002
2849,0.84,0.776,0,0.001,0.029,0,0,,0,,,,0,,,,,0,0,0,0,0,0,0,0,1,0,1,0,1,2,0,0,0,0,0,0,272,0,0,0.002
2850,0.801,0.738,0,0.001,0.034,0,0,,1,1156.25,230338560,286511104,1,62503872,62503872,135081984,38823561584,0,0,0,0,0,0,0,0,1,0,1,0,1,2,0,0,0,0,0,0,272,0,0,0.002
2851,0.876,0.811,0,0.001,0.033,0,0,,0,,,,0,,,,,0,0,0,0,0,0,0,0,1,0,1,0,1,2,0,0,0,0,0,0,272,0,0,0.002
2852,0.857,0.634,0,0.004,0.068,0,0,,0,,,,0,,,,,0,0,0,0,0,0,0,0,1,0,1,0,1,2,0,0,0,0,0,0,272,0.002,0.001,0.006
2853,0.629,0.517,0,0.002,0.049,0,0,,0,,,,0,,,,,0,0,0,0,0,0,0,0,1,0,1,0,1,2,0,0,0,0,0,0,272,0.001,0.001,0.003
2854,1.372,1.172,0,0.004,0.066,0,0,,0,,,,0,,,,,0,0,0,0,0,0,0,0,1,0,1,0,1,2,0,0,0,0,0,0,272,0.003,0.002,0.006
2855,0.641,0.531,0,0.002,0.046,0,0,,0,,,,0,,,,,0,0,0,0,0,0,0,0,1,0,1,0,1,2,0,0,0,0,0,0,272,0.001,0.001,0.003
2856,0.875,0.751,0,0.002,0.043,0,0,,0,,,,0,,,,,0,0,0,0,0,0,0,0,1,0,1,0,1,2,0,0,0,0,0,0,272,0.001,0.001,0.003
2857,0.793,0.667,0,0.001,0.028,0,0,,0,,,,0,,,,,0,0,0,0,0,0,0,0,1,0,1,0,1,2,0,0,0,0,0,0,272,0.001,0,0.002
2858,0.855,0.676,0,0.003,0.065,0,0,,0,,,,0,,,,,0,0,0,0,0,0,0,0,1,0,1,0,1,2,0,0,0,0,0,0,272,0.002,0.001,0.005
2859,0.794,0.637,0,0.003,0.042,0,0,,0,,,,0,,,,,0,0,0,0,0,0,0,0,1,0,1,0,1,2,0,0,0,0,0,0,272,0.002,0.001,0.005
2860,0.719,0.577,0,0.003,0.029,0,0,,0,,,,0,,,,,0,0,0,0,0,0,0,0,1,0,1,0,1,2,0,0,0,0,0,0,272,0.001,0.001,0.004
2861,0.996,0.891,0.001,0.002,0.042,0,0,,0,,,,0,,,,,0,0,0,0,0,0,0,0,1,0,1,0,1,2,0,0,0,0,0,0,272,0.001,0.001,0.003
2862,0.797,0.704,0,0.002,0.035,0,0,,0,,,,0,,,,,0,0,0,0,0,0,0,0,1,0,1,0,1,2,0,0,0,0,0,0,272,0.001,0.001,0.003
2863,0.785,0.718,0,0.001,0.026,0,0,,0,,,,0,,,,,0,0,0,0,0,0,0,0,1,0,1,0,1,2,0,0,0,0,0,0,272,0.001,0,0.002
2864,0.81,0.739,0,0.001,0.035,0,0,,0,,,,0,,,,,0,0,0,0,0,0,0,0,1,0,1,0,1,2,0,0,0,0,0,0,272,0,0.001,0.002
2865,2.787,2.621,0,0.003,0.053,0,0,,0,,,,0,,,,,0,0,0,0,0,0,0,0,1,0,1,0,1,2,0,0,0,0,0,0,272,0.001,0.001,0.006
2866,0.641,0.56,0,0.002,0.026,0,0,,0,,,,0,,,,,0,0,0,0,0,0,0,0,1,0,1,0,1,2,0,0,0,0,0,0,272,0,0.001,0.004
2867,0.853,0.732,0,0.003,0.04,0,0,,0,,,,0,,,,,0,0,0,0,0,0,0,0,1,0,1,0,1,2,0,0,0,0,0,0,272,0.001,0.001,0.005
2868,0.721,0.671,0,0.001,0.02,0,0,,0,,,,0,,,,,0,0,0,0,0,0,0,0,1,0,1,0,1,2,0,0,0,0,0,0,272,0,0.001,0.002
2869,0.888,0.766,0.001,0.002,0.037,0,0,,0,,,,0,,,,,0,0,0,0,0,0,0,0,1,0,1,0,1,2,0,0,0,0,0,0,272,0.001,0.001,0.004
2870,0.761,0.654,0,0.002,0.034,0,0,,0,,,,0,,,,,0,0,0,0,0,0,0,0,1,0,1,0,1,2,0,0,0,0,0,0,272,0.001,0.001,0.004
2871,0.873,0.703,0,0.003,0.049,0,0,,0,,,,0,,,,,0,0,0,0,0,0,0,0,1,0,1,0,1,2,0,0,0,0,0,0,272,0.002,0.001,0.006
2872,2.755,2.573,0,0.004,0.041,0,0,,0,,,,0,,,,,0,0,0,0,0,0,0,0,1,0,1,0,1,2,0,0,0,0,0,0,272,0.002,0.002,0.008
2873,2.346,2.211,0,0.003,0.023,0,0,,0,,,,0,,,,,0,0,0,0,0,0,0,0,1,0,1,0,1,2,0,0,0,0,0,0,272,0.001,0.002,0.007
2874,1.866,1.749,0,0.002,0.036,0,0,,0,,,,0,,,,,0,0,0,0,0,0,0,0,1,0,1,0,1,2,0,0,0,0,0,0,272,0.001,0.001,0.004
2875,2.778,2.609,0,0.004,0.032,0,0,,0,,,,0,,,,,0,0,0,0,0,0,0,0,1,0,1,0,1,2,0,0,0,0,0,0,272,0.003,0.002,0.007
2876,4.89,4.736,0,0.004,0.038,0,0,,0,,,,0,,,,,0,0,0,0,0,0,0,0,1,0,1,0,1,2,0,0,0,0,0,0,272,0.002,0.003,0.007
2877,1.877,1.682,0,0.004,0.062,0,0,,0,,,,0,,,,,0,0,0,0,0,0,0,0,1,0,1,0,1,2,0,0,0,0,0,0,272,0.001,0.002,0.007
2878,0.906,0.796,0,0.003,0.033,0,0,,0,,,,0,,,,,0,0,0,0,0,0,0,0,1,0,1,0,1,2,0,0,0,0,0,0,272,0.001,0.001,0.004
2879,0.958,0.784,0,0.003,0.054,0,0,,0,,,,0,,,,,0,0,0,0,0,0,0,0,1,0,1,0,1,2,0,0,0,0,0,0,272,0.002,0.002,0.006
2880,0.821,0.717,0,0.002,0.043,0,0,,1,1171.875,229212160,284794880,1,62503872,62503872,135081984,38823561584,0,0,0,0,0,0,0,0,1,0,1,0,1,2,0,0,0,0,0,0,272,0.001,0.001,0.003
2881,0.859,0.763,0,0.002,0.031,0,0,,0,,,,0,,,,,0,0,0,0,0,0,0,0,1,0,1,0,1,2,0,0,0,0,0,0,272,0.001,0.001,0.003
2882,0.945,0.8,0,0.003,0.045,0,0,,0,,,,0,,,,,0,0,0,0,0,0,0,0,1,0,1,0,1,2,0,0,0,0,0,0,272,0.002,0.001,0.005
2883,0.856,0.702,0.001,0.003,0.036,0,0,,0,,,,0,,,,,0,0,0,0,0,0,0,0,1,0,1,0,1,2,0,0,0,0,0,0,272,0.001,0.001,0.006
2884,1.102,0.994,0.001,0.002,0.023,0,0,,0,,,,0,,,,,0,0,0,0,0,0,0,0,1,0,1,0,1,2,0,0,0,0,0,0,272,0.002,0.001,0.004
2885,0.95,0.85,0,0.002,0.048,0,0,,0,,,,0,,,,,0,0,0,0,0,0,0,0,1,0,1,0,1,2,0,0,0,0,0,0,272,0.001,0.001,0.002
2886,0.968,0.814,0,0.003,0.041,0,0,,0,,,,0,,,,,0,0,0,0,0,0,0,0,1,0,1,0,1,2,0,0,0,0,0,0,272,0.002,0.001,0.006
2887,1.32,1.144,0.001,0.003,0.054,0,0,,0,,,,0,,,,,0,0,0,0,0,0,0,0,1,0,1,0,1,2,0,0,0,0,0,0,272,0.002,0.001,0.006
2888,0.814,0.675,0,0.003,0.04,0,0,,0,,,,0,,,,,0,0,0,0,0,0,0,0,1,0,1,0,1,2,0,0,0,0,0,0,272,0.001,0.001,0.003
2889,0.892,0.798,0,0.001,0.04,0,0,,0,,,,0,,,,,0,0,0,0,0,0,0,0,1,0,1,0,1,2,0,0,0,0,0,0,272,0.001,0.001,0.003
2890,0.873,0.809,0,0.001,0.03,0,0,,0,,,,0,,,,,0,0,0,0,0,0,0,0,1,0,1,0,1,2,0,0,0,0,0,0,272,0.001,0,0.002
2891,0.918,0.846,0,0.001,0.039,0,0,,0,,,,0,,,,,0,0,0,0,0,0,0,0,1,0,1,0,1,2,0,0,0,0,0,0,272,0,0,0.002
2892,0.899,0.841,0,0.001,0.026,0,0,,0,,,,0,,,,,0,0,0,0,0,0,0,0,1,0,1,0,1,2,0,0,0,0,0,0,272,0.001,0,0.002
2893,0.908,0.842,0,0.001,0.033,0,0,,0,,,,0,,,,,0,0,0,0,0,0,0,0,1,0,1,0,1,2,0,0,0,0,0,0,272,0.001,0,0.002
2894,0.647,0.584,0.001,0,0.031,0,0,,0,,,,0,,,,,0,0,0,0,0,0,0,0,1,0,1,0,1,2,0,0,0,0,0,0,272,0.001,0,0.002
2895,0.752,0.663,0.001,0.002,0.027,0,0,,0,,,,0,,,,,0,0,0,0,0,0,0,0,1,0,1,0,1,2,0,0,0,0,0,0,272,0.001,0,0.004
2896,0.502,0.415,0,0.002,0.021,0,0,,0,,,,0,,,,,0,0,0,0,0,0,0,0,1,0,1,0,1,2,0,0,0,0,0,0,272,0.001,0,0.004
2897,0.859,0.768,0,0.001,0.03,0,0,,0,,,,0,,,,,0,0,0,0,0,0,0,0,1,0,1,0,1,2,0,0,0,0,0,0,272,0,0,0.003
2898,0.355,0.308,0.001,0.001,0.018,0,0,,0,,,,0,,,,,0,0,0,0,0,0,0,0,1,0,1,0,1,2,0,0,0,0,0,0,272,0,0,0.002
2899,0.631,0.591,0,0.001,0.015,0,0,,0,,,,0,,,,,0,0,0,0,0,0,0,0,1,0,1,0,1,2,0,0,0,0,0,0,272,0,0.001,0.001
2900,0.654,0.617,0,0.001,0.015,0,0,,0,,,,0,,,,,0,0,0,0,0,0,0,0,1,0,1,0,1,2,0,0,0,0,0,0,272,0.001,0,0.001
2901,0.772,0.583,0.001,0.003,0.071,0,0,,0,,,,0,,,,,0,0,0,0,0,0,0,0,1,0,1,0,1,2,0,0,0,0,0,0,272,0.001,0.001,0.006
2902,0.505,0.4,0,0.002,0.036,0,0,,0,,,,0,,,,,0,0,0,0,0,0,0,0,1,0,1,0,1,2,0,0,0,0,0,0,272,0.001,0.001,0.003
2903,1.107,0.913,0,0.003,0.093,0,0,,0,,,,0,,,,,0,0,0,0,0,0,0,0,1,0,1,0,1,2,0,0,0,0,0,0,272,0.001,0.001,0.005
2904,0.495,0.404,0,0.002,0.037,0,0,,0,,,,0,,,,,0,0,0,0,0,0,0,0,1,0,1,0,1,2,0,0,0,0,0,0,272,0.001,0.001,0.003
2905,0.716,0.524,0.001,0.003,0.043,0,0,,0,,,,0,,,,,0,0,0,0,0,0,0,0,1,0,1,0,1,2,0,0,0,0,0,0,272,0.002,0.001,0.007
2906,0.503,0.401,0,0.002,0.044,0,0,,0,,,,0,,,,,0,0,0,0,0,0,0,0,1,0,1,0,1,2,0,0,0,0,0,0,272,0,0,0.003
2907,0.648,0.549,0,0.001,0.045,0,0,,0,,,,0,,,,,0,0,0,0,0,0,0,0,1,0,1,0,1,2,0,0,0,0,0,0,272,0.001,0,0.002
2908,0.59,0.515,0.001,0.001,0.036,0,0,,0,,,,0,,,,,0,0,0,0,0,0,0,0,1,0,1,0,1,2,0,0,0,0,0,0,272,0,0,0.002
2909,1.116,1.038,0,0.002,0.025,0,0,,0,,,,0,,,,,0,0,0,0,0,0,0,0,1,0,1,0,1,2,0,0,0,0,0,0,272,0,0.001,0.003
2910,0.603,0.531,0,0.001,0.021,0,0,,1,1203.125,229212160,284794880,1,62503872,62503872,135081984,38823561584,0,0,0,0,0,0,0,0,1,0,1,0,1,2,0,0,0,0,0,0,272,0,0.001,0.002
2911,0.655,0.583,0,0.001,0.032,0,0,,0,,,,0,,,,,0,0,0,0,0,0,0,0,1,0,1,0,1,2,0,0,0,0,0,0,272,0,0,0.002
2912,0.627,0.56,0,0.001,0.031,0,0,,0,,,,0,,,,,0,0,0,0,0,0,0,0,1,0,1,0,1,2,0,0,0,0,0,0,272,0.001,0,0.002
2913,0.625,0.563,0,0.001,0.029,0,0,,0,,,,0,,,,,0,0,0,0,0,0,0,0,1,0,1,0,1,2,0,0,0,0,0,0,272,0,0,0.002
2914,0.63,0.572,0,0.001,0.027,0,0,,0,,,,0,,,,,0,0,0,0,0,0,0,0,1,0,1,0,1,2,0,0,0,0,0,0,272,0,0,0.003
2915,0.633,0.575,0,0.001,0.028,0,0,,0,,,,0,,,,,0,0,0,0,0,0,0,0,1,0,1,0,1,2,0,0,0,0,0,0,272,0,0,0.002
2916,0.635,0.574,0,0.001,0.03,0,0,,0,,,,0,,,,,0,0,0,0,0,0,0,0,1,0,1,0,1,2,0,0,0,0,0,0,272,0,0.001,0.002
2917,0.581,0.554,0,0,0.012,0,0,,0,,,,0,,,,,0,0,0,0,0,0,0,0,1,0,1,0,1,2,0,0,0,0,0,0,272,0.001,0,0.001
2918,0.721,0.628,0.001,0.001,0.035,0,0,,0,,,,0,,,,,0,0,0,0,0,0,0,0,1,0,1,0,1,2,0,0,0,0,0,0,272,0.001,0.001,0.003
2919,0.646,0.56,0.001,0.002,0.026,0,0,,0,,,,0,,,,,0,0,0,0,0,0,0,0,1,0,1,0,1,2,0,0,0,0,0,0,272,0.001,0,0.004
2920,0.421,0.303,0,0.002,0.024,0,0,,0,,,,0,,,,,0,0,0,0,0,0,0,0,1,0,1,0,1,2,0,0,0,0,0,0,272,0.001,0.001,0.005
2921,0.541,0.43,0,0.003,0.029,0,0,,0,,,,0,,,,,0,0,0,0,0,0,0,0,1,0,1,0,1,2,0,0,0,0,0,0,272,0.001,0.002,0.004
2922,0.563,0.31,0,0.003,0.108,0,0,,0,,,,0,,,,,0,0,0,0,0,0,0,0,1,0,1,0,1,2,0,0,0,0,0,0,272,0.001,0.001,0.006
2923,0.273,0.2,0,0.001,0.04,0,0,,0,,,,0,,,,,0,0,0,0,0,0,0,0,1,0,1,0,1,2,0,0,0,0,0,0,272,0,0.001,0.001
2924,0.619,0.545,0,0.002,0.029,0,0,,0,,,,0,,,,,0,0,0,0,0,0,0,0,1,0,1,0,1,2,0,0,0,0,0,0,272,0.001,0.001,0.002
2925,0.745,0.674,0,0.001,0.033,0,0,,0,,,,0,,,,,0,0,0,0,0,0,0,0,1,0,1,0,1,2,0,0,0,0,0,0,272,0,0,0.002
2926,0.633,0.559,0,0.002,0.021,0,0,,0,,,,0,,,,,0,0,0,0,0,0,0,0,1,0,1,0,1,2,0,0,0,0,0,0,272,0.001,0,0.003
2927,0.658,0.551,0,0.002,0.035,0,0,,0,,,,0,,,,,0,0,0,0,0,0,0,0,1,0,1,0,1,2,0,0,0,0,0,0,272,0.001,0.001,0.004
2928,0.856,0.727,0,0.003,0.032,0,0,,0,,,,0,,,,,0,0,0,0,0,0,0,0,1,0,1,0,1,2,0,0,0,0,0,0,272,0.002,0.002,0.005
2929,0.906,0.834,0,0.002,0.029,0,0,,0,,,,0,,,,,0,0,0,0,0,0,0,0,1,0,1,0,1,2,0,0,0,0,0,0,272,0.001,0.001,0.002
2930,0.648,0.585,0,0.001,0.029,0,0,,0,,,,0,,,,,0,0,0,0,0,0,0,0,1,0,1,0,1,2,0,0,0,0,0,0,272,0,0,0.002
2931,0.872,0.764,0,0.002,0.036,0,0,,0,,,,0,,,,,0,0,0,0,0,0,0,0,1,0,1,0,1,2,0,0,0,0,0,0,272,0.001,0.001,0.003
2932,0.798,0.695,0,0.002,0.043,0,0,,0,,,,0,,,,,0,0,0,0,0,0,0,0,1,0,1,0,1,2,0,0,0,0,0,0,272,0,0.001,0.003
2933,1.4,1.296,0,0.002,0.038,0,0,,0,,,,0,,,,,0,0,0,0,0,0,0,0,1,0,1,0,1,2,0,0,0,0,0,0,272,0.002,0,0.004
2934,0.733,0.663,0,0.001,0.033,0,0,,0,,,,0,,,,,0,0,0,0,0,0,0,0,1,0,1,0,1,2,0,0,0,0,0,0,272,0.001,0,0.002
2935,0.771,0.712,0,0,0.028,0,0,,0,,,,0,,,,,0,0,0,0,0,0,0,0,1,0,1,0,1,2,0,0,0,0,0,0,272,0,0,0.002
2936,0.782,0.727,0,0.001,0.026,0,0,,0,,,,0,,,,,0,0,0,0,0,0,0,0,1,0,1,0,1,2,0,0,0,0,0,0,272,0.001,0,0.002
2937,0.774,0.72,0,0.001,0.026,0,0,,0,,,,0,,,,,0,0,0,0,0,0,0,0,1,0,1,0,1,2,0,0,0,0,0,0,272,0,0,0.002
2938,0.498,0.441,0,0.001,0.029,0,0,,0,,,,0,,,,,0,0,0,0,0,0,0,0,1,0,1,0,1,2,0,0,0,0,0,0,272,0,0,0.002
2939,0.511,0.441,0,0,0.035,0,0,,0,,,,0,,,,,0,0,0,0,0,0,0,0,1,0,1,0,1,2,0,0,0,0,0,0,272,0.001,0,0.003
2940,0.462,0.407,0,0,0.028,0,0,,1,1218.75,229212160,284794880,1,62503872,62503872,135081984,38823561584,0,0,0,0,0,0,0,0,1,0,1,0,1,2,0,0,0,0,0,0,272,0,0.001,0.001
2941,0.626,0.442,0,0.004,0.054,0,0,,0,,,,0,,,,,0,0,0,0,0,0,0,0,1,0,1,0,1,2,0,0,0,0,0,0,272,0.002,0.001,0.006
2942,0.413,0.269,0,0.002,0.028,0,0,,0,,,,0,,,,,0,0,0,0,0,0,0,0,1,0,1,0,1,2,0,0,0,0,0,0,272,0,0.001,0.003
2943,0.647,0.314,0,0.005,0.139,0,0,,0,,,,0,,,,,0,0,0,0,0,0,0,0,1,0,1,0,1,2,0,0,0,0,0,0,272,0.003,0.002,0.007
2944,0.214,0.097,0.001,0.001,0.067,0,0,,0,,,,0,,,,,0,0,0,0,0,0,0,0,1,0,1,0,1,2,0,0,0,0,0,0,272,0.001,0,0.003
2945,0.435,0.383,0,0.001,0.023,0,0,,0,,,,0,,,,,0,0,0,0,0,0,0,0,1,0,1,0,1,2,0,0,0,0,0,0,272,0,0,0.002
2946,0.379,0.324,0,0.001,0.023,0,0,,0,,,,0,,,,,0,0,0,0,0,0,0,0,1,0,1,0,1,2,0,0,0,0,0,0,272,0,0,0.002
2947,0.364,0.305,0,0.001,0.032,0,0,,0,,,,0,,,,,0,0,0,0,0,0,0,0,1,0,1,0,1,2,0,0,0,0,0,0,272,0,0,0.002
2948,0.314,0.282,0,0.001,0.016,0,0,,0,,,,0,,,,,0,0,0,0,0,0,0,0,1,0,1,0,1,2,0,0,0,0,0,0,272,0,0.001,0.001
2949,0.34,0.318,0,0,0.009,0,0,,0,,,,0,,,,,0,0,0,0,0,0,0,0,1,0,1,0,1,2,0,0,0,0,0,0,272,0,0.001,0
2950,0.408,0.353,0,0.001,0.028,0,0,,0,,,,0,,,,,0,0,0,0,0,0,0,0,1,0,1,0,1,2,0,0,0,0,0,0,272,0,0,0.002
2951,0.309,0.276,0,0,0.02,0,0,,0,,,,0,,,,,0,0,0,0,0,0,0,0,1,0,1,0,1,2,0,0,0,0,0,0,272,0,0,0.001
2952,0.383,0.334,0,0.001,0.023,0,0,,0,,,,0,,,,,0,0,0,0,0,0,0,0,1,0,1,0,1,2,0,0,0,0,0,0,272,0.001,0,0.002
2953,0.34,0.289,0,0,0.024,0,0,,0,,,,0,,,,,0,0,0,0,0,0,0,0,1,0,1,0,1,2,0,0,0,0,0,0,272,0.001,0,0.002
2954,0.369,0.299,0,0.001,0.021,0,0,,0,,,,0,,,,,0,0,0,0,0,0,0,0,1,0,1,0,1,2,0,0,0,0,0,0,272,0,0,0.003
2955,0.405,0.276,0,0.002,0.023,0,0,,0,,,,0,,,,,0,0,0,0,0,0,0,0,1,0,1,0,1,2,0,0,0,0,0,0,272,0.001,0,0.003
2956,0.374,0.269,0,0.002,0.044,0,0,,0,,,,0,,,,,0,0,0,0,0,0,0,0,1,0,1,0,1,2,0,0,0,0,0,0,272,0.001,0.001,0.002
2957,0.944,0.791,0.001,0.003,0.038,0,0,,0,,,,0,,,,,0,0,0,0,0,0,0,0,1,0,1,0,1,2,0,0,0,0,0,0,272,0.002,0.001,0.005
2958,0.325,0.28,0,0,0.02,0,0,,0,,,,0,,,,,0,0,0,0,0,0,0,0,1,0,1,0,1,2,0,0,0,0,0,0,272,0,0,0.002
2959,0.518,0.467,0,0.001,0.02,0,0,,0,,,,0,,,,,0,0,0,0,0,0,0,0,1,0,1,0,1,2,0,0,0,0,0,0,272,0,0.001,0.001
2960,0.574,0.453,0,0.002,0.039,0,0,,0,,,,0,,,,,0,0,0,0,0,0,0,0,1,0,1,0,1,2,0,0,0,0,0,0,272,0.002,0.001,0.003
2961,0.403,0.338,0,0.001,0.03,0,0,,0,,,,0,,,,,0,0,0,0,0,0,0,0,1,0,1,0,1,2,0,0,0,0,0,0,272,0.001,0,0.002
2962,0.49,0.42,0,0.001,0.034,0,0,,0,,,,0,,,,,0,0,0,0,0,0,0,0,1,0,1,0,1,2,0,0,0,0,0,0,272,0.001,0,0.002
2963,0.462,0.418,0,0.001,0.025,0,0,,0,,,,0,,,,,0,0,0,0,0,0,0,0,1,0,1,0,1,2,0,0,0,0,0,0,272,0,0.001,0.001
2964,0.606,0.449,0.001,0.002,0.063,0,0,,0,,,,0,,,,,0,0,0,0,0,0,0,0,1,0,1,0,1,2,0,0,0,0,0,0,272,0.001,0.001,0.004
2965,0.638,0.58,0,0.001,0.029,0,0,,0,,,,0,,,,,0,0,0,0,0,0,0,0,1,0,1,0,1,2,0,0,0,0,0,0,272,0,0,0.002
2966,0.59,0.433,0,0.002,0.077,0,0,,0,,,,0,,,,,0,0,0,0,0,0,0,0,1,0,1,0,1,2,0,0,0,0,0,0,272,0.001,0,0.003
2967,0.378,0.303,0,0.002,0.031,0,0,,0,,,,0,,,,,0,0,0,0,0,0,0,0,1,0,1,0,1,2,0,0,0,0,0,0,272,0.001,0,0.003
2968,0.483,0.41,0,0,0.027,0,0,,0,,,,0,,,,,0,0,0,0,0,0,0,0,1,0,1,0,1,2,0,0,0,0,0,0,272,0,0.001,0.018
2969,0.455,0.392,0,0.001,0.029,0,0,,0,,,,0,,,,,0,0,0,0,0,0,0,0,1,0,1,0,1,2,0,0,0,0,0,0,272,0,0.001,0.001
2970,0.481,0.43,0,0.001,0.023,0,0,,1,1234.375,229212160,284794880,1,62503872,62503872,135081984,38823561584,0,0,0,0,0,0,0,0,1,0,1,0,1,2,0,0,0,0,0,0,272,0,0,0.001
2971,0.479,0.425,0.001,0,0.028,0,0,,0,,,,0,,,,,0,0,0,0,0,0,0,0,1,0,1,0,1,2,0,0,0,0,0,0,272,0.001,0,0.002
2972,0.496,0.442,0,0.001,0.028,0,0,,0,,,,0,,,,,0,0,0,0,0,0,0,0,1,0,1,0,1,2,0,0,0,0,0,0,272,0,0,0.001
2973,0.493,0.441,0,0,0.027,0,0,,0,,,,0,,,,,0,0,0,0,0,0,0,0,1,0,1,0,1,2,0,0,0,0,0,0,272,0,0,0.002
2974,0.564,0.513,0,0.001,0.026,0,0,,0,,,,0,,,,,0,0,0,0,0,0,0,0,1,0,1,0,1,2,0,0,0,0,0,0,272,0.001,0,0.002
2975,0.637,0.584,0,0.001,0.027,0,0,,0,,,,0,,,,,0,0,0,0,0,0,0,0,1,0,1,0,1,2,0,0,0,0,0,0,272,0,0,0.001
2976,0.706,0.58,0,0.002,0.043,0,0,,0,,,,0,,,,,0,0,0,0,0,0,0,0,1,0,1,0,1,2,0,0,0,0,0,0,272,0.001,0.002,0.004
2977,0.586,0.505,0,0.002,0.032,0,0,,0,,,,0,,,,,0,0,0,0,0,0,0,0,1,0,1,0,1,2,0,0,0,0,0,0,272,0.001,0.001,0.002
2978,0.666,0.552,0,0.002,0.054,0,0,,0,,,,0,,,,,0,0,0,0,0,0,0,0,1,0,1,0,1,2,0,0,0,0,0,0,272,0,0,0.004
2979,0.601,0.498,0,0.002,0.032,0,0,,0,,,,0,,,,,0,0,0,0,0,0,0,0,1,0,1,0,1,2,0,0,0,0,0,0,272,0.001,0.001,0.003
2980,0.595,0.531,0.001,0.001,0.022,0,0,,0,,,,0,,,,,0,0,0,0,0,0,0,0,1,0,1,0,1,2,0,0,0,0,0,0,272,0.001,0,0.002
2981,0.661,0.574,0,0.002,0.036,0,0,,0,,,,0,,,,,0,0,0,0,0,0,0,0,1,0,1,0,1,2,0,0,0,0,0,0,272,0.001,0,0.003
2982,0.67,0.536,0,0.003,0.045,0,0,,0,,,,0,,,,,0,0,0,0,0,0,0,0,1,0,1,0,1,2,0,0,0,0,0,0,272,0.001,0.001,0.004
2983,0.594,0.482,0,0.002,0.024,0,0,,0,,,,0,,,,,0,0,0,0,0,0,0,0,1,0,1,0,1,2,0,0,0,0,0,0,272,0.002,0.001,0.003
2984,0.615,0.514,0.001,0.002,0.04,0,0,,0,,,,0,,,,,0,0,0,0,0,0,0,0,1,0,1,0,1,2,0,0,0,0,0,0,272,0.001,0,0.003
2985,0.661,0.533,0,0.002,0.065,0,0,,0,,,,0,,,,,0,0,0,0,0,0,0,0,1,0,1,0,1,2,0,0,0,0,0,0,272,0.001,0.001,0.003
2986,0.988,0.899,0,0.002,0.026,0,0,,0,,,,0,,,,,0,0,0,0,0,0,0,0,1,0,1,0,1,2,0,0,0,0,0,0,272,0.001,0.001,0.003
2987,0.587,0.54,0,0.001,0.02,0,0,,0,,,,0,,,,,0,0,0,0,0,0,0,0,1,0,1,0,1,2,0,0,0,0,0,0,272,0.001,0,0.002
2988,0.709,0.586,0,0.002,0.039,0,0,,0,,,,0,,,,,0,0,0,0,0,0,0,0,1,0,1,0,1,2,0,0,0,0,0,0,272,0.001,0.001,0.004
2989,0.574,0.508,0.001,0.001,0.025,0,0,,0,,,,0,,,,,0,0,0,0,0,0,0,0,1,0,1,0,1,2,0,0,0,0,0,0,272,0,0,0.002
2990,0.601,0.557,0,0.001,0.017,0,0,,0,,,,0,,,,,0,0,0,0,0,0,0,0,1,0,1,0,1,2,0,0,0,0,0,0,272,0.001,0,0.002
2991,0.706,0.591,0,0.002,0.049,0,0,,0,,,,0,,,,,0,0,0,0,0,0,0,0,1,0,1,0,1,2,0,0,0,0,0,0,272,0.001,0.001,0.003
2992,0.606,0.523,0,0.002,0.027,0,0,,0,,,,0,,,,,0,0,0,0,0,0,0,0,1,0,1,0,1,2,0,0,0,0,0,0,272,0,0,0.003
2993,1.173,1.048,0,0.002,0.045,0,0,,0,,,,0,,,,,0,0,0,0,0,0,0,0,1,0,1,0,1,2,0,0,0,0,0,0,272,0.001,0.002,0.004
2994,0.674,0.477,0,0.037,0.06,0,0,,0,,,,0,,,,,0,0,0,0,0,0,0,0,1,0,1,0,1,2,0,0,0,0,0,0,272,0.003,0.002,0.005
2995,0.677,0.434,0,0.004,0.101,0,0,,0,,,,0,,,,,0,0,0,0,0,0,0,0,1,0,1,0,1,2,0,0,0,0,0,0,272,0.002,0.001,0.006
2996,0.485,0.383,0,0.002,0.035,0,0,,0,,,,0,,,,,0,0,0,0,0,0,0,0,1,0,1,0,1,2,0,0,0,0,0,0,272,0.001,0,0.004
2997,0.574,0.496,0,0.002,0.027,0,0,,0,,,,0,,,,,0,0,0,0,0,0,0,0,1,0,1,0,1,2,0,0,0,0,0,0,272,0.001,0,0.003
2998,0.61,0.565,0,0,0.022,0,0,,0,,,,0,,,,,0,0,0,0,0,0,0,0,1,0,1,0,1,2,0,0,0,0,0,0,272,0,0,0.001
2999,0.691,0.587,0,0.002,0.031,0,0,,0,,,,0,,,,,0,0,0,0,0,0,0,0,1,0,1,0,1,2,0,0,0,0,0,0,272,0.002,0.001,0.003
3000,0.833,0.559,0,0.004,0.151,0,0,,1,1234.375,229212160,284794880,1,62503872,62503872,135081984,38823561584,0,0,0,0,0,0,0,0,1,0,1,0,1,2,0,0,0,0,0,0,272,0.003,0.001,0.005
3001,0.376,0.263,0,0.002,0.036,0,0,,0,,,,0,,,,,0,0,0,0,0,0,0,0,1,0,1,0,1,2,0,0,0,0,0,0,272,0.001,0.001,0.004
3002,0.718,0.378,0,0.002,0.26,0,0,,0,,,,0,,,,,0,0,0,0,0,0,0,0,1,0,1,0,1,2,0,0,0,0,0,0,272,0.001,0.001,0.004
3003,0.575,0.243,0,0.002,0.277,0,0,,0,,,,0,,,,,0,0,0,0,0,0,0,0,1,0,1,0,1,2,0,0,0,0,0,0,272,0.001,0.001,0.003
3004,0.357,0.264,0,0.002,0.025,0,0,,0,,,,0,,,,,0,0,0,0,0,0,0,0,1,0,1,0,1,2,0,0,0,0,0,0,272,0.001,0.001,0.002
3005,0.791,0.668,0,0.003,0.034,0,0,,0,,,,0,,,,,0,0,0,0,0,0,0,0,1,0,1,0,1,2,0,0,0,0,0,0,272,0.002,0.001,0.004
3006,0.584,0.509,0,0.001,0.029,0,0,,0,,,,0,,,,,0,0,0,0,0,0,0,0,1,0,1,0,1,2,0,0,0,0,0,0,272,0,0.001,0.002
3007,0.62,0.562,0,0,0.026,0,0,,0,,,,0,,,,,0,0,0,0,0,0,0,0,1,0,1,0,1,2,0,0,0,0,0,0,272,0,0.001,0.002
3008,0.705,0.63,0,0.001,0.042,0,0,,0,,,,0,,,,,0,0,0,0,0,0,0,0,1,0,1,0,1,2,0,0,0,0,0,0,272,0,0.001,0.002
3009,0.543,0.466,0,0.001,0.035,0,0,,0,,,,0,,,,,0,0,0,0,0,0,0,0,1,0,1,0,1,2,0,0,0,0,0,0,272,0,0,0.002
3010,0.747,0.628,0.001,0.002,0.036,0,0,,0,,,,0,,,,,0,0,0,0,0,0,0,0,1,0,1,0,1,2,0,0,0,0,0,0,272,0.001,0,0.005
3011,0.504,0.435,0.001,0.001,0.025,0,0,,0,,,,0,,,,,0,0,0,0,0,0,0,0,1,0,1,0,1,2,0,0,0,0,0,0,272,0.001,0,0.003
3012,0.89,0.811,0,0.002,0.033,0,0,,0,,,,0,,,,,0,0,0,0,0,0,0,0,1,0,1,0,1,2,0,0,0,0,0,0,272,0.001,0,0.002
3013,0.76,0.555,0,0.002,0.106,0,0,,0,,,,0,,,,,0,0,0,0,0,0,0,0,1,0,1,0,1,2,0,0,0,0,0,0,272,0.002,0.001,0.005
3014,0.552,0.432,0,0.003,0.032,0,0,,0,,,,0,,,,,0,0,0,0,0,0,0,0,1,0,1,0,1,2,0,0,0,0,0,0,272,0.002,0.001,0.004
3015,0.838,0.765,0.001,0.001,0.031,0,0,,0,,,,0,,,,,0,0,0,0,0,0,0,0,1,0,1,0,1,2,0,0,0,0,0,0,272,0.001,0,0.002
3016,1.477,1.39,0,0.002,0.028,0,0,,0,,,,0,,,,,0,0,0,0,0,0,0,0,1,0,1,0,1,2,0,0,0,0,0,0,272,0.001,0.001,0.003
3017,0.808,0.703,0.001,0.002,0.041,0,0,,0,,,,0,,,,,0,0,0,0,0,0,0,0,1,0,1,0,1,2,0,0,0,0,0,0,272,0.001,0.001,0.003
3018,0.814,0.753,0,0.001,0.027,0,0,,0,,,,0,,,,,0,0,0,0,0,0,0,0,1,0,1,0,1,2,0,0,0,0,0,0,272,0,0,0.002
3019,0.851,0.791,0,0.001,0.031,0,0,,0,,,,0,,,,,0,0,0,0,0,0,0,0,1,0,1,0,1,2,0,0,0,0,0,0,272,0,0,0.002
3020,0.859,0.801,0,0.001,0.026,0,0,,0,,,,0,,,,,0,0,0,0,0,0,0,0,1,0,1,0,1,2,0,0,0,0,0,0,272,0,0.001,0.002
3021,0.635,0.548,0,0.002,0.033,0,0,,0,,,,0,,,,,0,0,0,0,0,0,0,0,1,0,1,0,1,2,0,0,0,0,0,0,272,0,0,0.003
3022,0.827,0.719,0,0.002,0.042,0,0,,0,,,,0,,,,,0,0,0,0,0,0,0,0,1,0,1,0,1,2,0,0,0,0,0,0,272,0.001,0.001,0.003
3023,0.907,0.699,0,0.003,0.061,0,0,,0,,,,0,,,,,0,0,0,0,0,0,0,0,1,0,1,0,1,2,0,0,0,0,0,0,272,0.002,0.001,0.005
3024,0.65,0.554,0,0.002,0.034,0,0,,0,,,,0,,,,,0,0,0,0,0,0,0,0,1,0,1,0,1,2,0,0,0,0,0,0,272,0.001,0.001,0.003
3025,0.863,0.72,0,0.003,0.049,0,0,,0,,,,0,,,,,0,0,0,0,0,0,0,0,1,0,1,0,1,2,0,0,0,0,0,0,272,0.001,0.002,0.004
3026,0.724,0.621,0.001,0.002,0.039,0,0,,0,,,,0,,,,,0,0,0,0,0,0,0,0,1,0,1,0,1,2,0,0,0,0,0,0,272,0.001,0.001,0.003
3027,0.785,0.66,0,0.003,0.045,0,0,,0,,,,0,,,,,0,0,0,0,0,0,0,0,1,0,1,0,1,2,0,0,0,0,0,0,272,0.001,0.002,0.004
3028,0.57,0.486,0,0.002,0.033,0,0,,0,,,,0,,,,,0,0,0,0,0,0,0,0,1,0,1,0,1,2,0,0,0,0,0,0,272,0.001,0.001,0.002
3029,0.339,0.299,0,0,0.024,0,0,,0,,,,0,,,,,0,0,0,0,0,0,0,0,1,0,1,0,1,2,0,0,0,0,0,0,272,0,0,0.001
3030,0.449,0.409,0,0,0.017,0,0,,1,1234.375,229212160,284794880,1,62503872,62503872,135081984,38823561584,0,0,0,0,0,0,0,0,1,0,1,0,1,2,0,0,0,0,0,0,272,0,0,0.002
3031,0.645,0.453,0,0.001,0.059,0,0,,0,,,,0,,,,,0,0,0,0,0,0,0,0,1,0,1,0,1,2,0,0,0,0,0,0,272,0.001,0,0.004
3032,1.348,1.242,0,0.002,0.048,0,0,,0,,,,0,,,,,0,0,0,0,0,0,0,0,1,0,1,0,1,2,0,0,0,0,0,0,272,0.001,0.001,0.003
3033,0.765,0.697,0,0.002,0.02,0,0,,0,,,,0,,,,,0,0,0,0,0,0,0,0,1,0,1,0,1,2,0,0,0,0,0,0,272,0.001,0.001,0.004
3034,0.792,0.725,0.001,0.001,0.029,0,0,,0,,,,0,,,,,0,0,0,0,0,0,0,0,1,0,1,0,1,2,0,0,0,0,0,0,272,0,0.001,0.002
3035,0.797,0.714,0,0.002,0.04,0,0,,0,,,,0,,,,,0,0,0,0,0,0,0,0,1,0,1,0,1,2,0,0,0,0,0,0,272,0.001,0,0.003
3036,1.282,1.208,0,0.001,0.031,0,0,,0,,,,0,,,,,0,0,0,0,0,0,0,0,1,0,1,0,1,2,0,0,0,0,0,0,272,0,0,0.003
3037,0.737,0.669,0,0.001,0.032,0,0,,0,,,,0,,,,,0,0,0,0,0,0,0,0,1,0,1,0,1,2,0,0,0,0,0,0,272,0.001,0,0.002
3038,0.772,0.712,0,0.001,0.027,0,0,,0,,,,0,,,,,0,0,0,0,0,0,0,0,1,0,1,0,1,2,0,0,0,0,0,0,272,0.001,0,0.002
3039,0.88,0.722,0.001,0.003,0.044,0,0,,0,,,,0,,,,,0,0,0,0,0,0,0,0,1,0,1,0,1,2,0,0,0,0,0,0,272,0.001,0.001,0.006
3040,0.711,0.618,0,0.001,0.035,0,0,,0,,,,0,,,,,0,0,0,0,0,0,0,0,1,0,1,0,1,2,0,0,0,0,0,0,272,0.001,0,0.003
3041,0.804,0.691,0,0.001,0.044,0,0,,0,,,,0,,,,,0,0,0,0,0,0,0,0,1,0,1,0,1,2,0,0,0,0,0,0,272,0.001,0.001,0.004
3042,0.712,0.641,0,0.001,0.031,0,0,,0,,,,0,,,,,0,0,0,0,0,0,0,0,1,0,1,0,1,2,0,0,0,0,0,0,272,0.001,0,0.002
3043,0.805,0.712,0.001,0.001,0.041,0,0,,0,,,,0,,,,,0,0,0,0,0,0,0,0,1,0,1,0,1,2,0,0,0,0,0,0,272,0.001,0,0.003
3044,0.719,0.662,0,0,0.025,0,0,,0,,,,0,,,,,0,0,0,0,0,0,0,0,1,0,1,0,1,2,0,0,0,0,0,0,272,0.001,0,0.001
3045,0.784,0.724,0,0.001,0.025,0,0,,0,,,,0,,,,,0,0,0,0,0,0,0,0,1,0,1,0,1,2,0,0,0,0,0,0,272,0.001,0,0.003
3046,0.86,0.721,0,0.003,0.048,0,0,,0,,,,0,,,,,0,0,0,0,0,0,0,0,1,0,1,0,1,2,0,0,0,0,0,0,272,0.002,0.001,0.005
3047,0.733,0.64,0.001,0.001,0.042,0,0,,0,,,,0,,,,,0,0,0,0,0,0,0,0,1,0,1,0,1,2,0,0,0,0,0,0,272,0.001,0.001,0.002
3048,0.694,0.633,0.001,0.001,0.027,0,0,,0,,,,0,,,,,0,0,0,0,0,0,0,0,1,0,1,0,1,2,0,0,0,0,0,0,272,0.001,0,0.002
3049,0.772,0.716,0,0,0.027,0,0,,0,,,,0,,,,,0,0,0,0,0,0,0,0,1,0,1,0,1,2,0,0,0,0,0,0,272,0.001,0,0.002
3050,0.782,0.739,0,0.001,0.019,0,0,,0,,,,0,,,,,0,0,0,0,0,0,0,0,1,0,1,0,1,2,0,0,0,0,0,0,272,0,0.001,0.001
3051,0.858,0.724,0,0.002,0.041,0,0,,0,,,,0,,,,,0,0,0,0,0,0,0,0,1,0,1,0,1,2,0,0,0,0,0,0,272,0.001,0.001,0.004
3052,0.951,0.784,0.001,0.002,0.071,0,0,,0,,,,0,,,,,0,0,0,0,0,0,0,0,1,0,1,0,1,2,0,0,0,0,0,0,272,0.002,0.002,0.005
3053,0.523,0.444,0.001,0.001,0.031,0,0,,0,,,,0,,,,,0,0,0,0,0,0,0,0,1,0,1,0,1,2,0,0,0,0,0,0,272,0.001,0,0.003
3054,0.673,0.543,0,0.002,0.045,0,0,,0,,,,0,,,,,0,0,0,0,0,0,0,0,1,0,1,0,1,2,0,0,0,0,0,0,272,0.001,0.001,0.003
3055,0.531,0.489,0,0.001,0.016,0,0,,0,,,,0,,,,,0,0,0,0,0,0,0,0,1,0,1,0,1,2,0,0,0,0,0,0,272,0,0,0.002
3056,0.68,0.597,0.001,0.001,0.03,0,0,,0,,,,0,,,,,0,0,0,0,0,0,0,0,1,0,1,0,1,2,0,0,0,0,0,0,272,0.001,0,0.002
3057,0.611,0.534,0,0.001,0.039,0,0,,0,,,,0,,,,,0,0,0,0,0,0,0,0,1,0,1,0,1,2,0,0,0,0,0,0,272,0,0.001,0.002
3058,0.951,0.864,0,0.002,0.027,0,0,,0,,,,0,,,,,0,0,0,0,0,0,0,0,1,0,1,0,1,2,0,0,0,0,0,0,272,0.001,0,0.003
3059,0.617,0.528,0,0.001,0.035,0,0,,0,,,,0,,,,,0,0,0,0,0,0,0,0,1,0,1,0,1,2,0,0,0,0,0,0,272,0.001,0.001,0.002
3060,0.619,0.532,0,0.001,0.04,0,0,,1,1250,229277696,284794880,1,62503872,62503872,135081984,38823561584,0,0,0,0,0,0,0,0,1,0,1,0,1,2,0,0,0,0,0,0,272,0.001,0,0.003
3061,0.577,0.512,0,0.001,0.033,0,0,,0,,,,0,,,,,0,0,0,0,0,0,0,0,1,0,1,0,1,2,0,0,0,0,0,0,272,0,0.001,0.002
3062,0.839,0.613,0,0.002,0.134,0,0,,0,,,,0,,,,,0,0,0,0,0,0,0,0,1,0,1,0,1,2,0,0,0,0,0,0,272,0.001,0.002,0.004
3063,0.262,0.001,0,0.002,0.15,0,0,,0,,,,0,,,,,0,0,0,0,0,0,0,0,1,0,1,0,1,2,0,0,0,0,0,0,272,0.001,0.001,0.003
3064,0.407,0.328,0,0.002,0.027,0,0,,0,,,,0,,,,,0,0,0,0,0,0,0,0,1,0,1,0,1,2,0,0,0,0,0,0,272,0.001,0.001,0.002
3065,0.738,0.564,0,0.003,0.07,0,0,,0,,,,0,,,,,0,0,0,0,0,0,0,0,1,0,1,0,1,2,0,0,0,0,0,0,272,0.002,0.001,0.005
3066,0.659,0.589,0,0.002,0.024,0,0,,0,,,,0,,,,,0,0,0,0,0,0,0,0,1,0,1,0,1,2,0,0,0,0,0,0,272,0,0.001,0.002
3067,0.713,0.64,0,0,0.04,0,0,,0,,,,0,,,,,0,0,0,0,0,0,0,0,1,0,1,0,1,2,0,0,0,0,0,0,272,0.001,0,0.002
3068,0.626,0.556,0,0.001,0.032,0,0,,0,,,,0,,,,,0,0,0,0,0,0,0,0,1,0,1,0,1,2,0,0,0,0,0,0,272,0,0.001,0.002
3069,0.625,0.56,0,0.001,0.032,0,0,,0,,,,0,,,,,0,0,0,0,0,0,0,0,1,0,1,0,1,2,0,0,0,0,0,0,272,0.001,0,0.002
3070,0.769,0.588,0,0.003,0.078,0,0,,0,,,,0,,,,,0,0,0,0,0,0,0,0,1,0,1,0,1,2,0,0,0,0,0,0,272,0.002,0.002,0.005
3071,0.534,0.403,0,0.001,0.037,0,0,,0,,,,0,,,,,0,0,0,0,0,0,0,0,1,0,1,0,1,2,0,0,0,0,0,0,272,0.001,0.001,0.003
3072,0.52,0.45,0,0.001,0.034,0,0,,0,,,,0,,,,,0,0,0,0,0,0,0,0,1,0,1,0,1,2,0,0,0,0,0,0,272,0,0.001,0.001
3073,0.597,0.536,0,0.001,0.03,0,0,,0,,,,0,,,,,0,0,0,0,0,0,0,0,1,0,1,0,1,2,0,0,0,0,0,0,272,0.001,0,0.002
3074,0.62,0.567,0,0,0.027,0,0,,0,,,,0,,,,,0,0,0,0,0,0,0,0,1,0,1,0,1,2,0,0,0,0,0,0,272,0,0.001,0.001
3075,0.654,0.588,0,0.001,0.029,0,0,,0,,,,0,,,,,0,0,0,0,0,0,0,0,1,0,1,0,1,2,0,0,0,0,0,0,272,0.001,0.001,0.002
3076,0.647,0.546,0,0.002,0.05,0,0,,0,,,,0,,,,,0,0,0,0,0,0,0,0,1,0,1,0,1,2,0,0,0,0,0,0,272,0.001,0.001,0.003
3077,0.979,0.908,0,0.002,0.027,0,0,,0,,,,0,,,,,0,0,0,0,0,0,0,0,1,0,1,0,1,2,0,0,0,0,0,0,272,0,0,0.002
3078,0.743,0.566,0,0.003,0.077,0,0,,0,,,,0,,,,,0,0,0,0,0,0,0,0,1,0,1,0,1,2,0,0,0,0,0,0,272,0.001,0.001,0.004
3079,0.509,0.421,0,0.002,0.034,0,0,,0,,,,0,,,,,0,0,0,0,0,0,0,0,1,0,1,0,1,2,0,0,0,0,0,0,272,0.001,0.001,0.003
3080,0.518,0.456,0,0.001,0.029,0,0,,0,,,,0,,,,,0,0,0,0,0,0,0,0,1,0,1,0,1,2,0,0,0,0,0,0,272,0,0.001,0.002
3081,0.573,0.498,0,0.002,0.031,0,0,,0,,,,0,,,,,0,0,0,0,0,0,0,0,1,0,1,0,1,2,0,0,0,0,0,0,272,0,0,0.003
3082,0.53,0.47,0,0.001,0.025,0,0,,0,,,,0,,,,,0,0,0,0,0,0,0,0,1,0,1,0,1,2,0,0,0,0,0,0,272,0.001,0,0.002
3083,0.98,0.914,0,0.001,0.027,0,0,,0,,,,0,,,,,0,0,0,0,0,0,0,0,1,0,1,0,1,2,0,0,0,0,0,0,272,0,0.001,0.003
3084,0.55,0.481,0,0.001,0.031,0,0,,0,,,,0,,,,,0,0,0,0,0,0,0,0,1,0,1,0,1,2,0,0,0,0,0,0,272,0,0.001,0.002
3085,0.67,0.483,0,0.001,0.152,0,0,,0,,,,0,,,,,0,0,0,0,0,0,0,0,1,0,1,0,1,2,0,0,0,0,0,0,272,0,0.001,0.002
3086,0.39,0.198,0,0.002,0.12,0,0,,0,,,,0,,,,,0,0,0,0,0,0,0,0,1,0,1,0,1,2,0,0,0,0,0,0,272,0.001,0.001,0.004
3087,0.429,0.359,0,0.002,0.026,0,0,,0,,,,0,,,,,0,0,0,0,0,0,0,0,1,0,1,0,1,2,0,0,0,0,0,0,272,0.001,0,0.003
3088,0.548,0.49,0,0.001,0.029,0,0,,0,,,,0,,,,,0,0,0,0,0,0,0,0,1,0,1,0,1,2,0,0,0,0,0,0,272,0,0,0.002
3089,0.548,0.492,0,0.001,0.029,0,0,,0,,,,0,,,,,0,0,0,0,0,0,0,0,1,0,1,0,1,2,0,0,0,0,0,0,272,0.001,0,0.002
3090,0.566,0.497,0,0,0.037,0,0,,1,1281.25,229277696,284794880,1,62503872,62503872,135081984,38823561584,0,0,0,0,0,0,0,0,1,0,1,0,1,2,0,0,0,0,0,0,272,0,0.001,0.002
3091,0.499,0.453,0.001,0,0.021,0,0,,0,,,,0,,,,,0,0,0,0,0,0,0,0,1,0,1,0,1,2,0,0,0,0,0,0,272,0.001,0,0.002
3092,0.552,0.504,0.001,0,0.023,0,0,,0,,,,0,,,,,0,0,0,0,0,0,0,0,1,0,1,0,1,2,0,0,0,0,0,0,272,0.001,0,0.001
3093,0.714,0.536,0,0.005,0.04,0,0,,0,,,,0,,,,,0,0,0,0,0,0,0,0,1,0,1,0,1,2,0,0,0,0,0,0,272,0.001,0.002,0.008
3094,0.384,0.305,0,0.001,0.031,0,0,,0,,,,0,,,,,0,0,0,0,0,0,0,0,1,0,1,0,1,2,0,0,0,0,0,0,272,0.001,0.001,0.003
3095,0.532,0.464,0,0.001,0.036,0,0,,0,,,,0,,,,,0,0,0,0,0,0,0,0,1,0,1,0,1,2,0,0,0,0,0,0,272,0.001,0,0.002
3096,0.538,0.474,0,0.001,0.034,0,0,,0,,,,0,,,,,0,0,0,0,0,0,0,0,1,0,1,0,1,2,0,0,0,0,0,0,272,0.001,0,0.002
3097,0.555,0.476,0,0.002,0.038,0,0,,0,,,,0,,,,,0,0,0,0,0,0,0,0,1,0,1,0,1,2,0,0,0,0,0,0,272,0.001,0,0.003
3098,0.524,0.456,0,0.001,0.035,0,0,,0,,,,0,,,,,0,0,0,0,0,0,0,0,1,0,1,0,1,2,0,0,0,0,0,0,272,0,0.001,0.002
3099,0.525,0.457,0.001,0,0.039,0,0,,0,,,,0,,,,,0,0,0,0,0,0,0,0,1,0,1,0,1,2,0,0,0,0,0,0,272,0,0.001,0.002
3100,0.646,0.485,0.001,0.003,0.05,0,0,,0,,,,0,,,,,0,0,0,0,0,0,0,0,1,0,1,0,1,2,0,0,0,0,0,0,272,0.001,0.001,0.006
3101,0.382,0.333,0,0.001,0.021,0,0,,0,,,,0,,,,,0,0,0,0,0,0,0,0,1,0,1,0,1,2,0,0,0,0,0,0,272,0,0,0.002
3102,0.667,0.503,0,0.003,0.05,0,0,,0,,,,0,,,,,0,0,0,0,0,0,0,0,1,0,1,0,1,2,0,0,0,0,0,0,272,0.001,0.001,0.003
3103,0.566,0.356,0,0.003,0.097,0,0,,0,,,,0,,,,,0,0,0,0,0,0,0,0,1,0,1,0,1,2,0,0,0,0,0,0,272,0.001,0.001,0.005
3104,0.406,0.288,0,0.003,0.043,0,0,,0,,,,0,,,,,0,0,0,0,0,0,0,0,1,0,1,0,1,2,0,0,0,0,0,0,272,0.001,0.001,0.005
3105,0.959,0.796,0,0.003,0.073,0,0,,0,,,,0,,,,,0,0,0,0,0,0,0,0,1,0,1,0,1,2,0,0,0,0,0,0,272,0.001,0.001,0.005
3106,0.425,0.344,0,0.002,0.031,0,0,,0,,,,0,,,,,0,0,0,0,0,0,0,0,1,0,1,0,1,2,0,0,0,0,0,0,272,0.001,0.001,0.002
3107,0.565,0.491,0,0.001,0.03,0,0,,0,,,,0,,,,,0,0,0,0,0,0,0,0,1,0,1,0,1,2,0,0,0,0,0,0,272,0.001,0,0.003
3108,0.417,0.361,0,0,0.026,0,0,,0,,,,0,,,,,0,0,0,0,0,0,0,0,1,0,1,0,1,2,0,0,0,0,0,0,272,0,0.001,0.001
3109,0.538,0.484,0,0,0.025,0,0,,0,,,,0,,,,,0,0,0,0,0,0,0,0,1,0,1,0,1,2,0,0,0,0,0,0,272,0,0.001,0.002
3110,0.548,0.491,0,0,0.025,0,0,,0,,,,0,,,,,0,0,0,0,0,0,0,0,1,0,1,0,1,2,0,0,0,0,0,0,272,0,0.001,0.001
3111,0.533,0.479,0,0.001,0.023,0,0,,0,,,,0,,,,,0,0,0,0,0,0,0,0,1,0,1,0,1,2,0,0,0,0,0,0,272,0.001,0,0.002
3112,0.573,0.49,0,0,0.051,0,0,,0,,,,0,,,,,0,0,0,0,0,0,0,0,1,0,1,0,1,2,0,0,0,0,0,0,272,0.001,0,0.001
3113,1.013,0.523,0,0.002,0.364,0,0,,0,,,,0,,,,,0,0,0,0,0,0,0,0,1,0,1,0,1,2,0,0,0,0,0,0,272,0.001,0.001,0.006
3114,0.459,0.303,0.001,0.004,0.039,0,0,,0,,,,0,,,,,0,0,0,0,0,0,0,0,1,0,1,0,1,2,0,0,0,0,0,0,272,0.002,0.002,0.006
3115,0.457,0.35,0,0.002,0.045,0,0,,0,,,,0,,,,,0,0,0,0,0,0,0,0,1,0,1,0,1,2,0,0,0,0,0,0,272,0.001,0.001,0.004
3116,0.459,0.395,0.001,0.001,0.029,0,0,,0,,,,0,,,,,0,0,0,0,0,0,0,0,1,0,1,0,1,2,0,0,0,0,0,0,272,0.001,0,0.001
3117,0.533,0.475,0,0.001,0.025,0,0,,0,,,,0,,,,,0,0,0,0,0,0,0,0,1,0,1,0,1,2,0,0,0,0,0,0,272,0.001,0,0.002
3118,0.543,0.487,0.001,0,0.025,0,0,,0,,,,0,,,,,0,0,0,0,0,0,0,0,1,0,1,0,1,2,0,0,0,0,0,0,272,0,0.001,0.002
3119,0.553,0.491,0,0.001,0.033,0,0,,0,,,,0,,,,,0,0,0,0,0,0,0,0,1,0,1,0,1,2,0,0,0,0,0,0,272,0.001,0,0.002
3120,0.565,0.504,0,0.001,0.03,0,0,,1,1281.25,229277696,284794880,1,62503872,62503872,135081984,38823561584,0,0,0,0,0,0,0,0,1,0,1,0,1,2,0,0,0,0,0,0,272,0,0,0.002
3121,0.475,0.412,0.001,0,0.031,0,0,,0,,,,0,,,,,0,0,0,0,0,0,0,0,1,0,1,0,1,2,0,0,0,0,0,0,272,0.001,0,0.002
3122,0.527,0.482,0,0.001,0.02,0,0,,0,,,,0,,,,,0,0,0,0,0,0,0,0,1,0,1,0,1,2,0,0,0,0,0,0,272,0,0.001,0.002
3123,0.579,0.465,0,0.003,0.03,0,0,,0,,,,0,,,,,0,0,0,0,0,0,0,0,1,0,1,0,1,2,0,0,0,0,0,0,272,0.001,0.002,0.004
3124,0.571,0.458,0,0.002,0.032,0,0,,0,,,,0,,,,,0,0,0,0,0,0,0,0,1,0,1,0,1,2,0,0,0,0,0,0,272,0.001,0.001,0.004
3125,0.478,0.412,0.001,0.001,0.022,0,0,,0,,,,0,,,,,0,0,0,0,0,0,0,0,1,0,1,0,1,2,0,0,0,0,0,0,272,0,0.001,0.001
3126,0.522,0.477,0,0.001,0.02,0,0,,0,,,,0,,,,,0,0,0,0,0,0,0,0,1,0,1,0,1,2,0,0,0,0,0,0,272,0,0,0.001
3127,0.66,0.513,0,0.002,0.067,0,0,,0,,,,0,,,,,0,0,0,0,0,0,0,0,1,0,1,0,1,2,0,0,0,0,0,0,272,0.001,0.002,0.004
3128,0.455,0.377,0,0.001,0.029,0,0,,0,,,,0,,,,,0,0,0,0,0,0,0,0,1,0,1,0,1,2,0,0,0,0,0,0,272,0,0.001,0.002
3129,0.513,0.452,0,0.001,0.033,0,0,,0,,,,0,,,,,0,0,0,0,0,0,0,0,1,0,1,0,1,2,0,0,0,0,0,0,272,0.001,0,0.001
3130,0.522,0.483,0,0,0.019,0,0,,0,,,,0,,,,,0,0,0,0,0,0,0,0,1,0,1,0,1,2,0,0,0,0,0,0,272,0,0,0.001
3131,0.583,0.537,0,0,0.029,0,0,,0,,,,0,,,,,0,0,0,0,0,0,0,0,1,0,1,0,1,2,0,0,0,0,0,0,272,0,0,0.001
3132,0.631,0.49,0,0.002,0.056,0,0,,0,,,,0,,,,,0,0,0,0,0,0,0,0,1,0,1,0,1,2,0,0,0,0,0,0,272,0.001,0.001,0.004
3133,0.55,0.425,0.001,0.002,0.042,0,0,,0,,,,0,,,,,0,0,0,0,0,0,0,0,1,0,1,0,1,2,0,0,0,0,0,0,272,0.001,0.001,0.004
3134,1.031,0.917,0,0.003,0.031,0,0,,0,,,,0,,,,,0,0,0,0,0,0,0,0,1,0,1,0,1,2,0,0,0,0,0,0,272,0.001,0.001,0.005
3135,0.48,0.39,0,0.002,0.025,0,0,,0,,,,0,,,,,0,0,0,0,0,0,0,0,1,0,1,0,1,2,0,0,0,0,0,0,272,0.001,0.001,0.004
3136,0.503,0.446,0,0.001,0.022,0,0,,0,,,,0,,,,,0,0,0,0,0,0,0,0,1,0,1,0,1,2,0,0,0,0,0,0,272,0,0.001,0.001
3137,0.539,0.485,0,0.001,0.021,0,0,,0,,,,0,,,,,0,0,0,0,0,0,0,0,1,0,1,0,1,2,0,0,0,0,0,0,272,0.001,0,0.002
3138,0.579,0.495,0,0.002,0.03,0,0,,0,,,,0,,,,,0,0,0,0,0,0,0,0,1,0,1,0,1,2,0,0,0,0,0,0,272,0.001,0.001,0.003
3139,0.524,0.461,0,0.001,0.019,0,0,,0,,,,0,,,,,0,0,0,0,0,0,0,0,1,0,1,0,1,2,0,0,0,0,0,0,272,0.001,0.001,0.002
3140,0.57,0.103,0,0.001,0.406,0,0,,0,,,,0,,,,,0,0,0,0,0,0,0,0,1,0,1,0,1,2,0,0,0,0,0,0,272,0,0,0.003
3141,0.23,0.001,0,0.002,0.167,0,0,,0,,,,0,,,,,0,0,0,0,0,0,0,0,1,0,1,0,1,2,0,0,0,0,0,0,272,0,0.001,0.003
3142,0.211,0.127,0,0.002,0.033,0,0,,0,,,,0,,,,,0,0,0,0,0,0,0,0,1,0,1,0,1,2,0,0,0,0,0,0,272,0,0.001,0.003
3143,0.882,0.766,0,0.003,0.027,0,0,,0,,,,0,,,,,0,0,0,0,0,0,0,0,1,0,1,0,1,2,0,0,0,0,0,0,272,0.001,0.002,0.005
3144,0.369,0.191,0,0.003,0.088,0,0,,0,,,,0,,,,,0,0,0,0,0,0,0,0,1,0,1,0,1,2,0,0,0,0,0,0,272,0.001,0.002,0.004
3145,2.008,1.922,0,0.002,0.024,0,0,,0,,,,0,,,,,0,0,0,0,0,0,0,0,1,0,1,0,1,2,0,0,0,0,0,0,272,0.001,0.001,0.004
3146,2.731,2.539,0.001,0.004,0.057,0,0,,0,,,,0,,,,,0,0,0,0,0,0,0,0,1,0,1,0,1,2,0,0,0,0,0,0,272,0.002,0.002,0.007
3147,2.238,2.151,0,0.002,0.025,0,0,,0,,,,0,,,,,0,0,0,0,0,0,0,0,1,0,1,0,1,2,0,0,0,0,0,0,272,0.001,0.001,0.004
3148,2.355,2.293,0,0.001,0.021,0,0,,0,,,,0,,,,,0,0,0,0,0,0,0,0,1,0,1,0,1,2,0,0,0,0,0,0,272,0,0.001,0.002
3149,3.574,3.413,0,0.003,0.046,0,0,,0,,,,0,,,,,0,0,0,0,0,0,0,0,1,0,1,0,1,2,0,0,0,0,0,0,272,0.002,0.001,0.005
3150,0.903,0.754,0.001,0.004,0.029,0,0,,1,1296.875,229281792,284794880,1,62503872,62503872,135081984,38823561584,0,0,0,0,0,0,0,0,1,0,1,0,1,2,0,0,0,0,0,0,272,0.002,0.003,0.007
3151,1.531,1.378,0,0.011,0.073,0,0,,0,,,,0,,,,,0,0,0,0,0,0,0,0,1,0,1,0,1,2,0,0,0,0,0,0,272,0.002,0.001,0.003
3152,0.798,0.737,0,0.002,0.022,0,0,,0,,,,0,,,,,0,0,0,0,0,0,0,0,1,0,1,0,1,2,0,0,0,0,0,0,272,0.001,0,0.002
3153,0.997,0.884,0,0.003,0.034,0,0,,0,,,,0,,,,,0,0,0,0,0,0,0,0,1,0,1,0,1,2,0,0,0,0,0,0,272,0.001,0.001,0.004
3154,0.85,0.767,0,0.001,0.036,0,0,,0,,,,0,,,,,0,0,0,0,0,0,0,0,1,0,1,0,1,2,0,0,0,0,0,0,272,0.001,0,0.003
3155,0.904,0.84,0,0,0.029,0,0,,0,,,,0,,,,,0,0,0,0,0,0,0,0,1,0,1,0,1,2,0,0,0,0,0,0,272,0.001,0,0.002
3156,0.915,0.832,0.001,0.001,0.03,0,0,,0,,,,0,,,,,0,0,0,0,0,0,0,0,1,0,1,0,1,2,0,0,0,0,0,0,272,0.001,0.001,0.002
3157,0.959,0.796,0,0.003,0.052,0,0,,0,,,,0,,,,,0,0,0,0,0,0,0,0,1,0,1,0,1,2,0,0,0,0,0,0,272,0.001,0.001,0.005
3158,0.556,0.449,0,0.002,0.041,0,0,,0,,,,0,,,,,0,0,0,0,0,0,0,0,1,0,1,0,1,2,0,0,0,0,0,0,272,0.001,0.001,0.003
3159,0.452,0.396,0,0.001,0.019,0,0,,0,,,,0,,,,,0,0,0,0,0,0,0,0,1,0,1,0,1,2,0,0,0,0,0,0,272,0,0,0.002
3160,0.622,0.46,0,0.002,0.063,0,0,,0,,,,0,,,,,0,0,0,0,0,0,0,0,1,0,1,0,1,2,0,0,0,0,0,0,272,0.002,0.001,0.004
3161,0.447,0.355,0,0.001,0.041,0,0,,0,,,,0,,,,,0,0,0,0,0,0,0,0,1,0,1,0,1,2,0,0,0,0,0,0,272,0,0,0.003
3162,0.481,0.422,0,0.001,0.024,0,0,,0,,,,0,,,,,0,0,0,0,0,0,0,0,1,0,1,0,1,2,0,0,0,0,0,0,272,0.001,0,0.002
3163,0.584,0.463,0,0.002,0.053,0,0,,0,,,,0,,,,,0,0,0,0,0,0,0,0,1,0,1,0,1,2,0,0,0,0,0,0,272,0.001,0,0.004
3164,0.594,0.415,0,0.001,0.099,0,0,,0,,,,0,,,,,0,0,0,0,0,0,0,0,1,0,1,0,1,2,0,0,0,0,0,0,272,0.001,0.001,0.003
3165,0.465,0.318,0,0.001,0.082,0,0,,0,,,,0,,,,,0,0,0,0,0,0,0,0,1,0,1,0,1,2,0,0,0,0,0,0,272,0.001,0.001,0.003
3166,0.562,0.373,0,0.01,0.126,0,0,,0,,,,0,,,,,0,0,0,0,0,0,0,0,1,0,1,0,1,2,0,0,0,0,0,0,272,0.001,0.001,0.002
3167,0.449,0.327,0,0.003,0.045,0,0,,0,,,,0,,,,,0,0,0,0,0,0,0,0,1,0,1,0,1,2,0,0,0,0,0,0,272,0.001,0.001,0.004
3168,0.475,0.392,0.001,0.001,0.033,0,0,,0,,,,0,,,,,0,0,0,0,0,0,0,0,1,0,1,0,1,2,0,0,0,0,0,0,272,0,0,0.002
3169,0.631,0.426,0,0.002,0.089,0,0,,0,,,,0,,,,,0,0,0,0,0,0,0,0,1,0,1,0,1,2,0,0,0,0,0,0,272,0.002,0.001,0.005
3170,0.535,0.433,0,0.001,0.041,0,0,,0,,,,0,,,,,0,0,0,0,0,0,0,0,1,0,1,0,1,2,0,0,0,0,0,0,272,0.001,0.001,0.003
3171,0.745,0.548,0,0.003,0.089,0,0,,0,,,,0,,,,,0,0,0,0,0,0,0,0,1,0,1,0,1,2,0,0,0,0,0,0,272,0.002,0.001,0.005
3172,0.681,0.478,0.001,0.005,0.042,0,0,,0,,,,0,,,,,0,0,0,0,0,0,0,0,1,0,1,0,1,2,0,0,0,0,0,0,272,0.003,0.002,0.007
3173,0.525,0.388,0,0.002,0.045,0,0,,0,,,,0,,,,,0,0,0,0,0,0,0,0,1,0,1,0,1,2,0,0,0,0,0,0,272,0.003,0.001,0.004
3174,0.512,0.409,0,0.001,0.035,0,0,,0,,,,0,,,,,0,0,0,0,0,0,0,0,1,0,1,0,1,2,0,0,0,0,0,0,272,0.001,0.001,0.004
3175,0.546,0.421,0.001,0.002,0.069,0,0,,0,,,,0,,,,,0,0,0,0,0,0,0,0,1,0,1,0,1,2,0,0,0,0,0,0,272,0.001,0.001,0.003
3176,0.902,0.801,0,0.002,0.042,0,0,,0,,,,0,,,,,0,0,0,0,0,0,0,0,1,0,1,0,1,2,0,0,0,0,0,0,272,0.001,0.001,0.003
3177,0.628,0.425,0,0.004,0.049,0,0,,0,,,,0,,,,,0,0,0,0,0,0,0,0,1,0,1,0,1,2,0,0,0,0,0,0,272,0.002,0.002,0.005
3178,0.358,0.28,0,0.001,0.038,0,0,,0,,,,0,,,,,0,0,0,0,0,0,0,0,1,0,1,0,1,2,0,0,0,0,0,0,272,0,0,0.002
3179,0.598,0.518,0,0.002,0.036,0,0,,0,,,,0,,,,,0,0,0,0,0,0,0,0,1,0,1,0,1,2,0,0,0,0,0,0,272,0,0,0.002
3180,0.439,0.392,0,0.001,0.02,0,0,,1,1328.125,229281792,284794880,1,62503872,62503872,135081984,38823561584,0,0,0,0,0,0,0,0,1,0,1,0,1,2,0,0,0,0,0,0,272,0,0.001,0.001
3181,0.569,0.486,0,0.001,0.042,0,0,,0,,,,0,,,,,0,0,0,0,0,0,0,0,1,0,1,0,1,2,0,0,0,0,0,0,272,0,0,0.002
3182,0.659,0.489,0.001,0.003,0.04,0,0,,0,,,,0,,,,,0,0,0,0,0,0,0,0,1,0,1,0,1,2,0,0,0,0,0,0,272,0.002,0.001,0.006
3183,0.387,0.308,0,0.001,0.038,0,0,,0,,,,0,,,,,0,0,0,0,0,0,0,0,1,0,1,0,1,2,0,0,0,0,0,0,272,0.001,0.001,0.002
3184,0.558,0.477,0,0.001,0.042,0,0,,0,,,,0,,,,,0,0,0,0,0,0,0,0,1,0,1,0,1,2,0,0,0,0,0,0,272,0,0.001,0.002
3185,0.512,0.442,0,0.001,0.038,0,0,,0,,,,0,,,,,0,0,0,0,0,0,0,0,1,0,1,0,1,2,0,0,0,0,0,0,272,0,0,0.001
3186,0.59,0.458,0,0.002,0.054,0,0,,0,,,,0,,,,,0,0,0,0,0,0,0,0,1,0,1,0,1,2,0,0,0,0,0,0,272,0.001,0.001,0.003
3187,0.525,0.387,0,0.001,0.081,0,0,,0,,,,0,,,,,0,0,0,0,0,0,0,0,1,0,1,0,1,2,0,0,0,0,0,0,272,0.001,0.001,0.003
3188,0.477,0.386,0.001,0.001,0.045,0,0,,0,,,,0,,,,,0,0,0,0,0,0,0,0,1,0,1,0,1,2,0,0,0,0,0,0,272,0.001,0.001,0.002
3189,0.542,0.44,0,0.001,0.048,0,0,,0,,,,0,,,,,0,0,0,0,0,0,0,0,1,0,1,0,1,2,0,0,0,0,0,0,272,0,0.001,0.003
3190,0.61,0.444,0,0.003,0.063,0,0,,0,,,,0,,,,,0,0,0,0,0,0,0,0,1,0,1,0,1,2,0,0,0,0,0,0,272,0.001,0.001,0.005
3191,0.418,0.324,0.001,0.002,0.029,0,0,,0,,,,0,,,,,0,0,0,0,0,0,0,0,1,0,1,0,1,2,0,0,0,0,0,0,272,0.001,0.001,0.004
3192,0.468,0.391,0,0.001,0.037,0,0,,0,,,,0,,,,,0,0,0,0,0,0,0,0,1,0,1,0,1,2,0,0,0,0,0,0,272,0,0,0.002
3193,0.542,0.463,0,0.001,0.04,0,0,,0,,,,0,,,,,0,0,0,0,0,0,0,0,1,0,1,0,1,2,0,0,0,0,0,0,272,0,0.001,0.002
3194,0.537,0.453,0,0.001,0.044,0,0,,0,,,,0,,,,,0,0,0,0,0,0,0,0,1,0,1,0,1,2,0,0,0,0,0,0,272,0,0,0.003
3195,0.5,0.439,0.001,0,0.033,0,0,,0,,,,0,,,,,0,0,0,0,0,0,0,0,1,0,1,0,1,2,0,0,0,0,0,0,272,0.001,0,0.002
3196,0.636,0.465,0,0.003,0.051,0,0,,0,,,,0,,,,,0,0,0,0,0,0,0,0,1,0,1,0,1,2,0,0,0,0,0,0,272,0.001,0.001,0.006
3197,0.522,0.341,0,0.003,0.075,0,0,,0,,,,0,,,,,0,0,0,0,0,0,0,0,1,0,1,0,1,2,0,0,0,0,0,0,272,0.002,0.001,0.004
3198,0.966,0.79,0.001,0.002,0.034,0,0,,0,,,,0,,,,,0,0,0,0,0,0,0,0,1,0,1,0,1,2,0,0,0,0,0,0,272,0.002,0.001,0.004
3199,0.61,0.076,0,0.003,0.434,0,0,,0,,,,0,,,,,0,0,0,0,0,0,0,0,1,0,1,0,1,2,0,0,0,0,0,0,272,0.002,0.002,0.005
3200,0.229,0.001,0,0.001,0.194,0,0,,0,,,,0,,,,,0,0,0,0,0,0,0,0,1,0,1,0,1,2,0,0,0,0,0,0,272,0,0.001,0.002
3201,0.443,0.261,0,0.002,0.102,0,0,,0,,,,0,,,,,0,0,0,0,0,0,0,0,1,0,1,0,1,2,0,0,0,0,0,0,272,0.001,0.001,0.004
3202,0.47,0.259,0,0.001,0.162,0,0,,0,,,,0,,,,,0,0,0,0,0,0,0,0,1,0,1,0,1,2,0,0,0,0,0,0,272,0.001,0,0.002
3203,0.321,0.231,0,0.002,0.036,0,0,,0,,,,0,,,,,0,0,0,0,0,0,0,0,1,0,1,0,1,2,0,0,0,0,0,0,272,0.001,0.001,0.003
3204,0.649,0.527,0.001,0.002,0.028,0,0,,0,,,,0,,,,,0,0,0,0,0,0,0,0,1,0,1,0,1,2,0,0,0,0,0,0,272,0.001,0.001,0.004
3205,0.582,0.514,0,0.002,0.026,0,0,,0,,,,0,,,,,0,0,0,0,0,0,0,0,1,0,1,0,1,2,0,0,0,0,0,0,272,0,0,0.002
3206,1.036,0.928,0,0.002,0.048,0,0,,0,,,,0,,,,,0,0,0,0,0,0,0,0,1,0,1,0,1,2,0,0,0,0,0,0,272,0.001,0,0.004
3207,1.174,1.039,0,0.003,0.038,0,0,,0,,,,0,,,,,0,0,0,0,0,0,0,0,1,0,1,0,1,2,0,0,0,0,0,0,272,0.002,0.002,0.004
3208,1.92,1.754,0,0.003,0.058,0,0,,0,,,,0,,,,,0,0,0,0,0,0,0,0,1,0,1,0,1,2,0,0,0,0,0,0,272,0.002,0.001,0.006
3209,2.384,2.237,0,0.004,0.054,0,0,,0,,,,0,,,,,0,0,0,0,0,0,0,0,1,0,1,0,1,2,0,0,0,0,0,0,272,0.002,0.001,0.005
3210,2.45,2.228,0.001,0.005,0.065,0,0,,1,1343.75,229281792,284794880,1,62503872,62503872,135081984,38823561584,0,0,0,0,0,0,0,0,1,0,1,0,1,2,0,0,0,0,0,0,272,0.002,0.002,0.008
3211,2.158,2.017,0,0.003,0.044,0,0,,0,,,,0,,,,,0,0,0,0,0,0,0,0,1,0,1,0,1,2,0,0,0,0,0,0,272,0.001,0.001,0.005
3212,3.615,3.391,0.001,0.007,0.041,0,0,,0,,,,0,,,,,0,0,0,0,0,0,0,0,1,0,1,0,1,2,0,0,0,0,0,0,272,0.003,0.003,0.01
3213,2.104,1.922,0.001,0.004,0.037,0,0,,0,,,,0,,,,,0,0,0,0,0,0,0,0,1,0,1,0,1,2,0,0,0,0,0,0,272,0.002,0.002,0.007
3214,2.805,2.691,0,0.002,0.041,0,0,,0,,,,0,,,,,0,0,0,0,0,0,0,0,1,0,1,0,1,2,0,0,0,0,0,0,272,0.001,0,0.003
3215,0.797,0.714,0,0.001,0.029,0,0,,0,,,,0,,,,,0,0,0,0,0,0,0,0,1,0,1,0,1,2,0,0,0,0,0,0,272,0,0,0.003
3216,0.88,0.723,0,0.002,0.052,0,0,,0,,,,0,,,,,0,0,0,0,0,0,0,0,1,0,1,0,1,2,0,0,0,0,0,0,272,0.002,0.002,0.005
3217,0.775,0.65,0,0.003,0.039,0,0,,0,,,,0,,,,,0,0,0,0,0,0,0,0,1,0,1,0,1,2,0,0,0,0,0,0,272,0.001,0.001,0.004
3218,0.779,0.681,0,0.002,0.027,0,0,,0,,,,0,,,,,0,0,0,0,0,0,0,0,1,0,1,0,1,2,0,0,0,0,0,0,272,0.001,0.001,0.003
3219,0.853,0.717,0,0.002,0.048,0,0,,0,,,,0,,,,,0,0,0,0,0,0,0,0,1,0,1,0,1,2,0,0,0,0,0,0,272,0.001,0.001,0.004
3220,0.744,0.663,0,0.002,0.032,0,0,,0,,,,0,,,,,0,0,0,0,0,0,0,0,1,0,1,0,1,2,0,0,0,0,0,0,272,0.001,0.001,0.003
3221,0.931,0.759,0,0.003,0.053,0,0,,0,,,,0,,,,,0,0,0,0,0,0,0,0,1,0,1,0,1,2,0,0,0,0,0,0,272,0.002,0.002,0.005
3222,0.742,0.568,0,0.002,0.096,0,0,,0,,,,0,,,,,0,0,0,0,0,0,0,0,1,0,1,0,1,2,0,0,0,0,0,0,272,0.001,0.001,0.004
3223,0.81,0.638,0,0.002,0.099,0,0,,0,,,,0,,,,,0,0,0,0,0,0,0,0,1,0,1,0,1,2,0,0,0,0,0,0,272,0,0,0.004
3224,0.735,0.635,0,0.003,0.027,0,0,,0,,,,0,,,,,0,0,0,0,0,0,0,0,1,0,1,0,1,2,0,0,0,0,0,0,272,0.001,0,0.004
3225,0.858,0.666,0,0.003,0.093,0,0,,0,,,,0,,,,,0,0,0,0,0,0,0,0,1,0,1,0,1,2,0,0,0,0,0,0,272,0.001,0.001,0.005
3226,1.844,1.693,0,0.003,0.049,0,0,,0,,,,0,,,,,0,0,0,0,0,0,0,0,1,0,1,0,1,2,0,0,0,0,0,0,272,0.001,0.001,0.005
3227,0.859,0.654,0.001,0.002,0.085,0,0,,0,,,,0,,,,,0,0,0,0,0,0,0,0,1,0,1,0,1,2,0,0,0,0,0,0,272,0.001,0.002,0.006
3228,0.777,0.636,0,0.002,0.058,0,0,,0,,,,0,,,,,0,0,0,0,0,0,0,0,1,0,1,0,1,2,0,0,0,0,0,0,272,0.002,0.001,0.004
3229,0.856,0.622,0.001,0.02,0.107,0,0,,0,,,,0,,,,,0,0,0,0,0,0,0,0,1,0,1,0,1,2,0,0,0,0,0,0,272,0.002,0.001,0.005
3230,1.328,1.166,0,0.004,0.06,0,0,,0,,,,0,,,,,0,0,0,0,0,0,0,0,1,0,1,0,1,2,0,0,0,0,0,0,272,0.001,0.001,0.017
3231,0.728,0.594,0,0.002,0.054,0,0,,0,,,,0,,,,,0,0,0,0,0,0,0,0,1,0,1,0,1,2,0,0,0,0,0,0,272,0.002,0.001,0.004
3232,0.725,0.636,0,0.001,0.038,0,0,,0,,,,0,,,,,0,0,0,0,0,0,0,0,1,0,1,0,1,2,0,0,0,0,0,0,272,0,0,0.003
3233,0.903,0.709,0,0.003,0.066,0,0,,0,,,,0,,,,,0,0,0,0,0,0,0,0,1,0,1,0,1,2,0,0,0,0,0,0,272,0.002,0.001,0.005
3234,0.729,0.584,0,0.004,0.04,0,0,,0,,,,0,,,,,0,0,0,0,0,0,0,0,1,0,1,0,1,2,0,0,0,0,0,0,272,0.002,0.001,0.005
3235,0.53,0.424,0.001,0.003,0.029,0,0,,0,,,,0,,,,,0,0,0,0,0,0,0,0,1,0,1,0,1,2,0,0,0,0,0,0,272,0.001,0.001,0.004
3236,0.769,0.679,0,0.002,0.029,0,0,,0,,,,0,,,,,0,0,0,0,0,0,0,0,1,0,1,0,1,2,0,0,0,0,0,0,272,0.001,0,0.003
3237,0.889,0.725,0,0.003,0.057,0,0,,0,,,,0,,,,,0,0,0,0,0,0,0,0,1,0,1,0,1,2,0,0,0,0,0,0,272,0.002,0.002,0.005
3238,0.716,0.633,0,0.002,0.034,0,0,,0,,,,0,,,,,0,0,0,0,0,0,0,0,1,0,1,0,1,2,0,0,0,0,0,0,272,0.001,0.001,0.003
3239,0.782,0.714,0.001,0.001,0.027,0,0,,0,,,,0,,,,,0,0,0,0,0,0,0,0,1,0,1,0,1,2,0,0,0,0,0,0,272,0,0,0.003
3240,0.891,0.803,0,0.002,0.028,0,0,,1,1343.75,229281792,284794880,1,62503872,62503872,135081984,38823561584,0,0,0,0,0,0,0,0,1,0,1,0,1,2,0,0,0,0,0,0,272,0.001,0.001,0.004
3241,0.759,0.617,0,0.002,0.035,0,0,,0,,,,0,,,,,0,0,0,0,0,0,0,0,1,0,1,0,1,2,0,0,0,0,0,0,272,0.001,0.001,0.007
3242,0.726,0.597,0.001,0.003,0.037,0,0,,0,,,,0,,,,,0,0,0,0,0,0,0,0,1,0,1,0,1,2,0,0,0,0,0,0,272,0.001,0.001,0.006
3243,0.808,0.685,0,0.003,0.032,0,0,,0,,,,0,,,,,0,0,0,0,0,0,0,0,1,0,1,0,1,2,0,0,0,0,0,0,272,0.002,0.001,0.005
3244,0.777,0.654,0,0.002,0.043,0,0,,0,,,,0,,,,,0,0,0,0,0,0,0,0,1,0,1,0,1,2,0,0,0,0,0,0,272,0.001,0.001,0.004
3245,1.366,1.298,0,0.001,0.027,0,0,,0,,,,0,,,,,0,0,0,0,0,0,0,0,1,0,1,0,1,2,0,0,0,0,0,0,272,0.001,0,0.002
3246,0.88,0.754,0,0.003,0.037,0,0,,0,,,,0,,,,,0,0,0,0,0,0,0,0,1,0,1,0,1,2,0,0,0,0,0,0,272,0.002,0.001,0.004
3247,0.822,0.675,0,0.002,0.042,0,0,,0,,,,0,,,,,0,0,0,0,0,0,0,0,1,0,1,0,1,2,0,0,0,0,0,0,272,0.001,0.001,0.005
3248,0.759,0.646,0.001,0.002,0.044,0,0,,0,,,,0,,,,,0,0,0,0,0,0,0,0,1,0,1,0,1,2,0,0,0,0,0,0,272,0.001,0.001,0.003
3249,0.761,0.675,0.001,0.001,0.022,0,0,,0,,,,0,,,,,0,0,0,0,0,0,0,0,1,0,1,0,1,2,0,0,0,0,0,0,272,0,0.001,0.003
3250,2.632,2.505,0.001,0.003,0.045,0,0,,0,,,,0,,,,,0,0,0,0,0,0,0,0,1,0,1,0,1,2,0,0,0,0,0,0,272,0.001,0.001,0.005
3251,1.796,1.688,0,0.002,0.05,0,0,,0,,,,0,,,,,0,0,0,0,0,0,0,0,1,0,1,0,1,2,0,0,0,0,0,0,272,0.001,0.001,0.003
3252,1.752,1.628,0,0.004,0.037,0,0,,0,,,,0,,,,,0,0,0,0,0,0,0,0,1,0,1,0,1,2,0,0,0,0,0,0,272,0.002,0.001,0.005
3253,1.979,1.786,0.001,0.004,0.059,0,0,,0,,,,0,,,,,0,0,0,0,0,0,0,0,1,0,1,0,1,2,0,0,0,0,0,0,272,0.002,0.002,0.006
3254,1.985,1.884,0,0.002,0.038,0,0,,0,,,,0,,,,,0,0,0,0,0,0,0,0,1,0,1,0,1,2,0,0,0,0,0,0,272,0.001,0,0.004
3255,2.134,1.96,0,0.004,0.045,0,0,,0,,,,0,,,,,0,0,0,0,0,0,0,0,1,0,1,0,1,2,0,0,0,0,0,0,272,0.002,0.002,0.006
3256,2.708,2.581,0.001,0.002,0.049,0,0,,0,,,,0,,,,,0,0,0,0,0,0,0,0,1,0,1,0,1,2,0,0,0,0,0,0,272,0.002,0.002,0.004
3257,3.119,2.979,0,0.003,0.039,0,0,,0,,,,0,,,,,0,0,0,0,0,0,0,0,1,0,1,0,1,2,0,0,0,0,0,0,272,0.001,0.001,0.005
3258,2.169,2.059,0,0.002,0.034,0,0,,0,,,,0,,,,,0,0,0,0,0,0,0,0,1,0,1,0,1,2,0,0,0,0,0,0,272,0.001,0.002,0.004
3259,2.225,2.041,0,0.004,0.051,0,0,,0,,,,0,,,,,0,0,0,0,0,0,0,0,1,0,1,0,1,2,0,0,0,0,0,0,272,0.002,0.001,0.006
3260,1.956,1.833,0,0.003,0.035,0,0,,0,,,,0,,,,,0,0,0,0,0,0,0,0,1,0,1,0,1,2,0,0,0,0,0,0,272,0.001,0.002,0.005
3261,2.185,2.016,0,0.003,0.05,0,0,,0,,,,0,,,,,0,0,0,0,0,0,0,0,1,0,1,0,1,2,0,0,0,0,0,0,272,0.002,0.001,0.005
3262,2.021,1.848,0.001,0.003,0.054,0,0,,0,,,,0,,,,,0,0,0,0,0,0,0,0,1,0,1,0,1,2,0,0,0,0,0,0,272,0.001,0.001,0.006
3263,2.732,2.55,0,0.004,0.057,0,0,,0,,,,0,,,,,0,0,0,0,0,0,0,0,1,0,1,0,1,2,0,0,0,0,0,0,272,0.002,0.002,0.006
3264,3.093,2.982,0,0.003,0.03,0,0,,0,,,,0,,,,,0,0,0,0,0,0,0,0,1,0,1,0,1,2,0,0,0,0,0,0,272,0.001,0.001,0.005
3265,2.104,2.054,0,0.001,0.018,0,0,,0,,,,0,,,,,0,0,0,0,0,0,0,0,1,0,1,0,1,2,0,0,0,0,0,0,272,0,0.001,0.001
3266,2.135,1.993,0,0.004,0.032,0,0,,0,,,,0,,,,,0,0,0,0,0,0,0,0,1,0,1,0,1,2,0,0,0,0,0,0,272,0.001,0.001,0.007
3267,2.105,2.006,0,0.003,0.022,0,0,,0,,,,0,,,,,0,0,0,0,0,0,0,0,1,0,1,0,1,2,0,0,0,0,0,0,272,0,0.002,0.003
3268,3.005,2.907,0.001,0.003,0.027,0,0,,0,,,,0,,,,,0,0,0,0,0,0,0,0,1,0,1,0,1,2,0,0,0,0,0,0,272,0.001,0.001,0.005
3269,3.9,3.719,0.001,0.005,0.04,0,0,,0,,,,0,,,,,0,0,0,0,0,0,0,0,1,0,1,0,1,2,0,0,0,0,0,0,272,0.002,0.002,0.009
3270,2.697,2.54,0,0.004,0.043,0,0,,1,1359.375,229281792,284794880,1,62503872,62503872,135081984,38823561584,0,0,0,0,0,0,0,0,1,0,1,0,1,2,0,0,0,0,0,0,272,0.002,0.002,0.008
3271,3.005,2.823,0,0.003,0.056,0,0,,0,,,,0,,,,,0,0,0,0,0,0,0,0,1,0,1,0,1,2,0,0,0,0,0,0,272,0.002,0.002,0.006
3272,0.932,0.77,0,0.004,0.045,0,0,,0,,,,0,,,,,0,0,0,0,0,0,0,0,1,0,1,0,1,2,0,0,0,0,0,0,272,0.002,0.002,0.006
3273,0.808,0.696,0,0.003,0.029,0,0,,0,,,,0,,,,,0,0,0,0,0,0,0,0,1,0,1,0,1,2,0,0,0,0,0,0,272,0.002,0.001,0.004
3274,0.928,0.771,0,0.003,0.055,0,0,,0,,,,0,,,,,0,0,0,0,0,0,0,0,1,0,1,0,1,2,0,0,0,0,0,0,272,0.001,0.001,0.005
3275,0.832,0.73,0,0.002,0.028,0,0,,0,,,,0,,,,,0,0,0,0,0,0,0,0,1,0,1,0,1,2,0,0,0,0,0,0,272,0.001,0.002,0.003
3276,0.971,0.855,0,0.002,0.037,0,0,,0,,,,0,,,,,0,0,0,0,0,0,0,0,1,0,1,0,1,2,0,0,0,0,0,0,272,0,0,0.003
3277,0.797,0.708,0,0.001,0.03,0,0,,0,,,,0,,,,,0,0,0,0,0,0,0,0,1,0,1,0,1,2,0,0,0,0,0,0,272,0.001,0,0.003
3278,0.94,0.828,0.001,0.002,0.032,0,0,,0,,,,0,,,,,0,0,0,0,0,0,0,0,1,0,1,0,1,2,0,0,0,0,0,0,272,0.001,0.001,0.005
3279,0.981,0.825,0,0.003,0.048,0,0,,0,,,,0,,,,,0,0,0,0,0,0,0,0,1,0,1,0,1,2,0,0,0,0,0,0,272,0.002,0.001,0.006
3280,0.818,0.707,0,0.003,0.035,0,0,,0,,,,0,,,,,0,0,0,0,0,0,0,0,1,0,1,0,1,2,0,0,0,0,0,0,272,0.001,0.001,0.004
3281,0.779,0.731,0.001,0.001,0.016,0,0,,0,,,,0,,,,,0,0,0,0,0,0,0,0,1,0,1,0,1,2,0,0,0,0,0,0,272,0.001,0,0.001
3282,1.265,1.15,0,0.002,0.041,0,0,,0,,,,0,,,,,0,0,0,0,0,0,0,0,1,0,1,0,1,2,0,0,0,0,0,0,272,0.001,0.001,0.003
3283,0.855,0.79,0,0.001,0.026,0,0,,0,,,,0,,,,,0,0,0,0,0,0,0,0,1,0,1,0,1,2,0,0,0,0,0,0,272,0.001,0,0.002
3284,0.928,0.859,0.001,0.001,0.026,0,0,,0,,,,0,,,,,0,0,0,0,0,0,0,0,1,0,1,0,1,2,0,0,0,0,0,0,272,0,0,0.003
3285,1.649,1.488,0,0.002,0.039,0,0,,0,,,,0,,,,,0,0,0,0,0,0,0,0,1,0,1,0,1,2,0,0,0,0,0,0,272,0.002,0.001,0.007
3286,0.934,0.818,0,0.003,0.037,0,0,,0,,,,0,,,,,0,0,0,0,0,0,0,0,1,0,1,0,1,2,0,0,0,0,0,0,272,0.001,0.002,0.004
3287,0.877,0.757,0,0.003,0.035,0,0,,0,,,,0,,,,,0,0,0,0,0,0,0,0,1,0,1,0,1,2,0,0,0,0,0,0,272,0.001,0.001,0.004
3288,0.97,0.777,0.001,0.004,0.06,0,0,,0,,,,0,,,,,0,0,0,0,0,0,0,0,1,0,1,0,1,2,0,0,0,0,0,0,272,0.002,0.001,0.006
3289,0.791,0.69,0,0.002,0.027,0,0,,0,,,,0,,,,,0,0,0,0,0,0,0,0,1,0,1,0,1,2,0,0,0,0,0,0,272,0.001,0.002,0.004
3290,0.901,0.824,0,0.002,0.029,0,0,,0,,,,0,,,,,0,0,0,0,0,0,0,0,1,0,1,0,1,2,0,0,0,0,0,0,272,0.001,0,0.003
3291,1,0.864,0,0.003,0.05,0,0,,0,,,,0,,,,,0,0,0,0,0,0,0,0,1,0,1,0,1,2,0,0,0,0,0,0,272,0.002,0.001,0.004
3292,0.859,0.756,0,0.001,0.044,0,0,,0,,,,0,,,,,0,0,0,0,0,0,0,0,1,0,1,0,1,2,0,0,0,0,0,0,272,0.001,0.001,0.003
3293,0.94,0.822,0,0.003,0.035,0,0,,0,,,,0,,,,,0,0,0,0,0,0,0,0,1,0,1,0,1,2,0,0,0,0,0,0,272,0.001,0.001,0.004
3294,0.909,0.797,0,0.003,0.041,0,0,,0,,,,0,,,,,0,0,0,0,0,0,0,0,1,0,1,0,1,2,0,0,0,0,0,0,272,0.001,0,0.004
3295,0.894,0.814,0,0.002,0.029,0,0,,0,,,,0,,,,,0,0,0,0,0,0,0,0,1,0,1,0,1,2,0,0,0,0,0,0,272,0.001,0.001,0.003
3296,1.031,0.829,0,0.002,0.047,0,0,,0,,,,0,,,,,0,0,0,0,0,0,0,0,1,0,1,0,1,2,0,0,0,0,0,0,272,0.001,0.001,0.005
3297,0.762,0.654,0,0.003,0.028,0,0,,0,,,,0,,,,,0,0,0,0,0,0,0,0,1,0,1,0,1,2,0,0,0,0,0,0,272,0.001,0.002,0.004
3298,1.499,1.347,0,0.004,0.04,0,0,,0,,,,0,,,,,0,0,0,0,0,0,0,0,1,0,1,0,1,2,0,0,0,0,0,0,272,0.002,0.001,0.006
3299,0.887,0.782,0,0.002,0.033,0,0,,0,,,,0,,,,,0,0,0,0,0,0,0,0,1,0,1,0,1,2,0,0,0,0,0,0,272,0.001,0,0.004
3300,6.175,6.001,0,0.005,0.046,0,0,,1,1375,229347328,284794880,1,62503872,62503872,135081984,38823561584,0,0,0,0,0,0,0,0,1,0,1,0,1,2,0,0,0,0,0,0,272,0.002,0.003,0.008
3301,6.009,5.775,0.001,0.005,0.064,0,0,,0,,,,0,,,,,0,0,0,0,0,0,0,0,1,0,1,0,1,2,0,0,0,0,0,0,272,0.003,0.003,0.009
3302,11.71,11.417,0,0.007,0.08,0,0,,0,,,,0,,,,,0,0,0,0,0,0,0,0,1,0,1,0,1,2,0,0,0,0,0,0,272,0.003,0.003,0.011
3303,3.958,3.804,0.001,0.003,0.048,0,0,,0,,,,0,,,,,0,0,0,0,0,0,0,0,1,0,1,0,1,2,0,0,0,0,0,0,272,0.002,0.003,0.006
3304,4.378,4.263,0.001,0.003,0.031,0,0,,0,,,,0,,,,,0,0,0,0,0,0,0,0,1,0,1,0,1,2,0,0,0,0,0,0,272,0.001,0.001,0.005
3305,8.466,8.25,0,0.005,0.082,0,0,,0,,,,0,,,,,0,0,0,0,0,0,0,0,1,0,1,0,1,2,0,0,0,0,0,0,272,0.002,0.002,0.007
3306,4.335,4.161,0,0.004,0.052,0,0,,0,,,,0,,,,,0,0,0,0,0,0,0,0,1,0,1,0,1,2,0,0,0,0,0,0,272,0.001,0.003,0.008
3307,5.103,4.839,0,0.008,0.072,0,0,,0,,,,0,,,,,0,0,0,0,0,0,0,0,1,0,1,0,1,2,0,0,0,0,0,0,272,0.003,0.003,0.011
3308,11.146,10.909,0.001,0.005,0.063,0,0,,0,,,,0,,,,,0,0,0,0,0,0,0,0,1,0,1,0,1,2,0,0,0,0,0,0,272,0.003,0.003,0.011
3309,2.498,2.333,0,0.003,0.029,0,0,,0,,,,0,,,,,0,0,0,0,0,0,0,0,1,0,1,0,1,2,0,0,0,0,0,0,272,0.002,0.002,0.006
3310,1,0.881,0,0.003,0.037,0,0,,0,,,,0,,,,,0,0,0,0,0,0,0,0,1,0,1,0,1,2,0,0,0,0,0,0,272,0.001,0.002,0.004
3311,1.281,1.145,0,0.002,0.04,0,0,,0,,,,0,,,,,0,0,0,0,0,0,0,0,1,0,1,0,1,2,0,0,0,0,0,0,272,0.002,0.001,0.005
3312,0.492,0.368,0,0.002,0.044,0,0,,0,,,,0,,,,,0,0,0,0,0,0,0,0,1,0,1,0,1,2,0,0,0,0,0,0,272,0.001,0.001,0.004
3313,0.685,0.581,0,0.002,0.033,0,0,,0,,,,0,,,,,0,0,0,0,0,0,0,0,1,0,1,0,1,2,0,0,0,0,0,0,272,0.001,0.001,0.004
3314,0.898,0.823,0.001,0.001,0.023,0,0,,0,,,,0,,,,,0,0,0,0,0,0,0,0,1,0,1,0,1,2,0,0,0,0,0,0,272,0.001,0,0.003
3315,1.83,1.662,0,0.003,0.06,0,0,,0,,,,0,,,,,0,0,0,0,0,0,0,0,1,0,1,0,1,2,0,0,0,0,0,0,272,0.001,0.001,0.007
3316,0.812,0.733,0.001,0.001,0.03,0,0,,0,,,,0,,,,,0,0,0,0,0,0,0,0,1,0,1,0,1,2,0,0,0,0,0,0,272,0,0,0.002
3317,0.924,0.855,0,0.001,0.032,0,0,,0,,,,0,,,,,0,0,0,0,0,0,0,0,1,0,1,0,1,2,0,0,0,0,0,0,272,0.001,0,0.002
3318,0.922,0.86,0,0.001,0.035,0,0,,0,,,,0,,,,,0,0,0,0,0,0,0,0,1,0,1,0,1,2,0,0,0,0,0,0,272,0,0,0.001
3319,0.927,0.868,0.001,0,0.031,0,0,,0,,,,0,,,,,0,0,0,0,0,0,0,0,1,0,1,0,1,2,0,0,0,0,0,0,272,0.001,0,0.002
3320,0.99,0.883,0,0.002,0.045,0,0,,0,,,,0,,,,,0,0,0,0,0,0,0,0,1,0,1,0,1,2,0,0,0,0,0,0,272,0.001,0.001,0.002
3321,0.888,0.821,0,0.001,0.032,0,0,,0,,,,0,,,,,0,0,0,0,0,0,0,0,1,0,1,0,1,2,0,0,0,0,0,0,272,0,0.001,0.002
3322,0.951,0.868,0,0.001,0.035,0,0,,0,,,,0,,,,,0,0,0,0,0,0,0,0,1,0,1,0,1,2,0,0,0,0,0,0,272,0.001,0.001,0.003
3323,0.919,0.849,0,0.002,0.034,0,0,,0,,,,0,,,,,0,0,0,0,0,0,0,0,1,0,1,0,1,2,0,0,0,0,0,0,272,0.001,0,0.002
3324,0.945,0.851,0,0.002,0.038,0,0,,0,,,,0,,,,,0,0,0,0,0,0,0,0,1,0,1,0,1,2,0,0,0,0,0,0,272,0.001,0.001,0.003
3325,1.052,0.848,0,0.004,0.063,0,0,,0,,,,0,,,,,0,0,0,0,0,0,0,0,1,0,1,0,1,2,0,0,0,0,0,0,272,0.002,0.002,0.007
3326,1.279,1.128,0,0.003,0.047,0,0,,0,,,,0,,,,,0,0,0,0,0,0,0,0,1,0,1,0,1,2,0,0,0,0,0,0,272,0.002,0.001,0.011
3327,0.947,0.778,0.001,0.003,0.048,0,0,,0,,,,0,,,,,0,0,0,0,0,0,0,0,1,0,1,0,1,2,0,0,0,0,0,0,272,0.002,0.001,0.006
3328,0.858,0.77,0,0.001,0.045,0,0,,0,,,,0,,,,,0,0,0,0,0,0,0,0,1,0,1,0,1,2,0,0,0,0,0,0,272,0.001,0.001,0.002
3329,0.943,0.862,0,0.001,0.031,0,0,,0,,,,0,,,,,0,0,0,0,0,0,0,0,1,0,1,0,1,2,0,0,0,0,0,0,272,0.001,0,0.002
3330,1.657,1.51,0,0.011,0.056,0,0,,1,1375,229347328,284794880,1,62503872,62503872,135081984,38823561584,0,0,0,0,0,0,0,0,1,0,1,0,1,2,0,0,0,0,0,0,272,0.001,0.001,0.005
3331,0.874,0.795,0,0.001,0.039,0,0,,0,,,,0,,,,,0,0,0,0,0,0,0,0,1,0,1,0,1,2,0,0,0,0,0,0,272,0.001,0,0.003
3332,0.973,0.873,0,0.002,0.038,0,0,,0,,,,0,,,,,0,0,0,0,0,0,0,0,1,0,1,0,1,2,0,0,0,0,0,0,272,0.002,0,0.002
3333,0.894,0.833,0,0.001,0.035,0,0,,0,,,,0,,,,,0,0,0,0,0,0,0,0,1,0,1,0,1,2,0,0,0,0,0,0,272,0.001,0,0.001
3334,0.936,0.886,0,0.001,0.027,0,0,,0,,,,0,,,,,0,0,0,0,0,0,0,0,1,0,1,0,1,2,0,0,0,0,0,0,272,0.001,0,0.001
3335,0.99,0.899,0,0.001,0.042,0,0,,0,,,,0,,,,,0,0,0,0,0,0,0,0,1,0,1,0,1,2,0,0,0,0,0,0,272,0.001,0.001,0.002
3336,0.912,0.849,0,0.002,0.026,0,0,,0,,,,0,,,,,0,0,0,0,0,0,0,0,1,0,1,0,1,2,0,0,0,0,0,0,272,0,0.001,0.002
3337,0.977,0.876,0,0.001,0.05,0,0,,0,,,,0,,,,,0,0,0,0,0,0,0,0,1,0,1,0,1,2,0,0,0,0,0,0,272,0,0,0.003
3338,0.907,0.842,0,0.001,0.027,0,0,,0,,,,0,,,,,0,0,0,0,0,0,0,0,1,0,1,0,1,2,0,0,0,0,0,0,272,0.001,0,0.001
3339,1.758,1.651,0,0.001,0.043,0,0,,0,,,,0,,,,,0,0,0,0,0,0,0,0,1,0,1,0,1,2,0,0,0,0,0,0,272,0.001,0.001,0.003
3340,3.476,3.235,0.001,0.006,0.041,0,0,,0,,,,0,,,,,0,0,0,0,0,0,0,0,1,0,1,0,1,2,0,0,0,0,0,0,272,0.003,0.002,0.011
3341,0.776,0.666,0,0.003,0.024,0,0,,0,,,,0,,,,,0,0,0,0,0,0,0,0,1,0,1,0,1,2,0,0,0,0,0,0,272,0.001,0.001,0.005
3342,1.835,1.677,0,0.002,0.038,0,0,,0,,,,0,,,,,0,0,0,0,0,0,0,0,1,0,1,0,1,2,0,0,0,0,0,0,272,0.002,0.001,0.004
3343,9.335,9.159,0,0.004,0.053,0,0,,0,,,,0,,,,,0,0,0,0,0,0,0,0,1,0,1,0,1,2,0,0,0,0,0,0,272,0.002,0.002,0.008
3344,0.787,0.703,0,0.001,0.035,0,0,,0,,,,0,,,,,0,0,0,0,0,0,0,0,1,0,1,0,1,2,0,0,0,0,0,0,272,0.001,0,0.003
3345,0.861,0.793,0,0.001,0.036,0,0,,0,,,,0,,,,,0,0,0,0,0,0,0,0,1,0,1,0,1,2,0,0,0,0,0,0,272,0,0,0.002
3346,1.342,0.803,0,0.004,0.07,0,0,,0,,,,0,,,,,0,0,0,0,0,0,0,0,1,0,1,0,1,2,0,0,0,0,0,0,272,0.002,0.002,0.009
3347,0.405,0.283,0,0.003,0.037,0,0,,0,,,,0,,,,,0,0,0,0,0,0,0,0,1,0,1,0,1,2,0,0,0,0,0,0,272,0.001,0.001,0.004
3348,1.057,0.988,0.001,0.001,0.026,0,0,,0,,,,0,,,,,0,0,0,0,0,0,0,0,1,0,1,0,1,2,0,0,0,0,0,0,272,0.001,0.001,0.002
3349,0.884,0.798,0,0.002,0.025,0,0,,0,,,,0,,,,,0,0,0,0,0,0,0,0,1,0,1,0,1,2,0,0,0,0,0,0,272,0.001,0.001,0.004
3350,0.915,0.813,0,0.003,0.039,0,0,,0,,,,0,,,,,0,0,0,0,0,0,0,0,1,0,1,0,1,2,0,0,0,0,0,0,272,0.001,0.001,0.003
3351,0.851,0.744,0,0.002,0.053,0,0,,0,,,,0,,,,,0,0,0,0,0,0,0,0,1,0,1,0,1,2,0,0,0,0,0,0,272,0,0,0.003
3352,1.493,1.337,0,0.004,0.047,0,0,,0,,,,0,,,,,0,0,0,0,0,0,0,0,1,0,1,0,1,2,0,0,0,0,0,0,272,0.001,0.002,0.006
3353,0.787,0.685,0.001,0.001,0.028,0,0,,0,,,,0,,,,,0,0,0,0,0,0,0,0,1,0,1,0,1,2,0,0,0,0,0,0,272,0.001,0,0.005
3354,0.91,0.761,0,0.003,0.05,0,0,,0,,,,0,,,,,0,0,0,0,0,0,0,0,1,0,1,0,1,2,0,0,0,0,0,0,272,0.002,0.001,0.004
3355,0.778,0.676,0,0.001,0.043,0,0,,0,,,,0,,,,,0,0,0,0,0,0,0,0,1,0,1,0,1,2,0,0,0,0,0,0,272,0,0,0.004
3356,0.847,0.76,0.001,0.001,0.043,0,0,,0,,,,0,,,,,0,0,0,0,0,0,0,0,1,0,1,0,1,2,0,0,0,0,0,0,272,0.001,0,0.003
3357,0.976,0.744,0,0.003,0.116,0,0,,0,,,,0,,,,,0,0,0,0,0,0,0,0,1,0,1,0,1,2,0,0,0,0,0,0,272,0.002,0.002,0.005
3358,0.76,0.638,0,0.002,0.047,0,0,,0,,,,0,,,,,0,0,0,0,0,0,0,0,1,0,1,0,1,2,0,0,0,0,0,0,272,0.001,0.001,0.004
3359,0.788,0.699,0,0.002,0.042,0,0,,0,,,,0,,,,,0,0,0,0,0,0,0,0,1,0,1,0,1,2,0,0,0,0,0,0,272,0.001,0,0.003
3360,0.808,0.733,0,0.001,0.032,0,0,,1,1390.625,229347328,284794880,1,62503872,62503872,135081984,38823561584,0,0,0,0,0,0,0,0,1,0,1,0,1,2,0,0,0,0,0,0,272,0,0.001,0.003
3361,0.91,0.751,0,0.003,0.051,0,0,,0,,,,0,,,,,0,0,0,0,0,0,0,0,1,0,1,0,1,2,0,0,0,0,0,0,272,0.002,0.002,0.005
3362,0.75,0.668,0,0.002,0.035,0,0,,0,,,,0,,,,,0,0,0,0,0,0,0,0,1,0,1,0,1,2,0,0,0,0,0,0,272,0.001,0,0.003
3363,0.84,0.753,0,0.002,0.038,0,0,,0,,,,0,,,,,0,0,0,0,0,0,0,0,1,0,1,0,1,2,0,0,0,0,0,0,272,0.001,0.001,0.002
3364,0.867,0.734,0,0.003,0.033,0,0,,0,,,,0,,,,,0,0,0,0,0,0,0,0,1,0,1,0,1,2,0,0,0,0,0,0,272,0.001,0.002,0.004
3365,0.846,0.715,0,0.003,0.026,0,0,,0,,,,0,,,,,0,0,0,0,0,0,0,0,1,0,1,0,1,2,0,0,0,0,0,0,272,0.001,0.001,0.003
3366,1.177,1.068,0,0.002,0.037,0,0,,0,,,,0,,,,,0,0,0,0,0,0,0,0,1,0,1,0,1,2,0,0,0,0,0,0,272,0.001,0.001,0.004
3367,0.822,0.768,0,0.001,0.022,0,0,,0,,,,0,,,,,0,0,0,0,0,0,0,0,1,0,1,0,1,2,0,0,0,0,0,0,272,0.001,0,0.002
3368,0.883,0.801,0,0.002,0.037,0,0,,0,,,,0,,,,,0,0,0,0,0,0,0,0,1,0,1,0,1,2,0,0,0,0,0,0,272,0.001,0,0.003
3369,0.837,0.747,0,0.001,0.043,0,0,,0,,,,0,,,,,0,0,0,0,0,0,0,0,1,0,1,0,1,2,0,0,0,0,0,0,272,0,0.001,0.003
3370,1.541,1.376,0,0.003,0.047,0,0,,0,,,,0,,,,,0,0,0,0,0,0,0,0,1,0,1,0,1,2,0,0,0,0,0,0,272,0.002,0.002,0.006
3371,0.712,0.608,0,0.002,0.041,0,0,,0,,,,0,,,,,0,0,0,0,0,0,0,0,1,0,1,0,1,2,0,0,0,0,0,0,272,0.001,0.001,0.004
3372,0.81,0.741,0,0.001,0.033,0,0,,0,,,,0,,,,,0,0,0,0,0,0,0,0,1,0,1,0,1,2,0,0,0,0,0,0,272,0,0.001,0.002
3373,0.797,0.759,0,0,0.023,0,0,,0,,,,0,,,,,0,0,0,0,0,0,0,0,1,0,1,0,1,2,0,0,0,0,0,0,272,0,0,0.001
3374,0.936,0.791,0.001,0.003,0.035,0,0,,0,,,,0,,,,,0,0,0,0,0,0,0,0,1,0,1,0,1,2,0,0,0,0,0,0,272,0.001,0.001,0.004
3375,0.751,0.664,0,0.002,0.03,0,0,,0,,,,0,,,,,0,0,0,0,0,0,0,0,1,0,1,0,1,2,0,0,0,0,0,0,272,0.001,0.001,0.004
3376,0.874,0.741,0.001,0.002,0.037,0,0,,0,,,,0,,,,,0,0,0,0,0,0,0,0,1,0,1,0,1,2,0,0,0,0,0,0,272,0.001,0.001,0.005
3377,0.826,0.688,0.001,0.003,0.046,0,0,,0,,,,0,,,,,0,0,0,0,0,0,0,0,1,0,1,0,1,2,0,0,0,0,0,0,272,0.001,0.001,0.004
3378,0.838,0.686,0,0.003,0.051,0,0,,0,,,,0,,,,,0,0,0,0,0,0,0,0,1,0,1,0,1,2,0,0,0,0,0,0,272,0.002,0.002,0.004
3379,0.772,0.6,0.001,0.003,0.058,0,0,,0,,,,0,,,,,0,0,0,0,0,0,0,0,1,0,1,0,1,2,0,0,0,0,0,0,272,0.002,0.001,0.005
3380,0.738,0.627,0.001,0.002,0.039,0,0,,0,,,,0,,,,,0,0,0,0,0,0,0,0,1,0,1,0,1,2,0,0,0,0,0,0,272,0.002,0.001,0.004
3381,0.843,0.71,0.001,0.002,0.036,0,0,,0,,,,0,,,,,0,0,0,0,0,0,0,0,1,0,1,0,1,2,0,0,0,0,0,0,272,0.002,0.001,0.005
3382,0.769,0.682,0,0.002,0.026,0,0,,0,,,,0,,,,,0,0,0,0,0,0,0,0,1,0,1,0,1,2,0,0,0,0,0,0,272,0.001,0.001,0.004
3383,1.289,1.149,0,0.003,0.031,0,0,,0,,,,0,,,,,0,0,0,0,0,0,0,0,1,0,1,0,1,2,0,0,0,0,0,0,272,0.002,0.001,0.006
3384,0.726,0.622,0,0.002,0.032,0,0,,0,,,,0,,,,,0,0,0,0,0,0,0,0,1,0,1,0,1,2,0,0,0,0,0,0,272,0.001,0,0.003
3385,1.086,0.998,0,0.003,0.028,0,0,,0,,,,0,,,,,0,0,0,0,0,0,0,0,1,0,1,0,1,2,0,0,0,0,0,0,272,0.001,0.001,0.003
3386,0.821,0.728,0,0.002,0.029,0,0,,0,,,,0,,,,,0,0,0,0,0,0,0,0,1,0,1,0,1,2,0,0,0,0,0,0,272,0.001,0.001,0.003
3387,0.836,0.714,0,0.002,0.054,0,0,,0,,,,0,,,,,0,0,0,0,0,0,0,0,1,0,1,0,1,2,0,0,0,0,0,0,272,0.001,0,0.003
3388,0.853,0.749,0,0.002,0.035,0,0,,0,,,,0,,,,,0,0,0,0,0,0,0,0,1,0,1,0,1,2,0,0,0,0,0,0,272,0.001,0.001,0.004
3389,0.685,0.584,0,0.002,0.041,0,0,,0,,,,0,,,,,0,0,0,0,0,0,0,0,1,0,1,0,1,2,0,0,0,0,0,0,272,0,0,0.003
3390,1.553,1.382,0.001,0.003,0.063,0,0,,1,1406.25,229351424,284794880,1,62503872,62503872,135081984,38823561584,0,0,0,0,0,0,0,0,1,0,1,0,1,2,0,0,0,0,0,0,272,0.001,0.002,0.005
3391,0.669,0.572,0,0.001,0.031,0,0,,0,,,,0,,,,,0,0,0,0,0,0,0,0,1,0,1,0,1,2,0,0,0,0,0,0,272,0.001,0.001,0.004
3392,1.035,0.978,0,0.001,0.024,0,0,,0,,,,0,,,,,0,0,0,0,0,0,0,0,1,0,1,0,1,2,0,0,0,0,0,0,272,0,0.001,0.002
3393,1.904,1.781,0.001,0.003,0.032,0,0,,0,,,,0,,,,,0,0,0,0,0,0,0,0,1,0,1,0,1,2,0,0,0,0,0,0,272,0.001,0.001,0.006
3394,2.05,1.938,0,0.003,0.04,0,0,,0,,,,0,,,,,0,0,0,0,0,0,0,0,1,0,1,0,1,2,0,0,0,0,0,0,272,0.001,0.001,0.003
3395,2.269,2.149,0,0.003,0.028,0,0,,0,,,,0,,,,,0,0,0,0,0,0,0,0,1,0,1,0,1,2,0,0,0,0,0,0,272,0.001,0.001,0.006
3396,2.159,2.018,0,0.004,0.034,0,0,,0,,,,0,,,,,0,0,0,0,0,0,0,0,1,0,1,0,1,2,0,0,0,0,0,0,272,0.002,0.001,0.006
3397,2.955,2.778,0,0.003,0.057,0,0,,0,,,,0,,,,,0,0,0,0,0,0,0,0,1,0,1,0,1,2,0,0,0,0,0,0,272,0.001,0.001,0.006
3398,3.318,3.228,0,0.002,0.038,0,0,,0,,,,0,,,,,0,0,0,0,0,0,0,0,1,0,1,0,1,2,0,0,0,0,0,0,272,0.001,0,0.003
3399,2.35,2.145,0.001,0.003,0.062,0,0,,0,,,,0,,,,,0,0,0,0,0,0,0,0,1,0,1,0,1,2,0,0,0,0,0,0,272,0.002,0.002,0.008
3400,0.574,0.483,0,0.002,0.04,0,0,,0,,,,0,,,,,0,0,0,0,0,0,0,0,1,0,1,0,1,2,0,0,0,0,0,0,272,0.001,0.001,0.003
3401,0.761,0.694,0,0.001,0.034,0,0,,0,,,,0,,,,,0,0,0,0,0,0,0,0,1,0,1,0,1,2,0,0,0,0,0,0,272,0.001,0,0.002
3402,0.727,0.668,0.001,0,0.03,0,0,,0,,,,0,,,,,0,0,0,0,0,0,0,0,1,0,1,0,1,2,0,0,0,0,0,0,272,0.001,0,0.002
3403,0.727,0.674,0.001,0,0.025,0,0,,0,,,,0,,,,,0,0,0,0,0,0,0,0,1,0,1,0,1,2,0,0,0,0,0,0,272,0.001,0,0.002
3404,0.748,0.693,0,0.001,0.028,0,0,,0,,,,0,,,,,0,0,0,0,0,0,0,0,1,0,1,0,1,2,0,0,0,0,0,0,272,0,0,0.002
3405,0.834,0.703,0,0.003,0.038,0,0,,0,,,,0,,,,,0,0,0,0,0,0,0,0,1,0,1,0,1,2,0,0,0,0,0,0,272,0.001,0.002,0.004
3406,0.636,0.542,0,0.003,0.031,0,0,,0,,,,0,,,,,0,0,0,0,0,0,0,0,1,0,1,0,1,2,0,0,0,0,0,0,272,0.001,0,0.003
3407,0.713,0.663,0,0.001,0.022,0,0,,0,,,,0,,,,,0,0,0,0,0,0,0,0,1,0,1,0,1,2,0,0,0,0,0,0,272,0,0.001,0.001
3408,0.863,0.711,0,0.002,0.063,0,0,,0,,,,0,,,,,0,0,0,0,0,0,0,0,1,0,1,0,1,2,0,0,0,0,0,0,272,0.001,0.001,0.004
3409,0.476,0.394,0,0.002,0.02,0,0,,0,,,,0,,,,,0,0,0,0,0,0,0,0,1,0,1,0,1,2,0,0,0,0,0,0,272,0.001,0.001,0.003
3410,0.508,0.388,0.001,0.002,0.037,0,0,,0,,,,0,,,,,0,0,0,0,0,0,0,0,1,0,1,0,1,2,0,0,0,0,0,0,272,0.001,0.001,0.004
3411,1.024,0.923,0,0.002,0.026,0,0,,0,,,,0,,,,,0,0,0,0,0,0,0,0,1,0,1,0,1,2,0,0,0,0,0,0,272,0.001,0.001,0.004
3412,0.698,0.635,0,0.002,0.018,0,0,,0,,,,0,,,,,0,0,0,0,0,0,0,0,1,0,1,0,1,2,0,0,0,0,0,0,272,0.001,0.001,0.002
3413,0.741,0.678,0,0.001,0.026,0,0,,0,,,,0,,,,,0,0,0,0,0,0,0,0,1,0,1,0,1,2,0,0,0,0,0,0,272,0.001,0,0.003
3414,0.739,0.662,0,0.001,0.037,0,0,,0,,,,0,,,,,0,0,0,0,0,0,0,0,1,0,1,0,1,2,0,0,0,0,0,0,272,0.001,0.001,0.002
3415,0.704,0.639,0.001,0.001,0.033,0,0,,0,,,,0,,,,,0,0,0,0,0,0,0,0,1,0,1,0,1,2,0,0,0,0,0,0,272,0,0.001,0.002
3416,0.702,0.66,0,0.001,0.018,0,0,,0,,,,0,,,,,0,0,0,0,0,0,0,0,1,0,1,0,1,2,0,0,0,0,0,0,272,0.001,0,0.002
3417,1.312,1.207,0.001,0.002,0.034,0,0,,0,,,,0,,,,,0,0,0,0,0,0,0,0,1,0,1,0,1,2,0,0,0,0,0,0,272,0.001,0,0.005
3418,0.757,0.637,0,0.003,0.036,0,0,,0,,,,0,,,,,0,0,0,0,0,0,0,0,1,0,1,0,1,2,0,0,0,0,0,0,272,0.001,0.001,0.005
3419,0.689,0.6,0,0.002,0.04,0,0,,0,,,,0,,,,,0,0,0,0,0,0,0,0,1,0,1,0,1,2,0,0,0,0,0,0,272,0.001,0.001,0.003
3420,0.697,0.606,0,0.002,0.033,0,0,,1,1437.5,229351424,284794880,1,62503872,62503872,135081984,38823561584,0,0,0,0,0,0,0,0,1,0,1,0,1,2,0,0,0,0,0,0,272,0.001,0.001,0.003
3421,0.683,0.623,0.001,0.001,0.02,0,0,,0,,,,0,,,,,0,0,0,0,0,0,0,0,1,0,1,0,1,2,0,0,0,0,0,0,272,0,0.001,0.002
3422,0.728,0.675,0,0.001,0.018,0,0,,0,,,,0,,,,,0,0,0,0,0,0,0,0,1,0,1,0,1,2,0,0,0,0,0,0,272,0,0.001,0.002
3423,0.8,0.685,0,0.003,0.045,0,0,,0,,,,0,,,,,0,0,0,0,0,0,0,0,1,0,1,0,1,2,0,0,0,0,0,0,272,0.001,0.001,0.004
3424,0.688,0.571,0,0.003,0.041,0,0,,0,,,,0,,,,,0,0,0,0,0,0,0,0,1,0,1,0,1,2,0,0,0,0,0,0,272,0.001,0.001,0.004
3425,0.768,0.613,0.001,0.004,0.07,0,0,,0,,,,0,,,,,0,0,0,0,0,0,0,0,1,0,1,0,1,2,0,0,0,0,0,0,272,0.001,0.001,0.004
3426,0.498,0.111,0,0.002,0.289,0,0,,0,,,,0,,,,,0,0,0,0,0,0,0,0,1,0,1,0,1,2,0,0,0,0,0,0,272,0.001,0.001,0.006
3427,0.319,0.168,0.001,0.002,0.056,0,0,,0,,,,0,,,,,0,0,0,0,0,0,0,0,1,0,1,0,1,2,0,0,0,0,0,0,272,0.002,0.002,0.005
3428,0.501,0.394,0.001,0.002,0.039,0,0,,0,,,,0,,,,,0,0,0,0,0,0,0,0,1,0,1,0,1,2,0,0,0,0,0,0,272,0.001,0.001,0.003
3429,0.621,0.535,0,0.001,0.032,0,0,,0,,,,0,,,,,0,0,0,0,0,0,0,0,1,0,1,0,1,2,0,0,0,0,0,0,272,0,0.001,0.003
3430,0.699,0.644,0,0.001,0.022,0,0,,0,,,,0,,,,,0,0,0,0,0,0,0,0,1,0,1,0,1,2,0,0,0,0,0,0,272,0,0.001,0.002
3431,0.791,0.683,0.001,0.002,0.034,0,0,,0,,,,0,,,,,0,0,0,0,0,0,0,0,1,0,1,0,1,2,0,0,0,0,0,0,272,0.001,0.001,0.004
3432,1.514,1.422,0.001,0.002,0.027,0,0,,0,,,,0,,,,,0,0,0,0,0,0,0,0,1,0,1,0,1,2,0,0,0,0,0,0,272,0.001,0.002,0.003
3433,0.714,0.643,0,0.002,0.029,0,0,,0,,,,0,,,,,0,0,0,0,0,0,0,0,1,0,1,0,1,2,0,0,0,0,0,0,272,0,0.001,0.002
3434,1.515,1.422,0,0.002,0.038,0,0,,0,,,,0,,,,,0,0,0,0,0,0,0,0,1,0,1,0,1,2,0,0,0,0,0,0,272,0.001,0.001,0.003
3435,2.578,2.47,0.001,0.002,0.042,0,0,,0,,,,0,,,,,0,0,0,0,0,0,0,0,1,0,1,0,1,2,0,0,0,0,0,0,272,0.001,0.001,0.004
3436,1.676,1.597,0,0.002,0.024,0,0,,0,,,,0,,,,,0,0,0,0,0,0,0,0,1,0,1,0,1,2,0,0,0,0,0,0,272,0.001,0.001,0.004
3437,1.862,1.615,0.001,0.004,0.109,0,0,,0,,,,0,,,,,0,0,0,0,0,0,0,0,1,0,1,0,1,2,0,0,0,0,0,0,272,0.002,0.002,0.009
3438,1.472,1.376,0,0.002,0.03,0,0,,0,,,,0,,,,,0,0,0,0,0,0,0,0,1,0,1,0,1,2,0,0,0,0,0,0,272,0.001,0.001,0.004
3439,1.729,1.599,0,0.002,0.048,0,0,,0,,,,0,,,,,0,0,0,0,0,0,0,0,1,0,1,0,1,2,0,0,0,0,0,0,272,0.001,0.001,0.004
3440,1.724,1.639,0.001,0.001,0.028,0,0,,0,,,,0,,,,,0,0,0,0,0,0,0,0,1,0,1,0,1,2,0,0,0,0,0,0,272,0,0,0.003
3441,1.878,1.73,0,0.003,0.056,0,0,,0,,,,0,,,,,0,0,0,0,0,0,0,0,1,0,1,0,1,2,0,0,0,0,0,0,272,0.002,0.001,0.003
3442,2.759,2.621,0,0.004,0.038,0,0,,0,,,,0,,,,,0,0,0,0,0,0,0,0,1,0,1,0,1,2,0,0,0,0,0,0,272,0.001,0.001,0.006
3443,2.027,1.864,0.001,0.002,0.04,0,0,,0,,,,0,,,,,0,0,0,0,0,0,0,0,1,0,1,0,1,2,0,0,0,0,0,0,272,0.001,0.002,0.006
3444,4.958,4.768,0,0.004,0.055,0,0,,0,,,,0,,,,,0,0,0,0,0,0,0,0,1,0,1,0,1,2,0,0,0,0,0,0,272,0.003,0.002,0.008
3445,2.224,2.049,0.001,0.003,0.051,0,0,,0,,,,0,,,,,0,0,0,0,0,0,0,0,1,0,1,0,1,2,0,0,0,0,0,0,272,0.002,0.001,0.006
3446,2.092,1.947,0,0.003,0.042,0,0,,0,,,,0,,,,,0,0,0,0,0,0,0,0,1,0,1,0,1,2,0,0,0,0,0,0,272,0.001,0.001,0.005
3447,2.289,2.135,0,0.003,0.069,0,0,,0,,,,0,,,,,0,0,0,0,0,0,0,0,1,0,1,0,1,2,0,0,0,0,0,0,272,0.002,0.001,0.005
3448,2.405,2.264,0,0.003,0.035,0,0,,0,,,,0,,,,,0,0,0,0,0,0,0,0,1,0,1,0,1,2,0,0,0,0,0,0,272,0.001,0.002,0.006
3449,5.696,5.483,0,0.004,0.064,0,0,,0,,,,0,,,,,0,0,0,0,0,0,0,0,1,0,1,0,1,2,0,0,0,0,0,0,272,0.003,0.003,0.009
3450,0.655,0.534,0,0.002,0.024,0,0,,1,1453.125,229351424,284794880,1,62503872,62503872,135081984,38823561584,0,0,0,0,0,0,0,0,1,0,1,0,1,2,0,0,0,0,0,0,272,0.001,0.003,0.007
3451,0.831,0.67,0,0.004,0.05,0,0,,0,,,,0,,,,,0,0,0,0,0,0,0,0,1,0,1,0,1,2,0,0,0,0,0,0,272,0.002,0.001,0.006
3452,0.73,0.646,0,0.002,0.025,0,0,,0,,,,0,,,,,0,0,0,0,0,0,0,0,1,0,1,0,1,2,0,0,0,0,0,0,272,0.002,0.001,0.004
3453,0.807,0.704,0,0.002,0.032,0,0,,0,,,,0,,,,,0,0,0,0,0,0,0,0,1,0,1,0,1,2,0,0,0,0,0,0,272,0.001,0.001,0.003
3454,0.81,0.723,0,0.002,0.023,0,0,,0,,,,0,,,,,0,0,0,0,0,0,0,0,1,0,1,0,1,2,0,0,0,0,0,0,272,0.001,0.001,0.004
3455,0.75,0.683,0,0.001,0.024,0,0,,0,,,,0,,,,,0,0,0,0,0,0,0,0,1,0,1,0,1,2,0,0,0,0,0,0,272,0,0,0.003
3456,1.027,0.901,0,0.002,0.03,0,0,,0,,,,0,,,,,0,0,0,0,0,0,0,0,1,0,1,0,1,2,0,0,0,0,0,0,272,0.001,0,0.003
3457,0.864,0.758,0,0.002,0.033,0,0,,0,,,,0,,,,,0,0,0,0,0,0,0,0,1,0,1,0,1,2,0,0,0,0,0,0,272,0.001,0.001,0.004
3458,0.658,0.578,0,0.002,0.028,0,0,,0,,,,0,,,,,0,0,0,0,0,0,0,0,1,0,1,0,1,2,0,0,0,0,0,0,272,0,0,0.003
3459,0.869,0.738,0.001,0.002,0.055,0,0,,0,,,,0,,,,,0,0,0,0,0,0,0,0,1,0,1,0,1,2,0,0,0,0,0,0,272,0.001,0.001,0.004
3460,0.821,0.709,0,0.003,0.037,0,0,,0,,,,0,,,,,0,0,0,0,0,0,0,0,1,0,1,0,1,2,0,0,0,0,0,0,272,0.001,0.001,0.003
3461,0.818,0.678,0,0.003,0.031,0,0,,0,,,,0,,,,,0,0,0,0,0,0,0,0,1,0,1,0,1,2,0,0,0,0,0,0,272,0.002,0.001,0.004
3462,0.777,0.558,0.001,0.004,0.08,0,0,,0,,,,0,,,,,0,0,0,0,0,0,0,0,1,0,1,0,1,2,0,0,0,0,0,0,272,0.003,0.002,0.006
3463,0.889,0.792,0,0.002,0.023,0,0,,0,,,,0,,,,,0,0,0,0,0,0,0,0,1,0,1,0,1,2,0,0,0,0,0,0,272,0.001,0,0.003
3464,0.707,0.66,0,0.002,0.016,0,0,,0,,,,0,,,,,0,0,0,0,0,0,0,0,1,0,1,0,1,2,0,0,0,0,0,0,272,0.001,0.001,0.001
3465,3.247,3.085,0,0.003,0.048,0,0,,0,,,,0,,,,,0,0,0,0,0,0,0,0,1,0,1,0,1,2,0,0,0,0,0,0,272,0.001,0.001,0.006
3466,2.003,1.87,0.001,0.002,0.034,0,0,,0,,,,0,,,,,0,0,0,0,0,0,0,0,1,0,1,0,1,2,0,0,0,0,0,0,272,0.001,0.001,0.005
3467,2.056,1.935,0.001,0.002,0.042,0,0,,0,,,,0,,,,,0,0,0,0,0,0,0,0,1,0,1,0,1,2,0,0,0,0,0,0,272,0.001,0.001,0.005
3468,2.175,2.004,0,0.002,0.062,0,0,,0,,,,0,,,,,0,0,0,0,0,0,0,0,1,0,1,0,1,2,0,0,0,0,0,0,272,0.002,0.002,0.006
3469,2.07,1.96,0,0.003,0.028,0,0,,0,,,,0,,,,,0,0,0,0,0,0,0,0,1,0,1,0,1,2,0,0,0,0,0,0,272,0.001,0.001,0.004
3470,2.273,2.08,0,0.004,0.069,0,0,,0,,,,0,,,,,0,0,0,0,0,0,0,0,1,0,1,0,1,2,0,0,0,0,0,0,272,0.001,0.002,0.005
3471,3.516,3.284,0.001,0.005,0.065,0,0,,0,,,,0,,,,,0,0,0,0,0,0,0,0,1,0,1,0,1,2,0,0,0,0,0,0,272,0.003,0.002,0.01
3472,3.823,3.713,0,0.003,0.027,0,0,,0,,,,0,,,,,0,0,0,0,0,0,0,0,1,0,1,0,1,2,0,0,0,0,0,0,272,0.002,0.001,0.004
3473,2.558,2.386,0,0.003,0.055,0,0,,0,,,,0,,,,,0,0,0,0,0,0,0,0,1,0,1,0,1,2,0,0,0,0,0,0,272,0.001,0.001,0.005
3474,3.113,2.951,0.001,0.003,0.052,0,0,,0,,,,0,,,,,0,0,0,0,0,0,0,0,1,0,1,0,1,2,0,0,0,0,0,0,272,0.002,0.001,0.007
3475,0.843,0.647,0,0.005,0.071,0,0,,0,,,,0,,,,,0,0,0,0,0,0,0,0,1,0,1,0,1,2,0,0,0,0,0,0,272,0.002,0.002,0.006
3476,0.652,0.571,0,0.002,0.021,0,0,,0,,,,0,,,,,0,0,0,0,0,0,0,0,1,0,1,0,1,2,0,0,0,0,0,0,272,0.001,0.001,0.003
3477,0.833,0.725,0,0.002,0.052,0,0,,0,,,,0,,,,,0,0,0,0,0,0,0,0,1,0,1,0,1,2,0,0,0,0,0,0,272,0.001,0.001,0.003
3478,0.82,0.711,0,0.002,0.03,0,0,,0,,,,0,,,,,0,0,0,0,0,0,0,0,1,0,1,0,1,2,0,0,0,0,0,0,272,0.001,0.001,0.004
3479,0.671,0.608,0,0.002,0.019,0,0,,0,,,,0,,,,,0,0,0,0,0,0,0,0,1,0,1,0,1,2,0,0,0,0,0,0,272,0,0,0.003
3480,1.152,1.032,0,0.003,0.027,0,0,,1,1484.375,229351424,284794880,1,62503872,62503872,135081984,38823561584,0,0,0,0,0,0,0,0,1,0,1,0,1,2,0,0,0,0,0,0,272,0.001,0.001,0.005
3481,1.324,0.939,0.001,0.004,0.21,0,0,,0,,,,0,,,,,0,0,0,0,0,0,0,0,1,0,1,0,1,2,0,0,0,0,0,0,272,0.003,0.003,0.008
3482,0.844,0.728,0,0.003,0.03,0,0,,0,,,,0,,,,,0,0,0,0,0,0,0,0,1,0,1,0,1,2,0,0,0,0,0,0,272,0.001,0.001,0.005
3483,0.683,0.6,0,0.002,0.022,0,0,,0,,,,0,,,,,0,0,0,0,0,0,0,0,1,0,1,0,1,2,0,0,0,0,0,0,272,0.001,0.001,0.003
3484,0.847,0.694,0,0.004,0.048,0,0,,0,,,,0,,,,,0,0,0,0,0,0,0,0,1,0,1,0,1,2,0,0,0,0,0,0,272,0.002,0.002,0.005
3485,1.264,0.982,0,0.003,0.167,0,0,,0,,,,0,,,,,0,0,0,0,0,0,0,0,1,0,1,0,1,2,0,0,0,0,0,0,272,0.002,0.001,0.006
3486,0.552,0.44,0,0.003,0.033,0,0,,0,,,,0,,,,,0,0,0,0,0,0,0,0,1,0,1,0,1,2,0,0,0,0,0,0,272,0.001,0.001,0.004
3487,0.803,0.695,0,0.002,0.031,0,0,,0,,,,0,,,,,0,0,0,0,0,0,0,0,1,0,1,0,1,2,0,0,0,0,0,0,272,0.001,0.001,0.004
3488,0.784,0.699,0.001,0.002,0.026,0,0,,0,,,,0,,,,,0,0,0,0,0,0,0,0,1,0,1,0,1,2,0,0,0,0,0,0,272,0,0.001,0.003
3489,0.732,0.656,0,0.001,0.031,0,0,,0,,,,0,,,,,0,0,0,0,0,0,0,0,1,0,1,0,1,2,0,0,0,0,0,0,272,0.001,0,0.003
3490,1.077,0.868,0,0.004,0.069,0,0,,0,,,,0,,,,,0,0,0,0,0,0,0,0,1,0,1,0,1,2,0,0,0,0,0,0,272,0.002,0.001,0.007
3491,0.791,0.604,0,0.004,0.038,0,0,,0,,,,0,,,,,0,0,0,0,0,0,0,0,1,0,1,0,1,2,0,0,0,0,0,0,272,0.002,0.001,0.007
3492,0.729,0.503,0,0.004,0.082,0,0,,0,,,,0,,,,,0,0,0,0,0,0,0,0,1,0,1,0,1,2,0,0,0,0,0,0,272,0.002,0.014,0.006
3493,0.717,0.563,0,0.003,0.054,0,0,,0,,,,0,,,,,0,0,0,0,0,0,0,0,1,0,1,0,1,2,0,0,0,0,0,0,272,0.001,0.001,0.005
3494,0.885,0.653,0,0.004,0.107,0,0,,0,,,,0,,,,,0,0,0,0,0,0,0,0,1,0,1,0,1,2,0,0,0,0,0,0,272,0.002,0.002,0.005
3495,0.614,0.501,0,0.002,0.046,0,0,,0,,,,0,,,,,0,0,0,0,0,0,0,0,1,0,1,0,1,2,0,0,0,0,0,0,272,0,0.001,0.003
3496,0.81,0.663,0.001,0.003,0.041,0,0,,0,,,,0,,,,,0,0,0,0,0,0,0,0,1,0,1,0,1,2,0,0,0,0,0,0,272,0.002,0.001,0.005
3497,0.817,0.66,0,0.003,0.058,0,0,,0,,,,0,,,,,0,0,0,0,0,0,0,0,1,0,1,0,1,2,0,0,0,0,0,0,272,0.001,0.001,0.004
3498,0.723,0.622,0,0.002,0.035,0,0,,0,,,,0,,,,,0,0,0,0,0,0,0,0,1,0,1,0,1,2,0,0,0,0,0,0,272,0.001,0.001,0.003
3499,0.731,0.643,0,0.002,0.025,0,0,,0,,,,0,,,,,0,0,0,0,0,0,0,0,1,0,1,0,1,2,0,0,0,0,0,0,272,0.001,0.001,0.004
3500,1.221,0.979,0,0.02,0.084,0,0,,0,,,,0,,,,,0,0,0,0,0,0,0,0,1,0,1,0,1,2,0,0,0,0,0,0,272,0.002,0.001,0.007
3501,0.625,0.497,0,0.002,0.047,0,0,,0,,,,0,,,,,0,0,0,0,0,0,0,0,1,0,1,0,1,2,0,0,0,0,0,0,272,0.001,0,0.004
3502,1.457,1.227,0,0.003,0.105,0,0,,0,,,,0,,,,,0,0,0,0,0,0,0,0,1,0,1,0,1,2,0,0,0,0,0,0,272,0.003,0.002,0.005
3503,1.381,1.13,0,0.005,0.071,0,0,,0,,,,0,,,,,0,0,0,0,0,0,0,0,1,0,1,0,1,2,0,0,0,0,0,0,272,0.003,0.002,0.008
3504,1.068,0.884,0.001,0.004,0.066,0,0,,0,,,,0,,,,,0,0,0,0,0,0,0,0,1,0,1,0,1,2,0,0,0,0,0,0,272,0.002,0.001,0.007
3505,1.968,1.776,0,0.004,0.062,0,0,,0,,,,0,,,,,0,0,0,0,0,0,0,0,1,0,1,0,1,2,0,0,0,0,0,0,272,0.001,0.002,0.006
3506,1.88,1.665,0,0.006,0.035,0,0,,0,,,,0,,,,,0,0,0,0,0,0,0,0,1,0,1,0,1,2,0,0,0,0,0,0,272,0.002,0.003,0.009
3507,1.874,1.658,0,0.004,0.09,0,0,,0,,,,0,,,,,0,0,0,0,0,0,0,0,1,0,1,0,1,2,0,0,0,0,0,0,272,0.002,0.001,0.006
3508,1.876,1.779,0,0.002,0.041,0,0,,0,,,,0,,,,,0,0,0,0,0,0,0,0,1,0,1,0,1,2,0,0,0,0,0,0,272,0.002,0,0.003
3509,1.269,1.075,0.001,0.003,0.061,0,0,,0,,,,0,,,,,0,0,0,0,0,0,0,0,1,0,1,0,1,2,0,0,0,0,0,0,272,0.002,0.002,0.006
3510,0.825,0.707,0.001,0.002,0.043,0,0,,1,1515.625,229351424,284794880,1,62503872,62503872,135081984,38823561584,0,0,0,0,0,0,0,0,1,0,1,0,1,2,0,0,0,0,0,0,272,0.002,0.001,0.003
3511,1.399,1.143,0,0.004,0.108,0,0,,0,,,,0,,,,,0,0,0,0,0,0,0,0,1,0,1,0,1,2,0,0,0,0,0,0,272,0.002,0.001,0.008
3512,0.777,0.659,0,0.003,0.036,0,0,,0,,,,0,,,,,0,0,0,0,0,0,0,0,1,0,1,0,1,2,0,0,0,0,0,0,272,0.001,0.001,0.005
3513,0.911,0.777,0,0.004,0.022,0,0,,0,,,,0,,,,,0,0,0,0,0,0,0,0,1,0,1,0,1,2,0,0,0,0,0,0,272,0.002,0.001,0.005
3514,2.712,2.582,0,0.005,0.029,0,0,,0,,,,0,,,,,0,0,0,0,0,0,0,0,1,0,1,0,1,2,0,0,0,0,0,0,272,0.001,0.001,0.004
3515,0.898,0.787,0,0.002,0.043,0,0,,0,,,,0,,,,,0,0,0,0,0,0,0,0,1,0,1,0,1,2,0,0,0,0,0,0,272,0.001,0.001,0.003
3516,1.029,0.819,0,0.004,0.063,0,0,,0,,,,0,,,,,0,0,0,0,0,0,0,0,1,0,1,0,1,2,0,0,0,0,0,0,272,0.002,0.002,0.006
3517,0.742,0.633,0,0.002,0.041,0,0,,0,,,,0,,,,,0,0,0,0,0,0,0,0,1,0,1,0,1,2,0,0,0,0,0,0,272,0.001,0.001,0.002
3518,0.855,0.78,0.001,0.001,0.031,0,0,,0,,,,0,,,,,0,0,0,0,0,0,0,0,1,0,1,0,1,2,0,0,0,0,0,0,272,0,0,0.002
3519,0.932,0.81,0,0.001,0.053,0,0,,0,,,,0,,,,,0,0,0,0,0,0,0,0,1,0,1,0,1,2,0,0,0,0,0,0,272,0.001,0.001,0.003
3520,0.942,0.805,0.001,0.002,0.038,0,0,,0,,,,0,,,,,0,0,0,0,0,0,0,0,1,0,1,0,1,2,0,0,0,0,0,0,272,0.001,0,0.003
3521,1.576,1.411,0,0.004,0.047,0,0,,0,,,,0,,,,,0,0,0,0,0,0,0,0,1,0,1,0,1,2,0,0,0,0,0,0,272,0.002,0.001,0.005
3522,0.826,0.768,0,0.001,0.019,0,0,,0,,,,0,,,,,0,0,0,0,0,0,0,0,1,0,1,0,1,2,0,0,0,0,0,0,272,0,0.001,0.002
3523,1.098,0.927,0,0.003,0.045,0,0,,0,,,,0,,,,,0,0,0,0,0,0,0,0,1,0,1,0,1,2,0,0,0,0,0,0,272,0.002,0.001,0.006
3524,0.743,0.655,0.001,0.002,0.025,0,0,,0,,,,0,,,,,0,0,0,0,0,0,0,0,1,0,1,0,1,2,0,0,0,0,0,0,272,0.001,0,0.004
3525,1.059,0.944,0,0.003,0.036,0,0,,0,,,,0,,,,,0,0,0,0,0,0,0,0,1,0,1,0,1,2,0,0,0,0,0,0,272,0.001,0.001,0.004
3526,0.877,0.724,0,0.003,0.038,0,0,,0,,,,0,,,,,0,0,0,0,0,0,0,0,1,0,1,0,1,2,0,0,0,0,0,0,272,0.001,0.001,0.006
3527,1.2,1.052,0,0.003,0.045,0,0,,0,,,,0,,,,,0,0,0,0,0,0,0,0,1,0,1,0,1,2,0,0,0,0,0,0,272,0.001,0.001,0.005
3528,0.965,0.725,0,0.004,0.067,0,0,,0,,,,0,,,,,0,0,0,0,0,0,0,0,1,0,1,0,1,2,0,0,0,0,0,0,272,0.003,0.002,0.006
3529,1.367,1.261,0,0.002,0.04,0,0,,0,,,,0,,,,,0,0,0,0,0,0,0,0,1,0,1,0,1,2,0,0,0,0,0,0,272,0.001,0,0.003
3530,0.874,0.774,0,0.001,0.036,0,0,,0,,,,0,,,,,0,0,0,0,0,0,0,0,1,0,1,0,1,2,0,0,0,0,0,0,272,0.008,0.001,0.002
3531,9.537,9.423,0,0.003,0.03,0,0,,0,,,,0,,,,,0,0,0,0,0,0,0,0,1,0,1,0,1,2,0,0,0,0,0,0,272,0.001,0.002,0.005
3532,1.048,0.858,0,0.004,0.049,0,0,,0,,,,0,,,,,0,0,0,0,0,0,0,0,1,0,1,0,1,2,0,0,0,0,0,0,272,0.002,0.001,0.007
3533,0.988,0.85,0,0.005,0.029,0,0,,0,,,,0,,,,,0,0,0,0,0,0,0,0,1,0,1,0,1,2,0,0,0,0,0,0,272,0.002,0.002,0.006
3534,1.197,1.043,0,0.003,0.044,0,0,,0,,,,0,,,,,0,0,0,0,0,0,0,0,1,0,1,0,1,2,0,0,0,0,0,0,272,0.002,0.001,0.005
3535,0.783,0.686,0,0.002,0.029,0,0,,0,,,,0,,,,,0,0,0,0,0,0,0,0,1,0,1,0,1,2,0,0,0,0,0,0,272,0.001,0.001,0.003
3536,1.528,1.404,0.001,0.002,0.046,0,0,,0,,,,0,,,,,0,0,0,0,0,0,0,0,1,0,1,0,1,2,0,0,0,0,0,0,272,0.001,0.001,0.004
3537,2.71,2.59,0,0.002,0.04,0,0,,0,,,,0,,,,,0,0,0,0,0,0,0,0,1,0,1,0,1,2,0,0,0,0,0,0,272,0.001,0.001,0.004
3538,0.925,0.841,0,0.001,0.029,0,0,,0,,,,0,,,,,0,0,0,0,0,0,0,0,1,0,1,0,1,2,0,0,0,0,0,0,272,0,0,0.003
3539,0.916,0.833,0,0.001,0.033,0,0,,0,,,,0,,,,,0,0,0,0,0,0,0,0,1,0,1,0,1,2,0,0,0,0,0,0,272,0,0,0.002
3540,0.987,0.919,0.001,0.001,0.029,0,0,,1,1546.875,229355520,284794880,1,62503872,62503872,135081984,38823561584,0,0,0,0,0,0,0,0,1,0,1,0,1,2,0,0,0,0,0,0,272,0.001,0,0.002
3541,0.736,0.67,0,0.001,0.03,0,0,,0,,,,0,,,,,0,0,0,0,0,0,0,0,1,0,1,0,1,2,0,0,0,0,0,0,272,0,0.001,0.002
3542,0.855,0.796,0,0,0.028,0,0,,0,,,,0,,,,,0,0,0,0,0,0,0,0,1,0,1,0,1,2,0,0,0,0,0,0,272,0,0,0.003
3543,1.398,1.292,0,0.001,0.04,0,0,,0,,,,0,,,,,0,0,0,0,0,0,0,0,1,0,1,0,1,2,0,0,0,0,0,0,272,0.001,0.001,0.003
3544,0.803,0.743,0.001,0.001,0.025,0,0,,0,,,,0,,,,,0,0,0,0,0,0,0,0,1,0,1,0,1,2,0,0,0,0,0,0,272,0.001,0,0.002
3545,0.86,0.805,0.001,0,0.028,0,0,,0,,,,0,,,,,0,0,0,0,0,0,0,0,1,0,1,0,1,2,0,0,0,0,0,0,272,0.001,0,0.002
3546,0.921,0.8,0,0.003,0.038,0,0,,0,,,,0,,,,,0,0,0,0,0,0,0,0,1,0,1,0,1,2,0,0,0,0,0,0,272,0.002,0.001,0.004
3547,0.847,0.708,0,0.004,0.038,0,0,,0,,,,0,,,,,0,0,0,0,0,0,0,0,1,0,1,0,1,2,0,0,0,0,0,0,272,0.001,0.001,0.006
3548,0.855,0.696,0,0.004,0.044,0,0,,0,,,,0,,,,,0,0,0,0,0,0,0,0,1,0,1,0,1,2,0,0,0,0,0,0,272,0.002,0.002,0.016
3549,1.214,1.029,0.001,0.005,0.049,0,0,,0,,,,0,,,,,0,0,0,0,0,0,0,0,1,0,1,0,1,2,0,0,0,0,0,0,272,0.001,0.002,0.006
3550,1.016,0.862,0,0.004,0.038,0,0,,0,,,,0,,,,,0,0,0,0,0,0,0,0,1,0,1,0,1,2,0,0,0,0,0,0,272,0.001,0.002,0.006
3551,1.407,1.311,0.001,0.001,0.039,0,0,,0,,,,0,,,,,0,0,0,0,0,0,0,0,1,0,1,0,1,2,0,0,0,0,0,0,272,0.001,0,0.003
3552,1.009,0.843,0,0.003,0.054,0,0,,0,,,,0,,,,,0,0,0,0,0,0,0,0,1,0,1,0,1,2,0,0,0,0,0,0,272,0.002,0.002,0.005
3553,0.809,0.684,0,0.003,0.052,0,0,,0,,,,0,,,,,0,0,0,0,0,0,0,0,1,0,1,0,1,2,0,0,0,0,0,0,272,0.001,0.001,0.004
3554,2.856,2.642,0,0.004,0.074,0,0,,0,,,,0,,,,,0,0,0,0,0,0,0,0,1,0,1,0,1,2,0,0,0,0,0,0,272,0.002,0.001,0.007
3555,0.723,0.609,0,0.002,0.043,0,0,,0,,,,0,,,,,0,0,0,0,0,0,0,0,1,0,1,0,1,2,0,0,0,0,0,0,272,0,0.001,0.004
3556,0.831,0.723,0,0.002,0.035,0,0,,0,,,,0,,,,,0,0,0,0,0,0,0,0,1,0,1,0,1,2,0,0,0,0,0,0,272,0.001,0.001,0.004
3557,0.82,0.728,0,0.001,0.04,0,0,,0,,,,0,,,,,0,0,0,0,0,0,0,0,1,0,1,0,1,2,0,0,0,0,0,0,272,0.001,0,0.003
3558,0.896,0.737,0,0.003,0.048,0,0,,0,,,,0,,,,,0,0,0,0,0,0,0,0,1,0,1,0,1,2,0,0,0,0,0,0,272,0.001,0.001,0.006
3559,1.377,1.248,0,0.003,0.043,0,0,,0,,,,0,,,,,0,0,0,0,0,0,0,0,1,0,1,0,1,2,0,0,0,0,0,0,272,0.001,0.002,0.004
3560,2.638,2.471,0.001,0.004,0.03,0,0,,0,,,,0,,,,,0,0,0,0,0,0,0,0,1,0,1,0,1,2,0,0,0,0,0,0,272,0.003,0.001,0.007
3561,2.735,2.587,0.001,0.003,0.036,0,0,,0,,,,0,,,,,0,0,0,0,0,0,0,0,1,0,1,0,1,2,0,0,0,0,0,0,272,0.002,0.002,0.014
3562,8.027,7.76,0,0.006,0.085,0,0,,0,,,,0,,,,,0,0,0,0,0,0,0,0,1,0,1,0,1,2,0,0,0,0,0,0,272,0.002,0.003,0.009
3563,0.838,0.756,0,0.002,0.025,0,0,,0,,,,0,,,,,0,0,0,0,0,0,0,0,1,0,1,0,1,2,0,0,0,0,0,0,272,0.001,0.001,0.004
3564,1.785,1.661,0.001,0.002,0.036,0,0,,0,,,,0,,,,,0,0,0,0,0,0,0,0,1,0,1,0,1,2,0,0,0,0,0,0,272,0.001,0.001,0.005
3565,0.843,0.664,0,0.003,0.063,0,0,,0,,,,0,,,,,0,0,0,0,0,0,0,0,1,0,1,0,1,2,0,0,0,0,0,0,272,0.001,0.001,0.007
3566,0.851,0.726,0,0.003,0.033,0,0,,0,,,,0,,,,,0,0,0,0,0,0,0,0,1,0,1,0,1,2,0,0,0,0,0,0,272,0.001,0.001,0.005
3567,0.627,0.496,0.001,0.003,0.038,0,0,,0,,,,0,,,,,0,0,0,0,0,0,0,0,1,0,1,0,1,2,0,0,0,0,0,0,272,0.002,0.001,0.005
3568,0.896,0.765,0,0.003,0.053,0,0,,0,,,,0,,,,,0,0,0,0,0,0,0,0,1,0,1,0,1,2,0,0,0,0,0,0,272,0.002,0.001,0.004
3569,0.796,0.706,0.001,0.002,0.025,0,0,,0,,,,0,,,,,0,0,0,0,0,0,0,0,1,0,1,0,1,2,0,0,0,0,0,0,272,0.001,0.001,0.003
3570,3.124,2.904,0.001,0.004,0.047,0,0,,1,1578.125,229363712,284794880,1,62503872,62503872,135081984,38823561584,0,0,0,0,0,0,0,0,1,0,1,0,1,2,0,0,0,0,0,0,272,0.003,0.002,0.007
3571,11.53,11.36,0.001,0.004,0.043,0,0,,0,,,,0,,,,,0,0,0,0,0,0,0,0,1,0,1,0,1,2,0,0,0,0,0,0,272,0.002,0.002,0.007
3572,0.74,0.632,0.001,0.002,0.029,0,0,,0,,,,0,,,,,0,0,0,0,0,0,0,0,1,0,1,0,1,2,0,0,0,0,0,0,272,0.001,0.001,0.004
3573,0.724,0.676,0,0.001,0.016,0,0,,0,,,,0,,,,,0,0,0,0,0,0,0,0,1,0,1,0,1,2,0,0,0,0,0,0,272,0.001,0,0.002
3574,1.204,1.06,0,0.003,0.031,0,0,,0,,,,0,,,,,0,0,0,0,0,0,0,0,1,0,1,0,1,2,0,0,0,0,0,0,272,0.002,0.001,0.006
3575,0.741,0.64,0,0.002,0.025,0,0,,0,,,,0,,,,,0,0,0,0,0,0,0,0,1,0,1,0,1,2,0,0,0,0,0,0,272,0.001,0.001,0.004
3576,0.981,0.933,0,0.001,0.019,0,0,,0,,,,0,,,,,0,0,0,0,0,0,0,0,1,0,1,0,1,2,0,0,0,0,0,0,272,0.001,0,0.002
3577,0.872,0.798,0,0.001,0.037,0,0,,0,,,,0,,,,,0,0,0,0,0,0,0,0,1,0,1,0,1,2,0,0,0,0,0,0,272,0,0.001,0.002
3578,0.912,0.778,0,0.003,0.038,0,0,,0,,,,0,,,,,0,0,0,0,0,0,0,0,1,0,1,0,1,2,0,0,0,0,0,0,272,0.001,0,0.004
3579,2.506,2.398,0,0.001,0.037,0,0,,0,,,,0,,,,,0,0,0,0,0,0,0,0,1,0,1,0,1,2,0,0,0,0,0,0,272,0.001,0.001,0.003
3580,0.8,0.726,0,0.001,0.034,0,0,,0,,,,0,,,,,0,0,0,0,0,0,0,0,1,0,1,0,1,2,0,0,0,0,0,0,272,0,0.001,0.002
3581,0.869,0.76,0.001,0.002,0.034,0,0,,0,,,,0,,,,,0,0,0,0,0,0,0,0,1,0,1,0,1,2,0,0,0,0,0,0,272,0.002,0.001,0.003
3582,0.791,0.719,0,0.002,0.023,0,0,,0,,,,0,,,,,0,0,0,0,0,0,0,0,1,0,1,0,1,2,0,0,0,0,0,0,272,0.001,0.001,0.003
3583,0.838,0.751,0,0.001,0.039,0,0,,0,,,,0,,,,,0,0,0,0,0,0,0,0,1,0,1,0,1,2,0,0,0,0,0,0,272,0,0.001,0.002
3584,0.78,0.716,0,0.001,0.028,0,0,,0,,,,0,,,,,0,0,0,0,0,0,0,0,1,0,1,0,1,2,0,0,0,0,0,0,272,0,0.001,0.002

summary_metric,count,median,p95,p99
wall_ms,3585,0.885,3.7402,9.87916
frame_wait_ms,3585,0.764,3.5634,9.63784
scene_advance_ms,3585,0,0.001,0.001
view_build_ms,3585,0.002,0.005,0.007
render_submit_ms,3585,0.04,0.084,0.17032
gpu_ms,3585,0.357968741261,1.45479163115,3.65830407735

gpu_sample_serial,gpu_ms
1351,0.424218739643
1352,0.435468739368
1353,0.427864572887
1354,0.42640623959
1355,0.422604156349
1356,0.412916656586
1357,3.63843741117
1358,0.430885406147
1359,0.443541655838
1360,0.454166655579
1361,0.434895822716
1362,0.439687489265
1363,0.433854156075
1364,0.433697906078
1365,0.4286979062
1366,0.439427072605
1367,0.435364572704
1368,0.446718739094
1369,6.60796858867
1370,1.49994788005
1371,1.49359371354
1372,6.95291649692
1373,1.51588537966
1374,10.9577601491
1375,1.50015621338
1376,5.5597394476
1377,0.385572907253
1378,0.37765624078
1379,2.3782291086
1380,0.381249990692
1381,0.378385407429
1382,0.387083323883
1383,0.37968749073
1384,0.385624990585
1385,1.19343747086
1386,0.379531240734
1387,0.398906240261
1388,0.389010407169
1389,1.80296870598
1390,1.47541663065
1391,1.48213538048
1392,0.383645823967
1393,0.37463540752
1394,0.380052074055
1395,0.405208323441
1396,0.389947907146
1397,0.395416657013
1398,0.401354156868
1399,0.395312490349
1400,0.403333323486
1401,0.392291657089
1402,0.390416657135
1403,0.390677073795
1404,0.402395823509
1405,0.397239573635
1406,0.505937487648
1407,1.49348954687
1408,1.50583329657
1409,1.48432288043
1410,10.1933330845
1411,1.79708328946
1412,1.46255204763
1413,1.58328121135
1414,1.74218745747
1415,1.53770829579
1416,1.66359370938
1417,0.379062490746
1418,0.380052074055
1419,0.373072907558
1420,0.388541657181
1421,0.397968740284
1422,0.786874980789
1423,2.17265619696
1424,0.377604157448
1425,0.379635407398
1426,0.372135407581
1427,0.375052074177
1428,0.384687490608
1429,0.388749990509
1430,0.391874990433
1431,0.38651040723
1432,0.381614574017
1433,0.38927082383
1434,1.83635412183
1435,0.395052073689
1436,0.387916657196
1437,0.387291657211
1438,0.399270823586
1439,1.53098954596
1440,1.50114579668
1441,1.49098954693
1442,0.916249977631
1443,0.385624990585
1444,0.397708323624
1445,0.395260407017
1446,0.397656240292
1447,0.374270824196
1448,0.369947907635
1449,0.367760407688
1450,0.37260415757
1451,0.371562490929
1452,0.373697907543
1453,0.37286457423
1454,0.365833324402
1455,0.360624991196
1456,0.365729157738
1457,0.362343741154
1458,0.352291658066
1459,0.353958324692
1460,0.360312491203
1461,0.355624991318
1462,0.347447908184
1463,0.345260408237
1464,0.34255207497
1465,0.348749991486
1466,0.342708324966
1467,1.24755205288
1468,1.2888541352
1469,0.361406241177
1470,0.353958324692
1471,0.354895824669
1472,0.358437491249
1473,0.359895824547
1474,0.353072908047
1475,0.352552074726
1476,0.362343741154
1477,0.358593741245
1478,0.362604157814
1479,0.355572907986
1480,0.365052074421
1481,1.11604163942
1482,0.366249991058
1483,0.362968741138
1484,0.360260407871
1485,1.40557288235
1486,1.42901038178
1487,1.44145829814
1488,0.360104157875
1489,0.353489574703
1490,0.355104157997
1491,0.352708324722
1492,0.374895824181
1493,0.352760408054
1494,0.371927074253
1495,0.369166657654
1496,0.379218740742
1497,0.374062490868
1498,0.369739574306
1499,0.36401040778
1500,0.395104157021
1501,0.380468740711
1502,0.392604157082
1503,0.378489574093
1504,0.391979157097
1505,0.379531240734
1506,0.377031240795
1507,0.382239574001
1508,0.391458323776
1509,0.395937490334
1510,0.393802073719
1511,0.393958323715
1512,0.390937490456
1513,0.382656240658
1514,0.379583324066
1515,1.94718745246
1516,0.392447907085
1517,0.395052073689
1518,0.393385407063
1519,0.754583314911
1520,1.48526038041
1521,1.22755205336
1522,0.406093740086
1523,0.420312489738
1524,0.398958323593
1525,1.11374997281
1526,0.383020823982
1527,0.378281240765
1528,0.378593740757
1529,0.395781240337
1530,0.386093740574
1531,0.370624990952
1532,0.366874991043
1533,0.366979157707
1534,0.360885407856
1535,0.361197907848
1536,0.358229157921
1537,0.361406241177
1538,0.359114574566
1539,0.360208324539
1540,0.354895824669
1541,0.346197908215
1542,1.76088537368
1543,0.353958324692
1544,0.349479158134
1545,0.353124991379
1546,0.345677074894
1547,0.344270824928
1548,0.341510408329
1549,0.348749991486
1550,0.344635408253
1551,0.346302074879
1552,0.346197908215
1553,0.339635408375
1554,0.343541658279
1555,0.344218741596
1556,0.356927074619
1557,0.345052074909
1558,0.333177075199
1559,0.339427075047
1560,0.339739575039
1561,0.346874991531
1562,0.347031241528
1563,0.336770825111
1564,0.338177075077
1565,0.606406235195
1566,1.04328122453
1567,1.10729163963
1568,1.06609372397
1569,1.12151038929
1570,2.44682285693
1571,1.08536455684
1572,1.16755205483
1573,1.28718746857
1574,1.34364580053
1575,1.28682288525
1576,0.371249990936
1577,0.359010407902
1578,0.360677074528
1579,0.361666657837
1580,0.362708324478
1581,0.36249999115
1582,0.371510407597
1583,0.362552074482
1584,0.366406241055
1585,3.23218742109
1586,0.372499990906
1587,0.370520824287
1588,0.370781240948
1589,0.367708324356
1590,0.400885406879
1591,0.364635407764
1592,0.369166657654
1593,0.368749990997
1594,0.362343741154
1595,0.358177074589
1596,0.375833324158
1597,0.354895824669
1598,0.357968741261
1599,0.358124991257
1600,0.359687491219
1601,0.370052074299
1602,0.355260407993
1603,0.352239574734
1604,0.35744790794
1605,0.34911457481
1606,1.10677080631
1607,0.354791658005
1608,0.348802074818
1609,0.342499991638
1610,0.351249991425
1611,0.346614574871
1612,0.349218741474
1613,0.34026040836
1614,0.333854158516
1615,1.12468747254
1616,1.25093746946
1617,0.319895825523
1618,0.321927075474
1619,0.312604159035
1620,0.322708325455
1621,0.314791658981
1622,0.316458325607
1623,0.314479158989
1624,0.322499992126
1625,0.314062492332
1626,0.316145825615
1627,3.03151034266
1628,0.308177075809
1629,0.314843742313
1630,0.310520825752
1631,0.895624978134
1632,0.386927073887
1633,0.958229143272
1634,0.979479142754
1635,0.952187476753
1636,1.03604164137
1637,1.08619789015
1638,1.04703122444
1639,0.456614572186
1640,0.313437492348
1641,0.310989575741
1642,0.320156242184
1643,0.308906242458
1644,0.31499999231
1645,0.313958325668
1646,0.315208325638
1647,0.313854159004
1648,0.966145809746
1649,0.305260409214
1650,0.336822908443
1651,0.347031241528
1652,0.346510408207
1653,0.353489574703
1654,0.35416665802
1655,0.346562491539
1656,0.348437491493
1657,0.351874991409
1658,0.352083324738
1659,0.35947915789
1660,0.355104157997
1661,0.351249991425
1662,0.352812491386
1663,0.368749990997
1664,0.356874991287
1665,0.359843741215
1666,0.357916657928
1667,0.357499991272
1668,0.367343741032
1669,0.365416657745
1670,0.354114574688
1671,0.360208324539
1672,0.349427074802
1673,0.357135407948
1674,0.354843741337
1675,0.345208324905
1676,0.339739575039
1677,0.342916658295
1678,2.28671869417
1679,0.347239574856
1680,0.345989574886
1681,0.359687491219
1682,0.879062478539
1683,0.358072907925
1684,0.354999991333
1685,0.357864574596
1686,0.361562491173
1687,0.349895824791
1688,0.358854157906
1689,0.348541658157
1690,0.347499991516
1691,0.344895824913
1692,0.347395824852
1693,0.357239574612
1694,0.34609374155
1695,0.346874991531
1696,0.347968741505
1697,0.338854158394
1698,0.351927074741
1699,0.345677074894
1700,0.339374991714
1701,0.338906241726
1702,0.346770824867
1703,0.33927082505
1704,0.341354158333
1705,0.328229158653
1706,0.334843741825
1707,0.333333325195
1708,0.3577083246
1709,1.29932288494
1710,0.352291658066
1711,0.351979158073
1712,0.354947908001
1713,0.363124991135
1714,0.359166657898
1715,0.357343741276
1716,0.356927074619
1717,0.357291657944
1718,0.355364574657
1719,0.36276040781
1720,0.359531241222
1721,0.363489574459
1722,3.3410415851
1723,1.44046871483
1724,0.35947915789
1725,0.342812491631
1726,0.336354158455
1727,0.34078124168
1728,0.34026040836
1729,0.343697908276
1730,0.340208325027
1731,0.337031241772
1732,0.337760408421
1733,0.335156241817
1734,0.337291658432
1735,0.340989575008
1736,0.337864575085
1737,0.342656241634
1738,2.03124995041
1739,0.335572908474
1740,0.340677075016
1741,0.338437491737
1742,0.334166658508
1743,0.338177075077
1744,0.329479158623
1745,0.326458325363
1746,0.331822908566
1747,0.330624991928
1748,0.328541658646
1749,0.354895824669
1750,0.351197908092
1751,0.359166657898
1752,0.367343741032
1753,0.359843741215
1754,0.359062491234
1755,2.12874994803
1756,0.362031241161
1757,0.358177074589
1758,0.361197907848
1759,0.361406241177
1760,0.359010407902
1761,0.359843741215
1762,0.353749991364
1763,0.350416658112
1764,0.356406241299
1765,0.350989574764
1766,0.351458324753
1767,1.03062497484
1768,0.354374991348
1769,0.354739574673
1770,0.354062491356
1771,0.345416658234
1772,0.354895824669
1773,0.343385408283
1774,0.342135408314
1775,0.340572908352
1776,0.34078124168
1777,0.340989575008
1778,0.334999991821
1779,0.341562491661
1780,0.346249991547
1781,0.341979158318
1782,0.336562491783
1783,0.332343741886
1784,0.33546874181
1785,0.339947908367
1786,0.352968741383
1787,0.338906241726
1788,0.339218741718
1789,0.337343741764
1790,1.15531247179
1791,1.12921872243
1792,1.13593747227
1793,1.07911455699
1794,1.0487499744
1795,1.06640622396
1796,1.13567705561
1797,1.15083330524
1798,1.13604163893
1799,1.22562497008
1800,1.24817705286
1801,0.344479158257
1802,0.33015624194
1803,0.346718741535
1804,0.33598957513
1805,0.331510408573
1806,0.325781242046
1807,0.327187492012
1808,0.327291658676
1809,0.32890624197
1810,0.334062491844
1811,0.332812491875
1812,0.333124991867
1813,0.329531241955
1814,0.342968741627
1815,0.336249991791
1816,0.327447908672
1817,0.324374992081
1818,0.326302075367
1819,0.324166658752
1820,0.322135408802
1821,0.865624978867
1822,0.325468742054
1823,0.326145825371
1824,0.318333325562
1825,0.32411457542
1826,0.321718742146
1827,0.329322908627
1828,0.326614575359
1829,0.323697908764
1830,0.322187492134
1831,0.335052075153
1832,0.327552075336
1833,0.320677075504
1834,0.321406242153
1835,0.316979158928
1836,0.329322908627
1837,0.321874992142
1838,0.324999992065
1839,0.320156242184
1840,1.40411454905
1841,0.97812497612
1842,1.0403124746
1843,1.04005205794
1844,0.992447892437
1845,1.05036455769
1846,1.078489557
1847,1.04239580788
1848,1.17942705454
1849,1.14057288882
1850,1.16041663834
1851,1.18067705451
1852,1.18499997107
1853,1.187968721
1854,0.343645824944
1855,0.342604158302
1856,0.345781241558
1857,0.341406241665
1858,0.342187491646
1859,0.355520824654
1860,0.344218741596
1861,0.334999991821
1862,0.332916658539
1863,0.331145825249
1864,0.338697908398
1865,0.334843741825
1866,0.334531241833
1867,0.33369790852
1868,0.348541658157
1869,0.332916658539
1870,0.330104158607
1871,0.330989575253
1872,0.329895825279
1873,0.334479158501
1874,0.3235937421
1875,0.327291658676
1876,0.321458325485
1877,0.325572908718
1878,0.324895825401
1879,0.3304166586
1880,0.322291658798
1881,0.324739575405
1882,0.798124980515
1883,0.898124978073
1884,2.19885411298
1885,0.933697893871
1886,0.92609372739
1887,0.963177059818
1888,0.943229143639
1889,0.963958309799
1890,1.0157812252
1891,0.969322893002
1892,1.11499997278
1893,1.0347916414
1894,0.554114569805
1895,0.347864574841
1896,0.978281226116
1897,0.353697908031
1898,0.357239574612
1899,0.358333324585
1900,0.360312491203
1901,0.353541658035
1902,0.36427082444
1903,0.358697907909
1904,1.08994789006
1905,0.363229157799
1906,0.363854157784
1907,0.365520824409
1908,0.364479157768
1909,0.373958324203
1910,0.349218741474
1911,0.355052074665
1912,0.35442707468
1913,0.348749991486
1914,0.357656241268
1915,0.35213540807
1916,0.350781241436
1917,0.350156241451
1918,0.345781241558
1919,0.35239582473
1920,0.34557290823
1921,0.34432290826
1922,0.359270824562
1923,0.351093741428
1924,0.342447908306
1925,0.345781241558
1926,0.338229158409
1927,0.33218749189
1928,0.348124991501
1929,0.360208324539
1930,0.35921874123
1931,0.367031241039
1932,0.361979157829
1933,0.353802074696
1934,0.338802075062
1935,0.368697907665
1936,0.345208324905
1937,0.3672916577
1938,0.348229158165
1939,0.362031241161
1940,0.359166657898
1941,1.12479163921
1942,0.368385407673
1943,0.365729157738
1944,0.370104157631
1945,0.367135407703
1946,0.362656241146
1947,0.365156241085
1948,0.369218740986
1949,0.383541657303
1950,0.373281240887
1951,0.372499990906
1952,0.375260407505
1953,0.36906249099
1954,0.375364574169
1955,0.369166657654
1956,1.13052080573
1957,0.385208323929
1958,0.381927074009
1959,0.380729157372
1960,0.384374990616
1961,0.379010407413
1962,0.386145823906
1963,0.384114573956
1964,0.384114573956
1965,0.396562490318
1966,0.39281249041
1967,0.397968740284
1968,0.383854157295
1969,0.386302073902
1970,0.395104157021
1971,0.39484374036
1972,1.23213538659
1973,0.387864573864
1974,0.384791657272
1975,0.388489573849
1976,0.396302073658
1977,0.397291656967
1978,0.401093740208
1979,0.400833323547
1980,0.408854156685
1981,0.398333323608
1982,0.398749990265
1983,0.403489573483
1984,0.402760406834
1985,0.411562489952
1986,0.421666656372
1987,1.51364579638
1988,1.49755204677
1989,0.396145823662
1990,0.405156240108
1991,0.395729157005
1992,0.400989573544
1993,0.416718739826
1994,0.421093739719
1995,0.412499989929
1996,0.417708323135
1997,0.400937490211
1998,0.415520823189
1999,0.41354165657
2000,1.48776038034
2001,1.48755204702
2002,0.421666656372
2003,0.400624990219
2004,0.400781240215
2005,0.396666656982
2006,0.403854156807
2007,0.396406240322
2008,0.417343739811
2009,0.425677072941
2010,0.416718739826
2011,0.409687489998
2012,0.426979156242
2013,0.432031239452
2014,1.18088538784
2015,0.423437489662
2016,0.419947906414
2017,0.427447906231
2018,0.40973957333
2019,0.421249989716
2020,0.418697906445
2021,0.423333322998
2022,0.41328123991
2023,0.430833322815
2024,0.431197906139
2025,0.431406239468
2026,1.48791663034
2027,0.892552061543
2028,0.415156239864
2029,0.434166656067
2030,0.425208322952
2031,0.414374989883
2032,0.445677072453
2033,1.48364579711
2034,0.414218739887
2035,0.374687490852
2036,0.376093740818
2037,0.391822907101
2038,0.382291657333
2039,0.376041657486
2040,0.3809374907
2041,0.370572907619
2042,0.376770824135
2043,0.366927074375
2044,0.368489574337
2045,0.366093741062
2046,0.37640624081
2047,0.353177074711
2048,0.347760408176
2049,0.348072908169
2050,0.351406241421
2051,0.351354158089
2052,0.350312491447
2053,0.351197908092
2054,0.363072907803
2055,0.354322908016
2056,0.351770824745
2057,0.353489574703
2058,0.358385407917
2059,0.346302074879
2060,0.353958324692
2061,0.348958324814
2062,0.348802074818
2063,0.346666658203
2064,1.21567705365
2065,1.21135413709
2066,1.23968746973
2067,1.26348955249
2068,1.25119788612
2069,1.3023437182
2070,0.359270824562
2071,0.360677074528
2072,0.355885407978
2073,0.363645824455
2074,0.35895832457
2075,0.367447907696
2076,0.364166657776
2077,0.365260407749
2078,0.368333324341
2079,0.36932290765
2080,0.378697907421
2081,0.371770824257
2082,0.376614574139
2083,0.376354157478
2084,0.375833324158
2085,0.373333324219
2086,0.380833324036
2087,0.381354157356
2088,0.375208324173
2089,0.410677073307
2090,1.48661454704
2091,6.62109358835
2092,1.8351562052
2093,1.46744788084
2094,1.44749996466
2095,1.48874996365
2096,1.42359371524
2097,3.4610936655
2098,0.380781240704
2099,0.377447907452
2100,0.368593741001
2101,1.40557288235
2102,0.371406240932
2103,0.363072907803
2104,0.359322907894
2105,0.356770824623
2106,0.350989574764
2107,0.355989574642
2108,0.358385407917
2109,0.349531241467
2110,0.347499991516
2111,0.351197908092
2112,0.349322908138
2113,0.345677074894
2114,0.343124991623
2115,0.352708324722
2116,0.348593741489
2117,0.334270825172
2118,0.338593741734
2119,0.335781241802
2120,0.334427075169
2121,0.339947908367
2122,0.337083325104
2123,0.334010408512
2124,0.331718741901
2125,0.338229158409
2126,0.338124991745
2127,0.327031242016
2128,0.329374991959
2129,0.956302059986
2130,4.08677073356
2131,1.04864580773
2132,1.05812497417
2133,1.03229164146
2134,1.06562497398
2135,1.12390622256
2136,1.08744789012
2137,1.02588539162
2138,2.61093743626
2139,1.11776038938
2140,1.2781249688
2141,1.26072913589
2142,0.345208324905
2143,0.339895825035
2144,0.336822908443
2145,0.347291658188
2146,0.339218741718
2147,0.3304166586
2148,0.33244790855
2149,0.332291658554
2150,0.331614575237
2151,0.337708325089
2152,0.33874999173
2153,0.349062491478
2154,0.332135408558
2155,0.336666658447
2156,0.340937491676
2157,0.326145825371
2158,0.329635408619
2159,0.324166658752
2160,0.329270825294
2161,0.326927075352
2162,0.327499992004
2163,0.331197908581
2164,0.326666658691
2165,0.327812491997
2166,0.32713540868
2167,0.327760408665
2168,0.33067707526
2169,0.31906249221
2170,0.33244790855
2171,0.31880207555
2172,0.322395825462
2173,0.332343741886
2174,0.889947894939
2175,0.323229158775
2176,0.325260408726
2177,0.32182290881
2178,0.319010408878
2179,0.320260408848
2180,0.31854165889
2181,0.32005207552
2182,0.320260408848
2183,0.319322908871
2184,0.322031242138
2185,0.320260408848
2186,0.319218742207
2187,0.322135408802
2188,1.07963539031
2189,0.32234374213
2190,0.323072908779
2191,0.333124991867
2192,1.21072913711
2193,0.321093742161
2194,0.321041658829
2195,0.319739575527
2196,0.318177075565
2197,0.32057290884
2198,0.317708325577
2199,0.319427075535
2200,0.318489575558
2201,0.864270812233
2202,0.341562491661
2203,0.341874991653
2204,0.339479158379
2205,0.342864574963
2206,0.351979158073
2207,0.344531241589
2208,0.349947908123
2209,0.3508854081
2210,1.74661454069
2211,0.336458325119
2212,0.333385408527
2213,0.330729158592
2214,0.335416658478
2215,0.332968741871
2216,0.334427075169
2217,0.321927075474
2218,0.329583325287
2219,0.324374992081
2220,0.328229158653
2221,0.32687499202
2222,0.322031242138
2223,0.331249991913
2224,0.331302075245
2225,0.340312491692
2226,1.44046871483
2227,0.35541665799
2228,0.351718741413
2229,0.348333324829
2230,0.346927074863
2231,0.344218741596
2232,0.365677074406
2233,0.352708324722
2234,0.352968741383
2235,0.359374991226
2236,0.353541658035
2237,0.364166657776
2238,0.361041657852
2239,0.363281241131
2240,0.36098957452
2241,0.359635407887
2242,0.379531240734
2243,0.368177074345
2244,0.360833324524
2245,0.359947907879
2246,0.368333324341
2247,0.364479157768
2248,0.36401040778
2249,0.361979157829
2250,0.364999991089
2251,1.19338538753
2252,0.358020824593
2253,0.351458324753
2254,0.354374991348
2255,0.360364574535
2256,0.360364574535
2257,0.356041657974
2258,0.350729158104
2259,0.34432290826
2260,0.342083324982
2261,0.353958324692
2262,0.349322908138
2263,0.349270824806
2264,0.343749991608
2265,1.62213537706
2266,0.34432290826
2267,0.339843741703
2268,0.343593741611
2269,0.339843741703
2270,0.344999991577
2271,0.949531226818
2272,0.34078124168
2273,0.337656241756
2274,0.337291658432
2275,0.340468741688
2276,0.329583325287
2277,0.341718741657
2278,0.337031241772
2279,1.02249997504
2280,2.10192703202
2281,4.89708321378
2282,1.28249996869
2283,11.9990622071
2284,0.369218740986
2285,0.368385407673
2286,0.381302074024
2287,1.33374996744
2288,0.365885407734
2289,0.375208324173
2290,0.364687491096
2291,1.43234371503
2292,0.382395823997
2293,0.373281240887
2294,0.366249991058
2295,0.365312491081
2296,0.360937491188
2297,0.377499990784
2298,0.378645824089
2299,0.384374990616
2300,0.378489574093
2301,0.375729157494
2302,0.382760407322
2303,0.384114573956
2304,0.383281240643
2305,2.51083327203
2306,0.404114573467
2307,0.398697906933
2308,4.51067697321
2309,1.48708329703
2310,0.405312490105
2311,0.393229157066
2312,0.393958323715
2313,0.389218740498
2314,0.401197906872
2315,0.405208323441
2316,0.4082291567
2317,2.68776035105
2318,0.400208323563
2319,0.401510406864
2320,0.400572906887
2321,0.393385407063
2322,0.401458323532
2323,0.434843739384
2324,0.425208322952
2325,0.417031239819
2326,0.429322906185
2327,0.426770822914
2328,0.424062489647
2329,0.425833322937
2330,3.90557282132
2331,1.51541662967
2332,1.73859370755
2333,0.395312490349
2334,0.40442707346
2335,0.376666657471
2336,0.36604165773
2337,0.376458324142
2338,0.379531240734
2339,1.65963537615
2340,0.364843741093
2341,0.360937491188
2342,0.355729157982
2343,0.35390624136
2344,0.892812478203
2345,0.363906241116
2346,0.350572908108
2347,0.336041658463
2348,0.338906241726
2349,0.336041658463
2350,0.336770825111
2351,1.34630205046
2352,0.378072907436
2353,0.362187491158
2354,0.378906240749
2355,0.367343741032
2356,0.368541657669
2357,0.364791657761
2358,0.369531240978
2359,0.375156240841
2360,0.365729157738
2361,0.387395823875
2362,0.376718740803
2363,4.58192697147
2364,1.49031246362
2365,6.99531232922
2366,0.381249990692
2367,1.68520829219
2368,0.38473957394
2369,0.381562490685
2370,0.393020823738
2371,0.401354156868
2372,0.389583323822
2373,0.394062490379
2374,0.398541656937
2375,1.24833330286
2376,0.389374990494
2377,0.40619790675
2378,0.405624990097
2379,0.40343749015
2380,0.404218740131
2381,0.398697906933
2382,0.405104156776
2383,0.400156240231
2384,0.398333323608
2385,0.404114573467
2386,0.39760415696
2387,0.410104156654
2388,2.30343744376
2389,0.42010415641
2390,0.409270823341
2391,0.41328123991
2392,0.418958323105
2393,0.961145809868
2394,0.426093739597
2395,0.410937489967
2396,0.416145823174
2397,0.41453123988
2398,0.409218740009
2399,0.421510406376
2400,0.4314583228
2401,0.402447906841
2402,1.92583328632
2403,0.413072906582
2404,0.40973957333
2405,0.407031240063
2406,0.403593740147
2407,0.43348957275
2408,0.437395822655
2409,0.431614572796
2410,0.42338540633
2411,0.423333322998
2412,0.443072905849
2413,1.42973954843
2414,6.12984360035
2415,1.49619788014
2416,0.39937499025
2417,0.387239573879
2418,0.397552073627
2419,0.395677073673
2420,0.413437489906
2421,0.402812490166
2422,0.408333323364
2423,0.386354157234
2424,0.409010406681
2425,0.394895823692
2426,0.406510406742
2427,0.393020823738
2428,0.406770823402
2429,1.07583330707
2430,0.412395823265
2431,0.419374989761
2432,0.412291656601
2433,0.413697906567
2434,0.413802073231
2435,0.412239573269
2436,0.416874989822
2437,4.67432280255
2438,5.70348944409
2439,13.2543746764
2440,1.48421871376
2441,0.379947907391
2442,0.389010407169
2443,0.376666657471
2444,0.371302074268
2445,0.367968741016
2446,0.357864574596
2447,0.366770824379
2448,0.359166657898
2449,0.357916657928
2450,0.341406241665
2451,0.349270824806
2452,2.28911452745
2453,0.345104158241
2454,0.339218741718
2455,0.344687491585
2456,0.334947908489
2457,0.341145825005
2458,0.343541658279
2459,0.345416658234
2460,0.331822908566
2461,0.333333325195
2462,0.336458325119
2463,0.340312491692
2464,0.335520825142
2465,1.04041664127
2466,1.31286455128
2467,0.348958324814
2468,0.340937491676
2469,0.340989575008
2470,0.340104158363
2471,0.344531241589
2472,0.338958325058
2473,0.323333325439
2474,0.92458331076
2475,0.334270825172
2476,0.32588540871
2477,0.319999992188
2478,0.320416658844
2479,0.318906242214
2480,1.03619789137
2481,0.326562492027
2482,0.315312492302
2483,0.311458325729
2484,0.595520818794
2485,1.06572914065
2486,6.31567692914
2487,3.31166658582
2488,1.25223955276
2489,1.12374997256
2490,0.34078124168
2491,0.348593741489
2492,0.343645824944
2493,0.345416658234
2494,0.337812491753
2495,0.336614575115
2496,0.337083325104
2497,0.333749991852
2498,0.333333325195
2499,0.343072908291
2500,0.335520825142
2501,0.331354158577
2502,0.93062497728
2503,0.332135408558
2504,0.330520825264
2505,0.329843741947
2506,0.332552075214
2507,0.325052075397
2508,0.336874991776
2509,0.331562491905
2510,0.342968741627
2511,0.345729158226
2512,0.342083324982
2513,0.338229158409
2514,0.342239574978
2515,0.361510407841
2516,0.340364575024
2517,0.329010408634
2518,0.321041658829
2519,2.55979160417
2520,1.07630205706
2521,1.05677080753
2522,1.12973955575
2523,1.08770830678
2524,2.62843743583
2525,1.06666664063
2526,1.08229164024
2527,1.1099999729
2528,1.26453121913
2529,1.21854163692
2530,1.31979163445
2531,0.368958324326
2532,0.35947915789
2533,0.354010408024
2534,0.352708324722
2535,0.354531241344
2536,0.361666657837
2537,0.363229157799
2538,0.364166657776
2539,0.364895824425
2540,0.361197907848
2541,0.356822907955
2542,0.366249991058
2543,1.42041663199
2544,0.371718740925
2545,0.369427074314
2546,0.365937491066
2547,0.377447907452
2548,0.366249991058
2549,0.362812491142
2550,0.364114574444
2551,0.371927074253
2552,0.372656240902
2553,0.372187490913
2554,0.368958324326
2555,0.368072907681
2556,0.370624990952
2557,0.371145824272
2558,0.371145824272
2559,0.239843744144
2560,4.69916655194
2561,0.363854157784
2562,0.354999991333
2563,0.357083324615
2564,0.363124991135
2565,0.36072915786
2566,0.35567707465
2567,0.338958325058
2568,0.349635408131
2569,1.08432289019
2570,0.349635408131
2571,0.343593741611
2572,0.357760407932
2573,0.345989574886
2574,0.331822908566
2575,0.926822894039
2576,0.329999991943
2577,0.334114575176
2578,0.362552074482
2579,0.35947915789
2580,0.361510407841
2581,0.362552074482
2582,0.357812491264
2583,0.369635407642
2584,0.370416657623
2585,0.365364574413
2586,0.366927074375
2587,0.368854157661
2588,0.363593741123
2589,0.371562490929
2590,0.371510407597
2591,0.374166657532
2592,1.18302080445
2593,0.373593740879
2594,0.376197907482
2595,0.374687490852
2596,0.380104157387
2597,0.37791665744
2598,0.383802073963
2599,0.384270823952
2600,0.383541657303
2601,0.385468740589
2602,0.38953124049
2603,0.384114573956
2604,1.26239580251
2605,0.38927082383
2606,0.407135406727
2607,0.40166665686
2608,0.403541656815
2609,0.396562490318
2610,0.398072906948
2611,0.398697906933
2612,0.39281249041
2613,0.402395823509
2614,0.395572907009
2615,0.395833323669
2616,0.39609374033
2617,0.394791657028
2618,0.393906240383
2619,0.400677073551
2620,0.429583322845
2621,0.417760406467
2622,0.41276040659
2623,0.411874989944
2624,0.43020832283
2625,0.40947915667
2626,0.418020823128
2627,0.784427064182
2628,1.49208329691
2629,1.50359371329
2630,0.403385406818
2631,0.411041656631
2632,0.414062489891
2633,0.383645823967
2634,0.391510407108
2635,0.383645823967
2636,0.39484374036
2637,0.388906240505
2638,0.370364574291
2639,0.356510407963
2640,0.349427074802
2641,0.35062499144
2642,0.362343741154
2643,0.377812490776
2644,0.383593740635
2645,0.365468741077
2646,0.362343741154
2647,0.368124991013
2648,0.375416657501
2649,0.36906249099
2650,0.378749990753
2651,0.370781240948
2652,0.376718740803
2653,0.364583324432
2654,0.373906240871
2655,0.37437499086
2656,0.370781240948
2657,0.36604165773
2658,0.368593741001
2659,0.369270824318
2660,0.376822907467
2661,0.375052074177
2662,0.36124999118
2663,1.1413541388
2664,0.36276040781
2665,0.363072907803
2666,0.363645824455
2667,0.368489574337
2668,0.365208324417
2669,0.352968741383
2670,0.348072908169
2671,0.349687491463
2672,0.342968741627
2673,0.352604158058
2674,0.354999991333
2675,0.350208324783
2676,0.35265624139
2677,0.35213540807
2678,0.347656241512
2679,0.349427074802
2680,0.354479158012
2681,0.197604161842
2682,0.199479161797
2683,0.203645828362
2684,0.197395828514
2685,0.198124995163
2686,0.351562491417
2687,1.04656247445
2688,0.350104158119
2689,0.349999991455
2690,0.346562491539
2691,0.344479158257
2692,0.339531241711
2693,0.34203124165
2694,0.34203124165
2695,0.342395824974
2696,0.340885408344
2697,0.344635408253
2698,0.341770824989
2699,0.344583324921
2700,0.340156241695
2701,0.333229158531
2702,0.898854144722
2703,0.334479158501
2704,0.337135408436
2705,0.337552075092
2706,0.338541658401
2707,0.341458324997
2708,0.331666658569
2709,0.332656241879
2710,0.336145825127
2711,0.328177075321
2712,0.330364575268
2713,0.333593741856
2714,0.326302075367
2715,0.330781241924
2716,0.329062491966
2717,0.32536457539
2718,0.324479158745
2719,0.322239575466
2720,0.305937492531
2721,0.304322909237
2722,0.308645825798
2723,0.308854159126
2724,0.30515624255
2725,0.309687492439
2726,0.301145825981
2727,0.306718742512
2728,0.314062492332
2729,0.31046874242
2730,0.309322909115
2731,0.310729159081
2732,0.303541659256
2733,0.307395825829
2734,0.29682290942
2735,0.29885415937
2736,0.297343742741
2737,0.299999992676
2738,0.295364576122
2739,0.312083325714
2740,0.29302082618
2741,0.295416659454
2742,1.06010414079
2743,0.29885415937
2744,0.29505207613
2745,0.29505207613
2746,0.296093742771
2747,1.75552079047
2748,0.928437477333
2749,0.911302061085
2750,0.941510393681
2751,0.894218728168
2752,0.938541643753
2753,0.986562475914
2754,1.02848955822
2755,0.33369790852
2756,0.937135393787
2757,0.328541658646
2758,0.328385408649
2759,0.329479158623
2760,0.329687491951
2761,0.32687499202
2762,0.324895825401
2763,0.325312492058
2764,0.328177075321
2765,0.326666658691
2766,0.324270825417
2767,0.326458325363
2768,0.321770825478
2769,0.326927075352
2770,0.326822908688
2771,0.338541658401
2772,0.322656242123
2773,0.323802075428
2774,0.322447908794
2775,0.332760408543
2776,0.333906241848
2777,0.327708325333
2778,0.322604158791
2779,0.320104158852
2780,0.316718742268
2781,0.321614575481
2782,0.319895825523
2783,0.317916658905
2784,0.326406242031
2785,0.314531242321
2786,0.316249992279
2787,0.317447908916
2788,0.319218742207
2789,0.322552075459
2790,1.05859372416
2791,0.315208325638
2792,0.322864575451
2793,0.320104158852
2794,0.318593742222
2795,0.958437476601
2796,0.322291658798
2797,0.31880207555
2798,0.337552075092
2799,0.33697915844
2800,0.339687491707
2801,0.336145825127
2802,0.346249991547
2803,0.344843741581
2804,0.339166658386
2805,0.342239574978
2806,0.341510408329
2807,0.344843741581
2808,1.19666663745
2809,0.324010408756
2810,0.347968741505
2811,0.345468741566
2812,0.348958324814
2813,0.381145824028
2814,0.35114582476
2815,0.355312491325
2816,0.357499991272
2817,1.62619787696
2818,0.377499990784
2819,0.353385408039
2820,0.356302074635
2821,0.358333324585
2822,1.2370312198
2823,3.76260407481
2824,0.352187491402
2825,0.356354157967
2826,0.365729157738
2827,0.349270824806
2828,0.356249991302
2829,0.34734374152
2830,0.349843741459
2831,0.343020824959
2832,0.338229158409
2833,0.338281241741
2834,0.348177074833
2835,0.338124991745
2836,0.340208325027
2837,0.341770824989
2838,0.34203124165
2839,0.340624991684
2840,1.91869786982
2841,1.20906247048
2842,1.22317705347
2843,1.15942705503
2844,1.15598955511
2845,5.22869778901
2846,1.18416663776
2847,1.17927080454
2848,1.22421872011
2849,3.20041658853
2850,0.249166660583
2851,0.241458327438
2852,0.240937494118
2853,0.242656244076
2854,0.24124999411
2855,0.249270827248
2856,0.242447910748
2857,0.241354160774
2858,0.240052077473
2859,0.240885410786
2860,0.242708327408
2861,0.240781244122
2862,0.242812494072
2863,0.247395827293
2864,0.245364577343
2865,0.24124999411
2866,0.241979160759
2867,0.242552077412
2868,0.242031244091
2869,0.24124999411
2870,0.254687493782
2871,0.24479166069
2872,0.242812494072
2873,0.24098957745
2874,0.245156244015
2875,0.242187494087
2876,0.240781244122
2877,0.242447910748
2878,0.761718731403
2879,0.242864577404
2880,0.240833327454
2881,0.239791660812
2882,0.240416660797
2883,0.243489577389
2884,0.241562494102
2885,0.247083327301
2886,1.4841145471
2887,5.90369777253
2888,1.43817704822
2889,4.00906240212
2890,1.47723954727
2891,4.38807280954
2892,1.43151038172
2893,1.4868749637
2894,0.377083324127
2895,0.394010407047
2896,0.382499990662
2897,0.400572906887
2898,0.380833324036
2899,0.382499990662
2900,0.38145832402
2901,0.381041657364
2902,0.412187489937
2903,0.397656240292
2904,0.401302073536
2905,0.395833323669
2906,0.398802073597
2907,0.41124998996
2908,0.395989573666
2909,0.389999990479
2910,1.09328122331
2911,0.412239573269
2912,0.408177073368
2913,0.408802073353
2914,0.408333323364
2915,0.405937490089
2916,0.421562489708
2917,1.4938541302
2918,1.49119788026
2919,0.477812488335
2920,0.412656239925
2921,0.385416657257
2922,0.386197907238
2923,0.39281249041
2924,0.386145823906
2925,0.393906240383
2926,0.387447907207
2927,0.369166657654
2928,0.379114574078
2929,0.387187490547
2930,0.375520824165
2931,0.37588540749
2932,0.370156240963
2933,0.374739574184
2934,0.371510407597
2935,0.359062491234
2936,0.355156241329
2937,0.349479158134
2938,0.35114582476
2939,0.354479158012
2940,0.356249991302
2941,0.364687491096
2942,0.360468741199
2943,0.371510407597
2944,0.369010407658
2945,0.364427074436
2946,0.366666657715
2947,0.374531240856
2948,0.381718740681
2949,0.366510407719
2950,0.368124991013
2951,0.366145824394
2952,0.368489574337
2953,0.366354157722
2954,0.375052074177
2955,0.370208324295
2956,0.375677074162
2957,0.359166657898
2958,0.366510407719
2959,0.35947915789
2960,0.364062491112
2961,0.350572908108
2962,0.341614574993
2963,0.341562491661
2964,0.349270824806
2965,0.338541658401
2966,0.34583332489
2967,0.348593741489
2968,0.351770824745
2969,0.351874991409
2970,0.345781241558
2971,0.34104165834
2972,0.335416658478
2973,0.339583325043
2974,0.348541658157
2975,0.343281241619
2976,0.343645824944
2977,0.342916658295
2978,0.355729157982
2979,0.347760408176
2980,0.345468741566
2981,0.33874999173
2982,0.333906241848
2983,0.346718741535
2984,0.340885408344
2985,0.338281241741
2986,0.332604158546
2987,0.335937491798
2988,0.332760408543
2989,0.33927082505
2990,0.340885408344
2991,0.334531241833
2992,0.335572908474
2993,0.328437491982
2994,0.327812491997
2995,0.329479158623
2996,0.304947909222
2997,0.309895825768
2998,0.307499992493
2999,0.306249992523
3000,0.307291659164
3001,0.315677075626
3002,0.311041659073
3003,0.3099479091
3004,0.305729159203
3005,0.302395825951
3006,0.305052075886
3007,0.318958325546
3008,0.327552075336
3009,0.323072908779
3010,0.319531242199
3011,0.321770825478
3012,0.321666658813
3013,0.322916658783
3014,0.326458325363
3015,0.323958325424
3016,0.325156242062
3017,0.318489575558
3018,0.329531241955
3019,0.318854158882
3020,0.320104158852
3021,1.00442705881
3022,0.325312492058
3023,0.321197908825
3024,0.321302075489
3025,0.321458325485
3026,0.322968742115
3027,0.323697908764
3028,0.319895825523
3029,0.338593741734
3030,0.340677075016
3031,0.341093741673
3032,0.341197908337
3033,0.341718741657
3034,0.344218741596
3035,0.353020824715
3036,0.352083324738
3037,0.351302074757
3038,0.349843741459
3039,1.10635413966
3040,0.356041657974
3041,0.353697908031
3042,0.358177074589
3043,0.347291658188
3044,0.34104165834
3045,0.343281241619
3046,0.344843741581
3047,0.342708324966
3048,0.342187491646
3049,0.332968741871
3050,0.329947908611
3051,0.333281241863
3052,0.331093741917
3053,1.02697914159
3054,2.35671869246
3055,0.992239559109
3056,0.33369790852
3057,0.336770825111
3058,0.340833325012
3059,0.333020825203
3060,0.334687491829
3061,0.337395825096
3062,0.335520825142
3063,0.332239575222
3064,0.334427075169
3065,0.338385408405
3066,0.336406241787
3067,0.345156241573
3068,0.334999991821
3069,0.329531241955
3070,1.105781223
3071,0.349062491478
3072,0.348333324829
3073,0.34760415818
3074,0.345520824898
3075,0.358124991257
3076,0.354791658005
3077,0.354010408024
3078,0.352864574718
3079,0.356093741306
3080,0.349531241467
3081,0.358645824577
3082,0.355572907986
3083,1.21968747022
3084,0.357552074604
3085,0.355364574657
3086,0.357499991272
3087,1.16666663818
3088,0.365677074406
3089,0.361302074512
3090,0.362187491158
3091,0.363645824455
3092,0.359635407887
3093,0.360364574535
3094,0.371145824272
3095,0.365364574413
3096,0.369374990982
3097,0.375208324173
3098,0.365937491066
3099,0.369999990967
3100,0.380885407368
3101,0.370052074299
3102,0.37588540749
3103,0.374166657532
3104,0.391093740452
3105,0.379947907391
3106,0.379479157402
3107,0.371406240932
3108,0.3781770741
3109,0.383281240643
3110,0.393958323715
3111,0.385729157249
3112,0.388958323837
3113,0.383906240627
3114,0.393697907055
3115,0.384531240612
3116,0.381302074024
3117,0.389374990494
3118,0.391614573772
3119,0.383072907314
3120,0.389218740498
3121,0.41276040659
3122,0.403489573483
3123,0.411614573284
3124,0.398593740269
3125,0.401041656876
3126,0.403697906811
3127,0.399583323578
3128,0.399583323578
3129,0.395364573681
3130,0.398906240261
3131,0.404531240124
3132,0.40114582354
3133,0.406666656738
3134,0.403385406818
3135,4.88354154744
3136,0.385885407246
3137,0.395104157021
3138,0.373958324203
3139,0.379895824059
3140,0.369635407642
3141,0.36630207439
3142,0.372968740894
3143,0.3741145742
3144,0.375156240841
3145,0.370624990952
3146,0.360104157875
3147,0.365729157738
3148,0.361458324509
3149,0.376093740818
3150,0.367604157692
3151,0.357031241283
3152,1.32411455101
3153,1.44130204815
3154,0.334010408512
3155,0.338697908398
3156,0.331041658585
3157,0.334739575161
3158,0.331666658569
3159,0.338177075077
3160,0.335416658478
3161,0.339895825035
3162,0.324843742069
3163,0.328749991974
3164,0.328177075321
3165,0.324791658737
3166,0.326562492027
3167,0.325468742054
3168,0.330260408604
3169,0.321979158806
3170,0.325781242046
3171,0.322187492134
3172,0.322447908794
3173,0.319218742207
3174,0.325989575375
3175,0.321979158806
3176,0.323229158775
3177,0.321354158821
3178,0.318749992218
3179,0.32031249218
3180,0.321145825493
3181,0.32208332547
3182,0.326406242031
3183,0.317187492256
3184,0.340989575008
3185,1.23499996985
3186,1.26135413587
3187,1.27822913546
3188,3.47114574859
3189,1.27546871886
3190,1.25687496931
3191,1.20833330383
3192,0.338437491737
3193,0.344374991592
3194,0.343645824944
3195,0.353072908047
3196,0.345781241558
3197,0.339687491707
3198,0.340624991684
3199,0.982552059345
3200,0.340052075031
3201,0.33598957513
3202,0.327760408665
3203,0.327708325333
3204,0.326562492027
3205,0.327552075336
3206,0.331666658569
3207,0.334947908489
3208,0.33369790852
3209,0.328958325302
3210,0.32864582531
3211,0.330520825264
3212,0.331093741917
3213,0.32536457539
3214,0.338020825081
3215,0.325729158714
3216,0.32411457542
3217,0.323541658768
3218,0.324583325409
3219,0.33192707523
3220,0.330104158607
3221,0.325572908718
3222,0.88187497847
3223,0.891197894909
3224,0.916249977631
3225,0.929583310638
3226,0.91244789439
3227,2.45520827339
3228,1.01963539177
3229,1.02239580837
3230,0.333124991867
3231,0.335624991806
3232,0.329947908611
3233,0.330312491936
3234,0.327604158669
3235,0.327291658676
3236,0.324010408756
3237,0.327968741993
3238,0.327031242016
3239,0.327239575344
3240,0.323958325424
3241,0.337291658432
3242,0.330781241924
3243,0.325937492043
3244,0.324583325409
3245,0.322656242123
3246,0.887291645004
3247,0.321458325485
3248,0.320989575497
3249,0.319010408878
3250,0.347864574841
3251,0.821406229946
3252,0.926145810722
3253,0.929427060642
3254,0.934999977173
3255,2.1598957806
3256,0.957499976624
3257,2.39666660815
3258,1.20942705381
3259,1.09598955658
3260,0.345104158241
3261,0.349010408146
3262,0.346458324875
3263,0.348124991501
3264,0.348645824821
3265,0.358020824593
3266,0.361458324509
3267,0.35744790794
3268,0.355052074665
3269,0.353333324707
3270,0.366874991043
3271,0.356354157967
3272,0.353697908031
3273,0.356354157967
3274,0.357864574596
3275,0.359687491219
3276,0.358906241238
3277,0.360208324539
3278,0.359166657898
3279,0.362604157814
3280,0.363854157784
3281,0.360156241207
3282,0.369374990982
3283,1.31406246792
3284,1.39140621603
3285,1.36999996655
3286,1.38541663284
3287,1.02640622494
3288,0.347135408192
3289,0.349583324799
3290,0.347291658188
3291,0.343906241604
3292,0.351770824745
3293,0.350677074772
3294,0.344479158257
3295,0.353697908031
3296,0.345052074909
3297,0.347552074848
3298,0.341718741657
3299,0.338489575069
3300,0.338124991745
3301,1.09942705649
3302,0.34380207494
3303,0.338697908398
3304,0.341927074986
3305,0.982447892681
3306,0.339062491722
3307,0.339062491722
3308,0.3508854081
3309,0.364218741108
3310,0.364218741108
3311,0.358437491249
3312,0.359895824547
3313,0.357656241268
3314,0.357083324615
3315,0.358437491249
3316,0.367031241039
3317,0.367604157692
3318,0.343072908291
3319,0.339218741718
3320,0.329322908627
3321,0.33218749189
3322,0.331145825249
3323,0.957291643295
3324,0.326927075352
3325,0.330624991928
3326,0.325416658722
3327,0.334010408512
3328,0.332604158546
3329,0.320677075504
3330,0.327864575329
3331,0.320416658844
3332,0.312864575695
3333,0.317656242245
3334,0.312552075703
3335,0.320989575497
3336,0.316979158928
3337,0.340156241695
3338,0.335052075153
3339,0.337552075092
3340,0.340468741688
3341,0.330520825264
3342,0.331302075245
3343,0.332812491875
3344,0.331562491905
3345,0.340052075031
3346,0.333333325195
3347,0.327239575344
3348,0.336093741795
3349,0.333802075184
3350,0.334479158501
3351,0.333749991852
3352,0.329479158623
3353,0.323333325439
3354,0.327812491997
3355,0.328333325317
3356,0.326458325363
3357,0.326302075367
3358,0.330729158592
3359,0.328020825325
3360,0.325833325378
3361,0.334895825157
3362,0.3235937421
3363,0.343177074955
3364,0.554843736454
3365,0.946562476891
3366,0.901770811317
3367,0.936458310471
3368,0.906354144539
3369,0.921406227505
3370,1.02807289157
3371,1.02968747486
3372,1.06968747388
3373,0.242968744068
3374,0.244895827354
3375,0.241145827446
3376,0.239843744144
3377,0.237760410862
3378,0.240156244137
3379,0.240833327454
3380,0.237395827538
3381,0.241562494102
3382,0.240104160805
3383,0.240833327454
3384,0.815052063435
3385,0.246614577312
3386,0.242343744083
3387,0.241406244106
3388,0.341458324997
3389,0.303749992584
3390,0.245989577328
3391,0.329635408619
3392,0.241562494102
3393,0.242187494087
3394,0.239583327484
3395,0.238749994171
3396,0.240052077473
3397,0.240677077457
3398,0.239010410831
3399,0.241666660767
3400,0.243229160728
3401,0.242187494087
3402,0.24151041077
3403,0.240156244137
3404,0.238958327499
3405,0.241874994095
3406,0.243906244045
3407,1.00593747544
3408,0.2430208274
3409,0.24249999408
3410,0.239374994156
3411,0.247916660614
3412,0.245781243999
3413,0.240885410786
3414,0.715260399204
3415,0.244062494041
3416,0.243645827385
3417,0.242656244076
3418,0.240885410786
3419,0.241041660782
3420,0.242083327423
3421,0.243385410725
3422,0.239166660828
3423,0.242447910748
3424,0.244374994034
3425,0.240833327454
3426,0.241666660767
3427,0.24124999411
3428,0.240364577465
3429,0.385052073933
3430,1.15770830507
3431,0.392083323761
3432,0.370572907619
3433,0.376874990799
3434,1.10078122313
3435,0.37588540749
3436,0.366458324387
3437,0.357343741276
3438,0.359583324554
3439,0.354374991348
3440,0.353697908031
3441,0.3577083246
3442,0.361614574505
3443,0.358385407917
3444,0.360052074543
3445,0.35619790797
3446,0.351458324753
3447,0.268645826775
3448,0.238541660843
3449,0.228541661087
3450,0.225468744495
3451,0.226510411137
3452,0.232968744312
3453,0.282239576443
3454,0.798124980515
3455,0.22557291116
3456,0.227968744434
3457,0.226718744465
3458,0.221197911266
3459,0.223333327881
3460,0.224635411182
3461,0.221666661255
3462,0.222083327911
3463,0.222916661224
3464,0.221458327927
3465,0.22557291116
3466,0.224531244518
3467,0.223072911221
3468,0.223437494545
3469,0.223281244549
3470,0.222343744572
3471,0.226562494469
3472,0.223593744541
3473,0.223802077869
3474,0.230989577694
3475,0.212291661484
3476,0.225520827827
3477,0.223958327866
3478,0.223177077885
3479,0.220104161293
3480,0.222135411243
3481,1.29281246844
3482,0.221666661255
3483,0.22229166124
3484,0.220104161293
3485,0.219322911312
3486,0.219947911297
3487,0.321510408817
3488,0.342135408314
3489,0.343697908276
3490,0.343124991623
3491,0.344218741596
3492,0.348124991501
3493,0.35114582476
3494,0.348489574825
3495,1.23932288641
3496,0.351093741428
3497,0.349062491478
3498,0.354322908016
3499,2.03531245031
3500,0.35416665802
3501,0.355572907986
3502,0.35213540807
3503,0.359739574551
3504,0.36223957449
3505,0.357135407948
3506,0.354374991348
3507,0.359739574551
3508,0.360156241207
3509,0.359062491234
3510,0.366822907711
3511,0.363437491127
3512,0.37234374091
3513,0.371666657593
3514,0.363958324448
3515,0.364843741093
3516,0.344791658249
3517,0.34052082502
3518,0.343854158272
3519,0.329687491951
3520,0.3304166586
3521,0.33395832518
3522,0.340624991684
3523,0.335104158485
3524,0.32713540868
3525,0.336406241787
3526,0.341406241665
3527,0.337291658432
3528,0.330260408604
3529,0.325520825386
3530,0.338229158409
3531,0.33192707523
3532,0.339479158379
3533,0.323072908779
3534,0.324583325409
3535,0.331666658569
3536,0.328854158638
3537,0.329687491951
3538,0.313906242336
3539,0.319999992188
3540,0.890572894924
3541,3.14442700657
3542,1.18468747108
3543,1.29890621829
3544,1.30609371811
3545,1.24614580291
3546,1.31421871791
3547,1.28588538527
3548,4.92463529644
3549,1.33005205086
3550,0.374947907513
3551,0.356718741291
3552,0.359010407902
3553,1.06979164055
3554,0.367395824364
3555,0.366249991058
3556,0.372291657578
3557,0.365885407734
3558,0.368749990997
3559,0.37234374091
3560,0.376197907482
3561,0.374270824196
3562,0.381041657364
3563,0.3741145742
3564,1.04901039106
3565,0.37791665744
3566,0.380677074039
3567,0.891562478233
3568,0.38421874062
3569,0.380156240719
3570,0.379635407398
3571,0.384374990616
3572,0.38296874065
3573,0.379270824074
3574,0.377031240795
3575,0.760312481438
3576,1.79999995605
3577,0.361822907833
3578,0.361614574505
3579,0.388177073856
3580,0.363385407795
3581,0.384531240612
3582,0.37640624081
3583,0.389427073826
3584,0.375156240841
3585,0.367083324371
3586,0.375729157494
3587,1.59682287768
3588,0.382135407337
3589,0.380312490715
3590,0.384947907269
3591,0.3945833237
3592,0.395312490349
3593,0.391354157112
3594,0.394010407047
3595,0.391197907116
3596,0.384635407276
3597,0.399062490257
3598,0.399322906918
3599,0.393854157051
3600,1.58067704474
3601,1.51979162956
3602,0.429739572842
3603,0.421302073048
3604,0.409531240002
3605,0.387552073872
3606,0.393385407063
3607,0.395416657013
3608,0.390937490456
3609,0.399218740253
3610,0.377343740788
3611,0.368749990997
3612,0.372187490913
3613,1.06145830742
3614,0.361666657837
3615,0.351197908092
3616,1.36437496669
3617,1.32921871755
3618,0.368385407673
3619,0.357135407948
3620,0.345729158226
3621,0.359791657883
3622,0.353958324692
3623,0.348437491493
3624,0.350572908108
3625,0.353854158028
3626,0.354895824669
3627,0.357968741261
3628,0.351354158089
3629,0.350781241436
3630,0.348437491493
3631,1.11359372281
3632,0.343437491615
3633,0.342343741642
3634,0.344218741596
3635,0.340833325012
3636,0.348749991486
3637,0.338177075077
3638,0.332499991882
3639,0.335052075153
3640,0.333645825188
3641,0.335572908474
3642,0.346614574871
3643,0.338489575069
3644,0.33572915847
3645,0.348645824821
3646,0.330885408588
3647,0.883333311768
3648,0.331458325241
3649,0.333906241848
3650,0.326718742023
3651,0.323749992096
3652,2.4097395245
3653,1.05270830763
3654,1.08218747358
3655,1.07114580718
3656,1.08447914019
3657,0.248489577267
3658,0.24604166066
3659,0.240885410786
3660,0.243124994064
3661,0.240052077473
3662,0.253281243816
3663,0.241979160759
3664,0.243854160713
3665,0.23973957748
3666,0.248333327271
3667,0.243072910732
3668,1.03682289135
3669,0.24781249395
3670,0.242916660736
3671,0.242343744083
3672,0.239427077488
3673,0.241302077442
3674,0.239999994141
3675,0.240885410786
3676,0.253749993805
3677,0.242343744083
3678,0.241927077427
3679,0.37083332428
3680,0.368177074345
3681,0.370208324295
3682,0.379947907391
3683,0.370052074299
3684,0.379270824074
3685,0.375156240841
3686,0.375989574154
3687,0.382031240673
3688,0.375833324158
3689,0.371979157585
3690,0.386874990555
3691,0.38270832399
3692,0.380156240719
3693,0.37640624081
3694,0.388124990524
3695,0.38421874062
3696,0.385104157265
3697,0.380104157387
3698,0.368593741001
3699,0.875364561962
3700,0.348020824837
3701,0.353593741367
3702,0.344635408253
3703,0.348072908169
3704,0.3440624916
3705,1.03354164143
3706,0.359947907879
3707,0.371249990936
3708,0.353541658035
3709,0.335416658478
3710,0.335104158485
3711,0.337760408421
3712,0.349062491478
3713,0.338020825081
3714,0.345520824898
3715,10.1221872529
3716,1.34260413389
3717,0.353072908047
3718,0.365833324402
3719,1.95697911889
3720,0.352708324722
3721,0.353645824699
3722,0.34583332489
3723,0.352812491386
3724,0.340312491692
3725,1.06187497408
3726,1.39499996594
3727,1.42322913192
3728,1.42296871526
3729,0.360833324524
3730,0.357760407932
3731,0.344479158257
3732,0.351979158073
3733,0.344270824928
3734,0.343697908276
3735,0.341770824989
3736,0.34760415818
3737,0.34052082502
3738,0.343489574947
3739,0.336718741779
3740,0.34734374152
3741,0.343645824944
3742,1.62708329361
3743,0.360156241207
3744,0.338489575069
3745,0.355468741322
3746,0.336718741779
3747,0.328229158653
3748,1.04312497453
3749,0.366458324387
3750,0.346406241543
3751,0.34760415818
3752,0.348749991486
3753,0.348281241497
3754,0.349843741459
3755,0.338281241741
3756,0.344687491585
3757,0.341822908321
3758,4.80802071595
3759,2.50859368876
3760,1.15989580502
3761,1.17520830464
3762,3.48463533159
3763,0.702187482857
3764,0.341093741673
3765,0.348020824837
3766,0.339635408375
3767,0.346927074863
3768,0.341302075001
3769,1.19682288745
3770,0.341874991653
3771,0.340208325027
3772,0.331093741917
3773,0.324635408741
3774,0.331406241909
3775,0.335156241817
3776,0.331822908566
3777,0.333229158531
3778,0.331562491905
3779,0.332552075214
3780,0.336458325119
3781,0.338020825081
3782,0.33598957513
3783,0.348541658157
3784,0.332968741871
3785,1.61234371064
3786,0.335156241817
3787,0.32385415876
3788,0.323437492104
3789,0.323333325439
3790,0.903958311264
3791,0.346822908199
3792,0.344166658264
3793,0.334895825157
3794,0.324427075413
3795,0.327864575329
3796,0.331666658569
3797,0.331041658585
3798,0.330729158592
3799,1.05479164091
3800,1.12817705579
3801,2.32937494313
3802,1.15979163835
3803,1.24572913625
3804,1.30072913491
3805,0.325468742054
3806,0.321406242153
3807,0.327031242016
3808,0.318489575558
3809,0.324479158745
3810,0.314739575649
3811,0.314270825661
3812,0.30843749247
3813,0.314895825645
3814,0.313958325668
3815,0.313281242352
3816,0.309999992432
3817,0.309374992447
3818,2.39864577477
3819,0.302656242611
3820,0.303229159264
3821,0.297708326065
3822,0.302343742619
3823,0.299166659363
3824,0.844843729374
3825,0.303072909267
3826,0.301822909298
3827,0.301718742634
3828,0.300260409336
3829,0.306458325851
3830,0.300208326004
3831,0.304218742573
3832,0.301979159294
3833,0.301458325974
3834,0.302552075947
3835,0.301093742649
3836,0.916145810966
3837,2.1381249478
3838,1.03124997482
3839,1.02687497493
3840,1.03390622476
3841,1.03833330798
3842,6.34656234505
3843,2.53520827144
3844,1.26682288574
3845,1.33510413407
3846,1.26848955236
3847,1.24192705301
3848,1.34249996722
3849,8.49729145921
3850,1.46505204757
3851,1.30083330157
3852,1.2956770517
3853,1.23145830327
3854,0.373697907543
3855,0.362968741138
3856,0.365208324417
3857,0.360312491203
3858,2.23666661206
3859,0.367187491035
3860,0.362656241146
3861,0.362864574474
3862,0.366718741047
3863,0.373645824211
3864,0.371197907604
3865,0.366927074375
3866,0.365052074421
3867,0.366927074375
3868,0.373281240887
3869,1.21604163698
3870,0.364374991104
3871,0.378072907436
3872,0.376718740803
3873,2.09317703223
3874,0.375520824165
3875,0.36630207439
3876,0.368385407673
3877,0.376249990814
3878,0.374218740864
3879,0.383593740635
3880,0.38927082383
3881,0.383802073963
3882,0.39104165712
3883,0.388697907177
3884,1.48624996371
3885,0.391406240444
3886,0.392916657074
3887,0.387864573864
3888,1.91359370328
3889,0.394635407032
3890,0.391458323776
3891,0.406874990067
3892,0.402239573513
3893,0.399062490257
3894,0.391458323776
3895,0.390208323807
3896,0.384999990601
3897,0.411614573284
3898,0.409791656662
3899,0.418281239788
3900,0.417447906475
3901,0.586041652359
3902,0.431354156136
3903,0.414427073215
3904,0.415312489861
3905,0.414583323212
3906,0.40114582354
3907,0.415364573193
3908,0.41151040662
3909,0.416458323166
3910,0.428541656204
3911,0.413854156563
3912,0.427708322891
3913,1.81010412247
3914,1.8034895393
3915,1.78729162303
3916,1.82015620556
3917,5.3821873686
3918,0.370989574276
3919,0.35921874123
3920,0.371666657593
3921,0.373906240871
3922,0.366562491051
3923,0.351927074741
3924,0.354479158012
3925,0.359322907894
3926,0.353749991364
3927,0.354114574688
3928,0.357343741276
3929,0.360052074543
3930,0.363489574459
3931,0.354322908016
3932,0.352187491402
3933,0.357291657944
3934,0.365677074406
3935,0.363749991119
3936,0.372083324249
3937,0.369166657654
3938,0.367968741016
3939,0.368593741001
3940,0.367656241024
3941,0.369895824303
3942,0.370624990952
3943,1.20687497054
3944,0.374062490868
3945,0.375989574154
3946,0.382864573986
3947,0.383697907299
3948,0.376979157463
3949,0.377604157448
3950,0.375468740833
3951,0.396979156975
3952,0.39609374033
3953,0.388229157188
3954,0.38119790736
3955,0.381979157341
3956,0.383437490639
3957,0.382291657333
3958,0.793593730625
3959,1.48401038044
3960,0.390729157127
3961,0.37968749073
3962,0.379739574062
3963,0.382656240658
3964,0.38119790736
3965,0.381874990677
3966,0.396770823647
3967,0.388854157173
3968,0.388489573849
3969,0.401718740192
3970,0.401510406864
3971,0.401041656876
3972,1.14880205529
3973,0.396197906994
3974,0.397031240307
3975,0.387187490547
3976,0.40494790678
3977,0.416718739826
3978,0.422083323029
3979,0.412499989929
3980,0.408958323349
3981,0.409374990005
3982,0.408854156685
3983,0.411093739964
3984,0.421406239712
3985,0.412291656601
3986,0.411822906612
3987,0.421979156364
3988,1.51161454643
3989,1.48921871364
3990,1.49708329678
3991,1.17713538793
3992,0.386770823891
3993,0.393697907055
3994,0.403645823479
3995,0.411874989944
3996,0.410156239986
3997,0.411562489952
3998,0.401874990189
3999,0.404791656784
4000,0.404062490135
4001,1.04317705787
4002,0.40317707349
4003,0.409791656662
4004,0.412499989929
4005,0.418281239788
4006,0.412916656586
4007,0.421822906368
4008,0.422708323013
4009,0.417968739796
4010,0.420677073063
4011,0.427864572887
4012,0.430677072819
4013,0.432395822777
4014,0.418124989792
4015,1.14848955529
4016,0.417604156471
4017,0.423802072987
4018,0.412916656586
4019,0.415156239864
4020,0.413385406574
4021,0.437916655975
4022,0.44713540575
4023,0.450624988998
4024,0.42640623959
4025,0.436093739353
4026,1.26322913583
4027,0.44005207259
4028,0.434479156059
4029,0.45494790556
4030,0.445885405781
4031,0.428124989548
4032,0.419322906429
4033,0.422864573009
4034,0.430520822823
4035,0.432187489449
4036,0.42817707288
4037,0.426979156242
4038,0.429791656174
4039,0.43020832283
4040,0.423854156319
4041,0.42692707291
4042,0.440624989243
4043,0.429427072849
4044,0.42010415641
4045,1.18864580431
4046,0.42489582296
4047,0.428281239544
4048,0.425416656281
4049,0.427499989563
4050,0.427708322891
4051,0.432395822777
4052,0.419270823097
4053,0.443281239178
4054,0.427864572887
4055,0.433854156075
4056,0.418489573116
4057,0.422083323029
4058,0.443749989166
4059,0.441666655884
4060,0.461458322067
4061,0.459270822121
4062,0.45520832222
4063,0.451510405643
4064,0.449427072361
4065,0.461718738728
4066,0.458645822136
4067,0.449270822365
4068,0.441145822563
4069,0.442395822533
4070,0.64796873418
4071,5.28192695438
4072,1.49406246352
4073,1.48651038037
4074,1.5047395466
4075,1.03843747465
4076,0.393124990402
4077,0.403281240154
4078,0.398489573605
4079,0.40114582354
4080,0.395520823677
4081,0.401249990204
4082,0.403281240154
4083,0.408020823372
4084,0.395052073689
4085,2.73729159984
4086,0.402031240185
4087,0.395104157021
4088,0.409531240002
4089,0.417968739796
4090,0.417760406467
4091,0.414010406559
4092,0.412499989929
4093,0.42489582296
4094,0.41859373978
4095,0.417708323135
4096,2.43052077399
4097,0.410885406635
4098,0.413489573238
4099,0.411197906628
4100,0.415833323181
4101,0.405677073429
4102,0.421458323044
4103,0.398958323593
4104,0.436562489342
4105,0.438489572628
4106,0.425781239605
4107,0.443281239178
4108,0.441927072544
4109,0.437395822655
4110,0.436927072666
4111,9.61541643192
4112,0.441145822563
4113,0.424531239635
4114,0.419427073093
4115,2.21921869582
4116,0.40494790678
4117,0.406249990082
4118,0.400729156883
4119,0.395260407017
4120,0.402395823509
4121,0.366249991058
4122,0.386562490562
4123,0.382916657318
4124,0.384687490608
4125,0.374947907513
4126,0.362187491158
4127,0.381145824028
4128,0.367187491035
4129,0.376093740818
4130,0.376979157463
4131,1.75874995706
4132,0.383645823967
4133,0.376458324142
4134,0.377083324127
4135,0.373749990875
4136,0.387864573864
4137,0.389322907162
4138,0.383593740635
4139,0.385416657257
4140,0.385885407246
4141,0.386979157219
4142,1.49333329687
4143,0.391354157112
4144,0.375677074162
4145,0.379374990738
4146,0.377499990784
4147,0.374270824196
4148,0.387916657196
4149,0.364166657776
4150,0.372812490898
4151,0.368645824333
4152,1.08583330682
4153,0.36124999118
4154,0.351614574749
4155,0.354374991348
4156,0.35921874123
4157,0.338437491737
4158,0.342656241634
4159,0.330833325256
4160,0.331718741901
4161,0.332916658539
4162,0.33697915844
4163,0.325729158714
4164,0.31880207555
4165,0.33192707523
4166,0.325520825386
4167,0.319687492195
4168,0.322968742115
4169,0.325677075382
4170,1.26572913577
4171,0.341979158318
4172,0.317760408909
4173,0.314166658997
4174,0.318177075565
4175,0.318333325562
4176,2.06656244955
4177,1.05697914086
4178,1.07890622366
4179,2.7799478488
4180,0.330312491936
4181,0.32890624197
4182,0.332864575207
4183,0.328020825325
4184,0.322760408787
4185,0.915416644318
4186,0.329062491966
4187,0.332604158546
4188,0.328437491982
4189,0.330364575268
4190,0.322916658783
4191,0.327083325348
4192,0.333802075184
4193,0.323645825432
4194,0.320989575497
4195,0.321562492149
4196,0.999635392262
4197,0.328072908657
4198,0.325781242046
4199,0.32182290881
4200,0.323020825447
4201,0.322656242123
4202,0.325989575375
4203,0.336145825127
4204,0.334531241833
4205,0.326458325363
4206,0.321718742146
4207,0.324791658737
4208,0.322864575451
4209,0.324062492088
4210,0.332083325226
4211,0.323906242092
4212,0.325156242062
4213,0.32510415873
4214,2.27651036109
4215,0.324635408741
4216,0.325572908718
4217,0.320416658844
4218,0.317968742237
4219,0.314479158989
4220,0.311770825722
4221,2.18145828008
4222,1.13015622241
4223,1.08437497353
4224,1.01421872524
4225,1.03083330817
4226,0.983124975998
4227,0.347552074848
4228,0.349635408131
4229,0.348281241497
4230,0.353593741367
4231,0.349270824806
4232,0.349166658142
4233,0.365208324417
4234,0.357604157936
4235,0.356718741291
4236,0.370468740955
4237,0.356406241299
4238,0.363906241116
4239,0.361197907848
4240,0.364687491096
4241,0.360833324524
4242,0.365416657745
4243,0.241458327438
4244,0.240156244137
4245,0.243958327377
4246,0.244218744038
4247,0.241145827446
4248,0.242656244076
4249,0.241406244106
4250,0.241093744114
4251,0.239635410816
4252,0.252083327179
4253,0.242343744083
4254,0.241927077427
4255,0.242812494072
4256,0.240781244122
4257,0.242291660751
4258,0.254583327118
4259,0.243749994049
4260,0.241927077427
4261,0.244635410694
4262,0.239947910809
4263,0.241093744114
4264,0.243281244061
4265,0.241354160774
4266,0.241197910778
4267,0.242864577404
4268,0.240052077473
4269,0.250052077229
4270,0.169114579205
4271,0.166614579266
4272,0.207187494942
4273,0.243124994064
4274,0.244427077366
4275,0.242656244076
4276,0.242552077412
4277,0.24124999411
4278,0.25161457719
4279,0.243958327377
4280,0.379843740726
4281,0.374687490852
4282,0.392604157082
4283,0.354062491356
4284,0.350520824776
4285,0.354895824669
4286,0.356354157967
4287,0.191249995331
4288,0.19072916201
4289,0.19020832869
4290,0.189583328705
4291,0.191666661987
4292,0.191562495323
4293,0.192395828636
4294,0.200416661774
4295,0.139270829933
4296,0.143124996506
4297,0.142499996521
4298,0.142760413181
4299,0.136979163322
4300,0.137083329987
4301,0.135572913357
4302,0.134531246716
4303,0.129947913494
4304,0.133333330078
4305,0.134791663376
4306,0.692968733082
4307,0.193802078602
4308,0.190937495338
4309,0.191562495323
4310,0.188906245388
4311,0.191041662003
4312,0.191302078663
4313,0.189114578716
4314,0.202968745045
4315,0.193124995285
4316,0.194114578594
4317,0.191302078663
4318,0.192447911968
4319,0.189062495384
4320,0.191822911983
4321,0.190833328674
4322,0.189895828697
4323,0.226614577801
4324,0.244895827354
4325,0.242135410755
4326,0.244895827354
4327,0.243333327393
4328,0.242708327408
4329,0.245677077335
4330,0.245520827339
4331,0.244218744038
4332,0.241666660767
4333,0.24427082737
4334,0.242708327408
4335,0.254791660446
4336,0.246770827309
4337,0.244114577374
4338,0.24630207732
4339,0.244062494041
4340,0.241406244106
4341,0.24249999408
4342,0.253802077137
4343,0.244999994019
4344,0.243124994064
4345,0.243958327377
4346,0.241093744114
4347,0.243072910732
4348,0.243437494057
4349,0.244999994019
4350,0.242031244091
4351,0.245833327332
4352,0.242135410755
4353,0.243854160713
4354,0.250364577221
4355,0.245260410679
4356,0.245260410679
4357,0.246822910641
4358,0.2430208274
4359,0.246354160652
4360,0.24604166066
4361,0.250677077213
4362,0.246354160652
4363,0.261666660278
4364,0.411302073292
4365,1.08328122355
4366,0.400416656891
4367,0.410781239971
4368,0.414427073215
4369,0.386302073902
4370,0.367395824364
4371,0.380468740711
4372,0.385364573925
4373,0.372812490898
4374,0.380416657379
4375,0.354843741337
4376,0.356927074619
4377,0.191458328659
4378,0.168281245892
4379,0.167656245907
4380,0.185624995468
4381,1.11890622268
4382,0.36781249102
4383,0.361093741184
4384,0.345052074909
4385,0.859427062351
4386,0.354947908001
4387,0.351302074757
4388,0.344895824913
4389,0.352083324738
4390,0.358281241253
4391,0.341614574993
4392,0.340937491676
4393,0.336770825111
4394,0.334999991821
4395,0.344635408253
4396,0.348229158165
4397,0.341718741657
4398,0.344687491585
4399,0.343697908276
4400,0.342604158302
4401,0.249374993912
4402,0.245260410679
4403,0.2430208274
4404,0.242343744083
4405,0.240781244122
4406,0.241458327438
4407,0.249739577236
4408,0.244322910702
4409,0.241562494102
4410,0.240104160805
4411,0.242916660736
4412,0.241770827431
4413,0.241197910778
4414,0.243593744053
4415,0.242708327408
4416,0.244374994034
4417,0.243749994049
4418,0.242291660751
4419,0.24098957745
4420,0.243333327393
4421,0.243906244045
4422,0.24249999408
4423,0.240624994125
4424,0.241562494102
4425,0.241874994095
4426,0.251458327194
4427,0.241822910763
4428,0.240260410801
4429,0.225885411152
4430,0.221822911251
4431,0.225416661163
4432,0.653177067387
4433,0.219583327972
4434,0.220885411274
4435,0.228697911083
4436,0.227187494453
4437,0.216562494713
4438,0.221197911266
4439,0.218124994675
4440,0.219843744633
4441,0.219635411304
4442,0.217552078022
4443,0.215208328079
4444,0.218645827995
4445,0.217447911358
4446,0.216302078053
4447,0.214531244762
4448,0.213437494789
4449,0.215104161415
4450,0.216614578045
4451,0.217083328033
4452,0.220677077946
4453,0.219166661316
4454,0.227239577785
4455,0.215260411411
4456,0.213333328125
4457,0.210468744862
4458,0.213437494789
4459,0.214322911434
4460,0.209895828209
4461,0.213281244793
4462,0.216145828056
4463,0.218333328003
4464,0.216718744709
4465,0.216562494713
4466,0.214687494759
4467,0.216354161385
4468,0.21723957803
4469,0.213749994781
4470,0.217291661362
4471,0.213072911465
4472,0.214687494759
4473,0.21244791148
4474,0.214062494774
4475,0.21067707819
4476,0.213281244793
4477,0.212395828148
4478,0.211041661514
4479,0.213749994781
4480,0.21421874477
4481,0.212552078144
4482,0.214583328094
4483,0.801822897091
4484,0.214114578106
4485,0.209479161552
4486,0.209270828224
4487,0.207187494942
4488,0.207083328278
4489,0.212552078144
4490,0.207760411594
4491,0.197187495186
4492,0.217291661362
4493,0.198906245144
4494,1.23895830309
4495,1.24151038636
4496,1.19374997086
4497,1.22031247021
4498,2.53765618805
4499,0.355052074665
4500,1.10322913973
4501,0.354322908016
4502,0.355364574657
4503,0.359947907879
4504,0.365364574413
4505,0.357395824608
4506,0.358385407917
4507,0.216718744709
4508,0.218177078007
4509,0.216770828041
4510,0.218802077991
4511,0.214739578091
4512,0.216718744709
4513,0.215520828072
4514,0.211927078159
4515,0.213437494789
4516,0.217083328033
4517,0.213072911465
4518,0.214895828087
4519,0.215260411411
4520,0.223333327881
4521,0.213437494789
4522,0.218958327988
4523,0.213333328125
4524,0.214583328094
4525,0.6881249832
4526,0.218072911343
4527,0.213802078114
4528,0.213281244793
4529,0.20942707822
4530,0.212812494804
4531,0.214114578106
4532,0.212135411488
4533,0.212604161476
4534,0.209687494881
4535,0.208020828255
4536,0.209062494896
4537,0.210520828194
4538,0.208020828255
4539,0.210260411533
4540,0.208281244915
4541,0.209010411564
4542,0.207916661591
4543,0.209010411564
4544,0.209062494896
4545,0.20942707822
4546,0.208385411579
4547,0.728645815544
4548,0.214374994766
4549,0.213593744785
4550,0.210468744862
4551,0.19729166185
4552,0.213229161461
4553,0.211145828178
4554,0.213072911465
4555,0.698645816277
4556,0.718802065784
4557,1.119739556
4558,1.19937497072
4559,1.21635413697
4560,1.16703122151
4561,2.57453118715
4562,1.15192705521
4563,0.431249989471
4564,0.336718741779
4565,0.332864575207
4566,0.335260408482
4567,0.328749991974
4568,0.331822908566
4569,0.326041658707
4570,0.332968741871
4571,0.32916665863
4572,0.327916658661
4573,0.324322908749
4574,0.327968741993
4575,1.40677079899
4576,0.330885408588
4577,0.329583325287
4578,0.325989575375
4579,0.996406225674
4580,0.339218741718
4581,0.329635408619
4582,0.319114575542
4583,0.321302075489
4584,0.323177075443
4585,0.319270825539
4586,0.318854158882
4587,0.318958325546
4588,0.32208332547
4589,0.323229158775
4590,0.323333325439
4591,0.319739575527
4592,0.322447908794
4593,0.327291658676
4594,0.325937492043
4595,0.318906242214
4596,0.322760408787
4597,0.319531242199
4598,0.315885408955
4599,0.912083311066
4600,0.971927059605
4601,0.903072894619
4602,1.03791664133
4603,1.11546872277
4604,1.10635413966
4605,1.06328122404
4606,2.34791660934
4607,1.06380205736
4608,1.07911455699
4609,1.08187497359
4610,1.08182289025
4611,1.04765622442
4612,1.06536455732
4613,2.38619785841
4614,1.09302080665
4615,1.07703122371
4616,1.10140622311
4617,1.45916663104
4618,1.47515621399
4619,1.45661454777
4620,0.363802074451
4621,0.353802074696
4622,0.355104157997
4623,0.351354158089
4624,0.352604158058
4625,0.35744790794
4626,0.356927074619
4627,0.359583324554
4628,0.355208324661
4629,0.359583324554
4630,0.36072915786
4631,0.366874991043
4632,0.357864574596
4633,0.368854157661
4634,1.13255205568
4635,0.368072907681
4636,0.368124991013
4637,0.366145824394
4638,0.364843741093
4639,0.372760407566
4640,0.361718741169
4641,0.368177074345
4642,0.371406240932
4643,0.369531240978
4644,0.368124991013
4645,0.375104157509
4646,0.376354157478
4647,0.376822907467
4648,0.373489574215
4649,4.47057280752
4650,1.8078645392
4651,1.50692704654
4652,1.47541663065
4653,1.47479163066
4654,4.1696873982
4655,1.5617707952
4656,1.76104162367
4657,1.72760412449
4658,0.368697907665
4659,0.377968740772
4660,0.382395823997
4661,0.380364574047
4662,0.376874990799
4663,0.37588540749
4664,0.379010407413
4665,0.375520824165
4666,0.378854157417
4667,0.383124990646
4668,0.378385407429
4669,0.386093740574
4670,0.382395823997
4671,0.386145823906
4672,0.381718740681
4673,0.374322907528
4674,0.38270832399
4675,0.388489573849
4676,0.39156249044
4677,0.401302073536
4678,0.397395823631
4679,1.03677080802
4680,0.397083323639
4681,0.400677073551
4682,0.393437490395
4683,0.3945833237
4684,0.392656240414
4685,0.387864573864
4686,0.38979165715
4687,0.390312490471
4688,0.746249981781
4689,0.397447906963
4690,0.393906240383
4691,0.887604144997
4692,1.77385412336
4693,0.398593740269
4694,0.395364573681
4695,0.398333323608
4696,0.392343740421
4697,0.391510407108
4698,0.36906249099
4699,0.380677074039
4700,0.3809374907
4701,0.395781240337
4702,0.383906240627
4703,0.360520824532
4704,0.358281241253
4705,0.373177074223
4706,0.36578124107
4707,0.374166657532
4708,0.356562491295
4709,0.355989574642
4710,0.353593741367
4711,0.3577083246
4712,0.352604158058
4713,0.349062491478
4714,0.350989574764
4715,0.367447907696
4716,0.356927074619
4717,0.358541657913
4718,0.351614574749
4719,1.06864580724
4720,0.343333324951
4721,0.342239574978
4722,0.347135408192
4723,0.344843741581
4724,0.344374991592
4725,0.343958324936
4726,0.341979158318
4727,0.339895825035
4728,0.338229158409
4729,0.345989574886
4730,0.333802075184
4731,0.335677075138
4732,0.334166658508
4733,0.332239575222
4734,0.335624991806
4735,0.334114575176
4736,0.331718741901
4737,0.324895825401
4738,0.332552075214
4739,0.346874991531
4740,0.327760408665
4741,0.449791655685
4742,0.986666642578
4743,1.1439583054
4744,1.19828122075
4745,1.13255205568
4746,1.17114580474
4747,2.51171868868
4748,1.13213538903
4749,0.310312492424
4750,0.310729159081
4751,0.305104159218
4752,0.307760409153
4753,0.308020825813
4754,0.311770825722
4755,0.312395825706
4756,0.311145825737
4757,0.304010409245
4758,0.208281244915
4759,0.176197912365
4760,0.84119789613
4761,0.300208326004
4762,0.297552076069
4763,0.296458326096
4764,0.300208326004
4765,0.296770826088
4766,0.3099479091
4767,0.294166659485
4768,0.291927076206
4769,0.291927076206
4770,0.292499992859
4771,0.295729159447
4772,0.292656242855
4773,0.295624992783
4774,0.29708332608
4775,0.295468742786
4776,0.296249992767
4777,0.296145826103
4778,0.290885409565
4779,0.295833326111
4780,0.294010409489
4781,1.17848955456
4782,0.295989576107
4783,0.950364560131
4784,1.94374995255
4785,0.897916644745
4786,0.908281227825
4787,0.888854144966
4788,0.927187477364
4789,0.953854143379
4790,0.998749975616
4791,1.08619789015
4792,1.05718747419
4793,1.17593747129
4794,1.15588538845
4795,1.15916663837
4796,1.21562497032
4797,1.22697913671
4798,0.35593749131
4799,0.337343741764
4800,0.338854158394
4801,0.335624991806
4802,0.332135408558
4803,0.338593741734
4804,0.33218749189
4805,0.335572908474
4806,0.334166658508
4807,0.337187491768
4808,0.332812491875
4809,0.332864575207
4810,0.332604158546
4811,0.323541658768
4812,0.330520825264
4813,0.32588540871
4814,2.06755203286
4815,1.09354163997
4816,1.15614580511
4817,1.14442705539
4818,1.12723955581
4819,1.18135413783
4820,1.11572913943
4821,2.68666660107
4822,1.01453122523
4823,0.991041642471
4824,0.326406242031
4825,0.318593742222
4826,0.322604158791
4827,0.320260408848
4828,0.318385408894
4829,0.326822908688
4830,0.328697908642
4831,0.334114575176
4832,0.325781242046
4833,0.325468742054
4834,0.334843741825
4835,0.322187492134
4836,0.314270825661
4837,0.314791658981
4838,0.312968742359
4839,0.322708325455
4840,0.320729158836
4841,0.317604158913
4842,0.314218742329
4843,0.316041658951
4844,0.319739575527
4845,0.318385408894
4846,0.321458325485
4847,0.317083325592
4848,0.314635408985
4849,0.328281241985
4850,0.318645825554
4851,0.32739582534
4852,0.940416643707
4853,0.611614568401
4854,1.00994789201
4855,0.983645809319
4856,1.0211458084
4857,1.05453122425
4858,0.344583324921
4859,0.348541658157
4860,0.360885407856
4861,0.349010408146
4862,0.344531241589
4863,1.69921870852
4864,0.357031241283
4865,0.35442707468
4866,0.359166657898
4867,0.355572907986
4868,0.357499991272
4869,0.35541665799
4870,1.13124997238
4871,0.362291657822
4872,0.359374991226
4873,0.360781241192
4874,0.366979157707
4875,0.364687491096
4876,0.369635407642
4877,0.366510407719
4878,0.371979157585
4879,0.364479157768
4880,8.62640603939
4881,0.368124991013
4882,0.374166657532
4883,0.384114573956
4884,0.37437499086
4885,0.377447907452
4886,2.18432286334
4887,0.371979157585
4888,0.367447907696
4889,0.37437499086
4890,0.379114574078
4891,0.374218740864
4892,0.382239574001
4893,0.373697907543
4894,0.368593741001
4895,0.367135407703
4896,0.356354157967
4897,0.359895824547
4898,0.356927074619
4899,0.36958332431
4900,0.395989573666
4901,0.380729157372
4902,0.363020824471
4903,1.1658853882
4904,0.355364574657
4905,0.353749991364
4906,0.346718741535
4907,0.341979158318
4908,1.01624997519
4909,1.26911455235
4910,1.29119788514
4911,1.23291663657
4912,0.361666657837
4913,1.03567705805
4914,0.363645824455
4915,0.36249999115
4916,0.36401040778
4917,0.363177074467
4918,0.362031241161
4919,1.65557287625
4920,0.37614582415
4921,0.358802074574
4922,0.354531241344
4923,0.362083324493
4924,0.359687491219
4925,0.35114582476
4926,0.347656241512
4927,0.345104158241
4928,0.351458324753
4929,0.352291658066
4930,0.3440624916
4931,0.33927082505
4932,0.340677075016
4933,0.335260408482
4934,0.348333324829
4935,0.336197908459
