frame,wall_ms,frame_wait_ms,scene_advance_ms,view_build_ms,render_submit_ms,gpu_valid,gpu_serial,gpu_ms,process_valid,process_cpu_ms,working_set_bytes,private_bytes,vma_valid,vma_allocation_bytes,vma_peak_allocation_bytes,vma_heap_usage_bytes,vma_heap_budget_bytes,raw_instances,visible_instances,culled_instances,lights,depth_draw_calls,shadow_draw_calls,base_draw_calls,lighting_draw_calls,tone_map_draw_calls,legacy_draw_calls,presenter_draw_calls,draw_calls,total_draw_calls,all_draw_calls,dispatch_count,shadow_faces,shadow_cache_hits,shadow_misses,shadow_batches,asset_upload_bytes,dynamic_lighting_upload_bytes,gather_ms,plan_ms,upload_frame_ms
0,3.917,2.069,0,0.077,0.044,0,0,,1,15.625,233549824,289001472,1,71217344,71217344,167755776,38823561584,1004,1004,0,2,3,0,3,3,1,0,1,9,10,11,1,0,2,0,1,0,133472,0.393,0.949,0.018
1,3.968,2.251,0,0.098,0.036,0,0,,0,,,,0,,,,,1004,1004,0,2,3,0,3,3,1,0,1,9,10,11,1,0,2,0,1,0,133472,0.369,0.862,0.011
2,8.207,6.631,0,0.079,0.049,0,0,,0,,,,0,,,,,1004,1004,0,2,3,0,3,3,1,0,1,9,10,11,1,0,2,0,1,0,133472,0.315,0.799,0.012
3,4.881,2.728,0,0.078,0.052,0,0,,0,,,,0,,,,,1004,1004,0,2,3,0,3,3,1,0,1,9,10,11,1,0,2,0,1,0,133472,0.455,1.159,0.02
4,3.761,1.925,0.001,0.077,0.035,0,0,,0,,,,0,,,,,1004,1004,0,2,3,0,3,3,1,0,1,9,10,11,1,0,2,0,1,0,133472,0.358,0.989,0.012
5,2.806,1.038,0,0.09,0.064,0,0,,0,,,,0,,,,,1004,1004,0,2,3,0,3,3,1,0,1,9,10,11,1,0,2,0,1,0,133472,0.366,0.885,0.01
6,3.493,1.773,0,0.141,0.036,0,0,,0,,,,0,,,,,1004,1004,0,2,3,0,3,3,1,0,1,9,10,11,1,0,2,0,1,0,133472,0.369,0.835,0.009
7,2.905,1.297,0,0.066,0.03,0,0,,0,,,,0,,,,,1004,1004,0,2,3,0,3,3,1,0,1,9,10,11,1,0,2,0,1,0,133472,0.32,0.905,0.009
8,4.041,2.075,0,0.083,0.038,0,0,,0,,,,0,,,,,1004,1004,0,2,3,0,3,3,1,0,1,9,10,11,1,0,2,0,1,0,133472,0.397,0.983,0.012
9,3.752,1.65,0.001,0.071,0.048,0,0,,0,,,,0,,,,,1004,1004,0,2,3,0,3,3,1,0,1,9,10,11,1,0,2,0,1,0,133472,0.369,1.114,0.015
10,2.797,0.884,0,0.123,0.05,0,0,,0,,,,0,,,,,1004,1004,0,2,3,0,3,3,1,0,1,9,10,11,1,0,2,0,1,0,133472,0.387,0.967,0.013
11,3.558,1.602,0,0.118,0.056,0,0,,0,,,,0,,,,,1004,1004,0,2,3,0,3,3,1,0,1,9,10,11,1,0,2,0,1,0,133472,0.395,1.006,0.014
12,2.629,0.639,0.001,0.06,0.055,0,0,,0,,,,0,,,,,1004,1004,0,2,3,0,3,3,1,0,1,9,10,11,1,0,2,0,1,0,133472,0.413,1.088,0.015
13,2.642,0.566,0,0.063,0.04,0,0,,0,,,,0,,,,,1004,1004,0,2,3,0,3,3,1,0,1,9,10,11,1,0,2,0,1,0,133472,0.475,1.143,0.016
14,9.824,7.968,0,0.063,0.147,0,0,,0,,,,0,,,,,1004,1004,0,2,3,0,3,3,1,0,1,9,10,11,1,0,2,0,1,0,133472,0.38,0.898,0.013
15,4.182,2.199,0.001,0.078,0.05,0,0,,0,,,,0,,,,,1004,1004,0,2,3,0,3,3,1,0,1,9,10,11,1,0,2,0,1,0,133472,0.334,1.128,0.02
16,2.611,0.69,0,0.108,0.041,0,0,,0,,,,0,,,,,1004,1004,0,2,3,0,3,3,1,0,1,9,10,11,1,0,2,0,1,0,133472,0.397,0.976,0.013
17,2.89,0.943,0.001,0.087,0.041,0,0,,0,,,,0,,,,,1004,1004,0,2,3,0,3,3,1,0,1,9,10,11,1,0,2,0,1,0,133472,0.42,1.002,0.011
18,4.044,2.204,0,0.076,0.042,0,0,,0,,,,0,,,,,1004,1004,0,2,3,0,3,3,1,0,1,9,10,11,1,0,2,0,1,0,133472,0.357,0.979,0.022
19,2.375,0.837,0,0.078,0.027,0,0,,0,,,,0,,,,,1004,1004,0,2,3,0,3,3,1,0,1,9,10,11,1,0,2,0,1,0,133472,0.332,0.774,0.009
20,2.817,1.176,0,0.075,0.038,0,0,,0,,,,0,,,,,1004,1004,0,2,3,0,3,3,1,0,1,9,10,11,1,0,2,0,1,0,133472,0.33,0.868,0.008
21,2.837,1.023,0,0.06,0.049,0,0,,0,,,,0,,,,,1004,1004,0,2,3,0,3,3,1,0,1,9,10,11,1,0,2,0,1,0,133472,0.383,0.987,0.011
22,3.323,1.09,0.001,0.144,0.042,0,0,,0,,,,0,,,,,1004,1004,0,2,3,0,3,3,1,0,1,9,10,11,1,0,2,0,1,0,133472,0.414,1.211,0.015
23,3.355,1.4,0,0.09,0.04,0,0,,0,,,,0,,,,,1004,1004,0,2,3,0,3,3,1,0,1,9,10,11,1,0,2,0,1,0,133472,0.427,0.995,0.01
24,2.77,1.105,0,0.069,0.029,0,0,,0,,,,0,,,,,1004,1004,0,2,3,0,3,3,1,0,1,9,10,11,1,0,2,0,1,0,133472,0.374,0.897,0.009
25,3.209,1.614,0.001,0.051,0.037,0,0,,0,,,,0,,,,,1004,1004,0,2,3,0,3,3,1,0,1,9,10,11,1,0,2,0,1,0,133472,0.333,0.923,0.013
26,7.381,5.322,0,0.11,0.051,0,0,,0,,,,0,,,,,1004,1004,0,2,3,0,3,3,1,0,1,9,10,11,1,0,2,0,1,0,133472,0.418,1.012,0.015
27,13.853,11.596,0.001,0.08,0.064,0,0,,0,,,,0,,,,,1004,1004,0,2,3,0,3,3,1,0,1,9,10,11,1,0,2,0,1,0,133472,0.487,1.18,0.017
28,2.715,0.486,0.001,0.097,0.051,0,0,,0,,,,0,,,,,1004,1004,0,2,3,0,3,3,1,0,1,9,10,11,1,0,2,0,1,0,133472,0.475,1.238,0.014
29,4.088,2.024,0,0.136,0.049,0,0,,0,,,,0,,,,,1004,1004,0,2,3,0,3,3,1,0,1,9,10,11,1,0,2,0,1,0,133472,0.41,1.021,0.013
30,2.883,0.856,0,0.086,0.042,0,0,,1,109.375,233566208,289001472,1,71217344,71217344,167755776,38823561584,1004,1004,0,2,3,0,3,3,1,0,1,9,10,11,1,0,2,0,1,0,133472,0.422,1.066,0.013
31,2.739,0.972,0,0.091,0.034,0,0,,0,,,,0,,,,,1004,1004,0,2,3,0,3,3,1,0,1,9,10,11,1,0,2,0,1,0,133472,0.366,0.944,0.009
32,3.179,1.242,0,0.075,0.034,0,0,,0,,,,0,,,,,1004,1004,0,2,3,0,3,3,1,0,1,9,10,11,1,0,2,0,1,0,133472,0.408,1.063,0.014
33,2.331,0.45,0,0.082,0.028,0,0,,0,,,,0,,,,,1004,1004,0,2,3,0,3,3,1,0,1,9,10,11,1,0,2,0,1,0,133472,0.419,0.988,0.01
34,2.862,0.803,0.001,0.151,0.048,0,0,,0,,,,0,,,,,1004,1004,0,2,3,0,3,3,1,0,1,9,10,11,1,0,2,0,1,0,133472,0.432,1.04,0.013
35,2.792,0.934,0,0.144,0.032,0,0,,0,,,,0,,,,,1004,1004,0,2,3,0,3,3,1,0,1,9,10,11,1,0,2,0,1,0,133472,0.395,0.944,0.01
36,2.81,1.02,0,0.082,0.028,0,0,,0,,,,0,,,,,1004,1004,0,2,3,0,3,3,1,0,1,9,10,11,1,0,2,0,1,0,133472,0.397,0.953,0.01
37,2.913,1.145,0,0.068,0.037,0,0,,0,,,,0,,,,,1004,1004,0,2,3,0,3,3,1,0,1,9,10,11,1,0,2,0,1,0,133472,0.362,1.019,0.013
38,12.39,10.45,0,0.094,0.047,0,0,,0,,,,0,,,,,1004,1004,0,2,3,0,3,3,1,0,1,9,10,11,1,0,2,0,1,0,133472,0.401,0.964,0.014
39,6.796,4.633,0.001,0.131,0.058,0,0,,0,,,,0,,,,,1004,1004,0,2,3,0,3,3,1,0,1,9,10,11,1,0,2,0,1,0,133472,0.524,1.019,0.017
40,3.615,1.61,0,0.109,0.056,0,0,,0,,,,0,,,,,1004,1004,0,2,3,0,3,3,1,0,1,9,10,11,1,0,2,0,1,0,133472,0.409,1.07,0.018
41,3.054,1.164,0.001,0.131,0.042,0,0,,0,,,,0,,,,,1004,1004,0,2,3,0,3,3,1,0,1,9,10,11,1,0,2,0,1,0,133472,0.389,0.936,0.011
42,2.709,0.757,0,0.125,0.05,0,0,,0,,,,0,,,,,1004,1004,0,2,3,0,3,3,1,0,1,9,10,11,1,0,2,0,1,0,133472,0.411,1.011,0.01
43,5.467,3.559,0,0.094,0.096,0,0,,0,,,,0,,,,,1004,1004,0,2,3,0,3,3,1,0,1,9,10,11,1,0,2,0,1,0,133472,0.375,0.895,0.012
44,10.089,8.133,0.001,0.088,0.055,0,0,,0,,,,0,,,,,1004,1004,0,2,3,0,3,3,1,0,1,9,10,11,1,0,2,0,1,0,133472,0.373,0.945,0.013
45,2.292,0.646,0,0.077,0.035,0,0,,0,,,,0,,,,,1004,1004,0,2,3,0,3,3,1,0,1,9,10,11,1,0,2,0,1,0,133472,0.331,0.9,0.008
46,3.561,1.836,0,0.088,0.035,0,0,,0,,,,0,,,,,1004,1004,0,2,3,0,3,3,1,0,1,9,10,11,1,0,2,0,1,0,133472,0.37,0.86,0.007
47,2.87,0.827,0,0.056,0.053,0,0,,0,,,,0,,,,,1004,1004,0,2,3,0,3,3,1,0,1,9,10,11,1,0,2,0,1,0,133472,0.438,1.118,0.016
48,2.204,0.393,0,0.06,0.038,0,0,,0,,,,0,,,,,1004,1004,0,2,3,0,3,3,1,0,1,9,10,11,1,0,2,0,1,0,133472,0.398,0.959,0.011
49,2.619,0.761,0,0.083,0.035,0,0,,0,,,,0,,,,,1004,1004,0,2,3,0,3,3,1,0,1,9,10,11,1,0,2,0,1,0,133472,0.388,0.941,0.009
50,3.551,1.727,0,0.086,0.037,0,0,,0,,,,0,,,,,1004,1004,0,2,3,0,3,3,1,0,1,9,10,11,1,0,2,0,1,0,133472,0.403,0.927,0.009
51,2.116,0.463,0,0.09,0.029,0,0,,0,,,,0,,,,,1004,1004,0,2,3,0,3,3,1,0,1,9,10,11,1,0,2,0,1,0,133472,0.378,0.867,0.007
52,2.553,0.67,0,0.108,0.05,0,0,,0,,,,0,,,,,1004,1004,0,2,3,0,3,3,1,0,1,9,10,11,1,0,2,0,1,0,133472,0.373,0.916,0.009
53,2.392,0.435,0.001,0.063,0.046,0,0,,0,,,,0,,,,,1004,1004,0,2,3,0,3,3,1,0,1,9,10,11,1,0,2,0,1,0,133472,0.373,1.124,0.016
54,8.302,6.366,0.001,0.08,0.057,0,0,,0,,,,0,,,,,1004,1004,0,2,3,0,3,3,1,0,1,9,10,11,1,0,2,0,1,0,133472,0.336,0.996,0.015
55,7.048,5.306,0.001,0.083,0.038,0,0,,0,,,,0,,,,,1004,1004,0,2,3,0,3,3,1,0,1,9,10,11,1,0,2,0,1,0,133472,0.376,0.879,0.01
56,2.859,0.784,0,0.099,0.052,0,0,,0,,,,0,,,,,1004,1004,0,2,3,0,3,3,1,0,1,9,10,11,1,0,2,0,1,0,133472,0.377,1.091,0.015
57,3.904,2.117,0,0.072,0.045,0,0,,0,,,,0,,,,,1004,1004,0,2,3,0,3,3,1,0,1,9,10,11,1,0,2,0,1,0,133472,0.37,0.891,0.011
58,2.666,1.039,0,0.066,0.083,0,0,,0,,,,0,,,,,1004,1004,0,2,3,0,3,3,1,0,1,9,10,11,1,0,2,0,1,0,133472,0.342,0.843,0.007
59,3.863,2.164,0,0.091,0.049,0,0,,0,,,,0,,,,,1004,1004,0,2,3,0,3,3,1,0,1,9,10,11,1,0,2,0,1,0,133472,0.329,0.921,0.011
60,2.709,0.745,0,0.125,0.037,0,0,,1,156.25,233570304,289001472,1,71217344,71217344,167755776,38823561584,1004,1004,0,2,3,0,3,3,1,0,1,9,10,11,1,0,2,0,1,0,133472,0.468,0.914,0.01
61,2.49,0.439,0,0.066,0.061,0,0,,0,,,,0,,,,,1004,1004,0,2,3,0,3,3,1,0,1,9,10,11,1,0,2,0,1,0,133472,0.518,0.991,0.014
62,2.415,0.452,0,0.085,0.039,0,0,,0,,,,0,,,,,1004,1004,0,2,3,0,3,3,1,0,1,9,10,11,1,0,2,0,1,0,133472,0.457,1.035,0.013
63,2.563,0.744,0.001,0.055,0.042,0,0,,0,,,,0,,,,,1004,1004,0,2,3,0,3,3,1,0,1,9,10,11,1,0,2,0,1,0,133472,0.378,0.905,0.019
64,4.254,2.327,0.001,0.076,0.035,0,0,,0,,,,0,,,,,1004,1004,0,2,3,0,3,3,1,0,1,9,10,11,1,0,2,0,1,0,133472,0.583,0.86,0.01
65,7.766,5.417,0.001,0.088,0.055,0,0,,0,,,,0,,,,,1004,1004,0,2,3,0,3,3,1,0,1,9,10,11,1,0,2,0,1,0,133472,0.464,1.296,0.021
66,2.754,0.739,0,0.058,0.043,0,0,,0,,,,0,,,,,1004,1004,0,2,3,0,3,3,1,0,1,9,10,11,1,0,2,0,1,0,133472,0.437,1.08,0.014
67,2.936,1.125,0.001,0.07,0.036,0,0,,0,,,,0,,,,,1004,1004,0,2,3,0,3,3,1,0,1,9,10,11,1,0,2,0,1,0,133472,0.397,0.982,0.009
68,2.147,0.534,0.001,0.064,0.03,0,0,,0,,,,0,,,,,1004,1004,0,2,3,0,3,3,1,0,1,9,10,11,1,0,2,0,1,0,133472,0.359,0.868,0.008
69,3.456,1.806,0,0.063,0.027,0,0,,0,,,,0,,,,,1004,1004,0,2,3,0,3,3,1,0,1,9,10,11,1,0,2,0,1,0,133472,0.382,0.896,0.007
70,2.328,0.807,0,0.063,0.028,0,0,,0,,,,0,,,,,1004,1004,0,2,3,0,3,3,1,0,1,9,10,11,1,0,2,0,1,0,133472,0.328,0.847,0.006
71,2.947,1.007,0.001,0.121,0.049,0,0,,0,,,,0,,,,,1004,1004,0,2,3,0,3,3,1,0,1,9,10,11,1,0,2,0,1,0,133472,0.358,1.022,0.011
72,2.444,0.529,0,0.109,0.028,0,0,,0,,,,0,,,,,1004,1004,0,2,3,0,3,3,1,0,1,9,10,11,1,0,2,0,1,0,133472,0.388,1.047,0.014
73,2.533,0.775,0,0.096,0.065,0,0,,0,,,,0,,,,,1004,1004,0,2,3,0,3,3,1,0,1,9,10,11,1,0,2,0,1,0,133472,0.393,0.882,0.01
74,4,2.132,0,0.057,0.042,0,0,,0,,,,0,,,,,1004,1004,0,2,3,0,3,3,1,0,1,9,10,11,1,0,2,0,1,0,133472,0.391,0.996,0.012
75,2.566,0.688,0,0.101,0.036,0,0,,0,,,,0,,,,,1004,1004,0,2,3,0,3,3,1,0,1,9,10,11,1,0,2,0,1,0,133472,0.385,0.916,0.009
76,2.596,0.69,0,0.133,0.039,0,0,,0,,,,0,,,,,1004,1004,0,2,3,0,3,3,1,0,1,9,10,11,1,0,2,0,1,0,133472,0.411,0.971,0.009
77,6.799,4.802,0,0.063,0.051,0,0,,0,,,,0,,,,,1004,1004,0,2,3,0,3,3,1,0,1,9,10,11,1,0,2,0,1,0,133472,0.397,1.061,0.018
78,13.247,11.244,0,0.104,0.05,0,0,,0,,,,0,,,,,1004,1004,0,2,3,0,3,3,1,0,1,9,10,11,1,0,2,0,1,0,133472,0.38,1.002,0.016
79,9.423,7.701,0.001,0.083,0.046,0,0,,0,,,,0,,,,,1004,1004,0,2,3,0,3,3,1,0,1,9,10,11,1,0,2,0,1,0,133472,0.334,0.882,0.014
80,16.587,14.823,0.001,0.061,0.055,0,0,,0,,,,0,,,,,1004,1004,0,2,3,0,3,3,1,0,1,9,10,11,1,0,2,0,1,0,133472,0.368,0.898,0.014
81,5.875,3.821,0,0.11,0.039,0,0,,0,,,,0,,,,,1004,1004,0,2,3,0,3,3,1,0,1,9,10,11,1,0,2,0,1,0,133472,0.366,1.084,0.017
82,4.022,1.934,0.001,0.071,0.051,0,0,,0,,,,0,,,,,1004,1004,0,2,3,0,3,3,1,0,1,9,10,11,1,0,2,0,1,0,133472,0.468,1.057,0.016
83,3.001,1.143,0.001,0.149,0.035,0,0,,0,,,,0,,,,,1004,1004,0,2,3,0,3,3,1,0,1,9,10,11,1,0,2,0,1,0,133472,0.365,0.893,0.01
84,2.595,0.92,0.001,0.095,0.024,0,0,,0,,,,0,,,,,1004,1004,0,2,3,0,3,3,1,0,1,9,10,11,1,0,2,0,1,0,133472,0.317,0.86,0.009
85,3.123,1.462,0,0.055,0.04,0,0,,0,,,,0,,,,,1004,1004,0,2,3,0,3,3,1,0,1,9,10,11,1,0,2,0,1,0,133472,0.337,0.832,0.008
86,13.921,11.478,0,0.084,0.074,0,0,,0,,,,0,,,,,1004,1004,0,2,3,0,3,3,1,0,1,9,10,11,1,0,2,0,1,0,133472,0.537,1.284,0.018
87,3.376,1.582,0.001,0.071,0.03,0,0,,0,,,,0,,,,,1004,1004,0,2,3,0,3,3,1,0,1,9,10,11,1,0,2,0,1,0,133472,0.434,0.927,0.009
88,6.677,4.52,0,0.083,0.048,0,0,,0,,,,0,,,,,1004,1004,0,2,3,0,3,3,1,0,1,9,10,11,1,0,2,0,1,0,133472,0.494,1.025,0.018
89,3.128,1.013,0,0.067,0.043,0,0,,0,,,,0,,,,,1004,1004,0,2,3,0,3,3,1,0,1,9,10,11,1,0,2,0,1,0,133472,0.502,1.097,0.014
90,2.59,0.536,0,0.066,0.048,0,0,,1,234.375,233578496,289001472,1,71217344,71217344,167755776,38823561584,1004,1004,0,2,3,0,3,3,1,0,1,9,10,11,1,0,2,0,1,0,133472,0.442,1.121,0.013
91,3.484,1.621,0.001,0.085,0.038,0,0,,0,,,,0,,,,,1004,1004,0,2,3,0,3,3,1,0,1,9,10,11,1,0,2,0,1,0,133472,0.36,0.994,0.025
92,2.76,0.798,0.001,0.114,0.059,0,0,,0,,,,0,,,,,1004,1004,0,2,3,0,3,3,1,0,1,9,10,11,1,0,2,0,1,0,133472,0.424,0.995,0.016
93,9.706,7.84,0,0.085,0.056,0,0,,0,,,,0,,,,,1004,1004,0,2,3,0,3,3,1,0,1,9,10,11,1,0,2,0,1,0,133472,0.353,0.958,0.014
94,9.905,7.975,0,0.092,0.051,0,0,,0,,,,0,,,,,1004,1004,0,2,3,0,3,3,1,0,1,9,10,11,1,0,2,0,1,0,133472,0.39,1.003,0.014
95,12.04,10.101,0.001,0.103,0.056,0,0,,0,,,,0,,,,,1004,1004,0,2,3,0,3,3,1,0,1,9,10,11,1,0,2,0,1,0,133472,0.387,0.965,0.014
96,10.791,9.01,0.001,0.079,0.06,0,0,,0,,,,0,,,,,1004,1004,0,2,3,0,3,3,1,0,1,9,10,11,1,0,2,0,1,0,133472,0.361,0.902,0.012
97,3.292,1.486,0,0.088,0.024,0,0,,0,,,,0,,,,,1004,1004,0,2,3,0,3,3,1,0,1,9,10,11,1,0,2,0,1,0,133472,0.348,0.943,0.011
98,2.765,0.856,0,0.109,0.044,0,0,,0,,,,0,,,,,1004,1004,0,2,3,0,3,3,1,0,1,9,10,11,1,0,2,0,1,0,133472,0.397,0.971,0.01
99,3.819,1.752,0,0.1,0.041,0,0,,0,,,,0,,,,,1004,1004,0,2,3,0,3,3,1,0,1,9,10,11,1,0,2,0,1,0,133472,0.448,1.02,0.012
100,2.731,0.768,0,0.068,0.04,0,0,,0,,,,0,,,,,1004,1004,0,2,3,0,3,3,1,0,1,9,10,11,1,0,2,0,1,0,133472,0.437,1.049,0.013
101,3.737,1.956,0.001,0.061,0.062,0,0,,0,,,,0,,,,,1004,1004,0,2,3,0,3,3,1,0,1,9,10,11,1,0,2,0,1,0,133472,0.368,0.975,0.011
102,3.061,0.957,0,0.098,0.039,0,0,,0,,,,0,,,,,1004,1004,0,2,3,0,3,3,1,0,1,9,10,11,1,0,2,0,1,0,133472,0.42,1.151,0.016
103,9.008,7,0,0.099,0.054,0,0,,0,,,,0,,,,,1004,1004,0,2,3,0,3,3,1,0,1,9,10,11,1,0,2,0,1,0,133472,0.39,1.032,0.016
104,8.364,5.965,0,0.09,0.064,0,0,,0,,,,0,,,,,1004,1004,0,2,3,0,3,3,1,0,1,9,10,11,1,0,2,0,1,0,133472,0.474,1.278,0.018
105,3.45,1.566,0.001,0.074,0.048,0,0,,0,,,,0,,,,,1004,1004,0,2,3,0,3,3,1,0,1,9,10,11,1,0,2,0,1,0,133472,0.384,0.994,0.023
106,3.022,1.242,0,0.084,0.058,0,0,,0,,,,0,,,,,1004,1004,0,2,3,0,3,3,1,0,1,9,10,11,1,0,2,0,1,0,133472,0.36,0.871,0.011
107,3.424,1.453,0,0.095,0.047,0,0,,0,,,,0,,,,,1004,1004,0,2,3,0,3,3,1,0,1,9,10,11,1,0,2,0,1,0,133472,0.384,1.008,0.012
108,2.902,0.935,0,0.08,0.062,0,0,,0,,,,0,,,,,1004,1004,0,2,3,0,3,3,1,0,1,9,10,11,1,0,2,0,1,0,133472,0.389,1.087,0.016
109,3.785,1.854,0,0.063,0.048,0,0,,0,,,,0,,,,,1004,1004,0,2,3,0,3,3,1,0,1,9,10,11,1,0,2,0,1,0,133472,0.417,0.992,0.013
110,5.884,3.717,0,0.071,0.047,0,0,,0,,,,0,,,,,1004,1004,0,2,3,0,3,3,1,0,1,9,10,11,1,0,2,0,1,0,133472,0.431,1.257,0.022
111,11.196,9.497,0,0.105,0.046,0,0,,0,,,,0,,,,,1004,1004,0,2,3,0,3,3,1,0,1,9,10,11,1,0,2,0,1,0,133472,0.281,0.821,0.014
112,16.836,14.792,0,0.117,0.061,0,0,,0,,,,0,,,,,1004,1004,0,2,3,0,3,3,1,0,1,9,10,11,1,0,2,0,1,0,133472,0.421,0.965,0.013
113,6.277,4.314,0,0.14,0.056,0,0,,0,,,,0,,,,,1004,1004,0,2,3,0,3,3,1,0,1,9,10,11,1,0,2,0,1,0,133472,0.377,0.958,0.014
114,4.354,2.536,0.001,0.095,0.05,0,0,,0,,,,0,,,,,1004,1004,0,2,3,0,3,3,1,0,1,9,10,11,1,0,2,0,1,0,133472,0.39,0.852,0.012
115,3.027,1.144,0,0.078,0.041,0,0,,0,,,,0,,,,,1004,1004,0,2,3,0,3,3,1,0,1,9,10,11,1,0,2,0,1,0,133472,0.401,0.979,0.011
116,2.775,1.094,0,0.075,0.032,0,0,,0,,,,0,,,,,1004,1004,0,2,3,0,3,3,1,0,1,9,10,11,1,0,2,0,1,0,133472,0.358,0.895,0.008
117,4.36,2.525,0,0.07,0.032,0,0,,0,,,,0,,,,,1004,1004,0,2,3,0,3,3,1,0,1,9,10,11,1,0,2,0,1,0,133472,0.417,0.976,0.02
118,3.252,1.238,0,0.062,0.039,0,0,,0,,,,0,,,,,1004,1004,0,2,3,0,3,3,1,0,1,9,10,11,1,0,2,0,1,0,133472,0.386,1.128,0.011
119,3.63,1.447,0,0.107,0.047,0,0,,0,,,,0,,,,,1004,1004,0,2,3,0,3,3,1,0,1,9,10,11,1,0,2,0,1,0,133472,0.525,1.074,0.014
120,2.71,0.957,0.001,0.091,0.06,0,0,,1,281.25,233586688,289001472,1,71217344,71217344,167755776,38823561584,1004,1004,0,2,3,0,3,3,1,0,1,9,10,11,1,0,2,0,1,0,133472,0.366,0.933,0.012
121,3.109,1.311,0,0.064,0.042,0,0,,0,,,,0,,,,,1004,1004,0,2,3,0,3,3,1,0,1,9,10,11,1,0,2,0,1,0,133472,0.409,0.937,0.01
122,3.002,1.186,0,0.101,0.04,0,0,,0,,,,0,,,,,1004,1004,0,2,3,0,3,3,1,0,1,9,10,11,1,0,2,0,1,0,133472,0.369,0.937,0.013
123,8.533,6.503,0,0.101,0.054,0,0,,0,,,,0,,,,,1004,1004,0,2,3,0,3,3,1,0,1,9,10,11,1,0,2,0,1,0,133472,0.377,0.997,0.015
124,10.417,8.444,0.001,0.066,0.056,0,0,,0,,,,0,,,,,1004,1004,0,2,3,0,3,3,1,0,1,9,10,11,1,0,2,0,1,0,133472,0.416,1.042,0.016
125,2.723,0.684,0,0.073,0.051,0,0,,0,,,,0,,,,,1004,1004,0,2,3,0,3,3,1,0,1,9,10,11,1,0,2,0,1,0,133472,0.435,1.067,0.016
126,4.134,2.245,0,0.085,0.044,0,0,,0,,,,0,,,,,1004,1004,0,2,3,0,3,3,1,0,1,9,10,11,1,0,2,0,1,0,133472,0.366,1.018,0.011
127,2.971,0.982,0.001,0.089,0.039,0,0,,0,,,,0,,,,,1004,1004,0,2,3,0,3,3,1,0,1,9,10,11,1,0,2,0,1,0,133472,0.429,1.029,0.011
128,3.927,1.809,0,0.067,0.06,0,0,,0,,,,0,,,,,1004,1004,0,2,3,0,3,3,1,0,1,9,10,11,1,0,2,0,1,0,133472,0.434,1.145,0.016
129,16.02,13.975,0.001,0.091,0.056,0,0,,0,,,,0,,,,,1004,1004,0,2,3,0,3,3,1,0,1,9,10,11,1,0,2,0,1,0,133472,0.416,1.009,0.016
130,10.673,8.584,0.001,0.158,0.133,0,0,,0,,,,0,,,,,1004,1004,0,2,3,0,3,3,1,0,1,9,10,11,1,0,2,0,1,0,133472,0.375,1.015,0.015
131,3.952,2.229,0,0.071,0.047,0,0,,0,,,,0,,,,,1004,1004,0,2,3,0,3,3,1,0,1,9,10,11,1,0,2,0,1,0,133472,0.39,0.872,0.011
132,2.806,1.009,0,0.113,0.028,0,0,,0,,,,0,,,,,1004,1004,0,2,3,0,3,3,1,0,1,9,10,11,1,0,2,0,1,0,133472,0.367,0.931,0.009
133,2.994,0.892,0,0.108,0.05,0,0,,0,,,,0,,,,,1004,1004,0,2,3,0,3,3,1,0,1,9,10,11,1,0,2,0,1,0,133472,0.435,1.104,0.012
134,3.688,1.95,0.001,0.117,0.058,0,0,,0,,,,0,,,,,1004,1004,0,2,3,0,3,3,1,0,1,9,10,11,1,0,2,0,1,0,133472,0.328,0.866,0.01
135,2.725,0.947,0.001,0.2,0.028,0,0,,0,,,,0,,,,,1004,1004,0,2,3,0,3,3,1,0,1,9,10,11,1,0,2,0,1,0,133472,0.327,0.87,0.008
136,3.525,1.693,0,0.107,0.053,0,0,,0,,,,0,,,,,1004,1004,0,2,3,0,3,3,1,0,1,9,10,11,1,0,2,0,1,0,133472,0.368,0.926,0.01
137,3.008,1.163,0,0.094,0.048,0,0,,0,,,,0,,,,,1004,1004,0,2,3,0,3,3,1,0,1,9,10,11,1,0,2,0,1,0,133472,0.36,0.917,0.019
138,9.359,7.53,0.001,0.089,0.048,0,0,,0,,,,0,,,,,1004,1004,0,2,3,0,3,3,1,0,1,9,10,11,1,0,2,0,1,0,133472,0.374,0.933,0.014
139,3.827,2.107,0,0.102,0.032,0,0,,0,,,,0,,,,,1004,1004,0,2,3,0,3,3,1,0,1,9,10,11,1,0,2,0,1,0,133472,0.371,0.88,0.01
140,2.66,1.067,0.001,0.095,0.029,0,0,,0,,,,0,,,,,1004,1004,0,2,3,0,3,3,1,0,1,9,10,11,1,0,2,0,1,0,133472,0.314,0.81,0.007
141,3.157,1.315,0.001,0.091,0.046,0,0,,0,,,,0,,,,,1004,1004,0,2,3,0,3,3,1,0,1,9,10,11,1,0,2,0,1,0,133472,0.392,0.962,0.01
142,2.469,0.598,0,0.087,0.033,0,0,,0,,,,0,,,,,1004,1004,0,2,3,0,3,3,1,0,1,9,10,11,1,0,2,0,1,0,133472,0.354,0.992,0.012
143,3.048,1.404,0,0.096,0.034,0,0,,0,,,,0,,,,,1004,1004,0,2,3,0,3,3,1,0,1,9,10,11,1,0,2,0,1,0,133472,0.332,0.848,0.007
144,2.916,1.286,0,0.08,0.034,0,0,,0,,,,0,,,,,1004,1004,0,2,3,0,3,3,1,0,1,9,10,11,1,0,2,0,1,0,133472,0.352,0.867,0.008
145,2.407,0.822,0,0.07,0.026,0,0,,0,,,,0,,,,,1004,1004,0,2,3,0,3,3,1,0,1,9,10,11,1,0,2,0,1,0,133472,0.348,0.843,0.008
146,2.259,0.619,0,0.071,0.036,0,0,,0,,,,0,,,,,1004,1004,0,2,3,0,3,3,1,0,1,9,10,11,1,0,2,0,1,0,133472,0.328,0.904,0.01
147,3.255,1.241,0.001,0.088,0.047,0,0,,0,,,,0,,,,,1004,1004,0,2,3,0,3,3,1,0,1,9,10,11,1,0,2,0,1,0,133472,0.392,0.98,0.015
148,1.994,0.129,0,0.081,0.037,0,0,,0,,,,0,,,,,1004,1004,0,2,3,0,3,3,1,0,1,9,10,11,1,0,2,0,1,0,133472,0.408,0.934,0.024
149,5.881,4.224,0,0.069,0.04,0,0,,0,,,,0,,,,,1004,1004,0,2,3,0,3,3,1,0,1,9,10,11,1,0,2,0,1,0,133472,0.373,0.849,0.01
150,4.009,2.36,0,0.063,0.035,0,0,,1,296.875,233594880,289001472,1,71217344,71217344,167755776,38823561584,1004,1004,0,2,3,0,3,3,1,0,1,9,10,11,1,0,2,0,1,0,133472,0.355,0.866,0.01
151,2.517,0.915,0,0.064,0.029,0,0,,0,,,,0,,,,,1004,1004,0,2,3,0,3,3,1,0,1,9,10,11,1,0,2,0,1,0,133472,0.34,0.87,0.008
152,2.817,1.005,0,0.066,0.052,0,0,,0,,,,0,,,,,1004,1004,0,2,3,0,3,3,1,0,1,9,10,11,1,0,2,0,1,0,133472,0.394,0.924,0.011
153,2.61,0.828,0,0.069,0.031,0,0,,0,,,,0,,,,,1004,1004,0,2,3,0,3,3,1,0,1,9,10,11,1,0,2,0,1,0,133472,0.363,0.979,0.01
154,3.534,1.858,0,0.084,0.039,0,0,,0,,,,0,,,,,1004,1004,0,2,3,0,3,3,1,0,1,9,10,11,1,0,2,0,1,0,133472,0.357,0.821,0.009
155,2.537,0.762,0.001,0.073,0.054,0,0,,0,,,,0,,,,,1004,1004,0,2,3,0,3,3,1,0,1,9,10,11,1,0,2,0,1,0,133472,0.359,0.954,0.009
156,2.388,0.619,0,0.124,0.049,0,0,,0,,,,0,,,,,1004,1004,0,2,3,0,3,3,1,0,1,9,10,11,1,0,2,0,1,0,133472,0.373,0.898,0.009
157,5.983,4.148,0.001,0.059,0.052,0,0,,0,,,,0,,,,,1004,1004,0,2,3,0,3,3,1,0,1,9,10,11,1,0,2,0,1,0,133472,0.385,0.978,0.013
158,6.306,4.423,0.001,0.1,0.039,0,0,,0,,,,0,,,,,1004,1004,0,2,3,0,3,3,1,0,1,9,10,11,1,0,2,0,1,0,133472,0.341,0.958,0.022
159,3.299,1.584,0,0.108,0.028,0,0,,0,,,,0,,,,,1004,1004,0,2,3,0,3,3,1,0,1,9,10,11,1,0,2,0,1,0,133472,0.396,0.801,0.008
160,2.1,0.609,0,0.085,0.028,0,0,,0,,,,0,,,,,1004,1004,0,2,3,0,3,3,1,0,1,9,10,11,1,0,2,0,1,0,133472,0.305,0.806,0.007
161,2.788,0.808,0,0.084,0.051,0,0,,0,,,,0,,,,,1004,1004,0,2,3,0,3,3,1,0,1,9,10,11,1,0,2,0,1,0,133472,0.354,1.071,0.017
162,2.009,0.327,0.001,0.054,0.039,0,0,,0,,,,0,,,,,1004,1004,0,2,3,0,3,3,1,0,1,9,10,11,1,0,2,0,1,0,133472,0.342,0.925,0.012
163,2.426,0.785,0.001,0.121,0.039,0,0,,0,,,,0,,,,,1004,1004,0,2,3,0,3,3,1,0,1,9,10,11,1,0,2,0,1,0,133472,0.343,0.803,0.008
164,2.847,1.545,0.001,0.071,0.02,0,0,,0,,,,0,,,,,1004,1004,0,2,3,0,3,3,1,0,1,9,10,11,1,0,2,0,1,0,133472,0.272,0.677,0.004
165,2.193,0.902,0,0.07,0.022,0,0,,0,,,,0,,,,,1004,1004,0,2,3,0,3,3,1,0,1,9,10,11,1,0,2,0,1,0,133472,0.304,0.647,0.006
166,2.152,0.915,0,0.068,0.021,0,0,,0,,,,0,,,,,1004,1004,0,2,3,0,3,3,1,0,1,9,10,11,1,0,2,0,1,0,133472,0.254,0.63,0.004
167,2.259,0.931,0,0.088,0.024,0,0,,0,,,,0,,,,,1004,1004,0,2,3,0,3,3,1,0,1,9,10,11,1,0,2,0,1,0,133472,0.312,0.643,0.005
168,1.546,0.048,0.001,0.087,0.038,0,0,,0,,,,0,,,,,1004,1004,0,2,3,0,3,3,1,0,1,9,10,11,1,0,2,0,1,0,133472,0.325,0.74,0.005
169,2.036,0,0,0.044,0.037,0,0,,0,,,,0,,,,,1004,1004,0,2,3,0,3,3,1,0,1,9,10,11,1,0,2,0,1,0,133472,0.406,1.241,0.012
170,1.817,0.001,0,0.069,0.024,0,0,,0,,,,0,,,,,1004,1004,0,2,3,0,3,3,1,0,1,9,10,11,1,0,2,0,1,0,133472,0.384,1.038,0.01
171,1.573,0.001,0,0.042,0.028,0,0,,0,,,,0,,,,,1004,1004,0,2,3,0,3,3,1,0,1,9,10,11,1,0,2,0,1,0,133472,0.344,0.934,0.008
172,1.339,0,0,0.042,0.018,0,0,,0,,,,0,,,,,1004,1004,0,2,3,0,3,3,1,0,1,9,10,11,1,0,2,0,1,0,133472,0.326,0.759,0.004
173,2.019,0,0,0.03,0.04,0,0,,0,,,,0,,,,,1004,1004,0,2,3,0,3,3,1,0,1,9,10,11,1,0,2,0,1,0,133472,0.573,0.996,0.011
174,1.846,0.001,0,0.048,0.029,0,0,,0,,,,0,,,,,1004,1004,0,2,3,0,3,3,1,0,1,9,10,11,1,0,2,0,1,0,133472,0.359,1.139,0.011
175,1.667,0.001,0,0.049,0.031,0,0,,0,,,,0,,,,,1004,1004,0,2,3,0,3,3,1,0,1,9,10,11,1,0,2,0,1,0,133472,0.391,0.947,0.01
176,1.514,0,0,0.051,0.022,0,0,,0,,,,0,,,,,1004,1004,0,2,3,0,3,3,1,0,1,9,10,11,1,0,2,0,1,0,133472,0.356,0.855,0.008
177,1.429,0.001,0,0.044,0.027,0,0,,0,,,,0,,,,,1004,1004,0,2,3,0,3,3,1,0,1,9,10,11,1,0,2,0,1,0,133472,0.331,0.819,0.006
178,2.055,0,0.001,0.041,0.053,0,0,,0,,,,0,,,,,1004,1004,0,2,3,0,3,3,1,0,1,9,10,11,1,0,2,0,1,0,133472,0.315,1.312,0.042
179,2.535,0.001,0,0.153,0.04,0,0,,0,,,,0,,,,,1004,1004,0,2,3,0,3,3,1,0,1,9,10,11,1,0,2,0,1,0,133472,0.607,1.267,0.015
180,1.953,0.001,0,0.055,0.029,0,0,,1,343.75,233603072,289001472,1,71217344,71217344,167755776,38823561584,1004,1004,0,2,3,0,3,3,1,0,1,9,10,11,1,0,2,0,1,0,133472,0.489,1.103,0.01
181,1.636,0.001,0.001,0.04,0.026,0,0,,0,,,,0,,,,,1004,1004,0,2,3,0,3,3,1,0,1,9,10,11,1,0,2,0,1,0,133472,0.385,0.955,0.007
182,1.39,0.001,0,0.038,0.021,0,0,,0,,,,0,,,,,1004,1004,0,2,3,0,3,3,1,0,1,9,10,11,1,0,2,0,1,0,133472,0.336,0.808,0.005
183,1.496,0.001,0,0.03,0.023,0,0,,0,,,,0,,,,,1004,1004,0,2,3,0,3,3,1,0,1,9,10,11,1,0,2,0,1,0,133472,0.296,0.968,0.007
184,1.588,0,0,0.04,0.021,0,0,,0,,,,0,,,,,1004,1004,0,2,3,0,3,3,1,0,1,9,10,11,1,0,2,0,1,0,133472,0.369,0.94,0.005
185,1.238,0,0,0.039,0.021,0,0,,0,,,,0,,,,,1004,1004,0,2,3,0,3,3,1,0,1,9,10,11,1,0,2,0,1,0,133472,0.277,0.718,0.004
186,2.657,1.2,0,0.149,0.04,0,0,,0,,,,0,,,,,1004,1004,0,2,3,0,3,3,1,0,1,9,10,11,1,0,2,0,1,0,133472,0.328,0.623,0.01
187,2.841,1.188,0,0.042,0.04,0,0,,0,,,,0,,,,,1004,1004,0,2,3,0,3,3,1,0,1,9,10,11,1,0,2,0,1,0,133472,0.381,0.926,0.011
188,2.789,1.138,0,0.086,0.028,0,0,,0,,,,0,,,,,1004,1004,0,2,3,0,3,3,1,0,1,9,10,11,1,0,2,0,1,0,133472,0.38,0.861,0.01
189,2.845,1.324,0,0.113,0.047,0,0,,0,,,,0,,,,,1004,1004,0,2,3,0,3,3,1,0,1,9,10,11,1,0,2,0,1,0,133472,0.308,0.686,0.008
190,3.978,2.387,0.001,0.084,0.028,0,0,,0,,,,0,,,,,1004,1004,0,2,3,0,3,3,1,0,1,9,10,11,1,0,2,0,1,0,133472,0.349,0.754,0.007
191,2.523,1.158,0,0.115,0.024,0,0,,0,,,,0,,,,,1004,1004,0,2,3,0,3,3,1,0,1,9,10,11,1,0,2,0,1,0,133472,0.318,0.632,0.006
192,1.351,0,0,0.028,0.028,0,0,,0,,,,0,,,,,1004,1004,0,2,3,0,3,3,1,0,1,9,10,11,1,0,2,0,1,0,133472,0.264,0.822,0.008
193,1.313,0.001,0,0.038,0.018,0,0,,0,,,,0,,,,,1004,1004,0,2,3,0,3,3,1,0,1,9,10,11,1,0,2,0,1,0,133472,0.335,0.736,0.004
194,1.969,0,0,0.03,0.053,0,0,,0,,,,0,,,,,1004,1004,0,2,3,0,3,3,1,0,1,9,10,11,1,0,2,0,1,0,133472,0.344,1.146,0.024
195,2.195,0.001,0.001,0.082,0.054,0,0,,0,,,,0,,,,,1004,1004,0,2,3,0,3,3,1,0,1,9,10,11,1,0,2,0,1,0,133472,0.423,1.108,0.139
196,1.801,0,0.001,0.07,0.054,0,0,,0,,,,0,,,,,1004,1004,0,2,3,0,3,3,1,0,1,9,10,11,1,0,2,0,1,0,133472,0.375,1.034,0.01
197,1.9,0.002,0,0.126,0.041,0,0,,0,,,,0,,,,,1004,1004,0,2,3,0,3,3,1,0,1,9,10,11,1,0,2,0,1,0,133472,0.418,0.94,0.01
198,1.462,0.001,0,0.04,0.026,0,0,,0,,,,0,,,,,1004,1004,0,2,3,0,3,3,1,0,1,9,10,11,1,0,2,0,1,0,133472,0.372,0.811,0.007
199,1.6,0,0,0.04,0.027,0,0,,0,,,,0,,,,,1004,1004,0,2,3,0,3,3,1,0,1,9,10,11,1,0,2,0,1,0,133472,0.317,0.988,0.013
200,1.597,0,0,0.043,0.027,0,0,,0,,,,0,,,,,1004,1004,0,2,3,0,3,3,1,0,1,9,10,11,1,0,2,0,1,0,133472,0.369,0.922,0.011
201,1.651,0,0,0.048,0.025,0,0,,0,,,,0,,,,,1004,1004,0,2,3,0,3,3,1,0,1,9,10,11,1,0,2,0,1,0,133472,0.371,0.94,0.011
202,1.6,0,0,0.056,0.024,0,0,,0,,,,0,,,,,1004,1004,0,2,3,0,3,3,1,0,1,9,10,11,1,0,2,0,1,0,133472,0.359,0.929,0.009
203,1.742,0,0,0.041,0.043,0,0,,0,,,,0,,,,,1004,1004,0,2,3,0,3,3,1,0,1,9,10,11,1,0,2,0,1,0,133472,0.313,1.043,0.019
204,2.261,0,0,0.067,0.101,0,0,,0,,,,0,,,,,1004,1004,0,2,3,0,3,3,1,0,1,9,10,11,1,0,2,0,1,0,133472,0.446,1.188,0.043
205,1.795,0.001,0.001,0.052,0.046,0,0,,0,,,,0,,,,,1004,1004,0,2,3,0,3,3,1,0,1,9,10,11,1,0,2,0,1,0,133472,0.439,0.975,0.011
206,1.512,0,0,0.048,0.022,0,0,,0,,,,0,,,,,1004,1004,0,2,3,0,3,3,1,0,1,9,10,11,1,0,2,0,1,0,133472,0.443,0.746,0.007
207,1.206,0.001,0,0.033,0.023,0,0,,0,,,,0,,,,,1004,1004,0,2,3,0,3,3,1,0,1,9,10,11,1,0,2,0,1,0,133472,0.278,0.706,0.004
208,1.317,0,0,0.03,0.023,0,0,,0,,,,0,,,,,1004,1004,0,2,3,0,3,3,1,0,1,9,10,11,1,0,2,0,1,0,133472,0.335,0.759,0.004
209,1.326,0.001,0,0.035,0.025,0,0,,0,,,,0,,,,,1004,1004,0,2,3,0,3,3,1,0,1,9,10,11,1,0,2,0,1,0,133472,0.286,0.801,0.005
210,1.805,0.189,0.001,0.191,0.034,0,0,,1,421.875,233611264,289001472,1,71217344,71217344,167755776,38823561584,1004,1004,0,2,3,0,3,3,1,0,1,9,10,11,1,0,2,0,1,0,133472,0.316,0.717,0.008
211,1.196,0.001,0,0.03,0.024,0,0,,0,,,,0,,,,,1004,1004,0,2,3,0,3,3,1,0,1,9,10,11,1,0,2,0,1,0,133472,0.267,0.697,0.005
212,1.807,0.416,0,0.119,0.037,0,0,,0,,,,0,,,,,1004,1004,0,2,3,0,3,3,1,0,1,9,10,11,1,0,2,0,1,0,133472,0.302,0.637,0.008
213,1.638,0.226,0,0.173,0.032,0,0,,0,,,,0,,,,,1004,1004,0,2,3,0,3,3,1,0,1,9,10,11,1,0,2,0,1,0,133472,0.308,0.63,0.005
214,2.259,0.208,0,0.056,0.058,0,0,,0,,,,0,,,,,1004,1004,0,2,3,0,3,3,1,0,1,9,10,11,1,0,2,0,1,0,133472,0.644,0.92,0.014
215,1.573,0.001,0,0.074,0.031,0,0,,0,,,,0,,,,,1004,1004,0,2,3,0,3,3,1,0,1,9,10,11,1,0,2,0,1,0,133472,0.393,0.823,0.011
216,2.463,0.884,0,0.134,0.036,0,0,,0,,,,0,,,,,1004,1004,0,2,3,0,3,3,1,0,1,9,10,11,1,0,2,0,1,0,133472,0.378,0.694,0.009
217,1.448,0.054,0,0.125,0.028,0,0,,0,,,,0,,,,,1004,1004,0,2,3,0,3,3,1,0,1,9,10,11,1,0,2,0,1,0,133472,0.331,0.587,0.007
218,1.441,0.22,0,0.037,0.022,0,0,,0,,,,0,,,,,1004,1004,0,2,3,0,3,3,1,0,1,9,10,11,1,0,2,0,1,0,133472,0.343,0.593,0.005
219,1.861,0.42,0.001,0.099,0.028,0,0,,0,,,,0,,,,,1004,1004,0,2,3,0,3,3,1,0,1,9,10,11,1,0,2,0,1,0,133472,0.303,0.686,0.006
220,2.606,1.27,0,0.129,0.024,0,0,,0,,,,0,,,,,1004,1004,0,2,3,0,3,3,1,0,1,9,10,11,1,0,2,0,1,0,133472,0.285,0.561,0.006
221,2.797,1.308,0,0.087,0.043,0,0,,0,,,,0,,,,,1004,1004,0,2,3,0,3,3,1,0,1,9,10,11,1,0,2,0,1,0,133472,0.308,0.663,0.005
222,2.132,0.001,0,0.073,0.057,0,0,,0,,,,0,,,,,1004,1004,0,2,3,0,3,3,1,0,1,9,10,11,1,0,2,0,1,0,133472,0.435,1.099,0.014
223,1.706,0.001,0,0.058,0.028,0,0,,0,,,,0,,,,,1004,1004,0,2,3,0,3,3,1,0,1,9,10,11,1,0,2,0,1,0,133472,0.433,0.901,0.015
224,1.363,0,0,0.042,0.025,0,0,,0,,,,0,,,,,1004,1004,0,2,3,0,3,3,1,0,1,9,10,11,1,0,2,0,1,0,133472,0.342,0.748,0.006
225,1.231,0.001,0,0.036,0.023,0,0,,0,,,,0,,,,,1004,1004,0,2,3,0,3,3,1,0,1,9,10,11,1,0,2,0,1,0,133472,0.295,0.709,0.004
226,1.196,0,0,0.029,0.025,0,0,,0,,,,0,,,,,1004,1004,0,2,3,0,3,3,1,0,1,9,10,11,1,0,2,0,1,0,133472,0.305,0.685,0.006
227,1.27,0,0,0.041,0.015,0,0,,0,,,,0,,,,,1004,1004,0,2,3,0,3,3,1,0,1,9,10,11,1,0,2,0,1,0,133472,0.333,0.691,0.005
228,1.273,0,0,0.031,0.027,0,0,,0,,,,0,,,,,1004,1004,0,2,3,0,3,3,1,0,1,9,10,11,1,0,2,0,1,0,133472,0.308,0.738,0.006
229,1.239,0,0,0.039,0.017,0,0,,0,,,,0,,,,,1004,1004,0,2,3,0,3,3,1,0,1,9,10,11,1,0,2,0,1,0,133472,0.31,0.711,0.004
230,1.209,0,0,0.031,0.021,0,0,,0,,,,0,,,,,1004,1004,0,2,3,0,3,3,1,0,1,9,10,11,1,0,2,0,1,0,133472,0.299,0.698,0.004
231,1.136,0,0,0.028,0.022,0,0,,0,,,,0,,,,,1004,1004,0,2,3,0,3,3,1,0,1,9,10,11,1,0,2,0,1,0,133472,0.272,0.671,0.003
232,1.1,0.001,0,0.027,0.017,0,0,,0,,,,0,,,,,1004,1004,0,2,3,0,3,3,1,0,1,9,10,11,1,0,2,0,1,0,133472,0.271,0.644,0.004
233,1.93,0.566,0,0.085,0.049,0,0,,0,,,,0,,,,,1004,1004,0,2,3,0,3,3,1,0,1,9,10,11,1,0,2,0,1,0,133472,0.275,0.721,0.007
234,2.224,0.273,0,0.051,0.049,0,0,,0,,,,0,,,,,1004,1004,0,2,3,0,3,3,1,0,1,9,10,11,1,0,2,0,1,0,133472,0.486,0.96,0.014
235,1.797,0.001,0,0.077,0.023,0,0,,0,,,,0,,,,,1004,1004,0,2,3,0,3,3,1,0,1,9,10,11,1,0,2,0,1,0,133472,0.517,0.923,0.01
236,2.454,0.836,0,0.102,0.033,0,0,,0,,,,0,,,,,1004,1004,0,2,3,0,3,3,1,0,1,9,10,11,1,0,2,0,1,0,133472,0.372,0.771,0.008
237,1.377,0.021,0,0.084,0.037,0,0,,0,,,,0,,,,,1004,1004,0,2,3,0,3,3,1,0,1,9,10,11,1,0,2,0,1,0,133472,0.362,0.646,0.007
238,1.743,0.304,0,0.035,0.023,0,0,,0,,,,0,,,,,1004,1004,0,2,3,0,3,3,1,0,1,9,10,11,1,0,2,0,1,0,133472,0.416,0.763,0.006
239,1.766,0.241,0.001,0.123,0.031,0,0,,0,,,,0,,,,,1004,1004,0,2,3,0,3,3,1,0,1,9,10,11,1,0,2,0,1,0,133472,0.335,0.727,0.007
240,1.559,0.151,0,0.128,0.03,0,0,,1,484.375,233619456,289001472,1,71217344,71217344,167755776,38823561584,1004,1004,0,2,3,0,3,3,1,0,1,9,10,11,1,0,2,0,1,0,133472,0.329,0.651,0.006
241,1.633,0.219,0,0.126,0.023,0,0,,0,,,,0,,,,,1004,1004,0,2,3,0,3,3,1,0,1,9,10,11,1,0,2,0,1,0,133472,0.297,0.711,0.005
242,1.56,0.297,0,0.045,0.043,0,0,,0,,,,0,,,,,1004,1004,0,2,3,0,3,3,1,0,1,9,10,11,1,0,2,0,1,0,133472,0.326,0.641,0.006
243,2.394,0.404,0,0.058,0.044,0,0,,0,,,,0,,,,,1004,1004,0,2,3,0,3,3,1,0,1,9,10,11,1,0,2,0,1,0,133472,0.425,1.028,0.016
244,1.922,0.001,0,0.082,0.034,0,0,,0,,,,0,,,,,1004,1004,0,2,3,0,3,3,1,0,1,9,10,11,1,0,2,0,1,0,133472,0.519,0.936,0.016
245,2.158,0.721,0.001,0.07,0.033,0,0,,0,,,,0,,,,,1004,1004,0,2,3,0,3,3,1,0,1,9,10,11,1,0,2,0,1,0,133472,0.311,0.709,0.008
246,1.586,0.187,0,0.128,0.036,0,0,,0,,,,0,,,,,1004,1004,0,2,3,0,3,3,1,0,1,9,10,11,1,0,2,0,1,0,133472,0.331,0.651,0.007
247,1.74,0.229,0.001,0.134,0.033,0,0,,0,,,,0,,,,,1004,1004,0,2,3,0,3,3,1,0,1,9,10,11,1,0,2,0,1,0,133472,0.324,0.702,0.007
248,1.565,0.145,0,0.079,0.027,0,0,,0,,,,0,,,,,1004,1004,0,2,3,0,3,3,1,0,1,9,10,11,1,0,2,0,1,0,133472,0.323,0.713,0.007
249,1.655,0.234,0,0.128,0.028,0,0,,0,,,,0,,,,,1004,1004,0,2,3,0,3,3,1,0,1,9,10,11,1,0,2,0,1,0,133472,0.303,0.736,0.006
250,1.78,0.258,0,0.098,0.029,0,0,,0,,,,0,,,,,1004,1004,0,2,3,0,3,3,1,0,1,9,10,11,1,0,2,0,1,0,133472,0.339,0.689,0.008
251,1.434,0.096,0,0.099,0.025,0,0,,0,,,,0,,,,,1004,1004,0,2,3,0,3,3,1,0,1,9,10,11,1,0,2,0,1,0,133472,0.308,0.597,0.004
252,2.392,0.327,0,0.082,0.07,0,0,,0,,,,0,,,,,1004,1004,0,2,3,0,3,3,1,0,1,9,10,11,1,0,2,0,1,0,133472,0.396,1.105,0.02
253,2.057,0.001,0.001,0.076,0.03,0,0,,0,,,,0,,,,,1004,1004,0,2,3,0,3,3,1,0,1,9,10,11,1,0,2,0,1,0,133472,0.405,1.061,0.017
254,2.169,0.402,0,0.06,0.057,0,0,,0,,,,0,,,,,1004,1004,0,2,3,0,3,3,1,0,1,9,10,11,1,0,2,0,1,0,133472,0.346,0.921,0.011
255,2.005,0.447,0.001,0.068,0.032,0,0,,0,,,,0,,,,,1004,1004,0,2,3,0,3,3,1,0,1,9,10,11,1,0,2,0,1,0,133472,0.389,0.775,0.007
256,3.877,2.168,0,0.073,0.035,0,0,,0,,,,0,,,,,1004,1004,0,2,3,0,3,3,1,0,1,9,10,11,1,0,2,0,1,0,133472,0.361,0.906,0.009
257,2.682,1.204,0,0.045,0.026,0,0,,0,,,,0,,,,,1004,1004,0,2,3,0,3,3,1,0,1,9,10,11,1,0,2,0,1,0,133472,0.411,0.752,0.008
258,1.343,0.13,0,0.035,0.023,0,0,,0,,,,0,,,,,1004,1004,0,2,3,0,3,3,1,0,1,9,10,11,1,0,2,0,1,0,133472,0.309,0.66,0.005
259,2.574,0.419,0,0.076,0.046,0,0,,0,,,,0,,,,,1004,1004,0,2,3,0,3,3,1,0,1,9,10,11,1,0,2,0,1,0,133472,0.44,1.153,0.014
260,1.705,0.001,0.001,0.076,0.025,0,0,,0,,,,0,,,,,1004,1004,0,2,3,0,3,3,1,0,1,9,10,11,1,0,2,0,1,0,133472,0.428,0.875,0.007
261,1.97,0.635,0,0.036,0.031,0,0,,0,,,,0,,,,,1004,1004,0,2,3,0,3,3,1,0,1,9,10,11,1,0,2,0,1,0,133472,0.319,0.744,0.005
262,1.393,0.268,0,0.03,0.024,0,0,,0,,,,0,,,,,1004,1004,0,2,3,0,3,3,1,0,1,9,10,11,1,0,2,0,1,0,133472,0.253,0.663,0.004
263,1.775,0.533,0,0.089,0.02,0,0,,0,,,,0,,,,,1004,1004,0,2,3,0,3,3,1,0,1,9,10,11,1,0,2,0,1,0,133472,0.286,0.63,0.003
264,1.901,0.357,0,0.034,0.034,0,0,,0,,,,0,,,,,1004,1004,0,2,3,0,3,3,1,0,1,9,10,11,1,0,2,0,1,0,133472,0.325,0.858,0.009
265,1.528,0.11,0,0.045,0.026,0,0,,0,,,,0,,,,,1004,1004,0,2,3,0,3,3,1,0,1,9,10,11,1,0,2,0,1,0,133472,0.359,0.769,0.007
266,1.722,0.316,0,0.04,0.026,0,0,,0,,,,0,,,,,1004,1004,0,2,3,0,3,3,1,0,1,9,10,11,1,0,2,0,1,0,133472,0.374,0.734,0.005
267,3.225,1.557,0,0.08,0.055,0,0,,0,,,,0,,,,,1004,1004,0,2,3,0,3,3,1,0,1,9,10,11,1,0,2,0,1,0,133472,0.31,0.903,0.014
268,2.67,1.144,0.001,0.045,0.038,0,0,,0,,,,0,,,,,1004,1004,0,2,3,0,3,3,1,0,1,9,10,11,1,0,2,0,1,0,133472,0.332,0.854,0.01
269,2.652,1.289,0,0.091,0.03,0,0,,0,,,,0,,,,,1004,1004,0,2,3,0,3,3,1,0,1,9,10,11,1,0,2,0,1,0,133472,0.256,0.725,0.008
270,3.331,1.924,0.001,0.135,0.034,0,0,,1,515.625,233627648,289001472,1,71217344,71217344,167755776,38823561584,1004,1004,0,2,3,0,3,3,1,0,1,9,10,11,1,0,2,0,1,0,133472,0.279,0.716,0.007
271,2.877,1.472,0,0.138,0.024,0,0,,0,,,,0,,,,,1004,1004,0,2,3,0,3,3,1,0,1,9,10,11,1,0,2,0,1,0,133472,0.328,0.622,0.007
272,2.742,1.499,0,0.066,0.027,0,0,,0,,,,0,,,,,1004,1004,0,2,3,0,3,3,1,0,1,9,10,11,1,0,2,0,1,0,133472,0.245,0.65,0.005
273,1.837,0.237,0.001,0.112,0.044,0,0,,0,,,,0,,,,,1004,1004,0,2,3,0,3,3,1,0,1,9,10,11,1,0,2,0,1,0,133472,0.341,0.696,0.007
274,1.688,0.002,0,0.058,0.035,0,0,,0,,,,0,,,,,1004,1004,0,2,3,0,3,3,1,0,1,9,10,11,1,0,2,0,1,0,133472,0.455,0.838,0.01
275,1.218,0.001,0,0.057,0.024,0,0,,0,,,,0,,,,,1004,1004,0,2,3,0,3,3,1,0,1,9,10,11,1,0,2,0,1,0,133472,0.28,0.67,0.007
276,1.367,0,0,0.031,0.021,0,0,,0,,,,0,,,,,1004,1004,0,2,3,0,3,3,1,0,1,9,10,11,1,0,2,0,1,0,133472,0.326,0.768,0.008
277,1.63,0.116,0,0.068,0.042,0,0,,0,,,,0,,,,,1004,1004,0,2,3,0,3,3,1,0,1,9,10,11,1,0,2,0,1,0,133472,0.371,0.783,0.008
278,1.238,0.001,0,0.042,0.034,0,0,,0,,,,0,,,,,1004,1004,0,2,3,0,3,3,1,0,1,9,10,11,1,0,2,0,1,0,133472,0.314,0.662,0.006
279,1.907,0.001,0,0.037,0.049,0,0,,0,,,,0,,,,,1004,1004,0,2,3,0,3,3,1,0,1,9,10,11,1,0,2,0,1,0,133472,0.335,1.207,0.017
280,1.841,0.416,0,0.06,0.029,0,0,,0,,,,0,,,,,1004,1004,0,2,3,0,3,3,1,0,1,9,10,11,1,0,2,0,1,0,133472,0.386,0.708,0.009
281,1.522,0.188,0.001,0.12,0.03,0,0,,0,,,,0,,,,,1004,1004,0,2,3,0,3,3,1,0,1,9,10,11,1,0,2,0,1,0,133472,0.32,0.616,0.005
282,1.639,0.291,0.001,0.067,0.025,0,0,,0,,,,0,,,,,1004,1004,0,2,3,0,3,3,1,0,1,9,10,11,1,0,2,0,1,0,133472,0.241,0.713,0.005
283,1.472,0.276,0,0.058,0.023,0,0,,0,,,,0,,,,,1004,1004,0,2,3,0,3,3,1,0,1,9,10,11,1,0,2,0,1,0,133472,0.264,0.616,0.004
284,1.946,0.466,0,0.057,0.022,0,0,,0,,,,0,,,,,1004,1004,0,2,3,0,3,3,1,0,1,9,10,11,1,0,2,0,1,0,133472,0.328,0.807,0.011
285,1.64,0.14,0,0.112,0.031,0,0,,0,,,,0,,,,,1004,1004,0,2,3,0,3,3,1,0,1,9,10,11,1,0,2,0,1,0,133472,0.361,0.695,0.008
286,1.655,0.272,0.001,0.064,0.028,0,0,,0,,,,0,,,,,1004,1004,0,2,3,0,3,3,1,0,1,9,10,11,1,0,2,0,1,0,133472,0.321,0.722,0.005
287,2.347,0.61,0.001,0.054,0.041,0,0,,0,,,,0,,,,,1004,1004,0,2,3,0,3,3,1,0,1,9,10,11,1,0,2,0,1,0,133472,0.29,1.027,0.033
288,1.295,0.001,0,0.063,0.026,0,0,,0,,,,0,,,,,1004,1004,0,2,3,0,3,3,1,0,1,9,10,11,1,0,2,0,1,0,133472,0.352,0.625,0.005
289,1.612,0.185,0,0.126,0.03,0,0,,0,,,,0,,,,,1004,1004,0,2,3,0,3,3,1,0,1,9,10,11,1,0,2,0,1,0,133472,0.293,0.672,0.006
290,1.58,0.245,0,0.043,0.022,0,0,,0,,,,0,,,,,1004,1004,0,2,3,0,3,3,1,0,1,9,10,11,1,0,2,0,1,0,133472,0.309,0.72,0.008
291,1.526,0.307,0,0.04,0.031,0,0,,0,,,,0,,,,,1004,1004,0,2,3,0,3,3,1,0,1,9,10,11,1,0,2,0,1,0,133472,0.315,0.614,0.007
292,1.684,0.392,0,0.063,0.028,0,0,,0,,,,0,,,,,1004,1004,0,2,3,0,3,3,1,0,1,9,10,11,1,0,2,0,1,0,133472,0.282,0.681,0.005
293,1.463,0.356,0,0.065,0.02,0,0,,0,,,,0,,,,,1004,1004,0,2,3,0,3,3,1,0,1,9,10,11,1,0,2,0,1,0,133472,0.275,0.58,0.004
294,3.456,2.101,0,0.061,0.036,0,0,,0,,,,0,,,,,1004,1004,0,2,3,0,3,3,1,0,1,9,10,11,1,0,2,0,1,0,133472,0.299,0.672,0.008
295,3.378,1.445,0,0.072,0.033,0,0,,0,,,,0,,,,,1004,1004,0,2,3,0,3,3,1,0,1,9,10,11,1,0,2,0,1,0,133472,0.467,0.944,0.014
296,1.213,0.001,0,0.056,0.027,0,0,,0,,,,0,,,,,1004,1004,0,2,3,0,3,3,1,0,1,9,10,11,1,0,2,0,1,0,133472,0.298,0.658,0.006
297,1.284,0.001,0,0.03,0.021,0,0,,0,,,,0,,,,,1004,1004,0,2,3,0,3,3,1,0,1,9,10,11,1,0,2,0,1,0,133472,0.298,0.76,0.005
298,1.242,0,0,0.032,0.018,0,0,,0,,,,0,,,,,1004,1004,0,2,3,0,3,3,1,0,1,9,10,11,1,0,2,0,1,0,133472,0.28,0.755,0.007
299,1.345,0,0,0.034,0.02,0,0,,0,,,,0,,,,,1004,1004,0,2,3,0,3,3,1,0,1,9,10,11,1,0,2,0,1,0,133472,0.316,0.796,0.007
300,1.188,0,0,0.034,0.02,0,0,,1,578.125,233635840,289001472,1,71217344,71217344,167755776,38823561584,1004,1004,0,2,3,0,3,3,1,0,1,9,10,11,1,0,2,0,1,0,133472,0.274,0.704,0.004
301,1.148,0,0,0.031,0.02,0,0,,0,,,,0,,,,,1004,1004,0,2,3,0,3,3,1,0,1,9,10,11,1,0,2,0,1,0,133472,0.271,0.667,0.006
302,1.224,0,0,0.031,0.016,0,0,,0,,,,0,,,,,1004,1004,0,2,3,0,3,3,1,0,1,9,10,11,1,0,2,0,1,0,133472,0.277,0.744,0.004
303,1.087,0,0,0.032,0.018,0,0,,0,,,,0,,,,,1004,1004,0,2,3,0,3,3,1,0,1,9,10,11,1,0,2,0,1,0,133472,0.275,0.616,0.005
304,3.496,2.094,0.001,0.067,0.031,0,0,,0,,,,0,,,,,1004,1004,0,2,3,0,3,3,1,0,1,9,10,11,1,0,2,0,1,0,133472,0.27,0.704,0.011
305,3.485,1.924,0,0.09,0.037,0,0,,0,,,,0,,,,,1004,1004,0,2,3,0,3,3,1,0,1,9,10,11,1,0,2,0,1,0,133472,0.288,0.759,0.011
306,3.411,1.914,0,0.056,0.036,0,0,,0,,,,0,,,,,1004,1004,0,2,3,0,3,3,1,0,1,9,10,11,1,0,2,0,1,0,133472,0.295,0.86,0.01
307,2.693,1.354,0,0.043,0.032,0,0,,0,,,,0,,,,,1004,1004,0,2,3,0,3,3,1,0,1,9,10,11,1,0,2,0,1,0,133472,0.313,0.702,0.008
308,2.445,1.387,0,0.032,0.027,0,0,,0,,,,0,,,,,1004,1004,0,2,3,0,3,3,1,0,1,9,10,11,1,0,2,0,1,0,133472,0.245,0.592,0.004
309,2.88,1.546,0,0.035,0.032,0,0,,0,,,,0,,,,,1004,1004,0,2,3,0,3,3,1,0,1,9,10,11,1,0,2,0,1,0,133472,0.273,0.772,0.008
310,2.692,1.205,0,0.053,0.031,0,0,,0,,,,0,,,,,1004,1004,0,2,3,0,3,3,1,0,1,9,10,11,1,0,2,0,1,0,133472,0.359,0.768,0.011
311,2.499,1.14,0,0.041,0.036,0,0,,0,,,,0,,,,,1004,1004,0,2,3,0,3,3,1,0,1,9,10,11,1,0,2,0,1,0,133472,0.291,0.752,0.009
312,2.849,1.458,0.001,0.144,0.029,0,0,,0,,,,0,,,,,1004,1004,0,2,3,0,3,3,1,0,1,9,10,11,1,0,2,0,1,0,133472,0.27,0.64,0.005
313,2.267,0.98,0,0.079,0.022,0,0,,0,,,,0,,,,,1004,1004,0,2,3,0,3,3,1,0,1,9,10,11,1,0,2,0,1,0,133472,0.252,0.697,0.008
314,2.319,1.091,0,0.081,0.037,0,0,,0,,,,0,,,,,1004,1004,0,2,3,0,3,3,1,0,1,9,10,11,1,0,2,0,1,0,133472,0.242,0.615,0.007
315,2.541,1.242,0,0.041,0.031,0,0,,0,,,,0,,,,,1004,1004,0,2,3,0,3,3,1,0,1,9,10,11,1,0,2,0,1,0,133472,0.311,0.631,0.007
316,2.527,1.024,0.001,0.067,0.037,0,0,,0,,,,0,,,,,1004,1004,0,2,3,0,3,3,1,0,1,9,10,11,1,0,2,0,1,0,133472,0.318,0.716,0.01
317,2.23,0.73,0,0.047,0.04,0,0,,0,,,,0,,,,,1004,1004,0,2,3,0,3,3,1,0,1,9,10,11,1,0,2,0,1,0,133472,0.324,0.814,0.01
318,3.093,1.525,0,0.074,0.04,0,0,,0,,,,0,,,,,1004,1004,0,2,3,0,3,3,1,0,1,9,10,11,1,0,2,0,1,0,133472,0.313,0.802,0.009
319,2.079,0.698,0,0.045,0.029,0,0,,0,,,,0,,,,,1004,1004,0,2,3,0,3,3,1,0,1,9,10,11,1,0,2,0,1,0,133472,0.333,0.732,0.007
320,2.097,0.95,0,0.035,0.026,0,0,,0,,,,0,,,,,1004,1004,0,2,3,0,3,3,1,0,1,9,10,11,1,0,2,0,1,0,133472,0.259,0.64,0.007
321,2.111,1.178,0,0.032,0.019,0,0,,0,,,,0,,,,,1004,1004,0,2,3,0,3,3,1,0,1,9,10,11,1,0,2,0,1,0,133472,0.201,0.542,0.004
322,2.455,1.386,0,0.076,0.017,0,0,,0,,,,0,,,,,1004,1004,0,2,3,0,3,3,1,0,1,9,10,11,1,0,2,0,1,0,133472,0.217,0.537,0.004
323,2.089,0.307,0.001,0.042,0.032,0,0,,0,,,,0,,,,,1004,1004,0,2,3,0,3,3,1,0,1,9,10,11,1,0,2,0,1,0,133472,0.402,0.902,0.009
324,1.655,0.001,0,0.043,0.036,0,0,,0,,,,0,,,,,1004,1004,0,2,3,0,3,3,1,0,1,9,10,11,1,0,2,0,1,0,133472,0.329,0.924,0.015
325,1.749,0.408,0.001,0.049,0.03,0,0,,0,,,,0,,,,,1004,1004,0,2,3,0,3,3,1,0,1,9,10,11,1,0,2,0,1,0,133472,0.308,0.725,0.008
326,1.319,0.176,0,0.033,0.024,0,0,,0,,,,0,,,,,1004,1004,0,2,3,0,3,3,1,0,1,9,10,11,1,0,2,0,1,0,133472,0.273,0.64,0.005
327,2.401,1.042,0,0.07,0.034,0,0,,0,,,,0,,,,,1004,1004,0,2,3,0,3,3,1,0,1,9,10,11,1,0,2,0,1,0,133472,0.266,0.69,0.007
328,2.71,1.096,0.001,0.072,0.048,0,0,,0,,,,0,,,,,1004,1004,0,2,3,0,3,3,1,0,1,9,10,11,1,0,2,0,1,0,133472,0.277,0.899,0.011
329,2.054,0.87,0,0.042,0.036,0,0,,0,,,,0,,,,,1004,1004,0,2,3,0,3,3,1,0,1,9,10,11,1,0,2,0,1,0,133472,0.262,0.63,0.007
330,2.801,1.255,0,0.091,0.051,0,0,,1,640.625,233705472,289001472,1,71217344,71217344,167755776,38823561584,1004,1004,0,2,3,0,3,3,1,0,1,9,10,11,1,0,2,0,1,0,133472,0.318,0.749,0.009
331,2.381,1.095,0.001,0.046,0.033,0,0,,0,,,,0,,,,,1004,1004,0,2,3,0,3,3,1,0,1,9,10,11,1,0,2,0,1,0,133472,0.28,0.669,0.008
332,2.889,1.332,0,0.082,0.033,0,0,,0,,,,0,,,,,1004,1004,0,2,3,0,3,3,1,0,1,9,10,11,1,0,2,0,1,0,133472,0.343,0.776,0.008
333,2.74,1.42,0,0.08,0.032,0,0,,0,,,,0,,,,,1004,1004,0,2,3,0,3,3,1,0,1,9,10,11,1,0,2,0,1,0,133472,0.288,0.642,0.007
334,2.629,0.991,0.001,0.051,0.045,0,0,,0,,,,0,,,,,1004,1004,0,2,3,0,3,3,1,0,1,9,10,11,1,0,2,0,1,0,133472,0.337,0.887,0.014
335,2.316,0.744,0.001,0.093,0.05,0,0,,0,,,,0,,,,,1004,1004,0,2,3,0,3,3,1,0,1,9,10,11,1,0,2,0,1,0,133472,0.328,0.783,0.009
336,5.807,4.214,0.001,0.105,0.045,0,0,,0,,,,0,,,,,1004,1004,0,2,3,0,3,3,1,0,1,9,10,11,1,0,2,0,1,0,133472,0.336,0.759,0.011
337,3.627,2.186,0,0.069,0.037,0,0,,0,,,,0,,,,,1004,1004,0,2,3,0,3,3,1,0,1,9,10,11,1,0,2,0,1,0,133472,0.282,0.743,0.01
338,3.157,1.594,0,0.092,0.035,0,0,,0,,,,0,,,,,1004,1004,0,2,3,0,3,3,1,0,1,9,10,11,1,0,2,0,1,0,133472,0.326,0.846,0.008
339,2.555,0.956,0,0.122,0.031,0,0,,0,,,,0,,,,,1004,1004,0,2,3,0,3,3,1,0,1,9,10,11,1,0,2,0,1,0,133472,0.379,0.741,0.01
340,2.928,0.893,0.001,0.147,0.429,0,0,,0,,,,0,,,,,1004,1004,0,2,3,0,3,3,1,0,1,9,10,11,1,0,2,0,1,0,133472,0.276,0.89,0.009
341,1.747,0.508,0,0.052,0.032,0,0,,0,,,,0,,,,,1004,1004,0,2,3,0,3,3,1,0,1,9,10,11,1,0,2,0,1,0,133472,0.271,0.642,0.008
342,2.747,1.335,0,0.077,0.038,0,0,,0,,,,0,,,,,1004,1004,0,2,3,0,3,3,1,0,1,9,10,11,1,0,2,0,1,0,133472,0.266,0.711,0.009
343,2.727,1.404,0.001,0.069,0.024,0,0,,0,,,,0,,,,,1004,1004,0,2,3,0,3,3,1,0,1,9,10,11,1,0,2,0,1,0,133472,0.27,0.674,0.005
344,3.219,1.883,0,0.129,0.025,0,0,,0,,,,0,,,,,1004,1004,0,2,3,0,3,3,1,0,1,9,10,11,1,0,2,0,1,0,133472,0.271,0.611,0.006
345,1.608,0.208,0,0.055,0.032,0,0,,0,,,,0,,,,,1004,1004,0,2,3,0,3,3,1,0,1,9,10,11,1,0,2,0,1,0,133472,0.343,0.744,0.008
346,1.881,0.162,0,0.041,0.036,0,0,,0,,,,0,,,,,1004,1004,0,2,3,0,3,3,1,0,1,9,10,11,1,0,2,0,1,0,133472,0.376,0.944,0.015
347,1.813,0,0.001,0.055,0.033,0,0,,0,,,,0,,,,,1004,1004,0,2,3,0,3,3,1,0,1,9,10,11,1,0,2,0,1,0,133472,0.492,0.916,0.009
348,1.175,0.001,0,0.046,0.026,0,0,,0,,,,0,,,,,1004,1004,0,2,3,0,3,3,1,0,1,9,10,11,1,0,2,0,1,0,133472,0.264,0.662,0.006
349,1.667,0.242,0,0.078,0.035,0,0,,0,,,,0,,,,,1004,1004,0,2,3,0,3,3,1,0,1,9,10,11,1,0,2,0,1,0,133472,0.274,0.753,0.009
350,2.666,0.138,0,0.053,0.05,0,0,,0,,,,0,,,,,1004,1004,0,2,3,0,3,3,1,0,1,9,10,11,1,0,2,0,1,0,133472,0.893,0.912,0.019
351,1.752,0.001,0.001,0.057,0.034,0,0,,0,,,,0,,,,,1004,1004,0,2,3,0,3,3,1,0,1,9,10,11,1,0,2,0,1,0,133472,0.354,0.939,0.053
352,5.684,4.314,0,0.043,0.044,0,0,,0,,,,0,,,,,1004,1004,0,2,3,0,3,3,1,0,1,9,10,11,1,0,2,0,1,0,133472,0.3,0.714,0.009
353,6.878,5.075,0,0.078,0.061,0,0,,0,,,,0,,,,,1004,1004,0,2,3,0,3,3,1,0,1,9,10,11,1,0,2,0,1,0,133472,0.345,0.903,0.019
354,2.497,0.383,0,0.058,0.062,0,0,,0,,,,0,,,,,1004,1004,0,2,3,0,3,3,1,0,1,9,10,11,1,0,2,0,1,0,133472,0.476,1.109,0.015
355,2.047,0.001,0,0.05,0.049,0,0,,0,,,,0,,,,,1004,1004,0,2,3,0,3,3,1,0,1,9,10,11,1,0,2,0,1,0,133472,0.401,1.212,0.021
356,1.742,0.001,0.001,0.062,0.024,0,0,,0,,,,0,,,,,1004,1004,0,2,3,0,3,3,1,0,1,9,10,11,1,0,2,0,1,0,133472,0.411,0.974,0.007
357,1.491,0.001,0,0.041,0.016,0,0,,0,,,,0,,,,,1004,1004,0,2,3,0,3,3,1,0,1,9,10,11,1,0,2,0,1,0,133472,0.343,0.882,0.007
358,1.569,0.144,0,0.032,0.026,0,0,,0,,,,0,,,,,1004,1004,0,2,3,0,3,3,1,0,1,9,10,11,1,0,2,0,1,0,133472,0.36,0.759,0.007
359,1.901,0.398,0.001,0.089,0.029,0,0,,0,,,,0,,,,,1004,1004,0,2,3,0,3,3,1,0,1,9,10,11,1,0,2,0,1,0,133472,0.315,0.721,0.006
360,1.4,0.239,0.001,0.029,0.022,0,0,,1,687.5,233705472,289001472,1,71217344,71217344,167755776,38823561584,1004,1004,0,2,3,0,3,3,1,0,1,9,10,11,1,0,2,0,1,0,133472,0.342,0.587,0.004
361,1.87,0.663,0,0.067,0.026,0,0,,0,,,,0,,,,,1004,1004,0,2,3,0,3,3,1,0,1,9,10,11,1,0,2,0,1,0,133472,0.235,0.612,0.005
362,1.772,0.267,0,0.094,0.033,0,0,,0,,,,0,,,,,1004,1004,0,2,3,0,3,3,1,0,1,9,10,11,1,0,2,0,1,0,133472,0.283,0.784,0.014
363,1.846,0,0,0.062,0.047,0,0,,0,,,,0,,,,,1004,1004,0,2,3,0,3,3,1,0,1,9,10,11,1,0,2,0,1,0,133472,0.403,1.026,0.018
364,1.644,0.002,0,0.059,0.076,0,0,,0,,,,0,,,,,1004,1004,0,2,3,0,3,3,1,0,1,9,10,11,1,0,2,0,1,0,133472,0.366,0.843,0.008
365,1.326,0.001,0.001,0.036,0.024,0,0,,0,,,,0,,,,,1004,1004,0,2,3,0,3,3,1,0,1,9,10,11,1,0,2,0,1,0,133472,0.328,0.749,0.005
366,2.092,0.797,0.001,0.143,0.03,0,0,,0,,,,0,,,,,1004,1004,0,2,3,0,3,3,1,0,1,9,10,11,1,0,2,0,1,0,133472,0.267,0.544,0.006
367,1.836,0.26,0.001,0.067,0.033,0,0,,0,,,,0,,,,,1004,1004,0,2,3,0,3,3,1,0,1,9,10,11,1,0,2,0,1,0,133472,0.29,0.924,0.007
368,1.433,0.001,0,0.041,0.02,0,0,,0,,,,0,,,,,1004,1004,0,2,3,0,3,3,1,0,1,9,10,11,1,0,2,0,1,0,133472,0.35,0.793,0.007
369,1.509,0.058,0,0.134,0.037,0,0,,0,,,,0,,,,,1004,1004,0,2,3,0,3,3,1,0,1,9,10,11,1,0,2,0,1,0,133472,0.37,0.634,0.008
370,1.41,0.105,0.001,0.09,0.03,0,0,,0,,,,0,,,,,1004,1004,0,2,3,0,3,3,1,0,1,9,10,11,1,0,2,0,1,0,133472,0.292,0.569,0.005
371,1.521,0.373,0,0.096,0.026,0,0,,0,,,,0,,,,,1004,1004,0,2,3,0,3,3,1,0,1,9,10,11,1,0,2,0,1,0,133472,0.261,0.573,0.005
372,1.398,0.386,0,0.041,0.019,0,0,,0,,,,0,,,,,1004,1004,0,2,3,0,3,3,1,0,1,9,10,11,1,0,2,0,1,0,133472,0.25,0.541,0.004
373,2.36,0.586,0,0.057,0.055,0,0,,0,,,,0,,,,,1004,1004,0,2,3,0,3,3,1,0,1,9,10,11,1,0,2,0,1,0,133472,0.358,0.883,0.012
374,1.523,0.001,0.001,0.047,0.022,0,0,,0,,,,0,,,,,1004,1004,0,2,3,0,3,3,1,0,1,9,10,11,1,0,2,0,1,0,133472,0.336,0.864,0.008
375,1.479,0.048,0,0.116,0.033,0,0,,0,,,,0,,,,,1004,1004,0,2,3,0,3,3,1,0,1,9,10,11,1,0,2,0,1,0,133472,0.323,0.677,0.009
376,2.613,1.035,0,0.126,0.034,0,0,,0,,,,0,,,,,1004,1004,0,2,3,0,3,3,1,0,1,9,10,11,1,0,2,0,1,0,133472,0.353,0.784,0.007
377,2.305,1.106,0,0.028,0.025,0,0,,0,,,,0,,,,,1004,1004,0,2,3,0,3,3,1,0,1,9,10,11,1,0,2,0,1,0,133472,0.3,0.632,0.006
378,2.857,1.412,0,0.081,0.024,0,0,,0,,,,0,,,,,1004,1004,0,2,3,0,3,3,1,0,1,9,10,11,1,0,2,0,1,0,133472,0.252,0.78,0.009
379,2.31,1.012,0,0.087,0.025,0,0,,0,,,,0,,,,,1004,1004,0,2,3,0,3,3,1,0,1,9,10,11,1,0,2,0,1,0,133472,0.262,0.615,0.006
380,2.748,0.742,0,0.123,0.037,0,0,,0,,,,0,,,,,1004,1004,0,2,3,0,3,3,1,0,1,9,10,11,1,0,2,0,1,0,133472,0.49,0.996,0.014
381,1.994,0,0,0.052,0.054,0,0,,0,,,,0,,,,,1004,1004,0,2,3,0,3,3,1,0,1,9,10,11,1,0,2,0,1,0,133472,0.413,1.038,0.018
382,1.434,0.001,0.001,0.061,0.02,0,0,,0,,,,0,,,,,1004,1004,0,2,3,0,3,3,1,0,1,9,10,11,1,0,2,0,1,0,133472,0.347,0.784,0.006
383,1.594,0.377,0.001,0.047,0.025,0,0,,0,,,,0,,,,,1004,1004,0,2,3,0,3,3,1,0,1,9,10,11,1,0,2,0,1,0,133472,0.301,0.636,0.006
384,1.651,0.326,0,0.126,0.03,0,0,,0,,,,0,,,,,1004,1004,0,2,3,0,3,3,1,0,1,9,10,11,1,0,2,0,1,0,133472,0.247,0.596,0.005
385,1.664,0.213,0.001,0.103,0.034,0,0,,0,,,,0,,,,,1004,1004,0,2,3,0,3,3,1,0,1,9,10,11,1,0,2,0,1,0,133472,0.304,0.696,0.007
386,1.455,0.117,0.001,0.085,0.03,0,0,,0,,,,0,,,,,1004,1004,0,2,3,0,3,3,1,0,1,9,10,11,1,0,2,0,1,0,133472,0.309,0.66,0.006
387,1.429,0.251,0,0.056,0.023,0,0,,0,,,,0,,,,,1004,1004,0,2,3,0,3,3,1,0,1,9,10,11,1,0,2,0,1,0,133472,0.252,0.604,0.004
388,1.51,0.367,0,0.069,0.023,0,0,,0,,,,0,,,,,1004,1004,0,2,3,0,3,3,1,0,1,9,10,11,1,0,2,0,1,0,133472,0.245,0.57,0.004
389,1.62,0.443,0.001,0.053,0.02,0,0,,0,,,,0,,,,,1004,1004,0,2,3,0,3,3,1,0,1,9,10,11,1,0,2,0,1,0,133472,0.315,0.576,0.003
390,1.887,0.375,0,0.057,0.033,0,0,,1,718.75,233705472,289001472,1,71217344,71217344,167755776,38823561584,1004,1004,0,2,3,0,3,3,1,0,1,9,10,11,1,0,2,0,1,0,133472,0.274,0.845,0.011
391,1.89,0.002,0,0.055,0.058,0,0,,0,,,,0,,,,,1004,1004,0,2,3,0,3,3,1,0,1,9,10,11,1,0,2,0,1,0,133472,0.379,1.004,0.013
392,1.704,0.001,0.001,0.04,0.026,0,0,,0,,,,0,,,,,1004,1004,0,2,3,0,3,3,1,0,1,9,10,11,1,0,2,0,1,0,133472,0.461,0.967,0.011
393,1.868,0.656,0,0.067,0.028,0,0,,0,,,,0,,,,,1004,1004,0,2,3,0,3,3,1,0,1,9,10,11,1,0,2,0,1,0,133472,0.273,0.56,0.007
394,1.404,0.319,0,0.029,0.027,0,0,,0,,,,0,,,,,1004,1004,0,2,3,0,3,3,1,0,1,9,10,11,1,0,2,0,1,0,133472,0.233,0.58,0.005
395,1.703,0.492,0,0.054,0.023,0,0,,0,,,,0,,,,,1004,1004,0,2,3,0,3,3,1,0,1,9,10,11,1,0,2,0,1,0,133472,0.271,0.641,0.004
396,1.548,0.342,0,0.034,0.026,0,0,,0,,,,0,,,,,1004,1004,0,2,3,0,3,3,1,0,1,9,10,11,1,0,2,0,1,0,133472,0.279,0.693,0.006
397,1.763,0.367,0,0.056,0.021,0,0,,0,,,,0,,,,,1004,1004,0,2,3,0,3,3,1,0,1,9,10,11,1,0,2,0,1,0,133472,0.331,0.743,0.008
398,2.149,0.728,0,0.135,0.032,0,0,,0,,,,0,,,,,1004,1004,0,2,3,0,3,3,1,0,1,9,10,11,1,0,2,0,1,0,133472,0.319,0.67,0.007
399,2.863,1.276,0,0.095,0.036,0,0,,0,,,,0,,,,,1004,1004,0,2,3,0,3,3,1,0,1,9,10,11,1,0,2,0,1,0,133472,0.322,0.827,0.014
400,2.625,1.093,0,0.051,0.032,0,0,,0,,,,0,,,,,1004,1004,0,2,3,0,3,3,1,0,1,9,10,11,1,0,2,0,1,0,133472,0.308,0.837,0.011
401,2.789,1.432,0.001,0.103,0.028,0,0,,0,,,,0,,,,,1004,1004,0,2,3,0,3,3,1,0,1,9,10,11,1,0,2,0,1,0,133472,0.256,0.587,0.006
402,4.006,2.397,0.001,0.126,0.038,0,0,,0,,,,0,,,,,1004,1004,0,2,3,0,3,3,1,0,1,9,10,11,1,0,2,0,1,0,133472,0.343,0.76,0.009
403,1.23,0.001,0,0.038,0.032,0,0,,0,,,,0,,,,,1004,1004,0,2,3,0,3,3,1,0,1,9,10,11,1,0,2,0,1,0,133472,0.288,0.678,0.006
404,1.159,0,0,0.035,0.02,0,0,,0,,,,0,,,,,1004,1004,0,2,3,0,3,3,1,0,1,9,10,11,1,0,2,0,1,0,133472,0.268,0.672,0.005
405,1.151,0,0,0.033,0.02,0,0,,0,,,,0,,,,,1004,1004,0,2,3,0,3,3,1,0,1,9,10,11,1,0,2,0,1,0,133472,0.274,0.671,0.006
406,1.05,0.022,0,0.029,0.021,0,0,,0,,,,0,,,,,1004,1004,0,2,3,0,3,3,1,0,1,9,10,11,1,0,2,0,1,0,133472,0.243,0.592,0.004
407,3.911,2.094,0,0.067,0.039,0,0,,0,,,,0,,,,,1004,1004,0,2,3,0,3,3,1,0,1,9,10,11,1,0,2,0,1,0,133472,0.359,1.013,0.023
408,2.655,1.315,0.001,0.138,0.019,0,0,,0,,,,0,,,,,1004,1004,0,2,3,0,3,3,1,0,1,9,10,11,1,0,2,0,1,0,133472,0.283,0.622,0.007
409,3.704,2.251,0,0.134,0.034,0,0,,0,,,,0,,,,,1004,1004,0,2,3,0,3,3,1,0,1,9,10,11,1,0,2,0,1,0,133472,0.279,0.677,0.009
410,1.424,0.001,0,0.031,0.042,0,0,,0,,,,0,,,,,1004,1004,0,2,3,0,3,3,1,0,1,9,10,11,1,0,2,0,1,0,133472,0.267,0.778,0.03
411,1.802,0,0,0.053,0.038,0,0,,0,,,,0,,,,,1004,1004,0,2,3,0,3,3,1,0,1,9,10,11,1,0,2,0,1,0,133472,0.426,0.994,0.014
412,1.683,0,0.001,0.055,0.023,0,0,,0,,,,0,,,,,1004,1004,0,2,3,0,3,3,1,0,1,9,10,11,1,0,2,0,1,0,133472,0.367,0.973,0.011
413,1.576,0,0,0.048,0.025,0,0,,0,,,,0,,,,,1004,1004,0,2,3,0,3,3,1,0,1,9,10,11,1,0,2,0,1,0,133472,0.368,0.913,0.009
414,1.524,0,0.001,0.046,0.053,0,0,,0,,,,0,,,,,1004,1004,0,2,3,0,3,3,1,0,1,9,10,11,1,0,2,0,1,0,133472,0.356,0.846,0.01
415,6.158,4.565,0.001,0.056,0.046,0,0,,0,,,,0,,,,,1004,1004,0,2,3,0,3,3,1,0,1,9,10,11,1,0,2,0,1,0,133472,0.327,0.827,0.014
416,7.135,5.582,0,0.109,0.038,0,0,,0,,,,0,,,,,1004,1004,0,2,3,0,3,3,1,0,1,9,10,11,1,0,2,0,1,0,133472,0.3,0.739,0.011
417,3.43,1.402,0,0.068,0.067,0,0,,0,,,,0,,,,,1004,1004,0,2,3,0,3,3,1,0,1,9,10,11,1,0,2,0,1,0,133472,0.402,1.087,0.024
418,3.679,1.636,0,0.071,0.065,0,0,,0,,,,0,,,,,1004,1004,0,2,3,0,3,3,1,0,1,9,10,11,1,0,2,0,1,0,133472,0.447,1.004,0.018
419,2.62,0.899,0,0.105,0.037,0,0,,0,,,,0,,,,,1004,1004,0,2,3,0,3,3,1,0,1,9,10,11,1,0,2,0,1,0,133472,0.326,0.904,0.01
420,3.988,2.289,0.001,0.094,0.043,0,0,,1,750,233705472,289001472,1,71217344,71217344,167755776,38823561584,1004,1004,0,2,3,0,3,3,1,0,1,9,10,11,1,0,2,0,1,0,133472,0.32,0.883,0.012
421,2.951,1.154,0.001,0.149,0.042,0,0,,0,,,,0,,,,,1004,1004,0,2,3,0,3,3,1,0,1,9,10,11,1,0,2,0,1,0,133472,0.34,0.823,0.009
422,2.673,1.098,0.001,0.079,0.037,0,0,,0,,,,0,,,,,1004,1004,0,2,3,0,3,3,1,0,1,9,10,11,1,0,2,0,1,0,133472,0.381,0.769,0.008
423,3.192,1.347,0,0.053,0.047,0,0,,0,,,,0,,,,,1004,1004,0,2,3,0,3,3,1,0,1,9,10,11,1,0,2,0,1,0,133472,0.376,1.008,0.013
424,2.849,1.24,0.001,0.056,0.05,0,0,,0,,,,0,,,,,1004,1004,0,2,3,0,3,3,1,0,1,9,10,11,1,0,2,0,1,0,133472,0.365,0.842,0.009
425,4.532,2.619,0,0.106,0.04,0,0,,0,,,,0,,,,,1004,1004,0,2,3,0,3,3,1,0,1,9,10,11,1,0,2,0,1,0,133472,0.427,0.931,0.014
426,2.401,0.868,0,0.04,0.031,0,0,,0,,,,0,,,,,1004,1004,0,2,3,0,3,3,1,0,1,9,10,11,1,0,2,0,1,0,133472,0.473,0.753,0.008
427,2.798,1.28,0,0.099,0.022,0,0,,0,,,,0,,,,,1004,1004,0,2,3,0,3,3,1,0,1,9,10,11,1,0,2,0,1,0,133472,0.325,0.672,0.005
428,3.327,1.313,0,0.081,0.054,0,0,,0,,,,0,,,,,1004,1004,0,2,3,0,3,3,1,0,1,9,10,11,1,0,2,0,1,0,133472,0.442,1.026,0.015
429,2.826,0.91,0,0.102,0.153,0,0,,0,,,,0,,,,,1004,1004,0,2,3,0,3,3,1,0,1,9,10,11,1,0,2,0,1,0,133472,0.339,0.891,0.011
430,4.068,2.534,0,0.076,0.028,0,0,,0,,,,0,,,,,1004,1004,0,2,3,0,3,3,1,0,1,9,10,11,1,0,2,0,1,0,133472,0.326,0.797,0.01
431,3.131,1.587,0,0.058,0.034,0,0,,0,,,,0,,,,,1004,1004,0,2,3,0,3,3,1,0,1,9,10,11,1,0,2,0,1,0,133472,0.379,0.724,0.007
432,3.179,1.452,0,0.115,0.041,0,0,,0,,,,0,,,,,1004,1004,0,2,3,0,3,3,1,0,1,9,10,11,1,0,2,0,1,0,133472,0.371,0.885,0.009
433,3.18,1.253,0,0.076,0.034,0,0,,0,,,,0,,,,,1004,1004,0,2,3,0,3,3,1,0,1,9,10,11,1,0,2,0,1,0,133472,0.417,0.992,0.015
434,2.674,1.071,0,0.062,0.039,0,0,,0,,,,0,,,,,1004,1004,0,2,3,0,3,3,1,0,1,9,10,11,1,0,2,0,1,0,133472,0.328,0.854,0.011
435,4.775,2.928,0,0.078,0.046,0,0,,0,,,,0,,,,,1004,1004,0,2,3,0,3,3,1,0,1,9,10,11,1,0,2,0,1,0,133472,0.347,1.002,0.02
436,2.869,1.108,0.001,0.085,0.06,0,0,,0,,,,0,,,,,1004,1004,0,2,3,0,3,3,1,0,1,9,10,11,1,0,2,0,1,0,133472,0.39,0.85,0.011
437,2.752,1.323,0,0.04,0.031,0,0,,0,,,,0,,,,,1004,1004,0,2,3,0,3,3,1,0,1,9,10,11,1,0,2,0,1,0,133472,0.391,0.716,0.006
438,3.341,1.64,0,0.048,0.047,0,0,,0,,,,0,,,,,1004,1004,0,2,3,0,3,3,1,0,1,9,10,11,1,0,2,0,1,0,133472,0.388,0.899,0.012
439,3.005,1.284,0,0.104,0.033,0,0,,0,,,,0,,,,,1004,1004,0,2,3,0,3,3,1,0,1,9,10,11,1,0,2,0,1,0,133472,0.411,0.872,0.009
440,3.561,1.861,0,0.087,0.039,0,0,,0,,,,0,,,,,1004,1004,0,2,3,0,3,3,1,0,1,9,10,11,1,0,2,0,1,0,133472,0.335,0.873,0.009
441,4.541,3.093,0,0.082,0.03,0,0,,0,,,,0,,,,,1004,1004,0,2,3,0,3,3,1,0,1,9,10,11,1,0,2,0,1,0,133472,0.363,0.66,0.008
442,2.964,1.496,0,0.097,0.028,0,0,,0,,,,0,,,,,1004,1004,0,2,3,0,3,3,1,0,1,9,10,11,1,0,2,0,1,0,133472,0.331,0.688,0.007
443,3.233,1.533,0.001,0.05,0.048,0,0,,0,,,,0,,,,,1004,1004,0,2,3,0,3,3,1,0,1,9,10,11,1,0,2,0,1,0,133472,0.342,0.938,0.014
444,4.767,3.301,0.001,0.084,0.022,0,0,,0,,,,0,,,,,1004,1004,0,2,3,0,3,3,1,0,1,9,10,11,1,0,2,0,1,0,133472,0.321,0.685,0.006
445,10.646,8.494,0.001,0.179,0.055,0,0,,0,,,,0,,,,,1004,1004,0,2,3,0,3,3,1,0,1,9,10,11,1,0,2,0,1,0,133472,0.467,1.046,0.014
446,1.674,0.001,0.001,0.051,0.035,0,0,,0,,,,0,,,,,1004,1004,0,2,3,0,3,3,1,0,1,9,10,11,1,0,2,0,1,0,133472,0.4,0.918,0.01
447,2.513,0.896,0,0.052,0.042,0,0,,0,,,,0,,,,,1004,1004,0,2,3,0,3,3,1,0,1,9,10,11,1,0,2,0,1,0,133472,0.365,0.884,0.01
448,1.688,0.211,0.001,0.042,0.018,0,0,,0,,,,0,,,,,1004,1004,0,2,3,0,3,3,1,0,1,9,10,11,1,0,2,0,1,0,133472,0.368,0.811,0.006
449,1.882,0.448,0,0.066,0.023,0,0,,0,,,,0,,,,,1004,1004,0,2,3,0,3,3,1,0,1,9,10,11,1,0,2,0,1,0,133472,0.318,0.765,0.007
450,3.275,1.924,0.001,0.087,0.028,0,0,,1,796.875,233705472,289001472,1,71217344,71217344,167755776,38823561584,1004,1004,0,2,3,0,3,3,1,0,1,9,10,11,1,0,2,0,1,0,133472,0.287,0.649,0.007
451,2.749,1.415,0,0.066,0.024,0,0,,0,,,,0,,,,,1004,1004,0,2,3,0,3,3,1,0,1,9,10,11,1,0,2,0,1,0,133472,0.302,0.675,0.006
452,3.557,1.609,0,0.051,0.045,0,0,,0,,,,0,,,,,1004,1004,0,2,3,0,3,3,1,0,1,9,10,11,1,0,2,0,1,0,133472,0.358,1.055,0.018
453,2.381,0.762,0,0.06,0.037,0,0,,0,,,,0,,,,,1004,1004,0,2,3,0,3,3,1,0,1,9,10,11,1,0,2,0,1,0,133472,0.381,0.844,0.009
454,3.476,2.095,0,0.07,0.021,0,0,,0,,,,0,,,,,1004,1004,0,2,3,0,3,3,1,0,1,9,10,11,1,0,2,0,1,0,133472,0.368,0.665,0.006
455,3.187,1.191,0,0.116,0.042,0,0,,0,,,,0,,,,,1004,1004,0,2,3,0,3,3,1,0,1,9,10,11,1,0,2,0,1,0,133472,0.409,1.01,0.014
456,2.365,0.613,0.001,0.114,0.031,0,0,,0,,,,0,,,,,1004,1004,0,2,3,0,3,3,1,0,1,9,10,11,1,0,2,0,1,0,133472,0.418,0.843,0.008
457,2.63,0.886,0,0.086,0.04,0,0,,0,,,,0,,,,,1004,1004,0,2,3,0,3,3,1,0,1,9,10,11,1,0,2,0,1,0,133472,0.366,0.86,0.014
458,2.538,0.773,0.001,0.066,0.044,0,0,,0,,,,0,,,,,1004,1004,0,2,3,0,3,3,1,0,1,9,10,11,1,0,2,0,1,0,133472,0.347,0.957,0.014
459,2.556,0.863,0.001,0.091,0.033,0,0,,0,,,,0,,,,,1004,1004,0,2,3,0,3,3,1,0,1,9,10,11,1,0,2,0,1,0,133472,0.353,0.833,0.01
460,3.687,1.826,0,0.16,0.033,0,0,,0,,,,0,,,,,1004,1004,0,2,3,0,3,3,1,0,1,9,10,11,1,0,2,0,1,0,133472,0.36,0.946,0.007
461,1.883,0.491,0,0.099,0.027,0,0,,0,,,,0,,,,,1004,1004,0,2,3,0,3,3,1,0,1,9,10,11,1,0,2,0,1,0,133472,0.31,0.727,0.006
462,2.271,0.982,0,0.058,0.024,0,0,,0,,,,0,,,,,1004,1004,0,2,3,0,3,3,1,0,1,9,10,11,1,0,2,0,1,0,133472,0.318,0.641,0.006
463,2.321,1.072,0,0.058,0.026,0,0,,0,,,,0,,,,,1004,1004,0,2,3,0,3,3,1,0,1,9,10,11,1,0,2,0,1,0,133472,0.285,0.649,0.005
464,2.816,1.222,0,0.056,0.04,0,0,,0,,,,0,,,,,1004,1004,0,2,3,0,3,3,1,0,1,9,10,11,1,0,2,0,1,0,133472,0.326,0.895,0.011
465,2.398,0.848,0.001,0.049,0.025,0,0,,0,,,,0,,,,,1004,1004,0,2,3,0,3,3,1,0,1,9,10,11,1,0,2,0,1,0,133472,0.339,0.862,0.011
466,2.879,1.126,0,0.078,0.059,0,0,,0,,,,0,,,,,1004,1004,0,2,3,0,3,3,1,0,1,9,10,11,1,0,2,0,1,0,133472,0.374,0.878,0.01
467,3.683,1.813,0,0.097,0.049,0,0,,0,,,,0,,,,,1004,1004,0,2,3,0,3,3,1,0,1,9,10,11,1,0,2,0,1,0,133472,0.361,0.916,0.024
468,2.389,0.579,0,0.047,0.028,0,0,,0,,,,0,,,,,1004,1004,0,2,3,0,3,3,1,0,1,9,10,11,1,0,2,0,1,0,133472,0.423,0.973,0.009
469,2.155,0.649,0,0.122,0.038,0,0,,0,,,,0,,,,,1004,1004,0,2,3,0,3,3,1,0,1,9,10,11,1,0,2,0,1,0,133472,0.344,0.724,0.009
470,2.801,1.023,0.001,0.07,0.065,0,0,,0,,,,0,,,,,1004,1004,0,2,3,0,3,3,1,0,1,9,10,11,1,0,2,0,1,0,133472,0.347,0.944,0.015
471,3.085,0.763,0,0.067,0.05,0,0,,0,,,,0,,,,,1004,1004,0,2,3,0,3,3,1,0,1,9,10,11,1,0,2,0,1,0,133472,0.49,1.248,0.018
472,2.254,0.372,0,0.064,0.047,0,0,,0,,,,0,,,,,1004,1004,0,2,3,0,3,3,1,0,1,9,10,11,1,0,2,0,1,0,133472,0.47,0.944,0.012
473,2.91,1.551,0,0.075,0.03,0,0,,0,,,,0,,,,,1004,1004,0,2,3,0,3,3,1,0,1,9,10,11,1,0,2,0,1,0,133472,0.291,0.688,0.008
474,2.189,0.991,0,0.055,0.027,0,0,,0,,,,0,,,,,1004,1004,0,2,3,0,3,3,1,0,1,9,10,11,1,0,2,0,1,0,133472,0.281,0.628,0.006
475,2.487,1.134,0,0.068,0.026,0,0,,0,,,,0,,,,,1004,1004,0,2,3,0,3,3,1,0,1,9,10,11,1,0,2,0,1,0,133472,0.283,0.69,0.006
476,2.591,0.976,0,0.065,0.102,0,0,,0,,,,0,,,,,1004,1004,0,2,3,0,3,3,1,0,1,9,10,11,1,0,2,0,1,0,133472,0.303,0.807,0.013
477,2.448,0.7,0,0.051,0.056,0,0,,0,,,,0,,,,,1004,1004,0,2,3,0,3,3,1,0,1,9,10,11,1,0,2,0,1,0,133472,0.456,0.878,0.01
478,2.446,0.737,0,0.09,0.035,0,0,,0,,,,0,,,,,1004,1004,0,2,3,0,3,3,1,0,1,9,10,11,1,0,2,0,1,0,133472,0.371,0.876,0.008
479,2.373,1.053,0,0.073,0.039,0,0,,0,,,,0,,,,,1004,1004,0,2,3,0,3,3,1,0,1,9,10,11,1,0,2,0,1,0,133472,0.292,0.613,0.007
480,2.759,1.119,0,0.064,0.034,0,0,,1,843.75,233705472,289001472,1,71217344,71217344,167755776,38823561584,1004,1004,0,2,3,0,3,3,1,0,1,9,10,11,1,0,2,0,1,0,133472,0.368,0.88,0.011
481,3.029,1.271,0,0.06,0.055,0,0,,0,,,,0,,,,,1004,1004,0,2,3,0,3,3,1,0,1,9,10,11,1,0,2,0,1,0,133472,0.4,0.895,0.011
482,2.011,0.448,0.001,0.076,0.029,0,0,,0,,,,0,,,,,1004,1004,0,2,3,0,3,3,1,0,1,9,10,11,1,0,2,0,1,0,133472,0.372,0.835,0.006
483,2.165,0.632,0,0.033,0.065,0,0,,0,,,,0,,,,,1004,1004,0,2,3,0,3,3,1,0,1,9,10,11,1,0,2,0,1,0,133472,0.265,0.978,0.008
484,2.736,0.659,0,0.098,0.058,0,0,,0,,,,0,,,,,1004,1004,0,2,3,0,3,3,1,0,1,9,10,11,1,0,2,0,1,0,133472,0.415,1.035,0.015
485,2.033,0.246,0,0.065,0.04,0,0,,0,,,,0,,,,,1004,1004,0,2,3,0,3,3,1,0,1,9,10,11,1,0,2,0,1,0,133472,0.397,0.945,0.011
486,3.236,1.571,0,0.128,0.041,0,0,,0,,,,0,,,,,1004,1004,0,2,3,0,3,3,1,0,1,9,10,11,1,0,2,0,1,0,133472,0.351,0.836,0.008
487,2.369,0.503,0,0.096,0.045,0,0,,0,,,,0,,,,,1004,1004,0,2,3,0,3,3,1,0,1,9,10,11,1,0,2,0,1,0,133472,0.391,0.921,0.011
488,1.903,0.257,0,0.13,0.038,0,0,,0,,,,0,,,,,1004,1004,0,2,3,0,3,3,1,0,1,9,10,11,1,0,2,0,1,0,133472,0.383,0.773,0.007
489,5.871,3.571,0,0.071,0.056,0,0,,0,,,,0,,,,,1004,1004,0,2,3,0,3,3,1,0,1,9,10,11,1,0,2,0,1,0,133472,0.367,1.393,0.019
490,9.147,7.308,0.001,0.129,0.062,0,0,,0,,,,0,,,,,1004,1004,0,2,3,0,3,3,1,0,1,9,10,11,1,0,2,0,1,0,133472,0.376,0.867,0.013
491,9.131,7.161,0,0.078,0.053,0,0,,0,,,,0,,,,,1004,1004,0,2,3,0,3,3,1,0,1,9,10,11,1,0,2,0,1,0,133472,0.367,1.043,0.016
492,8.683,7.178,0,0.085,0.041,0,0,,0,,,,0,,,,,1004,1004,0,2,3,0,3,3,1,0,1,9,10,11,1,0,2,0,1,0,133472,0.355,0.663,0.009
493,2.737,1.133,0,0.065,0.022,0,0,,0,,,,0,,,,,1004,1004,0,2,3,0,3,3,1,0,1,9,10,11,1,0,2,0,1,0,133472,0.335,0.888,0.008
494,2.995,1.114,0,0.066,0.038,0,0,,0,,,,0,,,,,1004,1004,0,2,3,0,3,3,1,0,1,9,10,11,1,0,2,0,1,0,133472,0.415,1,0.012
495,3.022,1.412,0.001,0.049,0.049,0,0,,0,,,,0,,,,,1004,1004,0,2,3,0,3,3,1,0,1,9,10,11,1,0,2,0,1,0,133472,0.371,0.827,0.011
496,2.579,1.015,0.001,0.133,0.031,0,0,,0,,,,0,,,,,1004,1004,0,2,3,0,3,3,1,0,1,9,10,11,1,0,2,0,1,0,133472,0.387,0.704,0.008
497,3.361,1.778,0,0.065,0.031,0,0,,0,,,,0,,,,,1004,1004,0,2,3,0,3,3,1,0,1,9,10,11,1,0,2,0,1,0,133472,0.299,0.873,0.01
498,2.346,0.921,0,0.068,0.025,0,0,,0,,,,0,,,,,1004,1004,0,2,3,0,3,3,1,0,1,9,10,11,1,0,2,0,1,0,133472,0.362,0.684,0.009
499,2.447,0.96,0.001,0.158,0.039,0,0,,0,,,,0,,,,,1004,1004,0,2,3,0,3,3,1,0,1,9,10,11,1,0,2,0,1,0,133472,0.292,0.665,0.007
500,2.501,0.693,0,0.089,0.04,0,0,,0,,,,0,,,,,1004,1004,0,2,3,0,3,3,1,0,1,9,10,11,1,0,2,0,1,0,133472,0.402,0.948,0.011
501,2.023,0.341,0,0.05,0.038,0,0,,0,,,,0,,,,,1004,1004,0,2,3,0,3,3,1,0,1,9,10,11,1,0,2,0,1,0,133472,0.327,0.961,0.013
502,3.355,0.676,0,0.083,0.057,0,0,,0,,,,0,,,,,1004,1004,0,2,3,0,3,3,1,0,1,9,10,11,1,0,2,0,1,0,133472,0.554,1.521,0.015
503,2.238,0.748,0,0.075,0.035,0,0,,0,,,,0,,,,,1004,1004,0,2,3,0,3,3,1,0,1,9,10,11,1,0,2,0,1,0,133472,0.323,0.74,0.009
504,2.153,0.751,0,0.067,0.021,0,0,,0,,,,0,,,,,1004,1004,0,2,3,0,3,3,1,0,1,9,10,11,1,0,2,0,1,0,133472,0.326,0.703,0.008
505,2.701,0.87,0,0.067,0.03,0,0,,0,,,,0,,,,,1004,1004,0,2,3,0,3,3,1,0,1,9,10,11,1,0,2,0,1,0,133472,0.392,0.972,0.011
506,1.839,0.424,0,0.079,0.028,0,0,,0,,,,0,,,,,1004,1004,0,2,3,0,3,3,1,0,1,9,10,11,1,0,2,0,1,0,133472,0.328,0.701,0.006
507,2.672,0.971,0,0.108,0.045,0,0,,0,,,,0,,,,,1004,1004,0,2,3,0,3,3,1,0,1,9,10,11,1,0,2,0,1,0,133472,0.344,0.837,0.009
508,2.752,0.644,0,0.089,0.038,0,0,,0,,,,0,,,,,1004,1004,0,2,3,0,3,3,1,0,1,9,10,11,1,0,2,0,1,0,133472,0.54,0.941,0.013
509,4.084,1.404,0,0.091,0.053,0,0,,0,,,,0,,,,,1004,1004,0,2,3,0,3,3,1,0,1,9,10,11,1,0,2,0,1,0,133472,0.613,1.441,0.013
510,1.573,0.051,0,0.127,0.041,0,0,,1,906.25,233705472,289001472,1,71217344,71217344,167755776,38823561584,1004,1004,0,2,3,0,3,3,1,0,1,9,10,11,1,0,2,0,1,0,133472,0.323,0.709,0.008
511,3.055,1.351,0,0.067,0.041,0,0,,0,,,,0,,,,,1004,1004,0,2,3,0,3,3,1,0,1,9,10,11,1,0,2,0,1,0,133472,0.422,0.79,0.009
512,1.506,0.001,0,0.04,0.023,0,0,,0,,,,0,,,,,1004,1004,0,2,3,0,3,3,1,0,1,9,10,11,1,0,2,0,1,0,133472,0.353,0.855,0.007
513,1.766,0,0,0.044,0.042,0,0,,0,,,,0,,,,,1004,1004,0,2,3,0,3,3,1,0,1,9,10,11,1,0,2,0,1,0,133472,0.371,1.024,0.016
514,2.044,0.001,0,0.06,0.049,0,0,,0,,,,0,,,,,1004,1004,0,2,3,0,3,3,1,0,1,9,10,11,1,0,2,0,1,0,133472,0.423,1.077,0.017
515,1.77,0.001,0,0.058,0.029,0,0,,0,,,,0,,,,,1004,1004,0,2,3,0,3,3,1,0,1,9,10,11,1,0,2,0,1,0,133472,0.37,1.033,0.014
516,1.83,0.001,0,0.048,0.045,0,0,,0,,,,0,,,,,1004,1004,0,2,3,0,3,3,1,0,1,9,10,11,1,0,2,0,1,0,133472,0.418,0.943,0.011
517,1.591,0.001,0,0.048,0.026,0,0,,0,,,,0,,,,,1004,1004,0,2,3,0,3,3,1,0,1,9,10,11,1,0,2,0,1,0,133472,0.368,0.889,0.006
518,1.557,0.136,0,0.04,0.027,0,0,,0,,,,0,,,,,1004,1004,0,2,3,0,3,3,1,0,1,9,10,11,1,0,2,0,1,0,133472,0.314,0.838,0.007
519,1.733,0.152,0,0.04,0.024,0,0,,0,,,,0,,,,,1004,1004,0,2,3,0,3,3,1,0,1,9,10,11,1,0,2,0,1,0,133472,0.334,0.973,0.009
520,1.708,0.001,0,0.04,0.025,0,0,,0,,,,0,,,,,1004,1004,0,2,3,0,3,3,1,0,1,9,10,11,1,0,2,0,1,0,133472,0.352,1.066,0.014
521,1.814,0.001,0,0.047,0.028,0,0,,0,,,,0,,,,,1004,1004,0,2,3,0,3,3,1,0,1,9,10,11,1,0,2,0,1,0,133472,0.423,1.037,0.008
522,1.699,0.045,0,0.062,0.024,0,0,,0,,,,0,,,,,1004,1004,0,2,3,0,3,3,1,0,1,9,10,11,1,0,2,0,1,0,133472,0.393,0.907,0.007
523,1.961,0.103,0,0.041,0.043,0,0,,0,,,,0,,,,,1004,1004,0,2,3,0,3,3,1,0,1,9,10,11,1,0,2,0,1,0,133472,0.375,1.047,0.015
524,1.741,0,0,0.055,0.034,0,0,,0,,,,0,,,,,1004,1004,0,2,3,0,3,3,1,0,1,9,10,11,1,0,2,0,1,0,133472,0.41,0.972,0.01
525,1.708,0,0,0.046,0.026,0,0,,0,,,,0,,,,,1004,1004,0,2,3,0,3,3,1,0,1,9,10,11,1,0,2,0,1,0,133472,0.359,1.005,0.012
526,1.809,0.13,0.001,0.055,0.038,0,0,,0,,,,0,,,,,1004,1004,0,2,3,0,3,3,1,0,1,9,10,11,1,0,2,0,1,0,133472,0.38,0.881,0.011
527,1.55,0,0,0.054,0.029,0,0,,0,,,,0,,,,,1004,1004,0,2,3,0,3,3,1,0,1,9,10,11,1,0,2,0,1,0,133472,0.352,0.897,0.007
528,2.097,0.522,0,0.084,0.033,0,0,,0,,,,0,,,,,1004,1004,0,2,3,0,3,3,1,0,1,9,10,11,1,0,2,0,1,0,133472,0.348,0.766,0.011
529,1.493,0.001,0,0.042,0.02,0,0,,0,,,,0,,,,,1004,1004,0,2,3,0,3,3,1,0,1,9,10,11,1,0,2,0,1,0,133472,0.347,0.841,0.008
530,1.379,0.024,0,0.04,0.027,0,0,,0,,,,0,,,,,1004,1004,0,2,3,0,3,3,1,0,1,9,10,11,1,0,2,0,1,0,133472,0.327,0.762,0.006
531,2.358,1.029,0.001,0.07,0.025,0,0,,0,,,,0,,,,,1004,1004,0,2,3,0,3,3,1,0,1,9,10,11,1,0,2,0,1,0,133472,0.315,0.658,0.006
532,3.017,1.221,0,0.06,0.04,0,0,,0,,,,0,,,,,1004,1004,0,2,3,0,3,3,1,0,1,9,10,11,1,0,2,0,1,0,133472,0.417,0.846,0.01
533,2.601,0.756,0,0.049,0.034,0,0,,0,,,,0,,,,,1004,1004,0,2,3,0,3,3,1,0,1,9,10,11,1,0,2,0,1,0,133472,0.444,0.921,0.011
534,2.991,1.513,0,0.071,0.046,0,0,,0,,,,0,,,,,1004,1004,0,2,3,0,3,3,1,0,1,9,10,11,1,0,2,0,1,0,133472,0.333,0.68,0.01
535,2.997,1.472,0.001,0.06,0.026,0,0,,0,,,,0,,,,,1004,1004,0,2,3,0,3,3,1,0,1,9,10,11,1,0,2,0,1,0,133472,0.366,0.8,0.009
536,2.977,1.473,0.001,0.067,0.031,0,0,,0,,,,0,,,,,1004,1004,0,2,3,0,3,3,1,0,1,9,10,11,1,0,2,0,1,0,133472,0.333,0.766,0.008
537,3.01,1.503,0,0.056,0.046,0,0,,0,,,,0,,,,,1004,1004,0,2,3,0,3,3,1,0,1,9,10,11,1,0,2,0,1,0,133472,0.293,0.756,0.037
538,2.694,0.955,0,0.053,0.038,0,0,,0,,,,0,,,,,1004,1004,0,2,3,0,3,3,1,0,1,9,10,11,1,0,2,0,1,0,133472,0.381,0.951,0.015
539,6.51,5.011,0.001,0.09,0.042,0,0,,0,,,,0,,,,,1004,1004,0,2,3,0,3,3,1,0,1,9,10,11,1,0,2,0,1,0,133472,0.257,0.694,0.01
540,9.489,7.141,0.001,0.067,0.049,0,0,,1,968.75,233705472,289001472,1,71217344,71217344,167755776,38823561584,1004,1004,0,2,3,0,3,3,1,0,1,9,10,11,1,0,2,0,1,0,133472,0.457,1.278,0.016
541,2.08,0.329,0,0.041,0.144,0,0,,0,,,,0,,,,,1004,1004,0,2,3,0,3,3,1,0,1,9,10,11,1,0,2,0,1,0,133472,0.327,0.925,0.024
542,5.06,2.913,0,0.062,0.062,0,0,,0,,,,0,,,,,1004,1004,0,2,3,0,3,3,1,0,1,9,10,11,1,0,2,0,1,0,133472,0.454,1.16,0.026
543,4.988,3.002,0,0.07,0.04,0,0,,0,,,,0,,,,,1004,1004,0,2,3,0,3,3,1,0,1,9,10,11,1,0,2,0,1,0,133472,0.436,1.05,0.015
544,13.224,11.613,0,0.065,0.043,0,0,,0,,,,0,,,,,1004,1004,0,2,3,0,3,3,1,0,1,9,10,11,1,0,2,0,1,0,133472,0.373,0.761,0.015
545,18.078,16.54,0,0.085,0.052,0,0,,0,,,,0,,,,,1004,1004,0,2,3,0,3,3,1,0,1,9,10,11,1,0,2,0,1,0,133472,0.272,0.733,0.013
546,3.905,2.355,0,0.075,0.027,0,0,,0,,,,0,,,,,1004,1004,0,2,3,0,3,3,1,0,1,9,10,11,1,0,2,0,1,0,133472,0.263,0.88,0.008
547,3.908,2.12,0,0.087,0.109,0,0,,0,,,,0,,,,,1004,1004,0,2,3,0,3,3,1,0,1,9,10,11,1,0,2,0,1,0,133472,0.307,0.919,0.012
548,12.256,10.981,0,0.079,0.042,0,0,,0,,,,0,,,,,1004,1004,0,2,3,0,3,3,1,0,1,9,10,11,1,0,2,0,1,0,133472,0.23,0.618,0.011
549,3.024,1.249,0.001,0.092,0.033,0,0,,0,,,,0,,,,,1004,1004,0,2,3,0,3,3,1,0,1,9,10,11,1,0,2,0,1,0,133472,0.429,0.852,0.01
550,2.088,0,0,0.072,0.033,0,0,,0,,,,0,,,,,1004,1004,0,2,3,0,3,3,1,0,1,9,10,11,1,0,2,0,1,0,133472,0.397,1.168,0.011
551,2.173,0.549,0.001,0.145,0.034,0,0,,0,,,,0,,,,,1004,1004,0,2,3,0,3,3,1,0,1,9,10,11,1,0,2,0,1,0,133472,0.31,0.754,0.01
552,1.343,0,0,0.03,0.026,0,0,,0,,,,0,,,,,1004,1004,0,2,3,0,3,3,1,0,1,9,10,11,1,0,2,0,1,0,133472,0.31,0.777,0.006
553,2.315,0.781,0,0.118,0.034,0,0,,0,,,,0,,,,,1004,1004,0,2,3,0,3,3,1,0,1,9,10,11,1,0,2,0,1,0,133472,0.288,0.823,0.01
554,1.588,0,0,0.042,0.043,0,0,,0,,,,0,,,,,1004,1004,0,2,3,0,3,3,1,0,1,9,10,11,1,0,2,0,1,0,133472,0.394,0.887,0.011
555,1.4,0,0,0.036,0.018,0,0,,0,,,,0,,,,,1004,1004,0,2,3,0,3,3,1,0,1,9,10,11,1,0,2,0,1,0,133472,0.329,0.82,0.008
556,1.451,0,0,0.04,0.017,0,0,,0,,,,0,,,,,1004,1004,0,2,3,0,3,3,1,0,1,9,10,11,1,0,2,0,1,0,133472,0.341,0.854,0.006
557,1.69,0.253,0,0.037,0.024,0,0,,0,,,,0,,,,,1004,1004,0,2,3,0,3,3,1,0,1,9,10,11,1,0,2,0,1,0,133472,0.33,0.78,0.008
558,2.159,0.494,0.001,0.062,0.045,0,0,,0,,,,0,,,,,1004,1004,0,2,3,0,3,3,1,0,1,9,10,11,1,0,2,0,1,0,133472,0.391,0.819,0.014
559,2.567,1.008,0,0.053,0.038,0,0,,0,,,,0,,,,,1004,1004,0,2,3,0,3,3,1,0,1,9,10,11,1,0,2,0,1,0,133472,0.334,0.856,0.009
560,1.804,0.417,0,0.05,0.035,0,0,,0,,,,0,,,,,1004,1004,0,2,3,0,3,3,1,0,1,9,10,11,1,0,2,0,1,0,133472,0.332,0.689,0.01
561,1.588,0.165,0,0.04,0.02,0,0,,0,,,,0,,,,,1004,1004,0,2,3,0,3,3,1,0,1,9,10,11,1,0,2,0,1,0,133472,0.394,0.76,0.005
562,2.114,0.827,0,0.072,0.025,0,0,,0,,,,0,,,,,1004,1004,0,2,3,0,3,3,1,0,1,9,10,11,1,0,2,0,1,0,133472,0.248,0.678,0.007
563,2.808,1.614,0,0.094,0.024,0,0,,0,,,,0,,,,,1004,1004,0,2,3,0,3,3,1,0,1,9,10,11,1,0,2,0,1,0,133472,0.245,0.572,0.005
564,2.163,0.972,0,0.068,0.019,0,0,,0,,,,0,,,,,1004,1004,0,2,3,0,3,3,1,0,1,9,10,11,1,0,2,0,1,0,133472,0.249,0.645,0.004
565,2.858,0.964,0,0.086,0.047,0,0,,0,,,,0,,,,,1004,1004,0,2,3,0,3,3,1,0,1,9,10,11,1,0,2,0,1,0,133472,0.414,0.995,0.011
566,1.808,0.179,0,0.039,0.043,0,0,,0,,,,0,,,,,1004,1004,0,2,3,0,3,3,1,0,1,9,10,11,1,0,2,0,1,0,133472,0.296,1.026,0.018
567,2.504,0.868,0.001,0.068,0.03,0,0,,0,,,,0,,,,,1004,1004,0,2,3,0,3,3,1,0,1,9,10,11,1,0,2,0,1,0,133472,0.369,0.863,0.008
568,3.36,1.916,0,0.063,0.022,0,0,,0,,,,0,,,,,1004,1004,0,2,3,0,3,3,1,0,1,9,10,11,1,0,2,0,1,0,133472,0.314,0.791,0.005
569,2.454,0.904,0,0.062,0.023,0,0,,0,,,,0,,,,,1004,1004,0,2,3,0,3,3,1,0,1,9,10,11,1,0,2,0,1,0,133472,0.308,0.903,0.006
570,2.131,0.767,0,0.062,0.021,0,0,,1,1015.625,233771008,289001472,1,71217344,71217344,167755776,38823561584,1004,1004,0,2,3,0,3,3,1,0,1,9,10,11,1,0,2,0,1,0,133472,0.359,0.674,0.005
571,2.367,1.007,0,0.059,0.021,0,0,,0,,,,0,,,,,1004,1004,0,2,3,0,3,3,1,0,1,9,10,11,1,0,2,0,1,0,133472,0.344,0.677,0.01
572,3.01,1.075,0,0.064,0.046,0,0,,0,,,,0,,,,,1004,1004,0,2,3,0,3,3,1,0,1,9,10,11,1,0,2,0,1,0,133472,0.384,1.026,0.011
573,1.98,0.315,0,0.079,0.04,0,0,,0,,,,0,,,,,1004,1004,0,2,3,0,3,3,1,0,1,9,10,11,1,0,2,0,1,0,133472,0.32,0.918,0.013
574,2.289,0.784,0,0.053,0.035,0,0,,0,,,,0,,,,,1004,1004,0,2,3,0,3,3,1,0,1,9,10,11,1,0,2,0,1,0,133472,0.337,0.824,0.008
575,3.355,1.87,0.001,0.072,0.035,0,0,,0,,,,0,,,,,1004,1004,0,2,3,0,3,3,1,0,1,9,10,11,1,0,2,0,1,0,133472,0.332,0.752,0.008
576,2.305,0.713,0,0.101,0.037,0,0,,0,,,,0,,,,,1004,1004,0,2,3,0,3,3,1,0,1,9,10,11,1,0,2,0,1,0,133472,0.323,0.829,0.008
577,2.059,0.576,0.001,0.052,0.04,0,0,,0,,,,0,,,,,1004,1004,0,2,3,0,3,3,1,0,1,9,10,11,1,0,2,0,1,0,133472,0.356,0.781,0.009
578,2.048,0.73,0,0.035,0.042,0,0,,0,,,,0,,,,,1004,1004,0,2,3,0,3,3,1,0,1,9,10,11,1,0,2,0,1,0,133472,0.256,0.773,0.011
579,2.699,0.817,0,0.053,0.052,0,0,,0,,,,0,,,,,1004,1004,0,2,3,0,3,3,1,0,1,9,10,11,1,0,2,0,1,0,133472,0.436,0.935,0.014
580,2.415,0.509,0,0.055,0.042,0,0,,0,,,,0,,,,,1004,1004,0,2,3,0,3,3,1,0,1,9,10,11,1,0,2,0,1,0,133472,0.456,1.001,0.011
581,2.884,1.478,0,0.07,0.04,0,0,,0,,,,0,,,,,1004,1004,0,2,3,0,3,3,1,0,1,9,10,11,1,0,2,0,1,0,133472,0.312,0.69,0.007
582,2.174,0.738,0,0.071,0.026,0,0,,0,,,,0,,,,,1004,1004,0,2,3,0,3,3,1,0,1,9,10,11,1,0,2,0,1,0,133472,0.333,0.707,0.005
583,2.185,0.78,0,0.057,0.035,0,0,,0,,,,0,,,,,1004,1004,0,2,3,0,3,3,1,0,1,9,10,11,1,0,2,0,1,0,133472,0.307,0.679,0.007
584,2.038,0.785,0.001,0.112,0.03,0,0,,0,,,,0,,,,,1004,1004,0,2,3,0,3,3,1,0,1,9,10,11,1,0,2,0,1,0,133472,0.273,0.591,0.005
585,2.453,0.852,0,0.065,0.066,0,0,,0,,,,0,,,,,1004,1004,0,2,3,0,3,3,1,0,1,9,10,11,1,0,2,0,1,0,133472,0.262,0.848,0.034
586,2.084,0.161,0,0.133,0.049,0,0,,0,,,,0,,,,,1004,1004,0,2,3,0,3,3,1,0,1,9,10,11,1,0,2,0,1,0,133472,0.401,0.934,0.013
587,2.122,0.183,0,0.052,0.043,0,0,,0,,,,0,,,,,1004,1004,0,2,3,0,3,3,1,0,1,9,10,11,1,0,2,0,1,0,133472,0.471,1.015,0.016
588,2.027,0.449,0,0.05,0.024,0,0,,0,,,,0,,,,,1004,1004,0,2,3,0,3,3,1,0,1,9,10,11,1,0,2,0,1,0,133472,0.411,0.784,0.008
589,2.381,0.782,0,0.096,0.031,0,0,,0,,,,0,,,,,1004,1004,0,2,3,0,3,3,1,0,1,9,10,11,1,0,2,0,1,0,133472,0.312,0.825,0.01
590,2.982,1.133,0.001,0.063,0.048,0,0,,0,,,,0,,,,,1004,1004,0,2,3,0,3,3,1,0,1,9,10,11,1,0,2,0,1,0,133472,0.389,0.99,0.014
591,1.436,0.247,0,0.04,0.017,0,0,,0,,,,0,,,,,1004,1004,0,2,3,0,3,3,1,0,1,9,10,11,1,0,2,0,1,0,133472,0.267,0.576,0.005
592,2.478,0.956,0.001,0.168,0.046,0,0,,0,,,,0,,,,,1004,1004,0,2,3,0,3,3,1,0,1,9,10,11,1,0,2,0,1,0,133472,0.275,0.719,0.031
593,2.437,0.552,0.001,0.057,0.046,0,0,,0,,,,0,,,,,1004,1004,0,2,3,0,3,3,1,0,1,9,10,11,1,0,2,0,1,0,133472,0.549,0.899,0.018
594,7.227,5.434,0,0.059,0.052,0,0,,0,,,,0,,,,,1004,1004,0,2,3,0,3,3,1,0,1,9,10,11,1,0,2,0,1,0,133472,0.399,0.91,0.014
595,7.86,6.018,0.001,0.11,0.047,0,0,,0,,,,0,,,,,1004,1004,0,2,3,0,3,3,1,0,1,9,10,11,1,0,2,0,1,0,133472,0.29,0.986,0.026
596,9.88,8.07,0.001,0.083,0.047,0,0,,0,,,,0,,,,,1004,1004,0,2,3,0,3,3,1,0,1,9,10,11,1,0,2,0,1,0,133472,0.354,0.917,0.012
597,2.611,0.775,0,0.177,0.026,0,0,,0,,,,0,,,,,1004,1004,0,2,3,0,3,3,1,0,1,9,10,11,1,0,2,0,1,0,133472,0.392,0.904,0.008
598,2.352,0.712,0,0.062,0.032,0,0,,0,,,,0,,,,,1004,1004,0,2,3,0,3,3,1,0,1,9,10,11,1,0,2,0,1,0,133472,0.301,0.837,0.008
599,3.406,1.585,0,0.055,0.045,0,0,,0,,,,0,,,,,1004,1004,0,2,3,0,3,3,1,0,1,9,10,11,1,0,2,0,1,0,133472,0.431,0.935,0.014
600,2.776,0.635,0,0.055,0.04,0,0,,1,1109.375,233771008,289001472,1,71217344,71217344,167755776,38823561584,1004,1004,0,2,3,0,3,3,1,0,1,9,10,11,1,0,2,0,1,0,133472,0.448,1.225,0.013
601,2.56,1.044,0,0.055,0.027,0,0,,0,,,,0,,,,,1004,1004,0,2,3,0,3,3,1,0,1,9,10,11,1,0,2,0,1,0,133472,0.351,0.798,0.008
602,2.762,1.111,0,0.064,0.032,0,0,,0,,,,0,,,,,1004,1004,0,2,3,0,3,3,1,0,1,9,10,11,1,0,2,0,1,0,133472,0.486,0.809,0.009
603,2.315,0.662,0,0.199,0.042,0,0,,0,,,,0,,,,,1004,1004,0,2,3,0,3,3,1,0,1,9,10,11,1,0,2,0,1,0,133472,0.319,0.767,0.009
604,2.066,0.599,0,0.113,0.023,0,0,,0,,,,0,,,,,1004,1004,0,2,3,0,3,3,1,0,1,9,10,11,1,0,2,0,1,0,133472,0.275,0.689,0.005
605,2.584,0.777,0.001,0.11,0.039,0,0,,0,,,,0,,,,,1004,1004,0,2,3,0,3,3,1,0,1,9,10,11,1,0,2,0,1,0,133472,0.229,1.022,0.015
606,2.145,0.449,0,0.065,0.043,0,0,,0,,,,0,,,,,1004,1004,0,2,3,0,3,3,1,0,1,9,10,11,1,0,2,0,1,0,133472,0.364,0.897,0.011
607,2.25,0.791,0,0.053,0.027,0,0,,0,,,,0,,,,,1004,1004,0,2,3,0,3,3,1,0,1,9,10,11,1,0,2,0,1,0,133472,0.34,0.769,0.009
608,3.651,2.29,0.001,0.137,0.023,0,0,,0,,,,0,,,,,1004,1004,0,2,3,0,3,3,1,0,1,9,10,11,1,0,2,0,1,0,133472,0.314,0.635,0.006
609,2.615,0.98,0,0.155,0.032,0,0,,0,,,,0,,,,,1004,1004,0,2,3,0,3,3,1,0,1,9,10,11,1,0,2,0,1,0,133472,0.327,0.824,0.009
610,2.327,0.842,0,0.086,0.028,0,0,,0,,,,0,,,,,1004,1004,0,2,3,0,3,3,1,0,1,9,10,11,1,0,2,0,1,0,133472,0.34,0.717,0.006
611,1.923,0.655,0,0.074,0.023,0,0,,0,,,,0,,,,,1004,1004,0,2,3,0,3,3,1,0,1,9,10,11,1,0,2,0,1,0,133472,0.267,0.648,0.004
612,2.803,0.945,0,0.049,0.088,0,0,,0,,,,0,,,,,1004,1004,0,2,3,0,3,3,1,0,1,9,10,11,1,0,2,0,1,0,133472,0.366,1.048,0.017
613,2.245,0.493,0.001,0.057,0.037,0,0,,0,,,,0,,,,,1004,1004,0,2,3,0,3,3,1,0,1,9,10,11,1,0,2,0,1,0,133472,0.365,0.929,0.013
614,2.347,0.798,0.001,0.051,0.044,0,0,,0,,,,0,,,,,1004,1004,0,2,3,0,3,3,1,0,1,9,10,11,1,0,2,0,1,0,133472,0.348,0.832,0.007
615,3.493,2.026,0,0.072,0.025,0,0,,0,,,,0,,,,,1004,1004,0,2,3,0,3,3,1,0,1,9,10,11,1,0,2,0,1,0,133472,0.271,0.821,0.009
616,2.297,0.911,0,0.054,0.036,0,0,,0,,,,0,,,,,1004,1004,0,2,3,0,3,3,1,0,1,9,10,11,1,0,2,0,1,0,133472,0.341,0.698,0.007
617,2.445,1.011,0,0.09,0.027,0,0,,0,,,,0,,,,,1004,1004,0,2,3,0,3,3,1,0,1,9,10,11,1,0,2,0,1,0,133472,0.29,0.67,0.005
618,2.853,0.991,0,0.075,0.037,0,0,,0,,,,0,,,,,1004,1004,0,2,3,0,3,3,1,0,1,9,10,11,1,0,2,0,1,0,133472,0.31,1.079,0.017
619,2.471,0.579,0.001,0.093,0.039,0,0,,0,,,,0,,,,,1004,1004,0,2,3,0,3,3,1,0,1,9,10,11,1,0,2,0,1,0,133472,0.399,0.977,0.011
620,2.412,0.782,0,0.049,0.047,0,0,,0,,,,0,,,,,1004,1004,0,2,3,0,3,3,1,0,1,9,10,11,1,0,2,0,1,0,133472,0.354,0.894,0.01
621,3.925,2.21,0.001,0.05,0.041,0,0,,0,,,,0,,,,,1004,1004,0,2,3,0,3,3,1,0,1,9,10,11,1,0,2,0,1,0,133472,0.348,0.968,0.011
622,6.981,5.244,0,0.07,0.045,0,0,,0,,,,0,,,,,1004,1004,0,2,3,0,3,3,1,0,1,9,10,11,1,0,2,0,1,0,133472,0.358,0.882,0.037
623,1.788,0,0,0.136,0.039,0,0,,0,,,,0,,,,,1004,1004,0,2,3,0,3,3,1,0,1,9,10,11,1,0,2,0,1,0,133472,0.403,0.927,0.028
624,1.724,0.001,0.001,0.046,0.033,0,0,,0,,,,0,,,,,1004,1004,0,2,3,0,3,3,1,0,1,9,10,11,1,0,2,0,1,0,133472,0.412,0.977,0.012
625,1.631,0.085,0,0.075,0.032,0,0,,0,,,,0,,,,,1004,1004,0,2,3,0,3,3,1,0,1,9,10,11,1,0,2,0,1,0,133472,0.349,0.769,0.009
626,1.262,0.001,0,0.036,0.02,0,0,,0,,,,0,,,,,1004,1004,0,2,3,0,3,3,1,0,1,9,10,11,1,0,2,0,1,0,133472,0.305,0.713,0.005
627,2.788,1.106,0,0.073,0.042,0,0,,0,,,,0,,,,,1004,1004,0,2,3,0,3,3,1,0,1,9,10,11,1,0,2,0,1,0,133472,0.311,0.861,0.007
628,1.799,0.481,0,0.064,0.017,0,0,,0,,,,0,,,,,1004,1004,0,2,3,0,3,3,1,0,1,9,10,11,1,0,2,0,1,0,133472,0.273,0.666,0.005
629,1.843,0.545,0,0.083,0.022,0,0,,0,,,,0,,,,,1004,1004,0,2,3,0,3,3,1,0,1,9,10,11,1,0,2,0,1,0,133472,0.264,0.648,0.005
630,1.839,0.633,0,0.081,0.023,0,0,,1,1187.5,233771008,289001472,1,71217344,71217344,167755776,38823561584,1004,1004,0,2,3,0,3,3,1,0,1,9,10,11,1,0,2,0,1,0,133472,0.233,0.606,0.005
631,1.712,0.301,0,0.076,0.03,0,0,,0,,,,0,,,,,1004,1004,0,2,3,0,3,3,1,0,1,9,10,11,1,0,2,0,1,0,133472,0.24,0.739,0.012
632,1.95,0.164,0,0.049,0.037,0,0,,0,,,,0,,,,,1004,1004,0,2,3,0,3,3,1,0,1,9,10,11,1,0,2,0,1,0,133472,0.418,0.909,0.015
633,1.668,0.001,0.001,0.051,0.03,0,0,,0,,,,0,,,,,1004,1004,0,2,3,0,3,3,1,0,1,9,10,11,1,0,2,0,1,0,133472,0.372,0.911,0.014
634,1.499,0.103,0,0.049,0.022,0,0,,0,,,,0,,,,,1004,1004,0,2,3,0,3,3,1,0,1,9,10,11,1,0,2,0,1,0,133472,0.36,0.726,0.011
635,11.676,10.125,0,0.055,0.06,0,0,,0,,,,0,,,,,1004,1004,0,2,3,0,3,3,1,0,1,9,10,11,1,0,2,0,1,0,133472,0.302,0.691,0.015
636,4.793,3.127,0,0.054,0.04,0,0,,0,,,,0,,,,,1004,1004,0,2,3,0,3,3,1,0,1,9,10,11,1,0,2,0,1,0,133472,0.386,0.859,0.012
637,2.776,1.052,0,0.062,0.043,0,0,,0,,,,0,,,,,1004,1004,0,2,3,0,3,3,1,0,1,9,10,11,1,0,2,0,1,0,133472,0.4,0.892,0.01
638,2.858,1.49,0.001,0.103,0.03,0,0,,0,,,,0,,,,,1004,1004,0,2,3,0,3,3,1,0,1,9,10,11,1,0,2,0,1,0,133472,0.274,0.653,0.006
639,2.228,0.967,0,0.075,0.025,0,0,,0,,,,0,,,,,1004,1004,0,2,3,0,3,3,1,0,1,9,10,11,1,0,2,0,1,0,133472,0.263,0.632,0.006
640,2.324,1.068,0,0.078,0.034,0,0,,0,,,,0,,,,,1004,1004,0,2,3,0,3,3,1,0,1,9,10,11,1,0,2,0,1,0,133472,0.22,0.618,0.005
641,2.771,1.05,0,0.123,0.037,0,0,,0,,,,0,,,,,1004,1004,0,2,3,0,3,3,1,0,1,9,10,11,1,0,2,0,1,0,133472,0.345,0.854,0.009
642,1.789,0.001,0,0.043,0.031,0,0,,0,,,,0,,,,,1004,1004,0,2,3,0,3,3,1,0,1,9,10,11,1,0,2,0,1,0,133472,0.371,1.035,0.016
643,1.803,0.001,0,0.058,0.055,0,0,,0,,,,0,,,,,1004,1004,0,2,3,0,3,3,1,0,1,9,10,11,1,0,2,0,1,0,133472,0.381,0.873,0.016
644,1.299,0.001,0.001,0.051,0.022,0,0,,0,,,,0,,,,,1004,1004,0,2,3,0,3,3,1,0,1,9,10,11,1,0,2,0,1,0,133472,0.33,0.684,0.005
645,1.049,0.001,0,0.025,0.019,0,0,,0,,,,0,,,,,1004,1004,0,2,3,0,3,3,1,0,1,9,10,11,1,0,2,0,1,0,133472,0.273,0.594,0.003
646,1.227,0.076,0,0.027,0.024,0,0,,0,,,,0,,,,,1004,1004,0,2,3,0,3,3,1,0,1,9,10,11,1,0,2,0,1,0,133472,0.386,0.58,0.005
647,1.438,0.048,0.001,0.074,0.036,0,0,,0,,,,0,,,,,1004,1004,0,2,3,0,3,3,1,0,1,9,10,11,1,0,2,0,1,0,133472,0.316,0.722,0.006
648,1.193,0,0,0.031,0.022,0,0,,0,,,,0,,,,,1004,1004,0,2,3,0,3,3,1,0,1,9,10,11,1,0,2,0,1,0,133472,0.287,0.68,0.006
649,1.213,0.001,0,0.031,0.023,0,0,,0,,,,0,,,,,1004,1004,0,2,3,0,3,3,1,0,1,9,10,11,1,0,2,0,1,0,133472,0.336,0.67,0.003
650,1.085,0.001,0,0.031,0.022,0,0,,0,,,,0,,,,,1004,1004,0,2,3,0,3,3,1,0,1,9,10,11,1,0,2,0,1,0,133472,0.283,0.6,0.004
651,1.402,0.061,0.001,0.135,0.037,0,0,,0,,,,0,,,,,1004,1004,0,2,3,0,3,3,1,0,1,9,10,11,1,0,2,0,1,0,133472,0.299,0.602,0.008
652,1.12,0.001,0,0.034,0.023,0,0,,0,,,,0,,,,,1004,1004,0,2,3,0,3,3,1,0,1,9,10,11,1,0,2,0,1,0,133472,0.229,0.672,0.005
653,1.999,0.358,0,0.054,0.04,0,0,,0,,,,0,,,,,1004,1004,0,2,3,0,3,3,1,0,1,9,10,11,1,0,2,0,1,0,133472,0.402,0.836,0.012
654,1.746,0.001,0.001,0.048,0.074,0,0,,0,,,,0,,,,,1004,1004,0,2,3,0,3,3,1,0,1,9,10,11,1,0,2,0,1,0,133472,0.322,1.006,0.024
655,2.025,0.001,0.001,0.047,0.035,0,0,,0,,,,0,,,,,1004,1004,0,2,3,0,3,3,1,0,1,9,10,11,1,0,2,0,1,0,133472,0.437,1.198,0.017
656,1.415,0.001,0,0.072,0.023,0,0,,0,,,,0,,,,,1004,1004,0,2,3,0,3,3,1,0,1,9,10,11,1,0,2,0,1,0,133472,0.326,0.773,0.005
657,1.71,0.521,0,0.032,0.021,0,0,,0,,,,0,,,,,1004,1004,0,2,3,0,3,3,1,0,1,9,10,11,1,0,2,0,1,0,133472,0.276,0.687,0.005
658,2.179,0.772,0,0.094,0.029,0,0,,0,,,,0,,,,,1004,1004,0,2,3,0,3,3,1,0,1,9,10,11,1,0,2,0,1,0,133472,0.284,0.67,0.008
659,2.474,1.029,0,0.127,0.026,0,0,,0,,,,0,,,,,1004,1004,0,2,3,0,3,3,1,0,1,9,10,11,1,0,2,0,1,0,133472,0.269,0.673,0.007
660,2.522,1.163,0,0.102,0.02,0,0,,1,1265.625,233771008,289001472,1,71217344,71217344,167755776,38823561584,1004,1004,0,2,3,0,3,3,1,0,1,9,10,11,1,0,2,0,1,0,133472,0.286,0.725,0.007
661,3.003,1.357,0,0.057,0.069,0,0,,0,,,,0,,,,,1004,1004,0,2,3,0,3,3,1,0,1,9,10,11,1,0,2,0,1,0,133472,0.338,0.847,0.012
662,2.974,1.093,0,0.076,0.036,0,0,,0,,,,0,,,,,1004,1004,0,2,3,0,3,3,1,0,1,9,10,11,1,0,2,0,1,0,133472,0.473,0.897,0.013
663,4.107,2.728,0,0.109,0.035,0,0,,0,,,,0,,,,,1004,1004,0,2,3,0,3,3,1,0,1,9,10,11,1,0,2,0,1,0,133472,0.301,0.653,0.008
664,10.152,8.089,0,0.089,0.043,0,0,,0,,,,0,,,,,1004,1004,0,2,3,0,3,3,1,0,1,9,10,11,1,0,2,0,1,0,133472,0.464,0.995,0.016
665,2.661,1.075,0,0.055,0.037,0,0,,0,,,,0,,,,,1004,1004,0,2,3,0,3,3,1,0,1,9,10,11,1,0,2,0,1,0,133472,0.348,0.846,0.011
666,4.578,2.953,0.001,0.102,0.034,0,0,,0,,,,0,,,,,1004,1004,0,2,3,0,3,3,1,0,1,9,10,11,1,0,2,0,1,0,133472,0.371,0.767,0.025
667,2.48,0.899,0,0.072,0.029,0,0,,0,,,,0,,,,,1004,1004,0,2,3,0,3,3,1,0,1,9,10,11,1,0,2,0,1,0,133472,0.32,0.858,0.007
668,2.303,0.931,0,0.06,0.026,0,0,,0,,,,0,,,,,1004,1004,0,2,3,0,3,3,1,0,1,9,10,11,1,0,2,0,1,0,133472,0.257,0.777,0.007
669,3.354,1.5,0.001,0.067,0.036,0,0,,0,,,,0,,,,,1004,1004,0,2,3,0,3,3,1,0,1,9,10,11,1,0,2,0,1,0,133472,0.407,0.92,0.014
670,2.145,0.612,0,0.047,0.025,0,0,,0,,,,0,,,,,1004,1004,0,2,3,0,3,3,1,0,1,9,10,11,1,0,2,0,1,0,133472,0.327,0.876,0.011
671,2.535,1.16,0,0.076,0.098,0,0,,0,,,,0,,,,,1004,1004,0,2,3,0,3,3,1,0,1,9,10,11,1,0,2,0,1,0,133472,0.282,0.694,0.007
672,3.669,2.329,0,0.056,0.023,0,0,,0,,,,0,,,,,1004,1004,0,2,3,0,3,3,1,0,1,9,10,11,1,0,2,0,1,0,133472,0.293,0.733,0.005
673,2.803,1.231,0,0.082,0.044,0,0,,0,,,,0,,,,,1004,1004,0,2,3,0,3,3,1,0,1,9,10,11,1,0,2,0,1,0,133472,0.356,0.769,0.009
674,2.536,0.913,0,0.05,0.046,0,0,,0,,,,0,,,,,1004,1004,0,2,3,0,3,3,1,0,1,9,10,11,1,0,2,0,1,0,133472,0.343,0.877,0.01
675,2.542,0.722,0,0.05,0.045,0,0,,0,,,,0,,,,,1004,1004,0,2,3,0,3,3,1,0,1,9,10,11,1,0,2,0,1,0,133472,0.465,0.9,0.015
676,10.026,8.652,0.001,0.076,0.043,0,0,,0,,,,0,,,,,1004,1004,0,2,3,0,3,3,1,0,1,9,10,11,1,0,2,0,1,0,133472,0.28,0.616,0.01
677,5.19,3.594,0,0.195,0.076,0,0,,0,,,,0,,,,,1004,1004,0,2,3,0,3,3,1,0,1,9,10,11,1,0,2,0,1,0,133472,0.307,0.69,0.008
678,1.83,0.144,0.001,0.063,0.039,0,0,,0,,,,0,,,,,1004,1004,0,2,3,0,3,3,1,0,1,9,10,11,1,0,2,0,1,0,133472,0.364,0.912,0.01
679,1.718,0.001,0.001,0.056,0.034,0,0,,0,,,,0,,,,,1004,1004,0,2,3,0,3,3,1,0,1,9,10,11,1,0,2,0,1,0,133472,0.381,0.99,0.013
680,1.644,0,0,0.054,0.026,0,0,,0,,,,0,,,,,1004,1004,0,2,3,0,3,3,1,0,1,9,10,11,1,0,2,0,1,0,133472,0.381,0.918,0.009
681,1.506,0,0,0.061,0.026,0,0,,0,,,,0,,,,,1004,1004,0,2,3,0,3,3,1,0,1,9,10,11,1,0,2,0,1,0,133472,0.322,0.873,0.01
682,1.402,0,0,0.051,0.02,0,0,,0,,,,0,,,,,1004,1004,0,2,3,0,3,3,1,0,1,9,10,11,1,0,2,0,1,0,133472,0.351,0.77,0.006
683,1.229,0,0,0.03,0.02,0,0,,0,,,,0,,,,,1004,1004,0,2,3,0,3,3,1,0,1,9,10,11,1,0,2,0,1,0,133472,0.288,0.731,0.007
684,1.193,0.001,0,0.031,0.026,0,0,,0,,,,0,,,,,1004,1004,0,2,3,0,3,3,1,0,1,9,10,11,1,0,2,0,1,0,133472,0.277,0.699,0.005
685,1.28,0,0,0.033,0.019,0,0,,0,,,,0,,,,,1004,1004,0,2,3,0,3,3,1,0,1,9,10,11,1,0,2,0,1,0,133472,0.437,0.638,0.005
686,1.654,0.242,0,0.091,0.027,0,0,,0,,,,0,,,,,1004,1004,0,2,3,0,3,3,1,0,1,9,10,11,1,0,2,0,1,0,133472,0.236,0.792,0.006
687,2.495,1.009,0,0.14,0.032,0,0,,0,,,,0,,,,,1004,1004,0,2,3,0,3,3,1,0,1,9,10,11,1,0,2,0,1,0,133472,0.336,0.64,0.008
688,2.768,0.931,0,0.103,0.036,0,0,,0,,,,0,,,,,1004,1004,0,2,3,0,3,3,1,0,1,9,10,11,1,0,2,0,1,0,133472,0.373,0.89,0.011
689,2.229,0.549,0.001,0.052,0.028,0,0,,0,,,,0,,,,,1004,1004,0,2,3,0,3,3,1,0,1,9,10,11,1,0,2,0,1,0,133472,0.372,0.906,0.01
690,2.288,0.808,0,0.078,0.029,0,0,,1,1359.375,233771008,289001472,1,71217344,71217344,167755776,38823561584,1004,1004,0,2,3,0,3,3,1,0,1,9,10,11,1,0,2,0,1,0,133472,0.346,0.7,0.007
691,3.098,1.869,0,0.072,0.026,0,0,,0,,,,0,,,,,1004,1004,0,2,3,0,3,3,1,0,1,9,10,11,1,0,2,0,1,0,133472,0.211,0.667,0.005
692,1.969,0.447,0,0.071,0.032,0,0,,0,,,,0,,,,,1004,1004,0,2,3,0,3,3,1,0,1,9,10,11,1,0,2,0,1,0,133472,0.313,0.789,0.012
693,1.406,0.041,0,0.056,0.021,0,0,,0,,,,0,,,,,1004,1004,0,2,3,0,3,3,1,0,1,9,10,11,1,0,2,0,1,0,133472,0.326,0.739,0.005
694,1.394,0.162,0,0.072,0.016,0,0,,0,,,,0,,,,,1004,1004,0,2,3,0,3,3,1,0,1,9,10,11,1,0,2,0,1,0,133472,0.278,0.65,0.004
695,1.532,0.353,0,0.062,0.022,0,0,,0,,,,0,,,,,1004,1004,0,2,3,0,3,3,1,0,1,9,10,11,1,0,2,0,1,0,133472,0.291,0.57,0.005
696,2.63,0.941,0,0.114,0.039,0,0,,0,,,,0,,,,,1004,1004,0,2,3,0,3,3,1,0,1,9,10,11,1,0,2,0,1,0,133472,0.363,0.745,0.01
697,2.054,0.626,0,0.046,0.021,0,0,,0,,,,0,,,,,1004,1004,0,2,3,0,3,3,1,0,1,9,10,11,1,0,2,0,1,0,133472,0.342,0.764,0.009
698,2.592,1.173,0,0.084,0.027,0,0,,0,,,,0,,,,,1004,1004,0,2,3,0,3,3,1,0,1,9,10,11,1,0,2,0,1,0,133472,0.316,0.704,0.007
699,3.396,2.074,0,0.062,0.02,0,0,,0,,,,0,,,,,1004,1004,0,2,3,0,3,3,1,0,1,9,10,11,1,0,2,0,1,0,133472,0.309,0.683,0.006
700,1.552,0.112,0,0.045,0.022,0,0,,0,,,,0,,,,,1004,1004,0,2,3,0,3,3,1,0,1,9,10,11,1,0,2,0,1,0,133472,0.334,0.77,0.006
701,1.365,0.108,0,0.034,0.016,0,0,,0,,,,0,,,,,1004,1004,0,2,3,0,3,3,1,0,1,9,10,11,1,0,2,0,1,0,133472,0.321,0.677,0.005
702,1.598,0.332,0.001,0.058,0.025,0,0,,0,,,,0,,,,,1004,1004,0,2,3,0,3,3,1,0,1,9,10,11,1,0,2,0,1,0,133472,0.274,0.704,0.005
703,2.259,0.95,0,0.034,0.036,0,0,,0,,,,0,,,,,1004,1004,0,2,3,0,3,3,1,0,1,9,10,11,1,0,2,0,1,0,133472,0.257,0.771,0.011
704,2.821,1.057,0,0.054,0.037,0,0,,0,,,,0,,,,,1004,1004,0,2,3,0,3,3,1,0,1,9,10,11,1,0,2,0,1,0,133472,0.383,0.894,0.012
705,1.899,0.705,0.001,0.05,0.028,0,0,,0,,,,0,,,,,1004,1004,0,2,3,0,3,3,1,0,1,9,10,11,1,0,2,0,1,0,133472,0.302,0.581,0.007
706,5.557,4.159,0,0.039,0.033,0,0,,0,,,,0,,,,,1004,1004,0,2,3,0,3,3,1,0,1,9,10,11,1,0,2,0,1,0,133472,0.369,0.653,0.023
707,1.763,0.139,0,0.037,0.027,0,0,,0,,,,0,,,,,1004,1004,0,2,3,0,3,3,1,0,1,9,10,11,1,0,2,0,1,0,133472,0.457,0.876,0.009
708,2.026,0.389,0,0.051,0.051,0,0,,0,,,,0,,,,,1004,1004,0,2,3,0,3,3,1,0,1,9,10,11,1,0,2,0,1,0,133472,0.402,0.838,0.009
709,1.543,0.001,0.001,0.043,0.026,0,0,,0,,,,0,,,,,1004,1004,0,2,3,0,3,3,1,0,1,9,10,11,1,0,2,0,1,0,133472,0.4,0.82,0.008
710,1.535,0,0,0.041,0.025,0,0,,0,,,,0,,,,,1004,1004,0,2,3,0,3,3,1,0,1,9,10,11,1,0,2,0,1,0,133472,0.354,0.865,0.016
711,1.938,0.226,0,0.057,0.048,0,0,,0,,,,0,,,,,1004,1004,0,2,3,0,3,3,1,0,1,9,10,11,1,0,2,0,1,0,133472,0.406,0.854,0.012
712,2.509,0.705,0.001,0.048,0.049,0,0,,0,,,,0,,,,,1004,1004,0,2,3,0,3,3,1,0,1,9,10,11,1,0,2,0,1,0,133472,0.376,0.955,0.017
713,3.273,1.949,0,0.044,0.035,0,0,,0,,,,0,,,,,1004,1004,0,2,3,0,3,3,1,0,1,9,10,11,1,0,2,0,1,0,133472,0.269,0.728,0.008
714,3.323,1.991,0.001,0.113,0.03,0,0,,0,,,,0,,,,,1004,1004,0,2,3,0,3,3,1,0,1,9,10,11,1,0,2,0,1,0,133472,0.3,0.622,0.006
715,1.784,0.489,0.001,0.098,0.035,0,0,,0,,,,0,,,,,1004,1004,0,2,3,0,3,3,1,0,1,9,10,11,1,0,2,0,1,0,133472,0.285,0.591,0.011
716,1.397,0.227,0,0.057,0.021,0,0,,0,,,,0,,,,,1004,1004,0,2,3,0,3,3,1,0,1,9,10,11,1,0,2,0,1,0,133472,0.245,0.583,0.005
717,2.243,0.414,0,0.082,0.087,0,0,,0,,,,0,,,,,1004,1004,0,2,3,0,3,3,1,0,1,9,10,11,1,0,2,0,1,0,133472,0.25,1.033,0.012
718,1.812,0.001,0,0.082,0.118,0,0,,0,,,,0,,,,,1004,1004,0,2,3,0,3,3,1,0,1,9,10,11,1,0,2,0,1,0,133472,0.383,0.886,0.011
719,1.701,0.001,0,0.053,0.038,0,0,,0,,,,0,,,,,1004,1004,0,2,3,0,3,3,1,0,1,9,10,11,1,0,2,0,1,0,133472,0.372,0.92,0.015
720,1.696,0.002,0.001,0.085,0.038,0,0,,1,1421.875,233771008,289001472,1,71217344,71217344,167755776,38823561584,1004,1004,0,2,3,0,3,3,1,0,1,9,10,11,1,0,2,0,1,0,133472,0.355,0.884,0.01
721,2.221,0.768,0,0.058,0.032,0,0,,0,,,,0,,,,,1004,1004,0,2,3,0,3,3,1,0,1,9,10,11,1,0,2,0,1,0,133472,0.315,0.776,0.008
722,13.588,11.845,0,0.068,0.045,0,0,,0,,,,0,,,,,1004,1004,0,2,3,0,3,3,1,0,1,9,10,11,1,0,2,0,1,0,133472,0.336,0.874,0.013
723,12.06,10.139,0,0.064,0.059,0,0,,0,,,,0,,,,,1004,1004,0,2,3,0,3,3,1,0,1,9,10,11,1,0,2,0,1,0,133472,0.387,1.041,0.017
724,2.618,0.661,0,0.075,0.059,0,0,,0,,,,0,,,,,1004,1004,0,2,3,0,3,3,1,0,1,9,10,11,1,0,2,0,1,0,133472,0.401,1.037,0.015
725,3.882,1.952,0,0.083,0.049,0,0,,0,,,,0,,,,,1004,1004,0,2,3,0,3,3,1,0,1,9,10,11,1,0,2,0,1,0,133472,0.39,1.013,0.014
726,2.782,1.043,0.001,0.151,0.061,0,0,,0,,,,0,,,,,1004,1004,0,2,3,0,3,3,1,0,1,9,10,11,1,0,2,0,1,0,133472,0.334,0.861,0.011
727,3.046,1.13,0,0.139,0.039,0,0,,0,,,,0,,,,,1004,1004,0,2,3,0,3,3,1,0,1,9,10,11,1,0,2,0,1,0,133472,0.397,0.921,0.011
728,2.586,0.664,0,0.059,0.049,0,0,,0,,,,0,,,,,1004,1004,0,2,3,0,3,3,1,0,1,9,10,11,1,0,2,0,1,0,133472,0.412,0.969,0.01
729,2.902,0.821,0,0.123,0.047,0,0,,0,,,,0,,,,,1004,1004,0,2,3,0,3,3,1,0,1,9,10,11,1,0,2,0,1,0,133472,0.41,1.063,0.015
730,2.948,0.838,0,0.162,0.041,0,0,,0,,,,0,,,,,1004,1004,0,2,3,0,3,3,1,0,1,9,10,11,1,0,2,0,1,0,133472,0.449,1.008,0.016
731,6.342,4.556,0,0.056,0.043,0,0,,0,,,,0,,,,,1004,1004,0,2,3,0,3,3,1,0,1,9,10,11,1,0,2,0,1,0,133472,0.412,0.937,0.013
732,14.58,12.675,0,0.104,0.062,0,0,,0,,,,0,,,,,1004,1004,0,2,3,0,3,3,1,0,1,9,10,11,1,0,2,0,1,0,133472,0.353,0.901,0.025
733,2.865,0.855,0,0.127,0.043,0,0,,0,,,,0,,,,,1004,1004,0,2,3,0,3,3,1,0,1,9,10,11,1,0,2,0,1,0,133472,0.439,0.938,0.012
734,2.633,0.932,0,0.056,0.028,0,0,,0,,,,0,,,,,1004,1004,0,2,3,0,3,3,1,0,1,9,10,11,1,0,2,0,1,0,133472,0.358,0.868,0.008
735,2.956,0.982,0,0.072,0.051,0,0,,0,,,,0,,,,,1004,1004,0,2,3,0,3,3,1,0,1,9,10,11,1,0,2,0,1,0,133472,0.377,1.083,0.021
736,2.442,0.618,0,0.062,0.042,0,0,,0,,,,0,,,,,1004,1004,0,2,3,0,3,3,1,0,1,9,10,11,1,0,2,0,1,0,133472,0.388,1.001,0.011
737,2.95,1.143,0,0.089,0.037,0,0,,0,,,,0,,,,,1004,1004,0,2,3,0,3,3,1,0,1,9,10,11,1,0,2,0,1,0,133472,0.422,0.937,0.011
738,3.362,1.491,0.001,0.062,0.044,0,0,,0,,,,0,,,,,1004,1004,0,2,3,0,3,3,1,0,1,9,10,11,1,0,2,0,1,0,133472,0.431,1,0.014
739,2.525,0.864,0.001,0.075,0.025,0,0,,0,,,,0,,,,,1004,1004,0,2,3,0,3,3,1,0,1,9,10,11,1,0,2,0,1,0,133472,0.331,0.924,0.009
740,2.895,1.143,0,0.12,0.056,0,0,,0,,,,0,,,,,1004,1004,0,2,3,0,3,3,1,0,1,9,10,11,1,0,2,0,1,0,133472,0.341,0.836,0.009
741,5.47,3.656,0.001,0.118,0.045,0,0,,0,,,,0,,,,,1004,1004,0,2,3,0,3,3,1,0,1,9,10,11,1,0,2,0,1,0,133472,0.337,0.872,0.013
742,13.239,11.216,0,0.092,0.044,0,0,,0,,,,0,,,,,1004,1004,0,2,3,0,3,3,1,0,1,9,10,11,1,0,2,0,1,0,133472,0.386,0.986,0.016
743,7.983,6.415,0,0.054,0.05,0,0,,0,,,,0,,,,,1004,1004,0,2,3,0,3,3,1,0,1,9,10,11,1,0,2,0,1,0,133472,0.314,0.838,0.015
744,3.457,1.932,0.001,0.064,0.037,0,0,,0,,,,0,,,,,1004,1004,0,2,3,0,3,3,1,0,1,9,10,11,1,0,2,0,1,0,133472,0.333,0.772,0.009
745,3.796,1.267,0,0.067,0.069,0,0,,0,,,,0,,,,,1004,1004,0,2,3,0,3,3,1,0,1,9,10,11,1,0,2,0,1,0,133472,0.491,1.221,0.213
746,3.772,0.029,0.001,0.098,0.074,0,0,,0,,,,0,,,,,1004,1004,0,2,3,0,3,3,1,0,1,9,10,11,1,0,2,0,1,0,133472,1.64,1.256,0.034
747,2.46,0.004,0,0.085,0.049,0,0,,0,,,,0,,,,,1004,1004,0,2,3,0,3,3,1,0,1,9,10,11,1,0,2,0,1,0,133472,0.626,1.117,0.024
748,10.874,8.25,0,0.082,0.057,0,0,,0,,,,0,,,,,1004,1004,0,2,3,0,3,3,1,0,1,9,10,11,1,0,2,0,1,0,133472,0.669,1.225,0.022
749,9.481,7.122,0,0.069,0.061,0,0,,0,,,,0,,,,,1004,1004,0,2,3,0,3,3,1,0,1,9,10,11,1,0,2,0,1,0,133472,0.446,1.282,0.022
750,15.788,13.39,0.001,0.134,0.062,0,0,,1,1500,233844736,289001472,1,71217344,71217344,167755776,38823561584,1004,1004,0,2,3,0,3,3,1,0,1,9,10,11,1,0,2,0,1,0,133472,0.457,1.083,0.019
751,15.669,12.553,0.001,0.107,0.066,0,0,,0,,,,0,,,,,1004,1004,0,2,3,0,3,3,1,0,1,9,10,11,1,0,2,0,1,0,133472,0.605,1.726,0.024
752,13.243,11.308,0,0.089,0.067,0,0,,0,,,,0,,,,,1004,1004,0,2,3,0,3,3,1,0,1,9,10,11,1,0,2,0,1,0,133472,0.366,0.967,0.014
753,14.546,11.723,0,0.084,0.083,0,0,,0,,,,0,,,,,1004,1004,0,2,3,0,3,3,1,0,1,9,10,11,1,0,2,0,1,0,133472,0.558,1.517,0.025
754,13.082,10.499,0.001,0.073,0.059,0,0,,0,,,,0,,,,,1004,1004,0,2,3,0,3,3,1,0,1,9,10,11,1,0,2,0,1,0,133472,0.47,1.478,0.028
755,1.964,0.003,0.001,0.099,0.056,0,0,,0,,,,0,,,,,1004,1004,0,2,3,0,3,3,1,0,1,9,10,11,1,0,2,0,1,0,133472,0.379,1.021,0.015
756,2.287,0.078,0,0.057,0.108,0,0,,0,,,,0,,,,,1004,1004,0,2,3,0,3,3,1,0,1,9,10,11,1,0,2,0,1,0,133472,0.394,1.254,0.028
757,2.378,0.347,0,0.113,0.065,0,0,,0,,,,0,,,,,1004,1004,0,2,3,0,3,3,1,0,1,9,10,11,1,0,2,0,1,0,133472,0.384,1.046,0.017
758,3.67,0.76,0.008,0.079,0.167,0,0,,0,,,,0,,,,,1004,1004,0,2,3,0,3,3,1,0,1,9,10,11,1,0,2,0,1,0,133472,0.698,1.288,0.024
759,4.692,0.002,0.001,0.388,0.084,0,0,,0,,,,0,,,,,1004,1004,0,2,3,0,3,3,1,0,1,9,10,11,1,0,2,0,1,0,133472,1.187,2.23,0.03
760,2.252,0.002,0,0.079,0.046,0,0,,0,,,,0,,,,,1004,1004,0,2,3,0,3,3,1,0,1,9,10,11,1,0,2,0,1,0,133472,0.389,1.241,0.019
761,3.975,0.151,0,0.068,0.054,0,0,,0,,,,0,,,,,1004,1004,0,2,3,0,3,3,1,0,1,9,10,11,1,0,2,0,1,0,133472,1.096,2.031,0.023
762,3.407,0.001,0,0.094,1.402,0,0,,0,,,,0,,,,,1004,1004,0,2,3,0,3,3,1,0,1,9,10,11,1,0,2,0,1,0,133472,0.419,1.024,0.024
763,112.726,110.196,0.001,0.07,0.064,0,0,,0,,,,0,,,,,1004,1004,0,2,3,0,3,3,1,0,1,9,10,11,1,0,2,0,1,0,133472,0.447,1.437,0.028
764,2.273,0.001,0.001,0.063,0.051,0,0,,0,,,,0,,,,,1004,1004,0,2,3,0,3,3,1,0,1,9,10,11,1,0,2,0,1,0,133472,0.464,1.284,0.022
765,2.98,0.686,0.001,0.052,0.04,0,0,,0,,,,0,,,,,1004,1004,0,2,3,0,3,3,1,0,1,9,10,11,1,0,2,0,1,0,133472,0.422,1.384,0.022
766,6.898,4.55,0.001,0.067,0.067,0,0,,0,,,,0,,,,,1004,1004,0,2,3,0,3,3,1,0,1,9,10,11,1,0,2,0,1,0,133472,0.464,1.279,0.029
767,32.854,30.368,0.001,0.08,0.074,0,0,,0,,,,0,,,,,1004,1004,0,2,3,0,3,3,1,0,1,9,10,11,1,0,2,0,1,0,133472,0.416,1.402,0.026
768,2.606,0.001,0.001,0.071,0.04,0,0,,0,,,,0,,,,,1004,1004,0,2,3,0,3,3,1,0,1,9,10,11,1,0,2,0,1,0,133472,0.58,1.481,0.014
769,16.145,12.802,0,0.307,0.08,0,0,,0,,,,0,,,,,1004,1004,0,2,3,0,3,3,1,0,1,9,10,11,1,0,2,0,1,0,133472,0.591,1.725,0.049
770,3.705,0.004,0.001,0.183,0.096,0,0,,0,,,,0,,,,,1004,1004,0,2,3,0,3,3,1,0,1,9,10,11,1,0,2,0,1,0,133472,0.662,1.947,0.039
771,3.407,0.001,0.001,0.08,0.064,0,0,,0,,,,0,,,,,1004,1004,0,2,3,0,3,3,1,0,1,9,10,11,1,0,2,0,1,0,133472,0.683,2.002,0.027
772,3.019,0.001,0.001,0.08,0.046,0,0,,0,,,,0,,,,,1004,1004,0,2,3,0,3,3,1,0,1,9,10,11,1,0,2,0,1,0,133472,0.626,1.726,0.024
773,17.237,14.528,0.001,0.078,0.07,0,0,,0,,,,0,,,,,1004,1004,0,2,3,0,3,3,1,0,1,9,10,11,1,0,2,0,1,0,133472,0.593,1.49,0.025
774,2.602,0,0,0.058,0.055,0,0,,0,,,,0,,,,,1004,1004,0,2,3,0,3,3,1,0,1,9,10,11,1,0,2,0,1,0,133472,0.498,1.58,0.02
775,2.999,0.43,0,0.118,0.062,0,0,,0,,,,0,,,,,1004,1004,0,2,3,0,3,3,1,0,1,9,10,11,1,0,2,0,1,0,133472,0.516,1.382,0.016
776,4.372,1.789,0.001,0.14,0.069,0,0,,0,,,,0,,,,,1004,1004,0,2,3,0,3,3,1,0,1,9,10,11,1,0,2,0,1,0,133472,0.546,1.382,0.021
777,2.63,0.376,0,0.068,0.055,0,0,,0,,,,0,,,,,1004,1004,0,2,3,0,3,3,1,0,1,9,10,11,1,0,2,0,1,0,133472,0.454,1.305,0.014
778,2.794,0.333,0.001,0.068,0.045,0,0,,0,,,,0,,,,,1004,1004,0,2,3,0,3,3,1,0,1,9,10,11,1,0,2,0,1,0,133472,0.465,1.439,0.017
779,6.551,4.255,0.001,0.069,0.065,0,0,,0,,,,0,,,,,1004,1004,0,2,3,0,3,3,1,0,1,9,10,11,1,0,2,0,1,0,133472,0.458,1.231,0.026
780,4.902,1.287,0.001,0.103,0.089,0,0,,1,1593.75,233844736,289001472,1,71217344,71217344,167755776,38823561584,1004,1004,0,2,3,0,3,3,1,0,1,9,10,11,1,0,2,0,1,0,133472,0.643,2.031,0.032
781,2.733,0.002,0.001,0.075,0.061,0,0,,0,,,,0,,,,,1004,1004,0,2,3,0,3,3,1,0,1,9,10,11,1,0,2,0,1,0,133472,0.599,1.494,0.025
782,2.232,0.001,0.001,0.078,0.035,0,0,,0,,,,0,,,,,1004,1004,0,2,3,0,3,3,1,0,1,9,10,11,1,0,2,0,1,0,133472,0.445,1.292,0.017
783,4.27,1.945,0,0.06,0.13,0,0,,0,,,,0,,,,,1004,1004,0,2,3,0,3,3,1,0,1,9,10,11,1,0,2,0,1,0,133472,0.497,1.219,0.021
784,3.031,0.898,0.001,0.055,0.065,0,0,,0,,,,0,,,,,1004,1004,0,2,3,0,3,3,1,0,1,9,10,11,1,0,2,0,1,0,133472,0.44,1.188,0.018
785,2.974,0.537,0,0.046,0.058,0,0,,0,,,,0,,,,,1004,1004,0,2,3,0,3,3,1,0,1,9,10,11,1,0,2,0,1,0,133472,0.415,1.526,0.021
786,2.617,0.001,0.001,0.063,0.064,0,0,,0,,,,0,,,,,1004,1004,0,2,3,0,3,3,1,0,1,9,10,11,1,0,2,0,1,0,133472,0.593,1.447,0.017
787,2.572,0,0,0.061,0.042,0,0,,0,,,,0,,,,,1004,1004,0,2,3,0,3,3,1,0,1,9,10,11,1,0,2,0,1,0,133472,0.568,1.501,0.015
788,2.366,0,0.001,0.067,0.032,0,0,,0,,,,0,,,,,1004,1004,0,2,3,0,3,3,1,0,1,9,10,11,1,0,2,0,1,0,133472,0.552,1.333,0.014
789,5.017,2.257,0,0.065,0.074,0,0,,0,,,,0,,,,,1004,1004,0,2,3,0,3,3,1,0,1,9,10,11,1,0,2,0,1,0,133472,0.545,1.568,0.024
790,2.637,0.001,0.001,0.062,0.067,0,0,,0,,,,0,,,,,1004,1004,0,2,3,0,3,3,1,0,1,9,10,11,1,0,2,0,1,0,133472,0.565,1.494,0.021
791,3.287,0.721,0,0.067,0.06,0,0,,0,,,,0,,,,,1004,1004,0,2,3,0,3,3,1,0,1,9,10,11,1,0,2,0,1,0,133472,0.51,1.452,0.016
792,2.521,0.001,0,0.041,0.041,0,0,,0,,,,0,,,,,1004,1004,0,2,3,0,3,3,1,0,1,9,10,11,1,0,2,0,1,0,133472,0.58,1.503,0.014
793,2.489,0.001,0,0.047,0.027,0,0,,0,,,,0,,,,,1004,1004,0,2,3,0,3,3,1,0,1,9,10,11,1,0,2,0,1,0,133472,0.588,1.476,0.012
794,5.765,3.375,0.001,0.055,0.062,0,0,,0,,,,0,,,,,1004,1004,0,2,3,0,3,3,1,0,1,9,10,11,1,0,2,0,1,0,133472,0.429,1.393,0.024
795,8.018,5.842,0.001,0.099,0.055,0,0,,0,,,,0,,,,,1004,1004,0,2,3,0,3,3,1,0,1,9,10,11,1,0,2,0,1,0,133472,0.38,1.158,0.019
796,10.435,8.437,0,0.09,0.044,0,0,,0,,,,0,,,,,1004,1004,0,2,3,0,3,3,1,0,1,9,10,11,1,0,2,0,1,0,133472,0.388,1.079,0.016
797,3.574,0.406,0,0.147,0.071,0,0,,0,,,,0,,,,,1004,1004,0,2,3,0,3,3,1,0,1,9,10,11,1,0,2,0,1,0,133472,0.642,1.745,0.02
798,2.978,0.001,0.001,0.088,0.065,0,0,,0,,,,0,,,,,1004,1004,0,2,3,0,3,3,1,0,1,9,10,11,1,0,2,0,1,0,133472,0.623,1.745,0.016
799,2.921,0,0,0.076,0.094,0,0,,0,,,,0,,,,,1004,1004,0,2,3,0,3,3,1,0,1,9,10,11,1,0,2,0,1,0,133472,0.594,1.726,0.015
800,2.97,0.66,0,0.079,0.047,0,0,,0,,,,0,,,,,1004,1004,0,2,3,0,3,3,1,0,1,9,10,11,1,0,2,0,1,0,133472,0.604,1.134,0.019
801,2.175,0,0,0.049,0.056,0,0,,0,,,,0,,,,,1004,1004,0,2,3,0,3,3,1,0,1,9,10,11,1,0,2,0,1,0,133472,0.42,1.312,0.014
802,3.147,0.876,0,0.124,0.135,0,0,,0,,,,0,,,,,1004,1004,0,2,3,0,3,3,1,0,1,9,10,11,1,0,2,0,1,0,133472,0.433,1.138,0.022
803,2.742,0.001,0,0.094,0.051,0,0,,0,,,,0,,,,,1004,1004,0,2,3,0,3,3,1,0,1,9,10,11,1,0,2,0,1,0,133472,0.66,1.433,0.02
804,2.434,0.001,0,0.075,0.037,0,0,,0,,,,0,,,,,1004,1004,0,2,3,0,3,3,1,0,1,9,10,11,1,0,2,0,1,0,133472,0.581,1.346,0.014
805,2.056,0.001,0,0.048,0.028,0,0,,0,,,,0,,,,,1004,1004,0,2,3,0,3,3,1,0,1,9,10,11,1,0,2,0,1,0,133472,0.473,1.201,0.011
806,3.159,1.551,0.001,0.062,0.042,0,0,,0,,,,0,,,,,1004,1004,0,2,3,0,3,3,1,0,1,9,10,11,1,0,2,0,1,0,133472,0.344,0.798,0.009
807,2.736,0.623,0,0.071,0.053,0,0,,0,,,,0,,,,,1004,1004,0,2,3,0,3,3,1,0,1,9,10,11,1,0,2,0,1,0,133472,0.347,1.179,0.031
808,4.415,1.849,0.001,0.135,0.052,0,0,,0,,,,0,,,,,1004,1004,0,2,3,0,3,3,1,0,1,9,10,11,1,0,2,0,1,0,133472,0.583,1.318,0.018
809,2.138,0.001,0,0.063,0.054,0,0,,0,,,,0,,,,,1004,1004,0,2,3,0,3,3,1,0,1,9,10,11,1,0,2,0,1,0,133472,0.408,1.251,0.018
810,2.981,0.001,0,0.058,0.058,0,0,,1,1703.125,233910272,289001472,1,71217344,71217344,167755776,38823561584,1004,1004,0,2,3,0,3,3,1,0,1,9,10,11,1,0,2,0,1,0,133472,0.752,1.614,0.027
811,4.405,1.516,0.001,0.071,0.053,0,0,,0,,,,0,,,,,1004,1004,0,2,3,0,3,3,1,0,1,9,10,11,1,0,2,0,1,0,133472,0.601,1.719,0.014
812,7.531,4.456,0.001,0.069,0.078,0,0,,0,,,,0,,,,,1004,1004,0,2,3,0,3,3,1,0,1,9,10,11,1,0,2,0,1,0,133472,0.515,1.725,0.025
813,5.241,2.191,0,0.104,0.081,0,0,,0,,,,0,,,,,1004,1004,0,2,3,0,3,3,1,0,1,9,10,11,1,0,2,0,1,0,133472,0.597,1.738,0.02
814,29.695,26.869,0.001,0.079,0.084,0,0,,0,,,,0,,,,,1004,1004,0,2,3,0,3,3,1,0,1,9,10,11,1,0,2,0,1,0,133472,0.558,1.549,0.026
815,15.358,13.026,0,0.111,0.059,0,0,,0,,,,0,,,,,1004,1004,0,2,3,0,3,3,1,0,1,9,10,11,1,0,2,0,1,0,133472,0.464,1.176,0.018
816,1.906,0.001,0,0.036,0.034,0,0,,0,,,,0,,,,,1004,1004,0,2,3,0,3,3,1,0,1,9,10,11,1,0,2,0,1,0,133472,0.451,1.084,0.009
817,3.275,0.999,0.001,0.108,0.036,0,0,,0,,,,0,,,,,1004,1004,0,2,3,0,3,3,1,0,1,9,10,11,1,0,2,0,1,0,133472,0.449,1.299,0.014
818,3.878,1.666,0.001,0.066,0.055,0,0,,0,,,,0,,,,,1004,1004,0,2,3,0,3,3,1,0,1,9,10,11,1,0,2,0,1,0,133472,0.469,1.24,0.015
819,1.86,0,0,0.037,0.043,0,0,,0,,,,0,,,,,1004,1004,0,2,3,0,3,3,1,0,1,9,10,11,1,0,2,0,1,0,133472,0.4,1.007,0.018
820,2.512,0.343,0,0.118,0.05,0,0,,0,,,,0,,,,,1004,1004,0,2,3,0,3,3,1,0,1,9,10,11,1,0,2,0,1,0,133472,0.441,1.16,0.013
821,2.156,0.094,0,0.055,0.039,0,0,,0,,,,0,,,,,1004,1004,0,2,3,0,3,3,1,0,1,9,10,11,1,0,2,0,1,0,133472,0.385,1.266,0.015
822,3.333,1.109,0,0.072,0.049,0,0,,0,,,,0,,,,,1004,1004,0,2,3,0,3,3,1,0,1,9,10,11,1,0,2,0,1,0,133472,0.508,1.186,0.015
823,2.67,1.018,0.001,0.053,0.048,0,0,,0,,,,0,,,,,1004,1004,0,2,3,0,3,3,1,0,1,9,10,11,1,0,2,0,1,0,133472,0.344,0.928,0.011
824,2.533,0.73,0.001,0.057,0.032,0,0,,0,,,,0,,,,,1004,1004,0,2,3,0,3,3,1,0,1,9,10,11,1,0,2,0,1,0,133472,0.391,1.058,0.011
825,2.596,0.682,0,0.087,0.038,0,0,,0,,,,0,,,,,1004,1004,0,2,3,0,3,3,1,0,1,9,10,11,1,0,2,0,1,0,133472,0.476,0.835,0.009
826,2.566,0.678,0,0.066,0.045,0,0,,0,,,,0,,,,,1004,1004,0,2,3,0,3,3,1,0,1,9,10,11,1,0,2,0,1,0,133472,0.422,1.026,0.013
827,2.402,0.487,0.001,0.057,0.042,0,0,,0,,,,0,,,,,1004,1004,0,2,3,0,3,3,1,0,1,9,10,11,1,0,2,0,1,0,133472,0.426,0.912,0.014
828,1.949,0.454,0,0.056,0.038,0,0,,0,,,,0,,,,,1004,1004,0,2,3,0,3,3,1,0,1,9,10,11,1,0,2,0,1,0,133472,0.349,0.761,0.009
829,3.669,2.06,0.001,0.075,0.045,0,0,,0,,,,0,,,,,1004,1004,0,2,3,0,3,3,1,0,1,9,10,11,1,0,2,0,1,0,133472,0.29,0.833,0.011
830,2.455,0.808,0.001,0.102,0.03,0,0,,0,,,,0,,,,,1004,1004,0,2,3,0,3,3,1,0,1,9,10,11,1,0,2,0,1,0,133472,0.329,0.775,0.009
831,2.926,0.839,0,0.088,0.059,0,0,,0,,,,0,,,,,1004,1004,0,2,3,0,3,3,1,0,1,9,10,11,1,0,2,0,1,0,133472,0.274,1.243,0.036
832,1.684,0.332,0,0.09,0.029,0,0,,0,,,,0,,,,,1004,1004,0,2,3,0,3,3,1,0,1,9,10,11,1,0,2,0,1,0,133472,0.267,0.651,0.006
833,2.484,1.154,0,0.09,0.025,0,0,,0,,,,0,,,,,1004,1004,0,2,3,0,3,3,1,0,1,9,10,11,1,0,2,0,1,0,133472,0.283,0.657,0.005
834,2.959,1.186,0,0.074,0.044,0,0,,0,,,,0,,,,,1004,1004,0,2,3,0,3,3,1,0,1,9,10,11,1,0,2,0,1,0,133472,0.396,0.919,0.008
835,3.475,1.964,0,0.136,0.035,0,0,,0,,,,0,,,,,1004,1004,0,2,3,0,3,3,1,0,1,9,10,11,1,0,2,0,1,0,133472,0.33,0.706,0.011
836,2.597,1.023,0.001,0.072,0.041,0,0,,0,,,,0,,,,,1004,1004,0,2,3,0,3,3,1,0,1,9,10,11,1,0,2,0,1,0,133472,0.29,0.823,0.014
837,2.646,0.809,0.001,0.084,0.038,0,0,,0,,,,0,,,,,1004,1004,0,2,3,0,3,3,1,0,1,9,10,11,1,0,2,0,1,0,133472,0.556,0.822,0.009
838,2.019,0.602,0,0.049,0.033,0,0,,0,,,,0,,,,,1004,1004,0,2,3,0,3,3,1,0,1,9,10,11,1,0,2,0,1,0,133472,0.338,0.626,0.006
839,2.34,1.073,0,0.081,0.026,0,0,,0,,,,0,,,,,1004,1004,0,2,3,0,3,3,1,0,1,9,10,11,1,0,2,0,1,0,133472,0.262,0.661,0.006
840,3.752,1.252,0,0.04,0.08,0,0,,1,1796.875,233910272,289001472,1,71217344,71217344,167755776,38823561584,1004,1004,0,2,3,0,3,3,1,0,1,9,10,11,1,0,2,0,1,0,133472,0.341,1.683,0.027
841,2.172,0.001,0,0.068,0.034,0,0,,0,,,,0,,,,,1004,1004,0,2,3,0,3,3,1,0,1,9,10,11,1,0,2,0,1,0,133472,0.435,1.231,0.012
842,1.855,0,0,0.034,0.033,0,0,,0,,,,0,,,,,1004,1004,0,2,3,0,3,3,1,0,1,9,10,11,1,0,2,0,1,0,133472,0.391,1.111,0.01
843,1.916,0,0,0.038,0.035,0,0,,0,,,,0,,,,,1004,1004,0,2,3,0,3,3,1,0,1,9,10,11,1,0,2,0,1,0,133472,0.429,1.106,0.011
844,2.553,0,0,0.037,0.065,0,0,,0,,,,0,,,,,1004,1004,0,2,3,0,3,3,1,0,1,9,10,11,1,0,2,0,1,0,133472,0.89,1.191,0.018
845,2.056,0,0,0.046,0.045,0,0,,0,,,,0,,,,,1004,1004,0,2,3,0,3,3,1,0,1,9,10,11,1,0,2,0,1,0,133472,0.43,1.192,0.014
846,2.045,0,0,0.052,0.039,0,0,,0,,,,0,,,,,1004,1004,0,2,3,0,3,3,1,0,1,9,10,11,1,0,2,0,1,0,133472,0.447,1.184,0.013
847,1.98,0,0,0.05,0.035,0,0,,0,,,,0,,,,,1004,1004,0,2,3,0,3,3,1,0,1,9,10,11,1,0,2,0,1,0,133472,0.434,1.148,0.013
848,2.293,0,0,0.049,0.043,0,0,,0,,,,0,,,,,1004,1004,0,2,3,0,3,3,1,0,1,9,10,11,1,0,2,0,1,0,133472,0.471,1.375,0.019
849,1.632,0.123,0,0.052,0.033,0,0,,0,,,,0,,,,,1004,1004,0,2,3,0,3,3,1,0,1,9,10,11,1,0,2,0,1,0,133472,0.321,0.809,0.01
850,3.85,2.17,0.001,0.063,0.051,0,0,,0,,,,0,,,,,1004,1004,0,2,3,0,3,3,1,0,1,9,10,11,1,0,2,0,1,0,133472,0.312,0.915,0.014
851,2.672,0.389,0.001,0.044,0.079,0,0,,0,,,,0,,,,,1004,1004,0,2,3,0,3,3,1,0,1,9,10,11,1,0,2,0,1,0,133472,0.402,1.396,0.024
852,3.341,0.182,0,0.086,0.08,0,0,,0,,,,0,,,,,1004,1004,0,2,3,0,3,3,1,0,1,9,10,11,1,0,2,0,1,0,133472,0.431,1.876,0.035
853,2.342,0.002,0.001,0.104,0.059,0,0,,0,,,,0,,,,,1004,1004,0,2,3,0,3,3,1,0,1,9,10,11,1,0,2,0,1,0,133472,0.562,1.199,0.014
854,14.612,12.772,0,0.063,0.063,0,0,,0,,,,0,,,,,1004,1004,0,2,3,0,3,3,1,0,1,9,10,11,1,0,2,0,1,0,133472,0.35,0.96,0.017
855,3.189,1.33,0,0.037,0.069,0,0,,0,,,,0,,,,,1004,1004,0,2,3,0,3,3,1,0,1,9,10,11,1,0,2,0,1,0,133472,0.304,1.125,0.014
856,2.15,0.191,0,0.082,0.036,0,0,,0,,,,0,,,,,1004,1004,0,2,3,0,3,3,1,0,1,9,10,11,1,0,2,0,1,0,133472,0.376,1.072,0.025
857,4.448,2.098,0.001,0.09,0.044,0,0,,0,,,,0,,,,,1004,1004,0,2,3,0,3,3,1,0,1,9,10,11,1,0,2,0,1,0,133472,0.544,1.259,0.014
858,2.247,0.001,0.001,0.042,0.054,0,0,,0,,,,0,,,,,1004,1004,0,2,3,0,3,3,1,0,1,9,10,11,1,0,2,0,1,0,133472,0.419,1.421,0.015
859,1.964,0,0.001,0.066,0.031,0,0,,0,,,,0,,,,,1004,1004,0,2,3,0,3,3,1,0,1,9,10,11,1,0,2,0,1,0,133472,0.404,1.145,0.01
860,1.813,0.237,0,0.058,0.035,0,0,,0,,,,0,,,,,1004,1004,0,2,3,0,3,3,1,0,1,9,10,11,1,0,2,0,1,0,133472,0.348,0.802,0.008
861,2.402,0.639,0,0.057,0.041,0,0,,0,,,,0,,,,,1004,1004,0,2,3,0,3,3,1,0,1,9,10,11,1,0,2,0,1,0,133472,0.363,1.023,0.011
862,2.286,0,0,0.043,0.05,0,0,,0,,,,0,,,,,1004,1004,0,2,3,0,3,3,1,0,1,9,10,11,1,0,2,0,1,0,133472,0.33,1.552,0.014
863,2.556,0.001,0,0.072,0.037,0,0,,0,,,,0,,,,,1004,1004,0,2,3,0,3,3,1,0,1,9,10,11,1,0,2,0,1,0,133472,0.562,1.507,0.014
864,2.227,0.001,0,0.058,0.032,0,0,,0,,,,0,,,,,1004,1004,0,2,3,0,3,3,1,0,1,9,10,11,1,0,2,0,1,0,133472,0.472,1.364,0.013
865,2.055,0,0,0.059,0.037,0,0,,0,,,,0,,,,,1004,1004,0,2,3,0,3,3,1,0,1,9,10,11,1,0,2,0,1,0,133472,0.47,1.177,0.013
866,1.874,0,0,0.055,0.034,0,0,,0,,,,0,,,,,1004,1004,0,2,3,0,3,3,1,0,1,9,10,11,1,0,2,0,1,0,133472,0.4,1.104,0.01
867,2.653,0.854,0,0.059,0.044,0,0,,0,,,,0,,,,,1004,1004,0,2,3,0,3,3,1,0,1,9,10,11,1,0,2,0,1,0,133472,0.353,1.005,0.013
868,2.241,0.387,0,0.063,0.041,0,0,,0,,,,0,,,,,1004,1004,0,2,3,0,3,3,1,0,1,9,10,11,1,0,2,0,1,0,133472,0.362,1.078,0.01
869,2.832,0.501,0,0.042,0.078,0,0,,0,,,,0,,,,,1004,1004,0,2,3,0,3,3,1,0,1,9,10,11,1,0,2,0,1,0,133472,0.368,1.477,0.024
870,2.825,0.001,0.001,0.064,0.048,0,0,,1,1859.375,233910272,289001472,1,71217344,71217344,167755776,38823561584,1004,1004,0,2,3,0,3,3,1,0,1,9,10,11,1,0,2,0,1,0,133472,0.627,1.622,0.023
871,3.648,1.031,0,0.061,0.06,0,0,,0,,,,0,,,,,1004,1004,0,2,3,0,3,3,1,0,1,9,10,11,1,0,2,0,1,0,133472,0.568,1.444,0.017
872,2.049,0,0,0.046,0.042,0,0,,0,,,,0,,,,,1004,1004,0,2,3,0,3,3,1,0,1,9,10,11,1,0,2,0,1,0,133472,0.464,1.146,0.021
873,2.2,0,0,0.05,0.051,0,0,,0,,,,0,,,,,1004,1004,0,2,3,0,3,3,1,0,1,9,10,11,1,0,2,0,1,0,133472,0.503,1.267,0.013
874,5.391,2.795,0,0.067,0.056,0,0,,0,,,,0,,,,,1004,1004,0,2,3,0,3,3,1,0,1,9,10,11,1,0,2,0,1,0,133472,0.454,1.52,0.02
875,14.833,11.665,0.001,0.1,0.069,0,0,,0,,,,0,,,,,1004,1004,0,2,3,0,3,3,1,0,1,9,10,11,1,0,2,0,1,0,133472,0.883,1.371,0.018
876,10.353,7.821,0,0.065,0.079,0,0,,0,,,,0,,,,,1004,1004,0,2,3,0,3,3,1,0,1,9,10,11,1,0,2,0,1,0,133472,0.478,1.43,0.019
877,2.32,0.001,0,0.079,0.037,0,0,,0,,,,0,,,,,1004,1004,0,2,3,0,3,3,1,0,1,9,10,11,1,0,2,0,1,0,133472,0.632,1.113,0.016
878,2.12,0,0,0.048,0.048,0,0,,0,,,,0,,,,,1004,1004,0,2,3,0,3,3,1,0,1,9,10,11,1,0,2,0,1,0,133472,0.392,1.307,0.022
879,2.259,0.001,0,0.061,0.072,0,0,,0,,,,0,,,,,1004,1004,0,2,3,0,3,3,1,0,1,9,10,11,1,0,2,0,1,0,133472,0.394,1.381,0.024
880,4.004,0.001,0,0.065,0.093,0,0,,0,,,,0,,,,,1004,1004,0,2,3,0,3,3,1,0,1,9,10,11,1,0,2,0,1,0,133472,0.866,2.358,0.046
881,3.116,0.003,0,0.1,0.061,0,0,,0,,,,0,,,,,1004,1004,0,2,3,0,3,3,1,0,1,9,10,11,1,0,2,0,1,0,133472,0.664,1.738,0.019
882,2.522,0.001,0,0.07,0.049,0,0,,0,,,,0,,,,,1004,1004,0,2,3,0,3,3,1,0,1,9,10,11,1,0,2,0,1,0,133472,0.517,1.507,0.016
883,3.196,0,0,0.067,0.073,0,0,,0,,,,0,,,,,1004,1004,0,2,3,0,3,3,1,0,1,9,10,11,1,0,2,0,1,0,133472,0.548,2.091,0.024
884,3.363,0.001,0,0.099,0.028,0,0,,0,,,,0,,,,,1004,1004,0,2,3,0,3,3,1,0,1,9,10,11,1,0,2,0,1,0,133472,0.488,2.4,0.01
885,2.847,0,0,0.04,0.059,0,0,,0,,,,0,,,,,1004,1004,0,2,3,0,3,3,1,0,1,9,10,11,1,0,2,0,1,0,133472,0.574,1.821,0.02
886,2.775,0.001,0,0.068,0.036,0,0,,0,,,,0,,,,,1004,1004,0,2,3,0,3,3,1,0,1,9,10,11,1,0,2,0,1,0,133472,0.61,1.641,0.016
887,3.22,0.939,0,0.062,0.055,0,0,,0,,,,0,,,,,1004,1004,0,2,3,0,3,3,1,0,1,9,10,11,1,0,2,0,1,0,133472,0.474,1.244,0.016
888,2.6,0.424,0,0.08,0.051,0,0,,0,,,,0,,,,,1004,1004,0,2,3,0,3,3,1,0,1,9,10,11,1,0,2,0,1,0,133472,0.517,1.169,0.013
889,2.42,0.417,0,0.052,0.044,0,0,,0,,,,0,,,,,1004,1004,0,2,3,0,3,3,1,0,1,9,10,11,1,0,2,0,1,0,133472,0.421,1.13,0.011
890,2.971,0.964,0.001,0.042,0.064,0,0,,0,,,,0,,,,,1004,1004,0,2,3,0,3,3,1,0,1,9,10,11,1,0,2,0,1,0,133472,0.317,1.281,0.016
891,2.287,0,0,0.049,0.042,0,0,,0,,,,0,,,,,1004,1004,0,2,3,0,3,3,1,0,1,9,10,11,1,0,2,0,1,0,133472,0.352,1.567,0.015
892,2.512,0,0,0.053,0.036,0,0,,0,,,,0,,,,,1004,1004,0,2,3,0,3,3,1,0,1,9,10,11,1,0,2,0,1,0,133472,0.523,1.53,0.014
893,1.841,0.001,0.001,0.046,0.031,0,0,,0,,,,0,,,,,1004,1004,0,2,3,0,3,3,1,0,1,9,10,11,1,0,2,0,1,0,133472,0.437,1.042,0.01
894,1.554,0,0,0.044,0.025,0,0,,0,,,,0,,,,,1004,1004,0,2,3,0,3,3,1,0,1,9,10,11,1,0,2,0,1,0,133472,0.339,0.915,0.009
895,1.696,0.001,0,0.033,0.028,0,0,,0,,,,0,,,,,1004,1004,0,2,3,0,3,3,1,0,1,9,10,11,1,0,2,0,1,0,133472,0.371,1.033,0.01
896,1.795,0,0,0.039,0.031,0,0,,0,,,,0,,,,,1004,1004,0,2,3,0,3,3,1,0,1,9,10,11,1,0,2,0,1,0,133472,0.398,1.071,0.01
897,1.68,0,0.001,0.039,0.024,0,0,,0,,,,0,,,,,1004,1004,0,2,3,0,3,3,1,0,1,9,10,11,1,0,2,0,1,0,133472,0.351,1.017,0.008
898,2.705,0.897,0.001,0.039,0.048,0,0,,0,,,,0,,,,,1004,1004,0,2,3,0,3,3,1,0,1,9,10,11,1,0,2,0,1,0,133472,0.332,1.059,0.011
899,2.966,0.874,0,0.037,0.066,0,0,,0,,,,0,,,,,1004,1004,0,2,3,0,3,3,1,0,1,9,10,11,1,0,2,0,1,0,133472,0.406,1.266,0.015
900,2.487,0.568,0,0.069,0.04,0,0,,1,1937.5,233910272,289001472,1,71217344,71217344,167755776,38823561584,1004,1004,0,2,3,0,3,3,1,0,1,9,10,11,1,0,2,0,1,0,133472,0.392,1.071,0.013
901,4.155,2.339,0,0.054,0.045,0,0,,0,,,,0,,,,,1004,1004,0,2,3,0,3,3,1,0,1,9,10,11,1,0,2,0,1,0,133472,0.36,1.033,0.012
902,2.183,0.264,0.001,0.075,0.042,0,0,,0,,,,0,,,,,1004,1004,0,2,3,0,3,3,1,0,1,9,10,11,1,0,2,0,1,0,133472,0.468,1.009,0.011
903,2.338,0.707,0,0.051,0.041,0,0,,0,,,,0,,,,,1004,1004,0,2,3,0,3,3,1,0,1,9,10,11,1,0,2,0,1,0,133472,0.324,0.945,0.01
904,2.392,0.409,0.001,0.091,0.043,0,0,,0,,,,0,,,,,1004,1004,0,2,3,0,3,3,1,0,1,9,10,11,1,0,2,0,1,0,133472,0.399,1.04,0.011
905,2.201,0.244,0,0.048,0.054,0,0,,0,,,,0,,,,,1004,1004,0,2,3,0,3,3,1,0,1,9,10,11,1,0,2,0,1,0,133472,0.358,1.184,0.014
906,3.506,0.408,0,0.08,0.058,0,0,,0,,,,0,,,,,1004,1004,0,2,3,0,3,3,1,0,1,9,10,11,1,0,2,0,1,0,133472,0.587,1.826,0.022
907,3.653,0.958,0.001,0.059,0.048,0,0,,0,,,,0,,,,,1004,1004,0,2,3,0,3,3,1,0,1,9,10,11,1,0,2,0,1,0,133472,0.415,1.815,0.013
908,2.112,0.001,0.001,0.052,0.054,0,0,,0,,,,0,,,,,1004,1004,0,2,3,0,3,3,1,0,1,9,10,11,1,0,2,0,1,0,133472,0.369,1.339,0.019
909,2.524,0.001,0.001,0.074,0.045,0,0,,0,,,,0,,,,,1004,1004,0,2,3,0,3,3,1,0,1,9,10,11,1,0,2,0,1,0,133472,0.596,1.405,0.014
910,1.517,0,0,0.061,0.023,0,0,,0,,,,0,,,,,1004,1004,0,2,3,0,3,3,1,0,1,9,10,11,1,0,2,0,1,0,133472,0.362,0.804,0.007
911,6.846,4.054,0,0.059,0.063,0,0,,0,,,,0,,,,,1004,1004,0,2,3,0,3,3,1,0,1,9,10,11,1,0,2,0,1,0,133472,0.559,1.634,0.023
912,2.133,0.001,0,0.056,0.036,0,0,,0,,,,0,,,,,1004,1004,0,2,3,0,3,3,1,0,1,9,10,11,1,0,2,0,1,0,133472,0.424,1.254,0.013
913,1.746,0,0,0.041,0.032,0,0,,0,,,,0,,,,,1004,1004,0,2,3,0,3,3,1,0,1,9,10,11,1,0,2,0,1,0,133472,0.369,1.038,0.009
914,1.694,0,0,0.033,0.028,0,0,,0,,,,0,,,,,1004,1004,0,2,3,0,3,3,1,0,1,9,10,11,1,0,2,0,1,0,133472,0.336,1.048,0.009
915,2.064,0,0,0.036,0.027,0,0,,0,,,,0,,,,,1004,1004,0,2,3,0,3,3,1,0,1,9,10,11,1,0,2,0,1,0,133472,0.429,1.253,0.01
916,1.66,0.001,0,0.044,0.028,0,0,,0,,,,0,,,,,1004,1004,0,2,3,0,3,3,1,0,1,9,10,11,1,0,2,0,1,0,133472,0.354,0.986,0.009
917,1.763,0,0,0.036,0.023,0,0,,0,,,,0,,,,,1004,1004,0,2,3,0,3,3,1,0,1,9,10,11,1,0,2,0,1,0,133472,0.495,0.955,0.008
918,1.934,0.102,0,0.033,0.035,0,0,,0,,,,0,,,,,1004,1004,0,2,3,0,3,3,1,0,1,9,10,11,1,0,2,0,1,0,133472,0.342,1.154,0.023
919,2.673,0.415,0,0.074,0.039,0,0,,0,,,,0,,,,,1004,1004,0,2,3,0,3,3,1,0,1,9,10,11,1,0,2,0,1,0,133472,0.389,1.326,0.015
920,2.866,1.168,0.001,0.073,0.036,0,0,,0,,,,0,,,,,1004,1004,0,2,3,0,3,3,1,0,1,9,10,11,1,0,2,0,1,0,133472,0.329,0.898,0.01
921,2.027,0.466,0,0.032,0.036,0,0,,0,,,,0,,,,,1004,1004,0,2,3,0,3,3,1,0,1,9,10,11,1,0,2,0,1,0,133472,0.291,0.829,0.01
922,1.985,0.267,0,0.039,0.037,0,0,,0,,,,0,,,,,1004,1004,0,2,3,0,3,3,1,0,1,9,10,11,1,0,2,0,1,0,133472,0.373,0.968,0.01
923,1.907,0,0,0.043,0.025,0,0,,0,,,,0,,,,,1004,1004,0,2,3,0,3,3,1,0,1,9,10,11,1,0,2,0,1,0,133472,0.467,1.004,0.009
924,1.723,0.001,0,0.033,0.036,0,0,,0,,,,0,,,,,1004,1004,0,2,3,0,3,3,1,0,1,9,10,11,1,0,2,0,1,0,133472,0.34,1.06,0.011
925,1.931,0,0,0.041,0.03,0,0,,0,,,,0,,,,,1004,1004,0,2,3,0,3,3,1,0,1,9,10,11,1,0,2,0,1,0,133472,0.472,1.091,0.008
926,2.017,0,0.001,0.028,0.05,0,0,,0,,,,0,,,,,1004,1004,0,2,3,0,3,3,1,0,1,9,10,11,1,0,2,0,1,0,133472,0.38,1.302,0.015
927,2.053,0.001,0.001,0.052,0.021,0,0,,0,,,,0,,,,,1004,1004,0,2,3,0,3,3,1,0,1,9,10,11,1,0,2,0,1,0,133472,0.472,1.159,0.008
928,1.72,0,0,0.032,0.061,0,0,,0,,,,0,,,,,1004,1004,0,2,3,0,3,3,1,0,1,9,10,11,1,0,2,0,1,0,133472,0.41,0.965,0.008
929,2.54,0.372,0,0.152,0.032,0,0,,0,,,,0,,,,,1004,1004,0,2,3,0,3,3,1,0,1,9,10,11,1,0,2,0,1,0,133472,0.455,1.195,0.011
930,1.924,0,0,0.038,0.033,0,0,,1,2000,233910272,289001472,1,71217344,71217344,167755776,38823561584,1004,1004,0,2,3,0,3,3,1,0,1,9,10,11,1,0,2,0,1,0,133472,0.384,1.17,0.011
931,2.355,0.363,0,0.042,0.035,0,0,,0,,,,0,,,,,1004,1004,0,2,3,0,3,3,1,0,1,9,10,11,1,0,2,0,1,0,133472,0.373,1.098,0.011
932,1.908,0.35,0.001,0.032,0.028,0,0,,0,,,,0,,,,,1004,1004,0,2,3,0,3,3,1,0,1,9,10,11,1,0,2,0,1,0,133472,0.324,0.804,0.008
933,2.42,0.754,0,0.089,0.029,0,0,,0,,,,0,,,,,1004,1004,0,2,3,0,3,3,1,0,1,9,10,11,1,0,2,0,1,0,133472,0.286,0.871,0.009
934,2.335,0.245,0,0.035,0.039,0,0,,0,,,,0,,,,,1004,1004,0,2,3,0,3,3,1,0,1,9,10,11,1,0,2,0,1,0,133472,0.489,1.257,0.014
935,1.89,0.001,0,0.046,0.023,0,0,,0,,,,0,,,,,1004,1004,0,2,3,0,3,3,1,0,1,9,10,11,1,0,2,0,1,0,133472,0.415,1.119,0.009
936,1.825,0.203,0,0.036,0.034,0,0,,0,,,,0,,,,,1004,1004,0,2,3,0,3,3,1,0,1,9,10,11,1,0,2,0,1,0,133472,0.352,0.931,0.009
937,1.514,0,0,0.029,0.021,0,0,,0,,,,0,,,,,1004,1004,0,2,3,0,3,3,1,0,1,9,10,11,1,0,2,0,1,0,133472,0.349,0.878,0.007
938,1.769,0,0,0.026,0.032,0,0,,0,,,,0,,,,,1004,1004,0,2,3,0,3,3,1,0,1,9,10,11,1,0,2,0,1,0,133472,0.365,1.107,0.009
939,1.782,0,0,0.034,0.027,0,0,,0,,,,0,,,,,1004,1004,0,2,3,0,3,3,1,0,1,9,10,11,1,0,2,0,1,0,133472,0.416,0.999,0.01
940,1.442,0,0,0.036,0.02,0,0,,0,,,,0,,,,,1004,1004,0,2,3,0,3,3,1,0,1,9,10,11,1,0,2,0,1,0,133472,0.32,0.84,0.006
941,1.511,0,0,0.025,0.026,0,0,,0,,,,0,,,,,1004,1004,0,2,3,0,3,3,1,0,1,9,10,11,1,0,2,0,1,0,133472,0.297,0.949,0.02
942,1.531,0,0,0.03,0.021,0,0,,0,,,,0,,,,,1004,1004,0,2,3,0,3,3,1,0,1,9,10,11,1,0,2,0,1,0,133472,0.373,0.883,0.008
943,1.582,0,0,0.031,0.024,0,0,,0,,,,0,,,,,1004,1004,0,2,3,0,3,3,1,0,1,9,10,11,1,0,2,0,1,0,133472,0.421,0.855,0.009
944,2.08,0,0,0.036,0.034,0,0,,0,,,,0,,,,,1004,1004,0,2,3,0,3,3,1,0,1,9,10,11,1,0,2,0,1,0,133472,0.441,1.299,0.009
945,1.827,0,0,0.037,0.033,0,0,,0,,,,0,,,,,1004,1004,0,2,3,0,3,3,1,0,1,9,10,11,1,0,2,0,1,0,133472,0.405,1.071,0.008
946,1.782,0,0,0.031,0.023,0,0,,0,,,,0,,,,,1004,1004,0,2,3,0,3,3,1,0,1,9,10,11,1,0,2,0,1,0,133472,0.385,1.091,0.008
947,1.531,0.001,0,0.029,0.02,0,0,,0,,,,0,,,,,1004,1004,0,2,3,0,3,3,1,0,1,9,10,11,1,0,2,0,1,0,133472,0.352,0.908,0.007
948,1.713,0,0,0.027,0.02,0,0,,0,,,,0,,,,,1004,1004,0,2,3,0,3,3,1,0,1,9,10,11,1,0,2,0,1,0,133472,0.446,0.988,0.007
949,2.188,0.493,0.001,0.09,0.024,0,0,,0,,,,0,,,,,1004,1004,0,2,3,0,3,3,1,0,1,9,10,11,1,0,2,0,1,0,133472,0.334,0.877,0.008
950,1.595,0,0,0.025,0.023,0,0,,0,,,,0,,,,,1004,1004,0,2,3,0,3,3,1,0,1,9,10,11,1,0,2,0,1,0,133472,0.433,0.885,0.008
951,1.466,0.001,0,0.029,0.022,0,0,,0,,,,0,,,,,1004,1004,0,2,3,0,3,3,1,0,1,9,10,11,1,0,2,0,1,0,133472,0.334,0.849,0.006
952,1.519,0,0,0.025,0.025,0,0,,0,,,,0,,,,,1004,1004,0,2,3,0,3,3,1,0,1,9,10,11,1,0,2,0,1,0,133472,0.36,0.9,0.008
953,1.609,0.001,0,0.029,0.025,0,0,,0,,,,0,,,,,1004,1004,0,2,3,0,3,3,1,0,1,9,10,11,1,0,2,0,1,0,133472,0.327,1,0.009
954,1.749,0,0,0.035,0.048,0,0,,0,,,,0,,,,,1004,1004,0,2,3,0,3,3,1,0,1,9,10,11,1,0,2,0,1,0,133472,0.401,1.005,0.008
955,1.492,0,0,0.031,0.017,0,0,,0,,,,0,,,,,1004,1004,0,2,3,0,3,3,1,0,1,9,10,11,1,0,2,0,1,0,133472,0.362,0.862,0.006
956,2.707,0.59,0,0.068,0.42,0,0,,0,,,,0,,,,,1004,1004,0,2,3,0,3,3,1,0,1,9,10,11,1,0,2,0,1,0,133472,0.324,0.941,0.008
957,3.427,0.001,0,0.052,0.081,0,0,,0,,,,0,,,,,1004,1004,0,2,3,0,3,3,1,0,1,9,10,11,1,0,2,0,1,0,133472,0.573,2.261,0.022
958,2.943,0,0,0.074,0.04,0,0,,0,,,,0,,,,,1004,1004,0,2,3,0,3,3,1,0,1,9,10,11,1,0,2,0,1,0,133472,0.684,1.698,0.011
959,2.984,0,0,0.084,0.053,0,0,,0,,,,0,,,,,1004,1004,0,2,3,0,3,3,1,0,1,9,10,11,1,0,2,0,1,0,133472,0.621,1.751,0.016
960,2.563,0.001,0,0.047,0.055,0,0,,1,2062.5,233910272,289001472,1,71217344,71217344,167755776,38823561584,1004,1004,0,2,3,0,3,3,1,0,1,9,10,11,1,0,2,0,1,0,133472,0.385,1.713,0.019
961,2.769,0.001,0,0.084,0.036,0,0,,0,,,,0,,,,,1004,1004,0,2,3,0,3,3,1,0,1,9,10,11,1,0,2,0,1,0,133472,0.573,1.645,0.016
962,2.242,0,0,0.058,0.035,0,0,,0,,,,0,,,,,1004,1004,0,2,3,0,3,3,1,0,1,9,10,11,1,0,2,0,1,0,133472,0.472,1.329,0.012
963,2.163,0,0,0.054,0.037,0,0,,0,,,,0,,,,,1004,1004,0,2,3,0,3,3,1,0,1,9,10,11,1,0,2,0,1,0,133472,0.412,1.351,0.011
964,1.553,0.092,0,0.116,0.036,0,0,,0,,,,0,,,,,1004,1004,0,2,3,0,3,3,1,0,1,9,10,11,1,0,2,0,1,0,133472,0.244,0.668,0.008
965,3.692,1.707,0,0.12,0.05,0,0,,0,,,,0,,,,,1004,1004,0,2,3,0,3,3,1,0,1,9,10,11,1,0,2,0,1,0,133472,0.426,1.06,0.013
966,1.529,0.001,0,0.031,0.029,0,0,,0,,,,0,,,,,1004,1004,0,2,3,0,3,3,1,0,1,9,10,11,1,0,2,0,1,0,133472,0.33,0.898,0.008
967,2.663,0,0,0.026,0.138,0,0,,0,,,,0,,,,,1004,1004,0,2,3,0,3,3,1,0,1,9,10,11,1,0,2,0,1,0,133472,0.348,1.703,0.038
968,3.937,0.001,0.001,0.091,0.064,0,0,,0,,,,0,,,,,1004,1004,0,2,3,0,3,3,1,0,1,9,10,11,1,0,2,0,1,0,133472,0.767,2.37,0.023
969,3.623,0,0,0.075,0.051,0,0,,0,,,,0,,,,,1004,1004,0,2,3,0,3,3,1,0,1,9,10,11,1,0,2,0,1,0,133472,0.857,2.074,0.019
970,3.538,0,0,0.066,0.05,0,0,,0,,,,0,,,,,1004,1004,0,2,3,0,3,3,1,0,1,9,10,11,1,0,2,0,1,0,133472,0.751,2.155,0.019
971,1.681,0,0,0.028,0.026,0,0,,0,,,,0,,,,,1004,1004,0,2,3,0,3,3,1,0,1,9,10,11,1,0,2,0,1,0,133472,0.395,0.992,0.008
972,1.614,0,0,0.032,0.025,0,0,,0,,,,0,,,,,1004,1004,0,2,3,0,3,3,1,0,1,9,10,11,1,0,2,0,1,0,133472,0.367,0.974,0.008
973,3.865,0.001,0,0.033,0.082,0,0,,0,,,,0,,,,,1004,1004,0,2,3,0,3,3,1,0,1,9,10,11,1,0,2,0,1,0,133472,0.5,2.09,0.029
974,2.407,0.001,0,0.071,0.04,0,0,,0,,,,0,,,,,1004,1004,0,2,3,0,3,3,1,0,1,9,10,11,1,0,2,0,1,0,133472,0.563,1.307,0.012
975,1.996,0,0,0.04,0.033,0,0,,0,,,,0,,,,,1004,1004,0,2,3,0,3,3,1,0,1,9,10,11,1,0,2,0,1,0,133472,0.443,1.183,0.01
976,1.719,0,0,0.042,0.031,0,0,,0,,,,0,,,,,1004,1004,0,2,3,0,3,3,1,0,1,9,10,11,1,0,2,0,1,0,133472,0.384,1.005,0.008
977,3.069,1.059,0.001,0.064,0.057,0,0,,0,,,,0,,,,,1004,1004,0,2,3,0,3,3,1,0,1,9,10,11,1,0,2,0,1,0,133472,0.392,1.159,0.014
978,1.742,0.114,0,0.104,0.033,0,0,,0,,,,0,,,,,1004,1004,0,2,3,0,3,3,1,0,1,9,10,11,1,0,2,0,1,0,133472,0.358,0.783,0.007
979,4.907,1.272,0,0.088,0.063,0,0,,0,,,,0,,,,,1004,1004,0,2,3,0,3,3,1,0,1,9,10,11,1,0,2,0,1,0,133472,0.534,2.446,0.028
980,1.896,0.001,0,0.051,0.023,0,0,,0,,,,0,,,,,1004,1004,0,2,3,0,3,3,1,0,1,9,10,11,1,0,2,0,1,0,133472,0.421,1.07,0.011
981,2.815,1.113,0,0.057,0.036,0,0,,0,,,,0,,,,,1004,1004,0,2,3,0,3,3,1,0,1,9,10,11,1,0,2,0,1,0,133472,0.313,1.028,0.011
982,2.397,0.69,0,0.039,0.049,0,0,,0,,,,0,,,,,1004,1004,0,2,3,0,3,3,1,0,1,9,10,11,1,0,2,0,1,0,133472,0.321,1.035,0.01
983,2.145,0.584,0,0.044,0.039,0,0,,0,,,,0,,,,,1004,1004,0,2,3,0,3,3,1,0,1,9,10,11,1,0,2,0,1,0,133472,0.337,0.88,0.008
984,2.05,0.52,0,0.043,0.042,0,0,,0,,,,0,,,,,1004,1004,0,2,3,0,3,3,1,0,1,9,10,11,1,0,2,0,1,0,133472,0.316,0.862,0.008
985,2.089,0.531,0,0.044,0.045,0,0,,0,,,,0,,,,,1004,1004,0,2,3,0,3,3,1,0,1,9,10,11,1,0,2,0,1,0,133472,0.295,0.914,0.008
986,3.194,0.001,0,0.026,0.066,0,0,,0,,,,0,,,,,1004,1004,0,2,3,0,3,3,1,0,1,9,10,11,1,0,2,0,1,0,133472,1.55,1.182,0.02
987,1.917,0.001,0,0.057,0.029,0,0,,0,,,,0,,,,,1004,1004,0,2,3,0,3,3,1,0,1,9,10,11,1,0,2,0,1,0,133472,0.452,1.069,0.009
988,1.616,0,0,0.033,0.023,0,0,,0,,,,0,,,,,1004,1004,0,2,3,0,3,3,1,0,1,9,10,11,1,0,2,0,1,0,133472,0.415,0.898,0.008
989,1.503,0,0,0.026,0.022,0,0,,0,,,,0,,,,,1004,1004,0,2,3,0,3,3,1,0,1,9,10,11,1,0,2,0,1,0,133472,0.313,0.94,0.007
990,1.741,0,0,0.028,0.027,0,0,,1,2171.875,233910272,289001472,1,71217344,71217344,167755776,38823561584,1004,1004,0,2,3,0,3,3,1,0,1,9,10,11,1,0,2,0,1,0,133472,0.374,1.07,0.016
991,1.819,0,0.001,0.034,0.026,0,0,,0,,,,0,,,,,1004,1004,0,2,3,0,3,3,1,0,1,9,10,11,1,0,2,0,1,0,133472,0.403,1.097,0.009
992,1.555,0,0,0.035,0.036,0,0,,0,,,,0,,,,,1004,1004,0,2,3,0,3,3,1,0,1,9,10,11,1,0,2,0,1,0,133472,0.357,0.912,0.007
993,1.699,0.001,0,0.031,0.026,0,0,,0,,,,0,,,,,1004,1004,0,2,3,0,3,3,1,0,1,9,10,11,1,0,2,0,1,0,133472,0.373,1.026,0.009
994,2.516,0,0,0.034,0.049,0,0,,0,,,,0,,,,,1004,1004,0,2,3,0,3,3,1,0,1,9,10,11,1,0,2,0,1,0,133472,0.419,1.657,0.021
995,2.427,0.001,0,0.064,0.031,0,0,,0,,,,0,,,,,1004,1004,0,2,3,0,3,3,1,0,1,9,10,11,1,0,2,0,1,0,133472,0.643,1.309,0.013
996,2.039,0,0,0.05,0.028,0,0,,0,,,,0,,,,,1004,1004,0,2,3,0,3,3,1,0,1,9,10,11,1,0,2,0,1,0,133472,0.473,1.149,0.016
997,2.751,1.231,0,0.047,0.039,0,0,,0,,,,0,,,,,1004,1004,0,2,3,0,3,3,1,0,1,9,10,11,1,0,2,0,1,0,133472,0.327,0.841,0.008
998,2.943,1.288,0,0.033,0.053,0,0,,0,,,,0,,,,,1004,1004,0,2,3,0,3,3,1,0,1,9,10,11,1,0,2,0,1,0,133472,0.312,0.997,0.012
999,1.822,0.001,0,0.052,0.034,0,0,,0,,,,0,,,,,1004,1004,0,2,3,0,3,3,1,0,1,9,10,11,1,0,2,0,1,0,133472,0.381,1.095,0.009
1000,1.756,0,0,0.04,0.023,0,0,,0,,,,0,,,,,1004,1004,0,2,3,0,3,3,1,0,1,9,10,11,1,0,2,0,1,0,133472,0.392,1.053,0.008
1001,2.212,0.001,0,0.026,0.068,0,0,,0,,,,0,,,,,1004,1004,0,2,3,0,3,3,1,0,1,9,10,11,1,0,2,0,1,0,133472,0.396,1.444,0.011
1002,3.293,0,0,0.042,0.062,0,0,,0,,,,0,,,,,1004,1004,0,2,3,0,3,3,1,0,1,9,10,11,1,0,2,0,1,0,133472,0.86,1.83,0.02
1003,2.263,0,0,0.088,0.027,0,0,,0,,,,0,,,,,1004,1004,0,2,3,0,3,3,1,0,1,9,10,11,1,0,2,0,1,0,133472,0.591,1.2,0.009
1004,1.823,0.001,0,0.032,0.041,0,0,,0,,,,0,,,,,1004,1004,0,2,3,0,3,3,1,0,1,9,10,11,1,0,2,0,1,0,133472,0.475,1.019,0.009
1005,1.568,0,0,0.036,0.024,0,0,,0,,,,0,,,,,1004,1004,0,2,3,0,3,3,1,0,1,9,10,11,1,0,2,0,1,0,133472,0.382,0.919,0.007
1006,1.772,0.001,0,0.026,0.03,0,0,,0,,,,0,,,,,1004,1004,0,2,3,0,3,3,1,0,1,9,10,11,1,0,2,0,1,0,133472,0.357,1.135,0.009
1007,1.736,0,0,0.031,0.024,0,0,,0,,,,0,,,,,1004,1004,0,2,3,0,3,3,1,0,1,9,10,11,1,0,2,0,1,0,133472,0.424,1.004,0.008
1008,1.692,0,0,0.026,0.023,0,0,,0,,,,0,,,,,1004,1004,0,2,3,0,3,3,1,0,1,9,10,11,1,0,2,0,1,0,133472,0.409,1.021,0.007
1009,2.019,0,0,0.025,0.033,0,0,,0,,,,0,,,,,1004,1004,0,2,3,0,3,3,1,0,1,9,10,11,1,0,2,0,1,0,133472,0.344,1.392,0.012
1010,2.897,0,0,0.041,0.049,0,0,,0,,,,0,,,,,1004,1004,0,2,3,0,3,3,1,0,1,9,10,11,1,0,2,0,1,0,133472,0.435,1.946,0.018
1011,1.833,0.001,0.001,0.061,0.038,0,0,,0,,,,0,,,,,1004,1004,0,2,3,0,3,3,1,0,1,9,10,11,1,0,2,0,1,0,133472,0.429,0.988,0.012
1012,1.423,0,0.001,0.043,0.019,0,0,,0,,,,0,,,,,1004,1004,0,2,3,0,3,3,1,0,1,9,10,11,1,0,2,0,1,0,133472,0.386,0.757,0.007
1013,2.799,1.156,0.001,0.051,0.041,0,0,,0,,,,0,,,,,1004,1004,0,2,3,0,3,3,1,0,1,9,10,11,1,0,2,0,1,0,133472,0.328,0.95,0.01
1014,2.349,0.581,0,0.04,0.05,0,0,,0,,,,0,,,,,1004,1004,0,2,3,0,3,3,1,0,1,9,10,11,1,0,2,0,1,0,133472,0.337,1.07,0.01
1015,2.356,0.625,0,0.045,0.047,0,0,,0,,,,0,,,,,1004,1004,0,2,3,0,3,3,1,0,1,9,10,11,1,0,2,0,1,0,133472,0.346,1.026,0.01
1016,2.856,1.007,0,0.048,0.041,0,0,,0,,,,0,,,,,1004,1004,0,2,3,0,3,3,1,0,1,9,10,11,1,0,2,0,1,0,133472,0.424,0.928,0.009
1017,3.86,0.614,0,0.041,0.063,0,0,,0,,,,0,,,,,1004,1004,0,2,3,0,3,3,1,0,1,9,10,11,1,0,2,0,1,0,133472,1.021,1.379,0.033
1018,2.831,0.568,0,0.058,0.039,0,0,,0,,,,0,,,,,1004,1004,0,2,3,0,3,3,1,0,1,9,10,11,1,0,2,0,1,0,133472,0.492,1.25,0.015
1019,2.701,0.79,0,0.058,0.06,0,0,,0,,,,0,,,,,1004,1004,0,2,3,0,3,3,1,0,1,9,10,11,1,0,2,0,1,0,133472,0.367,1.106,0.013
1020,1.874,0,0,0.033,0.034,0,0,,1,2218.75,233910272,289001472,1,71217344,71217344,167755776,38823561584,1004,1004,0,2,3,0,3,3,1,0,1,9,10,11,1,0,2,0,1,0,133472,0.408,1.101,0.01
1021,3.3,0.922,0,0.046,0.076,0,0,,0,,,,0,,,,,1004,1004,0,2,3,0,3,3,1,0,1,9,10,11,1,0,2,0,1,0,133472,0.369,1.528,0.02
1022,2.301,0.001,0,0.057,0.062,0,0,,0,,,,0,,,,,1004,1004,0,2,3,0,3,3,1,0,1,9,10,11,1,0,2,0,1,0,133472,0.439,1.363,0.017
1023,3.774,0,0,0.053,0.058,0,0,,0,,,,0,,,,,1004,1004,0,2,3,0,3,3,1,0,1,9,10,11,1,0,2,0,1,0,133472,0.764,2.123,0.068
1024,2.642,0.001,0,0.105,0.119,0,0,,0,,,,0,,,,,1004,1004,0,2,3,0,3,3,1,0,1,9,10,11,1,0,2,0,1,0,133472,0.379,1.589,0.035
1025,4.778,0.001,0.001,0.097,0.088,0,0,,0,,,,0,,,,,1004,1004,0,2,3,0,3,3,1,0,1,9,10,11,1,0,2,0,1,0,133472,0.961,2.912,0.027
1026,3.646,0.001,0,0.076,0.059,0,0,,0,,,,0,,,,,1004,1004,0,2,3,0,3,3,1,0,1,9,10,11,1,0,2,0,1,0,133472,0.807,2.133,0.02
1027,3.713,0.001,0,0.074,0.081,0,0,,0,,,,0,,,,,1004,1004,0,2,3,0,3,3,1,0,1,9,10,11,1,0,2,0,1,0,133472,0.811,2.119,0.024
1028,2.564,0,0,0.094,0.041,0,0,,0,,,,0,,,,,1004,1004,0,2,3,0,3,3,1,0,1,9,10,11,1,0,2,0,1,0,133472,0.567,1.455,0.014
1029,2.21,0.001,0,0.061,0.048,0,0,,0,,,,0,,,,,1004,1004,0,2,3,0,3,3,1,0,1,9,10,11,1,0,2,0,1,0,133472,0.374,1.31,0.026
1030,3.128,0.001,0,0.057,0.09,0,0,,0,,,,0,,,,,1004,1004,0,2,3,0,3,3,1,0,1,9,10,11,1,0,2,0,1,0,133472,0.452,2.104,0.025
1031,3.695,0.001,0.001,0.085,0.04,0,0,,0,,,,0,,,,,1004,1004,0,2,3,0,3,3,1,0,1,9,10,11,1,0,2,0,1,0,133472,0.79,2.177,0.021
1032,2.104,0,0,0.042,0.037,0,0,,0,,,,0,,,,,1004,1004,0,2,3,0,3,3,1,0,1,9,10,11,1,0,2,0,1,0,133472,0.472,1.222,0.009
1033,2.34,0.001,0,0.035,0.063,0,0,,0,,,,0,,,,,1004,1004,0,2,3,0,3,3,1,0,1,9,10,11,1,0,2,0,1,0,133472,0.436,1.463,0.016
1034,2.555,0.001,0.001,0.071,0.072,0,0,,0,,,,0,,,,,1004,1004,0,2,3,0,3,3,1,0,1,9,10,11,1,0,2,0,1,0,133472,0.372,1.621,0.032
1035,2.083,0,0.001,0.079,0.036,0,0,,0,,,,0,,,,,1004,1004,0,2,3,0,3,3,1,0,1,9,10,11,1,0,2,0,1,0,133472,0.485,1.176,0.011
1036,4.078,2.406,0.001,0.048,0.051,0,0,,0,,,,0,,,,,1004,1004,0,2,3,0,3,3,1,0,1,9,10,11,1,0,2,0,1,0,133472,0.34,0.94,0.01
1037,3.359,0.365,0,0.466,0.096,0,0,,0,,,,0,,,,,1004,1004,0,2,3,0,3,3,1,0,1,9,10,11,1,0,2,0,1,0,133472,0.491,1.475,0.022
1038,2.561,0.001,0.001,0.092,0.036,0,0,,0,,,,0,,,,,1004,1004,0,2,3,0,3,3,1,0,1,9,10,11,1,0,2,0,1,0,133472,0.395,1.614,0.01
1039,2.076,0,0,0.04,0.045,0,0,,0,,,,0,,,,,1004,1004,0,2,3,0,3,3,1,0,1,9,10,11,1,0,2,0,1,0,133472,0.359,1.321,0.015
1040,2.938,0.325,0.001,0.071,0.071,0,0,,0,,,,0,,,,,1004,1004,0,2,3,0,3,3,1,0,1,9,10,11,1,0,2,0,1,0,133472,0.451,1.443,0.023
1041,2.904,1.382,0,0.094,0.032,0,0,,0,,,,0,,,,,1004,1004,0,2,3,0,3,3,1,0,1,9,10,11,1,0,2,0,1,0,133472,0.291,0.765,0.009
1042,3.411,1.491,0,0.124,0.062,0,0,,0,,,,0,,,,,1004,1004,0,2,3,0,3,3,1,0,1,9,10,11,1,0,2,0,1,0,133472,0.38,0.962,0.035
1043,2.162,0.507,0,0.047,0.036,0,0,,0,,,,0,,,,,1004,1004,0,2,3,0,3,3,1,0,1,9,10,11,1,0,2,0,1,0,133472,0.367,0.9,0.009
1044,2.987,1.35,0,0.097,0.037,0,0,,0,,,,0,,,,,1004,1004,0,2,3,0,3,3,1,0,1,9,10,11,1,0,2,0,1,0,133472,0.37,0.881,0.008
1045,3.106,1.183,0,0.038,0.035,0,0,,0,,,,0,,,,,1004,1004,0,2,3,0,3,3,1,0,1,9,10,11,1,0,2,0,1,0,133472,0.468,1.067,0.013
1046,3.382,0.617,0,0.098,0.046,0,0,,0,,,,0,,,,,1004,1004,0,2,3,0,3,3,1,0,1,9,10,11,1,0,2,0,1,0,133472,0.496,1.117,0.019
1047,1.617,0.001,0,0.057,0.041,0,0,,0,,,,0,,,,,1004,1004,0,2,3,0,3,3,1,0,1,9,10,11,1,0,2,0,1,0,133472,0.333,0.953,0.009
1048,1.663,0,0,0.032,0.034,0,0,,0,,,,0,,,,,1004,1004,0,2,3,0,3,3,1,0,1,9,10,11,1,0,2,0,1,0,133472,0.355,0.987,0.008
1049,1.693,0,0,0.032,0.027,0,0,,0,,,,0,,,,,1004,1004,0,2,3,0,3,3,1,0,1,9,10,11,1,0,2,0,1,0,133472,0.399,0.987,0.008
1050,1.66,0,0,0.032,0.033,0,0,,1,2312.5,233975808,289001472,1,71217344,71217344,167755776,38823561584,1004,1004,0,2,3,0,3,3,1,0,1,9,10,11,1,0,2,0,1,0,133472,0.402,0.952,0.014
1051,1.59,0,0,0.035,0.033,0,0,,0,,,,0,,,,,1004,1004,0,2,3,0,3,3,1,0,1,9,10,11,1,0,2,0,1,0,133472,0.34,0.933,0.009
1052,1.624,0,0,0.04,0.027,0,0,,0,,,,0,,,,,1004,1004,0,2,3,0,3,3,1,0,1,9,10,11,1,0,2,0,1,0,133472,0.392,0.899,0.007
1053,1.594,0,0,0.031,0.028,0,0,,0,,,,0,,,,,1004,1004,0,2,3,0,3,3,1,0,1,9,10,11,1,0,2,0,1,0,133472,0.362,0.951,0.008
1054,1.985,0,0.001,0.034,0.035,0,0,,0,,,,0,,,,,1004,1004,0,2,3,0,3,3,1,0,1,9,10,11,1,0,2,0,1,0,133472,0.512,1.096,0.012
1055,1.896,0,0.001,0.044,0.03,0,0,,0,,,,0,,,,,1004,1004,0,2,3,0,3,3,1,0,1,9,10,11,1,0,2,0,1,0,133472,0.478,1.058,0.01
1056,1.726,0,0,0.04,0.032,0,0,,0,,,,0,,,,,1004,1004,0,2,3,0,3,3,1,0,1,9,10,11,1,0,2,0,1,0,133472,0.387,1.026,0.008
1057,1.836,0,0,0.03,0.064,0,0,,0,,,,0,,,,,1004,1004,0,2,3,0,3,3,1,0,1,9,10,11,1,0,2,0,1,0,133472,0.345,1.084,0.018
1058,2.067,0.001,0.001,0.07,0.038,0,0,,0,,,,0,,,,,1004,1004,0,2,3,0,3,3,1,0,1,9,10,11,1,0,2,0,1,0,133472,0.492,1.087,0.011
1059,1.803,0,0,0.043,0.03,0,0,,0,,,,0,,,,,1004,1004,0,2,3,0,3,3,1,0,1,9,10,11,1,0,2,0,1,0,133472,0.399,1.069,0.008
1060,1.619,0,0,0.033,0.037,0,0,,0,,,,0,,,,,1004,1004,0,2,3,0,3,3,1,0,1,9,10,11,1,0,2,0,1,0,133472,0.341,0.997,0.009
1061,1.948,0,0.001,0.03,0.039,0,0,,0,,,,0,,,,,1004,1004,0,2,3,0,3,3,1,0,1,9,10,11,1,0,2,0,1,0,133472,0.429,1.207,0.011
1062,2.468,0,0,0.044,0.08,0,0,,0,,,,0,,,,,1004,1004,0,2,3,0,3,3,1,0,1,9,10,11,1,0,2,0,1,0,133472,0.39,1.413,0.021
1063,1.971,0.001,0.001,0.5,0.036,0,0,,0,,,,0,,,,,1004,1004,0,2,3,0,3,3,1,0,1,9,10,11,1,0,2,0,1,0,133472,0.405,0.755,0.007
1064,2.474,0.001,0,0.036,0.054,0,0,,0,,,,0,,,,,1004,1004,0,2,3,0,3,3,1,0,1,9,10,11,1,0,2,0,1,0,133472,0.588,1.448,0.014
1065,2.111,0.001,0.001,0.082,0.041,0,0,,0,,,,0,,,,,1004,1004,0,2,3,0,3,3,1,0,1,9,10,11,1,0,2,0,1,0,133472,0.754,0.82,0.009
1066,1.297,0.001,0,0.046,0.024,0,0,,0,,,,0,,,,,1004,1004,0,2,3,0,3,3,1,0,1,9,10,11,1,0,2,0,1,0,133472,0.339,0.691,0.006
1067,1.727,0.177,0.001,0.091,0.032,0,0,,0,,,,0,,,,,1004,1004,0,2,3,0,3,3,1,0,1,9,10,11,1,0,2,0,1,0,133472,0.306,0.737,0.008
1068,1.653,0.068,0,0.035,0.024,0,0,,0,,,,0,,,,,1004,1004,0,2,3,0,3,3,1,0,1,9,10,11,1,0,2,0,1,0,133472,0.518,0.781,0.009
1069,3.56,0.941,0.001,0.093,0.067,0,0,,0,,,,0,,,,,1004,1004,0,2,3,0,3,3,1,0,1,9,10,11,1,0,2,0,1,0,133472,0.548,1.448,0.013
1070,2.73,0.301,0,0.125,0.047,0,0,,0,,,,0,,,,,1004,1004,0,2,3,0,3,3,1,0,1,9,10,11,1,0,2,0,1,0,133472,0.347,1.58,0.025
1071,3.282,1.133,0,0.097,0.056,0,0,,0,,,,0,,,,,1004,1004,0,2,3,0,3,3,1,0,1,9,10,11,1,0,2,0,1,0,133472,0.378,1.287,0.018
1072,2.558,1.078,0,0.115,0.036,0,0,,0,,,,0,,,,,1004,1004,0,2,3,0,3,3,1,0,1,9,10,11,1,0,2,0,1,0,133472,0.303,0.698,0.007
1073,2.47,1.138,0,0.08,0.026,0,0,,0,,,,0,,,,,1004,1004,0,2,3,0,3,3,1,0,1,9,10,11,1,0,2,0,1,0,133472,0.219,0.714,0.006
1074,1.541,0.089,0,0.082,0.038,0,0,,0,,,,0,,,,,1004,1004,0,2,3,0,3,3,1,0,1,9,10,11,1,0,2,0,1,0,133472,0.31,0.708,0.007
1075,1.218,0.001,0,0.034,0.027,0,0,,0,,,,0,,,,,1004,1004,0,2,3,0,3,3,1,0,1,9,10,11,1,0,2,0,1,0,133472,0.315,0.651,0.004
1076,1.092,0,0,0.027,0.021,0,0,,0,,,,0,,,,,1004,1004,0,2,3,0,3,3,1,0,1,9,10,11,1,0,2,0,1,0,133472,0.263,0.627,0.005
1077,1.289,0.043,0,0.027,0.025,0,0,,0,,,,0,,,,,1004,1004,0,2,3,0,3,3,1,0,1,9,10,11,1,0,2,0,1,0,133472,0.298,0.738,0.005
1078,1.148,0,0,0.031,0.017,0,0,,0,,,,0,,,,,1004,1004,0,2,3,0,3,3,1,0,1,9,10,11,1,0,2,0,1,0,133472,0.266,0.686,0.004
1079,1.93,0.356,0.001,0.053,0.033,0,0,,0,,,,0,,,,,1004,1004,0,2,3,0,3,3,1,0,1,9,10,11,1,0,2,0,1,0,133472,0.344,0.9,0.009
1080,1.563,0.038,0,0.04,0.026,0,0,,1,2359.375,233975808,289001472,1,71217344,71217344,167755776,38823561584,1004,1004,0,2,3,0,3,3,1,0,1,9,10,11,1,0,2,0,1,0,133472,0.356,0.882,0.01
1081,2.74,0.707,0,0.153,0.037,0,0,,0,,,,0,,,,,1004,1004,0,2,3,0,3,3,1,0,1,9,10,11,1,0,2,0,1,0,133472,0.362,1.045,0.035
1082,1.463,0.001,0,0.103,0.02,0,0,,0,,,,0,,,,,1004,1004,0,2,3,0,3,3,1,0,1,9,10,11,1,0,2,0,1,0,133472,0.336,0.765,0.006
1083,1.279,0,0,0.031,0.022,0,0,,0,,,,0,,,,,1004,1004,0,2,3,0,3,3,1,0,1,9,10,11,1,0,2,0,1,0,133472,0.337,0.68,0.005
1084,1.575,0.258,0,0.038,0.023,0,0,,0,,,,0,,,,,1004,1004,0,2,3,0,3,3,1,0,1,9,10,11,1,0,2,0,1,0,133472,0.261,0.724,0.007
1085,1.674,0.282,0,0.078,0.024,0,0,,0,,,,0,,,,,1004,1004,0,2,3,0,3,3,1,0,1,9,10,11,1,0,2,0,1,0,133472,0.321,0.686,0.007
1086,1.548,0.234,0,0.127,0.034,0,0,,0,,,,0,,,,,1004,1004,0,2,3,0,3,3,1,0,1,9,10,11,1,0,2,0,1,0,133472,0.281,0.627,0.006
1087,1.45,0.304,0,0.043,0.027,0,0,,0,,,,0,,,,,1004,1004,0,2,3,0,3,3,1,0,1,9,10,11,1,0,2,0,1,0,133472,0.222,0.594,0.005
1088,1.884,0.492,0,0.144,0.024,0,0,,0,,,,0,,,,,1004,1004,0,2,3,0,3,3,1,0,1,9,10,11,1,0,2,0,1,0,133472,0.322,0.601,0.007
1089,4.244,0.22,0.001,0.162,0.095,0,0,,0,,,,0,,,,,1004,1004,0,2,3,0,3,3,1,0,1,9,10,11,1,0,2,0,1,0,133472,0.804,2.285,0.027
1090,3.395,0.001,0.001,0.089,0.048,0,0,,0,,,,0,,,,,1004,1004,0,2,3,0,3,3,1,0,1,9,10,11,1,0,2,0,1,0,133472,0.812,1.886,0.015
1091,2.623,0.001,0,0.054,0.044,0,0,,0,,,,0,,,,,1004,1004,0,2,3,0,3,3,1,0,1,9,10,11,1,0,2,0,1,0,133472,0.528,1.528,0.013
1092,2.474,0,0,0.051,0.042,0,0,,0,,,,0,,,,,1004,1004,0,2,3,0,3,3,1,0,1,9,10,11,1,0,2,0,1,0,133472,0.518,1.491,0.012
1093,1.778,0,0,0.05,0.036,0,0,,0,,,,0,,,,,1004,1004,0,2,3,0,3,3,1,0,1,9,10,11,1,0,2,0,1,0,133472,0.383,1.037,0.01
1094,1.714,0.001,0,0.039,0.027,0,0,,0,,,,0,,,,,1004,1004,0,2,3,0,3,3,1,0,1,9,10,11,1,0,2,0,1,0,133472,0.417,0.974,0.008
1095,2.978,1.316,0,0.133,0.06,0,0,,0,,,,0,,,,,1004,1004,0,2,3,0,3,3,1,0,1,9,10,11,1,0,2,0,1,0,133472,0.308,0.755,0.012
1096,3.256,1.708,0.001,0.048,0.035,0,0,,0,,,,0,,,,,1004,1004,0,2,3,0,3,3,1,0,1,9,10,11,1,0,2,0,1,0,133472,0.313,0.784,0.01
1097,2.612,1.134,0,0.062,0.029,0,0,,0,,,,0,,,,,1004,1004,0,2,3,0,3,3,1,0,1,9,10,11,1,0,2,0,1,0,133472,0.355,0.763,0.007
1098,2.429,1.109,0,0.101,0.041,0,0,,0,,,,0,,,,,1004,1004,0,2,3,0,3,3,1,0,1,9,10,11,1,0,2,0,1,0,133472,0.279,0.62,0.006
1099,1.886,0.314,0,0.111,0.029,0,0,,0,,,,0,,,,,1004,1004,0,2,3,0,3,3,1,0,1,9,10,11,1,0,2,0,1,0,133472,0.366,0.775,0.006
1100,1.283,0.001,0.001,0.033,0.026,0,0,,0,,,,0,,,,,1004,1004,0,2,3,0,3,3,1,0,1,9,10,11,1,0,2,0,1,0,133472,0.3,0.746,0.005
1101,1.303,0,0.001,0.032,0.022,0,0,,0,,,,0,,,,,1004,1004,0,2,3,0,3,3,1,0,1,9,10,11,1,0,2,0,1,0,133472,0.317,0.761,0.005
1102,1.269,0,0,0.035,0.016,0,0,,0,,,,0,,,,,1004,1004,0,2,3,0,3,3,1,0,1,9,10,11,1,0,2,0,1,0,133472,0.298,0.757,0.004
1103,2.507,0,0,0.029,0.084,0,0,,0,,,,0,,,,,1004,1004,0,2,3,0,3,3,1,0,1,9,10,11,1,0,2,0,1,0,133472,0.34,1.738,0.031
1104,3.096,0.001,0,0.072,0.055,0,0,,0,,,,0,,,,,1004,1004,0,2,3,0,3,3,1,0,1,9,10,11,1,0,2,0,1,0,133472,0.681,1.743,0.017
1105,2.134,0,0,0.058,0.036,0,0,,0,,,,0,,,,,1004,1004,0,2,3,0,3,3,1,0,1,9,10,11,1,0,2,0,1,0,133472,0.51,1.159,0.011
1106,1.917,0.001,0,0.052,0.03,0,0,,0,,,,0,,,,,1004,1004,0,2,3,0,3,3,1,0,1,9,10,11,1,0,2,0,1,0,133472,0.429,1.125,0.011
1107,2.207,0,0,0.04,0.03,0,0,,0,,,,0,,,,,1004,1004,0,2,3,0,3,3,1,0,1,9,10,11,1,0,2,0,1,0,133472,0.456,1.396,0.012
1108,1.717,0,0,0.035,0.026,0,0,,0,,,,0,,,,,1004,1004,0,2,3,0,3,3,1,0,1,9,10,11,1,0,2,0,1,0,133472,0.376,1.026,0.008
1109,2.334,0.903,0,0.093,0.038,0,0,,0,,,,0,,,,,1004,1004,0,2,3,0,3,3,1,0,1,9,10,11,1,0,2,0,1,0,133472,0.276,0.663,0.006
1110,3.828,1.269,0,0.047,0.057,0,0,,1,2437.5,233975808,289001472,1,71217344,71217344,167755776,38823561584,1004,1004,0,2,3,0,3,3,1,0,1,9,10,11,1,0,2,0,1,0,133472,0.651,1.431,0.025
1111,1.954,0.001,0,0.064,0.032,0,0,,0,,,,0,,,,,1004,1004,0,2,3,0,3,3,1,0,1,9,10,11,1,0,2,0,1,0,133472,0.426,1.093,0.022
1112,4.611,2.675,0,0.086,0.031,0,0,,0,,,,0,,,,,1004,1004,0,2,3,0,3,3,1,0,1,9,10,11,1,0,2,0,1,0,133472,0.362,1.078,0.011
1113,1.869,0,0,0.036,0.028,0,0,,0,,,,0,,,,,1004,1004,0,2,3,0,3,3,1,0,1,9,10,11,1,0,2,0,1,0,133472,0.407,1.129,0.009
1114,1.556,0.001,0,0.032,0.033,0,0,,0,,,,0,,,,,1004,1004,0,2,3,0,3,3,1,0,1,9,10,11,1,0,2,0,1,0,133472,0.363,0.899,0.009
1115,2.621,1.023,0,0.051,0.042,0,0,,0,,,,0,,,,,1004,1004,0,2,3,0,3,3,1,0,1,9,10,11,1,0,2,0,1,0,133472,0.321,0.923,0.009
1116,3.029,0.445,0,0.095,0.055,0,0,,0,,,,0,,,,,1004,1004,0,2,3,0,3,3,1,0,1,9,10,11,1,0,2,0,1,0,133472,0.304,1.707,0.02
1117,2.142,0.001,0,0.065,0.065,0,0,,0,,,,0,,,,,1004,1004,0,2,3,0,3,3,1,0,1,9,10,11,1,0,2,0,1,0,133472,0.471,1.213,0.011
1118,2.555,0.585,0.001,0.054,0.059,0,0,,0,,,,0,,,,,1004,1004,0,2,3,0,3,3,1,0,1,9,10,11,1,0,2,0,1,0,133472,0.398,1.13,0.012
1119,1.354,0.001,0.001,0.051,0.029,0,0,,0,,,,0,,,,,1004,1004,0,2,3,0,3,3,1,0,1,9,10,11,1,0,2,0,1,0,133472,0.305,0.714,0.006
1120,3.267,1.259,0.001,0.13,0.044,0,0,,0,,,,0,,,,,1004,1004,0,2,3,0,3,3,1,0,1,9,10,11,1,0,2,0,1,0,133472,0.467,1.007,0.012
1121,2.144,0.588,0,0.042,0.039,0,0,,0,,,,0,,,,,1004,1004,0,2,3,0,3,3,1,0,1,9,10,11,1,0,2,0,1,0,133472,0.333,0.881,0.008
1122,4.187,0.504,0,0.085,0.092,0,0,,0,,,,0,,,,,1004,1004,0,2,3,0,3,3,1,0,1,9,10,11,1,0,2,0,1,0,133472,0.768,2.146,0.022
1123,3.574,0.001,0,0.082,0.054,0,0,,0,,,,0,,,,,1004,1004,0,2,3,0,3,3,1,0,1,9,10,11,1,0,2,0,1,0,133472,0.746,2.158,0.019
1124,3.307,0.001,0.001,0.068,0.025,0,0,,0,,,,0,,,,,1004,1004,0,2,3,0,3,3,1,0,1,9,10,11,1,0,2,0,1,0,133472,0.751,1.998,0.007
1125,1.477,0,0.001,0.028,0.024,0,0,,0,,,,0,,,,,1004,1004,0,2,3,0,3,3,1,0,1,9,10,11,1,0,2,0,1,0,133472,0.302,0.915,0.008
1126,1.733,0,0,0.032,0.029,0,0,,0,,,,0,,,,,1004,1004,0,2,3,0,3,3,1,0,1,9,10,11,1,0,2,0,1,0,133472,0.412,1.002,0.009
1127,1.503,0,0,0.034,0.028,0,0,,0,,,,0,,,,,1004,1004,0,2,3,0,3,3,1,0,1,9,10,11,1,0,2,0,1,0,133472,0.322,0.881,0.009
1128,1.538,0,0,0.035,0.032,0,0,,0,,,,0,,,,,1004,1004,0,2,3,0,3,3,1,0,1,9,10,11,1,0,2,0,1,0,133472,0.362,0.857,0.009
1129,1.992,0,0,0.041,0.029,0,0,,0,,,,0,,,,,1004,1004,0,2,3,0,3,3,1,0,1,9,10,11,1,0,2,0,1,0,133472,0.5,1.105,0.01
1130,1.962,0,0,0.044,0.05,0,0,,0,,,,0,,,,,1004,1004,0,2,3,0,3,3,1,0,1,9,10,11,1,0,2,0,1,0,133472,0.395,1.164,0.017
1131,2.093,0.001,0.001,0.067,0.023,0,0,,0,,,,0,,,,,1004,1004,0,2,3,0,3,3,1,0,1,9,10,11,1,0,2,0,1,0,133472,0.605,1.093,0.01
1132,3.236,0.292,0,0.078,0.042,0,0,,0,,,,0,,,,,1004,1004,0,2,3,0,3,3,1,0,1,9,10,11,1,0,2,0,1,0,133472,0.62,1.741,0.01
1133,1.483,0,0,0.026,0.03,0,0,,0,,,,0,,,,,1004,1004,0,2,3,0,3,3,1,0,1,9,10,11,1,0,2,0,1,0,133472,0.315,0.897,0.007
1134,1.482,0,0,0.026,0.029,0,0,,0,,,,0,,,,,1004,1004,0,2,3,0,3,3,1,0,1,9,10,11,1,0,2,0,1,0,133472,0.323,0.892,0.008
1135,1.727,0,0,0.03,0.038,0,0,,0,,,,0,,,,,1004,1004,0,2,3,0,3,3,1,0,1,9,10,11,1,0,2,0,1,0,133472,0.341,1.055,0.011
1136,2.088,0,0,0.039,0.034,0,0,,0,,,,0,,,,,1004,1004,0,2,3,0,3,3,1,0,1,9,10,11,1,0,2,0,1,0,133472,0.439,1.277,0.008
1137,1.812,0,0,0.04,0.026,0,0,,0,,,,0,,,,,1004,1004,0,2,3,0,3,3,1,0,1,9,10,11,1,0,2,0,1,0,133472,0.427,1.008,0.008
1138,1.675,0,0,0.035,0.031,0,0,,0,,,,0,,,,,1004,1004,0,2,3,0,3,3,1,0,1,9,10,11,1,0,2,0,1,0,133472,0.357,1.019,0.008
1139,1.797,0.001,0,0.04,0.027,0,0,,0,,,,0,,,,,1004,1004,0,2,3,0,3,3,1,0,1,9,10,11,1,0,2,0,1,0,133472,0.391,1.085,0.009
1140,1.806,0,0,0.039,0.046,0,0,,1,2515.625,233975808,289001472,1,71217344,71217344,167755776,38823561584,1004,1004,0,2,3,0,3,3,1,0,1,9,10,11,1,0,2,0,1,0,133472,0.385,1.079,0.01
1141,1.948,0,0,0.04,0.05,0,0,,0,,,,0,,,,,1004,1004,0,2,3,0,3,3,1,0,1,9,10,11,1,0,2,0,1,0,133472,0.382,1.212,0.01
1142,1.821,0,0,0.039,0.033,0,0,,0,,,,0,,,,,1004,1004,0,2,3,0,3,3,1,0,1,9,10,11,1,0,2,0,1,0,133472,0.403,1.079,0.009
1143,1.668,0,0,0.03,0.025,0,0,,0,,,,0,,,,,1004,1004,0,2,3,0,3,3,1,0,1,9,10,11,1,0,2,0,1,0,133472,0.356,1.036,0.007
1144,2.333,0.536,0,0.073,0.035,0,0,,0,,,,0,,,,,1004,1004,0,2,3,0,3,3,1,0,1,9,10,11,1,0,2,0,1,0,133472,0.402,0.921,0.008
1145,3.1,0.978,0,0.08,0.051,0,0,,0,,,,0,,,,,1004,1004,0,2,3,0,3,3,1,0,1,9,10,11,1,0,2,0,1,0,133472,0.368,1.213,0.012
1146,3.027,0.001,0,0.039,0.102,0,0,,0,,,,0,,,,,1004,1004,0,2,3,0,3,3,1,0,1,9,10,11,1,0,2,0,1,0,133472,0.368,2.119,0.032
1147,3.001,0.001,0.001,0.104,0.068,0,0,,0,,,,0,,,,,1004,1004,0,2,3,0,3,3,1,0,1,9,10,11,1,0,2,0,1,0,133472,0.357,1.676,0.047
1148,2.769,0,0.001,0.058,0.052,0,0,,0,,,,0,,,,,1004,1004,0,2,3,0,3,3,1,0,1,9,10,11,1,0,2,0,1,0,133472,0.612,1.58,0.018
1149,2.835,0.001,0.001,0.047,0.053,0,0,,0,,,,0,,,,,1004,1004,0,2,3,0,3,3,1,0,1,9,10,11,1,0,2,0,1,0,133472,0.601,1.745,0.015
1150,2.76,0,0,0.056,0.046,0,0,,0,,,,0,,,,,1004,1004,0,2,3,0,3,3,1,0,1,9,10,11,1,0,2,0,1,0,133472,0.49,1.742,0.017
1151,2.326,0.313,0,0.105,0.038,0,0,,0,,,,0,,,,,1004,1004,0,2,3,0,3,3,1,0,1,9,10,11,1,0,2,0,1,0,133472,0.436,1.042,0.012
1152,16.083,13.077,0,0.09,0.091,0,0,,0,,,,0,,,,,1004,1004,0,2,3,0,3,3,1,0,1,9,10,11,1,0,2,0,1,0,133472,0.58,1.618,0.021
1153,4.601,1.573,0,0.07,0.06,0,0,,0,,,,0,,,,,1004,1004,0,2,3,0,3,3,1,0,1,9,10,11,1,0,2,0,1,0,133472,0.579,1.815,0.02
1154,2.511,0,0,0.063,0.032,0,0,,0,,,,0,,,,,1004,1004,0,2,3,0,3,3,1,0,1,9,10,11,1,0,2,0,1,0,133472,0.541,1.517,0.011
1155,6.022,2.696,0,0.039,0.098,0,0,,0,,,,0,,,,,1004,1004,0,2,3,0,3,3,1,0,1,9,10,11,1,0,2,0,1,0,133472,0.411,2.362,0.028
1156,3.951,0.001,0.001,0.116,0.064,0,0,,0,,,,0,,,,,1004,1004,0,2,3,0,3,3,1,0,1,9,10,11,1,0,2,0,1,0,133472,0.813,2.326,0.022
1157,3.899,0.001,0,0.075,0.068,0,0,,0,,,,0,,,,,1004,1004,0,2,3,0,3,3,1,0,1,9,10,11,1,0,2,0,1,0,133472,0.784,2.321,0.024
1158,3.948,0.001,0,0.084,0.061,0,0,,0,,,,0,,,,,1004,1004,0,2,3,0,3,3,1,0,1,9,10,11,1,0,2,0,1,0,133472,0.801,2.402,0.02
1159,3.046,0.001,0,0.074,0.038,0,0,,0,,,,0,,,,,1004,1004,0,2,3,0,3,3,1,0,1,9,10,11,1,0,2,0,1,0,133472,0.792,1.604,0.014
1160,3.305,0.001,0.001,0.043,0.071,0,0,,0,,,,0,,,,,1004,1004,0,2,3,0,3,3,1,0,1,9,10,11,1,0,2,0,1,0,133472,0.442,2.366,0.038
1161,2.062,0.001,0.001,0.059,0.062,0,0,,0,,,,0,,,,,1004,1004,0,2,3,0,3,3,1,0,1,9,10,11,1,0,2,0,1,0,133472,0.474,1.176,0.014
1162,1.57,0.182,0.001,0.093,0.029,0,0,,0,,,,0,,,,,1004,1004,0,2,3,0,3,3,1,0,1,9,10,11,1,0,2,0,1,0,133472,0.313,0.677,0.005
1163,3.627,1.508,0,0.136,0.059,0,0,,0,,,,0,,,,,1004,1004,0,2,3,0,3,3,1,0,1,9,10,11,1,0,2,0,1,0,133472,0.471,1.104,0.014
1164,1.978,0.001,0,0.034,0.039,0,0,,0,,,,0,,,,,1004,1004,0,2,3,0,3,3,1,0,1,9,10,11,1,0,2,0,1,0,133472,0.39,1.221,0.011
1165,3.752,2.098,0,0.055,0.036,0,0,,0,,,,0,,,,,1004,1004,0,2,3,0,3,3,1,0,1,9,10,11,1,0,2,0,1,0,133472,0.312,0.976,0.008
1166,2.071,0.487,0,0.039,0.037,0,0,,0,,,,0,,,,,1004,1004,0,2,3,0,3,3,1,0,1,9,10,11,1,0,2,0,1,0,133472,0.343,0.811,0.008
1167,3.358,1.239,0,0.062,0.07,0,0,,0,,,,0,,,,,1004,1004,0,2,3,0,3,3,1,0,1,9,10,11,1,0,2,0,1,0,133472,0.404,1.214,0.019
1168,2.192,0.036,0,0.055,0.037,0,0,,0,,,,0,,,,,1004,1004,0,2,3,0,3,3,1,0,1,9,10,11,1,0,2,0,1,0,133472,0.439,1.237,0.012
1169,9.256,7.268,0,0.059,0.054,0,0,,0,,,,0,,,,,1004,1004,0,2,3,0,3,3,1,0,1,9,10,11,1,0,2,0,1,0,133472,0.37,1.081,0.017
1170,1.781,0.001,0,0.031,0.031,0,0,,1,2578.125,233975808,289001472,1,71217344,71217344,167755776,38823561584,1004,1004,0,2,3,0,3,3,1,0,1,9,10,11,1,0,2,0,1,0,133472,0.396,1.049,0.01
1171,1.704,0,0,0.035,0.032,0,0,,0,,,,0,,,,,1004,1004,0,2,3,0,3,3,1,0,1,9,10,11,1,0,2,0,1,0,133472,0.381,1.011,0.008
1172,1.59,0,0,0.03,0.026,0,0,,0,,,,0,,,,,1004,1004,0,2,3,0,3,3,1,0,1,9,10,11,1,0,2,0,1,0,133472,0.327,0.998,0.008
1173,1.88,0.6,0.001,0.091,0.023,0,0,,0,,,,0,,,,,1004,1004,0,2,3,0,3,3,1,0,1,9,10,11,1,0,2,0,1,0,133472,0.264,0.612,0.004
1174,3.422,1.363,0.001,0.1,0.047,0,0,,0,,,,0,,,,,1004,1004,0,2,3,0,3,3,1,0,1,9,10,11,1,0,2,0,1,0,133472,0.43,1.127,0.014
1175,1.976,0.001,0,0.039,0.036,0,0,,0,,,,0,,,,,1004,1004,0,2,3,0,3,3,1,0,1,9,10,11,1,0,2,0,1,0,133472,0.388,1.196,0.013
1176,4.558,2.933,0,0.048,0.043,0,0,,0,,,,0,,,,,1004,1004,0,2,3,0,3,3,1,0,1,9,10,11,1,0,2,0,1,0,133472,0.337,0.916,0.011
1177,2.093,0.523,0.001,0.059,0.036,0,0,,0,,,,0,,,,,1004,1004,0,2,3,0,3,3,1,0,1,9,10,11,1,0,2,0,1,0,133472,0.33,0.874,0.008
1178,2.32,0.636,0,0.049,0.041,0,0,,0,,,,0,,,,,1004,1004,0,2,3,0,3,3,1,0,1,9,10,11,1,0,2,0,1,0,133472,0.327,0.987,0.009
1179,2.181,0.63,0.001,0.037,0.028,0,0,,0,,,,0,,,,,1004,1004,0,2,3,0,3,3,1,0,1,9,10,11,1,0,2,0,1,0,133472,0.296,0.932,0.008
1180,2.205,0.215,0,0.035,0.04,0,0,,0,,,,0,,,,,1004,1004,0,2,3,0,3,3,1,0,1,9,10,11,1,0,2,0,1,0,133472,0.382,1.251,0.018
1181,1.637,0.001,0,0.064,0.025,0,0,,0,,,,0,,,,,1004,1004,0,2,3,0,3,3,1,0,1,9,10,11,1,0,2,0,1,0,133472,0.383,0.875,0.012
1182,2.083,0.001,0.001,0.041,0.056,0,0,,0,,,,0,,,,,1004,1004,0,2,3,0,3,3,1,0,1,9,10,11,1,0,2,0,1,0,133472,0.406,1.06,0.015
1183,1.555,0.096,0,0.041,0.038,0,0,,0,,,,0,,,,,1004,1004,0,2,3,0,3,3,1,0,1,9,10,11,1,0,2,0,1,0,133472,0.301,0.748,0.007
1184,1.314,0.001,0,0.047,0.075,0,0,,0,,,,0,,,,,1004,1004,0,2,3,0,3,3,1,0,1,9,10,11,1,0,2,0,1,0,133472,0.312,0.681,0.005
1185,1.5,0.071,0.001,0.124,0.034,0,0,,0,,,,0,,,,,1004,1004,0,2,3,0,3,3,1,0,1,9,10,11,1,0,2,0,1,0,133472,0.302,0.704,0.007
1186,1.761,0.597,0,0.039,0.024,0,0,,0,,,,0,,,,,1004,1004,0,2,3,0,3,3,1,0,1,9,10,11,1,0,2,0,1,0,133472,0.251,0.659,0.007
1187,2.147,0.935,0,0.066,0.026,0,0,,0,,,,0,,,,,1004,1004,0,2,3,0,3,3,1,0,1,9,10,11,1,0,2,0,1,0,133472,0.249,0.64,0.007
1188,2.184,0.867,0.001,0.101,0.039,0,0,,0,,,,0,,,,,1004,1004,0,2,3,0,3,3,1,0,1,9,10,11,1,0,2,0,1,0,133472,0.264,0.653,0.006
1189,3.764,0.747,0.001,0.101,0.052,0,0,,0,,,,0,,,,,1004,1004,0,2,3,0,3,3,1,0,1,9,10,11,1,0,2,0,1,0,133472,0.279,2.206,0.02
1190,1.804,0.001,0,0.047,0.056,0,0,,0,,,,0,,,,,1004,1004,0,2,3,0,3,3,1,0,1,9,10,11,1,0,2,0,1,0,133472,0.337,1.057,0.027
1191,2.801,1.306,0,0.051,0.038,0,0,,0,,,,0,,,,,1004,1004,0,2,3,0,3,3,1,0,1,9,10,11,1,0,2,0,1,0,133472,0.326,0.809,0.008
1192,2.744,0.864,0,0.037,0.103,0,0,,0,,,,0,,,,,1004,1004,0,2,3,0,3,3,1,0,1,9,10,11,1,0,2,0,1,0,133472,0.272,1.133,0.02
1193,2.215,0.447,0,0.055,0.037,0,0,,0,,,,0,,,,,1004,1004,0,2,3,0,3,3,1,0,1,9,10,11,1,0,2,0,1,0,133472,0.323,1.077,0.014
1194,2.123,0.612,0,0.089,0.027,0,0,,0,,,,0,,,,,1004,1004,0,2,3,0,3,3,1,0,1,9,10,11,1,0,2,0,1,0,133472,0.335,0.745,0.008
1195,2.957,0.906,0,0.079,0.398,0,0,,0,,,,0,,,,,1004,1004,0,2,3,0,3,3,1,0,1,9,10,11,1,0,2,0,1,0,133472,0.389,0.847,0.013
1196,2.358,0.319,0,0.094,0.048,0,0,,0,,,,0,,,,,1004,1004,0,2,3,0,3,3,1,0,1,9,10,11,1,0,2,0,1,0,133472,0.549,0.949,0.015
1197,3.681,1.067,0,0.067,0.065,0,0,,0,,,,0,,,,,1004,1004,0,2,3,0,3,3,1,0,1,9,10,11,1,0,2,0,1,0,133472,0.683,1.303,0.019
1198,2.107,0.8,0,0.039,0.024,0,0,,0,,,,0,,,,,1004,1004,0,2,3,0,3,3,1,0,1,9,10,11,1,0,2,0,1,0,133472,0.324,0.626,0.006
1199,2.659,1.158,0,0.07,0.027,0,0,,0,,,,0,,,,,1004,1004,0,2,3,0,3,3,1,0,1,9,10,11,1,0,2,0,1,0,133472,0.304,0.804,0.008
1200,2.39,0.969,0,0.072,0.026,0,0,,1,2625,233975808,289001472,1,71217344,71217344,167755776,38823561584,1004,1004,0,2,3,0,3,3,1,0,1,9,10,11,1,0,2,0,1,0,133472,0.329,0.698,0.007
1201,2.553,1.033,0,0.137,0.035,0,0,,0,,,,0,,,,,1004,1004,0,2,3,0,3,3,1,0,1,9,10,11,1,0,2,0,1,0,133472,0.317,0.7,0.01
1202,2.492,0.962,0,0.051,0.055,0,0,,0,,,,0,,,,,1004,1004,0,2,3,0,3,3,1,0,1,9,10,11,1,0,2,0,1,0,133472,0.317,0.816,0.014
1203,3.532,1.899,0,0.094,0.038,0,0,,0,,,,0,,,,,1004,1004,0,2,3,0,3,3,1,0,1,9,10,11,1,0,2,0,1,0,133472,0.296,0.846,0.012
1204,2.292,0.886,0,0.08,0.033,0,0,,0,,,,0,,,,,1004,1004,0,2,3,0,3,3,1,0,1,9,10,11,1,0,2,0,1,0,133472,0.257,0.695,0.009
1205,3.539,1.383,0,0.214,0.046,0,0,,0,,,,0,,,,,1004,1004,0,2,3,0,3,3,1,0,1,9,10,11,1,0,2,0,1,0,133472,0.462,0.94,0.019
1206,2.287,0.001,0.001,0.056,0.077,0,0,,0,,,,0,,,,,1004,1004,0,2,3,0,3,3,1,0,1,9,10,11,1,0,2,0,1,0,133472,0.397,1.367,0.025
1207,2.224,0.052,0.001,0.065,0.064,0,0,,0,,,,0,,,,,1004,1004,0,2,3,0,3,3,1,0,1,9,10,11,1,0,2,0,1,0,133472,0.429,1.196,0.019
1208,4.07,0.237,0,0.039,0.117,0,0,,0,,,,0,,,,,1004,1004,0,2,3,0,3,3,1,0,1,9,10,11,1,0,2,0,1,0,133472,0.721,2.518,0.03
1209,3.16,0.001,0,0.107,0.042,0,0,,0,,,,0,,,,,1004,1004,0,2,3,0,3,3,1,0,1,9,10,11,1,0,2,0,1,0,133472,0.953,1.443,0.012
1210,1.79,0,0,0.037,0.032,0,0,,0,,,,0,,,,,1004,1004,0,2,3,0,3,3,1,0,1,9,10,11,1,0,2,0,1,0,133472,0.423,1.006,0.017
1211,1.716,0.001,0,0.032,0.032,0,0,,0,,,,0,,,,,1004,1004,0,2,3,0,3,3,1,0,1,9,10,11,1,0,2,0,1,0,133472,0.342,1.067,0.011
1212,1.528,0,0,0.048,0.024,0,0,,0,,,,0,,,,,1004,1004,0,2,3,0,3,3,1,0,1,9,10,11,1,0,2,0,1,0,133472,0.373,0.842,0.007
1213,1.931,0.599,0.001,0.084,0.023,0,0,,0,,,,0,,,,,1004,1004,0,2,3,0,3,3,1,0,1,9,10,11,1,0,2,0,1,0,133472,0.293,0.649,0.007
1214,4.162,1.001,0,0.143,0.079,0,0,,0,,,,0,,,,,1004,1004,0,2,3,0,3,3,1,0,1,9,10,11,1,0,2,0,1,0,133472,0.65,1.77,0.021
1215,3.01,0.001,0.001,0.064,0.046,0,0,,0,,,,0,,,,,1004,1004,0,2,3,0,3,3,1,0,1,9,10,11,1,0,2,0,1,0,133472,0.634,1.791,0.016
1216,2.986,0,0.001,0.074,0.048,0,0,,0,,,,0,,,,,1004,1004,0,2,3,0,3,3,1,0,1,9,10,11,1,0,2,0,1,0,133472,0.637,1.763,0.016
1217,2.932,0,0,0.059,0.047,0,0,,0,,,,0,,,,,1004,1004,0,2,3,0,3,3,1,0,1,9,10,11,1,0,2,0,1,0,133472,0.62,1.762,0.015
1218,2.329,0,0,0.058,0.033,0,0,,0,,,,0,,,,,1004,1004,0,2,3,0,3,3,1,0,1,9,10,11,1,0,2,0,1,0,133472,0.603,1.244,0.009
1219,2.001,0,0,0.036,0.027,0,0,,0,,,,0,,,,,1004,1004,0,2,3,0,3,3,1,0,1,9,10,11,1,0,2,0,1,0,133472,0.438,1.233,0.01
1220,1.637,0,0,0.036,0.023,0,0,,0,,,,0,,,,,1004,1004,0,2,3,0,3,3,1,0,1,9,10,11,1,0,2,0,1,0,133472,0.372,0.969,0.007
1221,1.9,0,0,0.025,0.027,0,0,,0,,,,0,,,,,1004,1004,0,2,3,0,3,3,1,0,1,9,10,11,1,0,2,0,1,0,133472,0.404,1.215,0.009
1222,1.917,0.001,0,0.032,0.027,0,0,,0,,,,0,,,,,1004,1004,0,2,3,0,3,3,1,0,1,9,10,11,1,0,2,0,1,0,133472,0.449,1.138,0.01
1223,1.78,0,0,0.034,0.024,0,0,,0,,,,0,,,,,1004,1004,0,2,3,0,3,3,1,0,1,9,10,11,1,0,2,0,1,0,133472,0.383,1.077,0.009
1224,1.718,0,0.001,0.032,0.03,0,0,,0,,,,0,,,,,1004,1004,0,2,3,0,3,3,1,0,1,9,10,11,1,0,2,0,1,0,133472,0.38,1.02,0.009
1225,2.656,1.075,0,0.045,0.044,0,0,,0,,,,0,,,,,1004,1004,0,2,3,0,3,3,1,0,1,9,10,11,1,0,2,0,1,0,133472,0.332,0.899,0.009
1226,1.871,0.614,0,0.067,0.024,0,0,,0,,,,0,,,,,1004,1004,0,2,3,0,3,3,1,0,1,9,10,11,1,0,2,0,1,0,133472,0.292,0.603,0.005
1227,3.197,1.662,0,0.058,0.039,0,0,,0,,,,0,,,,,1004,1004,0,2,3,0,3,3,1,0,1,9,10,11,1,0,2,0,1,0,133472,0.362,0.808,0.01
1228,1.717,0.57,0,0.048,0.025,0,0,,0,,,,0,,,,,1004,1004,0,2,3,0,3,3,1,0,1,9,10,11,1,0,2,0,1,0,133472,0.281,0.563,0.005
1229,2.643,0.373,0,0.122,0.043,0,0,,0,,,,0,,,,,1004,1004,0,2,3,0,3,3,1,0,1,9,10,11,1,0,2,0,1,0,133472,0.567,1.111,0.012
1230,2.306,0,0.001,0.046,0.045,0,0,,1,2703.125,233975808,289001472,1,71217344,71217344,167755776,38823561584,1004,1004,0,2,3,0,3,3,1,0,1,9,10,11,1,0,2,0,1,0,133472,0.393,1.49,0.013
1231,2.969,0,0,0.072,0.054,0,0,,0,,,,0,,,,,1004,1004,0,2,3,0,3,3,1,0,1,9,10,11,1,0,2,0,1,0,133472,0.521,1.345,0.013
1232,2.067,0.001,0,0.056,0.042,0,0,,0,,,,0,,,,,1004,1004,0,2,3,0,3,3,1,0,1,9,10,11,1,0,2,0,1,0,133472,0.422,1.24,0.011
1233,2.465,0,0,0.054,0.059,0,0,,0,,,,0,,,,,1004,1004,0,2,3,0,3,3,1,0,1,9,10,11,1,0,2,0,1,0,133472,0.407,1.553,0.033
1234,1.956,0.001,0,0.075,0.031,0,0,,0,,,,0,,,,,1004,1004,0,2,3,0,3,3,1,0,1,9,10,11,1,0,2,0,1,0,133472,0.433,1.108,0.01
1235,1.795,0,0,0.034,0.038,0,0,,0,,,,0,,,,,1004,1004,0,2,3,0,3,3,1,0,1,9,10,11,1,0,2,0,1,0,133472,0.39,1.073,0.01
1236,3.231,0.742,0,0.071,0.066,0,0,,0,,,,0,,,,,1004,1004,0,2,3,0,3,3,1,0,1,9,10,11,1,0,2,0,1,0,133472,0.482,1.43,0.018
1237,2.119,0.001,0,0.055,0.062,0,0,,0,,,,0,,,,,1004,1004,0,2,3,0,3,3,1,0,1,9,10,11,1,0,2,0,1,0,133472,0.414,1.114,0.011
1238,2.488,0.769,0,0.053,0.054,0,0,,0,,,,0,,,,,1004,1004,0,2,3,0,3,3,1,0,1,9,10,11,1,0,2,0,1,0,133472,0.384,0.892,0.011
1239,2.108,0.673,0.001,0.048,0.024,0,0,,0,,,,0,,,,,1004,1004,0,2,3,0,3,3,1,0,1,9,10,11,1,0,2,0,1,0,133472,0.321,0.811,0.008
1240,6.695,4.06,0.001,0.055,0.075,0,0,,0,,,,0,,,,,1004,1004,0,2,3,0,3,3,1,0,1,9,10,11,1,0,2,0,1,0,133472,0.34,1.793,0.023
1241,6.827,5.217,0.001,0.06,0.052,0,0,,0,,,,0,,,,,1004,1004,0,2,3,0,3,3,1,0,1,9,10,11,1,0,2,0,1,0,133472,0.335,0.819,0.027
1242,2.247,0.77,0,0.084,0.033,0,0,,0,,,,0,,,,,1004,1004,0,2,3,0,3,3,1,0,1,9,10,11,1,0,2,0,1,0,133472,0.328,0.718,0.008
1243,2.482,0.927,0,0.073,0.027,0,0,,0,,,,0,,,,,1004,1004,0,2,3,0,3,3,1,0,1,9,10,11,1,0,2,0,1,0,133472,0.319,0.824,0.01
1244,2.437,0.922,0,0.181,0.084,0,0,,0,,,,0,,,,,1004,1004,0,2,3,0,3,3,1,0,1,9,10,11,1,0,2,0,1,0,133472,0.331,0.598,0.009
1245,2.265,0.915,0,0.125,0.03,0,0,,0,,,,0,,,,,1004,1004,0,2,3,0,3,3,1,0,1,9,10,11,1,0,2,0,1,0,133472,0.277,0.608,0.006
1246,2.765,1.19,0,0.082,0.024,0,0,,0,,,,0,,,,,1004,1004,0,2,3,0,3,3,1,0,1,9,10,11,1,0,2,0,1,0,133472,0.361,0.81,0.007
1247,4.348,2.173,0.001,0.06,0.067,0,0,,0,,,,0,,,,,1004,1004,0,2,3,0,3,3,1,0,1,9,10,11,1,0,2,0,1,0,133472,0.409,1.217,0.019
1248,2.153,0.001,0.001,0.052,0.057,0,0,,0,,,,0,,,,,1004,1004,0,2,3,0,3,3,1,0,1,9,10,11,1,0,2,0,1,0,133472,0.444,1.268,0.014
1249,1.969,0.04,0,0.059,0.047,0,0,,0,,,,0,,,,,1004,1004,0,2,3,0,3,3,1,0,1,9,10,11,1,0,2,0,1,0,133472,0.41,1.073,0.014
1250,2.28,0.328,0,0.073,0.038,0,0,,0,,,,0,,,,,1004,1004,0,2,3,0,3,3,1,0,1,9,10,11,1,0,2,0,1,0,133472,0.427,1.028,0.015
1251,2.237,0.274,0,0.066,0.043,0,0,,0,,,,0,,,,,1004,1004,0,2,3,0,3,3,1,0,1,9,10,11,1,0,2,0,1,0,133472,0.556,0.968,0.011
1252,3.32,0.93,0.001,0.054,0.068,0,0,,0,,,,0,,,,,1004,1004,0,2,3,0,3,3,1,0,1,9,10,11,1,0,2,0,1,0,133472,0.412,1.438,0.027
1253,10.758,7.597,0.001,0.081,0.123,0,0,,0,,,,0,,,,,1004,1004,0,2,3,0,3,3,1,0,1,9,10,11,1,0,2,0,1,0,133472,0.415,1.954,0.035
1254,4.954,0.001,0,0.092,0.127,0,0,,0,,,,0,,,,,1004,1004,0,2,3,0,3,3,1,0,1,9,10,11,1,0,2,0,1,0,133472,1.023,2.964,0.027
1255,2.659,0.001,0,0.091,0.045,0,0,,0,,,,0,,,,,1004,1004,0,2,3,0,3,3,1,0,1,9,10,11,1,0,2,0,1,0,133472,0.564,1.467,0.018
1256,2.508,0.001,0,0.06,0.042,0,0,,0,,,,0,,,,,1004,1004,0,2,3,0,3,3,1,0,1,9,10,11,1,0,2,0,1,0,133472,0.479,1.578,0.02
1257,4.142,1.962,0.001,0.093,0.077,0,0,,0,,,,0,,,,,1004,1004,0,2,3,0,3,3,1,0,1,9,10,11,1,0,2,0,1,0,133472,0.357,0.909,0.01
1258,2.907,0.656,0.001,0.089,0.056,0,0,,0,,,,0,,,,,1004,1004,0,2,3,0,3,3,1,0,1,9,10,11,1,0,2,0,1,0,133472,0.454,1.281,0.015
1259,2.135,0.001,0,0.056,0.047,0,0,,0,,,,0,,,,,1004,1004,0,2,3,0,3,3,1,0,1,9,10,11,1,0,2,0,1,0,133472,0.447,1.256,0.014
1260,2.695,0.001,0.001,0.06,0.08,0,0,,1,2750,233975808,289001472,1,71217344,71217344,167755776,38823561584,1004,1004,0,2,3,0,3,3,1,0,1,9,10,11,1,0,2,0,1,0,133472,0.472,1.666,0.025
1261,2.889,0.001,0.001,0.105,0.078,0,0,,0,,,,0,,,,,1004,1004,0,2,3,0,3,3,1,0,1,9,10,11,1,0,2,0,1,0,133472,0.53,1.638,0.02
1262,2.794,0,0,0.08,0.045,0,0,,0,,,,0,,,,,1004,1004,0,2,3,0,3,3,1,0,1,9,10,11,1,0,2,0,1,0,133472,0.504,1.732,0.017
1263,2.762,1.064,0.001,0.071,0.042,0,0,,0,,,,0,,,,,1004,1004,0,2,3,0,3,3,1,0,1,9,10,11,1,0,2,0,1,0,133472,0.33,0.936,0.015
1264,2.691,0.752,0,0.06,0.046,0,0,,0,,,,0,,,,,1004,1004,0,2,3,0,3,3,1,0,1,9,10,11,1,0,2,0,1,0,133472,0.445,1.035,0.012
1265,2.454,0.664,0.001,0.053,0.072,0,0,,0,,,,0,,,,,1004,1004,0,2,3,0,3,3,1,0,1,9,10,11,1,0,2,0,1,0,133472,0.368,0.995,0.012
1266,2.517,0.665,0.001,0.056,0.047,0,0,,0,,,,0,,,,,1004,1004,0,2,3,0,3,3,1,0,1,9,10,11,1,0,2,0,1,0,133472,0.382,1.041,0.011
1267,2.91,0.692,0,0.059,0.046,0,0,,0,,,,0,,,,,1004,1004,0,2,3,0,3,3,1,0,1,9,10,11,1,0,2,0,1,0,133472,0.414,1.327,0.017
1268,3.605,1.54,0.001,0.065,0.051,0,0,,0,,,,0,,,,,1004,1004,0,2,3,0,3,3,1,0,1,9,10,11,1,0,2,0,1,0,133472,0.489,1.061,0.014
1269,1.961,0.171,0.001,0.12,0.043,0,0,,0,,,,0,,,,,1004,1004,0,2,3,0,3,3,1,0,1,9,10,11,1,0,2,0,1,0,133472,0.356,0.896,0.01
1270,2.747,0.653,0,0.16,0.035,0,0,,0,,,,0,,,,,1004,1004,0,2,3,0,3,3,1,0,1,9,10,11,1,0,2,0,1,0,133472,0.491,1.069,0.01
1271,1.793,0.204,0,0.047,0.029,0,0,,0,,,,0,,,,,1004,1004,0,2,3,0,3,3,1,0,1,9,10,11,1,0,2,0,1,0,133472,0.345,0.888,0.009
1272,2.529,0.959,0,0.047,0.042,0,0,,0,,,,0,,,,,1004,1004,0,2,3,0,3,3,1,0,1,9,10,11,1,0,2,0,1,0,133472,0.335,0.877,0.01
1273,3.084,0.916,0,0.067,0.051,0,0,,0,,,,0,,,,,1004,1004,0,2,3,0,3,3,1,0,1,9,10,11,1,0,2,0,1,0,133472,0.397,1.296,0.015
1274,2.912,0.852,0.001,0.058,0.051,0,0,,0,,,,0,,,,,1004,1004,0,2,3,0,3,3,1,0,1,9,10,11,1,0,2,0,1,0,133472,0.449,1.152,0.015
1275,3.106,1.232,0,0.048,0.044,0,0,,0,,,,0,,,,,1004,1004,0,2,3,0,3,3,1,0,1,9,10,11,1,0,2,0,1,0,133472,0.364,1.101,0.011
1276,1.997,0.238,0,0.042,0.037,0,0,,0,,,,0,,,,,1004,1004,0,2,3,0,3,3,1,0,1,9,10,11,1,0,2,0,1,0,133472,0.378,1.042,0.01
1277,2.492,0.671,0.001,0.128,0.033,0,0,,0,,,,0,,,,,1004,1004,0,2,3,0,3,3,1,0,1,9,10,11,1,0,2,0,1,0,133472,0.341,0.923,0.01
1278,2.503,0.831,0,0.101,0.037,0,0,,0,,,,0,,,,,1004,1004,0,2,3,0,3,3,1,0,1,9,10,11,1,0,2,0,1,0,133472,0.343,0.879,0.009
1279,3.301,1.045,0,0.039,0.054,0,0,,0,,,,0,,,,,1004,1004,0,2,3,0,3,3,1,0,1,9,10,11,1,0,2,0,1,0,133472,0.437,1.374,0.014
1280,3.336,0.975,0.001,0.143,0.061,0,0,,0,,,,0,,,,,1004,1004,0,2,3,0,3,3,1,0,1,9,10,11,1,0,2,0,1,0,133472,0.523,1.191,0.017
1281,2.142,0.001,0,0.074,0.036,0,0,,0,,,,0,,,,,1004,1004,0,2,3,0,3,3,1,0,1,9,10,11,1,0,2,0,1,0,133472,0.479,1.223,0.012
1282,2.031,0.124,0,0.104,0.03,0,0,,0,,,,0,,,,,1004,1004,0,2,3,0,3,3,1,0,1,9,10,11,1,0,2,0,1,0,133472,0.358,1.001,0.01
1283,2.377,0.587,0.001,0.04,0.036,0,0,,0,,,,0,,,,,1004,1004,0,2,3,0,3,3,1,0,1,9,10,11,1,0,2,0,1,0,133472,0.408,0.97,0.009
1284,2.263,0.604,0,0.044,0.039,0,0,,0,,,,0,,,,,1004,1004,0,2,3,0,3,3,1,0,1,9,10,11,1,0,2,0,1,0,133472,0.345,0.952,0.009
1285,2.032,0.401,0.001,0.074,0.031,0,0,,0,,,,0,,,,,1004,1004,0,2,3,0,3,3,1,0,1,9,10,11,1,0,2,0,1,0,133472,0.36,0.861,0.008
1286,3.552,0.45,0,0.075,0.076,0,0,,0,,,,0,,,,,1004,1004,0,2,3,0,3,3,1,0,1,9,10,11,1,0,2,0,1,0,133472,0.366,2.061,0.028
1287,2.773,0.001,0.001,0.065,0.052,0,0,,0,,,,0,,,,,1004,1004,0,2,3,0,3,3,1,0,1,9,10,11,1,0,2,0,1,0,133472,0.588,1.621,0.017
1288,2.363,0,0,0.055,0.047,0,0,,0,,,,0,,,,,1004,1004,0,2,3,0,3,3,1,0,1,9,10,11,1,0,2,0,1,0,133472,0.486,1.403,0.016
1289,2.1,0,0,0.07,0.043,0,0,,0,,,,0,,,,,1004,1004,0,2,3,0,3,3,1,0,1,9,10,11,1,0,2,0,1,0,133472,0.485,1.177,0.015
1290,2.119,0.001,0.001,0.058,0.057,0,0,,1,2828.125,234041344,289001472,1,71217344,71217344,167755776,38823561584,1004,1004,0,2,3,0,3,3,1,0,1,9,10,11,1,0,2,0,1,0,133472,0.406,1.24,0.035
1291,2.746,0.001,0.001,0.07,0.068,0,0,,0,,,,0,,,,,1004,1004,0,2,3,0,3,3,1,0,1,9,10,11,1,0,2,0,1,0,133472,0.49,1.693,0.022
1292,3.174,0,0,0.066,0.061,0,0,,0,,,,0,,,,,1004,1004,0,2,3,0,3,3,1,0,1,9,10,11,1,0,2,0,1,0,133472,0.65,1.881,0.028
1293,2.98,0.001,0.001,0.08,0.053,0,0,,0,,,,0,,,,,1004,1004,0,2,3,0,3,3,1,0,1,9,10,11,1,0,2,0,1,0,133472,0.661,1.701,0.024
1294,2.47,0.001,0.001,0.06,0.051,0,0,,0,,,,0,,,,,1004,1004,0,2,3,0,3,3,1,0,1,9,10,11,1,0,2,0,1,0,133472,0.575,1.346,0.02
1295,4.665,1.868,0.001,0.096,0.072,0,0,,0,,,,0,,,,,1004,1004,0,2,3,0,3,3,1,0,1,9,10,11,1,0,2,0,1,0,133472,0.591,1.161,0.022
1296,7.948,5.086,0,0.081,0.084,0,0,,0,,,,0,,,,,1004,1004,0,2,3,0,3,3,1,0,1,9,10,11,1,0,2,0,1,0,133472,0.936,1.291,0.021
1297,9.708,7.165,0,0.09,0.077,0,0,,0,,,,0,,,,,1004,1004,0,2,3,0,3,3,1,0,1,9,10,11,1,0,2,0,1,0,133472,0.554,1.315,0.018
1298,1.846,0.001,0,0.049,0.031,0,0,,0,,,,0,,,,,1004,1004,0,2,3,0,3,3,1,0,1,9,10,11,1,0,2,0,1,0,133472,0.418,1.045,0.013
1299,2.628,0.469,0,0.053,0.037,0,0,,0,,,,0,,,,,1004,1004,0,2,3,0,3,3,1,0,1,9,10,11,1,0,2,0,1,0,133472,0.4,1.32,0.018
1300,2.101,0,0,0.041,0.034,0,0,,0,,,,0,,,,,1004,1004,0,2,3,0,3,3,1,0,1,9,10,11,1,0,2,0,1,0,133472,0.46,1.249,0.011
1301,1.838,0,0,0.046,0.03,0,0,,0,,,,0,,,,,1004,1004,0,2,3,0,3,3,1,0,1,9,10,11,1,0,2,0,1,0,133472,0.44,1.021,0.01
1302,3.911,1.106,0,0.048,0.095,0,0,,0,,,,0,,,,,1004,1004,0,2,3,0,3,3,1,0,1,9,10,11,1,0,2,0,1,0,133472,0.391,1.882,0.024
1303,2.134,0.001,0,0.078,0.036,0,0,,0,,,,0,,,,,1004,1004,0,2,3,0,3,3,1,0,1,9,10,11,1,0,2,0,1,0,133472,0.421,1.231,0.012
1304,1.744,0.001,0,0.048,0.033,0,0,,0,,,,0,,,,,1004,1004,0,2,3,0,3,3,1,0,1,9,10,11,1,0,2,0,1,0,133472,0.412,0.967,0.01
1305,2.325,0.253,0.001,0.056,0.048,0,0,,0,,,,0,,,,,1004,1004,0,2,3,0,3,3,1,0,1,9,10,11,1,0,2,0,1,0,133472,0.396,1.231,0.012
1306,2.016,0.186,0.001,0.066,0.049,0,0,,0,,,,0,,,,,1004,1004,0,2,3,0,3,3,1,0,1,9,10,11,1,0,2,0,1,0,133472,0.382,1.009,0.012
1307,2.312,0.277,0,0.057,0.059,0,0,,0,,,,0,,,,,1004,1004,0,2,3,0,3,3,1,0,1,9,10,11,1,0,2,0,1,0,133472,0.422,1.148,0.013
1308,2.22,0.043,0,0.104,0.048,0,0,,0,,,,0,,,,,1004,1004,0,2,3,0,3,3,1,0,1,9,10,11,1,0,2,0,1,0,133472,0.461,1.152,0.013
1309,3.862,1.275,0,0.048,0.046,0,0,,0,,,,0,,,,,1004,1004,0,2,3,0,3,3,1,0,1,9,10,11,1,0,2,0,1,0,133472,0.323,1.898,0.011
1310,2.885,0.001,0,0.051,0.034,0,0,,0,,,,0,,,,,1004,1004,0,2,3,0,3,3,1,0,1,9,10,11,1,0,2,0,1,0,133472,0.368,2.097,0.011
1311,3.058,0.001,0.001,0.056,0.04,0,0,,0,,,,0,,,,,1004,1004,0,2,3,0,3,3,1,0,1,9,10,11,1,0,2,0,1,0,133472,0.434,2.051,0.014
1312,3.128,0,0,0.078,0.808,0,0,,0,,,,0,,,,,1004,1004,0,2,3,0,3,3,1,0,1,9,10,11,1,0,2,0,1,0,133472,0.563,1.355,0.016
1313,3.371,0.001,0.001,0.075,0.062,0,0,,0,,,,0,,,,,1004,1004,0,2,3,0,3,3,1,0,1,9,10,11,1,0,2,0,1,0,133472,0.801,1.858,0.021
1314,2.541,0,0,0.057,0.039,0,0,,0,,,,0,,,,,1004,1004,0,2,3,0,3,3,1,0,1,9,10,11,1,0,2,0,1,0,133472,0.458,1.611,0.014
1315,2.566,0.001,0,0.054,0.05,0,0,,0,,,,0,,,,,1004,1004,0,2,3,0,3,3,1,0,1,9,10,11,1,0,2,0,1,0,133472,0.517,1.545,0.018
1316,2.988,0,0,0.071,0.039,0,0,,0,,,,0,,,,,1004,1004,0,2,3,0,3,3,1,0,1,9,10,11,1,0,2,0,1,0,133472,0.488,1.934,0.018
1317,2.321,0,0.001,0.049,0.052,0,0,,0,,,,0,,,,,1004,1004,0,2,3,0,3,3,1,0,1,9,10,11,1,0,2,0,1,0,133472,0.397,1.501,0.013
1318,3.124,0,0,0.07,0.096,0,0,,0,,,,0,,,,,1004,1004,0,2,3,0,3,3,1,0,1,9,10,11,1,0,2,0,1,0,133472,0.516,1.815,0.079
1319,2.988,0.001,0,0.086,0.051,0,0,,0,,,,0,,,,,1004,1004,0,2,3,0,3,3,1,0,1,9,10,11,1,0,2,0,1,0,133472,0.638,1.633,0.024
1320,2.712,0,0.001,0.072,0.053,0,0,,1,2906.25,232910848,287285248,1,71217344,71217344,167755776,38823561584,1004,1004,0,2,3,0,3,3,1,0,1,9,10,11,1,0,2,0,1,0,133472,0.645,1.492,0.017
1321,1.99,0.001,0,0.049,0.033,0,0,,0,,,,0,,,,,1004,1004,0,2,3,0,3,3,1,0,1,9,10,11,1,0,2,0,1,0,133472,0.45,1.129,0.013
1322,2.482,0,0,0.052,0.039,0,0,,0,,,,0,,,,,1004,1004,0,2,3,0,3,3,1,0,1,9,10,11,1,0,2,0,1,0,133472,0.482,1.52,0.017
1323,2.489,0.001,0.001,0.088,0.041,0,0,,0,,,,0,,,,,1004,1004,0,2,3,0,3,3,1,0,1,9,10,11,1,0,2,0,1,0,133472,0.565,1.416,0.013
1324,2.082,0,0,0.064,0.037,0,0,,0,,,,0,,,,,1004,1004,0,2,3,0,3,3,1,0,1,9,10,11,1,0,2,0,1,0,133472,0.448,1.222,0.012
1325,4.334,1.919,0,0.07,0.067,0,0,,0,,,,0,,,,,1004,1004,0,2,3,0,3,3,1,0,1,9,10,11,1,0,2,0,1,0,133472,0.589,1.174,0.021
1326,2.385,0.001,0,0.073,0.03,0,0,,0,,,,0,,,,,1004,1004,0,2,3,0,3,3,1,0,1,9,10,11,1,0,2,0,1,0,133472,0.552,1.341,0.014
1327,5.444,2.266,0.001,0.115,0.079,0,0,,0,,,,0,,,,,1004,1004,0,2,3,0,3,3,1,0,1,9,10,11,1,0,2,0,1,0,133472,0.615,1.724,0.02
1328,2.44,0.001,0.001,0.084,0.031,0,0,,0,,,,0,,,,,1004,1004,0,2,3,0,3,3,1,0,1,9,10,11,1,0,2,0,1,0,133472,0.612,1.24,0.013
1329,2.014,0,0,0.065,0.031,0,0,,0,,,,0,,,,,1004,1004,0,2,3,0,3,3,1,0,1,9,10,11,1,0,2,0,1,0,133472,0.443,1.168,0.012
1330,3.171,0.001,0.001,0.053,0.06,0,0,,0,,,,0,,,,,1004,1004,0,2,3,0,3,3,1,0,1,9,10,11,1,0,2,0,1,0,133472,0.491,2.162,0.032
1331,2.339,0.001,0,0.111,0.038,0,0,,0,,,,0,,,,,1004,1004,0,2,3,0,3,3,1,0,1,9,10,11,1,0,2,0,1,0,133472,0.546,1.219,0.014
1332,2.027,0.001,0,0.05,0.059,0,0,,0,,,,0,,,,,1004,1004,0,2,3,0,3,3,1,0,1,9,10,11,1,0,2,0,1,0,133472,0.385,1.21,0.022
1333,2.763,0.001,0,0.076,0.03,0,0,,0,,,,0,,,,,1004,1004,0,2,3,0,3,3,1,0,1,9,10,11,1,0,2,0,1,0,133472,0.876,1.297,0.012
1334,1.897,0.001,0,0.041,0.028,0,0,,0,,,,0,,,,,1004,1004,0,2,3,0,3,3,1,0,1,9,10,11,1,0,2,0,1,0,133472,0.418,1.14,0.01
1335,1.794,0,0,0.036,0.029,0,0,,0,,,,0,,,,,1004,1004,0,2,3,0,3,3,1,0,1,9,10,11,1,0,2,0,1,0,133472,0.393,1.095,0.01
1336,1.813,0.001,0,0.039,0.03,0,0,,0,,,,0,,,,,1004,1004,0,2,3,0,3,3,1,0,1,9,10,11,1,0,2,0,1,0,133472,0.401,1.078,0.01
1337,1.774,0,0,0.034,0.024,0,0,,0,,,,0,,,,,1004,1004,0,2,3,0,3,3,1,0,1,9,10,11,1,0,2,0,1,0,133472,0.382,1.069,0.015
1338,2.197,0.001,0,0.036,0.037,0,0,,0,,,,0,,,,,1004,1004,0,2,3,0,3,3,1,0,1,9,10,11,1,0,2,0,1,0,133472,0.431,1.389,0.012
1339,1.848,0,0.001,0.038,0.029,0,0,,0,,,,0,,,,,1004,1004,0,2,3,0,3,3,1,0,1,9,10,11,1,0,2,0,1,0,133472,0.408,1.116,0.009
1340,3.043,1.093,0,0.1,0.036,0,0,,0,,,,0,,,,,1004,1004,0,2,3,0,3,3,1,0,1,9,10,11,1,0,2,0,1,0,133472,0.31,1.095,0.033
1341,1.477,0.163,0,0.102,0.025,0,0,,0,,,,0,,,,,1004,1004,0,2,3,0,3,3,1,0,1,9,10,11,1,0,2,0,1,0,133472,0.267,0.607,0.005
1342,2.804,0.839,0,0.151,0.031,0,0,,0,,,,0,,,,,1004,1004,0,2,3,0,3,3,1,0,1,9,10,11,1,0,2,0,1,0,133472,0.456,1.017,0.011
1343,1.863,0.143,0,0.031,0.029,0,0,,0,,,,0,,,,,1004,1004,0,2,3,0,3,3,1,0,1,9,10,11,1,0,2,0,1,0,133472,0.363,0.919,0.007
1344,2.239,0.475,0,0.036,0.028,0,0,,0,,,,0,,,,,1004,1004,0,2,3,0,3,3,1,0,1,9,10,11,1,0,2,0,1,0,133472,0.348,0.977,0.009
1345,1.923,0,0.001,0.036,0.035,0,0,,0,,,,0,,,,,1004,1004,0,2,3,0,3,3,1,0,1,9,10,11,1,0,2,0,1,0,133472,0.351,1.199,0.015
1346,2.094,0.001,0,0.05,0.034,0,0,,0,,,,0,,,,,1004,1004,0,2,3,0,3,3,1,0,1,9,10,11,1,0,2,0,1,0,133472,0.457,1.205,0.014
1347,1.894,0.001,0.001,0.046,0.033,0,0,,0,,,,0,,,,,1004,1004,0,2,3,0,3,3,1,0,1,9,10,11,1,0,2,0,1,0,133472,0.422,1.105,0.01
1348,1.992,0.001,0,0.035,0.028,0,0,,0,,,,0,,,,,1004,1004,0,2,3,0,3,3,1,0,1,9,10,11,1,0,2,0,1,0,133472,0.581,1.064,0.008
1349,1.828,0.001,0,0.034,0.041,0,0,,0,,,,0,,,,,1004,1004,0,2,3,0,3,3,1,0,1,9,10,11,1,0,2,0,1,0,133472,0.37,1.135,0.012
1350,1.897,0,0.001,0.043,0.035,0,0,,1,2984.375,232910848,287285248,1,71217344,71217344,167755776,38823561584,1004,1004,0,2,3,0,3,3,1,0,1,9,10,11,1,0,2,0,1,0,133472,0.425,1.115,0.011
1351,1.755,0,0,0.035,0.029,0,0,,0,,,,0,,,,,1004,1004,0,2,3,0,3,3,1,0,1,9,10,11,1,0,2,0,1,0,133472,0.384,1.053,0.009
1352,4.055,0,0,0.035,0.084,0,0,,0,,,,0,,,,,1004,1004,0,2,3,0,3,3,1,0,1,9,10,11,1,0,2,0,1,0,133472,0.58,2.531,0.025
1353,2.286,0.001,0.001,0.076,0.039,0,0,,0,,,,0,,,,,1004,1004,0,2,3,0,3,3,1,0,1,9,10,11,1,0,2,0,1,0,133472,0.509,1.182,0.013
1354,13.149,11.342,0,0.054,0.099,0,0,,0,,,,0,,,,,1004,1004,0,2,3,0,3,3,1,0,1,9,10,11,1,0,2,0,1,0,133472,0.352,0.931,0.015
1355,2.157,0.001,0,0.082,0.031,0,0,,0,,,,0,,,,,1004,1004,0,2,3,0,3,3,1,0,1,9,10,11,1,0,2,0,1,0,133472,0.378,1.173,0.013
1356,2.187,0,0.001,0.055,0.058,0,0,,0,,,,0,,,,,1004,1004,0,2,3,0,3,3,1,0,1,9,10,11,1,0,2,0,1,0,133472,0.475,1.09,0.017
1357,1.934,0.001,0,0.059,0.036,0,0,,0,,,,0,,,,,1004,1004,0,2,3,0,3,3,1,0,1,9,10,11,1,0,2,0,1,0,133472,0.385,1.012,0.03
1358,2.351,0.691,0,0.086,0.044,0,0,,0,,,,0,,,,,1004,1004,0,2,3,0,3,3,1,0,1,9,10,11,1,0,2,0,1,0,133472,0.346,0.918,0.01
1359,2.768,0.839,0,0.047,0.046,0,0,,0,,,,0,,,,,1004,1004,0,2,3,0,3,3,1,0,1,9,10,11,1,0,2,0,1,0,133472,0.34,1.201,0.01
1360,1.739,0.226,0,0.036,0.027,0,0,,0,,,,0,,,,,1004,1004,0,2,3,0,3,3,1,0,1,9,10,11,1,0,2,0,1,0,133472,0.377,0.808,0.009
1361,3.002,1.187,0,0.048,0.054,0,0,,0,,,,0,,,,,1004,1004,0,2,3,0,3,3,1,0,1,9,10,11,1,0,2,0,1,0,133472,0.368,0.999,0.012
1362,2.089,0.272,0,0.042,0.04,0,0,,0,,,,0,,,,,1004,1004,0,2,3,0,3,3,1,0,1,9,10,11,1,0,2,0,1,0,133472,0.341,1.113,0.012
1363,3.492,0.463,0,0.073,0.08,0,0,,0,,,,0,,,,,1004,1004,0,2,3,0,3,3,1,0,1,9,10,11,1,0,2,0,1,0,133472,0.541,1.828,0.026
1364,3.246,0.001,0,0.069,0.055,0,0,,0,,,,0,,,,,1004,1004,0,2,3,0,3,3,1,0,1,9,10,11,1,0,2,0,1,0,133472,0.563,2.05,0.019
1365,2.101,0.001,0.001,0.064,0.041,0,0,,0,,,,0,,,,,1004,1004,0,2,3,0,3,3,1,0,1,9,10,11,1,0,2,0,1,0,133472,0.541,1.13,0.011
1366,1.937,0,0,0.035,0.032,0,0,,0,,,,0,,,,,1004,1004,0,2,3,0,3,3,1,0,1,9,10,11,1,0,2,0,1,0,133472,0.488,1.104,0.01
1367,2.793,0.641,0,0.047,0.061,0,0,,0,,,,0,,,,,1004,1004,0,2,3,0,3,3,1,0,1,9,10,11,1,0,2,0,1,0,133472,0.457,1.25,0.015
1368,2.013,0.001,0.001,0.046,0.027,0,0,,0,,,,0,,,,,1004,1004,0,2,3,0,3,3,1,0,1,9,10,11,1,0,2,0,1,0,133472,0.512,1.087,0.011
1369,2.868,0,0,0.046,0.092,0,0,,0,,,,0,,,,,1004,1004,0,2,3,0,3,3,1,0,1,9,10,11,1,0,2,0,1,0,133472,0.418,1.88,0.029
1370,3.23,0.001,0.001,0.073,0.065,0,0,,0,,,,0,,,,,1004,1004,0,2,3,0,3,3,1,0,1,9,10,11,1,0,2,0,1,0,133472,0.655,1.934,0.022
1371,2.786,0.82,0.001,0.124,0.052,0,0,,0,,,,0,,,,,1004,1004,0,2,3,0,3,3,1,0,1,9,10,11,1,0,2,0,1,0,133472,0.374,0.984,0.011
1372,2.92,0.529,0,0.049,0.05,0,0,,0,,,,0,,,,,1004,1004,0,2,3,0,3,3,1,0,1,9,10,11,1,0,2,0,1,0,133472,0.371,1.617,0.019
1373,1.667,0.001,0,0.085,0.028,0,0,,0,,,,0,,,,,1004,1004,0,2,3,0,3,3,1,0,1,9,10,11,1,0,2,0,1,0,133472,0.348,0.978,0.008
1374,2.23,0.736,0,0.051,0.036,0,0,,0,,,,0,,,,,1004,1004,0,2,3,0,3,3,1,0,1,9,10,11,1,0,2,0,1,0,133472,0.301,0.826,0.008
1375,1.619,0,0,0.026,0.028,0,0,,0,,,,0,,,,,1004,1004,0,2,3,0,3,3,1,0,1,9,10,11,1,0,2,0,1,0,133472,0.377,0.949,0.009
1376,2.422,0.001,0,0.037,0.036,0,0,,0,,,,0,,,,,1004,1004,0,2,3,0,3,3,1,0,1,9,10,11,1,0,2,0,1,0,133472,0.585,1.439,0.013
1377,1.789,0,0.001,0.045,0.024,0,0,,0,,,,0,,,,,1004,1004,0,2,3,0,3,3,1,0,1,9,10,11,1,0,2,0,1,0,133472,0.393,1.034,0.009
1378,3.278,0.596,0,0.059,0.05,0,0,,0,,,,0,,,,,1004,1004,0,2,3,0,3,3,1,0,1,9,10,11,1,0,2,0,1,0,133472,0.381,1.861,0.013
1379,1.749,0,0,0.074,0.029,0,0,,0,,,,0,,,,,1004,1004,0,2,3,0,3,3,1,0,1,9,10,11,1,0,2,0,1,0,133472,0.418,0.96,0.009
1380,1.792,0,0.001,0.031,0.026,0,0,,1,3046.875,232910848,287285248,1,71217344,71217344,167755776,38823561584,1004,1004,0,2,3,0,3,3,1,0,1,9,10,11,1,0,2,0,1,0,133472,0.378,1.106,0.009
1381,1.506,0,0,0.034,0.026,0,0,,0,,,,0,,,,,1004,1004,0,2,3,0,3,3,1,0,1,9,10,11,1,0,2,0,1,0,133472,0.303,0.92,0.008
1382,2.282,0.898,0,0.041,0.038,0,0,,0,,,,0,,,,,1004,1004,0,2,3,0,3,3,1,0,1,9,10,11,1,0,2,0,1,0,133472,0.303,0.763,0.008
1383,3.51,0.5,0.001,0.059,0.064,0,0,,0,,,,0,,,,,1004,1004,0,2,3,0,3,3,1,0,1,9,10,11,1,0,2,0,1,0,133472,0.551,1.843,0.032
1384,2.369,0.001,0,0.07,0.044,0,0,,0,,,,0,,,,,1004,1004,0,2,3,0,3,3,1,0,1,9,10,11,1,0,2,0,1,0,133472,0.622,1.207,0.013
1385,2.036,0,0,0.06,0.031,0,0,,0,,,,0,,,,,1004,1004,0,2,3,0,3,3,1,0,1,9,10,11,1,0,2,0,1,0,133472,0.438,1.202,0.01
1386,1.884,0,0,0.035,0.033,0,0,,0,,,,0,,,,,1004,1004,0,2,3,0,3,3,1,0,1,9,10,11,1,0,2,0,1,0,133472,0.427,1.124,0.011
1387,1.77,0,0,0.04,0.026,0,0,,0,,,,0,,,,,1004,1004,0,2,3,0,3,3,1,0,1,9,10,11,1,0,2,0,1,0,133472,0.404,1.04,0.01
1388,1.995,0,0.001,0.039,0.026,0,0,,0,,,,0,,,,,1004,1004,0,2,3,0,3,3,1,0,1,9,10,11,1,0,2,0,1,0,133472,0.463,1.195,0.01
1389,1.655,0,0,0.044,0.023,0,0,,0,,,,0,,,,,1004,1004,0,2,3,0,3,3,1,0,1,9,10,11,1,0,2,0,1,0,133472,0.396,0.926,0.007
1390,1.661,0.001,0,0.033,0.035,0,0,,0,,,,0,,,,,1004,1004,0,2,3,0,3,3,1,0,1,9,10,11,1,0,2,0,1,0,133472,0.333,1.041,0.008
1391,1.544,0,0,0.046,0.025,0,0,,0,,,,0,,,,,1004,1004,0,2,3,0,3,3,1,0,1,9,10,11,1,0,2,0,1,0,133472,0.346,0.879,0.009
1392,2.379,0,0,0.039,0.043,0,0,,0,,,,0,,,,,1004,1004,0,2,3,0,3,3,1,0,1,9,10,11,1,0,2,0,1,0,133472,0.52,1.368,0.016
1393,1.835,0.001,0.001,0.082,0.03,0,0,,0,,,,0,,,,,1004,1004,0,2,3,0,3,3,1,0,1,9,10,11,1,0,2,0,1,0,133472,0.416,0.944,0.011
1394,2.384,0.509,0,0.089,0.037,0,0,,0,,,,0,,,,,1004,1004,0,2,3,0,3,3,1,0,1,9,10,11,1,0,2,0,1,0,133472,0.436,0.973,0.008
1395,1.67,0.263,0,0.147,0.029,0,0,,0,,,,0,,,,,1004,1004,0,2,3,0,3,3,1,0,1,9,10,11,1,0,2,0,1,0,133472,0.317,0.658,0.006
1396,2.512,0.961,0.001,0.106,0.029,0,0,,0,,,,0,,,,,1004,1004,0,2,3,0,3,3,1,0,1,9,10,11,1,0,2,0,1,0,133472,0.365,0.694,0.007
1397,2.02,0.424,0,0.115,0.032,0,0,,0,,,,0,,,,,1004,1004,0,2,3,0,3,3,1,0,1,9,10,11,1,0,2,0,1,0,133472,0.36,0.834,0.007
1398,1.875,0.09,0,0.129,0.039,0,0,,0,,,,0,,,,,1004,1004,0,2,3,0,3,3,1,0,1,9,10,11,1,0,2,0,1,0,133472,0.466,0.783,0.008
1399,1.255,0,0,0.053,0.035,0,0,,0,,,,0,,,,,1004,1004,0,2,3,0,3,3,1,0,1,9,10,11,1,0,2,0,1,0,133472,0.275,0.706,0.005
1400,2.959,0,0,0.029,0.073,0,0,,0,,,,0,,,,,1004,1004,0,2,3,0,3,3,1,0,1,9,10,11,1,0,2,0,1,0,133472,0.27,2.191,0.027
1401,2.655,0.002,0,0.07,0.039,0,0,,0,,,,0,,,,,1004,1004,0,2,3,0,3,3,1,0,1,9,10,11,1,0,2,0,1,0,133472,0.584,1.533,0.014
1402,1.727,0,0,0.04,0.034,0,0,,0,,,,0,,,,,1004,1004,0,2,3,0,3,3,1,0,1,9,10,11,1,0,2,0,1,0,133472,0.376,1,0.009
1403,6.68,5.267,0,0.088,0.033,0,0,,0,,,,0,,,,,1004,1004,0,2,3,0,3,3,1,0,1,9,10,11,1,0,2,0,1,0,133472,0.362,0.579,0.009
1404,2.033,0.747,0.001,0.074,0.026,0,0,,0,,,,0,,,,,1004,1004,0,2,3,0,3,3,1,0,1,9,10,11,1,0,2,0,1,0,133472,0.24,0.667,0.006
1405,3.184,0.987,0.001,0.194,0.047,0,0,,0,,,,0,,,,,1004,1004,0,2,3,0,3,3,1,0,1,9,10,11,1,0,2,0,1,0,133472,0.754,0.859,0.015
1406,1.812,0.001,0.001,0.049,0.054,0,0,,0,,,,0,,,,,1004,1004,0,2,3,0,3,3,1,0,1,9,10,11,1,0,2,0,1,0,133472,0.413,0.955,0.012
1407,1.449,0.001,0,0.059,0.022,0,0,,0,,,,0,,,,,1004,1004,0,2,3,0,3,3,1,0,1,9,10,11,1,0,2,0,1,0,133472,0.313,0.828,0.009
1408,1.333,0,0.001,0.046,0.022,0,0,,0,,,,0,,,,,1004,1004,0,2,3,0,3,3,1,0,1,9,10,11,1,0,2,0,1,0,133472,0.356,0.704,0.006
1409,1.477,0.236,0,0.074,0.029,0,0,,0,,,,0,,,,,1004,1004,0,2,3,0,3,3,1,0,1,9,10,11,1,0,2,0,1,0,133472,0.264,0.554,0.006
1410,2.453,1.15,0,0.071,0.028,0,0,,1,3093.75,232910848,287285248,1,71217344,71217344,167755776,38823561584,1004,1004,0,2,3,0,3,3,1,0,1,9,10,11,1,0,2,0,1,0,133472,0.248,0.684,0.006
1411,5.548,1.111,0,0.096,0.065,0,0,,0,,,,0,,,,,1004,1004,0,2,3,0,3,3,1,0,1,9,10,11,1,0,2,0,1,0,133472,0.951,2.667,0.026
1412,2.828,0.001,0,0.051,0.05,0,0,,0,,,,0,,,,,1004,1004,0,2,3,0,3,3,1,0,1,9,10,11,1,0,2,0,1,0,133472,0.545,1.702,0.018
1413,2.83,0.001,0,0.063,0.044,0,0,,0,,,,0,,,,,1004,1004,0,2,3,0,3,3,1,0,1,9,10,11,1,0,2,0,1,0,133472,0.598,1.668,0.017
1414,2.701,0,0,0.057,0.048,0,0,,0,,,,0,,,,,1004,1004,0,2,3,0,3,3,1,0,1,9,10,11,1,0,2,0,1,0,133472,0.574,1.618,0.013
1415,1.601,0.001,0,0.052,0.03,0,0,,0,,,,0,,,,,1004,1004,0,2,3,0,3,3,1,0,1,9,10,11,1,0,2,0,1,0,133472,0.355,0.863,0.009
1416,1.846,0,0,0.033,0.029,0,0,,0,,,,0,,,,,1004,1004,0,2,3,0,3,3,1,0,1,9,10,11,1,0,2,0,1,0,133472,0.375,1.143,0.013
1417,1.623,0.001,0,0.031,0.031,0,0,,0,,,,0,,,,,1004,1004,0,2,3,0,3,3,1,0,1,9,10,11,1,0,2,0,1,0,133472,0.356,0.973,0.008
1418,1.83,0.502,0,0.099,0.031,0,0,,0,,,,0,,,,,1004,1004,0,2,3,0,3,3,1,0,1,9,10,11,1,0,2,0,1,0,133472,0.287,0.644,0.007
1419,2.63,0.909,0.001,0.077,0.065,0,0,,0,,,,0,,,,,1004,1004,0,2,3,0,3,3,1,0,1,9,10,11,1,0,2,0,1,0,133472,0.288,0.983,0.012
1420,2.312,0.551,0.001,0.055,0.036,0,0,,0,,,,0,,,,,1004,1004,0,2,3,0,3,3,1,0,1,9,10,11,1,0,2,0,1,0,133472,0.37,0.888,0.014
1421,1.968,0.463,0,0.049,0.029,0,0,,0,,,,0,,,,,1004,1004,0,2,3,0,3,3,1,0,1,9,10,11,1,0,2,0,1,0,133472,0.359,0.775,0.008
1422,3.398,2.154,0,0.136,0.024,0,0,,0,,,,0,,,,,1004,1004,0,2,3,0,3,3,1,0,1,9,10,11,1,0,2,0,1,0,133472,0.276,0.553,0.005
1423,2.881,1.22,0,0.049,0.031,0,0,,0,,,,0,,,,,1004,1004,0,2,3,0,3,3,1,0,1,9,10,11,1,0,2,0,1,0,133472,0.441,0.896,0.008
1424,1.243,0.001,0.001,0.037,0.021,0,0,,0,,,,0,,,,,1004,1004,0,2,3,0,3,3,1,0,1,9,10,11,1,0,2,0,1,0,133472,0.305,0.691,0.007
1425,1.332,0.122,0,0.036,0.022,0,0,,0,,,,0,,,,,1004,1004,0,2,3,0,3,3,1,0,1,9,10,11,1,0,2,0,1,0,133472,0.363,0.614,0.004
1426,1.647,0.393,0.001,0.113,0.034,0,0,,0,,,,0,,,,,1004,1004,0,2,3,0,3,3,1,0,1,9,10,11,1,0,2,0,1,0,133472,0.25,0.558,0.005
1427,1.518,0.252,0,0.047,0.028,0,0,,0,,,,0,,,,,1004,1004,0,2,3,0,3,3,1,0,1,9,10,11,1,0,2,0,1,0,133472,0.242,0.734,0.008
1428,3.124,0.283,0,0.049,0.045,0,0,,0,,,,0,,,,,1004,1004,0,2,3,0,3,3,1,0,1,9,10,11,1,0,2,0,1,0,133472,0.757,1.234,0.017
1429,1.474,0,0,0.051,0.027,0,0,,0,,,,0,,,,,1004,1004,0,2,3,0,3,3,1,0,1,9,10,11,1,0,2,0,1,0,133472,0.328,0.825,0.008
1430,1.212,0.001,0,0.037,0.021,0,0,,0,,,,0,,,,,1004,1004,0,2,3,0,3,3,1,0,1,9,10,11,1,0,2,0,1,0,133472,0.294,0.676,0.003
1431,2.876,1.115,0,0.107,0.054,0,0,,0,,,,0,,,,,1004,1004,0,2,3,0,3,3,1,0,1,9,10,11,1,0,2,0,1,0,133472,0.302,0.894,0.009
1432,2.094,0.685,0,0.042,0.02,0,0,,0,,,,0,,,,,1004,1004,0,2,3,0,3,3,1,0,1,9,10,11,1,0,2,0,1,0,133472,0.437,0.704,0.006
1433,2.315,1.134,0,0.038,0.024,0,0,,0,,,,0,,,,,1004,1004,0,2,3,0,3,3,1,0,1,9,10,11,1,0,2,0,1,0,133472,0.279,0.639,0.005
1434,2.525,1.343,0,0.073,0.024,0,0,,0,,,,0,,,,,1004,1004,0,2,3,0,3,3,1,0,1,9,10,11,1,0,2,0,1,0,133472,0.252,0.558,0.005
1435,5.009,0.556,0,0.281,0.111,0,0,,0,,,,0,,,,,1004,1004,0,2,3,0,3,3,1,0,1,9,10,11,1,0,2,0,1,0,133472,0.879,2.51,0.031
1436,3.736,0.002,0.001,0.092,0.272,0,0,,0,,,,0,,,,,1004,1004,0,2,3,0,3,3,1,0,1,9,10,11,1,0,2,0,1,0,133472,0.874,1.882,0.017
1437,1.879,0.001,0,0.072,0.045,0,0,,0,,,,0,,,,,1004,1004,0,2,3,0,3,3,1,0,1,9,10,11,1,0,2,0,1,0,133472,0.435,0.97,0.013
1438,1.854,0.001,0,0.051,0.04,0,0,,0,,,,0,,,,,1004,1004,0,2,3,0,3,3,1,0,1,9,10,11,1,0,2,0,1,0,133472,0.393,1.071,0.015
1439,1.685,0,0,0.058,0.028,0,0,,0,,,,0,,,,,1004,1004,0,2,3,0,3,3,1,0,1,9,10,11,1,0,2,0,1,0,133472,0.484,0.842,0.009
1440,4.18,1.871,0,0.118,0.128,0,0,,1,3171.875,232931328,287285248,1,71217344,71217344,167755776,38823561584,1004,1004,0,2,3,0,3,3,1,0,1,9,10,11,1,0,2,0,1,0,133472,0.295,1.308,0.032
1441,17.892,14.332,0.001,0.115,0.124,0,0,,0,,,,0,,,,,1004,1004,0,2,3,0,3,3,1,0,1,9,10,11,1,0,2,0,1,0,133472,1.009,1.384,0.04
1442,2.497,0.002,0,0.111,0.029,0,0,,0,,,,0,,,,,1004,1004,0,2,3,0,3,3,1,0,1,9,10,11,1,0,2,0,1,0,133472,0.885,0.828,0.01
1443,5.173,0.997,0.001,0.091,0.103,0,0,,0,,,,0,,,,,1004,1004,0,2,3,0,3,3,1,0,1,9,10,11,1,0,2,0,1,0,133472,0.853,2.46,0.024
1444,2.012,0.001,0,0.038,0.028,0,0,,0,,,,0,,,,,1004,1004,0,2,3,0,3,3,1,0,1,9,10,11,1,0,2,0,1,0,133472,0.549,1.114,0.009
1445,1.513,0,0,0.03,0.026,0,0,,0,,,,0,,,,,1004,1004,0,2,3,0,3,3,1,0,1,9,10,11,1,0,2,0,1,0,133472,0.324,0.897,0.007
1446,1.312,0.054,0,0.094,0.025,0,0,,0,,,,0,,,,,1004,1004,0,2,3,0,3,3,1,0,1,9,10,11,1,0,2,0,1,0,133472,0.258,0.568,0.005
1447,1.419,0.252,0,0.034,0.023,0,0,,0,,,,0,,,,,1004,1004,0,2,3,0,3,3,1,0,1,9,10,11,1,0,2,0,1,0,133472,0.305,0.581,0.005
1448,3.894,0.631,0,0.07,0.074,0,0,,0,,,,0,,,,,1004,1004,0,2,3,0,3,3,1,0,1,9,10,11,1,0,2,0,1,0,133472,0.815,1.818,0.024
1449,3.147,0.001,0.001,0.072,0.038,0,0,,0,,,,0,,,,,1004,1004,0,2,3,0,3,3,1,0,1,9,10,11,1,0,2,0,1,0,133472,0.539,2.029,0.014
1450,2.124,0,0,0.041,0.039,0,0,,0,,,,0,,,,,1004,1004,0,2,3,0,3,3,1,0,1,9,10,11,1,0,2,0,1,0,133472,0.366,1.405,0.009
1451,1.761,0,0.001,0.032,0.038,0,0,,0,,,,0,,,,,1004,1004,0,2,3,0,3,3,1,0,1,9,10,11,1,0,2,0,1,0,133472,0.377,1.052,0.009
1452,2.7,0.905,0.001,0.058,0.046,0,0,,0,,,,0,,,,,1004,1004,0,2,3,0,3,3,1,0,1,9,10,11,1,0,2,0,1,0,133472,0.37,1.022,0.012
1453,1.717,0.236,0,0.039,0.034,0,0,,0,,,,0,,,,,1004,1004,0,2,3,0,3,3,1,0,1,9,10,11,1,0,2,0,1,0,133472,0.342,0.804,0.008
1454,3.023,1.088,0,0.044,0.048,0,0,,0,,,,0,,,,,1004,1004,0,2,3,0,3,3,1,0,1,9,10,11,1,0,2,0,1,0,133472,0.3,1.232,0.017
1455,3.961,1.225,0,0.087,0.058,0,0,,0,,,,0,,,,,1004,1004,0,2,3,0,3,3,1,0,1,9,10,11,1,0,2,0,1,0,133472,0.576,1.508,0.023
1456,3.369,1.318,0,0.07,0.043,0,0,,0,,,,0,,,,,1004,1004,0,2,3,0,3,3,1,0,1,9,10,11,1,0,2,0,1,0,133472,0.509,1.05,0.01
1457,1.655,0.001,0,0.028,0.025,0,0,,0,,,,0,,,,,1004,1004,0,2,3,0,3,3,1,0,1,9,10,11,1,0,2,0,1,0,133472,0.4,0.974,0.008
1458,2.349,0.836,0,0.048,0.041,0,0,,0,,,,0,,,,,1004,1004,0,2,3,0,3,3,1,0,1,9,10,11,1,0,2,0,1,0,133472,0.317,0.812,0.009
1459,2.594,0.813,0,0.044,0.068,0,0,,0,,,,0,,,,,1004,1004,0,2,3,0,3,3,1,0,1,9,10,11,1,0,2,0,1,0,133472,0.326,1.054,0.012
1460,1.865,0.001,0,0.037,0.037,0,0,,0,,,,0,,,,,1004,1004,0,2,3,0,3,3,1,0,1,9,10,11,1,0,2,0,1,0,133472,0.456,1.034,0.014
1461,3.3,0.011,0.001,0.039,0.068,0,0,,0,,,,0,,,,,1004,1004,0,2,3,0,3,3,1,0,1,9,10,11,1,0,2,0,1,0,133472,0.458,1.739,0.029
1462,2.472,0.001,0,0.069,0.048,0,0,,0,,,,0,,,,,1004,1004,0,2,3,0,3,3,1,0,1,9,10,11,1,0,2,0,1,0,133472,0.652,1.207,0.027
1463,1.868,0,0.001,0.065,0.035,0,0,,0,,,,0,,,,,1004,1004,0,2,3,0,3,3,1,0,1,9,10,11,1,0,2,0,1,0,133472,0.429,1.043,0.013
1464,3.005,0.691,0,0.055,0.075,0,0,,0,,,,0,,,,,1004,1004,0,2,3,0,3,3,1,0,1,9,10,11,1,0,2,0,1,0,133472,0.421,1.397,0.015
1465,2.355,0.001,0,0.071,0.049,0,0,,0,,,,0,,,,,1004,1004,0,2,3,0,3,3,1,0,1,9,10,11,1,0,2,0,1,0,133472,0.405,1.469,0.027
1466,1.886,0.001,0.001,0.123,0.031,0,0,,0,,,,0,,,,,1004,1004,0,2,3,0,3,3,1,0,1,9,10,11,1,0,2,0,1,0,133472,0.39,1.065,0.01
1467,3.264,0.29,0,0.055,0.081,0,0,,0,,,,0,,,,,1004,1004,0,2,3,0,3,3,1,0,1,9,10,11,1,0,2,0,1,0,133472,0.526,1.872,0.029
1468,2.923,0.001,0.001,0.099,0.055,0,0,,0,,,,0,,,,,1004,1004,0,2,3,0,3,3,1,0,1,9,10,11,1,0,2,0,1,0,133472,0.596,1.664,0.02
1469,2.531,0,0.001,0.076,0.049,0,0,,0,,,,0,,,,,1004,1004,0,2,3,0,3,3,1,0,1,9,10,11,1,0,2,0,1,0,133472,0.458,1.155,0.012
1470,6.4,4.71,0,0.11,0.038,0,0,,1,3265.625,232931328,287285248,1,71217344,71217344,167755776,38823561584,1004,1004,0,2,3,0,3,3,1,0,1,9,10,11,1,0,2,0,1,0,133472,0.414,0.823,0.013
1471,2.513,1.009,0,0.106,0.053,0,0,,0,,,,0,,,,,1004,1004,0,2,3,0,3,3,1,0,1,9,10,11,1,0,2,0,1,0,133472,0.366,0.632,0.006
1472,2.195,0,0,0.052,0.061,0,0,,0,,,,0,,,,,1004,1004,0,2,3,0,3,3,1,0,1,9,10,11,1,0,2,0,1,0,133472,0.309,1.472,0.035
1473,2.548,0,0,0.077,0.035,0,0,,0,,,,0,,,,,1004,1004,0,2,3,0,3,3,1,0,1,9,10,11,1,0,2,0,1,0,133472,0.579,1.471,0.013
1474,1.966,0,0,0.047,0.04,0,0,,0,,,,0,,,,,1004,1004,0,2,3,0,3,3,1,0,1,9,10,11,1,0,2,0,1,0,133472,0.431,1.147,0.011
1475,1.515,0,0,0.048,0.025,0,0,,0,,,,0,,,,,1004,1004,0,2,3,0,3,3,1,0,1,9,10,11,1,0,2,0,1,0,133472,0.371,0.832,0.007
1476,3.052,1.24,0,0.054,0.05,0,0,,0,,,,0,,,,,1004,1004,0,2,3,0,3,3,1,0,1,9,10,11,1,0,2,0,1,0,133472,0.336,1.05,0.012
1477,2.649,0.374,0.001,0.058,0.049,0,0,,0,,,,0,,,,,1004,1004,0,2,3,0,3,3,1,0,1,9,10,11,1,0,2,0,1,0,133472,0.35,1.505,0.023
1478,1.929,0.001,0,0.074,0.026,0,0,,0,,,,0,,,,,1004,1004,0,2,3,0,3,3,1,0,1,9,10,11,1,0,2,0,1,0,133472,0.354,1.169,0.008
1479,2.294,0.397,0,0.034,0.04,0,0,,0,,,,0,,,,,1004,1004,0,2,3,0,3,3,1,0,1,9,10,11,1,0,2,0,1,0,133472,0.336,1.163,0.018
1480,2.83,0.811,0,0.062,0.034,0,0,,0,,,,0,,,,,1004,1004,0,2,3,0,3,3,1,0,1,9,10,11,1,0,2,0,1,0,133472,0.464,1.02,0.02
1481,3.739,1.848,0,0.079,0.049,0,0,,0,,,,0,,,,,1004,1004,0,2,3,0,3,3,1,0,1,9,10,11,1,0,2,0,1,0,133472,0.415,0.987,0.013
1482,1.91,0.001,0,0.028,0.025,0,0,,0,,,,0,,,,,1004,1004,0,2,3,0,3,3,1,0,1,9,10,11,1,0,2,0,1,0,133472,0.354,1.237,0.007
1483,1.449,0.264,0,0.033,0.02,0,0,,0,,,,0,,,,,1004,1004,0,2,3,0,3,3,1,0,1,9,10,11,1,0,2,0,1,0,133472,0.276,0.663,0.005
1484,2.618,0.976,0,0.036,0.039,0,0,,0,,,,0,,,,,1004,1004,0,2,3,0,3,3,1,0,1,9,10,11,1,0,2,0,1,0,133472,0.357,0.932,0.011
1485,3.137,0.56,0,0.053,0.071,0,0,,0,,,,0,,,,,1004,1004,0,2,3,0,3,3,1,0,1,9,10,11,1,0,2,0,1,0,133472,0.382,1.519,0.019
1486,2.687,0,0.001,0.078,0.096,0,0,,0,,,,0,,,,,1004,1004,0,2,3,0,3,3,1,0,1,9,10,11,1,0,2,0,1,0,133472,0.458,1.007,0.04
1487,2.86,0.002,0,0.104,0.061,0,0,,0,,,,0,,,,,1004,1004,0,2,3,0,3,3,1,0,1,9,10,11,1,0,2,0,1,0,133472,0.466,1.756,0.023
1488,3.305,0,0,0.061,0.054,0,0,,0,,,,0,,,,,1004,1004,0,2,3,0,3,3,1,0,1,9,10,11,1,0,2,0,1,0,133472,0.689,2.006,0.017
1489,3.233,0,0,0.059,0.055,0,0,,0,,,,0,,,,,1004,1004,0,2,3,0,3,3,1,0,1,9,10,11,1,0,2,0,1,0,133472,0.673,1.952,0.016
1490,1.87,0.001,0,0.061,0.024,0,0,,0,,,,0,,,,,1004,1004,0,2,3,0,3,3,1,0,1,9,10,11,1,0,2,0,1,0,133472,0.62,0.783,0.006
1491,1.391,0.204,0.001,0.078,0.028,0,0,,0,,,,0,,,,,1004,1004,0,2,3,0,3,3,1,0,1,9,10,11,1,0,2,0,1,0,133472,0.218,0.552,0.004
1492,3.064,0.416,0.001,0.072,0.074,0,0,,0,,,,0,,,,,1004,1004,0,2,3,0,3,3,1,0,1,9,10,11,1,0,2,0,1,0,133472,0.455,1.627,0.025
1493,2.751,0.001,0,0.067,0.046,0,0,,0,,,,0,,,,,1004,1004,0,2,3,0,3,3,1,0,1,9,10,11,1,0,2,0,1,0,133472,0.606,1.593,0.016
1494,2.025,0.512,0,0.047,0.039,0,0,,0,,,,0,,,,,1004,1004,0,2,3,0,3,3,1,0,1,9,10,11,1,0,2,0,1,0,133472,0.356,0.782,0.009
1495,1.358,0,0,0.041,0.02,0,0,,0,,,,0,,,,,1004,1004,0,2,3,0,3,3,1,0,1,9,10,11,1,0,2,0,1,0,133472,0.341,0.757,0.005
1496,1.942,0,0,0.036,0.053,0,0,,0,,,,0,,,,,1004,1004,0,2,3,0,3,3,1,0,1,9,10,11,1,0,2,0,1,0,133472,0.308,1.252,0.037
1497,2.238,0.001,0,0.199,0.033,0,0,,0,,,,0,,,,,1004,1004,0,2,3,0,3,3,1,0,1,9,10,11,1,0,2,0,1,0,133472,0.425,1.277,0.013
1498,2.114,0,0,0.04,0.039,0,0,,0,,,,0,,,,,1004,1004,0,2,3,0,3,3,1,0,1,9,10,11,1,0,2,0,1,0,133472,0.446,1.271,0.013
1499,1.934,0,0.001,0.05,0.032,0,0,,0,,,,0,,,,,1004,1004,0,2,3,0,3,3,1,0,1,9,10,11,1,0,2,0,1,0,133472,0.41,1.107,0.012
1500,3.275,0,0,0.072,0.081,0,0,,1,3343.75,232931328,287285248,1,71217344,71217344,167755776,38823561584,1004,1004,0,2,3,0,3,3,1,0,1,9,10,11,1,0,2,0,1,0,133472,0.646,1.996,0.025
1501,2.27,0.002,0,0.1,0.031,0,0,,0,,,,0,,,,,1004,1004,0,2,3,0,3,3,1,0,1,9,10,11,1,0,2,0,1,0,133472,0.435,1.295,0.012
1502,3.008,1.189,0,0.054,0.045,0,0,,0,,,,0,,,,,1004,1004,0,2,3,0,3,3,1,0,1,9,10,11,1,0,2,0,1,0,133472,0.368,1.019,0.01
1503,1.839,0.001,0,0.039,0.028,0,0,,0,,,,0,,,,,1004,1004,0,2,3,0,3,3,1,0,1,9,10,11,1,0,2,0,1,0,133472,0.353,1.173,0.011
1504,2.307,0.536,0,0.042,0.065,0,0,,0,,,,0,,,,,1004,1004,0,2,3,0,3,3,1,0,1,9,10,11,1,0,2,0,1,0,133472,0.379,1.003,0.009
1505,1.774,0.001,0,0.036,0.034,0,0,,0,,,,0,,,,,1004,1004,0,2,3,0,3,3,1,0,1,9,10,11,1,0,2,0,1,0,133472,0.421,1.016,0.01
1506,1.819,0.052,0,0.031,0.052,0,0,,0,,,,0,,,,,1004,1004,0,2,3,0,3,3,1,0,1,9,10,11,1,0,2,0,1,0,133472,0.417,0.996,0.009
1507,2.949,0.249,0,0.065,0.071,0,0,,0,,,,0,,,,,1004,1004,0,2,3,0,3,3,1,0,1,9,10,11,1,0,2,0,1,0,133472,0.484,1.666,0.021
1508,2.635,0.001,0.001,0.065,0.038,0,0,,0,,,,0,,,,,1004,1004,0,2,3,0,3,3,1,0,1,9,10,11,1,0,2,0,1,0,133472,0.715,1.368,0.014
1509,1.89,0.615,0,0.045,0.03,0,0,,0,,,,0,,,,,1004,1004,0,2,3,0,3,3,1,0,1,9,10,11,1,0,2,0,1,0,133472,0.324,0.646,0.005
1510,2.412,0.839,0,0.082,0.032,0,0,,0,,,,0,,,,,1004,1004,0,2,3,0,3,3,1,0,1,9,10,11,1,0,2,0,1,0,133472,0.492,0.659,0.009
1511,2.384,0.297,0,0.041,0.045,0,0,,0,,,,0,,,,,1004,1004,0,2,3,0,3,3,1,0,1,9,10,11,1,0,2,0,1,0,133472,0.307,1.429,0.034
1512,1.733,0.001,0,0.066,0.031,0,0,,0,,,,0,,,,,1004,1004,0,2,3,0,3,3,1,0,1,9,10,11,1,0,2,0,1,0,133472,0.372,1.019,0.009
1513,1.852,0.141,0,0.037,0.034,0,0,,0,,,,0,,,,,1004,1004,0,2,3,0,3,3,1,0,1,9,10,11,1,0,2,0,1,0,133472,0.372,0.975,0.009
1514,3.252,0.76,0,0.049,0.05,0,0,,0,,,,0,,,,,1004,1004,0,2,3,0,3,3,1,0,1,9,10,11,1,0,2,0,1,0,133472,0.42,1.5,0.03
1515,2.78,0.001,0,0.069,0.052,0,0,,0,,,,0,,,,,1004,1004,0,2,3,0,3,3,1,0,1,9,10,11,1,0,2,0,1,0,133472,1.006,1.247,0.023
1516,2.397,0.584,0.001,0.049,0.06,0,0,,0,,,,0,,,,,1004,1004,0,2,3,0,3,3,1,0,1,9,10,11,1,0,2,0,1,0,133472,0.359,0.997,0.01
1517,1.891,0.001,0,0.062,0.032,0,0,,0,,,,0,,,,,1004,1004,0,2,3,0,3,3,1,0,1,9,10,11,1,0,2,0,1,0,133472,0.385,1.102,0.01
1518,2.433,0.001,0,0.047,0.07,0,0,,0,,,,0,,,,,1004,1004,0,2,3,0,3,3,1,0,1,9,10,11,1,0,2,0,1,0,133472,0.394,1.575,0.021
1519,2.295,0.001,0.001,0.075,0.042,0,0,,0,,,,0,,,,,1004,1004,0,2,3,0,3,3,1,0,1,9,10,11,1,0,2,0,1,0,133472,0.455,1.298,0.013
1520,2.17,0.001,0.001,0.041,0.033,0,0,,0,,,,0,,,,,1004,1004,0,2,3,0,3,3,1,0,1,9,10,11,1,0,2,0,1,0,133472,0.465,1.293,0.011
1521,2.363,0.001,0,0.038,0.06,0,0,,0,,,,0,,,,,1004,1004,0,2,3,0,3,3,1,0,1,9,10,11,1,0,2,0,1,0,133472,0.406,1.529,0.017
1522,2.161,0,0,0.047,0.035,0,0,,0,,,,0,,,,,1004,1004,0,2,3,0,3,3,1,0,1,9,10,11,1,0,2,0,1,0,133472,0.537,1.191,0.012
1523,2.223,0.001,0,0.038,0.044,0,0,,0,,,,0,,,,,1004,1004,0,2,3,0,3,3,1,0,1,9,10,11,1,0,2,0,1,0,133472,0.513,1.26,0.015
1524,2.017,0.496,0,0.061,0.026,0,0,,0,,,,0,,,,,1004,1004,0,2,3,0,3,3,1,0,1,9,10,11,1,0,2,0,1,0,133472,0.359,0.835,0.008
1525,4.896,3.266,0,0.116,0.037,0,0,,0,,,,0,,,,,1004,1004,0,2,3,0,3,3,1,0,1,9,10,11,1,0,2,0,1,0,133472,0.359,0.786,0.009
1526,2.306,0.612,0,0.047,0.035,0,0,,0,,,,0,,,,,1004,1004,0,2,3,0,3,3,1,0,1,9,10,11,1,0,2,0,1,0,133472,0.393,0.867,0.015
1527,3.367,0.825,0,0.046,0.071,0,0,,0,,,,0,,,,,1004,1004,0,2,3,0,3,3,1,0,1,9,10,11,1,0,2,0,1,0,133472,0.371,1.661,0.03
1528,2.89,0.266,0,0.084,0.048,0,0,,0,,,,0,,,,,1004,1004,0,2,3,0,3,3,1,0,1,9,10,11,1,0,2,0,1,0,133472,0.397,1.705,0.02
1529,2.619,1.18,0,0.089,0.025,0,0,,0,,,,0,,,,,1004,1004,0,2,3,0,3,3,1,0,1,9,10,11,1,0,2,0,1,0,133472,0.324,0.681,0.006
1530,3.507,1.445,0.001,0.062,0.06,0,0,,1,3406.25,232996864,287285248,1,71217344,71217344,167755776,38823561584,1004,1004,0,2,3,0,3,3,1,0,1,9,10,11,1,0,2,0,1,0,133472,0.437,1.153,0.014
1531,1.863,0,0,0.036,0.033,0,0,,0,,,,0,,,,,1004,1004,0,2,3,0,3,3,1,0,1,9,10,11,1,0,2,0,1,0,133472,0.419,1.088,0.01
1532,1.747,0.426,0,0.058,0.029,0,0,,0,,,,0,,,,,1004,1004,0,2,3,0,3,3,1,0,1,9,10,11,1,0,2,0,1,0,133472,0.278,0.668,0.005
1533,3.138,1.104,0,0.098,0.038,0,0,,0,,,,0,,,,,1004,1004,0,2,3,0,3,3,1,0,1,9,10,11,1,0,2,0,1,0,133472,0.341,1.122,0.021
1534,3.206,1.161,0,0.108,0.042,0,0,,0,,,,0,,,,,1004,1004,0,2,3,0,3,3,1,0,1,9,10,11,1,0,2,0,1,0,133472,0.417,1.078,0.027
1535,10.149,7.999,0,0.058,0.053,0,0,,0,,,,0,,,,,1004,1004,0,2,3,0,3,3,1,0,1,9,10,11,1,0,2,0,1,0,133472,0.413,1.227,0.018
1536,6.705,4.439,0.001,0.065,0.06,0,0,,0,,,,0,,,,,1004,1004,0,2,3,0,3,3,1,0,1,9,10,11,1,0,2,0,1,0,133472,0.462,1.193,0.021
1537,3.084,1.558,0.001,0.095,0.034,0,0,,0,,,,0,,,,,1004,1004,0,2,3,0,3,3,1,0,1,9,10,11,1,0,2,0,1,0,133472,0.281,0.707,0.01
1538,3.211,1.185,0,0.127,0.052,0,0,,0,,,,0,,,,,1004,1004,0,2,3,0,3,3,1,0,1,9,10,11,1,0,2,0,1,0,133472,0.461,1.071,0.014
1539,1.802,0,0,0.045,0.03,0,0,,0,,,,0,,,,,1004,1004,0,2,3,0,3,3,1,0,1,9,10,11,1,0,2,0,1,0,133472,0.425,1.01,0.009
1540,2.396,0.609,0,0.051,0.057,0,0,,0,,,,0,,,,,1004,1004,0,2,3,0,3,3,1,0,1,9,10,11,1,0,2,0,1,0,133472,0.376,1.004,0.01
1541,2.632,0.528,0,0.05,0.066,0,0,,0,,,,0,,,,,1004,1004,0,2,3,0,3,3,1,0,1,9,10,11,1,0,2,0,1,0,133472,0.332,1.309,0.015
1542,2.622,0,0,0.061,0.039,0,0,,0,,,,0,,,,,1004,1004,0,2,3,0,3,3,1,0,1,9,10,11,1,0,2,0,1,0,133472,0.512,1.593,0.014
1543,3.243,1.495,0,0.046,0.062,0,0,,0,,,,0,,,,,1004,1004,0,2,3,0,3,3,1,0,1,9,10,11,1,0,2,0,1,0,133472,0.331,0.994,0.012
1544,2.273,0.626,0,0.046,0.043,0,0,,0,,,,0,,,,,1004,1004,0,2,3,0,3,3,1,0,1,9,10,11,1,0,2,0,1,0,133472,0.333,0.958,0.01
1545,2.356,0.494,0,0.053,0.056,0,0,,0,,,,0,,,,,1004,1004,0,2,3,0,3,3,1,0,1,9,10,11,1,0,2,0,1,0,133472,0.38,1.079,0.01
1546,1.711,0.001,0,0.053,0.034,0,0,,0,,,,0,,,,,1004,1004,0,2,3,0,3,3,1,0,1,9,10,11,1,0,2,0,1,0,133472,0.371,0.977,0.009
1547,2.318,0.686,0.001,0.043,0.052,0,0,,0,,,,0,,,,,1004,1004,0,2,3,0,3,3,1,0,1,9,10,11,1,0,2,0,1,0,133472,0.311,0.949,0.011
1548,1.824,0,0,0.046,0.033,0,0,,0,,,,0,,,,,1004,1004,0,2,3,0,3,3,1,0,1,9,10,11,1,0,2,0,1,0,133472,0.352,1.117,0.011
1549,2.603,0,0,0.045,0.049,0,0,,0,,,,0,,,,,1004,1004,0,2,3,0,3,3,1,0,1,9,10,11,1,0,2,0,1,0,133472,0.486,1.668,0.018
1550,2.694,0.001,0,0.087,0.06,0,0,,0,,,,0,,,,,1004,1004,0,2,3,0,3,3,1,0,1,9,10,11,1,0,2,0,1,0,133472,0.527,1.528,0.022
1551,3.381,1.021,0.001,0.061,0.066,0,0,,0,,,,0,,,,,1004,1004,0,2,3,0,3,3,1,0,1,9,10,11,1,0,2,0,1,0,133472,0.459,1.334,0.025
1552,2.696,0.001,0.001,0.062,0.045,0,0,,0,,,,0,,,,,1004,1004,0,2,3,0,3,3,1,0,1,9,10,11,1,0,2,0,1,0,133472,0.563,1.568,0.015
1553,2.737,0.001,0.001,0.049,0.068,0,0,,0,,,,0,,,,,1004,1004,0,2,3,0,3,3,1,0,1,9,10,11,1,0,2,0,1,0,133472,0.602,1.627,0.018
1554,3.647,0.001,0.001,0.061,0.077,0,0,,0,,,,0,,,,,1004,1004,0,2,3,0,3,3,1,0,1,9,10,11,1,0,2,0,1,0,133472,0.633,2.362,0.03
1555,3.191,0.001,0.001,0.081,0.07,0,0,,0,,,,0,,,,,1004,1004,0,2,3,0,3,3,1,0,1,9,10,11,1,0,2,0,1,0,133472,0.677,1.8,0.023
1556,2.873,0.001,0,0.073,0.048,0,0,,0,,,,0,,,,,1004,1004,0,2,3,0,3,3,1,0,1,9,10,11,1,0,2,0,1,0,133472,0.609,1.629,0.017
1557,2.716,0,0.001,0.054,0.056,0,0,,0,,,,0,,,,,1004,1004,0,2,3,0,3,3,1,0,1,9,10,11,1,0,2,0,1,0,133472,0.557,1.636,0.019
1558,2.862,0,0.001,0.063,0.049,0,0,,0,,,,0,,,,,1004,1004,0,2,3,0,3,3,1,0,1,9,10,11,1,0,2,0,1,0,133472,0.634,1.651,0.018
1559,2.674,0.001,0,0.064,0.045,0,0,,0,,,,0,,,,,1004,1004,0,2,3,0,3,3,1,0,1,9,10,11,1,0,2,0,1,0,133472,0.556,1.605,0.017
1560,3.101,0,0,0.072,0.054,0,0,,1,3468.75,232996864,287285248,1,71217344,71217344,167755776,38823561584,1004,1004,0,2,3,0,3,3,1,0,1,9,10,11,1,0,2,0,1,0,133472,0.696,1.788,0.021
1561,2.901,0,0,0.079,0.081,0,0,,0,,,,0,,,,,1004,1004,0,2,3,0,3,3,1,0,1,9,10,11,1,0,2,0,1,0,133472,0.622,1.66,0.017
1562,7.904,5.45,0,0.085,0.062,0,0,,0,,,,0,,,,,1004,1004,0,2,3,0,3,3,1,0,1,9,10,11,1,0,2,0,1,0,133472,0.492,1.343,0.018
1563,3.027,0.598,0.001,0.058,0.056,0,0,,0,,,,0,,,,,1004,1004,0,2,3,0,3,3,1,0,1,9,10,11,1,0,2,0,1,0,133472,0.465,1.476,0.017
1564,16.795,14.462,0,0.063,0.089,0,0,,0,,,,0,,,,,1004,1004,0,2,3,0,3,3,1,0,1,9,10,11,1,0,2,0,1,0,133472,0.426,1.202,0.029
1565,16.671,13.543,0,0.127,0.071,0,0,,0,,,,0,,,,,1004,1004,0,2,3,0,3,3,1,0,1,9,10,11,1,0,2,0,1,0,133472,0.887,1.435,0.021
1566,13.959,11.354,0.001,0.119,0.069,0,0,,0,,,,0,,,,,1004,1004,0,2,3,0,3,3,1,0,1,9,10,11,1,0,2,0,1,0,133472,0.56,1.244,0.022
1567,2.079,0.001,0,0.043,0.036,0,0,,0,,,,0,,,,,1004,1004,0,2,3,0,3,3,1,0,1,9,10,11,1,0,2,0,1,0,133472,0.433,1.242,0.014
1568,3.867,0.711,0,0.07,0.07,0,0,,0,,,,0,,,,,1004,1004,0,2,3,0,3,3,1,0,1,9,10,11,1,0,2,0,1,0,133472,0.624,1.825,0.028
1569,3.271,0.002,0,0.088,0.063,0,0,,0,,,,0,,,,,1004,1004,0,2,3,0,3,3,1,0,1,9,10,11,1,0,2,0,1,0,133472,0.619,1.993,0.024
1570,5.314,2.542,0,0.121,0.074,0,0,,0,,,,0,,,,,1004,1004,0,2,3,0,3,3,1,0,1,9,10,11,1,0,2,0,1,0,133472,0.532,1.594,0.02
1571,2.342,0.001,0,0.069,0.044,0,0,,0,,,,0,,,,,1004,1004,0,2,3,0,3,3,1,0,1,9,10,11,1,0,2,0,1,0,133472,0.53,1.335,0.014
1572,2.573,0.31,0.001,0.069,0.068,0,0,,0,,,,0,,,,,1004,1004,0,2,3,0,3,3,1,0,1,9,10,11,1,0,2,0,1,0,133472,0.448,1.271,0.017
1573,3.449,0.601,0.001,0.077,0.087,0,0,,0,,,,0,,,,,1004,1004,0,2,3,0,3,3,1,0,1,9,10,11,1,0,2,0,1,0,133472,0.606,1.537,0.022
1574,2.723,0.002,0,0.072,0.039,0,0,,0,,,,0,,,,,1004,1004,0,2,3,0,3,3,1,0,1,9,10,11,1,0,2,0,1,0,133472,0.608,1.528,0.016
1575,8.91,6.575,0.001,0.062,0.088,0,0,,0,,,,0,,,,,1004,1004,0,2,3,0,3,3,1,0,1,9,10,11,1,0,2,0,1,0,133472,0.456,1.258,0.026
1576,2.693,0.291,0,0.06,0.05,0,0,,0,,,,0,,,,,1004,1004,0,2,3,0,3,3,1,0,1,9,10,11,1,0,2,0,1,0,133472,0.431,1.417,0.027
1577,3.558,0.754,0,0.075,0.046,0,0,,0,,,,0,,,,,1004,1004,0,2,3,0,3,3,1,0,1,9,10,11,1,0,2,0,1,0,133472,0.602,1.569,0.023
1578,4.271,1.364,0.001,0.107,0.08,0,0,,0,,,,0,,,,,1004,1004,0,2,3,0,3,3,1,0,1,9,10,11,1,0,2,0,1,0,133472,0.515,1.61,0.029
1579,2.578,0.001,0.001,0.12,0.07,0,0,,0,,,,0,,,,,1004,1004,0,2,3,0,3,3,1,0,1,9,10,11,1,0,2,0,1,0,133472,0.59,1.33,0.02
1580,7.363,3.981,0.001,0.108,0.104,0,0,,0,,,,0,,,,,1004,1004,0,2,3,0,3,3,1,0,1,9,10,11,1,0,2,0,1,0,133472,0.676,1.839,0.039
1581,17.859,14.833,0.001,0.08,0.083,0,0,,0,,,,0,,,,,1004,1004,0,2,3,0,3,3,1,0,1,9,10,11,1,0,2,0,1,0,133472,0.453,1.882,0.032
1582,13.989,11.166,0,0.073,0.11,0,0,,0,,,,0,,,,,1004,1004,0,2,3,0,3,3,1,0,1,9,10,11,1,0,2,0,1,0,133472,0.441,1.683,0.03
1583,3.278,0.001,0,0.08,0.048,0,0,,0,,,,0,,,,,1004,1004,0,2,3,0,3,3,1,0,1,9,10,11,1,0,2,0,1,0,133472,0.784,1.868,0.021
1584,2.553,0,0.001,0.06,0.041,0,0,,0,,,,0,,,,,1004,1004,0,2,3,0,3,3,1,0,1,9,10,11,1,0,2,0,1,0,133472,0.62,1.428,0.016
1585,2.223,0,0,0.059,0.034,0,0,,0,,,,0,,,,,1004,1004,0,2,3,0,3,3,1,0,1,9,10,11,1,0,2,0,1,0,133472,0.497,1.3,0.014
1586,1.939,0,0,0.05,0.033,0,0,,0,,,,0,,,,,1004,1004,0,2,3,0,3,3,1,0,1,9,10,11,1,0,2,0,1,0,133472,0.469,1.064,0.012
1587,2.604,0.788,0,0.054,0.046,0,0,,0,,,,0,,,,,1004,1004,0,2,3,0,3,3,1,0,1,9,10,11,1,0,2,0,1,0,133472,0.366,1.004,0.015
1588,2.688,1.056,0.001,0.055,0.042,0,0,,0,,,,0,,,,,1004,1004,0,2,3,0,3,3,1,0,1,9,10,11,1,0,2,0,1,0,133472,0.335,0.903,0.01
1589,3.677,1.004,0,0.068,0.054,0,0,,0,,,,0,,,,,1004,1004,0,2,3,0,3,3,1,0,1,9,10,11,1,0,2,0,1,0,133472,0.542,1.53,0.018
1590,2.486,0.001,0,0.078,0.041,0,0,,1,3562.5,232996864,287285248,1,71217344,71217344,167755776,38823561584,1004,1004,0,2,3,0,3,3,1,0,1,9,10,11,1,0,2,0,1,0,133472,0.497,1.485,0.015
1591,3.222,1.223,0.001,0.057,0.05,0,0,,0,,,,0,,,,,1004,1004,0,2,3,0,3,3,1,0,1,9,10,11,1,0,2,0,1,0,133472,0.401,1.14,0.015
1592,2.209,0.011,0,0.051,0.034,0,0,,0,,,,0,,,,,1004,1004,0,2,3,0,3,3,1,0,1,9,10,11,1,0,2,0,1,0,133472,0.488,1.297,0.012
1593,3.086,0.267,0,0.085,0.05,0,0,,0,,,,0,,,,,1004,1004,0,2,3,0,3,3,1,0,1,9,10,11,1,0,2,0,1,0,133472,0.627,1.566,0.025
1594,2.059,0.001,0.001,0.134,0.032,0,0,,0,,,,0,,,,,1004,1004,0,2,3,0,3,3,1,0,1,9,10,11,1,0,2,0,1,0,133472,0.423,1.151,0.012
1595,2.592,0,0,0.041,0.045,0,0,,0,,,,0,,,,,1004,1004,0,2,3,0,3,3,1,0,1,9,10,11,1,0,2,0,1,0,133472,0.58,1.554,0.014
1596,2.146,0,0,0.073,0.092,0,0,,0,,,,0,,,,,1004,1004,0,2,3,0,3,3,1,0,1,9,10,11,1,0,2,0,1,0,133472,0.564,0.96,0.019
1597,2.459,0.253,0.001,0.095,0.059,0,0,,0,,,,0,,,,,1004,1004,0,2,3,0,3,3,1,0,1,9,10,11,1,0,2,0,1,0,133472,0.453,1.188,0.015
1598,1.985,0,0,0.038,0.028,0,0,,0,,,,0,,,,,1004,1004,0,2,3,0,3,3,1,0,1,9,10,11,1,0,2,0,1,0,133472,0.438,1.168,0.018
1599,1.755,0,0.001,0.042,0.027,0,0,,0,,,,0,,,,,1004,1004,0,2,3,0,3,3,1,0,1,9,10,11,1,0,2,0,1,0,133472,0.371,1.055,0.01
1600,1.579,0.001,0,0.037,0.025,0,0,,0,,,,0,,,,,1004,1004,0,2,3,0,3,3,1,0,1,9,10,11,1,0,2,0,1,0,133472,0.342,0.926,0.008
1601,2.493,0.892,0,0.033,0.041,0,0,,0,,,,0,,,,,1004,1004,0,2,3,0,3,3,1,0,1,9,10,11,1,0,2,0,1,0,133472,0.313,0.96,0.009
1602,1.73,0.001,0,0.031,0.026,0,0,,0,,,,0,,,,,1004,1004,0,2,3,0,3,3,1,0,1,9,10,11,1,0,2,0,1,0,133472,0.37,1.03,0.009
1603,2.275,0.001,0,0.061,0.036,0,0,,0,,,,0,,,,,1004,1004,0,2,3,0,3,3,1,0,1,9,10,11,1,0,2,0,1,0,133472,0.49,1.315,0.014
1604,2.454,0,0,0.054,0.073,0,0,,0,,,,0,,,,,1004,1004,0,2,3,0,3,3,1,0,1,9,10,11,1,0,2,0,1,0,133472,0.398,1.429,0.023
1605,3.31,0,0.001,0.122,0.048,0,0,,0,,,,0,,,,,1004,1004,0,2,3,0,3,3,1,0,1,9,10,11,1,0,2,0,1,0,133472,0.733,1.899,0.012
1606,1.636,0.001,0,0.043,0.03,0,0,,0,,,,0,,,,,1004,1004,0,2,3,0,3,3,1,0,1,9,10,11,1,0,2,0,1,0,133472,0.349,0.947,0.01
1607,3.681,0.945,0,0.046,0.064,0,0,,0,,,,0,,,,,1004,1004,0,2,3,0,3,3,1,0,1,9,10,11,1,0,2,0,1,0,133472,0.39,1.807,0.051
1608,2.273,0.001,0,0.078,0.026,0,0,,0,,,,0,,,,,1004,1004,0,2,3,0,3,3,1,0,1,9,10,11,1,0,2,0,1,0,133472,0.567,1.258,0.007
1609,1.388,0.001,0,0.035,0.065,0,0,,0,,,,0,,,,,1004,1004,0,2,3,0,3,3,1,0,1,9,10,11,1,0,2,0,1,0,133472,0.261,0.753,0.016
1610,3.84,0.731,0.001,0.084,0.049,0,0,,0,,,,0,,,,,1004,1004,0,2,3,0,3,3,1,0,1,9,10,11,1,0,2,0,1,0,133472,0.352,1.812,0.021
1611,1.225,0.001,0,0.046,0.022,0,0,,0,,,,0,,,,,1004,1004,0,2,3,0,3,3,1,0,1,9,10,11,1,0,2,0,1,0,133472,0.266,0.689,0.006
1612,2.869,1.589,0.001,0.043,0.037,0,0,,0,,,,0,,,,,1004,1004,0,2,3,0,3,3,1,0,1,9,10,11,1,0,2,0,1,0,133472,0.287,0.684,0.007
1613,2.621,1.176,0,0.099,0.026,0,0,,0,,,,0,,,,,1004,1004,0,2,3,0,3,3,1,0,1,9,10,11,1,0,2,0,1,0,133472,0.322,0.728,0.006
1614,2.171,0.953,0.001,0.085,0.024,0,0,,0,,,,0,,,,,1004,1004,0,2,3,0,3,3,1,0,1,9,10,11,1,0,2,0,1,0,133472,0.306,0.564,0.005
1615,2.38,1.096,0,0.114,0.03,0,0,,0,,,,0,,,,,1004,1004,0,2,3,0,3,3,1,0,1,9,10,11,1,0,2,0,1,0,133472,0.267,0.624,0.006
1616,3.877,1.337,0,0.091,0.051,0,0,,0,,,,0,,,,,1004,1004,0,2,3,0,3,3,1,0,1,9,10,11,1,0,2,0,1,0,133472,0.479,1.439,0.019
1617,4.139,2.52,0,0.077,0.033,0,0,,0,,,,0,,,,,1004,1004,0,2,3,0,3,3,1,0,1,9,10,11,1,0,2,0,1,0,133472,0.288,0.848,0.01
1618,1.904,0.602,0,0.066,0.026,0,0,,0,,,,0,,,,,1004,1004,0,2,3,0,3,3,1,0,1,9,10,11,1,0,2,0,1,0,133472,0.291,0.652,0.005
1619,2.461,0.928,0,0.145,0.035,0,0,,0,,,,0,,,,,1004,1004,0,2,3,0,3,3,1,0,1,9,10,11,1,0,2,0,1,0,133472,0.325,0.713,0.018
1620,5.391,1.163,0,0.16,0.074,0,0,,1,3625,232996864,287285248,1,71217344,71217344,167755776,38823561584,1004,1004,0,2,3,0,3,3,1,0,1,9,10,11,1,0,2,0,1,0,133472,0.941,2.351,0.02
1621,3.482,0.001,0,0.061,0.067,0,0,,0,,,,0,,,,,1004,1004,0,2,3,0,3,3,1,0,1,9,10,11,1,0,2,0,1,0,133472,0.701,2.04,0.023

summary_metric,count,median,p95,p99
wall_ms,1622,2.445,6.97685,15.24775
frame_wait_ms,1622,0.4195,5.08545,12.75163
scene_advance_ms,1622,0,0.001,0.001
view_build_ms,1622,0.063,0.129,0.17195
render_submit_ms,1622,0.038,0.07895,0.12379
gpu_ms,1622,1.81966141391,5.16390091559,12.0704684553

gpu_sample_serial,gpu_ms
616,7.01307274545
617,2.18291661337
618,2.17432286358
619,2.13479161455
620,2.24401036188
621,2.30666661035
622,2.66791660153
623,2.48697910595
624,2.27119786122
625,2.14526036429
626,2.15276036411
627,2.11859369828
628,7.03114566167
629,2.15026036417
630,2.17166661365
631,2.13312494792
632,2.19473952975
633,2.19687494637
634,2.17713536351
635,2.17619786354
636,2.35208327591
637,2.36093744236
638,2.38291660849
639,2.34958327597
640,5.43916653387
641,7.563853982
642,2.36177077567
643,2.1382811978
644,2.16062494725
645,2.04468745008
646,2.04890619998
647,1.89869787031
648,1.93687495271
649,1.99656245126
650,1.94276036924
651,1.9293749529
652,10.5810934917
653,3.0023436767
654,2.19697911303
655,1.90380203685
656,1.87859370414
657,3.9554165701
658,8.29932271405
659,1.90776037009
660,1.88223953738
661,2.0317187004
662,1.99343745133
663,1.93166661951
664,1.86442703782
665,1.85776037131
666,1.86562495445
667,1.85979162126
668,7.85828105815
669,5.78921860866
670,1.81374995572
671,2.58557285354
672,1.87619787086
673,1.88541662064
674,1.93651036939
675,1.93687495271
676,1.95838536885
677,1.98401036823
678,2.74020826643
679,4.06046865087
680,1.94281245257
681,2.59124993674
682,1.84083328839
683,1.87078120433
684,1.90447912017
685,1.95036453572
686,1.97494786845
687,1.96984370191
688,2.04802078333
689,2.06067703302
690,2.02088536733
691,5.89776027268
692,7.49765606695
693,7.53614564935
694,10.5403122427
695,2.2761978611
696,1.93906245266
697,2.08213536583
698,2.05468744984
699,2.07635411597
700,8.0979685523
701,2.89786451258
702,2.02854161714
703,2.76437493251
704,1.9210937031
705,1.95890620218
706,1.85161453813
707,9.1286976938
708,7.20333315747
709,7.2678644059
710,9.78072892788
711,1.97447911846
712,1.94328120256
713,1.93968745264
714,1.9673957853
715,1.938958286
716,2.02302078394
717,7.4834373173
718,5.08546862584
719,2.04864578332
720,2.08489578243
721,2.8577603469
722,2.09338536556
723,2.14718744758
724,4.29229156187
725,7.51437481654
726,10.8233851524
727,3.42984366626
728,2.76572909914
729,2.09005203231
730,2.09916661542
731,2.16229161388
732,2.18890619656
733,2.17291661362
734,2.15473953073
735,2.24677077848
736,2.25343744498
737,6.88031233202
738,3.07151034168
739,2.19916661298
740,2.16244786387
741,2.18374994669
742,2.67921868459
743,10.7973434864
744,7.11380190966
745,2.18338536336
746,2.13057286465
747,2.06890619949
748,2.72234368354
749,1.91416661993
750,1.96010411881
751,2.27541661111
752,6.72536441914
753,1.87296870427
754,1.85312495476
755,1.91953120314
756,1.90447912017
757,1.91874995316
758,1.94494786918
759,1.94854161909
760,1.95843745219
761,2.02630203386
762,2.01359370084
763,4.93473946286
764,2.15822911398
765,2.09260411558
766,2.10427078196
767,2.07604161598
768,2.02687495052
769,2.00885411762
770,1.92848953625
771,5.12619779152
772,4.40630197576
773,1.86390620449
774,1.78911453965
775,1.8185937056
776,1.83145828862
777,1.79729162279
778,1.77109370676
779,1.75682287378
780,1.75692704044
781,1.72572912453
782,1.00130205889
783,0.917187477608
784,0.958124976608
785,0.925208310745
786,0.92760414402
787,0.92052081086
788,0.947083310211
789,0.9311458106
790,0.929531227306
791,0.924374977432
792,0.92406247744
793,0.92937497731
794,0.946666643555
795,1.39552079926
796,1.17385413801
797,0.95083331012
798,0.944114560284
799,0.926718727375
800,2.1421874477
801,2.18140619674
802,2.24562494518
803,2.22843744559
804,2.25999994482
805,2.21083327936
806,0.920937477516
807,0.919947894207
808,0.922968727467
809,0.953333310059
810,0.939114560406
811,0.927968727345
812,0.938854143745
813,0.928489560665
814,0.947864560192
815,0.926041644058
816,0.929270810646
817,0.926406227383
818,0.953749976715
819,0.957552059956
820,0.939947893719
821,0.929062477318
822,0.927135394032
823,0.923958310776
824,1.2588020526
825,1.25036455281
826,1.26494788578
827,1.28182288537
828,1.2753645522
829,1.2766666355
830,1.81953120558
831,1.27828121879
832,1.27890621878
833,1.27041663565
834,2.32067702668
835,2.25343744498
836,0.92052081086
837,0.955156226681
838,0.948124976852
839,0.929895810631
840,0.921562477501
841,0.931197893932
842,0.936614560467
843,0.93291664389
844,0.926197894054
845,0.926406227383
846,0.924218727436
847,1.30755205141
848,1.296979135
849,1.30744788475
850,1.85869787129
851,1.30223955154
852,1.30807288473
853,1.30770830141
854,1.30770830141
855,1.28588538527
856,1.29541663504
857,1.30421871816
858,1.30843746806
859,1.86078120457
860,1.28213538536
861,1.26848955236
862,1.28036455207
863,1.269843719
864,1.27453121888
865,1.26864580236
866,1.26807288571
867,1.28109371872
868,1.84973953817
869,1.74817704065
870,3.04979159221
871,2.76255201589
872,1.24416663629
873,1.24380205297
874,1.26442705246
875,1.81104162245
876,1.25526038602
877,1.24765621954
878,1.2576562193
879,1.26187496919
880,1.29854163496
881,2.54906243777
882,2.40260410801
883,2.22651036231
884,2.20697911279
885,2.40354160799
886,2.40281244134
887,0.962343726505
888,0.922916644135
889,0.924114560772
890,0.930781227276
891,0.935729143822
892,0.924166644104
893,0.920052060871
894,2.12484369812
895,1.27546871886
896,1.26833330237
897,1.26989580233
898,1.26656246908
899,1.26630205242
900,1.25786455262
901,1.25395830272
902,1.24249996967
903,1.24687496956
904,1.26739580239
905,1.25395830272
906,1.25135413612
907,1.25593746934
908,2.80807284811
909,2.27697911108
910,0.934062477196
911,0.91421872768
912,0.918177060917
913,0.92609372739
914,0.928281227337
915,0.919843727543
916,0.921979144157
917,0.921354144173
918,2.8998436792
919,2.75536451606
920,2.62776035251
921,2.45562494005
922,2.33505202633
923,2.21473952926
924,2.1353645312
925,2.03807286691
926,1.98812495146
927,1.92260411973
928,1.9345832861
929,1.99463536797
930,1.88312495403
931,1.86317703785
932,1.91708328653
933,1.86343745451
934,1.82124995554
935,1.86317703785
936,1.82255203884
937,1.1798437212
938,1.18296872112
939,1.77171870675
940,1.17552080463
941,1.75520829048
942,1.9578124522
943,1.99135411805
944,1.95473953561
945,2.12541661478
946,2.09624994882
947,2.05421869985
948,2.0399999502
949,1.97505203511
950,4.98812487822
951,1.9277603696
952,1.94760411912
953,2.00854161763
954,1.99239578469
955,1.99749995123
956,2.09213536559
957,2.07020828279
958,2.10374994864
959,1.19536455415
960,1.22307288681
961,1.21473955368
962,1.20348955395
963,1.21760413694
964,1.21604163698
965,1.22317705347
966,5.80442694162
967,3.45843741557
968,1.2368749698
969,1.22765622003
970,1.79218745625
971,1.18770830434
972,1.17218747138
973,1.19109372092
974,1.14885413862
975,1.14109372214
976,1.1551562218
977,1.16828122148
978,1.18677080436
979,1.17937497121
980,1.18057288784
981,1.18166663782
982,1.19177080424
983,1.187656221
984,1.18463538774
985,1.18369788777
986,1.18838538765
987,1.20734372052
988,1.20249997064
989,1.19213538756
990,1.36947913323
991,2.2625520281
992,2.15895828062
993,2.0697395328
994,1.62447912701
995,1.19484372083
996,1.18947913763
997,1.17942705454
998,1.20166663733
999,1.18208330447
1000,1.20020830403
1001,1.18843747099
1002,1.18453122108
1003,1.1837499711
1004,1.19098955426
1005,1.21041663712
1006,1.19369788752
1007,1.20187497066
1008,1.19692705411
1009,1.19911455406
1010,1.19994788737
1011,1.20906247048
1012,1.72078120799
1013,2.15421869741
1014,2.18567702997
1015,2.20817702942
1016,2.06505203292
1017,0.931874977249
1018,0.923020810799
1019,0.914322894344
1020,0.914062477684
1021,2.75994784929
1022,2.48109368943
1023,1.99390620132
1024,0.925416644073
1025,0.935781227154
1026,0.927552060688
1027,0.925364560741
1028,0.926562477379
1029,5.4544790335
1030,2.26322911141
1031,2.26703119465
1032,2.21307286264
1033,2.27229161119
1034,2.30296869378
1035,2.39390619156
1036,2.39703119148
1037,2.39927077476
1038,2.36864577551
1039,2.38859369168
1040,2.31609369345
1041,2.31895827672
1042,2.33307285971
1043,2.35427077586
1044,2.45942702329
1045,2.62510410258
1046,2.49677077238
1047,2.47005202303
1048,2.49536452241
1049,2.63598951898
1050,2.56755202065
1051,2.59229160338
1052,2.58041660367
1053,2.60703118635
1054,2.62640618588
1055,2.75385409943
1056,2.63265618573
1057,2.56718743732
1058,3.91552073774
1059,5.16588529055
1060,1.22229163683
1061,1.76947912347
1062,1.2069791372
1063,1.19916663739
1064,2.14463536431
1065,2.25130202837
1066,2.40083327472
1067,2.36958327548
1068,2.24515619519
1069,2.2021353629
1070,2.15078119749
1071,2.17302078028
1072,2.05328119987
1073,2.01010411759
1074,1.96526036869
1075,1.89723953701
1076,1.89979162029
1077,1.85177078812
1078,1.92130203643
1079,1.91895828648
1080,1.91432286993
1081,1.98593745152
1082,1.96708328531
1083,1.96354161873
1084,2.02526036722
1085,2.02593745054
1086,2.04463536675
1087,1.92651036963
1088,1.90895828673
1089,1.88895828722
1090,1.84776037156
1091,1.85609370469
1092,1.84406245498
1093,1.8075520392
1094,1.75479162383
1095,1.76640620687
1096,1.76583329022
1097,1.73447912432
1098,1.7381770409
1099,1.75802079041
1100,1.70286454176
1101,1.72312495793
1102,1.69234370868
1103,4.51203113984
1104,8.45645812688
1105,6.98177066288
1106,5.05760404319
1107,1.87109370432
1108,1.78260412315
1109,1.7955207895
1110,1.77052079011
1111,1.75151037391
1112,1.73156245773
1113,1.72947912444
1114,1.74307287411
1115,1.71447912481
1116,1.73328120768
1117,1.74682287402
1118,1.74239579079
1119,1.7682291235
1120,1.76083329034
1121,1.82942703867
1122,1.81567703901
1123,1.86416662115
1124,1.85437495473
1125,1.90369787019
1126,1.18151038782
1127,1.17453122132
1128,1.1934895542
1129,1.19322913754
1130,1.19265622088
1131,1.18854163765
1132,1.18406247109
1133,1.19354163753
1134,1.1934895542
1135,1.35911455015
1136,1.78817703968
1137,1.32734371759
1138,1.20223955398
1139,1.19812497075
1140,1.65057287637
1141,1.19927080405
1142,1.19786455409
1143,1.19578122081
1144,1.19052080427
1145,1.95880203551
1146,2.06317703296
1147,2.06010411637
1148,2.1680207804
1149,2.25651036158
1150,2.09088536562
1151,2.1079166152
1152,2.02114578399
1153,5.69182277771
1154,4.34526031058
1155,2.04661453337
1156,2.10760411521
1157,3.8652603223
1158,7.60031231445
1159,10.7855726533
1160,2.01130203423
1161,2.03145828374
1162,7.48567690058
1163,1.17682288794
1164,1.17458330466
1165,1.14786455531
1166,1.13572913894
1167,1.14468747205
1168,1.1494791386
1169,1.1428124721
1170,1.14166663879
1171,1.12015622265
1172,1.14213538878
1173,1.13401038898
1174,1.11369788948
1175,1.10781247295
1176,1.45463538115
1177,1.72526037455
1178,1.71598954144
1179,1.68963537542
1180,1.67067704255
1181,1.77177079008
1182,1.79729162279
1183,1.84833328821
1184,1.82869787202
1185,1.83343745524
1186,1.84687495491
1187,1.82104162221
1188,1.82130203887
1189,1.74276037412
1190,1.75958329037
1191,1.76161454033
1192,1.78072912319
1193,1.6999999585
1194,1.720468708
1195,1.70880204161
1196,1.69671870858
1197,1.733958291
1198,1.7105728749
1199,1.66395829271
1200,1.66401037604
1201,1.68020829231
1202,1.67588537575
1203,1.66317704273
1204,1.65406245962
1205,1.65645829289
1206,1.66093745945
1207,1.65838537618
1208,6.94286441383
1209,6.376041511
1210,7.08781232696
1211,1.77140620675
1212,1.73708329092
1213,1.71385412482
1214,1.72541662454
1215,2.30666661035
1216,1.69520829195
1217,1.68999995874
1218,1.75614579046
1219,1.73567704096
1220,1.75614579046
1221,1.77208329007
1222,1.79458328952
1223,1.82442703879
1224,1.73744787425
1225,1.7272916245
1226,1.7774999566
1227,1.79473953952
1228,1.83072912197
1229,1.84557287161
1230,1.87906245412
1231,1.88979162053
1232,1.87859370414
1233,1.92151036975
1234,1.95921870217
1235,1.93796870269
1236,4.86098946466
1237,1.17062497142
1238,1.15640622177
1239,1.68661454216
1240,1.12442705588
1241,1.88166662073
1242,1.3954166326
1243,1.17135413807
1244,1.16494788823
1245,1.17463538799
1246,1.19541663748
1247,1.19015622094
1248,1.18052080451
1249,7.46901023432
1250,2.84359368058
1251,1.99958328452
1252,1.9511457857
1253,1.90369787019
1254,1.90229162022
1255,1.83859370511
1256,1.18145830449
1257,0.944479143608
1258,0.926822894039
1259,0.922187477486
1260,0.918906227566
1261,0.917135394276
1262,0.922968727467
1263,0.916302060963
1264,0.924218727436
1265,0.929010393986
1266,0.988906225857
1267,1.18942705429
1268,1.19177080424
1269,1.20239580398
1270,1.20479163725
1271,1.20619788722
1272,1.18885413764
1273,2.01854161739
1274,2.11812494829
1275,2.23296869548
1276,2.20052077961
1277,3.46489574874
1278,3.82520823994
1279,2.42182285754
1280,2.39239577493
1281,2.12135411488
1282,2.10718744855
1283,2.00640620102
1284,1.9399478693
1285,1.99255203469
1286,1.96432286871
1287,2.01223953421
1288,2.00791661765
1289,2.04307286679
1290,9.91697892455
1291,2.07562494933
1292,0.889114561626
1293,0.882708311783
1294,0.891874978226
1295,0.862864562267
1296,0.882083311798
1297,0.858697895702
1298,0.869583312103
1299,0.869583312103
1300,1.24708330289
1301,2.01588536745
1302,2.04270828346
1303,2.00098953448
1304,1.91307286996
1305,1.91213536998
1306,1.21973955355
1307,1.187656221
1308,1.17619788795
1309,1.1767708046
1310,1.67796870903
1311,1.89338537044
1312,1.9154166199
1313,1.85057287149
1314,1.17901038788
1315,1.18338538778
1316,1.18947913763
1317,1.81145828911
1318,1.95848953552
1319,1.94489578585
1320,1.19098955426
1321,1.18921872097
1322,1.18921872097
1323,1.17796872124
1324,1.18046872118
1325,1.4785937139
1326,1.9263020363
1327,2.00609370102
1328,2.79416659845
1329,1.31880205114
1330,1.19541663748
1331,1.18916663763
1332,1.21947913689
1333,1.20942705381
1334,1.23901038642
1335,1.95494786894
1336,7.47765606744
1337,6.44260400938
1338,2.02437495058
1339,2.82869784761
1340,2.15203119746
1341,2.15286453077
1342,2.1079166152
1343,2.24348952856
1344,2.27046869457
1345,5.61151027967
1346,10.1249997528
1347,2.08322911581
1348,2.157291614
1349,2.17161453032
1350,2.12057286489
1351,2.21281244598
1352,2.25338536165
1353,2.20953119606
1354,2.29645827727
1355,5.27812487114
1356,7.52442689963
1357,6.63255192141
1358,2.25338536165
1359,2.14958328085
1360,2.05968744971
1361,1.99463536797
1362,14.6947392246
1363,7.40666648584
1364,7.45885398457
1365,7.45291648471
1366,12.1448434535
1367,11.7906767955
1368,9.3403643553
1369,3.05437492543
1370,1.95395828563
1371,1.94005203597
1372,1.99031245141
1373,2.00937495094
1374,2.01041661758
1375,2.13604161452
1376,2.12677078141
1377,56.4563527883
1378,1.97604161842
1379,2.01479161748
1380,2.76005201595
1381,20.7453119935
1382,1.92583328632
1383,12.6041142756
1384,1.84062495506
1385,1.76166662366
1386,1.77161454008
1387,17.2588537453
1388,1.93171870284
1389,1.84593745493
1390,3.93374990396
1391,1.84291662167
1392,1.8499478715
1393,1.89578120372
1394,3.21213533825
1395,2.02651036719
1396,1.9046874535
1397,3.79682282397
1398,1.86984370435
1399,2.55036452107
1400,1.82489578878
1401,1.76843745683
1402,1.76979162346
1403,4.32640614437
1404,1.71385412482
1405,2.32442702658
1406,1.68776037546
1407,1.66343745939
1408,5.47526028299
1409,7.4231769021
1410,10.0922393369
1411,1.63864579333
1412,1.63635412672
1413,1.75885412373
1414,2.38890619168
1415,1.83567703852
1416,2.88593742954
1417,1.69526037528
1418,1.68421870888
1419,1.69942704184
1420,3.40218741694
1421,1.7433853741
1422,3.09723950772
1423,1.7969791228
1424,1.82447912212
1425,4.12296864934
1426,4.64192697001
1427,4.55557280545
1428,26.6668222656
1429,13.1344267627
1430,1.8747916209
1431,1.83463537188
1432,2.33083327643
1433,1.77609370664
1434,1.77786453993
1435,1.77968745655
1436,2.64760410203
1437,2.7292707667
1438,1.87328120427
1439,1.86989578768
1440,2.02994786711
1441,1.94171870259
1442,1.91916661981
1443,2.62520826924
1444,1.91661453654
1445,1.92249995306
1446,1.91369786995
1447,1.93979161931
1448,1.97906245168
1449,3.33838533516
1450,2.01156245089
1451,1.89598953704
1452,1.92546870299
1453,1.93718745271
1454,1.97671870174
1455,1.96249995209
1456,1.68942704209
1457,1.17229163805
1458,1.18953122096
1459,1.19937497072
1460,1.19854163741
1461,1.19328122087
1462,1.32874996756
1463,2.17166661365
1464,2.12614578143
1465,1.93088536953
1466,1.96848953527
1467,1.95119786903
1468,12.8602080194
1469,1.92229161974
1470,1.938645786
1471,3.58072907925
1472,1.83265620526
1473,1.788541623
1474,1.83161453862
1475,1.5958853777
1476,1.17343747135
1477,1.18317705445
1478,1.18843747099
1479,1.19140622091
1480,1.18171872115
1481,1.938645786
1482,1.92010411979
1483,1.90828120341
1484,1.86484370447
1485,3.235937421
1486,1.79557287283
1487,1.81885412226
1488,3.86374990567
1489,12.4051559471
1490,9.8114580938
1491,1.17494788798
1492,1.17682288794
1493,1.17453122132
1494,1.20302080396
1495,1.21307288705
1496,2.38708327505
1497,1.19635413746
1498,1.19468747083
1499,1.19401038752
1500,0.995572892361
1501,3.27114575347
1502,2.00062495116
1503,1.99151036805
1504,1.86453120448
1505,1.48661454704
1506,1.18854163765
1507,1.19114580425
1508,1.18619788771
1509,1.18921872097
1510,1.18338538778
1511,1.18192705448
1512,2.09499994885
1513,2.13010411466
1514,2.12036453157
1515,3.5241144973
1516,1.98885411811
1517,1.91921870314
1518,1.91791661984
1519,1.86322912118
1520,1.88968745387
1521,2.95739576113
1522,1.76760412351
1523,1.79333328955
1524,1.72020829134
1525,4.90359363028
1526,0.933437477211
1527,0.920364560863
1528,0.92078122752
1529,1.12255205593
1530,1.12286455592
1531,1.13776038889
1532,1.64484370984
1533,1.68921870876
1534,3.18635408887
1535,1.67010412589
1536,1.43010413175
1537,1.17713538793
1538,1.16385413825
1539,1.17083330475
1540,1.17317705469
1541,1.1811458045
1542,1.17718747126
1543,1.71208329153
1544,1.83864578844
1545,1.97093745188
1546,1.87249995428
1547,1.86010412125
1548,1.46083329767
1549,1.78307287313
1550,1.67302079249
1551,1.16906247146
1552,1.18104163783
1553,1.17937497121
1554,1.16885413813
1555,1.17036455476
1556,1.18432288775
1557,1.17322913802
1558,1.18104163783
1559,1.18916663763
1560,1.68453120887
1561,1.17932288787
1562,1.18755205434
1563,1.924999953
1564,1.187968721
1565,1.18656247103
1566,1.18843747099
1567,1.18760413767
1568,1.18338538778
1569,1.19786455409
1570,1.74869787397
1571,1.19458330417
1572,1.19791663742
1573,0.925885394062
1574,1.21885413691
1575,0.945729143578
1576,0.948229143517
1577,1.10734372297
1578,2.0015103678
1579,2.31885411005
1580,1.40442704905
1581,1.20036455403
1582,1.22265622015
1583,1.17749997125
1584,1.15749997174
1585,1.16427080491
1586,1.17473955465
1587,1.18203122114
1588,1.19499997083
1589,1.18057288784
1590,1.1809895545
1591,2.14609369761
1592,2.06036453303
1593,2.01307286752
1594,1.99687495125
1595,2.57682285376
1596,1.93265620282
1597,1.81328120573
1598,1.79437495619
1599,1.45656246444
1600,1.11640622274
1601,1.13395830565
1602,1.70687495833
1603,1.16682288818
1604,1.16406247158
1605,1.17307288803
1606,1.18020830452
1607,1.18234372113
1608,1.18322913778
1609,1.18249997113
1610,1.90947912005
1611,1.85385412141
1612,1.87078120433
1613,1.2300520533
1614,0.877031228588
1615,0.859947895672
1616,0.865104145546
1617,0.897083311432
1618,1.31958330112
1619,0.860208312332
1620,0.862135395618
1621,0.864270812233
1622,0.863020812263
1623,0.865520812202
1624,0.876510395267
1625,0.887604144997
1626,0.877031228588
1627,1.979583285
1628,1.97104161855
1629,1.96520828535
1630,2.06359369962
1631,2.08182286584
1632,3.26895825352
1633,1.94031245263
1634,1.92213536974
1635,1.98489578487
1636,1.9128124533
1637,1.89442703708
1638,1.90385412019
1639,2.43062494066
1640,1.81791662228
1641,1.81807287228
1642,1.16572913821
1643,1.18416663776
1644,1.17463538799
1645,1.17703122126
1646,1.17234372138
1647,1.18692705436
1648,1.18182288781
1649,1.93333328613
1650,2.00265620111
1651,2.02505203389
1652,2.00114578448
1653,2.02677078385
1654,2.04411453343
1655,2.74151034974
1656,2.17557286355
1657,2.18427078001
1658,2.19406244643
1659,2.19666661304
1660,2.50354160555
1661,1.73624995761
1662,1.21609372031
1663,1.23203121992
1664,1.23729163646
1665,1.22984371997
1666,1.23218746992
1667,1.23458330319
1668,1.22406247012
1669,1.22229163683
1670,1.71531245812
1671,1.21859372025
1672,1.2272916367
1673,1.22427080344
1674,1.22677080338
1675,1.23588538649
1676,1.24484371961
1677,1.23994788639
1678,1.23682288647
1679,1.23661455314
1680,1.26083330255
1681,1.25005205281
1682,1.23416663654
1683,2.40557285794
1684,2.46895827306
1685,3.1089061741
1686,2.78161451542
1687,2.15781244732
1688,1.01062497533
1689,0.916406227627
1690,0.933593727207
1691,0.914010394352
1692,0.916458310959
1693,1.21713538695
1694,1.22833330334
1695,1.71286454152
1696,1.22364580346
1697,1.21109372043
1698,1.22166663684
1699,1.22786455336
1700,1.2206249702
1701,1.22052080354
1702,1.21994788688
1703,1.23286455323
1704,1.83687495515
1705,1.24682288623
1706,1.2370312198
1707,1.29572913503
1708,1.25781246929
1709,2.50057285562
1710,3.35229158482
1711,2.28166661096
1712,2.17177078031
1713,1.25729163597
1714,0.924739560757
1715,0.922135394154
1716,0.921458310837
1717,0.911093727757
1718,1.11671872274
1719,1.08411455687
1720,0.923124977463
1721,0.922031227489
1722,0.929270810646
1723,2.34901035932
1724,2.30468744373
1725,2.12343744816
1726,1.83015620532
1727,0.860052062336
1728,0.856041645767
1729,2.00302078443
1730,1.96223953543
1731,1.18093747117
1732,2.15604161403
1733,1.17046872142
1734,2.05973953305
1735,2.03526036698
1736,1.95015620239
1737,1.86015620459
1738,2.69083326764
1739,1.80213537267
1740,1.17411455467
1741,1.16973955478
1742,1.19677080412
1743,1.17479163799
1744,1.17317705469
1745,1.17755205458
1746,2.21942702915
1747,1.17276038803
1748,1.16567705487
1749,1.16973955478
1750,1.18755205434
1751,1.17656247128
1752,1.16015622168
1753,1.14791663864
1754,1.14760413865
1755,1.59776037766
1756,1.15098955523
1757,1.1236458059
1758,1.95718745222
1759,1.97317703516
1760,1.85770828798
1761,2.02567703388
1762,1.77697912328
1763,1.83984370508
1764,1.91291661996
1765,2.38453119178
1766,12.7876038545
1767,2.71192701712
1768,1.8855207873
1769,1.95453120228
1770,1.97135411854
1771,1.85515620471
1772,1.87114578765
1773,3.23624992099
1774,1.87052078767
1775,1.90515620349
1776,1.965937452
1777,1.98088536831
1778,1.93614578606
1779,2.09776036545
1780,2.04958328329
1781,2.05999994971
1782,2.03130203374
1783,8.71161437065
1784,0.860937478981
1785,0.872916645355
1786,0.858333312378
1787,1.9675520353
1788,1.9402603693
1789,1.91010412003
1790,1.82093745554
1791,1.80442703928
1792,1.74880204064
1793,1.72390620791
1794,1.74979162395
1795,1.11416663947
1796,1.11916663934
1797,1.99786453456
1798,1.10328122306
1799,1.0989583065
1800,1.6480207931
1801,1.6821353756
1802,1.67947912566
1803,1.65765620953
1804,2.56380202074
1805,1.77427079002
1806,1.80411453929
1807,1.79656245614
1808,1.81953120558
1809,1.83416662189
1810,1.84942703818
1811,1.92911453624
1812,1.89515620373
1813,1.95921870217
1814,1.96567703534
1815,1.93234370282
1816,2.05041661661
1817,2.66166660168
1818,1.99588536794
1819,2.01135411756
1820,2.01520828413
1821,1.91973953646
1822,1.91442703659
1823,2.73083326666
1824,1.86749995441
1825,1.10395830638
1826,1.09671872322
1827,1.8676562044
1828,1.85255203811
1829,1.79031245629
1830,1.18161455449
1831,1.1782291379
1832,1.17473955465
1833,1.17874997122
1834,1.17843747123
1835,1.17135413807
1836,1.18333330444
1837,1.18906247097
1838,1.42234371527
1839,2.06666661621
1840,2.02453120057
1841,2.01796870073
1842,1.99911453453
1843,1.21692705362
1844,1.79874995609
1845,1.66369787605
1846,1.15338538851
1847,1.17333330469
1848,1.15817705506
1849,1.14302080543
1850,1.99963536785
1851,1.96166661877
1852,2.44541660696
1853,1.91656245321
1854,4.71109363498
1855,6.58989567245
1856,1.82609370542
1857,1.87135412098
1858,1.9046874535
1859,1.91270828664
1860,2.01203120088
1861,3.14057283999
1862,1.94588536916
1863,1.8580728713
1864,1.85557287136
1865,1.84937495485
1866,2.19661452971
1867,8.75369770295
1868,1.84812495488
1869,1.84859370487
1870,1.80161453935
1871,1.83416662189
1872,1.82291662216
1873,1.8621353712
1874,1.84223953836
1875,1.84338537166
1876,1.90921870339
1877,1.89427078709
1878,1.92374995303
1879,1.93249995282
1880,2.07984369922
1881,2.0931249489
1882,3.41786449989
1883,1.95197911901
1884,1.93374995279
1885,1.90843745341
1886,1.86151037122
1887,1.87906245412
1888,2.67140618478
1889,1.82302078883
1890,1.87859370414
1891,1.89578120372
1892,1.90624995346
1893,1.93151036951
1894,2.55052077106
1895,2.40286452467
1896,1.93531245275
1897,1.93562495274
1898,1.81239578909
1899,1.83682287182
1900,1.8242707888
1901,2.47890618948
1902,1.74374995743
1903,1.75567704047
1904,1.75822912374
1905,1.70989579159
1906,1.69489579195
1907,1.720468708
1908,1.72427079124
1909,3.98312490276
1910,6.54364567358
1911,9.32046852245
1912,1.74473954074
1913,1.70713537499
1914,1.70994787492
1915,1.70223954177
1916,1.72317704126
1917,1.70749995831
1918,1.70854162495
1919,1.67328120915
1920,1.66369787605
1921,1.68010412565
1922,1.65578120958
1923,1.66531245934
1924,1.67557287576
1925,1.66984370923
1926,1.5932812111
1927,1.58999996118
1928,1.59260412778
1929,1.60130204424
1930,1.56807287838
1931,1.54119787904
1932,1.54515621228
1933,1.55260412876
1934,1.54671871224
1935,1.5484374622
1936,1.5416145457
1937,1.54979162883
1938,1.52124996286
1939,3.35947908465
1940,1.75244787388
1941,1.78906245632
1942,1.43604163161
1943,1.0677603906
1944,1.0689062239
1945,1.07640622372
1946,1.95572911892
1947,1.0593228908
1948,1.04999997437
1949,1.05614580755
1950,1.05218747431
1951,1.04869789106
1952,1.05130205767
1953,1.66447912603
1954,2.47848952282
1955,1.67906245901
1956,1.68677079215
1957,1.66880204259
1958,1.66822912594
1959,1.17479163799
1960,1.1728645547
1961,1.18057288784
1962,1.17171872139
1963,1.17874997122
1964,1.17348955468
1965,1.1658853882
1966,1.17489580465
1967,1.18312497112
1968,12.6935934401
1969,0.864114562237
1970,0.862916645599
1971,0.870312478752
1972,2.00093745115
1973,1.96307286874
1974,1.97166661853
1975,1.96088536879
1976,1.91374995328
1977,1.87114578765
1978,1.88328120402
1979,1.87567703754
1980,1.78916662299
1981,1.76468745692
1982,1.77234370673
1983,1.77562495665
1984,1.77572912331
1985,1.72338537459
1986,1.72833329114
1987,1.70723954165
1988,1.7188541247
1989,1.42635413184
1990,1.17296872136
1991,1.17979163786
1992,2.12453119813
1993,1.17630205462
1994,0.916249977631
1995,0.920885394184
1996,1.82640620541
1997,1.80937495583
1998,1.28661455192
1999,1.12223955593
2000,1.11114580621
2001,1.11473955612
2002,1.09859372318
2003,1.10901038959
2004,1.11072913955
2005,1.09244789
2006,1.09713538988
2007,1.11177080619
2008,2.18249994672
2009,1.56515621179
2010,1.55984371192
2011,1.56213537853
2012,1.30281246819
2013,0.921458310837
2014,0.922447894146
2015,0.946718726887
2016,0.938906227077
2017,6.40098942706
2018,1.85223953811
2019,1.85317703809
2020,1.60088537758
2021,0.88843747831
2022,0.869739562099
2023,1.29979163493
2024,1.87046870433
2025,1.8733332876
2026,1.86239578786
2027,1.13411455564
2028,2.11828119828
2029,1.1265624725
2030,1.174166638
2031,1.30343746818
2032,1.84968745484
2033,1.82598953875
2034,1.80848953918
2035,1.82562495543
2036,1.83406245522
2037,1.81916662225
2038,1.17479163799
2039,1.16729163817
2040,1.16822913815
2041,1.16713538817
2042,1.19145830424
2043,1.17994788786
2044,1.20140622067
2045,1.91255203664
2046,1.91369786995
2047,1.97557286843
2048,1.96645828532
2049,1.22749997003
2050,0.897864561413
2051,0.88036456184
2052,0.876770811928
2053,0.880677061832
2054,2.91333326221
2055,13.421822589
2056,1.2097395538
2057,1.18791663766
2058,1.19286455421
2059,1.79703120613
2060,1.21307288705
2061,1.18093747117
2062,1.16848955481
2063,1.17468747132
2064,1.14984372193
2065,1.90515620349
2066,1.96161453544
2067,1.89567703705
2068,1.89421870375
2069,2.91947909539
2070,3.34729158495
2071,1.84213537169
2072,1.85223953811
2073,1.83874995511
2074,1.16755205483
2075,1.68380204222
2076,1.81624995566
2077,1.81979162224
2078,1.71999995801
2079,1.71651037476
2080,1.7298957911
2081,1.73833329089
2082,1.64281245989
2083,2.59786451991
2084,6.2096873484
2085,1.93322911947
2086,1.1632812216
2087,1.18260413779
2088,2.16062494725
2089,1.74307287411
2090,1.90041662027
2091,1.90401037018
2092,1.86776037107
2093,1.78749995636
2094,2.50234368891
2095,3.18510408891
2096,1.76859370682
2097,1.72796870781
2098,1.72765620782
2099,1.6996874585
2100,1.64364579321
2101,1.67078120921
2102,2.25192702835
2103,1.68020829231
2104,1.75374995718
2105,1.77968745655
2106,1.10052080647
2107,1.1303124724
2108,1.09874997318
2109,1.10015622314
2110,1.09583330658
2111,1.08395830687
2112,1.42109371531
2113,1.5676041284
2114,1.56302079517
2115,1.57062496165
2116,2.72401035016
2117,1.57682287817
2118,1.58546871129
2119,1.5822395447
2120,1.59963537761
2121,1.5945832944
2122,1.59624996103
2123,3.10171867427
2124,1.60145829424
2125,1.59520829439
2126,1.58630204461
2127,1.58364579467
2128,1.58161454472
2129,1.60322912753
2130,2.9735936774
2131,1.54817704554
2132,1.54546871227
2133,1.63187496016
2134,1.64703120979
2135,1.63911454332
2136,1.64447912652
2137,1.64286454322
2138,1.651927043
2139,4.26937489577
2140,1.76239579031
2141,1.78104162318
2142,2.63812493559
2143,3.35276033481
2144,1.83177078861
2145,1.86526037113
2146,1.87880203746
2147,1.9129687033
2148,2.77984368213
2149,8.7134893706
2150,3.17651033912
2151,3.51005199764
2152,1.88468745399
2153,1.9048437035
2154,1.90593745347
2155,1.87536453755
2156,1.87510412089
2157,3.11796867388
2158,1.8106249558
2159,1.83359370523
2160,1.75015620727
2161,1.74359370743
2162,1.17541663797
2163,1.17604163795
2164,1.1946353875
2165,1.87348953759
2166,1.87265620428
2167,1.90682287011
2168,1.93390620279
2169,1.91651036988
2170,1.99520828462
2171,1.96640620199
2172,1.94854161909
2173,2.06463536626
2174,2.06624994955
2175,2.07791661594
2176,7.64015606347
2177,2.35119785926
2178,14.1936454868
2179,14.0571871568
2180,12.4580205292
2181,2.00895828429
2182,2.0970311988
2183,2.11760411497
2184,2.14906244753
2185,2.15604161403
2186,2.15234369745
2187,2.15197911413
2188,2.15494786406
2189,4.85901029804
2190,2.19364577978
2191,2.79078118187
2192,3.76062490819
2193,1.96614578533
2194,5.89098943951
2195,16.2114058542
2196,11.016874731
2197,1.187656221
2198,1.19385413752
2199,1.18984372095
2200,1.58588537795
2201,2.1366666145
2202,2.29677077726
2203,2.14963536419
2204,2.16203119722
2205,2.0536457832
2206,1.99130203472
2207,1.92265620306
2208,1.34723955044
2209,1.1920312209
2210,1.15828122172
2211,2.14041661441
2212,1.12458330588
2213,1.09484372327
2214,1.10677080631
2215,1.86583328778
2216,1.13734372223
2217,0.918593727573
2218,0.937760393772
2219,2.06677078288
2220,1.92588536965
2221,1.94473953585
2222,1.93208328616
2223,1.83734370514
2224,1.84484370496
2225,1.87145828764
2226,1.85062495482
2227,1.92838536959
2228,1.91505203658
2229,1.84119787172
2230,1.84307287167
2231,4.94916654584
2232,1.76890620681
2233,1.7791145399
2234,1.76156245699
2235,1.67604162575
2236,1.24390621963
2237,0.944479143608
