frame,wall_ms,frame_wait_ms,scene_advance_ms,view_build_ms,render_submit_ms,gpu_valid,gpu_serial,gpu_ms,process_valid,process_cpu_ms,working_set_bytes,private_bytes,vma_valid,vma_allocation_bytes,vma_peak_allocation_bytes,vma_heap_usage_bytes,vma_heap_budget_bytes,raw_instances,visible_instances,culled_instances,lights,depth_draw_calls,shadow_draw_calls,base_draw_calls,lighting_draw_calls,tone_map_draw_calls,legacy_draw_calls,presenter_draw_calls,draw_calls,total_draw_calls,all_draw_calls,dispatch_count,shadow_faces,shadow_cache_hits,shadow_misses,shadow_batches,asset_upload_bytes,dynamic_lighting_upload_bytes,gather_ms,plan_ms,upload_frame_ms
0,4.379,4.022,0,0.009,0.043,0,0,,1,0,231735296,286822400,1,70948032,70948032,167755776,38823561584,40,40,0,2,3,0,3,3,1,0,1,9,10,11,1,0,2,0,1,0,6224,0.035,0.066,0.009
1,2.791,2.54,0,0.004,0.042,0,0,,0,,,,0,,,,,40,40,0,2,3,0,3,3,1,0,1,9,10,11,1,0,2,0,1,0,6224,0.026,0.061,0.006
2,3.748,3.454,0,0.007,0.046,0,0,,0,,,,0,,,,,40,40,0,2,3,0,3,3,1,0,1,9,10,11,1,0,2,0,1,0,6224,0.033,0.066,0.005
3,4.872,4.54,0,0.008,0.039,0,0,,0,,,,0,,,,,40,40,0,2,3,0,3,3,1,0,1,9,10,11,1,0,2,0,1,0,6224,0.019,0.033,0.01
4,6.192,5.851,0,0.008,0.034,0,0,,0,,,,0,,,,,40,40,0,2,3,0,3,3,1,0,1,9,10,11,1,0,2,0,1,0,6224,0.021,0.06,0.007
5,3.043,2.623,0.001,0.013,0.054,0,0,,0,,,,0,,,,,40,40,0,2,3,0,3,3,1,0,1,9,10,11,1,0,2,0,1,0,6224,0.038,0.072,0.008
6,2.913,2.588,0,0.01,0.039,0,0,,0,,,,0,,,,,40,40,0,2,3,0,3,3,1,0,1,9,10,11,1,0,2,0,1,0,6224,0.042,0.064,0.004
7,4.538,4.206,0,0.008,0.042,0,0,,0,,,,0,,,,,40,40,0,2,3,0,3,3,1,0,1,9,10,11,1,0,2,0,1,0,6224,0.023,0.073,0.008
8,2.995,2.614,0.001,0.01,0.038,0,0,,0,,,,0,,,,,40,40,0,2,3,0,3,3,1,0,1,9,10,11,1,0,2,0,1,0,6224,0.043,0.08,0.009
9,4.135,3.787,0.001,0.004,0.074,0,0,,0,,,,0,,,,,40,40,0,2,3,0,3,3,1,0,1,9,10,11,1,0,2,0,1,0,6224,0.015,0.033,0.005
10,3.019,2.706,0,0.008,0.046,0,0,,0,,,,0,,,,,40,40,0,2,3,0,3,3,1,0,1,9,10,11,1,0,2,0,1,0,6224,0.028,0.051,0.007
11,3.702,3.393,0.001,0.008,0.056,0,0,,0,,,,0,,,,,40,40,0,2,3,0,3,3,1,0,1,9,10,11,1,0,2,0,1,0,6224,0.02,0.035,0.01
12,7.189,6.767,0.001,0.012,0.054,0,0,,0,,,,0,,,,,40,40,0,2,3,0,3,3,1,0,1,9,10,11,1,0,2,0,1,0,6224,0.041,0.077,0.011
13,5.409,5.077,0,0.009,0.049,0,0,,0,,,,0,,,,,40,40,0,2,3,0,3,3,1,0,1,9,10,11,1,0,2,0,1,0,6224,0.032,0.061,0.008
14,7.548,7.234,0,0.01,0.046,0,0,,0,,,,0,,,,,40,40,0,2,3,0,3,3,1,0,1,9,10,11,1,0,2,0,1,0,6224,0.021,0.036,0.01
15,5.49,5.25,0,0.008,0.035,0,0,,0,,,,0,,,,,40,40,0,2,3,0,3,3,1,0,1,9,10,11,1,0,2,0,1,0,6224,0.017,0.028,0.008
16,5.189,4.919,0,0.004,0.065,0,0,,0,,,,0,,,,,40,40,0,2,3,0,3,3,1,0,1,9,10,11,1,0,2,0,1,0,6224,0.015,0.029,0.004
17,7.468,7.043,0.001,0.009,0.05,0,0,,0,,,,0,,,,,40,40,0,2,3,0,3,3,1,0,1,9,10,11,1,0,2,0,1,0,6224,0.023,0.077,0.01
18,5.574,5.188,0,0.008,0.031,0,0,,0,,,,0,,,,,40,40,0,2,3,0,3,3,1,0,1,9,10,11,1,0,2,0,1,0,6224,0.041,0.077,0.009
19,6.172,5.8,0,0.007,0.05,0,0,,0,,,,0,,,,,40,40,0,2,3,0,3,3,1,0,1,9,10,11,1,0,2,0,1,0,6224,0.018,0.054,0.009
20,11.339,10.893,0.001,0.008,0.054,0,0,,0,,,,0,,,,,40,40,0,2,3,0,3,3,1,0,1,9,10,11,1,0,2,0,1,0,6224,0.039,0.116,0.008
21,5.584,5.18,0.001,0.013,0.091,0,0,,0,,,,0,,,,,40,40,0,2,3,0,3,3,1,0,1,9,10,11,1,0,2,0,1,0,6224,0.023,0.038,0.009
22,6.852,6.453,0,0.009,0.037,0,0,,0,,,,0,,,,,40,40,0,2,3,0,3,3,1,0,1,9,10,11,1,0,2,0,1,0,6224,0.032,0.107,0.011
23,4.877,4.507,0.001,0.015,0.038,0,0,,0,,,,0,,,,,40,40,0,2,3,0,3,3,1,0,1,9,10,11,1,0,2,0,1,0,6224,0.055,0.033,0.006
24,3.413,2.903,0,0.007,0.233,0,0,,0,,,,0,,,,,40,40,0,2,3,0,3,3,1,0,1,9,10,11,1,0,2,0,1,0,6224,0.024,0.051,0.009
25,4.231,3.814,0,0.009,0.042,0,0,,0,,,,0,,,,,40,40,0,2,3,0,3,3,1,0,1,9,10,11,1,0,2,0,1,0,6224,0.035,0.107,0.009
26,2.81,2.581,0,0.007,0.017,0,0,,0,,,,0,,,,,40,40,0,2,3,0,3,3,1,0,1,9,10,11,1,0,2,0,1,0,6224,0.03,0.076,0.004
27,3.963,3.591,0,0.007,0.03,0,0,,0,,,,0,,,,,40,40,0,2,3,0,3,3,1,0,1,9,10,11,1,0,2,0,1,0,6224,0.031,0.056,0.004
28,2.703,2.453,0,0.006,0.021,0,0,,0,,,,0,,,,,40,40,0,2,3,0,3,3,1,0,1,9,10,11,1,0,2,0,1,0,6224,0.036,0.098,0.003
29,3.613,3.205,0.001,0.007,0.061,0,0,,0,,,,0,,,,,40,40,0,2,3,0,3,3,1,0,1,9,10,11,1,0,2,0,1,0,6224,0.023,0.043,0.009
30,2.832,2.516,0,0.009,0.052,0,0,,1,15.625,231751680,286822400,1,70948032,70948032,167755776,38823561584,40,40,0,2,3,0,3,3,1,0,1,9,10,11,1,0,2,0,1,0,6224,0.023,0.041,0.008
31,9.585,9.173,0,0.01,0.053,0,0,,0,,,,0,,,,,40,40,0,2,3,0,3,3,1,0,1,9,10,11,1,0,2,0,1,0,6224,0.036,0.068,0.011
32,4.361,4.073,0,0.009,0.051,0,0,,0,,,,0,,,,,40,40,0,2,3,0,3,3,1,0,1,9,10,11,1,0,2,0,1,0,6224,0.019,0.033,0.009
33,4.761,4.475,0.001,0.012,0.032,0,0,,0,,,,0,,,,,40,40,0,2,3,0,3,3,1,0,1,9,10,11,1,0,2,0,1,0,6224,0.017,0.031,0.008
34,5.64,5.355,0,0.007,0.041,0,0,,0,,,,0,,,,,40,40,0,2,3,0,3,3,1,0,1,9,10,11,1,0,2,0,1,0,6224,0.017,0.028,0.008
35,4.036,3.708,0,0.01,0.033,0,0,,0,,,,0,,,,,40,40,0,2,3,0,3,3,1,0,1,9,10,11,1,0,2,0,1,0,6224,0.033,0.06,0.008
36,3.424,3.078,0.001,0.01,0.055,0,0,,0,,,,0,,,,,40,40,0,2,3,0,3,3,1,0,1,9,10,11,1,0,2,0,1,0,6224,0.023,0.038,0.01
37,3.487,3.104,0,0.006,0.039,0,0,,0,,,,0,,,,,40,40,0,2,3,0,3,3,1,0,1,9,10,11,1,0,2,0,1,0,6224,0.048,0.036,0.006
38,2.802,2.639,0,0.004,0.028,0,0,,0,,,,0,,,,,40,40,0,2,3,0,3,3,1,0,1,9,10,11,1,0,2,0,1,0,6224,0.014,0.026,0.004
39,5.892,5.552,0,0.008,0.028,0,0,,0,,,,0,,,,,40,40,0,2,3,0,3,3,1,0,1,9,10,11,1,0,2,0,1,0,6224,0.03,0.055,0.043
40,5.22,4.799,0,0.012,0.042,0,0,,0,,,,0,,,,,40,40,0,2,3,0,3,3,1,0,1,9,10,11,1,0,2,0,1,0,6224,0.041,0.075,0.011
41,4.487,4.135,0.001,0.006,0.044,0,0,,0,,,,0,,,,,40,40,0,2,3,0,3,3,1,0,1,9,10,11,1,0,2,0,1,0,6224,0.035,0.07,0.01
42,5.275,5.029,0,0.007,0.042,0,0,,0,,,,0,,,,,40,40,0,2,3,0,3,3,1,0,1,9,10,11,1,0,2,0,1,0,6224,0.018,0.032,0.007
43,4.464,4.057,0.001,0.011,0.052,0,0,,0,,,,0,,,,,40,40,0,2,3,0,3,3,1,0,1,9,10,11,1,0,2,0,1,0,6224,0.031,0.101,0.012
44,8.372,7.935,0.001,0.008,0.049,0,0,,0,,,,0,,,,,40,40,0,2,3,0,3,3,1,0,1,9,10,11,1,0,2,0,1,0,6224,0.039,0.068,0.019
45,6.221,5.927,0,0.009,0.036,0,0,,0,,,,0,,,,,40,40,0,2,3,0,3,3,1,0,1,9,10,11,1,0,2,0,1,0,6224,0.028,0.052,0.008
46,4.947,4.529,0,0.011,0.035,0,0,,0,,,,0,,,,,40,40,0,2,3,0,3,3,1,0,1,9,10,11,1,0,2,0,1,0,6224,0.03,0.054,0.011
47,6.3,5.975,0,0.007,0.052,0,0,,0,,,,0,,,,,40,40,0,2,3,0,3,3,1,0,1,9,10,11,1,0,2,0,1,0,6224,0.02,0.058,0.008
48,4.559,4.185,0.001,0.009,0.04,0,0,,0,,,,0,,,,,40,40,0,2,3,0,3,3,1,0,1,9,10,11,1,0,2,0,1,0,6224,0.034,0.064,0.008
49,5.01,4.585,0.001,0.013,0.032,0,0,,0,,,,0,,,,,40,40,0,2,3,0,3,3,1,0,1,9,10,11,1,0,2,0,1,0,6224,0.044,0.084,0.013
50,6.436,6.103,0,0.008,0.055,0,0,,0,,,,0,,,,,40,40,0,2,3,0,3,3,1,0,1,9,10,11,1,0,2,0,1,0,6224,0.02,0.053,0.008
51,5.153,4.867,0,0.009,0.036,0,0,,0,,,,0,,,,,40,40,0,2,3,0,3,3,1,0,1,9,10,11,1,0,2,0,1,0,6224,0.032,0.056,0.006
52,6.633,6.296,0,0.009,0.043,0,0,,0,,,,0,,,,,40,40,0,2,3,0,3,3,1,0,1,9,10,11,1,0,2,0,1,0,6224,0.021,0.073,0.009
53,4.035,3.687,0,0.007,0.029,0,0,,0,,,,0,,,,,40,40,0,2,3,0,3,3,1,0,1,9,10,11,1,0,2,0,1,0,6224,0.03,0.081,0.007
54,3.225,2.89,0,0.008,0.033,0,0,,0,,,,0,,,,,40,40,0,2,3,0,3,3,1,0,1,9,10,11,1,0,2,0,1,0,6224,0.038,0.071,0.01
55,3.726,3.529,0,0.004,0.062,0,0,,0,,,,0,,,,,40,40,0,2,3,0,3,3,1,0,1,9,10,11,1,0,2,0,1,0,6224,0.014,0.03,0.003
56,5.369,5.024,0,0.013,0.036,0,0,,0,,,,0,,,,,40,40,0,2,3,0,3,3,1,0,1,9,10,11,1,0,2,0,1,0,6224,0.047,0.033,0.009
57,4.394,4.029,0,0.009,0.028,0,0,,0,,,,0,,,,,40,40,0,2,3,0,3,3,1,0,1,9,10,11,1,0,2,0,1,0,6224,0.04,0.078,0.009
58,4.479,4.216,0,0.01,0.026,0,0,,0,,,,0,,,,,40,40,0,2,3,0,3,3,1,0,1,9,10,11,1,0,2,0,1,0,6224,0.037,0.023,0.004
59,3.259,2.77,0,0.008,0.129,0,0,,0,,,,0,,,,,40,40,0,2,3,0,3,3,1,0,1,9,10,11,1,0,2,0,1,0,6224,0.033,0.061,0.007
60,3.614,3.249,0.001,0.013,0.038,0,0,,1,31.25,231755776,286822400,1,70948032,70948032,167755776,38823561584,40,40,0,2,3,0,3,3,1,0,1,9,10,11,1,0,2,0,1,0,6224,0.019,0.034,0.009
61,2.965,2.699,0,0.009,0.024,0,0,,0,,,,0,,,,,40,40,0,2,3,0,3,3,1,0,1,9,10,11,1,0,2,0,1,0,6224,0.065,0.024,0.004
62,4.623,4.383,0,0.008,0.025,0,0,,0,,,,0,,,,,40,40,0,2,3,0,3,3,1,0,1,9,10,11,1,0,2,0,1,0,6224,0.037,0.022,0.004
63,3.091,2.823,0,0.002,0.046,0,0,,0,,,,0,,,,,40,40,0,2,3,0,3,3,1,0,1,9,10,11,1,0,2,0,1,0,6224,0.033,0.063,0.005
64,3.343,3.066,0,0.007,0.063,0,0,,0,,,,0,,,,,40,40,0,2,3,0,3,3,1,0,1,9,10,11,1,0,2,0,1,0,6224,0.021,0.036,0.006
65,5.443,5.179,0,0.008,0.043,0,0,,0,,,,0,,,,,40,40,0,2,3,0,3,3,1,0,1,9,10,11,1,0,2,0,1,0,6224,0.016,0.028,0.009
66,8.236,7.806,0,0.011,0.061,0,0,,0,,,,0,,,,,40,40,0,2,3,0,3,3,1,0,1,9,10,11,1,0,2,0,1,0,6224,0.036,0.064,0.011
67,4.203,3.853,0,0.01,0.053,0,0,,0,,,,0,,,,,40,40,0,2,3,0,3,3,1,0,1,9,10,11,1,0,2,0,1,0,6224,0.023,0.041,0.028
68,3.008,2.625,0,0.011,0.077,0,0,,0,,,,0,,,,,40,40,0,2,3,0,3,3,1,0,1,9,10,11,1,0,2,0,1,0,6224,0.032,0.058,0.009
69,3.999,3.643,0,0.009,0.043,0,0,,0,,,,0,,,,,40,40,0,2,3,0,3,3,1,0,1,9,10,11,1,0,2,0,1,0,6224,0.032,0.059,0.01
70,4.377,4.01,0.001,0.01,0.046,0,0,,0,,,,0,,,,,40,40,0,2,3,0,3,3,1,0,1,9,10,11,1,0,2,0,1,0,6224,0.055,0.035,0.01
71,4.072,3.782,0.001,0.007,0.044,0,0,,0,,,,0,,,,,40,40,0,2,3,0,3,3,1,0,1,9,10,11,1,0,2,0,1,0,6224,0.018,0.035,0.011
72,4.479,4.192,0,0.007,0.043,0,0,,0,,,,0,,,,,40,40,0,2,3,0,3,3,1,0,1,9,10,11,1,0,2,0,1,0,6224,0.021,0.041,0.009
73,3.001,2.627,0,0.015,0.033,0,0,,0,,,,0,,,,,40,40,0,2,3,0,3,3,1,0,1,9,10,11,1,0,2,0,1,0,6224,0.038,0.066,0.01
74,3.218,2.883,0,0.012,0.03,0,0,,0,,,,0,,,,,40,40,0,2,3,0,3,3,1,0,1,9,10,11,1,0,2,0,1,0,6224,0.025,0.027,0.004
75,2.17,1.935,0,0.009,0.021,0,0,,0,,,,0,,,,,40,40,0,2,3,0,3,3,1,0,1,9,10,11,1,0,2,0,1,0,6224,0.088,0.02,0.003
76,2.495,2.174,0.001,0.009,0.055,0,0,,0,,,,0,,,,,40,40,0,2,3,0,3,3,1,0,1,9,10,11,1,0,2,0,1,0,6224,0.055,0.047,0.006
77,11.476,11.177,0,0.009,0.069,0,0,,0,,,,0,,,,,40,40,0,2,3,0,3,3,1,0,1,9,10,11,1,0,2,0,1,0,6224,0.018,0.032,0.009
78,5.209,4.874,0.001,0.007,0.047,0,0,,0,,,,0,,,,,40,40,0,2,3,0,3,3,1,0,1,9,10,11,1,0,2,0,1,0,6224,0.02,0.085,0.009
79,4.116,3.843,0.001,0.007,0.032,0,0,,0,,,,0,,,,,40,40,0,2,3,0,3,3,1,0,1,9,10,11,1,0,2,0,1,0,6224,0.017,0.056,0.008
80,2.476,2.381,0,0.003,0.018,0,0,,0,,,,0,,,,,40,40,0,2,3,0,3,3,1,0,1,9,10,11,1,0,2,0,1,0,6224,0.01,0.018,0.003
81,3.437,3.261,0,0.005,0.026,0,0,,0,,,,0,,,,,40,40,0,2,3,0,3,3,1,0,1,9,10,11,1,0,2,0,1,0,6224,0.013,0.038,0.004
82,4.028,3.802,0,0.008,0.022,0,0,,0,,,,0,,,,,40,40,0,2,3,0,3,3,1,0,1,9,10,11,1,0,2,0,1,0,6224,0.035,0.066,0.002
83,2.735,2.451,0,0.007,0.039,0,0,,0,,,,0,,,,,40,40,0,2,3,0,3,3,1,0,1,9,10,11,1,0,2,0,1,0,6224,0.023,0.04,0.006
84,2.502,1.999,0,0.008,0.056,0,0,,0,,,,0,,,,,40,40,0,2,3,0,3,3,1,0,1,9,10,11,1,0,2,0,1,0,6224,0.022,0.041,0.009
85,1.942,1.683,0,0.007,0.029,0,0,,0,,,,0,,,,,40,40,0,2,3,0,3,3,1,0,1,9,10,11,1,0,2,0,1,0,6224,0.018,0.031,0.007
86,3.426,3.144,0,0.008,0.036,0,0,,0,,,,0,,,,,40,40,0,2,3,0,3,3,1,0,1,9,10,11,1,0,2,0,1,0,6224,0.035,0.056,0.005
87,2.198,1.968,0,0.005,0.04,0,0,,0,,,,0,,,,,40,40,0,2,3,0,3,3,1,0,1,9,10,11,1,0,2,0,1,0,6224,0.027,0.05,0.003
88,2.182,1.999,0,0.004,0.043,0,0,,0,,,,0,,,,,40,40,0,2,3,0,3,3,1,0,1,9,10,11,1,0,2,0,1,0,6224,0.022,0.042,0.002
89,2.291,2.064,0,0.005,0.042,0,0,,0,,,,0,,,,,40,40,0,2,3,0,3,3,1,0,1,9,10,11,1,0,2,0,1,0,6224,0.028,0.052,0.004
90,2.431,2.168,0,0.007,0.049,0,0,,1,31.25,231763968,286822400,1,70948032,70948032,167755776,38823561584,40,40,0,2,3,0,3,3,1,0,1,9,10,11,1,0,2,0,1,0,6224,0.02,0.035,0.005
91,2.91,2.64,0,0.007,0.049,0,0,,0,,,,0,,,,,40,40,0,2,3,0,3,3,1,0,1,9,10,11,1,0,2,0,1,0,6224,0.017,0.056,0.007
92,4.268,4.086,0,0.005,0.031,0,0,,0,,,,0,,,,,40,40,0,2,3,0,3,3,1,0,1,9,10,11,1,0,2,0,1,0,6224,0.016,0.028,0.004
93,4.936,4.64,0,0.011,0.03,0,0,,0,,,,0,,,,,40,40,0,2,3,0,3,3,1,0,1,9,10,11,1,0,2,0,1,0,6224,0.08,0.027,0.004
94,5.421,4.982,0.001,0.066,0.043,0,0,,0,,,,0,,,,,40,40,0,2,3,0,3,3,1,0,1,9,10,11,1,0,2,0,1,0,6224,0.018,0.034,0.009
95,4.612,4.311,0.001,0.009,0.028,0,0,,0,,,,0,,,,,40,40,0,2,3,0,3,3,1,0,1,9,10,11,1,0,2,0,1,0,6224,0.076,0.03,0.008
96,4.377,4.227,0,0.004,0.038,0,0,,0,,,,0,,,,,40,40,0,2,3,0,3,3,1,0,1,9,10,11,1,0,2,0,1,0,6224,0.011,0.019,0.004
97,2.892,2.603,0,0.008,0.028,0,0,,0,,,,0,,,,,40,40,0,2,3,0,3,3,1,0,1,9,10,11,1,0,2,0,1,0,6224,0.036,0.069,0.007
98,2.731,2.339,0,0.007,0.039,0,0,,0,,,,0,,,,,40,40,0,2,3,0,3,3,1,0,1,9,10,11,1,0,2,0,1,0,6224,0.041,0.099,0.04
99,2.997,2.568,0,0.009,0.044,0,0,,0,,,,0,,,,,40,40,0,2,3,0,3,3,1,0,1,9,10,11,1,0,2,0,1,0,6224,0.021,0.044,0.012
100,2.884,2.531,0,0.007,0.031,0,0,,0,,,,0,,,,,40,40,0,2,3,0,3,3,1,0,1,9,10,11,1,0,2,0,1,0,6224,0.031,0.086,0.008
101,3.247,2.952,0,0.008,0.035,0,0,,0,,,,0,,,,,40,40,0,2,3,0,3,3,1,0,1,9,10,11,1,0,2,0,1,0,6224,0.039,0.067,0.007
102,4.427,4.134,0.001,0.011,0.028,0,0,,0,,,,0,,,,,40,40,0,2,3,0,3,3,1,0,1,9,10,11,1,0,2,0,1,0,6224,0.045,0.048,0.004
103,2.244,1.924,0,0.008,0.046,0,0,,0,,,,0,,,,,40,40,0,2,3,0,3,3,1,0,1,9,10,11,1,0,2,0,1,0,6224,0.037,0.069,0.006
104,2.45,2.08,0,0.006,0.108,0,0,,0,,,,0,,,,,40,40,0,2,3,0,3,3,1,0,1,9,10,11,1,0,2,0,1,0,6224,0.017,0.052,0.009
105,2.293,1.955,0,0.009,0.031,0,0,,0,,,,0,,,,,40,40,0,2,3,0,3,3,1,0,1,9,10,11,1,0,2,0,1,0,6224,0.024,0.08,0.008
106,4.682,4.41,0,0.009,0.036,0,0,,0,,,,0,,,,,40,40,0,2,3,0,3,3,1,0,1,9,10,11,1,0,2,0,1,0,6224,0.046,0.029,0.004
107,4.156,3.87,0.001,0.007,0.025,0,0,,0,,,,0,,,,,40,40,0,2,3,0,3,3,1,0,1,9,10,11,1,0,2,0,1,0,6224,0.034,0.067,0.005
108,2.17,1.927,0,0.007,0.038,0,0,,0,,,,0,,,,,40,40,0,2,3,0,3,3,1,0,1,9,10,11,1,0,2,0,1,0,6224,0.033,0.056,0.004
109,2.366,2.04,0.001,0.005,0.052,0,0,,0,,,,0,,,,,40,40,0,2,3,0,3,3,1,0,1,9,10,11,1,0,2,0,1,0,6224,0.017,0.055,0.009
110,3.725,3.424,0,0.008,0.041,0,0,,0,,,,0,,,,,40,40,0,2,3,0,3,3,1,0,1,9,10,11,1,0,2,0,1,0,6224,0.017,0.029,0.019
111,4.516,4.143,0,0.009,0.041,0,0,,0,,,,0,,,,,40,40,0,2,3,0,3,3,1,0,1,9,10,11,1,0,2,0,1,0,6224,0.043,0.08,0.009
112,3.703,3.393,0,0.01,0.032,0,0,,0,,,,0,,,,,40,40,0,2,3,0,3,3,1,0,1,9,10,11,1,0,2,0,1,0,6224,0.034,0.029,0.005
113,2.257,2.035,0,0.005,0.023,0,0,,0,,,,0,,,,,40,40,0,2,3,0,3,3,1,0,1,9,10,11,1,0,2,0,1,0,6224,0.028,0.085,0.003
114,2.406,2.195,0,0.004,0.029,0,0,,0,,,,0,,,,,40,40,0,2,3,0,3,3,1,0,1,9,10,11,1,0,2,0,1,0,6224,0.016,0.028,0.004
115,3.067,2.756,0,0.008,0.045,0,0,,0,,,,0,,,,,40,40,0,2,3,0,3,3,1,0,1,9,10,11,1,0,2,0,1,0,6224,0.026,0.047,0.009
116,2.38,2.197,0,0.005,0.028,0,0,,0,,,,0,,,,,40,40,0,2,3,0,3,3,1,0,1,9,10,11,1,0,2,0,1,0,6224,0.022,0.04,0.004
117,3.781,3.45,0,0.013,0.036,0,0,,0,,,,0,,,,,40,40,0,2,3,0,3,3,1,0,1,9,10,11,1,0,2,0,1,0,6224,0.032,0.06,0.009
118,2.886,2.603,0.001,0.012,0.032,0,0,,0,,,,0,,,,,40,40,0,2,3,0,3,3,1,0,1,9,10,11,1,0,2,0,1,0,6224,0.073,0.031,0.004
119,2.341,2.099,0,0.005,0.022,0,0,,0,,,,0,,,,,40,40,0,2,3,0,3,3,1,0,1,9,10,11,1,0,2,0,1,0,6224,0.025,0.066,0.002
120,3.513,3.178,0.001,0.007,0.036,0,0,,1,62.5,231772160,286822400,1,70948032,70948032,167755776,38823561584,40,40,0,2,3,0,3,3,1,0,1,9,10,11,1,0,2,0,1,0,6224,0.02,0.034,0.012
121,4.244,3.913,0,0.009,0.027,0,0,,0,,,,0,,,,,40,40,0,2,3,0,3,3,1,0,1,9,10,11,1,0,2,0,1,0,6224,0.039,0.078,0.005
122,6.461,6.1,0.001,0.014,0.033,0,0,,0,,,,0,,,,,40,40,0,2,3,0,3,3,1,0,1,9,10,11,1,0,2,0,1,0,6224,0.053,0.039,0.007
123,2.164,1.846,0.001,0.01,0.046,0,0,,0,,,,0,,,,,40,40,0,2,3,0,3,3,1,0,1,9,10,11,1,0,2,0,1,0,6224,0.037,0.041,0.006
124,2.328,2.062,0,0.007,0.039,0,0,,0,,,,0,,,,,40,40,0,2,3,0,3,3,1,0,1,9,10,11,1,0,2,0,1,0,6224,0.025,0.045,0.006
125,5.298,5.04,0,0.007,0.037,0,0,,0,,,,0,,,,,40,40,0,2,3,0,3,3,1,0,1,9,10,11,1,0,2,0,1,0,6224,0.018,0.034,0.008
126,3.509,3.218,0,0.011,0.046,0,0,,0,,,,0,,,,,40,40,0,2,3,0,3,3,1,0,1,9,10,11,1,0,2,0,1,0,6224,0.024,0.037,0.005
127,4.478,4.189,0,0.008,0.03,0,0,,0,,,,0,,,,,40,40,0,2,3,0,3,3,1,0,1,9,10,11,1,0,2,0,1,0,6224,0.032,0.063,0.006
128,2.581,2.231,0.001,0.005,0.051,0,0,,0,,,,0,,,,,40,40,0,2,3,0,3,3,1,0,1,9,10,11,1,0,2,0,1,0,6224,0.022,0.109,0.008
129,2.149,1.872,0,0.007,0.036,0,0,,0,,,,0,,,,,40,40,0,2,3,0,3,3,1,0,1,9,10,11,1,0,2,0,1,0,6224,0.02,0.049,0.009
130,2.698,2.393,0,0.007,0.056,0,0,,0,,,,0,,,,,40,40,0,2,3,0,3,3,1,0,1,9,10,11,1,0,2,0,1,0,6224,0.023,0.049,0.007
131,2.032,1.87,0,0.004,0.021,0,0,,0,,,,0,,,,,40,40,0,2,3,0,3,3,1,0,1,9,10,11,1,0,2,0,1,0,6224,0.014,0.026,0.004
132,5.586,5.361,0,0.01,0.026,0,0,,0,,,,0,,,,,40,40,0,2,3,0,3,3,1,0,1,9,10,11,1,0,2,0,1,0,6224,0.012,0.022,0.003
133,2.298,2.106,0.001,0.005,0.021,0,0,,0,,,,0,,,,,40,40,0,2,3,0,3,3,1,0,1,9,10,11,1,0,2,0,1,0,6224,0.027,0.064,0.002
134,2.477,2.195,0,0.007,0.031,0,0,,0,,,,0,,,,,40,40,0,2,3,0,3,3,1,0,1,9,10,11,1,0,2,0,1,0,6224,0.026,0.088,0.004
135,2.947,2.665,0,0.009,0.044,0,0,,0,,,,0,,,,,40,40,0,2,3,0,3,3,1,0,1,9,10,11,1,0,2,0,1,0,6224,0.019,0.037,0.008
136,4.799,4.493,0.001,0.009,0.032,0,0,,0,,,,0,,,,,40,40,0,2,3,0,3,3,1,0,1,9,10,11,1,0,2,0,1,0,6224,0.029,0.05,0.006
137,3.864,3.574,0,0.008,0.037,0,0,,0,,,,0,,,,,40,40,0,2,3,0,3,3,1,0,1,9,10,11,1,0,2,0,1,0,6224,0.035,0.057,0.005
138,2.107,1.933,0,0.004,0.034,0,0,,0,,,,0,,,,,40,40,0,2,3,0,3,3,1,0,1,9,10,11,1,0,2,0,1,0,6224,0.021,0.04,0.003
139,2.85,2.613,0,0.005,0.041,0,0,,0,,,,0,,,,,40,40,0,2,3,0,3,3,1,0,1,9,10,11,1,0,2,0,1,0,6224,0.018,0.034,0.006
140,3.011,2.733,0,0.006,0.031,0,0,,0,,,,0,,,,,40,40,0,2,3,0,3,3,1,0,1,9,10,11,1,0,2,0,1,0,6224,0.02,0.036,0.008
141,4.303,4.108,0.001,0.006,0.031,0,0,,0,,,,0,,,,,40,40,0,2,3,0,3,3,1,0,1,9,10,11,1,0,2,0,1,0,6224,0.017,0.026,0.006
142,4.112,3.802,0,0.007,0.03,0,0,,0,,,,0,,,,,40,40,0,2,3,0,3,3,1,0,1,9,10,11,1,0,2,0,1,0,6224,0.034,0.06,0.006
143,2.253,2.059,0,0.005,0.026,0,0,,0,,,,0,,,,,40,40,0,2,3,0,3,3,1,0,1,9,10,11,1,0,2,0,1,0,6224,0.026,0.042,0.003
144,3.057,2.515,0,0.007,0.039,0,0,,0,,,,0,,,,,40,40,0,2,3,0,3,3,1,0,1,9,10,11,1,0,2,0,1,0,6224,0.022,0.033,0.005
145,2.608,2.319,0,0.009,0.033,0,0,,0,,,,0,,,,,40,40,0,2,3,0,3,3,1,0,1,9,10,11,1,0,2,0,1,0,6224,0.049,0.032,0.008
146,2.356,2.085,0,0.01,0.034,0,0,,0,,,,0,,,,,40,40,0,2,3,0,3,3,1,0,1,9,10,11,1,0,2,0,1,0,6224,0.022,0.035,0.005
147,6.284,6.048,0,0.009,0.024,0,0,,0,,,,0,,,,,40,40,0,2,3,0,3,3,1,0,1,9,10,11,1,0,2,0,1,0,6224,0.028,0.063,0.003
148,3.252,3.048,0,0.006,0.022,0,0,,0,,,,0,,,,,40,40,0,2,3,0,3,3,1,0,1,9,10,11,1,0,2,0,1,0,6224,0.023,0.069,0.002
149,3.47,3.061,0,0.008,0.048,0,0,,0,,,,0,,,,,40,40,0,2,3,0,3,3,1,0,1,9,10,11,1,0,2,0,1,0,6224,0.022,0.036,0.009
150,4.666,4.505,0,0.005,0.031,0,0,,1,93.75,231780352,286822400,1,70948032,70948032,167755776,38823561584,40,40,0,2,3,0,3,3,1,0,1,9,10,11,1,0,2,0,1,0,6224,0.013,0.022,0.004
151,3.164,2.91,0,0.01,0.038,0,0,,0,,,,0,,,,,40,40,0,2,3,0,3,3,1,0,1,9,10,11,1,0,2,0,1,0,6224,0.028,0.039,0.005
152,3.063,2.825,0.001,0.012,0.024,0,0,,0,,,,0,,,,,40,40,0,2,3,0,3,3,1,0,1,9,10,11,1,0,2,0,1,0,6224,0.047,0.022,0.003
153,2.318,2.136,0,0.005,0.02,0,0,,0,,,,0,,,,,40,40,0,2,3,0,3,3,1,0,1,9,10,11,1,0,2,0,1,0,6224,0.024,0.062,0.002
154,2.409,2.128,0,0.007,0.036,0,0,,0,,,,0,,,,,40,40,0,2,3,0,3,3,1,0,1,9,10,11,1,0,2,0,1,0,6224,0.024,0.052,0.007
155,2.22,1.93,0,0.01,0.032,0,0,,0,,,,0,,,,,40,40,0,2,3,0,3,3,1,0,1,9,10,11,1,0,2,0,1,0,6224,0.026,0.044,0.009
156,6.677,6.481,0,0.005,0.036,0,0,,0,,,,0,,,,,40,40,0,2,3,0,3,3,1,0,1,9,10,11,1,0,2,0,1,0,6224,0.022,0.039,0.004
157,3.176,2.915,0,0.015,0.024,0,0,,0,,,,0,,,,,40,40,0,2,3,0,3,3,1,0,1,9,10,11,1,0,2,0,1,0,6224,0.05,0.022,0.006
158,2.365,2.143,0,0.007,0.029,0,0,,0,,,,0,,,,,40,40,0,2,3,0,3,3,1,0,1,9,10,11,1,0,2,0,1,0,6224,0.026,0.03,0.004
159,2.436,2.065,0,0.005,0.045,0,0,,0,,,,0,,,,,40,40,0,2,3,0,3,3,1,0,1,9,10,11,1,0,2,0,1,0,6224,0.051,0.047,0.01
160,2.185,1.839,0,0.008,0.037,0,0,,0,,,,0,,,,,40,40,0,2,3,0,3,3,1,0,1,9,10,11,1,0,2,0,1,0,6224,0.062,0.03,0.007
161,3.146,2.834,0,0.007,0.024,0,0,,0,,,,0,,,,,40,40,0,2,3,0,3,3,1,0,1,9,10,11,1,0,2,0,1,0,6224,0.08,0.068,0.006
162,2.636,2.37,0.001,0.007,0.038,0,0,,0,,,,0,,,,,40,40,0,2,3,0,3,3,1,0,1,9,10,11,1,0,2,0,1,0,6224,0.029,0.042,0.006
163,2.359,2.09,0.001,0.008,0.024,0,0,,0,,,,0,,,,,40,40,0,2,3,0,3,3,1,0,1,9,10,11,1,0,2,0,1,0,6224,0.037,0.069,0.006
164,2.467,2.145,0,0.007,0.05,0,0,,0,,,,0,,,,,40,40,0,2,3,0,3,3,1,0,1,9,10,11,1,0,2,0,1,0,6224,0.031,0.058,0.006
165,2.19,1.832,0.001,0.007,0.033,0,0,,0,,,,0,,,,,40,40,0,2,3,0,3,3,1,0,1,9,10,11,1,0,2,0,1,0,6224,0.104,0.057,0.006
166,3.504,3.215,0,0.008,0.034,0,0,,0,,,,0,,,,,40,40,0,2,3,0,3,3,1,0,1,9,10,11,1,0,2,0,1,0,6224,0.018,0.031,0.007
167,4.18,3.929,0,0.006,0.017,0,0,,0,,,,0,,,,,40,40,0,2,3,0,3,3,1,0,1,9,10,11,1,0,2,0,1,0,6224,0.025,0.048,0.005
168,5.192,4.894,0,0.006,0.034,0,0,,0,,,,0,,,,,40,40,0,2,3,0,3,3,1,0,1,9,10,11,1,0,2,0,1,0,6224,0.026,0.067,0.008
169,2.425,2.047,0,0.009,0.055,0,0,,0,,,,0,,,,,40,40,0,2,3,0,3,3,1,0,1,9,10,11,1,0,2,0,1,0,6224,0.043,0.112,0.005
170,2.495,2.152,0,0.006,0.137,0,0,,0,,,,0,,,,,40,40,0,2,3,0,3,3,1,0,1,9,10,11,1,0,2,0,1,0,6224,0.017,0.032,0.007
171,3.612,3.305,0.001,0.008,0.041,0,0,,0,,,,0,,,,,40,40,0,2,3,0,3,3,1,0,1,9,10,11,1,0,2,0,1,0,6224,0.019,0.061,0.009
172,4.609,4.325,0.001,0.009,0.034,0,0,,0,,,,0,,,,,40,40,0,2,3,0,3,3,1,0,1,9,10,11,1,0,2,0,1,0,6224,0.041,0.031,0.007
173,4.572,4.306,0,0.008,0.028,0,0,,0,,,,0,,,,,40,40,0,2,3,0,3,3,1,0,1,9,10,11,1,0,2,0,1,0,6224,0.037,0.034,0.004
174,3.205,2.8,0,0.009,0.079,0,0,,0,,,,0,,,,,40,40,0,2,3,0,3,3,1,0,1,9,10,11,1,0,2,0,1,0,6224,0.037,0.071,0.007
175,3.685,3.349,0,0.009,0.045,0,0,,0,,,,0,,,,,40,40,0,2,3,0,3,3,1,0,1,9,10,11,1,0,2,0,1,0,6224,0.02,0.037,0.01
176,4.642,4.386,0,0.008,0.033,0,0,,0,,,,0,,,,,40,40,0,2,3,0,3,3,1,0,1,9,10,11,1,0,2,0,1,0,6224,0.028,0.05,0.005
177,7.091,6.828,0,0.007,0.049,0,0,,0,,,,0,,,,,40,40,0,2,3,0,3,3,1,0,1,9,10,11,1,0,2,0,1,0,6224,0.018,0.032,0.008
178,7.358,7.059,0,0.008,0.038,0,0,,0,,,,0,,,,,40,40,0,2,3,0,3,3,1,0,1,9,10,11,1,0,2,0,1,0,6224,0.016,0.027,0.008
179,6.959,6.567,0,0.009,0.058,0,0,,0,,,,0,,,,,40,40,0,2,3,0,3,3,1,0,1,9,10,11,1,0,2,0,1,0,6224,0.033,0.062,0.01
180,16.991,16.655,0.001,0.014,0.049,0,0,,1,125,231788544,286822400,1,70948032,70948032,167755776,38823561584,40,40,0,2,3,0,3,3,1,0,1,9,10,11,1,0,2,0,1,0,6224,0.019,0.034,0.01
181,5.981,5.628,0,0.011,0.04,0,0,,0,,,,0,,,,,40,40,0,2,3,0,3,3,1,0,1,9,10,11,1,0,2,0,1,0,6224,0.03,0.053,0.01
182,7.186,6.839,0.001,0.009,0.04,0,0,,0,,,,0,,,,,40,40,0,2,3,0,3,3,1,0,1,9,10,11,1,0,2,0,1,0,6224,0.037,0.068,0.01
183,5.135,4.888,0,0.007,0.035,0,0,,0,,,,0,,,,,40,40,0,2,3,0,3,3,1,0,1,9,10,11,1,0,2,0,1,0,6224,0.029,0.054,0.005
184,3.499,3.137,0,0.008,0.051,0,0,,0,,,,0,,,,,40,40,0,2,3,0,3,3,1,0,1,9,10,11,1,0,2,0,1,0,6224,0.021,0.035,0.021
185,5.289,4.936,0.001,0.011,0.036,0,0,,0,,,,0,,,,,40,40,0,2,3,0,3,3,1,0,1,9,10,11,1,0,2,0,1,0,6224,0.041,0.078,0.006
186,5.617,5.33,0,0.008,0.043,0,0,,0,,,,0,,,,,40,40,0,2,3,0,3,3,1,0,1,9,10,11,1,0,2,0,1,0,6224,0.021,0.037,0.01
187,7.066,6.718,0.001,0.008,0.045,0,0,,0,,,,0,,,,,40,40,0,2,3,0,3,3,1,0,1,9,10,11,1,0,2,0,1,0,6224,0.031,0.056,0.012
188,5.333,5.007,0,0.01,0.035,0,0,,0,,,,0,,,,,40,40,0,2,3,0,3,3,1,0,1,9,10,11,1,0,2,0,1,0,6224,0.036,0.068,0.01
189,5.613,5.358,0,0.008,0.027,0,0,,0,,,,0,,,,,40,40,0,2,3,0,3,3,1,0,1,9,10,11,1,0,2,0,1,0,6224,0.032,0.033,0.006
190,6.812,6.55,0,0.008,0.041,0,0,,0,,,,0,,,,,40,40,0,2,3,0,3,3,1,0,1,9,10,11,1,0,2,0,1,0,6224,0.016,0.028,0.008
191,4.896,4.578,0,0.007,0.065,0,0,,0,,,,0,,,,,40,40,0,2,3,0,3,3,1,0,1,9,10,11,1,0,2,0,1,0,6224,0.018,0.032,0.008
192,4.366,4.133,0.001,0.005,0.033,0,0,,0,,,,0,,,,,40,40,0,2,3,0,3,3,1,0,1,9,10,11,1,0,2,0,1,0,6224,0.017,0.029,0.004
193,3.328,3.082,0,0.007,0.041,0,0,,0,,,,0,,,,,40,40,0,2,3,0,3,3,1,0,1,9,10,11,1,0,2,0,1,0,6224,0.017,0.032,0.008
194,4.212,3.906,0,0.007,0.054,0,0,,0,,,,0,,,,,40,40,0,2,3,0,3,3,1,0,1,9,10,11,1,0,2,0,1,0,6224,0.018,0.032,0.009
195,5.983,5.779,0,0.006,0.036,0,0,,0,,,,0,,,,,40,40,0,2,3,0,3,3,1,0,1,9,10,11,1,0,2,0,1,0,6224,0.015,0.028,0.006
196,5.199,4.692,0,0.009,0.04,0,0,,0,,,,0,,,,,40,40,0,2,3,0,3,3,1,0,1,9,10,11,1,0,2,0,1,0,6224,0.032,0.191,0.011
197,6.719,6.459,0.001,0.007,0.039,0,0,,0,,,,0,,,,,40,40,0,2,3,0,3,3,1,0,1,9,10,11,1,0,2,0,1,0,6224,0.016,0.027,0.008
198,5.067,4.702,0,0.009,0.026,0,0,,0,,,,0,,,,,40,40,0,2,3,0,3,3,1,0,1,9,10,11,1,0,2,0,1,0,6224,0.039,0.122,0.006
199,4.769,4.407,0,0.005,0.029,0,0,,0,,,,0,,,,,40,40,0,2,3,0,3,3,1,0,1,9,10,11,1,0,2,0,1,0,6224,0.163,0.032,0.007
200,4.722,4.341,0,0.009,0.041,0,0,,0,,,,0,,,,,40,40,0,2,3,0,3,3,1,0,1,9,10,11,1,0,2,0,1,0,6224,0.03,0.106,0.012
201,3.077,2.786,0,0.008,0.02,0,0,,0,,,,0,,,,,40,40,0,2,3,0,3,3,1,0,1,9,10,11,1,0,2,0,1,0,6224,0.03,0.109,0.006
202,4.115,3.824,0,0.007,0.038,0,0,,0,,,,0,,,,,40,40,0,2,3,0,3,3,1,0,1,9,10,11,1,0,2,0,1,0,6224,0.028,0.052,0.006
203,3.164,2.947,0,0.006,0.032,0,0,,0,,,,0,,,,,40,40,0,2,3,0,3,3,1,0,1,9,10,11,1,0,2,0,1,0,6224,0.019,0.034,0.006
204,3.651,3.202,0,0.007,0.055,0,0,,0,,,,0,,,,,40,40,0,2,3,0,3,3,1,0,1,9,10,11,1,0,2,0,1,0,6224,0.053,0.047,0.013
205,3.416,3.174,0,0.007,0.033,0,0,,0,,,,0,,,,,40,40,0,2,3,0,3,3,1,0,1,9,10,11,1,0,2,0,1,0,6224,0.017,0.031,0.007
206,7.475,7.184,0.001,0.011,0.029,0,0,,0,,,,0,,,,,40,40,0,2,3,0,3,3,1,0,1,9,10,11,1,0,2,0,1,0,6224,0.036,0.024,0.006
207,4.636,4.384,0.001,0.006,0.035,0,0,,0,,,,0,,,,,40,40,0,2,3,0,3,3,1,0,1,9,10,11,1,0,2,0,1,0,6224,0.021,0.035,0.007
208,4.838,4.58,0,0.007,0.039,0,0,,0,,,,0,,,,,40,40,0,2,3,0,3,3,1,0,1,9,10,11,1,0,2,0,1,0,6224,0.018,0.034,0.008
209,3.769,3.474,0,0.011,0.029,0,0,,0,,,,0,,,,,40,40,0,2,3,0,3,3,1,0,1,9,10,11,1,0,2,0,1,0,6224,0.031,0.025,0.006
210,6.179,5.809,0.001,0.009,0.032,0,0,,1,156.25,231796736,286822400,1,70948032,70948032,167755776,38823561584,40,40,0,2,3,0,3,3,1,0,1,9,10,11,1,0,2,0,1,0,6224,0.036,0.068,0.009
211,6.868,6.533,0,0.009,0.043,0,0,,0,,,,0,,,,,40,40,0,2,3,0,3,3,1,0,1,9,10,11,1,0,2,0,1,0,6224,0.018,0.033,0.009
212,5.234,4.879,0,0.008,0.036,0,0,,0,,,,0,,,,,40,40,0,2,3,0,3,3,1,0,1,9,10,11,1,0,2,0,1,0,6224,0.039,0.071,0.012
213,6.542,6.222,0.001,0.009,0.052,0,0,,0,,,,0,,,,,40,40,0,2,3,0,3,3,1,0,1,9,10,11,1,0,2,0,1,0,6224,0.021,0.037,0.01
214,6.338,6.068,0,0.009,0.046,0,0,,0,,,,0,,,,,40,40,0,2,3,0,3,3,1,0,1,9,10,11,1,0,2,0,1,0,6224,0.016,0.028,0.009
215,5.813,5.481,0,0.011,0.025,0,0,,0,,,,0,,,,,40,40,0,2,3,0,3,3,1,0,1,9,10,11,1,0,2,0,1,0,6224,0.052,0.085,0.005
216,4.648,4.352,0,0.007,0.048,0,0,,0,,,,0,,,,,40,40,0,2,3,0,3,3,1,0,1,9,10,11,1,0,2,0,1,0,6224,0.021,0.043,0.007
217,4.205,3.944,0,0.01,0.04,0,0,,0,,,,0,,,,,40,40,0,2,3,0,3,3,1,0,1,9,10,11,1,0,2,0,1,0,6224,0.019,0.03,0.009
218,6.549,6.357,0,0.006,0.032,0,0,,0,,,,0,,,,,40,40,0,2,3,0,3,3,1,0,1,9,10,11,1,0,2,0,1,0,6224,0.014,0.023,0.005
219,7.043,6.644,0,0.011,0.042,0,0,,0,,,,0,,,,,40,40,0,2,3,0,3,3,1,0,1,9,10,11,1,0,2,0,1,0,6224,0.041,0.074,0.013
220,6.129,5.78,0,0.006,0.041,0,0,,0,,,,0,,,,,40,40,0,2,3,0,3,3,1,0,1,9,10,11,1,0,2,0,1,0,6224,0.026,0.054,0.009
221,5.527,5.184,0,0.012,0.037,0,0,,0,,,,0,,,,,40,40,0,2,3,0,3,3,1,0,1,9,10,11,1,0,2,0,1,0,6224,0.044,0.062,0.006
222,4.514,4.136,0,0.01,0.051,0,0,,0,,,,0,,,,,40,40,0,2,3,0,3,3,1,0,1,9,10,11,1,0,2,0,1,0,6224,0.023,0.041,0.011
223,3.49,3.235,0,0.006,0.03,0,0,,0,,,,0,,,,,40,40,0,2,3,0,3,3,1,0,1,9,10,11,1,0,2,0,1,0,6224,0.018,0.028,0.006
224,3.711,3.415,0,0.006,0.036,0,0,,0,,,,0,,,,,40,40,0,2,3,0,3,3,1,0,1,9,10,11,1,0,2,0,1,0,6224,0.029,0.053,0.009
225,4.911,4.565,0,0.012,0.038,0,0,,0,,,,0,,,,,40,40,0,2,3,0,3,3,1,0,1,9,10,11,1,0,2,0,1,0,6224,0.054,0.037,0.005
226,2.967,2.611,0,0.008,0.122,0,0,,0,,,,0,,,,,40,40,0,2,3,0,3,3,1,0,1,9,10,11,1,0,2,0,1,0,6224,0.02,0.038,0.007
227,2.843,2.534,0.001,0.009,0.046,0,0,,0,,,,0,,,,,40,40,0,2,3,0,3,3,1,0,1,9,10,11,1,0,2,0,1,0,6224,0.02,0.035,0.01
228,11.361,10.957,0,0.013,0.045,0,0,,0,,,,0,,,,,40,40,0,2,3,0,3,3,1,0,1,9,10,11,1,0,2,0,1,0,6224,0.042,0.079,0.009
229,3.228,2.638,0,0.008,0.116,0,0,,0,,,,0,,,,,40,40,0,2,3,0,3,3,1,0,1,9,10,11,1,0,2,0,1,0,6224,0.026,0.187,0.015
230,3.537,3.127,0,0.009,0.046,0,0,,0,,,,0,,,,,40,40,0,2,3,0,3,3,1,0,1,9,10,11,1,0,2,0,1,0,6224,0.024,0.083,0.008
231,2.969,2.61,0.001,0.01,0.03,0,0,,0,,,,0,,,,,40,40,0,2,3,0,3,3,1,0,1,9,10,11,1,0,2,0,1,0,6224,0.041,0.076,0.009
232,3.59,3.322,0.001,0.005,0.049,0,0,,0,,,,0,,,,,40,40,0,2,3,0,3,3,1,0,1,9,10,11,1,0,2,0,1,0,6224,0.029,0.055,0.004
233,2.267,2.066,0,0.004,0.034,0,0,,0,,,,0,,,,,40,40,0,2,3,0,3,3,1,0,1,9,10,11,1,0,2,0,1,0,6224,0.025,0.049,0.004
234,3.195,2.87,0.001,0.009,0.056,0,0,,0,,,,0,,,,,40,40,0,2,3,0,3,3,1,0,1,9,10,11,1,0,2,0,1,0,6224,0.025,0.04,0.007
235,4.674,4.376,0,0.035,0.046,0,0,,0,,,,0,,,,,40,40,0,2,3,0,3,3,1,0,1,9,10,11,1,0,2,0,1,0,6224,0.017,0.032,0.008
236,5.863,5.507,0.001,0.01,0.038,0,0,,0,,,,0,,,,,40,40,0,2,3,0,3,3,1,0,1,9,10,11,1,0,2,0,1,0,6224,0.047,0.06,0.007
237,3.458,3.098,0,0.009,0.04,0,0,,0,,,,0,,,,,40,40,0,2,3,0,3,3,1,0,1,9,10,11,1,0,2,0,1,0,6224,0.038,0.073,0.009
238,2.346,1.994,0,0.008,0.052,0,0,,0,,,,0,,,,,40,40,0,2,3,0,3,3,1,0,1,9,10,11,1,0,2,0,1,0,6224,0.047,0.044,0.006
239,2.446,2.084,0,0.009,0.063,0,0,,0,,,,0,,,,,40,40,0,2,3,0,3,3,1,0,1,9,10,11,1,0,2,0,1,0,6224,0.022,0.047,0.011
240,2.14,1.738,0.001,0.01,0.042,0,0,,1,187.5,231804928,286822400,1,70948032,70948032,167755776,38823561584,40,40,0,2,3,0,3,3,1,0,1,9,10,11,1,0,2,0,1,0,6224,0.04,0.072,0.011
241,3.868,3.63,0.001,0.007,0.031,0,0,,0,,,,0,,,,,40,40,0,2,3,0,3,3,1,0,1,9,10,11,1,0,2,0,1,0,6224,0.028,0.051,0.005
242,3.542,3.332,0,0.005,0.039,0,0,,0,,,,0,,,,,40,40,0,2,3,0,3,3,1,0,1,9,10,11,1,0,2,0,1,0,6224,0.024,0.045,0.003
243,4.425,3.997,0,0.006,0.054,0,0,,0,,,,0,,,,,40,40,0,2,3,0,3,3,1,0,1,9,10,11,1,0,2,0,1,0,6224,0.034,0.063,0.008
244,2.17,1.838,0,0.009,0.046,0,0,,0,,,,0,,,,,40,40,0,2,3,0,3,3,1,0,1,9,10,11,1,0,2,0,1,0,6224,0.024,0.037,0.009
245,2.652,2.315,0,0.01,0.044,0,0,,0,,,,0,,,,,40,40,0,2,3,0,3,3,1,0,1,9,10,11,1,0,2,0,1,0,6224,0.031,0.054,0.009
246,7.962,7.757,0,0.006,0.037,0,0,,0,,,,0,,,,,40,40,0,2,3,0,3,3,1,0,1,9,10,11,1,0,2,0,1,0,6224,0.024,0.043,0.004
247,3.128,2.934,0,0.005,0.028,0,0,,0,,,,0,,,,,40,40,0,2,3,0,3,3,1,0,1,9,10,11,1,0,2,0,1,0,6224,0.022,0.045,0.004
248,2.823,2.451,0.001,0.014,0.057,0,0,,0,,,,0,,,,,40,40,0,2,3,0,3,3,1,0,1,9,10,11,1,0,2,0,1,0,6224,0.026,0.046,0.01
249,2.235,1.883,0,0.01,0.036,0,0,,0,,,,0,,,,,40,40,0,2,3,0,3,3,1,0,1,9,10,11,1,0,2,0,1,0,6224,0.017,0.03,0.007
250,3.878,3.607,0,0.009,0.033,0,0,,0,,,,0,,,,,40,40,0,2,3,0,3,3,1,0,1,9,10,11,1,0,2,0,1,0,6224,0.076,0.031,0.003
251,2.395,2.09,0,0.006,0.026,0,0,,0,,,,0,,,,,40,40,0,2,3,0,3,3,1,0,1,9,10,11,1,0,2,0,1,0,6224,0.032,0.106,0.005
252,2.512,2.377,0,0.003,0.025,0,0,,0,,,,0,,,,,40,40,0,2,3,0,3,3,1,0,1,9,10,11,1,0,2,0,1,0,6224,0.012,0.028,0.003
253,3.41,3.115,0,0.007,0.057,0,0,,0,,,,0,,,,,40,40,0,2,3,0,3,3,1,0,1,9,10,11,1,0,2,0,1,0,6224,0.021,0.039,0.006
254,4.079,3.753,0,0.01,0.043,0,0,,0,,,,0,,,,,40,40,0,2,3,0,3,3,1,0,1,9,10,11,1,0,2,0,1,0,6224,0.025,0.046,0.01
255,3.279,3.092,0,0.005,0.026,0,0,,0,,,,0,,,,,40,40,0,2,3,0,3,3,1,0,1,9,10,11,1,0,2,0,1,0,6224,0.022,0.04,0.004
256,8.873,8.581,0,0.005,0.065,0,0,,0,,,,0,,,,,40,40,0,2,3,0,3,3,1,0,1,9,10,11,1,0,2,0,1,0,6224,0.017,0.029,0.053
257,9.919,9.269,0,0.01,0.393,0,0,,0,,,,0,,,,,40,40,0,2,3,0,3,3,1,0,1,9,10,11,1,0,2,0,1,0,6224,0.019,0.034,0.01
258,6.154,5.844,0.001,0.011,0.025,0,0,,0,,,,0,,,,,40,40,0,2,3,0,3,3,1,0,1,9,10,11,1,0,2,0,1,0,6224,0.014,0.024,0.005
259,2.957,2.574,0,0.01,0.049,0,0,,0,,,,0,,,,,40,40,0,2,3,0,3,3,1,0,1,9,10,11,1,0,2,0,1,0,6224,0.031,0.055,0.01
260,7.008,6.678,0.001,0.01,0.032,0,0,,0,,,,0,,,,,40,40,0,2,3,0,3,3,1,0,1,9,10,11,1,0,2,0,1,0,6224,0.033,0.063,0.009
261,3.119,2.831,0,0.012,0.026,0,0,,0,,,,0,,,,,40,40,0,2,3,0,3,3,1,0,1,9,10,11,1,0,2,0,1,0,6224,0.017,0.03,0.037
262,3.268,2.969,0,0.01,0.033,0,0,,0,,,,0,,,,,40,40,0,2,3,0,3,3,1,0,1,9,10,11,1,0,2,0,1,0,6224,0.017,0.029,0.004
263,2.484,2.149,0.001,0.007,0.061,0,0,,0,,,,0,,,,,40,40,0,2,3,0,3,3,1,0,1,9,10,11,1,0,2,0,1,0,6224,0.022,0.041,0.01
264,3.118,2.835,0.001,0.008,0.053,0,0,,0,,,,0,,,,,40,40,0,2,3,0,3,3,1,0,1,9,10,11,1,0,2,0,1,0,6224,0.019,0.033,0.009
265,5.934,5.576,0,0.011,0.042,0,0,,0,,,,0,,,,,40,40,0,2,3,0,3,3,1,0,1,9,10,11,1,0,2,0,1,0,6224,0.026,0.05,0.01
266,7.134,6.803,0,0.01,0.058,0,0,,0,,,,0,,,,,40,40,0,2,3,0,3,3,1,0,1,9,10,11,1,0,2,0,1,0,6224,0.02,0.037,0.011
267,5.944,5.635,0,0.008,0.068,0,0,,0,,,,0,,,,,40,40,0,2,3,0,3,3,1,0,1,9,10,11,1,0,2,0,1,0,6224,0.019,0.044,0.009
268,5.057,4.673,0,0.011,0.037,0,0,,0,,,,0,,,,,40,40,0,2,3,0,3,3,1,0,1,9,10,11,1,0,2,0,1,0,6224,0.041,0.079,0.008
269,4.444,4.164,0,0.006,0.041,0,0,,0,,,,0,,,,,40,40,0,2,3,0,3,3,1,0,1,9,10,11,1,0,2,0,1,0,6224,0.022,0.042,0.006
270,3.588,3.31,0,0.007,0.033,0,0,,1,250,231821312,286834688,1,70948032,70948032,167755776,38823561584,40,40,0,2,3,0,3,3,1,0,1,9,10,11,1,0,2,0,1,0,6224,0.017,0.029,0.008
271,4.329,3.96,0,0.012,0.029,0,0,,0,,,,0,,,,,40,40,0,2,3,0,3,3,1,0,1,9,10,11,1,0,2,0,1,0,6224,0.058,0.05,0.005
272,5.782,5.444,0,0.011,0.047,0,0,,0,,,,0,,,,,40,40,0,2,3,0,3,3,1,0,1,9,10,11,1,0,2,0,1,0,6224,0.03,0.056,0.007
273,2.916,2.666,0,0.005,0.04,0,0,,0,,,,0,,,,,40,40,0,2,3,0,3,3,1,0,1,9,10,11,1,0,2,0,1,0,6224,0.022,0.052,0.005
274,2.998,2.64,0.001,0.01,0.057,0,0,,0,,,,0,,,,,40,40,0,2,3,0,3,3,1,0,1,9,10,11,1,0,2,0,1,0,6224,0.025,0.043,0.011
275,6.304,6.168,0,0.004,0.023,0,0,,0,,,,0,,,,,40,40,0,2,3,0,3,3,1,0,1,9,10,11,1,0,2,0,1,0,6224,0.013,0.024,0.005
276,4.573,4.301,0,0.009,0.026,0,0,,0,,,,0,,,,,40,40,0,2,3,0,3,3,1,0,1,9,10,11,1,0,2,0,1,0,6224,0.052,0.022,0.005
277,3.006,2.813,0.001,0.005,0.029,0,0,,0,,,,0,,,,,40,40,0,2,3,0,3,3,1,0,1,9,10,11,1,0,2,0,1,0,6224,0.019,0.029,0.004
278,3.153,2.822,0,0.012,0.035,0,0,,0,,,,0,,,,,40,40,0,2,3,0,3,3,1,0,1,9,10,11,1,0,2,0,1,0,6224,0.046,0.031,0.009
279,2.895,2.589,0,0.009,0.032,0,0,,0,,,,0,,,,,40,40,0,2,3,0,3,3,1,0,1,9,10,11,1,0,2,0,1,0,6224,0.028,0.05,0.006
280,3.686,3.492,0,0.005,0.032,0,0,,0,,,,0,,,,,40,40,0,2,3,0,3,3,1,0,1,9,10,11,1,0,2,0,1,0,6224,0.021,0.04,0.003
281,3.343,3.093,0,0.005,0.045,0,0,,0,,,,0,,,,,40,40,0,2,3,0,3,3,1,0,1,9,10,11,1,0,2,0,1,0,6224,0.028,0.054,0.004
282,2.706,2.399,0.001,0.014,0.025,0,0,,0,,,,0,,,,,40,40,0,2,3,0,3,3,1,0,1,9,10,11,1,0,2,0,1,0,6224,0.032,0.06,0.007
283,2.275,1.962,0,0.009,0.049,0,0,,0,,,,0,,,,,40,40,0,2,3,0,3,3,1,0,1,9,10,11,1,0,2,0,1,0,6224,0.022,0.041,0.009
284,2.363,2.079,0,0.007,0.041,0,0,,0,,,,0,,,,,40,40,0,2,3,0,3,3,1,0,1,9,10,11,1,0,2,0,1,0,6224,0.025,0.046,0.007
285,4.032,3.674,0.001,0.009,0.042,0,0,,0,,,,0,,,,,40,40,0,2,3,0,3,3,1,0,1,9,10,11,1,0,2,0,1,0,6224,0.037,0.067,0.009
286,2.812,2.489,0,0.008,0.033,0,0,,0,,,,0,,,,,40,40,0,2,3,0,3,3,1,0,1,9,10,11,1,0,2,0,1,0,6224,0.034,0.064,0.007
287,3.348,3.024,0,0.012,0.03,0,0,,0,,,,0,,,,,40,40,0,2,3,0,3,3,1,0,1,9,10,11,1,0,2,0,1,0,6224,0.037,0.069,0.008
288,2.337,2.064,0.001,0.006,0.036,0,0,,0,,,,0,,,,,40,40,0,2,3,0,3,3,1,0,1,9,10,11,1,0,2,0,1,0,6224,0.033,0.06,0.004
289,3.119,2.773,0,0.009,0.056,0,0,,0,,,,0,,,,,40,40,0,2,3,0,3,3,1,0,1,9,10,11,1,0,2,0,1,0,6224,0.024,0.044,0.01
290,2.343,2.008,0,0.007,0.044,0,0,,0,,,,0,,,,,40,40,0,2,3,0,3,3,1,0,1,9,10,11,1,0,2,0,1,0,6224,0.031,0.056,0.007
291,3.607,3.307,0,0.01,0.04,0,0,,0,,,,0,,,,,40,40,0,2,3,0,3,3,1,0,1,9,10,11,1,0,2,0,1,0,6224,0.035,0.06,0.004
292,3.129,2.908,0,0.009,0.035,0,0,,0,,,,0,,,,,40,40,0,2,3,0,3,3,1,0,1,9,10,11,1,0,2,0,1,0,6224,0.024,0.043,0.005
293,3.23,3.063,0,0.005,0.027,0,0,,0,,,,0,,,,,40,40,0,2,3,0,3,3,1,0,1,9,10,11,1,0,2,0,1,0,6224,0.02,0.037,0.003
294,4.115,3.762,0,0.01,0.045,0,0,,0,,,,0,,,,,40,40,0,2,3,0,3,3,1,0,1,9,10,11,1,0,2,0,1,0,6224,0.027,0.037,0.011
295,3.04,2.774,0,0.009,0.031,0,0,,0,,,,0,,,,,40,40,0,2,3,0,3,3,1,0,1,9,10,11,1,0,2,0,1,0,6224,0.025,0.042,0.007
296,6.125,5.832,0,0.008,0.037,0,0,,0,,,,0,,,,,40,40,0,2,3,0,3,3,1,0,1,9,10,11,1,0,2,0,1,0,6224,0.028,0.049,0.006
297,2.894,2.691,0,0.005,0.038,0,0,,0,,,,0,,,,,40,40,0,2,3,0,3,3,1,0,1,9,10,11,1,0,2,0,1,0,6224,0.023,0.044,0.003
298,3.222,2.832,0,0.012,0.07,0,0,,0,,,,0,,,,,40,40,0,2,3,0,3,3,1,0,1,9,10,11,1,0,2,0,1,0,6224,0.027,0.063,0.012
299,3.476,3.217,0,0.008,0.027,0,0,,0,,,,0,,,,,40,40,0,2,3,0,3,3,1,0,1,9,10,11,1,0,2,0,1,0,6224,0.03,0.043,0.006
300,6.651,6.327,0,0.009,0.032,0,0,,1,250,231829504,286834688,1,70948032,70948032,167755776,38823561584,40,40,0,2,3,0,3,3,1,0,1,9,10,11,1,0,2,0,1,0,6224,0.037,0.056,0.006
301,2.166,1.994,0,0.005,0.019,0,0,,0,,,,0,,,,,40,40,0,2,3,0,3,3,1,0,1,9,10,11,1,0,2,0,1,0,6224,0.022,0.041,0.004
302,2.677,2.487,0,0.005,0.032,0,0,,0,,,,0,,,,,40,40,0,2,3,0,3,3,1,0,1,9,10,11,1,0,2,0,1,0,6224,0.015,0.029,0.004
303,3.611,3.328,0,0.008,0.032,0,0,,0,,,,0,,,,,40,40,0,2,3,0,3,3,1,0,1,9,10,11,1,0,2,0,1,0,6224,0.019,0.032,0.009
304,2.394,2.279,0,0.003,0.02,0,0,,0,,,,0,,,,,40,40,0,2,3,0,3,3,1,0,1,9,10,11,1,0,2,0,1,0,6224,0.013,0.023,0.003
305,4.279,4.046,0,0.008,0.025,0,0,,0,,,,0,,,,,40,40,0,2,3,0,3,3,1,0,1,9,10,11,1,0,2,0,1,0,6224,0.028,0.053,0.004
306,2.887,2.66,0,0.007,0.021,0,0,,0,,,,0,,,,,40,40,0,2,3,0,3,3,1,0,1,9,10,11,1,0,2,0,1,0,6224,0.033,0.061,0.003
307,2.375,2.133,0,0.007,0.017,0,0,,0,,,,0,,,,,40,40,0,2,3,0,3,3,1,0,1,9,10,11,1,0,2,0,1,0,6224,0.033,0.094,0.002
308,2.71,2.381,0,0.008,0.045,0,0,,0,,,,0,,,,,40,40,0,2,3,0,3,3,1,0,1,9,10,11,1,0,2,0,1,0,6224,0.019,0.071,0.009
309,2.78,2.493,0,0.009,0.029,0,0,,0,,,,0,,,,,40,40,0,2,3,0,3,3,1,0,1,9,10,11,1,0,2,0,1,0,6224,0.051,0.024,0.006
310,4.523,4.247,0,0.009,0.025,0,0,,0,,,,0,,,,,40,40,0,2,3,0,3,3,1,0,1,9,10,11,1,0,2,0,1,0,6224,0.097,0.024,0.003
311,2.921,2.669,0,0.003,0.025,0,0,,0,,,,0,,,,,40,40,0,2,3,0,3,3,1,0,1,9,10,11,1,0,2,0,1,0,6224,0.027,0.092,0.005
312,2.331,2.125,0,0.004,0.032,0,0,,0,,,,0,,,,,40,40,0,2,3,0,3,3,1,0,1,9,10,11,1,0,2,0,1,0,6224,0.016,0.029,0.004
313,6.246,5.888,0,0.01,0.045,0,0,,0,,,,0,,,,,40,40,0,2,3,0,3,3,1,0,1,9,10,11,1,0,2,0,1,0,6224,0.03,0.056,0.012
314,6.035,5.733,0,0.008,0.047,0,0,,0,,,,0,,,,,40,40,0,2,3,0,3,3,1,0,1,9,10,11,1,0,2,0,1,0,6224,0.021,0.038,0.01
315,8.778,8.464,0,0.009,0.049,0,0,,0,,,,0,,,,,40,40,0,2,3,0,3,3,1,0,1,9,10,11,1,0,2,0,1,0,6224,0.021,0.035,0.01
316,5.989,5.674,0,0.009,0.027,0,0,,0,,,,0,,,,,40,40,0,2,3,0,3,3,1,0,1,9,10,11,1,0,2,0,1,0,6224,0.034,0.065,0.008
317,4.852,4.552,0,0.007,0.04,0,0,,0,,,,0,,,,,40,40,0,2,3,0,3,3,1,0,1,9,10,11,1,0,2,0,1,0,6224,0.034,0.067,0.006
318,2.673,2.37,0.001,0.014,0.027,0,0,,0,,,,0,,,,,40,40,0,2,3,0,3,3,1,0,1,9,10,11,1,0,2,0,1,0,6224,0.03,0.06,0.004
319,5.054,4.761,0,0.009,0.04,0,0,,0,,,,0,,,,,40,40,0,2,3,0,3,3,1,0,1,9,10,11,1,0,2,0,1,0,6224,0.02,0.035,0.01
320,3.253,2.93,0,0.016,0.027,0,0,,0,,,,0,,,,,40,40,0,2,3,0,3,3,1,0,1,9,10,11,1,0,2,0,1,0,6224,0.017,0.026,0.008
321,3.266,2.961,0.001,0.008,0.023,0,0,,0,,,,0,,,,,40,40,0,2,3,0,3,3,1,0,1,9,10,11,1,0,2,0,1,0,6224,0.012,0.077,0.003
322,1.968,1.714,0,0.006,0.038,0,0,,0,,,,0,,,,,40,40,0,2,3,0,3,3,1,0,1,9,10,11,1,0,2,0,1,0,6224,0.023,0.042,0.005
323,2.401,2.208,0,0.005,0.031,0,0,,0,,,,0,,,,,40,40,0,2,3,0,3,3,1,0,1,9,10,11,1,0,2,0,1,0,6224,0.021,0.04,0.004
324,4.257,3.956,0.001,0.009,0.042,0,0,,0,,,,0,,,,,40,40,0,2,3,0,3,3,1,0,1,9,10,11,1,0,2,0,1,0,6224,0.021,0.036,0.01
325,5.733,5.607,0,0.004,0.019,0,0,,0,,,,0,,,,,40,40,0,2,3,0,3,3,1,0,1,9,10,11,1,0,2,0,1,0,6224,0.013,0.024,0.003
326,6.587,6.34,0,0.008,0.025,0,0,,0,,,,0,,,,,40,40,0,2,3,0,3,3,1,0,1,9,10,11,1,0,2,0,1,0,6224,0.027,0.049,0.004
327,4.002,3.698,0.001,0.008,0.05,0,0,,0,,,,0,,,,,40,40,0,2,3,0,3,3,1,0,1,9,10,11,1,0,2,0,1,0,6224,0.021,0.036,0.008
328,3.286,2.964,0.001,0.013,0.033,0,0,,0,,,,0,,,,,40,40,0,2,3,0,3,3,1,0,1,9,10,11,1,0,2,0,1,0,6224,0.023,0.028,0.008
329,4.239,3.956,0.001,0.008,0.025,0,0,,0,,,,0,,,,,40,40,0,2,3,0,3,3,1,0,1,9,10,11,1,0,2,0,1,0,6224,0.088,0.022,0.004
330,3.003,2.807,0,0.008,0.02,0,0,,1,281.25,231895040,286834688,1,70948032,70948032,167755776,38823561584,40,40,0,2,3,0,3,3,1,0,1,9,10,11,1,0,2,0,1,0,6224,0.038,0.021,0.002
331,3.017,2.776,0.001,0.006,0.04,0,0,,0,,,,0,,,,,40,40,0,2,3,0,3,3,1,0,1,9,10,11,1,0,2,0,1,0,6224,0.024,0.044,0.006
332,3.856,3.476,0,0.009,0.045,0,0,,0,,,,0,,,,,40,40,0,2,3,0,3,3,1,0,1,9,10,11,1,0,2,0,1,0,6224,0.028,0.051,0.01
333,4.665,4.377,0,0.006,0.04,0,0,,0,,,,0,,,,,40,40,0,2,3,0,3,3,1,0,1,9,10,11,1,0,2,0,1,0,6224,0.022,0.043,0.007
334,3.603,3.378,0,0.006,0.036,0,0,,0,,,,0,,,,,40,40,0,2,3,0,3,3,1,0,1,9,10,11,1,0,2,0,1,0,6224,0.015,0.026,0.007
335,3.05,2.722,0.001,0.007,0.034,0,0,,0,,,,0,,,,,40,40,0,2,3,0,3,3,1,0,1,9,10,11,1,0,2,0,1,0,6224,0.038,0.042,0.006
336,2.924,2.631,0,0.01,0.039,0,0,,0,,,,0,,,,,40,40,0,2,3,0,3,3,1,0,1,9,10,11,1,0,2,0,1,0,6224,0.017,0.066,0.006
337,3.624,3.285,0,0.01,0.024,0,0,,0,,,,0,,,,,40,40,0,2,3,0,3,3,1,0,1,9,10,11,1,0,2,0,1,0,6224,0.041,0.072,0.01
338,4.718,4.35,0.001,0.006,0.046,0,0,,0,,,,0,,,,,40,40,0,2,3,0,3,3,1,0,1,9,10,11,1,0,2,0,1,0,6224,0.08,0.065,0.01
339,2.751,2.451,0.001,0.009,0.038,0,0,,0,,,,0,,,,,40,40,0,2,3,0,3,3,1,0,1,9,10,11,1,0,2,0,1,0,6224,0.03,0.053,0.008
340,4.494,4.089,0,0.013,0.084,0,0,,0,,,,0,,,,,40,40,0,2,3,0,3,3,1,0,1,9,10,11,1,0,2,0,1,0,6224,0.029,0.053,0.01
341,5.514,5.188,0,0.01,0.044,0,0,,0,,,,0,,,,,40,40,0,2,3,0,3,3,1,0,1,9,10,11,1,0,2,0,1,0,6224,0.025,0.045,0.01
342,5.427,5.118,0,0.008,0.024,0,0,,0,,,,0,,,,,40,40,0,2,3,0,3,3,1,0,1,9,10,11,1,0,2,0,1,0,6224,0.036,0.067,0.008
343,5.564,5.309,0,0.007,0.041,0,0,,0,,,,0,,,,,40,40,0,2,3,0,3,3,1,0,1,9,10,11,1,0,2,0,1,0,6224,0.02,0.03,0.007
344,4.025,3.608,0,0.011,0.039,0,0,,0,,,,0,,,,,40,40,0,2,3,0,3,3,1,0,1,9,10,11,1,0,2,0,1,0,6224,0.039,0.074,0.011
345,2.807,2.461,0.001,0.024,0.029,0,0,,0,,,,0,,,,,40,40,0,2,3,0,3,3,1,0,1,9,10,11,1,0,2,0,1,0,6224,0.019,0.028,0.008
346,3.573,3.244,0,0.009,0.04,0,0,,0,,,,0,,,,,40,40,0,2,3,0,3,3,1,0,1,9,10,11,1,0,2,0,1,0,6224,0.036,0.068,0.006
347,2.878,2.683,0,0.004,0.033,0,0,,0,,,,0,,,,,40,40,0,2,3,0,3,3,1,0,1,9,10,11,1,0,2,0,1,0,6224,0.024,0.043,0.004
348,4.598,4.261,0.001,0.005,0.032,0,0,,0,,,,0,,,,,40,40,0,2,3,0,3,3,1,0,1,9,10,11,1,0,2,0,1,0,6224,0.015,0.075,0.011
349,4.697,4.378,0,0.009,0.031,0,0,,0,,,,0,,,,,40,40,0,2,3,0,3,3,1,0,1,9,10,11,1,0,2,0,1,0,6224,0.029,0.055,0.007
350,4.075,3.845,0,0.005,0.038,0,0,,0,,,,0,,,,,40,40,0,2,3,0,3,3,1,0,1,9,10,11,1,0,2,0,1,0,6224,0.025,0.048,0.004
351,2.977,2.671,0,0.006,0.053,0,0,,0,,,,0,,,,,40,40,0,2,3,0,3,3,1,0,1,9,10,11,1,0,2,0,1,0,6224,0.032,0.061,0.006
352,2.989,2.727,0,0.006,0.04,0,0,,0,,,,0,,,,,40,40,0,2,3,0,3,3,1,0,1,9,10,11,1,0,2,0,1,0,6224,0.02,0.035,0.007
353,5.542,5.101,0,0.012,0.044,0,0,,0,,,,0,,,,,40,40,0,2,3,0,3,3,1,0,1,9,10,11,1,0,2,0,1,0,6224,0.042,0.107,0.008
354,4.473,4.177,0.001,0.008,0.036,0,0,,0,,,,0,,,,,40,40,0,2,3,0,3,3,1,0,1,9,10,11,1,0,2,0,1,0,6224,0.028,0.051,0.007
355,5.395,5.041,0,0.006,0.042,0,0,,0,,,,0,,,,,40,40,0,2,3,0,3,3,1,0,1,9,10,11,1,0,2,0,1,0,6224,0.029,0.029,0.009
356,4.566,4.114,0,0.009,0.046,0,0,,0,,,,0,,,,,40,40,0,2,3,0,3,3,1,0,1,9,10,11,1,0,2,0,1,0,6224,0.046,0.079,0.009
357,4.775,4.424,0,0.011,0.032,0,0,,0,,,,0,,,,,40,40,0,2,3,0,3,3,1,0,1,9,10,11,1,0,2,0,1,0,6224,0.075,0.027,0.007
358,2.821,2.552,0.001,0.007,0.023,0,0,,0,,,,0,,,,,40,40,0,2,3,0,3,3,1,0,1,9,10,11,1,0,2,0,1,0,6224,0.033,0.063,0.006
359,3.779,3.292,0,0.009,0.038,0,0,,0,,,,0,,,,,40,40,0,2,3,0,3,3,1,0,1,9,10,11,1,0,2,0,1,0,6224,0.151,0.063,0.01
360,2.647,2.346,0,0.007,0.045,0,0,,1,296.875,231895040,286834688,1,70948032,70948032,167755776,38823561584,40,40,0,2,3,0,3,3,1,0,1,9,10,11,1,0,2,0,1,0,6224,0.029,0.053,0.006
361,4.344,3.995,0,0.01,0.037,0,0,,0,,,,0,,,,,40,40,0,2,3,0,3,3,1,0,1,9,10,11,1,0,2,0,1,0,6224,0.031,0.056,0.009
362,5.143,4.808,0,0.009,0.032,0,0,,0,,,,0,,,,,40,40,0,2,3,0,3,3,1,0,1,9,10,11,1,0,2,0,1,0,6224,0.031,0.059,0.008
363,5.295,4.962,0.001,0.012,0.032,0,0,,0,,,,0,,,,,40,40,0,2,3,0,3,3,1,0,1,9,10,11,1,0,2,0,1,0,6224,0.042,0.045,0.006
364,5.134,4.854,0,0.008,0.069,0,0,,0,,,,0,,,,,40,40,0,2,3,0,3,3,1,0,1,9,10,11,1,0,2,0,1,0,6224,0.016,0.026,0.008
365,4.28,3.972,0,0.009,0.037,0,0,,0,,,,0,,,,,40,40,0,2,3,0,3,3,1,0,1,9,10,11,1,0,2,0,1,0,6224,0.028,0.051,0.007
366,3.682,3.36,0.001,0.013,0.032,0,0,,0,,,,0,,,,,40,40,0,2,3,0,3,3,1,0,1,9,10,11,1,0,2,0,1,0,6224,0.042,0.026,0.004
367,2.839,2.567,0,0.006,0.043,0,0,,0,,,,0,,,,,40,40,0,2,3,0,3,3,1,0,1,9,10,11,1,0,2,0,1,0,6224,0.045,0.037,0.007
368,4.237,3.952,0,0.006,0.034,0,0,,0,,,,0,,,,,40,40,0,2,3,0,3,3,1,0,1,9,10,11,1,0,2,0,1,0,6224,0.019,0.034,0.007
369,4.89,4.585,0,0.009,0.032,0,0,,0,,,,0,,,,,40,40,0,2,3,0,3,3,1,0,1,9,10,11,1,0,2,0,1,0,6224,0.03,0.054,0.01
370,3.638,3.366,0,0.013,0.03,0,0,,0,,,,0,,,,,40,40,0,2,3,0,3,3,1,0,1,9,10,11,1,0,2,0,1,0,6224,0.014,0.021,0.006
371,2.981,2.711,0.001,0.009,0.014,0,0,,0,,,,0,,,,,40,40,0,2,3,0,3,3,1,0,1,9,10,11,1,0,2,0,1,0,6224,0.124,0.021,0.002
372,2.335,2.014,0,0.007,0.108,0,0,,0,,,,0,,,,,40,40,0,2,3,0,3,3,1,0,1,9,10,11,1,0,2,0,1,0,6224,0.025,0.048,0.006
373,2.406,2.042,0,0.009,0.038,0,0,,0,,,,0,,,,,40,40,0,2,3,0,3,3,1,0,1,9,10,11,1,0,2,0,1,0,6224,0.034,0.061,0.009
374,2.139,1.863,0,0.01,0.03,0,0,,0,,,,0,,,,,40,40,0,2,3,0,3,3,1,0,1,9,10,11,1,0,2,0,1,0,6224,0.016,0.027,0.005
375,6.24,5.937,0,0.01,0.029,0,0,,0,,,,0,,,,,40,40,0,2,3,0,3,3,1,0,1,9,10,11,1,0,2,0,1,0,6224,0.039,0.073,0.007
376,3.697,3.491,0,0.004,0.057,0,0,,0,,,,0,,,,,40,40,0,2,3,0,3,3,1,0,1,9,10,11,1,0,2,0,1,0,6224,0.015,0.027,0.004
377,3.133,2.829,0,0.007,0.062,0,0,,0,,,,0,,,,,40,40,0,2,3,0,3,3,1,0,1,9,10,11,1,0,2,0,1,0,6224,0.024,0.045,0.007
378,3.723,3.464,0,0.007,0.069,0,0,,0,,,,0,,,,,40,40,0,2,3,0,3,3,1,0,1,9,10,11,1,0,2,0,1,0,6224,0.016,0.027,0.007
379,3.716,3.427,0,0.01,0.032,0,0,,0,,,,0,,,,,40,40,0,2,3,0,3,3,1,0,1,9,10,11,1,0,2,0,1,0,6224,0.032,0.056,0.008
380,3.783,3.551,0,0.008,0.033,0,0,,0,,,,0,,,,,40,40,0,2,3,0,3,3,1,0,1,9,10,11,1,0,2,0,1,0,6224,0.021,0.03,0.004
381,2.45,2.133,0,0.012,0.045,0,0,,0,,,,0,,,,,40,40,0,2,3,0,3,3,1,0,1,9,10,11,1,0,2,0,1,0,6224,0.034,0.064,0.007
382,2.062,1.908,0,0.004,0.029,0,0,,0,,,,0,,,,,40,40,0,2,3,0,3,3,1,0,1,9,10,11,1,0,2,0,1,0,6224,0.015,0.031,0.002
383,2.599,2.349,0,0.007,0.038,0,0,,0,,,,0,,,,,40,40,0,2,3,0,3,3,1,0,1,9,10,11,1,0,2,0,1,0,6224,0.018,0.032,0.008
384,2.936,2.569,0,0.008,0.029,0,0,,0,,,,0,,,,,40,40,0,2,3,0,3,3,1,0,1,9,10,11,1,0,2,0,1,0,6224,0.157,0.029,0.004
385,2.594,2.432,0,0.004,0.024,0,0,,0,,,,0,,,,,40,40,0,2,3,0,3,3,1,0,1,9,10,11,1,0,2,0,1,0,6224,0.015,0.024,0.004
386,3.941,3.654,0,0.007,0.046,0,0,,0,,,,0,,,,,40,40,0,2,3,0,3,3,1,0,1,9,10,11,1,0,2,0,1,0,6224,0.029,0.056,0.006
387,3.014,2.821,0,0.005,0.041,0,0,,0,,,,0,,,,,40,40,0,2,3,0,3,3,1,0,1,9,10,11,1,0,2,0,1,0,6224,0.021,0.041,0.003
388,3.259,2.994,0.001,0.009,0.042,0,0,,0,,,,0,,,,,40,40,0,2,3,0,3,3,1,0,1,9,10,11,1,0,2,0,1,0,6224,0.019,0.034,0.007
389,3.625,3.422,0,0.008,0.027,0,0,,0,,,,0,,,,,40,40,0,2,3,0,3,3,1,0,1,9,10,11,1,0,2,0,1,0,6224,0.017,0.028,0.005
390,5.244,4.872,0,0.01,0.047,0,0,,1,359.375,231895040,286834688,1,70948032,70948032,167755776,38823561584,40,40,0,2,3,0,3,3,1,0,1,9,10,11,1,0,2,0,1,0,6224,0.032,0.048,0.007
391,1.797,1.539,0,0.006,0.026,0,0,,0,,,,0,,,,,40,40,0,2,3,0,3,3,1,0,1,9,10,11,1,0,2,0,1,0,6224,0.031,0.047,0.003
392,2.1,1.833,0,0.005,0.037,0,0,,0,,,,0,,,,,40,40,0,2,3,0,3,3,1,0,1,9,10,11,1,0,2,0,1,0,6224,0.029,0.087,0.004
393,2.17,1.862,0.001,0.006,0.061,0,0,,0,,,,0,,,,,40,40,0,2,3,0,3,3,1,0,1,9,10,11,1,0,2,0,1,0,6224,0.023,0.043,0.006
394,2.139,1.817,0,0.009,0.052,0,0,,0,,,,0,,,,,40,40,0,2,3,0,3,3,1,0,1,9,10,11,1,0,2,0,1,0,6224,0.026,0.049,0.007
395,2.535,2.242,0,0.009,0.031,0,0,,0,,,,0,,,,,40,40,0,2,3,0,3,3,1,0,1,9,10,11,1,0,2,0,1,0,6224,0.015,0.026,0.004
396,2.921,2.561,0.001,0.006,0.025,0,0,,0,,,,0,,,,,40,40,0,2,3,0,3,3,1,0,1,9,10,11,1,0,2,0,1,0,6224,0.036,0.146,0.003
397,1.708,1.371,0.001,0.032,0.034,0,0,,0,,,,0,,,,,40,40,0,2,3,0,3,3,1,0,1,9,10,11,1,0,2,0,1,0,6224,0.031,0.059,0.006
398,2.358,2.06,0,0.012,0.048,0,0,,0,,,,0,,,,,40,40,0,2,3,0,3,3,1,0,1,9,10,11,1,0,2,0,1,0,6224,0.029,0.047,0.006
399,2.479,2.267,0,0.005,0.039,0,0,,0,,,,0,,,,,40,40,0,2,3,0,3,3,1,0,1,9,10,11,1,0,2,0,1,0,6224,0.024,0.045,0.004
400,3.286,3.029,0,0.006,0.042,0,0,,0,,,,0,,,,,40,40,0,2,3,0,3,3,1,0,1,9,10,11,1,0,2,0,1,0,6224,0.015,0.025,0.007
401,3.372,3.138,0.001,0.007,0.039,0,0,,0,,,,0,,,,,40,40,0,2,3,0,3,3,1,0,1,9,10,11,1,0,2,0,1,0,6224,0.016,0.028,0.008
402,6.632,6.417,0,0.007,0.047,0,0,,0,,,,0,,,,,40,40,0,2,3,0,3,3,1,0,1,9,10,11,1,0,2,0,1,0,6224,0.014,0.022,0.005
403,5.419,5.136,0,0.009,0.044,0,0,,0,,,,0,,,,,40,40,0,2,3,0,3,3,1,0,1,9,10,11,1,0,2,0,1,0,6224,0.02,0.036,0.01
404,6.222,5.944,0,0.008,0.044,0,0,,0,,,,0,,,,,40,40,0,2,3,0,3,3,1,0,1,9,10,11,1,0,2,0,1,0,6224,0.018,0.029,0.008
405,5.378,5.149,0,0.007,0.034,0,0,,0,,,,0,,,,,40,40,0,2,3,0,3,3,1,0,1,9,10,11,1,0,2,0,1,0,6224,0.018,0.032,0.008
406,4.309,3.925,0.001,0.011,0.031,0,0,,0,,,,0,,,,,40,40,0,2,3,0,3,3,1,0,1,9,10,11,1,0,2,0,1,0,6224,0.022,0.158,0.007
407,3.729,3.371,0,0.01,0.046,0,0,,0,,,,0,,,,,40,40,0,2,3,0,3,3,1,0,1,9,10,11,1,0,2,0,1,0,6224,0.032,0.056,0.01
408,5.029,4.741,0,0.012,0.031,0,0,,0,,,,0,,,,,40,40,0,2,3,0,3,3,1,0,1,9,10,11,1,0,2,0,1,0,6224,0.029,0.041,0.005
409,3.837,3.513,0.001,0.006,0.05,0,0,,0,,,,0,,,,,40,40,0,2,3,0,3,3,1,0,1,9,10,11,1,0,2,0,1,0,6224,0.035,0.067,0.007
410,2.644,2.453,0,0.005,0.031,0,0,,0,,,,0,,,,,40,40,0,2,3,0,3,3,1,0,1,9,10,11,1,0,2,0,1,0,6224,0.024,0.045,0.003
411,2.391,2.049,0,0.005,0.053,0,0,,0,,,,0,,,,,40,40,0,2,3,0,3,3,1,0,1,9,10,11,1,0,2,0,1,0,6224,0.018,0.032,0.035
412,2.737,2.472,0,0.008,0.032,0,0,,0,,,,0,,,,,40,40,0,2,3,0,3,3,1,0,1,9,10,11,1,0,2,0,1,0,6224,0.028,0.049,0.006
413,3.691,3.52,0,0.005,0.024,0,0,,0,,,,0,,,,,40,40,0,2,3,0,3,3,1,0,1,9,10,11,1,0,2,0,1,0,6224,0.022,0.039,0.003
414,4.096,3.78,0,0.01,0.037,0,0,,0,,,,0,,,,,40,40,0,2,3,0,3,3,1,0,1,9,10,11,1,0,2,0,1,0,6224,0.031,0.055,0.006
415,2.77,2.496,0,0.008,0.048,0,0,,0,,,,0,,,,,40,40,0,2,3,0,3,3,1,0,1,9,10,11,1,0,2,0,1,0,6224,0.031,0.054,0.004
416,2.328,2.104,0,0.006,0.028,0,0,,0,,,,0,,,,,40,40,0,2,3,0,3,3,1,0,1,9,10,11,1,0,2,0,1,0,6224,0.025,0.043,0.004
417,3.091,2.783,0,0.008,0.045,0,0,,0,,,,0,,,,,40,40,0,2,3,0,3,3,1,0,1,9,10,11,1,0,2,0,1,0,6224,0.022,0.05,0.008
418,3.984,3.637,0,0.007,0.03,0,0,,0,,,,0,,,,,40,40,0,2,3,0,3,3,1,0,1,9,10,11,1,0,2,0,1,0,6224,0.037,0.071,0.008
419,3.786,3.51,0,0.007,0.045,0,0,,0,,,,0,,,,,40,40,0,2,3,0,3,3,1,0,1,9,10,11,1,0,2,0,1,0,6224,0.025,0.044,0.006
420,2.941,2.744,0,0.009,0.026,0,0,,1,359.375,231895040,286834688,1,70948032,70948032,167755776,38823561584,40,40,0,2,3,0,3,3,1,0,1,9,10,11,1,0,2,0,1,0,6224,0.015,0.048,0.003
421,2.521,2.158,0,0.008,0.108,0,0,,0,,,,0,,,,,40,40,0,2,3,0,3,3,1,0,1,9,10,11,1,0,2,0,1,0,6224,0.033,0.055,0.002
422,3.739,3.484,0,0.007,0.034,0,0,,0,,,,0,,,,,40,40,0,2,3,0,3,3,1,0,1,9,10,11,1,0,2,0,1,0,6224,0.015,0.024,0.008
423,4.527,4.248,0,0.007,0.03,0,0,,0,,,,0,,,,,40,40,0,2,3,0,3,3,1,0,1,9,10,11,1,0,2,0,1,0,6224,0.035,0.104,0.004
424,3.72,3.51,0,0.005,0.019,0,0,,0,,,,0,,,,,40,40,0,2,3,0,3,3,1,0,1,9,10,11,1,0,2,0,1,0,6224,0.024,0.09,0.003
425,3.005,2.609,0,0.016,0.054,0,0,,0,,,,0,,,,,40,40,0,2,3,0,3,3,1,0,1,9,10,11,1,0,2,0,1,0,6224,0.03,0.057,0.011
426,2.681,2.428,0,0.005,0.065,0,0,,0,,,,0,,,,,40,40,0,2,3,0,3,3,1,0,1,9,10,11,1,0,2,0,1,0,6224,0.015,0.034,0.007
427,3.019,2.771,0,0.008,0.029,0,0,,0,,,,0,,,,,40,40,0,2,3,0,3,3,1,0,1,9,10,11,1,0,2,0,1,0,6224,0.017,0.051,0.009
428,2.254,2.116,0,0.003,0.023,0,0,,0,,,,0,,,,,40,40,0,2,3,0,3,3,1,0,1,9,10,11,1,0,2,0,1,0,6224,0.015,0.027,0.003
429,3.87,3.552,0.001,0.009,0.043,0,0,,0,,,,0,,,,,40,40,0,2,3,0,3,3,1,0,1,9,10,11,1,0,2,0,1,0,6224,0.038,0.052,0.005
430,2.55,2.356,0,0.011,0.026,0,0,,0,,,,0,,,,,40,40,0,2,3,0,3,3,1,0,1,9,10,11,1,0,2,0,1,0,6224,0.017,0.051,0.003
431,2.525,2.242,0,0.007,0.063,0,0,,0,,,,0,,,,,40,40,0,2,3,0,3,3,1,0,1,9,10,11,1,0,2,0,1,0,6224,0.023,0.043,0.005
432,1.963,1.761,0,0.006,0.03,0,0,,0,,,,0,,,,,40,40,0,2,3,0,3,3,1,0,1,9,10,11,1,0,2,0,1,0,6224,0.016,0.029,0.004
433,2.886,2.625,0,0.007,0.035,0,0,,0,,,,0,,,,,40,40,0,2,3,0,3,3,1,0,1,9,10,11,1,0,2,0,1,0,6224,0.017,0.059,0.007
434,4.867,4.617,0.001,0.007,0.021,0,0,,0,,,,0,,,,,40,40,0,2,3,0,3,3,1,0,1,9,10,11,1,0,2,0,1,0,6224,0.034,0.051,0.004
435,4.976,4.78,0,0.006,0.029,0,0,,0,,,,0,,,,,40,40,0,2,3,0,3,3,1,0,1,9,10,11,1,0,2,0,1,0,6224,0.014,0.053,0.003
436,2.511,2.362,0,0.003,0.044,0,0,,0,,,,0,,,,,40,40,0,2,3,0,3,3,1,0,1,9,10,11,1,0,2,0,1,0,6224,0.013,0.023,0.002
437,3.296,2.967,0,0.009,0.034,0,0,,0,,,,0,,,,,40,40,0,2,3,0,3,3,1,0,1,9,10,11,1,0,2,0,1,0,6224,0.058,0.048,0.009
438,3.413,3.163,0,0.008,0.026,0,0,,0,,,,0,,,,,40,40,0,2,3,0,3,3,1,0,1,9,10,11,1,0,2,0,1,0,6224,0.036,0.072,0.003
439,4.486,4.193,0,0.01,0.035,0,0,,0,,,,0,,,,,40,40,0,2,3,0,3,3,1,0,1,9,10,11,1,0,2,0,1,0,6224,0.025,0.043,0.006
440,3.014,2.82,0,0.005,0.02,0,0,,0,,,,0,,,,,40,40,0,2,3,0,3,3,1,0,1,9,10,11,1,0,2,0,1,0,6224,0.021,0.04,0.004
441,2.466,2.203,0,0.013,0.035,0,0,,0,,,,0,,,,,40,40,0,2,3,0,3,3,1,0,1,9,10,11,1,0,2,0,1,0,6224,0.03,0.052,0.005
442,2.756,2.137,0,0.007,0.176,0,0,,0,,,,0,,,,,40,40,0,2,3,0,3,3,1,0,1,9,10,11,1,0,2,0,1,0,6224,0.068,0.049,0.01
443,5.607,5.274,0,0.011,0.037,0,0,,0,,,,0,,,,,40,40,0,2,3,0,3,3,1,0,1,9,10,11,1,0,2,0,1,0,6224,0.03,0.051,0.006
444,2.708,2.518,0.001,0.006,0.02,0,0,,0,,,,0,,,,,40,40,0,2,3,0,3,3,1,0,1,9,10,11,1,0,2,0,1,0,6224,0.022,0.043,0.004
445,3.336,3.14,0,0.011,0.052,0,0,,0,,,,0,,,,,40,40,0,2,3,0,3,3,1,0,1,9,10,11,1,0,2,0,1,0,6224,0.014,0.022,0.005
446,3.271,2.892,0,0.003,0.102,0,0,,0,,,,0,,,,,40,40,0,2,3,0,3,3,1,0,1,9,10,11,1,0,2,0,1,0,6224,0.016,0.067,0.048
447,5.336,5.023,0,0.007,0.046,0,0,,0,,,,0,,,,,40,40,0,2,3,0,3,3,1,0,1,9,10,11,1,0,2,0,1,0,6224,0.023,0.045,0.009
448,5.082,4.749,0,0.01,0.033,0,0,,0,,,,0,,,,,40,40,0,2,3,0,3,3,1,0,1,9,10,11,1,0,2,0,1,0,6224,0.042,0.04,0.008
449,2.889,2.649,0,0.011,0.027,0,0,,0,,,,0,,,,,40,40,0,2,3,0,3,3,1,0,1,9,10,11,1,0,2,0,1,0,6224,0.014,0.023,0.004
450,2.142,1.959,0,0.006,0.021,0,0,,1,375,231895040,286834688,1,70948032,70948032,167755776,38823561584,40,40,0,2,3,0,3,3,1,0,1,9,10,11,1,0,2,0,1,0,6224,0.024,0.061,0.002
451,2.32,2.035,0,0.007,0.059,0,0,,0,,,,0,,,,,40,40,0,2,3,0,3,3,1,0,1,9,10,11,1,0,2,0,1,0,6224,0.032,0.039,0.005
452,2.417,2.085,0,0.008,0.051,0,0,,0,,,,0,,,,,40,40,0,2,3,0,3,3,1,0,1,9,10,11,1,0,2,0,1,0,6224,0.029,0.053,0.007
453,5.197,4.896,0.001,0.011,0.039,0,0,,0,,,,0,,,,,40,40,0,2,3,0,3,3,1,0,1,9,10,11,1,0,2,0,1,0,6224,0.046,0.028,0.004
454,2.116,1.888,0,0.005,0.051,0,0,,0,,,,0,,,,,40,40,0,2,3,0,3,3,1,0,1,9,10,11,1,0,2,0,1,0,6224,0.016,0.029,0.004
455,4.199,3.98,0,0.012,0.026,0,0,,0,,,,0,,,,,40,40,0,2,3,0,3,3,1,0,1,9,10,11,1,0,2,0,1,0,6224,0.046,0.022,0.004
456,2.9,2.584,0,0.008,0.053,0,0,,0,,,,0,,,,,40,40,0,2,3,0,3,3,1,0,1,9,10,11,1,0,2,0,1,0,6224,0.026,0.048,0.007
457,3.133,2.763,0,0.008,0.037,0,0,,0,,,,0,,,,,40,40,0,2,3,0,3,3,1,0,1,9,10,11,1,0,2,0,1,0,6224,0.088,0.046,0.007
458,3.973,3.752,0.001,0.004,0.05,0,0,,0,,,,0,,,,,40,40,0,2,3,0,3,3,1,0,1,9,10,11,1,0,2,0,1,0,6224,0.013,0.045,0.005
459,2.961,2.625,0.001,0.01,0.043,0,0,,0,,,,0,,,,,40,40,0,2,3,0,3,3,1,0,1,9,10,11,1,0,2,0,1,0,6224,0.033,0.059,0.007
460,2.518,2.302,0,0.006,0.039,0,0,,0,,,,0,,,,,40,40,0,2,3,0,3,3,1,0,1,9,10,11,1,0,2,0,1,0,6224,0.025,0.046,0.004
461,2.747,2.438,0,0.005,0.061,0,0,,0,,,,0,,,,,40,40,0,2,3,0,3,3,1,0,1,9,10,11,1,0,2,0,1,0,6224,0.017,0.076,0.008
462,2.956,2.7,0,0.007,0.035,0,0,,0,,,,0,,,,,40,40,0,2,3,0,3,3,1,0,1,9,10,11,1,0,2,0,1,0,6224,0.025,0.046,0.006
463,2.424,2.237,0,0.004,0.028,0,0,,0,,,,0,,,,,40,40,0,2,3,0,3,3,1,0,1,9,10,11,1,0,2,0,1,0,6224,0.023,0.043,0.004
464,3.688,3.401,0,0.008,0.026,0,0,,0,,,,0,,,,,40,40,0,2,3,0,3,3,1,0,1,9,10,11,1,0,2,0,1,0,6224,0.035,0.064,0.008
465,3.047,2.734,0,0.011,0.03,0,0,,0,,,,0,,,,,40,40,0,2,3,0,3,3,1,0,1,9,10,11,1,0,2,0,1,0,6224,0.032,0.055,0.006
466,2.302,2.111,0,0.005,0.037,0,0,,0,,,,0,,,,,40,40,0,2,3,0,3,3,1,0,1,9,10,11,1,0,2,0,1,0,6224,0.022,0.04,0.003
467,2.326,2.06,0,0.005,0.072,0,0,,0,,,,0,,,,,40,40,0,2,3,0,3,3,1,0,1,9,10,11,1,0,2,0,1,0,6224,0.016,0.031,0.005
468,3.05,2.782,0,0.008,0.041,0,0,,0,,,,0,,,,,40,40,0,2,3,0,3,3,1,0,1,9,10,11,1,0,2,0,1,0,6224,0.024,0.042,0.008
469,2.492,2.304,0,0.005,0.035,0,0,,0,,,,0,,,,,40,40,0,2,3,0,3,3,1,0,1,9,10,11,1,0,2,0,1,0,6224,0.022,0.04,0.004
470,3.637,3.413,0,0.013,0.026,0,0,,0,,,,0,,,,,40,40,0,2,3,0,3,3,1,0,1,9,10,11,1,0,2,0,1,0,6224,0.017,0.022,0.008
471,3.391,3.109,0,0.007,0.039,0,0,,0,,,,0,,,,,40,40,0,2,3,0,3,3,1,0,1,9,10,11,1,0,2,0,1,0,6224,0.027,0.048,0.005
472,2.375,2.191,0.001,0.004,0.035,0,0,,0,,,,0,,,,,40,40,0,2,3,0,3,3,1,0,1,9,10,11,1,0,2,0,1,0,6224,0.021,0.039,0.003
473,3.178,2.882,0.001,0.007,0.035,0,0,,0,,,,0,,,,,40,40,0,2,3,0,3,3,1,0,1,9,10,11,1,0,2,0,1,0,6224,0.027,0.047,0.007
474,3.628,3.253,0.001,0.006,0.049,0,0,,0,,,,0,,,,,40,40,0,2,3,0,3,3,1,0,1,9,10,11,1,0,2,0,1,0,6224,0.05,0.044,0.007
475,2.865,2.612,0,0.006,0.032,0,0,,0,,,,0,,,,,40,40,0,2,3,0,3,3,1,0,1,9,10,11,1,0,2,0,1,0,6224,0.029,0.055,0.006
476,3.455,3.204,0.001,0.014,0.022,0,0,,0,,,,0,,,,,40,40,0,2,3,0,3,3,1,0,1,9,10,11,1,0,2,0,1,0,6224,0.05,0.032,0.004
477,2.19,1.987,0,0.006,0.021,0,0,,0,,,,0,,,,,40,40,0,2,3,0,3,3,1,0,1,9,10,11,1,0,2,0,1,0,6224,0.024,0.07,0.002
478,3.003,2.714,0,0.006,0.052,0,0,,0,,,,0,,,,,40,40,0,2,3,0,3,3,1,0,1,9,10,11,1,0,2,0,1,0,6224,0.025,0.045,0.005
479,3.597,3.229,0,0.005,0.041,0,0,,0,,,,0,,,,,40,40,0,2,3,0,3,3,1,0,1,9,10,11,1,0,2,0,1,0,6224,0.014,0.053,0.008
480,2.894,2.611,0,0.005,0.028,0,0,,1,406.25,231895040,286834688,1,70948032,70948032,167755776,38823561584,40,40,0,2,3,0,3,3,1,0,1,9,10,11,1,0,2,0,1,0,6224,0.024,0.081,0.006
481,3.44,3.276,0,0.003,0.053,0,0,,0,,,,0,,,,,40,40,0,2,3,0,3,3,1,0,1,9,10,11,1,0,2,0,1,0,6224,0.012,0.021,0.003
482,2.528,2.327,0.001,0.007,0.019,0,0,,0,,,,0,,,,,40,40,0,2,3,0,3,3,1,0,1,9,10,11,1,0,2,0,1,0,6224,0.037,0.02,0.002
483,2.284,2.093,0,0.005,0.02,0,0,,0,,,,0,,,,,40,40,0,2,3,0,3,3,1,0,1,9,10,11,1,0,2,0,1,0,6224,0.027,0.075,0.002
484,2.881,2.596,0,0.008,0.033,0,0,,0,,,,0,,,,,40,40,0,2,3,0,3,3,1,0,1,9,10,11,1,0,2,0,1,0,6224,0.017,0.03,0.007
485,3.354,3.073,0.001,0.006,0.033,0,0,,0,,,,0,,,,,40,40,0,2,3,0,3,3,1,0,1,9,10,11,1,0,2,0,1,0,6224,0.029,0.053,0.006
486,2.821,2.648,0,0.004,0.023,0,0,,0,,,,0,,,,,40,40,0,2,3,0,3,3,1,0,1,9,10,11,1,0,2,0,1,0,6224,0.02,0.038,0.003
487,3.876,3.585,0,0.013,0.028,0,0,,0,,,,0,,,,,40,40,0,2,3,0,3,3,1,0,1,9,10,11,1,0,2,0,1,0,6224,0.024,0.073,0.007
488,2.574,2.376,0,0.005,0.031,0,0,,0,,,,0,,,,,40,40,0,2,3,0,3,3,1,0,1,9,10,11,1,0,2,0,1,0,6224,0.022,0.044,0.003
489,3.066,2.703,0,0.008,0.071,0,0,,0,,,,0,,,,,40,40,0,2,3,0,3,3,1,0,1,9,10,11,1,0,2,0,1,0,6224,0.032,0.057,0.007
490,3.335,3.075,0,0.009,0.032,0,0,,0,,,,0,,,,,40,40,0,2,3,0,3,3,1,0,1,9,10,11,1,0,2,0,1,0,6224,0.031,0.054,0.006
491,4.224,3.876,0,0.008,0.025,0,0,,0,,,,0,,,,,40,40,0,2,3,0,3,3,1,0,1,9,10,11,1,0,2,0,1,0,6224,0.037,0.069,0.007
492,2.99,2.765,0,0.009,0.023,0,0,,0,,,,0,,,,,40,40,0,2,3,0,3,3,1,0,1,9,10,11,1,0,2,0,1,0,6224,0.032,0.023,0.003
493,2.978,2.793,0.001,0.004,0.018,0,0,,0,,,,0,,,,,40,40,0,2,3,0,3,3,1,0,1,9,10,11,1,0,2,0,1,0,6224,0.023,0.042,0.003
494,3.083,2.74,0,0.007,0.073,0,0,,0,,,,0,,,,,40,40,0,2,3,0,3,3,1,0,1,9,10,11,1,0,2,0,1,0,6224,0.031,0.055,0.006
495,3.083,2.859,0,0.009,0.029,0,0,,0,,,,0,,,,,40,40,0,2,3,0,3,3,1,0,1,9,10,11,1,0,2,0,1,0,6224,0.029,0.025,0.007
496,3.003,2.732,0,0.004,0.028,0,0,,0,,,,0,,,,,40,40,0,2,3,0,3,3,1,0,1,9,10,11,1,0,2,0,1,0,6224,0.016,0.049,0.005
497,3.366,3.047,0.001,0.01,0.031,0,0,,0,,,,0,,,,,40,40,0,2,3,0,3,3,1,0,1,9,10,11,1,0,2,0,1,0,6224,0.034,0.063,0.005
498,2.758,2.558,0,0.005,0.037,0,0,,0,,,,0,,,,,40,40,0,2,3,0,3,3,1,0,1,9,10,11,1,0,2,0,1,0,6224,0.024,0.043,0.004
499,3.029,2.767,0,0.007,0.042,0,0,,0,,,,0,,,,,40,40,0,2,3,0,3,3,1,0,1,9,10,11,1,0,2,0,1,0,6224,0.023,0.044,0.004
500,3.51,3.144,0,0.007,0.04,0,0,,0,,,,0,,,,,40,40,0,2,3,0,3,3,1,0,1,9,10,11,1,0,2,0,1,0,6224,0.018,0.106,0.01
501,3.362,3.038,0,0.006,0.072,0,0,,0,,,,0,,,,,40,40,0,2,3,0,3,3,1,0,1,9,10,11,1,0,2,0,1,0,6224,0.016,0.028,0.021
502,4.232,3.963,0,0.008,0.038,0,0,,0,,,,0,,,,,40,40,0,2,3,0,3,3,1,0,1,9,10,11,1,0,2,0,1,0,6224,0.029,0.053,0.005
503,3.058,2.823,0,0.005,0.024,0,0,,0,,,,0,,,,,40,40,0,2,3,0,3,3,1,0,1,9,10,11,1,0,2,0,1,0,6224,0.045,0.052,0.004
504,2.589,2.304,0,0.004,0.032,0,0,,0,,,,0,,,,,40,40,0,2,3,0,3,3,1,0,1,9,10,11,1,0,2,0,1,0,6224,0.014,0.025,0.005
505,2.886,2.559,0.001,0.008,0.038,0,0,,0,,,,0,,,,,40,40,0,2,3,0,3,3,1,0,1,9,10,11,1,0,2,0,1,0,6224,0.027,0.051,0.01
506,2.239,1.98,0.001,0.01,0.034,0,0,,0,,,,0,,,,,40,40,0,2,3,0,3,3,1,0,1,9,10,11,1,0,2,0,1,0,6224,0.018,0.051,0.006
507,2.661,2.481,0,0.005,0.047,0,0,,0,,,,0,,,,,40,40,0,2,3,0,3,3,1,0,1,9,10,11,1,0,2,0,1,0,6224,0.013,0.024,0.004
508,2.68,2.446,0,0.006,0.027,0,0,,0,,,,0,,,,,40,40,0,2,3,0,3,3,1,0,1,9,10,11,1,0,2,0,1,0,6224,0.028,0.062,0.003
509,2.86,2.623,0.001,0.012,0.032,0,0,,0,,,,0,,,,,40,40,0,2,3,0,3,3,1,0,1,9,10,11,1,0,2,0,1,0,6224,0.019,0.025,0.004
510,2.35,2.124,0,0.007,0.019,0,0,,1,421.875,231895040,286834688,1,70948032,70948032,167755776,38823561584,40,40,0,2,3,0,3,3,1,0,1,9,10,11,1,0,2,0,1,0,6224,0.029,0.022,0.003
511,2.473,2.164,0.001,0.009,0.044,0,0,,0,,,,0,,,,,40,40,0,2,3,0,3,3,1,0,1,9,10,11,1,0,2,0,1,0,6224,0.019,0.035,0.008
512,2.249,2.005,0.001,0.007,0.023,0,0,,0,,,,0,,,,,40,40,0,2,3,0,3,3,1,0,1,9,10,11,1,0,2,0,1,0,6224,0.03,0.029,0.004
513,3.362,3.13,0,0.007,0.022,0,0,,0,,,,0,,,,,40,40,0,2,3,0,3,3,1,0,1,9,10,11,1,0,2,0,1,0,6224,0.068,0.033,0.002
514,2.401,2.113,0,0.006,0.026,0,0,,0,,,,0,,,,,40,40,0,2,3,0,3,3,1,0,1,9,10,11,1,0,2,0,1,0,6224,0.035,0.108,0.006
515,2.895,2.774,0,0.002,0.02,0,0,,0,,,,0,,,,,40,40,0,2,3,0,3,3,1,0,1,9,10,11,1,0,2,0,1,0,6224,0.011,0.02,0.002
516,2.481,2.196,0.001,0.008,0.039,0,0,,0,,,,0,,,,,40,40,0,2,3,0,3,3,1,0,1,9,10,11,1,0,2,0,1,0,6224,0.029,0.049,0.005
517,3.121,2.82,0.001,0.007,0.048,0,0,,0,,,,0,,,,,40,40,0,2,3,0,3,3,1,0,1,9,10,11,1,0,2,0,1,0,6224,0.019,0.033,0.021
518,3.195,2.906,0,0.007,0.038,0,0,,0,,,,0,,,,,40,40,0,2,3,0,3,3,1,0,1,9,10,11,1,0,2,0,1,0,6224,0.024,0.044,0.006
519,3.603,3.376,0.001,0.005,0.037,0,0,,0,,,,0,,,,,40,40,0,2,3,0,3,3,1,0,1,9,10,11,1,0,2,0,1,0,6224,0.027,0.05,0.004
520,3.373,3.001,0.001,0.016,0.032,0,0,,0,,,,0,,,,,40,40,0,2,3,0,3,3,1,0,1,9,10,11,1,0,2,0,1,0,6224,0.013,0.03,0.004
521,2.067,1.861,0,0.009,0.019,0,0,,0,,,,0,,,,,40,40,0,2,3,0,3,3,1,0,1,9,10,11,1,0,2,0,1,0,6224,0.054,0.019,0.002
522,2.946,2.688,0,0.004,0.055,0,0,,0,,,,0,,,,,40,40,0,2,3,0,3,3,1,0,1,9,10,11,1,0,2,0,1,0,6224,0.043,0.034,0.005
523,3.023,2.752,0,0.008,0.029,0,0,,0,,,,0,,,,,40,40,0,2,3,0,3,3,1,0,1,9,10,11,1,0,2,0,1,0,6224,0.024,0.042,0.008
524,3.232,2.931,0,0.011,0.03,0,0,,0,,,,0,,,,,40,40,0,2,3,0,3,3,1,0,1,9,10,11,1,0,2,0,1,0,6224,0.027,0.047,0.006
525,3.886,3.612,0.001,0.007,0.019,0,0,,0,,,,0,,,,,40,40,0,2,3,0,3,3,1,0,1,9,10,11,1,0,2,0,1,0,6224,0.011,0.019,0.003
526,4.21,3.964,0,0.009,0.034,0,0,,0,,,,0,,,,,40,40,0,2,3,0,3,3,1,0,1,9,10,11,1,0,2,0,1,0,6224,0.03,0.032,0.004
527,2.33,2.111,0.001,0.004,0.055,0,0,,0,,,,0,,,,,40,40,0,2,3,0,3,3,1,0,1,9,10,11,1,0,2,0,1,0,6224,0.019,0.033,0.004
528,3.389,3.083,0,0.008,0.042,0,0,,0,,,,0,,,,,40,40,0,2,3,0,3,3,1,0,1,9,10,11,1,0,2,0,1,0,6224,0.029,0.053,0.008
529,3.341,3.015,0,0.014,0.034,0,0,,0,,,,0,,,,,40,40,0,2,3,0,3,3,1,0,1,9,10,11,1,0,2,0,1,0,6224,0.03,0.047,0.007
530,2.898,2.581,0,0.007,0.047,0,0,,0,,,,0,,,,,40,40,0,2,3,0,3,3,1,0,1,9,10,11,1,0,2,0,1,0,6224,0.03,0.053,0.006
531,2.253,2.059,0.001,0.005,0.038,0,0,,0,,,,0,,,,,40,40,0,2,3,0,3,3,1,0,1,9,10,11,1,0,2,0,1,0,6224,0.023,0.042,0.004
532,3.288,3.115,0,0.004,0.023,0,0,,0,,,,0,,,,,40,40,0,2,3,0,3,3,1,0,1,9,10,11,1,0,2,0,1,0,6224,0.025,0.05,0.003
533,2.53,2.212,0,0.007,0.037,0,0,,0,,,,0,,,,,40,40,0,2,3,0,3,3,1,0,1,9,10,11,1,0,2,0,1,0,6224,0.03,0.076,0.009
534,2.319,2.017,0,0.009,0.036,0,0,,0,,,,0,,,,,40,40,0,2,3,0,3,3,1,0,1,9,10,11,1,0,2,0,1,0,6224,0.03,0.056,0.006
535,4.217,3.95,0,0.006,0.027,0,0,,0,,,,0,,,,,40,40,0,2,3,0,3,3,1,0,1,9,10,11,1,0,2,0,1,0,6224,0.039,0.073,0.005
536,2.354,2.097,0,0.007,0.059,0,0,,0,,,,0,,,,,40,40,0,2,3,0,3,3,1,0,1,9,10,11,1,0,2,0,1,0,6224,0.017,0.03,0.007
537,2.238,2.082,0.001,0.004,0.03,0,0,,0,,,,0,,,,,40,40,0,2,3,0,3,3,1,0,1,9,10,11,1,0,2,0,1,0,6224,0.016,0.027,0.004
538,2.333,2.224,0,0.003,0.023,0,0,,0,,,,0,,,,,40,40,0,2,3,0,3,3,1,0,1,9,10,11,1,0,2,0,1,0,6224,0.012,0.023,0.001
539,3.107,2.805,0,0.008,0.04,0,0,,0,,,,0,,,,,40,40,0,2,3,0,3,3,1,0,1,9,10,11,1,0,2,0,1,0,6224,0.027,0.05,0.006
540,2.942,2.798,0,0.005,0.022,0,0,,1,421.875,231907328,286855168,1,70948032,70948032,167755776,38823561584,40,40,0,2,3,0,3,3,1,0,1,9,10,11,1,0,2,0,1,0,6224,0.013,0.024,0.004
541,4.262,3.905,0.001,0.014,0.029,0,0,,0,,,,0,,,,,40,40,0,2,3,0,3,3,1,0,1,9,10,11,1,0,2,0,1,0,6224,0.092,0.036,0.005
542,3.123,2.901,0,0.008,0.021,0,0,,0,,,,0,,,,,40,40,0,2,3,0,3,3,1,0,1,9,10,11,1,0,2,0,1,0,6224,0.032,0.053,0.003
543,2.566,2.271,0,0.009,0.034,0,0,,0,,,,0,,,,,40,40,0,2,3,0,3,3,1,0,1,9,10,11,1,0,2,0,1,0,6224,0.029,0.052,0.006
544,2.222,1.997,0,0.005,0.035,0,0,,0,,,,0,,,,,40,40,0,2,3,0,3,3,1,0,1,9,10,11,1,0,2,0,1,0,6224,0.018,0.057,0.004
545,2.974,2.689,0,0.005,0.038,0,0,,0,,,,0,,,,,40,40,0,2,3,0,3,3,1,0,1,9,10,11,1,0,2,0,1,0,6224,0.016,0.028,0.061
546,2.49,2.305,0,0.003,0.035,0,0,,0,,,,0,,,,,40,40,0,2,3,0,3,3,1,0,1,9,10,11,1,0,2,0,1,0,6224,0.012,0.039,0.005
547,3.781,3.495,0,0.01,0.035,0,0,,0,,,,0,,,,,40,40,0,2,3,0,3,3,1,0,1,9,10,11,1,0,2,0,1,0,6224,0.032,0.046,0.006
548,2.159,1.956,0.001,0.01,0.023,0,0,,0,,,,0,,,,,40,40,0,2,3,0,3,3,1,0,1,9,10,11,1,0,2,0,1,0,6224,0.012,0.021,0.004
549,2.297,2.124,0,0.006,0.018,0,0,,0,,,,0,,,,,40,40,0,2,3,0,3,3,1,0,1,9,10,11,1,0,2,0,1,0,6224,0.025,0.057,0.002
550,2.516,2.2,0,0.005,0.087,0,0,,0,,,,0,,,,,40,40,0,2,3,0,3,3,1,0,1,9,10,11,1,0,2,0,1,0,6224,0.02,0.065,0.002
551,2.449,2.089,0,0.008,0.061,0,0,,0,,,,0,,,,,40,40,0,2,3,0,3,3,1,0,1,9,10,11,1,0,2,0,1,0,6224,0.072,0.043,0.009
552,2.221,1.994,0,0.007,0.028,0,0,,0,,,,0,,,,,40,40,0,2,3,0,3,3,1,0,1,9,10,11,1,0,2,0,1,0,6224,0.022,0.065,0.005
553,4.565,4.285,0,0.01,0.038,0,0,,0,,,,0,,,,,40,40,0,2,3,0,3,3,1,0,1,9,10,11,1,0,2,0,1,0,6224,0.024,0.044,0.006
554,3.308,3.036,0.001,0.006,0.032,0,0,,0,,,,0,,,,,40,40,0,2,3,0,3,3,1,0,1,9,10,11,1,0,2,0,1,0,6224,0.023,0.062,0.005
555,3.114,2.768,0,0.011,0.031,0,0,,0,,,,0,,,,,40,40,0,2,3,0,3,3,1,0,1,9,10,11,1,0,2,0,1,0,6224,0.028,0.049,0.005
556,2.97,2.757,0,0.005,0.039,0,0,,0,,,,0,,,,,40,40,0,2,3,0,3,3,1,0,1,9,10,11,1,0,2,0,1,0,6224,0.017,0.028,0.005
557,3.526,3.188,0,0.008,0.056,0,0,,0,,,,0,,,,,40,40,0,2,3,0,3,3,1,0,1,9,10,11,1,0,2,0,1,0,6224,0.024,0.083,0.005
558,4.959,4.782,0,0.006,0.031,0,0,,0,,,,0,,,,,40,40,0,2,3,0,3,3,1,0,1,9,10,11,1,0,2,0,1,0,6224,0.013,0.024,0.005
559,3.091,2.915,0,0.005,0.024,0,0,,0,,,,0,,,,,40,40,0,2,3,0,3,3,1,0,1,9,10,11,1,0,2,0,1,0,6224,0.023,0.043,0.003
560,2.277,2.027,0,0.016,0.028,0,0,,0,,,,0,,,,,40,40,0,2,3,0,3,3,1,0,1,9,10,11,1,0,2,0,1,0,6224,0.015,0.02,0.007
561,3.191,2.909,0,0.025,0.036,0,0,,0,,,,0,,,,,40,40,0,2,3,0,3,3,1,0,1,9,10,11,1,0,2,0,1,0,6224,0.018,0.031,0.007
562,4.256,3.928,0,0.007,0.041,0,0,,0,,,,0,,,,,40,40,0,2,3,0,3,3,1,0,1,9,10,11,1,0,2,0,1,0,6224,0.025,0.056,0.01
563,3.067,2.8,0.001,0.006,0.024,0,0,,0,,,,0,,,,,40,40,0,2,3,0,3,3,1,0,1,9,10,11,1,0,2,0,1,0,6224,0.032,0.063,0.006
564,3.149,2.867,0.001,0.013,0.028,0,0,,0,,,,0,,,,,40,40,0,2,3,0,3,3,1,0,1,9,10,11,1,0,2,0,1,0,6224,0.054,0.023,0.006
565,2.385,2.19,0,0.009,0.02,0,0,,0,,,,0,,,,,40,40,0,2,3,0,3,3,1,0,1,9,10,11,1,0,2,0,1,0,6224,0.064,0.019,0.003
566,2.963,2.681,0,0.005,0.041,0,0,,0,,,,0,,,,,40,40,0,2,3,0,3,3,1,0,1,9,10,11,1,0,2,0,1,0,6224,0.018,0.035,0.006
567,3.979,3.738,0,0.007,0.037,0,0,,0,,,,0,,,,,40,40,0,2,3,0,3,3,1,0,1,9,10,11,1,0,2,0,1,0,6224,0.026,0.041,0.005
568,5.359,5.062,0.001,0.008,0.04,0,0,,0,,,,0,,,,,40,40,0,2,3,0,3,3,1,0,1,9,10,11,1,0,2,0,1,0,6224,0.039,0.055,0.004
569,2.994,2.758,0,0.006,0.032,0,0,,0,,,,0,,,,,40,40,0,2,3,0,3,3,1,0,1,9,10,11,1,0,2,0,1,0,6224,0.03,0.053,0.004
570,2.399,2.221,0,0.005,0.038,0,0,,1,421.875,231972864,286855168,1,70948032,70948032,167755776,38823561584,40,40,0,2,3,0,3,3,1,0,1,9,10,11,1,0,2,0,1,0,6224,0.022,0.041,0.002
571,2.407,2.176,0.001,0.005,0.034,0,0,,0,,,,0,,,,,40,40,0,2,3,0,3,3,1,0,1,9,10,11,1,0,2,0,1,0,6224,0.014,0.024,0.034
572,2.282,2.042,0.001,0.006,0.022,0,0,,0,,,,0,,,,,40,40,0,2,3,0,3,3,1,0,1,9,10,11,1,0,2,0,1,0,6224,0.028,0.071,0.003
573,3.435,3.106,0,0.01,0.034,0,0,,0,,,,0,,,,,40,40,0,2,3,0,3,3,1,0,1,9,10,11,1,0,2,0,1,0,6224,0.037,0.057,0.007
574,2.975,2.767,0,0.009,0.021,0,0,,0,,,,0,,,,,40,40,0,2,3,0,3,3,1,0,1,9,10,11,1,0,2,0,1,0,6224,0.026,0.043,0.003
575,2.855,2.596,0,0.007,0.029,0,0,,0,,,,0,,,,,40,40,0,2,3,0,3,3,1,0,1,9,10,11,1,0,2,0,1,0,6224,0.03,0.058,0.006
576,2.919,2.672,0,0.007,0.083,0,0,,0,,,,0,,,,,40,40,0,2,3,0,3,3,1,0,1,9,10,11,1,0,2,0,1,0,6224,0.018,0.035,0.003
577,2.999,2.755,0.001,0.008,0.037,0,0,,0,,,,0,,,,,40,40,0,2,3,0,3,3,1,0,1,9,10,11,1,0,2,0,1,0,6224,0.017,0.028,0.008
578,5.098,4.826,0,0.006,0.037,0,0,,0,,,,0,,,,,40,40,0,2,3,0,3,3,1,0,1,9,10,11,1,0,2,0,1,0,6224,0.032,0.056,0.006
579,2.66,2.358,0,0.007,0.037,0,0,,0,,,,0,,,,,40,40,0,2,3,0,3,3,1,0,1,9,10,11,1,0,2,0,1,0,6224,0.035,0.063,0.006
580,2.515,2.281,0,0.014,0.022,0,0,,0,,,,0,,,,,40,40,0,2,3,0,3,3,1,0,1,9,10,11,1,0,2,0,1,0,6224,0.05,0.022,0.004
581,2.604,2.379,0,0.005,0.034,0,0,,0,,,,0,,,,,40,40,0,2,3,0,3,3,1,0,1,9,10,11,1,0,2,0,1,0,6224,0.027,0.051,0.004
582,3.777,3.476,0,0.007,0.066,0,0,,0,,,,0,,,,,40,40,0,2,3,0,3,3,1,0,1,9,10,11,1,0,2,0,1,0,6224,0.015,0.028,0.037
583,4.622,4.388,0.001,0.007,0.022,0,0,,0,,,,0,,,,,40,40,0,2,3,0,3,3,1,0,1,9,10,11,1,0,2,0,1,0,6224,0.091,0.021,0.003
584,3.142,2.966,0,0.007,0.027,0,0,,0,,,,0,,,,,40,40,0,2,3,0,3,3,1,0,1,9,10,11,1,0,2,0,1,0,6224,0.012,0.021,0.003
585,3.133,2.848,0,0.007,0.049,0,0,,0,,,,0,,,,,40,40,0,2,3,0,3,3,1,0,1,9,10,11,1,0,2,0,1,0,6224,0.024,0.04,0.006
586,3.04,2.747,0,0.005,0.049,0,0,,0,,,,0,,,,,40,40,0,2,3,0,3,3,1,0,1,9,10,11,1,0,2,0,1,0,6224,0.02,0.037,0.005
587,3.932,3.532,0.001,0.009,0.063,0,0,,0,,,,0,,,,,40,40,0,2,3,0,3,3,1,0,1,9,10,11,1,0,2,0,1,0,6224,0.031,0.057,0.011
588,2.804,2.523,0.001,0.009,0.04,0,0,,0,,,,0,,,,,40,40,0,2,3,0,3,3,1,0,1,9,10,11,1,0,2,0,1,0,6224,0.02,0.032,0.008
589,5.293,4.964,0,0.009,0.034,0,0,,0,,,,0,,,,,40,40,0,2,3,0,3,3,1,0,1,9,10,11,1,0,2,0,1,0,6224,0.029,0.052,0.009
590,5.203,4.834,0,0.006,0.055,0,0,,0,,,,0,,,,,40,40,0,2,3,0,3,3,1,0,1,9,10,11,1,0,2,0,1,0,6224,0.027,0.051,0.046
591,6.407,6.05,0,0.008,0.047,0,0,,0,,,,0,,,,,40,40,0,2,3,0,3,3,1,0,1,9,10,11,1,0,2,0,1,0,6224,0.031,0.082,0.011
592,6.102,5.781,0,0.011,0.033,0,0,,0,,,,0,,,,,40,40,0,2,3,0,3,3,1,0,1,9,10,11,1,0,2,0,1,0,6224,0.036,0.039,0.006
593,2.949,2.579,0,0.008,0.065,0,0,,0,,,,0,,,,,40,40,0,2,3,0,3,3,1,0,1,9,10,11,1,0,2,0,1,0,6224,0.013,0.183,0.004
594,2.332,2.032,0,0.006,0.041,0,0,,0,,,,0,,,,,40,40,0,2,3,0,3,3,1,0,1,9,10,11,1,0,2,0,1,0,6224,0.021,0.075,0.007
595,2.483,2.188,0,0.009,0.031,0,0,,0,,,,0,,,,,40,40,0,2,3,0,3,3,1,0,1,9,10,11,1,0,2,0,1,0,6224,0.034,0.061,0.005
596,7.157,6.819,0.001,0.005,0.029,0,0,,0,,,,0,,,,,40,40,0,2,3,0,3,3,1,0,1,9,10,11,1,0,2,0,1,0,6224,0.014,0.026,0.005
597,3.836,3.57,0,0.01,0.038,0,0,,0,,,,0,,,,,40,40,0,2,3,0,3,3,1,0,1,9,10,11,1,0,2,0,1,0,6224,0.03,0.026,0.004
598,3.007,2.736,0.001,0.008,0.042,0,0,,0,,,,0,,,,,40,40,0,2,3,0,3,3,1,0,1,9,10,11,1,0,2,0,1,0,6224,0.018,0.03,0.008
599,3.116,2.918,0,0.005,0.03,0,0,,0,,,,0,,,,,40,40,0,2,3,0,3,3,1,0,1,9,10,11,1,0,2,0,1,0,6224,0.013,0.024,0.005
600,5.857,5.542,0.001,0.01,0.038,0,0,,1,437.5,231972864,286855168,1,70948032,70948032,167755776,38823561584,40,40,0,2,3,0,3,3,1,0,1,9,10,11,1,0,2,0,1,0,6224,0.045,0.051,0.006
601,2.715,2.443,0.001,0.012,0.03,0,0,,0,,,,0,,,,,40,40,0,2,3,0,3,3,1,0,1,9,10,11,1,0,2,0,1,0,6224,0.017,0.022,0.006
602,2.069,1.931,0,0.003,0.04,0,0,,0,,,,0,,,,,40,40,0,2,3,0,3,3,1,0,1,9,10,11,1,0,2,0,1,0,6224,0.012,0.02,0.003
603,2.514,2.229,0,0.01,0.041,0,0,,0,,,,0,,,,,40,40,0,2,3,0,3,3,1,0,1,9,10,11,1,0,2,0,1,0,6224,0.032,0.031,0.007
604,2.226,2.043,0,0.005,0.03,0,0,,0,,,,0,,,,,40,40,0,2,3,0,3,3,1,0,1,9,10,11,1,0,2,0,1,0,6224,0.015,0.029,0.004
605,2.873,2.775,0,0.002,0.021,0,0,,0,,,,0,,,,,40,40,0,2,3,0,3,3,1,0,1,9,10,11,1,0,2,0,1,0,6224,0.01,0.019,0.002
606,3.228,2.952,0,0.014,0.027,0,0,,0,,,,0,,,,,40,40,0,2,3,0,3,3,1,0,1,9,10,11,1,0,2,0,1,0,6224,0.03,0.049,0.007
607,2.595,2.458,0,0.003,0.043,0,0,,0,,,,0,,,,,40,40,0,2,3,0,3,3,1,0,1,9,10,11,1,0,2,0,1,0,6224,0.012,0.021,0.003
608,2.329,2.127,0.001,0.004,0.02,0,0,,0,,,,0,,,,,40,40,0,2,3,0,3,3,1,0,1,9,10,11,1,0,2,0,1,0,6224,0.023,0.043,0.053
609,2.601,2.34,0.001,0.006,0.037,0,0,,0,,,,0,,,,,40,40,0,2,3,0,3,3,1,0,1,9,10,11,1,0,2,0,1,0,6224,0.024,0.043,0.006
610,3.642,3.392,0.001,0.006,0.039,0,0,,0,,,,0,,,,,40,40,0,2,3,0,3,3,1,0,1,9,10,11,1,0,2,0,1,0,6224,0.022,0.042,0.005
611,2.909,2.688,0,0.006,0.02,0,0,,0,,,,0,,,,,40,40,0,2,3,0,3,3,1,0,1,9,10,11,1,0,2,0,1,0,6224,0.026,0.051,0.004
612,3.075,2.796,0,0.01,0.034,0,0,,0,,,,0,,,,,40,40,0,2,3,0,3,3,1,0,1,9,10,11,1,0,2,0,1,0,6224,0.05,0.026,0.005
613,3.548,3.339,0,0.008,0.022,0,0,,0,,,,0,,,,,40,40,0,2,3,0,3,3,1,0,1,9,10,11,1,0,2,0,1,0,6224,0.064,0.019,0.003
614,2.362,2.153,0,0.002,0.053,0,0,,0,,,,0,,,,,40,40,0,2,3,0,3,3,1,0,1,9,10,11,1,0,2,0,1,0,6224,0.011,0.024,0.003
615,3.985,3.562,0,0.01,0.076,0,0,,0,,,,0,,,,,40,40,0,2,3,0,3,3,1,0,1,9,10,11,1,0,2,0,1,0,6224,0.033,0.083,0.011
616,2.983,2.733,0,0.008,0.039,0,0,,0,,,,0,,,,,40,40,0,2,3,0,3,3,1,0,1,9,10,11,1,0,2,0,1,0,6224,0.017,0.032,0.007
617,5.134,4.844,0.001,0.009,0.048,0,0,,0,,,,0,,,,,40,40,0,2,3,0,3,3,1,0,1,9,10,11,1,0,2,0,1,0,6224,0.017,0.031,0.009
618,4.948,4.446,0,0.014,0.064,0,0,,0,,,,0,,,,,40,40,0,2,3,0,3,3,1,0,1,9,10,11,1,0,2,0,1,0,6224,0.037,0.066,0.012
619,10.766,10.387,0,0.009,0.043,0,0,,0,,,,0,,,,,40,40,0,2,3,0,3,3,1,0,1,9,10,11,1,0,2,0,1,0,6224,0.017,0.058,0.058
620,5.355,4.908,0,0.008,0.052,0,0,,0,,,,0,,,,,40,40,0,2,3,0,3,3,1,0,1,9,10,11,1,0,2,0,1,0,6224,0.073,0.063,0.009
621,6.603,6.29,0.001,0.009,0.065,0,0,,0,,,,0,,,,,40,40,0,2,3,0,3,3,1,0,1,9,10,11,1,0,2,0,1,0,6224,0.018,0.033,0.009
622,5.274,4.972,0,0.008,0.047,0,0,,0,,,,0,,,,,40,40,0,2,3,0,3,3,1,0,1,9,10,11,1,0,2,0,1,0,6224,0.022,0.037,0.009
623,5.421,4.998,0,0.01,0.052,0,0,,0,,,,0,,,,,40,40,0,2,3,0,3,3,1,0,1,9,10,11,1,0,2,0,1,0,6224,0.028,0.042,0.014
624,5.238,4.866,0,0.011,0.046,0,0,,0,,,,0,,,,,40,40,0,2,3,0,3,3,1,0,1,9,10,11,1,0,2,0,1,0,6224,0.032,0.052,0.011
625,5.153,4.751,0,0.011,0.035,0,0,,0,,,,0,,,,,40,40,0,2,3,0,3,3,1,0,1,9,10,11,1,0,2,0,1,0,6224,0.046,0.077,0.01
626,6.234,5.959,0,0.007,0.041,0,0,,0,,,,0,,,,,40,40,0,2,3,0,3,3,1,0,1,9,10,11,1,0,2,0,1,0,6224,0.024,0.037,0.009
627,5.662,5.234,0,0.01,0.048,0,0,,0,,,,0,,,,,40,40,0,2,3,0,3,3,1,0,1,9,10,11,1,0,2,0,1,0,6224,0.038,0.099,0.012
628,6.643,6.231,0,0.008,0.043,0,0,,0,,,,0,,,,,40,40,0,2,3,0,3,3,1,0,1,9,10,11,1,0,2,0,1,0,6224,0.048,0.131,0.013
629,5.6,5.148,0,0.012,0.063,0,0,,0,,,,0,,,,,40,40,0,2,3,0,3,3,1,0,1,9,10,11,1,0,2,0,1,0,6224,0.049,0.078,0.011
630,6.804,6.433,0,0.01,0.044,0,0,,1,484.375,231976960,286855168,1,70948032,70948032,167755776,38823561584,40,40,0,2,3,0,3,3,1,0,1,9,10,11,1,0,2,0,1,0,6224,0.033,0.057,0.01
631,5.109,4.699,0,0.011,0.038,0,0,,0,,,,0,,,,,40,40,0,2,3,0,3,3,1,0,1,9,10,11,1,0,2,0,1,0,6224,0.048,0.086,0.01
632,2.62,2.346,0,0.005,0.054,0,0,,0,,,,0,,,,,40,40,0,2,3,0,3,3,1,0,1,9,10,11,1,0,2,0,1,0,6224,0.021,0.041,0.006
633,3.823,3.485,0,0.009,0.04,0,0,,0,,,,0,,,,,40,40,0,2,3,0,3,3,1,0,1,9,10,11,1,0,2,0,1,0,6224,0.04,0.06,0.007
634,3.171,2.868,0.001,0.007,0.036,0,0,,0,,,,0,,,,,40,40,0,2,3,0,3,3,1,0,1,9,10,11,1,0,2,0,1,0,6224,0.035,0.065,0.006
635,3.863,3.614,0,0.006,0.049,0,0,,0,,,,0,,,,,40,40,0,2,3,0,3,3,1,0,1,9,10,11,1,0,2,0,1,0,6224,0.029,0.051,0.005
636,3.138,2.797,0,0.01,0.038,0,0,,0,,,,0,,,,,40,40,0,2,3,0,3,3,1,0,1,9,10,11,1,0,2,0,1,0,6224,0.043,0.031,0.006
637,2.978,2.76,0,0.006,0.039,0,0,,0,,,,0,,,,,40,40,0,2,3,0,3,3,1,0,1,9,10,11,1,0,2,0,1,0,6224,0.021,0.033,0.005
638,3.923,3.669,0,0.008,0.037,0,0,,0,,,,0,,,,,40,40,0,2,3,0,3,3,1,0,1,9,10,11,1,0,2,0,1,0,6224,0.018,0.025,0.006
639,3.969,3.656,0,0.003,0.06,0,0,,0,,,,0,,,,,40,40,0,2,3,0,3,3,1,0,1,9,10,11,1,0,2,0,1,0,6224,0.03,0.099,0.005
640,3.307,3.194,0,0.003,0.021,0,0,,0,,,,0,,,,,40,40,0,2,3,0,3,3,1,0,1,9,10,11,1,0,2,0,1,0,6224,0.012,0.022,0.002
641,2.955,2.586,0.001,0.013,0.059,0,0,,0,,,,0,,,,,40,40,0,2,3,0,3,3,1,0,1,9,10,11,1,0,2,0,1,0,6224,0.033,0.054,0.009
642,2.26,2.006,0,0.005,0.066,0,0,,0,,,,0,,,,,40,40,0,2,3,0,3,3,1,0,1,9,10,11,1,0,2,0,1,0,6224,0.019,0.032,0.004
643,3.206,2.805,0.001,0.011,0.063,0,0,,0,,,,0,,,,,40,40,0,2,3,0,3,3,1,0,1,9,10,11,1,0,2,0,1,0,6224,0.034,0.058,0.011
644,2.225,1.862,0.001,0.013,0.071,0,0,,0,,,,0,,,,,40,40,0,2,3,0,3,3,1,0,1,9,10,11,1,0,2,0,1,0,6224,0.033,0.039,0.008
645,2.439,2.178,0,0.006,0.036,0,0,,0,,,,0,,,,,40,40,0,2,3,0,3,3,1,0,1,9,10,11,1,0,2,0,1,0,6224,0.017,0.057,0.003
646,2.918,2.594,0,0.008,0.032,0,0,,0,,,,0,,,,,40,40,0,2,3,0,3,3,1,0,1,9,10,11,1,0,2,0,1,0,6224,0.032,0.068,0.006
647,3.137,2.883,0,0.011,0.022,0,0,,0,,,,0,,,,,40,40,0,2,3,0,3,3,1,0,1,9,10,11,1,0,2,0,1,0,6224,0.055,0.022,0.004
648,2.96,2.636,0.001,0.004,0.041,0,0,,0,,,,0,,,,,40,40,0,2,3,0,3,3,1,0,1,9,10,11,1,0,2,0,1,0,6224,0.059,0.07,0.004
649,2.25,2.076,0.001,0.006,0.021,0,0,,0,,,,0,,,,,40,40,0,2,3,0,3,3,1,0,1,9,10,11,1,0,2,0,1,0,6224,0.016,0.023,0.006
650,3.712,3.398,0,0.009,0.041,0,0,,0,,,,0,,,,,40,40,0,2,3,0,3,3,1,0,1,9,10,11,1,0,2,0,1,0,6224,0.038,0.051,0.005
651,2.24,2.041,0,0.008,0.03,0,0,,0,,,,0,,,,,40,40,0,2,3,0,3,3,1,0,1,9,10,11,1,0,2,0,1,0,6224,0.019,0.025,0.017
652,3.879,3.529,0,0.01,0.038,0,0,,0,,,,0,,,,,40,40,0,2,3,0,3,3,1,0,1,9,10,11,1,0,2,0,1,0,6224,0.046,0.08,0.01
653,6.015,5.633,0,0.012,0.037,0,0,,0,,,,0,,,,,40,40,0,2,3,0,3,3,1,0,1,9,10,11,1,0,2,0,1,0,6224,0.036,0.069,0.012
654,6.241,5.698,0.001,0.012,0.076,0,0,,0,,,,0,,,,,40,40,0,2,3,0,3,3,1,0,1,9,10,11,1,0,2,0,1,0,6224,0.156,0.067,0.009
655,5.996,5.62,0,0.012,0.041,0,0,,0,,,,0,,,,,40,40,0,2,3,0,3,3,1,0,1,9,10,11,1,0,2,0,1,0,6224,0.055,0.049,0.008
656,2.996,2.788,0,0.006,0.036,0,0,,0,,,,0,,,,,40,40,0,2,3,0,3,3,1,0,1,9,10,11,1,0,2,0,1,0,6224,0.017,0.028,0.005
657,3.84,3.562,0,0.008,0.042,0,0,,0,,,,0,,,,,40,40,0,2,3,0,3,3,1,0,1,9,10,11,1,0,2,0,1,0,6224,0.021,0.034,0.009
658,3.054,2.819,0,0.007,0.041,0,0,,0,,,,0,,,,,40,40,0,2,3,0,3,3,1,0,1,9,10,11,1,0,2,0,1,0,6224,0.021,0.031,0.006
659,4.515,4.176,0,0.011,0.035,0,0,,0,,,,0,,,,,40,40,0,2,3,0,3,3,1,0,1,9,10,11,1,0,2,0,1,0,6224,0.053,0.029,0.006
660,4.203,3.921,0.001,0.003,0.165,0,0,,1,500,231981056,286855168,1,70948032,70948032,167755776,38823561584,40,40,0,2,3,0,3,3,1,0,1,9,10,11,1,0,2,0,1,0,6224,0.012,0.022,0.003
661,3.885,3.518,0,0.011,0.034,0,0,,0,,,,0,,,,,40,40,0,2,3,0,3,3,1,0,1,9,10,11,1,0,2,0,1,0,6224,0.04,0.066,0.01
662,4.962,4.582,0,0.009,0.033,0,0,,0,,,,0,,,,,40,40,0,2,3,0,3,3,1,0,1,9,10,11,1,0,2,0,1,0,6224,0.045,0.077,0.009
663,3.383,3.054,0,0.011,0.035,0,0,,0,,,,0,,,,,40,40,0,2,3,0,3,3,1,0,1,9,10,11,1,0,2,0,1,0,6224,0.04,0.065,0.009
664,2.939,2.726,0,0.006,0.039,0,0,,0,,,,0,,,,,40,40,0,2,3,0,3,3,1,0,1,9,10,11,1,0,2,0,1,0,6224,0.026,0.045,0.004
665,3.17,2.879,0.001,0.006,0.041,0,0,,0,,,,0,,,,,40,40,0,2,3,0,3,3,1,0,1,9,10,11,1,0,2,0,1,0,6224,0.024,0.034,0.036
666,3.034,2.816,0,0.01,0.033,0,0,,0,,,,0,,,,,40,40,0,2,3,0,3,3,1,0,1,9,10,11,1,0,2,0,1,0,6224,0.017,0.024,0.006
667,3.888,3.585,0.001,0.004,0.037,0,0,,0,,,,0,,,,,40,40,0,2,3,0,3,3,1,0,1,9,10,11,1,0,2,0,1,0,6224,0.048,0.053,0.005
668,3.31,3.007,0,0.008,0.029,0,0,,0,,,,0,,,,,40,40,0,2,3,0,3,3,1,0,1,9,10,11,1,0,2,0,1,0,6224,0.034,0.057,0.006
669,3.188,2.952,0.001,0.006,0.027,0,0,,0,,,,0,,,,,40,40,0,2,3,0,3,3,1,0,1,9,10,11,1,0,2,0,1,0,6224,0.031,0.055,0.004
670,3.238,2.897,0.001,0.01,0.049,0,0,,0,,,,0,,,,,40,40,0,2,3,0,3,3,1,0,1,9,10,11,1,0,2,0,1,0,6224,0.061,0.03,0.007
671,3.736,3.419,0,0.008,0.046,0,0,,0,,,,0,,,,,40,40,0,2,3,0,3,3,1,0,1,9,10,11,1,0,2,0,1,0,6224,0.034,0.055,0.007
672,2.552,2.263,0,0.013,0.022,0,0,,0,,,,0,,,,,40,40,0,2,3,0,3,3,1,0,1,9,10,11,1,0,2,0,1,0,6224,0.072,0.024,0.005
673,3.956,3.646,0,0.008,0.037,0,0,,0,,,,0,,,,,40,40,0,2,3,0,3,3,1,0,1,9,10,11,1,0,2,0,1,0,6224,0.035,0.056,0.007
674,3.169,2.888,0,0.005,0.057,0,0,,0,,,,0,,,,,40,40,0,2,3,0,3,3,1,0,1,9,10,11,1,0,2,0,1,0,6224,0.02,0.032,0.004
675,7.318,6.935,0.001,0.012,0.059,0,0,,0,,,,0,,,,,40,40,0,2,3,0,3,3,1,0,1,9,10,11,1,0,2,0,1,0,6224,0.029,0.043,0.011
676,6.163,5.958,0,0.007,0.031,0,0,,0,,,,0,,,,,40,40,0,2,3,0,3,3,1,0,1,9,10,11,1,0,2,0,1,0,6224,0.015,0.021,0.007
677,3.263,2.998,0.001,0.015,0.026,0,0,,0,,,,0,,,,,40,40,0,2,3,0,3,3,1,0,1,9,10,11,1,0,2,0,1,0,6224,0.053,0.022,0.005
678,3.336,3.127,0,0.006,0.038,0,0,,0,,,,0,,,,,40,40,0,2,3,0,3,3,1,0,1,9,10,11,1,0,2,0,1,0,6224,0.017,0.027,0.005
679,3.381,3.122,0.001,0.009,0.029,0,0,,0,,,,0,,,,,40,40,0,2,3,0,3,3,1,0,1,9,10,11,1,0,2,0,1,0,6224,0.037,0.03,0.005
680,4.475,4.157,0.001,0.01,0.051,0,0,,0,,,,0,,,,,40,40,0,2,3,0,3,3,1,0,1,9,10,11,1,0,2,0,1,0,6224,0.031,0.052,0.007
681,4.51,4.267,0,0.008,0.031,0,0,,0,,,,0,,,,,40,40,0,2,3,0,3,3,1,0,1,9,10,11,1,0,2,0,1,0,6224,0.029,0.051,0.006
682,3.964,3.584,0,0.01,0.058,0,0,,0,,,,0,,,,,40,40,0,2,3,0,3,3,1,0,1,9,10,11,1,0,2,0,1,0,6224,0.034,0.053,0.008
683,2.297,1.991,0,0.009,0.047,0,0,,0,,,,0,,,,,40,40,0,2,3,0,3,3,1,0,1,9,10,11,1,0,2,0,1,0,6224,0.026,0.04,0.01
684,3.144,2.808,0,0.008,0.04,0,0,,0,,,,0,,,,,40,40,0,2,3,0,3,3,1,0,1,9,10,11,1,0,2,0,1,0,6224,0.071,0.06,0.005
685,2.741,2.413,0,0.007,0.044,0,0,,0,,,,0,,,,,40,40,0,2,3,0,3,3,1,0,1,9,10,11,1,0,2,0,1,0,6224,0.034,0.059,0.006
686,3.856,3.577,0,0.012,0.03,0,0,,0,,,,0,,,,,40,40,0,2,3,0,3,3,1,0,1,9,10,11,1,0,2,0,1,0,6224,0.077,0.025,0.005
687,2.697,2.471,0,0.005,0.02,0,0,,0,,,,0,,,,,40,40,0,2,3,0,3,3,1,0,1,9,10,11,1,0,2,0,1,0,6224,0.035,0.024,0.002
688,4.088,3.643,0,0.014,0.072,0,0,,0,,,,0,,,,,40,40,0,2,3,0,3,3,1,0,1,9,10,11,1,0,2,0,1,0,6224,0.029,0.041,0.011
689,2.78,2.521,0.001,0.007,0.048,0,0,,0,,,,0,,,,,40,40,0,2,3,0,3,3,1,0,1,9,10,11,1,0,2,0,1,0,6224,0.021,0.034,0.008
690,3.405,3.03,0.001,0.009,0.056,0,0,,1,546.875,231985152,286855168,1,70948032,70948032,167755776,38823561584,40,40,0,2,3,0,3,3,1,0,1,9,10,11,1,0,2,0,1,0,6224,0.039,0.06,0.011
691,2.91,2.605,0,0.007,0.061,0,0,,0,,,,0,,,,,40,40,0,2,3,0,3,3,1,0,1,9,10,11,1,0,2,0,1,0,6224,0.022,0.046,0.007
692,2.895,2.61,0,0.007,0.05,0,0,,0,,,,0,,,,,40,40,0,2,3,0,3,3,1,0,1,9,10,11,1,0,2,0,1,0,6224,0.026,0.042,0.006
693,5.642,5.321,0,0.009,0.044,0,0,,0,,,,0,,,,,40,40,0,2,3,0,3,3,1,0,1,9,10,11,1,0,2,0,1,0,6224,0.028,0.044,0.009
694,5.036,4.757,0,0.011,0.036,0,0,,0,,,,0,,,,,40,40,0,2,3,0,3,3,1,0,1,9,10,11,1,0,2,0,1,0,6224,0.024,0.031,0.009
695,5.686,5.454,0,0.007,0.043,0,0,,0,,,,0,,,,,40,40,0,2,3,0,3,3,1,0,1,9,10,11,1,0,2,0,1,0,6224,0.026,0.045,0.005
696,5.831,5.45,0.001,0.012,0.068,0,0,,0,,,,0,,,,,40,40,0,2,3,0,3,3,1,0,1,9,10,11,1,0,2,0,1,0,6224,0.035,0.028,0.009
697,5.216,4.896,0,0.011,0.031,0,0,,0,,,,0,,,,,40,40,0,2,3,0,3,3,1,0,1,9,10,11,1,0,2,0,1,0,6224,0.051,0.044,0.007
698,5.017,4.684,0,0.008,0.068,0,0,,0,,,,0,,,,,40,40,0,2,3,0,3,3,1,0,1,9,10,11,1,0,2,0,1,0,6224,0.038,0.059,0.007
699,2.933,2.632,0.001,0.007,0.075,0,0,,0,,,,0,,,,,40,40,0,2,3,0,3,3,1,0,1,9,10,11,1,0,2,0,1,0,6224,0.027,0.046,0.005
700,3.563,3.246,0.001,0.005,0.043,0,0,,0,,,,0,,,,,40,40,0,2,3,0,3,3,1,0,1,9,10,11,1,0,2,0,1,0,6224,0.034,0.059,0.008
701,2.975,2.786,0,0.005,0.028,0,0,,0,,,,0,,,,,40,40,0,2,3,0,3,3,1,0,1,9,10,11,1,0,2,0,1,0,6224,0.023,0.043,0.003
702,3.719,3.457,0.001,0.005,0.035,0,0,,0,,,,0,,,,,40,40,0,2,3,0,3,3,1,0,1,9,10,11,1,0,2,0,1,0,6224,0.03,0.054,0.005
703,3.246,2.705,0.001,0.014,0.05,0,0,,0,,,,0,,,,,40,40,0,2,3,0,3,3,1,0,1,9,10,11,1,0,2,0,1,0,6224,0.075,0.069,0.012
704,2.839,2.493,0,0.008,0.057,0,0,,0,,,,0,,,,,40,40,0,2,3,0,3,3,1,0,1,9,10,11,1,0,2,0,1,0,6224,0.034,0.056,0.006
705,2.935,2.643,0.001,0.01,0.026,0,0,,0,,,,0,,,,,40,40,0,2,3,0,3,3,1,0,1,9,10,11,1,0,2,0,1,0,6224,0.047,0.025,0.006
706,3.728,3.438,0.001,0.008,0.061,0,0,,0,,,,0,,,,,40,40,0,2,3,0,3,3,1,0,1,9,10,11,1,0,2,0,1,0,6224,0.078,0.028,0.004
707,3.383,3.044,0.001,0.01,0.036,0,0,,0,,,,0,,,,,40,40,0,2,3,0,3,3,1,0,1,9,10,11,1,0,2,0,1,0,6224,0.035,0.058,0.008
708,4.457,4.211,0.001,0.006,0.044,0,0,,0,,,,0,,,,,40,40,0,2,3,0,3,3,1,0,1,9,10,11,1,0,2,0,1,0,6224,0.026,0.045,0.005
709,3.074,2.822,0,0.007,0.042,0,0,,0,,,,0,,,,,40,40,0,2,3,0,3,3,1,0,1,9,10,11,1,0,2,0,1,0,6224,0.022,0.032,0.006
710,2.788,2.468,0,0.008,0.052,0,0,,0,,,,0,,,,,40,40,0,2,3,0,3,3,1,0,1,9,10,11,1,0,2,0,1,0,6224,0.031,0.048,0.009
711,3.38,3.125,0,0.006,0.073,0,0,,0,,,,0,,,,,40,40,0,2,3,0,3,3,1,0,1,9,10,11,1,0,2,0,1,0,6224,0.018,0.029,0.006
712,4.516,4.274,0,0.007,0.045,0,0,,0,,,,0,,,,,40,40,0,2,3,0,3,3,1,0,1,9,10,11,1,0,2,0,1,0,6224,0.018,0.028,0.007
713,4.676,4.235,0,0.015,0.068,0,0,,0,,,,0,,,,,40,40,0,2,3,0,3,3,1,0,1,9,10,11,1,0,2,0,1,0,6224,0.052,0.054,0.013
714,5.011,4.683,0,0.01,0.044,0,0,,0,,,,0,,,,,40,40,0,2,3,0,3,3,1,0,1,9,10,11,1,0,2,0,1,0,6224,0.034,0.05,0.009
715,4.742,4.386,0,0.009,0.039,0,0,,0,,,,0,,,,,40,40,0,2,3,0,3,3,1,0,1,9,10,11,1,0,2,0,1,0,6224,0.044,0.045,0.008
716,5.365,4.975,0,0.012,0.046,0,0,,0,,,,0,,,,,40,40,0,2,3,0,3,3,1,0,1,9,10,11,1,0,2,0,1,0,6224,0.053,0.089,0.01
717,5.001,4.686,0.001,0.01,0.047,0,0,,0,,,,0,,,,,40,40,0,2,3,0,3,3,1,0,1,9,10,11,1,0,2,0,1,0,6224,0.032,0.037,0.01
718,4.513,4.086,0.001,0.01,0.042,0,0,,0,,,,0,,,,,40,40,0,2,3,0,3,3,1,0,1,9,10,11,1,0,2,0,1,0,6224,0.056,0.088,0.011
719,4.557,4.245,0.001,0.008,0.034,0,0,,0,,,,0,,,,,40,40,0,2,3,0,3,3,1,0,1,9,10,11,1,0,2,0,1,0,6224,0.036,0.024,0.004
720,3.313,3.02,0.001,0.007,0.047,0,0,,1,609.375,231985152,286855168,1,70948032,70948032,167755776,38823561584,40,40,0,2,3,0,3,3,1,0,1,9,10,11,1,0,2,0,1,0,6224,0.028,0.046,0.006
721,2.41,2.131,0,0.01,0.03,0,0,,0,,,,0,,,,,40,40,0,2,3,0,3,3,1,0,1,9,10,11,1,0,2,0,1,0,6224,0.019,0.044,0.018
722,5.169,4.891,0,0.007,0.032,0,0,,0,,,,0,,,,,40,40,0,2,3,0,3,3,1,0,1,9,10,11,1,0,2,0,1,0,6224,0.034,0.059,0.004
723,3.004,2.641,0,0.008,0.053,0,0,,0,,,,0,,,,,40,40,0,2,3,0,3,3,1,0,1,9,10,11,1,0,2,0,1,0,6224,0.038,0.064,0.009
724,3.448,3.245,0.001,0.01,0.023,0,0,,0,,,,0,,,,,40,40,0,2,3,0,3,3,1,0,1,9,10,11,1,0,2,0,1,0,6224,0.017,0.023,0.004
725,3.051,2.699,0.001,0.009,0.043,0,0,,0,,,,0,,,,,40,40,0,2,3,0,3,3,1,0,1,9,10,11,1,0,2,0,1,0,6224,0.039,0.064,0.008
726,3.454,3.198,0.001,0.006,0.034,0,0,,0,,,,0,,,,,40,40,0,2,3,0,3,3,1,0,1,9,10,11,1,0,2,0,1,0,6224,0.02,0.028,0.007
727,3.071,2.701,0.001,0.011,0.057,0,0,,0,,,,0,,,,,40,40,0,2,3,0,3,3,1,0,1,9,10,11,1,0,2,0,1,0,6224,0.05,0.08,0.005
728,3.339,3.013,0.001,0.009,0.031,0,0,,0,,,,0,,,,,40,40,0,2,3,0,3,3,1,0,1,9,10,11,1,0,2,0,1,0,6224,0.035,0.057,0.007
729,2.958,2.592,0,0.011,0.028,0,0,,0,,,,0,,,,,40,40,0,2,3,0,3,3,1,0,1,9,10,11,1,0,2,0,1,0,6224,0.079,0.079,0.005
730,2.954,2.667,0,0.007,0.05,0,0,,0,,,,0,,,,,40,40,0,2,3,0,3,3,1,0,1,9,10,11,1,0,2,0,1,0,6224,0.036,0.04,0.005
731,3.835,3.459,0.001,0.009,0.046,0,0,,0,,,,0,,,,,40,40,0,2,3,0,3,3,1,0,1,9,10,11,1,0,2,0,1,0,6224,0.044,0.068,0.012
732,3.053,2.818,0.001,0.005,0.03,0,0,,0,,,,0,,,,,40,40,0,2,3,0,3,3,1,0,1,9,10,11,1,0,2,0,1,0,6224,0.018,0.025,0.006
733,3.373,3.045,0,0.011,0.043,0,0,,0,,,,0,,,,,40,40,0,2,3,0,3,3,1,0,1,9,10,11,1,0,2,0,1,0,6224,0.045,0.044,0.007
734,3.061,2.773,0,0.01,0.036,0,0,,0,,,,0,,,,,40,40,0,2,3,0,3,3,1,0,1,9,10,11,1,0,2,0,1,0,6224,0.052,0.034,0.007
735,3.037,2.811,0,0.005,0.041,0,0,,0,,,,0,,,,,40,40,0,2,3,0,3,3,1,0,1,9,10,11,1,0,2,0,1,0,6224,0.019,0.031,0.006
736,10.764,10.393,0.001,0.011,0.044,0,0,,0,,,,0,,,,,40,40,0,2,3,0,3,3,1,0,1,9,10,11,1,0,2,0,1,0,6224,0.034,0.055,0.01
737,3.02,2.628,0,0.013,0.03,0,0,,0,,,,0,,,,,40,40,0,2,3,0,3,3,1,0,1,9,10,11,1,0,2,0,1,0,6224,0.075,0.028,0.006
738,2.815,2.556,0.001,0.049,0.02,0,0,,0,,,,0,,,,,40,40,0,2,3,0,3,3,1,0,1,9,10,11,1,0,2,0,1,0,6224,0.016,0.055,0.004
739,2.777,2.349,0.001,0.01,0.117,0,0,,0,,,,0,,,,,40,40,0,2,3,0,3,3,1,0,1,9,10,11,1,0,2,0,1,0,6224,0.052,0.037,0.037
740,2.443,2.186,0,0.007,0.041,0,0,,0,,,,0,,,,,40,40,0,2,3,0,3,3,1,0,1,9,10,11,1,0,2,0,1,0,6224,0.018,0.031,0.006
741,2.686,2.415,0,0.008,0.037,0,0,,0,,,,0,,,,,40,40,0,2,3,0,3,3,1,0,1,9,10,11,1,0,2,0,1,0,6224,0.061,0.029,0.004
742,4.432,4.209,0,0.005,0.064,0,0,,0,,,,0,,,,,40,40,0,2,3,0,3,3,1,0,1,9,10,11,1,0,2,0,1,0,6224,0.016,0.024,0.005
743,4.494,4.209,0,0.006,0.067,0,0,,0,,,,0,,,,,40,40,0,2,3,0,3,3,1,0,1,9,10,11,1,0,2,0,1,0,6224,0.02,0.032,0.005
744,3.768,3.509,0,0.017,0.032,0,0,,0,,,,0,,,,,40,40,0,2,3,0,3,3,1,0,1,9,10,11,1,0,2,0,1,0,6224,0.019,0.025,0.007
745,3.051,2.945,0.001,0.002,0.02,0,0,,0,,,,0,,,,,40,40,0,2,3,0,3,3,1,0,1,9,10,11,1,0,2,0,1,0,6224,0.01,0.021,0.003
746,3.527,3.299,0,0.008,0.028,0,0,,0,,,,0,,,,,40,40,0,2,3,0,3,3,1,0,1,9,10,11,1,0,2,0,1,0,6224,0.057,0.022,0.003
747,2.452,2.112,0,0.012,0.039,0,0,,0,,,,0,,,,,40,40,0,2,3,0,3,3,1,0,1,9,10,11,1,0,2,0,1,0,6224,0.032,0.054,0.008
748,2.422,2.061,0,0.007,0.058,0,0,,0,,,,0,,,,,40,40,0,2,3,0,3,3,1,0,1,9,10,11,1,0,2,0,1,0,6224,0.037,0.062,0.007
749,2.412,2.026,0,0.008,0.047,0,0,,0,,,,0,,,,,40,40,0,2,3,0,3,3,1,0,1,9,10,11,1,0,2,0,1,0,6224,0.041,0.069,0.009
750,2.95,2.627,0,0.009,0.053,0,0,,1,625,231985152,286855168,1,70948032,70948032,167755776,38823561584,40,40,0,2,3,0,3,3,1,0,1,9,10,11,1,0,2,0,1,0,6224,0.024,0.038,0.01
751,2.481,2.178,0,0.006,0.064,0,0,,0,,,,0,,,,,40,40,0,2,3,0,3,3,1,0,1,9,10,11,1,0,2,0,1,0,6224,0.023,0.071,0.006
752,6.154,5.872,0,0.01,0.031,0,0,,0,,,,0,,,,,40,40,0,2,3,0,3,3,1,0,1,9,10,11,1,0,2,0,1,0,6224,0.039,0.039,0.005
753,6.056,5.617,0,0.012,0.048,0,0,,0,,,,0,,,,,40,40,0,2,3,0,3,3,1,0,1,9,10,11,1,0,2,0,1,0,6224,0.029,0.035,0.01
754,5.669,5.306,0,0.011,0.051,0,0,,0,,,,0,,,,,40,40,0,2,3,0,3,3,1,0,1,9,10,11,1,0,2,0,1,0,6224,0.038,0.064,0.01
755,6.044,5.611,0.001,0.011,0.051,0,0,,0,,,,0,,,,,40,40,0,2,3,0,3,3,1,0,1,9,10,11,1,0,2,0,1,0,6224,0.046,0.112,0.009
756,11.4,11.053,0,0.01,0.044,0,0,,0,,,,0,,,,,40,40,0,2,3,0,3,3,1,0,1,9,10,11,1,0,2,0,1,0,6224,0.036,0.049,0.009
757,5.354,4.963,0,0.014,0.034,0,0,,0,,,,0,,,,,40,40,0,2,3,0,3,3,1,0,1,9,10,11,1,0,2,0,1,0,6224,0.048,0.076,0.011
758,6.796,6.544,0,0.008,0.042,0,0,,0,,,,0,,,,,40,40,0,2,3,0,3,3,1,0,1,9,10,11,1,0,2,0,1,0,6224,0.018,0.026,0.008
759,3.805,3.517,0,0.007,0.019,0,0,,0,,,,0,,,,,40,40,0,2,3,0,3,3,1,0,1,9,10,11,1,0,2,0,1,0,6224,0.068,0.023,0.003
760,2.575,2.306,0,0.007,0.025,0,0,,0,,,,0,,,,,40,40,0,2,3,0,3,3,1,0,1,9,10,11,1,0,2,0,1,0,6224,0.033,0.06,0.005
761,2.48,2.329,0,0.005,0.019,0,0,,0,,,,0,,,,,40,40,0,2,3,0,3,3,1,0,1,9,10,11,1,0,2,0,1,0,6224,0.022,0.02,0.001
762,2.414,2.205,0,0.004,0.021,0,0,,0,,,,0,,,,,40,40,0,2,3,0,3,3,1,0,1,9,10,11,1,0,2,0,1,0,6224,0.026,0.086,0.004
763,2.55,2.268,0.001,0.006,0.049,0,0,,0,,,,0,,,,,40,40,0,2,3,0,3,3,1,0,1,9,10,11,1,0,2,0,1,0,6224,0.024,0.043,0.006
764,4.193,3.853,0.001,0.011,0.038,0,0,,0,,,,0,,,,,40,40,0,2,3,0,3,3,1,0,1,9,10,11,1,0,2,0,1,0,6224,0.033,0.052,0.007
765,3.832,3.481,0.001,0.01,0.056,0,0,,0,,,,0,,,,,40,40,0,2,3,0,3,3,1,0,1,9,10,11,1,0,2,0,1,0,6224,0.086,0.036,0.006
766,2.91,2.581,0,0.01,0.041,0,0,,0,,,,0,,,,,40,40,0,2,3,0,3,3,1,0,1,9,10,11,1,0,2,0,1,0,6224,0.031,0.034,0.006
767,5.317,4.906,0,0.008,0.041,0,0,,0,,,,0,,,,,40,40,0,2,3,0,3,3,1,0,1,9,10,11,1,0,2,0,1,0,6224,0.142,0.033,0.011
768,5.17,4.798,0,0.01,0.053,0,0,,0,,,,0,,,,,40,40,0,2,3,0,3,3,1,0,1,9,10,11,1,0,2,0,1,0,6224,0.034,0.057,0.009
769,6.027,5.698,0.001,0.01,0.04,0,0,,0,,,,0,,,,,40,40,0,2,3,0,3,3,1,0,1,9,10,11,1,0,2,0,1,0,6224,0.038,0.056,0.008
770,4.259,4.001,0,0.007,0.043,0,0,,0,,,,0,,,,,40,40,0,2,3,0,3,3,1,0,1,9,10,11,1,0,2,0,1,0,6224,0.022,0.037,0.006
771,4.013,3.76,0.001,0.007,0.033,0,0,,0,,,,0,,,,,40,40,0,2,3,0,3,3,1,0,1,9,10,11,1,0,2,0,1,0,6224,0.018,0.028,0.008
772,4.14,3.919,0,0.007,0.034,0,0,,0,,,,0,,,,,40,40,0,2,3,0,3,3,1,0,1,9,10,11,1,0,2,0,1,0,6224,0.021,0.035,0.004
773,3.643,3.409,0,0.006,0.043,0,0,,0,,,,0,,,,,40,40,0,2,3,0,3,3,1,0,1,9,10,11,1,0,2,0,1,0,6224,0.023,0.041,0.005
774,4.054,3.739,0,0.009,0.042,0,0,,0,,,,0,,,,,40,40,0,2,3,0,3,3,1,0,1,9,10,11,1,0,2,0,1,0,6224,0.033,0.056,0.006
775,2.871,2.635,0.001,0.006,0.034,0,0,,0,,,,0,,,,,40,40,0,2,3,0,3,3,1,0,1,9,10,11,1,0,2,0,1,0,6224,0.019,0.03,0.006
776,3.445,3.138,0,0.008,0.031,0,0,,0,,,,0,,,,,40,40,0,2,3,0,3,3,1,0,1,9,10,11,1,0,2,0,1,0,6224,0.032,0.054,0.006
777,2.963,2.72,0,0.009,0.024,0,0,,0,,,,0,,,,,40,40,0,2,3,0,3,3,1,0,1,9,10,11,1,0,2,0,1,0,6224,0.028,0.048,0.006
778,3.162,2.848,0,0.009,0.031,0,0,,0,,,,0,,,,,40,40,0,2,3,0,3,3,1,0,1,9,10,11,1,0,2,0,1,0,6224,0.07,0.056,0.006
779,4.698,4.446,0,0.006,0.049,0,0,,0,,,,0,,,,,40,40,0,2,3,0,3,3,1,0,1,9,10,11,1,0,2,0,1,0,6224,0.02,0.034,0.008
780,6.13,5.785,0,0.01,0.063,0,0,,1,640.625,231985152,286855168,1,70948032,70948032,167755776,38823561584,40,40,0,2,3,0,3,3,1,0,1,9,10,11,1,0,2,0,1,0,6224,0.026,0.039,0.01
781,5.165,4.814,0,0.007,0.041,0,0,,0,,,,0,,,,,40,40,0,2,3,0,3,3,1,0,1,9,10,11,1,0,2,0,1,0,6224,0.021,0.033,0.009
782,5.353,5.074,0.001,0.008,0.048,0,0,,0,,,,0,,,,,40,40,0,2,3,0,3,3,1,0,1,9,10,11,1,0,2,0,1,0,6224,0.022,0.033,0.009
783,5.646,5.292,0.001,0.011,0.039,0,0,,0,,,,0,,,,,40,40,0,2,3,0,3,3,1,0,1,9,10,11,1,0,2,0,1,0,6224,0.034,0.056,0.01
784,3.725,3.462,0.001,0.007,0.028,0,0,,0,,,,0,,,,,40,40,0,2,3,0,3,3,1,0,1,9,10,11,1,0,2,0,1,0,6224,0.018,0.026,0.007
785,4.158,3.947,0,0.008,0.022,0,0,,0,,,,0,,,,,40,40,0,2,3,0,3,3,1,0,1,9,10,11,1,0,2,0,1,0,6224,0.042,0.019,0.003
786,2.44,2.169,0,0.006,0.033,0,0,,0,,,,0,,,,,40,40,0,2,3,0,3,3,1,0,1,9,10,11,1,0,2,0,1,0,6224,0.033,0.053,0.006
787,2.37,2.1,0,0.006,0.041,0,0,,0,,,,0,,,,,40,40,0,2,3,0,3,3,1,0,1,9,10,11,1,0,2,0,1,0,6224,0.021,0.065,0.006
788,2.451,2.129,0,0.008,0.105,0,0,,0,,,,0,,,,,40,40,0,2,3,0,3,3,1,0,1,9,10,11,1,0,2,0,1,0,6224,0.025,0.03,0.007
789,3.901,3.617,0.001,0.006,0.07,0,0,,0,,,,0,,,,,40,40,0,2,3,0,3,3,1,0,1,9,10,11,1,0,2,0,1,0,6224,0.02,0.033,0.007
790,5.371,5.098,0.001,0.008,0.029,0,0,,0,,,,0,,,,,40,40,0,2,3,0,3,3,1,0,1,9,10,11,1,0,2,0,1,0,6224,0.039,0.059,0.006
791,3.835,3.443,0,0.009,0.072,0,0,,0,,,,0,,,,,40,40,0,2,3,0,3,3,1,0,1,9,10,11,1,0,2,0,1,0,6224,0.036,0.055,0.011
792,3.515,3.165,0.001,0.009,0.042,0,0,,0,,,,0,,,,,40,40,0,2,3,0,3,3,1,0,1,9,10,11,1,0,2,0,1,0,6224,0.023,0.03,0.009
793,4.899,4.57,0.001,0.012,0.027,0,0,,0,,,,0,,,,,40,40,0,2,3,0,3,3,1,0,1,9,10,11,1,0,2,0,1,0,6224,0.039,0.069,0.009
794,2.474,2.121,0.001,0.01,0.038,0,0,,0,,,,0,,,,,40,40,0,2,3,0,3,3,1,0,1,9,10,11,1,0,2,0,1,0,6224,0.047,0.083,0.007
795,2.328,2.087,0,0.005,0.046,0,0,,0,,,,0,,,,,40,40,0,2,3,0,3,3,1,0,1,9,10,11,1,0,2,0,1,0,6224,0.027,0.048,0.004
796,2.599,2.208,0.001,0.008,0.102,0,0,,0,,,,0,,,,,40,40,0,2,3,0,3,3,1,0,1,9,10,11,1,0,2,0,1,0,6224,0.033,0.055,0.007
797,3.799,3.392,0.001,0.01,0.064,0,0,,0,,,,0,,,,,40,40,0,2,3,0,3,3,1,0,1,9,10,11,1,0,2,0,1,0,6224,0.035,0.054,0.012
798,3.045,2.827,0,0.007,0.031,0,0,,0,,,,0,,,,,40,40,0,2,3,0,3,3,1,0,1,9,10,11,1,0,2,0,1,0,6224,0.026,0.046,0.005
799,3.939,3.629,0,0.011,0.047,0,0,,0,,,,0,,,,,40,40,0,2,3,0,3,3,1,0,1,9,10,11,1,0,2,0,1,0,6224,0.037,0.039,0.006
800,2.958,2.759,0,0.006,0.033,0,0,,0,,,,0,,,,,40,40,0,2,3,0,3,3,1,0,1,9,10,11,1,0,2,0,1,0,6224,0.016,0.025,0.006
801,4.69,4.266,0,0.007,0.041,0,0,,0,,,,0,,,,,40,40,0,2,3,0,3,3,1,0,1,9,10,11,1,0,2,0,1,0,6224,0.038,0.172,0.009
802,5.294,5.036,0,0.008,0.031,0,0,,0,,,,0,,,,,40,40,0,2,3,0,3,3,1,0,1,9,10,11,1,0,2,0,1,0,6224,0.033,0.051,0.007
803,6.347,6.053,0,0.007,0.045,0,0,,0,,,,0,,,,,40,40,0,2,3,0,3,3,1,0,1,9,10,11,1,0,2,0,1,0,6224,0.031,0.051,0.007
804,2.52,2.046,0,0.006,0.047,0,0,,0,,,,0,,,,,40,40,0,2,3,0,3,3,1,0,1,9,10,11,1,0,2,0,1,0,6224,0.064,0.048,0.009
805,2.25,1.917,0,0.009,0.042,0,0,,0,,,,0,,,,,40,40,0,2,3,0,3,3,1,0,1,9,10,11,1,0,2,0,1,0,6224,0.042,0.058,0.008
806,2.223,2.004,0,0.006,0.023,0,0,,0,,,,0,,,,,40,40,0,2,3,0,3,3,1,0,1,9,10,11,1,0,2,0,1,0,6224,0.031,0.054,0.004
807,4.231,4.001,0,0.005,0.033,0,0,,0,,,,0,,,,,40,40,0,2,3,0,3,3,1,0,1,9,10,11,1,0,2,0,1,0,6224,0.03,0.054,0.004
808,3.173,2.971,0,0.005,0.041,0,0,,0,,,,0,,,,,40,40,0,2,3,0,3,3,1,0,1,9,10,11,1,0,2,0,1,0,6224,0.025,0.044,0.004
809,3.261,2.972,0.001,0.007,0.055,0,0,,0,,,,0,,,,,40,40,0,2,3,0,3,3,1,0,1,9,10,11,1,0,2,0,1,0,6224,0.027,0.046,0.005
810,3.242,2.9,0,0.007,0.046,0,0,,1,656.25,232050688,286855168,1,70948032,70948032,167755776,38823561584,40,40,0,2,3,0,3,3,1,0,1,9,10,11,1,0,2,0,1,0,6224,0.021,0.049,0.009
811,3.28,2.922,0,0.011,0.028,0,0,,0,,,,0,,,,,40,40,0,2,3,0,3,3,1,0,1,9,10,11,1,0,2,0,1,0,6224,0.038,0.057,0.005
812,3.265,2.984,0,0.007,0.037,0,0,,0,,,,0,,,,,40,40,0,2,3,0,3,3,1,0,1,9,10,11,1,0,2,0,1,0,6224,0.032,0.056,0.006
813,2.593,2.259,0,0.01,0.03,0,0,,0,,,,0,,,,,40,40,0,2,3,0,3,3,1,0,1,9,10,11,1,0,2,0,1,0,6224,0.04,0.066,0.007
814,3.713,3.447,0.001,0.007,0.049,0,0,,0,,,,0,,,,,40,40,0,2,3,0,3,3,1,0,1,9,10,11,1,0,2,0,1,0,6224,0.026,0.041,0.004
815,2.854,2.587,0.001,0.006,0.041,0,0,,0,,,,0,,,,,40,40,0,2,3,0,3,3,1,0,1,9,10,11,1,0,2,0,1,0,6224,0.033,0.04,0.005
816,2.624,2.327,0.001,0.007,0.041,0,0,,0,,,,0,,,,,40,40,0,2,3,0,3,3,1,0,1,9,10,11,1,0,2,0,1,0,6224,0.032,0.053,0.007
817,2.965,2.658,0,0.012,0.029,0,0,,0,,,,0,,,,,40,40,0,2,3,0,3,3,1,0,1,9,10,11,1,0,2,0,1,0,6224,0.018,0.026,0.006
818,2.253,2.044,0,0.005,0.039,0,0,,0,,,,0,,,,,40,40,0,2,3,0,3,3,1,0,1,9,10,11,1,0,2,0,1,0,6224,0.025,0.044,0.004
819,2.413,2.187,0,0.007,0.039,0,0,,0,,,,0,,,,,40,40,0,2,3,0,3,3,1,0,1,9,10,11,1,0,2,0,1,0,6224,0.016,0.024,0.03
820,2.448,2.151,0,0.008,0.038,0,0,,0,,,,0,,,,,40,40,0,2,3,0,3,3,1,0,1,9,10,11,1,0,2,0,1,0,6224,0.032,0.05,0.006
821,2.362,2.149,0.001,0.005,0.042,0,0,,0,,,,0,,,,,40,40,0,2,3,0,3,3,1,0,1,9,10,11,1,0,2,0,1,0,6224,0.025,0.047,0.004
822,3.762,3.38,0,0.011,0.07,0,0,,0,,,,0,,,,,40,40,0,2,3,0,3,3,1,0,1,9,10,11,1,0,2,0,1,0,6224,0.031,0.028,0.007
823,3.705,3.465,0.001,0.006,0.033,0,0,,0,,,,0,,,,,40,40,0,2,3,0,3,3,1,0,1,9,10,11,1,0,2,0,1,0,6224,0.016,0.027,0.007
824,3.433,3.087,0,0.009,0.05,0,0,,0,,,,0,,,,,40,40,0,2,3,0,3,3,1,0,1,9,10,11,1,0,2,0,1,0,6224,0.033,0.055,0.009
825,6.288,5.99,0,0.008,0.054,0,0,,0,,,,0,,,,,40,40,0,2,3,0,3,3,1,0,1,9,10,11,1,0,2,0,1,0,6224,0.022,0.035,0.011
826,6.485,6.078,0,0.011,0.048,0,0,,0,,,,0,,,,,40,40,0,2,3,0,3,3,1,0,1,9,10,11,1,0,2,0,1,0,6224,0.045,0.071,0.011
827,5.431,4.991,0.001,0.012,0.035,0,0,,0,,,,0,,,,,40,40,0,2,3,0,3,3,1,0,1,9,10,11,1,0,2,0,1,0,6224,0.119,0.027,0.007
828,4.553,4.202,0,0.011,0.051,0,0,,0,,,,0,,,,,40,40,0,2,3,0,3,3,1,0,1,9,10,11,1,0,2,0,1,0,6224,0.046,0.04,0.009
829,3.489,3.044,0,0.015,0.047,0,0,,0,,,,0,,,,,40,40,0,2,3,0,3,3,1,0,1,9,10,11,1,0,2,0,1,0,6224,0.064,0.052,0.01
830,4.125,3.847,0,0.007,0.053,0,0,,0,,,,0,,,,,40,40,0,2,3,0,3,3,1,0,1,9,10,11,1,0,2,0,1,0,6224,0.02,0.036,0.008
831,3.038,2.668,0,0.013,0.036,0,0,,0,,,,0,,,,,40,40,0,2,3,0,3,3,1,0,1,9,10,11,1,0,2,0,1,0,6224,0.047,0.03,0.008
832,2.83,2.58,0,0.006,0.047,0,0,,0,,,,0,,,,,40,40,0,2,3,0,3,3,1,0,1,9,10,11,1,0,2,0,1,0,6224,0.021,0.035,0.007
833,3.954,3.671,0,0.008,0.033,0,0,,0,,,,0,,,,,40,40,0,2,3,0,3,3,1,0,1,9,10,11,1,0,2,0,1,0,6224,0.023,0.035,0.01
834,5.253,4.966,0,0.007,0.039,0,0,,0,,,,0,,,,,40,40,0,2,3,0,3,3,1,0,1,9,10,11,1,0,2,0,1,0,6224,0.02,0.035,0.011
835,7.338,6.913,0,0.019,0.046,0,0,,0,,,,0,,,,,40,40,0,2,3,0,3,3,1,0,1,9,10,11,1,0,2,0,1,0,6224,0.061,0.047,0.01
836,4.736,4.439,0,0.009,0.049,0,0,,0,,,,0,,,,,40,40,0,2,3,0,3,3,1,0,1,9,10,11,1,0,2,0,1,0,6224,0.022,0.033,0.009
837,5.083,4.68,0.001,0.015,0.046,0,0,,0,,,,0,,,,,40,40,0,2,3,0,3,3,1,0,1,9,10,11,1,0,2,0,1,0,6224,0.051,0.057,0.01
838,5.129,4.966,0,0.006,0.03,0,0,,0,,,,0,,,,,40,40,0,2,3,0,3,3,1,0,1,9,10,11,1,0,2,0,1,0,6224,0.015,0.02,0.004
839,2.974,2.717,0,0.007,0.034,0,0,,0,,,,0,,,,,40,40,0,2,3,0,3,3,1,0,1,9,10,11,1,0,2,0,1,0,6224,0.032,0.058,0.004
840,2.184,2.005,0,0.004,0.034,0,0,,1,671.875,232050688,286855168,1,70948032,70948032,167755776,38823561584,40,40,0,2,3,0,3,3,1,0,1,9,10,11,1,0,2,0,1,0,6224,0.017,0.026,0.003
841,2.978,2.716,0.001,0.004,0.034,0,0,,0,,,,0,,,,,40,40,0,2,3,0,3,3,1,0,1,9,10,11,1,0,2,0,1,0,6224,0.031,0.04,0.005
842,2.528,2.23,0,0.007,0.041,0,0,,0,,,,0,,,,,40,40,0,2,3,0,3,3,1,0,1,9,10,11,1,0,2,0,1,0,6224,0.02,0.038,0.048
843,3.15,2.852,0,0.006,0.027,0,0,,0,,,,0,,,,,40,40,0,2,3,0,3,3,1,0,1,9,10,11,1,0,2,0,1,0,6224,0.033,0.101,0.005
844,3.05,2.809,0,0.006,0.026,0,0,,0,,,,0,,,,,40,40,0,2,3,0,3,3,1,0,1,9,10,11,1,0,2,0,1,0,6224,0.032,0.077,0.003
845,2.169,1.98,0,0.004,0.019,0,0,,0,,,,0,,,,,40,40,0,2,3,0,3,3,1,0,1,9,10,11,1,0,2,0,1,0,6224,0.023,0.076,0.003
846,2.283,2.083,0.001,0.004,0.031,0,0,,0,,,,0,,,,,40,40,0,2,3,0,3,3,1,0,1,9,10,11,1,0,2,0,1,0,6224,0.02,0.031,0.005
847,2.916,2.629,0,0.006,0.059,0,0,,0,,,,0,,,,,40,40,0,2,3,0,3,3,1,0,1,9,10,11,1,0,2,0,1,0,6224,0.02,0.035,0.008
848,2.474,2.205,0,0.006,0.045,0,0,,0,,,,0,,,,,40,40,0,2,3,0,3,3,1,0,1,9,10,11,1,0,2,0,1,0,6224,0.026,0.044,0.006
849,2.605,2.377,0,0.006,0.043,0,0,,0,,,,0,,,,,40,40,0,2,3,0,3,3,1,0,1,9,10,11,1,0,2,0,1,0,6224,0.024,0.043,0.004
850,4.353,4.015,0.001,0.011,0.036,0,0,,0,,,,0,,,,,40,40,0,2,3,0,3,3,1,0,1,9,10,11,1,0,2,0,1,0,6224,0.035,0.057,0.008
851,2.19,2.008,0,0.005,0.028,0,0,,0,,,,0,,,,,40,40,0,2,3,0,3,3,1,0,1,9,10,11,1,0,2,0,1,0,6224,0.022,0.04,0.004
852,2.957,2.609,0,0.006,0.099,0,0,,0,,,,0,,,,,40,40,0,2,3,0,3,3,1,0,1,9,10,11,1,0,2,0,1,0,6224,0.026,0.069,0.007
853,5.205,4.93,0,0.008,0.036,0,0,,0,,,,0,,,,,40,40,0,2,3,0,3,3,1,0,1,9,10,11,1,0,2,0,1,0,6224,0.027,0.042,0.008
854,4.607,4.224,0,0.01,0.06,0,0,,0,,,,0,,,,,40,40,0,2,3,0,3,3,1,0,1,9,10,11,1,0,2,0,1,0,6224,0.101,0.033,0.006
855,3.763,3.519,0,0.005,0.041,0,0,,0,,,,0,,,,,40,40,0,2,3,0,3,3,1,0,1,9,10,11,1,0,2,0,1,0,6224,0.016,0.03,0.005
856,3.249,2.942,0,0.008,0.044,0,0,,0,,,,0,,,,,40,40,0,2,3,0,3,3,1,0,1,9,10,11,1,0,2,0,1,0,6224,0.029,0.044,0.008
857,3.212,3.032,0,0.005,0.027,0,0,,0,,,,0,,,,,40,40,0,2,3,0,3,3,1,0,1,9,10,11,1,0,2,0,1,0,6224,0.016,0.025,0.005
858,4.242,3.934,0,0.008,0.042,0,0,,0,,,,0,,,,,40,40,0,2,3,0,3,3,1,0,1,9,10,11,1,0,2,0,1,0,6224,0.034,0.055,0.007
859,4.948,4.611,0,0.011,0.049,0,0,,0,,,,0,,,,,40,40,0,2,3,0,3,3,1,0,1,9,10,11,1,0,2,0,1,0,6224,0.041,0.036,0.007
860,4.903,4.593,0,0.009,0.054,0,0,,0,,,,0,,,,,40,40,0,2,3,0,3,3,1,0,1,9,10,11,1,0,2,0,1,0,6224,0.023,0.034,0.01
861,4.889,4.562,0,0.011,0.042,0,0,,0,,,,0,,,,,40,40,0,2,3,0,3,3,1,0,1,9,10,11,1,0,2,0,1,0,6224,0.043,0.036,0.007
862,5.669,5.302,0,0.012,0.039,0,0,,0,,,,0,,,,,40,40,0,2,3,0,3,3,1,0,1,9,10,11,1,0,2,0,1,0,6224,0.039,0.062,0.011
863,3.844,3.516,0.001,0.009,0.026,0,0,,0,,,,0,,,,,40,40,0,2,3,0,3,3,1,0,1,9,10,11,1,0,2,0,1,0,6224,0.041,0.061,0.007
864,2.605,2.355,0.001,0.006,0.036,0,0,,0,,,,0,,,,,40,40,0,2,3,0,3,3,1,0,1,9,10,11,1,0,2,0,1,0,6224,0.02,0.029,0.007
865,6.165,5.812,0.001,0.01,0.043,0,0,,0,,,,0,,,,,40,40,0,2,3,0,3,3,1,0,1,9,10,11,1,0,2,0,1,0,6224,0.043,0.068,0.007
866,4.901,4.639,0.001,0.006,0.047,0,0,,0,,,,0,,,,,40,40,0,2,3,0,3,3,1,0,1,9,10,11,1,0,2,0,1,0,6224,0.03,0.051,0.005
867,3.324,2.989,0,0.007,0.048,0,0,,0,,,,0,,,,,40,40,0,2,3,0,3,3,1,0,1,9,10,11,1,0,2,0,1,0,6224,0.037,0.06,0.01
868,3.555,3.341,0,0.006,0.034,0,0,,0,,,,0,,,,,40,40,0,2,3,0,3,3,1,0,1,9,10,11,1,0,2,0,1,0,6224,0.019,0.03,0.007
869,3.053,2.849,0,0.006,0.017,0,0,,0,,,,0,,,,,40,40,0,2,3,0,3,3,1,0,1,9,10,11,1,0,2,0,1,0,6224,0.029,0.051,0.005
870,3.421,3.055,0,0.012,0.041,0,0,,1,703.125,232050688,286855168,1,70948032,70948032,167755776,38823561584,40,40,0,2,3,0,3,3,1,0,1,9,10,11,1,0,2,0,1,0,6224,0.086,0.033,0.007
871,2.76,2.505,0,0.006,0.026,0,0,,0,,,,0,,,,,40,40,0,2,3,0,3,3,1,0,1,9,10,11,1,0,2,0,1,0,6224,0.031,0.036,0.002
872,2.373,2.166,0,0.007,0.024,0,0,,0,,,,0,,,,,40,40,0,2,3,0,3,3,1,0,1,9,10,11,1,0,2,0,1,0,6224,0.015,0.025,0.004
873,4.754,4.4,0.001,0.011,0.032,0,0,,0,,,,0,,,,,40,40,0,2,3,0,3,3,1,0,1,9,10,11,1,0,2,0,1,0,6224,0.047,0.054,0.009
874,4.573,4.299,0,0.007,0.02,0,0,,0,,,,0,,,,,40,40,0,2,3,0,3,3,1,0,1,9,10,11,1,0,2,0,1,0,6224,0.04,0.071,0.006
875,5.408,5.125,0.001,0.01,0.042,0,0,,0,,,,0,,,,,40,40,0,2,3,0,3,3,1,0,1,9,10,11,1,0,2,0,1,0,6224,0.023,0.038,0.005
876,4.411,4.056,0.001,0.008,0.039,0,0,,0,,,,0,,,,,40,40,0,2,3,0,3,3,1,0,1,9,10,11,1,0,2,0,1,0,6224,0.039,0.059,0.009
877,4.405,4.032,0.001,0.011,0.047,0,0,,0,,,,0,,,,,40,40,0,2,3,0,3,3,1,0,1,9,10,11,1,0,2,0,1,0,6224,0.046,0.076,0.008
878,4.034,3.656,0.001,0.01,0.074,0,0,,0,,,,0,,,,,40,40,0,2,3,0,3,3,1,0,1,9,10,11,1,0,2,0,1,0,6224,0.031,0.056,0.011
879,2.798,2.453,0,0.009,0.054,0,0,,0,,,,0,,,,,40,40,0,2,3,0,3,3,1,0,1,9,10,11,1,0,2,0,1,0,6224,0.044,0.045,0.009
880,3.036,2.773,0.001,0.007,0.045,0,0,,0,,,,0,,,,,40,40,0,2,3,0,3,3,1,0,1,9,10,11,1,0,2,0,1,0,6224,0.027,0.046,0.006
881,3.256,2.838,0,0.013,0.034,0,0,,0,,,,0,,,,,40,40,0,2,3,0,3,3,1,0,1,9,10,11,1,0,2,0,1,0,6224,0.042,0.058,0.007
882,4.693,4.444,0,0.01,0.023,0,0,,0,,,,0,,,,,40,40,0,2,3,0,3,3,1,0,1,9,10,11,1,0,2,0,1,0,6224,0.027,0.048,0.005
883,4.341,4.015,0,0.007,0.051,0,0,,0,,,,0,,,,,40,40,0,2,3,0,3,3,1,0,1,9,10,11,1,0,2,0,1,0,6224,0.03,0.056,0.007
884,6.413,6.018,0.001,0.009,0.047,0,0,,0,,,,0,,,,,40,40,0,2,3,0,3,3,1,0,1,9,10,11,1,0,2,0,1,0,6224,0.041,0.065,0.01
885,4.774,4.484,0.001,0.012,0.026,0,0,,0,,,,0,,,,,40,40,0,2,3,0,3,3,1,0,1,9,10,11,1,0,2,0,1,0,6224,0.02,0.056,0.007
886,7.011,6.712,0,0.01,0.042,0,0,,0,,,,0,,,,,40,40,0,2,3,0,3,3,1,0,1,9,10,11,1,0,2,0,1,0,6224,0.037,0.031,0.007
887,4.711,4.403,0.001,0.008,0.038,0,0,,0,,,,0,,,,,40,40,0,2,3,0,3,3,1,0,1,9,10,11,1,0,2,0,1,0,6224,0.031,0.047,0.009
888,5.275,4.936,0.001,0.01,0.042,0,0,,0,,,,0,,,,,40,40,0,2,3,0,3,3,1,0,1,9,10,11,1,0,2,0,1,0,6224,0.053,0.049,0.009
889,5.767,5.42,0,0.01,0.049,0,0,,0,,,,0,,,,,40,40,0,2,3,0,3,3,1,0,1,9,10,11,1,0,2,0,1,0,6224,0.03,0.045,0.01
890,4.678,4.35,0,0.009,0.047,0,0,,0,,,,0,,,,,40,40,0,2,3,0,3,3,1,0,1,9,10,11,1,0,2,0,1,0,6224,0.022,0.033,0.012
891,5.857,5.486,0,0.011,0.034,0,0,,0,,,,0,,,,,40,40,0,2,3,0,3,3,1,0,1,9,10,11,1,0,2,0,1,0,6224,0.039,0.062,0.011
892,4.596,4.262,0.001,0.009,0.023,0,0,,0,,,,0,,,,,40,40,0,2,3,0,3,3,1,0,1,9,10,11,1,0,2,0,1,0,6224,0.043,0.077,0.009
893,3.594,3.36,0,0.007,0.027,0,0,,0,,,,0,,,,,40,40,0,2,3,0,3,3,1,0,1,9,10,11,1,0,2,0,1,0,6224,0.034,0.061,0.005
894,2.98,2.644,0,0.008,0.026,0,0,,0,,,,0,,,,,40,40,0,2,3,0,3,3,1,0,1,9,10,11,1,0,2,0,1,0,6224,0.045,0.083,0.006
895,3.672,3.27,0,0.018,0.042,0,0,,0,,,,0,,,,,40,40,0,2,3,0,3,3,1,0,1,9,10,11,1,0,2,0,1,0,6224,0.034,0.029,0.011
896,3.168,2.895,0,0.007,0.037,0,0,,0,,,,0,,,,,40,40,0,2,3,0,3,3,1,0,1,9,10,11,1,0,2,0,1,0,6224,0.034,0.057,0.005
897,3.957,3.65,0,0.004,0.029,0,0,,0,,,,0,,,,,40,40,0,2,3,0,3,3,1,0,1,9,10,11,1,0,2,0,1,0,6224,0.016,0.131,0.008
898,2.949,2.676,0,0.006,0.021,0,0,,0,,,,0,,,,,40,40,0,2,3,0,3,3,1,0,1,9,10,11,1,0,2,0,1,0,6224,0.032,0.101,0.004
899,3.093,2.736,0.001,0.009,0.06,0,0,,0,,,,0,,,,,40,40,0,2,3,0,3,3,1,0,1,9,10,11,1,0,2,0,1,0,6224,0.033,0.054,0.008
900,3.212,2.882,0,0.008,0.113,0,0,,1,734.375,232050688,286855168,1,70948032,70948032,167755776,38823561584,40,40,0,2,3,0,3,3,1,0,1,9,10,11,1,0,2,0,1,0,6224,0.016,0.022,0.006
901,5.086,4.692,0.001,0.009,0.045,0,0,,0,,,,0,,,,,40,40,0,2,3,0,3,3,1,0,1,9,10,11,1,0,2,0,1,0,6224,0.04,0.065,0.007
902,2.958,2.636,0,0.01,0.026,0,0,,0,,,,0,,,,,40,40,0,2,3,0,3,3,1,0,1,9,10,11,1,0,2,0,1,0,6224,0.054,0.051,0.006
903,3.014,2.702,0.001,0.005,0.023,0,0,,0,,,,0,,,,,40,40,0,2,3,0,3,3,1,0,1,9,10,11,1,0,2,0,1,0,6224,0.027,0.148,0.004
904,3.093,2.745,0.001,0.009,0.038,0,0,,0,,,,0,,,,,40,40,0,2,3,0,3,3,1,0,1,9,10,11,1,0,2,0,1,0,6224,0.097,0.042,0.008
905,3.316,3.013,0,0.007,0.046,0,0,,0,,,,0,,,,,40,40,0,2,3,0,3,3,1,0,1,9,10,11,1,0,2,0,1,0,6224,0.034,0.061,0.008
906,4.171,3.831,0,0.013,0.052,0,0,,0,,,,0,,,,,40,40,0,2,3,0,3,3,1,0,1,9,10,11,1,0,2,0,1,0,6224,0.046,0.045,0.006
907,2.828,2.57,0.001,0.009,0.023,0,0,,0,,,,0,,,,,40,40,0,2,3,0,3,3,1,0,1,9,10,11,1,0,2,0,1,0,6224,0.065,0.024,0.003
908,2.563,2.359,0.001,0.005,0.025,0,0,,0,,,,0,,,,,40,40,0,2,3,0,3,3,1,0,1,9,10,11,1,0,2,0,1,0,6224,0.025,0.066,0.002
909,2.523,2.225,0,0.01,0.036,0,0,,0,,,,0,,,,,40,40,0,2,3,0,3,3,1,0,1,9,10,11,1,0,2,0,1,0,6224,0.042,0.03,0.005
910,3.642,3.427,0.001,0.006,0.036,0,0,,0,,,,0,,,,,40,40,0,2,3,0,3,3,1,0,1,9,10,11,1,0,2,0,1,0,6224,0.016,0.026,0.007
911,3.439,3.114,0.001,0.013,0.028,0,0,,0,,,,0,,,,,40,40,0,2,3,0,3,3,1,0,1,9,10,11,1,0,2,0,1,0,6224,0.023,0.028,0.006
912,3.245,2.932,0,0.009,0.034,0,0,,0,,,,0,,,,,40,40,0,2,3,0,3,3,1,0,1,9,10,11,1,0,2,0,1,0,6224,0.033,0.054,0.007
913,3.238,2.962,0,0.011,0.028,0,0,,0,,,,0,,,,,40,40,0,2,3,0,3,3,1,0,1,9,10,11,1,0,2,0,1,0,6224,0.032,0.074,0.004
914,3.211,2.782,0.001,0.01,0.072,0,0,,0,,,,0,,,,,40,40,0,2,3,0,3,3,1,0,1,9,10,11,1,0,2,0,1,0,6224,0.045,0.061,0.01
915,3.621,3.221,0,0.009,0.073,0,0,,0,,,,0,,,,,40,40,0,2,3,0,3,3,1,0,1,9,10,11,1,0,2,0,1,0,6224,0.022,0.036,0.01
916,3.018,2.767,0,0.007,0.041,0,0,,0,,,,0,,,,,40,40,0,2,3,0,3,3,1,0,1,9,10,11,1,0,2,0,1,0,6224,0.021,0.031,0.007
917,6.06,5.791,0,0.007,0.078,0,0,,0,,,,0,,,,,40,40,0,2,3,0,3,3,1,0,1,9,10,11,1,0,2,0,1,0,6224,0.018,0.028,0.008
918,6.129,5.737,0,0.012,0.048,0,0,,0,,,,0,,,,,40,40,0,2,3,0,3,3,1,0,1,9,10,11,1,0,2,0,1,0,6224,0.048,0.046,0.01
919,6.356,5.986,0,0.009,0.053,0,0,,0,,,,0,,,,,40,40,0,2,3,0,3,3,1,0,1,9,10,11,1,0,2,0,1,0,6224,0.033,0.064,0.012
920,5.51,5.191,0,0.011,0.033,0,0,,0,,,,0,,,,,40,40,0,2,3,0,3,3,1,0,1,9,10,11,1,0,2,0,1,0,6224,0.036,0.062,0.008
921,7.285,6.891,0,0.013,0.051,0,0,,0,,,,0,,,,,40,40,0,2,3,0,3,3,1,0,1,9,10,11,1,0,2,0,1,0,6224,0.035,0.057,0.011
922,6.73,6.377,0.001,0.009,0.033,0,0,,0,,,,0,,,,,40,40,0,2,3,0,3,3,1,0,1,9,10,11,1,0,2,0,1,0,6224,0.04,0.066,0.008
923,3.973,3.63,0,0.008,0.049,0,0,,0,,,,0,,,,,40,40,0,2,3,0,3,3,1,0,1,9,10,11,1,0,2,0,1,0,6224,0.041,0.068,0.006
924,2.995,2.738,0,0.006,0.035,0,0,,0,,,,0,,,,,40,40,0,2,3,0,3,3,1,0,1,9,10,11,1,0,2,0,1,0,6224,0.022,0.035,0.008
925,4.12,3.709,0,0.01,0.042,0,0,,0,,,,0,,,,,40,40,0,2,3,0,3,3,1,0,1,9,10,11,1,0,2,0,1,0,6224,0.043,0.067,0.008
926,2.941,2.616,0,0.009,0.027,0,0,,0,,,,0,,,,,40,40,0,2,3,0,3,3,1,0,1,9,10,11,1,0,2,0,1,0,6224,0.065,0.067,0.007
927,3.719,3.527,0,0.003,0.08,0,0,,0,,,,0,,,,,40,40,0,2,3,0,3,3,1,0,1,9,10,11,1,0,2,0,1,0,6224,0.014,0.024,0.003
928,3.224,2.946,0,0.008,0.04,0,0,,0,,,,0,,,,,40,40,0,2,3,0,3,3,1,0,1,9,10,11,1,0,2,0,1,0,6224,0.032,0.051,0.006
929,4.059,3.81,0,0.006,0.028,0,0,,0,,,,0,,,,,40,40,0,2,3,0,3,3,1,0,1,9,10,11,1,0,2,0,1,0,6224,0.018,0.027,0.006
930,5.555,5.128,0,0.01,0.038,0,0,,1,734.375,232050688,286855168,1,70948032,70948032,167755776,38823561584,40,40,0,2,3,0,3,3,1,0,1,9,10,11,1,0,2,0,1,0,6224,0.049,0.077,0.01
931,3.301,2.984,0,0.006,0.041,0,0,,0,,,,0,,,,,40,40,0,2,3,0,3,3,1,0,1,9,10,11,1,0,2,0,1,0,6224,0.036,0.065,0.007
932,3.162,2.82,0,0.01,0.051,0,0,,0,,,,0,,,,,40,40,0,2,3,0,3,3,1,0,1,9,10,11,1,0,2,0,1,0,6224,0.032,0.047,0.008
933,3.172,2.767,0,0.012,0.055,0,0,,0,,,,0,,,,,40,40,0,2,3,0,3,3,1,0,1,9,10,11,1,0,2,0,1,0,6224,0.087,0.033,0.009
934,3.331,2.851,0,0.013,0.055,0,0,,0,,,,0,,,,,40,40,0,2,3,0,3,3,1,0,1,9,10,11,1,0,2,0,1,0,6224,0.038,0.101,0.011
935,4.238,3.875,0.001,0.009,0.062,0,0,,0,,,,0,,,,,40,40,0,2,3,0,3,3,1,0,1,9,10,11,1,0,2,0,1,0,6224,0.033,0.045,0.01
936,3.131,2.768,0,0.01,0.065,0,0,,0,,,,0,,,,,40,40,0,2,3,0,3,3,1,0,1,9,10,11,1,0,2,0,1,0,6224,0.029,0.046,0.01
937,3.074,2.762,0,0.009,0.055,0,0,,0,,,,0,,,,,40,40,0,2,3,0,3,3,1,0,1,9,10,11,1,0,2,0,1,0,6224,0.028,0.038,0.009
938,3.243,2.858,0,0.013,0.052,0,0,,0,,,,0,,,,,40,40,0,2,3,0,3,3,1,0,1,9,10,11,1,0,2,0,1,0,6224,0.028,0.049,0.01
939,4.118,3.753,0.001,0.012,0.027,0,0,,0,,,,0,,,,,40,40,0,2,3,0,3,3,1,0,1,9,10,11,1,0,2,0,1,0,6224,0.097,0.061,0.005
940,6.137,5.84,0.001,0.007,0.042,0,0,,0,,,,0,,,,,40,40,0,2,3,0,3,3,1,0,1,9,10,11,1,0,2,0,1,0,6224,0.028,0.044,0.008
941,7.316,6.939,0,0.011,0.051,0,0,,0,,,,0,,,,,40,40,0,2,3,0,3,3,1,0,1,9,10,11,1,0,2,0,1,0,6224,0.035,0.056,0.011
942,5.752,5.422,0,0.01,0.044,0,0,,0,,,,0,,,,,40,40,0,2,3,0,3,3,1,0,1,9,10,11,1,0,2,0,1,0,6224,0.031,0.052,0.008
943,5.66,5.337,0,0.008,0.047,0,0,,0,,,,0,,,,,40,40,0,2,3,0,3,3,1,0,1,9,10,11,1,0,2,0,1,0,6224,0.03,0.051,0.007
944,3.04,2.705,0.001,0.008,0.041,0,0,,0,,,,0,,,,,40,40,0,2,3,0,3,3,1,0,1,9,10,11,1,0,2,0,1,0,6224,0.036,0.064,0.008
945,3.239,2.954,0,0.006,0.031,0,0,,0,,,,0,,,,,40,40,0,2,3,0,3,3,1,0,1,9,10,11,1,0,2,0,1,0,6224,0.034,0.063,0.006
946,4.408,4.113,0.001,0.009,0.038,0,0,,0,,,,0,,,,,40,40,0,2,3,0,3,3,1,0,1,9,10,11,1,0,2,0,1,0,6224,0.04,0.033,0.006
947,4.112,3.779,0.001,0.009,0.054,0,0,,0,,,,0,,,,,40,40,0,2,3,0,3,3,1,0,1,9,10,11,1,0,2,0,1,0,6224,0.031,0.051,0.007
948,6.696,6.362,0,0.008,0.05,0,0,,0,,,,0,,,,,40,40,0,2,3,0,3,3,1,0,1,9,10,11,1,0,2,0,1,0,6224,0.023,0.032,0.01
949,5.39,5.189,0.001,0.008,0.061,0,0,,0,,,,0,,,,,40,40,0,2,3,0,3,3,1,0,1,9,10,11,1,0,2,0,1,0,6224,0.014,0.023,0.005
950,5.472,5.156,0,0.01,0.045,0,0,,0,,,,0,,,,,40,40,0,2,3,0,3,3,1,0,1,9,10,11,1,0,2,0,1,0,6224,0.033,0.052,0.008
951,2.918,2.663,0,0.007,0.041,0,0,,0,,,,0,,,,,40,40,0,2,3,0,3,3,1,0,1,9,10,11,1,0,2,0,1,0,6224,0.029,0.05,0.006
952,3.611,3.333,0.001,0.006,0.033,0,0,,0,,,,0,,,,,40,40,0,2,3,0,3,3,1,0,1,9,10,11,1,0,2,0,1,0,6224,0.037,0.062,0.006
953,2.967,2.69,0,0.01,0.059,0,0,,0,,,,0,,,,,40,40,0,2,3,0,3,3,1,0,1,9,10,11,1,0,2,0,1,0,6224,0.045,0.023,0.006
954,3.789,3.493,0,0.008,0.033,0,0,,0,,,,0,,,,,40,40,0,2,3,0,3,3,1,0,1,9,10,11,1,0,2,0,1,0,6224,0.041,0.057,0.005
955,2.879,2.624,0,0.006,0.05,0,0,,0,,,,0,,,,,40,40,0,2,3,0,3,3,1,0,1,9,10,11,1,0,2,0,1,0,6224,0.023,0.037,0.006
956,2.876,2.627,0,0.006,0.041,0,0,,0,,,,0,,,,,40,40,0,2,3,0,3,3,1,0,1,9,10,11,1,0,2,0,1,0,6224,0.022,0.038,0.006
957,4.515,4.193,0.001,0.009,0.039,0,0,,0,,,,0,,,,,40,40,0,2,3,0,3,3,1,0,1,9,10,11,1,0,2,0,1,0,6224,0.033,0.048,0.009
958,5.46,5.032,0,0.011,0.057,0,0,,0,,,,0,,,,,40,40,0,2,3,0,3,3,1,0,1,9,10,11,1,0,2,0,1,0,6224,0.046,0.074,0.01
959,2.785,2.529,0,0.007,0.042,0,0,,0,,,,0,,,,,40,40,0,2,3,0,3,3,1,0,1,9,10,11,1,0,2,0,1,0,6224,0.031,0.055,0.004
960,2.307,2.11,0,0.004,0.039,0,0,,1,750,232050688,286855168,1,70948032,70948032,167755776,38823561584,40,40,0,2,3,0,3,3,1,0,1,9,10,11,1,0,2,0,1,0,6224,0.022,0.041,0.002
961,4.435,4.134,0,0.008,0.041,0,0,,0,,,,0,,,,,40,40,0,2,3,0,3,3,1,0,1,9,10,11,1,0,2,0,1,0,6224,0.028,0.043,0.008
962,4.469,4.116,0,0.013,0.034,0,0,,0,,,,0,,,,,40,40,0,2,3,0,3,3,1,0,1,9,10,11,1,0,2,0,1,0,6224,0.038,0.054,0.009
963,3.15,2.929,0.001,0.005,0.028,0,0,,0,,,,0,,,,,40,40,0,2,3,0,3,3,1,0,1,9,10,11,1,0,2,0,1,0,6224,0.028,0.051,0.004
964,2.716,2.529,0,0.005,0.033,0,0,,0,,,,0,,,,,40,40,0,2,3,0,3,3,1,0,1,9,10,11,1,0,2,0,1,0,6224,0.023,0.041,0.004
965,2.898,2.636,0.001,0.006,0.05,0,0,,0,,,,0,,,,,40,40,0,2,3,0,3,3,1,0,1,9,10,11,1,0,2,0,1,0,6224,0.023,0.036,0.006
966,2.289,2.066,0,0.006,0.037,0,0,,0,,,,0,,,,,40,40,0,2,3,0,3,3,1,0,1,9,10,11,1,0,2,0,1,0,6224,0.023,0.041,0.005
967,4.213,3.928,0,0.011,0.03,0,0,,0,,,,0,,,,,40,40,0,2,3,0,3,3,1,0,1,9,10,11,1,0,2,0,1,0,6224,0.059,0.023,0.006
968,3.063,2.755,0,0.007,0.054,0,0,,0,,,,0,,,,,40,40,0,2,3,0,3,3,1,0,1,9,10,11,1,0,2,0,1,0,6224,0.03,0.05,0.005
969,3.135,2.817,0.001,0.01,0.036,0,0,,0,,,,0,,,,,40,40,0,2,3,0,3,3,1,0,1,9,10,11,1,0,2,0,1,0,6224,0.039,0.053,0.006
970,2.419,2.136,0,0.011,0.051,0,0,,0,,,,0,,,,,40,40,0,2,3,0,3,3,1,0,1,9,10,11,1,0,2,0,1,0,6224,0.03,0.045,0.005
971,2.933,2.708,0,0.013,0.037,0,0,,0,,,,0,,,,,40,40,0,2,3,0,3,3,1,0,1,9,10,11,1,0,2,0,1,0,6224,0.018,0.025,0.007
972,3.906,3.633,0.001,0.007,0.043,0,0,,0,,,,0,,,,,40,40,0,2,3,0,3,3,1,0,1,9,10,11,1,0,2,0,1,0,6224,0.029,0.051,0.006
973,2.807,2.567,0.001,0.005,0.044,0,0,,0,,,,0,,,,,40,40,0,2,3,0,3,3,1,0,1,9,10,11,1,0,2,0,1,0,6224,0.021,0.035,0.005
974,2.278,2.115,0.001,0.004,0.027,0,0,,0,,,,0,,,,,40,40,0,2,3,0,3,3,1,0,1,9,10,11,1,0,2,0,1,0,6224,0.016,0.026,0.003
975,2.549,2.363,0,0.005,0.035,0,0,,0,,,,0,,,,,40,40,0,2,3,0,3,3,1,0,1,9,10,11,1,0,2,0,1,0,6224,0.024,0.044,0.003
976,4.707,4.386,0,0.015,0.035,0,0,,0,,,,0,,,,,40,40,0,2,3,0,3,3,1,0,1,9,10,11,1,0,2,0,1,0,6224,0.022,0.032,0.007
977,4.379,4.135,0,0.008,0.041,0,0,,0,,,,0,,,,,40,40,0,2,3,0,3,3,1,0,1,9,10,11,1,0,2,0,1,0,6224,0.024,0.032,0.006
978,2.462,2.119,0,0.009,0.035,0,0,,0,,,,0,,,,,40,40,0,2,3,0,3,3,1,0,1,9,10,11,1,0,2,0,1,0,6224,0.041,0.071,0.007
979,2.323,2.014,0,0.006,0.039,0,0,,0,,,,0,,,,,40,40,0,2,3,0,3,3,1,0,1,9,10,11,1,0,2,0,1,0,6224,0.036,0.062,0.006
980,2.373,2.059,0,0.012,0.029,0,0,,0,,,,0,,,,,40,40,0,2,3,0,3,3,1,0,1,9,10,11,1,0,2,0,1,0,6224,0.036,0.062,0.005
981,2.229,2.033,0,0.004,0.037,0,0,,0,,,,0,,,,,40,40,0,2,3,0,3,3,1,0,1,9,10,11,1,0,2,0,1,0,6224,0.022,0.041,0.004
982,2.475,2.187,0,0.007,0.032,0,0,,0,,,,0,,,,,40,40,0,2,3,0,3,3,1,0,1,9,10,11,1,0,2,0,1,0,6224,0.023,0.034,0.019
983,2.485,2.24,0,0.009,0.021,0,0,,0,,,,0,,,,,40,40,0,2,3,0,3,3,1,0,1,9,10,11,1,0,2,0,1,0,6224,0.03,0.035,0.004
984,3.292,3.022,0,0.006,0.027,0,0,,0,,,,0,,,,,40,40,0,2,3,0,3,3,1,0,1,9,10,11,1,0,2,0,1,0,6224,0.033,0.074,0.003
985,3.702,3.428,0.001,0.008,0.043,0,0,,0,,,,0,,,,,40,40,0,2,3,0,3,3,1,0,1,9,10,11,1,0,2,0,1,0,6224,0.03,0.036,0.007
986,5.801,5.565,0.001,0.004,0.048,0,0,,0,,,,0,,,,,40,40,0,2,3,0,3,3,1,0,1,9,10,11,1,0,2,0,1,0,6224,0.017,0.038,0.006
987,3.712,3.467,0.001,0.006,0.033,0,0,,0,,,,0,,,,,40,40,0,2,3,0,3,3,1,0,1,9,10,11,1,0,2,0,1,0,6224,0.016,0.037,0.007
988,3.246,3.119,0,0.003,0.014,0,0,,0,,,,0,,,,,40,40,0,2,3,0,3,3,1,0,1,9,10,11,1,0,2,0,1,0,6224,0.027,0.019,0.002
989,3.59,3.365,0,0.007,0.024,0,0,,0,,,,0,,,,,40,40,0,2,3,0,3,3,1,0,1,9,10,11,1,0,2,0,1,0,6224,0.029,0.054,0.004
990,3.138,2.952,0,0.007,0.02,0,0,,1,750,232050688,286855168,1,70948032,70948032,167755776,38823561584,40,40,0,2,3,0,3,3,1,0,1,9,10,11,1,0,2,0,1,0,6224,0.028,0.056,0.002
991,2.474,2.175,0,0.005,0.137,0,0,,0,,,,0,,,,,40,40,0,2,3,0,3,3,1,0,1,9,10,11,1,0,2,0,1,0,6224,0.014,0.021,0.004
992,2.805,2.54,0,0.005,0.074,0,0,,0,,,,0,,,,,40,40,0,2,3,0,3,3,1,0,1,9,10,11,1,0,2,0,1,0,6224,0.016,0.024,0.005
993,3.983,3.658,0,0.009,0.025,0,0,,0,,,,0,,,,,40,40,0,2,3,0,3,3,1,0,1,9,10,11,1,0,2,0,1,0,6224,0.042,0.058,0.005
994,5.084,4.883,0,0.01,0.022,0,0,,0,,,,0,,,,,40,40,0,2,3,0,3,3,1,0,1,9,10,11,1,0,2,0,1,0,6224,0.038,0.019,0.004
995,2.269,2.031,0,0.006,0.038,0,0,,0,,,,0,,,,,40,40,0,2,3,0,3,3,1,0,1,9,10,11,1,0,2,0,1,0,6224,0.026,0.043,0.005
996,2.953,2.752,0,0.005,0.039,0,0,,0,,,,0,,,,,40,40,0,2,3,0,3,3,1,0,1,9,10,11,1,0,2,0,1,0,6224,0.02,0.033,0.004
997,2.766,2.476,0,0.01,0.057,0,0,,0,,,,0,,,,,40,40,0,2,3,0,3,3,1,0,1,9,10,11,1,0,2,0,1,0,6224,0.019,0.029,0.009
998,2.328,2.037,0,0.008,0.058,0,0,,0,,,,0,,,,,40,40,0,2,3,0,3,3,1,0,1,9,10,11,1,0,2,0,1,0,6224,0.019,0.058,0.006
999,2.406,2.202,0,0.005,0.022,0,0,,0,,,,0,,,,,40,40,0,2,3,0,3,3,1,0,1,9,10,11,1,0,2,0,1,0,6224,0.022,0.074,0.003
1000,2.441,2.16,0,0.007,0.048,0,0,,0,,,,0,,,,,40,40,0,2,3,0,3,3,1,0,1,9,10,11,1,0,2,0,1,0,6224,0.026,0.044,0.006
1001,2.375,2.068,0,0.007,0.042,0,0,,0,,,,0,,,,,40,40,0,2,3,0,3,3,1,0,1,9,10,11,1,0,2,0,1,0,6224,0.032,0.052,0.006
1002,2.284,2.054,0,0.004,0.04,0,0,,0,,,,0,,,,,40,40,0,2,3,0,3,3,1,0,1,9,10,11,1,0,2,0,1,0,6224,0.018,0.029,0.004
1003,5.902,5.586,0,0.009,0.039,0,0,,0,,,,0,,,,,40,40,0,2,3,0,3,3,1,0,1,9,10,11,1,0,2,0,1,0,6224,0.027,0.043,0.009
1004,4.109,3.77,0,0.011,0.023,0,0,,0,,,,0,,,,,40,40,0,2,3,0,3,3,1,0,1,9,10,11,1,0,2,0,1,0,6224,0.074,0.021,0.006
1005,4.904,4.657,0,0.011,0.03,0,0,,0,,,,0,,,,,40,40,0,2,3,0,3,3,1,0,1,9,10,11,1,0,2,0,1,0,6224,0.043,0.023,0.003
1006,2.838,2.628,0.001,0.005,0.039,0,0,,0,,,,0,,,,,40,40,0,2,3,0,3,3,1,0,1,9,10,11,1,0,2,0,1,0,6224,0.028,0.026,0.005
1007,6.157,5.819,0,0.011,0.042,0,0,,0,,,,0,,,,,40,40,0,2,3,0,3,3,1,0,1,9,10,11,1,0,2,0,1,0,6224,0.043,0.033,0.009
1008,4.139,3.834,0,0.007,0.043,0,0,,0,,,,0,,,,,40,40,0,2,3,0,3,3,1,0,1,9,10,11,1,0,2,0,1,0,6224,0.031,0.048,0.008
1009,3.542,3.24,0,0.01,0.033,0,0,,0,,,,0,,,,,40,40,0,2,3,0,3,3,1,0,1,9,10,11,1,0,2,0,1,0,6224,0.04,0.042,0.005
1010,3.1,2.805,0,0.006,0.031,0,0,,0,,,,0,,,,,40,40,0,2,3,0,3,3,1,0,1,9,10,11,1,0,2,0,1,0,6224,0.03,0.054,0.005
1011,2.248,1.944,0,0.007,0.041,0,0,,0,,,,0,,,,,40,40,0,2,3,0,3,3,1,0,1,9,10,11,1,0,2,0,1,0,6224,0.032,0.054,0.007
1012,2.192,2.024,0,0.005,0.025,0,0,,0,,,,0,,,,,40,40,0,2,3,0,3,3,1,0,1,9,10,11,1,0,2,0,1,0,6224,0.017,0.027,0.004
1013,4.501,4.323,0,0.004,0.033,0,0,,0,,,,0,,,,,40,40,0,2,3,0,3,3,1,0,1,9,10,11,1,0,2,0,1,0,6224,0.022,0.04,0.003
1014,2.974,2.764,0,0.007,0.025,0,0,,0,,,,0,,,,,40,40,0,2,3,0,3,3,1,0,1,9,10,11,1,0,2,0,1,0,6224,0.017,0.023,0.005
1015,3.096,2.825,0,0.008,0.026,0,0,,0,,,,0,,,,,40,40,0,2,3,0,3,3,1,0,1,9,10,11,1,0,2,0,1,0,6224,0.035,0.061,0.007
1016,2.434,2.174,0,0.005,0.104,0,0,,0,,,,0,,,,,40,40,0,2,3,0,3,3,1,0,1,9,10,11,1,0,2,0,1,0,6224,0.018,0.028,0.004
1017,3.818,3.51,0,0.008,0.036,0,0,,0,,,,0,,,,,40,40,0,2,3,0,3,3,1,0,1,9,10,11,1,0,2,0,1,0,6224,0.038,0.062,0.008
1018,3.219,3.017,0,0.006,0.03,0,0,,0,,,,0,,,,,40,40,0,2,3,0,3,3,1,0,1,9,10,11,1,0,2,0,1,0,6224,0.025,0.045,0.004
1019,3.121,2.853,0.001,0.013,0.026,0,0,,0,,,,0,,,,,40,40,0,2,3,0,3,3,1,0,1,9,10,11,1,0,2,0,1,0,6224,0.018,0.024,0.006
1020,2.207,2.019,0,0.004,0.028,0,0,,1,765.625,232050688,286855168,1,70948032,70948032,167755776,38823561584,40,40,0,2,3,0,3,3,1,0,1,9,10,11,1,0,2,0,1,0,6224,0.016,0.028,0.003
1021,2.209,1.99,0,0.006,0.022,0,0,,0,,,,0,,,,,40,40,0,2,3,0,3,3,1,0,1,9,10,11,1,0,2,0,1,0,6224,0.029,0.051,0.002
1022,3.241,2.977,0.001,0.006,0.045,0,0,,0,,,,0,,,,,40,40,0,2,3,0,3,3,1,0,1,9,10,11,1,0,2,0,1,0,6224,0.02,0.028,0.008
1023,3.248,2.916,0,0.008,0.045,0,0,,0,,,,0,,,,,40,40,0,2,3,0,3,3,1,0,1,9,10,11,1,0,2,0,1,0,6224,0.032,0.051,0.009
1024,7.135,6.799,0.001,0.008,0.046,0,0,,0,,,,0,,,,,40,40,0,2,3,0,3,3,1,0,1,9,10,11,1,0,2,0,1,0,6224,0.035,0.058,0.008
1025,3.06,2.79,0.001,0.007,0.033,0,0,,0,,,,0,,,,,40,40,0,2,3,0,3,3,1,0,1,9,10,11,1,0,2,0,1,0,6224,0.034,0.056,0.007
1026,3.327,2.886,0.001,0.013,0.038,0,0,,0,,,,0,,,,,40,40,0,2,3,0,3,3,1,0,1,9,10,11,1,0,2,0,1,0,6224,0.02,0.105,0.008
1027,2.841,2.588,0.001,0.012,0.021,0,0,,0,,,,0,,,,,40,40,0,2,3,0,3,3,1,0,1,9,10,11,1,0,2,0,1,0,6224,0.014,0.024,0.004
1028,3.49,3.187,0,0.006,0.061,0,0,,0,,,,0,,,,,40,40,0,2,3,0,3,3,1,0,1,9,10,11,1,0,2,0,1,0,6224,0.02,0.036,0.007
1029,2.334,2.054,0,0.006,0.029,0,0,,0,,,,0,,,,,40,40,0,2,3,0,3,3,1,0,1,9,10,11,1,0,2,0,1,0,6224,0.04,0.073,0.006
1030,2.383,2.098,0.001,0.012,0.031,0,0,,0,,,,0,,,,,40,40,0,2,3,0,3,3,1,0,1,9,10,11,1,0,2,0,1,0,6224,0.014,0.023,0.007
1031,2.108,1.921,0,0.007,0.02,0,0,,0,,,,0,,,,,40,40,0,2,3,0,3,3,1,0,1,9,10,11,1,0,2,0,1,0,6224,0.029,0.054,0.002
1032,3.004,2.73,0,0.008,0.059,0,0,,0,,,,0,,,,,40,40,0,2,3,0,3,3,1,0,1,9,10,11,1,0,2,0,1,0,6224,0.023,0.036,0.006
1033,3.115,2.717,0,0.007,0.071,0,0,,0,,,,0,,,,,40,40,0,2,3,0,3,3,1,0,1,9,10,11,1,0,2,0,1,0,6224,0.034,0.059,0.008
1034,3.703,3.421,0.001,0.007,0.039,0,0,,0,,,,0,,,,,40,40,0,2,3,0,3,3,1,0,1,9,10,11,1,0,2,0,1,0,6224,0.02,0.03,0.007
1035,3.137,2.836,0,0.008,0.033,0,0,,0,,,,0,,,,,40,40,0,2,3,0,3,3,1,0,1,9,10,11,1,0,2,0,1,0,6224,0.033,0.054,0.009
1036,3.813,3.535,0,0.009,0.037,0,0,,0,,,,0,,,,,40,40,0,2,3,0,3,3,1,0,1,9,10,11,1,0,2,0,1,0,6224,0.031,0.043,0.006
1037,3.115,2.83,0,0.008,0.049,0,0,,0,,,,0,,,,,40,40,0,2,3,0,3,3,1,0,1,9,10,11,1,0,2,0,1,0,6224,0.023,0.034,0.008
1038,3.284,2.99,0,0.011,0.037,0,0,,0,,,,0,,,,,40,40,0,2,3,0,3,3,1,0,1,9,10,11,1,0,2,0,1,0,6224,0.02,0.032,0.006
1039,7.174,6.818,0.001,0.011,0.037,0,0,,0,,,,0,,,,,40,40,0,2,3,0,3,3,1,0,1,9,10,11,1,0,2,0,1,0,6224,0.092,0.03,0.007
1040,5.083,4.848,0,0.007,0.04,0,0,,0,,,,0,,,,,40,40,0,2,3,0,3,3,1,0,1,9,10,11,1,0,2,0,1,0,6224,0.019,0.029,0.007
1041,6.373,6.033,0.001,0.012,0.027,0,0,,0,,,,0,,,,,40,40,0,2,3,0,3,3,1,0,1,9,10,11,1,0,2,0,1,0,6224,0.055,0.038,0.007
1042,5.174,4.883,0.001,0.009,0.036,0,0,,0,,,,0,,,,,40,40,0,2,3,0,3,3,1,0,1,9,10,11,1,0,2,0,1,0,6224,0.036,0.059,0.008
1043,2.537,2.25,0,0.007,0.028,0,0,,0,,,,0,,,,,40,40,0,2,3,0,3,3,1,0,1,9,10,11,1,0,2,0,1,0,6224,0.039,0.077,0.006
1044,3.241,2.844,0.001,0.027,0.044,0,0,,0,,,,0,,,,,40,40,0,2,3,0,3,3,1,0,1,9,10,11,1,0,2,0,1,0,6224,0.024,0.033,0.008
1045,4.213,3.872,0.001,0.007,0.039,0,0,,0,,,,0,,,,,40,40,0,2,3,0,3,3,1,0,1,9,10,11,1,0,2,0,1,0,6224,0.036,0.059,0.01
1046,6.217,5.919,0.001,0.013,0.027,0,0,,0,,,,0,,,,,40,40,0,2,3,0,3,3,1,0,1,9,10,11,1,0,2,0,1,0,6224,0.018,0.025,0.005
1047,2.245,2.058,0,0.007,0.02,0,0,,0,,,,0,,,,,40,40,0,2,3,0,3,3,1,0,1,9,10,11,1,0,2,0,1,0,6224,0.03,0.018,0.002
1048,2.249,2.036,0,0.004,0.026,0,0,,0,,,,0,,,,,40,40,0,2,3,0,3,3,1,0,1,9,10,11,1,0,2,0,1,0,6224,0.02,0.057,0.004
1049,2.571,2.206,0,0.01,0.039,0,0,,0,,,,0,,,,,40,40,0,2,3,0,3,3,1,0,1,9,10,11,1,0,2,0,1,0,6224,0.024,0.033,0.009
1050,3.964,3.649,0,0.007,0.03,0,0,,1,765.625,231010304,285175808,1,70948032,70948032,167755776,38823561584,40,40,0,2,3,0,3,3,1,0,1,9,10,11,1,0,2,0,1,0,6224,0.037,0.061,0.007
1051,3.018,2.662,0,0.007,0.06,0,0,,0,,,,0,,,,,40,40,0,2,3,0,3,3,1,0,1,9,10,11,1,0,2,0,1,0,6224,0.034,0.056,0.008
1052,2.235,1.98,0.001,0.01,0.029,0,0,,0,,,,0,,,,,40,40,0,2,3,0,3,3,1,0,1,9,10,11,1,0,2,0,1,0,6224,0.073,0.022,0.004
1053,2.387,2.176,0,0.007,0.039,0,0,,0,,,,0,,,,,40,40,0,2,3,0,3,3,1,0,1,9,10,11,1,0,2,0,1,0,6224,0.025,0.042,0.003
1054,3.328,3.04,0.001,0.006,0.055,0,0,,0,,,,0,,,,,40,40,0,2,3,0,3,3,1,0,1,9,10,11,1,0,2,0,1,0,6224,0.027,0.042,0.007
1055,4.191,3.662,0.001,0.015,0.062,0,0,,0,,,,0,,,,,40,40,0,2,3,0,3,3,1,0,1,9,10,11,1,0,2,0,1,0,6224,0.055,0.113,0.012
1056,2.918,2.645,0,0.008,0.035,0,0,,0,,,,0,,,,,40,40,0,2,3,0,3,3,1,0,1,9,10,11,1,0,2,0,1,0,6224,0.032,0.046,0.006
1057,4.756,4.449,0.001,0.007,0.045,0,0,,0,,,,0,,,,,40,40,0,2,3,0,3,3,1,0,1,9,10,11,1,0,2,0,1,0,6224,0.033,0.06,0.007
1058,4.798,4.484,0,0.007,0.043,0,0,,0,,,,0,,,,,40,40,0,2,3,0,3,3,1,0,1,9,10,11,1,0,2,0,1,0,6224,0.023,0.044,0.009
1059,3.326,2.967,0.001,0.01,0.07,0,0,,0,,,,0,,,,,40,40,0,2,3,0,3,3,1,0,1,9,10,11,1,0,2,0,1,0,6224,0.035,0.03,0.008
1060,4.331,4.048,0,0.008,0.03,0,0,,0,,,,0,,,,,40,40,0,2,3,0,3,3,1,0,1,9,10,11,1,0,2,0,1,0,6224,0.035,0.057,0.007
1061,3.189,2.839,0,0.011,0.05,0,0,,0,,,,0,,,,,40,40,0,2,3,0,3,3,1,0,1,9,10,11,1,0,2,0,1,0,6224,0.031,0.088,0.008
1062,3.086,2.839,0,0.007,0.032,0,0,,0,,,,0,,,,,40,40,0,2,3,0,3,3,1,0,1,9,10,11,1,0,2,0,1,0,6224,0.033,0.054,0.005
1063,3.325,2.855,0.001,0.014,0.057,0,0,,0,,,,0,,,,,40,40,0,2,3,0,3,3,1,0,1,9,10,11,1,0,2,0,1,0,6224,0.043,0.067,0.013
1064,3.554,3.161,0.001,0.008,0.047,0,0,,0,,,,0,,,,,40,40,0,2,3,0,3,3,1,0,1,9,10,11,1,0,2,0,1,0,6224,0.08,0.046,0.008
1065,3.907,3.554,0,0.009,0.042,0,0,,0,,,,0,,,,,40,40,0,2,3,0,3,3,1,0,1,9,10,11,1,0,2,0,1,0,6224,0.047,0.078,0.006
1066,9.062,8.59,0,0.009,0.07,0,0,,0,,,,0,,,,,40,40,0,2,3,0,3,3,1,0,1,9,10,11,1,0,2,0,1,0,6224,0.063,0.035,0.009
1067,3.491,3.13,0.001,0.008,0.04,0,0,,0,,,,0,,,,,40,40,0,2,3,0,3,3,1,0,1,9,10,11,1,0,2,0,1,0,6224,0.025,0.038,0.01
1068,4.259,4.085,0,0.006,0.026,0,0,,0,,,,0,,,,,40,40,0,2,3,0,3,3,1,0,1,9,10,11,1,0,2,0,1,0,6224,0.019,0.027,0.005
1069,6.996,6.365,0,0.008,0.438,0,0,,0,,,,0,,,,,40,40,0,2,3,0,3,3,1,0,1,9,10,11,1,0,2,0,1,0,6224,0.016,0.055,0.004
1070,2.278,1.995,0.001,0.007,0.031,0,0,,0,,,,0,,,,,40,40,0,2,3,0,3,3,1,0,1,9,10,11,1,0,2,0,1,0,6224,0.023,0.036,0.006
1071,2.85,2.636,0,0.005,0.033,0,0,,0,,,,0,,,,,40,40,0,2,3,0,3,3,1,0,1,9,10,11,1,0,2,0,1,0,6224,0.03,0.03,0.006
1072,4.221,3.827,0.001,0.01,0.044,0,0,,0,,,,0,,,,,40,40,0,2,3,0,3,3,1,0,1,9,10,11,1,0,2,0,1,0,6224,0.043,0.07,0.008
1073,3.083,2.644,0.001,0.014,0.104,0,0,,0,,,,0,,,,,40,40,0,2,3,0,3,3,1,0,1,9,10,11,1,0,2,0,1,0,6224,0.041,0.048,0.007
1074,5.164,4.757,0,0.011,0.059,0,0,,0,,,,0,,,,,40,40,0,2,3,0,3,3,1,0,1,9,10,11,1,0,2,0,1,0,6224,0.043,0.074,0.01
1075,3.622,3.36,0,0.007,0.034,0,0,,0,,,,0,,,,,40,40,0,2,3,0,3,3,1,0,1,9,10,11,1,0,2,0,1,0,6224,0.017,0.037,0.007
1076,3.053,2.869,0,0.006,0.018,0,0,,0,,,,0,,,,,40,40,0,2,3,0,3,3,1,0,1,9,10,11,1,0,2,0,1,0,6224,0.024,0.06,0.003
1077,3.284,3.04,0,0.006,0.026,0,0,,0,,,,0,,,,,40,40,0,2,3,0,3,3,1,0,1,9,10,11,1,0,2,0,1,0,6224,0.027,0.062,0.003
1078,2.913,2.785,0,0.003,0.025,0,0,,0,,,,0,,,,,40,40,0,2,3,0,3,3,1,0,1,9,10,11,1,0,2,0,1,0,6224,0.013,0.023,0.002
1079,3.342,3.007,0.001,0.007,0.043,0,0,,0,,,,0,,,,,40,40,0,2,3,0,3,3,1,0,1,9,10,11,1,0,2,0,1,0,6224,0.037,0.06,0.007
1080,3.826,3.475,0,0.011,0.042,0,0,,1,765.625,231010304,285175808,1,70948032,70948032,167755776,38823561584,40,40,0,2,3,0,3,3,1,0,1,9,10,11,1,0,2,0,1,0,6224,0.062,0.04,0.011
1081,3.16,2.807,0,0.01,0.055,0,0,,0,,,,0,,,,,40,40,0,2,3,0,3,3,1,0,1,9,10,11,1,0,2,0,1,0,6224,0.032,0.05,0.008
1082,3.764,3.412,0,0.008,0.076,0,0,,0,,,,0,,,,,40,40,0,2,3,0,3,3,1,0,1,9,10,11,1,0,2,0,1,0,6224,0.028,0.044,0.009
1083,2.972,2.689,0,0.009,0.026,0,0,,0,,,,0,,,,,40,40,0,2,3,0,3,3,1,0,1,9,10,11,1,0,2,0,1,0,6224,0.016,0.027,0.007
1084,2.868,2.646,0,0.006,0.041,0,0,,0,,,,0,,,,,40,40,0,2,3,0,3,3,1,0,1,9,10,11,1,0,2,0,1,0,6224,0.02,0.031,0.006
1085,3.617,3.333,0.001,0.006,0.031,0,0,,0,,,,0,,,,,40,40,0,2,3,0,3,3,1,0,1,9,10,11,1,0,2,0,1,0,6224,0.023,0.035,0.008
1086,3.078,2.734,0,0.008,0.033,0,0,,0,,,,0,,,,,40,40,0,2,3,0,3,3,1,0,1,9,10,11,1,0,2,0,1,0,6224,0.039,0.064,0.008
1087,3.632,3.362,0,0.008,0.043,0,0,,0,,,,0,,,,,40,40,0,2,3,0,3,3,1,0,1,9,10,11,1,0,2,0,1,0,6224,0.022,0.032,0.008
1088,2.375,2.084,0,0.006,0.046,0,0,,0,,,,0,,,,,40,40,0,2,3,0,3,3,1,0,1,9,10,11,1,0,2,0,1,0,6224,0.025,0.04,0.006
1089,2.331,2.064,0,0.008,0.038,0,0,,0,,,,0,,,,,40,40,0,2,3,0,3,3,1,0,1,9,10,11,1,0,2,0,1,0,6224,0.024,0.061,0.005
1090,3.402,3.066,0.001,0.024,0.053,0,0,,0,,,,0,,,,,40,40,0,2,3,0,3,3,1,0,1,9,10,11,1,0,2,0,1,0,6224,0.023,0.054,0.01
1091,14.897,14.458,0,0.01,0.058,0,0,,0,,,,0,,,,,40,40,0,2,3,0,3,3,1,0,1,9,10,11,1,0,2,0,1,0,6224,0.026,0.041,0.011
1092,3.807,3.5,0.001,0.009,0.046,0,0,,0,,,,0,,,,,40,40,0,2,3,0,3,3,1,0,1,9,10,11,1,0,2,0,1,0,6224,0.025,0.039,0.009
1093,3.387,3.082,0,0.009,0.055,0,0,,0,,,,0,,,,,40,40,0,2,3,0,3,3,1,0,1,9,10,11,1,0,2,0,1,0,6224,0.026,0.042,0.009
1094,5.631,5.405,0.001,0.007,0.043,0,0,,0,,,,0,,,,,40,40,0,2,3,0,3,3,1,0,1,9,10,11,1,0,2,0,1,0,6224,0.018,0.026,0.006
1095,3.471,3.225,0,0.007,0.042,0,0,,0,,,,0,,,,,40,40,0,2,3,0,3,3,1,0,1,9,10,11,1,0,2,0,1,0,6224,0.022,0.035,0.006
1096,3.568,3.298,0,0.007,0.04,0,0,,0,,,,0,,,,,40,40,0,2,3,0,3,3,1,0,1,9,10,11,1,0,2,0,1,0,6224,0.02,0.033,0.009
1097,3.076,2.829,0,0.007,0.032,0,0,,0,,,,0,,,,,40,40,0,2,3,0,3,3,1,0,1,9,10,11,1,0,2,0,1,0,6224,0.023,0.038,0.006
1098,3.767,3.435,0.001,0.009,0.047,0,0,,0,,,,0,,,,,40,40,0,2,3,0,3,3,1,0,1,9,10,11,1,0,2,0,1,0,6224,0.036,0.038,0.009
1099,5.176,4.837,0.001,0.012,0.045,0,0,,0,,,,0,,,,,40,40,0,2,3,0,3,3,1,0,1,9,10,11,1,0,2,0,1,0,6224,0.044,0.036,0.01
1100,7.227,6.867,0.001,0.012,0.05,0,0,,0,,,,0,,,,,40,40,0,2,3,0,3,3,1,0,1,9,10,11,1,0,2,0,1,0,6224,0.024,0.06,0.009
1101,5.899,5.467,0.001,0.011,0.039,0,0,,0,,,,0,,,,,40,40,0,2,3,0,3,3,1,0,1,9,10,11,1,0,2,0,1,0,6224,0.05,0.078,0.014
1102,4.948,4.651,0,0.007,0.071,0,0,,0,,,,0,,,,,40,40,0,2,3,0,3,3,1,0,1,9,10,11,1,0,2,0,1,0,6224,0.019,0.033,0.008
1103,4.312,3.98,0,0.012,0.045,0,0,,0,,,,0,,,,,40,40,0,2,3,0,3,3,1,0,1,9,10,11,1,0,2,0,1,0,6224,0.039,0.032,0.009
1104,3.12,2.83,0,0.008,0.039,0,0,,0,,,,0,,,,,40,40,0,2,3,0,3,3,1,0,1,9,10,11,1,0,2,0,1,0,6224,0.035,0.063,0.006
1105,4.001,3.651,0.001,0.113,0.04,0,0,,0,,,,0,,,,,40,40,0,2,3,0,3,3,1,0,1,9,10,11,1,0,2,0,1,0,6224,0.018,0.027,0.007
1106,3.013,2.704,0.001,0.008,0.046,0,0,,0,,,,0,,,,,40,40,0,2,3,0,3,3,1,0,1,9,10,11,1,0,2,0,1,0,6224,0.042,0.056,0.005
1107,3.085,2.754,0,0.009,0.045,0,0,,0,,,,0,,,,,40,40,0,2,3,0,3,3,1,0,1,9,10,11,1,0,2,0,1,0,6224,0.024,0.049,0.01
1108,3.061,2.778,0,0.01,0.034,0,0,,0,,,,0,,,,,40,40,0,2,3,0,3,3,1,0,1,9,10,11,1,0,2,0,1,0,6224,0.034,0.055,0.007
1109,3.668,3.441,0,0.006,0.036,0,0,,0,,,,0,,,,,40,40,0,2,3,0,3,3,1,0,1,9,10,11,1,0,2,0,1,0,6224,0.027,0.049,0.004
1110,2.753,2.452,0,0.013,0.031,0,0,,1,812.5,231010304,285175808,1,70948032,70948032,167755776,38823561584,40,40,0,2,3,0,3,3,1,0,1,9,10,11,1,0,2,0,1,0,6224,0.014,0.047,0.006
1111,2.612,2.334,0,0.007,0.035,0,0,,0,,,,0,,,,,40,40,0,2,3,0,3,3,1,0,1,9,10,11,1,0,2,0,1,0,6224,0.062,0.059,0.006
1112,3.426,3.003,0,0.01,0.047,0,0,,0,,,,0,,,,,40,40,0,2,3,0,3,3,1,0,1,9,10,11,1,0,2,0,1,0,6224,0.106,0.065,0.007
1113,3.702,3.387,0,0.007,0.034,0,0,,0,,,,0,,,,,40,40,0,2,3,0,3,3,1,0,1,9,10,11,1,0,2,0,1,0,6224,0.019,0.027,0.008
1114,3.125,2.857,0.001,0.009,0.032,0,0,,0,,,,0,,,,,40,40,0,2,3,0,3,3,1,0,1,9,10,11,1,0,2,0,1,0,6224,0.034,0.041,0.006
1115,3.644,3.418,0,0.006,0.026,0,0,,0,,,,0,,,,,40,40,0,2,3,0,3,3,1,0,1,9,10,11,1,0,2,0,1,0,6224,0.029,0.051,0.005
1116,2.802,2.582,0,0.005,0.044,0,0,,0,,,,0,,,,,40,40,0,2,3,0,3,3,1,0,1,9,10,11,1,0,2,0,1,0,6224,0.028,0.05,0.004
1117,2.492,2.191,0,0.007,0.054,0,0,,0,,,,0,,,,,40,40,0,2,3,0,3,3,1,0,1,9,10,11,1,0,2,0,1,0,6224,0.023,0.04,0.006
1118,2.505,2.069,0,0.009,0.06,0,0,,0,,,,0,,,,,40,40,0,2,3,0,3,3,1,0,1,9,10,11,1,0,2,0,1,0,6224,0.091,0.064,0.011
1119,2.167,1.927,0,0.006,0.047,0,0,,0,,,,0,,,,,40,40,0,2,3,0,3,3,1,0,1,9,10,11,1,0,2,0,1,0,6224,0.021,0.029,0.005
1120,6.877,6.654,0.001,0.008,0.054,0,0,,0,,,,0,,,,,40,40,0,2,3,0,3,3,1,0,1,9,10,11,1,0,2,0,1,0,6224,0.015,0.022,0.005
1121,3.272,2.953,0,0.005,0.053,0,0,,0,,,,0,,,,,40,40,0,2,3,0,3,3,1,0,1,9,10,11,1,0,2,0,1,0,6224,0.018,0.035,0.006
1122,3.087,2.785,0,0.008,0.051,0,0,,0,,,,0,,,,,40,40,0,2,3,0,3,3,1,0,1,9,10,11,1,0,2,0,1,0,6224,0.025,0.043,0.008
1123,3.346,2.982,0,0.009,0.03,0,0,,0,,,,0,,,,,40,40,0,2,3,0,3,3,1,0,1,9,10,11,1,0,2,0,1,0,6224,0.033,0.053,0.009
1124,3.733,3.443,0,0.007,0.038,0,0,,0,,,,0,,,,,40,40,0,2,3,0,3,3,1,0,1,9,10,11,1,0,2,0,1,0,6224,0.039,0.064,0.004
1125,2.996,2.751,0,0.007,0.029,0,0,,0,,,,0,,,,,40,40,0,2,3,0,3,3,1,0,1,9,10,11,1,0,2,0,1,0,6224,0.028,0.05,0.005
1126,3.162,2.79,0,0.008,0.069,0,0,,0,,,,0,,,,,40,40,0,2,3,0,3,3,1,0,1,9,10,11,1,0,2,0,1,0,6224,0.039,0.061,0.006
1127,3.021,2.686,0.001,0.008,0.043,0,0,,0,,,,0,,,,,40,40,0,2,3,0,3,3,1,0,1,9,10,11,1,0,2,0,1,0,6224,0.033,0.055,0.007
1128,3.448,3.205,0,0.006,0.032,0,0,,0,,,,0,,,,,40,40,0,2,3,0,3,3,1,0,1,9,10,11,1,0,2,0,1,0,6224,0.018,0.059,0.006
1129,2.868,2.701,0,0.007,0.026,0,0,,0,,,,0,,,,,40,40,0,2,3,0,3,3,1,0,1,9,10,11,1,0,2,0,1,0,6224,0.018,0.032,0.003
1130,3.979,3.569,0,0.009,0.031,0,0,,0,,,,0,,,,,40,40,0,2,3,0,3,3,1,0,1,9,10,11,1,0,2,0,1,0,6224,0.129,0.065,0.004
1131,4.565,4.265,0.001,0.01,0.043,0,0,,0,,,,0,,,,,40,40,0,2,3,0,3,3,1,0,1,9,10,11,1,0,2,0,1,0,6224,0.031,0.05,0.007
1132,3.411,2.909,0,0.008,0.06,0,0,,0,,,,0,,,,,40,40,0,2,3,0,3,3,1,0,1,9,10,11,1,0,2,0,1,0,6224,0.038,0.054,0.008
1133,3.768,3.446,0,0.009,0.035,0,0,,0,,,,0,,,,,40,40,0,2,3,0,3,3,1,0,1,9,10,11,1,0,2,0,1,0,6224,0.034,0.056,0.007
1134,2.85,2.603,0,0.006,0.04,0,0,,0,,,,0,,,,,40,40,0,2,3,0,3,3,1,0,1,9,10,11,1,0,2,0,1,0,6224,0.029,0.049,0.004
1135,2.97,2.631,0,0.009,0.04,0,0,,0,,,,0,,,,,40,40,0,2,3,0,3,3,1,0,1,9,10,11,1,0,2,0,1,0,6224,0.038,0.06,0.009
1136,2.885,2.548,0.001,0.007,0.061,0,0,,0,,,,0,,,,,40,40,0,2,3,0,3,3,1,0,1,9,10,11,1,0,2,0,1,0,6224,0.033,0.053,0.007
1137,2.81,2.55,0,0.007,0.046,0,0,,0,,,,0,,,,,40,40,0,2,3,0,3,3,1,0,1,9,10,11,1,0,2,0,1,0,6224,0.024,0.036,0.006
1138,3.528,3.202,0,0.006,0.048,0,0,,0,,,,0,,,,,40,40,0,2,3,0,3,3,1,0,1,9,10,11,1,0,2,0,1,0,6224,0.023,0.081,0.007
1139,3.086,2.708,0,0.009,0.034,0,0,,0,,,,0,,,,,40,40,0,2,3,0,3,3,1,0,1,9,10,11,1,0,2,0,1,0,6224,0.043,0.073,0.007
1140,4.047,3.645,0,0.012,0.043,0,0,,1,859.375,231010304,285175808,1,70948032,70948032,167755776,38823561584,40,40,0,2,3,0,3,3,1,0,1,9,10,11,1,0,2,0,1,0,6224,0.049,0.08,0.011
1141,3.415,3.173,0,0.008,0.025,0,0,,0,,,,0,,,,,40,40,0,2,3,0,3,3,1,0,1,9,10,11,1,0,2,0,1,0,6224,0.034,0.062,0.006
1142,5.598,5.192,0.001,0.012,0.041,0,0,,0,,,,0,,,,,40,40,0,2,3,0,3,3,1,0,1,9,10,11,1,0,2,0,1,0,6224,0.046,0.074,0.012
1143,4.576,4.346,0.001,0.006,0.035,0,0,,0,,,,0,,,,,40,40,0,2,3,0,3,3,1,0,1,9,10,11,1,0,2,0,1,0,6224,0.027,0.048,0.005
1144,4.935,4.634,0,0.008,0.055,0,0,,0,,,,0,,,,,40,40,0,2,3,0,3,3,1,0,1,9,10,11,1,0,2,0,1,0,6224,0.031,0.051,0.006
1145,4.539,4.198,0,0.008,0.038,0,0,,0,,,,0,,,,,40,40,0,2,3,0,3,3,1,0,1,9,10,11,1,0,2,0,1,0,6224,0.042,0.066,0.009
1146,4.719,4.386,0,0.01,0.05,0,0,,0,,,,0,,,,,40,40,0,2,3,0,3,3,1,0,1,9,10,11,1,0,2,0,1,0,6224,0.034,0.048,0.008
1147,5.215,4.883,0.001,0.008,0.054,0,0,,0,,,,0,,,,,40,40,0,2,3,0,3,3,1,0,1,9,10,11,1,0,2,0,1,0,6224,0.022,0.053,0.01
1148,4.536,4.239,0.001,0.008,0.044,0,0,,0,,,,0,,,,,40,40,0,2,3,0,3,3,1,0,1,9,10,11,1,0,2,0,1,0,6224,0.019,0.031,0.007
1149,13.683,13.307,0.001,0.012,0.051,0,0,,0,,,,0,,,,,40,40,0,2,3,0,3,3,1,0,1,9,10,11,1,0,2,0,1,0,6224,0.039,0.059,0.009
1150,4.576,4.262,0,0.008,0.045,0,0,,0,,,,0,,,,,40,40,0,2,3,0,3,3,1,0,1,9,10,11,1,0,2,0,1,0,6224,0.021,0.032,0.009
1151,14.064,13.661,0.001,0.012,0.065,0,0,,0,,,,0,,,,,40,40,0,2,3,0,3,3,1,0,1,9,10,11,1,0,2,0,1,0,6224,0.044,0.04,0.011
1152,10.681,10.365,0,0.011,0.04,0,0,,0,,,,0,,,,,40,40,0,2,3,0,3,3,1,0,1,9,10,11,1,0,2,0,1,0,6224,0.024,0.035,0.009
1153,5.635,5.285,0.001,0.01,0.041,0,0,,0,,,,0,,,,,40,40,0,2,3,0,3,3,1,0,1,9,10,11,1,0,2,0,1,0,6224,0.043,0.048,0.008
1154,2.312,2.08,0.001,0.005,0.054,0,0,,0,,,,0,,,,,40,40,0,2,3,0,3,3,1,0,1,9,10,11,1,0,2,0,1,0,6224,0.019,0.028,0.004
1155,2.66,2.319,0,0.009,0.041,0,0,,0,,,,0,,,,,40,40,0,2,3,0,3,3,1,0,1,9,10,11,1,0,2,0,1,0,6224,0.033,0.054,0.009
1156,2.669,2.349,0,0.013,0.029,0,0,,0,,,,0,,,,,40,40,0,2,3,0,3,3,1,0,1,9,10,11,1,0,2,0,1,0,6224,0.037,0.06,0.008
1157,2.978,2.751,0,0.025,0.039,0,0,,0,,,,0,,,,,40,40,0,2,3,0,3,3,1,0,1,9,10,11,1,0,2,0,1,0,6224,0.024,0.043,0.003
1158,2.966,2.698,0,0.012,0.028,0,0,,0,,,,0,,,,,40,40,0,2,3,0,3,3,1,0,1,9,10,11,1,0,2,0,1,0,6224,0.018,0.023,0.003
1159,2.692,2.5,0,0.006,0.019,0,0,,0,,,,0,,,,,40,40,0,2,3,0,3,3,1,0,1,9,10,11,1,0,2,0,1,0,6224,0.025,0.064,0.002
1160,2.411,2.182,0,0.006,0.033,0,0,,0,,,,0,,,,,40,40,0,2,3,0,3,3,1,0,1,9,10,11,1,0,2,0,1,0,6224,0.02,0.03,0.004
1161,2.491,2.141,0.001,0.007,0.037,0,0,,0,,,,0,,,,,40,40,0,2,3,0,3,3,1,0,1,9,10,11,1,0,2,0,1,0,6224,0.032,0.053,0.008
1162,4.137,3.838,0.001,0.012,0.036,0,0,,0,,,,0,,,,,40,40,0,2,3,0,3,3,1,0,1,9,10,11,1,0,2,0,1,0,6224,0.073,0.028,0.006
1163,2.285,2.043,0,0.005,0.029,0,0,,0,,,,0,,,,,40,40,0,2,3,0,3,3,1,0,1,9,10,11,1,0,2,0,1,0,6224,0.023,0.075,0.004
1164,2.343,2.11,0,0.005,0.039,0,0,,0,,,,0,,,,,40,40,0,2,3,0,3,3,1,0,1,9,10,11,1,0,2,0,1,0,6224,0.024,0.041,0.003
1165,2.231,2.134,0,0.002,0.02,0,0,,0,,,,0,,,,,40,40,0,2,3,0,3,3,1,0,1,9,10,11,1,0,2,0,1,0,6224,0.01,0.019,0.002
1166,2.533,2.289,0.001,0.005,0.035,0,0,,0,,,,0,,,,,40,40,0,2,3,0,3,3,1,0,1,9,10,11,1,0,2,0,1,0,6224,0.019,0.033,0.005
1167,2.935,2.722,0,0.007,0.036,0,0,,0,,,,0,,,,,40,40,0,2,3,0,3,3,1,0,1,9,10,11,1,0,2,0,1,0,6224,0.018,0.025,0.007
1168,2.461,2.189,0,0.007,0.024,0,0,,0,,,,0,,,,,40,40,0,2,3,0,3,3,1,0,1,9,10,11,1,0,2,0,1,0,6224,0.032,0.051,0.006
1169,3.473,3.153,0,0.008,0.035,0,0,,0,,,,0,,,,,40,40,0,2,3,0,3,3,1,0,1,9,10,11,1,0,2,0,1,0,6224,0.036,0.059,0.006
1170,2.724,2.374,0,0.011,0.041,0,0,,1,890.625,231014400,285175808,1,70948032,70948032,167755776,38823561584,40,40,0,2,3,0,3,3,1,0,1,9,10,11,1,0,2,0,1,0,6224,0.082,0.057,0.006
1171,2.241,1.997,0,0.007,0.028,0,0,,0,,,,0,,,,,40,40,0,2,3,0,3,3,1,0,1,9,10,11,1,0,2,0,1,0,6224,0.068,0.031,0.003
1172,2.305,2.097,0,0.005,0.031,0,0,,0,,,,0,,,,,40,40,0,2,3,0,3,3,1,0,1,9,10,11,1,0,2,0,1,0,6224,0.023,0.042,0.004
1173,5.361,4.96,0,0.011,0.062,0,0,,0,,,,0,,,,,40,40,0,2,3,0,3,3,1,0,1,9,10,11,1,0,2,0,1,0,6224,0.036,0.054,0.012
1174,5.794,5.368,0,0.012,0.038,0,0,,0,,,,0,,,,,40,40,0,2,3,0,3,3,1,0,1,9,10,11,1,0,2,0,1,0,6224,0.101,0.034,0.007
1175,4.29,4.018,0.001,0.008,0.024,0,0,,0,,,,0,,,,,40,40,0,2,3,0,3,3,1,0,1,9,10,11,1,0,2,0,1,0,6224,0.089,0.028,0.006
1176,4.243,3.732,0.001,0.011,0.063,0,0,,0,,,,0,,,,,40,40,0,2,3,0,3,3,1,0,1,9,10,11,1,0,2,0,1,0,6224,0.042,0.051,0.009
1177,2.856,2.493,0,0.011,0.026,0,0,,0,,,,0,,,,,40,40,0,2,3,0,3,3,1,0,1,9,10,11,1,0,2,0,1,0,6224,0.044,0.136,0.005
1178,6.845,6.512,0,0.01,0.041,0,0,,0,,,,0,,,,,40,40,0,2,3,0,3,3,1,0,1,9,10,11,1,0,2,0,1,0,6224,0.04,0.065,0.009
1179,3.901,3.665,0,0.006,0.037,0,0,,0,,,,0,,,,,40,40,0,2,3,0,3,3,1,0,1,9,10,11,1,0,2,0,1,0,6224,0.024,0.043,0.005
1180,2.906,2.542,0,0.008,0.085,0,0,,0,,,,0,,,,,40,40,0,2,3,0,3,3,1,0,1,9,10,11,1,0,2,0,1,0,6224,0.029,0.046,0.008
1181,2.717,2.423,0,0.005,0.052,0,0,,0,,,,0,,,,,40,40,0,2,3,0,3,3,1,0,1,9,10,11,1,0,2,0,1,0,6224,0.015,0.023,0.004
1182,2.611,2.32,0.001,0.007,0.035,0,0,,0,,,,0,,,,,40,40,0,2,3,0,3,3,1,0,1,9,10,11,1,0,2,0,1,0,6224,0.036,0.059,0.007
1183,3.864,3.51,0,0.009,0.055,0,0,,0,,,,0,,,,,40,40,0,2,3,0,3,3,1,0,1,9,10,11,1,0,2,0,1,0,6224,0.04,0.06,0.006
1184,2.186,1.997,0,0.006,0.034,0,0,,0,,,,0,,,,,40,40,0,2,3,0,3,3,1,0,1,9,10,11,1,0,2,0,1,0,6224,0.022,0.039,0.004
1185,2.565,2.216,0,0.013,0.041,0,0,,0,,,,0,,,,,40,40,0,2,3,0,3,3,1,0,1,9,10,11,1,0,2,0,1,0,6224,0.047,0.044,0.006
1186,3.052,2.655,0,0.026,0.044,0,0,,0,,,,0,,,,,40,40,0,2,3,0,3,3,1,0,1,9,10,11,1,0,2,0,1,0,6224,0.025,0.038,0.008
1187,2.222,1.974,0,0.003,0.024,0,0,,0,,,,0,,,,,40,40,0,2,3,0,3,3,1,0,1,9,10,11,1,0,2,0,1,0,6224,0.013,0.058,0.006
1188,3.191,2.939,0,0.007,0.031,0,0,,0,,,,0,,,,,40,40,0,2,3,0,3,3,1,0,1,9,10,11,1,0,2,0,1,0,6224,0.029,0.045,0.005
1189,2.527,2.191,0,0.012,0.029,0,0,,0,,,,0,,,,,40,40,0,2,3,0,3,3,1,0,1,9,10,11,1,0,2,0,1,0,6224,0.036,0.056,0.007
1190,3.06,2.833,0,0.006,0.036,0,0,,0,,,,0,,,,,40,40,0,2,3,0,3,3,1,0,1,9,10,11,1,0,2,0,1,0,6224,0.028,0.049,0.004
1191,3.424,3.137,0,0.006,0.072,0,0,,0,,,,0,,,,,40,40,0,2,3,0,3,3,1,0,1,9,10,11,1,0,2,0,1,0,6224,0.023,0.033,0.006
1192,3.269,2.924,0,0.008,0.045,0,0,,0,,,,0,,,,,40,40,0,2,3,0,3,3,1,0,1,9,10,11,1,0,2,0,1,0,6224,0.035,0.059,0.008
1193,4.895,4.631,0.001,0.006,0.045,0,0,,0,,,,0,,,,,40,40,0,2,3,0,3,3,1,0,1,9,10,11,1,0,2,0,1,0,6224,0.025,0.041,0.006
1194,2.908,2.614,0,0.005,0.034,0,0,,0,,,,0,,,,,40,40,0,2,3,0,3,3,1,0,1,9,10,11,1,0,2,0,1,0,6224,0.032,0.087,0.007
1195,3.091,2.853,0,0.006,0.044,0,0,,0,,,,0,,,,,40,40,0,2,3,0,3,3,1,0,1,9,10,11,1,0,2,0,1,0,6224,0.026,0.045,0.005
1196,3.399,3.006,0,0.012,0.064,0,0,,0,,,,0,,,,,40,40,0,2,3,0,3,3,1,0,1,9,10,11,1,0,2,0,1,0,6224,0.033,0.05,0.011
1197,3.037,2.799,0.001,0.007,0.035,0,0,,0,,,,0,,,,,40,40,0,2,3,0,3,3,1,0,1,9,10,11,1,0,2,0,1,0,6224,0.019,0.026,0.007
1198,8.372,7.951,0.001,0.011,0.039,0,0,,0,,,,0,,,,,40,40,0,2,3,0,3,3,1,0,1,9,10,11,1,0,2,0,1,0,6224,0.046,0.076,0.011
1199,6.509,6.199,0,0.009,0.053,0,0,,0,,,,0,,,,,40,40,0,2,3,0,3,3,1,0,1,9,10,11,1,0,2,0,1,0,6224,0.022,0.036,0.009
1200,5.521,5.273,0,0.007,0.041,0,0,,1,921.875,231014400,285175808,1,70948032,70948032,167755776,38823561584,40,40,0,2,3,0,3,3,1,0,1,9,10,11,1,0,2,0,1,0,6224,0.017,0.028,0.008
1201,6.585,6.244,0.001,0.01,0.037,0,0,,0,,,,0,,,,,40,40,0,2,3,0,3,3,1,0,1,9,10,11,1,0,2,0,1,0,6224,0.039,0.079,0.007
1202,3.108,2.819,0,0.008,0.038,0,0,,0,,,,0,,,,,40,40,0,2,3,0,3,3,1,0,1,9,10,11,1,0,2,0,1,0,6224,0.024,0.035,0.01
1203,3.275,2.975,0.001,0.012,0.03,0,0,,0,,,,0,,,,,40,40,0,2,3,0,3,3,1,0,1,9,10,11,1,0,2,0,1,0,6224,0.018,0.028,0.007
1204,4.771,4.35,0,0.009,0.053,0,0,,0,,,,0,,,,,40,40,0,2,3,0,3,3,1,0,1,9,10,11,1,0,2,0,1,0,6224,0.06,0.092,0.009
1205,2.938,2.603,0,0.011,0.035,0,0,,0,,,,0,,,,,40,40,0,2,3,0,3,3,1,0,1,9,10,11,1,0,2,0,1,0,6224,0.037,0.058,0.007
1206,4.431,4.033,0,0.013,0.05,0,0,,0,,,,0,,,,,40,40,0,2,3,0,3,3,1,0,1,9,10,11,1,0,2,0,1,0,6224,0.033,0.085,0.016
1207,5.256,4.72,0.001,0.012,0.066,0,0,,0,,,,0,,,,,40,40,0,2,3,0,3,3,1,0,1,9,10,11,1,0,2,0,1,0,6224,0.056,0.092,0.015
1208,4.287,3.94,0,0.011,0.048,0,0,,0,,,,0,,,,,40,40,0,2,3,0,3,3,1,0,1,9,10,11,1,0,2,0,1,0,6224,0.038,0.065,0.007
1209,6.255,5.78,0,0.01,0.081,0,0,,0,,,,0,,,,,40,40,0,2,3,0,3,3,1,0,1,9,10,11,1,0,2,0,1,0,6224,0.035,0.057,0.012
1210,4.761,4.42,0,0.009,0.043,0,0,,0,,,,0,,,,,40,40,0,2,3,0,3,3,1,0,1,9,10,11,1,0,2,0,1,0,6224,0.022,0.034,0.01
1211,22.278,21.915,0.001,0.013,0.057,0,0,,0,,,,0,,,,,40,40,0,2,3,0,3,3,1,0,1,9,10,11,1,0,2,0,1,0,6224,0.023,0.035,0.01
1212,15.546,15.158,0,0.012,0.047,0,0,,0,,,,0,,,,,40,40,0,2,3,0,3,3,1,0,1,9,10,11,1,0,2,0,1,0,6224,0.034,0.055,0.011
1213,7.037,6.694,0,0.014,0.053,0,0,,0,,,,0,,,,,40,40,0,2,3,0,3,3,1,0,1,9,10,11,1,0,2,0,1,0,6224,0.027,0.045,0.01
1214,6.626,6.279,0.001,0.011,0.042,0,0,,0,,,,0,,,,,40,40,0,2,3,0,3,3,1,0,1,9,10,11,1,0,2,0,1,0,6224,0.035,0.055,0.009
1215,5.88,5.587,0.001,0.007,0.04,0,0,,0,,,,0,,,,,40,40,0,2,3,0,3,3,1,0,1,9,10,11,1,0,2,0,1,0,6224,0.036,0.064,0.007
1216,7.435,7.007,0.001,0.013,0.05,0,0,,0,,,,0,,,,,40,40,0,2,3,0,3,3,1,0,1,9,10,11,1,0,2,0,1,0,6224,0.038,0.08,0.014
1217,6.564,6.071,0.001,0.014,0.056,0,0,,0,,,,0,,,,,40,40,0,2,3,0,3,3,1,0,1,9,10,11,1,0,2,0,1,0,6224,0.063,0.102,0.013
1218,6.306,5.954,0,0.009,0.048,0,0,,0,,,,0,,,,,40,40,0,2,3,0,3,3,1,0,1,9,10,11,1,0,2,0,1,0,6224,0.038,0.049,0.009
1219,8.727,8.301,0,0.011,0.056,0,0,,0,,,,0,,,,,40,40,0,2,3,0,3,3,1,0,1,9,10,11,1,0,2,0,1,0,6224,0.043,0.067,0.013
1220,6.832,6.469,0.001,0.01,0.035,0,0,,0,,,,0,,,,,40,40,0,2,3,0,3,3,1,0,1,9,10,11,1,0,2,0,1,0,6224,0.043,0.066,0.012
1221,17.949,17.522,0.001,0.01,0.06,0,0,,0,,,,0,,,,,40,40,0,2,3,0,3,3,1,0,1,9,10,11,1,0,2,0,1,0,6224,0.039,0.066,0.013
1222,12.26,11.889,0.001,0.012,0.048,0,0,,0,,,,0,,,,,40,40,0,2,3,0,3,3,1,0,1,9,10,11,1,0,2,0,1,0,6224,0.034,0.055,0.011
1223,6.279,5.898,0,0.011,0.047,0,0,,0,,,,0,,,,,40,40,0,2,3,0,3,3,1,0,1,9,10,11,1,0,2,0,1,0,6224,0.041,0.069,0.01
1224,24.683,24.342,0.001,0.009,0.069,0,0,,0,,,,0,,,,,40,40,0,2,3,0,3,3,1,0,1,9,10,11,1,0,2,0,1,0,6224,0.022,0.036,0.009
1225,6.132,5.794,0,0.009,0.044,0,0,,0,,,,0,,,,,40,40,0,2,3,0,3,3,1,0,1,9,10,11,1,0,2,0,1,0,6224,0.029,0.048,0.008
1226,8.529,7.999,0.001,0.015,0.134,0,0,,0,,,,0,,,,,40,40,0,2,3,0,3,3,1,0,1,9,10,11,1,0,2,0,1,0,6224,0.038,0.061,0.013
1227,6.278,5.963,0,0.012,0.06,0,0,,0,,,,0,,,,,40,40,0,2,3,0,3,3,1,0,1,9,10,11,1,0,2,0,1,0,6224,0.019,0.031,0.01
1228,19.301,18.827,0.001,0.016,0.079,0,0,,0,,,,0,,,,,40,40,0,2,3,0,3,3,1,0,1,9,10,11,1,0,2,0,1,0,6224,0.038,0.061,0.013
1229,25.566,25.126,0,0.01,0.062,0,0,,0,,,,0,,,,,40,40,0,2,3,0,3,3,1,0,1,9,10,11,1,0,2,0,1,0,6224,0.035,0.09,0.013
1230,5.69,5.416,0,0.009,0.057,0,0,,1,937.5,231014400,285175808,1,70948032,70948032,167755776,38823561584,40,40,0,2,3,0,3,3,1,0,1,9,10,11,1,0,2,0,1,0,6224,0.028,0.048,0.007
1231,7.576,7.143,0,0.013,0.043,0,0,,0,,,,0,,,,,40,40,0,2,3,0,3,3,1,0,1,9,10,11,1,0,2,0,1,0,6224,0.032,0.118,0.01
1232,5.737,5.466,0,0.009,0.03,0,0,,0,,,,0,,,,,40,40,0,2,3,0,3,3,1,0,1,9,10,11,1,0,2,0,1,0,6224,0.029,0.049,0.008
1233,7.414,6.988,0,0.01,0.046,0,0,,0,,,,0,,,,,40,40,0,2,3,0,3,3,1,0,1,9,10,11,1,0,2,0,1,0,6224,0.039,0.066,0.012
1234,6.77,6.359,0,0.011,0.055,0,0,,0,,,,0,,,,,40,40,0,2,3,0,3,3,1,0,1,9,10,11,1,0,2,0,1,0,6224,0.076,0.04,0.01
1235,5.186,4.797,0.001,0.009,0.037,0,0,,0,,,,0,,,,,40,40,0,2,3,0,3,3,1,0,1,9,10,11,1,0,2,0,1,0,6224,0.042,0.074,0.01
1236,7.262,6.854,0.001,0.01,0.053,0,0,,0,,,,0,,,,,40,40,0,2,3,0,3,3,1,0,1,9,10,11,1,0,2,0,1,0,6224,0.034,0.059,0.011
1237,5.255,5.02,0,0.007,0.035,0,0,,0,,,,0,,,,,40,40,0,2,3,0,3,3,1,0,1,9,10,11,1,0,2,0,1,0,6224,0.021,0.032,0.006
1238,5.393,5.07,0.001,0.009,0.054,0,0,,0,,,,0,,,,,40,40,0,2,3,0,3,3,1,0,1,9,10,11,1,0,2,0,1,0,6224,0.023,0.035,0.01
1239,7.048,6.692,0,0.009,0.053,0,0,,0,,,,0,,,,,40,40,0,2,3,0,3,3,1,0,1,9,10,11,1,0,2,0,1,0,6224,0.023,0.037,0.01
1240,4.745,4.342,0,0.014,0.041,0,0,,0,,,,0,,,,,40,40,0,2,3,0,3,3,1,0,1,9,10,11,1,0,2,0,1,0,6224,0.046,0.076,0.012
1241,6.041,5.699,0,0.009,0.046,0,0,,0,,,,0,,,,,40,40,0,2,3,0,3,3,1,0,1,9,10,11,1,0,2,0,1,0,6224,0.022,0.038,0.011
1242,5.983,5.601,0,0.012,0.048,0,0,,0,,,,0,,,,,40,40,0,2,3,0,3,3,1,0,1,9,10,11,1,0,2,0,1,0,6224,0.032,0.056,0.01
1243,5.225,4.79,0,0.009,0.043,0,0,,0,,,,0,,,,,40,40,0,2,3,0,3,3,1,0,1,9,10,11,1,0,2,0,1,0,6224,0.031,0.103,0.026
1244,6.055,5.728,0,0.01,0.052,0,0,,0,,,,0,,,,,40,40,0,2,3,0,3,3,1,0,1,9,10,11,1,0,2,0,1,0,6224,0.024,0.037,0.01
1245,28.425,28.041,0,0.013,0.047,0,0,,0,,,,0,,,,,40,40,0,2,3,0,3,3,1,0,1,9,10,11,1,0,2,0,1,0,6224,0.039,0.065,0.008

summary_metric,count,median,p95,p99
wall_ms,1246,3.39,6.827,11.4418
frame_wait_ms,1246,3.0895,6.478,11.1212
scene_advance_ms,1246,0,0.001,0.001
view_build_ms,1246,0.008,0.013,0.01755
render_submit_ms,1246,0.039,0.06875,0.11075
gpu_ms,1246,2.73710930818,5.66328111174,10.6126742201

gpu_sample_serial,gpu_ms
367,2.32442702658
368,4.40432280914
369,3.94421865371
370,2.49302077247
371,2.43276035727
372,3.18572908889
373,2.42020827425
374,2.66999993481
375,2.66692701822
376,2.69057285098
377,5.30395820384
378,4.63630197014
379,5.92739568862
380,4.8266144655
381,4.4399998916
382,6.26999984692
383,5.01057279434
384,4.70255196852
385,10.6271351572
386,4.82020821565
387,4.59328113786
388,4.24848947961
389,2.56208327078
390,3.31130200249
391,2.51041660538
392,2.50635410548
393,2.50359368888
394,2.52677077164
395,2.52083327179
396,7.82671855892
397,3.93151032068
398,3.79697907397
399,3.70812490947
400,3.5593749131
401,2.48453118934
402,3.1513020064
403,2.45364577343
404,4.01031240209
405,4.7062498851
406,3.9554165701
407,3.90307282138
408,3.91734365436
409,7.06052066096
410,4.10197906652
411,4.10708323306
412,4.09062490013
413,4.06187490083
414,4.068801984
415,4.18302073121
416,4.26479156255
417,5.20890612283
418,3.67937491017
419,2.67562493468
420,2.67161451811
421,4.87770821425
422,4.00609365219
423,2.68182285119
424,2.66734368488
425,3.42901033295
426,2.62614576922
427,2.64744785203
428,2.67421868471
429,2.64494785209
430,4.39145822612
431,7.01203107881
432,2.60572910305
433,2.64078118553
434,2.54463535454
435,3.9841665694
436,3.16828117265
437,3.37156241769
438,2.53843743803
439,2.33854160957
440,1.9891666181
441,2.11723953164
442,11.2404163922
443,4.48307280722
444,2.5437499379
445,2.21046869603
446,2.68239576785
447,2.67770826796
448,2.22999994556
449,2.03682286694
450,1.95770828554
451,1.9565103689
452,1.94916661908
453,1.9511457857
454,1.94239578591
455,2.27807286105
456,2.71390618374
457,3.94119782045
458,3.12489575704
459,4.6911457188
460,3.93583323724
461,2.67249993475
462,2.33697910961
463,2.07838536592
464,2.12114578155
465,2.73718743317
466,2.75406243276
467,2.65848951843
468,1.94291661923
469,2.0863020324
470,2.07385411604
471,3.22645825456
472,3.72140615915
473,1.94427078587
474,1.98291661826
475,3.44494783256
476,3.89005198836
477,2.54812493779
478,2.07994786589
479,2.11348953173
480,2.72333326685
481,2.06619786622
482,2.08651036573
483,2.64890618533
484,2.07708328262
485,3.05442700876
486,3.48453116493
487,5.09838529219
488,1.93567703608
489,2.10932286517
490,5.04515612683
491,2.88776034616
492,2.81385409797
493,2.22463536235
494,1.98098953497
495,1.94515620251
496,1.9401041193
497,4.1698436482
498,2.05567703315
499,2.10755203188
500,2.71786451698
501,4.3977603093
502,2.6649478516
503,1.94177078593
504,2.47229160631
505,2.76536451582
506,3.89151032166
507,2.62776035251
508,2.08067703254
509,2.11187494844
510,2.11265619842
511,2.08333328247
512,4.71380196825
513,2.91885409541
514,2.91937492873
515,2.75286451612
516,2.70744785057
517,2.75614576604
518,2.07640619931
519,2.15572911404
520,1.93505203609
521,4.90869779683
522,2.70567701728
523,2.08588536574
524,2.00916661761
525,1.94255203591
526,1.93546870275
527,2.35749994244
528,2.06838536617
529,2.07088536611
530,1.89411453709
531,3.39442700046
532,3.71588532595
533,3.60515616198
534,2.02453120057
535,1.99489578463
536,2.65822910177
537,4.26192697928
538,3.37192700101
539,2.73031243334
540,3.47999991504
541,4.1480728154
542,5.36218736909
543,6.72911441905
544,6.03807276925
545,15.046457966
546,5.58869778022
547,5.14749987433
548,4.69651030201
549,2.7209895169
550,3.63130199468
551,5.23421862221
552,5.80416652496
553,4.76541655032
554,4.55104155556
555,5.33822903634
556,4.22187489693
557,3.01458325974
558,2.69484368421
559,3.07302075831
560,3.58401032917
561,4.26734364582
562,4.96781237872
563,4.21624989706
564,3.98218740278
565,3.26244783702
566,2.68531243444
567,2.69026035099
568,2.7154686837
569,2.73932284979
570,2.71348951709
571,4.95864571227
572,3.94572907034
573,3.5483332467
574,3.22921867116
575,5.40020820149
576,6.00333318677
577,4.74697905077
578,4.87791654758
579,6.01817693641
580,5.06463529302
581,2.78916659857
582,3.68552074335
583,5.79744777513
584,5.3139582036
585,5.66619777833
586,4.79578113292
587,2.62374993594
588,3.37531241759
589,3.25270825392
590,3.21208325491
591,2.59385410334
592,2.56921868727
593,9.64677059782
594,2.69718743415
595,3.43546866613
596,2.66427076829
597,1.95109370237
598,2.03218745039
599,2.70822910055
600,4.32609364438
601,4.69348946875
602,2.08291661581
603,2.09598953216
604,2.12687494807
605,2.08984369898
606,2.10088536538
607,3.19723950528
608,3.76333324146
609,1.98906245144
610,2.32901035981
611,5.73776027658
612,2.77666659888
613,2.11999994824
614,2.08104161586
615,2.08385411579
616,2.08656244906
617,2.37932285858
618,2.84161451396
619,3.73307282553
620,2.93588534499
621,6.77765608453
622,9.39984352051
623,5.74062485985
624,2.10979161516
625,4.85380196483
626,2.56453118739
627,2.09744786546
628,2.11421869838
629,3.00572909328
630,5.15848945739
631,5.13718737458
632,5.73270819337
633,4.18374989786
634,2.65005201863
635,3.52062491405
636,3.72953115895
637,4.28104156215
638,2.71656243368
639,2.05692703312
640,4.5779165549
641,3.79723949063
642,2.11406244839
643,2.76380201586
644,2.36812494218
645,2.27744786106
646,2.74812493291
647,1.99317703467
648,2.10119786537
649,2.11218744843
650,2.08343744913
651,2.81442701462
652,2.55151035437
653,2.1066145319
654,2.80135409827
655,2.07703119929
656,2.08989578231
657,2.92760409519
658,2.96406242764
659,3.62177074491
660,2.85041659708
661,4.16249989838
662,2.70354160066
663,2.66885410151
664,3.14239575661
665,4.18395823119
666,2.07770828261
667,2.11171869844
668,2.76036451594
669,2.08171869918
670,2.38999994165
671,2.55338535433
672,2.07489578268
673,2.40937494118
674,2.08005203255
675,2.13531244787
676,2.64682285205
677,2.09354161555
678,5.83114569097
679,5.22348945581
680,5.53385403156
681,4.99807279464
682,4.4141665589
683,1.93552078608
684,3.56244782969
685,2.69869785078
686,1.9414062026
687,1.93869786934
688,1.94119786927
689,2.68911451768
690,5.63968736231
691,4.85906238137
692,3.50395824779
693,2.68807285104
694,2.69447910088
695,2.66828118486
696,1.96223953543
697,3.18619783888
698,4.07755198378
699,2.67854160127
700,2.6131249362
701,2.63614576897
702,3.05187492549
703,2.5601561875
704,2.50192702225
705,3.96651031983
706,5.25145820512
707,4.47885405732
708,4.29911447837
709,3.24328117082
710,2.50140618893
711,2.52697910497
712,2.67520826802
713,4.08880198351
714,4.05927073423
715,2.48437493935
716,2.5504166044
717,2.66807285153
718,5.07562487608
719,3.9375519872
720,3.99640615243
721,3.93119782069
722,3.8392707396
723,2.52817702161
724,2.48729160594
725,2.49901035566
726,4.03682281811
727,4.16833323157
728,3.9089582379
729,4.87458321432
730,3.48947908147
731,2.49619785572
732,2.52286452174
733,3.84119782289
734,4.20223948074
735,2.19703119636
736,2.66890618484
737,2.07401036603
738,2.08692703238
739,2.07223953274
740,4.76729155028
741,3.36104158461
742,2.68843743436
743,3.52505199727
744,3.11437492397
745,2.70192701737
746,2.0164582841
747,1.9607291188
748,2.08859369901
749,2.07401036603
750,2.46520827315
751,2.70416660065
752,2.7401561831
753,2.76005201595
754,3.37286450099
755,2.96932284417
756,1.83598953851
757,1.83140620529
758,1.85536453804
759,1.84713537157
760,1.83145828862
761,2.07874994925
762,2.07921869924
763,2.07635411597
764,2.28687494417
765,2.92302076197
766,2.86822909664
767,5.11078112523
768,4.9081769635
769,6.31395817918
770,4.51281238982
771,2.99208326028
772,3.23067700446
773,4.5301561394
774,2.6745311847
775,2.43421869057
776,1.96572911868
777,2.58588535353
778,3.22953117115
779,2.68796868438
780,2.47093743967
781,2.07895828258
782,2.79854159834
783,3.58187491255
784,2.73374993326
785,2.67656243465
786,2.0809374492
787,3.57333324609
788,4.12369781599
789,2.83041659756
790,2.48182285608
791,2.53630202141
792,2.79927076499
793,2.0710416161
794,2.60687493636
795,2.3374478596
796,2.07057286612
797,1.99432286798
798,2.61833326941
799,4.57156238839
800,3.77385407453
801,2.27406244448
802,2.76135409925
803,2.6979166008
804,3.9484374036
805,2.22494786235
806,2.06848953283
807,2.10749994855
808,3.54499991345
809,2.56036452082
810,2.70677076725
811,2.7292707667
812,5.10874987527
813,4.51296863982
814,2.04203120015
815,1.93651036939
816,1.96135411878
817,1.93822911935
818,3.36880200109
819,1.94354161922
820,3.89833323816
821,2.51770827187
822,2.60057285318
823,2.64223951883
824,2.59098952008
825,2.33124994308
826,2.35161452592
827,2.77729159886
828,2.08723953238
829,2.63286451905
830,2.66598951825
831,2.09968744874
832,2.12510411478
833,2.7823957654
834,2.11723953164
835,2.75692701603
836,2.70729160057
837,2.10729161522
838,2.76713534911
839,2.70562493394
840,2.69374993423
841,2.47588535622
842,1.9620312021
843,2.57442702048
844,3.32479158549
845,2.56401035407
846,2.56927077061
847,2.17218744697
848,1.99333328467
849,2.45536452339
850,2.52812493828
851,2.56880202062
852,2.66942701816
853,2.31411452684
854,2.5775520204
855,3.26244783702
856,3.5882811624
857,2.08395828246
858,2.66864576818
859,2.59098952008
860,3.32437491884
861,2.45734369001
862,2.33656244296
863,2.57479160381
864,2.51661452189
865,3.23104158778
866,2.96442701096
867,3.06671867513
868,2.67156243478
869,2.1873436966
870,2.61593743613
871,1.93703120271
872,1.98692703482
873,2.075104116
874,2.52541660501
875,2.07552078266
876,2.09562494884
877,2.07390619937
878,2.07109369944
879,2.08010411588
880,2.68088535122
881,2.1093749485
882,2.80822909811
883,2.89968742921
884,2.27796869439
885,2.84208326395
886,1.95833328552
887,2.60145826982
888,2.76161451591
889,2.66708326822
890,3.07520825826
891,3.87723948867
892,2.09135411561
893,3.03999992578
894,2.72619785011
895,2.14213536437
896,2.13874994778
897,2.91760409544
898,2.10510411527
899,2.07364578271
900,2.69999993408
901,2.09666661548
902,2.08624994907
903,2.08161453251
904,2.57838535372
905,2.78874993192
906,2.88671867952
907,2.88010409635
908,2.09515619885
909,2.01614578411
910,2.71557285037
911,2.11776036496
912,2.38786452504
913,1.95140620236
914,2.07755203261
915,2.08520828242
916,2.10354161531
917,2.09276036557
918,2.92328117863
919,2.92494784526
920,2.67244785142
921,2.82223951443
922,3.10713534081
923,4.28442697873
924,2.73067701667
925,1.94390620254
926,2.85619784694
927,2.81057284805
928,2.80911451475
929,2.7226041002
930,2.11453119838
931,2.58536452021
932,3.40567700019
933,3.74005199202
934,3.51072908096
935,2.10020828206
936,2.08406244912
937,2.08249994916
938,2.07255203273
939,2.76536451582
940,2.44869785688
941,2.54156243795
942,2.7810936821
943,4.54687488899
944,2.16911453038
945,2.0369270336
946,2.28854161079
947,3.47437491518
948,4.36432281012
949,2.69307285092
950,2.68588535109
951,2.72046868358
952,3.49848949792
953,2.65041660196
954,4.16296864837
955,4.59343738786
956,5.99572902029
957,5.3643227857
958,2.17677078019
959,2.10343744865
960,2.07333328271
961,5.38130195195
962,3.44057283267
963,2.69463535088
964,2.65479160185
965,4.13390614907
966,2.4917707725
967,1.94031245263
968,2.07843744926
969,2.07479161601
970,2.07286453273
971,2.67979160124
972,2.40666660791
973,1.96994786857
974,2.18911452989
975,3.45286449903
976,2.61093743626
977,2.08359369913
978,3.30739575259
979,2.07822911593
980,3.53104158046
981,2.71671868367
982,4.43848947497
983,4.26916656244
984,10.5949997413
985,4.69614571868
986,5.29604153737
987,4.30635406153
988,4.40999989233
989,4.44411447483
990,4.59770822108
991,4.97578112852
992,5.04984362671
993,4.93453112953
994,5.352135286
995,5.61057277969
996,4.52046863964
997,2.11515619836
998,3.5005728312
999,2.69010410099
1000,2.70104160072
1001,2.69760410081
1002,2.73776034983
1003,3.60421866201
1004,3.52328116398
1005,2.86536451338
1006,2.30937494362
1007,2.09270828224
1008,2.80036451497
1009,2.08994786564
1010,2.07598953265
1011,2.53395827147
1012,2.84682284716
1013,2.58223952029
1014,2.08765619903
1015,2.09098953228
1016,2.08526036576
1017,3.46687491536
1018,5.36145820244
1019,5.39546861827
1020,4.77078113353
1021,2.83671868074
1022,3.5142186642
1023,2.70510410062
1024,3.16812492265
1025,3.79651032398
1026,3.53885408027
1027,4.38322905965
1028,2.70557285061
1029,2.71437493373
1030,2.73687493318
1031,2.76031243261
1032,2.7895311819
1033,2.91255201223
1034,2.86249993011
1035,2.76364576586
1036,3.49624991464
1037,2.1109895318
1038,2.78067701545
1039,2.80249993158
1040,6.81307275033
1041,5.49677069913
1042,2.68031243456
1043,3.07161450834
1044,3.03677075919
1045,2.9272915952
1046,4.19265614764
1047,3.44151033265
1048,2.09781244878
1049,2.08869786567
1050,2.43942702378
1051,3.54088533022
1052,2.46276035654
1053,3.54838533004
1054,2.73322909994
1055,2.70635410059
1056,2.67869785127
1057,2.61989576937
1058,5.29041653751
1059,4.35864572692
1060,4.22843739677
1061,5.40197903478
1062,4.42666655859
1063,4.15510406522
1064,2.66031243505
1065,3.29614575286
1066,2.58578118687
1067,2.55979160417
1068,2.60822910299
1069,2.69026035099
1070,2.67494785136
1071,2.61687493611
1072,3.00317701001
1073,4.12510406596
1074,2.64078118553
1075,2.50562493883
1076,2.57416660382
1077,4.06869781733
1078,4.03708323477
1079,4.77687488338
1080,3.94187490376
1081,3.92286448756
1082,4.71052071833
1083,3.79437490736
1084,3.88859365506
1085,2.97291659409
1086,2.08963536565
1087,4.17171864815
1088,2.5900520201
1089,2.5284895216
1090,2.56776035398
1091,3.29093741965
1092,2.49317702246
1093,2.50989577206
1094,2.56203118745
1095,2.66645826823
1096,3.426822833
1097,2.67281243475
1098,2.6785936846
1099,2.72687493343
1100,2.70098951739
1101,10.2902080821
1102,2.48760410593
1103,2.07942703257
1104,2.08656244906
1105,2.09265619891
1106,2.08083328253
1107,4.18458323117
1108,3.93182282067
1109,3.60979157854
1110,2.72984368335
1111,2.20869786274
1112,2.07317703272
1113,2.08520828242
1114,2.10390619864
1115,2.79796868169
1116,2.08322911581
1117,5.75874985941
1118,5.40416653473
1119,5.08177070927
1120,4.79026029972
1121,11.05812473
1122,4.68229155235
1123,5.64317694556
1124,3.09447909112
1125,2.12093744822
1126,2.07749994928
1127,2.06687494954
1128,2.13807286447
1129,3.5455728301
1130,2.50322910555
1131,2.7321874333
1132,4.72598946795
1133,4.72020821809
1134,4.69151030213
1135,3.93093740403
1136,3.75541657498
1137,3.58859366239
1138,3.04744784227
1139,3.60666657861
1140,2.65822910177
1141,2.58848952014
1142,2.67005201815
1143,2.08421869912
1144,4.42562489195
1145,5.65453111195
1146,4.56531238854
1147,4.38479155962
1148,5.297395704
1149,3.15833325623
1150,3.05989575863
1151,2.08229161583
1152,2.09723953213
1153,2.08671869905
1154,3.11755200722
1155,4.87046863109
1156,3.05661450871
1157,3.70041657632
1158,4.10249989984
1159,1.9360416194
1160,2.04703120002
1161,2.15890619729
1162,3.52442699729
1163,2.78838534859
1164,2.717083267
1165,2.71932285028
1166,4.08208323367
1167,4.89229154723
1168,4.69999988525
1169,2.0820832825
1170,2.09619786549
1171,2.0781770326
1172,2.76348951587
1173,2.81083326471
1174,2.7976561817
1175,2.82864576427
1176,2.81270826466
1177,2.17536453022
1178,2.22937494557
1179,3.40624991684
1180,2.51276035532
1181,2.11536453169
1182,2.088906199
1183,2.09916661542
1184,2.09624994882
1185,2.09963536541
1186,2.13932286444
1187,3.24770825404
1188,3.13536450679
1189,3.02182284289
1190,5.25947903826
1191,6.04270818581
1192,4.77291655014
1193,4.09338531673
1194,2.74729159959
1195,2.74062493309
1196,2.68328118449
1197,2.65348951855
1198,3.52895824718
1199,4.48354155721
1200,4.65812488628
1201,4.42473947531
1202,4.35520822701
1203,4.25828114604
1204,2.4781249395
1205,1.99041661807
1206,2.69307285092
1207,2.07552078266
1208,2.15354161409
1209,2.70088535073
1210,1.93697911938
1211,1.95906245217
1212,2.61572910281
1213,2.07239578274
1214,2.01005203426
1215,3.88161448857
1216,2.07552078266
1217,2.47541660623
1218,5.00307279452
1219,3.81713532347
1220,2.74203118306
1221,2.84255201394
1222,2.76682284912
1223,2.74911451622
1224,4.47536447407
1225,4.43244780845
1226,4.40624989243
1227,4.42963530852
1228,3.41942699985
1229,2.69380201757
1230,4.63281238689
1231,4.55677072208
1232,2.83197909753
1233,3.40760408347
1234,2.62484368592
1235,2.5861457702
1236,2.53156243819
1237,2.06963536614
1238,4.40119780922
1239,4.06677073405
1240,4.09729156664
1241,3.93979157048
1242,3.82239574001
1243,2.70385410065
1244,2.69635410084
1245,2.67609368467
1246,2.70671868392
1247,4.24395822972
1248,3.20468742176
1249,6.0634894353
1250,4.30171864498
1251,5.1760415403
1252,4.23578114659
1253,4.23093739671
1254,4.36593739341
1255,4.13140614914
1256,5.08531237585
1257,3.95677073673
1258,2.54151035462
1259,2.55031243774
1260,3.3163540857
1261,2.65947910174
1262,3.04442700901
1263,2.60859368631
1264,2.64708326871
1265,2.68026035123
1266,3.83869782295
1267,2.67536451802
1268,2.67307285141
1269,2.67333326807
1270,2.68494785112
1271,2.64046868554
1272,2.59734368659
1273,2.30109369382
1274,2.09562494884
1275,3.45098949908
1276,2.69734368415
1277,2.66880201818
1278,2.66645826823
1279,2.69692701749
1280,3.45124991574
1281,2.69083326764
1282,4.77270821681
1283,5.6731248615
1284,5.02828112724
1285,5.06786445961
1286,6.36812484453
1287,6.06453110194
1288,3.18130200566
1289,2.80979159807
1290,2.75432284942
1291,2.7414582664
1292,2.6938541009
1293,2.73666659985
1294,3.78411449095
1295,4.80786446595
1296,2.744374933
1297,2.71682285034
1298,2.73968743311
1299,2.75567701606
1300,2.7646874325
1301,2.75057284951
1302,2.76781243243
1303,2.78177076542
1304,2.79401034845
1305,5.79796860845
1306,6.4117706768
1307,5.17140612374
1308,4.90973946347
1309,2.69046868431
1310,2.69963535076
1311,2.7047395173
1312,3.71166657605
1313,6.31588526247
1314,4.84505196505
1315,4.58624988803
1316,2.60953118629
1317,3.32453116883
1318,2.56182285412
1319,2.58968743678
1320,2.59427077
1321,2.53651035474
1322,4.06901031733
1323,3.78161449101
1324,2.61223951956
1325,2.09234369892
1326,4.07166656726
1327,3.55244782994
1328,2.67312493474
1329,2.25161452836
1330,2.47416660626
1331,2.07859369925
1332,2.71604160036
1333,2.69145826762
1334,2.77880201549
1335,2.12020828157
1336,2.93848951159
1337,2.71906243362
1338,2.54624993784
1339,2.07374994937
1340,2.18463536333
1341,4.12401031598
1342,2.71411451707
1343,2.08583328241
1344,2.07895828258
1345,2.0710416161
1346,2.07499994934
1347,2.10151036536
1348,2.0807811992
1349,2.09046869896
1350,3.35473950143
1351,5.36921861892
1352,3.58328116252
1353,2.87119784657
1354,2.74385409968
1355,2.82067701447
1356,2.08057286587
1357,2.55453118763
1358,3.44041658267
1359,3.49020824812
1360,1.94276036924
1361,2.53442702146
1362,2.63473951901
1363,1.93859370267
1364,1.93687495271
1365,2.07869786592
1366,2.08260411582
1367,2.07458328268
1368,5.53859361478
1369,3.46072908218
1370,3.60187491206
1371,2.61348951953
1372,5.68718736115
1373,3.39130200054
1374,2.70963535051
1375,2.71046868383
1376,1.96770828529
1377,1.94552078584
1378,3.69088532656
1379,2.66218743501
1380,2.67843743461
1381,2.14708328091
1382,3.47416658185
1383,2.78130201543
1384,2.08968744898
1385,2.02249995062
1386,1.94453120253
1387,2.78338534871
1388,2.76197909924
1389,5.64338527889
1390,2.81901034784
1391,2.74520826631
1392,2.77578118223
1393,2.08901036567
1394,2.08249994916
1395,2.47833327283
1396,1.94369786921
1397,2.51359368863
1398,2.74749993292
1399,2.74453118299
1400,2.62531243591
1401,2.69234368427
1402,2.70026035074
1403,2.68197910119
1404,4.79552071626
1405,4.83088529873
1406,5.54765611456
1407,2.95270826125
1408,2.26604161134
1409,2.56281243743
1410,3.91072907119
1411,4.00901031879
1412,2.13526036454
1413,1.94536453584
1414,2.09005203231
1415,2.0942707822
1416,2.69270826759
1417,2.0767186993
1418,2.1217186982
1419,2.86723951333
1420,3.78843740751
1421,2.70677076725
1422,3.47921866506
1423,4.30682281152
1424,2.69572910085
1425,2.73197909997
1426,2.75833326599
1427,2.8166665979
1428,2.75473951608
1429,3.38822908395
1430,3.35135408485
1431,7.23958315659
1432,3.37895825084
1433,3.87067698883
1434,4.45114572466
1435,2.11453119838
1436,2.09437494887
1437,2.09890619876
1438,2.70932285052
1439,4.8074477993
1440,3.58880199572
1441,2.61041660294
1442,2.09260411558
1443,2.70177076737
1444,2.72395826683
1445,3.50999991431
1446,2.75770826601
1447,2.69593743418
1448,2.70078118406
1449,2.63192701908
1450,3.30291658603
1451,2.50760410545
1452,2.09255203225
1453,2.09187494893
1454,2.08161453251
1455,2.53015618823
1456,7.33838523751
1457,3.44911449913
1458,2.73697909985
1459,4.07848948376
1460,2.75302076612
1461,2.75046868285
1462,2.75895826598
1463,2.75578118272
1464,4.49989572347
1465,6.79374983414
1466,5.05609362656
1467,4.24312489641
1468,3.95744782005
1469,2.68916660101
1470,2.74854159956
1471,2.70416660065
1472,2.69911451744
1473,2.72723951675
1474,2.60812493633
1475,2.39291660825
1476,2.34953119264
1477,2.94015617822
1478,3.54406241348
1479,2.73734368317
1480,2.6980728508
1481,2.49536452241
1482,2.10286453199
1483,2.11609369834
1484,2.08213536583
1485,5.34526028617
1486,2.76109368259
1487,2.70354160066
1488,2.69864576745
1489,2.73703118318
1490,2.7117186838
1491,2.70614576727
1492,2.71682285034
1493,3.33677075187
1494,2.5996353532
1495,2.6134374362
1496,4.27562489561
1497,2.76817701575
1498,3.6196353283
1499,2.55968743751
1500,2.53343743815
1501,2.56619785402
1502,2.56010410416
1503,3.19604158864
1504,2.67135410145
1505,2.74229159972
1506,3.21536450483
1507,5.10286445875
1508,4.13291656577
1509,4.04989573446
1510,4.068801984
1511,4.06390615078
1512,4.0918749001
1513,4.08036448372
1514,13.4601559214
1515,4.05536448433
1516,11.9206767923
1517,9.31807268917
1518,3.40406241689
1519,1.99026036808
1520,1.94906245242
1521,1.9673957853
1522,2.54062493797
1523,2.57135410389
1524,2.51578118858
1525,2.10031244872
1526,2.09723953213
1527,3.33479158525
1528,2.07697911596
1529,2.06822911617
1530,2.08182286584
1531,2.09317703223
1532,2.71114576714
1533,2.07630203264
1534,2.36822910885
1535,2.38119785853
1536,2.08364578246
1537,2.08249994916
1538,4.87005196444
1539,5.08005195931
1540,3.88984365503
1541,2.85473951364
1542,2.72187493355
1543,4.53932280584
1544,3.67718741022
1545,2.10927078184
1546,2.07401036603
1547,2.27239577785
1548,2.48864577258
1549,2.07864578259
1550,2.11442703171
1551,2.79630201506
1552,2.0713541161
1553,2.08421869912
1554,2.10734369855
1555,2.81182284802
1556,2.9737499274
1557,2.94838534468
1558,2.83364576415
1559,2.75166659949
1560,2.73734368317
1561,2.79833326501
1562,2.88312492961
1563,5.67062486156
1564,6.29406234634
1565,4.96140612887
1566,4.78499988318
1567,2.76052076594
1568,2.7073436839
1569,2.71723951699
1570,2.66598951825
1571,3.52078116404
1572,4.15598948187
1573,4.15484364856
1574,4.31072906142
1575,4.40843739237
1576,20.2228640896
1577,12.644635108
1578,4.73942696762
1579,5.89807277267
1580,5.03776029367
1581,5.26338528817
1582,5.31651028687
1583,5.68395819456
1584,6.90697899804
1585,6.18593734898
1586,16.5796870952
1587,5.37604153542
1588,5.80458319162
1589,17.0980724992
1590,5.33598945306
1591,6.62854150484
1592,5.78921860866
1593,17.545520405
1594,18.241301638
1595,5.11156237521
1596,5.72286444361
1597,5.23531237218
1598,5.2265623724
1599,4.95208321243
1600,4.8098957159
1601,5.72682277685
1602,4.62661447038
1603,4.50604155666
1604,5.35562486925
1605,4.24161447978
1606,4.41458322556
1607,5.55041653116
1608,4.54729155565
1609,4.67374988589
1610,20.7433328269
1611,8.2617185483
1612,4.96187487886
