frame,wall_ms,frame_wait_ms,scene_advance_ms,view_build_ms,render_submit_ms,gpu_valid,gpu_serial,gpu_ms,process_valid,process_cpu_ms,working_set_bytes,private_bytes,vma_valid,vma_allocation_bytes,vma_peak_allocation_bytes,vma_heap_usage_bytes,vma_heap_budget_bytes,raw_instances,visible_instances,culled_instances,lights,depth_draw_calls,shadow_draw_calls,base_draw_calls,lighting_draw_calls,tone_map_draw_calls,legacy_draw_calls,presenter_draw_calls,draw_calls,total_draw_calls,all_draw_calls,dispatch_count,shadow_faces,shadow_cache_hits,shadow_misses,shadow_batches,asset_upload_bytes,dynamic_lighting_upload_bytes,gather_ms,plan_ms,upload_frame_ms
0,1.199,0.98,0,0.004,0.067,0,0,,1,0,229560320,286617600,1,62503872,62503872,135081984,38823561584,0,0,0,0,0,0,0,0,1,0,1,0,1,2,0,0,0,0,0,0,272,0,0.001,0.008
1,0.844,0.736,0,0.002,0.042,0,0,,0,,,,0,,,,,0,0,0,0,0,0,0,0,1,0,1,0,1,2,0,0,0,0,0,0,272,0.001,0,0.004
2,0.968,0.886,0,0.001,0.041,0,0,,0,,,,0,,,,,0,0,0,0,0,0,0,0,1,0,1,0,1,2,0,0,0,0,0,0,272,0,0,0.002
3,0.977,0.907,0,0.001,0.036,0,0,,0,,,,0,,,,,0,0,0,0,0,0,0,0,1,0,1,0,1,2,0,0,0,0,0,0,272,0,0,0.002
4,1.053,0.905,0,0.003,0.047,0,0,,0,,,,0,,,,,0,0,0,0,0,0,0,0,1,0,1,0,1,2,0,0,0,0,0,0,272,0,0.001,0.005
5,0.956,0.811,0,0.003,0.046,0,0,,0,,,,0,,,,,0,0,0,0,0,0,0,0,1,0,1,0,1,2,0,0,0,0,0,0,272,0,0.001,0.004
6,1.13,0.931,0,0.003,0.066,0,0,,0,,,,0,,,,,0,0,0,0,0,0,0,0,1,0,1,0,1,2,0,0,0,0,0,0,272,0,0.002,0.006
7,3.394,3.212,0,0.005,0.049,0,0,,0,,,,0,,,,,0,0,0,0,0,0,0,0,1,0,1,0,1,2,0,0,0,0,0,0,272,0,0.001,0.008
8,0.926,0.794,0.001,0.003,0.031,0,0,,0,,,,0,,,,,0,0,0,0,0,0,0,0,1,0,1,0,1,2,0,0,0,0,0,0,272,0.001,0.001,0.005
9,1.09,0.815,0.001,0.004,0.105,0,0,,0,,,,0,,,,,0,0,0,0,0,0,0,0,1,0,1,0,1,2,0,0,0,0,0,0,272,0,0.001,0.006
10,2.628,2.441,0.001,0.004,0.05,0,0,,0,,,,0,,,,,0,0,0,0,0,0,0,0,1,0,1,0,1,2,0,0,0,0,0,0,272,0,0.001,0.008
11,3.02,2.859,0,0.004,0.05,0,0,,0,,,,0,,,,,0,0,0,0,0,0,0,0,1,0,1,0,1,2,0,0,0,0,0,0,272,0,0.002,0.007
12,1.451,1.342,0,0.002,0.036,0,0,,0,,,,0,,,,,0,0,0,0,0,0,0,0,1,0,1,0,1,2,0,0,0,0,0,0,272,0.001,0.001,0.004
13,1.628,1.395,0.001,0.004,0.045,0,0,,0,,,,0,,,,,0,0,0,0,0,0,0,0,1,0,1,0,1,2,0,0,0,0,0,0,272,0,0.001,0.006
14,1.447,1.33,0,0.002,0.038,0,0,,0,,,,0,,,,,0,0,0,0,0,0,0,0,1,0,1,0,1,2,0,0,0,0,0,0,272,0,0,0.005
15,1.61,1.507,0,0.002,0.029,0,0,,0,,,,0,,,,,0,0,0,0,0,0,0,0,1,0,1,0,1,2,0,0,0,0,0,0,272,0,0.001,0.005
16,5.645,5.43,0.001,0.004,0.068,0,0,,0,,,,0,,,,,0,0,0,0,0,0,0,0,1,0,1,0,1,2,0,0,0,0,0,0,272,0.001,0.002,0.009
17,2.009,1.852,0,0.003,0.041,0,0,,0,,,,0,,,,,0,0,0,0,0,0,0,0,1,0,1,0,1,2,0,0,0,0,0,0,272,0.001,0.001,0.008
18,3.057,2.92,0,0.003,0.049,0,0,,0,,,,0,,,,,0,0,0,0,0,0,0,0,1,0,1,0,1,2,0,0,0,0,0,0,272,0,0.001,0.005
19,1.807,1.626,0.001,0.005,0.05,0,0,,0,,,,0,,,,,0,0,0,0,0,0,0,0,1,0,1,0,1,2,0,0,0,0,0,0,272,0,0.001,0.007
20,3.672,3.512,0.001,0.004,0.046,0,0,,0,,,,0,,,,,0,0,0,0,0,0,0,0,1,0,1,0,1,2,0,0,0,0,0,0,272,0,0.001,0.006
21,1.25,1.081,0,0.003,0.063,0,0,,0,,,,0,,,,,0,0,0,0,0,0,0,0,1,0,1,0,1,2,0,0,0,0,0,0,272,0.001,0.001,0.006
22,0.895,0.797,0,0.002,0.044,0,0,,0,,,,0,,,,,0,0,0,0,0,0,0,0,1,0,1,0,1,2,0,0,0,0,0,0,272,0,0.001,0.002
23,0.989,0.903,0,0.001,0.045,0,0,,0,,,,0,,,,,0,0,0,0,0,0,0,0,1,0,1,0,1,2,0,0,0,0,0,0,272,0,0,0.002
24,1.06,0.94,0,0.003,0.047,0,0,,0,,,,0,,,,,0,0,0,0,0,0,0,0,1,0,1,0,1,2,0,0,0,0,0,0,272,0,0,0.004
25,0.977,0.852,0,0.003,0.044,0,0,,0,,,,0,,,,,0,0,0,0,0,0,0,0,1,0,1,0,1,2,0,0,0,0,0,0,272,0,0.001,0.004
26,1.286,1.03,0,0.005,0.084,0,0,,0,,,,0,,,,,0,0,0,0,0,0,0,0,1,0,1,0,1,2,0,0,0,0,0,0,272,0.001,0.002,0.01
27,2.329,2.168,0,0.004,0.045,0,0,,0,,,,0,,,,,0,0,0,0,0,0,0,0,1,0,1,0,1,2,0,0,0,0,0,0,272,0.001,0.002,0.006
28,1.577,1.387,0,0.003,0.06,0,0,,0,,,,0,,,,,0,0,0,0,0,0,0,0,1,0,1,0,1,2,0,0,0,0,0,0,272,0.001,0.002,0.006
29,0.976,0.882,0,0.002,0.029,0,0,,0,,,,0,,,,,0,0,0,0,0,0,0,0,1,0,1,0,1,2,0,0,0,0,0,0,272,0,0,0.003
30,1.118,1.005,0,0.002,0.036,0,0,,1,31.25,229572608,286617600,1,62503872,62503872,135081984,38823561584,0,0,0,0,0,0,0,0,1,0,1,0,1,2,0,0,0,0,0,0,272,0,0,0.004
31,1.56,1.306,0.001,0.005,0.084,0,0,,0,,,,0,,,,,0,0,0,0,0,0,0,0,1,0,1,0,1,2,0,0,0,0,0,0,272,0,0.002,0.009
32,1.411,1.28,0.001,0.003,0.034,0,0,,0,,,,0,,,,,0,0,0,0,0,0,0,0,1,0,1,0,1,2,0,0,0,0,0,0,272,0,0.001,0.005
33,0.958,0.855,0,0.003,0.03,0,0,,0,,,,0,,,,,0,0,0,0,0,0,0,0,1,0,1,0,1,2,0,0,0,0,0,0,272,0,0.001,0.004
34,2.709,2.519,0,0.004,0.054,0,0,,0,,,,0,,,,,0,0,0,0,0,0,0,0,1,0,1,0,1,2,0,0,0,0,0,0,272,0,0.001,0.006
35,1.914,1.682,0,0.003,0.064,0,0,,0,,,,0,,,,,0,0,0,0,0,0,0,0,1,0,1,0,1,2,0,0,0,0,0,0,272,0,0.001,0.007
36,1.396,1.292,0,0.003,0.027,0,0,,0,,,,0,,,,,0,0,0,0,0,0,0,0,1,0,1,0,1,2,0,0,0,0,0,0,272,0,0.001,0.005
37,3.971,3.902,0,0.002,0.02,0,0,,0,,,,0,,,,,0,0,0,0,0,0,0,0,1,0,1,0,1,2,0,0,0,0,0,0,272,0,0.001,0.002
38,2.823,2.652,0.001,0.004,0.033,0,0,,0,,,,0,,,,,0,0,0,0,0,0,0,0,1,0,1,0,1,2,0,0,0,0,0,0,272,0.001,0.002,0.007
39,1.363,1.183,0.001,0.003,0.053,0,0,,0,,,,0,,,,,0,0,0,0,0,0,0,0,1,0,1,0,1,2,0,0,0,0,0,0,272,0.001,0.001,0.006
40,0.424,0.26,0,0.001,0.11,0,0,,0,,,,0,,,,,0,0,0,0,0,0,0,0,1,0,1,0,1,2,0,0,0,0,0,0,272,0,0,0.003
41,0.5,0.341,0,0.002,0.047,0,0,,0,,,,0,,,,,0,0,0,0,0,0,0,0,1,0,1,0,1,2,0,0,0,0,0,0,272,0.001,0.001,0.005
42,0.4,0.281,0,0.002,0.042,0,0,,0,,,,0,,,,,0,0,0,0,0,0,0,0,1,0,1,0,1,2,0,0,0,0,0,0,272,0,0,0.003
43,1.555,1.467,0,0.002,0.03,0,0,,0,,,,0,,,,,0,0,0,0,0,0,0,0,1,0,1,0,1,2,0,0,0,0,0,0,272,0,0.001,0.003
44,0.958,0.879,0.001,0.001,0.026,0,0,,0,,,,0,,,,,0,0,0,0,0,0,0,0,1,0,1,0,1,2,0,0,0,0,0,0,272,0.001,0,0.003
45,0.463,0.409,0,0.001,0.022,0,0,,0,,,,0,,,,,0,0,0,0,0,0,0,0,1,0,1,0,1,2,0,0,0,0,0,0,272,0,0,0.001
46,0.491,0.444,0,0.001,0.024,0,0,,0,,,,0,,,,,0,0,0,0,0,0,0,0,1,0,1,0,1,2,0,0,0,0,0,0,272,0,0,0.001
47,0.484,0.444,0,0,0.021,0,0,,0,,,,0,,,,,0,0,0,0,0,0,0,0,1,0,1,0,1,2,0,0,0,0,0,0,272,0,0,0.001
48,0.541,0.463,0,0.001,0.035,0,0,,0,,,,0,,,,,0,0,0,0,0,0,0,0,1,0,1,0,1,2,0,0,0,0,0,0,272,0,0.001,0.002
49,0.583,0.425,0,0.003,0.049,0,0,,0,,,,0,,,,,0,0,0,0,0,0,0,0,1,0,1,0,1,2,0,0,0,0,0,0,272,0,0.001,0.005
50,0.457,0.313,0,0.004,0.062,0,0,,0,,,,0,,,,,0,0,0,0,0,0,0,0,1,0,1,0,1,2,0,0,0,0,0,0,272,0,0,0.004
51,0.555,0.342,0,0.003,0.035,0,0,,0,,,,0,,,,,0,0,0,0,0,0,0,0,1,0,1,0,1,2,0,0,0,0,0,0,272,0,0.001,0.006
52,0.452,0.234,0,0.003,0.136,0,0,,0,,,,0,,,,,0,0,0,0,0,0,0,0,1,0,1,0,1,2,0,0,0,0,0,0,272,0,0.001,0.004
53,1.121,1.002,0,0.002,0.029,0,0,,0,,,,0,,,,,0,0,0,0,0,0,0,0,1,0,1,0,1,2,0,0,0,0,0,0,272,0,0.001,0.005
54,0.453,0.345,0,0.003,0.029,0,0,,0,,,,0,,,,,0,0,0,0,0,0,0,0,1,0,1,0,1,2,0,0,0,0,0,0,272,0,0.001,0.004
55,1.324,1.219,0.001,0.002,0.03,0,0,,0,,,,0,,,,,0,0,0,0,0,0,0,0,1,0,1,0,1,2,0,0,0,0,0,0,272,0,0.001,0.004
56,1.035,0.92,0.001,0.002,0.049,0,0,,0,,,,0,,,,,0,0,0,0,0,0,0,0,1,0,1,0,1,2,0,0,0,0,0,0,272,0,0.001,0.003
57,0.158,0.002,0,0.003,0.036,0,0,,0,,,,0,,,,,0,0,0,0,0,0,0,0,1,0,1,0,1,2,0,0,0,0,0,0,272,0,0.001,0.004
58,0.094,0.001,0,0.002,0.027,0,0,,0,,,,0,,,,,0,0,0,0,0,0,0,0,1,0,1,0,1,2,0,0,0,0,0,0,272,0,0,0.003
59,0.349,0.061,0,0.002,0.209,0,0,,0,,,,0,,,,,0,0,0,0,0,0,0,0,1,0,1,0,1,2,0,0,0,0,0,0,272,0,0.001,0.004
60,0.481,0.22,0,0.001,0.23,0,0,,1,62.5,229576704,286617600,1,62503872,62503872,135081984,38823561584,0,0,0,0,0,0,0,0,1,0,1,0,1,2,0,0,0,0,0,0,272,0,0,0.002
61,0.273,0.226,0,0.001,0.023,0,0,,0,,,,0,,,,,0,0,0,0,0,0,0,0,1,0,1,0,1,2,0,0,0,0,0,0,272,0,0,0.001
62,0.637,0.597,0,0,0.02,0,0,,0,,,,0,,,,,0,0,0,0,0,0,0,0,1,0,1,0,1,2,0,0,0,0,0,0,272,0,0,0.001
63,0.403,0.354,0,0.001,0.021,0,0,,0,,,,0,,,,,0,0,0,0,0,0,0,0,1,0,1,0,1,2,0,0,0,0,0,0,272,0,0,0.002
64,0.415,0.313,0,0.001,0.023,0,0,,0,,,,0,,,,,0,0,0,0,0,0,0,0,1,0,1,0,1,2,0,0,0,0,0,0,272,0,0,0.002
65,0.548,0.398,0.001,0.002,0.059,0,0,,0,,,,0,,,,,0,0,0,0,0,0,0,0,1,0,1,0,1,2,0,0,0,0,0,0,272,0.001,0.001,0.004
66,0.4,0.314,0,0.001,0.034,0,0,,0,,,,0,,,,,0,0,0,0,0,0,0,0,1,0,1,0,1,2,0,0,0,0,0,0,272,0,0,0.003
67,0.442,0.397,0,0.001,0.022,0,0,,0,,,,0,,,,,0,0,0,0,0,0,0,0,1,0,1,0,1,2,0,0,0,0,0,0,272,0,0,0.002
68,0.529,0.446,0,0.001,0.039,0,0,,0,,,,0,,,,,0,0,0,0,0,0,0,0,1,0,1,0,1,2,0,0,0,0,0,0,272,0,0,0.003
69,0.473,0.405,0,0.001,0.034,0,0,,0,,,,0,,,,,0,0,0,0,0,0,0,0,1,0,1,0,1,2,0,0,0,0,0,0,272,0,0,0.002
70,0.483,0.421,0,0.001,0.03,0,0,,0,,,,0,,,,,0,0,0,0,0,0,0,0,1,0,1,0,1,2,0,0,0,0,0,0,272,0,0,0.002
71,1.428,1.358,0,0.001,0.034,0,0,,0,,,,0,,,,,0,0,0,0,0,0,0,0,1,0,1,0,1,2,0,0,0,0,0,0,272,0,0,0.002
72,0.949,0.824,0,0.003,0.036,0,0,,0,,,,0,,,,,0,0,0,0,0,0,0,0,1,0,1,0,1,2,0,0,0,0,0,0,272,0,0,0.006
73,0.422,0.331,0,0.002,0.03,0,0,,0,,,,0,,,,,0,0,0,0,0,0,0,0,1,0,1,0,1,2,0,0,0,0,0,0,272,0,0.001,0.003
74,0.428,0.387,0.001,0,0.017,0,0,,0,,,,0,,,,,0,0,0,0,0,0,0,0,1,0,1,0,1,2,0,0,0,0,0,0,272,0,0,0.002
75,0.547,0.474,0,0.001,0.044,0,0,,0,,,,0,,,,,0,0,0,0,0,0,0,0,1,0,1,0,1,2,0,0,0,0,0,0,272,0,0.001,0.001
76,0.459,0.387,0,0.001,0.03,0,0,,0,,,,0,,,,,0,0,0,0,0,0,0,0,1,0,1,0,1,2,0,0,0,0,0,0,272,0,0.001,0.002
77,0.541,0.394,0,0.002,0.058,0,0,,0,,,,0,,,,,0,0,0,0,0,0,0,0,1,0,1,0,1,2,0,0,0,0,0,0,272,0,0.001,0.005
78,0.41,0.307,0,0.001,0.04,0,0,,0,,,,0,,,,,0,0,0,0,0,0,0,0,1,0,1,0,1,2,0,0,0,0,0,0,272,0,0,0.004
79,0.476,0.391,0,0.002,0.027,0,0,,0,,,,0,,,,,0,0,0,0,0,0,0,0,1,0,1,0,1,2,0,0,0,0,0,0,272,0,0.001,0.003
80,1.067,0.904,0,0.003,0.062,0,0,,0,,,,0,,,,,0,0,0,0,0,0,0,0,1,0,1,0,1,2,0,0,0,0,0,0,272,0,0.002,0.005
81,0.425,0.3,0.001,0.002,0.026,0,0,,0,,,,0,,,,,0,0,0,0,0,0,0,0,1,0,1,0,1,2,0,0,0,0,0,0,272,0,0.001,0.021
82,0.939,0.865,0,0.001,0.037,0,0,,0,,,,0,,,,,0,0,0,0,0,0,0,0,1,0,1,0,1,2,0,0,0,0,0,0,272,0,0.001,0.002
83,0.901,0.77,0,0.003,0.046,0,0,,0,,,,0,,,,,0,0,0,0,0,0,0,0,1,0,1,0,1,2,0,0,0,0,0,0,272,0,0,0.005
84,0.645,0.535,0,0.003,0.038,0,0,,0,,,,0,,,,,0,0,0,0,0,0,0,0,1,0,1,0,1,2,0,0,0,0,0,0,272,0,0.001,0.004
85,0.404,0.308,0,0.003,0.029,0,0,,0,,,,0,,,,,0,0,0,0,0,0,0,0,1,0,1,0,1,2,0,0,0,0,0,0,272,0.001,0.001,0.003
86,0.748,0.705,0,0,0.019,0,0,,0,,,,0,,,,,0,0,0,0,0,0,0,0,1,0,1,0,1,2,0,0,0,0,0,0,272,0,0,0.001
87,1.09,1.016,0,0.001,0.037,0,0,,0,,,,0,,,,,0,0,0,0,0,0,0,0,1,0,1,0,1,2,0,0,0,0,0,0,272,0,0.001,0.002
88,1.023,0.959,0,0.001,0.032,0,0,,0,,,,0,,,,,0,0,0,0,0,0,0,0,1,0,1,0,1,2,0,0,0,0,0,0,272,0,0,0.002
89,1.108,0.979,0,0.002,0.042,0,0,,0,,,,0,,,,,0,0,0,0,0,0,0,0,1,0,1,0,1,2,0,0,0,0,0,0,272,0,0.001,0.004
90,1.044,0.929,0,0.002,0.038,0,0,,1,62.5,229584896,286617600,1,62503872,62503872,135081984,38823561584,0,0,0,0,0,0,0,0,1,0,1,0,1,2,0,0,0,0,0,0,272,0,0,0.002
91,3.033,2.962,0,0.002,0.023,0,0,,0,,,,0,,,,,0,0,0,0,0,0,0,0,1,0,1,0,1,2,0,0,0,0,0,0,272,0,0.001,0.003
92,1.039,0.997,0,0.001,0.02,0,0,,0,,,,0,,,,,0,0,0,0,0,0,0,0,1,0,1,0,1,2,0,0,0,0,0,0,272,0,0,0.001
93,1.139,0.986,0,0.003,0.058,0,0,,0,,,,0,,,,,0,0,0,0,0,0,0,0,1,0,1,0,1,2,0,0,0,0,0,0,272,0.001,0.001,0.005
94,0.655,0.542,0,0.003,0.04,0,0,,0,,,,0,,,,,0,0,0,0,0,0,0,0,1,0,1,0,1,2,0,0,0,0,0,0,272,0,0.002,0.003
95,0.719,0.577,0,0.003,0.051,0,0,,0,,,,0,,,,,0,0,0,0,0,0,0,0,1,0,1,0,1,2,0,0,0,0,0,0,272,0.001,0.001,0.005
96,0.613,0.496,0,0.004,0.027,0,0,,0,,,,0,,,,,0,0,0,0,0,0,0,0,1,0,1,0,1,2,0,0,0,0,0,0,272,0,0,0.005
97,1.353,1.28,0,0.003,0.024,0,0,,0,,,,0,,,,,0,0,0,0,0,0,0,0,1,0,1,0,1,2,0,0,0,0,0,0,272,0,0,0.003
98,1.822,1.674,0.001,0.003,0.038,0,0,,0,,,,0,,,,,0,0,0,0,0,0,0,0,1,0,1,0,1,2,0,0,0,0,0,0,272,0,0.001,0.006
99,1.318,1.208,0.001,0.002,0.025,0,0,,0,,,,0,,,,,0,0,0,0,0,0,0,0,1,0,1,0,1,2,0,0,0,0,0,0,272,0,0.001,0.005
100,0.637,0.586,0,0.001,0.019,0,0,,0,,,,0,,,,,0,0,0,0,0,0,0,0,1,0,1,0,1,2,0,0,0,0,0,0,272,0,0.001,0.002
101,0.75,0.664,0.001,0.001,0.043,0,0,,0,,,,0,,,,,0,0,0,0,0,0,0,0,1,0,1,0,1,2,0,0,0,0,0,0,272,0,0,0.002
102,0.668,0.606,0,0.001,0.032,0,0,,0,,,,0,,,,,0,0,0,0,0,0,0,0,1,0,1,0,1,2,0,0,0,0,0,0,272,0,0.001,0.001
103,0.693,0.633,0.001,0,0.03,0,0,,0,,,,0,,,,,0,0,0,0,0,0,0,0,1,0,1,0,1,2,0,0,0,0,0,0,272,0,0,0.001
104,0.81,0.651,0.001,0.003,0.049,0,0,,0,,,,0,,,,,0,0,0,0,0,0,0,0,1,0,1,0,1,2,0,0,0,0,0,0,272,0.001,0.001,0.005
105,0.626,0.527,0,0.001,0.044,0,0,,0,,,,0,,,,,0,0,0,0,0,0,0,0,1,0,1,0,1,2,0,0,0,0,0,0,272,0.001,0,0.003
106,0.671,0.589,0,0.001,0.045,0,0,,0,,,,0,,,,,0,0,0,0,0,0,0,0,1,0,1,0,1,2,0,0,0,0,0,0,272,0.001,0,0.002
107,0.707,0.614,0,0.002,0.041,0,0,,0,,,,0,,,,,0,0,0,0,0,0,0,0,1,0,1,0,1,2,0,0,0,0,0,0,272,0,0,0.002
108,2.382,2.3,0.001,0.001,0.024,0,0,,0,,,,0,,,,,0,0,0,0,0,0,0,0,1,0,1,0,1,2,0,0,0,0,0,0,272,0.001,0,0.003
109,0.654,0.609,0,0.001,0.021,0,0,,0,,,,0,,,,,0,0,0,0,0,0,0,0,1,0,1,0,1,2,0,0,0,0,0,0,272,0,0,0.001
110,0.694,0.661,0,0,0.019,0,0,,0,,,,0,,,,,0,0,0,0,0,0,0,0,1,0,1,0,1,2,0,0,0,0,0,0,272,0,0,0.001
111,0.74,0.677,0,0.001,0.023,0,0,,0,,,,0,,,,,0,0,0,0,0,0,0,0,1,0,1,0,1,2,0,0,0,0,0,0,272,0,0,0.002
112,0.848,0.656,0,0.005,0.061,0,0,,0,,,,0,,,,,0,0,0,0,0,0,0,0,1,0,1,0,1,2,0,0,0,0,0,0,272,0.001,0.002,0.006
113,0.691,0.525,0,0.002,0.053,0,0,,0,,,,0,,,,,0,0,0,0,0,0,0,0,1,0,1,0,1,2,0,0,0,0,0,0,272,0,0.001,0.006
114,0.697,0.595,0,0.003,0.03,0,0,,0,,,,0,,,,,0,0,0,0,0,0,0,0,1,0,1,0,1,2,0,0,0,0,0,0,272,0,0.001,0.004
115,2.066,1.924,0.001,0.005,0.034,0,0,,0,,,,0,,,,,0,0,0,0,0,0,0,0,1,0,1,0,1,2,0,0,0,0,0,0,272,0,0.001,0.005
116,1.479,1.377,0,0.002,0.036,0,0,,0,,,,0,,,,,0,0,0,0,0,0,0,0,1,0,1,0,1,2,0,0,0,0,0,0,272,0,0,0.004
117,0.789,0.604,0.001,0.004,0.055,0,0,,0,,,,0,,,,,0,0,0,0,0,0,0,0,1,0,1,0,1,2,0,0,0,0,0,0,272,0.001,0.001,0.008
118,0.599,0.508,0.001,0.002,0.036,0,0,,0,,,,0,,,,,0,0,0,0,0,0,0,0,1,0,1,0,1,2,0,0,0,0,0,0,272,0,0,0.003
119,0.669,0.598,0,0.002,0.034,0,0,,0,,,,0,,,,,0,0,0,0,0,0,0,0,1,0,1,0,1,2,0,0,0,0,0,0,272,0,0.001,0.001
120,0.7,0.635,0,0.001,0.034,0,0,,1,78.125,229593088,286617600,1,62503872,62503872,135081984,38823561584,0,0,0,0,0,0,0,0,1,0,1,0,1,2,0,0,0,0,0,0,272,0,0,0.002
121,0.649,0.586,0,0.001,0.032,0,0,,0,,,,0,,,,,0,0,0,0,0,0,0,0,1,0,1,0,1,2,0,0,0,0,0,0,272,0.001,0,0.002
122,0.685,0.619,0,0.001,0.023,0,0,,0,,,,0,,,,,0,0,0,0,0,0,0,0,1,0,1,0,1,2,0,0,0,0,0,0,272,0,0.001,0.002
123,0.756,0.652,0,0.002,0.041,0,0,,0,,,,0,,,,,0,0,0,0,0,0,0,0,1,0,1,0,1,2,0,0,0,0,0,0,272,0,0,0.003
124,0.605,0.576,0,0,0.013,0,0,,0,,,,0,,,,,0,0,0,0,0,0,0,0,1,0,1,0,1,2,0,0,0,0,0,0,272,0,0,0.001
125,0.834,0.705,0,0.039,0.032,0,0,,0,,,,0,,,,,0,0,0,0,0,0,0,0,1,0,1,0,1,2,0,0,0,0,0,0,272,0.001,0,0.002
126,2.363,2.205,0,0.003,0.051,0,0,,0,,,,0,,,,,0,0,0,0,0,0,0,0,1,0,1,0,1,2,0,0,0,0,0,0,272,0,0.001,0.005
127,0.61,0.525,0,0.002,0.037,0,0,,0,,,,0,,,,,0,0,0,0,0,0,0,0,1,0,1,0,1,2,0,0,0,0,0,0,272,0,0.001,0.002
128,0.676,0.607,0,0.002,0.035,0,0,,0,,,,0,,,,,0,0,0,0,0,0,0,0,1,0,1,0,1,2,0,0,0,0,0,0,272,0,0.001,0.002
129,0.725,0.618,0,0.002,0.028,0,0,,0,,,,0,,,,,0,0,0,0,0,0,0,0,1,0,1,0,1,2,0,0,0,0,0,0,272,0,0.001,0.003
130,0.959,0.61,0,0.003,0.045,0,0,,0,,,,0,,,,,0,0,0,0,0,0,0,0,1,0,1,0,1,2,0,0,0,0,0,0,272,0,0.001,0.005
131,1.227,0.311,0.001,0.002,0.834,0,0,,0,,,,0,,,,,0,0,0,0,0,0,0,0,1,0,1,0,1,2,0,0,0,0,0,0,272,0,0.001,0.004
132,1.87,1.69,0.001,0.004,0.05,0,0,,0,,,,0,,,,,0,0,0,0,0,0,0,0,1,0,1,0,1,2,0,0,0,0,0,0,272,0,0.002,0.007
133,5.156,4.957,0,0.003,0.067,0,0,,0,,,,0,,,,,0,0,0,0,0,0,0,0,1,0,1,0,1,2,0,0,0,0,0,0,272,0,0.001,0.008
134,0.671,0.524,0,0.003,0.045,0,0,,0,,,,0,,,,,0,0,0,0,0,0,0,0,1,0,1,0,1,2,0,0,0,0,0,0,272,0.001,0.001,0.005
135,0.582,0.524,0.001,0.001,0.023,0,0,,0,,,,0,,,,,0,0,0,0,0,0,0,0,1,0,1,0,1,2,0,0,0,0,0,0,272,0,0,0.002
136,0.758,0.647,0,0.003,0.035,0,0,,0,,,,0,,,,,0,0,0,0,0,0,0,0,1,0,1,0,1,2,0,0,0,0,0,0,272,0.001,0.001,0.004
137,0.655,0.581,0,0.001,0.032,0,0,,0,,,,0,,,,,0,0,0,0,0,0,0,0,1,0,1,0,1,2,0,0,0,0,0,0,272,0,0.001,0.002
138,1.955,1.873,0,0.002,0.024,0,0,,0,,,,0,,,,,0,0,0,0,0,0,0,0,1,0,1,0,1,2,0,0,0,0,0,0,272,0,0,0.003
139,1.08,1.018,0,0.001,0.024,0,0,,0,,,,0,,,,,0,0,0,0,0,0,0,0,1,0,1,0,1,2,0,0,0,0,0,0,272,0,0,0.002
140,0.683,0.644,0,0,0.018,0,0,,0,,,,0,,,,,0,0,0,0,0,0,0,0,1,0,1,0,1,2,0,0,0,0,0,0,272,0,0,0.001
141,0.983,0.777,0.001,0.004,0.072,0,0,,0,,,,0,,,,,0,0,0,0,0,0,0,0,1,0,1,0,1,2,0,0,0,0,0,0,272,0.001,0.001,0.006
142,0.468,0.368,0,0.002,0.031,0,0,,0,,,,0,,,,,0,0,0,0,0,0,0,0,1,0,1,0,1,2,0,0,0,0,0,0,272,0,0.001,0.003
143,0.738,0.632,0,0.002,0.029,0,0,,0,,,,0,,,,,0,0,0,0,0,0,0,0,1,0,1,0,1,2,0,0,0,0,0,0,272,0.001,0.001,0.004
144,0.642,0.511,0,0.002,0.027,0,0,,0,,,,0,,,,,0,0,0,0,0,0,0,0,1,0,1,0,1,2,0,0,0,0,0,0,272,0,0,0.004
145,1,0.905,0,0.002,0.022,0,0,,0,,,,0,,,,,0,0,0,0,0,0,0,0,1,0,1,0,1,2,0,0,0,0,0,0,272,0,0.001,0.004
146,0.676,0.569,0,0.002,0.031,0,0,,0,,,,0,,,,,0,0,0,0,0,0,0,0,1,0,1,0,1,2,0,0,0,0,0,0,272,0.001,0.001,0.004
147,3.046,2.927,0,0.002,0.036,0,0,,0,,,,0,,,,,0,0,0,0,0,0,0,0,1,0,1,0,1,2,0,0,0,0,0,0,272,0,0.001,0.005
148,1.537,1.358,0.001,0.003,0.051,0,0,,0,,,,0,,,,,0,0,0,0,0,0,0,0,1,0,1,0,1,2,0,0,0,0,0,0,272,0,0.001,0.006
149,1.408,1.304,0,0.002,0.04,0,0,,0,,,,0,,,,,0,0,0,0,0,0,0,0,1,0,1,0,1,2,0,0,0,0,0,0,272,0,0,0.003
150,1.412,1.325,0,0.002,0.03,0,0,,1,78.125,229601280,286617600,1,62503872,62503872,135081984,38823561584,0,0,0,0,0,0,0,0,1,0,1,0,1,2,0,0,0,0,0,0,272,0.001,0.001,0.002
151,1.461,1.368,0,0.002,0.031,0,0,,0,,,,0,,,,,0,0,0,0,0,0,0,0,1,0,1,0,1,2,0,0,0,0,0,0,272,0,0.001,0.003
152,3.381,3.213,0,0.004,0.04,0,0,,0,,,,0,,,,,0,0,0,0,0,0,0,0,1,0,1,0,1,2,0,0,0,0,0,0,272,0,0.002,0.009
153,1.991,1.829,0,0.004,0.04,0,0,,0,,,,0,,,,,0,0,0,0,0,0,0,0,1,0,1,0,1,2,0,0,0,0,0,0,272,0,0.001,0.009
154,1.323,1.184,0,0.003,0.037,0,0,,0,,,,0,,,,,0,0,0,0,0,0,0,0,1,0,1,0,1,2,0,0,0,0,0,0,272,0,0.001,0.007
155,3.049,2.913,0,0.003,0.035,0,0,,0,,,,0,,,,,0,0,0,0,0,0,0,0,1,0,1,0,1,2,0,0,0,0,0,0,272,0,0.001,0.007
156,1.602,1.499,0.001,0.001,0.039,0,0,,0,,,,0,,,,,0,0,0,0,0,0,0,0,1,0,1,0,1,2,0,0,0,0,0,0,272,0.001,0,0.004
157,1.589,1.496,0,0.002,0.027,0,0,,0,,,,0,,,,,0,0,0,0,0,0,0,0,1,0,1,0,1,2,0,0,0,0,0,0,272,0,0,0.004
158,1.202,1.002,0,0.004,0.082,0,0,,0,,,,0,,,,,0,0,0,0,0,0,0,0,1,0,1,0,1,2,0,0,0,0,0,0,272,0,0.001,0.005
159,2.738,2.619,0,0.003,0.037,0,0,,0,,,,0,,,,,0,0,0,0,0,0,0,0,1,0,1,0,1,2,0,0,0,0,0,0,272,0,0,0.006
160,1.709,1.619,0,0.002,0.025,0,0,,0,,,,0,,,,,0,0,0,0,0,0,0,0,1,0,1,0,1,2,0,0,0,0,0,0,272,0,0,0.004
161,1.806,1.638,0,0.002,0.072,0,0,,0,,,,0,,,,,0,0,0,0,0,0,0,0,1,0,1,0,1,2,0,0,0,0,0,0,272,0.001,0.001,0.004
162,1.904,1.722,0.001,0.004,0.046,0,0,,0,,,,0,,,,,0,0,0,0,0,0,0,0,1,0,1,0,1,2,0,0,0,0,0,0,272,0,0.002,0.008
163,1.775,1.622,0,0.004,0.027,0,0,,0,,,,0,,,,,0,0,0,0,0,0,0,0,1,0,1,0,1,2,0,0,0,0,0,0,272,0.001,0.001,0.007
164,4.211,4.036,0.001,0.003,0.05,0,0,,0,,,,0,,,,,0,0,0,0,0,0,0,0,1,0,1,0,1,2,0,0,0,0,0,0,272,0.001,0.002,0.007
165,1.905,1.771,0,0.002,0.044,0,0,,0,,,,0,,,,,0,0,0,0,0,0,0,0,1,0,1,0,1,2,0,0,0,0,0,0,272,0.001,0.001,0.005
166,1.918,1.747,0.001,0.004,0.041,0,0,,0,,,,0,,,,,0,0,0,0,0,0,0,0,1,0,1,0,1,2,0,0,0,0,0,0,272,0.001,0.002,0.005
167,3.133,2.952,0,0.004,0.046,0,0,,0,,,,0,,,,,0,0,0,0,0,0,0,0,1,0,1,0,1,2,0,0,0,0,0,0,272,0,0.002,0.007
168,1.988,1.72,0,0.005,0.08,0,0,,0,,,,0,,,,,0,0,0,0,0,0,0,0,1,0,1,0,1,2,0,0,0,0,0,0,272,0,0.002,0.008
169,1.794,1.576,0,0.004,0.061,0,0,,0,,,,0,,,,,0,0,0,0,0,0,0,0,1,0,1,0,1,2,0,0,0,0,0,0,272,0.001,0.002,0.01
170,1.788,1.609,0.001,0.003,0.046,0,0,,0,,,,0,,,,,0,0,0,0,0,0,0,0,1,0,1,0,1,2,0,0,0,0,0,0,272,0,0.002,0.008
171,4.032,3.815,0.001,0.003,0.104,0,0,,0,,,,0,,,,,0,0,0,0,0,0,0,0,1,0,1,0,1,2,0,0,0,0,0,0,272,0.001,0.002,0.006
172,2.015,1.83,0,0.003,0.059,0,0,,0,,,,0,,,,,0,0,0,0,0,0,0,0,1,0,1,0,1,2,0,0,0,0,0,0,272,0.001,0.001,0.007
173,2.01,1.863,0.001,0.003,0.032,0,0,,0,,,,0,,,,,0,0,0,0,0,0,0,0,1,0,1,0,1,2,0,0,0,0,0,0,272,0.001,0.001,0.006
174,2.76,2.563,0.001,0.003,0.06,0,0,,0,,,,0,,,,,0,0,0,0,0,0,0,0,1,0,1,0,1,2,0,0,0,0,0,0,272,0.001,0.002,0.007
175,0.989,0.881,0,0.002,0.046,0,0,,0,,,,0,,,,,0,0,0,0,0,0,0,0,1,0,1,0,1,2,0,0,0,0,0,0,272,0,0.001,0.003
176,1.132,1.014,0.001,0.002,0.04,0,0,,0,,,,0,,,,,0,0,0,0,0,0,0,0,1,0,1,0,1,2,0,0,0,0,0,0,272,0.001,0.001,0.004
177,1.173,1.007,0,0.004,0.04,0,0,,0,,,,0,,,,,0,0,0,0,0,0,0,0,1,0,1,0,1,2,0,0,0,0,0,0,272,0,0.001,0.007
178,0.931,0.777,0,0.003,0.042,0,0,,0,,,,0,,,,,0,0,0,0,0,0,0,0,1,0,1,0,1,2,0,0,0,0,0,0,272,0,0.002,0.005
179,1.276,1.142,0,0.003,0.051,0,0,,0,,,,0,,,,,0,0,0,0,0,0,0,0,1,0,1,0,1,2,0,0,0,0,0,0,272,0,0.001,0.005
180,1.02,0.927,0,0.002,0.043,0,0,,1,109.375,229609472,286617600,1,62503872,62503872,135081984,38823561584,0,0,0,0,0,0,0,0,1,0,1,0,1,2,0,0,0,0,0,0,272,0.001,0,0.003
181,0.989,0.899,0,0.001,0.05,0,0,,0,,,,0,,,,,0,0,0,0,0,0,0,0,1,0,1,0,1,2,0,0,0,0,0,0,272,0,0,0.002
182,1.04,0.954,0,0.001,0.041,0,0,,0,,,,0,,,,,0,0,0,0,0,0,0,0,1,0,1,0,1,2,0,0,0,0,0,0,272,0,0.001,0.002
183,1.031,0.946,0,0.001,0.043,0,0,,0,,,,0,,,,,0,0,0,0,0,0,0,0,1,0,1,0,1,2,0,0,0,0,0,0,272,0,0,0.003
184,1.006,0.928,0,0.001,0.042,0,0,,0,,,,0,,,,,0,0,0,0,0,0,0,0,1,0,1,0,1,2,0,0,0,0,0,0,272,0,0.001,0.002
185,1.058,0.927,0,0.003,0.043,0,0,,0,,,,0,,,,,0,0,0,0,0,0,0,0,1,0,1,0,1,2,0,0,0,0,0,0,272,0,0.001,0.004
186,1.016,0.865,0.001,0.004,0.037,0,0,,0,,,,0,,,,,0,0,0,0,0,0,0,0,1,0,1,0,1,2,0,0,0,0,0,0,272,0.001,0.001,0.004
187,1.107,0.974,0,0.003,0.03,0,0,,0,,,,0,,,,,0,0,0,0,0,0,0,0,1,0,1,0,1,2,0,0,0,0,0,0,272,0,0.002,0.005
188,0.921,0.865,0,0.001,0.019,0,0,,0,,,,0,,,,,0,0,0,0,0,0,0,0,1,0,1,0,1,2,0,0,0,0,0,0,272,0.001,0,0.002
189,1.146,0.967,0.001,0.004,0.038,0,0,,0,,,,0,,,,,0,0,0,0,0,0,0,0,1,0,1,0,1,2,0,0,0,0,0,0,272,0,0.001,0.008
190,0.689,0.575,0,0.001,0.043,0,0,,0,,,,0,,,,,0,0,0,0,0,0,0,0,1,0,1,0,1,2,0,0,0,0,0,0,272,0,0.001,0.004
191,1.061,0.9,0.001,0.003,0.066,0,0,,0,,,,0,,,,,0,0,0,0,0,0,0,0,1,0,1,0,1,2,0,0,0,0,0,0,272,0,0,0.004
192,0.692,0.565,0,0.002,0.035,0,0,,0,,,,0,,,,,0,0,0,0,0,0,0,0,1,0,1,0,1,2,0,0,0,0,0,0,272,0.001,0.001,0.005
193,1.256,1.153,0,0.003,0.03,0,0,,0,,,,0,,,,,0,0,0,0,0,0,0,0,1,0,1,0,1,2,0,0,0,0,0,0,272,0,0,0.005
194,1.713,1.598,0,0.003,0.036,0,0,,0,,,,0,,,,,0,0,0,0,0,0,0,0,1,0,1,0,1,2,0,0,0,0,0,0,272,0,0,0.005
195,1.496,1.33,0,0.004,0.042,0,0,,0,,,,0,,,,,0,0,0,0,0,0,0,0,1,0,1,0,1,2,0,0,0,0,0,0,272,0.001,0.005,0.006
196,1.384,1.262,0,0.002,0.042,0,0,,0,,,,0,,,,,0,0,0,0,0,0,0,0,1,0,1,0,1,2,0,0,0,0,0,0,272,0,0,0.004
197,1.43,1.352,0,0.001,0.039,0,0,,0,,,,0,,,,,0,0,0,0,0,0,0,0,1,0,1,0,1,2,0,0,0,0,0,0,272,0,0,0.001
198,1.366,1.227,0,0.002,0.047,0,0,,0,,,,0,,,,,0,0,0,0,0,0,0,0,1,0,1,0,1,2,0,0,0,0,0,0,272,0.001,0.001,0.005
199,0.993,0.883,0,0.002,0.041,0,0,,0,,,,0,,,,,0,0,0,0,0,0,0,0,1,0,1,0,1,2,0,0,0,0,0,0,272,0,0,0.003
200,1.056,0.884,0,0.003,0.045,0,0,,0,,,,0,,,,,0,0,0,0,0,0,0,0,1,0,1,0,1,2,0,0,0,0,0,0,272,0,0.001,0.006
201,1.418,1.209,0.001,0.003,0.069,0,0,,0,,,,0,,,,,0,0,0,0,0,0,0,0,1,0,1,0,1,2,0,0,0,0,0,0,272,0.001,0.001,0.006
202,1.524,1.393,0.001,0.002,0.053,0,0,,0,,,,0,,,,,0,0,0,0,0,0,0,0,1,0,1,0,1,2,0,0,0,0,0,0,272,0,0,0.005
203,1.682,1.518,0,0.003,0.047,0,0,,0,,,,0,,,,,0,0,0,0,0,0,0,0,1,0,1,0,1,2,0,0,0,0,0,0,272,0,0.001,0.005
204,1.661,1.489,0,0.002,0.032,0,0,,0,,,,0,,,,,0,0,0,0,0,0,0,0,1,0,1,0,1,2,0,0,0,0,0,0,272,0.001,0.001,0.007
205,1.307,1.235,0.001,0.001,0.022,0,0,,0,,,,0,,,,,0,0,0,0,0,0,0,0,1,0,1,0,1,2,0,0,0,0,0,0,272,0,0.001,0.003
206,2.064,1.858,0,0.004,0.062,0,0,,0,,,,0,,,,,0,0,0,0,0,0,0,0,1,0,1,0,1,2,0,0,0,0,0,0,272,0.001,0.002,0.007
207,1.403,1.304,0,0.003,0.032,0,0,,0,,,,0,,,,,0,0,0,0,0,0,0,0,1,0,1,0,1,2,0,0,0,0,0,0,272,0.001,0,0.004
208,1.593,1.492,0,0.002,0.034,0,0,,0,,,,0,,,,,0,0,0,0,0,0,0,0,1,0,1,0,1,2,0,0,0,0,0,0,272,0,0,0.003
209,1.501,1.309,0,0.004,0.061,0,0,,0,,,,0,,,,,0,0,0,0,0,0,0,0,1,0,1,0,1,2,0,0,0,0,0,0,272,0.001,0.001,0.006
210,1.512,1.408,0,0.002,0.03,0,0,,1,109.375,229617664,286617600,1,62503872,62503872,135081984,38823561584,0,0,0,0,0,0,0,0,1,0,1,0,1,2,0,0,0,0,0,0,272,0,0,0.004
211,2.757,2.56,0,0.004,0.057,0,0,,0,,,,0,,,,,0,0,0,0,0,0,0,0,1,0,1,0,1,2,0,0,0,0,0,0,272,0,0.001,0.007
212,1.713,1.596,0,0.002,0.046,0,0,,0,,,,0,,,,,0,0,0,0,0,0,0,0,1,0,1,0,1,2,0,0,0,0,0,0,272,0,0,0.004
213,1.715,1.569,0,0.002,0.041,0,0,,0,,,,0,,,,,0,0,0,0,0,0,0,0,1,0,1,0,1,2,0,0,0,0,0,0,272,0,0.001,0.006
214,1.614,1.507,0,0.002,0.029,0,0,,0,,,,0,,,,,0,0,0,0,0,0,0,0,1,0,1,0,1,2,0,0,0,0,0,0,272,0,0.001,0.004
215,2.075,1.961,0,0.003,0.037,0,0,,0,,,,0,,,,,0,0,0,0,0,0,0,0,1,0,1,0,1,2,0,0,0,0,0,0,272,0,0,0.004
216,1.673,1.582,0,0.002,0.032,0,0,,0,,,,0,,,,,0,0,0,0,0,0,0,0,1,0,1,0,1,2,0,0,0,0,0,0,272,0,0,0.003
217,1.8,1.622,0,0.004,0.059,0,0,,0,,,,0,,,,,0,0,0,0,0,0,0,0,1,0,1,0,1,2,0,0,0,0,0,0,272,0,0.001,0.007
218,1.735,1.587,0.001,0.003,0.053,0,0,,0,,,,0,,,,,0,0,0,0,0,0,0,0,1,0,1,0,1,2,0,0,0,0,0,0,272,0,0,0.004
219,1.681,1.532,0,0.003,0.047,0,0,,0,,,,0,,,,,0,0,0,0,0,0,0,0,1,0,1,0,1,2,0,0,0,0,0,0,272,0,0.001,0.006
220,2.48,2.32,0,0.005,0.048,0,0,,0,,,,0,,,,,0,0,0,0,0,0,0,0,1,0,1,0,1,2,0,0,0,0,0,0,272,0,0.001,0.007
221,1.653,1.539,0.001,0.002,0.036,0,0,,0,,,,0,,,,,0,0,0,0,0,0,0,0,1,0,1,0,1,2,0,0,0,0,0,0,272,0,0.001,0.005
222,1.842,1.695,0,0.004,0.034,0,0,,0,,,,0,,,,,0,0,0,0,0,0,0,0,1,0,1,0,1,2,0,0,0,0,0,0,272,0,0.001,0.006
223,1.791,1.613,0,0.004,0.046,0,0,,0,,,,0,,,,,0,0,0,0,0,0,0,0,1,0,1,0,1,2,0,0,0,0,0,0,272,0.001,0.002,0.006
224,2.188,2.018,0,0.003,0.067,0,0,,0,,,,0,,,,,0,0,0,0,0,0,0,0,1,0,1,0,1,2,0,0,0,0,0,0,272,0,0.001,0.006
225,1.698,1.55,0,0.003,0.045,0,0,,0,,,,0,,,,,0,0,0,0,0,0,0,0,1,0,1,0,1,2,0,0,0,0,0,0,272,0,0.001,0.006
226,1.72,1.579,0,0.002,0.043,0,0,,0,,,,0,,,,,0,0,0,0,0,0,0,0,1,0,1,0,1,2,0,0,0,0,0,0,272,0,0.001,0.005
227,1.785,1.569,0,0.005,0.06,0,0,,0,,,,0,,,,,0,0,0,0,0,0,0,0,1,0,1,0,1,2,0,0,0,0,0,0,272,0,0.002,0.009
228,1.743,1.604,0,0.003,0.036,0,0,,0,,,,0,,,,,0,0,0,0,0,0,0,0,1,0,1,0,1,2,0,0,0,0,0,0,272,0,0.002,0.006
229,2.578,2.409,0.001,0.004,0.047,0,0,,0,,,,0,,,,,0,0,0,0,0,0,0,0,1,0,1,0,1,2,0,0,0,0,0,0,272,0.001,0.002,0.008
230,2.056,1.913,0.001,0.002,0.046,0,0,,0,,,,0,,,,,0,0,0,0,0,0,0,0,1,0,1,0,1,2,0,0,0,0,0,0,272,0,0.001,0.006
231,2.159,1.974,0,0.004,0.048,0,0,,0,,,,0,,,,,0,0,0,0,0,0,0,0,1,0,1,0,1,2,0,0,0,0,0,0,272,0.001,0.002,0.008
232,2.066,1.872,0,0.003,0.052,0,0,,0,,,,0,,,,,0,0,0,0,0,0,0,0,1,0,1,0,1,2,0,0,0,0,0,0,272,0,0.001,0.007
233,2.565,2.384,0.001,0.004,0.056,0,0,,0,,,,0,,,,,0,0,0,0,0,0,0,0,1,0,1,0,1,2,0,0,0,0,0,0,272,0,0.001,0.007
234,2.205,2.017,0,0.003,0.051,0,0,,0,,,,0,,,,,0,0,0,0,0,0,0,0,1,0,1,0,1,2,0,0,0,0,0,0,272,0,0.001,0.006
235,2.022,1.843,0,0.003,0.06,0,0,,0,,,,0,,,,,0,0,0,0,0,0,0,0,1,0,1,0,1,2,0,0,0,0,0,0,272,0,0.001,0.005
236,2.953,2.754,0,0.003,0.067,0,0,,0,,,,0,,,,,0,0,0,0,0,0,0,0,1,0,1,0,1,2,0,0,0,0,0,0,272,0,0.001,0.008
237,1.932,1.83,0,0.002,0.042,0,0,,0,,,,0,,,,,0,0,0,0,0,0,0,0,1,0,1,0,1,2,0,0,0,0,0,0,272,0,0,0.003
238,1.377,1.238,0,0.003,0.042,0,0,,0,,,,0,,,,,0,0,0,0,0,0,0,0,1,0,1,0,1,2,0,0,0,0,0,0,272,0,0.001,0.004
239,0.555,0.464,0,0.002,0.019,0,0,,0,,,,0,,,,,0,0,0,0,0,0,0,0,1,0,1,0,1,2,0,0,0,0,0,0,272,0,0,0.004
240,1.227,1.045,0,0.003,0.064,0,0,,1,125,229625856,286617600,1,62503872,62503872,135081984,38823561584,0,0,0,0,0,0,0,0,1,0,1,0,1,2,0,0,0,0,0,0,272,0,0.001,0.006
241,0.564,0.478,0.001,0.002,0.03,0,0,,0,,,,0,,,,,0,0,0,0,0,0,0,0,1,0,1,0,1,2,0,0,0,0,0,0,272,0,0,0.003
242,0.681,0.604,0,0.002,0.022,0,0,,0,,,,0,,,,,0,0,0,0,0,0,0,0,1,0,1,0,1,2,0,0,0,0,0,0,272,0,0.001,0.003
243,0.572,0.358,0.001,0.004,0.067,0,0,,0,,,,0,,,,,0,0,0,0,0,0,0,0,1,0,1,0,1,2,0,0,0,0,0,0,272,0,0.001,0.008
244,0.548,0.45,0,0.003,0.028,0,0,,0,,,,0,,,,,0,0,0,0,0,0,0,0,1,0,1,0,1,2,0,0,0,0,0,0,272,0.001,0,0.004
245,0.644,0.599,0,0.001,0.022,0,0,,0,,,,0,,,,,0,0,0,0,0,0,0,0,1,0,1,0,1,2,0,0,0,0,0,0,272,0,0,0.002
246,0.81,0.679,0.001,0.002,0.048,0,0,,0,,,,0,,,,,0,0,0,0,0,0,0,0,1,0,1,0,1,2,0,0,0,0,0,0,272,0,0.001,0.005
247,0.687,0.572,0,0.002,0.052,0,0,,0,,,,0,,,,,0,0,0,0,0,0,0,0,1,0,1,0,1,2,0,0,0,0,0,0,272,0,0.001,0.003
248,0.659,0.583,0.001,0.001,0.037,0,0,,0,,,,0,,,,,0,0,0,0,0,0,0,0,1,0,1,0,1,2,0,0,0,0,0,0,272,0,0,0.003
249,0.707,0.63,0,0.001,0.038,0,0,,0,,,,0,,,,,0,0,0,0,0,0,0,0,1,0,1,0,1,2,0,0,0,0,0,0,272,0,0,0.002
250,0.839,0.651,0.001,0.003,0.065,0,0,,0,,,,0,,,,,0,0,0,0,0,0,0,0,1,0,1,0,1,2,0,0,0,0,0,0,272,0.001,0.001,0.005
251,0.576,0.477,0.001,0.001,0.037,0,0,,0,,,,0,,,,,0,0,0,0,0,0,0,0,1,0,1,0,1,2,0,0,0,0,0,0,272,0,0,0.003
252,0.678,0.603,0,0.001,0.036,0,0,,0,,,,0,,,,,0,0,0,0,0,0,0,0,1,0,1,0,1,2,0,0,0,0,0,0,272,0,0.001,0.002
253,0.708,0.629,0,0.001,0.041,0,0,,0,,,,0,,,,,0,0,0,0,0,0,0,0,1,0,1,0,1,2,0,0,0,0,0,0,272,0,0.001,0.002
254,1.235,1.03,0.001,0.005,0.053,0,0,,0,,,,0,,,,,0,0,0,0,0,0,0,0,1,0,1,0,1,2,0,0,0,0,0,0,272,0,0.001,0.008
255,0.631,0.431,0.001,0.003,0.063,0,0,,0,,,,0,,,,,0,0,0,0,0,0,0,0,1,0,1,0,1,2,0,0,0,0,0,0,272,0,0,0.005
256,0.606,0.509,0,0.002,0.026,0,0,,0,,,,0,,,,,0,0,0,0,0,0,0,0,1,0,1,0,1,2,0,0,0,0,0,0,272,0,0,0.004
257,0.665,0.594,0,0.002,0.025,0,0,,0,,,,0,,,,,0,0,0,0,0,0,0,0,1,0,1,0,1,2,0,0,0,0,0,0,272,0,0,0.002
258,0.854,0.662,0,0.004,0.072,0,0,,0,,,,0,,,,,0,0,0,0,0,0,0,0,1,0,1,0,1,2,0,0,0,0,0,0,272,0.001,0.001,0.006
259,0.44,0.338,0,0.002,0.03,0,0,,0,,,,0,,,,,0,0,0,0,0,0,0,0,1,0,1,0,1,2,0,0,0,0,0,0,272,0,0.001,0.004
260,0.619,0.512,0,0.003,0.033,0,0,,0,,,,0,,,,,0,0,0,0,0,0,0,0,1,0,1,0,1,2,0,0,0,0,0,0,272,0.001,0.001,0.004
261,0.897,0.593,0.001,0.003,0.149,0,0,,0,,,,0,,,,,0,0,0,0,0,0,0,0,1,0,1,0,1,2,0,0,0,0,0,0,272,0,0.001,0.006
262,0.981,0.002,0,0.004,0.795,0,0,,0,,,,0,,,,,0,0,0,0,0,0,0,0,1,0,1,0,1,2,0,0,0,0,0,0,272,0,0.001,0.009
263,0.411,0.002,0.001,0.004,0.266,0,0,,0,,,,0,,,,,0,0,0,0,0,0,0,0,1,0,1,0,1,2,0,0,0,0,0,0,272,0,0.001,0.008
264,0.598,0.002,0,0.005,0.466,0,0,,0,,,,0,,,,,0,0,0,0,0,0,0,0,1,0,1,0,1,2,0,0,0,0,0,0,272,0,0.001,0.007
265,0.372,0.203,0,0.004,0.064,0,0,,0,,,,0,,,,,0,0,0,0,0,0,0,0,1,0,1,0,1,2,0,0,0,0,0,0,272,0,0.001,0.005
266,0.704,0.505,0,0.004,0.068,0,0,,0,,,,0,,,,,0,0,0,0,0,0,0,0,1,0,1,0,1,2,0,0,0,0,0,0,272,0,0.002,0.006
267,0.621,0.504,0,0.003,0.033,0,0,,0,,,,0,,,,,0,0,0,0,0,0,0,0,1,0,1,0,1,2,0,0,0,0,0,0,272,0,0.001,0.004
268,0.692,0.593,0.001,0.002,0.036,0,0,,0,,,,0,,,,,0,0,0,0,0,0,0,0,1,0,1,0,1,2,0,0,0,0,0,0,272,0,0,0.004
269,0.704,0.592,0.001,0.002,0.042,0,0,,0,,,,0,,,,,0,0,0,0,0,0,0,0,1,0,1,0,1,2,0,0,0,0,0,0,272,0,0.001,0.004
270,0.694,0.598,0.001,0.002,0.033,0,0,,1,125,229634048,286617600,1,62503872,62503872,135081984,38823561584,0,0,0,0,0,0,0,0,1,0,1,0,1,2,0,0,0,0,0,0,272,0,0.001,0.003
271,0.774,0.582,0,0.003,0.06,0,0,,0,,,,0,,,,,0,0,0,0,0,0,0,0,1,0,1,0,1,2,0,0,0,0,0,0,272,0.001,0.001,0.006
272,0.585,0.498,0,0.002,0.036,0,0,,0,,,,0,,,,,0,0,0,0,0,0,0,0,1,0,1,0,1,2,0,0,0,0,0,0,272,0,0.001,0.003
273,0.704,0.631,0.001,0.001,0.037,0,0,,0,,,,0,,,,,0,0,0,0,0,0,0,0,1,0,1,0,1,2,0,0,0,0,0,0,272,0,0.001,0.001
274,0.7,0.632,0,0.001,0.035,0,0,,0,,,,0,,,,,0,0,0,0,0,0,0,0,1,0,1,0,1,2,0,0,0,0,0,0,272,0,0,0.003
275,0.707,0.638,0,0.001,0.032,0,0,,0,,,,0,,,,,0,0,0,0,0,0,0,0,1,0,1,0,1,2,0,0,0,0,0,0,272,0.001,0,0.002
276,1.47,1.233,0.001,0.004,0.055,0,0,,0,,,,0,,,,,0,0,0,0,0,0,0,0,1,0,1,0,1,2,0,0,0,0,0,0,272,0.001,0.002,0.008
277,0.578,0.467,0,0.002,0.041,0,0,,0,,,,0,,,,,0,0,0,0,0,0,0,0,1,0,1,0,1,2,0,0,0,0,0,0,272,0,0.001,0.004
278,0.821,0.616,0,0.004,0.066,0,0,,0,,,,0,,,,,0,0,0,0,0,0,0,0,1,0,1,0,1,2,0,0,0,0,0,0,272,0,0.001,0.008
279,0.556,0.444,0,0.002,0.049,0,0,,0,,,,0,,,,,0,0,0,0,0,0,0,0,1,0,1,0,1,2,0,0,0,0,0,0,272,0,0.001,0.003
280,0.838,0.634,0.001,0.003,0.064,0,0,,0,,,,0,,,,,0,0,0,0,0,0,0,0,1,0,1,0,1,2,0,0,0,0,0,0,272,0,0.001,0.005
281,0.684,0.508,0,0.003,0.061,0,0,,0,,,,0,,,,,0,0,0,0,0,0,0,0,1,0,1,0,1,2,0,0,0,0,0,0,272,0.001,0.001,0.006
282,0.716,0.499,0,0.002,0.151,0,0,,0,,,,0,,,,,0,0,0,0,0,0,0,0,1,0,1,0,1,2,0,0,0,0,0,0,272,0,0.001,0.003
283,0.625,0.517,0,0.002,0.027,0,0,,0,,,,0,,,,,0,0,0,0,0,0,0,0,1,0,1,0,1,2,0,0,0,0,0,0,272,0,0.001,0.005
284,0.762,0.585,0,0.002,0.056,0,0,,0,,,,0,,,,,0,0,0,0,0,0,0,0,1,0,1,0,1,2,0,0,0,0,0,0,272,0.001,0.002,0.007
285,1.457,1.336,0.001,0.003,0.029,0,0,,0,,,,0,,,,,0,0,0,0,0,0,0,0,1,0,1,0,1,2,0,0,0,0,0,0,272,0,0.001,0.006
286,1.786,1.687,0,0.002,0.041,0,0,,0,,,,0,,,,,0,0,0,0,0,0,0,0,1,0,1,0,1,2,0,0,0,0,0,0,272,0,0.001,0.003
287,2.587,2.349,0,0.005,0.074,0,0,,0,,,,0,,,,,0,0,0,0,0,0,0,0,1,0,1,0,1,2,0,0,0,0,0,0,272,0.001,0.002,0.01
288,2.241,2.115,0,0.002,0.051,0,0,,0,,,,0,,,,,0,0,0,0,0,0,0,0,1,0,1,0,1,2,0,0,0,0,0,0,272,0,0.001,0.004
289,3.851,3.619,0.001,0.005,0.063,0,0,,0,,,,0,,,,,0,0,0,0,0,0,0,0,1,0,1,0,1,2,0,0,0,0,0,0,272,0.001,0.002,0.009
290,1.939,1.796,0,0.003,0.041,0,0,,0,,,,0,,,,,0,0,0,0,0,0,0,0,1,0,1,0,1,2,0,0,0,0,0,0,272,0.001,0.001,0.006
291,1.946,1.781,0.001,0.004,0.042,0,0,,0,,,,0,,,,,0,0,0,0,0,0,0,0,1,0,1,0,1,2,0,0,0,0,0,0,272,0.001,0.002,0.007
292,1.858,1.698,0.001,0.004,0.042,0,0,,0,,,,0,,,,,0,0,0,0,0,0,0,0,1,0,1,0,1,2,0,0,0,0,0,0,272,0,0.002,0.007
293,3.734,3.452,0,0.006,0.13,0,0,,0,,,,0,,,,,0,0,0,0,0,0,0,0,1,0,1,0,1,2,0,0,0,0,0,0,272,0.001,0.001,0.01
294,1.91,1.717,0,0.003,0.064,0,0,,0,,,,0,,,,,0,0,0,0,0,0,0,0,1,0,1,0,1,2,0,0,0,0,0,0,272,0.001,0.002,0.006
295,1.923,1.713,0,0.006,0.053,0,0,,0,,,,0,,,,,0,0,0,0,0,0,0,0,1,0,1,0,1,2,0,0,0,0,0,0,272,0,0.002,0.01
296,3.557,3.363,0.001,0.004,0.047,0,0,,0,,,,0,,,,,0,0,0,0,0,0,0,0,1,0,1,0,1,2,0,0,0,0,0,0,272,0,0.002,0.007
297,2,1.807,0.001,0.004,0.055,0,0,,0,,,,0,,,,,0,0,0,0,0,0,0,0,1,0,1,0,1,2,0,0,0,0,0,0,272,0,0.001,0.008
298,2.063,1.847,0,0.004,0.07,0,0,,0,,,,0,,,,,0,0,0,0,0,0,0,0,1,0,1,0,1,2,0,0,0,0,0,0,272,0,0.001,0.007
299,2.235,2.028,0,0.004,0.055,0,0,,0,,,,0,,,,,0,0,0,0,0,0,0,0,1,0,1,0,1,2,0,0,0,0,0,0,272,0.001,0.002,0.007
300,3.455,3.264,0,0.004,0.053,0,0,,1,140.625,229699584,286617600,1,62503872,62503872,135081984,38823561584,0,0,0,0,0,0,0,0,1,0,1,0,1,2,0,0,0,0,0,0,272,0,0.001,0.008
301,2.192,2.011,0.001,0.003,0.052,0,0,,0,,,,0,,,,,0,0,0,0,0,0,0,0,1,0,1,0,1,2,0,0,0,0,0,0,272,0,0.001,0.007
302,2.927,2.714,0,0.004,0.063,0,0,,0,,,,0,,,,,0,0,0,0,0,0,0,0,1,0,1,0,1,2,0,0,0,0,0,0,272,0,0.002,0.008
303,2.047,1.956,0,0.002,0.027,0,0,,0,,,,0,,,,,0,0,0,0,0,0,0,0,1,0,1,0,1,2,0,0,0,0,0,0,272,0,0,0.004
304,2.181,1.951,0.001,0.004,0.069,0,0,,0,,,,0,,,,,0,0,0,0,0,0,0,0,1,0,1,0,1,2,0,0,0,0,0,0,272,0.001,0.002,0.007
305,4.355,4.104,0.001,0.006,0.072,0,0,,0,,,,0,,,,,0,0,0,0,0,0,0,0,1,0,1,0,1,2,0,0,0,0,0,0,272,0,0.002,0.01
306,1.936,1.829,0,0.003,0.036,0,0,,0,,,,0,,,,,0,0,0,0,0,0,0,0,1,0,1,0,1,2,0,0,0,0,0,0,272,0.001,0,0.005
307,1.788,1.697,0,0.001,0.045,0,0,,0,,,,0,,,,,0,0,0,0,0,0,0,0,1,0,1,0,1,2,0,0,0,0,0,0,272,0,0,0.003
308,0.813,0.61,0,0.004,0.076,0,0,,0,,,,0,,,,,0,0,0,0,0,0,0,0,1,0,1,0,1,2,0,0,0,0,0,0,272,0,0.001,0.006
309,0.613,0.438,0.001,0.003,0.065,0,0,,0,,,,0,,,,,0,0,0,0,0,0,0,0,1,0,1,0,1,2,0,0,0,0,0,0,272,0,0.001,0.006
310,0.666,0.502,0,0.002,0.087,0,0,,0,,,,0,,,,,0,0,0,0,0,0,0,0,1,0,1,0,1,2,0,0,0,0,0,0,272,0,0,0.004
311,0.598,0.485,0,0.001,0.028,0,0,,0,,,,0,,,,,0,0,0,0,0,0,0,0,1,0,1,0,1,2,0,0,0,0,0,0,272,0,0.001,0.003
312,1.353,1.257,0,0.001,0.028,0,0,,0,,,,0,,,,,0,0,0,0,0,0,0,0,1,0,1,0,1,2,0,0,0,0,0,0,272,0,0.001,0.004
313,0.709,0.509,0.001,0.003,0.049,0,0,,0,,,,0,,,,,0,0,0,0,0,0,0,0,1,0,1,0,1,2,0,0,0,0,0,0,272,0,0.001,0.006
314,0.628,0.415,0,0.003,0.114,0,0,,0,,,,0,,,,,0,0,0,0,0,0,0,0,1,0,1,0,1,2,0,0,0,0,0,0,272,0,0.001,0.005
315,0.779,0.653,0,0.002,0.049,0,0,,0,,,,0,,,,,0,0,0,0,0,0,0,0,1,0,1,0,1,2,0,0,0,0,0,0,272,0.001,0.001,0.003
316,0.421,0.318,0.001,0.002,0.023,0,0,,0,,,,0,,,,,0,0,0,0,0,0,0,0,1,0,1,0,1,2,0,0,0,0,0,0,272,0,0.001,0.004
317,0.694,0.564,0,0.002,0.047,0,0,,0,,,,0,,,,,0,0,0,0,0,0,0,0,1,0,1,0,1,2,0,0,0,0,0,0,272,0.001,0.001,0.004
318,0.641,0.527,0,0.002,0.04,0,0,,0,,,,0,,,,,0,0,0,0,0,0,0,0,1,0,1,0,1,2,0,0,0,0,0,0,272,0,0,0.004
319,0.667,0.562,0.001,0.002,0.026,0,0,,0,,,,0,,,,,0,0,0,0,0,0,0,0,1,0,1,0,1,2,0,0,0,0,0,0,272,0,0.001,0.004
320,0.679,0.501,0,0.004,0.056,0,0,,0,,,,0,,,,,0,0,0,0,0,0,0,0,1,0,1,0,1,2,0,0,0,0,0,0,272,0,0.002,0.006
321,1.584,1.473,0,0.003,0.03,0,0,,0,,,,0,,,,,0,0,0,0,0,0,0,0,1,0,1,0,1,2,0,0,0,0,0,0,272,0,0,0.005
322,0.605,0.458,0,0.003,0.05,0,0,,0,,,,0,,,,,0,0,0,0,0,0,0,0,1,0,1,0,1,2,0,0,0,0,0,0,272,0,0,0.005
323,0.665,0.455,0,0.003,0.096,0,0,,0,,,,0,,,,,0,0,0,0,0,0,0,0,1,0,1,0,1,2,0,0,0,0,0,0,272,0,0,0.005
324,0.482,0.393,0,0.001,0.03,0,0,,0,,,,0,,,,,0,0,0,0,0,0,0,0,1,0,1,0,1,2,0,0,0,0,0,0,272,0,0.001,0.003
325,0.74,0.602,0,0.003,0.057,0,0,,0,,,,0,,,,,0,0,0,0,0,0,0,0,1,0,1,0,1,2,0,0,0,0,0,0,272,0,0.001,0.004
326,0.63,0.474,0,0.003,0.05,0,0,,0,,,,0,,,,,0,0,0,0,0,0,0,0,1,0,1,0,1,2,0,0,0,0,0,0,272,0,0.001,0.006
327,0.56,0.439,0,0.003,0.027,0,0,,0,,,,0,,,,,0,0,0,0,0,0,0,0,1,0,1,0,1,2,0,0,0,0,0,0,272,0,0.001,0.005
328,0.592,0.482,0.001,0.002,0.03,0,0,,0,,,,0,,,,,0,0,0,0,0,0,0,0,1,0,1,0,1,2,0,0,0,0,0,0,272,0,0,0.004
329,0.609,0.513,0.001,0.002,0.028,0,0,,0,,,,0,,,,,0,0,0,0,0,0,0,0,1,0,1,0,1,2,0,0,0,0,0,0,272,0,0,0.004
330,0.749,0.541,0,0.003,0.058,0,0,,1,187.5,229699584,286617600,1,62503872,62503872,135081984,38823561584,0,0,0,0,0,0,0,0,1,0,1,0,1,2,0,0,0,0,0,0,272,0,0.001,0.007
331,0.451,0.38,0,0.002,0.021,0,0,,0,,,,0,,,,,0,0,0,0,0,0,0,0,1,0,1,0,1,2,0,0,0,0,0,0,272,0,0.001,0.002
332,0.692,0.618,0,0.001,0.021,0,0,,0,,,,0,,,,,0,0,0,0,0,0,0,0,1,0,1,0,1,2,0,0,0,0,0,0,272,0,0.001,0.003
333,0.614,0.539,0,0.002,0.021,0,0,,0,,,,0,,,,,0,0,0,0,0,0,0,0,1,0,1,0,1,2,0,0,0,0,0,0,272,0,0,0.003
334,0.937,0.78,0,0.003,0.054,0,0,,0,,,,0,,,,,0,0,0,0,0,0,0,0,1,0,1,0,1,2,0,0,0,0,0,0,272,0,0.001,0.005
335,0.975,0.836,0,0.003,0.051,0,0,,0,,,,0,,,,,0,0,0,0,0,0,0,0,1,0,1,0,1,2,0,0,0,0,0,0,272,0,0,0.005
336,0.657,0.482,0,0.003,0.078,0,0,,0,,,,0,,,,,0,0,0,0,0,0,0,0,1,0,1,0,1,2,0,0,0,0,0,0,272,0,0.001,0.005
337,0.505,0.331,0,0.004,0.053,0,0,,0,,,,0,,,,,0,0,0,0,0,0,0,0,1,0,1,0,1,2,0,0,0,0,0,0,272,0,0.001,0.006
338,0.539,0.419,0.001,0.003,0.042,0,0,,0,,,,0,,,,,0,0,0,0,0,0,0,0,1,0,1,0,1,2,0,0,0,0,0,0,272,0,0.001,0.005
339,0.646,0.56,0,0.001,0.037,0,0,,0,,,,0,,,,,0,0,0,0,0,0,0,0,1,0,1,0,1,2,0,0,0,0,0,0,272,0,0,0.002
340,0.667,0.526,0.001,0.002,0.062,0,0,,0,,,,0,,,,,0,0,0,0,0,0,0,0,1,0,1,0,1,2,0,0,0,0,0,0,272,0,0.001,0.003
341,0.612,0.498,0,0.002,0.031,0,0,,0,,,,0,,,,,0,0,0,0,0,0,0,0,1,0,1,0,1,2,0,0,0,0,0,0,272,0.001,0.001,0.004
342,0.602,0.515,0,0.002,0.029,0,0,,0,,,,0,,,,,0,0,0,0,0,0,0,0,1,0,1,0,1,2,0,0,0,0,0,0,272,0.001,0.001,0.003
343,0.774,0.572,0.001,0.003,0.064,0,0,,0,,,,0,,,,,0,0,0,0,0,0,0,0,1,0,1,0,1,2,0,0,0,0,0,0,272,0,0.001,0.007
344,0.625,0.523,0,0.002,0.027,0,0,,0,,,,0,,,,,0,0,0,0,0,0,0,0,1,0,1,0,1,2,0,0,0,0,0,0,272,0,0,0.004
345,1.205,1.149,0,0.001,0.026,0,0,,0,,,,0,,,,,0,0,0,0,0,0,0,0,1,0,1,0,1,2,0,0,0,0,0,0,272,0,0.001,0.001
346,0.841,0.623,0,0.003,0.11,0,0,,0,,,,0,,,,,0,0,0,0,0,0,0,0,1,0,1,0,1,2,0,0,0,0,0,0,272,0,0.001,0.005
347,0.522,0.418,0,0.002,0.04,0,0,,0,,,,0,,,,,0,0,0,0,0,0,0,0,1,0,1,0,1,2,0,0,0,0,0,0,272,0,0.001,0.003
348,0.675,0.539,0,0.003,0.048,0,0,,0,,,,0,,,,,0,0,0,0,0,0,0,0,1,0,1,0,1,2,0,0,0,0,0,0,272,0,0.001,0.004
349,0.56,0.481,0,0.001,0.033,0,0,,0,,,,0,,,,,0,0,0,0,0,0,0,0,1,0,1,0,1,2,0,0,0,0,0,0,272,0,0,0.002
350,0.649,0.565,0,0.001,0.041,0,0,,0,,,,0,,,,,0,0,0,0,0,0,0,0,1,0,1,0,1,2,0,0,0,0,0,0,272,0,0,0.003
351,0.642,0.543,0,0.002,0.034,0,0,,0,,,,0,,,,,0,0,0,0,0,0,0,0,1,0,1,0,1,2,0,0,0,0,0,0,272,0,0.001,0.003
352,0.733,0.541,0.001,0.004,0.06,0,0,,0,,,,0,,,,,0,0,0,0,0,0,0,0,1,0,1,0,1,2,0,0,0,0,0,0,272,0,0.001,0.007
353,0.517,0.433,0,0.001,0.033,0,0,,0,,,,0,,,,,0,0,0,0,0,0,0,0,1,0,1,0,1,2,0,0,0,0,0,0,272,0.001,0,0.003
354,0.619,0.551,0,0.001,0.031,0,0,,0,,,,0,,,,,0,0,0,0,0,0,0,0,1,0,1,0,1,2,0,0,0,0,0,0,272,0,0,0.002
355,0.708,0.575,0,0.003,0.048,0,0,,0,,,,0,,,,,0,0,0,0,0,0,0,0,1,0,1,0,1,2,0,0,0,0,0,0,272,0,0,0.004
356,0.592,0.499,0,0.001,0.039,0,0,,0,,,,0,,,,,0,0,0,0,0,0,0,0,1,0,1,0,1,2,0,0,0,0,0,0,272,0,0.001,0.002
357,0.618,0.536,0,0.001,0.038,0,0,,0,,,,0,,,,,0,0,0,0,0,0,0,0,1,0,1,0,1,2,0,0,0,0,0,0,272,0,0,0.002
358,1.5,1.357,0.001,0.003,0.045,0,0,,0,,,,0,,,,,0,0,0,0,0,0,0,0,1,0,1,0,1,2,0,0,0,0,0,0,272,0,0.001,0.005
359,0.546,0.361,0.001,0.003,0.076,0,0,,0,,,,0,,,,,0,0,0,0,0,0,0,0,1,0,1,0,1,2,0,0,0,0,0,0,272,0,0.001,0.005
360,0.719,0.505,0,0.003,0.103,0,0,,1,187.5,229699584,286617600,1,62503872,62503872,135081984,38823561584,0,0,0,0,0,0,0,0,1,0,1,0,1,2,0,0,0,0,0,0,272,0,0.001,0.005
361,0.558,0.452,0,0.003,0.033,0,0,,0,,,,0,,,,,0,0,0,0,0,0,0,0,1,0,1,0,1,2,0,0,0,0,0,0,272,0,0.001,0.004
362,0.633,0.525,0,0.002,0.042,0,0,,0,,,,0,,,,,0,0,0,0,0,0,0,0,1,0,1,0,1,2,0,0,0,0,0,0,272,0,0.001,0.004
363,0.702,0.579,0.001,0.001,0.069,0,0,,0,,,,0,,,,,0,0,0,0,0,0,0,0,1,0,1,0,1,2,0,0,0,0,0,0,272,0,0,0.003
364,0.533,0.421,0.001,0.002,0.032,0,0,,0,,,,0,,,,,0,0,0,0,0,0,0,0,1,0,1,0,1,2,0,0,0,0,0,0,272,0,0,0.003
365,0.882,0.527,0.001,0.005,0.121,0,0,,0,,,,0,,,,,0,0,0,0,0,0,0,0,1,0,1,0,1,2,0,0,0,0,0,0,272,0,0.001,0.004
366,0.356,0.247,0,0.003,0.031,0,0,,0,,,,0,,,,,0,0,0,0,0,0,0,0,1,0,1,0,1,2,0,0,0,0,0,0,272,0,0.001,0.004
367,0.809,0.689,0,0.003,0.031,0,0,,0,,,,0,,,,,0,0,0,0,0,0,0,0,1,0,1,0,1,2,0,0,0,0,0,0,272,0,0.001,0.004
368,1.131,1.041,0,0.002,0.03,0,0,,0,,,,0,,,,,0,0,0,0,0,0,0,0,1,0,1,0,1,2,0,0,0,0,0,0,272,0,0,0.003
369,2.569,2.446,0.001,0.002,0.045,0,0,,0,,,,0,,,,,0,0,0,0,0,0,0,0,1,0,1,0,1,2,0,0,0,0,0,0,272,0,0,0.005
370,1.328,1.158,0,0.004,0.048,0,0,,0,,,,0,,,,,0,0,0,0,0,0,0,0,1,0,1,0,1,2,0,0,0,0,0,0,272,0.001,0.002,0.006
371,1.18,1.092,0,0.001,0.032,0,0,,0,,,,0,,,,,0,0,0,0,0,0,0,0,1,0,1,0,1,2,0,0,0,0,0,0,272,0,0,0.004
372,1.303,1.181,0,0.003,0.05,0,0,,0,,,,0,,,,,0,0,0,0,0,0,0,0,1,0,1,0,1,2,0,0,0,0,0,0,272,0,0.001,0.004
373,1.264,1.148,0,0.002,0.043,0,0,,0,,,,0,,,,,0,0,0,0,0,0,0,0,1,0,1,0,1,2,0,0,0,0,0,0,272,0,0,0.004
374,2.511,2.324,0,0.004,0.054,0,0,,0,,,,0,,,,,0,0,0,0,0,0,0,0,1,0,1,0,1,2,0,0,0,0,0,0,272,0,0.001,0.008
375,1.269,1.156,0,0.003,0.044,0,0,,0,,,,0,,,,,0,0,0,0,0,0,0,0,1,0,1,0,1,2,0,0,0,0,0,0,272,0,0.001,0.004
376,1.138,1.057,0,0.001,0.039,0,0,,0,,,,0,,,,,0,0,0,0,0,0,0,0,1,0,1,0,1,2,0,0,0,0,0,0,272,0,0,0.003
377,0.441,0.375,0,0.001,0.028,0,0,,0,,,,0,,,,,0,0,0,0,0,0,0,0,1,0,1,0,1,2,0,0,0,0,0,0,272,0,0.001,0.002
378,0.638,0.43,0.001,0.003,0.049,0,0,,0,,,,0,,,,,0,0,0,0,0,0,0,0,1,0,1,0,1,2,0,0,0,0,0,0,272,0,0.001,0.008
379,0.332,0.259,0,0.001,0.033,0,0,,0,,,,0,,,,,0,0,0,0,0,0,0,0,1,0,1,0,1,2,0,0,0,0,0,0,272,0,0,0.003
380,0.555,0.416,0,0.002,0.067,0,0,,0,,,,0,,,,,0,0,0,0,0,0,0,0,1,0,1,0,1,2,0,0,0,0,0,0,272,0,0.001,0.004
381,0.451,0.344,0.001,0.002,0.033,0,0,,0,,,,0,,,,,0,0,0,0,0,0,0,0,1,0,1,0,1,2,0,0,0,0,0,0,272,0,0,0.004
382,1.117,0.93,0.001,0.004,0.039,0,0,,0,,,,0,,,,,0,0,0,0,0,0,0,0,1,0,1,0,1,2,0,0,0,0,0,0,272,0.001,0.001,0.007
383,0.351,0.233,0,0.002,0.032,0,0,,0,,,,0,,,,,0,0,0,0,0,0,0,0,1,0,1,0,1,2,0,0,0,0,0,0,272,0,0,0.005
384,0.52,0.405,0,0.002,0.04,0,0,,0,,,,0,,,,,0,0,0,0,0,0,0,0,1,0,1,0,1,2,0,0,0,0,0,0,272,0,0.001,0.004
385,0.451,0.346,0.001,0.002,0.032,0,0,,0,,,,0,,,,,0,0,0,0,0,0,0,0,1,0,1,0,1,2,0,0,0,0,0,0,272,0,0,0.004
386,0.429,0.353,0,0.002,0.025,0,0,,0,,,,0,,,,,0,0,0,0,0,0,0,0,1,0,1,0,1,2,0,0,0,0,0,0,272,0.001,0.001,0.002
387,0.49,0.425,0,0.001,0.026,0,0,,0,,,,0,,,,,0,0,0,0,0,0,0,0,1,0,1,0,1,2,0,0,0,0,0,0,272,0,0.001,0.002
388,0.492,0.429,0.001,0,0.039,0,0,,0,,,,0,,,,,0,0,0,0,0,0,0,0,1,0,1,0,1,2,0,0,0,0,0,0,272,0,0,0.001
389,0.502,0.435,0.001,0,0.035,0,0,,0,,,,0,,,,,0,0,0,0,0,0,0,0,1,0,1,0,1,2,0,0,0,0,0,0,272,0.001,0,0.002
390,0.557,0.422,0,0.002,0.052,0,0,,1,203.125,229699584,286617600,1,62503872,62503872,135081984,38823561584,0,0,0,0,0,0,0,0,1,0,1,0,1,2,0,0,0,0,0,0,272,0,0,0.005
391,0.503,0.302,0,0.003,0.114,0,0,,0,,,,0,,,,,0,0,0,0,0,0,0,0,1,0,1,0,1,2,0,0,0,0,0,0,272,0,0.001,0.004
392,0.362,0.266,0,0.002,0.042,0,0,,0,,,,0,,,,,0,0,0,0,0,0,0,0,1,0,1,0,1,2,0,0,0,0,0,0,272,0.001,0,0.003
393,0.467,0.382,0,0.002,0.031,0,0,,0,,,,0,,,,,0,0,0,0,0,0,0,0,1,0,1,0,1,2,0,0,0,0,0,0,272,0.001,0,0.003
394,0.525,0.406,0.001,0.002,0.045,0,0,,0,,,,0,,,,,0,0,0,0,0,0,0,0,1,0,1,0,1,2,0,0,0,0,0,0,272,0,0.001,0.004
395,0.441,0.361,0,0.002,0.032,0,0,,0,,,,0,,,,,0,0,0,0,0,0,0,0,1,0,1,0,1,2,0,0,0,0,0,0,272,0.001,0,0.003
396,0.624,0.381,0,0.005,0.076,0,0,,0,,,,0,,,,,0,0,0,0,0,0,0,0,1,0,1,0,1,2,0,0,0,0,0,0,272,0.001,0.002,0.008
397,0.394,0.203,0,0.003,0.103,0,0,,0,,,,0,,,,,0,0,0,0,0,0,0,0,1,0,1,0,1,2,0,0,0,0,0,0,272,0.001,0.001,0.005
398,0.474,0.309,0,0.003,0.034,0,0,,0,,,,0,,,,,0,0,0,0,0,0,0,0,1,0,1,0,1,2,0,0,0,0,0,0,272,0.001,0.001,0.005
399,0.467,0.305,0.001,0.002,0.072,0,0,,0,,,,0,,,,,0,0,0,0,0,0,0,0,1,0,1,0,1,2,0,0,0,0,0,0,272,0.001,0.001,0.003
400,0.392,0.307,0,0.002,0.034,0,0,,0,,,,0,,,,,0,0,0,0,0,0,0,0,1,0,1,0,1,2,0,0,0,0,0,0,272,0.001,0,0.003
401,0.451,0.353,0,0.003,0.027,0,0,,0,,,,0,,,,,0,0,0,0,0,0,0,0,1,0,1,0,1,2,0,0,0,0,0,0,272,0,0.001,0.004
402,1.021,0.88,0,0.002,0.072,0,0,,0,,,,0,,,,,0,0,0,0,0,0,0,0,1,0,1,0,1,2,0,0,0,0,0,0,272,0,0.001,0.004
403,0.369,0.313,0.001,0,0.023,0,0,,0,,,,0,,,,,0,0,0,0,0,0,0,0,1,0,1,0,1,2,0,0,0,0,0,0,272,0,0,0.002
404,0.537,0.445,0,0.002,0.029,0,0,,0,,,,0,,,,,0,0,0,0,0,0,0,0,1,0,1,0,1,2,0,0,0,0,0,0,272,0,0.001,0.003
405,0.463,0.4,0,0.001,0.025,0,0,,0,,,,0,,,,,0,0,0,0,0,0,0,0,1,0,1,0,1,2,0,0,0,0,0,0,272,0,0,0.002
406,0.521,0.431,0.001,0.001,0.045,0,0,,0,,,,0,,,,,0,0,0,0,0,0,0,0,1,0,1,0,1,2,0,0,0,0,0,0,272,0,0.001,0.002
407,0.562,0.396,0,0.003,0.057,0,0,,0,,,,0,,,,,0,0,0,0,0,0,0,0,1,0,1,0,1,2,0,0,0,0,0,0,272,0,0.001,0.005
408,0.458,0.315,0.001,0.002,0.04,0,0,,0,,,,0,,,,,0,0,0,0,0,0,0,0,1,0,1,0,1,2,0,0,0,0,0,0,272,0,0.001,0.006
409,0.405,0.293,0,0.002,0.072,0,0,,0,,,,0,,,,,0,0,0,0,0,0,0,0,1,0,1,0,1,2,0,0,0,0,0,0,272,0,0,0.002
410,0.489,0.384,0,0.003,0.033,0,0,,0,,,,0,,,,,0,0,0,0,0,0,0,0,1,0,1,0,1,2,0,0,0,0,0,0,272,0,0.001,0.003
411,0.449,0.358,0,0.002,0.03,0,0,,0,,,,0,,,,,0,0,0,0,0,0,0,0,1,0,1,0,1,2,0,0,0,0,0,0,272,0,0,0.004
412,0.623,0.403,0,0.003,0.097,0,0,,0,,,,0,,,,,0,0,0,0,0,0,0,0,1,0,1,0,1,2,0,0,0,0,0,0,272,0,0.001,0.005
413,0.288,0.2,0,0.002,0.026,0,0,,0,,,,0,,,,,0,0,0,0,0,0,0,0,1,0,1,0,1,2,0,0,0,0,0,0,272,0,0.001,0.004
414,0.435,0.372,0.001,0.001,0.024,0,0,,0,,,,0,,,,,0,0,0,0,0,0,0,0,1,0,1,0,1,2,0,0,0,0,0,0,272,0,0,0.002
415,1.219,1.008,0.001,0.003,0.068,0,0,,0,,,,0,,,,,0,0,0,0,0,0,0,0,1,0,1,0,1,2,0,0,0,0,0,0,272,0,0,0.006
416,0.399,0.172,0,0.003,0.134,0,0,,0,,,,0,,,,,0,0,0,0,0,0,0,0,1,0,1,0,1,2,0,0,0,0,0,0,272,0.001,0.001,0.005
417,0.485,0.238,0,0.003,0.095,0,0,,0,,,,0,,,,,0,0,0,0,0,0,0,0,1,0,1,0,1,2,0,0,0,0,0,0,272,0,0.001,0.009
418,0.396,0.214,0.001,0.002,0.095,0,0,,0,,,,0,,,,,0,0,0,0,0,0,0,0,1,0,1,0,1,2,0,0,0,0,0,0,272,0,0.001,0.005
419,0.467,0.29,0,0.004,0.076,0,0,,0,,,,0,,,,,0,0,0,0,0,0,0,0,1,0,1,0,1,2,0,0,0,0,0,0,272,0,0.001,0.005
420,0.422,0.275,0.001,0.003,0.046,0,0,,1,218.75,229699584,286617600,1,62503872,62503872,135081984,38823561584,0,0,0,0,0,0,0,0,1,0,1,0,1,2,0,0,0,0,0,0,272,0,0.001,0.005
421,0.383,0.269,0,0.003,0.034,0,0,,0,,,,0,,,,,0,0,0,0,0,0,0,0,1,0,1,0,1,2,0,0,0,0,0,0,272,0,0.001,0.004
422,0.429,0.372,0.001,0.001,0.023,0,0,,0,,,,0,,,,,0,0,0,0,0,0,0,0,1,0,1,0,1,2,0,0,0,0,0,0,272,0,0,0.002
423,0.481,0.434,0,0.001,0.023,0,0,,0,,,,0,,,,,0,0,0,0,0,0,0,0,1,0,1,0,1,2,0,0,0,0,0,0,272,0,0,0.001
424,0.493,0.457,0,0.001,0.019,0,0,,0,,,,0,,,,,0,0,0,0,0,0,0,0,1,0,1,0,1,2,0,0,0,0,0,0,272,0,0,0.001
425,0.523,0.462,0,0.001,0.03,0,0,,0,,,,0,,,,,0,0,0,0,0,0,0,0,1,0,1,0,1,2,0,0,0,0,0,0,272,0,0,0.002
426,0.673,0.44,0.001,0.004,0.085,0,0,,0,,,,0,,,,,0,0,0,0,0,0,0,0,1,0,1,0,1,2,0,0,0,0,0,0,272,0,0.002,0.007
427,0.41,0.207,0,0.003,0.11,0,0,,0,,,,0,,,,,0,0,0,0,0,0,0,0,1,0,1,0,1,2,0,0,0,0,0,0,272,0,0.001,0.004
428,0.327,0.265,0,0.001,0.025,0,0,,0,,,,0,,,,,0,0,0,0,0,0,0,0,1,0,1,0,1,2,0,0,0,0,0,0,272,0,0,0.002
429,0.484,0.438,0,0.001,0.023,0,0,,0,,,,0,,,,,0,0,0,0,0,0,0,0,1,0,1,0,1,2,0,0,0,0,0,0,272,0,0,0.001
430,0.499,0.442,0,0.001,0.03,0,0,,0,,,,0,,,,,0,0,0,0,0,0,0,0,1,0,1,0,1,2,0,0,0,0,0,0,272,0,0,0.002
431,0.5,0.437,0,0,0.031,0,0,,0,,,,0,,,,,0,0,0,0,0,0,0,0,1,0,1,0,1,2,0,0,0,0,0,0,272,0,0.001,0.002
432,0.49,0.426,0,0.001,0.03,0,0,,0,,,,0,,,,,0,0,0,0,0,0,0,0,1,0,1,0,1,2,0,0,0,0,0,0,272,0,0,0.002
433,0.979,0.906,0,0.001,0.037,0,0,,0,,,,0,,,,,0,0,0,0,0,0,0,0,1,0,1,0,1,2,0,0,0,0,0,0,272,0,0,0.003
434,0.522,0.453,0,0.001,0.033,0,0,,0,,,,0,,,,,0,0,0,0,0,0,0,0,1,0,1,0,1,2,0,0,0,0,0,0,272,0,0.001,0.002
435,0.51,0.434,0.001,0.001,0.035,0,0,,0,,,,0,,,,,0,0,0,0,0,0,0,0,1,0,1,0,1,2,0,0,0,0,0,0,272,0,0,0.003
436,0.477,0.405,0,0.001,0.035,0,0,,0,,,,0,,,,,0,0,0,0,0,0,0,0,1,0,1,0,1,2,0,0,0,0,0,0,272,0,0,0.003
437,0.484,0.415,0,0.001,0.034,0,0,,0,,,,0,,,,,0,0,0,0,0,0,0,0,1,0,1,0,1,2,0,0,0,0,0,0,272,0,0,0.002
438,0.488,0.42,0,0.001,0.033,0,0,,0,,,,0,,,,,0,0,0,0,0,0,0,0,1,0,1,0,1,2,0,0,0,0,0,0,272,0,0,0.002
439,0.491,0.425,0.001,0.001,0.033,0,0,,0,,,,0,,,,,0,0,0,0,0,0,0,0,1,0,1,0,1,2,0,0,0,0,0,0,272,0,0,0.002
440,0.583,0.474,0,0.003,0.037,0,0,,0,,,,0,,,,,0,0,0,0,0,0,0,0,1,0,1,0,1,2,0,0,0,0,0,0,272,0,0,0.004
441,1.041,0.875,0,0.002,0.103,0,0,,0,,,,0,,,,,0,0,0,0,0,0,0,0,1,0,1,0,1,2,0,0,0,0,0,0,272,0,0,0.005
442,1.05,0.826,0.001,0.004,0.042,0,0,,0,,,,0,,,,,0,0,0,0,0,0,0,0,1,0,1,0,1,2,0,0,0,0,0,0,272,0,0.002,0.008
443,1.047,0.922,0.001,0.004,0.028,0,0,,0,,,,0,,,,,0,0,0,0,0,0,0,0,1,0,1,0,1,2,0,0,0,0,0,0,272,0,0,0.007
444,1.669,1.542,0,0.003,0.044,0,0,,0,,,,0,,,,,0,0,0,0,0,0,0,0,1,0,1,0,1,2,0,0,0,0,0,0,272,0,0.001,0.004
445,1.119,1.015,0.001,0.002,0.039,0,0,,0,,,,0,,,,,0,0,0,0,0,0,0,0,1,0,1,0,1,2,0,0,0,0,0,0,272,0.001,0,0.003
446,1.311,1.235,0,0.001,0.038,0,0,,0,,,,0,,,,,0,0,0,0,0,0,0,0,1,0,1,0,1,2,0,0,0,0,0,0,272,0,0,0.002
447,1.19,1.035,0,0.003,0.051,0,0,,0,,,,0,,,,,0,0,0,0,0,0,0,0,1,0,1,0,1,2,0,0,0,0,0,0,272,0.001,0.001,0.005
448,1.114,0.912,0,0.004,0.064,0,0,,0,,,,0,,,,,0,0,0,0,0,0,0,0,1,0,1,0,1,2,0,0,0,0,0,0,272,0,0.001,0.007
449,0.94,0.841,0.001,0.002,0.04,0,0,,0,,,,0,,,,,0,0,0,0,0,0,0,0,1,0,1,0,1,2,0,0,0,0,0,0,272,0.001,0,0.004
450,1.109,0.975,0.001,0.002,0.046,0,0,,1,218.75,229699584,286617600,1,62503872,62503872,135081984,38823561584,0,0,0,0,0,0,0,0,1,0,1,0,1,2,0,0,0,0,0,0,272,0,0.001,0.004
451,1.965,1.767,0,0.004,0.061,0,0,,0,,,,0,,,,,0,0,0,0,0,0,0,0,1,0,1,0,1,2,0,0,0,0,0,0,272,0,0.001,0.007
452,0.928,0.771,0,0.004,0.052,0,0,,0,,,,0,,,,,0,0,0,0,0,0,0,0,1,0,1,0,1,2,0,0,0,0,0,0,272,0,0.001,0.005
453,1.049,0.9,0.001,0.003,0.047,0,0,,0,,,,0,,,,,0,0,0,0,0,0,0,0,1,0,1,0,1,2,0,0,0,0,0,0,272,0.001,0.001,0.005
454,1.087,0.909,0,0.005,0.035,0,0,,0,,,,0,,,,,0,0,0,0,0,0,0,0,1,0,1,0,1,2,0,0,0,0,0,0,272,0.001,0.001,0.006
455,0.522,0.416,0,0.002,0.038,0,0,,0,,,,0,,,,,0,0,0,0,0,0,0,0,1,0,1,0,1,2,0,0,0,0,0,0,272,0,0.001,0.004
456,0.457,0.385,0,0.001,0.022,0,0,,0,,,,0,,,,,0,0,0,0,0,0,0,0,1,0,1,0,1,2,0,0,0,0,0,0,272,0,0.001,0.002
457,0.501,0.431,0,0.002,0.022,0,0,,0,,,,0,,,,,0,0,0,0,0,0,0,0,1,0,1,0,1,2,0,0,0,0,0,0,272,0.001,0,0.002
458,0.474,0.426,0,0,0.016,0,0,,0,,,,0,,,,,0,0,0,0,0,0,0,0,1,0,1,0,1,2,0,0,0,0,0,0,272,0,0.001,0.001
459,1.796,1.674,0,0.003,0.036,0,0,,0,,,,0,,,,,0,0,0,0,0,0,0,0,1,0,1,0,1,2,0,0,0,0,0,0,272,0,0.001,0.005
460,1.118,1.022,0,0.002,0.04,0,0,,0,,,,0,,,,,0,0,0,0,0,0,0,0,1,0,1,0,1,2,0,0,0,0,0,0,272,0.001,0,0.003
461,2.351,2.172,0,0.004,0.049,0,0,,0,,,,0,,,,,0,0,0,0,0,0,0,0,1,0,1,0,1,2,0,0,0,0,0,0,272,0,0.001,0.007
462,1.046,0.952,0,0.001,0.04,0,0,,0,,,,0,,,,,0,0,0,0,0,0,0,0,1,0,1,0,1,2,0,0,0,0,0,0,272,0,0,0.002
463,1.084,0.992,0.001,0.001,0.046,0,0,,0,,,,0,,,,,0,0,0,0,0,0,0,0,1,0,1,0,1,2,0,0,0,0,0,0,272,0,0,0.002
464,1.243,1.09,0,0.003,0.042,0,0,,0,,,,0,,,,,0,0,0,0,0,0,0,0,1,0,1,0,1,2,0,0,0,0,0,0,272,0,0.001,0.005
465,1.122,0.952,0,0.004,0.048,0,0,,0,,,,0,,,,,0,0,0,0,0,0,0,0,1,0,1,0,1,2,0,0,0,0,0,0,272,0.001,0.001,0.005
466,0.715,0.511,0,0.003,0.101,0,0,,0,,,,0,,,,,0,0,0,0,0,0,0,0,1,0,1,0,1,2,0,0,0,0,0,0,272,0,0.001,0.005
467,2.155,2.04,0.001,0.002,0.042,0,0,,0,,,,0,,,,,0,0,0,0,0,0,0,0,1,0,1,0,1,2,0,0,0,0,0,0,272,0.001,0.001,0.003
468,0.728,0.64,0,0.001,0.039,0,0,,0,,,,0,,,,,0,0,0,0,0,0,0,0,1,0,1,0,1,2,0,0,0,0,0,0,272,0.001,0,0.002
469,0.692,0.605,0,0.001,0.052,0,0,,0,,,,0,,,,,0,0,0,0,0,0,0,0,1,0,1,0,1,2,0,0,0,0,0,0,272,0,0,0.002
470,0.715,0.608,0,0.002,0.038,0,0,,0,,,,0,,,,,0,0,0,0,0,0,0,0,1,0,1,0,1,2,0,0,0,0,0,0,272,0,0,0.004
471,0.687,0.591,0,0.002,0.034,0,0,,0,,,,0,,,,,0,0,0,0,0,0,0,0,1,0,1,0,1,2,0,0,0,0,0,0,272,0,0,0.004
472,0.745,0.603,0.001,0.003,0.036,0,0,,0,,,,0,,,,,0,0,0,0,0,0,0,0,1,0,1,0,1,2,0,0,0,0,0,0,272,0.001,0.001,0.006
473,0.664,0.504,0,0.003,0.048,0,0,,0,,,,0,,,,,0,0,0,0,0,0,0,0,1,0,1,0,1,2,0,0,0,0,0,0,272,0,0.001,0.006
474,2.235,2.117,0,0.003,0.04,0,0,,0,,,,0,,,,,0,0,0,0,0,0,0,0,1,0,1,0,1,2,0,0,0,0,0,0,272,0,0.001,0.004
475,0.817,0.621,0,0.003,0.081,0,0,,0,,,,0,,,,,0,0,0,0,0,0,0,0,1,0,1,0,1,2,0,0,0,0,0,0,272,0,0.001,0.006
476,0.735,0.516,0.001,0.002,0.063,0,0,,0,,,,0,,,,,0,0,0,0,0,0,0,0,1,0,1,0,1,2,0,0,0,0,0,0,272,0,0.001,0.004
477,0.998,0.731,0.001,0.004,0.095,0,0,,0,,,,0,,,,,0,0,0,0,0,0,0,0,1,0,1,0,1,2,0,0,0,0,0,0,272,0,0.002,0.008
478,0.592,0.43,0.001,0.003,0.052,0,0,,0,,,,0,,,,,0,0,0,0,0,0,0,0,1,0,1,0,1,2,0,0,0,0,0,0,272,0.001,0.001,0.005
479,0.556,0.44,0,0.002,0.053,0,0,,0,,,,0,,,,,0,0,0,0,0,0,0,0,1,0,1,0,1,2,0,0,0,0,0,0,272,0,0.001,0.003
480,0.706,0.614,0,0.003,0.034,0,0,,1,218.75,229699584,286617600,1,62503872,62503872,135081984,38823561584,0,0,0,0,0,0,0,0,1,0,1,0,1,2,0,0,0,0,0,0,272,0,0,0.004
481,0.649,0.561,0,0.002,0.022,0,0,,0,,,,0,,,,,0,0,0,0,0,0,0,0,1,0,1,0,1,2,0,0,0,0,0,0,272,0,0.001,0.003
482,0.793,0.638,0,0.003,0.051,0,0,,0,,,,0,,,,,0,0,0,0,0,0,0,0,1,0,1,0,1,2,0,0,0,0,0,0,272,0,0,0.005
483,0.601,0.521,0,0.001,0.032,0,0,,0,,,,0,,,,,0,0,0,0,0,0,0,0,1,0,1,0,1,2,0,0,0,0,0,0,272,0,0,0.002
484,0.728,0.642,0,0.002,0.026,0,0,,0,,,,0,,,,,0,0,0,0,0,0,0,0,1,0,1,0,1,2,0,0,0,0,0,0,272,0,0.001,0.003
485,0.801,0.612,0,0.004,0.059,0,0,,0,,,,0,,,,,0,0,0,0,0,0,0,0,1,0,1,0,1,2,0,0,0,0,0,0,272,0,0.001,0.006
486,2.136,2.059,0,0.004,0.022,0,0,,0,,,,0,,,,,0,0,0,0,0,0,0,0,1,0,1,0,1,2,0,0,0,0,0,0,272,0,0,0.001
487,0.788,0.626,0,0.003,0.071,0,0,,0,,,,0,,,,,0,0,0,0,0,0,0,0,1,0,1,0,1,2,0,0,0,0,0,0,272,0,0.001,0.005
488,0.731,0.547,0.001,0.003,0.029,0,0,,0,,,,0,,,,,0,0,0,0,0,0,0,0,1,0,1,0,1,2,0,0,0,0,0,0,272,0,0.001,0.006
489,0.593,0.483,0,0.003,0.039,0,0,,0,,,,0,,,,,0,0,0,0,0,0,0,0,1,0,1,0,1,2,0,0,0,0,0,0,272,0,0.001,0.004
490,0.693,0.565,0,0.003,0.041,0,0,,0,,,,0,,,,,0,0,0,0,0,0,0,0,1,0,1,0,1,2,0,0,0,0,0,0,272,0,0.001,0.004
491,0.567,0.492,0,0.002,0.021,0,0,,0,,,,0,,,,,0,0,0,0,0,0,0,0,1,0,1,0,1,2,0,0,0,0,0,0,272,0,0.001,0.003
492,1.414,1.313,0,0.001,0.034,0,0,,0,,,,0,,,,,0,0,0,0,0,0,0,0,1,0,1,0,1,2,0,0,0,0,0,0,272,0,0.001,0.003
493,1.684,1.516,0.001,0.003,0.054,0,0,,0,,,,0,,,,,0,0,0,0,0,0,0,0,1,0,1,0,1,2,0,0,0,0,0,0,272,0,0.001,0.005
494,0.664,0.576,0,0.002,0.03,0,0,,0,,,,0,,,,,0,0,0,0,0,0,0,0,1,0,1,0,1,2,0,0,0,0,0,0,272,0,0.001,0.003
495,0.704,0.455,0,0.003,0.117,0,0,,0,,,,0,,,,,0,0,0,0,0,0,0,0,1,0,1,0,1,2,0,0,0,0,0,0,272,0.001,0.001,0.004
496,0.496,0.447,0,0.001,0.028,0,0,,0,,,,0,,,,,0,0,0,0,0,0,0,0,1,0,1,0,1,2,0,0,0,0,0,0,272,0,0.001,0.002
497,0.813,0.654,0,0.003,0.049,0,0,,0,,,,0,,,,,0,0,0,0,0,0,0,0,1,0,1,0,1,2,0,0,0,0,0,0,272,0,0.001,0.005
498,0.587,0.512,0,0.002,0.025,0,0,,0,,,,0,,,,,0,0,0,0,0,0,0,0,1,0,1,0,1,2,0,0,0,0,0,0,272,0,0,0.002
499,0.812,0.644,0,0.003,0.048,0,0,,0,,,,0,,,,,0,0,0,0,0,0,0,0,1,0,1,0,1,2,0,0,0,0,0,0,272,0.001,0.001,0.005
500,1.449,1.292,0,0.003,0.053,0,0,,0,,,,0,,,,,0,0,0,0,0,0,0,0,1,0,1,0,1,2,0,0,0,0,0,0,272,0,0.001,0.005
501,1.472,1.37,0,0.001,0.045,0,0,,0,,,,0,,,,,0,0,0,0,0,0,0,0,1,0,1,0,1,2,0,0,0,0,0,0,272,0,0.001,0.002
502,4.871,4.696,0.001,0.005,0.07,0,0,,0,,,,0,,,,,0,0,0,0,0,0,0,0,1,0,1,0,1,2,0,0,0,0,0,0,272,0,0.001,0.006
503,0.715,0.504,0,0.003,0.063,0,0,,0,,,,0,,,,,0,0,0,0,0,0,0,0,1,0,1,0,1,2,0,0,0,0,0,0,272,0.001,0.001,0.005
504,0.776,0.623,0.001,0.003,0.042,0,0,,0,,,,0,,,,,0,0,0,0,0,0,0,0,1,0,1,0,1,2,0,0,0,0,0,0,272,0,0.001,0.005
505,1.298,1.146,0,0.002,0.052,0,0,,0,,,,0,,,,,0,0,0,0,0,0,0,0,1,0,1,0,1,2,0,0,0,0,0,0,272,0.001,0.001,0.004
506,0.888,0.788,0,0.002,0.024,0,0,,0,,,,0,,,,,0,0,0,0,0,0,0,0,1,0,1,0,1,2,0,0,0,0,0,0,272,0,0.001,0.004
507,1.734,1.572,0,0.003,0.056,0,0,,0,,,,0,,,,,0,0,0,0,0,0,0,0,1,0,1,0,1,2,0,0,0,0,0,0,272,0,0.001,0.006
508,0.769,0.59,0,0.004,0.043,0,0,,0,,,,0,,,,,0,0,0,0,0,0,0,0,1,0,1,0,1,2,0,0,0,0,0,0,272,0,0.001,0.007
509,0.689,0.444,0,0.003,0.155,0,0,,0,,,,0,,,,,0,0,0,0,0,0,0,0,1,0,1,0,1,2,0,0,0,0,0,0,272,0,0.001,0.004
510,0.644,0.501,0,0.032,0.036,0,0,,1,234.375,229699584,286617600,1,62503872,62503872,135081984,38823561584,0,0,0,0,0,0,0,0,1,0,1,0,1,2,0,0,0,0,0,0,272,0,0.001,0.003
511,0.625,0.512,0,0.002,0.034,0,0,,0,,,,0,,,,,0,0,0,0,0,0,0,0,1,0,1,0,1,2,0,0,0,0,0,0,272,0,0.001,0.004
512,0.7,0.574,0.001,0.002,0.053,0,0,,0,,,,0,,,,,0,0,0,0,0,0,0,0,1,0,1,0,1,2,0,0,0,0,0,0,272,0,0.001,0.004
513,1.017,0.919,0,0.003,0.031,0,0,,0,,,,0,,,,,0,0,0,0,0,0,0,0,1,0,1,0,1,2,0,0,0,0,0,0,272,0,0.001,0.003
514,0.725,0.61,0,0.002,0.033,0,0,,0,,,,0,,,,,0,0,0,0,0,0,0,0,1,0,1,0,1,2,0,0,0,0,0,0,272,0.001,0.001,0.004
515,0.617,0.524,0,0.002,0.03,0,0,,0,,,,0,,,,,0,0,0,0,0,0,0,0,1,0,1,0,1,2,0,0,0,0,0,0,272,0,0,0.004
516,1.707,1.543,0,0.003,0.053,0,0,,0,,,,0,,,,,0,0,0,0,0,0,0,0,1,0,1,0,1,2,0,0,0,0,0,0,272,0,0.001,0.006
517,0.715,0.552,0,0.004,0.031,0,0,,0,,,,0,,,,,0,0,0,0,0,0,0,0,1,0,1,0,1,2,0,0,0,0,0,0,272,0.001,0.001,0.007
518,0.65,0.533,0,0.002,0.041,0,0,,0,,,,0,,,,,0,0,0,0,0,0,0,0,1,0,1,0,1,2,0,0,0,0,0,0,272,0.001,0.001,0.004
519,0.614,0.565,0,0.001,0.021,0,0,,0,,,,0,,,,,0,0,0,0,0,0,0,0,1,0,1,0,1,2,0,0,0,0,0,0,272,0,0,0.002
520,0.839,0.67,0,0.002,0.097,0,0,,0,,,,0,,,,,0,0,0,0,0,0,0,0,1,0,1,0,1,2,0,0,0,0,0,0,272,0,0.001,0.003
521,0.75,0.522,0.001,0.003,0.095,0,0,,0,,,,0,,,,,0,0,0,0,0,0,0,0,1,0,1,0,1,2,0,0,0,0,0,0,272,0.001,0.001,0.007
522,0.537,0.427,0,0.003,0.029,0,0,,0,,,,0,,,,,0,0,0,0,0,0,0,0,1,0,1,0,1,2,0,0,0,0,0,0,272,0,0.001,0.004
523,0.602,0.538,0,0.002,0.018,0,0,,0,,,,0,,,,,0,0,0,0,0,0,0,0,1,0,1,0,1,2,0,0,0,0,0,0,272,0,0.001,0.002
524,1.941,1.843,0.001,0.001,0.028,0,0,,0,,,,0,,,,,0,0,0,0,0,0,0,0,1,0,1,0,1,2,0,0,0,0,0,0,272,0,0.001,0.004
525,3.223,3.056,0,0.004,0.05,0,0,,0,,,,0,,,,,0,0,0,0,0,0,0,0,1,0,1,0,1,2,0,0,0,0,0,0,272,0.001,0.001,0.006
526,1.696,1.517,0.001,0.004,0.049,0,0,,0,,,,0,,,,,0,0,0,0,0,0,0,0,1,0,1,0,1,2,0,0,0,0,0,0,272,0,0.001,0.007
527,1.611,1.504,0,0.001,0.044,0,0,,0,,,,0,,,,,0,0,0,0,0,0,0,0,1,0,1,0,1,2,0,0,0,0,0,0,272,0,0,0.004
528,1.805,1.699,0,0.003,0.032,0,0,,0,,,,0,,,,,0,0,0,0,0,0,0,0,1,0,1,0,1,2,0,0,0,0,0,0,272,0,0.001,0.004
529,5.47,5.293,0,0.004,0.047,0,0,,0,,,,0,,,,,0,0,0,0,0,0,0,0,1,0,1,0,1,2,0,0,0,0,0,0,272,0.001,0.002,0.008
530,1.789,1.635,0.001,0.003,0.038,0,0,,0,,,,0,,,,,0,0,0,0,0,0,0,0,1,0,1,0,1,2,0,0,0,0,0,0,272,0,0.001,0.008
531,4.848,4.697,0,0.004,0.038,0,0,,0,,,,0,,,,,0,0,0,0,0,0,0,0,1,0,1,0,1,2,0,0,0,0,0,0,272,0,0.001,0.007
532,1.556,1.367,0,0.005,0.047,0,0,,0,,,,0,,,,,0,0,0,0,0,0,0,0,1,0,1,0,1,2,0,0,0,0,0,0,272,0,0.001,0.009
533,1.544,1.418,0,0.003,0.047,0,0,,0,,,,0,,,,,0,0,0,0,0,0,0,0,1,0,1,0,1,2,0,0,0,0,0,0,272,0,0.001,0.004
534,2.832,2.701,0,0.003,0.038,0,0,,0,,,,0,,,,,0,0,0,0,0,0,0,0,1,0,1,0,1,2,0,0,0,0,0,0,272,0.001,0.001,0.005
535,1.756,1.676,0.001,0.002,0.031,0,0,,0,,,,0,,,,,0,0,0,0,0,0,0,0,1,0,1,0,1,2,0,0,0,0,0,0,272,0,0.001,0.003
536,1.91,1.663,0,0.003,0.057,0,0,,0,,,,0,,,,,0,0,0,0,0,0,0,0,1,0,1,0,1,2,0,0,0,0,0,0,272,0.001,0.002,0.01
537,1.544,1.395,0,0.003,0.039,0,0,,0,,,,0,,,,,0,0,0,0,0,0,0,0,1,0,1,0,1,2,0,0,0,0,0,0,272,0,0.001,0.007
538,1.691,1.489,0,0.004,0.038,0,0,,0,,,,0,,,,,0,0,0,0,0,0,0,0,1,0,1,0,1,2,0,0,0,0,0,0,272,0,0.001,0.008
539,4.914,4.657,0.001,0.006,0.064,0,0,,0,,,,0,,,,,0,0,0,0,0,0,0,0,1,0,1,0,1,2,0,0,0,0,0,0,272,0.001,0.002,0.012
540,1.645,1.426,0.001,0.003,0.053,0,0,,1,250,229765120,286617600,1,62503872,62503872,135081984,38823561584,0,0,0,0,0,0,0,0,1,0,1,0,1,2,0,0,0,0,0,0,272,0,0.002,0.006
541,1.659,1.514,0,0.004,0.046,0,0,,0,,,,0,,,,,0,0,0,0,0,0,0,0,1,0,1,0,1,2,0,0,0,0,0,0,272,0.001,0.002,0.006
542,6.039,5.81,0,0.005,0.058,0,0,,0,,,,0,,,,,0,0,0,0,0,0,0,0,1,0,1,0,1,2,0,0,0,0,0,0,272,0.001,0.002,0.01
543,5.533,5.301,0.001,0.005,0.063,0,0,,0,,,,0,,,,,0,0,0,0,0,0,0,0,1,0,1,0,1,2,0,0,0,0,0,0,272,0,0.002,0.009
544,1.694,1.489,0.001,0.003,0.067,0,0,,0,,,,0,,,,,0,0,0,0,0,0,0,0,1,0,1,0,1,2,0,0,0,0,0,0,272,0,0.001,0.007
545,1.738,1.601,0,0.004,0.037,0,0,,0,,,,0,,,,,0,0,0,0,0,0,0,0,1,0,1,0,1,2,0,0,0,0,0,0,272,0,0.001,0.006
546,1.854,1.712,0.001,0.003,0.029,0,0,,0,,,,0,,,,,0,0,0,0,0,0,0,0,1,0,1,0,1,2,0,0,0,0,0,0,272,0,0,0.033
547,3.683,3.414,0.001,0.004,0.087,0,0,,0,,,,0,,,,,0,0,0,0,0,0,0,0,1,0,1,0,1,2,0,0,0,0,0,0,272,0,0.001,0.035
548,1.692,1.548,0.001,0.003,0.04,0,0,,0,,,,0,,,,,0,0,0,0,0,0,0,0,1,0,1,0,1,2,0,0,0,0,0,0,272,0.001,0.001,0.006
549,1.785,1.657,0,0.003,0.037,0,0,,0,,,,0,,,,,0,0,0,0,0,0,0,0,1,0,1,0,1,2,0,0,0,0,0,0,272,0,0.001,0.006
550,4.423,4.282,0,0.004,0.037,0,0,,0,,,,0,,,,,0,0,0,0,0,0,0,0,1,0,1,0,1,2,0,0,0,0,0,0,272,0.001,0.002,0.007
551,1.681,1.596,0,0.003,0.023,0,0,,0,,,,0,,,,,0,0,0,0,0,0,0,0,1,0,1,0,1,2,0,0,0,0,0,0,272,0,0,0.004
552,1.812,1.74,0,0.001,0.031,0,0,,0,,,,0,,,,,0,0,0,0,0,0,0,0,1,0,1,0,1,2,0,0,0,0,0,0,272,0,0.001,0.002
553,1.41,1.169,0,0.006,0.078,0,0,,0,,,,0,,,,,0,0,0,0,0,0,0,0,1,0,1,0,1,2,0,0,0,0,0,0,272,0,0.002,0.011
554,4.151,3.861,0.001,0.006,0.077,0,0,,0,,,,0,,,,,0,0,0,0,0,0,0,0,1,0,1,0,1,2,0,0,0,0,0,0,272,0,0.001,0.008
555,0.801,0.673,0,0.003,0.036,0,0,,0,,,,0,,,,,0,0,0,0,0,0,0,0,1,0,1,0,1,2,0,0,0,0,0,0,272,0,0,0.004
556,1.099,0.94,0,0.003,0.062,0,0,,0,,,,0,,,,,0,0,0,0,0,0,0,0,1,0,1,0,1,2,0,0,0,0,0,0,272,0.001,0.001,0.005
557,1.198,1.076,0,0.002,0.043,0,0,,0,,,,0,,,,,0,0,0,0,0,0,0,0,1,0,1,0,1,2,0,0,0,0,0,0,272,0,0,0.005
558,2.829,2.653,0.001,0.003,0.063,0,0,,0,,,,0,,,,,0,0,0,0,0,0,0,0,1,0,1,0,1,2,0,0,0,0,0,0,272,0,0.001,0.006
559,1.168,1.058,0,0.002,0.04,0,0,,0,,,,0,,,,,0,0,0,0,0,0,0,0,1,0,1,0,1,2,0,0,0,0,0,0,272,0.001,0.001,0.004
560,1.494,1.382,0,0.002,0.048,0,0,,0,,,,0,,,,,0,0,0,0,0,0,0,0,1,0,1,0,1,2,0,0,0,0,0,0,272,0,0,0.004
561,0.959,0.845,0,0.002,0.043,0,0,,0,,,,0,,,,,0,0,0,0,0,0,0,0,1,0,1,0,1,2,0,0,0,0,0,0,272,0,0,0.004
562,0.996,0.87,0,0.002,0.053,0,0,,0,,,,0,,,,,0,0,0,0,0,0,0,0,1,0,1,0,1,2,0,0,0,0,0,0,272,0,0,0.004
563,0.894,0.748,0,0.002,0.064,0,0,,0,,,,0,,,,,0,0,0,0,0,0,0,0,1,0,1,0,1,2,0,0,0,0,0,0,272,0,0,0.004
564,1.23,1.065,0.001,0.002,0.067,0,0,,0,,,,0,,,,,0,0,0,0,0,0,0,0,1,0,1,0,1,2,0,0,0,0,0,0,272,0,0.001,0.006
565,3.469,3.229,0.001,0.005,0.102,0,0,,0,,,,0,,,,,0,0,0,0,0,0,0,0,1,0,1,0,1,2,0,0,0,0,0,0,272,0.001,0.001,0.008
566,0.89,0.769,0,0.002,0.049,0,0,,0,,,,0,,,,,0,0,0,0,0,0,0,0,1,0,1,0,1,2,0,0,0,0,0,0,272,0,0.001,0.003
567,1.564,1.374,0.001,0.005,0.049,0,0,,0,,,,0,,,,,0,0,0,0,0,0,0,0,1,0,1,0,1,2,0,0,0,0,0,0,272,0,0.002,0.008
568,0.484,0.407,0,0.002,0.023,0,0,,0,,,,0,,,,,0,0,0,0,0,0,0,0,1,0,1,0,1,2,0,0,0,0,0,0,272,0,0,0.003
569,3.37,3.254,0.001,0.002,0.046,0,0,,0,,,,0,,,,,0,0,0,0,0,0,0,0,1,0,1,0,1,2,0,0,0,0,0,0,272,0.001,0,0.004
570,0.933,0.828,0,0.002,0.043,0,0,,1,250,229765120,286617600,1,62503872,62503872,135081984,38823561584,0,0,0,0,0,0,0,0,1,0,1,0,1,2,0,0,0,0,0,0,272,0,0.001,0.003
571,0.622,0.508,0,0.002,0.057,0,0,,0,,,,0,,,,,0,0,0,0,0,0,0,0,1,0,1,0,1,2,0,0,0,0,0,0,272,0.001,0,0.003
572,0.851,0.788,0,0.001,0.026,0,0,,0,,,,0,,,,,0,0,0,0,0,0,0,0,1,0,1,0,1,2,0,0,0,0,0,0,272,0,0,0.002
573,1.01,0.908,0,0.002,0.039,0,0,,0,,,,0,,,,,0,0,0,0,0,0,0,0,1,0,1,0,1,2,0,0,0,0,0,0,272,0,0.001,0.004
574,1.022,0.861,0,0.003,0.059,0,0,,0,,,,0,,,,,0,0,0,0,0,0,0,0,1,0,1,0,1,2,0,0,0,0,0,0,272,0,0.001,0.005
575,0.369,0.241,0.001,0.003,0.048,0,0,,0,,,,0,,,,,0,0,0,0,0,0,0,0,1,0,1,0,1,2,0,0,0,0,0,0,272,0.001,0.001,0.004
576,0.706,0.548,0,0.003,0.044,0,0,,0,,,,0,,,,,0,0,0,0,0,0,0,0,1,0,1,0,1,2,0,0,0,0,0,0,272,0,0.001,0.005
577,1.049,0.873,0.001,0.002,0.089,0,0,,0,,,,0,,,,,0,0,0,0,0,0,0,0,1,0,1,0,1,2,0,0,0,0,0,0,272,0.001,0.001,0.004
578,0.62,0.147,0,0.002,0.394,0,0,,0,,,,0,,,,,0,0,0,0,0,0,0,0,1,0,1,0,1,2,0,0,0,0,0,0,272,0,0.001,0.004
579,2.456,2.293,0,0.005,0.055,0,0,,0,,,,0,,,,,0,0,0,0,0,0,0,0,1,0,1,0,1,2,0,0,0,0,0,0,272,0,0.001,0.006
580,0.834,0.682,0,0.003,0.062,0,0,,0,,,,0,,,,,0,0,0,0,0,0,0,0,1,0,1,0,1,2,0,0,0,0,0,0,272,0.001,0.001,0.004
581,0.102,0.019,0,0.001,0.039,0,0,,0,,,,0,,,,,0,0,0,0,0,0,0,0,1,0,1,0,1,2,0,0,0,0,0,0,272,0,0.001,0.002
582,0.922,0.727,0.001,0.004,0.074,0,0,,0,,,,0,,,,,0,0,0,0,0,0,0,0,1,0,1,0,1,2,0,0,0,0,0,0,272,0,0.001,0.005
583,0.58,0.428,0.001,0.003,0.042,0,0,,0,,,,0,,,,,0,0,0,0,0,0,0,0,1,0,1,0,1,2,0,0,0,0,0,0,272,0,0,0.005
584,1.222,1.045,0,0.003,0.069,0,0,,0,,,,0,,,,,0,0,0,0,0,0,0,0,1,0,1,0,1,2,0,0,0,0,0,0,272,0.001,0.002,0.006
585,0.546,0.417,0.001,0.002,0.041,0,0,,0,,,,0,,,,,0,0,0,0,0,0,0,0,1,0,1,0,1,2,0,0,0,0,0,0,272,0,0,0.004
586,0.803,0.604,0.001,0.004,0.074,0,0,,0,,,,0,,,,,0,0,0,0,0,0,0,0,1,0,1,0,1,2,0,0,0,0,0,0,272,0.001,0.002,0.006
587,0.648,0.513,0,0.002,0.054,0,0,,0,,,,0,,,,,0,0,0,0,0,0,0,0,1,0,1,0,1,2,0,0,0,0,0,0,272,0.001,0.001,0.004
588,0.646,0.517,0,0.003,0.048,0,0,,0,,,,0,,,,,0,0,0,0,0,0,0,0,1,0,1,0,1,2,0,0,0,0,0,0,272,0,0,0.005
589,1.009,0.87,0.001,0.002,0.06,0,0,,0,,,,0,,,,,0,0,0,0,0,0,0,0,1,0,1,0,1,2,0,0,0,0,0,0,272,0,0.001,0.003
590,0.341,0.265,0,0.002,0.029,0,0,,0,,,,0,,,,,0,0,0,0,0,0,0,0,1,0,1,0,1,2,0,0,0,0,0,0,272,0,0,0.003
591,0.694,0.58,0,0.003,0.044,0,0,,0,,,,0,,,,,0,0,0,0,0,0,0,0,1,0,1,0,1,2,0,0,0,0,0,0,272,0,0,0.004
592,0.821,0.665,0,0.004,0.061,0,0,,0,,,,0,,,,,0,0,0,0,0,0,0,0,1,0,1,0,1,2,0,0,0,0,0,0,272,0.001,0.001,0.005
593,0.628,0.432,0,0.003,0.082,0,0,,0,,,,0,,,,,0,0,0,0,0,0,0,0,1,0,1,0,1,2,0,0,0,0,0,0,272,0,0,0.005
594,0.764,0.494,0,0.004,0.132,0,0,,0,,,,0,,,,,0,0,0,0,0,0,0,0,1,0,1,0,1,2,0,0,0,0,0,0,272,0,0.001,0.007
595,0.615,0.367,0.001,0.003,0.16,0,0,,0,,,,0,,,,,0,0,0,0,0,0,0,0,1,0,1,0,1,2,0,0,0,0,0,0,272,0,0,0.005
596,0.669,0.465,0,0.004,0.079,0,0,,0,,,,0,,,,,0,0,0,0,0,0,0,0,1,0,1,0,1,2,0,0,0,0,0,0,272,0.001,0.002,0.005
597,0.613,0.478,0,0.002,0.066,0,0,,0,,,,0,,,,,0,0,0,0,0,0,0,0,1,0,1,0,1,2,0,0,0,0,0,0,272,0.001,0,0.004
598,1.361,1.232,0,0.003,0.042,0,0,,0,,,,0,,,,,0,0,0,0,0,0,0,0,1,0,1,0,1,2,0,0,0,0,0,0,272,0.001,0.001,0.004
599,0.629,0.561,0,0.001,0.034,0,0,,0,,,,0,,,,,0,0,0,0,0,0,0,0,1,0,1,0,1,2,0,0,0,0,0,0,272,0,0,0.001
600,0.696,0.636,0,0.001,0.033,0,0,,1,250,229765120,286617600,1,62503872,62503872,135081984,38823561584,0,0,0,0,0,0,0,0,1,0,1,0,1,2,0,0,0,0,0,0,272,0,0.001,0.001
601,0.691,0.622,0,0.001,0.035,0,0,,0,,,,0,,,,,0,0,0,0,0,0,0,0,1,0,1,0,1,2,0,0,0,0,0,0,272,0,0,0.002
602,0.785,0.644,0,0.003,0.054,0,0,,0,,,,0,,,,,0,0,0,0,0,0,0,0,1,0,1,0,1,2,0,0,0,0,0,0,272,0.001,0.001,0.004
603,0.712,0.553,0,0.004,0.051,0,0,,0,,,,0,,,,,0,0,0,0,0,0,0,0,1,0,1,0,1,2,0,0,0,0,0,0,272,0.001,0.001,0.007
604,0.692,0.524,0.001,0.003,0.067,0,0,,0,,,,0,,,,,0,0,0,0,0,0,0,0,1,0,1,0,1,2,0,0,0,0,0,0,272,0,0.001,0.006
605,0.772,0.547,0,0.004,0.095,0,0,,0,,,,0,,,,,0,0,0,0,0,0,0,0,1,0,1,0,1,2,0,0,0,0,0,0,272,0,0.001,0.006
606,0.564,0.435,0.001,0.002,0.041,0,0,,0,,,,0,,,,,0,0,0,0,0,0,0,0,1,0,1,0,1,2,0,0,0,0,0,0,272,0,0.001,0.004
607,1.489,1.236,0.001,0.006,0.087,0,0,,0,,,,0,,,,,0,0,0,0,0,0,0,0,1,0,1,0,1,2,0,0,0,0,0,0,272,0,0.002,0.008
608,0.579,0.396,0.001,0.003,0.077,0,0,,0,,,,0,,,,,0,0,0,0,0,0,0,0,1,0,1,0,1,2,0,0,0,0,0,0,272,0,0.001,0.006
609,0.618,0.478,0,0.003,0.06,0,0,,0,,,,0,,,,,0,0,0,0,0,0,0,0,1,0,1,0,1,2,0,0,0,0,0,0,272,0.001,0.001,0.005
610,0.677,0.557,0,0.002,0.06,0,0,,0,,,,0,,,,,0,0,0,0,0,0,0,0,1,0,1,0,1,2,0,0,0,0,0,0,272,0,0,0.004
611,0.768,0.581,0,0.003,0.089,0,0,,0,,,,0,,,,,0,0,0,0,0,0,0,0,1,0,1,0,1,2,0,0,0,0,0,0,272,0,0.001,0.005
612,0.636,0.509,0,0.002,0.064,0,0,,0,,,,0,,,,,0,0,0,0,0,0,0,0,1,0,1,0,1,2,0,0,0,0,0,0,272,0,0,0.003
613,0.721,0.579,0,0.002,0.071,0,0,,0,,,,0,,,,,0,0,0,0,0,0,0,0,1,0,1,0,1,2,0,0,0,0,0,0,272,0,0,0.003
614,0.615,0.485,0,0.002,0.043,0,0,,0,,,,0,,,,,0,0,0,0,0,0,0,0,1,0,1,0,1,2,0,0,0,0,0,0,272,0,0,0.005
615,1.428,1.208,0,0.006,0.06,0,0,,0,,,,0,,,,,0,0,0,0,0,0,0,0,1,0,1,0,1,2,0,0,0,0,0,0,272,0,0.002,0.009
616,0.582,0.422,0.001,0.003,0.035,0,0,,0,,,,0,,,,,0,0,0,0,0,0,0,0,1,0,1,0,1,2,0,0,0,0,0,0,272,0.001,0.001,0.007
617,1.935,1.77,0,0.003,0.048,0,0,,0,,,,0,,,,,0,0,0,0,0,0,0,0,1,0,1,0,1,2,0,0,0,0,0,0,272,0.001,0.002,0.006
618,1.367,1.222,0.001,0.003,0.056,0,0,,0,,,,0,,,,,0,0,0,0,0,0,0,0,1,0,1,0,1,2,0,0,0,0,0,0,272,0,0.001,0.006
619,0.686,0.54,0,0.002,0.041,0,0,,0,,,,0,,,,,0,0,0,0,0,0,0,0,1,0,1,0,1,2,0,0,0,0,0,0,272,0,0.001,0.005
620,0.68,0.561,0,0.002,0.047,0,0,,0,,,,0,,,,,0,0,0,0,0,0,0,0,1,0,1,0,1,2,0,0,0,0,0,0,272,0,0.001,0.004
621,0.838,0.595,0,0.004,0.07,0,0,,0,,,,0,,,,,0,0,0,0,0,0,0,0,1,0,1,0,1,2,0,0,0,0,0,0,272,0.001,0.002,0.006
622,0.648,0.409,0,0.003,0.163,0,0,,0,,,,0,,,,,0,0,0,0,0,0,0,0,1,0,1,0,1,2,0,0,0,0,0,0,272,0,0,0.004
623,0.759,0.566,0,0.003,0.067,0,0,,0,,,,0,,,,,0,0,0,0,0,0,0,0,1,0,1,0,1,2,0,0,0,0,0,0,272,0.001,0.001,0.005
624,1.461,1.33,0,0.003,0.047,0,0,,0,,,,0,,,,,0,0,0,0,0,0,0,0,1,0,1,0,1,2,0,0,0,0,0,0,272,0,0.001,0.005
625,1.763,1.666,0,0.003,0.033,0,0,,0,,,,0,,,,,0,0,0,0,0,0,0,0,1,0,1,0,1,2,0,0,0,0,0,0,272,0,0.001,0.003
626,3.209,3.091,0,0.002,0.05,0,0,,0,,,,0,,,,,0,0,0,0,0,0,0,0,1,0,1,0,1,2,0,0,0,0,0,0,272,0,0.001,0.003
627,1.657,1.53,0.001,0.004,0.043,0,0,,0,,,,0,,,,,0,0,0,0,0,0,0,0,1,0,1,0,1,2,0,0,0,0,0,0,272,0,0.001,0.003
628,1.625,1.506,0,0.002,0.048,0,0,,0,,,,0,,,,,0,0,0,0,0,0,0,0,1,0,1,0,1,2,0,0,0,0,0,0,272,0,0.001,0.004
629,2.898,2.796,0,0.002,0.042,0,0,,0,,,,0,,,,,0,0,0,0,0,0,0,0,1,0,1,0,1,2,0,0,0,0,0,0,272,0,0.001,0.003
630,1.123,1.062,0,0.001,0.03,0,0,,1,281.25,229765120,286617600,1,62503872,62503872,135081984,38823561584,0,0,0,0,0,0,0,0,1,0,1,0,1,2,0,0,0,0,0,0,272,0.001,0,0.002
631,1.069,0.983,0,0.001,0.035,0,0,,0,,,,0,,,,,0,0,0,0,0,0,0,0,1,0,1,0,1,2,0,0,0,0,0,0,272,0,0,0.003
632,1.189,1.042,0,0.004,0.038,0,0,,0,,,,0,,,,,0,0,0,0,0,0,0,0,1,0,1,0,1,2,0,0,0,0,0,0,272,0,0.001,0.005
633,1.075,0.901,0,0.004,0.058,0,0,,0,,,,0,,,,,0,0,0,0,0,0,0,0,1,0,1,0,1,2,0,0,0,0,0,0,272,0.001,0.002,0.005
634,0.909,0.742,0.001,0.002,0.088,0,0,,0,,,,0,,,,,0,0,0,0,0,0,0,0,1,0,1,0,1,2,0,0,0,0,0,0,272,0,0,0.004
635,1.9,1.734,0,0.004,0.059,0,0,,0,,,,0,,,,,0,0,0,0,0,0,0,0,1,0,1,0,1,2,0,0,0,0,0,0,272,0,0.001,0.005
636,0.953,0.822,0,0.003,0.049,0,0,,0,,,,0,,,,,0,0,0,0,0,0,0,0,1,0,1,0,1,2,0,0,0,0,0,0,272,0,0.002,0.004
637,1.372,1.245,0,0.002,0.051,0,0,,0,,,,0,,,,,0,0,0,0,0,0,0,0,1,0,1,0,1,2,0,0,0,0,0,0,272,0,0.001,0.003
638,0.756,0.603,0,0.003,0.055,0,0,,0,,,,0,,,,,0,0,0,0,0,0,0,0,1,0,1,0,1,2,0,0,0,0,0,0,272,0.001,0.001,0.005
639,1.63,1.431,0.001,0.003,0.062,0,0,,0,,,,0,,,,,0,0,0,0,0,0,0,0,1,0,1,0,1,2,0,0,0,0,0,0,272,0,0.001,0.006
640,0.124,0.001,0.001,0.002,0.051,0,0,,0,,,,0,,,,,0,0,0,0,0,0,0,0,1,0,1,0,1,2,0,0,0,0,0,0,272,0,0,0.004
641,1.042,0.866,0,0.004,0.059,0,0,,0,,,,0,,,,,0,0,0,0,0,0,0,0,1,0,1,0,1,2,0,0,0,0,0,0,272,0,0,0.006
642,0.978,0.839,0.001,0.003,0.048,0,0,,0,,,,0,,,,,0,0,0,0,0,0,0,0,1,0,1,0,1,2,0,0,0,0,0,0,272,0,0.001,0.005
643,1.925,1.782,0,0.002,0.056,0,0,,0,,,,0,,,,,0,0,0,0,0,0,0,0,1,0,1,0,1,2,0,0,0,0,0,0,272,0,0.001,0.004
644,0.922,0.807,0.001,0.002,0.049,0,0,,0,,,,0,,,,,0,0,0,0,0,0,0,0,1,0,1,0,1,2,0,0,0,0,0,0,272,0,0.001,0.003
645,0.698,0.568,0,0.002,0.055,0,0,,0,,,,0,,,,,0,0,0,0,0,0,0,0,1,0,1,0,1,2,0,0,0,0,0,0,272,0.001,0.001,0.003
646,1.014,0.865,0,0.003,0.059,0,0,,0,,,,0,,,,,0,0,0,0,0,0,0,0,1,0,1,0,1,2,0,0,0,0,0,0,272,0,0.001,0.005
647,0.96,0.816,0,0.004,0.042,0,0,,0,,,,0,,,,,0,0,0,0,0,0,0,0,1,0,1,0,1,2,0,0,0,0,0,0,272,0.001,0.001,0.005
648,1.455,1.307,0,0.003,0.048,0,0,,0,,,,0,,,,,0,0,0,0,0,0,0,0,1,0,1,0,1,2,0,0,0,0,0,0,272,0,0.002,0.005
649,0.52,0.393,0,0.002,0.048,0,0,,0,,,,0,,,,,0,0,0,0,0,0,0,0,1,0,1,0,1,2,0,0,0,0,0,0,272,0.001,0.001,0.004
650,1.783,1.632,0,0.003,0.066,0,0,,0,,,,0,,,,,0,0,0,0,0,0,0,0,1,0,1,0,1,2,0,0,0,0,0,0,272,0.001,0.001,0.004
651,0.857,0.725,0,0.002,0.046,0,0,,0,,,,0,,,,,0,0,0,0,0,0,0,0,1,0,1,0,1,2,0,0,0,0,0,0,272,0,0.001,0.004
652,1.059,0.83,0,0.003,0.101,0,0,,0,,,,0,,,,,0,0,0,0,0,0,0,0,1,0,1,0,1,2,0,0,0,0,0,0,272,0,0.001,0.008
653,0.968,0.719,0.001,0.004,0.093,0,0,,0,,,,0,,,,,0,0,0,0,0,0,0,0,1,0,1,0,1,2,0,0,0,0,0,0,272,0,0.002,0.007
654,0.866,0.752,0,0.002,0.05,0,0,,0,,,,0,,,,,0,0,0,0,0,0,0,0,1,0,1,0,1,2,0,0,0,0,0,0,272,0,0.001,0.003
655,1.357,1.231,0,0.002,0.055,0,0,,0,,,,0,,,,,0,0,0,0,0,0,0,0,1,0,1,0,1,2,0,0,0,0,0,0,272,0,0.001,0.003
656,0.483,0.38,0,0.002,0.04,0,0,,0,,,,0,,,,,0,0,0,0,0,0,0,0,1,0,1,0,1,2,0,0,0,0,0,0,272,0,0.001,0.003
657,0.969,0.851,0.001,0.002,0.048,0,0,,0,,,,0,,,,,0,0,0,0,0,0,0,0,1,0,1,0,1,2,0,0,0,0,0,0,272,0.001,0,0.004
658,2.267,2.008,0,0.003,0.125,0,0,,0,,,,0,,,,,0,0,0,0,0,0,0,0,1,0,1,0,1,2,0,0,0,0,0,0,272,0,0.001,0.006
659,0.555,0.436,0,0.002,0.039,0,0,,0,,,,0,,,,,0,0,0,0,0,0,0,0,1,0,1,0,1,2,0,0,0,0,0,0,272,0,0.001,0.004
660,1.253,1.155,0,0.002,0.041,0,0,,1,328.125,229765120,286617600,1,62503872,62503872,135081984,38823561584,0,0,0,0,0,0,0,0,1,0,1,0,1,2,0,0,0,0,0,0,272,0,0.001,0.002
661,1.412,1.204,0.001,0.003,0.086,0,0,,0,,,,0,,,,,0,0,0,0,0,0,0,0,1,0,1,0,1,2,0,0,0,0,0,0,272,0,0.001,0.006
662,1.735,1.484,0,0.004,0.096,0,0,,0,,,,0,,,,,0,0,0,0,0,0,0,0,1,0,1,0,1,2,0,0,0,0,0,0,272,0,0.002,0.008
663,1.178,0.956,0,0.005,0.063,0,0,,0,,,,0,,,,,0,0,0,0,0,0,0,0,1,0,1,0,1,2,0,0,0,0,0,0,272,0.001,0.001,0.008
664,2.176,1.936,0,0.006,0.085,0,0,,0,,,,0,,,,,0,0,0,0,0,0,0,0,1,0,1,0,1,2,0,0,0,0,0,0,272,0,0.002,0.01
665,1.597,1.468,0,0.002,0.043,0,0,,0,,,,0,,,,,0,0,0,0,0,0,0,0,1,0,1,0,1,2,0,0,0,0,0,0,272,0,0,0.005
666,1.805,1.699,0.001,0.002,0.046,0,0,,0,,,,0,,,,,0,0,0,0,0,0,0,0,1,0,1,0,1,2,0,0,0,0,0,0,272,0.001,0,0.003
667,1.178,0.916,0,0.007,0.086,0,0,,0,,,,0,,,,,0,0,0,0,0,0,0,0,1,0,1,0,1,2,0,0,0,0,0,0,272,0,0.003,0.01
668,0.475,0.389,0,0.001,0.035,0,0,,0,,,,0,,,,,0,0,0,0,0,0,0,0,1,0,1,0,1,2,0,0,0,0,0,0,272,0,0,0.003
669,0.797,0.645,0.001,0.003,0.051,0,0,,0,,,,0,,,,,0,0,0,0,0,0,0,0,1,0,1,0,1,2,0,0,0,0,0,0,272,0.001,0.001,0.005
670,1.278,1.2,0.001,0.001,0.034,0,0,,0,,,,0,,,,,0,0,0,0,0,0,0,0,1,0,1,0,1,2,0,0,0,0,0,0,272,0,0.001,0.002
671,0.732,0.671,0,0.001,0.028,0,0,,0,,,,0,,,,,0,0,0,0,0,0,0,0,1,0,1,0,1,2,0,0,0,0,0,0,272,0.001,0,0.002
672,0.741,0.652,0,0.002,0.034,0,0,,0,,,,0,,,,,0,0,0,0,0,0,0,0,1,0,1,0,1,2,0,0,0,0,0,0,272,0.001,0,0.003
673,0.735,0.617,0,0.002,0.047,0,0,,0,,,,0,,,,,0,0,0,0,0,0,0,0,1,0,1,0,1,2,0,0,0,0,0,0,272,0,0.001,0.004
674,0.627,0.552,0.001,0.001,0.028,0,0,,0,,,,0,,,,,0,0,0,0,0,0,0,0,1,0,1,0,1,2,0,0,0,0,0,0,272,0,0,0.003
675,0.752,0.63,0,0.003,0.048,0,0,,0,,,,0,,,,,0,0,0,0,0,0,0,0,1,0,1,0,1,2,0,0,0,0,0,0,272,0,0,0.004
676,0.698,0.573,0.001,0.002,0.047,0,0,,0,,,,0,,,,,0,0,0,0,0,0,0,0,1,0,1,0,1,2,0,0,0,0,0,0,272,0,0,0.004
677,0.904,0.665,0,0.003,0.074,0,0,,0,,,,0,,,,,0,0,0,0,0,0,0,0,1,0,1,0,1,2,0,0,0,0,0,0,272,0.001,0.001,0.007
678,0.385,0.312,0,0.002,0.034,0,0,,0,,,,0,,,,,0,0,0,0,0,0,0,0,1,0,1,0,1,2,0,0,0,0,0,0,272,0,0,0.002
679,1.428,1.304,0,0.004,0.041,0,0,,0,,,,0,,,,,0,0,0,0,0,0,0,0,1,0,1,0,1,2,0,0,0,0,0,0,272,0,0.001,0.005
680,0.684,0.583,0,0.001,0.044,0,0,,0,,,,0,,,,,0,0,0,0,0,0,0,0,1,0,1,0,1,2,0,0,0,0,0,0,272,0,0,0.002
681,0.724,0.58,0,0.002,0.067,0,0,,0,,,,0,,,,,0,0,0,0,0,0,0,0,1,0,1,0,1,2,0,0,0,0,0,0,272,0,0.001,0.004
682,0.681,0.551,0,0.002,0.062,0,0,,0,,,,0,,,,,0,0,0,0,0,0,0,0,1,0,1,0,1,2,0,0,0,0,0,0,272,0.001,0,0.003
683,0.691,0.556,0,0.001,0.088,0,0,,0,,,,0,,,,,0,0,0,0,0,0,0,0,1,0,1,0,1,2,0,0,0,0,0,0,272,0,0,0.002
684,0.708,0.562,0,0.002,0.068,0,0,,0,,,,0,,,,,0,0,0,0,0,0,0,0,1,0,1,0,1,2,0,0,0,0,0,0,272,0.001,0,0.003
685,0.685,0.547,0.001,0.001,0.068,0,0,,0,,,,0,,,,,0,0,0,0,0,0,0,0,1,0,1,0,1,2,0,0,0,0,0,0,272,0,0,0.004
686,0.771,0.559,0,0.004,0.088,0,0,,0,,,,0,,,,,0,0,0,0,0,0,0,0,1,0,1,0,1,2,0,0,0,0,0,0,272,0,0.001,0.006
687,0.515,0.468,0,0.001,0.023,0,0,,0,,,,0,,,,,0,0,0,0,0,0,0,0,1,0,1,0,1,2,0,0,0,0,0,0,272,0,0,0.002
688,0.786,0.654,0.001,0.001,0.062,0,0,,0,,,,0,,,,,0,0,0,0,0,0,0,0,1,0,1,0,1,2,0,0,0,0,0,0,272,0,0,0.004
689,0.689,0.555,0,0.002,0.062,0,0,,0,,,,0,,,,,0,0,0,0,0,0,0,0,1,0,1,0,1,2,0,0,0,0,0,0,272,0,0,0.004
690,0.726,0.562,0.001,0.003,0.038,0,0,,1,343.75,229765120,286617600,1,62503872,62503872,135081984,38823561584,0,0,0,0,0,0,0,0,1,0,1,0,1,2,0,0,0,0,0,0,272,0,0.001,0.005
691,1.116,0.966,0,0.002,0.077,0,0,,0,,,,0,,,,,0,0,0,0,0,0,0,0,1,0,1,0,1,2,0,0,0,0,0,0,272,0,0.001,0.004
692,0.74,0.553,0.001,0.003,0.07,0,0,,0,,,,0,,,,,0,0,0,0,0,0,0,0,1,0,1,0,1,2,0,0,0,0,0,0,272,0,0.001,0.007
693,0.555,0.465,0,0.001,0.03,0,0,,0,,,,0,,,,,0,0,0,0,0,0,0,0,1,0,1,0,1,2,0,0,0,0,0,0,272,0.001,0,0.003
694,0.907,0.689,0.001,0.004,0.087,0,0,,0,,,,0,,,,,0,0,0,0,0,0,0,0,1,0,1,0,1,2,0,0,0,0,0,0,272,0.001,0.001,0.007
695,0.562,0.45,0.001,0.002,0.043,0,0,,0,,,,0,,,,,0,0,0,0,0,0,0,0,1,0,1,0,1,2,0,0,0,0,0,0,272,0.001,0,0.004
696,0.696,0.598,0.001,0.001,0.041,0,0,,0,,,,0,,,,,0,0,0,0,0,0,0,0,1,0,1,0,1,2,0,0,0,0,0,0,272,0.001,0.001,0.003
697,0.87,0.62,0.001,0.005,0.092,0,0,,0,,,,0,,,,,0,0,0,0,0,0,0,0,1,0,1,0,1,2,0,0,0,0,0,0,272,0.001,0.002,0.009
698,0.498,0.429,0,0.001,0.029,0,0,,0,,,,0,,,,,0,0,0,0,0,0,0,0,1,0,1,0,1,2,0,0,0,0,0,0,272,0,0,0.003
699,0.803,0.625,0.001,0.004,0.049,0,0,,0,,,,0,,,,,0,0,0,0,0,0,0,0,1,0,1,0,1,2,0,0,0,0,0,0,272,0,0.002,0.008
700,0.533,0.462,0,0.001,0.029,0,0,,0,,,,0,,,,,0,0,0,0,0,0,0,0,1,0,1,0,1,2,0,0,0,0,0,0,272,0,0,0.003
701,1.541,1.357,0.001,0.003,0.081,0,0,,0,,,,0,,,,,0,0,0,0,0,0,0,0,1,0,1,0,1,2,0,0,0,0,0,0,272,0,0.001,0.005
702,0.832,0.721,0.001,0.001,0.045,0,0,,0,,,,0,,,,,0,0,0,0,0,0,0,0,1,0,1,0,1,2,0,0,0,0,0,0,272,0,0.001,0.003
703,0.756,0.661,0,0.002,0.041,0,0,,0,,,,0,,,,,0,0,0,0,0,0,0,0,1,0,1,0,1,2,0,0,0,0,0,0,272,0,0.001,0.002
704,0.453,0.228,0.001,0.003,0.103,0,0,,0,,,,0,,,,,0,0,0,0,0,0,0,0,1,0,1,0,1,2,0,0,0,0,0,0,272,0,0.001,0.006
705,0.965,0.847,0,0.002,0.05,0,0,,0,,,,0,,,,,0,0,0,0,0,0,0,0,1,0,1,0,1,2,0,0,0,0,0,0,272,0.001,0,0.002
706,0.366,0.261,0,0.002,0.052,0,0,,0,,,,0,,,,,0,0,0,0,0,0,0,0,1,0,1,0,1,2,0,0,0,0,0,0,272,0,0,0.002
707,0.587,0.503,0,0.001,0.039,0,0,,0,,,,0,,,,,0,0,0,0,0,0,0,0,1,0,1,0,1,2,0,0,0,0,0,0,272,0,0.001,0.002
708,0.68,0.61,0,0.002,0.028,0,0,,0,,,,0,,,,,0,0,0,0,0,0,0,0,1,0,1,0,1,2,0,0,0,0,0,0,272,0.001,0,0.002
709,0.744,0.674,0,0.002,0.029,0,0,,0,,,,0,,,,,0,0,0,0,0,0,0,0,1,0,1,0,1,2,0,0,0,0,0,0,272,0,0.001,0.002
710,1.057,0.951,0,0.002,0.046,0,0,,0,,,,0,,,,,0,0,0,0,0,0,0,0,1,0,1,0,1,2,0,0,0,0,0,0,272,0,0.001,0.004
711,1.033,0.941,0,0.002,0.032,0,0,,0,,,,0,,,,,0,0,0,0,0,0,0,0,1,0,1,0,1,2,0,0,0,0,0,0,272,0,0.001,0.003
712,2.05,1.948,0,0.002,0.042,0,0,,0,,,,0,,,,,0,0,0,0,0,0,0,0,1,0,1,0,1,2,0,0,0,0,0,0,272,0,0,0.004
713,0.798,0.575,0,0.002,0.093,0,0,,0,,,,0,,,,,0,0,0,0,0,0,0,0,1,0,1,0,1,2,0,0,0,0,0,0,272,0,0.001,0.006
714,0.942,0.754,0,0.003,0.088,0,0,,0,,,,0,,,,,0,0,0,0,0,0,0,0,1,0,1,0,1,2,0,0,0,0,0,0,272,0,0,0.005
715,0.859,0.774,0,0.002,0.035,0,0,,0,,,,0,,,,,0,0,0,0,0,0,0,0,1,0,1,0,1,2,0,0,0,0,0,0,272,0,0.001,0.002
716,1.065,0.928,0,0.002,0.055,0,0,,0,,,,0,,,,,0,0,0,0,0,0,0,0,1,0,1,0,1,2,0,0,0,0,0,0,272,0,0.001,0.004
717,1.014,0.873,0.001,0.003,0.054,0,0,,0,,,,0,,,,,0,0,0,0,0,0,0,0,1,0,1,0,1,2,0,0,0,0,0,0,272,0,0.001,0.004
718,1.325,1.179,0,0.003,0.051,0,0,,0,,,,0,,,,,0,0,0,0,0,0,0,0,1,0,1,0,1,2,0,0,0,0,0,0,272,0,0,0.005
719,1.883,1.773,0,0.003,0.046,0,0,,0,,,,0,,,,,0,0,0,0,0,0,0,0,1,0,1,0,1,2,0,0,0,0,0,0,272,0,0.001,0.003
720,0.926,0.827,0,0.002,0.043,0,0,,1,343.75,229765120,286617600,1,62503872,62503872,135081984,38823561584,0,0,0,0,0,0,0,0,1,0,1,0,1,2,0,0,0,0,0,0,272,0.001,0,0.003
721,0.934,0.84,0,0.002,0.036,0,0,,0,,,,0,,,,,0,0,0,0,0,0,0,0,1,0,1,0,1,2,0,0,0,0,0,0,272,0,0.001,0.003
722,0.804,0.699,0,0.002,0.044,0,0,,0,,,,0,,,,,0,0,0,0,0,0,0,0,1,0,1,0,1,2,0,0,0,0,0,0,272,0,0.001,0.003
723,0.695,0.581,0,0.004,0.028,0,0,,0,,,,0,,,,,0,0,0,0,0,0,0,0,1,0,1,0,1,2,0,0,0,0,0,0,272,0,0,0.005
724,1.062,0.873,0,0.005,0.054,0,0,,0,,,,0,,,,,0,0,0,0,0,0,0,0,1,0,1,0,1,2,0,0,0,0,0,0,272,0,0.001,0.007
725,0.874,0.758,0.001,0.002,0.046,0,0,,0,,,,0,,,,,0,0,0,0,0,0,0,0,1,0,1,0,1,2,0,0,0,0,0,0,272,0,0,0.004
726,1.084,0.852,0.001,0.003,0.096,0,0,,0,,,,0,,,,,0,0,0,0,0,0,0,0,1,0,1,0,1,2,0,0,0,0,0,0,272,0.001,0.001,0.007
727,1.683,1.551,0,0.004,0.046,0,0,,0,,,,0,,,,,0,0,0,0,0,0,0,0,1,0,1,0,1,2,0,0,0,0,0,0,272,0,0,0.006
728,1.077,0.928,0.001,0.003,0.048,0,0,,0,,,,0,,,,,0,0,0,0,0,0,0,0,1,0,1,0,1,2,0,0,0,0,0,0,272,0,0.001,0.006
729,0.892,0.794,0,0.001,0.035,0,0,,0,,,,0,,,,,0,0,0,0,0,0,0,0,1,0,1,0,1,2,0,0,0,0,0,0,272,0.001,0,0.004
730,0.993,0.859,0,0.003,0.053,0,0,,0,,,,0,,,,,0,0,0,0,0,0,0,0,1,0,1,0,1,2,0,0,0,0,0,0,272,0,0.001,0.004
731,0.996,0.79,0,0.005,0.054,0,0,,0,,,,0,,,,,0,0,0,0,0,0,0,0,1,0,1,0,1,2,0,0,0,0,0,0,272,0.001,0.002,0.008
732,0.422,0.261,0,0.002,0.081,0,0,,0,,,,0,,,,,0,0,0,0,0,0,0,0,1,0,1,0,1,2,0,0,0,0,0,0,272,0,0,0.004
733,0.65,0.341,0,0.003,0.22,0,0,,0,,,,0,,,,,0,0,0,0,0,0,0,0,1,0,1,0,1,2,0,0,0,0,0,0,272,0,0.001,0.004
734,0.456,0.133,0,0.003,0.233,0,0,,0,,,,0,,,,,0,0,0,0,0,0,0,0,1,0,1,0,1,2,0,0,0,0,0,0,272,0,0.001,0.005
735,0.257,0.099,0,0.002,0.063,0,0,,0,,,,0,,,,,0,0,0,0,0,0,0,0,1,0,1,0,1,2,0,0,0,0,0,0,272,0,0.001,0.004
736,1.1,0.896,0,0.004,0.072,0,0,,0,,,,0,,,,,0,0,0,0,0,0,0,0,1,0,1,0,1,2,0,0,0,0,0,0,272,0,0.001,0.006
737,0.349,0.24,0,0.003,0.036,0,0,,0,,,,0,,,,,0,0,0,0,0,0,0,0,1,0,1,0,1,2,0,0,0,0,0,0,272,0.001,0,0.003
738,0.779,0.374,0,0.003,0.302,0,0,,0,,,,0,,,,,0,0,0,0,0,0,0,0,1,0,1,0,1,2,0,0,0,0,0,0,272,0.001,0.002,0.006
739,0.297,0.164,0,0.003,0.029,0,0,,0,,,,0,,,,,0,0,0,0,0,0,0,0,1,0,1,0,1,2,0,0,0,0,0,0,272,0.001,0.001,0.004
740,0.372,0.278,0,0.002,0.028,0,0,,0,,,,0,,,,,0,0,0,0,0,0,0,0,1,0,1,0,1,2,0,0,0,0,0,0,272,0,0,0.003
741,0.431,0.38,0,0.001,0.022,0,0,,0,,,,0,,,,,0,0,0,0,0,0,0,0,1,0,1,0,1,2,0,0,0,0,0,0,272,0,0,0.002
742,0.491,0.446,0,0,0.02,0,0,,0,,,,0,,,,,0,0,0,0,0,0,0,0,1,0,1,0,1,2,0,0,0,0,0,0,272,0,0,0.002
743,0.519,0.448,0,0.001,0.023,0,0,,0,,,,0,,,,,0,0,0,0,0,0,0,0,1,0,1,0,1,2,0,0,0,0,0,0,272,0,0,0.003
744,0.495,0.427,0,0.001,0.023,0,0,,0,,,,0,,,,,0,0,0,0,0,0,0,0,1,0,1,0,1,2,0,0,0,0,0,0,272,0,0,0.004
745,0.496,0.434,0,0.001,0.021,0,0,,0,,,,0,,,,,0,0,0,0,0,0,0,0,1,0,1,0,1,2,0,0,0,0,0,0,272,0,0.001,0.002
746,0.519,0.432,0,0.002,0.037,0,0,,0,,,,0,,,,,0,0,0,0,0,0,0,0,1,0,1,0,1,2,0,0,0,0,0,0,272,0,0.001,0.003
747,0.495,0.409,0,0.001,0.047,0,0,,0,,,,0,,,,,0,0,0,0,0,0,0,0,1,0,1,0,1,2,0,0,0,0,0,0,272,0,0,0.003
748,0.476,0.405,0,0.001,0.036,0,0,,0,,,,0,,,,,0,0,0,0,0,0,0,0,1,0,1,0,1,2,0,0,0,0,0,0,272,0,0,0.002
749,0.496,0.42,0,0.001,0.04,0,0,,0,,,,0,,,,,0,0,0,0,0,0,0,0,1,0,1,0,1,2,0,0,0,0,0,0,272,0,0,0.002
750,0.501,0.426,0.001,0.001,0.038,0,0,,1,359.375,229765120,286617600,1,62503872,62503872,135081984,38823561584,0,0,0,0,0,0,0,0,1,0,1,0,1,2,0,0,0,0,0,0,272,0,0.001,0.002
751,0.472,0.398,0,0.002,0.03,0,0,,0,,,,0,,,,,0,0,0,0,0,0,0,0,1,0,1,0,1,2,0,0,0,0,0,0,272,0,0,0.003
752,0.497,0.419,0.001,0.001,0.032,0,0,,0,,,,0,,,,,0,0,0,0,0,0,0,0,1,0,1,0,1,2,0,0,0,0,0,0,272,0,0.001,0.003
753,0.476,0.39,0,0.002,0.042,0,0,,0,,,,0,,,,,0,0,0,0,0,0,0,0,1,0,1,0,1,2,0,0,0,0,0,0,272,0.001,0,0.004
754,0.842,0.756,0.001,0.002,0.026,0,0,,0,,,,0,,,,,0,0,0,0,0,0,0,0,1,0,1,0,1,2,0,0,0,0,0,0,272,0,0,0.003
755,0.49,0.411,0,0.002,0.034,0,0,,0,,,,0,,,,,0,0,0,0,0,0,0,0,1,0,1,0,1,2,0,0,0,0,0,0,272,0,0,0.003
756,0.482,0.413,0,0.001,0.035,0,0,,0,,,,0,,,,,0,0,0,0,0,0,0,0,1,0,1,0,1,2,0,0,0,0,0,0,272,0,0,0.001
757,0.623,0.436,0.001,0.004,0.031,0,0,,0,,,,0,,,,,0,0,0,0,0,0,0,0,1,0,1,0,1,2,0,0,0,0,0,0,272,0.001,0.002,0.009
758,0.434,0.274,0,0.003,0.049,0,0,,0,,,,0,,,,,0,0,0,0,0,0,0,0,1,0,1,0,1,2,0,0,0,0,0,0,272,0.001,0.001,0.006
759,0.405,0.306,0,0.002,0.041,0,0,,0,,,,0,,,,,0,0,0,0,0,0,0,0,1,0,1,0,1,2,0,0,0,0,0,0,272,0,0.001,0.003
760,0.485,0.383,0,0.002,0.034,0,0,,0,,,,0,,,,,0,0,0,0,0,0,0,0,1,0,1,0,1,2,0,0,0,0,0,0,272,0,0.001,0.004
761,0.456,0.39,0,0.001,0.022,0,0,,0,,,,0,,,,,0,0,0,0,0,0,0,0,1,0,1,0,1,2,0,0,0,0,0,0,272,0,0,0.002
762,1.001,0.815,0,0.004,0.075,0,0,,0,,,,0,,,,,0,0,0,0,0,0,0,0,1,0,1,0,1,2,0,0,0,0,0,0,272,0,0.001,0.006
763,0.979,0.884,0.001,0.002,0.026,0,0,,0,,,,0,,,,,0,0,0,0,0,0,0,0,1,0,1,0,1,2,0,0,0,0,0,0,272,0,0,0.004
764,1.074,0.956,0,0.002,0.028,0,0,,0,,,,0,,,,,0,0,0,0,0,0,0,0,1,0,1,0,1,2,0,0,0,0,0,0,272,0,0,0.004
765,2.479,2.252,0,0.006,0.066,0,0,,0,,,,0,,,,,0,0,0,0,0,0,0,0,1,0,1,0,1,2,0,0,0,0,0,0,272,0.001,0.002,0.008
766,1.011,0.877,0,0.002,0.054,0,0,,0,,,,0,,,,,0,0,0,0,0,0,0,0,1,0,1,0,1,2,0,0,0,0,0,0,272,0,0.001,0.005
767,1.088,0.978,0.001,0.001,0.047,0,0,,0,,,,0,,,,,0,0,0,0,0,0,0,0,1,0,1,0,1,2,0,0,0,0,0,0,272,0,0.001,0.003
768,0.813,0.58,0.001,0.004,0.095,0,0,,0,,,,0,,,,,0,0,0,0,0,0,0,0,1,0,1,0,1,2,0,0,0,0,0,0,272,0.001,0.002,0.006
769,0.959,0.867,0,0.001,0.039,0,0,,0,,,,0,,,,,0,0,0,0,0,0,0,0,1,0,1,0,1,2,0,0,0,0,0,0,272,0,0.001,0.003
770,1.305,1.087,0.001,0.005,0.048,0,0,,0,,,,0,,,,,0,0,0,0,0,0,0,0,1,0,1,0,1,2,0,0,0,0,0,0,272,0.001,0.002,0.009
771,1.445,1.338,0,0.002,0.04,0,0,,0,,,,0,,,,,0,0,0,0,0,0,0,0,1,0,1,0,1,2,0,0,0,0,0,0,272,0,0.001,0.004
772,1.852,1.625,0.001,0.005,0.046,0,0,,0,,,,0,,,,,0,0,0,0,0,0,0,0,1,0,1,0,1,2,0,0,0,0,0,0,272,0,0.002,0.009
773,1.171,1.008,0,0.003,0.073,0,0,,0,,,,0,,,,,0,0,0,0,0,0,0,0,1,0,1,0,1,2,0,0,0,0,0,0,272,0,0.001,0.004
774,1.139,0.997,0,0.003,0.061,0,0,,0,,,,0,,,,,0,0,0,0,0,0,0,0,1,0,1,0,1,2,0,0,0,0,0,0,272,0,0.001,0.004
775,1.28,1.104,0.001,0.003,0.063,0,0,,0,,,,0,,,,,0,0,0,0,0,0,0,0,1,0,1,0,1,2,0,0,0,0,0,0,272,0.001,0.001,0.005
776,1.557,1.408,0,0.004,0.048,0,0,,0,,,,0,,,,,0,0,0,0,0,0,0,0,1,0,1,0,1,2,0,0,0,0,0,0,272,0,0.002,0.005
777,1.195,1.068,0,0.002,0.048,0,0,,0,,,,0,,,,,0,0,0,0,0,0,0,0,1,0,1,0,1,2,0,0,0,0,0,0,272,0,0.001,0.004
778,2.128,2.026,0,0.002,0.045,0,0,,0,,,,0,,,,,0,0,0,0,0,0,0,0,1,0,1,0,1,2,0,0,0,0,0,0,272,0,0,0.003
779,0.919,0.726,0.001,0.004,0.055,0,0,,0,,,,0,,,,,0,0,0,0,0,0,0,0,1,0,1,0,1,2,0,0,0,0,0,0,272,0,0.001,0.008
780,1.17,0.98,0,0.004,0.06,0,0,,1,390.625,229830656,286617600,1,62503872,62503872,135081984,38823561584,0,0,0,0,0,0,0,0,1,0,1,0,1,2,0,0,0,0,0,0,272,0,0.001,0.006
781,1.594,1.325,0,0.003,0.085,0,0,,0,,,,0,,,,,0,0,0,0,0,0,0,0,1,0,1,0,1,2,0,0,0,0,0,0,272,0,0.002,0.009
782,0.886,0.765,0,0.002,0.053,0,0,,0,,,,0,,,,,0,0,0,0,0,0,0,0,1,0,1,0,1,2,0,0,0,0,0,0,272,0,0,0.004
783,0.058,0.001,0,0,0.029,0,0,,0,,,,0,,,,,0,0,0,0,0,0,0,0,1,0,1,0,1,2,0,0,0,0,0,0,272,0,0,0.001
784,1.384,0.632,0,0.001,0.687,0,0,,0,,,,0,,,,,0,0,0,0,0,0,0,0,1,0,1,0,1,2,0,0,0,0,0,0,272,0,0,0.003
785,0.191,0.002,0,0.004,0.049,0,0,,0,,,,0,,,,,0,0,0,0,0,0,0,0,1,0,1,0,1,2,0,0,0,0,0,0,272,0.001,0.001,0.006
786,0.157,0.109,0,0.001,0.02,0,0,,0,,,,0,,,,,0,0,0,0,0,0,0,0,1,0,1,0,1,2,0,0,0,0,0,0,272,0,0,0.002
787,0.721,0.325,0,0.003,0.172,0,0,,0,,,,0,,,,,0,0,0,0,0,0,0,0,1,0,1,0,1,2,0,0,0,0,0,0,272,0,0.001,0.006
788,0.089,0.001,0,0.003,0.02,0,0,,0,,,,0,,,,,0,0,0,0,0,0,0,0,1,0,1,0,1,2,0,0,0,0,0,0,272,0,0,0.004
789,1.636,0.001,0.001,0,0.093,0,0,,0,,,,0,,,,,0,0,0,0,0,0,0,0,1,0,1,0,1,2,0,0,0,0,0,0,272,0,0,0.004
790,0.08,0.001,0.001,0.002,0.032,0,0,,0,,,,0,,,,,0,0,0,0,0,0,0,0,1,0,1,0,1,2,0,0,0,0,0,0,272,0,0,0.002
791,0.597,0.304,0,0.002,0.214,0,0,,0,,,,0,,,,,0,0,0,0,0,0,0,0,1,0,1,0,1,2,0,0,0,0,0,0,272,0,0.001,0.004
792,0.814,0.001,0,0.001,0.767,0,0,,0,,,,0,,,,,0,0,0,0,0,0,0,0,1,0,1,0,1,2,0,0,0,0,0,0,272,0,0,0.002
793,0.125,0.001,0.001,0.002,0.04,0,0,,0,,,,0,,,,,0,0,0,0,0,0,0,0,1,0,1,0,1,2,0,0,0,0,0,0,272,0,0,0.003
794,0.397,0,0,0.001,0.359,0,0,,0,,,,0,,,,,0,0,0,0,0,0,0,0,1,0,1,0,1,2,0,0,0,0,0,0,272,0.001,0,0.001
795,0.374,0.001,0,0.003,0.281,0,0,,0,,,,0,,,,,0,0,0,0,0,0,0,0,1,0,1,0,1,2,0,0,0,0,0,0,272,0,0.002,0.004
796,0.853,0.001,0,0.002,0.782,0,0,,0,,,,0,,,,,0,0,0,0,0,0,0,0,1,0,1,0,1,2,0,0,0,0,0,0,272,0.001,0.001,0.003
797,0.71,0.001,0,0.003,0.625,0,0,,0,,,,0,,,,,0,0,0,0,0,0,0,0,1,0,1,0,1,2,0,0,0,0,0,0,272,0.001,0.001,0.003
798,0.784,0.001,0,0.002,0.688,0,0,,0,,,,0,,,,,0,0,0,0,0,0,0,0,1,0,1,0,1,2,0,0,0,0,0,0,272,0,0,0.006
799,0.458,0.001,0,0.003,0.354,0,0,,0,,,,0,,,,,0,0,0,0,0,0,0,0,1,0,1,0,1,2,0,0,0,0,0,0,272,0,0.001,0.004
800,0.262,0.001,0,0.004,0.072,0,0,,0,,,,0,,,,,0,0,0,0,0,0,0,0,1,0,1,0,1,2,0,0,0,0,0,0,272,0.001,0.002,0.01
801,0.476,0.133,0.001,0.001,0.285,0,0,,0,,,,0,,,,,0,0,0,0,0,0,0,0,1,0,1,0,1,2,0,0,0,0,0,0,272,0.001,0,0.003
802,0.286,0,0,0.001,0.241,0,0,,0,,,,0,,,,,0,0,0,0,0,0,0,0,1,0,1,0,1,2,0,0,0,0,0,0,272,0,0,0.002
803,0.301,0.165,0.001,0.002,0.046,0,0,,0,,,,0,,,,,0,0,0,0,0,0,0,0,1,0,1,0,1,2,0,0,0,0,0,0,272,0.001,0.001,0.004
804,0.701,0.576,0,0.002,0.058,0,0,,0,,,,0,,,,,0,0,0,0,0,0,0,0,1,0,1,0,1,2,0,0,0,0,0,0,272,0,0.001,0.003
805,0.685,0.029,0,0,0.616,0,0,,0,,,,0,,,,,0,0,0,0,0,0,0,0,1,0,1,0,1,2,0,0,0,0,0,0,272,0,0,0.002
806,0.08,0.001,0,0.001,0.028,0,0,,0,,,,0,,,,,0,0,0,0,0,0,0,0,1,0,1,0,1,2,0,0,0,0,0,0,272,0,0,0.002
807,0.469,0.275,0,0.001,0.133,0,0,,0,,,,0,,,,,0,0,0,0,0,0,0,0,1,0,1,0,1,2,0,0,0,0,0,0,272,0,0,0.003
808,0.225,0.108,0,0.001,0.081,0,0,,0,,,,0,,,,,0,0,0,0,0,0,0,0,1,0,1,0,1,2,0,0,0,0,0,0,272,0,0,0.002
809,0.879,0.762,0,0.002,0.048,0,0,,0,,,,0,,,,,0,0,0,0,0,0,0,0,1,0,1,0,1,2,0,0,0,0,0,0,272,0.001,0.001,0.003
810,0.053,0,0,0.001,0.022,0,0,,1,406.25,229830656,286617600,1,62503872,62503872,135081984,38823561584,0,0,0,0,0,0,0,0,1,0,1,0,1,2,0,0,0,0,0,0,272,0.001,0,0.001
811,0.881,0.757,0,0.001,0.063,0,0,,0,,,,0,,,,,0,0,0,0,0,0,0,0,1,0,1,0,1,2,0,0,0,0,0,0,272,0,0.001,0.002
812,0.058,0,0,0.001,0.026,0,0,,0,,,,0,,,,,0,0,0,0,0,0,0,0,1,0,1,0,1,2,0,0,0,0,0,0,272,0.001,0,0.001
813,0.657,0.525,0,0.002,0.061,0,0,,0,,,,0,,,,,0,0,0,0,0,0,0,0,1,0,1,0,1,2,0,0,0,0,0,0,272,0,0.001,0.003
814,0.065,0.001,0,0,0.029,0,0,,0,,,,0,,,,,0,0,0,0,0,0,0,0,1,0,1,0,1,2,0,0,0,0,0,0,272,0,0,0.002
815,0.735,0.622,0,0.002,0.052,0,0,,0,,,,0,,,,,0,0,0,0,0,0,0,0,1,0,1,0,1,2,0,0,0,0,0,0,272,0,0.001,0.003
816,0.056,0.001,0,0.001,0.026,0,0,,0,,,,0,,,,,0,0,0,0,0,0,0,0,1,0,1,0,1,2,0,0,0,0,0,0,272,0,0,0.002
817,0.721,0.616,0,0.002,0.042,0,0,,0,,,,0,,,,,0,0,0,0,0,0,0,0,1,0,1,0,1,2,0,0,0,0,0,0,272,0,0.001,0.003
818,0.482,0,0,0.001,0.448,0,0,,0,,,,0,,,,,0,0,0,0,0,0,0,0,1,0,1,0,1,2,0,0,0,0,0,0,272,0,0.001,0.001
819,0.333,0.182,0,0.002,0.084,0,0,,0,,,,0,,,,,0,0,0,0,0,0,0,0,1,0,1,0,1,2,0,0,0,0,0,0,272,0,0.001,0.003
820,0.447,0.296,0,0.003,0.063,0,0,,0,,,,0,,,,,0,0,0,0,0,0,0,0,1,0,1,0,1,2,0,0,0,0,0,0,272,0,0.001,0.004
821,0.616,0.238,0,0.003,0.279,0,0,,0,,,,0,,,,,0,0,0,0,0,0,0,0,1,0,1,0,1,2,0,0,0,0,0,0,272,0,0.001,0.005
822,0.302,0.206,0,0.002,0.025,0,0,,0,,,,0,,,,,0,0,0,0,0,0,0,0,1,0,1,0,1,2,0,0,0,0,0,0,272,0,0.001,0.004
823,1.365,1.118,0,0.004,0.113,0,0,,0,,,,0,,,,,0,0,0,0,0,0,0,0,1,0,1,0,1,2,0,0,0,0,0,0,272,0.001,0.002,0.006
824,0.975,0.873,0,0.001,0.037,0,0,,0,,,,0,,,,,0,0,0,0,0,0,0,0,1,0,1,0,1,2,0,0,0,0,0,0,272,0,0,0.004
825,1.103,0.974,0.001,0.003,0.036,0,0,,0,,,,0,,,,,0,0,0,0,0,0,0,0,1,0,1,0,1,2,0,0,0,0,0,0,272,0,0.001,0.005
826,1.388,1.158,0.001,0.004,0.083,0,0,,0,,,,0,,,,,0,0,0,0,0,0,0,0,1,0,1,0,1,2,0,0,0,0,0,0,272,0,0.001,0.008
827,1.808,1.641,0.001,0.002,0.073,0,0,,0,,,,0,,,,,0,0,0,0,0,0,0,0,1,0,1,0,1,2,0,0,0,0,0,0,272,0,0,0.005
828,1.302,1.079,0,0.004,0.082,0,0,,0,,,,0,,,,,0,0,0,0,0,0,0,0,1,0,1,0,1,2,0,0,0,0,0,0,272,0,0.001,0.007
829,1.863,1.638,0,0.004,0.087,0,0,,0,,,,0,,,,,0,0,0,0,0,0,0,0,1,0,1,0,1,2,0,0,0,0,0,0,272,0,0.001,0.007
830,1.235,1.087,0.001,0.002,0.062,0,0,,0,,,,0,,,,,0,0,0,0,0,0,0,0,1,0,1,0,1,2,0,0,0,0,0,0,272,0,0.001,0.004
831,1.538,1.366,0,0.002,0.086,0,0,,0,,,,0,,,,,0,0,0,0,0,0,0,0,1,0,1,0,1,2,0,0,0,0,0,0,272,0.001,0.001,0.004
832,1.256,0.978,0.001,0.004,0.108,0,0,,0,,,,0,,,,,0,0,0,0,0,0,0,0,1,0,1,0,1,2,0,0,0,0,0,0,272,0,0.002,0.008
833,1.764,1.531,0.001,0.005,0.069,0,0,,0,,,,0,,,,,0,0,0,0,0,0,0,0,1,0,1,0,1,2,0,0,0,0,0,0,272,0.001,0.001,0.008
834,1.046,0.826,0.001,0.004,0.083,0,0,,0,,,,0,,,,,0,0,0,0,0,0,0,0,1,0,1,0,1,2,0,0,0,0,0,0,272,0,0.001,0.007
835,1.192,1.033,0.001,0.003,0.033,0,0,,0,,,,0,,,,,0,0,0,0,0,0,0,0,1,0,1,0,1,2,0,0,0,0,0,0,272,0.001,0.001,0.006
836,1.306,1.101,0,0.003,0.106,0,0,,0,,,,0,,,,,0,0,0,0,0,0,0,0,1,0,1,0,1,2,0,0,0,0,0,0,272,0.001,0.001,0.004
837,1.319,1.016,0,0.004,0.142,0,0,,0,,,,0,,,,,0,0,0,0,0,0,0,0,1,0,1,0,1,2,0,0,0,0,0,0,272,0.001,0.002,0.008
838,1.033,0.861,0.001,0.003,0.065,0,0,,0,,,,0,,,,,0,0,0,0,0,0,0,0,1,0,1,0,1,2,0,0,0,0,0,0,272,0,0.001,0.006
839,2.43,2.139,0,0.006,0.103,0,0,,0,,,,0,,,,,0,0,0,0,0,0,0,0,1,0,1,0,1,2,0,0,0,0,0,0,272,0.001,0.001,0.01
840,1.125,0.951,0,0.003,0.08,0,0,,1,406.25,229830656,286617600,1,62503872,62503872,135081984,38823561584,0,0,0,0,0,0,0,0,1,0,1,0,1,2,0,0,0,0,0,0,272,0,0.001,0.005
841,1.258,1.095,0.001,0.002,0.076,0,0,,0,,,,0,,,,,0,0,0,0,0,0,0,0,1,0,1,0,1,2,0,0,0,0,0,0,272,0.001,0.001,0.004
842,0.734,0.51,0,0.002,0.097,0,0,,0,,,,0,,,,,0,0,0,0,0,0,0,0,1,0,1,0,1,2,0,0,0,0,0,0,272,0,0.001,0.007
843,0.564,0.389,0.001,0.002,0.082,0,0,,0,,,,0,,,,,0,0,0,0,0,0,0,0,1,0,1,0,1,2,0,0,0,0,0,0,272,0,0,0.005
844,0.608,0.447,0,0.001,0.079,0,0,,0,,,,0,,,,,0,0,0,0,0,0,0,0,1,0,1,0,1,2,0,0,0,0,0,0,272,0,0.001,0.004
845,0.711,0.486,0.001,0.004,0.072,0,0,,0,,,,0,,,,,0,0,0,0,0,0,0,0,1,0,1,0,1,2,0,0,0,0,0,0,272,0.001,0.001,0.008
846,0.559,0.385,0,0.002,0.082,0,0,,0,,,,0,,,,,0,0,0,0,0,0,0,0,1,0,1,0,1,2,0,0,0,0,0,0,272,0,0.001,0.005
847,0.624,0.471,0.001,0.002,0.063,0,0,,0,,,,0,,,,,0,0,0,0,0,0,0,0,1,0,1,0,1,2,0,0,0,0,0,0,272,0.001,0.001,0.005
848,1.376,1.207,0,0.003,0.084,0,0,,0,,,,0,,,,,0,0,0,0,0,0,0,0,1,0,1,0,1,2,0,0,0,0,0,0,272,0,0,0.003
849,0.647,0.443,0,0.006,0.047,0,0,,0,,,,0,,,,,0,0,0,0,0,0,0,0,1,0,1,0,1,2,0,0,0,0,0,0,272,0.001,0.002,0.009
850,0.53,0.432,0,0.002,0.042,0,0,,0,,,,0,,,,,0,0,0,0,0,0,0,0,1,0,1,0,1,2,0,0,0,0,0,0,272,0,0.001,0.003
851,0.761,0.548,0,0.004,0.087,0,0,,0,,,,0,,,,,0,0,0,0,0,0,0,0,1,0,1,0,1,2,0,0,0,0,0,0,272,0.001,0.002,0.007
852,0.511,0.419,0,0.002,0.038,0,0,,0,,,,0,,,,,0,0,0,0,0,0,0,0,1,0,1,0,1,2,0,0,0,0,0,0,272,0,0,0.003
853,0.734,0.554,0,0.004,0.08,0,0,,0,,,,0,,,,,0,0,0,0,0,0,0,0,1,0,1,0,1,2,0,0,0,0,0,0,272,0,0,0.004
854,0.608,0.426,0,0.003,0.04,0,0,,0,,,,0,,,,,0,0,0,0,0,0,0,0,1,0,1,0,1,2,0,0,0,0,0,0,272,0,0.001,0.004
855,0.614,0.467,0.001,0.002,0.057,0,0,,0,,,,0,,,,,0,0,0,0,0,0,0,0,1,0,1,0,1,2,0,0,0,0,0,0,272,0,0.001,0.005
856,1.003,0.494,0,0.003,0.051,0,0,,0,,,,0,,,,,0,0,0,0,0,0,0,0,1,0,1,0,1,2,0,0,0,0,0,0,272,0.001,0.002,0.007
857,0.508,0.194,0,0.003,0.22,0,0,,0,,,,0,,,,,0,0,0,0,0,0,0,0,1,0,1,0,1,2,0,0,0,0,0,0,272,0,0.001,0.004
858,1.12,0.972,0.001,0.003,0.04,0,0,,0,,,,0,,,,,0,0,0,0,0,0,0,0,1,0,1,0,1,2,0,0,0,0,0,0,272,0.001,0.002,0.006
859,0.737,0.511,0.001,0.004,0.087,0,0,,0,,,,0,,,,,0,0,0,0,0,0,0,0,1,0,1,0,1,2,0,0,0,0,0,0,272,0.001,0.001,0.007
860,0.701,0.407,0,0.004,0.092,0,0,,0,,,,0,,,,,0,0,0,0,0,0,0,0,1,0,1,0,1,2,0,0,0,0,0,0,272,0.001,0.001,0.008
861,0.465,0.305,0,0.002,0.052,0,0,,0,,,,0,,,,,0,0,0,0,0,0,0,0,1,0,1,0,1,2,0,0,0,0,0,0,272,0.001,0.002,0.005
862,0.549,0.431,0,0.002,0.044,0,0,,0,,,,0,,,,,0,0,0,0,0,0,0,0,1,0,1,0,1,2,0,0,0,0,0,0,272,0,0.001,0.004
863,0.657,0.546,0,0.002,0.043,0,0,,0,,,,0,,,,,0,0,0,0,0,0,0,0,1,0,1,0,1,2,0,0,0,0,0,0,272,0,0,0.004
864,0.644,0.524,0,0.003,0.038,0,0,,0,,,,0,,,,,0,0,0,0,0,0,0,0,1,0,1,0,1,2,0,0,0,0,0,0,272,0,0,0.004
865,0.659,0.523,0,0.003,0.051,0,0,,0,,,,0,,,,,0,0,0,0,0,0,0,0,1,0,1,0,1,2,0,0,0,0,0,0,272,0,0.001,0.004
866,0.549,0.478,0,0.002,0.027,0,0,,0,,,,0,,,,,0,0,0,0,0,0,0,0,1,0,1,0,1,2,0,0,0,0,0,0,272,0,0.001,0.002
867,0.634,0.565,0,0.001,0.029,0,0,,0,,,,0,,,,,0,0,0,0,0,0,0,0,1,0,1,0,1,2,0,0,0,0,0,0,272,0,0.001,0.002
868,0.684,0.577,0,0.003,0.029,0,0,,0,,,,0,,,,,0,0,0,0,0,0,0,0,1,0,1,0,1,2,0,0,0,0,0,0,272,0,0.001,0.004
869,0.626,0.523,0,0.002,0.042,0,0,,0,,,,0,,,,,0,0,0,0,0,0,0,0,1,0,1,0,1,2,0,0,0,0,0,0,272,0,0,0.003
870,1.152,0.958,0,0.004,0.082,0,0,,1,421.875,229830656,286617600,1,62503872,62503872,135081984,38823561584,0,0,0,0,0,0,0,0,1,0,1,0,1,2,0,0,0,0,0,0,272,0.001,0.001,0.006
871,0.082,0.001,0,0.002,0.032,0,0,,0,,,,0,,,,,0,0,0,0,0,0,0,0,1,0,1,0,1,2,0,0,0,0,0,0,272,0,0.001,0.002
872,1.205,0.506,0.001,0.003,0.58,0,0,,0,,,,0,,,,,0,0,0,0,0,0,0,0,1,0,1,0,1,2,0,0,0,0,0,0,272,0.001,0.001,0.005
873,0.415,0.201,0.001,0.003,0.124,0,0,,0,,,,0,,,,,0,0,0,0,0,0,0,0,1,0,1,0,1,2,0,0,0,0,0,0,272,0.001,0.001,0.005
874,0.634,0.47,0,0.003,0.047,0,0,,0,,,,0,,,,,0,0,0,0,0,0,0,0,1,0,1,0,1,2,0,0,0,0,0,0,272,0,0.001,0.006
875,0.614,0.498,0,0.003,0.041,0,0,,0,,,,0,,,,,0,0,0,0,0,0,0,0,1,0,1,0,1,2,0,0,0,0,0,0,272,0,0.001,0.003
876,0.703,0.522,0.001,0.002,0.084,0,0,,0,,,,0,,,,,0,0,0,0,0,0,0,0,1,0,1,0,1,2,0,0,0,0,0,0,272,0,0,0.005
877,0.584,0.417,0,0.002,0.085,0,0,,0,,,,0,,,,,0,0,0,0,0,0,0,0,1,0,1,0,1,2,0,0,0,0,0,0,272,0,0.001,0.004
878,0.783,0.603,0.001,0.003,0.07,0,0,,0,,,,0,,,,,0,0,0,0,0,0,0,0,1,0,1,0,1,2,0,0,0,0,0,0,272,0,0.001,0.005
879,0.409,0.295,0,0.002,0.031,0,0,,0,,,,0,,,,,0,0,0,0,0,0,0,0,1,0,1,0,1,2,0,0,0,0,0,0,272,0,0,0.004
880,0.708,0.595,0,0.002,0.037,0,0,,0,,,,0,,,,,0,0,0,0,0,0,0,0,1,0,1,0,1,2,0,0,0,0,0,0,272,0,0.001,0.004
881,0.704,0.453,0.001,0.004,0.072,0,0,,0,,,,0,,,,,0,0,0,0,0,0,0,0,1,0,1,0,1,2,0,0,0,0,0,0,272,0.001,0.001,0.008
882,0.427,0.318,0,0.003,0.028,0,0,,0,,,,0,,,,,0,0,0,0,0,0,0,0,1,0,1,0,1,2,0,0,0,0,0,0,272,0,0.001,0.005
883,1.483,1.315,0,0.004,0.057,0,0,,0,,,,0,,,,,0,0,0,0,0,0,0,0,1,0,1,0,1,2,0,0,0,0,0,0,272,0,0.001,0.005
884,1.172,1.012,0,0.003,0.068,0,0,,0,,,,0,,,,,0,0,0,0,0,0,0,0,1,0,1,0,1,2,0,0,0,0,0,0,272,0,0.001,0.005
885,1.202,1.033,0.001,0.003,0.058,0,0,,0,,,,0,,,,,0,0,0,0,0,0,0,0,1,0,1,0,1,2,0,0,0,0,0,0,272,0,0.001,0.005
886,1.209,1.029,0.001,0.003,0.051,0,0,,0,,,,0,,,,,0,0,0,0,0,0,0,0,1,0,1,0,1,2,0,0,0,0,0,0,272,0,0.001,0.006
887,1.107,1.001,0,0.002,0.043,0,0,,0,,,,0,,,,,0,0,0,0,0,0,0,0,1,0,1,0,1,2,0,0,0,0,0,0,272,0,0,0.002
888,1.356,1.177,0,0.003,0.073,0,0,,0,,,,0,,,,,0,0,0,0,0,0,0,0,1,0,1,0,1,2,0,0,0,0,0,0,272,0,0.001,0.006
889,0.873,0.754,0,0.002,0.049,0,0,,0,,,,0,,,,,0,0,0,0,0,0,0,0,1,0,1,0,1,2,0,0,0,0,0,0,272,0,0.001,0.003
890,1.88,1.732,0.001,0.003,0.03,0,0,,0,,,,0,,,,,0,0,0,0,0,0,0,0,1,0,1,0,1,2,0,0,0,0,0,0,272,0.001,0.001,0.006
891,1.372,1.097,0.001,0.006,0.085,0,0,,0,,,,0,,,,,0,0,0,0,0,0,0,0,1,0,1,0,1,2,0,0,0,0,0,0,272,0.001,0.001,0.009
892,1.126,0.913,0,0.002,0.1,0,0,,0,,,,0,,,,,0,0,0,0,0,0,0,0,1,0,1,0,1,2,0,0,0,0,0,0,272,0.001,0.001,0.005
893,1.509,1.385,0,0.003,0.05,0,0,,0,,,,0,,,,,0,0,0,0,0,0,0,0,1,0,1,0,1,2,0,0,0,0,0,0,272,0.001,0.001,0.004
894,0.729,0.632,0,0.002,0.036,0,0,,0,,,,0,,,,,0,0,0,0,0,0,0,0,1,0,1,0,1,2,0,0,0,0,0,0,272,0,0,0.003
895,1.294,1.102,0,0.003,0.073,0,0,,0,,,,0,,,,,0,0,0,0,0,0,0,0,1,0,1,0,1,2,0,0,0,0,0,0,272,0.001,0.001,0.006
896,2.577,2.43,0,0.004,0.052,0,0,,0,,,,0,,,,,0,0,0,0,0,0,0,0,1,0,1,0,1,2,0,0,0,0,0,0,272,0,0.001,0.007
897,0.562,0.382,0,0.003,0.061,0,0,,0,,,,0,,,,,0,0,0,0,0,0,0,0,1,0,1,0,1,2,0,0,0,0,0,0,272,0,0.001,0.005
898,0.947,0.819,0.001,0.002,0.048,0,0,,0,,,,0,,,,,0,0,0,0,0,0,0,0,1,0,1,0,1,2,0,0,0,0,0,0,272,0.001,0.001,0.005
899,0.724,0.608,0,0.002,0.047,0,0,,0,,,,0,,,,,0,0,0,0,0,0,0,0,1,0,1,0,1,2,0,0,0,0,0,0,272,0,0,0.004
900,0.45,0.134,0.001,0.001,0.268,0,0,,1,437.5,229830656,286617600,1,62503872,62503872,135081984,38823561584,0,0,0,0,0,0,0,0,1,0,1,0,1,2,0,0,0,0,0,0,272,0,0,0.002
901,0.406,0.326,0,0.001,0.035,0,0,,0,,,,0,,,,,0,0,0,0,0,0,0,0,1,0,1,0,1,2,0,0,0,0,0,0,272,0,0.001,0.002
902,0.479,0.383,0,0.002,0.033,0,0,,0,,,,0,,,,,0,0,0,0,0,0,0,0,1,0,1,0,1,2,0,0,0,0,0,0,272,0,0.001,0.003
903,0.968,0.852,0.001,0.001,0.05,0,0,,0,,,,0,,,,,0,0,0,0,0,0,0,0,1,0,1,0,1,2,0,0,0,0,0,0,272,0,0.001,0.003
904,0.344,0.267,0,0.001,0.036,0,0,,0,,,,0,,,,,0,0,0,0,0,0,0,0,1,0,1,0,1,2,0,0,0,0,0,0,272,0,0.001,0.002
905,0.857,0.764,0,0.002,0.034,0,0,,0,,,,0,,,,,0,0,0,0,0,0,0,0,1,0,1,0,1,2,0,0,0,0,0,0,272,0,0.001,0.002
906,1.198,1.085,0,0.002,0.044,0,0,,0,,,,0,,,,,0,0,0,0,0,0,0,0,1,0,1,0,1,2,0,0,0,0,0,0,272,0,0.001,0.003
907,0.361,0.271,0,0.001,0.039,0,0,,0,,,,0,,,,,0,0,0,0,0,0,0,0,1,0,1,0,1,2,0,0,0,0,0,0,272,0,0,0.002
908,0.762,0.524,0.001,0.004,0.102,0,0,,0,,,,0,,,,,0,0,0,0,0,0,0,0,1,0,1,0,1,2,0,0,0,0,0,0,272,0.001,0.001,0.006
909,0.741,0.628,0,0.002,0.051,0,0,,0,,,,0,,,,,0,0,0,0,0,0,0,0,1,0,1,0,1,2,0,0,0,0,0,0,272,0,0.001,0.003
910,0.989,0.884,0,0.002,0.044,0,0,,0,,,,0,,,,,0,0,0,0,0,0,0,0,1,0,1,0,1,2,0,0,0,0,0,0,272,0,0,0.003
911,0.343,0.241,0,0.002,0.059,0,0,,0,,,,0,,,,,0,0,0,0,0,0,0,0,1,0,1,0,1,2,0,0,0,0,0,0,272,0,0,0.002
912,0.827,0.713,0.001,0.002,0.044,0,0,,0,,,,0,,,,,0,0,0,0,0,0,0,0,1,0,1,0,1,2,0,0,0,0,0,0,272,0.001,0.001,0.003
913,0.518,0.342,0,0.002,0.083,0,0,,0,,,,0,,,,,0,0,0,0,0,0,0,0,1,0,1,0,1,2,0,0,0,0,0,0,272,0,0.001,0.004
914,0.684,0.501,0,0.004,0.058,0,0,,0,,,,0,,,,,0,0,0,0,0,0,0,0,1,0,1,0,1,2,0,0,0,0,0,0,272,0.001,0.002,0.006
915,0.538,0.433,0,0.002,0.031,0,0,,0,,,,0,,,,,0,0,0,0,0,0,0,0,1,0,1,0,1,2,0,0,0,0,0,0,272,0,0.001,0.004
916,1.438,1.18,0.001,0.005,0.097,0,0,,0,,,,0,,,,,0,0,0,0,0,0,0,0,1,0,1,0,1,2,0,0,0,0,0,0,272,0,0.001,0.009
917,0.576,0.399,0.001,0.001,0.082,0,0,,0,,,,0,,,,,0,0,0,0,0,0,0,0,1,0,1,0,1,2,0,0,0,0,0,0,272,0.001,0.001,0.006
918,0.72,0.512,0.001,0.003,0.101,0,0,,0,,,,0,,,,,0,0,0,0,0,0,0,0,1,0,1,0,1,2,0,0,0,0,0,0,272,0.001,0.001,0.005
919,0.544,0.462,0,0.001,0.034,0,0,,0,,,,0,,,,,0,0,0,0,0,0,0,0,1,0,1,0,1,2,0,0,0,0,0,0,272,0,0,0.002
920,0.812,0.626,0.001,0.003,0.072,0,0,,0,,,,0,,,,,0,0,0,0,0,0,0,0,1,0,1,0,1,2,0,0,0,0,0,0,272,0,0.001,0.006
921,0.571,0.497,0,0.001,0.033,0,0,,0,,,,0,,,,,0,0,0,0,0,0,0,0,1,0,1,0,1,2,0,0,0,0,0,0,272,0,0,0.002
922,0.6,0.27,0,0.003,0.25,0,0,,0,,,,0,,,,,0,0,0,0,0,0,0,0,1,0,1,0,1,2,0,0,0,0,0,0,272,0,0.001,0.003
923,0.388,0.293,0,0.002,0.05,0,0,,0,,,,0,,,,,0,0,0,0,0,0,0,0,1,0,1,0,1,2,0,0,0,0,0,0,272,0,0,0.002
924,0.889,0.781,0,0.002,0.044,0,0,,0,,,,0,,,,,0,0,0,0,0,0,0,0,1,0,1,0,1,2,0,0,0,0,0,0,272,0,0,0.003
925,0.274,0.199,0.001,0.001,0.03,0,0,,0,,,,0,,,,,0,0,0,0,0,0,0,0,1,0,1,0,1,2,0,0,0,0,0,0,272,0.001,0,0.002
926,0.811,0.617,0,0.003,0.08,0,0,,0,,,,0,,,,,0,0,0,0,0,0,0,0,1,0,1,0,1,2,0,0,0,0,0,0,272,0,0,0.005
927,0.597,0.485,0,0.002,0.043,0,0,,0,,,,0,,,,,0,0,0,0,0,0,0,0,1,0,1,0,1,2,0,0,0,0,0,0,272,0,0,0.004
928,1.411,1.249,0.001,0.003,0.063,0,0,,0,,,,0,,,,,0,0,0,0,0,0,0,0,1,0,1,0,1,2,0,0,0,0,0,0,272,0,0.002,0.005
929,0.616,0.52,0,0.002,0.037,0,0,,0,,,,0,,,,,0,0,0,0,0,0,0,0,1,0,1,0,1,2,0,0,0,0,0,0,272,0,0.001,0.003
930,0.67,0.603,0,0.001,0.03,0,0,,1,453.125,229830656,286617600,1,62503872,62503872,135081984,38823561584,0,0,0,0,0,0,0,0,1,0,1,0,1,2,0,0,0,0,0,0,272,0,0,0.002
931,0.681,0.613,0,0.001,0.031,0,0,,0,,,,0,,,,,0,0,0,0,0,0,0,0,1,0,1,0,1,2,0,0,0,0,0,0,272,0,0,0.002
932,0.737,0.647,0,0.001,0.035,0,0,,0,,,,0,,,,,0,0,0,0,0,0,0,0,1,0,1,0,1,2,0,0,0,0,0,0,272,0,0.001,0.002
933,0.704,0.596,0.001,0.001,0.069,0,0,,0,,,,0,,,,,0,0,0,0,0,0,0,0,1,0,1,0,1,2,0,0,0,0,0,0,272,0,0,0.002
934,0.758,0.601,0,0.003,0.047,0,0,,0,,,,0,,,,,0,0,0,0,0,0,0,0,1,0,1,0,1,2,0,0,0,0,0,0,272,0,0.001,0.005
935,0.614,0.493,0,0.003,0.033,0,0,,0,,,,0,,,,,0,0,0,0,0,0,0,0,1,0,1,0,1,2,0,0,0,0,0,0,272,0,0.001,0.006
936,0.888,0.758,0.001,0.002,0.048,0,0,,0,,,,0,,,,,0,0,0,0,0,0,0,0,1,0,1,0,1,2,0,0,0,0,0,0,272,0.001,0.001,0.004
937,1.37,1.261,0,0.002,0.047,0,0,,0,,,,0,,,,,0,0,0,0,0,0,0,0,1,0,1,0,1,2,0,0,0,0,0,0,272,0,0,0.003
938,3.574,3.46,0.001,0.002,0.047,0,0,,0,,,,0,,,,,0,0,0,0,0,0,0,0,1,0,1,0,1,2,0,0,0,0,0,0,272,0,0.001,0.004
939,1.569,1.459,0,0.002,0.045,0,0,,0,,,,0,,,,,0,0,0,0,0,0,0,0,1,0,1,0,1,2,0,0,0,0,0,0,272,0.001,0,0.004
940,1.777,1.685,0,0.002,0.035,0,0,,0,,,,0,,,,,0,0,0,0,0,0,0,0,1,0,1,0,1,2,0,0,0,0,0,0,272,0.001,0,0.003
941,1.162,1.047,0.001,0.002,0.048,0,0,,0,,,,0,,,,,0,0,0,0,0,0,0,0,1,0,1,0,1,2,0,0,0,0,0,0,272,0,0.001,0.004
942,1.328,1.2,0.001,0.002,0.052,0,0,,0,,,,0,,,,,0,0,0,0,0,0,0,0,1,0,1,0,1,2,0,0,0,0,0,0,272,0,0,0.004
943,0.742,0.626,0,0.002,0.051,0,0,,0,,,,0,,,,,0,0,0,0,0,0,0,0,1,0,1,0,1,2,0,0,0,0,0,0,272,0,0,0.003
944,0.772,0.67,0,0.002,0.048,0,0,,0,,,,0,,,,,0,0,0,0,0,0,0,0,1,0,1,0,1,2,0,0,0,0,0,0,272,0,0,0.002
945,0.31,0.235,0,0.001,0.029,0,0,,0,,,,0,,,,,0,0,0,0,0,0,0,0,1,0,1,0,1,2,0,0,0,0,0,0,272,0,0,0.002
946,0.859,0.764,0,0.001,0.043,0,0,,0,,,,0,,,,,0,0,0,0,0,0,0,0,1,0,1,0,1,2,0,0,0,0,0,0,272,0,0,0.002
947,0.772,0.659,0.001,0.001,0.061,0,0,,0,,,,0,,,,,0,0,0,0,0,0,0,0,1,0,1,0,1,2,0,0,0,0,0,0,272,0,0.001,0.002
948,0.383,0.256,0,0.002,0.051,0,0,,0,,,,0,,,,,0,0,0,0,0,0,0,0,1,0,1,0,1,2,0,0,0,0,0,0,272,0,0.001,0.003
949,0.618,0.523,0,0.001,0.037,0,0,,0,,,,0,,,,,0,0,0,0,0,0,0,0,1,0,1,0,1,2,0,0,0,0,0,0,272,0.001,0,0.003
950,0.784,0.66,0,0.003,0.05,0,0,,0,,,,0,,,,,0,0,0,0,0,0,0,0,1,0,1,0,1,2,0,0,0,0,0,0,272,0.001,0.001,0.004
951,0.753,0.682,0,0.002,0.026,0,0,,0,,,,0,,,,,0,0,0,0,0,0,0,0,1,0,1,0,1,2,0,0,0,0,0,0,272,0,0,0.002
952,1.396,1.167,0,0.004,0.076,0,0,,0,,,,0,,,,,0,0,0,0,0,0,0,0,1,0,1,0,1,2,0,0,0,0,0,0,272,0,0.001,0.007
953,0.908,0.715,0,0.003,0.08,0,0,,0,,,,0,,,,,0,0,0,0,0,0,0,0,1,0,1,0,1,2,0,0,0,0,0,0,272,0,0.002,0.006
954,1.141,0.915,0,0.004,0.11,0,0,,0,,,,0,,,,,0,0,0,0,0,0,0,0,1,0,1,0,1,2,0,0,0,0,0,0,272,0,0.002,0.006
955,0.595,0.422,0,0.004,0.05,0,0,,0,,,,0,,,,,0,0,0,0,0,0,0,0,1,0,1,0,1,2,0,0,0,0,0,0,272,0.001,0.002,0.006
956,0.657,0.524,0,0.003,0.047,0,0,,0,,,,0,,,,,0,0,0,0,0,0,0,0,1,0,1,0,1,2,0,0,0,0,0,0,272,0,0.001,0.005
957,0.692,0.567,0,0.003,0.048,0,0,,0,,,,0,,,,,0,0,0,0,0,0,0,0,1,0,1,0,1,2,0,0,0,0,0,0,272,0,0.001,0.004
958,0.683,0.567,0,0.002,0.044,0,0,,0,,,,0,,,,,0,0,0,0,0,0,0,0,1,0,1,0,1,2,0,0,0,0,0,0,272,0,0,0.004
959,0.733,0.573,0,0.003,0.056,0,0,,0,,,,0,,,,,0,0,0,0,0,0,0,0,1,0,1,0,1,2,0,0,0,0,0,0,272,0,0.001,0.005
960,0.678,0.566,0.001,0.002,0.042,0,0,,1,453.125,229830656,286617600,1,62503872,62503872,135081984,38823561584,0,0,0,0,0,0,0,0,1,0,1,0,1,2,0,0,0,0,0,0,272,0,0.001,0.004
961,0.605,0.528,0,0.001,0.033,0,0,,0,,,,0,,,,,0,0,0,0,0,0,0,0,1,0,1,0,1,2,0,0,0,0,0,0,272,0,0.001,0.002
962,0.699,0.625,0,0.001,0.036,0,0,,0,,,,0,,,,,0,0,0,0,0,0,0,0,1,0,1,0,1,2,0,0,0,0,0,0,272,0,0,0.002
963,0.718,0.631,0,0.002,0.04,0,0,,0,,,,0,,,,,0,0,0,0,0,0,0,0,1,0,1,0,1,2,0,0,0,0,0,0,272,0,0,0.003
964,2.468,2.256,0,0.005,0.06,0,0,,0,,,,0,,,,,0,0,0,0,0,0,0,0,1,0,1,0,1,2,0,0,0,0,0,0,272,0.001,0.001,0.007
965,0.593,0.516,0,0.002,0.033,0,0,,0,,,,0,,,,,0,0,0,0,0,0,0,0,1,0,1,0,1,2,0,0,0,0,0,0,272,0,0,0.003
966,1.568,1.442,0,0.003,0.05,0,0,,0,,,,0,,,,,0,0,0,0,0,0,0,0,1,0,1,0,1,2,0,0,0,0,0,0,272,0,0,0.004
967,1.623,1.455,0,0.003,0.066,0,0,,0,,,,0,,,,,0,0,0,0,0,0,0,0,1,0,1,0,1,2,0,0,0,0,0,0,272,0.001,0.001,0.005
968,1.768,1.592,0,0.004,0.058,0,0,,0,,,,0,,,,,0,0,0,0,0,0,0,0,1,0,1,0,1,2,0,0,0,0,0,0,272,0,0.001,0.007
969,4.412,4.256,0,0.004,0.058,0,0,,0,,,,0,,,,,0,0,0,0,0,0,0,0,1,0,1,0,1,2,0,0,0,0,0,0,272,0,0.001,0.005
970,1.049,0.886,0.001,0.003,0.047,0,0,,0,,,,0,,,,,0,0,0,0,0,0,0,0,1,0,1,0,1,2,0,0,0,0,0,0,272,0.001,0.001,0.006
971,1.045,0.861,0,0.004,0.055,0,0,,0,,,,0,,,,,0,0,0,0,0,0,0,0,1,0,1,0,1,2,0,0,0,0,0,0,272,0,0.001,0.009
972,0.973,0.848,0,0.002,0.052,0,0,,0,,,,0,,,,,0,0,0,0,0,0,0,0,1,0,1,0,1,2,0,0,0,0,0,0,272,0,0.001,0.004
973,1.154,0.927,0,0.004,0.08,0,0,,0,,,,0,,,,,0,0,0,0,0,0,0,0,1,0,1,0,1,2,0,0,0,0,0,0,272,0,0.001,0.007
974,1.696,1.579,0,0.003,0.045,0,0,,0,,,,0,,,,,0,0,0,0,0,0,0,0,1,0,1,0,1,2,0,0,0,0,0,0,272,0,0.001,0.004
975,1.026,0.913,0,0.002,0.049,0,0,,0,,,,0,,,,,0,0,0,0,0,0,0,0,1,0,1,0,1,2,0,0,0,0,0,0,272,0.001,0,0.004
976,0.972,0.864,0,0.002,0.045,0,0,,0,,,,0,,,,,0,0,0,0,0,0,0,0,1,0,1,0,1,2,0,0,0,0,0,0,272,0,0,0.004
977,0.966,0.876,0,0.002,0.036,0,0,,0,,,,0,,,,,0,0,0,0,0,0,0,0,1,0,1,0,1,2,0,0,0,0,0,0,272,0,0.001,0.003
978,1.062,0.892,0.001,0.003,0.067,0,0,,0,,,,0,,,,,0,0,0,0,0,0,0,0,1,0,1,0,1,2,0,0,0,0,0,0,272,0,0.001,0.006
979,0.952,0.819,0,0.004,0.03,0,0,,0,,,,0,,,,,0,0,0,0,0,0,0,0,1,0,1,0,1,2,0,0,0,0,0,0,272,0,0.001,0.006
980,1.057,0.916,0,0.003,0.041,0,0,,0,,,,0,,,,,0,0,0,0,0,0,0,0,1,0,1,0,1,2,0,0,0,0,0,0,272,0,0.001,0.006
981,2.895,2.767,0,0.003,0.042,0,0,,0,,,,0,,,,,0,0,0,0,0,0,0,0,1,0,1,0,1,2,0,0,0,0,0,0,272,0,0.001,0.005
982,1.029,0.884,0,0.002,0.067,0,0,,0,,,,0,,,,,0,0,0,0,0,0,0,0,1,0,1,0,1,2,0,0,0,0,0,0,272,0,0.001,0.004
983,0.954,0.839,0,0.002,0.049,0,0,,0,,,,0,,,,,0,0,0,0,0,0,0,0,1,0,1,0,1,2,0,0,0,0,0,0,272,0,0.001,0.003
984,1.062,0.944,0,0.002,0.051,0,0,,0,,,,0,,,,,0,0,0,0,0,0,0,0,1,0,1,0,1,2,0,0,0,0,0,0,272,0,0,0.003
985,1.517,1.354,0.001,0.002,0.07,0,0,,0,,,,0,,,,,0,0,0,0,0,0,0,0,1,0,1,0,1,2,0,0,0,0,0,0,272,0,0.001,0.005
986,3.44,2.554,0.001,0.004,0.766,0,0,,0,,,,0,,,,,0,0,0,0,0,0,0,0,1,0,1,0,1,2,0,0,0,0,0,0,272,0,0.001,0.006
987,0.757,0.609,0.001,0.003,0.058,0,0,,0,,,,0,,,,,0,0,0,0,0,0,0,0,1,0,1,0,1,2,0,0,0,0,0,0,272,0,0.001,0.005
988,1.582,1.355,0,0.001,0.102,0,0,,0,,,,0,,,,,0,0,0,0,0,0,0,0,1,0,1,0,1,2,0,0,0,0,0,0,272,0,0.001,0.006
989,1.426,1.267,0.001,0.003,0.038,0,0,,0,,,,0,,,,,0,0,0,0,0,0,0,0,1,0,1,0,1,2,0,0,0,0,0,0,272,0.001,0.002,0.006
990,1.492,1.263,0.001,0.005,0.053,0,0,,1,484.375,229830656,286617600,1,62503872,62503872,135081984,38823561584,0,0,0,0,0,0,0,0,1,0,1,0,1,2,0,0,0,0,0,0,272,0,0.002,0.009
991,4.102,3.95,0,0.002,0.074,0,0,,0,,,,0,,,,,0,0,0,0,0,0,0,0,1,0,1,0,1,2,0,0,0,0,0,0,272,0.001,0.001,0.004
992,1.584,1.331,0.001,0.004,0.109,0,0,,0,,,,0,,,,,0,0,0,0,0,0,0,0,1,0,1,0,1,2,0,0,0,0,0,0,272,0,0.001,0.007
993,1.709,1.45,0,0.005,0.11,0,0,,0,,,,0,,,,,0,0,0,0,0,0,0,0,1,0,1,0,1,2,0,0,0,0,0,0,272,0.001,0.002,0.007
994,1.475,1.325,0,0.002,0.06,0,0,,0,,,,0,,,,,0,0,0,0,0,0,0,0,1,0,1,0,1,2,0,0,0,0,0,0,272,0,0,0.005
995,3.074,2.901,0.001,0.003,0.05,0,0,,0,,,,0,,,,,0,0,0,0,0,0,0,0,1,0,1,0,1,2,0,0,0,0,0,0,272,0,0.001,0.006
996,1.64,1.462,0,0.003,0.07,0,0,,0,,,,0,,,,,0,0,0,0,0,0,0,0,1,0,1,0,1,2,0,0,0,0,0,0,272,0,0.001,0.006
997,1.765,1.507,0,0.006,0.047,0,0,,0,,,,0,,,,,0,0,0,0,0,0,0,0,1,0,1,0,1,2,0,0,0,0,0,0,272,0.001,0.002,0.012
998,1.338,1.117,0,0.006,0.059,0,0,,0,,,,0,,,,,0,0,0,0,0,0,0,0,1,0,1,0,1,2,0,0,0,0,0,0,272,0.001,0.003,0.011
999,3.53,3.334,0.001,0.003,0.088,0,0,,0,,,,0,,,,,0,0,0,0,0,0,0,0,1,0,1,0,1,2,0,0,0,0,0,0,272,0,0.001,0.006
1000,0.723,0.609,0.001,0.001,0.048,0,0,,0,,,,0,,,,,0,0,0,0,0,0,0,0,1,0,1,0,1,2,0,0,0,0,0,0,272,0,0.001,0.003
1001,1.055,0.855,0,0.003,0.095,0,0,,0,,,,0,,,,,0,0,0,0,0,0,0,0,1,0,1,0,1,2,0,0,0,0,0,0,272,0,0.001,0.005
1002,0.579,0.451,0,0.002,0.061,0,0,,0,,,,0,,,,,0,0,0,0,0,0,0,0,1,0,1,0,1,2,0,0,0,0,0,0,272,0.001,0,0.004
1003,0.681,0.553,0,0.003,0.045,0,0,,0,,,,0,,,,,0,0,0,0,0,0,0,0,1,0,1,0,1,2,0,0,0,0,0,0,272,0.001,0.001,0.004
1004,0.672,0.574,0,0.002,0.041,0,0,,0,,,,0,,,,,0,0,0,0,0,0,0,0,1,0,1,0,1,2,0,0,0,0,0,0,272,0,0.001,0.003
1005,0.713,0.601,0,0.003,0.041,0,0,,0,,,,0,,,,,0,0,0,0,0,0,0,0,1,0,1,0,1,2,0,0,0,0,0,0,272,0,0.001,0.003
1006,1.483,1.245,0.001,0.005,0.086,0,0,,0,,,,0,,,,,0,0,0,0,0,0,0,0,1,0,1,0,1,2,0,0,0,0,0,0,272,0,0.002,0.008
1007,0.562,0.391,0.001,0.003,0.056,0,0,,0,,,,0,,,,,0,0,0,0,0,0,0,0,1,0,1,0,1,2,0,0,0,0,0,0,272,0.001,0.001,0.006
1008,0.779,0.553,0,0.005,0.062,0,0,,0,,,,0,,,,,0,0,0,0,0,0,0,0,1,0,1,0,1,2,0,0,0,0,0,0,272,0.001,0.002,0.009
1009,0.558,0.429,0.001,0.001,0.061,0,0,,0,,,,0,,,,,0,0,0,0,0,0,0,0,1,0,1,0,1,2,0,0,0,0,0,0,272,0,0,0.004
1010,0.697,0.584,0.001,0.001,0.056,0,0,,0,,,,0,,,,,0,0,0,0,0,0,0,0,1,0,1,0,1,2,0,0,0,0,0,0,272,0.001,0,0.003
1011,0.708,0.577,0,0.001,0.076,0,0,,0,,,,0,,,,,0,0,0,0,0,0,0,0,1,0,1,0,1,2,0,0,0,0,0,0,272,0,0.001,0.003
1012,0.751,0.58,0,0.004,0.063,0,0,,0,,,,0,,,,,0,0,0,0,0,0,0,0,1,0,1,0,1,2,0,0,0,0,0,0,272,0.001,0.001,0.006
1013,0.746,0.512,0,0.003,0.131,0,0,,0,,,,0,,,,,0,0,0,0,0,0,0,0,1,0,1,0,1,2,0,0,0,0,0,0,272,0.001,0.001,0.005
1014,1.127,0.442,0,0.003,0.461,0,0,,0,,,,0,,,,,0,0,0,0,0,0,0,0,1,0,1,0,1,2,0,0,0,0,0,0,272,0,0.001,0.005
1015,0.511,0.002,0,0.003,0.365,0,0,,0,,,,0,,,,,0,0,0,0,0,0,0,0,1,0,1,0,1,2,0,0,0,0,0,0,272,0,0.001,0.004
1016,1.582,1.446,0,0.003,0.044,0,0,,0,,,,0,,,,,0,0,0,0,0,0,0,0,1,0,1,0,1,2,0,0,0,0,0,0,272,0,0,0.005
1017,0.996,0.838,0,0.003,0.067,0,0,,0,,,,0,,,,,0,0,0,0,0,0,0,0,1,0,1,0,1,2,0,0,0,0,0,0,272,0,0,0.005
1018,1.669,1.595,0,0.001,0.025,0,0,,0,,,,0,,,,,0,0,0,0,0,0,0,0,1,0,1,0,1,2,0,0,0,0,0,0,272,0.001,0,0.003
1019,1.858,1.657,0,0.004,0.078,0,0,,0,,,,0,,,,,0,0,0,0,0,0,0,0,1,0,1,0,1,2,0,0,0,0,0,0,272,0,0.001,0.006
1020,1.689,1.519,0,0.003,0.069,0,0,,1,500,229896192,286617600,1,62503872,62503872,135081984,38823561584,0,0,0,0,0,0,0,0,1,0,1,0,1,2,0,0,0,0,0,0,272,0.001,0.001,0.006
1021,3.279,3.023,0,0.005,0.097,0,0,,0,,,,0,,,,,0,0,0,0,0,0,0,0,1,0,1,0,1,2,0,0,0,0,0,0,272,0,0.002,0.008
1022,1.737,1.577,0.001,0.003,0.057,0,0,,0,,,,0,,,,,0,0,0,0,0,0,0,0,1,0,1,0,1,2,0,0,0,0,0,0,272,0.001,0.001,0.006
1023,1.852,1.614,0.001,0.005,0.067,0,0,,0,,,,0,,,,,0,0,0,0,0,0,0,0,1,0,1,0,1,2,0,0,0,0,0,0,272,0,0.002,0.009
1024,1.78,1.537,0.001,0.006,0.057,0,0,,0,,,,0,,,,,0,0,0,0,0,0,0,0,1,0,1,0,1,2,0,0,0,0,0,0,272,0,0.002,0.01
1025,1.87,1.601,0.001,0.007,0.074,0,0,,0,,,,0,,,,,0,0,0,0,0,0,0,0,1,0,1,0,1,2,0,0,0,0,0,0,272,0,0.003,0.011
1026,5.862,5.702,0,0.003,0.077,0,0,,0,,,,0,,,,,0,0,0,0,0,0,0,0,1,0,1,0,1,2,0,0,0,0,0,0,272,0,0.001,0.004
1027,3.463,3.319,0,0.003,0.054,0,0,,0,,,,0,,,,,0,0,0,0,0,0,0,0,1,0,1,0,1,2,0,0,0,0,0,0,272,0,0,0.005
1028,1.686,1.529,0,0.003,0.052,0,0,,0,,,,0,,,,,0,0,0,0,0,0,0,0,1,0,1,0,1,2,0,0,0,0,0,0,272,0,0.001,0.006
1029,2.095,1.855,0.001,0.005,0.07,0,0,,0,,,,0,,,,,0,0,0,0,0,0,0,0,1,0,1,0,1,2,0,0,0,0,0,0,272,0.001,0.001,0.009
1030,1.866,1.66,0,0.006,0.049,0,0,,0,,,,0,,,,,0,0,0,0,0,0,0,0,1,0,1,0,1,2,0,0,0,0,0,0,272,0.001,0.002,0.01
1031,4.124,3.934,0.001,0.003,0.08,0,0,,0,,,,0,,,,,0,0,0,0,0,0,0,0,1,0,1,0,1,2,0,0,0,0,0,0,272,0,0.001,0.006
1032,1.668,1.511,0,0.002,0.063,0,0,,0,,,,0,,,,,0,0,0,0,0,0,0,0,1,0,1,0,1,2,0,0,0,0,0,0,272,0,0.001,0.004
1033,0.103,0.02,0,0.002,0.035,0,0,,0,,,,0,,,,,0,0,0,0,0,0,0,0,1,0,1,0,1,2,0,0,0,0,0,0,272,0,0,0.003
1034,0.719,0.605,0,0.002,0.042,0,0,,0,,,,0,,,,,0,0,0,0,0,0,0,0,1,0,1,0,1,2,0,0,0,0,0,0,272,0,0.001,0.003
1035,0.348,0.254,0.001,0.002,0.038,0,0,,0,,,,0,,,,,0,0,0,0,0,0,0,0,1,0,1,0,1,2,0,0,0,0,0,0,272,0,0,0.003
1036,1.09,0.928,0.001,0.003,0.066,0,0,,0,,,,0,,,,,0,0,0,0,0,0,0,0,1,0,1,0,1,2,0,0,0,0,0,0,272,0,0.001,0.004
1037,0.761,0.61,0,0.003,0.049,0,0,,0,,,,0,,,,,0,0,0,0,0,0,0,0,1,0,1,0,1,2,0,0,0,0,0,0,272,0,0.001,0.006
1038,0.877,0.724,0.001,0.002,0.064,0,0,,0,,,,0,,,,,0,0,0,0,0,0,0,0,1,0,1,0,1,2,0,0,0,0,0,0,272,0,0.001,0.004
1039,0.559,0.26,0,0.005,0.159,0,0,,0,,,,0,,,,,0,0,0,0,0,0,0,0,1,0,1,0,1,2,0,0,0,0,0,0,272,0.001,0.002,0.007
1040,0.436,0.108,0,0.004,0.148,0,0,,0,,,,0,,,,,0,0,0,0,0,0,0,0,1,0,1,0,1,2,0,0,0,0,0,0,272,0.001,0.002,0.007
1041,0.715,0.335,0,0.003,0.305,0,0,,0,,,,0,,,,,0,0,0,0,0,0,0,0,1,0,1,0,1,2,0,0,0,0,0,0,272,0,0,0.004
1042,0.555,0.139,0,0.003,0.337,0,0,,0,,,,0,,,,,0,0,0,0,0,0,0,0,1,0,1,0,1,2,0,0,0,0,0,0,272,0,0.001,0.004
1043,0.405,0.197,0,0.001,0.138,0,0,,0,,,,0,,,,,0,0,0,0,0,0,0,0,1,0,1,0,1,2,0,0,0,0,0,0,272,0,0.001,0.003
1044,0.661,0.517,0,0.001,0.061,0,0,,0,,,,0,,,,,0,0,0,0,0,0,0,0,1,0,1,0,1,2,0,0,0,0,0,0,272,0,0.001,0.004
1045,0.654,0.425,0,0.004,0.099,0,0,,0,,,,0,,,,,0,0,0,0,0,0,0,0,1,0,1,0,1,2,0,0,0,0,0,0,272,0,0.001,0.006
1046,0.601,0.42,0,0.003,0.068,0,0,,0,,,,0,,,,,0,0,0,0,0,0,0,0,1,0,1,0,1,2,0,0,0,0,0,0,272,0.001,0.001,0.006
1047,0.503,0.415,0,0.002,0.035,0,0,,0,,,,0,,,,,0,0,0,0,0,0,0,0,1,0,1,0,1,2,0,0,0,0,0,0,272,0,0,0.003
1048,0.929,0.769,0,0.004,0.046,0,0,,0,,,,0,,,,,0,0,0,0,0,0,0,0,1,0,1,0,1,2,0,0,0,0,0,0,272,0,0.001,0.007
1049,0.528,0.435,0,0.002,0.034,0,0,,0,,,,0,,,,,0,0,0,0,0,0,0,0,1,0,1,0,1,2,0,0,0,0,0,0,272,0.001,0,0.004
1050,1.439,1.184,0.001,0.004,0.107,0,0,,1,500,229916672,286654464,1,62503872,62503872,135081984,38823561584,0,0,0,0,0,0,0,0,1,0,1,0,1,2,0,0,0,0,0,0,272,0,0.001,0.007
1051,0.383,0.305,0,0.001,0.035,0,0,,0,,,,0,,,,,0,0,0,0,0,0,0,0,1,0,1,0,1,2,0,0,0,0,0,0,272,0,0.001,0.002
1052,0.735,0.59,0,0.002,0.075,0,0,,0,,,,0,,,,,0,0,0,0,0,0,0,0,1,0,1,0,1,2,0,0,0,0,0,0,272,0,0.001,0.004
1053,0.643,0.501,0,0.002,0.073,0,0,,0,,,,0,,,,,0,0,0,0,0,0,0,0,1,0,1,0,1,2,0,0,0,0,0,0,272,0,0.001,0.003
1054,0.632,0.489,0,0.002,0.077,0,0,,0,,,,0,,,,,0,0,0,0,0,0,0,0,1,0,1,0,1,2,0,0,0,0,0,0,272,0.001,0,0.004
1055,0.648,0.504,0.001,0.001,0.077,0,0,,0,,,,0,,,,,0,0,0,0,0,0,0,0,1,0,1,0,1,2,0,0,0,0,0,0,272,0,0,0.004
1056,0.526,0.473,0.001,0,0.027,0,0,,0,,,,0,,,,,0,0,0,0,0,0,0,0,1,0,1,0,1,2,0,0,0,0,0,0,272,0,0,0.002
1057,0.678,0.588,0,0.001,0.06,0,0,,0,,,,0,,,,,0,0,0,0,0,0,0,0,1,0,1,0,1,2,0,0,0,0,0,0,272,0,0,0.001
1058,0.702,0.556,0,0.002,0.078,0,0,,0,,,,0,,,,,0,0,0,0,0,0,0,0,1,0,1,0,1,2,0,0,0,0,0,0,272,0,0,0.004
1059,0.638,0.491,0,0.001,0.071,0,0,,0,,,,0,,,,,0,0,0,0,0,0,0,0,1,0,1,0,1,2,0,0,0,0,0,0,272,0,0.001,0.004
1060,0.702,0.479,0,0.002,0.097,0,0,,0,,,,0,,,,,0,0,0,0,0,0,0,0,1,0,1,0,1,2,0,0,0,0,0,0,272,0.001,0.001,0.007
1061,1.075,0.886,0,0.004,0.076,0,0,,0,,,,0,,,,,0,0,0,0,0,0,0,0,1,0,1,0,1,2,0,0,0,0,0,0,272,0,0.001,0.005
1062,0.522,0.401,0,0.002,0.052,0,0,,0,,,,0,,,,,0,0,0,0,0,0,0,0,1,0,1,0,1,2,0,0,0,0,0,0,272,0,0.001,0.004
1063,0.557,0.503,0,0,0.024,0,0,,0,,,,0,,,,,0,0,0,0,0,0,0,0,1,0,1,0,1,2,0,0,0,0,0,0,272,0,0,0.002
1064,0.741,0.595,0,0.002,0.077,0,0,,0,,,,0,,,,,0,0,0,0,0,0,0,0,1,0,1,0,1,2,0,0,0,0,0,0,272,0,0.001,0.003
1065,0.58,0.48,0,0.002,0.042,0,0,,0,,,,0,,,,,0,0,0,0,0,0,0,0,1,0,1,0,1,2,0,0,0,0,0,0,272,0.001,0,0.003
1066,0.712,0.547,0.001,0.002,0.085,0,0,,0,,,,0,,,,,0,0,0,0,0,0,0,0,1,0,1,0,1,2,0,0,0,0,0,0,272,0,0.001,0.004
1067,0.607,0.457,0.001,0.001,0.076,0,0,,0,,,,0,,,,,0,0,0,0,0,0,0,0,1,0,1,0,1,2,0,0,0,0,0,0,272,0,0,0.004
1068,0.615,0.482,0.001,0.002,0.059,0,0,,0,,,,0,,,,,0,0,0,0,0,0,0,0,1,0,1,0,1,2,0,0,0,0,0,0,272,0.001,0,0.004
1069,0.608,0.491,0.001,0.002,0.043,0,0,,0,,,,0,,,,,0,0,0,0,0,0,0,0,1,0,1,0,1,2,0,0,0,0,0,0,272,0,0,0.004
1070,0.632,0.515,0,0.003,0.037,0,0,,0,,,,0,,,,,0,0,0,0,0,0,0,0,1,0,1,0,1,2,0,0,0,0,0,0,272,0,0.001,0.004
1071,0.577,0.477,0,0.002,0.036,0,0,,0,,,,0,,,,,0,0,0,0,0,0,0,0,1,0,1,0,1,2,0,0,0,0,0,0,272,0,0,0.005
1072,1.619,1.367,0,0.004,0.106,0,0,,0,,,,0,,,,,0,0,0,0,0,0,0,0,1,0,1,0,1,2,0,0,0,0,0,0,272,0,0.001,0.006
1073,0.427,0.337,0,0.002,0.038,0,0,,0,,,,0,,,,,0,0,0,0,0,0,0,0,1,0,1,0,1,2,0,0,0,0,0,0,272,0,0,0.003
1074,0.66,0.536,0,0.001,0.092,0,0,,0,,,,0,,,,,0,0,0,0,0,0,0,0,1,0,1,0,1,2,0,0,0,0,0,0,272,0,0,0.002
1075,0.571,0.488,0,0.001,0.052,0,0,,0,,,,0,,,,,0,0,0,0,0,0,0,0,1,0,1,0,1,2,0,0,0,0,0,0,272,0,0,0.002
1076,0.703,0.558,0,0.002,0.076,0,0,,0,,,,0,,,,,0,0,0,0,0,0,0,0,1,0,1,0,1,2,0,0,0,0,0,0,272,0,0,0.003
1077,0.621,0.478,0.001,0.001,0.076,0,0,,0,,,,0,,,,,0,0,0,0,0,0,0,0,1,0,1,0,1,2,0,0,0,0,0,0,272,0,0.001,0.003
1078,0.534,0.475,0,0.001,0.03,0,0,,0,,,,0,,,,,0,0,0,0,0,0,0,0,1,0,1,0,1,2,0,0,0,0,0,0,272,0,0,0.001
1079,0.781,0.599,0,0.004,0.059,0,0,,0,,,,0,,,,,0,0,0,0,0,0,0,0,1,0,1,0,1,2,0,0,0,0,0,0,272,0,0.001,0.006
1080,0.457,0.399,0,0.001,0.027,0,0,,1,546.875,229916672,286654464,1,62503872,62503872,135081984,38823561584,0,0,0,0,0,0,0,0,1,0,1,0,1,2,0,0,0,0,0,0,272,0,0,0.002
1081,0.728,0.609,0,0.001,0.08,0,0,,0,,,,0,,,,,0,0,0,0,0,0,0,0,1,0,1,0,1,2,0,0,0,0,0,0,272,0.001,0,0.001
1082,0.616,0.508,0,0,0.077,0,0,,0,,,,0,,,,,0,0,0,0,0,0,0,0,1,0,1,0,1,2,0,0,0,0,0,0,272,0,0,0.001
1083,0.667,0.524,0.001,0.001,0.073,0,0,,0,,,,0,,,,,0,0,0,0,0,0,0,0,1,0,1,0,1,2,0,0,0,0,0,0,272,0,0,0.003
1084,0.781,0.512,0,0.005,0.084,0,0,,0,,,,0,,,,,0,0,0,0,0,0,0,0,1,0,1,0,1,2,0,0,0,0,0,0,272,0,0.003,0.011
1085,0.819,0.711,0,0.003,0.037,0,0,,0,,,,0,,,,,0,0,0,0,0,0,0,0,1,0,1,0,1,2,0,0,0,0,0,0,272,0,0.001,0.004
1086,0.577,0.487,0.001,0.001,0.042,0,0,,0,,,,0,,,,,0,0,0,0,0,0,0,0,1,0,1,0,1,2,0,0,0,0,0,0,272,0,0,0.002
1087,0.657,0.588,0,0.001,0.035,0,0,,0,,,,0,,,,,0,0,0,0,0,0,0,0,1,0,1,0,1,2,0,0,0,0,0,0,272,0,0,0.002
1088,0.635,0.572,0,0.001,0.032,0,0,,0,,,,0,,,,,0,0,0,0,0,0,0,0,1,0,1,0,1,2,0,0,0,0,0,0,272,0,0,0.002
1089,0.647,0.573,0,0.001,0.03,0,0,,0,,,,0,,,,,0,0,0,0,0,0,0,0,1,0,1,0,1,2,0,0,0,0,0,0,272,0,0,0.003
1090,0.676,0.578,0,0.002,0.044,0,0,,0,,,,0,,,,,0,0,0,0,0,0,0,0,1,0,1,0,1,2,0,0,0,0,0,0,272,0,0,0.002
1091,1.047,0.856,0,0.003,0.072,0,0,,0,,,,0,,,,,0,0,0,0,0,0,0,0,1,0,1,0,1,2,0,0,0,0,0,0,272,0,0.001,0.006
1092,1.067,0.853,0.001,0.006,0.041,0,0,,0,,,,0,,,,,0,0,0,0,0,0,0,0,1,0,1,0,1,2,0,0,0,0,0,0,272,0,0.001,0.01
1093,0.852,0.753,0,0.003,0.034,0,0,,0,,,,0,,,,,0,0,0,0,0,0,0,0,1,0,1,0,1,2,0,0,0,0,0,0,272,0.001,0.001,0.004
1094,1.468,1.267,0,0.005,0.054,0,0,,0,,,,0,,,,,0,0,0,0,0,0,0,0,1,0,1,0,1,2,0,0,0,0,0,0,272,0,0.001,0.008
1095,0.943,0.785,0,0.005,0.044,0,0,,0,,,,0,,,,,0,0,0,0,0,0,0,0,1,0,1,0,1,2,0,0,0,0,0,0,272,0.001,0.001,0.007
1096,1.77,1.697,0,0.001,0.033,0,0,,0,,,,0,,,,,0,0,0,0,0,0,0,0,1,0,1,0,1,2,0,0,0,0,0,0,272,0,0,0.003
1097,1.235,1.09,0,0.003,0.033,0,0,,0,,,,0,,,,,0,0,0,0,0,0,0,0,1,0,1,0,1,2,0,0,0,0,0,0,272,0.001,0.002,0.005
1098,1.055,0.929,0,0.003,0.048,0,0,,0,,,,0,,,,,0,0,0,0,0,0,0,0,1,0,1,0,1,2,0,0,0,0,0,0,272,0,0,0.004
1099,1.128,0.996,0,0.001,0.07,0,0,,0,,,,0,,,,,0,0,0,0,0,0,0,0,1,0,1,0,1,2,0,0,0,0,0,0,272,0.001,0,0.004
1100,1.273,1.006,0.001,0.006,0.044,0,0,,0,,,,0,,,,,0,0,0,0,0,0,0,0,1,0,1,0,1,2,0,0,0,0,0,0,272,0,0.002,0.008
1101,1.021,0.891,0,0.003,0.041,0,0,,0,,,,0,,,,,0,0,0,0,0,0,0,0,1,0,1,0,1,2,0,0,0,0,0,0,272,0.001,0.001,0.005
1102,1.718,1.561,0.001,0.003,0.053,0,0,,0,,,,0,,,,,0,0,0,0,0,0,0,0,1,0,1,0,1,2,0,0,0,0,0,0,272,0,0.002,0.006
1103,1.098,1.016,0.001,0.001,0.035,0,0,,0,,,,0,,,,,0,0,0,0,0,0,0,0,1,0,1,0,1,2,0,0,0,0,0,0,272,0,0,0.003
1104,1.218,1.112,0,0.002,0.03,0,0,,0,,,,0,,,,,0,0,0,0,0,0,0,0,1,0,1,0,1,2,0,0,0,0,0,0,272,0,0,0.005
1105,1.242,1.099,0.001,0.003,0.06,0,0,,0,,,,0,,,,,0,0,0,0,0,0,0,0,1,0,1,0,1,2,0,0,0,0,0,0,272,0.001,0.001,0.005
1106,1.142,0.935,0.001,0.004,0.071,0,0,,0,,,,0,,,,,0,0,0,0,0,0,0,0,1,0,1,0,1,2,0,0,0,0,0,0,272,0,0.001,0.006
1107,0.261,0.12,0,0.003,0.041,0,0,,0,,,,0,,,,,0,0,0,0,0,0,0,0,1,0,1,0,1,2,0,0,0,0,0,0,272,0,0.002,0.005
1108,2.492,2.298,0,0.005,0.067,0,0,,0,,,,0,,,,,0,0,0,0,0,0,0,0,1,0,1,0,1,2,0,0,0,0,0,0,272,0.001,0.002,0.007
1109,1.141,1.007,0,0.005,0.05,0,0,,0,,,,0,,,,,0,0,0,0,0,0,0,0,1,0,1,0,1,2,0,0,0,0,0,0,272,0,0.001,0.004
1110,1.135,1.034,0,0.002,0.042,0,0,,1,562.5,229916672,286654464,1,62503872,62503872,135081984,38823561584,0,0,0,0,0,0,0,0,1,0,1,0,1,2,0,0,0,0,0,0,272,0,0,0.003
1111,1.275,1.099,0,0.003,0.06,0,0,,0,,,,0,,,,,0,0,0,0,0,0,0,0,1,0,1,0,1,2,0,0,0,0,0,0,272,0,0.001,0.005
1112,1.271,1.081,0,0.003,0.064,0,0,,0,,,,0,,,,,0,0,0,0,0,0,0,0,1,0,1,0,1,2,0,0,0,0,0,0,272,0,0.001,0.005
1113,1.19,1.06,0.001,0.002,0.049,0,0,,0,,,,0,,,,,0,0,0,0,0,0,0,0,1,0,1,0,1,2,0,0,0,0,0,0,272,0,0.001,0.004
1114,2.017,1.772,0,0.004,0.091,0,0,,0,,,,0,,,,,0,0,0,0,0,0,0,0,1,0,1,0,1,2,0,0,0,0,0,0,272,0,0.001,0.007
1115,1.227,1.071,0.001,0.003,0.053,0,0,,0,,,,0,,,,,0,0,0,0,0,0,0,0,1,0,1,0,1,2,0,0,0,0,0,0,272,0,0.001,0.005
1116,1.267,1.119,0,0.003,0.057,0,0,,0,,,,0,,,,,0,0,0,0,0,0,0,0,1,0,1,0,1,2,0,0,0,0,0,0,272,0.001,0.001,0.005
1117,1.316,1.127,0.001,0.003,0.072,0,0,,0,,,,0,,,,,0,0,0,0,0,0,0,0,1,0,1,0,1,2,0,0,0,0,0,0,272,0,0.001,0.005
1118,1.243,1.114,0,0.003,0.032,0,0,,0,,,,0,,,,,0,0,0,0,0,0,0,0,1,0,1,0,1,2,0,0,0,0,0,0,272,0.001,0.001,0.005
1119,1.191,1.032,0,0.004,0.052,0,0,,0,,,,0,,,,,0,0,0,0,0,0,0,0,1,0,1,0,1,2,0,0,0,0,0,0,272,0,0.001,0.005
1120,2.738,2.546,0.001,0.003,0.107,0,0,,0,,,,0,,,,,0,0,0,0,0,0,0,0,1,0,1,0,1,2,0,0,0,0,0,0,272,0,0.001,0.004
1121,1.345,1.181,0,0.002,0.075,0,0,,0,,,,0,,,,,0,0,0,0,0,0,0,0,1,0,1,0,1,2,0,0,0,0,0,0,272,0.001,0.001,0.004
1122,1.385,1.252,0.001,0.002,0.053,0,0,,0,,,,0,,,,,0,0,0,0,0,0,0,0,1,0,1,0,1,2,0,0,0,0,0,0,272,0,0.001,0.004
1123,1.404,1.208,0,0.001,0.102,0,0,,0,,,,0,,,,,0,0,0,0,0,0,0,0,1,0,1,0,1,2,0,0,0,0,0,0,272,0,0.001,0.002
1124,1.388,1.235,0,0.004,0.057,0,0,,0,,,,0,,,,,0,0,0,0,0,0,0,0,1,0,1,0,1,2,0,0,0,0,0,0,272,0,0.001,0.005
1125,2.179,1.905,0.001,0.005,0.118,0,0,,0,,,,0,,,,,0,0,0,0,0,0,0,0,1,0,1,0,1,2,0,0,0,0,0,0,272,0.001,0.002,0.008
1126,1.378,1.165,0,0.004,0.075,0,0,,0,,,,0,,,,,0,0,0,0,0,0,0,0,1,0,1,0,1,2,0,0,0,0,0,0,272,0,0.001,0.006
1127,1.515,1.254,0.001,0.004,0.113,0,0,,0,,,,0,,,,,0,0,0,0,0,0,0,0,1,0,1,0,1,2,0,0,0,0,0,0,272,0,0.001,0.007
1128,1.286,1.087,0,0.004,0.061,0,0,,0,,,,0,,,,,0,0,0,0,0,0,0,0,1,0,1,0,1,2,0,0,0,0,0,0,272,0,0.001,0.007
1129,1.655,1.444,0.001,0.005,0.052,0,0,,0,,,,0,,,,,0,0,0,0,0,0,0,0,1,0,1,0,1,2,0,0,0,0,0,0,272,0.001,0.002,0.008
1130,1.73,1.555,0,0.003,0.07,0,0,,0,,,,0,,,,,0,0,0,0,0,0,0,0,1,0,1,0,1,2,0,0,0,0,0,0,272,0,0.001,0.005
1131,1.753,1.619,0,0.002,0.056,0,0,,0,,,,0,,,,,0,0,0,0,0,0,0,0,1,0,1,0,1,2,0,0,0,0,0,0,272,0,0,0.004
1132,2.33,2.101,0,0.005,0.077,0,0,,0,,,,0,,,,,0,0,0,0,0,0,0,0,1,0,1,0,1,2,0,0,0,0,0,0,272,0.001,0.003,0.008
1133,1.016,0.819,0.001,0.003,0.085,0,0,,0,,,,0,,,,,0,0,0,0,0,0,0,0,1,0,1,0,1,2,0,0,0,0,0,0,272,0,0,0.007
1134,0.97,0.793,0.001,0.002,0.093,0,0,,0,,,,0,,,,,0,0,0,0,0,0,0,0,1,0,1,0,1,2,0,0,0,0,0,0,272,0,0,0.003
1135,0.964,0.794,0,0.001,0.089,0,0,,0,,,,0,,,,,0,0,0,0,0,0,0,0,1,0,1,0,1,2,0,0,0,0,0,0,272,0,0,0.004
1136,1.442,1.158,0,0.004,0.118,0,0,,0,,,,0,,,,,0,0,0,0,0,0,0,0,1,0,1,0,1,2,0,0,0,0,0,0,272,0,0.001,0.009
1137,1.006,0.729,0.001,0.005,0.11,0,0,,0,,,,0,,,,,0,0,0,0,0,0,0,0,1,0,1,0,1,2,0,0,0,0,0,0,272,0,0.001,0.007
1138,0.871,0.692,0,0.002,0.09,0,0,,0,,,,0,,,,,0,0,0,0,0,0,0,0,1,0,1,0,1,2,0,0,0,0,0,0,272,0,0.001,0.004
1139,0.939,0.796,0,0.002,0.069,0,0,,0,,,,0,,,,,0,0,0,0,0,0,0,0,1,0,1,0,1,2,0,0,0,0,0,0,272,0,0,0.004
1140,0.999,0.813,0.001,0.003,0.056,0,0,,1,609.375,229920768,286654464,1,62503872,62503872,135081984,38823561584,0,0,0,0,0,0,0,0,1,0,1,0,1,2,0,0,0,0,0,0,272,0.001,0.002,0.005
1141,0.955,0.831,0.001,0.002,0.038,0,0,,0,,,,0,,,,,0,0,0,0,0,0,0,0,1,0,1,0,1,2,0,0,0,0,0,0,272,0.001,0.001,0.004
1142,0.901,0.761,0.001,0.003,0.046,0,0,,0,,,,0,,,,,0,0,0,0,0,0,0,0,1,0,1,0,1,2,0,0,0,0,0,0,272,0,0.001,0.006
1143,1.197,1.057,0,0.003,0.041,0,0,,0,,,,0,,,,,0,0,0,0,0,0,0,0,1,0,1,0,1,2,0,0,0,0,0,0,272,0.001,0.001,0.005
1144,1.023,0.774,0,0.004,0.07,0,0,,0,,,,0,,,,,0,0,0,0,0,0,0,0,1,0,1,0,1,2,0,0,0,0,0,0,272,0,0.001,0.007
1145,1.72,1.49,0,0.003,0.103,0,0,,0,,,,0,,,,,0,0,0,0,0,0,0,0,1,0,1,0,1,2,0,0,0,0,0,0,272,0,0.001,0.006
1146,0.887,0.709,0,0.002,0.099,0,0,,0,,,,0,,,,,0,0,0,0,0,0,0,0,1,0,1,0,1,2,0,0,0,0,0,0,272,0.001,0.001,0.004
1147,0.915,0.75,0.001,0.003,0.067,0,0,,0,,,,0,,,,,0,0,0,0,0,0,0,0,1,0,1,0,1,2,0,0,0,0,0,0,272,0,0.001,0.005
1148,0.975,0.777,0,0.003,0.099,0,0,,0,,,,0,,,,,0,0,0,0,0,0,0,0,1,0,1,0,1,2,0,0,0,0,0,0,272,0,0,0.004
1149,0.884,0.722,0,0.002,0.08,0,0,,0,,,,0,,,,,0,0,0,0,0,0,0,0,1,0,1,0,1,2,0,0,0,0,0,0,272,0,0,0.004
1150,0.997,0.772,0,0.004,0.083,0,0,,0,,,,0,,,,,0,0,0,0,0,0,0,0,1,0,1,0,1,2,0,0,0,0,0,0,272,0.001,0.001,0.007
1151,1.471,1.271,0.001,0.003,0.096,0,0,,0,,,,0,,,,,0,0,0,0,0,0,0,0,1,0,1,0,1,2,0,0,0,0,0,0,272,0,0,0.006
1152,0.98,0.786,0.001,0.004,0.061,0,0,,0,,,,0,,,,,0,0,0,0,0,0,0,0,1,0,1,0,1,2,0,0,0,0,0,0,272,0,0.001,0.007
1153,0.829,0.732,0,0.002,0.04,0,0,,0,,,,0,,,,,0,0,0,0,0,0,0,0,1,0,1,0,1,2,0,0,0,0,0,0,272,0,0.001,0.003
1154,0.939,0.866,0,0.001,0.035,0,0,,0,,,,0,,,,,0,0,0,0,0,0,0,0,1,0,1,0,1,2,0,0,0,0,0,0,272,0,0,0.002
1155,1,0.891,0.001,0.002,0.034,0,0,,0,,,,0,,,,,0,0,0,0,0,0,0,0,1,0,1,0,1,2,0,0,0,0,0,0,272,0.001,0,0.004
1156,1.054,0.866,0,0.003,0.063,0,0,,0,,,,0,,,,,0,0,0,0,0,0,0,0,1,0,1,0,1,2,0,0,0,0,0,0,272,0,0.001,0.005
1157,1.014,0.764,0.001,0.004,0.088,0,0,,0,,,,0,,,,,0,0,0,0,0,0,0,0,1,0,1,0,1,2,0,0,0,0,0,0,272,0,0.001,0.008
1158,0.847,0.666,0,0.003,0.063,0,0,,0,,,,0,,,,,0,0,0,0,0,0,0,0,1,0,1,0,1,2,0,0,0,0,0,0,272,0,0.001,0.005
1159,1.335,1.038,0.001,0.005,0.137,0,0,,0,,,,0,,,,,0,0,0,0,0,0,0,0,1,0,1,0,1,2,0,0,0,0,0,0,272,0.001,0.002,0.009
1160,0.676,0.539,0,0.003,0.039,0,0,,0,,,,0,,,,,0,0,0,0,0,0,0,0,1,0,1,0,1,2,0,0,0,0,0,0,272,0.001,0.001,0.006
1161,1.76,1.592,0.001,0.004,0.048,0,0,,0,,,,0,,,,,0,0,0,0,0,0,0,0,1,0,1,0,1,2,0,0,0,0,0,0,272,0,0.001,0.007
1162,0.941,0.795,0.001,0.002,0.041,0,0,,0,,,,0,,,,,0,0,0,0,0,0,0,0,1,0,1,0,1,2,0,0,0,0,0,0,272,0.001,0.001,0.005
1163,0.939,0.813,0.001,0.002,0.04,0,0,,0,,,,0,,,,,0,0,0,0,0,0,0,0,1,0,1,0,1,2,0,0,0,0,0,0,272,0,0.001,0.005
1164,1.387,1.218,0.001,0.003,0.065,0,0,,0,,,,0,,,,,0,0,0,0,0,0,0,0,1,0,1,0,1,2,0,0,0,0,0,0,272,0.001,0.001,0.005
1165,1.579,1.291,0,0.004,0.123,0,0,,0,,,,0,,,,,0,0,0,0,0,0,0,0,1,0,1,0,1,2,0,0,0,0,0,0,272,0.001,0.002,0.008
1166,2.02,1.824,0,0.004,0.065,0,0,,0,,,,0,,,,,0,0,0,0,0,0,0,0,1,0,1,0,1,2,0,0,0,0,0,0,272,0.001,0.001,0.007
1167,1.354,1.148,0,0.005,0.067,0,0,,0,,,,0,,,,,0,0,0,0,0,0,0,0,1,0,1,0,1,2,0,0,0,0,0,0,272,0,0.001,0.007
1168,1.521,1.326,0,0.004,0.077,0,0,,0,,,,0,,,,,0,0,0,0,0,0,0,0,1,0,1,0,1,2,0,0,0,0,0,0,272,0.001,0.002,0.006
1169,2.061,1.821,0,0.006,0.071,0,0,,0,,,,0,,,,,0,0,0,0,0,0,0,0,1,0,1,0,1,2,0,0,0,0,0,0,272,0,0.002,0.01
1170,0.771,0.581,0,0.004,0.064,0,0,,1,609.375,229920768,286654464,1,62503872,62503872,135081984,38823561584,0,0,0,0,0,0,0,0,1,0,1,0,1,2,0,0,0,0,0,0,272,0,0.001,0.008
1171,1.979,1.748,0.001,0.005,0.089,0,0,,0,,,,0,,,,,0,0,0,0,0,0,0,0,1,0,1,0,1,2,0,0,0,0,0,0,272,0.001,0.001,0.008
1172,1.437,1.249,0.001,0.004,0.051,0,0,,0,,,,0,,,,,0,0,0,0,0,0,0,0,1,0,1,0,1,2,0,0,0,0,0,0,272,0.001,0.002,0.007
1173,2.883,2.722,0.001,0.003,0.05,0,0,,0,,,,0,,,,,0,0,0,0,0,0,0,0,1,0,1,0,1,2,0,0,0,0,0,0,272,0,0.001,0.007
1174,1.81,1.587,0.001,0.004,0.087,0,0,,0,,,,0,,,,,0,0,0,0,0,0,0,0,1,0,1,0,1,2,0,0,0,0,0,0,272,0.001,0.002,0.008
1175,1.529,1.331,0.001,0.004,0.056,0,0,,0,,,,0,,,,,0,0,0,0,0,0,0,0,1,0,1,0,1,2,0,0,0,0,0,0,272,0,0.001,0.009
1176,2.302,2.034,0,0.005,0.121,0,0,,0,,,,0,,,,,0,0,0,0,0,0,0,0,1,0,1,0,1,2,0,0,0,0,0,0,272,0.001,0.002,0.008
1177,1.517,1.324,0,0.002,0.055,0,0,,0,,,,0,,,,,0,0,0,0,0,0,0,0,1,0,1,0,1,2,0,0,0,0,0,0,272,0.001,0.001,0.005
1178,1.461,1.326,0,0.003,0.038,0,0,,0,,,,0,,,,,0,0,0,0,0,0,0,0,1,0,1,0,1,2,0,0,0,0,0,0,272,0,0.001,0.005
1179,1.639,1.481,0,0.004,0.04,0,0,,0,,,,0,,,,,0,0,0,0,0,0,0,0,1,0,1,0,1,2,0,0,0,0,0,0,272,0,0.001,0.007
1180,2.279,2.047,0,0.007,0.065,0,0,,0,,,,0,,,,,0,0,0,0,0,0,0,0,1,0,1,0,1,2,0,0,0,0,0,0,272,0.001,0.002,0.009
1181,1.656,1.481,0,0.003,0.072,0,0,,0,,,,0,,,,,0,0,0,0,0,0,0,0,1,0,1,0,1,2,0,0,0,0,0,0,272,0,0.001,0.006
1182,4.179,3.868,0.001,0.006,0.125,0,0,,0,,,,0,,,,,0,0,0,0,0,0,0,0,1,0,1,0,1,2,0,0,0,0,0,0,272,0,0.002,0.01
1183,1.666,1.512,0,0.003,0.052,0,0,,0,,,,0,,,,,0,0,0,0,0,0,0,0,1,0,1,0,1,2,0,0,0,0,0,0,272,0,0.001,0.006
1184,2.336,2.122,0,0.004,0.076,0,0,,0,,,,0,,,,,0,0,0,0,0,0,0,0,1,0,1,0,1,2,0,0,0,0,0,0,272,0,0.001,0.007
1185,1.514,1.354,0.001,0.003,0.049,0,0,,0,,,,0,,,,,0,0,0,0,0,0,0,0,1,0,1,0,1,2,0,0,0,0,0,0,272,0,0.002,0.005
1186,1.775,1.563,0,0.005,0.085,0,0,,0,,,,0,,,,,0,0,0,0,0,0,0,0,1,0,1,0,1,2,0,0,0,0,0,0,272,0,0.001,0.007
1187,2.014,1.835,0,0.003,0.057,0,0,,0,,,,0,,,,,0,0,0,0,0,0,0,0,1,0,1,0,1,2,0,0,0,0,0,0,272,0.001,0.002,0.007
1188,3.001,2.872,0.001,0.002,0.052,0,0,,0,,,,0,,,,,0,0,0,0,0,0,0,0,1,0,1,0,1,2,0,0,0,0,0,0,272,0,0.001,0.005
1189,1.872,1.738,0,0.003,0.049,0,0,,0,,,,0,,,,,0,0,0,0,0,0,0,0,1,0,1,0,1,2,0,0,0,0,0,0,272,0.001,0.001,0.005
1190,2.114,1.995,0,0.003,0.043,0,0,,0,,,,0,,,,,0,0,0,0,0,0,0,0,1,0,1,0,1,2,0,0,0,0,0,0,272,0.001,0.001,0.004
1191,4.181,4.029,0.001,0.003,0.062,0,0,,0,,,,0,,,,,0,0,0,0,0,0,0,0,1,0,1,0,1,2,0,0,0,0,0,0,272,0,0.001,0.005
1192,1.181,1.071,0,0.003,0.035,0,0,,0,,,,0,,,,,0,0,0,0,0,0,0,0,1,0,1,0,1,2,0,0,0,0,0,0,272,0.001,0,0.004
1193,0.694,0.567,0,0.003,0.043,0,0,,0,,,,0,,,,,0,0,0,0,0,0,0,0,1,0,1,0,1,2,0,0,0,0,0,0,272,0,0.001,0.004
1194,1.068,0.9,0.001,0.002,0.059,0,0,,0,,,,0,,,,,0,0,0,0,0,0,0,0,1,0,1,0,1,2,0,0,0,0,0,0,272,0,0.001,0.006
1195,1.486,1.297,0.001,0.004,0.061,0,0,,0,,,,0,,,,,0,0,0,0,0,0,0,0,1,0,1,0,1,2,0,0,0,0,0,0,272,0,0.002,0.007
1196,0.655,0.507,0,0.003,0.047,0,0,,0,,,,0,,,,,0,0,0,0,0,0,0,0,1,0,1,0,1,2,0,0,0,0,0,0,272,0.001,0.001,0.006
1197,2.29,2.153,0.001,0.003,0.042,0,0,,0,,,,0,,,,,0,0,0,0,0,0,0,0,1,0,1,0,1,2,0,0,0,0,0,0,272,0,0.001,0.006
1198,2.174,2.035,0,0.003,0.056,0,0,,0,,,,0,,,,,0,0,0,0,0,0,0,0,1,0,1,0,1,2,0,0,0,0,0,0,272,0,0.001,0.005
1199,0.756,0.629,0,0.002,0.053,0,0,,0,,,,0,,,,,0,0,0,0,0,0,0,0,1,0,1,0,1,2,0,0,0,0,0,0,272,0.001,0,0.003
1200,0.696,0.585,0,0.002,0.043,0,0,,1,640.625,229920768,286654464,1,62503872,62503872,135081984,38823561584,0,0,0,0,0,0,0,0,1,0,1,0,1,2,0,0,0,0,0,0,272,0,0.001,0.003
1201,1.408,1.235,0,0.003,0.07,0,0,,0,,,,0,,,,,0,0,0,0,0,0,0,0,1,0,1,0,1,2,0,0,0,0,0,0,272,0,0.001,0.005
1202,0.958,0.778,0,0.003,0.075,0,0,,0,,,,0,,,,,0,0,0,0,0,0,0,0,1,0,1,0,1,2,0,0,0,0,0,0,272,0,0.001,0.006
1203,1.607,1.405,0.001,0.003,0.073,0,0,,0,,,,0,,,,,0,0,0,0,0,0,0,0,1,0,1,0,1,2,0,0,0,0,0,0,272,0,0,0.006
1204,1.088,0.926,0,0.003,0.069,0,0,,0,,,,0,,,,,0,0,0,0,0,0,0,0,1,0,1,0,1,2,0,0,0,0,0,0,272,0.001,0.001,0.005
1205,0.99,0.834,0,0.002,0.067,0,0,,0,,,,0,,,,,0,0,0,0,0,0,0,0,1,0,1,0,1,2,0,0,0,0,0,0,272,0,0.001,0.005
1206,0.709,0.568,0.001,0.002,0.044,0,0,,0,,,,0,,,,,0,0,0,0,0,0,0,0,1,0,1,0,1,2,0,0,0,0,0,0,272,0,0.001,0.005
1207,1.009,0.821,0,0.004,0.078,0,0,,0,,,,0,,,,,0,0,0,0,0,0,0,0,1,0,1,0,1,2,0,0,0,0,0,0,272,0,0.001,0.006
1208,0.994,0.763,0,0.004,0.052,0,0,,0,,,,0,,,,,0,0,0,0,0,0,0,0,1,0,1,0,1,2,0,0,0,0,0,0,272,0,0.001,0.008
1209,1.042,0.786,0,0.004,0.124,0,0,,0,,,,0,,,,,0,0,0,0,0,0,0,0,1,0,1,0,1,2,0,0,0,0,0,0,272,0,0.001,0.005
1210,2.614,2.39,0,0.004,0.061,0,0,,0,,,,0,,,,,0,0,0,0,0,0,0,0,1,0,1,0,1,2,0,0,0,0,0,0,272,0.001,0.001,0.006
1211,0.965,0.798,0,0.003,0.071,0,0,,0,,,,0,,,,,0,0,0,0,0,0,0,0,1,0,1,0,1,2,0,0,0,0,0,0,272,0,0.001,0.005
1212,1.016,0.85,0.001,0.002,0.063,0,0,,0,,,,0,,,,,0,0,0,0,0,0,0,0,1,0,1,0,1,2,0,0,0,0,0,0,272,0.001,0.001,0.004
1213,0.483,0.371,0,0.002,0.045,0,0,,0,,,,0,,,,,0,0,0,0,0,0,0,0,1,0,1,0,1,2,0,0,0,0,0,0,272,0,0.001,0.003
1214,0.981,0.826,0,0.002,0.046,0,0,,0,,,,0,,,,,0,0,0,0,0,0,0,0,1,0,1,0,1,2,0,0,0,0,0,0,272,0,0,0.004
1215,0.868,0.761,0,0.002,0.046,0,0,,0,,,,0,,,,,0,0,0,0,0,0,0,0,1,0,1,0,1,2,0,0,0,0,0,0,272,0,0.001,0.003
1216,0.994,0.847,0.001,0.002,0.056,0,0,,0,,,,0,,,,,0,0,0,0,0,0,0,0,1,0,1,0,1,2,0,0,0,0,0,0,272,0.001,0.001,0.005
1217,0.885,0.773,0,0.002,0.05,0,0,,0,,,,0,,,,,0,0,0,0,0,0,0,0,1,0,1,0,1,2,0,0,0,0,0,0,272,0,0.001,0.004
1218,2.387,2.202,0.001,0.004,0.074,0,0,,0,,,,0,,,,,0,0,0,0,0,0,0,0,1,0,1,0,1,2,0,0,0,0,0,0,272,0,0.001,0.005
1219,1.466,1.322,0,0.003,0.058,0,0,,0,,,,0,,,,,0,0,0,0,0,0,0,0,1,0,1,0,1,2,0,0,0,0,0,0,272,0,0.001,0.004
1220,1.583,1.387,0,0.004,0.064,0,0,,0,,,,0,,,,,0,0,0,0,0,0,0,0,1,0,1,0,1,2,0,0,0,0,0,0,272,0.001,0.001,0.007
1221,1.584,1.388,0,0.004,0.062,0,0,,0,,,,0,,,,,0,0,0,0,0,0,0,0,1,0,1,0,1,2,0,0,0,0,0,0,272,0,0.001,0.008
1222,1.206,1.042,0,0.004,0.048,0,0,,0,,,,0,,,,,0,0,0,0,0,0,0,0,1,0,1,0,1,2,0,0,0,0,0,0,272,0,0.001,0.007
1223,3.655,3.463,0,0.005,0.053,0,0,,0,,,,0,,,,,0,0,0,0,0,0,0,0,1,0,1,0,1,2,0,0,0,0,0,0,272,0.001,0.002,0.009
1224,1.726,1.549,0.001,0.003,0.06,0,0,,0,,,,0,,,,,0,0,0,0,0,0,0,0,1,0,1,0,1,2,0,0,0,0,0,0,272,0.001,0.001,0.006
1225,2.155,1.999,0,0.003,0.062,0,0,,0,,,,0,,,,,0,0,0,0,0,0,0,0,1,0,1,0,1,2,0,0,0,0,0,0,272,0,0.001,0.005
1226,1.599,1.439,0,0.004,0.065,0,0,,0,,,,0,,,,,0,0,0,0,0,0,0,0,1,0,1,0,1,2,0,0,0,0,0,0,272,0,0.001,0.006
1227,4.491,4.226,0.001,0.007,0.074,0,0,,0,,,,0,,,,,0,0,0,0,0,0,0,0,1,0,1,0,1,2,0,0,0,0,0,0,272,0.001,0.002,0.012
1228,2.258,2.034,0.001,0.005,0.06,0,0,,0,,,,0,,,,,0,0,0,0,0,0,0,0,1,0,1,0,1,2,0,0,0,0,0,0,272,0,0.002,0.01
1229,1.436,1.285,0.001,0.003,0.047,0,0,,0,,,,0,,,,,0,0,0,0,0,0,0,0,1,0,1,0,1,2,0,0,0,0,0,0,272,0,0.001,0.007
1230,6.7,6.381,0.001,0.006,0.155,0,0,,1,656.25,229920768,286654464,1,62503872,62503872,135081984,38823561584,0,0,0,0,0,0,0,0,1,0,1,0,1,2,0,0,0,0,0,0,272,0,0.002,0.009
1231,3.087,2.887,0.001,0.005,0.057,0,0,,0,,,,0,,,,,0,0,0,0,0,0,0,0,1,0,1,0,1,2,0,0,0,0,0,0,272,0.001,0.003,0.009
1232,2.508,2.346,0.001,0.003,0.058,0,0,,0,,,,0,,,,,0,0,0,0,0,0,0,0,1,0,1,0,1,2,0,0,0,0,0,0,272,0,0.002,0.007
1233,1.96,1.772,0.001,0.003,0.048,0,0,,0,,,,0,,,,,0,0,0,0,0,0,0,0,1,0,1,0,1,2,0,0,0,0,0,0,272,0.001,0.001,0.01
1234,1.785,1.589,0,0.005,0.058,0,0,,0,,,,0,,,,,0,0,0,0,0,0,0,0,1,0,1,0,1,2,0,0,0,0,0,0,272,0,0.001,0.01
1235,5.012,4.753,0,0.005,0.079,0,0,,0,,,,0,,,,,0,0,0,0,0,0,0,0,1,0,1,0,1,2,0,0,0,0,0,0,272,0,0.002,0.009
1236,2.238,2.042,0,0.004,0.063,0,0,,0,,,,0,,,,,0,0,0,0,0,0,0,0,1,0,1,0,1,2,0,0,0,0,0,0,272,0,0.001,0.008
1237,2.544,2.343,0,0.004,0.068,0,0,,0,,,,0,,,,,0,0,0,0,0,0,0,0,1,0,1,0,1,2,0,0,0,0,0,0,272,0,0.001,0.008
1238,12.608,12.409,0,0.005,0.054,0,0,,0,,,,0,,,,,0,0,0,0,0,0,0,0,1,0,1,0,1,2,0,0,0,0,0,0,272,0,0.002,0.009
1239,2.119,1.906,0.001,0.004,0.064,0,0,,0,,,,0,,,,,0,0,0,0,0,0,0,0,1,0,1,0,1,2,0,0,0,0,0,0,272,0.001,0.002,0.008
1240,2.981,2.813,0,0.004,0.055,0,0,,0,,,,0,,,,,0,0,0,0,0,0,0,0,1,0,1,0,1,2,0,0,0,0,0,0,272,0.001,0.001,0.007
1241,5.552,5.282,0,0.007,0.072,0,0,,0,,,,0,,,,,0,0,0,0,0,0,0,0,1,0,1,0,1,2,0,0,0,0,0,0,272,0,0.003,0.012
1242,6.6,6.364,0,0.005,0.065,0,0,,0,,,,0,,,,,0,0,0,0,0,0,0,0,1,0,1,0,1,2,0,0,0,0,0,0,272,0.001,0.002,0.01
1243,1.574,1.429,0.001,0.003,0.049,0,0,,0,,,,0,,,,,0,0,0,0,0,0,0,0,1,0,1,0,1,2,0,0,0,0,0,0,272,0.001,0.001,0.007
1244,5.278,5.029,0.001,0.006,0.075,0,0,,0,,,,0,,,,,0,0,0,0,0,0,0,0,1,0,1,0,1,2,0,0,0,0,0,0,272,0.001,0.002,0.012
1245,2.698,2.44,0.001,0.005,0.092,0,0,,0,,,,0,,,,,0,0,0,0,0,0,0,0,1,0,1,0,1,2,0,0,0,0,0,0,272,0.001,0.003,0.01
1246,6.53,6.28,0,0.006,0.075,0,0,,0,,,,0,,,,,0,0,0,0,0,0,0,0,1,0,1,0,1,2,0,0,0,0,0,0,272,0.001,0.002,0.011
1247,2.563,2.357,0.001,0.005,0.066,0,0,,0,,,,0,,,,,0,0,0,0,0,0,0,0,1,0,1,0,1,2,0,0,0,0,0,0,272,0.001,0.002,0.008
1248,3.101,2.913,0.001,0.003,0.073,0,0,,0,,,,0,,,,,0,0,0,0,0,0,0,0,1,0,1,0,1,2,0,0,0,0,0,0,272,0,0.002,0.007
1249,2.194,1.965,0.001,0.005,0.066,0,0,,0,,,,0,,,,,0,0,0,0,0,0,0,0,1,0,1,0,1,2,0,0,0,0,0,0,272,0.001,0.002,0.009
1250,1.891,1.67,0,0.006,0.065,0,0,,0,,,,0,,,,,0,0,0,0,0,0,0,0,1,0,1,0,1,2,0,0,0,0,0,0,272,0.001,0.002,0.01
1251,7.834,7.558,0.001,0.006,0.089,0,0,,0,,,,0,,,,,0,0,0,0,0,0,0,0,1,0,1,0,1,2,0,0,0,0,0,0,272,0.001,0.002,0.011
1252,1.988,1.808,0,0.004,0.067,0,0,,0,,,,0,,,,,0,0,0,0,0,0,0,0,1,0,1,0,1,2,0,0,0,0,0,0,272,0,0.001,0.008
1253,6.96,6.71,0.001,0.007,0.072,0,0,,0,,,,0,,,,,0,0,0,0,0,0,0,0,1,0,1,0,1,2,0,0,0,0,0,0,272,0,0.002,0.011
1254,4.983,4.739,0.001,0.006,0.078,0,0,,0,,,,0,,,,,0,0,0,0,0,0,0,0,1,0,1,0,1,2,0,0,0,0,0,0,272,0.001,0.002,0.01
1255,2.295,2.115,0,0.004,0.056,0,0,,0,,,,0,,,,,0,0,0,0,0,0,0,0,1,0,1,0,1,2,0,0,0,0,0,0,272,0,0.001,0.007
1256,9.454,9.183,0,0.008,0.063,0,0,,0,,,,0,,,,,0,0,0,0,0,0,0,0,1,0,1,0,1,2,0,0,0,0,0,0,272,0,0.003,0.013
1257,20.104,19.791,0,0.008,0.089,0,0,,0,,,,0,,,,,0,0,0,0,0,0,0,0,1,0,1,0,1,2,0,0,0,0,0,0,272,0.001,0.002,0.013
1258,3.537,3.38,0,0.004,0.042,0,0,,0,,,,0,,,,,0,0,0,0,0,0,0,0,1,0,1,0,1,2,0,0,0,0,0,0,272,0,0.002,0.006
1259,10.146,9.8,0,0.008,0.098,0,0,,0,,,,0,,,,,0,0,0,0,0,0,0,0,1,0,1,0,1,2,0,0,0,0,0,0,272,0.001,0.003,0.014
1260,23.015,22.739,0.001,0.007,0.079,0,0,,1,656.25,229986304,286654464,1,62503872,62503872,135081984,38823561584,0,0,0,0,0,0,0,0,1,0,1,0,1,2,0,0,0,0,0,0,272,0.001,0.003,0.011
1261,1.562,1.432,0,0.002,0.043,0,0,,0,,,,0,,,,,0,0,0,0,0,0,0,0,1,0,1,0,1,2,0,0,0,0,0,0,272,0.001,0.001,0.006
1262,3.023,2.91,0,0.002,0.044,0,0,,0,,,,0,,,,,0,0,0,0,0,0,0,0,1,0,1,0,1,2,0,0,0,0,0,0,272,0.001,0.001,0.005
1263,2.72,2.022,0.001,0.003,0.567,0,0,,0,,,,0,,,,,0,0,0,0,0,0,0,0,1,0,1,0,1,2,0,0,0,0,0,0,272,0.001,0.002,0.008
1264,26.385,26.114,0.001,0.007,0.087,0,0,,0,,,,0,,,,,0,0,0,0,0,0,0,0,1,0,1,0,1,2,0,0,0,0,0,0,272,0,0.002,0.011
1265,2.44,2.229,0,0.004,0.065,0,0,,0,,,,0,,,,,0,0,0,0,0,0,0,0,1,0,1,0,1,2,0,0,0,0,0,0,272,0,0.001,0.007
1266,2.776,2.572,0.001,0.004,0.066,0,0,,0,,,,0,,,,,0,0,0,0,0,0,0,0,1,0,1,0,1,2,0,0,0,0,0,0,272,0,0.001,0.008
1267,2.403,2.129,0.001,0.007,0.071,0,0,,0,,,,0,,,,,0,0,0,0,0,0,0,0,1,0,1,0,1,2,0,0,0,0,0,0,272,0,0.003,0.012
1268,9.114,8.821,0.001,0.007,0.087,0,0,,0,,,,0,,,,,0,0,0,0,0,0,0,0,1,0,1,0,1,2,0,0,0,0,0,0,272,0.001,0.003,0.012
1269,3.754,3.483,0.001,0.006,0.079,0,0,,0,,,,0,,,,,0,0,0,0,0,0,0,0,1,0,1,0,1,2,0,0,0,0,0,0,272,0.001,0.002,0.012
1270,17.966,17.71,0.001,0.007,0.065,0,0,,0,,,,0,,,,,0,0,0,0,0,0,0,0,1,0,1,0,1,2,0,0,0,0,0,0,272,0.001,0.003,0.012
1271,3.444,3.212,0.001,0.006,0.064,0,0,,0,,,,0,,,,,0,0,0,0,0,0,0,0,1,0,1,0,1,2,0,0,0,0,0,0,272,0.001,0.002,0.01
1272,23.209,22.946,0.001,0.006,0.088,0,0,,0,,,,0,,,,,0,0,0,0,0,0,0,0,1,0,1,0,1,2,0,0,0,0,0,0,272,0.001,0.002,0.011
1273,0.608,0.49,0.001,0.002,0.045,0,0,,0,,,,0,,,,,0,0,0,0,0,0,0,0,1,0,1,0,1,2,0,0,0,0,0,0,272,0,0.001,0.005
1274,0.865,0.694,0.001,0.003,0.068,0,0,,0,,,,0,,,,,0,0,0,0,0,0,0,0,1,0,1,0,1,2,0,0,0,0,0,0,272,0,0,0.006
1275,0.725,0.621,0,0.002,0.039,0,0,,0,,,,0,,,,,0,0,0,0,0,0,0,0,1,0,1,0,1,2,0,0,0,0,0,0,272,0,0,0.004
1276,3.131,2.959,0,0.005,0.061,0,0,,0,,,,0,,,,,0,0,0,0,0,0,0,0,1,0,1,0,1,2,0,0,0,0,0,0,272,0,0.001,0.006
1277,0.717,0.6,0,0.002,0.041,0,0,,0,,,,0,,,,,0,0,0,0,0,0,0,0,1,0,1,0,1,2,0,0,0,0,0,0,272,0,0,0.005
1278,1.304,1.125,0,0.003,0.071,0,0,,0,,,,0,,,,,0,0,0,0,0,0,0,0,1,0,1,0,1,2,0,0,0,0,0,0,272,0.001,0.001,0.006
1279,0.42,0.283,0,0.002,0.057,0,0,,0,,,,0,,,,,0,0,0,0,0,0,0,0,1,0,1,0,1,2,0,0,0,0,0,0,272,0,0.001,0.003
1280,0.824,0.654,0,0.004,0.056,0,0,,0,,,,0,,,,,0,0,0,0,0,0,0,0,1,0,1,0,1,2,0,0,0,0,0,0,272,0,0.002,0.006
1281,0.675,0.518,0,0.003,0.054,0,0,,0,,,,0,,,,,0,0,0,0,0,0,0,0,1,0,1,0,1,2,0,0,0,0,0,0,272,0,0.001,0.005
1282,1.477,1.308,0,0.005,0.045,0,0,,0,,,,0,,,,,0,0,0,0,0,0,0,0,1,0,1,0,1,2,0,0,0,0,0,0,272,0,0.001,0.008
1283,1.087,0.92,0.001,0.004,0.058,0,0,,0,,,,0,,,,,0,0,0,0,0,0,0,0,1,0,1,0,1,2,0,0,0,0,0,0,272,0,0.001,0.006
1284,2.144,1.964,0.001,0.004,0.07,0,0,,0,,,,0,,,,,0,0,0,0,0,0,0,0,1,0,1,0,1,2,0,0,0,0,0,0,272,0,0.001,0.006
1285,0.732,0.616,0.001,0.002,0.045,0,0,,0,,,,0,,,,,0,0,0,0,0,0,0,0,1,0,1,0,1,2,0,0,0,0,0,0,272,0,0.001,0.004
1286,0.771,0.681,0,0.002,0.034,0,0,,0,,,,0,,,,,0,0,0,0,0,0,0,0,1,0,1,0,1,2,0,0,0,0,0,0,272,0,0,0.003
1287,0.791,0.704,0,0.002,0.036,0,0,,0,,,,0,,,,,0,0,0,0,0,0,0,0,1,0,1,0,1,2,0,0,0,0,0,0,272,0,0,0.003
1288,0.858,0.726,0,0.002,0.059,0,0,,0,,,,0,,,,,0,0,0,0,0,0,0,0,1,0,1,0,1,2,0,0,0,0,0,0,272,0,0.001,0.004
1289,0.743,0.652,0,0.002,0.041,0,0,,0,,,,0,,,,,0,0,0,0,0,0,0,0,1,0,1,0,1,2,0,0,0,0,0,0,272,0,0,0.003
1290,0.874,0.713,0,0.004,0.06,0,0,,1,671.875,229986304,286654464,1,62503872,62503872,135081984,38823561584,0,0,0,0,0,0,0,0,1,0,1,0,1,2,0,0,0,0,0,0,272,0,0.001,0.005
1291,0.837,0.635,0.001,0.003,0.09,0,0,,0,,,,0,,,,,0,0,0,0,0,0,0,0,1,0,1,0,1,2,0,0,0,0,0,0,272,0,0.001,0.005
1292,14.011,13.736,0.001,0.006,0.082,0,0,,0,,,,0,,,,,0,0,0,0,0,0,0,0,1,0,1,0,1,2,0,0,0,0,0,0,272,0.001,0.002,0.013
1293,1.003,0.768,0,0.004,0.076,0,0,,0,,,,0,,,,,0,0,0,0,0,0,0,0,1,0,1,0,1,2,0,0,0,0,0,0,272,0.001,0.001,0.008
1294,0.556,0.306,0,0.004,0.092,0,0,,0,,,,0,,,,,0,0,0,0,0,0,0,0,1,0,1,0,1,2,0,0,0,0,0,0,272,0,0.001,0.008
1295,2.452,2.326,0.001,0.002,0.049,0,0,,0,,,,0,,,,,0,0,0,0,0,0,0,0,1,0,1,0,1,2,0,0,0,0,0,0,272,0,0.001,0.005
1296,0.764,0.67,0,0.002,0.035,0,0,,0,,,,0,,,,,0,0,0,0,0,0,0,0,1,0,1,0,1,2,0,0,0,0,0,0,272,0,0.001,0.003
1297,0.889,0.786,0,0.002,0.04,0,0,,0,,,,0,,,,,0,0,0,0,0,0,0,0,1,0,1,0,1,2,0,0,0,0,0,0,272,0,0.001,0.003
1298,1.09,0.953,0,0.003,0.058,0,0,,0,,,,0,,,,,0,0,0,0,0,0,0,0,1,0,1,0,1,2,0,0,0,0,0,0,272,0,0.001,0.004
1299,0.501,0.309,0,0.002,0.108,0,0,,0,,,,0,,,,,0,0,0,0,0,0,0,0,1,0,1,0,1,2,0,0,0,0,0,0,272,0,0.001,0.004
1300,0.872,0.673,0,0.005,0.071,0,0,,0,,,,0,,,,,0,0,0,0,0,0,0,0,1,0,1,0,1,2,0,0,0,0,0,0,272,0,0.001,0.007
1301,0.928,0.78,0,0.003,0.05,0,0,,0,,,,0,,,,,0,0,0,0,0,0,0,0,1,0,1,0,1,2,0,0,0,0,0,0,272,0.001,0.001,0.004
1302,1.418,1.249,0.001,0.004,0.055,0,0,,0,,,,0,,,,,0,0,0,0,0,0,0,0,1,0,1,0,1,2,0,0,0,0,0,0,272,0,0.001,0.007
1303,2.49,2.328,0.001,0.004,0.063,0,0,,0,,,,0,,,,,0,0,0,0,0,0,0,0,1,0,1,0,1,2,0,0,0,0,0,0,272,0,0,0.006
1304,0.785,0.626,0,0.003,0.059,0,0,,0,,,,0,,,,,0,0,0,0,0,0,0,0,1,0,1,0,1,2,0,0,0,0,0,0,272,0,0.001,0.005
1305,0.756,0.639,0.001,0.002,0.042,0,0,,0,,,,0,,,,,0,0,0,0,0,0,0,0,1,0,1,0,1,2,0,0,0,0,0,0,272,0,0,0.005
1306,0.81,0.695,0,0.002,0.049,0,0,,0,,,,0,,,,,0,0,0,0,0,0,0,0,1,0,1,0,1,2,0,0,0,0,0,0,272,0,0.001,0.004
1307,0.762,0.666,0,0.002,0.039,0,0,,0,,,,0,,,,,0,0,0,0,0,0,0,0,1,0,1,0,1,2,0,0,0,0,0,0,272,0,0.001,0.003
1308,1.26,1.079,0,0.004,0.078,0,0,,0,,,,0,,,,,0,0,0,0,0,0,0,0,1,0,1,0,1,2,0,0,0,0,0,0,272,0.001,0.001,0.005
1309,0.568,0.206,0.001,0.002,0.284,0,0,,0,,,,0,,,,,0,0,0,0,0,0,0,0,1,0,1,0,1,2,0,0,0,0,0,0,272,0,0.001,0.004
1310,0.482,0.372,0.001,0.002,0.046,0,0,,0,,,,0,,,,,0,0,0,0,0,0,0,0,1,0,1,0,1,2,0,0,0,0,0,0,272,0,0.001,0.003
1311,0.78,0.684,0,0.001,0.04,0,0,,0,,,,0,,,,,0,0,0,0,0,0,0,0,1,0,1,0,1,2,0,0,0,0,0,0,272,0,0.001,0.003
1312,22.842,22.528,0.001,0.008,0.088,0,0,,0,,,,0,,,,,0,0,0,0,0,0,0,0,1,0,1,0,1,2,0,0,0,0,0,0,272,0,0.002,0.014
1313,40.85,40.551,0,0.008,0.085,0,0,,0,,,,0,,,,,0,0,0,0,0,0,0,0,1,0,1,0,1,2,0,0,0,0,0,0,272,0,0.002,0.013
1314,25.543,25.276,0.001,0.007,0.07,0,0,,0,,,,0,,,,,0,0,0,0,0,0,0,0,1,0,1,0,1,2,0,0,0,0,0,0,272,0.001,0.003,0.011
1315,6.856,6.618,0.001,0.006,0.065,0,0,,0,,,,0,,,,,0,0,0,0,0,0,0,0,1,0,1,0,1,2,0,0,0,0,0,0,272,0.001,0.002,0.009
1316,0.952,0.808,0.001,0.003,0.046,0,0,,0,,,,0,,,,,0,0,0,0,0,0,0,0,1,0,1,0,1,2,0,0,0,0,0,0,272,0,0.001,0.008
1317,0.755,0.635,0,0.003,0.042,0,0,,0,,,,0,,,,,0,0,0,0,0,0,0,0,1,0,1,0,1,2,0,0,0,0,0,0,272,0,0.001,0.005
1318,0.82,0.679,0,0.002,0.054,0,0,,0,,,,0,,,,,0,0,0,0,0,0,0,0,1,0,1,0,1,2,0,0,0,0,0,0,272,0,0.001,0.006
1319,0.756,0.673,0.001,0.001,0.038,0,0,,0,,,,0,,,,,0,0,0,0,0,0,0,0,1,0,1,0,1,2,0,0,0,0,0,0,272,0,0.001,0.003
1320,3.93,3.75,0,0.028,0.05,0,0,,1,703.125,229986304,286654464,1,62503872,62503872,135081984,38823561584,0,0,0,0,0,0,0,0,1,0,1,0,1,2,0,0,0,0,0,0,272,0.001,0.002,0.007
1321,0.72,0.608,0,0.002,0.04,0,0,,0,,,,0,,,,,0,0,0,0,0,0,0,0,1,0,1,0,1,2,0,0,0,0,0,0,272,0,0.001,0.005
1322,1.364,1.197,0,0.004,0.057,0,0,,0,,,,0,,,,,0,0,0,0,0,0,0,0,1,0,1,0,1,2,0,0,0,0,0,0,272,0,0.001,0.005
1323,0.12,0.042,0,0.001,0.026,0,0,,0,,,,0,,,,,0,0,0,0,0,0,0,0,1,0,1,0,1,2,0,0,0,0,0,0,272,0,0,0.003
1324,4.572,4.379,0.001,0.004,0.07,0,0,,0,,,,0,,,,,0,0,0,0,0,0,0,0,1,0,1,0,1,2,0,0,0,0,0,0,272,0,0.001,0.008
1325,0.447,0.18,0.001,0.001,0.214,0,0,,0,,,,0,,,,,0,0,0,0,0,0,0,0,1,0,1,0,1,2,0,0,0,0,0,0,272,0,0.001,0.003
1326,0.729,0.583,0.001,0.003,0.055,0,0,,0,,,,0,,,,,0,0,0,0,0,0,0,0,1,0,1,0,1,2,0,0,0,0,0,0,272,0,0,0.006
1327,0.731,0.643,0,0.002,0.038,0,0,,0,,,,0,,,,,0,0,0,0,0,0,0,0,1,0,1,0,1,2,0,0,0,0,0,0,272,0,0.001,0.003
1328,0.792,0.699,0,0.002,0.045,0,0,,0,,,,0,,,,,0,0,0,0,0,0,0,0,1,0,1,0,1,2,0,0,0,0,0,0,272,0.001,0,0.003
1329,0.79,0.703,0,0.001,0.04,0,0,,0,,,,0,,,,,0,0,0,0,0,0,0,0,1,0,1,0,1,2,0,0,0,0,0,0,272,0,0,0.003
1330,2.665,2.532,0,0.003,0.042,0,0,,0,,,,0,,,,,0,0,0,0,0,0,0,0,1,0,1,0,1,2,0,0,0,0,0,0,272,0.001,0.001,0.005
1331,18.583,18.305,0.001,0.006,0.083,0,0,,0,,,,0,,,,,0,0,0,0,0,0,0,0,1,0,1,0,1,2,0,0,0,0,0,0,272,0,0.003,0.011
1332,1.564,1.35,0,0.004,0.068,0,0,,0,,,,0,,,,,0,0,0,0,0,0,0,0,1,0,1,0,1,2,0,0,0,0,0,0,272,0.001,0.001,0.007
1333,1.75,1.503,0.001,0.005,0.069,0,0,,0,,,,0,,,,,0,0,0,0,0,0,0,0,1,0,1,0,1,2,0,0,0,0,0,0,272,0.001,0.001,0.01
1334,1.465,1.214,0.001,0.005,0.09,0,0,,0,,,,0,,,,,0,0,0,0,0,0,0,0,1,0,1,0,1,2,0,0,0,0,0,0,272,0.001,0.002,0.008
1335,4.521,4.336,0,0.005,0.057,0,0,,0,,,,0,,,,,0,0,0,0,0,0,0,0,1,0,1,0,1,2,0,0,0,0,0,0,272,0,0.002,0.008
1336,3.911,3.771,0.001,0.003,0.043,0,0,,0,,,,0,,,,,0,0,0,0,0,0,0,0,1,0,1,0,1,2,0,0,0,0,0,0,272,0.001,0.001,0.006
1337,7.551,7.309,0.001,0.007,0.062,0,0,,0,,,,0,,,,,0,0,0,0,0,0,0,0,1,0,1,0,1,2,0,0,0,0,0,0,272,0,0.003,0.01
1338,5.602,5.429,0,0.005,0.046,0,0,,0,,,,0,,,,,0,0,0,0,0,0,0,0,1,0,1,0,1,2,0,0,0,0,0,0,272,0,0.002,0.008
1339,1.334,1.237,0,0.002,0.035,0,0,,0,,,,0,,,,,0,0,0,0,0,0,0,0,1,0,1,0,1,2,0,0,0,0,0,0,272,0,0,0.004
1340,1.621,1.394,0.001,0.004,0.053,0,0,,0,,,,0,,,,,0,0,0,0,0,0,0,0,1,0,1,0,1,2,0,0,0,0,0,0,272,0.001,0.002,0.011
1341,2.128,1.953,0.001,0.004,0.065,0,0,,0,,,,0,,,,,0,0,0,0,0,0,0,0,1,0,1,0,1,2,0,0,0,0,0,0,272,0,0.001,0.006
1342,1.187,1.055,0.001,0.002,0.054,0,0,,0,,,,0,,,,,0,0,0,0,0,0,0,0,1,0,1,0,1,2,0,0,0,0,0,0,272,0,0.001,0.004
1343,1.501,1.176,0,0.002,0.246,0,0,,0,,,,0,,,,,0,0,0,0,0,0,0,0,1,0,1,0,1,2,0,0,0,0,0,0,272,0,0,0.005
1344,1.061,0.884,0,0.003,0.057,0,0,,0,,,,0,,,,,0,0,0,0,0,0,0,0,1,0,1,0,1,2,0,0,0,0,0,0,272,0.001,0.001,0.005
1345,1.436,1.23,0.001,0.004,0.056,0,0,,0,,,,0,,,,,0,0,0,0,0,0,0,0,1,0,1,0,1,2,0,0,0,0,0,0,272,0.001,0.002,0.008
1346,0.964,0.809,0,0.003,0.056,0,0,,0,,,,0,,,,,0,0,0,0,0,0,0,0,1,0,1,0,1,2,0,0,0,0,0,0,272,0.001,0.001,0.005
1347,5.414,5.198,0.001,0.005,0.061,0,0,,0,,,,0,,,,,0,0,0,0,0,0,0,0,1,0,1,0,1,2,0,0,0,0,0,0,272,0.001,0.002,0.008
1348,0.727,0.592,0,0.003,0.043,0,0,,0,,,,0,,,,,0,0,0,0,0,0,0,0,1,0,1,0,1,2,0,0,0,0,0,0,272,0.001,0.001,0.005
1349,1.31,1.161,0,0.003,0.045,0,0,,0,,,,0,,,,,0,0,0,0,0,0,0,0,1,0,1,0,1,2,0,0,0,0,0,0,272,0.001,0.001,0.006
1350,1.181,1.089,0,0.002,0.04,0,0,,1,718.75,229986304,286654464,1,62503872,62503872,135081984,38823561584,0,0,0,0,0,0,0,0,1,0,1,0,1,2,0,0,0,0,0,0,272,0,0,0.003
1351,1.298,1.108,0.001,0.004,0.054,0,0,,0,,,,0,,,,,0,0,0,0,0,0,0,0,1,0,1,0,1,2,0,0,0,0,0,0,272,0.001,0.002,0.007
1352,4.047,3.751,0.001,0.006,0.121,0,0,,0,,,,0,,,,,0,0,0,0,0,0,0,0,1,0,1,0,1,2,0,0,0,0,0,0,272,0.001,0.002,0.01
1353,1.58,1.396,0,0.004,0.058,0,0,,0,,,,0,,,,,0,0,0,0,0,0,0,0,1,0,1,0,1,2,0,0,0,0,0,0,272,0,0.001,0.007
1354,1.043,0.933,0,0.003,0.04,0,0,,0,,,,0,,,,,0,0,0,0,0,0,0,0,1,0,1,0,1,2,0,0,0,0,0,0,272,0,0,0.004
1355,2.348,2.178,0.001,0.004,0.057,0,0,,0,,,,0,,,,,0,0,0,0,0,0,0,0,1,0,1,0,1,2,0,0,0,0,0,0,272,0,0.001,0.006
1356,1.289,1.167,0,0.003,0.039,0,0,,0,,,,0,,,,,0,0,0,0,0,0,0,0,1,0,1,0,1,2,0,0,0,0,0,0,272,0,0.001,0.005
1357,1.845,1.675,0.001,0.003,0.062,0,0,,0,,,,0,,,,,0,0,0,0,0,0,0,0,1,0,1,0,1,2,0,0,0,0,0,0,272,0.001,0.001,0.006
1358,1.315,1.157,0,0.004,0.052,0,0,,0,,,,0,,,,,0,0,0,0,0,0,0,0,1,0,1,0,1,2,0,0,0,0,0,0,272,0,0.001,0.006
1359,3.325,3.118,0,0.004,0.083,0,0,,0,,,,0,,,,,0,0,0,0,0,0,0,0,1,0,1,0,1,2,0,0,0,0,0,0,272,0,0.001,0.008
1360,0.735,0.573,0,0.002,0.049,0,0,,0,,,,0,,,,,0,0,0,0,0,0,0,0,1,0,1,0,1,2,0,0,0,0,0,0,272,0,0.001,0.007
1361,0.767,0.604,0.001,0.003,0.06,0,0,,0,,,,0,,,,,0,0,0,0,0,0,0,0,1,0,1,0,1,2,0,0,0,0,0,0,272,0,0,0.006
1362,0.89,0.614,0,0.005,0.121,0,0,,0,,,,0,,,,,0,0,0,0,0,0,0,0,1,0,1,0,1,2,0,0,0,0,0,0,272,0.001,0.001,0.008
1363,0.618,0.49,0,0.003,0.035,0,0,,0,,,,0,,,,,0,0,0,0,0,0,0,0,1,0,1,0,1,2,0,0,0,0,0,0,272,0,0.001,0.005
1364,0.738,0.646,0,0.002,0.037,0,0,,0,,,,0,,,,,0,0,0,0,0,0,0,0,1,0,1,0,1,2,0,0,0,0,0,0,272,0,0.001,0.003
1365,1.422,1.233,0.001,0.003,0.071,0,0,,0,,,,0,,,,,0,0,0,0,0,0,0,0,1,0,1,0,1,2,0,0,0,0,0,0,272,0.001,0.001,0.006
1366,1.028,0.868,0.013,0.015,0.041,0,0,,0,,,,0,,,,,0,0,0,0,0,0,0,0,1,0,1,0,1,2,0,0,0,0,0,0,272,0,0.001,0.005
1367,0.698,0.624,0,0.002,0.027,0,0,,0,,,,0,,,,,0,0,0,0,0,0,0,0,1,0,1,0,1,2,0,0,0,0,0,0,272,0,0,0.002
1368,0.821,0.654,0.001,0.003,0.067,0,0,,0,,,,0,,,,,0,0,0,0,0,0,0,0,1,0,1,0,1,2,0,0,0,0,0,0,272,0,0.001,0.005
1369,0.771,0.616,0,0.002,0.052,0,0,,0,,,,0,,,,,0,0,0,0,0,0,0,0,1,0,1,0,1,2,0,0,0,0,0,0,272,0,0.001,0.005
1370,0.69,0.561,0,0.003,0.048,0,0,,0,,,,0,,,,,0,0,0,0,0,0,0,0,1,0,1,0,1,2,0,0,0,0,0,0,272,0,0.001,0.005
1371,2.242,2.135,0,0.002,0.043,0,0,,0,,,,0,,,,,0,0,0,0,0,0,0,0,1,0,1,0,1,2,0,0,0,0,0,0,272,0,0,0.004
1372,1.274,1.168,0,0.002,0.044,0,0,,0,,,,0,,,,,0,0,0,0,0,0,0,0,1,0,1,0,1,2,0,0,0,0,0,0,272,0,0,0.004
1373,1.341,1.252,0,0.002,0.038,0,0,,0,,,,0,,,,,0,0,0,0,0,0,0,0,1,0,1,0,1,2,0,0,0,0,0,0,272,0,0,0.003
1374,2.693,2.564,0.001,0.003,0.047,0,0,,0,,,,0,,,,,0,0,0,0,0,0,0,0,1,0,1,0,1,2,0,0,0,0,0,0,272,0,0.001,0.006
1375,1.327,1.244,0,0.002,0.034,0,0,,0,,,,0,,,,,0,0,0,0,0,0,0,0,1,0,1,0,1,2,0,0,0,0,0,0,272,0,0.001,0.003
1376,2.775,2.525,0,0.005,0.081,0,0,,0,,,,0,,,,,0,0,0,0,0,0,0,0,1,0,1,0,1,2,0,0,0,0,0,0,272,0.001,0.002,0.01
1377,2.77,2.529,0,0.005,0.065,0,0,,0,,,,0,,,,,0,0,0,0,0,0,0,0,1,0,1,0,1,2,0,0,0,0,0,0,272,0,0.002,0.009
1378,2.507,2.354,0.001,0.003,0.045,0,0,,0,,,,0,,,,,0,0,0,0,0,0,0,0,1,0,1,0,1,2,0,0,0,0,0,0,272,0,0.001,0.005
1379,5.762,5.595,0.001,0.004,0.058,0,0,,0,,,,0,,,,,0,0,0,0,0,0,0,0,1,0,1,0,1,2,0,0,0,0,0,0,272,0,0.001,0.007
1380,1.173,1.031,0.001,0.002,0.049,0,0,,1,734.375,229990400,286654464,1,62503872,62503872,135081984,38823561584,0,0,0,0,0,0,0,0,1,0,1,0,1,2,0,0,0,0,0,0,272,0,0.001,0.006
1381,1.362,1.207,0,0.002,0.056,0,0,,0,,,,0,,,,,0,0,0,0,0,0,0,0,1,0,1,0,1,2,0,0,0,0,0,0,272,0,0.001,0.006
1382,1.333,1.146,0.001,0.004,0.069,0,0,,0,,,,0,,,,,0,0,0,0,0,0,0,0,1,0,1,0,1,2,0,0,0,0,0,0,272,0,0.001,0.007
1383,1.554,1.422,0,0.003,0.035,0,0,,0,,,,0,,,,,0,0,0,0,0,0,0,0,1,0,1,0,1,2,0,0,0,0,0,0,272,0,0.001,0.005
1384,2.465,2.242,0,0.003,0.067,0,0,,0,,,,0,,,,,0,0,0,0,0,0,0,0,1,0,1,0,1,2,0,0,0,0,0,0,272,0.001,0.002,0.009
1385,6.75,6.512,0,0.006,0.06,0,0,,0,,,,0,,,,,0,0,0,0,0,0,0,0,1,0,1,0,1,2,0,0,0,0,0,0,272,0,0.002,0.009
1386,1.774,1.579,0.001,0.005,0.053,0,0,,0,,,,0,,,,,0,0,0,0,0,0,0,0,1,0,1,0,1,2,0,0,0,0,0,0,272,0,0.002,0.009
1387,2.448,2.321,0,0.003,0.052,0,0,,0,,,,0,,,,,0,0,0,0,0,0,0,0,1,0,1,0,1,2,0,0,0,0,0,0,272,0,0.001,0.005
1388,1.174,1.054,0,0.002,0.045,0,0,,0,,,,0,,,,,0,0,0,0,0,0,0,0,1,0,1,0,1,2,0,0,0,0,0,0,272,0,0.001,0.004
1389,1.054,0.874,0,0.004,0.054,0,0,,0,,,,0,,,,,0,0,0,0,0,0,0,0,1,0,1,0,1,2,0,0,0,0,0,0,272,0,0.001,0.006
1390,1.26,1.095,0,0.004,0.056,0,0,,0,,,,0,,,,,0,0,0,0,0,0,0,0,1,0,1,0,1,2,0,0,0,0,0,0,272,0,0.001,0.005
1391,1.711,1.466,0,0.005,0.083,0,0,,0,,,,0,,,,,0,0,0,0,0,0,0,0,1,0,1,0,1,2,0,0,0,0,0,0,272,0,0.002,0.008
1392,1.915,1.774,0,0.004,0.049,0,0,,0,,,,0,,,,,0,0,0,0,0,0,0,0,1,0,1,0,1,2,0,0,0,0,0,0,272,0,0.001,0.004
1393,1.734,1.586,0,0.002,0.049,0,0,,0,,,,0,,,,,0,0,0,0,0,0,0,0,1,0,1,0,1,2,0,0,0,0,0,0,272,0,0.001,0.006
1394,1.582,1.356,0.001,0.004,0.082,0,0,,0,,,,0,,,,,0,0,0,0,0,0,0,0,1,0,1,0,1,2,0,0,0,0,0,0,272,0,0,0.007
1395,3.007,2.827,0.001,0.004,0.055,0,0,,0,,,,0,,,,,0,0,0,0,0,0,0,0,1,0,1,0,1,2,0,0,0,0,0,0,272,0,0.002,0.007
1396,1.294,1.135,0.001,0.003,0.06,0,0,,0,,,,0,,,,,0,0,0,0,0,0,0,0,1,0,1,0,1,2,0,0,0,0,0,0,272,0,0.001,0.006
1397,1.398,1.188,0.001,0.005,0.07,0,0,,0,,,,0,,,,,0,0,0,0,0,0,0,0,1,0,1,0,1,2,0,0,0,0,0,0,272,0.001,0.001,0.008
1398,1.286,1.09,0.001,0.004,0.065,0,0,,0,,,,0,,,,,0,0,0,0,0,0,0,0,1,0,1,0,1,2,0,0,0,0,0,0,272,0,0.001,0.008
1399,1.9,1.701,0,0.005,0.07,0,0,,0,,,,0,,,,,0,0,0,0,0,0,0,0,1,0,1,0,1,2,0,0,0,0,0,0,272,0,0.002,0.007
1400,2.497,2.282,0.001,0.005,0.068,0,0,,0,,,,0,,,,,0,0,0,0,0,0,0,0,1,0,1,0,1,2,0,0,0,0,0,0,272,0.001,0.002,0.009
1401,7.969,7.756,0.001,0.005,0.061,0,0,,0,,,,0,,,,,0,0,0,0,0,0,0,0,1,0,1,0,1,2,0,0,0,0,0,0,272,0.001,0.002,0.01
1402,2.103,1.962,0,0.003,0.051,0,0,,0,,,,0,,,,,0,0,0,0,0,0,0,0,1,0,1,0,1,2,0,0,0,0,0,0,272,0,0.001,0.006
1403,1.388,1.265,0,0.002,0.044,0,0,,0,,,,0,,,,,0,0,0,0,0,0,0,0,1,0,1,0,1,2,0,0,0,0,0,0,272,0,0.001,0.006
1404,1.607,1.466,0,0.003,0.051,0,0,,0,,,,0,,,,,0,0,0,0,0,0,0,0,1,0,1,0,1,2,0,0,0,0,0,0,272,0,0,0.007
1405,1.082,0.858,0,0.005,0.068,0,0,,0,,,,0,,,,,0,0,0,0,0,0,0,0,1,0,1,0,1,2,0,0,0,0,0,0,272,0,0.001,0.007
1406,2.863,2.668,0,0.004,0.056,0,0,,0,,,,0,,,,,0,0,0,0,0,0,0,0,1,0,1,0,1,2,0,0,0,0,0,0,272,0,0.001,0.008
1407,2.32,2.092,0.001,0.004,0.08,0,0,,0,,,,0,,,,,0,0,0,0,0,0,0,0,1,0,1,0,1,2,0,0,0,0,0,0,272,0,0.001,0.007
1408,2.078,1.96,0,0.002,0.049,0,0,,0,,,,0,,,,,0,0,0,0,0,0,0,0,1,0,1,0,1,2,0,0,0,0,0,0,272,0.001,0,0.004
1409,0.261,0.001,0,0.001,0.231,0,0,,0,,,,0,,,,,0,0,0,0,0,0,0,0,1,0,1,0,1,2,0,0,0,0,0,0,272,0,0,0.001
1410,0.275,0.135,0,0.001,0.1,0,0,,1,796.875,229990400,286654464,1,62503872,62503872,135081984,38823561584,0,0,0,0,0,0,0,0,1,0,1,0,1,2,0,0,0,0,0,0,272,0,0,0.002
1411,0.27,0.203,0,0.001,0.032,0,0,,0,,,,0,,,,,0,0,0,0,0,0,0,0,1,0,1,0,1,2,0,0,0,0,0,0,272,0,0,0.002
1412,0.369,0.295,0,0.001,0.037,0,0,,0,,,,0,,,,,0,0,0,0,0,0,0,0,1,0,1,0,1,2,0,0,0,0,0,0,272,0,0.001,0.002
1413,0.818,0.691,0,0.002,0.051,0,0,,0,,,,0,,,,,0,0,0,0,0,0,0,0,1,0,1,0,1,2,0,0,0,0,0,0,272,0,0,0.004
1414,0.92,0.792,0,0.002,0.058,0,0,,0,,,,0,,,,,0,0,0,0,0,0,0,0,1,0,1,0,1,2,0,0,0,0,0,0,272,0,0.001,0.003
1415,0.262,0,0,0.001,0.224,0,0,,0,,,,0,,,,,0,0,0,0,0,0,0,0,1,0,1,0,1,2,0,0,0,0,0,0,272,0,0,0.001
1416,0.684,0.552,0.001,0.001,0.061,0,0,,0,,,,0,,,,,0,0,0,0,0,0,0,0,1,0,1,0,1,2,0,0,0,0,0,0,272,0,0,0.003
1417,0.254,0.001,0,0.001,0.217,0,0,,0,,,,0,,,,,0,0,0,0,0,0,0,0,1,0,1,0,1,2,0,0,0,0,0,0,272,0.001,0,0.001
1418,0.209,0.146,0,0.001,0.031,0,0,,0,,,,0,,,,,0,0,0,0,0,0,0,0,1,0,1,0,1,2,0,0,0,0,0,0,272,0,0,0.001
1419,0.516,0.407,0,0.002,0.059,0,0,,0,,,,0,,,,,0,0,0,0,0,0,0,0,1,0,1,0,1,2,0,0,0,0,0,0,272,0.001,0,0.002
1420,0.413,0.334,0,0.001,0.038,0,0,,0,,,,0,,,,,0,0,0,0,0,0,0,0,1,0,1,0,1,2,0,0,0,0,0,0,272,0,0.001,0.002
1421,0.903,0.77,0.001,0.002,0.058,0,0,,0,,,,0,,,,,0,0,0,0,0,0,0,0,1,0,1,0,1,2,0,0,0,0,0,0,272,0,0,0.004
1422,0.423,0.001,0.001,0.001,0.385,0,0,,0,,,,0,,,,,0,0,0,0,0,0,0,0,1,0,1,0,1,2,0,0,0,0,0,0,272,0,0,0.001
1423,0.473,0.001,0.001,0.002,0.386,0,0,,0,,,,0,,,,,0,0,0,0,0,0,0,0,1,0,1,0,1,2,0,0,0,0,0,0,272,0.001,0.001,0.004
1424,0.141,0.001,0,0.002,0.044,0,0,,0,,,,0,,,,,0,0,0,0,0,0,0,0,1,0,1,0,1,2,0,0,0,0,0,0,272,0,0.001,0.006
1425,0.68,0.513,0,0.003,0.068,0,0,,0,,,,0,,,,,0,0,0,0,0,0,0,0,1,0,1,0,1,2,0,0,0,0,0,0,272,0,0.001,0.005
1426,0.104,0.001,0,0.001,0.06,0,0,,0,,,,0,,,,,0,0,0,0,0,0,0,0,1,0,1,0,1,2,0,0,0,0,0,0,272,0,0,0.003
1427,0.409,0.264,0,0.003,0.049,0,0,,0,,,,0,,,,,0,0,0,0,0,0,0,0,1,0,1,0,1,2,0,0,0,0,0,0,272,0,0.001,0.005
1428,0.548,0.404,0.001,0.002,0.047,0,0,,0,,,,0,,,,,0,0,0,0,0,0,0,0,1,0,1,0,1,2,0,0,0,0,0,0,272,0,0.001,0.007
1429,0.704,0.579,0.001,0.002,0.051,0,0,,0,,,,0,,,,,0,0,0,0,0,0,0,0,1,0,1,0,1,2,0,0,0,0,0,0,272,0,0.001,0.003
1430,0.201,0.003,0.001,0.004,0.063,0,0,,0,,,,0,,,,,0,0,0,0,0,0,0,0,1,0,1,0,1,2,0,0,0,0,0,0,272,0.001,0.002,0.008
1431,2.193,2.069,0,0.003,0.046,0,0,,0,,,,0,,,,,0,0,0,0,0,0,0,0,1,0,1,0,1,2,0,0,0,0,0,0,272,0.001,0.001,0.004
1432,2.884,2.767,0,0.002,0.045,0,0,,0,,,,0,,,,,0,0,0,0,0,0,0,0,1,0,1,0,1,2,0,0,0,0,0,0,272,0.001,0.001,0.003
1433,0.854,0.714,0,0.021,0.046,0,0,,0,,,,0,,,,,0,0,0,0,0,0,0,0,1,0,1,0,1,2,0,0,0,0,0,0,272,0,0,0.004
1434,0.378,0.278,0,0.002,0.031,0,0,,0,,,,0,,,,,0,0,0,0,0,0,0,0,1,0,1,0,1,2,0,0,0,0,0,0,272,0,0.001,0.003
1435,1.117,0.978,0,0.002,0.057,0,0,,0,,,,0,,,,,0,0,0,0,0,0,0,0,1,0,1,0,1,2,0,0,0,0,0,0,272,0,0,0.004
1436,0.324,0.001,0.001,0.001,0.287,0,0,,0,,,,0,,,,,0,0,0,0,0,0,0,0,1,0,1,0,1,2,0,0,0,0,0,0,272,0,0,0.001
1437,0.334,0.201,0,0.002,0.063,0,0,,0,,,,0,,,,,0,0,0,0,0,0,0,0,1,0,1,0,1,2,0,0,0,0,0,0,272,0.001,0,0.003
1438,0.841,0.687,0,0.003,0.061,0,0,,0,,,,0,,,,,0,0,0,0,0,0,0,0,1,0,1,0,1,2,0,0,0,0,0,0,272,0,0.001,0.005
1439,0.262,0.001,0,0.001,0.224,0,0,,0,,,,0,,,,,0,0,0,0,0,0,0,0,1,0,1,0,1,2,0,0,0,0,0,0,272,0,0,0.001
1440,0.283,0.208,0,0.001,0.031,0,0,,1,828.125,229990400,286654464,1,62503872,62503872,135081984,38823561584,0,0,0,0,0,0,0,0,1,0,1,0,1,2,0,0,0,0,0,0,272,0,0,0.002
1441,0.693,0.582,0,0.002,0.049,0,0,,0,,,,0,,,,,0,0,0,0,0,0,0,0,1,0,1,0,1,2,0,0,0,0,0,0,272,0,0.001,0.003
1442,0.223,0.001,0,0,0.192,0,0,,0,,,,0,,,,,0,0,0,0,0,0,0,0,1,0,1,0,1,2,0,0,0,0,0,0,272,0,0,0.001
1443,0.475,0.362,0,0.002,0.051,0,0,,0,,,,0,,,,,0,0,0,0,0,0,0,0,1,0,1,0,1,2,0,0,0,0,0,0,272,0,0.001,0.003
1444,0.69,0.471,0,0.003,0.054,0,0,,0,,,,0,,,,,0,0,0,0,0,0,0,0,1,0,1,0,1,2,0,0,0,0,0,0,272,0.001,0.001,0.006
1445,0.211,0.001,0,0.001,0.17,0,0,,0,,,,0,,,,,0,0,0,0,0,0,0,0,1,0,1,0,1,2,0,0,0,0,0,0,272,0.001,0,0.001
1446,0.378,0.271,0,0.002,0.048,0,0,,0,,,,0,,,,,0,0,0,0,0,0,0,0,1,0,1,0,1,2,0,0,0,0,0,0,272,0.001,0,0.003
1447,0.391,0.241,0,0.002,0.079,0,0,,0,,,,0,,,,,0,0,0,0,0,0,0,0,1,0,1,0,1,2,0,0,0,0,0,0,272,0,0.001,0.003
1448,0.412,0.307,0,0.002,0.039,0,0,,0,,,,0,,,,,0,0,0,0,0,0,0,0,1,0,1,0,1,2,0,0,0,0,0,0,272,0,0,0.004
1449,0.503,0.356,0.001,0.002,0.059,0,0,,0,,,,0,,,,,0,0,0,0,0,0,0,0,1,0,1,0,1,2,0,0,0,0,0,0,272,0,0.001,0.004
1450,0.338,0.267,0,0.002,0.027,0,0,,0,,,,0,,,,,0,0,0,0,0,0,0,0,1,0,1,0,1,2,0,0,0,0,0,0,272,0,0,0.003
1451,0.515,0.383,0,0.002,0.049,0,0,,0,,,,0,,,,,0,0,0,0,0,0,0,0,1,0,1,0,1,2,0,0,0,0,0,0,272,0,0.001,0.005
1452,0.474,0.339,0,0.002,0.049,0,0,,0,,,,0,,,,,0,0,0,0,0,0,0,0,1,0,1,0,1,2,0,0,0,0,0,0,272,0,0,0.004
1453,1.421,1.236,0.001,0.002,0.083,0,0,,0,,,,0,,,,,0,0,0,0,0,0,0,0,1,0,1,0,1,2,0,0,0,0,0,0,272,0.001,0.001,0.005
1454,0.376,0.001,0,0.001,0.328,0,0,,0,,,,0,,,,,0,0,0,0,0,0,0,0,1,0,1,0,1,2,0,0,0,0,0,0,272,0,0.001,0.002
1455,0.111,0.001,0,0.002,0.041,0,0,,0,,,,0,,,,,0,0,0,0,0,0,0,0,1,0,1,0,1,2,0,0,0,0,0,0,272,0,0.001,0.003
1456,0.7,0.544,0,0.003,0.062,0,0,,0,,,,0,,,,,0,0,0,0,0,0,0,0,1,0,1,0,1,2,0,0,0,0,0,0,272,0,0,0.005
1457,0.088,0.001,0,0.001,0.041,0,0,,0,,,,0,,,,,0,0,0,0,0,0,0,0,1,0,1,0,1,2,0,0,0,0,0,0,272,0,0.001,0.002
1458,0.442,0.231,0,0.001,0.162,0,0,,0,,,,0,,,,,0,0,0,0,0,0,0,0,1,0,1,0,1,2,0,0,0,0,0,0,272,0,0.001,0.002
1459,0.276,0.001,0,0.001,0.229,0,0,,0,,,,0,,,,,0,0,0,0,0,0,0,0,1,0,1,0,1,2,0,0,0,0,0,0,272,0,0.001,0.002
1460,1.019,0.859,0,0.002,0.07,0,0,,0,,,,0,,,,,0,0,0,0,0,0,0,0,1,0,1,0,1,2,0,0,0,0,0,0,272,0,0,0.006
1461,0.451,0.337,0,0.002,0.044,0,0,,0,,,,0,,,,,0,0,0,0,0,0,0,0,1,0,1,0,1,2,0,0,0,0,0,0,272,0,0.001,0.004
1462,0.43,0.322,0,0.002,0.046,0,0,,0,,,,0,,,,,0,0,0,0,0,0,0,0,1,0,1,0,1,2,0,0,0,0,0,0,272,0,0,0.004
1463,0.416,0.333,0.001,0.001,0.039,0,0,,0,,,,0,,,,,0,0,0,0,0,0,0,0,1,0,1,0,1,2,0,0,0,0,0,0,272,0.001,0,0.002
1464,0.439,0.374,0,0.001,0.028,0,0,,0,,,,0,,,,,0,0,0,0,0,0,0,0,1,0,1,0,1,2,0,0,0,0,0,0,272,0,0,0.002
1465,0.483,0.401,0,0.001,0.035,0,0,,0,,,,0,,,,,0,0,0,0,0,0,0,0,1,0,1,0,1,2,0,0,0,0,0,0,272,0,0,0.002
1466,0.429,0.363,0,0.001,0.027,0,0,,0,,,,0,,,,,0,0,0,0,0,0,0,0,1,0,1,0,1,2,0,0,0,0,0,0,272,0,0,0.002
1467,0.479,0.401,0,0.001,0.041,0,0,,0,,,,0,,,,,0,0,0,0,0,0,0,0,1,0,1,0,1,2,0,0,0,0,0,0,272,0,0,0.002
1468,0.441,0.363,0,0.001,0.04,0,0,,0,,,,0,,,,,0,0,0,0,0,0,0,0,1,0,1,0,1,2,0,0,0,0,0,0,272,0,0,0.002
1469,0.454,0.378,0,0.001,0.037,0,0,,0,,,,0,,,,,0,0,0,0,0,0,0,0,1,0,1,0,1,2,0,0,0,0,0,0,272,0,0,0.002
1470,0.456,0.38,0,0.001,0.038,0,0,,1,828.125,229990400,286654464,1,62503872,62503872,135081984,38823561584,0,0,0,0,0,0,0,0,1,0,1,0,1,2,0,0,0,0,0,0,272,0,0,0.002
1471,0.471,0.352,0,0.003,0.04,0,0,,0,,,,0,,,,,0,0,0,0,0,0,0,0,1,0,1,0,1,2,0,0,0,0,0,0,272,0,0.001,0.004
1472,0.827,0.674,0,0.002,0.067,0,0,,0,,,,0,,,,,0,0,0,0,0,0,0,0,1,0,1,0,1,2,0,0,0,0,0,0,272,0,0,0.004
1473,0.412,0.285,0,0.002,0.064,0,0,,0,,,,0,,,,,0,0,0,0,0,0,0,0,1,0,1,0,1,2,0,0,0,0,0,0,272,0,0.001,0.003
1474,2.091,1.939,0,0.002,0.072,0,0,,0,,,,0,,,,,0,0,0,0,0,0,0,0,1,0,1,0,1,2,0,0,0,0,0,0,272,0,0.001,0.004
1475,1.539,1.403,0.001,0.001,0.06,0,0,,0,,,,0,,,,,0,0,0,0,0,0,0,0,1,0,1,0,1,2,0,0,0,0,0,0,272,0,0,0.004
1476,0.638,0.538,0.001,0.001,0.036,0,0,,0,,,,0,,,,,0,0,0,0,0,0,0,0,1,0,1,0,1,2,0,0,0,0,0,0,272,0,0.001,0.003
1477,1.17,0.939,0.001,0.006,0.074,0,0,,0,,,,0,,,,,0,0,0,0,0,0,0,0,1,0,1,0,1,2,0,0,0,0,0,0,272,0.001,0.002,0.009
1478,0.515,0.429,0,0.001,0.031,0,0,,0,,,,0,,,,,0,0,0,0,0,0,0,0,1,0,1,0,1,2,0,0,0,0,0,0,272,0,0.001,0.002
1479,1.025,0.873,0.001,0.003,0.057,0,0,,0,,,,0,,,,,0,0,0,0,0,0,0,0,1,0,1,0,1,2,0,0,0,0,0,0,272,0,0.001,0.004
1480,0.722,0.425,0.001,0.003,0.17,0,0,,0,,,,0,,,,,0,0,0,0,0,0,0,0,1,0,1,0,1,2,0,0,0,0,0,0,272,0,0.001,0.006
1481,1.681,1.575,0,0.003,0.035,0,0,,0,,,,0,,,,,0,0,0,0,0,0,0,0,1,0,1,0,1,2,0,0,0,0,0,0,272,0,0,0.005
1482,0.673,0.614,0,0.001,0.028,0,0,,0,,,,0,,,,,0,0,0,0,0,0,0,0,1,0,1,0,1,2,0,0,0,0,0,0,272,0,0,0.002
1483,0.726,0.666,0,0,0.031,0,0,,0,,,,0,,,,,0,0,0,0,0,0,0,0,1,0,1,0,1,2,0,0,0,0,0,0,272,0,0,0.002
1484,0.726,0.668,0,0.001,0.03,0,0,,0,,,,0,,,,,0,0,0,0,0,0,0,0,1,0,1,0,1,2,0,0,0,0,0,0,272,0,0,0.002
1485,0.724,0.668,0.001,0,0.029,0,0,,0,,,,0,,,,,0,0,0,0,0,0,0,0,1,0,1,0,1,2,0,0,0,0,0,0,272,0,0,0.001
1486,0.738,0.674,0,0,0.032,0,0,,0,,,,0,,,,,0,0,0,0,0,0,0,0,1,0,1,0,1,2,0,0,0,0,0,0,272,0,0,0.002
1487,0.784,0.671,0,0.002,0.039,0,0,,0,,,,0,,,,,0,0,0,0,0,0,0,0,1,0,1,0,1,2,0,0,0,0,0,0,272,0,0,0.004
1488,0.693,0.608,0,0.002,0.039,0,0,,0,,,,0,,,,,0,0,0,0,0,0,0,0,1,0,1,0,1,2,0,0,0,0,0,0,272,0,0,0.003
1489,3.552,3.466,0,0.002,0.037,0,0,,0,,,,0,,,,,0,0,0,0,0,0,0,0,1,0,1,0,1,2,0,0,0,0,0,0,272,0,0,0.003
1490,2.255,2.132,0,0.002,0.046,0,0,,0,,,,0,,,,,0,0,0,0,0,0,0,0,1,0,1,0,1,2,0,0,0,0,0,0,272,0,0,0.005
1491,2.196,1.987,0.001,0.005,0.068,0,0,,0,,,,0,,,,,0,0,0,0,0,0,0,0,1,0,1,0,1,2,0,0,0,0,0,0,272,0,0.001,0.008
1492,1.721,1.544,0,0.003,0.06,0,0,,0,,,,0,,,,,0,0,0,0,0,0,0,0,1,0,1,0,1,2,0,0,0,0,0,0,272,0.001,0.001,0.006
1493,3.776,3.581,0,0.003,0.077,0,0,,0,,,,0,,,,,0,0,0,0,0,0,0,0,1,0,1,0,1,2,0,0,0,0,0,0,272,0.001,0.001,0.007
1494,0.347,0.28,0.001,0.001,0.031,0,0,,0,,,,0,,,,,0,0,0,0,0,0,0,0,1,0,1,0,1,2,0,0,0,0,0,0,272,0,0.001,0.002
1495,0.595,0.458,0,0.002,0.07,0,0,,0,,,,0,,,,,0,0,0,0,0,0,0,0,1,0,1,0,1,2,0,0,0,0,0,0,272,0,0,0.003
1496,0.438,0.374,0,0.001,0.033,0,0,,0,,,,0,,,,,0,0,0,0,0,0,0,0,1,0,1,0,1,2,0,0,0,0,0,0,272,0,0.001,0.001
1497,0.545,0.468,0,0.001,0.038,0,0,,0,,,,0,,,,,0,0,0,0,0,0,0,0,1,0,1,0,1,2,0,0,0,0,0,0,272,0,0.001,0.002
1498,0.531,0.455,0,0.001,0.037,0,0,,0,,,,0,,,,,0,0,0,0,0,0,0,0,1,0,1,0,1,2,0,0,0,0,0,0,272,0,0,0.002
1499,0.569,0.456,0,0.002,0.049,0,0,,0,,,,0,,,,,0,0,0,0,0,0,0,0,1,0,1,0,1,2,0,0,0,0,0,0,272,0,0.001,0.003
1500,1.015,0.877,0,0.002,0.071,0,0,,1,875,230055936,286654464,1,62503872,62503872,135081984,38823561584,0,0,0,0,0,0,0,0,1,0,1,0,1,2,0,0,0,0,0,0,272,0,0,0.004
1501,0.471,0.341,0,0.002,0.067,0,0,,0,,,,0,,,,,0,0,0,0,0,0,0,0,1,0,1,0,1,2,0,0,0,0,0,0,272,0,0,0.004
1502,0.521,0.396,0,0.002,0.064,0,0,,0,,,,0,,,,,0,0,0,0,0,0,0,0,1,0,1,0,1,2,0,0,0,0,0,0,272,0,0,0.002
1503,0.719,0.613,0.001,0.001,0.044,0,0,,0,,,,0,,,,,0,0,0,0,0,0,0,0,1,0,1,0,1,2,0,0,0,0,0,0,272,0,0,0.003
1504,0.342,0.183,0,0.002,0.093,0,0,,0,,,,0,,,,,0,0,0,0,0,0,0,0,1,0,1,0,1,2,0,0,0,0,0,0,272,0,0,0.004
1505,0.83,0.724,0.001,0.001,0.045,0,0,,0,,,,0,,,,,0,0,0,0,0,0,0,0,1,0,1,0,1,2,0,0,0,0,0,0,272,0,0.001,0.003
1506,0.207,0.062,0,0.001,0.09,0,0,,0,,,,0,,,,,0,0,0,0,0,0,0,0,1,0,1,0,1,2,0,0,0,0,0,0,272,0.001,0,0.003
1507,2.311,2.043,0,0.006,0.072,0,0,,0,,,,0,,,,,0,0,0,0,0,0,0,0,1,0,1,0,1,2,0,0,0,0,0,0,272,0.001,0.002,0.011
1508,1.1,1.001,0,0.002,0.026,0,0,,0,,,,0,,,,,0,0,0,0,0,0,0,0,1,0,1,0,1,2,0,0,0,0,0,0,272,0,0.001,0.004
1509,3.164,3.033,0,0.004,0.03,0,0,,0,,,,0,,,,,0,0,0,0,0,0,0,0,1,0,1,0,1,2,0,0,0,0,0,0,272,0,0.002,0.006
1510,1.459,1.368,0,0.002,0.026,0,0,,0,,,,0,,,,,0,0,0,0,0,0,0,0,1,0,1,0,1,2,0,0,0,0,0,0,272,0,0,0.004
1511,3.373,3.181,0,0.003,0.065,0,0,,0,,,,0,,,,,0,0,0,0,0,0,0,0,1,0,1,0,1,2,0,0,0,0,0,0,272,0,0.001,0.007
1512,1.471,1.299,0.001,0.003,0.048,0,0,,0,,,,0,,,,,0,0,0,0,0,0,0,0,1,0,1,0,1,2,0,0,0,0,0,0,272,0,0.001,0.006
1513,2.241,2.136,0,0.003,0.043,0,0,,0,,,,0,,,,,0,0,0,0,0,0,0,0,1,0,1,0,1,2,0,0,0,0,0,0,272,0,0,0.003
1514,0.489,0.4,0,0.001,0.048,0,0,,0,,,,0,,,,,0,0,0,0,0,0,0,0,1,0,1,0,1,2,0,0,0,0,0,0,272,0,0,0.003
1515,0.459,0.372,0,0.001,0.044,0,0,,0,,,,0,,,,,0,0,0,0,0,0,0,0,1,0,1,0,1,2,0,0,0,0,0,0,272,0,0,0.002
1516,0.477,0.405,0.001,0,0.041,0,0,,0,,,,0,,,,,0,0,0,0,0,0,0,0,1,0,1,0,1,2,0,0,0,0,0,0,272,0,0,0.002
1517,0.581,0.449,0,0.002,0.052,0,0,,0,,,,0,,,,,0,0,0,0,0,0,0,0,1,0,1,0,1,2,0,0,0,0,0,0,272,0,0.001,0.005
1518,0.557,0.325,0,0.002,0.118,0,0,,0,,,,0,,,,,0,0,0,0,0,0,0,0,1,0,1,0,1,2,0,0,0,0,0,0,272,0,0.001,0.003
1519,0.44,0.257,0,0.003,0.081,0,0,,0,,,,0,,,,,0,0,0,0,0,0,0,0,1,0,1,0,1,2,0,0,0,0,0,0,272,0.001,0.001,0.005
1520,0.426,0.347,0,0.002,0.023,0,0,,0,,,,0,,,,,0,0,0,0,0,0,0,0,1,0,1,0,1,2,0,0,0,0,0,0,272,0.001,0.001,0.003
1521,0.515,0.409,0,0.002,0.024,0,0,,0,,,,0,,,,,0,0,0,0,0,0,0,0,1,0,1,0,1,2,0,0,0,0,0,0,272,0,0.001,0.004
1522,0.474,0.39,0.001,0.001,0.023,0,0,,0,,,,0,,,,,0,0,0,0,0,0,0,0,1,0,1,0,1,2,0,0,0,0,0,0,272,0,0.001,0.003
1523,1.343,1.155,0,0.004,0.065,0,0,,0,,,,0,,,,,0,0,0,0,0,0,0,0,1,0,1,0,1,2,0,0,0,0,0,0,272,0.001,0.002,0.006
1524,0.487,0.212,0,0.004,0.157,0,0,,0,,,,0,,,,,0,0,0,0,0,0,0,0,1,0,1,0,1,2,0,0,0,0,0,0,272,0,0.001,0.005
1525,0.264,0.069,0,0.003,0.096,0,0,,0,,,,0,,,,,0,0,0,0,0,0,0,0,1,0,1,0,1,2,0,0,0,0,0,0,272,0.001,0.001,0.005
1526,0.385,0.279,0,0.003,0.024,0,0,,0,,,,0,,,,,0,0,0,0,0,0,0,0,1,0,1,0,1,2,0,0,0,0,0,0,272,0,0.001,0.005
1527,0.454,0.393,0,0.001,0.024,0,0,,0,,,,0,,,,,0,0,0,0,0,0,0,0,1,0,1,0,1,2,0,0,0,0,0,0,272,0,0,0.002
1528,0.531,0.441,0,0.002,0.024,0,0,,0,,,,0,,,,,0,0,0,0,0,0,0,0,1,0,1,0,1,2,0,0,0,0,0,0,272,0,0.001,0.003
1529,0.481,0.38,0,0.002,0.03,0,0,,0,,,,0,,,,,0,0,0,0,0,0,0,0,1,0,1,0,1,2,0,0,0,0,0,0,272,0,0.001,0.004
1530,1.208,1.118,0.001,0.001,0.033,0,0,,1,875,230055936,286654464,1,62503872,62503872,135081984,38823561584,0,0,0,0,0,0,0,0,1,0,1,0,1,2,0,0,0,0,0,0,272,0.001,0.001,0.002
1531,0.472,0.381,0,0.002,0.025,0,0,,0,,,,0,,,,,0,0,0,0,0,0,0,0,1,0,1,0,1,2,0,0,0,0,0,0,272,0,0.001,0.004
1532,0.545,0.405,0,0.002,0.064,0,0,,0,,,,0,,,,,0,0,0,0,0,0,0,0,1,0,1,0,1,2,0,0,0,0,0,0,272,0,0,0.003
1533,0.425,0.337,0,0.002,0.03,0,0,,0,,,,0,,,,,0,0,0,0,0,0,0,0,1,0,1,0,1,2,0,0,0,0,0,0,272,0,0.001,0.003
1534,0.459,0.408,0,0.001,0.019,0,0,,0,,,,0,,,,,0,0,0,0,0,0,0,0,1,0,1,0,1,2,0,0,0,0,0,0,272,0,0,0.001
1535,0.5,0.44,0,0.002,0.02,0,0,,0,,,,0,,,,,0,0,0,0,0,0,0,0,1,0,1,0,1,2,0,0,0,0,0,0,272,0,0,0.003
1536,0.486,0.434,0,0.001,0.025,0,0,,0,,,,0,,,,,0,0,0,0,0,0,0,0,1,0,1,0,1,2,0,0,0,0,0,0,272,0,0,0.002
1537,0.594,0.496,0,0.002,0.038,0,0,,0,,,,0,,,,,0,0,0,0,0,0,0,0,1,0,1,0,1,2,0,0,0,0,0,0,272,0.001,0,0.003
1538,0.691,0.353,0,0.002,0.276,0,0,,0,,,,0,,,,,0,0,0,0,0,0,0,0,1,0,1,0,1,2,0,0,0,0,0,0,272,0,0.001,0.003
1539,0.335,0.105,0.001,0.001,0.173,0,0,,0,,,,0,,,,,0,0,0,0,0,0,0,0,1,0,1,0,1,2,0,0,0,0,0,0,272,0,0.001,0.003
1540,0.727,0.668,0.001,0.001,0.021,0,0,,0,,,,0,,,,,0,0,0,0,0,0,0,0,1,0,1,0,1,2,0,0,0,0,0,0,272,0,0.001,0.002
1541,0.48,0.44,0,0.001,0.017,0,0,,0,,,,0,,,,,0,0,0,0,0,0,0,0,1,0,1,0,1,2,0,0,0,0,0,0,272,0,0,0.001
1542,0.623,0.474,0.001,0.002,0.064,0,0,,0,,,,0,,,,,0,0,0,0,0,0,0,0,1,0,1,0,1,2,0,0,0,0,0,0,272,0,0,0.004
1543,0.435,0.337,0,0.002,0.047,0,0,,0,,,,0,,,,,0,0,0,0,0,0,0,0,1,0,1,0,1,2,0,0,0,0,0,0,272,0.001,0,0.003
1544,0.513,0.308,0,0.002,0.089,0,0,,0,,,,0,,,,,0,0,0,0,0,0,0,0,1,0,1,0,1,2,0,0,0,0,0,0,272,0,0.001,0.007
1545,0.789,0.4,0,0.001,0.35,0,0,,0,,,,0,,,,,0,0,0,0,0,0,0,0,1,0,1,0,1,2,0,0,0,0,0,0,272,0,0,0.002
1546,0.312,0.001,0,0.002,0.239,0,0,,0,,,,0,,,,,0,0,0,0,0,0,0,0,1,0,1,0,1,2,0,0,0,0,0,0,272,0.001,0.001,0.003
1547,0.388,0.136,0,0.004,0.064,0,0,,0,,,,0,,,,,0,0,0,0,0,0,0,0,1,0,1,0,1,2,0,0,0,0,0,0,272,0.001,0.001,0.006
1548,0.625,0.066,0,0.003,0.469,0,0,,0,,,,0,,,,,0,0,0,0,0,0,0,0,1,0,1,0,1,2,0,0,0,0,0,0,272,0,0.001,0.005
1549,0.451,0.001,0,0.002,0.339,0,0,,0,,,,0,,,,,0,0,0,0,0,0,0,0,1,0,1,0,1,2,0,0,0,0,0,0,272,0,0,0.004
1550,0.11,0,0,0.002,0.032,0,0,,0,,,,0,,,,,0,0,0,0,0,0,0,0,1,0,1,0,1,2,0,0,0,0,0,0,272,0.001,0,0.004
1551,0.688,0.582,0,0.002,0.034,0,0,,0,,,,0,,,,,0,0,0,0,0,0,0,0,1,0,1,0,1,2,0,0,0,0,0,0,272,0,0,0.004
1552,0.061,0.001,0.001,0.001,0.021,0,0,,0,,,,0,,,,,0,0,0,0,0,0,0,0,1,0,1,0,1,2,0,0,0,0,0,0,272,0,0.001,0.002
1553,1.228,0.928,0.001,0.007,0.143,0,0,,0,,,,0,,,,,0,0,0,0,0,0,0,0,1,0,1,0,1,2,0,0,0,0,0,0,272,0.001,0.003,0.008
1554,0.084,0.001,0,0.002,0.031,0,0,,0,,,,0,,,,,0,0,0,0,0,0,0,0,1,0,1,0,1,2,0,0,0,0,0,0,272,0,0,0.003
1555,1.256,0.442,0,0.003,0.714,0,0,,0,,,,0,,,,,0,0,0,0,0,0,0,0,1,0,1,0,1,2,0,0,0,0,0,0,272,0,0,0.006
1556,0.166,0.001,0,0.003,0.045,0,0,,0,,,,0,,,,,0,0,0,0,0,0,0,0,1,0,1,0,1,2,0,0,0,0,0,0,272,0.001,0.001,0.005
1557,0.861,0.38,0,0.002,0.394,0,0,,0,,,,0,,,,,0,0,0,0,0,0,0,0,1,0,1,0,1,2,0,0,0,0,0,0,272,0,0.001,0.004
1558,0.072,0,0,0.001,0.021,0,0,,0,,,,0,,,,,0,0,0,0,0,0,0,0,1,0,1,0,1,2,0,0,0,0,0,0,272,0.001,0,0.003
1559,2.892,2.752,0.001,0.003,0.047,0,0,,0,,,,0,,,,,0,0,0,0,0,0,0,0,1,0,1,0,1,2,0,0,0,0,0,0,272,0,0.001,0.005
1560,0.908,0.821,0,0.002,0.026,0,0,,1,890.625,230055936,286654464,1,62503872,62503872,135081984,38823561584,0,0,0,0,0,0,0,0,1,0,1,0,1,2,0,0,0,0,0,0,272,0,0,0.003
1561,2.151,1.939,0.001,0.006,0.047,0,0,,0,,,,0,,,,,0,0,0,0,0,0,0,0,1,0,1,0,1,2,0,0,0,0,0,0,272,0.001,0.001,0.011
1562,2.834,2.707,0,0.003,0.055,0,0,,0,,,,0,,,,,0,0,0,0,0,0,0,0,1,0,1,0,1,2,0,0,0,0,0,0,272,0,0.001,0.004
1563,1.412,1.316,0,0.002,0.044,0,0,,0,,,,0,,,,,0,0,0,0,0,0,0,0,1,0,1,0,1,2,0,0,0,0,0,0,272,0,0,0.003
1564,1.384,1.233,0.001,0.003,0.058,0,0,,0,,,,0,,,,,0,0,0,0,0,0,0,0,1,0,1,0,1,2,0,0,0,0,0,0,272,0.001,0.001,0.005
1565,0.831,0.001,0,0.001,0.765,0,0,,0,,,,0,,,,,0,0,0,0,0,0,0,0,1,0,1,0,1,2,0,0,0,0,0,0,272,0,0,0.032
1566,1.23,0.001,0,0.003,1.157,0,0,,0,,,,0,,,,,0,0,0,0,0,0,0,0,1,0,1,0,1,2,0,0,0,0,0,0,272,0,0,0.003
1567,0.835,0.001,0,0.003,0.743,0,0,,0,,,,0,,,,,0,0,0,0,0,0,0,0,1,0,1,0,1,2,0,0,0,0,0,0,272,0,0.001,0.005
1568,0.161,0.001,0,0.002,0.084,0,0,,0,,,,0,,,,,0,0,0,0,0,0,0,0,1,0,1,0,1,2,0,0,0,0,0,0,272,0,0.001,0.004
1569,0.775,0.223,0.001,0.003,0.45,0,0,,0,,,,0,,,,,0,0,0,0,0,0,0,0,1,0,1,0,1,2,0,0,0,0,0,0,272,0,0.001,0.005
1570,0.183,0.001,0,0.002,0.112,0,0,,0,,,,0,,,,,0,0,0,0,0,0,0,0,1,0,1,0,1,2,0,0,0,0,0,0,272,0,0,0.004
1571,0.151,0.001,0,0.001,0.119,0,0,,0,,,,0,,,,,0,0,0,0,0,0,0,0,1,0,1,0,1,2,0,0,0,0,0,0,272,0,0.001,0.002
1572,0.474,0.325,0,0.002,0.035,0,0,,0,,,,0,,,,,0,0,0,0,0,0,0,0,1,0,1,0,1,2,0,0,0,0,0,0,272,0,0.001,0.004
1573,0.459,0.374,0.001,0.001,0.046,0,0,,0,,,,0,,,,,0,0,0,0,0,0,0,0,1,0,1,0,1,2,0,0,0,0,0,0,272,0,0.001,0.002
1574,0.671,0.508,0.001,0.003,0.064,0,0,,0,,,,0,,,,,0,0,0,0,0,0,0,0,1,0,1,0,1,2,0,0,0,0,0,0,272,0,0.001,0.005
1575,0.447,0.341,0,0.002,0.034,0,0,,0,,,,0,,,,,0,0,0,0,0,0,0,0,1,0,1,0,1,2,0,0,0,0,0,0,272,0,0.001,0.003
1576,1.355,1.196,0,0.003,0.074,0,0,,0,,,,0,,,,,0,0,0,0,0,0,0,0,1,0,1,0,1,2,0,0,0,0,0,0,272,0,0,0.004
1577,0.503,0.353,0,0.002,0.076,0,0,,0,,,,0,,,,,0,0,0,0,0,0,0,0,1,0,1,0,1,2,0,0,0,0,0,0,272,0,0.001,0.003
1578,0.545,0.361,0,0.003,0.04,0,0,,0,,,,0,,,,,0,0,0,0,0,0,0,0,1,0,1,0,1,2,0,0,0,0,0,0,272,0.001,0.002,0.006
1579,0.379,0.294,0.001,0.001,0.035,0,0,,0,,,,0,,,,,0,0,0,0,0,0,0,0,1,0,1,0,1,2,0,0,0,0,0,0,272,0,0,0.003
1580,0.55,0.444,0,0.003,0.027,0,0,,0,,,,0,,,,,0,0,0,0,0,0,0,0,1,0,1,0,1,2,0,0,0,0,0,0,272,0,0.001,0.004
1581,0.467,0.398,0.001,0.001,0.026,0,0,,0,,,,0,,,,,0,0,0,0,0,0,0,0,1,0,1,0,1,2,0,0,0,0,0,0,272,0,0.001,0.002
1582,0.534,0.46,0.001,0.001,0.035,0,0,,0,,,,0,,,,,0,0,0,0,0,0,0,0,1,0,1,0,1,2,0,0,0,0,0,0,272,0,0,0.003
1583,0.564,0.457,0,0.002,0.032,0,0,,0,,,,0,,,,,0,0,0,0,0,0,0,0,1,0,1,0,1,2,0,0,0,0,0,0,272,0,0.001,0.005
1584,1.023,0.766,0.001,0.004,0.106,0,0,,0,,,,0,,,,,0,0,0,0,0,0,0,0,1,0,1,0,1,2,0,0,0,0,0,0,272,0,0.001,0.008
1585,0.292,0.215,0,0.001,0.038,0,0,,0,,,,0,,,,,0,0,0,0,0,0,0,0,1,0,1,0,1,2,0,0,0,0,0,0,272,0,0,0.002
1586,0.622,0.496,0,0.002,0.061,0,0,,0,,,,0,,,,,0,0,0,0,0,0,0,0,1,0,1,0,1,2,0,0,0,0,0,0,272,0,0.001,0.002
1587,0.425,0.339,0,0.002,0.031,0,0,,0,,,,0,,,,,0,0,0,0,0,0,0,0,1,0,1,0,1,2,0,0,0,0,0,0,272,0,0.001,0.003
1588,0.507,0.435,0,0.001,0.04,0,0,,0,,,,0,,,,,0,0,0,0,0,0,0,0,1,0,1,0,1,2,0,0,0,0,0,0,272,0,0,0.002
1589,0.54,0.457,0.001,0.001,0.041,0,0,,0,,,,0,,,,,0,0,0,0,0,0,0,0,1,0,1,0,1,2,0,0,0,0,0,0,272,0,0,0.002
1590,0.557,0.445,0,0.001,0.076,0,0,,1,906.25,230055936,286654464,1,62503872,62503872,135081984,38823561584,0,0,0,0,0,0,0,0,1,0,1,0,1,2,0,0,0,0,0,0,272,0,0,0.002
1591,0.695,0.562,0.001,0.002,0.039,0,0,,0,,,,0,,,,,0,0,0,0,0,0,0,0,1,0,1,0,1,2,0,0,0,0,0,0,272,0.001,0.001,0.005
1592,0.529,0.165,0,0.003,0.213,0,0,,0,,,,0,,,,,0,0,0,0,0,0,0,0,1,0,1,0,1,2,0,0,0,0,0,0,272,0,0.001,0.005
1593,0.353,0.135,0,0.003,0.119,0,0,,0,,,,0,,,,,0,0,0,0,0,0,0,0,1,0,1,0,1,2,0,0,0,0,0,0,272,0,0.001,0.005
1594,0.639,0.513,0,0.002,0.033,0,0,,0,,,,0,,,,,0,0,0,0,0,0,0,0,1,0,1,0,1,2,0,0,0,0,0,0,272,0,0.001,0.004
1595,0.525,0.413,0,0.002,0.033,0,0,,0,,,,0,,,,,0,0,0,0,0,0,0,0,1,0,1,0,1,2,0,0,0,0,0,0,272,0,0,0.003
1596,0.527,0.42,0,0.001,0.07,0,0,,0,,,,0,,,,,0,0,0,0,0,0,0,0,1,0,1,0,1,2,0,0,0,0,0,0,272,0,0.001,0.001
1597,0.488,0.385,0,0.003,0.027,0,0,,0,,,,0,,,,,0,0,0,0,0,0,0,0,1,0,1,0,1,2,0,0,0,0,0,0,272,0,0,0.004
1598,0.495,0.42,0,0.002,0.034,0,0,,0,,,,0,,,,,0,0,0,0,0,0,0,0,1,0,1,0,1,2,0,0,0,0,0,0,272,0,0,0.002
1599,0.636,0.475,0,0.003,0.067,0,0,,0,,,,0,,,,,0,0,0,0,0,0,0,0,1,0,1,0,1,2,0,0,0,0,0,0,272,0,0.001,0.005
1600,0.414,0.327,0,0.002,0.02,0,0,,0,,,,0,,,,,0,0,0,0,0,0,0,0,1,0,1,0,1,2,0,0,0,0,0,0,272,0,0,0.002
1601,0.498,0.404,0,0.003,0.024,0,0,,0,,,,0,,,,,0,0,0,0,0,0,0,0,1,0,1,0,1,2,0,0,0,0,0,0,272,0.001,0.001,0.003
1602,1.29,1.217,0.001,0.001,0.023,0,0,,0,,,,0,,,,,0,0,0,0,0,0,0,0,1,0,1,0,1,2,0,0,0,0,0,0,272,0,0.001,0.002
1603,0.528,0.439,0,0.001,0.039,0,0,,0,,,,0,,,,,0,0,0,0,0,0,0,0,1,0,1,0,1,2,0,0,0,0,0,0,272,0,0,0.003
1604,2.454,2.381,0,0.003,0.026,0,0,,0,,,,0,,,,,0,0,0,0,0,0,0,0,1,0,1,0,1,2,0,0,0,0,0,0,272,0.001,0,0.002
1605,3.884,3.801,0.001,0.002,0.021,0,0,,0,,,,0,,,,,0,0,0,0,0,0,0,0,1,0,1,0,1,2,0,0,0,0,0,0,272,0.001,0,0.003
1606,3.468,3.3,0,0.004,0.056,0,0,,0,,,,0,,,,,0,0,0,0,0,0,0,0,1,0,1,0,1,2,0,0,0,0,0,0,272,0,0.001,0.006
1607,3.384,3.158,0,0.007,0.038,0,0,,0,,,,0,,,,,0,0,0,0,0,0,0,0,1,0,1,0,1,2,0,0,0,0,0,0,272,0.001,0.002,0.008
1608,2.697,2.607,0,0.002,0.028,0,0,,0,,,,0,,,,,0,0,0,0,0,0,0,0,1,0,1,0,1,2,0,0,0,0,0,0,272,0.001,0.001,0.004
1609,2.151,2.045,0,0.002,0.043,0,0,,0,,,,0,,,,,0,0,0,0,0,0,0,0,1,0,1,0,1,2,0,0,0,0,0,0,272,0,0,0.004
1610,0.847,0.65,0.001,0.004,0.022,0,0,,0,,,,0,,,,,0,0,0,0,0,0,0,0,1,0,1,0,1,2,0,0,0,0,0,0,272,0,0.002,0.007
1611,0.556,0.463,0,0.001,0.037,0,0,,0,,,,0,,,,,0,0,0,0,0,0,0,0,1,0,1,0,1,2,0,0,0,0,0,0,272,0,0.001,0.003
1612,0.684,0.611,0.001,0.001,0.035,0,0,,0,,,,0,,,,,0,0,0,0,0,0,0,0,1,0,1,0,1,2,0,0,0,0,0,0,272,0,0.001,0.001
1613,0.882,0.673,0.001,0.003,0.032,0,0,,0,,,,0,,,,,0,0,0,0,0,0,0,0,1,0,1,0,1,2,0,0,0,0,0,0,272,0.001,0.002,0.006
1614,0.955,0.831,0,0.003,0.045,0,0,,0,,,,0,,,,,0,0,0,0,0,0,0,0,1,0,1,0,1,2,0,0,0,0,0,0,272,0,0,0.004
1615,0.676,0.599,0,0.001,0.034,0,0,,0,,,,0,,,,,0,0,0,0,0,0,0,0,1,0,1,0,1,2,0,0,0,0,0,0,272,0,0,0.003
1616,0.704,0.635,0,0.001,0.037,0,0,,0,,,,0,,,,,0,0,0,0,0,0,0,0,1,0,1,0,1,2,0,0,0,0,0,0,272,0,0,0.002
1617,0.718,0.646,0,0.001,0.04,0,0,,0,,,,0,,,,,0,0,0,0,0,0,0,0,1,0,1,0,1,2,0,0,0,0,0,0,272,0,0,0.002
1618,0.873,0.639,0,0.002,0.147,0,0,,0,,,,0,,,,,0,0,0,0,0,0,0,0,1,0,1,0,1,2,0,0,0,0,0,0,272,0,0.001,0.004
1619,0.807,0.465,0,0.003,0.265,0,0,,0,,,,0,,,,,0,0,0,0,0,0,0,0,1,0,1,0,1,2,0,0,0,0,0,0,272,0,0,0.004
1620,0.473,0.322,0,0.003,0.047,0,0,,1,921.875,230055936,286654464,1,62503872,62503872,135081984,38823561584,0,0,0,0,0,0,0,0,1,0,1,0,1,2,0,0,0,0,0,0,272,0,0.001,0.006
1621,0.841,0.707,0,0.002,0.028,0,0,,0,,,,0,,,,,0,0,0,0,0,0,0,0,1,0,1,0,1,2,0,0,0,0,0,0,272,0,0.001,0.004
1622,1.251,1.091,0.001,0.003,0.052,0,0,,0,,,,0,,,,,0,0,0,0,0,0,0,0,1,0,1,0,1,2,0,0,0,0,0,0,272,0,0.001,0.006
1623,0.533,0.18,0,0.002,0.27,0,0,,0,,,,0,,,,,0,0,0,0,0,0,0,0,1,0,1,0,1,2,0,0,0,0,0,0,272,0,0.001,0.004
1624,0.418,0.292,0,0.003,0.038,0,0,,0,,,,0,,,,,0,0,0,0,0,0,0,0,1,0,1,0,1,2,0,0,0,0,0,0,272,0.001,0.001,0.004
1625,0.685,0.577,0,0.003,0.046,0,0,,0,,,,0,,,,,0,0,0,0,0,0,0,0,1,0,1,0,1,2,0,0,0,0,0,0,272,0,0,0.003
1626,0.686,0.611,0,0.002,0.033,0,0,,0,,,,0,,,,,0,0,0,0,0,0,0,0,1,0,1,0,1,2,0,0,0,0,0,0,272,0,0,0.002
1627,0.653,0.588,0,0.001,0.029,0,0,,0,,,,0,,,,,0,0,0,0,0,0,0,0,1,0,1,0,1,2,0,0,0,0,0,0,272,0,0,0.003
1628,1.687,1.59,0,0.002,0.043,0,0,,0,,,,0,,,,,0,0,0,0,0,0,0,0,1,0,1,0,1,2,0,0,0,0,0,0,272,0,0,0.003
1629,0.805,0.615,0,0.004,0.067,0,0,,0,,,,0,,,,,0,0,0,0,0,0,0,0,1,0,1,0,1,2,0,0,0,0,0,0,272,0.001,0.001,0.006
1630,0.606,0.496,0.001,0.002,0.033,0,0,,0,,,,0,,,,,0,0,0,0,0,0,0,0,1,0,1,0,1,2,0,0,0,0,0,0,272,0,0,0.003
1631,0.658,0.567,0,0.002,0.036,0,0,,0,,,,0,,,,,0,0,0,0,0,0,0,0,1,0,1,0,1,2,0,0,0,0,0,0,272,0,0.001,0.002
1632,0.683,0.634,0,0.001,0.02,0,0,,0,,,,0,,,,,0,0,0,0,0,0,0,0,1,0,1,0,1,2,0,0,0,0,0,0,272,0,0,0.001
1633,1.199,1.073,0,0.002,0.05,0,0,,0,,,,0,,,,,0,0,0,0,0,0,0,0,1,0,1,0,1,2,0,0,0,0,0,0,272,0,0.001,0.004
1634,0.662,0.548,0,0.002,0.042,0,0,,0,,,,0,,,,,0,0,0,0,0,0,0,0,1,0,1,0,1,2,0,0,0,0,0,0,272,0.001,0.001,0.003
1635,1.21,1.095,0,0.002,0.048,0,0,,0,,,,0,,,,,0,0,0,0,0,0,0,0,1,0,1,0,1,2,0,0,0,0,0,0,272,0,0,0.003
1636,0.837,0.728,0,0.002,0.048,0,0,,0,,,,0,,,,,0,0,0,0,0,0,0,0,1,0,1,0,1,2,0,0,0,0,0,0,272,0,0.001,0.003
1637,0.648,0.537,0,0.002,0.048,0,0,,0,,,,0,,,,,0,0,0,0,0,0,0,0,1,0,1,0,1,2,0,0,0,0,0,0,272,0.001,0,0.004
1638,0.684,0.571,0,0.002,0.05,0,0,,0,,,,0,,,,,0,0,0,0,0,0,0,0,1,0,1,0,1,2,0,0,0,0,0,0,272,0,0.001,0.003
1639,0.548,0.451,0.001,0.002,0.027,0,0,,0,,,,0,,,,,0,0,0,0,0,0,0,0,1,0,1,0,1,2,0,0,0,0,0,0,272,0,0,0.004
1640,0.664,0.335,0,0.003,0.225,0,0,,0,,,,0,,,,,0,0,0,0,0,0,0,0,1,0,1,0,1,2,0,0,0,0,0,0,272,0.001,0.001,0.006
1641,0.533,0.426,0.001,0.002,0.037,0,0,,0,,,,0,,,,,0,0,0,0,0,0,0,0,1,0,1,0,1,2,0,0,0,0,0,0,272,0,0.001,0.004
1642,0.76,0.614,0,0.004,0.025,0,0,,0,,,,0,,,,,0,0,0,0,0,0,0,0,1,0,1,0,1,2,0,0,0,0,0,0,272,0,0.001,0.007
1643,1.01,0.854,0.001,0.003,0.051,0,0,,0,,,,0,,,,,0,0,0,0,0,0,0,0,1,0,1,0,1,2,0,0,0,0,0,0,272,0.001,0.001,0.005
1644,1.259,1.096,0.001,0.003,0.055,0,0,,0,,,,0,,,,,0,0,0,0,0,0,0,0,1,0,1,0,1,2,0,0,0,0,0,0,272,0,0.001,0.005
1645,3.526,3.428,0,0.002,0.038,0,0,,0,,,,0,,,,,0,0,0,0,0,0,0,0,1,0,1,0,1,2,0,0,0,0,0,0,272,0,0.001,0.004
1646,2.72,2.542,0,0.003,0.062,0,0,,0,,,,0,,,,,0,0,0,0,0,0,0,0,1,0,1,0,1,2,0,0,0,0,0,0,272,0,0.001,0.006
1647,1.394,1.202,0.001,0.003,0.072,0,0,,0,,,,0,,,,,0,0,0,0,0,0,0,0,1,0,1,0,1,2,0,0,0,0,0,0,272,0,0.001,0.006
1648,1.588,1.491,0,0.003,0.026,0,0,,0,,,,0,,,,,0,0,0,0,0,0,0,0,1,0,1,0,1,2,0,0,0,0,0,0,272,0,0.001,0.003
1649,0.713,0.623,0,0.002,0.024,0,0,,0,,,,0,,,,,0,0,0,0,0,0,0,0,1,0,1,0,1,2,0,0,0,0,0,0,272,0,0,0.004
1650,0.825,0.644,0,0.003,0.079,0,0,,1,937.5,230060032,286654464,1,62503872,62503872,135081984,38823561584,0,0,0,0,0,0,0,0,1,0,1,0,1,2,0,0,0,0,0,0,272,0,0.001,0.005
1651,0.556,0.49,0,0.001,0.029,0,0,,0,,,,0,,,,,0,0,0,0,0,0,0,0,1,0,1,0,1,2,0,0,0,0,0,0,272,0,0.001,0.001
1652,0.715,0.648,0,0.001,0.026,0,0,,0,,,,0,,,,,0,0,0,0,0,0,0,0,1,0,1,0,1,2,0,0,0,0,0,0,272,0,0.001,0.002
1653,0.561,0.409,0,0.004,0.034,0,0,,0,,,,0,,,,,0,0,0,0,0,0,0,0,1,0,1,0,1,2,0,0,0,0,0,0,272,0,0.001,0.005
1654,0.678,0.53,0,0.002,0.053,0,0,,0,,,,0,,,,,0,0,0,0,0,0,0,0,1,0,1,0,1,2,0,0,0,0,0,0,272,0,0.001,0.006
1655,0.644,0.512,0,0.002,0.044,0,0,,0,,,,0,,,,,0,0,0,0,0,0,0,0,1,0,1,0,1,2,0,0,0,0,0,0,272,0.001,0.001,0.005
1656,1.075,0.852,0.001,0.007,0.055,0,0,,0,,,,0,,,,,0,0,0,0,0,0,0,0,1,0,1,0,1,2,0,0,0,0,0,0,272,0.001,0.002,0.009
1657,0.604,0.454,0,0.003,0.068,0,0,,0,,,,0,,,,,0,0,0,0,0,0,0,0,1,0,1,0,1,2,0,0,0,0,0,0,272,0,0,0.005
1658,0.751,0.558,0,0.004,0.078,0,0,,0,,,,0,,,,,0,0,0,0,0,0,0,0,1,0,1,0,1,2,0,0,0,0,0,0,272,0.001,0,0.005
1659,0.601,0.471,0,0.001,0.06,0,0,,0,,,,0,,,,,0,0,0,0,0,0,0,0,1,0,1,0,1,2,0,0,0,0,0,0,272,0,0.001,0.004
1660,0.685,0.571,0,0.002,0.047,0,0,,0,,,,0,,,,,0,0,0,0,0,0,0,0,1,0,1,0,1,2,0,0,0,0,0,0,272,0.001,0,0.004
1661,0.649,0.543,0,0.001,0.048,0,0,,0,,,,0,,,,,0,0,0,0,0,0,0,0,1,0,1,0,1,2,0,0,0,0,0,0,272,0,0.001,0.003
1662,1.732,1.512,0.001,0.004,0.075,0,0,,0,,,,0,,,,,0,0,0,0,0,0,0,0,1,0,1,0,1,2,0,0,0,0,0,0,272,0.001,0.002,0.007
1663,0.669,0.505,0,0.002,0.066,0,0,,0,,,,0,,,,,0,0,0,0,0,0,0,0,1,0,1,0,1,2,0,0,0,0,0,0,272,0,0,0.005
1664,0.63,0.503,0.001,0.001,0.061,0,0,,0,,,,0,,,,,0,0,0,0,0,0,0,0,1,0,1,0,1,2,0,0,0,0,0,0,272,0,0,0.003
1665,0.785,0.594,0,0.003,0.085,0,0,,0,,,,0,,,,,0,0,0,0,0,0,0,0,1,0,1,0,1,2,0,0,0,0,0,0,272,0.001,0.001,0.005
1666,0.643,0.518,0,0.002,0.058,0,0,,0,,,,0,,,,,0,0,0,0,0,0,0,0,1,0,1,0,1,2,0,0,0,0,0,0,272,0,0.001,0.003
1667,0.706,0.573,0.001,0.002,0.065,0,0,,0,,,,0,,,,,0,0,0,0,0,0,0,0,1,0,1,0,1,2,0,0,0,0,0,0,272,0,0,0.003
1668,1.303,1.154,0,0.002,0.074,0,0,,0,,,,0,,,,,0,0,0,0,0,0,0,0,1,0,1,0,1,2,0,0,0,0,0,0,272,0,0,0.005
1669,0.783,0.654,0.001,0.001,0.067,0,0,,0,,,,0,,,,,0,0,0,0,0,0,0,0,1,0,1,0,1,2,0,0,0,0,0,0,272,0,0.001,0.003
1670,0.893,0.674,0.001,0.003,0.104,0,0,,0,,,,0,,,,,0,0,0,0,0,0,0,0,1,0,1,0,1,2,0,0,0,0,0,0,272,0.001,0.001,0.007
1671,0.706,0.555,0,0.002,0.075,0,0,,0,,,,0,,,,,0,0,0,0,0,0,0,0,1,0,1,0,1,2,0,0,0,0,0,0,272,0.001,0.001,0.004
1672,0.78,0.629,0,0.002,0.084,0,0,,0,,,,0,,,,,0,0,0,0,0,0,0,0,1,0,1,0,1,2,0,0,0,0,0,0,272,0,0.001,0.003
1673,0.684,0.558,0,0.002,0.032,0,0,,0,,,,0,,,,,0,0,0,0,0,0,0,0,1,0,1,0,1,2,0,0,0,0,0,0,272,0,0.001,0.004
1674,0.823,0.678,0,0.004,0.035,0,0,,0,,,,0,,,,,0,0,0,0,0,0,0,0,1,0,1,0,1,2,0,0,0,0,0,0,272,0,0.001,0.007
1675,0.696,0.588,0,0.003,0.02,0,0,,0,,,,0,,,,,0,0,0,0,0,0,0,0,1,0,1,0,1,2,0,0,0,0,0,0,272,0,0.001,0.005
1676,1.055,0.944,0,0.002,0.04,0,0,,0,,,,0,,,,,0,0,0,0,0,0,0,0,1,0,1,0,1,2,0,0,0,0,0,0,272,0,0,0.004
1677,0.773,0.685,0,0.002,0.026,0,0,,0,,,,0,,,,,0,0,0,0,0,0,0,0,1,0,1,0,1,2,0,0,0,0,0,0,272,0,0.001,0.003
1678,0.805,0.707,0,0.003,0.031,0,0,,0,,,,0,,,,,0,0,0,0,0,0,0,0,1,0,1,0,1,2,0,0,0,0,0,0,272,0,0.001,0.004
1679,1.004,0.878,0,0.003,0.03,0,0,,0,,,,0,,,,,0,0,0,0,0,0,0,0,1,0,1,0,1,2,0,0,0,0,0,0,272,0,0.001,0.004
1680,1.796,1.607,0,0.003,0.082,0,0,,1,968.75,230060032,286654464,1,62503872,62503872,135081984,38823561584,0,0,0,0,0,0,0,0,1,0,1,0,1,2,0,0,0,0,0,0,272,0,0.001,0.006
1681,0.644,0.537,0,0.002,0.037,0,0,,0,,,,0,,,,,0,0,0,0,0,0,0,0,1,0,1,0,1,2,0,0,0,0,0,0,272,0.001,0.001,0.003
1682,0.831,0.691,0,0.003,0.041,0,0,,0,,,,0,,,,,0,0,0,0,0,0,0,0,1,0,1,0,1,2,0,0,0,0,0,0,272,0,0.001,0.005
1683,0.729,0.644,0,0.001,0.034,0,0,,0,,,,0,,,,,0,0,0,0,0,0,0,0,1,0,1,0,1,2,0,0,0,0,0,0,272,0,0.001,0.002
1684,0.778,0.714,0,0.001,0.03,0,0,,0,,,,0,,,,,0,0,0,0,0,0,0,0,1,0,1,0,1,2,0,0,0,0,0,0,272,0,0.001,0.001
1685,0.753,0.669,0,0.002,0.029,0,0,,0,,,,0,,,,,0,0,0,0,0,0,0,0,1,0,1,0,1,2,0,0,0,0,0,0,272,0.001,0.001,0.003
1686,1.204,1.09,0,0.003,0.031,0,0,,0,,,,0,,,,,0,0,0,0,0,0,0,0,1,0,1,0,1,2,0,0,0,0,0,0,272,0,0.001,0.003
1687,0.686,0.596,0,0.001,0.055,0,0,,0,,,,0,,,,,0,0,0,0,0,0,0,0,1,0,1,0,1,2,0,0,0,0,0,0,272,0,0.001,0.001
1688,0.716,0.608,0,0.003,0.042,0,0,,0,,,,0,,,,,0,0,0,0,0,0,0,0,1,0,1,0,1,2,0,0,0,0,0,0,272,0,0.001,0.003
1689,0.6,0.551,0,0.001,0.021,0,0,,0,,,,0,,,,,0,0,0,0,0,0,0,0,1,0,1,0,1,2,0,0,0,0,0,0,272,0,0.001,0.001
1690,0.69,0.637,0,0.001,0.017,0,0,,0,,,,0,,,,,0,0,0,0,0,0,0,0,1,0,1,0,1,2,0,0,0,0,0,0,272,0,0,0.002
1691,0.775,0.652,0.001,0.002,0.058,0,0,,0,,,,0,,,,,0,0,0,0,0,0,0,0,1,0,1,0,1,2,0,0,0,0,0,0,272,0,0.001,0.003
1692,0.937,0.818,0,0.003,0.05,0,0,,0,,,,0,,,,,0,0,0,0,0,0,0,0,1,0,1,0,1,2,0,0,0,0,0,0,272,0,0.001,0.003
1693,0.411,0.225,0,0.003,0.096,0,0,,0,,,,0,,,,,0,0,0,0,0,0,0,0,1,0,1,0,1,2,0,0,0,0,0,0,272,0,0,0.004
1694,0.633,0.476,0,0.004,0.04,0,0,,0,,,,0,,,,,0,0,0,0,0,0,0,0,1,0,1,0,1,2,0,0,0,0,0,0,272,0,0.001,0.006
1695,0.54,0.459,0,0.001,0.022,0,0,,0,,,,0,,,,,0,0,0,0,0,0,0,0,1,0,1,0,1,2,0,0,0,0,0,0,272,0,0.001,0.003
1696,0.99,0.783,0.001,0.002,0.131,0,0,,0,,,,0,,,,,0,0,0,0,0,0,0,0,1,0,1,0,1,2,0,0,0,0,0,0,272,0,0,0.004
1697,0.742,0.459,0.001,0.002,0.189,0,0,,0,,,,0,,,,,0,0,0,0,0,0,0,0,1,0,1,0,1,2,0,0,0,0,0,0,272,0.01,0.001,0.004
1698,0.487,0.353,0,0.002,0.045,0,0,,0,,,,0,,,,,0,0,0,0,0,0,0,0,1,0,1,0,1,2,0,0,0,0,0,0,272,0,0.001,0.004
1699,0.592,0.527,0.001,0.001,0.024,0,0,,0,,,,0,,,,,0,0,0,0,0,0,0,0,1,0,1,0,1,2,0,0,0,0,0,0,272,0,0,0.002
1700,0.693,0.601,0,0.002,0.029,0,0,,0,,,,0,,,,,0,0,0,0,0,0,0,0,1,0,1,0,1,2,0,0,0,0,0,0,272,0,0,0.003
1701,2.304,2.216,0,0.002,0.026,0,0,,0,,,,0,,,,,0,0,0,0,0,0,0,0,1,0,1,0,1,2,0,0,0,0,0,0,272,0,0.001,0.003
1702,0.663,0.587,0,0.001,0.03,0,0,,0,,,,0,,,,,0,0,0,0,0,0,0,0,1,0,1,0,1,2,0,0,0,0,0,0,272,0,0,0.003
1703,0.64,0.57,0,0.001,0.032,0,0,,0,,,,0,,,,,0,0,0,0,0,0,0,0,1,0,1,0,1,2,0,0,0,0,0,0,272,0.001,0,0.002
1704,0.647,0.59,0.001,0,0.03,0,0,,0,,,,0,,,,,0,0,0,0,0,0,0,0,1,0,1,0,1,2,0,0,0,0,0,0,272,0,0,0.002
1705,0.653,0.6,0,0.001,0.028,0,0,,0,,,,0,,,,,0,0,0,0,0,0,0,0,1,0,1,0,1,2,0,0,0,0,0,0,272,0,0,0.002
1706,0.68,0.609,0,0.001,0.032,0,0,,0,,,,0,,,,,0,0,0,0,0,0,0,0,1,0,1,0,1,2,0,0,0,0,0,0,272,0.001,0,0.002
1707,0.685,0.623,0,0.001,0.031,0,0,,0,,,,0,,,,,0,0,0,0,0,0,0,0,1,0,1,0,1,2,0,0,0,0,0,0,272,0,0.001,0.001
1708,0.696,0.637,0,0,0.033,0,0,,0,,,,0,,,,,0,0,0,0,0,0,0,0,1,0,1,0,1,2,0,0,0,0,0,0,272,0.001,0,0.002
1709,2.311,2.154,0.001,0.004,0.045,0,0,,0,,,,0,,,,,0,0,0,0,0,0,0,0,1,0,1,0,1,2,0,0,0,0,0,0,272,0,0.001,0.006
1710,0.616,0.532,0,0.002,0.034,0,0,,1,984.375,230060032,286654464,1,62503872,62503872,135081984,38823561584,0,0,0,0,0,0,0,0,1,0,1,0,1,2,0,0,0,0,0,0,272,0,0,0.003
1711,0.666,0.6,0,0.001,0.032,0,0,,0,,,,0,,,,,0,0,0,0,0,0,0,0,1,0,1,0,1,2,0,0,0,0,0,0,272,0,0.001,0.001
1712,0.733,0.635,0,0.002,0.031,0,0,,0,,,,0,,,,,0,0,0,0,0,0,0,0,1,0,1,0,1,2,0,0,0,0,0,0,272,0,0.001,0.003
1713,0.713,0.613,0.001,0.001,0.029,0,0,,0,,,,0,,,,,0,0,0,0,0,0,0,0,1,0,1,0,1,2,0,0,0,0,0,0,272,0.001,0.001,0.003
1714,0.647,0.562,0.001,0.002,0.021,0,0,,0,,,,0,,,,,0,0,0,0,0,0,0,0,1,0,1,0,1,2,0,0,0,0,0,0,272,0,0.001,0.003
1715,1.022,0.867,0,0.003,0.092,0,0,,0,,,,0,,,,,0,0,0,0,0,0,0,0,1,0,1,0,1,2,0,0,0,0,0,0,272,0,0.001,0.003
1716,0.762,0.57,0,0.003,0.042,0,0,,0,,,,0,,,,,0,0,0,0,0,0,0,0,1,0,1,0,1,2,0,0,0,0,0,0,272,0,0.001,0.006
1717,0.543,0.479,0,0.002,0.018,0,0,,0,,,,0,,,,,0,0,0,0,0,0,0,0,1,0,1,0,1,2,0,0,0,0,0,0,272,0.001,0,0.003
1718,1.861,1.605,0.001,0.006,0.086,0,0,,0,,,,0,,,,,0,0,0,0,0,0,0,0,1,0,1,0,1,2,0,0,0,0,0,0,272,0,0.002,0.009
1719,1.556,1.354,0,0.003,0.06,0,0,,0,,,,0,,,,,0,0,0,0,0,0,0,0,1,0,1,0,1,2,0,0,0,0,0,0,272,0.001,0.002,0.006
1720,0.672,0.565,0.001,0.003,0.024,0,0,,0,,,,0,,,,,0,0,0,0,0,0,0,0,1,0,1,0,1,2,0,0,0,0,0,0,272,0,0.001,0.006
1721,0.745,0.669,0,0.002,0.021,0,0,,0,,,,0,,,,,0,0,0,0,0,0,0,0,1,0,1,0,1,2,0,0,0,0,0,0,272,0,0.001,0.003
1722,0.75,0.7,0,0.001,0.018,0,0,,0,,,,0,,,,,0,0,0,0,0,0,0,0,1,0,1,0,1,2,0,0,0,0,0,0,272,0,0,0.002
1723,0.797,0.741,0.001,0.001,0.022,0,0,,0,,,,0,,,,,0,0,0,0,0,0,0,0,1,0,1,0,1,2,0,0,0,0,0,0,272,0,0,0.002
1724,0.774,0.733,0,0.001,0.023,0,0,,0,,,,0,,,,,0,0,0,0,0,0,0,0,1,0,1,0,1,2,0,0,0,0,0,0,272,0,0,0.001
1725,1.004,0.861,0,0.002,0.034,0,0,,0,,,,0,,,,,0,0,0,0,0,0,0,0,1,0,1,0,1,2,0,0,0,0,0,0,272,0,0.039,0.004
1726,2.551,2.405,0.001,0.002,0.048,0,0,,0,,,,0,,,,,0,0,0,0,0,0,0,0,1,0,1,0,1,2,0,0,0,0,0,0,272,0,0.001,0.005
1727,0.716,0.638,0.001,0.001,0.03,0,0,,0,,,,0,,,,,0,0,0,0,0,0,0,0,1,0,1,0,1,2,0,0,0,0,0,0,272,0,0.001,0.002
1728,1.404,1.231,0,0.003,0.046,0,0,,0,,,,0,,,,,0,0,0,0,0,0,0,0,1,0,1,0,1,2,0,0,0,0,0,0,272,0,0.002,0.006
1729,1.294,1.116,0,0.003,0.02,0,0,,0,,,,0,,,,,0,0,0,0,0,0,0,0,1,0,1,0,1,2,0,0,0,0,0,0,272,0,0.001,0.005
1730,1.389,1.032,0.001,0.033,0.032,0,0,,0,,,,0,,,,,0,0,0,0,0,0,0,0,1,0,1,0,1,2,0,0,0,0,0,0,272,0.001,0.001,0.006
1731,2.143,1.866,0.001,0.006,0.085,0,0,,0,,,,0,,,,,0,0,0,0,0,0,0,0,1,0,1,0,1,2,0,0,0,0,0,0,272,0.001,0.002,0.01
1732,1.673,1.539,0.001,0.002,0.04,0,0,,0,,,,0,,,,,0,0,0,0,0,0,0,0,1,0,1,0,1,2,0,0,0,0,0,0,272,0,0.001,0.005
1733,1.429,1.354,0,0.002,0.029,0,0,,0,,,,0,,,,,0,0,0,0,0,0,0,0,1,0,1,0,1,2,0,0,0,0,0,0,272,0,0,0.003
1734,1.931,1.869,0,0.001,0.031,0,0,,0,,,,0,,,,,0,0,0,0,0,0,0,0,1,0,1,0,1,2,0,0,0,0,0,0,272,0.001,0,0.002
1735,1.065,0.863,0,0.003,0.047,0,0,,0,,,,0,,,,,0,0,0,0,0,0,0,0,1,0,1,0,1,2,0,0,0,0,0,0,272,0.001,0.002,0.01
1736,1.137,1.043,0,0.002,0.038,0,0,,0,,,,0,,,,,0,0,0,0,0,0,0,0,1,0,1,0,1,2,0,0,0,0,0,0,272,0.001,0,0.003
1737,2.194,2.12,0,0.003,0.024,0,0,,0,,,,0,,,,,0,0,0,0,0,0,0,0,1,0,1,0,1,2,0,0,0,0,0,0,272,0.001,0,0.003
1738,0.719,0.637,0,0.001,0.039,0,0,,0,,,,0,,,,,0,0,0,0,0,0,0,0,1,0,1,0,1,2,0,0,0,0,0,0,272,0,0.001,0.002
1739,0.653,0.583,0,0.001,0.036,0,0,,0,,,,0,,,,,0,0,0,0,0,0,0,0,1,0,1,0,1,2,0,0,0,0,0,0,272,0,0,0.002
1740,0.955,0.739,0,0.004,0.089,0,0,,1,1000,230125568,286654464,1,62503872,62503872,135081984,38823561584,0,0,0,0,0,0,0,0,1,0,1,0,1,2,0,0,0,0,0,0,272,0,0.001,0.006
1741,0.858,0.211,0,0.002,0.581,0,0,,0,,,,0,,,,,0,0,0,0,0,0,0,0,1,0,1,0,1,2,0,0,0,0,0,0,272,0,0,0.002
1742,0.351,0.001,0,0.003,0.245,0,0,,0,,,,0,,,,,0,0,0,0,0,0,0,0,1,0,1,0,1,2,0,0,0,0,0,0,272,0.001,0.001,0.004
1743,0.61,0.495,0,0.002,0.039,0,0,,0,,,,0,,,,,0,0,0,0,0,0,0,0,1,0,1,0,1,2,0,0,0,0,0,0,272,0,0.001,0.004
1744,0.636,0.534,0,0.002,0.055,0,0,,0,,,,0,,,,,0,0,0,0,0,0,0,0,1,0,1,0,1,2,0,0,0,0,0,0,272,0,0,0.003
1745,0.986,0.629,0.001,0.004,0.22,0,0,,0,,,,0,,,,,0,0,0,0,0,0,0,0,1,0,1,0,1,2,0,0,0,0,0,0,272,0,0.001,0.006
1746,0.622,0.178,0.001,0.002,0.328,0,0,,0,,,,0,,,,,0,0,0,0,0,0,0,0,1,0,1,0,1,2,0,0,0,0,0,0,272,0,0,0.003
1747,2.13,2.045,0,0.002,0.023,0,0,,0,,,,0,,,,,0,0,0,0,0,0,0,0,1,0,1,0,1,2,0,0,0,0,0,0,272,0,0.001,0.003
1748,1.17,1.063,0,0.002,0.046,0,0,,0,,,,0,,,,,0,0,0,0,0,0,0,0,1,0,1,0,1,2,0,0,0,0,0,0,272,0.001,0,0.003
1749,1.081,0.996,0,0.001,0.045,0,0,,0,,,,0,,,,,0,0,0,0,0,0,0,0,1,0,1,0,1,2,0,0,0,0,0,0,272,0,0,0.002
1750,1.13,1.037,0.001,0.001,0.04,0,0,,0,,,,0,,,,,0,0,0,0,0,0,0,0,1,0,1,0,1,2,0,0,0,0,0,0,272,0,0,0.003
1751,1.051,0.974,0,0.001,0.038,0,0,,0,,,,0,,,,,0,0,0,0,0,0,0,0,1,0,1,0,1,2,0,0,0,0,0,0,272,0,0.001,0.002
1752,2.289,2.168,0,0.003,0.027,0,0,,0,,,,0,,,,,0,0,0,0,0,0,0,0,1,0,1,0,1,2,0,0,0,0,0,0,272,0,0.001,0.006
1753,1.622,1.452,0.001,0.003,0.053,0,0,,0,,,,0,,,,,0,0,0,0,0,0,0,0,1,0,1,0,1,2,0,0,0,0,0,0,272,0,0.001,0.005
1754,1.169,0.971,0,0.003,0.082,0,0,,0,,,,0,,,,,0,0,0,0,0,0,0,0,1,0,1,0,1,2,0,0,0,0,0,0,272,0,0.001,0.005
1755,1.023,0.937,0,0.002,0.025,0,0,,0,,,,0,,,,,0,0,0,0,0,0,0,0,1,0,1,0,1,2,0,0,0,0,0,0,272,0,0,0.003
1756,1.191,1.091,0,0.002,0.031,0,0,,0,,,,0,,,,,0,0,0,0,0,0,0,0,1,0,1,0,1,2,0,0,0,0,0,0,272,0,0,0.004
1757,1.076,0.96,0,0.004,0.024,0,0,,0,,,,0,,,,,0,0,0,0,0,0,0,0,1,0,1,0,1,2,0,0,0,0,0,0,272,0,0.001,0.006
1758,6.263,6.043,0,0.005,0.062,0,0,,0,,,,0,,,,,0,0,0,0,0,0,0,0,1,0,1,0,1,2,0,0,0,0,0,0,272,0.001,0.002,0.01
1759,1.019,0.785,0,0.005,0.06,0,0,,0,,,,0,,,,,0,0,0,0,0,0,0,0,1,0,1,0,1,2,0,0,0,0,0,0,272,0,0.002,0.009
1760,0.391,0.217,0,0.001,0.136,0,0,,0,,,,0,,,,,0,0,0,0,0,0,0,0,1,0,1,0,1,2,0,0,0,0,0,0,272,0,0.001,0.001
1761,0.362,0.276,0,0.003,0.021,0,0,,0,,,,0,,,,,0,0,0,0,0,0,0,0,1,0,1,0,1,2,0,0,0,0,0,0,272,0.001,0.001,0.004
1762,0.482,0.405,0.001,0.001,0.03,0,0,,0,,,,0,,,,,0,0,0,0,0,0,0,0,1,0,1,0,1,2,0,0,0,0,0,0,272,0,0.001,0.002
1763,0.463,0.405,0,0.001,0.023,0,0,,0,,,,0,,,,,0,0,0,0,0,0,0,0,1,0,1,0,1,2,0,0,0,0,0,0,272,0,0.001,0.002
1764,0.503,0.438,0,0.001,0.027,0,0,,0,,,,0,,,,,0,0,0,0,0,0,0,0,1,0,1,0,1,2,0,0,0,0,0,0,272,0,0,0.002
1765,0.529,0.436,0.001,0.001,0.04,0,0,,0,,,,0,,,,,0,0,0,0,0,0,0,0,1,0,1,0,1,2,0,0,0,0,0,0,272,0,0.001,0.002
1766,1.578,1.447,0.001,0.002,0.057,0,0,,0,,,,0,,,,,0,0,0,0,0,0,0,0,1,0,1,0,1,2,0,0,0,0,0,0,272,0,0.001,0.003
1767,0.41,0.341,0,0.001,0.023,0,0,,0,,,,0,,,,,0,0,0,0,0,0,0,0,1,0,1,0,1,2,0,0,0,0,0,0,272,0,0.001,0.003
1768,0.847,0.418,0,0.002,0.364,0,0,,0,,,,0,,,,,0,0,0,0,0,0,0,0,1,0,1,0,1,2,0,0,0,0,0,0,272,0.001,0.001,0.002
1769,0.263,0.025,0,0.003,0.101,0,0,,0,,,,0,,,,,0,0,0,0,0,0,0,0,1,0,1,0,1,2,0,0,0,0,0,0,272,0,0.001,0.006
1770,0.831,0.518,0,0.004,0.182,0,0,,1,1031.25,230125568,286654464,1,62503872,62503872,135081984,38823561584,0,0,0,0,0,0,0,0,1,0,1,0,1,2,0,0,0,0,0,0,272,0.001,0.001,0.006
1771,0.089,0.001,0,0.002,0.023,0,0,,0,,,,0,,,,,0,0,0,0,0,0,0,0,1,0,1,0,1,2,0,0,0,0,0,0,272,0,0,0.004
1772,0.944,0.289,0.001,0.004,0.513,0,0,,0,,,,0,,,,,0,0,0,0,0,0,0,0,1,0,1,0,1,2,0,0,0,0,0,0,272,0,0.001,0.007
1773,0.583,0.001,0,0.003,0.508,0,0,,0,,,,0,,,,,0,0,0,0,0,0,0,0,1,0,1,0,1,2,0,0,0,0,0,0,272,0.001,0.001,0.003
1774,0.688,0.463,0.001,0.002,0.157,0,0,,0,,,,0,,,,,0,0,0,0,0,0,0,0,1,0,1,0,1,2,0,0,0,0,0,0,272,0,0,0.004
1775,0.575,0.305,0,0.003,0.183,0,0,,0,,,,0,,,,,0,0,0,0,0,0,0,0,1,0,1,0,1,2,0,0,0,0,0,0,272,0.001,0,0.003
1776,0.62,0.219,0.001,0.004,0.254,0,0,,0,,,,0,,,,,0,0,0,0,0,0,0,0,1,0,1,0,1,2,0,0,0,0,0,0,272,0.001,0.002,0.007
1777,0.409,0.011,0.001,0.002,0.319,0,0,,0,,,,0,,,,,0,0,0,0,0,0,0,0,1,0,1,0,1,2,0,0,0,0,0,0,272,0,0.001,0.005
1778,0.904,0.669,0.001,0.004,0.091,0,0,,0,,,,0,,,,,0,0,0,0,0,0,0,0,1,0,1,0,1,2,0,0,0,0,0,0,272,0,0.001,0.007
1779,0.193,0.001,0.001,0.002,0.124,0,0,,0,,,,0,,,,,0,0,0,0,0,0,0,0,1,0,1,0,1,2,0,0,0,0,0,0,272,0,0.001,0.003
1780,0.822,0.642,0,0.045,0.041,0,0,,0,,,,0,,,,,0,0,0,0,0,0,0,0,1,0,1,0,1,2,0,0,0,0,0,0,272,0,0.001,0.006
1781,0.345,0.286,0,0.002,0.017,0,0,,0,,,,0,,,,,0,0,0,0,0,0,0,0,1,0,1,0,1,2,0,0,0,0,0,0,272,0,0.001,0.002
1782,1.219,1.187,0,0.001,0.014,0,0,,0,,,,0,,,,,0,0,0,0,0,0,0,0,1,0,1,0,1,2,0,0,0,0,0,0,272,0,0,0.001
1783,1.135,1.049,0,0.001,0.05,0,0,,0,,,,0,,,,,0,0,0,0,0,0,0,0,1,0,1,0,1,2,0,0,0,0,0,0,272,0.001,0,0.002
1784,1.526,1.455,0,0.001,0.038,0,0,,0,,,,0,,,,,0,0,0,0,0,0,0,0,1,0,1,0,1,2,0,0,0,0,0,0,272,0,0,0.002
1785,2.576,2.383,0,0.004,0.044,0,0,,0,,,,0,,,,,0,0,0,0,0,0,0,0,1,0,1,0,1,2,0,0,0,0,0,0,272,0.001,0.002,0.007
1786,0.926,0.819,0,0.002,0.043,0,0,,0,,,,0,,,,,0,0,0,0,0,0,0,0,1,0,1,0,1,2,0,0,0,0,0,0,272,0,0,0.003
1787,0.648,0.561,0,0.001,0.046,0,0,,0,,,,0,,,,,0,0,0,0,0,0,0,0,1,0,1,0,1,2,0,0,0,0,0,0,272,0,0,0.002
1788,0.625,0.55,0,0.001,0.041,0,0,,0,,,,0,,,,,0,0,0,0,0,0,0,0,1,0,1,0,1,2,0,0,0,0,0,0,272,0,0,0.002
1789,0.662,0.583,0,0.001,0.03,0,0,,0,,,,0,,,,,0,0,0,0,0,0,0,0,1,0,1,0,1,2,0,0,0,0,0,0,272,0,0,0.003
1790,0.669,0.561,0,0.003,0.038,0,0,,0,,,,0,,,,,0,0,0,0,0,0,0,0,1,0,1,0,1,2,0,0,0,0,0,0,272,0,0,0.004
1791,1.429,0.513,0,0.003,0.84,0,0,,0,,,,0,,,,,0,0,0,0,0,0,0,0,1,0,1,0,1,2,0,0,0,0,0,0,272,0.001,0.001,0.003
1792,0.258,0.002,0,0.004,0.128,0,0,,0,,,,0,,,,,0,0,0,0,0,0,0,0,1,0,1,0,1,2,0,0,0,0,0,0,272,0.001,0.002,0.006
1793,0.806,0.687,0,0.002,0.066,0,0,,0,,,,0,,,,,0,0,0,0,0,0,0,0,1,0,1,0,1,2,0,0,0,0,0,0,272,0,0.001,0.003
1794,0.335,0.176,0,0.002,0.056,0,0,,0,,,,0,,,,,0,0,0,0,0,0,0,0,1,0,1,0,1,2,0,0,0,0,0,0,272,0,0.001,0.003
1795,0.61,0.497,0,0.003,0.035,0,0,,0,,,,0,,,,,0,0,0,0,0,0,0,0,1,0,1,0,1,2,0,0,0,0,0,0,272,0.001,0.001,0.004
1796,1.472,1.354,0.001,0.002,0.021,0,0,,0,,,,0,,,,,0,0,0,0,0,0,0,0,1,0,1,0,1,2,0,0,0,0,0,0,272,0,0,0.004
1797,0.661,0.554,0.001,0.003,0.021,0,0,,0,,,,0,,,,,0,0,0,0,0,0,0,0,1,0,1,0,1,2,0,0,0,0,0,0,272,0.001,0.001,0.005
1798,2.038,1.846,0,0.003,0.08,0,0,,0,,,,0,,,,,0,0,0,0,0,0,0,0,1,0,1,0,1,2,0,0,0,0,0,0,272,0,0.001,0.005
1799,0.741,0.547,0.001,0.003,0.086,0,0,,0,,,,0,,,,,0,0,0,0,0,0,0,0,1,0,1,0,1,2,0,0,0,0,0,0,272,0,0.001,0.005
1800,0.764,0.58,0,0.003,0.075,0,0,,1,1031.25,230125568,286654464,1,62503872,62503872,135081984,38823561584,0,0,0,0,0,0,0,0,1,0,1,0,1,2,0,0,0,0,0,0,272,0.001,0.001,0.005
1801,0.861,0.664,0.001,0.003,0.088,0,0,,0,,,,0,,,,,0,0,0,0,0,0,0,0,1,0,1,0,1,2,0,0,0,0,0,0,272,0.001,0.001,0.005
1802,0.809,0.05,0,0.002,0.683,0,0,,0,,,,0,,,,,0,0,0,0,0,0,0,0,1,0,1,0,1,2,0,0,0,0,0,0,272,0,0.001,0.004
1803,0.87,0.671,0.001,0.003,0.091,0,0,,0,,,,0,,,,,0,0,0,0,0,0,0,0,1,0,1,0,1,2,0,0,0,0,0,0,272,0,0.001,0.005
1804,0.68,0.001,0,0.001,0.624,0,0,,0,,,,0,,,,,0,0,0,0,0,0,0,0,1,0,1,0,1,2,0,0,0,0,0,0,272,0.001,0,0.002
1805,2.242,2.052,0,0.003,0.081,0,0,,0,,,,0,,,,,0,0,0,0,0,0,0,0,1,0,1,0,1,2,0,0,0,0,0,0,272,0,0.001,0.005
1806,0.928,0.744,0.001,0.003,0.069,0,0,,0,,,,0,,,,,0,0,0,0,0,0,0,0,1,0,1,0,1,2,0,0,0,0,0,0,272,0,0.001,0.005
1807,1.266,1.06,0,0.003,0.088,0,0,,0,,,,0,,,,,0,0,0,0,0,0,0,0,1,0,1,0,1,2,0,0,0,0,0,0,272,0.001,0.001,0.006
1808,0.677,0.496,0.001,0.003,0.068,0,0,,0,,,,0,,,,,0,0,0,0,0,0,0,0,1,0,1,0,1,2,0,0,0,0,0,0,272,0,0.001,0.005
1809,0.814,0.265,0,0.003,0.478,0,0,,0,,,,0,,,,,0,0,0,0,0,0,0,0,1,0,1,0,1,2,0,0,0,0,0,0,272,0,0,0.004
1810,1.368,0.966,0,0.005,0.254,0,0,,0,,,,0,,,,,0,0,0,0,0,0,0,0,1,0,1,0,1,2,0,0,0,0,0,0,272,0,0.001,0.007
1811,2.551,2.347,0,0.005,0.07,0,0,,0,,,,0,,,,,0,0,0,0,0,0,0,0,1,0,1,0,1,2,0,0,0,0,0,0,272,0,0.001,0.007
1812,0.813,0.646,0,0.003,0.071,0,0,,0,,,,0,,,,,0,0,0,0,0,0,0,0,1,0,1,0,1,2,0,0,0,0,0,0,272,0,0,0.005
1813,0.714,0.605,0,0.002,0.052,0,0,,0,,,,0,,,,,0,0,0,0,0,0,0,0,1,0,1,0,1,2,0,0,0,0,0,0,272,0,0,0.003
1814,0.753,0.651,0,0.001,0.05,0,0,,0,,,,0,,,,,0,0,0,0,0,0,0,0,1,0,1,0,1,2,0,0,0,0,0,0,272,0,0,0.002
1815,0.8,0.678,0.001,0.001,0.056,0,0,,0,,,,0,,,,,0,0,0,0,0,0,0,0,1,0,1,0,1,2,0,0,0,0,0,0,272,0,0.001,0.003
1816,0.756,0.651,0,0.001,0.052,0,0,,0,,,,0,,,,,0,0,0,0,0,0,0,0,1,0,1,0,1,2,0,0,0,0,0,0,272,0,0,0.003
1817,0.793,0.689,0,0.001,0.052,0,0,,0,,,,0,,,,,0,0,0,0,0,0,0,0,1,0,1,0,1,2,0,0,0,0,0,0,272,0,0,0.003
1818,0.767,0.671,0,0.001,0.045,0,0,,0,,,,0,,,,,0,0,0,0,0,0,0,0,1,0,1,0,1,2,0,0,0,0,0,0,272,0,0,0.002
1819,2.539,2.408,0,0.001,0.061,0,0,,0,,,,0,,,,,0,0,0,0,0,0,0,0,1,0,1,0,1,2,0,0,0,0,0,0,272,0,0,0.004
1820,1.02,0.862,0,0.002,0.065,0,0,,0,,,,0,,,,,0,0,0,0,0,0,0,0,1,0,1,0,1,2,0,0,0,0,0,0,272,0,0,0.005
1821,1.106,0.981,0,0.003,0.054,0,0,,0,,,,0,,,,,0,0,0,0,0,0,0,0,1,0,1,0,1,2,0,0,0,0,0,0,272,0.001,0.001,0.003
1822,0.966,0.765,0,0.004,0.1,0,0,,0,,,,0,,,,,0,0,0,0,0,0,0,0,1,0,1,0,1,2,0,0,0,0,0,0,272,0,0.002,0.005
1823,0.677,0.423,0,0.002,0.036,0,0,,0,,,,0,,,,,0,0,0,0,0,0,0,0,1,0,1,0,1,2,0,0,0,0,0,0,272,0,0.001,0.004
1824,0.758,0.611,0.001,0.003,0.045,0,0,,0,,,,0,,,,,0,0,0,0,0,0,0,0,1,0,1,0,1,2,0,0,0,0,0,0,272,0,0,0.005
1825,1.485,1.342,0.001,0.003,0.029,0,0,,0,,,,0,,,,,0,0,0,0,0,0,0,0,1,0,1,0,1,2,0,0,0,0,0,0,272,0,0.002,0.006
1826,1.81,1.586,0,0.005,0.075,0,0,,0,,,,0,,,,,0,0,0,0,0,0,0,0,1,0,1,0,1,2,0,0,0,0,0,0,272,0.001,0,0.007
1827,0.855,0.674,0,0.004,0.067,0,0,,0,,,,0,,,,,0,0,0,0,0,0,0,0,1,0,1,0,1,2,0,0,0,0,0,0,272,0,0.001,0.006
1828,1.283,1.149,0.001,0.001,0.063,0,0,,0,,,,0,,,,,0,0,0,0,0,0,0,0,1,0,1,0,1,2,0,0,0,0,0,0,272,0,0,0.004
1829,1.055,0.938,0.001,0.001,0.052,0,0,,0,,,,0,,,,,0,0,0,0,0,0,0,0,1,0,1,0,1,2,0,0,0,0,0,0,272,0,0.001,0.003
1830,1.011,0.875,0,0.001,0.071,0,0,,1,1062.5,230125568,286654464,1,62503872,62503872,135081984,38823561584,0,0,0,0,0,0,0,0,1,0,1,0,1,2,0,0,0,0,0,0,272,0,0.001,0.003
1831,0.418,0.288,0,0.001,0.065,0,0,,0,,,,0,,,,,0,0,0,0,0,0,0,0,1,0,1,0,1,2,0,0,0,0,0,0,272,0,0,0.004
1832,0.469,0.337,0.001,0.002,0.067,0,0,,0,,,,0,,,,,0,0,0,0,0,0,0,0,1,0,1,0,1,2,0,0,0,0,0,0,272,0,0.001,0.003
1833,0.441,0.317,0,0,0.064,0,0,,0,,,,0,,,,,0,0,0,0,0,0,0,0,1,0,1,0,1,2,0,0,0,0,0,0,272,0,0,0.003
1834,0.487,0.368,0,0.002,0.054,0,0,,0,,,,0,,,,,0,0,0,0,0,0,0,0,1,0,1,0,1,2,0,0,0,0,0,0,272,0,0.001,0.003
1835,0.478,0.346,0,0.002,0.067,0,0,,0,,,,0,,,,,0,0,0,0,0,0,0,0,1,0,1,0,1,2,0,0,0,0,0,0,272,0.001,0,0.004
1836,1.389,1.269,0,0.002,0.043,0,0,,0,,,,0,,,,,0,0,0,0,0,0,0,0,1,0,1,0,1,2,0,0,0,0,0,0,272,0,0.001,0.005
1837,0.544,0.321,0.001,0.004,0.066,0,0,,0,,,,0,,,,,0,0,0,0,0,0,0,0,1,0,1,0,1,2,0,0,0,0,0,0,272,0,0.002,0.008
1838,0.329,0.227,0,0.001,0.062,0,0,,0,,,,0,,,,,0,0,0,0,0,0,0,0,1,0,1,0,1,2,0,0,0,0,0,0,272,0,0,0.002
1839,0.46,0.377,0,0.002,0.032,0,0,,0,,,,0,,,,,0,0,0,0,0,0,0,0,1,0,1,0,1,2,0,0,0,0,0,0,272,0,0.001,0.002
1840,0.614,0.425,0,0.002,0.12,0,0,,0,,,,0,,,,,0,0,0,0,0,0,0,0,1,0,1,0,1,2,0,0,0,0,0,0,272,0,0.001,0.003
1841,0.375,0.272,0,0.001,0.045,0,0,,0,,,,0,,,,,0,0,0,0,0,0,0,0,1,0,1,0,1,2,0,0,0,0,0,0,272,0,0,0.002
1842,0.548,0.403,0.001,0.003,0.064,0,0,,0,,,,0,,,,,0,0,0,0,0,0,0,0,1,0,1,0,1,2,0,0,0,0,0,0,272,0.001,0.001,0.005
1843,0.461,0.314,0,0.002,0.066,0,0,,0,,,,0,,,,,0,0,0,0,0,0,0,0,1,0,1,0,1,2,0,0,0,0,0,0,272,0,0.001,0.005
1844,0.443,0.314,0,0.004,0.041,0,0,,0,,,,0,,,,,0,0,0,0,0,0,0,0,1,0,1,0,1,2,0,0,0,0,0,0,272,0,0.002,0.004
1845,0.428,0.332,0,0.002,0.036,0,0,,0,,,,0,,,,,0,0,0,0,0,0,0,0,1,0,1,0,1,2,0,0,0,0,0,0,272,0.001,0,0.003
1846,1.099,0.937,0,0.003,0.07,0,0,,0,,,,0,,,,,0,0,0,0,0,0,0,0,1,0,1,0,1,2,0,0,0,0,0,0,272,0.001,0.001,0.005
1847,0.323,0.177,0,0.004,0.046,0,0,,0,,,,0,,,,,0,0,0,0,0,0,0,0,1,0,1,0,1,2,0,0,0,0,0,0,272,0,0.002,0.005
1848,0.331,0.196,0.001,0.001,0.096,0,0,,0,,,,0,,,,,0,0,0,0,0,0,0,0,1,0,1,0,1,2,0,0,0,0,0,0,272,0,0,0.003
1849,0.8,0.696,0,0.002,0.027,0,0,,0,,,,0,,,,,0,0,0,0,0,0,0,0,1,0,1,0,1,2,0,0,0,0,0,0,272,0,0.001,0.004
1850,0.875,0.727,0,0.002,0.057,0,0,,0,,,,0,,,,,0,0,0,0,0,0,0,0,1,0,1,0,1,2,0,0,0,0,0,0,272,0,0,0.004
1851,0.417,0.312,0.001,0.001,0.043,0,0,,0,,,,0,,,,,0,0,0,0,0,0,0,0,1,0,1,0,1,2,0,0,0,0,0,0,272,0,0,0.003
1852,4.88,4.676,0.001,0.003,0.094,0,0,,0,,,,0,,,,,0,0,0,0,0,0,0,0,1,0,1,0,1,2,0,0,0,0,0,0,272,0.001,0.001,0.006
1853,0.672,0.5,0,0.003,0.062,0,0,,0,,,,0,,,,,0,0,0,0,0,0,0,0,1,0,1,0,1,2,0,0,0,0,0,0,272,0.001,0.001,0.006
1854,2,1.873,0,0.004,0.044,0,0,,0,,,,0,,,,,0,0,0,0,0,0,0,0,1,0,1,0,1,2,0,0,0,0,0,0,272,0.001,0.001,0.005
1855,0.591,0.441,0,0.001,0.047,0,0,,0,,,,0,,,,,0,0,0,0,0,0,0,0,1,0,1,0,1,2,0,0,0,0,0,0,272,0,0,0.002
1856,0.696,0.572,0.001,0.002,0.061,0,0,,0,,,,0,,,,,0,0,0,0,0,0,0,0,1,0,1,0,1,2,0,0,0,0,0,0,272,0,0.001,0.003
1857,0.693,0.576,0,0.002,0.06,0,0,,0,,,,0,,,,,0,0,0,0,0,0,0,0,1,0,1,0,1,2,0,0,0,0,0,0,272,0,0.001,0.003
1858,0.692,0.587,0,0.002,0.036,0,0,,0,,,,0,,,,,0,0,0,0,0,0,0,0,1,0,1,0,1,2,0,0,0,0,0,0,272,0,0.001,0.004
1859,0.723,0.583,0,0.002,0.056,0,0,,0,,,,0,,,,,0,0,0,0,0,0,0,0,1,0,1,0,1,2,0,0,0,0,0,0,272,0,0,0.005
1860,0.682,0.56,0.001,0.002,0.045,0,0,,1,1078.125,230125568,286654464,1,62503872,62503872,135081984,38823561584,0,0,0,0,0,0,0,0,1,0,1,0,1,2,0,0,0,0,0,0,272,0,0.001,0.004
1861,0.641,0.509,0,0.003,0.046,0,0,,0,,,,0,,,,,0,0,0,0,0,0,0,0,1,0,1,0,1,2,0,0,0,0,0,0,272,0,0.001,0.005
1862,1.455,1.265,0,0.003,0.081,0,0,,0,,,,0,,,,,0,0,0,0,0,0,0,0,1,0,1,0,1,2,0,0,0,0,0,0,272,0.001,0.001,0.006
1863,0.625,0.52,0,0.002,0.037,0,0,,0,,,,0,,,,,0,0,0,0,0,0,0,0,1,0,1,0,1,2,0,0,0,0,0,0,272,0,0.001,0.004
1864,2.955,2.824,0,0.002,0.058,0,0,,0,,,,0,,,,,0,0,0,0,0,0,0,0,1,0,1,0,1,2,0,0,0,0,0,0,272,0.001,0,0.003
1865,0.737,0.624,0,0.002,0.059,0,0,,0,,,,0,,,,,0,0,0,0,0,0,0,0,1,0,1,0,1,2,0,0,0,0,0,0,272,0,0.001,0.003
1866,0.69,0.58,0.001,0.001,0.057,0,0,,0,,,,0,,,,,0,0,0,0,0,0,0,0,1,0,1,0,1,2,0,0,0,0,0,0,272,0,0,0.003
1867,0.78,0.609,0,0.002,0.076,0,0,,0,,,,0,,,,,0,0,0,0,0,0,0,0,1,0,1,0,1,2,0,0,0,0,0,0,272,0,0.001,0.005
1868,0.633,0.521,0,0.001,0.052,0,0,,0,,,,0,,,,,0,0,0,0,0,0,0,0,1,0,1,0,1,2,0,0,0,0,0,0,272,0,0,0.003
1869,0.695,0.59,0,0.002,0.05,0,0,,0,,,,0,,,,,0,0,0,0,0,0,0,0,1,0,1,0,1,2,0,0,0,0,0,0,272,0,0,0.003
1870,0.711,0.598,0,0.001,0.06,0,0,,0,,,,0,,,,,0,0,0,0,0,0,0,0,1,0,1,0,1,2,0,0,0,0,0,0,272,0,0,0.002
1871,0.706,0.592,0,0.002,0.06,0,0,,0,,,,0,,,,,0,0,0,0,0,0,0,0,1,0,1,0,1,2,0,0,0,0,0,0,272,0,0,0.003
1872,1.947,1.826,0,0.003,0.031,0,0,,0,,,,0,,,,,0,0,0,0,0,0,0,0,1,0,1,0,1,2,0,0,0,0,0,0,272,0,0.002,0.005
1873,1.225,1.001,0,0.003,0.097,0,0,,0,,,,0,,,,,0,0,0,0,0,0,0,0,1,0,1,0,1,2,0,0,0,0,0,0,272,0,0.001,0.007
1874,0.604,0.476,0.001,0.001,0.063,0,0,,0,,,,0,,,,,0,0,0,0,0,0,0,0,1,0,1,0,1,2,0,0,0,0,0,0,272,0,0,0.003
1875,0.748,0.61,0,0.003,0.057,0,0,,0,,,,0,,,,,0,0,0,0,0,0,0,0,1,0,1,0,1,2,0,0,0,0,0,0,272,0,0.001,0.003
1876,0.757,0.541,0.001,0.003,0.111,0,0,,0,,,,0,,,,,0,0,0,0,0,0,0,0,1,0,1,0,1,2,0,0,0,0,0,0,272,0,0.002,0.005
1877,0.604,0.485,0,0.003,0.039,0,0,,0,,,,0,,,,,0,0,0,0,0,0,0,0,1,0,1,0,1,2,0,0,0,0,0,0,272,0.001,0,0.005
1878,0.685,0.55,0,0.003,0.045,0,0,,0,,,,0,,,,,0,0,0,0,0,0,0,0,1,0,1,0,1,2,0,0,0,0,0,0,272,0,0.001,0.005
1879,1.492,1.258,0,0.006,0.111,0,0,,0,,,,0,,,,,0,0,0,0,0,0,0,0,1,0,1,0,1,2,0,0,0,0,0,0,272,0,0.001,0.007
1880,0.715,0.535,0,0.004,0.072,0,0,,0,,,,0,,,,,0,0,0,0,0,0,0,0,1,0,1,0,1,2,0,0,0,0,0,0,272,0.001,0.001,0.006
1881,0.648,0.53,0.001,0.002,0.056,0,0,,0,,,,0,,,,,0,0,0,0,0,0,0,0,1,0,1,0,1,2,0,0,0,0,0,0,272,0,0,0.003
1882,0.903,0.807,0,0.002,0.041,0,0,,0,,,,0,,,,,0,0,0,0,0,0,0,0,1,0,1,0,1,2,0,0,0,0,0,0,272,0,0.001,0.003
1883,2.006,1.792,0,0.002,0.055,0,0,,0,,,,0,,,,,0,0,0,0,0,0,0,0,1,0,1,0,1,2,0,0,0,0,0,0,272,0,0,0.004
1884,0.48,0.281,0,0.004,0.071,0,0,,0,,,,0,,,,,0,0,0,0,0,0,0,0,1,0,1,0,1,2,0,0,0,0,0,0,272,0,0.001,0.007
1885,0.585,0.447,0,0.002,0.06,0,0,,0,,,,0,,,,,0,0,0,0,0,0,0,0,1,0,1,0,1,2,0,0,0,0,0,0,272,0.001,0,0.003
1886,0.703,0.589,0,0.002,0.053,0,0,,0,,,,0,,,,,0,0,0,0,0,0,0,0,1,0,1,0,1,2,0,0,0,0,0,0,272,0,0.001,0.003
1887,0.685,0.573,0,0.001,0.06,0,0,,0,,,,0,,,,,0,0,0,0,0,0,0,0,1,0,1,0,1,2,0,0,0,0,0,0,272,0.001,0,0.003
1888,0.788,0.602,0.001,0.003,0.081,0,0,,0,,,,0,,,,,0,0,0,0,0,0,0,0,1,0,1,0,1,2,0,0,0,0,0,0,272,0,0.001,0.005
1889,0.652,0.552,0,0.002,0.034,0,0,,0,,,,0,,,,,0,0,0,0,0,0,0,0,1,0,1,0,1,2,0,0,0,0,0,0,272,0,0.001,0.003
1890,1.192,1.042,0,0.003,0.061,0,0,,1,1093.75,230125568,286654464,1,62503872,62503872,135081984,38823561584,0,0,0,0,0,0,0,0,1,0,1,0,1,2,0,0,0,0,0,0,272,0,0.001,0.005
1891,0.565,0.452,0,0.001,0.054,0,0,,0,,,,0,,,,,0,0,0,0,0,0,0,0,1,0,1,0,1,2,0,0,0,0,0,0,272,0,0,0.003
1892,0.766,0.652,0,0.001,0.054,0,0,,0,,,,0,,,,,0,0,0,0,0,0,0,0,1,0,1,0,1,2,0,0,0,0,0,0,272,0.001,0,0.004
1893,0.725,0.607,0,0.002,0.059,0,0,,0,,,,0,,,,,0,0,0,0,0,0,0,0,1,0,1,0,1,2,0,0,0,0,0,0,272,0,0.001,0.003
1894,0.799,0.592,0,0.003,0.106,0,0,,0,,,,0,,,,,0,0,0,0,0,0,0,0,1,0,1,0,1,2,0,0,0,0,0,0,272,0,0.001,0.005
1895,0.608,0.495,0,0.003,0.034,0,0,,0,,,,0,,,,,0,0,0,0,0,0,0,0,1,0,1,0,1,2,0,0,0,0,0,0,272,0,0.001,0.004
1896,0.689,0.512,0,0.002,0.087,0,0,,0,,,,0,,,,,0,0,0,0,0,0,0,0,1,0,1,0,1,2,0,0,0,0,0,0,272,0,0.001,0.006
1897,0.503,0.356,0,0.005,0.039,0,0,,0,,,,0,,,,,0,0,0,0,0,0,0,0,1,0,1,0,1,2,0,0,0,0,0,0,272,0.001,0.001,0.006
1898,0.472,0.266,0.001,0.004,0.044,0,0,,0,,,,0,,,,,0,0,0,0,0,0,0,0,1,0,1,0,1,2,0,0,0,0,0,0,272,0.001,0.002,0.01
1899,0.978,0.822,0,0.003,0.071,0,0,,0,,,,0,,,,,0,0,0,0,0,0,0,0,1,0,1,0,1,2,0,0,0,0,0,0,272,0,0.001,0.005
1900,0.591,0.303,0,0.004,0.147,0,0,,0,,,,0,,,,,0,0,0,0,0,0,0,0,1,0,1,0,1,2,0,0,0,0,0,0,272,0,0.001,0.004
1901,0.356,0.223,0,0.003,0.041,0,0,,0,,,,0,,,,,0,0,0,0,0,0,0,0,1,0,1,0,1,2,0,0,0,0,0,0,272,0,0.001,0.005
1902,0.451,0.151,0,0.002,0.222,0,0,,0,,,,0,,,,,0,0,0,0,0,0,0,0,1,0,1,0,1,2,0,0,0,0,0,0,272,0,0,0.002
1903,0.32,0.179,0,0.002,0.059,0,0,,0,,,,0,,,,,0,0,0,0,0,0,0,0,1,0,1,0,1,2,0,0,0,0,0,0,272,0,0.001,0.004
1904,0.446,0.334,0,0.001,0.054,0,0,,0,,,,0,,,,,0,0,0,0,0,0,0,0,1,0,1,0,1,2,0,0,0,0,0,0,272,0,0,0.003
1905,0.471,0.375,0,0.001,0.04,0,0,,0,,,,0,,,,,0,0,0,0,0,0,0,0,1,0,1,0,1,2,0,0,0,0,0,0,272,0,0.001,0.003
1906,0.473,0.371,0,0.001,0.045,0,0,,0,,,,0,,,,,0,0,0,0,0,0,0,0,1,0,1,0,1,2,0,0,0,0,0,0,272,0,0,0.003
1907,1.253,1.14,0,0.002,0.055,0,0,,0,,,,0,,,,,0,0,0,0,0,0,0,0,1,0,1,0,1,2,0,0,0,0,0,0,272,0,0,0.003
1908,0.467,0.351,0,0.001,0.059,0,0,,0,,,,0,,,,,0,0,0,0,0,0,0,0,1,0,1,0,1,2,0,0,0,0,0,0,272,0,0.001,0.002
1909,0.546,0.42,0.001,0.001,0.068,0,0,,0,,,,0,,,,,0,0,0,0,0,0,0,0,1,0,1,0,1,2,0,0,0,0,0,0,272,0,0.001,0.003
1910,0.466,0.344,0,0.002,0.064,0,0,,0,,,,0,,,,,0,0,0,0,0,0,0,0,1,0,1,0,1,2,0,0,0,0,0,0,272,0,0,0.003
1911,0.486,0.366,0,0.001,0.064,0,0,,0,,,,0,,,,,0,0,0,0,0,0,0,0,1,0,1,0,1,2,0,0,0,0,0,0,272,0,0,0.003
1912,0.501,0.368,0.001,0.001,0.074,0,0,,0,,,,0,,,,,0,0,0,0,0,0,0,0,1,0,1,0,1,2,0,0,0,0,0,0,272,0,0.001,0.003
1913,0.485,0.348,0,0.002,0.081,0,0,,0,,,,0,,,,,0,0,0,0,0,0,0,0,1,0,1,0,1,2,0,0,0,0,0,0,272,0,0,0.003
1914,0.489,0.35,0,0.002,0.066,0,0,,0,,,,0,,,,,0,0,0,0,0,0,0,0,1,0,1,0,1,2,0,0,0,0,0,0,272,0,0,0.005
1915,0.552,0.335,0.001,0.002,0.11,0,0,,0,,,,0,,,,,0,0,0,0,0,0,0,0,1,0,1,0,1,2,0,0,0,0,0,0,272,0,0.001,0.006
1916,0.925,0.731,0.001,0.003,0.08,0,0,,0,,,,0,,,,,0,0,0,0,0,0,0,0,1,0,1,0,1,2,0,0,0,0,0,0,272,0,0.001,0.006
1917,0.241,0.001,0,0.001,0.188,0,0,,0,,,,0,,,,,0,0,0,0,0,0,0,0,1,0,1,0,1,2,0,0,0,0,0,0,272,0,0,0.003
1918,0.53,0.409,0,0.002,0.057,0,0,,0,,,,0,,,,,0,0,0,0,0,0,0,0,1,0,1,0,1,2,0,0,0,0,0,0,272,0,0.001,0.003
1919,0.481,0.361,0,0.001,0.061,0,0,,0,,,,0,,,,,0,0,0,0,0,0,0,0,1,0,1,0,1,2,0,0,0,0,0,0,272,0.001,0,0.003
1920,0.467,0.367,0,0.002,0.028,0,0,,1,1109.375,230125568,286654464,1,62503872,62503872,135081984,38823561584,0,0,0,0,0,0,0,0,1,0,1,0,1,2,0,0,0,0,0,0,272,0,0,0.004
1921,0.437,0.362,0,0.001,0.029,0,0,,0,,,,0,,,,,0,0,0,0,0,0,0,0,1,0,1,0,1,2,0,0,0,0,0,0,272,0,0,0.002
1922,0.577,0.445,0,0.002,0.064,0,0,,0,,,,0,,,,,0,0,0,0,0,0,0,0,1,0,1,0,1,2,0,0,0,0,0,0,272,0.001,0.001,0.003
1923,0.451,0.329,0,0.001,0.062,0,0,,0,,,,0,,,,,0,0,0,0,0,0,0,0,1,0,1,0,1,2,0,0,0,0,0,0,272,0.001,0,0.003
1924,0.611,0.374,0,0.003,0.117,0,0,,0,,,,0,,,,,0,0,0,0,0,0,0,0,1,0,1,0,1,2,0,0,0,0,0,0,272,0,0.001,0.005
1925,0.394,0.222,0,0.002,0.093,0,0,,0,,,,0,,,,,0,0,0,0,0,0,0,0,1,0,1,0,1,2,0,0,0,0,0,0,272,0,0.001,0.004
1926,0.514,0.341,0,0.003,0.068,0,0,,0,,,,0,,,,,0,0,0,0,0,0,0,0,1,0,1,0,1,2,0,0,0,0,0,0,272,0,0,0.005
1927,0.439,0.309,0,0.002,0.049,0,0,,0,,,,0,,,,,0,0,0,0,0,0,0,0,1,0,1,0,1,2,0,0,0,0,0,0,272,0,0.001,0.004
1928,0.476,0.371,0.001,0.002,0.035,0,0,,0,,,,0,,,,,0,0,0,0,0,0,0,0,1,0,1,0,1,2,0,0,0,0,0,0,272,0,0.001,0.003
1929,0.611,0.421,0,0.002,0.113,0,0,,0,,,,0,,,,,0,0,0,0,0,0,0,0,1,0,1,0,1,2,0,0,0,0,0,0,272,0,0.001,0.005
1930,0.769,0.631,0,0.002,0.056,0,0,,0,,,,0,,,,,0,0,0,0,0,0,0,0,1,0,1,0,1,2,0,0,0,0,0,0,272,0,0.001,0.005
1931,0.738,0.573,0.001,0.002,0.058,0,0,,0,,,,0,,,,,0,0,0,0,0,0,0,0,1,0,1,0,1,2,0,0,0,0,0,0,272,0,0.001,0.005
1932,0.497,0.33,0,0.004,0.06,0,0,,0,,,,0,,,,,0,0,0,0,0,0,0,0,1,0,1,0,1,2,0,0,0,0,0,0,272,0,0.001,0.006
1933,0.415,0.31,0,0.002,0.042,0,0,,0,,,,0,,,,,0,0,0,0,0,0,0,0,1,0,1,0,1,2,0,0,0,0,0,0,272,0,0.001,0.003
1934,0.501,0.378,0,0.002,0.062,0,0,,0,,,,0,,,,,0,0,0,0,0,0,0,0,1,0,1,0,1,2,0,0,0,0,0,0,272,0,0.001,0.003
1935,0.471,0.367,0,0.001,0.044,0,0,,0,,,,0,,,,,0,0,0,0,0,0,0,0,1,0,1,0,1,2,0,0,0,0,0,0,272,0.001,0,0.003
1936,0.437,0.352,0,0.001,0.042,0,0,,0,,,,0,,,,,0,0,0,0,0,0,0,0,1,0,1,0,1,2,0,0,0,0,0,0,272,0.001,0,0.002
1937,1.263,1.149,0,0.001,0.056,0,0,,0,,,,0,,,,,0,0,0,0,0,0,0,0,1,0,1,0,1,2,0,0,0,0,0,0,272,0.001,0,0.003
1938,0.597,0.364,0,0.002,0.162,0,0,,0,,,,0,,,,,0,0,0,0,0,0,0,0,1,0,1,0,1,2,0,0,0,0,0,0,272,0,0.001,0.004
1939,0.322,0.243,0,0.002,0.032,0,0,,0,,,,0,,,,,0,0,0,0,0,0,0,0,1,0,1,0,1,2,0,0,0,0,0,0,272,0,0.001,0.002
1940,0.532,0.413,0,0.002,0.053,0,0,,0,,,,0,,,,,0,0,0,0,0,0,0,0,1,0,1,0,1,2,0,0,0,0,0,0,272,0.001,0,0.003
1941,0.491,0.366,0,0.001,0.065,0,0,,0,,,,0,,,,,0,0,0,0,0,0,0,0,1,0,1,0,1,2,0,0,0,0,0,0,272,0,0.001,0.003
1942,0.501,0.386,0,0.001,0.056,0,0,,0,,,,0,,,,,0,0,0,0,0,0,0,0,1,0,1,0,1,2,0,0,0,0,0,0,272,0,0,0.003
1943,0.093,0.001,0,0.002,0.033,0,0,,0,,,,0,,,,,0,0,0,0,0,0,0,0,1,0,1,0,1,2,0,0,0,0,0,0,272,0.001,0,0.004
1944,0.672,0.486,0,0.004,0.078,0,0,,0,,,,0,,,,,0,0,0,0,0,0,0,0,1,0,1,0,1,2,0,0,0,0,0,0,272,0,0,0.005
1945,0.28,0.001,0,0.001,0.232,0,0,,0,,,,0,,,,,0,0,0,0,0,0,0,0,1,0,1,0,1,2,0,0,0,0,0,0,272,0,0.001,0.002
1946,0.262,0.17,0.001,0.001,0.052,0,0,,0,,,,0,,,,,0,0,0,0,0,0,0,0,1,0,1,0,1,2,0,0,0,0,0,0,272,0,0.001,0.002
1947,1.036,0.861,0,0.003,0.078,0,0,,0,,,,0,,,,,0,0,0,0,0,0,0,0,1,0,1,0,1,2,0,0,0,0,0,0,272,0.001,0.001,0.004
1948,0.474,0.337,0,0.002,0.067,0,0,,0,,,,0,,,,,0,0,0,0,0,0,0,0,1,0,1,0,1,2,0,0,0,0,0,0,272,0,0,0.004
1949,0.47,0.346,0,0.002,0.063,0,0,,0,,,,0,,,,,0,0,0,0,0,0,0,0,1,0,1,0,1,2,0,0,0,0,0,0,272,0,0,0.003
1950,0.476,0.355,0,0.001,0.061,0,0,,1,1109.375,230125568,286654464,1,62503872,62503872,135081984,38823561584,0,0,0,0,0,0,0,0,1,0,1,0,1,2,0,0,0,0,0,0,272,0,0,0.003
1951,0.42,0.325,0,0.002,0.028,0,0,,0,,,,0,,,,,0,0,0,0,0,0,0,0,1,0,1,0,1,2,0,0,0,0,0,0,272,0,0.001,0.003
1952,0.478,0.406,0,0.001,0.03,0,0,,0,,,,0,,,,,0,0,0,0,0,0,0,0,1,0,1,0,1,2,0,0,0,0,0,0,272,0,0.001,0.002
1953,0.551,0.422,0,0.001,0.065,0,0,,0,,,,0,,,,,0,0,0,0,0,0,0,0,1,0,1,0,1,2,0,0,0,0,0,0,272,0,0,0.003
1954,0.451,0.347,0,0.001,0.046,0,0,,0,,,,0,,,,,0,0,0,0,0,0,0,0,1,0,1,0,1,2,0,0,0,0,0,0,272,0,0.001,0.003
1955,0.189,0.095,0.001,0.002,0.039,0,0,,0,,,,0,,,,,0,0,0,0,0,0,0,0,1,0,1,0,1,2,0,0,0,0,0,0,272,0,0.001,0.002
1956,0.515,0.392,0,0.002,0.058,0,0,,0,,,,0,,,,,0,0,0,0,0,0,0,0,1,0,1,0,1,2,0,0,0,0,0,0,272,0,0.001,0.003
1957,0.575,0.466,0,0.002,0.031,0,0,,0,,,,0,,,,,0,0,0,0,0,0,0,0,1,0,1,0,1,2,0,0,0,0,0,0,272,0,0.001,0.004
1958,0.624,0.531,0.001,0.001,0.034,0,0,,0,,,,0,,,,,0,0,0,0,0,0,0,0,1,0,1,0,1,2,0,0,0,0,0,0,272,0,0.001,0.003
1959,1.477,1.304,0,0.003,0.072,0,0,,0,,,,0,,,,,0,0,0,0,0,0,0,0,1,0,1,0,1,2,0,0,0,0,0,0,272,0.001,0.001,0.007
1960,0.716,0.541,0,0.002,0.059,0,0,,0,,,,0,,,,,0,0,0,0,0,0,0,0,1,0,1,0,1,2,0,0,0,0,0,0,272,0,0.001,0.034
1961,0.674,0.545,0.001,0.002,0.045,0,0,,0,,,,0,,,,,0,0,0,0,0,0,0,0,1,0,1,0,1,2,0,0,0,0,0,0,272,0,0,0.005
1962,0.601,0.495,0,0.001,0.045,0,0,,0,,,,0,,,,,0,0,0,0,0,0,0,0,1,0,1,0,1,2,0,0,0,0,0,0,272,0,0.001,0.003
1963,1.685,1.481,0,0.002,0.093,0,0,,0,,,,0,,,,,0,0,0,0,0,0,0,0,1,0,1,0,1,2,0,0,0,0,0,0,272,0.001,0.001,0.006
1964,0.63,0.491,0.001,0.002,0.071,0,0,,0,,,,0,,,,,0,0,0,0,0,0,0,0,1,0,1,0,1,2,0,0,0,0,0,0,272,0,0.001,0.004
1965,0.677,0.545,0,0.001,0.071,0,0,,0,,,,0,,,,,0,0,0,0,0,0,0,0,1,0,1,0,1,2,0,0,0,0,0,0,272,0,0,0.003
1966,0.692,0.563,0.001,0.001,0.069,0,0,,0,,,,0,,,,,0,0,0,0,0,0,0,0,1,0,1,0,1,2,0,0,0,0,0,0,272,0,0.001,0.003
1967,0.705,0.556,0,0.003,0.054,0,0,,0,,,,0,,,,,0,0,0,0,0,0,0,0,1,0,1,0,1,2,0,0,0,0,0,0,272,0,0.001,0.005
1968,0.683,0.533,0,0.004,0.065,0,0,,0,,,,0,,,,,0,0,0,0,0,0,0,0,1,0,1,0,1,2,0,0,0,0,0,0,272,0,0.001,0.005
1969,0.714,0.54,0,0.002,0.073,0,0,,0,,,,0,,,,,0,0,0,0,0,0,0,0,1,0,1,0,1,2,0,0,0,0,0,0,272,0,0,0.003
1970,1.328,1.183,0,0.002,0.069,0,0,,0,,,,0,,,,,0,0,0,0,0,0,0,0,1,0,1,0,1,2,0,0,0,0,0,0,272,0,0.001,0.004
1971,0.675,0.547,0.001,0.001,0.069,0,0,,0,,,,0,,,,,0,0,0,0,0,0,0,0,1,0,1,0,1,2,0,0,0,0,0,0,272,0,0.001,0.003
1972,0.752,0.624,0,0.001,0.069,0,0,,0,,,,0,,,,,0,0,0,0,0,0,0,0,1,0,1,0,1,2,0,0,0,0,0,0,272,0,0.001,0.003
1973,0.846,0.719,0,0.001,0.069,0,0,,0,,,,0,,,,,0,0,0,0,0,0,0,0,1,0,1,0,1,2,0,0,0,0,0,0,272,0.001,0,0.003
1974,0.687,0.562,0,0.001,0.067,0,0,,0,,,,0,,,,,0,0,0,0,0,0,0,0,1,0,1,0,1,2,0,0,0,0,0,0,272,0,0,0.004
1975,0.775,0.592,0.001,0.005,0.036,0,0,,0,,,,0,,,,,0,0,0,0,0,0,0,0,1,0,1,0,1,2,0,0,0,0,0,0,272,0.001,0.003,0.011
1976,0.604,0.478,0,0.002,0.047,0,0,,0,,,,0,,,,,0,0,0,0,0,0,0,0,1,0,1,0,1,2,0,0,0,0,0,0,272,0.001,0,0.005
1977,0.729,0.573,0,0.002,0.058,0,0,,0,,,,0,,,,,0,0,0,0,0,0,0,0,1,0,1,0,1,2,0,0,0,0,0,0,272,0.001,0.001,0.005
1978,0.829,0.654,0.001,0.002,0.05,0,0,,0,,,,0,,,,,0,0,0,0,0,0,0,0,1,0,1,0,1,2,0,0,0,0,0,0,272,0,0.001,0.005
1979,1.453,1.2,0,0.006,0.063,0,0,,0,,,,0,,,,,0,0,0,0,0,0,0,0,1,0,1,0,1,2,0,0,0,0,0,0,272,0.001,0.001,0.012
1980,0.546,0.389,0,0.003,0.067,0,0,,1,1140.625,230191104,286654464,1,62503872,62503872,135081984,38823561584,0,0,0,0,0,0,0,0,1,0,1,0,1,2,0,0,0,0,0,0,272,0.001,0.001,0.006
1981,0.746,0.565,0.001,0.004,0.053,0,0,,0,,,,0,,,,,0,0,0,0,0,0,0,0,1,0,1,0,1,2,0,0,0,0,0,0,272,0,0.002,0.008
1982,0.538,0.43,0,0.002,0.022,0,0,,0,,,,0,,,,,0,0,0,0,0,0,0,0,1,0,1,0,1,2,0,0,0,0,0,0,272,0,0,0.004
1983,1.438,1.401,0,0,0.014,0,0,,0,,,,0,,,,,0,0,0,0,0,0,0,0,1,0,1,0,1,2,0,0,0,0,0,0,272,0,0.001,0.001
1984,0.717,0.681,0,0,0.014,0,0,,0,,,,0,,,,,0,0,0,0,0,0,0,0,1,0,1,0,1,2,0,0,0,0,0,0,272,0,0,0.001
1985,1.242,1.117,0,0.002,0.052,0,0,,0,,,,0,,,,,0,0,0,0,0,0,0,0,1,0,1,0,1,2,0,0,0,0,0,0,272,0.001,0.001,0.004
1986,0.444,0.325,0,0.002,0.047,0,0,,0,,,,0,,,,,0,0,0,0,0,0,0,0,1,0,1,0,1,2,0,0,0,0,0,0,272,0,0.001,0.004
1987,0.754,0.673,0,0.002,0.028,0,0,,0,,,,0,,,,,0,0,0,0,0,0,0,0,1,0,1,0,1,2,0,0,0,0,0,0,272,0,0,0.003
1988,0.781,0.66,0.001,0.002,0.041,0,0,,0,,,,0,,,,,0,0,0,0,0,0,0,0,1,0,1,0,1,2,0,0,0,0,0,0,272,0,0.001,0.004
1989,0.721,0.639,0,0.002,0.028,0,0,,0,,,,0,,,,,0,0,0,0,0,0,0,0,1,0,1,0,1,2,0,0,0,0,0,0,272,0,0,0.003
1990,1.521,1.317,0,0.004,0.054,0,0,,0,,,,0,,,,,0,0,0,0,0,0,0,0,1,0,1,0,1,2,0,0,0,0,0,0,272,0,0.001,0.006
1991,0.687,0.575,0,0.003,0.029,0,0,,0,,,,0,,,,,0,0,0,0,0,0,0,0,1,0,1,0,1,2,0,0,0,0,0,0,272,0,0.001,0.004
1992,0.774,0.667,0,0.002,0.041,0,0,,0,,,,0,,,,,0,0,0,0,0,0,0,0,1,0,1,0,1,2,0,0,0,0,0,0,272,0,0,0.003
1993,0.753,0.668,0,0.001,0.041,0,0,,0,,,,0,,,,,0,0,0,0,0,0,0,0,1,0,1,0,1,2,0,0,0,0,0,0,272,0,0,0.002
1994,0.945,0.757,0,0.004,0.079,0,0,,0,,,,0,,,,,0,0,0,0,0,0,0,0,1,0,1,0,1,2,0,0,0,0,0,0,272,0.001,0.001,0.005
1995,0.62,0.511,0.001,0.003,0.029,0,0,,0,,,,0,,,,,0,0,0,0,0,0,0,0,1,0,1,0,1,2,0,0,0,0,0,0,272,0,0.001,0.005
1996,0.821,0.713,0,0.003,0.027,0,0,,0,,,,0,,,,,0,0,0,0,0,0,0,0,1,0,1,0,1,2,0,0,0,0,0,0,272,0,0.001,0.005
1997,1.035,0.843,0.001,0.004,0.059,0,0,,0,,,,0,,,,,0,0,0,0,0,0,0,0,1,0,1,0,1,2,0,0,0,0,0,0,272,0.001,0.001,0.007
1998,1.23,1.073,0,0.004,0.049,0,0,,0,,,,0,,,,,0,0,0,0,0,0,0,0,1,0,1,0,1,2,0,0,0,0,0,0,272,0.001,0.001,0.007
1999,1.158,0.934,0,0.005,0.062,0,0,,0,,,,0,,,,,0,0,0,0,0,0,0,0,1,0,1,0,1,2,0,0,0,0,0,0,272,0,0.002,0.007
2000,1.11,0.97,0,0.003,0.026,0,0,,0,,,,0,,,,,0,0,0,0,0,0,0,0,1,0,1,0,1,2,0,0,0,0,0,0,272,0,0.001,0.005
2001,1.729,1.561,0.001,0.003,0.061,0,0,,0,,,,0,,,,,0,0,0,0,0,0,0,0,1,0,1,0,1,2,0,0,0,0,0,0,272,0,0.002,0.006
2002,0.734,0.58,0,0.002,0.061,0,0,,0,,,,0,,,,,0,0,0,0,0,0,0,0,1,0,1,0,1,2,0,0,0,0,0,0,272,0.001,0.001,0.005
2003,0.386,0.258,0,0.003,0.048,0,0,,0,,,,0,,,,,0,0,0,0,0,0,0,0,1,0,1,0,1,2,0,0,0,0,0,0,272,0.001,0.001,0.004
2004,0.782,0.685,0,0.002,0.029,0,0,,0,,,,0,,,,,0,0,0,0,0,0,0,0,1,0,1,0,1,2,0,0,0,0,0,0,272,0,0.001,0.003
2005,0.972,0.773,0,0.003,0.073,0,0,,0,,,,0,,,,,0,0,0,0,0,0,0,0,1,0,1,0,1,2,0,0,0,0,0,0,272,0.001,0.001,0.007
2006,0.784,0.433,0,0.002,0.268,0,0,,0,,,,0,,,,,0,0,0,0,0,0,0,0,1,0,1,0,1,2,0,0,0,0,0,0,272,0,0,0.004
2007,0.506,0.367,0,0.003,0.042,0,0,,0,,,,0,,,,,0,0,0,0,0,0,0,0,1,0,1,0,1,2,0,0,0,0,0,0,272,0,0.001,0.005
2008,1.513,1.296,0,0.004,0.081,0,0,,0,,,,0,,,,,0,0,0,0,0,0,0,0,1,0,1,0,1,2,0,0,0,0,0,0,272,0.001,0.002,0.007
2009,0.666,0.563,0,0.002,0.027,0,0,,0,,,,0,,,,,0,0,0,0,0,0,0,0,1,0,1,0,1,2,0,0,0,0,0,0,272,0,0.001,0.004
2010,1.028,0.978,0,0.001,0.019,0,0,,1,1156.25,230191104,286654464,1,62503872,62503872,135081984,38823561584,0,0,0,0,0,0,0,0,1,0,1,0,1,2,0,0,0,0,0,0,272,0,0,0.002
2011,3.213,3.019,0,0.004,0.062,0,0,,0,,,,0,,,,,0,0,0,0,0,0,0,0,1,0,1,0,1,2,0,0,0,0,0,0,272,0.001,0.002,0.008
2012,2.939,2.715,0,0.006,0.056,0,0,,0,,,,0,,,,,0,0,0,0,0,0,0,0,1,0,1,0,1,2,0,0,0,0,0,0,272,0.001,0.001,0.011
2013,9.466,9.236,0,0.005,0.039,0,0,,0,,,,0,,,,,0,0,0,0,0,0,0,0,1,0,1,0,1,2,0,0,0,0,0,0,272,0.001,0.002,0.009
2014,0.605,0.434,0,0.004,0.042,0,0,,0,,,,0,,,,,0,0,0,0,0,0,0,0,1,0,1,0,1,2,0,0,0,0,0,0,272,0.001,0.002,0.007
2015,0.591,0.493,0,0.002,0.03,0,0,,0,,,,0,,,,,0,0,0,0,0,0,0,0,1,0,1,0,1,2,0,0,0,0,0,0,272,0,0.001,0.004
2016,0.786,0.596,0.001,0.003,0.067,0,0,,0,,,,0,,,,,0,0,0,0,0,0,0,0,1,0,1,0,1,2,0,0,0,0,0,0,272,0.001,0.002,0.006
2017,0.747,0.474,0,0.003,0.164,0,0,,0,,,,0,,,,,0,0,0,0,0,0,0,0,1,0,1,0,1,2,0,0,0,0,0,0,272,0.001,0.001,0.004
2018,0.687,0.414,0,0.003,0.172,0,0,,0,,,,0,,,,,0,0,0,0,0,0,0,0,1,0,1,0,1,2,0,0,0,0,0,0,272,0,0.001,0.005
2019,0.613,0.397,0.001,0.004,0.062,0,0,,0,,,,0,,,,,0,0,0,0,0,0,0,0,1,0,1,0,1,2,0,0,0,0,0,0,272,0.001,0.002,0.007
2020,1.263,1.071,0,0.003,0.067,0,0,,0,,,,0,,,,,0,0,0,0,0,0,0,0,1,0,1,0,1,2,0,0,0,0,0,0,272,0,0.001,0.007
2021,0.539,0.419,0,0.003,0.044,0,0,,0,,,,0,,,,,0,0,0,0,0,0,0,0,1,0,1,0,1,2,0,0,0,0,0,0,272,0,0.001,0.005
2022,0.72,0.557,0,0.003,0.076,0,0,,0,,,,0,,,,,0,0,0,0,0,0,0,0,1,0,1,0,1,2,0,0,0,0,0,0,272,0,0,0.005
2023,0.585,0.493,0,0.002,0.041,0,0,,0,,,,0,,,,,0,0,0,0,0,0,0,0,1,0,1,0,1,2,0,0,0,0,0,0,272,0,0.001,0.003
2024,0.806,0.677,0,0.003,0.028,0,0,,0,,,,0,,,,,0,0,0,0,0,0,0,0,1,0,1,0,1,2,0,0,0,0,0,0,272,0.001,0.001,0.005
2025,1.024,0.913,0,0.003,0.039,0,0,,0,,,,0,,,,,0,0,0,0,0,0,0,0,1,0,1,0,1,2,0,0,0,0,0,0,272,0,0.001,0.004
2026,0.826,0.654,0.001,0.003,0.045,0,0,,0,,,,0,,,,,0,0,0,0,0,0,0,0,1,0,1,0,1,2,0,0,0,0,0,0,272,0.001,0.001,0.005
2027,1.084,0.964,0,0.002,0.051,0,0,,0,,,,0,,,,,0,0,0,0,0,0,0,0,1,0,1,0,1,2,0,0,0,0,0,0,272,0.001,0.001,0.003
2028,0.616,0.523,0,0.001,0.054,0,0,,0,,,,0,,,,,0,0,0,0,0,0,0,0,1,0,1,0,1,2,0,0,0,0,0,0,272,0,0,0.002
2029,0.726,0.569,0,0.001,0.081,0,0,,0,,,,0,,,,,0,0,0,0,0,0,0,0,1,0,1,0,1,2,0,0,0,0,0,0,272,0,0,0.003
2030,0.625,0.515,0.001,0.003,0.045,0,0,,0,,,,0,,,,,0,0,0,0,0,0,0,0,1,0,1,0,1,2,0,0,0,0,0,0,272,0,0,0.002
2031,0.711,0.549,0,0.003,0.067,0,0,,0,,,,0,,,,,0,0,0,0,0,0,0,0,1,0,1,0,1,2,0,0,0,0,0,0,272,0,0.001,0.006
2032,1.378,1.258,0,0.004,0.035,0,0,,0,,,,0,,,,,0,0,0,0,0,0,0,0,1,0,1,0,1,2,0,0,0,0,0,0,272,0.001,0.001,0.005
2033,0.711,0.564,0,0.003,0.043,0,0,,0,,,,0,,,,,0,0,0,0,0,0,0,0,1,0,1,0,1,2,0,0,0,0,0,0,272,0.001,0.001,0.005
2034,0.534,0.473,0,0.001,0.022,0,0,,0,,,,0,,,,,0,0,0,0,0,0,0,0,1,0,1,0,1,2,0,0,0,0,0,0,272,0,0,0.002
2035,0.701,0.647,0,0.001,0.022,0,0,,0,,,,0,,,,,0,0,0,0,0,0,0,0,1,0,1,0,1,2,0,0,0,0,0,0,272,0,0,0.001
2036,0.869,0.639,0,0.003,0.035,0,0,,0,,,,0,,,,,0,0,0,0,0,0,0,0,1,0,1,0,1,2,0,0,0,0,0,0,272,0,0.001,0.005
2037,0.509,0.364,0,0.003,0.043,0,0,,0,,,,0,,,,,0,0,0,0,0,0,0,0,1,0,1,0,1,2,0,0,0,0,0,0,272,0,0,0.004
2038,0.583,0.498,0,0.001,0.04,0,0,,0,,,,0,,,,,0,0,0,0,0,0,0,0,1,0,1,0,1,2,0,0,0,0,0,0,272,0,0,0.003
2039,0.771,0.579,0,0.004,0.055,0,0,,0,,,,0,,,,,0,0,0,0,0,0,0,0,1,0,1,0,1,2,0,0,0,0,0,0,272,0.001,0.002,0.006
2040,0.564,0.422,0.001,0.002,0.052,0,0,,1,1156.25,230191104,286654464,1,62503872,62503872,135081984,38823561584,0,0,0,0,0,0,0,0,1,0,1,0,1,2,0,0,0,0,0,0,272,0,0,0.004
2041,3.163,2.957,0,0.004,0.087,0,0,,0,,,,0,,,,,0,0,0,0,0,0,0,0,1,0,1,0,1,2,0,0,0,0,0,0,272,0,0.001,0.007
2042,1.587,1.426,0.001,0.003,0.048,0,0,,0,,,,0,,,,,0,0,0,0,0,0,0,0,1,0,1,0,1,2,0,0,0,0,0,0,272,0,0.001,0.006
2043,3.392,3.278,0,0.002,0.044,0,0,,0,,,,0,,,,,0,0,0,0,0,0,0,0,1,0,1,0,1,2,0,0,0,0,0,0,272,0,0,0.004
2044,3.507,3.391,0.001,0.003,0.031,0,0,,0,,,,0,,,,,0,0,0,0,0,0,0,0,1,0,1,0,1,2,0,0,0,0,0,0,272,0,0.001,0.006
2045,2.068,1.837,0,0.004,0.085,0,0,,0,,,,0,,,,,0,0,0,0,0,0,0,0,1,0,1,0,1,2,0,0,0,0,0,0,272,0.001,0.001,0.006
2046,2.079,1.901,0.001,0.004,0.052,0,0,,0,,,,0,,,,,0,0,0,0,0,0,0,0,1,0,1,0,1,2,0,0,0,0,0,0,272,0.001,0.002,0.006
2047,2.496,2.145,0.001,0.005,0.038,0,0,,0,,,,0,,,,,0,0,0,0,0,0,0,0,1,0,1,0,1,2,0,0,0,0,0,0,272,0,0.002,0.009
2048,3.845,3.659,0,0.004,0.051,0,0,,0,,,,0,,,,,0,0,0,0,0,0,0,0,1,0,1,0,1,2,0,0,0,0,0,0,272,0,0.001,0.009
2049,5.898,5.707,0,0.005,0.049,0,0,,0,,,,0,,,,,0,0,0,0,0,0,0,0,1,0,1,0,1,2,0,0,0,0,0,0,272,0,0.002,0.009
2050,0.763,0.668,0,0.001,0.038,0,0,,0,,,,0,,,,,0,0,0,0,0,0,0,0,1,0,1,0,1,2,0,0,0,0,0,0,272,0,0,0.002
2051,0.653,0.468,0.001,0.003,0.059,0,0,,0,,,,0,,,,,0,0,0,0,0,0,0,0,1,0,1,0,1,2,0,0,0,0,0,0,272,0.001,0.002,0.005
2052,0.485,0.397,0,0.002,0.039,0,0,,0,,,,0,,,,,0,0,0,0,0,0,0,0,1,0,1,0,1,2,0,0,0,0,0,0,272,0,0,0.003
2053,0.744,0.635,0,0.003,0.039,0,0,,0,,,,0,,,,,0,0,0,0,0,0,0,0,1,0,1,0,1,2,0,0,0,0,0,0,272,0,0.001,0.004
2054,0.976,0.565,0,0.002,0.337,0,0,,0,,,,0,,,,,0,0,0,0,0,0,0,0,1,0,1,0,1,2,0,0,0,0,0,0,272,0,0,0.004
2055,0.457,0.261,0,0.004,0.098,0,0,,0,,,,0,,,,,0,0,0,0,0,0,0,0,1,0,1,0,1,2,0,0,0,0,0,0,272,0,0.001,0.005
2056,1.202,0.413,0,0.003,0.671,0,0,,0,,,,0,,,,,0,0,0,0,0,0,0,0,1,0,1,0,1,2,0,0,0,0,0,0,272,0,0.001,0.007
2057,0.801,0.581,0.001,0.004,0.062,0,0,,0,,,,0,,,,,0,0,0,0,0,0,0,0,1,0,1,0,1,2,0,0,0,0,0,0,272,0.001,0.002,0.008
2058,0.454,0.328,0.001,0.002,0.056,0,0,,0,,,,0,,,,,0,0,0,0,0,0,0,0,1,0,1,0,1,2,0,0,0,0,0,0,272,0.001,0,0.003
2059,0.631,0.492,0.001,0.003,0.04,0,0,,0,,,,0,,,,,0,0,0,0,0,0,0,0,1,0,1,0,1,2,0,0,0,0,0,0,272,0.001,0.001,0.005
2060,0.675,0.534,0,0.004,0.038,0,0,,0,,,,0,,,,,0,0,0,0,0,0,0,0,1,0,1,0,1,2,0,0,0,0,0,0,272,0,0.002,0.006
2061,0.553,0.472,0,0.002,0.032,0,0,,0,,,,0,,,,,0,0,0,0,0,0,0,0,1,0,1,0,1,2,0,0,0,0,0,0,272,0,0.001,0.002
2062,1.485,1.355,0,0.003,0.053,0,0,,0,,,,0,,,,,0,0,0,0,0,0,0,0,1,0,1,0,1,2,0,0,0,0,0,0,272,0.001,0.001,0.004
2063,0.594,0.502,0,0.001,0.046,0,0,,0,,,,0,,,,,0,0,0,0,0,0,0,0,1,0,1,0,1,2,0,0,0,0,0,0,272,0.001,0,0.003
2064,0.643,0.556,0,0.001,0.046,0,0,,0,,,,0,,,,,0,0,0,0,0,0,0,0,1,0,1,0,1,2,0,0,0,0,0,0,272,0,0,0.001
2065,0.653,0.564,0,0.001,0.048,0,0,,0,,,,0,,,,,0,0,0,0,0,0,0,0,1,0,1,0,1,2,0,0,0,0,0,0,272,0,0.001,0.002
2066,0.645,0.561,0,0.001,0.044,0,0,,0,,,,0,,,,,0,0,0,0,0,0,0,0,1,0,1,0,1,2,0,0,0,0,0,0,272,0,0.001,0.002
2067,0.692,0.571,0.001,0.002,0.045,0,0,,0,,,,0,,,,,0,0,0,0,0,0,0,0,1,0,1,0,1,2,0,0,0,0,0,0,272,0,0.001,0.004
2068,0.629,0.527,0.001,0.001,0.049,0,0,,0,,,,0,,,,,0,0,0,0,0,0,0,0,1,0,1,0,1,2,0,0,0,0,0,0,272,0,0,0.003
2069,1.244,1.135,0,0.002,0.037,0,0,,0,,,,0,,,,,0,0,0,0,0,0,0,0,1,0,1,0,1,2,0,0,0,0,0,0,272,0,0,0.005
2070,0.71,0.584,0,0.003,0.046,0,0,,1,1156.25,230166528,286642176,1,62503872,62503872,135081984,38823561584,0,0,0,0,0,0,0,0,1,0,1,0,1,2,0,0,0,0,0,0,272,0.001,0.001,0.004
2071,0.59,0.499,0,0.001,0.044,0,0,,0,,,,0,,,,,0,0,0,0,0,0,0,0,1,0,1,0,1,2,0,0,0,0,0,0,272,0,0.001,0.003
2072,0.689,0.563,0,0.002,0.054,0,0,,0,,,,0,,,,,0,0,0,0,0,0,0,0,1,0,1,0,1,2,0,0,0,0,0,0,272,0,0.001,0.004
2073,0.608,0.522,0,0.001,0.041,0,0,,0,,,,0,,,,,0,0,0,0,0,0,0,0,1,0,1,0,1,2,0,0,0,0,0,0,272,0,0,0.002
2074,0.642,0.557,0.001,0.001,0.043,0,0,,0,,,,0,,,,,0,0,0,0,0,0,0,0,1,0,1,0,1,2,0,0,0,0,0,0,272,0,0,0.002
2075,0.691,0.568,0,0.003,0.035,0,0,,0,,,,0,,,,,0,0,0,0,0,0,0,0,1,0,1,0,1,2,0,0,0,0,0,0,272,0,0.001,0.004
2076,0.638,0.53,0.001,0.002,0.043,0,0,,0,,,,0,,,,,0,0,0,0,0,0,0,0,1,0,1,0,1,2,0,0,0,0,0,0,272,0,0.001,0.004
2077,0.674,0.544,0,0.003,0.047,0,0,,0,,,,0,,,,,0,0,0,0,0,0,0,0,1,0,1,0,1,2,0,0,0,0,0,0,272,0,0.001,0.004
2078,0.697,0.503,0,0.004,0.045,0,0,,0,,,,0,,,,,0,0,0,0,0,0,0,0,1,0,1,0,1,2,0,0,0,0,0,0,272,0.001,0.001,0.008
2079,1.624,1.177,0,0.004,0.101,0,0,,0,,,,0,,,,,0,0,0,0,0,0,0,0,1,0,1,0,1,2,0,0,0,0,0,0,272,0.001,0.002,0.013
2080,0.795,0.062,0,0.003,0.66,0,0,,0,,,,0,,,,,0,0,0,0,0,0,0,0,1,0,1,0,1,2,0,0,0,0,0,0,272,0,0,0.004
2081,0.389,0.001,0,0.003,0.286,0,0,,0,,,,0,,,,,0,0,0,0,0,0,0,0,1,0,1,0,1,2,0,0,0,0,0,0,272,0,0.001,0.006
2082,0.355,0.001,0.001,0.002,0.271,0,0,,0,,,,0,,,,,0,0,0,0,0,0,0,0,1,0,1,0,1,2,0,0,0,0,0,0,272,0,0.001,0.004
2083,0.24,0.147,0,0.002,0.036,0,0,,0,,,,0,,,,,0,0,0,0,0,0,0,0,1,0,1,0,1,2,0,0,0,0,0,0,272,0,0,0.003
2084,0.642,0.514,0,0.002,0.038,0,0,,0,,,,0,,,,,0,0,0,0,0,0,0,0,1,0,1,0,1,2,0,0,0,0,0,0,272,0,0.001,0.004
2085,0.603,0.464,0.001,0.002,0.055,0,0,,0,,,,0,,,,,0,0,0,0,0,0,0,0,1,0,1,0,1,2,0,0,0,0,0,0,272,0.001,0,0.004
2086,1.386,1.272,0,0.002,0.051,0,0,,0,,,,0,,,,,0,0,0,0,0,0,0,0,1,0,1,0,1,2,0,0,0,0,0,0,272,0,0.001,0.003
2087,0.725,0.571,0.001,0.002,0.074,0,0,,0,,,,0,,,,,0,0,0,0,0,0,0,0,1,0,1,0,1,2,0,0,0,0,0,0,272,0,0.001,0.004
2088,0.452,0.379,0,0.001,0.034,0,0,,0,,,,0,,,,,0,0,0,0,0,0,0,0,1,0,1,0,1,2,0,0,0,0,0,0,272,0,0,0.002
2089,0.819,0.635,0.001,0.002,0.087,0,0,,0,,,,0,,,,,0,0,0,0,0,0,0,0,1,0,1,0,1,2,0,0,0,0,0,0,272,0,0.001,0.005
2090,0.6,0.419,0.001,0.002,0.087,0,0,,0,,,,0,,,,,0,0,0,0,0,0,0,0,1,0,1,0,1,2,0,0,0,0,0,0,272,0,0.001,0.005
2091,0.698,0.474,0,0.004,0.092,0,0,,0,,,,0,,,,,0,0,0,0,0,0,0,0,1,0,1,0,1,2,0,0,0,0,0,0,272,0,0.001,0.007
2092,0.554,0.39,0.001,0.003,0.037,0,0,,0,,,,0,,,,,0,0,0,0,0,0,0,0,1,0,1,0,1,2,0,0,0,0,0,0,272,0.001,0.002,0.006
2093,1.118,0.918,0,0.004,0.062,0,0,,0,,,,0,,,,,0,0,0,0,0,0,0,0,1,0,1,0,1,2,0,0,0,0,0,0,272,0.001,0.002,0.007
2094,0.648,0.513,0,0.002,0.047,0,0,,0,,,,0,,,,,0,0,0,0,0,0,0,0,1,0,1,0,1,2,0,0,0,0,0,0,272,0.001,0,0.004
2095,0.433,0.322,0,0.002,0.034,0,0,,0,,,,0,,,,,0,0,0,0,0,0,0,0,1,0,1,0,1,2,0,0,0,0,0,0,272,0.001,0.001,0.004
2096,0.677,0.539,0,0.002,0.059,0,0,,0,,,,0,,,,,0,0,0,0,0,0,0,0,1,0,1,0,1,2,0,0,0,0,0,0,272,0,0.001,0.004
2097,0.66,0.489,0,0.002,0.085,0,0,,0,,,,0,,,,,0,0,0,0,0,0,0,0,1,0,1,0,1,2,0,0,0,0,0,0,272,0,0,0.004
2098,0.859,0.681,0.001,0.003,0.068,0,0,,0,,,,0,,,,,0,0,0,0,0,0,0,0,1,0,1,0,1,2,0,0,0,0,0,0,272,0,0.001,0.004
2099,0.445,0.241,0.001,0.003,0.092,0,0,,0,,,,0,,,,,0,0,0,0,0,0,0,0,1,0,1,0,1,2,0,0,0,0,0,0,272,0.001,0.001,0.006
2100,0.394,0.003,0.001,0.004,0.25,0,0,,1,1171.875,230166528,286642176,1,62503872,62503872,135081984,38823561584,0,0,0,0,0,0,0,0,1,0,1,0,1,2,0,0,0,0,0,0,272,0,0.001,0.009
2101,0.29,0.003,0.001,0.007,0.077,0,0,,0,,,,0,,,,,0,0,0,0,0,0,0,0,1,0,1,0,1,2,0,0,0,0,0,0,272,0.001,0.002,0.012
2102,2.328,2.003,0.001,0.006,0.113,0,0,,0,,,,0,,,,,0,0,0,0,0,0,0,0,1,0,1,0,1,2,0,0,0,0,0,0,272,0.001,0.002,0.009
2103,0.723,0.167,0,0.005,0.392,0,0,,0,,,,0,,,,,0,0,0,0,0,0,0,0,1,0,1,0,1,2,0,0,0,0,0,0,272,0,0.002,0.005
2104,1.283,1.122,0,0.004,0.048,0,0,,0,,,,0,,,,,0,0,0,0,0,0,0,0,1,0,1,0,1,2,0,0,0,0,0,0,272,0,0.001,0.007
2105,1.355,1.205,0,0.003,0.051,0,0,,0,,,,0,,,,,0,0,0,0,0,0,0,0,1,0,1,0,1,2,0,0,0,0,0,0,272,0,0.001,0.006
2106,1.365,1.182,0.001,0.004,0.046,0,0,,0,,,,0,,,,,0,0,0,0,0,0,0,0,1,0,1,0,1,2,0,0,0,0,0,0,272,0.001,0.001,0.006
2107,2.853,2.669,0,0.005,0.039,0,0,,0,,,,0,,,,,0,0,0,0,0,0,0,0,1,0,1,0,1,2,0,0,0,0,0,0,272,0.001,0.001,0.006
2108,2.597,2.395,0,0.005,0.059,0,0,,0,,,,0,,,,,0,0,0,0,0,0,0,0,1,0,1,0,1,2,0,0,0,0,0,0,272,0,0.001,0.007
2109,1.464,1.301,0,0.002,0.052,0,0,,0,,,,0,,,,,0,0,0,0,0,0,0,0,1,0,1,0,1,2,0,0,0,0,0,0,272,0,0.001,0.002
2110,1.785,1.557,0,0.006,0.043,0,0,,0,,,,0,,,,,0,0,0,0,0,0,0,0,1,0,1,0,1,2,0,0,0,0,0,0,272,0,0.002,0.009
2111,1.445,1.221,0,0.003,0.075,0,0,,0,,,,0,,,,,0,0,0,0,0,0,0,0,1,0,1,0,1,2,0,0,0,0,0,0,272,0,0.001,0.005
2112,3.136,2.901,0.001,0.006,0.055,0,0,,0,,,,0,,,,,0,0,0,0,0,0,0,0,1,0,1,0,1,2,0,0,0,0,0,0,272,0,0.002,0.01
2113,2.082,1.927,0.001,0.003,0.051,0,0,,0,,,,0,,,,,0,0,0,0,0,0,0,0,1,0,1,0,1,2,0,0,0,0,0,0,272,0.001,0.001,0.007
2114,3.284,3.125,0.001,0.002,0.06,0,0,,0,,,,0,,,,,0,0,0,0,0,0,0,0,1,0,1,0,1,2,0,0,0,0,0,0,272,0.001,0.002,0.006
2115,3.272,3.132,0,0.003,0.045,0,0,,0,,,,0,,,,,0,0,0,0,0,0,0,0,1,0,1,0,1,2,0,0,0,0,0,0,272,0.001,0.001,0.005
2116,1.842,1.672,0,0.003,0.07,0,0,,0,,,,0,,,,,0,0,0,0,0,0,0,0,1,0,1,0,1,2,0,0,0,0,0,0,272,0,0.001,0.006
2117,1.608,1.479,0,0.003,0.042,0,0,,0,,,,0,,,,,0,0,0,0,0,0,0,0,1,0,1,0,1,2,0,0,0,0,0,0,272,0,0.001,0.006
2118,2.301,2.132,0.001,0.004,0.053,0,0,,0,,,,0,,,,,0,0,0,0,0,0,0,0,1,0,1,0,1,2,0,0,0,0,0,0,272,0.001,0.001,0.006
2119,3.623,3.477,0,0.004,0.047,0,0,,0,,,,0,,,,,0,0,0,0,0,0,0,0,1,0,1,0,1,2,0,0,0,0,0,0,272,0.001,0.001,0.007
2120,4.67,4.496,0,0.004,0.066,0,0,,0,,,,0,,,,,0,0,0,0,0,0,0,0,1,0,1,0,1,2,0,0,0,0,0,0,272,0.001,0.001,0.006
2121,2.826,2.669,0,0.002,0.062,0,0,,0,,,,0,,,,,0,0,0,0,0,0,0,0,1,0,1,0,1,2,0,0,0,0,0,0,272,0.001,0.001,0.005
2122,0.952,0.828,0,0.002,0.06,0,0,,0,,,,0,,,,,0,0,0,0,0,0,0,0,1,0,1,0,1,2,0,0,0,0,0,0,272,0,0.001,0.003
2123,1.169,1.018,0,0.002,0.07,0,0,,0,,,,0,,,,,0,0,0,0,0,0,0,0,1,0,1,0,1,2,0,0,0,0,0,0,272,0,0.001,0.004
2124,1.691,1.534,0,0.003,0.061,0,0,,0,,,,0,,,,,0,0,0,0,0,0,0,0,1,0,1,0,1,2,0,0,0,0,0,0,272,0,0,0.005
2125,1.278,1.129,0,0.003,0.055,0,0,,0,,,,0,,,,,0,0,0,0,0,0,0,0,1,0,1,0,1,2,0,0,0,0,0,0,272,0.001,0.001,0.005
2126,1.751,1.606,0,0.002,0.059,0,0,,0,,,,0,,,,,0,0,0,0,0,0,0,0,1,0,1,0,1,2,0,0,0,0,0,0,272,0,0.001,0.005
2127,1.422,1.326,0,0.002,0.035,0,0,,0,,,,0,,,,,0,0,0,0,0,0,0,0,1,0,1,0,1,2,0,0,0,0,0,0,272,0,0,0.003
2128,1.727,1.626,0.001,0.002,0.038,0,0,,0,,,,0,,,,,0,0,0,0,0,0,0,0,1,0,1,0,1,2,0,0,0,0,0,0,272,0,0,0.004
2129,2.498,2.391,0,0.002,0.045,0,0,,0,,,,0,,,,,0,0,0,0,0,0,0,0,1,0,1,0,1,2,0,0,0,0,0,0,272,0.001,0,0.004
2130,2.382,2.229,0.001,0.002,0.062,0,0,,1,1187.5,230166528,286642176,1,62503872,62503872,135081984,38823561584,0,0,0,0,0,0,0,0,1,0,1,0,1,2,0,0,0,0,0,0,272,0,0.001,0.006
2131,1.266,1.152,0.001,0.002,0.044,0,0,,0,,,,0,,,,,0,0,0,0,0,0,0,0,1,0,1,0,1,2,0,0,0,0,0,0,272,0,0.001,0.004
2132,1.175,1.057,0,0.002,0.048,0,0,,0,,,,0,,,,,0,0,0,0,0,0,0,0,1,0,1,0,1,2,0,0,0,0,0,0,272,0,0.001,0.005
2133,1.303,1.159,0,0.002,0.054,0,0,,0,,,,0,,,,,0,0,0,0,0,0,0,0,1,0,1,0,1,2,0,0,0,0,0,0,272,0,0.001,0.005
2134,1.3,1.157,0,0.002,0.041,0,0,,0,,,,0,,,,,0,0,0,0,0,0,0,0,1,0,1,0,1,2,0,0,0,0,0,0,272,0,0.001,0.005
2135,1.193,1.007,0.001,0.003,0.058,0,0,,0,,,,0,,,,,0,0,0,0,0,0,0,0,1,0,1,0,1,2,0,0,0,0,0,0,272,0.001,0.001,0.007
2136,2.352,2.153,0,0.004,0.066,0,0,,0,,,,0,,,,,0,0,0,0,0,0,0,0,1,0,1,0,1,2,0,0,0,0,0,0,272,0.001,0.001,0.008
2137,1.948,1.836,0.001,0.002,0.039,0,0,,0,,,,0,,,,,0,0,0,0,0,0,0,0,1,0,1,0,1,2,0,0,0,0,0,0,272,0,0.001,0.004
2138,3.799,3.609,0.001,0.005,0.061,0,0,,0,,,,0,,,,,0,0,0,0,0,0,0,0,1,0,1,0,1,2,0,0,0,0,0,0,272,0,0.001,0.008
2139,4.148,4.009,0,0.002,0.049,0,0,,0,,,,0,,,,,0,0,0,0,0,0,0,0,1,0,1,0,1,2,0,0,0,0,0,0,272,0,0.001,0.006
2140,2.577,2.423,0.001,0.003,0.061,0,0,,0,,,,0,,,,,0,0,0,0,0,0,0,0,1,0,1,0,1,2,0,0,0,0,0,0,272,0,0,0.006
2141,2.133,1.947,0,0.005,0.053,0,0,,0,,,,0,,,,,0,0,0,0,0,0,0,0,1,0,1,0,1,2,0,0,0,0,0,0,272,0.001,0.002,0.007
2142,4.49,4.327,0.001,0.004,0.049,0,0,,0,,,,0,,,,,0,0,0,0,0,0,0,0,1,0,1,0,1,2,0,0,0,0,0,0,272,0.001,0.002,0.007
2143,0.689,0.599,0.001,0.001,0.033,0,0,,0,,,,0,,,,,0,0,0,0,0,0,0,0,1,0,1,0,1,2,0,0,0,0,0,0,272,0,0.001,0.004
2144,0.788,0.699,0,0.001,0.041,0,0,,0,,,,0,,,,,0,0,0,0,0,0,0,0,1,0,1,0,1,2,0,0,0,0,0,0,272,0,0.001,0.003
2145,0.777,0.694,0,0.001,0.035,0,0,,0,,,,0,,,,,0,0,0,0,0,0,0,0,1,0,1,0,1,2,0,0,0,0,0,0,272,0,0,0.004
2146,0.797,0.701,0,0.002,0.037,0,0,,0,,,,0,,,,,0,0,0,0,0,0,0,0,1,0,1,0,1,2,0,0,0,0,0,0,272,0,0.001,0.003
2147,1.109,0.992,0,0.002,0.036,0,0,,0,,,,0,,,,,0,0,0,0,0,0,0,0,1,0,1,0,1,2,0,0,0,0,0,0,272,0,0.001,0.005
2148,1.874,1.719,0.001,0.002,0.067,0,0,,0,,,,0,,,,,0,0,0,0,0,0,0,0,1,0,1,0,1,2,0,0,0,0,0,0,272,0.001,0.001,0.005
2149,0.801,0.387,0,0.003,0.329,0,0,,0,,,,0,,,,,0,0,0,0,0,0,0,0,1,0,1,0,1,2,0,0,0,0,0,0,272,0,0.001,0.005
2150,0.414,0.31,0,0.002,0.042,0,0,,0,,,,0,,,,,0,0,0,0,0,0,0,0,1,0,1,0,1,2,0,0,0,0,0,0,272,0,0.001,0.004
2151,0.939,0.799,0,0.003,0.06,0,0,,0,,,,0,,,,,0,0,0,0,0,0,0,0,1,0,1,0,1,2,0,0,0,0,0,0,272,0,0.001,0.004
2152,0.937,0.832,0.001,0.002,0.044,0,0,,0,,,,0,,,,,0,0,0,0,0,0,0,0,1,0,1,0,1,2,0,0,0,0,0,0,272,0,0,0.004
2153,0.423,0.292,0,0.002,0.049,0,0,,0,,,,0,,,,,0,0,0,0,0,0,0,0,1,0,1,0,1,2,0,0,0,0,0,0,272,0,0.001,0.004
2154,0.964,0.808,0.001,0.003,0.056,0,0,,0,,,,0,,,,,0,0,0,0,0,0,0,0,1,0,1,0,1,2,0,0,0,0,0,0,272,0,0,0.005
2155,0.723,0.596,0.001,0.002,0.047,0,0,,0,,,,0,,,,,0,0,0,0,0,0,0,0,1,0,1,0,1,2,0,0,0,0,0,0,272,0,0,0.004
2156,1.442,1.325,0,0.002,0.048,0,0,,0,,,,0,,,,,0,0,0,0,0,0,0,0,1,0,1,0,1,2,0,0,0,0,0,0,272,0.001,0.001,0.003
2157,1.23,1.132,0,0.002,0.036,0,0,,0,,,,0,,,,,0,0,0,0,0,0,0,0,1,0,1,0,1,2,0,0,0,0,0,0,272,0.001,0,0.004
2158,1.036,0.929,0,0.001,0.047,0,0,,0,,,,0,,,,,0,0,0,0,0,0,0,0,1,0,1,0,1,2,0,0,0,0,0,0,272,0,0.001,0.003
2159,1.399,1.305,0,0.002,0.036,0,0,,0,,,,0,,,,,0,0,0,0,0,0,0,0,1,0,1,0,1,2,0,0,0,0,0,0,272,0.001,0,0.003
2160,1.511,1.397,0,0.002,0.046,0,0,,1,1187.5,230170624,286642176,1,62503872,62503872,135081984,38823561584,0,0,0,0,0,0,0,0,1,0,1,0,1,2,0,0,0,0,0,0,272,0,0.001,0.003
2161,0.741,0.412,0,0.003,0.259,0,0,,0,,,,0,,,,,0,0,0,0,0,0,0,0,1,0,1,0,1,2,0,0,0,0,0,0,272,0.001,0.001,0.004
2162,0.429,0.169,0,0.003,0.168,0,0,,0,,,,0,,,,,0,0,0,0,0,0,0,0,1,0,1,0,1,2,0,0,0,0,0,0,272,0,0.001,0.004
2163,1.072,0.939,0.001,0.002,0.048,0,0,,0,,,,0,,,,,0,0,0,0,0,0,0,0,1,0,1,0,1,2,0,0,0,0,0,0,272,0,0.001,0.005
2164,1.082,0.961,0,0.003,0.05,0,0,,0,,,,0,,,,,0,0,0,0,0,0,0,0,1,0,1,0,1,2,0,0,0,0,0,0,272,0,0,0.004
2165,0.836,0.655,0,0.003,0.07,0,0,,0,,,,0,,,,,0,0,0,0,0,0,0,0,1,0,1,0,1,2,0,0,0,0,0,0,272,0.001,0.001,0.006
2166,0.89,0.786,0,0.002,0.042,0,0,,0,,,,0,,,,,0,0,0,0,0,0,0,0,1,0,1,0,1,2,0,0,0,0,0,0,272,0.001,0,0.003
2167,0.686,0.542,0,0.002,0.066,0,0,,0,,,,0,,,,,0,0,0,0,0,0,0,0,1,0,1,0,1,2,0,0,0,0,0,0,272,0,0.001,0.003
2168,1.246,1.095,0,0.003,0.064,0,0,,0,,,,0,,,,,0,0,0,0,0,0,0,0,1,0,1,0,1,2,0,0,0,0,0,0,272,0,0,0.004
2169,0.453,0.347,0,0.002,0.043,0,0,,0,,,,0,,,,,0,0,0,0,0,0,0,0,1,0,1,0,1,2,0,0,0,0,0,0,272,0.001,0,0.003
2170,1.031,0.477,0,0.003,0.462,0,0,,0,,,,0,,,,,0,0,0,0,0,0,0,0,1,0,1,0,1,2,0,0,0,0,0,0,272,0.001,0.001,0.005
2171,0.438,0.155,0,0.004,0.164,0,0,,0,,,,0,,,,,0,0,0,0,0,0,0,0,1,0,1,0,1,2,0,0,0,0,0,0,272,0.001,0.002,0.006
2172,1.734,1.562,0.001,0.003,0.058,0,0,,0,,,,0,,,,,0,0,0,0,0,0,0,0,1,0,1,0,1,2,0,0,0,0,0,0,272,0,0.001,0.006
2173,1.378,1.164,0.001,0.003,0.076,0,0,,0,,,,0,,,,,0,0,0,0,0,0,0,0,1,0,1,0,1,2,0,0,0,0,0,0,272,0.001,0.002,0.006
2174,1.312,1.126,0.001,0.003,0.067,0,0,,0,,,,0,,,,,0,0,0,0,0,0,0,0,1,0,1,0,1,2,0,0,0,0,0,0,272,0,0.001,0.006
2175,0.079,0.001,0,0.001,0.031,0,0,,0,,,,0,,,,,0,0,0,0,0,0,0,0,1,0,1,0,1,2,0,0,0,0,0,0,272,0,0.001,0.003
2176,0.791,0.664,0,0.003,0.044,0,0,,0,,,,0,,,,,0,0,0,0,0,0,0,0,1,0,1,0,1,2,0,0,0,0,0,0,272,0,0.001,0.005
2177,0.373,0.29,0.001,0.001,0.035,0,0,,0,,,,0,,,,,0,0,0,0,0,0,0,0,1,0,1,0,1,2,0,0,0,0,0,0,272,0,0,0.003
2178,0.894,0.742,0.001,0.002,0.061,0,0,,0,,,,0,,,,,0,0,0,0,0,0,0,0,1,0,1,0,1,2,0,0,0,0,0,0,272,0,0.001,0.005
2179,0.718,0.6,0.001,0.002,0.051,0,0,,0,,,,0,,,,,0,0,0,0,0,0,0,0,1,0,1,0,1,2,0,0,0,0,0,0,272,0,0,0.004
2180,0.894,0.68,0,0.002,0.112,0,0,,0,,,,0,,,,,0,0,0,0,0,0,0,0,1,0,1,0,1,2,0,0,0,0,0,0,272,0,0.001,0.002
2181,0.757,0.59,0,0.002,0.078,0,0,,0,,,,0,,,,,0,0,0,0,0,0,0,0,1,0,1,0,1,2,0,0,0,0,0,0,272,0,0.001,0.004
2182,1.432,1.284,0,0.001,0.072,0,0,,0,,,,0,,,,,0,0,0,0,0,0,0,0,1,0,1,0,1,2,0,0,0,0,0,0,272,0,0,0.004
2183,0.763,0.624,0,0.002,0.069,0,0,,0,,,,0,,,,,0,0,0,0,0,0,0,0,1,0,1,0,1,2,0,0,0,0,0,0,272,0,0.001,0.003
2184,0.797,0.652,0,0.002,0.077,0,0,,0,,,,0,,,,,0,0,0,0,0,0,0,0,1,0,1,0,1,2,0,0,0,0,0,0,272,0,0,0.004
2185,0.75,0.607,0,0.001,0.076,0,0,,0,,,,0,,,,,0,0,0,0,0,0,0,0,1,0,1,0,1,2,0,0,0,0,0,0,272,0,0,0.004
2186,0.696,0.558,0,0.001,0.068,0,0,,0,,,,0,,,,,0,0,0,0,0,0,0,0,1,0,1,0,1,2,0,0,0,0,0,0,272,0,0.001,0.003
2187,0.981,0.831,0,0.003,0.055,0,0,,0,,,,0,,,,,0,0,0,0,0,0,0,0,1,0,1,0,1,2,0,0,0,0,0,0,272,0,0,0.005
2188,0.322,0.24,0,0.002,0.028,0,0,,0,,,,0,,,,,0,0,0,0,0,0,0,0,1,0,1,0,1,2,0,0,0,0,0,0,272,0.001,0,0.004
2189,0.857,0.666,0.001,0.004,0.057,0,0,,0,,,,0,,,,,0,0,0,0,0,0,0,0,1,0,1,0,1,2,0,0,0,0,0,0,272,0.001,0.001,0.012
2190,0.719,0.609,0.001,0.002,0.036,0,0,,1,1203.125,230170624,286642176,1,62503872,62503872,135081984,38823561584,0,0,0,0,0,0,0,0,1,0,1,0,1,2,0,0,0,0,0,0,272,0,0,0.005
2191,1.256,1.101,0.001,0.003,0.058,0,0,,0,,,,0,,,,,0,0,0,0,0,0,0,0,1,0,1,0,1,2,0,0,0,0,0,0,272,0,0.001,0.004
2192,1.381,1.299,0,0.002,0.034,0,0,,0,,,,0,,,,,0,0,0,0,0,0,0,0,1,0,1,0,1,2,0,0,0,0,0,0,272,0,0.001,0.002
2193,0.886,0.764,0,0.001,0.052,0,0,,0,,,,0,,,,,0,0,0,0,0,0,0,0,1,0,1,0,1,2,0,0,0,0,0,0,272,0,0,0.003
2194,1.009,0.875,0,0.002,0.066,0,0,,0,,,,0,,,,,0,0,0,0,0,0,0,0,1,0,1,0,1,2,0,0,0,0,0,0,272,0,0,0.004
2195,0.782,0.635,0,0.003,0.062,0,0,,0,,,,0,,,,,0,0,0,0,0,0,0,0,1,0,1,0,1,2,0,0,0,0,0,0,272,0,0,0.005
2196,0.578,0.48,0,0.001,0.039,0,0,,0,,,,0,,,,,0,0,0,0,0,0,0,0,1,0,1,0,1,2,0,0,0,0,0,0,272,0,0,0.003
2197,0.759,0.615,0,0.002,0.065,0,0,,0,,,,0,,,,,0,0,0,0,0,0,0,0,1,0,1,0,1,2,0,0,0,0,0,0,272,0.001,0.001,0.004
2198,0.702,0.567,0,0.001,0.064,0,0,,0,,,,0,,,,,0,0,0,0,0,0,0,0,1,0,1,0,1,2,0,0,0,0,0,0,272,0,0,0.003
2199,0.681,0.55,0,0.002,0.057,0,0,,0,,,,0,,,,,0,0,0,0,0,0,0,0,1,0,1,0,1,2,0,0,0,0,0,0,272,0.001,0,0.004
2200,0.979,0.863,0.001,0.001,0.049,0,0,,0,,,,0,,,,,0,0,0,0,0,0,0,0,1,0,1,0,1,2,0,0,0,0,0,0,272,0,0,0.003
2201,1.139,1.004,0.001,0.002,0.064,0,0,,0,,,,0,,,,,0,0,0,0,0,0,0,0,1,0,1,0,1,2,0,0,0,0,0,0,272,0,0,0.003
2202,0.714,0.6,0,0.002,0.049,0,0,,0,,,,0,,,,,0,0,0,0,0,0,0,0,1,0,1,0,1,2,0,0,0,0,0,0,272,0,0.001,0.003
2203,0.308,0.199,0,0.002,0.046,0,0,,0,,,,0,,,,,0,0,0,0,0,0,0,0,1,0,1,0,1,2,0,0,0,0,0,0,272,0,0.001,0.003
2204,0.784,0.597,0,0.003,0.085,0,0,,0,,,,0,,,,,0,0,0,0,0,0,0,0,1,0,1,0,1,2,0,0,0,0,0,0,272,0,0.001,0.005
2205,0.681,0.529,0,0.002,0.079,0,0,,0,,,,0,,,,,0,0,0,0,0,0,0,0,1,0,1,0,1,2,0,0,0,0,0,0,272,0,0,0.004
2206,0.725,0.576,0,0.001,0.077,0,0,,0,,,,0,,,,,0,0,0,0,0,0,0,0,1,0,1,0,1,2,0,0,0,0,0,0,272,0,0.001,0.003
2207,0.314,0.215,0,0.003,0.033,0,0,,0,,,,0,,,,,0,0,0,0,0,0,0,0,1,0,1,0,1,2,0,0,0,0,0,0,272,0,0.001,0.004
2208,0.837,0.623,0,0.004,0.1,0,0,,0,,,,0,,,,,0,0,0,0,0,0,0,0,1,0,1,0,1,2,0,0,0,0,0,0,272,0,0.001,0.005
2209,0.558,0.439,0,0.003,0.042,0,0,,0,,,,0,,,,,0,0,0,0,0,0,0,0,1,0,1,0,1,2,0,0,0,0,0,0,272,0,0.001,0.005
2210,0.792,0.614,0.001,0.003,0.068,0,0,,0,,,,0,,,,,0,0,0,0,0,0,0,0,1,0,1,0,1,2,0,0,0,0,0,0,272,0.001,0.001,0.006
2211,0.6,0.448,0,0.002,0.068,0,0,,0,,,,0,,,,,0,0,0,0,0,0,0,0,1,0,1,0,1,2,0,0,0,0,0,0,272,0,0.001,0.003
2212,2.042,1.915,0,0.002,0.04,0,0,,0,,,,0,,,,,0,0,0,0,0,0,0,0,1,0,1,0,1,2,0,0,0,0,0,0,272,0.001,0.001,0.005
2213,0.821,0.577,0,0.002,0.142,0,0,,0,,,,0,,,,,0,0,0,0,0,0,0,0,1,0,1,0,1,2,0,0,0,0,0,0,272,0.001,0.001,0.005
2214,0.426,0.173,0.001,0.008,0.063,0,0,,0,,,,0,,,,,0,0,0,0,0,0,0,0,1,0,1,0,1,2,0,0,0,0,0,0,272,0.001,0.003,0.01
2215,0.174,0.002,0,0.003,0.049,0,0,,0,,,,0,,,,,0,0,0,0,0,0,0,0,1,0,1,0,1,2,0,0,0,0,0,0,272,0,0.001,0.006
2216,0.061,0.001,0,0.001,0.026,0,0,,0,,,,0,,,,,0,0,0,0,0,0,0,0,1,0,1,0,1,2,0,0,0,0,0,0,272,0,0,0.001
2217,0.458,0.386,0,0.001,0.039,0,0,,0,,,,0,,,,,0,0,0,0,0,0,0,0,1,0,1,0,1,2,0,0,0,0,0,0,272,0,0,0.002
2218,0.671,0.596,0.001,0.001,0.027,0,0,,0,,,,0,,,,,0,0,0,0,0,0,0,0,1,0,1,0,1,2,0,0,0,0,0,0,272,0,0,0.002
2219,0.478,0.365,0,0.001,0.076,0,0,,0,,,,0,,,,,0,0,0,0,0,0,0,0,1,0,1,0,1,2,0,0,0,0,0,0,272,0,0,0.002
2220,1.124,1.013,0,0.002,0.049,0,0,,1,1218.75,230236160,286642176,1,62503872,62503872,135081984,38823561584,0,0,0,0,0,0,0,0,1,0,1,0,1,2,0,0,0,0,0,0,272,0,0.001,0.002
2221,0.306,0.224,0,0.002,0.031,0,0,,0,,,,0,,,,,0,0,0,0,0,0,0,0,1,0,1,0,1,2,0,0,0,0,0,0,272,0,0,0.002
2222,0.949,0.852,0,0.002,0.036,0,0,,0,,,,0,,,,,0,0,0,0,0,0,0,0,1,0,1,0,1,2,0,0,0,0,0,0,272,0,0.001,0.002
2223,1.481,1.38,0,0.002,0.045,0,0,,0,,,,0,,,,,0,0,0,0,0,0,0,0,1,0,1,0,1,2,0,0,0,0,0,0,272,0,0.001,0.002
2224,0.557,0.458,0,0.001,0.042,0,0,,0,,,,0,,,,,0,0,0,0,0,0,0,0,1,0,1,0,1,2,0,0,0,0,0,0,272,0,0,0.003
2225,0.747,0.66,0,0.001,0.039,0,0,,0,,,,0,,,,,0,0,0,0,0,0,0,0,1,0,1,0,1,2,0,0,0,0,0,0,272,0,0.001,0.002
2226,0.475,0.316,0,0.002,0.069,0,0,,0,,,,0,,,,,0,0,0,0,0,0,0,0,1,0,1,0,1,2,0,0,0,0,0,0,272,0,0,0.004
2227,0.695,0.555,0.001,0.001,0.064,0,0,,0,,,,0,,,,,0,0,0,0,0,0,0,0,1,0,1,0,1,2,0,0,0,0,0,0,272,0,0.001,0.004
2228,0.76,0.627,0,0.003,0.043,0,0,,0,,,,0,,,,,0,0,0,0,0,0,0,0,1,0,1,0,1,2,0,0,0,0,0,0,272,0,0,0.003
2229,0.618,0.524,0.001,0.002,0.032,0,0,,0,,,,0,,,,,0,0,0,0,0,0,0,0,1,0,1,0,1,2,0,0,0,0,0,0,272,0,0.001,0.004
2230,1.077,0.927,0.001,0.003,0.049,0,0,,0,,,,0,,,,,0,0,0,0,0,0,0,0,1,0,1,0,1,2,0,0,0,0,0,0,272,0.001,0.001,0.005
2231,0.712,0.151,0,0.002,0.487,0,0,,0,,,,0,,,,,0,0,0,0,0,0,0,0,1,0,1,0,1,2,0,0,0,0,0,0,272,0.001,0.001,0.004
2232,0.878,0.778,0,0.003,0.028,0,0,,0,,,,0,,,,,0,0,0,0,0,0,0,0,1,0,1,0,1,2,0,0,0,0,0,0,272,0,0,0.004
2233,1.61,1.329,0,0.004,0.187,0,0,,0,,,,0,,,,,0,0,0,0,0,0,0,0,1,0,1,0,1,2,0,0,0,0,0,0,272,0,0.001,0.006
2234,0.449,0.321,0,0.002,0.044,0,0,,0,,,,0,,,,,0,0,0,0,0,0,0,0,1,0,1,0,1,2,0,0,0,0,0,0,272,0,0.001,0.004
2235,0.662,0.577,0,0.002,0.023,0,0,,0,,,,0,,,,,0,0,0,0,0,0,0,0,1,0,1,0,1,2,0,0,0,0,0,0,272,0,0.001,0.003
2236,0.757,0.584,0.001,0.002,0.093,0,0,,0,,,,0,,,,,0,0,0,0,0,0,0,0,1,0,1,0,1,2,0,0,0,0,0,0,272,0,0.001,0.004
2237,0.716,0.519,0.001,0.003,0.071,0,0,,0,,,,0,,,,,0,0,0,0,0,0,0,0,1,0,1,0,1,2,0,0,0,0,0,0,272,0,0.001,0.006
2238,0.541,0.431,0,0.002,0.044,0,0,,0,,,,0,,,,,0,0,0,0,0,0,0,0,1,0,1,0,1,2,0,0,0,0,0,0,272,0,0,0.003
2239,0.681,0.605,0,0.002,0.027,0,0,,0,,,,0,,,,,0,0,0,0,0,0,0,0,1,0,1,0,1,2,0,0,0,0,0,0,272,0,0,0.003
2240,0.734,0.594,0,0.003,0.047,0,0,,0,,,,0,,,,,0,0,0,0,0,0,0,0,1,0,1,0,1,2,0,0,0,0,0,0,272,0,0.001,0.005
2241,0.688,0.526,0.001,0.003,0.048,0,0,,0,,,,0,,,,,0,0,0,0,0,0,0,0,1,0,1,0,1,2,0,0,0,0,0,0,272,0,0.001,0.006
2242,0.514,0.458,0,0.001,0.024,0,0,,0,,,,0,,,,,0,0,0,0,0,0,0,0,1,0,1,0,1,2,0,0,0,0,0,0,272,0,0,0.002
2243,0.958,0.68,0.001,0.003,0.056,0,0,,0,,,,0,,,,,0,0,0,0,0,0,0,0,1,0,1,0,1,2,0,0,0,0,0,0,272,0,0.001,0.007
2244,0.994,0.83,0,0.004,0.036,0,0,,0,,,,0,,,,,0,0,0,0,0,0,0,0,1,0,1,0,1,2,0,0,0,0,0,0,272,0.001,0.001,0.007
2245,0.523,0.469,0,0.001,0.021,0,0,,0,,,,0,,,,,0,0,0,0,0,0,0,0,1,0,1,0,1,2,0,0,0,0,0,0,272,0,0,0.002
2246,0.66,0.619,0.001,0,0.02,0,0,,0,,,,0,,,,,0,0,0,0,0,0,0,0,1,0,1,0,1,2,0,0,0,0,0,0,272,0,0,0.001
2247,0.752,0.63,0,0.002,0.048,0,0,,0,,,,0,,,,,0,0,0,0,0,0,0,0,1,0,1,0,1,2,0,0,0,0,0,0,272,0,0.001,0.003
2248,0.668,0.545,0,0.002,0.042,0,0,,0,,,,0,,,,,0,0,0,0,0,0,0,0,1,0,1,0,1,2,0,0,0,0,0,0,272,0,0,0.004
2249,1.14,0.596,0,0.002,0.074,0,0,,0,,,,0,,,,,0,0,0,0,0,0,0,0,1,0,1,0,1,2,0,0,0,0,0,0,272,0.001,0.001,0.007
2250,0.347,0.001,0,0.003,0.297,0,0,,1,1250,230236160,286642176,1,62503872,62503872,135081984,38823561584,0,0,0,0,0,0,0,0,1,0,1,0,1,2,0,0,0,0,0,0,272,0,0,0.002
2251,0.509,0.359,0.001,0.002,0.058,0,0,,0,,,,0,,,,,0,0,0,0,0,0,0,0,1,0,1,0,1,2,0,0,0,0,0,0,272,0.001,0.001,0.005
2252,0.529,0.384,0.001,0.002,0.053,0,0,,0,,,,0,,,,,0,0,0,0,0,0,0,0,1,0,1,0,1,2,0,0,0,0,0,0,272,0,0.001,0.005
2253,0.591,0.34,0.001,0.003,0.153,0,0,,0,,,,0,,,,,0,0,0,0,0,0,0,0,1,0,1,0,1,2,0,0,0,0,0,0,272,0,0.001,0.005
2254,1.192,1.057,0,0.003,0.036,0,0,,0,,,,0,,,,,0,0,0,0,0,0,0,0,1,0,1,0,1,2,0,0,0,0,0,0,272,0.001,0.001,0.005
2255,0.637,0.515,0,0.003,0.028,0,0,,0,,,,0,,,,,0,0,0,0,0,0,0,0,1,0,1,0,1,2,0,0,0,0,0,0,272,0.001,0.001,0.005
2256,1.399,1.244,0,0.003,0.062,0,0,,0,,,,0,,,,,0,0,0,0,0,0,0,0,1,0,1,0,1,2,0,0,0,0,0,0,272,0,0.001,0.005
2257,0.638,0.54,0,0.002,0.031,0,0,,0,,,,0,,,,,0,0,0,0,0,0,0,0,1,0,1,0,1,2,0,0,0,0,0,0,272,0,0.001,0.003
2258,0.741,0.608,0.001,0.002,0.044,0,0,,0,,,,0,,,,,0,0,0,0,0,0,0,0,1,0,1,0,1,2,0,0,0,0,0,0,272,0,0.001,0.006
2259,0.565,0.502,0,0.001,0.024,0,0,,0,,,,0,,,,,0,0,0,0,0,0,0,0,1,0,1,0,1,2,0,0,0,0,0,0,272,0,0,0.002
2260,0.645,0.596,0,0.001,0.022,0,0,,0,,,,0,,,,,0,0,0,0,0,0,0,0,1,0,1,0,1,2,0,0,0,0,0,0,272,0,0,0.002
2261,0.67,0.614,0,0.001,0.02,0,0,,0,,,,0,,,,,0,0,0,0,0,0,0,0,1,0,1,0,1,2,0,0,0,0,0,0,272,0,0.001,0.001
2262,0.713,0.61,0,0.001,0.051,0,0,,0,,,,0,,,,,0,0,0,0,0,0,0,0,1,0,1,0,1,2,0,0,0,0,0,0,272,0.001,0,0.004
2263,0.629,0.542,0,0.001,0.041,0,0,,0,,,,0,,,,,0,0,0,0,0,0,0,0,1,0,1,0,1,2,0,0,0,0,0,0,272,0.001,0,0.003
2264,0.754,0.568,0,0.003,0.077,0,0,,0,,,,0,,,,,0,0,0,0,0,0,0,0,1,0,1,0,1,2,0,0,0,0,0,0,272,0.001,0.001,0.005
2265,0.957,0.791,0.001,0.002,0.068,0,0,,0,,,,0,,,,,0,0,0,0,0,0,0,0,1,0,1,0,1,2,0,0,0,0,0,0,272,0.001,0.001,0.005
2266,0.439,0.273,0,0.002,0.07,0,0,,0,,,,0,,,,,0,0,0,0,0,0,0,0,1,0,1,0,1,2,0,0,0,0,0,0,272,0,0,0.004
2267,1.523,1.336,0,0.003,0.059,0,0,,0,,,,0,,,,,0,0,0,0,0,0,0,0,1,0,1,0,1,2,0,0,0,0,0,0,272,0.001,0.001,0.006
2268,0.683,0.573,0.001,0.002,0.042,0,0,,0,,,,0,,,,,0,0,0,0,0,0,0,0,1,0,1,0,1,2,0,0,0,0,0,0,272,0,0,0.003
2269,0.954,0.673,0.001,0.004,0.108,0,0,,0,,,,0,,,,,0,0,0,0,0,0,0,0,1,0,1,0,1,2,0,0,0,0,0,0,272,0.001,0.001,0.009
2270,0.613,0.472,0,0.002,0.025,0,0,,0,,,,0,,,,,0,0,0,0,0,0,0,0,1,0,1,0,1,2,0,0,0,0,0,0,272,0,0.001,0.003
2271,0.839,0.706,0,0.003,0.052,0,0,,0,,,,0,,,,,0,0,0,0,0,0,0,0,1,0,1,0,1,2,0,0,0,0,0,0,272,0,0,0.004
2272,0.674,0.533,0,0.003,0.049,0,0,,0,,,,0,,,,,0,0,0,0,0,0,0,0,1,0,1,0,1,2,0,0,0,0,0,0,272,0,0.001,0.004
2273,1.658,0.623,0,0.003,0.891,0,0,,0,,,,0,,,,,0,0,0,0,0,0,0,0,1,0,1,0,1,2,0,0,0,0,0,0,272,0.001,0.001,0.007
2274,0.474,0.001,0,0.003,0.388,0,0,,0,,,,0,,,,,0,0,0,0,0,0,0,0,1,0,1,0,1,2,0,0,0,0,0,0,272,0,0.001,0.004
2275,0.889,0.723,0,0.004,0.051,0,0,,0,,,,0,,,,,0,0,0,0,0,0,0,0,1,0,1,0,1,2,0,0,0,0,0,0,272,0,0.001,0.006
2276,1.543,1.375,0.001,0.002,0.068,0,0,,0,,,,0,,,,,0,0,0,0,0,0,0,0,1,0,1,0,1,2,0,0,0,0,0,0,272,0,0.001,0.005
2277,0.4,0.317,0.001,0.001,0.029,0,0,,0,,,,0,,,,,0,0,0,0,0,0,0,0,1,0,1,0,1,2,0,0,0,0,0,0,272,0,0.001,0.003
2278,1.296,0.996,0.001,0.005,0.129,0,0,,0,,,,0,,,,,0,0,0,0,0,0,0,0,1,0,1,0,1,2,0,0,0,0,0,0,272,0.001,0.001,0.008
2279,0.162,0.02,0,0.002,0.062,0,0,,0,,,,0,,,,,0,0,0,0,0,0,0,0,1,0,1,0,1,2,0,0,0,0,0,0,272,0,0,0.004
2280,1.061,0.957,0.001,0.001,0.044,0,0,,1,1250,230236160,286642176,1,62503872,62503872,135081984,38823561584,0,0,0,0,0,0,0,0,1,0,1,0,1,2,0,0,0,0,0,0,272,0,0.001,0.003
2281,0.048,0.001,0,0,0.022,0,0,,0,,,,0,,,,,0,0,0,0,0,0,0,0,1,0,1,0,1,2,0,0,0,0,0,0,272,0,0,0.002
2282,1.109,0.995,0,0.002,0.046,0,0,,0,,,,0,,,,,0,0,0,0,0,0,0,0,1,0,1,0,1,2,0,0,0,0,0,0,272,0,0,0.004
2283,0.051,0.001,0,0.001,0.021,0,0,,0,,,,0,,,,,0,0,0,0,0,0,0,0,1,0,1,0,1,2,0,0,0,0,0,0,272,0,0,0.002
2284,1.009,0.812,0,0.003,0.061,0,0,,0,,,,0,,,,,0,0,0,0,0,0,0,0,1,0,1,0,1,2,0,0,0,0,0,0,272,0,0.001,0.005
2285,0.771,0.64,0.001,0.002,0.053,0,0,,0,,,,0,,,,,0,0,0,0,0,0,0,0,1,0,1,0,1,2,0,0,0,0,0,0,272,0,0.001,0.003
2286,1.177,1.038,0.001,0.002,0.064,0,0,,0,,,,0,,,,,0,0,0,0,0,0,0,0,1,0,1,0,1,2,0,0,0,0,0,0,272,0,0,0.005
2287,0.938,0.832,0,0.002,0.048,0,0,,0,,,,0,,,,,0,0,0,0,0,0,0,0,1,0,1,0,1,2,0,0,0,0,0,0,272,0,0,0.003
2288,0.987,0.886,0,0.002,0.043,0,0,,0,,,,0,,,,,0,0,0,0,0,0,0,0,1,0,1,0,1,2,0,0,0,0,0,0,272,0,0,0.003
2289,0.733,0.633,0,0.001,0.045,0,0,,0,,,,0,,,,,0,0,0,0,0,0,0,0,1,0,1,0,1,2,0,0,0,0,0,0,272,0,0.001,0.002
2290,0.536,0.264,0.001,0.004,0.109,0,0,,0,,,,0,,,,,0,0,0,0,0,0,0,0,1,0,1,0,1,2,0,0,0,0,0,0,272,0,0.001,0.007
2291,0.734,0.609,0,0.002,0.048,0,0,,0,,,,0,,,,,0,0,0,0,0,0,0,0,1,0,1,0,1,2,0,0,0,0,0,0,272,0.001,0.001,0.003
2292,0.696,0.574,0,0.003,0.047,0,0,,0,,,,0,,,,,0,0,0,0,0,0,0,0,1,0,1,0,1,2,0,0,0,0,0,0,272,0,0,0.004
2293,0.503,0.386,0.001,0.002,0.032,0,0,,0,,,,0,,,,,0,0,0,0,0,0,0,0,1,0,1,0,1,2,0,0,0,0,0,0,272,0,0.001,0.004
2294,0.812,0.669,0,0.004,0.035,0,0,,0,,,,0,,,,,0,0,0,0,0,0,0,0,1,0,1,0,1,2,0,0,0,0,0,0,272,0,0.001,0.006
2295,2.045,1.857,0,0.004,0.062,0,0,,0,,,,0,,,,,0,0,0,0,0,0,0,0,1,0,1,0,1,2,0,0,0,0,0,0,272,0,0.002,0.006
2296,0.676,0.583,0,0.001,0.036,0,0,,0,,,,0,,,,,0,0,0,0,0,0,0,0,1,0,1,0,1,2,0,0,0,0,0,0,272,0.001,0,0.003
2297,0.776,0.694,0.001,0.001,0.034,0,0,,0,,,,0,,,,,0,0,0,0,0,0,0,0,1,0,1,0,1,2,0,0,0,0,0,0,272,0,0,0.002
2298,1.219,1.106,0,0.002,0.051,0,0,,0,,,,0,,,,,0,0,0,0,0,0,0,0,1,0,1,0,1,2,0,0,0,0,0,0,272,0,0,0.003
2299,1.768,1.661,0,0.002,0.042,0,0,,0,,,,0,,,,,0,0,0,0,0,0,0,0,1,0,1,0,1,2,0,0,0,0,0,0,272,0.001,0,0.004
2300,5.54,5.387,0.001,0.003,0.052,0,0,,0,,,,0,,,,,0,0,0,0,0,0,0,0,1,0,1,0,1,2,0,0,0,0,0,0,272,0,0.001,0.005
2301,0.825,0.508,0,0.003,0.258,0,0,,0,,,,0,,,,,0,0,0,0,0,0,0,0,1,0,1,0,1,2,0,0,0,0,0,0,272,0,0,0.003
2302,0.585,0.455,0,0.002,0.06,0,0,,0,,,,0,,,,,0,0,0,0,0,0,0,0,1,0,1,0,1,2,0,0,0,0,0,0,272,0,0.001,0.003
2303,0.833,0.729,0.001,0.002,0.034,0,0,,0,,,,0,,,,,0,0,0,0,0,0,0,0,1,0,1,0,1,2,0,0,0,0,0,0,272,0,0.001,0.004
2304,0.407,0.315,0,0.002,0.035,0,0,,0,,,,0,,,,,0,0,0,0,0,0,0,0,1,0,1,0,1,2,0,0,0,0,0,0,272,0,0.001,0.003
2305,0.833,0.632,0,0.004,0.067,0,0,,0,,,,0,,,,,0,0,0,0,0,0,0,0,1,0,1,0,1,2,0,0,0,0,0,0,272,0.001,0.001,0.006
2306,0.998,0.843,0.001,0.003,0.049,0,0,,0,,,,0,,,,,0,0,0,0,0,0,0,0,1,0,1,0,1,2,0,0,0,0,0,0,272,0.001,0.001,0.005
2307,1.672,1.503,0.001,0.002,0.065,0,0,,0,,,,0,,,,,0,0,0,0,0,0,0,0,1,0,1,0,1,2,0,0,0,0,0,0,272,0,0.001,0.006
2308,0.388,0.132,0.001,0.002,0.179,0,0,,0,,,,0,,,,,0,0,0,0,0,0,0,0,1,0,1,0,1,2,0,0,0,0,0,0,272,0,0.001,0.004
2309,1.025,0.79,0.001,0.01,0.083,0,0,,0,,,,0,,,,,0,0,0,0,0,0,0,0,1,0,1,0,1,2,0,0,0,0,0,0,272,0,0.002,0.006
2310,0.61,0.502,0.001,0.001,0.054,0,0,,1,1265.625,230236160,286642176,1,62503872,62503872,135081984,38823561584,0,0,0,0,0,0,0,0,1,0,1,0,1,2,0,0,0,0,0,0,272,0,0,0.003
2311,1.536,1.428,0,0.001,0.05,0,0,,0,,,,0,,,,,0,0,0,0,0,0,0,0,1,0,1,0,1,2,0,0,0,0,0,0,272,0,0,0.003
2312,0.304,0.226,0,0.002,0.035,0,0,,0,,,,0,,,,,0,0,0,0,0,0,0,0,1,0,1,0,1,2,0,0,0,0,0,0,272,0,0.001,0.002
2313,0.998,0.903,0,0.001,0.044,0,0,,0,,,,0,,,,,0,0,0,0,0,0,0,0,1,0,1,0,1,2,0,0,0,0,0,0,272,0,0.001,0.002
2314,0.833,0.728,0,0.001,0.045,0,0,,0,,,,0,,,,,0,0,0,0,0,0,0,0,1,0,1,0,1,2,0,0,0,0,0,0,272,0,0,0.003
2315,0.241,0.173,0,0.002,0.027,0,0,,0,,,,0,,,,,0,0,0,0,0,0,0,0,1,0,1,0,1,2,0,0,0,0,0,0,272,0,0,0.002
2316,1.153,1.032,0.001,0.002,0.052,0,0,,0,,,,0,,,,,0,0,0,0,0,0,0,0,1,0,1,0,1,2,0,0,0,0,0,0,272,0.001,0.001,0.003
2317,1.346,1.224,0,0.003,0.043,0,0,,0,,,,0,,,,,0,0,0,0,0,0,0,0,1,0,1,0,1,2,0,0,0,0,0,0,272,0,0.001,0.004
2318,0.357,0.163,0,0.001,0.157,0,0,,0,,,,0,,,,,0,0,0,0,0,0,0,0,1,0,1,0,1,2,0,0,0,0,0,0,272,0,0.001,0.001
2319,0.81,0.705,0,0.002,0.041,0,0,,0,,,,0,,,,,0,0,0,0,0,0,0,0,1,0,1,0,1,2,0,0,0,0,0,0,272,0,0.001,0.003
2320,0.509,0.408,0,0.003,0.041,0,0,,0,,,,0,,,,,0,0,0,0,0,0,0,0,1,0,1,0,1,2,0,0,0,0,0,0,272,0.001,0,0.004
2321,0.427,0.337,0,0.002,0.034,0,0,,0,,,,0,,,,,0,0,0,0,0,0,0,0,1,0,1,0,1,2,0,0,0,0,0,0,272,0,0.001,0.003
2322,0.868,0.655,0,0.002,0.127,0,0,,0,,,,0,,,,,0,0,0,0,0,0,0,0,1,0,1,0,1,2,0,0,0,0,0,0,272,0,0.001,0.004
2323,0.61,0.439,0,0.002,0.075,0,0,,0,,,,0,,,,,0,0,0,0,0,0,0,0,1,0,1,0,1,2,0,0,0,0,0,0,272,0,0.001,0.004
2324,0.862,0.555,0,0.006,0.122,0,0,,0,,,,0,,,,,0,0,0,0,0,0,0,0,1,0,1,0,1,2,0,0,0,0,0,0,272,0,0.002,0.009
2325,0.586,0.363,0,0.005,0.078,0,0,,0,,,,0,,,,,0,0,0,0,0,0,0,0,1,0,1,0,1,2,0,0,0,0,0,0,272,0,0.002,0.008
2326,0.186,0.001,0,0.003,0.073,0,0,,0,,,,0,,,,,0,0,0,0,0,0,0,0,1,0,1,0,1,2,0,0,0,0,0,0,272,0,0,0.005
2327,2.073,1.861,0.001,0.004,0.067,0,0,,0,,,,0,,,,,0,0,0,0,0,0,0,0,1,0,1,0,1,2,0,0,0,0,0,0,272,0,0.002,0.008
2328,0.781,0.632,0,0.002,0.065,0,0,,0,,,,0,,,,,0,0,0,0,0,0,0,0,1,0,1,0,1,2,0,0,0,0,0,0,272,0.001,0,0.004
2329,0.761,0.617,0,0.002,0.065,0,0,,0,,,,0,,,,,0,0,0,0,0,0,0,0,1,0,1,0,1,2,0,0,0,0,0,0,272,0,0.001,0.003
2330,0.793,0.647,0,0.002,0.07,0,0,,0,,,,0,,,,,0,0,0,0,0,0,0,0,1,0,1,0,1,2,0,0,0,0,0,0,272,0.001,0.001,0.003
2331,0.334,0.092,0.001,0.004,0.106,0,0,,0,,,,0,,,,,0,0,0,0,0,0,0,0,1,0,1,0,1,2,0,0,0,0,0,0,272,0,0.001,0.007
2332,1.026,0.886,0.001,0.002,0.062,0,0,,0,,,,0,,,,,0,0,0,0,0,0,0,0,1,0,1,0,1,2,0,0,0,0,0,0,272,0,0,0.004
2333,0.579,0.46,0,0.002,0.055,0,0,,0,,,,0,,,,,0,0,0,0,0,0,0,0,1,0,1,0,1,2,0,0,0,0,0,0,272,0,0,0.003
2334,0.506,0.256,0,0.003,0.158,0,0,,0,,,,0,,,,,0,0,0,0,0,0,0,0,1,0,1,0,1,2,0,0,0,0,0,0,272,0,0.001,0.003
2335,0.571,0.431,0,0.003,0.055,0,0,,0,,,,0,,,,,0,0,0,0,0,0,0,0,1,0,1,0,1,2,0,0,0,0,0,0,272,0,0,0.005
2336,0.695,0.595,0,0.002,0.042,0,0,,0,,,,0,,,,,0,0,0,0,0,0,0,0,1,0,1,0,1,2,0,0,0,0,0,0,272,0,0.001,0.003
2337,0.74,0.611,0.001,0.002,0.044,0,0,,0,,,,0,,,,,0,0,0,0,0,0,0,0,1,0,1,0,1,2,0,0,0,0,0,0,272,0,0,0.004
2338,1.347,1.223,0.001,0.002,0.036,0,0,,0,,,,0,,,,,0,0,0,0,0,0,0,0,1,0,1,0,1,2,0,0,0,0,0,0,272,0,0.002,0.004
2339,0.807,0.656,0,0.004,0.049,0,0,,0,,,,0,,,,,0,0,0,0,0,0,0,0,1,0,1,0,1,2,0,0,0,0,0,0,272,0,0.001,0.005
2340,1.382,1.143,0,0.005,0.078,0,0,,1,1265.625,230236160,286642176,1,62503872,62503872,135081984,38823561584,0,0,0,0,0,0,0,0,1,0,1,0,1,2,0,0,0,0,0,0,272,0.001,0.002,0.008
2341,3.829,3.512,0.001,0.006,0.093,0,0,,0,,,,0,,,,,0,0,0,0,0,0,0,0,1,0,1,0,1,2,0,0,0,0,0,0,272,0.001,0.003,0.013
2342,3.13,2.967,0,0.004,0.051,0,0,,0,,,,0,,,,,0,0,0,0,0,0,0,0,1,0,1,0,1,2,0,0,0,0,0,0,272,0,0.001,0.006
2343,9.003,8.644,0.001,0.007,0.094,0,0,,0,,,,0,,,,,0,0,0,0,0,0,0,0,1,0,1,0,1,2,0,0,0,0,0,0,272,0.001,0.002,0.011
2344,0.656,0.003,0,0.005,0.498,0,0,,0,,,,0,,,,,0,0,0,0,0,0,0,0,1,0,1,0,1,2,0,0,0,0,0,0,272,0,0.001,0.007
2345,0.341,0.21,0,0.003,0.045,0,0,,0,,,,0,,,,,0,0,0,0,0,0,0,0,1,0,1,0,1,2,0,0,0,0,0,0,272,0,0,0.004
2346,0.839,0.675,0,0.003,0.071,0,0,,0,,,,0,,,,,0,0,0,0,0,0,0,0,1,0,1,0,1,2,0,0,0,0,0,0,272,0,0.001,0.005
2347,0.58,0.281,0,0.004,0.165,0,0,,0,,,,0,,,,,0,0,0,0,0,0,0,0,1,0,1,0,1,2,0,0,0,0,0,0,272,0.001,0.001,0.007
2348,0.352,0.173,0,0.002,0.098,0,0,,0,,,,0,,,,,0,0,0,0,0,0,0,0,1,0,1,0,1,2,0,0,0,0,0,0,272,0,0.001,0.004
2349,0.513,0.362,0,0.002,0.081,0,0,,0,,,,0,,,,,0,0,0,0,0,0,0,0,1,0,1,0,1,2,0,0,0,0,0,0,272,0,0,0.004
2350,0.559,0.408,0,0.003,0.043,0,0,,0,,,,0,,,,,0,0,0,0,0,0,0,0,1,0,1,0,1,2,0,0,0,0,0,0,272,0,0.002,0.005
2351,0.56,0.422,0.001,0.002,0.045,0,0,,0,,,,0,,,,,0,0,0,0,0,0,0,0,1,0,1,0,1,2,0,0,0,0,0,0,272,0,0.001,0.005
2352,1.1,0.947,0,0.003,0.065,0,0,,0,,,,0,,,,,0,0,0,0,0,0,0,0,1,0,1,0,1,2,0,0,0,0,0,0,272,0.001,0,0.004
2353,0.863,0.679,0,0.004,0.057,0,0,,0,,,,0,,,,,0,0,0,0,0,0,0,0,1,0,1,0,1,2,0,0,0,0,0,0,272,0.001,0.001,0.006
2354,0.61,0.294,0,0.003,0.24,0,0,,0,,,,0,,,,,0,0,0,0,0,0,0,0,1,0,1,0,1,2,0,0,0,0,0,0,272,0,0.001,0.004
2355,0.32,0.173,0,0.001,0.101,0,0,,0,,,,0,,,,,0,0,0,0,0,0,0,0,1,0,1,0,1,2,0,0,0,0,0,0,272,0,0,0.002
2356,1.549,1.327,0.001,0.004,0.084,0,0,,0,,,,0,,,,,0,0,0,0,0,0,0,0,1,0,1,0,1,2,0,0,0,0,0,0,272,0.001,0,0.007
2357,0.362,0.274,0,0.001,0.041,0,0,,0,,,,0,,,,,0,0,0,0,0,0,0,0,1,0,1,0,1,2,0,0,0,0,0,0,272,0.001,0,0.003
2358,0.665,0.435,0.001,0.004,0.099,0,0,,0,,,,0,,,,,0,0,0,0,0,0,0,0,1,0,1,0,1,2,0,0,0,0,0,0,272,0.001,0.001,0.007
2359,0.339,0.272,0.001,0.001,0.029,0,0,,0,,,,0,,,,,0,0,0,0,0,0,0,0,1,0,1,0,1,2,0,0,0,0,0,0,272,0.001,0,0.002
2360,0.587,0.465,0,0,0.071,0,0,,0,,,,0,,,,,0,0,0,0,0,0,0,0,1,0,1,0,1,2,0,0,0,0,0,0,272,0,0,0.002
2361,0.47,0.397,0.001,0.001,0.035,0,0,,0,,,,0,,,,,0,0,0,0,0,0,0,0,1,0,1,0,1,2,0,0,0,0,0,0,272,0,0,0.001
2362,0.591,0.471,0,0.002,0.052,0,0,,0,,,,0,,,,,0,0,0,0,0,0,0,0,1,0,1,0,1,2,0,0,0,0,0,0,272,0,0.001,0.003
2363,0.478,0.394,0,0.001,0.037,0,0,,0,,,,0,,,,,0,0,0,0,0,0,0,0,1,0,1,0,1,2,0,0,0,0,0,0,272,0,0,0.003
2364,0.519,0.437,0,0.001,0.038,0,0,,0,,,,0,,,,,0,0,0,0,0,0,0,0,1,0,1,0,1,2,0,0,0,0,0,0,272,0,0,0.002
2365,1.126,0.954,0.001,0.002,0.085,0,0,,0,,,,0,,,,,0,0,0,0,0,0,0,0,1,0,1,0,1,2,0,0,0,0,0,0,272,0,0,0.005
2366,0.379,0.303,0.001,0.001,0.031,0,0,,0,,,,0,,,,,0,0,0,0,0,0,0,0,1,0,1,0,1,2,0,0,0,0,0,0,272,0,0,0.002
2367,0.611,0.466,0.001,0.001,0.074,0,0,,0,,,,0,,,,,0,0,0,0,0,0,0,0,1,0,1,0,1,2,0,0,0,0,0,0,272,0,0,0.003
2368,0.464,0.36,0,0.002,0.042,0,0,,0,,,,0,,,,,0,0,0,0,0,0,0,0,1,0,1,0,1,2,0,0,0,0,0,0,272,0.001,0,0.003
2369,0.511,0.415,0.001,0.001,0.038,0,0,,0,,,,0,,,,,0,0,0,0,0,0,0,0,1,0,1,0,1,2,0,0,0,0,0,0,272,0,0,0.003
2370,0.553,0.428,0,0.002,0.043,0,0,,1,1296.875,230236160,286642176,1,62503872,62503872,135081984,38823561584,0,0,0,0,0,0,0,0,1,0,1,0,1,2,0,0,0,0,0,0,272,0,0.001,0.003
2371,0.463,0.374,0,0.001,0.041,0,0,,0,,,,0,,,,,0,0,0,0,0,0,0,0,1,0,1,0,1,2,0,0,0,0,0,0,272,0,0,0.003
2372,0.522,0.439,0,0.002,0.042,0,0,,0,,,,0,,,,,0,0,0,0,0,0,0,0,1,0,1,0,1,2,0,0,0,0,0,0,272,0,0,0.002
2373,0.619,0.454,0.001,0.002,0.072,0,0,,0,,,,0,,,,,0,0,0,0,0,0,0,0,1,0,1,0,1,2,0,0,0,0,0,0,272,0,0.001,0.005
2374,0.542,0.352,0,0.001,0.092,0,0,,0,,,,0,,,,,0,0,0,0,0,0,0,0,1,0,1,0,1,2,0,0,0,0,0,0,272,0.001,0.001,0.006
2375,0.39,0.292,0.001,0.001,0.042,0,0,,0,,,,0,,,,,0,0,0,0,0,0,0,0,1,0,1,0,1,2,0,0,0,0,0,0,272,0,0.001,0.002
2376,0.593,0.459,0,0.003,0.048,0,0,,0,,,,0,,,,,0,0,0,0,0,0,0,0,1,0,1,0,1,2,0,0,0,0,0,0,272,0.001,0.001,0.004
2377,0.424,0.33,0,0.001,0.035,0,0,,0,,,,0,,,,,0,0,0,0,0,0,0,0,1,0,1,0,1,2,0,0,0,0,0,0,272,0,0,0.003
2378,1.218,1.033,0.001,0.003,0.081,0,0,,0,,,,0,,,,,0,0,0,0,0,0,0,0,1,0,1,0,1,2,0,0,0,0,0,0,272,0,0,0.005
2379,0.552,0.277,0.001,0.004,0.151,0,0,,0,,,,0,,,,,0,0,0,0,0,0,0,0,1,0,1,0,1,2,0,0,0,0,0,0,272,0.001,0.002,0.007
2380,1.384,0.9,0,0.003,0.389,0,0,,0,,,,0,,,,,0,0,0,0,0,0,0,0,1,0,1,0,1,2,0,0,0,0,0,0,272,0,0.001,0.005
2381,0.423,0.002,0,0.004,0.315,0,0,,0,,,,0,,,,,0,0,0,0,0,0,0,0,1,0,1,0,1,2,0,0,0,0,0,0,272,0,0.001,0.006
2382,0.424,0.081,0,0.002,0.274,0,0,,0,,,,0,,,,,0,0,0,0,0,0,0,0,1,0,1,0,1,2,0,0,0,0,0,0,272,0,0,0.004
2383,0.327,0.157,0.001,0.003,0.07,0,0,,0,,,,0,,,,,0,0,0,0,0,0,0,0,1,0,1,0,1,2,0,0,0,0,0,0,272,0,0,0.004
2384,0.539,0.336,0.001,0.003,0.085,0,0,,0,,,,0,,,,,0,0,0,0,0,0,0,0,1,0,1,0,1,2,0,0,0,0,0,0,272,0.001,0.001,0.005
2385,0.441,0.293,0.001,0.003,0.053,0,0,,0,,,,0,,,,,0,0,0,0,0,0,0,0,1,0,1,0,1,2,0,0,0,0,0,0,272,0,0,0.005
2386,0.448,0.353,0,0.002,0.043,0,0,,0,,,,0,,,,,0,0,0,0,0,0,0,0,1,0,1,0,1,2,0,0,0,0,0,0,272,0,0,0.004
2387,0.51,0.426,0,0.001,0.044,0,0,,0,,,,0,,,,,0,0,0,0,0,0,0,0,1,0,1,0,1,2,0,0,0,0,0,0,272,0,0.001,0.002
2388,0.517,0.441,0,0.001,0.036,0,0,,0,,,,0,,,,,0,0,0,0,0,0,0,0,1,0,1,0,1,2,0,0,0,0,0,0,272,0,0,0.002
2389,0.535,0.454,0,0.001,0.042,0,0,,0,,,,0,,,,,0,0,0,0,0,0,0,0,1,0,1,0,1,2,0,0,0,0,0,0,272,0,0.001,0.002
2390,0.53,0.442,0,0.001,0.04,0,0,,0,,,,0,,,,,0,0,0,0,0,0,0,0,1,0,1,0,1,2,0,0,0,0,0,0,272,0,0,0.003
2391,0.534,0.443,0.001,0.001,0.04,0,0,,0,,,,0,,,,,0,0,0,0,0,0,0,0,1,0,1,0,1,2,0,0,0,0,0,0,272,0,0,0.003
2392,7.068,6.797,0.001,0.006,0.101,0,0,,0,,,,0,,,,,0,0,0,0,0,0,0,0,1,0,1,0,1,2,0,0,0,0,0,0,272,0.001,0.002,0.011
2393,4.131,3.974,0,0.004,0.047,0,0,,0,,,,0,,,,,0,0,0,0,0,0,0,0,1,0,1,0,1,2,0,0,0,0,0,0,272,0,0.001,0.007
2394,1.69,1.554,0.001,0.002,0.056,0,0,,0,,,,0,,,,,0,0,0,0,0,0,0,0,1,0,1,0,1,2,0,0,0,0,0,0,272,0.001,0.001,0.004
2395,3.861,3.717,0.001,0.001,0.066,0,0,,0,,,,0,,,,,0,0,0,0,0,0,0,0,1,0,1,0,1,2,0,0,0,0,0,0,272,0.001,0,0.004
2396,1.068,0.816,0,0.004,0.073,0,0,,0,,,,0,,,,,0,0,0,0,0,0,0,0,1,0,1,0,1,2,0,0,0,0,0,0,272,0,0.003,0.012
2397,0.907,0.702,0,0.003,0.075,0,0,,0,,,,0,,,,,0,0,0,0,0,0,0,0,1,0,1,0,1,2,0,0,0,0,0,0,272,0.001,0.001,0.005
2398,0.469,0.409,0.001,0,0.028,0,0,,0,,,,0,,,,,0,0,0,0,0,0,0,0,1,0,1,0,1,2,0,0,0,0,0,0,272,0,0.001,0.001
2399,0.711,0.615,0,0.001,0.038,0,0,,0,,,,0,,,,,0,0,0,0,0,0,0,0,1,0,1,0,1,2,0,0,0,0,0,0,272,0,0.001,0.003
2400,0.797,0.581,0,0.001,0.182,0,0,,1,1312.5,230236160,286642176,1,62503872,62503872,135081984,38823561584,0,0,0,0,0,0,0,0,1,0,1,0,1,2,0,0,0,0,0,0,272,0,0,0.002
2401,0.535,0.474,0,0.001,0.026,0,0,,0,,,,0,,,,,0,0,0,0,0,0,0,0,1,0,1,0,1,2,0,0,0,0,0,0,272,0,0,0.003
2402,0.638,0.575,0,0.001,0.031,0,0,,0,,,,0,,,,,0,0,0,0,0,0,0,0,1,0,1,0,1,2,0,0,0,0,0,0,272,0,0,0.002
2403,0.403,0.301,0,0.002,0.041,0,0,,0,,,,0,,,,,0,0,0,0,0,0,0,0,1,0,1,0,1,2,0,0,0,0,0,0,272,0,0,0.002
2404,0.549,0.37,0.001,0.004,0.059,0,0,,0,,,,0,,,,,0,0,0,0,0,0,0,0,1,0,1,0,1,2,0,0,0,0,0,0,272,0,0,0.006
2405,0.244,0.152,0,0.002,0.032,0,0,,0,,,,0,,,,,0,0,0,0,0,0,0,0,1,0,1,0,1,2,0,0,0,0,0,0,272,0.001,0.001,0.003
2406,0.864,0.629,0,0.003,0.132,0,0,,0,,,,0,,,,,0,0,0,0,0,0,0,0,1,0,1,0,1,2,0,0,0,0,0,0,272,0,0.001,0.006
2407,0.193,0.101,0,0.002,0.026,0,0,,0,,,,0,,,,,0,0,0,0,0,0,0,0,1,0,1,0,1,2,0,0,0,0,0,0,272,0,0.001,0.004
2408,1.54,1.326,0.001,0.006,0.067,0,0,,0,,,,0,,,,,0,0,0,0,0,0,0,0,1,0,1,0,1,2,0,0,0,0,0,0,272,0.001,0.001,0.008
2409,0.344,0.102,0,0.002,0.194,0,0,,0,,,,0,,,,,0,0,0,0,0,0,0,0,1,0,1,0,1,2,0,0,0,0,0,0,272,0,0,0.002
2410,1.328,1.141,0,0.002,0.081,0,0,,0,,,,0,,,,,0,0,0,0,0,0,0,0,1,0,1,0,1,2,0,0,0,0,0,0,272,0.001,0.001,0.006
2411,0.554,0.465,0.001,0.001,0.035,0,0,,0,,,,0,,,,,0,0,0,0,0,0,0,0,1,0,1,0,1,2,0,0,0,0,0,0,272,0,0.001,0.002
2412,0.648,0.579,0,0.001,0.035,0,0,,0,,,,0,,,,,0,0,0,0,0,0,0,0,1,0,1,0,1,2,0,0,0,0,0,0,272,0,0.001,0.002
2413,0.735,0.599,0,0.002,0.072,0,0,,0,,,,0,,,,,0,0,0,0,0,0,0,0,1,0,1,0,1,2,0,0,0,0,0,0,272,0,0,0.003
2414,0.661,0.536,0.001,0.001,0.061,0,0,,0,,,,0,,,,,0,0,0,0,0,0,0,0,1,0,1,0,1,2,0,0,0,0,0,0,272,0,0.001,0.003
2415,0.52,0.468,0,0.001,0.025,0,0,,0,,,,0,,,,,0,0,0,0,0,0,0,0,1,0,1,0,1,2,0,0,0,0,0,0,272,0,0.001,0.001
2416,0.791,0.667,0,0.002,0.061,0,0,,0,,,,0,,,,,0,0,0,0,0,0,0,0,1,0,1,0,1,2,0,0,0,0,0,0,272,0,0.001,0.003
2417,0.647,0.524,0,0.002,0.061,0,0,,0,,,,0,,,,,0,0,0,0,0,0,0,0,1,0,1,0,1,2,0,0,0,0,0,0,272,0,0,0.003
2418,0.678,0.545,0.001,0.001,0.063,0,0,,0,,,,0,,,,,0,0,0,0,0,0,0,0,1,0,1,0,1,2,0,0,0,0,0,0,272,0,0,0.004
2419,0.627,0.553,0,0.001,0.037,0,0,,0,,,,0,,,,,0,0,0,0,0,0,0,0,1,0,1,0,1,2,0,0,0,0,0,0,272,0.001,0,0.002
2420,0.831,0.64,0,0.001,0.16,0,0,,0,,,,0,,,,,0,0,0,0,0,0,0,0,1,0,1,0,1,2,0,0,0,0,0,0,272,0,0,0.002
2421,1.171,1.063,0,0.002,0.038,0,0,,0,,,,0,,,,,0,0,0,0,0,0,0,0,1,0,1,0,1,2,0,0,0,0,0,0,272,0.001,0.001,0.004
2422,0.68,0.536,0,0.001,0.104,0,0,,0,,,,0,,,,,0,0,0,0,0,0,0,0,1,0,1,0,1,2,0,0,0,0,0,0,272,0,0,0.002
2423,0.608,0.504,0,0.002,0.045,0,0,,0,,,,0,,,,,0,0,0,0,0,0,0,0,1,0,1,0,1,2,0,0,0,0,0,0,272,0,0,0.003
2424,0.611,0.55,0,0.001,0.03,0,0,,0,,,,0,,,,,0,0,0,0,0,0,0,0,1,0,1,0,1,2,0,0,0,0,0,0,272,0,0,0.001
2425,0.653,0.596,0.001,0,0.028,0,0,,0,,,,0,,,,,0,0,0,0,0,0,0,0,1,0,1,0,1,2,0,0,0,0,0,0,272,0,0,0.002
2426,0.796,0.623,0,0.006,0.04,0,0,,0,,,,0,,,,,0,0,0,0,0,0,0,0,1,0,1,0,1,2,0,0,0,0,0,0,272,0,0.001,0.006
2427,1.117,0.945,0,0.002,0.038,0,0,,0,,,,0,,,,,0,0,0,0,0,0,0,0,1,0,1,0,1,2,0,0,0,0,0,0,272,0,0.001,0.004
2428,1.299,0.001,0,0.002,1.172,0,0,,0,,,,0,,,,,0,0,0,0,0,0,0,0,1,0,1,0,1,2,0,0,0,0,0,0,272,0,0.001,0.005
2429,0.47,0.001,0,0.003,0.344,0,0,,0,,,,0,,,,,0,0,0,0,0,0,0,0,1,0,1,0,1,2,0,0,0,0,0,0,272,0,0.001,0.007
2430,0.835,0.615,0,0.004,0.075,0,0,,1,1328.125,230240256,286642176,1,62503872,62503872,135081984,38823561584,0,0,0,0,0,0,0,0,1,0,1,0,1,2,0,0,0,0,0,0,272,0.001,0.002,0.007
2431,0.417,0.272,0,0.002,0.064,0,0,,0,,,,0,,,,,0,0,0,0,0,0,0,0,1,0,1,0,1,2,0,0,0,0,0,0,272,0,0,0.004
2432,0.649,0.503,0.001,0.002,0.074,0,0,,0,,,,0,,,,,0,0,0,0,0,0,0,0,1,0,1,0,1,2,0,0,0,0,0,0,272,0,0.001,0.003
2433,0.655,0.512,0.001,0.001,0.073,0,0,,0,,,,0,,,,,0,0,0,0,0,0,0,0,1,0,1,0,1,2,0,0,0,0,0,0,272,0,0,0.004
2434,0.65,0.512,0,0.001,0.076,0,0,,0,,,,0,,,,,0,0,0,0,0,0,0,0,1,0,1,0,1,2,0,0,0,0,0,0,272,0,0.001,0.003
2435,0.69,0.496,0.001,0.003,0.08,0,0,,0,,,,0,,,,,0,0,0,0,0,0,0,0,1,0,1,0,1,2,0,0,0,0,0,0,272,0.001,0.001,0.006
2436,0.623,0.487,0.001,0.002,0.065,0,0,,0,,,,0,,,,,0,0,0,0,0,0,0,0,1,0,1,0,1,2,0,0,0,0,0,0,272,0,0.001,0.003
2437,1.1,0.98,0,0.003,0.044,0,0,,0,,,,0,,,,,0,0,0,0,0,0,0,0,1,0,1,0,1,2,0,0,0,0,0,0,272,0,0.001,0.002
2438,1.255,1.076,0,0.003,0.078,0,0,,0,,,,0,,,,,0,0,0,0,0,0,0,0,1,0,1,0,1,2,0,0,0,0,0,0,272,0,0.001,0.005
2439,1.13,0.941,0,0.005,0.081,0,0,,0,,,,0,,,,,0,0,0,0,0,0,0,0,1,0,1,0,1,2,0,0,0,0,0,0,272,0,0.001,0.006
2440,1.134,0.917,0.001,0.004,0.071,0,0,,0,,,,0,,,,,0,0,0,0,0,0,0,0,1,0,1,0,1,2,0,0,0,0,0,0,272,0,0.001,0.009
2441,1.902,1.795,0,0.003,0.028,0,0,,0,,,,0,,,,,0,0,0,0,0,0,0,0,1,0,1,0,1,2,0,0,0,0,0,0,272,0,0.001,0.004
2442,1.115,1.02,0,0.002,0.037,0,0,,0,,,,0,,,,,0,0,0,0,0,0,0,0,1,0,1,0,1,2,0,0,0,0,0,0,272,0,0,0.003
2443,1.291,1.088,0.001,0.002,0.101,0,0,,0,,,,0,,,,,0,0,0,0,0,0,0,0,1,0,1,0,1,2,0,0,0,0,0,0,272,0,0.002,0.005
2444,1.064,0.948,0,0.002,0.044,0,0,,0,,,,0,,,,,0,0,0,0,0,0,0,0,1,0,1,0,1,2,0,0,0,0,0,0,272,0.001,0.001,0.003
2445,1.242,1.072,0,0.004,0.039,0,0,,0,,,,0,,,,,0,0,0,0,0,0,0,0,1,0,1,0,1,2,0,0,0,0,0,0,272,0.001,0.002,0.007
2446,0.462,0.342,0,0.003,0.031,0,0,,0,,,,0,,,,,0,0,0,0,0,0,0,0,1,0,1,0,1,2,0,0,0,0,0,0,272,0.001,0.001,0.005
2447,3.454,3.292,0.001,0.004,0.043,0,0,,0,,,,0,,,,,0,0,0,0,0,0,0,0,1,0,1,0,1,2,0,0,0,0,0,0,272,0,0.001,0.008
2448,1.132,0.966,0,0.002,0.078,0,0,,0,,,,0,,,,,0,0,0,0,0,0,0,0,1,0,1,0,1,2,0,0,0,0,0,0,272,0,0.001,0.005
2449,1.196,0.998,0,0.002,0.094,0,0,,0,,,,0,,,,,0,0,0,0,0,0,0,0,1,0,1,0,1,2,0,0,0,0,0,0,272,0,0.001,0.006
2450,1.127,0.966,0,0.003,0.068,0,0,,0,,,,0,,,,,0,0,0,0,0,0,0,0,1,0,1,0,1,2,0,0,0,0,0,0,272,0,0.001,0.005
2451,1.183,0.99,0,0.004,0.059,0,0,,0,,,,0,,,,,0,0,0,0,0,0,0,0,1,0,1,0,1,2,0,0,0,0,0,0,272,0,0.001,0.006
2452,1.934,1.657,0.001,0.005,0.114,0,0,,0,,,,0,,,,,0,0,0,0,0,0,0,0,1,0,1,0,1,2,0,0,0,0,0,0,272,0,0.002,0.009
2453,0.983,0.857,0.001,0.002,0.046,0,0,,0,,,,0,,,,,0,0,0,0,0,0,0,0,1,0,1,0,1,2,0,0,0,0,0,0,272,0,0.001,0.005
2454,1.204,1.069,0.001,0.002,0.044,0,0,,0,,,,0,,,,,0,0,0,0,0,0,0,0,1,0,1,0,1,2,0,0,0,0,0,0,272,0,0,0.006
2455,1.129,1.014,0,0.002,0.037,0,0,,0,,,,0,,,,,0,0,0,0,0,0,0,0,1,0,1,0,1,2,0,0,0,0,0,0,272,0.001,0.001,0.004
2456,1.254,1.078,0,0.003,0.072,0,0,,0,,,,0,,,,,0,0,0,0,0,0,0,0,1,0,1,0,1,2,0,0,0,0,0,0,272,0,0.002,0.005
2457,1.156,0.972,0.001,0.004,0.047,0,0,,0,,,,0,,,,,0,0,0,0,0,0,0,0,1,0,1,0,1,2,0,0,0,0,0,0,272,0.001,0.001,0.008
2458,0.974,0.853,0,0.002,0.029,0,0,,0,,,,0,,,,,0,0,0,0,0,0,0,0,1,0,1,0,1,2,0,0,0,0,0,0,272,0,0.001,0.005
2459,4.107,3.947,0.001,0.003,0.059,0,0,,0,,,,0,,,,,0,0,0,0,0,0,0,0,1,0,1,0,1,2,0,0,0,0,0,0,272,0,0.001,0.006
2460,1.373,1.162,0,0.004,0.056,0,0,,1,1328.125,230305792,286642176,1,62503872,62503872,135081984,38823561584,0,0,0,0,0,0,0,0,1,0,1,0,1,2,0,0,0,0,0,0,272,0,0.001,0.008
2461,1.642,1.416,0,0.003,0.098,0,0,,0,,,,0,,,,,0,0,0,0,0,0,0,0,1,0,1,0,1,2,0,0,0,0,0,0,272,0.001,0.001,0.006
2462,3.249,3.038,0,0.005,0.064,0,0,,0,,,,0,,,,,0,0,0,0,0,0,0,0,1,0,1,0,1,2,0,0,0,0,0,0,272,0.001,0.001,0.008
2463,1.783,1.624,0,0.003,0.046,0,0,,0,,,,0,,,,,0,0,0,0,0,0,0,0,1,0,1,0,1,2,0,0,0,0,0,0,272,0,0.001,0.005
2464,2.271,2.067,0,0.004,0.065,0,0,,0,,,,0,,,,,0,0,0,0,0,0,0,0,1,0,1,0,1,2,0,0,0,0,0,0,272,0,0.001,0.008
2465,1.727,1.487,0,0.005,0.071,0,0,,0,,,,0,,,,,0,0,0,0,0,0,0,0,1,0,1,0,1,2,0,0,0,0,0,0,272,0.001,0.002,0.009
2466,4.485,4.217,0.001,0.005,0.11,0,0,,0,,,,0,,,,,0,0,0,0,0,0,0,0,1,0,1,0,1,2,0,0,0,0,0,0,272,0,0.001,0.008
2467,0.546,0.051,0,0.003,0.403,0,0,,0,,,,0,,,,,0,0,0,0,0,0,0,0,1,0,1,0,1,2,0,0,0,0,0,0,272,0,0.001,0.005
2468,0.265,0.155,0,0.001,0.071,0,0,,0,,,,0,,,,,0,0,0,0,0,0,0,0,1,0,1,0,1,2,0,0,0,0,0,0,272,0,0,0.001
2469,0.589,0.495,0,0.002,0.035,0,0,,0,,,,0,,,,,0,0,0,0,0,0,0,0,1,0,1,0,1,2,0,0,0,0,0,0,272,0.001,0,0.004
2470,0.773,0.581,0,0.004,0.068,0,0,,0,,,,0,,,,,0,0,0,0,0,0,0,0,1,0,1,0,1,2,0,0,0,0,0,0,272,0.001,0.001,0.006
2471,1.012,0.865,0,0.002,0.066,0,0,,0,,,,0,,,,,0,0,0,0,0,0,0,0,1,0,1,0,1,2,0,0,0,0,0,0,272,0,0,0.005
2472,0.78,0.642,0.001,0.002,0.054,0,0,,0,,,,0,,,,,0,0,0,0,0,0,0,0,1,0,1,0,1,2,0,0,0,0,0,0,272,0,0.001,0.004
2473,1.016,0.885,0.001,0.002,0.058,0,0,,0,,,,0,,,,,0,0,0,0,0,0,0,0,1,0,1,0,1,2,0,0,0,0,0,0,272,0,0.001,0.003
2474,0.499,0.306,0,0.003,0.064,0,0,,0,,,,0,,,,,0,0,0,0,0,0,0,0,1,0,1,0,1,2,0,0,0,0,0,0,272,0,0.001,0.007
2475,0.578,0.47,0,0.002,0.028,0,0,,0,,,,0,,,,,0,0,0,0,0,0,0,0,1,0,1,0,1,2,0,0,0,0,0,0,272,0,0.001,0.004
2476,1.177,1.028,0,0.003,0.062,0,0,,0,,,,0,,,,,0,0,0,0,0,0,0,0,1,0,1,0,1,2,0,0,0,0,0,0,272,0,0.001,0.005
2477,0.405,0.175,0,0.003,0.15,0,0,,0,,,,0,,,,,0,0,0,0,0,0,0,0,1,0,1,0,1,2,0,0,0,0,0,0,272,0.001,0.001,0.004
2478,0.659,0.469,0.001,0.003,0.075,0,0,,0,,,,0,,,,,0,0,0,0,0,0,0,0,1,0,1,0,1,2,0,0,0,0,0,0,272,0,0.001,0.006
2479,0.869,0.692,0.001,0.002,0.063,0,0,,0,,,,0,,,,,0,0,0,0,0,0,0,0,1,0,1,0,1,2,0,0,0,0,0,0,272,0.001,0.001,0.005
2480,0.556,0.282,0,0.002,0.184,0,0,,0,,,,0,,,,,0,0,0,0,0,0,0,0,1,0,1,0,1,2,0,0,0,0,0,0,272,0,0.001,0.004
2481,0.816,0.458,0,0.003,0.241,0,0,,0,,,,0,,,,,0,0,0,0,0,0,0,0,1,0,1,0,1,2,0,0,0,0,0,0,272,0,0.001,0.006
2482,1.215,0.974,0.001,0.006,0.058,0,0,,0,,,,0,,,,,0,0,0,0,0,0,0,0,1,0,1,0,1,2,0,0,0,0,0,0,272,0.001,0.002,0.01
2483,0.548,0.391,0,0.004,0.038,0,0,,0,,,,0,,,,,0,0,0,0,0,0,0,0,1,0,1,0,1,2,0,0,0,0,0,0,272,0,0.002,0.006
2484,1.403,1.247,0.001,0.002,0.063,0,0,,0,,,,0,,,,,0,0,0,0,0,0,0,0,1,0,1,0,1,2,0,0,0,0,0,0,272,0,0.001,0.004
2485,0.995,0.854,0,0.003,0.059,0,0,,0,,,,0,,,,,0,0,0,0,0,0,0,0,1,0,1,0,1,2,0,0,0,0,0,0,272,0,0.001,0.004
2486,0.795,0.65,0,0.002,0.066,0,0,,0,,,,0,,,,,0,0,0,0,0,0,0,0,1,0,1,0,1,2,0,0,0,0,0,0,272,0,0.001,0.004
2487,0.306,0.14,0.001,0.003,0.05,0,0,,0,,,,0,,,,,0,0,0,0,0,0,0,0,1,0,1,0,1,2,0,0,0,0,0,0,272,0,0.001,0.005
2488,0.861,0.723,0,0.002,0.06,0,0,,0,,,,0,,,,,0,0,0,0,0,0,0,0,1,0,1,0,1,2,0,0,0,0,0,0,272,0.001,0.001,0.004
2489,0.756,0.633,0,0.002,0.052,0,0,,0,,,,0,,,,,0,0,0,0,0,0,0,0,1,0,1,0,1,2,0,0,0,0,0,0,272,0,0,0.004
2490,0.35,0.244,0,0.002,0.035,0,0,,1,1343.75,230305792,286642176,1,62503872,62503872,135081984,38823561584,0,0,0,0,0,0,0,0,1,0,1,0,1,2,0,0,0,0,0,0,272,0,0,0.004
2491,0.943,0.812,0.001,0.002,0.054,0,0,,0,,,,0,,,,,0,0,0,0,0,0,0,0,1,0,1,0,1,2,0,0,0,0,0,0,272,0.001,0.001,0.003
2492,2.689,2.442,0,0.004,0.093,0,0,,0,,,,0,,,,,0,0,0,0,0,0,0,0,1,0,1,0,1,2,0,0,0,0,0,0,272,0,0.002,0.007
2493,1.702,1.568,0,0.002,0.054,0,0,,0,,,,0,,,,,0,0,0,0,0,0,0,0,1,0,1,0,1,2,0,0,0,0,0,0,272,0.001,0.001,0.004
2494,1.262,1.103,0.001,0.002,0.068,0,0,,0,,,,0,,,,,0,0,0,0,0,0,0,0,1,0,1,0,1,2,0,0,0,0,0,0,272,0.001,0.001,0.005
2495,1.34,1.197,0.001,0.003,0.057,0,0,,0,,,,0,,,,,0,0,0,0,0,0,0,0,1,0,1,0,1,2,0,0,0,0,0,0,272,0,0.001,0.005
2496,1.712,1.537,0.001,0.004,0.057,0,0,,0,,,,0,,,,,0,0,0,0,0,0,0,0,1,0,1,0,1,2,0,0,0,0,0,0,272,0,0.001,0.006
2497,4.145,3.856,0,0.006,0.119,0,0,,0,,,,0,,,,,0,0,0,0,0,0,0,0,1,0,1,0,1,2,0,0,0,0,0,0,272,0.001,0.002,0.009
2498,1.63,1.496,0,0.002,0.054,0,0,,0,,,,0,,,,,0,0,0,0,0,0,0,0,1,0,1,0,1,2,0,0,0,0,0,0,272,0,0,0.005
2499,1.231,1.079,0.001,0.002,0.063,0,0,,0,,,,0,,,,,0,0,0,0,0,0,0,0,1,0,1,0,1,2,0,0,0,0,0,0,272,0,0.001,0.005
2500,1.405,1.288,0,0.002,0.05,0,0,,0,,,,0,,,,,0,0,0,0,0,0,0,0,1,0,1,0,1,2,0,0,0,0,0,0,272,0.001,0,0.004
2501,2.405,2.277,0,0.003,0.049,0,0,,0,,,,0,,,,,0,0,0,0,0,0,0,0,1,0,1,0,1,2,0,0,0,0,0,0,272,0,0.001,0.004
2502,1.134,0.955,0,0.003,0.055,0,0,,0,,,,0,,,,,0,0,0,0,0,0,0,0,1,0,1,0,1,2,0,0,0,0,0,0,272,0.001,0.001,0.006
2503,1.388,1.198,0.001,0.042,0.045,0,0,,0,,,,0,,,,,0,0,0,0,0,0,0,0,1,0,1,0,1,2,0,0,0,0,0,0,272,0.001,0.001,0.006
2504,1.473,1.186,0.001,0.005,0.085,0,0,,0,,,,0,,,,,0,0,0,0,0,0,0,0,1,0,1,0,1,2,0,0,0,0,0,0,272,0.001,0.001,0.007
2505,1.893,1.692,0.001,0.005,0.058,0,0,,0,,,,0,,,,,0,0,0,0,0,0,0,0,1,0,1,0,1,2,0,0,0,0,0,0,272,0.001,0.002,0.009
2506,6.189,5.967,0,0.004,0.06,0,0,,0,,,,0,,,,,0,0,0,0,0,0,0,0,1,0,1,0,1,2,0,0,0,0,0,0,272,0,0.002,0.01
2507,3.476,3.261,0.001,0.006,0.065,0,0,,0,,,,0,,,,,0,0,0,0,0,0,0,0,1,0,1,0,1,2,0,0,0,0,0,0,272,0.001,0.001,0.009
2508,3.85,3.605,0,0.004,0.072,0,0,,0,,,,0,,,,,0,0,0,0,0,0,0,0,1,0,1,0,1,2,0,0,0,0,0,0,272,0.001,0.002,0.011
2509,8.041,7.804,0.001,0.007,0.066,0,0,,0,,,,0,,,,,0,0,0,0,0,0,0,0,1,0,1,0,1,2,0,0,0,0,0,0,272,0,0.003,0.01
2510,4.251,4.014,0.001,0.006,0.059,0,0,,0,,,,0,,,,,0,0,0,0,0,0,0,0,1,0,1,0,1,2,0,0,0,0,0,0,272,0,0.003,0.011
2511,9.446,9.213,0.001,0.006,0.07,0,0,,0,,,,0,,,,,0,0,0,0,0,0,0,0,1,0,1,0,1,2,0,0,0,0,0,0,272,0,0.002,0.01
2512,16.536,16.27,0.001,0.007,0.081,0,0,,0,,,,0,,,,,0,0,0,0,0,0,0,0,1,0,1,0,1,2,0,0,0,0,0,0,272,0.001,0.002,0.012
2513,10.001,9.777,0.001,0.006,0.062,0,0,,0,,,,0,,,,,0,0,0,0,0,0,0,0,1,0,1,0,1,2,0,0,0,0,0,0,272,0.001,0.002,0.01
2514,0.602,0.488,0.001,0.001,0.049,0,0,,0,,,,0,,,,,0,0,0,0,0,0,0,0,1,0,1,0,1,2,0,0,0,0,0,0,272,0,0.001,0.004
2515,0.748,0.524,0.001,0.003,0.121,0,0,,0,,,,0,,,,,0,0,0,0,0,0,0,0,1,0,1,0,1,2,0,0,0,0,0,0,272,0,0.001,0.006
2516,0.812,0.677,0,0.002,0.051,0,0,,0,,,,0,,,,,0,0,0,0,0,0,0,0,1,0,1,0,1,2,0,0,0,0,0,0,272,0,0.001,0.004
2517,1.389,1.204,0.001,0.004,0.056,0,0,,0,,,,0,,,,,0,0,0,0,0,0,0,0,1,0,1,0,1,2,0,0,0,0,0,0,272,0,0.001,0.007
2518,0.867,0.567,0.001,0.004,0.176,0,0,,0,,,,0,,,,,0,0,0,0,0,0,0,0,1,0,1,0,1,2,0,0,0,0,0,0,272,0,0.001,0.006
2519,0.989,0.735,0.001,0.005,0.09,0,0,,0,,,,0,,,,,0,0,0,0,0,0,0,0,1,0,1,0,1,2,0,0,0,0,0,0,272,0.001,0.001,0.008
2520,1.049,0.872,0,0.004,0.058,0,0,,1,1359.375,230305792,286642176,1,62503872,62503872,135081984,38823561584,0,0,0,0,0,0,0,0,1,0,1,0,1,2,0,0,0,0,0,0,272,0,0.002,0.005
2521,2.243,2.046,0,0.005,0.064,0,0,,0,,,,0,,,,,0,0,0,0,0,0,0,0,1,0,1,0,1,2,0,0,0,0,0,0,272,0,0.001,0.007
2522,0.724,0.539,0,0.004,0.073,0,0,,0,,,,0,,,,,0,0,0,0,0,0,0,0,1,0,1,0,1,2,0,0,0,0,0,0,272,0.001,0.001,0.007
2523,0.73,0.607,0.001,0.002,0.047,0,0,,0,,,,0,,,,,0,0,0,0,0,0,0,0,1,0,1,0,1,2,0,0,0,0,0,0,272,0,0,0.005
2524,0.803,0.685,0.001,0.002,0.042,0,0,,0,,,,0,,,,,0,0,0,0,0,0,0,0,1,0,1,0,1,2,0,0,0,0,0,0,272,0,0.001,0.005
2525,0.848,0.698,0.001,0.003,0.062,0,0,,0,,,,0,,,,,0,0,0,0,0,0,0,0,1,0,1,0,1,2,0,0,0,0,0,0,272,0,0,0.005
2526,0.764,0.643,0,0.002,0.042,0,0,,0,,,,0,,,,,0,0,0,0,0,0,0,0,1,0,1,0,1,2,0,0,0,0,0,0,272,0,0.001,0.005
2527,0.764,0.618,0.001,0.003,0.051,0,0,,0,,,,0,,,,,0,0,0,0,0,0,0,0,1,0,1,0,1,2,0,0,0,0,0,0,272,0.001,0.001,0.005
2528,1.061,0.953,0,0.002,0.048,0,0,,0,,,,0,,,,,0,0,0,0,0,0,0,0,1,0,1,0,1,2,0,0,0,0,0,0,272,0.001,0,0.004
2529,0.705,0.516,0.001,0.005,0.054,0,0,,0,,,,0,,,,,0,0,0,0,0,0,0,0,1,0,1,0,1,2,0,0,0,0,0,0,272,0,0.002,0.007
2530,2.904,2.689,0,0.005,0.069,0,0,,0,,,,0,,,,,0,0,0,0,0,0,0,0,1,0,1,0,1,2,0,0,0,0,0,0,272,0.001,0.002,0.008
2531,1.093,0.923,0.001,0.03,0.039,0,0,,0,,,,0,,,,,0,0,0,0,0,0,0,0,1,0,1,0,1,2,0,0,0,0,0,0,272,0.001,0.001,0.006
2532,0.744,0.568,0,0.004,0.053,0,0,,0,,,,0,,,,,0,0,0,0,0,0,0,0,1,0,1,0,1,2,0,0,0,0,0,0,272,0,0.001,0.006
2533,1.402,1.176,0,0.004,0.102,0,0,,0,,,,0,,,,,0,0,0,0,0,0,0,0,1,0,1,0,1,2,0,0,0,0,0,0,272,0,0.001,0.006
2534,0.848,0.607,0.001,0.004,0.091,0,0,,0,,,,0,,,,,0,0,0,0,0,0,0,0,1,0,1,0,1,2,0,0,0,0,0,0,272,0.001,0.002,0.008
2535,2.735,2.552,0.001,0.004,0.065,0,0,,0,,,,0,,,,,0,0,0,0,0,0,0,0,1,0,1,0,1,2,0,0,0,0,0,0,272,0,0,0.006
2536,0.522,0.373,0,0.002,0.052,0,0,,0,,,,0,,,,,0,0,0,0,0,0,0,0,1,0,1,0,1,2,0,0,0,0,0,0,272,0,0.001,0.006
2537,1.075,0.896,0,0.003,0.076,0,0,,0,,,,0,,,,,0,0,0,0,0,0,0,0,1,0,1,0,1,2,0,0,0,0,0,0,272,0.001,0.001,0.006
2538,0.423,0.324,0,0.002,0.034,0,0,,0,,,,0,,,,,0,0,0,0,0,0,0,0,1,0,1,0,1,2,0,0,0,0,0,0,272,0,0,0.004
2539,1.047,0.879,0.001,0.002,0.07,0,0,,0,,,,0,,,,,0,0,0,0,0,0,0,0,1,0,1,0,1,2,0,0,0,0,0,0,272,0.001,0.001,0.005
2540,0.855,0.692,0,0.003,0.069,0,0,,0,,,,0,,,,,0,0,0,0,0,0,0,0,1,0,1,0,1,2,0,0,0,0,0,0,272,0,0,0.005
2541,1.832,1.684,0,0.002,0.054,0,0,,0,,,,0,,,,,0,0,0,0,0,0,0,0,1,0,1,0,1,2,0,0,0,0,0,0,272,0,0,0.004
2542,20.111,19.841,0.001,0.007,0.078,0,0,,0,,,,0,,,,,0,0,0,0,0,0,0,0,1,0,1,0,1,2,0,0,0,0,0,0,272,0.001,0.002,0.012
2543,0.578,0.306,0,0.003,0.168,0,0,,0,,,,0,,,,,0,0,0,0,0,0,0,0,1,0,1,0,1,2,0,0,0,0,0,0,272,0,0.001,0.006
2544,0.509,0.345,0,0.003,0.036,0,0,,0,,,,0,,,,,0,0,0,0,0,0,0,0,1,0,1,0,1,2,0,0,0,0,0,0,272,0,0.001,0.006
2545,0.524,0.422,0,0.002,0.035,0,0,,0,,,,0,,,,,0,0,0,0,0,0,0,0,1,0,1,0,1,2,0,0,0,0,0,0,272,0,0,0.004
2546,0.979,0.851,0,0.002,0.065,0,0,,0,,,,0,,,,,0,0,0,0,0,0,0,0,1,0,1,0,1,2,0,0,0,0,0,0,272,0.001,0,0.003
2547,0.692,0.588,0,0.002,0.043,0,0,,0,,,,0,,,,,0,0,0,0,0,0,0,0,1,0,1,0,1,2,0,0,0,0,0,0,272,0,0.001,0.004
2548,2.573,2.444,0,0.003,0.052,0,0,,0,,,,0,,,,,0,0,0,0,0,0,0,0,1,0,1,0,1,2,0,0,0,0,0,0,272,0.001,0.001,0.005
2549,0.634,0.547,0.001,0.001,0.034,0,0,,0,,,,0,,,,,0,0,0,0,0,0,0,0,1,0,1,0,1,2,0,0,0,0,0,0,272,0,0,0.004
2550,0.714,0.639,0,0.001,0.031,0,0,,1,1375,230305792,286642176,1,62503872,62503872,135081984,38823561584,0,0,0,0,0,0,0,0,1,0,1,0,1,2,0,0,0,0,0,0,272,0,0,0.003
2551,0.705,0.633,0,0.001,0.031,0,0,,0,,,,0,,,,,0,0,0,0,0,0,0,0,1,0,1,0,1,2,0,0,0,0,0,0,272,0,0,0.003
2552,1.017,0.886,0,0.002,0.055,0,0,,0,,,,0,,,,,0,0,0,0,0,0,0,0,1,0,1,0,1,2,0,0,0,0,0,0,272,0,0.001,0.004
2553,0.925,0.803,0,0.002,0.05,0,0,,0,,,,0,,,,,0,0,0,0,0,0,0,0,1,0,1,0,1,2,0,0,0,0,0,0,272,0,0,0.004
2554,0.384,0.298,0,0.002,0.034,0,0,,0,,,,0,,,,,0,0,0,0,0,0,0,0,1,0,1,0,1,2,0,0,0,0,0,0,272,0,0.001,0.002
2555,0.835,0.691,0,0.002,0.063,0,0,,0,,,,0,,,,,0,0,0,0,0,0,0,0,1,0,1,0,1,2,0,0,0,0,0,0,272,0,0.001,0.003
2556,0.788,0.666,0.001,0.001,0.052,0,0,,0,,,,0,,,,,0,0,0,0,0,0,0,0,1,0,1,0,1,2,0,0,0,0,0,0,272,0,0.001,0.003
2557,0.299,0.21,0,0.002,0.033,0,0,,0,,,,0,,,,,0,0,0,0,0,0,0,0,1,0,1,0,1,2,0,0,0,0,0,0,272,0,0,0.003
2558,1.012,0.905,0,0.002,0.038,0,0,,0,,,,0,,,,,0,0,0,0,0,0,0,0,1,0,1,0,1,2,0,0,0,0,0,0,272,0,0.001,0.003
2559,2.395,2.251,0,0.004,0.051,0,0,,0,,,,0,,,,,0,0,0,0,0,0,0,0,1,0,1,0,1,2,0,0,0,0,0,0,272,0,0.001,0.005
2560,0.658,0.516,0,0.004,0.043,0,0,,0,,,,0,,,,,0,0,0,0,0,0,0,0,1,0,1,0,1,2,0,0,0,0,0,0,272,0,0.001,0.006
2561,0.92,0.732,0,0.004,0.078,0,0,,0,,,,0,,,,,0,0,0,0,0,0,0,0,1,0,1,0,1,2,0,0,0,0,0,0,272,0,0.001,0.006
2562,0.44,0.247,0,0.004,0.058,0,0,,0,,,,0,,,,,0,0,0,0,0,0,0,0,1,0,1,0,1,2,0,0,0,0,0,0,272,0,0.001,0.007
2563,1.13,0.972,0.001,0.003,0.051,0,0,,0,,,,0,,,,,0,0,0,0,0,0,0,0,1,0,1,0,1,2,0,0,0,0,0,0,272,0,0.002,0.006
2564,0.777,0.367,0,0.002,0.343,0,0,,0,,,,0,,,,,0,0,0,0,0,0,0,0,1,0,1,0,1,2,0,0,0,0,0,0,272,0,0.001,0.004
2565,0.546,0.391,0,0.003,0.051,0,0,,0,,,,0,,,,,0,0,0,0,0,0,0,0,1,0,1,0,1,2,0,0,0,0,0,0,272,0,0.001,0.005
2566,0.455,0.347,0,0.002,0.035,0,0,,0,,,,0,,,,,0,0,0,0,0,0,0,0,1,0,1,0,1,2,0,0,0,0,0,0,272,0,0,0.004
2567,2.591,2.375,0,0.003,0.088,0,0,,0,,,,0,,,,,0,0,0,0,0,0,0,0,1,0,1,0,1,2,0,0,0,0,0,0,272,0,0.001,0.006
2568,0.458,0.387,0.001,0.001,0.03,0,0,,0,,,,0,,,,,0,0,0,0,0,0,0,0,1,0,1,0,1,2,0,0,0,0,0,0,272,0,0,0.002
2569,1.531,1.307,0,0.004,0.105,0,0,,0,,,,0,,,,,0,0,0,0,0,0,0,0,1,0,1,0,1,2,0,0,0,0,0,0,272,0.001,0,0.005
2570,2.367,2.204,0,0.003,0.052,0,0,,0,,,,0,,,,,0,0,0,0,0,0,0,0,1,0,1,0,1,2,0,0,0,0,0,0,272,0,0.001,0.006
2571,5.299,5.037,0.001,0.007,0.082,0,0,,0,,,,0,,,,,0,0,0,0,0,0,0,0,1,0,1,0,1,2,0,0,0,0,0,0,272,0.001,0.002,0.011
2572,2.033,1.836,0,0.006,0.058,0,0,,0,,,,0,,,,,0,0,0,0,0,0,0,0,1,0,1,0,1,2,0,0,0,0,0,0,272,0,0.001,0.009
2573,1.574,1.407,0.001,0.004,0.047,0,0,,0,,,,0,,,,,0,0,0,0,0,0,0,0,1,0,1,0,1,2,0,0,0,0,0,0,272,0,0.002,0.008
2574,4.65,4.496,0,0.004,0.056,0,0,,0,,,,0,,,,,0,0,0,0,0,0,0,0,1,0,1,0,1,2,0,0,0,0,0,0,272,0,0,0.007
2575,0.735,0.622,0,0.002,0.042,0,0,,0,,,,0,,,,,0,0,0,0,0,0,0,0,1,0,1,0,1,2,0,0,0,0,0,0,272,0,0.001,0.005
2576,0.79,0.674,0.001,0.002,0.045,0,0,,0,,,,0,,,,,0,0,0,0,0,0,0,0,1,0,1,0,1,2,0,0,0,0,0,0,272,0,0.001,0.005
2577,0.795,0.672,0,0.002,0.048,0,0,,0,,,,0,,,,,0,0,0,0,0,0,0,0,1,0,1,0,1,2,0,0,0,0,0,0,272,0,0.001,0.005
2578,0.844,0.664,0,0.003,0.073,0,0,,0,,,,0,,,,,0,0,0,0,0,0,0,0,1,0,1,0,1,2,0,0,0,0,0,0,272,0,0.001,0.006
2579,1.144,0.955,0,0.002,0.095,0,0,,0,,,,0,,,,,0,0,0,0,0,0,0,0,1,0,1,0,1,2,0,0,0,0,0,0,272,0.001,0.001,0.005
2580,0.316,0.22,0,0.002,0.035,0,0,,1,1375,230305792,286642176,1,62503872,62503872,135081984,38823561584,0,0,0,0,0,0,0,0,1,0,1,0,1,2,0,0,0,0,0,0,272,0,0.001,0.002
2581,2.541,2.449,0.001,0.002,0.037,0,0,,0,,,,0,,,,,0,0,0,0,0,0,0,0,1,0,1,0,1,2,0,0,0,0,0,0,272,0,0,0.003
2582,0.816,0.696,0,0.003,0.047,0,0,,0,,,,0,,,,,0,0,0,0,0,0,0,0,1,0,1,0,1,2,0,0,0,0,0,0,272,0,0.001,0.004
2583,0.769,0.67,0.001,0.002,0.038,0,0,,0,,,,0,,,,,0,0,0,0,0,0,0,0,1,0,1,0,1,2,0,0,0,0,0,0,272,0.001,0,0.004
2584,0.889,0.804,0,0.002,0.028,0,0,,0,,,,0,,,,,0,0,0,0,0,0,0,0,1,0,1,0,1,2,0,0,0,0,0,0,272,0,0,0.003
2585,1.087,0.95,0,0.002,0.055,0,0,,0,,,,0,,,,,0,0,0,0,0,0,0,0,1,0,1,0,1,2,0,0,0,0,0,0,272,0.001,0,0.003
2586,0.846,0.641,0,0.002,0.08,0,0,,0,,,,0,,,,,0,0,0,0,0,0,0,0,1,0,1,0,1,2,0,0,0,0,0,0,272,0,0.001,0.003
2587,6.32,6.199,0,0.002,0.05,0,0,,0,,,,0,,,,,0,0,0,0,0,0,0,0,1,0,1,0,1,2,0,0,0,0,0,0,272,0,0,0.004
2588,0.694,0.513,0.001,0.004,0.06,0,0,,0,,,,0,,,,,0,0,0,0,0,0,0,0,1,0,1,0,1,2,0,0,0,0,0,0,272,0,0.001,0.006
2589,0.413,0.228,0,0.002,0.107,0,0,,0,,,,0,,,,,0,0,0,0,0,0,0,0,1,0,1,0,1,2,0,0,0,0,0,0,272,0,0.001,0.004
2590,1.012,0.906,0,0.002,0.044,0,0,,0,,,,0,,,,,0,0,0,0,0,0,0,0,1,0,1,0,1,2,0,0,0,0,0,0,272,0,0.001,0.003
2591,0.247,0.175,0.001,0.001,0.028,0,0,,0,,,,0,,,,,0,0,0,0,0,0,0,0,1,0,1,0,1,2,0,0,0,0,0,0,272,0,0,0.002
2592,1.971,1.896,0,0.002,0.033,0,0,,0,,,,0,,,,,0,0,0,0,0,0,0,0,1,0,1,0,1,2,0,0,0,0,0,0,272,0,0,0.002
2593,0.942,0.852,0,0.001,0.038,0,0,,0,,,,0,,,,,0,0,0,0,0,0,0,0,1,0,1,0,1,2,0,0,0,0,0,0,272,0,0,0.003
2594,0.637,0.532,0.001,0.001,0.051,0,0,,0,,,,0,,,,,0,0,0,0,0,0,0,0,1,0,1,0,1,2,0,0,0,0,0,0,272,0,0.001,0.002
2595,0.571,0.424,0,0.003,0.061,0,0,,0,,,,0,,,,,0,0,0,0,0,0,0,0,1,0,1,0,1,2,0,0,0,0,0,0,272,0,0.001,0.004
2596,0.809,0.667,0,0.003,0.054,0,0,,0,,,,0,,,,,0,0,0,0,0,0,0,0,1,0,1,0,1,2,0,0,0,0,0,0,272,0.001,0.001,0.005
2597,0.434,0.327,0,0.002,0.032,0,0,,0,,,,0,,,,,0,0,0,0,0,0,0,0,1,0,1,0,1,2,0,0,0,0,0,0,272,0,0,0.005
2598,0.899,0.743,0,0.003,0.072,0,0,,0,,,,0,,,,,0,0,0,0,0,0,0,0,1,0,1,0,1,2,0,0,0,0,0,0,272,0,0.001,0.004
2599,0.808,0.659,0,0.003,0.062,0,0,,0,,,,0,,,,,0,0,0,0,0,0,0,0,1,0,1,0,1,2,0,0,0,0,0,0,272,0,0.001,0.004
2600,0.441,0.314,0,0.002,0.052,0,0,,0,,,,0,,,,,0,0,0,0,0,0,0,0,1,0,1,0,1,2,0,0,0,0,0,0,272,0,0.001,0.004
2601,0.666,0.531,0,0.002,0.062,0,0,,0,,,,0,,,,,0,0,0,0,0,0,0,0,1,0,1,0,1,2,0,0,0,0,0,0,272,0,0,0.003
2602,2.515,2.37,0.001,0.002,0.049,0,0,,0,,,,0,,,,,0,0,0,0,0,0,0,0,1,0,1,0,1,2,0,0,0,0,0,0,272,0,0.001,0.005
2603,0.324,0.246,0,0.002,0.03,0,0,,0,,,,0,,,,,0,0,0,0,0,0,0,0,1,0,1,0,1,2,0,0,0,0,0,0,272,0,0.001,0.002
2604,0.572,0.471,0.001,0.001,0.053,0,0,,0,,,,0,,,,,0,0,0,0,0,0,0,0,1,0,1,0,1,2,0,0,0,0,0,0,272,0,0,0.003
2605,0.774,0.585,0,0.003,0.067,0,0,,0,,,,0,,,,,0,0,0,0,0,0,0,0,1,0,1,0,1,2,0,0,0,0,0,0,272,0,0.001,0.005
2606,0.574,0.424,0.001,0.002,0.069,0,0,,0,,,,0,,,,,0,0,0,0,0,0,0,0,1,0,1,0,1,2,0,0,0,0,0,0,272,0,0,0.004
2607,0.751,0.535,0,0.004,0.07,0,0,,0,,,,0,,,,,0,0,0,0,0,0,0,0,1,0,1,0,1,2,0,0,0,0,0,0,272,0.001,0.002,0.006
2608,0.491,0.371,0.001,0.001,0.051,0,0,,0,,,,0,,,,,0,0,0,0,0,0,0,0,1,0,1,0,1,2,0,0,0,0,0,0,272,0,0,0.003
2609,0.784,0.639,0.001,0.002,0.072,0,0,,0,,,,0,,,,,0,0,0,0,0,0,0,0,1,0,1,0,1,2,0,0,0,0,0,0,272,0,0.001,0.003
2610,0.592,0.497,0,0.001,0.065,0,0,,1,1375,230305792,286642176,1,62503872,62503872,135081984,38823561584,0,0,0,0,0,0,0,0,1,0,1,0,1,2,0,0,0,0,0,0,272,0,0,0.001
2611,0.663,0.53,0.001,0.002,0.067,0,0,,0,,,,0,,,,,0,0,0,0,0,0,0,0,1,0,1,0,1,2,0,0,0,0,0,0,272,0,0,0.004
2612,1.699,1.582,0,0.002,0.048,0,0,,0,,,,0,,,,,0,0,0,0,0,0,0,0,1,0,1,0,1,2,0,0,0,0,0,0,272,0,0.001,0.003
2613,1.184,0.963,0.001,0.004,0.092,0,0,,0,,,,0,,,,,0,0,0,0,0,0,0,0,1,0,1,0,1,2,0,0,0,0,0,0,272,0.001,0.001,0.007
2614,0.576,0.435,0,0.002,0.068,0,0,,0,,,,0,,,,,0,0,0,0,0,0,0,0,1,0,1,0,1,2,0,0,0,0,0,0,272,0,0,0.005
2615,0.655,0.534,0,0.003,0.04,0,0,,0,,,,0,,,,,0,0,0,0,0,0,0,0,1,0,1,0,1,2,0,0,0,0,0,0,272,0,0.001,0.004
2616,1.358,1.098,0,0.005,0.086,0,0,,0,,,,0,,,,,0,0,0,0,0,0,0,0,1,0,1,0,1,2,0,0,0,0,0,0,272,0,0.002,0.009
2617,0.059,0.001,0,0.002,0.011,0,0,,0,,,,0,,,,,0,0,0,0,0,0,0,0,1,0,1,0,1,2,0,0,0,0,0,0,272,0,0.001,0.002
2618,1.13,0.976,0,0.002,0.059,0,0,,0,,,,0,,,,,0,0,0,0,0,0,0,0,1,0,1,0,1,2,0,0,0,0,0,0,272,0,0.001,0.004
2619,0.372,0.228,0,0.002,0.038,0,0,,0,,,,0,,,,,0,0,0,0,0,0,0,0,1,0,1,0,1,2,0,0,0,0,0,0,272,0,0.001,0.005
2620,0.837,0.695,0,0.002,0.072,0,0,,0,,,,0,,,,,0,0,0,0,0,0,0,0,1,0,1,0,1,2,0,0,0,0,0,0,272,0,0,0.003
2621,2.584,2.488,0,0.002,0.027,0,0,,0,,,,0,,,,,0,0,0,0,0,0,0,0,1,0,1,0,1,2,0,0,0,0,0,0,272,0,0.001,0.004
2622,0.712,0.672,0,0.001,0.014,0,0,,0,,,,0,,,,,0,0,0,0,0,0,0,0,1,0,1,0,1,2,0,0,0,0,0,0,272,0,0,0.001
2623,0.98,0.771,0,0.005,0.037,0,0,,0,,,,0,,,,,0,0,0,0,0,0,0,0,1,0,1,0,1,2,0,0,0,0,0,0,272,0,0.002,0.008
2624,0.705,0.61,0,0.003,0.029,0,0,,0,,,,0,,,,,0,0,0,0,0,0,0,0,1,0,1,0,1,2,0,0,0,0,0,0,272,0,0.001,0.003
2625,0.722,0.615,0.001,0.002,0.034,0,0,,0,,,,0,,,,,0,0,0,0,0,0,0,0,1,0,1,0,1,2,0,0,0,0,0,0,272,0,0.001,0.004
2626,0.834,0.669,0,0.003,0.064,0,0,,0,,,,0,,,,,0,0,0,0,0,0,0,0,1,0,1,0,1,2,0,0,0,0,0,0,272,0,0.001,0.004
2627,0.71,0.611,0,0.002,0.03,0,0,,0,,,,0,,,,,0,0,0,0,0,0,0,0,1,0,1,0,1,2,0,0,0,0,0,0,272,0.001,0,0.003
2628,0.755,0.663,0,0.002,0.03,0,0,,0,,,,0,,,,,0,0,0,0,0,0,0,0,1,0,1,0,1,2,0,0,0,0,0,0,272,0,0,0.003
2629,0.75,0.683,0.001,0.001,0.014,0,0,,0,,,,0,,,,,0,0,0,0,0,0,0,0,1,0,1,0,1,2,0,0,0,0,0,0,272,0,0.001,0.001
2630,1.991,1.85,0,0.003,0.061,0,0,,0,,,,0,,,,,0,0,0,0,0,0,0,0,1,0,1,0,1,2,0,0,0,0,0,0,272,0,0.001,0.003
2631,0.747,0.659,0,0.001,0.042,0,0,,0,,,,0,,,,,0,0,0,0,0,0,0,0,1,0,1,0,1,2,0,0,0,0,0,0,272,0,0,0.003
2632,0.96,0.701,0.001,0.004,0.106,0,0,,0,,,,0,,,,,0,0,0,0,0,0,0,0,1,0,1,0,1,2,0,0,0,0,0,0,272,0,0.002,0.007
2633,0.665,0.546,0,0.002,0.038,0,0,,0,,,,0,,,,,0,0,0,0,0,0,0,0,1,0,1,0,1,2,0,0,0,0,0,0,272,0,0.001,0.005
2634,0.891,0.743,0,0.002,0.075,0,0,,0,,,,0,,,,,0,0,0,0,0,0,0,0,1,0,1,0,1,2,0,0,0,0,0,0,272,0,0.001,0.003
2635,1.121,0.863,0,0.002,0.13,0,0,,0,,,,0,,,,,0,0,0,0,0,0,0,0,1,0,1,0,1,2,0,0,0,0,0,0,272,0,0.001,0.007
2636,0.791,0.533,0.001,0.003,0.161,0,0,,0,,,,0,,,,,0,0,0,0,0,0,0,0,1,0,1,0,1,2,0,0,0,0,0,0,272,0,0,0.006
2637,0.642,0.509,0,0.002,0.055,0,0,,0,,,,0,,,,,0,0,0,0,0,0,0,0,1,0,1,0,1,2,0,0,0,0,0,0,272,0,0,0.003
2638,2.579,2.418,0,0.004,0.04,0,0,,0,,,,0,,,,,0,0,0,0,0,0,0,0,1,0,1,0,1,2,0,0,0,0,0,0,272,0,0.001,0.008
2639,0.683,0.612,0,0.002,0.024,0,0,,0,,,,0,,,,,0,0,0,0,0,0,0,0,1,0,1,0,1,2,0,0,0,0,0,0,272,0,0.001,0.002
2640,0.878,0.716,0.001,0.004,0.033,0,0,,1,1390.625,230305792,286642176,1,62503872,62503872,135081984,38823561584,0,0,0,0,0,0,0,0,1,0,1,0,1,2,0,0,0,0,0,0,272,0,0.001,0.004
2641,0.695,0.59,0,0.002,0.032,0,0,,0,,,,0,,,,,0,0,0,0,0,0,0,0,1,0,1,0,1,2,0,0,0,0,0,0,272,0.001,0.001,0.003
2642,2.481,2.028,0.001,0.003,0.081,0,0,,0,,,,0,,,,,0,0,0,0,0,0,0,0,1,0,1,0,1,2,0,0,0,0,0,0,272,0.001,0.001,0.007
2643,2.449,2.263,0.001,0.003,0.054,0,0,,0,,,,0,,,,,0,0,0,0,0,0,0,0,1,0,1,0,1,2,0,0,0,0,0,0,272,0,0.001,0.007
2644,14.276,14.015,0,0.007,0.081,0,0,,0,,,,0,,,,,0,0,0,0,0,0,0,0,1,0,1,0,1,2,0,0,0,0,0,0,272,0,0.003,0.011
2645,6.868,6.647,0.001,0.006,0.056,0,0,,0,,,,0,,,,,0,0,0,0,0,0,0,0,1,0,1,0,1,2,0,0,0,0,0,0,272,0,0.002,0.01
2646,6.053,5.886,0.001,0.005,0.041,0,0,,0,,,,0,,,,,0,0,0,0,0,0,0,0,1,0,1,0,1,2,0,0,0,0,0,0,272,0,0.002,0.007
2647,0.721,0.601,0,0.003,0.043,0,0,,0,,,,0,,,,,0,0,0,0,0,0,0,0,1,0,1,0,1,2,0,0,0,0,0,0,272,0.001,0,0.003
2648,0.765,0.679,0,0.001,0.04,0,0,,0,,,,0,,,,,0,0,0,0,0,0,0,0,1,0,1,0,1,2,0,0,0,0,0,0,272,0,0,0.003
2649,1.295,1.16,0.001,0.002,0.053,0,0,,0,,,,0,,,,,0,0,0,0,0,0,0,0,1,0,1,0,1,2,0,0,0,0,0,0,272,0,0.001,0.004
2650,0.386,0.268,0,0.003,0.044,0,0,,0,,,,0,,,,,0,0,0,0,0,0,0,0,1,0,1,0,1,2,0,0,0,0,0,0,272,0,0,0.004
2651,1.021,0.895,0,0.002,0.053,0,0,,0,,,,0,,,,,0,0,0,0,0,0,0,0,1,0,1,0,1,2,0,0,0,0,0,0,272,0,0.001,0.004
2652,0.756,0.63,0,0.002,0.053,0,0,,0,,,,0,,,,,0,0,0,0,0,0,0,0,1,0,1,0,1,2,0,0,0,0,0,0,272,0,0,0.004
2653,0.753,0.633,0,0.002,0.052,0,0,,0,,,,0,,,,,0,0,0,0,0,0,0,0,1,0,1,0,1,2,0,0,0,0,0,0,272,0.001,0.001,0.003
2654,1.867,1.74,0,0.01,0.025,0,0,,0,,,,0,,,,,0,0,0,0,0,0,0,0,1,0,1,0,1,2,0,0,0,0,0,0,272,0,0.001,0.004
2655,1.663,1.481,0,0.004,0.076,0,0,,0,,,,0,,,,,0,0,0,0,0,0,0,0,1,0,1,0,1,2,0,0,0,0,0,0,272,0,0.001,0.005
2656,0.89,0.259,0,0.003,0.539,0,0,,0,,,,0,,,,,0,0,0,0,0,0,0,0,1,0,1,0,1,2,0,0,0,0,0,0,272,0,0.001,0.005
2657,0.617,0.18,0.001,0.003,0.332,0,0,,0,,,,0,,,,,0,0,0,0,0,0,0,0,1,0,1,0,1,2,0,0,0,0,0,0,272,0,0.001,0.005
2658,1.127,0.961,0,0.004,0.054,0,0,,0,,,,0,,,,,0,0,0,0,0,0,0,0,1,0,1,0,1,2,0,0,0,0,0,0,272,0,0.001,0.006
2659,0.727,0.56,0,0.004,0.042,0,0,,0,,,,0,,,,,0,0,0,0,0,0,0,0,1,0,1,0,1,2,0,0,0,0,0,0,272,0.001,0.001,0.006
2660,2.64,2.493,0,0.003,0.05,0,0,,0,,,,0,,,,,0,0,0,0,0,0,0,0,1,0,1,0,1,2,0,0,0,0,0,0,272,0,0.002,0.006
2661,0.404,0.327,0,0.002,0.026,0,0,,0,,,,0,,,,,0,0,0,0,0,0,0,0,1,0,1,0,1,2,0,0,0,0,0,0,272,0,0,0.003
2662,0.785,0.698,0,0.001,0.038,0,0,,0,,,,0,,,,,0,0,0,0,0,0,0,0,1,0,1,0,1,2,0,0,0,0,0,0,272,0.001,0,0.003
2663,1.031,0.928,0,0.002,0.041,0,0,,0,,,,0,,,,,0,0,0,0,0,0,0,0,1,0,1,0,1,2,0,0,0,0,0,0,272,0,0,0.003
2664,0.992,0.883,0.001,0.002,0.046,0,0,,0,,,,0,,,,,0,0,0,0,0,0,0,0,1,0,1,0,1,2,0,0,0,0,0,0,272,0,0,0.004
2665,0.774,0.645,0.001,0.002,0.052,0,0,,0,,,,0,,,,,0,0,0,0,0,0,0,0,1,0,1,0,1,2,0,0,0,0,0,0,272,0,0.001,0.004
2666,0.73,0.62,0,0.002,0.045,0,0,,0,,,,0,,,,,0,0,0,0,0,0,0,0,1,0,1,0,1,2,0,0,0,0,0,0,272,0,0,0.004
2667,0.785,0.661,0,0.003,0.05,0,0,,0,,,,0,,,,,0,0,0,0,0,0,0,0,1,0,1,0,1,2,0,0,0,0,0,0,272,0,0.001,0.004
2668,1.637,1.519,0,0.002,0.051,0,0,,0,,,,0,,,,,0,0,0,0,0,0,0,0,1,0,1,0,1,2,0,0,0,0,0,0,272,0,0.001,0.003
2669,1.622,1.521,0,0.002,0.043,0,0,,0,,,,0,,,,,0,0,0,0,0,0,0,0,1,0,1,0,1,2,0,0,0,0,0,0,272,0,0.001,0.003
2670,0.298,0.236,0,0.001,0.025,0,0,,1,1421.875,230309888,286642176,1,62503872,62503872,135081984,38823561584,0,0,0,0,0,0,0,0,1,0,1,0,1,2,0,0,0,0,0,0,272,0,0,0.002
2671,0.794,0.679,0.001,0.002,0.051,0,0,,0,,,,0,,,,,0,0,0,0,0,0,0,0,1,0,1,0,1,2,0,0,0,0,0,0,272,0,0.001,0.003
2672,1.196,0.647,0,0.004,0.052,0,0,,0,,,,0,,,,,0,0,0,0,0,0,0,0,1,0,1,0,1,2,0,0,0,0,0,0,272,0.001,0.001,0.006
2673,0.123,0.002,0.001,0.003,0.038,0,0,,0,,,,0,,,,,0,0,0,0,0,0,0,0,1,0,1,0,1,2,0,0,0,0,0,0,272,0.001,0,0.004
2674,2.501,2.346,0,0.003,0.059,0,0,,0,,,,0,,,,,0,0,0,0,0,0,0,0,1,0,1,0,1,2,0,0,0,0,0,0,272,0.001,0.001,0.004
2675,0.633,0.5,0.001,0.002,0.055,0,0,,0,,,,0,,,,,0,0,0,0,0,0,0,0,1,0,1,0,1,2,0,0,0,0,0,0,272,0,0.001,0.004
2676,1.563,1.454,0,0.002,0.045,0,0,,0,,,,0,,,,,0,0,0,0,0,0,0,0,1,0,1,0,1,2,0,0,0,0,0,0,272,0,0.001,0.003
2677,0.611,0.5,0,0.001,0.05,0,0,,0,,,,0,,,,,0,0,0,0,0,0,0,0,1,0,1,0,1,2,0,0,0,0,0,0,272,0,0,0.003
2678,0.812,0.699,0,0.002,0.043,0,0,,0,,,,0,,,,,0,0,0,0,0,0,0,0,1,0,1,0,1,2,0,0,0,0,0,0,272,0,0.001,0.003
2679,0.8,0.696,0,0.002,0.046,0,0,,0,,,,0,,,,,0,0,0,0,0,0,0,0,1,0,1,0,1,2,0,0,0,0,0,0,272,0,0.001,0.003
2680,0.68,0.569,0,0.002,0.047,0,0,,0,,,,0,,,,,0,0,0,0,0,0,0,0,1,0,1,0,1,2,0,0,0,0,0,0,272,0,0.001,0.003
2681,0.737,0.63,0.001,0.001,0.045,0,0,,0,,,,0,,,,,0,0,0,0,0,0,0,0,1,0,1,0,1,2,0,0,0,0,0,0,272,0,0.001,0.003
2682,0.889,0.781,0,0.002,0.048,0,0,,0,,,,0,,,,,0,0,0,0,0,0,0,0,1,0,1,0,1,2,0,0,0,0,0,0,272,0,0.001,0.003
2683,0.47,0.282,0,0.003,0.091,0,0,,0,,,,0,,,,,0,0,0,0,0,0,0,0,1,0,1,0,1,2,0,0,0,0,0,0,272,0.001,0,0.004
2684,0.743,0.594,0.001,0.001,0.065,0,0,,0,,,,0,,,,,0,0,0,0,0,0,0,0,1,0,1,0,1,2,0,0,0,0,0,0,272,0,0,0.004
2685,2.537,2.456,0,0.002,0.033,0,0,,0,,,,0,,,,,0,0,0,0,0,0,0,0,1,0,1,0,1,2,0,0,0,0,0,0,272,0,0.001,0.002
2686,0.868,0.72,0,0.003,0.07,0,0,,0,,,,0,,,,,0,0,0,0,0,0,0,0,1,0,1,0,1,2,0,0,0,0,0,0,272,0,0.001,0.004
2687,0.775,0.638,0,0.002,0.069,0,0,,0,,,,0,,,,,0,0,0,0,0,0,0,0,1,0,1,0,1,2,0,0,0,0,0,0,272,0,0.001,0.003
2688,0.833,0.659,0.001,0.004,0.065,0,0,,0,,,,0,,,,,0,0,0,0,0,0,0,0,1,0,1,0,1,2,0,0,0,0,0,0,272,0.001,0.001,0.006
2689,0.671,0.575,0,0.003,0.027,0,0,,0,,,,0,,,,,0,0,0,0,0,0,0,0,1,0,1,0,1,2,0,0,0,0,0,0,272,0,0.001,0.004
2690,2.281,2.039,0,0.005,0.084,0,0,,0,,,,0,,,,,0,0,0,0,0,0,0,0,1,0,1,0,1,2,0,0,0,0,0,0,272,0,0.001,0.009
2691,0.61,0.499,0,0.003,0.042,0,0,,0,,,,0,,,,,0,0,0,0,0,0,0,0,1,0,1,0,1,2,0,0,0,0,0,0,272,0,0.001,0.004
2692,1.582,1.501,0,0.001,0.035,0,0,,0,,,,0,,,,,0,0,0,0,0,0,0,0,1,0,1,0,1,2,0,0,0,0,0,0,272,0.001,0,0.003
2693,0.811,0.744,0,0.001,0.032,0,0,,0,,,,0,,,,,0,0,0,0,0,0,0,0,1,0,1,0,1,2,0,0,0,0,0,0,272,0,0.001,0.002
2694,0.802,0.734,0,0.001,0.027,0,0,,0,,,,0,,,,,0,0,0,0,0,0,0,0,1,0,1,0,1,2,0,0,0,0,0,0,272,0,0,0.003
2695,0.828,0.743,0,0.002,0.037,0,0,,0,,,,0,,,,,0,0,0,0,0,0,0,0,1,0,1,0,1,2,0,0,0,0,0,0,272,0,0.001,0.003
2696,0.787,0.713,0,0.001,0.034,0,0,,0,,,,0,,,,,0,0,0,0,0,0,0,0,1,0,1,0,1,2,0,0,0,0,0,0,272,0,0.001,0.002
2697,0.951,0.75,0.001,0.003,0.078,0,0,,0,,,,0,,,,,0,0,0,0,0,0,0,0,1,0,1,0,1,2,0,0,0,0,0,0,272,0.001,0.001,0.006
2698,0.745,0.599,0,0.002,0.071,0,0,,0,,,,0,,,,,0,0,0,0,0,0,0,0,1,0,1,0,1,2,0,0,0,0,0,0,272,0,0.001,0.004
2699,0.929,0.632,0,0.005,0.11,0,0,,0,,,,0,,,,,0,0,0,0,0,0,0,0,1,0,1,0,1,2,0,0,0,0,0,0,272,0,0.002,0.009
2700,2.404,2.211,0.001,0.003,0.091,0,0,,1,1437.5,230375424,286642176,1,62503872,62503872,135081984,38823561584,0,0,0,0,0,0,0,0,1,0,1,0,1,2,0,0,0,0,0,0,272,0,0,0.005
2701,0.751,0.574,0,0.002,0.09,0,0,,0,,,,0,,,,,0,0,0,0,0,0,0,0,1,0,1,0,1,2,0,0,0,0,0,0,272,0,0.001,0.004
2702,0.784,0.616,0,0.002,0.088,0,0,,0,,,,0,,,,,0,0,0,0,0,0,0,0,1,0,1,0,1,2,0,0,0,0,0,0,272,0,0.001,0.004
2703,0.865,0.634,0,0.006,0.121,0,0,,0,,,,0,,,,,0,0,0,0,0,0,0,0,1,0,1,0,1,2,0,0,0,0,0,0,272,0.001,0.002,0.005
2704,0.705,0.546,0.001,0.004,0.04,0,0,,0,,,,0,,,,,0,0,0,0,0,0,0,0,1,0,1,0,1,2,0,0,0,0,0,0,272,0,0.002,0.007
2705,0.763,0.64,0.001,0.002,0.039,0,0,,0,,,,0,,,,,0,0,0,0,0,0,0,0,1,0,1,0,1,2,0,0,0,0,0,0,272,0.001,0.001,0.005
2706,0.85,0.65,0.001,0.004,0.059,0,0,,0,,,,0,,,,,0,0,0,0,0,0,0,0,1,0,1,0,1,2,0,0,0,0,0,0,272,0.001,0.002,0.009
2707,1.408,1.285,0,0.003,0.039,0,0,,0,,,,0,,,,,0,0,0,0,0,0,0,0,1,0,1,0,1,2,0,0,0,0,0,0,272,0,0,0.005
2708,3.751,3.468,0.001,0.004,0.112,0,0,,0,,,,0,,,,,0,0,0,0,0,0,0,0,1,0,1,0,1,2,0,0,0,0,0,0,272,0.001,0.002,0.011
2709,0.692,0.528,0,0.003,0.077,0,0,,0,,,,0,,,,,0,0,0,0,0,0,0,0,1,0,1,0,1,2,0,0,0,0,0,0,272,0,0,0.005
2710,0.786,0.641,0,0.001,0.073,0,0,,0,,,,0,,,,,0,0,0,0,0,0,0,0,1,0,1,0,1,2,0,0,0,0,0,0,272,0,0,0.003
2711,0.882,0.637,0,0.005,0.086,0,0,,0,,,,0,,,,,0,0,0,0,0,0,0,0,1,0,1,0,1,2,0,0,0,0,0,0,272,0.001,0.001,0.008
2712,0.647,0.544,0,0.002,0.039,0,0,,0,,,,0,,,,,0,0,0,0,0,0,0,0,1,0,1,0,1,2,0,0,0,0,0,0,272,0,0.001,0.003
2713,0.846,0.679,0,0.002,0.08,0,0,,0,,,,0,,,,,0,0,0,0,0,0,0,0,1,0,1,0,1,2,0,0,0,0,0,0,272,0,0.001,0.003
2714,0.809,0.627,0,0.002,0.087,0,0,,0,,,,0,,,,,0,0,0,0,0,0,0,0,1,0,1,0,1,2,0,0,0,0,0,0,272,0.001,0.001,0.005
2715,0.763,0.613,0.001,0.005,0.043,0,0,,0,,,,0,,,,,0,0,0,0,0,0,0,0,1,0,1,0,1,2,0,0,0,0,0,0,272,0,0.001,0.005
2716,5.788,5.633,0,0.004,0.03,0,0,,0,,,,0,,,,,0,0,0,0,0,0,0,0,1,0,1,0,1,2,0,0,0,0,0,0,272,0,0.002,0.008
2717,13.766,13.505,0,0.006,0.053,0,0,,0,,,,0,,,,,0,0,0,0,0,0,0,0,1,0,1,0,1,2,0,0,0,0,0,0,272,0.001,0.002,0.011
2718,0.642,0.186,0,0.003,0.359,0,0,,0,,,,0,,,,,0,0,0,0,0,0,0,0,1,0,1,0,1,2,0,0,0,0,0,0,272,0.001,0.001,0.006
2719,0.27,0.002,0.001,0.003,0.158,0,0,,0,,,,0,,,,,0,0,0,0,0,0,0,0,1,0,1,0,1,2,0,0,0,0,0,0,272,0.001,0.001,0.006
2720,0.448,0.331,0,0.002,0.036,0,0,,0,,,,0,,,,,0,0,0,0,0,0,0,0,1,0,1,0,1,2,0,0,0,0,0,0,272,0.001,0.001,0.004
2721,0.322,0.001,0,0.003,0.219,0,0,,0,,,,0,,,,,0,0,0,0,0,0,0,0,1,0,1,0,1,2,0,0,0,0,0,0,272,0,0.001,0.004
2722,0.411,0.102,0,0.002,0.231,0,0,,0,,,,0,,,,,0,0,0,0,0,0,0,0,1,0,1,0,1,2,0,0,0,0,0,0,272,0.001,0.001,0.005
2723,1.01,0.741,0.001,0.006,0.078,0,0,,0,,,,0,,,,,0,0,0,0,0,0,0,0,1,0,1,0,1,2,0,0,0,0,0,0,272,0.001,0.002,0.01
2724,0.329,0.183,0,0.002,0.094,0,0,,0,,,,0,,,,,0,0,0,0,0,0,0,0,1,0,1,0,1,2,0,0,0,0,0,0,272,0,0.001,0.002
2725,1.046,0.904,0,0.002,0.061,0,0,,0,,,,0,,,,,0,0,0,0,0,0,0,0,1,0,1,0,1,2,0,0,0,0,0,0,272,0,0,0.004
2726,0.812,0.663,0,0.003,0.07,0,0,,0,,,,0,,,,,0,0,0,0,0,0,0,0,1,0,1,0,1,2,0,0,0,0,0,0,272,0,0,0.004
2727,0.667,0.507,0,0.002,0.082,0,0,,0,,,,0,,,,,0,0,0,0,0,0,0,0,1,0,1,0,1,2,0,0,0,0,0,0,272,0,0,0.005
2728,0.459,0.304,0,0.001,0.081,0,0,,0,,,,0,,,,,0,0,0,0,0,0,0,0,1,0,1,0,1,2,0,0,0,0,0,0,272,0,0.001,0.004
2729,0.366,0.296,0,0.001,0.038,0,0,,0,,,,0,,,,,0,0,0,0,0,0,0,0,1,0,1,0,1,2,0,0,0,0,0,0,272,0,0,0.001
2730,0.568,0.424,0,0.001,0.077,0,0,,1,1437.5,230375424,286642176,1,62503872,62503872,135081984,38823561584,0,0,0,0,0,0,0,0,1,0,1,0,1,2,0,0,0,0,0,0,272,0,0.001,0.003
2731,0.46,0.291,0.001,0.003,0.051,0,0,,0,,,,0,,,,,0,0,0,0,0,0,0,0,1,0,1,0,1,2,0,0,0,0,0,0,272,0,0.001,0.006
2732,0.449,0.294,0.001,0.002,0.096,0,0,,0,,,,0,,,,,0,0,0,0,0,0,0,0,1,0,1,0,1,2,0,0,0,0,0,0,272,0,0.001,0.002
2733,0.413,0.324,0,0.002,0.031,0,0,,0,,,,0,,,,,0,0,0,0,0,0,0,0,1,0,1,0,1,2,0,0,0,0,0,0,272,0.001,0.001,0.003
2734,0.571,0.42,0,0.001,0.072,0,0,,0,,,,0,,,,,0,0,0,0,0,0,0,0,1,0,1,0,1,2,0,0,0,0,0,0,272,0,0.001,0.004
2735,0.448,0.305,0,0.002,0.072,0,0,,0,,,,0,,,,,0,0,0,0,0,0,0,0,1,0,1,0,1,2,0,0,0,0,0,0,272,0,0.001,0.003
2736,0.436,0.315,0,0.001,0.074,0,0,,0,,,,0,,,,,0,0,0,0,0,0,0,0,1,0,1,0,1,2,0,0,0,0,0,0,272,0,0,0.002
2737,0.514,0.372,0,0.002,0.074,0,0,,0,,,,0,,,,,0,0,0,0,0,0,0,0,1,0,1,0,1,2,0,0,0,0,0,0,272,0,0,0.003
2738,0.465,0.341,0,0.001,0.075,0,0,,0,,,,0,,,,,0,0,0,0,0,0,0,0,1,0,1,0,1,2,0,0,0,0,0,0,272,0,0,0.002
2739,0.501,0.352,0,0.002,0.038,0,0,,0,,,,0,,,,,0,0,0,0,0,0,0,0,1,0,1,0,1,2,0,0,0,0,0,0,272,0,0,0.004
2740,0.408,0.347,0,0.001,0.024,0,0,,0,,,,0,,,,,0,0,0,0,0,0,0,0,1,0,1,0,1,2,0,0,0,0,0,0,272,0,0.001,0.001
2741,1.535,1.362,0,0.003,0.059,0,0,,0,,,,0,,,,,0,0,0,0,0,0,0,0,1,0,1,0,1,2,0,0,0,0,0,0,272,0.001,0.001,0.006
2742,0.831,0.677,0,0.003,0.076,0,0,,0,,,,0,,,,,0,0,0,0,0,0,0,0,1,0,1,0,1,2,0,0,0,0,0,0,272,0,0.001,0.004
2743,0.451,0.303,0.001,0.001,0.074,0,0,,0,,,,0,,,,,0,0,0,0,0,0,0,0,1,0,1,0,1,2,0,0,0,0,0,0,272,0,0,0.004
2744,0.464,0.331,0,0.001,0.076,0,0,,0,,,,0,,,,,0,0,0,0,0,0,0,0,1,0,1,0,1,2,0,0,0,0,0,0,272,0,0,0.003
2745,0.934,0.752,0.001,0.004,0.071,0,0,,0,,,,0,,,,,0,0,0,0,0,0,0,0,1,0,1,0,1,2,0,0,0,0,0,0,272,0,0.001,0.006
2746,0.905,0.001,0.001,0.001,0.857,0,0,,0,,,,0,,,,,0,0,0,0,0,0,0,0,1,0,1,0,1,2,0,0,0,0,0,0,272,0.001,0,0.003
2747,0.616,0.003,0,0.004,0.458,0,0,,0,,,,0,,,,,0,0,0,0,0,0,0,0,1,0,1,0,1,2,0,0,0,0,0,0,272,0,0.002,0.009
2748,0.662,0.001,0.001,0.004,0.336,0,0,,0,,,,0,,,,,0,0,0,0,0,0,0,0,1,0,1,0,1,2,0,0,0,0,0,0,272,0,0.001,0.007
2749,0.318,0.002,0,0.003,0.228,0,0,,0,,,,0,,,,,0,0,0,0,0,0,0,0,1,0,1,0,1,2,0,0,0,0,0,0,272,0,0.001,0.005
2750,0.298,0.001,0,0.002,0.238,0,0,,0,,,,0,,,,,0,0,0,0,0,0,0,0,1,0,1,0,1,2,0,0,0,0,0,0,272,0,0.001,0.003
2751,0.277,0.198,0,0.002,0.03,0,0,,0,,,,0,,,,,0,0,0,0,0,0,0,0,1,0,1,0,1,2,0,0,0,0,0,0,272,0,0,0.002
2752,1.448,1.236,0.001,0.005,0.059,0,0,,0,,,,0,,,,,0,0,0,0,0,0,0,0,1,0,1,0,1,2,0,0,0,0,0,0,272,0,0.002,0.01
2753,0.747,0.579,0,0.002,0.078,0,0,,0,,,,0,,,,,0,0,0,0,0,0,0,0,1,0,1,0,1,2,0,0,0,0,0,0,272,0.001,0,0.005
2754,0.497,0.339,0.001,0.002,0.077,0,0,,0,,,,0,,,,,0,0,0,0,0,0,0,0,1,0,1,0,1,2,0,0,0,0,0,0,272,0,0.001,0.005
2755,1.751,1.601,0.001,0.001,0.079,0,0,,0,,,,0,,,,,0,0,0,0,0,0,0,0,1,0,1,0,1,2,0,0,0,0,0,0,272,0.001,0,0.004
2756,1.758,1.616,0,0.002,0.071,0,0,,0,,,,0,,,,,0,0,0,0,0,0,0,0,1,0,1,0,1,2,0,0,0,0,0,0,272,0,0,0.004
2757,2.135,1.909,0.001,0.004,0.071,0,0,,0,,,,0,,,,,0,0,0,0,0,0,0,0,1,0,1,0,1,2,0,0,0,0,0,0,272,0.001,0.002,0.008
2758,2.288,2.145,0.001,0.003,0.057,0,0,,0,,,,0,,,,,0,0,0,0,0,0,0,0,1,0,1,0,1,2,0,0,0,0,0,0,272,0,0,0.006
2759,0.688,0.504,0,0.003,0.085,0,0,,0,,,,0,,,,,0,0,0,0,0,0,0,0,1,0,1,0,1,2,0,0,0,0,0,0,272,0,0.001,0.005
2760,0.589,0.465,0.001,0.001,0.062,0,0,,1,1453.125,230375424,286642176,1,62503872,62503872,135081984,38823561584,0,0,0,0,0,0,0,0,1,0,1,0,1,2,0,0,0,0,0,0,272,0.001,0,0.004
2761,0.698,0.505,0.001,0.003,0.057,0,0,,0,,,,0,,,,,0,0,0,0,0,0,0,0,1,0,1,0,1,2,0,0,0,0,0,0,272,0.001,0.001,0.004
2762,0.598,0.461,0,0.003,0.058,0,0,,0,,,,0,,,,,0,0,0,0,0,0,0,0,1,0,1,0,1,2,0,0,0,0,0,0,272,0.001,0,0.005
2763,0.621,0.527,0,0.001,0.037,0,0,,0,,,,0,,,,,0,0,0,0,0,0,0,0,1,0,1,0,1,2,0,0,0,0,0,0,272,0,0.001,0.003
2764,0.773,0.641,0,0.002,0.051,0,0,,0,,,,0,,,,,0,0,0,0,0,0,0,0,1,0,1,0,1,2,0,0,0,0,0,0,272,0,0,0.004
2765,1.223,0.991,0,0.002,0.101,0,0,,0,,,,0,,,,,0,0,0,0,0,0,0,0,1,0,1,0,1,2,0,0,0,0,0,0,272,0,0.001,0.005
2766,2.176,1.994,0,0.002,0.059,0,0,,0,,,,0,,,,,0,0,0,0,0,0,0,0,1,0,1,0,1,2,0,0,0,0,0,0,272,0,0,0.005
2767,1.743,1.628,0,0.002,0.052,0,0,,0,,,,0,,,,,0,0,0,0,0,0,0,0,1,0,1,0,1,2,0,0,0,0,0,0,272,0,0.001,0.003
2768,1.323,1.167,0,0.003,0.058,0,0,,0,,,,0,,,,,0,0,0,0,0,0,0,0,1,0,1,0,1,2,0,0,0,0,0,0,272,0.001,0.001,0.005
2769,1.466,1.346,0.001,0.001,0.06,0,0,,0,,,,0,,,,,0,0,0,0,0,0,0,0,1,0,1,0,1,2,0,0,0,0,0,0,272,0,0.001,0.003
2770,1.182,1.011,0.001,0.002,0.074,0,0,,0,,,,0,,,,,0,0,0,0,0,0,0,0,1,0,1,0,1,2,0,0,0,0,0,0,272,0.001,0.001,0.005
2771,0.71,0.592,0,0.002,0.055,0,0,,0,,,,0,,,,,0,0,0,0,0,0,0,0,1,0,1,0,1,2,0,0,0,0,0,0,272,0,0.001,0.003
2772,1.789,1.687,0,0.001,0.042,0,0,,0,,,,0,,,,,0,0,0,0,0,0,0,0,1,0,1,0,1,2,0,0,0,0,0,0,272,0,0.001,0.003
2773,1.121,0.91,0,0.003,0.115,0,0,,0,,,,0,,,,,0,0,0,0,0,0,0,0,1,0,1,0,1,2,0,0,0,0,0,0,272,0.001,0.001,0.005
2774,0.339,0.003,0,0.004,0.183,0,0,,0,,,,0,,,,,0,0,0,0,0,0,0,0,1,0,1,0,1,2,0,0,0,0,0,0,272,0,0.002,0.008
2775,0.322,0.25,0,0.001,0.029,0,0,,0,,,,0,,,,,0,0,0,0,0,0,0,0,1,0,1,0,1,2,0,0,0,0,0,0,272,0,0.001,0.002
2776,0.785,0.607,0.001,0.003,0.079,0,0,,0,,,,0,,,,,0,0,0,0,0,0,0,0,1,0,1,0,1,2,0,0,0,0,0,0,272,0,0.001,0.005
2777,0.493,0.409,0,0.002,0.033,0,0,,0,,,,0,,,,,0,0,0,0,0,0,0,0,1,0,1,0,1,2,0,0,0,0,0,0,272,0,0.001,0.002
2778,0.773,0.608,0,0.002,0.044,0,0,,0,,,,0,,,,,0,0,0,0,0,0,0,0,1,0,1,0,1,2,0,0,0,0,0,0,272,0.001,0.021,0.006
2779,1.696,0.819,0,0.004,0.757,0,0,,0,,,,0,,,,,0,0,0,0,0,0,0,0,1,0,1,0,1,2,0,0,0,0,0,0,272,0,0.002,0.007
2780,0.937,0.761,0,0.003,0.069,0,0,,0,,,,0,,,,,0,0,0,0,0,0,0,0,1,0,1,0,1,2,0,0,0,0,0,0,272,0,0.001,0.005
2781,0.55,0.449,0,0.002,0.026,0,0,,0,,,,0,,,,,0,0,0,0,0,0,0,0,1,0,1,0,1,2,0,0,0,0,0,0,272,0.001,0.001,0.004
2782,1.129,1.028,0,0.002,0.033,0,0,,0,,,,0,,,,,0,0,0,0,0,0,0,0,1,0,1,0,1,2,0,0,0,0,0,0,272,0,0.001,0.004
2783,0.97,0.84,0.001,0.002,0.054,0,0,,0,,,,0,,,,,0,0,0,0,0,0,0,0,1,0,1,0,1,2,0,0,0,0,0,0,272,0,0.001,0.004
2784,0.61,0.514,0,0.001,0.045,0,0,,0,,,,0,,,,,0,0,0,0,0,0,0,0,1,0,1,0,1,2,0,0,0,0,0,0,272,0,0.001,0.003
2785,0.617,0.527,0,0.002,0.022,0,0,,0,,,,0,,,,,0,0,0,0,0,0,0,0,1,0,1,0,1,2,0,0,0,0,0,0,272,0.001,0.001,0.004
2786,0.614,0.561,0.001,0,0.018,0,0,,0,,,,0,,,,,0,0,0,0,0,0,0,0,1,0,1,0,1,2,0,0,0,0,0,0,272,0,0,0.002
2787,0.73,0.623,0,0.002,0.045,0,0,,0,,,,0,,,,,0,0,0,0,0,0,0,0,1,0,1,0,1,2,0,0,0,0,0,0,272,0,0,0.003
2788,0.752,0.637,0,0.003,0.043,0,0,,0,,,,0,,,,,0,0,0,0,0,0,0,0,1,0,1,0,1,2,0,0,0,0,0,0,272,0.001,0.001,0.004
2789,0.824,0.656,0,0.002,0.066,0,0,,0,,,,0,,,,,0,0,0,0,0,0,0,0,1,0,1,0,1,2,0,0,0,0,0,0,272,0,0,0.004
2790,0.72,0.597,0,0.002,0.062,0,0,,1,1484.375,230375424,286642176,1,62503872,62503872,135081984,38823561584,0,0,0,0,0,0,0,0,1,0,1,0,1,2,0,0,0,0,0,0,272,0,0,0.003
2791,2.359,2.23,0,0.003,0.03,0,0,,0,,,,0,,,,,0,0,0,0,0,0,0,0,1,0,1,0,1,2,0,0,0,0,0,0,272,0.001,0.002,0.005
2792,0.388,0.257,0,0.002,0.032,0,0,,0,,,,0,,,,,0,0,0,0,0,0,0,0,1,0,1,0,1,2,0,0,0,0,0,0,272,0,0.001,0.005
2793,0.857,0.658,0,0.004,0.04,0,0,,0,,,,0,,,,,0,0,0,0,0,0,0,0,1,0,1,0,1,2,0,0,0,0,0,0,272,0.001,0.002,0.008
2794,0.762,0.529,0,0.057,0.051,0,0,,0,,,,0,,,,,0,0,0,0,0,0,0,0,1,0,1,0,1,2,0,0,0,0,0,0,272,0.001,0.001,0.007
2795,0.648,0.52,0,0.002,0.064,0,0,,0,,,,0,,,,,0,0,0,0,0,0,0,0,1,0,1,0,1,2,0,0,0,0,0,0,272,0.001,0.001,0.003
2796,0.807,0.679,0,0.003,0.04,0,0,,0,,,,0,,,,,0,0,0,0,0,0,0,0,1,0,1,0,1,2,0,0,0,0,0,0,272,0,0.001,0.004
2797,0.955,0.742,0,0.004,0.076,0,0,,0,,,,0,,,,,0,0,0,0,0,0,0,0,1,0,1,0,1,2,0,0,0,0,0,0,272,0,0.001,0.008
2798,2.116,1.949,0.001,0.002,0.067,0,0,,0,,,,0,,,,,0,0,0,0,0,0,0,0,1,0,1,0,1,2,0,0,0,0,0,0,272,0,0.001,0.005
2799,1.52,1.36,0.001,0.002,0.072,0,0,,0,,,,0,,,,,0,0,0,0,0,0,0,0,1,0,1,0,1,2,0,0,0,0,0,0,272,0,0,0.004
2800,0.76,0.649,0,0.001,0.061,0,0,,0,,,,0,,,,,0,0,0,0,0,0,0,0,1,0,1,0,1,2,0,0,0,0,0,0,272,0,0,0.003
2801,0.914,0.686,0.001,0.004,0.102,0,0,,0,,,,0,,,,,0,0,0,0,0,0,0,0,1,0,1,0,1,2,0,0,0,0,0,0,272,0.001,0.001,0.007
2802,0.691,0.519,0,0.003,0.048,0,0,,0,,,,0,,,,,0,0,0,0,0,0,0,0,1,0,1,0,1,2,0,0,0,0,0,0,272,0.001,0.002,0.006
2803,0.816,0.604,0,0.003,0.087,0,0,,0,,,,0,,,,,0,0,0,0,0,0,0,0,1,0,1,0,1,2,0,0,0,0,0,0,272,0.001,0.001,0.006
2804,0.694,0.557,0.001,0.001,0.065,0,0,,0,,,,0,,,,,0,0,0,0,0,0,0,0,1,0,1,0,1,2,0,0,0,0,0,0,272,0,0,0.004
2805,0.695,0.601,0.001,0.001,0.035,0,0,,0,,,,0,,,,,0,0,0,0,0,0,0,0,1,0,1,0,1,2,0,0,0,0,0,0,272,0,0.001,0.003
2806,0.788,0.686,0,0.001,0.044,0,0,,0,,,,0,,,,,0,0,0,0,0,0,0,0,1,0,1,0,1,2,0,0,0,0,0,0,272,0.001,0,0.002
2807,0.747,0.671,0,0.002,0.037,0,0,,0,,,,0,,,,,0,0,0,0,0,0,0,0,1,0,1,0,1,2,0,0,0,0,0,0,272,0.001,0,0.002
2808,2.142,2.014,0,0.003,0.028,0,0,,0,,,,0,,,,,0,0,0,0,0,0,0,0,1,0,1,0,1,2,0,0,0,0,0,0,272,0,0.001,0.004
2809,1.245,1.071,0.001,0.003,0.054,0,0,,0,,,,0,,,,,0,0,0,0,0,0,0,0,1,0,1,0,1,2,0,0,0,0,0,0,272,0,0.001,0.006
2810,0.708,0.61,0.001,0.001,0.037,0,0,,0,,,,0,,,,,0,0,0,0,0,0,0,0,1,0,1,0,1,2,0,0,0,0,0,0,272,0,0.001,0.003
2811,0.827,0.686,0.001,0.002,0.071,0,0,,0,,,,0,,,,,0,0,0,0,0,0,0,0,1,0,1,0,1,2,0,0,0,0,0,0,272,0.001,0.001,0.003
2812,0.738,0.643,0.001,0.002,0.025,0,0,,0,,,,0,,,,,0,0,0,0,0,0,0,0,1,0,1,0,1,2,0,0,0,0,0,0,272,0,0.001,0.004
2813,0.723,0.626,0,0.002,0.021,0,0,,0,,,,0,,,,,0,0,0,0,0,0,0,0,1,0,1,0,1,2,0,0,0,0,0,0,272,0,0,0.005
2814,5.695,5.403,0,0.005,0.046,0,0,,0,,,,0,,,,,0,0,0,0,0,0,0,0,1,0,1,0,1,2,0,0,0,0,0,0,272,0,0.002,0.009
2815,2.287,2.161,0.001,0.003,0.042,0,0,,0,,,,0,,,,,0,0,0,0,0,0,0,0,1,0,1,0,1,2,0,0,0,0,0,0,272,0,0,0.006
2816,3.433,3.19,0.001,0.005,0.081,0,0,,0,,,,0,,,,,0,0,0,0,0,0,0,0,1,0,1,0,1,2,0,0,0,0,0,0,272,0,0.002,0.007
2817,6.465,6.208,0,0.006,0.059,0,0,,0,,,,0,,,,,0,0,0,0,0,0,0,0,1,0,1,0,1,2,0,0,0,0,0,0,272,0.001,0.002,0.011
2818,13.281,13.007,0,0.005,0.05,0,0,,0,,,,0,,,,,0,0,0,0,0,0,0,0,1,0,1,0,1,2,0,0,0,0,0,0,272,0.001,0.003,0.012
2819,0.696,0.403,0.001,0.006,0.123,0,0,,0,,,,0,,,,,0,0,0,0,0,0,0,0,1,0,1,0,1,2,0,0,0,0,0,0,272,0.001,0.002,0.009
2820,0.836,0.317,0,0.002,0.445,0,0,,1,1484.375,230375424,286642176,1,62503872,62503872,135081984,38823561584,0,0,0,0,0,0,0,0,1,0,1,0,1,2,0,0,0,0,0,0,272,0,0,0.004
2821,0.481,0.232,0,0.005,0.039,0,0,,0,,,,0,,,,,0,0,0,0,0,0,0,0,1,0,1,0,1,2,0,0,0,0,0,0,272,0.001,0.002,0.009
2822,1.176,1.048,0,0.004,0.032,0,0,,0,,,,0,,,,,0,0,0,0,0,0,0,0,1,0,1,0,1,2,0,0,0,0,0,0,272,0.001,0.002,0.006
2823,0.817,0.704,0,0.002,0.033,0,0,,0,,,,0,,,,,0,0,0,0,0,0,0,0,1,0,1,0,1,2,0,0,0,0,0,0,272,0.001,0.001,0.004
2824,1.659,1.595,0,0.002,0.025,0,0,,0,,,,0,,,,,0,0,0,0,0,0,0,0,1,0,1,0,1,2,0,0,0,0,0,0,272,0,0,0.002
2825,0.65,0.612,0,0.001,0.017,0,0,,0,,,,0,,,,,0,0,0,0,0,0,0,0,1,0,1,0,1,2,0,0,0,0,0,0,272,0,0,0.001
2826,1.22,0.957,0,0.004,0.106,0,0,,0,,,,0,,,,,0,0,0,0,0,0,0,0,1,0,1,0,1,2,0,0,0,0,0,0,272,0,0.002,0.007
2827,0.635,0.482,0.001,0.002,0.064,0,0,,0,,,,0,,,,,0,0,0,0,0,0,0,0,1,0,1,0,1,2,0,0,0,0,0,0,272,0.001,0,0.005
2828,1.134,0.966,0,0.002,0.089,0,0,,0,,,,0,,,,,0,0,0,0,0,0,0,0,1,0,1,0,1,2,0,0,0,0,0,0,272,0,0.001,0.004
2829,0.567,0.44,0,0.003,0.05,0,0,,0,,,,0,,,,,0,0,0,0,0,0,0,0,1,0,1,0,1,2,0,0,0,0,0,0,272,0.001,0.001,0.003
2830,0.63,0.54,0,0.002,0.039,0,0,,0,,,,0,,,,,0,0,0,0,0,0,0,0,1,0,1,0,1,2,0,0,0,0,0,0,272,0.001,0,0.003
2831,0.755,0.577,0.001,0.003,0.092,0,0,,0,,,,0,,,,,0,0,0,0,0,0,0,0,1,0,1,0,1,2,0,0,0,0,0,0,272,0,0,0.005
2832,0.472,0.248,0,0.003,0.137,0,0,,0,,,,0,,,,,0,0,0,0,0,0,0,0,1,0,1,0,1,2,0,0,0,0,0,0,272,0,0.001,0.005
2833,0.655,0.464,0,0.002,0.078,0,0,,0,,,,0,,,,,0,0,0,0,0,0,0,0,1,0,1,0,1,2,0,0,0,0,0,0,272,0,0.001,0.006
2834,0.619,0.475,0,0.002,0.059,0,0,,0,,,,0,,,,,0,0,0,0,0,0,0,0,1,0,1,0,1,2,0,0,0,0,0,0,272,0,0.001,0.004
2835,2.515,2.227,0.001,0.005,0.107,0,0,,0,,,,0,,,,,0,0,0,0,0,0,0,0,1,0,1,0,1,2,0,0,0,0,0,0,272,0.001,0.002,0.009
2836,0.493,0.29,0,0.003,0.062,0,0,,0,,,,0,,,,,0,0,0,0,0,0,0,0,1,0,1,0,1,2,0,0,0,0,0,0,272,0,0.001,0.006
2837,0.755,0.504,0.001,0.004,0.112,0,0,,0,,,,0,,,,,0,0,0,0,0,0,0,0,1,0,1,0,1,2,0,0,0,0,0,0,272,0,0,0.008
2838,0.388,0.273,0.001,0.002,0.03,0,0,,0,,,,0,,,,,0,0,0,0,0,0,0,0,1,0,1,0,1,2,0,0,0,0,0,0,272,0,0.001,0.005
2839,0.948,0.663,0,0.005,0.104,0,0,,0,,,,0,,,,,0,0,0,0,0,0,0,0,1,0,1,0,1,2,0,0,0,0,0,0,272,0,0.001,0.009
2840,1.054,0.853,0,0.003,0.069,0,0,,0,,,,0,,,,,0,0,0,0,0,0,0,0,1,0,1,0,1,2,0,0,0,0,0,0,272,0,0.001,0.007
2841,0.471,0.396,0,0.002,0.026,0,0,,0,,,,0,,,,,0,0,0,0,0,0,0,0,1,0,1,0,1,2,0,0,0,0,0,0,272,0,0.001,0.002
2842,2.336,2.081,0,0.009,0.045,0,0,,0,,,,0,,,,,0,0,0,0,0,0,0,0,1,0,1,0,1,2,0,0,0,0,0,0,272,0,0.001,0.012
2843,0.449,0.317,0,0.004,0.034,0,0,,0,,,,0,,,,,0,0,0,0,0,0,0,0,1,0,1,0,1,2,0,0,0,0,0,0,272,0,0.001,0.006
2844,0.643,0.571,0,0.002,0.028,0,0,,0,,,,0,,,,,0,0,0,0,0,0,0,0,1,0,1,0,1,2,0,0,0,0,0,0,272,0,0.001,0.002
2845,0.796,0.591,0,0.004,0.067,0,0,,0,,,,0,,,,,0,0,0,0,0,0,0,0,1,0,1,0,1,2,0,0,0,0,0,0,272,0,0.001,0.007
2846,1.855,1.7,0.001,0.003,0.042,0,0,,0,,,,0,,,,,0,0,0,0,0,0,0,0,1,0,1,0,1,2,0,0,0,0,0,0,272,0.001,0.001,0.006
2847,1.894,1.669,0.001,0.004,0.074,0,0,,0,,,,0,,,,,0,0,0,0,0,0,0,0,1,0,1,0,1,2,0,0,0,0,0,0,272,0,0.001,0.008
2848,5.383,4.909,0,0.006,0.279,0,0,,0,,,,0,,,,,0,0,0,0,0,0,0,0,1,0,1,0,1,2,0,0,0,0,0,0,272,0,0.003,0.011
2849,1.417,1.255,0.001,0.004,0.035,0,0,,0,,,,0,,,,,0,0,0,0,0,0,0,0,1,0,1,0,1,2,0,0,0,0,0,0,272,0.001,0.002,0.008
2850,6.543,6.318,0.001,0.004,0.03,0,0,,1,1515.625,230375424,286642176,1,62503872,62503872,135081984,38823561584,0,0,0,0,0,0,0,0,1,0,1,0,1,2,0,0,0,0,0,0,272,0.001,0.001,0.008
2851,0.518,0.393,0,0.003,0.047,0,0,,0,,,,0,,,,,0,0,0,0,0,0,0,0,1,0,1,0,1,2,0,0,0,0,0,0,272,0.001,0.001,0.003
2852,0.626,0.516,0,0.002,0.04,0,0,,0,,,,0,,,,,0,0,0,0,0,0,0,0,1,0,1,0,1,2,0,0,0,0,0,0,272,0,0.001,0.003
2853,0.611,0.535,0,0.002,0.022,0,0,,0,,,,0,,,,,0,0,0,0,0,0,0,0,1,0,1,0,1,2,0,0,0,0,0,0,272,0,0.001,0.003
2854,0.696,0.608,0.001,0.001,0.036,0,0,,0,,,,0,,,,,0,0,0,0,0,0,0,0,1,0,1,0,1,2,0,0,0,0,0,0,272,0,0,0.003
2855,0.747,0.595,0.001,0.003,0.037,0,0,,0,,,,0,,,,,0,0,0,0,0,0,0,0,1,0,1,0,1,2,0,0,0,0,0,0,272,0.001,0.001,0.005
2856,2.208,2.099,0,0.002,0.043,0,0,,0,,,,0,,,,,0,0,0,0,0,0,0,0,1,0,1,0,1,2,0,0,0,0,0,0,272,0.001,0,0.003
2857,0.681,0.591,0,0.001,0.047,0,0,,0,,,,0,,,,,0,0,0,0,0,0,0,0,1,0,1,0,1,2,0,0,0,0,0,0,272,0,0.001,0.002
2858,0.667,0.583,0,0,0.048,0,0,,0,,,,0,,,,,0,0,0,0,0,0,0,0,1,0,1,0,1,2,0,0,0,0,0,0,272,0.001,0,0.002
2859,0.907,0.563,0,0.002,0.294,0,0,,0,,,,0,,,,,0,0,0,0,0,0,0,0,1,0,1,0,1,2,0,0,0,0,0,0,272,0,0,0.003
2860,1.041,0.593,0,0.006,0.314,0,0,,0,,,,0,,,,,0,0,0,0,0,0,0,0,1,0,1,0,1,2,0,0,0,0,0,0,272,0,0.002,0.006
2861,0.699,0.002,0,0.002,0.624,0,0,,0,,,,0,,,,,0,0,0,0,0,0,0,0,1,0,1,0,1,2,0,0,0,0,0,0,272,0,0.001,0.004
2862,0.497,0.421,0,0.002,0.019,0,0,,0,,,,0,,,,,0,0,0,0,0,0,0,0,1,0,1,0,1,2,0,0,0,0,0,0,272,0,0.001,0.003
2863,1.845,1.572,0,0.005,0.112,0,0,,0,,,,0,,,,,0,0,0,0,0,0,0,0,1,0,1,0,1,2,0,0,0,0,0,0,272,0,0.001,0.009
2864,0.487,0.002,0.001,0.002,0.407,0,0,,0,,,,0,,,,,0,0,0,0,0,0,0,0,1,0,1,0,1,2,0,0,0,0,0,0,272,0,0,0.004
2865,0.791,0.622,0,0.002,0.093,0,0,,0,,,,0,,,,,0,0,0,0,0,0,0,0,1,0,1,0,1,2,0,0,0,0,0,0,272,0,0.001,0.004
2866,0.821,0.745,0,0.001,0.035,0,0,,0,,,,0,,,,,0,0,0,0,0,0,0,0,1,0,1,0,1,2,0,0,0,0,0,0,272,0,0.001,0.002
2867,0.482,0.437,0,0,0.02,0,0,,0,,,,0,,,,,0,0,0,0,0,0,0,0,1,0,1,0,1,2,0,0,0,0,0,0,272,0.001,0,0.001
2868,0.704,0.622,0,0.001,0.039,0,0,,0,,,,0,,,,,0,0,0,0,0,0,0,0,1,0,1,0,1,2,0,0,0,0,0,0,272,0,0.001,0.002
2869,0.669,0.579,0.001,0.001,0.048,0,0,,0,,,,0,,,,,0,0,0,0,0,0,0,0,1,0,1,0,1,2,0,0,0,0,0,0,272,0.001,0,0.002
2870,0.819,0.614,0.001,0.004,0.074,0,0,,0,,,,0,,,,,0,0,0,0,0,0,0,0,1,0,1,0,1,2,0,0,0,0,0,0,272,0,0.001,0.008
2871,0.434,0.348,0,0.002,0.023,0,0,,0,,,,0,,,,,0,0,0,0,0,0,0,0,1,0,1,0,1,2,0,0,0,0,0,0,272,0,0,0.004
2872,0.642,0.6,0,0.001,0.017,0,0,,0,,,,0,,,,,0,0,0,0,0,0,0,0,1,0,1,0,1,2,0,0,0,0,0,0,272,0,0,0.002
2873,0.695,0.62,0,0.001,0.037,0,0,,0,,,,0,,,,,0,0,0,0,0,0,0,0,1,0,1,0,1,2,0,0,0,0,0,0,272,0,0,0.003
2874,0.666,0.574,0,0.001,0.051,0,0,,0,,,,0,,,,,0,0,0,0,0,0,0,0,1,0,1,0,1,2,0,0,0,0,0,0,272,0,0.001,0.002
2875,0.652,0.547,0,0.002,0.026,0,0,,0,,,,0,,,,,0,0,0,0,0,0,0,0,1,0,1,0,1,2,0,0,0,0,0,0,272,0,0.001,0.004
2876,2.21,2.052,0.001,0.003,0.055,0,0,,0,,,,0,,,,,0,0,0,0,0,0,0,0,1,0,1,0,1,2,0,0,0,0,0,0,272,0,0.001,0.006
2877,0.541,0.445,0,0.001,0.041,0,0,,0,,,,0,,,,,0,0,0,0,0,0,0,0,1,0,1,0,1,2,0,0,0,0,0,0,272,0,0,0.003
2878,0.652,0.567,0,0.001,0.046,0,0,,0,,,,0,,,,,0,0,0,0,0,0,0,0,1,0,1,0,1,2,0,0,0,0,0,0,272,0,0,0.003
2879,0.773,0.58,0,0.004,0.09,0,0,,0,,,,0,,,,,0,0,0,0,0,0,0,0,1,0,1,0,1,2,0,0,0,0,0,0,272,0,0.002,0.006
2880,0.607,0.441,0.001,0.002,0.067,0,0,,1,1546.875,230375424,286642176,1,62503872,62503872,135081984,38823561584,0,0,0,0,0,0,0,0,1,0,1,0,1,2,0,0,0,0,0,0,272,0.001,0.001,0.004
2881,0.183,0.066,0,0.002,0.037,0,0,,0,,,,0,,,,,0,0,0,0,0,0,0,0,1,0,1,0,1,2,0,0,0,0,0,0,272,0,0,0.005
2882,0.994,0.601,0,0.003,0.26,0,0,,0,,,,0,,,,,0,0,0,0,0,0,0,0,1,0,1,0,1,2,0,0,0,0,0,0,272,0,0.001,0.005
2883,0.254,0.136,0,0.002,0.042,0,0,,0,,,,0,,,,,0,0,0,0,0,0,0,0,1,0,1,0,1,2,0,0,0,0,0,0,272,0,0.001,0.003
2884,3.595,3.486,0,0.002,0.031,0,0,,0,,,,0,,,,,0,0,0,0,0,0,0,0,1,0,1,0,1,2,0,0,0,0,0,0,272,0,0.001,0.004
2885,0.958,0.921,0,0.001,0.013,0,0,,0,,,,0,,,,,0,0,0,0,0,0,0,0,1,0,1,0,1,2,0,0,0,0,0,0,272,0.001,0,0.002
2886,1.215,1.025,0,0.004,0.059,0,0,,0,,,,0,,,,,0,0,0,0,0,0,0,0,1,0,1,0,1,2,0,0,0,0,0,0,272,0,0.001,0.008
2887,0.966,0.861,0.001,0.002,0.05,0,0,,0,,,,0,,,,,0,0,0,0,0,0,0,0,1,0,1,0,1,2,0,0,0,0,0,0,272,0,0.001,0.003
2888,1.089,0.95,0,0.003,0.053,0,0,,0,,,,0,,,,,0,0,0,0,0,0,0,0,1,0,1,0,1,2,0,0,0,0,0,0,272,0,0.001,0.005
2889,0.982,0.901,0,0.001,0.041,0,0,,0,,,,0,,,,,0,0,0,0,0,0,0,0,1,0,1,0,1,2,0,0,0,0,0,0,272,0,0,0.002
2890,1.136,0.97,0,0.002,0.053,0,0,,0,,,,0,,,,,0,0,0,0,0,0,0,0,1,0,1,0,1,2,0,0,0,0,0,0,272,0,0.002,0.006
2891,3.089,2.98,0,0.002,0.043,0,0,,0,,,,0,,,,,0,0,0,0,0,0,0,0,1,0,1,0,1,2,0,0,0,0,0,0,272,0,0,0.005
2892,1.036,0.932,0,0.003,0.035,0,0,,0,,,,0,,,,,0,0,0,0,0,0,0,0,1,0,1,0,1,2,0,0,0,0,0,0,272,0,0,0.005
2893,1.117,0.958,0,0.004,0.033,0,0,,0,,,,0,,,,,0,0,0,0,0,0,0,0,1,0,1,0,1,2,0,0,0,0,0,0,272,0.001,0.002,0.007
2894,0.855,0.758,0,0.002,0.022,0,0,,0,,,,0,,,,,0,0,0,0,0,0,0,0,1,0,1,0,1,2,0,0,0,0,0,0,272,0,0.001,0.004
2895,4.778,4.673,0,0.003,0.025,0,0,,0,,,,0,,,,,0,0,0,0,0,0,0,0,1,0,1,0,1,2,0,0,0,0,0,0,272,0,0.001,0.004
2896,1.49,1.403,0,0.002,0.031,0,0,,0,,,,0,,,,,0,0,0,0,0,0,0,0,1,0,1,0,1,2,0,0,0,0,0,0,272,0.001,0,0.004
2897,2.113,1.992,0.001,0.004,0.029,0,0,,0,,,,0,,,,,0,0,0,0,0,0,0,0,1,0,1,0,1,2,0,0,0,0,0,0,272,0,0.001,0.007
2898,0.549,0.492,0,0.001,0.029,0,0,,0,,,,0,,,,,0,0,0,0,0,0,0,0,1,0,1,0,1,2,0,0,0,0,0,0,272,0,0.001,0.001
2899,0.594,0.444,0,0.002,0.049,0,0,,0,,,,0,,,,,0,0,0,0,0,0,0,0,1,0,1,0,1,2,0,0,0,0,0,0,272,0,0.001,0.004
2900,0.414,0.314,0,0.002,0.035,0,0,,0,,,,0,,,,,0,0,0,0,0,0,0,0,1,0,1,0,1,2,0,0,0,0,0,0,272,0,0.001,0.004
2901,0.435,0.359,0,0.002,0.026,0,0,,0,,,,0,,,,,0,0,0,0,0,0,0,0,1,0,1,0,1,2,0,0,0,0,0,0,272,0,0,0.003
2902,0.453,0.406,0,0.001,0.019,0,0,,0,,,,0,,,,,0,0,0,0,0,0,0,0,1,0,1,0,1,2,0,0,0,0,0,0,272,0,0,0.002
2903,1.677,1.547,0,0.003,0.048,0,0,,0,,,,0,,,,,0,0,0,0,0,0,0,0,1,0,1,0,1,2,0,0,0,0,0,0,272,0,0.001,0.005
2904,0.434,0.339,0.001,0.002,0.03,0,0,,0,,,,0,,,,,0,0,0,0,0,0,0,0,1,0,1,0,1,2,0,0,0,0,0,0,272,0.001,0.001,0.003
2905,0.503,0.386,0.001,0.002,0.053,0,0,,0,,,,0,,,,,0,0,0,0,0,0,0,0,1,0,1,0,1,2,0,0,0,0,0,0,272,0.001,0,0.004
2906,0.593,0.384,0,0.002,0.056,0,0,,0,,,,0,,,,,0,0,0,0,0,0,0,0,1,0,1,0,1,2,0,0,0,0,0,0,272,0,0.001,0.002
2907,0.476,0.253,0.001,0.003,0.091,0,0,,0,,,,0,,,,,0,0,0,0,0,0,0,0,1,0,1,0,1,2,0,0,0,0,0,0,272,0.001,0.001,0.006
2908,0.35,0.209,0,0.002,0.057,0,0,,0,,,,0,,,,,0,0,0,0,0,0,0,0,1,0,1,0,1,2,0,0,0,0,0,0,272,0,0.001,0.005
2909,0.425,0.322,0.001,0.002,0.03,0,0,,0,,,,0,,,,,0,0,0,0,0,0,0,0,1,0,1,0,1,2,0,0,0,0,0,0,272,0,0,0.004
2910,0.439,0.364,0,0.002,0.021,0,0,,1,1546.875,230375424,286642176,1,62503872,62503872,135081984,38823561584,0,0,0,0,0,0,0,0,1,0,1,0,1,2,0,0,0,0,0,0,272,0,0,0.002
2911,1.051,0.945,0.001,0.002,0.029,0,0,,0,,,,0,,,,,0,0,0,0,0,0,0,0,1,0,1,0,1,2,0,0,0,0,0,0,272,0,0,0.005
2912,0.396,0.348,0,0.001,0.016,0,0,,0,,,,0,,,,,0,0,0,0,0,0,0,0,1,0,1,0,1,2,0,0,0,0,0,0,272,0,0.001,0.002
2913,1.052,0.969,0,0.001,0.04,0,0,,0,,,,0,,,,,0,0,0,0,0,0,0,0,1,0,1,0,1,2,0,0,0,0,0,0,272,0,0,0.002
2914,0.515,0.395,0,0.003,0.036,0,0,,0,,,,0,,,,,0,0,0,0,0,0,0,0,1,0,1,0,1,2,0,0,0,0,0,0,272,0,0.001,0.004
2915,0.821,0.599,0,0.004,0.073,0,0,,0,,,,0,,,,,0,0,0,0,0,0,0,0,1,0,1,0,1,2,0,0,0,0,0,0,272,0.001,0.002,0.005
2916,0.315,0.001,0,0.001,0.262,0,0,,0,,,,0,,,,,0,0,0,0,0,0,0,0,1,0,1,0,1,2,0,0,0,0,0,0,272,0,0,0.003
2917,0.228,0.104,0,0.002,0.064,0,0,,0,,,,0,,,,,0,0,0,0,0,0,0,0,1,0,1,0,1,2,0,0,0,0,0,0,272,0,0.001,0.003
2918,0.421,0.34,0,0.002,0.023,0,0,,0,,,,0,,,,,0,0,0,0,0,0,0,0,1,0,1,0,1,2,0,0,0,0,0,0,272,0.001,0.001,0.002
2919,0.499,0.414,0.001,0.001,0.028,0,0,,0,,,,0,,,,,0,0,0,0,0,0,0,0,1,0,1,0,1,2,0,0,0,0,0,0,272,0,0.001,0.003
2920,0.447,0.404,0,0,0.018,0,0,,0,,,,0,,,,,0,0,0,0,0,0,0,0,1,0,1,0,1,2,0,0,0,0,0,0,272,0,0,0.002
2921,0.482,0.448,0,0.001,0.012,0,0,,0,,,,0,,,,,0,0,0,0,0,0,0,0,1,0,1,0,1,2,0,0,0,0,0,0,272,0,0,0.001
2922,0.491,0.452,0,0.001,0.019,0,0,,0,,,,0,,,,,0,0,0,0,0,0,0,0,1,0,1,0,1,2,0,0,0,0,0,0,272,0,0,0.001
2923,0.526,0.467,0,0.001,0.02,0,0,,0,,,,0,,,,,0,0,0,0,0,0,0,0,1,0,1,0,1,2,0,0,0,0,0,0,272,0,0.001,0.002
2924,0.509,0.43,0.001,0.001,0.037,0,0,,0,,,,0,,,,,0,0,0,0,0,0,0,0,1,0,1,0,1,2,0,0,0,0,0,0,272,0,0.001,0.002
2925,0.476,0.411,0,0.001,0.032,0,0,,0,,,,0,,,,,0,0,0,0,0,0,0,0,1,0,1,0,1,2,0,0,0,0,0,0,272,0,0.001,0.002
2926,0.506,0.426,0,0.001,0.041,0,0,,0,,,,0,,,,,0,0,0,0,0,0,0,0,1,0,1,0,1,2,0,0,0,0,0,0,272,0,0,0.002
2927,0.516,0.428,0,0.002,0.031,0,0,,0,,,,0,,,,,0,0,0,0,0,0,0,0,1,0,1,0,1,2,0,0,0,0,0,0,272,0,0.001,0.003
2928,2.028,1.913,0,0.003,0.042,0,0,,0,,,,0,,,,,0,0,0,0,0,0,0,0,1,0,1,0,1,2,0,0,0,0,0,0,272,0,0.001,0.004
2929,1.003,0.923,0,0.002,0.028,0,0,,0,,,,0,,,,,0,0,0,0,0,0,0,0,1,0,1,0,1,2,0,0,0,0,0,0,272,0,0,0.003
2930,1.037,0.957,0,0.001,0.042,0,0,,0,,,,0,,,,,0,0,0,0,0,0,0,0,1,0,1,0,1,2,0,0,0,0,0,0,272,0,0,0.003
2931,1.442,0.966,0.001,0.001,0.428,0,0,,0,,,,0,,,,,0,0,0,0,0,0,0,0,1,0,1,0,1,2,0,0,0,0,0,0,272,0,0.001,0.002
2932,0.665,0.559,0,0.002,0.041,0,0,,0,,,,0,,,,,0,0,0,0,0,0,0,0,1,0,1,0,1,2,0,0,0,0,0,0,272,0,0,0.004
2933,1.374,1.117,0,0.006,0.084,0,0,,0,,,,0,,,,,0,0,0,0,0,0,0,0,1,0,1,0,1,2,0,0,0,0,0,0,272,0,0.002,0.01
2934,0.579,0.491,0.001,0.001,0.021,0,0,,0,,,,0,,,,,0,0,0,0,0,0,0,0,1,0,1,0,1,2,0,0,0,0,0,0,272,0,0.001,0.003
2935,2.273,2.156,0,0.003,0.021,0,0,,0,,,,0,,,,,0,0,0,0,0,0,0,0,1,0,1,0,1,2,0,0,0,0,0,0,272,0,0,0.004
2936,1.64,1.481,0.001,0.003,0.042,0,0,,0,,,,0,,,,,0,0,0,0,0,0,0,0,1,0,1,0,1,2,0,0,0,0,0,0,272,0,0.001,0.006
2937,0.873,0.786,0,0.002,0.04,0,0,,0,,,,0,,,,,0,0,0,0,0,0,0,0,1,0,1,0,1,2,0,0,0,0,0,0,272,0,0.001,0.002
2938,0.573,0.511,0,0.001,0.027,0,0,,0,,,,0,,,,,0,0,0,0,0,0,0,0,1,0,1,0,1,2,0,0,0,0,0,0,272,0,0,0.002
2939,0.973,0.906,0,0.001,0.036,0,0,,0,,,,0,,,,,0,0,0,0,0,0,0,0,1,0,1,0,1,2,0,0,0,0,0,0,272,0,0,0.002
2940,0.527,0.46,0,0.001,0.036,0,0,,1,1562.5,230445056,286642176,1,62503872,62503872,135081984,38823561584,0,0,0,0,0,0,0,0,1,0,1,0,1,2,0,0,0,0,0,0,272,0,0,0.001
2941,0.51,0.443,0,0.001,0.036,0,0,,0,,,,0,,,,,0,0,0,0,0,0,0,0,1,0,1,0,1,2,0,0,0,0,0,0,272,0,0,0.002
2942,0.532,0.467,0,0.001,0.036,0,0,,0,,,,0,,,,,0,0,0,0,0,0,0,0,1,0,1,0,1,2,0,0,0,0,0,0,272,0,0,0.002
2943,0.528,0.464,0,0,0.035,0,0,,0,,,,0,,,,,0,0,0,0,0,0,0,0,1,0,1,0,1,2,0,0,0,0,0,0,272,0,0,0.001
2944,1.097,1.03,0,0.001,0.033,0,0,,0,,,,0,,,,,0,0,0,0,0,0,0,0,1,0,1,0,1,2,0,0,0,0,0,0,272,0,0.001,0.002
2945,0.565,0.489,0,0.002,0.036,0,0,,0,,,,0,,,,,0,0,0,0,0,0,0,0,1,0,1,0,1,2,0,0,0,0,0,0,272,0,0,0.003
2946,0.51,0.444,0,0.001,0.033,0,0,,0,,,,0,,,,,0,0,0,0,0,0,0,0,1,0,1,0,1,2,0,0,0,0,0,0,272,0,0,0.002
2947,0.517,0.445,0,0.002,0.019,0,0,,0,,,,0,,,,,0,0,0,0,0,0,0,0,1,0,1,0,1,2,0,0,0,0,0,0,272,0,0.001,0.004
2948,0.547,0.459,0,0.002,0.041,0,0,,0,,,,0,,,,,0,0,0,0,0,0,0,0,1,0,1,0,1,2,0,0,0,0,0,0,272,0,0.001,0.002
2949,0.505,0.433,0,0.002,0.021,0,0,,0,,,,0,,,,,0,0,0,0,0,0,0,0,1,0,1,0,1,2,0,0,0,0,0,0,272,0,0.001,0.002
2950,0.5,0.45,0,0.001,0.021,0,0,,0,,,,0,,,,,0,0,0,0,0,0,0,0,1,0,1,0,1,2,0,0,0,0,0,0,272,0,0,0.002
2951,0.512,0.481,0,0.001,0.014,0,0,,0,,,,0,,,,,0,0,0,0,0,0,0,0,1,0,1,0,1,2,0,0,0,0,0,0,272,0,0,0.001
2952,0.904,0.635,0,0.005,0.111,0,0,,0,,,,0,,,,,0,0,0,0,0,0,0,0,1,0,1,0,1,2,0,0,0,0,0,0,272,0,0.001,0.007
2953,0.249,0.089,0,0.002,0.065,0,0,,0,,,,0,,,,,0,0,0,0,0,0,0,0,1,0,1,0,1,2,0,0,0,0,0,0,272,0.001,0.001,0.005
2954,0.496,0.331,0,0.002,0.046,0,0,,0,,,,0,,,,,0,0,0,0,0,0,0,0,1,0,1,0,1,2,0,0,0,0,0,0,272,0,0.001,0.003
2955,1.015,0.346,0.001,0.002,0.607,0,0,,0,,,,0,,,,,0,0,0,0,0,0,0,0,1,0,1,0,1,2,0,0,0,0,0,0,272,0,0,0.003
2956,0.213,0.001,0,0.005,0.058,0,0,,0,,,,0,,,,,0,0,0,0,0,0,0,0,1,0,1,0,1,2,0,0,0,0,0,0,272,0,0.001,0.008
2957,1.354,1.247,0,0.003,0.031,0,0,,0,,,,0,,,,,0,0,0,0,0,0,0,0,1,0,1,0,1,2,0,0,0,0,0,0,272,0.001,0.001,0.004
2958,0.351,0.234,0,0.002,0.043,0,0,,0,,,,0,,,,,0,0,0,0,0,0,0,0,1,0,1,0,1,2,0,0,0,0,0,0,272,0,0.001,0.004
2959,0.508,0.45,0,0.001,0.024,0,0,,0,,,,0,,,,,0,0,0,0,0,0,0,0,1,0,1,0,1,2,0,0,0,0,0,0,272,0.001,0,0.002
2960,0.556,0.469,0,0.002,0.026,0,0,,0,,,,0,,,,,0,0,0,0,0,0,0,0,1,0,1,0,1,2,0,0,0,0,0,0,272,0,0.001,0.003
2961,0.503,0.437,0.001,0.001,0.021,0,0,,0,,,,0,,,,,0,0,0,0,0,0,0,0,1,0,1,0,1,2,0,0,0,0,0,0,272,0,0.001,0.002
2962,0.555,0.487,0,0.002,0.03,0,0,,0,,,,0,,,,,0,0,0,0,0,0,0,0,1,0,1,0,1,2,0,0,0,0,0,0,272,0,0,0.003
2963,0.526,0.45,0,0.002,0.021,0,0,,0,,,,0,,,,,0,0,0,0,0,0,0,0,1,0,1,0,1,2,0,0,0,0,0,0,272,0.001,0,0.005
2964,0.513,0.443,0,0.002,0.021,0,0,,0,,,,0,,,,,0,0,0,0,0,0,0,0,1,0,1,0,1,2,0,0,0,0,0,0,272,0.001,0,0.003
2965,0.507,0.457,0,0.001,0.023,0,0,,0,,,,0,,,,,0,0,0,0,0,0,0,0,1,0,1,0,1,2,0,0,0,0,0,0,272,0,0,0.002
2966,0.591,0.499,0,0.002,0.036,0,0,,0,,,,0,,,,,0,0,0,0,0,0,0,0,1,0,1,0,1,2,0,0,0,0,0,0,272,0,0.001,0.003
2967,0.47,0.422,0,0.001,0.022,0,0,,0,,,,0,,,,,0,0,0,0,0,0,0,0,1,0,1,0,1,2,0,0,0,0,0,0,272,0.001,0,0.002
2968,0.519,0.479,0,0,0.022,0,0,,0,,,,0,,,,,0,0,0,0,0,0,0,0,1,0,1,0,1,2,0,0,0,0,0,0,272,0,0,0.002
2969,0.582,0.499,0,0.002,0.037,0,0,,0,,,,0,,,,,0,0,0,0,0,0,0,0,1,0,1,0,1,2,0,0,0,0,0,0,272,0,0,0.002
2970,0.516,0.451,0,0.001,0.033,0,0,,1,1578.125,230445056,286642176,1,62503872,62503872,135081984,38823561584,0,0,0,0,0,0,0,0,1,0,1,0,1,2,0,0,0,0,0,0,272,0,0,0.002
2971,0.554,0.493,0,0.001,0.033,0,0,,0,,,,0,,,,,0,0,0,0,0,0,0,0,1,0,1,0,1,2,0,0,0,0,0,0,272,0,0,0.002
2972,1.366,1.304,0.001,0.001,0.032,0,0,,0,,,,0,,,,,0,0,0,0,0,0,0,0,1,0,1,0,1,2,0,0,0,0,0,0,272,0,0,0.002
2973,0.677,0.601,0.001,0.001,0.025,0,0,,0,,,,0,,,,,0,0,0,0,0,0,0,0,1,0,1,0,1,2,0,0,0,0,0,0,272,0,0.001,0.003
2974,0.691,0.631,0,0.001,0.032,0,0,,0,,,,0,,,,,0,0,0,0,0,0,0,0,1,0,1,0,1,2,0,0,0,0,0,0,272,0,0,0.001
2975,0.703,0.642,0,0.001,0.035,0,0,,0,,,,0,,,,,0,0,0,0,0,0,0,0,1,0,1,0,1,2,0,0,0,0,0,0,272,0,0,0.002
2976,0.699,0.645,0.001,0.001,0.022,0,0,,0,,,,0,,,,,0,0,0,0,0,0,0,0,1,0,1,0,1,2,0,0,0,0,0,0,272,0.001,0,0.003
2977,0.742,0.66,0,0.001,0.04,0,0,,0,,,,0,,,,,0,0,0,0,0,0,0,0,1,0,1,0,1,2,0,0,0,0,0,0,272,0,0.001,0.002
2978,0.726,0.604,0,0.002,0.059,0,0,,0,,,,0,,,,,0,0,0,0,0,0,0,0,1,0,1,0,1,2,0,0,0,0,0,0,272,0,0.001,0.003
2979,0.666,0.584,0.001,0.002,0.028,0,0,,0,,,,0,,,,,0,0,0,0,0,0,0,0,1,0,1,0,1,2,0,0,0,0,0,0,272,0,0,0.003
2980,0.872,0.619,0.001,0.002,0.193,0,0,,0,,,,0,,,,,0,0,0,0,0,0,0,0,1,0,1,0,1,2,0,0,0,0,0,0,272,0,0,0.004
2981,1.247,1.095,0.001,0.005,0.035,0,0,,0,,,,0,,,,,0,0,0,0,0,0,0,0,1,0,1,0,1,2,0,0,0,0,0,0,272,0,0.001,0.007
2982,0.573,0.499,0,0.001,0.029,0,0,,0,,,,0,,,,,0,0,0,0,0,0,0,0,1,0,1,0,1,2,0,0,0,0,0,0,272,0,0,0.003
2983,1.833,1.626,0.001,0.005,0.053,0,0,,0,,,,0,,,,,0,0,0,0,0,0,0,0,1,0,1,0,1,2,0,0,0,0,0,0,272,0.001,0.001,0.009
2984,1.964,1.86,0,0.002,0.041,0,0,,0,,,,0,,,,,0,0,0,0,0,0,0,0,1,0,1,0,1,2,0,0,0,0,0,0,272,0,0.001,0.003
2985,1.988,1.798,0,0.004,0.058,0,0,,0,,,,0,,,,,0,0,0,0,0,0,0,0,1,0,1,0,1,2,0,0,0,0,0,0,272,0,0.001,0.007
2986,0.343,0.269,0,0.002,0.019,0,0,,0,,,,0,,,,,0,0,0,0,0,0,0,0,1,0,1,0,1,2,0,0,0,0,0,0,272,0,0.001,0.003
2987,0.465,0.386,0,0.001,0.024,0,0,,0,,,,0,,,,,0,0,0,0,0,0,0,0,1,0,1,0,1,2,0,0,0,0,0,0,272,0.001,0,0.003
2988,0.513,0.419,0,0.002,0.036,0,0,,0,,,,0,,,,,0,0,0,0,0,0,0,0,1,0,1,0,1,2,0,0,0,0,0,0,272,0,0.001,0.003
2989,0.491,0.392,0,0.002,0.032,0,0,,0,,,,0,,,,,0,0,0,0,0,0,0,0,1,0,1,0,1,2,0,0,0,0,0,0,272,0,0,0.004
2990,1.018,0.869,0.001,0.003,0.043,0,0,,0,,,,0,,,,,0,0,0,0,0,0,0,0,1,0,1,0,1,2,0,0,0,0,0,0,272,0,0.002,0.005
2991,0.496,0.355,0,0.002,0.052,0,0,,0,,,,0,,,,,0,0,0,0,0,0,0,0,1,0,1,0,1,2,0,0,0,0,0,0,272,0,0,0.004
2992,0.51,0.375,0,0.003,0.057,0,0,,0,,,,0,,,,,0,0,0,0,0,0,0,0,1,0,1,0,1,2,0,0,0,0,0,0,272,0,0.001,0.004
2993,0.414,0.322,0,0.002,0.045,0,0,,0,,,,0,,,,,0,0,0,0,0,0,0,0,1,0,1,0,1,2,0,0,0,0,0,0,272,0,0,0.002
2994,0.464,0.387,0,0.002,0.026,0,0,,0,,,,0,,,,,0,0,0,0,0,0,0,0,1,0,1,0,1,2,0,0,0,0,0,0,272,0,0,0.003
2995,0.462,0.413,0,0.001,0.023,0,0,,0,,,,0,,,,,0,0,0,0,0,0,0,0,1,0,1,0,1,2,0,0,0,0,0,0,272,0,0,0.001
2996,0.515,0.457,0,0.001,0.025,0,0,,0,,,,0,,,,,0,0,0,0,0,0,0,0,1,0,1,0,1,2,0,0,0,0,0,0,272,0,0,0.002
2997,0.505,0.43,0,0.001,0.021,0,0,,0,,,,0,,,,,0,0,0,0,0,0,0,0,1,0,1,0,1,2,0,0,0,0,0,0,272,0.001,0.001,0.003
2998,1.22,0.458,0.001,0.004,0.081,0,0,,0,,,,0,,,,,0,0,0,0,0,0,0,0,1,0,1,0,1,2,0,0,0,0,0,0,272,0.001,0.001,0.006
2999,0.136,0.001,0,0.003,0.047,0,0,,0,,,,0,,,,,0,0,0,0,0,0,0,0,1,0,1,0,1,2,0,0,0,0,0,0,272,0,0.001,0.005
3000,0.566,0.18,0,0.003,0.281,0,0,,1,1609.375,230445056,286642176,1,62503872,62503872,135081984,38823561584,0,0,0,0,0,0,0,0,1,0,1,0,1,2,0,0,0,0,0,0,272,0.001,0.001,0.005
3001,0.938,0.001,0.001,0.002,0.805,0,0,,0,,,,0,,,,,0,0,0,0,0,0,0,0,1,0,1,0,1,2,0,0,0,0,0,0,272,0,0,0.005
3002,0.298,0.002,0.001,0.003,0.088,0,0,,0,,,,0,,,,,0,0,0,0,0,0,0,0,1,0,1,0,1,2,0,0,0,0,0,0,272,0,0.001,0.052
3003,1.161,0.897,0.001,0.006,0.111,0,0,,0,,,,0,,,,,0,0,0,0,0,0,0,0,1,0,1,0,1,2,0,0,0,0,0,0,272,0.001,0.001,0.008
3004,0.894,0.002,0,0.002,0.831,0,0,,0,,,,0,,,,,0,0,0,0,0,0,0,0,1,0,1,0,1,2,0,0,0,0,0,0,272,0,0,0.004
3005,0.372,0.001,0.001,0.002,0.273,0,0,,0,,,,0,,,,,0,0,0,0,0,0,0,0,1,0,1,0,1,2,0,0,0,0,0,0,272,0,0.002,0.005
3006,0.396,0.001,0.001,0.002,0.317,0,0,,0,,,,0,,,,,0,0,0,0,0,0,0,0,1,0,1,0,1,2,0,0,0,0,0,0,272,0,0.001,0.004
3007,0.231,0.001,0,0.004,0.112,0,0,,0,,,,0,,,,,0,0,0,0,0,0,0,0,1,0,1,0,1,2,0,0,0,0,0,0,272,0,0.001,0.005
3008,0.346,0.232,0,0.002,0.046,0,0,,0,,,,0,,,,,0,0,0,0,0,0,0,0,1,0,1,0,1,2,0,0,0,0,0,0,272,0,0.001,0.004
3009,0.446,0.359,0,0.002,0.027,0,0,,0,,,,0,,,,,0,0,0,0,0,0,0,0,1,0,1,0,1,2,0,0,0,0,0,0,272,0,0.001,0.003
3010,0.444,0.393,0,0.001,0.023,0,0,,0,,,,0,,,,,0,0,0,0,0,0,0,0,1,0,1,0,1,2,0,0,0,0,0,0,272,0,0.001,0.001
3011,0.518,0.459,0,0.001,0.024,0,0,,0,,,,0,,,,,0,0,0,0,0,0,0,0,1,0,1,0,1,2,0,0,0,0,0,0,272,0,0,0.002
3012,0.657,0.583,0.001,0.001,0.037,0,0,,0,,,,0,,,,,0,0,0,0,0,0,0,0,1,0,1,0,1,2,0,0,0,0,0,0,272,0.001,0,0.002
3013,1.134,1.068,0,0,0.034,0,0,,0,,,,0,,,,,0,0,0,0,0,0,0,0,1,0,1,0,1,2,0,0,0,0,0,0,272,0,0,0.002
3014,1.242,1.089,0,0.003,0.048,0,0,,0,,,,0,,,,,0,0,0,0,0,0,0,0,1,0,1,0,1,2,0,0,0,0,0,0,272,0,0.001,0.006
3015,1.079,0.943,0.001,0.002,0.039,0,0,,0,,,,0,,,,,0,0,0,0,0,0,0,0,1,0,1,0,1,2,0,0,0,0,0,0,272,0,0.001,0.005
3016,2.034,1.978,0,0.002,0.025,0,0,,0,,,,0,,,,,0,0,0,0,0,0,0,0,1,0,1,0,1,2,0,0,0,0,0,0,272,0,0.001,0.001
3017,1.153,1.081,0,0.002,0.034,0,0,,0,,,,0,,,,,0,0,0,0,0,0,0,0,1,0,1,0,1,2,0,0,0,0,0,0,272,0,0.001,0.001
3018,1.171,1.082,0,0.002,0.03,0,0,,0,,,,0,,,,,0,0,0,0,0,0,0,0,1,0,1,0,1,2,0,0,0,0,0,0,272,0,0,0.003
3019,0.998,0.736,0,0.003,0.183,0,0,,0,,,,0,,,,,0,0,0,0,0,0,0,0,1,0,1,0,1,2,0,0,0,0,0,0,272,0,0,0.005
3020,0.66,0.365,0,0.003,0.22,0,0,,0,,,,0,,,,,0,0,0,0,0,0,0,0,1,0,1,0,1,2,0,0,0,0,0,0,272,0,0.001,0.005
3021,0.72,0.317,0,0.002,0.069,0,0,,0,,,,0,,,,,0,0,0,0,0,0,0,0,1,0,1,0,1,2,0,0,0,0,0,0,272,0,0.001,0.004
3022,1.134,0.234,0.001,0.003,0.803,0,0,,0,,,,0,,,,,0,0,0,0,0,0,0,0,1,0,1,0,1,2,0,0,0,0,0,0,272,0,0.001,0.007
3023,1.534,1.299,0.001,0.004,0.096,0,0,,0,,,,0,,,,,0,0,0,0,0,0,0,0,1,0,1,0,1,2,0,0,0,0,0,0,272,0,0.001,0.007
3024,0.857,0.001,0,0.001,0.796,0,0,,0,,,,0,,,,,0,0,0,0,0,0,0,0,1,0,1,0,1,2,0,0,0,0,0,0,272,0,0,0.003
3025,0.802,0.001,0,0.003,0.689,0,0,,0,,,,0,,,,,0,0,0,0,0,0,0,0,1,0,1,0,1,2,0,0,0,0,0,0,272,0.001,0.001,0.005
3026,0.856,0.001,0.001,0.002,0.744,0,0,,0,,,,0,,,,,0,0,0,0,0,0,0,0,1,0,1,0,1,2,0,0,0,0,0,0,272,0,0.001,0.005
3027,0.789,0.002,0,0.002,0.675,0,0,,0,,,,0,,,,,0,0,0,0,0,0,0,0,1,0,1,0,1,2,0,0,0,0,0,0,272,0,0,0.005
3028,0.283,0.001,0,0.003,0.17,0,0,,0,,,,0,,,,,0,0,0,0,0,0,0,0,1,0,1,0,1,2,0,0,0,0,0,0,272,0,0,0.005
3029,0.648,0.409,0.001,0.004,0.105,0,0,,0,,,,0,,,,,0,0,0,0,0,0,0,0,1,0,1,0,1,2,0,0,0,0,0,0,272,0,0.001,0.007
3030,0.319,0.015,0,0.002,0.203,0,0,,1,1609.375,230445056,286642176,1,62503872,62503872,135081984,38823561584,0,0,0,0,0,0,0,0,1,0,1,0,1,2,0,0,0,0,0,0,272,0,0.001,0.003
3031,0.692,0.43,0,0.004,0.131,0,0,,0,,,,0,,,,,0,0,0,0,0,0,0,0,1,0,1,0,1,2,0,0,0,0,0,0,272,0.001,0.002,0.006
3032,0.592,0.278,0.001,0.003,0.203,0,0,,0,,,,0,,,,,0,0,0,0,0,0,0,0,1,0,1,0,1,2,0,0,0,0,0,0,272,0,0.001,0.006
3033,0.593,0.43,0,0.003,0.065,0,0,,0,,,,0,,,,,0,0,0,0,0,0,0,0,1,0,1,0,1,2,0,0,0,0,0,0,272,0,0.001,0.004
3034,0.524,0.395,0,0.002,0.058,0,0,,0,,,,0,,,,,0,0,0,0,0,0,0,0,1,0,1,0,1,2,0,0,0,0,0,0,272,0.001,0,0.004
3035,1.094,0.985,0,0.003,0.035,0,0,,0,,,,0,,,,,0,0,0,0,0,0,0,0,1,0,1,0,1,2,0,0,0,0,0,0,272,0.001,0.001,0.003
3036,1.205,0.976,0,0.004,0.096,0,0,,0,,,,0,,,,,0,0,0,0,0,0,0,0,1,0,1,0,1,2,0,0,0,0,0,0,272,0,0.001,0.006
3037,0.11,0.001,0,0.001,0.048,0,0,,0,,,,0,,,,,0,0,0,0,0,0,0,0,1,0,1,0,1,2,0,0,0,0,0,0,272,0.001,0,0.003
3038,1.142,0.669,0,0.003,0.347,0,0,,0,,,,0,,,,,0,0,0,0,0,0,0,0,1,0,1,0,1,2,0,0,0,0,0,0,272,0,0.001,0.006
3039,0.529,0.001,0,0.004,0.415,0,0,,0,,,,0,,,,,0,0,0,0,0,0,0,0,1,0,1,0,1,2,0,0,0,0,0,0,272,0,0.001,0.005
3040,0.615,0.001,0.001,0.002,0.474,0,0,,0,,,,0,,,,,0,0,0,0,0,0,0,0,1,0,1,0,1,2,0,0,0,0,0,0,272,0.001,0.001,0.005
3041,0.154,0.001,0,0.003,0.052,0,0,,0,,,,0,,,,,0,0,0,0,0,0,0,0,1,0,1,0,1,2,0,0,0,0,0,0,272,0,0.001,0.005
3042,0.66,0.339,0,0.005,0.191,0,0,,0,,,,0,,,,,0,0,0,0,0,0,0,0,1,0,1,0,1,2,0,0,0,0,0,0,272,0.001,0.001,0.007
3043,0.286,0.001,0,0.002,0.216,0,0,,0,,,,0,,,,,0,0,0,0,0,0,0,0,1,0,1,0,1,2,0,0,0,0,0,0,272,0.001,0,0.004
3044,0.63,0.377,0,0.003,0.162,0,0,,0,,,,0,,,,,0,0,0,0,0,0,0,0,1,0,1,0,1,2,0,0,0,0,0,0,272,0.001,0.001,0.005
3045,1.203,0.996,0,0.004,0.062,0,0,,0,,,,0,,,,,0,0,0,0,0,0,0,0,1,0,1,0,1,2,0,0,0,0,0,0,272,0,0.001,0.007
3046,0.557,0.431,0,0.003,0.032,0,0,,0,,,,0,,,,,0,0,0,0,0,0,0,0,1,0,1,0,1,2,0,0,0,0,0,0,272,0,0.001,0.005
3047,1.771,1.556,0,0.004,0.091,0,0,,0,,,,0,,,,,0,0,0,0,0,0,0,0,1,0,1,0,1,2,0,0,0,0,0,0,272,0.001,0.001,0.006
3048,0.825,0.001,0,0.001,0.77,0,0,,0,,,,0,,,,,0,0,0,0,0,0,0,0,1,0,1,0,1,2,0,0,0,0,0,0,272,0,0.001,0.002
3049,0.741,0.001,0,0.003,0.624,0,0,,0,,,,0,,,,,0,0,0,0,0,0,0,0,1,0,1,0,1,2,0,0,0,0,0,0,272,0,0.001,0.005
3050,0.169,0.001,0,0.004,0.054,0,0,,0,,,,0,,,,,0,0,0,0,0,0,0,0,1,0,1,0,1,2,0,0,0,0,0,0,272,0.001,0.001,0.005
3051,0.875,0.662,0.001,0.003,0.094,0,0,,0,,,,0,,,,,0,0,0,0,0,0,0,0,1,0,1,0,1,2,0,0,0,0,0,0,272,0.001,0.001,0.006
3052,0.104,0.001,0,0.002,0.051,0,0,,0,,,,0,,,,,0,0,0,0,0,0,0,0,1,0,1,0,1,2,0,0,0,0,0,0,272,0.001,0,0.002
3053,1.434,0.837,0,0.004,0.482,0,0,,0,,,,0,,,,,0,0,0,0,0,0,0,0,1,0,1,0,1,2,0,0,0,0,0,0,272,0,0.001,0.005
3054,0.164,0.001,0.001,0.003,0.051,0,0,,0,,,,0,,,,,0,0,0,0,0,0,0,0,1,0,1,0,1,2,0,0,0,0,0,0,272,0,0,0.005
3055,0.935,0.735,0,0.003,0.084,0,0,,0,,,,0,,,,,0,0,0,0,0,0,0,0,1,0,1,0,1,2,0,0,0,0,0,0,272,0.001,0.001,0.006
3056,0.619,0.42,0.001,0.003,0.083,0,0,,0,,,,0,,,,,0,0,0,0,0,0,0,0,1,0,1,0,1,2,0,0,0,0,0,0,272,0,0.001,0.005
3057,1.972,1.793,0.001,0.004,0.067,0,0,,0,,,,0,,,,,0,0,0,0,0,0,0,0,1,0,1,0,1,2,0,0,0,0,0,0,272,0.001,0.001,0.005
3058,1.228,1.129,0,0.002,0.043,0,0,,0,,,,0,,,,,0,0,0,0,0,0,0,0,1,0,1,0,1,2,0,0,0,0,0,0,272,0.001,0,0.003
3059,1.096,0.991,0,0.002,0.038,0,0,,0,,,,0,,,,,0,0,0,0,0,0,0,0,1,0,1,0,1,2,0,0,0,0,0,0,272,0,0.001,0.002
3060,0.889,0.722,0,0.004,0.052,0,0,,1,1625,230445056,286642176,1,62503872,62503872,135081984,38823561584,0,0,0,0,0,0,0,0,1,0,1,0,1,2,0,0,0,0,0,0,272,0.001,0.001,0.006
3061,1.222,1.101,0.001,0.002,0.054,0,0,,0,,,,0,,,,,0,0,0,0,0,0,0,0,1,0,1,0,1,2,0,0,0,0,0,0,272,0,0,0.004
3062,0.904,0.793,0,0.002,0.043,0,0,,0,,,,0,,,,,0,0,0,0,0,0,0,0,1,0,1,0,1,2,0,0,0,0,0,0,272,0,0,0.004
3063,1.929,1.82,0,0.001,0.045,0,0,,0,,,,0,,,,,0,0,0,0,0,0,0,0,1,0,1,0,1,2,0,0,0,0,0,0,272,0,0,0.004
3064,1.279,1.162,0,0.002,0.05,0,0,,0,,,,0,,,,,0,0,0,0,0,0,0,0,1,0,1,0,1,2,0,0,0,0,0,0,272,0,0.001,0.004
3065,0.819,0.379,0,0.002,0.374,0,0,,0,,,,0,,,,,0,0,0,0,0,0,0,0,1,0,1,0,1,2,0,0,0,0,0,0,272,0,0,0.003
3066,0.961,0.55,0,0.002,0.335,0,0,,0,,,,0,,,,,0,0,0,0,0,0,0,0,1,0,1,0,1,2,0,0,0,0,0,0,272,0.001,0,0.004
3067,1.076,0.955,0,0.002,0.047,0,0,,0,,,,0,,,,,0,0,0,0,0,0,0,0,1,0,1,0,1,2,0,0,0,0,0,0,272,0,0.001,0.004
3068,0.778,0.666,0,0.002,0.046,0,0,,0,,,,0,,,,,0,0,0,0,0,0,0,0,1,0,1,0,1,2,0,0,0,0,0,0,272,0.001,0,0.003
3069,0.972,0.871,0,0.002,0.044,0,0,,0,,,,0,,,,,0,0,0,0,0,0,0,0,1,0,1,0,1,2,0,0,0,0,0,0,272,0,0,0.003
3070,1.02,0.894,0,0.002,0.048,0,0,,0,,,,0,,,,,0,0,0,0,0,0,0,0,1,0,1,0,1,2,0,0,0,0,0,0,272,0,0.001,0.003
3071,1.68,1.497,0,0.003,0.086,0,0,,0,,,,0,,,,,0,0,0,0,0,0,0,0,1,0,1,0,1,2,0,0,0,0,0,0,272,0,0,0.004
3072,1.3,1.19,0.001,0.002,0.048,0,0,,0,,,,0,,,,,0,0,0,0,0,0,0,0,1,0,1,0,1,2,0,0,0,0,0,0,272,0.001,0.001,0.003
3073,0.865,0.678,0,0.004,0.053,0,0,,0,,,,0,,,,,0,0,0,0,0,0,0,0,1,0,1,0,1,2,0,0,0,0,0,0,272,0,0.001,0.007
3074,1.11,0.875,0.001,0.004,0.096,0,0,,0,,,,0,,,,,0,0,0,0,0,0,0,0,1,0,1,0,1,2,0,0,0,0,0,0,272,0,0.001,0.006
3075,1.03,0.835,0,0.004,0.082,0,0,,0,,,,0,,,,,0,0,0,0,0,0,0,0,1,0,1,0,1,2,0,0,0,0,0,0,272,0.001,0.001,0.005
3076,1.06,0.854,0,0.004,0.073,0,0,,0,,,,0,,,,,0,0,0,0,0,0,0,0,1,0,1,0,1,2,0,0,0,0,0,0,272,0,0.001,0.006
3077,0.981,0.79,0,0.002,0.057,0,0,,0,,,,0,,,,,0,0,0,0,0,0,0,0,1,0,1,0,1,2,0,0,0,0,0,0,272,0.001,0.001,0.006
3078,1.252,1.079,0,0.002,0.081,0,0,,0,,,,0,,,,,0,0,0,0,0,0,0,0,1,0,1,0,1,2,0,0,0,0,0,0,272,0.001,0.001,0.005
3079,0.513,0.387,0,0.002,0.062,0,0,,0,,,,0,,,,,0,0,0,0,0,0,0,0,1,0,1,0,1,2,0,0,0,0,0,0,272,0,0,0.003
3080,0.515,0.381,0.001,0.001,0.071,0,0,,0,,,,0,,,,,0,0,0,0,0,0,0,0,1,0,1,0,1,2,0,0,0,0,0,0,272,0,0,0.004
3081,0.44,0.357,0,0.001,0.058,0,0,,0,,,,0,,,,,0,0,0,0,0,0,0,0,1,0,1,0,1,2,0,0,0,0,0,0,272,0,0,0.001
3082,0.552,0.424,0,0.002,0.067,0,0,,0,,,,0,,,,,0,0,0,0,0,0,0,0,1,0,1,0,1,2,0,0,0,0,0,0,272,0,0.001,0.003
3083,0.466,0.357,0,0.003,0.034,0,0,,0,,,,0,,,,,0,0,0,0,0,0,0,0,1,0,1,0,1,2,0,0,0,0,0,0,272,0,0,0.005
3084,0.499,0.394,0,0.003,0.035,0,0,,0,,,,0,,,,,0,0,0,0,0,0,0,0,1,0,1,0,1,2,0,0,0,0,0,0,272,0.001,0.001,0.004
3085,0.563,0.388,0.001,0.002,0.078,0,0,,0,,,,0,,,,,0,0,0,0,0,0,0,0,1,0,1,0,1,2,0,0,0,0,0,0,272,0,0,0.005
3086,0.38,0.292,0,0.001,0.032,0,0,,0,,,,0,,,,,0,0,0,0,0,0,0,0,1,0,1,0,1,2,0,0,0,0,0,0,272,0,0,0.003
3087,0.565,0.416,0.001,0.005,0.04,0,0,,0,,,,0,,,,,0,0,0,0,0,0,0,0,1,0,1,0,1,2,0,0,0,0,0,0,272,0,0.001,0.006
3088,0.471,0.315,0,0.001,0.08,0,0,,0,,,,0,,,,,0,0,0,0,0,0,0,0,1,0,1,0,1,2,0,0,0,0,0,0,272,0,0.001,0.006
3089,0.488,0.342,0,0.002,0.074,0,0,,0,,,,0,,,,,0,0,0,0,0,0,0,0,1,0,1,0,1,2,0,0,0,0,0,0,272,0,0,0.004
3090,0.491,0.346,0,0.002,0.073,0,0,,1,1640.625,230445056,286642176,1,62503872,62503872,135081984,38823561584,0,0,0,0,0,0,0,0,1,0,1,0,1,2,0,0,0,0,0,0,272,0,0,0.004
3091,0.465,0.314,0,0.003,0.06,0,0,,0,,,,0,,,,,0,0,0,0,0,0,0,0,1,0,1,0,1,2,0,0,0,0,0,0,272,0,0.001,0.004
3092,0.434,0.33,0,0.002,0.064,0,0,,0,,,,0,,,,,0,0,0,0,0,0,0,0,1,0,1,0,1,2,0,0,0,0,0,0,272,0,0,0.003
3093,0.514,0.39,0.001,0.003,0.045,0,0,,0,,,,0,,,,,0,0,0,0,0,0,0,0,1,0,1,0,1,2,0,0,0,0,0,0,272,0,0.001,0.005
3094,0.505,0.349,0,0.002,0.07,0,0,,0,,,,0,,,,,0,0,0,0,0,0,0,0,1,0,1,0,1,2,0,0,0,0,0,0,272,0,0,0.004
3095,1.002,0.818,0,0.004,0.093,0,0,,0,,,,0,,,,,0,0,0,0,0,0,0,0,1,0,1,0,1,2,0,0,0,0,0,0,272,0,0,0.006
3096,0.818,0.682,0.001,0.002,0.065,0,0,,0,,,,0,,,,,0,0,0,0,0,0,0,0,1,0,1,0,1,2,0,0,0,0,0,0,272,0,0,0.004
3097,0.995,0.863,0,0.002,0.061,0,0,,0,,,,0,,,,,0,0,0,0,0,0,0,0,1,0,1,0,1,2,0,0,0,0,0,0,272,0,0.001,0.003
3098,1.006,0.878,0,0.002,0.059,0,0,,0,,,,0,,,,,0,0,0,0,0,0,0,0,1,0,1,0,1,2,0,0,0,0,0,0,272,0,0.001,0.004
3099,1.135,0.879,0.001,0.004,0.089,0,0,,0,,,,0,,,,,0,0,0,0,0,0,0,0,1,0,1,0,1,2,0,0,0,0,0,0,272,0,0.002,0.011
3100,0.966,0.75,0.001,0.005,0.056,0,0,,0,,,,0,,,,,0,0,0,0,0,0,0,0,1,0,1,0,1,2,0,0,0,0,0,0,272,0.001,0.002,0.008
3101,0.865,0.723,0.001,0.002,0.052,0,0,,0,,,,0,,,,,0,0,0,0,0,0,0,0,1,0,1,0,1,2,0,0,0,0,0,0,272,0,0,0.005
3102,1.901,1.751,0.001,0.002,0.071,0,0,,0,,,,0,,,,,0,0,0,0,0,0,0,0,1,0,1,0,1,2,0,0,0,0,0,0,272,0,0.001,0.005
3103,0.978,0.854,0,0.002,0.06,0,0,,0,,,,0,,,,,0,0,0,0,0,0,0,0,1,0,1,0,1,2,0,0,0,0,0,0,272,0,0,0.004
3104,1.171,1.074,0,0.001,0.045,0,0,,0,,,,0,,,,,0,0,0,0,0,0,0,0,1,0,1,0,1,2,0,0,0,0,0,0,272,0,0.001,0.002
3105,1.22,1.001,0.001,0.005,0.071,0,0,,0,,,,0,,,,,0,0,0,0,0,0,0,0,1,0,1,0,1,2,0,0,0,0,0,0,272,0,0.001,0.007
3106,0.987,0.763,0,0.003,0.091,0,0,,0,,,,0,,,,,0,0,0,0,0,0,0,0,1,0,1,0,1,2,0,0,0,0,0,0,272,0.001,0.001,0.006
3107,0.993,0.825,0.001,0.002,0.078,0,0,,0,,,,0,,,,,0,0,0,0,0,0,0,0,1,0,1,0,1,2,0,0,0,0,0,0,272,0,0,0.005
3108,0.964,0.855,0.001,0.001,0.055,0,0,,0,,,,0,,,,,0,0,0,0,0,0,0,0,1,0,1,0,1,2,0,0,0,0,0,0,272,0.001,0,0.003
3109,1.149,0.924,0,0.004,0.08,0,0,,0,,,,0,,,,,0,0,0,0,0,0,0,0,1,0,1,0,1,2,0,0,0,0,0,0,272,0.001,0.001,0.008
3110,2.025,1.853,0.001,0.003,0.08,0,0,,0,,,,0,,,,,0,0,0,0,0,0,0,0,1,0,1,0,1,2,0,0,0,0,0,0,272,0,0,0.004
3111,0.914,0.667,0.001,0.004,0.104,0,0,,0,,,,0,,,,,0,0,0,0,0,0,0,0,1,0,1,0,1,2,0,0,0,0,0,0,272,0,0.001,0.008
3112,0.683,0.507,0,0.001,0.091,0,0,,0,,,,0,,,,,0,0,0,0,0,0,0,0,1,0,1,0,1,2,0,0,0,0,0,0,272,0.001,0.001,0.005
3113,0.752,0.582,0,0.003,0.082,0,0,,0,,,,0,,,,,0,0,0,0,0,0,0,0,1,0,1,0,1,2,0,0,0,0,0,0,272,0,0,0.005
3114,0.734,0.573,0,0.002,0.068,0,0,,0,,,,0,,,,,0,0,0,0,0,0,0,0,1,0,1,0,1,2,0,0,0,0,0,0,272,0.001,0.001,0.005
3115,0.732,0.587,0,0.002,0.053,0,0,,0,,,,0,,,,,0,0,0,0,0,0,0,0,1,0,1,0,1,2,0,0,0,0,0,0,272,0,0.001,0.006
3116,0.718,0.575,0,0.002,0.06,0,0,,0,,,,0,,,,,0,0,0,0,0,0,0,0,1,0,1,0,1,2,0,0,0,0,0,0,272,0,0,0.004
3117,1.441,1.259,0.001,0.003,0.081,0,0,,0,,,,0,,,,,0,0,0,0,0,0,0,0,1,0,1,0,1,2,0,0,0,0,0,0,272,0,0,0.005
3118,0.411,0.253,0,0.001,0.087,0,0,,0,,,,0,,,,,0,0,0,0,0,0,0,0,1,0,1,0,1,2,0,0,0,0,0,0,272,0,0,0.005
3119,0.459,0.291,0,0.002,0.087,0,0,,0,,,,0,,,,,0,0,0,0,0,0,0,0,1,0,1,0,1,2,0,0,0,0,0,0,272,0,0,0.004
3120,0.363,0.27,0,0.002,0.036,0,0,,1,1671.875,230445056,286642176,1,62503872,62503872,135081984,38823561584,0,0,0,0,0,0,0,0,1,0,1,0,1,2,0,0,0,0,0,0,272,0,0.001,0.002
3121,0.533,0.358,0,0.003,0.078,0,0,,0,,,,0,,,,,0,0,0,0,0,0,0,0,1,0,1,0,1,2,0,0,0,0,0,0,272,0,0,0.005
3122,0.309,0.25,0,0.001,0.03,0,0,,0,,,,0,,,,,0,0,0,0,0,0,0,0,1,0,1,0,1,2,0,0,0,0,0,0,272,0,0.001,0.001
3123,0.596,0.426,0,0.002,0.089,0,0,,0,,,,0,,,,,0,0,0,0,0,0,0,0,1,0,1,0,1,2,0,0,0,0,0,0,272,0,0,0.004
3124,0.401,0.259,0,0.001,0.082,0,0,,0,,,,0,,,,,0,0,0,0,0,0,0,0,1,0,1,0,1,2,0,0,0,0,0,0,272,0,0.001,0.003
3125,0.379,0.272,0,0.001,0.07,0,0,,0,,,,0,,,,,0,0,0,0,0,0,0,0,1,0,1,0,1,2,0,0,0,0,0,0,272,0,0,0.002
3126,0.875,0.721,0,0.004,0.053,0,0,,0,,,,0,,,,,0,0,0,0,0,0,0,0,1,0,1,0,1,2,0,0,0,0,0,0,272,0.001,0.001,0.004
3127,0.065,0.001,0,0.001,0.023,0,0,,0,,,,0,,,,,0,0,0,0,0,0,0,0,1,0,1,0,1,2,0,0,0,0,0,0,272,0,0,0.002
3128,0.736,0.488,0.001,0.005,0.087,0,0,,0,,,,0,,,,,0,0,0,0,0,0,0,0,1,0,1,0,1,2,0,0,0,0,0,0,272,0.001,0.002,0.008
3129,0.441,0.095,0,0.003,0.285,0,0,,0,,,,0,,,,,0,0,0,0,0,0,0,0,1,0,1,0,1,2,0,0,0,0,0,0,272,0,0.001,0.004
3130,0.717,0.567,0,0.003,0.072,0,0,,0,,,,0,,,,,0,0,0,0,0,0,0,0,1,0,1,0,1,2,0,0,0,0,0,0,272,0.001,0.001,0.004
3131,0.365,0.239,0.001,0.002,0.041,0,0,,0,,,,0,,,,,0,0,0,0,0,0,0,0,1,0,1,0,1,2,0,0,0,0,0,0,272,0,0,0.004
3132,0.318,0.25,0,0.001,0.025,0,0,,0,,,,0,,,,,0,0,0,0,0,0,0,0,1,0,1,0,1,2,0,0,0,0,0,0,272,0,0.001,0.002
3133,0.892,0.772,0,0.002,0.037,0,0,,0,,,,0,,,,,0,0,0,0,0,0,0,0,1,0,1,0,1,2,0,0,0,0,0,0,272,0.001,0.001,0.004
3134,1.726,1.551,0,0.004,0.063,0,0,,0,,,,0,,,,,0,0,0,0,0,0,0,0,1,0,1,0,1,2,0,0,0,0,0,0,272,0.001,0.002,0.007
3135,0.78,0.579,0.001,0.003,0.061,0,0,,0,,,,0,,,,,0,0,0,0,0,0,0,0,1,0,1,0,1,2,0,0,0,0,0,0,272,0,0.001,0.006
3136,0.634,0.521,0.001,0.002,0.047,0,0,,0,,,,0,,,,,0,0,0,0,0,0,0,0,1,0,1,0,1,2,0,0,0,0,0,0,272,0.001,0,0.004
3137,0.736,0.658,0,0.002,0.024,0,0,,0,,,,0,,,,,0,0,0,0,0,0,0,0,1,0,1,0,1,2,0,0,0,0,0,0,272,0,0,0.003
3138,0.884,0.713,0,0.002,0.058,0,0,,0,,,,0,,,,,0,0,0,0,0,0,0,0,1,0,1,0,1,2,0,0,0,0,0,0,272,0,0.001,0.006
3139,0.711,0.587,0.032,0.003,0.026,0,0,,0,,,,0,,,,,0,0,0,0,0,0,0,0,1,0,1,0,1,2,0,0,0,0,0,0,272,0,0.001,0.004
3140,0.765,0.649,0,0.003,0.034,0,0,,0,,,,0,,,,,0,0,0,0,0,0,0,0,1,0,1,0,1,2,0,0,0,0,0,0,272,0,0.001,0.004
3141,0.566,0.487,0,0.002,0.022,0,0,,0,,,,0,,,,,0,0,0,0,0,0,0,0,1,0,1,0,1,2,0,0,0,0,0,0,272,0,0.001,0.003
3142,1.53,1.42,0,0.003,0.033,0,0,,0,,,,0,,,,,0,0,0,0,0,0,0,0,1,0,1,0,1,2,0,0,0,0,0,0,272,0,0.001,0.004
3143,0.827,0.722,0,0.002,0.03,0,0,,0,,,,0,,,,,0,0,0,0,0,0,0,0,1,0,1,0,1,2,0,0,0,0,0,0,272,0.001,0.001,0.003
3144,0.82,0.718,0,0.002,0.047,0,0,,0,,,,0,,,,,0,0,0,0,0,0,0,0,1,0,1,0,1,2,0,0,0,0,0,0,272,0,0,0.003
3145,1.151,1.067,0.001,0.001,0.041,0,0,,0,,,,0,,,,,0,0,0,0,0,0,0,0,1,0,1,0,1,2,0,0,0,0,0,0,272,0,0.001,0.002
3146,1.299,1.141,0.001,0.003,0.051,0,0,,0,,,,0,,,,,0,0,0,0,0,0,0,0,1,0,1,0,1,2,0,0,0,0,0,0,272,0,0.001,0.005
3147,1.195,1.034,0.001,0.003,0.048,0,0,,0,,,,0,,,,,0,0,0,0,0,0,0,0,1,0,1,0,1,2,0,0,0,0,0,0,272,0.001,0.001,0.006
3148,1.816,1.643,0,0.003,0.057,0,0,,0,,,,0,,,,,0,0,0,0,0,0,0,0,1,0,1,0,1,2,0,0,0,0,0,0,272,0,0.001,0.005
3149,1.742,1.617,0,0.003,0.042,0,0,,0,,,,0,,,,,0,0,0,0,0,0,0,0,1,0,1,0,1,2,0,0,0,0,0,0,272,0,0.001,0.004
3150,0.765,0.667,0,0.003,0.031,0,0,,1,1687.5,230445056,286642176,1,62503872,62503872,135081984,38823561584,0,0,0,0,0,0,0,0,1,0,1,0,1,2,0,0,0,0,0,0,272,0,0.001,0.003
3151,0.85,0.686,0,0.004,0.048,0,0,,0,,,,0,,,,,0,0,0,0,0,0,0,0,1,0,1,0,1,2,0,0,0,0,0,0,272,0,0.001,0.005
3152,0.697,0.591,0,0.002,0.037,0,0,,0,,,,0,,,,,0,0,0,0,0,0,0,0,1,0,1,0,1,2,0,0,0,0,0,0,272,0,0,0.004
3153,0.758,0.67,0,0.001,0.043,0,0,,0,,,,0,,,,,0,0,0,0,0,0,0,0,1,0,1,0,1,2,0,0,0,0,0,0,272,0,0,0.002
3154,0.868,0.701,0,0.004,0.048,0,0,,0,,,,0,,,,,0,0,0,0,0,0,0,0,1,0,1,0,1,2,0,0,0,0,0,0,272,0.001,0.001,0.007
3155,0.684,0.596,0,0.003,0.031,0,0,,0,,,,0,,,,,0,0,0,0,0,0,0,0,1,0,1,0,1,2,0,0,0,0,0,0,272,0.001,0,0.003
3156,0.797,0.687,0.001,0.001,0.037,0,0,,0,,,,0,,,,,0,0,0,0,0,0,0,0,1,0,1,0,1,2,0,0,0,0,0,0,272,0.001,0.001,0.003
3157,0.668,0.619,0,0.001,0.018,0,0,,0,,,,0,,,,,0,0,0,0,0,0,0,0,1,0,1,0,1,2,0,0,0,0,0,0,272,0,0.001,0.001
3158,1.629,1.476,0,0.003,0.05,0,0,,0,,,,0,,,,,0,0,0,0,0,0,0,0,1,0,1,0,1,2,0,0,0,0,0,0,272,0,0,0.005
3159,0.785,0.678,0,0.003,0.039,0,0,,0,,,,0,,,,,0,0,0,0,0,0,0,0,1,0,1,0,1,2,0,0,0,0,0,0,272,0,0.001,0.004
3160,0.754,0.674,0,0.002,0.038,0,0,,0,,,,0,,,,,0,0,0,0,0,0,0,0,1,0,1,0,1,2,0,0,0,0,0,0,272,0,0,0.003
3161,0.766,0.696,0,0.001,0.036,0,0,,0,,,,0,,,,,0,0,0,0,0,0,0,0,1,0,1,0,1,2,0,0,0,0,0,0,272,0,0,0.002
3162,0.783,0.717,0.001,0,0.036,0,0,,0,,,,0,,,,,0,0,0,0,0,0,0,0,1,0,1,0,1,2,0,0,0,0,0,0,272,0,0,0.002
3163,0.946,0.84,0,0.002,0.041,0,0,,0,,,,0,,,,,0,0,0,0,0,0,0,0,1,0,1,0,1,2,0,0,0,0,0,0,272,0,0,0.004
3164,1.24,1.118,0.001,0.003,0.036,0,0,,0,,,,0,,,,,0,0,0,0,0,0,0,0,1,0,1,0,1,2,0,0,0,0,0,0,272,0.001,0.001,0.005
3165,0.696,0.64,0,0.001,0.022,0,0,,0,,,,0,,,,,0,0,0,0,0,0,0,0,1,0,1,0,1,2,0,0,0,0,0,0,272,0,0,0.002
3166,0.899,0.736,0.001,0.002,0.089,0,0,,0,,,,0,,,,,0,0,0,0,0,0,0,0,1,0,1,0,1,2,0,0,0,0,0,0,272,0,0.001,0.004
3167,0.66,0.601,0,0.001,0.023,0,0,,0,,,,0,,,,,0,0,0,0,0,0,0,0,1,0,1,0,1,2,0,0,0,0,0,0,272,0,0,0.002
3168,1.476,1.404,0,0.002,0.024,0,0,,0,,,,0,,,,,0,0,0,0,0,0,0,0,1,0,1,0,1,2,0,0,0,0,0,0,272,0,0.001,0.002
3169,0.907,0.724,0.001,0.004,0.046,0,0,,0,,,,0,,,,,0,0,0,0,0,0,0,0,1,0,1,0,1,2,0,0,0,0,0,0,272,0.001,0.001,0.006
3170,0.698,0.595,0,0.002,0.041,0,0,,0,,,,0,,,,,0,0,0,0,0,0,0,0,1,0,1,0,1,2,0,0,0,0,0,0,272,0.001,0,0.003
3171,0.773,0.692,0,0.001,0.037,0,0,,0,,,,0,,,,,0,0,0,0,0,0,0,0,1,0,1,0,1,2,0,0,0,0,0,0,272,0,0.001,0.002
3172,1.005,0.842,0,0.003,0.068,0,0,,0,,,,0,,,,,0,0,0,0,0,0,0,0,1,0,1,0,1,2,0,0,0,0,0,0,272,0,0.001,0.004
3173,0.525,0.427,0,0.002,0.028,0,0,,0,,,,0,,,,,0,0,0,0,0,0,0,0,1,0,1,0,1,2,0,0,0,0,0,0,272,0,0.001,0.004
3174,0.766,0.676,0,0.002,0.02,0,0,,0,,,,0,,,,,0,0,0,0,0,0,0,0,1,0,1,0,1,2,0,0,0,0,0,0,272,0,0,0.004
3175,1.182,1.009,0,0.004,0.067,0,0,,0,,,,0,,,,,0,0,0,0,0,0,0,0,1,0,1,0,1,2,0,0,0,0,0,0,272,0.001,0.001,0.006
3176,1.059,0.964,0,0.002,0.032,0,0,,0,,,,0,,,,,0,0,0,0,0,0,0,0,1,0,1,0,1,2,0,0,0,0,0,0,272,0,0,0.003
3177,0.924,0.773,0.001,0.003,0.046,0,0,,0,,,,0,,,,,0,0,0,0,0,0,0,0,1,0,1,0,1,2,0,0,0,0,0,0,272,0,0.002,0.004
3178,2.417,2.241,0,0.003,0.071,0,0,,0,,,,0,,,,,0,0,0,0,0,0,0,0,1,0,1,0,1,2,0,0,0,0,0,0,272,0.001,0.001,0.005
3179,3.216,3.049,0,0.003,0.056,0,0,,0,,,,0,,,,,0,0,0,0,0,0,0,0,1,0,1,0,1,2,0,0,0,0,0,0,272,0.001,0.001,0.005
3180,5.453,5.276,0,0.003,0.054,0,0,,1,1703.125,230514688,286642176,1,62503872,62503872,135081984,38823561584,0,0,0,0,0,0,0,0,1,0,1,0,1,2,0,0,0,0,0,0,272,0.001,0.001,0.007
3181,0.389,0.26,0,0.002,0.07,0,0,,0,,,,0,,,,,0,0,0,0,0,0,0,0,1,0,1,0,1,2,0,0,0,0,0,0,272,0,0.001,0.003
3182,0.673,0.438,0,0.003,0.103,0,0,,0,,,,0,,,,,0,0,0,0,0,0,0,0,1,0,1,0,1,2,0,0,0,0,0,0,272,0.001,0.001,0.007
3183,0.289,0.1,0,0.002,0.121,0,0,,0,,,,0,,,,,0,0,0,0,0,0,0,0,1,0,1,0,1,2,0,0,0,0,0,0,272,0,0.001,0.003
3184,0.508,0.293,0,0.003,0.109,0,0,,0,,,,0,,,,,0,0,0,0,0,0,0,0,1,0,1,0,1,2,0,0,0,0,0,0,272,0,0.001,0.005
3185,0.34,0.282,0,0.001,0.021,0,0,,0,,,,0,,,,,0,0,0,0,0,0,0,0,1,0,1,0,1,2,0,0,0,0,0,0,272,0,0,0.002
3186,0.498,0.445,0,0.001,0.018,0,0,,0,,,,0,,,,,0,0,0,0,0,0,0,0,1,0,1,0,1,2,0,0,0,0,0,0,272,0,0.001,0.002
3187,1.029,0.958,0.001,0.001,0.025,0,0,,0,,,,0,,,,,0,0,0,0,0,0,0,0,1,0,1,0,1,2,0,0,0,0,0,0,272,0,0,0.002
3188,0.536,0.427,0.001,0.003,0.026,0,0,,0,,,,0,,,,,0,0,0,0,0,0,0,0,1,0,1,0,1,2,0,0,0,0,0,0,272,0.001,0.001,0.004
3189,0.452,0.36,0,0.002,0.025,0,0,,0,,,,0,,,,,0,0,0,0,0,0,0,0,1,0,1,0,1,2,0,0,0,0,0,0,272,0,0,0.003
3190,2.827,2.671,0,0.003,0.046,0,0,,0,,,,0,,,,,0,0,0,0,0,0,0,0,1,0,1,0,1,2,0,0,0,0,0,0,272,0.001,0.001,0.005
3191,2.5,2.411,0,0.002,0.035,0,0,,0,,,,0,,,,,0,0,0,0,0,0,0,0,1,0,1,0,1,2,0,0,0,0,0,0,272,0,0.001,0.002
3192,0.658,0.608,0,0.001,0.022,0,0,,0,,,,0,,,,,0,0,0,0,0,0,0,0,1,0,1,0,1,2,0,0,0,0,0,0,272,0,0,0.001
3193,0.747,0.635,0,0.002,0.034,0,0,,0,,,,0,,,,,0,0,0,0,0,0,0,0,1,0,1,0,1,2,0,0,0,0,0,0,272,0,0.001,0.015
3194,0.639,0.55,0,0.002,0.045,0,0,,0,,,,0,,,,,0,0,0,0,0,0,0,0,1,0,1,0,1,2,0,0,0,0,0,0,272,0,0,0.002
3195,1.377,1.222,0,0.004,0.047,0,0,,0,,,,0,,,,,0,0,0,0,0,0,0,0,1,0,1,0,1,2,0,0,0,0,0,0,272,0.001,0.002,0.005
3196,0.651,0.477,0,0.003,0.058,0,0,,0,,,,0,,,,,0,0,0,0,0,0,0,0,1,0,1,0,1,2,0,0,0,0,0,0,272,0.001,0.002,0.006
3197,0.567,0.478,0,0.001,0.04,0,0,,0,,,,0,,,,,0,0,0,0,0,0,0,0,1,0,1,0,1,2,0,0,0,0,0,0,272,0,0,0.002
3198,0.649,0.584,0,0.001,0.033,0,0,,0,,,,0,,,,,0,0,0,0,0,0,0,0,1,0,1,0,1,2,0,0,0,0,0,0,272,0,0,0.002
3199,0.669,0.595,0,0.001,0.042,0,0,,0,,,,0,,,,,0,0,0,0,0,0,0,0,1,0,1,0,1,2,0,0,0,0,0,0,272,0,0,0.002
3200,0.649,0.591,0,0.001,0.033,0,0,,0,,,,0,,,,,0,0,0,0,0,0,0,0,1,0,1,0,1,2,0,0,0,0,0,0,272,0,0.001,0.001
3201,0.768,0.622,0,0.003,0.063,0,0,,0,,,,0,,,,,0,0,0,0,0,0,0,0,1,0,1,0,1,2,0,0,0,0,0,0,272,0,0.001,0.004
3202,0.651,0.507,0,0.002,0.069,0,0,,0,,,,0,,,,,0,0,0,0,0,0,0,0,1,0,1,0,1,2,0,0,0,0,0,0,272,0.001,0.001,0.004
3203,0.57,0.474,0.001,0.002,0.027,0,0,,0,,,,0,,,,,0,0,0,0,0,0,0,0,1,0,1,0,1,2,0,0,0,0,0,0,272,0,0,0.004
3204,0.629,0.533,0,0.003,0.021,0,0,,0,,,,0,,,,,0,0,0,0,0,0,0,0,1,0,1,0,1,2,0,0,0,0,0,0,272,0,0,0.004
3205,1.209,1.162,0,0.001,0.018,0,0,,0,,,,0,,,,,0,0,0,0,0,0,0,0,1,0,1,0,1,2,0,0,0,0,0,0,272,0,0,0.002
3206,2.55,2.356,0,0.004,0.061,0,0,,0,,,,0,,,,,0,0,0,0,0,0,0,0,1,0,1,0,1,2,0,0,0,0,0,0,272,0,0.001,0.006
3207,3.51,3.327,0,0.003,0.05,0,0,,0,,,,0,,,,,0,0,0,0,0,0,0,0,1,0,1,0,1,2,0,0,0,0,0,0,272,0,0.002,0.006
3208,1.905,1.72,0,0.004,0.047,0,0,,0,,,,0,,,,,0,0,0,0,0,0,0,0,1,0,1,0,1,2,0,0,0,0,0,0,272,0.001,0.002,0.007
3209,2.365,2.193,0.001,0.003,0.054,0,0,,0,,,,0,,,,,0,0,0,0,0,0,0,0,1,0,1,0,1,2,0,0,0,0,0,0,272,0,0.001,0.006
3210,1.314,1.133,0.001,0.003,0.053,0,0,,1,1703.125,230514688,286642176,1,62503872,62503872,135081984,38823561584,0,0,0,0,0,0,0,0,1,0,1,0,1,2,0,0,0,0,0,0,272,0.001,0.001,0.005
3211,1.178,0.994,0,0.002,0.039,0,0,,0,,,,0,,,,,0,0,0,0,0,0,0,0,1,0,1,0,1,2,0,0,0,0,0,0,272,0,0,0.004
3212,1.331,1.137,0.001,0.003,0.059,0,0,,0,,,,0,,,,,0,0,0,0,0,0,0,0,1,0,1,0,1,2,0,0,0,0,0,0,272,0,0.001,0.006
3213,1.265,1.069,0,0.004,0.057,0,0,,0,,,,0,,,,,0,0,0,0,0,0,0,0,1,0,1,0,1,2,0,0,0,0,0,0,272,0,0.001,0.007
3214,1.234,1.005,0,0.004,0.072,0,0,,0,,,,0,,,,,0,0,0,0,0,0,0,0,1,0,1,0,1,2,0,0,0,0,0,0,272,0,0.001,0.008
3215,2.294,2.095,0,0.004,0.048,0,0,,0,,,,0,,,,,0,0,0,0,0,0,0,0,1,0,1,0,1,2,0,0,0,0,0,0,272,0,0.002,0.007
3216,1.209,1.054,0,0.003,0.057,0,0,,0,,,,0,,,,,0,0,0,0,0,0,0,0,1,0,1,0,1,2,0,0,0,0,0,0,272,0,0.001,0.006
3217,1.288,1.167,0.001,0.003,0.033,0,0,,0,,,,0,,,,,0,0,0,0,0,0,0,0,1,0,1,0,1,2,0,0,0,0,0,0,272,0,0.001,0.004
3218,1.333,1.198,0,0.003,0.045,0,0,,0,,,,0,,,,,0,0,0,0,0,0,0,0,1,0,1,0,1,2,0,0,0,0,0,0,272,0,0.001,0.004
3219,1.328,1.2,0,0.002,0.039,0,0,,0,,,,0,,,,,0,0,0,0,0,0,0,0,1,0,1,0,1,2,0,0,0,0,0,0,272,0,0.001,0.006
3220,1.33,1.23,0,0.003,0.029,0,0,,0,,,,0,,,,,0,0,0,0,0,0,0,0,1,0,1,0,1,2,0,0,0,0,0,0,272,0.001,0.001,0.003
3221,2.608,2.392,0,0.003,0.047,0,0,,0,,,,0,,,,,0,0,0,0,0,0,0,0,1,0,1,0,1,2,0,0,0,0,0,0,272,0.001,0.001,0.005
3222,1.146,1.042,0,0.002,0.036,0,0,,0,,,,0,,,,,0,0,0,0,0,0,0,0,1,0,1,0,1,2,0,0,0,0,0,0,272,0,0.001,0.003
3223,1.189,0.99,0,0.003,0.078,0,0,,0,,,,0,,,,,0,0,0,0,0,0,0,0,1,0,1,0,1,2,0,0,0,0,0,0,272,0.001,0.001,0.006
3224,0.577,0.484,0,0.002,0.021,0,0,,0,,,,0,,,,,0,0,0,0,0,0,0,0,1,0,1,0,1,2,0,0,0,0,0,0,272,0,0.001,0.004
3225,0.702,0.576,0,0.003,0.036,0,0,,0,,,,0,,,,,0,0,0,0,0,0,0,0,1,0,1,0,1,2,0,0,0,0,0,0,272,0,0.001,0.005
3226,1.4,1.275,0,0.003,0.039,0,0,,0,,,,0,,,,,0,0,0,0,0,0,0,0,1,0,1,0,1,2,0,0,0,0,0,0,272,0,0.001,0.005
3227,0.705,0.605,0,0.002,0.037,0,0,,0,,,,0,,,,,0,0,0,0,0,0,0,0,1,0,1,0,1,2,0,0,0,0,0,0,272,0.001,0.001,0.003
3228,0.693,0.607,0,0.001,0.038,0,0,,0,,,,0,,,,,0,0,0,0,0,0,0,0,1,0,1,0,1,2,0,0,0,0,0,0,272,0,0,0.003
3229,0.77,0.611,0,0.003,0.052,0,0,,0,,,,0,,,,,0,0,0,0,0,0,0,0,1,0,1,0,1,2,0,0,0,0,0,0,272,0,0.001,0.005
3230,0.645,0.55,0,0.002,0.037,0,0,,0,,,,0,,,,,0,0,0,0,0,0,0,0,1,0,1,0,1,2,0,0,0,0,0,0,272,0,0,0.002
3231,0.675,0.586,0.001,0.001,0.028,0,0,,0,,,,0,,,,,0,0,0,0,0,0,0,0,1,0,1,0,1,2,0,0,0,0,0,0,272,0,0.001,0.003
3232,0.8,0.627,0.001,0.003,0.056,0,0,,0,,,,0,,,,,0,0,0,0,0,0,0,0,1,0,1,0,1,2,0,0,0,0,0,0,272,0.001,0.001,0.006
3233,0.74,0.519,0.001,0.004,0.076,0,0,,0,,,,0,,,,,0,0,0,0,0,0,0,0,1,0,1,0,1,2,0,0,0,0,0,0,272,0,0.001,0.007
3234,0.513,0.446,0.001,0.001,0.023,0,0,,0,,,,0,,,,,0,0,0,0,0,0,0,0,1,0,1,0,1,2,0,0,0,0,0,0,272,0.001,0,0.003
3235,0.854,0.767,0,0.001,0.036,0,0,,0,,,,0,,,,,0,0,0,0,0,0,0,0,1,0,1,0,1,2,0,0,0,0,0,0,272,0,0,0.003
3236,0.595,0.507,0,0.001,0.046,0,0,,0,,,,0,,,,,0,0,0,0,0,0,0,0,1,0,1,0,1,2,0,0,0,0,0,0,272,0,0,0.003
3237,0.72,0.622,0.001,0.002,0.034,0,0,,0,,,,0,,,,,0,0,0,0,0,0,0,0,1,0,1,0,1,2,0,0,0,0,0,0,272,0,0.001,0.003
3238,0.672,0.552,0,0.003,0.051,0,0,,0,,,,0,,,,,0,0,0,0,0,0,0,0,1,0,1,0,1,2,0,0,0,0,0,0,272,0,0.001,0.003
3239,1.25,1.11,0,0.016,0.04,0,0,,0,,,,0,,,,,0,0,0,0,0,0,0,0,1,0,1,0,1,2,0,0,0,0,0,0,272,0,0.001,0.004
3240,0.725,0.6,0,0.002,0.047,0,0,,1,1703.125,230514688,286642176,1,62503872,62503872,135081984,38823561584,0,0,0,0,0,0,0,0,1,0,1,0,1,2,0,0,0,0,0,0,272,0,0.001,0.004
3241,0.637,0.56,0,0.001,0.032,0,0,,0,,,,0,,,,,0,0,0,0,0,0,0,0,1,0,1,0,1,2,0,0,0,0,0,0,272,0,0.001,0.002
3242,0.698,0.624,0.001,0.001,0.029,0,0,,0,,,,0,,,,,0,0,0,0,0,0,0,0,1,0,1,0,1,2,0,0,0,0,0,0,272,0,0.001,0.002
3243,0.8,0.645,0,0.003,0.036,0,0,,0,,,,0,,,,,0,0,0,0,0,0,0,0,1,0,1,0,1,2,0,0,0,0,0,0,272,0,0.02,0.006
3244,0.754,0.546,0,0.002,0.131,0,0,,0,,,,0,,,,,0,0,0,0,0,0,0,0,1,0,1,0,1,2,0,0,0,0,0,0,272,0,0.001,0.005
3245,0.517,0.451,0.001,0.001,0.028,0,0,,0,,,,0,,,,,0,0,0,0,0,0,0,0,1,0,1,0,1,2,0,0,0,0,0,0,272,0,0,0.002
3246,1.255,1.024,0.001,0.004,0.079,0,0,,0,,,,0,,,,,0,0,0,0,0,0,0,0,1,0,1,0,1,2,0,0,0,0,0,0,272,0.001,0.002,0.008
3247,0.242,0.082,0,0.002,0.08,0,0,,0,,,,0,,,,,0,0,0,0,0,0,0,0,1,0,1,0,1,2,0,0,0,0,0,0,272,0,0.001,0.004
3248,1.29,1.208,0,0.002,0.025,0,0,,0,,,,0,,,,,0,0,0,0,0,0,0,0,1,0,1,0,1,2,0,0,0,0,0,0,272,0,0,0.003
3249,0.693,0.627,0,0.002,0.02,0,0,,0,,,,0,,,,,0,0,0,0,0,0,0,0,1,0,1,0,1,2,0,0,0,0,0,0,272,0,0.001,0.002
3250,0.69,0.644,0,0.001,0.015,0,0,,0,,,,0,,,,,0,0,0,0,0,0,0,0,1,0,1,0,1,2,0,0,0,0,0,0,272,0,0,0.002
3251,0.711,0.668,0,0.001,0.025,0,0,,0,,,,0,,,,,0,0,0,0,0,0,0,0,1,0,1,0,1,2,0,0,0,0,0,0,272,0,0,0.001
3252,0.769,0.675,0,0,0.057,0,0,,0,,,,0,,,,,0,0,0,0,0,0,0,0,1,0,1,0,1,2,0,0,0,0,0,0,272,0.001,0,0.001
3253,0.836,0.686,0,0.003,0.047,0,0,,0,,,,0,,,,,0,0,0,0,0,0,0,0,1,0,1,0,1,2,0,0,0,0,0,0,272,0.001,0.001,0.005
3254,0.776,0.623,0.001,0.003,0.054,0,0,,0,,,,0,,,,,0,0,0,0,0,0,0,0,1,0,1,0,1,2,0,0,0,0,0,0,272,0,0.001,0.005
3255,0.733,0.629,0,0.001,0.043,0,0,,0,,,,0,,,,,0,0,0,0,0,0,0,0,1,0,1,0,1,2,0,0,0,0,0,0,272,0,0,0.003
3256,0.746,0.652,0,0.001,0.053,0,0,,0,,,,0,,,,,0,0,0,0,0,0,0,0,1,0,1,0,1,2,0,0,0,0,0,0,272,0,0,0.003
3257,0.786,0.687,0,0.002,0.035,0,0,,0,,,,0,,,,,0,0,0,0,0,0,0,0,1,0,1,0,1,2,0,0,0,0,0,0,272,0,0.001,0.004
3258,0.799,0.676,0,0.002,0.052,0,0,,0,,,,0,,,,,0,0,0,0,0,0,0,0,1,0,1,0,1,2,0,0,0,0,0,0,272,0,0,0.003
3259,1.972,1.648,0,0.007,0.124,0,0,,0,,,,0,,,,,0,0,0,0,0,0,0,0,1,0,1,0,1,2,0,0,0,0,0,0,272,0.001,0.003,0.01
3260,0.445,0.084,0.001,0.002,0.28,0,0,,0,,,,0,,,,,0,0,0,0,0,0,0,0,1,0,1,0,1,2,0,0,0,0,0,0,272,0.001,0.001,0.005
3261,0.413,0.356,0,0.001,0.029,0,0,,0,,,,0,,,,,0,0,0,0,0,0,0,0,1,0,1,0,1,2,0,0,0,0,0,0,272,0,0.001,0.001
3262,0.801,0.729,0,0.001,0.035,0,0,,0,,,,0,,,,,0,0,0,0,0,0,0,0,1,0,1,0,1,2,0,0,0,0,0,0,272,0,0.001,0.002
3263,0.774,0.709,0,0,0.032,0,0,,0,,,,0,,,,,0,0,0,0,0,0,0,0,1,0,1,0,1,2,0,0,0,0,0,0,272,0,0.001,0.001
3264,0.864,0.732,0,0.003,0.045,0,0,,0,,,,0,,,,,0,0,0,0,0,0,0,0,1,0,1,0,1,2,0,0,0,0,0,0,272,0.001,0.001,0.005
3265,0.922,0.655,0,0.004,0.143,0,0,,0,,,,0,,,,,0,0,0,0,0,0,0,0,1,0,1,0,1,2,0,0,0,0,0,0,272,0.001,0.002,0.005
3266,0.627,0.522,0,0.002,0.028,0,0,,0,,,,0,,,,,0,0,0,0,0,0,0,0,1,0,1,0,1,2,0,0,0,0,0,0,272,0.001,0.001,0.004
3267,0.74,0.633,0,0.002,0.033,0,0,,0,,,,0,,,,,0,0,0,0,0,0,0,0,1,0,1,0,1,2,0,0,0,0,0,0,272,0,0,0.004
3268,1.705,1.52,0.001,0.004,0.065,0,0,,0,,,,0,,,,,0,0,0,0,0,0,0,0,1,0,1,0,1,2,0,0,0,0,0,0,272,0,0.001,0.007
3269,0.559,0.453,0,0.002,0.028,0,0,,0,,,,0,,,,,0,0,0,0,0,0,0,0,1,0,1,0,1,2,0,0,0,0,0,0,272,0,0,0.006
3270,0.773,0.675,0,0.002,0.032,0,0,,1,1718.75,230514688,286642176,1,62503872,62503872,135081984,38823561584,0,0,0,0,0,0,0,0,1,0,1,0,1,2,0,0,0,0,0,0,272,0,0,0.004
3271,0.846,0.695,0,0.003,0.054,0,0,,0,,,,0,,,,,0,0,0,0,0,0,0,0,1,0,1,0,1,2,0,0,0,0,0,0,272,0,0.001,0.004
3272,0.96,0.658,0,0.003,0.168,0,0,,0,,,,0,,,,,0,0,0,0,0,0,0,0,1,0,1,0,1,2,0,0,0,0,0,0,272,0.001,0.001,0.006
3273,0.936,0.811,0,0.003,0.051,0,0,,0,,,,0,,,,,0,0,0,0,0,0,0,0,1,0,1,0,1,2,0,0,0,0,0,0,272,0,0.001,0.004
3274,0.364,0.247,0,0.002,0.048,0,0,,0,,,,0,,,,,0,0,0,0,0,0,0,0,1,0,1,0,1,2,0,0,0,0,0,0,272,0.001,0.001,0.003
3275,0.754,0.66,0,0.001,0.046,0,0,,0,,,,0,,,,,0,0,0,0,0,0,0,0,1,0,1,0,1,2,0,0,0,0,0,0,272,0,0,0.002
3276,1.77,1.634,0,0.003,0.056,0,0,,0,,,,0,,,,,0,0,0,0,0,0,0,0,1,0,1,0,1,2,0,0,0,0,0,0,272,0.001,0.001,0.004
3277,2.554,2.439,0,0.002,0.047,0,0,,0,,,,0,,,,,0,0,0,0,0,0,0,0,1,0,1,0,1,2,0,0,0,0,0,0,272,0.001,0.001,0.003
3278,1.608,1.506,0,0.001,0.046,0,0,,0,,,,0,,,,,0,0,0,0,0,0,0,0,1,0,1,0,1,2,0,0,0,0,0,0,272,0,0,0.004
3279,1.3,1.138,0,0.003,0.063,0,0,,0,,,,0,,,,,0,0,0,0,0,0,0,0,1,0,1,0,1,2,0,0,0,0,0,0,272,0,0.001,0.005
3280,1.584,1.45,0.001,0.004,0.031,0,0,,0,,,,0,,,,,0,0,0,0,0,0,0,0,1,0,1,0,1,2,0,0,0,0,0,0,272,0,0.001,0.005
3281,1.093,0.937,0,0.003,0.052,0,0,,0,,,,0,,,,,0,0,0,0,0,0,0,0,1,0,1,0,1,2,0,0,0,0,0,0,272,0.001,0.001,0.006
3282,4.625,4.465,0.001,0.003,0.047,0,0,,0,,,,0,,,,,0,0,0,0,0,0,0,0,1,0,1,0,1,2,0,0,0,0,0,0,272,0,0.001,0.006
3283,2.028,1.9,0,0.003,0.039,0,0,,0,,,,0,,,,,0,0,0,0,0,0,0,0,1,0,1,0,1,2,0,0,0,0,0,0,272,0,0.001,0.005
3284,3.047,2.876,0.001,0.004,0.052,0,0,,0,,,,0,,,,,0,0,0,0,0,0,0,0,1,0,1,0,1,2,0,0,0,0,0,0,272,0,0.002,0.007
3285,5.845,5.56,0.001,0.009,0.07,0,0,,0,,,,0,,,,,0,0,0,0,0,0,0,0,1,0,1,0,1,2,0,0,0,0,0,0,272,0.001,0.001,0.011
3286,4.001,3.844,0,0.004,0.055,0,0,,0,,,,0,,,,,0,0,0,0,0,0,0,0,1,0,1,0,1,2,0,0,0,0,0,0,272,0,0.001,0.006
3287,4.867,4.734,0,0.003,0.052,0,0,,0,,,,0,,,,,0,0,0,0,0,0,0,0,1,0,1,0,1,2,0,0,0,0,0,0,272,0.001,0.001,0.005
3288,1.151,0.981,0,0.004,0.048,0,0,,0,,,,0,,,,,0,0,0,0,0,0,0,0,1,0,1,0,1,2,0,0,0,0,0,0,272,0.001,0.001,0.007
3289,1.501,1.279,0.001,0.005,0.074,0,0,,0,,,,0,,,,,0,0,0,0,0,0,0,0,1,0,1,0,1,2,0,0,0,0,0,0,272,0,0.002,0.008
3290,4.687,4.498,0.001,0.005,0.051,0,0,,0,,,,0,,,,,0,0,0,0,0,0,0,0,1,0,1,0,1,2,0,0,0,0,0,0,272,0,0.001,0.009
3291,1.256,1.001,0.001,0.004,0.093,0,0,,0,,,,0,,,,,0,0,0,0,0,0,0,0,1,0,1,0,1,2,0,0,0,0,0,0,272,0.001,0.001,0.008
3292,3.417,3.167,0,0.005,0.074,0,0,,0,,,,0,,,,,0,0,0,0,0,0,0,0,1,0,1,0,1,2,0,0,0,0,0,0,272,0.001,0.001,0.009
3293,1.203,1.027,0.001,0.004,0.059,0,0,,0,,,,0,,,,,0,0,0,0,0,0,0,0,1,0,1,0,1,2,0,0,0,0,0,0,272,0,0.001,0.006
3294,1.294,1.197,0.001,0.001,0.042,0,0,,0,,,,0,,,,,0,0,0,0,0,0,0,0,1,0,1,0,1,2,0,0,0,0,0,0,272,0,0,0.002
3295,1.386,1.296,0,0.001,0.038,0,0,,0,,,,0,,,,,0,0,0,0,0,0,0,0,1,0,1,0,1,2,0,0,0,0,0,0,272,0,0,0.003
3296,1.299,1.22,0,0.001,0.039,0,0,,0,,,,0,,,,,0,0,0,0,0,0,0,0,1,0,1,0,1,2,0,0,0,0,0,0,272,0,0,0.003
3297,1.965,1.808,0,0.004,0.045,0,0,,0,,,,0,,,,,0,0,0,0,0,0,0,0,1,0,1,0,1,2,0,0,0,0,0,0,272,0,0.001,0.006
3298,0.828,0.698,0,0.003,0.051,0,0,,0,,,,0,,,,,0,0,0,0,0,0,0,0,1,0,1,0,1,2,0,0,0,0,0,0,272,0.001,0.001,0.004
3299,1.11,0.986,0,0.002,0.05,0,0,,0,,,,0,,,,,0,0,0,0,0,0,0,0,1,0,1,0,1,2,0,0,0,0,0,0,272,0,0,0.004
3300,0.297,0.175,0.001,0.002,0.038,0,0,,1,1718.75,229384192,284925952,1,62503872,62503872,135081984,38823561584,0,0,0,0,0,0,0,0,1,0,1,0,1,2,0,0,0,0,0,0,272,0,0.001,0.004
3301,0.786,0.656,0,0.002,0.047,0,0,,0,,,,0,,,,,0,0,0,0,0,0,0,0,1,0,1,0,1,2,0,0,0,0,0,0,272,0,0.001,0.005
3302,0.77,0.642,0,0.002,0.044,0,0,,0,,,,0,,,,,0,0,0,0,0,0,0,0,1,0,1,0,1,2,0,0,0,0,0,0,272,0.001,0.001,0.004
3303,1.022,0.882,0.001,0.002,0.049,0,0,,0,,,,0,,,,,0,0,0,0,0,0,0,0,1,0,1,0,1,2,0,0,0,0,0,0,272,0.001,0.001,0.005
3304,0.808,0.687,0.001,0.002,0.046,0,0,,0,,,,0,,,,,0,0,0,0,0,0,0,0,1,0,1,0,1,2,0,0,0,0,0,0,272,0,0,0.004
3305,1.424,1.315,0,0.001,0.047,0,0,,0,,,,0,,,,,0,0,0,0,0,0,0,0,1,0,1,0,1,2,0,0,0,0,0,0,272,0,0,0.003
3306,1.419,1.283,0.001,0.003,0.044,0,0,,0,,,,0,,,,,0,0,0,0,0,0,0,0,1,0,1,0,1,2,0,0,0,0,0,0,272,0.001,0.001,0.005
3307,1.284,1.104,0.001,0.006,0.047,0,0,,0,,,,0,,,,,0,0,0,0,0,0,0,0,1,0,1,0,1,2,0,0,0,0,0,0,272,0,0.002,0.009
3308,0.437,0.342,0,0.002,0.021,0,0,,0,,,,0,,,,,0,0,0,0,0,0,0,0,1,0,1,0,1,2,0,0,0,0,0,0,272,0.001,0.001,0.004
3309,0.905,0.711,0,0.004,0.061,0,0,,0,,,,0,,,,,0,0,0,0,0,0,0,0,1,0,1,0,1,2,0,0,0,0,0,0,272,0.001,0.001,0.006
3310,1.333,0.544,0,0.001,0.727,0,0,,0,,,,0,,,,,0,0,0,0,0,0,0,0,1,0,1,0,1,2,0,0,0,0,0,0,272,0,0.001,0.003
3311,0.115,0.001,0.001,0.002,0.034,0,0,,0,,,,0,,,,,0,0,0,0,0,0,0,0,1,0,1,0,1,2,0,0,0,0,0,0,272,0,0.001,0.004
3312,0.689,0.559,0,0.001,0.082,0,0,,0,,,,0,,,,,0,0,0,0,0,0,0,0,1,0,1,0,1,2,0,0,0,0,0,0,272,0,0.001,0.002
3313,0.555,0.244,0,0,0.284,0,0,,0,,,,0,,,,,0,0,0,0,0,0,0,0,1,0,1,0,1,2,0,0,0,0,0,0,272,0,0,0.001
3314,0.541,0.425,0.001,0.002,0.028,0,0,,0,,,,0,,,,,0,0,0,0,0,0,0,0,1,0,1,0,1,2,0,0,0,0,0,0,272,0,0.001,0.004
3315,0.811,0.722,0,0.002,0.032,0,0,,0,,,,0,,,,,0,0,0,0,0,0,0,0,1,0,1,0,1,2,0,0,0,0,0,0,272,0,0,0.003
3316,0.885,0.76,0,0.003,0.033,0,0,,0,,,,0,,,,,0,0,0,0,0,0,0,0,1,0,1,0,1,2,0,0,0,0,0,0,272,0,0.002,0.006
3317,0.193,0.003,0,0.005,0.04,0,0,,0,,,,0,,,,,0,0,0,0,0,0,0,0,1,0,1,0,1,2,0,0,0,0,0,0,272,0,0.001,0.008
3318,1.207,1.101,0,0.002,0.031,0,0,,0,,,,0,,,,,0,0,0,0,0,0,0,0,1,0,1,0,1,2,0,0,0,0,0,0,272,0.001,0.001,0.004
3319,1.566,1.387,0.001,0.003,0.058,0,0,,0,,,,0,,,,,0,0,0,0,0,0,0,0,1,0,1,0,1,2,0,0,0,0,0,0,272,0,0.001,0.007
3320,0.504,0.386,0,0.002,0.054,0,0,,0,,,,0,,,,,0,0,0,0,0,0,0,0,1,0,1,0,1,2,0,0,0,0,0,0,272,0,0,0.003
3321,0.952,0.769,0,0.003,0.078,0,0,,0,,,,0,,,,,0,0,0,0,0,0,0,0,1,0,1,0,1,2,0,0,0,0,0,0,272,0,0,0.005
3322,1.53,1.331,0.001,0.003,0.061,0,0,,0,,,,0,,,,,0,0,0,0,0,0,0,0,1,0,1,0,1,2,0,0,0,0,0,0,272,0,0.001,0.007
3323,1.262,1.135,0,0.002,0.027,0,0,,0,,,,0,,,,,0,0,0,0,0,0,0,0,1,0,1,0,1,2,0,0,0,0,0,0,272,0,0.025,0.004
3324,1.09,0.895,0,0.004,0.075,0,0,,0,,,,0,,,,,0,0,0,0,0,0,0,0,1,0,1,0,1,2,0,0,0,0,0,0,272,0.001,0.001,0.006
3325,0.72,0.577,0,0.002,0.07,0,0,,0,,,,0,,,,,0,0,0,0,0,0,0,0,1,0,1,0,1,2,0,0,0,0,0,0,272,0,0,0.004
3326,0.777,0.65,0,0.001,0.067,0,0,,0,,,,0,,,,,0,0,0,0,0,0,0,0,1,0,1,0,1,2,0,0,0,0,0,0,272,0,0,0.003
3327,0.751,0.634,0.001,0.002,0.047,0,0,,0,,,,0,,,,,0,0,0,0,0,0,0,0,1,0,1,0,1,2,0,0,0,0,0,0,272,0,0.001,0.003
3328,0.774,0.663,0.001,0.001,0.05,0,0,,0,,,,0,,,,,0,0,0,0,0,0,0,0,1,0,1,0,1,2,0,0,0,0,0,0,272,0,0.001,0.003
3329,0.76,0.682,0,0.001,0.035,0,0,,0,,,,0,,,,,0,0,0,0,0,0,0,0,1,0,1,0,1,2,0,0,0,0,0,0,272,0,0,0.002
3330,0.829,0.699,0,0.002,0.058,0,0,,1,1718.75,229384192,284925952,1,62503872,62503872,135081984,38823561584,0,0,0,0,0,0,0,0,1,0,1,0,1,2,0,0,0,0,0,0,272,0,0.001,0.003
3331,0.818,0.617,0,0.004,0.084,0,0,,0,,,,0,,,,,0,0,0,0,0,0,0,0,1,0,1,0,1,2,0,0,0,0,0,0,272,0,0,0.006
3332,0.844,0.622,0,0.005,0.081,0,0,,0,,,,0,,,,,0,0,0,0,0,0,0,0,1,0,1,0,1,2,0,0,0,0,0,0,272,0.001,0.002,0.008
3333,1.683,1.532,0,0.003,0.035,0,0,,0,,,,0,,,,,0,0,0,0,0,0,0,0,1,0,1,0,1,2,0,0,0,0,0,0,272,0.001,0.001,0.005
3334,1.713,1.08,0.001,0.003,0.51,0,0,,0,,,,0,,,,,0,0,0,0,0,0,0,0,1,0,1,0,1,2,0,0,0,0,0,0,272,0,0.002,0.006
3335,0.365,0.131,0,0.003,0.044,0,0,,0,,,,0,,,,,0,0,0,0,0,0,0,0,1,0,1,0,1,2,0,0,0,0,0,0,272,0.001,0,0.003
3336,0.633,0.519,0,0.002,0.039,0,0,,0,,,,0,,,,,0,0,0,0,0,0,0,0,1,0,1,0,1,2,0,0,0,0,0,0,272,0,0.001,0.004
3337,0.794,0.677,0,0.002,0.039,0,0,,0,,,,0,,,,,0,0,0,0,0,0,0,0,1,0,1,0,1,2,0,0,0,0,0,0,272,0,0.001,0.004
3338,0.883,0.771,0,0.002,0.031,0,0,,0,,,,0,,,,,0,0,0,0,0,0,0,0,1,0,1,0,1,2,0,0,0,0,0,0,272,0,0.001,0.004
3339,1.53,1.4,0,0.003,0.049,0,0,,0,,,,0,,,,,0,0,0,0,0,0,0,0,1,0,1,0,1,2,0,0,0,0,0,0,272,0.001,0.001,0.004
3340,0.883,0.678,0.001,0.004,0.068,0,0,,0,,,,0,,,,,0,0,0,0,0,0,0,0,1,0,1,0,1,2,0,0,0,0,0,0,272,0,0.001,0.007
3341,1.752,1.651,0,0.002,0.031,0,0,,0,,,,0,,,,,0,0,0,0,0,0,0,0,1,0,1,0,1,2,0,0,0,0,0,0,272,0,0.001,0.003
3342,1.018,0.906,0,0.002,0.05,0,0,,0,,,,0,,,,,0,0,0,0,0,0,0,0,1,0,1,0,1,2,0,0,0,0,0,0,272,0,0,0.003
3343,0.959,0.709,0.001,0.005,0.079,0,0,,0,,,,0,,,,,0,0,0,0,0,0,0,0,1,0,1,0,1,2,0,0,0,0,0,0,272,0.001,0.001,0.009
3344,0.603,0.484,0,0.002,0.046,0,0,,0,,,,0,,,,,0,0,0,0,0,0,0,0,1,0,1,0,1,2,0,0,0,0,0,0,272,0,0.001,0.003
3345,0.74,0.654,0.001,0.001,0.041,0,0,,0,,,,0,,,,,0,0,0,0,0,0,0,0,1,0,1,0,1,2,0,0,0,0,0,0,272,0,0,0.002
3346,0.791,0.71,0,0.001,0.043,0,0,,0,,,,0,,,,,0,0,0,0,0,0,0,0,1,0,1,0,1,2,0,0,0,0,0,0,272,0,0,0.002
3347,0.852,0.699,0.001,0.002,0.077,0,0,,0,,,,0,,,,,0,0,0,0,0,0,0,0,1,0,1,0,1,2,0,0,0,0,0,0,272,0,0.001,0.004
3348,0.798,0.619,0,0.003,0.077,0,0,,0,,,,0,,,,,0,0,0,0,0,0,0,0,1,0,1,0,1,2,0,0,0,0,0,0,272,0,0.001,0.005
3349,0.729,0.585,0,0.003,0.063,0,0,,0,,,,0,,,,,0,0,0,0,0,0,0,0,1,0,1,0,1,2,0,0,0,0,0,0,272,0,0.001,0.004
3350,2.599,2.387,0.001,0.005,0.076,0,0,,0,,,,0,,,,,0,0,0,0,0,0,0,0,1,0,1,0,1,2,0,0,0,0,0,0,272,0,0.001,0.008
3351,0.864,0.627,0,0.005,0.082,0,0,,0,,,,0,,,,,0,0,0,0,0,0,0,0,1,0,1,0,1,2,0,0,0,0,0,0,272,0,0.002,0.008
3352,0.813,0.442,0,0.004,0.272,0,0,,0,,,,0,,,,,0,0,0,0,0,0,0,0,1,0,1,0,1,2,0,0,0,0,0,0,272,0.001,0.001,0.005
3353,0.63,0.425,0,0.003,0.093,0,0,,0,,,,0,,,,,0,0,0,0,0,0,0,0,1,0,1,0,1,2,0,0,0,0,0,0,272,0,0.001,0.006
3354,1.135,0.885,0,0.007,0.073,0,0,,0,,,,0,,,,,0,0,0,0,0,0,0,0,1,0,1,0,1,2,0,0,0,0,0,0,272,0.001,0.003,0.01
3355,0.402,0.147,0,0.002,0.162,0,0,,0,,,,0,,,,,0,0,0,0,0,0,0,0,1,0,1,0,1,2,0,0,0,0,0,0,272,0,0,0.004
3356,1.629,1.275,0,0.002,0.293,0,0,,0,,,,0,,,,,0,0,0,0,0,0,0,0,1,0,1,0,1,2,0,0,0,0,0,0,272,0.001,0,0.004
3357,1.914,1.759,0,0.004,0.04,0,0,,0,,,,0,,,,,0,0,0,0,0,0,0,0,1,0,1,0,1,2,0,0,0,0,0,0,272,0,0.001,0.007
3358,0.753,0.623,0,0.002,0.041,0,0,,0,,,,0,,,,,0,0,0,0,0,0,0,0,1,0,1,0,1,2,0,0,0,0,0,0,272,0,0.001,0.004
3359,0.775,0.649,0,0.003,0.045,0,0,,0,,,,0,,,,,0,0,0,0,0,0,0,0,1,0,1,0,1,2,0,0,0,0,0,0,272,0,0,0.005
3360,0.862,0.672,0.001,0.003,0.063,0,0,,1,1734.375,229384192,284925952,1,62503872,62503872,135081984,38823561584,0,0,0,0,0,0,0,0,1,0,1,0,1,2,0,0,0,0,0,0,272,0,0.001,0.006
3361,0.632,0.568,0,0.001,0.02,0,0,,0,,,,0,,,,,0,0,0,0,0,0,0,0,1,0,1,0,1,2,0,0,0,0,0,0,272,0,0,0.003
3362,0.971,0.742,0,0.004,0.107,0,0,,0,,,,0,,,,,0,0,0,0,0,0,0,0,1,0,1,0,1,2,0,0,0,0,0,0,272,0,0.002,0.006
3363,0.647,0.521,0,0.002,0.051,0,0,,0,,,,0,,,,,0,0,0,0,0,0,0,0,1,0,1,0,1,2,0,0,0,0,0,0,272,0,0,0.004
3364,1.071,0.934,0.001,0.002,0.051,0,0,,0,,,,0,,,,,0,0,0,0,0,0,0,0,1,0,1,0,1,2,0,0,0,0,0,0,272,0.001,0.001,0.004
3365,0.774,0.652,0.001,0.001,0.052,0,0,,0,,,,0,,,,,0,0,0,0,0,0,0,0,1,0,1,0,1,2,0,0,0,0,0,0,272,0,0,0.004
3366,0.49,0.351,0,0.002,0.062,0,0,,0,,,,0,,,,,0,0,0,0,0,0,0,0,1,0,1,0,1,2,0,0,0,0,0,0,272,0,0,0.004
3367,2.57,2.38,0,0.003,0.078,0,0,,0,,,,0,,,,,0,0,0,0,0,0,0,0,1,0,1,0,1,2,0,0,0,0,0,0,272,0,0.001,0.005
3368,1.064,0.856,0.001,0.005,0.069,0,0,,0,,,,0,,,,,0,0,0,0,0,0,0,0,1,0,1,0,1,2,0,0,0,0,0,0,272,0,0.002,0.008
3369,0.071,0,0,0.001,0.032,0,0,,0,,,,0,,,,,0,0,0,0,0,0,0,0,1,0,1,0,1,2,0,0,0,0,0,0,272,0.001,0,0.002
3370,1.488,1.352,0,0.002,0.042,0,0,,0,,,,0,,,,,0,0,0,0,0,0,0,0,1,0,1,0,1,2,0,0,0,0,0,0,272,0,0.001,0.003
3371,0.053,0.001,0,0.001,0.019,0,0,,0,,,,0,,,,,0,0,0,0,0,0,0,0,1,0,1,0,1,2,0,0,0,0,0,0,272,0,0.001,0.002
3372,1.404,1.269,0.001,0.003,0.039,0,0,,0,,,,0,,,,,0,0,0,0,0,0,0,0,1,0,1,0,1,2,0,0,0,0,0,0,272,0.001,0.001,0.006
3373,0.468,0.375,0,0.002,0.033,0,0,,0,,,,0,,,,,0,0,0,0,0,0,0,0,1,0,1,0,1,2,0,0,0,0,0,0,272,0.001,0,0.003
3374,2.442,2.256,0.001,0.005,0.055,0,0,,0,,,,0,,,,,0,0,0,0,0,0,0,0,1,0,1,0,1,2,0,0,0,0,0,0,272,0.001,0.002,0.007
3375,0.484,0.413,0,0.002,0.025,0,0,,0,,,,0,,,,,0,0,0,0,0,0,0,0,1,0,1,0,1,2,0,0,0,0,0,0,272,0,0,0.003
3376,0.942,0.835,0.001,0.001,0.039,0,0,,0,,,,0,,,,,0,0,0,0,0,0,0,0,1,0,1,0,1,2,0,0,0,0,0,0,272,0,0.001,0.002
3377,0.356,0.31,0.001,0,0.019,0,0,,0,,,,0,,,,,0,0,0,0,0,0,0,0,1,0,1,0,1,2,0,0,0,0,0,0,272,0,0,0.001
3378,0.763,0.685,0,0.001,0.024,0,0,,0,,,,0,,,,,0,0,0,0,0,0,0,0,1,0,1,0,1,2,0,0,0,0,0,0,272,0,0.001,0.002
3379,0.132,0.002,0,0.004,0.046,0,0,,0,,,,0,,,,,0,0,0,0,0,0,0,0,1,0,1,0,1,2,0,0,0,0,0,0,272,0,0,0.003
3380,0.292,0.002,0,0.001,0.22,0,0,,0,,,,0,,,,,0,0,0,0,0,0,0,0,1,0,1,0,1,2,0,0,0,0,0,0,272,0,0.001,0.004
3381,0.12,0.001,0,0.003,0.036,0,0,,0,,,,0,,,,,0,0,0,0,0,0,0,0,1,0,1,0,1,2,0,0,0,0,0,0,272,0,0.001,0.004
3382,1.218,0.971,0,0.004,0.114,0,0,,0,,,,0,,,,,0,0,0,0,0,0,0,0,1,0,1,0,1,2,0,0,0,0,0,0,272,0,0.001,0.005
3383,0.437,0.365,0,0.001,0.028,0,0,,0,,,,0,,,,,0,0,0,0,0,0,0,0,1,0,1,0,1,2,0,0,0,0,0,0,272,0,0.001,0.002
3384,2.819,2.581,0,0.005,0.096,0,0,,0,,,,0,,,,,0,0,0,0,0,0,0,0,1,0,1,0,1,2,0,0,0,0,0,0,272,0.001,0.002,0.007
3385,0.944,0.531,0.001,0.006,0.236,0,0,,0,,,,0,,,,,0,0,0,0,0,0,0,0,1,0,1,0,1,2,0,0,0,0,0,0,272,0,0.001,0.009
3386,0.465,0.338,0,0.003,0.036,0,0,,0,,,,0,,,,,0,0,0,0,0,0,0,0,1,0,1,0,1,2,0,0,0,0,0,0,272,0,0.001,0.006
3387,0.842,0.676,0,0.005,0.044,0,0,,0,,,,0,,,,,0,0,0,0,0,0,0,0,1,0,1,0,1,2,0,0,0,0,0,0,272,0,0.001,0.007
3388,1.055,0.93,0,0.002,0.045,0,0,,0,,,,0,,,,,0,0,0,0,0,0,0,0,1,0,1,0,1,2,0,0,0,0,0,0,272,0,0.001,0.004
3389,1.117,1.018,0,0.001,0.039,0,0,,0,,,,0,,,,,0,0,0,0,0,0,0,0,1,0,1,0,1,2,0,0,0,0,0,0,272,0,0.001,0.004
3390,1.752,1.639,0,0.003,0.036,0,0,,1,1765.625,229384192,284925952,1,62503872,62503872,135081984,38823561584,0,0,0,0,0,0,0,0,1,0,1,0,1,2,0,0,0,0,0,0,272,0,0.001,0.02
3391,0.72,0.653,0,0.001,0.03,0,0,,0,,,,0,,,,,0,0,0,0,0,0,0,0,1,0,1,0,1,2,0,0,0,0,0,0,272,0,0,0.002
3392,1.411,1.301,0,0.003,0.044,0,0,,0,,,,0,,,,,0,0,0,0,0,0,0,0,1,0,1,0,1,2,0,0,0,0,0,0,272,0.001,0,0.003
3393,0.658,0.524,0,0.002,0.057,0,0,,0,,,,0,,,,,0,0,0,0,0,0,0,0,1,0,1,0,1,2,0,0,0,0,0,0,272,0,0,0.004
3394,0.928,0.713,0.001,0.004,0.065,0,0,,0,,,,0,,,,,0,0,0,0,0,0,0,0,1,0,1,0,1,2,0,0,0,0,0,0,272,0,0.001,0.007
3395,0.748,0.551,0.001,0.004,0.063,0,0,,0,,,,0,,,,,0,0,0,0,0,0,0,0,1,0,1,0,1,2,0,0,0,0,0,0,272,0.001,0.001,0.006
3396,1.156,1.022,0,0.003,0.056,0,0,,0,,,,0,,,,,0,0,0,0,0,0,0,0,1,0,1,0,1,2,0,0,0,0,0,0,272,0,0,0.004
3397,0.782,0.651,0.001,0.002,0.056,0,0,,0,,,,0,,,,,0,0,0,0,0,0,0,0,1,0,1,0,1,2,0,0,0,0,0,0,272,0,0.001,0.003
3398,0.349,0.165,0.001,0.002,0.108,0,0,,0,,,,0,,,,,0,0,0,0,0,0,0,0,1,0,1,0,1,2,0,0,0,0,0,0,272,0,0,0.003
3399,2.246,2.104,0.001,0.003,0.05,0,0,,0,,,,0,,,,,0,0,0,0,0,0,0,0,1,0,1,0,1,2,0,0,0,0,0,0,272,0,0.001,0.005
3400,0.713,0.64,0,0.001,0.032,0,0,,0,,,,0,,,,,0,0,0,0,0,0,0,0,1,0,1,0,1,2,0,0,0,0,0,0,272,0.001,0,0.003
3401,2.206,2.07,0.001,0.002,0.053,0,0,,0,,,,0,,,,,0,0,0,0,0,0,0,0,1,0,1,0,1,2,0,0,0,0,0,0,272,0,0.001,0.004
3402,1.875,1.754,0,0.002,0.047,0,0,,0,,,,0,,,,,0,0,0,0,0,0,0,0,1,0,1,0,1,2,0,0,0,0,0,0,272,0.001,0.001,0.003
3403,2.801,2.556,0,0.004,0.078,0,0,,0,,,,0,,,,,0,0,0,0,0,0,0,0,1,0,1,0,1,2,0,0,0,0,0,0,272,0,0.001,0.008
3404,1.498,1.301,0,0.002,0.1,0,0,,0,,,,0,,,,,0,0,0,0,0,0,0,0,1,0,1,0,1,2,0,0,0,0,0,0,272,0,0.001,0.004
3405,1.663,1.489,0.001,0.003,0.064,0,0,,0,,,,0,,,,,0,0,0,0,0,0,0,0,1,0,1,0,1,2,0,0,0,0,0,0,272,0.001,0.001,0.005
3406,1.474,1.309,0,0.004,0.063,0,0,,0,,,,0,,,,,0,0,0,0,0,0,0,0,1,0,1,0,1,2,0,0,0,0,0,0,272,0,0.001,0.005
3407,1.641,1.378,0.001,0.004,0.106,0,0,,0,,,,0,,,,,0,0,0,0,0,0,0,0,1,0,1,0,1,2,0,0,0,0,0,0,272,0.001,0.001,0.007
3408,1.427,1.22,0.001,0.004,0.071,0,0,,0,,,,0,,,,,0,0,0,0,0,0,0,0,1,0,1,0,1,2,0,0,0,0,0,0,272,0,0.001,0.007
3409,3.821,3.632,0.001,0.004,0.054,0,0,,0,,,,0,,,,,0,0,0,0,0,0,0,0,1,0,1,0,1,2,0,0,0,0,0,0,272,0,0.001,0.009
3410,0.671,0.531,0,0.003,0.038,0,0,,0,,,,0,,,,,0,0,0,0,0,0,0,0,1,0,1,0,1,2,0,0,0,0,0,0,272,0,0.001,0.005
3411,1.031,0.869,0,0.003,0.067,0,0,,0,,,,0,,,,,0,0,0,0,0,0,0,0,1,0,1,0,1,2,0,0,0,0,0,0,272,0,0,0.005
3412,0.781,0.613,0,0.001,0.124,0,0,,0,,,,0,,,,,0,0,0,0,0,0,0,0,1,0,1,0,1,2,0,0,0,0,0,0,272,0,0,0.003
3413,1.172,1,0,0.004,0.066,0,0,,0,,,,0,,,,,0,0,0,0,0,0,0,0,1,0,1,0,1,2,0,0,0,0,0,0,272,0,0.001,0.005
3414,1.062,0.937,0,0.003,0.047,0,0,,0,,,,0,,,,,0,0,0,0,0,0,0,0,1,0,1,0,1,2,0,0,0,0,0,0,272,0,0.001,0.004
3415,0.748,0.672,0,0.001,0.034,0,0,,0,,,,0,,,,,0,0,0,0,0,0,0,0,1,0,1,0,1,2,0,0,0,0,0,0,272,0,0.001,0.002
3416,0.777,0.72,0,0.001,0.024,0,0,,0,,,,0,,,,,0,0,0,0,0,0,0,0,1,0,1,0,1,2,0,0,0,0,0,0,272,0,0,0.001
3417,1.114,0.741,0,0.004,0.271,0,0,,0,,,,0,,,,,0,0,0,0,0,0,0,0,1,0,1,0,1,2,0,0,0,0,0,0,272,0.001,0.001,0.005
3418,0.461,0.356,0.001,0.002,0.039,0,0,,0,,,,0,,,,,0,0,0,0,0,0,0,0,1,0,1,0,1,2,0,0,0,0,0,0,272,0,0.001,0.004
3419,0.738,0.667,0.001,0.001,0.035,0,0,,0,,,,0,,,,,0,0,0,0,0,0,0,0,1,0,1,0,1,2,0,0,0,0,0,0,272,0.001,0,0.002
3420,1.439,1.3,0,0.003,0.059,0,0,,1,1812.5,229449728,284925952,1,62503872,62503872,135081984,38823561584,0,0,0,0,0,0,0,0,1,0,1,0,1,2,0,0,0,0,0,0,272,0,0.001,0.004
3421,0.078,0.001,0,0.001,0.037,0,0,,0,,,,0,,,,,0,0,0,0,0,0,0,0,1,0,1,0,1,2,0,0,0,0,0,0,272,0,0,0.002
3422,0.955,0.729,0,0.002,0.164,0,0,,0,,,,0,,,,,0,0,0,0,0,0,0,0,1,0,1,0,1,2,0,0,0,0,0,0,272,0,0.001,0.003
3423,0.234,0.148,0,0.001,0.049,0,0,,0,,,,0,,,,,0,0,0,0,0,0,0,0,1,0,1,0,1,2,0,0,0,0,0,0,272,0,0,0.002
3424,2.511,2.244,0.001,0.004,0.116,0,0,,0,,,,0,,,,,0,0,0,0,0,0,0,0,1,0,1,0,1,2,0,0,0,0,0,0,272,0.001,0.002,0.007
3425,0.299,0.078,0,0.001,0.182,0,0,,0,,,,0,,,,,0,0,0,0,0,0,0,0,1,0,1,0,1,2,0,0,0,0,0,0,272,0,0,0.002
3426,0.859,0.637,0,0.004,0.087,0,0,,0,,,,0,,,,,0,0,0,0,0,0,0,0,1,0,1,0,1,2,0,0,0,0,0,0,272,0.001,0.001,0.007
3427,0.82,0.56,0.001,0.004,0.101,0,0,,0,,,,0,,,,,0,0,0,0,0,0,0,0,1,0,1,0,1,2,0,0,0,0,0,0,272,0.001,0.002,0.009
3428,0.597,0.463,0,0.003,0.038,0,0,,0,,,,0,,,,,0,0,0,0,0,0,0,0,1,0,1,0,1,2,0,0,0,0,0,0,272,0,0.001,0.005
3429,1.267,1.084,0.001,0.003,0.07,0,0,,0,,,,0,,,,,0,0,0,0,0,0,0,0,1,0,1,0,1,2,0,0,0,0,0,0,272,0,0.001,0.005
3430,0.667,0.533,0,0.002,0.055,0,0,,0,,,,0,,,,,0,0,0,0,0,0,0,0,1,0,1,0,1,2,0,0,0,0,0,0,272,0,0.001,0.004
3431,1.281,1.157,0.001,0.002,0.052,0,0,,0,,,,0,,,,,0,0,0,0,0,0,0,0,1,0,1,0,1,2,0,0,0,0,0,0,272,0,0.001,0.004
3432,0.855,0.657,0,0.004,0.075,0,0,,0,,,,0,,,,,0,0,0,0,0,0,0,0,1,0,1,0,1,2,0,0,0,0,0,0,272,0.001,0.001,0.007
3433,1.609,1.5,0.001,0.002,0.044,0,0,,0,,,,0,,,,,0,0,0,0,0,0,0,0,1,0,1,0,1,2,0,0,0,0,0,0,272,0,0,0.003
3434,0.128,0.002,0,0.002,0.062,0,0,,0,,,,0,,,,,0,0,0,0,0,0,0,0,1,0,1,0,1,2,0,0,0,0,0,0,272,0,0.001,0.003
3435,0.792,0.694,0,0.002,0.035,0,0,,0,,,,0,,,,,0,0,0,0,0,0,0,0,1,0,1,0,1,2,0,0,0,0,0,0,272,0.001,0.001,0.003
3436,0.055,0,0,0,0.029,0,0,,0,,,,0,,,,,0,0,0,0,0,0,0,0,1,0,1,0,1,2,0,0,0,0,0,0,272,0,0,0.001
3437,0.703,0.622,0,0.001,0.034,0,0,,0,,,,0,,,,,0,0,0,0,0,0,0,0,1,0,1,0,1,2,0,0,0,0,0,0,272,0,0.001,0.002
3438,1.386,0.661,0,0.002,0.647,0,0,,0,,,,0,,,,,0,0,0,0,0,0,0,0,1,0,1,0,1,2,0,0,0,0,0,0,272,0,0.001,0.004
3439,0.302,0.001,0,0.001,0.232,0,0,,0,,,,0,,,,,0,0,0,0,0,0,0,0,1,0,1,0,1,2,0,0,0,0,0,0,272,0.001,0,0.003
3440,0.869,0.73,0,0.003,0.063,0,0,,0,,,,0,,,,,0,0,0,0,0,0,0,0,1,0,1,0,1,2,0,0,0,0,0,0,272,0.001,0.001,0.003
3441,0.718,0.221,0,0.002,0.433,0,0,,0,,,,0,,,,,0,0,0,0,0,0,0,0,1,0,1,0,1,2,0,0,0,0,0,0,272,0,0.001,0.003
3442,5.22,5.02,0,0.005,0.042,0,0,,0,,,,0,,,,,0,0,0,0,0,0,0,0,1,0,1,0,1,2,0,0,0,0,0,0,272,0.001,0.002,0.009
3443,3.138,2.825,0,0.007,0.114,0,0,,0,,,,0,,,,,0,0,0,0,0,0,0,0,1,0,1,0,1,2,0,0,0,0,0,0,272,0.001,0.002,0.012
3444,2.927,2.763,0,0.004,0.041,0,0,,0,,,,0,,,,,0,0,0,0,0,0,0,0,1,0,1,0,1,2,0,0,0,0,0,0,272,0,0.001,0.007
3445,0.699,0.53,0,0.002,0.07,0,0,,0,,,,0,,,,,0,0,0,0,0,0,0,0,1,0,1,0,1,2,0,0,0,0,0,0,272,0.001,0,0.004
3446,0.519,0.458,0.001,0,0.026,0,0,,0,,,,0,,,,,0,0,0,0,0,0,0,0,1,0,1,0,1,2,0,0,0,0,0,0,272,0,0,0.002
3447,0.777,0.647,0,0.003,0.052,0,0,,0,,,,0,,,,,0,0,0,0,0,0,0,0,1,0,1,0,1,2,0,0,0,0,0,0,272,0,0.001,0.004
3448,0.633,0.546,0,0.002,0.035,0,0,,0,,,,0,,,,,0,0,0,0,0,0,0,0,1,0,1,0,1,2,0,0,0,0,0,0,272,0,0,0.003
3449,0.716,0.581,0,0.002,0.063,0,0,,0,,,,0,,,,,0,0,0,0,0,0,0,0,1,0,1,0,1,2,0,0,0,0,0,0,272,0,0,0.004
3450,0.697,0.534,0,0.003,0.051,0,0,,1,1812.5,229453824,284925952,1,62503872,62503872,135081984,38823561584,0,0,0,0,0,0,0,0,1,0,1,0,1,2,0,0,0,0,0,0,272,0.001,0.001,0.006
3451,0.589,0.456,0,0.002,0.062,0,0,,0,,,,0,,,,,0,0,0,0,0,0,0,0,1,0,1,0,1,2,0,0,0,0,0,0,272,0.001,0,0.004
3452,0.675,0.544,0.001,0.001,0.065,0,0,,0,,,,0,,,,,0,0,0,0,0,0,0,0,1,0,1,0,1,2,0,0,0,0,0,0,272,0.001,0,0.004
3453,1.142,0.999,0,0.002,0.076,0,0,,0,,,,0,,,,,0,0,0,0,0,0,0,0,1,0,1,0,1,2,0,0,0,0,0,0,272,0,0,0.003
3454,0.639,0.52,0.001,0.001,0.05,0,0,,0,,,,0,,,,,0,0,0,0,0,0,0,0,1,0,1,0,1,2,0,0,0,0,0,0,272,0,0,0.004
3455,0.739,0.554,0,0.001,0.072,0,0,,0,,,,0,,,,,0,0,0,0,0,0,0,0,1,0,1,0,1,2,0,0,0,0,0,0,272,0,0,0.05
3456,0.642,0.511,0,0.005,0.046,0,0,,0,,,,0,,,,,0,0,0,0,0,0,0,0,1,0,1,0,1,2,0,0,0,0,0,0,272,0,0.001,0.004
3457,0.764,0.56,0.001,0.005,0.046,0,0,,0,,,,0,,,,,0,0,0,0,0,0,0,0,1,0,1,0,1,2,0,0,0,0,0,0,272,0,0.001,0.009
3458,0.625,0.264,0,0.002,0.26,0,0,,0,,,,0,,,,,0,0,0,0,0,0,0,0,1,0,1,0,1,2,0,0,0,0,0,0,272,0,0.001,0.005
3459,0.659,0.472,0,0.004,0.072,0,0,,0,,,,0,,,,,0,0,0,0,0,0,0,0,1,0,1,0,1,2,0,0,0,0,0,0,272,0,0,0.005
3460,0.584,0.448,0,0.001,0.059,0,0,,0,,,,0,,,,,0,0,0,0,0,0,0,0,1,0,1,0,1,2,0,0,0,0,0,0,272,0,0,0.004
3461,0.667,0.533,0,0.001,0.066,0,0,,0,,,,0,,,,,0,0,0,0,0,0,0,0,1,0,1,0,1,2,0,0,0,0,0,0,272,0,0.001,0.003
3462,0.663,0.521,0.001,0.002,0.068,0,0,,0,,,,0,,,,,0,0,0,0,0,0,0,0,1,0,1,0,1,2,0,0,0,0,0,0,272,0.001,0,0.003
3463,0.751,0.532,0.001,0.003,0.113,0,0,,0,,,,0,,,,,0,0,0,0,0,0,0,0,1,0,1,0,1,2,0,0,0,0,0,0,272,0,0,0.005
3464,0.566,0.475,0,0.002,0.036,0,0,,0,,,,0,,,,,0,0,0,0,0,0,0,0,1,0,1,0,1,2,0,0,0,0,0,0,272,0.001,0.001,0.002
3465,0.767,0.636,0,0.002,0.058,0,0,,0,,,,0,,,,,0,0,0,0,0,0,0,0,1,0,1,0,1,2,0,0,0,0,0,0,272,0,0.001,0.004
3466,0.67,0.545,0,0.002,0.061,0,0,,0,,,,0,,,,,0,0,0,0,0,0,0,0,1,0,1,0,1,2,0,0,0,0,0,0,272,0,0,0.003
3467,0.974,0.69,0.001,0.003,0.07,0,0,,0,,,,0,,,,,0,0,0,0,0,0,0,0,1,0,1,0,1,2,0,0,0,0,0,0,272,0,0.002,0.007
3468,0.263,0.143,0,0.003,0.05,0,0,,0,,,,0,,,,,0,0,0,0,0,0,0,0,1,0,1,0,1,2,0,0,0,0,0,0,272,0,0.001,0.004
3469,0.777,0.604,0.001,0.002,0.07,0,0,,0,,,,0,,,,,0,0,0,0,0,0,0,0,1,0,1,0,1,2,0,0,0,0,0,0,272,0,0.001,0.005
3470,0.598,0.482,0,0.001,0.052,0,0,,0,,,,0,,,,,0,0,0,0,0,0,0,0,1,0,1,0,1,2,0,0,0,0,0,0,272,0,0,0.003
3471,0.752,0.555,0,0.003,0.092,0,0,,0,,,,0,,,,,0,0,0,0,0,0,0,0,1,0,1,0,1,2,0,0,0,0,0,0,272,0.001,0.001,0.005
3472,0.553,0.415,0.001,0.002,0.071,0,0,,0,,,,0,,,,,0,0,0,0,0,0,0,0,1,0,1,0,1,2,0,0,0,0,0,0,272,0.001,0,0.004
3473,0.67,0.565,0,0.002,0.046,0,0,,0,,,,0,,,,,0,0,0,0,0,0,0,0,1,0,1,0,1,2,0,0,0,0,0,0,272,0.001,0,0.003
3474,0.926,0.798,0.001,0.001,0.066,0,0,,0,,,,0,,,,,0,0,0,0,0,0,0,0,1,0,1,0,1,2,0,0,0,0,0,0,272,0,0,0.004
3475,0.616,0.54,0,0.001,0.042,0,0,,0,,,,0,,,,,0,0,0,0,0,0,0,0,1,0,1,0,1,2,0,0,0,0,0,0,272,0,0.001,0.001
3476,0.802,0.667,0,0.002,0.059,0,0,,0,,,,0,,,,,0,0,0,0,0,0,0,0,1,0,1,0,1,2,0,0,0,0,0,0,272,0,0.001,0.004
3477,0.81,0.679,0.001,0.002,0.062,0,0,,0,,,,0,,,,,0,0,0,0,0,0,0,0,1,0,1,0,1,2,0,0,0,0,0,0,272,0,0.001,0.003
3478,0.736,0.582,0,0.001,0.061,0,0,,0,,,,0,,,,,0,0,0,0,0,0,0,0,1,0,1,0,1,2,0,0,0,0,0,0,272,0,0,0.004
3479,0.763,0.622,0,0.002,0.069,0,0,,0,,,,0,,,,,0,0,0,0,0,0,0,0,1,0,1,0,1,2,0,0,0,0,0,0,272,0.001,0.001,0.003
3480,0.879,0.615,0.001,0.004,0.141,0,0,,1,1812.5,229453824,284925952,1,62503872,62503872,135081984,38823561584,0,0,0,0,0,0,0,0,1,0,1,0,1,2,0,0,0,0,0,0,272,0,0.001,0.007
3481,0.694,0.499,0,0.006,0.051,0,0,,0,,,,0,,,,,0,0,0,0,0,0,0,0,1,0,1,0,1,2,0,0,0,0,0,0,272,0.001,0.002,0.007
3482,0.449,0.315,0,0.003,0.051,0,0,,0,,,,0,,,,,0,0,0,0,0,0,0,0,1,0,1,0,1,2,0,0,0,0,0,0,272,0.001,0,0.005
3483,0.738,0.571,0,0.002,0.072,0,0,,0,,,,0,,,,,0,0,0,0,0,0,0,0,1,0,1,0,1,2,0,0,0,0,0,0,272,0,0.001,0.006
3484,0.857,0.346,0,0.002,0.099,0,0,,0,,,,0,,,,,0,0,0,0,0,0,0,0,1,0,1,0,1,2,0,0,0,0,0,0,272,0.001,0.001,0.009
3485,0.632,0.416,0.001,0.005,0.049,0,0,,0,,,,0,,,,,0,0,0,0,0,0,0,0,1,0,1,0,1,2,0,0,0,0,0,0,272,0.001,0.002,0.011
3486,0.47,0.162,0,0.002,0.228,0,0,,0,,,,0,,,,,0,0,0,0,0,0,0,0,1,0,1,0,1,2,0,0,0,0,0,0,272,0,0.001,0.004
3487,0.503,0.425,0,0.001,0.03,0,0,,0,,,,0,,,,,0,0,0,0,0,0,0,0,1,0,1,0,1,2,0,0,0,0,0,0,272,0,0,0.003
3488,0.88,0.712,0,0.003,0.063,0,0,,0,,,,0,,,,,0,0,0,0,0,0,0,0,1,0,1,0,1,2,0,0,0,0,0,0,272,0,0.001,0.005
3489,0.687,0.581,0,0.002,0.039,0,0,,0,,,,0,,,,,0,0,0,0,0,0,0,0,1,0,1,0,1,2,0,0,0,0,0,0,272,0.001,0.001,0.003
3490,0.817,0.696,0.001,0.002,0.037,0,0,,0,,,,0,,,,,0,0,0,0,0,0,0,0,1,0,1,0,1,2,0,0,0,0,0,0,272,0,0,0.006
3491,0.88,0.657,0.001,0.004,0.077,0,0,,0,,,,0,,,,,0,0,0,0,0,0,0,0,1,0,1,0,1,2,0,0,0,0,0,0,272,0,0.001,0.007
3492,0.677,0.546,0,0.002,0.058,0,0,,0,,,,0,,,,,0,0,0,0,0,0,0,0,1,0,1,0,1,2,0,0,0,0,0,0,272,0.001,0.001,0.004
3493,0.766,0.678,0,0.001,0.039,0,0,,0,,,,0,,,,,0,0,0,0,0,0,0,0,1,0,1,0,1,2,0,0,0,0,0,0,272,0,0,0.002
3494,0.724,0.619,0,0.002,0.029,0,0,,0,,,,0,,,,,0,0,0,0,0,0,0,0,1,0,1,0,1,2,0,0,0,0,0,0,272,0,0,0.005
3495,0.798,0.681,0,0.002,0.046,0,0,,0,,,,0,,,,,0,0,0,0,0,0,0,0,1,0,1,0,1,2,0,0,0,0,0,0,272,0.001,0,0.003
3496,0.801,0.668,0,0.002,0.034,0,0,,0,,,,0,,,,,0,0,0,0,0,0,0,0,1,0,1,0,1,2,0,0,0,0,0,0,272,0,0,0.004
3497,1.676,1.481,0,0.003,0.073,0,0,,0,,,,0,,,,,0,0,0,0,0,0,0,0,1,0,1,0,1,2,0,0,0,0,0,0,272,0,0.001,0.006
3498,0.73,0.573,0,0.003,0.06,0,0,,0,,,,0,,,,,0,0,0,0,0,0,0,0,1,0,1,0,1,2,0,0,0,0,0,0,272,0,0,0.005
3499,0.771,0.611,0,0.002,0.06,0,0,,0,,,,0,,,,,0,0,0,0,0,0,0,0,1,0,1,0,1,2,0,0,0,0,0,0,272,0,0.001,0.005
3500,0.84,0.619,0,0.002,0.06,0,0,,0,,,,0,,,,,0,0,0,0,0,0,0,0,1,0,1,0,1,2,0,0,0,0,0,0,272,0,0.001,0.02
3501,0.786,0.553,0,0.003,0.102,0,0,,0,,,,0,,,,,0,0,0,0,0,0,0,0,1,0,1,0,1,2,0,0,0,0,0,0,272,0,0.001,0.006
3502,0.661,0.539,0.001,0.003,0.033,0,0,,0,,,,0,,,,,0,0,0,0,0,0,0,0,1,0,1,0,1,2,0,0,0,0,0,0,272,0,0.001,0.004
3503,1.083,0.892,0,0.004,0.057,0,0,,0,,,,0,,,,,0,0,0,0,0,0,0,0,1,0,1,0,1,2,0,0,0,0,0,0,272,0,0.001,0.007
3504,1.239,1.132,0,0.003,0.024,0,0,,0,,,,0,,,,,0,0,0,0,0,0,0,0,1,0,1,0,1,2,0,0,0,0,0,0,272,0,0.002,0.004
3505,0.848,0.656,0.001,0.003,0.071,0,0,,0,,,,0,,,,,0,0,0,0,0,0,0,0,1,0,1,0,1,2,0,0,0,0,0,0,272,0,0.001,0.006
3506,1.827,1.688,0,0.003,0.039,0,0,,0,,,,0,,,,,0,0,0,0,0,0,0,0,1,0,1,0,1,2,0,0,0,0,0,0,272,0,0.001,0.004
3507,0.887,0.649,0.001,0.004,0.094,0,0,,0,,,,0,,,,,0,0,0,0,0,0,0,0,1,0,1,0,1,2,0,0,0,0,0,0,272,0,0.001,0.007
3508,0.657,0.466,0.001,0.002,0.086,0,0,,0,,,,0,,,,,0,0,0,0,0,0,0,0,1,0,1,0,1,2,0,0,0,0,0,0,272,0,0,0.005
3509,0.544,0.449,0,0.002,0.036,0,0,,0,,,,0,,,,,0,0,0,0,0,0,0,0,1,0,1,0,1,2,0,0,0,0,0,0,272,0.001,0,0.002
3510,0.709,0.621,0,0.002,0.041,0,0,,1,1843.75,229453824,284925952,1,62503872,62503872,135081984,38823561584,0,0,0,0,0,0,0,0,1,0,1,0,1,2,0,0,0,0,0,0,272,0.001,0,0.003
3511,0.724,0.589,0,0.002,0.065,0,0,,0,,,,0,,,,,0,0,0,0,0,0,0,0,1,0,1,0,1,2,0,0,0,0,0,0,272,0,0.001,0.003
3512,0.719,0.566,0,0.002,0.082,0,0,,0,,,,0,,,,,0,0,0,0,0,0,0,0,1,0,1,0,1,2,0,0,0,0,0,0,272,0,0,0.003
3513,1.024,0.903,0,0.002,0.051,0,0,,0,,,,0,,,,,0,0,0,0,0,0,0,0,1,0,1,0,1,2,0,0,0,0,0,0,272,0,0.001,0.003
3514,0.645,0.536,0,0.002,0.041,0,0,,0,,,,0,,,,,0,0,0,0,0,0,0,0,1,0,1,0,1,2,0,0,0,0,0,0,272,0,0.001,0.004
3515,1.376,1.266,0,0.002,0.048,0,0,,0,,,,0,,,,,0,0,0,0,0,0,0,0,1,0,1,0,1,2,0,0,0,0,0,0,272,0,0.001,0.003
3516,0.715,0.608,0,0.002,0.048,0,0,,0,,,,0,,,,,0,0,0,0,0,0,0,0,1,0,1,0,1,2,0,0,0,0,0,0,272,0,0.001,0.003
3517,0.707,0.604,0.001,0.001,0.044,0,0,,0,,,,0,,,,,0,0,0,0,0,0,0,0,1,0,1,0,1,2,0,0,0,0,0,0,272,0,0.001,0.003
3518,0.351,0.247,0,0.002,0.033,0,0,,0,,,,0,,,,,0,0,0,0,0,0,0,0,1,0,1,0,1,2,0,0,0,0,0,0,272,0,0.001,0.003
3519,0.79,0.615,0,0.003,0.071,0,0,,0,,,,0,,,,,0,0,0,0,0,0,0,0,1,0,1,0,1,2,0,0,0,0,0,0,272,0,0.001,0.005
3520,1.152,1.014,0,0.002,0.039,0,0,,0,,,,0,,,,,0,0,0,0,0,0,0,0,1,0,1,0,1,2,0,0,0,0,0,0,272,0,0,0.004
3521,0.111,0.002,0.001,0.002,0.029,0,0,,0,,,,0,,,,,0,0,0,0,0,0,0,0,1,0,1,0,1,2,0,0,0,0,0,0,272,0,0.001,0.004
3522,0.783,0.001,0,0.002,0.707,0,0,,0,,,,0,,,,,0,0,0,0,0,0,0,0,1,0,1,0,1,2,0,0,0,0,0,0,272,0,0.001,0.004
3523,0.308,0.002,0.001,0.005,0.163,0,0,,0,,,,0,,,,,0,0,0,0,0,0,0,0,1,0,1,0,1,2,0,0,0,0,0,0,272,0,0.002,0.007
3524,2.251,2.071,0,0.003,0.082,0,0,,0,,,,0,,,,,0,0,0,0,0,0,0,0,1,0,1,0,1,2,0,0,0,0,0,0,272,0.001,0.001,0.005
3525,3.005,2.749,0,0.006,0.09,0,0,,0,,,,0,,,,,0,0,0,0,0,0,0,0,1,0,1,0,1,2,0,0,0,0,0,0,272,0,0.002,0.008
3526,5.363,5.088,0.001,0.005,0.048,0,0,,0,,,,0,,,,,0,0,0,0,0,0,0,0,1,0,1,0,1,2,0,0,0,0,0,0,272,0,0.002,0.009
3527,3.7,3.525,0.001,0.005,0.049,0,0,,0,,,,0,,,,,0,0,0,0,0,0,0,0,1,0,1,0,1,2,0,0,0,0,0,0,272,0,0.001,0.008
3528,2.903,2.818,0,0.002,0.034,0,0,,0,,,,0,,,,,0,0,0,0,0,0,0,0,1,0,1,0,1,2,0,0,0,0,0,0,272,0,0,0.003
3529,1.471,1.354,0,0.001,0.054,0,0,,0,,,,0,,,,,0,0,0,0,0,0,0,0,1,0,1,0,1,2,0,0,0,0,0,0,272,0,0.001,0.003
3530,0.637,0.353,0,0.002,0.197,0,0,,0,,,,0,,,,,0,0,0,0,0,0,0,0,1,0,1,0,1,2,0,0,0,0,0,0,272,0.001,0,0.003
3531,0.196,0.136,0,0.001,0.025,0,0,,0,,,,0,,,,,0,0,0,0,0,0,0,0,1,0,1,0,1,2,0,0,0,0,0,0,272,0,0,0.002
3532,0.662,0.416,0,0.002,0.189,0,0,,0,,,,0,,,,,0,0,0,0,0,0,0,0,1,0,1,0,1,2,0,0,0,0,0,0,272,0,0.001,0.003
3533,0.287,0,0,0.001,0.262,0,0,,0,,,,0,,,,,0,0,0,0,0,0,0,0,1,0,1,0,1,2,0,0,0,0,0,0,272,0,0,0.001
3534,0.998,0.204,0,0.004,0.676,0,0,,0,,,,0,,,,,0,0,0,0,0,0,0,0,1,0,1,0,1,2,0,0,0,0,0,0,272,0,0.001,0.006
3535,0.769,0.001,0.001,0.002,0.666,0,0,,0,,,,0,,,,,0,0,0,0,0,0,0,0,1,0,1,0,1,2,0,0,0,0,0,0,272,0.001,0.001,0.005
3536,0.728,0.001,0,0.003,0.628,0,0,,0,,,,0,,,,,0,0,0,0,0,0,0,0,1,0,1,0,1,2,0,0,0,0,0,0,272,0.001,0.001,0.005
3537,0.615,0.001,0,0.003,0.515,0,0,,0,,,,0,,,,,0,0,0,0,0,0,0,0,1,0,1,0,1,2,0,0,0,0,0,0,272,0.001,0.001,0.005
3538,0.734,0.001,0.001,0.003,0.635,0,0,,0,,,,0,,,,,0,0,0,0,0,0,0,0,1,0,1,0,1,2,0,0,0,0,0,0,272,0,0.001,0.005
3539,0.262,0.001,0.001,0.003,0.162,0,0,,0,,,,0,,,,,0,0,0,0,0,0,0,0,1,0,1,0,1,2,0,0,0,0,0,0,272,0,0.001,0.004
3540,0.098,0.038,0,0.001,0.024,0,0,,1,1875,229453824,284925952,1,62503872,62503872,135081984,38823561584,0,0,0,0,0,0,0,0,1,0,1,0,1,2,0,0,0,0,0,0,272,0,0,0.002
3541,0.685,0.408,0,0.003,0.155,0,0,,0,,,,0,,,,,0,0,0,0,0,0,0,0,1,0,1,0,1,2,0,0,0,0,0,0,272,0,0.001,0.006
3542,0.374,0.001,0.001,0.001,0.317,0,0,,0,,,,0,,,,,0,0,0,0,0,0,0,0,1,0,1,0,1,2,0,0,0,0,0,0,272,0,0.001,0.003
3543,0.469,0.05,0,0.002,0.362,0,0,,0,,,,0,,,,,0,0,0,0,0,0,0,0,1,0,1,0,1,2,0,0,0,0,0,0,272,0,0.001,0.003
3544,0.432,0.01,0,0.002,0.347,0,0,,0,,,,0,,,,,0,0,0,0,0,0,0,0,1,0,1,0,1,2,0,0,0,0,0,0,272,0,0.001,0.003
3545,0.328,0.156,0,0.004,0.062,0,0,,0,,,,0,,,,,0,0,0,0,0,0,0,0,1,0,1,0,1,2,0,0,0,0,0,0,272,0,0.001,0.005
3546,0.931,0.301,0.001,0.002,0.543,0,0,,0,,,,0,,,,,0,0,0,0,0,0,0,0,1,0,1,0,1,2,0,0,0,0,0,0,272,0,0,0.004
3547,0.118,0.001,0.001,0.002,0.033,0,0,,0,,,,0,,,,,0,0,0,0,0,0,0,0,1,0,1,0,1,2,0,0,0,0,0,0,272,0,0,0.003
3548,0.937,0.047,0,0.001,0.836,0,0,,0,,,,0,,,,,0,0,0,0,0,0,0,0,1,0,1,0,1,2,0,0,0,0,0,0,272,0,0,0.003
3549,0.412,0.001,0.001,0.003,0.307,0,0,,0,,,,0,,,,,0,0,0,0,0,0,0,0,1,0,1,0,1,2,0,0,0,0,0,0,272,0,0.001,0.005
3550,1.53,1.375,0,0.004,0.039,0,0,,0,,,,0,,,,,0,0,0,0,0,0,0,0,1,0,1,0,1,2,0,0,0,0,0,0,272,0.001,0.001,0.006
3551,2.595,2.42,0.001,0.003,0.071,0,0,,0,,,,0,,,,,0,0,0,0,0,0,0,0,1,0,1,0,1,2,0,0,0,0,0,0,272,0,0.001,0.006
3552,2.893,2.61,0.001,0.007,0.073,0,0,,0,,,,0,,,,,0,0,0,0,0,0,0,0,1,0,1,0,1,2,0,0,0,0,0,0,272,0.001,0.003,0.011
3553,4.1,3.85,0,0.004,0.103,0,0,,0,,,,0,,,,,0,0,0,0,0,0,0,0,1,0,1,0,1,2,0,0,0,0,0,0,272,0,0.001,0.007
3554,1.448,1.308,0,0.004,0.062,0,0,,0,,,,0,,,,,0,0,0,0,0,0,0,0,1,0,1,0,1,2,0,0,0,0,0,0,272,0,0,0.004
3555,0.59,0.361,0.001,0.003,0.129,0,0,,0,,,,0,,,,,0,0,0,0,0,0,0,0,1,0,1,0,1,2,0,0,0,0,0,0,272,0,0,0.006
3556,0.507,0.243,0,0.001,0.228,0,0,,0,,,,0,,,,,0,0,0,0,0,0,0,0,1,0,1,0,1,2,0,0,0,0,0,0,272,0,0,0.002
3557,0.562,0.291,0,0.004,0.169,0,0,,0,,,,0,,,,,0,0,0,0,0,0,0,0,1,0,1,0,1,2,0,0,0,0,0,0,272,0,0.001,0.004
3558,0.446,0.18,0,0.002,0.188,0,0,,0,,,,0,,,,,0,0,0,0,0,0,0,0,1,0,1,0,1,2,0,0,0,0,0,0,272,0,0.001,0.004
3559,0.305,0.109,0,0.004,0.06,0,0,,0,,,,0,,,,,0,0,0,0,0,0,0,0,1,0,1,0,1,2,0,0,0,0,0,0,272,0,0.001,0.006
3560,0.655,0.459,0,0.004,0.092,0,0,,0,,,,0,,,,,0,0,0,0,0,0,0,0,1,0,1,0,1,2,0,0,0,0,0,0,272,0.001,0.001,0.007
3561,0.414,0.252,0,0.001,0.084,0,0,,0,,,,0,,,,,0,0,0,0,0,0,0,0,1,0,1,0,1,2,0,0,0,0,0,0,272,0.001,0,0.004
3562,0.481,0.312,0,0.002,0.079,0,0,,0,,,,0,,,,,0,0,0,0,0,0,0,0,1,0,1,0,1,2,0,0,0,0,0,0,272,0,0.001,0.005
3563,0.434,0.279,0.001,0.003,0.044,0,0,,0,,,,0,,,,,0,0,0,0,0,0,0,0,1,0,1,0,1,2,0,0,0,0,0,0,272,0,0.001,0.006
3564,0.507,0.362,0,0.003,0.053,0,0,,0,,,,0,,,,,0,0,0,0,0,0,0,0,1,0,1,0,1,2,0,0,0,0,0,0,272,0,0.001,0.004
3565,0.431,0.305,0,0.003,0.039,0,0,,0,,,,0,,,,,0,0,0,0,0,0,0,0,1,0,1,0,1,2,0,0,0,0,0,0,272,0,0.001,0.005
3566,0.639,0.391,0.001,0.004,0.081,0,0,,0,,,,0,,,,,0,0,0,0,0,0,0,0,1,0,1,0,1,2,0,0,0,0,0,0,272,0,0.001,0.007
3567,0.399,0.2,0,0.003,0.087,0,0,,0,,,,0,,,,,0,0,0,0,0,0,0,0,1,0,1,0,1,2,0,0,0,0,0,0,272,0,0,0.006
3568,0.435,0.196,0,0.002,0.166,0,0,,0,,,,0,,,,,0,0,0,0,0,0,0,0,1,0,1,0,1,2,0,0,0,0,0,0,272,0,0.001,0.004
3569,0.533,0.229,0,0.003,0.23,0,0,,0,,,,0,,,,,0,0,0,0,0,0,0,0,1,0,1,0,1,2,0,0,0,0,0,0,272,0,0.001,0.004
3570,0.415,0.159,0.001,0.001,0.211,0,0,,1,1875,229453824,284925952,1,62503872,62503872,135081984,38823561584,0,0,0,0,0,0,0,0,1,0,1,0,1,2,0,0,0,0,0,0,272,0,0.001,0.002
3571,0.414,0.168,0,0.002,0.156,0,0,,0,,,,0,,,,,0,0,0,0,0,0,0,0,1,0,1,0,1,2,0,0,0,0,0,0,272,0.001,0.001,0.003
3572,0.385,0.223,0,0.002,0.098,0,0,,0,,,,0,,,,,0,0,0,0,0,0,0,0,1,0,1,0,1,2,0,0,0,0,0,0,272,0,0.001,0.003
3573,0.5,0.321,0.001,0.003,0.058,0,0,,0,,,,0,,,,,0,0,0,0,0,0,0,0,1,0,1,0,1,2,0,0,0,0,0,0,272,0.001,0.001,0.005
3574,0.406,0.275,0,0.001,0.097,0,0,,0,,,,0,,,,,0,0,0,0,0,0,0,0,1,0,1,0,1,2,0,0,0,0,0,0,272,0,0,0.001
3575,0.515,0.355,0,0.003,0.068,0,0,,0,,,,0,,,,,0,0,0,0,0,0,0,0,1,0,1,0,1,2,0,0,0,0,0,0,272,0,0,0.005
3576,0.461,0.31,0,0.002,0.069,0,0,,0,,,,0,,,,,0,0,0,0,0,0,0,0,1,0,1,0,1,2,0,0,0,0,0,0,272,0,0,0.004
3577,0.451,0.3,0,0.001,0.076,0,0,,0,,,,0,,,,,0,0,0,0,0,0,0,0,1,0,1,0,1,2,0,0,0,0,0,0,272,0.001,0,0.005
3578,0.471,0.315,0.001,0.001,0.081,0,0,,0,,,,0,,,,,0,0,0,0,0,0,0,0,1,0,1,0,1,2,0,0,0,0,0,0,272,0.001,0,0.004
3579,0.51,0.297,0,0.002,0.09,0,0,,0,,,,0,,,,,0,0,0,0,0,0,0,0,1,0,1,0,1,2,0,0,0,0,0,0,272,0,0.001,0.003
3580,0.452,0.256,0,0.003,0.082,0,0,,0,,,,0,,,,,0,0,0,0,0,0,0,0,1,0,1,0,1,2,0,0,0,0,0,0,272,0,0,0.005
3581,0.437,0.241,0,0.002,0.122,0,0,,0,,,,0,,,,,0,0,0,0,0,0,0,0,1,0,1,0,1,2,0,0,0,0,0,0,272,0,0.001,0.004
3582,0.925,0.665,0,0.005,0.107,0,0,,0,,,,0,,,,,0,0,0,0,0,0,0,0,1,0,1,0,1,2,0,0,0,0,0,0,272,0,0.001,0.007
3583,0.422,0.164,0,0.005,0.089,0,0,,0,,,,0,,,,,0,0,0,0,0,0,0,0,1,0,1,0,1,2,0,0,0,0,0,0,272,0.001,0.001,0.008
3584,0.509,0.203,0.001,0.003,0.179,0,0,,0,,,,0,,,,,0,0,0,0,0,0,0,0,1,0,1,0,1,2,0,0,0,0,0,0,272,0.001,0.001,0.007
3585,0.416,0.14,0,0.002,0.202,0,0,,0,,,,0,,,,,0,0,0,0,0,0,0,0,1,0,1,0,1,2,0,0,0,0,0,0,272,0,0,0.004
3586,0.795,0.241,0,0.003,0.462,0,0,,0,,,,0,,,,,0,0,0,0,0,0,0,0,1,0,1,0,1,2,0,0,0,0,0,0,272,0,0,0.003
3587,0.334,0.002,0,0.003,0.223,0,0,,0,,,,0,,,,,0,0,0,0,0,0,0,0,1,0,1,0,1,2,0,0,0,0,0,0,272,0,0.001,0.005
3588,0.312,0.086,0,0.001,0.159,0,0,,0,,,,0,,,,,0,0,0,0,0,0,0,0,1,0,1,0,1,2,0,0,0,0,0,0,272,0,0,0.003
3589,0.516,0.25,0,0.002,0.184,0,0,,0,,,,0,,,,,0,0,0,0,0,0,0,0,1,0,1,0,1,2,0,0,0,0,0,0,272,0.001,0.001,0.004
3590,0.513,0.367,0,0.003,0.048,0,0,,0,,,,0,,,,,0,0,0,0,0,0,0,0,1,0,1,0,1,2,0,0,0,0,0,0,272,0.001,0.001,0.006
3591,0.372,0.165,0,0.003,0.121,0,0,,0,,,,0,,,,,0,0,0,0,0,0,0,0,1,0,1,0,1,2,0,0,0,0,0,0,272,0,0,0.005
3592,0.436,0.253,0,0.002,0.043,0,0,,0,,,,0,,,,,0,0,0,0,0,0,0,0,1,0,1,0,1,2,0,0,0,0,0,0,272,0,0.001,0.006
3593,0.439,0.278,0,0.004,0.062,0,0,,0,,,,0,,,,,0,0,0,0,0,0,0,0,1,0,1,0,1,2,0,0,0,0,0,0,272,0.001,0,0.004
3594,0.429,0.303,0,0.004,0.027,0,0,,0,,,,0,,,,,0,0,0,0,0,0,0,0,1,0,1,0,1,2,0,0,0,0,0,0,272,0,0.001,0.005
3595,1.019,0.886,0,0.002,0.046,0,0,,0,,,,0,,,,,0,0,0,0,0,0,0,0,1,0,1,0,1,2,0,0,0,0,0,0,272,0,0.001,0.005
3596,0.388,0.321,0,0.002,0.026,0,0,,0,,,,0,,,,,0,0,0,0,0,0,0,0,1,0,1,0,1,2,0,0,0,0,0,0,272,0,0.001,0.002
3597,0.541,0.43,0,0.003,0.031,0,0,,0,,,,0,,,,,0,0,0,0,0,0,0,0,1,0,1,0,1,2,0,0,0,0,0,0,272,0,0.001,0.005
3598,0.453,0.391,0,0.001,0.025,0,0,,0,,,,0,,,,,0,0,0,0,0,0,0,0,1,0,1,0,1,2,0,0,0,0,0,0,272,0,0,0.002
3599,0.56,0.446,0.001,0.001,0.06,0,0,,0,,,,0,,,,,0,0,0,0,0,0,0,0,1,0,1,0,1,2,0,0,0,0,0,0,272,0,0,0.003
3600,0.523,0.368,0,0.003,0.066,0,0,,1,1890.625,229453824,284925952,1,62503872,62503872,135081984,38823561584,0,0,0,0,0,0,0,0,1,0,1,0,1,2,0,0,0,0,0,0,272,0,0,0.005
3601,0.358,0.255,0,0.002,0.03,0,0,,0,,,,0,,,,,0,0,0,0,0,0,0,0,1,0,1,0,1,2,0,0,0,0,0,0,272,0.001,0.001,0.003
3602,0.426,0.362,0,0.001,0.026,0,0,,0,,,,0,,,,,0,0,0,0,0,0,0,0,1,0,1,0,1,2,0,0,0,0,0,0,272,0,0,0.003
3603,0.485,0.425,0,0.001,0.022,0,0,,0,,,,0,,,,,0,0,0,0,0,0,0,0,1,0,1,0,1,2,0,0,0,0,0,0,272,0,0.001,0.001
3604,0.539,0.438,0,0.002,0.03,0,0,,0,,,,0,,,,,0,0,0,0,0,0,0,0,1,0,1,0,1,2,0,0,0,0,0,0,272,0,0.001,0.004
3605,0.54,0.395,0,0.003,0.059,0,0,,0,,,,0,,,,,0,0,0,0,0,0,0,0,1,0,1,0,1,2,0,0,0,0,0,0,272,0.001,0.001,0.004
3606,0.416,0.32,0,0.002,0.044,0,0,,0,,,,0,,,,,0,0,0,0,0,0,0,0,1,0,1,0,1,2,0,0,0,0,0,0,272,0,0,0.002
3607,0.509,0.385,0,0.002,0.054,0,0,,0,,,,0,,,,,0,0,0,0,0,0,0,0,1,0,1,0,1,2,0,0,0,0,0,0,272,0,0,0.004
3608,0.559,0.367,0.001,0.004,0.066,0,0,,0,,,,0,,,,,0,0,0,0,0,0,0,0,1,0,1,0,1,2,0,0,0,0,0,0,272,0,0.001,0.006
3609,0.387,0.271,0,0.003,0.034,0,0,,0,,,,0,,,,,0,0,0,0,0,0,0,0,1,0,1,0,1,2,0,0,0,0,0,0,272,0,0.001,0.004
3610,0.387,0.327,0,0.002,0.024,0,0,,0,,,,0,,,,,0,0,0,0,0,0,0,0,1,0,1,0,1,2,0,0,0,0,0,0,272,0,0.001,0.001
3611,0.522,0.419,0,0.002,0.029,0,0,,0,,,,0,,,,,0,0,0,0,0,0,0,0,1,0,1,0,1,2,0,0,0,0,0,0,272,0,0.001,0.004
3612,0.451,0.39,0,0.001,0.023,0,0,,0,,,,0,,,,,0,0,0,0,0,0,0,0,1,0,1,0,1,2,0,0,0,0,0,0,272,0,0,0.002
3613,2.573,2.407,0,0.004,0.043,0,0,,0,,,,0,,,,,0,0,0,0,0,0,0,0,1,0,1,0,1,2,0,0,0,0,0,0,272,0.001,0.001,0.006
3614,1.516,1.42,0,0.003,0.032,0,0,,0,,,,0,,,,,0,0,0,0,0,0,0,0,1,0,1,0,1,2,0,0,0,0,0,0,272,0,0.001,0.004
3615,1.793,1.585,0.001,0.004,0.079,0,0,,0,,,,0,,,,,0,0,0,0,0,0,0,0,1,0,1,0,1,2,0,0,0,0,0,0,272,0.001,0.001,0.006
3616,1.628,1.429,0,0.004,0.05,0,0,,0,,,,0,,,,,0,0,0,0,0,0,0,0,1,0,1,0,1,2,0,0,0,0,0,0,272,0.001,0.001,0.007
3617,1.429,1.272,0.001,0.003,0.04,0,0,,0,,,,0,,,,,0,0,0,0,0,0,0,0,1,0,1,0,1,2,0,0,0,0,0,0,272,0,0.002,0.006
3618,3.227,3.065,0.001,0.004,0.053,0,0,,0,,,,0,,,,,0,0,0,0,0,0,0,0,1,0,1,0,1,2,0,0,0,0,0,0,272,0,0.001,0.005
3619,1.691,1.555,0.001,0.002,0.044,0,0,,0,,,,0,,,,,0,0,0,0,0,0,0,0,1,0,1,0,1,2,0,0,0,0,0,0,272,0,0.001,0.005
3620,1.718,1.602,0.001,0.002,0.033,0,0,,0,,,,0,,,,,0,0,0,0,0,0,0,0,1,0,1,0,1,2,0,0,0,0,0,0,272,0,0,0.005
3621,1.714,1.625,0,0.002,0.026,0,0,,0,,,,0,,,,,0,0,0,0,0,0,0,0,1,0,1,0,1,2,0,0,0,0,0,0,272,0,0.001,0.004
3622,3.314,3.197,0.001,0.002,0.036,0,0,,0,,,,0,,,,,0,0,0,0,0,0,0,0,1,0,1,0,1,2,0,0,0,0,0,0,272,0.001,0.001,0.005
3623,1.273,1.097,0.001,0.003,0.053,0,0,,0,,,,0,,,,,0,0,0,0,0,0,0,0,1,0,1,0,1,2,0,0,0,0,0,0,272,0,0.001,0.006
3624,1.261,1.085,0,0.004,0.046,0,0,,0,,,,0,,,,,0,0,0,0,0,0,0,0,1,0,1,0,1,2,0,0,0,0,0,0,272,0,0.001,0.006
3625,1.182,0.994,0,0.003,0.037,0,0,,0,,,,0,,,,,0,0,0,0,0,0,0,0,1,0,1,0,1,2,0,0,0,0,0,0,272,0,0,0.004
3626,2.281,2.118,0,0.003,0.044,0,0,,0,,,,0,,,,,0,0,0,0,0,0,0,0,1,0,1,0,1,2,0,0,0,0,0,0,272,0,0.001,0.006
3627,1.132,1.051,0,0.002,0.025,0,0,,0,,,,0,,,,,0,0,0,0,0,0,0,0,1,0,1,0,1,2,0,0,0,0,0,0,272,0,0.001,0.003
3628,1.204,1.102,0,0.002,0.031,0,0,,0,,,,0,,,,,0,0,0,0,0,0,0,0,1,0,1,0,1,2,0,0,0,0,0,0,272,0,0.001,0.003
3629,1.322,1.123,0,0.004,0.072,0,0,,0,,,,0,,,,,0,0,0,0,0,0,0,0,1,0,1,0,1,2,0,0,0,0,0,0,272,0.001,0.001,0.006
3630,1.054,0.95,0,0.002,0.038,0,0,,1,1921.875,229453824,284925952,1,62503872,62503872,135081984,38823561584,0,0,0,0,0,0,0,0,1,0,1,0,1,2,0,0,0,0,0,0,272,0,0.001,0.003
3631,1.112,1.058,0,0.001,0.024,0,0,,0,,,,0,,,,,0,0,0,0,0,0,0,0,1,0,1,0,1,2,0,0,0,0,0,0,272,0,0,0.002
3632,1.253,1.148,0,0.002,0.042,0,0,,0,,,,0,,,,,0,0,0,0,0,0,0,0,1,0,1,0,1,2,0,0,0,0,0,0,272,0,0,0.003
3633,1.828,1.666,0,0.003,0.058,0,0,,0,,,,0,,,,,0,0,0,0,0,0,0,0,1,0,1,0,1,2,0,0,0,0,0,0,272,0.001,0.001,0.005
3634,1.146,1.012,0,0.003,0.05,0,0,,0,,,,0,,,,,0,0,0,0,0,0,0,0,1,0,1,0,1,2,0,0,0,0,0,0,272,0,0.001,0.004
3635,0.933,0.717,0,0.004,0.044,0,0,,0,,,,0,,,,,0,0,0,0,0,0,0,0,1,0,1,0,1,2,0,0,0,0,0,0,272,0,0.001,0.006
3636,0.793,0.631,0.001,0.003,0.068,0,0,,0,,,,0,,,,,0,0,0,0,0,0,0,0,1,0,1,0,1,2,0,0,0,0,0,0,272,0.001,0.001,0.005
3637,0.472,0.256,0,0.003,0.094,0,0,,0,,,,0,,,,,0,0,0,0,0,0,0,0,1,0,1,0,1,2,0,0,0,0,0,0,272,0.001,0.001,0.006
3638,0.703,0.539,0,0.003,0.061,0,0,,0,,,,0,,,,,0,0,0,0,0,0,0,0,1,0,1,0,1,2,0,0,0,0,0,0,272,0.001,0.001,0.006
3639,0.473,0.378,0,0.002,0.019,0,0,,0,,,,0,,,,,0,0,0,0,0,0,0,0,1,0,1,0,1,2,0,0,0,0,0,0,272,0.001,0.001,0.004
3640,1.261,1.105,0,0.003,0.06,0,0,,0,,,,0,,,,,0,0,0,0,0,0,0,0,1,0,1,0,1,2,0,0,0,0,0,0,272,0,0.001,0.005
3641,0.822,0.65,0,0.004,0.06,0,0,,0,,,,0,,,,,0,0,0,0,0,0,0,0,1,0,1,0,1,2,0,0,0,0,0,0,272,0,0.001,0.006
3642,0.267,0.001,0,0.003,0.152,0,0,,0,,,,0,,,,,0,0,0,0,0,0,0,0,1,0,1,0,1,2,0,0,0,0,0,0,272,0.001,0.001,0.006
3643,0.41,0.291,0,0.002,0.056,0,0,,0,,,,0,,,,,0,0,0,0,0,0,0,0,1,0,1,0,1,2,0,0,0,0,0,0,272,0,0,0.003
3644,0.705,0.541,0,0.002,0.074,0,0,,0,,,,0,,,,,0,0,0,0,0,0,0,0,1,0,1,0,1,2,0,0,0,0,0,0,272,0,0.001,0.004
3645,0.584,0.472,0,0.002,0.053,0,0,,0,,,,0,,,,,0,0,0,0,0,0,0,0,1,0,1,0,1,2,0,0,0,0,0,0,272,0,0.001,0.003
3646,0.711,0.529,0,0.004,0.057,0,0,,0,,,,0,,,,,0,0,0,0,0,0,0,0,1,0,1,0,1,2,0,0,0,0,0,0,272,0,0.001,0.006
3647,0.676,0.476,0.001,0.004,0.061,0,0,,0,,,,0,,,,,0,0,0,0,0,0,0,0,1,0,1,0,1,2,0,0,0,0,0,0,272,0.001,0.001,0.006
3648,0.524,0.401,0,0.003,0.05,0,0,,0,,,,0,,,,,0,0,0,0,0,0,0,0,1,0,1,0,1,2,0,0,0,0,0,0,272,0.001,0,0.003
3649,0.657,0.564,0,0.001,0.047,0,0,,0,,,,0,,,,,0,0,0,0,0,0,0,0,1,0,1,0,1,2,0,0,0,0,0,0,272,0,0,0.002
3650,0.631,0.553,0,0.001,0.042,0,0,,0,,,,0,,,,,0,0,0,0,0,0,0,0,1,0,1,0,1,2,0,0,0,0,0,0,272,0,0.001,0.002
3651,0.644,0.57,0,0.001,0.04,0,0,,0,,,,0,,,,,0,0,0,0,0,0,0,0,1,0,1,0,1,2,0,0,0,0,0,0,272,0,0.001,0.002
3652,0.728,0.6,0,0.003,0.057,0,0,,0,,,,0,,,,,0,0,0,0,0,0,0,0,1,0,1,0,1,2,0,0,0,0,0,0,272,0,0.001,0.004
3653,0.65,0.549,0,0.002,0.033,0,0,,0,,,,0,,,,,0,0,0,0,0,0,0,0,1,0,1,0,1,2,0,0,0,0,0,0,272,0,0.001,0.003
3654,1.176,1.08,0,0.002,0.044,0,0,,0,,,,0,,,,,0,0,0,0,0,0,0,0,1,0,1,0,1,2,0,0,0,0,0,0,272,0.001,0,0.003
3655,0.632,0.548,0,0.002,0.042,0,0,,0,,,,0,,,,,0,0,0,0,0,0,0,0,1,0,1,0,1,2,0,0,0,0,0,0,272,0,0,0.003
3656,0.652,0.552,0,0.003,0.028,0,0,,0,,,,0,,,,,0,0,0,0,0,0,0,0,1,0,1,0,1,2,0,0,0,0,0,0,272,0,0.001,0.004
3657,0.735,0.559,0,0.003,0.054,0,0,,0,,,,0,,,,,0,0,0,0,0,0,0,0,1,0,1,0,1,2,0,0,0,0,0,0,272,0,0.001,0.006
3658,0.476,0.418,0,0.001,0.022,0,0,,0,,,,0,,,,,0,0,0,0,0,0,0,0,1,0,1,0,1,2,0,0,0,0,0,0,272,0,0.001,0.002
3659,0.765,0.647,0,0.002,0.037,0,0,,0,,,,0,,,,,0,0,0,0,0,0,0,0,1,0,1,0,1,2,0,0,0,0,0,0,272,0,0.001,0.004
3660,0.693,0.523,0,0.002,0.061,0,0,,1,1937.5,229462016,284925952,1,62503872,62503872,135081984,38823561584,0,0,0,0,0,0,0,0,1,0,1,0,1,2,0,0,0,0,0,0,272,0.001,0.001,0.005
3661,0.493,0.44,0,0,0.024,0,0,,0,,,,0,,,,,0,0,0,0,0,0,0,0,1,0,1,0,1,2,0,0,0,0,0,0,272,0,0,0.001
3662,0.597,0.555,0,0.001,0.018,0,0,,0,,,,0,,,,,0,0,0,0,0,0,0,0,1,0,1,0,1,2,0,0,0,0,0,0,272,0,0,0.001
3663,1.447,1.306,0,0.003,0.05,0,0,,0,,,,0,,,,,0,0,0,0,0,0,0,0,1,0,1,0,1,2,0,0,0,0,0,0,272,0.001,0.001,0.004
3664,0.637,0.499,0,0.004,0.037,0,0,,0,,,,0,,,,,0,0,0,0,0,0,0,0,1,0,1,0,1,2,0,0,0,0,0,0,272,0,0.001,0.006
3665,0.542,0.452,0,0.001,0.041,0,0,,0,,,,0,,,,,0,0,0,0,0,0,0,0,1,0,1,0,1,2,0,0,0,0,0,0,272,0,0,0.004
3666,0.699,0.596,0,0.001,0.062,0,0,,0,,,,0,,,,,0,0,0,0,0,0,0,0,1,0,1,0,1,2,0,0,0,0,0,0,272,0,0.001,0.002
3667,0.634,0.553,0,0.001,0.043,0,0,,0,,,,0,,,,,0,0,0,0,0,0,0,0,1,0,1,0,1,2,0,0,0,0,0,0,272,0,0,0.002
3668,0.641,0.557,0,0.001,0.046,0,0,,0,,,,0,,,,,0,0,0,0,0,0,0,0,1,0,1,0,1,2,0,0,0,0,0,0,272,0,0.001,0.002
3669,0.648,0.564,0,0.001,0.048,0,0,,0,,,,0,,,,,0,0,0,0,0,0,0,0,1,0,1,0,1,2,0,0,0,0,0,0,272,0,0.001,0.002
3670,0.639,0.556,0,0.001,0.046,0,0,,0,,,,0,,,,,0,0,0,0,0,0,0,0,1,0,1,0,1,2,0,0,0,0,0,0,272,0.001,0,0.002
3671,0.774,0.666,0,0.001,0.06,0,0,,0,,,,0,,,,,0,0,0,0,0,0,0,0,1,0,1,0,1,2,0,0,0,0,0,0,272,0,0,0.003
3672,0.747,0.663,0,0.001,0.047,0,0,,0,,,,0,,,,,0,0,0,0,0,0,0,0,1,0,1,0,1,2,0,0,0,0,0,0,272,0.001,0,0.002
3673,0.969,0.83,0,0.003,0.055,0,0,,0,,,,0,,,,,0,0,0,0,0,0,0,0,1,0,1,0,1,2,0,0,0,0,0,0,272,0.001,0.001,0.005
3674,0.54,0.456,0,0.001,0.033,0,0,,0,,,,0,,,,,0,0,0,0,0,0,0,0,1,0,1,0,1,2,0,0,0,0,0,0,272,0,0.001,0.002
3675,0.839,0.677,0,0.003,0.068,0,0,,0,,,,0,,,,,0,0,0,0,0,0,0,0,1,0,1,0,1,2,0,0,0,0,0,0,272,0,0.001,0.005
3676,1.397,1.272,0.001,0.002,0.054,0,0,,0,,,,0,,,,,0,0,0,0,0,0,0,0,1,0,1,0,1,2,0,0,0,0,0,0,272,0,0,0.004
3677,0.742,0.637,0.001,0.001,0.05,0,0,,0,,,,0,,,,,0,0,0,0,0,0,0,0,1,0,1,0,1,2,0,0,0,0,0,0,272,0,0,0.003
3678,0.898,0.719,0.001,0.003,0.06,0,0,,0,,,,0,,,,,0,0,0,0,0,0,0,0,1,0,1,0,1,2,0,0,0,0,0,0,272,0,0.001,0.005
3679,0.623,0.518,0,0.002,0.043,0,0,,0,,,,0,,,,,0,0,0,0,0,0,0,0,1,0,1,0,1,2,0,0,0,0,0,0,272,0.001,0.001,0.003
3680,0.767,0.662,0.001,0.002,0.041,0,0,,0,,,,0,,,,,0,0,0,0,0,0,0,0,1,0,1,0,1,2,0,0,0,0,0,0,272,0,0,0.003
3681,0.885,0.639,0.001,0.005,0.093,0,0,,0,,,,0,,,,,0,0,0,0,0,0,0,0,1,0,1,0,1,2,0,0,0,0,0,0,272,0.001,0.002,0.007
3682,0.676,0.486,0,0.005,0.05,0,0,,0,,,,0,,,,,0,0,0,0,0,0,0,0,1,0,1,0,1,2,0,0,0,0,0,0,272,0,0.002,0.008
3683,0.574,0.506,0.001,0.003,0.021,0,0,,0,,,,0,,,,,0,0,0,0,0,0,0,0,1,0,1,0,1,2,0,0,0,0,0,0,272,0,0.001,0.002
3684,1.834,1.7,0,0.003,0.029,0,0,,0,,,,0,,,,,0,0,0,0,0,0,0,0,1,0,1,0,1,2,0,0,0,0,0,0,272,0,0.002,0.006
3685,0.778,0.638,0,0.003,0.053,0,0,,0,,,,0,,,,,0,0,0,0,0,0,0,0,1,0,1,0,1,2,0,0,0,0,0,0,272,0,0.001,0.005
3686,0.673,0.609,0,0.002,0.023,0,0,,0,,,,0,,,,,0,0,0,0,0,0,0,0,1,0,1,0,1,2,0,0,0,0,0,0,272,0,0,0.002
3687,0.832,0.722,0.001,0.001,0.042,0,0,,0,,,,0,,,,,0,0,0,0,0,0,0,0,1,0,1,0,1,2,0,0,0,0,0,0,272,0,0.001,0.003
3688,0.783,0.695,0,0.001,0.025,0,0,,0,,,,0,,,,,0,0,0,0,0,0,0,0,1,0,1,0,1,2,0,0,0,0,0,0,272,0.001,0,0.003
3689,0.751,0.67,0.001,0.001,0.036,0,0,,0,,,,0,,,,,0,0,0,0,0,0,0,0,1,0,1,0,1,2,0,0,0,0,0,0,272,0,0.001,0.002
3690,0.755,0.685,0,0.001,0.034,0,0,,1,1953.125,229474304,284925952,1,62503872,62503872,135081984,38823561584,0,0,0,0,0,0,0,0,1,0,1,0,1,2,0,0,0,0,0,0,272,0,0.001,0.002
3691,0.86,0.705,0.001,0.003,0.06,0,0,,0,,,,0,,,,,0,0,0,0,0,0,0,0,1,0,1,0,1,2,0,0,0,0,0,0,272,0,0,0.006
3692,0.706,0.611,0.001,0.002,0.03,0,0,,0,,,,0,,,,,0,0,0,0,0,0,0,0,1,0,1,0,1,2,0,0,0,0,0,0,272,0.001,0,0.003
3693,0.728,0.66,0,0.002,0.028,0,0,,0,,,,0,,,,,0,0,0,0,0,0,0,0,1,0,1,0,1,2,0,0,0,0,0,0,272,0,0.001,0.002
3694,0.841,0.723,0,0.003,0.041,0,0,,0,,,,0,,,,,0,0,0,0,0,0,0,0,1,0,1,0,1,2,0,0,0,0,0,0,272,0,0.001,0.004
3695,1.419,1.342,0,0.002,0.025,0,0,,0,,,,0,,,,,0,0,0,0,0,0,0,0,1,0,1,0,1,2,0,0,0,0,0,0,272,0,0.001,0.003
3696,0.774,0.669,0.001,0.002,0.034,0,0,,0,,,,0,,,,,0,0,0,0,0,0,0,0,1,0,1,0,1,2,0,0,0,0,0,0,272,0.001,0.001,0.004
3697,0.809,0.673,0.001,0.003,0.042,0,0,,0,,,,0,,,,,0,0,0,0,0,0,0,0,1,0,1,0,1,2,0,0,0,0,0,0,272,0.001,0.001,0.005
3698,0.824,0.64,0.001,0.003,0.049,0,0,,0,,,,0,,,,,0,0,0,0,0,0,0,0,1,0,1,0,1,2,0,0,0,0,0,0,272,0,0,0.005
3699,0.626,0.571,0.001,0.001,0.021,0,0,,0,,,,0,,,,,0,0,0,0,0,0,0,0,1,0,1,0,1,2,0,0,0,0,0,0,272,0,0,0.003
3700,0.916,0.74,0.001,0.003,0.061,0,0,,0,,,,0,,,,,0,0,0,0,0,0,0,0,1,0,1,0,1,2,0,0,0,0,0,0,272,0,0.001,0.004
3701,0.794,0.582,0,0.002,0.08,0,0,,0,,,,0,,,,,0,0,0,0,0,0,0,0,1,0,1,0,1,2,0,0,0,0,0,0,272,0,0.001,0.007
3702,0.843,0.691,0,0.003,0.032,0,0,,0,,,,0,,,,,0,0,0,0,0,0,0,0,1,0,1,0,1,2,0,0,0,0,0,0,272,0,0.001,0.004
3703,1.617,1.386,0.001,0.004,0.107,0,0,,0,,,,0,,,,,0,0,0,0,0,0,0,0,1,0,1,0,1,2,0,0,0,0,0,0,272,0,0.001,0.006
3704,0.678,0.529,0,0.002,0.066,0,0,,0,,,,0,,,,,0,0,0,0,0,0,0,0,1,0,1,0,1,2,0,0,0,0,0,0,272,0,0.001,0.005
3705,0.728,0.595,0,0.002,0.059,0,0,,0,,,,0,,,,,0,0,0,0,0,0,0,0,1,0,1,0,1,2,0,0,0,0,0,0,272,0,0,0.003
3706,0.714,0.61,0,0.003,0.031,0,0,,0,,,,0,,,,,0,0,0,0,0,0,0,0,1,0,1,0,1,2,0,0,0,0,0,0,272,0.001,0.001,0.004
3707,0.732,0.679,0,0.001,0.018,0,0,,0,,,,0,,,,,0,0,0,0,0,0,0,0,1,0,1,0,1,2,0,0,0,0,0,0,272,0.001,0,0.002
3708,0.819,0.735,0,0.001,0.037,0,0,,0,,,,0,,,,,0,0,0,0,0,0,0,0,1,0,1,0,1,2,0,0,0,0,0,0,272,0,0,0.002
3709,0.985,0.834,0,0.003,0.047,0,0,,0,,,,0,,,,,0,0,0,0,0,0,0,0,1,0,1,0,1,2,0,0,0,0,0,0,272,0.001,0.001,0.005
3710,0.626,0.529,0,0.002,0.034,0,0,,0,,,,0,,,,,0,0,0,0,0,0,0,0,1,0,1,0,1,2,0,0,0,0,0,0,272,0,0.001,0.003
3711,1.1,0.992,0,0.002,0.047,0,0,,0,,,,0,,,,,0,0,0,0,0,0,0,0,1,0,1,0,1,2,0,0,0,0,0,0,272,0,0,0.003
3712,0.81,0.708,0,0.001,0.048,0,0,,0,,,,0,,,,,0,0,0,0,0,0,0,0,1,0,1,0,1,2,0,0,0,0,0,0,272,0,0,0.003
3713,0.825,0.715,0,0.002,0.046,0,0,,0,,,,0,,,,,0,0,0,0,0,0,0,0,1,0,1,0,1,2,0,0,0,0,0,0,272,0,0,0.003
3714,0.607,0.503,0,0.002,0.042,0,0,,0,,,,0,,,,,0,0,0,0,0,0,0,0,1,0,1,0,1,2,0,0,0,0,0,0,272,0.001,0,0.003
3715,1.825,1.717,0,0.002,0.049,0,0,,0,,,,0,,,,,0,0,0,0,0,0,0,0,1,0,1,0,1,2,0,0,0,0,0,0,272,0.001,0,0.003
3716,0.966,0.872,0,0.001,0.043,0,0,,0,,,,0,,,,,0,0,0,0,0,0,0,0,1,0,1,0,1,2,0,0,0,0,0,0,272,0,0.001,0.003
3717,1.324,0.782,0,0.004,0.41,0,0,,0,,,,0,,,,,0,0,0,0,0,0,0,0,1,0,1,0,1,2,0,0,0,0,0,0,272,0,0.001,0.007
3718,0.874,0.783,0,0.002,0.041,0,0,,0,,,,0,,,,,0,0,0,0,0,0,0,0,1,0,1,0,1,2,0,0,0,0,0,0,272,0,0,0.003
3719,1.401,1.252,0,0.002,0.058,0,0,,0,,,,0,,,,,0,0,0,0,0,0,0,0,1,0,1,0,1,2,0,0,0,0,0,0,272,0,0.001,0.005
3720,1.254,1.086,0,0.003,0.06,0,0,,1,1968.75,229482496,284925952,1,62503872,62503872,135081984,38823561584,0,0,0,0,0,0,0,0,1,0,1,0,1,2,0,0,0,0,0,0,272,0.001,0.001,0.006
3721,2.48,2.318,0.001,0.002,0.073,0,0,,0,,,,0,,,,,0,0,0,0,0,0,0,0,1,0,1,0,1,2,0,0,0,0,0,0,272,0,0.001,0.006
3722,1.268,1.123,0,0.002,0.066,0,0,,0,,,,0,,,,,0,0,0,0,0,0,0,0,1,0,1,0,1,2,0,0,0,0,0,0,272,0,0,0.004
3723,2.651,1.192,0,0.005,1.305,0,0,,0,,,,0,,,,,0,0,0,0,0,0,0,0,1,0,1,0,1,2,0,0,0,0,0,0,272,0.001,0.001,0.008
3724,0.111,0.002,0.001,0.004,0.03,0,0,,0,,,,0,,,,,0,0,0,0,0,0,0,0,1,0,1,0,1,2,0,0,0,0,0,0,272,0,0,0.004
3725,1.271,1.147,0,0.002,0.044,0,0,,0,,,,0,,,,,0,0,0,0,0,0,0,0,1,0,1,0,1,2,0,0,0,0,0,0,272,0.001,0.001,0.004
3726,0.574,0.478,0,0.002,0.038,0,0,,0,,,,0,,,,,0,0,0,0,0,0,0,0,1,0,1,0,1,2,0,0,0,0,0,0,272,0,0.001,0.003
3727,2.007,1.781,0,0.004,0.104,0,0,,0,,,,0,,,,,0,0,0,0,0,0,0,0,1,0,1,0,1,2,0,0,0,0,0,0,272,0.001,0.001,0.007
3728,0.228,0.175,0,0,0.022,0,0,,0,,,,0,,,,,0,0,0,0,0,0,0,0,1,0,1,0,1,2,0,0,0,0,0,0,272,0,0,0.002
3729,0.592,0.387,0,0.002,0.137,0,0,,0,,,,0,,,,,0,0,0,0,0,0,0,0,1,0,1,0,1,2,0,0,0,0,0,0,272,0.001,0,0.004
3730,0.065,0,0,0.001,0.029,0,0,,0,,,,0,,,,,0,0,0,0,0,0,0,0,1,0,1,0,1,2,0,0,0,0,0,0,272,0,0,0.001
3731,0.861,0.49,0,0.002,0.305,0,0,,0,,,,0,,,,,0,0,0,0,0,0,0,0,1,0,1,0,1,2,0,0,0,0,0,0,272,0,0,0.003
3732,0.603,0.001,0,0.001,0.571,0,0,,0,,,,0,,,,,0,0,0,0,0,0,0,0,1,0,1,0,1,2,0,0,0,0,0,0,272,0,0.001,0.001
3733,1.29,0.001,0,0.003,1.194,0,0,,0,,,,0,,,,,0,0,0,0,0,0,0,0,1,0,1,0,1,2,0,0,0,0,0,0,272,0,0.001,0.005
3734,0.431,0.001,0,0.003,0.3,0,0,,0,,,,0,,,,,0,0,0,0,0,0,0,0,1,0,1,0,1,2,0,0,0,0,0,0,272,0.001,0.001,0.007
3735,0.379,0.001,0.001,0.002,0.287,0,0,,0,,,,0,,,,,0,0,0,0,0,0,0,0,1,0,1,0,1,2,0,0,0,0,0,0,272,0,0.001,0.005
3736,0.282,0.194,0,0.001,0.039,0,0,,0,,,,0,,,,,0,0,0,0,0,0,0,0,1,0,1,0,1,2,0,0,0,0,0,0,272,0,0,0.003
3737,0.562,0.371,0,0.004,0.086,0,0,,0,,,,0,,,,,0,0,0,0,0,0,0,0,1,0,1,0,1,2,0,0,0,0,0,0,272,0,0.001,0.005
3738,0.505,0.216,0,0.001,0.246,0,0,,0,,,,0,,,,,0,0,0,0,0,0,0,0,1,0,1,0,1,2,0,0,0,0,0,0,272,0,0,0.002
3739,0.283,0.145,0,0.001,0.075,0,0,,0,,,,0,,,,,0,0,0,0,0,0,0,0,1,0,1,0,1,2,0,0,0,0,0,0,272,0,0.001,0.004
3740,0.416,0.288,0,0.001,0.074,0,0,,0,,,,0,,,,,0,0,0,0,0,0,0,0,1,0,1,0,1,2,0,0,0,0,0,0,272,0,0,0.001
3741,0.467,0.322,0.001,0.001,0.075,0,0,,0,,,,0,,,,,0,0,0,0,0,0,0,0,1,0,1,0,1,2,0,0,0,0,0,0,272,0,0,0.003
3742,0.552,0.32,0,0.003,0.105,0,0,,0,,,,0,,,,,0,0,0,0,0,0,0,0,1,0,1,0,1,2,0,0,0,0,0,0,272,0.001,0.001,0.006
3743,0.362,0.166,0,0.001,0.16,0,0,,0,,,,0,,,,,0,0,0,0,0,0,0,0,1,0,1,0,1,2,0,0,0,0,0,0,272,0,0,0.002
3744,0.348,0.237,0,0.001,0.074,0,0,,0,,,,0,,,,,0,0,0,0,0,0,0,0,1,0,1,0,1,2,0,0,0,0,0,0,272,0,0.001,0.001
3745,0.457,0.33,0.001,0,0.074,0,0,,0,,,,0,,,,,0,0,0,0,0,0,0,0,1,0,1,0,1,2,0,0,0,0,0,0,272,0,0,0.002
3746,0.431,0.339,0,0.002,0.039,0,0,,0,,,,0,,,,,0,0,0,0,0,0,0,0,1,0,1,0,1,2,0,0,0,0,0,0,272,0,0.001,0.003
3747,0.507,0.347,0,0.002,0.084,0,0,,0,,,,0,,,,,0,0,0,0,0,0,0,0,1,0,1,0,1,2,0,0,0,0,0,0,272,0.001,0,0.004
3748,0.374,0.262,0.001,0.001,0.072,0,0,,0,,,,0,,,,,0,0,0,0,0,0,0,0,1,0,1,0,1,2,0,0,0,0,0,0,272,0,0,0.002
3749,0.423,0.332,0,0.002,0.054,0,0,,0,,,,0,,,,,0,0,0,0,0,0,0,0,1,0,1,0,1,2,0,0,0,0,0,0,272,0,0,0.001
3750,0.49,0.342,0,0.001,0.077,0,0,,1,2000,229490688,284925952,1,62503872,62503872,135081984,38823561584,0,0,0,0,0,0,0,0,1,0,1,0,1,2,0,0,0,0,0,0,272,0,0.001,0.003
3751,0.367,0.282,0,0.001,0.043,0,0,,0,,,,0,,,,,0,0,0,0,0,0,0,0,1,0,1,0,1,2,0,0,0,0,0,0,272,0,0,0.002
3752,0.548,0.382,0,0.002,0.097,0,0,,0,,,,0,,,,,0,0,0,0,0,0,0,0,1,0,1,0,1,2,0,0,0,0,0,0,272,0,0.001,0.003
3753,0.398,0.251,0.001,0.001,0.097,0,0,,0,,,,0,,,,,0,0,0,0,0,0,0,0,1,0,1,0,1,2,0,0,0,0,0,0,272,0,0,0.003
3754,0.454,0.312,0,0.002,0.08,0,0,,0,,,,0,,,,,0,0,0,0,0,0,0,0,1,0,1,0,1,2,0,0,0,0,0,0,272,0,0.001,0.002
3755,0.48,0.28,0,0.002,0.101,0,0,,0,,,,0,,,,,0,0,0,0,0,0,0,0,1,0,1,0,1,2,0,0,0,0,0,0,272,0.001,0.001,0.004
3756,0.317,0.217,0,0.002,0.045,0,0,,0,,,,0,,,,,0,0,0,0,0,0,0,0,1,0,1,0,1,2,0,0,0,0,0,0,272,0,0,0.004
3757,0.965,0.798,0.001,0.002,0.072,0,0,,0,,,,0,,,,,0,0,0,0,0,0,0,0,1,0,1,0,1,2,0,0,0,0,0,0,272,0.001,0,0.005
3758,0.432,0.267,0,0.002,0.073,0,0,,0,,,,0,,,,,0,0,0,0,0,0,0,0,1,0,1,0,1,2,0,0,0,0,0,0,272,0,0,0.006
3759,0.414,0.299,0,0.002,0.062,0,0,,0,,,,0,,,,,0,0,0,0,0,0,0,0,1,0,1,0,1,2,0,0,0,0,0,0,272,0,0.001,0.003
3760,0.453,0.32,0,0.001,0.081,0,0,,0,,,,0,,,,,0,0,0,0,0,0,0,0,1,0,1,0,1,2,0,0,0,0,0,0,272,0,0,0.003
3761,0.454,0.309,0,0.001,0.076,0,0,,0,,,,0,,,,,0,0,0,0,0,0,0,0,1,0,1,0,1,2,0,0,0,0,0,0,272,0,0,0.005
3762,0.476,0.312,0,0.002,0.088,0,0,,0,,,,0,,,,,0,0,0,0,0,0,0,0,1,0,1,0,1,2,0,0,0,0,0,0,272,0,0,0.005
3763,0.338,0.253,0,0.002,0.043,0,0,,0,,,,0,,,,,0,0,0,0,0,0,0,0,1,0,1,0,1,2,0,0,0,0,0,0,272,0,0.001,0.002
3764,0.539,0.378,0,0.002,0.089,0,0,,0,,,,0,,,,,0,0,0,0,0,0,0,0,1,0,1,0,1,2,0,0,0,0,0,0,272,0,0.001,0.004
3765,0.444,0.248,0,0.001,0.159,0,0,,0,,,,0,,,,,0,0,0,0,0,0,0,0,1,0,1,0,1,2,0,0,0,0,0,0,272,0,0,0.002
3766,0.75,0.548,0,0.005,0.049,0,0,,0,,,,0,,,,,0,0,0,0,0,0,0,0,1,0,1,0,1,2,0,0,0,0,0,0,272,0.001,0.003,0.011
3767,0.067,0.001,0.001,0.001,0.026,0,0,,0,,,,0,,,,,0,0,0,0,0,0,0,0,1,0,1,0,1,2,0,0,0,0,0,0,272,0.001,0,0.002
3768,0.622,0.314,0,0.003,0.207,0,0,,0,,,,0,,,,,0,0,0,0,0,0,0,0,1,0,1,0,1,2,0,0,0,0,0,0,272,0,0.002,0.006
3769,0.36,0.001,0,0.039,0.177,0,0,,0,,,,0,,,,,0,0,0,0,0,0,0,0,1,0,1,0,1,2,0,0,0,0,0,0,272,0,0.001,0.004
3770,0.235,0.043,0,0.001,0.147,0,0,,0,,,,0,,,,,0,0,0,0,0,0,0,0,1,0,1,0,1,2,0,0,0,0,0,0,272,0,0.001,0.002
3771,0.938,0.785,0,0.002,0.075,0,0,,0,,,,0,,,,,0,0,0,0,0,0,0,0,1,0,1,0,1,2,0,0,0,0,0,0,272,0,0.001,0.004
3772,0.449,0.277,0.001,0.002,0.089,0,0,,0,,,,0,,,,,0,0,0,0,0,0,0,0,1,0,1,0,1,2,0,0,0,0,0,0,272,0,0.001,0.004
3773,0.429,0.261,0,0.002,0.079,0,0,,0,,,,0,,,,,0,0,0,0,0,0,0,0,1,0,1,0,1,2,0,0,0,0,0,0,272,0,0.001,0.005
3774,0.348,0.251,0.001,0.001,0.044,0,0,,0,,,,0,,,,,0,0,0,0,0,0,0,0,1,0,1,0,1,2,0,0,0,0,0,0,272,0,0,0.004
3775,0.623,0.371,0.001,0.004,0.104,0,0,,0,,,,0,,,,,0,0,0,0,0,0,0,0,1,0,1,0,1,2,0,0,0,0,0,0,272,0,0.002,0.007
3776,0.555,0.199,0,0.006,0.22,0,0,,0,,,,0,,,,,0,0,0,0,0,0,0,0,1,0,1,0,1,2,0,0,0,0,0,0,272,0.001,0.001,0.006
3777,0.753,0.002,0,0.003,0.644,0,0,,0,,,,0,,,,,0,0,0,0,0,0,0,0,1,0,1,0,1,2,0,0,0,0,0,0,272,0.001,0.001,0.005
3778,0.695,0.001,0,0.004,0.57,0,0,,0,,,,0,,,,,0,0,0,0,0,0,0,0,1,0,1,0,1,2,0,0,0,0,0,0,272,0,0.001,0.006
3779,0.168,0.001,0,0.003,0.064,0,0,,0,,,,0,,,,,0,0,0,0,0,0,0,0,1,0,1,0,1,2,0,0,0,0,0,0,272,0,0.001,0.006
3780,0.435,0.001,0,0.001,0.384,0,0,,1,2015.625,229498880,284925952,1,62503872,62503872,135081984,38823561584,0,0,0,0,0,0,0,0,1,0,1,0,1,2,0,0,0,0,0,0,272,0,0,0.002
3781,0.293,0.001,0,0.002,0.212,0,0,,0,,,,0,,,,,0,0,0,0,0,0,0,0,1,0,1,0,1,2,0,0,0,0,0,0,272,0,0.001,0.004
3782,0.296,0,0,0.001,0.26,0,0,,0,,,,0,,,,,0,0,0,0,0,0,0,0,1,0,1,0,1,2,0,0,0,0,0,0,272,0.001,0,0.002
3783,0.572,0.199,0.001,0.002,0.282,0,0,,0,,,,0,,,,,0,0,0,0,0,0,0,0,1,0,1,0,1,2,0,0,0,0,0,0,272,0,0.001,0.005
3784,0.302,0.001,0,0.002,0.22,0,0,,0,,,,0,,,,,0,0,0,0,0,0,0,0,1,0,1,0,1,2,0,0,0,0,0,0,272,0,0,0.004
3785,0.365,0.202,0,0.002,0.089,0,0,,0,,,,0,,,,,0,0,0,0,0,0,0,0,1,0,1,0,1,2,0,0,0,0,0,0,272,0,0,0.004
3786,0.361,0.263,0,0.001,0.061,0,0,,0,,,,0,,,,,0,0,0,0,0,0,0,0,1,0,1,0,1,2,0,0,0,0,0,0,272,0,0,0.002
3787,0.495,0.355,0.001,0.002,0.057,0,0,,0,,,,0,,,,,0,0,0,0,0,0,0,0,1,0,1,0,1,2,0,0,0,0,0,0,272,0,0.001,0.005
3788,0.454,0.288,0,0.001,0.092,0,0,,0,,,,0,,,,,0,0,0,0,0,0,0,0,1,0,1,0,1,2,0,0,0,0,0,0,272,0.001,0,0.003
3789,0.455,0.286,0,0.002,0.075,0,0,,0,,,,0,,,,,0,0,0,0,0,0,0,0,1,0,1,0,1,2,0,0,0,0,0,0,272,0,0.001,0.004
3790,0.404,0.238,0,0.003,0.056,0,0,,0,,,,0,,,,,0,0,0,0,0,0,0,0,1,0,1,0,1,2,0,0,0,0,0,0,272,0,0.001,0.005
3791,0.459,0.305,0,0.003,0.044,0,0,,0,,,,0,,,,,0,0,0,0,0,0,0,0,1,0,1,0,1,2,0,0,0,0,0,0,272,0.001,0.001,0.005
3792,0.794,0.621,0,0.003,0.069,0,0,,0,,,,0,,,,,0,0,0,0,0,0,0,0,1,0,1,0,1,2,0,0,0,0,0,0,272,0,0.001,0.004
3793,0.774,0.379,0,0.003,0.282,0,0,,0,,,,0,,,,,0,0,0,0,0,0,0,0,1,0,1,0,1,2,0,0,0,0,0,0,272,0.001,0.001,0.006
3794,0.37,0.001,0,0.003,0.29,0,0,,0,,,,0,,,,,0,0,0,0,0,0,0,0,1,0,1,0,1,2,0,0,0,0,0,0,272,0,0,0.004
3795,0.47,0.378,0,0.002,0.027,0,0,,0,,,,0,,,,,0,0,0,0,0,0,0,0,1,0,1,0,1,2,0,0,0,0,0,0,272,0,0.001,0.003
3796,3.095,2.955,0,0.003,0.037,0,0,,0,,,,0,,,,,0,0,0,0,0,0,0,0,1,0,1,0,1,2,0,0,0,0,0,0,272,0.001,0.001,0.006
3797,3.15,2.928,0.001,0.005,0.044,0,0,,0,,,,0,,,,,0,0,0,0,0,0,0,0,1,0,1,0,1,2,0,0,0,0,0,0,272,0,0.002,0.009
3798,4.521,4.396,0.001,0.002,0.049,0,0,,0,,,,0,,,,,0,0,0,0,0,0,0,0,1,0,1,0,1,2,0,0,0,0,0,0,272,0,0,0.005
3799,0.743,0.64,0,0.001,0.044,0,0,,0,,,,0,,,,,0,0,0,0,0,0,0,0,1,0,1,0,1,2,0,0,0,0,0,0,272,0,0,0.004
3800,0.868,0.734,0,0.003,0.049,0,0,,0,,,,0,,,,,0,0,0,0,0,0,0,0,1,0,1,0,1,2,0,0,0,0,0,0,272,0,0.001,0.003
3801,0.703,0.605,0,0.002,0.045,0,0,,0,,,,0,,,,,0,0,0,0,0,0,0,0,1,0,1,0,1,2,0,0,0,0,0,0,272,0,0,0.002
3802,0.803,0.699,0,0.001,0.039,0,0,,0,,,,0,,,,,0,0,0,0,0,0,0,0,1,0,1,0,1,2,0,0,0,0,0,0,272,0.001,0,0.004
3803,1.679,1.571,0,0.002,0.045,0,0,,0,,,,0,,,,,0,0,0,0,0,0,0,0,1,0,1,0,1,2,0,0,0,0,0,0,272,0,0.001,0.002
3804,0.808,0.714,0,0.001,0.042,0,0,,0,,,,0,,,,,0,0,0,0,0,0,0,0,1,0,1,0,1,2,0,0,0,0,0,0,272,0,0,0.003
3805,0.751,0.622,0.001,0.003,0.044,0,0,,0,,,,0,,,,,0,0,0,0,0,0,0,0,1,0,1,0,1,2,0,0,0,0,0,0,272,0,0,0.004
3806,0.76,0.551,0,0.004,0.061,0,0,,0,,,,0,,,,,0,0,0,0,0,0,0,0,1,0,1,0,1,2,0,0,0,0,0,0,272,0,0.002,0.007
3807,0.567,0.359,0.001,0.005,0.063,0,0,,0,,,,0,,,,,0,0,0,0,0,0,0,0,1,0,1,0,1,2,0,0,0,0,0,0,272,0,0.002,0.008
3808,0.756,0.61,0,0.003,0.054,0,0,,0,,,,0,,,,,0,0,0,0,0,0,0,0,1,0,1,0,1,2,0,0,0,0,0,0,272,0,0.001,0.005
3809,0.851,0.671,0.001,0.003,0.063,0,0,,0,,,,0,,,,,0,0,0,0,0,0,0,0,1,0,1,0,1,2,0,0,0,0,0,0,272,0.001,0.002,0.006
3810,0.794,0.581,0,0.004,0.066,0,0,,1,2015.625,229507072,284925952,1,62503872,62503872,135081984,38823561584,0,0,0,0,0,0,0,0,1,0,1,0,1,2,0,0,0,0,0,0,272,0,0.001,0.007
3811,1.297,1.125,0.001,0.002,0.075,0,0,,0,,,,0,,,,,0,0,0,0,0,0,0,0,1,0,1,0,1,2,0,0,0,0,0,0,272,0,0.001,0.005
3812,1.037,0.809,0,0.005,0.066,0,0,,0,,,,0,,,,,0,0,0,0,0,0,0,0,1,0,1,0,1,2,0,0,0,0,0,0,272,0.001,0.002,0.008
3813,0.942,0.835,0,0.002,0.04,0,0,,0,,,,0,,,,,0,0,0,0,0,0,0,0,1,0,1,0,1,2,0,0,0,0,0,0,272,0,0.001,0.003
3814,0.619,0.506,0,0.003,0.039,0,0,,0,,,,0,,,,,0,0,0,0,0,0,0,0,1,0,1,0,1,2,0,0,0,0,0,0,272,0,0.002,0.003
3815,0.809,0.693,0,0.002,0.049,0,0,,0,,,,0,,,,,0,0,0,0,0,0,0,0,1,0,1,0,1,2,0,0,0,0,0,0,272,0,0.001,0.003
3816,0.791,0.673,0,0.002,0.048,0,0,,0,,,,0,,,,,0,0,0,0,0,0,0,0,1,0,1,0,1,2,0,0,0,0,0,0,272,0,0,0.004
3817,0.789,0.675,0.001,0.001,0.041,0,0,,0,,,,0,,,,,0,0,0,0,0,0,0,0,1,0,1,0,1,2,0,0,0,0,0,0,272,0.001,0,0.003
3818,0.788,0.682,0,0.002,0.035,0,0,,0,,,,0,,,,,0,0,0,0,0,0,0,0,1,0,1,0,1,2,0,0,0,0,0,0,272,0.001,0.001,0.004
3819,0.824,0.683,0.001,0.002,0.056,0,0,,0,,,,0,,,,,0,0,0,0,0,0,0,0,1,0,1,0,1,2,0,0,0,0,0,0,272,0.001,0.001,0.005
3820,0.714,0.648,0,0.001,0.033,0,0,,0,,,,0,,,,,0,0,0,0,0,0,0,0,1,0,1,0,1,2,0,0,0,0,0,0,272,0.001,0,0.001
3821,1.909,1.785,0,0.003,0.047,0,0,,0,,,,0,,,,,0,0,0,0,0,0,0,0,1,0,1,0,1,2,0,0,0,0,0,0,272,0,0,0.004
3822,0.795,0.695,0,0.002,0.041,0,0,,0,,,,0,,,,,0,0,0,0,0,0,0,0,1,0,1,0,1,2,0,0,0,0,0,0,272,0.001,0,0.003
3823,0.494,0.409,0,0.002,0.036,0,0,,0,,,,0,,,,,0,0,0,0,0,0,0,0,1,0,1,0,1,2,0,0,0,0,0,0,272,0,0.001,0.002
3824,1.141,1.045,0,0.001,0.043,0,0,,0,,,,0,,,,,0,0,0,0,0,0,0,0,1,0,1,0,1,2,0,0,0,0,0,0,272,0,0.001,0.002
3825,0.737,0.38,0,0.002,0.313,0,0,,0,,,,0,,,,,0,0,0,0,0,0,0,0,1,0,1,0,1,2,0,0,0,0,0,0,272,0,0.001,0.002
3826,0.857,0.725,0.001,0.002,0.05,0,0,,0,,,,0,,,,,0,0,0,0,0,0,0,0,1,0,1,0,1,2,0,0,0,0,0,0,272,0,0.001,0.005
3827,0.684,0.539,0,0.004,0.042,0,0,,0,,,,0,,,,,0,0,0,0,0,0,0,0,1,0,1,0,1,2,0,0,0,0,0,0,272,0.001,0.001,0.006
3828,0.725,0.607,0.001,0.002,0.039,0,0,,0,,,,0,,,,,0,0,0,0,0,0,0,0,1,0,1,0,1,2,0,0,0,0,0,0,272,0.001,0.001,0.004
3829,1.612,1.457,0.001,0.003,0.074,0,0,,0,,,,0,,,,,0,0,0,0,0,0,0,0,1,0,1,0,1,2,0,0,0,0,0,0,272,0.001,0,0.006
3830,0.513,0.316,0,0.004,0.053,0,0,,0,,,,0,,,,,0,0,0,0,0,0,0,0,1,0,1,0,1,2,0,0,0,0,0,0,272,0,0.002,0.01
3831,1.119,0.996,0,0.002,0.049,0,0,,0,,,,0,,,,,0,0,0,0,0,0,0,0,1,0,1,0,1,2,0,0,0,0,0,0,272,0,0.001,0.003
3832,0.346,0.268,0.001,0.001,0.036,0,0,,0,,,,0,,,,,0,0,0,0,0,0,0,0,1,0,1,0,1,2,0,0,0,0,0,0,272,0,0.001,0.002
3833,0.839,0.718,0,0.002,0.059,0,0,,0,,,,0,,,,,0,0,0,0,0,0,0,0,1,0,1,0,1,2,0,0,0,0,0,0,272,0.001,0,0.003
3834,0.826,0.67,0,0.003,0.065,0,0,,0,,,,0,,,,,0,0,0,0,0,0,0,0,1,0,1,0,1,2,0,0,0,0,0,0,272,0,0,0.005
3835,0.735,0.631,0,0.002,0.044,0,0,,0,,,,0,,,,,0,0,0,0,0,0,0,0,1,0,1,0,1,2,0,0,0,0,0,0,272,0,0,0.003
3836,0.761,0.695,0,0.001,0.035,0,0,,0,,,,0,,,,,0,0,0,0,0,0,0,0,1,0,1,0,1,2,0,0,0,0,0,0,272,0,0.001,0.001
3837,3.528,3.312,0.001,0.005,0.044,0,0,,0,,,,0,,,,,0,0,0,0,0,0,0,0,1,0,1,0,1,2,0,0,0,0,0,0,272,0,0.001,0.009
3838,3.712,3.608,0,0.003,0.03,0,0,,0,,,,0,,,,,0,0,0,0,0,0,0,0,1,0,1,0,1,2,0,0,0,0,0,0,272,0,0.001,0.004
3839,0.54,0.441,0,0.002,0.041,0,0,,0,,,,0,,,,,0,0,0,0,0,0,0,0,1,0,1,0,1,2,0,0,0,0,0,0,272,0,0,0.004
3840,0.946,0.774,0,0.004,0.031,0,0,,1,2031.25,229515264,284925952,1,62503872,62503872,135081984,38823561584,0,0,0,0,0,0,0,0,1,0,1,0,1,2,0,0,0,0,0,0,272,0.001,0.001,0.008
3841,0.92,0.796,0,0.003,0.041,0,0,,0,,,,0,,,,,0,0,0,0,0,0,0,0,1,0,1,0,1,2,0,0,0,0,0,0,272,0.001,0.001,0.003
3842,1.251,1.082,0,0.005,0.054,0,0,,0,,,,0,,,,,0,0,0,0,0,0,0,0,1,0,1,0,1,2,0,0,0,0,0,0,272,0.001,0.002,0.007
3843,0.732,0.638,0,0.002,0.039,0,0,,0,,,,0,,,,,0,0,0,0,0,0,0,0,1,0,1,0,1,2,0,0,0,0,0,0,272,0,0.001,0.004
3844,0.98,0.72,0,0.006,0.084,0,0,,0,,,,0,,,,,0,0,0,0,0,0,0,0,1,0,1,0,1,2,0,0,0,0,0,0,272,0.001,0.002,0.009
3845,0.595,0.466,0,0.003,0.049,0,0,,0,,,,0,,,,,0,0,0,0,0,0,0,0,1,0,1,0,1,2,0,0,0,0,0,0,272,0,0,0.003
3846,0.841,0.681,0.001,0.002,0.074,0,0,,0,,,,0,,,,,0,0,0,0,0,0,0,0,1,0,1,0,1,2,0,0,0,0,0,0,272,0,0,0.004
3847,0.857,0.633,0,0.004,0.099,0,0,,0,,,,0,,,,,0,0,0,0,0,0,0,0,1,0,1,0,1,2,0,0,0,0,0,0,272,0,0.001,0.006
3848,0.713,0.563,0,0.002,0.071,0,0,,0,,,,0,,,,,0,0,0,0,0,0,0,0,1,0,1,0,1,2,0,0,0,0,0,0,272,0.001,0,0.004
3849,0.774,0.63,0,0.002,0.075,0,0,,0,,,,0,,,,,0,0,0,0,0,0,0,0,1,0,1,0,1,2,0,0,0,0,0,0,272,0,0.001,0.003
3850,0.778,0.639,0,0.001,0.07,0,0,,0,,,,0,,,,,0,0,0,0,0,0,0,0,1,0,1,0,1,2,0,0,0,0,0,0,272,0,0,0.003
3851,0.789,0.653,0,0.001,0.068,0,0,,0,,,,0,,,,,0,0,0,0,0,0,0,0,1,0,1,0,1,2,0,0,0,0,0,0,272,0,0.001,0.004
3852,0.783,0.648,0,0.002,0.065,0,0,,0,,,,0,,,,,0,0,0,0,0,0,0,0,1,0,1,0,1,2,0,0,0,0,0,0,272,0,0,0.004
3853,1.665,1.409,0,0.003,0.101,0,0,,0,,,,0,,,,,0,0,0,0,0,0,0,0,1,0,1,0,1,2,0,0,0,0,0,0,272,0,0.002,0.009
3854,0.737,0.533,0,0.004,0.099,0,0,,0,,,,0,,,,,0,0,0,0,0,0,0,0,1,0,1,0,1,2,0,0,0,0,0,0,272,0,0.002,0.004
3855,0.65,0.563,0,0.001,0.042,0,0,,0,,,,0,,,,,0,0,0,0,0,0,0,0,1,0,1,0,1,2,0,0,0,0,0,0,272,0,0,0.002
3856,0.859,0.709,0,0.002,0.075,0,0,,0,,,,0,,,,,0,0,0,0,0,0,0,0,1,0,1,0,1,2,0,0,0,0,0,0,272,0,0.001,0.004
3857,0.842,0.659,0,0.004,0.052,0,0,,0,,,,0,,,,,0,0,0,0,0,0,0,0,1,0,1,0,1,2,0,0,0,0,0,0,272,0.001,0.002,0.007
3858,0.658,0.571,0.001,0.001,0.031,0,0,,0,,,,0,,,,,0,0,0,0,0,0,0,0,1,0,1,0,1,2,0,0,0,0,0,0,272,0.001,0,0.003
3859,0.781,0.71,0,0.001,0.029,0,0,,0,,,,0,,,,,0,0,0,0,0,0,0,0,1,0,1,0,1,2,0,0,0,0,0,0,272,0,0,0.003
3860,0.884,0.731,0.001,0.003,0.046,0,0,,0,,,,0,,,,,0,0,0,0,0,0,0,0,1,0,1,0,1,2,0,0,0,0,0,0,272,0,0.001,0.006
3861,0.77,0.584,0,0.003,0.086,0,0,,0,,,,0,,,,,0,0,0,0,0,0,0,0,1,0,1,0,1,2,0,0,0,0,0,0,272,0,0.001,0.004
3862,1.583,1.354,0.001,0.004,0.067,0,0,,0,,,,0,,,,,0,0,0,0,0,0,0,0,1,0,1,0,1,2,0,0,0,0,0,0,272,0,0.001,0.009
3863,0.744,0.579,0,0.004,0.047,0,0,,0,,,,0,,,,,0,0,0,0,0,0,0,0,1,0,1,0,1,2,0,0,0,0,0,0,272,0.001,0.001,0.008
3864,0.69,0.617,0,0.001,0.029,0,0,,0,,,,0,,,,,0,0,0,0,0,0,0,0,1,0,1,0,1,2,0,0,0,0,0,0,272,0,0,0.003
3865,0.866,0.727,0,0.001,0.106,0,0,,0,,,,0,,,,,0,0,0,0,0,0,0,0,1,0,1,0,1,2,0,0,0,0,0,0,272,0,0,0.002
3866,0.78,0.626,0,0.001,0.124,0,0,,0,,,,0,,,,,0,0,0,0,0,0,0,0,1,0,1,0,1,2,0,0,0,0,0,0,272,0,0,0.002
3867,0.76,0.606,0,0.001,0.126,0,0,,0,,,,0,,,,,0,0,0,0,0,0,0,0,1,0,1,0,1,2,0,0,0,0,0,0,272,0,0,0.001
3868,0.758,0.703,0,0,0.03,0,0,,0,,,,0,,,,,0,0,0,0,0,0,0,0,1,0,1,0,1,2,0,0,0,0,0,0,272,0,0,0.002
3869,0.803,0.747,0,0.001,0.029,0,0,,0,,,,0,,,,,0,0,0,0,0,0,0,0,1,0,1,0,1,2,0,0,0,0,0,0,272,0,0,0.002
3870,0.798,0.738,0,0.001,0.032,0,0,,1,2031.25,229523456,284925952,1,62503872,62503872,135081984,38823561584,0,0,0,0,0,0,0,0,1,0,1,0,1,2,0,0,0,0,0,0,272,0,0,0.001
3871,0.941,0.747,0.001,0.003,0.074,0,0,,0,,,,0,,,,,0,0,0,0,0,0,0,0,1,0,1,0,1,2,0,0,0,0,0,0,272,0,0.001,0.006
3872,1.378,1.218,0,0.003,0.067,0,0,,0,,,,0,,,,,0,0,0,0,0,0,0,0,1,0,1,0,1,2,0,0,0,0,0,0,272,0.001,0.001,0.005
3873,0.751,0.618,0,0.001,0.064,0,0,,0,,,,0,,,,,0,0,0,0,0,0,0,0,1,0,1,0,1,2,0,0,0,0,0,0,272,0,0,0.003
3874,0.709,0.589,0,0.001,0.062,0,0,,0,,,,0,,,,,0,0,0,0,0,0,0,0,1,0,1,0,1,2,0,0,0,0,0,0,272,0,0.001,0.003
3875,0.694,0.567,0.001,0.001,0.064,0,0,,0,,,,0,,,,,0,0,0,0,0,0,0,0,1,0,1,0,1,2,0,0,0,0,0,0,272,0,0,0.003
3876,0.643,0.556,0.001,0,0.058,0,0,,0,,,,0,,,,,0,0,0,0,0,0,0,0,1,0,1,0,1,2,0,0,0,0,0,0,272,0,0.001,0.001
3877,0.818,0.59,0,0.004,0.084,0,0,,0,,,,0,,,,,0,0,0,0,0,0,0,0,1,0,1,0,1,2,0,0,0,0,0,0,272,0,0.001,0.007
3878,0.736,0.464,0,0.004,0.108,0,0,,0,,,,0,,,,,0,0,0,0,0,0,0,0,1,0,1,0,1,2,0,0,0,0,0,0,272,0,0.001,0.009
3879,0.96,0.728,0,0.005,0.07,0,0,,0,,,,0,,,,,0,0,0,0,0,0,0,0,1,0,1,0,1,2,0,0,0,0,0,0,272,0.001,0.002,0.009
3880,0.079,0.001,0,0.001,0.028,0,0,,0,,,,0,,,,,0,0,0,0,0,0,0,0,1,0,1,0,1,2,0,0,0,0,0,0,272,0,0.001,0.002
3881,1.799,1.645,0.001,0.002,0.061,0,0,,0,,,,0,,,,,0,0,0,0,0,0,0,0,1,0,1,0,1,2,0,0,0,0,0,0,272,0,0.001,0.005
3882,0.077,0.001,0.001,0,0.035,0,0,,0,,,,0,,,,,0,0,0,0,0,0,0,0,1,0,1,0,1,2,0,0,0,0,0,0,272,0.001,0,0.002
3883,1.053,0.585,0,0.003,0.386,0,0,,0,,,,0,,,,,0,0,0,0,0,0,0,0,1,0,1,0,1,2,0,0,0,0,0,0,272,0,0.001,0.004
3884,0.089,0,0,0.002,0.032,0,0,,0,,,,0,,,,,0,0,0,0,0,0,0,0,1,0,1,0,1,2,0,0,0,0,0,0,272,0,0.001,0.002
3885,0.813,0.631,0.001,0.003,0.067,0,0,,0,,,,0,,,,,0,0,0,0,0,0,0,0,1,0,1,0,1,2,0,0,0,0,0,0,272,0,0.001,0.006
3886,0.385,0.231,0,0.003,0.046,0,0,,0,,,,0,,,,,0,0,0,0,0,0,0,0,1,0,1,0,1,2,0,0,0,0,0,0,272,0.001,0.001,0.005
3887,0.706,0.55,0,0.003,0.066,0,0,,0,,,,0,,,,,0,0,0,0,0,0,0,0,1,0,1,0,1,2,0,0,0,0,0,0,272,0,0.001,0.005
3888,0.586,0.509,0,0.002,0.031,0,0,,0,,,,0,,,,,0,0,0,0,0,0,0,0,1,0,1,0,1,2,0,0,0,0,0,0,272,0,0,0.002
3889,0.838,0.613,0,0.004,0.09,0,0,,0,,,,0,,,,,0,0,0,0,0,0,0,0,1,0,1,0,1,2,0,0,0,0,0,0,272,0,0.001,0.006
3890,0.49,0.401,0,0.002,0.035,0,0,,0,,,,0,,,,,0,0,0,0,0,0,0,0,1,0,1,0,1,2,0,0,0,0,0,0,272,0,0,0.004
3891,0.815,0.643,0,0.004,0.061,0,0,,0,,,,0,,,,,0,0,0,0,0,0,0,0,1,0,1,0,1,2,0,0,0,0,0,0,272,0,0.001,0.005
3892,0.585,0.461,0,0.003,0.035,0,0,,0,,,,0,,,,,0,0,0,0,0,0,0,0,1,0,1,0,1,2,0,0,0,0,0,0,272,0,0.001,0.004
3893,0.755,0.54,0,0.003,0.104,0,0,,0,,,,0,,,,,0,0,0,0,0,0,0,0,1,0,1,0,1,2,0,0,0,0,0,0,272,0,0.001,0.004
3894,0.529,0.401,0,0.003,0.043,0,0,,0,,,,0,,,,,0,0,0,0,0,0,0,0,1,0,1,0,1,2,0,0,0,0,0,0,272,0,0.001,0.005
3895,1.376,1.193,0,0.003,0.078,0,0,,0,,,,0,,,,,0,0,0,0,0,0,0,0,1,0,1,0,1,2,0,0,0,0,0,0,272,0,0,0.005
3896,0.646,0.504,0,0.002,0.067,0,0,,0,,,,0,,,,,0,0,0,0,0,0,0,0,1,0,1,0,1,2,0,0,0,0,0,0,272,0,0,0.004
3897,0.647,0.505,0,0.004,0.053,0,0,,0,,,,0,,,,,0,0,0,0,0,0,0,0,1,0,1,0,1,2,0,0,0,0,0,0,272,0,0.001,0.004
3898,0.598,0.516,0,0.002,0.041,0,0,,0,,,,0,,,,,0,0,0,0,0,0,0,0,1,0,1,0,1,2,0,0,0,0,0,0,272,0,0,0.002
3899,0.656,0.586,0,0.001,0.038,0,0,,0,,,,0,,,,,0,0,0,0,0,0,0,0,1,0,1,0,1,2,0,0,0,0,0,0,272,0,0,0.002
3900,0.765,0.575,0,0.003,0.096,0,0,,1,2078.125,229588992,284925952,1,62503872,62503872,135081984,38823561584,0,0,0,0,0,0,0,0,1,0,1,0,1,2,0,0,0,0,0,0,272,0.001,0.001,0.004
3901,0.74,0.556,0.001,0.003,0.071,0,0,,0,,,,0,,,,,0,0,0,0,0,0,0,0,1,0,1,0,1,2,0,0,0,0,0,0,272,0,0.001,0.006
3902,0.463,0.338,0.001,0.002,0.038,0,0,,0,,,,0,,,,,0,0,0,0,0,0,0,0,1,0,1,0,1,2,0,0,0,0,0,0,272,0,0.001,0.005
3903,0.774,0.628,0,0.002,0.047,0,0,,0,,,,0,,,,,0,0,0,0,0,0,0,0,1,0,1,0,1,2,0,0,0,0,0,0,272,0,0.001,0.005
3904,1.365,1.162,0.001,0.004,0.08,0,0,,0,,,,0,,,,,0,0,0,0,0,0,0,0,1,0,1,0,1,2,0,0,0,0,0,0,272,0,0.001,0.007
3905,0.508,0.4,0,0.002,0.041,0,0,,0,,,,0,,,,,0,0,0,0,0,0,0,0,1,0,1,0,1,2,0,0,0,0,0,0,272,0,0.001,0.004
3906,0.602,0.504,0,0.002,0.04,0,0,,0,,,,0,,,,,0,0,0,0,0,0,0,0,1,0,1,0,1,2,0,0,0,0,0,0,272,0,0,0.003
3907,0.971,0.864,0,0.001,0.052,0,0,,0,,,,0,,,,,0,0,0,0,0,0,0,0,1,0,1,0,1,2,0,0,0,0,0,0,272,0,0,0.004
3908,0.669,0.546,0,0.003,0.035,0,0,,0,,,,0,,,,,0,0,0,0,0,0,0,0,1,0,1,0,1,2,0,0,0,0,0,0,272,0.001,0.001,0.004
3909,0.766,0.534,0.001,0.004,0.073,0,0,,0,,,,0,,,,,0,0,0,0,0,0,0,0,1,0,1,0,1,2,0,0,0,0,0,0,272,0.001,0.002,0.008
3910,0.581,0.411,0,0.002,0.085,0,0,,0,,,,0,,,,,0,0,0,0,0,0,0,0,1,0,1,0,1,2,0,0,0,0,0,0,272,0,0.001,0.004
3911,0.601,0.463,0,0.002,0.059,0,0,,0,,,,0,,,,,0,0,0,0,0,0,0,0,1,0,1,0,1,2,0,0,0,0,0,0,272,0,0.001,0.004
3912,0.608,0.515,0,0.001,0.046,0,0,,0,,,,0,,,,,0,0,0,0,0,0,0,0,1,0,1,0,1,2,0,0,0,0,0,0,272,0.001,0,0.003
3913,0.666,0.552,0,0.002,0.039,0,0,,0,,,,0,,,,,0,0,0,0,0,0,0,0,1,0,1,0,1,2,0,0,0,0,0,0,272,0,0.001,0.004
3914,0.588,0.516,0,0.001,0.033,0,0,,0,,,,0,,,,,0,0,0,0,0,0,0,0,1,0,1,0,1,2,0,0,0,0,0,0,272,0,0,0.002
3915,0.79,0.589,0.001,0.003,0.081,0,0,,0,,,,0,,,,,0,0,0,0,0,0,0,0,1,0,1,0,1,2,0,0,0,0,0,0,272,0.001,0.002,0.006
3916,0.509,0.398,0,0.003,0.04,0,0,,0,,,,0,,,,,0,0,0,0,0,0,0,0,1,0,1,0,1,2,0,0,0,0,0,0,272,0,0.001,0.003
3917,0.684,0.566,0,0.003,0.028,0,0,,0,,,,0,,,,,0,0,0,0,0,0,0,0,1,0,1,0,1,2,0,0,0,0,0,0,272,0,0.001,0.005
3918,2.885,2.7,0.001,0.005,0.068,0,0,,0,,,,0,,,,,0,0,0,0,0,0,0,0,1,0,1,0,1,2,0,0,0,0,0,0,272,0,0.002,0.005
3919,1.741,1.509,0,0.003,0.093,0,0,,0,,,,0,,,,,0,0,0,0,0,0,0,0,1,0,1,0,1,2,0,0,0,0,0,0,272,0.001,0.001,0.005
3920,1.737,1.501,0.001,0.006,0.052,0,0,,0,,,,0,,,,,0,0,0,0,0,0,0,0,1,0,1,0,1,2,0,0,0,0,0,0,272,0,0.002,0.01
3921,1.568,1.417,0,0.002,0.057,0,0,,0,,,,0,,,,,0,0,0,0,0,0,0,0,1,0,1,0,1,2,0,0,0,0,0,0,272,0,0,0.005
3922,3.676,3.476,0,0.005,0.067,0,0,,0,,,,0,,,,,0,0,0,0,0,0,0,0,1,0,1,0,1,2,0,0,0,0,0,0,272,0.001,0.002,0.008
3923,1.561,1.473,0,0.001,0.038,0,0,,0,,,,0,,,,,0,0,0,0,0,0,0,0,1,0,1,0,1,2,0,0,0,0,0,0,272,0,0.001,0.003
3924,1.334,1.231,0,0.003,0.028,0,0,,0,,,,0,,,,,0,0,0,0,0,0,0,0,1,0,1,0,1,2,0,0,0,0,0,0,272,0.001,0.001,0.003
3925,1.405,1.239,0,0.005,0.046,0,0,,0,,,,0,,,,,0,0,0,0,0,0,0,0,1,0,1,0,1,2,0,0,0,0,0,0,272,0,0.001,0.006
3926,2.111,2.009,0.001,0.002,0.031,0,0,,0,,,,0,,,,,0,0,0,0,0,0,0,0,1,0,1,0,1,2,0,0,0,0,0,0,272,0,0.001,0.004
3927,1.127,1.025,0.001,0.001,0.035,0,0,,0,,,,0,,,,,0,0,0,0,0,0,0,0,1,0,1,0,1,2,0,0,0,0,0,0,272,0,0,0.003
3928,1.291,1.143,0.001,0.003,0.052,0,0,,0,,,,0,,,,,0,0,0,0,0,0,0,0,1,0,1,0,1,2,0,0,0,0,0,0,272,0,0.001,0.004
3929,1.414,1.272,0.001,0.002,0.054,0,0,,0,,,,0,,,,,0,0,0,0,0,0,0,0,1,0,1,0,1,2,0,0,0,0,0,0,272,0,0.001,0.005
3930,0.808,0.656,0.001,0.003,0.044,0,0,,1,2093.75,229588992,284925952,1,62503872,62503872,135081984,38823561584,0,0,0,0,0,0,0,0,1,0,1,0,1,2,0,0,0,0,0,0,272,0,0.001,0.006
3931,1.307,1.149,0,0.003,0.048,0,0,,0,,,,0,,,,,0,0,0,0,0,0,0,0,1,0,1,0,1,2,0,0,0,0,0,0,272,0,0.001,0.006
3932,2.409,2.271,0,0.003,0.049,0,0,,0,,,,0,,,,,0,0,0,0,0,0,0,0,1,0,1,0,1,2,0,0,0,0,0,0,272,0,0,0.004
3933,1.354,1.257,0.001,0.001,0.044,0,0,,0,,,,0,,,,,0,0,0,0,0,0,0,0,1,0,1,0,1,2,0,0,0,0,0,0,272,0.001,0,0.003
3934,0.719,0.569,0.001,0.003,0.048,0,0,,0,,,,0,,,,,0,0,0,0,0,0,0,0,1,0,1,0,1,2,0,0,0,0,0,0,272,0,0.001,0.005
3935,1.37,1.266,0,0.002,0.048,0,0,,0,,,,0,,,,,0,0,0,0,0,0,0,0,1,0,1,0,1,2,0,0,0,0,0,0,272,0,0.001,0.003
3936,1.245,1.143,0,0.002,0.046,0,0,,0,,,,0,,,,,0,0,0,0,0,0,0,0,1,0,1,0,1,2,0,0,0,0,0,0,272,0,0.001,0.002
3937,1.136,1.026,0.001,0.001,0.051,0,0,,0,,,,0,,,,,0,0,0,0,0,0,0,0,1,0,1,0,1,2,0,0,0,0,0,0,272,0,0.001,0.002
3938,1.982,1.801,0,0.003,0.074,0,0,,0,,,,0,,,,,0,0,0,0,0,0,0,0,1,0,1,0,1,2,0,0,0,0,0,0,272,0,0,0.005
3939,0.979,0.784,0,0.003,0.048,0,0,,0,,,,0,,,,,0,0,0,0,0,0,0,0,1,0,1,0,1,2,0,0,0,0,0,0,272,0,0.001,0.007
3940,0.119,0.001,0,0.002,0.05,0,0,,0,,,,0,,,,,0,0,0,0,0,0,0,0,1,0,1,0,1,2,0,0,0,0,0,0,272,0,0.001,0.003
3941,0.06,0,0,0.001,0.025,0,0,,0,,,,0,,,,,0,0,0,0,0,0,0,0,1,0,1,0,1,2,0,0,0,0,0,0,272,0,0,0.001
3942,0.535,0.425,0,0.001,0.04,0,0,,0,,,,0,,,,,0,0,0,0,0,0,0,0,1,0,1,0,1,2,0,0,0,0,0,0,272,0,0.001,0.003
3943,0.949,0.002,0,0.004,0.841,0,0,,0,,,,0,,,,,0,0,0,0,0,0,0,0,1,0,1,0,1,2,0,0,0,0,0,0,272,0,0.001,0.005
3944,0.413,0.002,0,0.004,0.268,0,0,,0,,,,0,,,,,0,0,0,0,0,0,0,0,1,0,1,0,1,2,0,0,0,0,0,0,272,0.001,0.001,0.006
3945,0.216,0,0,0.002,0.161,0,0,,0,,,,0,,,,,0,0,0,0,0,0,0,0,1,0,1,0,1,2,0,0,0,0,0,0,272,0.001,0,0.003
3946,0.977,0.828,0,0.003,0.065,0,0,,0,,,,0,,,,,0,0,0,0,0,0,0,0,1,0,1,0,1,2,0,0,0,0,0,0,272,0,0,0.005
3947,0.704,0.549,0.001,0.004,0.051,0,0,,0,,,,0,,,,,0,0,0,0,0,0,0,0,1,0,1,0,1,2,0,0,0,0,0,0,272,0.001,0.001,0.006
3948,0.794,0.597,0.001,0.004,0.064,0,0,,0,,,,0,,,,,0,0,0,0,0,0,0,0,1,0,1,0,1,2,0,0,0,0,0,0,272,0.001,0.002,0.007
3949,0.605,0.491,0.001,0.002,0.032,0,0,,0,,,,0,,,,,0,0,0,0,0,0,0,0,1,0,1,0,1,2,0,0,0,0,0,0,272,0,0.001,0.004
3950,0.767,0.6,0,0.003,0.053,0,0,,0,,,,0,,,,,0,0,0,0,0,0,0,0,1,0,1,0,1,2,0,0,0,0,0,0,272,0,0.001,0.016
3951,0.69,0.532,0,0.003,0.048,0,0,,0,,,,0,,,,,0,0,0,0,0,0,0,0,1,0,1,0,1,2,0,0,0,0,0,0,272,0.001,0.001,0.005
3952,0.661,0.557,0,0.002,0.041,0,0,,0,,,,0,,,,,0,0,0,0,0,0,0,0,1,0,1,0,1,2,0,0,0,0,0,0,272,0,0.001,0.003
3953,0.645,0.55,0,0.002,0.04,0,0,,0,,,,0,,,,,0,0,0,0,0,0,0,0,1,0,1,0,1,2,0,0,0,0,0,0,272,0,0,0.003
3954,0.739,0.61,0,0.003,0.042,0,0,,0,,,,0,,,,,0,0,0,0,0,0,0,0,1,0,1,0,1,2,0,0,0,0,0,0,272,0,0,0.003
3955,0.664,0.575,0,0.002,0.035,0,0,,0,,,,0,,,,,0,0,0,0,0,0,0,0,1,0,1,0,1,2,0,0,0,0,0,0,272,0.001,0,0.003
3956,0.712,0.604,0,0.002,0.046,0,0,,0,,,,0,,,,,0,0,0,0,0,0,0,0,1,0,1,0,1,2,0,0,0,0,0,0,272,0,0.001,0.003
3957,0.823,0.605,0.001,0.003,0.113,0,0,,0,,,,0,,,,,0,0,0,0,0,0,0,0,1,0,1,0,1,2,0,0,0,0,0,0,272,0,0.001,0.006
3958,0.62,0.461,0,0.002,0.074,0,0,,0,,,,0,,,,,0,0,0,0,0,0,0,0,1,0,1,0,1,2,0,0,0,0,0,0,272,0,0,0.004
3959,1.313,1.14,0,0.004,0.064,0,0,,0,,,,0,,,,,0,0,0,0,0,0,0,0,1,0,1,0,1,2,0,0,0,0,0,0,272,0,0.001,0.006
3960,0.728,0.578,0,0.002,0.059,0,0,,1,2109.375,229588992,284925952,1,62503872,62503872,135081984,38823561584,0,0,0,0,0,0,0,0,1,0,1,0,1,2,0,0,0,0,0,0,272,0,0.001,0.004
3961,0.549,0.451,0.001,0.002,0.034,0,0,,0,,,,0,,,,,0,0,0,0,0,0,0,0,1,0,1,0,1,2,0,0,0,0,0,0,272,0,0.001,0.003
3962,0.794,0.659,0,0.001,0.059,0,0,,0,,,,0,,,,,0,0,0,0,0,0,0,0,1,0,1,0,1,2,0,0,0,0,0,0,272,0.001,0,0.003
3963,0.741,0.576,0.001,0.002,0.074,0,0,,0,,,,0,,,,,0,0,0,0,0,0,0,0,1,0,1,0,1,2,0,0,0,0,0,0,272,0,0,0.004
3964,0.637,0.527,0,0.002,0.043,0,0,,0,,,,0,,,,,0,0,0,0,0,0,0,0,1,0,1,0,1,2,0,0,0,0,0,0,272,0,0,0.004
3965,0.71,0.586,0,0.002,0.055,0,0,,0,,,,0,,,,,0,0,0,0,0,0,0,0,1,0,1,0,1,2,0,0,0,0,0,0,272,0,0.001,0.003
3966,0.786,0.581,0.001,0.004,0.079,0,0,,0,,,,0,,,,,0,0,0,0,0,0,0,0,1,0,1,0,1,2,0,0,0,0,0,0,272,0.001,0.002,0.006
3967,0.598,0.444,0,0.003,0.061,0,0,,0,,,,0,,,,,0,0,0,0,0,0,0,0,1,0,1,0,1,2,0,0,0,0,0,0,272,0,0.001,0.005
3968,1.585,1.392,0,0.003,0.082,0,0,,0,,,,0,,,,,0,0,0,0,0,0,0,0,1,0,1,0,1,2,0,0,0,0,0,0,272,0,0,0.006
3969,0.628,0.507,0,0.002,0.058,0,0,,0,,,,0,,,,,0,0,0,0,0,0,0,0,1,0,1,0,1,2,0,0,0,0,0,0,272,0,0.001,0.003
3970,0.687,0.589,0.001,0.001,0.046,0,0,,0,,,,0,,,,,0,0,0,0,0,0,0,0,1,0,1,0,1,2,0,0,0,0,0,0,272,0,0,0.002
3971,0.701,0.573,0,0.001,0.063,0,0,,0,,,,0,,,,,0,0,0,0,0,0,0,0,1,0,1,0,1,2,0,0,0,0,0,0,272,0,0,0.003
3972,0.712,0.583,0,0.002,0.065,0,0,,0,,,,0,,,,,0,0,0,0,0,0,0,0,1,0,1,0,1,2,0,0,0,0,0,0,272,0,0,0.003
3973,0.618,0.557,0,0.001,0.032,0,0,,0,,,,0,,,,,0,0,0,0,0,0,0,0,1,0,1,0,1,2,0,0,0,0,0,0,272,0,0,0.002
3974,0.727,0.659,0,0.001,0.031,0,0,,0,,,,0,,,,,0,0,0,0,0,0,0,0,1,0,1,0,1,2,0,0,0,0,0,0,272,0,0,0.002
3975,0.709,0.642,0,0.001,0.034,0,0,,0,,,,0,,,,,0,0,0,0,0,0,0,0,1,0,1,0,1,2,0,0,0,0,0,0,272,0,0.001,0.001
3976,0.707,0.643,0,0.001,0.028,0,0,,0,,,,0,,,,,0,0,0,0,0,0,0,0,1,0,1,0,1,2,0,0,0,0,0,0,272,0,0,0.002
3977,0.717,0.652,0,0.001,0.032,0,0,,0,,,,0,,,,,0,0,0,0,0,0,0,0,1,0,1,0,1,2,0,0,0,0,0,0,272,0,0,0.002
3978,0.718,0.641,0.001,0.001,0.032,0,0,,0,,,,0,,,,,0,0,0,0,0,0,0,0,1,0,1,0,1,2,0,0,0,0,0,0,272,0,0,0.003
3979,0.728,0.634,0.001,0.002,0.035,0,0,,0,,,,0,,,,,0,0,0,0,0,0,0,0,1,0,1,0,1,2,0,0,0,0,0,0,272,0,0.001,0.003
3980,1.359,1.213,0,0.004,0.047,0,0,,0,,,,0,,,,,0,0,0,0,0,0,0,0,1,0,1,0,1,2,0,0,0,0,0,0,272,0,0.001,0.006
3981,0.828,0.58,0,0.006,0.086,0,0,,0,,,,0,,,,,0,0,0,0,0,0,0,0,1,0,1,0,1,2,0,0,0,0,0,0,272,0.001,0.002,0.006
3982,0.594,0.373,0,0.003,0.118,0,0,,0,,,,0,,,,,0,0,0,0,0,0,0,0,1,0,1,0,1,2,0,0,0,0,0,0,272,0,0.001,0.005
3983,0.613,0.47,0,0.003,0.056,0,0,,0,,,,0,,,,,0,0,0,0,0,0,0,0,1,0,1,0,1,2,0,0,0,0,0,0,272,0,0,0.005
3984,0.679,0.565,0.001,0.002,0.046,0,0,,0,,,,0,,,,,0,0,0,0,0,0,0,0,1,0,1,0,1,2,0,0,0,0,0,0,272,0,0.001,0.006
3985,1.053,0.872,0.001,0.003,0.073,0,0,,0,,,,0,,,,,0,0,0,0,0,0,0,0,1,0,1,0,1,2,0,0,0,0,0,0,272,0,0.002,0.005
3986,1.322,1.093,0.001,0.005,0.07,0,0,,0,,,,0,,,,,0,0,0,0,0,0,0,0,1,0,1,0,1,2,0,0,0,0,0,0,272,0,0.001,0.008
3987,3.129,2.917,0.001,0.006,0.042,0,0,,0,,,,0,,,,,0,0,0,0,0,0,0,0,1,0,1,0,1,2,0,0,0,0,0,0,272,0.001,0.002,0.01
3988,7.41,7.181,0.001,0.005,0.06,0,0,,0,,,,0,,,,,0,0,0,0,0,0,0,0,1,0,1,0,1,2,0,0,0,0,0,0,272,0,0.002,0.01
3989,1.019,0.743,0.001,0.005,0.101,0,0,,0,,,,0,,,,,0,0,0,0,0,0,0,0,1,0,1,0,1,2,0,0,0,0,0,0,272,0.001,0.002,0.009
3990,0.543,0.386,0,0.001,0.081,0,0,,1,2109.375,229588992,284925952,1,62503872,62503872,135081984,38823561584,0,0,0,0,0,0,0,0,1,0,1,0,1,2,0,0,0,0,0,0,272,0,0.001,0.004
3991,0.73,0.529,0,0.003,0.074,0,0,,0,,,,0,,,,,0,0,0,0,0,0,0,0,1,0,1,0,1,2,0,0,0,0,0,0,272,0,0.001,0.006
3992,0.591,0.485,0.001,0.001,0.046,0,0,,0,,,,0,,,,,0,0,0,0,0,0,0,0,1,0,1,0,1,2,0,0,0,0,0,0,272,0,0.001,0.003
3993,0.729,0.61,0,0.003,0.037,0,0,,0,,,,0,,,,,0,0,0,0,0,0,0,0,1,0,1,0,1,2,0,0,0,0,0,0,272,0,0.001,0.004
3994,0.749,0.586,0,0.003,0.065,0,0,,0,,,,0,,,,,0,0,0,0,0,0,0,0,1,0,1,0,1,2,0,0,0,0,0,0,272,0.001,0.001,0.005
3995,0.665,0.541,0,0.003,0.041,0,0,,0,,,,0,,,,,0,0,0,0,0,0,0,0,1,0,1,0,1,2,0,0,0,0,0,0,272,0.001,0.001,0.004
3996,0.651,0.573,0,0.001,0.027,0,0,,0,,,,0,,,,,0,0,0,0,0,0,0,0,1,0,1,0,1,2,0,0,0,0,0,0,272,0,0,0.003
3997,0.975,0.742,0.001,0.004,0.08,0,0,,0,,,,0,,,,,0,0,0,0,0,0,0,0,1,0,1,0,1,2,0,0,0,0,0,0,272,0,0.002,0.007
3998,0.481,0.335,0,0.003,0.047,0,0,,0,,,,0,,,,,0,0,0,0,0,0,0,0,1,0,1,0,1,2,0,0,0,0,0,0,272,0,0.001,0.005
3999,1.787,1.651,0,0.003,0.042,0,0,,0,,,,0,,,,,0,0,0,0,0,0,0,0,1,0,1,0,1,2,0,0,0,0,0,0,272,0.001,0.001,0.005
4000,0.788,0.631,0,0.003,0.053,0,0,,0,,,,0,,,,,0,0,0,0,0,0,0,0,1,0,1,0,1,2,0,0,0,0,0,0,272,0,0.001,0.007
4001,0.628,0.544,0.001,0.001,0.04,0,0,,0,,,,0,,,,,0,0,0,0,0,0,0,0,1,0,1,0,1,2,0,0,0,0,0,0,272,0,0,0.003
4002,0.756,0.636,0,0.002,0.048,0,0,,0,,,,0,,,,,0,0,0,0,0,0,0,0,1,0,1,0,1,2,0,0,0,0,0,0,272,0,0.001,0.004
4003,0.804,0.6,0,0.004,0.091,0,0,,0,,,,0,,,,,0,0,0,0,0,0,0,0,1,0,1,0,1,2,0,0,0,0,0,0,272,0,0.001,0.006
4004,0.619,0.49,0,0.002,0.049,0,0,,0,,,,0,,,,,0,0,0,0,0,0,0,0,1,0,1,0,1,2,0,0,0,0,0,0,272,0,0.001,0.004
4005,0.716,0.578,0.001,0.002,0.052,0,0,,0,,,,0,,,,,0,0,0,0,0,0,0,0,1,0,1,0,1,2,0,0,0,0,0,0,272,0,0.001,0.004
4006,0.805,0.585,0,0.004,0.116,0,0,,0,,,,0,,,,,0,0,0,0,0,0,0,0,1,0,1,0,1,2,0,0,0,0,0,0,272,0,0.001,0.005
4007,0.634,0.209,0,0.003,0.334,0,0,,0,,,,0,,,,,0,0,0,0,0,0,0,0,1,0,1,0,1,2,0,0,0,0,0,0,272,0,0.001,0.004
4008,0.389,0.256,0,0.004,0.033,0,0,,0,,,,0,,,,,0,0,0,0,0,0,0,0,1,0,1,0,1,2,0,0,0,0,0,0,272,0,0.001,0.004
4009,1.099,0.935,0,0.003,0.068,0,0,,0,,,,0,,,,,0,0,0,0,0,0,0,0,1,0,1,0,1,2,0,0,0,0,0,0,272,0,0,0.004
4010,0.388,0.259,0,0.002,0.055,0,0,,0,,,,0,,,,,0,0,0,0,0,0,0,0,1,0,1,0,1,2,0,0,0,0,0,0,272,0,0,0.004
4011,1.316,1.147,0,0.005,0.061,0,0,,0,,,,0,,,,,0,0,0,0,0,0,0,0,1,0,1,0,1,2,0,0,0,0,0,0,272,0,0.001,0.006
4012,1.242,0.528,0,0.003,0.625,0,0,,0,,,,0,,,,,0,0,0,0,0,0,0,0,1,0,1,0,1,2,0,0,0,0,0,0,272,0.001,0.001,0.005
4013,0.119,0.002,0,0.003,0.024,0,0,,0,,,,0,,,,,0,0,0,0,0,0,0,0,1,0,1,0,1,2,0,0,0,0,0,0,272,0,0.001,0.005
4014,0.86,0.599,0,0.003,0.169,0,0,,0,,,,0,,,,,0,0,0,0,0,0,0,0,1,0,1,0,1,2,0,0,0,0,0,0,272,0,0.001,0.004
4015,1.386,1.2,0,0.005,0.056,0,0,,0,,,,0,,,,,0,0,0,0,0,0,0,0,1,0,1,0,1,2,0,0,0,0,0,0,272,0,0.001,0.006
4016,3.874,3.627,0,0.006,0.066,0,0,,0,,,,0,,,,,0,0,0,0,0,0,0,0,1,0,1,0,1,2,0,0,0,0,0,0,272,0,0.002,0.01
4017,3.515,3.086,0,0.005,0.051,0,0,,0,,,,0,,,,,0,0,0,0,0,0,0,0,1,0,1,0,1,2,0,0,0,0,0,0,272,0.001,0.002,0.01
4018,7.216,6.963,0.001,0.006,0.085,0,0,,0,,,,0,,,,,0,0,0,0,0,0,0,0,1,0,1,0,1,2,0,0,0,0,0,0,272,0,0.002,0.01
4019,4.085,3.908,0.001,0.004,0.052,0,0,,0,,,,0,,,,,0,0,0,0,0,0,0,0,1,0,1,0,1,2,0,0,0,0,0,0,272,0.001,0.002,0.007
4020,3.078,2.81,0.001,0.006,0.093,0,0,,1,2125,229588992,284925952,1,62503872,62503872,135081984,38823561584,0,0,0,0,0,0,0,0,1,0,1,0,1,2,0,0,0,0,0,0,272,0.001,0.001,0.011
4021,0.627,0.536,0,0.002,0.031,0,0,,0,,,,0,,,,,0,0,0,0,0,0,0,0,1,0,1,0,1,2,0,0,0,0,0,0,272,0,0.001,0.004
4022,0.508,0.402,0,0.002,0.046,0,0,,0,,,,0,,,,,0,0,0,0,0,0,0,0,1,0,1,0,1,2,0,0,0,0,0,0,272,0,0.001,0.003
4023,0.365,0.261,0.001,0.001,0.055,0,0,,0,,,,0,,,,,0,0,0,0,0,0,0,0,1,0,1,0,1,2,0,0,0,0,0,0,272,0,0.001,0.003
4024,0.618,0.437,0,0.003,0.042,0,0,,0,,,,0,,,,,0,0,0,0,0,0,0,0,1,0,1,0,1,2,0,0,0,0,0,0,272,0.001,0.001,0.007
4025,0.071,0.009,0,0.001,0.025,0,0,,0,,,,0,,,,,0,0,0,0,0,0,0,0,1,0,1,0,1,2,0,0,0,0,0,0,272,0,0,0.003
4026,0.533,0.369,0,0.002,0.081,0,0,,0,,,,0,,,,,0,0,0,0,0,0,0,0,1,0,1,0,1,2,0,0,0,0,0,0,272,0,0,0.004
4027,0.05,0.001,0,0.001,0.022,0,0,,0,,,,0,,,,,0,0,0,0,0,0,0,0,1,0,1,0,1,2,0,0,0,0,0,0,272,0,0,0.001
4028,0.881,0.632,0,0.002,0.185,0,0,,0,,,,0,,,,,0,0,0,0,0,0,0,0,1,0,1,0,1,2,0,0,0,0,0,0,272,0,0.001,0.003
4029,0.085,0.001,0.001,0.001,0.029,0,0,,0,,,,0,,,,,0,0,0,0,0,0,0,0,1,0,1,0,1,2,0,0,0,0,0,0,272,0,0.001,0.002
4030,0.418,0.246,0,0.001,0.107,0,0,,0,,,,0,,,,,0,0,0,0,0,0,0,0,1,0,1,0,1,2,0,0,0,0,0,0,272,0,0.001,0.003
4031,0.064,0.006,0,0.002,0.022,0,0,,0,,,,0,,,,,0,0,0,0,0,0,0,0,1,0,1,0,1,2,0,0,0,0,0,0,272,0,0.001,0.001
4032,0.906,0.798,0,0.001,0.046,0,0,,0,,,,0,,,,,0,0,0,0,0,0,0,0,1,0,1,0,1,2,0,0,0,0,0,0,272,0,0.001,0.003
4033,0.054,0.001,0.001,0,0.024,0,0,,0,,,,0,,,,,0,0,0,0,0,0,0,0,1,0,1,0,1,2,0,0,0,0,0,0,272,0.001,0,0.001
4034,0.533,0.42,0,0.002,0.042,0,0,,0,,,,0,,,,,0,0,0,0,0,0,0,0,1,0,1,0,1,2,0,0,0,0,0,0,272,0,0,0.004
4035,1.252,1.135,0.001,0.002,0.048,0,0,,0,,,,0,,,,,0,0,0,0,0,0,0,0,1,0,1,0,1,2,0,0,0,0,0,0,272,0,0,0.003
4036,0.339,0.221,0.001,0.002,0.047,0,0,,0,,,,0,,,,,0,0,0,0,0,0,0,0,1,0,1,0,1,2,0,0,0,0,0,0,272,0,0.001,0.003
4037,0.923,0.822,0,0.002,0.044,0,0,,0,,,,0,,,,,0,0,0,0,0,0,0,0,1,0,1,0,1,2,0,0,0,0,0,0,272,0.001,0,0.003
4038,0.385,0.287,0,0.001,0.041,0,0,,0,,,,0,,,,,0,0,0,0,0,0,0,0,1,0,1,0,1,2,0,0,0,0,0,0,272,0,0,0.003
4039,0.96,0.869,0,0.001,0.036,0,0,,0,,,,0,,,,,0,0,0,0,0,0,0,0,1,0,1,0,1,2,0,0,0,0,0,0,272,0,0,0.002
4040,0.44,0.339,0,0.002,0.044,0,0,,0,,,,0,,,,,0,0,0,0,0,0,0,0,1,0,1,0,1,2,0,0,0,0,0,0,272,0,0,0.002
4041,0.614,0.502,0.001,0.001,0.046,0,0,,0,,,,0,,,,,0,0,0,0,0,0,0,0,1,0,1,0,1,2,0,0,0,0,0,0,272,0,0.001,0.003
4042,0.695,0.565,0,0.003,0.043,0,0,,0,,,,0,,,,,0,0,0,0,0,0,0,0,1,0,1,0,1,2,0,0,0,0,0,0,272,0.001,0,0.004
4043,1.084,0.896,0.001,0.004,0.046,0,0,,0,,,,0,,,,,0,0,0,0,0,0,0,0,1,0,1,0,1,2,0,0,0,0,0,0,272,0.001,0.002,0.007
4044,1.455,1.191,0.001,0.004,0.111,0,0,,0,,,,0,,,,,0,0,0,0,0,0,0,0,1,0,1,0,1,2,0,0,0,0,0,0,272,0,0.001,0.007
4045,0.408,0.002,0,0.002,0.335,0,0,,0,,,,0,,,,,0,0,0,0,0,0,0,0,1,0,1,0,1,2,0,0,0,0,0,0,272,0,0.001,0.003
4046,0.268,0.194,0,0.001,0.029,0,0,,0,,,,0,,,,,0,0,0,0,0,0,0,0,1,0,1,0,1,2,0,0,0,0,0,0,272,0,0,0.002
4047,0.955,0.709,0,0.003,0.112,0,0,,0,,,,0,,,,,0,0,0,0,0,0,0,0,1,0,1,0,1,2,0,0,0,0,0,0,272,0,0.001,0.006
4048,0.392,0.001,0,0.001,0.324,0,0,,0,,,,0,,,,,0,0,0,0,0,0,0,0,1,0,1,0,1,2,0,0,0,0,0,0,272,0.001,0,0.003
4049,0.292,0.198,0,0.002,0.037,0,0,,0,,,,0,,,,,0,0,0,0,0,0,0,0,1,0,1,0,1,2,0,0,0,0,0,0,272,0,0,0.002
4050,0.79,0.573,0,0.004,0.097,0,0,,1,2140.625,229588992,284925952,1,62503872,62503872,135081984,38823561584,0,0,0,0,0,0,0,0,1,0,1,0,1,2,0,0,0,0,0,0,272,0.001,0.001,0.006
4051,0.468,0.386,0,0.002,0.033,0,0,,0,,,,0,,,,,0,0,0,0,0,0,0,0,1,0,1,0,1,2,0,0,0,0,0,0,272,0,0.001,0.002
4052,0.792,0.616,0,0.003,0.084,0,0,,0,,,,0,,,,,0,0,0,0,0,0,0,0,1,0,1,0,1,2,0,0,0,0,0,0,272,0,0.001,0.004
4053,0.654,0.477,0,0.002,0.087,0,0,,0,,,,0,,,,,0,0,0,0,0,0,0,0,1,0,1,0,1,2,0,0,0,0,0,0,272,0,0.001,0.004
4054,0.529,0.467,0,0.001,0.029,0,0,,0,,,,0,,,,,0,0,0,0,0,0,0,0,1,0,1,0,1,2,0,0,0,0,0,0,272,0.001,0,0.001
4055,0.801,0.599,0.001,0.004,0.059,0,0,,0,,,,0,,,,,0,0,0,0,0,0,0,0,1,0,1,0,1,2,0,0,0,0,0,0,272,0.001,0.001,0.007
4056,0.63,0.461,0.001,0.002,0.077,0,0,,0,,,,0,,,,,0,0,0,0,0,0,0,0,1,0,1,0,1,2,0,0,0,0,0,0,272,0,0.001,0.005
4057,0.566,0.475,0,0.001,0.047,0,0,,0,,,,0,,,,,0,0,0,0,0,0,0,0,1,0,1,0,1,2,0,0,0,0,0,0,272,0,0.001,0.002
4058,1.451,1.27,0,0.003,0.077,0,0,,0,,,,0,,,,,0,0,0,0,0,0,0,0,1,0,1,0,1,2,0,0,0,0,0,0,272,0,0,0.005
4059,0.501,0.418,0,0.002,0.037,0,0,,0,,,,0,,,,,0,0,0,0,0,0,0,0,1,0,1,0,1,2,0,0,0,0,0,0,272,0.001,0,0.003
4060,0.779,0.589,0.001,0.003,0.061,0,0,,0,,,,0,,,,,0,0,0,0,0,0,0,0,1,0,1,0,1,2,0,0,0,0,0,0,272,0,0,0.006
4061,0.557,0.408,0,0.002,0.073,0,0,,0,,,,0,,,,,0,0,0,0,0,0,0,0,1,0,1,0,1,2,0,0,0,0,0,0,272,0.001,0,0.004
4062,0.7,0.56,0.001,0.001,0.072,0,0,,0,,,,0,,,,,0,0,0,0,0,0,0,0,1,0,1,0,1,2,0,0,0,0,0,0,272,0,0,0.004
4063,0.656,0.505,0.001,0.002,0.073,0,0,,0,,,,0,,,,,0,0,0,0,0,0,0,0,1,0,1,0,1,2,0,0,0,0,0,0,272,0,0,0.004
4064,0.624,0.505,0,0.003,0.045,0,0,,0,,,,0,,,,,0,0,0,0,0,0,0,0,1,0,1,0,1,2,0,0,0,0,0,0,272,0,0.001,0.004
4065,0.769,0.53,0,0.003,0.06,0,0,,0,,,,0,,,,,0,0,0,0,0,0,0,0,1,0,1,0,1,2,0,0,0,0,0,0,272,0,0.001,0.006
4066,0.469,0.387,0.001,0.001,0.028,0,0,,0,,,,0,,,,,0,0,0,0,0,0,0,0,1,0,1,0,1,2,0,0,0,0,0,0,272,0,0.001,0.003
4067,1.185,0.943,0.001,0.004,0.098,0,0,,0,,,,0,,,,,0,0,0,0,0,0,0,0,1,0,1,0,1,2,0,0,0,0,0,0,272,0,0.002,0.008
4068,0.309,0.099,0.001,0,0.176,0,0,,0,,,,0,,,,,0,0,0,0,0,0,0,0,1,0,1,0,1,2,0,0,0,0,0,0,272,0,0,0.002
4069,0.235,0.181,0,0.001,0.025,0,0,,0,,,,0,,,,,0,0,0,0,0,0,0,0,1,0,1,0,1,2,0,0,0,0,0,0,272,0,0,0.001
4070,0.413,0.355,0,0.001,0.03,0,0,,0,,,,0,,,,,0,0,0,0,0,0,0,0,1,0,1,0,1,2,0,0,0,0,0,0,272,0,0,0.001
4071,0.378,0.275,0,0.002,0.061,0,0,,0,,,,0,,,,,0,0,0,0,0,0,0,0,1,0,1,0,1,2,0,0,0,0,0,0,272,0,0.001,0.002
4072,0.369,0.283,0,0.001,0.054,0,0,,0,,,,0,,,,,0,0,0,0,0,0,0,0,1,0,1,0,1,2,0,0,0,0,0,0,272,0,0,0.002
4073,0.474,0.337,0,0.001,0.075,0,0,,0,,,,0,,,,,0,0,0,0,0,0,0,0,1,0,1,0,1,2,0,0,0,0,0,0,272,0.001,0,0.003
4074,0.381,0.311,0,0.002,0.024,0,0,,0,,,,0,,,,,0,0,0,0,0,0,0,0,1,0,1,0,1,2,0,0,0,0,0,0,272,0.001,0,0.003
4075,0.329,0.238,0,0.001,0.042,0,0,,0,,,,0,,,,,0,0,0,0,0,0,0,0,1,0,1,0,1,2,0,0,0,0,0,0,272,0.001,0,0.003
4076,0.401,0.308,0,0.001,0.042,0,0,,0,,,,0,,,,,0,0,0,0,0,0,0,0,1,0,1,0,1,2,0,0,0,0,0,0,272,0,0,0.003
4077,0.384,0.261,0,0.001,0.081,0,0,,0,,,,0,,,,,0,0,0,0,0,0,0,0,1,0,1,0,1,2,0,0,0,0,0,0,272,0,0,0.002
4078,0.329,0.256,0,0.001,0.029,0,0,,0,,,,0,,,,,0,0,0,0,0,0,0,0,1,0,1,0,1,2,0,0,0,0,0,0,272,0,0,0.003
4079,1.521,1.405,0,0.003,0.045,0,0,,0,,,,0,,,,,0,0,0,0,0,0,0,0,1,0,1,0,1,2,0,0,0,0,0,0,272,0,0.001,0.005
4080,1.701,1.601,0,0.002,0.039,0,0,,1,2156.25,229588992,284925952,1,62503872,62503872,135081984,38823561584,0,0,0,0,0,0,0,0,1,0,1,0,1,2,0,0,0,0,0,0,272,0,0.001,0.004
4081,1.682,1.57,0,0.002,0.039,0,0,,0,,,,0,,,,,0,0,0,0,0,0,0,0,1,0,1,0,1,2,0,0,0,0,0,0,272,0,0,0.004
4082,3.204,3.094,0.001,0.002,0.045,0,0,,0,,,,0,,,,,0,0,0,0,0,0,0,0,1,0,1,0,1,2,0,0,0,0,0,0,272,0,0,0.004
4083,1.109,0.983,0,0.003,0.045,0,0,,0,,,,0,,,,,0,0,0,0,0,0,0,0,1,0,1,0,1,2,0,0,0,0,0,0,272,0.001,0.001,0.004
4084,0.683,0.565,0,0.002,0.048,0,0,,0,,,,0,,,,,0,0,0,0,0,0,0,0,1,0,1,0,1,2,0,0,0,0,0,0,272,0,0.001,0.004
4085,0.543,0.318,0,0.002,0.166,0,0,,0,,,,0,,,,,0,0,0,0,0,0,0,0,1,0,1,0,1,2,0,0,0,0,0,0,272,0,0,0.003
4086,0.414,0.322,0.001,0.001,0.03,0,0,,0,,,,0,,,,,0,0,0,0,0,0,0,0,1,0,1,0,1,2,0,0,0,0,0,0,272,0,0.001,0.002
4087,0.628,0.563,0,0.001,0.023,0,0,,0,,,,0,,,,,0,0,0,0,0,0,0,0,1,0,1,0,1,2,0,0,0,0,0,0,272,0,0,0.002
4088,1.489,1.379,0,0.002,0.043,0,0,,0,,,,0,,,,,0,0,0,0,0,0,0,0,1,0,1,0,1,2,0,0,0,0,0,0,272,0.001,0.001,0.003
4089,1.051,0.876,0,0.003,0.079,0,0,,0,,,,0,,,,,0,0,0,0,0,0,0,0,1,0,1,0,1,2,0,0,0,0,0,0,272,0,0.001,0.004
4090,0.427,0.285,0.001,0.003,0.042,0,0,,0,,,,0,,,,,0,0,0,0,0,0,0,0,1,0,1,0,1,2,0,0,0,0,0,0,272,0.001,0.001,0.005
4091,0.676,0.568,0,0.002,0.043,0,0,,0,,,,0,,,,,0,0,0,0,0,0,0,0,1,0,1,0,1,2,0,0,0,0,0,0,272,0,0.001,0.003
4092,0.713,0.584,0,0.002,0.052,0,0,,0,,,,0,,,,,0,0,0,0,0,0,0,0,1,0,1,0,1,2,0,0,0,0,0,0,272,0.001,0.001,0.004
4093,0.701,0.567,0,0.003,0.048,0,0,,0,,,,0,,,,,0,0,0,0,0,0,0,0,1,0,1,0,1,2,0,0,0,0,0,0,272,0,0.001,0.005
4094,0.652,0.559,0,0.002,0.038,0,0,,0,,,,0,,,,,0,0,0,0,0,0,0,0,1,0,1,0,1,2,0,0,0,0,0,0,272,0,0,0.003
4095,0.717,0.614,0.001,0.002,0.042,0,0,,0,,,,0,,,,,0,0,0,0,0,0,0,0,1,0,1,0,1,2,0,0,0,0,0,0,272,0,0,0.004
4096,0.703,0.621,0,0.002,0.033,0,0,,0,,,,0,,,,,0,0,0,0,0,0,0,0,1,0,1,0,1,2,0,0,0,0,0,0,272,0.001,0,0.003
4097,0.754,0.63,0,0.002,0.052,0,0,,0,,,,0,,,,,0,0,0,0,0,0,0,0,1,0,1,0,1,2,0,0,0,0,0,0,272,0,0.001,0.003
4098,0.67,0.573,0,0.002,0.041,0,0,,0,,,,0,,,,,0,0,0,0,0,0,0,0,1,0,1,0,1,2,0,0,0,0,0,0,272,0,0.001,0.003
4099,0.616,0.524,0,0.002,0.037,0,0,,0,,,,0,,,,,0,0,0,0,0,0,0,0,1,0,1,0,1,2,0,0,0,0,0,0,272,0,0.001,0.003
4100,0.951,0.721,0,0.005,0.084,0,0,,0,,,,0,,,,,0,0,0,0,0,0,0,0,1,0,1,0,1,2,0,0,0,0,0,0,272,0,0.001,0.007
4101,1.577,1.326,0.001,0.004,0.112,0,0,,0,,,,0,,,,,0,0,0,0,0,0,0,0,1,0,1,0,1,2,0,0,0,0,0,0,272,0.001,0.001,0.007
4102,0.627,0.28,0,0.004,0.246,0,0,,0,,,,0,,,,,0,0,0,0,0,0,0,0,1,0,1,0,1,2,0,0,0,0,0,0,272,0,0.002,0.005
4103,0.391,0.298,0,0.002,0.033,0,0,,0,,,,0,,,,,0,0,0,0,0,0,0,0,1,0,1,0,1,2,0,0,0,0,0,0,272,0,0.001,0.003
4104,1.322,1.077,0,0.004,0.106,0,0,,0,,,,0,,,,,0,0,0,0,0,0,0,0,1,0,1,0,1,2,0,0,0,0,0,0,272,0.001,0.002,0.006
4105,0.688,0.001,0.001,0.001,0.621,0,0,,0,,,,0,,,,,0,0,0,0,0,0,0,0,1,0,1,0,1,2,0,0,0,0,0,0,272,0,0,0.003
4106,0.191,0.002,0,0.004,0.065,0,0,,0,,,,0,,,,,0,0,0,0,0,0,0,0,1,0,1,0,1,2,0,0,0,0,0,0,272,0,0.001,0.005
4107,0.756,0.434,0,0.005,0.167,0,0,,0,,,,0,,,,,0,0,0,0,0,0,0,0,1,0,1,0,1,2,0,0,0,0,0,0,272,0,0.001,0.006
4108,0.586,0.002,0.001,0.003,0.461,0,0,,0,,,,0,,,,,0,0,0,0,0,0,0,0,1,0,1,0,1,2,0,0,0,0,0,0,272,0.001,0.003,0.007
4109,0.672,0.538,0.001,0.003,0.047,0,0,,0,,,,0,,,,,0,0,0,0,0,0,0,0,1,0,1,0,1,2,0,0,0,0,0,0,272,0,0.001,0.005
4110,2.252,1.944,0,0.005,0.131,0,0,,1,2171.875,229593088,284991488,1,62503872,62503872,135081984,38823561584,0,0,0,0,0,0,0,0,1,0,1,0,1,2,0,0,0,0,0,0,272,0,0.002,0.008
4111,0.652,0.498,0,0.003,0.058,0,0,,0,,,,0,,,,,0,0,0,0,0,0,0,0,1,0,1,0,1,2,0,0,0,0,0,0,272,0,0,0.005
4112,1.714,1.451,0,0.004,0.11,0,0,,0,,,,0,,,,,0,0,0,0,0,0,0,0,1,0,1,0,1,2,0,0,0,0,0,0,272,0.001,0.002,0.008
4113,1.122,1.021,0,0.002,0.042,0,0,,0,,,,0,,,,,0,0,0,0,0,0,0,0,1,0,1,0,1,2,0,0,0,0,0,0,272,0.001,0,0.003
4114,1.009,0.909,0,0.002,0.043,0,0,,0,,,,0,,,,,0,0,0,0,0,0,0,0,1,0,1,0,1,2,0,0,0,0,0,0,272,0,0.001,0.003
4115,1.296,1.184,0,0.002,0.045,0,0,,0,,,,0,,,,,0,0,0,0,0,0,0,0,1,0,1,0,1,2,0,0,0,0,0,0,272,0.001,0,0.004
4116,2.474,2.387,0,0.002,0.031,0,0,,0,,,,0,,,,,0,0,0,0,0,0,0,0,1,0,1,0,1,2,0,0,0,0,0,0,272,0,0,0.003
4117,0.775,0.719,0,0.001,0.025,0,0,,0,,,,0,,,,,0,0,0,0,0,0,0,0,1,0,1,0,1,2,0,0,0,0,0,0,272,0,0,0.002
4118,0.785,0.736,0,0.001,0.023,0,0,,0,,,,0,,,,,0,0,0,0,0,0,0,0,1,0,1,0,1,2,0,0,0,0,0,0,272,0,0,0.002
4119,0.779,0.735,0,0.001,0.02,0,0,,0,,,,0,,,,,0,0,0,0,0,0,0,0,1,0,1,0,1,2,0,0,0,0,0,0,272,0,0,0.002
4120,1.204,1.091,0,0.002,0.048,0,0,,0,,,,0,,,,,0,0,0,0,0,0,0,0,1,0,1,0,1,2,0,0,0,0,0,0,272,0,0,0.004
4121,0.389,0.299,0,0.002,0.04,0,0,,0,,,,0,,,,,0,0,0,0,0,0,0,0,1,0,1,0,1,2,0,0,0,0,0,0,272,0,0,0.003
4122,0.775,0.679,0,0.002,0.031,0,0,,0,,,,0,,,,,0,0,0,0,0,0,0,0,1,0,1,0,1,2,0,0,0,0,0,0,272,0,0.001,0.003
4123,0.725,0.645,0,0.001,0.029,0,0,,0,,,,0,,,,,0,0,0,0,0,0,0,0,1,0,1,0,1,2,0,0,0,0,0,0,272,0,0,0.003
4124,1.507,1.406,0.001,0.001,0.043,0,0,,0,,,,0,,,,,0,0,0,0,0,0,0,0,1,0,1,0,1,2,0,0,0,0,0,0,272,0,0.001,0.003
4125,0.858,0.739,0.001,0.002,0.044,0,0,,0,,,,0,,,,,0,0,0,0,0,0,0,0,1,0,1,0,1,2,0,0,0,0,0,0,272,0,0,0.004
4126,0.717,0.652,0,0.001,0.026,0,0,,0,,,,0,,,,,0,0,0,0,0,0,0,0,1,0,1,0,1,2,0,0,0,0,0,0,272,0,0.001,0.002
4127,0.79,0.718,0,0.002,0.027,0,0,,0,,,,0,,,,,0,0,0,0,0,0,0,0,1,0,1,0,1,2,0,0,0,0,0,0,272,0,0,0.002
4128,0.774,0.702,0,0.001,0.03,0,0,,0,,,,0,,,,,0,0,0,0,0,0,0,0,1,0,1,0,1,2,0,0,0,0,0,0,272,0,0.001,0.002
4129,1.047,0.924,0,0.002,0.053,0,0,,0,,,,0,,,,,0,0,0,0,0,0,0,0,1,0,1,0,1,2,0,0,0,0,0,0,272,0,0.001,0.003
4130,1.024,0.903,0,0.003,0.049,0,0,,0,,,,0,,,,,0,0,0,0,0,0,0,0,1,0,1,0,1,2,0,0,0,0,0,0,272,0,0.001,0.004
4131,0.291,0.127,0,0.001,0.128,0,0,,0,,,,0,,,,,0,0,0,0,0,0,0,0,1,0,1,0,1,2,0,0,0,0,0,0,272,0,0,0.002
4132,0.678,0.589,0,0.002,0.033,0,0,,0,,,,0,,,,,0,0,0,0,0,0,0,0,1,0,1,0,1,2,0,0,0,0,0,0,272,0,0.001,0.003
4133,0.809,0.721,0,0.002,0.036,0,0,,0,,,,0,,,,,0,0,0,0,0,0,0,0,1,0,1,0,1,2,0,0,0,0,0,0,272,0,0.001,0.003
4134,1.913,1.846,0,0.001,0.027,0,0,,0,,,,0,,,,,0,0,0,0,0,0,0,0,1,0,1,0,1,2,0,0,0,0,0,0,272,0,0.001,0.002
4135,1.394,1.293,0,0.003,0.032,0,0,,0,,,,0,,,,,0,0,0,0,0,0,0,0,1,0,1,0,1,2,0,0,0,0,0,0,272,0,0.001,0.003
4136,1.447,1.284,0,0.004,0.048,0,0,,0,,,,0,,,,,0,0,0,0,0,0,0,0,1,0,1,0,1,2,0,0,0,0,0,0,272,0.001,0.002,0.005
4137,1.226,1.117,0,0.002,0.035,0,0,,0,,,,0,,,,,0,0,0,0,0,0,0,0,1,0,1,0,1,2,0,0,0,0,0,0,272,0,0.001,0.003
4138,1.415,1.257,0,0.003,0.057,0,0,,0,,,,0,,,,,0,0,0,0,0,0,0,0,1,0,1,0,1,2,0,0,0,0,0,0,272,0,0,0.006
4139,1.183,1.039,0.001,0.003,0.035,0,0,,0,,,,0,,,,,0,0,0,0,0,0,0,0,1,0,1,0,1,2,0,0,0,0,0,0,272,0,0.001,0.005
4140,2.43,2.333,0,0.002,0.037,0,0,,1,2171.875,229658624,284991488,1,62503872,62503872,135081984,38823561584,0,0,0,0,0,0,0,0,1,0,1,0,1,2,0,0,0,0,0,0,272,0,0.001,0.003
4141,1.275,1.204,0,0.001,0.034,0,0,,0,,,,0,,,,,0,0,0,0,0,0,0,0,1,0,1,0,1,2,0,0,0,0,0,0,272,0,0,0.002
4142,1.524,1.355,0.001,0.004,0.041,0,0,,0,,,,0,,,,,0,0,0,0,0,0,0,0,1,0,1,0,1,2,0,0,0,0,0,0,272,0,0.001,0.007
4143,1.182,1.093,0,0.002,0.029,0,0,,0,,,,0,,,,,0,0,0,0,0,0,0,0,1,0,1,0,1,2,0,0,0,0,0,0,272,0,0.001,0.003
4144,0.778,0.643,0.001,0.002,0.041,0,0,,0,,,,0,,,,,0,0,0,0,0,0,0,0,1,0,1,0,1,2,0,0,0,0,0,0,272,0.001,0.001,0.004
4145,0.625,0.547,0,0.001,0.031,0,0,,0,,,,0,,,,,0,0,0,0,0,0,0,0,1,0,1,0,1,2,0,0,0,0,0,0,272,0,0.001,0.002
4146,0.735,0.662,0,0.001,0.039,0,0,,0,,,,0,,,,,0,0,0,0,0,0,0,0,1,0,1,0,1,2,0,0,0,0,0,0,272,0,0,0.002
4147,1.5,1.301,0,0.005,0.055,0,0,,0,,,,0,,,,,0,0,0,0,0,0,0,0,1,0,1,0,1,2,0,0,0,0,0,0,272,0,0.001,0.008
4148,0.652,0.575,0.001,0.002,0.024,0,0,,0,,,,0,,,,,0,0,0,0,0,0,0,0,1,0,1,0,1,2,0,0,0,0,0,0,272,0,0.001,0.002
4149,0.727,0.627,0,0.002,0.051,0,0,,0,,,,0,,,,,0,0,0,0,0,0,0,0,1,0,1,0,1,2,0,0,0,0,0,0,272,0,0.001,0.002
4150,0.726,0.599,0,0.003,0.037,0,0,,0,,,,0,,,,,0,0,0,0,0,0,0,0,1,0,1,0,1,2,0,0,0,0,0,0,272,0.001,0.001,0.006
4151,0.845,0.59,0,0.002,0.18,0,0,,0,,,,0,,,,,0,0,0,0,0,0,0,0,1,0,1,0,1,2,0,0,0,0,0,0,272,0,0.001,0.003
4152,0.601,0.441,0.001,0.002,0.071,0,0,,0,,,,0,,,,,0,0,0,0,0,0,0,0,1,0,1,0,1,2,0,0,0,0,0,0,272,0,0.001,0.004
4153,0.633,0.534,0,0.002,0.038,0,0,,0,,,,0,,,,,0,0,0,0,0,0,0,0,1,0,1,0,1,2,0,0,0,0,0,0,272,0,0,0.004
4154,0.738,0.598,0,0.003,0.026,0,0,,0,,,,0,,,,,0,0,0,0,0,0,0,0,1,0,1,0,1,2,0,0,0,0,0,0,272,0.001,0.001,0.006
4155,0.623,0.526,0,0.003,0.024,0,0,,0,,,,0,,,,,0,0,0,0,0,0,0,0,1,0,1,0,1,2,0,0,0,0,0,0,272,0,0,0.004
4156,1.421,1.307,0,0.003,0.046,0,0,,0,,,,0,,,,,0,0,0,0,0,0,0,0,1,0,1,0,1,2,0,0,0,0,0,0,272,0,0.001,0.004
4157,0.683,0.611,0,0.002,0.033,0,0,,0,,,,0,,,,,0,0,0,0,0,0,0,0,1,0,1,0,1,2,0,0,0,0,0,0,272,0,0.001,0.002
4158,0.719,0.633,0.001,0.001,0.035,0,0,,0,,,,0,,,,,0,0,0,0,0,0,0,0,1,0,1,0,1,2,0,0,0,0,0,0,272,0,0.001,0.002
4159,0.72,0.629,0.001,0.001,0.046,0,0,,0,,,,0,,,,,0,0,0,0,0,0,0,0,1,0,1,0,1,2,0,0,0,0,0,0,272,0,0,0.002
4160,0.804,0.647,0,0.003,0.046,0,0,,0,,,,0,,,,,0,0,0,0,0,0,0,0,1,0,1,0,1,2,0,0,0,0,0,0,272,0,0.001,0.005
4161,0.734,0.622,0,0.002,0.036,0,0,,0,,,,0,,,,,0,0,0,0,0,0,0,0,1,0,1,0,1,2,0,0,0,0,0,0,272,0,0.001,0.003
4162,0.743,0.668,0,0.001,0.037,0,0,,0,,,,0,,,,,0,0,0,0,0,0,0,0,1,0,1,0,1,2,0,0,0,0,0,0,272,0,0,0.002
4163,0.766,0.704,0.001,0.001,0.031,0,0,,0,,,,0,,,,,0,0,0,0,0,0,0,0,1,0,1,0,1,2,0,0,0,0,0,0,272,0,0.001,0.001
4164,0.874,0.738,0,0.003,0.041,0,0,,0,,,,0,,,,,0,0,0,0,0,0,0,0,1,0,1,0,1,2,0,0,0,0,0,0,272,0,0,0.004
4165,0.76,0.637,0.001,0.002,0.038,0,0,,0,,,,0,,,,,0,0,0,0,0,0,0,0,1,0,1,0,1,2,0,0,0,0,0,0,272,0,0.001,0.004
4166,0.767,0.668,0,0.002,0.037,0,0,,0,,,,0,,,,,0,0,0,0,0,0,0,0,1,0,1,0,1,2,0,0,0,0,0,0,272,0,0,0.004
4167,1.487,1.412,0,0.001,0.033,0,0,,0,,,,0,,,,,0,0,0,0,0,0,0,0,1,0,1,0,1,2,0,0,0,0,0,0,272,0,0,0.002
4168,0.896,0.71,0,0.003,0.06,0,0,,0,,,,0,,,,,0,0,0,0,0,0,0,0,1,0,1,0,1,2,0,0,0,0,0,0,272,0,0.001,0.006
4169,0.68,0.578,0,0.002,0.04,0,0,,0,,,,0,,,,,0,0,0,0,0,0,0,0,1,0,1,0,1,2,0,0,0,0,0,0,272,0,0.001,0.003
4170,0.771,0.681,0.001,0.001,0.05,0,0,,1,2171.875,229658624,284991488,1,62503872,62503872,135081984,38823561584,0,0,0,0,0,0,0,0,1,0,1,0,1,2,0,0,0,0,0,0,272,0,0,0.002
4171,1.45,1.285,0.001,0.003,0.061,0,0,,0,,,,0,,,,,0,0,0,0,0,0,0,0,1,0,1,0,1,2,0,0,0,0,0,0,272,0.001,0.001,0.005
4172,0.385,0.286,0,0.002,0.033,0,0,,0,,,,0,,,,,0,0,0,0,0,0,0,0,1,0,1,0,1,2,0,0,0,0,0,0,272,0,0,0.003
4173,0.765,0.672,0,0.002,0.027,0,0,,0,,,,0,,,,,0,0,0,0,0,0,0,0,1,0,1,0,1,2,0,0,0,0,0,0,272,0,0.001,0.003
4174,1.001,0.846,0,0.003,0.041,0,0,,0,,,,0,,,,,0,0,0,0,0,0,0,0,1,0,1,0,1,2,0,0,0,0,0,0,272,0,0.001,0.006
4175,1.259,1.175,0,0.001,0.024,0,0,,0,,,,0,,,,,0,0,0,0,0,0,0,0,1,0,1,0,1,2,0,0,0,0,0,0,272,0,0.001,0.003
4176,1.159,1.003,0,0.003,0.041,0,0,,0,,,,0,,,,,0,0,0,0,0,0,0,0,1,0,1,0,1,2,0,0,0,0,0,0,272,0.001,0.001,0.006
4177,1.159,1.059,0.001,0.002,0.046,0,0,,0,,,,0,,,,,0,0,0,0,0,0,0,0,1,0,1,0,1,2,0,0,0,0,0,0,272,0,0,0.003
4178,0.836,0.708,0,0.002,0.039,0,0,,0,,,,0,,,,,0,0,0,0,0,0,0,0,1,0,1,0,1,2,0,0,0,0,0,0,272,0,0.001,0.004
4179,0.726,0.65,0,0.001,0.036,0,0,,0,,,,0,,,,,0,0,0,0,0,0,0,0,1,0,1,0,1,2,0,0,0,0,0,0,272,0,0,0.002
4180,0.772,0.702,0,0.001,0.037,0,0,,0,,,,0,,,,,0,0,0,0,0,0,0,0,1,0,1,0,1,2,0,0,0,0,0,0,272,0,0,0.001
4181,0.79,0.72,0,0.001,0.04,0,0,,0,,,,0,,,,,0,0,0,0,0,0,0,0,1,0,1,0,1,2,0,0,0,0,0,0,272,0,0,0.002
4182,0.771,0.662,0.001,0.004,0.028,0,0,,0,,,,0,,,,,0,0,0,0,0,0,0,0,1,0,1,0,1,2,0,0,0,0,0,0,272,0,0.001,0.003
4183,0.65,0.59,0,0.001,0.025,0,0,,0,,,,0,,,,,0,0,0,0,0,0,0,0,1,0,1,0,1,2,0,0,0,0,0,0,272,0,0.001,0.002
4184,0.686,0.65,0,0.001,0.016,0,0,,0,,,,0,,,,,0,0,0,0,0,0,0,0,1,0,1,0,1,2,0,0,0,0,0,0,272,0,0,0.001
4185,1.486,1.402,0,0.002,0.027,0,0,,0,,,,0,,,,,0,0,0,0,0,0,0,0,1,0,1,0,1,2,0,0,0,0,0,0,272,0,0.001,0.003
4186,0.736,0.629,0,0.002,0.04,0,0,,0,,,,0,,,,,0,0,0,0,0,0,0,0,1,0,1,0,1,2,0,0,0,0,0,0,272,0,0,0.004
4187,1.193,1.013,0,0.003,0.068,0,0,,0,,,,0,,,,,0,0,0,0,0,0,0,0,1,0,1,0,1,2,0,0,0,0,0,0,272,0,0.002,0.005
4188,0.301,0.074,0,0.002,0.141,0,0,,0,,,,0,,,,,0,0,0,0,0,0,0,0,1,0,1,0,1,2,0,0,0,0,0,0,272,0.001,0.001,0.004
4189,0.495,0.444,0,0.001,0.018,0,0,,0,,,,0,,,,,0,0,0,0,0,0,0,0,1,0,1,0,1,2,0,0,0,0,0,0,272,0,0,0.002
4190,1.068,0.927,0,0.003,0.049,0,0,,0,,,,0,,,,,0,0,0,0,0,0,0,0,1,0,1,0,1,2,0,0,0,0,0,0,272,0,0.001,0.004
4191,0.836,0.342,0,0.004,0.35,0,0,,0,,,,0,,,,,0,0,0,0,0,0,0,0,1,0,1,0,1,2,0,0,0,0,0,0,272,0.001,0.002,0.007
4192,0.332,0.136,0,0.002,0.116,0,0,,0,,,,0,,,,,0,0,0,0,0,0,0,0,1,0,1,0,1,2,0,0,0,0,0,0,272,0,0.001,0.004
4193,0.59,0.491,0,0.002,0.027,0,0,,0,,,,0,,,,,0,0,0,0,0,0,0,0,1,0,1,0,1,2,0,0,0,0,0,0,272,0,0.001,0.004
4194,1.694,1.522,0.001,0.003,0.065,0,0,,0,,,,0,,,,,0,0,0,0,0,0,0,0,1,0,1,0,1,2,0,0,0,0,0,0,272,0,0.001,0.006
4195,0.864,0.308,0.001,0.005,0.399,0,0,,0,,,,0,,,,,0,0,0,0,0,0,0,0,1,0,1,0,1,2,0,0,0,0,0,0,272,0.001,0.002,0.007
4196,1.007,0.359,0,0.003,0.552,0,0,,0,,,,0,,,,,0,0,0,0,0,0,0,0,1,0,1,0,1,2,0,0,0,0,0,0,272,0,0.001,0.005
4197,0.424,0.001,0,0.002,0.353,0,0,,0,,,,0,,,,,0,0,0,0,0,0,0,0,1,0,1,0,1,2,0,0,0,0,0,0,272,0,0.001,0.003
4198,0.277,0.106,0,0.003,0.059,0,0,,0,,,,0,,,,,0,0,0,0,0,0,0,0,1,0,1,0,1,2,0,0,0,0,0,0,272,0,0.001,0.005
4199,0.619,0.511,0,0.001,0.041,0,0,,0,,,,0,,,,,0,0,0,0,0,0,0,0,1,0,1,0,1,2,0,0,0,0,0,0,272,0,0.001,0.003
4200,0.718,0.601,0,0.002,0.038,0,0,,1,2187.5,229662720,284991488,1,62503872,62503872,135081984,38823561584,0,0,0,0,0,0,0,0,1,0,1,0,1,2,0,0,0,0,0,0,272,0,0,0.004
4201,0.753,0.581,0,0.003,0.05,0,0,,0,,,,0,,,,,0,0,0,0,0,0,0,0,1,0,1,0,1,2,0,0,0,0,0,0,272,0,0.001,0.005
4202,0.993,0.512,0,0.003,0.404,0,0,,0,,,,0,,,,,0,0,0,0,0,0,0,0,1,0,1,0,1,2,0,0,0,0,0,0,272,0,0.001,0.004
4203,0.462,0.308,0.001,0.002,0.024,0,0,,0,,,,0,,,,,0,0,0,0,0,0,0,0,1,0,1,0,1,2,0,0,0,0,0,0,272,0,0.001,0.004
4204,0.583,0.472,0,0.003,0.034,0,0,,0,,,,0,,,,,0,0,0,0,0,0,0,0,1,0,1,0,1,2,0,0,0,0,0,0,272,0,0,0.004
4205,0.729,0.612,0,0.003,0.035,0,0,,0,,,,0,,,,,0,0,0,0,0,0,0,0,1,0,1,0,1,2,0,0,0,0,0,0,272,0,0.001,0.004
4206,0.71,0.596,0,0.002,0.051,0,0,,0,,,,0,,,,,0,0,0,0,0,0,0,0,1,0,1,0,1,2,0,0,0,0,0,0,272,0,0,0.004
4207,0.672,0.594,0,0.001,0.03,0,0,,0,,,,0,,,,,0,0,0,0,0,0,0,0,1,0,1,0,1,2,0,0,0,0,0,0,272,0,0.001,0.002
4208,1.012,0.773,0.001,0.004,0.1,0,0,,0,,,,0,,,,,0,0,0,0,0,0,0,0,1,0,1,0,1,2,0,0,0,0,0,0,272,0,0.001,0.007
4209,0.462,0.378,0,0.002,0.025,0,0,,0,,,,0,,,,,0,0,0,0,0,0,0,0,1,0,1,0,1,2,0,0,0,0,0,0,272,0.001,0,0.003
4210,2.539,2.405,0,0.003,0.038,0,0,,0,,,,0,,,,,0,0,0,0,0,0,0,0,1,0,1,0,1,2,0,0,0,0,0,0,272,0,0.001,0.005
4211,0.754,0.651,0.001,0.003,0.029,0,0,,0,,,,0,,,,,0,0,0,0,0,0,0,0,1,0,1,0,1,2,0,0,0,0,0,0,272,0,0.001,0.004
4212,0.724,0.666,0,0.001,0.018,0,0,,0,,,,0,,,,,0,0,0,0,0,0,0,0,1,0,1,0,1,2,0,0,0,0,0,0,272,0.001,0,0.002
4213,0.803,0.709,0.001,0.002,0.022,0,0,,0,,,,0,,,,,0,0,0,0,0,0,0,0,1,0,1,0,1,2,0,0,0,0,0,0,272,0,0.001,0.004
4214,1.535,1.431,0,0.002,0.032,0,0,,0,,,,0,,,,,0,0,0,0,0,0,0,0,1,0,1,0,1,2,0,0,0,0,0,0,272,0,0.001,0.005
4215,1.79,1.599,0,0.003,0.065,0,0,,0,,,,0,,,,,0,0,0,0,0,0,0,0,1,0,1,0,1,2,0,0,0,0,0,0,272,0,0.001,0.006
4216,0.761,0.587,0,0.003,0.051,0,0,,0,,,,0,,,,,0,0,0,0,0,0,0,0,1,0,1,0,1,2,0,0,0,0,0,0,272,0,0.001,0.006
4217,0.713,0.602,0.001,0.002,0.047,0,0,,0,,,,0,,,,,0,0,0,0,0,0,0,0,1,0,1,0,1,2,0,0,0,0,0,0,272,0,0,0.003
4218,0.778,0.686,0,0.001,0.048,0,0,,0,,,,0,,,,,0,0,0,0,0,0,0,0,1,0,1,0,1,2,0,0,0,0,0,0,272,0,0.001,0.002
4219,0.864,0.698,0,0.003,0.052,0,0,,0,,,,0,,,,,0,0,0,0,0,0,0,0,1,0,1,0,1,2,0,0,0,0,0,0,272,0,0.002,0.005
4220,0.703,0.599,0,0.002,0.043,0,0,,0,,,,0,,,,,0,0,0,0,0,0,0,0,1,0,1,0,1,2,0,0,0,0,0,0,272,0,0.001,0.003
4221,0.775,0.684,0.001,0.001,0.041,0,0,,0,,,,0,,,,,0,0,0,0,0,0,0,0,1,0,1,0,1,2,0,0,0,0,0,0,272,0,0,0.002
4222,0.791,0.704,0,0.002,0.026,0,0,,0,,,,0,,,,,0,0,0,0,0,0,0,0,1,0,1,0,1,2,0,0,0,0,0,0,272,0.001,0,0.003
4223,0.868,0.717,0.001,0.003,0.046,0,0,,0,,,,0,,,,,0,0,0,0,0,0,0,0,1,0,1,0,1,2,0,0,0,0,0,0,272,0,0.001,0.005
4224,2.565,2.399,0,0.003,0.051,0,0,,0,,,,0,,,,,0,0,0,0,0,0,0,0,1,0,1,0,1,2,0,0,0,0,0,0,272,0.001,0.001,0.007
4225,1.226,1.087,0.001,0.004,0.039,0,0,,0,,,,0,,,,,0,0,0,0,0,0,0,0,1,0,1,0,1,2,0,0,0,0,0,0,272,0,0.001,0.006
4226,0.907,0.679,0,0.004,0.084,0,0,,0,,,,0,,,,,0,0,0,0,0,0,0,0,1,0,1,0,1,2,0,0,0,0,0,0,272,0,0.002,0.007
4227,0.824,0.504,0,0.003,0.21,0,0,,0,,,,0,,,,,0,0,0,0,0,0,0,0,1,0,1,0,1,2,0,0,0,0,0,0,272,0.001,0.001,0.006
4228,0.58,0.458,0,0.003,0.034,0,0,,0,,,,0,,,,,0,0,0,0,0,0,0,0,1,0,1,0,1,2,0,0,0,0,0,0,272,0,0.001,0.004
4229,0.927,0.807,0,0.003,0.033,0,0,,0,,,,0,,,,,0,0,0,0,0,0,0,0,1,0,1,0,1,2,0,0,0,0,0,0,272,0,0.001,0.005
4230,1.603,1.415,0,0.003,0.062,0,0,,1,2203.125,229662720,284991488,1,62503872,62503872,135081984,38823561584,0,0,0,0,0,0,0,0,1,0,1,0,1,2,0,0,0,0,0,0,272,0,0.001,0.006
4231,3.395,3.13,0,0.005,0.107,0,0,,0,,,,0,,,,,0,0,0,0,0,0,0,0,1,0,1,0,1,2,0,0,0,0,0,0,272,0,0.001,0.007
4232,4.367,4.093,0,0.006,0.069,0,0,,0,,,,0,,,,,0,0,0,0,0,0,0,0,1,0,1,0,1,2,0,0,0,0,0,0,272,0.001,0.002,0.01
4233,16.368,16.132,0.001,0.008,0.051,0,0,,0,,,,0,,,,,0,0,0,0,0,0,0,0,1,0,1,0,1,2,0,0,0,0,0,0,272,0,0.002,0.01
4234,3.067,2.806,0,0.003,0.098,0,0,,0,,,,0,,,,,0,0,0,0,0,0,0,0,1,0,1,0,1,2,0,0,0,0,0,0,272,0,0.001,0.006
4235,0.11,0.001,0,0.001,0.05,0,0,,0,,,,0,,,,,0,0,0,0,0,0,0,0,1,0,1,0,1,2,0,0,0,0,0,0,272,0,0.001,0.002
4236,0.955,0.821,0,0.002,0.059,0,0,,0,,,,0,,,,,0,0,0,0,0,0,0,0,1,0,1,0,1,2,0,0,0,0,0,0,272,0,0.001,0.003
4237,0.095,0,0,0.001,0.048,0,0,,0,,,,0,,,,,0,0,0,0,0,0,0,0,1,0,1,0,1,2,0,0,0,0,0,0,272,0.001,0,0.002
4238,1.269,1.026,0,0.003,0.091,0,0,,0,,,,0,,,,,0,0,0,0,0,0,0,0,1,0,1,0,1,2,0,0,0,0,0,0,272,0,0.001,0.03
4239,0.095,0.001,0,0.002,0.044,0,0,,0,,,,0,,,,,0,0,0,0,0,0,0,0,1,0,1,0,1,2,0,0,0,0,0,0,272,0,0,0.003
4240,0.933,0.77,0.001,0.003,0.053,0,0,,0,,,,0,,,,,0,0,0,0,0,0,0,0,1,0,1,0,1,2,0,0,0,0,0,0,272,0.001,0.001,0.005
4241,0.06,0.001,0,0.001,0.022,0,0,,0,,,,0,,,,,0,0,0,0,0,0,0,0,1,0,1,0,1,2,0,0,0,0,0,0,272,0,0,0.002
4242,1.34,1.237,0,0.002,0.038,0,0,,0,,,,0,,,,,0,0,0,0,0,0,0,0,1,0,1,0,1,2,0,0,0,0,0,0,272,0,0.001,0.003
4243,0.347,0.261,0.001,0.001,0.034,0,0,,0,,,,0,,,,,0,0,0,0,0,0,0,0,1,0,1,0,1,2,0,0,0,0,0,0,272,0,0,0.003
4244,1.905,1.754,0.001,0.002,0.063,0,0,,0,,,,0,,,,,0,0,0,0,0,0,0,0,1,0,1,0,1,2,0,0,0,0,0,0,272,0.001,0.001,0.004
4245,0.762,0.629,0,0.002,0.057,0,0,,0,,,,0,,,,,0,0,0,0,0,0,0,0,1,0,1,0,1,2,0,0,0,0,0,0,272,0,0,0.004
4246,0.758,0.629,0,0.002,0.055,0,0,,0,,,,0,,,,,0,0,0,0,0,0,0,0,1,0,1,0,1,2,0,0,0,0,0,0,272,0.001,0,0.003
4247,0.072,0.001,0,0.001,0.034,0,0,,0,,,,0,,,,,0,0,0,0,0,0,0,0,1,0,1,0,1,2,0,0,0,0,0,0,272,0,0.001,0.001
4248,0.872,0.761,0,0.003,0.033,0,0,,0,,,,0,,,,,0,0,0,0,0,0,0,0,1,0,1,0,1,2,0,0,0,0,0,0,272,0,0.001,0.004
4249,0.048,0,0,0,0.022,0,0,,0,,,,0,,,,,0,0,0,0,0,0,0,0,1,0,1,0,1,2,0,0,0,0,0,0,272,0,0,0.001
4250,1.021,0.887,0.001,0.002,0.057,0,0,,0,,,,0,,,,,0,0,0,0,0,0,0,0,1,0,1,0,1,2,0,0,0,0,0,0,272,0.001,0.001,0.003
4251,0.066,0.001,0,0,0.029,0,0,,0,,,,0,,,,,0,0,0,0,0,0,0,0,1,0,1,0,1,2,0,0,0,0,0,0,272,0,0,0.002
4252,1.116,0.967,0,0.003,0.066,0,0,,0,,,,0,,,,,0,0,0,0,0,0,0,0,1,0,1,0,1,2,0,0,0,0,0,0,272,0,0,0.004
4253,0.072,0.001,0,0.001,0.032,0,0,,0,,,,0,,,,,0,0,0,0,0,0,0,0,1,0,1,0,1,2,0,0,0,0,0,0,272,0,0,0.002
4254,0.752,0.657,0,0.002,0.034,0,0,,0,,,,0,,,,,0,0,0,0,0,0,0,0,1,0,1,0,1,2,0,0,0,0,0,0,272,0,0,0.003
4255,0.266,0.128,0,0.002,0.061,0,0,,0,,,,0,,,,,0,0,0,0,0,0,0,0,1,0,1,0,1,2,0,0,0,0,0,0,272,0,0,0.004
4256,0.808,0.707,0,0.002,0.038,0,0,,0,,,,0,,,,,0,0,0,0,0,0,0,0,1,0,1,0,1,2,0,0,0,0,0,0,272,0,0,0.003
4257,2.009,1.86,0,0.003,0.058,0,0,,0,,,,0,,,,,0,0,0,0,0,0,0,0,1,0,1,0,1,2,0,0,0,0,0,0,272,0,0.001,0.005
4258,0.737,0.638,0,0.002,0.034,0,0,,0,,,,0,,,,,0,0,0,0,0,0,0,0,1,0,1,0,1,2,0,0,0,0,0,0,272,0,0.001,0.003
4259,0.901,0.789,0,0.002,0.05,0,0,,0,,,,0,,,,,0,0,0,0,0,0,0,0,1,0,1,0,1,2,0,0,0,0,0,0,272,0,0.001,0.003
4260,0.591,0.447,0,0.003,0.062,0,0,,1,2203.125,229662720,284991488,1,62503872,62503872,135081984,38823561584,0,0,0,0,0,0,0,0,1,0,1,0,1,2,0,0,0,0,0,0,272,0.001,0.001,0.004
4261,0.696,0.59,0,0.003,0.041,0,0,,0,,,,0,,,,,0,0,0,0,0,0,0,0,1,0,1,0,1,2,0,0,0,0,0,0,272,0,0.001,0.003
4262,0.802,0.673,0,0.002,0.048,0,0,,0,,,,0,,,,,0,0,0,0,0,0,0,0,1,0,1,0,1,2,0,0,0,0,0,0,272,0.001,0.001,0.003
4263,0.677,0.571,0,0.002,0.036,0,0,,0,,,,0,,,,,0,0,0,0,0,0,0,0,1,0,1,0,1,2,0,0,0,0,0,0,272,0.001,0.001,0.003
4264,1.844,1.708,0,0.003,0.05,0,0,,0,,,,0,,,,,0,0,0,0,0,0,0,0,1,0,1,0,1,2,0,0,0,0,0,0,272,0,0.001,0.004
4265,1.484,1.372,0,0.003,0.045,0,0,,0,,,,0,,,,,0,0,0,0,0,0,0,0,1,0,1,0,1,2,0,0,0,0,0,0,272,0,0,0.003
4266,0.991,0.843,0,0.002,0.066,0,0,,0,,,,0,,,,,0,0,0,0,0,0,0,0,1,0,1,0,1,2,0,0,0,0,0,0,272,0,0.001,0.004
4267,0.236,0.149,0.001,0.001,0.038,0,0,,0,,,,0,,,,,0,0,0,0,0,0,0,0,1,0,1,0,1,2,0,0,0,0,0,0,272,0,0.001,0.002
4268,0.727,0.646,0,0.001,0.04,0,0,,0,,,,0,,,,,0,0,0,0,0,0,0,0,1,0,1,0,1,2,0,0,0,0,0,0,272,0,0,0.002
4269,0.864,0.311,0,0.003,0.053,0,0,,0,,,,0,,,,,0,0,0,0,0,0,0,0,1,0,1,0,1,2,0,0,0,0,0,0,272,0.001,0.001,0.005
4270,0.929,0.805,0,0.003,0.045,0,0,,0,,,,0,,,,,0,0,0,0,0,0,0,0,1,0,1,0,1,2,0,0,0,0,0,0,272,0.001,0.001,0.004
4271,0.72,0.637,0.001,0.001,0.037,0,0,,0,,,,0,,,,,0,0,0,0,0,0,0,0,1,0,1,0,1,2,0,0,0,0,0,0,272,0,0,0.003
4272,0.786,0.704,0,0.001,0.039,0,0,,0,,,,0,,,,,0,0,0,0,0,0,0,0,1,0,1,0,1,2,0,0,0,0,0,0,272,0,0,0.003
4273,0.776,0.69,0,0.001,0.043,0,0,,0,,,,0,,,,,0,0,0,0,0,0,0,0,1,0,1,0,1,2,0,0,0,0,0,0,272,0.001,0,0.002
4274,2.136,2.051,0,0.002,0.031,0,0,,0,,,,0,,,,,0,0,0,0,0,0,0,0,1,0,1,0,1,2,0,0,0,0,0,0,272,0,0,0.004
4275,0.905,0.71,0,0.004,0.073,0,0,,0,,,,0,,,,,0,0,0,0,0,0,0,0,1,0,1,0,1,2,0,0,0,0,0,0,272,0,0.001,0.006
4276,0.6,0.533,0,0.001,0.031,0,0,,0,,,,0,,,,,0,0,0,0,0,0,0,0,1,0,1,0,1,2,0,0,0,0,0,0,272,0,0,0.002
4277,0.885,0.73,0.001,0.004,0.024,0,0,,0,,,,0,,,,,0,0,0,0,0,0,0,0,1,0,1,0,1,2,0,0,0,0,0,0,272,0.001,0.002,0.006
4278,1.062,0.944,0.001,0.003,0.04,0,0,,0,,,,0,,,,,0,0,0,0,0,0,0,0,1,0,1,0,1,2,0,0,0,0,0,0,272,0.001,0.001,0.003
4279,0.355,0.289,0.001,0.001,0.023,0,0,,0,,,,0,,,,,0,0,0,0,0,0,0,0,1,0,1,0,1,2,0,0,0,0,0,0,272,0,0,0.003
4280,0.814,0.671,0.001,0.002,0.05,0,0,,0,,,,0,,,,,0,0,0,0,0,0,0,0,1,0,1,0,1,2,0,0,0,0,0,0,272,0,0.001,0.005
4281,1.369,1.192,0,0.006,0.051,0,0,,0,,,,0,,,,,0,0,0,0,0,0,0,0,1,0,1,0,1,2,0,0,0,0,0,0,272,0,0.001,0.008
4282,0.467,0.28,0,0.003,0.115,0,0,,0,,,,0,,,,,0,0,0,0,0,0,0,0,1,0,1,0,1,2,0,0,0,0,0,0,272,0,0.001,0.004
4283,1.359,1.206,0,0.006,0.039,0,0,,0,,,,0,,,,,0,0,0,0,0,0,0,0,1,0,1,0,1,2,0,0,0,0,0,0,272,0.001,0.001,0.007
4284,1.438,1.253,0,0.002,0.075,0,0,,0,,,,0,,,,,0,0,0,0,0,0,0,0,1,0,1,0,1,2,0,0,0,0,0,0,272,0.001,0.002,0.005

summary_metric,count,median,p95,p99
wall_ms,4285,0.772,2.8222,6.07476
frame_wait_ms,4285,0.628,2.6094,5.89896
scene_advance_ms,4285,0,0.001,0.001
view_build_ms,4285,0.002,0.005,0.007
render_submit_ms,4285,0.05,0.2028,0.624
gpu_ms,4285,0.291249992889,1.14838538863,3.15591450628

gpu_sample_serial,gpu_ms
1012,0.498333321167
1013,0.496874987869
1014,0.484947904827
1015,0.482864571545
1016,0.520729153954
1017,1.21557288699
1018,0.491249988007
1019,0.454062488914
1020,0.489843738041
1021,2.60098951983
1022,0.763177064701
1023,0.739999981934
1024,0.858541645706
1025,0.859687479012
1026,1.76380204027
1027,0.838854146187
1028,0.844427062717
1029,0.706718732746
1030,1.13687497224
1031,0.500989571102
1032,0.480208321609
1033,0.513124987473
1034,0.531614570354
1035,0.502239571072
1036,0.515677070744
1037,1.106093723
1038,0.468281238567
1039,0.471822905148
1040,0.558124986374
1041,0.640729151024
1042,0.485312488152
1043,0.470677071842
1044,2.23343744547
1045,0.737916648651
1046,0.776093731052
1047,0.785156230831
1048,0.793177063969
1049,0.748958315048
1050,0.189999995361
1051,0.192083328644
1052,0.19072916201
1053,1.3640624667
1054,0.19401041193
1055,0.189739578701
1056,0.187864578747
1057,0.187916662079
1058,0.188541662064
1059,0.188802078724
1060,0.189531245373
1061,0.191562495323
1062,0.18895832872
1063,0.195416661896
1064,0.189322912045
1065,0.615156234982
1066,0.195156245235
1067,0.189062495384
1068,0.188593745396
1069,0.178124995651
1070,0.192708328629
1071,0.191041662003
1072,0.18718749543
1073,0.191666661987
1074,0.187708328751
1075,0.189374995377
1076,0.189010412052
1077,0.189791662033
1078,0.187864578747
1079,0.189843745365
1080,0.187552078754
1081,1.15317705518
1082,0.194687495247
1083,0.193072911953
1084,0.187499995422
1085,0.189322912045
1086,0.187239578762
1087,0.192187495308
1088,0.191614578655
1089,0.189531245373
1090,0.199635411793
1091,0.190104162025
1092,0.198124995163
1093,0.199270828468
1094,0.197812495171
1095,0.191406245327
1096,0.448229155724
1097,0.476458321701
1098,0.482552071552
1099,0.481354154915
1100,0.510208320877
1101,2.65656243514
1102,0.523906237209
1103,0.467291655258
1104,0.26296874358
1105,0.265833326843
1106,0.264635410206
1107,0.27005207674
1108,0.263437493568
1109,0.270885410053
1110,0.266458326828
1111,0.264583326874
1112,0.265156243526
1113,0.266406243496
1114,0.264531243542
1115,0.267083326813
1116,0.265104160194
1117,0.265312493523
1118,2.05197911657
1119,0.267864576794
1120,0.265885410175
1121,0.267135410145
1122,0.265156243526
1123,0.265156243526
1124,0.266406243496
1125,0.27687499324
1126,0.691979149773
1127,0.269166660095
1128,0.266562493492
1129,0.266041660172
1130,0.265520826851
1131,0.2662499935
1132,0.265520826851
1133,0.266927076817
1134,0.264843743534
1135,0.265624993515
1136,0.272187493355
1137,0.263906243557
1138,0.266197910168
1139,0.267447910137
1140,0.267135410145
1141,0.26828124345
1142,1.23546871984
1143,0.79572914724
1144,0.267656243465
1145,0.267499993469
1146,0.266041660172
1147,0.266302076832
1148,1.55765621197
1149,0.272760410007
1150,0.269999993408
1151,0.269270826759
1152,0.272760410007
1153,0.269010410099
1154,0.269374993423
1155,0.275781243267
1156,0.268802076771
1157,1.60041662759
1158,0.7727603978
1159,0.783437480873
1160,0.794114563946
1161,0.793802063953
1162,2.7510415995
1163,0.790624980698
1164,0.786302064137
1165,0.799583313812
1166,0.893958311508
1167,0.838489562862
1168,0.850520812569
1169,2.07770828261
1170,0.885729145042
1171,0.922864560802
1172,1.01916664178
1173,1.01630205852
1174,1.10124997311
1175,1.01135414198
1176,1.02583330829
1177,1.07609372373
1178,1.00937497536
1179,1.01031247533
1180,1.02895830821
1181,1.02166664172
1182,1.04317705787
1183,1.0840103902
1184,0.966354143074
1185,0.584739569057
1186,0.607968735157
1187,0.557083319733
1188,0.515729154076
1189,0.51812498735
1190,0.533072903652
1191,0.520312487297
1192,0.543072903408
1193,0.529062487083
1194,0.524583320526
1195,0.527499987122
1196,0.501249987762
1197,1.14119788881
1198,0.466145821953
1199,0.508854154243
1200,0.499687487801
1201,0.529999987061
1202,0.532864570324
1203,0.824374979874
1204,0.78562498082
1205,0.778854147652
1206,0.778489564327
1207,0.785468730824
1208,0.632395817894
1209,0.500312487785
1210,0.497031237865
1211,0.507604154274
1212,0.845156229366
1213,0.87026039542
1214,0.842552062763
1215,0.823749979889
1216,0.856406229092
1217,0.82453122987
1218,0.805937480324
1219,0.816822896725
1220,0.835520812935
1221,1.97604161842
1222,0.933124977219
1223,0.945520810249
1224,0.981822892696
1225,0.964583309784
1226,0.962083309845
1227,0.933854143867
1228,0.980729142723
1229,0.919479144218
1230,1.69906245852
1231,0.942083310333
1232,1.00187497554
1233,0.998697892284
1234,0.974114559551
1235,0.960364559887
1236,0.970364559643
1237,0.959374976578
1238,0.959843726566
1239,1.03854164131
1240,1.11234372284
1241,1.09838538985
1242,1.09661455656
1243,1.08244789024
1244,1.12151038929
1245,1.05296872429
1246,2.19187494649
1247,1.07953122364
1248,0.458229155479
1249,0.275416659943
1250,0.27838540987
1251,0.274687493294
1252,0.275520826607
1253,0.277083326569
1254,0.275052076618
1255,0.273541659988
1256,0.274999993286
1257,0.274739576626
1258,0.274531243298
1259,0.275833326599
1260,0.273020826668
1261,0.274999993286
1262,0.273177076664
1263,0.276041659927
1264,0.277395826561
1265,0.27864582653
1266,0.274062493309
1267,0.273281243328
1268,0.274062493309
1269,0.275364576611
1270,0.274010409977
1271,0.275624993271
1272,0.274114576641
1273,0.282083326447
1274,0.264322910213
1275,0.281614576458
1276,0.275833326599
1277,0.27359374332
1278,0.275989576595
1279,0.272604160011
1280,0.27281249334
1281,0.273385409992
1282,0.274062493309
1283,0.279114576519
1284,0.275520826607
1285,0.27484374329
1286,0.285624993027
1287,0.275416659943
1288,0.274270826637
1289,0.277760409885
1290,0.272656243343
1291,0.275468743275
1292,0.275937493263
1293,0.277760409885
1294,0.278437493202
1295,0.284114576397
1296,1.07541664041
1297,1.16557288821
1298,1.13114580572
1299,2.95541659451
1300,1.03833330798
1301,1.03713539135
1302,1.03124997482
1303,1.02661455827
1304,1.05583330756
1305,1.04145830791
1306,2.90187492915
1307,1.04776039109
1308,1.06536455732
1309,1.08541664017
1310,1.11630205608
1311,1.02057289175
1312,1.13911455552
1313,1.08656247347
1314,1.03838539132
1315,3.57494782939
1316,1.06520830733
1317,0.984114559307
1318,0.276093743259
1319,0.277656243221
1320,0.279010409855
1321,0.277239576565
1322,0.277031243237
1323,0.277187493233
1324,0.272187493355
1325,0.272968743336
1326,0.271979160027
1327,0.266562493492
1328,0.261770826942
1329,0.264322910213
1330,0.259427077
1331,0.264374993546
1332,0.25765624371
1333,0.258749993683
1334,0.265624993515
1335,0.257604160378
1336,0.25312499382
1337,0.25437499379
1338,0.255364577099
1339,0.254010410465
1340,0.258541660355
1341,0.259062493675
1342,0.25817707703
1343,0.252812493828
1344,0.252447910503
1345,0.827552063129
1346,0.256249993744
1347,0.253958327133
1348,0.253541660477
1349,0.253333327148
1350,0.245989577328
1351,0.24604166066
1352,0.247864577282
1353,0.248177077274
1354,0.249427077244
1355,0.260052076984
1356,0.248749993927
1357,0.251458327194
1358,0.246874993973
1359,0.245677077335
1360,0.245729160667
1361,0.246718743977
1362,0.245208327347
1363,0.24604166066
1364,0.247604160622
1365,0.246927077305
1366,0.24656249398
1367,0.246458327316
1368,0.893177061527
1369,0.268749993439
1370,0.264583326874
1371,0.265208326859
1372,0.245156244015
1373,0.245989577328
1374,0.247864577282
1375,0.244218744038
1376,0.244374994034
1377,0.341145825005
1378,0.588437485634
1379,0.639427067722
1380,0.613697901684
1381,0.603281235271
1382,0.589322902279
1383,0.604739568569
1384,1.86614578777
1385,0.631562484581
1386,0.564947902874
1387,0.191562495323
1388,0.189583328705
1389,0.192708328629
1390,0.189166662048
1391,0.192916661957
1392,0.195104161903
1393,0.190989578671
1394,0.190520828682
1395,0.191041662003
1396,0.192708328629
1397,0.18921874538
1398,0.186874995438
1399,0.188177078739
1400,0.18921874538
1401,0.189999995361
1402,0.189791662033
1403,0.190781245342
1404,0.189270828712
1405,0.189322912045
1406,0.191562495323
1407,0.188489578732
1408,0.190052078693
1409,0.192760411961
1410,0.189531245373
1411,0.188541662064
1412,0.685885399921
1413,0.192083328644
1414,0.189374995377
1415,0.190781245342
1416,0.189322912045
1417,0.187604162086
1418,0.186874995438
1419,0.192343745304
1420,0.191822911983
1421,0.189531245373
1422,0.188437495399
1423,0.188854162056
1424,0.187812495415
1425,0.19578124522
1426,0.190781245342
1427,0.190312495354
1428,0.186614578777
1429,0.190364578686
1430,0.192187495308
1431,0.191093745335
1432,0.187968745411
1433,0.19020832869
1434,0.187239578762
1435,0.188854162056
1436,0.18921874538
1437,0.190624995346
1438,0.188489578732
1439,0.191145828667
1440,0.18895832872
1441,0.189999995361
1442,0.187760412083
1443,0.71161456596
1444,0.189583328705
1445,0.191666661987
1446,0.190416662018
1447,0.189114578716
1448,0.190989578671
1449,0.189739578701
1450,0.19072916201
1451,0.44156248922
1452,0.43526040604
1453,0.459791655441
1454,0.461666655396
1455,0.459218738789
1456,0.466041655289
1457,0.49765623785
1458,0.501406237759
1459,0.506041654312
1460,0.505781237652
1461,1.46817704749
1462,0.508385404255
1463,0.508645820915
1464,0.515520820747
1465,0.194843745243
1466,0.196614578533
1467,0.196614578533
1468,0.195729161888
1469,0.551979153191
1470,0.519166653992
1471,1.78812495634
1472,0.532656236996
1473,0.527552070454
1474,0.578072902554
1475,0.538489570187
1476,0.266041660172
1477,0.918802060902
1478,0.265624993515
1479,0.266406243496
1480,0.264010410221
1481,0.267187493477
1482,0.265833326843
1483,0.2662499935
1484,1.24760413621
1485,0.268333326782
1486,0.265937493507
1487,0.450937488991
1488,0.266979160149
1489,0.268385410114
1490,0.264322910213
1491,0.26473957687
1492,0.265312493523
1493,0.265052076862
1494,0.2634895769
1495,0.263645826897
1496,0.27661457658
1497,0.266041660172
1498,0.267291660141
1499,0.268697910107
1500,0.269947910076
1501,0.265312493523
1502,0.273437493324
1503,1.24880205285
1504,0.265364576855
1505,0.268177076786
1506,0.266458326828
1507,0.268177076786
1508,0.275208326614
1509,0.269583326752
1510,0.819583313324
1511,0.802499980408
1512,4.16609364829
1513,0.273437493324
1514,0.270468743397
1515,0.281145826469
1516,0.273177076664
1517,0.526041653824
1518,0.310781242413
1519,0.270312493401
1520,0.26651041016
1521,0.268697910107
1522,0.26854166011
1523,0.511614570843
1524,0.268385410114
1525,0.267968743458
1526,0.807239563625
1527,0.275468743275
1528,0.274427076633
1529,0.27281249334
1530,0.270781243389
1531,0.270937493385
1532,0.271093743382
1533,0.270208326736
1534,0.678124983444
1535,1.69104162538
1536,0.945104143593
1537,0.930729143944
1538,0.964270809792
1539,4.76333321704
1540,0.918854144234
1541,4.36651031006
1542,0.829427063084
1543,0.828958313095
1544,2.20932286273
1545,0.943645810295
1546,0.921927060825
1547,0.917031227612
1548,0.908437477821
1549,0.941354143684
1550,0.922083310822
1551,0.911197894421
1552,5.23640612216
1553,3.14182283996
1554,0.913177061039
1555,0.974166642883
1556,0.94984372681
1557,0.94401039362
1558,0.940781227032
1559,0.946406226894
1560,3.84119782289
1561,0.933541643875
1562,0.947708310196
1563,0.609999985107
1564,1.58286454469
1565,0.535260403599
1566,0.540312486809
1567,0.536197903576
1568,1.17239580471
1569,0.571093736057
1570,0.568958319443
1571,0.560468736317
1572,0.523072903896
1573,0.532916653656
1574,0.547760403294
1575,3.32453116883
1576,0.531354153694
1577,0.534687486946
1578,0.54791665329
1579,0.473072905117
1580,0.465156238644
1581,0.481510404911
1582,0.46583332196
1583,0.480833321594
1584,0.267291660141
1585,0.266354160164
1586,0.270885410053
1587,0.268489576778
1588,0.267083326813
1589,0.951197893444
1590,0.270572910061
1591,0.270781243389
1592,0.272031243359
1593,0.256718743732
1594,0.282760409763
1595,0.273541659988
1596,0.269114576763
1597,0.267395826805
1598,0.267604160133
1599,0.269947910076
1600,0.267083326813
1601,0.269270826759
1602,0.268906243435
1603,0.270468743397
1604,0.267916660126
1605,0.271197910046
1606,0.27005207674
1607,0.267656243465
1608,0.279114576519
1609,0.269166660095
1610,0.269583326752
1611,0.269999993408
1612,0.267864576794
1613,0.270468743397
1614,0.27130207671
1615,0.271770826698
1616,0.270520826729
1617,0.281562493126
1618,0.272135410023
1619,0.275520826607
1620,0.268072910122
1621,0.269270826759
1622,0.270937493385
1623,0.271510410038
1624,0.273437493324
1625,0.278593743198
1626,0.27333332666
1627,0.285468743031
1628,0.281249993134
1629,0.274322909969
1630,0.272604160011
1631,0.270364576733
1632,0.271979160027
1633,0.322239575466
1634,0.874687478645
1635,0.894583311493
1636,0.900729144676
1637,0.875624978622
1638,0.836927062901
1639,2.14276036435
1640,0.568333319458
1641,0.555781236431
1642,0.558854153023
1643,0.564739569546
1644,0.54640623666
1645,0.515104154091
1646,0.507291654282
1647,0.538697903515
1648,0.543958320053
1649,0.672135400257
1650,0.532916653656
1651,0.534427070286
1652,0.547447903301
1653,0.530781237041
1654,0.502031237743
1655,0.477499988342
1656,0.506510404301
1657,0.481249988251
1658,0.470989571835
1659,0.490312488029
1660,0.4888020714
1661,0.47213540514
1662,0.468333321899
1663,0.474583321747
1664,0.500052071125
1665,0.460208322098
1666,0.465781238628
1667,0.48249998822
1668,1.39385413264
1669,0.46229165538
1670,0.674791650192
1671,0.719479149101
1672,0.769687481209
1673,0.71692706583
1674,0.736458315353
1675,0.764479148003
1676,0.717135399158
1677,0.700364566235
1678,0.269479160088
1679,0.271718743366
1680,1.01734372516
1681,0.27182291003
1682,0.268124993454
1683,0.269114576763
1684,0.268385410114
1685,0.270833326721
1686,0.267656243465
1687,0.267239576809
1688,0.268749993439
1689,0.280624993149
1690,0.272031243359
1691,0.269635410084
1692,0.269010410099
1693,0.268177076786
1694,0.267499993469
1695,0.26776041013
1696,0.266822910152
1697,0.269218743427
1698,0.268072910122
1699,0.268124993454
1700,0.268802076771
1701,0.280781243145
1702,0.269166660095
1703,0.273697909985
1704,0.268802076771
1705,0.269999993408
1706,0.268333326782
1707,0.26979166008
1708,0.267083326813
1709,0.269218743427
1710,0.267499993469
1711,0.280729159813
1712,0.270520826729
1713,0.273020826668
1714,0.26979166008
1715,0.270729160057
1716,0.265833326843
1717,0.266093743504
1718,0.269218743427
1719,0.276197909924
1720,0.519062487328
1721,0.529374987076
1722,0.495312487907
1723,0.476510405033
1724,0.49765623785
1725,0.507708320938
1726,0.494895821251
1727,0.514010404118
1728,0.511822904171
1729,0.488593738071
1730,0.483958321518
1731,0.47062498851
1732,0.472864571789
1733,0.473593738438
1734,0.487135404774
1735,0.469999988525
1736,0.476614571697
1737,1.41109371555
1738,0.508385404255
1739,0.469166655212
1740,0.457812488823
1741,0.448541655716
1742,0.191718745319
1743,0.188802078724
1744,0.190885412006
1745,0.189739578701
1746,0.194635411915
1747,0.191510411991
1748,0.193437495277
1749,0.19072916201
1750,0.189322912045
1751,0.190104162025
1752,0.187916662079
1753,0.188437495399
1754,0.189739578701
1755,0.19020832869
1756,0.187343745426
1757,0.190989578671
1758,0.189635412037
1759,0.188854162056
1760,0.189739578701
1761,0.18921874538
1762,0.191041662003
1763,0.190156245358
1764,0.199114578472
1765,0.191614578655
1766,0.187916662079
1767,0.189479162041
1768,0.189999995361
1769,0.192083328644
1770,0.189270828712
1771,0.189791662033
1772,0.48932290472
1773,0.544739570034
1774,0.549635403248
1775,0.547708319962
1776,0.54161457011
1777,0.530312487053
1778,0.552083319855
1779,0.56864581945
1780,0.570208319412
1781,0.586145819023
1782,1.64963537639
1783,0.582187485786
1784,0.586041652359
1785,0.641406234341
1786,0.661614567181
1787,0.641458317673
1788,0.650677067448
1789,0.520989570614
1790,0.620364568188
1791,0.688281233196
1792,0.357291657944
1793,0.189062495384
1794,0.18718749543
1795,0.17682291235
1796,0.191927078648
1797,0.195624995224
1798,0.179895828941
1799,0.192708328629
1800,0.189010412052
1801,0.189635412037
1802,0.179166662292
1803,0.19197916198
1804,0.178229162315
1805,0.19197916198
1806,0.178437495644
1807,0.191614578655
1808,0.19552082856
1809,0.189687495369
1810,0.186822912106
1811,0.190364578686
1812,0.179010412296
1813,0.192031245312
1814,0.191927078648
1815,0.188072912075
1816,0.187760412083
1817,0.178281245647
1818,0.192083328644
1819,0.189427078709
1820,0.188541662064
1821,0.187656245419
1822,0.179843745609
1823,0.190885412006
1824,0.177656245663
1825,0.190156245358
1826,0.178749995636
1827,0.190364578686
1828,0.17859374564
1829,0.197343745182
1830,0.178541662308
1831,0.192031245312
1832,0.47744790501
1833,0.562864569592
1834,0.536354153572
1835,0.525833320496
1836,0.534687486946
1837,0.557447903057
1838,0.558958319687
1839,0.605208318558
1840,0.60171873531
1841,0.590468735584
1842,0.57494790263
1843,0.598749985382
1844,0.662395817162
1845,0.661510400517
1846,0.655937483986
1847,0.639010401066
1848,0.631458317917
1849,0.646562484215
1850,0.690312483147
1851,0.701354149544
1852,0.260052076984
1853,0.260677076969
1854,0.254531243786
1855,0.256458327072
1856,0.25817707703
1857,0.255156243771
1858,0.261249993622
1859,0.256874993729
1860,0.255729160423
1861,0.252760410496
1862,0.252552077168
1863,0.252499993835
1864,0.255468743763
1865,0.253854160469
1866,0.250312493889
1867,0.253854160469
1868,0.258333327026
1869,0.250052077229
1870,0.248281243938
1871,0.251041660538
1872,0.250208327225
1873,0.246822910641
1874,0.248124993942
1875,0.248229160606
1876,0.249427077244
1877,0.248697910595
1878,0.248645827263
1879,0.245156244015
1880,0.246614577312
1881,0.245572910671
1882,0.243802077381
1883,0.846874979324
1884,0.24807291061
1885,0.247291660629
1886,0.247499993958
1887,0.247916660614
1888,0.245729160667
1889,0.251562493858
1890,0.244114577374
1891,0.247760410618
1892,0.244062494041
1893,0.277395826561
1894,0.50802082093
1895,0.52619790382
1896,0.539114570171
1897,0.516718737385
1898,0.552031236523
1899,0.52442707053
1900,1.68505204219
1901,0.559114569683
1902,0.55677081974
1903,0.559062486351
1904,0.539114570171
1905,0.604791651901
1906,0.600937485329
1907,0.285364576366
1908,0.263177076908
1909,0.267239576809
1910,0.264010410221
1911,0.263385410236
1912,0.263645826897
1913,0.26447916021
1914,0.265260410191
1915,0.266718743488
1916,0.275416659943
1917,0.265364576855
1918,0.263177076908
1919,0.268697910107
1920,0.267239576809
1921,0.2634895769
1922,0.268124993454
1923,0.265937493507
1924,0.268177076786
1925,0.26499999353
1926,0.270260410069
1927,0.267968743458
1928,0.265416660187
1929,0.267343743473
1930,0.263593743565
1931,0.267447910137
1932,0.265104160194
1933,0.266041660172
1934,0.267656243465
1935,0.266145826836
1936,0.267552076801
1937,0.266093743504
1938,0.988958309189
1939,0.26953124342
1940,0.266406243496
1941,0.267239576809
1942,0.265989576839
1943,0.267656243465
1944,0.268958326767
1945,0.266145826836
1946,0.27307291
1947,0.764270814674
1948,0.819947896648
1949,0.824114563213
1950,0.803437480385
1951,0.707760399387
1952,0.275572909939
1953,0.270156243404
1954,0.269739576748
1955,0.270781243389
1956,0.267864576794
1957,0.266406243496
1958,0.267187493477
1959,0.273906243313
1960,0.268854160103
1961,0.272916660004
1962,0.281510409794
1963,0.270572910061
1964,0.280624993149
1965,0.27307291
1966,0.269583326752
1967,0.271927076694
1968,0.270520826729
1969,0.268958326767
1970,0.270937493385
1971,0.270156243404
1972,0.269739576748
1973,0.270208326736
1974,1.97755203505
1975,0.272343743351
1976,0.808489563595
1977,0.816093730076
1978,0.863124978928
1979,0.609739568447
1980,0.537187486885
1981,0.532656236996
1982,0.539739570156
1983,0.540677070133
1984,0.546822903316
1985,0.524114570538
1986,0.491979154655
1987,0.492552071308
1988,0.490520821358
1989,0.51432290411
1990,0.548541653275
1991,0.51583332074
1992,0.507708320938
1993,0.5092708209
1994,0.50723957095
1995,0.812291646835
1996,2.12786453138
1997,0.815156230099
1998,0.800677063786
1999,0.794583313934
2000,0.802395813744
2001,0.81494789677
2002,0.807499980286
2003,0.906979144524
2004,0.878802061878
2005,0.871614562054
2006,0.893020811531
2007,0.905312477898
2008,0.874739561977
2009,0.619947901531
2010,0.275052076618
2011,0.285052076374
2012,0.277135409901
2013,0.276302076588
2014,0.271458326706
2015,0.274166659973
2016,0.985260392612
2017,0.27963540984
2018,0.273697909985
2019,0.27812499321
2020,0.274947909954
2021,0.272968743336
2022,0.273489576656
2023,0.271614576702
2024,0.273958326645
2025,0.273749993317
2026,0.281718743122
2027,0.410416656647
2028,0.94453122694
2029,0.946822893551
2030,0.930572893948
2031,2.56031243749
2032,0.998177058964
2033,0.956562476646
2034,0.976041642838
2035,1.07656247372
2036,1.0555728909
2037,2.81067701471
2038,1.03869789131
2039,1.03395830809
2040,1.07624997372
2041,0.998385392292
2042,0.612968735035
2043,0.271406243374
2044,0.268802076771
2045,0.25791666037
2046,0.271354160042
2047,0.270677076725
2048,0.867604145485
2049,0.271406243374
2050,0.265781243511
2051,0.265833326843
2052,0.26119791029
2053,0.260833326965
2054,0.264791660202
2055,0.266874993484
2056,0.262656243587
2057,0.261666660278
2058,0.264218743549
2059,0.257395827049
2060,0.270729160057
2061,0.261510410282
2062,0.262239576931
2063,0.258385410358
2064,0.255104160439
2065,0.256458327072
2066,0.25614582708
2067,0.257343743717
2068,0.257708327042
2069,0.255833327087
2070,0.25109374387
2071,0.765520814644
2072,0.255468743763
2073,0.252656243832
2074,0.251770827187
2075,0.2498437439
2076,0.253697910473
2077,0.249218743916
2078,0.249062493919
2079,0.250052077229
2080,0.248385410603
2081,0.248958327255
2082,0.25286457716
2083,0.249999993896
2084,0.247760410618
2085,0.249947910564
2086,0.246093743992
2087,0.246458327316
2088,0.244843744022
2089,0.244895827354
2090,0.245416660675
2091,0.245624994003
2092,0.243489577389
2093,0.246874993973
2094,0.246614577312
2095,0.748645815056
2096,0.249166660583
2097,0.247864577282
2098,0.245937493996
2099,0.24604166066
2100,0.244635410694
2101,0.465156238644
2102,0.499322904476
2103,0.504322904354
2104,0.503906237698
2105,0.493697904613
2106,0.517031237377
2107,0.545729153343
2108,0.532499987
2109,0.53276040366
2110,0.540624986801
2111,0.537135403553
2112,1.23010413663
2113,0.574635402637
2114,0.577916652557
2115,0.559062486351
2116,0.541041653458
2117,0.55348956982
2118,0.582083319122
2119,0.627708318008
2120,0.601145818657
2121,0.61890623489
2122,0.64770831752
2123,0.660937483864
2124,1.38541663284
2125,0.694322899715
2126,0.685468733265
2127,0.666666650391
2128,0.701666649536
2129,0.703593732822
2130,0.697604149635
2131,0.776354147713
2132,0.771927064487
2133,0.739322898617
2134,0.750989564999
2135,1.48494788041
2136,0.756562481529
2137,0.742083315216
2138,0.769166647888
2139,0.80911456358
2140,0.850208312576
2141,0.891093728245
2142,0.574739569302
2143,0.533906236965
2144,0.524270820534
2145,0.493593737949
2146,0.522031237255
2147,0.510833320862
2148,0.50776040427
2149,0.498437487831
2150,0.521302070606
2151,0.537031236889
2152,0.464114572002
2153,0.466927071934
2154,0.469479155205
2155,0.481354154915
2156,0.447187489082
2157,0.458697905468
2158,0.46708332193
2159,0.456197905529
2160,0.459114572124
2161,1.08947914007
2162,0.461927072056
2163,0.457656238827
2164,0.469218738544
2165,0.480312488274
2166,0.443541655838
2167,0.457604155495
2168,0.458229155479
2169,0.473541655106
2170,0.434374989395
2171,0.461979155388
2172,0.444635405811
2173,0.457187488838
2174,0.702343732853
2175,0.704114566143
2176,1.51770829628
2177,0.755468731556
2178,0.782187480904
2179,0.788072897427
2180,0.743281231853
2181,0.738177065311
2182,0.899635394703
2183,0.885833311707
2184,0.918333310913
2185,0.881406228481
2186,0.852708312515
2187,0.828437479774
2188,0.869687478767
2189,0.914010394352
2190,1.02104164174
2191,1.00484372547
2192,1.02578122496
2193,0.984114559307
2194,0.879218728535
2195,0.864062478905
2196,0.859635395679
2197,0.903958311264
2198,0.864531228893
2199,0.871249978729
2200,0.869322895443
2201,3.47411449852
2202,0.57041665274
2203,0.561718736286
2204,0.565833319519
2205,0.549374986588
2206,0.549479153252
2207,0.550624986557
2208,0.519739570644
2209,0.520729153954
2210,0.507031237621
2211,0.520260403965
2212,0.533124986984
2213,1.51619787965
2214,0.530572903713
2215,0.486249988129
2216,0.484322904842
2217,0.467656238583
2218,0.476249988373
2219,0.47088540517
2220,0.474531238415
2221,0.467916655243
2222,0.46203123872
2223,0.467031238598
2224,0.444322905819
2225,0.445416655792
2226,0.457552072163
2227,0.449218739033
2228,0.712760399265
2229,0.80760414695
2230,0.767135397938
2231,0.804166647034
2232,0.757395814842
2233,0.796666647217
2234,0.869635395435
2235,0.920364560863
2236,0.863958312241
2237,3.5129165809
2238,0.948697893505
2239,0.886770811684
2240,0.974322892879
2241,2.29807286056
2242,0.960208309891
2243,1.00989580868
2244,1.07692705704
2245,0.99328122575
2246,1.03635414137
2247,1.02953122486
2248,1.06999997388
2249,1.05109372434
2250,1.07921872365
2251,1.11578122276
2252,5.98708318716
2253,0.91270831105
2254,4.44520822481
2255,0.98494789262
2256,5.92380193871
2257,1.05901039081
2258,1.86223953787
2259,1.05260414097
2260,1.08369789021
2261,7.12182274279
2262,1.08656247347
2263,2.05713536644
2264,1.05895830748
2265,1.06937497389
2266,1.49713538012
2267,10.184947668
2268,1.47697913061
2269,1.50286454664
2270,13.7199475817
2271,0.922708310806
2272,1.61744787718
2273,1.10713538964
2274,23.0970827694
2275,1.79067703962
2276,0.930364560619
2277,0.941770810341
2278,4.00921865212
2279,1.42338538192
2280,4.30109364499
2281,1.47890621389
2282,12.4122913636
2283,0.323437492104
2284,0.316406242275
2285,0.318177075565
2286,0.329010408634
2287,0.318437492226
2288,0.314166658997
2289,0.317135408924
2290,0.323385408772
2291,0.322187492134
2292,0.327968741993
2293,0.327708325333
2294,0.325260408726
2295,0.318281242229
2296,0.312343742374
2297,0.317760408909
2298,0.318020825569
2299,0.320520825508
2300,0.321979158806
2301,0.327031242016
2302,12.9620309335
2303,0.318281242229
2304,0.32031249218
2305,1.78624995639
2306,0.321614575481
2307,0.31854165889
2308,0.320364575512
2309,0.321979158806
2310,0.317499992249
2311,0.321510408817
2312,0.333854158516
2313,0.325156242062
2314,0.317499992249
2315,0.319947908855
2316,0.315416658966
2317,0.317395825584
2318,0.318072908901
2319,0.322552075459
2320,0.316249992279
2321,0.320989575497
2322,7.25479148955
2323,22.4158848694
2324,1.1234895559
2325,5.28807278756
2326,0.317239575588
2327,0.313177075687
2328,0.309374992447
2329,0.308385409138
2330,0.324843742069
2331,0.313906242336
2332,0.31046874242
2333,0.31348957568
2334,2.75307284945
2335,0.299999992676
2336,0.314635408985
2337,0.30869790913
2338,0.310677075748
2339,0.311406242397
2340,1.40182288244
2341,0.876614561932
2342,0.893124978195
2343,0.890052061604
2344,0.88541664505
2345,1.19854163741
2346,1.37067704987
2347,0.839166646179
2348,0.77880206432
2349,0.746510398441
2350,0.798124980515
2351,1.64437495985
2352,0.676145816826
2353,0.684218733295
2354,0.65630206731
2355,0.64947915081
2356,0.665989567074
2357,0.731145815483
2358,0.695104149696
2359,0.684374983292
2360,0.639427067722
2361,0.619062484886
2362,3.33635408521
2363,0.630937484596
2364,0.607656235165
2365,0.621614568157
2366,0.633749984528
2367,0.614374985001
2368,0.634739567837
2369,0.328958325302
2370,0.300572909328
2371,0.299947909344
2372,0.296718742756
2373,0.300781242657
2374,0.29708332608
2375,0.300156242672
2376,0.306770825844
2377,0.301927075962
2378,0.300833325989
2379,0.301718742634
2380,0.299374992691
2381,0.311562492393
2382,0.6744791502
2383,0.726458315598
2384,2.09796869878
2385,0.771406231167
2386,1.19588538747
2387,1.20578122056
2388,1.27723955215
2389,0.753437481606
2390,0.644270817604
2391,0.671354150276
2392,0.704322899471
2393,0.867916645477
2394,1.14442705539
2395,5.90338527254
2396,0.752708314957
2397,0.729791648849
2398,0.686874983231
2399,0.681458316696
2400,0.66916665033
2401,0.715312482536
2402,0.720833315735
2403,0.651302067432
2404,0.720312482414
2405,0.725572898952
2406,1.96947911858
2407,0.686406233242
2408,0.668541650345
2409,1.05031247436
2410,1.21348955371
2411,1.21046872045
2412,0.770833314514
2413,0.731510398808
2414,0.738177065311
2415,0.709374982681
2416,0.945416643585
2417,1.14895830528
2418,0.185833328796
2419,0.177604162331
2420,0.177760412327
2421,0.165989579281
2422,0.181354162239
2423,0.178437495644
2424,0.693124983078
2425,0.179427078953
2426,0.176093745701
2427,0.177604162331
2428,0.175624995712
2429,0.177499995667
2430,0.17708332901
2431,0.176614579021
2432,0.177604162331
2433,0.17734374567
2434,0.167343745914
2435,0.180156245602
2436,0.177239579006
2437,0.177447912334
2438,0.168072912563
2439,0.18416666217
2440,0.178281245647
2441,1.36677079996
2442,0.659166650574
2443,0.186145828789
2444,0.17859374564
2445,0.188489578732
2446,0.17708332901
2447,0.177968745655
2448,0.166041662613
2449,0.182708328873
2450,0.179062495628
2451,0.177447912334
2452,0.177760412327
2453,0.177708328995
2454,0.176510412357
2455,0.176093745701
2456,0.176041662369
2457,0.177135412342
2458,0.17682291235
2459,0.176718745686
2460,0.176510412357
2461,0.179010412296
2462,0.17734374567
2463,0.184635412159
2464,0.178177078983
2465,0.177604162331
2466,0.166041662613
2467,0.178906245632
2468,0.1788541623
2469,0.165989579281
2470,0.185729162132
2471,0.179010412296
2472,0.179062495628
2473,0.175104162392
2474,0.178177078983
2475,0.176510412357
2476,0.176145829033
2477,0.178072912319
2478,0.176510412357
2479,0.175885412373
2480,0.175885412373
2481,0.176874995682
2482,0.185885412128
2483,0.179218745625
2484,1.34697913378
2485,0.300260409336
2486,0.297812492729
2487,0.301927075962
2488,0.301458325974
2489,0.310364575756
2490,0.321562492149
2491,0.304479159233
2492,0.294427076145
2493,0.294947909466
2494,0.290885409565
2495,0.299583326019
2496,0.297864576061
2497,0.298385409382
2498,0.29859374271
2499,0.987031225903
2500,1.03515622473
2501,1.02255205837
2502,0.916510394291
2503,0.210364578197
2504,0.205156244991
2505,0.204791661667
2506,0.203437495033
2507,0.204322911678
2508,0.203281245037
2509,0.202499995056
2510,0.214687494759
2511,0.204895828331
2512,0.204739578335
2513,0.204062495018
2514,0.204062495018
2515,0.213489578121
2516,0.204635411671
2517,0.944739560268
2518,0.92255206081
2519,0.916041644302
2520,0.860052062336
2521,0.872343728703
2522,0.836354146248
2523,0.648437484169
2524,0.198124995163
2525,0.198072911831
2526,0.194062495262
2527,0.196145828545
2528,0.194635411915
2529,0.206510411625
2530,0.206354161629
2531,0.194479161919
2532,0.194635411915
2533,0.199427078465
2534,0.19223957864
2535,0.19427082859
2536,0.193333328613
2537,0.191406245327
2538,0.189479162041
2539,0.189895828697
2540,0.197812495171
2541,0.193229161949
2542,0.191093745335
2543,0.192552078632
2544,0.190989578671
2545,0.190052078693
2546,0.190520828682
2547,0.191302078663
2548,0.191822911983
2549,0.19223957864
2550,0.200416661774
2551,0.189739578701
2552,0.188072912075
2553,0.19020832869
2554,0.188749995392
2555,0.190572912014
2556,0.18895832872
2557,0.190677078678
2558,0.179791662277
2559,0.193541661942
2560,0.18921874538
2561,0.190624995346
2562,0.180312495598
2563,0.196562495201
2564,0.182604162209
2565,0.194218745258
2566,0.179166662292
2567,0.193229161949
2568,0.179583328949
2569,0.761718731403
2570,0.927291644028
2571,0.866927062168
2572,0.810468730213
2573,0.849322895931
2574,0.591979152214
2575,0.20260416172
2576,0.214062494774
2577,0.192604161964
2578,0.208177078251
2579,0.203385411701
2580,0.191562495323
2581,0.208593744907
2582,0.20260416172
2583,0.201822911739
2584,0.200885411762
2585,0.201614578411
2586,0.212135411488
2587,0.204479161674
2588,0.203385411701
2589,0.202552078388
2590,0.203645828362
2591,0.204062495018
2592,0.200729161766
2593,0.202499995056
2594,0.208177078251
2595,0.206666661621
2596,0.202291661728
2597,0.20411457835
2598,0.201979161736
2599,0.202812495049
2600,0.203645828362
2601,0.202187495064
2602,0.205416661652
2603,0.203645828362
2604,0.207187494942
2605,0.203593745029
2606,0.202760411716
2607,0.204635411671
2608,0.202239578396
2609,0.203749995026
2610,0.203802078358
2611,0.202135411732
2612,0.210989578182
2613,0.207760411594
2614,1.11906247268
2615,2.9134895122
2616,1.34416663385
2617,1.34364580053
2618,1.32067705109
2619,0.28999999292
2620,0.282812493095
2621,0.286770826332
2622,0.283958326401
2623,0.283906243069
2624,0.309427075779
2625,0.286093743015
2626,0.283854159737
2627,0.283541659744
2628,0.283593743076
2629,0.283593743076
2630,0.28494790971
2631,0.285312493034
2632,0.293124992844
2633,0.286197909679
2634,0.287864576305
2635,0.285885409687
2636,0.285156243038
2637,0.284010409733
2638,0.294479159477
2639,0.284531243053
2640,0.285260409702
2641,0.29328124284
2642,0.288124992966
2643,0.289322909603
2644,0.284010409733
2645,0.288593742954
2646,0.285052076374
2647,0.290677076237
2648,0.286770826332
2649,0.28645832634
2650,0.285885409687
2651,0.292812492851
2652,0.287447909649
2653,0.291927076206
2654,0.640052067707
2655,1.39499996594
2656,0.285624993027
2657,0.298020826057
2658,0.291979159538
2659,0.286562493004
2660,0.287604159645
2661,0.285677076359
2662,0.285156243038
2663,0.284999993042
2664,0.289270826271
2665,0.286145826347
2666,0.290052076252
2667,0.289635409595
2668,0.284479159721
2669,0.28822915963
2670,0.283958326401
2671,0.28291665976
2672,0.294531242809
2673,0.288541659622
2674,0.287291659653
2675,0.288385409626
2676,0.284531243053
2677,0.285260409702
2678,0.310312492424
2679,0.31046874242
2680,0.308645825798
2681,0.308854159126
2682,0.308749992462
2683,0.307552075825
2684,0.305937492531
2685,0.308593742466
2686,0.318385408894
2687,0.310520825752
2688,0.310885409077
2689,0.315677075626
2690,0.325520825386
2691,0.316979158928
2692,0.315312492302
2693,0.311927075718
2694,0.314791658981
2695,0.301458325974
2696,0.832395813011
2697,0.292499992859
2698,0.289687492928
2699,0.286666659668
2700,0.286510409672
2701,0.282447909771
2702,0.28317707642
2703,0.285364576366
2704,0.281249993134
2705,0.282499993103
2706,0.284791659714
2707,0.273229159996
2708,0.278229159874
2709,0.274166659973
2710,0.277604159889
2711,0.286666659668
2712,0.270156243404
2713,0.271770826698
2714,0.272083326691
2715,0.269374993423
2716,0.268593743443
2717,0.276041659927
2718,0.271197910046
2719,1.85619787135
2720,0.274322909969
2721,0.274947909954
2722,0.273020826668
2723,0.275156243282
2724,0.27307291
2725,0.286093743015
2726,0.277239576565
2727,0.276510409916
2728,0.800937480446
2729,0.31223957571
2730,0.302395825951
2731,0.300833325989
2732,0.299999992676
2733,0.29859374271
2734,0.296979159416
2735,0.299635409351
2736,1.03562497472
2737,0.302708325943
2738,0.69166664978
2739,0.673958316879
2740,0.675156233517
2741,1.39213538268
2742,0.663020817146
2743,0.696562482994
2744,0.729895815514
2745,0.286822909664
2746,0.284739576382
2747,0.878749978546
2748,0.275156243282
2749,0.277968743214
2750,0.268854160103
2751,0.266406243496
2752,0.269374993423
2753,0.274947909954
2754,0.26953124342
2755,0.267499993469
2756,0.270208326736
2757,1.75416662384
2758,0.535624986923
2759,0.539531236828
2760,0.539687486824
2761,0.528749987091
2762,1.74770829066
2763,0.543697903393
2764,0.56156248629
2765,0.549010403263
2766,0.555885403095
2767,0.57520831929
2768,0.982031226025
2769,0.291249992889
2770,0.192083328644
2771,0.191770828651
2772,0.190364578686
2773,0.19072916201
2774,0.190416662018
2775,0.190572912014
2776,0.200989578426
2777,0.190104162025
2778,0.191770828651
2779,0.189843745365
2780,0.18895832872
2781,0.188541662064
2782,0.189791662033
2783,0.181249995575
2784,0.21244791148
2785,0.191874995316
2786,0.190572912014
2787,0.190312495354
2788,0.191041662003
2789,0.194062495262
2790,0.197968745167
2791,0.188645828728
2792,0.193906245266
2793,0.650624984116
2794,0.795416647247
2795,1.81562495567
2796,0.263072910244
2797,0.259583326996
2798,0.257864577038
2799,0.259374993668
2800,0.257031243725
2801,0.255572910427
2802,0.255052077106
2803,0.270885410053
2804,0.256093743748
2805,0.260989576962
2806,0.746093731785
2807,0.257083327057
2808,0.299531242687
2809,0.299427076023
2810,0.29708332608
2811,0.295364576122
2812,0.291718742878
2813,0.296093742771
2814,0.293489576168
2815,1.07526039042
2816,0.519843737309
2817,0.534947903606
2818,0.295104159462
2819,0.297499992737
2820,0.305989575863
2821,2.34328119279
2822,0.296927076084
2823,0.299427076023
2824,0.297916659393
2825,0.297343742741
2826,0.297916659393
2827,0.297604159401
2828,0.295989576107
2829,1.11057288955
2830,0.464218738667
2831,0.606927068516
2832,0.301770825966
2833,0.296874992752
2834,0.298645826042
2835,0.312291659042
2836,0.779531230968
2837,0.303958325912
2838,0.312708325699
2839,0.305677075871
2840,0.202760411716
2841,0.198958328476
2842,0.197395828514
2843,0.194791661911
2844,0.193802078602
2845,0.193593745274
2846,1.15088538857
2847,0.197604161842
2848,0.191197911999
2849,0.193489578609
2850,0.190416662018
2851,0.191874995316
2852,0.191354161995
2853,0.193593745274
2854,0.192968745289
2855,0.191093745335
2856,0.195624995224
2857,0.193072911953
2858,0.190885412006
2859,0.537864570202
2860,0.198020828499
2861,0.191614578655
2862,0.93921872707
2863,0.270833326721
2864,0.80937498024
2865,0.27661457658
2866,0.27786457655
2867,0.275468743275
2868,0.275312493279
2869,0.274791659958
2870,0.274947909954
2871,0.274427076633
2872,0.28166665979
2873,0.275572909939
2874,2.16885411372
2875,0.279947909832
2876,0.277239576565
2877,0.27864582653
2878,0.276197909924
2879,0.277343743229
2880,0.278072909878
2881,0.275677076603
2882,1.58828121122
2883,0.280989576473
2884,0.276145826591
2885,0.280781243145
2886,0.279739576504
2887,0.280729159813
2888,0.281770826454
2889,0.292656242855
2890,0.280833326477
2891,0.284843743046
2892,0.277812493217
2893,0.294322909481
2894,0.278177076542
2895,0.282656243099
2896,0.27635415992
2897,0.283385409748
2898,0.280208326492
2899,0.279947909832
2900,0.295572909451
2901,0.287760409641
2902,0.283281243084
2903,0.284374993057
2904,0.280677076481
2905,0.284062493065
2906,0.2157291614
2907,0.197604161842
2908,0.196406245205
2909,0.201249995087
2910,0.194531245251
2911,0.193072911953
2912,0.198020828499
2913,0.194427078587
2914,0.191927078648
2915,0.194791661911
2916,0.194322911922
2917,0.202239578396
2918,0.196822911861
2919,0.193229161949
2920,0.191093745335
2921,0.193645828606
2922,0.191614578655
2923,0.19046874535
2924,0.191406245327
2925,0.190885412006
2926,0.715729149193
2927,0.182031245556
2928,0.194687495247
2929,0.191458328659
2930,0.191197911999
2931,0.191614578655
2932,0.190989578671
2933,0.194218745258
2934,0.19020832869
2935,0.192395828636
2936,0.192343745304
2937,0.195156245235
2938,0.191562495323
2939,0.191458328659
2940,0.19604166188
2941,0.19578124522
2942,0.190312495354
2943,0.193333328613
2944,0.187343745426
2945,0.192031245312
2946,0.19020832869
2947,0.199374995132
2948,0.190833328674
2949,0.188489578732
2950,0.188385412067
2951,0.189739578701
2952,0.190104162025
2953,0.190624995346
2954,0.187968745411
2955,0.177864578991
2956,0.195468745228
2957,0.7181770658
2958,0.189062495384
2959,0.190937495338
2960,0.188802078724
2961,0.191562495323
2962,0.189479162041
2963,0.189062495384
2964,0.19020832869
2965,0.189270828712
2966,0.189739578701
2967,0.268333326782
2968,0.266093743504
2969,0.274010409977
2970,0.270572910061
2971,0.268906243435
2972,0.269166660095
2973,0.279010409855
2974,0.270208326736
2975,0.270416660065
2976,0.270208326736
2977,0.26802082679
2978,0.269114576763
2979,0.270104160072
2980,0.279531243176
2981,0.271249993378
2982,0.298229159386
2983,0.405312490105
2984,0.269843743412
2985,0.26979166008
2986,0.270416660065
2987,0.274791659958
2988,0.275312493279
2989,0.287135409657
2990,0.274427076633
2991,0.273802076649
2992,0.272083326691
2993,0.282395826439
2994,0.27510415995
2995,0.605156235226
2996,0.297604159401
2997,0.297708326065
2998,0.300520825996
2999,0.301354159309
3000,0.312447909039
3001,0.302916659271
3002,0.300156242672
3003,0.299479159355
3004,0.302291659286
3005,0.300156242672
3006,0.298958326035
3007,0.303697909252
3008,0.316979158928
3009,0.306874992508
3010,0.315208325638
3011,0.311874992386
3012,0.304999992554
3013,0.303124992599
3014,0.303072909267
3015,0.303593742588
3016,0.304166659241
3017,0.301770825966
3018,0.312395825706
3019,0.308333325806
3020,0.306614575848
3021,1.30958330136
3022,1.3039583015
3023,0.789270814064
3024,0.298177076054
3025,0.290937492897
3026,0.292291659531
3027,0.288177076298
3028,0.29026040958
3029,0.29026040958
3030,0.290572909573
3031,0.281874993118
3032,0.284999993042
3033,0.28291665976
3034,0.286666659668
3035,0.299531242687
3036,0.285104159706
3037,0.29203124287
3038,0.279791659836
3039,0.278281243206
3040,0.278489576534
3041,0.277552076557
3042,0.273229159996
3043,0.271249993378
3044,0.27333332666
3045,0.270624993393
3046,0.263437493568
3047,0.271093743382
3048,0.273177076664
3049,0.267447910137
3050,0.265260410191
3051,0.933385393879
3052,0.958229143272
3053,0.942968726978
3054,2.88187492964
3055,1.05124997433
3056,1.08760414011
3057,1.07286455714
3058,1.23249996991
3059,1.18031247118
3060,0.281614576458
3061,0.285781243023
3062,0.283489576412
3063,0.283645826408
3064,0.281979159782
3065,0.283385409748
3066,0.283229159752
3067,0.283749993073
3068,0.274895826622
3069,0.277916659882
3070,0.275781243267
3071,0.269583326752
3072,0.27130207671
3073,0.268489576778
3074,0.265104160194
3075,0.264791660202
3076,0.261822910275
3077,0.265468743519
3078,0.264583326874
3079,0.907187477852
3080,0.263958326889
3081,0.264062493553
3082,0.26322916024
3083,0.261510410282
3084,0.25994791032
3085,0.261614576946
3086,0.26171874361
3087,0.26270832692
3088,0.260833326965
3089,0.269270826759
3090,0.260156243649
3091,0.258802077015
3092,0.245885410664
3093,0.264531243542
3094,0.258489577023
3095,0.25817707703
3096,0.266458326828
3097,0.256249993744
3098,0.256979160393
3099,0.2566666604
3100,0.257812493706
3101,0.253593743809
3102,0.252656243832
3103,0.2662499935
3104,0.255104160439
3105,0.254947910442
3106,0.255520827095
3107,0.252031243847
3108,0.254114577129
3109,0.255468743763
3110,0.258124993698
3111,0.244166660706
3112,0.651145817436
3113,0.647812484184
3114,0.716041649185
3115,0.700052066242
3116,0.740781231915
3117,0.790833314026
3118,0.805989563656
3119,0.817760396702
3120,0.85130206255
3121,0.830416646393
3122,0.911302061085
3123,0.904166644592
3124,0.946354143562
3125,2.75484368274
3126,0.998906225613
3127,0.991458309128
3128,1.03005205819
3129,1.09718747321
3130,1.12791663913
3131,0.715885399189
3132,0.704270816139
3133,0.710260399326
3134,0.686562483238
3135,0.686770816566
3136,0.714374982559
3137,0.672812483574
3138,0.670416650299
3139,0.644947900921
3140,1.78546870641
3141,0.622552068134
3142,0.6444270676
3143,0.662760400486
3144,0.692031233105
3145,0.678958316757
3146,0.656822900631
3147,0.85635414576
3148,1.06421872402
3149,3.22989575448
3150,1.17135413807
3151,1.16552080488
3152,0.311614575726
3153,0.305052075886
3154,0.302343742619
3155,0.304687492561
3156,0.305624992538
3157,0.435156239376
3158,0.313072909023
3159,0.309270825783
3160,0.305572909206
3161,0.310052075764
3162,0.303177075932
3163,0.30666665918
3164,0.304843742558
3165,0.305989575863
3166,0.317499992249
3167,0.311197909069
3168,0.314166658997
3169,0.308541659134
3170,0.314322908993
3171,0.306145825859
3172,0.304114575909
3173,0.307916659149
3174,0.318697908886
3175,0.307604159157
3176,0.30515624255
3177,0.305989575863
3178,0.305208325882
3179,0.308229159142
3180,0.30515624255
3181,0.305052075886
3182,0.311770825722
3183,0.314895825645
3184,0.308333325806
3185,0.307239575832
3186,0.30666665918
3187,0.296770826088
3188,0.311770825722
3189,0.310520825752
3190,0.305468742542
3191,0.308072909145
3192,1.00291664218
3193,0.31197915905
3194,0.306874992508
3195,0.284218743061
3196,0.28697915966
3197,0.284999993042
3198,0.285729159691
3199,0.28494790971
3200,0.287083326324
3201,0.294270826149
3202,0.292187492867
3203,0.288385409626
3204,0.29708332608
3205,0.285052076374
3206,0.291927076206
3207,0.287708326309
3208,0.282083326447
3209,0.282812493095
3210,0.287708326309
3211,0.921354144173
3212,0.283749993073
3213,0.284374993057
3214,0.280572909817
3215,0.287187492989
3216,0.279791659836
3217,0.284270826393
3218,0.281614576458
3219,0.286770826332
3220,0.280624993149
3221,0.282447909771
3222,0.297604159401
3223,0.282499993103
3224,0.290208326248
3225,0.286249993011
3226,0.270208326736
3227,0.288802076283
3228,0.271927076694
3229,0.282864576427
3230,0.287499992981
3231,0.285624993027
3232,0.285156243038
3233,0.29885415937
3234,0.291979159538
3235,0.290885409565
3236,0.291562492882
3237,0.288593742954
3238,0.291614576214
3239,0.299739576015
3240,0.294322909481
3241,0.294739576138
3242,0.300468742664
3243,0.302552075947
3244,0.287708326309
3245,0.289791659592
3246,0.284531243053
3247,0.291406242886
3248,0.291562492882
3249,0.288124992966
3250,0.28874999295
3251,0.280572909817
3252,0.283906243069
3253,0.279999993164
3254,0.291406242886
3255,0.281718743122
3256,0.279999993164
3257,0.276666659912
3258,0.279791659836
3259,0.275520826607
3260,0.273697909985
3261,0.274374993301
3262,0.264270826881
3263,0.277083326569
3264,0.27333332666
3265,0.267499993469
3266,0.277552076557
3267,0.269947910076
3268,0.267291660141
3269,0.267812493462
3270,0.268593743443
3271,0.265937493507
3272,0.267916660126
3273,0.26979166008
3274,0.266979160149
3275,0.301406242641
3276,0.295677076115
3277,0.30692707584
3278,0.298385409382
3279,0.298072909389
3280,0.29656249276
3281,0.296145826103
3282,0.297343742741
3283,0.296770826088
3284,0.295416659454
3285,0.307864575817
3286,0.288437492958
3287,0.305729159203
3288,0.301197909313
3289,0.299322909359
3290,0.298958326035
3291,0.287239576321
3292,0.302083325958
3293,0.285885409687
3294,0.302864575939
3295,0.285572909695
3296,1.12312497258
3297,0.309218742451
3298,0.302916659271
3299,0.302708325943
3300,0.302708325943
3301,0.301979159294
3302,0.302552075947
3303,0.302395825951
3304,0.303333325928
3305,0.313072909023
3306,0.303333325928
3307,0.300885409321
3308,0.301510409306
3309,1.47479163066
3310,3.82286449
3311,0.287187492989
3312,0.285572909695
3313,0.285416659698
3314,0.285468743031
3315,0.285104159706
3316,0.287343742985
3317,0.295885409443
3318,0.286145826347
3319,0.294635409473
3320,0.289427076267
3321,0.300989575985
3322,0.298124992722
3323,0.292395826195
3324,0.287395826317
3325,0.290833326233
3326,0.293124992844
3327,0.970208309647
3328,0.295572909451
3329,0.290364576244
3330,0.290937492897
3331,0.286302076344
3332,0.288437492958
3333,0.290885409565
3334,0.288802076283
3335,0.292187492867
3336,0.290677076237
3337,0.296927076084
3338,0.289843742924
3339,0.289531242931
3340,0.288437492958
3341,0.29177082621
3342,0.28973957626
3343,0.292395826195
3344,0.28999999292
3345,0.296666659424
3346,0.290208326248
3347,0.288593742954
3348,0.992239559109
3349,0.293124992844
3350,0.441770822548
3351,1.43151038172
3352,1.39390621597
3353,0.334739575161
3354,0.215833328064
3355,0.212656244808
3356,0.214895828087
3357,0.206093744968
3358,0.203802078358
3359,0.203802078358
3360,0.205104161659
3361,0.205468744984
3362,0.214062494774
3363,0.215416661407
3364,0.204166661682
3365,0.204791661667
3366,0.213437494789
3367,0.204062495018
3368,0.202708328384
3369,0.203437495033
3370,0.202447911724
3371,0.203229161705
3372,0.202499995056
3373,0.20260416172
3374,0.201979161736
3375,0.768802064564
3376,0.204531245007
3377,0.205781244976
3378,0.200885411762
3379,0.202916661713
3380,0.202552078388
3381,0.202812495049
3382,0.20260416172
3383,0.204531245007
3384,0.205156244991
3385,0.203802078358
3386,0.203645828362
3387,0.204270828346
3388,0.214062494774
3389,0.206718744953
3390,0.212343744816
3391,0.206874994949
3392,0.206510411625
3393,0.205104161659
3394,0.205312494987
3395,0.206458328293
3396,0.207812494926
3397,0.204999994995
3398,0.204635411671
3399,0.203229161705
3400,0.204687495003
3401,0.204218745014
3402,4.51807280636
3403,1.48218746381
3404,0.919166644226
3405,0.299322909359
3406,0.297291659409
3407,0.9816666427
3408,0.291406242886
3409,0.287291659653
3410,0.285260409702
3411,0.294374992813
3412,0.291041659561
3413,0.281614576458
3414,0.295937492775
3415,0.26953124342
3416,0.288020826302
3417,0.272395826683
3418,0.288385409626
3419,0.271354160042
3420,0.286406243008
3421,0.27838540987
3422,0.275624993271
3423,0.276093743259
3424,0.277187493233
3425,0.271927076694
3426,0.275260409946
3427,0.277135409901
3428,0.272552076679
3429,0.270312493401
3430,0.417083323151
3431,0.894114561504
3432,0.272447910015
3433,0.267343743473
3434,0.270833326721
3435,0.270885410053
3436,0.270572910061
3437,0.271979160027
3438,0.27156249337
3439,0.265677076847
3440,0.258229160362
3441,0.271354160042
3442,0.268749993439
3443,0.267135410145
3444,0.267135410145
3445,0.264531243542
3446,0.304166659241
3447,0.564947902874
3448,0.57166665271
3449,0.584687485725
3450,0.554270819801
3451,0.579114569195
3452,0.556093736423
3453,0.613229151695
3454,0.585937485695
3455,0.60703123518
3456,0.570052069416
3457,0.57317706934
3458,0.57468748597
3459,0.600729152
3460,0.575520819283
3461,0.579427069187
3462,0.601197901989
3463,0.587760402317
3464,0.586614569012
3465,0.584999985718
3466,0.573281236004
3467,0.587812485649
3468,0.548854153267
3469,0.91901039423
3470,0.938177060429
3471,0.894479144829
3472,2.64786451869
3473,1.00468747547
3474,1.02354164168
3475,1.01932289178
3476,0.287552076313
3477,0.281770826454
3478,0.277760409885
3479,0.279531243176
3480,0.273229159996
3481,0.275260409946
3482,0.274947909954
3483,0.289218742939
3484,0.276979159904
3485,0.283229159752
3486,0.27812499321
3487,0.279427076511
3488,0.281614576458
3489,0.286666659668
3490,0.283802076405
3491,0.279583326508
3492,0.294999992798
3493,0.282656243099
3494,0.290364576244
3495,0.283124993088
3496,0.285416659698
3497,0.28343749308
3498,0.284166659729
3499,0.281249993134
3500,0.282239576443
3501,0.425104156288
3502,2.06776036618
3503,0.807552063618
3504,0.795677063908
3505,0.815104146767
3506,0.825781229839
3507,0.727552065571
3508,0.737239565334
3509,0.735833315369
3510,0.738958315292
3511,2.07166661609
3512,0.745624981796
3513,0.768072897915
3514,0.737864565319
3515,1.02067705841
3516,1.19749997076
3517,1.24854163618
3518,1.49390621353
3519,6.15359359977
3520,1.37536454976
3521,1.48057288052
3522,8.47604145973
3523,0.329270825294
3524,0.324062492088
3525,0.325260408726
3526,0.319739575527
3527,0.980208309402
3528,0.312031242382
3529,0.323281242107
3530,0.954218726704
3531,0.329531241955
3532,0.322916658783
3533,0.321093742161
3534,0.323177075443
3535,0.317395825584
3536,0.317708325577
3537,0.318958325546
3538,0.319843742191
3539,0.320156242184
3540,2.49604160573
3541,0.437968739307
3542,0.319166658875
3543,0.327760408665
3544,0.318229158897
3545,1.68484370887
3546,0.316145825615
3547,0.317395825584
3548,0.314583325653
3549,0.315937492287
3550,0.316302075611
3551,1.02380205834
3552,4.91713529662
3553,0.299114576031
3554,0.296458326096
3555,0.294010409489
3556,0.296666659424
3557,0.293333326172
3558,2.18807286325
3559,0.295520826118
3560,0.294062492821
3561,0.296718742756
3562,0.297343742741
3563,0.29859374271
3564,0.293593742832
3565,0.295989576107
3566,0.290989576229
3567,0.296145826103
3568,0.294999992798
3569,0.305937492531
3570,0.301145825981
3571,0.299947909344
3572,0.296302076099
3573,0.303072909267
3574,0.299062492699
3575,0.302291659286
3576,0.300520825996
3577,1.42734371515
3578,0.297708326065
3579,0.702864566174
3580,1.02864580822
3581,4.61619780397
3582,0.936302060474
3583,0.932499977234
3584,0.672552066914
3585,0.312552075703
3586,0.316666658936
3587,0.313437492348
3588,0.313645825676
3589,0.314270825661
3590,0.313229159019
3591,0.32208332547
3592,0.314374992325
3593,0.311093742405
3594,0.312864575695
3595,0.325312492058
3596,0.312291659042
3597,5.66640611166
3598,0.298072909389
3599,0.299479159355
3600,0.297343742741
3601,0.295572909451
3602,0.300833325989
3603,0.291979159538
3604,0.292083326202
3605,0.283906243069
3606,0.278802076527
3607,0.282656243099
3608,0.293333326172
3609,0.284062493065
3610,0.281458326462
3611,0.279479159843
3612,0.284010409733
3613,0.27359374332
3614,0.277135409901
3615,0.276822909908
3616,0.268333326782
3617,0.265989576839
3618,0.270885410053
3619,0.275677076603
3620,0.266302076832
3621,0.266354160164
3622,1.39666663257
3623,0.272395826683
3624,0.267604160133
3625,0.395729157005
3626,0.293333326172
3627,0.298749992706
3628,0.305677075871
3629,0.28645832634
3630,0.302656242611
3631,0.307031242504
3632,0.297187492744
3633,0.296979159416
3634,0.294895826134
3635,0.298489576046
3636,0.297239576077
3637,0.297760409397
3638,0.296666659424
3639,0.298437492714
3640,0.30843749247
3641,0.297916659393
3642,0.300677075993
3643,0.300052076008
3644,0.299427076023
3645,0.308645825798
3646,0.300052076008
3647,0.304427075901
3648,2.18921869655
3649,0.305572909206
3650,0.299687492683
3651,0.30390624258
3652,1.19708330411
3653,1.22682288671
3654,1.34994788371
3655,1.46645829753
3656,3.56218741303
3657,0.310416659088
3658,0.313072909023
3659,0.311874992386
3660,0.310624992416
3661,0.315364575634
3662,0.314583325653
3663,0.312708325699
3664,1.75083329059
3665,0.318072908901
3666,0.313697909008
3667,0.311510409061
3668,0.325520825386
3669,0.311927075718
3670,0.818177063358
3671,0.313802075672
3672,0.311249992401
3673,0.3071874925
3674,0.306510409184
3675,0.309322909115
3676,0.309843742435
3677,0.310781242413
3678,1.50192704667
3679,0.322447908794
3680,0.316458325607
3681,0.3167708256
3682,0.315208325638
3683,0.31854165889
3684,0.326979158684
3685,0.890885394917
3686,0.321145825493
3687,0.314218742329
3688,0.315624992294
3689,0.318489575558
3690,0.313072909023
3691,0.31374999234
3692,0.316666658936
3693,0.315989575619
3694,0.316979158928
3695,0.901510394657
3696,0.321354158821
3697,0.319791658859
3698,0.316666658936
3699,0.318697908886
3700,0.331562491905
3701,0.323177075443
3702,0.796197897228
3703,0.320364575512
3704,0.320364575512
3705,0.31854165889
3706,0.318749992218
3707,0.323749992096
3708,0.3208333255
3709,0.3167708256
3710,1.03942705796
3711,0.322447908794
3712,0.3208333255
3713,0.321770825478
3714,0.321145825493
3715,0.318958325546
3716,0.316354158943
3717,0.322135408802
3718,0.329999991943
3719,0.319114575542
3720,0.317968742237
3721,0.313541659012
3722,0.317812492241
3723,0.318489575558
3724,0.320364575512
3725,0.320989575497
3726,3.99572906911
3727,11.973645541
3728,0.200052078449
3729,0.199843745121
3730,0.201197911755
3731,0.202239578396
3732,0.199270828468
3733,0.206197911633
3734,0.200989578426
3735,0.208385411579
3736,0.205260411655
3737,0.205781244976
3738,0.201770828407
3739,0.19729166185
3740,0.195885411884
3741,0.200052078449
3742,0.19578124522
3743,0.196666661865
3744,0.193697911938
3745,0.19374999527
3746,0.195833328552
3747,0.195156245235
3748,0.195989578548
3749,0.195468745228
3750,0.193541661942
3751,1.14609372202
3752,0.198177078495
3753,0.194114578594
3754,0.192552078632
3755,0.195833328552
3756,0.192291661972
3757,0.208541661575
3758,0.193489578609
3759,0.199479161797
3760,0.193489578609
3761,0.197239578518
3762,0.536406236904
3763,0.201249995087
3764,0.192864578625
3765,0.960989559872
3766,0.955520810005
3767,1.09885413984
3768,0.901354144661
3769,0.274687493294
3770,0.271510410038
3771,0.27458332663
3772,0.27307291
3773,0.273229159996
3774,0.266979160149
3775,0.277395826561
3776,1.27968746876
3777,0.572552069355
3778,0.571249986053
3779,0.58328123576
3780,0.566406236172
3781,0.265781243511
3782,1.47473954733
3783,0.27333332666
3784,0.265781243511
3785,0.265520826851
3786,0.269479160088
3787,0.266927076817
3788,0.261614576946
3789,0.263645826897
3790,0.270781243389
3791,0.258645827019
3792,0.793437480629
3793,0.272239576687
3794,0.258749993683
3795,0.263854160225
3796,0.26145832695
3797,0.260156243649
3798,0.296874992752
3799,0.295572909451
3800,0.295885409443
3801,1.88968745387
3802,0.300416659332
3803,0.297760409397
3804,0.294531242809
3805,0.296979159416
3806,0.295260409458
3807,0.299010409367
3808,0.308593742466
3809,0.872552062031
3810,0.29505207613
3811,0.29682290942
3812,0.296197909435
3813,0.297135409412
3814,0.29380207616
3815,0.297656242733
3816,0.296354159431
3817,0.296979159416
3818,1.68093745896
3819,0.304791659225
3820,0.303177075932
3821,0.303333325928
3822,0.298072909389
3823,0.297343742741
3824,2.83739576406
3825,1.24687496956
3826,1.26270830251
3827,1.28447913531
3828,11.9191142923
3829,0.284895826378
3830,0.283072909756
3831,0.283541659744
3832,0.291874992874
3833,0.29026040958
3834,0.787343730778
3835,0.275781243267
3836,0.275781243267
3837,0.277239576565
3838,0.282343743107
3839,0.277968743214
3840,0.275052076618
3841,0.275937493263
3842,0.273958326645
3843,0.270989576717
3844,0.270364576733
3845,0.277291659897
3846,0.268437493446
3847,0.272864576672
3848,0.267604160133
3849,0.265885410175
3850,0.268645826775
3851,0.264374993546
3852,0.271406243374
3853,0.265937493507
3854,0.264583326874
3855,0.263177076908
3856,1.02572914162
3857,0.972708309586
3858,4.68791655222
3859,1.08380205687
3860,5.82640610775
3861,0.280989576473
3862,0.276302076588
3863,0.277708326553
3864,0.279479159843
3865,0.276562493248
3866,0.93947914373
3867,0.270729160057
3868,0.271666660034
3869,0.272395826683
3870,0.269114576763
3871,0.272552076679
3872,0.277291659897
3873,0.276979159904
3874,0.26776041013
3875,0.28192707645
3876,0.653437484047
3877,0.271093743382
3878,0.2662499935
3879,0.265208326859
3880,0.26828124345
3881,0.267604160133
3882,0.262812493584
3883,0.262395826927
3884,0.261354160286
3885,0.262083326935
3886,0.86723956216
3887,0.268645826775
3888,0.261822910275
3889,0.26447916021
3890,0.264322910213
3891,0.264531243542
3892,0.254479160454
3893,0.258385410358
3894,1.7505207906
3895,0.496770821205
3896,0.495312487907
3897,0.495937487892
3898,0.503333321045
3899,0.493958321274
3900,0.504427071018
3901,0.508333320923
3902,0.504270821022
3903,0.502864571056
3904,0.488541654739
3905,0.800624980453
3906,0.797343730534
3907,0.791302064014
3908,0.189635412037
3909,0.191041662003
3910,0.190677078678
3911,0.193802078602
3912,0.189479162041
3913,0.608020818489
3914,0.190520828682
3915,0.191562495323
3916,0.189583328705
3917,0.19197916198
3918,0.187239578762
3919,0.18895832872
3920,0.18895832872
3921,0.195677078556
3922,0.188749995392
3923,0.197864578503
3924,0.188906245388
3925,0.192812495293
3926,0.189843745365
3927,0.188385412067
3928,0.191458328659
3929,0.189583328705
3930,0.188593745396
3931,0.188229162071
3932,0.188020828743
3933,0.189895828697
3934,0.188385412067
3935,0.190677078678
3936,0.189947912029
3937,0.188437495399
3938,1.52562496275
3939,0.490052071369
3940,0.483802071522
3941,0.496927071201
3942,0.491145821342
3943,0.482447904888
3944,0.507395820946
3945,0.999947892254
3946,0.72880206554
3947,0.210364578197
3948,0.206093744968
3949,0.214427078098
3950,0.206927078281
3951,0.205156244991
3952,0.203437495033
3953,0.203906245022
3954,0.806458313644
3955,0.205729161644
3956,0.205312494987
3957,0.203697911694
3958,0.201302078419
3959,0.202864578381
3960,0.201770828407
3961,0.201666661743
3962,0.201197911755
3963,0.201979161736
3964,0.201614578411
3965,0.202916661713
3966,0.203333328369
3967,0.213385411457
3968,0.20562499498
3969,0.207083328278
3970,0.20109374509
3971,0.202864578381
3972,0.20411457835
3973,0.203749995026
3974,0.204270828346
3975,0.202864578381
3976,0.203697911694
3977,0.203385411701
3978,0.201822911739
3979,0.203124995041
3980,0.202708328384
3981,0.217343744694
3982,1.00140622555
3983,0.27963540984
3984,0.270833326721
3985,0.275729159935
3986,0.27359374332
3987,0.27333332666
3988,0.274166659973
3989,0.27333332666
3990,0.272395826683
3991,0.284635409718
3992,0.27635415992
3993,0.46885415522
3994,1.07968747364
3995,0.792031230663
3996,0.193593745274
3997,0.195572911892
3998,0.192343745304
3999,0.193593745274
4000,0.738072898647
4001,0.19578124522
4002,0.194843745243
4003,0.193385411945
4004,0.192656245296
4005,0.190781245342
4006,0.189739578701
4007,0.190624995346
4008,0.187604162086
4009,0.19020832869
4010,0.191354161995
4011,0.179687495613
4012,0.194114578594
4013,0.197812495171
4014,0.195729161888
4015,0.203645828362
4016,0.190312495354
4017,0.19197916198
4018,0.186614578777
4019,0.192656245296
4020,0.18895832872
4021,0.190312495354
4022,0.267916660126
4023,0.577656235897
4024,0.553437486488
4025,0.549531236584
4026,0.585729152367
4027,0.565624986191
4028,0.592187485542
4029,0.272135410023
4030,0.263333326904
4031,0.266927076817
4032,0.262552076923
4033,0.268437493446
4034,0.263437493568
4035,0.256770827065
4036,0.255312493767
4037,0.256302077076
4038,0.256354160408
4039,0.25614582708
4040,0.25614582708
4041,0.259739576992
4042,0.25437499379
4043,0.25614582708
4044,0.253541660477
4045,0.934843727177
4046,0.256718743732
4047,0.255052077106
4048,0.258072910366
4049,0.243906244045
4050,0.256510410404
4051,0.253541660477
4052,0.25640624374
4053,0.242968744068
4054,0.260624993637
4055,0.266718743488
4056,0.256197910412
4057,0.258906243679
4058,0.254010410465
4059,0.250624993881
4060,0.252135410511
4061,0.252187493843
4062,0.241302077442
4063,0.380208324051
4064,0.495572904568
4065,0.523541653885
4066,0.508177070927
4067,1.42838538179
4068,0.499895821129
4069,0.502552071064
4070,0.503645821037
4071,0.497343737858
4072,0.503229154381
4073,0.512708320816
4074,0.495572904568
4075,0.506927070957
4076,0.492447904644
4077,0.493229154625
4078,0.480937488258
4079,0.508541654251
4080,0.504374987686
4081,1.52817704602
4082,0.492291654648
4083,0.513906237453
4084,0.502552071064
4085,0.522812487236
4086,0.515624987411
4087,0.504947904339
4088,0.216927078037
4089,0.212968744801
4090,0.196718745197
4091,0.197395828514
4092,0.197864578503
4093,0.196197911877
4094,0.193958328598
4095,0.196249995209
4096,0.19604166188
4097,0.197499995178
4098,0.197864578503
4099,0.195989578548
4100,0.195468745228
4101,0.195052078571
4102,0.196666661865
4103,0.197239578518
4104,0.196249995209
4105,0.208437494911
4106,0.482083321564
4107,0.466718738605
4108,0.471614571819
4109,0.45999998877
4110,0.458229155479
4111,0.456510405521
4112,0.476249988373
4113,0.469218738544
4114,0.559947902996
4115,0.46229165538
4116,0.497499987854
4117,0.503229154381
4118,0.486406238125
4119,0.493072904629
4120,0.520312487297
4121,0.295468742786
4122,0.298072909389
4123,0.295729159447
4124,0.294999992798
4125,0.296354159431
4126,0.296249992767
4127,0.19552082856
4128,0.186197912121
4129,0.184322912167
4130,0.184843745487
4131,0.187812495415
4132,0.186874995438
4133,0.184999995483
4134,0.177031245678
4135,0.173072912441
4136,0.174947912395
4137,0.17557291238
4138,0.299791659348
4139,0.284322909725
4140,0.299218742695
4141,0.29682290942
4142,0.287083326324
4143,0.299791659348
4144,0.304166659241
4145,0.298020826057
4146,0.300677075993
4147,0.29682290942
4148,0.298489576046
4149,0.296197909435
4150,0.297812492729
4151,0.298906242702
4152,0.308177075809
4153,0.298906242702
4154,0.296041659439
4155,0.595312485466
4156,0.611406235073
4157,0.613072901699
4158,0.971770809608
4159,0.977499976135
4160,0.302031242626
4161,0.300572909328
4162,0.299583326019
4163,0.301666659302
4164,0.299114576031
4165,0.297656242733
4166,0.299270826027
4167,0.298802076038
4168,0.310520825752
4169,0.304010409245
4170,0.303072909267
4171,0.302499992615
4172,0.303020825935
4173,0.379531240734
4174,0.650885400776
4175,0.302291659286
4176,0.301562492638
4177,0.300312492668
4178,0.312864575695
4179,0.304947909222
4180,0.30390624258
4181,0.305572909206
4182,0.299947909344
4183,0.301406242641
4184,0.301354159309
4185,0.301562492638
4186,0.317083325592
4187,0.307239575832
4188,1.32651038428
4189,1.32828121757
4190,3.87692698868
4191,0.201666661743
4192,0.201145828423
4193,0.197760411839
4194,0.193958328598
4195,0.19729166185
4196,0.195104161903
4197,0.202812495049
4198,0.19604166188
4199,0.197708328506
4200,1.19020830428
4201,0.917708310928
4202,0.28697915966
4203,0.282291659775
4204,0.283593743076
4205,0.97005205965
4206,0.288124992966
4207,0.28317707642
4208,0.281822909786
4209,0.273854159981
4210,0.275208326614
4211,0.278489576534
4212,0.278177076542
4213,0.277083326569
4214,0.272552076679
4215,0.358020824593
4216,1.13531247228
4217,1.10703122297
4218,1.0690624739
4219,0.714531232555
4220,0.665364567089
4221,0.632604151222
4222,0.678177066776
4223,0.671302066944
4224,0.657916650604
4225,0.656562483971
4226,0.670312483635
4227,0.717447899151
4228,0.678229150108
4229,0.725416648956
4230,0.703177066166
4231,0.687239566555
4232,0.649374984146
4233,0.525989570492
4234,0.275520826607
4235,0.276718743244
4236,0.28494790971
4237,0.278697909863
4238,0.276718743244
4239,0.275937493263
4240,0.273958326645
4241,0.276302076588
4242,0.275468743275
4243,0.27484374329
4244,0.277447909893
4245,0.276249993256
4246,0.279843743168
4247,0.277760409885
4248,0.279479159843
4249,0.892135394886
4250,0.280520826485
4251,0.284635409718
4252,0.279583326508
4253,0.284270826393
4254,0.2798958265
4255,0.280468743153
4256,0.282447909771
4257,0.277760409885
4258,0.288124992966
4259,0.279739576504
4260,0.283333326416
4261,0.276666659912
4262,0.28015624316
4263,0.302864575939
4264,0.306093742527
4265,0.307916659149
4266,0.303593742588
4267,0.303124992599
4268,0.305052075886
4269,1.08744789012
4270,0.310364575756
4271,0.30541665921
4272,0.303072909267
4273,0.305364575878
4274,0.303958325912
4275,0.304583325897
4276,0.305520825874
4277,0.306458325851
4278,0.317343742252
4279,0.309479159111
4280,0.305937492531
4281,0.305364575878
4282,0.303854159248
4283,0.310416659088
4284,0.305364575878
4285,0.302604159279
4286,0.79901039716
4287,2.08088536586
4288,0.807499980286
4289,0.806614563641
4290,0.831822896358
4291,0.725729148949
4292,0.732187482124
4293,1.16432288824
4294,1.22968746998
4295,1.33682288403
4296,1.32208330106
4297,0.786406230801
4298,0.793385397297
4299,0.805156230343
4300,1.4035416324
4301,0.68838539986
4302,2.02338536727
4303,0.730520815498
4304,0.714374982559
4305,0.716354149178
4306,0.654583317352
4307,1.39192704935
4308,0.301145825981
4309,0.302291659286
4310,0.301770825966
4311,0.300989575985
4312,0.300572909328
4313,0.301406242641
4314,0.299687492683
4315,0.309010409122
4316,0.88239581179
4317,0.310989575741
4318,0.300416659332
4319,0.300364576
4320,0.298281242718
4321,0.296927076084
4322,0.302239575954
4323,0.287187492989
4324,0.304322909237
4325,0.309479159111
4326,0.304166659241
4327,0.309114575787
4328,1.68687495882
4329,0.312395825706
4330,0.304739575893
4331,0.307604159157
4332,0.31552082563
4333,0.928749977325
4334,0.307031242504
4335,0.302968742603
4336,0.302083325958
4337,0.302187492622
4338,0.301718742634
4339,0.299999992676
4340,0.304531242565
4341,0.305312492546
4342,0.30338540926
4343,1.47833329724
4344,0.306354159187
4345,0.30390624258
4346,0.301822909298
4347,0.306979159172
4348,0.30666665918
4349,0.319427075535
4350,0.309479159111
4351,0.319635408863
4352,0.4519270723
4353,0.305989575863
4354,0.309479159111
4355,0.309218742451
4356,0.308541659134
4357,0.305624992538
4358,0.307343742496
4359,0.307239575832
4360,1.02723955825
4361,0.309479159111
4362,0.306822909176
4363,0.305781242535
4364,0.30390624258
4365,0.307395825829
4366,0.318645825554
4367,0.314895825645
4368,0.309479159111
4369,0.306770825844
4370,0.305208325882
4371,0.30541665921
4372,0.304531242565
4373,0.306302075855
4374,0.308229159142
4375,0.304947909222
4376,0.303802075916
4377,0.854114562481
4378,0.305885409199
4379,0.304791659225
4380,0.307812492485
4381,0.294427076145
4382,0.312760409031
4383,0.295208326126
4384,0.317239575588
4385,0.311093742405
4386,0.308645825798
4387,0.307812492485
4388,0.309531242443
4389,0.308541659134
4390,0.307291659164
4391,0.308072909145
4392,0.30692707584
4393,0.315468742298
4394,2.40395827464
4395,0.309374992447
4396,0.313697909008
4397,0.313437492348
4398,0.31171874239
4399,0.317708325577
4400,0.785364564159
4401,0.311822909054
4402,0.311302075733
4403,0.314531242321
4404,0.437812489311
4405,0.313020825691
4406,0.313958325668
4407,0.318593742222
4408,0.315572908962
4409,0.94630206023
4410,0.312916659027
4411,0.959843726566
4412,0.874687478645
4413,1.90380203685
4414,0.859791645676
4415,0.880520811836
4416,0.798645813835
4417,0.80307289706
4418,0.813437480141
4419,1.09390622329
4420,0.307291659164
4421,0.314010409
4422,0.307447909161
4423,0.306562492516
4424,0.858437479042
4425,0.3099479091
4426,0.306354159187
4427,0.308124992477
4428,0.307864575817
4429,0.301510409306
4430,0.304374992569
4431,0.302916659271
4432,0.303072909267
4433,0.291302076221
4434,0.314374992325
4435,0.293333326172
4436,0.310937492409
4437,0.310260409092
4438,0.308593742466
4439,0.314062492332
4440,0.317083325592
4441,0.308802075794
4442,0.922083310822
4443,0.320104158852
4444,0.862083312286
4445,0.304166659241
4446,0.295104159462
4447,0.306406242519
4448,0.292812492851
4449,0.313958325668
4450,0.307916659149
4451,0.316093742283
4452,4.68989571883
4453,1.4293749651
4454,0.297812492729
4455,0.293697909496
4456,0.289947909588
4457,0.283072909756
4458,0.280677076481
4459,0.280677076481
4460,0.282447909771
4461,0.288802076283
4462,0.283229159752
4463,0.283645826408
4464,0.278437493202
4465,0.28015624316
4466,0.279583326508
4467,0.28343749308
4468,0.155729162865
4469,0.291874992874
4470,0.28848957629
4471,0.28468749305
4472,0.277916659882
4473,0.279583326508
4474,0.279010409855
4475,0.27963540984
4476,0.281718743122
4477,0.279062493187
4478,0.273958326645
4479,0.278489576534
4480,0.275677076603
4481,0.277395826561
4482,0.271145826714
4483,0.270104160072
4484,0.276510409916
4485,0.268333326782
4486,0.297135409412
4487,0.298489576046
4488,0.29531249279
4489,0.297812492729
4490,0.298645826042
4491,0.304999992554
4492,0.197499995178
4493,0.205312494987
4494,0.187916662079
4495,0.297135409412
4496,0.299739576015
4497,0.299635409351
4498,0.299999992676
4499,0.302708325943
4500,0.301406242641
4501,0.297968742725
4502,0.299739576015
4503,0.300312492668
4504,0.302656242611
4505,0.300989575985
4506,0.298906242702
4507,0.305833325867
4508,0.302447909283
4509,0.302031242626
4510,0.30010415934
4511,0.303281242596
4512,0.301302075977
4513,0.644999984253
4514,0.50421873769
4515,0.302031242626
4516,0.303749992584
4517,0.29682290942
4518,0.271666660034
4519,0.269999993408
4520,0.268593743443
4521,0.269479160088
4522,0.27661457658
4523,0.277708326553
4524,0.27687499324
4525,0.282083326447
4526,0.277916659882
4527,0.279062493187
4528,0.278697909863
4529,0.282083326447
4530,0.281718743122
4531,0.280989576473
4532,0.289791659592
4533,0.280989576473
4534,1.30760413474
4535,1.22994788664
4536,3.51036449763
4537,1.37312496648
4538,1.31864580114
4539,0.20385416169
4540,0.197187495186
4541,0.197239578518
4542,0.193802078602
4543,0.184270828835
4544,0.197968745167
4545,0.194062495262
4546,0.19374999527
4547,0.199947911785
4548,0.1924999953
4549,0.193072911953
4550,0.190781245342
4551,0.192291661972
4552,0.181614578899
4553,0.195572911892
4554,0.195937495216
4555,0.191510411991
4556,0.194583328583
4557,0.181562495567
4558,0.196458328537
4559,0.198958328476
4560,1.29692705167
4561,1.29260413511
4562,1.32578121763
4563,2.91687492879
4564,0.204947911663
4565,0.204166661682
4566,0.200468745106
4567,0.202656245052
4568,0.19552082856
4569,0.193437495277
4570,0.200520828438
4571,0.197187495186
4572,0.193906245266
4573,0.196093745213
4574,0.194427078587
4575,0.195677078556
4576,0.196510411869
4577,0.195208328568
4578,0.191562495323
4579,0.194531245251
4580,0.191406245327
4581,0.191458328659
4582,0.192864578625
4583,0.193124995285
4584,0.191874995316
4585,0.191927078648
4586,0.192187495308
4587,0.194947911907
4588,0.191614578655
4589,0.192552078632
4590,0.190312495354
4591,0.193124995285
4592,0.620885401508
4593,0.189166662048
4594,0.190937495338
4595,0.19046874535
4596,0.189322912045
4597,0.201927078403
4598,0.201666661743
4599,0.190781245342
4600,0.189739578701
4601,0.190885412006
4602,0.190156245358
4603,0.189947912029
4604,0.188802078724
4605,0.195937495216
4606,0.191666661987
4607,0.190833328674
4608,0.190260412022
4609,0.188749995392
4610,0.18895832872
4611,0.190677078678
4612,0.188281245403
4613,0.191145828667
4614,0.188281245403
4615,0.188802078724
4616,0.191093745335
4617,0.191666661987
4618,0.190260412022
4619,0.193697911938
4620,0.189479162041
4621,0.18895832872
4622,0.189270828712
4623,2.16895828038
4624,0.88213539513
4625,0.848749979279
4626,0.872604145363
4627,0.842604146095
4628,0.971249976288
4629,0.94124997702
4630,0.960052059895
4631,0.943124976974
4632,1.20119788734
4633,0.644947900921
4634,0.65604165065
4635,0.664791650436
4636,0.633645817863
4637,0.596510402103
4638,0.588437485634
4639,0.605208318558
4640,0.58151040247
4641,0.591197902233
4642,0.58885415229
4643,0.581249985809
4644,0.605468735218
4645,0.299583326019
4646,0.271927076694
4647,0.269427076756
4648,0.268645826775
4649,0.273177076664
4650,0.279791659836
4651,0.270312493401
4652,0.275520826607
4653,0.26677082682
4654,0.262916660248
4655,0.267343743473
4656,0.262499993591
4657,0.262083326935
4658,0.267343743473
4659,0.261822910275
4660,0.259479160332
4661,0.264531243542
4662,0.26499999353
4663,0.263958326889
4664,0.268124993454
4665,0.261145826958
4666,0.259895826988
4667,0.259791660324
4668,0.261354160286
4669,0.262239576931
4670,0.256249993744
4671,0.259114577007
4672,0.258333327026
4673,0.265989576839
4674,0.261145826958
4675,0.259739576992
4676,0.257864577038
4677,0.258645827019
4678,0.260052076984
4679,0.25640624374
4680,0.256458327072
4681,0.294427076145
4682,0.295833326111
4683,0.294583326141
4684,0.295364576122
4685,0.295260409458
4686,0.302812492607
4687,0.293645826164
4688,0.295416659454
4689,0.297916659393
4690,0.295260409458
4691,0.295937492775
4692,0.297499992737
4693,0.293489576168
4694,0.301979159294
4695,0.295937492775
4696,0.294427076145
4697,0.297916659393
4698,0.296718742756
4699,0.294531242809
4700,0.297604159401
4701,0.29708332608
4702,0.296979159416
4703,0.298541659378
4704,0.297916659393
4705,1.07260414048
4706,0.302031242626
4707,0.298177076054
4708,0.298229159386
4709,0.298697909374
4710,0.298958326035
4711,0.298281242718
4712,0.303593742588
4713,0.313541659012
4714,0.301145825981
4715,0.303958325912
4716,0.298697909374
4717,0.295937492775
4718,0.296718742756
4719,0.299062492699
4720,0.300208326004
4721,0.300052076008
4722,0.299999992676
4723,0.301510409306
4724,0.300260409336
4725,0.305729159203
4726,0.33244790855
4727,0.712499982605
4728,0.703437482826
4729,0.689270816505
4730,0.707812482719
4731,0.710468732655
4732,0.710624982651
4733,0.704010399479
4734,0.691041649796
4735,0.687916649872
4736,0.6813020667
4737,0.217916661346
4738,0.175937495705
4739,0.179166662292
4740,0.166614579266
4741,0.18062499559
4742,0.168020829231
4743,0.182291662216
4744,0.176041662369
4745,0.175729162376
4746,0.184427078831
4747,0.179322912289
4748,0.176614579021
4749,0.176562495689
4750,0.176510412357
4751,0.179322912289
4752,0.177499995667
4753,0.176979162346
4754,0.175937495705
4755,0.177187495674
4756,0.176718745686
4757,0.179999995605
4758,0.175156245724
4759,0.179999995605
4760,0.176666662354
4761,0.178020828987
4762,0.177031245678
4763,0.17859374564
4764,0.176510412357
4765,0.177187495674
4766,0.175260412388
4767,0.619531234875
4768,0.181718745564
4769,0.179427078953
4770,0.175989579037
4771,0.176562495689
4772,0.177187495674
4773,0.178437495644
4774,0.176249995697
4775,0.179322912289
4776,0.177656245663
4777,0.176614579021
4778,0.176874995682
4779,0.166666662598
4780,0.179947912273
4781,0.184791662155
4782,0.182343745548
4783,0.179010412296
4784,0.180208328934
4785,0.177291662338
4786,0.177135412342
4787,0.178229162315
4788,0.176145829033
4789,0.178124995651
4790,0.177395829002
4791,0.178749995636
4792,0.177395829002
4793,0.17859374564
4794,0.177656245663
4795,0.176666662354
4796,0.181302078907
4797,0.176718745686
4798,0.178697912304
4799,0.179635412281
4800,0.178906245632
4801,0.177812495659
4802,0.189374995377
4803,0.179843745609
4804,0.177499995667
4805,0.180937495583
4806,1.43520829829
4807,1.47005204744
4808,0.325468742054
4809,0.316874992264
4810,0.316041658951
4811,0.318593742222
4812,0.316458325607
4813,0.327656242001
4814,0.318593742222
4815,0.316927075596
4816,0.317447908916
4817,0.314218742329
4818,0.316354158943
4819,0.314166658997
4820,0.314322908993
4821,0.327604158669
4822,0.319427075535
4823,0.324947908733
4824,0.315677075626
4825,0.315156242306
4826,0.316874992264
4827,0.316562492271
4828,0.320156242184
4829,0.323697908764
4830,0.316406242275
4831,1.13281247234
4832,0.321562492149
4833,0.322812492119
4834,0.320104158852
4835,0.319687492195
4836,0.32057290884
4837,0.322604158791
4838,0.316979158928
4839,0.328020825325
4840,0.314374992325
4841,0.318124992233
4842,0.317604158913
4843,0.31526040897
4844,0.312864575695
4845,0.317916658905
4846,0.317343742252
4847,1.48140621383
4848,0.328281241985
4849,0.321874992142
4850,0.325833325378
4851,0.323697908764
4852,0.332135408558
4853,0.321197908825
4854,0.315156242306
4855,0.321249992157
4856,0.31906249221
4857,0.317395825584
4858,0.318593742222
4859,0.316979158928
4860,0.321145825493
4861,0.317187492256
4862,0.320989575497
4863,0.331145825249
4864,0.322968742115
4865,0.321302075489
4866,0.316041658951
4867,0.319843742191
4868,0.314062492332
4869,0.320885408833
4870,0.320416658844
4871,0.325156242062
4872,0.329374991959
4873,0.319374992203
4874,0.317552075581
4875,0.319322908871
4876,0.323489575436
4877,0.316197908947
4878,0.308124992477
4879,0.317656242245
4880,0.31552082563
4881,0.3167708256
4882,0.33067707526
4883,0.320104158852
4884,0.300416659332
4885,0.299062492699
4886,0.300520825996
4887,0.300052076008
4888,0.301822909298
4889,0.300572909328
4890,0.293437492836
4891,0.298124992722
4892,0.284895826378
4893,0.296666659424
4894,0.282656243099
4895,0.294947909466
4896,0.279739576504
4897,0.28140624313
4898,0.285104159706
4899,0.283645826408
4900,0.285052076374
4901,0.284635409718
4902,0.277552076557
4903,0.276249993256
4904,0.280416659821
4905,0.946406226894
4906,0.280572909817
4907,0.278541659866
4908,0.27182291003
4909,0.27484374329
4910,0.27661457658
4911,0.275937493263
4912,0.273802076649
4913,0.276666659912
4914,0.280989576473
4915,0.273437493324
4916,0.263593743565
4917,0.277187493233
4918,0.264635410206
4919,0.272291660019
4920,0.266302076832
4921,0.265781243511
4922,0.267708326797
4923,0.263593743565
4924,0.262812493584
4925,0.265156243526
4926,0.265156243526
4927,0.267708326797
4928,0.86520831221
4929,0.932499977234
4930,0.958020809944
4931,0.976458309494
4932,0.948958310165
4933,0.880208311844
4934,0.640156234371
4935,0.619218734882
4936,1.72755204116
4937,0.562083319611
4938,0.578541652542
4939,0.57015623608
4940,0.625416651398
4941,0.591406235561
4942,0.599739568691
4943,0.607812485161
4944,0.576614569256
4945,0.601249985321
4946,0.61385415168
4947,0.589270818947
4948,1.62833329358
4949,0.276562493248
4950,0.275833326599
4951,0.270989576717
4952,0.277343743229
4953,0.26447916021
4954,0.277604159889
4955,0.264166660217
4956,0.280781243145
4957,0.275208326614
4958,0.277812493217
4959,0.277968743214
4960,0.276510409916
4961,0.274270826637
4962,0.272968743336
4963,0.271927076694
4964,0.27359374332
4965,0.276145826591
4966,0.27484374329
4967,0.277083326569
4968,0.276249993256
4969,0.959322893246
4970,0.284374993057
4971,0.279947909832
4972,0.279427076511
4973,0.276822909908
4974,0.279166659851
4975,0.279739576504
4976,0.275208326614
4977,0.277604159889
4978,0.287395826317
4979,0.278281243206
4980,0.281354159798
4981,0.28343749308
4982,0.280989576473
4983,0.282447909771
4984,0.287239576321
4985,0.281510409794
4986,0.277760409885
4987,0.279374993179
4988,0.282187493111
4989,0.283854159737
4990,0.294583326141
4991,0.28520832637
4992,0.283333326416
4993,0.281093743137
4994,0.284374993057
4995,0.283854159737
4996,0.765104147987
4997,1.36791663327
4998,1.41770829872
4999,0.321458325485
5000,0.287447909649
5001,0.286041659683
5002,0.285937493019
5003,0.285937493019
5004,0.285937493019
5005,0.284166659729
5006,0.284843743046
5007,0.292291659531
5008,0.288697909618
5009,0.294895826134
5010,0.288906242947
5011,0.286510409672
5012,0.291197909557
5013,0.28796874297
5014,0.288177076298
5015,0.288802076283
5016,0.285104159706
5017,0.284531243053
5018,0.289895826256
5019,0.28796874297
5020,0.292499992859
5021,0.304791659225
5022,0.293958326157
5023,0.291718742878
5024,0.291093742893
5025,1.13687497224
5026,1.40697913232
5027,1.42307288192
5028,1.47286454737
5029,1.47130204741
5030,1.10833330627
5031,0.162135412708
5032,0.153124996262
5033,0.159843746098
5034,0.152760412937
5035,0.153645829582
5036,0.14979166301
5037,0.136718746662
5038,0.153645829582
5039,0.138749996613
5040,0.154114579571
5041,0.136822913326
5042,0.151354162971
5043,0.136562496666
5044,0.153541662918
5045,0.993749975739
5046,0.296354159431
5047,0.286927076328
5048,0.29380207616
5049,0.285677076359
5050,0.293177076176
5051,0.289166659607
5052,0.285052076374
5053,0.287916659637
5054,0.293489576168
5055,0.278593743198
5056,0.277031243237
5057,0.267552076801
5058,0.2798958265
5059,0.276770826576
5060,0.276718743244
5061,0.279218743183
5062,0.277343743229
5063,0.276406243252
5064,0.273020826668
5065,0.272499993347
5066,0.271249993378
5067,0.273541659988
5068,0.285989576351
5069,0.272291660019
5070,0.269739576748
5071,0.269270826759
5072,0.269114576763
5073,0.270156243404
5074,0.267708326797
5075,0.275312493279
5076,0.275624993271
5077,0.166927079258
5078,0.157604162819
5079,0.157968746143
5080,0.148906246365
5081,0.152291662949
5082,0.151041662979
5083,0.149635413013
5084,0.150937496315
5085,0.151145829643
5086,0.150989579647
5087,0.15182291296
5088,0.150937496315
5089,0.940156227047
5090,0.93770831044
5091,0.935520810493
5092,0.890624978256
5093,0.276302076588
5094,0.277239576565
5095,0.275520826607
5096,0.275677076603
5097,0.275260409946
5098,0.283749993073
5099,0.276822909908
5100,0.298437492714
5101,0.2935416595
5102,0.273229159996
5103,0.275208326614
5104,0.276093743259
5105,0.281145826469
5106,0.276510409916
5107,0.281093743137
5108,0.27786457655
5109,0.281562493126
5110,0.279791659836
5111,0.289531242931
5112,0.281770826454
5113,0.280520826485
5114,0.280364576488
5115,0.279531243176
5116,0.280260409824
5117,0.280677076481
5118,0.265729160179
5119,0.289895826256
5120,0.721614565716
5121,0.683958316635
5122,0.714166649231
5123,0.693802066395
5124,0.714374982559
5125,0.685781233257
5126,1.98468745155
5127,0.301822909298
5128,0.299947909344
5129,0.299687492683
5130,0.299583326019
5131,0.298749992706
5132,0.297708326065
5133,0.298229159386
5134,0.310052075764
5135,0.29984374268
5136,0.298124992722
5137,0.298906242702
5138,0.297968742725
5139,0.300781242657
5140,0.300937492653
5141,0.303489575924
5142,0.302031242626
5143,0.303124992599
5144,1.50989579647
5145,0.746354148445
5146,0.695104149696
5147,0.701874982864
5148,0.722916649017
5149,0.695520816353
5150,0.734947898724
5151,0.710312482658
5152,0.736249982025
5153,0.648645817497
5154,0.279687493172
5155,0.277499993225
5156,0.278072909878
5157,1.02072914175
5158,0.278802076527
5159,0.280260409824
5160,0.280364576488
5161,0.276302076588
5162,0.277239576565
5163,0.280312493156
5164,0.277604159889
5165,0.279791659836
5166,0.289427076267
5167,0.279010409855
5168,0.281614576458
5169,0.282864576427
5170,0.295677076115
5171,0.310885409077
5172,0.304583325897
5173,0.303541659256
5174,0.304791659225
5175,0.303697909252
5176,0.308333325806
5177,0.316979158928
5178,0.306041659195
5179,0.304010409245
5180,0.30515624255
5181,0.555104153114
5182,0.304218742573
5183,0.305208325882
5184,0.307968742481
5185,0.318124992233
5186,0.30489582589
5187,0.31499999231
5188,0.304427075901
5189,0.30364582592
5190,0.305312492546
5191,0.304583325897
5192,0.286510409672
5193,0.283124993088
5194,0.285156243038
5195,1.04369789119
5196,0.28822915963
5197,0.28822915963
5198,0.289166659607
5199,0.288072909634
5200,0.289687492928
5201,0.291666659546
5202,0.287187492989
5203,0.286770826332
5204,0.293906242825
5205,0.285729159691
5206,0.290624992905
5207,0.286302076344
5208,0.286302076344
5209,0.288593742954
5210,0.284166659729
5211,0.288072909634
5212,0.284479159721
5213,0.286927076328
5214,0.287031242992
5215,0.285989576351
5216,0.286406243008
5217,0.285156243038
5218,0.29531249279
5219,0.309531242443
5220,0.849947895916
5221,0.310260409092
5222,0.308072909145
5223,0.309479159111
5224,0.313854159004
5225,0.78739581411
5226,0.310729159081
5227,0.309739575771
5228,0.306562492516
5229,0.311041659073
5230,0.308124992477
5231,0.311874992386
5232,0.310312492424
5233,0.310416659088
5234,2.13213536461
5235,0.316041658951
5236,0.311406242397
5237,0.31729165892
5238,0.314531242321
5239,0.322916658783
5240,0.324062492088
5241,2.55124993771
5242,1.47463538066
5243,7.87213522448
5244,0.313385409016
5245,0.302864575939
5246,0.298906242702
5247,0.281614576458
5248,0.295833326111
5249,0.284062493065
5250,0.299739576015
5251,0.284999993042
5252,0.29203124287
5253,0.274114576641
5254,1.16119788832
5255,0.294010409489
5256,0.28848957629
5257,0.288072909634
5258,0.276302076588
5259,0.260468743641
5260,0.282864576427
5261,0.265572910183
5262,0.277812493217
5263,0.26296874358
5264,0.280624993149
5265,0.26677082682
5266,0.278593743198
5267,1.49473954684
5268,0.275885409931
5269,0.273749993317
5270,0.296510409428
5271,0.297916659393
5272,0.298229159386
5273,0.296927076084
5274,0.310624992416
5275,0.876874978592
5276,0.30338540926
5277,0.302239575954
5278,0.299114576031
5279,0.290208326248
5280,0.719218732441
5281,0.302604159279
5282,0.302499992615
5283,0.30010415934
5284,0.851458312546
5285,0.303437492592
5286,0.300729159325
5287,0.301562492638
5288,0.301927075962
5289,0.300416659332
5290,0.310260409092
5291,0.208541661575
5292,0.288281242962
5293,0.915572894314
5294,0.3099479091
5295,0.304947909222
5296,0.306197909191
