frame,wall_ms,frame_wait_ms,scene_advance_ms,view_build_ms,render_submit_ms,gpu_valid,gpu_serial,gpu_ms,process_valid,process_cpu_ms,working_set_bytes,private_bytes,vma_valid,vma_allocation_bytes,vma_peak_allocation_bytes,vma_heap_usage_bytes,vma_heap_budget_bytes,raw_instances,visible_instances,culled_instances,lights,depth_draw_calls,shadow_draw_calls,base_draw_calls,lighting_draw_calls,tone_map_draw_calls,legacy_draw_calls,presenter_draw_calls,draw_calls,total_draw_calls,all_draw_calls,dispatch_count,shadow_faces,shadow_cache_hits,shadow_misses,shadow_batches,asset_upload_bytes,dynamic_lighting_upload_bytes,gather_ms,plan_ms,upload_frame_ms
0,2.587,0.921,0.001,0.087,0.027,0,0,,1,0,231809024,288837632,1,71217344,71217344,167755776,38823561584,1004,1004,0,2,3,0,3,3,1,0,1,9,10,11,1,0,2,0,1,0,133472,0.39,0.924,0.01
1,5.499,3.693,0,0.09,0.034,0,0,,0,,,,0,,,,,1004,1004,0,2,3,0,3,3,1,0,1,9,10,11,1,0,2,0,1,0,133472,0.435,0.883,0.009
2,3.886,2.092,0,0.06,0.051,0,0,,0,,,,0,,,,,1004,1004,0,2,3,0,3,3,1,0,1,9,10,11,1,0,2,0,1,0,133472,0.417,0.928,0.012
3,3.19,1.253,0.001,0.095,0.051,0,0,,0,,,,0,,,,,1004,1004,0,2,3,0,3,3,1,0,1,9,10,11,1,0,2,0,1,0,133472,0.432,0.968,0.011
4,3.558,1.627,0.001,0.077,0.039,0,0,,0,,,,0,,,,,1004,1004,0,2,3,0,3,3,1,0,1,9,10,11,1,0,2,0,1,0,133472,0.436,1.029,0.011
5,4.724,2.856,0.001,0.071,0.042,0,0,,0,,,,0,,,,,1004,1004,0,2,3,0,3,3,1,0,1,9,10,11,1,0,2,0,1,0,133472,0.386,1.028,0.016
6,3.638,1.346,0.001,0.078,0.065,0,0,,0,,,,0,,,,,1004,1004,0,2,3,0,3,3,1,0,1,9,10,11,1,0,2,0,1,0,133472,0.486,1.233,0.023
7,3.912,1.885,0.001,0.097,0.059,0,0,,0,,,,0,,,,,1004,1004,0,2,3,0,3,3,1,0,1,9,10,11,1,0,2,0,1,0,133472,0.452,1.037,0.012
8,3.176,1.365,0.001,0.085,0.042,0,0,,0,,,,0,,,,,1004,1004,0,2,3,0,3,3,1,0,1,9,10,11,1,0,2,0,1,0,133472,0.432,0.894,0.011
9,10.709,8.556,0,0.08,0.04,0,0,,0,,,,0,,,,,1004,1004,0,2,3,0,3,3,1,0,1,9,10,11,1,0,2,0,1,0,133472,0.459,1.026,0.038
10,49.432,47.4,0,0.067,0.05,0,0,,0,,,,0,,,,,1004,1004,0,2,3,0,3,3,1,0,1,9,10,11,1,0,2,0,1,0,133472,0.523,0.994,0.015
11,19.205,17.208,0.001,0.064,0.052,0,0,,0,,,,0,,,,,1004,1004,0,2,3,0,3,3,1,0,1,9,10,11,1,0,2,0,1,0,133472,0.461,1.013,0.014
12,2.904,0.779,0,0.076,0.065,0,0,,0,,,,0,,,,,1004,1004,0,2,3,0,3,3,1,0,1,9,10,11,1,0,2,0,1,0,133472,0.504,0.994,0.013
13,2.576,0.265,0,0.138,0.032,0,0,,0,,,,0,,,,,1004,1004,0,2,3,0,3,3,1,0,1,9,10,11,1,0,2,0,1,0,133472,0.499,1.143,0.01
14,3.102,1.138,0,0.086,0.025,0,0,,0,,,,0,,,,,1004,1004,0,2,3,0,3,3,1,0,1,9,10,11,1,0,2,0,1,0,133472,0.524,1.002,0.007
15,2.07,0.413,0.001,0.072,0.027,0,0,,0,,,,0,,,,,1004,1004,0,2,3,0,3,3,1,0,1,9,10,11,1,0,2,0,1,0,133472,0.381,0.889,0.007
16,3.082,0.741,0,0.061,0.051,0,0,,0,,,,0,,,,,1004,1004,0,2,3,0,3,3,1,0,1,9,10,11,1,0,2,0,1,0,133472,0.519,1.201,0.017
17,3.066,0.96,0.001,0.102,0.038,0,0,,0,,,,0,,,,,1004,1004,0,2,3,0,3,3,1,0,1,9,10,11,1,0,2,0,1,0,133472,0.47,1.052,0.013
18,3.226,1.004,0,0.136,0.046,0,0,,0,,,,0,,,,,1004,1004,0,2,3,0,3,3,1,0,1,9,10,11,1,0,2,0,1,0,133472,0.508,1.116,0.013
19,2.992,0.95,0.001,0.102,0.031,0,0,,0,,,,0,,,,,1004,1004,0,2,3,0,3,3,1,0,1,9,10,11,1,0,2,0,1,0,133472,0.497,1.032,0.012
20,14.621,12.65,0,0.193,0.043,0,0,,0,,,,0,,,,,1004,1004,0,2,3,0,3,3,1,0,1,9,10,11,1,0,2,0,1,0,133472,0.468,0.85,0.013
21,21.254,19.558,0,0.098,0.047,0,0,,0,,,,0,,,,,1004,1004,0,2,3,0,3,3,1,0,1,9,10,11,1,0,2,0,1,0,133472,0.367,0.808,0.012
22,2.45,0.756,0.001,0.086,0.027,0,0,,0,,,,0,,,,,1004,1004,0,2,3,0,3,3,1,0,1,9,10,11,1,0,2,0,1,0,133472,0.397,0.833,0.009
23,3.119,1.135,0,0.091,0.033,0,0,,0,,,,0,,,,,1004,1004,0,2,3,0,3,3,1,0,1,9,10,11,1,0,2,0,1,0,133472,0.465,1.008,0.009
24,2.672,0.31,0,0.07,0.054,0,0,,0,,,,0,,,,,1004,1004,0,2,3,0,3,3,1,0,1,9,10,11,1,0,2,0,1,0,133472,0.528,1.341,0.015
25,2.659,0.677,0,0.085,0.049,0,0,,0,,,,0,,,,,1004,1004,0,2,3,0,3,3,1,0,1,9,10,11,1,0,2,0,1,0,133472,0.449,0.99,0.009
26,2.082,0.2,0.001,0.129,0.037,0,0,,0,,,,0,,,,,1004,1004,0,2,3,0,3,3,1,0,1,9,10,11,1,0,2,0,1,0,133472,0.444,0.908,0.008
27,2.444,1.023,0,0.071,0.021,0,0,,0,,,,0,,,,,1004,1004,0,2,3,0,3,3,1,0,1,9,10,11,1,0,2,0,1,0,133472,0.332,0.712,0.005
28,2.393,0.819,0,0.07,0.019,0,0,,0,,,,0,,,,,1004,1004,0,2,3,0,3,3,1,0,1,9,10,11,1,0,2,0,1,0,133472,0.433,0.762,0.005
29,2.772,0.652,0,0.105,0.041,0,0,,0,,,,0,,,,,1004,1004,0,2,3,0,3,3,1,0,1,9,10,11,1,0,2,0,1,0,133472,0.595,0.943,0.01
30,2.062,0.116,0,0.079,0.023,0,0,,1,62.5,231837696,288837632,1,71217344,71217344,167755776,38823561584,1004,1004,0,2,3,0,3,3,1,0,1,9,10,11,1,0,2,0,1,0,133472,0.394,1.163,0.033
31,1.532,0.196,0,0.044,0.029,0,0,,0,,,,0,,,,,1004,1004,0,2,3,0,3,3,1,0,1,9,10,11,1,0,2,0,1,0,133472,0.336,0.71,0.007
32,3.381,1.562,0.001,0.126,0.031,0,0,,0,,,,0,,,,,1004,1004,0,2,3,0,3,3,1,0,1,9,10,11,1,0,2,0,1,0,133472,0.405,0.895,0.008
33,2.322,0.967,0,0.065,0.023,0,0,,0,,,,0,,,,,1004,1004,0,2,3,0,3,3,1,0,1,9,10,11,1,0,2,0,1,0,133472,0.295,0.716,0.005
34,2.245,0.705,0,0.076,0.023,0,0,,0,,,,0,,,,,1004,1004,0,2,3,0,3,3,1,0,1,9,10,11,1,0,2,0,1,0,133472,0.349,0.781,0.005
35,2.051,0.469,0.001,0.082,0.032,0,0,,0,,,,0,,,,,1004,1004,0,2,3,0,3,3,1,0,1,9,10,11,1,0,2,0,1,0,133472,0.312,0.859,0.007
36,2.449,0.002,0,0.06,0.058,0,0,,0,,,,0,,,,,1004,1004,0,2,3,0,3,3,1,0,1,9,10,11,1,0,2,0,1,0,133472,0.542,1.367,0.02
37,1.872,0.002,0,0.074,0.024,0,0,,0,,,,0,,,,,1004,1004,0,2,3,0,3,3,1,0,1,9,10,11,1,0,2,0,1,0,133472,0.46,1.002,0.009
38,1.767,0.247,0,0.076,0.04,0,0,,0,,,,0,,,,,1004,1004,0,2,3,0,3,3,1,0,1,9,10,11,1,0,2,0,1,0,133472,0.372,0.74,0.01
39,1.891,0.441,0.001,0.108,0.028,0,0,,0,,,,0,,,,,1004,1004,0,2,3,0,3,3,1,0,1,9,10,11,1,0,2,0,1,0,133472,0.354,0.72,0.006
40,1.765,0.519,0,0.06,0.013,0,0,,0,,,,0,,,,,1004,1004,0,2,3,0,3,3,1,0,1,9,10,11,1,0,2,0,1,0,133472,0.281,0.655,0.006
41,2.567,1.347,0.001,0.067,0.023,0,0,,0,,,,0,,,,,1004,1004,0,2,3,0,3,3,1,0,1,9,10,11,1,0,2,0,1,0,133472,0.292,0.611,0.004
42,2.076,0.787,0,0.06,0.023,0,0,,0,,,,0,,,,,1004,1004,0,2,3,0,3,3,1,0,1,9,10,11,1,0,2,0,1,0,133472,0.329,0.647,0.004
43,1.34,0.125,0,0.032,0.022,0,0,,0,,,,0,,,,,1004,1004,0,2,3,0,3,3,1,0,1,9,10,11,1,0,2,0,1,0,133472,0.304,0.696,0.006
44,1.523,0.148,0,0.039,0.021,0,0,,0,,,,0,,,,,1004,1004,0,2,3,0,3,3,1,0,1,9,10,11,1,0,2,0,1,0,133472,0.337,0.78,0.005
45,1.483,0.001,0,0.044,0.021,0,0,,0,,,,0,,,,,1004,1004,0,2,3,0,3,3,1,0,1,9,10,11,1,0,2,0,1,0,133472,0.384,0.824,0.009
46,2.022,0.422,0,0.062,0.022,0,0,,0,,,,0,,,,,1004,1004,0,2,3,0,3,3,1,0,1,9,10,11,1,0,2,0,1,0,133472,0.428,0.821,0.008
47,1.864,0.597,0,0.063,0.025,0,0,,0,,,,0,,,,,1004,1004,0,2,3,0,3,3,1,0,1,9,10,11,1,0,2,0,1,0,133472,0.259,0.658,0.006
48,2.159,0.713,0,0.069,0.021,0,0,,0,,,,0,,,,,1004,1004,0,2,3,0,3,3,1,0,1,9,10,11,1,0,2,0,1,0,133472,0.381,0.703,0.006
49,1.414,0.125,0.001,0.033,0.019,0,0,,0,,,,0,,,,,1004,1004,0,2,3,0,3,3,1,0,1,9,10,11,1,0,2,0,1,0,133472,0.329,0.726,0.006
50,2.101,0.861,0,0.057,0.019,0,0,,0,,,,0,,,,,1004,1004,0,2,3,0,3,3,1,0,1,9,10,11,1,0,2,0,1,0,133472,0.344,0.601,0.004
51,2.191,0.934,0.001,0.062,0.021,0,0,,0,,,,0,,,,,1004,1004,0,2,3,0,3,3,1,0,1,9,10,11,1,0,2,0,1,0,133472,0.348,0.589,0.004
52,2.184,0.765,0,0.068,0.025,0,0,,0,,,,0,,,,,1004,1004,0,2,3,0,3,3,1,0,1,9,10,11,1,0,2,0,1,0,133472,0.261,0.759,0.008
53,1.501,0.088,0.001,0.04,0.084,0,0,,0,,,,0,,,,,1004,1004,0,2,3,0,3,3,1,0,1,9,10,11,1,0,2,0,1,0,133472,0.36,0.746,0.005
54,1.891,0.511,0,0.047,0.039,0,0,,0,,,,0,,,,,1004,1004,0,2,3,0,3,3,1,0,1,9,10,11,1,0,2,0,1,0,133472,0.349,0.717,0.006
55,2.154,0.729,0.001,0.049,0.03,0,0,,0,,,,0,,,,,1004,1004,0,2,3,0,3,3,1,0,1,9,10,11,1,0,2,0,1,0,133472,0.378,0.689,0.005
56,2.653,1.227,0.001,0.068,0.026,0,0,,0,,,,0,,,,,1004,1004,0,2,3,0,3,3,1,0,1,9,10,11,1,0,2,0,1,0,133472,0.324,0.728,0.006
57,2.61,0.277,0,0.091,0.046,0,0,,0,,,,0,,,,,1004,1004,0,2,3,0,3,3,1,0,1,9,10,11,1,0,2,0,1,0,133472,0.57,1.254,0.012
58,2.357,0.001,0.001,0.064,0.042,0,0,,0,,,,0,,,,,1004,1004,0,2,3,0,3,3,1,0,1,9,10,11,1,0,2,0,1,0,133472,0.564,1.361,0.011
59,1.843,0,0,0.061,0.026,0,0,,0,,,,0,,,,,1004,1004,0,2,3,0,3,3,1,0,1,9,10,11,1,0,2,0,1,0,133472,0.559,0.931,0.006
60,1.689,0,0,0.038,0.032,0,0,,1,109.375,231849984,288837632,1,71217344,71217344,167755776,38823561584,1004,1004,0,2,3,0,3,3,1,0,1,9,10,11,1,0,2,0,1,0,133472,0.396,1.021,0.011
61,1.87,0,0,0.05,0.055,0,0,,0,,,,0,,,,,1004,1004,0,2,3,0,3,3,1,0,1,9,10,11,1,0,2,0,1,0,133472,0.405,1.017,0.035
62,1.658,0.001,0,0.077,0.026,0,0,,0,,,,0,,,,,1004,1004,0,2,3,0,3,3,1,0,1,9,10,11,1,0,2,0,1,0,133472,0.406,0.898,0.009
63,5.503,3.861,0,0.066,0.04,0,0,,0,,,,0,,,,,1004,1004,0,2,3,0,3,3,1,0,1,9,10,11,1,0,2,0,1,0,133472,0.365,0.858,0.013
64,2.505,0.786,0.001,0.062,0.032,0,0,,0,,,,0,,,,,1004,1004,0,2,3,0,3,3,1,0,1,9,10,11,1,0,2,0,1,0,133472,0.41,0.937,0.01
65,1.933,0.382,0.001,0.062,0.025,0,0,,0,,,,0,,,,,1004,1004,0,2,3,0,3,3,1,0,1,9,10,11,1,0,2,0,1,0,133472,0.38,0.817,0.005
66,2.495,0.603,0,0.056,0.051,0,0,,0,,,,0,,,,,1004,1004,0,2,3,0,3,3,1,0,1,9,10,11,1,0,2,0,1,0,133472,0.509,0.976,0.009
67,2.101,0.001,0.001,0.051,0.041,0,0,,0,,,,0,,,,,1004,1004,0,2,3,0,3,3,1,0,1,9,10,11,1,0,2,0,1,0,133472,0.473,1.177,0.014
68,2.269,0.001,0.001,0.054,0.046,0,0,,0,,,,0,,,,,1004,1004,0,2,3,0,3,3,1,0,1,9,10,11,1,0,2,0,1,0,133472,0.555,1.206,0.022
69,1.605,0.001,0,0.065,0.024,0,0,,0,,,,0,,,,,1004,1004,0,2,3,0,3,3,1,0,1,9,10,11,1,0,2,0,1,0,133472,0.422,0.858,0.006
70,2.163,0.594,0.001,0.12,0.039,0,0,,0,,,,0,,,,,1004,1004,0,2,3,0,3,3,1,0,1,9,10,11,1,0,2,0,1,0,133472,0.367,0.738,0.009
71,2.124,0.478,0.001,0.054,0.032,0,0,,0,,,,0,,,,,1004,1004,0,2,3,0,3,3,1,0,1,9,10,11,1,0,2,0,1,0,133472,0.43,0.81,0.009
72,2.417,0.453,0,0.085,0.061,0,0,,0,,,,0,,,,,1004,1004,0,2,3,0,3,3,1,0,1,9,10,11,1,0,2,0,1,0,133472,0.471,0.986,0.023
73,1.996,0.108,0.001,0.052,0.038,0,0,,0,,,,0,,,,,1004,1004,0,2,3,0,3,3,1,0,1,9,10,11,1,0,2,0,1,0,133472,0.487,1.013,0.011
74,1.813,0.269,0,0.055,0.038,0,0,,0,,,,0,,,,,1004,1004,0,2,3,0,3,3,1,0,1,9,10,11,1,0,2,0,1,0,133472,0.422,0.728,0.008
75,2.143,0.594,0,0.067,0.04,0,0,,0,,,,0,,,,,1004,1004,0,2,3,0,3,3,1,0,1,9,10,11,1,0,2,0,1,0,133472,0.344,0.79,0.011
76,2.256,0.594,0,0.073,0.035,0,0,,0,,,,0,,,,,1004,1004,0,2,3,0,3,3,1,0,1,9,10,11,1,0,2,0,1,0,133472,0.396,0.839,0.008
77,2.232,0.865,0,0.073,0.022,0,0,,0,,,,0,,,,,1004,1004,0,2,3,0,3,3,1,0,1,9,10,11,1,0,2,0,1,0,133472,0.331,0.658,0.004
78,2.135,0.787,0,0.064,0.025,0,0,,0,,,,0,,,,,1004,1004,0,2,3,0,3,3,1,0,1,9,10,11,1,0,2,0,1,0,133472,0.305,0.695,0.005
79,2.719,0.787,0,0.105,0.032,0,0,,0,,,,0,,,,,1004,1004,0,2,3,0,3,3,1,0,1,9,10,11,1,0,2,0,1,0,133472,0.457,0.939,0.01
80,2.789,0.743,0,0.12,0.031,0,0,,0,,,,0,,,,,1004,1004,0,2,3,0,3,3,1,0,1,9,10,11,1,0,2,0,1,0,133472,0.381,1.195,0.033
81,1.56,0.135,0.001,0.048,0.039,0,0,,0,,,,0,,,,,1004,1004,0,2,3,0,3,3,1,0,1,9,10,11,1,0,2,0,1,0,133472,0.395,0.68,0.006
82,2.266,0.815,0,0.073,0.03,0,0,,0,,,,0,,,,,1004,1004,0,2,3,0,3,3,1,0,1,9,10,11,1,0,2,0,1,0,133472,0.336,0.711,0.006
83,2.304,0.617,0,0.044,0.033,0,0,,0,,,,0,,,,,1004,1004,0,2,3,0,3,3,1,0,1,9,10,11,1,0,2,0,1,0,133472,0.467,0.863,0.007
84,2.202,0.398,0,0.097,0.032,0,0,,0,,,,0,,,,,1004,1004,0,2,3,0,3,3,1,0,1,9,10,11,1,0,2,0,1,0,133472,0.376,0.902,0.009
85,1.937,0.579,0,0.052,0.035,0,0,,0,,,,0,,,,,1004,1004,0,2,3,0,3,3,1,0,1,9,10,11,1,0,2,0,1,0,133472,0.369,0.668,0.006
86,2.357,0.734,0,0.097,0.03,0,0,,0,,,,0,,,,,1004,1004,0,2,3,0,3,3,1,0,1,9,10,11,1,0,2,0,1,0,133472,0.365,0.774,0.007
87,2.647,1.033,0,0.104,0.027,0,0,,0,,,,0,,,,,1004,1004,0,2,3,0,3,3,1,0,1,9,10,11,1,0,2,0,1,0,133472,0.396,0.851,0.005
88,2.031,0.512,0.001,0.048,0.027,0,0,,0,,,,0,,,,,1004,1004,0,2,3,0,3,3,1,0,1,9,10,11,1,0,2,0,1,0,133472,0.371,0.832,0.006
89,2.016,0.537,0,0.046,0.032,0,0,,0,,,,0,,,,,1004,1004,0,2,3,0,3,3,1,0,1,9,10,11,1,0,2,0,1,0,133472,0.366,0.729,0.006
90,6.32,4.722,0.001,0.059,0.036,0,0,,1,156.25,231858176,288837632,1,71217344,71217344,167755776,38823561584,1004,1004,0,2,3,0,3,3,1,0,1,9,10,11,1,0,2,0,1,0,133472,0.394,0.78,0.011
91,7.862,6.117,0.001,0.126,0.053,0,0,,0,,,,0,,,,,1004,1004,0,2,3,0,3,3,1,0,1,9,10,11,1,0,2,0,1,0,133472,0.383,0.84,0.012
92,6.882,5.116,0.001,0.093,0.046,0,0,,0,,,,0,,,,,1004,1004,0,2,3,0,3,3,1,0,1,9,10,11,1,0,2,0,1,0,133472,0.405,0.802,0.01
93,2.479,0.706,0,0.174,0.032,0,0,,0,,,,0,,,,,1004,1004,0,2,3,0,3,3,1,0,1,9,10,11,1,0,2,0,1,0,133472,0.4,0.785,0.009
94,2.484,0.879,0,0.1,0.033,0,0,,0,,,,0,,,,,1004,1004,0,2,3,0,3,3,1,0,1,9,10,11,1,0,2,0,1,0,133472,0.368,0.748,0.008
95,2.746,1.296,0,0.05,0.027,0,0,,0,,,,0,,,,,1004,1004,0,2,3,0,3,3,1,0,1,9,10,11,1,0,2,0,1,0,133472,0.433,0.68,0.006
96,2.256,0.889,0.001,0.076,0.031,0,0,,0,,,,0,,,,,1004,1004,0,2,3,0,3,3,1,0,1,9,10,11,1,0,2,0,1,0,133472,0.317,0.635,0.006
97,2.196,0.856,0,0.065,0.023,0,0,,0,,,,0,,,,,1004,1004,0,2,3,0,3,3,1,0,1,9,10,11,1,0,2,0,1,0,133472,0.299,0.702,0.005
98,2.492,0.903,0,0.121,0.03,0,0,,0,,,,0,,,,,1004,1004,0,2,3,0,3,3,1,0,1,9,10,11,1,0,2,0,1,0,133472,0.331,0.826,0.008
99,2.106,0.637,0.001,0.067,0.022,0,0,,0,,,,0,,,,,1004,1004,0,2,3,0,3,3,1,0,1,9,10,11,1,0,2,0,1,0,133472,0.405,0.701,0.005
100,2.173,0.727,0.001,0.063,0.03,0,0,,0,,,,0,,,,,1004,1004,0,2,3,0,3,3,1,0,1,9,10,11,1,0,2,0,1,0,133472,0.337,0.769,0.007
101,3.056,1.065,0,0.079,0.034,0,0,,0,,,,0,,,,,1004,1004,0,2,3,0,3,3,1,0,1,9,10,11,1,0,2,0,1,0,133472,0.435,1.079,0.009
102,2.266,0.685,0,0.097,0.038,0,0,,0,,,,0,,,,,1004,1004,0,2,3,0,3,3,1,0,1,9,10,11,1,0,2,0,1,0,133472,0.375,0.767,0.007
103,1.956,0.572,0,0.059,0.024,0,0,,0,,,,0,,,,,1004,1004,0,2,3,0,3,3,1,0,1,9,10,11,1,0,2,0,1,0,133472,0.406,0.648,0.004
104,2.097,0.743,0.001,0.07,0.021,0,0,,0,,,,0,,,,,1004,1004,0,2,3,0,3,3,1,0,1,9,10,11,1,0,2,0,1,0,133472,0.363,0.655,0.004
105,3.272,0.841,0,0.075,0.053,0,0,,0,,,,0,,,,,1004,1004,0,2,3,0,3,3,1,0,1,9,10,11,1,0,2,0,1,0,133472,0.547,1.283,0.018
106,2.186,0.001,0.001,0.058,0.045,0,0,,0,,,,0,,,,,1004,1004,0,2,3,0,3,3,1,0,1,9,10,11,1,0,2,0,1,0,133472,0.741,1.006,0.013
107,1.654,0.001,0.001,0.049,0.022,0,0,,0,,,,0,,,,,1004,1004,0,2,3,0,3,3,1,0,1,9,10,11,1,0,2,0,1,0,133472,0.413,0.927,0.008
108,2.542,0.752,0,0.067,0.033,0,0,,0,,,,0,,,,,1004,1004,0,2,3,0,3,3,1,0,1,9,10,11,1,0,2,0,1,0,133472,0.408,0.979,0.009
109,1.813,0.225,0,0.044,0.025,0,0,,0,,,,0,,,,,1004,1004,0,2,3,0,3,3,1,0,1,9,10,11,1,0,2,0,1,0,133472,0.388,0.845,0.009
110,2.665,1.055,0,0.056,0.035,0,0,,0,,,,0,,,,,1004,1004,0,2,3,0,3,3,1,0,1,9,10,11,1,0,2,0,1,0,133472,0.406,0.812,0.009
111,1.969,0.376,0,0.05,0.031,0,0,,0,,,,0,,,,,1004,1004,0,2,3,0,3,3,1,0,1,9,10,11,1,0,2,0,1,0,133472,0.444,0.819,0.006
112,2.123,0.415,0,0.054,0.037,0,0,,0,,,,0,,,,,1004,1004,0,2,3,0,3,3,1,0,1,9,10,11,1,0,2,0,1,0,133472,0.405,0.916,0.01
113,2.047,0.23,0,0.052,0.061,0,0,,0,,,,0,,,,,1004,1004,0,2,3,0,3,3,1,0,1,9,10,11,1,0,2,0,1,0,133472,0.46,0.934,0.012
114,1.922,0.134,0.001,0.049,0.024,0,0,,0,,,,0,,,,,1004,1004,0,2,3,0,3,3,1,0,1,9,10,11,1,0,2,0,1,0,133472,0.457,0.965,0.012
115,1.946,0.217,0,0.058,0.033,0,0,,0,,,,0,,,,,1004,1004,0,2,3,0,3,3,1,0,1,9,10,11,1,0,2,0,1,0,133472,0.441,0.897,0.007
116,2.801,0.992,0,0.054,0.049,0,0,,0,,,,0,,,,,1004,1004,0,2,3,0,3,3,1,0,1,9,10,11,1,0,2,0,1,0,133472,0.448,0.929,0.01
117,2.185,0.288,0.001,0.079,0.036,0,0,,0,,,,0,,,,,1004,1004,0,2,3,0,3,3,1,0,1,9,10,11,1,0,2,0,1,0,133472,0.465,0.899,0.009
118,2.436,1.059,0,0.044,0.031,0,0,,0,,,,0,,,,,1004,1004,0,2,3,0,3,3,1,0,1,9,10,11,1,0,2,0,1,0,133472,0.381,0.695,0.007
119,2.413,0.919,0,0.066,0.029,0,0,,0,,,,0,,,,,1004,1004,0,2,3,0,3,3,1,0,1,9,10,11,1,0,2,0,1,0,133472,0.377,0.758,0.006
120,2.799,0.817,0,0.068,0.076,0,0,,1,203.125,231866368,288837632,1,71217344,71217344,167755776,38823561584,1004,1004,0,2,3,0,3,3,1,0,1,9,10,11,1,0,2,0,1,0,133472,0.488,0.9,0.014
121,1.8,0.284,0,0.068,0.027,0,0,,0,,,,0,,,,,1004,1004,0,2,3,0,3,3,1,0,1,9,10,11,1,0,2,0,1,0,133472,0.405,0.756,0.007
122,2.75,0.779,0,0.107,0.033,0,0,,0,,,,0,,,,,1004,1004,0,2,3,0,3,3,1,0,1,9,10,11,1,0,2,0,1,0,133472,0.468,0.981,0.009
123,3.133,1.529,0,0.054,0.034,0,0,,0,,,,0,,,,,1004,1004,0,2,3,0,3,3,1,0,1,9,10,11,1,0,2,0,1,0,133472,0.431,0.811,0.009
124,3.237,1.653,0,0.168,0.037,0,0,,0,,,,0,,,,,1004,1004,0,2,3,0,3,3,1,0,1,9,10,11,1,0,2,0,1,0,133472,0.401,0.696,0.007
125,2.128,0.812,0,0.066,0.025,0,0,,0,,,,0,,,,,1004,1004,0,2,3,0,3,3,1,0,1,9,10,11,1,0,2,0,1,0,133472,0.313,0.685,0.005
126,2.701,1.035,0,0.085,0.027,0,0,,0,,,,0,,,,,1004,1004,0,2,3,0,3,3,1,0,1,9,10,11,1,0,2,0,1,0,133472,0.352,0.855,0.008
127,2.106,0.697,0,0.046,0.035,0,0,,0,,,,0,,,,,1004,1004,0,2,3,0,3,3,1,0,1,9,10,11,1,0,2,0,1,0,133472,0.373,0.708,0.007
128,3.375,1.98,0,0.053,0.029,0,0,,0,,,,0,,,,,1004,1004,0,2,3,0,3,3,1,0,1,9,10,11,1,0,2,0,1,0,133472,0.3,0.698,0.008
129,2.485,0.855,0,0.102,0.029,0,0,,0,,,,0,,,,,1004,1004,0,2,3,0,3,3,1,0,1,9,10,11,1,0,2,0,1,0,133472,0.352,0.782,0.007
130,3.05,1.396,0,0.071,0.05,0,0,,0,,,,0,,,,,1004,1004,0,2,3,0,3,3,1,0,1,9,10,11,1,0,2,0,1,0,133472,0.324,0.906,0.01
131,2.022,0.71,0,0.063,0.023,0,0,,0,,,,0,,,,,1004,1004,0,2,3,0,3,3,1,0,1,9,10,11,1,0,2,0,1,0,133472,0.319,0.662,0.005
132,2.687,0.941,0,0.07,0.048,0,0,,0,,,,0,,,,,1004,1004,0,2,3,0,3,3,1,0,1,9,10,11,1,0,2,0,1,0,133472,0.373,0.949,0.012
133,2.831,0.495,0,0.084,0.053,0,0,,0,,,,0,,,,,1004,1004,0,2,3,0,3,3,1,0,1,9,10,11,1,0,2,0,1,0,133472,0.553,1.159,0.018
134,2.002,0.001,0,0.099,0.051,0,0,,0,,,,0,,,,,1004,1004,0,2,3,0,3,3,1,0,1,9,10,11,1,0,2,0,1,0,133472,0.513,0.946,0.011
135,2.878,0.871,0.001,0.075,0.033,0,0,,0,,,,0,,,,,1004,1004,0,2,3,0,3,3,1,0,1,9,10,11,1,0,2,0,1,0,133472,0.52,1.029,0.01
136,2.12,0.507,0,0.07,0.038,0,0,,0,,,,0,,,,,1004,1004,0,2,3,0,3,3,1,0,1,9,10,11,1,0,2,0,1,0,133472,0.452,0.732,0.008
137,2.077,0.572,0,0.133,0.032,0,0,,0,,,,0,,,,,1004,1004,0,2,3,0,3,3,1,0,1,9,10,11,1,0,2,0,1,0,133472,0.333,0.666,0.007
138,1.989,0.656,0.001,0.061,0.024,0,0,,0,,,,0,,,,,1004,1004,0,2,3,0,3,3,1,0,1,9,10,11,1,0,2,0,1,0,133472,0.286,0.717,0.005
139,2.059,0.728,0,0.06,0.021,0,0,,0,,,,0,,,,,1004,1004,0,2,3,0,3,3,1,0,1,9,10,11,1,0,2,0,1,0,133472,0.323,0.685,0.006
140,2.806,0.7,0.001,0.117,0.043,0,0,,0,,,,0,,,,,1004,1004,0,2,3,0,3,3,1,0,1,9,10,11,1,0,2,0,1,0,133472,0.439,1.124,0.014
141,2.3,0.489,0,0.063,0.032,0,0,,0,,,,0,,,,,1004,1004,0,2,3,0,3,3,1,0,1,9,10,11,1,0,2,0,1,0,133472,0.465,0.932,0.009
142,2.296,0.909,0,0.12,0.026,0,0,,0,,,,0,,,,,1004,1004,0,2,3,0,3,3,1,0,1,9,10,11,1,0,2,0,1,0,133472,0.339,0.604,0.007
143,2.113,0.63,0,0.074,0.022,0,0,,0,,,,0,,,,,1004,1004,0,2,3,0,3,3,1,0,1,9,10,11,1,0,2,0,1,0,133472,0.34,0.765,0.006
144,2.027,0.544,0,0.065,0.024,0,0,,0,,,,0,,,,,1004,1004,0,2,3,0,3,3,1,0,1,9,10,11,1,0,2,0,1,0,133472,0.336,0.738,0.006
145,1.421,0.119,0,0.045,0.024,0,0,,0,,,,0,,,,,1004,1004,0,2,3,0,3,3,1,0,1,9,10,11,1,0,2,0,1,0,133472,0.379,0.637,0.004
146,1.147,0,0,0.028,0.022,0,0,,0,,,,0,,,,,1004,1004,0,2,3,0,3,3,1,0,1,9,10,11,1,0,2,0,1,0,133472,0.315,0.634,0.004
147,1.194,0.001,0,0.027,0.018,0,0,,0,,,,0,,,,,1004,1004,0,2,3,0,3,3,1,0,1,9,10,11,1,0,2,0,1,0,133472,0.32,0.683,0.003
148,1.318,0,0,0.031,0.03,0,0,,0,,,,0,,,,,1004,1004,0,2,3,0,3,3,1,0,1,9,10,11,1,0,2,0,1,0,133472,0.374,0.721,0.004
149,1.708,0,0,0.047,0.025,0,0,,0,,,,0,,,,,1004,1004,0,2,3,0,3,3,1,0,1,9,10,11,1,0,2,0,1,0,133472,0.361,1.065,0.009
150,1.864,0.222,0,0.12,0.035,0,0,,1,218.75,231874560,288837632,1,71217344,71217344,167755776,38823561584,1004,1004,0,2,3,0,3,3,1,0,1,9,10,11,1,0,2,0,1,0,133472,0.399,0.718,0.008
151,1.869,0.406,0,0.053,0.029,0,0,,0,,,,0,,,,,1004,1004,0,2,3,0,3,3,1,0,1,9,10,11,1,0,2,0,1,0,133472,0.372,0.797,0.006
152,2.401,1.279,0,0.026,0.025,0,0,,0,,,,0,,,,,1004,1004,0,2,3,0,3,3,1,0,1,9,10,11,1,0,2,0,1,0,133472,0.276,0.651,0.005
153,2.258,0.905,0,0.046,0.021,0,0,,0,,,,0,,,,,1004,1004,0,2,3,0,3,3,1,0,1,9,10,11,1,0,2,0,1,0,133472,0.368,0.726,0.006
154,2.362,1.147,0.001,0.075,0.021,0,0,,0,,,,0,,,,,1004,1004,0,2,3,0,3,3,1,0,1,9,10,11,1,0,2,0,1,0,133472,0.259,0.631,0.004
155,1.96,0.8,0.001,0.071,0.022,0,0,,0,,,,0,,,,,1004,1004,0,2,3,0,3,3,1,0,1,9,10,11,1,0,2,0,1,0,133472,0.245,0.562,0.004
156,2.739,0.441,0,0.068,0.043,0,0,,0,,,,0,,,,,1004,1004,0,2,3,0,3,3,1,0,1,9,10,11,1,0,2,0,1,0,133472,0.397,1.429,0.022
157,1.968,0.001,0,0.058,0.064,0,0,,0,,,,0,,,,,1004,1004,0,2,3,0,3,3,1,0,1,9,10,11,1,0,2,0,1,0,133472,0.513,0.99,0.012
158,1.705,0.001,0,0.05,0.024,0,0,,0,,,,0,,,,,1004,1004,0,2,3,0,3,3,1,0,1,9,10,11,1,0,2,0,1,0,133472,0.499,0.899,0.007
159,1.279,0.001,0,0.049,0.02,0,0,,0,,,,0,,,,,1004,1004,0,2,3,0,3,3,1,0,1,9,10,11,1,0,2,0,1,0,133472,0.335,0.689,0.004
160,2.214,0.628,0.001,0.077,0.04,0,0,,0,,,,0,,,,,1004,1004,0,2,3,0,3,3,1,0,1,9,10,11,1,0,2,0,1,0,133472,0.37,0.812,0.007
161,2.162,0.506,0,0.063,0.054,0,0,,0,,,,0,,,,,1004,1004,0,2,3,0,3,3,1,0,1,9,10,11,1,0,2,0,1,0,133472,0.414,0.833,0.01
162,2.426,1.236,0,0.065,0.025,0,0,,0,,,,0,,,,,1004,1004,0,2,3,0,3,3,1,0,1,9,10,11,1,0,2,0,1,0,133472,0.3,0.569,0.005
163,2.18,0.937,0,0.073,0.036,0,0,,0,,,,0,,,,,1004,1004,0,2,3,0,3,3,1,0,1,9,10,11,1,0,2,0,1,0,133472,0.303,0.573,0.009
164,2.293,0.811,0,0.079,0.021,0,0,,0,,,,0,,,,,1004,1004,0,2,3,0,3,3,1,0,1,9,10,11,1,0,2,0,1,0,133472,0.367,0.73,0.006
165,2.201,0.5,0,0.056,0.035,0,0,,0,,,,0,,,,,1004,1004,0,2,3,0,3,3,1,0,1,9,10,11,1,0,2,0,1,0,133472,0.483,0.801,0.008
166,2.007,0.262,0,0.096,0.058,0,0,,0,,,,0,,,,,1004,1004,0,2,3,0,3,3,1,0,1,9,10,11,1,0,2,0,1,0,133472,0.413,0.83,0.009
167,2.837,1.375,0,0.077,0.031,0,0,,0,,,,0,,,,,1004,1004,0,2,3,0,3,3,1,0,1,9,10,11,1,0,2,0,1,0,133472,0.317,0.736,0.007
168,1.987,0.511,0,0.118,0.026,0,0,,0,,,,0,,,,,1004,1004,0,2,3,0,3,3,1,0,1,9,10,11,1,0,2,0,1,0,133472,0.341,0.727,0.008
169,2.784,1.238,0,0.111,0.026,0,0,,0,,,,0,,,,,1004,1004,0,2,3,0,3,3,1,0,1,9,10,11,1,0,2,0,1,0,133472,0.435,0.707,0.006
170,2.102,0.512,0,0.061,0.024,0,0,,0,,,,0,,,,,1004,1004,0,2,3,0,3,3,1,0,1,9,10,11,1,0,2,0,1,0,133472,0.466,0.788,0.006
171,1.61,0.328,0,0.061,0.021,0,0,,0,,,,0,,,,,1004,1004,0,2,3,0,3,3,1,0,1,9,10,11,1,0,2,0,1,0,133472,0.313,0.649,0.005
172,2.586,0.671,0,0.096,0.033,0,0,,0,,,,0,,,,,1004,1004,0,2,3,0,3,3,1,0,1,9,10,11,1,0,2,0,1,0,133472,0.379,1.033,0.014
173,2.314,0.602,0,0.058,0.047,0,0,,0,,,,0,,,,,1004,1004,0,2,3,0,3,3,1,0,1,9,10,11,1,0,2,0,1,0,133472,0.438,0.782,0.011
174,2.593,1.202,0,0.065,0.028,0,0,,0,,,,0,,,,,1004,1004,0,2,3,0,3,3,1,0,1,9,10,11,1,0,2,0,1,0,133472,0.305,0.735,0.007
175,2.336,0.592,0,0.076,0.041,0,0,,0,,,,0,,,,,1004,1004,0,2,3,0,3,3,1,0,1,9,10,11,1,0,2,0,1,0,133472,0.327,0.934,0.01
176,2.517,0.716,0.001,0.049,0.042,0,0,,0,,,,0,,,,,1004,1004,0,2,3,0,3,3,1,0,1,9,10,11,1,0,2,0,1,0,133472,0.432,0.983,0.011
177,1.731,0.179,0.001,0.047,0.028,0,0,,0,,,,0,,,,,1004,1004,0,2,3,0,3,3,1,0,1,9,10,11,1,0,2,0,1,0,133472,0.378,0.838,0.006
178,3.009,1.55,0,0.04,0.023,0,0,,0,,,,0,,,,,1004,1004,0,2,3,0,3,3,1,0,1,9,10,11,1,0,2,0,1,0,133472,0.403,0.707,0.006
179,2.557,0.63,0,0.159,0.037,0,0,,0,,,,0,,,,,1004,1004,0,2,3,0,3,3,1,0,1,9,10,11,1,0,2,0,1,0,133472,0.531,0.871,0.024
180,2.521,1.165,0,0.076,0.033,0,0,,1,296.875,231882752,288837632,1,71217344,71217344,167755776,38823561584,1004,1004,0,2,3,0,3,3,1,0,1,9,10,11,1,0,2,0,1,0,133472,0.327,0.62,0.007
181,2.905,1.506,0,0.074,0.025,0,0,,0,,,,0,,,,,1004,1004,0,2,3,0,3,3,1,0,1,9,10,11,1,0,2,0,1,0,133472,0.308,0.701,0.005
182,1.33,0,0,0.033,0.015,0,0,,0,,,,0,,,,,1004,1004,0,2,3,0,3,3,1,0,1,9,10,11,1,0,2,0,1,0,133472,0.39,0.719,0.005
183,3.961,2.119,0,0.052,0.049,0,0,,0,,,,0,,,,,1004,1004,0,2,3,0,3,3,1,0,1,9,10,11,1,0,2,0,1,0,133472,0.47,0.922,0.013
184,1.773,0.27,0,0.06,0.035,0,0,,0,,,,0,,,,,1004,1004,0,2,3,0,3,3,1,0,1,9,10,11,1,0,2,0,1,0,133472,0.373,0.783,0.008
185,2.394,0.568,0,0.082,0.047,0,0,,0,,,,0,,,,,1004,1004,0,2,3,0,3,3,1,0,1,9,10,11,1,0,2,0,1,0,133472,0.366,0.98,0.016
186,3.044,0.364,0.001,0.102,0.046,0,0,,0,,,,0,,,,,1004,1004,0,2,3,0,3,3,1,0,1,9,10,11,1,0,2,0,1,0,133472,0.614,1.426,0.018
187,2.397,0.534,0.001,0.074,0.046,0,0,,0,,,,0,,,,,1004,1004,0,2,3,0,3,3,1,0,1,9,10,11,1,0,2,0,1,0,133472,0.446,0.916,0.013
188,3.524,1.781,0.001,0.054,0.046,0,0,,0,,,,0,,,,,1004,1004,0,2,3,0,3,3,1,0,1,9,10,11,1,0,2,0,1,0,133472,0.395,0.903,0.012
189,7.524,5.539,0.001,0.101,0.048,0,0,,0,,,,0,,,,,1004,1004,0,2,3,0,3,3,1,0,1,9,10,11,1,0,2,0,1,0,133472,0.402,0.918,0.014
190,8.735,6.837,0.001,0.117,0.045,0,0,,0,,,,0,,,,,1004,1004,0,2,3,0,3,3,1,0,1,9,10,11,1,0,2,0,1,0,133472,0.404,0.894,0.014
191,14.209,12.557,0,0.058,0.043,0,0,,0,,,,0,,,,,1004,1004,0,2,3,0,3,3,1,0,1,9,10,11,1,0,2,0,1,0,133472,0.351,0.874,0.013
192,2.545,0.681,0.001,0.131,0.037,0,0,,0,,,,0,,,,,1004,1004,0,2,3,0,3,3,1,0,1,9,10,11,1,0,2,0,1,0,133472,0.458,0.819,0.022
193,2.516,0.712,0,0.129,0.03,0,0,,0,,,,0,,,,,1004,1004,0,2,3,0,3,3,1,0,1,9,10,11,1,0,2,0,1,0,133472,0.45,0.826,0.009
194,3.173,1.695,0.001,0.076,0.023,0,0,,0,,,,0,,,,,1004,1004,0,2,3,0,3,3,1,0,1,9,10,11,1,0,2,0,1,0,133472,0.305,0.759,0.006
195,2.123,0.539,0,0.076,0.049,0,0,,0,,,,0,,,,,1004,1004,0,2,3,0,3,3,1,0,1,9,10,11,1,0,2,0,1,0,133472,0.316,0.736,0.007
196,2.926,1.218,0,0.053,0.037,0,0,,0,,,,0,,,,,1004,1004,0,2,3,0,3,3,1,0,1,9,10,11,1,0,2,0,1,0,133472,0.401,0.821,0.012
197,1.833,0.4,0,0.107,0.031,0,0,,0,,,,0,,,,,1004,1004,0,2,3,0,3,3,1,0,1,9,10,11,1,0,2,0,1,0,133472,0.37,0.683,0.007
198,3.296,1.424,0,0.109,0.045,0,0,,0,,,,0,,,,,1004,1004,0,2,3,0,3,3,1,0,1,9,10,11,1,0,2,0,1,0,133472,0.428,0.938,0.011
199,1.948,0.225,0,0.106,0.035,0,0,,0,,,,0,,,,,1004,1004,0,2,3,0,3,3,1,0,1,9,10,11,1,0,2,0,1,0,133472,0.423,0.827,0.008
200,3.532,2.22,0,0.088,0.031,0,0,,0,,,,0,,,,,1004,1004,0,2,3,0,3,3,1,0,1,9,10,11,1,0,2,0,1,0,133472,0.327,0.619,0.006
201,2.106,0.758,0,0.083,0.022,0,0,,0,,,,0,,,,,1004,1004,0,2,3,0,3,3,1,0,1,9,10,11,1,0,2,0,1,0,133472,0.306,0.665,0.005
202,2.782,1.128,0.001,0.059,0.034,0,0,,0,,,,0,,,,,1004,1004,0,2,3,0,3,3,1,0,1,9,10,11,1,0,2,0,1,0,133472,0.389,0.804,0.011
203,2.393,1.016,0,0.082,0.022,0,0,,0,,,,0,,,,,1004,1004,0,2,3,0,3,3,1,0,1,9,10,11,1,0,2,0,1,0,133472,0.313,0.699,0.005
204,2.194,0.919,0,0.072,0.019,0,0,,0,,,,0,,,,,1004,1004,0,2,3,0,3,3,1,0,1,9,10,11,1,0,2,0,1,0,133472,0.246,0.691,0.004
205,2.099,0.308,0.001,0.058,0.038,0,0,,0,,,,0,,,,,1004,1004,0,2,3,0,3,3,1,0,1,9,10,11,1,0,2,0,1,0,133472,0.517,0.833,0.008
206,1.867,0.087,0,0.133,0.035,0,0,,0,,,,0,,,,,1004,1004,0,2,3,0,3,3,1,0,1,9,10,11,1,0,2,0,1,0,133472,0.395,0.859,0.007
207,1.43,0.007,0,0.039,0.019,0,0,,0,,,,0,,,,,1004,1004,0,2,3,0,3,3,1,0,1,9,10,11,1,0,2,0,1,0,133472,0.376,0.793,0.008
208,4.086,2.323,0.001,0.09,0.051,0,0,,0,,,,0,,,,,1004,1004,0,2,3,0,3,3,1,0,1,9,10,11,1,0,2,0,1,0,133472,0.362,0.887,0.008
209,2.593,0.611,0,0.108,0.055,0,0,,0,,,,0,,,,,1004,1004,0,2,3,0,3,3,1,0,1,9,10,11,1,0,2,0,1,0,133472,0.425,1.031,0.013
210,3.13,1.527,0,0.072,0.027,0,0,,1,328.125,231890944,288837632,1,71217344,71217344,167755776,38823561584,1004,1004,0,2,3,0,3,3,1,0,1,9,10,11,1,0,2,0,1,0,133472,0.428,0.763,0.008
211,2.971,1.595,0,0.079,0.026,0,0,,0,,,,0,,,,,1004,1004,0,2,3,0,3,3,1,0,1,9,10,11,1,0,2,0,1,0,133472,0.332,0.618,0.006
212,3.017,1.508,0.001,0.081,0.034,0,0,,0,,,,0,,,,,1004,1004,0,2,3,0,3,3,1,0,1,9,10,11,1,0,2,0,1,0,133472,0.375,0.728,0.007
213,3.683,2.282,0.001,0.126,0.03,0,0,,0,,,,0,,,,,1004,1004,0,2,3,0,3,3,1,0,1,9,10,11,1,0,2,0,1,0,133472,0.342,0.644,0.007
214,2.615,0.73,0,0.076,0.036,0,0,,0,,,,0,,,,,1004,1004,0,2,3,0,3,3,1,0,1,9,10,11,1,0,2,0,1,0,133472,0.306,1.113,0.015
215,2.538,1.167,0,0.075,0.029,0,0,,0,,,,0,,,,,1004,1004,0,2,3,0,3,3,1,0,1,9,10,11,1,0,2,0,1,0,133472,0.317,0.68,0.008
216,2.265,0.758,0.001,0.14,0.03,0,0,,0,,,,0,,,,,1004,1004,0,2,3,0,3,3,1,0,1,9,10,11,1,0,2,0,1,0,133472,0.318,0.777,0.006
217,3.262,1.681,0,0.123,0.029,0,0,,0,,,,0,,,,,1004,1004,0,2,3,0,3,3,1,0,1,9,10,11,1,0,2,0,1,0,133472,0.343,0.756,0.007
218,4.246,2.865,0.001,0.106,0.026,0,0,,0,,,,0,,,,,1004,1004,0,2,3,0,3,3,1,0,1,9,10,11,1,0,2,0,1,0,133472,0.306,0.694,0.006
219,3.308,1.816,0,0.098,0.025,0,0,,0,,,,0,,,,,1004,1004,0,2,3,0,3,3,1,0,1,9,10,11,1,0,2,0,1,0,133472,0.371,0.701,0.007
220,3.281,1.645,0,0.041,0.045,0,0,,0,,,,0,,,,,1004,1004,0,2,3,0,3,3,1,0,1,9,10,11,1,0,2,0,1,0,133472,0.366,0.798,0.012
221,2.447,0.901,0,0.059,0.063,0,0,,0,,,,0,,,,,1004,1004,0,2,3,0,3,3,1,0,1,9,10,11,1,0,2,0,1,0,133472,0.36,0.778,0.01
222,3.081,1.377,0,0.073,0.051,0,0,,0,,,,0,,,,,1004,1004,0,2,3,0,3,3,1,0,1,9,10,11,1,0,2,0,1,0,133472,0.384,0.881,0.012
223,4.466,2.908,0.001,0.089,0.044,0,0,,0,,,,0,,,,,1004,1004,0,2,3,0,3,3,1,0,1,9,10,11,1,0,2,0,1,0,133472,0.361,0.73,0.01
224,2.374,0.814,0,0.103,0.034,0,0,,0,,,,0,,,,,1004,1004,0,2,3,0,3,3,1,0,1,9,10,11,1,0,2,0,1,0,133472,0.363,0.718,0.008
225,2.896,0.854,0,0.211,0.04,0,0,,0,,,,0,,,,,1004,1004,0,2,3,0,3,3,1,0,1,9,10,11,1,0,2,0,1,0,133472,0.5,0.98,0.018
226,2.828,1.049,0.001,0.055,0.045,0,0,,0,,,,0,,,,,1004,1004,0,2,3,0,3,3,1,0,1,9,10,11,1,0,2,0,1,0,133472,0.459,0.918,0.012
227,3.496,1.9,0.001,0.051,0.041,0,0,,0,,,,0,,,,,1004,1004,0,2,3,0,3,3,1,0,1,9,10,11,1,0,2,0,1,0,133472,0.415,0.804,0.008
228,7.789,5.998,0,0.058,0.038,0,0,,0,,,,0,,,,,1004,1004,0,2,3,0,3,3,1,0,1,9,10,11,1,0,2,0,1,0,133472,0.477,0.9,0.011
229,2.389,0.537,0.001,0.086,0.076,0,0,,0,,,,0,,,,,1004,1004,0,2,3,0,3,3,1,0,1,9,10,11,1,0,2,0,1,0,133472,0.428,0.946,0.012
230,2.173,0.499,0.001,0.072,0.039,0,0,,0,,,,0,,,,,1004,1004,0,2,3,0,3,3,1,0,1,9,10,11,1,0,2,0,1,0,133472,0.414,0.83,0.01
231,3.05,1.554,0.001,0.123,0.037,0,0,,0,,,,0,,,,,1004,1004,0,2,3,0,3,3,1,0,1,9,10,11,1,0,2,0,1,0,133472,0.322,0.765,0.009
232,2.647,1.011,0,0.125,0.032,0,0,,0,,,,0,,,,,1004,1004,0,2,3,0,3,3,1,0,1,9,10,11,1,0,2,0,1,0,133472,0.378,0.786,0.008
233,3.203,1.703,0,0.064,0.028,0,0,,0,,,,0,,,,,1004,1004,0,2,3,0,3,3,1,0,1,9,10,11,1,0,2,0,1,0,133472,0.296,0.84,0.006
234,2.217,0.938,0,0.064,0.023,0,0,,0,,,,0,,,,,1004,1004,0,2,3,0,3,3,1,0,1,9,10,11,1,0,2,0,1,0,133472,0.295,0.656,0.007
235,3.04,1.196,0,0.091,0.057,0,0,,0,,,,0,,,,,1004,1004,0,2,3,0,3,3,1,0,1,9,10,11,1,0,2,0,1,0,133472,0.392,0.953,0.015
236,2.485,0.979,0,0.051,0.032,0,0,,0,,,,0,,,,,1004,1004,0,2,3,0,3,3,1,0,1,9,10,11,1,0,2,0,1,0,133472,0.354,0.798,0.008
237,3.616,2.048,0.001,0.15,0.032,0,0,,0,,,,0,,,,,1004,1004,0,2,3,0,3,3,1,0,1,9,10,11,1,0,2,0,1,0,133472,0.377,0.73,0.007
238,3.262,1.865,0,0.128,0.026,0,0,,0,,,,0,,,,,1004,1004,0,2,3,0,3,3,1,0,1,9,10,11,1,0,2,0,1,0,133472,0.288,0.654,0.006
239,2.459,1.241,0,0.076,0.024,0,0,,0,,,,0,,,,,1004,1004,0,2,3,0,3,3,1,0,1,9,10,11,1,0,2,0,1,0,133472,0.272,0.581,0.004
240,2.145,0.762,0.001,0.097,0.023,0,0,,1,375,231899136,288837632,1,71217344,71217344,167755776,38823561584,1004,1004,0,2,3,0,3,3,1,0,1,9,10,11,1,0,2,0,1,0,133472,0.287,0.692,0.005
241,2.331,0.141,0.001,0.069,0.037,0,0,,0,,,,0,,,,,1004,1004,0,2,3,0,3,3,1,0,1,9,10,11,1,0,2,0,1,0,133472,0.722,0.999,0.01
242,1.58,0,0,0.046,0.024,0,0,,0,,,,0,,,,,1004,1004,0,2,3,0,3,3,1,0,1,9,10,11,1,0,2,0,1,0,133472,0.405,0.847,0.01
243,1.459,0.001,0,0.053,0.018,0,0,,0,,,,0,,,,,1004,1004,0,2,3,0,3,3,1,0,1,9,10,11,1,0,2,0,1,0,133472,0.333,0.853,0.007
244,2.19,0.551,0.001,0.087,0.026,0,0,,0,,,,0,,,,,1004,1004,0,2,3,0,3,3,1,0,1,9,10,11,1,0,2,0,1,0,133472,0.42,0.863,0.009
245,1.549,0,0,0.045,0.023,0,0,,0,,,,0,,,,,1004,1004,0,2,3,0,3,3,1,0,1,9,10,11,1,0,2,0,1,0,133472,0.398,0.862,0.007
246,2.137,0.441,0,0.102,0.033,0,0,,0,,,,0,,,,,1004,1004,0,2,3,0,3,3,1,0,1,9,10,11,1,0,2,0,1,0,133472,0.43,0.845,0.009
247,3.729,2.091,0,0.119,0.044,0,0,,0,,,,0,,,,,1004,1004,0,2,3,0,3,3,1,0,1,9,10,11,1,0,2,0,1,0,133472,0.387,0.744,0.008
248,3.76,1.212,0,0.074,0.081,0,0,,0,,,,0,,,,,1004,1004,0,2,3,0,3,3,1,0,1,9,10,11,1,0,2,0,1,0,133472,0.487,1.492,0.028
249,2.456,0.358,0.001,0.068,0.051,0,0,,0,,,,0,,,,,1004,1004,0,2,3,0,3,3,1,0,1,9,10,11,1,0,2,0,1,0,133472,0.446,1.132,0.015
250,3.576,1.732,0,0.054,0.049,0,0,,0,,,,0,,,,,1004,1004,0,2,3,0,3,3,1,0,1,9,10,11,1,0,2,0,1,0,133472,0.38,1.062,0.013
251,2.179,0.583,0,0.049,0.038,0,0,,0,,,,0,,,,,1004,1004,0,2,3,0,3,3,1,0,1,9,10,11,1,0,2,0,1,0,133472,0.377,0.853,0.011
252,3.123,1.517,0.001,0.136,0.03,0,0,,0,,,,0,,,,,1004,1004,0,2,3,0,3,3,1,0,1,9,10,11,1,0,2,0,1,0,133472,0.422,0.737,0.009
253,2.412,0.77,0,0.077,0.034,0,0,,0,,,,0,,,,,1004,1004,0,2,3,0,3,3,1,0,1,9,10,11,1,0,2,0,1,0,133472,0.348,0.844,0.01
254,3.896,1.128,0.001,0.104,0.076,0,0,,0,,,,0,,,,,1004,1004,0,2,3,0,3,3,1,0,1,9,10,11,1,0,2,0,1,0,133472,0.621,1.356,0.022
255,10.651,8.449,0,0.067,0.073,0,0,,0,,,,0,,,,,1004,1004,0,2,3,0,3,3,1,0,1,9,10,11,1,0,2,0,1,0,133472,0.455,1.183,0.022
256,9.725,7.316,0,0.074,0.064,0,0,,0,,,,0,,,,,1004,1004,0,2,3,0,3,3,1,0,1,9,10,11,1,0,2,0,1,0,133472,0.511,1.289,0.023
257,10.029,7.047,0,0.121,0.09,0,0,,0,,,,0,,,,,1004,1004,0,2,3,0,3,3,1,0,1,9,10,11,1,0,2,0,1,0,133472,0.667,1.521,0.025
258,3.682,0.001,0,0.086,0.072,0,0,,0,,,,0,,,,,1004,1004,0,2,3,0,3,3,1,0,1,9,10,11,1,0,2,0,1,0,133472,0.761,2.243,0.029
259,5.125,0.002,0.001,0.109,0.1,0,0,,0,,,,0,,,,,1004,1004,0,2,3,0,3,3,1,0,1,9,10,11,1,0,2,0,1,0,133472,0.665,3.647,0.034
260,3.674,0.002,0.001,0.101,0.077,0,0,,0,,,,0,,,,,1004,1004,0,2,3,0,3,3,1,0,1,9,10,11,1,0,2,0,1,0,133472,0.768,2.121,0.028
261,4.321,0.001,0,0.209,0.1,0,0,,0,,,,0,,,,,1004,1004,0,2,3,0,3,3,1,0,1,9,10,11,1,0,2,0,1,0,133472,0.949,2.347,0.031
262,3.976,0.001,0.001,0.118,0.045,0,0,,0,,,,0,,,,,1004,1004,0,2,3,0,3,3,1,0,1,9,10,11,1,0,2,0,1,0,133472,0.836,2.304,0.023
263,8.03,5.432,0,0.106,0.064,0,0,,0,,,,0,,,,,1004,1004,0,2,3,0,3,3,1,0,1,9,10,11,1,0,2,0,1,0,133472,0.51,1.384,0.022
264,8.338,4.918,0.001,0.102,0.093,0,0,,0,,,,0,,,,,1004,1004,0,2,3,0,3,3,1,0,1,9,10,11,1,0,2,0,1,0,133472,0.695,1.89,0.029
265,3.155,0.001,0.001,0.082,0.064,0,0,,0,,,,0,,,,,1004,1004,0,2,3,0,3,3,1,0,1,9,10,11,1,0,2,0,1,0,133472,0.643,1.817,0.024
266,2.614,0,0.001,0.091,0.027,0,0,,0,,,,0,,,,,1004,1004,0,2,3,0,3,3,1,0,1,9,10,11,1,0,2,0,1,0,133472,0.856,1.17,0.012
267,2.927,0.614,0,0.053,0.057,0,0,,0,,,,0,,,,,1004,1004,0,2,3,0,3,3,1,0,1,9,10,11,1,0,2,0,1,0,133472,0.58,1.247,0.013
268,2.191,0.001,0,0.088,0.06,0,0,,0,,,,0,,,,,1004,1004,0,2,3,0,3,3,1,0,1,9,10,11,1,0,2,0,1,0,133472,0.476,1.204,0.018
269,2.942,0.001,0,0.096,0.06,0,0,,0,,,,0,,,,,1004,1004,0,2,3,0,3,3,1,0,1,9,10,11,1,0,2,0,1,0,133472,0.604,1.749,0.024
270,3.381,0.001,0.001,0.113,0.048,0,0,,1,437.5,231907328,288837632,1,71217344,71217344,167755776,38823561584,1004,1004,0,2,3,0,3,3,1,0,1,9,10,11,1,0,2,0,1,0,133472,0.917,1.717,0.031
271,2.306,0,0,0.07,0.037,0,0,,0,,,,0,,,,,1004,1004,0,2,3,0,3,3,1,0,1,9,10,11,1,0,2,0,1,0,133472,0.589,1.229,0.014
272,2.829,0.002,0.001,0.074,0.056,0,0,,0,,,,0,,,,,1004,1004,0,2,3,0,3,3,1,0,1,9,10,11,1,0,2,0,1,0,133472,0.595,1.678,0.017
273,2.392,0.001,0.001,0.07,0.06,0,0,,0,,,,0,,,,,1004,1004,0,2,3,0,3,3,1,0,1,9,10,11,1,0,2,0,1,0,133472,0.56,1.313,0.014
274,2.632,0,0,0.08,0.056,0,0,,0,,,,0,,,,,1004,1004,0,2,3,0,3,3,1,0,1,9,10,11,1,0,2,0,1,0,133472,0.569,1.535,0.024
275,3.39,0,0.001,0.099,0.074,0,0,,0,,,,0,,,,,1004,1004,0,2,3,0,3,3,1,0,1,9,10,11,1,0,2,0,1,0,133472,0.719,1.992,0.028
276,3.33,0.001,0.001,0.096,0.065,0,0,,0,,,,0,,,,,1004,1004,0,2,3,0,3,3,1,0,1,9,10,11,1,0,2,0,1,0,133472,0.758,1.861,0.025
277,2.903,0,0.001,0.075,0.063,0,0,,0,,,,0,,,,,1004,1004,0,2,3,0,3,3,1,0,1,9,10,11,1,0,2,0,1,0,133472,0.681,1.612,0.023
278,10.618,7.65,0,0.077,0.093,0,0,,0,,,,0,,,,,1004,1004,0,2,3,0,3,3,1,0,1,9,10,11,1,0,2,0,1,0,133472,0.585,1.689,0.032
279,3.237,0.001,0,0.112,0.059,0,0,,0,,,,0,,,,,1004,1004,0,2,3,0,3,3,1,0,1,9,10,11,1,0,2,0,1,0,133472,0.771,1.763,0.024
280,3.257,0.001,0,0.078,0.057,0,0,,0,,,,0,,,,,1004,1004,0,2,3,0,3,3,1,0,1,9,10,11,1,0,2,0,1,0,133472,0.719,1.904,0.026
281,8.897,6.272,0.001,0.073,0.086,0,0,,0,,,,0,,,,,1004,1004,0,2,3,0,3,3,1,0,1,9,10,11,1,0,2,0,1,0,133472,0.49,1.476,0.028
282,9.473,6.834,0.001,0.097,0.06,0,0,,0,,,,0,,,,,1004,1004,0,2,3,0,3,3,1,0,1,9,10,11,1,0,2,0,1,0,133472,0.566,1.395,0.026
283,14.684,11.791,0.001,0.098,0.07,0,0,,0,,,,0,,,,,1004,1004,0,2,3,0,3,3,1,0,1,9,10,11,1,0,2,0,1,0,133472,0.704,1.455,0.023
284,2.905,0.745,0.001,0.066,0.041,0,0,,0,,,,0,,,,,1004,1004,0,2,3,0,3,3,1,0,1,9,10,11,1,0,2,0,1,0,133472,0.418,1.155,0.014
285,4.25,2.215,0,0.061,0.052,0,0,,0,,,,0,,,,,1004,1004,0,2,3,0,3,3,1,0,1,9,10,11,1,0,2,0,1,0,133472,0.436,1.154,0.015
286,3.086,0.522,0,0.072,0.049,0,0,,0,,,,0,,,,,1004,1004,0,2,3,0,3,3,1,0,1,9,10,11,1,0,2,0,1,0,133472,0.615,1.369,0.018
287,3.143,0.001,0,0.064,0.081,0,0,,0,,,,0,,,,,1004,1004,0,2,3,0,3,3,1,0,1,9,10,11,1,0,2,0,1,0,133472,0.629,1.924,0.026
288,2.729,0.001,0,0.092,0.048,0,0,,0,,,,0,,,,,1004,1004,0,2,3,0,3,3,1,0,1,9,10,11,1,0,2,0,1,0,133472,0.617,1.532,0.019
289,16.038,13.879,0.001,0.067,0.042,0,0,,0,,,,0,,,,,1004,1004,0,2,3,0,3,3,1,0,1,9,10,11,1,0,2,0,1,0,133472,0.423,1.182,0.019
290,4.975,2.724,0.001,0.055,0.051,0,0,,0,,,,0,,,,,1004,1004,0,2,3,0,3,3,1,0,1,9,10,11,1,0,2,0,1,0,133472,0.446,1.34,0.013
291,3.865,1.314,0.001,0.056,0.072,0,0,,0,,,,0,,,,,1004,1004,0,2,3,0,3,3,1,0,1,9,10,11,1,0,2,0,1,0,133472,0.568,1.43,0.019
292,3.309,0.298,0,0.096,0.065,0,0,,0,,,,0,,,,,1004,1004,0,2,3,0,3,3,1,0,1,9,10,11,1,0,2,0,1,0,133472,0.671,1.583,0.026
293,3.814,1.507,0.001,0.068,0.054,0,0,,0,,,,0,,,,,1004,1004,0,2,3,0,3,3,1,0,1,9,10,11,1,0,2,0,1,0,133472,0.507,1.258,0.015
294,3.616,1.774,0.001,0.049,0.052,0,0,,0,,,,0,,,,,1004,1004,0,2,3,0,3,3,1,0,1,9,10,11,1,0,2,0,1,0,133472,0.414,1.027,0.011
295,2.717,0.811,0,0.047,0.047,0,0,,0,,,,0,,,,,1004,1004,0,2,3,0,3,3,1,0,1,9,10,11,1,0,2,0,1,0,133472,0.422,1.106,0.01
296,3.749,1.492,0.001,0.055,0.069,0,0,,0,,,,0,,,,,1004,1004,0,2,3,0,3,3,1,0,1,9,10,11,1,0,2,0,1,0,133472,0.442,1.32,0.016
297,3.361,0.376,0,0.07,0.077,0,0,,0,,,,0,,,,,1004,1004,0,2,3,0,3,3,1,0,1,9,10,11,1,0,2,0,1,0,133472,0.725,1.693,0.022
298,4.563,1.061,0.001,0.088,0.08,0,0,,0,,,,0,,,,,1004,1004,0,2,3,0,3,3,1,0,1,9,10,11,1,0,2,0,1,0,133472,1.072,1.723,0.024
299,2.576,0.001,0,0.073,0.045,0,0,,0,,,,0,,,,,1004,1004,0,2,3,0,3,3,1,0,1,9,10,11,1,0,2,0,1,0,133472,0.626,1.401,0.017
300,3.664,0.716,0,0.076,0.075,0,0,,1,562.5,231915520,288837632,1,71217344,71217344,167755776,38823561584,1004,1004,0,2,3,0,3,3,1,0,1,9,10,11,1,0,2,0,1,0,133472,0.622,1.687,0.02
301,3.134,0.001,0.001,0.061,0.078,0,0,,0,,,,0,,,,,1004,1004,0,2,3,0,3,3,1,0,1,9,10,11,1,0,2,0,1,0,133472,0.635,1.885,0.027
302,3.301,0.001,0,0.092,0.041,0,0,,0,,,,0,,,,,1004,1004,0,2,3,0,3,3,1,0,1,9,10,11,1,0,2,0,1,0,133472,0.731,1.891,0.023
303,2.152,0,0,0.062,0.038,0,0,,0,,,,0,,,,,1004,1004,0,2,3,0,3,3,1,0,1,9,10,11,1,0,2,0,1,0,133472,0.517,1.201,0.015
304,11.231,8.471,0,0.07,0.093,0,0,,0,,,,0,,,,,1004,1004,0,2,3,0,3,3,1,0,1,9,10,11,1,0,2,0,1,0,133472,0.486,1.619,0.03
305,2.804,0.002,0,0.091,0.045,0,0,,0,,,,0,,,,,1004,1004,0,2,3,0,3,3,1,0,1,9,10,11,1,0,2,0,1,0,133472,0.666,1.528,0.027
306,2.901,0.001,0.001,0.091,0.054,0,0,,0,,,,0,,,,,1004,1004,0,2,3,0,3,3,1,0,1,9,10,11,1,0,2,0,1,0,133472,0.597,1.728,0.022
307,2.408,0,0.001,0.083,0.03,0,0,,0,,,,0,,,,,1004,1004,0,2,3,0,3,3,1,0,1,9,10,11,1,0,2,0,1,0,133472,0.684,1.168,0.014
308,3.321,1.005,0.001,0.064,0.052,0,0,,0,,,,0,,,,,1004,1004,0,2,3,0,3,3,1,0,1,9,10,11,1,0,2,0,1,0,133472,0.631,1.174,0.015
309,3.027,0,0.001,0.059,0.051,0,0,,0,,,,0,,,,,1004,1004,0,2,3,0,3,3,1,0,1,9,10,11,1,0,2,0,1,0,133472,0.673,1.848,0.018
310,2.845,0.003,0.001,0.073,0.08,0,0,,0,,,,0,,,,,1004,1004,0,2,3,0,3,3,1,0,1,9,10,11,1,0,2,0,1,0,133472,0.539,1.692,0.021
311,7.123,3.816,0.001,0.063,0.722,0,0,,0,,,,0,,,,,1004,1004,0,2,3,0,3,3,1,0,1,9,10,11,1,0,2,0,1,0,133472,0.48,1.615,0.026
312,2.704,0.595,0.001,0.059,0.052,0,0,,0,,,,0,,,,,1004,1004,0,2,3,0,3,3,1,0,1,9,10,11,1,0,2,0,1,0,133472,0.482,1.158,0.018
313,2.093,0.001,0,0.058,0.039,0,0,,0,,,,0,,,,,1004,1004,0,2,3,0,3,3,1,0,1,9,10,11,1,0,2,0,1,0,133472,0.559,1.116,0.012
314,2.659,0,0,0.058,0.055,0,0,,0,,,,0,,,,,1004,1004,0,2,3,0,3,3,1,0,1,9,10,11,1,0,2,0,1,0,133472,0.483,1.697,0.021
315,3.247,0.137,0.001,0.118,0.061,0,0,,0,,,,0,,,,,1004,1004,0,2,3,0,3,3,1,0,1,9,10,11,1,0,2,0,1,0,133472,0.686,1.514,0.02
316,2.407,0.001,0.001,0.07,0.04,0,0,,0,,,,0,,,,,1004,1004,0,2,3,0,3,3,1,0,1,9,10,11,1,0,2,0,1,0,133472,0.612,1.266,0.021
317,3.669,1.199,0,0.065,0.066,0,0,,0,,,,0,,,,,1004,1004,0,2,3,0,3,3,1,0,1,9,10,11,1,0,2,0,1,0,133472,0.566,1.355,0.019
318,2.149,0.001,0,0.081,0.039,0,0,,0,,,,0,,,,,1004,1004,0,2,3,0,3,3,1,0,1,9,10,11,1,0,2,0,1,0,133472,0.468,1.203,0.012
319,2.153,0,0,0.074,0.056,0,0,,0,,,,0,,,,,1004,1004,0,2,3,0,3,3,1,0,1,9,10,11,1,0,2,0,1,0,133472,0.417,1.282,0.018
320,2.784,0.114,0.001,0.055,0.075,0,0,,0,,,,0,,,,,1004,1004,0,2,3,0,3,3,1,0,1,9,10,11,1,0,2,0,1,0,133472,0.51,1.566,0.038
321,3.306,0.001,0.001,0.12,0.055,0,0,,0,,,,0,,,,,1004,1004,0,2,3,0,3,3,1,0,1,9,10,11,1,0,2,0,1,0,133472,0.737,1.898,0.022
322,2.704,0.001,0,0.067,0.048,0,0,,0,,,,0,,,,,1004,1004,0,2,3,0,3,3,1,0,1,9,10,11,1,0,2,0,1,0,133472,0.68,1.429,0.021
323,2.714,0.467,0,0.064,0.048,0,0,,0,,,,0,,,,,1004,1004,0,2,3,0,3,3,1,0,1,9,10,11,1,0,2,0,1,0,133472,0.449,1.276,0.02
324,3.288,1.28,0,0.054,0.051,0,0,,0,,,,0,,,,,1004,1004,0,2,3,0,3,3,1,0,1,9,10,11,1,0,2,0,1,0,133472,0.425,1.154,0.014
325,2.594,0.332,0.001,0.055,0.061,0,0,,0,,,,0,,,,,1004,1004,0,2,3,0,3,3,1,0,1,9,10,11,1,0,2,0,1,0,133472,0.523,1.193,0.013
326,2.469,0,0.001,0.068,0.052,0,0,,0,,,,0,,,,,1004,1004,0,2,3,0,3,3,1,0,1,9,10,11,1,0,2,0,1,0,133472,0.49,1.502,0.017
327,2.64,0.001,0,0.072,0.039,0,0,,0,,,,0,,,,,1004,1004,0,2,3,0,3,3,1,0,1,9,10,11,1,0,2,0,1,0,133472,0.63,1.457,0.017
328,2.661,0.427,0.001,0.061,0.054,0,0,,0,,,,0,,,,,1004,1004,0,2,3,0,3,3,1,0,1,9,10,11,1,0,2,0,1,0,133472,0.504,1.224,0.017
329,4.011,1.249,0,0.067,0.068,0,0,,0,,,,0,,,,,1004,1004,0,2,3,0,3,3,1,0,1,9,10,11,1,0,2,0,1,0,133472,0.61,1.581,0.018
330,2.681,0.471,0,0.052,0.05,0,0,,1,656.25,231923712,288837632,1,71217344,71217344,167755776,38823561584,1004,1004,0,2,3,0,3,3,1,0,1,9,10,11,1,0,2,0,1,0,133472,0.502,1.258,0.013
331,3.325,0.922,0,0.065,0.067,0,0,,0,,,,0,,,,,1004,1004,0,2,3,0,3,3,1,0,1,9,10,11,1,0,2,0,1,0,133472,0.468,1.408,0.02
332,3.443,0.001,0,0.237,0.05,0,0,,0,,,,0,,,,,1004,1004,0,2,3,0,3,3,1,0,1,9,10,11,1,0,2,0,1,0,133472,0.852,1.462,0.036
333,1.932,0.001,0,0.07,0.036,0,0,,0,,,,0,,,,,1004,1004,0,2,3,0,3,3,1,0,1,9,10,11,1,0,2,0,1,0,133472,0.474,1.044,0.011
334,2.574,1.082,0,0.04,0.034,0,0,,0,,,,0,,,,,1004,1004,0,2,3,0,3,3,1,0,1,9,10,11,1,0,2,0,1,0,133472,0.412,0.757,0.007
335,3.531,1.473,0,0.098,0.362,0,0,,0,,,,0,,,,,1004,1004,0,2,3,0,3,3,1,0,1,9,10,11,1,0,2,0,1,0,133472,0.36,0.867,0.01
336,2.405,0.395,0,0.061,0.042,0,0,,0,,,,0,,,,,1004,1004,0,2,3,0,3,3,1,0,1,9,10,11,1,0,2,0,1,0,133472,0.432,1.153,0.015
337,2.34,0.369,0,0.061,0.043,0,0,,0,,,,0,,,,,1004,1004,0,2,3,0,3,3,1,0,1,9,10,11,1,0,2,0,1,0,133472,0.456,1.052,0.013
338,3.959,1.315,0.001,0.098,0.06,0,0,,0,,,,0,,,,,1004,1004,0,2,3,0,3,3,1,0,1,9,10,11,1,0,2,0,1,0,133472,0.475,1.52,0.02
339,2.15,0.001,0,0.086,0.042,0,0,,0,,,,0,,,,,1004,1004,0,2,3,0,3,3,1,0,1,9,10,11,1,0,2,0,1,0,133472,0.577,1.087,0.023
340,3.065,1.179,0,0.059,0.036,0,0,,0,,,,0,,,,,1004,1004,0,2,3,0,3,3,1,0,1,9,10,11,1,0,2,0,1,0,133472,0.443,1.062,0.012
341,2.432,0.411,0,0.061,0.031,0,0,,0,,,,0,,,,,1004,1004,0,2,3,0,3,3,1,0,1,9,10,11,1,0,2,0,1,0,133472,0.522,1.115,0.012
342,2.141,0.352,0,0.137,0.032,0,0,,0,,,,0,,,,,1004,1004,0,2,3,0,3,3,1,0,1,9,10,11,1,0,2,0,1,0,133472,0.378,0.954,0.009
343,2.624,0.557,0.001,0.036,0.031,0,0,,0,,,,0,,,,,1004,1004,0,2,3,0,3,3,1,0,1,9,10,11,1,0,2,0,1,0,133472,0.44,1.137,0.011
344,3.166,0.633,0,0.074,0.052,0,0,,0,,,,0,,,,,1004,1004,0,2,3,0,3,3,1,0,1,9,10,11,1,0,2,0,1,0,133472,0.508,1.464,0.019
345,3.274,1.335,0,0.074,0.044,0,0,,0,,,,0,,,,,1004,1004,0,2,3,0,3,3,1,0,1,9,10,11,1,0,2,0,1,0,133472,0.446,1.029,0.012
346,1.92,0,0,0.034,0.028,0,0,,0,,,,0,,,,,1004,1004,0,2,3,0,3,3,1,0,1,9,10,11,1,0,2,0,1,0,133472,0.447,1.069,0.01
347,2.83,0.274,0,0.147,0.044,0,0,,0,,,,0,,,,,1004,1004,0,2,3,0,3,3,1,0,1,9,10,11,1,0,2,0,1,0,133472,0.529,1.387,0.011
348,2.195,0.263,0,0.062,0.036,0,0,,0,,,,0,,,,,1004,1004,0,2,3,0,3,3,1,0,1,9,10,11,1,0,2,0,1,0,133472,0.415,1.134,0.011
349,2.173,0.227,0,0.061,0.036,0,0,,0,,,,0,,,,,1004,1004,0,2,3,0,3,3,1,0,1,9,10,11,1,0,2,0,1,0,133472,0.413,1.15,0.011
350,3.001,0.25,0,0.083,0.056,0,0,,0,,,,0,,,,,1004,1004,0,2,3,0,3,3,1,0,1,9,10,11,1,0,2,0,1,0,133472,0.488,1.692,0.02
351,2.379,0.001,0,0.081,0.039,0,0,,0,,,,0,,,,,1004,1004,0,2,3,0,3,3,1,0,1,9,10,11,1,0,2,0,1,0,133472,0.604,1.282,0.015
352,2.555,0.075,0,0.11,0.052,0,0,,0,,,,0,,,,,1004,1004,0,2,3,0,3,3,1,0,1,9,10,11,1,0,2,0,1,0,133472,0.547,1.368,0.015
353,2.601,0.001,0.001,0.071,0.038,0,0,,0,,,,0,,,,,1004,1004,0,2,3,0,3,3,1,0,1,9,10,11,1,0,2,0,1,0,133472,0.671,1.446,0.015
354,2.266,0,0.001,0.059,0.031,0,0,,0,,,,0,,,,,1004,1004,0,2,3,0,3,3,1,0,1,9,10,11,1,0,2,0,1,0,133472,0.582,1.28,0.012
355,1.78,0.001,0,0.049,0.028,0,0,,0,,,,0,,,,,1004,1004,0,2,3,0,3,3,1,0,1,9,10,11,1,0,2,0,1,0,133472,0.46,0.986,0.008
356,2.215,0.285,0,0.096,0.032,0,0,,0,,,,0,,,,,1004,1004,0,2,3,0,3,3,1,0,1,9,10,11,1,0,2,0,1,0,133472,0.357,1.08,0.01
357,2.373,0.199,0,0.046,0.039,0,0,,0,,,,0,,,,,1004,1004,0,2,3,0,3,3,1,0,1,9,10,11,1,0,2,0,1,0,133472,0.423,1.243,0.011
358,2.039,0.001,0,0.052,0.024,0,0,,0,,,,0,,,,,1004,1004,0,2,3,0,3,3,1,0,1,9,10,11,1,0,2,0,1,0,133472,0.476,1.209,0.01
359,2.011,0.07,0.001,0.046,0.035,0,0,,0,,,,0,,,,,1004,1004,0,2,3,0,3,3,1,0,1,9,10,11,1,0,2,0,1,0,133472,0.474,1.118,0.009
360,3.533,0.926,0,0.077,0.072,0,0,,1,734.375,231931904,288837632,1,71217344,71217344,167755776,38823561584,1004,1004,0,2,3,0,3,3,1,0,1,9,10,11,1,0,2,0,1,0,133472,0.508,1.556,0.017
361,2.949,0,0.001,0.076,0.051,0,0,,0,,,,0,,,,,1004,1004,0,2,3,0,3,3,1,0,1,9,10,11,1,0,2,0,1,0,133472,0.642,1.742,0.021
362,2.353,0.001,0,0.081,0.038,0,0,,0,,,,0,,,,,1004,1004,0,2,3,0,3,3,1,0,1,9,10,11,1,0,2,0,1,0,133472,0.523,1.388,0.013
363,2.865,0,0,0.082,0.055,0,0,,0,,,,0,,,,,1004,1004,0,2,3,0,3,3,1,0,1,9,10,11,1,0,2,0,1,0,133472,0.633,1.652,0.022
364,2.841,0.001,0,0.084,0.055,0,0,,0,,,,0,,,,,1004,1004,0,2,3,0,3,3,1,0,1,9,10,11,1,0,2,0,1,0,133472,0.654,1.615,0.019
365,2.762,0.001,0,0.075,0.049,0,0,,0,,,,0,,,,,1004,1004,0,2,3,0,3,3,1,0,1,9,10,11,1,0,2,0,1,0,133472,0.568,1.665,0.02
366,4.544,2.63,0,0.065,0.072,0,0,,0,,,,0,,,,,1004,1004,0,2,3,0,3,3,1,0,1,9,10,11,1,0,2,0,1,0,133472,0.454,0.951,0.028
367,8.412,5.636,0.001,0.068,0.082,0,0,,0,,,,0,,,,,1004,1004,0,2,3,0,3,3,1,0,1,9,10,11,1,0,2,0,1,0,133472,0.658,1.496,0.024
368,2.736,0.001,0,0.067,0.052,0,0,,0,,,,0,,,,,1004,1004,0,2,3,0,3,3,1,0,1,9,10,11,1,0,2,0,1,0,133472,0.574,1.638,0.02
369,2.419,0,0,0.067,0.043,0,0,,0,,,,0,,,,,1004,1004,0,2,3,0,3,3,1,0,1,9,10,11,1,0,2,0,1,0,133472,0.5,1.445,0.016
370,2.277,0,0,0.059,0.029,0,0,,0,,,,0,,,,,1004,1004,0,2,3,0,3,3,1,0,1,9,10,11,1,0,2,0,1,0,133472,0.523,1.324,0.014
371,3.261,0.891,0,0.082,0.058,0,0,,0,,,,0,,,,,1004,1004,0,2,3,0,3,3,1,0,1,9,10,11,1,0,2,0,1,0,133472,0.521,1.317,0.015
372,1.983,0.001,0.001,0.057,0.031,0,0,,0,,,,0,,,,,1004,1004,0,2,3,0,3,3,1,0,1,9,10,11,1,0,2,0,1,0,133472,0.443,1.157,0.011
373,2.853,0.307,0,0.087,0.05,0,0,,0,,,,0,,,,,1004,1004,0,2,3,0,3,3,1,0,1,9,10,11,1,0,2,0,1,0,133472,0.445,1.569,0.016
374,2.12,0.001,0.001,0.051,0.028,0,0,,0,,,,0,,,,,1004,1004,0,2,3,0,3,3,1,0,1,9,10,11,1,0,2,0,1,0,133472,0.42,1.377,0.007
375,2.599,0.307,0.001,0.169,0.049,0,0,,0,,,,0,,,,,1004,1004,0,2,3,0,3,3,1,0,1,9,10,11,1,0,2,0,1,0,133472,0.526,1.174,0.016
376,2.582,0.148,0,0.098,0.04,0,0,,0,,,,0,,,,,1004,1004,0,2,3,0,3,3,1,0,1,9,10,11,1,0,2,0,1,0,133472,0.511,1.332,0.013
377,7.746,5.433,0.001,0.071,0.057,0,0,,0,,,,0,,,,,1004,1004,0,2,3,0,3,3,1,0,1,9,10,11,1,0,2,0,1,0,133472,0.492,1.239,0.018
378,9.348,7.264,0.001,0.064,0.059,0,0,,0,,,,0,,,,,1004,1004,0,2,3,0,3,3,1,0,1,9,10,11,1,0,2,0,1,0,133472,0.435,1.125,0.017
379,2.935,1.166,0,0.052,0.049,0,0,,0,,,,0,,,,,1004,1004,0,2,3,0,3,3,1,0,1,9,10,11,1,0,2,0,1,0,133472,0.419,0.965,0.011
380,2.565,0.761,0,0.132,0.044,0,0,,0,,,,0,,,,,1004,1004,0,2,3,0,3,3,1,0,1,9,10,11,1,0,2,0,1,0,133472,0.355,0.984,0.011
381,1.841,0,0,0.043,0.034,0,0,,0,,,,0,,,,,1004,1004,0,2,3,0,3,3,1,0,1,9,10,11,1,0,2,0,1,0,133472,0.416,1.084,0.013
382,2.864,0,0.001,0.081,0.043,0,0,,0,,,,0,,,,,1004,1004,0,2,3,0,3,3,1,0,1,9,10,11,1,0,2,0,1,0,133472,0.72,1.505,0.018
383,2.403,0.001,0,0.068,0.036,0,0,,0,,,,0,,,,,1004,1004,0,2,3,0,3,3,1,0,1,9,10,11,1,0,2,0,1,0,133472,0.58,1.385,0.014
384,2.003,0.001,0,0.054,0.031,0,0,,0,,,,0,,,,,1004,1004,0,2,3,0,3,3,1,0,1,9,10,11,1,0,2,0,1,0,133472,0.488,1.127,0.01
385,1.945,0,0,0.04,0.026,0,0,,0,,,,0,,,,,1004,1004,0,2,3,0,3,3,1,0,1,9,10,11,1,0,2,0,1,0,133472,0.419,1.192,0.01
386,2.445,0.702,0,0.054,0.05,0,0,,0,,,,0,,,,,1004,1004,0,2,3,0,3,3,1,0,1,9,10,11,1,0,2,0,1,0,133472,0.416,0.921,0.01
387,2.659,0.836,0.001,0.049,0.026,0,0,,0,,,,0,,,,,1004,1004,0,2,3,0,3,3,1,0,1,9,10,11,1,0,2,0,1,0,133472,0.507,0.94,0.01
388,2.63,0.337,0,0.052,0.046,0,0,,0,,,,0,,,,,1004,1004,0,2,3,0,3,3,1,0,1,9,10,11,1,0,2,0,1,0,133472,0.433,1.429,0.023
389,2.499,0.147,0,0.065,0.046,0,0,,0,,,,0,,,,,1004,1004,0,2,3,0,3,3,1,0,1,9,10,11,1,0,2,0,1,0,133472,0.585,1.256,0.014
390,3.329,1.031,0,0.06,0.049,0,0,,1,828.125,231940096,288837632,1,71217344,71217344,167755776,38823561584,1004,1004,0,2,3,0,3,3,1,0,1,9,10,11,1,0,2,0,1,0,133472,0.454,1.421,0.011
391,1.826,0.001,0,0.051,0.024,0,0,,0,,,,0,,,,,1004,1004,0,2,3,0,3,3,1,0,1,9,10,11,1,0,2,0,1,0,133472,0.407,1.069,0.01
392,3.123,1.222,0,0.039,0.038,0,0,,0,,,,0,,,,,1004,1004,0,2,3,0,3,3,1,0,1,9,10,11,1,0,2,0,1,0,133472,0.424,1.121,0.011
393,1.772,0.181,0,0.045,0.026,0,0,,0,,,,0,,,,,1004,1004,0,2,3,0,3,3,1,0,1,9,10,11,1,0,2,0,1,0,133472,0.379,0.879,0.008
394,4.514,1.082,0,0.041,0.093,0,0,,0,,,,0,,,,,1004,1004,0,2,3,0,3,3,1,0,1,9,10,11,1,0,2,0,1,0,133472,0.634,2.205,0.025
395,3.648,0.001,0,0.097,0.063,0,0,,0,,,,0,,,,,1004,1004,0,2,3,0,3,3,1,0,1,9,10,11,1,0,2,0,1,0,133472,0.916,2,0.022
396,2.407,0,0,0.082,0.044,0,0,,0,,,,0,,,,,1004,1004,0,2,3,0,3,3,1,0,1,9,10,11,1,0,2,0,1,0,133472,0.588,1.28,0.011
397,2.335,0.001,0,0.059,0.037,0,0,,0,,,,0,,,,,1004,1004,0,2,3,0,3,3,1,0,1,9,10,11,1,0,2,0,1,0,133472,0.548,1.347,0.012
398,1.91,0.001,0,0.05,0.035,0,0,,0,,,,0,,,,,1004,1004,0,2,3,0,3,3,1,0,1,9,10,11,1,0,2,0,1,0,133472,0.449,1.106,0.009
399,1.581,0,0,0.039,0.028,0,0,,0,,,,0,,,,,1004,1004,0,2,3,0,3,3,1,0,1,9,10,11,1,0,2,0,1,0,133472,0.408,0.883,0.007
400,2.26,0,0.001,0.032,0.102,0,0,,0,,,,0,,,,,1004,1004,0,2,3,0,3,3,1,0,1,9,10,11,1,0,2,0,1,0,133472,0.378,1.461,0.016
401,2.317,0.002,0,0.073,0.053,0,0,,0,,,,0,,,,,1004,1004,0,2,3,0,3,3,1,0,1,9,10,11,1,0,2,0,1,0,133472,0.622,1.152,0.014
402,1.901,0.001,0,0.057,0.043,0,0,,0,,,,0,,,,,1004,1004,0,2,3,0,3,3,1,0,1,9,10,11,1,0,2,0,1,0,133472,0.501,1.005,0.014
403,1.959,0.001,0.001,0.054,0.067,0,0,,0,,,,0,,,,,1004,1004,0,2,3,0,3,3,1,0,1,9,10,11,1,0,2,0,1,0,133472,0.508,1.057,0.012
404,2.923,0.002,0,0.058,0.066,0,0,,0,,,,0,,,,,1004,1004,0,2,3,0,3,3,1,0,1,9,10,11,1,0,2,0,1,0,133472,0.693,1.442,0.017
405,2.463,0.001,0,0.075,0.068,0,0,,0,,,,0,,,,,1004,1004,0,2,3,0,3,3,1,0,1,9,10,11,1,0,2,0,1,0,133472,0.534,1.386,0.017
406,2.777,0,0,0.064,0.048,0,0,,0,,,,0,,,,,1004,1004,0,2,3,0,3,3,1,0,1,9,10,11,1,0,2,0,1,0,133472,0.688,1.576,0.015
407,2.447,0,0,0.071,0.038,0,0,,0,,,,0,,,,,1004,1004,0,2,3,0,3,3,1,0,1,9,10,11,1,0,2,0,1,0,133472,0.61,1.331,0.022
408,2.594,0,0,0.048,0.059,0,0,,0,,,,0,,,,,1004,1004,0,2,3,0,3,3,1,0,1,9,10,11,1,0,2,0,1,0,133472,0.531,1.617,0.015
409,2.112,0,0,0.059,0.041,0,0,,0,,,,0,,,,,1004,1004,0,2,3,0,3,3,1,0,1,9,10,11,1,0,2,0,1,0,133472,0.5,1.172,0.012
410,2.018,0,0,0.045,0.035,0,0,,0,,,,0,,,,,1004,1004,0,2,3,0,3,3,1,0,1,9,10,11,1,0,2,0,1,0,133472,0.503,1.169,0.011
411,2.548,0.001,0,0.047,0.051,0,0,,0,,,,0,,,,,1004,1004,0,2,3,0,3,3,1,0,1,9,10,11,1,0,2,0,1,0,133472,0.525,1.599,0.016
412,2.96,0,0,0.072,0.055,0,0,,0,,,,0,,,,,1004,1004,0,2,3,0,3,3,1,0,1,9,10,11,1,0,2,0,1,0,133472,0.594,1.846,0.019
413,2.989,0,0.001,0.078,0.05,0,0,,0,,,,0,,,,,1004,1004,0,2,3,0,3,3,1,0,1,9,10,11,1,0,2,0,1,0,133472,0.689,1.737,0.019
414,5.042,0,0,0.086,0.062,0,0,,0,,,,0,,,,,1004,1004,0,2,3,0,3,3,1,0,1,9,10,11,1,0,2,0,1,0,133472,1.501,2.721,0.025
415,3.446,0.001,0.001,0.07,0.077,0,0,,0,,,,0,,,,,1004,1004,0,2,3,0,3,3,1,0,1,9,10,11,1,0,2,0,1,0,133472,0.852,2.012,0.022
416,10.808,7.013,0.001,0.097,0.382,0,0,,0,,,,0,,,,,1004,1004,0,2,3,0,3,3,1,0,1,9,10,11,1,0,2,0,1,0,133472,0.705,1.96,0.03
417,8.099,4.494,0,0.117,0.114,0,0,,0,,,,0,,,,,1004,1004,0,2,3,0,3,3,1,0,1,9,10,11,1,0,2,0,1,0,133472,0.742,1.854,0.028
418,11.861,8.754,0.001,0.104,0.064,0,0,,0,,,,0,,,,,1004,1004,0,2,3,0,3,3,1,0,1,9,10,11,1,0,2,0,1,0,133472,0.506,1.922,0.029
419,8.372,6.254,0.001,0.069,0.075,0,0,,0,,,,0,,,,,1004,1004,0,2,3,0,3,3,1,0,1,9,10,11,1,0,2,0,1,0,133472,0.405,1.122,0.025
420,4.985,2.588,0,0.063,0.071,0,0,,1,906.25,231948288,288837632,1,71217344,71217344,167755776,38823561584,1004,1004,0,2,3,0,3,3,1,0,1,9,10,11,1,0,2,0,1,0,133472,0.508,1.367,0.017
421,2.377,0.001,0,0.075,0.043,0,0,,0,,,,0,,,,,1004,1004,0,2,3,0,3,3,1,0,1,9,10,11,1,0,2,0,1,0,133472,0.516,1.35,0.019
422,2.173,0,0,0.06,0.04,0,0,,0,,,,0,,,,,1004,1004,0,2,3,0,3,3,1,0,1,9,10,11,1,0,2,0,1,0,133472,0.485,1.299,0.013
423,1.968,0.001,0,0.066,0.028,0,0,,0,,,,0,,,,,1004,1004,0,2,3,0,3,3,1,0,1,9,10,11,1,0,2,0,1,0,133472,0.496,1.094,0.011
424,2.388,0.032,0.001,0.044,0.027,0,0,,0,,,,0,,,,,1004,1004,0,2,3,0,3,3,1,0,1,9,10,11,1,0,2,0,1,0,133472,0.638,1.331,0.012
425,2.976,0.919,0.001,0.06,0.038,0,0,,0,,,,0,,,,,1004,1004,0,2,3,0,3,3,1,0,1,9,10,11,1,0,2,0,1,0,133472,0.456,1.185,0.012
426,3.756,1.705,0,0.052,0.043,0,0,,0,,,,0,,,,,1004,1004,0,2,3,0,3,3,1,0,1,9,10,11,1,0,2,0,1,0,133472,0.478,1.172,0.011
427,2.495,0,0,0.052,0.04,0,0,,0,,,,0,,,,,1004,1004,0,2,3,0,3,3,1,0,1,9,10,11,1,0,2,0,1,0,133472,0.498,1.554,0.015
428,2.141,0,0,0.076,0.035,0,0,,0,,,,0,,,,,1004,1004,0,2,3,0,3,3,1,0,1,9,10,11,1,0,2,0,1,0,133472,0.512,1.203,0.011
429,2.108,0,0,0.059,0.035,0,0,,0,,,,0,,,,,1004,1004,0,2,3,0,3,3,1,0,1,9,10,11,1,0,2,0,1,0,133472,0.427,1.297,0.012
430,2.109,0,0.001,0.049,0.024,0,0,,0,,,,0,,,,,1004,1004,0,2,3,0,3,3,1,0,1,9,10,11,1,0,2,0,1,0,133472,0.476,1.278,0.009
431,1.985,0.125,0,0.055,0.027,0,0,,0,,,,0,,,,,1004,1004,0,2,3,0,3,3,1,0,1,9,10,11,1,0,2,0,1,0,133472,0.414,1.038,0.011
432,4.524,2.405,0,0.078,0.045,0,0,,0,,,,0,,,,,1004,1004,0,2,3,0,3,3,1,0,1,9,10,11,1,0,2,0,1,0,133472,0.484,1.187,0.011
433,2.121,0.001,0,0.047,0.055,0,0,,0,,,,0,,,,,1004,1004,0,2,3,0,3,3,1,0,1,9,10,11,1,0,2,0,1,0,133472,0.468,1.209,0.01
434,1.991,0,0,0.077,0.026,0,0,,0,,,,0,,,,,1004,1004,0,2,3,0,3,3,1,0,1,9,10,11,1,0,2,0,1,0,133472,0.446,1.12,0.011
435,2.121,0.315,0.001,0.051,0.036,0,0,,0,,,,0,,,,,1004,1004,0,2,3,0,3,3,1,0,1,9,10,11,1,0,2,0,1,0,133472,0.384,1.04,0.012
436,4.781,2.095,0.001,0.092,0.049,0,0,,0,,,,0,,,,,1004,1004,0,2,3,0,3,3,1,0,1,9,10,11,1,0,2,0,1,0,133472,0.624,1.479,0.015
437,2.074,0.001,0,0.064,0.03,0,0,,0,,,,0,,,,,1004,1004,0,2,3,0,3,3,1,0,1,9,10,11,1,0,2,0,1,0,133472,0.48,1.198,0.012
438,3.39,0.898,0,0.113,0.048,0,0,,0,,,,0,,,,,1004,1004,0,2,3,0,3,3,1,0,1,9,10,11,1,0,2,0,1,0,133472,0.525,1.386,0.013
439,4.578,1.969,0,0.047,0.066,0,0,,0,,,,0,,,,,1004,1004,0,2,3,0,3,3,1,0,1,9,10,11,1,0,2,0,1,0,133472,0.709,1.451,0.023
440,3.719,0.216,0,0.088,0.048,0,0,,0,,,,0,,,,,1004,1004,0,2,3,0,3,3,1,0,1,9,10,11,1,0,2,0,1,0,133472,1.164,1.626,0.048
441,1.707,0.001,0,0.056,0.042,0,0,,0,,,,0,,,,,1004,1004,0,2,3,0,3,3,1,0,1,9,10,11,1,0,2,0,1,0,133472,0.408,0.91,0.013
442,1.655,0.001,0,0.051,0.024,0,0,,0,,,,0,,,,,1004,1004,0,2,3,0,3,3,1,0,1,9,10,11,1,0,2,0,1,0,133472,0.414,0.929,0.009
443,1.689,0.158,0,0.043,0.022,0,0,,0,,,,0,,,,,1004,1004,0,2,3,0,3,3,1,0,1,9,10,11,1,0,2,0,1,0,133472,0.389,0.852,0.007
444,5.959,3.754,0,0.092,0.148,0,0,,0,,,,0,,,,,1004,1004,0,2,3,0,3,3,1,0,1,9,10,11,1,0,2,0,1,0,133472,0.371,1.15,0.031
445,2.546,0.243,0,0.075,0.075,0,0,,0,,,,0,,,,,1004,1004,0,2,3,0,3,3,1,0,1,9,10,11,1,0,2,0,1,0,133472,0.425,1.324,0.032
446,3.202,0.001,0.001,0.108,0.056,0,0,,0,,,,0,,,,,1004,1004,0,2,3,0,3,3,1,0,1,9,10,11,1,0,2,0,1,0,133472,0.714,1.699,0.028
447,2.305,0.001,0,0.094,0.028,0,0,,0,,,,0,,,,,1004,1004,0,2,3,0,3,3,1,0,1,9,10,11,1,0,2,0,1,0,133472,0.532,1.287,0.011
448,2.291,0,0,0.059,0.044,0,0,,0,,,,0,,,,,1004,1004,0,2,3,0,3,3,1,0,1,9,10,11,1,0,2,0,1,0,133472,0.492,1.371,0.014
449,5.14,3.044,0,0.055,0.057,0,0,,0,,,,0,,,,,1004,1004,0,2,3,0,3,3,1,0,1,9,10,11,1,0,2,0,1,0,133472,0.46,1.174,0.015
450,3.21,0.332,0,0.088,0.066,0,0,,1,1015.625,232013824,288837632,1,71217344,71217344,167755776,38823561584,1004,1004,0,2,3,0,3,3,1,0,1,9,10,11,1,0,2,0,1,0,133472,0.526,1.607,0.025
451,3.699,1.322,0,0.067,0.051,0,0,,0,,,,0,,,,,1004,1004,0,2,3,0,3,3,1,0,1,9,10,11,1,0,2,0,1,0,133472,0.567,1.254,0.016
452,8.393,6.549,0,0.07,0.046,0,0,,0,,,,0,,,,,1004,1004,0,2,3,0,3,3,1,0,1,9,10,11,1,0,2,0,1,0,133472,0.418,0.944,0.013
453,3.324,1.026,0,0.058,0.067,0,0,,0,,,,0,,,,,1004,1004,0,2,3,0,3,3,1,0,1,9,10,11,1,0,2,0,1,0,133472,0.395,1.356,0.022
454,3.505,1.246,0,0.059,0.041,0,0,,0,,,,0,,,,,1004,1004,0,2,3,0,3,3,1,0,1,9,10,11,1,0,2,0,1,0,133472,0.525,1.278,0.015
455,11.798,9.703,0,0.049,0.098,0,0,,0,,,,0,,,,,1004,1004,0,2,3,0,3,3,1,0,1,9,10,11,1,0,2,0,1,0,133472,0.416,1.154,0.017
456,2.551,0.001,0,0.075,0.034,0,0,,0,,,,0,,,,,1004,1004,0,2,3,0,3,3,1,0,1,9,10,11,1,0,2,0,1,0,133472,0.636,1.379,0.016
457,2.707,0,0,0.053,0.039,0,0,,0,,,,0,,,,,1004,1004,0,2,3,0,3,3,1,0,1,9,10,11,1,0,2,0,1,0,133472,0.647,1.595,0.014
458,2.82,0.887,0.001,0.083,0.053,0,0,,0,,,,0,,,,,1004,1004,0,2,3,0,3,3,1,0,1,9,10,11,1,0,2,0,1,0,133472,0.433,1.049,0.011
459,4.172,1.833,0,0.062,0.05,0,0,,0,,,,0,,,,,1004,1004,0,2,3,0,3,3,1,0,1,9,10,11,1,0,2,0,1,0,133472,0.519,1.33,0.013
460,5.674,1.571,0.001,0.105,0.264,0,0,,0,,,,0,,,,,1004,1004,0,2,3,0,3,3,1,0,1,9,10,11,1,0,2,0,1,0,133472,0.702,2.341,0.024
461,3.579,0.002,0.001,0.112,0.071,0,0,,0,,,,0,,,,,1004,1004,0,2,3,0,3,3,1,0,1,9,10,11,1,0,2,0,1,0,133472,0.675,2.134,0.026
462,3.978,0,0,0.125,0.077,0,0,,0,,,,0,,,,,1004,1004,0,2,3,0,3,3,1,0,1,9,10,11,1,0,2,0,1,0,133472,0.923,2.303,0.026
463,3.638,0.001,0,0.056,0.069,0,0,,0,,,,0,,,,,1004,1004,0,2,3,0,3,3,1,0,1,9,10,11,1,0,2,0,1,0,133472,0.775,2.294,0.022
464,3.251,0,0.001,0.096,0.03,0,0,,0,,,,0,,,,,1004,1004,0,2,3,0,3,3,1,0,1,9,10,11,1,0,2,0,1,0,133472,0.479,2.313,0.013
465,2.203,0,0,0.043,0.041,0,0,,0,,,,0,,,,,1004,1004,0,2,3,0,3,3,1,0,1,9,10,11,1,0,2,0,1,0,133472,0.475,1.303,0.015
466,4.702,0.872,0,0.095,0.103,0,0,,0,,,,0,,,,,1004,1004,0,2,3,0,3,3,1,0,1,9,10,11,1,0,2,0,1,0,133472,0.843,2.166,0.024
467,3.762,0.001,0,0.083,0.061,0,0,,0,,,,0,,,,,1004,1004,0,2,3,0,3,3,1,0,1,9,10,11,1,0,2,0,1,0,133472,0.842,2.216,0.02
468,3.707,0,0.001,0.081,0.053,0,0,,0,,,,0,,,,,1004,1004,0,2,3,0,3,3,1,0,1,9,10,11,1,0,2,0,1,0,133472,0.836,2.228,0.018
469,4.201,0.001,0,0.084,0.065,0,0,,0,,,,0,,,,,1004,1004,0,2,3,0,3,3,1,0,1,9,10,11,1,0,2,0,1,0,133472,0.842,2.638,0.023
470,2.406,0.001,0.001,0.076,0.042,0,0,,0,,,,0,,,,,1004,1004,0,2,3,0,3,3,1,0,1,9,10,11,1,0,2,0,1,0,133472,0.555,1.401,0.015
471,2.207,0.232,0,0.092,0.037,0,0,,0,,,,0,,,,,1004,1004,0,2,3,0,3,3,1,0,1,9,10,11,1,0,2,0,1,0,133472,0.364,1.128,0.012
472,2.323,0.461,0,0.143,0.023,0,0,,0,,,,0,,,,,1004,1004,0,2,3,0,3,3,1,0,1,9,10,11,1,0,2,0,1,0,133472,0.432,0.995,0.009
473,5.792,3.692,0,0.065,0.043,0,0,,0,,,,0,,,,,1004,1004,0,2,3,0,3,3,1,0,1,9,10,11,1,0,2,0,1,0,133472,0.544,1.063,0.015
474,1.984,0.562,0.001,0.048,0.02,0,0,,0,,,,0,,,,,1004,1004,0,2,3,0,3,3,1,0,1,9,10,11,1,0,2,0,1,0,133472,0.354,0.778,0.01
475,4.993,2.61,0.001,0.106,0.052,0,0,,0,,,,0,,,,,1004,1004,0,2,3,0,3,3,1,0,1,9,10,11,1,0,2,0,1,0,133472,0.537,1.135,0.016
476,2.249,0.534,0,0.095,0.03,0,0,,0,,,,0,,,,,1004,1004,0,2,3,0,3,3,1,0,1,9,10,11,1,0,2,0,1,0,133472,0.318,0.96,0.009
477,4.537,2.421,0,0.107,0.066,0,0,,0,,,,0,,,,,1004,1004,0,2,3,0,3,3,1,0,1,9,10,11,1,0,2,0,1,0,133472,0.397,1.126,0.016
478,4.633,2.355,0,0.041,0.059,0,0,,0,,,,0,,,,,1004,1004,0,2,3,0,3,3,1,0,1,9,10,11,1,0,2,0,1,0,133472,0.532,1.357,0.014
479,3.472,0.001,0,0.058,0.076,0,0,,0,,,,0,,,,,1004,1004,0,2,3,0,3,3,1,0,1,9,10,11,1,0,2,0,1,0,133472,0.773,1.794,0.024
480,2.959,0.001,0.001,0.089,0.075,0,0,,1,1125,232013824,288837632,1,71217344,71217344,167755776,38823561584,1004,1004,0,2,3,0,3,3,1,0,1,9,10,11,1,0,2,0,1,0,133472,0.692,1.656,0.015
481,2.379,0.001,0.001,0.064,0.037,0,0,,0,,,,0,,,,,1004,1004,0,2,3,0,3,3,1,0,1,9,10,11,1,0,2,0,1,0,133472,0.578,1.333,0.011
482,2.29,0,0,0.051,0.035,0,0,,0,,,,0,,,,,1004,1004,0,2,3,0,3,3,1,0,1,9,10,11,1,0,2,0,1,0,133472,0.517,1.406,0.01
483,2.241,0,0,0.057,0.04,0,0,,0,,,,0,,,,,1004,1004,0,2,3,0,3,3,1,0,1,9,10,11,1,0,2,0,1,0,133472,0.502,1.339,0.01
484,1.944,0,0,0.058,0.033,0,0,,0,,,,0,,,,,1004,1004,0,2,3,0,3,3,1,0,1,9,10,11,1,0,2,0,1,0,133472,0.435,1.128,0.01
485,3.066,0.576,0.001,0.104,0.048,0,0,,0,,,,0,,,,,1004,1004,0,2,3,0,3,3,1,0,1,9,10,11,1,0,2,0,1,0,133472,0.449,1.463,0.018
486,4.21,2.42,0,0.082,0.047,0,0,,0,,,,0,,,,,1004,1004,0,2,3,0,3,3,1,0,1,9,10,11,1,0,2,0,1,0,133472,0.469,0.793,0.014
487,3.732,1.242,0,0.058,0.062,0,0,,0,,,,0,,,,,1004,1004,0,2,3,0,3,3,1,0,1,9,10,11,1,0,2,0,1,0,133472,0.538,1.397,0.026
488,6.018,3.939,0.001,0.102,0.045,0,0,,0,,,,0,,,,,1004,1004,0,2,3,0,3,3,1,0,1,9,10,11,1,0,2,0,1,0,133472,0.412,1.09,0.015
489,7.121,1.835,0,0.117,0.128,0,0,,0,,,,0,,,,,1004,1004,0,2,3,0,3,3,1,0,1,9,10,11,1,0,2,0,1,0,133472,1.262,3.045,0.036
490,5.162,0.002,0,0.142,0.097,0,0,,0,,,,0,,,,,1004,1004,0,2,3,0,3,3,1,0,1,9,10,11,1,0,2,0,1,0,133472,1.162,2.89,0.034
491,3.795,0.001,0.001,0.124,0.055,0,0,,0,,,,0,,,,,1004,1004,0,2,3,0,3,3,1,0,1,9,10,11,1,0,2,0,1,0,133472,1.197,1.733,0.017
492,2.919,0,0,0.064,0.056,0,0,,0,,,,0,,,,,1004,1004,0,2,3,0,3,3,1,0,1,9,10,11,1,0,2,0,1,0,133472,0.649,1.747,0.016
493,2.273,0.26,0,0.056,0.058,0,0,,0,,,,0,,,,,1004,1004,0,2,3,0,3,3,1,0,1,9,10,11,1,0,2,0,1,0,133472,0.452,1.091,0.019
494,3.484,1.351,0,0.111,0.039,0,0,,0,,,,0,,,,,1004,1004,0,2,3,0,3,3,1,0,1,9,10,11,1,0,2,0,1,0,133472,0.444,1.136,0.014
495,3.063,0.639,0.001,0.141,0.055,0,0,,0,,,,0,,,,,1004,1004,0,2,3,0,3,3,1,0,1,9,10,11,1,0,2,0,1,0,133472,0.508,1.255,0.019
496,4.632,3.07,0.001,0.049,0.046,0,0,,0,,,,0,,,,,1004,1004,0,2,3,0,3,3,1,0,1,9,10,11,1,0,2,0,1,0,133472,0.381,0.783,0.011
497,3.586,0.891,0,0.082,0.121,0,0,,0,,,,0,,,,,1004,1004,0,2,3,0,3,3,1,0,1,9,10,11,1,0,2,0,1,0,133472,0.359,1.591,0.02
498,2.962,1.271,0,0.095,0.043,0,0,,0,,,,0,,,,,1004,1004,0,2,3,0,3,3,1,0,1,9,10,11,1,0,2,0,1,0,133472,0.362,0.842,0.011
499,3.001,0.702,0,0.115,0.071,0,0,,0,,,,0,,,,,1004,1004,0,2,3,0,3,3,1,0,1,9,10,11,1,0,2,0,1,0,133472,0.431,1.32,0.024
500,3.511,1.294,0.001,0.083,0.042,0,0,,0,,,,0,,,,,1004,1004,0,2,3,0,3,3,1,0,1,9,10,11,1,0,2,0,1,0,133472,0.456,1.174,0.017
501,4.657,2.665,0,0.089,0.045,0,0,,0,,,,0,,,,,1004,1004,0,2,3,0,3,3,1,0,1,9,10,11,1,0,2,0,1,0,133472,0.393,1.126,0.011
502,5.928,0.899,0,0.11,0.055,0,0,,0,,,,0,,,,,1004,1004,0,2,3,0,3,3,1,0,1,9,10,11,1,0,2,0,1,0,133472,1.243,2.948,0.016
503,1.8,0,0.001,0.051,0.047,0,0,,0,,,,0,,,,,1004,1004,0,2,3,0,3,3,1,0,1,9,10,11,1,0,2,0,1,0,133472,0.461,0.743,0.011
504,2.615,0.384,0.001,0.121,0.035,0,0,,0,,,,0,,,,,1004,1004,0,2,3,0,3,3,1,0,1,9,10,11,1,0,2,0,1,0,133472,0.652,1.068,0.023
505,3.511,1.621,0.001,0.069,0.04,0,0,,0,,,,0,,,,,1004,1004,0,2,3,0,3,3,1,0,1,9,10,11,1,0,2,0,1,0,133472,0.391,0.973,0.012
506,2.403,0.402,0,0.094,0.042,0,0,,0,,,,0,,,,,1004,1004,0,2,3,0,3,3,1,0,1,9,10,11,1,0,2,0,1,0,133472,0.383,1.102,0.013
507,2.677,0.323,0.001,0.095,0.04,0,0,,0,,,,0,,,,,1004,1004,0,2,3,0,3,3,1,0,1,9,10,11,1,0,2,0,1,0,133472,0.533,1.249,0.016
508,3.485,1.174,0,0.103,0.044,0,0,,0,,,,0,,,,,1004,1004,0,2,3,0,3,3,1,0,1,9,10,11,1,0,2,0,1,0,133472,0.453,1.27,0.03
509,3.056,0.976,0.001,0.093,0.039,0,0,,0,,,,0,,,,,1004,1004,0,2,3,0,3,3,1,0,1,9,10,11,1,0,2,0,1,0,133472,0.427,1.128,0.012
510,2.848,0.322,0,0.091,0.059,0,0,,1,1203.125,232013824,288837632,1,71217344,71217344,167755776,38823561584,1004,1004,0,2,3,0,3,3,1,0,1,9,10,11,1,0,2,0,1,0,133472,0.431,1.553,0.016
511,4.034,2.08,0,0.085,0.041,0,0,,0,,,,0,,,,,1004,1004,0,2,3,0,3,3,1,0,1,9,10,11,1,0,2,0,1,0,133472,0.41,1.046,0.014
512,2.945,0.496,0.001,0.076,0.119,0,0,,0,,,,0,,,,,1004,1004,0,2,3,0,3,3,1,0,1,9,10,11,1,0,2,0,1,0,133472,0.411,1.338,0.02
513,6.18,1.237,0,0.089,0.134,0,0,,0,,,,0,,,,,1004,1004,0,2,3,0,3,3,1,0,1,9,10,11,1,0,2,0,1,0,133472,0.593,3.57,0.038
514,5.38,0.002,0.001,0.175,0.078,0,0,,0,,,,0,,,,,1004,1004,0,2,3,0,3,3,1,0,1,9,10,11,1,0,2,0,1,0,133472,1.202,3.153,0.027
515,4.859,0.001,0,0.118,0.07,0,0,,0,,,,0,,,,,1004,1004,0,2,3,0,3,3,1,0,1,9,10,11,1,0,2,0,1,0,133472,1.202,2.734,0.028
516,3.818,0.003,0,0.074,0.082,0,0,,0,,,,0,,,,,1004,1004,0,2,3,0,3,3,1,0,1,9,10,11,1,0,2,0,1,0,133472,1.315,1.353,0.029
517,2.188,0.001,0.001,0.056,0.044,0,0,,0,,,,0,,,,,1004,1004,0,2,3,0,3,3,1,0,1,9,10,11,1,0,2,0,1,0,133472,0.485,1.276,0.014
518,1.652,0.113,0,0.05,0.036,0,0,,0,,,,0,,,,,1004,1004,0,2,3,0,3,3,1,0,1,9,10,11,1,0,2,0,1,0,133472,0.375,0.816,0.009
519,3.788,1.386,0,0.122,0.048,0,0,,0,,,,0,,,,,1004,1004,0,2,3,0,3,3,1,0,1,9,10,11,1,0,2,0,1,0,133472,0.544,1.242,0.015
520,6.454,1.625,0.001,0.111,0.073,0,0,,0,,,,0,,,,,1004,1004,0,2,3,0,3,3,1,0,1,9,10,11,1,0,2,0,1,0,133472,1.248,2.838,0.029
521,2.368,0.001,0.001,0.154,0.046,0,0,,0,,,,0,,,,,1004,1004,0,2,3,0,3,3,1,0,1,9,10,11,1,0,2,0,1,0,133472,0.447,1.339,0.03
522,3.376,0.001,0.001,0.081,0.327,0,0,,0,,,,0,,,,,1004,1004,0,2,3,0,3,3,1,0,1,9,10,11,1,0,2,0,1,0,133472,0.725,1.794,0.039
523,3.848,1.091,0.001,0.07,0.053,0,0,,0,,,,0,,,,,1004,1004,0,2,3,0,3,3,1,0,1,9,10,11,1,0,2,0,1,0,133472,0.726,1.462,0.018
524,38.914,35.886,0.001,0.097,0.087,0,0,,0,,,,0,,,,,1004,1004,0,2,3,0,3,3,1,0,1,9,10,11,1,0,2,0,1,0,133472,0.531,1.755,0.025
525,2.918,0.001,0,0.072,0.045,0,0,,0,,,,0,,,,,1004,1004,0,2,3,0,3,3,1,0,1,9,10,11,1,0,2,0,1,0,133472,0.714,1.646,0.019
526,2.694,0.001,0,0.061,0.036,0,0,,0,,,,0,,,,,1004,1004,0,2,3,0,3,3,1,0,1,9,10,11,1,0,2,0,1,0,133472,0.56,1.632,0.013
527,2.265,0.001,0.001,0.055,0.035,0,0,,0,,,,0,,,,,1004,1004,0,2,3,0,3,3,1,0,1,9,10,11,1,0,2,0,1,0,133472,0.546,1.299,0.013
528,2.079,0.001,0,0.057,0.023,0,0,,0,,,,0,,,,,1004,1004,0,2,3,0,3,3,1,0,1,9,10,11,1,0,2,0,1,0,133472,0.511,1.169,0.011
529,3.234,0.347,0.001,0.063,0.051,0,0,,0,,,,0,,,,,1004,1004,0,2,3,0,3,3,1,0,1,9,10,11,1,0,2,0,1,0,133472,0.733,1.638,0.015
530,4.327,0.85,0,0.128,0.055,0,0,,0,,,,0,,,,,1004,1004,0,2,3,0,3,3,1,0,1,9,10,11,1,0,2,0,1,0,133472,1.007,1.557,0.028
531,2.854,0.485,0,0.085,0.041,0,0,,0,,,,0,,,,,1004,1004,0,2,3,0,3,3,1,0,1,9,10,11,1,0,2,0,1,0,133472,0.498,1.3,0.019
532,2.114,0,0,0.059,0.031,0,0,,0,,,,0,,,,,1004,1004,0,2,3,0,3,3,1,0,1,9,10,11,1,0,2,0,1,0,133472,0.554,1.166,0.013
533,3.93,1.22,0,0.066,0.067,0,0,,0,,,,0,,,,,1004,1004,0,2,3,0,3,3,1,0,1,9,10,11,1,0,2,0,1,0,133472,0.436,1.746,0.024
534,4.815,1.528,0,0.093,0.086,0,0,,0,,,,0,,,,,1004,1004,0,2,3,0,3,3,1,0,1,9,10,11,1,0,2,0,1,0,133472,0.748,1.782,0.026
535,3.152,0.001,0,0.115,0.056,0,0,,0,,,,0,,,,,1004,1004,0,2,3,0,3,3,1,0,1,9,10,11,1,0,2,0,1,0,133472,0.856,1.616,0.022
536,11.108,9.501,0,0.093,0.036,0,0,,0,,,,0,,,,,1004,1004,0,2,3,0,3,3,1,0,1,9,10,11,1,0,2,0,1,0,133472,0.427,0.631,0.015
537,2.662,0.373,0,0.122,0.048,0,0,,0,,,,0,,,,,1004,1004,0,2,3,0,3,3,1,0,1,9,10,11,1,0,2,0,1,0,133472,0.561,1.12,0.015
538,2.851,0,0,0.046,0.052,0,0,,0,,,,0,,,,,1004,1004,0,2,3,0,3,3,1,0,1,9,10,11,1,0,2,0,1,0,133472,0.675,1.597,0.02
539,2.185,0.001,0,0.067,0.057,0,0,,0,,,,0,,,,,1004,1004,0,2,3,0,3,3,1,0,1,9,10,11,1,0,2,0,1,0,133472,0.545,1.15,0.013
540,1.954,0,0.001,0.055,0.035,0,0,,1,1343.75,232013824,288837632,1,71217344,71217344,167755776,38823561584,1004,1004,0,2,3,0,3,3,1,0,1,9,10,11,1,0,2,0,1,0,133472,0.532,1.06,0.011
541,2.193,0.001,0,0.052,0.043,0,0,,0,,,,0,,,,,1004,1004,0,2,3,0,3,3,1,0,1,9,10,11,1,0,2,0,1,0,133472,0.446,1.362,0.013
542,2.68,0,0,0.086,0.072,0,0,,0,,,,0,,,,,1004,1004,0,2,3,0,3,3,1,0,1,9,10,11,1,0,2,0,1,0,133472,0.56,1.561,0.019
543,3.111,0,0,0.088,0.055,0,0,,0,,,,0,,,,,1004,1004,0,2,3,0,3,3,1,0,1,9,10,11,1,0,2,0,1,0,133472,0.709,1.796,0.02
544,4.154,0.001,0,0.072,0.107,0,0,,0,,,,0,,,,,1004,1004,0,2,3,0,3,3,1,0,1,9,10,11,1,0,2,0,1,0,133472,0.641,2.741,0.038
545,4.238,0.002,0.001,0.116,0.07,0,0,,0,,,,0,,,,,1004,1004,0,2,3,0,3,3,1,0,1,9,10,11,1,0,2,0,1,0,133472,0.947,2.489,0.024
546,2.867,0,0.001,0.091,0.083,0,0,,0,,,,0,,,,,1004,1004,0,2,3,0,3,3,1,0,1,9,10,11,1,0,2,0,1,0,133472,0.909,1.175,0.014
547,1.786,0.001,0,0.048,0.022,0,0,,0,,,,0,,,,,1004,1004,0,2,3,0,3,3,1,0,1,9,10,11,1,0,2,0,1,0,133472,0.417,1.073,0.007
548,5.482,0.656,0.001,0.234,0.494,0,0,,0,,,,0,,,,,1004,1004,0,2,3,0,3,3,1,0,1,9,10,11,1,0,2,0,1,0,133472,0.933,2.47,0.025
549,3.197,0.002,0.001,0.109,0.07,0,0,,0,,,,0,,,,,1004,1004,0,2,3,0,3,3,1,0,1,9,10,11,1,0,2,0,1,0,133472,0.671,1.77,0.025
550,2.141,0,0.001,0.068,0.035,0,0,,0,,,,0,,,,,1004,1004,0,2,3,0,3,3,1,0,1,9,10,11,1,0,2,0,1,0,133472,0.509,1.185,0.012
551,10.254,8.3,0.001,0.079,0.05,0,0,,0,,,,0,,,,,1004,1004,0,2,3,0,3,3,1,0,1,9,10,11,1,0,2,0,1,0,133472,0.366,1.118,0.015
552,2.86,0,0,0.036,0.071,0,0,,0,,,,0,,,,,1004,1004,0,2,3,0,3,3,1,0,1,9,10,11,1,0,2,0,1,0,133472,0.433,1.935,0.026
553,3.157,0.001,0,0.083,0.06,0,0,,0,,,,0,,,,,1004,1004,0,2,3,0,3,3,1,0,1,9,10,11,1,0,2,0,1,0,133472,1.033,1.546,0.017
554,1.811,0.001,0.001,0.061,0.036,0,0,,0,,,,0,,,,,1004,1004,0,2,3,0,3,3,1,0,1,9,10,11,1,0,2,0,1,0,133472,0.421,1.004,0.011
555,1.963,0,0,0.046,0.076,0,0,,0,,,,0,,,,,1004,1004,0,2,3,0,3,3,1,0,1,9,10,11,1,0,2,0,1,0,133472,0.484,1.115,0.009
556,1.828,0,0,0.05,0.026,0,0,,0,,,,0,,,,,1004,1004,0,2,3,0,3,3,1,0,1,9,10,11,1,0,2,0,1,0,133472,0.442,1.049,0.009
557,3.188,1.642,0,0.054,0.032,0,0,,0,,,,0,,,,,1004,1004,0,2,3,0,3,3,1,0,1,9,10,11,1,0,2,0,1,0,133472,0.364,0.843,0.008
558,2.863,0.815,0,0.052,0.062,0,0,,0,,,,0,,,,,1004,1004,0,2,3,0,3,3,1,0,1,9,10,11,1,0,2,0,1,0,133472,0.436,1.151,0.016
559,2.734,0.001,0,0.099,0.055,0,0,,0,,,,0,,,,,1004,1004,0,2,3,0,3,3,1,0,1,9,10,11,1,0,2,0,1,0,133472,0.655,1.434,0.019
560,2.011,0.001,0,0.082,0.084,0,0,,0,,,,0,,,,,1004,1004,0,2,3,0,3,3,1,0,1,9,10,11,1,0,2,0,1,0,133472,0.488,1.051,0.01
561,1.891,0.001,0,0.039,0.027,0,0,,0,,,,0,,,,,1004,1004,0,2,3,0,3,3,1,0,1,9,10,11,1,0,2,0,1,0,133472,0.439,1.101,0.011
562,1.993,0,0,0.045,0.024,0,0,,0,,,,0,,,,,1004,1004,0,2,3,0,3,3,1,0,1,9,10,11,1,0,2,0,1,0,133472,0.457,1.181,0.01
563,2.243,0,0,0.047,0.03,0,0,,0,,,,0,,,,,1004,1004,0,2,3,0,3,3,1,0,1,9,10,11,1,0,2,0,1,0,133472,0.612,1.258,0.011
564,2.06,0,0,0.05,0.024,0,0,,0,,,,0,,,,,1004,1004,0,2,3,0,3,3,1,0,1,9,10,11,1,0,2,0,1,0,133472,0.482,1.222,0.01
565,2.941,0.736,0.001,0.046,0.05,0,0,,0,,,,0,,,,,1004,1004,0,2,3,0,3,3,1,0,1,9,10,11,1,0,2,0,1,0,133472,0.447,1.349,0.012
566,3.626,0.258,0.001,0.11,0.052,0,0,,0,,,,0,,,,,1004,1004,0,2,3,0,3,3,1,0,1,9,10,11,1,0,2,0,1,0,133472,0.883,1.537,0.018
567,1.687,0,0,0.056,0.03,0,0,,0,,,,0,,,,,1004,1004,0,2,3,0,3,3,1,0,1,9,10,11,1,0,2,0,1,0,133472,0.394,0.942,0.01
568,2.873,0.78,0,0.049,0.047,0,0,,0,,,,0,,,,,1004,1004,0,2,3,0,3,3,1,0,1,9,10,11,1,0,2,0,1,0,133472,0.472,1.163,0.012
569,1.979,0.001,0,0.045,0.027,0,0,,0,,,,0,,,,,1004,1004,0,2,3,0,3,3,1,0,1,9,10,11,1,0,2,0,1,0,133472,0.458,1.174,0.008
570,3.027,1.268,0.001,0.039,0.052,0,0,,1,1406.25,232013824,288837632,1,71217344,71217344,167755776,38823561584,1004,1004,0,2,3,0,3,3,1,0,1,9,10,11,1,0,2,0,1,0,133472,0.398,1.008,0.009
571,2.859,0.498,0,0.038,0.059,0,0,,0,,,,0,,,,,1004,1004,0,2,3,0,3,3,1,0,1,9,10,11,1,0,2,0,1,0,133472,0.702,1.239,0.016
572,2.344,0,0.001,0.063,0.046,0,0,,0,,,,0,,,,,1004,1004,0,2,3,0,3,3,1,0,1,9,10,11,1,0,2,0,1,0,133472,0.437,1.485,0.015
573,2.182,0.001,0,0.07,0.028,0,0,,0,,,,0,,,,,1004,1004,0,2,3,0,3,3,1,0,1,9,10,11,1,0,2,0,1,0,133472,0.61,1.172,0.011
574,1.711,0.001,0.001,0.046,0.03,0,0,,0,,,,0,,,,,1004,1004,0,2,3,0,3,3,1,0,1,9,10,11,1,0,2,0,1,0,133472,0.43,0.946,0.008
575,1.749,0.001,0,0.038,0.027,0,0,,0,,,,0,,,,,1004,1004,0,2,3,0,3,3,1,0,1,9,10,11,1,0,2,0,1,0,133472,0.396,1.061,0.009
576,2.447,0.518,0,0.127,0.028,0,0,,0,,,,0,,,,,1004,1004,0,2,3,0,3,3,1,0,1,9,10,11,1,0,2,0,1,0,133472,0.434,1.046,0.009
577,2.764,1.054,0.001,0.038,0.046,0,0,,0,,,,0,,,,,1004,1004,0,2,3,0,3,3,1,0,1,9,10,11,1,0,2,0,1,0,133472,0.409,0.947,0.01
578,1.822,0,0,0.047,0.029,0,0,,0,,,,0,,,,,1004,1004,0,2,3,0,3,3,1,0,1,9,10,11,1,0,2,0,1,0,133472,0.374,1.113,0.008
579,1.698,0,0,0.035,0.027,0,0,,0,,,,0,,,,,1004,1004,0,2,3,0,3,3,1,0,1,9,10,11,1,0,2,0,1,0,133472,0.381,1.019,0.009
580,1.917,0,0,0.037,0.036,0,0,,0,,,,0,,,,,1004,1004,0,2,3,0,3,3,1,0,1,9,10,11,1,0,2,0,1,0,133472,0.38,1.226,0.011
581,2.586,0.34,0.001,0.069,0.036,0,0,,0,,,,0,,,,,1004,1004,0,2,3,0,3,3,1,0,1,9,10,11,1,0,2,0,1,0,133472,0.466,1.312,0.011
582,2.39,0.509,0,0.06,0.041,0,0,,0,,,,0,,,,,1004,1004,0,2,3,0,3,3,1,0,1,9,10,11,1,0,2,0,1,0,133472,0.444,1.068,0.01
583,2.906,1.029,0,0.045,0.032,0,0,,0,,,,0,,,,,1004,1004,0,2,3,0,3,3,1,0,1,9,10,11,1,0,2,0,1,0,133472,0.446,1.075,0.009
584,2.788,1.081,0.001,0.046,0.055,0,0,,0,,,,0,,,,,1004,1004,0,2,3,0,3,3,1,0,1,9,10,11,1,0,2,0,1,0,133472,0.362,0.964,0.01
585,2.495,0.394,0.001,0.047,0.03,0,0,,0,,,,0,,,,,1004,1004,0,2,3,0,3,3,1,0,1,9,10,11,1,0,2,0,1,0,133472,0.409,1.291,0.02
586,2.226,0.001,0,0.042,0.035,0,0,,0,,,,0,,,,,1004,1004,0,2,3,0,3,3,1,0,1,9,10,11,1,0,2,0,1,0,133472,0.594,1.173,0.012
587,2.223,0.001,0,0.054,0.038,0,0,,0,,,,0,,,,,1004,1004,0,2,3,0,3,3,1,0,1,9,10,11,1,0,2,0,1,0,133472,0.495,1.29,0.013
588,2.246,0,0,0.046,0.034,0,0,,0,,,,0,,,,,1004,1004,0,2,3,0,3,3,1,0,1,9,10,11,1,0,2,0,1,0,133472,0.617,1.232,0.01
589,1.948,0,0,0.052,0.046,0,0,,0,,,,0,,,,,1004,1004,0,2,3,0,3,3,1,0,1,9,10,11,1,0,2,0,1,0,133472,0.38,1.144,0.026
590,1.448,0.001,0,0.1,0.036,0,0,,0,,,,0,,,,,1004,1004,0,2,3,0,3,3,1,0,1,9,10,11,1,0,2,0,1,0,133472,0.35,0.757,0.006
591,1.304,0,0,0.033,0.018,0,0,,0,,,,0,,,,,1004,1004,0,2,3,0,3,3,1,0,1,9,10,11,1,0,2,0,1,0,133472,0.315,0.767,0.007
592,2.171,0.702,0.001,0.088,0.021,0,0,,0,,,,0,,,,,1004,1004,0,2,3,0,3,3,1,0,1,9,10,11,1,0,2,0,1,0,133472,0.305,0.769,0.005
593,1.387,0.101,0,0.038,0.023,0,0,,0,,,,0,,,,,1004,1004,0,2,3,0,3,3,1,0,1,9,10,11,1,0,2,0,1,0,133472,0.413,0.648,0.004
594,1.409,0.315,0.001,0.031,0.022,0,0,,0,,,,0,,,,,1004,1004,0,2,3,0,3,3,1,0,1,9,10,11,1,0,2,0,1,0,133472,0.277,0.608,0.004
595,1.993,0.446,0.001,0.079,0.034,0,0,,0,,,,0,,,,,1004,1004,0,2,3,0,3,3,1,0,1,9,10,11,1,0,2,0,1,0,133472,0.391,0.719,0.009
596,2.705,0.001,0.001,0.034,0.061,0,0,,0,,,,0,,,,,1004,1004,0,2,3,0,3,3,1,0,1,9,10,11,1,0,2,0,1,0,133472,0.985,1.34,0.019
597,3.656,0.001,0,0.058,0.086,0,0,,0,,,,0,,,,,1004,1004,0,2,3,0,3,3,1,0,1,9,10,11,1,0,2,0,1,0,133472,0.605,2.384,0.022
598,3.944,0.001,0,0.092,0.066,0,0,,0,,,,0,,,,,1004,1004,0,2,3,0,3,3,1,0,1,9,10,11,1,0,2,0,1,0,133472,0.891,2.309,0.016
599,4.315,0,0,0.1,0.058,0,0,,0,,,,0,,,,,1004,1004,0,2,3,0,3,3,1,0,1,9,10,11,1,0,2,0,1,0,133472,0.977,2.587,0.019
600,3.881,0,0,0.084,0.071,0,0,,1,1468.75,232013824,288837632,1,71217344,71217344,167755776,38823561584,1004,1004,0,2,3,0,3,3,1,0,1,9,10,11,1,0,2,0,1,0,133472,0.835,2.352,0.021
601,1.801,0.002,0,0.057,0.042,0,0,,0,,,,0,,,,,1004,1004,0,2,3,0,3,3,1,0,1,9,10,11,1,0,2,0,1,0,133472,0.51,0.855,0.012
602,1.517,0.001,0,0.047,0.022,0,0,,0,,,,0,,,,,1004,1004,0,2,3,0,3,3,1,0,1,9,10,11,1,0,2,0,1,0,133472,0.402,0.822,0.007
603,2.087,0.779,0.001,0.059,0.023,0,0,,0,,,,0,,,,,1004,1004,0,2,3,0,3,3,1,0,1,9,10,11,1,0,2,0,1,0,133472,0.328,0.676,0.006
604,2.712,1.266,0.001,0.081,0.047,0,0,,0,,,,0,,,,,1004,1004,0,2,3,0,3,3,1,0,1,9,10,11,1,0,2,0,1,0,133472,0.333,0.692,0.007
605,3.184,1.839,0,0.084,0.034,0,0,,0,,,,0,,,,,1004,1004,0,2,3,0,3,3,1,0,1,9,10,11,1,0,2,0,1,0,133472,0.316,0.617,0.006
606,1.145,0,0,0.029,0.021,0,0,,0,,,,0,,,,,1004,1004,0,2,3,0,3,3,1,0,1,9,10,11,1,0,2,0,1,0,133472,0.327,0.621,0.004
607,1.423,0.242,0,0.037,0.029,0,0,,0,,,,0,,,,,1004,1004,0,2,3,0,3,3,1,0,1,9,10,11,1,0,2,0,1,0,133472,0.276,0.657,0.005
608,2.116,0.407,0,0.061,0.048,0,0,,0,,,,0,,,,,1004,1004,0,2,3,0,3,3,1,0,1,9,10,11,1,0,2,0,1,0,133472,0.311,0.984,0.033
609,4.324,0,0.001,0.053,0.093,0,0,,0,,,,0,,,,,1004,1004,0,2,3,0,3,3,1,0,1,9,10,11,1,0,2,0,1,0,133472,1.085,2.537,0.025
610,4.231,0.001,0,0.101,0.077,0,0,,0,,,,0,,,,,1004,1004,0,2,3,0,3,3,1,0,1,9,10,11,1,0,2,0,1,0,133472,0.982,2.443,0.025
611,4.11,0.001,0,0.1,0.06,0,0,,0,,,,0,,,,,1004,1004,0,2,3,0,3,3,1,0,1,9,10,11,1,0,2,0,1,0,133472,0.91,2.446,0.022
612,3.837,0,0,0.097,0.055,0,0,,0,,,,0,,,,,1004,1004,0,2,3,0,3,3,1,0,1,9,10,11,1,0,2,0,1,0,133472,0.986,2.154,0.019
613,3.576,0.001,0,0.1,0.072,0,0,,0,,,,0,,,,,1004,1004,0,2,3,0,3,3,1,0,1,9,10,11,1,0,2,0,1,0,133472,0.788,2.111,0.018
614,2.961,0,0,0.083,0.042,0,0,,0,,,,0,,,,,1004,1004,0,2,3,0,3,3,1,0,1,9,10,11,1,0,2,0,1,0,133472,0.662,1.774,0.014
615,2.845,0,0,0.067,0.042,0,0,,0,,,,0,,,,,1004,1004,0,2,3,0,3,3,1,0,1,9,10,11,1,0,2,0,1,0,133472,0.647,1.691,0.014
616,2.48,0,0,0.066,0.035,0,0,,0,,,,0,,,,,1004,1004,0,2,3,0,3,3,1,0,1,9,10,11,1,0,2,0,1,0,133472,0.643,1.356,0.01
617,1.842,0,0,0.047,0.027,0,0,,0,,,,0,,,,,1004,1004,0,2,3,0,3,3,1,0,1,9,10,11,1,0,2,0,1,0,133472,0.487,1.006,0.007
618,1.827,0,0,0.033,0.029,0,0,,0,,,,0,,,,,1004,1004,0,2,3,0,3,3,1,0,1,9,10,11,1,0,2,0,1,0,133472,0.425,1.108,0.009
619,2.14,0,0,0.035,0.039,0,0,,0,,,,0,,,,,1004,1004,0,2,3,0,3,3,1,0,1,9,10,11,1,0,2,0,1,0,133472,0.545,1.253,0.012
620,2.055,0,0,0.052,0.036,0,0,,0,,,,0,,,,,1004,1004,0,2,3,0,3,3,1,0,1,9,10,11,1,0,2,0,1,0,133472,0.515,1.169,0.011
621,1.855,0.001,0,0.046,0.028,0,0,,0,,,,0,,,,,1004,1004,0,2,3,0,3,3,1,0,1,9,10,11,1,0,2,0,1,0,133472,0.452,1.081,0.008
622,1.639,0,0,0.034,0.029,0,0,,0,,,,0,,,,,1004,1004,0,2,3,0,3,3,1,0,1,9,10,11,1,0,2,0,1,0,133472,0.365,1.008,0.009
623,1.914,0,0,0.042,0.041,0,0,,0,,,,0,,,,,1004,1004,0,2,3,0,3,3,1,0,1,9,10,11,1,0,2,0,1,0,133472,0.443,1.132,0.008
624,1.669,0,0,0.042,0.024,0,0,,0,,,,0,,,,,1004,1004,0,2,3,0,3,3,1,0,1,9,10,11,1,0,2,0,1,0,133472,0.425,0.928,0.006
625,1.628,0,0,0.032,0.038,0,0,,0,,,,0,,,,,1004,1004,0,2,3,0,3,3,1,0,1,9,10,11,1,0,2,0,1,0,133472,0.407,0.936,0.008
626,1.604,0,0,0.042,0.027,0,0,,0,,,,0,,,,,1004,1004,0,2,3,0,3,3,1,0,1,9,10,11,1,0,2,0,1,0,133472,0.397,0.907,0.007
627,1.829,0,0,0.033,0.04,0,0,,0,,,,0,,,,,1004,1004,0,2,3,0,3,3,1,0,1,9,10,11,1,0,2,0,1,0,133472,0.392,1.142,0.014
628,2.535,0.001,0,0.044,0.069,0,0,,0,,,,0,,,,,1004,1004,0,2,3,0,3,3,1,0,1,9,10,11,1,0,2,0,1,0,133472,0.458,1.439,0.172
629,1.937,0.001,0.001,0.1,0.042,0,0,,0,,,,0,,,,,1004,1004,0,2,3,0,3,3,1,0,1,9,10,11,1,0,2,0,1,0,133472,0.477,0.9,0.011
630,1.575,0.001,0,0.042,0.022,0,0,,1,1546.875,232013824,288837632,1,71217344,71217344,167755776,38823561584,1004,1004,0,2,3,0,3,3,1,0,1,9,10,11,1,0,2,0,1,0,133472,0.38,0.915,0.006
631,1.585,0,0,0.044,0.025,0,0,,0,,,,0,,,,,1004,1004,0,2,3,0,3,3,1,0,1,9,10,11,1,0,2,0,1,0,133472,0.397,0.921,0.006
632,2.6,0.756,0,0.237,0.031,0,0,,0,,,,0,,,,,1004,1004,0,2,3,0,3,3,1,0,1,9,10,11,1,0,2,0,1,0,133472,0.418,0.838,0.012
633,2.524,1.25,0,0.098,0.026,0,0,,0,,,,0,,,,,1004,1004,0,2,3,0,3,3,1,0,1,9,10,11,1,0,2,0,1,0,133472,0.293,0.647,0.007
634,2.066,0.832,0.001,0.114,0.019,0,0,,0,,,,0,,,,,1004,1004,0,2,3,0,3,3,1,0,1,9,10,11,1,0,2,0,1,0,133472,0.29,0.61,0.007
635,1.744,0.281,0,0.124,0.036,0,0,,0,,,,0,,,,,1004,1004,0,2,3,0,3,3,1,0,1,9,10,11,1,0,2,0,1,0,133472,0.357,0.674,0.008
636,2.021,0.087,0,0.035,0.052,0,0,,0,,,,0,,,,,1004,1004,0,2,3,0,3,3,1,0,1,9,10,11,1,0,2,0,1,0,133472,0.65,0.885,0.015
637,2.302,0.004,0.001,0.073,0.085,0,0,,0,,,,0,,,,,1004,1004,0,2,3,0,3,3,1,0,1,9,10,11,1,0,2,0,1,0,133472,0.517,1.028,0.011
638,2.131,0.508,0,0.054,0.038,0,0,,0,,,,0,,,,,1004,1004,0,2,3,0,3,3,1,0,1,9,10,11,1,0,2,0,1,0,133472,0.421,0.809,0.01
639,2.215,0.475,0,0.081,0.034,0,0,,0,,,,0,,,,,1004,1004,0,2,3,0,3,3,1,0,1,9,10,11,1,0,2,0,1,0,133472,0.394,0.897,0.01
640,2.609,1.193,0.001,0.046,0.027,0,0,,0,,,,0,,,,,1004,1004,0,2,3,0,3,3,1,0,1,9,10,11,1,0,2,0,1,0,133472,0.405,0.724,0.007
641,2.053,0.704,0.001,0.078,0.024,0,0,,0,,,,0,,,,,1004,1004,0,2,3,0,3,3,1,0,1,9,10,11,1,0,2,0,1,0,133472,0.343,0.678,0.005
642,2.399,0.85,0,0.062,0.031,0,0,,0,,,,0,,,,,1004,1004,0,2,3,0,3,3,1,0,1,9,10,11,1,0,2,0,1,0,133472,0.418,0.82,0.008
643,2.93,0.887,0.001,0.06,0.046,0,0,,0,,,,0,,,,,1004,1004,0,2,3,0,3,3,1,0,1,9,10,11,1,0,2,0,1,0,133472,0.511,1.059,0.029
644,4.782,0.425,0.001,0.123,0.085,0,0,,0,,,,0,,,,,1004,1004,0,2,3,0,3,3,1,0,1,9,10,11,1,0,2,0,1,0,133472,0.998,2.462,0.026
645,4.077,0.001,0,0.091,0.074,0,0,,0,,,,0,,,,,1004,1004,0,2,3,0,3,3,1,0,1,9,10,11,1,0,2,0,1,0,133472,0.908,2.406,0.023
646,2.251,0.001,0,0.095,0.038,0,0,,0,,,,0,,,,,1004,1004,0,2,3,0,3,3,1,0,1,9,10,11,1,0,2,0,1,0,133472,0.835,0.841,0.007
647,1.585,0,0,0.032,0.031,0,0,,0,,,,0,,,,,1004,1004,0,2,3,0,3,3,1,0,1,9,10,11,1,0,2,0,1,0,133472,0.364,0.924,0.009
648,3.201,0.167,0,0.084,0.118,0,0,,0,,,,0,,,,,1004,1004,0,2,3,0,3,3,1,0,1,9,10,11,1,0,2,0,1,0,133472,0.327,1.943,0.035
649,1.894,0.003,0,0.122,0.082,0,0,,0,,,,0,,,,,1004,1004,0,2,3,0,3,3,1,0,1,9,10,11,1,0,2,0,1,0,133472,0.41,0.914,0.008
650,1.878,0.001,0,0.038,0.58,0,0,,0,,,,0,,,,,1004,1004,0,2,3,0,3,3,1,0,1,9,10,11,1,0,2,0,1,0,133472,0.355,0.713,0.005
651,4.535,0.002,0,0.13,0.074,0,0,,0,,,,0,,,,,1004,1004,0,2,3,0,3,3,1,0,1,9,10,11,1,0,2,0,1,0,133472,1.098,2.496,0.026
652,1.659,0,0,0.083,0.036,0,0,,0,,,,0,,,,,1004,1004,0,2,3,0,3,3,1,0,1,9,10,11,1,0,2,0,1,0,133472,0.396,0.916,0.011
653,1.612,0,0,0.046,0.028,0,0,,0,,,,0,,,,,1004,1004,0,2,3,0,3,3,1,0,1,9,10,11,1,0,2,0,1,0,133472,0.389,0.907,0.007
654,1.755,0,0,0.04,0.031,0,0,,0,,,,0,,,,,1004,1004,0,2,3,0,3,3,1,0,1,9,10,11,1,0,2,0,1,0,133472,0.444,1.027,0.008
655,2.528,0.001,0,0.053,0.052,0,0,,0,,,,0,,,,,1004,1004,0,2,3,0,3,3,1,0,1,9,10,11,1,0,2,0,1,0,133472,0.404,1.673,0.018
656,4.337,0.001,0.001,0.065,0.11,0,0,,0,,,,0,,,,,1004,1004,0,2,3,0,3,3,1,0,1,9,10,11,1,0,2,0,1,0,133472,0.879,2.817,0.035
657,2.833,0.001,0,0.118,0.04,0,0,,0,,,,0,,,,,1004,1004,0,2,3,0,3,3,1,0,1,9,10,11,1,0,2,0,1,0,133472,0.92,1.259,0.013
658,2.025,0,0,0.046,0.033,0,0,,0,,,,0,,,,,1004,1004,0,2,3,0,3,3,1,0,1,9,10,11,1,0,2,0,1,0,133472,0.456,1.212,0.01
659,1.998,0,0,0.045,0.031,0,0,,0,,,,0,,,,,1004,1004,0,2,3,0,3,3,1,0,1,9,10,11,1,0,2,0,1,0,133472,0.449,1.204,0.01
660,2.002,0,0,0.051,0.031,0,0,,1,1609.375,232013824,288837632,1,71217344,71217344,167755776,38823561584,1004,1004,0,2,3,0,3,3,1,0,1,9,10,11,1,0,2,0,1,0,133472,0.447,1.199,0.017
661,2.175,0,0,0.045,0.036,0,0,,0,,,,0,,,,,1004,1004,0,2,3,0,3,3,1,0,1,9,10,11,1,0,2,0,1,0,133472,0.454,1.319,0.016
662,3.201,0,0,0.066,0.063,0,0,,0,,,,0,,,,,1004,1004,0,2,3,0,3,3,1,0,1,9,10,11,1,0,2,0,1,0,133472,1.074,1.441,0.02
663,2.025,0.001,0.001,0.092,0.033,0,0,,0,,,,0,,,,,1004,1004,0,2,3,0,3,3,1,0,1,9,10,11,1,0,2,0,1,0,133472,0.459,1.13,0.01
664,1.782,0,0.001,0.038,0.028,0,0,,0,,,,0,,,,,1004,1004,0,2,3,0,3,3,1,0,1,9,10,11,1,0,2,0,1,0,133472,0.397,1.084,0.01
665,1.88,0,0,0.037,0.142,0,0,,0,,,,0,,,,,1004,1004,0,2,3,0,3,3,1,0,1,9,10,11,1,0,2,0,1,0,133472,0.434,1.019,0.01
666,2.007,0.438,0,0.048,0.042,0,0,,0,,,,0,,,,,1004,1004,0,2,3,0,3,3,1,0,1,9,10,11,1,0,2,0,1,0,133472,0.351,0.872,0.009
667,1.611,0,0,0.035,0.033,0,0,,0,,,,0,,,,,1004,1004,0,2,3,0,3,3,1,0,1,9,10,11,1,0,2,0,1,0,133472,0.363,0.952,0.008
668,1.549,0,0,0.037,0.026,0,0,,0,,,,0,,,,,1004,1004,0,2,3,0,3,3,1,0,1,9,10,11,1,0,2,0,1,0,133472,0.351,0.894,0.008
669,2.968,0,0,0.035,0.085,0,0,,0,,,,0,,,,,1004,1004,0,2,3,0,3,3,1,0,1,9,10,11,1,0,2,0,1,0,133472,0.417,2.113,0.023
670,4.061,0.001,0,0.106,0.062,0,0,,0,,,,0,,,,,1004,1004,0,2,3,0,3,3,1,0,1,9,10,11,1,0,2,0,1,0,133472,0.904,2.376,0.021
671,4.073,0.001,0,0.089,0.061,0,0,,0,,,,0,,,,,1004,1004,0,2,3,0,3,3,1,0,1,9,10,11,1,0,2,0,1,0,133472,0.914,2.446,0.021
672,4.378,0.001,0,0.096,0.053,0,0,,0,,,,0,,,,,1004,1004,0,2,3,0,3,3,1,0,1,9,10,11,1,0,2,0,1,0,133472,0.991,2.653,0.019
673,4.065,0.001,0.001,0.197,0.059,0,0,,0,,,,0,,,,,1004,1004,0,2,3,0,3,3,1,0,1,9,10,11,1,0,2,0,1,0,133472,0.91,2.337,0.02
674,3.854,0,0.001,0.088,0.06,0,0,,0,,,,0,,,,,1004,1004,0,2,3,0,3,3,1,0,1,9,10,11,1,0,2,0,1,0,133472,0.911,2.259,0.017
675,3.125,0.001,0.001,0.075,0.042,0,0,,0,,,,0,,,,,1004,1004,0,2,3,0,3,3,1,0,1,9,10,11,1,0,2,0,1,0,133472,0.764,1.8,0.014
676,3.089,0,0,0.066,0.042,0,0,,0,,,,0,,,,,1004,1004,0,2,3,0,3,3,1,0,1,9,10,11,1,0,2,0,1,0,133472,0.687,1.891,0.015
677,2.34,0,0,0.067,0.028,0,0,,0,,,,0,,,,,1004,1004,0,2,3,0,3,3,1,0,1,9,10,11,1,0,2,0,1,0,133472,0.694,1.156,0.01
678,1.977,0,0,0.041,0.031,0,0,,0,,,,0,,,,,1004,1004,0,2,3,0,3,3,1,0,1,9,10,11,1,0,2,0,1,0,133472,0.467,1.186,0.009
679,1.908,0,0,0.042,0.026,0,0,,0,,,,0,,,,,1004,1004,0,2,3,0,3,3,1,0,1,9,10,11,1,0,2,0,1,0,133472,0.428,1.16,0.009
680,1.963,0,0,0.051,0.028,0,0,,0,,,,0,,,,,1004,1004,0,2,3,0,3,3,1,0,1,9,10,11,1,0,2,0,1,0,133472,0.466,1.147,0.009
681,1.767,0,0,0.045,0.033,0,0,,0,,,,0,,,,,1004,1004,0,2,3,0,3,3,1,0,1,9,10,11,1,0,2,0,1,0,133472,0.432,0.993,0.009
682,1.688,0,0,0.04,0.028,0,0,,0,,,,0,,,,,1004,1004,0,2,3,0,3,3,1,0,1,9,10,11,1,0,2,0,1,0,133472,0.386,1.005,0.01
683,1.613,0,0,0.046,0.036,0,0,,0,,,,0,,,,,1004,1004,0,2,3,0,3,3,1,0,1,9,10,11,1,0,2,0,1,0,133472,0.371,0.92,0.008
684,1.728,0,0.001,0.042,0.02,0,0,,0,,,,0,,,,,1004,1004,0,2,3,0,3,3,1,0,1,9,10,11,1,0,2,0,1,0,133472,0.413,0.99,0.008
685,2.053,0.377,0.001,0.049,0.024,0,0,,0,,,,0,,,,,1004,1004,0,2,3,0,3,3,1,0,1,9,10,11,1,0,2,0,1,0,133472,0.357,0.988,0.006
686,1.073,0,0,0.029,0.021,0,0,,0,,,,0,,,,,1004,1004,0,2,3,0,3,3,1,0,1,9,10,11,1,0,2,0,1,0,133472,0.25,0.626,0.004
687,2.739,0.612,0,0.138,0.038,0,0,,0,,,,0,,,,,1004,1004,0,2,3,0,3,3,1,0,1,9,10,11,1,0,2,0,1,0,133472,0.386,1.218,0.01
688,1.76,0.001,0,0.04,0.031,0,0,,0,,,,0,,,,,1004,1004,0,2,3,0,3,3,1,0,1,9,10,11,1,0,2,0,1,0,133472,0.413,1.026,0.009
689,1.811,0.001,0,0.048,0.034,0,0,,0,,,,0,,,,,1004,1004,0,2,3,0,3,3,1,0,1,9,10,11,1,0,2,0,1,0,133472,0.42,1.036,0.01
690,1.786,0.001,0.001,0.058,0.031,0,0,,1,1671.875,232079360,288837632,1,71217344,71217344,167755776,38823561584,1004,1004,0,2,3,0,3,3,1,0,1,9,10,11,1,0,2,0,1,0,133472,0.406,1.021,0.011
691,2.074,0,0,0.05,0.054,0,0,,0,,,,0,,,,,1004,1004,0,2,3,0,3,3,1,0,1,9,10,11,1,0,2,0,1,0,133472,0.39,1.299,0.018
692,3.849,0,0,0.084,0.052,0,0,,0,,,,0,,,,,1004,1004,0,2,3,0,3,3,1,0,1,9,10,11,1,0,2,0,1,0,133472,0.833,2.33,0.018
693,4.017,0,0,0.082,0.093,0,0,,0,,,,0,,,,,1004,1004,0,2,3,0,3,3,1,0,1,9,10,11,1,0,2,0,1,0,133472,0.776,2.484,0.025
694,3.151,0.001,0,0.107,0.032,0,0,,0,,,,0,,,,,1004,1004,0,2,3,0,3,3,1,0,1,9,10,11,1,0,2,0,1,0,133472,0.836,1.691,0.01
695,1.967,0,0,0.043,0.03,0,0,,0,,,,0,,,,,1004,1004,0,2,3,0,3,3,1,0,1,9,10,11,1,0,2,0,1,0,133472,0.469,1.156,0.009
696,1.856,0,0,0.041,0.037,0,0,,0,,,,0,,,,,1004,1004,0,2,3,0,3,3,1,0,1,9,10,11,1,0,2,0,1,0,133472,0.43,1.102,0.009
697,1.724,0,0,0.04,0.024,0,0,,0,,,,0,,,,,1004,1004,0,2,3,0,3,3,1,0,1,9,10,11,1,0,2,0,1,0,133472,0.42,1.001,0.007
698,1.708,0,0,0.031,0.029,0,0,,0,,,,0,,,,,1004,1004,0,2,3,0,3,3,1,0,1,9,10,11,1,0,2,0,1,0,133472,0.401,1.014,0.008
699,1.659,0.001,0,0.036,0.023,0,0,,0,,,,0,,,,,1004,1004,0,2,3,0,3,3,1,0,1,9,10,11,1,0,2,0,1,0,133472,0.428,0.92,0.008
700,1.804,0,0.001,0.042,0.03,0,0,,0,,,,0,,,,,1004,1004,0,2,3,0,3,3,1,0,1,9,10,11,1,0,2,0,1,0,133472,0.397,1.016,0.009
701,1.536,0.001,0,0.043,0.026,0,0,,0,,,,0,,,,,1004,1004,0,2,3,0,3,3,1,0,1,9,10,11,1,0,2,0,1,0,133472,0.438,0.824,0.006
702,1.216,0,0,0.036,0.021,0,0,,0,,,,0,,,,,1004,1004,0,2,3,0,3,3,1,0,1,9,10,11,1,0,2,0,1,0,133472,0.358,0.625,0.004
703,1.555,0.196,0.001,0.126,0.025,0,0,,0,,,,0,,,,,1004,1004,0,2,3,0,3,3,1,0,1,9,10,11,1,0,2,0,1,0,133472,0.305,0.668,0.007
704,2.341,0.187,0,0.033,0.06,0,0,,0,,,,0,,,,,1004,1004,0,2,3,0,3,3,1,0,1,9,10,11,1,0,2,0,1,0,133472,0.487,1.257,0.016
705,2.218,0.001,0,0.064,0.031,0,0,,0,,,,0,,,,,1004,1004,0,2,3,0,3,3,1,0,1,9,10,11,1,0,2,0,1,0,133472,0.565,1.238,0.008
706,2.226,0,0,0.057,0.035,0,0,,0,,,,0,,,,,1004,1004,0,2,3,0,3,3,1,0,1,9,10,11,1,0,2,0,1,0,133472,0.562,1.269,0.007
707,2.159,0,0,0.054,0.037,0,0,,0,,,,0,,,,,1004,1004,0,2,3,0,3,3,1,0,1,9,10,11,1,0,2,0,1,0,133472,0.541,1.241,0.007
708,2.237,0.001,0,0.064,0.032,0,0,,0,,,,0,,,,,1004,1004,0,2,3,0,3,3,1,0,1,9,10,11,1,0,2,0,1,0,133472,0.55,1.265,0.012
709,1.244,0,0,0.045,0.032,0,0,,0,,,,0,,,,,1004,1004,0,2,3,0,3,3,1,0,1,9,10,11,1,0,2,0,1,0,133472,0.313,0.681,0.005
710,1.153,0,0,0.026,0.022,0,0,,0,,,,0,,,,,1004,1004,0,2,3,0,3,3,1,0,1,9,10,11,1,0,2,0,1,0,133472,0.318,0.637,0.004
711,1.16,0,0,0.027,0.019,0,0,,0,,,,0,,,,,1004,1004,0,2,3,0,3,3,1,0,1,9,10,11,1,0,2,0,1,0,133472,0.315,0.655,0.004
712,1.417,0.031,0,0.095,0.032,0,0,,0,,,,0,,,,,1004,1004,0,2,3,0,3,3,1,0,1,9,10,11,1,0,2,0,1,0,133472,0.342,0.656,0.011
713,1.78,0.175,0,0.034,0.022,0,0,,0,,,,0,,,,,1004,1004,0,2,3,0,3,3,1,0,1,9,10,11,1,0,2,0,1,0,133472,0.312,0.966,0.028
714,1.913,0.001,0,0.057,0.05,0,0,,0,,,,0,,,,,1004,1004,0,2,3,0,3,3,1,0,1,9,10,11,1,0,2,0,1,0,133472,0.411,1.094,0.033
715,2.433,0.991,0.001,0.112,0.031,0,0,,0,,,,0,,,,,1004,1004,0,2,3,0,3,3,1,0,1,9,10,11,1,0,2,0,1,0,133472,0.339,0.711,0.009
716,1.299,0.151,0,0.032,0.025,0,0,,0,,,,0,,,,,1004,1004,0,2,3,0,3,3,1,0,1,9,10,11,1,0,2,0,1,0,133472,0.298,0.625,0.005
717,1.895,0.499,0,0.075,0.023,0,0,,0,,,,0,,,,,1004,1004,0,2,3,0,3,3,1,0,1,9,10,11,1,0,2,0,1,0,133472,0.313,0.688,0.007
718,3.512,0.943,0,0.116,0.049,0,0,,0,,,,0,,,,,1004,1004,0,2,3,0,3,3,1,0,1,9,10,11,1,0,2,0,1,0,133472,0.596,1.391,0.015
719,2.578,1.232,0.001,0.106,0.027,0,0,,0,,,,0,,,,,1004,1004,0,2,3,0,3,3,1,0,1,9,10,11,1,0,2,0,1,0,133472,0.297,0.667,0.005
720,4.299,1.205,0,0.083,0.092,0,0,,1,1718.75,232079360,288837632,1,71217344,71217344,167755776,38823561584,1004,1004,0,2,3,0,3,3,1,0,1,9,10,11,1,0,2,0,1,0,133472,0.353,2.102,0.029
721,1.709,0.246,0.001,0.072,0.033,0,0,,0,,,,0,,,,,1004,1004,0,2,3,0,3,3,1,0,1,9,10,11,1,0,2,0,1,0,133472,0.356,0.743,0.007
722,2.689,1.239,0.001,0.141,0.023,0,0,,0,,,,0,,,,,1004,1004,0,2,3,0,3,3,1,0,1,9,10,11,1,0,2,0,1,0,133472,0.369,0.625,0.007
723,2.745,0.928,0.001,0.087,0.03,0,0,,0,,,,0,,,,,1004,1004,0,2,3,0,3,3,1,0,1,9,10,11,1,0,2,0,1,0,133472,0.428,0.886,0.032
724,3.059,1.704,0.001,0.104,0.026,0,0,,0,,,,0,,,,,1004,1004,0,2,3,0,3,3,1,0,1,9,10,11,1,0,2,0,1,0,133472,0.329,0.655,0.008
725,2.092,0.935,0,0.129,0.019,0,0,,0,,,,0,,,,,1004,1004,0,2,3,0,3,3,1,0,1,9,10,11,1,0,2,0,1,0,133472,0.276,0.558,0.003
726,2.295,0.75,0,0.082,0.133,0,0,,0,,,,0,,,,,1004,1004,0,2,3,0,3,3,1,0,1,9,10,11,1,0,2,0,1,0,133472,0.335,0.703,0.005
727,2.023,0.486,0,0.039,0.031,0,0,,0,,,,0,,,,,1004,1004,0,2,3,0,3,3,1,0,1,9,10,11,1,0,2,0,1,0,133472,0.377,0.817,0.01
728,1.743,0.24,0.001,0.106,0.031,0,0,,0,,,,0,,,,,1004,1004,0,2,3,0,3,3,1,0,1,9,10,11,1,0,2,0,1,0,133472,0.369,0.745,0.007
729,2.334,0.872,0.001,0.103,0.022,0,0,,0,,,,0,,,,,1004,1004,0,2,3,0,3,3,1,0,1,9,10,11,1,0,2,0,1,0,133472,0.317,0.66,0.006
730,2.17,0.823,0,0.038,0.025,0,0,,0,,,,0,,,,,1004,1004,0,2,3,0,3,3,1,0,1,9,10,11,1,0,2,0,1,0,133472,0.371,0.654,0.007
731,3.868,2.631,0,0.065,0.031,0,0,,0,,,,0,,,,,1004,1004,0,2,3,0,3,3,1,0,1,9,10,11,1,0,2,0,1,0,133472,0.295,0.63,0.007
732,2.147,0.871,0.001,0.146,0.028,0,0,,0,,,,0,,,,,1004,1004,0,2,3,0,3,3,1,0,1,9,10,11,1,0,2,0,1,0,133472,0.298,0.578,0.005
733,1.601,0.265,0,0.082,0.021,0,0,,0,,,,0,,,,,1004,1004,0,2,3,0,3,3,1,0,1,9,10,11,1,0,2,0,1,0,133472,0.29,0.64,0.007
734,4.859,0.635,0,0.077,0.124,0,0,,0,,,,0,,,,,1004,1004,0,2,3,0,3,3,1,0,1,9,10,11,1,0,2,0,1,0,133472,0.873,2.253,0.024
735,1.866,0.001,0.001,0.116,0.038,0,0,,0,,,,0,,,,,1004,1004,0,2,3,0,3,3,1,0,1,9,10,11,1,0,2,0,1,0,133472,0.45,0.7,0.006
736,1.495,0,0,0.033,0.035,0,0,,0,,,,0,,,,,1004,1004,0,2,3,0,3,3,1,0,1,9,10,11,1,0,2,0,1,0,133472,0.378,0.875,0.006
737,1.451,0.001,0,0.032,0.033,0,0,,0,,,,0,,,,,1004,1004,0,2,3,0,3,3,1,0,1,9,10,11,1,0,2,0,1,0,133472,0.333,0.852,0.008
738,2.275,0.507,0.001,0.149,0.041,0,0,,0,,,,0,,,,,1004,1004,0,2,3,0,3,3,1,0,1,9,10,11,1,0,2,0,1,0,133472,0.401,0.824,0.008
739,2.89,1.529,0,0.092,0.03,0,0,,0,,,,0,,,,,1004,1004,0,2,3,0,3,3,1,0,1,9,10,11,1,0,2,0,1,0,133472,0.367,0.663,0.005
740,3.207,1.256,0,0.079,0.078,0,0,,0,,,,0,,,,,1004,1004,0,2,3,0,3,3,1,0,1,9,10,11,1,0,2,0,1,0,133472,0.352,1.092,0.012
741,5.962,1.767,0,0.048,0.102,0,0,,0,,,,0,,,,,1004,1004,0,2,3,0,3,3,1,0,1,9,10,11,1,0,2,0,1,0,133472,0.415,2.737,0.037
742,4.933,0.002,0,0.174,0.074,0,0,,0,,,,0,,,,,1004,1004,0,2,3,0,3,3,1,0,1,9,10,11,1,0,2,0,1,0,133472,1.081,2.879,0.026
743,3.795,0,0,0.105,0.054,0,0,,0,,,,0,,,,,1004,1004,0,2,3,0,3,3,1,0,1,9,10,11,1,0,2,0,1,0,133472,0.907,2.186,0.018
744,3.999,0.001,0,0.083,0.069,0,0,,0,,,,0,,,,,1004,1004,0,2,3,0,3,3,1,0,1,9,10,11,1,0,2,0,1,0,133472,0.792,2.452,0.026
745,3.226,0.001,0.001,0.107,0.046,0,0,,0,,,,0,,,,,1004,1004,0,2,3,0,3,3,1,0,1,9,10,11,1,0,2,0,1,0,133472,0.764,1.828,0.015
746,2.664,0,0,0.064,0.038,0,0,,0,,,,0,,,,,1004,1004,0,2,3,0,3,3,1,0,1,9,10,11,1,0,2,0,1,0,133472,0.659,1.529,0.013
747,2.636,0,0,0.06,0.041,0,0,,0,,,,0,,,,,1004,1004,0,2,3,0,3,3,1,0,1,9,10,11,1,0,2,0,1,0,133472,0.584,1.608,0.013
748,1.995,0.939,0.001,0.031,0.022,0,0,,0,,,,0,,,,,1004,1004,0,2,3,0,3,3,1,0,1,9,10,11,1,0,2,0,1,0,133472,0.281,0.55,0.005
749,2.347,1.087,0,0.067,0.025,0,0,,0,,,,0,,,,,1004,1004,0,2,3,0,3,3,1,0,1,9,10,11,1,0,2,0,1,0,133472,0.31,0.663,0.005
750,3.319,1.433,0,0.069,0.039,0,0,,1,1781.25,232079360,288837632,1,71217344,71217344,167755776,38823561584,1004,1004,0,2,3,0,3,3,1,0,1,9,10,11,1,0,2,0,1,0,133472,0.504,0.837,0.01
751,1.785,0.409,0,0.035,0.024,0,0,,0,,,,0,,,,,1004,1004,0,2,3,0,3,3,1,0,1,9,10,11,1,0,2,0,1,0,133472,0.334,0.762,0.005
752,2.977,1.642,0,0.064,0.025,0,0,,0,,,,0,,,,,1004,1004,0,2,3,0,3,3,1,0,1,9,10,11,1,0,2,0,1,0,133472,0.331,0.712,0.006
753,2.411,0.952,0,0.071,0.022,0,0,,0,,,,0,,,,,1004,1004,0,2,3,0,3,3,1,0,1,9,10,11,1,0,2,0,1,0,133472,0.376,0.676,0.005
754,3.722,2.562,0,0.038,0.021,0,0,,0,,,,0,,,,,1004,1004,0,2,3,0,3,3,1,0,1,9,10,11,1,0,2,0,1,0,133472,0.287,0.634,0.004
755,2.467,1.011,0,0.109,0.035,0,0,,0,,,,0,,,,,1004,1004,0,2,3,0,3,3,1,0,1,9,10,11,1,0,2,0,1,0,133472,0.343,0.74,0.008
756,5.286,0.803,0,0.07,0.09,0,0,,0,,,,0,,,,,1004,1004,0,2,3,0,3,3,1,0,1,9,10,11,1,0,2,0,1,0,133472,0.844,2.277,0.027
757,2.033,0.001,0.001,0.09,0.036,0,0,,0,,,,0,,,,,1004,1004,0,2,3,0,3,3,1,0,1,9,10,11,1,0,2,0,1,0,133472,0.651,0.829,0.009
758,1.798,0,0,0.038,0.03,0,0,,0,,,,0,,,,,1004,1004,0,2,3,0,3,3,1,0,1,9,10,11,1,0,2,0,1,0,133472,0.436,1.033,0.008
759,2.32,0.762,0.001,0.08,0.052,0,0,,0,,,,0,,,,,1004,1004,0,2,3,0,3,3,1,0,1,9,10,11,1,0,2,0,1,0,133472,0.384,0.778,0.006
760,2.971,1.959,0,0.028,0.019,0,0,,0,,,,0,,,,,1004,1004,0,2,3,0,3,3,1,0,1,9,10,11,1,0,2,0,1,0,133472,0.283,0.548,0.004
761,2.37,0.707,0,0.153,0.049,0,0,,0,,,,0,,,,,1004,1004,0,2,3,0,3,3,1,0,1,9,10,11,1,0,2,0,1,0,133472,0.304,0.893,0.036
762,1.934,0.001,0.001,0.053,0.044,0,0,,0,,,,0,,,,,1004,1004,0,2,3,0,3,3,1,0,1,9,10,11,1,0,2,0,1,0,133472,0.643,0.924,0.015
763,2.342,1.005,0,0.085,0.025,0,0,,0,,,,0,,,,,1004,1004,0,2,3,0,3,3,1,0,1,9,10,11,1,0,2,0,1,0,133472,0.318,0.638,0.005
764,2.807,1.319,0.001,0.142,0.028,0,0,,0,,,,0,,,,,1004,1004,0,2,3,0,3,3,1,0,1,9,10,11,1,0,2,0,1,0,133472,0.326,0.752,0.009
765,1.383,0,0,0.036,0.028,0,0,,0,,,,0,,,,,1004,1004,0,2,3,0,3,3,1,0,1,9,10,11,1,0,2,0,1,0,133472,0.359,0.77,0.006
766,1.597,0.001,0,0.04,0.031,0,0,,0,,,,0,,,,,1004,1004,0,2,3,0,3,3,1,0,1,9,10,11,1,0,2,0,1,0,133472,0.377,0.899,0.01
767,1.74,0.039,0,0.07,0.097,0,0,,0,,,,0,,,,,1004,1004,0,2,3,0,3,3,1,0,1,9,10,11,1,0,2,0,1,0,133472,0.451,0.834,0.008
768,3.57,2.217,0,0.081,0.023,0,0,,0,,,,0,,,,,1004,1004,0,2,3,0,3,3,1,0,1,9,10,11,1,0,2,0,1,0,133472,0.299,0.73,0.007
769,3.003,0.197,0,0.066,0.114,0,0,,0,,,,0,,,,,1004,1004,0,2,3,0,3,3,1,0,1,9,10,11,1,0,2,0,1,0,133472,0.368,1.835,0.055
770,2.837,0.001,0,0.078,0.046,0,0,,0,,,,0,,,,,1004,1004,0,2,3,0,3,3,1,0,1,9,10,11,1,0,2,0,1,0,133472,0.636,1.663,0.015
771,2.115,0,0,0.061,0.05,0,0,,0,,,,0,,,,,1004,1004,0,2,3,0,3,3,1,0,1,9,10,11,1,0,2,0,1,0,133472,0.629,0.928,0.007
772,1.77,0,0,0.031,0.032,0,0,,0,,,,0,,,,,1004,1004,0,2,3,0,3,3,1,0,1,9,10,11,1,0,2,0,1,0,133472,0.391,1.081,0.011
773,1.785,0,0.001,0.04,0.027,0,0,,0,,,,0,,,,,1004,1004,0,2,3,0,3,3,1,0,1,9,10,11,1,0,2,0,1,0,133472,0.414,1.05,0.011
774,2.734,1.263,0.001,0.083,0.029,0,0,,0,,,,0,,,,,1004,1004,0,2,3,0,3,3,1,0,1,9,10,11,1,0,2,0,1,0,133472,0.321,0.733,0.008
775,2.178,0.001,0,0.034,0.055,0,0,,0,,,,0,,,,,1004,1004,0,2,3,0,3,3,1,0,1,9,10,11,1,0,2,0,1,0,133472,0.327,1.501,0.013
776,2.746,0,0,0.062,0.089,0,0,,0,,,,0,,,,,1004,1004,0,2,3,0,3,3,1,0,1,9,10,11,1,0,2,0,1,0,133472,0.568,1.615,0.027
777,1.853,0.001,0.001,0.134,0.041,0,0,,0,,,,0,,,,,1004,1004,0,2,3,0,3,3,1,0,1,9,10,11,1,0,2,0,1,0,133472,0.523,0.834,0.008
778,1.508,0.001,0,0.038,0.023,0,0,,0,,,,0,,,,,1004,1004,0,2,3,0,3,3,1,0,1,9,10,11,1,0,2,0,1,0,133472,0.395,0.841,0.006
779,1.32,0,0,0.041,0.017,0,0,,0,,,,0,,,,,1004,1004,0,2,3,0,3,3,1,0,1,9,10,11,1,0,2,0,1,0,133472,0.349,0.733,0.004
780,1.211,0,0,0.03,0.023,0,0,,1,1828.125,232079360,288837632,1,71217344,71217344,167755776,38823561584,1004,1004,0,2,3,0,3,3,1,0,1,9,10,11,1,0,2,0,1,0,133472,0.312,0.695,0.005
781,1.288,0,0,0.032,0.023,0,0,,0,,,,0,,,,,1004,1004,0,2,3,0,3,3,1,0,1,9,10,11,1,0,2,0,1,0,133472,0.378,0.701,0.004
782,1.32,0.001,0,0.033,0.019,0,0,,0,,,,0,,,,,1004,1004,0,2,3,0,3,3,1,0,1,9,10,11,1,0,2,0,1,0,133472,0.327,0.769,0.005
783,4.413,3.082,0.001,0.077,0.032,0,0,,0,,,,0,,,,,1004,1004,0,2,3,0,3,3,1,0,1,9,10,11,1,0,2,0,1,0,133472,0.307,0.654,0.008
784,2.512,1.05,0,0.142,0.041,0,0,,0,,,,0,,,,,1004,1004,0,2,3,0,3,3,1,0,1,9,10,11,1,0,2,0,1,0,133472,0.36,0.658,0.009
785,2.317,0.694,0.001,0.102,0.03,0,0,,0,,,,0,,,,,1004,1004,0,2,3,0,3,3,1,0,1,9,10,11,1,0,2,0,1,0,133472,0.36,0.835,0.009
786,1.282,0.001,0,0.049,0.021,0,0,,0,,,,0,,,,,1004,1004,0,2,3,0,3,3,1,0,1,9,10,11,1,0,2,0,1,0,133472,0.307,0.732,0.007
787,2.31,0.864,0.001,0.16,0.034,0,0,,0,,,,0,,,,,1004,1004,0,2,3,0,3,3,1,0,1,9,10,11,1,0,2,0,1,0,133472,0.327,0.63,0.008
788,1.716,0.133,0,0.118,0.033,0,0,,0,,,,0,,,,,1004,1004,0,2,3,0,3,3,1,0,1,9,10,11,1,0,2,0,1,0,133472,0.351,0.811,0.008
789,1.671,0.001,0,0.069,0.031,0,0,,0,,,,0,,,,,1004,1004,0,2,3,0,3,3,1,0,1,9,10,11,1,0,2,0,1,0,133472,0.389,0.926,0.011
790,2.128,0.371,0,0.04,0.043,0,0,,0,,,,0,,,,,1004,1004,0,2,3,0,3,3,1,0,1,9,10,11,1,0,2,0,1,0,133472,0.478,0.858,0.014
791,1.3,0.001,0,0.05,0.024,0,0,,0,,,,0,,,,,1004,1004,0,2,3,0,3,3,1,0,1,9,10,11,1,0,2,0,1,0,133472,0.321,0.717,0.005
792,2.131,0.924,0,0.101,0.028,0,0,,0,,,,0,,,,,1004,1004,0,2,3,0,3,3,1,0,1,9,10,11,1,0,2,0,1,0,133472,0.326,0.571,0.005
793,3.128,1.194,0,0.084,0.031,0,0,,0,,,,0,,,,,1004,1004,0,2,3,0,3,3,1,0,1,9,10,11,1,0,2,0,1,0,133472,0.565,0.892,0.015
794,1.847,0.47,0,0.05,0.03,0,0,,0,,,,0,,,,,1004,1004,0,2,3,0,3,3,1,0,1,9,10,11,1,0,2,0,1,0,133472,0.331,0.73,0.008
795,2.344,0.972,0,0.139,0.03,0,0,,0,,,,0,,,,,1004,1004,0,2,3,0,3,3,1,0,1,9,10,11,1,0,2,0,1,0,133472,0.309,0.595,0.007
796,3.197,1.695,0,0.106,0.025,0,0,,0,,,,0,,,,,1004,1004,0,2,3,0,3,3,1,0,1,9,10,11,1,0,2,0,1,0,133472,0.325,0.731,0.007
797,1.369,0,0,0.039,0.028,0,0,,0,,,,0,,,,,1004,1004,0,2,3,0,3,3,1,0,1,9,10,11,1,0,2,0,1,0,133472,0.388,0.726,0.006
798,1.343,0.001,0.001,0.035,0.024,0,0,,0,,,,0,,,,,1004,1004,0,2,3,0,3,3,1,0,1,9,10,11,1,0,2,0,1,0,133472,0.369,0.75,0.005
799,1.29,0.001,0,0.037,0.022,0,0,,0,,,,0,,,,,1004,1004,0,2,3,0,3,3,1,0,1,9,10,11,1,0,2,0,1,0,133472,0.314,0.746,0.005
800,1.321,0,0,0.038,0.017,0,0,,0,,,,0,,,,,1004,1004,0,2,3,0,3,3,1,0,1,9,10,11,1,0,2,0,1,0,133472,0.346,0.744,0.005
801,1.279,0,0,0.043,0.017,0,0,,0,,,,0,,,,,1004,1004,0,2,3,0,3,3,1,0,1,9,10,11,1,0,2,0,1,0,133472,0.314,0.728,0.005
802,2.266,0.625,0,0.038,0.035,0,0,,0,,,,0,,,,,1004,1004,0,2,3,0,3,3,1,0,1,9,10,11,1,0,2,0,1,0,133472,0.415,0.883,0.01
803,2.272,0.746,0,0.085,0.026,0,0,,0,,,,0,,,,,1004,1004,0,2,3,0,3,3,1,0,1,9,10,11,1,0,2,0,1,0,133472,0.37,0.714,0.007
804,2.3,0.839,0,0.139,0.024,0,0,,0,,,,0,,,,,1004,1004,0,2,3,0,3,3,1,0,1,9,10,11,1,0,2,0,1,0,133472,0.373,0.714,0.007
805,3.426,1.695,0.001,0.091,0.075,0,0,,0,,,,0,,,,,1004,1004,0,2,3,0,3,3,1,0,1,9,10,11,1,0,2,0,1,0,133472,0.323,0.926,0.014
806,2.508,1.154,0,0.045,0.027,0,0,,0,,,,0,,,,,1004,1004,0,2,3,0,3,3,1,0,1,9,10,11,1,0,2,0,1,0,133472,0.324,0.731,0.006
807,2.292,0.968,0.001,0.082,0.023,0,0,,0,,,,0,,,,,1004,1004,0,2,3,0,3,3,1,0,1,9,10,11,1,0,2,0,1,0,133472,0.3,0.66,0.005
808,2.359,1.031,0,0.077,0.025,0,0,,0,,,,0,,,,,1004,1004,0,2,3,0,3,3,1,0,1,9,10,11,1,0,2,0,1,0,133472,0.337,0.639,0.006
809,2.633,1.002,0.001,0.088,0.031,0,0,,0,,,,0,,,,,1004,1004,0,2,3,0,3,3,1,0,1,9,10,11,1,0,2,0,1,0,133472,0.368,0.818,0.01
810,2.528,0.639,0,0.075,0.056,0,0,,1,1890.625,232079360,288837632,1,71217344,71217344,167755776,38823561584,1004,1004,0,2,3,0,3,3,1,0,1,9,10,11,1,0,2,0,1,0,133472,0.315,1.105,0.014
811,2.581,1.125,0,0.07,0.031,0,0,,0,,,,0,,,,,1004,1004,0,2,3,0,3,3,1,0,1,9,10,11,1,0,2,0,1,0,133472,0.327,0.728,0.007
812,2.638,0.806,0,0.079,0.029,0,0,,0,,,,0,,,,,1004,1004,0,2,3,0,3,3,1,0,1,9,10,11,1,0,2,0,1,0,133472,0.581,0.844,0.008
813,2.626,1.145,0,0.079,0.032,0,0,,0,,,,0,,,,,1004,1004,0,2,3,0,3,3,1,0,1,9,10,11,1,0,2,0,1,0,133472,0.375,0.712,0.006
814,2.056,0.738,0,0.045,0.022,0,0,,0,,,,0,,,,,1004,1004,0,2,3,0,3,3,1,0,1,9,10,11,1,0,2,0,1,0,133472,0.313,0.669,0.005
815,2.889,0.94,0,0.111,0.065,0,0,,0,,,,0,,,,,1004,1004,0,2,3,0,3,3,1,0,1,9,10,11,1,0,2,0,1,0,133472,0.38,0.936,0.014
816,1.83,0.296,0.001,0.047,0.026,0,0,,0,,,,0,,,,,1004,1004,0,2,3,0,3,3,1,0,1,9,10,11,1,0,2,0,1,0,133472,0.385,0.827,0.007
817,2.013,0.616,0,0.111,0.031,0,0,,0,,,,0,,,,,1004,1004,0,2,3,0,3,3,1,0,1,9,10,11,1,0,2,0,1,0,133472,0.348,0.698,0.007
818,3.361,1.482,0,0.167,0.03,0,0,,0,,,,0,,,,,1004,1004,0,2,3,0,3,3,1,0,1,9,10,11,1,0,2,0,1,0,133472,0.514,0.818,0.007
819,1.475,0.001,0,0.034,0.024,0,0,,0,,,,0,,,,,1004,1004,0,2,3,0,3,3,1,0,1,9,10,11,1,0,2,0,1,0,133472,0.373,0.845,0.006
820,1.991,0.519,0.001,0.1,0.029,0,0,,0,,,,0,,,,,1004,1004,0,2,3,0,3,3,1,0,1,9,10,11,1,0,2,0,1,0,133472,0.419,0.669,0.006
821,1.32,0.059,0,0.033,0.023,0,0,,0,,,,0,,,,,1004,1004,0,2,3,0,3,3,1,0,1,9,10,11,1,0,2,0,1,0,133472,0.339,0.691,0.004
822,1.576,0.32,0,0.041,0.018,0,0,,0,,,,0,,,,,1004,1004,0,2,3,0,3,3,1,0,1,9,10,11,1,0,2,0,1,0,133472,0.354,0.664,0.005
823,1.628,0.307,0,0.037,0.024,0,0,,0,,,,0,,,,,1004,1004,0,2,3,0,3,3,1,0,1,9,10,11,1,0,2,0,1,0,133472,0.346,0.718,0.007
824,2.322,0.27,0,0.084,0.046,0,0,,0,,,,0,,,,,1004,1004,0,2,3,0,3,3,1,0,1,9,10,11,1,0,2,0,1,0,133472,0.447,1.168,0.017
825,1.676,0.139,0.001,0.057,0.038,0,0,,0,,,,0,,,,,1004,1004,0,2,3,0,3,3,1,0,1,9,10,11,1,0,2,0,1,0,133472,0.416,0.739,0.007
826,3.323,1.523,0,0.143,0.035,0,0,,0,,,,0,,,,,1004,1004,0,2,3,0,3,3,1,0,1,9,10,11,1,0,2,0,1,0,133472,0.341,0.968,0.009
827,2.093,0.409,0.001,0.047,0.031,0,0,,0,,,,0,,,,,1004,1004,0,2,3,0,3,3,1,0,1,9,10,11,1,0,2,0,1,0,133472,0.389,0.93,0.015
828,3.068,1.356,0,0.106,0.033,0,0,,0,,,,0,,,,,1004,1004,0,2,3,0,3,3,1,0,1,9,10,11,1,0,2,0,1,0,133472,0.384,0.857,0.009
829,2.483,0.514,0.001,0.054,0.038,0,0,,0,,,,0,,,,,1004,1004,0,2,3,0,3,3,1,0,1,9,10,11,1,0,2,0,1,0,133472,0.474,1.006,0.011
830,2.617,0.27,0.001,0.059,0.058,0,0,,0,,,,0,,,,,1004,1004,0,2,3,0,3,3,1,0,1,9,10,11,1,0,2,0,1,0,133472,0.475,1.391,0.035
831,2.418,0.001,0.001,0.107,0.036,0,0,,0,,,,0,,,,,1004,1004,0,2,3,0,3,3,1,0,1,9,10,11,1,0,2,0,1,0,133472,0.565,1.341,0.014
832,2,0.001,0,0.051,0.026,0,0,,0,,,,0,,,,,1004,1004,0,2,3,0,3,3,1,0,1,9,10,11,1,0,2,0,1,0,133472,0.493,1.128,0.009
833,2.843,0.919,0.001,0.075,0.046,0,0,,0,,,,0,,,,,1004,1004,0,2,3,0,3,3,1,0,1,9,10,11,1,0,2,0,1,0,133472,0.419,1.082,0.011
834,1.747,0.001,0,0.036,0.031,0,0,,0,,,,0,,,,,1004,1004,0,2,3,0,3,3,1,0,1,9,10,11,1,0,2,0,1,0,133472,0.402,1.049,0.009
835,2.96,1.418,0,0.038,0.037,0,0,,0,,,,0,,,,,1004,1004,0,2,3,0,3,3,1,0,1,9,10,11,1,0,2,0,1,0,133472,0.331,0.892,0.008
836,2.159,0.55,0,0.054,0.043,0,0,,0,,,,0,,,,,1004,1004,0,2,3,0,3,3,1,0,1,9,10,11,1,0,2,0,1,0,133472,0.372,0.885,0.01
837,1.785,0.025,0,0.036,0.036,0,0,,0,,,,0,,,,,1004,1004,0,2,3,0,3,3,1,0,1,9,10,11,1,0,2,0,1,0,133472,0.424,1.034,0.009
838,1.606,0.001,0,0.036,0.032,0,0,,0,,,,0,,,,,1004,1004,0,2,3,0,3,3,1,0,1,9,10,11,1,0,2,0,1,0,133472,0.338,0.912,0.009
839,1.431,0.001,0,0.047,0.021,0,0,,0,,,,0,,,,,1004,1004,0,2,3,0,3,3,1,0,1,9,10,11,1,0,2,0,1,0,133472,0.384,0.783,0.006
840,2.342,0.52,0,0.081,0.042,0,0,,1,1968.75,232079360,288837632,1,71217344,71217344,167755776,38823561584,1004,1004,0,2,3,0,3,3,1,0,1,9,10,11,1,0,2,0,1,0,133472,0.33,1.104,0.03
841,2.535,0.001,0,0.084,0.058,0,0,,0,,,,0,,,,,1004,1004,0,2,3,0,3,3,1,0,1,9,10,11,1,0,2,0,1,0,133472,0.391,1.722,0.017
842,2.483,0,0,0.176,0.041,0,0,,0,,,,0,,,,,1004,1004,0,2,3,0,3,3,1,0,1,9,10,11,1,0,2,0,1,0,133472,0.553,1.384,0.013
843,2.046,0,0,0.064,0.035,0,0,,0,,,,0,,,,,1004,1004,0,2,3,0,3,3,1,0,1,9,10,11,1,0,2,0,1,0,133472,0.455,1.192,0.01
844,1.896,0,0,0.051,0.04,0,0,,0,,,,0,,,,,1004,1004,0,2,3,0,3,3,1,0,1,9,10,11,1,0,2,0,1,0,133472,0.432,1.123,0.011
845,2.116,0,0,0.052,0.032,0,0,,0,,,,0,,,,,1004,1004,0,2,3,0,3,3,1,0,1,9,10,11,1,0,2,0,1,0,133472,0.48,1.276,0.013
846,3.106,0,0,0.064,0.048,0,0,,0,,,,0,,,,,1004,1004,0,2,3,0,3,3,1,0,1,9,10,11,1,0,2,0,1,0,133472,0.743,1.846,0.02
847,3.213,0.001,0,0.099,0.05,0,0,,0,,,,0,,,,,1004,1004,0,2,3,0,3,3,1,0,1,9,10,11,1,0,2,0,1,0,133472,0.798,1.841,0.019
848,2.732,0,0,0.088,0.038,0,0,,0,,,,0,,,,,1004,1004,0,2,3,0,3,3,1,0,1,9,10,11,1,0,2,0,1,0,133472,0.652,1.583,0.014
849,2.613,0,0,0.088,0.034,0,0,,0,,,,0,,,,,1004,1004,0,2,3,0,3,3,1,0,1,9,10,11,1,0,2,0,1,0,133472,0.637,1.494,0.011
850,1.859,0.001,0,0.059,0.03,0,0,,0,,,,0,,,,,1004,1004,0,2,3,0,3,3,1,0,1,9,10,11,1,0,2,0,1,0,133472,0.427,1.046,0.01
851,3.084,0.92,0,0.079,0.053,0,0,,0,,,,0,,,,,1004,1004,0,2,3,0,3,3,1,0,1,9,10,11,1,0,2,0,1,0,133472,0.51,1.176,0.013
852,2.148,0.001,0.001,0.043,0.04,0,0,,0,,,,0,,,,,1004,1004,0,2,3,0,3,3,1,0,1,9,10,11,1,0,2,0,1,0,133472,0.559,1.223,0.012
853,2.386,0.13,0,0.063,0.041,0,0,,0,,,,0,,,,,1004,1004,0,2,3,0,3,3,1,0,1,9,10,11,1,0,2,0,1,0,133472,0.624,1.216,0.012
854,3.096,1.22,0.001,0.056,0.043,0,0,,0,,,,0,,,,,1004,1004,0,2,3,0,3,3,1,0,1,9,10,11,1,0,2,0,1,0,133472,0.419,1.067,0.01
855,2.226,0.239,0,0.051,0.036,0,0,,0,,,,0,,,,,1004,1004,0,2,3,0,3,3,1,0,1,9,10,11,1,0,2,0,1,0,133472,0.419,1.162,0.01
856,2.729,1.15,0,0.056,0.037,0,0,,0,,,,0,,,,,1004,1004,0,2,3,0,3,3,1,0,1,9,10,11,1,0,2,0,1,0,133472,0.374,0.82,0.008
857,2.006,0.466,0,0.048,0.036,0,0,,0,,,,0,,,,,1004,1004,0,2,3,0,3,3,1,0,1,9,10,11,1,0,2,0,1,0,133472,0.362,0.868,0.008
858,2.62,0.767,0,0.049,0.047,0,0,,0,,,,0,,,,,1004,1004,0,2,3,0,3,3,1,0,1,9,10,11,1,0,2,0,1,0,133472,0.398,1.069,0.012
859,2.304,0,0,0.038,0.038,0,0,,0,,,,0,,,,,1004,1004,0,2,3,0,3,3,1,0,1,9,10,11,1,0,2,0,1,0,133472,0.411,1.541,0.013
860,1.87,0,0.001,0.053,0.028,0,0,,0,,,,0,,,,,1004,1004,0,2,3,0,3,3,1,0,1,9,10,11,1,0,2,0,1,0,133472,0.43,1.094,0.009
861,1.793,0.001,0,0.039,0.029,0,0,,0,,,,0,,,,,1004,1004,0,2,3,0,3,3,1,0,1,9,10,11,1,0,2,0,1,0,133472,0.399,1.093,0.01
862,1.722,0,0,0.045,0.031,0,0,,0,,,,0,,,,,1004,1004,0,2,3,0,3,3,1,0,1,9,10,11,1,0,2,0,1,0,133472,0.378,1.037,0.008
863,1.785,0,0,0.046,0.022,0,0,,0,,,,0,,,,,1004,1004,0,2,3,0,3,3,1,0,1,9,10,11,1,0,2,0,1,0,133472,0.389,1.079,0.008
864,2.939,1.175,0,0.043,0.045,0,0,,0,,,,0,,,,,1004,1004,0,2,3,0,3,3,1,0,1,9,10,11,1,0,2,0,1,0,133472,0.397,0.996,0.014
865,2.553,0.78,0,0.036,0.045,0,0,,0,,,,0,,,,,1004,1004,0,2,3,0,3,3,1,0,1,9,10,11,1,0,2,0,1,0,133472,0.425,1.021,0.01
866,2.655,0.592,0.001,0.044,0.05,0,0,,0,,,,0,,,,,1004,1004,0,2,3,0,3,3,1,0,1,9,10,11,1,0,2,0,1,0,133472,0.407,1.256,0.013
867,2.166,0.295,0,0.064,0.033,0,0,,0,,,,0,,,,,1004,1004,0,2,3,0,3,3,1,0,1,9,10,11,1,0,2,0,1,0,133472,0.441,1.033,0.009
868,3.146,1.371,0.001,0.057,0.048,0,0,,0,,,,0,,,,,1004,1004,0,2,3,0,3,3,1,0,1,9,10,11,1,0,2,0,1,0,133472,0.399,0.981,0.009
869,2.54,0.725,0,0.047,0.034,0,0,,0,,,,0,,,,,1004,1004,0,2,3,0,3,3,1,0,1,9,10,11,1,0,2,0,1,0,133472,0.382,1.056,0.008
870,2.642,1.078,0,0.043,0.033,0,0,,1,2046.875,232079360,288837632,1,71217344,71217344,167755776,38823561584,1004,1004,0,2,3,0,3,3,1,0,1,9,10,11,1,0,2,0,1,0,133472,0.357,0.876,0.008
871,1.711,0.178,0,0.043,0.026,0,0,,0,,,,0,,,,,1004,1004,0,2,3,0,3,3,1,0,1,9,10,11,1,0,2,0,1,0,133472,0.398,0.805,0.011
872,2.479,0.33,0,0.043,0.043,0,0,,0,,,,0,,,,,1004,1004,0,2,3,0,3,3,1,0,1,9,10,11,1,0,2,0,1,0,133472,0.378,1.34,0.02
873,2.285,0.001,0,0.048,0.039,0,0,,0,,,,0,,,,,1004,1004,0,2,3,0,3,3,1,0,1,9,10,11,1,0,2,0,1,0,133472,0.488,1.402,0.013
874,2.055,0,0,0.062,0.033,0,0,,0,,,,0,,,,,1004,1004,0,2,3,0,3,3,1,0,1,9,10,11,1,0,2,0,1,0,133472,0.475,1.201,0.011
875,1.892,0,0,0.046,0.029,0,0,,0,,,,0,,,,,1004,1004,0,2,3,0,3,3,1,0,1,9,10,11,1,0,2,0,1,0,133472,0.434,1.119,0.009
876,1.908,0,0,0.047,0.028,0,0,,0,,,,0,,,,,1004,1004,0,2,3,0,3,3,1,0,1,9,10,11,1,0,2,0,1,0,133472,0.406,1.17,0.009
877,2.042,0,0,0.043,0.026,0,0,,0,,,,0,,,,,1004,1004,0,2,3,0,3,3,1,0,1,9,10,11,1,0,2,0,1,0,133472,0.506,1.185,0.009
878,2.183,0,0,0.043,0.038,0,0,,0,,,,0,,,,,1004,1004,0,2,3,0,3,3,1,0,1,9,10,11,1,0,2,0,1,0,133472,0.457,1.302,0.029
879,1.245,0.001,0,0.087,0.025,0,0,,0,,,,0,,,,,1004,1004,0,2,3,0,3,3,1,0,1,9,10,11,1,0,2,0,1,0,133472,0.312,0.649,0.004
880,2.806,0.958,0,0.059,0.06,0,0,,0,,,,0,,,,,1004,1004,0,2,3,0,3,3,1,0,1,9,10,11,1,0,2,0,1,0,133472,0.54,0.766,0.006
881,3.047,0.795,0,0.08,0.05,0,0,,0,,,,0,,,,,1004,1004,0,2,3,0,3,3,1,0,1,9,10,11,1,0,2,0,1,0,133472,0.488,1.234,0.015
882,2.13,0,0,0.053,0.033,0,0,,0,,,,0,,,,,1004,1004,0,2,3,0,3,3,1,0,1,9,10,11,1,0,2,0,1,0,133472,0.517,1.196,0.011
883,2.439,0.409,0.001,0.124,0.039,0,0,,0,,,,0,,,,,1004,1004,0,2,3,0,3,3,1,0,1,9,10,11,1,0,2,0,1,0,133472,0.602,0.843,0.009
884,1.599,0.129,0,0.037,0.044,0,0,,0,,,,0,,,,,1004,1004,0,2,3,0,3,3,1,0,1,9,10,11,1,0,2,0,1,0,133472,0.35,0.843,0.007
885,2.771,1.462,0.001,0.073,0.02,0,0,,0,,,,0,,,,,1004,1004,0,2,3,0,3,3,1,0,1,9,10,11,1,0,2,0,1,0,133472,0.342,0.615,0.003
886,1.899,0.768,0.001,0.068,0.02,0,0,,0,,,,0,,,,,1004,1004,0,2,3,0,3,3,1,0,1,9,10,11,1,0,2,0,1,0,133472,0.241,0.548,0.004
887,3.776,0.529,0.001,0.141,0.067,0,0,,0,,,,0,,,,,1004,1004,0,2,3,0,3,3,1,0,1,9,10,11,1,0,2,0,1,0,133472,0.692,1.888,0.019
888,3.156,0.001,0,0.076,0.049,0,0,,0,,,,0,,,,,1004,1004,0,2,3,0,3,3,1,0,1,9,10,11,1,0,2,0,1,0,133472,0.724,1.84,0.017
889,2.7,0.001,0.001,0.076,0.03,0,0,,0,,,,0,,,,,1004,1004,0,2,3,0,3,3,1,0,1,9,10,11,1,0,2,0,1,0,133472,0.715,1.462,0.009
890,2.047,0,0,0.046,0.031,0,0,,0,,,,0,,,,,1004,1004,0,2,3,0,3,3,1,0,1,9,10,11,1,0,2,0,1,0,133472,0.455,1.22,0.019
891,1.953,0.671,0.001,0.084,0.027,0,0,,0,,,,0,,,,,1004,1004,0,2,3,0,3,3,1,0,1,9,10,11,1,0,2,0,1,0,133472,0.338,0.605,0.01
892,1.939,0.918,0,0.025,0.019,0,0,,0,,,,0,,,,,1004,1004,0,2,3,0,3,3,1,0,1,9,10,11,1,0,2,0,1,0,133472,0.279,0.553,0.005
893,2.094,0.781,0,0.091,0.028,0,0,,0,,,,0,,,,,1004,1004,0,2,3,0,3,3,1,0,1,9,10,11,1,0,2,0,1,0,133472,0.289,0.638,0.005
894,1.669,0.204,0,0.111,0.033,0,0,,0,,,,0,,,,,1004,1004,0,2,3,0,3,3,1,0,1,9,10,11,1,0,2,0,1,0,133472,0.413,0.683,0.007
895,2.513,0.111,0,0.035,0.092,0,0,,0,,,,0,,,,,1004,1004,0,2,3,0,3,3,1,0,1,9,10,11,1,0,2,0,1,0,133472,0.659,1.185,0.016
896,4.454,0.001,0.001,0.107,0.066,0,0,,0,,,,0,,,,,1004,1004,0,2,3,0,3,3,1,0,1,9,10,11,1,0,2,0,1,0,133472,0.993,2.662,0.023
897,3.838,0,0.001,0.097,0.05,0,0,,0,,,,0,,,,,1004,1004,0,2,3,0,3,3,1,0,1,9,10,11,1,0,2,0,1,0,133472,0.914,2.197,0.016
898,2.908,0.001,0.001,0.084,0.054,0,0,,0,,,,0,,,,,1004,1004,0,2,3,0,3,3,1,0,1,9,10,11,1,0,2,0,1,0,133472,0.685,1.644,0.018
899,2.395,0.001,0,0.068,0.035,0,0,,0,,,,0,,,,,1004,1004,0,2,3,0,3,3,1,0,1,9,10,11,1,0,2,0,1,0,133472,0.586,1.335,0.012
900,2.108,0,0,0.058,0.032,0,0,,1,2093.75,232079360,288837632,1,71217344,71217344,167755776,38823561584,1004,1004,0,2,3,0,3,3,1,0,1,9,10,11,1,0,2,0,1,0,133472,0.467,1.231,0.012
901,2.086,0.001,0,0.055,0.039,0,0,,0,,,,0,,,,,1004,1004,0,2,3,0,3,3,1,0,1,9,10,11,1,0,2,0,1,0,133472,0.467,1.21,0.011
902,2.062,0.001,0,0.049,0.031,0,0,,0,,,,0,,,,,1004,1004,0,2,3,0,3,3,1,0,1,9,10,11,1,0,2,0,1,0,133472,0.522,1.182,0.01
903,1.71,0,0,0.043,0.025,0,0,,0,,,,0,,,,,1004,1004,0,2,3,0,3,3,1,0,1,9,10,11,1,0,2,0,1,0,133472,0.39,1.01,0.008
904,1.771,0.001,0,0.045,0.026,0,0,,0,,,,0,,,,,1004,1004,0,2,3,0,3,3,1,0,1,9,10,11,1,0,2,0,1,0,133472,0.414,1.04,0.009
905,2.407,0.947,0.001,0.083,0.037,0,0,,0,,,,0,,,,,1004,1004,0,2,3,0,3,3,1,0,1,9,10,11,1,0,2,0,1,0,133472,0.326,0.664,0.007
906,1.698,0.453,0,0.061,0.024,0,0,,0,,,,0,,,,,1004,1004,0,2,3,0,3,3,1,0,1,9,10,11,1,0,2,0,1,0,133472,0.314,0.585,0.006
907,1.403,0.283,0,0.044,0.021,0,0,,0,,,,0,,,,,1004,1004,0,2,3,0,3,3,1,0,1,9,10,11,1,0,2,0,1,0,133472,0.296,0.598,0.005
908,1.564,0.407,0,0.04,0.023,0,0,,0,,,,0,,,,,1004,1004,0,2,3,0,3,3,1,0,1,9,10,11,1,0,2,0,1,0,133472,0.308,0.615,0.006
909,2.804,0.625,0,0.074,0.049,0,0,,0,,,,0,,,,,1004,1004,0,2,3,0,3,3,1,0,1,9,10,11,1,0,2,0,1,0,133472,0.471,1.209,0.012
910,1.827,0,0,0.05,0.029,0,0,,0,,,,0,,,,,1004,1004,0,2,3,0,3,3,1,0,1,9,10,11,1,0,2,0,1,0,133472,0.411,1.078,0.01
911,1.575,0.001,0,0.039,0.028,0,0,,0,,,,0,,,,,1004,1004,0,2,3,0,3,3,1,0,1,9,10,11,1,0,2,0,1,0,133472,0.402,0.885,0.007
912,1.935,0.572,0,0.05,0.026,0,0,,0,,,,0,,,,,1004,1004,0,2,3,0,3,3,1,0,1,9,10,11,1,0,2,0,1,0,133472,0.388,0.696,0.007
913,2.735,0.141,0.001,0.094,0.054,0,0,,0,,,,0,,,,,1004,1004,0,2,3,0,3,3,1,0,1,9,10,11,1,0,2,0,1,0,133472,0.646,1.361,0.011
914,2.422,0.001,0,0.073,0.033,0,0,,0,,,,0,,,,,1004,1004,0,2,3,0,3,3,1,0,1,9,10,11,1,0,2,0,1,0,133472,0.581,1.354,0.009
915,1.541,0.001,0,0.063,0.019,0,0,,0,,,,0,,,,,1004,1004,0,2,3,0,3,3,1,0,1,9,10,11,1,0,2,0,1,0,133472,0.592,0.607,0.003
916,2.275,0.614,0.001,0.137,0.061,0,0,,0,,,,0,,,,,1004,1004,0,2,3,0,3,3,1,0,1,9,10,11,1,0,2,0,1,0,133472,0.35,0.672,0.041
917,2.294,0.713,0,0.073,0.03,0,0,,0,,,,0,,,,,1004,1004,0,2,3,0,3,3,1,0,1,9,10,11,1,0,2,0,1,0,133472,0.423,0.782,0.006
918,2.194,0.851,0,0.069,0.02,0,0,,0,,,,0,,,,,1004,1004,0,2,3,0,3,3,1,0,1,9,10,11,1,0,2,0,1,0,133472,0.303,0.694,0.005
919,2.965,1.746,0,0.042,0.024,0,0,,0,,,,0,,,,,1004,1004,0,2,3,0,3,3,1,0,1,9,10,11,1,0,2,0,1,0,133472,0.304,0.694,0.005
920,2.04,0.221,0,0.056,0.019,0,0,,0,,,,0,,,,,1004,1004,0,2,3,0,3,3,1,0,1,9,10,11,1,0,2,0,1,0,133472,0.407,1.04,0.005
921,1.135,0,0,0.05,0.02,0,0,,0,,,,0,,,,,1004,1004,0,2,3,0,3,3,1,0,1,9,10,11,1,0,2,0,1,0,133472,0.291,0.635,0.003
922,2.02,0.884,0,0.058,0.017,0,0,,0,,,,0,,,,,1004,1004,0,2,3,0,3,3,1,0,1,9,10,11,1,0,2,0,1,0,133472,0.262,0.613,0.004
923,1.652,0.462,0.001,0.09,0.017,0,0,,0,,,,0,,,,,1004,1004,0,2,3,0,3,3,1,0,1,9,10,11,1,0,2,0,1,0,133472,0.272,0.597,0.004
924,1.569,0.313,0,0.036,0.022,0,0,,0,,,,0,,,,,1004,1004,0,2,3,0,3,3,1,0,1,9,10,11,1,0,2,0,1,0,133472,0.355,0.665,0.005
925,2.167,0.308,0,0.098,0.031,0,0,,0,,,,0,,,,,1004,1004,0,2,3,0,3,3,1,0,1,9,10,11,1,0,2,0,1,0,133472,0.467,0.884,0.012
926,1.808,0.001,0,0.065,0.025,0,0,,0,,,,0,,,,,1004,1004,0,2,3,0,3,3,1,0,1,9,10,11,1,0,2,0,1,0,133472,0.485,0.975,0.006
927,2.462,1.071,0,0.13,0.028,0,0,,0,,,,0,,,,,1004,1004,0,2,3,0,3,3,1,0,1,9,10,11,1,0,2,0,1,0,133472,0.308,0.623,0.007
928,2.549,0.539,0,0.051,0.074,0,0,,0,,,,0,,,,,1004,1004,0,2,3,0,3,3,1,0,1,9,10,11,1,0,2,0,1,0,133472,0.322,1.226,0.023
929,2.269,0.001,0.001,0.108,0.034,0,0,,0,,,,0,,,,,1004,1004,0,2,3,0,3,3,1,0,1,9,10,11,1,0,2,0,1,0,133472,0.79,0.842,0.015
930,1.762,0.137,0,0.047,0.034,0,0,,1,2156.25,232144896,288837632,1,71217344,71217344,167755776,38823561584,1004,1004,0,2,3,0,3,3,1,0,1,9,10,11,1,0,2,0,1,0,133472,0.349,0.924,0.011
931,2.163,0.728,0,0.04,0.027,0,0,,0,,,,0,,,,,1004,1004,0,2,3,0,3,3,1,0,1,9,10,11,1,0,2,0,1,0,133472,0.358,0.765,0.007
932,5.567,1.468,0,0.132,0.091,0,0,,0,,,,0,,,,,1004,1004,0,2,3,0,3,3,1,0,1,9,10,11,1,0,2,0,1,0,133472,1.186,2.123,0.028
933,3.485,0.001,0,0.088,0.046,0,0,,0,,,,0,,,,,1004,1004,0,2,3,0,3,3,1,0,1,9,10,11,1,0,2,0,1,0,133472,0.778,1.981,0.016
934,4.029,0.001,0.001,0.06,0.063,0,0,,0,,,,0,,,,,1004,1004,0,2,3,0,3,3,1,0,1,9,10,11,1,0,2,0,1,0,133472,0.869,2.566,0.024
935,3.884,0,0,0.097,0.062,0,0,,0,,,,0,,,,,1004,1004,0,2,3,0,3,3,1,0,1,9,10,11,1,0,2,0,1,0,133472,0.986,2.17,0.015
936,3.157,0.001,0,0.073,0.05,0,0,,0,,,,0,,,,,1004,1004,0,2,3,0,3,3,1,0,1,9,10,11,1,0,2,0,1,0,133472,0.738,1.859,0.016
937,3.254,0.001,0,0.075,0.049,0,0,,0,,,,0,,,,,1004,1004,0,2,3,0,3,3,1,0,1,9,10,11,1,0,2,0,1,0,133472,0.733,1.974,0.017
938,3.158,0,0,0.074,0.055,0,0,,0,,,,0,,,,,1004,1004,0,2,3,0,3,3,1,0,1,9,10,11,1,0,2,0,1,0,133472,0.726,1.882,0.017
939,2.011,0,0,0.072,0.026,0,0,,0,,,,0,,,,,1004,1004,0,2,3,0,3,3,1,0,1,9,10,11,1,0,2,0,1,0,133472,0.473,1.176,0.01
940,2.391,0.962,0,0.045,0.038,0,0,,0,,,,0,,,,,1004,1004,0,2,3,0,3,3,1,0,1,9,10,11,1,0,2,0,1,0,133472,0.365,0.711,0.008
941,2.36,0.989,0,0.063,0.027,0,0,,0,,,,0,,,,,1004,1004,0,2,3,0,3,3,1,0,1,9,10,11,1,0,2,0,1,0,133472,0.338,0.69,0.006
942,3.505,0.976,0,0.072,0.081,0,0,,0,,,,0,,,,,1004,1004,0,2,3,0,3,3,1,0,1,9,10,11,1,0,2,0,1,0,133472,0.332,1.659,0.024
943,2.696,0.002,0.001,0.062,0.056,0,0,,0,,,,0,,,,,1004,1004,0,2,3,0,3,3,1,0,1,9,10,11,1,0,2,0,1,0,133472,0.694,1.465,0.021
944,2.965,0.001,0.001,0.083,0.055,0,0,,0,,,,0,,,,,1004,1004,0,2,3,0,3,3,1,0,1,9,10,11,1,0,2,0,1,0,133472,0.712,1.668,0.027
945,2.864,0.001,0,0.079,0.074,0,0,,0,,,,0,,,,,1004,1004,0,2,3,0,3,3,1,0,1,9,10,11,1,0,2,0,1,0,133472,0.642,1.672,0.016
946,1.704,0.148,0,0.103,0.04,0,0,,0,,,,0,,,,,1004,1004,0,2,3,0,3,3,1,0,1,9,10,11,1,0,2,0,1,0,133472,0.371,0.726,0.008
947,2.573,0.829,0.001,0.167,0.051,0,0,,0,,,,0,,,,,1004,1004,0,2,3,0,3,3,1,0,1,9,10,11,1,0,2,0,1,0,133472,0.39,0.81,0.007
948,3.575,0.537,0,0.094,0.081,0,0,,0,,,,0,,,,,1004,1004,0,2,3,0,3,3,1,0,1,9,10,11,1,0,2,0,1,0,133472,0.385,1.972,0.029
949,3.169,1.475,0,0.052,0.028,0,0,,0,,,,0,,,,,1004,1004,0,2,3,0,3,3,1,0,1,9,10,11,1,0,2,0,1,0,133472,0.412,0.887,0.01
950,7.526,5.376,0.001,0.117,0.05,0,0,,0,,,,0,,,,,1004,1004,0,2,3,0,3,3,1,0,1,9,10,11,1,0,2,0,1,0,133472,0.461,1.128,0.013
951,1.828,0.001,0,0.056,0.044,0,0,,0,,,,0,,,,,1004,1004,0,2,3,0,3,3,1,0,1,9,10,11,1,0,2,0,1,0,133472,0.455,1.009,0.011
952,1.935,0.001,0,0.059,0.033,0,0,,0,,,,0,,,,,1004,1004,0,2,3,0,3,3,1,0,1,9,10,11,1,0,2,0,1,0,133472,0.412,1.185,0.01
953,2.649,0,0,0.052,0.055,0,0,,0,,,,0,,,,,1004,1004,0,2,3,0,3,3,1,0,1,9,10,11,1,0,2,0,1,0,133472,0.586,1.521,0.027
954,2.443,0,0,0.091,0.035,0,0,,0,,,,0,,,,,1004,1004,0,2,3,0,3,3,1,0,1,9,10,11,1,0,2,0,1,0,133472,0.609,1.311,0.012
955,2.104,0.001,0.001,0.066,0.033,0,0,,0,,,,0,,,,,1004,1004,0,2,3,0,3,3,1,0,1,9,10,11,1,0,2,0,1,0,133472,0.488,1.198,0.012
956,2.157,0,0,0.069,0.028,0,0,,0,,,,0,,,,,1004,1004,0,2,3,0,3,3,1,0,1,9,10,11,1,0,2,0,1,0,133472,0.506,1.277,0.009
957,1.655,0,0,0.043,0.03,0,0,,0,,,,0,,,,,1004,1004,0,2,3,0,3,3,1,0,1,9,10,11,1,0,2,0,1,0,133472,0.383,0.968,0.01
958,2.628,0.847,0.001,0.05,0.055,0,0,,0,,,,0,,,,,1004,1004,0,2,3,0,3,3,1,0,1,9,10,11,1,0,2,0,1,0,133472,0.395,0.988,0.011
959,2.382,0.519,0,0.063,0.05,0,0,,0,,,,0,,,,,1004,1004,0,2,3,0,3,3,1,0,1,9,10,11,1,0,2,0,1,0,133472,0.404,1.054,0.011
960,3.668,0.785,0.001,0.054,0.08,0,0,,1,2250,232144896,288837632,1,71217344,71217344,167755776,38823561584,1004,1004,0,2,3,0,3,3,1,0,1,9,10,11,1,0,2,0,1,0,133472,0.522,1.78,0.019
961,2.455,0.001,0,0.079,0.037,0,0,,0,,,,0,,,,,1004,1004,0,2,3,0,3,3,1,0,1,9,10,11,1,0,2,0,1,0,133472,0.622,1.338,0.012
962,2.278,0.271,0,0.061,0.035,0,0,,0,,,,0,,,,,1004,1004,0,2,3,0,3,3,1,0,1,9,10,11,1,0,2,0,1,0,133472,0.432,1.144,0.013
963,2.248,0.264,0.001,0.078,0.033,0,0,,0,,,,0,,,,,1004,1004,0,2,3,0,3,3,1,0,1,9,10,11,1,0,2,0,1,0,133472,0.455,1.103,0.011
964,3.205,1.514,0,0.061,0.043,0,0,,0,,,,0,,,,,1004,1004,0,2,3,0,3,3,1,0,1,9,10,11,1,0,2,0,1,0,133472,0.355,0.946,0.01
965,1.923,0.228,0,0.05,0.033,0,0,,0,,,,0,,,,,1004,1004,0,2,3,0,3,3,1,0,1,9,10,11,1,0,2,0,1,0,133472,0.357,1.008,0.011
966,2.256,0.001,0,0.052,0.08,0,0,,0,,,,0,,,,,1004,1004,0,2,3,0,3,3,1,0,1,9,10,11,1,0,2,0,1,0,133472,0.441,1.324,0.022
967,2.761,0.001,0.001,0.091,0.074,0,0,,0,,,,0,,,,,1004,1004,0,2,3,0,3,3,1,0,1,9,10,11,1,0,2,0,1,0,133472,0.63,1.469,0.025
968,2.456,0.001,0.001,0.095,0.036,0,0,,0,,,,0,,,,,1004,1004,0,2,3,0,3,3,1,0,1,9,10,11,1,0,2,0,1,0,133472,0.617,1.345,0.013
969,1.98,0.001,0.001,0.063,0.047,0,0,,0,,,,0,,,,,1004,1004,0,2,3,0,3,3,1,0,1,9,10,11,1,0,2,0,1,0,133472,0.445,1.146,0.011
970,2.413,0.387,0.001,0.073,0.043,0,0,,0,,,,0,,,,,1004,1004,0,2,3,0,3,3,1,0,1,9,10,11,1,0,2,0,1,0,133472,0.449,1.119,0.013
971,3.418,1.439,0,0.065,0.048,0,0,,0,,,,0,,,,,1004,1004,0,2,3,0,3,3,1,0,1,9,10,11,1,0,2,0,1,0,133472,0.405,1.136,0.015
972,3.044,0.256,0.001,0.074,0.056,0,0,,0,,,,0,,,,,1004,1004,0,2,3,0,3,3,1,0,1,9,10,11,1,0,2,0,1,0,133472,0.747,1.452,0.018
973,2.64,0.001,0,0.118,0.042,0,0,,0,,,,0,,,,,1004,1004,0,2,3,0,3,3,1,0,1,9,10,11,1,0,2,0,1,0,133472,0.522,1.497,0.018
974,2.042,0.001,0,0.067,0.029,0,0,,0,,,,0,,,,,1004,1004,0,2,3,0,3,3,1,0,1,9,10,11,1,0,2,0,1,0,133472,0.525,1.064,0.011
975,3.751,1.75,0,0.067,0.055,0,0,,0,,,,0,,,,,1004,1004,0,2,3,0,3,3,1,0,1,9,10,11,1,0,2,0,1,0,133472,0.41,1.154,0.013
976,2.665,0.001,0,0.041,0.052,0,0,,0,,,,0,,,,,1004,1004,0,2,3,0,3,3,1,0,1,9,10,11,1,0,2,0,1,0,133472,0.499,1.159,0.043
977,1.725,0.01,0,0.063,0.033,0,0,,0,,,,0,,,,,1004,1004,0,2,3,0,3,3,1,0,1,9,10,11,1,0,2,0,1,0,133472,0.417,0.957,0.009
978,2.82,0.94,0.001,0.057,0.051,0,0,,0,,,,0,,,,,1004,1004,0,2,3,0,3,3,1,0,1,9,10,11,1,0,2,0,1,0,133472,0.363,1.116,0.011
979,3.385,0.08,0,0.057,0.094,0,0,,0,,,,0,,,,,1004,1004,0,2,3,0,3,3,1,0,1,9,10,11,1,0,2,0,1,0,133472,0.981,1.644,0.034
980,3.589,0.002,0.001,0.09,0.056,0,0,,0,,,,0,,,,,1004,1004,0,2,3,0,3,3,1,0,1,9,10,11,1,0,2,0,1,0,133472,0.682,2.261,0.028
981,2.799,0.001,0,0.066,0.062,0,0,,0,,,,0,,,,,1004,1004,0,2,3,0,3,3,1,0,1,9,10,11,1,0,2,0,1,0,133472,0.538,1.73,0.018
982,2.581,0,0,0.073,0.077,0,0,,0,,,,0,,,,,1004,1004,0,2,3,0,3,3,1,0,1,9,10,11,1,0,2,0,1,0,133472,0.588,1.385,0.026
983,3.467,0.001,0,0.128,0.093,0,0,,0,,,,0,,,,,1004,1004,0,2,3,0,3,3,1,0,1,9,10,11,1,0,2,0,1,0,133472,0.438,2.249,0.035
984,4.464,0.001,0.001,0.101,0.124,0,0,,0,,,,0,,,,,1004,1004,0,2,3,0,3,3,1,0,1,9,10,11,1,0,2,0,1,0,133472,0.813,2.599,0.037
985,3.868,0.004,0.001,0.143,0.085,0,0,,0,,,,0,,,,,1004,1004,0,2,3,0,3,3,1,0,1,9,10,11,1,0,2,0,1,0,133472,0.813,2.004,0.033
986,4.45,2.134,0.001,0.076,0.06,0,0,,0,,,,0,,,,,1004,1004,0,2,3,0,3,3,1,0,1,9,10,11,1,0,2,0,1,0,133472,0.602,1.134,0.019
987,14.009,11.621,0.001,0.075,0.067,0,0,,0,,,,0,,,,,1004,1004,0,2,3,0,3,3,1,0,1,9,10,11,1,0,2,0,1,0,133472,0.561,1.217,0.019
988,18.665,16.083,0,0.072,0.07,0,0,,0,,,,0,,,,,1004,1004,0,2,3,0,3,3,1,0,1,9,10,11,1,0,2,0,1,0,133472,0.662,1.288,0.048
989,17.515,14.077,0,0.07,0.087,0,0,,0,,,,0,,,,,1004,1004,0,2,3,0,3,3,1,0,1,9,10,11,1,0,2,0,1,0,133472,0.769,1.872,0.03
990,16.066,13.591,0,0.079,0.062,0,0,,1,2312.5,232144896,288837632,1,71217344,71217344,167755776,38823561584,1004,1004,0,2,3,0,3,3,1,0,1,9,10,11,1,0,2,0,1,0,133472,0.557,1.27,0.02
991,14.855,12.386,0,0.075,0.073,0,0,,0,,,,0,,,,,1004,1004,0,2,3,0,3,3,1,0,1,9,10,11,1,0,2,0,1,0,133472,0.546,1.263,0.019
992,17.226,13.282,0.001,0.106,0.095,0,0,,0,,,,0,,,,,1004,1004,0,2,3,0,3,3,1,0,1,9,10,11,1,0,2,0,1,0,133472,0.981,2.023,0.031
993,10.358,6.414,0.001,0.163,0.088,0,0,,0,,,,0,,,,,1004,1004,0,2,3,0,3,3,1,0,1,9,10,11,1,0,2,0,1,0,133472,0.911,2.013,0.031
994,16.276,12.589,0,0.137,0.091,0,0,,0,,,,0,,,,,1004,1004,0,2,3,0,3,3,1,0,1,9,10,11,1,0,2,0,1,0,133472,0.753,2.025,0.031
995,9.18,5.767,0,0.099,0.078,0,0,,0,,,,0,,,,,1004,1004,0,2,3,0,3,3,1,0,1,9,10,11,1,0,2,0,1,0,133472,0.663,1.967,0.03
996,12.917,9.839,0.001,0.115,0.081,0,0,,0,,,,0,,,,,1004,1004,0,2,3,0,3,3,1,0,1,9,10,11,1,0,2,0,1,0,133472,0.508,1.854,0.053
997,17.635,14.19,0.001,0.1,0.079,0,0,,0,,,,0,,,,,1004,1004,0,2,3,0,3,3,1,0,1,9,10,11,1,0,2,0,1,0,133472,0.715,1.912,0.029
998,17.024,13.394,0,0.077,0.077,0,0,,0,,,,0,,,,,1004,1004,0,2,3,0,3,3,1,0,1,9,10,11,1,0,2,0,1,0,133472,0.853,2.07,0.036
999,16.524,12.907,0,0.104,0.089,0,0,,0,,,,0,,,,,1004,1004,0,2,3,0,3,3,1,0,1,9,10,11,1,0,2,0,1,0,133472,0.77,1.975,0.031
1000,36.124,32.34,0.001,0.112,0.129,0,0,,0,,,,0,,,,,1004,1004,0,2,3,0,3,3,1,0,1,9,10,11,1,0,2,0,1,0,133472,0.792,2.027,0.033
1001,23.949,21.022,0.001,0.095,0.075,0,0,,0,,,,0,,,,,1004,1004,0,2,3,0,3,3,1,0,1,9,10,11,1,0,2,0,1,0,133472,0.618,1.382,0.024
1002,21.201,17.616,0,0.099,0.096,0,0,,0,,,,0,,,,,1004,1004,0,2,3,0,3,3,1,0,1,9,10,11,1,0,2,0,1,0,133472,0.74,1.978,0.029
1003,19.154,15.562,0.001,0.095,0.093,0,0,,0,,,,0,,,,,1004,1004,0,2,3,0,3,3,1,0,1,9,10,11,1,0,2,0,1,0,133472,0.728,2.025,0.031
1004,23.728,21.22,0,0.089,0.075,0,0,,0,,,,0,,,,,1004,1004,0,2,3,0,3,3,1,0,1,9,10,11,1,0,2,0,1,0,133472,0.519,1.222,0.018
1005,14.564,11.131,0,0.102,0.096,0,0,,0,,,,0,,,,,1004,1004,0,2,3,0,3,3,1,0,1,9,10,11,1,0,2,0,1,0,133472,0.716,1.867,0.031
1006,3.479,0.003,0.001,0.094,0.093,0,0,,0,,,,0,,,,,1004,1004,0,2,3,0,3,3,1,0,1,9,10,11,1,0,2,0,1,0,133472,0.826,1.855,0.028
1007,3.102,0.002,0.001,0.081,0.069,0,0,,0,,,,0,,,,,1004,1004,0,2,3,0,3,3,1,0,1,9,10,11,1,0,2,0,1,0,133472,0.647,1.78,0.025
1008,3.372,0.001,0.001,0.094,0.067,0,0,,0,,,,0,,,,,1004,1004,0,2,3,0,3,3,1,0,1,9,10,11,1,0,2,0,1,0,133472,0.842,1.75,0.027
1009,3.188,0.001,0.001,0.079,0.085,0,0,,0,,,,0,,,,,1004,1004,0,2,3,0,3,3,1,0,1,9,10,11,1,0,2,0,1,0,133472,0.642,1.849,0.054
1010,2.221,0.248,0,0.109,0.042,0,0,,0,,,,0,,,,,1004,1004,0,2,3,0,3,3,1,0,1,9,10,11,1,0,2,0,1,0,133472,0.479,1.014,0.011
1011,3.915,0.557,0.001,0.139,0.061,0,0,,0,,,,0,,,,,1004,1004,0,2,3,0,3,3,1,0,1,9,10,11,1,0,2,0,1,0,133472,0.713,1.876,0.029
1012,21.897,18.573,0.001,0.107,0.094,0,0,,0,,,,0,,,,,1004,1004,0,2,3,0,3,3,1,0,1,9,10,11,1,0,2,0,1,0,133472,0.776,1.747,0.031
1013,19.918,16.561,0,0.1,0.082,0,0,,0,,,,0,,,,,1004,1004,0,2,3,0,3,3,1,0,1,9,10,11,1,0,2,0,1,0,133472,0.686,1.858,0.029
1014,25.417,21.755,0.001,0.1,0.089,0,0,,0,,,,0,,,,,1004,1004,0,2,3,0,3,3,1,0,1,9,10,11,1,0,2,0,1,0,133472,0.796,1.993,0.03
1015,22.147,19.103,0.001,0.092,0.09,0,0,,0,,,,0,,,,,1004,1004,0,2,3,0,3,3,1,0,1,9,10,11,1,0,2,0,1,0,133472,0.639,1.647,0.027
1016,31.817,29.485,0.001,0.082,0.063,0,0,,0,,,,0,,,,,1004,1004,0,2,3,0,3,3,1,0,1,9,10,11,1,0,2,0,1,0,133472,0.617,1.093,0.019
1017,33.974,30.219,0.001,0.11,0.104,0,0,,0,,,,0,,,,,1004,1004,0,2,3,0,3,3,1,0,1,9,10,11,1,0,2,0,1,0,133472,0.79,2.034,0.036
1018,21.581,17.573,0.001,0.106,0.089,0,0,,0,,,,0,,,,,1004,1004,0,2,3,0,3,3,1,0,1,9,10,11,1,0,2,0,1,0,133472,0.733,2.285,0.034
1019,36.013,33.783,0,0.093,0.051,0,0,,0,,,,0,,,,,1004,1004,0,2,3,0,3,3,1,0,1,9,10,11,1,0,2,0,1,0,133472,0.507,1.139,0.018
1020,29.735,27.267,0.001,0.076,0.064,0,0,,1,2406.25,232144896,288837632,1,71217344,71217344,167755776,38823561584,1004,1004,0,2,3,0,3,3,1,0,1,9,10,11,1,0,2,0,1,0,133472,0.563,1.266,0.019
1021,40.451,37.217,0,0.168,0.059,0,0,,0,,,,0,,,,,1004,1004,0,2,3,0,3,3,1,0,1,9,10,11,1,0,2,0,1,0,133472,0.579,1.811,0.039
1022,44.253,41.81,0,0.075,0.057,0,0,,0,,,,0,,,,,1004,1004,0,2,3,0,3,3,1,0,1,9,10,11,1,0,2,0,1,0,133472,0.576,1.271,0.017
1023,41.975,39.39,0,0.079,0.069,0,0,,0,,,,0,,,,,1004,1004,0,2,3,0,3,3,1,0,1,9,10,11,1,0,2,0,1,0,133472,0.527,1.393,0.022
1024,21.621,19.268,0.001,0.074,0.063,0,0,,0,,,,0,,,,,1004,1004,0,2,3,0,3,3,1,0,1,9,10,11,1,0,2,0,1,0,133472,0.531,1.254,0.016
1025,10.868,8.398,0.001,0.078,0.055,0,0,,0,,,,0,,,,,1004,1004,0,2,3,0,3,3,1,0,1,9,10,11,1,0,2,0,1,0,133472,0.507,1.271,0.023
1026,21.735,19.322,0,0.076,0.067,0,0,,0,,,,0,,,,,1004,1004,0,2,3,0,3,3,1,0,1,9,10,11,1,0,2,0,1,0,133472,0.537,1.261,0.028
1027,18.896,16.317,0.001,0.076,0.058,0,0,,0,,,,0,,,,,1004,1004,0,2,3,0,3,3,1,0,1,9,10,11,1,0,2,0,1,0,133472,0.588,1.37,0.027
1028,25.169,22.663,0.001,0.131,0.063,0,0,,0,,,,0,,,,,1004,1004,0,2,3,0,3,3,1,0,1,9,10,11,1,0,2,0,1,0,133472,0.591,1.251,0.02
1029,23.454,20.032,0.001,0.098,0.086,0,0,,0,,,,0,,,,,1004,1004,0,2,3,0,3,3,1,0,1,9,10,11,1,0,2,0,1,0,133472,0.834,1.843,0.03
1030,15.387,13.017,0,0.079,0.056,0,0,,0,,,,0,,,,,1004,1004,0,2,3,0,3,3,1,0,1,9,10,11,1,0,2,0,1,0,133472,0.529,1.2,0.019
1031,19.28,16.698,0,0.085,0.06,0,0,,0,,,,0,,,,,1004,1004,0,2,3,0,3,3,1,0,1,9,10,11,1,0,2,0,1,0,133472,0.634,1.294,0.021
1032,32.075,28.448,0.001,0.107,0.092,0,0,,0,,,,0,,,,,1004,1004,0,2,3,0,3,3,1,0,1,9,10,11,1,0,2,0,1,0,133472,0.75,1.971,0.033
1033,13.822,10.036,0.001,0.106,0.111,0,0,,0,,,,0,,,,,1004,1004,0,2,3,0,3,3,1,0,1,9,10,11,1,0,2,0,1,0,133472,0.78,2.064,0.031
1034,16.06,13.677,0,0.09,0.062,0,0,,0,,,,0,,,,,1004,1004,0,2,3,0,3,3,1,0,1,9,10,11,1,0,2,0,1,0,133472,0.526,1.228,0.017
1035,18.148,15.813,0,0.074,0.058,0,0,,0,,,,0,,,,,1004,1004,0,2,3,0,3,3,1,0,1,9,10,11,1,0,2,0,1,0,133472,0.542,1.222,0.018
1036,40.017,37.429,0.001,0.076,0.186,0,0,,0,,,,0,,,,,1004,1004,0,2,3,0,3,3,1,0,1,9,10,11,1,0,2,0,1,0,133472,0.607,1.217,0.024
1037,11.443,7.926,0,0.104,0.081,0,0,,0,,,,0,,,,,1004,1004,0,2,3,0,3,3,1,0,1,9,10,11,1,0,2,0,1,0,133472,0.724,1.939,0.035
1038,15.184,12.218,0.001,0.094,0.079,0,0,,0,,,,0,,,,,1004,1004,0,2,3,0,3,3,1,0,1,9,10,11,1,0,2,0,1,0,133472,0.639,1.578,0.026
1039,21.068,18.642,0,0.074,0.054,0,0,,0,,,,0,,,,,1004,1004,0,2,3,0,3,3,1,0,1,9,10,11,1,0,2,0,1,0,133472,0.587,1.251,0.02
1040,47.441,44.422,0.001,0.076,0.69,0,0,,0,,,,0,,,,,1004,1004,0,2,3,0,3,3,1,0,1,9,10,11,1,0,2,0,1,0,133472,0.526,1.279,0.021
1041,61.931,58.614,0,0.084,0.098,0,0,,0,,,,0,,,,,1004,1004,0,2,3,0,3,3,1,0,1,9,10,11,1,0,2,0,1,0,133472,0.783,1.811,0.029
1042,21.535,18.469,0.001,0.09,0.074,0,0,,0,,,,0,,,,,1004,1004,0,2,3,0,3,3,1,0,1,9,10,11,1,0,2,0,1,0,133472,0.637,1.694,0.029
1043,49.637,46.843,0.001,0.08,0.064,0,0,,0,,,,0,,,,,1004,1004,0,2,3,0,3,3,1,0,1,9,10,11,1,0,2,0,1,0,133472,0.547,1.598,0.026
1044,22.267,19.484,0,0.085,0.084,0,0,,0,,,,0,,,,,1004,1004,0,2,3,0,3,3,1,0,1,9,10,11,1,0,2,0,1,0,133472,0.502,1.564,0.045
1045,2.699,0.002,0,0.081,0.046,0,0,,0,,,,0,,,,,1004,1004,0,2,3,0,3,3,1,0,1,9,10,11,1,0,2,0,1,0,133472,0.674,1.44,0.021
1046,2.457,0.001,0,0.102,0.043,0,0,,0,,,,0,,,,,1004,1004,0,2,3,0,3,3,1,0,1,9,10,11,1,0,2,0,1,0,133472,0.621,1.283,0.017
1047,3.865,1.102,0.001,0.07,0.069,0,0,,0,,,,0,,,,,1004,1004,0,2,3,0,3,3,1,0,1,9,10,11,1,0,2,0,1,0,133472,0.57,1.538,0.036
1048,2.587,0.001,0,0.067,0.05,0,0,,0,,,,0,,,,,1004,1004,0,2,3,0,3,3,1,0,1,9,10,11,1,0,2,0,1,0,133472,0.69,1.366,0.019
1049,4.021,0.679,0.001,0.066,0.167,0,0,,0,,,,0,,,,,1004,1004,0,2,3,0,3,3,1,0,1,9,10,11,1,0,2,0,1,0,133472,0.631,1.918,0.033
1050,3.486,0.002,0.001,0.12,0.089,0,0,,1,2500,231043072,287121408,1,71217344,71217344,167755776,38823561584,1004,1004,0,2,3,0,3,3,1,0,1,9,10,11,1,0,2,0,1,0,133472,0.75,1.903,0.031
1051,7.806,4.514,0.001,0.093,0.083,0,0,,0,,,,0,,,,,1004,1004,0,2,3,0,3,3,1,0,1,9,10,11,1,0,2,0,1,0,133472,0.677,1.806,0.028
1052,19.609,16.211,0.001,0.095,0.086,0,0,,0,,,,0,,,,,1004,1004,0,2,3,0,3,3,1,0,1,9,10,11,1,0,2,0,1,0,133472,0.641,1.941,0.031
1053,23.882,21.485,0.001,0.075,0.064,0,0,,0,,,,0,,,,,1004,1004,0,2,3,0,3,3,1,0,1,9,10,11,1,0,2,0,1,0,133472,0.553,1.224,0.017
1054,22.565,20.196,0,0.08,0.076,0,0,,0,,,,0,,,,,1004,1004,0,2,3,0,3,3,1,0,1,9,10,11,1,0,2,0,1,0,133472,0.56,1.211,0.018
1055,20.01,17.695,0.001,0.105,0.152,0,0,,0,,,,0,,,,,1004,1004,0,2,3,0,3,3,1,0,1,9,10,11,1,0,2,0,1,0,133472,0.503,1.062,0.02
1056,13.517,11.238,0.001,0.078,0.061,0,0,,0,,,,0,,,,,1004,1004,0,2,3,0,3,3,1,0,1,9,10,11,1,0,2,0,1,0,133472,0.536,1.168,0.017
1057,17.318,14.9,0.001,0.08,0.051,0,0,,0,,,,0,,,,,1004,1004,0,2,3,0,3,3,1,0,1,9,10,11,1,0,2,0,1,0,133472,0.603,1.199,0.016
1058,16.745,14.533,0,0.092,0.059,0,0,,0,,,,0,,,,,1004,1004,0,2,3,0,3,3,1,0,1,9,10,11,1,0,2,0,1,0,133472,0.461,1.134,0.016
1059,17.034,13.658,0,0.096,0.13,0,0,,0,,,,0,,,,,1004,1004,0,2,3,0,3,3,1,0,1,9,10,11,1,0,2,0,1,0,133472,0.714,1.807,0.029
1060,17.355,15.191,0.001,0.116,0.062,0,0,,0,,,,0,,,,,1004,1004,0,2,3,0,3,3,1,0,1,9,10,11,1,0,2,0,1,0,133472,0.52,1.024,0.015
1061,26.854,24.438,0,0.118,0.065,0,0,,0,,,,0,,,,,1004,1004,0,2,3,0,3,3,1,0,1,9,10,11,1,0,2,0,1,0,133472,0.556,1.162,0.017
1062,26.903,23.542,0.001,0.098,0.09,0,0,,0,,,,0,,,,,1004,1004,0,2,3,0,3,3,1,0,1,9,10,11,1,0,2,0,1,0,133472,0.709,1.82,0.032
1063,9.535,6.174,0.001,0.095,0.077,0,0,,0,,,,0,,,,,1004,1004,0,2,3,0,3,3,1,0,1,9,10,11,1,0,2,0,1,0,133472,0.72,1.848,0.031
1064,35.7,32.431,0.001,0.094,0.072,0,0,,0,,,,0,,,,,1004,1004,0,2,3,0,3,3,1,0,1,9,10,11,1,0,2,0,1,0,133472,0.69,1.779,0.029
1065,34.24,30.816,0.001,0.095,0.073,0,0,,0,,,,0,,,,,1004,1004,0,2,3,0,3,3,1,0,1,9,10,11,1,0,2,0,1,0,133472,0.744,1.879,0.029
1066,15.481,12.219,0.001,0.098,0.069,0,0,,0,,,,0,,,,,1004,1004,0,2,3,0,3,3,1,0,1,9,10,11,1,0,2,0,1,0,133472,0.655,1.82,0.027
1067,28.483,25.999,0.001,0.087,0.062,0,0,,0,,,,0,,,,,1004,1004,0,2,3,0,3,3,1,0,1,9,10,11,1,0,2,0,1,0,133472,0.56,1.29,0.037
1068,34.327,31.033,0.001,0.101,0.087,0,0,,0,,,,0,,,,,1004,1004,0,2,3,0,3,3,1,0,1,9,10,11,1,0,2,0,1,0,133472,0.675,1.787,0.036
1069,19.738,16.452,0.001,0.099,0.073,0,0,,0,,,,0,,,,,1004,1004,0,2,3,0,3,3,1,0,1,9,10,11,1,0,2,0,1,0,133472,0.724,1.774,0.027
1070,46.034,43.517,0.001,0.077,0.07,0,0,,0,,,,0,,,,,1004,1004,0,2,3,0,3,3,1,0,1,9,10,11,1,0,2,0,1,0,133472,0.708,1.175,0.021
1071,21.383,18.447,0,0.094,0.066,0,0,,0,,,,0,,,,,1004,1004,0,2,3,0,3,3,1,0,1,9,10,11,1,0,2,0,1,0,133472,0.64,1.578,0.024
1072,39.019,35.703,0,0.091,0.117,0,0,,0,,,,0,,,,,1004,1004,0,2,3,0,3,3,1,0,1,9,10,11,1,0,2,0,1,0,133472,0.64,1.853,0.03
1073,3.41,0.002,0,0.094,0.067,0,0,,0,,,,0,,,,,1004,1004,0,2,3,0,3,3,1,0,1,9,10,11,1,0,2,0,1,0,133472,0.731,1.934,0.029
1074,3.321,0.001,0,0.078,0.058,0,0,,0,,,,0,,,,,1004,1004,0,2,3,0,3,3,1,0,1,9,10,11,1,0,2,0,1,0,133472,0.744,1.895,0.028
1075,3.879,0.668,0.001,0.087,0.054,0,0,,0,,,,0,,,,,1004,1004,0,2,3,0,3,3,1,0,1,9,10,11,1,0,2,0,1,0,133472,0.704,1.825,0.028
1076,14.146,11.741,0,0.078,0.057,0,0,,0,,,,0,,,,,1004,1004,0,2,3,0,3,3,1,0,1,9,10,11,1,0,2,0,1,0,133472,0.555,1.235,0.017
1077,14.076,11.755,0,0.075,0.077,0,0,,0,,,,0,,,,,1004,1004,0,2,3,0,3,3,1,0,1,9,10,11,1,0,2,0,1,0,133472,0.539,1.197,0.016
1078,44.813,41.315,0,0.096,0.093,0,0,,0,,,,0,,,,,1004,1004,0,2,3,0,3,3,1,0,1,9,10,11,1,0,2,0,1,0,133472,0.676,2.011,0.031
1079,9.403,6.447,0,0.09,0.079,0,0,,0,,,,0,,,,,1004,1004,0,2,3,0,3,3,1,0,1,9,10,11,1,0,2,0,1,0,133472,0.655,1.57,0.034
1080,16.823,13.137,0.001,0.108,0.079,0,0,,1,2609.375,231043072,287121408,1,71217344,71217344,167755776,38823561584,1004,1004,0,2,3,0,3,3,1,0,1,9,10,11,1,0,2,0,1,0,133472,0.806,2.017,0.028
1081,37.035,34.491,0.001,0.094,0.106,0,0,,0,,,,0,,,,,1004,1004,0,2,3,0,3,3,1,0,1,9,10,11,1,0,2,0,1,0,133472,0.511,1.339,0.034
1082,9.424,7.264,0,0.065,0.058,0,0,,0,,,,0,,,,,1004,1004,0,2,3,0,3,3,1,0,1,9,10,11,1,0,2,0,1,0,133472,0.548,1.082,0.016
1083,11.804,8.547,0,0.096,0.08,0,0,,0,,,,0,,,,,1004,1004,0,2,3,0,3,3,1,0,1,9,10,11,1,0,2,0,1,0,133472,0.754,1.709,0.027
1084,3.466,0.698,0.001,0.072,0.072,0,0,,0,,,,0,,,,,1004,1004,0,2,3,0,3,3,1,0,1,9,10,11,1,0,2,0,1,0,133472,0.65,1.484,0.024
1085,28.821,26.159,0,0.08,0.064,0,0,,0,,,,0,,,,,1004,1004,0,2,3,0,3,3,1,0,1,9,10,11,1,0,2,0,1,0,133472,0.56,1.469,0.024
1086,59.036,55.693,0,0.091,0.083,0,0,,0,,,,0,,,,,1004,1004,0,2,3,0,3,3,1,0,1,9,10,11,1,0,2,0,1,0,133472,0.659,1.875,0.032

summary_metric,count,median,p95,p99
wall_ms,1087,2.574,17.9941,39.15872
frame_wait_ms,1087,0.407,15.4507,36.07234
scene_advance_ms,1087,0,0.001,0.001
view_build_ms,1087,0.071,0.129,0.1697
render_submit_ms,1087,0.04,0.0927,0.14856
gpu_ms,1087,1.78666662305,10.5771143251,29.3974076156

gpu_sample_serial,gpu_ms
545,3.44265616595
546,2.43953119044
547,2.29791661057
548,4.4849998905
549,2.02354161726
550,3.58677074577
551,2.12203119819
552,9.8632810092
553,37.9765094895
554,15.402655874
555,2.04270828346
556,1.93968745264
557,3.07583325824
558,1.95447911895
559,1.8853645373
560,2.56463535405
561,1.8910416205
562,2.46796868975
563,11.8307809612
564,20.2339578393
565,1.84942703818
566,2.41583327435
567,1.80249995599
568,1.81697912231
569,1.74119787416
570,1.72723954116
571,1.75541662381
572,1.74265620745
573,1.74994787394
574,1.68260412559
575,1.67557287576
576,2.38968744166
577,1.59286454445
578,1.58796871123
579,1.61281246062
580,1.59989579427
581,1.61510412724
582,1.58421871132
583,1.55874996194
584,2.23499994543
585,1.53546871251
586,1.02447914165
587,1.02296872503
588,1.01005205867
589,1.52932287933
590,1.5385416291
591,1.53286454591
592,1.34109371726
593,1.78718745637
594,1.63802079334
595,1.57213537828
596,1.17265622137
597,1.47942704721
598,1.64364579321
599,1.63906245998
600,1.23479163652
601,1.05229164098
602,1.04651039112
603,1.03598955804
604,1.03536455806
605,1.02999997485
606,5.20166653967
607,1.6535416263
608,1.62979162688
609,1.57067704499
610,1.61958329379
611,1.66776037595
612,1.58953121119
613,1.56432287848
614,1.61333329395
615,1.64749995978
616,1.65348954296
617,1.65968745948
618,1.66630204265
619,1.67223954251
620,1.68286454225
621,1.66552079267
622,1.65895829283
623,2.30817702698
624,1.64401037653
625,1.65505204293
626,1.59901037763
627,1.62104162709
628,1.63354162679
629,1.61463537725
630,2.25520827827
631,1.63218746015
632,1.62416662701
633,5.2674998714
634,7.42052065217
635,6.06135401868
636,1.75833329041
637,1.76244787364
638,2.45947910662
639,1.81385412238
640,1.76260412363
641,1.75531245715
642,1.7557291238
643,1.75536454048
644,1.75359370719
645,2.29333327734
646,1.69713537523
647,1.69364579198
648,1.71838537471
649,1.62515621032
650,1.63223954348
651,1.64583329315
652,1.60817704407
653,2.24604161183
654,1.55739579531
655,1.5658332951
656,1.56619787843
657,1.56942704502
658,1.58494787797
659,1.56411454515
660,1.62328121037
661,1.73859370755
662,1.73213537438
663,1.76098954034
664,1.76526037357
665,1.80760412254
666,1.80374995596
667,2.65692701847
668,1.83437495522
669,1.86406245449
670,1.9030728702
671,3.01427075974
672,1.77411454002
673,2.62052076936
674,1.81432287237
675,1.78859370633
676,1.75557287381
677,1.77723953994
678,1.77583328998
679,1.75859370707
680,1.7313541244
681,1.70171870845
682,1.624635377
683,1.61749996051
684,1.61807287716
685,1.62817704358
686,1.62322912704
687,1.61338537728
688,1.22411455345
689,0.912552061054
690,0.914010394352
691,0.915156227657
692,0.916406227627
693,1.66244787608
694,1.64838537642
695,1.63119787684
696,1.63776037668
697,1.62843746024
698,1.60885412739
699,1.22723955337
700,0.889010394962
701,0.870104145424
702,0.863749978912
703,1.63645829338
704,1.63463537676
705,2.39484369153
706,1.65427079295
707,1.61286454396
708,1.57843746146
709,1.58067704474
710,2.70015618408
711,1.56807287838
712,2.37223952542
713,1.57067704499
714,1.55536454536
715,1.54395829564
716,2.1735416136
717,1.5729687116
718,1.56473954513
719,2.12281244817
720,1.58958329453
721,1.56999996167
722,1.64958329306
723,2.15838536397
724,1.67901037568
725,1.22473955343
726,3.27458325339
727,1.68598954217
728,1.63473954342
729,1.76421870693
730,2.24937494508
731,1.67885412568
732,6.90645816472
733,7.60692689762
734,13.9089579938
735,1.63499996008
736,2.239322862
737,3.17369783918
738,1.62770829359
739,2.47374993961
740,1.65609370957
741,1.6628124594
742,1.67526037577
743,3.57437491273
744,1.62859371024
745,2.13458328122
746,1.59526037772
747,1.22531247009
748,1.18395830443
749,1.45651038111
750,1.1658853882
751,3.31479158574
752,1.80401037262
753,1.79718745612
754,1.8637499545
755,2.3853645251
756,1.70984370826
757,1.71151037488
758,2.59958326987
759,1.75369787385
760,1.84343745499
761,3.97374990298
762,2.01588536745
763,2.81401034797
764,1.94109370261
765,1.89734370368
766,3.7588540749
767,1.79458328952
768,1.82104162221
769,2.37260410874
770,1.87427078757
771,6.00093735349
772,1.86703120442
773,1.83708328848
774,1.87234370429
775,1.8962499537
776,2.77015618237
777,1.92802078626
778,1.93369786946
779,2.32911452647
780,2.00432286773
781,2.98760409373
782,2.0096353676
783,1.63239579348
784,1.18906247097
785,1.20994788713
786,1.18322913778
787,1.18322913778
788,1.19734372077
789,1.66729162596
790,2.16807286374
791,2.37515619201
792,2.21968744581
793,3.40088533364
794,2.17593744688
795,2.69942701743
796,1.94645828581
797,1.97729161839
798,10.8034372362
799,7.62510398051
800,6.71791650266
801,1.18848955432
802,1.20489580392
803,1.19364580419
804,1.21057288711
805,1.20187497066
806,7.52802064954
807,2.25874994485
808,2.24265619525
809,2.01302078419
810,2.84145826396
811,1.94427078587
812,1.96973953524
813,1.99588536794
814,1.92687495296
815,1.9263020363
816,2.77130201567
817,1.88208328738
818,1.87588537087
819,1.93338536946
820,1.93031245287
821,6.77656233456
822,2.01942703403
823,1.92119786976
824,9.17463519268
825,7.34265607074
826,6.99953107911
827,1.97640620175
828,1.93005203621
829,1.96380203539
830,1.98729161815
831,1.99776036789
832,7.49328106706
833,3.25041658731
834,2.0521874499
835,2.05453119984
836,2.07624994931
837,2.14249994769
838,2.15062494749
839,2.38656244173
840,2.3198957767
841,3.34302075172
842,2.13328119792
843,2.7130207671
844,2.00072911782
845,1.93739578603
846,2.59958326987
847,4.8170311324
848,1.85880203795
849,1.8499478715
850,1.78223953982
851,2.53901035468
852,1.77687495662
853,1.71369787483
854,6.39166651062
855,1.69182287536
856,1.68546870885
857,1.67171870919
858,2.7074999339
859,1.76291662363
860,1.82286453883
861,1.84265620501
862,1.83473953854
863,1.85098953814
864,1.91322911996
865,1.91677078654
866,1.96312495207
867,2.83093743089
868,1.95161453569
869,1.97109370188
870,1.93291661948
871,1.92276036972
872,1.8556249547
873,2.80546868151
874,2.69010410099
875,1.93489578609
876,2.04729161668
877,2.06624994955
878,2.25453119496
879,2.0658332829
880,1.99770828456
881,2.6870311844
882,1.95921870217
883,1.95427078562
884,1.87635412086
885,1.8993228703
886,1.86057287124
887,1.83145828862
888,3.62859366141
889,1.77838537325
890,1.7791145399
891,1.73718745759
892,1.72661454118
893,1.73906245754
894,1.7365624576
895,1.71338537484
896,1.67020829256
897,1.6848957922
898,1.67666662573
899,1.71114579156
900,1.69234370868
901,1.71249995819
902,1.68447912554
903,1.63854162666
904,1.65494787626
905,1.76333329028
906,1.58874996121
907,1.60744787742
908,1.61078121067
909,5.09223945901
910,5.39708320157
911,1.78666662305
912,1.76359370694
913,1.7708332901
914,2.6173436861
915,1.83151037195
916,1.8172916223
917,1.87223953762
918,1.88635412061
919,1.89973953695
920,6.88473941525
921,7.42312481877
922,1.95124995236
923,1.90213537023
924,1.4922395469
925,1.16802080482
926,1.17291663803
927,1.18828122099
928,1.73052079108
929,1.93791661935
930,1.92593745298
931,1.97932286834
932,2.0356249503
933,2.08041661588
934,1.97796870171
935,2.55807285421
936,1.92151036975
937,1.86906245437
938,0.933281227215
939,0.921249977509
940,0.987135392567
941,0.931041643936
942,0.924947894085
943,1.09697913988
944,1.15848955505
945,1.1510937219
946,1.16526038822
947,1.14578122203
948,1.13588538894
949,1.14489580538
950,1.12046872264
951,1.17651038794
952,1.13546872228
953,1.12192705594
954,1.10265622308
955,1.10536455635
956,1.62635412696
957,1.08848955676
958,1.11166663953
959,9.26869769038
960,7.02921857839
961,9.71963517937
962,6.87854149873
963,1.76359370694
964,1.09177080668
965,0.935416643829
966,0.918124977585
967,1.77791662326
968,2.53624993808
969,3.56192699637
970,0.91270831105
971,1.8267187054
972,0.932864560558
973,0.924739560757
974,1.98848953479
975,3.37963533416
976,0.91395831102
977,0.913124977707
978,1.979583285
979,2.00661453434
980,1.97010411857
981,2.67161451811
982,2.57822910372
983,2.31083327692
984,1.22234372016
985,1.19505205416
986,1.69119787538
987,2.16515619714
988,2.00479161772
989,1.22359372013
990,1.22973955331
991,1.32411455101
992,4.69937488527
993,2.17640619687
994,2.88187492964
995,7.67958314584
996,2.39223952493
997,2.90156242916
998,10.6028643245
999,1.82906245535
1000,2.19505202974
1001,2.06838536617
1002,2.65822910177
1003,2.49817702234
1004,0.965624976425
1005,0.871458312057
1006,0.881093728489
1007,0.857552062397
1008,1.93468745277
1009,2.35171869258
1010,1.80744787254
1011,1.84932287152
1012,2.41302077442
1013,1.90036453694
1014,1.89911453697
1015,1.95291661899
1016,4.1586457318
1017,2.08322911581
1018,3.57458324606
1019,2.05369786653
1020,2.77218743232
1021,2.14791661423
1022,0.937135393787
1023,1.77729162328
1024,0.946458310226
1025,0.939687477058
1026,1.32328121769
1027,1.35697913354
1028,2.29874994388
1029,4.46390614102
1030,2.52249993842
1031,5.01109362766
1032,3.47234366523
1033,2.71234368378
1034,2.52552077168
1035,2.23338536214
1036,3.02609367612
1037,2.11281244842
1038,2.1326041146
1039,4.73567696772
1040,2.00890620095
1041,3.59286449562
1042,1.92552078632
1043,3.03963534246
1044,3.68036449348
1045,2.02869786714
1046,1.99427078465
1047,1.92031245312
1048,3.48864574816
1049,1.82458328879
1050,1.85052078815
1051,2.96864576086
1052,1.90682287011
1053,1.89395828709
1054,3.7070311595
1055,1.92953120289
1056,3.14229158995
1057,2.06968744947
1058,4.03796865142
1059,2.11583328168
1060,2.02072911733
1061,2.01786453407
1062,2.57192702054
1063,3.64437491103
1064,1.92885411958
1065,1.97364578515
1066,2.59666660327
1067,34.8430199827
1068,1.18338538778
1069,1.19130205425
1070,1.2071353872
1071,1.20619788722
1072,2.20072911294
1073,2.31781244341
1074,3.92677073746
1075,2.1381249478
1076,1.92973953622
1077,3.97348948632
1078,1.86682287109
1079,12.2260413682
1080,1.19213538756
1081,1.18052080451
1082,1.6874999588
1083,1.18239580447
1084,1.19218747089
1085,1.20776038718
1086,1.17817705457
1087,1.15463538848
1088,1.16015622168
1089,1.1181249727
1090,1.11578122276
1091,2.02421870058
1092,1.11255205617
1093,1.73624995761
1094,8.52156229195
1095,0.864999978882
1096,2.22239577908
1097,1.17098955474
1098,1.17072913808
1099,1.18812497099
1100,3.01151034314
1101,1.92677078629
1102,1.16682288818
1103,1.19067705426
1104,1.18255205446
1105,1.17479163799
1106,1.18218747114
1107,1.6725520425
1108,2.38208327518
1109,1.94739578579
1110,1.97687495174
1111,1.92421870302
1112,1.8471874549
1113,2.59656243661
1114,1.84151037171
1115,1.2519791361
1116,1.18661455436
1117,1.17723955459
1118,1.17109372141
1119,1.7162499581
1120,2.68468743446
1121,1.17244788804
1122,1.16890622146
1123,1.16822913815
1124,2.00338536776
1125,1.91333328662
1126,1.95755203554
1127,2.68177076786
1128,1.85374995474
1129,1.57197912829
1130,1.1631249716
1131,1.11869788935
1132,1.11677080607
1133,1.08651039014
1134,1.08911455674
1135,1.85411453807
1136,1.16713538817
1137,1.17114580474
1138,1.16093747166
1139,1.17104163808
1140,1.18380205443
1141,1.17171872139
1142,1.83749995514
1143,1.18604163771
1144,0.928124977341
1145,0.930729143944
1146,1.6424999599
1147,2.01885411738
1148,2.14333328101
1149,0.915104144325
1150,1.19708330411
1151,1.2043749706
1152,1.19776038742
1153,1.20838538717
1154,2.30859369364
1155,2.23604161208
1156,1.0623958074
1157,1.2042187206
1158,1.19328122087
1159,1.71156245821
1160,1.16041663834
1161,0.914270811012
1162,0.913854144356
1163,1.04213539122
1164,1.17265622137
1165,1.15640622177
1166,1.1674999715
1167,1.73645829094
1168,1.12984372242
1169,1.12744788914
1170,1.1387499722
1171,1.18380205443
1172,1.1798437212
1173,1.17218747138
1174,1.17083330475
1175,1.92510411967
1176,2.65093743528
1177,1.70380204174
1178,1.16869788813
1179,1.18583330438
1180,1.32838538424
1181,3.55072907998
1182,1.78953120631
1183,2.57718743708
1184,1.70338537508
1185,1.78557287307
1186,1.87947912078
1187,1.90411453685
1188,1.91010412003
1189,2.75536451606
1190,1.87078120433
1191,1.49374996353
1192,1.14484372205
1193,1.13197913903
1194,1.12812497246
1195,1.12239580593
1196,1.06473955734
1197,0.917812477592
1198,1.07557289041
1199,1.13531247228
1200,1.16432288824
1201,1.17994788786
1202,1.17541663797
1203,1.17374997134
1204,1.10531247301
1205,1.10296872307
1206,1.1088541396
1207,1.08390622354
1208,1.078489557
1209,1.79822912276
1210,1.15994788835
1211,1.16244788829
1212,1.16901038813
1213,1.1809895545
1214,1.3543228836
1215,1.174010388
1216,1.97447911846
1217,0.914114561016
1218,1.12463538921
1219,0.85359372916
1220,0.863645812248
1221,0.907968727833
1222,1.13708330557
1223,1.14109372214
1224,1.12291663925
1225,1.10192705643
1226,1.09776038987
1227,1.09020830672
1228,1.62723954361
1229,1.13161455571
1230,1.105937473
1231,1.119739556
1232,1.11359372281
1233,1.12406247256
1234,1.11802080604
1235,1.09598955658
1236,1.08046872362
1237,0.916302060963
1238,0.927291644028
1239,0.926718727375
1240,0.915416644318
1241,1.16703122151
1242,1.18291663779
1243,1.17609372129
1244,1.17177080473
1245,1.17765622125
1246,1.18749997101
1247,1.18994788762
1248,1.20880205382
1249,1.20401038727
1250,1.14682288867
1251,0.917864560925
1252,0.915416644318
1253,0.907760394505
1254,0.90713539452
1255,0.949114560162
1256,1.1972395541
1257,1.20468747059
1258,2.16463536382
1259,1.20432288726
1260,1.19562497081
1261,1.7024478751
1262,3.69416657648
1263,2.17427078025
1264,2.98156242721
1265,2.03911453355
1266,1.965937452
1267,3.17531242248
1268,1.88895828722
1269,1.61135412733
1270,1.72479162456
1271,1.17765622125
1272,1.72151037464
1273,1.92229161974
1274,3.51921866408
1275,1.17999997119
1276,1.18473955441
1277,1.68057287564
1278,1.1866666377
1279,1.57588537819
1280,1.24541663626
1281,1.67552079243
1282,2.96265617767
1283,2.09791661545
1284,3.317812419
1285,2.03880203356
1286,0.928541643997
1287,1.19052080427
1288,2.44026035709
1289,2.01494786747
1290,1.19843747074
1291,3.36187491792
1292,1.72026037467
1293,2.36645827556
1294,1.92229161974
1295,1.88364578735
1296,1.88057287075
1297,3.42463533306
1298,1.76697912353
1299,1.81822912228
1300,3.08656242464
1301,1.74473954074
1302,2.35885410908
1303,1.75494787382
1304,1.21348955371
1305,1.26874996902
1306,2.10427078196
1307,1.58182287805
1308,0.914322894344
1309,0.913177061039
1310,1.51578121299
1311,3.35828116801
1312,1.1671874715
1313,0.816822896725
1314,0.820572896633
1315,1.84953120485
1316,1.32369788435
1317,2.78781243194
1318,1.10088538979
1319,0.908229144493
1320,0.919218727558
1321,0.941874977005
1322,0.919947894207
1323,0.914322894344
1324,0.916770810951
1325,0.948437476845
1326,4.1834894812
1327,2.00421870107
1328,1.74979162395
1329,1.18067705451
1330,1.18166663782
1331,1.18880205431
1332,1.18645830437
1333,1.8609895379
1334,1.1850520544
1335,1.9621874521
1336,1.94265620257
1337,1.93979161931
1338,1.92057286978
1339,1.8580728713
1340,0.919166644226
1341,0.931979143913
1342,0.912239561062
1343,0.910833311096
1344,0.916927060947
1345,1.70182287512
1346,1.89661453703
1347,1.9181770365
1348,1.94505203585
1349,2.67692701798
1350,1.87473953756
1351,1.86458328781
1352,1.84833328821
1353,1.79463537285
1354,1.81494787236
1355,1.80807287252
1356,2.50203118892
1357,1.77541662332
1358,1.76182287365
1359,1.76333329028
1360,1.71395829149
1361,1.68973954208
1362,1.17322913802
1363,1.76708329019
1364,1.17406247134
1365,1.16911455479
1366,1.16526038822
1367,1.17005205477
1368,1.788541623
1369,1.79494787284
1370,1.77031245678
1371,2.61744785276
1372,1.77812495659
1373,1.77541662332
1374,1.72192704129
1375,1.72692704117
1376,1.72098954132
1377,1.72078120799
1378,2.44098952374
1379,1.71838537471
1380,1.41906246535
1381,1.16187497163
1382,1.16697913818
1383,1.17447913799
1384,1.17588538796
1385,1.16546872155
1386,1.84807287155
1387,1.16937497145
1388,1.17291663803
1389,1.17244788804
1390,1.18213538781
1391,1.18239580447
1392,1.94239578591
1393,1.99796870122
1394,2.02963536712
1395,1.95765620221
1396,1.95671870223
1397,1.9535937023
1398,1.89098953717
1399,2.49749993903
1400,1.89317703711
1401,1.51354162971
1402,1.17473955465
1403,1.18192705448
1404,1.17958330453
1405,1.17765622125
1406,1.1756249713
1407,2.5926561867
1408,1.99260411802
1409,1.95916661884
1410,1.98854161812
1411,1.94609370249
1412,1.88234370404
1413,2.61791660275
1414,1.60906246072
1415,1.16213538829
1416,1.1699478881
1417,1.12291663925
1418,1.11994788932
1419,1.10354163972
1420,1.10692705631
1421,1.81244787242
1422,1.84104162172
1423,1.75484370716
1424,1.74604162404
1425,1.75255204055
1426,1.76260412363
1427,1.73020829109
1428,2.35541660916
1429,1.63374996011
1430,1.27213538561
1431,0.860729145653
1432,0.873177062016
1433,0.862812478935
1434,2.51145827202
1435,1.73942704087
1436,1.35255205031
1437,1.1714062214
1438,1.16843747147
1439,1.76729162352
1440,1.77380204003
1441,1.17218747138
1442,0.915885394306
1443,1.07067705719
1444,1.11442705613
1445,1.17291663803
1446,1.17494788798
1447,1.22406247012
1448,2.58015618701
1449,1.77124995676
1450,1.1618228883
1451,1.1661978882
1452,1.16338538826
1453,1.19046872094
1454,1.18124997116
1455,1.93526036942
1456,1.08333330688
1457,0.915104144325
1458,0.909479144463
1459,1.92671870296
1460,1.94572911916
1461,1.99348953466
1462,1.88770828725
1463,0.984531225964
1464,1.31546871788
1465,1.74328120744
1466,1.17760413792
1467,1.16421872158
1468,1.16843747147
1469,1.17765622125
1470,2.00911453428
1471,1.53458329587
1472,1.18531247106
1473,1.96062495213
1474,1.89999995361
1475,1.87895828746
1476,1.84968745484
1477,1.80239578933
1478,0.923593727451
1479,0.919947894207
1480,0.926718727375
1481,0.93442706052
1482,2.03239578371
1483,2.79713534838
1484,1.95973953549
1485,1.90895828673
1486,1.86510412113
1487,1.8910416205
1488,1.86791662106
1489,2.65994785173
1490,1.81854162227
1491,1.81984370557
1492,3.84432282281
1493,1.64416662653
1494,0.926666644043
1495,1.17505205465
1496,1.17364580468
1497,1.19078122093
1498,1.24374996964
1499,1.17713538793
1500,1.16302080494
1501,1.8648957878
1502,1.92161453642
1503,2.01604161745
1504,1.90270828688
1505,1.92796870293
1506,1.89744787034
1507,2.65854160176
1508,1.73130204107
1509,1.16968747144
1510,1.19083330426
1511,1.17749997125
1512,1.18479163774
1513,1.98151036829
1514,2.74562493297
1515,1.99968745118
1516,1.93718745271
1517,1.90630203679
1518,1.92437495302
1519,1.84624995493
1520,1.8348437052
1521,1.86609370444
1522,1.82848953869
1523,1.73828120756
1524,1.72213537462
1525,1.71979162468
1526,1.71937495802
1527,1.65489579293
1528,1.64999995972
1529,5.32828111992
1530,6.8636977491
1531,15.9678641935
1532,7.26942690586
1533,7.4368227351
1534,7.16203107515
1535,15.3580204584
1536,7.29723940518
1537,14.9993225505
1538,7.38468731971
1539,7.72833314465
1540,14.4177600647
1541,14.7986975554
1542,14.4386454808
1543,34.4420304091
1544,9.58880184923
1545,14.6743746417
1546,16.1474996058
1547,21.0505724027
1548,9.22229144151
1549,1.89359370377
1550,3.14463533989
1551,1.96255203542
1552,1.97265620184
1553,3.399687417
1554,2.01473953415
1555,20.6233849132
1556,16.9171350037
1557,20.7540619933
1558,15.3108850429
1559,29.3424992836
1560,29.4787492803
1561,17.955051645
1562,28.2732805597
1563,19.8406245156
1564,24.9514577242
1565,30.6214575857
1566,32.5071867064
1567,21.3775515614
1568,7.47208315091
1569,7.37203107002
1570,7.44765606817
1571,10.5170309932
1572,20.9885932376
1573,7.40359356925
1574,7.29265607196
1575,7.4288539853
1576,7.3934373195
1577,7.7154164783
1578,7.38833315295
1579,26.5654681014
1580,7.35447898711
1581,7.38333315308
1582,20.0890620095
1583,36.3032282804
1584,54.0836445129
1585,19.3985932764
1586,36.9442699314
1587,11.3967184718
1588,2.02546870055
1589,2.04526036673
1590,2.07390619937
1591,2.03593745029
1592,2.09630203215
1593,2.00364578442
1594,7.413749819
1595,7.47046856762
1596,23.700884838
1597,19.0763016176
1598,16.7326037582
1599,7.4398956517
1600,7.44734356818
1601,7.56927064854
1602,7.44854148482
1603,7.59182273132
1604,25.2240098008
1605,23.0429681874
1606,7.37901023652
1607,23.1460931849
1608,22.1114577935
1609,7.46114565118
1610,7.40994773576
1611,31.7748429742
1612,7.45536440132
1613,19.0958328671
1614,18.02374956
1615,27.1531243371
1616,1.99453120131
1617,1.99583328461
1618,2.09552078217
1619,7.51588523317
1620,7.50317690015
1621,29.3841659493
1622,7.40937481911
1623,7.42432273541
1624,25.995103532
1625,7.48291648398
1626,2.02031245068
1627,2.5817707703
1628,27.6339576587
1629,54.9065090762
1630,2.02406245058
1631,2.04947911663
