frame,wall_ms,frame_wait_ms,scene_advance_ms,view_build_ms,render_submit_ms,gpu_valid,gpu_serial,gpu_ms,process_valid,process_cpu_ms,working_set_bytes,private_bytes,vma_valid,vma_allocation_bytes,vma_peak_allocation_bytes,vma_heap_usage_bytes,vma_heap_budget_bytes,raw_instances,visible_instances,culled_instances,lights,depth_draw_calls,shadow_draw_calls,base_draw_calls,lighting_draw_calls,tone_map_draw_calls,legacy_draw_calls,presenter_draw_calls,draw_calls,total_draw_calls,all_draw_calls,dispatch_count,shadow_faces,shadow_cache_hits,shadow_misses,shadow_batches,asset_upload_bytes,dynamic_lighting_upload_bytes,gather_ms,plan_ms,upload_frame_ms
0,24.79,24.411,0,0.012,0.042,0,0,,1,0,230023168,286785536,1,70948032,70948032,167755776,38823561584,40,40,0,2,3,0,3,3,1,0,1,9,10,11,1,0,2,0,1,0,6224,0.052,0.04,0.009
1,6.853,6.555,0,0.008,0.059,0,0,,0,,,,0,,,,,40,40,0,2,3,0,3,3,1,0,1,9,10,11,1,0,2,0,1,0,6224,0.023,0.038,0.012
2,16.842,16.416,0.001,0.011,0.051,0,0,,0,,,,0,,,,,40,40,0,2,3,0,3,3,1,0,1,9,10,11,1,0,2,0,1,0,6224,0.045,0.074,0.011
3,34.944,34.502,0.001,0.012,0.052,0,0,,0,,,,0,,,,,40,40,0,2,3,0,3,3,1,0,1,9,10,11,1,0,2,0,1,0,6224,0.045,0.076,0.012
4,6.422,6.085,0,0.009,0.06,0,0,,0,,,,0,,,,,40,40,0,2,3,0,3,3,1,0,1,9,10,11,1,0,2,0,1,0,6224,0.025,0.041,0.01
5,9.204,8.774,0,0.014,0.052,0,0,,0,,,,0,,,,,40,40,0,2,3,0,3,3,1,0,1,9,10,11,1,0,2,0,1,0,6224,0.043,0.074,0.012
6,7.486,7.022,0.001,0.014,0.136,0,0,,0,,,,0,,,,,40,40,0,2,3,0,3,3,1,0,1,9,10,11,1,0,2,0,1,0,6224,0.026,0.04,0.02
7,5.89,5.523,0.001,0.01,0.062,0,0,,0,,,,0,,,,,40,40,0,2,3,0,3,3,1,0,1,9,10,11,1,0,2,0,1,0,6224,0.027,0.046,0.01
8,6.938,6.658,0,0.01,0.04,0,0,,0,,,,0,,,,,40,40,0,2,3,0,3,3,1,0,1,9,10,11,1,0,2,0,1,0,6224,0.027,0.043,0.008
9,30.759,30.437,0,0.009,0.047,0,0,,0,,,,0,,,,,40,40,0,2,3,0,3,3,1,0,1,9,10,11,1,0,2,0,1,0,6224,0.025,0.041,0.009
10,42.871,42.427,0,0.013,0.039,0,0,,0,,,,0,,,,,40,40,0,2,3,0,3,3,1,0,1,9,10,11,1,0,2,0,1,0,6224,0.057,0.098,0.01
11,9.771,9.435,0,0.013,0.049,0,0,,0,,,,0,,,,,40,40,0,2,3,0,3,3,1,0,1,9,10,11,1,0,2,0,1,0,6224,0.029,0.039,0.009
12,5.059,4.679,0.001,0.012,0.056,0,0,,0,,,,0,,,,,40,40,0,2,3,0,3,3,1,0,1,9,10,11,1,0,2,0,1,0,6224,0.045,0.045,0.008
13,4.733,4.401,0,0.009,0.04,0,0,,0,,,,0,,,,,40,40,0,2,3,0,3,3,1,0,1,9,10,11,1,0,2,0,1,0,6224,0.039,0.051,0.007
14,7.378,6.996,0.001,0.008,0.114,0,0,,0,,,,0,,,,,40,40,0,2,3,0,3,3,1,0,1,9,10,11,1,0,2,0,1,0,6224,0.024,0.042,0.008
15,4.442,4.039,0,0.013,0.045,0,0,,0,,,,0,,,,,40,40,0,2,3,0,3,3,1,0,1,9,10,11,1,0,2,0,1,0,6224,0.041,0.063,0.011
16,4.416,4.054,0.001,0.012,0.045,0,0,,0,,,,0,,,,,40,40,0,2,3,0,3,3,1,0,1,9,10,11,1,0,2,0,1,0,6224,0.036,0.058,0.008
17,6.477,6.086,0,0.009,0.063,0,0,,0,,,,0,,,,,40,40,0,2,3,0,3,3,1,0,1,9,10,11,1,0,2,0,1,0,6224,0.034,0.058,0.01
18,4.997,4.584,0.001,0.009,0.055,0,0,,0,,,,0,,,,,40,40,0,2,3,0,3,3,1,0,1,9,10,11,1,0,2,0,1,0,6224,0.042,0.069,0.011
19,6.231,5.801,0.001,0.01,0.049,0,0,,0,,,,0,,,,,40,40,0,2,3,0,3,3,1,0,1,9,10,11,1,0,2,0,1,0,6224,0.035,0.059,0.009
20,5.203,4.895,0,0.009,0.047,0,0,,0,,,,0,,,,,40,40,0,2,3,0,3,3,1,0,1,9,10,11,1,0,2,0,1,0,6224,0.028,0.045,0.008
21,4.845,4.545,0.001,0.009,0.04,0,0,,0,,,,0,,,,,40,40,0,2,3,0,3,3,1,0,1,9,10,11,1,0,2,0,1,0,6224,0.023,0.039,0.009
22,5.043,4.609,0,0.01,0.04,0,0,,0,,,,0,,,,,40,40,0,2,3,0,3,3,1,0,1,9,10,11,1,0,2,0,1,0,6224,0.044,0.073,0.01
23,7.337,7.004,0,0.008,0.045,0,0,,0,,,,0,,,,,40,40,0,2,3,0,3,3,1,0,1,9,10,11,1,0,2,0,1,0,6224,0.045,0.04,0.01
24,4.762,4.454,0,0.009,0.044,0,0,,0,,,,0,,,,,40,40,0,2,3,0,3,3,1,0,1,9,10,11,1,0,2,0,1,0,6224,0.024,0.039,0.009
25,5.286,4.838,0.001,0.011,0.037,0,0,,0,,,,0,,,,,40,40,0,2,3,0,3,3,1,0,1,9,10,11,1,0,2,0,1,0,6224,0.061,0.098,0.011
26,6.597,6.155,0,0.009,0.053,0,0,,0,,,,0,,,,,40,40,0,2,3,0,3,3,1,0,1,9,10,11,1,0,2,0,1,0,6224,0.042,0.071,0.01
27,5.048,4.595,0.001,0.013,0.05,0,0,,0,,,,0,,,,,40,40,0,2,3,0,3,3,1,0,1,9,10,11,1,0,2,0,1,0,6224,0.044,0.076,0.012
28,6.332,6.008,0,0.009,0.051,0,0,,0,,,,0,,,,,40,40,0,2,3,0,3,3,1,0,1,9,10,11,1,0,2,0,1,0,6224,0.029,0.047,0.01
29,5.754,5.437,0,0.009,0.06,0,0,,0,,,,0,,,,,40,40,0,2,3,0,3,3,1,0,1,9,10,11,1,0,2,0,1,0,6224,0.023,0.04,0.008
30,2.102,1.833,0,0.007,0.035,0,0,,1,0,230035456,286785536,1,70948032,70948032,167755776,38823561584,40,40,0,2,3,0,3,3,1,0,1,9,10,11,1,0,2,0,1,0,6224,0.023,0.037,0.006
31,2.304,1.922,0.001,0.012,0.031,0,0,,0,,,,0,,,,,40,40,0,2,3,0,3,3,1,0,1,9,10,11,1,0,2,0,1,0,6224,0.052,0.089,0.009
32,5.378,5.026,0,0.008,0.042,0,0,,0,,,,0,,,,,40,40,0,2,3,0,3,3,1,0,1,9,10,11,1,0,2,0,1,0,6224,0.046,0.077,0.007
33,3.704,3.484,0.001,0.006,0.029,0,0,,0,,,,0,,,,,40,40,0,2,3,0,3,3,1,0,1,9,10,11,1,0,2,0,1,0,6224,0.032,0.056,0.003
34,3.781,3.444,0,0.008,0.057,0,0,,0,,,,0,,,,,40,40,0,2,3,0,3,3,1,0,1,9,10,11,1,0,2,0,1,0,6224,0.03,0.05,0.007
35,4.246,3.881,0.001,0.009,0.029,0,0,,0,,,,0,,,,,40,40,0,2,3,0,3,3,1,0,1,9,10,11,1,0,2,0,1,0,6224,0.043,0.111,0.007
36,3.879,3.461,0,0.01,0.03,0,0,,0,,,,0,,,,,40,40,0,2,3,0,3,3,1,0,1,9,10,11,1,0,2,0,1,0,6224,0.049,0.085,0.009
37,2.86,2.548,0,0.009,0.033,0,0,,0,,,,0,,,,,40,40,0,2,3,0,3,3,1,0,1,9,10,11,1,0,2,0,1,0,6224,0.044,0.071,0.007
38,2.966,2.711,0,0.006,0.022,0,0,,0,,,,0,,,,,40,40,0,2,3,0,3,3,1,0,1,9,10,11,1,0,2,0,1,0,6224,0.042,0.07,0.006
39,5.309,4.946,0,0.013,0.038,0,0,,0,,,,0,,,,,40,40,0,2,3,0,3,3,1,0,1,9,10,11,1,0,2,0,1,0,6224,0.048,0.05,0.007
40,4.033,3.635,0.001,0.012,0.034,0,0,,0,,,,0,,,,,40,40,0,2,3,0,3,3,1,0,1,9,10,11,1,0,2,0,1,0,6224,0.044,0.071,0.009
41,3.765,3.572,0,0.009,0.026,0,0,,0,,,,0,,,,,40,40,0,2,3,0,3,3,1,0,1,9,10,11,1,0,2,0,1,0,6224,0.027,0.03,0.003
42,3.747,3.439,0.001,0.009,0.046,0,0,,0,,,,0,,,,,40,40,0,2,3,0,3,3,1,0,1,9,10,11,1,0,2,0,1,0,6224,0.031,0.051,0.006
43,2.421,2.118,0.001,0.006,0.046,0,0,,0,,,,0,,,,,40,40,0,2,3,0,3,3,1,0,1,9,10,11,1,0,2,0,1,0,6224,0.031,0.052,0.005
44,2.298,1.903,0,0.008,0.062,0,0,,0,,,,0,,,,,40,40,0,2,3,0,3,3,1,0,1,9,10,11,1,0,2,0,1,0,6224,0.04,0.07,0.007
45,2.943,2.64,0,0.01,0.042,0,0,,0,,,,0,,,,,40,40,0,2,3,0,3,3,1,0,1,9,10,11,1,0,2,0,1,0,6224,0.038,0.058,0.005
46,2.065,1.876,0,0.004,0.03,0,0,,0,,,,0,,,,,40,40,0,2,3,0,3,3,1,0,1,9,10,11,1,0,2,0,1,0,6224,0.026,0.044,0.003
47,2.218,2.022,0,0.005,0.039,0,0,,0,,,,0,,,,,40,40,0,2,3,0,3,3,1,0,1,9,10,11,1,0,2,0,1,0,6224,0.03,0.049,0.003
48,2.175,1.993,0,0.005,0.032,0,0,,0,,,,0,,,,,40,40,0,2,3,0,3,3,1,0,1,9,10,11,1,0,2,0,1,0,6224,0.028,0.048,0.003
49,2.774,2.582,0,0.005,0.044,0,0,,0,,,,0,,,,,40,40,0,2,3,0,3,3,1,0,1,9,10,11,1,0,2,0,1,0,6224,0.025,0.044,0.004
50,3.365,2.901,0.001,0.009,0.056,0,0,,0,,,,0,,,,,40,40,0,2,3,0,3,3,1,0,1,9,10,11,1,0,2,0,1,0,6224,0.091,0.067,0.013
51,2.779,2.576,0,0.007,0.024,0,0,,0,,,,0,,,,,40,40,0,2,3,0,3,3,1,0,1,9,10,11,1,0,2,0,1,0,6224,0.025,0.04,0.004
52,5.281,5.032,0.001,0.007,0.044,0,0,,0,,,,0,,,,,40,40,0,2,3,0,3,3,1,0,1,9,10,11,1,0,2,0,1,0,6224,0.019,0.029,0.009
53,6.271,5.933,0,0.007,0.043,0,0,,0,,,,0,,,,,40,40,0,2,3,0,3,3,1,0,1,9,10,11,1,0,2,0,1,0,6224,0.025,0.071,0.008
54,5.877,5.479,0.001,0.012,0.033,0,0,,0,,,,0,,,,,40,40,0,2,3,0,3,3,1,0,1,9,10,11,1,0,2,0,1,0,6224,0.047,0.078,0.011
55,4.705,4.344,0,0.01,0.02,0,0,,0,,,,0,,,,,40,40,0,2,3,0,3,3,1,0,1,9,10,11,1,0,2,0,1,0,6224,0.052,0.089,0.006
56,3.868,3.584,0,0.008,0.046,0,0,,0,,,,0,,,,,40,40,0,2,3,0,3,3,1,0,1,9,10,11,1,0,2,0,1,0,6224,0.036,0.052,0.005
57,3.001,2.724,0,0.006,0.039,0,0,,0,,,,0,,,,,40,40,0,2,3,0,3,3,1,0,1,9,10,11,1,0,2,0,1,0,6224,0.026,0.044,0.007
58,2.876,2.65,0,0.005,0.036,0,0,,0,,,,0,,,,,40,40,0,2,3,0,3,3,1,0,1,9,10,11,1,0,2,0,1,0,6224,0.022,0.035,0.006
59,4.822,4.486,0,0.009,0.031,0,0,,0,,,,0,,,,,40,40,0,2,3,0,3,3,1,0,1,9,10,11,1,0,2,0,1,0,6224,0.045,0.073,0.007
60,3.555,3.278,0.001,0.007,0.038,0,0,,1,31.25,230039552,286785536,1,70948032,70948032,167755776,38823561584,40,40,0,2,3,0,3,3,1,0,1,9,10,11,1,0,2,0,1,0,6224,0.034,0.054,0.004
61,3.496,3.222,0,0.009,0.042,0,0,,0,,,,0,,,,,40,40,0,2,3,0,3,3,1,0,1,9,10,11,1,0,2,0,1,0,6224,0.033,0.038,0.004
62,3.184,2.828,0.001,0.006,0.039,0,0,,0,,,,0,,,,,40,40,0,2,3,0,3,3,1,0,1,9,10,11,1,0,2,0,1,0,6224,0.029,0.075,0.009
63,2.988,2.686,0.001,0.007,0.044,0,0,,0,,,,0,,,,,40,40,0,2,3,0,3,3,1,0,1,9,10,11,1,0,2,0,1,0,6224,0.032,0.053,0.007
64,5.211,4.927,0.001,0.007,0.048,0,0,,0,,,,0,,,,,40,40,0,2,3,0,3,3,1,0,1,9,10,11,1,0,2,0,1,0,6224,0.033,0.056,0.005
65,3.169,2.932,0,0.003,0.028,0,0,,0,,,,0,,,,,40,40,0,2,3,0,3,3,1,0,1,9,10,11,1,0,2,0,1,0,6224,0.02,0.031,0.004
66,3.498,3.281,0,0.006,0.03,0,0,,0,,,,0,,,,,40,40,0,2,3,0,3,3,1,0,1,9,10,11,1,0,2,0,1,0,6224,0.021,0.036,0.005
67,5.748,5.378,0,0.011,0.047,0,0,,0,,,,0,,,,,40,40,0,2,3,0,3,3,1,0,1,9,10,11,1,0,2,0,1,0,6224,0.042,0.068,0.009
68,3.43,3.161,0.001,0.008,0.037,0,0,,0,,,,0,,,,,40,40,0,2,3,0,3,3,1,0,1,9,10,11,1,0,2,0,1,0,6224,0.038,0.064,0.005
69,3.029,2.83,0,0.005,0.04,0,0,,0,,,,0,,,,,40,40,0,2,3,0,3,3,1,0,1,9,10,11,1,0,2,0,1,0,6224,0.03,0.049,0.002
70,2.621,2.403,0.001,0.005,0.04,0,0,,0,,,,0,,,,,40,40,0,2,3,0,3,3,1,0,1,9,10,11,1,0,2,0,1,0,6224,0.029,0.049,0.003
71,2.444,2.145,0,0.008,0.03,0,0,,0,,,,0,,,,,40,40,0,2,3,0,3,3,1,0,1,9,10,11,1,0,2,0,1,0,6224,0.035,0.057,0.008
72,2.283,2.052,0,0.005,0.037,0,0,,0,,,,0,,,,,40,40,0,2,3,0,3,3,1,0,1,9,10,11,1,0,2,0,1,0,6224,0.02,0.032,0.005
73,2.616,2.352,0,0.007,0.027,0,0,,0,,,,0,,,,,40,40,0,2,3,0,3,3,1,0,1,9,10,11,1,0,2,0,1,0,6224,0.032,0.052,0.006
74,3.21,2.859,0.001,0.009,0.021,0,0,,0,,,,0,,,,,40,40,0,2,3,0,3,3,1,0,1,9,10,11,1,0,2,0,1,0,6224,0.053,0.073,0.004
75,2.878,2.581,0,0.007,0.026,0,0,,0,,,,0,,,,,40,40,0,2,3,0,3,3,1,0,1,9,10,11,1,0,2,0,1,0,6224,0.041,0.067,0.008
76,2.851,2.568,0,0.008,0.035,0,0,,0,,,,0,,,,,40,40,0,2,3,0,3,3,1,0,1,9,10,11,1,0,2,0,1,0,6224,0.047,0.037,0.005
77,2.253,1.957,0.001,0.007,0.038,0,0,,0,,,,0,,,,,40,40,0,2,3,0,3,3,1,0,1,9,10,11,1,0,2,0,1,0,6224,0.031,0.051,0.007
78,2.364,1.924,0,0.006,0.05,0,0,,0,,,,0,,,,,40,40,0,2,3,0,3,3,1,0,1,9,10,11,1,0,2,0,1,0,6224,0.025,0.042,0.008
79,2.32,1.941,0.001,0.007,0.043,0,0,,0,,,,0,,,,,40,40,0,2,3,0,3,3,1,0,1,9,10,11,1,0,2,0,1,0,6224,0.068,0.054,0.007
80,2.716,2.368,0.001,0.01,0.041,0,0,,0,,,,0,,,,,40,40,0,2,3,0,3,3,1,0,1,9,10,11,1,0,2,0,1,0,6224,0.042,0.066,0.007
81,3.045,2.623,0.001,0.006,0.169,0,0,,0,,,,0,,,,,40,40,0,2,3,0,3,3,1,0,1,9,10,11,1,0,2,0,1,0,6224,0.044,0.075,0.005
82,3.197,2.909,0.001,0.01,0.03,0,0,,0,,,,0,,,,,40,40,0,2,3,0,3,3,1,0,1,9,10,11,1,0,2,0,1,0,6224,0.04,0.037,0.005
83,5.523,5.106,0,0.012,0.044,0,0,,0,,,,0,,,,,40,40,0,2,3,0,3,3,1,0,1,9,10,11,1,0,2,0,1,0,6224,0.052,0.068,0.009
84,4.874,4.577,0,0.008,0.043,0,0,,0,,,,0,,,,,40,40,0,2,3,0,3,3,1,0,1,9,10,11,1,0,2,0,1,0,6224,0.038,0.063,0.005
85,3.328,3.076,0,0.008,0.029,0,0,,0,,,,0,,,,,40,40,0,2,3,0,3,3,1,0,1,9,10,11,1,0,2,0,1,0,6224,0.037,0.052,0.003
86,5.676,5.389,0,0.006,0.05,0,0,,0,,,,0,,,,,40,40,0,2,3,0,3,3,1,0,1,9,10,11,1,0,2,0,1,0,6224,0.024,0.04,0.006
87,3.348,3.03,0,0.008,0.039,0,0,,0,,,,0,,,,,40,40,0,2,3,0,3,3,1,0,1,9,10,11,1,0,2,0,1,0,6224,0.032,0.053,0.008
88,4.305,3.993,0,0.006,0.051,0,0,,0,,,,0,,,,,40,40,0,2,3,0,3,3,1,0,1,9,10,11,1,0,2,0,1,0,6224,0.04,0.069,0.006
89,2.481,2.048,0.001,0.016,0.029,0,0,,0,,,,0,,,,,40,40,0,2,3,0,3,3,1,0,1,9,10,11,1,0,2,0,1,0,6224,0.053,0.033,0.008
90,2.893,2.571,0.001,0.009,0.044,0,0,,1,31.25,230047744,286785536,1,70948032,70948032,167755776,38823561584,40,40,0,2,3,0,3,3,1,0,1,9,10,11,1,0,2,0,1,0,6224,0.043,0.09,0.004
91,7.498,7.132,0,0.01,0.063,0,0,,0,,,,0,,,,,40,40,0,2,3,0,3,3,1,0,1,9,10,11,1,0,2,0,1,0,6224,0.03,0.048,0.01
92,6.152,5.665,0.001,0.011,0.038,0,0,,0,,,,0,,,,,40,40,0,2,3,0,3,3,1,0,1,9,10,11,1,0,2,0,1,0,6224,0.089,0.119,0.009
93,4.206,3.761,0.001,0.015,0.039,0,0,,0,,,,0,,,,,40,40,0,2,3,0,3,3,1,0,1,9,10,11,1,0,2,0,1,0,6224,0.061,0.078,0.009
94,3.018,2.605,0.001,0.017,0.043,0,0,,0,,,,0,,,,,40,40,0,2,3,0,3,3,1,0,1,9,10,11,1,0,2,0,1,0,6224,0.03,0.041,0.008
95,3.052,2.656,0.001,0.017,0.029,0,0,,0,,,,0,,,,,40,40,0,2,3,0,3,3,1,0,1,9,10,11,1,0,2,0,1,0,6224,0.074,0.035,0.007
96,6.456,6.132,0.001,0.011,0.04,0,0,,0,,,,0,,,,,40,40,0,2,3,0,3,3,1,0,1,9,10,11,1,0,2,0,1,0,6224,0.037,0.06,0.006
97,5.396,5.128,0,0.007,0.062,0,0,,0,,,,0,,,,,40,40,0,2,3,0,3,3,1,0,1,9,10,11,1,0,2,0,1,0,6224,0.02,0.033,0.006
98,4.962,4.724,0,0.006,0.042,0,0,,0,,,,0,,,,,40,40,0,2,3,0,3,3,1,0,1,9,10,11,1,0,2,0,1,0,6224,0.018,0.029,0.007
99,6.906,6.592,0,0.01,0.037,0,0,,0,,,,0,,,,,40,40,0,2,3,0,3,3,1,0,1,9,10,11,1,0,2,0,1,0,6224,0.039,0.048,0.006
100,2.853,2.645,0,0.01,0.037,0,0,,0,,,,0,,,,,40,40,0,2,3,0,3,3,1,0,1,9,10,11,1,0,2,0,1,0,6224,0.02,0.028,0.005
101,2.529,2.16,0,0.009,0.047,0,0,,0,,,,0,,,,,40,40,0,2,3,0,3,3,1,0,1,9,10,11,1,0,2,0,1,0,6224,0.101,0.04,0.007
102,2.256,1.965,0.001,0.006,0.035,0,0,,0,,,,0,,,,,40,40,0,2,3,0,3,3,1,0,1,9,10,11,1,0,2,0,1,0,6224,0.03,0.049,0.007
103,3.295,3.005,0,0.011,0.031,0,0,,0,,,,0,,,,,40,40,0,2,3,0,3,3,1,0,1,9,10,11,1,0,2,0,1,0,6224,0.048,0.035,0.006
104,2.687,2.316,0,0.012,0.035,0,0,,0,,,,0,,,,,40,40,0,2,3,0,3,3,1,0,1,9,10,11,1,0,2,0,1,0,6224,0.058,0.083,0.005
105,3.103,2.833,0,0.008,0.041,0,0,,0,,,,0,,,,,40,40,0,2,3,0,3,3,1,0,1,9,10,11,1,0,2,0,1,0,6224,0.035,0.06,0.003
106,8.794,8.383,0,0.012,0.036,0,0,,0,,,,0,,,,,40,40,0,2,3,0,3,3,1,0,1,9,10,11,1,0,2,0,1,0,6224,0.052,0.081,0.009
107,7.348,7.033,0.001,0.007,0.055,0,0,,0,,,,0,,,,,40,40,0,2,3,0,3,3,1,0,1,9,10,11,1,0,2,0,1,0,6224,0.036,0.063,0.008
108,4.072,3.627,0.001,0.013,0.135,0,0,,0,,,,0,,,,,40,40,0,2,3,0,3,3,1,0,1,9,10,11,1,0,2,0,1,0,6224,0.041,0.063,0.008
109,3.313,2.924,0.001,0.014,0.032,0,0,,0,,,,0,,,,,40,40,0,2,3,0,3,3,1,0,1,9,10,11,1,0,2,0,1,0,6224,0.022,0.077,0.009
110,7.188,6.876,0.001,0.007,0.062,0,0,,0,,,,0,,,,,40,40,0,2,3,0,3,3,1,0,1,9,10,11,1,0,2,0,1,0,6224,0.023,0.036,0.021
111,7.112,6.603,0.001,0.014,0.074,0,0,,0,,,,0,,,,,40,40,0,2,3,0,3,3,1,0,1,9,10,11,1,0,2,0,1,0,6224,0.047,0.077,0.01
112,8.466,8.049,0,0.013,0.046,0,0,,0,,,,0,,,,,40,40,0,2,3,0,3,3,1,0,1,9,10,11,1,0,2,0,1,0,6224,0.06,0.047,0.009
113,5.212,4.978,0,0.007,0.039,0,0,,0,,,,0,,,,,40,40,0,2,3,0,3,3,1,0,1,9,10,11,1,0,2,0,1,0,6224,0.021,0.033,0.006
114,3.335,3.01,0,0.007,0.056,0,0,,0,,,,0,,,,,40,40,0,2,3,0,3,3,1,0,1,9,10,11,1,0,2,0,1,0,6224,0.029,0.05,0.008
115,3.388,2.96,0.001,0.009,0.035,0,0,,0,,,,0,,,,,40,40,0,2,3,0,3,3,1,0,1,9,10,11,1,0,2,0,1,0,6224,0.053,0.086,0.011
116,5.128,4.757,0,0.011,0.036,0,0,,0,,,,0,,,,,40,40,0,2,3,0,3,3,1,0,1,9,10,11,1,0,2,0,1,0,6224,0.049,0.079,0.007
117,3.122,2.892,0.001,0.008,0.023,0,0,,0,,,,0,,,,,40,40,0,2,3,0,3,3,1,0,1,9,10,11,1,0,2,0,1,0,6224,0.045,0.041,0.003
118,4.662,4.206,0,0.007,0.081,0,0,,0,,,,0,,,,,40,40,0,2,3,0,3,3,1,0,1,9,10,11,1,0,2,0,1,0,6224,0.054,0.094,0.011
119,3.179,2.815,0,0.009,0.054,0,0,,0,,,,0,,,,,40,40,0,2,3,0,3,3,1,0,1,9,10,11,1,0,2,0,1,0,6224,0.034,0.057,0.009
120,6.093,5.822,0.001,0.006,0.041,0,0,,1,31.25,230055936,286785536,1,70948032,70948032,167755776,38823561584,40,40,0,2,3,0,3,3,1,0,1,9,10,11,1,0,2,0,1,0,6224,0.037,0.063,0.006
121,5.089,4.745,0,0.007,0.065,0,0,,0,,,,0,,,,,40,40,0,2,3,0,3,3,1,0,1,9,10,11,1,0,2,0,1,0,6224,0.03,0.052,0.007
122,3.156,2.861,0.001,0.029,0.04,0,0,,0,,,,0,,,,,40,40,0,2,3,0,3,3,1,0,1,9,10,11,1,0,2,0,1,0,6224,0.023,0.037,0.007
123,3.24,2.89,0,0.01,0.038,0,0,,0,,,,0,,,,,40,40,0,2,3,0,3,3,1,0,1,9,10,11,1,0,2,0,1,0,6224,0.043,0.075,0.008
124,6.803,6.457,0.001,0.009,0.029,0,0,,0,,,,0,,,,,40,40,0,2,3,0,3,3,1,0,1,9,10,11,1,0,2,0,1,0,6224,0.047,0.084,0.007
125,5.966,5.575,0.001,0.009,0.054,0,0,,0,,,,0,,,,,40,40,0,2,3,0,3,3,1,0,1,9,10,11,1,0,2,0,1,0,6224,0.04,0.066,0.009
126,7.511,7.151,0,0.01,0.038,0,0,,0,,,,0,,,,,40,40,0,2,3,0,3,3,1,0,1,9,10,11,1,0,2,0,1,0,6224,0.044,0.071,0.01
127,3.119,2.852,0.001,0.007,0.043,0,0,,0,,,,0,,,,,40,40,0,2,3,0,3,3,1,0,1,9,10,11,1,0,2,0,1,0,6224,0.034,0.058,0.004
128,3.245,2.878,0.001,0.016,0.037,0,0,,0,,,,0,,,,,40,40,0,2,3,0,3,3,1,0,1,9,10,11,1,0,2,0,1,0,6224,0.062,0.04,0.006
129,2.487,2.134,0,0.007,0.078,0,0,,0,,,,0,,,,,40,40,0,2,3,0,3,3,1,0,1,9,10,11,1,0,2,0,1,0,6224,0.028,0.049,0.009
130,2.202,1.902,0,0.008,0.043,0,0,,0,,,,0,,,,,40,40,0,2,3,0,3,3,1,0,1,9,10,11,1,0,2,0,1,0,6224,0.026,0.042,0.009
131,2.316,2.034,0.001,0.006,0.04,0,0,,0,,,,0,,,,,40,40,0,2,3,0,3,3,1,0,1,9,10,11,1,0,2,0,1,0,6224,0.024,0.041,0.007
132,3.485,3.166,0,0.012,0.032,0,0,,0,,,,0,,,,,40,40,0,2,3,0,3,3,1,0,1,9,10,11,1,0,2,0,1,0,6224,0.024,0.039,0.006
133,3.428,3.051,0,0.012,0.035,0,0,,0,,,,0,,,,,40,40,0,2,3,0,3,3,1,0,1,9,10,11,1,0,2,0,1,0,6224,0.055,0.092,0.008
134,5.303,4.877,0,0.006,0.042,0,0,,0,,,,0,,,,,40,40,0,2,3,0,3,3,1,0,1,9,10,11,1,0,2,0,1,0,6224,0.056,0.089,0.007
135,2.975,2.63,0,0.007,0.035,0,0,,0,,,,0,,,,,40,40,0,2,3,0,3,3,1,0,1,9,10,11,1,0,2,0,1,0,6224,0.02,0.063,0.01
136,4.311,3.963,0,0.012,0.039,0,0,,0,,,,0,,,,,40,40,0,2,3,0,3,3,1,0,1,9,10,11,1,0,2,0,1,0,6224,0.055,0.041,0.005
137,4.771,4.445,0,0.011,0.036,0,0,,0,,,,0,,,,,40,40,0,2,3,0,3,3,1,0,1,9,10,11,1,0,2,0,1,0,6224,0.044,0.076,0.007
138,5.456,4.615,0,0.43,0.063,0,0,,0,,,,0,,,,,40,40,0,2,3,0,3,3,1,0,1,9,10,11,1,0,2,0,1,0,6224,0.035,0.061,0.011
139,5.602,5.243,0,0.01,0.049,0,0,,0,,,,0,,,,,40,40,0,2,3,0,3,3,1,0,1,9,10,11,1,0,2,0,1,0,6224,0.037,0.061,0.009
140,3.807,3.501,0,0.007,0.038,0,0,,0,,,,0,,,,,40,40,0,2,3,0,3,3,1,0,1,9,10,11,1,0,2,0,1,0,6224,0.034,0.057,0.006
141,3.706,3.35,0.001,0.012,0.04,0,0,,0,,,,0,,,,,40,40,0,2,3,0,3,3,1,0,1,9,10,11,1,0,2,0,1,0,6224,0.049,0.077,0.01
142,4.033,3.75,0,0.009,0.037,0,0,,0,,,,0,,,,,40,40,0,2,3,0,3,3,1,0,1,9,10,11,1,0,2,0,1,0,6224,0.023,0.038,0.009
143,10.224,9.259,0,0.01,0.056,0,0,,0,,,,0,,,,,40,40,0,2,3,0,3,3,1,0,1,9,10,11,1,0,2,0,1,0,6224,0.056,0.085,0.013
144,4.435,3.994,0,0.009,0.06,0,0,,0,,,,0,,,,,40,40,0,2,3,0,3,3,1,0,1,9,10,11,1,0,2,0,1,0,6224,0.103,0.043,0.011
145,4.951,4.486,0,0.016,0.039,0,0,,0,,,,0,,,,,40,40,0,2,3,0,3,3,1,0,1,9,10,11,1,0,2,0,1,0,6224,0.059,0.1,0.013
146,6.183,5.866,0.001,0.008,0.078,0,0,,0,,,,0,,,,,40,40,0,2,3,0,3,3,1,0,1,9,10,11,1,0,2,0,1,0,6224,0.019,0.038,0.01
147,6.014,5.656,0,0.009,0.088,0,0,,0,,,,0,,,,,40,40,0,2,3,0,3,3,1,0,1,9,10,11,1,0,2,0,1,0,6224,0.024,0.039,0.01
148,5.482,4.909,0,0.01,0.051,0,0,,0,,,,0,,,,,40,40,0,2,3,0,3,3,1,0,1,9,10,11,1,0,2,0,1,0,6224,0.03,0.045,0.012
149,5.285,4.881,0,0.011,0.056,0,0,,0,,,,0,,,,,40,40,0,2,3,0,3,3,1,0,1,9,10,11,1,0,2,0,1,0,6224,0.046,0.074,0.016
150,7.5,7.071,0.001,0.013,0.067,0,0,,1,31.25,230068224,286785536,1,70948032,70948032,167755776,38823561584,40,40,0,2,3,0,3,3,1,0,1,9,10,11,1,0,2,0,1,0,6224,0.036,0.062,0.011
151,5.556,5.254,0,0.009,0.052,0,0,,0,,,,0,,,,,40,40,0,2,3,0,3,3,1,0,1,9,10,11,1,0,2,0,1,0,6224,0.021,0.037,0.009
152,8.919,8.525,0,0.011,0.06,0,0,,0,,,,0,,,,,40,40,0,2,3,0,3,3,1,0,1,9,10,11,1,0,2,0,1,0,6224,0.028,0.052,0.01
153,6.01,5.63,0.001,0.012,0.057,0,0,,0,,,,0,,,,,40,40,0,2,3,0,3,3,1,0,1,9,10,11,1,0,2,0,1,0,6224,0.033,0.052,0.01
154,5.631,5.339,0.001,0.008,0.05,0,0,,0,,,,0,,,,,40,40,0,2,3,0,3,3,1,0,1,9,10,11,1,0,2,0,1,0,6224,0.026,0.044,0.007
155,8.994,8.521,0,0.014,0.078,0,0,,0,,,,0,,,,,40,40,0,2,3,0,3,3,1,0,1,9,10,11,1,0,2,0,1,0,6224,0.039,0.068,0.012
156,6.735,6.468,0,0.006,0.057,0,0,,0,,,,0,,,,,40,40,0,2,3,0,3,3,1,0,1,9,10,11,1,0,2,0,1,0,6224,0.021,0.036,0.007
157,9.674,9.24,0,0.013,0.071,0,0,,0,,,,0,,,,,40,40,0,2,3,0,3,3,1,0,1,9,10,11,1,0,2,0,1,0,6224,0.033,0.061,0.012
158,5.733,5.414,0,0.013,0.047,0,0,,0,,,,0,,,,,40,40,0,2,3,0,3,3,1,0,1,9,10,11,1,0,2,0,1,0,6224,0.024,0.043,0.007
159,5.156,4.895,0.001,0.007,0.052,0,0,,0,,,,0,,,,,40,40,0,2,3,0,3,3,1,0,1,9,10,11,1,0,2,0,1,0,6224,0.022,0.039,0.007
160,3.418,2.997,0.001,0.013,0.065,0,0,,0,,,,0,,,,,40,40,0,2,3,0,3,3,1,0,1,9,10,11,1,0,2,0,1,0,6224,0.038,0.07,0.009
161,3.275,2.958,0,0.017,0.048,0,0,,0,,,,0,,,,,40,40,0,2,3,0,3,3,1,0,1,9,10,11,1,0,2,0,1,0,6224,0.027,0.04,0.007
162,4.234,3.906,0,0.008,0.077,0,0,,0,,,,0,,,,,40,40,0,2,3,0,3,3,1,0,1,9,10,11,1,0,2,0,1,0,6224,0.024,0.043,0.008
163,3.245,2.876,0,0.009,0.081,0,0,,0,,,,0,,,,,40,40,0,2,3,0,3,3,1,0,1,9,10,11,1,0,2,0,1,0,6224,0.032,0.062,0.008
164,3.518,3.085,0.001,0.012,0.084,0,0,,0,,,,0,,,,,40,40,0,2,3,0,3,3,1,0,1,9,10,11,1,0,2,0,1,0,6224,0.044,0.071,0.009
165,15.828,15.222,0,0.013,0.133,0,0,,0,,,,0,,,,,40,40,0,2,3,0,3,3,1,0,1,9,10,11,1,0,2,0,1,0,6224,0.044,0.071,0.062
166,11.529,11.238,0,0.007,0.045,0,0,,0,,,,0,,,,,40,40,0,2,3,0,3,3,1,0,1,9,10,11,1,0,2,0,1,0,6224,0.02,0.033,0.009
167,18.162,17.744,0.001,0.013,0.062,0,0,,0,,,,0,,,,,40,40,0,2,3,0,3,3,1,0,1,9,10,11,1,0,2,0,1,0,6224,0.049,0.044,0.009
168,5.595,5.077,0.001,0.026,0.081,0,0,,0,,,,0,,,,,40,40,0,2,3,0,3,3,1,0,1,9,10,11,1,0,2,0,1,0,6224,0.048,0.073,0.012
169,5.525,4.95,0,0.022,0.142,0,0,,0,,,,0,,,,,40,40,0,2,3,0,3,3,1,0,1,9,10,11,1,0,2,0,1,0,6224,0.04,0.083,0.017
170,8.224,7.83,0.001,0.011,0.043,0,0,,0,,,,0,,,,,40,40,0,2,3,0,3,3,1,0,1,9,10,11,1,0,2,0,1,0,6224,0.042,0.07,0.012
171,6.88,6.527,0.001,0.011,0.053,0,0,,0,,,,0,,,,,40,40,0,2,3,0,3,3,1,0,1,9,10,11,1,0,2,0,1,0,6224,0.03,0.047,0.009
172,6.003,5.642,0.001,0.012,0.047,0,0,,0,,,,0,,,,,40,40,0,2,3,0,3,3,1,0,1,9,10,11,1,0,2,0,1,0,6224,0.029,0.033,0.008
173,8.065,7.667,0,0.009,0.039,0,0,,0,,,,0,,,,,40,40,0,2,3,0,3,3,1,0,1,9,10,11,1,0,2,0,1,0,6224,0.048,0.079,0.013
174,6.654,6.19,0,0.012,0.044,0,0,,0,,,,0,,,,,40,40,0,2,3,0,3,3,1,0,1,9,10,11,1,0,2,0,1,0,6224,0.059,0.101,0.013
175,11.079,10.753,0.001,0.01,0.048,0,0,,0,,,,0,,,,,40,40,0,2,3,0,3,3,1,0,1,9,10,11,1,0,2,0,1,0,6224,0.026,0.041,0.01
176,5.561,5.346,0,0.006,0.038,0,0,,0,,,,0,,,,,40,40,0,2,3,0,3,3,1,0,1,9,10,11,1,0,2,0,1,0,6224,0.017,0.026,0.006
177,2.693,2.406,0,0.01,0.052,0,0,,0,,,,0,,,,,40,40,0,2,3,0,3,3,1,0,1,9,10,11,1,0,2,0,1,0,6224,0.027,0.045,0.007
178,3.306,2.806,0,0.009,0.05,0,0,,0,,,,0,,,,,40,40,0,2,3,0,3,3,1,0,1,9,10,11,1,0,2,0,1,0,6224,0.094,0.111,0.008
179,5.061,4.635,0,0.013,0.079,0,0,,0,,,,0,,,,,40,40,0,2,3,0,3,3,1,0,1,9,10,11,1,0,2,0,1,0,6224,0.033,0.059,0.012
180,2.591,2.323,0,0.006,0.043,0,0,,1,78.125,230076416,286785536,1,70948032,70948032,167755776,38823561584,40,40,0,2,3,0,3,3,1,0,1,9,10,11,1,0,2,0,1,0,6224,0.024,0.039,0.007
181,4.675,4.343,0.001,0.011,0.04,0,0,,0,,,,0,,,,,40,40,0,2,3,0,3,3,1,0,1,9,10,11,1,0,2,0,1,0,6224,0.048,0.04,0.006
182,7.56,7.14,0,0.009,0.128,0,0,,0,,,,0,,,,,40,40,0,2,3,0,3,3,1,0,1,9,10,11,1,0,2,0,1,0,6224,0.027,0.042,0.01
183,9.102,8.784,0,0.01,0.05,0,0,,0,,,,0,,,,,40,40,0,2,3,0,3,3,1,0,1,9,10,11,1,0,2,0,1,0,6224,0.024,0.038,0.01
184,5.445,5.073,0,0.023,0.057,0,0,,0,,,,0,,,,,40,40,0,2,3,0,3,3,1,0,1,9,10,11,1,0,2,0,1,0,6224,0.027,0.043,0.01
185,6.844,5.997,0,0.011,0.552,0,0,,0,,,,0,,,,,40,40,0,2,3,0,3,3,1,0,1,9,10,11,1,0,2,0,1,0,6224,0.026,0.043,0.01
186,8.521,7.693,0.001,0.014,0.478,0,0,,0,,,,0,,,,,40,40,0,2,3,0,3,3,1,0,1,9,10,11,1,0,2,0,1,0,6224,0.033,0.06,0.011
187,5.376,4.794,0.001,0.016,0.094,0,0,,0,,,,0,,,,,40,40,0,2,3,0,3,3,1,0,1,9,10,11,1,0,2,0,1,0,6224,0.039,0.076,0.013
188,12.87,12.385,0.001,0.013,0.06,0,0,,0,,,,0,,,,,40,40,0,2,3,0,3,3,1,0,1,9,10,11,1,0,2,0,1,0,6224,0.035,0.065,0.012
189,28.968,28.555,0,0.012,0.042,0,0,,0,,,,0,,,,,40,40,0,2,3,0,3,3,1,0,1,9,10,11,1,0,2,0,1,0,6224,0.057,0.053,0.01
190,8.037,7.646,0.001,0.011,0.05,0,0,,0,,,,0,,,,,40,40,0,2,3,0,3,3,1,0,1,9,10,11,1,0,2,0,1,0,6224,0.043,0.045,0.01
191,6.103,5.723,0,0.011,0.046,0,0,,0,,,,0,,,,,40,40,0,2,3,0,3,3,1,0,1,9,10,11,1,0,2,0,1,0,6224,0.038,0.056,0.009
192,8.851,8.401,0.001,0.012,0.061,0,0,,0,,,,0,,,,,40,40,0,2,3,0,3,3,1,0,1,9,10,11,1,0,2,0,1,0,6224,0.03,0.104,0.011
193,5.203,4.89,0.001,0.01,0.04,0,0,,0,,,,0,,,,,40,40,0,2,3,0,3,3,1,0,1,9,10,11,1,0,2,0,1,0,6224,0.034,0.035,0.008
194,6.035,5.657,0.001,0.011,0.053,0,0,,0,,,,0,,,,,40,40,0,2,3,0,3,3,1,0,1,9,10,11,1,0,2,0,1,0,6224,0.049,0.075,0.007
195,5.198,4.836,0,0.01,0.064,0,0,,0,,,,0,,,,,40,40,0,2,3,0,3,3,1,0,1,9,10,11,1,0,2,0,1,0,6224,0.026,0.044,0.011
196,6.536,6.208,0.001,0.01,0.048,0,0,,0,,,,0,,,,,40,40,0,2,3,0,3,3,1,0,1,9,10,11,1,0,2,0,1,0,6224,0.028,0.046,0.009
197,6.219,5.744,0,0.013,0.079,0,0,,0,,,,0,,,,,40,40,0,2,3,0,3,3,1,0,1,9,10,11,1,0,2,0,1,0,6224,0.04,0.071,0.012
198,5.122,4.542,0.001,0.015,0.092,0,0,,0,,,,0,,,,,40,40,0,2,3,0,3,3,1,0,1,9,10,11,1,0,2,0,1,0,6224,0.041,0.059,0.013
199,5.353,4.897,0.001,0.014,0.076,0,0,,0,,,,0,,,,,40,40,0,2,3,0,3,3,1,0,1,9,10,11,1,0,2,0,1,0,6224,0.038,0.066,0.012
200,7.622,7.193,0,0.01,0.063,0,0,,0,,,,0,,,,,40,40,0,2,3,0,3,3,1,0,1,9,10,11,1,0,2,0,1,0,6224,0.029,0.048,0.011
201,26.657,26.285,0,0.012,0.054,0,0,,0,,,,0,,,,,40,40,0,2,3,0,3,3,1,0,1,9,10,11,1,0,2,0,1,0,6224,0.03,0.043,0.01
202,22.405,21.959,0,0.011,0.114,0,0,,0,,,,0,,,,,40,40,0,2,3,0,3,3,1,0,1,9,10,11,1,0,2,0,1,0,6224,0.031,0.053,0.012
203,25.46,25.04,0,0.013,0.087,0,0,,0,,,,0,,,,,40,40,0,2,3,0,3,3,1,0,1,9,10,11,1,0,2,0,1,0,6224,0.031,0.051,0.009
204,5.68,5.207,0.001,0.013,0.056,0,0,,0,,,,0,,,,,40,40,0,2,3,0,3,3,1,0,1,9,10,11,1,0,2,0,1,0,6224,0.031,0.101,0.014
205,7.493,6.923,0.001,0.015,0.073,0,0,,0,,,,0,,,,,40,40,0,2,3,0,3,3,1,0,1,9,10,11,1,0,2,0,1,0,6224,0.042,0.073,0.014
206,25.639,25.216,0,0.013,0.056,0,0,,0,,,,0,,,,,40,40,0,2,3,0,3,3,1,0,1,9,10,11,1,0,2,0,1,0,6224,0.046,0.06,0.01
207,18.947,18.57,0,0.01,0.063,0,0,,0,,,,0,,,,,40,40,0,2,3,0,3,3,1,0,1,9,10,11,1,0,2,0,1,0,6224,0.03,0.048,0.012
208,5.494,5.162,0,0.009,0.045,0,0,,0,,,,0,,,,,40,40,0,2,3,0,3,3,1,0,1,9,10,11,1,0,2,0,1,0,6224,0.026,0.045,0.011
209,22.783,22.312,0.001,0.015,0.053,0,0,,0,,,,0,,,,,40,40,0,2,3,0,3,3,1,0,1,9,10,11,1,0,2,0,1,0,6224,0.05,0.085,0.014
210,5.523,5.105,0.001,0.013,0.058,0,0,,1,78.125,230088704,286785536,1,70948032,70948032,167755776,38823561584,40,40,0,2,3,0,3,3,1,0,1,9,10,11,1,0,2,0,1,0,6224,0.037,0.064,0.011
211,5.452,4.901,0,0.013,0.121,0,0,,0,,,,0,,,,,40,40,0,2,3,0,3,3,1,0,1,9,10,11,1,0,2,0,1,0,6224,0.052,0.051,0.017
212,7.898,6.884,0.001,0.013,0.49,0,0,,0,,,,0,,,,,40,40,0,2,3,0,3,3,1,0,1,9,10,11,1,0,2,0,1,0,6224,0.124,0.062,0.009
213,13.24,12.835,0,0.011,0.061,0,0,,0,,,,0,,,,,40,40,0,2,3,0,3,3,1,0,1,9,10,11,1,0,2,0,1,0,6224,0.033,0.056,0.011
214,54.771,54.2,0.001,0.015,0.124,0,0,,0,,,,0,,,,,40,40,0,2,3,0,3,3,1,0,1,9,10,11,1,0,2,0,1,0,6224,0.041,0.068,0.012
215,5.751,5.272,0,0.013,0.089,0,0,,0,,,,0,,,,,40,40,0,2,3,0,3,3,1,0,1,9,10,11,1,0,2,0,1,0,6224,0.039,0.065,0.011
216,14.679,14.266,0,0.01,0.051,0,0,,0,,,,0,,,,,40,40,0,2,3,0,3,3,1,0,1,9,10,11,1,0,2,0,1,0,6224,0.025,0.071,0.012
217,8.966,8.409,0.001,0.016,0.088,0,0,,0,,,,0,,,,,40,40,0,2,3,0,3,3,1,0,1,9,10,11,1,0,2,0,1,0,6224,0.059,0.104,0.014
218,6.971,6.487,0,0.013,0.081,0,0,,0,,,,0,,,,,40,40,0,2,3,0,3,3,1,0,1,9,10,11,1,0,2,0,1,0,6224,0.039,0.068,0.014
219,8.225,7.796,0,0.01,0.063,0,0,,0,,,,0,,,,,40,40,0,2,3,0,3,3,1,0,1,9,10,11,1,0,2,0,1,0,6224,0.031,0.053,0.054
220,7.527,7.068,0.001,0.014,0.084,0,0,,0,,,,0,,,,,40,40,0,2,3,0,3,3,1,0,1,9,10,11,1,0,2,0,1,0,6224,0.039,0.071,0.012
221,30.033,29.567,0.001,0.014,0.073,0,0,,0,,,,0,,,,,40,40,0,2,3,0,3,3,1,0,1,9,10,11,1,0,2,0,1,0,6224,0.036,0.067,0.012
222,20.989,20.566,0.001,0.014,0.069,0,0,,0,,,,0,,,,,40,40,0,2,3,0,3,3,1,0,1,9,10,11,1,0,2,0,1,0,6224,0.036,0.053,0.011
223,8.273,7.862,0,0.012,0.063,0,0,,0,,,,0,,,,,40,40,0,2,3,0,3,3,1,0,1,9,10,11,1,0,2,0,1,0,6224,0.031,0.057,0.012
224,21.575,21.134,0.001,0.013,0.083,0,0,,0,,,,0,,,,,40,40,0,2,3,0,3,3,1,0,1,9,10,11,1,0,2,0,1,0,6224,0.036,0.057,0.011
225,4.866,4.422,0.001,0.013,0.075,0,0,,0,,,,0,,,,,40,40,0,2,3,0,3,3,1,0,1,9,10,11,1,0,2,0,1,0,6224,0.035,0.059,0.012
226,9.395,8.919,0.001,0.014,0.072,0,0,,0,,,,0,,,,,40,40,0,2,3,0,3,3,1,0,1,9,10,11,1,0,2,0,1,0,6224,0.042,0.072,0.011
227,18.539,18.026,0.001,0.015,0.107,0,0,,0,,,,0,,,,,40,40,0,2,3,0,3,3,1,0,1,9,10,11,1,0,2,0,1,0,6224,0.038,0.065,0.013
228,6.563,6.027,0,0.015,0.128,0,0,,0,,,,0,,,,,40,40,0,2,3,0,3,3,1,0,1,9,10,11,1,0,2,0,1,0,6224,0.038,0.068,0.012
229,11.137,10.508,0,0.011,0.221,0,0,,0,,,,0,,,,,40,40,0,2,3,0,3,3,1,0,1,9,10,11,1,0,2,0,1,0,6224,0.03,0.049,0.012
230,26.564,26.138,0,0.013,0.083,0,0,,0,,,,0,,,,,40,40,0,2,3,0,3,3,1,0,1,9,10,11,1,0,2,0,1,0,6224,0.029,0.049,0.012
231,27.841,27.393,0,0.013,0.073,0,0,,0,,,,0,,,,,40,40,0,2,3,0,3,3,1,0,1,9,10,11,1,0,2,0,1,0,6224,0.036,0.064,0.011
232,15.508,15.08,0.001,0.014,0.053,0,0,,0,,,,0,,,,,40,40,0,2,3,0,3,3,1,0,1,9,10,11,1,0,2,0,1,0,6224,0.046,0.059,0.009
233,9.197,8.764,0,0.011,0.053,0,0,,0,,,,0,,,,,40,40,0,2,3,0,3,3,1,0,1,9,10,11,1,0,2,0,1,0,6224,0.066,0.066,0.012
234,8.513,8.176,0,0.01,0.054,0,0,,0,,,,0,,,,,40,40,0,2,3,0,3,3,1,0,1,9,10,11,1,0,2,0,1,0,6224,0.025,0.041,0.009
235,8.238,7.878,0.001,0.01,0.058,0,0,,0,,,,0,,,,,40,40,0,2,3,0,3,3,1,0,1,9,10,11,1,0,2,0,1,0,6224,0.026,0.064,0.011
236,7.687,7.25,0,0.012,0.062,0,0,,0,,,,0,,,,,40,40,0,2,3,0,3,3,1,0,1,9,10,11,1,0,2,0,1,0,6224,0.035,0.062,0.011
237,8.811,8.458,0,0.01,0.068,0,0,,0,,,,0,,,,,40,40,0,2,3,0,3,3,1,0,1,9,10,11,1,0,2,0,1,0,6224,0.029,0.05,0.009
238,7.957,7.638,0,0.009,0.043,0,0,,0,,,,0,,,,,40,40,0,2,3,0,3,3,1,0,1,9,10,11,1,0,2,0,1,0,6224,0.025,0.04,0.011
239,11.119,10.79,0,0.011,0.061,0,0,,0,,,,0,,,,,40,40,0,2,3,0,3,3,1,0,1,9,10,11,1,0,2,0,1,0,6224,0.025,0.045,0.008
240,6.702,6.278,0.001,0.013,0.069,0,0,,1,93.75,230096896,286785536,1,70948032,70948032,167755776,38823561584,40,40,0,2,3,0,3,3,1,0,1,9,10,11,1,0,2,0,1,0,6224,0.034,0.06,0.012
241,10.55,10.065,0.001,0.013,0.146,0,0,,0,,,,0,,,,,40,40,0,2,3,0,3,3,1,0,1,9,10,11,1,0,2,0,1,0,6224,0.03,0.048,0.011
242,18.784,18.303,0.001,0.013,0.089,0,0,,0,,,,0,,,,,40,40,0,2,3,0,3,3,1,0,1,9,10,11,1,0,2,0,1,0,6224,0.035,0.065,0.022
243,30.839,30.341,0.001,0.015,0.061,0,0,,0,,,,0,,,,,40,40,0,2,3,0,3,3,1,0,1,9,10,11,1,0,2,0,1,0,6224,0.046,0.073,0.012
244,18.214,17.754,0.001,0.012,0.084,0,0,,0,,,,0,,,,,40,40,0,2,3,0,3,3,1,0,1,9,10,11,1,0,2,0,1,0,6224,0.035,0.064,0.013
245,8.104,7.748,0.001,0.01,0.064,0,0,,0,,,,0,,,,,40,40,0,2,3,0,3,3,1,0,1,9,10,11,1,0,2,0,1,0,6224,0.026,0.044,0.009
246,6.946,6.585,0.001,0.009,0.072,0,0,,0,,,,0,,,,,40,40,0,2,3,0,3,3,1,0,1,9,10,11,1,0,2,0,1,0,6224,0.022,0.059,0.01
247,6.239,5.855,0.001,0.011,0.074,0,0,,0,,,,0,,,,,40,40,0,2,3,0,3,3,1,0,1,9,10,11,1,0,2,0,1,0,6224,0.029,0.05,0.011
248,10.981,10.568,0,0.01,0.048,0,0,,0,,,,0,,,,,40,40,0,2,3,0,3,3,1,0,1,9,10,11,1,0,2,0,1,0,6224,0.023,0.073,0.012
249,9.349,8.971,0.001,0.011,0.067,0,0,,0,,,,0,,,,,40,40,0,2,3,0,3,3,1,0,1,9,10,11,1,0,2,0,1,0,6224,0.03,0.053,0.01
250,22.04,21.661,0.001,0.011,0.066,0,0,,0,,,,0,,,,,40,40,0,2,3,0,3,3,1,0,1,9,10,11,1,0,2,0,1,0,6224,0.027,0.048,0.011
251,6.607,6.198,0.001,0.011,0.076,0,0,,0,,,,0,,,,,40,40,0,2,3,0,3,3,1,0,1,9,10,11,1,0,2,0,1,0,6224,0.03,0.052,0.01
252,9.205,8.849,0.001,0.011,0.055,0,0,,0,,,,0,,,,,40,40,0,2,3,0,3,3,1,0,1,9,10,11,1,0,2,0,1,0,6224,0.027,0.046,0.011
253,7.796,7.416,0.001,0.01,0.055,0,0,,0,,,,0,,,,,40,40,0,2,3,0,3,3,1,0,1,9,10,11,1,0,2,0,1,0,6224,0.032,0.051,0.011
254,11.369,10.995,0.001,0.009,0.047,0,0,,0,,,,0,,,,,40,40,0,2,3,0,3,3,1,0,1,9,10,11,1,0,2,0,1,0,6224,0.048,0.08,0.01
255,8.988,8.647,0,0.013,0.04,0,0,,0,,,,0,,,,,40,40,0,2,3,0,3,3,1,0,1,9,10,11,1,0,2,0,1,0,6224,0.042,0.035,0.008
256,20.158,19.728,0.001,0.014,0.081,0,0,,0,,,,0,,,,,40,40,0,2,3,0,3,3,1,0,1,9,10,11,1,0,2,0,1,0,6224,0.038,0.05,0.01
257,8.533,8.17,0.001,0.011,0.055,0,0,,0,,,,0,,,,,40,40,0,2,3,0,3,3,1,0,1,9,10,11,1,0,2,0,1,0,6224,0.026,0.046,0.011
258,5.37,5.146,0.001,0.007,0.038,0,0,,0,,,,0,,,,,40,40,0,2,3,0,3,3,1,0,1,9,10,11,1,0,2,0,1,0,6224,0.019,0.035,0.006
259,5.288,5.018,0,0.009,0.046,0,0,,0,,,,0,,,,,40,40,0,2,3,0,3,3,1,0,1,9,10,11,1,0,2,0,1,0,6224,0.024,0.042,0.007
260,3.557,3.22,0,0.01,0.056,0,0,,0,,,,0,,,,,40,40,0,2,3,0,3,3,1,0,1,9,10,11,1,0,2,0,1,0,6224,0.031,0.062,0.009
261,8.928,8.485,0.001,0.013,0.067,0,0,,0,,,,0,,,,,40,40,0,2,3,0,3,3,1,0,1,9,10,11,1,0,2,0,1,0,6224,0.046,0.082,0.01
262,3.467,3.254,0.001,0.004,0.048,0,0,,0,,,,0,,,,,40,40,0,2,3,0,3,3,1,0,1,9,10,11,1,0,2,0,1,0,6224,0.022,0.039,0.004
263,2.476,2.166,0,0.006,0.064,0,0,,0,,,,0,,,,,40,40,0,2,3,0,3,3,1,0,1,9,10,11,1,0,2,0,1,0,6224,0.034,0.057,0.005
264,3.273,2.831,0,0.01,0.082,0,0,,0,,,,0,,,,,40,40,0,2,3,0,3,3,1,0,1,9,10,11,1,0,2,0,1,0,6224,0.048,0.085,0.008
265,2.879,2.676,0,0.005,0.04,0,0,,0,,,,0,,,,,40,40,0,2,3,0,3,3,1,0,1,9,10,11,1,0,2,0,1,0,6224,0.021,0.037,0.004
266,4.237,4.002,0,0.005,0.051,0,0,,0,,,,0,,,,,40,40,0,2,3,0,3,3,1,0,1,9,10,11,1,0,2,0,1,0,6224,0.023,0.045,0.004
267,2.488,2.262,0,0.005,0.039,0,0,,0,,,,0,,,,,40,40,0,2,3,0,3,3,1,0,1,9,10,11,1,0,2,0,1,0,6224,0.022,0.04,0.004
268,3.718,3.423,0,0.006,0.061,0,0,,0,,,,0,,,,,40,40,0,2,3,0,3,3,1,0,1,9,10,11,1,0,2,0,1,0,6224,0.031,0.054,0.006
269,3.357,3.004,0.001,0.009,0.058,0,0,,0,,,,0,,,,,40,40,0,2,3,0,3,3,1,0,1,9,10,11,1,0,2,0,1,0,6224,0.036,0.064,0.008
270,4.161,3.826,0.001,0.014,0.047,0,0,,1,156.25,230113280,286785536,1,70948032,70948032,167755776,38823561584,40,40,0,2,3,0,3,3,1,0,1,9,10,11,1,0,2,0,1,0,6224,0.026,0.044,0.009
271,4.024,3.689,0,0.007,0.07,0,0,,0,,,,0,,,,,40,40,0,2,3,0,3,3,1,0,1,9,10,11,1,0,2,0,1,0,6224,0.035,0.06,0.006
272,2.918,2.553,0,0.01,0.071,0,0,,0,,,,0,,,,,40,40,0,2,3,0,3,3,1,0,1,9,10,11,1,0,2,0,1,0,6224,0.038,0.059,0.005
273,2.371,2.011,0,0.009,0.069,0,0,,0,,,,0,,,,,40,40,0,2,3,0,3,3,1,0,1,9,10,11,1,0,2,0,1,0,6224,0.039,0.069,0.007
274,2.261,2.006,0.001,0.006,0.053,0,0,,0,,,,0,,,,,40,40,0,2,3,0,3,3,1,0,1,9,10,11,1,0,2,0,1,0,6224,0.024,0.044,0.006
275,2.285,1.983,0,0.007,0.055,0,0,,0,,,,0,,,,,40,40,0,2,3,0,3,3,1,0,1,9,10,11,1,0,2,0,1,0,6224,0.027,0.049,0.01
276,3.656,3.415,0,0.006,0.052,0,0,,0,,,,0,,,,,40,40,0,2,3,0,3,3,1,0,1,9,10,11,1,0,2,0,1,0,6224,0.023,0.042,0.005
277,2.408,2.097,0.001,0.007,0.047,0,0,,0,,,,0,,,,,40,40,0,2,3,0,3,3,1,0,1,9,10,11,1,0,2,0,1,0,6224,0.032,0.05,0.006
278,2.058,1.739,0,0.007,0.039,0,0,,0,,,,0,,,,,40,40,0,2,3,0,3,3,1,0,1,9,10,11,1,0,2,0,1,0,6224,0.04,0.067,0.007
279,6.663,6.33,0,0.01,0.037,0,0,,0,,,,0,,,,,40,40,0,2,3,0,3,3,1,0,1,9,10,11,1,0,2,0,1,0,6224,0.042,0.049,0.008
280,4.346,4.091,0.001,0.007,0.027,0,0,,0,,,,0,,,,,40,40,0,2,3,0,3,3,1,0,1,9,10,11,1,0,2,0,1,0,6224,0.04,0.052,0.005
281,3.786,3.456,0,0.007,0.028,0,0,,0,,,,0,,,,,40,40,0,2,3,0,3,3,1,0,1,9,10,11,1,0,2,0,1,0,6224,0.046,0.081,0.006
282,5.566,5.227,0,0.007,0.053,0,0,,0,,,,0,,,,,40,40,0,2,3,0,3,3,1,0,1,9,10,11,1,0,2,0,1,0,6224,0.024,0.061,0.008
283,5.099,4.644,0,0.012,0.045,0,0,,0,,,,0,,,,,40,40,0,2,3,0,3,3,1,0,1,9,10,11,1,0,2,0,1,0,6224,0.056,0.091,0.012
284,4.046,3.71,0.001,0.013,0.047,0,0,,0,,,,0,,,,,40,40,0,2,3,0,3,3,1,0,1,9,10,11,1,0,2,0,1,0,6224,0.026,0.04,0.008
285,4.292,4.077,0,0.006,0.045,0,0,,0,,,,0,,,,,40,40,0,2,3,0,3,3,1,0,1,9,10,11,1,0,2,0,1,0,6224,0.022,0.038,0.005
286,2.26,1.75,0,0.01,0.076,0,0,,0,,,,0,,,,,40,40,0,2,3,0,3,3,1,0,1,9,10,11,1,0,2,0,1,0,6224,0.039,0.069,0.006
287,2.26,1.943,0.001,0.007,0.06,0,0,,0,,,,0,,,,,40,40,0,2,3,0,3,3,1,0,1,9,10,11,1,0,2,0,1,0,6224,0.031,0.055,0.006
288,2.636,2.243,0,0.009,0.089,0,0,,0,,,,0,,,,,40,40,0,2,3,0,3,3,1,0,1,9,10,11,1,0,2,0,1,0,6224,0.036,0.061,0.007
289,2.585,2.202,0.001,0.01,0.032,0,0,,0,,,,0,,,,,40,40,0,2,3,0,3,3,1,0,1,9,10,11,1,0,2,0,1,0,6224,0.024,0.041,0.005
290,4.057,3.729,0.001,0.006,0.066,0,0,,0,,,,0,,,,,40,40,0,2,3,0,3,3,1,0,1,9,10,11,1,0,2,0,1,0,6224,0.033,0.055,0.007
291,3.991,3.678,0,0.008,0.063,0,0,,0,,,,0,,,,,40,40,0,2,3,0,3,3,1,0,1,9,10,11,1,0,2,0,1,0,6224,0.031,0.055,0.005
292,5.281,4.869,0,0.012,0.045,0,0,,0,,,,0,,,,,40,40,0,2,3,0,3,3,1,0,1,9,10,11,1,0,2,0,1,0,6224,0.07,0.043,0.011
293,5.232,4.912,0.001,0.011,0.049,0,0,,0,,,,0,,,,,40,40,0,2,3,0,3,3,1,0,1,9,10,11,1,0,2,0,1,0,6224,0.034,0.048,0.007
294,8.066,7.76,0,0.007,0.044,0,0,,0,,,,0,,,,,40,40,0,2,3,0,3,3,1,0,1,9,10,11,1,0,2,0,1,0,6224,0.026,0.043,0.009
295,2.515,2.076,0.001,0.006,0.062,0,0,,0,,,,0,,,,,40,40,0,2,3,0,3,3,1,0,1,9,10,11,1,0,2,0,1,0,6224,0.027,0.045,0.008
296,2.604,2.382,0,0.006,0.029,0,0,,0,,,,0,,,,,40,40,0,2,3,0,3,3,1,0,1,9,10,11,1,0,2,0,1,0,6224,0.022,0.036,0.006
297,2.346,1.974,0,0.015,0.05,0,0,,0,,,,0,,,,,40,40,0,2,3,0,3,3,1,0,1,9,10,11,1,0,2,0,1,0,6224,0.048,0.075,0.005
298,4.856,4.586,0,0.006,0.065,0,0,,0,,,,0,,,,,40,40,0,2,3,0,3,3,1,0,1,9,10,11,1,0,2,0,1,0,6224,0.026,0.046,0.005
299,2.651,2.307,0,0.008,0.058,0,0,,0,,,,0,,,,,40,40,0,2,3,0,3,3,1,0,1,9,10,11,1,0,2,0,1,0,6224,0.038,0.068,0.006
300,2.348,1.99,0,0.01,0.027,0,0,,1,156.25,230121472,286785536,1,70948032,70948032,167755776,38823561584,40,40,0,2,3,0,3,3,1,0,1,9,10,11,1,0,2,0,1,0,6224,0.042,0.097,0.007
301,2.268,1.959,0,0.008,0.04,0,0,,0,,,,0,,,,,40,40,0,2,3,0,3,3,1,0,1,9,10,11,1,0,2,0,1,0,6224,0.039,0.072,0.007
302,4.562,4.227,0,0.009,0.05,0,0,,0,,,,0,,,,,40,40,0,2,3,0,3,3,1,0,1,9,10,11,1,0,2,0,1,0,6224,0.038,0.068,0.006
303,4.029,3.662,0,0.009,0.055,0,0,,0,,,,0,,,,,40,40,0,2,3,0,3,3,1,0,1,9,10,11,1,0,2,0,1,0,6224,0.044,0.081,0.007
304,3.733,3.438,0,0.007,0.045,0,0,,0,,,,0,,,,,40,40,0,2,3,0,3,3,1,0,1,9,10,11,1,0,2,0,1,0,6224,0.03,0.044,0.007
305,2.402,2.058,0,0.012,0.046,0,0,,0,,,,0,,,,,40,40,0,2,3,0,3,3,1,0,1,9,10,11,1,0,2,0,1,0,6224,0.039,0.063,0.008
306,2.542,2.135,0,0.012,0.053,0,0,,0,,,,0,,,,,40,40,0,2,3,0,3,3,1,0,1,9,10,11,1,0,2,0,1,0,6224,0.04,0.072,0.012
307,3.584,3.312,0.001,0.007,0.044,0,0,,0,,,,0,,,,,40,40,0,2,3,0,3,3,1,0,1,9,10,11,1,0,2,0,1,0,6224,0.035,0.066,0.005
308,2.388,2.084,0.001,0.007,0.049,0,0,,0,,,,0,,,,,40,40,0,2,3,0,3,3,1,0,1,9,10,11,1,0,2,0,1,0,6224,0.037,0.066,0.006
309,2.379,2.121,0,0.007,0.031,0,0,,0,,,,0,,,,,40,40,0,2,3,0,3,3,1,0,1,9,10,11,1,0,2,0,1,0,6224,0.035,0.065,0.004
310,3.503,3.12,0,0.014,0.035,0,0,,0,,,,0,,,,,40,40,0,2,3,0,3,3,1,0,1,9,10,11,1,0,2,0,1,0,6224,0.022,0.036,0.009
311,2.199,1.981,0,0.005,0.024,0,0,,0,,,,0,,,,,40,40,0,2,3,0,3,3,1,0,1,9,10,11,1,0,2,0,1,0,6224,0.021,0.035,0.005
312,2.45,2.157,0,0.006,0.04,0,0,,0,,,,0,,,,,40,40,0,2,3,0,3,3,1,0,1,9,10,11,1,0,2,0,1,0,6224,0.03,0.05,0.005
313,2.884,2.606,0.001,0.007,0.035,0,0,,0,,,,0,,,,,40,40,0,2,3,0,3,3,1,0,1,9,10,11,1,0,2,0,1,0,6224,0.031,0.05,0.005
314,2.813,2.129,0,0.007,0.067,0,0,,0,,,,0,,,,,40,40,0,2,3,0,3,3,1,0,1,9,10,11,1,0,2,0,1,0,6224,0.041,0.376,0.01
315,4.212,3.94,0,0.007,0.046,0,0,,0,,,,0,,,,,40,40,0,2,3,0,3,3,1,0,1,9,10,11,1,0,2,0,1,0,6224,0.024,0.039,0.006
316,5.916,5.461,0,0.009,0.179,0,0,,0,,,,0,,,,,40,40,0,2,3,0,3,3,1,0,1,9,10,11,1,0,2,0,1,0,6224,0.024,0.04,0.01
317,6.02,5.637,0,0.012,0.027,0,0,,0,,,,0,,,,,40,40,0,2,3,0,3,3,1,0,1,9,10,11,1,0,2,0,1,0,6224,0.055,0.067,0.007
318,3.945,3.601,0,0.011,0.043,0,0,,0,,,,0,,,,,40,40,0,2,3,0,3,3,1,0,1,9,10,11,1,0,2,0,1,0,6224,0.05,0.072,0.006
319,2.72,2.274,0,0.01,0.09,0,0,,0,,,,0,,,,,40,40,0,2,3,0,3,3,1,0,1,9,10,11,1,0,2,0,1,0,6224,0.045,0.081,0.008
320,2.315,1.949,0,0.008,0.042,0,0,,0,,,,0,,,,,40,40,0,2,3,0,3,3,1,0,1,9,10,11,1,0,2,0,1,0,6224,0.025,0.04,0.01
321,3.379,2.858,0.001,0.014,0.085,0,0,,0,,,,0,,,,,40,40,0,2,3,0,3,3,1,0,1,9,10,11,1,0,2,0,1,0,6224,0.048,0.084,0.013
322,5.483,5.06,0,0.009,0.049,0,0,,0,,,,0,,,,,40,40,0,2,3,0,3,3,1,0,1,9,10,11,1,0,2,0,1,0,6224,0.04,0.07,0.011
323,3.736,3.378,0,0.011,0.049,0,0,,0,,,,0,,,,,40,40,0,2,3,0,3,3,1,0,1,9,10,11,1,0,2,0,1,0,6224,0.048,0.042,0.008
324,4.463,4.182,0,0.007,0.032,0,0,,0,,,,0,,,,,40,40,0,2,3,0,3,3,1,0,1,9,10,11,1,0,2,0,1,0,6224,0.018,0.03,0.008
325,6.015,5.593,0,0.009,0.04,0,0,,0,,,,0,,,,,40,40,0,2,3,0,3,3,1,0,1,9,10,11,1,0,2,0,1,0,6224,0.049,0.083,0.01
326,5.65,5.291,0.001,0.008,0.093,0,0,,0,,,,0,,,,,40,40,0,2,3,0,3,3,1,0,1,9,10,11,1,0,2,0,1,0,6224,0.029,0.05,0.008
327,3.259,2.949,0.001,0.006,0.041,0,0,,0,,,,0,,,,,40,40,0,2,3,0,3,3,1,0,1,9,10,11,1,0,2,0,1,0,6224,0.024,0.068,0.008
328,4.366,3.982,0,0.009,0.041,0,0,,0,,,,0,,,,,40,40,0,2,3,0,3,3,1,0,1,9,10,11,1,0,2,0,1,0,6224,0.044,0.073,0.012
329,11.741,11.33,0.001,0.013,0.078,0,0,,0,,,,0,,,,,40,40,0,2,3,0,3,3,1,0,1,9,10,11,1,0,2,0,1,0,6224,0.035,0.061,0.011
330,2.973,2.701,0.001,0.007,0.045,0,0,,1,171.875,230129664,286785536,1,70948032,70948032,167755776,38823561584,40,40,0,2,3,0,3,3,1,0,1,9,10,11,1,0,2,0,1,0,6224,0.025,0.044,0.006
331,3.104,2.906,0,0.005,0.04,0,0,,0,,,,0,,,,,40,40,0,2,3,0,3,3,1,0,1,9,10,11,1,0,2,0,1,0,6224,0.019,0.035,0.005
332,4.949,4.685,0.001,0.003,0.042,0,0,,0,,,,0,,,,,40,40,0,2,3,0,3,3,1,0,1,9,10,11,1,0,2,0,1,0,6224,0.024,0.041,0.035
333,4.812,4.514,0.001,0.008,0.063,0,0,,0,,,,0,,,,,40,40,0,2,3,0,3,3,1,0,1,9,10,11,1,0,2,0,1,0,6224,0.033,0.046,0.006
334,2.978,2.693,0,0.007,0.035,0,0,,0,,,,0,,,,,40,40,0,2,3,0,3,3,1,0,1,9,10,11,1,0,2,0,1,0,6224,0.027,0.045,0.006
335,3.427,3.119,0,0.014,0.043,0,0,,0,,,,0,,,,,40,40,0,2,3,0,3,3,1,0,1,9,10,11,1,0,2,0,1,0,6224,0.029,0.042,0.007
336,3.738,3.518,0,0.005,0.047,0,0,,0,,,,0,,,,,40,40,0,2,3,0,3,3,1,0,1,9,10,11,1,0,2,0,1,0,6224,0.023,0.041,0.004
337,2.96,2.744,0,0.004,0.057,0,0,,0,,,,0,,,,,40,40,0,2,3,0,3,3,1,0,1,9,10,11,1,0,2,0,1,0,6224,0.02,0.036,0.003
338,2.936,2.677,0.001,0.004,0.087,0,0,,0,,,,0,,,,,40,40,0,2,3,0,3,3,1,0,1,9,10,11,1,0,2,0,1,0,6224,0.022,0.039,0.004
339,3.874,3.513,0.001,0.011,0.058,0,0,,0,,,,0,,,,,40,40,0,2,3,0,3,3,1,0,1,9,10,11,1,0,2,0,1,0,6224,0.03,0.051,0.009
340,2.873,2.563,0.001,0.01,0.057,0,0,,0,,,,0,,,,,40,40,0,2,3,0,3,3,1,0,1,9,10,11,1,0,2,0,1,0,6224,0.029,0.048,0.005
341,3.647,3.254,0,0.007,0.066,0,0,,0,,,,0,,,,,40,40,0,2,3,0,3,3,1,0,1,9,10,11,1,0,2,0,1,0,6224,0.032,0.053,0.007
342,2.757,2.422,0,0.006,0.05,0,0,,0,,,,0,,,,,40,40,0,2,3,0,3,3,1,0,1,9,10,11,1,0,2,0,1,0,6224,0.036,0.062,0.005
343,3.894,3.521,0.001,0.01,0.061,0,0,,0,,,,0,,,,,40,40,0,2,3,0,3,3,1,0,1,9,10,11,1,0,2,0,1,0,6224,0.036,0.062,0.008
344,2.818,2.509,0,0.008,0.044,0,0,,0,,,,0,,,,,40,40,0,2,3,0,3,3,1,0,1,9,10,11,1,0,2,0,1,0,6224,0.025,0.041,0.01
345,2.682,2.507,0,0.005,0.022,0,0,,0,,,,0,,,,,40,40,0,2,3,0,3,3,1,0,1,9,10,11,1,0,2,0,1,0,6224,0.021,0.037,0.005
346,5.217,4.764,0,0.012,0.069,0,0,,0,,,,0,,,,,40,40,0,2,3,0,3,3,1,0,1,9,10,11,1,0,2,0,1,0,6224,0.047,0.069,0.011
347,2.736,2.407,0.001,0.009,0.046,0,0,,0,,,,0,,,,,40,40,0,2,3,0,3,3,1,0,1,9,10,11,1,0,2,0,1,0,6224,0.03,0.052,0.011
348,25.369,25.003,0.001,0.011,0.057,0,0,,0,,,,0,,,,,40,40,0,2,3,0,3,3,1,0,1,9,10,11,1,0,2,0,1,0,6224,0.027,0.046,0.01
349,9.891,9.556,0.001,0.01,0.057,0,0,,0,,,,0,,,,,40,40,0,2,3,0,3,3,1,0,1,9,10,11,1,0,2,0,1,0,6224,0.026,0.045,0.008
350,3.334,2.747,0,0.015,0.099,0,0,,0,,,,0,,,,,40,40,0,2,3,0,3,3,1,0,1,9,10,11,1,0,2,0,1,0,6224,0.058,0.107,0.013
351,2.235,1.905,0,0.006,0.057,0,0,,0,,,,0,,,,,40,40,0,2,3,0,3,3,1,0,1,9,10,11,1,0,2,0,1,0,6224,0.028,0.056,0.006
352,5.347,4.733,0.001,0.012,0.117,0,0,,0,,,,0,,,,,40,40,0,2,3,0,3,3,1,0,1,9,10,11,1,0,2,0,1,0,6224,0.095,0.107,0.01
353,2.429,2.204,0.001,0.004,0.051,0,0,,0,,,,0,,,,,40,40,0,2,3,0,3,3,1,0,1,9,10,11,1,0,2,0,1,0,6224,0.021,0.038,0.004
354,3.23,2.986,0.001,0.007,0.047,0,0,,0,,,,0,,,,,40,40,0,2,3,0,3,3,1,0,1,9,10,11,1,0,2,0,1,0,6224,0.023,0.042,0.006
355,3.33,2.843,0,0.013,0.088,0,0,,0,,,,0,,,,,40,40,0,2,3,0,3,3,1,0,1,9,10,11,1,0,2,0,1,0,6224,0.049,0.088,0.011
356,2.923,2.507,0.001,0.007,0.209,0,0,,0,,,,0,,,,,40,40,0,2,3,0,3,3,1,0,1,9,10,11,1,0,2,0,1,0,6224,0.022,0.04,0.006
357,6.379,6.015,0.001,0.011,0.073,0,0,,0,,,,0,,,,,40,40,0,2,3,0,3,3,1,0,1,9,10,11,1,0,2,0,1,0,6224,0.025,0.045,0.011
358,5.457,5.09,0.001,0.011,0.067,0,0,,0,,,,0,,,,,40,40,0,2,3,0,3,3,1,0,1,9,10,11,1,0,2,0,1,0,6224,0.027,0.05,0.01
359,4.321,3.935,0.001,0.012,0.054,0,0,,0,,,,0,,,,,40,40,0,2,3,0,3,3,1,0,1,9,10,11,1,0,2,0,1,0,6224,0.035,0.058,0.009
360,6.648,6.397,0,0.007,0.049,0,0,,1,203.125,230199296,286785536,1,70948032,70948032,167755776,38823561584,40,40,0,2,3,0,3,3,1,0,1,9,10,11,1,0,2,0,1,0,6224,0.022,0.039,0.006
361,5.698,5.359,0,0.01,0.062,0,0,,0,,,,0,,,,,40,40,0,2,3,0,3,3,1,0,1,9,10,11,1,0,2,0,1,0,6224,0.026,0.05,0.009
362,2.207,1.932,0.001,0.006,0.048,0,0,,0,,,,0,,,,,40,40,0,2,3,0,3,3,1,0,1,9,10,11,1,0,2,0,1,0,6224,0.03,0.05,0.006
363,2.315,2.044,0,0.004,0.041,0,0,,0,,,,0,,,,,40,40,0,2,3,0,3,3,1,0,1,9,10,11,1,0,2,0,1,0,6224,0.025,0.039,0.009
364,3.41,3.024,0.001,0.019,0.056,0,0,,0,,,,0,,,,,40,40,0,2,3,0,3,3,1,0,1,9,10,11,1,0,2,0,1,0,6224,0.032,0.048,0.011
365,2.064,1.802,0.001,0.006,0.044,0,0,,0,,,,0,,,,,40,40,0,2,3,0,3,3,1,0,1,9,10,11,1,0,2,0,1,0,6224,0.036,0.06,0.004
366,2.183,1.933,0,0.006,0.039,0,0,,0,,,,0,,,,,40,40,0,2,3,0,3,3,1,0,1,9,10,11,1,0,2,0,1,0,6224,0.034,0.061,0.003
367,3.075,2.789,0,0.008,0.058,0,0,,0,,,,0,,,,,40,40,0,2,3,0,3,3,1,0,1,9,10,11,1,0,2,0,1,0,6224,0.032,0.058,0.006
368,3.07,1.957,0.001,0.01,0.432,0,0,,0,,,,0,,,,,40,40,0,2,3,0,3,3,1,0,1,9,10,11,1,0,2,0,1,0,6224,0.055,0.287,0.014
369,9.124,8.78,0.001,0.01,0.041,0,0,,0,,,,0,,,,,40,40,0,2,3,0,3,3,1,0,1,9,10,11,1,0,2,0,1,0,6224,0.037,0.06,0.01
370,3.509,3.22,0.001,0.007,0.043,0,0,,0,,,,0,,,,,40,40,0,2,3,0,3,3,1,0,1,9,10,11,1,0,2,0,1,0,6224,0.037,0.066,0.006
371,4.849,4.513,0.001,0.01,0.053,0,0,,0,,,,0,,,,,40,40,0,2,3,0,3,3,1,0,1,9,10,11,1,0,2,0,1,0,6224,0.028,0.046,0.009
372,6.584,6.325,0,0.006,0.05,0,0,,0,,,,0,,,,,40,40,0,2,3,0,3,3,1,0,1,9,10,11,1,0,2,0,1,0,6224,0.038,0.038,0.006
373,3.609,3.393,0,0.005,0.042,0,0,,0,,,,0,,,,,40,40,0,2,3,0,3,3,1,0,1,9,10,11,1,0,2,0,1,0,6224,0.021,0.038,0.005
374,3.199,2.965,0,0.004,0.028,0,0,,0,,,,0,,,,,40,40,0,2,3,0,3,3,1,0,1,9,10,11,1,0,2,0,1,0,6224,0.024,0.06,0.004
375,2.997,2.69,0,0.01,0.038,0,0,,0,,,,0,,,,,40,40,0,2,3,0,3,3,1,0,1,9,10,11,1,0,2,0,1,0,6224,0.037,0.053,0.006
376,3.278,2.981,0,0.006,0.055,0,0,,0,,,,0,,,,,40,40,0,2,3,0,3,3,1,0,1,9,10,11,1,0,2,0,1,0,6224,0.026,0.043,0.007
377,4.496,4.183,0,0.008,0.078,0,0,,0,,,,0,,,,,40,40,0,2,3,0,3,3,1,0,1,9,10,11,1,0,2,0,1,0,6224,0.025,0.044,0.007
378,6.885,6.401,0.001,0.014,0.075,0,0,,0,,,,0,,,,,40,40,0,2,3,0,3,3,1,0,1,9,10,11,1,0,2,0,1,0,6224,0.042,0.074,0.013
379,6.765,6.516,0,0.008,0.033,0,0,,0,,,,0,,,,,40,40,0,2,3,0,3,3,1,0,1,9,10,11,1,0,2,0,1,0,6224,0.024,0.031,0.004
380,4.194,3.758,0,0.016,0.079,0,0,,0,,,,0,,,,,40,40,0,2,3,0,3,3,1,0,1,9,10,11,1,0,2,0,1,0,6224,0.039,0.064,0.009
381,3.212,2.856,0,0.007,0.083,0,0,,0,,,,0,,,,,40,40,0,2,3,0,3,3,1,0,1,9,10,11,1,0,2,0,1,0,6224,0.036,0.063,0.006
382,2.251,1.761,0,0.007,0.057,0,0,,0,,,,0,,,,,40,40,0,2,3,0,3,3,1,0,1,9,10,11,1,0,2,0,1,0,6224,0.025,0.181,0.007
383,2.223,1.845,0.001,0.009,0.057,0,0,,0,,,,0,,,,,40,40,0,2,3,0,3,3,1,0,1,9,10,11,1,0,2,0,1,0,6224,0.049,0.051,0.007
384,3.17,2.854,0,0.008,0.053,0,0,,0,,,,0,,,,,40,40,0,2,3,0,3,3,1,0,1,9,10,11,1,0,2,0,1,0,6224,0.028,0.044,0.008
385,2.441,2.021,0.001,0.011,0.043,0,0,,0,,,,0,,,,,40,40,0,2,3,0,3,3,1,0,1,9,10,11,1,0,2,0,1,0,6224,0.055,0.095,0.01
386,2.215,1.922,0,0.006,0.048,0,0,,0,,,,0,,,,,40,40,0,2,3,0,3,3,1,0,1,9,10,11,1,0,2,0,1,0,6224,0.028,0.048,0.005
387,2.429,2.082,0.001,0.008,0.052,0,0,,0,,,,0,,,,,40,40,0,2,3,0,3,3,1,0,1,9,10,11,1,0,2,0,1,0,6224,0.036,0.061,0.007
388,3.285,2.476,0,0.006,0.082,0,0,,0,,,,0,,,,,40,40,0,2,3,0,3,3,1,0,1,9,10,11,1,0,2,0,1,0,6224,0.031,0.407,0.014
389,1.934,1.598,0,0.008,0.039,0,0,,0,,,,0,,,,,40,40,0,2,3,0,3,3,1,0,1,9,10,11,1,0,2,0,1,0,6224,0.037,0.058,0.008
390,2.272,2.014,0,0.006,0.034,0,0,,1,250,230199296,286785536,1,70948032,70948032,167755776,38823561584,40,40,0,2,3,0,3,3,1,0,1,9,10,11,1,0,2,0,1,0,6224,0.033,0.056,0.005
391,23.22,22.829,0.001,0.011,0.063,0,0,,0,,,,0,,,,,40,40,0,2,3,0,3,3,1,0,1,9,10,11,1,0,2,0,1,0,6224,0.026,0.045,0.01
392,7.677,7.288,0,0.012,0.064,0,0,,0,,,,0,,,,,40,40,0,2,3,0,3,3,1,0,1,9,10,11,1,0,2,0,1,0,6224,0.029,0.053,0.012
393,5.371,5.011,0,0.009,0.033,0,0,,0,,,,0,,,,,40,40,0,2,3,0,3,3,1,0,1,9,10,11,1,0,2,0,1,0,6224,0.052,0.059,0.006
394,6.132,5.899,0,0.006,0.035,0,0,,0,,,,0,,,,,40,40,0,2,3,0,3,3,1,0,1,9,10,11,1,0,2,0,1,0,6224,0.027,0.045,0.005
395,4.755,4.402,0,0.009,0.063,0,0,,0,,,,0,,,,,40,40,0,2,3,0,3,3,1,0,1,9,10,11,1,0,2,0,1,0,6224,0.034,0.059,0.008
396,3.185,2.941,0,0.006,0.045,0,0,,0,,,,0,,,,,40,40,0,2,3,0,3,3,1,0,1,9,10,11,1,0,2,0,1,0,6224,0.026,0.045,0.004
397,3.962,3.77,0,0.005,0.037,0,0,,0,,,,0,,,,,40,40,0,2,3,0,3,3,1,0,1,9,10,11,1,0,2,0,1,0,6224,0.021,0.036,0.004
398,2.934,2.743,0,0.004,0.036,0,0,,0,,,,0,,,,,40,40,0,2,3,0,3,3,1,0,1,9,10,11,1,0,2,0,1,0,6224,0.022,0.037,0.003
399,4.233,4.055,0,0.005,0.032,0,0,,0,,,,0,,,,,40,40,0,2,3,0,3,3,1,0,1,9,10,11,1,0,2,0,1,0,6224,0.018,0.033,0.004
400,3.318,2.888,0.001,0.007,0.059,0,0,,0,,,,0,,,,,40,40,0,2,3,0,3,3,1,0,1,9,10,11,1,0,2,0,1,0,6224,0.038,0.094,0.01
401,2.756,2.468,0,0.007,0.055,0,0,,0,,,,0,,,,,40,40,0,2,3,0,3,3,1,0,1,9,10,11,1,0,2,0,1,0,6224,0.021,0.061,0.008
402,4.583,4.378,0,0.004,0.048,0,0,,0,,,,0,,,,,40,40,0,2,3,0,3,3,1,0,1,9,10,11,1,0,2,0,1,0,6224,0.021,0.036,0.004
403,2.343,2.08,0.001,0.004,0.05,0,0,,0,,,,0,,,,,40,40,0,2,3,0,3,3,1,0,1,9,10,11,1,0,2,0,1,0,6224,0.022,0.075,0.004
404,2.323,1.95,0.001,0.008,0.067,0,0,,0,,,,0,,,,,40,40,0,2,3,0,3,3,1,0,1,9,10,11,1,0,2,0,1,0,6224,0.041,0.073,0.007
405,4.818,4.484,0,0.011,0.032,0,0,,0,,,,0,,,,,40,40,0,2,3,0,3,3,1,0,1,9,10,11,1,0,2,0,1,0,6224,0.037,0.061,0.008
406,4.845,4.364,0,0.007,0.056,0,0,,0,,,,0,,,,,40,40,0,2,3,0,3,3,1,0,1,9,10,11,1,0,2,0,1,0,6224,0.027,0.081,0.01
407,7.269,6.911,0,0.01,0.046,0,0,,0,,,,0,,,,,40,40,0,2,3,0,3,3,1,0,1,9,10,11,1,0,2,0,1,0,6224,0.041,0.042,0.008
408,4.991,4.603,0,0.011,0.035,0,0,,0,,,,0,,,,,40,40,0,2,3,0,3,3,1,0,1,9,10,11,1,0,2,0,1,0,6224,0.046,0.074,0.01
409,4.793,4.416,0,0.011,0.033,0,0,,0,,,,0,,,,,40,40,0,2,3,0,3,3,1,0,1,9,10,11,1,0,2,0,1,0,6224,0.042,0.073,0.01
410,4.292,3.923,0,0.009,0.036,0,0,,0,,,,0,,,,,40,40,0,2,3,0,3,3,1,0,1,9,10,11,1,0,2,0,1,0,6224,0.052,0.084,0.009
411,3.768,3.011,0,0.007,0.084,0,0,,0,,,,0,,,,,40,40,0,2,3,0,3,3,1,0,1,9,10,11,1,0,2,0,1,0,6224,0.03,0.05,0.008
412,2.902,2.518,0,0.008,0.046,0,0,,0,,,,0,,,,,40,40,0,2,3,0,3,3,1,0,1,9,10,11,1,0,2,0,1,0,6224,0.069,0.051,0.01
413,3.791,3.433,0,0.009,0.048,0,0,,0,,,,0,,,,,40,40,0,2,3,0,3,3,1,0,1,9,10,11,1,0,2,0,1,0,6224,0.036,0.06,0.008
414,8.781,8.388,0,0.01,0.047,0,0,,0,,,,0,,,,,40,40,0,2,3,0,3,3,1,0,1,9,10,11,1,0,2,0,1,0,6224,0.039,0.063,0.011
415,4.747,4.38,0,0.011,0.04,0,0,,0,,,,0,,,,,40,40,0,2,3,0,3,3,1,0,1,9,10,11,1,0,2,0,1,0,6224,0.036,0.058,0.01
416,4.65,4.364,0.001,0.008,0.029,0,0,,0,,,,0,,,,,40,40,0,2,3,0,3,3,1,0,1,9,10,11,1,0,2,0,1,0,6224,0.045,0.066,0.006
417,5.942,5.619,0,0.008,0.049,0,0,,0,,,,0,,,,,40,40,0,2,3,0,3,3,1,0,1,9,10,11,1,0,2,0,1,0,6224,0.023,0.036,0.008
418,6.561,5.994,0,0.014,0.079,0,0,,0,,,,0,,,,,40,40,0,2,3,0,3,3,1,0,1,9,10,11,1,0,2,0,1,0,6224,0.048,0.085,0.012
419,6.137,5.517,0.001,0.014,0.111,0,0,,0,,,,0,,,,,40,40,0,2,3,0,3,3,1,0,1,9,10,11,1,0,2,0,1,0,6224,0.047,0.086,0.014
420,19.309,18.937,0.001,0.01,0.05,0,0,,1,250,230199296,286785536,1,70948032,70948032,167755776,38823561584,40,40,0,2,3,0,3,3,1,0,1,9,10,11,1,0,2,0,1,0,6224,0.041,0.049,0.009
421,5.83,5.294,0.001,0.012,0.046,0,0,,0,,,,0,,,,,40,40,0,2,3,0,3,3,1,0,1,9,10,11,1,0,2,0,1,0,6224,0.046,0.076,0.011
422,5.648,5.348,0.001,0.012,0.041,0,0,,0,,,,0,,,,,40,40,0,2,3,0,3,3,1,0,1,9,10,11,1,0,2,0,1,0,6224,0.021,0.034,0.008
423,8.874,8.46,0.001,0.014,0.07,0,0,,0,,,,0,,,,,40,40,0,2,3,0,3,3,1,0,1,9,10,11,1,0,2,0,1,0,6224,0.034,0.062,0.012
424,5.522,5.259,0,0.006,0.035,0,0,,0,,,,0,,,,,40,40,0,2,3,0,3,3,1,0,1,9,10,11,1,0,2,0,1,0,6224,0.022,0.035,0.007
425,6.324,5.86,0.001,0.018,0.056,0,0,,0,,,,0,,,,,40,40,0,2,3,0,3,3,1,0,1,9,10,11,1,0,2,0,1,0,6224,0.056,0.086,0.009
426,5.792,5.285,0,0.008,0.09,0,0,,0,,,,0,,,,,40,40,0,2,3,0,3,3,1,0,1,9,10,11,1,0,2,0,1,0,6224,0.024,0.11,0.013
427,3.357,2.896,0.001,0.015,0.063,0,0,,0,,,,0,,,,,40,40,0,2,3,0,3,3,1,0,1,9,10,11,1,0,2,0,1,0,6224,0.026,0.065,0.009
428,4.929,4.538,0.001,0.01,0.038,0,0,,0,,,,0,,,,,40,40,0,2,3,0,3,3,1,0,1,9,10,11,1,0,2,0,1,0,6224,0.045,0.08,0.01
429,7.443,6.819,0.001,0.014,0.094,0,0,,0,,,,0,,,,,40,40,0,2,3,0,3,3,1,0,1,9,10,11,1,0,2,0,1,0,6224,0.043,0.074,0.013
430,4.843,4.315,0,0.017,0.068,0,0,,0,,,,0,,,,,40,40,0,2,3,0,3,3,1,0,1,9,10,11,1,0,2,0,1,0,6224,0.035,0.054,0.013
431,3.558,3.157,0.001,0.01,0.071,0,0,,0,,,,0,,,,,40,40,0,2,3,0,3,3,1,0,1,9,10,11,1,0,2,0,1,0,6224,0.032,0.058,0.013
432,10.67,10.14,0.001,0.016,0.058,0,0,,0,,,,0,,,,,40,40,0,2,3,0,3,3,1,0,1,9,10,11,1,0,2,0,1,0,6224,0.092,0.077,0.011
433,12.055,11.715,0.001,0.012,0.063,0,0,,0,,,,0,,,,,40,40,0,2,3,0,3,3,1,0,1,9,10,11,1,0,2,0,1,0,6224,0.029,0.051,0.009
434,5.331,5.029,0,0.005,0.061,0,0,,0,,,,0,,,,,40,40,0,2,3,0,3,3,1,0,1,9,10,11,1,0,2,0,1,0,6224,0.021,0.072,0.006
435,5.025,4.711,0.001,0.008,0.053,0,0,,0,,,,0,,,,,40,40,0,2,3,0,3,3,1,0,1,9,10,11,1,0,2,0,1,0,6224,0.03,0.048,0.007
436,7.636,7.246,0,0.011,0.06,0,0,,0,,,,0,,,,,40,40,0,2,3,0,3,3,1,0,1,9,10,11,1,0,2,0,1,0,6224,0.029,0.046,0.009
437,9.102,8.823,0,0.008,0.043,0,0,,0,,,,0,,,,,40,40,0,2,3,0,3,3,1,0,1,9,10,11,1,0,2,0,1,0,6224,0.021,0.033,0.009
438,20.543,20.175,0.001,0.012,0.068,0,0,,0,,,,0,,,,,40,40,0,2,3,0,3,3,1,0,1,9,10,11,1,0,2,0,1,0,6224,0.026,0.043,0.011
439,5.697,5.276,0.001,0.012,0.069,0,0,,0,,,,0,,,,,40,40,0,2,3,0,3,3,1,0,1,9,10,11,1,0,2,0,1,0,6224,0.034,0.06,0.012
440,5.078,4.803,0,0.009,0.046,0,0,,0,,,,0,,,,,40,40,0,2,3,0,3,3,1,0,1,9,10,11,1,0,2,0,1,0,6224,0.022,0.037,0.007
441,6.582,6.259,0.001,0.009,0.06,0,0,,0,,,,0,,,,,40,40,0,2,3,0,3,3,1,0,1,9,10,11,1,0,2,0,1,0,6224,0.028,0.043,0.008
442,2.124,1.874,0,0.005,0.053,0,0,,0,,,,0,,,,,40,40,0,2,3,0,3,3,1,0,1,9,10,11,1,0,2,0,1,0,6224,0.026,0.045,0.004
443,2.644,2.296,0,0.009,0.053,0,0,,0,,,,0,,,,,40,40,0,2,3,0,3,3,1,0,1,9,10,11,1,0,2,0,1,0,6224,0.038,0.065,0.006
444,3.338,3.027,0.001,0.008,0.063,0,0,,0,,,,0,,,,,40,40,0,2,3,0,3,3,1,0,1,9,10,11,1,0,2,0,1,0,6224,0.031,0.053,0.006
445,2.579,2.308,0,0.006,0.056,0,0,,0,,,,0,,,,,40,40,0,2,3,0,3,3,1,0,1,9,10,11,1,0,2,0,1,0,6224,0.028,0.049,0.005
446,2.528,2.249,0.001,0.006,0.054,0,0,,0,,,,0,,,,,40,40,0,2,3,0,3,3,1,0,1,9,10,11,1,0,2,0,1,0,6224,0.03,0.052,0.005
447,2.489,2.257,0,0.005,0.049,0,0,,0,,,,0,,,,,40,40,0,2,3,0,3,3,1,0,1,9,10,11,1,0,2,0,1,0,6224,0.023,0.039,0.004
448,7.989,7.581,0,0.011,0.06,0,0,,0,,,,0,,,,,40,40,0,2,3,0,3,3,1,0,1,9,10,11,1,0,2,0,1,0,6224,0.032,0.059,0.011
449,7.776,7.423,0.001,0.009,0.068,0,0,,0,,,,0,,,,,40,40,0,2,3,0,3,3,1,0,1,9,10,11,1,0,2,0,1,0,6224,0.025,0.049,0.009
450,3.431,3.056,0.001,0.01,0.076,0,0,,1,281.25,230199296,286785536,1,70948032,70948032,167755776,38823561584,40,40,0,2,3,0,3,3,1,0,1,9,10,11,1,0,2,0,1,0,6224,0.031,0.056,0.009
451,2.824,2.473,0.001,0.008,0.081,0,0,,0,,,,0,,,,,40,40,0,2,3,0,3,3,1,0,1,9,10,11,1,0,2,0,1,0,6224,0.034,0.061,0.007
452,3.151,2.729,0,0.011,0.063,0,0,,0,,,,0,,,,,40,40,0,2,3,0,3,3,1,0,1,9,10,11,1,0,2,0,1,0,6224,0.051,0.08,0.006
453,4.045,3.839,0,0.004,0.046,0,0,,0,,,,0,,,,,40,40,0,2,3,0,3,3,1,0,1,9,10,11,1,0,2,0,1,0,6224,0.018,0.041,0.004
454,3.222,2.81,0,0.007,0.085,0,0,,0,,,,0,,,,,40,40,0,2,3,0,3,3,1,0,1,9,10,11,1,0,2,0,1,0,6224,0.047,0.084,0.006
455,1.87,1.615,0,0.005,0.048,0,0,,0,,,,0,,,,,40,40,0,2,3,0,3,3,1,0,1,9,10,11,1,0,2,0,1,0,6224,0.031,0.053,0.003
456,2.519,2.184,0,0.007,0.061,0,0,,0,,,,0,,,,,40,40,0,2,3,0,3,3,1,0,1,9,10,11,1,0,2,0,1,0,6224,0.038,0.069,0.004
457,2.123,1.887,0,0.005,0.03,0,0,,0,,,,0,,,,,40,40,0,2,3,0,3,3,1,0,1,9,10,11,1,0,2,0,1,0,6224,0.02,0.062,0.005
458,2.424,2.111,0,0.01,0.034,0,0,,0,,,,0,,,,,40,40,0,2,3,0,3,3,1,0,1,9,10,11,1,0,2,0,1,0,6224,0.038,0.051,0.006
459,3.525,3.188,0,0.008,0.043,0,0,,0,,,,0,,,,,40,40,0,2,3,0,3,3,1,0,1,9,10,11,1,0,2,0,1,0,6224,0.037,0.064,0.006
460,2.275,2.006,0,0.007,0.029,0,0,,0,,,,0,,,,,40,40,0,2,3,0,3,3,1,0,1,9,10,11,1,0,2,0,1,0,6224,0.033,0.067,0.004
461,2.368,2.107,0,0.006,0.058,0,0,,0,,,,0,,,,,40,40,0,2,3,0,3,3,1,0,1,9,10,11,1,0,2,0,1,0,6224,0.023,0.04,0.006
462,2.916,2.653,0.001,0.005,0.047,0,0,,0,,,,0,,,,,40,40,0,2,3,0,3,3,1,0,1,9,10,11,1,0,2,0,1,0,6224,0.027,0.043,0.006
463,3.917,3.604,0.001,0.008,0.042,0,0,,0,,,,0,,,,,40,40,0,2,3,0,3,3,1,0,1,9,10,11,1,0,2,0,1,0,6224,0.03,0.045,0.009
464,5.229,4.907,0,0.008,0.045,0,0,,0,,,,0,,,,,40,40,0,2,3,0,3,3,1,0,1,9,10,11,1,0,2,0,1,0,6224,0.024,0.036,0.008
465,7.031,6.687,0.001,0.01,0.033,0,0,,0,,,,0,,,,,40,40,0,2,3,0,3,3,1,0,1,9,10,11,1,0,2,0,1,0,6224,0.048,0.057,0.006
466,3.165,2.825,0,0.006,0.027,0,0,,0,,,,0,,,,,40,40,0,2,3,0,3,3,1,0,1,9,10,11,1,0,2,0,1,0,6224,0.113,0.039,0.008
467,3.146,2.807,0,0.009,0.04,0,0,,0,,,,0,,,,,40,40,0,2,3,0,3,3,1,0,1,9,10,11,1,0,2,0,1,0,6224,0.049,0.05,0.006
468,8.008,7.605,0,0.011,0.05,0,0,,0,,,,0,,,,,40,40,0,2,3,0,3,3,1,0,1,9,10,11,1,0,2,0,1,0,6224,0.043,0.071,0.01
469,7.848,7.421,0,0.009,0.054,0,0,,0,,,,0,,,,,40,40,0,2,3,0,3,3,1,0,1,9,10,11,1,0,2,0,1,0,6224,0.046,0.078,0.014
470,6.107,5.683,0.001,0.014,0.039,0,0,,0,,,,0,,,,,40,40,0,2,3,0,3,3,1,0,1,9,10,11,1,0,2,0,1,0,6224,0.056,0.043,0.01
471,3.984,3.705,0,0.009,0.038,0,0,,0,,,,0,,,,,40,40,0,2,3,0,3,3,1,0,1,9,10,11,1,0,2,0,1,0,6224,0.04,0.046,0.005
472,6.596,6.216,0,0.011,0.039,0,0,,0,,,,0,,,,,40,40,0,2,3,0,3,3,1,0,1,9,10,11,1,0,2,0,1,0,6224,0.041,0.066,0.01
473,6.871,6.585,0.001,0.008,0.039,0,0,,0,,,,0,,,,,40,40,0,2,3,0,3,3,1,0,1,9,10,11,1,0,2,0,1,0,6224,0.036,0.061,0.006
474,7.628,7.14,0,0.008,0.08,0,0,,0,,,,0,,,,,40,40,0,2,3,0,3,3,1,0,1,9,10,11,1,0,2,0,1,0,6224,0.028,0.087,0.012
475,2.721,2.345,0,0.009,0.031,0,0,,0,,,,0,,,,,40,40,0,2,3,0,3,3,1,0,1,9,10,11,1,0,2,0,1,0,6224,0.108,0.049,0.009
476,2.692,2.486,0,0.003,0.095,0,0,,0,,,,0,,,,,40,40,0,2,3,0,3,3,1,0,1,9,10,11,1,0,2,0,1,0,6224,0.015,0.023,0.002
477,2.516,2.18,0,0.013,0.035,0,0,,0,,,,0,,,,,40,40,0,2,3,0,3,3,1,0,1,9,10,11,1,0,2,0,1,0,6224,0.036,0.055,0.006
478,2.124,1.929,0,0.004,0.031,0,0,,0,,,,0,,,,,40,40,0,2,3,0,3,3,1,0,1,9,10,11,1,0,2,0,1,0,6224,0.028,0.046,0.003
479,2.265,2.018,0,0.005,0.04,0,0,,0,,,,0,,,,,40,40,0,2,3,0,3,3,1,0,1,9,10,11,1,0,2,0,1,0,6224,0.034,0.06,0.003
480,3.12,2.366,0,0.008,0.431,0,0,,1,312.5,230199296,286785536,1,70948032,70948032,167755776,38823561584,40,40,0,2,3,0,3,3,1,0,1,9,10,11,1,0,2,0,1,0,6224,0.04,0.065,0.008
481,7.2,6.835,0.001,0.011,0.034,0,0,,0,,,,0,,,,,40,40,0,2,3,0,3,3,1,0,1,9,10,11,1,0,2,0,1,0,6224,0.045,0.065,0.01
482,2.793,2.507,0.001,0.01,0.037,0,0,,0,,,,0,,,,,40,40,0,2,3,0,3,3,1,0,1,9,10,11,1,0,2,0,1,0,6224,0.019,0.027,0.007
483,4.525,4.265,0,0.008,0.025,0,0,,0,,,,0,,,,,40,40,0,2,3,0,3,3,1,0,1,9,10,11,1,0,2,0,1,0,6224,0.041,0.07,0.006
484,3.163,2.866,0,0.008,0.028,0,0,,0,,,,0,,,,,40,40,0,2,3,0,3,3,1,0,1,9,10,11,1,0,2,0,1,0,6224,0.043,0.037,0.006
485,3.247,2.962,0,0.014,0.027,0,0,,0,,,,0,,,,,40,40,0,2,3,0,3,3,1,0,1,9,10,11,1,0,2,0,1,0,6224,0.041,0.032,0.007
486,3.656,3.468,0,0.005,0.028,0,0,,0,,,,0,,,,,40,40,0,2,3,0,3,3,1,0,1,9,10,11,1,0,2,0,1,0,6224,0.026,0.043,0.003
487,2.967,2.673,0,0.006,0.031,0,0,,0,,,,0,,,,,40,40,0,2,3,0,3,3,1,0,1,9,10,11,1,0,2,0,1,0,6224,0.113,0.031,0.004
488,3.944,3.561,0,0.007,0.026,0,0,,0,,,,0,,,,,40,40,0,2,3,0,3,3,1,0,1,9,10,11,1,0,2,0,1,0,6224,0.043,0.07,0.006
489,5.056,4.688,0.001,0.009,0.042,0,0,,0,,,,0,,,,,40,40,0,2,3,0,3,3,1,0,1,9,10,11,1,0,2,0,1,0,6224,0.05,0.071,0.006
490,2.866,2.548,0,0.013,0.03,0,0,,0,,,,0,,,,,40,40,0,2,3,0,3,3,1,0,1,9,10,11,1,0,2,0,1,0,6224,0.046,0.04,0.006
491,2.791,2.539,0,0.01,0.03,0,0,,0,,,,0,,,,,40,40,0,2,3,0,3,3,1,0,1,9,10,11,1,0,2,0,1,0,6224,0.041,0.057,0.004
492,2.354,2.093,0,0.006,0.052,0,0,,0,,,,0,,,,,40,40,0,2,3,0,3,3,1,0,1,9,10,11,1,0,2,0,1,0,6224,0.033,0.057,0.003
493,3.894,3.295,0,0.005,0.081,0,0,,0,,,,0,,,,,40,40,0,2,3,0,3,3,1,0,1,9,10,11,1,0,2,0,1,0,6224,0.026,0.045,0.03
494,2.097,1.728,0.001,0.009,0.032,0,0,,0,,,,0,,,,,40,40,0,2,3,0,3,3,1,0,1,9,10,11,1,0,2,0,1,0,6224,0.043,0.073,0.02
495,2.228,1.975,0,0.007,0.034,0,0,,0,,,,0,,,,,40,40,0,2,3,0,3,3,1,0,1,9,10,11,1,0,2,0,1,0,6224,0.036,0.061,0.004
496,2.81,2.519,0,0.012,0.03,0,0,,0,,,,0,,,,,40,40,0,2,3,0,3,3,1,0,1,9,10,11,1,0,2,0,1,0,6224,0.034,0.052,0.006
497,3.608,3.233,0,0.01,0.084,0,0,,0,,,,0,,,,,40,40,0,2,3,0,3,3,1,0,1,9,10,11,1,0,2,0,1,0,6224,0.039,0.069,0.006
498,1.745,1.481,0,0.006,0.048,0,0,,0,,,,0,,,,,40,40,0,2,3,0,3,3,1,0,1,9,10,11,1,0,2,0,1,0,6224,0.029,0.047,0.005
499,3.061,2.763,0,0.005,0.06,0,0,,0,,,,0,,,,,40,40,0,2,3,0,3,3,1,0,1,9,10,11,1,0,2,0,1,0,6224,0.025,0.06,0.006
500,3.985,3.682,0.001,0.008,0.035,0,0,,0,,,,0,,,,,40,40,0,2,3,0,3,3,1,0,1,9,10,11,1,0,2,0,1,0,6224,0.03,0.049,0.008
501,2.97,2.741,0,0.006,0.038,0,0,,0,,,,0,,,,,40,40,0,2,3,0,3,3,1,0,1,9,10,11,1,0,2,0,1,0,6224,0.028,0.048,0.003
502,2.794,2.548,0,0.005,0.083,0,0,,0,,,,0,,,,,40,40,0,2,3,0,3,3,1,0,1,9,10,11,1,0,2,0,1,0,6224,0.029,0.051,0.002
503,1.579,1.271,0,0.01,0.041,0,0,,0,,,,0,,,,,40,40,0,2,3,0,3,3,1,0,1,9,10,11,1,0,2,0,1,0,6224,0.045,0.035,0.006
504,2.145,1.85,0,0.007,0.034,0,0,,0,,,,0,,,,,40,40,0,2,3,0,3,3,1,0,1,9,10,11,1,0,2,0,1,0,6224,0.045,0.076,0.005
505,4.507,3.673,0,0.008,0.07,0,0,,0,,,,0,,,,,40,40,0,2,3,0,3,3,1,0,1,9,10,11,1,0,2,0,1,0,6224,0.051,0.096,0.01
506,1.702,1.499,0,0.007,0.022,0,0,,0,,,,0,,,,,40,40,0,2,3,0,3,3,1,0,1,9,10,11,1,0,2,0,1,0,6224,0.026,0.026,0.004
507,3.787,3.427,0,0.009,0.027,0,0,,0,,,,0,,,,,40,40,0,2,3,0,3,3,1,0,1,9,10,11,1,0,2,0,1,0,6224,0.054,0.09,0.008
508,3.953,3.549,0.001,0.01,0.083,0,0,,0,,,,0,,,,,40,40,0,2,3,0,3,3,1,0,1,9,10,11,1,0,2,0,1,0,6224,0.039,0.071,0.008
509,2.005,1.785,0,0.005,0.052,0,0,,0,,,,0,,,,,40,40,0,2,3,0,3,3,1,0,1,9,10,11,1,0,2,0,1,0,6224,0.02,0.033,0.004
510,2.792,2.48,0,0.01,0.035,0,0,,1,343.75,230199296,286785536,1,70948032,70948032,167755776,38823561584,40,40,0,2,3,0,3,3,1,0,1,9,10,11,1,0,2,0,1,0,6224,0.047,0.051,0.004
511,2.12,1.902,0,0.005,0.037,0,0,,0,,,,0,,,,,40,40,0,2,3,0,3,3,1,0,1,9,10,11,1,0,2,0,1,0,6224,0.023,0.039,0.004
512,2.291,1.974,0.001,0.01,0.027,0,0,,0,,,,0,,,,,40,40,0,2,3,0,3,3,1,0,1,9,10,11,1,0,2,0,1,0,6224,0.042,0.069,0.007
513,2.268,1.995,0.001,0.007,0.027,0,0,,0,,,,0,,,,,40,40,0,2,3,0,3,3,1,0,1,9,10,11,1,0,2,0,1,0,6224,0.035,0.06,0.005
514,2.929,2.621,0,0.009,0.029,0,0,,0,,,,0,,,,,40,40,0,2,3,0,3,3,1,0,1,9,10,11,1,0,2,0,1,0,6224,0.05,0.071,0.003
515,2.363,2.043,0.001,0.012,0.027,0,0,,0,,,,0,,,,,40,40,0,2,3,0,3,3,1,0,1,9,10,11,1,0,2,0,1,0,6224,0.045,0.072,0.006
516,2.565,2.304,0,0.007,0.043,0,0,,0,,,,0,,,,,40,40,0,2,3,0,3,3,1,0,1,9,10,11,1,0,2,0,1,0,6224,0.034,0.059,0.004
517,3.931,3.52,0.001,0.009,0.04,0,0,,0,,,,0,,,,,40,40,0,2,3,0,3,3,1,0,1,9,10,11,1,0,2,0,1,0,6224,0.052,0.089,0.009
518,3.651,3.359,0,0.008,0.024,0,0,,0,,,,0,,,,,40,40,0,2,3,0,3,3,1,0,1,9,10,11,1,0,2,0,1,0,6224,0.039,0.065,0.006
519,4.295,3.925,0,0.009,0.024,0,0,,0,,,,0,,,,,40,40,0,2,3,0,3,3,1,0,1,9,10,11,1,0,2,0,1,0,6224,0.047,0.078,0.009
520,3.861,3.601,0,0.007,0.023,0,0,,0,,,,0,,,,,40,40,0,2,3,0,3,3,1,0,1,9,10,11,1,0,2,0,1,0,6224,0.043,0.029,0.004
521,3.825,3.56,0,0.003,0.079,0,0,,0,,,,0,,,,,40,40,0,2,3,0,3,3,1,0,1,9,10,11,1,0,2,0,1,0,6224,0.017,0.028,0.003
522,2.367,2.113,0,0.007,0.025,0,0,,0,,,,0,,,,,40,40,0,2,3,0,3,3,1,0,1,9,10,11,1,0,2,0,1,0,6224,0.064,0.028,0.004
523,2.492,2.296,0,0.008,0.026,0,0,,0,,,,0,,,,,40,40,0,2,3,0,3,3,1,0,1,9,10,11,1,0,2,0,1,0,6224,0.02,0.026,0.005
524,3.677,3.435,0.001,0.007,0.028,0,0,,0,,,,0,,,,,40,40,0,2,3,0,3,3,1,0,1,9,10,11,1,0,2,0,1,0,6224,0.034,0.055,0.003
525,2.291,2.111,0,0.004,0.033,0,0,,0,,,,0,,,,,40,40,0,2,3,0,3,3,1,0,1,9,10,11,1,0,2,0,1,0,6224,0.026,0.044,0.003
526,2.319,2.124,0,0.007,0.025,0,0,,0,,,,0,,,,,40,40,0,2,3,0,3,3,1,0,1,9,10,11,1,0,2,0,1,0,6224,0.019,0.026,0.004
527,3.272,3.073,0,0.005,0.024,0,0,,0,,,,0,,,,,40,40,0,2,3,0,3,3,1,0,1,9,10,11,1,0,2,0,1,0,6224,0.027,0.044,0.003
528,2.377,2.092,0,0.007,0.032,0,0,,0,,,,0,,,,,40,40,0,2,3,0,3,3,1,0,1,9,10,11,1,0,2,0,1,0,6224,0.03,0.047,0.005
529,2.063,1.876,0,0.004,0.026,0,0,,0,,,,0,,,,,40,40,0,2,3,0,3,3,1,0,1,9,10,11,1,0,2,0,1,0,6224,0.026,0.044,0.003
530,3.002,2.742,0,0.007,0.042,0,0,,0,,,,0,,,,,40,40,0,2,3,0,3,3,1,0,1,9,10,11,1,0,2,0,1,0,6224,0.023,0.038,0.006
531,2.245,2.052,0.001,0.005,0.032,0,0,,0,,,,0,,,,,40,40,0,2,3,0,3,3,1,0,1,9,10,11,1,0,2,0,1,0,6224,0.019,0.03,0.004
532,7.725,7.386,0.001,0.006,0.051,0,0,,0,,,,0,,,,,40,40,0,2,3,0,3,3,1,0,1,9,10,11,1,0,2,0,1,0,6224,0.026,0.05,0.009
533,3.113,2.808,0,0.009,0.034,0,0,,0,,,,0,,,,,40,40,0,2,3,0,3,3,1,0,1,9,10,11,1,0,2,0,1,0,6224,0.034,0.055,0.007
534,3.242,2.903,0,0.011,0.031,0,0,,0,,,,0,,,,,40,40,0,2,3,0,3,3,1,0,1,9,10,11,1,0,2,0,1,0,6224,0.043,0.072,0.008
535,4.03,3.778,0,0.005,0.047,0,0,,0,,,,0,,,,,40,40,0,2,3,0,3,3,1,0,1,9,10,11,1,0,2,0,1,0,6224,0.032,0.057,0.004
536,2.013,1.848,0,0.004,0.03,0,0,,0,,,,0,,,,,40,40,0,2,3,0,3,3,1,0,1,9,10,11,1,0,2,0,1,0,6224,0.024,0.041,0.002
537,3.306,3.037,0,0.013,0.034,0,0,,0,,,,0,,,,,40,40,0,2,3,0,3,3,1,0,1,9,10,11,1,0,2,0,1,0,6224,0.032,0.044,0.007
538,3.346,2.991,0,0.009,0.065,0,0,,0,,,,0,,,,,40,40,0,2,3,0,3,3,1,0,1,9,10,11,1,0,2,0,1,0,6224,0.034,0.059,0.007
539,3.025,2.695,0.001,0.008,0.025,0,0,,0,,,,0,,,,,40,40,0,2,3,0,3,3,1,0,1,9,10,11,1,0,2,0,1,0,6224,0.05,0.08,0.008
540,3.232,2.902,0,0.008,0.034,0,0,,1,390.625,230211584,286785536,1,70948032,70948032,167755776,38823561584,40,40,0,2,3,0,3,3,1,0,1,9,10,11,1,0,2,0,1,0,6224,0.04,0.068,0.006
541,2.641,2.378,0,0.011,0.053,0,0,,0,,,,0,,,,,40,40,0,2,3,0,3,3,1,0,1,9,10,11,1,0,2,0,1,0,6224,0.049,0.025,0.004
542,4.279,4.017,0.001,0.006,0.037,0,0,,0,,,,0,,,,,40,40,0,2,3,0,3,3,1,0,1,9,10,11,1,0,2,0,1,0,6224,0.033,0.055,0.004
543,3.43,3.123,0,0.008,0.077,0,0,,0,,,,0,,,,,40,40,0,2,3,0,3,3,1,0,1,9,10,11,1,0,2,0,1,0,6224,0.019,0.031,0.006
544,2.997,2.808,0,0.004,0.033,0,0,,0,,,,0,,,,,40,40,0,2,3,0,3,3,1,0,1,9,10,11,1,0,2,0,1,0,6224,0.017,0.028,0.005
545,4.817,4.547,0,0.006,0.062,0,0,,0,,,,0,,,,,40,40,0,2,3,0,3,3,1,0,1,9,10,11,1,0,2,0,1,0,6224,0.03,0.047,0.004
546,2.163,1.911,0,0.006,0.025,0,0,,0,,,,0,,,,,40,40,0,2,3,0,3,3,1,0,1,9,10,11,1,0,2,0,1,0,6224,0.039,0.068,0.003
547,3.015,2.814,0,0.005,0.023,0,0,,0,,,,0,,,,,40,40,0,2,3,0,3,3,1,0,1,9,10,11,1,0,2,0,1,0,6224,0.035,0.043,0.003
548,2.303,2.015,0,0.007,0.044,0,0,,0,,,,0,,,,,40,40,0,2,3,0,3,3,1,0,1,9,10,11,1,0,2,0,1,0,6224,0.031,0.054,0.007
549,2.767,2.538,0,0.005,0.063,0,0,,0,,,,0,,,,,40,40,0,2,3,0,3,3,1,0,1,9,10,11,1,0,2,0,1,0,6224,0.017,0.029,0.017
550,6.567,6.24,0.001,0.01,0.04,0,0,,0,,,,0,,,,,40,40,0,2,3,0,3,3,1,0,1,9,10,11,1,0,2,0,1,0,6224,0.047,0.034,0.008
551,3.584,2.812,0,0.006,0.077,0,0,,0,,,,0,,,,,40,40,0,2,3,0,3,3,1,0,1,9,10,11,1,0,2,0,1,0,6224,0.019,0.466,0.012
552,3.954,3.584,0.001,0.009,0.052,0,0,,0,,,,0,,,,,40,40,0,2,3,0,3,3,1,0,1,9,10,11,1,0,2,0,1,0,6224,0.034,0.054,0.009
553,2.969,2.65,0,0.014,0.041,0,0,,0,,,,0,,,,,40,40,0,2,3,0,3,3,1,0,1,9,10,11,1,0,2,0,1,0,6224,0.026,0.036,0.009
554,4.476,4.234,0,0.006,0.084,0,0,,0,,,,0,,,,,40,40,0,2,3,0,3,3,1,0,1,9,10,11,1,0,2,0,1,0,6224,0.017,0.027,0.004
555,3.102,2.816,0,0.006,0.031,0,0,,0,,,,0,,,,,40,40,0,2,3,0,3,3,1,0,1,9,10,11,1,0,2,0,1,0,6224,0.032,0.058,0.005
556,3.207,2.959,0,0.005,0.04,0,0,,0,,,,0,,,,,40,40,0,2,3,0,3,3,1,0,1,9,10,11,1,0,2,0,1,0,6224,0.029,0.05,0.005
557,3.942,3.564,0,0.009,0.058,0,0,,0,,,,0,,,,,40,40,0,2,3,0,3,3,1,0,1,9,10,11,1,0,2,0,1,0,6224,0.038,0.058,0.009
558,6.553,6.29,0,0.008,0.028,0,0,,0,,,,0,,,,,40,40,0,2,3,0,3,3,1,0,1,9,10,11,1,0,2,0,1,0,6224,0.02,0.057,0.006
559,2.352,2.134,0,0.008,0.039,0,0,,0,,,,0,,,,,40,40,0,2,3,0,3,3,1,0,1,9,10,11,1,0,2,0,1,0,6224,0.024,0.037,0.004
560,3.086,2.785,0.001,0.005,0.034,0,0,,0,,,,0,,,,,40,40,0,2,3,0,3,3,1,0,1,9,10,11,1,0,2,0,1,0,6224,0.023,0.067,0.009
561,3.787,3.394,0,0.008,0.036,0,0,,0,,,,0,,,,,40,40,0,2,3,0,3,3,1,0,1,9,10,11,1,0,2,0,1,0,6224,0.06,0.078,0.009
562,3.069,2.727,0,0.007,0.045,0,0,,0,,,,0,,,,,40,40,0,2,3,0,3,3,1,0,1,9,10,11,1,0,2,0,1,0,6224,0.037,0.063,0.008
563,4.693,4.411,0.001,0.01,0.031,0,0,,0,,,,0,,,,,40,40,0,2,3,0,3,3,1,0,1,9,10,11,1,0,2,0,1,0,6224,0.042,0.058,0.004
564,2.733,2.519,0,0.005,0.031,0,0,,0,,,,0,,,,,40,40,0,2,3,0,3,3,1,0,1,9,10,11,1,0,2,0,1,0,6224,0.03,0.051,0.004
565,5.278,4.976,0,0.007,0.036,0,0,,0,,,,0,,,,,40,40,0,2,3,0,3,3,1,0,1,9,10,11,1,0,2,0,1,0,6224,0.066,0.033,0.008
566,7.818,7.545,0,0.008,0.043,0,0,,0,,,,0,,,,,40,40,0,2,3,0,3,3,1,0,1,9,10,11,1,0,2,0,1,0,6224,0.02,0.032,0.009
567,4.716,4.395,0,0.01,0.038,0,0,,0,,,,0,,,,,40,40,0,2,3,0,3,3,1,0,1,9,10,11,1,0,2,0,1,0,6224,0.047,0.04,0.007
568,6.984,6.701,0,0.006,0.037,0,0,,0,,,,0,,,,,40,40,0,2,3,0,3,3,1,0,1,9,10,11,1,0,2,0,1,0,6224,0.02,0.032,0.009
569,3.414,3.209,0,0.005,0.027,0,0,,0,,,,0,,,,,40,40,0,2,3,0,3,3,1,0,1,9,10,11,1,0,2,0,1,0,6224,0.019,0.032,0.004
570,3.274,3.068,0,0.004,0.039,0,0,,1,437.5,230211584,286785536,1,70948032,70948032,167755776,38823561584,40,40,0,2,3,0,3,3,1,0,1,9,10,11,1,0,2,0,1,0,6224,0.017,0.028,0.005
571,3.381,3.004,0.001,0.013,0.035,0,0,,0,,,,0,,,,,40,40,0,2,3,0,3,3,1,0,1,9,10,11,1,0,2,0,1,0,6224,0.055,0.094,0.005
572,4.855,4.672,0,0.005,0.024,0,0,,0,,,,0,,,,,40,40,0,2,3,0,3,3,1,0,1,9,10,11,1,0,2,0,1,0,6224,0.015,0.024,0.005
573,7.46,7.169,0,0.008,0.036,0,0,,0,,,,0,,,,,40,40,0,2,3,0,3,3,1,0,1,9,10,11,1,0,2,0,1,0,6224,0.024,0.04,0.008
574,7.206,6.819,0.001,0.01,0.074,0,0,,0,,,,0,,,,,40,40,0,2,3,0,3,3,1,0,1,9,10,11,1,0,2,0,1,0,6224,0.032,0.072,0.011
575,5.285,4.873,0.001,0.011,0.058,0,0,,0,,,,0,,,,,40,40,0,2,3,0,3,3,1,0,1,9,10,11,1,0,2,0,1,0,6224,0.044,0.076,0.01
576,4.136,3.77,0,0.009,0.047,0,0,,0,,,,0,,,,,40,40,0,2,3,0,3,3,1,0,1,9,10,11,1,0,2,0,1,0,6224,0.086,0.04,0.008
577,2.907,2.631,0,0.004,0.066,0,0,,0,,,,0,,,,,40,40,0,2,3,0,3,3,1,0,1,9,10,11,1,0,2,0,1,0,6224,0.018,0.031,0.005
578,3.774,3.476,0,0.011,0.044,0,0,,0,,,,0,,,,,40,40,0,2,3,0,3,3,1,0,1,9,10,11,1,0,2,0,1,0,6224,0.021,0.035,0.007
579,3.124,2.835,0,0.012,0.03,0,0,,0,,,,0,,,,,40,40,0,2,3,0,3,3,1,0,1,9,10,11,1,0,2,0,1,0,6224,0.019,0.027,0.031
580,6.603,6.103,0.001,0.01,0.069,0,0,,0,,,,0,,,,,40,40,0,2,3,0,3,3,1,0,1,9,10,11,1,0,2,0,1,0,6224,0.051,0.088,0.011
581,3.599,3.284,0,0.006,0.043,0,0,,0,,,,0,,,,,40,40,0,2,3,0,3,3,1,0,1,9,10,11,1,0,2,0,1,0,6224,0.044,0.074,0.005
582,3.146,2.641,0.001,0.005,0.062,0,0,,0,,,,0,,,,,40,40,0,2,3,0,3,3,1,0,1,9,10,11,1,0,2,0,1,0,6224,0.091,0.072,0.069
583,3.989,3.686,0,0.01,0.034,0,0,,0,,,,0,,,,,40,40,0,2,3,0,3,3,1,0,1,9,10,11,1,0,2,0,1,0,6224,0.036,0.058,0.008
584,6.112,5.822,0.001,0.009,0.035,0,0,,0,,,,0,,,,,40,40,0,2,3,0,3,3,1,0,1,9,10,11,1,0,2,0,1,0,6224,0.035,0.06,0.008
585,5.336,5.085,0,0.007,0.036,0,0,,0,,,,0,,,,,40,40,0,2,3,0,3,3,1,0,1,9,10,11,1,0,2,0,1,0,6224,0.033,0.053,0.006
586,5.481,5.123,0,0.013,0.036,0,0,,0,,,,0,,,,,40,40,0,2,3,0,3,3,1,0,1,9,10,11,1,0,2,0,1,0,6224,0.055,0.034,0.008
587,5.489,5.204,0,0.007,0.039,0,0,,0,,,,0,,,,,40,40,0,2,3,0,3,3,1,0,1,9,10,11,1,0,2,0,1,0,6224,0.052,0.052,0.005
588,6.134,5.894,0,0.007,0.036,0,0,,0,,,,0,,,,,40,40,0,2,3,0,3,3,1,0,1,9,10,11,1,0,2,0,1,0,6224,0.031,0.052,0.004
589,5.297,4.827,0,0.009,0.077,0,0,,0,,,,0,,,,,40,40,0,2,3,0,3,3,1,0,1,9,10,11,1,0,2,0,1,0,6224,0.044,0.105,0.011
590,3.808,3.458,0,0.01,0.036,0,0,,0,,,,0,,,,,40,40,0,2,3,0,3,3,1,0,1,9,10,11,1,0,2,0,1,0,6224,0.05,0.045,0.006
591,3.005,2.578,0.001,0.015,0.057,0,0,,0,,,,0,,,,,40,40,0,2,3,0,3,3,1,0,1,9,10,11,1,0,2,0,1,0,6224,0.047,0.07,0.008
592,2.216,1.963,0.001,0.006,0.042,0,0,,0,,,,0,,,,,40,40,0,2,3,0,3,3,1,0,1,9,10,11,1,0,2,0,1,0,6224,0.032,0.057,0.005
593,3.426,3.1,0,0.011,0.038,0,0,,0,,,,0,,,,,40,40,0,2,3,0,3,3,1,0,1,9,10,11,1,0,2,0,1,0,6224,0.039,0.066,0.006
594,2.92,2.602,0.001,0.008,0.044,0,0,,0,,,,0,,,,,40,40,0,2,3,0,3,3,1,0,1,9,10,11,1,0,2,0,1,0,6224,0.029,0.048,0.008
595,2.934,2.571,0.001,0.008,0.051,0,0,,0,,,,0,,,,,40,40,0,2,3,0,3,3,1,0,1,9,10,11,1,0,2,0,1,0,6224,0.04,0.07,0.007
596,4.307,4.007,0,0.008,0.037,0,0,,0,,,,0,,,,,40,40,0,2,3,0,3,3,1,0,1,9,10,11,1,0,2,0,1,0,6224,0.061,0.035,0.004
597,2.781,2.459,0,0.01,0.048,0,0,,0,,,,0,,,,,40,40,0,2,3,0,3,3,1,0,1,9,10,11,1,0,2,0,1,0,6224,0.033,0.056,0.006
598,4.015,3.709,0,0.008,0.055,0,0,,0,,,,0,,,,,40,40,0,2,3,0,3,3,1,0,1,9,10,11,1,0,2,0,1,0,6224,0.022,0.036,0.008
599,2.95,2.697,0,0.007,0.036,0,0,,0,,,,0,,,,,40,40,0,2,3,0,3,3,1,0,1,9,10,11,1,0,2,0,1,0,6224,0.026,0.043,0.006
600,4.112,3.77,0,0.008,0.046,0,0,,1,468.75,230277120,286785536,1,70948032,70948032,167755776,38823561584,40,40,0,2,3,0,3,3,1,0,1,9,10,11,1,0,2,0,1,0,6224,0.035,0.059,0.008
601,2.96,2.695,0,0.007,0.041,0,0,,0,,,,0,,,,,40,40,0,2,3,0,3,3,1,0,1,9,10,11,1,0,2,0,1,0,6224,0.034,0.059,0.005
602,3.096,2.804,0.001,0.007,0.051,0,0,,0,,,,0,,,,,40,40,0,2,3,0,3,3,1,0,1,9,10,11,1,0,2,0,1,0,6224,0.036,0.063,0.004
603,6.565,6.239,0.001,0.009,0.048,0,0,,0,,,,0,,,,,40,40,0,2,3,0,3,3,1,0,1,9,10,11,1,0,2,0,1,0,6224,0.026,0.043,0.009
604,6.142,5.818,0,0.008,0.046,0,0,,0,,,,0,,,,,40,40,0,2,3,0,3,3,1,0,1,9,10,11,1,0,2,0,1,0,6224,0.026,0.043,0.009
605,4.927,4.7,0,0.007,0.029,0,0,,0,,,,0,,,,,40,40,0,2,3,0,3,3,1,0,1,9,10,11,1,0,2,0,1,0,6224,0.023,0.04,0.007
606,6.078,5.674,0,0.009,0.05,0,0,,0,,,,0,,,,,40,40,0,2,3,0,3,3,1,0,1,9,10,11,1,0,2,0,1,0,6224,0.042,0.07,0.008
607,4.442,3.904,0.001,0.016,0.095,0,0,,0,,,,0,,,,,40,40,0,2,3,0,3,3,1,0,1,9,10,11,1,0,2,0,1,0,6224,0.051,0.086,0.01
608,2.442,2.224,0,0.006,0.045,0,0,,0,,,,0,,,,,40,40,0,2,3,0,3,3,1,0,1,9,10,11,1,0,2,0,1,0,6224,0.028,0.046,0.004
609,3.687,3.195,0,0.016,0.13,0,0,,0,,,,0,,,,,40,40,0,2,3,0,3,3,1,0,1,9,10,11,1,0,2,0,1,0,6224,0.049,0.081,0.008
610,2.332,2.092,0,0.006,0.043,0,0,,0,,,,0,,,,,40,40,0,2,3,0,3,3,1,0,1,9,10,11,1,0,2,0,1,0,6224,0.021,0.035,0.006
611,2.318,2.109,0,0.005,0.03,0,0,,0,,,,0,,,,,40,40,0,2,3,0,3,3,1,0,1,9,10,11,1,0,2,0,1,0,6224,0.027,0.046,0.005
612,3.813,3.321,0.001,0.012,0.096,0,0,,0,,,,0,,,,,40,40,0,2,3,0,3,3,1,0,1,9,10,11,1,0,2,0,1,0,6224,0.045,0.081,0.01
613,2.935,2.419,0.001,0.02,0.099,0,0,,0,,,,0,,,,,40,40,0,2,3,0,3,3,1,0,1,9,10,11,1,0,2,0,1,0,6224,0.046,0.081,0.009
614,5.722,5.455,0,0.007,0.055,0,0,,0,,,,0,,,,,40,40,0,2,3,0,3,3,1,0,1,9,10,11,1,0,2,0,1,0,6224,0.023,0.041,0.006
615,7.084,6.699,0,0.012,0.041,0,0,,0,,,,0,,,,,40,40,0,2,3,0,3,3,1,0,1,9,10,11,1,0,2,0,1,0,6224,0.045,0.055,0.009
616,7.505,7.126,0,0.01,0.061,0,0,,0,,,,0,,,,,40,40,0,2,3,0,3,3,1,0,1,9,10,11,1,0,2,0,1,0,6224,0.033,0.059,0.009
617,4.829,3.918,0.001,0.013,0.083,0,0,,0,,,,0,,,,,40,40,0,2,3,0,3,3,1,0,1,9,10,11,1,0,2,0,1,0,6224,0.051,0.499,0.012
618,2.442,2.196,0,0.006,0.032,0,0,,0,,,,0,,,,,40,40,0,2,3,0,3,3,1,0,1,9,10,11,1,0,2,0,1,0,6224,0.023,0.04,0.006
619,5.223,4.809,0,0.01,0.066,0,0,,0,,,,0,,,,,40,40,0,2,3,0,3,3,1,0,1,9,10,11,1,0,2,0,1,0,6224,0.034,0.074,0.01
620,3.674,3.21,0.001,0.012,0.098,0,0,,0,,,,0,,,,,40,40,0,2,3,0,3,3,1,0,1,9,10,11,1,0,2,0,1,0,6224,0.048,0.085,0.007
621,3.561,3.314,0,0.005,0.059,0,0,,0,,,,0,,,,,40,40,0,2,3,0,3,3,1,0,1,9,10,11,1,0,2,0,1,0,6224,0.019,0.04,0.005
622,3.318,2.815,0.001,0.012,0.086,0,0,,0,,,,0,,,,,40,40,0,2,3,0,3,3,1,0,1,9,10,11,1,0,2,0,1,0,6224,0.049,0.091,0.011
623,2.206,1.725,0,0.011,0.087,0,0,,0,,,,0,,,,,40,40,0,2,3,0,3,3,1,0,1,9,10,11,1,0,2,0,1,0,6224,0.053,0.092,0.008
624,4.175,3.686,0.001,0.009,0.107,0,0,,0,,,,0,,,,,40,40,0,2,3,0,3,3,1,0,1,9,10,11,1,0,2,0,1,0,6224,0.047,0.084,0.008
625,3.073,2.702,0.001,0.008,0.073,0,0,,0,,,,0,,,,,40,40,0,2,3,0,3,3,1,0,1,9,10,11,1,0,2,0,1,0,6224,0.04,0.07,0.006
626,4.152,3.797,0,0.031,0.063,0,0,,0,,,,0,,,,,40,40,0,2,3,0,3,3,1,0,1,9,10,11,1,0,2,0,1,0,6224,0.035,0.051,0.007
627,2.961,2.625,0,0.01,0.045,0,0,,0,,,,0,,,,,40,40,0,2,3,0,3,3,1,0,1,9,10,11,1,0,2,0,1,0,6224,0.041,0.065,0.007
628,5.868,5.487,0.001,0.011,0.049,0,0,,0,,,,0,,,,,40,40,0,2,3,0,3,3,1,0,1,9,10,11,1,0,2,0,1,0,6224,0.043,0.076,0.008
629,5.303,4.889,0,0.013,0.04,0,0,,0,,,,0,,,,,40,40,0,2,3,0,3,3,1,0,1,9,10,11,1,0,2,0,1,0,6224,0.056,0.047,0.008
630,6.241,5.933,0,0.009,0.045,0,0,,1,484.375,230277120,286785536,1,70948032,70948032,167755776,38823561584,40,40,0,2,3,0,3,3,1,0,1,9,10,11,1,0,2,0,1,0,6224,0.023,0.038,0.011
631,7.189,6.817,0.001,0.009,0.038,0,0,,0,,,,0,,,,,40,40,0,2,3,0,3,3,1,0,1,9,10,11,1,0,2,0,1,0,6224,0.048,0.081,0.01
632,3.598,3.28,0,0.013,0.043,0,0,,0,,,,0,,,,,40,40,0,2,3,0,3,3,1,0,1,9,10,11,1,0,2,0,1,0,6224,0.021,0.036,0.009
633,3.889,3.445,0,0.044,0.04,0,0,,0,,,,0,,,,,40,40,0,2,3,0,3,3,1,0,1,9,10,11,1,0,2,0,1,0,6224,0.049,0.083,0.012
634,8.606,8.214,0,0.011,0.035,0,0,,0,,,,0,,,,,40,40,0,2,3,0,3,3,1,0,1,9,10,11,1,0,2,0,1,0,6224,0.051,0.059,0.007
635,6.614,6.195,0,0.011,0.085,0,0,,0,,,,0,,,,,40,40,0,2,3,0,3,3,1,0,1,9,10,11,1,0,2,0,1,0,6224,0.046,0.047,0.01
636,2.031,1.782,0,0.007,0.035,0,0,,0,,,,0,,,,,40,40,0,2,3,0,3,3,1,0,1,9,10,11,1,0,2,0,1,0,6224,0.023,0.038,0.007
637,2.619,2.201,0,0.01,0.029,0,0,,0,,,,0,,,,,40,40,0,2,3,0,3,3,1,0,1,9,10,11,1,0,2,0,1,0,6224,0.067,0.106,0.005
638,6.697,6.415,0,0.006,0.034,0,0,,0,,,,0,,,,,40,40,0,2,3,0,3,3,1,0,1,9,10,11,1,0,2,0,1,0,6224,0.041,0.069,0.006
639,3.846,3.624,0,0.005,0.053,0,0,,0,,,,0,,,,,40,40,0,2,3,0,3,3,1,0,1,9,10,11,1,0,2,0,1,0,6224,0.027,0.047,0.003
640,6.059,5.714,0,0.01,0.032,0,0,,0,,,,0,,,,,40,40,0,2,3,0,3,3,1,0,1,9,10,11,1,0,2,0,1,0,6224,0.036,0.06,0.01
641,7.049,6.653,0,0.011,0.046,0,0,,0,,,,0,,,,,40,40,0,2,3,0,3,3,1,0,1,9,10,11,1,0,2,0,1,0,6224,0.041,0.066,0.009
642,4.352,3.705,0.001,0.042,0.082,0,0,,0,,,,0,,,,,40,40,0,2,3,0,3,3,1,0,1,9,10,11,1,0,2,0,1,0,6224,0.03,0.045,0.005
643,2.762,2.477,0,0.008,0.032,0,0,,0,,,,0,,,,,40,40,0,2,3,0,3,3,1,0,1,9,10,11,1,0,2,0,1,0,6224,0.032,0.052,0.008
644,4.491,4.267,0.001,0.005,0.027,0,0,,0,,,,0,,,,,40,40,0,2,3,0,3,3,1,0,1,9,10,11,1,0,2,0,1,0,6224,0.029,0.051,0.004
645,2.924,2.731,0,0.005,0.028,0,0,,0,,,,0,,,,,40,40,0,2,3,0,3,3,1,0,1,9,10,11,1,0,2,0,1,0,6224,0.029,0.05,0.003
646,5.927,5.553,0,0.005,0.047,0,0,,0,,,,0,,,,,40,40,0,2,3,0,3,3,1,0,1,9,10,11,1,0,2,0,1,0,6224,0.072,0.054,0.008
647,6.162,5.188,0,0.011,0.083,0,0,,0,,,,0,,,,,40,40,0,2,3,0,3,3,1,0,1,9,10,11,1,0,2,0,1,0,6224,0.042,0.07,0.011
648,5.374,5.021,0,0.008,0.061,0,0,,0,,,,0,,,,,40,40,0,2,3,0,3,3,1,0,1,9,10,11,1,0,2,0,1,0,6224,0.035,0.059,0.008
649,5.766,5.364,0,0.008,0.045,0,0,,0,,,,0,,,,,40,40,0,2,3,0,3,3,1,0,1,9,10,11,1,0,2,0,1,0,6224,0.025,0.059,0.01
650,2.927,2.637,0.001,0.007,0.042,0,0,,0,,,,0,,,,,40,40,0,2,3,0,3,3,1,0,1,9,10,11,1,0,2,0,1,0,6224,0.019,0.032,0.008
651,5.188,4.863,0,0.012,0.036,0,0,,0,,,,0,,,,,40,40,0,2,3,0,3,3,1,0,1,9,10,11,1,0,2,0,1,0,6224,0.045,0.035,0.008
652,4.934,4.66,0,0.011,0.02,0,0,,0,,,,0,,,,,40,40,0,2,3,0,3,3,1,0,1,9,10,11,1,0,2,0,1,0,6224,0.04,0.071,0.007
653,5.781,5.511,0,0.008,0.033,0,0,,0,,,,0,,,,,40,40,0,2,3,0,3,3,1,0,1,9,10,11,1,0,2,0,1,0,6224,0.017,0.03,0.007
654,7.198,6.899,0,0.005,0.031,0,0,,0,,,,0,,,,,40,40,0,2,3,0,3,3,1,0,1,9,10,11,1,0,2,0,1,0,6224,0.044,0.076,0.009
655,5.631,5.426,0,0.006,0.04,0,0,,0,,,,0,,,,,40,40,0,2,3,0,3,3,1,0,1,9,10,11,1,0,2,0,1,0,6224,0.015,0.022,0.005
656,3.135,2.866,0,0.008,0.031,0,0,,0,,,,0,,,,,40,40,0,2,3,0,3,3,1,0,1,9,10,11,1,0,2,0,1,0,6224,0.024,0.036,0.008
657,5.414,5.047,0.001,0.009,0.04,0,0,,0,,,,0,,,,,40,40,0,2,3,0,3,3,1,0,1,9,10,11,1,0,2,0,1,0,6224,0.04,0.061,0.041
658,8.013,7.551,0.001,0.015,0.046,0,0,,0,,,,0,,,,,40,40,0,2,3,0,3,3,1,0,1,9,10,11,1,0,2,0,1,0,6224,0.072,0.085,0.007
659,5.204,4.798,0.001,0.024,0.035,0,0,,0,,,,0,,,,,40,40,0,2,3,0,3,3,1,0,1,9,10,11,1,0,2,0,1,0,6224,0.023,0.035,0.007
660,4.557,4.265,0.001,0.008,0.024,0,0,,1,531.25,230277120,286785536,1,70948032,70948032,167755776,38823561584,40,40,0,2,3,0,3,3,1,0,1,9,10,11,1,0,2,0,1,0,6224,0.04,0.068,0.006
661,2.704,2.406,0,0.006,0.032,0,0,,0,,,,0,,,,,40,40,0,2,3,0,3,3,1,0,1,9,10,11,1,0,2,0,1,0,6224,0.042,0.057,0.007
662,2.73,2.528,0,0.008,0.031,0,0,,0,,,,0,,,,,40,40,0,2,3,0,3,3,1,0,1,9,10,11,1,0,2,0,1,0,6224,0.023,0.033,0.004
663,2.3,2.022,0,0.006,0.047,0,0,,0,,,,0,,,,,40,40,0,2,3,0,3,3,1,0,1,9,10,11,1,0,2,0,1,0,6224,0.03,0.049,0.004
664,2.195,1.932,0,0.008,0.033,0,0,,0,,,,0,,,,,40,40,0,2,3,0,3,3,1,0,1,9,10,11,1,0,2,0,1,0,6224,0.033,0.046,0.005
665,3.086,2.792,0,0.011,0.021,0,0,,0,,,,0,,,,,40,40,0,2,3,0,3,3,1,0,1,9,10,11,1,0,2,0,1,0,6224,0.045,0.065,0.006
666,3.631,3.333,0,0.007,0.052,0,0,,0,,,,0,,,,,40,40,0,2,3,0,3,3,1,0,1,9,10,11,1,0,2,0,1,0,6224,0.033,0.052,0.006
667,2.861,2.653,0,0.006,0.035,0,0,,0,,,,0,,,,,40,40,0,2,3,0,3,3,1,0,1,9,10,11,1,0,2,0,1,0,6224,0.03,0.048,0.003
668,4.623,4.27,0.001,0.008,0.053,0,0,,0,,,,0,,,,,40,40,0,2,3,0,3,3,1,0,1,9,10,11,1,0,2,0,1,0,6224,0.023,0.033,0.006
669,2.883,2.65,0.001,0.009,0.032,0,0,,0,,,,0,,,,,40,40,0,2,3,0,3,3,1,0,1,9,10,11,1,0,2,0,1,0,6224,0.022,0.031,0.006
670,3.001,2.693,0,0.009,0.035,0,0,,0,,,,0,,,,,40,40,0,2,3,0,3,3,1,0,1,9,10,11,1,0,2,0,1,0,6224,0.046,0.043,0.007
671,3.541,3.239,0.001,0.012,0.031,0,0,,0,,,,0,,,,,40,40,0,2,3,0,3,3,1,0,1,9,10,11,1,0,2,0,1,0,6224,0.024,0.031,0.006
672,2.926,2.581,0.001,0.008,0.031,0,0,,0,,,,0,,,,,40,40,0,2,3,0,3,3,1,0,1,9,10,11,1,0,2,0,1,0,6224,0.051,0.079,0.007
673,2.9,2.646,0,0.007,0.029,0,0,,0,,,,0,,,,,40,40,0,2,3,0,3,3,1,0,1,9,10,11,1,0,2,0,1,0,6224,0.035,0.057,0.004
674,3.983,3.72,0.001,0.006,0.031,0,0,,0,,,,0,,,,,40,40,0,2,3,0,3,3,1,0,1,9,10,11,1,0,2,0,1,0,6224,0.029,0.034,0.008
675,3.16,2.831,0.001,0.011,0.027,0,0,,0,,,,0,,,,,40,40,0,2,3,0,3,3,1,0,1,9,10,11,1,0,2,0,1,0,6224,0.076,0.031,0.006
676,2.679,2.465,0,0.006,0.02,0,0,,0,,,,0,,,,,40,40,0,2,3,0,3,3,1,0,1,9,10,11,1,0,2,0,1,0,6224,0.041,0.025,0.002
677,2.535,2.281,0,0.006,0.021,0,0,,0,,,,0,,,,,40,40,0,2,3,0,3,3,1,0,1,9,10,11,1,0,2,0,1,0,6224,0.08,0.028,0.002
678,2.41,2.154,0,0.007,0.032,0,0,,0,,,,0,,,,,40,40,0,2,3,0,3,3,1,0,1,9,10,11,1,0,2,0,1,0,6224,0.031,0.049,0.005
679,3.658,3.407,0.001,0.006,0.034,0,0,,0,,,,0,,,,,40,40,0,2,3,0,3,3,1,0,1,9,10,11,1,0,2,0,1,0,6224,0.036,0.062,0.005
680,2.514,2.102,0,0.014,0.058,0,0,,0,,,,0,,,,,40,40,0,2,3,0,3,3,1,0,1,9,10,11,1,0,2,0,1,0,6224,0.051,0.072,0.01
681,2.231,1.943,0,0.007,0.028,0,0,,0,,,,0,,,,,40,40,0,2,3,0,3,3,1,0,1,9,10,11,1,0,2,0,1,0,6224,0.038,0.062,0.006
682,3.784,3.455,0.001,0.013,0.031,0,0,,0,,,,0,,,,,40,40,0,2,3,0,3,3,1,0,1,9,10,11,1,0,2,0,1,0,6224,0.04,0.06,0.005
683,2.321,2.012,0.001,0.007,0.042,0,0,,0,,,,0,,,,,40,40,0,2,3,0,3,3,1,0,1,9,10,11,1,0,2,0,1,0,6224,0.039,0.061,0.006
684,2.253,2.058,0.001,0.005,0.033,0,0,,0,,,,0,,,,,40,40,0,2,3,0,3,3,1,0,1,9,10,11,1,0,2,0,1,0,6224,0.021,0.033,0.003
685,3.46,3.037,0.001,0.01,0.084,0,0,,0,,,,0,,,,,40,40,0,2,3,0,3,3,1,0,1,9,10,11,1,0,2,0,1,0,6224,0.042,0.07,0.009
686,2.79,2.417,0,0.008,0.053,0,0,,0,,,,0,,,,,40,40,0,2,3,0,3,3,1,0,1,9,10,11,1,0,2,0,1,0,6224,0.04,0.061,0.008
687,2.937,2.701,0,0.005,0.037,0,0,,0,,,,0,,,,,40,40,0,2,3,0,3,3,1,0,1,9,10,11,1,0,2,0,1,0,6224,0.021,0.032,0.005
688,6.4,6.049,0.001,0.008,0.039,0,0,,0,,,,0,,,,,40,40,0,2,3,0,3,3,1,0,1,9,10,11,1,0,2,0,1,0,6224,0.043,0.065,0.008
689,4.42,3.976,0,0.009,0.141,0,0,,0,,,,0,,,,,40,40,0,2,3,0,3,3,1,0,1,9,10,11,1,0,2,0,1,0,6224,0.041,0.069,0.007
690,2.258,2.014,0,0.008,0.025,0,0,,1,546.875,230277120,286785536,1,70948032,70948032,167755776,38823561584,40,40,0,2,3,0,3,3,1,0,1,9,10,11,1,0,2,0,1,0,6224,0.041,0.041,0.004
691,4.717,4.435,0,0.007,0.022,0,0,,0,,,,0,,,,,40,40,0,2,3,0,3,3,1,0,1,9,10,11,1,0,2,0,1,0,6224,0.047,0.079,0.005
692,2.666,2.304,0.001,0.01,0.035,0,0,,0,,,,0,,,,,40,40,0,2,3,0,3,3,1,0,1,9,10,11,1,0,2,0,1,0,6224,0.061,0.077,0.006
693,2.779,2.564,0,0.006,0.036,0,0,,0,,,,0,,,,,40,40,0,2,3,0,3,3,1,0,1,9,10,11,1,0,2,0,1,0,6224,0.03,0.048,0.003
694,3.421,3.145,0,0.007,0.016,0,0,,0,,,,0,,,,,40,40,0,2,3,0,3,3,1,0,1,9,10,11,1,0,2,0,1,0,6224,0.134,0.026,0.003
695,4.142,3.858,0.001,0.009,0.037,0,0,,0,,,,0,,,,,40,40,0,2,3,0,3,3,1,0,1,9,10,11,1,0,2,0,1,0,6224,0.041,0.045,0.006
696,4.63,4.322,0.001,0.008,0.03,0,0,,0,,,,0,,,,,40,40,0,2,3,0,3,3,1,0,1,9,10,11,1,0,2,0,1,0,6224,0.087,0.031,0.005
697,2.367,2.065,0,0.004,0.059,0,0,,0,,,,0,,,,,40,40,0,2,3,0,3,3,1,0,1,9,10,11,1,0,2,0,1,0,6224,0.017,0.067,0.008
698,2.355,2.058,0,0.011,0.031,0,0,,0,,,,0,,,,,40,40,0,2,3,0,3,3,1,0,1,9,10,11,1,0,2,0,1,0,6224,0.089,0.033,0.004
699,2.933,2.652,0,0.01,0.022,0,0,,0,,,,0,,,,,40,40,0,2,3,0,3,3,1,0,1,9,10,11,1,0,2,0,1,0,6224,0.049,0.063,0.003
700,3.017,2.673,0,0.01,0.029,0,0,,0,,,,0,,,,,40,40,0,2,3,0,3,3,1,0,1,9,10,11,1,0,2,0,1,0,6224,0.061,0.081,0.004
701,3.247,2.927,0,0.013,0.023,0,0,,0,,,,0,,,,,40,40,0,2,3,0,3,3,1,0,1,9,10,11,1,0,2,0,1,0,6224,0.047,0.07,0.007
702,3.757,3.468,0,0.007,0.025,0,0,,0,,,,0,,,,,40,40,0,2,3,0,3,3,1,0,1,9,10,11,1,0,2,0,1,0,6224,0.046,0.076,0.007
703,4.741,4.541,0,0.006,0.027,0,0,,0,,,,0,,,,,40,40,0,2,3,0,3,3,1,0,1,9,10,11,1,0,2,0,1,0,6224,0.019,0.027,0.005
704,4.505,4.162,0.001,0.01,0.039,0,0,,0,,,,0,,,,,40,40,0,2,3,0,3,3,1,0,1,9,10,11,1,0,2,0,1,0,6224,0.06,0.035,0.011
705,6.127,5.807,0.001,0.012,0.041,0,0,,0,,,,0,,,,,40,40,0,2,3,0,3,3,1,0,1,9,10,11,1,0,2,0,1,0,6224,0.019,0.028,0.006
706,4.001,3.652,0,0.009,0.03,0,0,,0,,,,0,,,,,40,40,0,2,3,0,3,3,1,0,1,9,10,11,1,0,2,0,1,0,6224,0.058,0.089,0.005
707,3.628,3.369,0,0.01,0.037,0,0,,0,,,,0,,,,,40,40,0,2,3,0,3,3,1,0,1,9,10,11,1,0,2,0,1,0,6224,0.036,0.028,0.004
708,4.518,4.156,0.001,0.009,0.026,0,0,,0,,,,0,,,,,40,40,0,2,3,0,3,3,1,0,1,9,10,11,1,0,2,0,1,0,6224,0.045,0.067,0.009
709,5.447,5.164,0,0.009,0.032,0,0,,0,,,,0,,,,,40,40,0,2,3,0,3,3,1,0,1,9,10,11,1,0,2,0,1,0,6224,0.041,0.062,0.005
710,7.471,7.087,0,0.008,0.111,0,0,,0,,,,0,,,,,40,40,0,2,3,0,3,3,1,0,1,9,10,11,1,0,2,0,1,0,6224,0.024,0.037,0.009
711,5.39,5.093,0,0.007,0.044,0,0,,0,,,,0,,,,,40,40,0,2,3,0,3,3,1,0,1,9,10,11,1,0,2,0,1,0,6224,0.025,0.039,0.01
712,5.552,5.202,0.001,0.009,0.028,0,0,,0,,,,0,,,,,40,40,0,2,3,0,3,3,1,0,1,9,10,11,1,0,2,0,1,0,6224,0.058,0.097,0.009
713,6.426,6.163,0,0.007,0.062,0,0,,0,,,,0,,,,,40,40,0,2,3,0,3,3,1,0,1,9,10,11,1,0,2,0,1,0,6224,0.019,0.044,0.007
714,15.969,15.566,0.001,0.013,0.069,0,0,,0,,,,0,,,,,40,40,0,2,3,0,3,3,1,0,1,9,10,11,1,0,2,0,1,0,6224,0.035,0.053,0.011
715,2.943,2.582,0.001,0.009,0.044,0,0,,0,,,,0,,,,,40,40,0,2,3,0,3,3,1,0,1,9,10,11,1,0,2,0,1,0,6224,0.044,0.068,0.007
716,3.166,2.899,0,0.007,0.037,0,0,,0,,,,0,,,,,40,40,0,2,3,0,3,3,1,0,1,9,10,11,1,0,2,0,1,0,6224,0.039,0.065,0.004
717,5.219,4.947,0,0.005,0.042,0,0,,0,,,,0,,,,,40,40,0,2,3,0,3,3,1,0,1,9,10,11,1,0,2,0,1,0,6224,0.042,0.067,0.004
718,5.347,4.976,0,0.006,0.05,0,0,,0,,,,0,,,,,40,40,0,2,3,0,3,3,1,0,1,9,10,11,1,0,2,0,1,0,6224,0.046,0.07,0.007
719,5.002,4.622,0.001,0.009,0.039,0,0,,0,,,,0,,,,,40,40,0,2,3,0,3,3,1,0,1,9,10,11,1,0,2,0,1,0,6224,0.049,0.075,0.009
720,4.814,4.581,0,0.005,0.043,0,0,,1,562.5,230277120,286785536,1,70948032,70948032,167755776,38823561584,40,40,0,2,3,0,3,3,1,0,1,9,10,11,1,0,2,0,1,0,6224,0.023,0.039,0.004
721,3.755,3.431,0.001,0.006,0.056,0,0,,0,,,,0,,,,,40,40,0,2,3,0,3,3,1,0,1,9,10,11,1,0,2,0,1,0,6224,0.034,0.052,0.007
722,3.17,2.789,0,0.007,0.064,0,0,,0,,,,0,,,,,40,40,0,2,3,0,3,3,1,0,1,9,10,11,1,0,2,0,1,0,6224,0.039,0.059,0.01
723,3.083,2.753,0,0.007,0.048,0,0,,0,,,,0,,,,,40,40,0,2,3,0,3,3,1,0,1,9,10,11,1,0,2,0,1,0,6224,0.035,0.052,0.008
724,3.09,2.716,0.001,0.007,0.106,0,0,,0,,,,0,,,,,40,40,0,2,3,0,3,3,1,0,1,9,10,11,1,0,2,0,1,0,6224,0.023,0.036,0.007
725,3.928,3.653,0,0.011,0.026,0,0,,0,,,,0,,,,,40,40,0,2,3,0,3,3,1,0,1,9,10,11,1,0,2,0,1,0,6224,0.057,0.046,0.004
726,6.669,6.294,0,0.011,0.068,0,0,,0,,,,0,,,,,40,40,0,2,3,0,3,3,1,0,1,9,10,11,1,0,2,0,1,0,6224,0.032,0.055,0.01
727,6.297,6.01,0.001,0.008,0.048,0,0,,0,,,,0,,,,,40,40,0,2,3,0,3,3,1,0,1,9,10,11,1,0,2,0,1,0,6224,0.024,0.036,0.009
728,7.057,6.783,0,0.009,0.049,0,0,,0,,,,0,,,,,40,40,0,2,3,0,3,3,1,0,1,9,10,11,1,0,2,0,1,0,6224,0.027,0.038,0.007
729,6.001,5.681,0.001,0.009,0.057,0,0,,0,,,,0,,,,,40,40,0,2,3,0,3,3,1,0,1,9,10,11,1,0,2,0,1,0,6224,0.033,0.046,0.008
730,3.907,3.669,0,0.008,0.044,0,0,,0,,,,0,,,,,40,40,0,2,3,0,3,3,1,0,1,9,10,11,1,0,2,0,1,0,6224,0.022,0.034,0.006
731,3.614,3.336,0,0.008,0.05,0,0,,0,,,,0,,,,,40,40,0,2,3,0,3,3,1,0,1,9,10,11,1,0,2,0,1,0,6224,0.03,0.047,0.007
732,3.992,3.707,0.001,0.007,0.055,0,0,,0,,,,0,,,,,40,40,0,2,3,0,3,3,1,0,1,9,10,11,1,0,2,0,1,0,6224,0.027,0.042,0.007
733,2.815,2.455,0.001,0.01,0.054,0,0,,0,,,,0,,,,,40,40,0,2,3,0,3,3,1,0,1,9,10,11,1,0,2,0,1,0,6224,0.038,0.065,0.009
734,12.134,11.833,0,0.01,0.052,0,0,,0,,,,0,,,,,40,40,0,2,3,0,3,3,1,0,1,9,10,11,1,0,2,0,1,0,6224,0.029,0.041,0.008
735,3.103,2.809,0.001,0.008,0.058,0,0,,0,,,,0,,,,,40,40,0,2,3,0,3,3,1,0,1,9,10,11,1,0,2,0,1,0,6224,0.031,0.05,0.007
736,2.909,2.666,0,0.006,0.046,0,0,,0,,,,0,,,,,40,40,0,2,3,0,3,3,1,0,1,9,10,11,1,0,2,0,1,0,6224,0.024,0.041,0.005
737,2.969,2.758,0,0.006,0.035,0,0,,0,,,,0,,,,,40,40,0,2,3,0,3,3,1,0,1,9,10,11,1,0,2,0,1,0,6224,0.024,0.038,0.004
738,3.695,3.463,0.001,0.005,0.054,0,0,,0,,,,0,,,,,40,40,0,2,3,0,3,3,1,0,1,9,10,11,1,0,2,0,1,0,6224,0.023,0.038,0.005
739,3.965,3.723,0.001,0.005,0.051,0,0,,0,,,,0,,,,,40,40,0,2,3,0,3,3,1,0,1,9,10,11,1,0,2,0,1,0,6224,0.022,0.041,0.005
740,5.677,5.324,0.001,0.009,0.061,0,0,,0,,,,0,,,,,40,40,0,2,3,0,3,3,1,0,1,9,10,11,1,0,2,0,1,0,6224,0.027,0.053,0.013
741,4.476,4.094,0,0.01,0.058,0,0,,0,,,,0,,,,,40,40,0,2,3,0,3,3,1,0,1,9,10,11,1,0,2,0,1,0,6224,0.04,0.063,0.01
742,7.089,6.672,0.001,0.01,0.077,0,0,,0,,,,0,,,,,40,40,0,2,3,0,3,3,1,0,1,9,10,11,1,0,2,0,1,0,6224,0.034,0.051,0.009
743,6.517,6.11,0,0.01,0.06,0,0,,0,,,,0,,,,,40,40,0,2,3,0,3,3,1,0,1,9,10,11,1,0,2,0,1,0,6224,0.042,0.061,0.011
744,5.321,4.535,0,0.006,0.592,0,0,,0,,,,0,,,,,40,40,0,2,3,0,3,3,1,0,1,9,10,11,1,0,2,0,1,0,6224,0.028,0.048,0.005
745,2.54,2.168,0,0.014,0.039,0,0,,0,,,,0,,,,,40,40,0,2,3,0,3,3,1,0,1,9,10,11,1,0,2,0,1,0,6224,0.044,0.068,0.01
746,4.135,3.705,0,0.007,0.156,0,0,,0,,,,0,,,,,40,40,0,2,3,0,3,3,1,0,1,9,10,11,1,0,2,0,1,0,6224,0.037,0.077,0.005
747,2.885,2.601,0,0.008,0.035,0,0,,0,,,,0,,,,,40,40,0,2,3,0,3,3,1,0,1,9,10,11,1,0,2,0,1,0,6224,0.026,0.038,0.009
748,4.013,3.607,0,0.033,0.081,0,0,,0,,,,0,,,,,40,40,0,2,3,0,3,3,1,0,1,9,10,11,1,0,2,0,1,0,6224,0.037,0.054,0.009
749,8.934,8.587,0,0.009,0.049,0,0,,0,,,,0,,,,,40,40,0,2,3,0,3,3,1,0,1,9,10,11,1,0,2,0,1,0,6224,0.026,0.039,0.01
750,17.842,17.363,0.001,0.01,0.075,0,0,,1,593.75,229150720,285069312,1,70948032,70948032,167755776,38823561584,40,40,0,2,3,0,3,3,1,0,1,9,10,11,1,0,2,0,1,0,6224,0.041,0.06,0.011
751,5.065,4.697,0.001,0.009,0.047,0,0,,0,,,,0,,,,,40,40,0,2,3,0,3,3,1,0,1,9,10,11,1,0,2,0,1,0,6224,0.03,0.07,0.011
752,6.691,6.221,0.001,0.011,0.052,0,0,,0,,,,0,,,,,40,40,0,2,3,0,3,3,1,0,1,9,10,11,1,0,2,0,1,0,6224,0.061,0.096,0.014
753,6.348,6.011,0.001,0.011,0.06,0,0,,0,,,,0,,,,,40,40,0,2,3,0,3,3,1,0,1,9,10,11,1,0,2,0,1,0,6224,0.03,0.045,0.01
754,5.279,4.82,0.001,0.013,0.118,0,0,,0,,,,0,,,,,40,40,0,2,3,0,3,3,1,0,1,9,10,11,1,0,2,0,1,0,6224,0.038,0.051,0.012
755,6.718,6.423,0.001,0.007,0.061,0,0,,0,,,,0,,,,,40,40,0,2,3,0,3,3,1,0,1,9,10,11,1,0,2,0,1,0,6224,0.026,0.04,0.006
756,5.963,5.572,0.001,0.011,0.067,0,0,,0,,,,0,,,,,40,40,0,2,3,0,3,3,1,0,1,9,10,11,1,0,2,0,1,0,6224,0.034,0.051,0.011
757,5.963,5.673,0,0.008,0.052,0,0,,0,,,,0,,,,,40,40,0,2,3,0,3,3,1,0,1,9,10,11,1,0,2,0,1,0,6224,0.027,0.04,0.008
758,4.314,4.068,0,0.005,0.058,0,0,,0,,,,0,,,,,40,40,0,2,3,0,3,3,1,0,1,9,10,11,1,0,2,0,1,0,6224,0.024,0.039,0.005
759,3.553,3.261,0.001,0.008,0.06,0,0,,0,,,,0,,,,,40,40,0,2,3,0,3,3,1,0,1,9,10,11,1,0,2,0,1,0,6224,0.032,0.051,0.005
760,3.227,3.007,0,0.005,0.041,0,0,,0,,,,0,,,,,40,40,0,2,3,0,3,3,1,0,1,9,10,11,1,0,2,0,1,0,6224,0.024,0.037,0.005
761,4.427,4.208,0,0.005,0.046,0,0,,0,,,,0,,,,,40,40,0,2,3,0,3,3,1,0,1,9,10,11,1,0,2,0,1,0,6224,0.022,0.037,0.005
762,3.101,2.868,0,0.004,0.053,0,0,,0,,,,0,,,,,40,40,0,2,3,0,3,3,1,0,1,9,10,11,1,0,2,0,1,0,6224,0.026,0.044,0.005
763,2.525,2.31,0,0.004,0.06,0,0,,0,,,,0,,,,,40,40,0,2,3,0,3,3,1,0,1,9,10,11,1,0,2,0,1,0,6224,0.021,0.036,0.003
764,3.77,3.528,0,0.006,0.053,0,0,,0,,,,0,,,,,40,40,0,2,3,0,3,3,1,0,1,9,10,11,1,0,2,0,1,0,6224,0.025,0.042,0.005
765,3.065,2.852,0,0.005,0.041,0,0,,0,,,,0,,,,,40,40,0,2,3,0,3,3,1,0,1,9,10,11,1,0,2,0,1,0,6224,0.022,0.037,0.004
766,5.787,5.59,0.001,0.004,0.044,0,0,,0,,,,0,,,,,40,40,0,2,3,0,3,3,1,0,1,9,10,11,1,0,2,0,1,0,6224,0.02,0.034,0.004
767,2.18,2.008,0,0.004,0.034,0,0,,0,,,,0,,,,,40,40,0,2,3,0,3,3,1,0,1,9,10,11,1,0,2,0,1,0,6224,0.02,0.034,0.003
768,2.11,1.903,0,0.005,0.038,0,0,,0,,,,0,,,,,40,40,0,2,3,0,3,3,1,0,1,9,10,11,1,0,2,0,1,0,6224,0.023,0.038,0.004
769,4.182,3.609,0.001,0.014,0.092,0,0,,0,,,,0,,,,,40,40,0,2,3,0,3,3,1,0,1,9,10,11,1,0,2,0,1,0,6224,0.046,0.127,0.014
770,1.87,1.584,0.001,0.007,0.038,0,0,,0,,,,0,,,,,40,40,0,2,3,0,3,3,1,0,1,9,10,11,1,0,2,0,1,0,6224,0.029,0.045,0.007
771,3.1,2.566,0.001,0.013,0.152,0,0,,0,,,,0,,,,,40,40,0,2,3,0,3,3,1,0,1,9,10,11,1,0,2,0,1,0,6224,0.064,0.064,0.011
772,2.883,2.491,0.001,0.009,0.068,0,0,,0,,,,0,,,,,40,40,0,2,3,0,3,3,1,0,1,9,10,11,1,0,2,0,1,0,6224,0.038,0.057,0.01
773,5.551,4.76,0,0.008,0.547,0,0,,0,,,,0,,,,,40,40,0,2,3,0,3,3,1,0,1,9,10,11,1,0,2,0,1,0,6224,0.025,0.038,0.008
774,8.03,7.612,0,0.011,0.057,0,0,,0,,,,0,,,,,40,40,0,2,3,0,3,3,1,0,1,9,10,11,1,0,2,0,1,0,6224,0.045,0.069,0.011
775,8.91,8.491,0.001,0.012,0.066,0,0,,0,,,,0,,,,,40,40,0,2,3,0,3,3,1,0,1,9,10,11,1,0,2,0,1,0,6224,0.042,0.06,0.011
776,6.678,6.249,0,0.014,0.062,0,0,,0,,,,0,,,,,40,40,0,2,3,0,3,3,1,0,1,9,10,11,1,0,2,0,1,0,6224,0.04,0.062,0.012
777,7.929,7.532,0,0.012,0.081,0,0,,0,,,,0,,,,,40,40,0,2,3,0,3,3,1,0,1,9,10,11,1,0,2,0,1,0,6224,0.033,0.052,0.01
778,7.302,6.948,0.001,0.011,0.062,0,0,,0,,,,0,,,,,40,40,0,2,3,0,3,3,1,0,1,9,10,11,1,0,2,0,1,0,6224,0.03,0.046,0.01
779,5.994,5.588,0,0.009,0.065,0,0,,0,,,,0,,,,,40,40,0,2,3,0,3,3,1,0,1,9,10,11,1,0,2,0,1,0,6224,0.04,0.064,0.009
780,7.158,6.752,0,0.011,0.052,0,0,,1,625,229150720,285069312,1,70948032,70948032,167755776,38823561584,40,40,0,2,3,0,3,3,1,0,1,9,10,11,1,0,2,0,1,0,6224,0.043,0.067,0.011
781,5.779,5.447,0,0.01,0.049,0,0,,0,,,,0,,,,,40,40,0,2,3,0,3,3,1,0,1,9,10,11,1,0,2,0,1,0,6224,0.03,0.044,0.009
782,13.898,13.462,0.001,0.014,0.064,0,0,,0,,,,0,,,,,40,40,0,2,3,0,3,3,1,0,1,9,10,11,1,0,2,0,1,0,6224,0.042,0.064,0.012
783,20.807,20.364,0.001,0.013,0.068,0,0,,0,,,,0,,,,,40,40,0,2,3,0,3,3,1,0,1,9,10,11,1,0,2,0,1,0,6224,0.041,0.064,0.012
784,5.838,5.473,0,0.011,0.066,0,0,,0,,,,0,,,,,40,40,0,2,3,0,3,3,1,0,1,9,10,11,1,0,2,0,1,0,6224,0.034,0.05,0.009
785,6.442,6.044,0,0.012,0.073,0,0,,0,,,,0,,,,,40,40,0,2,3,0,3,3,1,0,1,9,10,11,1,0,2,0,1,0,6224,0.033,0.051,0.01
786,5.183,4.867,0.001,0.01,0.061,0,0,,0,,,,0,,,,,40,40,0,2,3,0,3,3,1,0,1,9,10,11,1,0,2,0,1,0,6224,0.029,0.045,0.009
787,3.952,3.62,0.001,0.008,0.071,0,0,,0,,,,0,,,,,40,40,0,2,3,0,3,3,1,0,1,9,10,11,1,0,2,0,1,0,6224,0.033,0.055,0.007
788,3.616,3.296,0,0.008,0.061,0,0,,0,,,,0,,,,,40,40,0,2,3,0,3,3,1,0,1,9,10,11,1,0,2,0,1,0,6224,0.034,0.055,0.008
789,2.836,2.555,0,0.024,0.048,0,0,,0,,,,0,,,,,40,40,0,2,3,0,3,3,1,0,1,9,10,11,1,0,2,0,1,0,6224,0.028,0.045,0.006
790,3.093,2.811,0,0.006,0.056,0,0,,0,,,,0,,,,,40,40,0,2,3,0,3,3,1,0,1,9,10,11,1,0,2,0,1,0,6224,0.025,0.041,0.005
791,2.764,2.522,0,0.005,0.053,0,0,,0,,,,0,,,,,40,40,0,2,3,0,3,3,1,0,1,9,10,11,1,0,2,0,1,0,6224,0.027,0.042,0.005
792,2.103,1.861,0,0.005,0.059,0,0,,0,,,,0,,,,,40,40,0,2,3,0,3,3,1,0,1,9,10,11,1,0,2,0,1,0,6224,0.024,0.04,0.004
793,2.666,2.363,0,0.007,0.054,0,0,,0,,,,0,,,,,40,40,0,2,3,0,3,3,1,0,1,9,10,11,1,0,2,0,1,0,6224,0.028,0.083,0.006
794,2.024,1.729,0,0.007,0.051,0,0,,0,,,,0,,,,,40,40,0,2,3,0,3,3,1,0,1,9,10,11,1,0,2,0,1,0,6224,0.033,0.055,0.006
795,2.878,2.551,0,0.006,0.069,0,0,,0,,,,0,,,,,40,40,0,2,3,0,3,3,1,0,1,9,10,11,1,0,2,0,1,0,6224,0.036,0.057,0.006
796,2.732,2.359,0,0.008,0.084,0,0,,0,,,,0,,,,,40,40,0,2,3,0,3,3,1,0,1,9,10,11,1,0,2,0,1,0,6224,0.036,0.061,0.007
797,2.242,1.908,0,0.008,0.073,0,0,,0,,,,0,,,,,40,40,0,2,3,0,3,3,1,0,1,9,10,11,1,0,2,0,1,0,6224,0.03,0.062,0.007
798,2.027,1.756,0.001,0.006,0.06,0,0,,0,,,,0,,,,,40,40,0,2,3,0,3,3,1,0,1,9,10,11,1,0,2,0,1,0,6224,0.026,0.045,0.005
799,2.439,2.131,0.001,0.007,0.057,0,0,,0,,,,0,,,,,40,40,0,2,3,0,3,3,1,0,1,9,10,11,1,0,2,0,1,0,6224,0.031,0.048,0.006
800,8.707,8.269,0.001,0.01,0.116,0,0,,0,,,,0,,,,,40,40,0,2,3,0,3,3,1,0,1,9,10,11,1,0,2,0,1,0,6224,0.035,0.05,0.011
801,10.215,9.882,0.001,0.012,0.059,0,0,,0,,,,0,,,,,40,40,0,2,3,0,3,3,1,0,1,9,10,11,1,0,2,0,1,0,6224,0.03,0.04,0.009
802,4.765,4.422,0,0.01,0.06,0,0,,0,,,,0,,,,,40,40,0,2,3,0,3,3,1,0,1,9,10,11,1,0,2,0,1,0,6224,0.031,0.047,0.009
803,3.469,3.029,0,0.012,0.08,0,0,,0,,,,0,,,,,40,40,0,2,3,0,3,3,1,0,1,9,10,11,1,0,2,0,1,0,6224,0.039,0.064,0.012
804,3.112,2.83,0,0.006,0.054,0,0,,0,,,,0,,,,,40,40,0,2,3,0,3,3,1,0,1,9,10,11,1,0,2,0,1,0,6224,0.026,0.042,0.007
805,3.442,3.194,0,0.005,0.053,0,0,,0,,,,0,,,,,40,40,0,2,3,0,3,3,1,0,1,9,10,11,1,0,2,0,1,0,6224,0.025,0.038,0.007
806,5.6,5.242,0.001,0.011,0.064,0,0,,0,,,,0,,,,,40,40,0,2,3,0,3,3,1,0,1,9,10,11,1,0,2,0,1,0,6224,0.03,0.044,0.009
807,5.716,5.358,0,0.011,0.065,0,0,,0,,,,0,,,,,40,40,0,2,3,0,3,3,1,0,1,9,10,11,1,0,2,0,1,0,6224,0.032,0.05,0.009
808,6.211,5.908,0.001,0.009,0.054,0,0,,0,,,,0,,,,,40,40,0,2,3,0,3,3,1,0,1,9,10,11,1,0,2,0,1,0,6224,0.026,0.043,0.008
809,6.834,6.492,0.001,0.01,0.056,0,0,,0,,,,0,,,,,40,40,0,2,3,0,3,3,1,0,1,9,10,11,1,0,2,0,1,0,6224,0.031,0.048,0.01
810,5.357,5.085,0,0.008,0.045,0,0,,1,640.625,229150720,285069312,1,70948032,70948032,167755776,38823561584,40,40,0,2,3,0,3,3,1,0,1,9,10,11,1,0,2,0,1,0,6224,0.023,0.04,0.008
811,6.246,5.965,0,0.009,0.05,0,0,,0,,,,0,,,,,40,40,0,2,3,0,3,3,1,0,1,9,10,11,1,0,2,0,1,0,6224,0.025,0.038,0.007
812,5.664,5.108,0,0.013,0.071,0,0,,0,,,,0,,,,,40,40,0,2,3,0,3,3,1,0,1,9,10,11,1,0,2,0,1,0,6224,0.043,0.06,0.013
813,5.13,4.784,0,0.011,0.063,0,0,,0,,,,0,,,,,40,40,0,2,3,0,3,3,1,0,1,9,10,11,1,0,2,0,1,0,6224,0.031,0.049,0.009
814,6.244,5.911,0.001,0.009,0.062,0,0,,0,,,,0,,,,,40,40,0,2,3,0,3,3,1,0,1,9,10,11,1,0,2,0,1,0,6224,0.029,0.046,0.009
815,4.878,4.461,0,0.012,0.075,0,0,,0,,,,0,,,,,40,40,0,2,3,0,3,3,1,0,1,9,10,11,1,0,2,0,1,0,6224,0.032,0.053,0.012
816,5.342,4.891,0.001,0.013,0.066,0,0,,0,,,,0,,,,,40,40,0,2,3,0,3,3,1,0,1,9,10,11,1,0,2,0,1,0,6224,0.053,0.088,0.011
817,6.34,5.942,0.001,0.012,0.069,0,0,,0,,,,0,,,,,40,40,0,2,3,0,3,3,1,0,1,9,10,11,1,0,2,0,1,0,6224,0.035,0.054,0.011
818,6.11,5.772,0,0.011,0.051,0,0,,0,,,,0,,,,,40,40,0,2,3,0,3,3,1,0,1,9,10,11,1,0,2,0,1,0,6224,0.034,0.042,0.01
819,5.022,4.805,0.001,0.003,0.054,0,0,,0,,,,0,,,,,40,40,0,2,3,0,3,3,1,0,1,9,10,11,1,0,2,0,1,0,6224,0.019,0.033,0.004
820,3.765,3.434,0,0.007,0.066,0,0,,0,,,,0,,,,,40,40,0,2,3,0,3,3,1,0,1,9,10,11,1,0,2,0,1,0,6224,0.028,0.055,0.008
821,3.898,3.626,0.001,0.006,0.049,0,0,,0,,,,0,,,,,40,40,0,2,3,0,3,3,1,0,1,9,10,11,1,0,2,0,1,0,6224,0.029,0.047,0.005
822,3.134,2.819,0.001,0.006,0.07,0,0,,0,,,,0,,,,,40,40,0,2,3,0,3,3,1,0,1,9,10,11,1,0,2,0,1,0,6224,0.033,0.054,0.006
823,3.45,3.202,0,0.005,0.048,0,0,,0,,,,0,,,,,40,40,0,2,3,0,3,3,1,0,1,9,10,11,1,0,2,0,1,0,6224,0.028,0.047,0.005
824,3.05,2.855,0,0.003,0.044,0,0,,0,,,,0,,,,,40,40,0,2,3,0,3,3,1,0,1,9,10,11,1,0,2,0,1,0,6224,0.019,0.032,0.003
825,3.226,2.947,0.001,0.006,0.062,0,0,,0,,,,0,,,,,40,40,0,2,3,0,3,3,1,0,1,9,10,11,1,0,2,0,1,0,6224,0.026,0.048,0.005
826,3.441,3.052,0,0.01,0.059,0,0,,0,,,,0,,,,,40,40,0,2,3,0,3,3,1,0,1,9,10,11,1,0,2,0,1,0,6224,0.043,0.067,0.008
827,3.256,3.016,0,0.006,0.052,0,0,,0,,,,0,,,,,40,40,0,2,3,0,3,3,1,0,1,9,10,11,1,0,2,0,1,0,6224,0.024,0.038,0.005
828,3.339,2.961,0,0.008,0.037,0,0,,0,,,,0,,,,,40,40,0,2,3,0,3,3,1,0,1,9,10,11,1,0,2,0,1,0,6224,0.052,0.094,0.007
829,2.538,2.185,0.001,0.005,0.041,0,0,,0,,,,0,,,,,40,40,0,2,3,0,3,3,1,0,1,9,10,11,1,0,2,0,1,0,6224,0.05,0.118,0.007
830,2.61,2.16,0.001,0.012,0.074,0,0,,0,,,,0,,,,,40,40,0,2,3,0,3,3,1,0,1,9,10,11,1,0,2,0,1,0,6224,0.054,0.086,0.01
831,2.77,2.489,0.001,0.007,0.06,0,0,,0,,,,0,,,,,40,40,0,2,3,0,3,3,1,0,1,9,10,11,1,0,2,0,1,0,6224,0.029,0.047,0.006
832,2.196,1.76,0.001,0.01,0.052,0,0,,0,,,,0,,,,,40,40,0,2,3,0,3,3,1,0,1,9,10,11,1,0,2,0,1,0,6224,0.064,0.095,0.006
833,2.399,1.962,0,0.012,0.07,0,0,,0,,,,0,,,,,40,40,0,2,3,0,3,3,1,0,1,9,10,11,1,0,2,0,1,0,6224,0.054,0.073,0.008
834,2.736,2.446,0,0.006,0.044,0,0,,0,,,,0,,,,,40,40,0,2,3,0,3,3,1,0,1,9,10,11,1,0,2,0,1,0,6224,0.031,0.048,0.007
835,2.352,2.086,0,0.005,0.047,0,0,,0,,,,0,,,,,40,40,0,2,3,0,3,3,1,0,1,9,10,11,1,0,2,0,1,0,6224,0.029,0.047,0.005
836,2.737,2.397,0,0.007,0.068,0,0,,0,,,,0,,,,,40,40,0,2,3,0,3,3,1,0,1,9,10,11,1,0,2,0,1,0,6224,0.032,0.078,0.006
837,2.081,1.749,0,0.008,0.056,0,0,,0,,,,0,,,,,40,40,0,2,3,0,3,3,1,0,1,9,10,11,1,0,2,0,1,0,6224,0.039,0.064,0.006
838,2.925,2.636,0,0.006,0.051,0,0,,0,,,,0,,,,,40,40,0,2,3,0,3,3,1,0,1,9,10,11,1,0,2,0,1,0,6224,0.028,0.043,0.008
839,2.548,2.1,0,0.011,0.057,0,0,,0,,,,0,,,,,40,40,0,2,3,0,3,3,1,0,1,9,10,11,1,0,2,0,1,0,6224,0.052,0.08,0.011
840,2.889,2.462,0.001,0.012,0.086,0,0,,1,671.875,229216256,285069312,1,70948032,70948032,167755776,38823561584,40,40,0,2,3,0,3,3,1,0,1,9,10,11,1,0,2,0,1,0,6224,0.041,0.064,0.009
841,2.485,2.16,0,0.007,0.062,0,0,,0,,,,0,,,,,40,40,0,2,3,0,3,3,1,0,1,9,10,11,1,0,2,0,1,0,6224,0.031,0.05,0.008
842,2.431,2.082,0.001,0.008,0.078,0,0,,0,,,,0,,,,,40,40,0,2,3,0,3,3,1,0,1,9,10,11,1,0,2,0,1,0,6224,0.036,0.061,0.006
843,3.782,3.386,0,0.01,0.053,0,0,,0,,,,0,,,,,40,40,0,2,3,0,3,3,1,0,1,9,10,11,1,0,2,0,1,0,6224,0.054,0.093,0.009
844,8.577,8.261,0.001,0.008,0.058,0,0,,0,,,,0,,,,,40,40,0,2,3,0,3,3,1,0,1,9,10,11,1,0,2,0,1,0,6224,0.028,0.044,0.008
845,7.539,7.301,0,0.005,0.049,0,0,,0,,,,0,,,,,40,40,0,2,3,0,3,3,1,0,1,9,10,11,1,0,2,0,1,0,6224,0.027,0.045,0.004
846,7.863,7.413,0,0.006,0.059,0,0,,0,,,,0,,,,,40,40,0,2,3,0,3,3,1,0,1,9,10,11,1,0,2,0,1,0,6224,0.028,0.043,0.04
847,6.169,5.859,0,0.012,0.031,0,0,,0,,,,0,,,,,40,40,0,2,3,0,3,3,1,0,1,9,10,11,1,0,2,0,1,0,6224,0.051,0.054,0.007
848,8.334,8.006,0,0.009,0.051,0,0,,0,,,,0,,,,,40,40,0,2,3,0,3,3,1,0,1,9,10,11,1,0,2,0,1,0,6224,0.032,0.048,0.01
849,5.288,4.936,0,0.01,0.075,0,0,,0,,,,0,,,,,40,40,0,2,3,0,3,3,1,0,1,9,10,11,1,0,2,0,1,0,6224,0.029,0.042,0.008
850,5.308,4.994,0.001,0.008,0.063,0,0,,0,,,,0,,,,,40,40,0,2,3,0,3,3,1,0,1,9,10,11,1,0,2,0,1,0,6224,0.027,0.045,0.008
851,13.969,13.586,0.001,0.014,0.061,0,0,,0,,,,0,,,,,40,40,0,2,3,0,3,3,1,0,1,9,10,11,1,0,2,0,1,0,6224,0.035,0.051,0.009
852,7.875,7.438,0,0.011,0.056,0,0,,0,,,,0,,,,,40,40,0,2,3,0,3,3,1,0,1,9,10,11,1,0,2,0,1,0,6224,0.046,0.074,0.011
853,9.691,9.226,0,0.014,0.055,0,0,,0,,,,0,,,,,40,40,0,2,3,0,3,3,1,0,1,9,10,11,1,0,2,0,1,0,6224,0.055,0.089,0.012
854,3.563,3.277,0,0.011,0.045,0,0,,0,,,,0,,,,,40,40,0,2,3,0,3,3,1,0,1,9,10,11,1,0,2,0,1,0,6224,0.039,0.049,0.005
855,3.185,2.82,0,0.01,0.056,0,0,,0,,,,0,,,,,40,40,0,2,3,0,3,3,1,0,1,9,10,11,1,0,2,0,1,0,6224,0.042,0.067,0.008
856,2.942,2.604,0,0.01,0.062,0,0,,0,,,,0,,,,,40,40,0,2,3,0,3,3,1,0,1,9,10,11,1,0,2,0,1,0,6224,0.034,0.057,0.008
857,3.472,3.188,0,0.007,0.037,0,0,,0,,,,0,,,,,40,40,0,2,3,0,3,3,1,0,1,9,10,11,1,0,2,0,1,0,6224,0.034,0.054,0.006
858,2.888,2.624,0,0.006,0.045,0,0,,0,,,,0,,,,,40,40,0,2,3,0,3,3,1,0,1,9,10,11,1,0,2,0,1,0,6224,0.033,0.059,0.004
859,2.973,2.603,0,0.007,0.054,0,0,,0,,,,0,,,,,40,40,0,2,3,0,3,3,1,0,1,9,10,11,1,0,2,0,1,0,6224,0.042,0.065,0.007
860,3.278,2.949,0,0.008,0.046,0,0,,0,,,,0,,,,,40,40,0,2,3,0,3,3,1,0,1,9,10,11,1,0,2,0,1,0,6224,0.028,0.074,0.009
861,3.133,2.771,0.001,0.011,0.031,0,0,,0,,,,0,,,,,40,40,0,2,3,0,3,3,1,0,1,9,10,11,1,0,2,0,1,0,6224,0.093,0.065,0.006
862,4.377,3.994,0.001,0.013,0.042,0,0,,0,,,,0,,,,,40,40,0,2,3,0,3,3,1,0,1,9,10,11,1,0,2,0,1,0,6224,0.047,0.068,0.011
863,5.099,4.727,0,0.01,0.049,0,0,,0,,,,0,,,,,40,40,0,2,3,0,3,3,1,0,1,9,10,11,1,0,2,0,1,0,6224,0.052,0.071,0.007
864,5.304,5.023,0.001,0.007,0.042,0,0,,0,,,,0,,,,,40,40,0,2,3,0,3,3,1,0,1,9,10,11,1,0,2,0,1,0,6224,0.024,0.036,0.009
865,4.639,4.268,0.001,0.008,0.044,0,0,,0,,,,0,,,,,40,40,0,2,3,0,3,3,1,0,1,9,10,11,1,0,2,0,1,0,6224,0.048,0.077,0.01
866,5.795,5.441,0,0.01,0.072,0,0,,0,,,,0,,,,,40,40,0,2,3,0,3,3,1,0,1,9,10,11,1,0,2,0,1,0,6224,0.032,0.049,0.009
867,5.525,5.216,0.001,0.008,0.039,0,0,,0,,,,0,,,,,40,40,0,2,3,0,3,3,1,0,1,9,10,11,1,0,2,0,1,0,6224,0.027,0.045,0.009
868,5.732,5.298,0.001,0.009,0.043,0,0,,0,,,,0,,,,,40,40,0,2,3,0,3,3,1,0,1,9,10,11,1,0,2,0,1,0,6224,0.05,0.078,0.011
869,4.464,4.163,0,0.007,0.049,0,0,,0,,,,0,,,,,40,40,0,2,3,0,3,3,1,0,1,9,10,11,1,0,2,0,1,0,6224,0.038,0.064,0.006
870,5.153,4.667,0,0.009,0.062,0,0,,1,765.625,229216256,285069312,1,70948032,70948032,167755776,38823561584,40,40,0,2,3,0,3,3,1,0,1,9,10,11,1,0,2,0,1,0,6224,0.166,0.046,0.008
871,12.754,12.346,0,0.012,0.052,0,0,,0,,,,0,,,,,40,40,0,2,3,0,3,3,1,0,1,9,10,11,1,0,2,0,1,0,6224,0.047,0.07,0.012
872,7.686,7.245,0.001,0.013,0.061,0,0,,0,,,,0,,,,,40,40,0,2,3,0,3,3,1,0,1,9,10,11,1,0,2,0,1,0,6224,0.061,0.051,0.011
873,7.201,6.903,0.001,0.008,0.05,0,0,,0,,,,0,,,,,40,40,0,2,3,0,3,3,1,0,1,9,10,11,1,0,2,0,1,0,6224,0.027,0.043,0.008
874,16.182,15.812,0,0.011,0.063,0,0,,0,,,,0,,,,,40,40,0,2,3,0,3,3,1,0,1,9,10,11,1,0,2,0,1,0,6224,0.032,0.046,0.011
875,3.947,3.579,0,0.01,0.062,0,0,,0,,,,0,,,,,40,40,0,2,3,0,3,3,1,0,1,9,10,11,1,0,2,0,1,0,6224,0.032,0.057,0.01
876,2.715,2.329,0,0.008,0.084,0,0,,0,,,,0,,,,,40,40,0,2,3,0,3,3,1,0,1,9,10,11,1,0,2,0,1,0,6224,0.028,0.066,0.011
877,2.591,2.199,0,0.009,0.067,0,0,,0,,,,0,,,,,40,40,0,2,3,0,3,3,1,0,1,9,10,11,1,0,2,0,1,0,6224,0.037,0.071,0.01
878,3.296,2.883,0.001,0.011,0.074,0,0,,0,,,,0,,,,,40,40,0,2,3,0,3,3,1,0,1,9,10,11,1,0,2,0,1,0,6224,0.042,0.068,0.01
879,3.249,2.795,0.001,0.011,0.093,0,0,,0,,,,0,,,,,40,40,0,2,3,0,3,3,1,0,1,9,10,11,1,0,2,0,1,0,6224,0.05,0.083,0.007
880,4.148,3.811,0.001,0.009,0.068,0,0,,0,,,,0,,,,,40,40,0,2,3,0,3,3,1,0,1,9,10,11,1,0,2,0,1,0,6224,0.034,0.057,0.008
881,4.752,4.391,0.001,0.01,0.052,0,0,,0,,,,0,,,,,40,40,0,2,3,0,3,3,1,0,1,9,10,11,1,0,2,0,1,0,6224,0.034,0.052,0.01
882,4.167,3.883,0,0.007,0.049,0,0,,0,,,,0,,,,,40,40,0,2,3,0,3,3,1,0,1,9,10,11,1,0,2,0,1,0,6224,0.027,0.042,0.007
883,5.18,4.893,0,0.007,0.055,0,0,,0,,,,0,,,,,40,40,0,2,3,0,3,3,1,0,1,9,10,11,1,0,2,0,1,0,6224,0.028,0.043,0.008
884,5.828,5.496,0,0.01,0.054,0,0,,0,,,,0,,,,,40,40,0,2,3,0,3,3,1,0,1,9,10,11,1,0,2,0,1,0,6224,0.029,0.043,0.01
885,4.667,4.398,0.001,0.007,0.041,0,0,,0,,,,0,,,,,40,40,0,2,3,0,3,3,1,0,1,9,10,11,1,0,2,0,1,0,6224,0.042,0.041,0.006
886,3.707,3.508,0,0.004,0.041,0,0,,0,,,,0,,,,,40,40,0,2,3,0,3,3,1,0,1,9,10,11,1,0,2,0,1,0,6224,0.023,0.037,0.004
887,2.231,2.062,0,0.003,0.041,0,0,,0,,,,0,,,,,40,40,0,2,3,0,3,3,1,0,1,9,10,11,1,0,2,0,1,0,6224,0.017,0.03,0.003
888,2.242,2.04,0,0.005,0.045,0,0,,0,,,,0,,,,,40,40,0,2,3,0,3,3,1,0,1,9,10,11,1,0,2,0,1,0,6224,0.023,0.038,0.003
889,2.192,1.975,0,0.005,0.056,0,0,,0,,,,0,,,,,40,40,0,2,3,0,3,3,1,0,1,9,10,11,1,0,2,0,1,0,6224,0.02,0.034,0.004
890,3.143,2.882,0,0.006,0.052,0,0,,0,,,,0,,,,,40,40,0,2,3,0,3,3,1,0,1,9,10,11,1,0,2,0,1,0,6224,0.028,0.043,0.006
891,2.271,2.053,0,0.006,0.047,0,0,,0,,,,0,,,,,40,40,0,2,3,0,3,3,1,0,1,9,10,11,1,0,2,0,1,0,6224,0.022,0.039,0.004
892,2.363,2.165,0,0.004,0.046,0,0,,0,,,,0,,,,,40,40,0,2,3,0,3,3,1,0,1,9,10,11,1,0,2,0,1,0,6224,0.02,0.035,0.004
893,2.132,1.948,0.001,0.003,0.055,0,0,,0,,,,0,,,,,40,40,0,2,3,0,3,3,1,0,1,9,10,11,1,0,2,0,1,0,6224,0.018,0.03,0.003
894,2.249,2.068,0,0.004,0.044,0,0,,0,,,,0,,,,,40,40,0,2,3,0,3,3,1,0,1,9,10,11,1,0,2,0,1,0,6224,0.019,0.032,0.003
895,2.614,2.426,0,0.004,0.043,0,0,,0,,,,0,,,,,40,40,0,2,3,0,3,3,1,0,1,9,10,11,1,0,2,0,1,0,6224,0.02,0.034,0.003
896,2.188,1.966,0,0.005,0.054,0,0,,0,,,,0,,,,,40,40,0,2,3,0,3,3,1,0,1,9,10,11,1,0,2,0,1,0,6224,0.023,0.037,0.004
897,3.18,2.994,0,0.003,0.067,0,0,,0,,,,0,,,,,40,40,0,2,3,0,3,3,1,0,1,9,10,11,1,0,2,0,1,0,6224,0.016,0.027,0.003
898,2.339,2.052,0,0.008,0.032,0,0,,0,,,,0,,,,,40,40,0,2,3,0,3,3,1,0,1,9,10,11,1,0,2,0,1,0,6224,0.037,0.06,0.006
899,3.566,3.233,0,0.008,0.035,0,0,,0,,,,0,,,,,40,40,0,2,3,0,3,3,1,0,1,9,10,11,1,0,2,0,1,0,6224,0.043,0.085,0.008
900,3.237,3.05,0,0.005,0.039,0,0,,1,796.875,229216256,285069312,1,70948032,70948032,167755776,38823561584,40,40,0,2,3,0,3,3,1,0,1,9,10,11,1,0,2,0,1,0,6224,0.019,0.029,0.004
901,4.026,3.52,0,0.004,0.131,0,0,,0,,,,0,,,,,40,40,0,2,3,0,3,3,1,0,1,9,10,11,1,0,2,0,1,0,6224,0.037,0.07,0.008
902,3.17,2.816,0.001,0.011,0.054,0,0,,0,,,,0,,,,,40,40,0,2,3,0,3,3,1,0,1,9,10,11,1,0,2,0,1,0,6224,0.036,0.05,0.01
903,5.263,4.847,0.001,0.012,0.07,0,0,,0,,,,0,,,,,40,40,0,2,3,0,3,3,1,0,1,9,10,11,1,0,2,0,1,0,6224,0.038,0.067,0.011
904,5.516,5.231,0,0.007,0.055,0,0,,0,,,,0,,,,,40,40,0,2,3,0,3,3,1,0,1,9,10,11,1,0,2,0,1,0,6224,0.023,0.032,0.008
905,5.738,5.389,0,0.007,0.051,0,0,,0,,,,0,,,,,40,40,0,2,3,0,3,3,1,0,1,9,10,11,1,0,2,0,1,0,6224,0.021,0.06,0.011
906,6.734,6.374,0.001,0.01,0.046,0,0,,0,,,,0,,,,,40,40,0,2,3,0,3,3,1,0,1,9,10,11,1,0,2,0,1,0,6224,0.049,0.053,0.008
907,7.01,6.615,0.001,0.017,0.065,0,0,,0,,,,0,,,,,40,40,0,2,3,0,3,3,1,0,1,9,10,11,1,0,2,0,1,0,6224,0.031,0.05,0.011
908,3.156,2.782,0.001,0.009,0.039,0,0,,0,,,,0,,,,,40,40,0,2,3,0,3,3,1,0,1,9,10,11,1,0,2,0,1,0,6224,0.049,0.074,0.01
909,3.17,2.817,0.001,0.012,0.036,0,0,,0,,,,0,,,,,40,40,0,2,3,0,3,3,1,0,1,9,10,11,1,0,2,0,1,0,6224,0.049,0.051,0.008
910,6.342,5.999,0,0.008,0.027,0,0,,0,,,,0,,,,,40,40,0,2,3,0,3,3,1,0,1,9,10,11,1,0,2,0,1,0,6224,0.044,0.112,0.006
911,3.275,2.847,0,0.011,0.122,0,0,,0,,,,0,,,,,40,40,0,2,3,0,3,3,1,0,1,9,10,11,1,0,2,0,1,0,6224,0.042,0.063,0.007
912,4.105,3.7,0,0.01,0.041,0,0,,0,,,,0,,,,,40,40,0,2,3,0,3,3,1,0,1,9,10,11,1,0,2,0,1,0,6224,0.06,0.094,0.009
913,3.21,2.876,0.001,0.009,0.037,0,0,,0,,,,0,,,,,40,40,0,2,3,0,3,3,1,0,1,9,10,11,1,0,2,0,1,0,6224,0.051,0.079,0.005
914,3.14,2.866,0,0.006,0.026,0,0,,0,,,,0,,,,,40,40,0,2,3,0,3,3,1,0,1,9,10,11,1,0,2,0,1,0,6224,0.043,0.072,0.005
915,3.088,2.877,0,0.005,0.042,0,0,,0,,,,0,,,,,40,40,0,2,3,0,3,3,1,0,1,9,10,11,1,0,2,0,1,0,6224,0.031,0.05,0.003
916,4.119,3.657,0.001,0.011,0.098,0,0,,0,,,,0,,,,,40,40,0,2,3,0,3,3,1,0,1,9,10,11,1,0,2,0,1,0,6224,0.044,0.07,0.011
917,3.061,2.636,0.001,0.011,0.072,0,0,,0,,,,0,,,,,40,40,0,2,3,0,3,3,1,0,1,9,10,11,1,0,2,0,1,0,6224,0.045,0.073,0.01
918,2.961,2.67,0,0.007,0.036,0,0,,0,,,,0,,,,,40,40,0,2,3,0,3,3,1,0,1,9,10,11,1,0,2,0,1,0,6224,0.033,0.055,0.006
919,5.626,5.427,0.001,0.004,0.036,0,0,,0,,,,0,,,,,40,40,0,2,3,0,3,3,1,0,1,9,10,11,1,0,2,0,1,0,6224,0.019,0.03,0.005
920,4.428,4.114,0,0.008,0.05,0,0,,0,,,,0,,,,,40,40,0,2,3,0,3,3,1,0,1,9,10,11,1,0,2,0,1,0,6224,0.026,0.051,0.008
921,6.528,6.13,0,0.011,0.049,0,0,,0,,,,0,,,,,40,40,0,2,3,0,3,3,1,0,1,9,10,11,1,0,2,0,1,0,6224,0.048,0.044,0.009
922,5.808,5.517,0,0.007,0.047,0,0,,0,,,,0,,,,,40,40,0,2,3,0,3,3,1,0,1,9,10,11,1,0,2,0,1,0,6224,0.026,0.039,0.008
923,8.161,7.795,0,0.009,0.05,0,0,,0,,,,0,,,,,40,40,0,2,3,0,3,3,1,0,1,9,10,11,1,0,2,0,1,0,6224,0.026,0.052,0.027
924,6.486,6.173,0,0.01,0.053,0,0,,0,,,,0,,,,,40,40,0,2,3,0,3,3,1,0,1,9,10,11,1,0,2,0,1,0,6224,0.029,0.043,0.01
925,7.62,7.291,0,0.01,0.05,0,0,,0,,,,0,,,,,40,40,0,2,3,0,3,3,1,0,1,9,10,11,1,0,2,0,1,0,6224,0.029,0.038,0.01
926,10.227,9.905,0.001,0.01,0.057,0,0,,0,,,,0,,,,,40,40,0,2,3,0,3,3,1,0,1,9,10,11,1,0,2,0,1,0,6224,0.025,0.038,0.009
927,3.774,3.533,0,0.005,0.031,0,0,,0,,,,0,,,,,40,40,0,2,3,0,3,3,1,0,1,9,10,11,1,0,2,0,1,0,6224,0.023,0.036,0.005
928,2.812,2.553,0,0.006,0.038,0,0,,0,,,,0,,,,,40,40,0,2,3,0,3,3,1,0,1,9,10,11,1,0,2,0,1,0,6224,0.025,0.04,0.007
929,1.813,1.59,0,0.005,0.032,0,0,,0,,,,0,,,,,40,40,0,2,3,0,3,3,1,0,1,9,10,11,1,0,2,0,1,0,6224,0.021,0.038,0.005
930,3.558,3.247,0.001,0.007,0.059,0,0,,1,828.125,229216256,285069312,1,70948032,70948032,167755776,38823561584,40,40,0,2,3,0,3,3,1,0,1,9,10,11,1,0,2,0,1,0,6224,0.032,0.049,0.007
931,2.294,2.055,0,0.005,0.055,0,0,,0,,,,0,,,,,40,40,0,2,3,0,3,3,1,0,1,9,10,11,1,0,2,0,1,0,6224,0.024,0.042,0.005
932,6.045,5.824,0,0.006,0.046,0,0,,0,,,,0,,,,,40,40,0,2,3,0,3,3,1,0,1,9,10,11,1,0,2,0,1,0,6224,0.021,0.035,0.005
933,3.176,2.933,0,0.007,0.042,0,0,,0,,,,0,,,,,40,40,0,2,3,0,3,3,1,0,1,9,10,11,1,0,2,0,1,0,6224,0.025,0.04,0.006
934,4.262,3.952,0.001,0.007,0.051,0,0,,0,,,,0,,,,,40,40,0,2,3,0,3,3,1,0,1,9,10,11,1,0,2,0,1,0,6224,0.025,0.046,0.008
935,4.217,3.928,0.001,0.006,0.065,0,0,,0,,,,0,,,,,40,40,0,2,3,0,3,3,1,0,1,9,10,11,1,0,2,0,1,0,6224,0.03,0.05,0.006
936,2.021,1.74,0,0.006,0.051,0,0,,0,,,,0,,,,,40,40,0,2,3,0,3,3,1,0,1,9,10,11,1,0,2,0,1,0,6224,0.032,0.054,0.005
937,8.222,7.821,0,0.012,0.051,0,0,,0,,,,0,,,,,40,40,0,2,3,0,3,3,1,0,1,9,10,11,1,0,2,0,1,0,6224,0.05,0.042,0.01
938,6.694,6.329,0.001,0.016,0.062,0,0,,0,,,,0,,,,,40,40,0,2,3,0,3,3,1,0,1,9,10,11,1,0,2,0,1,0,6224,0.03,0.051,0.009
939,6.653,5.832,0,0.043,0.085,0,0,,0,,,,0,,,,,40,40,0,2,3,0,3,3,1,0,1,9,10,11,1,0,2,0,1,0,6224,0.046,0.068,0.012
940,4.508,4.189,0.001,0.01,0.052,0,0,,0,,,,0,,,,,40,40,0,2,3,0,3,3,1,0,1,9,10,11,1,0,2,0,1,0,6224,0.027,0.042,0.009
941,5.062,4.85,0,0.005,0.043,0,0,,0,,,,0,,,,,40,40,0,2,3,0,3,3,1,0,1,9,10,11,1,0,2,0,1,0,6224,0.023,0.039,0.005
942,2.254,2.051,0.001,0.004,0.045,0,0,,0,,,,0,,,,,40,40,0,2,3,0,3,3,1,0,1,9,10,11,1,0,2,0,1,0,6224,0.022,0.037,0.004
943,2.859,2.657,0,0.005,0.046,0,0,,0,,,,0,,,,,40,40,0,2,3,0,3,3,1,0,1,9,10,11,1,0,2,0,1,0,6224,0.021,0.035,0.004

summary_metric,count,median,p95,p99
wall_ms,944,4.0195,11.113,26.16625
frame_wait_ms,944,3.684,10.72525,25.74154
scene_advance_ms,944,0,0.001,0.001
view_build_ms,944,0.009,0.014,0.02357
render_submit_ms,944,0.0485,0.092,0.1747
gpu_ms,944,3.40239575027,9.07356488264,25.0067582437

gpu_sample_serial,gpu_ms
344,15.6056767023
345,32.4726033739
346,6.10739568423
347,8.83124978439
348,7.09989566
349,5.77359360904
350,6.54880192345
351,29.7853638562
352,38.4674469775
353,6.34109359519
354,4.59880197106
355,4.42343739201
356,5.4450519504
357,3.98052073615
358,4.03098948492
359,4.58848947131
360,4.51416655646
361,4.26755197915
362,5.18005195687
363,4.33255197756
364,4.41526030887
365,5.2962498707
366,4.40979155901
367,4.81239571584
368,4.76645821696
369,4.6448436366
370,4.54427072239
371,5.43697903393
372,1.95161453569
373,1.94151036927
374,4.33234364423
375,3.26906242019
376,2.69182285095
377,3.47651033179
378,3.37416658429
379,2.08416661578
380,2.83395826414
381,4.74906238406
382,3.58083324591
383,2.90562492906
384,3.35927075132
385,2.13437494789
386,1.95041661905
387,1.93177078617
388,1.93057286953
389,1.93145828618
390,1.94619786915
391,2.45817702332
392,2.71234368378
393,2.71963535027
394,3.87520823872
395,5.77744777562
396,5.39770820155
397,4.37114572662
398,2.73562493321
399,2.69713535082
400,2.6720832681
401,3.481718665
402,3.1389582567
403,3.22578117125
404,2.69104160097
405,2.69260410093
406,3.89234365497
407,2.84968743043
408,3.1363540901
409,5.17015612378
410,2.34520827608
411,2.73192701664
412,2.06838536617
413,2.08916661566
414,2.08067703254
415,2.07020828279
416,2.4959895224
417,2.59052077009
418,2.40067702472
419,1.96109370212
420,1.95057286905
421,1.94749995245
422,1.93265620282
423,2.65760410178
424,3.74583324188
425,4.97348946191
426,4.62588530373
427,1.94874995242
428,5.40229153477
429,2.96473951095
430,2.63343743571
431,2.08833328235
432,2.68593743443
433,7.13479149248
434,5.7670311092
435,3.90906240456
436,2.71078118382
437,2.71338535042
438,3.30171866939
439,5.2525519551
440,4.60557280423
441,3.0349999259
442,2.72010410026
443,2.09677078214
444,2.08739578237
445,2.52291660507
446,2.06958328281
447,2.73104159999
448,5.89093735618
449,7.11343732633
450,3.62755199477
451,3.10473950753
452,6.93281233074
453,6.51895817418
454,8.16697896728
455,5.00968737769
456,2.88593742954
457,2.92703117854
458,4.8976040471
459,2.9027603458
460,4.07802073377
461,3.00192701004
462,5.92317693872
463,4.59203113789
464,2.90609367905
465,2.86531243005
466,4.02354156844
467,5.57854153047
468,7.25328107292
469,2.82187493111
470,2.87817701307
471,2.09552078217
472,2.09869786543
473,2.0836978658
474,2.07447911602
475,3.05104159218
476,4.91890612991
477,2.77624993222
478,2.67973951791
479,4.33036447761
480,4.34333322729
481,5.8888540229
482,3.41046866674
483,3.37442700095
484,3.30864575256
485,8.28244771446
486,4.51078113987
487,4.51973947299
488,4.45906239114
489,5.60078111326
490,4.76421863369
491,4.94656237923
492,5.0407290436
493,5.24140612204
494,6.62776025486
495,5.55708319766
496,5.57458319724
497,6.09692693448
498,6.90192691483
499,6.87197899889
500,6.17260401597
501,3.77130199126
502,3.01135409315
503,2.89973951254
504,2.85791659689
505,2.80880201476
506,3.40953116676
507,14.8515621374
508,4.93229154625
509,17.817343315
510,4.97281237859
511,5.06494779301
512,6.17302068262
513,5.52499986511
514,5.75213527623
515,5.97177068754
516,6.17937484914
517,9.20807269186
518,5.2140623727
519,2.73458326657
520,2.73963534978
521,4.41161447563
522,2.78078118211
523,4.25677072941
524,7.29479148857
525,8.70135395423
526,4.92442696311
527,5.0532290433
528,6.25880193053
529,5.17692695694
530,12.2263538682
531,12.4660413623
532,5.06880195958
533,4.80854154927
534,7.34479148735
535,5.12286445826
536,4.86760404783
537,4.82911446544
538,4.49947905682
539,5.50453111561
540,4.69411446873
541,4.86588529787
542,5.13614570794
543,26.1386451952
544,19.3842703601
545,25.1940098016
546,5.24520820528
547,5.44093736716
548,25.3334889648
549,15.264947544
550,4.77213530016
551,21.9533327974
552,4.87770821425
553,4.86791654782
554,5.14406237441
555,13.37822884
556,41.3573948236
557,4.92723946304
558,10.3256768312
559,8.33958312973
560,6.64031233788
561,7.88979147404
562,7.0916144102
563,29.1629159547
564,6.92552066425
565,7.7781248101
566,21.1526036502
567,5.30239570388
568,9.00640603012
569,17.3618224928
570,5.77156235909
571,10.6802601559
572,26.1926556105
573,24.7585410622
574,6.0102081866
575,8.60796853984
576,8.15505188424
577,7.54708314908
578,6.85734358258
579,8.38302062867
580,7.8655206413
581,10.7073955719
582,5.78973944198
583,10.3976039128
584,17.5336454053
585,28.8549472122
586,16.6005725114
587,7.72739564468
588,6.87854149873
589,5.53177069828
590,10.9017184838
591,8.77968728565
592,21.6977598869
593,5.52604153175
594,8.64145812236
595,7.67354147932
596,10.9971351482
597,8.15026021769
598,10.1318226693
599,5.24749987189
600,5.06031237646
601,3.67098949371
602,2.87973951303
603,8.57145812407
604,2.06088536635
605,2.09661453215
606,2.86343743009
607,2.77447909893
608,2.52661452165
609,2.0603124497
610,2.78208326541
611,3.58281241253
612,3.78895824083
613,2.07390619937
614,2.66588535158
615,2.0942707822
616,2.07531244933
617,2.09109369895
618,2.07203119941
619,2.09385411555
620,2.08645828239
621,5.89906235598
622,4.0563019843
623,2.77541659891
624,5.14692695768
625,4.52583322284
626,3.69359365982
627,2.05630203313
628,2.07390619937
629,2.08401036579
630,2.08427078245
631,2.08104161586
632,2.07354161604
633,3.78713532421
634,4.8550519648
635,4.72828113456
636,5.90260402256
637,1.95406245229
638,1.95588536892
639,1.92312495305
640,3.536145747
641,2.46822910641
642,2.08411453245
643,2.08187494917
644,3.66588532717
645,3.59692699552
646,2.2227603624
647,2.07994786589
648,2.09359369889
649,2.08135411585
650,2.06635411622
651,2.07619786598
652,2.75406243276
653,2.08046869921
654,2.08276036582
655,2.07546869933
656,2.22197911242
657,3.52593741392
658,5.24828112187
659,5.6580206952
660,2.46161452324
661,1.94421870253
662,2.47348952295
663,2.88166659631
664,2.86651034668
665,3.51885408076
666,4.22192698026
667,5.48286444947
668,3.78645824089
669,3.02385409284
670,3.37098950103
671,6.51624984091
672,2.71713535033
673,2.72916660004
674,3.26609367026
675,4.35499989368
676,2.81005201473
677,2.70468743397
678,2.35265619256
679,2.64973951864
680,2.64713535204
681,3.48973949813
682,2.58510410355
683,3.14536450654
684,2.51531243859
685,3.36770825111
686,2.50791660544
687,2.50703118879
688,2.51635410523
689,2.51348952197
690,24.3008848234
691,5.47979153288
692,2.52760410496
693,2.53104160487
694,3.79859365726
695,2.49765618902
696,3.14036450666
697,2.51916660516
698,2.5041145222
699,4.91395821336
700,5.14807279098
701,3.986770736
702,6.04999985229
703,5.22999987231
704,2.14526036429
705,1.95093745237
706,2.57213535387
707,1.92874995291
708,1.93395828612
709,2.83463534746
710,1.9647916187
711,9.66927059727
712,3.25036450398
713,4.18671864779
714,5.99687485359
715,3.25473950387
716,3.30348950268
717,2.58531243688
718,2.71640618368
719,2.71744785032
720,6.75817691834
721,6.59630192229
722,2.4877082726
723,2.93140617843
724,2.08932286566
725,2.09906244875
726,2.08880203234
727,2.07078119944
728,2.09635411549
729,2.08885411567
730,2.54385410456
731,2.0983332821
732,2.08848953234
733,16.1498433557
734,5.75473944284
735,5.27687487117
736,4.85317696485
737,2.92026034537
738,2.73692701651
739,2.7417707664
740,2.68354160115
741,3.36156241793
742,2.67880201793
743,2.65302076856
744,2.20296869622
745,1.93916661932
746,2.47937493947
747,4.5548436388
748,4.40687489241
749,5.07755195937
750,4.52281238958
751,4.4057290591
752,2.68249993451
753,3.22744783787
754,2.91583326215
755,3.38567700068
756,6.73494775224
757,4.22463531353
758,4.3389582274
759,4.65218738642
760,4.6612498862
761,5.80036444172
762,17.5900516539
763,5.12473945822
764,5.41124986789
765,6.36046859472
766,5.41015611792
767,5.68343736124
768,3.86171865572
769,3.09499992444
770,4.63291655356
771,5.45177070023
772,4.56453113856
773,3.31999991895
774,8.62192687284
775,5.94421860488
776,4.90973946347
777,4.58369780476
778,5.54427069798
779,8.26874979813
780,11.989635124
781,5.52796861504
782,4.77510405009
783,4.5233332229
784,1.93682286938
785,2.04541661673
786,3.49843741459
787,2.0809374492
788,2.07515619934
789,2.41026035782
790,7.33921857082
791,7.31947898797
792,3.34817700159
793,2.76536451582
794,2.71760410032
795,2.60880201964
796,2.41729160765
797,1.93791661935
798,1.93505203609
799,2.0876041157
800,2.07713536596
801,2.06630203289
802,2.07723953262
803,2.0902082823
804,2.66427076829
805,3.52687491389
806,4.79864571618
807,5.15499987415
808,2.81380201464
809,2.80713534813
810,5.92614568865
811,7.38317690308
812,5.51109361545
813,3.10093742429
814,6.06838526851
815,6.52010400748
816,5.65489569527
817,2.075416616
818,2.07453119935
819,2.07661453263
820,1.98411453489
821,1.9454687025
822,2.65546868517
823,7.1773956581
824,1.93192703617
825,4.32640614437
826,2.84510409721
827,2.93333326172
828,2.72526035013
829,2.53489577145
830,3.84312490617
831,4.67786446913
832,2.61999993604
833,2.05052078327
834,2.0738020327
835,3.28416658649
836,2.06520828291
837,2.07843744926
838,1.95338536898
839,2.92020826204
840,1.94192703592
841,2.74416659967
842,3.71213532604
843,2.67697910131
844,2.4287499407
845,1.81364578905
846,1.86947912103
847,3.49234366474
848,2.07583328265
849,2.40479160796
850,3.51833324744
851,1.95833328552
852,2.46385410651
853,1.94005203597
854,1.92614578631
855,2.05192703324
856,2.06328119963
857,2.0671353662
858,2.3223436933
859,3.40859366678
860,3.38317700074
861,3.61979157829
862,2.89098951275
863,3.5348436637
864,2.06624994955
865,2.2513541117
866,2.56374993741
867,2.06895828282
868,2.0084895343
869,3.43593741611
870,1.95020828572
871,1.94036453596
872,2.08734369904
873,2.08270828249
874,7.09406232681
875,2.79734368171
876,2.83895826402
877,2.976354094
878,1.83848953845
879,2.91192701224
880,2.81489576461
881,2.76526034916
882,1.94072911929
883,2.42010410758
884,4.05005198446
885,3.00171867672
886,2.90645826237
887,3.12484367371
888,1.93427078611
889,2.85406243032
890,1.9402603693
891,2.53437493813
892,6.11786443397
893,2.76302076588
894,4.11453114955
895,2.70624993393
896,3.67062491039
897,2.69192701761
898,3.00562492662
899,3.46380199877
900,5.89968735596
901,2.07197911608
902,2.76536451582
903,2.77885409882
904,2.78692701529
905,3.8053124071
906,2.57531243713
907,4.94499987927
908,7.33484357093
909,4.218906147
910,6.63973942123
911,3.1732290892
912,2.9367186783
913,2.92447909527
914,4.33838531075
915,6.93911441392
916,6.6395310879
917,4.96588529543
918,3.86343740568
919,2.65479160185
920,3.36187491792
921,2.76145826591
922,6.04484360242
923,3.51911449742
924,2.76463534917
925,3.8477082394
926,5.74921860964
927,4.99619779469
928,4.15161448198
929,5.24052070539
930,5.78682277539
931,4.67578113585
932,3.56421866298
933,2.54093743797
934,2.08546869909
935,3.0882811746
936,2.56187493745
937,2.55567702094
938,2.81869784785
939,2.44729160692
940,3.61437491176
941,2.67395826805
942,3.50890616433
943,2.67578118467
944,2.69828118412
945,6.14989568319
946,5.83052069099
947,4.53124988937
948,4.37906239309
949,3.7398436587
950,2.71468743372
951,2.75999993262
952,2.42218744086
953,2.06630203289
954,2.71723951699
955,2.50609368882
956,5.11953112501
957,5.72911444346
958,6.94088524721
959,4.16958323154
960,2.77354159895
961,3.38177075077
962,2.83026034757
963,3.95833323669
964,2.25416661163
965,2.07994786589
966,2.51270827199
967,3.11156242403
968,3.62708324478
969,2.90072909585
970,5.54505194796
971,4.91244779673
972,5.27031237133
973,6.78010400114
974,3.35911450132
975,3.21239575491
976,8.3409893797
977,6.2434894309
978,1.95036453572
979,2.20968744605
980,3.44286449928
981,3.59249991229
982,5.58708319693
983,6.58703108918
984,3.83895823961
985,2.73369784993
986,4.25885406269
987,2.49234368915
988,5.04197904357
989,5.0941665423
990,5.65276027866
991,5.66156236178
992,2.68828118437
993,4.8399477985
994,4.52036447297
995,4.59619780445
996,6.94807274704
997,5.21395820604
998,2.86807284665
999,5.08635404249
1000,6.13760401682
1001,4.82270821559
1002,4.2980207284
1003,1.91218745332
1004,2.57213535387
1005,1.95067703571
1006,1.93114578619
1007,2.67421868471
1008,2.65989576839
1009,2.63578118565
1010,4.14765614874
1011,2.648697852
1012,2.59385410334
1013,2.5843749369
1014,2.56432285406
1015,2.66213535167
1016,3.66942699375
1017,2.68312493449
1018,2.42536452412
1019,2.20317702954
1020,2.07838536592
1021,3.03432284259
1022,2.07197911608
1023,2.07114578277
1024,2.87619784645
1025,2.07343744938
1026,2.07661453263
1027,2.65937493507
1028,2.75572909939
1029,2.75765618267
1030,5.0776040427
1031,3.8405728229
1032,2.16744786375
1033,4.38338530965
1034,1.83067703864
1035,2.64578118541
1036,3.05713534203
1037,3.7903644908
1038,3.2209895047
1039,2.07723953262
1040,2.08541661575
1041,2.65401035187
1042,2.73088534999
1043,2.94890617801
1044,2.78979159856
1045,4.48703114045
1046,3.87880198864
1047,5.73348944336
1048,2.72614576678
1049,3.42270824977
1050,4.13312489909
1051,5.00864571105
1052,6.05755193544
1053,4.99145821147
1054,5.05067696003
1055,5.34994778605
1056,14.9920829673
1057,2.82697909765
1058,2.9752082607
1059,4.09734364997
1060,4.956249879
1061,4.56145822197
1062,4.50166655676
1063,2.72192701688
1064,2.74895826622
1065,2.76515618249
1066,2.7469790996
1067,2.93442701169
1068,6.0360415193
1069,5.71973944369
1070,7.0217706619
1071,5.19421862319
1072,3.53885408027
1073,2.68874993436
1074,3.37505200093
1075,2.70479160063
1076,10.7121351551
1077,2.71677076701
1078,2.72286451686
1079,2.67880201793
1080,2.64687493538
1081,3.87604157204
1082,5.00468737782
1083,4.11869781611
1084,4.64682280322
1085,6.15666651636
1086,4.63328113688
1087,2.62619785255
1088,3.78624990756
1089,2.68192701786
1090,3.47395824852
1091,5.64010402897
1092,10.2069268341
1093,4.83390613198
1094,6.27802068006
1095,5.77218735908
1096,4.35885406025
1097,4.50187489009
1098,5.48057278286
1099,6.00624985336
1100,3.52062491405
1101,3.61765616168
1102,2.73182284997
1103,4.08468740028
1104,2.83645826408
1105,2.07124994943
1106,3.1444790899
1107,2.72807285006
1108,5.45130195024
1109,1.92890620291
1110,1.93124995285
1111,3.17682283911
1112,2.09255203225
1113,2.09760411546
1114,2.73265618328
1115,4.82614571551
1116,7.86520814131
1117,8.03848938708
1118,6.81281233367
1119,7.53776023264
1120,6.97348941308
1121,5.52364569848
1122,6.29989567953
1123,5.4434373671
1124,12.4033330305
1125,14.6002600602
1126,5.52526028177
1127,6.28270817995
1128,4.7268748846
1129,3.47791658176
1130,3.35072908486
1131,2.6036978531
1132,2.65968743507
1133,2.1122916151
1134,2.07677078263
1135,2.08463536577
1136,2.06718744953
1137,2.66109368503
1138,2.09161453227
1139,2.08953119899
1140,2.08333328247
1141,2.12244786485
1142,7.78281230999
1143,6.88427066526
1144,4.63869780342
1145,2.91692701212
1146,2.71312493376
1147,2.98432284381
1148,5.45776028342
1149,4.94598946258
1150,5.75411444285
1151,6.46296859221
1152,5.01609362754
1153,5.71635402711
1154,5.14531237438
1155,4.61343738737
1156,5.37973945199
1157,4.73541655106
1158,4.85776029807
1159,5.75114569292
1160,5.26020820491
1161,4.91098946344
1162,3.00411450999
1163,2.84973951376
1164,2.75067701618
1165,2.79541659842
1166,2.75432284942
1167,2.76041659927
1168,3.26255200368
1169,2.7796353488
1170,2.812604098
1171,2.25057286172
1172,2.08520828242
1173,2.5149999386
1174,2.08364578246
1175,2.09229161559
1176,2.09739578213
1177,2.09645828215
1178,2.09755203212
1179,2.1053124486
1180,2.67994785124
1181,2.11286453175
1182,2.10609369858
1183,2.32760410984
1184,2.10046869872
1185,3.43015616626
1186,7.91510397343
1187,7.23812482329
1188,7.49958315024
1189,5.91395818895
1190,7.26213523937
1191,4.79552071626
1192,4.49348947363
1193,13.7666663306
1194,6.81572900027
1195,9.08541644485
1196,2.69328118425
1197,2.74651034961
1198,2.64093743552
1199,2.59697910326
1200,2.58078118699
1201,2.53390618814
1202,2.52843743827
1203,2.75453118275
1204,3.96244781993
1205,3.90328115471
1206,4.90583321356
1207,4.12374989932
1208,4.32901031098
1209,5.49572903249
1210,4.44562489146
1211,4.12927073252
1212,4.55057280557
1213,12.4584892792
1214,4.36874989334
1215,6.65947900408
1216,12.2134372018
1217,3.10604159084
1218,2.51083327203
1219,2.51817702185
1220,2.43416660724
1221,2.51156243868
1222,3.76328115812
1223,3.88494782182
1224,3.96401031989
1225,4.06546865075
1226,5.0844269592
1227,4.32380197777
1228,2.71963535027
1229,1.98473953488
1230,1.9399478693
1231,1.92213536974
1232,2.87687492976
1233,2.07239578274
1234,2.07286453273
1235,1.92739578628
1236,1.93208328616
1237,2.48833327258
1238,1.94468745252
1239,2.76317701587
1240,1.9360416194
1241,2.70807285055
1242,2.68656243441
1243,3.39619783375
1244,2.71807285031
1245,4.59994780436
1246,4.88463529741
1247,5.17140612374
1248,5.35151028601
1249,6.52953109059
1250,2.86026034684
1251,2.8602082635
1252,5.1594790407
1253,2.81453118129
1254,3.81656240682
1255,2.92656242855
1256,2.97833326062
1257,2.7538020161
1258,3.43677074943
1259,2.77072909902
1260,2.7593228493
1261,4.56244780528
1262,4.31374989468
1263,5.90421860585
1264,5.45046861693
1265,6.91338524788
1266,5.96380193773
1267,7.32312482121
1268,9.94479142387
1269,3.57953116261
1270,2.08177078251
1271,1.9483853691
1272,2.35484369251
1273,1.93953120265
1274,5.76244777598
1275,2.7757290989
1276,3.75312490837
1277,2.49640618905
1278,1.94276036924
1279,8.0242185541
1280,6.19338526546
1281,5.78281235882
1282,4.78546863317
1283,4.51338530648
1284,2.05067703327
1285,2.6953124342
1286,1.95385411897
1287,2.34807285934
