frame,wall_ms,frame_wait_ms,scene_advance_ms,view_build_ms,render_submit_ms,gpu_valid,gpu_serial,gpu_ms,process_valid,process_cpu_ms,working_set_bytes,private_bytes,vma_valid,vma_allocation_bytes,vma_peak_allocation_bytes,vma_heap_usage_bytes,vma_heap_budget_bytes,raw_instances,visible_instances,culled_instances,lights,depth_draw_calls,shadow_draw_calls,base_draw_calls,lighting_draw_calls,tone_map_draw_calls,legacy_draw_calls,presenter_draw_calls,draw_calls,total_draw_calls,all_draw_calls,dispatch_count,shadow_faces,shadow_cache_hits,shadow_misses,shadow_batches,asset_upload_bytes,dynamic_lighting_upload_bytes,gather_ms,plan_ms,upload_frame_ms
0,12.429,11.827,0.009,0.014,0.048,0,0,,1,0,229756928,286420992,1,75982016,75982016,167424000,38823561584,40,40,0,5,3,53,3,3,1,0,1,62,63,64,1,27,0,5,1,0,8576,0.032,0.182,0.012
1,34.841,34.221,0.011,0.015,0.039,0,0,,0,,,,0,,,,,40,40,0,5,3,53,3,3,1,0,1,62,63,64,1,27,0,5,1,0,8580,0.025,0.167,0.01
2,7.418,6.855,0.008,0.012,0.056,0,0,,0,,,,0,,,,,40,40,0,5,3,53,3,3,1,0,1,62,63,64,1,27,0,5,1,0,8580,0.038,0.184,0.01
3,7.137,6.587,0.008,0.015,0.047,0,0,,0,,,,0,,,,,40,40,0,5,3,53,3,3,1,0,1,62,63,64,1,27,0,5,1,0,8580,0.033,0.173,0.011
4,6.991,6.338,0.01,0.016,0.05,0,0,,0,,,,0,,,,,40,40,0,5,3,53,3,3,1,0,1,62,63,64,1,27,0,5,1,0,8580,0.047,0.226,0.012
5,8.407,7.722,0.011,0.017,0.054,0,0,,0,,,,0,,,,,40,40,0,5,3,53,3,3,1,0,1,62,63,64,1,27,0,5,1,0,8588,0.045,0.18,0.012
6,26.362,25.78,0.009,0.012,0.06,0,0,,0,,,,0,,,,,40,40,0,5,3,53,3,3,1,0,1,62,63,64,1,27,0,5,1,0,8588,0.042,0.163,0.01
7,18.342,17.726,0.009,0.013,0.059,0,0,,0,,,,0,,,,,40,40,0,5,3,53,3,3,1,0,1,62,63,64,1,27,0,5,1,0,8588,0.031,0.22,0.01
8,23.859,23.293,0.01,0.015,0.036,0,0,,0,,,,0,,,,,40,40,0,5,3,53,3,3,1,0,1,62,63,64,1,27,0,5,1,0,8592,0.032,0.176,0.01
9,9.352,8.791,0.011,0.017,0.048,0,0,,0,,,,0,,,,,40,40,0,5,3,53,3,3,1,0,1,62,63,64,1,27,0,5,1,0,8592,0.043,0.18,0.009
10,8.546,7.934,0.01,0.017,0.037,0,0,,0,,,,0,,,,,40,40,0,5,3,53,3,3,1,0,1,62,63,64,1,27,0,5,1,0,8592,0.042,0.236,0.009
11,8.968,8.358,0.009,0.014,0.047,0,0,,0,,,,0,,,,,40,40,0,5,3,53,3,3,1,0,1,62,63,64,1,27,0,5,1,0,8592,0.041,0.203,0.011
12,10.982,10.461,0.012,0.018,0.031,0,0,,0,,,,0,,,,,40,40,0,5,3,53,3,3,1,0,1,62,63,64,1,27,0,5,1,0,8592,0.044,0.157,0.009
13,6.598,6.251,0.006,0.01,0.026,0,0,,0,,,,0,,,,,40,40,0,5,3,53,3,3,1,0,1,62,63,64,1,27,0,5,1,0,8592,0.026,0.127,0.005
14,8.605,8.131,0.008,0.014,0.04,0,0,,0,,,,0,,,,,40,40,0,5,3,53,3,3,1,0,1,62,63,64,1,27,0,5,1,0,8592,0.026,0.147,0.009
15,7.024,5.864,0.018,0.028,0.095,0,0,,0,,,,0,,,,,40,40,0,5,3,53,3,3,1,0,1,62,63,64,1,27,0,5,1,0,8592,0.061,0.435,0.016
16,6.177,5.625,0.009,0.014,0.047,0,0,,0,,,,0,,,,,40,40,0,5,3,53,3,3,1,0,1,62,63,64,1,27,0,5,1,0,8592,0.034,0.167,0.01
17,6.452,5.921,0.009,0.014,0.046,0,0,,0,,,,0,,,,,40,40,0,5,3,53,3,3,1,0,1,62,63,64,1,27,0,5,1,0,8592,0.038,0.2,0.006
18,7.987,7.381,0.008,0.014,0.052,0,0,,0,,,,0,,,,,40,40,0,5,3,53,3,3,1,0,1,62,63,64,1,27,0,5,1,0,8592,0.12,0.165,0.007
19,4.238,3.706,0.008,0.015,0.027,0,0,,0,,,,0,,,,,40,40,0,5,3,53,3,3,1,0,1,62,63,64,1,27,0,5,1,0,8592,0.073,0.199,0.006
20,4.695,4.162,0.009,0.019,0.029,0,0,,0,,,,0,,,,,40,40,0,5,3,53,3,3,1,0,1,62,63,64,1,27,0,5,1,0,8592,0.041,0.22,0.006
21,6.141,5.544,0.008,0.014,0.057,0,0,,0,,,,0,,,,,40,40,0,5,3,53,3,3,1,0,1,62,63,64,1,27,0,5,1,0,8596,0.03,0.195,0.009
22,3.988,3.447,0.008,0.013,0.032,0,0,,0,,,,0,,,,,40,40,0,5,3,53,3,3,1,0,1,62,63,64,1,27,0,5,1,0,8596,0.034,0.199,0.008
23,3.995,3.437,0.012,0.019,0.045,0,0,,0,,,,0,,,,,40,40,0,5,3,53,3,3,1,0,1,62,63,64,1,27,0,5,1,0,8596,0.05,0.15,0.007
24,8.342,7.933,0.006,0.011,0.03,0,0,,0,,,,0,,,,,40,40,0,5,3,53,3,3,1,0,1,62,63,64,1,27,0,5,1,0,8596,0.024,0.157,0.006
25,5.664,5.143,0.011,0.019,0.033,0,0,,0,,,,0,,,,,40,40,0,5,3,53,3,3,1,0,1,62,63,64,1,27,0,5,1,0,8596,0.058,0.135,0.007
26,5.344,4.901,0.008,0.012,0.019,0,0,,0,,,,0,,,,,40,40,0,5,3,53,3,3,1,0,1,62,63,64,1,27,0,5,1,0,8596,0.039,0.227,0.003
27,5.836,5.359,0.01,0.016,0.036,0,0,,0,,,,0,,,,,40,40,0,5,3,53,3,3,1,0,1,62,63,64,1,27,0,5,1,0,8596,0.068,0.109,0.007
28,5.263,4.701,0.006,0.012,0.034,0,0,,0,,,,0,,,,,40,40,0,5,3,53,3,3,1,0,1,62,63,64,1,27,0,5,1,0,8596,0.026,0.116,0.01
29,6.779,6.234,0.009,0.017,0.034,0,0,,0,,,,0,,,,,40,40,0,5,3,53,3,3,1,0,1,62,63,64,1,27,0,5,1,0,8596,0.037,0.207,0.006
30,5.169,4.764,0.006,0.01,0.024,0,0,,1,0,229769216,286420992,1,75982016,75982016,167424000,38823561584,40,40,0,5,3,53,3,3,1,0,1,62,63,64,1,27,0,5,1,0,8596,0.032,0.192,0.003
31,5.505,4.823,0.011,0.021,0.045,0,0,,0,,,,0,,,,,40,40,0,5,3,53,3,3,1,0,1,62,63,64,1,27,0,5,1,0,8596,0.041,0.228,0.009
32,5.113,4.54,0.008,0.012,0.046,0,0,,0,,,,0,,,,,40,40,0,5,3,53,3,3,1,0,1,62,63,64,1,27,0,5,1,0,8596,0.036,0.235,0.006
33,5.622,5.078,0.007,0.012,0.067,0,0,,0,,,,0,,,,,40,40,0,5,3,53,3,3,1,0,1,62,63,64,1,27,0,5,1,0,8596,0.028,0.182,0.008
34,4.971,4.403,0.008,0.015,0.037,0,0,,0,,,,0,,,,,40,40,0,5,3,53,3,3,1,0,1,62,63,64,1,27,0,5,1,0,8596,0.032,0.179,0.008
35,4.693,4.28,0.007,0.01,0.033,0,0,,0,,,,0,,,,,40,40,0,5,3,53,3,3,1,0,1,62,63,64,1,27,0,5,1,0,8596,0.039,0.16,0.004
36,6.032,5.468,0.006,0.014,0.036,0,0,,0,,,,0,,,,,40,40,0,5,3,53,3,3,1,0,1,62,63,64,1,27,0,5,1,0,8596,0.023,0.277,0.008
37,4.183,3.633,0.006,0.01,0.038,0,0,,0,,,,0,,,,,40,40,0,5,3,53,3,3,1,0,1,62,63,64,1,27,0,5,1,0,8596,0.032,0.191,0.007
38,5.658,5.107,0.01,0.015,0.039,0,0,,0,,,,0,,,,,40,40,0,5,3,53,3,3,1,0,1,62,63,64,1,27,0,5,1,0,8596,0.038,0.185,0.006
39,5.446,5,0.007,0.014,0.036,0,0,,0,,,,0,,,,,40,40,0,5,3,53,3,3,1,0,1,62,63,64,1,27,0,5,1,0,8592,0.036,0.156,0.004
40,4.702,4.204,0.006,0.01,0.091,0,0,,0,,,,0,,,,,40,40,0,5,3,53,3,3,1,0,1,62,63,64,1,27,0,5,1,0,8592,0.032,0.191,0.004
41,4.283,3.627,0.009,0.015,0.046,0,0,,0,,,,0,,,,,40,40,0,5,3,53,3,3,1,0,1,62,63,64,1,27,0,5,1,0,8592,0.03,0.189,0.012
42,3.871,3.287,0.006,0.011,0.06,0,0,,0,,,,0,,,,,40,40,0,5,3,53,3,3,1,0,1,62,63,64,1,27,0,5,1,0,8592,0.035,0.209,0.012
43,4.404,3.859,0.007,0.012,0.037,0,0,,0,,,,0,,,,,40,40,0,5,3,53,3,3,1,0,1,62,63,64,1,27,0,5,1,0,8592,0.026,0.148,0.007
44,4.358,3.677,0.011,0.017,0.04,0,0,,0,,,,0,,,,,40,40,0,5,3,53,3,3,1,0,1,62,63,64,1,27,0,5,1,0,8592,0.131,0.169,0.006
45,4.877,4.45,0.011,0.013,0.039,0,0,,0,,,,0,,,,,40,40,0,5,3,53,3,3,1,0,1,62,63,64,1,27,0,5,1,0,8592,0.047,0.113,0.008
46,4.405,3.848,0.01,0.016,0.046,0,0,,0,,,,0,,,,,40,40,0,5,3,53,3,3,1,0,1,62,63,64,1,27,0,5,1,0,8592,0.041,0.18,0.006
47,7.587,7.089,0.006,0.012,0.039,0,0,,0,,,,0,,,,,40,40,0,5,3,53,3,3,1,0,1,62,63,64,1,27,0,5,1,0,8592,0.058,0.14,0.009
48,5.042,4.582,0.006,0.01,0.051,0,0,,0,,,,0,,,,,40,40,0,5,3,53,3,3,1,0,1,62,63,64,1,27,0,5,1,0,8592,0.031,0.126,0.008
49,8.577,8.062,0.012,0.021,0.031,0,0,,0,,,,0,,,,,40,40,0,5,3,53,3,3,1,0,1,62,63,64,1,27,0,5,1,0,8592,0.06,0.14,0.007
50,4.967,4.48,0.007,0.011,0.034,0,0,,0,,,,0,,,,,40,40,0,5,3,53,3,3,1,0,1,62,63,64,1,27,0,5,1,0,8592,0.026,0.149,0.009
51,5.525,4.996,0.013,0.023,0.032,0,0,,0,,,,0,,,,,40,40,0,5,3,53,3,3,1,0,1,62,63,64,1,27,0,5,1,0,8592,0.064,0.135,0.006
52,8.141,7.564,0.007,0.014,0.075,0,0,,0,,,,0,,,,,40,40,0,5,3,53,3,3,1,0,1,62,63,64,1,27,0,5,1,0,8592,0.027,0.192,0.01
53,5.439,4.906,0.006,0.011,0.044,0,0,,0,,,,0,,,,,40,40,0,5,3,53,3,3,1,0,1,62,63,64,1,27,0,5,1,0,8592,0.04,0.202,0.009
54,7.507,6.956,0.008,0.014,0.043,0,0,,0,,,,0,,,,,40,40,0,5,3,53,3,3,1,0,1,62,63,64,1,27,0,5,1,0,8592,0.029,0.173,0.01
55,7.793,7.318,0.011,0.018,0.033,0,0,,0,,,,0,,,,,40,40,0,5,3,53,3,3,1,0,1,62,63,64,1,27,0,5,1,0,8592,0.023,0.116,0.009
56,6.552,6.177,0.006,0.01,0.034,0,0,,0,,,,0,,,,,40,40,0,5,3,53,3,3,1,0,1,62,63,64,1,27,0,5,1,0,8592,0.02,0.114,0.007
57,6.879,6.335,0.007,0.014,0.043,0,0,,0,,,,0,,,,,40,40,0,5,3,53,3,3,1,0,1,62,63,64,1,27,0,5,1,0,8592,0.058,0.143,0.01
58,5.62,4.975,0.012,0.02,0.036,0,0,,0,,,,0,,,,,40,40,0,5,3,53,3,3,1,0,1,62,63,64,1,27,0,5,1,0,8592,0.063,0.195,0.009
59,6.695,6.209,0.013,0.054,0.033,0,0,,0,,,,0,,,,,40,40,0,5,3,53,3,3,1,0,1,62,63,64,1,27,0,5,1,0,8592,0.041,0.095,0.007
60,5.288,4.483,0.014,0.022,0.033,0,0,,1,31.25,229773312,286420992,1,75982016,75982016,167424000,38823561584,40,40,0,5,3,53,3,3,1,0,1,62,63,64,1,27,0,5,1,0,8592,0.062,0.26,0.012
61,4.71,3.954,0.012,0.02,0.044,0,0,,0,,,,0,,,,,40,40,0,5,3,53,3,3,1,0,1,62,63,64,1,27,0,5,1,0,8592,0.061,0.247,0.009
62,7.332,6.783,0.008,0.015,0.053,0,0,,0,,,,0,,,,,40,40,0,5,3,53,3,3,1,0,1,62,63,64,1,27,0,5,1,0,8592,0.029,0.164,0.01
63,7.934,7.49,0.01,0.018,0.035,0,0,,0,,,,0,,,,,40,40,0,5,3,53,3,3,1,0,1,62,63,64,1,27,0,5,1,0,8592,0.02,0.115,0.009
64,4.364,3.846,0.01,0.015,0.043,0,0,,0,,,,0,,,,,40,40,0,5,3,53,3,3,1,0,1,62,63,64,1,27,0,5,1,0,8592,0.035,0.192,0.006
65,4.919,4.35,0.01,0.018,0.055,0,0,,0,,,,0,,,,,40,40,0,5,3,53,3,3,1,0,1,62,63,64,1,27,0,5,1,0,8592,0.043,0.176,0.009
66,8.043,7.533,0.01,0.018,0.035,0,0,,0,,,,0,,,,,40,40,0,5,3,53,3,3,1,0,1,62,63,64,1,27,0,5,1,0,8592,0.064,0.13,0.009
67,8.135,7.66,0.009,0.015,0.034,0,0,,0,,,,0,,,,,40,40,0,5,3,53,3,3,1,0,1,62,63,64,1,27,0,5,1,0,8592,0.063,0.145,0.006
68,4.408,3.854,0.009,0.018,0.039,0,0,,0,,,,0,,,,,40,40,0,5,3,53,3,3,1,0,1,62,63,64,1,27,0,5,1,0,8592,0.054,0.182,0.007
69,5.566,4.882,0.011,0.018,0.032,0,0,,0,,,,0,,,,,40,40,0,5,3,53,3,3,1,0,1,62,63,64,1,27,0,5,1,0,8592,0.061,0.276,0.006
70,7.767,7.284,0.009,0.017,0.028,0,0,,0,,,,0,,,,,40,40,0,5,3,53,3,3,1,0,1,62,63,64,1,27,0,5,1,0,8592,0.025,0.117,0.005
71,5.081,4.703,0.006,0.01,0.033,0,0,,0,,,,0,,,,,40,40,0,5,3,53,3,3,1,0,1,62,63,64,1,27,0,5,1,0,8592,0.02,0.114,0.006
72,4.563,3.916,0.069,0.018,0.035,0,0,,0,,,,0,,,,,40,40,0,5,3,53,3,3,1,0,1,62,63,64,1,27,0,5,1,0,8592,0.021,0.205,0.012
73,5.449,5.122,0.004,0.007,0.028,0,0,,0,,,,0,,,,,40,40,0,5,3,53,3,3,1,0,1,62,63,64,1,27,0,5,1,0,8592,0.018,0.126,0.005
74,6.254,5.676,0.008,0.015,0.044,0,0,,0,,,,0,,,,,40,40,0,5,3,53,3,3,1,0,1,62,63,64,1,27,0,5,1,0,8592,0.028,0.228,0.008
75,4.174,3.614,0.01,0.014,0.032,0,0,,0,,,,0,,,,,40,40,0,5,3,53,3,3,1,0,1,62,63,64,1,27,0,5,1,0,8592,0.056,0.243,0.004
76,4.778,4.283,0.008,0.015,0.046,0,0,,0,,,,0,,,,,40,40,0,5,3,53,3,3,1,0,1,62,63,64,1,27,0,5,1,0,8592,0.027,0.141,0.007
77,5.54,4.983,0.007,0.015,0.038,0,0,,0,,,,0,,,,,40,40,0,5,3,53,3,3,1,0,1,62,63,64,1,27,0,5,1,0,8592,0.032,0.181,0.01
78,7.502,6.973,0.012,0.018,0.031,0,0,,0,,,,0,,,,,40,40,0,5,3,53,3,3,1,0,1,62,63,64,1,27,0,5,1,0,8592,0.081,0.126,0.006
79,9.589,9.122,0.007,0.014,0.034,0,0,,0,,,,0,,,,,40,40,0,5,3,53,3,3,1,0,1,62,63,64,1,27,0,5,1,0,8592,0.025,0.139,0.01
80,9.648,9.149,0.007,0.013,0.04,0,0,,0,,,,0,,,,,40,40,0,5,3,53,3,3,1,0,1,62,63,64,1,27,0,5,1,0,8592,0.026,0.15,0.01
81,5.859,5.33,0.011,0.019,0.031,0,0,,0,,,,0,,,,,40,40,0,5,3,53,3,3,1,0,1,62,63,64,1,27,0,5,1,0,8592,0.048,0.144,0.01
82,6.413,5.886,0.011,0.019,0.04,0,0,,0,,,,0,,,,,40,40,0,5,3,53,3,3,1,0,1,62,63,64,1,27,0,5,1,0,8592,0.055,0.128,0.008
83,7.418,6.976,0.009,0.029,0.031,0,0,,0,,,,0,,,,,40,40,0,5,3,53,3,3,1,0,1,62,63,64,1,27,0,5,1,0,8592,0.02,0.101,0.008
84,8.967,8.408,0.012,0.02,0.035,0,0,,0,,,,0,,,,,40,40,0,5,3,53,3,3,1,0,1,62,63,64,1,27,0,5,1,0,8592,0.045,0.156,0.009
85,9.376,8.713,0.012,0.021,0.042,0,0,,0,,,,0,,,,,40,40,0,5,3,53,3,3,1,0,1,62,63,64,1,27,0,5,1,0,8592,0.054,0.226,0.01
86,9.848,9.25,0.011,0.019,0.034,0,0,,0,,,,0,,,,,40,40,0,5,3,53,3,3,1,0,1,62,63,64,1,27,0,5,1,0,8592,0.055,0.21,0.008
87,8.201,7.79,0.006,0.011,0.03,0,0,,0,,,,0,,,,,40,40,0,5,3,53,3,3,1,0,1,62,63,64,1,27,0,5,1,0,8588,0.02,0.151,0.006
88,6.903,6.37,0.01,0.018,0.034,0,0,,0,,,,0,,,,,40,40,0,5,3,53,3,3,1,0,1,62,63,64,1,27,0,5,1,0,8588,0.045,0.206,0.006
89,5.121,4.678,0.008,0.012,0.027,0,0,,0,,,,0,,,,,40,40,0,5,3,53,3,3,1,0,1,62,63,64,1,27,0,5,1,0,8588,0.04,0.186,0.004
90,4.38,3.849,0.008,0.014,0.029,0,0,,1,46.875,229781504,286420992,1,75982016,75982016,167424000,38823561584,40,40,0,5,3,53,3,3,1,0,1,62,63,64,1,27,0,5,1,0,8588,0.036,0.213,0.007
91,5.344,4.513,0.01,0.017,0.052,0,0,,0,,,,0,,,,,40,40,0,5,3,53,3,3,1,0,1,62,63,64,1,27,0,5,1,0,8588,0.056,0.326,0.011
92,3.588,3.154,0.007,0.01,0.025,0,0,,0,,,,0,,,,,40,40,0,5,3,53,3,3,1,0,1,62,63,64,1,27,0,5,1,0,8588,0.037,0.19,0.003
93,6.128,5.635,0.006,0.012,0.043,0,0,,0,,,,0,,,,,40,40,0,5,3,53,3,3,1,0,1,62,63,64,1,27,0,5,1,0,8588,0.027,0.184,0.007
94,5.623,4.969,0.009,0.016,0.05,0,0,,0,,,,0,,,,,40,40,0,5,3,53,3,3,1,0,1,62,63,64,1,27,0,5,1,0,8588,0.042,0.244,0.01
95,4.854,4.317,0.008,0.015,0.034,0,0,,0,,,,0,,,,,40,40,0,5,3,53,3,3,1,0,1,62,63,64,1,27,0,5,1,0,8588,0.081,0.147,0.007
96,10.353,9.788,0.01,0.015,0.043,0,0,,0,,,,0,,,,,40,40,0,5,3,53,3,3,1,0,1,62,63,64,1,27,0,5,1,0,8588,0.035,0.175,0.01
97,8.127,7.64,0.007,0.014,0.043,0,0,,0,,,,0,,,,,40,40,0,5,3,53,3,3,1,0,1,62,63,64,1,27,0,5,1,0,8588,0.026,0.139,0.01
98,8.524,7.958,0.012,0.021,0.04,0,0,,0,,,,0,,,,,40,40,0,5,3,53,3,3,1,0,1,62,63,64,1,27,0,5,1,0,8588,0.029,0.15,0.009
99,7.321,6.835,0.011,0.019,0.034,0,0,,0,,,,0,,,,,40,40,0,5,3,53,3,3,1,0,1,62,63,64,1,27,0,5,1,0,8588,0.044,0.119,0.009
100,7.744,7.195,0.008,0.014,0.041,0,0,,0,,,,0,,,,,40,40,0,5,3,53,3,3,1,0,1,62,63,64,1,27,0,5,1,0,8588,0.07,0.148,0.01
101,5.891,5.293,0.012,0.02,0.073,0,0,,0,,,,0,,,,,40,40,0,5,3,53,3,3,1,0,1,62,63,64,1,27,0,5,1,0,8588,0.027,0.145,0.007
102,9.654,8.789,0.011,0.018,0.067,0,0,,0,,,,0,,,,,40,40,0,5,3,53,3,3,1,0,1,62,63,64,1,27,0,5,1,0,8588,0.038,0.211,0.012
103,5.988,5.365,0.012,0.02,0.071,0,0,,0,,,,0,,,,,40,40,0,5,3,53,3,3,1,0,1,62,63,64,1,27,0,5,1,0,8588,0.06,0.2,0.008
104,5.95,5.447,0.008,0.015,0.044,0,0,,0,,,,0,,,,,40,40,0,5,3,53,3,3,1,0,1,62,63,64,1,27,0,5,1,0,8588,0.045,0.169,0.007
105,6.079,5.523,0.01,0.017,0.035,0,0,,0,,,,0,,,,,40,40,0,5,3,53,3,3,1,0,1,62,63,64,1,27,0,5,1,0,8588,0.046,0.167,0.009
106,6.244,5.674,0.019,0.017,0.049,0,0,,0,,,,0,,,,,40,40,0,5,3,53,3,3,1,0,1,62,63,64,1,27,0,5,1,0,8588,0.041,0.194,0.008
107,9.112,8.3,0.012,0.022,0.044,0,0,,0,,,,0,,,,,40,40,0,5,3,53,3,3,1,0,1,62,63,64,1,27,0,5,1,0,8588,0.035,0.202,0.013
108,10.326,9.769,0.013,0.022,0.056,0,0,,0,,,,0,,,,,40,40,0,5,3,53,3,3,1,0,1,62,63,64,1,27,0,5,1,0,8588,0.049,0.13,0.009
109,10.129,9.292,0.012,0.019,0.077,0,0,,0,,,,0,,,,,40,40,0,5,3,53,3,3,1,0,1,62,63,64,1,27,0,5,1,0,8588,0.096,0.194,0.011
110,17.743,17.116,0.012,0.022,0.048,0,0,,0,,,,0,,,,,40,40,0,5,3,53,3,3,1,0,1,62,63,64,1,27,0,5,1,0,8588,0.059,0.18,0.009
111,8.064,7.502,0.013,0.023,0.036,0,0,,0,,,,0,,,,,40,40,0,5,3,53,3,3,1,0,1,62,63,64,1,27,0,5,1,0,8588,0.069,0.127,0.008
112,8.224,7.72,0.011,0.02,0.034,0,0,,0,,,,0,,,,,40,40,0,5,3,53,3,3,1,0,1,62,63,64,1,27,0,5,1,0,8588,0.053,0.158,0.008
113,6.51,5.847,0.014,0.024,0.058,0,0,,0,,,,0,,,,,40,40,0,5,3,53,3,3,1,0,1,62,63,64,1,27,0,5,1,0,8588,0.056,0.2,0.009
114,7.369,6.941,0.006,0.013,0.04,0,0,,0,,,,0,,,,,40,40,0,5,3,53,3,3,1,0,1,62,63,64,1,27,0,5,1,0,8580,0.023,0.12,0.008
115,4.721,4.307,0.004,0.007,0.058,0,0,,0,,,,0,,,,,40,40,0,5,3,53,3,3,1,0,1,62,63,64,1,27,0,5,1,0,8580,0.018,0.141,0.004
116,5.885,5.467,0.006,0.01,0.045,0,0,,0,,,,0,,,,,40,40,0,5,3,53,3,3,1,0,1,62,63,64,1,27,0,5,1,0,8580,0.023,0.148,0.005
117,4.693,4.134,0.008,0.014,0.041,0,0,,0,,,,0,,,,,40,40,0,5,3,53,3,3,1,0,1,62,63,64,1,27,0,5,1,0,8580,0.035,0.199,0.008
118,4.901,3.971,0.014,0.021,0.097,0,0,,0,,,,0,,,,,40,40,0,5,3,53,3,3,1,0,1,62,63,64,1,27,0,5,1,0,8580,0.052,0.315,0.01
119,5.034,4.188,0.012,0.02,0.088,0,0,,0,,,,0,,,,,40,40,0,5,3,53,3,3,1,0,1,62,63,64,1,27,0,5,1,0,8580,0.045,0.274,0.01
120,3.95,3.156,0.01,0.017,0.079,0,0,,1,78.125,229797888,286420992,1,75982016,75982016,167424000,38823561584,40,40,0,5,3,53,3,3,1,0,1,62,63,64,1,27,0,5,1,0,8580,0.044,0.301,0.008
121,4.045,3.16,0.012,0.023,0.073,0,0,,0,,,,0,,,,,40,40,0,5,3,53,3,3,1,0,1,62,63,64,1,27,0,5,1,0,8580,0.05,0.307,0.013
122,3.803,3.046,0.009,0.013,0.089,0,0,,0,,,,0,,,,,40,40,0,5,3,53,3,3,1,0,1,62,63,64,1,27,0,5,1,0,8580,0.041,0.294,0.008
123,5.885,5.078,0.01,0.015,0.084,0,0,,0,,,,0,,,,,40,40,0,5,3,53,3,3,1,0,1,62,63,64,1,27,0,5,1,0,8580,0.045,0.317,0.007
124,4.882,4.397,0.009,0.015,0.032,0,0,,0,,,,0,,,,,40,40,0,5,3,53,3,3,1,0,1,62,63,64,1,27,0,5,1,0,8580,0.089,0.113,0.006
125,5.044,4.424,0.009,0.018,0.029,0,0,,0,,,,0,,,,,40,40,0,5,3,53,3,3,1,0,1,62,63,64,1,27,0,5,1,0,8580,0.054,0.228,0.006
126,4.939,4.586,0.004,0.011,0.026,0,0,,0,,,,0,,,,,40,40,0,5,3,53,3,3,1,0,1,62,63,64,1,27,0,5,1,0,8580,0.02,0.131,0.004
127,4.573,3.952,0.004,0.021,0.059,0,0,,0,,,,0,,,,,40,40,0,5,3,53,3,3,1,0,1,62,63,64,1,27,0,5,1,0,8580,0.02,0.243,0.008
128,4.618,4.141,0.007,0.012,0.046,0,0,,0,,,,0,,,,,40,40,0,5,3,53,3,3,1,0,1,62,63,64,1,27,0,5,1,0,8580,0.024,0.131,0.01
129,9.285,8.676,0.011,0.019,0.044,0,0,,0,,,,0,,,,,40,40,0,5,3,53,3,3,1,0,1,62,63,64,1,27,0,5,1,0,8580,0.059,0.193,0.009
130,9.902,9.351,0.014,0.024,0.037,0,0,,0,,,,0,,,,,40,40,0,5,3,53,3,3,1,0,1,62,63,64,1,27,0,5,1,0,8576,0.026,0.13,0.008
131,7.193,6.825,0.006,0.01,0.03,0,0,,0,,,,0,,,,,40,40,0,5,3,53,3,3,1,0,1,62,63,64,1,27,0,5,1,0,8568,0.019,0.141,0.007
132,8.823,8.235,0.013,0.021,0.042,0,0,,0,,,,0,,,,,40,40,0,5,3,53,3,3,1,0,1,62,63,64,1,27,0,5,1,0,8568,0.05,0.18,0.009
133,10.193,9.531,0.009,0.023,0.047,0,0,,0,,,,0,,,,,40,40,0,5,3,53,3,3,1,0,1,62,63,64,1,27,0,5,1,0,8568,0.051,0.156,0.009
134,7.479,6.861,0.015,0.027,0.039,0,0,,0,,,,0,,,,,40,40,0,5,3,53,3,3,1,0,1,62,63,64,1,27,0,5,1,0,8568,0.082,0.145,0.009
135,6.734,6.252,0.008,0.013,0.041,0,0,,0,,,,0,,,,,40,40,0,5,3,53,3,3,1,0,1,62,63,64,1,27,0,5,1,0,8568,0.027,0.167,0.008
136,9.042,8.454,0.014,0.025,0.049,0,0,,0,,,,0,,,,,40,40,0,5,3,53,3,3,1,0,1,62,63,64,1,27,0,5,1,0,8568,0.027,0.161,0.01
137,11.773,11.164,0.011,0.019,0.065,0,0,,0,,,,0,,,,,40,40,0,5,3,53,3,3,1,0,1,62,63,64,1,27,0,5,1,0,8568,0.032,0.147,0.01
138,9.212,8.534,0.014,0.02,0.063,0,0,,0,,,,0,,,,,40,40,0,5,3,53,3,3,1,0,1,62,63,64,1,27,0,5,1,0,8568,0.052,0.151,0.01
139,9.906,9.274,0.012,0.021,0.042,0,0,,0,,,,0,,,,,40,40,0,5,3,53,3,3,1,0,1,62,63,64,1,27,0,5,1,0,8568,0.064,0.198,0.009
140,5.664,5.271,0.009,0.014,0.025,0,0,,0,,,,0,,,,,40,40,0,5,3,53,3,3,1,0,1,62,63,64,1,27,0,5,1,0,8568,0.043,0.146,0.003
141,5.179,4.678,0.009,0.013,0.031,0,0,,0,,,,0,,,,,40,40,0,5,3,53,3,3,1,0,1,62,63,64,1,27,0,5,1,0,8568,0.051,0.235,0.003
142,5.661,4.834,0.009,0.016,0.36,0,0,,0,,,,0,,,,,40,40,0,5,3,53,3,3,1,0,1,62,63,64,1,27,0,5,1,0,8568,0.039,0.186,0.006
143,5.131,4.664,0.008,0.013,0.032,0,0,,0,,,,0,,,,,40,40,0,5,3,53,3,3,1,0,1,62,63,64,1,27,0,5,1,0,8568,0.046,0.175,0.005
144,10.151,9.597,0.011,0.019,0.041,0,0,,0,,,,0,,,,,40,40,0,5,3,53,3,3,1,0,1,62,63,64,1,27,0,5,1,0,8568,0.026,0.162,0.009
145,5.883,5.219,0.013,0.021,0.034,0,0,,0,,,,0,,,,,40,40,0,5,3,53,3,3,1,0,1,62,63,64,1,27,0,5,1,0,8568,0.056,0.2,0.008
146,5.857,5.28,0.004,0.007,0.045,0,0,,0,,,,0,,,,,40,40,0,5,3,53,3,3,1,0,1,62,63,64,1,27,0,5,1,0,8568,0.018,0.346,0.004
147,4.101,3.551,0.009,0.014,0.049,0,0,,0,,,,0,,,,,40,40,0,5,3,53,3,3,1,0,1,62,63,64,1,27,0,5,1,0,8568,0.033,0.157,0.01
148,4.26,3.723,0.007,0.012,0.054,0,0,,0,,,,0,,,,,40,40,0,5,3,53,3,3,1,0,1,62,63,64,1,27,0,5,1,0,8568,0.03,0.172,0.008
149,5.617,5.016,0.011,0.018,0.04,0,0,,0,,,,0,,,,,40,40,0,5,3,53,3,3,1,0,1,62,63,64,1,27,0,5,1,0,8568,0.055,0.229,0.007
150,6.86,6.2,0.005,0.01,0.039,0,0,,1,109.375,229810176,286359552,1,75982016,75982016,167424000,38823561584,40,40,0,5,3,53,3,3,1,0,1,62,63,64,1,27,0,5,1,0,8576,0.019,0.321,0.013
151,4.913,4.376,0.005,0.012,0.026,0,0,,0,,,,0,,,,,40,40,0,5,3,53,3,3,1,0,1,62,63,64,1,27,0,5,1,0,8580,0.039,0.245,0.007
152,7.069,6.313,0.013,0.023,0.087,0,0,,0,,,,0,,,,,40,40,0,5,3,53,3,3,1,0,1,62,63,64,1,27,0,5,1,0,8580,0.038,0.22,0.012
153,4.902,4.347,0.008,0.015,0.044,0,0,,0,,,,0,,,,,40,40,0,5,3,53,3,3,1,0,1,62,63,64,1,27,0,5,1,0,8580,0.031,0.166,0.009
154,7.352,6.746,0.011,0.019,0.045,0,0,,0,,,,0,,,,,40,40,0,5,3,53,3,3,1,0,1,62,63,64,1,27,0,5,1,0,8580,0.058,0.184,0.008
155,4.789,4.201,0.008,0.012,0.085,0,0,,0,,,,0,,,,,40,40,0,5,3,53,3,3,1,0,1,62,63,64,1,27,0,5,1,0,8580,0.029,0.13,0.006
156,5.166,4.687,0.007,0.012,0.049,0,0,,0,,,,0,,,,,40,40,0,5,3,53,3,3,1,0,1,62,63,64,1,27,0,5,1,0,8580,0.027,0.148,0.008
157,5.706,5.164,0.008,0.013,0.058,0,0,,0,,,,0,,,,,40,40,0,5,3,53,3,3,1,0,1,62,63,64,1,27,0,5,1,0,8580,0.03,0.165,0.01
158,5.164,4.656,0.008,0.014,0.039,0,0,,0,,,,0,,,,,40,40,0,5,3,53,3,3,1,0,1,62,63,64,1,27,0,5,1,0,8580,0.045,0.175,0.006
159,7.792,7.285,0.008,0.016,0.047,0,0,,0,,,,0,,,,,40,40,0,5,3,53,3,3,1,0,1,62,63,64,1,27,0,5,1,0,8580,0.029,0.151,0.01
160,6.361,5.89,0.011,0.018,0.038,0,0,,0,,,,0,,,,,40,40,0,5,3,53,3,3,1,0,1,62,63,64,1,27,0,5,1,0,8580,0.021,0.122,0.021
161,5.629,5.103,0.008,0.012,0.06,0,0,,0,,,,0,,,,,40,40,0,5,3,53,3,3,1,0,1,62,63,64,1,27,0,5,1,0,8580,0.029,0.185,0.007
162,5.264,4.777,0.008,0.011,0.034,0,0,,0,,,,0,,,,,40,40,0,5,3,53,3,3,1,0,1,62,63,64,1,27,0,5,1,0,8580,0.03,0.167,0.008
163,6.062,5.652,0.005,0.008,0.033,0,0,,0,,,,0,,,,,40,40,0,5,3,53,3,3,1,0,1,62,63,64,1,27,0,5,1,0,8580,0.021,0.171,0.006
164,4.999,4.515,0.008,0.013,0.034,0,0,,0,,,,0,,,,,40,40,0,5,3,53,3,3,1,0,1,62,63,64,1,27,0,5,1,0,8580,0.073,0.164,0.005
165,4.537,3.808,0.014,0.022,0.048,0,0,,0,,,,0,,,,,40,40,0,5,3,53,3,3,1,0,1,62,63,64,1,27,0,5,1,0,8580,0.06,0.241,0.01
166,4.452,3.908,0.009,0.019,0.056,0,0,,0,,,,0,,,,,40,40,0,5,3,53,3,3,1,0,1,62,63,64,1,27,0,5,1,0,8580,0.03,0.157,0.006
167,4.61,4.058,0.007,0.011,0.064,0,0,,0,,,,0,,,,,40,40,0,5,3,53,3,3,1,0,1,62,63,64,1,27,0,5,1,0,8580,0.031,0.202,0.005
168,4.908,4.255,0.009,0.015,0.056,0,0,,0,,,,0,,,,,40,40,0,5,3,53,3,3,1,0,1,62,63,64,1,27,0,5,1,0,8580,0.036,0.215,0.015
169,3.927,3.522,0.01,0.016,0.03,0,0,,0,,,,0,,,,,40,40,0,5,3,53,3,3,1,0,1,62,63,64,1,27,0,5,1,0,8580,0.019,0.101,0.003
170,5.991,5.115,0.013,0.02,0.103,0,0,,0,,,,0,,,,,40,40,0,5,3,53,3,3,1,0,1,62,63,64,1,27,0,5,1,0,8580,0.051,0.308,0.01
171,4.082,3.522,0.01,0.014,0.037,0,0,,0,,,,0,,,,,40,40,0,5,3,53,3,3,1,0,1,62,63,64,1,27,0,5,1,0,8580,0.018,0.101,0.003
172,6.333,5.691,0.011,0.017,0.054,0,0,,0,,,,0,,,,,40,40,0,5,3,53,3,3,1,0,1,62,63,64,1,27,0,5,1,0,8580,0.055,0.228,0.007
173,6.1,5.532,0.01,0.015,0.05,0,0,,0,,,,0,,,,,40,40,0,5,3,53,3,3,1,0,1,62,63,64,1,27,0,5,1,0,8580,0.041,0.197,0.006
174,4.436,3.628,0.007,0.012,0.048,0,0,,0,,,,0,,,,,40,40,0,5,3,53,3,3,1,0,1,62,63,64,1,27,0,5,1,0,8580,0.043,0.251,0.006
175,3.373,2.942,0.005,0.012,0.029,0,0,,0,,,,0,,,,,40,40,0,5,3,53,3,3,1,0,1,62,63,64,1,27,0,5,1,0,8580,0.021,0.111,0.008
176,4.373,3.898,0.01,0.019,0.021,0,0,,0,,,,0,,,,,40,40,0,5,3,53,3,3,1,0,1,62,63,64,1,27,0,5,1,0,8580,0.05,0.163,0.004
177,6.027,5.634,0.005,0.007,0.069,0,0,,0,,,,0,,,,,40,40,0,5,3,53,3,3,1,0,1,62,63,64,1,27,0,5,1,0,8580,0.02,0.123,0.004
178,4.325,3.508,0.013,0.021,0.071,0,0,,0,,,,0,,,,,40,40,0,5,3,53,3,3,1,0,1,62,63,64,1,27,0,5,1,0,8580,0.045,0.272,0.011
179,3.364,2.837,0.007,0.014,0.037,0,0,,0,,,,0,,,,,40,40,0,5,3,53,3,3,1,0,1,62,63,64,1,27,0,5,1,0,8580,0.045,0.197,0.01
180,5.298,4.871,0.005,0.009,0.029,0,0,,1,140.625,229818368,286359552,1,75982016,75982016,167424000,38823561584,40,40,0,5,3,53,3,3,1,0,1,62,63,64,1,27,0,5,1,0,8580,0.045,0.163,0.005
181,7.027,6.502,0.007,0.014,0.054,0,0,,0,,,,0,,,,,40,40,0,5,3,53,3,3,1,0,1,62,63,64,1,27,0,5,1,0,8580,0.028,0.152,0.008
182,3.919,3.427,0.01,0.015,0.025,0,0,,0,,,,0,,,,,40,40,0,5,3,53,3,3,1,0,1,62,63,64,1,27,0,5,1,0,8584,0.043,0.209,0.005
183,4.988,4.476,0.015,0.025,0.034,0,0,,0,,,,0,,,,,40,40,0,5,3,53,3,3,1,0,1,62,63,64,1,27,0,5,1,0,8584,0.042,0.128,0.017
184,5.558,5.247,0.008,0.013,0.03,0,0,,0,,,,0,,,,,40,40,0,5,3,53,3,3,1,0,1,62,63,64,1,27,0,5,1,0,8584,0.027,0.094,0.004
185,5.142,4.564,0.01,0.017,0.031,0,0,,0,,,,0,,,,,40,40,0,5,3,53,3,3,1,0,1,62,63,64,1,27,0,5,1,0,8584,0.054,0.213,0.007
186,3.944,3.578,0.007,0.008,0.032,0,0,,0,,,,0,,,,,40,40,0,5,3,53,3,3,1,0,1,62,63,64,1,27,0,5,1,0,8584,0.03,0.15,0.004
187,6.02,5.241,0.009,0.017,0.055,0,0,,0,,,,0,,,,,40,40,0,5,3,53,3,3,1,0,1,62,63,64,1,27,0,5,1,0,8584,0.048,0.289,0.008
188,4.58,4.127,0.008,0.014,0.027,0,0,,0,,,,0,,,,,40,40,0,5,3,53,3,3,1,0,1,62,63,64,1,27,0,5,1,0,8584,0.042,0.148,0.007
189,4.615,3.968,0.009,0.017,0.048,0,0,,0,,,,0,,,,,40,40,0,5,3,53,3,3,1,0,1,62,63,64,1,27,0,5,1,0,8584,0.046,0.211,0.01
190,4.406,3.943,0.006,0.011,0.077,0,0,,0,,,,0,,,,,40,40,0,5,3,53,3,3,1,0,1,62,63,64,1,27,0,5,1,0,8588,0.032,0.188,0.002
191,4.473,4.078,0.006,0.012,0.031,0,0,,0,,,,0,,,,,40,40,0,5,3,53,3,3,1,0,1,62,63,64,1,27,0,5,1,0,8588,0.026,0.123,0.004
192,4.135,3.643,0.007,0.014,0.036,0,0,,0,,,,0,,,,,40,40,0,5,3,53,3,3,1,0,1,62,63,64,1,27,0,5,1,0,8588,0.04,0.155,0.007
193,4.149,3.627,0.009,0.011,0.033,0,0,,0,,,,0,,,,,40,40,0,5,3,53,3,3,1,0,1,62,63,64,1,27,0,5,1,0,8588,0.041,0.208,0.005
194,6.159,5.438,0.008,0.015,0.05,0,0,,0,,,,0,,,,,40,40,0,5,3,53,3,3,1,0,1,62,63,64,1,27,0,5,1,0,8588,0.044,0.274,0.01
195,6.346,5.836,0.009,0.015,0.037,0,0,,0,,,,0,,,,,40,40,0,5,3,53,3,3,1,0,1,62,63,64,1,27,0,5,1,0,8588,0.037,0.164,0.007
196,7.26,6.745,0.008,0.013,0.034,0,0,,0,,,,0,,,,,40,40,0,5,3,53,3,3,1,0,1,62,63,64,1,27,0,5,1,0,8588,0.037,0.22,0.004
197,5.921,5.153,0.01,0.019,0.06,0,0,,0,,,,0,,,,,40,40,0,5,3,53,3,3,1,0,1,62,63,64,1,27,0,5,1,0,8588,0.043,0.263,0.01
198,3.721,3.231,0.009,0.015,0.036,0,0,,0,,,,0,,,,,40,40,0,5,3,53,3,3,1,0,1,62,63,64,1,27,0,5,1,0,8588,0.037,0.189,0.006
199,5.669,4.805,0.009,0.02,0.081,0,0,,0,,,,0,,,,,40,40,0,5,3,53,3,3,1,0,1,62,63,64,1,27,0,5,1,0,8588,0.054,0.28,0.011
200,4.7,3.995,0.009,0.019,0.063,0,0,,0,,,,0,,,,,40,40,0,5,3,53,3,3,1,0,1,62,63,64,1,27,0,5,1,0,8588,0.037,0.207,0.01
201,4.737,3.336,0.012,0.334,0.07,0,0,,0,,,,0,,,,,40,40,0,5,3,53,3,3,1,0,1,62,63,64,1,27,0,5,1,0,8588,0.044,0.511,0.016
202,3.291,2.58,0.01,0.018,0.055,0,0,,0,,,,0,,,,,40,40,0,5,3,53,3,3,1,0,1,62,63,64,1,27,0,5,1,0,8588,0.039,0.229,0.011
203,9.42,8.93,0.01,0.018,0.045,0,0,,0,,,,0,,,,,40,40,0,5,3,53,3,3,1,0,1,62,63,64,1,27,0,5,1,0,8588,0.04,0.119,0.009
204,16.425,15.945,0.007,0.012,0.047,0,0,,0,,,,0,,,,,40,40,0,5,3,53,3,3,1,0,1,62,63,64,1,27,0,5,1,0,8588,0.05,0.115,0.01
205,4.057,3.427,0.007,0.014,0.064,0,0,,0,,,,0,,,,,40,40,0,5,3,53,3,3,1,0,1,62,63,64,1,27,0,5,1,0,8592,0.052,0.211,0.013
206,3.909,3.406,0.007,0.014,0.047,0,0,,0,,,,0,,,,,40,40,0,5,3,53,3,3,1,0,1,62,63,64,1,27,0,5,1,0,8592,0.027,0.166,0.007
207,8.88,8.404,0.009,0.017,0.034,0,0,,0,,,,0,,,,,40,40,0,5,3,53,3,3,1,0,1,62,63,64,1,27,0,5,1,0,8592,0.042,0.159,0.006
208,5.395,4.68,0.01,0.019,0.064,0,0,,0,,,,0,,,,,40,40,0,5,3,53,3,3,1,0,1,62,63,64,1,27,0,5,1,0,8592,0.037,0.221,0.01
209,5.478,4.547,0.008,0.013,0.07,0,0,,0,,,,0,,,,,40,40,0,5,3,53,3,3,1,0,1,62,63,64,1,27,0,5,1,0,8592,0.072,0.453,0.019
210,5.929,5.333,0.009,0.012,0.063,0,0,,1,156.25,229826560,286359552,1,75982016,75982016,167424000,38823561584,40,40,0,5,3,53,3,3,1,0,1,62,63,64,1,27,0,5,1,0,8592,0.034,0.213,0.007
211,4.9,4.359,0.008,0.016,0.035,0,0,,0,,,,0,,,,,40,40,0,5,3,53,3,3,1,0,1,62,63,64,1,27,0,5,1,0,8592,0.028,0.173,0.01
212,7.293,6.627,0.009,0.016,0.046,0,0,,0,,,,0,,,,,40,40,0,5,3,53,3,3,1,0,1,62,63,64,1,27,0,5,1,0,8592,0.048,0.253,0.008
213,8.534,7.364,0.008,0.014,0.07,0,0,,0,,,,0,,,,,40,40,0,5,3,53,3,3,1,0,1,62,63,64,1,27,0,5,1,0,8592,0.044,0.227,0.012
214,8.794,8.28,0.009,0.016,0.049,0,0,,0,,,,0,,,,,40,40,0,5,3,53,3,3,1,0,1,62,63,64,1,27,0,5,1,0,8592,0.027,0.155,0.011
215,6.087,5.549,0.008,0.013,0.058,0,0,,0,,,,0,,,,,40,40,0,5,3,53,3,3,1,0,1,62,63,64,1,27,0,5,1,0,8592,0.027,0.18,0.008
216,7.487,7.013,0.008,0.014,0.045,0,0,,0,,,,0,,,,,40,40,0,5,3,53,3,3,1,0,1,62,63,64,1,27,0,5,1,0,8592,0.026,0.156,0.007
217,8.566,8.035,0.007,0.012,0.054,0,0,,0,,,,0,,,,,40,40,0,5,3,53,3,3,1,0,1,62,63,64,1,27,0,5,1,0,8592,0.025,0.185,0.008
218,4.567,3.754,0.009,0.056,0.045,0,0,,0,,,,0,,,,,40,40,0,5,3,53,3,3,1,0,1,62,63,64,1,27,0,5,1,0,8588,0.052,0.27,0.019
219,5.217,4.641,0.009,0.017,0.032,0,0,,0,,,,0,,,,,40,40,0,5,3,53,3,3,1,0,1,62,63,64,1,27,0,5,1,0,8588,0.039,0.148,0.009
220,5.328,4.737,0.008,0.014,0.038,0,0,,0,,,,0,,,,,40,40,0,5,3,53,3,3,1,0,1,62,63,64,1,27,0,5,1,0,8588,0.044,0.241,0.005
221,4.018,3.435,0.008,0.014,0.039,0,0,,0,,,,0,,,,,40,40,0,5,3,53,3,3,1,0,1,62,63,64,1,27,0,5,1,0,8588,0.04,0.218,0.01
222,5.603,5.135,0.006,0.011,0.039,0,0,,0,,,,0,,,,,40,40,0,5,3,53,3,3,1,0,1,62,63,64,1,27,0,5,1,0,8588,0.026,0.16,0.006
223,6.408,6.118,0.004,0.006,0.026,0,0,,0,,,,0,,,,,40,40,0,5,3,53,3,3,1,0,1,62,63,64,1,27,0,5,1,0,8588,0.015,0.096,0.003
224,4.621,3.951,0.009,0.015,0.074,0,0,,0,,,,0,,,,,40,40,0,5,3,53,3,3,1,0,1,62,63,64,1,27,0,5,1,0,8588,0.032,0.179,0.01
225,5.325,4.734,0.007,0.015,0.041,0,0,,0,,,,0,,,,,40,40,0,5,3,53,3,3,1,0,1,62,63,64,1,27,0,5,1,0,8588,0.044,0.208,0.007
226,5.228,4.815,0.008,0.015,0.027,0,0,,0,,,,0,,,,,40,40,0,5,3,53,3,3,1,0,1,62,63,64,1,27,0,5,1,0,8588,0.039,0.142,0.005
227,5.67,4.992,0.008,0.017,0.069,0,0,,0,,,,0,,,,,40,40,0,5,3,53,3,3,1,0,1,62,63,64,1,27,0,5,1,0,8588,0.04,0.182,0.01
228,5.069,4.734,0.005,0.008,0.029,0,0,,0,,,,0,,,,,40,40,0,5,3,53,3,3,1,0,1,62,63,64,1,27,0,5,1,0,8588,0.016,0.113,0.006
229,6.602,6.179,0.009,0.016,0.028,0,0,,0,,,,0,,,,,40,40,0,5,3,53,3,3,1,0,1,62,63,64,1,27,0,5,1,0,8588,0.041,0.141,0.005
230,4.352,3.698,0.006,0.013,0.088,0,0,,0,,,,0,,,,,40,40,0,5,3,53,3,3,1,0,1,62,63,64,1,27,0,5,1,0,8588,0.027,0.155,0.01
231,5.136,4.607,0.012,0.02,0.032,0,0,,0,,,,0,,,,,40,40,0,5,3,53,3,3,1,0,1,62,63,64,1,27,0,5,1,0,8588,0.043,0.159,0.008
232,6.347,5.873,0.012,0.019,0.034,0,0,,0,,,,0,,,,,40,40,0,5,3,53,3,3,1,0,1,62,63,64,1,27,0,5,1,0,8588,0.043,0.125,0.007
233,5.667,5.173,0.007,0.013,0.035,0,0,,0,,,,0,,,,,40,40,0,5,3,53,3,3,1,0,1,62,63,64,1,27,0,5,1,0,8588,0.026,0.167,0.009
234,6.902,6.517,0.009,0.015,0.025,0,0,,0,,,,0,,,,,40,40,0,5,3,53,3,3,1,0,1,62,63,64,1,27,0,5,1,0,8588,0.031,0.121,0.004
235,6.938,6.107,0.013,0.02,0.076,0,0,,0,,,,0,,,,,40,40,0,5,3,53,3,3,1,0,1,62,63,64,1,27,0,5,1,0,8588,0.05,0.297,0.008
236,4.361,3.672,0.011,0.018,0.04,0,0,,0,,,,0,,,,,40,40,0,5,3,53,3,3,1,0,1,62,63,64,1,27,0,5,1,0,8588,0.048,0.181,0.007
237,11.52,10.928,0.011,0.019,0.046,0,0,,0,,,,0,,,,,40,40,0,5,3,53,3,3,1,0,1,62,63,64,1,27,0,5,1,0,8588,0.053,0.176,0.008
238,9.869,9.361,0.011,0.02,0.077,0,0,,0,,,,0,,,,,40,40,0,5,3,53,3,3,1,0,1,62,63,64,1,27,0,5,1,0,8588,0.022,0.109,0.008
239,9.686,8.403,0.015,0.024,0.097,0,0,,0,,,,0,,,,,40,40,0,5,3,53,3,3,1,0,1,62,63,64,1,27,0,5,1,0,8588,0.057,0.318,0.013
240,5.125,4.612,0.011,0.017,0.033,0,0,,1,156.25,229834752,286359552,1,75982016,75982016,167424000,38823561584,40,40,0,5,3,53,3,3,1,0,1,62,63,64,1,27,0,5,1,0,8588,0.046,0.143,0.005
241,3.966,3.479,0.009,0.014,0.032,0,0,,0,,,,0,,,,,40,40,0,5,3,53,3,3,1,0,1,62,63,64,1,27,0,5,1,0,8588,0.07,0.172,0.005
242,5.632,5.067,0.009,0.013,0.022,0,0,,0,,,,0,,,,,40,40,0,5,3,53,3,3,1,0,1,62,63,64,1,27,0,5,1,0,8588,0.046,0.279,0.005
243,4.464,3.967,0.006,0.012,0.039,0,0,,0,,,,0,,,,,40,40,0,5,3,53,3,3,1,0,1,62,63,64,1,27,0,5,1,0,8584,0.024,0.21,0.006
244,4.483,3.941,0.008,0.014,0.029,0,0,,0,,,,0,,,,,40,40,0,5,3,53,3,3,1,0,1,62,63,64,1,27,0,5,1,0,8584,0.028,0.271,0.004
245,4.947,4.564,0.008,0.015,0.031,0,0,,0,,,,0,,,,,40,40,0,5,3,53,3,3,1,0,1,62,63,64,1,27,0,5,1,0,8584,0.032,0.126,0.005
246,5.342,4.874,0.008,0.032,0.03,0,0,,0,,,,0,,,,,40,40,0,5,3,53,3,3,1,0,1,62,63,64,1,27,0,5,1,0,8584,0.037,0.135,0.009
247,6.627,6.156,0.012,0.02,0.035,0,0,,0,,,,0,,,,,40,40,0,5,3,53,3,3,1,0,1,62,63,64,1,27,0,5,1,0,8580,0.054,0.116,0.005
248,6.059,5.636,0.005,0.009,0.037,0,0,,0,,,,0,,,,,40,40,0,5,3,53,3,3,1,0,1,62,63,64,1,27,0,5,1,0,8580,0.023,0.17,0.005
249,3.782,3.362,0.01,0.015,0.03,0,0,,0,,,,0,,,,,40,40,0,5,3,53,3,3,1,0,1,62,63,64,1,27,0,5,1,0,8580,0.04,0.123,0.005
250,6.1,5.696,0.009,0.013,0.023,0,0,,0,,,,0,,,,,40,40,0,5,3,53,3,3,1,0,1,62,63,64,1,27,0,5,1,0,8580,0.052,0.147,0.003
251,5.054,4.509,0.01,0.022,0.039,0,0,,0,,,,0,,,,,40,40,0,5,3,53,3,3,1,0,1,62,63,64,1,27,0,5,1,0,8580,0.036,0.165,0.009
252,5.463,4.688,0.012,0.018,0.07,0,0,,0,,,,0,,,,,40,40,0,5,3,53,3,3,1,0,1,62,63,64,1,27,0,5,1,0,8580,0.043,0.271,0.008
253,6.536,6.116,0.01,0.017,0.028,0,0,,0,,,,0,,,,,40,40,0,5,3,53,3,3,1,0,1,62,63,64,1,27,0,5,1,0,8580,0.042,0.137,0.005
254,5.286,4.842,0.006,0.011,0.029,0,0,,0,,,,0,,,,,40,40,0,5,3,53,3,3,1,0,1,62,63,64,1,27,0,5,1,0,8580,0.025,0.176,0.006
255,4.245,3.728,0.005,0.01,0.031,0,0,,0,,,,0,,,,,40,40,0,5,3,53,3,3,1,0,1,62,63,64,1,27,0,5,1,0,8580,0.1,0.138,0.007
256,5.295,4.801,0.008,0.012,0.06,0,0,,0,,,,0,,,,,40,40,0,5,3,53,3,3,1,0,1,62,63,64,1,27,0,5,1,0,8580,0.027,0.143,0.009
257,8.167,7.668,0.013,0.021,0.035,0,0,,0,,,,0,,,,,40,40,0,5,3,53,3,3,1,0,1,62,63,64,1,27,0,5,1,0,8580,0.056,0.135,0.007
258,8.738,8.18,0.013,0.021,0.046,0,0,,0,,,,0,,,,,40,40,0,5,3,53,3,3,1,0,1,62,63,64,1,27,0,5,1,0,8580,0.044,0.152,0.01
259,6.509,6.01,0.011,0.019,0.065,0,0,,0,,,,0,,,,,40,40,0,5,3,53,3,3,1,0,1,62,63,64,1,27,0,5,1,0,8580,0.048,0.122,0.007
260,8.645,8.14,0.01,0.019,0.044,0,0,,0,,,,0,,,,,40,40,0,5,3,53,3,3,1,0,1,62,63,64,1,27,0,5,1,0,8580,0.038,0.129,0.01
261,7.751,7.273,0.01,0.015,0.037,0,0,,0,,,,0,,,,,40,40,0,5,3,53,3,3,1,0,1,62,63,64,1,27,0,5,1,0,8580,0.034,0.133,0.007
262,4.138,3.632,0.006,0.009,0.036,0,0,,0,,,,0,,,,,40,40,0,5,3,53,3,3,1,0,1,62,63,64,1,27,0,5,1,0,8580,0.039,0.143,0.01
263,5.087,4.602,0.007,0.013,0.03,0,0,,0,,,,0,,,,,40,40,0,5,3,53,3,3,1,0,1,62,63,64,1,27,0,5,1,0,8580,0.04,0.198,0.004
264,4.199,3.65,0.011,0.019,0.031,0,0,,0,,,,0,,,,,40,40,0,5,3,53,3,3,1,0,1,62,63,64,1,27,0,5,1,0,8580,0.05,0.201,0.007
265,9.073,8.398,0.009,0.016,0.048,0,0,,0,,,,0,,,,,40,40,0,5,3,53,3,3,1,0,1,62,63,64,1,27,0,5,1,0,8580,0.028,0.2,0.014
266,8.569,7.937,0.012,0.021,0.063,0,0,,0,,,,0,,,,,40,40,0,5,3,53,3,3,1,0,1,62,63,64,1,27,0,5,1,0,8580,0.057,0.169,0.01
267,7.83,7.079,0.009,0.014,0.082,0,0,,0,,,,0,,,,,40,40,0,5,3,53,3,3,1,0,1,62,63,64,1,27,0,5,1,0,8580,0.101,0.211,0.014
268,11.835,11.246,0.011,0.019,0.059,0,0,,0,,,,0,,,,,40,40,0,5,3,53,3,3,1,0,1,62,63,64,1,27,0,5,1,0,8580,0.055,0.146,0.009
269,12.34,11.765,0.013,0.022,0.045,0,0,,0,,,,0,,,,,40,40,0,5,3,53,3,3,1,0,1,62,63,64,1,27,0,5,1,0,8576,0.061,0.128,0.009
270,8.412,7.435,0.009,0.015,0.124,0,0,,1,203.125,229847040,286359552,1,75982016,75982016,167424000,38823561584,40,40,0,5,3,53,3,3,1,0,1,62,63,64,1,27,0,5,1,0,8576,0.028,0.396,0.015
271,6.565,6.009,0.012,0.022,0.042,0,0,,0,,,,0,,,,,40,40,0,5,3,53,3,3,1,0,1,62,63,64,1,27,0,5,1,0,8576,0.054,0.144,0.008
272,5.405,4.904,0.012,0.019,0.03,0,0,,0,,,,0,,,,,40,40,0,5,3,53,3,3,1,0,1,62,63,64,1,27,0,5,1,0,8576,0.054,0.141,0.006
273,5.192,4.635,0.008,0.016,0.036,0,0,,0,,,,0,,,,,40,40,0,5,3,53,3,3,1,0,1,62,63,64,1,27,0,5,1,0,8576,0.028,0.172,0.013
274,7.424,6.836,0.01,0.018,0.072,0,0,,0,,,,0,,,,,40,40,0,5,3,53,3,3,1,0,1,62,63,64,1,27,0,5,1,0,8576,0.061,0.14,0.01
275,6.505,5.495,0.012,0.022,0.133,0,0,,0,,,,0,,,,,40,40,0,5,3,53,3,3,1,0,1,62,63,64,1,27,0,5,1,0,8576,0.062,0.373,0.014
276,6.015,5.452,0.012,0.024,0.044,0,0,,0,,,,0,,,,,40,40,0,5,3,53,3,3,1,0,1,62,63,64,1,27,0,5,1,0,8576,0.048,0.132,0.009
277,5.658,5.005,0.009,0.014,0.076,0,0,,0,,,,0,,,,,40,40,0,5,3,53,3,3,1,0,1,62,63,64,1,27,0,5,1,0,8576,0.029,0.197,0.009
278,7.707,7.013,0.009,0.063,0.049,0,0,,0,,,,0,,,,,40,40,0,5,3,53,3,3,1,0,1,62,63,64,1,27,0,5,1,0,8576,0.038,0.205,0.011
279,25.968,25.448,0.007,0.014,0.051,0,0,,0,,,,0,,,,,40,40,0,5,3,53,3,3,1,0,1,62,63,64,1,27,0,5,1,0,8576,0.027,0.145,0.01
280,12.813,12.215,0.011,0.016,0.068,0,0,,0,,,,0,,,,,40,40,0,5,3,53,3,3,1,0,1,62,63,64,1,27,0,5,1,0,8576,0.03,0.154,0.01
281,10.232,9.203,0.008,0.015,0.081,0,0,,0,,,,0,,,,,40,40,0,5,3,53,3,3,1,0,1,62,63,64,1,27,0,5,1,0,8576,0.045,0.24,0.012
282,6.426,5.894,0.007,0.011,0.035,0,0,,0,,,,0,,,,,40,40,0,5,3,53,3,3,1,0,1,62,63,64,1,27,0,5,1,0,8576,0.05,0.187,0.006
283,6.091,5.466,0.012,0.021,0.034,0,0,,0,,,,0,,,,,40,40,0,5,3,53,3,3,1,0,1,62,63,64,1,27,0,5,1,0,8576,0.061,0.22,0.007
284,5.512,4.88,0.012,0.021,0.038,0,0,,0,,,,0,,,,,40,40,0,5,3,53,3,3,1,0,1,62,63,64,1,27,0,5,1,0,8576,0.058,0.184,0.009
285,6.132,5.634,0.01,0.028,0.03,0,0,,0,,,,0,,,,,40,40,0,5,3,53,3,3,1,0,1,62,63,64,1,27,0,5,1,0,8576,0.046,0.158,0.004
286,6.988,6.432,0.011,0.017,0.043,0,0,,0,,,,0,,,,,40,40,0,5,3,53,3,3,1,0,1,62,63,64,1,27,0,5,1,0,8576,0.023,0.132,0.007
287,5.339,4.599,0.014,0.022,0.07,0,0,,0,,,,0,,,,,40,40,0,5,3,53,3,3,1,0,1,62,63,64,1,27,0,5,1,0,8576,0.043,0.23,0.012
288,8.69,8.16,0.009,0.013,0.05,0,0,,0,,,,0,,,,,40,40,0,5,3,53,3,3,1,0,1,62,63,64,1,27,0,5,1,0,8576,0.027,0.147,0.01
289,8.475,7.984,0.007,0.014,0.094,0,0,,0,,,,0,,,,,40,40,0,5,3,53,3,3,1,0,1,62,63,64,1,27,0,5,1,0,8568,0.023,0.118,0.009
290,6.975,6.469,0.009,0.013,0.02,0,0,,0,,,,0,,,,,40,40,0,5,3,53,3,3,1,0,1,62,63,64,1,27,0,5,1,0,8568,0.043,0.237,0.007
291,7.173,6.489,0.015,0.022,0.054,0,0,,0,,,,0,,,,,40,40,0,5,3,53,3,3,1,0,1,62,63,64,1,27,0,5,1,0,8568,0.041,0.21,0.011
292,5.174,4.706,0.01,0.018,0.041,0,0,,0,,,,0,,,,,40,40,0,5,3,53,3,3,1,0,1,62,63,64,1,27,0,5,1,0,8564,0.025,0.135,0.007
293,10.049,9.178,0.014,0.025,0.078,0,0,,0,,,,0,,,,,40,40,0,5,3,53,3,3,1,0,1,62,63,64,1,27,0,5,1,0,8564,0.042,0.254,0.013
294,5.67,5.218,0.006,0.009,0.042,0,0,,0,,,,0,,,,,40,40,0,5,3,53,3,3,1,0,1,62,63,64,1,27,0,5,1,0,8560,0.023,0.172,0.006
295,7.646,7.111,0.008,0.012,0.027,0,0,,0,,,,0,,,,,40,40,0,5,3,53,3,3,1,0,1,62,63,64,1,27,0,5,1,0,8560,0.044,0.238,0.005
296,6.745,6.186,0.01,0.017,0.064,0,0,,0,,,,0,,,,,40,40,0,5,3,53,3,3,1,0,1,62,63,64,1,27,0,5,1,0,8560,0.029,0.156,0.009
297,4.982,4.487,0.007,0.01,0.064,0,0,,0,,,,0,,,,,40,40,0,5,3,53,3,3,1,0,1,62,63,64,1,27,0,5,1,0,8560,0.028,0.174,0.006
298,5.516,5.065,0.006,0.01,0.048,0,0,,0,,,,0,,,,,40,40,0,5,3,53,3,3,1,0,1,62,63,64,1,27,0,5,1,0,8560,0.025,0.164,0.005
299,4.505,3.897,0.011,0.018,0.049,0,0,,0,,,,0,,,,,40,40,0,5,3,53,3,3,1,0,1,62,63,64,1,27,0,5,1,0,8560,0.033,0.169,0.01
300,4.102,3.634,0.006,0.009,0.041,0,0,,1,265.625,229855232,286359552,1,75982016,75982016,167424000,38823561584,40,40,0,5,3,53,3,3,1,0,1,62,63,64,1,27,0,5,1,0,8560,0.024,0.165,0.005
301,5.457,4.712,0.01,0.015,0.075,0,0,,0,,,,0,,,,,40,40,0,5,3,53,3,3,1,0,1,62,63,64,1,27,0,5,1,0,8560,0.037,0.24,0.009
302,4.961,4.084,0.009,0.014,0.067,0,0,,0,,,,0,,,,,40,40,0,5,3,53,3,3,1,0,1,62,63,64,1,27,0,5,1,0,8560,0.048,0.28,0.012
303,8.183,7.67,0.01,0.014,0.052,0,0,,0,,,,0,,,,,40,40,0,5,3,53,3,3,1,0,1,62,63,64,1,27,0,5,1,0,8560,0.028,0.15,0.008
304,9.389,8.575,0.013,0.021,0.065,0,0,,0,,,,0,,,,,40,40,0,5,3,53,3,3,1,0,1,62,63,64,1,27,0,5,1,0,8560,0.044,0.248,0.013
305,4.439,3.87,0.009,0.014,0.065,0,0,,0,,,,0,,,,,40,40,0,5,3,53,3,3,1,0,1,62,63,64,1,27,0,5,1,0,8560,0.026,0.146,0.009
306,6.797,6.197,0.011,0.018,0.048,0,0,,0,,,,0,,,,,40,40,0,5,3,53,3,3,1,0,1,62,63,64,1,27,0,5,1,0,8560,0.042,0.203,0.01
307,8.424,7.897,0.012,0.019,0.037,0,0,,0,,,,0,,,,,40,40,0,5,3,53,3,3,1,0,1,62,63,64,1,27,0,5,1,0,8560,0.048,0.105,0.008
308,8.155,7.622,0.01,0.017,0.033,0,0,,0,,,,0,,,,,40,40,0,5,3,53,3,3,1,0,1,62,63,64,1,27,0,5,1,0,8560,0.045,0.206,0.006
309,4.167,3.508,0.008,0.015,0.084,0,0,,0,,,,0,,,,,40,40,0,5,3,53,3,3,1,0,1,62,63,64,1,27,0,5,1,0,8568,0.033,0.169,0.01
310,3.771,3.346,0.006,0.011,0.031,0,0,,0,,,,0,,,,,40,40,0,5,3,53,3,3,1,0,1,62,63,64,1,27,0,5,1,0,8572,0.023,0.143,0.007
311,7.12,6.729,0.006,0.011,0.041,0,0,,0,,,,0,,,,,40,40,0,5,3,53,3,3,1,0,1,62,63,64,1,27,0,5,1,0,8572,0.021,0.125,0.007
312,4.275,3.789,0.011,0.014,0.023,0,0,,0,,,,0,,,,,40,40,0,5,3,53,3,3,1,0,1,62,63,64,1,27,0,5,1,0,8576,0.052,0.172,0.005
313,7.482,6.974,0.006,0.011,0.04,0,0,,0,,,,0,,,,,40,40,0,5,3,53,3,3,1,0,1,62,63,64,1,27,0,5,1,0,8576,0.028,0.156,0.009
314,8.704,8.147,0.005,0.008,0.043,0,0,,0,,,,0,,,,,40,40,0,5,3,53,3,3,1,0,1,62,63,64,1,27,0,5,1,0,8576,0.018,0.246,0.008
315,3.965,3.465,0.007,0.013,0.041,0,0,,0,,,,0,,,,,40,40,0,5,3,53,3,3,1,0,1,62,63,64,1,27,0,5,1,0,8576,0.025,0.159,0.011
316,6.99,6.497,0.008,0.017,0.036,0,0,,0,,,,0,,,,,40,40,0,5,3,53,3,3,1,0,1,62,63,64,1,27,0,5,1,0,8576,0.026,0.141,0.01
317,6.801,6.224,0.009,0.015,0.051,0,0,,0,,,,0,,,,,40,40,0,5,3,53,3,3,1,0,1,62,63,64,1,27,0,5,1,0,8576,0.024,0.218,0.009
318,5.428,4.853,0.015,0.025,0.03,0,0,,0,,,,0,,,,,40,40,0,5,3,53,3,3,1,0,1,62,63,64,1,27,0,5,1,0,8576,0.071,0.13,0.006
319,6.507,6.007,0.008,0.014,0.05,0,0,,0,,,,0,,,,,40,40,0,5,3,53,3,3,1,0,1,62,63,64,1,27,0,5,1,0,8576,0.028,0.139,0.009
320,6.025,5.054,0.015,0.025,0.075,0,0,,0,,,,0,,,,,40,40,0,5,3,53,3,3,1,0,1,62,63,64,1,27,0,5,1,0,8576,0.05,0.276,0.013
321,5.058,4.554,0.01,0.016,0.027,0,0,,0,,,,0,,,,,40,40,0,5,3,53,3,3,1,0,1,62,63,64,1,27,0,5,1,0,8576,0.051,0.152,0.008
322,11.297,10.161,0.009,0.016,0.11,0,0,,0,,,,0,,,,,40,40,0,5,3,53,3,3,1,0,1,62,63,64,1,27,0,5,1,0,8576,0.07,0.375,0.014
323,9.449,9.012,0.012,0.019,0.025,0,0,,0,,,,0,,,,,40,40,0,5,3,53,3,3,1,0,1,62,63,64,1,27,0,5,1,0,8580,0.02,0.102,0.007
324,4.859,4.373,0.01,0.016,0.036,0,0,,0,,,,0,,,,,40,40,0,5,3,53,3,3,1,0,1,62,63,64,1,27,0,5,1,0,8580,0.023,0.148,0.006
325,3.958,3.535,0.007,0.013,0.033,0,0,,0,,,,0,,,,,40,40,0,5,3,53,3,3,1,0,1,62,63,64,1,27,0,5,1,0,8580,0.025,0.117,0.007
326,8.331,7.834,0.012,0.019,0.038,0,0,,0,,,,0,,,,,40,40,0,5,3,53,3,3,1,0,1,62,63,64,1,27,0,5,1,0,8584,0.045,0.136,0.007
327,4.981,4.11,0.013,0.019,0.089,0,0,,0,,,,0,,,,,40,40,0,5,3,53,3,3,1,0,1,62,63,64,1,27,0,5,1,0,8584,0.048,0.292,0.015
328,4.697,4.285,0.005,0.01,0.032,0,0,,0,,,,0,,,,,40,40,0,5,3,53,3,3,1,0,1,62,63,64,1,27,0,5,1,0,8584,0.021,0.131,0.007
329,8.845,8.448,0.005,0.009,0.032,0,0,,0,,,,0,,,,,40,40,0,5,3,53,3,3,1,0,1,62,63,64,1,27,0,5,1,0,8584,0.022,0.145,0.006
330,4.769,4.092,0.008,0.015,0.044,0,0,,1,328.125,229863424,286359552,1,75982016,75982016,167424000,38823561584,40,40,0,5,3,53,3,3,1,0,1,62,63,64,1,27,0,5,1,0,8584,0.03,0.238,0.014
331,8.83,8.293,0.009,0.014,0.061,0,0,,0,,,,0,,,,,40,40,0,5,3,53,3,3,1,0,1,62,63,64,1,27,0,5,1,0,8584,0.028,0.146,0.01
332,10.173,9.607,0.011,0.018,0.036,0,0,,0,,,,0,,,,,40,40,0,5,3,53,3,3,1,0,1,62,63,64,1,27,0,5,1,0,8584,0.043,0.195,0.01
333,11.881,11.299,0.007,0.013,0.068,0,0,,0,,,,0,,,,,40,40,0,5,3,53,3,3,1,0,1,62,63,64,1,27,0,5,1,0,8584,0.027,0.152,0.011
334,8.845,8.24,0.011,0.018,0.074,0,0,,0,,,,0,,,,,40,40,0,5,3,53,3,3,1,0,1,62,63,64,1,27,0,5,1,0,8584,0.027,0.14,0.01
335,12.51,11.734,0.015,0.024,0.05,0,0,,0,,,,0,,,,,40,40,0,5,3,53,3,3,1,0,1,62,63,64,1,27,0,5,1,0,8584,0.058,0.206,0.082
336,13.928,13.043,0.014,0.041,0.08,0,0,,0,,,,0,,,,,40,40,0,5,3,53,3,3,1,0,1,62,63,64,1,27,0,5,1,0,8584,0.043,0.241,0.012
337,5.715,5.25,0.012,0.013,0.032,0,0,,0,,,,0,,,,,40,40,0,5,3,53,3,3,1,0,1,62,63,64,1,27,0,5,1,0,8584,0.056,0.125,0.009
338,8.462,7.901,0.008,0.014,0.057,0,0,,0,,,,0,,,,,40,40,0,5,3,53,3,3,1,0,1,62,63,64,1,27,0,5,1,0,8584,0.03,0.179,0.009
339,7.157,6.539,0.015,0.026,0.041,0,0,,0,,,,0,,,,,40,40,0,5,3,53,3,3,1,0,1,62,63,64,1,27,0,5,1,0,8584,0.058,0.143,0.01
340,5.486,4.959,0.007,0.014,0.048,0,0,,0,,,,0,,,,,40,40,0,5,3,53,3,3,1,0,1,62,63,64,1,27,0,5,1,0,8584,0.03,0.178,0.01
341,5.559,4.923,0.008,0.014,0.042,0,0,,0,,,,0,,,,,40,40,0,5,3,53,3,3,1,0,1,62,63,64,1,27,0,5,1,0,8584,0.03,0.225,0.018
342,14.063,13.605,0.007,0.012,0.033,0,0,,0,,,,0,,,,,40,40,0,5,3,53,3,3,1,0,1,62,63,64,1,27,0,5,1,0,8584,0.022,0.162,0.009
343,10.358,9.734,0.011,0.018,0.053,0,0,,0,,,,0,,,,,40,40,0,5,3,53,3,3,1,0,1,62,63,64,1,27,0,5,1,0,8584,0.049,0.177,0.011
344,8.934,8.079,0.01,0.017,0.06,0,0,,0,,,,0,,,,,40,40,0,5,3,53,3,3,1,0,1,62,63,64,1,27,0,5,1,0,8584,0.031,0.214,0.014
345,16.215,15.446,0.016,0.023,0.052,0,0,,0,,,,0,,,,,40,40,0,5,3,53,3,3,1,0,1,62,63,64,1,27,0,5,1,0,8584,0.035,0.189,0.011
346,45.981,45.398,0.011,0.018,0.066,0,0,,0,,,,0,,,,,40,40,0,5,3,53,3,3,1,0,1,62,63,64,1,27,0,5,1,0,8584,0.031,0.153,0.01
347,10.499,9.885,0.01,0.018,0.068,0,0,,0,,,,0,,,,,40,40,0,5,3,53,3,3,1,0,1,62,63,64,1,27,0,5,1,0,8584,0.032,0.174,0.011
348,10.055,9.347,0.012,0.019,0.076,0,0,,0,,,,0,,,,,40,40,0,5,3,53,3,3,1,0,1,62,63,64,1,27,0,5,1,0,8584,0.039,0.224,0.013
349,7.275,6.697,0.01,0.017,0.057,0,0,,0,,,,0,,,,,40,40,0,5,3,53,3,3,1,0,1,62,63,64,1,27,0,5,1,0,8584,0.032,0.163,0.01
350,8.012,7.324,0.014,0.021,0.078,0,0,,0,,,,0,,,,,40,40,0,5,3,53,3,3,1,0,1,62,63,64,1,27,0,5,1,0,8584,0.037,0.204,0.009
351,4.944,4.381,0.009,0.017,0.046,0,0,,0,,,,0,,,,,40,40,0,5,3,53,3,3,1,0,1,62,63,64,1,27,0,5,1,0,8584,0.029,0.178,0.01
352,5.414,4.609,0.009,0.018,0.097,0,0,,0,,,,0,,,,,40,40,0,5,3,53,3,3,1,0,1,62,63,64,1,27,0,5,1,0,8584,0.04,0.293,0.01
353,10.483,9.996,0.008,0.014,0.043,0,0,,0,,,,0,,,,,40,40,0,5,3,53,3,3,1,0,1,62,63,64,1,27,0,5,1,0,8584,0.025,0.134,0.01
354,12.472,11.303,0.012,0.02,0.074,0,0,,0,,,,0,,,,,40,40,0,5,3,53,3,3,1,0,1,62,63,64,1,27,0,5,1,0,8584,0.041,0.193,0.012
355,6.995,6.384,0.013,0.024,0.055,0,0,,0,,,,0,,,,,40,40,0,5,3,53,3,3,1,0,1,62,63,64,1,27,0,5,1,0,8584,0.052,0.169,0.008
356,6.388,5.64,0.011,0.017,0.076,0,0,,0,,,,0,,,,,40,40,0,5,3,53,3,3,1,0,1,62,63,64,1,27,0,5,1,0,8584,0.042,0.244,0.009
357,4.574,3.467,0.006,0.011,0.09,0,0,,0,,,,0,,,,,40,40,0,5,3,53,3,3,1,0,1,62,63,64,1,27,0,5,1,0,8584,0.028,0.222,0.012
358,4.266,3.318,0.013,0.019,0.103,0,0,,0,,,,0,,,,,40,40,0,5,3,53,3,3,1,0,1,62,63,64,1,27,0,5,1,0,8584,0.052,0.317,0.01
359,10.849,10.001,0.012,0.019,0.084,0,0,,0,,,,0,,,,,40,40,0,5,3,53,3,3,1,0,1,62,63,64,1,27,0,5,1,0,8584,0.043,0.306,0.013
360,3.997,3.419,0.01,0.019,0.033,0,0,,1,359.375,229871616,286359552,1,75982016,75982016,167424000,38823561584,40,40,0,5,3,53,3,3,1,0,1,62,63,64,1,27,0,5,1,0,8584,0.05,0.165,0.009
361,4.411,3.678,0.008,0.013,0.123,0,0,,0,,,,0,,,,,40,40,0,5,3,53,3,3,1,0,1,62,63,64,1,27,0,5,1,0,8584,0.084,0.171,0.008
362,5.668,5.008,0.009,0.016,0.066,0,0,,0,,,,0,,,,,40,40,0,5,3,53,3,3,1,0,1,62,63,64,1,27,0,5,1,0,8584,0.047,0.235,0.008
363,5.563,4.989,0.011,0.016,0.045,0,0,,0,,,,0,,,,,40,40,0,5,3,53,3,3,1,0,1,62,63,64,1,27,0,5,1,0,8584,0.032,0.167,0.011
364,17.148,16.582,0.007,0.014,0.038,0,0,,0,,,,0,,,,,40,40,0,5,3,53,3,3,1,0,1,62,63,64,1,27,0,5,1,0,8584,0.028,0.147,0.009
365,6.55,6.105,0.006,0.012,0.032,0,0,,0,,,,0,,,,,40,40,0,5,3,53,3,3,1,0,1,62,63,64,1,27,0,5,1,0,8584,0.024,0.143,0.006
366,7.56,6.733,0.008,0.015,0.057,0,0,,0,,,,0,,,,,40,40,0,5,3,53,3,3,1,0,1,62,63,64,1,27,0,5,1,0,8584,0.028,0.232,0.098
367,5.328,4.733,0.009,0.017,0.054,0,0,,0,,,,0,,,,,40,40,0,5,3,53,3,3,1,0,1,62,63,64,1,27,0,5,1,0,8584,0.033,0.17,0.011
368,6.321,5.834,0.011,0.018,0.033,0,0,,0,,,,0,,,,,40,40,0,5,3,53,3,3,1,0,1,62,63,64,1,27,0,5,1,0,8584,0.041,0.143,0.008
369,6.099,5.194,0.011,0.018,0.091,0,0,,0,,,,0,,,,,40,40,0,5,3,53,3,3,1,0,1,62,63,64,1,27,0,5,1,0,8584,0.035,0.237,0.014
370,6.613,6.024,0.015,0.023,0.044,0,0,,0,,,,0,,,,,40,40,0,5,3,53,3,3,1,0,1,62,63,64,1,27,0,5,1,0,8584,0.021,0.126,0.007
371,6.777,6.056,0.006,0.011,0.152,0,0,,0,,,,0,,,,,40,40,0,5,3,53,3,3,1,0,1,62,63,64,1,27,0,5,1,0,8584,0.023,0.28,0.01
372,8.213,7.625,0.011,0.02,0.046,0,0,,0,,,,0,,,,,40,40,0,5,3,53,3,3,1,0,1,62,63,64,1,27,0,5,1,0,8584,0.041,0.151,0.011
373,11.887,11.099,0.01,0.019,0.075,0,0,,0,,,,0,,,,,40,40,0,5,3,53,3,3,1,0,1,62,63,64,1,27,0,5,1,0,8584,0.04,0.242,0.019
374,10.047,9.352,0.066,0.022,0.094,0,0,,0,,,,0,,,,,40,40,0,5,3,53,3,3,1,0,1,62,63,64,1,27,0,5,1,0,8584,0.064,0.146,0.011
375,11.876,11.227,0.011,0.019,0.076,0,0,,0,,,,0,,,,,40,40,0,5,3,53,3,3,1,0,1,62,63,64,1,27,0,5,1,0,8584,0.035,0.19,0.011
376,9.869,9.086,0.009,0.016,0.054,0,0,,0,,,,0,,,,,40,40,0,5,3,53,3,3,1,0,1,62,63,64,1,27,0,5,1,0,8584,0.049,0.294,0.026
377,25.668,25.061,0.013,0.021,0.058,0,0,,0,,,,0,,,,,40,40,0,5,3,53,3,3,1,0,1,62,63,64,1,27,0,5,1,0,8584,0.032,0.168,0.011
378,9.666,8.438,0.012,0.019,0.052,0,0,,0,,,,0,,,,,40,40,0,5,3,53,3,3,1,0,1,62,63,64,1,27,0,5,1,0,8592,0.121,0.18,0.012
379,7.857,7.335,0.01,0.017,0.048,0,0,,0,,,,0,,,,,40,40,0,5,3,53,3,3,1,0,1,62,63,64,1,27,0,5,1,0,8592,0.029,0.15,0.009
380,9.875,9.261,0.012,0.022,0.036,0,0,,0,,,,0,,,,,40,40,0,5,3,53,3,3,1,0,1,62,63,64,1,27,0,5,1,0,8592,0.059,0.165,0.009
381,11.378,10.567,0.007,0.014,0.11,0,0,,0,,,,0,,,,,40,40,0,5,3,53,3,3,1,0,1,62,63,64,1,27,0,5,1,0,8592,0.029,0.236,0.01
382,15.762,15.155,0.012,0.022,0.052,0,0,,0,,,,0,,,,,40,40,0,5,3,53,3,3,1,0,1,62,63,64,1,27,0,5,1,0,8592,0.045,0.167,0.01
383,9.279,8.665,0.011,0.019,0.059,0,0,,0,,,,0,,,,,40,40,0,5,3,53,3,3,1,0,1,62,63,64,1,27,0,5,1,0,8592,0.032,0.184,0.011
384,7.308,6.557,0.009,0.014,0.092,0,0,,0,,,,0,,,,,40,40,0,5,3,53,3,3,1,0,1,62,63,64,1,27,0,5,1,0,8592,0.032,0.167,0.011
385,5.65,4.807,0.013,0.022,0.089,0,0,,0,,,,0,,,,,40,40,0,5,3,53,3,3,1,0,1,62,63,64,1,27,0,5,1,0,8592,0.044,0.254,0.014
386,16.469,15.707,0.013,0.02,0.08,0,0,,0,,,,0,,,,,40,40,0,5,3,53,3,3,1,0,1,62,63,64,1,27,0,5,1,0,8592,0.042,0.224,0.012
387,19.653,19.097,0.009,0.016,0.06,0,0,,0,,,,0,,,,,40,40,0,5,3,53,3,3,1,0,1,62,63,64,1,27,0,5,1,0,8592,0.027,0.139,0.011
388,10.936,10.145,0.013,0.021,0.072,0,0,,0,,,,0,,,,,40,40,0,5,3,53,3,3,1,0,1,62,63,64,1,27,0,5,1,0,8592,0.062,0.225,0.012
389,7.824,7.304,0.01,0.014,0.049,0,0,,0,,,,0,,,,,40,40,0,5,3,53,3,3,1,0,1,62,63,64,1,27,0,5,1,0,8592,0.028,0.158,0.009
390,13.207,12.676,0.009,0.017,0.052,0,0,,1,406.25,229941248,286359552,1,75982016,75982016,167424000,38823561584,40,40,0,5,3,53,3,3,1,0,1,62,63,64,1,27,0,5,1,0,8592,0.027,0.136,0.011
391,20.299,19.656,0.011,0.018,0.063,0,0,,0,,,,0,,,,,40,40,0,5,3,53,3,3,1,0,1,62,63,64,1,27,0,5,1,0,8592,0.034,0.178,0.012
392,7.356,6.852,0.008,0.013,0.062,0,0,,0,,,,0,,,,,40,40,0,5,3,53,3,3,1,0,1,62,63,64,1,27,0,5,1,0,8588,0.026,0.158,0.009
393,7.79,7.291,0.009,0.015,0.04,0,0,,0,,,,0,,,,,40,40,0,5,3,53,3,3,1,0,1,62,63,64,1,27,0,5,1,0,8588,0.04,0.15,0.009
394,11.107,10.407,0.014,0.022,0.057,0,0,,0,,,,0,,,,,40,40,0,5,3,53,3,3,1,0,1,62,63,64,1,27,0,5,1,0,8584,0.04,0.214,0.011
395,9.815,9.268,0.012,0.017,0.064,0,0,,0,,,,0,,,,,40,40,0,5,3,53,3,3,1,0,1,62,63,64,1,27,0,5,1,0,8584,0.028,0.139,0.009
396,5.968,5.374,0.019,0.033,0.036,0,0,,0,,,,0,,,,,40,40,0,5,3,53,3,3,1,0,1,62,63,64,1,27,0,5,1,0,8584,0.027,0.15,0.009
397,4.833,4.362,0.007,0.013,0.075,0,0,,0,,,,0,,,,,40,40,0,5,3,53,3,3,1,0,1,62,63,64,1,27,0,5,1,0,8584,0.024,0.13,0.009
398,6.915,6.312,0.013,0.022,0.051,0,0,,0,,,,0,,,,,40,40,0,5,3,53,3,3,1,0,1,62,63,64,1,27,0,5,1,0,8584,0.052,0.173,0.009
399,6.902,6.449,0.007,0.013,0.043,0,0,,0,,,,0,,,,,40,40,0,5,3,53,3,3,1,0,1,62,63,64,1,27,0,5,1,0,8584,0.024,0.117,0.01
400,12.085,11.317,0.01,0.017,0.063,0,0,,0,,,,0,,,,,40,40,0,5,3,53,3,3,1,0,1,62,63,64,1,27,0,5,1,0,8584,0.037,0.286,0.012
401,4.182,3.555,0.006,0.01,0.036,0,0,,0,,,,0,,,,,40,40,0,5,3,53,3,3,1,0,1,62,63,64,1,27,0,5,1,0,8584,0.074,0.245,0.011
402,3.477,3.116,0.008,0.011,0.046,0,0,,0,,,,0,,,,,40,40,0,5,3,53,3,3,1,0,1,62,63,64,1,27,0,5,1,0,8584,0.03,0.122,0.003
403,8.115,7.358,0.008,0.014,0.052,0,0,,0,,,,0,,,,,40,40,0,5,3,53,3,3,1,0,1,62,63,64,1,27,0,5,1,0,8584,0.049,0.304,0.008
404,5.858,5.348,0.01,0.019,0.033,0,0,,0,,,,0,,,,,40,40,0,5,3,53,3,3,1,0,1,62,63,64,1,27,0,5,1,0,8584,0.056,0.144,0.006
405,4.688,4.148,0.009,0.016,0.06,0,0,,0,,,,0,,,,,40,40,0,5,3,53,3,3,1,0,1,62,63,64,1,27,0,5,1,0,8584,0.046,0.14,0.005
406,4.536,4.162,0.008,0.012,0.025,0,0,,0,,,,0,,,,,40,40,0,5,3,53,3,3,1,0,1,62,63,64,1,27,0,5,1,0,8576,0.017,0.11,0.002
407,4.002,3.624,0.005,0.01,0.031,0,0,,0,,,,0,,,,,40,40,0,5,3,53,3,3,1,0,1,62,63,64,1,27,0,5,1,0,8576,0.021,0.111,0.006
408,5.189,4.81,0.006,0.013,0.036,0,0,,0,,,,0,,,,,40,40,0,5,3,53,3,3,1,0,1,62,63,64,1,27,0,5,1,0,8576,0.024,0.126,0.004
409,5.476,4.938,0.01,0.016,0.03,0,0,,0,,,,0,,,,,40,40,0,5,3,53,3,3,1,0,1,62,63,64,1,27,0,5,1,0,8576,0.044,0.209,0.006
410,5.319,4.702,0.008,0.015,0.06,0,0,,0,,,,0,,,,,40,40,0,5,3,53,3,3,1,0,1,62,63,64,1,27,0,5,1,0,8576,0.036,0.205,0.009
411,5.125,4.53,0.01,0.017,0.051,0,0,,0,,,,0,,,,,40,40,0,5,3,53,3,3,1,0,1,62,63,64,1,27,0,5,1,0,8576,0.038,0.191,0.008
412,4.72,4.217,0.009,0.014,0.028,0,0,,0,,,,0,,,,,40,40,0,5,3,53,3,3,1,0,1,62,63,64,1,27,0,5,1,0,8572,0.039,0.191,0.007
413,5.564,5.007,0.009,0.016,0.032,0,0,,0,,,,0,,,,,40,40,0,5,3,53,3,3,1,0,1,62,63,64,1,27,0,5,1,0,8572,0.033,0.146,0.004
414,6.379,5.717,0.008,0.015,0.037,0,0,,0,,,,0,,,,,40,40,0,5,3,53,3,3,1,0,1,62,63,64,1,27,0,5,1,0,8572,0.042,0.238,0.015
415,5.224,4.655,0.01,0.017,0.109,0,0,,0,,,,0,,,,,40,40,0,5,3,53,3,3,1,0,1,62,63,64,1,27,0,5,1,0,8572,0.045,0.168,0.005
416,4.224,3.755,0.009,0.015,0.038,0,0,,0,,,,0,,,,,40,40,0,5,3,53,3,3,1,0,1,62,63,64,1,27,0,5,1,0,8572,0.053,0.149,0.005
417,4.183,3.591,0.009,0.019,0.069,0,0,,0,,,,0,,,,,40,40,0,5,3,53,3,3,1,0,1,62,63,64,1,27,0,5,1,0,8572,0.025,0.137,0.009
418,4.152,3.563,0.01,0.017,0.05,0,0,,0,,,,0,,,,,40,40,0,5,3,53,3,3,1,0,1,62,63,64,1,27,0,5,1,0,8572,0.047,0.201,0.007
419,6.82,6.372,0.009,0.017,0.034,0,0,,0,,,,0,,,,,40,40,0,5,3,53,3,3,1,0,1,62,63,64,1,27,0,5,1,0,8572,0.055,0.123,0.005
420,5.193,4.722,0.006,0.011,0.029,0,0,,1,484.375,229941248,286359552,1,75982016,75982016,167424000,38823561584,40,40,0,5,3,53,3,3,1,0,1,62,63,64,1,27,0,5,1,0,8572,0.04,0.157,0.007
421,7.863,7.336,0.005,0.011,0.029,0,0,,0,,,,0,,,,,40,40,0,5,3,53,3,3,1,0,1,62,63,64,1,27,0,5,1,0,8572,0.023,0.248,0.006
422,5.072,4.694,0.007,0.011,0.021,0,0,,0,,,,0,,,,,40,40,0,5,3,53,3,3,1,0,1,62,63,64,1,27,0,5,1,0,8572,0.044,0.162,0.002
423,9.595,9.053,0.011,0.02,0.043,0,0,,0,,,,0,,,,,40,40,0,5,3,53,3,3,1,0,1,62,63,64,1,27,0,5,1,0,8572,0.042,0.138,0.009
424,6.668,6.292,0.011,0.017,0.028,0,0,,0,,,,0,,,,,40,40,0,5,3,53,3,3,1,0,1,62,63,64,1,27,0,5,1,0,8572,0.017,0.117,0.006
425,5.685,5.13,0.015,0.023,0.034,0,0,,0,,,,0,,,,,40,40,0,5,3,53,3,3,1,0,1,62,63,64,1,27,0,5,1,0,8572,0.054,0.167,0.008
426,5.281,4.892,0.006,0.01,0.034,0,0,,0,,,,0,,,,,40,40,0,5,3,53,3,3,1,0,1,62,63,64,1,27,0,5,1,0,8572,0.019,0.122,0.007
427,6.266,5.811,0.006,0.013,0.047,0,0,,0,,,,0,,,,,40,40,0,5,3,53,3,3,1,0,1,62,63,64,1,27,0,5,1,0,8572,0.023,0.125,0.008
428,6.066,5.085,0.012,0.023,0.077,0,0,,0,,,,0,,,,,40,40,0,5,3,53,3,3,1,0,1,62,63,64,1,27,0,5,1,0,8576,0.051,0.283,0.014
429,5.534,5.096,0.004,0.011,0.034,0,0,,0,,,,0,,,,,40,40,0,5,3,53,3,3,1,0,1,62,63,64,1,27,0,5,1,0,8576,0.026,0.128,0.008
430,7.144,6.715,0.005,0.01,0.025,0,0,,0,,,,0,,,,,40,40,0,5,3,53,3,3,1,0,1,62,63,64,1,27,0,5,1,0,8584,0.025,0.14,0.007
431,5.307,4.888,0.004,0.007,0.054,0,0,,0,,,,0,,,,,40,40,0,5,3,53,3,3,1,0,1,62,63,64,1,27,0,5,1,0,8588,0.024,0.147,0.004
432,6.051,5.603,0.01,0.016,0.033,0,0,,0,,,,0,,,,,40,40,0,5,3,53,3,3,1,0,1,62,63,64,1,27,0,5,1,0,8588,0.046,0.127,0.005
433,5.473,4.576,0.012,0.019,0.419,0,0,,0,,,,0,,,,,40,40,0,5,3,53,3,3,1,0,1,62,63,64,1,27,0,5,1,0,8588,0.03,0.166,0.006
434,3.821,3.357,0.007,0.014,0.03,0,0,,0,,,,0,,,,,40,40,0,5,3,53,3,3,1,0,1,62,63,64,1,27,0,5,1,0,8588,0.045,0.167,0.005
435,5.454,5.017,0.009,0.017,0.03,0,0,,0,,,,0,,,,,40,40,0,5,3,53,3,3,1,0,1,62,63,64,1,27,0,5,1,0,8588,0.044,0.125,0.005
436,8.899,8.425,0.006,0.011,0.041,0,0,,0,,,,0,,,,,40,40,0,5,3,53,3,3,1,0,1,62,63,64,1,27,0,5,1,0,8588,0.021,0.15,0.009
437,6.251,5.754,0.014,0.024,0.036,0,0,,0,,,,0,,,,,40,40,0,5,3,53,3,3,1,0,1,62,63,64,1,27,0,5,1,0,8588,0.034,0.126,0.009
438,7.611,7.039,0.008,0.014,0.045,0,0,,0,,,,0,,,,,40,40,0,5,3,53,3,3,1,0,1,62,63,64,1,27,0,5,1,0,8588,0.024,0.211,0.011
439,7.681,7.069,0.007,0.014,0.045,0,0,,0,,,,0,,,,,40,40,0,5,3,53,3,3,1,0,1,62,63,64,1,27,0,5,1,0,8588,0.024,0.217,0.014
440,12.556,12.004,0.009,0.016,0.04,0,0,,0,,,,0,,,,,40,40,0,5,3,53,3,3,1,0,1,62,63,64,1,27,0,5,1,0,8588,0.044,0.164,0.01
441,9.484,9.051,0.007,0.011,0.036,0,0,,0,,,,0,,,,,40,40,0,5,3,53,3,3,1,0,1,62,63,64,1,27,0,5,1,0,8588,0.02,0.142,0.008
442,11.027,10.502,0.013,0.023,0.046,0,0,,0,,,,0,,,,,40,40,0,5,3,53,3,3,1,0,1,62,63,64,1,27,0,5,1,0,8588,0.041,0.125,0.009
443,9.955,9.372,0.009,0.015,0.042,0,0,,0,,,,0,,,,,40,40,0,5,3,53,3,3,1,0,1,62,63,64,1,27,0,5,1,0,8588,0.058,0.154,0.011
444,7.143,6.6,0.011,0.019,0.048,0,0,,0,,,,0,,,,,40,40,0,5,3,53,3,3,1,0,1,62,63,64,1,27,0,5,1,0,8588,0.044,0.137,0.009
445,9.481,8.505,0.012,0.02,0.073,0,0,,0,,,,0,,,,,40,40,0,5,3,53,3,3,1,0,1,62,63,64,1,27,0,5,1,0,8588,0.046,0.216,0.011
446,19.747,19.142,0.014,0.02,0.044,0,0,,0,,,,0,,,,,40,40,0,5,3,53,3,3,1,0,1,62,63,64,1,27,0,5,1,0,8588,0.053,0.166,0.01
447,6.533,6.032,0.008,0.013,0.044,0,0,,0,,,,0,,,,,40,40,0,5,3,53,3,3,1,0,1,62,63,64,1,27,0,5,1,0,8588,0.038,0.217,0.005
448,6.949,6.414,0.009,0.017,0.039,0,0,,0,,,,0,,,,,40,40,0,5,3,53,3,3,1,0,1,62,63,64,1,27,0,5,1,0,8588,0.044,0.19,0.007
449,6.411,5.932,0.005,0.011,0.048,0,0,,0,,,,0,,,,,40,40,0,5,3,53,3,3,1,0,1,62,63,64,1,27,0,5,1,0,8588,0.024,0.145,0.009
450,9.598,8.983,0.012,0.021,0.059,0,0,,1,515.625,229941248,286359552,1,75982016,75982016,167424000,38823561584,40,40,0,5,3,53,3,3,1,0,1,62,63,64,1,27,0,5,1,0,8588,0.038,0.154,0.01
451,10.323,9.708,0.007,0.013,0.071,0,0,,0,,,,0,,,,,40,40,0,5,3,53,3,3,1,0,1,62,63,64,1,27,0,5,1,0,8592,0.028,0.218,0.009
452,9.366,8.34,0.017,0.029,0.081,0,0,,0,,,,0,,,,,40,40,0,5,3,53,3,3,1,0,1,62,63,64,1,27,0,5,1,0,8592,0.063,0.351,0.012
453,11.508,11.007,0.007,0.014,0.049,0,0,,0,,,,0,,,,,40,40,0,5,3,53,3,3,1,0,1,62,63,64,1,27,0,5,1,0,8592,0.023,0.125,0.01
454,10.903,10.324,0.01,0.018,0.062,0,0,,0,,,,0,,,,,40,40,0,5,3,53,3,3,1,0,1,62,63,64,1,27,0,5,1,0,8592,0.029,0.161,0.011
455,10.669,10.032,0.008,0.014,0.045,0,0,,0,,,,0,,,,,40,40,0,5,3,53,3,3,1,0,1,62,63,64,1,27,0,5,1,0,8592,0.025,0.267,0.01
456,13.09,12.277,0.015,0.022,0.075,0,0,,0,,,,0,,,,,40,40,0,5,3,53,3,3,1,0,1,62,63,64,1,27,0,5,1,0,8592,0.046,0.26,0.013
457,10.327,9.762,0.011,0.019,0.054,0,0,,0,,,,0,,,,,40,40,0,5,3,53,3,3,1,0,1,62,63,64,1,27,0,5,1,0,8592,0.041,0.155,0.01
458,11.739,11.213,0.012,0.02,0.042,0,0,,0,,,,0,,,,,40,40,0,5,3,53,3,3,1,0,1,62,63,64,1,27,0,5,1,0,8596,0.047,0.129,0.01
459,15.242,14.406,0.014,0.024,0.07,0,0,,0,,,,0,,,,,40,40,0,5,3,53,3,3,1,0,1,62,63,64,1,27,0,5,1,0,8596,0.046,0.273,0.013
460,22.309,21.671,0.011,0.019,0.079,0,0,,0,,,,0,,,,,40,40,0,5,3,53,3,3,1,0,1,62,63,64,1,27,0,5,1,0,8596,0.03,0.165,0.011
461,7.356,6.595,0.012,0.019,0.087,0,0,,0,,,,0,,,,,40,40,0,5,3,53,3,3,1,0,1,62,63,64,1,27,0,5,1,0,8596,0.039,0.222,0.013
462,7.113,6.522,0.012,0.021,0.059,0,0,,0,,,,0,,,,,40,40,0,5,3,53,3,3,1,0,1,62,63,64,1,27,0,5,1,0,8596,0.032,0.158,0.01
463,9.273,8.487,0.014,0.024,0.087,0,0,,0,,,,0,,,,,40,40,0,5,3,53,3,3,1,0,1,62,63,64,1,27,0,5,1,0,8596,0.041,0.225,0.013
464,25.612,24.972,0.009,0.014,0.077,0,0,,0,,,,0,,,,,40,40,0,5,3,53,3,3,1,0,1,62,63,64,1,27,0,5,1,0,8596,0.033,0.197,0.011
465,10.397,9.861,0.009,0.015,0.036,0,0,,0,,,,0,,,,,40,40,0,5,3,53,3,3,1,0,1,62,63,64,1,27,0,5,1,0,8596,0.031,0.158,0.011
466,10.399,9.83,0.01,0.018,0.066,0,0,,0,,,,0,,,,,40,40,0,5,3,53,3,3,1,0,1,62,63,64,1,27,0,5,1,0,8596,0.03,0.154,0.01
467,13.995,13.354,0.011,0.019,0.061,0,0,,0,,,,0,,,,,40,40,0,5,3,53,3,3,1,0,1,62,63,64,1,27,0,5,1,0,8596,0.03,0.189,0.01
468,6.554,5.911,0.01,0.016,0.071,0,0,,0,,,,0,,,,,40,40,0,5,3,53,3,3,1,0,1,62,63,64,1,27,0,5,1,0,8596,0.034,0.195,0.011
469,9.663,9.095,0.011,0.018,0.061,0,0,,0,,,,0,,,,,40,40,0,5,3,53,3,3,1,0,1,62,63,64,1,27,0,5,1,0,8596,0.033,0.159,0.01
470,8.442,7.857,0.008,0.015,0.045,0,0,,0,,,,0,,,,,40,40,0,5,3,53,3,3,1,0,1,62,63,64,1,27,0,5,1,0,8596,0.03,0.199,0.01
471,11.518,11.043,0.009,0.016,0.052,0,0,,0,,,,0,,,,,40,40,0,5,3,53,3,3,1,0,1,62,63,64,1,27,0,5,1,0,8596,0.026,0.139,0.009
472,9.36,8.845,0.013,0.022,0.039,0,0,,0,,,,0,,,,,40,40,0,5,3,53,3,3,1,0,1,62,63,64,1,27,0,5,1,0,8596,0.024,0.13,0.01
473,23.46,22.963,0.012,0.02,0.044,0,0,,0,,,,0,,,,,40,40,0,5,3,53,3,3,1,0,1,62,63,64,1,27,0,5,1,0,8596,0.045,0.116,0.008
474,5.896,5.333,0.01,0.016,0.04,0,0,,0,,,,0,,,,,40,40,0,5,3,53,3,3,1,0,1,62,63,64,1,27,0,5,1,0,8596,0.04,0.169,0.009
475,5.762,5.19,0.008,0.014,0.055,0,0,,0,,,,0,,,,,40,40,0,5,3,53,3,3,1,0,1,62,63,64,1,27,0,5,1,0,8596,0.032,0.168,0.01
476,8.447,7.881,0.009,0.014,0.044,0,0,,0,,,,0,,,,,40,40,0,5,3,53,3,3,1,0,1,62,63,64,1,27,0,5,1,0,8596,0.06,0.165,0.01
477,10.004,9.392,0.011,0.018,0.067,0,0,,0,,,,0,,,,,40,40,0,5,3,53,3,3,1,0,1,62,63,64,1,27,0,5,1,0,8596,0.031,0.158,0.01
478,9.868,8.92,0.008,0.013,0.06,0,0,,0,,,,0,,,,,40,40,0,5,3,53,3,3,1,0,1,62,63,64,1,27,0,5,1,0,8596,0.043,0.18,0.01
479,10.16,9.567,0.012,0.021,0.044,0,0,,0,,,,0,,,,,40,40,0,5,3,53,3,3,1,0,1,62,63,64,1,27,0,5,1,0,8596,0.053,0.169,0.01
480,5.62,4.957,0.012,0.043,0.07,0,0,,1,609.375,229941248,286359552,1,75982016,75982016,167424000,38823561584,40,40,0,5,3,53,3,3,1,0,1,62,63,64,1,27,0,5,1,0,8596,0.038,0.189,0.01
481,7.448,7.007,0.006,0.011,0.04,0,0,,0,,,,0,,,,,40,40,0,5,3,53,3,3,1,0,1,62,63,64,1,27,0,5,1,0,8596,0.024,0.141,0.006
482,9.955,9.328,0.01,0.018,0.067,0,0,,0,,,,0,,,,,40,40,0,5,3,53,3,3,1,0,1,62,63,64,1,27,0,5,1,0,8596,0.03,0.189,0.011
483,11.779,11.071,0.009,0.016,0.075,0,0,,0,,,,0,,,,,40,40,0,5,3,53,3,3,1,0,1,62,63,64,1,27,0,5,1,0,8596,0.038,0.251,0.009
484,5.903,5.365,0.01,0.018,0.041,0,0,,0,,,,0,,,,,40,40,0,5,3,53,3,3,1,0,1,62,63,64,1,27,0,5,1,0,8596,0.024,0.134,0.016
485,6.083,5.117,0.013,0.02,0.092,0,0,,0,,,,0,,,,,40,40,0,5,3,53,3,3,1,0,1,62,63,64,1,27,0,5,1,0,8596,0.056,0.339,0.01
486,4.04,3.366,0.008,0.013,0.045,0,0,,0,,,,0,,,,,40,40,0,5,3,53,3,3,1,0,1,62,63,64,1,27,0,5,1,0,8596,0.047,0.262,0.006
487,6.747,6.252,0.009,0.018,0.031,0,0,,0,,,,0,,,,,40,40,0,5,3,53,3,3,1,0,1,62,63,64,1,27,0,5,1,0,8596,0.041,0.144,0.008
488,5.514,4.949,0.009,0.016,0.035,0,0,,0,,,,0,,,,,40,40,0,5,3,53,3,3,1,0,1,62,63,64,1,27,0,5,1,0,8596,0.049,0.187,0.009
489,5.993,4.951,0.01,0.016,0.098,0,0,,0,,,,0,,,,,40,40,0,5,3,53,3,3,1,0,1,62,63,64,1,27,0,5,1,0,8596,0.023,0.138,0.006
490,5.715,5.155,0.007,0.014,0.046,0,0,,0,,,,0,,,,,40,40,0,5,3,53,3,3,1,0,1,62,63,64,1,27,0,5,1,0,8596,0.025,0.167,0.01
491,10.816,9.672,0.01,0.017,0.11,0,0,,0,,,,0,,,,,40,40,0,5,3,53,3,3,1,0,1,62,63,64,1,27,0,5,1,0,8596,0.045,0.258,0.01
492,6.34,5.785,0.012,0.021,0.034,0,0,,0,,,,0,,,,,40,40,0,5,3,53,3,3,1,0,1,62,63,64,1,27,0,5,1,0,8596,0.051,0.168,0.009
493,5.431,4.852,0.012,0.02,0.044,0,0,,0,,,,0,,,,,40,40,0,5,3,53,3,3,1,0,1,62,63,64,1,27,0,5,1,0,8596,0.057,0.145,0.009
494,5.562,4.996,0.012,0.019,0.038,0,0,,0,,,,0,,,,,40,40,0,5,3,53,3,3,1,0,1,62,63,64,1,27,0,5,1,0,8596,0.051,0.155,0.01
495,5.574,5.023,0.009,0.017,0.045,0,0,,0,,,,0,,,,,40,40,0,5,3,53,3,3,1,0,1,62,63,64,1,27,0,5,1,0,8596,0.04,0.155,0.009
496,10.166,9.523,0.013,0.022,0.055,0,0,,0,,,,0,,,,,40,40,0,5,3,53,3,3,1,0,1,62,63,64,1,27,0,5,1,0,8596,0.027,0.145,0.009
497,5.18,4.675,0.011,0.018,0.026,0,0,,0,,,,0,,,,,40,40,0,5,3,53,3,3,1,0,1,62,63,64,1,27,0,5,1,0,8596,0.056,0.176,0.006
498,5.211,4.837,0.005,0.008,0.036,0,0,,0,,,,0,,,,,40,40,0,5,3,53,3,3,1,0,1,62,63,64,1,27,0,5,1,0,8596,0.022,0.131,0.005
499,6.293,5.773,0.008,0.013,0.028,0,0,,0,,,,0,,,,,40,40,0,5,3,53,3,3,1,0,1,62,63,64,1,27,0,5,1,0,8596,0.037,0.203,0.006
500,5.452,4.552,0.014,0.021,0.09,0,0,,0,,,,0,,,,,40,40,0,5,3,53,3,3,1,0,1,62,63,64,1,27,0,5,1,0,8596,0.05,0.313,0.01
501,3.392,2.854,0.008,0.014,0.028,0,0,,0,,,,0,,,,,40,40,0,5,3,53,3,3,1,0,1,62,63,64,1,27,0,5,1,0,8596,0.054,0.234,0.004
502,4.419,3.973,0.008,0.014,0.042,0,0,,0,,,,0,,,,,40,40,0,5,3,53,3,3,1,0,1,62,63,64,1,27,0,5,1,0,8596,0.035,0.134,0.004
503,4.101,3.551,0.006,0.011,0.034,0,0,,0,,,,0,,,,,40,40,0,5,3,53,3,3,1,0,1,62,63,64,1,27,0,5,1,0,8596,0.032,0.229,0.006
504,4.123,3.578,0.01,0.015,0.039,0,0,,0,,,,0,,,,,40,40,0,5,3,53,3,3,1,0,1,62,63,64,1,27,0,5,1,0,8596,0.053,0.173,0.005
505,5.99,5.231,0.012,0.019,0.078,0,0,,0,,,,0,,,,,40,40,0,5,3,53,3,3,1,0,1,62,63,64,1,27,0,5,1,0,8596,0.046,0.269,0.008
506,4.19,3.743,0.004,0.007,0.026,0,0,,0,,,,0,,,,,40,40,0,5,3,53,3,3,1,0,1,62,63,64,1,27,0,5,1,0,8596,0.018,0.136,0.004
507,5.55,4.997,0.008,0.014,0.051,0,0,,0,,,,0,,,,,40,40,0,5,3,53,3,3,1,0,1,62,63,64,1,27,0,5,1,0,8596,0.03,0.163,0.009
508,6.795,6.401,0.005,0.011,0.03,0,0,,0,,,,0,,,,,40,40,0,5,3,53,3,3,1,0,1,62,63,64,1,27,0,5,1,0,8596,0.026,0.143,0.006
509,4.436,3.964,0.007,0.01,0.024,0,0,,0,,,,0,,,,,40,40,0,5,3,53,3,3,1,0,1,62,63,64,1,27,0,5,1,0,8596,0.033,0.248,0.004
510,4.489,3.945,0.009,0.017,0.033,0,0,,1,640.625,229941248,286359552,1,75982016,75982016,167424000,38823561584,40,40,0,5,3,53,3,3,1,0,1,62,63,64,1,27,0,5,1,0,8596,0.046,0.199,0.008
511,4.18,3.736,0.007,0.01,0.022,0,0,,0,,,,0,,,,,40,40,0,5,3,53,3,3,1,0,1,62,63,64,1,27,0,5,1,0,8596,0.035,0.19,0.004
512,7.478,6.867,0.012,0.02,0.042,0,0,,0,,,,0,,,,,40,40,0,5,3,53,3,3,1,0,1,62,63,64,1,27,0,5,1,0,8596,0.061,0.213,0.006
513,7.411,6.851,0.006,0.012,0.041,0,0,,0,,,,0,,,,,40,40,0,5,3,53,3,3,1,0,1,62,63,64,1,27,0,5,1,0,8596,0.066,0.187,0.01
514,7.945,7.266,0.011,0.018,0.057,0,0,,0,,,,0,,,,,40,40,0,5,3,53,3,3,1,0,1,62,63,64,1,27,0,5,1,0,8596,0.05,0.233,0.009
515,4.273,3.683,0.013,0.021,0.04,0,0,,0,,,,0,,,,,40,40,0,5,3,53,3,3,1,0,1,62,63,64,1,27,0,5,1,0,8596,0.033,0.167,0.01
516,4.132,3.617,0.008,0.017,0.029,0,0,,0,,,,0,,,,,40,40,0,5,3,53,3,3,1,0,1,62,63,64,1,27,0,5,1,0,8596,0.051,0.178,0.007
517,9.344,8.785,0.005,0.009,0.032,0,0,,0,,,,0,,,,,40,40,0,5,3,53,3,3,1,0,1,62,63,64,1,27,0,5,1,0,8596,0.02,0.231,0.009
518,7.877,6.836,0.049,0.025,0.09,0,0,,0,,,,0,,,,,40,40,0,5,3,53,3,3,1,0,1,62,63,64,1,27,0,5,1,0,8592,0.057,0.341,0.014
519,4.049,3.454,0.011,0.018,0.099,0,0,,0,,,,0,,,,,40,40,0,5,3,53,3,3,1,0,1,62,63,64,1,27,0,5,1,0,8592,0.051,0.155,0.007
520,6.177,5.316,0.012,0.016,0.115,0,0,,0,,,,0,,,,,40,40,0,5,3,53,3,3,1,0,1,62,63,64,1,27,0,5,1,0,8592,0.048,0.309,0.007
521,5.425,4.504,0.013,0.021,0.136,0,0,,0,,,,0,,,,,40,40,0,5,3,53,3,3,1,0,1,62,63,64,1,27,0,5,1,0,8592,0.047,0.29,0.014
522,6.418,5.776,0.01,0.016,0.05,0,0,,0,,,,0,,,,,40,40,0,5,3,53,3,3,1,0,1,62,63,64,1,27,0,5,1,0,8592,0.049,0.206,0.007
523,4.803,4.378,0.003,0.007,0.031,0,0,,0,,,,0,,,,,40,40,0,5,3,53,3,3,1,0,1,62,63,64,1,27,0,5,1,0,8592,0.016,0.204,0.007
524,3.913,3.388,0.007,0.014,0.034,0,0,,0,,,,0,,,,,40,40,0,5,3,53,3,3,1,0,1,62,63,64,1,27,0,5,1,0,8592,0.029,0.165,0.008
525,3.959,3.343,0.013,0.023,0.034,0,0,,0,,,,0,,,,,40,40,0,5,3,53,3,3,1,0,1,62,63,64,1,27,0,5,1,0,8592,0.055,0.129,0.009
526,6.295,5.79,0.01,0.016,0.025,0,0,,0,,,,0,,,,,40,40,0,5,3,53,3,3,1,0,1,62,63,64,1,27,0,5,1,0,8592,0.051,0.222,0.004
527,4.47,3.586,0.008,0.014,0.072,0,0,,0,,,,0,,,,,40,40,0,5,3,53,3,3,1,0,1,62,63,64,1,27,0,5,1,0,8592,0.028,0.146,0.01
528,3.562,3.115,0.041,0.02,0.026,0,0,,0,,,,0,,,,,40,40,0,5,3,53,3,3,1,0,1,62,63,64,1,27,0,5,1,0,8592,0.054,0.105,0.004
529,5.973,5.421,0.009,0.017,0.041,0,0,,0,,,,0,,,,,40,40,0,5,3,53,3,3,1,0,1,62,63,64,1,27,0,5,1,0,8592,0.053,0.175,0.007
530,5.465,4.661,0.008,0.014,0.075,0,0,,0,,,,0,,,,,40,40,0,5,3,53,3,3,1,0,1,62,63,64,1,27,0,5,1,0,8592,0.04,0.185,0.008
531,7.033,6.491,0.01,0.019,0.034,0,0,,0,,,,0,,,,,40,40,0,5,3,53,3,3,1,0,1,62,63,64,1,27,0,5,1,0,8592,0.04,0.169,0.009
532,13.12,12.633,0.008,0.014,0.044,0,0,,0,,,,0,,,,,40,40,0,5,3,53,3,3,1,0,1,62,63,64,1,27,0,5,1,0,8592,0.026,0.132,0.01
533,8.392,7.857,0.007,0.014,0.074,0,0,,0,,,,0,,,,,40,40,0,5,3,53,3,3,1,0,1,62,63,64,1,27,0,5,1,0,8592,0.025,0.158,0.009
534,9.992,9.429,0.013,0.024,0.04,0,0,,0,,,,0,,,,,40,40,0,5,3,53,3,3,1,0,1,62,63,64,1,27,0,5,1,0,8592,0.064,0.142,0.01
535,6.387,5.807,0.011,0.02,0.041,0,0,,0,,,,0,,,,,40,40,0,5,3,53,3,3,1,0,1,62,63,64,1,27,0,5,1,0,8592,0.047,0.183,0.009
536,5.539,4.615,0.011,0.02,0.088,0,0,,0,,,,0,,,,,40,40,0,5,3,53,3,3,1,0,1,62,63,64,1,27,0,5,1,0,8588,0.036,0.3,0.014
537,4.902,4.487,0.006,0.012,0.033,0,0,,0,,,,0,,,,,40,40,0,5,3,53,3,3,1,0,1,62,63,64,1,27,0,5,1,0,8588,0.023,0.125,0.007
538,9.287,8.713,0.011,0.021,0.043,0,0,,0,,,,0,,,,,40,40,0,5,3,53,3,3,1,0,1,62,63,64,1,27,0,5,1,0,8580,0.068,0.154,0.008
539,3.886,3.36,0.007,0.012,0.028,0,0,,0,,,,0,,,,,40,40,0,5,3,53,3,3,1,0,1,62,63,64,1,27,0,5,1,0,8580,0.023,0.241,0.009
540,5.653,5.081,0.01,0.017,0.047,0,0,,1,687.5,229957632,286380032,1,75982016,75982016,167424000,38823561584,40,40,0,5,3,53,3,3,1,0,1,62,63,64,1,27,0,5,1,0,8580,0.052,0.18,0.013
541,4.65,4.249,0.005,0.01,0.028,0,0,,0,,,,0,,,,,40,40,0,5,3,53,3,3,1,0,1,62,63,64,1,27,0,5,1,0,8580,0.022,0.161,0.005
542,4.729,3.867,0.009,0.014,0.049,0,0,,0,,,,0,,,,,40,40,0,5,3,53,3,3,1,0,1,62,63,64,1,27,0,5,1,0,8580,0.04,0.358,0.013
543,4.19,3.439,0.008,0.015,0.067,0,0,,0,,,,0,,,,,40,40,0,5,3,53,3,3,1,0,1,62,63,64,1,27,0,5,1,0,8580,0.05,0.28,0.008
544,6.27,5.879,0.008,0.011,0.028,0,0,,0,,,,0,,,,,40,40,0,5,3,53,3,3,1,0,1,62,63,64,1,27,0,5,1,0,8580,0.02,0.142,0.006
545,4.562,4.141,0.004,0.005,0.04,0,0,,0,,,,0,,,,,40,40,0,5,3,53,3,3,1,0,1,62,63,64,1,27,0,5,1,0,8580,0.025,0.153,0.006
546,4.627,3.99,0.01,0.018,0.047,0,0,,0,,,,0,,,,,40,40,0,5,3,53,3,3,1,0,1,62,63,64,1,27,0,5,1,0,8580,0.04,0.216,0.009
547,5.613,5.08,0.009,0.017,0.05,0,0,,0,,,,0,,,,,40,40,0,5,3,53,3,3,1,0,1,62,63,64,1,27,0,5,1,0,8580,0.041,0.16,0.009
548,4.195,3.749,0.008,0.013,0.026,0,0,,0,,,,0,,,,,40,40,0,5,3,53,3,3,1,0,1,62,63,64,1,27,0,5,1,0,8580,0.039,0.208,0.002
549,4.335,3.737,0.01,0.018,0.047,0,0,,0,,,,0,,,,,40,40,0,5,3,53,3,3,1,0,1,62,63,64,1,27,0,5,1,0,8580,0.061,0.155,0.008
550,3.887,3.392,0.01,0.017,0.023,0,0,,0,,,,0,,,,,40,40,0,5,3,53,3,3,1,0,1,62,63,64,1,27,0,5,1,0,8580,0.047,0.182,0.005
551,7.576,7.06,0.006,0.011,0.049,0,0,,0,,,,0,,,,,40,40,0,5,3,53,3,3,1,0,1,62,63,64,1,27,0,5,1,0,8576,0.023,0.177,0.008
552,4.399,3.729,0.007,0.012,0.081,0,0,,0,,,,0,,,,,40,40,0,5,3,53,3,3,1,0,1,62,63,64,1,27,0,5,1,0,8576,0.049,0.162,0.011
553,4.187,3.338,0.014,0.023,0.062,0,0,,0,,,,0,,,,,40,40,0,5,3,53,3,3,1,0,1,62,63,64,1,27,0,5,1,0,8580,0.063,0.291,0.01
554,8.71,8.101,0.013,0.021,0.039,0,0,,0,,,,0,,,,,40,40,0,5,3,53,3,3,1,0,1,62,63,64,1,27,0,5,1,0,8580,0.068,0.17,0.009
555,5.554,5.055,0.006,0.012,0.047,0,0,,0,,,,0,,,,,40,40,0,5,3,53,3,3,1,0,1,62,63,64,1,27,0,5,1,0,8580,0.027,0.153,0.009
556,5.53,4.804,0.01,0.017,0.346,0,0,,0,,,,0,,,,,40,40,0,5,3,53,3,3,1,0,1,62,63,64,1,27,0,5,1,0,8580,0.019,0.103,0.005
557,5.708,5.372,0.005,0.007,0.032,0,0,,0,,,,0,,,,,40,40,0,5,3,53,3,3,1,0,1,62,63,64,1,27,0,5,1,0,8580,0.017,0.116,0.006
558,4.288,3.755,0.01,0.016,0.035,0,0,,0,,,,0,,,,,40,40,0,5,3,53,3,3,1,0,1,62,63,64,1,27,0,5,1,0,8580,0.044,0.19,0.006
559,5.465,4.832,0.012,0.02,0.048,0,0,,0,,,,0,,,,,40,40,0,5,3,53,3,3,1,0,1,62,63,64,1,27,0,5,1,0,8580,0.057,0.169,0.009
560,7.842,7.328,0.028,0.02,0.032,0,0,,0,,,,0,,,,,40,40,0,5,3,53,3,3,1,0,1,62,63,64,1,27,0,5,1,0,8580,0.037,0.141,0.006
561,4.01,3.472,0.009,0.016,0.033,0,0,,0,,,,0,,,,,40,40,0,5,3,53,3,3,1,0,1,62,63,64,1,27,0,5,1,0,8580,0.034,0.157,0.008
562,7.185,6.61,0.006,0.011,0.049,0,0,,0,,,,0,,,,,40,40,0,5,3,53,3,3,1,0,1,62,63,64,1,27,0,5,1,0,8580,0.045,0.21,0.009
563,9.356,8.864,0.011,0.019,0.032,0,0,,0,,,,0,,,,,40,40,0,5,3,53,3,3,1,0,1,62,63,64,1,27,0,5,1,0,8588,0.052,0.134,0.008
564,6.611,6.21,0.01,0.017,0.028,0,0,,0,,,,0,,,,,40,40,0,5,3,53,3,3,1,0,1,62,63,64,1,27,0,5,1,0,8588,0.017,0.129,0.004
565,5.211,4.701,0.008,0.013,0.04,0,0,,0,,,,0,,,,,40,40,0,5,3,53,3,3,1,0,1,62,63,64,1,27,0,5,1,0,8588,0.036,0.169,0.005
566,4.528,4.003,0.011,0.018,0.039,0,0,,0,,,,0,,,,,40,40,0,5,3,53,3,3,1,0,1,62,63,64,1,27,0,5,1,0,8588,0.033,0.145,0.008
567,6.78,6.212,0.007,0.012,0.091,0,0,,0,,,,0,,,,,40,40,0,5,3,53,3,3,1,0,1,62,63,64,1,27,0,5,1,0,8588,0.026,0.177,0.011
568,9.298,7.708,0.013,0.023,0.105,0,0,,0,,,,0,,,,,40,40,0,5,3,53,3,3,1,0,1,62,63,64,1,27,0,5,1,0,8588,0.053,0.831,0.015
569,5.273,4.053,0.007,0.012,0.102,0,0,,0,,,,0,,,,,40,40,0,5,3,53,3,3,1,0,1,62,63,64,1,27,0,5,1,0,8588,0.052,0.669,0.011
570,3.353,2.839,0.009,0.012,0.038,0,0,,1,718.75,229412864,285310976,1,75982016,75982016,167424000,38823561584,40,40,0,5,3,53,3,3,1,0,1,62,63,64,1,27,0,5,1,0,8588,0.043,0.194,0.005
571,4.935,4.507,0.008,0.013,0.034,0,0,,0,,,,0,,,,,40,40,0,5,3,53,3,3,1,0,1,62,63,64,1,27,0,5,1,0,8592,0.041,0.153,0.004
572,4.439,3.874,0.008,0.014,0.035,0,0,,0,,,,0,,,,,40,40,0,5,3,53,3,3,1,0,1,62,63,64,1,27,0,5,1,0,8592,0.027,0.149,0.01
573,6.57,6.062,0.01,0.017,0.048,0,0,,0,,,,0,,,,,40,40,0,5,3,53,3,3,1,0,1,62,63,64,1,27,0,5,1,0,8592,0.03,0.135,0.009
574,13.958,13.48,0.009,0.014,0.034,0,0,,0,,,,0,,,,,40,40,0,5,3,53,3,3,1,0,1,62,63,64,1,27,0,5,1,0,8592,0.029,0.145,0.009
575,6.887,6.303,0.012,0.021,0.034,0,0,,0,,,,0,,,,,40,40,0,5,3,53,3,3,1,0,1,62,63,64,1,27,0,5,1,0,8592,0.068,0.189,0.008
576,11.489,11.048,0.006,0.011,0.031,0,0,,0,,,,0,,,,,40,40,0,5,3,53,3,3,1,0,1,62,63,64,1,27,0,5,1,0,8592,0.021,0.163,0.008
577,6.008,5.568,0.012,0.018,0.032,0,0,,0,,,,0,,,,,40,40,0,5,3,53,3,3,1,0,1,62,63,64,1,27,0,5,1,0,8592,0.047,0.126,0.005
578,4.327,3.656,0.009,0.017,0.055,0,0,,0,,,,0,,,,,40,40,0,5,3,53,3,3,1,0,1,62,63,64,1,27,0,5,1,0,8592,0.031,0.181,0.011
579,5.312,4.78,0.011,0.02,0.033,0,0,,0,,,,0,,,,,40,40,0,5,3,53,3,3,1,0,1,62,63,64,1,27,0,5,1,0,8592,0.065,0.153,0.007
580,9.517,8.227,0.019,0.026,0.115,0,0,,0,,,,0,,,,,40,40,0,5,3,53,3,3,1,0,1,62,63,64,1,27,0,5,1,0,8592,0.065,0.406,0.012
581,3.589,3.037,0.012,0.013,0.042,0,0,,0,,,,0,,,,,40,40,0,5,3,53,3,3,1,0,1,62,63,64,1,27,0,5,1,0,8592,0.031,0.173,0.01
582,6.954,6.387,0.014,0.025,0.031,0,0,,0,,,,0,,,,,40,40,0,5,3,53,3,3,1,0,1,62,63,64,1,27,0,5,1,0,8592,0.044,0.127,0.01
583,7.138,6.169,0.015,0.025,0.073,0,0,,0,,,,0,,,,,40,40,0,5,3,53,3,3,1,0,1,62,63,64,1,27,0,5,1,0,8592,0.058,0.298,0.047
584,3.967,3.314,0.01,0.016,0.113,0,0,,0,,,,0,,,,,40,40,0,5,3,53,3,3,1,0,1,62,63,64,1,27,0,5,1,0,8592,0.043,0.189,0.012
585,10.522,9.772,0.012,0.022,0.078,0,0,,0,,,,0,,,,,40,40,0,5,3,53,3,3,1,0,1,62,63,64,1,27,0,5,1,0,8592,0.041,0.23,0.013
586,3.856,3.35,0.008,0.015,0.042,0,0,,0,,,,0,,,,,40,40,0,5,3,53,3,3,1,0,1,62,63,64,1,27,0,5,1,0,8592,0.029,0.168,0.007
587,4.65,4.05,0.009,0.016,0.023,0,0,,0,,,,0,,,,,40,40,0,5,3,53,3,3,1,0,1,62,63,64,1,27,0,5,1,0,8592,0.055,0.25,0.007
588,6.013,5.496,0.01,0.016,0.05,0,0,,0,,,,0,,,,,40,40,0,5,3,53,3,3,1,0,1,62,63,64,1,27,0,5,1,0,8596,0.028,0.142,0.01
589,4.003,3.386,0.011,0.019,0.044,0,0,,0,,,,0,,,,,40,40,0,5,3,53,3,3,1,0,1,62,63,64,1,27,0,5,1,0,8596,0.046,0.184,0.01
590,6.467,5.902,0.008,0.017,0.042,0,0,,0,,,,0,,,,,40,40,0,5,3,53,3,3,1,0,1,62,63,64,1,27,0,5,1,0,8596,0.044,0.168,0.008
591,6.422,5.979,0.007,0.015,0.038,0,0,,0,,,,0,,,,,40,40,0,5,3,53,3,3,1,0,1,62,63,64,1,27,0,5,1,0,8596,0.034,0.149,0.006
592,8.242,7.7,0.011,0.02,0.037,0,0,,0,,,,0,,,,,40,40,0,5,3,53,3,3,1,0,1,62,63,64,1,27,0,5,1,0,8596,0.023,0.12,0.009
593,5.321,4.835,0.006,0.019,0.042,0,0,,0,,,,0,,,,,40,40,0,5,3,53,3,3,1,0,1,62,63,64,1,27,0,5,1,0,8596,0.029,0.138,0.007
594,8.235,7.073,0.014,0.021,0.498,0,0,,0,,,,0,,,,,40,40,0,5,3,53,3,3,1,0,1,62,63,64,1,27,0,5,1,0,8596,0.041,0.196,0.013
595,6.408,5.906,0.009,0.015,0.046,0,0,,0,,,,0,,,,,40,40,0,5,3,53,3,3,1,0,1,62,63,64,1,27,0,5,1,0,8596,0.028,0.155,0.008
596,9.155,8.511,0.014,0.023,0.049,0,0,,0,,,,0,,,,,40,40,0,5,3,53,3,3,1,0,1,62,63,64,1,27,0,5,1,0,8596,0.038,0.199,0.01
597,6.044,5.641,0.006,0.009,0.039,0,0,,0,,,,0,,,,,40,40,0,5,3,53,3,3,1,0,1,62,63,64,1,27,0,5,1,0,8596,0.024,0.142,0.004
598,8.556,7.789,0.012,0.021,0.069,0,0,,0,,,,0,,,,,40,40,0,5,3,53,3,3,1,0,1,62,63,64,1,27,0,5,1,0,8596,0.044,0.261,0.012
599,3.862,3.473,0.004,0.007,0.03,0,0,,0,,,,0,,,,,40,40,0,5,3,53,3,3,1,0,1,62,63,64,1,27,0,5,1,0,8596,0.024,0.144,0.004
600,9.701,9.203,0.007,0.01,0.054,0,0,,1,734.375,229412864,285310976,1,75982016,75982016,167424000,38823561584,40,40,0,5,3,53,3,3,1,0,1,62,63,64,1,27,0,5,1,0,8596,0.028,0.184,0.004
601,4.482,3.849,0.009,0.016,0.055,0,0,,0,,,,0,,,,,40,40,0,5,3,53,3,3,1,0,1,62,63,64,1,27,0,5,1,0,8596,0.034,0.192,0.01
602,4.281,3.364,0.013,0.024,0.091,0,0,,0,,,,0,,,,,40,40,0,5,3,53,3,3,1,0,1,62,63,64,1,27,0,5,1,0,8596,0.053,0.312,0.009
603,6.431,5.39,0.013,0.021,0.105,0,0,,0,,,,0,,,,,40,40,0,5,3,53,3,3,1,0,1,62,63,64,1,27,0,5,1,0,8592,0.058,0.366,0.01
604,5.418,4.32,0.014,0.025,0.082,0,0,,0,,,,0,,,,,40,40,0,5,3,53,3,3,1,0,1,62,63,64,1,27,0,5,1,0,8592,0.056,0.342,0.015
605,5.64,4.701,0.01,0.016,0.151,0,0,,0,,,,0,,,,,40,40,0,5,3,53,3,3,1,0,1,62,63,64,1,27,0,5,1,0,8592,0.047,0.325,0.01
606,6.059,5.245,0.01,0.015,0.096,0,0,,0,,,,0,,,,,40,40,0,5,3,53,3,3,1,0,1,62,63,64,1,27,0,5,1,0,8592,0.044,0.288,0.006
607,4.17,3.281,0.012,0.021,0.079,0,0,,0,,,,0,,,,,40,40,0,5,3,53,3,3,1,0,1,62,63,64,1,27,0,5,1,0,8592,0.048,0.319,0.012
608,3.984,3.19,0.009,0.014,0.07,0,0,,0,,,,0,,,,,40,40,0,5,3,53,3,3,1,0,1,62,63,64,1,27,0,5,1,0,8592,0.044,0.318,0.008
609,5.235,4.456,0.008,0.014,0.089,0,0,,0,,,,0,,,,,40,40,0,5,3,53,3,3,1,0,1,62,63,64,1,27,0,5,1,0,8592,0.04,0.301,0.007
610,3.759,3.212,0.008,0.012,0.04,0,0,,0,,,,0,,,,,40,40,0,5,3,53,3,3,1,0,1,62,63,64,1,27,0,5,1,0,8592,0.046,0.211,0.005
611,4.012,3.54,0.007,0.012,0.033,0,0,,0,,,,0,,,,,40,40,0,5,3,53,3,3,1,0,1,62,63,64,1,27,0,5,1,0,8592,0.029,0.152,0.009
612,6.682,6.204,0.008,0.014,0.034,0,0,,0,,,,0,,,,,40,40,0,5,3,53,3,3,1,0,1,62,63,64,1,27,0,5,1,0,8592,0.037,0.167,0.007
613,6.961,6.268,0.005,0.007,0.046,0,0,,0,,,,0,,,,,40,40,0,5,3,53,3,3,1,0,1,62,63,64,1,27,0,5,1,0,8592,0.199,0.185,0.008
614,4.147,3.585,0.007,0.013,0.043,0,0,,0,,,,0,,,,,40,40,0,5,3,53,3,3,1,0,1,62,63,64,1,27,0,5,1,0,8592,0.054,0.183,0.009
615,4.012,3.671,0.01,0.015,0.026,0,0,,0,,,,0,,,,,40,40,0,5,3,53,3,3,1,0,1,62,63,64,1,27,0,5,1,0,8592,0.05,0.092,0.005
616,5.311,4.938,0.004,0.006,0.028,0,0,,0,,,,0,,,,,40,40,0,5,3,53,3,3,1,0,1,62,63,64,1,27,0,5,1,0,8592,0.03,0.141,0.003
617,6.895,6.309,0.014,0.061,0.03,0,0,,0,,,,0,,,,,40,40,0,5,3,53,3,3,1,0,1,62,63,64,1,27,0,5,1,0,8592,0.032,0.16,0.009
618,6.358,5.76,0.009,0.015,0.08,0,0,,0,,,,0,,,,,40,40,0,5,3,53,3,3,1,0,1,62,63,64,1,27,0,5,1,0,8592,0.054,0.17,0.012
619,4.888,4.435,0.008,0.014,0.027,0,0,,0,,,,0,,,,,40,40,0,5,3,53,3,3,1,0,1,62,63,64,1,27,0,5,1,0,8592,0.04,0.173,0.005
620,4.369,3.867,0.006,0.014,0.055,0,0,,0,,,,0,,,,,40,40,0,5,3,53,3,3,1,0,1,62,63,64,1,27,0,5,1,0,8592,0.026,0.146,0.01
621,4.393,3.727,0.01,0.019,0.066,0,0,,0,,,,0,,,,,40,40,0,5,3,53,3,3,1,0,1,62,63,64,1,27,0,5,1,0,8592,0.053,0.145,0.007
622,5.759,5.247,0.013,0.022,0.022,0,0,,0,,,,0,,,,,40,40,0,5,3,53,3,3,1,0,1,62,63,64,1,27,0,5,1,0,8592,0.066,0.166,0.005
623,7.197,6.641,0.013,0.024,0.031,0,0,,0,,,,0,,,,,40,40,0,5,3,53,3,3,1,0,1,62,63,64,1,27,0,5,1,0,8592,0.054,0.153,0.009
624,6.484,5.953,0.009,0.018,0.031,0,0,,0,,,,0,,,,,40,40,0,5,3,53,3,3,1,0,1,62,63,64,1,27,0,5,1,0,8592,0.046,0.144,0.007
625,6.391,5.85,0.007,0.007,0.032,0,0,,0,,,,0,,,,,40,40,0,5,3,53,3,3,1,0,1,62,63,64,1,27,0,5,1,0,8592,0.041,0.144,0.006
626,8.371,7.777,0.011,0.018,0.145,0,0,,0,,,,0,,,,,40,40,0,5,3,53,3,3,1,0,1,62,63,64,1,27,0,5,1,0,8592,0.022,0.128,0.01
627,8.227,7.261,0.004,0.008,0.305,0,0,,0,,,,0,,,,,40,40,0,5,3,53,3,3,1,0,1,62,63,64,1,27,0,5,1,0,8592,0.018,0.308,0.011
628,4.05,3.694,0.006,0.01,0.025,0,0,,0,,,,0,,,,,40,40,0,5,3,53,3,3,1,0,1,62,63,64,1,27,0,5,1,0,8592,0.02,0.106,0.007
629,8.655,8.268,0.005,0.012,0.03,0,0,,0,,,,0,,,,,40,40,0,5,3,53,3,3,1,0,1,62,63,64,1,27,0,5,1,0,8592,0.022,0.104,0.005
630,4.353,3.866,0.004,0.008,0.036,0,0,,1,734.375,229478400,285310976,1,75982016,75982016,167424000,38823561584,40,40,0,5,3,53,3,3,1,0,1,62,63,64,1,27,0,5,1,0,8592,0.023,0.232,0.004
631,4.289,3.58,0.011,0.02,0.048,0,0,,0,,,,0,,,,,40,40,0,5,3,53,3,3,1,0,1,62,63,64,1,27,0,5,1,0,8592,0.048,0.202,0.011
632,4.132,3.4,0.01,0.018,0.117,0,0,,0,,,,0,,,,,40,40,0,5,3,53,3,3,1,0,1,62,63,64,1,27,0,5,1,0,8592,0.051,0.247,0.009
633,10.997,10.518,0.008,0.013,0.036,0,0,,0,,,,0,,,,,40,40,0,5,3,53,3,3,1,0,1,62,63,64,1,27,0,5,1,0,8592,0.024,0.146,0.01
634,6.954,6.377,0.009,0.016,0.045,0,0,,0,,,,0,,,,,40,40,0,5,3,53,3,3,1,0,1,62,63,64,1,27,0,5,1,0,8592,0.054,0.197,0.007
635,5.434,5.002,0.007,0.013,0.036,0,0,,0,,,,0,,,,,40,40,0,5,3,53,3,3,1,0,1,62,63,64,1,27,0,5,1,0,8592,0.034,0.152,0.006
636,4.434,3.914,0.008,0.013,0.038,0,0,,0,,,,0,,,,,40,40,0,5,3,53,3,3,1,0,1,62,63,64,1,27,0,5,1,0,8592,0.026,0.167,0.011
637,4.914,4.403,0.005,0.01,0.036,0,0,,0,,,,0,,,,,40,40,0,5,3,53,3,3,1,0,1,62,63,64,1,27,0,5,1,0,8592,0.042,0.185,0.01
638,6.758,6.426,0.004,0.008,0.027,0,0,,0,,,,0,,,,,40,40,0,5,3,53,3,3,1,0,1,62,63,64,1,27,0,5,1,0,8592,0.019,0.129,0.006
639,5.864,5.282,0.011,0.022,0.036,0,0,,0,,,,0,,,,,40,40,0,5,3,53,3,3,1,0,1,62,63,64,1,27,0,5,1,0,8592,0.058,0.15,0.008
640,5.941,5.301,0.01,0.018,0.045,0,0,,0,,,,0,,,,,40,40,0,5,3,53,3,3,1,0,1,62,63,64,1,27,0,5,1,0,8592,0.056,0.259,0.006
641,5.063,4.735,0.004,0.008,0.028,0,0,,0,,,,0,,,,,40,40,0,5,3,53,3,3,1,0,1,62,63,64,1,27,0,5,1,0,8592,0.017,0.116,0.005
642,4.675,4.157,0.009,0.018,0.032,0,0,,0,,,,0,,,,,40,40,0,5,3,53,3,3,1,0,1,62,63,64,1,27,0,5,1,0,8592,0.047,0.149,0.009
643,5.437,4.845,0.009,0.018,0.05,0,0,,0,,,,0,,,,,40,40,0,5,3,53,3,3,1,0,1,62,63,64,1,27,0,5,1,0,8592,0.053,0.195,0.006
644,5.62,5.146,0.008,0.016,0.028,0,0,,0,,,,0,,,,,40,40,0,5,3,53,3,3,1,0,1,62,63,64,1,27,0,5,1,0,8592,0.034,0.179,0.006
645,9.907,9.288,0.011,0.019,0.042,0,0,,0,,,,0,,,,,40,40,0,5,3,53,3,3,1,0,1,62,63,64,1,27,0,5,1,0,8592,0.056,0.177,0.009
646,5.847,5.279,0.011,0.021,0.029,0,0,,0,,,,0,,,,,40,40,0,5,3,53,3,3,1,0,1,62,63,64,1,27,0,5,1,0,8592,0.061,0.161,0.008
647,4.61,4.113,0.008,0.014,0.044,0,0,,0,,,,0,,,,,40,40,0,5,3,53,3,3,1,0,1,62,63,64,1,27,0,5,1,0,8592,0.037,0.157,0.007
648,8.4,7.808,0.012,0.022,0.062,0,0,,0,,,,0,,,,,40,40,0,5,3,53,3,3,1,0,1,62,63,64,1,27,0,5,1,0,8592,0.024,0.134,0.008
649,6.579,5.919,0.011,0.021,0.086,0,0,,0,,,,0,,,,,40,40,0,5,3,53,3,3,1,0,1,62,63,64,1,27,0,5,1,0,8592,0.023,0.132,0.008
650,4.387,3.782,0.012,0.021,0.053,0,0,,0,,,,0,,,,,40,40,0,5,3,53,3,3,1,0,1,62,63,64,1,27,0,5,1,0,8592,0.048,0.151,0.009
651,5.111,4.496,0.011,0.019,0.033,0,0,,0,,,,0,,,,,40,40,0,5,3,53,3,3,1,0,1,62,63,64,1,27,0,5,1,0,8592,0.025,0.139,0.006
652,5.792,5.324,0.011,0.018,0.022,0,0,,0,,,,0,,,,,40,40,0,5,3,53,3,3,1,0,1,62,63,64,1,27,0,5,1,0,8592,0.09,0.158,0.003
653,9.116,8.556,0.011,0.021,0.03,0,0,,0,,,,0,,,,,40,40,0,5,3,53,3,3,1,0,1,62,63,64,1,27,0,5,1,0,8592,0.057,0.164,0.008
654,5.406,4.815,0.011,0.02,0.034,0,0,,0,,,,0,,,,,40,40,0,5,3,53,3,3,1,0,1,62,63,64,1,27,0,5,1,0,8588,0.053,0.182,0.01
655,9.634,9.105,0.013,0.021,0.037,0,0,,0,,,,0,,,,,40,40,0,5,3,53,3,3,1,0,1,62,63,64,1,27,0,5,1,0,8588,0.029,0.126,0.009
656,8.097,7.682,0.006,0.012,0.028,0,0,,0,,,,0,,,,,40,40,0,5,3,53,3,3,1,0,1,62,63,64,1,27,0,5,1,0,8588,0.023,0.128,0.009
657,5.638,5.124,0.007,0.013,0.035,0,0,,0,,,,0,,,,,40,40,0,5,3,53,3,3,1,0,1,62,63,64,1,27,0,5,1,0,8588,0.042,0.179,0.009
658,5.54,4.993,0.009,0.015,0.043,0,0,,0,,,,0,,,,,40,40,0,5,3,53,3,3,1,0,1,62,63,64,1,27,0,5,1,0,8588,0.039,0.156,0.016
659,6.946,6.394,0.007,0.016,0.043,0,0,,0,,,,0,,,,,40,40,0,5,3,53,3,3,1,0,1,62,63,64,1,27,0,5,1,0,8588,0.029,0.23,0.009
660,6.472,5.449,0.014,0.024,0.083,0,0,,1,750,229478400,285310976,1,75982016,75982016,167424000,38823561584,40,40,0,5,3,53,3,3,1,0,1,62,63,64,1,27,0,5,1,0,8588,0.056,0.375,0.013
661,8.82,7.7,0.012,0.02,0.114,0,0,,0,,,,0,,,,,40,40,0,5,3,53,3,3,1,0,1,62,63,64,1,27,0,5,1,0,8588,0.061,0.447,0.01
662,5.523,4.392,0.016,0.026,0.083,0,0,,0,,,,0,,,,,40,40,0,5,3,53,3,3,1,0,1,62,63,64,1,27,0,5,1,0,8588,0.065,0.454,0.013
663,6.945,5.94,0.012,0.017,0.104,0,0,,0,,,,0,,,,,40,40,0,5,3,53,3,3,1,0,1,62,63,64,1,27,0,5,1,0,8588,0.056,0.4,0.008
664,7.083,6.158,0.013,0.018,0.094,0,0,,0,,,,0,,,,,40,40,0,5,3,53,3,3,1,0,1,62,63,64,1,27,0,5,1,0,8588,0.048,0.34,0.012
665,4.383,3.441,0.013,0.022,0.083,0,0,,0,,,,0,,,,,40,40,0,5,3,53,3,3,1,0,1,62,63,64,1,27,0,5,1,0,8588,0.05,0.349,0.011
666,3.414,2.545,0.011,0.016,0.092,0,0,,0,,,,0,,,,,40,40,0,5,3,53,3,3,1,0,1,62,63,64,1,27,0,5,1,0,8588,0.047,0.307,0.007
667,5.366,4.794,0.006,0.011,0.063,0,0,,0,,,,0,,,,,40,40,0,5,3,53,3,3,1,0,1,62,63,64,1,27,0,5,1,0,8588,0.031,0.225,0.005
668,3.885,3.126,0.01,0.018,0.062,0,0,,0,,,,0,,,,,40,40,0,5,3,53,3,3,1,0,1,62,63,64,1,27,0,5,1,0,8588,0.039,0.281,0.01
669,4.118,3.594,0.007,0.011,0.055,0,0,,0,,,,0,,,,,40,40,0,5,3,53,3,3,1,0,1,62,63,64,1,27,0,5,1,0,8588,0.024,0.178,0.005
670,4.062,3.589,0.006,0.01,0.04,0,0,,0,,,,0,,,,,40,40,0,5,3,53,3,3,1,0,1,62,63,64,1,27,0,5,1,0,8588,0.022,0.161,0.006
671,5.769,5.287,0.006,0.011,0.054,0,0,,0,,,,0,,,,,40,40,0,5,3,53,3,3,1,0,1,62,63,64,1,27,0,5,1,0,8588,0.027,0.167,0.008
672,5.152,4.649,0.007,0.013,0.033,0,0,,0,,,,0,,,,,40,40,0,5,3,53,3,3,1,0,1,62,63,64,1,27,0,5,1,0,8588,0.024,0.147,0.008
673,10.529,9.612,0.013,0.021,0.1,0,0,,0,,,,0,,,,,40,40,0,5,3,53,3,3,1,0,1,62,63,64,1,27,0,5,1,0,8588,0.052,0.316,0.012
674,5.013,4.055,0.013,0.023,0.082,0,0,,0,,,,0,,,,,40,40,0,5,3,53,3,3,1,0,1,62,63,64,1,27,0,5,1,0,8588,0.053,0.316,0.013
675,4.045,3.528,0.011,0.019,0.029,0,0,,0,,,,0,,,,,40,40,0,5,3,53,3,3,1,0,1,62,63,64,1,27,0,5,1,0,8588,0.051,0.182,0.006
676,5.553,5.116,0.005,0.01,0.03,0,0,,0,,,,0,,,,,40,40,0,5,3,53,3,3,1,0,1,62,63,64,1,27,0,5,1,0,8588,0.054,0.122,0.006
677,4.42,3.844,0.011,0.015,0.111,0,0,,0,,,,0,,,,,40,40,0,5,3,53,3,3,1,0,1,62,63,64,1,27,0,5,1,0,8588,0.049,0.148,0.005
678,4.765,4.398,0.004,0.009,0.029,0,0,,0,,,,0,,,,,40,40,0,5,3,53,3,3,1,0,1,62,63,64,1,27,0,5,1,0,8588,0.017,0.118,0.006
679,5.832,5.222,0.006,0.011,0.047,0,0,,0,,,,0,,,,,40,40,0,5,3,53,3,3,1,0,1,62,63,64,1,27,0,5,1,0,8588,0.042,0.25,0.009
680,5.537,5.08,0.007,0.013,0.043,0,0,,0,,,,0,,,,,40,40,0,5,3,53,3,3,1,0,1,62,63,64,1,27,0,5,1,0,8588,0.028,0.159,0.005
681,3.897,3.379,0.01,0.018,0.035,0,0,,0,,,,0,,,,,40,40,0,5,3,53,3,3,1,0,1,62,63,64,1,27,0,5,1,0,8588,0.038,0.138,0.01
682,5.363,4.724,0.012,0.019,0.038,0,0,,0,,,,0,,,,,40,40,0,5,3,53,3,3,1,0,1,62,63,64,1,27,0,5,1,0,8588,0.067,0.237,0.007
683,4.606,4.174,0.008,0.011,0.024,0,0,,0,,,,0,,,,,40,40,0,5,3,53,3,3,1,0,1,62,63,64,1,27,0,5,1,0,8588,0.035,0.195,0.003
684,4.933,3.915,0.007,0.014,0.079,0,0,,0,,,,0,,,,,40,40,0,5,3,53,3,3,1,0,1,62,63,64,1,27,0,5,1,0,8588,0.026,0.5,0.013
685,3.59,3.272,0.004,0.007,0.033,0,0,,0,,,,0,,,,,40,40,0,5,3,53,3,3,1,0,1,62,63,64,1,27,0,5,1,0,8588,0.018,0.103,0.004
686,7.396,6.944,0.004,0.009,0.029,0,0,,0,,,,0,,,,,40,40,0,5,3,53,3,3,1,0,1,62,63,64,1,27,0,5,1,0,8588,0.021,0.108,0.006
687,5.212,4.497,0.006,0.011,0.039,0,0,,0,,,,0,,,,,40,40,0,5,3,53,3,3,1,0,1,62,63,64,1,27,0,5,1,0,8588,0.052,0.217,0.01
688,6.111,5.683,0.006,0.012,0.037,0,0,,0,,,,0,,,,,40,40,0,5,3,53,3,3,1,0,1,62,63,64,1,27,0,5,1,0,8588,0.023,0.125,0.007
689,9.051,7.952,0.006,0.009,0.104,0,0,,0,,,,0,,,,,40,40,0,5,3,53,3,3,1,0,1,62,63,64,1,27,0,5,1,0,8588,0.021,0.559,0.018
690,6.16,5.59,0.011,0.02,0.037,0,0,,1,750,229478400,285310976,1,75982016,75982016,167424000,38823561584,40,40,0,5,3,53,3,3,1,0,1,62,63,64,1,27,0,5,1,0,8580,0.055,0.16,0.01
691,6.07,5.557,0.013,0.023,0.037,0,0,,0,,,,0,,,,,40,40,0,5,3,53,3,3,1,0,1,62,63,64,1,27,0,5,1,0,8580,0.045,0.134,0.008
692,8.451,7.884,0.012,0.018,0.034,0,0,,0,,,,0,,,,,40,40,0,5,3,53,3,3,1,0,1,62,63,64,1,27,0,5,1,0,8580,0.09,0.147,0.01
693,5.043,4.54,0.003,0.006,0.033,0,0,,0,,,,0,,,,,40,40,0,5,3,53,3,3,1,0,1,62,63,64,1,27,0,5,1,0,8580,0.022,0.263,0.007
694,6.9,5.922,0.011,0.018,0.077,0,0,,0,,,,0,,,,,40,40,0,5,3,53,3,3,1,0,1,62,63,64,1,27,0,5,1,0,8580,0.047,0.244,0.009
695,5.248,4.577,0.012,0.023,0.056,0,0,,0,,,,0,,,,,40,40,0,5,3,53,3,3,1,0,1,62,63,64,1,27,0,5,1,0,8580,0.046,0.19,0.01
696,6.65,6.166,0.007,0.013,0.043,0,0,,0,,,,0,,,,,40,40,0,5,3,53,3,3,1,0,1,62,63,64,1,27,0,5,1,0,8580,0.025,0.149,0.01
697,8.701,8.091,0.008,0.016,0.061,0,0,,0,,,,0,,,,,40,40,0,5,3,53,3,3,1,0,1,62,63,64,1,27,0,5,1,0,8580,0.032,0.173,0.011
698,12.409,11.474,0.015,0.025,0.104,0,0,,0,,,,0,,,,,40,40,0,5,3,53,3,3,1,0,1,62,63,64,1,27,0,5,1,0,8580,0.051,0.31,0.015
699,3.304,2.801,0.008,0.014,0.034,0,0,,0,,,,0,,,,,40,40,0,5,3,53,3,3,1,0,1,62,63,64,1,27,0,5,1,0,8580,0.029,0.153,0.01
700,6.449,5.586,0.012,0.02,0.092,0,0,,0,,,,0,,,,,40,40,0,5,3,53,3,3,1,0,1,62,63,64,1,27,0,5,1,0,8580,0.048,0.29,0.011
701,4.929,4.152,0.01,0.015,0.078,0,0,,0,,,,0,,,,,40,40,0,5,3,53,3,3,1,0,1,62,63,64,1,27,0,5,1,0,8580,0.044,0.284,0.009
702,5.613,4.775,0.014,0.024,0.074,0,0,,0,,,,0,,,,,40,40,0,5,3,53,3,3,1,0,1,62,63,64,1,27,0,5,1,0,8576,0.045,0.261,0.012
703,7.04,6.522,0.008,0.013,0.055,0,0,,0,,,,0,,,,,40,40,0,5,3,53,3,3,1,0,1,62,63,64,1,27,0,5,1,0,8576,0.03,0.165,0.007
704,4.815,4.372,0.006,0.01,0.05,0,0,,0,,,,0,,,,,40,40,0,5,3,53,3,3,1,0,1,62,63,64,1,27,0,5,1,0,8568,0.024,0.151,0.006
705,4.484,3.681,0.011,0.021,0.067,0,0,,0,,,,0,,,,,40,40,0,5,3,53,3,3,1,0,1,62,63,64,1,27,0,5,1,0,8568,0.044,0.258,0.025
706,9.611,9.121,0.006,0.011,0.045,0,0,,0,,,,0,,,,,40,40,0,5,3,53,3,3,1,0,1,62,63,64,1,27,0,5,1,0,8568,0.02,0.123,0.01
707,6.756,5.983,0.013,0.025,0.078,0,0,,0,,,,0,,,,,40,40,0,5,3,53,3,3,1,0,1,62,63,64,1,27,0,5,1,0,8568,0.042,0.244,0.013
708,5.171,4.702,0.008,0.015,0.05,0,0,,0,,,,0,,,,,40,40,0,5,3,53,3,3,1,0,1,62,63,64,1,27,0,5,1,0,8568,0.03,0.154,0.007
709,5.075,4.575,0.008,0.012,0.039,0,0,,0,,,,0,,,,,40,40,0,5,3,53,3,3,1,0,1,62,63,64,1,27,0,5,1,0,8568,0.031,0.148,0.007
710,5.905,5.227,0.011,0.019,0.05,0,0,,0,,,,0,,,,,40,40,0,5,3,53,3,3,1,0,1,62,63,64,1,27,0,5,1,0,8568,0.038,0.226,0.01
711,6.41,6.004,0.005,0.009,0.04,0,0,,0,,,,0,,,,,40,40,0,5,3,53,3,3,1,0,1,62,63,64,1,27,0,5,1,0,8568,0.022,0.136,0.005
712,5.243,4.78,0.006,0.011,0.044,0,0,,0,,,,0,,,,,40,40,0,5,3,53,3,3,1,0,1,62,63,64,1,27,0,5,1,0,8568,0.024,0.156,0.007
713,5.744,5.118,0.01,0.017,0.081,0,0,,0,,,,0,,,,,40,40,0,5,3,53,3,3,1,0,1,62,63,64,1,27,0,5,1,0,8568,0.034,0.17,0.01
714,5.852,5.342,0.012,0.019,0.03,0,0,,0,,,,0,,,,,40,40,0,5,3,53,3,3,1,0,1,62,63,64,1,27,0,5,1,0,8568,0.057,0.166,0.006

summary_metric,count,median,p95,p99
wall_ms,715,6.008,11.8828,23.29886
frame_wait_ms,715,5.365,11.2619,22.78212
scene_advance_ms,715,0.009,0.014,0.01886
view_build_ms,715,0.016,0.024,0.03286
render_submit_ms,715,0.044,0.0963,0.14374
gpu_ms,715,5.34479153618,11.1986611849,19.4581349416

gpu_sample_serial,gpu_ms
234,5.68359361124
235,6.77947900115
236,6.60031233886
237,8.03057272061
238,26.0445826975
239,17.8108849818
240,19.5020307739
241,8.87354145003
242,8.07088521962
243,8.44520812715
244,8.70135395423
245,6.50249984125
246,8.09052063581
247,5.95520818794
248,5.80307277499
249,6.09843735111
250,6.78531233434
251,4.01468740199
252,4.35302072706
253,5.13140612472
254,3.76557282473
255,3.73473949215
256,7.60151023108
257,5.13968737452
258,5.10817695862
259,4.85968738136
260,4.84557279837
261,5.73874985989
262,5.00145821123
263,4.85973946469
264,5.01906237746
265,5.41218736787
266,4.62479155376
267,4.56755197182
268,5.05515612658
269,3.90437490468
270,5.35651028589
271,4.74239571755
272,4.31749989459
273,3.75052074177
274,3.75385407502
275,3.73229157555
276,3.93968740382
277,4.90593738023
278,3.99671865242
279,7.29807273849
280,4.79046863305
281,7.57114564849
282,4.65614571966
283,5.15291654086
284,7.55989564877
285,5.03218737714
286,6.59499983899
287,7.45624981796
288,6.26437484706
289,5.15697904076
290,5.16614570721
291,5.83916652411
292,5.15515612414
293,4.47171864083
294,6.71968733595
295,7.55322898226
296,4.0195832352
297,4.03104156825
298,7.77218731025
299,7.42979148528
300,4.01843740189
301,5.15604154079
302,7.60833314758
303,4.96911446202
304,4.00656240218
305,5.53531236486
306,5.67739569473
307,3.91598948773
308,4.61562488731
309,5.17838529024
310,7.20046857421
311,9.19812477544
312,9.26828102372
313,5.15562487413
314,6.14843734989
315,7.19843732426
316,8.53484354163
317,8.93057269864
318,9.42177060331
319,7.88802064075
320,6.38572901077
321,4.96072904556
322,3.94817698694
323,4.80906238259
324,3.73973949203
325,5.78276027549
326,5.22479153911
327,4.63718738679
328,9.95411434031
329,7.80447897613
330,7.36677065348
331,7.01927066196
332,5.86223944021
333,5.43734361725
334,8.29489563082
335,5.84255194069
336,5.13015612475
337,5.62630194597
338,5.12177070829
339,8.46406229336
340,10.320312248
341,8.2794268812
342,17.5609370713
343,7.44171856832
344,7.97515605529
345,5.7834373588
346,7.0886977436
347,4.32489572775
348,5.19109362326
349,4.45078114134
350,3.98026031949
351,4.26864572912
352,3.73468740882
353,3.74677074186
354,3.72489574239
355,4.70406238515
356,5.1677602905
357,4.4442186415
358,4.58390613809
359,3.99140615255
360,4.56229155528
361,8.57083312408
362,8.7094268707
363,7.07979149382
364,8.1483331344
365,9.68880184679
366,7.03338524495
367,6.65046858764
368,8.47130187651
369,11.5689580509
370,8.66677062174
371,8.71401020392
372,5.54312486467
373,4.19385406428
374,5.01703112751
375,5.14187487447
376,9.03374977945
377,5.42067695099
378,5.08973945907
379,4.00234365229
380,4.01197906872
381,4.7431248842
382,6.37249984442
383,4.7322394678
384,5.81765610797
385,4.83499988196
386,7.14520815889
387,4.14749989874
388,4.93807279611
389,4.74932280072
390,5.24802070521
391,7.19484357434
392,6.30270817946
393,4.23145823003
394,5.46593736655
395,5.81437485805
396,4.51104155653
397,4.01802073524
398,4.00067698566
399,3.78255199099
400,4.55187488887
401,4.45307280795
402,4.50630197332
403,4.03541656815
404,6.22614568133
405,5.31062487035
406,3.84416657281
407,3.50369783113
408,4.03208323489
409,5.29093737083
410,3.52838533052
411,3.51765616412
412,4.58588530471
413,6.56156233981
414,3.76833324133
415,3.90526032132
416,5.43593736729
417,4.52963530608
418,3.88921865505
419,4.86973946444
420,4.55901030536
421,4.12187489937
422,3.8145832402
423,3.88359365519
424,3.74770824184
425,3.84786448939
426,5.21473945602
427,6.20776026511
428,6.8742706655
429,4.49671864022
430,3.74453115858
431,5.10421862539
432,4.56614572186
433,3.79484365735
434,3.77359365787
435,8.05333313672
436,16.1157808565
437,3.53052074714
438,3.52312491399
439,7.32416648785
440,4.44703114143
441,5.35322903597
442,5.60333319653
443,4.92760404636
444,6.86494774907
445,7.47098940094
446,8.87953103321
447,5.74369777644
448,7.18572899123
449,8.32838521334
450,4.0494790678
451,4.02223948513
452,4.86208321463
453,3.75145824174
454,5.52078111522
455,6.3446873451
456,3.79791657394
457,5.20458320627
458,5.17598945697
459,5.04588529348
460,5.43156236739
461,6.18546859899
462,3.79052074079
463,5.10401029206
464,6.18135401575
465,5.28609362094
466,6.66703108723
467,5.86328110685
468,4.21718739704
469,10.9864059818
470,10.1028643367
471,8.52348937524
472,5.68161444462
473,3.73890615872
474,5.01874987747
475,4.35984364356
476,4.08447906695
477,4.90723946353
478,4.90864571349
479,6.29723942959
480,5.83244777427
481,3.508854081
482,5.80770819154
483,4.68395821898
484,4.83723946524
485,6.63078108812
486,4.92020821321
487,4.06124990085
488,5.09781237554
489,7.89619772389
490,8.30677063053
491,6.25890609719
492,8.3613018792
493,7.38187481978
494,3.80567699042
495,4.88348946411
496,3.85833323914
497,8.55781229107
498,8.38984354517
499,7.39562481944
500,11.6992184644
501,11.9852080407
502,7.48760398386
503,7.01953107862
504,5.18963528997
505,4.71135405164
506,7.12385399274
507,5.80802069154
508,6.19749984869
509,4.97781237847
510,6.67968733692
511,25.817551453
512,11.7965101287
513,9.72895809581
514,6.73744775218
515,5.70218736079
516,5.14208320779
517,5.92661443864
518,5.86526027347
519,4.78223946658
520,7.46947898431
521,8.03578105381
522,6.53880192369
523,5.00869779438
524,5.15624987411
525,8.27151021473
526,5.58416653033
527,5.87729152318
528,6.24776026413
529,4.6081248875
530,5.53234361493
531,4.01953115187
532,3.94734365363
533,4.27411447898
534,4.39489572604
535,7.89463522393
536,6.94473941378
537,4.82463529888
538,5.50083319904
539,8.11692688517
540,7.84838522506
541,3.75130199175
542,3.76963532463
543,5.85187485713
544,3.87734365534
545,7.02078107859
546,6.77140608468
547,3.75864574157
548,6.25067693073
549,4.54229155577
550,5.16473945724
551,5.15505195748
552,5.19630195647
553,5.1924477899
554,8.97765603082
555,8.75161436967
556,3.74572907522
557,3.74234365863
558,7.94374980606
559,4.17057281485
560,4.96046862889
561,7.03770816151
562,4.08385406696
563,8.61895812291
564,8.86322895028
565,11.7857288789
566,8.36317687915
567,11.9301559587
568,13.2268746771
569,6.63302067139
570,8.05416647003
571,6.79718733405
572,5.28760403757
573,4.79630196624
574,14.0293746575
575,9.90833309143
576,8.35671854598
577,15.9033850284
578,45.1331759814
579,10.1676560018
580,9.25755185732
581,7.02604149513
582,7.16510399174
583,4.85755196474
584,4.83828113188
585,9.40781227032
586,11.3113018072
587,7.19328107438
588,5.75687485945
589,4.0306249016
590,4.04229156798
591,9.8481768429
592,4.05406240102
593,4.02442698508
594,4.68729155223
595,5.2402082054
596,15.6853642004
597,6.28624984653
598,6.76557275149
599,4.82932279876
600,6.17140609933
601,5.1895311233
602,6.70578108628
603,5.20671862288
604,8.27317688135
605,10.0393226716
606,8.92833311536
607,11.1783330604
608,9.61687476521
609,25.0407285553
610,8.5523435412
611,7.92635397315
612,7.99885397138
613,10.8718747346
614,15.6016662858
615,8.42328104435
616,7.2240102403
617,5.15682279077
618,16.0002079427
619,19.1884891149
620,10.2273435003
621,8.09666646899
622,10.2016664176
623,10.1335935026
624,5.87999985645
625,7.74182272766
626,8.90104144936
627,10.0288539218
628,5.48697903271
629,4.69369780207
630,5.84182277404
631,6.29385401301
632,10.1264580861
633,3.5348436637
634,3.49411449803
635,6.91124983127
636,5.7850519421
637,4.25937489601
638,3.85197907262
639,3.73817699207
640,4.9723436286
641,4.9916665448
642,4.95374987906
643,4.84536446504
644,4.24848947961
645,4.72807280124
646,6.04130193584
647,4.63359363688
648,3.73848949206
649,3.75546865831
650,3.90963532122
651,6.04374985245
652,4.84062488182
653,7.54302064918
654,4.88302071412
655,9.09109352805
656,6.50531234118
657,5.12562487486
658,5.13098945807
659,5.13578112461
660,5.13932279119
661,4.97557279519
662,6.79307275082
663,4.95718737897
664,5.23031237231
665,4.67796863579
666,4.00682281884
667,4.85296863152
668,7.80578105943
669,5.60364569653
670,6.38328109416
671,7.58494773149
672,11.33416639
673,9.24593727427
674,10.5291143263
675,9.49614560149
676,6.85911441587
677,8.68244770469
678,19.7902078502
679,6.04093735252
680,5.65937486183
681,6.20046859862
682,9.02296852971
683,10.0316143384
684,8.11635396851
685,11.7188017972
686,10.1193226696
687,10.4426039117
688,12.3848434476
689,10.3222914147
690,11.3363538899
691,14.0458850737
692,16.7524475077
693,6.76911441807
694,7.03812482817
695,9.14734352668
696,25.436874379
697,10.049270588
698,9.84182267639
699,13.6839059159
700,6.00760402
701,9.37812477104
702,8.26557271487
703,10.9614059824
704,9.26869769038
705,23.0386973542
706,5.48380194945
707,5.50994778215
708,8.20479146635
709,9.34947893841
710,9.44244768614
711,10.2134372506
712,5.16729154051
713,7.02416649518
714,9.37906227102
715,9.27260394028
716,6.04927068565
717,4.39046864281
718,4.55859363871
719,6.68885400336
720,5.0150519609
721,5.19843737309
722,5.97734360407
723,9.7908330943
724,7.6158331474
725,5.02499987732
726,5.01062487767
727,5.2454165386
728,7.84312480852
729,5.0119790443
730,4.36145822685
731,5.83593735752
732,4.5805207215
733,3.74239574197
734,4.30640614486
735,3.72947907561
736,3.83343740641
737,4.95786446229
738,4.1930728143
739,5.08489570919
740,4.58822905465
741,4.01947906853
742,4.07593740049
743,4.34182281067
744,5.24635403858
745,7.19828107426
746,7.43890606839
747,4.00583323553
748,4.00416656891
749,7.78260397666
750,6.68572900344
751,4.47729155736
752,4.36666656006
753,5.18781237334
754,5.10385404206
755,4.63322905355
756,3.55843741312
757,3.5894269957
758,4.96364571215
759,3.81093740696
760,3.73895824205
761,4.48484364051
762,4.89401029718
763,6.92776024753
764,11.2460934754
765,7.82437480898
766,9.33749977203
767,6.00739568667
768,4.74635405079
769,5.15786445741
770,7.42729148534
771,3.61156241183
772,5.14249987445
773,3.56552074628
774,3.99276031919
775,4.01354156868
776,5.01026029435
777,4.21687489705
778,4.01197906872
779,5.74359360978
780,3.99114573589
781,3.88140615524
782,3.73468740882
783,5.91630193889
784,3.863801989
785,3.77390615786
786,7.08588524367
787,5.26786445472
788,5.08432279254
789,5.83484360755
790,3.72510407572
791,5.17020820711
792,7.57442689841
793,3.73083324225
794,6.87609358213
795,8.98078103074
796,6.34546859508
797,4.86218738129
798,4.21609364707
799,6.44083317609
800,7.9831248051
801,5.42890611746
802,3.77963532439
803,4.77192696683
804,4.01401031867
805,6.33041651212
806,13.5546350857
807,6.42953109303
808,11.5421351349
809,5.70749986066
810,3.76239574148
811,5.32473945333
812,8.37749979547
813,5.19447903985
814,6.52916650726
815,4.84572904836
816,4.18890614773
817,8.3803122954
818,3.76192699149
819,4.59473947116
820,4.31499989465
821,4.01807281857
822,6.29640609628
823,6.40213526036
824,7.75645814397
825,4.69630196868
826,5.85463527373
827,7.12286440944
828,6.93552066401
829,5.83354152425
830,5.99015610376
831,4.5397394725
832,8.37968729542
833,3.97635406959
834,3.73468740882
835,4.88973946395
836,5.05036446003
837,5.58088528041
838,4.61468738734
839,3.74249990863
840,3.75552074165
841,3.82421865664
842,3.72140615915
843,3.76088532485
844,6.54369775691
845,5.06109362644
846,4.05072906777
847,3.93859365384
848,4.04182281799
849,6.42255192653
850,5.9910415204
851,3.73046865892
852,4.0155207353
853,3.99671865242
854,5.14244779112
855,6.52515609069
856,4.60822905416
857,6.021249853
858,7.86468730799
859,6.28223942996
860,4.29598947845
861,8.30078104734
862,3.95651032007
863,3.78421865761
864,3.80770824037
865,9.77546851134
866,6.48869775825
867,5.34479153618
868,4.02411448509
869,4.62786447035
870,5.80177069169
871,5.18833320667
872,5.48135403284
873,4.33239572756
874,4.12739573257
875,5.15015612426
876,5.46791653317
877,9.37442685447
878,4.72343738468
879,4.32057281118
880,8.02937480397
881,5.24505195528
882,4.10666656641
883,4.01348948535
884,5.61166652966
885,8.61369770637
886,5.01078112767
887,8.39593729502
888,7.8739581411
889,5.16005195736
890,5.17229154039
891,5.78828110868
892,5.19401028986
893,8.6002602067
894,5.19203112324
895,6.63781233794
896,5.84755194057
897,3.7971874073
898,3.93588532058
899,4.3132811447
900,3.76687490804
901,3.73598949212
902,3.71895824254
903,4.90973946347
904,5.18843737333
905,9.45416643585
906,4.83041654874
907,4.48390614053
908,3.98864573595
909,3.97119781971
910,4.63828113676
911,5.41229153453
912,5.40640611801
913,3.56151032972
914,5.03411446043
915,4.56145822197
916,4.00604156886
917,4.07338531722
918,5.70536444404
919,4.56057280532
920,6.09947901775
921,6.46015609228
922,6.50432275787
923,5.83057277432
924,8.03505188717
925,4.71656238485
926,4.87703113093
927,5.1867707067
928,5.17057279043
929,8.1756248004
930,11.6641663819
931,3.52708324722
932,5.44848945031
933,4.93223946292
934,5.17307279037
935,6.97593732969
936,4.68958321884
937,3.74145824199
938,10.0621872543
939,5.68947902776
940,5.47557278299
941,5.17885404023
942,4.9807811284
943,6.4551560924
944,4.92911446299
945,5.3098957037
946,6.00020818684
947,5.50432278228
948,3.99645823576
