frame,wall_ms,frame_wait_ms,scene_advance_ms,view_build_ms,render_submit_ms,gpu_valid,gpu_serial,gpu_ms,process_valid,process_cpu_ms,working_set_bytes,private_bytes,vma_valid,vma_allocation_bytes,vma_peak_allocation_bytes,vma_heap_usage_bytes,vma_heap_budget_bytes,raw_instances,visible_instances,culled_instances,lights,depth_draw_calls,shadow_draw_calls,base_draw_calls,lighting_draw_calls,tone_map_draw_calls,legacy_draw_calls,presenter_draw_calls,draw_calls,total_draw_calls,all_draw_calls,dispatch_count,shadow_faces,shadow_cache_hits,shadow_misses,shadow_batches,asset_upload_bytes,dynamic_lighting_upload_bytes,gather_ms,plan_ms,upload_frame_ms
0,20.991,18.398,0,0.073,0.104,0,0,,1,0,231809024,288886784,1,71217344,71217344,167755776,38823561584,1004,1004,0,2,3,0,3,3,1,0,1,9,10,11,1,0,2,0,1,0,133472,0.518,1.374,0.024
1,40.881,38.495,0,0.094,0.073,0,0,,0,,,,0,,,,,1004,1004,0,2,3,0,3,3,1,0,1,9,10,11,1,0,2,0,1,0,133472,0.512,1.27,0.016
2,26.505,24.132,0.001,0.071,0.062,0,0,,0,,,,0,,,,,1004,1004,0,2,3,0,3,3,1,0,1,9,10,11,1,0,2,0,1,0,133472,0.503,1.302,0.02
3,52.646,49.575,0,0.09,0.061,0,0,,0,,,,0,,,,,1004,1004,0,2,3,0,3,3,1,0,1,9,10,11,1,0,2,0,1,0,133472,0.699,1.707,0.025
4,12.218,9.822,0.001,0.08,0.064,0,0,,0,,,,0,,,,,1004,1004,0,2,3,0,3,3,1,0,1,9,10,11,1,0,2,0,1,0,133472,0.56,1.242,0.017
5,39.54,37.203,0.001,0.093,0.068,0,0,,0,,,,0,,,,,1004,1004,0,2,3,0,3,3,1,0,1,9,10,11,1,0,2,0,1,0,133472,0.555,1.189,0.016
6,11.356,7.946,0,0.121,0.064,0,0,,0,,,,0,,,,,1004,1004,0,2,3,0,3,3,1,0,1,9,10,11,1,0,2,0,1,0,133472,1.412,1.321,0.025
7,33.625,31.435,0,0.104,0.062,0,0,,0,,,,0,,,,,1004,1004,0,2,3,0,3,3,1,0,1,9,10,11,1,0,2,0,1,0,133472,0.477,1.106,0.016
8,14.572,12.494,0,0.069,0.049,0,0,,0,,,,0,,,,,1004,1004,0,2,3,0,3,3,1,0,1,9,10,11,1,0,2,0,1,0,133472,0.491,1.088,0.014
9,22.555,20.293,0,0.101,0.065,0,0,,0,,,,0,,,,,1004,1004,0,2,3,0,3,3,1,0,1,9,10,11,1,0,2,0,1,0,133472,0.481,1.075,0.035
10,12.915,10.544,0.001,0.076,0.085,0,0,,0,,,,0,,,,,1004,1004,0,2,3,0,3,3,1,0,1,9,10,11,1,0,2,0,1,0,133472,0.535,1.226,0.02
11,28.982,26.841,0.001,0.083,0.055,0,0,,0,,,,0,,,,,1004,1004,0,2,3,0,3,3,1,0,1,9,10,11,1,0,2,0,1,0,133472,0.499,1.103,0.015
12,9.117,7.106,0,0.119,0.048,0,0,,0,,,,0,,,,,1004,1004,0,2,3,0,3,3,1,0,1,9,10,11,1,0,2,0,1,0,133472,0.441,1.004,0.015
13,18.564,16.282,0,0.084,0.057,0,0,,0,,,,0,,,,,1004,1004,0,2,3,0,3,3,1,0,1,9,10,11,1,0,2,0,1,0,133472,0.464,1.227,0.017
14,37.799,35.518,0.001,0.108,0.059,0,0,,0,,,,0,,,,,1004,1004,0,2,3,0,3,3,1,0,1,9,10,11,1,0,2,0,1,0,133472,0.537,1.128,0.015
15,21.879,19.57,0.001,0.095,0.064,0,0,,0,,,,0,,,,,1004,1004,0,2,3,0,3,3,1,0,1,9,10,11,1,0,2,0,1,0,133472,0.499,1.184,0.017
16,13.566,11.118,0,0.098,0.056,0,0,,0,,,,0,,,,,1004,1004,0,2,3,0,3,3,1,0,1,9,10,11,1,0,2,0,1,0,133472,0.528,1.318,0.014
17,18.258,15.973,0,0.077,0.06,0,0,,0,,,,0,,,,,1004,1004,0,2,3,0,3,3,1,0,1,9,10,11,1,0,2,0,1,0,133472,0.535,1.175,0.018
18,18.072,15.932,0,0.108,0.052,0,0,,0,,,,0,,,,,1004,1004,0,2,3,0,3,3,1,0,1,9,10,11,1,0,2,0,1,0,133472,0.459,1.056,0.015
19,15.639,13.445,0.001,0.132,0.06,0,0,,0,,,,0,,,,,1004,1004,0,2,3,0,3,3,1,0,1,9,10,11,1,0,2,0,1,0,133472,0.466,1.065,0.014
20,25.367,23.318,0.001,0.089,0.065,0,0,,0,,,,0,,,,,1004,1004,0,2,3,0,3,3,1,0,1,9,10,11,1,0,2,0,1,0,133472,0.457,1.019,0.014
21,50.293,48.141,0,0.108,0.061,0,0,,0,,,,0,,,,,1004,1004,0,2,3,0,3,3,1,0,1,9,10,11,1,0,2,0,1,0,133472,0.46,1.062,0.015
22,3.935,1.714,0,0.073,0.069,0,0,,0,,,,0,,,,,1004,1004,0,2,3,0,3,3,1,0,1,9,10,11,1,0,2,0,1,0,133472,0.622,1.054,0.017
23,3.079,0.918,0,0.075,0.054,0,0,,0,,,,0,,,,,1004,1004,0,2,3,0,3,3,1,0,1,9,10,11,1,0,2,0,1,0,133472,0.508,1.145,0.016
24,4.698,2.364,0.001,0.104,0.049,0,0,,0,,,,0,,,,,1004,1004,0,2,3,0,3,3,1,0,1,9,10,11,1,0,2,0,1,0,133472,0.483,1.299,0.022
25,5.581,3.091,0.001,0.102,0.044,0,0,,0,,,,0,,,,,1004,1004,0,2,3,0,3,3,1,0,1,9,10,11,1,0,2,0,1,0,133472,0.6,1.268,0.014
26,5.536,3.53,0.001,0.073,0.055,0,0,,0,,,,0,,,,,1004,1004,0,2,3,0,3,3,1,0,1,9,10,11,1,0,2,0,1,0,133472,0.486,1.008,0.014
27,12.746,10.408,0.001,0.084,0.052,0,0,,0,,,,0,,,,,1004,1004,0,2,3,0,3,3,1,0,1,9,10,11,1,0,2,0,1,0,133472,0.448,1.261,0.044
28,4.215,1.921,0.001,0.069,0.058,0,0,,0,,,,0,,,,,1004,1004,0,2,3,0,3,3,1,0,1,9,10,11,1,0,2,0,1,0,133472,0.499,1.256,0.018
29,4.944,2.781,0,0.074,0.05,0,0,,0,,,,0,,,,,1004,1004,0,2,3,0,3,3,1,0,1,9,10,11,1,0,2,0,1,0,133472,0.53,1.062,0.017
30,23.847,21.585,0,0.087,0.054,0,0,,1,109.375,231821312,288886784,1,71217344,71217344,167755776,38823561584,1004,1004,0,2,3,0,3,3,1,0,1,9,10,11,1,0,2,0,1,0,133472,0.428,1.19,0.017
31,3.374,1.629,0,0.081,0.046,0,0,,0,,,,0,,,,,1004,1004,0,2,3,0,3,3,1,0,1,9,10,11,1,0,2,0,1,0,133472,0.399,0.897,0.01
32,9.568,7.583,0.001,0.065,0.051,0,0,,0,,,,0,,,,,1004,1004,0,2,3,0,3,3,1,0,1,9,10,11,1,0,2,0,1,0,133472,0.456,1.029,0.015
33,22.208,18.482,0.001,0.073,0.09,0,0,,0,,,,0,,,,,1004,1004,0,2,3,0,3,3,1,0,1,9,10,11,1,0,2,0,1,0,133472,0.779,2.135,0.031
34,14.789,11.57,0,0.09,0.093,0,0,,0,,,,0,,,,,1004,1004,0,2,3,0,3,3,1,0,1,9,10,11,1,0,2,0,1,0,133472,0.613,1.806,0.034
35,9.515,6.328,0.001,0.094,0.082,0,0,,0,,,,0,,,,,1004,1004,0,2,3,0,3,3,1,0,1,9,10,11,1,0,2,0,1,0,133472,0.714,1.709,0.031
36,26.584,24.306,0.001,0.097,0.056,0,0,,0,,,,0,,,,,1004,1004,0,2,3,0,3,3,1,0,1,9,10,11,1,0,2,0,1,0,133472,0.712,0.882,0.014
37,3.466,1.179,0,0.064,0.053,0,0,,0,,,,0,,,,,1004,1004,0,2,3,0,3,3,1,0,1,9,10,11,1,0,2,0,1,0,133472,0.588,1.192,0.015
38,2.418,0.729,0.001,0.093,0.022,0,0,,0,,,,0,,,,,1004,1004,0,2,3,0,3,3,1,0,1,9,10,11,1,0,2,0,1,0,133472,0.372,0.843,0.01
39,21.31,18.885,0.001,0.071,0.082,0,0,,0,,,,0,,,,,1004,1004,0,2,3,0,3,3,1,0,1,9,10,11,1,0,2,0,1,0,133472,0.484,1.329,0.027
40,8.988,7.035,0.001,0.06,0.051,0,0,,0,,,,0,,,,,1004,1004,0,2,3,0,3,3,1,0,1,9,10,11,1,0,2,0,1,0,133472,0.442,1.005,0.014
41,12.092,9.412,0,0.133,0.05,0,0,,0,,,,0,,,,,1004,1004,0,2,3,0,3,3,1,0,1,9,10,11,1,0,2,0,1,0,133472,0.624,1.014,0.017
42,2.357,0.418,0.001,0.175,0.037,0,0,,0,,,,0,,,,,1004,1004,0,2,3,0,3,3,1,0,1,9,10,11,1,0,2,0,1,0,133472,0.438,0.9,0.009
43,4.327,1.397,0,0.093,0.058,0,0,,0,,,,0,,,,,1004,1004,0,2,3,0,3,3,1,0,1,9,10,11,1,0,2,0,1,0,133472,0.607,1.683,0.04
44,5.679,2.734,0.001,0.076,0.061,0,0,,0,,,,0,,,,,1004,1004,0,2,3,0,3,3,1,0,1,9,10,11,1,0,2,0,1,0,133472,0.575,1.754,0.029
45,23.364,20.271,0.001,0.072,0.07,0,0,,0,,,,0,,,,,1004,1004,0,2,3,0,3,3,1,0,1,9,10,11,1,0,2,0,1,0,133472,0.713,1.715,0.026
46,28.162,25.486,0.001,0.193,0.056,0,0,,0,,,,0,,,,,1004,1004,0,2,3,0,3,3,1,0,1,9,10,11,1,0,2,0,1,0,133472,0.538,1.359,0.022
47,3.8,0.542,0,0.066,0.093,0,0,,0,,,,0,,,,,1004,1004,0,2,3,0,3,3,1,0,1,9,10,11,1,0,2,0,1,0,133472,0.624,1.885,0.058
48,3.137,0.004,0.001,0.082,0.077,0,0,,0,,,,0,,,,,1004,1004,0,2,3,0,3,3,1,0,1,9,10,11,1,0,2,0,1,0,133472,0.74,1.771,0.032
49,2.507,0.001,0.001,0.069,0.061,0,0,,0,,,,0,,,,,1004,1004,0,2,3,0,3,3,1,0,1,9,10,11,1,0,2,0,1,0,133472,0.572,1.385,0.019
50,2.195,0,0.001,0.076,0.028,0,0,,0,,,,0,,,,,1004,1004,0,2,3,0,3,3,1,0,1,9,10,11,1,0,2,0,1,0,133472,0.495,1.229,0.016
51,7.217,4.745,0.001,0.133,0.073,0,0,,0,,,,0,,,,,1004,1004,0,2,3,0,3,3,1,0,1,9,10,11,1,0,2,0,1,0,133472,0.453,1.356,0.06
52,3.562,0.002,0.001,0.176,0.061,0,0,,0,,,,0,,,,,1004,1004,0,2,3,0,3,3,1,0,1,9,10,11,1,0,2,0,1,0,133472,0.839,1.936,0.027
53,6.409,3.305,0.001,0.092,0.069,0,0,,0,,,,0,,,,,1004,1004,0,2,3,0,3,3,1,0,1,9,10,11,1,0,2,0,1,0,133472,0.664,1.708,0.025
54,3.574,0.862,0,0.077,0.067,0,0,,0,,,,0,,,,,1004,1004,0,2,3,0,3,3,1,0,1,9,10,11,1,0,2,0,1,0,133472,0.593,1.551,0.02
55,4.368,0.829,0.001,0.125,0.087,0,0,,0,,,,0,,,,,1004,1004,0,2,3,0,3,3,1,0,1,9,10,11,1,0,2,0,1,0,133472,0.689,2.047,0.028
56,9.117,6.65,0.001,0.07,0.06,0,0,,0,,,,0,,,,,1004,1004,0,2,3,0,3,3,1,0,1,9,10,11,1,0,2,0,1,0,133472,0.496,1.388,0.026
57,9.585,5.549,0,0.137,0.096,0,0,,0,,,,0,,,,,1004,1004,0,2,3,0,3,3,1,0,1,9,10,11,1,0,2,0,1,0,133472,0.921,2.101,0.046
58,3.111,0.001,0,0.125,0.035,0,0,,0,,,,0,,,,,1004,1004,0,2,3,0,3,3,1,0,1,9,10,11,1,0,2,0,1,0,133472,0.879,1.518,0.019
59,13.622,10.466,0.001,0.102,0.079,0,0,,0,,,,0,,,,,1004,1004,0,2,3,0,3,3,1,0,1,9,10,11,1,0,2,0,1,0,133472,0.702,1.669,0.025
60,23.391,21.154,0,0.072,0.064,0,0,,1,171.875,231825408,288886784,1,71217344,71217344,167755776,38823561584,1004,1004,0,2,3,0,3,3,1,0,1,9,10,11,1,0,2,0,1,0,133472,0.461,1.192,0.024
61,3.273,0.559,0,0.067,0.083,0,0,,0,,,,0,,,,,1004,1004,0,2,3,0,3,3,1,0,1,9,10,11,1,0,2,0,1,0,133472,0.524,1.542,0.03
62,4.519,2.341,0,0.121,0.049,0,0,,0,,,,0,,,,,1004,1004,0,2,3,0,3,3,1,0,1,9,10,11,1,0,2,0,1,0,133472,0.543,1.037,0.013
63,11.657,8.674,0,0.079,0.09,0,0,,0,,,,0,,,,,1004,1004,0,2,3,0,3,3,1,0,1,9,10,11,1,0,2,0,1,0,133472,0.639,1.62,0.03
64,5.218,2.537,0.001,0.165,0.049,0,0,,0,,,,0,,,,,1004,1004,0,2,3,0,3,3,1,0,1,9,10,11,1,0,2,0,1,0,133472,0.619,1.359,0.023
65,11.146,7.699,0,0.083,0.089,0,0,,0,,,,0,,,,,1004,1004,0,2,3,0,3,3,1,0,1,9,10,11,1,0,2,0,1,0,133472,0.861,1.858,0.035
66,3.524,0.003,0.001,0.12,0.078,0,0,,0,,,,0,,,,,1004,1004,0,2,3,0,3,3,1,0,1,9,10,11,1,0,2,0,1,0,133472,0.795,1.823,0.028
67,2.758,0.001,0.001,0.096,0.054,0,0,,0,,,,0,,,,,1004,1004,0,2,3,0,3,3,1,0,1,9,10,11,1,0,2,0,1,0,133472,0.595,1.537,0.021
68,5.276,1.42,0.001,0.134,0.099,0,0,,0,,,,0,,,,,1004,1004,0,2,3,0,3,3,1,0,1,9,10,11,1,0,2,0,1,0,133472,0.808,2.215,0.03
69,3.922,0.001,0,0.141,0.076,0,0,,0,,,,0,,,,,1004,1004,0,2,3,0,3,3,1,0,1,9,10,11,1,0,2,0,1,0,133472,0.741,2.494,0.018
70,4.092,0.001,0.001,0.118,0.092,0,0,,0,,,,0,,,,,1004,1004,0,2,3,0,3,3,1,0,1,9,10,11,1,0,2,0,1,0,133472,0.878,2.386,0.034
71,3.571,0.001,0.001,0.098,0.118,0,0,,0,,,,0,,,,,1004,1004,0,2,3,0,3,3,1,0,1,9,10,11,1,0,2,0,1,0,133472,0.792,1.929,0.026
72,3.41,0.002,0.001,0.102,0.064,0,0,,0,,,,0,,,,,1004,1004,0,2,3,0,3,3,1,0,1,9,10,11,1,0,2,0,1,0,133472,0.76,1.928,0.03
73,2.35,0,0.001,0.161,0.035,0,0,,0,,,,0,,,,,1004,1004,0,2,3,0,3,3,1,0,1,9,10,11,1,0,2,0,1,0,133472,0.542,1.221,0.011
74,2.139,0.001,0.001,0.07,0.037,0,0,,0,,,,0,,,,,1004,1004,0,2,3,0,3,3,1,0,1,9,10,11,1,0,2,0,1,0,133472,0.487,1.166,0.011
75,2.18,0,0,0.066,0.042,0,0,,0,,,,0,,,,,1004,1004,0,2,3,0,3,3,1,0,1,9,10,11,1,0,2,0,1,0,133472,0.509,1.233,0.015
76,3.077,0.001,0,0.105,0.041,0,0,,0,,,,0,,,,,1004,1004,0,2,3,0,3,3,1,0,1,9,10,11,1,0,2,0,1,0,133472,0.751,1.695,0.02
77,2.367,0.001,0,0.07,0.035,0,0,,0,,,,0,,,,,1004,1004,0,2,3,0,3,3,1,0,1,9,10,11,1,0,2,0,1,0,133472,0.587,1.32,0.013
78,5.927,3.888,0.001,0.06,0.057,0,0,,0,,,,0,,,,,1004,1004,0,2,3,0,3,3,1,0,1,9,10,11,1,0,2,0,1,0,133472,0.422,1.12,0.022
79,1.971,0.001,0,0.082,0.032,0,0,,0,,,,0,,,,,1004,1004,0,2,3,0,3,3,1,0,1,9,10,11,1,0,2,0,1,0,133472,0.426,1.064,0.012
80,2.477,0.326,0,0.068,0.051,0,0,,0,,,,0,,,,,1004,1004,0,2,3,0,3,3,1,0,1,9,10,11,1,0,2,0,1,0,133472,0.483,1.186,0.02
81,3.551,0.272,0,0.08,0.081,0,0,,0,,,,0,,,,,1004,1004,0,2,3,0,3,3,1,0,1,9,10,11,1,0,2,0,1,0,133472,0.6,1.887,0.029
82,2.28,0.002,0,0.083,0.033,0,0,,0,,,,0,,,,,1004,1004,0,2,3,0,3,3,1,0,1,9,10,11,1,0,2,0,1,0,133472,0.601,1.148,0.014
83,6.462,3.717,0.001,0.08,0.057,0,0,,0,,,,0,,,,,1004,1004,0,2,3,0,3,3,1,0,1,9,10,11,1,0,2,0,1,0,133472,0.597,1.543,0.019
84,6.076,3.113,0.001,0.073,0.079,0,0,,0,,,,0,,,,,1004,1004,0,2,3,0,3,3,1,0,1,9,10,11,1,0,2,0,1,0,133472,0.608,1.697,0.032
85,12.614,10.384,0,0.074,0.064,0,0,,0,,,,0,,,,,1004,1004,0,2,3,0,3,3,1,0,1,9,10,11,1,0,2,0,1,0,133472,0.472,1.162,0.024
86,2.301,0.001,0.001,0.048,0.045,0,0,,0,,,,0,,,,,1004,1004,0,2,3,0,3,3,1,0,1,9,10,11,1,0,2,0,1,0,133472,0.476,1.4,0.023
87,3.106,0,0,0.06,0.067,0,0,,0,,,,0,,,,,1004,1004,0,2,3,0,3,3,1,0,1,9,10,11,1,0,2,0,1,0,133472,0.649,1.874,0.029
88,5.203,3.001,0.001,0.068,0.057,0,0,,0,,,,0,,,,,1004,1004,0,2,3,0,3,3,1,0,1,9,10,11,1,0,2,0,1,0,133472,0.455,1.204,0.023
89,13.146,10.045,0.001,0.249,0.059,0,0,,0,,,,0,,,,,1004,1004,0,2,3,0,3,3,1,0,1,9,10,11,1,0,2,0,1,0,133472,0.721,1.446,0.039
90,6.007,3.706,0.001,0.083,0.058,0,0,,1,281.25,231833600,288886784,1,71217344,71217344,167755776,38823561584,1004,1004,0,2,3,0,3,3,1,0,1,9,10,11,1,0,2,0,1,0,133472,0.481,1.22,0.016
91,3.593,0.816,0.001,0.061,0.102,0,0,,0,,,,0,,,,,1004,1004,0,2,3,0,3,3,1,0,1,9,10,11,1,0,2,0,1,0,133472,0.434,1.77,0.016
92,4.435,0.783,0,0.142,0.072,0,0,,0,,,,0,,,,,1004,1004,0,2,3,0,3,3,1,0,1,9,10,11,1,0,2,0,1,0,133472,0.754,2.077,0.029
93,3.554,0.001,0.001,0.081,0.081,0,0,,0,,,,0,,,,,1004,1004,0,2,3,0,3,3,1,0,1,9,10,11,1,0,2,0,1,0,133472,0.976,1.955,0.032
94,7.816,4.758,0.001,0.088,0.067,0,0,,0,,,,0,,,,,1004,1004,0,2,3,0,3,3,1,0,1,9,10,11,1,0,2,0,1,0,133472,0.748,1.573,0.023
95,2.144,0.001,0.001,0.063,0.037,0,0,,0,,,,0,,,,,1004,1004,0,2,3,0,3,3,1,0,1,9,10,11,1,0,2,0,1,0,133472,0.496,1.223,0.011
96,4.171,0.382,0,0.168,0.124,0,0,,0,,,,0,,,,,1004,1004,0,2,3,0,3,3,1,0,1,9,10,11,1,0,2,0,1,0,133472,0.754,2.062,0.051
97,3.38,0.002,0,0.126,0.068,0,0,,0,,,,0,,,,,1004,1004,0,2,3,0,3,3,1,0,1,9,10,11,1,0,2,0,1,0,133472,0.762,1.836,0.025
98,6.082,1.359,0.001,0.12,0.844,0,0,,0,,,,0,,,,,1004,1004,0,2,3,0,3,3,1,0,1,9,10,11,1,0,2,0,1,0,133472,0.93,2.039,0.043
99,2.325,0.001,0,0.061,0.058,0,0,,0,,,,0,,,,,1004,1004,0,2,3,0,3,3,1,0,1,9,10,11,1,0,2,0,1,0,133472,0.503,1.296,0.02
100,3.349,0.001,0,0.076,0.107,0,0,,0,,,,0,,,,,1004,1004,0,2,3,0,3,3,1,0,1,9,10,11,1,0,2,0,1,0,133472,0.65,1.978,0.036
101,3.401,0.002,0,0.1,0.094,0,0,,0,,,,0,,,,,1004,1004,0,2,3,0,3,3,1,0,1,9,10,11,1,0,2,0,1,0,133472,0.759,1.801,0.027
102,3.231,0.001,0.001,0.087,0.057,0,0,,0,,,,0,,,,,1004,1004,0,2,3,0,3,3,1,0,1,9,10,11,1,0,2,0,1,0,133472,0.679,1.915,0.02
103,7.218,4.96,0.001,0.069,0.058,0,0,,0,,,,0,,,,,1004,1004,0,2,3,0,3,3,1,0,1,9,10,11,1,0,2,0,1,0,133472,0.412,1.33,0.022
104,9.685,6.69,0,0.069,0.068,0,0,,0,,,,0,,,,,1004,1004,0,2,3,0,3,3,1,0,1,9,10,11,1,0,2,0,1,0,133472,0.57,1.785,0.029
105,6.494,4.337,0,0.063,0.055,0,0,,0,,,,0,,,,,1004,1004,0,2,3,0,3,3,1,0,1,9,10,11,1,0,2,0,1,0,133472,0.457,1.196,0.021
106,2.626,0,0.001,0.059,0.062,0,0,,0,,,,0,,,,,1004,1004,0,2,3,0,3,3,1,0,1,9,10,11,1,0,2,0,1,0,133472,0.523,1.551,0.029
107,3.659,0.599,0.001,0.093,0.085,0,0,,0,,,,0,,,,,1004,1004,0,2,3,0,3,3,1,0,1,9,10,11,1,0,2,0,1,0,133472,0.755,1.546,0.025
108,4.684,2.726,0.001,0.066,0.05,0,0,,0,,,,0,,,,,1004,1004,0,2,3,0,3,3,1,0,1,9,10,11,1,0,2,0,1,0,133472,0.438,1.042,0.017
109,2.168,0.001,0,0.055,0.037,0,0,,0,,,,0,,,,,1004,1004,0,2,3,0,3,3,1,0,1,9,10,11,1,0,2,0,1,0,133472,0.552,1.227,0.017
110,2.295,0.284,0,0.064,0.039,0,0,,0,,,,0,,,,,1004,1004,0,2,3,0,3,3,1,0,1,9,10,11,1,0,2,0,1,0,133472,0.431,1.161,0.015
111,2.739,0.149,0,0.08,0.062,0,0,,0,,,,0,,,,,1004,1004,0,2,3,0,3,3,1,0,1,9,10,11,1,0,2,0,1,0,133472,0.579,1.427,0.016
112,3.464,0.001,0.001,0.103,0.06,0,0,,0,,,,0,,,,,1004,1004,0,2,3,0,3,3,1,0,1,9,10,11,1,0,2,0,1,0,133472,0.881,1.873,0.031
113,6.345,3.612,0,0.104,0.053,0,0,,0,,,,0,,,,,1004,1004,0,2,3,0,3,3,1,0,1,9,10,11,1,0,2,0,1,0,133472,0.606,1.46,0.022
114,8.9,5.531,0,0.068,0.107,0,0,,0,,,,0,,,,,1004,1004,0,2,3,0,3,3,1,0,1,9,10,11,1,0,2,0,1,0,133472,0.464,2.224,0.037
115,4.555,0.002,0,0.107,0.1,0,0,,0,,,,0,,,,,1004,1004,0,2,3,0,3,3,1,0,1,9,10,11,1,0,2,0,1,0,133472,0.742,2.464,0.034
116,4.713,2.723,0,0.065,0.051,0,0,,0,,,,0,,,,,1004,1004,0,2,3,0,3,3,1,0,1,9,10,11,1,0,2,0,1,0,133472,0.484,1.033,0.014
117,4.768,1.997,0.001,0.073,0.096,0,0,,0,,,,0,,,,,1004,1004,0,2,3,0,3,3,1,0,1,9,10,11,1,0,2,0,1,0,133472,0.67,1.461,0.023
118,3.911,0.019,0.001,0.087,0.088,0,0,,0,,,,0,,,,,1004,1004,0,2,3,0,3,3,1,0,1,9,10,11,1,0,2,0,1,0,133472,1.097,1.811,0.046
119,3,0.002,0.001,0.123,0.061,0,0,,0,,,,0,,,,,1004,1004,0,2,3,0,3,3,1,0,1,9,10,11,1,0,2,0,1,0,133472,0.626,1.653,0.024
120,3.942,1.229,0,0.079,0.053,0,0,,1,406.25,231841792,288886784,1,71217344,71217344,167755776,38823561584,1004,1004,0,2,3,0,3,3,1,0,1,9,10,11,1,0,2,0,1,0,133472,0.656,1.45,0.018
121,8.182,4.472,0,0.079,0.098,0,0,,0,,,,0,,,,,1004,1004,0,2,3,0,3,3,1,0,1,9,10,11,1,0,2,0,1,0,133472,0.51,2.402,0.035
122,3.551,0.001,0,0.086,0.052,0,0,,0,,,,0,,,,,1004,1004,0,2,3,0,3,3,1,0,1,9,10,11,1,0,2,0,1,0,133472,1.165,1.728,0.023
123,12.78,8.939,0.001,0.126,0.088,0,0,,0,,,,0,,,,,1004,1004,0,2,3,0,3,3,1,0,1,9,10,11,1,0,2,0,1,0,133472,0.8,2.193,0.032
124,3.126,0.001,0.001,0.092,0.065,0,0,,0,,,,0,,,,,1004,1004,0,2,3,0,3,3,1,0,1,9,10,11,1,0,2,0,1,0,133472,0.669,1.781,0.024
125,3.859,1.646,0.001,0.064,0.052,0,0,,0,,,,0,,,,,1004,1004,0,2,3,0,3,3,1,0,1,9,10,11,1,0,2,0,1,0,133472,0.479,1.248,0.016
126,3.258,0.803,0.001,0.062,0.066,0,0,,0,,,,0,,,,,1004,1004,0,2,3,0,3,3,1,0,1,9,10,11,1,0,2,0,1,0,133472,0.519,1.418,0.018
127,2.47,0.001,0,0.071,0.044,0,0,,0,,,,0,,,,,1004,1004,0,2,3,0,3,3,1,0,1,9,10,11,1,0,2,0,1,0,133472,0.515,1.49,0.014
128,3.03,0.001,0.001,0.068,0.086,0,0,,0,,,,0,,,,,1004,1004,0,2,3,0,3,3,1,0,1,9,10,11,1,0,2,0,1,0,133472,0.546,1.866,0.031
129,3.512,0.001,0.001,0.086,0.088,0,0,,0,,,,0,,,,,1004,1004,0,2,3,0,3,3,1,0,1,9,10,11,1,0,2,0,1,0,133472,0.732,2.03,0.039
130,6.345,3.354,0.001,0.141,0.079,0,0,,0,,,,0,,,,,1004,1004,0,2,3,0,3,3,1,0,1,9,10,11,1,0,2,0,1,0,133472,0.695,1.489,0.02
131,3.127,0.83,0.001,0.055,0.061,0,0,,0,,,,0,,,,,1004,1004,0,2,3,0,3,3,1,0,1,9,10,11,1,0,2,0,1,0,133472,0.54,1.271,0.019
132,3.983,0.742,0.001,0.14,0.073,0,0,,0,,,,0,,,,,1004,1004,0,2,3,0,3,3,1,0,1,9,10,11,1,0,2,0,1,0,133472,0.591,1.885,0.027
133,2.744,0.001,0.001,0.097,0.036,0,0,,0,,,,0,,,,,1004,1004,0,2,3,0,3,3,1,0,1,9,10,11,1,0,2,0,1,0,133472,0.623,1.525,0.024
134,8.48,6.188,0,0.074,0.053,0,0,,0,,,,0,,,,,1004,1004,0,2,3,0,3,3,1,0,1,9,10,11,1,0,2,0,1,0,133472,0.445,1.333,0.02
135,2.065,0.001,0,0.055,0.037,0,0,,0,,,,0,,,,,1004,1004,0,2,3,0,3,3,1,0,1,9,10,11,1,0,2,0,1,0,133472,0.492,1.156,0.015
136,2.959,0.265,0.001,0.052,0.073,0,0,,0,,,,0,,,,,1004,1004,0,2,3,0,3,3,1,0,1,9,10,11,1,0,2,0,1,0,133472,0.46,1.691,0.028
137,4.278,1.991,0,0.074,0.054,0,0,,0,,,,0,,,,,1004,1004,0,2,3,0,3,3,1,0,1,9,10,11,1,0,2,0,1,0,133472,0.473,1.255,0.023
138,13.407,10.23,0.001,0.065,0.089,0,0,,0,,,,0,,,,,1004,1004,0,2,3,0,3,3,1,0,1,9,10,11,1,0,2,0,1,0,133472,0.636,1.897,0.033
139,2.451,0.002,0.001,0.133,0.046,0,0,,0,,,,0,,,,,1004,1004,0,2,3,0,3,3,1,0,1,9,10,11,1,0,2,0,1,0,133472,0.616,1.182,0.016
140,3.783,1.518,0.001,0.064,0.084,0,0,,0,,,,0,,,,,1004,1004,0,2,3,0,3,3,1,0,1,9,10,11,1,0,2,0,1,0,133472,0.483,1.218,0.02
141,2.24,0.001,0,0.055,0.045,0,0,,0,,,,0,,,,,1004,1004,0,2,3,0,3,3,1,0,1,9,10,11,1,0,2,0,1,0,133472,0.499,1.335,0.015
142,1.826,0,0,0.061,0.031,0,0,,0,,,,0,,,,,1004,1004,0,2,3,0,3,3,1,0,1,9,10,11,1,0,2,0,1,0,133472,0.409,1.055,0.009
143,1.801,0,0,0.037,0.028,0,0,,0,,,,0,,,,,1004,1004,0,2,3,0,3,3,1,0,1,9,10,11,1,0,2,0,1,0,133472,0.411,1.089,0.009
144,3.262,0.726,0,0.062,0.075,0,0,,0,,,,0,,,,,1004,1004,0,2,3,0,3,3,1,0,1,9,10,11,1,0,2,0,1,0,133472,0.388,1.615,0.026
145,2.768,0.001,0.001,0.111,0.042,0,0,,0,,,,0,,,,,1004,1004,0,2,3,0,3,3,1,0,1,9,10,11,1,0,2,0,1,0,133472,0.686,1.403,0.026
146,6.225,3.508,0,0.053,0.061,0,0,,0,,,,0,,,,,1004,1004,0,2,3,0,3,3,1,0,1,9,10,11,1,0,2,0,1,0,133472,0.439,1.768,0.023
147,2.186,0.012,0,0.063,0.034,0,0,,0,,,,0,,,,,1004,1004,0,2,3,0,3,3,1,0,1,9,10,11,1,0,2,0,1,0,133472,0.514,1.246,0.013
148,2.736,0.406,0,0.095,0.066,0,0,,0,,,,0,,,,,1004,1004,0,2,3,0,3,3,1,0,1,9,10,11,1,0,2,0,1,0,133472,0.438,1.328,0.018
149,3.098,0.001,0,0.064,0.082,0,0,,0,,,,0,,,,,1004,1004,0,2,3,0,3,3,1,0,1,9,10,11,1,0,2,0,1,0,133472,0.488,1.79,0.025
150,3.292,0.002,0.001,0.087,0.057,0,0,,1,500,231849984,288886784,1,71217344,71217344,167755776,38823561584,1004,1004,0,2,3,0,3,3,1,0,1,9,10,11,1,0,2,0,1,0,133472,0.722,1.887,0.028
151,5.845,3.197,0,0.085,0.071,0,0,,0,,,,0,,,,,1004,1004,0,2,3,0,3,3,1,0,1,9,10,11,1,0,2,0,1,0,133472,0.574,1.366,0.023
152,3.182,0.001,0,0.061,0.054,0,0,,0,,,,0,,,,,1004,1004,0,2,3,0,3,3,1,0,1,9,10,11,1,0,2,0,1,0,133472,0.677,1.882,0.016
153,3.628,0,0.001,0.068,0.099,0,0,,0,,,,0,,,,,1004,1004,0,2,3,0,3,3,1,0,1,9,10,11,1,0,2,0,1,0,133472,0.599,2.145,0.031
154,3.477,0.295,0,0.068,0.077,0,0,,0,,,,0,,,,,1004,1004,0,2,3,0,3,3,1,0,1,9,10,11,1,0,2,0,1,0,133472,0.493,2.119,0.027
155,22.598,19.773,0.001,0.089,0.065,0,0,,0,,,,0,,,,,1004,1004,0,2,3,0,3,3,1,0,1,9,10,11,1,0,2,0,1,0,133472,0.59,1.517,0.025
156,16.048,13.728,0.001,0.073,0.064,0,0,,0,,,,0,,,,,1004,1004,0,2,3,0,3,3,1,0,1,9,10,11,1,0,2,0,1,0,133472,0.457,1.206,0.024
157,13.403,10.886,0,0.071,0.061,0,0,,0,,,,0,,,,,1004,1004,0,2,3,0,3,3,1,0,1,9,10,11,1,0,2,0,1,0,133472,0.485,1.386,0.023
158,2.04,0.001,0,0.061,0.032,0,0,,0,,,,0,,,,,1004,1004,0,2,3,0,3,3,1,0,1,9,10,11,1,0,2,0,1,0,133472,0.466,1.163,0.015
159,5.14,3.161,0.001,0.118,0.044,0,0,,0,,,,0,,,,,1004,1004,0,2,3,0,3,3,1,0,1,9,10,11,1,0,2,0,1,0,133472,0.388,1.045,0.03
160,2.238,0.001,0,0.078,0.045,0,0,,0,,,,0,,,,,1004,1004,0,2,3,0,3,3,1,0,1,9,10,11,1,0,2,0,1,0,133472,0.544,1.234,0.018
161,6.341,3.71,0.001,0.09,0.053,0,0,,0,,,,0,,,,,1004,1004,0,2,3,0,3,3,1,0,1,9,10,11,1,0,2,0,1,0,133472,0.624,1.322,0.022
162,4.766,2.893,0,0.065,0.035,0,0,,0,,,,0,,,,,1004,1004,0,2,3,0,3,3,1,0,1,9,10,11,1,0,2,0,1,0,133472,0.4,1.032,0.014
163,4.36,2.474,0,0.047,0.032,0,0,,0,,,,0,,,,,1004,1004,0,2,3,0,3,3,1,0,1,9,10,11,1,0,2,0,1,0,133472,0.429,1.08,0.013
164,6.775,4.198,0.001,0.092,0.052,0,0,,0,,,,0,,,,,1004,1004,0,2,3,0,3,3,1,0,1,9,10,11,1,0,2,0,1,0,133472,0.612,1.342,0.019
165,4.684,2.371,0,0.068,0.052,0,0,,0,,,,0,,,,,1004,1004,0,2,3,0,3,3,1,0,1,9,10,11,1,0,2,0,1,0,133472,0.528,1.256,0.024
166,5.408,3.481,0,0.049,0.034,0,0,,0,,,,0,,,,,1004,1004,0,2,3,0,3,3,1,0,1,9,10,11,1,0,2,0,1,0,133472,0.406,1.114,0.018
167,4.668,0.852,0,0.072,0.059,0,0,,0,,,,0,,,,,1004,1004,0,2,3,0,3,3,1,0,1,9,10,11,1,0,2,0,1,0,133472,0.852,2.23,0.028
168,3.139,0.001,0.001,0.068,0.075,0,0,,0,,,,0,,,,,1004,1004,0,2,3,0,3,3,1,0,1,9,10,11,1,0,2,0,1,0,133472,0.724,1.795,0.03
169,13.466,11.124,0,0.081,0.066,0,0,,0,,,,0,,,,,1004,1004,0,2,3,0,3,3,1,0,1,9,10,11,1,0,2,0,1,0,133472,0.511,1.229,0.017
170,2.371,0.249,0.001,0.068,0.031,0,0,,0,,,,0,,,,,1004,1004,0,2,3,0,3,3,1,0,1,9,10,11,1,0,2,0,1,0,133472,0.515,1.084,0.02
171,12.04,8.741,0,0.134,0.075,0,0,,0,,,,0,,,,,1004,1004,0,2,3,0,3,3,1,0,1,9,10,11,1,0,2,0,1,0,133472,0.602,1.947,0.035
172,17.054,12.612,0.001,0.097,0.088,0,0,,0,,,,0,,,,,1004,1004,0,2,3,0,3,3,1,0,1,9,10,11,1,0,2,0,1,0,133472,1.107,2.266,0.034
173,24.429,21.803,0,0.095,0.066,0,0,,0,,,,0,,,,,1004,1004,0,2,3,0,3,3,1,0,1,9,10,11,1,0,2,0,1,0,133472,0.515,1.407,0.031
174,4.216,1.743,0,0.065,0.061,0,0,,0,,,,0,,,,,1004,1004,0,2,3,0,3,3,1,0,1,9,10,11,1,0,2,0,1,0,133472,0.484,1.437,0.021
175,3.542,0.67,0,0.082,0.086,0,0,,0,,,,0,,,,,1004,1004,0,2,3,0,3,3,1,0,1,9,10,11,1,0,2,0,1,0,133472,0.495,1.609,0.028
176,8.544,5.627,0.001,0.094,0.065,0,0,,0,,,,0,,,,,1004,1004,0,2,3,0,3,3,1,0,1,9,10,11,1,0,2,0,1,0,133472,0.643,1.533,0.03
177,11.384,8.318,0.001,0.101,0.076,0,0,,0,,,,0,,,,,1004,1004,0,2,3,0,3,3,1,0,1,9,10,11,1,0,2,0,1,0,133472,0.691,1.578,0.029
178,3.856,0.824,0.001,0.09,0.073,0,0,,0,,,,0,,,,,1004,1004,0,2,3,0,3,3,1,0,1,9,10,11,1,0,2,0,1,0,133472,0.65,1.69,0.025
179,13.776,10.627,0.001,0.119,0.076,0,0,,0,,,,0,,,,,1004,1004,0,2,3,0,3,3,1,0,1,9,10,11,1,0,2,0,1,0,133472,0.76,1.595,0.028
180,28.521,25.72,0.001,0.073,0.136,0,0,,1,593.75,231858176,288886784,1,71217344,71217344,167755776,38823561584,1004,1004,0,2,3,0,3,3,1,0,1,9,10,11,1,0,2,0,1,0,133472,0.479,1.403,0.035
181,3.162,0.002,0.001,0.105,0.073,0,0,,0,,,,0,,,,,1004,1004,0,2,3,0,3,3,1,0,1,9,10,11,1,0,2,0,1,0,133472,0.541,1.838,0.058
182,4.288,1.617,0.001,0.067,0.064,0,0,,0,,,,0,,,,,1004,1004,0,2,3,0,3,3,1,0,1,9,10,11,1,0,2,0,1,0,133472,0.561,1.507,0.022
183,15.649,12.466,0.001,0.111,0.092,0,0,,0,,,,0,,,,,1004,1004,0,2,3,0,3,3,1,0,1,9,10,11,1,0,2,0,1,0,133472,0.615,1.783,0.025
184,3.278,0.433,0,0.084,0.07,0,0,,0,,,,0,,,,,1004,1004,0,2,3,0,3,3,1,0,1,9,10,11,1,0,2,0,1,0,133472,0.665,1.514,0.021
185,5.403,3.07,0,0.069,0.064,0,0,,0,,,,0,,,,,1004,1004,0,2,3,0,3,3,1,0,1,9,10,11,1,0,2,0,1,0,133472,0.531,1.262,0.017
186,3.595,1.277,0.001,0.074,0.058,0,0,,0,,,,0,,,,,1004,1004,0,2,3,0,3,3,1,0,1,9,10,11,1,0,2,0,1,0,133472,0.53,1.231,0.019
187,19.862,17.061,0.001,0.089,0.08,0,0,,0,,,,0,,,,,1004,1004,0,2,3,0,3,3,1,0,1,9,10,11,1,0,2,0,1,0,133472,0.625,1.38,0.024
188,12.729,9.961,0.001,0.079,0.068,0,0,,0,,,,0,,,,,1004,1004,0,2,3,0,3,3,1,0,1,9,10,11,1,0,2,0,1,0,133472,0.644,1.448,0.025
189,4.244,1.438,0.001,0.064,0.081,0,0,,0,,,,0,,,,,1004,1004,0,2,3,0,3,3,1,0,1,9,10,11,1,0,2,0,1,0,133472,0.522,1.661,0.035
190,30.484,27.321,0.001,0.081,0.079,0,0,,0,,,,0,,,,,1004,1004,0,2,3,0,3,3,1,0,1,9,10,11,1,0,2,0,1,0,133472,0.677,1.742,0.026
191,2.638,0.062,0,0.075,0.052,0,0,,0,,,,0,,,,,1004,1004,0,2,3,0,3,3,1,0,1,9,10,11,1,0,2,0,1,0,133472,0.563,1.405,0.021
192,9.588,7.376,0.001,0.062,0.038,0,0,,0,,,,0,,,,,1004,1004,0,2,3,0,3,3,1,0,1,9,10,11,1,0,2,0,1,0,133472,0.44,1.242,0.026
193,12.507,9.444,0.001,0.079,0.065,0,0,,0,,,,0,,,,,1004,1004,0,2,3,0,3,3,1,0,1,9,10,11,1,0,2,0,1,0,133472,0.683,1.712,0.023
194,5.905,3.097,0.001,0.068,0.08,0,0,,0,,,,0,,,,,1004,1004,0,2,3,0,3,3,1,0,1,9,10,11,1,0,2,0,1,0,133472,0.505,1.685,0.03
195,7.692,3.546,0.001,0.076,0.127,0,0,,0,,,,0,,,,,1004,1004,0,2,3,0,3,3,1,0,1,9,10,11,1,0,2,0,1,0,133472,1.04,2.365,0.036
196,15.407,11.291,0.001,0.121,0.128,0,0,,0,,,,0,,,,,1004,1004,0,2,3,0,3,3,1,0,1,9,10,11,1,0,2,0,1,0,133472,0.857,2.275,0.03
197,3.723,0.001,0.001,0.113,0.027,0,0,,0,,,,0,,,,,1004,1004,0,2,3,0,3,3,1,0,1,9,10,11,1,0,2,0,1,0,133472,0.867,2.197,0.012
198,5.641,3.376,0,0.067,0.073,0,0,,0,,,,0,,,,,1004,1004,0,2,3,0,3,3,1,0,1,9,10,11,1,0,2,0,1,0,133472,0.426,1.318,0.017
199,3.322,0.001,0,0.092,0.049,0,0,,0,,,,0,,,,,1004,1004,0,2,3,0,3,3,1,0,1,9,10,11,1,0,2,0,1,0,133472,0.83,1.852,0.021
200,4.225,2.041,0,0.061,0.05,0,0,,0,,,,0,,,,,1004,1004,0,2,3,0,3,3,1,0,1,9,10,11,1,0,2,0,1,0,133472,0.495,1.197,0.019
201,2.133,0.001,0,0.042,0.027,0,0,,0,,,,0,,,,,1004,1004,0,2,3,0,3,3,1,0,1,9,10,11,1,0,2,0,1,0,133472,0.44,1.344,0.011
202,16.72,13.789,0.001,0.123,0.072,0,0,,0,,,,0,,,,,1004,1004,0,2,3,0,3,3,1,0,1,9,10,11,1,0,2,0,1,0,133472,0.639,1.514,0.02
203,5.296,2.872,0.001,0.06,0.062,0,0,,0,,,,0,,,,,1004,1004,0,2,3,0,3,3,1,0,1,9,10,11,1,0,2,0,1,0,133472,0.438,1.485,0.02
204,4.878,2.462,0,0.062,0.073,0,0,,0,,,,0,,,,,1004,1004,0,2,3,0,3,3,1,0,1,9,10,11,1,0,2,0,1,0,133472,0.514,1.347,0.041
205,5.955,3.85,0,0.069,0.038,0,0,,0,,,,0,,,,,1004,1004,0,2,3,0,3,3,1,0,1,9,10,11,1,0,2,0,1,0,133472,0.521,1.116,0.014
206,24.065,21.5,0,0.07,0.096,0,0,,0,,,,0,,,,,1004,1004,0,2,3,0,3,3,1,0,1,9,10,11,1,0,2,0,1,0,133472,0.437,1.38,0.022
207,5.757,2.382,0.001,0.089,0.096,0,0,,0,,,,0,,,,,1004,1004,0,2,3,0,3,3,1,0,1,9,10,11,1,0,2,0,1,0,133472,0.661,1.84,0.037
208,2.921,0.001,0.001,0.116,0.04,0,0,,0,,,,0,,,,,1004,1004,0,2,3,0,3,3,1,0,1,9,10,11,1,0,2,0,1,0,133472,0.707,1.42,0.019
209,9.726,6.492,0.001,0.086,0.062,0,0,,0,,,,0,,,,,1004,1004,0,2,3,0,3,3,1,0,1,9,10,11,1,0,2,0,1,0,133472,0.695,1.822,0.032
210,18.831,16.015,0.001,0.134,0.064,0,0,,1,625,231866368,288886784,1,71217344,71217344,167755776,38823561584,1004,1004,0,2,3,0,3,3,1,0,1,9,10,11,1,0,2,0,1,0,133472,0.665,1.362,0.02
211,3.368,1.326,0,0.165,0.045,0,0,,0,,,,0,,,,,1004,1004,0,2,3,0,3,3,1,0,1,9,10,11,1,0,2,0,1,0,133472,0.415,1.043,0.012
212,2.136,0,0,0.043,0.077,0,0,,0,,,,0,,,,,1004,1004,0,2,3,0,3,3,1,0,1,9,10,11,1,0,2,0,1,0,133472,0.427,1.231,0.029
213,5.277,1.027,0,0.112,0.094,0,0,,0,,,,0,,,,,1004,1004,0,2,3,0,3,3,1,0,1,9,10,11,1,0,2,0,1,0,133472,0.996,2.359,0.03
214,2.916,0.001,0,0.113,0.059,0,0,,0,,,,0,,,,,1004,1004,0,2,3,0,3,3,1,0,1,9,10,11,1,0,2,0,1,0,133472,0.553,1.694,0.022
215,4.986,2.03,0.001,0.187,0.09,0,0,,0,,,,0,,,,,1004,1004,0,2,3,0,3,3,1,0,1,9,10,11,1,0,2,0,1,0,133472,0.403,1.767,0.031
216,8.551,5.773,0.001,0.059,0.092,0,0,,0,,,,0,,,,,1004,1004,0,2,3,0,3,3,1,0,1,9,10,11,1,0,2,0,1,0,133472,0.415,1.784,0.038
217,7.418,4.903,0.001,0.097,0.082,0,0,,0,,,,0,,,,,1004,1004,0,2,3,0,3,3,1,0,1,9,10,11,1,0,2,0,1,0,133472,0.573,1.212,0.021
218,2.46,0.001,0,0.058,0.039,0,0,,0,,,,0,,,,,1004,1004,0,2,3,0,3,3,1,0,1,9,10,11,1,0,2,0,1,0,133472,0.53,1.439,0.035
219,6.675,4.583,0,0.056,0.056,0,0,,0,,,,0,,,,,1004,1004,0,2,3,0,3,3,1,0,1,9,10,11,1,0,2,0,1,0,133472,0.413,1.214,0.019
220,3.479,0.384,0.001,0.065,0.065,0,0,,0,,,,0,,,,,1004,1004,0,2,3,0,3,3,1,0,1,9,10,11,1,0,2,0,1,0,133472,0.627,1.838,0.032
221,2.465,0.001,0,0.094,0.037,0,0,,0,,,,0,,,,,1004,1004,0,2,3,0,3,3,1,0,1,9,10,11,1,0,2,0,1,0,133472,0.597,1.367,0.013
222,3.916,1.866,0.001,0.088,0.041,0,0,,0,,,,0,,,,,1004,1004,0,2,3,0,3,3,1,0,1,9,10,11,1,0,2,0,1,0,133472,0.432,1.096,0.014
223,4.181,2.238,0.001,0.057,0.06,0,0,,0,,,,0,,,,,1004,1004,0,2,3,0,3,3,1,0,1,9,10,11,1,0,2,0,1,0,133472,0.381,1.102,0.019
224,2,0,0,0.089,0.032,0,0,,0,,,,0,,,,,1004,1004,0,2,3,0,3,3,1,0,1,9,10,11,1,0,2,0,1,0,133472,0.398,1.188,0.012
225,2.299,0,0,0.05,0.208,0,0,,0,,,,0,,,,,1004,1004,0,2,3,0,3,3,1,0,1,9,10,11,1,0,2,0,1,0,133472,0.432,1.25,0.016
226,3.381,0.002,0,0.148,0.051,0,0,,0,,,,0,,,,,1004,1004,0,2,3,0,3,3,1,0,1,9,10,11,1,0,2,0,1,0,133472,1.216,1.215,0.018
227,1.856,0.001,0.001,0.07,0.037,0,0,,0,,,,0,,,,,1004,1004,0,2,3,0,3,3,1,0,1,9,10,11,1,0,2,0,1,0,133472,0.391,1.067,0.012
228,3.426,1.554,0.001,0.084,0.038,0,0,,0,,,,0,,,,,1004,1004,0,2,3,0,3,3,1,0,1,9,10,11,1,0,2,0,1,0,133472,0.431,1.021,0.01
229,4.07,2.183,0,0.057,0.037,0,0,,0,,,,0,,,,,1004,1004,0,2,3,0,3,3,1,0,1,9,10,11,1,0,2,0,1,0,133472,0.393,1.089,0.015
230,1.785,0.001,0,0.037,0.032,0,0,,0,,,,0,,,,,1004,1004,0,2,3,0,3,3,1,0,1,9,10,11,1,0,2,0,1,0,133472,0.399,1.072,0.011
231,3.74,0.596,0,0.098,0.051,0,0,,0,,,,0,,,,,1004,1004,0,2,3,0,3,3,1,0,1,9,10,11,1,0,2,0,1,0,133472,0.907,1.456,0.021
232,3.424,0.002,0,0.072,0.087,0,0,,0,,,,0,,,,,1004,1004,0,2,3,0,3,3,1,0,1,9,10,11,1,0,2,0,1,0,133472,0.449,2.406,0.03
233,6.149,2.565,0,0.101,0.051,0,0,,0,,,,0,,,,,1004,1004,0,2,3,0,3,3,1,0,1,9,10,11,1,0,2,0,1,0,133472,0.905,1.939,0.014
234,2.3,0.001,0,0.05,0.035,0,0,,0,,,,0,,,,,1004,1004,0,2,3,0,3,3,1,0,1,9,10,11,1,0,2,0,1,0,133472,0.513,1.384,0.011
235,2.299,0,0,0.05,0.036,0,0,,0,,,,0,,,,,1004,1004,0,2,3,0,3,3,1,0,1,9,10,11,1,0,2,0,1,0,133472,0.51,1.378,0.011
236,3.507,0,0,0.063,0.082,0,0,,0,,,,0,,,,,1004,1004,0,2,3,0,3,3,1,0,1,9,10,11,1,0,2,0,1,0,133472,1.198,1.607,0.03
237,2.502,0.001,0.001,0.088,0.035,0,0,,0,,,,0,,,,,1004,1004,0,2,3,0,3,3,1,0,1,9,10,11,1,0,2,0,1,0,133472,0.614,1.335,0.011
238,1.825,0.304,0.001,0.051,0.031,0,0,,0,,,,0,,,,,1004,1004,0,2,3,0,3,3,1,0,1,9,10,11,1,0,2,0,1,0,133472,0.392,0.8,0.007
239,1.445,0.023,0,0.036,0.023,0,0,,0,,,,0,,,,,1004,1004,0,2,3,0,3,3,1,0,1,9,10,11,1,0,2,0,1,0,133472,0.356,0.816,0.005
240,1.582,0.135,0.001,0.038,0.027,0,0,,1,687.5,231874560,288886784,1,71217344,71217344,167755776,38823561584,1004,1004,0,2,3,0,3,3,1,0,1,9,10,11,1,0,2,0,1,0,133472,0.364,0.83,0.004
241,1.476,0.001,0,0.037,0.023,0,0,,0,,,,0,,,,,1004,1004,0,2,3,0,3,3,1,0,1,9,10,11,1,0,2,0,1,0,133472,0.372,0.865,0.005
242,2.4,0,0.001,0.035,0.069,0,0,,0,,,,0,,,,,1004,1004,0,2,3,0,3,3,1,0,1,9,10,11,1,0,2,0,1,0,133472,0.377,1.617,0.038
243,3.553,0.001,0.001,0.199,0.093,0,0,,0,,,,0,,,,,1004,1004,0,2,3,0,3,3,1,0,1,9,10,11,1,0,2,0,1,0,133472,0.588,2.137,0.03
244,3.741,0.002,0.002,0.108,0.072,0,0,,0,,,,0,,,,,1004,1004,0,2,3,0,3,3,1,0,1,9,10,11,1,0,2,0,1,0,133472,1.171,1.844,0.024
245,2.676,0.195,0,0.06,0.113,0,0,,0,,,,0,,,,,1004,1004,0,2,3,0,3,3,1,0,1,9,10,11,1,0,2,0,1,0,133472,0.423,1.364,0.039
246,3.903,0.001,0,0.102,0.053,0,0,,0,,,,0,,,,,1004,1004,0,2,3,0,3,3,1,0,1,9,10,11,1,0,2,0,1,0,133472,1.008,2.29,0.023
247,4.334,0,0,0.09,0.064,0,0,,0,,,,0,,,,,1004,1004,0,2,3,0,3,3,1,0,1,9,10,11,1,0,2,0,1,0,133472,0.912,2.861,0.022
248,3.821,0.001,0,0.078,0.064,0,0,,0,,,,0,,,,,1004,1004,0,2,3,0,3,3,1,0,1,9,10,11,1,0,2,0,1,0,133472,1.487,1.672,0.025
249,2.314,0.001,0,0.067,0.035,0,0,,0,,,,0,,,,,1004,1004,0,2,3,0,3,3,1,0,1,9,10,11,1,0,2,0,1,0,133472,0.542,1.307,0.011
250,6.396,4.39,0,0.07,0.054,0,0,,0,,,,0,,,,,1004,1004,0,2,3,0,3,3,1,0,1,9,10,11,1,0,2,0,1,0,133472,0.392,1.16,0.012
251,1.821,0.001,0,0.049,0.031,0,0,,0,,,,0,,,,,1004,1004,0,2,3,0,3,3,1,0,1,9,10,11,1,0,2,0,1,0,133472,0.446,1.055,0.011
252,3.51,1.07,0.001,0.056,0.082,0,0,,0,,,,0,,,,,1004,1004,0,2,3,0,3,3,1,0,1,9,10,11,1,0,2,0,1,0,133472,0.399,1.478,0.021
253,3.459,0.524,0,0.064,0.044,0,0,,0,,,,0,,,,,1004,1004,0,2,3,0,3,3,1,0,1,9,10,11,1,0,2,0,1,0,133472,1.24,1.196,0.023
254,6.379,4.473,0,0.139,0.048,0,0,,0,,,,0,,,,,1004,1004,0,2,3,0,3,3,1,0,1,9,10,11,1,0,2,0,1,0,133472,0.434,0.997,0.011
255,2.719,0.941,0.001,0.057,0.056,0,0,,0,,,,0,,,,,1004,1004,0,2,3,0,3,3,1,0,1,9,10,11,1,0,2,0,1,0,133472,0.381,0.992,0.01
256,2.674,0.214,0,0.039,0.053,0,0,,0,,,,0,,,,,1004,1004,0,2,3,0,3,3,1,0,1,9,10,11,1,0,2,0,1,0,133472,0.434,1.624,0.013
257,3.588,0,0,0.081,0.055,0,0,,0,,,,0,,,,,1004,1004,0,2,3,0,3,3,1,0,1,9,10,11,1,0,2,0,1,0,133472,0.779,2.085,0.026
258,4.038,1.186,0,0.06,0.051,0,0,,0,,,,0,,,,,1004,1004,0,2,3,0,3,3,1,0,1,9,10,11,1,0,2,0,1,0,133472,0.746,1.496,0.018
259,1.847,0.001,0,0.048,0.024,0,0,,0,,,,0,,,,,1004,1004,0,2,3,0,3,3,1,0,1,9,10,11,1,0,2,0,1,0,133472,0.522,0.993,0.008
260,2.354,0.838,0.001,0.058,0.036,0,0,,0,,,,0,,,,,1004,1004,0,2,3,0,3,3,1,0,1,9,10,11,1,0,2,0,1,0,133472,0.34,0.831,0.008
261,2.766,0.998,0,0.04,0.071,0,0,,0,,,,0,,,,,1004,1004,0,2,3,0,3,3,1,0,1,9,10,11,1,0,2,0,1,0,133472,0.384,0.997,0.011
262,3.208,0.176,0,0.069,0.065,0,0,,0,,,,0,,,,,1004,1004,0,2,3,0,3,3,1,0,1,9,10,11,1,0,2,0,1,0,133472,0.459,1.943,0.023
263,2.818,0.001,0,0.1,0.051,0,0,,0,,,,0,,,,,1004,1004,0,2,3,0,3,3,1,0,1,9,10,11,1,0,2,0,1,0,133472,0.519,1.717,0.021
264,6.12,4.387,0.001,0.049,0.046,0,0,,0,,,,0,,,,,1004,1004,0,2,3,0,3,3,1,0,1,9,10,11,1,0,2,0,1,0,133472,0.401,0.921,0.011
265,1.943,0.241,0.001,0.037,0.026,0,0,,0,,,,0,,,,,1004,1004,0,2,3,0,3,3,1,0,1,9,10,11,1,0,2,0,1,0,133472,0.384,0.983,0.009
266,2.934,0.871,0,0.053,0.038,0,0,,0,,,,0,,,,,1004,1004,0,2,3,0,3,3,1,0,1,9,10,11,1,0,2,0,1,0,133472,0.463,1.207,0.01
267,3.282,0.001,0,0.058,0.076,0,0,,0,,,,0,,,,,1004,1004,0,2,3,0,3,3,1,0,1,9,10,11,1,0,2,0,1,0,133472,0.748,1.968,0.025
268,2.329,0.001,0,0.057,0.034,0,0,,0,,,,0,,,,,1004,1004,0,2,3,0,3,3,1,0,1,9,10,11,1,0,2,0,1,0,133472,0.59,1.321,0.012
269,13.313,10.431,0,0.064,0.082,0,0,,0,,,,0,,,,,1004,1004,0,2,3,0,3,3,1,0,1,9,10,11,1,0,2,0,1,0,133472,0.445,1.833,0.026
270,2.662,0.001,0,0.093,0.056,0,0,,1,812.5,231882752,288886784,1,71217344,71217344,167755776,38823561584,1004,1004,0,2,3,0,3,3,1,0,1,9,10,11,1,0,2,0,1,0,133472,0.53,1.53,0.027
271,8.888,6.759,0,0.146,0.056,0,0,,0,,,,0,,,,,1004,1004,0,2,3,0,3,3,1,0,1,9,10,11,1,0,2,0,1,0,133472,0.378,1.251,0.013
272,2.07,0.001,0,0.04,0.033,0,0,,0,,,,0,,,,,1004,1004,0,2,3,0,3,3,1,0,1,9,10,11,1,0,2,0,1,0,133472,0.461,1.267,0.01
273,3.924,0,0,0.051,0.069,0,0,,0,,,,0,,,,,1004,1004,0,2,3,0,3,3,1,0,1,9,10,11,1,0,2,0,1,0,133472,1.097,2.224,0.029
274,2.819,0.001,0.001,0.08,0.061,0,0,,0,,,,0,,,,,1004,1004,0,2,3,0,3,3,1,0,1,9,10,11,1,0,2,0,1,0,133472,0.821,1.381,0.019
275,2.959,1.518,0,0.045,0.041,0,0,,0,,,,0,,,,,1004,1004,0,2,3,0,3,3,1,0,1,9,10,11,1,0,2,0,1,0,133472,0.321,0.792,0.007
276,3.305,1.445,0.001,0.066,0.082,0,0,,0,,,,0,,,,,1004,1004,0,2,3,0,3,3,1,0,1,9,10,11,1,0,2,0,1,0,133472,0.445,0.816,0.036
277,4.401,0.454,0,0.162,0.147,0,0,,0,,,,0,,,,,1004,1004,0,2,3,0,3,3,1,0,1,9,10,11,1,0,2,0,1,0,133472,0.758,2.371,0.024
278,3.154,0.001,0,0.211,0.075,0,0,,0,,,,0,,,,,1004,1004,0,2,3,0,3,3,1,0,1,9,10,11,1,0,2,0,1,0,133472,0.817,1.486,0.023
279,2.453,0.002,0,0.063,0.03,0,0,,0,,,,0,,,,,1004,1004,0,2,3,0,3,3,1,0,1,9,10,11,1,0,2,0,1,0,133472,0.577,1.429,0.014
280,9.723,7.626,0,0.097,0.386,0,0,,0,,,,0,,,,,1004,1004,0,2,3,0,3,3,1,0,1,9,10,11,1,0,2,0,1,0,133472,0.427,0.795,0.011
281,3.192,0.002,0,0.184,0.093,0,0,,0,,,,0,,,,,1004,1004,0,2,3,0,3,3,1,0,1,9,10,11,1,0,2,0,1,0,133472,0.538,1.658,0.021
282,3.97,0.002,0.001,0.101,0.088,0,0,,0,,,,0,,,,,1004,1004,0,2,3,0,3,3,1,0,1,9,10,11,1,0,2,0,1,0,133472,0.895,1.705,0.045
283,2.47,0.001,0.001,0.148,0.08,0,0,,0,,,,0,,,,,1004,1004,0,2,3,0,3,3,1,0,1,9,10,11,1,0,2,0,1,0,133472,0.59,1.271,0.011
284,2.715,0,0,0.047,0.036,0,0,,0,,,,0,,,,,1004,1004,0,2,3,0,3,3,1,0,1,9,10,11,1,0,2,0,1,0,133472,0.7,1.603,0.012
285,2.081,0.001,0,0.053,0.037,0,0,,0,,,,0,,,,,1004,1004,0,2,3,0,3,3,1,0,1,9,10,11,1,0,2,0,1,0,133472,0.519,1.188,0.012
286,2.298,0.001,0,0.052,0.041,0,0,,0,,,,0,,,,,1004,1004,0,2,3,0,3,3,1,0,1,9,10,11,1,0,2,0,1,0,133472,0.555,1.326,0.012
287,2.636,0,0,0.056,0.046,0,0,,0,,,,0,,,,,1004,1004,0,2,3,0,3,3,1,0,1,9,10,11,1,0,2,0,1,0,133472,0.499,1.675,0.03
288,3.004,0,0,0.085,0.045,0,0,,0,,,,0,,,,,1004,1004,0,2,3,0,3,3,1,0,1,9,10,11,1,0,2,0,1,0,133472,0.754,1.681,0.015
289,3.479,1.211,0,0.082,0.066,0,0,,0,,,,0,,,,,1004,1004,0,2,3,0,3,3,1,0,1,9,10,11,1,0,2,0,1,0,133472,0.543,1.153,0.015
290,2.886,0.002,0.001,0.102,0.049,0,0,,0,,,,0,,,,,1004,1004,0,2,3,0,3,3,1,0,1,9,10,11,1,0,2,0,1,0,133472,0.57,1.622,0.013
291,1.816,0,0,0.046,0.027,0,0,,0,,,,0,,,,,1004,1004,0,2,3,0,3,3,1,0,1,9,10,11,1,0,2,0,1,0,133472,0.424,1.062,0.009
292,5.263,1.684,0,0.081,0.49,0,0,,0,,,,0,,,,,1004,1004,0,2,3,0,3,3,1,0,1,9,10,11,1,0,2,0,1,0,133472,0.718,1.761,0.025
293,2.847,0.003,0,0.077,0.068,0,0,,0,,,,0,,,,,1004,1004,0,2,3,0,3,3,1,0,1,9,10,11,1,0,2,0,1,0,133472,0.64,1.558,0.021
294,7.298,4.571,0,0.081,0.063,0,0,,0,,,,0,,,,,1004,1004,0,2,3,0,3,3,1,0,1,9,10,11,1,0,2,0,1,0,133472,0.569,1.528,0.023
295,3.254,1.015,0,0.068,0.04,0,0,,0,,,,0,,,,,1004,1004,0,2,3,0,3,3,1,0,1,9,10,11,1,0,2,0,1,0,133472,0.604,1.16,0.015
296,7,4.801,0.001,0.064,0.054,0,0,,0,,,,0,,,,,1004,1004,0,2,3,0,3,3,1,0,1,9,10,11,1,0,2,0,1,0,133472,0.376,1.322,0.019
297,9.921,7.849,0,0.064,0.068,0,0,,0,,,,0,,,,,1004,1004,0,2,3,0,3,3,1,0,1,9,10,11,1,0,2,0,1,0,133472,0.453,1.018,0.017
298,6.029,3.021,0,0.09,0.079,0,0,,0,,,,0,,,,,1004,1004,0,2,3,0,3,3,1,0,1,9,10,11,1,0,2,0,1,0,133472,0.697,1.571,0.022
299,2.387,0.001,0.001,0.063,0.032,0,0,,0,,,,0,,,,,1004,1004,0,2,3,0,3,3,1,0,1,9,10,11,1,0,2,0,1,0,133472,0.683,1.241,0.01
300,2.092,0.001,0,0.045,0.031,0,0,,1,859.375,231923712,288886784,1,71217344,71217344,167755776,38823561584,1004,1004,0,2,3,0,3,3,1,0,1,9,10,11,1,0,2,0,1,0,133472,0.56,1.165,0.009
301,1.79,0.001,0,0.045,0.027,0,0,,0,,,,0,,,,,1004,1004,0,2,3,0,3,3,1,0,1,9,10,11,1,0,2,0,1,0,133472,0.458,0.977,0.007
302,1.704,0,0,0.035,0.023,0,0,,0,,,,0,,,,,1004,1004,0,2,3,0,3,3,1,0,1,9,10,11,1,0,2,0,1,0,133472,0.436,0.954,0.007
303,1.924,0,0,0.033,0.03,0,0,,0,,,,0,,,,,1004,1004,0,2,3,0,3,3,1,0,1,9,10,11,1,0,2,0,1,0,133472,0.412,1.229,0.009
304,2.642,0,0,0.041,0.055,0,0,,0,,,,0,,,,,1004,1004,0,2,3,0,3,3,1,0,1,9,10,11,1,0,2,0,1,0,133472,0.386,1.89,0.016
305,2.377,0.002,0.001,0.093,0.04,0,0,,0,,,,0,,,,,1004,1004,0,2,3,0,3,3,1,0,1,9,10,11,1,0,2,0,1,0,133472,0.54,1.251,0.013
306,11.137,8.946,0,0.143,0.059,0,0,,0,,,,0,,,,,1004,1004,0,2,3,0,3,3,1,0,1,9,10,11,1,0,2,0,1,0,133472,0.428,1.15,0.015
307,2.906,0.001,0,0.041,0.073,0,0,,0,,,,0,,,,,1004,1004,0,2,3,0,3,3,1,0,1,9,10,11,1,0,2,0,1,0,133472,0.446,1.962,0.025
308,4.112,0.001,0.001,0.083,0.128,0,0,,0,,,,0,,,,,1004,1004,0,2,3,0,3,3,1,0,1,9,10,11,1,0,2,0,1,0,133472,1.161,1.843,0.056
309,2.915,0.554,0,0.102,0.055,0,0,,0,,,,0,,,,,1004,1004,0,2,3,0,3,3,1,0,1,9,10,11,1,0,2,0,1,0,133472,0.562,1.232,0.024
310,2.26,0.002,0.001,0.173,0.041,0,0,,0,,,,0,,,,,1004,1004,0,2,3,0,3,3,1,0,1,9,10,11,1,0,2,0,1,0,133472,0.477,1.227,0.025
311,2.177,0.45,0,0.17,0.034,0,0,,0,,,,0,,,,,1004,1004,0,2,3,0,3,3,1,0,1,9,10,11,1,0,2,0,1,0,133472,0.361,0.835,0.009
312,3.283,0.931,0,0.097,0.056,0,0,,0,,,,0,,,,,1004,1004,0,2,3,0,3,3,1,0,1,9,10,11,1,0,2,0,1,0,133472,0.41,1.197,0.02
313,3.814,1.054,0,0.096,0.064,0,0,,0,,,,0,,,,,1004,1004,0,2,3,0,3,3,1,0,1,9,10,11,1,0,2,0,1,0,133472,0.577,1.402,0.026
314,10.272,7.831,0,0.075,0.06,0,0,,0,,,,0,,,,,1004,1004,0,2,3,0,3,3,1,0,1,9,10,11,1,0,2,0,1,0,133472,0.51,1.296,0.03
315,2.798,0.001,0,0.067,0.053,0,0,,0,,,,0,,,,,1004,1004,0,2,3,0,3,3,1,0,1,9,10,11,1,0,2,0,1,0,133472,0.546,1.674,0.031
316,4.556,0.846,0.001,0.242,0.071,0,0,,0,,,,0,,,,,1004,1004,0,2,3,0,3,3,1,0,1,9,10,11,1,0,2,0,1,0,133472,0.956,1.806,0.026
317,6.229,3.819,0.001,0.133,0.054,0,0,,0,,,,0,,,,,1004,1004,0,2,3,0,3,3,1,0,1,9,10,11,1,0,2,0,1,0,133472,0.54,1.159,0.021
318,26.199,23.077,0,0.113,0.06,0,0,,0,,,,0,,,,,1004,1004,0,2,3,0,3,3,1,0,1,9,10,11,1,0,2,0,1,0,133472,0.795,1.475,0.051
319,2.387,0.002,0,0.09,0.038,0,0,,0,,,,0,,,,,1004,1004,0,2,3,0,3,3,1,0,1,9,10,11,1,0,2,0,1,0,133472,0.51,1.374,0.021
320,8.301,5.811,0,0.073,0.064,0,0,,0,,,,0,,,,,1004,1004,0,2,3,0,3,3,1,0,1,9,10,11,1,0,2,0,1,0,133472,0.612,1.227,0.024
321,2.83,0.001,0.001,0.056,0.081,0,0,,0,,,,0,,,,,1004,1004,0,2,3,0,3,3,1,0,1,9,10,11,1,0,2,0,1,0,133472,0.44,1.813,0.03
322,2.57,0.001,0.001,0.092,0.045,0,0,,0,,,,0,,,,,1004,1004,0,2,3,0,3,3,1,0,1,9,10,11,1,0,2,0,1,0,133472,0.726,1.255,0.018
323,4.521,2.477,0,0.057,0.047,0,0,,0,,,,0,,,,,1004,1004,0,2,3,0,3,3,1,0,1,9,10,11,1,0,2,0,1,0,133472,0.414,1.148,0.025
324,8.816,6.231,0,0.072,0.076,0,0,,0,,,,0,,,,,1004,1004,0,2,3,0,3,3,1,0,1,9,10,11,1,0,2,0,1,0,133472,0.451,1.515,0.032
325,4.278,1.173,0.001,0.107,0.069,0,0,,0,,,,0,,,,,1004,1004,0,2,3,0,3,3,1,0,1,9,10,11,1,0,2,0,1,0,133472,0.689,1.544,0.028
326,9.129,6.892,0.001,0.091,0.065,0,0,,0,,,,0,,,,,1004,1004,0,2,3,0,3,3,1,0,1,9,10,11,1,0,2,0,1,0,133472,0.513,1.088,0.025
327,5.628,0.924,0.001,0.111,0.103,0,0,,0,,,,0,,,,,1004,1004,0,2,3,0,3,3,1,0,1,9,10,11,1,0,2,0,1,0,133472,0.983,2.729,0.036
328,4.635,0.002,0.001,0.121,0.081,0,0,,0,,,,0,,,,,1004,1004,0,2,3,0,3,3,1,0,1,9,10,11,1,0,2,0,1,0,133472,1.118,2.588,0.029
329,4.206,1.014,0.001,0.109,0.063,0,0,,0,,,,0,,,,,1004,1004,0,2,3,0,3,3,1,0,1,9,10,11,1,0,2,0,1,0,133472,0.633,1.798,0.028
330,4.773,1.194,0,0.093,0.101,0,0,,1,968.75,231931904,288886784,1,71217344,71217344,167755776,38823561584,1004,1004,0,2,3,0,3,3,1,0,1,9,10,11,1,0,2,0,1,0,133472,0.684,2.052,0.034
331,4.618,0.001,0,0.325,0.096,0,0,,0,,,,0,,,,,1004,1004,0,2,3,0,3,3,1,0,1,9,10,11,1,0,2,0,1,0,133472,0.995,2.356,0.045
332,6.346,2.821,0.001,0.136,0.069,0,0,,0,,,,0,,,,,1004,1004,0,2,3,0,3,3,1,0,1,9,10,11,1,0,2,0,1,0,133472,0.654,1.991,0.03
333,8.487,4.971,0,0.174,0.05,0,0,,0,,,,0,,,,,1004,1004,0,2,3,0,3,3,1,0,1,9,10,11,1,0,2,0,1,0,133472,1.31,1.101,0.018
334,18.734,16.504,0,0.072,0.056,0,0,,0,,,,0,,,,,1004,1004,0,2,3,0,3,3,1,0,1,9,10,11,1,0,2,0,1,0,133472,0.55,1.079,0.021
335,2.11,0.001,0.001,0.05,0.031,0,0,,0,,,,0,,,,,1004,1004,0,2,3,0,3,3,1,0,1,9,10,11,1,0,2,0,1,0,133472,0.451,1.286,0.018
336,3.208,0.885,0,0.09,0.046,0,0,,0,,,,0,,,,,1004,1004,0,2,3,0,3,3,1,0,1,9,10,11,1,0,2,0,1,0,133472,0.488,1.279,0.017
337,5.826,3.379,0,0.078,0.056,0,0,,0,,,,0,,,,,1004,1004,0,2,3,0,3,3,1,0,1,9,10,11,1,0,2,0,1,0,133472,0.52,1.311,0.017
338,3.056,0.001,0,0.069,0.063,0,0,,0,,,,0,,,,,1004,1004,0,2,3,0,3,3,1,0,1,9,10,11,1,0,2,0,1,0,133472,0.679,1.752,0.024
339,2.895,0.001,0.001,0.079,0.053,0,0,,0,,,,0,,,,,1004,1004,0,2,3,0,3,3,1,0,1,9,10,11,1,0,2,0,1,0,133472,0.684,1.589,0.021
340,3.502,0.368,0,0.083,0.062,0,0,,0,,,,0,,,,,1004,1004,0,2,3,0,3,3,1,0,1,9,10,11,1,0,2,0,1,0,133472,0.695,1.747,0.023
341,3.077,0.001,0,0.065,0.038,0,0,,0,,,,0,,,,,1004,1004,0,2,3,0,3,3,1,0,1,9,10,11,1,0,2,0,1,0,133472,0.56,2.021,0.026
342,10.09,8.011,0.001,0.143,0.047,0,0,,0,,,,0,,,,,1004,1004,0,2,3,0,3,3,1,0,1,9,10,11,1,0,2,0,1,0,133472,0.439,0.944,0.023
343,2.733,0.001,0,0.045,0.048,0,0,,0,,,,0,,,,,1004,1004,0,2,3,0,3,3,1,0,1,9,10,11,1,0,2,0,1,0,133472,0.494,1.79,0.022
344,4.218,1.61,0,0.081,0.046,0,0,,0,,,,0,,,,,1004,1004,0,2,3,0,3,3,1,0,1,9,10,11,1,0,2,0,1,0,133472,0.602,1.431,0.016
345,2.077,0,0.001,0.089,0.034,0,0,,0,,,,0,,,,,1004,1004,0,2,3,0,3,3,1,0,1,9,10,11,1,0,2,0,1,0,133472,0.496,1.156,0.013
346,2.145,0,0,0.051,0.039,0,0,,0,,,,0,,,,,1004,1004,0,2,3,0,3,3,1,0,1,9,10,11,1,0,2,0,1,0,133472,0.485,1.239,0.017
347,3.238,0.141,0.001,0.086,0.06,0,0,,0,,,,0,,,,,1004,1004,0,2,3,0,3,3,1,0,1,9,10,11,1,0,2,0,1,0,133472,0.707,1.641,0.023
348,3.245,0.001,0.001,0.066,0.113,0,0,,0,,,,0,,,,,1004,1004,0,2,3,0,3,3,1,0,1,9,10,11,1,0,2,0,1,0,133472,0.582,1.858,0.027
349,2.815,0.201,0,0.121,0.061,0,0,,0,,,,0,,,,,1004,1004,0,2,3,0,3,3,1,0,1,9,10,11,1,0,2,0,1,0,133472,0.553,1.334,0.018
350,3.816,1.641,0.001,0.115,0.046,0,0,,0,,,,0,,,,,1004,1004,0,2,3,0,3,3,1,0,1,9,10,11,1,0,2,0,1,0,133472,0.464,1.154,0.012
351,3.586,1.038,0.001,0.119,0.058,0,0,,0,,,,0,,,,,1004,1004,0,2,3,0,3,3,1,0,1,9,10,11,1,0,2,0,1,0,133472,0.465,1.357,0.021
352,3.668,0.762,0.001,0.093,0.038,0,0,,0,,,,0,,,,,1004,1004,0,2,3,0,3,3,1,0,1,9,10,11,1,0,2,0,1,0,133472,0.804,1.416,0.018
353,2.691,0.324,0,0.053,0.057,0,0,,0,,,,0,,,,,1004,1004,0,2,3,0,3,3,1,0,1,9,10,11,1,0,2,0,1,0,133472,0.394,1.558,0.019
354,5.467,3.266,0.001,0.065,0.057,0,0,,0,,,,0,,,,,1004,1004,0,2,3,0,3,3,1,0,1,9,10,11,1,0,2,0,1,0,133472,0.466,1.226,0.017
355,3.294,0.92,0,0.117,0.054,0,0,,0,,,,0,,,,,1004,1004,0,2,3,0,3,3,1,0,1,9,10,11,1,0,2,0,1,0,133472,0.45,1.33,0.016
356,5.626,2.429,0,0.173,0.063,0,0,,0,,,,0,,,,,1004,1004,0,2,3,0,3,3,1,0,1,9,10,11,1,0,2,0,1,0,133472,0.696,1.721,0.024
357,3.011,0.658,0,0.113,0.077,0,0,,0,,,,0,,,,,1004,1004,0,2,3,0,3,3,1,0,1,9,10,11,1,0,2,0,1,0,133472,0.454,1.227,0.022
358,5.613,3.256,0,0.127,0.061,0,0,,0,,,,0,,,,,1004,1004,0,2,3,0,3,3,1,0,1,9,10,11,1,0,2,0,1,0,133472,0.465,1.266,0.017
359,5.225,2.063,0.001,0.072,0.074,0,0,,0,,,,0,,,,,1004,1004,0,2,3,0,3,3,1,0,1,9,10,11,1,0,2,0,1,0,133472,0.618,1.842,0.031
360,11.855,9.693,0.001,0.113,0.06,0,0,,1,1046.875,231940096,288886784,1,71217344,71217344,167755776,38823561584,1004,1004,0,2,3,0,3,3,1,0,1,9,10,11,1,0,2,0,1,0,133472,0.452,1.114,0.018
361,10.149,7.865,0.001,0.082,0.053,0,0,,0,,,,0,,,,,1004,1004,0,2,3,0,3,3,1,0,1,9,10,11,1,0,2,0,1,0,133472,0.451,1.215,0.017
362,9.757,7.264,0.001,0.06,0.075,0,0,,0,,,,0,,,,,1004,1004,0,2,3,0,3,3,1,0,1,9,10,11,1,0,2,0,1,0,133472,0.451,1.475,0.026
363,3.388,0.722,0.001,0.127,0.056,0,0,,0,,,,0,,,,,1004,1004,0,2,3,0,3,3,1,0,1,9,10,11,1,0,2,0,1,0,133472,0.712,1.246,0.017
364,2.816,0.048,0.001,0.152,0.044,0,0,,0,,,,0,,,,,1004,1004,0,2,3,0,3,3,1,0,1,9,10,11,1,0,2,0,1,0,133472,0.623,1.502,0.024
365,1.917,0,0.001,0.087,0.03,0,0,,0,,,,0,,,,,1004,1004,0,2,3,0,3,3,1,0,1,9,10,11,1,0,2,0,1,0,133472,0.491,1.034,0.008
366,3.922,1.954,0.001,0.117,0.031,0,0,,0,,,,0,,,,,1004,1004,0,2,3,0,3,3,1,0,1,9,10,11,1,0,2,0,1,0,133472,0.383,1.092,0.008
367,1.787,0,0,0.048,0.042,0,0,,0,,,,0,,,,,1004,1004,0,2,3,0,3,3,1,0,1,9,10,11,1,0,2,0,1,0,133472,0.436,1.011,0.009
368,1.88,0,0,0.045,0.035,0,0,,0,,,,0,,,,,1004,1004,0,2,3,0,3,3,1,0,1,9,10,11,1,0,2,0,1,0,133472,0.46,1.054,0.011
369,3.06,0,0,0.059,0.072,0,0,,0,,,,0,,,,,1004,1004,0,2,3,0,3,3,1,0,1,9,10,11,1,0,2,0,1,0,133472,0.603,1.806,0.031
370,2.636,0.001,0.001,0.106,0.076,0,0,,0,,,,0,,,,,1004,1004,0,2,3,0,3,3,1,0,1,9,10,11,1,0,2,0,1,0,133472,0.617,1.404,0.019
371,2.711,0,0,0.083,0.057,0,0,,0,,,,0,,,,,1004,1004,0,2,3,0,3,3,1,0,1,9,10,11,1,0,2,0,1,0,133472,0.631,1.491,0.028
372,2.249,0,0.001,0.087,0.035,0,0,,0,,,,0,,,,,1004,1004,0,2,3,0,3,3,1,0,1,9,10,11,1,0,2,0,1,0,133472,0.549,1.275,0.011
373,1.971,0.002,0,0.044,0.033,0,0,,0,,,,0,,,,,1004,1004,0,2,3,0,3,3,1,0,1,9,10,11,1,0,2,0,1,0,133472,0.459,1.159,0.009
374,3.392,1.109,0.001,0.108,0.052,0,0,,0,,,,0,,,,,1004,1004,0,2,3,0,3,3,1,0,1,9,10,11,1,0,2,0,1,0,133472,0.436,1.235,0.018
375,3.718,0.361,0,0.086,0.078,0,0,,0,,,,0,,,,,1004,1004,0,2,3,0,3,3,1,0,1,9,10,11,1,0,2,0,1,0,133472,0.778,1.847,0.03
376,1.891,0.127,0.001,0.061,0.054,0,0,,0,,,,0,,,,,1004,1004,0,2,3,0,3,3,1,0,1,9,10,11,1,0,2,0,1,0,133472,0.411,0.928,0.011
377,8.163,5.739,0,0.073,0.07,0,0,,0,,,,0,,,,,1004,1004,0,2,3,0,3,3,1,0,1,9,10,11,1,0,2,0,1,0,133472,0.52,1.266,0.021
378,4.491,1.074,0.001,0.071,0.147,0,0,,0,,,,0,,,,,1004,1004,0,2,3,0,3,3,1,0,1,9,10,11,1,0,2,0,1,0,133472,0.671,1.768,0.031
379,3.317,0.002,0.001,0.095,0.063,0,0,,0,,,,0,,,,,1004,1004,0,2,3,0,3,3,1,0,1,9,10,11,1,0,2,0,1,0,133472,0.742,1.858,0.029
380,2.984,0.001,0,0.096,0.056,0,0,,0,,,,0,,,,,1004,1004,0,2,3,0,3,3,1,0,1,9,10,11,1,0,2,0,1,0,133472,0.683,1.654,0.023
381,2.518,0.001,0.001,0.074,0.045,0,0,,0,,,,0,,,,,1004,1004,0,2,3,0,3,3,1,0,1,9,10,11,1,0,2,0,1,0,133472,0.639,1.364,0.015
382,2.431,0.001,0,0.059,0.042,0,0,,0,,,,0,,,,,1004,1004,0,2,3,0,3,3,1,0,1,9,10,11,1,0,2,0,1,0,133472,0.593,1.368,0.015
383,3.468,0.811,0,0.074,0.066,0,0,,0,,,,0,,,,,1004,1004,0,2,3,0,3,3,1,0,1,9,10,11,1,0,2,0,1,0,133472,0.611,1.482,0.022
384,4.634,1.472,0.001,0.094,0.079,0,0,,0,,,,0,,,,,1004,1004,0,2,3,0,3,3,1,0,1,9,10,11,1,0,2,0,1,0,133472,0.726,1.669,0.028
385,10.289,8.018,0.001,0.066,0.07,0,0,,0,,,,0,,,,,1004,1004,0,2,3,0,3,3,1,0,1,9,10,11,1,0,2,0,1,0,133472,0.432,1.295,0.021
386,3.266,0.001,0,0.099,0.065,0,0,,0,,,,0,,,,,1004,1004,0,2,3,0,3,3,1,0,1,9,10,11,1,0,2,0,1,0,133472,0.614,1.983,0.028
387,3.63,0.001,0.001,0.112,0.059,0,0,,0,,,,0,,,,,1004,1004,0,2,3,0,3,3,1,0,1,9,10,11,1,0,2,0,1,0,133472,0.886,1.955,0.023
388,2.838,0,0,0.087,0.053,0,0,,0,,,,0,,,,,1004,1004,0,2,3,0,3,3,1,0,1,9,10,11,1,0,2,0,1,0,133472,0.674,1.599,0.02
389,2.245,0.001,0,0.064,0.038,0,0,,0,,,,0,,,,,1004,1004,0,2,3,0,3,3,1,0,1,9,10,11,1,0,2,0,1,0,133472,0.562,1.229,0.016
390,3.763,1.673,0,0.058,0.058,0,0,,1,1125,231948288,288886784,1,71217344,71217344,167755776,38823561584,1004,1004,0,2,3,0,3,3,1,0,1,9,10,11,1,0,2,0,1,0,133472,0.406,1.225,0.015
391,4.829,1.734,0,0.058,0.072,0,0,,0,,,,0,,,,,1004,1004,0,2,3,0,3,3,1,0,1,9,10,11,1,0,2,0,1,0,133472,0.599,1.865,0.032
392,7.267,4.986,0,0.072,0.051,0,0,,0,,,,0,,,,,1004,1004,0,2,3,0,3,3,1,0,1,9,10,11,1,0,2,0,1,0,133472,0.474,1.287,0.014
393,3.417,1.803,0.001,0.095,0.041,0,0,,0,,,,0,,,,,1004,1004,0,2,3,0,3,3,1,0,1,9,10,11,1,0,2,0,1,0,133472,0.422,0.69,0.01
394,3.99,1.313,0.001,0.17,0.069,0,0,,0,,,,0,,,,,1004,1004,0,2,3,0,3,3,1,0,1,9,10,11,1,0,2,0,1,0,133472,0.602,1.331,0.028
395,2.537,0.002,0.001,0.079,0.043,0,0,,0,,,,0,,,,,1004,1004,0,2,3,0,3,3,1,0,1,9,10,11,1,0,2,0,1,0,133472,0.637,1.326,0.017
396,2.252,0.001,0,0.057,0.045,0,0,,0,,,,0,,,,,1004,1004,0,2,3,0,3,3,1,0,1,9,10,11,1,0,2,0,1,0,133472,0.564,1.252,0.015
397,3.726,1.635,0.001,0.061,0.043,0,0,,0,,,,0,,,,,1004,1004,0,2,3,0,3,3,1,0,1,9,10,11,1,0,2,0,1,0,133472,0.44,1.222,0.015
398,3.926,1.902,0.001,0.067,0.044,0,0,,0,,,,0,,,,,1004,1004,0,2,3,0,3,3,1,0,1,9,10,11,1,0,2,0,1,0,133472,0.437,1.082,0.011
399,3.399,1.568,0,0.06,0.038,0,0,,0,,,,0,,,,,1004,1004,0,2,3,0,3,3,1,0,1,9,10,11,1,0,2,0,1,0,133472,0.391,1.039,0.01
400,4.173,1.428,0,0.078,0.053,0,0,,0,,,,0,,,,,1004,1004,0,2,3,0,3,3,1,0,1,9,10,11,1,0,2,0,1,0,133472,0.778,1.306,0.023
401,2.331,0.001,0,0.062,0.038,0,0,,0,,,,0,,,,,1004,1004,0,2,3,0,3,3,1,0,1,9,10,11,1,0,2,0,1,0,133472,0.583,1.304,0.017
402,3.27,1.241,0,0.069,0.057,0,0,,0,,,,0,,,,,1004,1004,0,2,3,0,3,3,1,0,1,9,10,11,1,0,2,0,1,0,133472,0.446,1.109,0.013
403,3.165,1.378,0.001,0.076,0.079,0,0,,0,,,,0,,,,,1004,1004,0,2,3,0,3,3,1,0,1,9,10,11,1,0,2,0,1,0,133472,0.379,0.935,0.011
404,2.955,0.954,0,0.067,0.049,0,0,,0,,,,0,,,,,1004,1004,0,2,3,0,3,3,1,0,1,9,10,11,1,0,2,0,1,0,133472,0.41,1.165,0.015
405,2.856,0.274,0.001,0.053,0.067,0,0,,0,,,,0,,,,,1004,1004,0,2,3,0,3,3,1,0,1,9,10,11,1,0,2,0,1,0,133472,0.49,1.577,0.022
406,2.573,0.001,0.001,0.107,0.039,0,0,,0,,,,0,,,,,1004,1004,0,2,3,0,3,3,1,0,1,9,10,11,1,0,2,0,1,0,133472,0.698,1.292,0.016
407,4.288,2.176,0.001,0.131,0.033,0,0,,0,,,,0,,,,,1004,1004,0,2,3,0,3,3,1,0,1,9,10,11,1,0,2,0,1,0,133472,0.445,1.092,0.012
408,3.352,1.326,0,0.067,0.047,0,0,,0,,,,0,,,,,1004,1004,0,2,3,0,3,3,1,0,1,9,10,11,1,0,2,0,1,0,133472,0.45,1.12,0.013
409,1.911,0.085,0,0.045,0.03,0,0,,0,,,,0,,,,,1004,1004,0,2,3,0,3,3,1,0,1,9,10,11,1,0,2,0,1,0,133472,0.41,1.041,0.02
410,4.559,0.978,0,0.062,0.068,0,0,,0,,,,0,,,,,1004,1004,0,2,3,0,3,3,1,0,1,9,10,11,1,0,2,0,1,0,133472,0.627,2.262,0.066
411,2.174,0.003,0,0.065,0.045,0,0,,0,,,,0,,,,,1004,1004,0,2,3,0,3,3,1,0,1,9,10,11,1,0,2,0,1,0,133472,0.533,0.942,0.015
412,1.932,0.396,0,0.047,0.031,0,0,,0,,,,0,,,,,1004,1004,0,2,3,0,3,3,1,0,1,9,10,11,1,0,2,0,1,0,133472,0.407,0.802,0.009
413,3.187,1.383,0,0.091,0.038,0,0,,0,,,,0,,,,,1004,1004,0,2,3,0,3,3,1,0,1,9,10,11,1,0,2,0,1,0,133472,0.425,0.852,0.012
414,3.183,1.739,0,0.082,0.024,0,0,,0,,,,0,,,,,1004,1004,0,2,3,0,3,3,1,0,1,9,10,11,1,0,2,0,1,0,133472,0.306,0.693,0.007
415,3.75,1.432,0,0.17,0.043,0,0,,0,,,,0,,,,,1004,1004,0,2,3,0,3,3,1,0,1,9,10,11,1,0,2,0,1,0,133472,0.513,1.236,0.015
416,2.914,0,0.001,0.047,0.038,0,0,,0,,,,0,,,,,1004,1004,0,2,3,0,3,3,1,0,1,9,10,11,1,0,2,0,1,0,133472,0.687,1.741,0.017
417,1.636,0.001,0.001,0.052,0.028,0,0,,0,,,,0,,,,,1004,1004,0,2,3,0,3,3,1,0,1,9,10,11,1,0,2,0,1,0,133472,0.401,0.925,0.008
418,3.764,1.96,0,0.04,0.038,0,0,,0,,,,0,,,,,1004,1004,0,2,3,0,3,3,1,0,1,9,10,11,1,0,2,0,1,0,133472,0.569,0.841,0.011
419,2.982,1.132,0,0.16,0.036,0,0,,0,,,,0,,,,,1004,1004,0,2,3,0,3,3,1,0,1,9,10,11,1,0,2,0,1,0,133472,0.372,0.946,0.009
420,1.971,0.466,0,0.087,0.029,0,0,,1,1187.5,232017920,288886784,1,71217344,71217344,167755776,38823561584,1004,1004,0,2,3,0,3,3,1,0,1,9,10,11,1,0,2,0,1,0,133472,0.308,0.821,0.006
421,3.259,0.841,0.001,0.155,0.057,0,0,,0,,,,0,,,,,1004,1004,0,2,3,0,3,3,1,0,1,9,10,11,1,0,2,0,1,0,133472,0.583,1.24,0.013
422,3.554,0.001,0,0.048,0.082,0,0,,0,,,,0,,,,,1004,1004,0,2,3,0,3,3,1,0,1,9,10,11,1,0,2,0,1,0,133472,0.733,2.21,0.025
423,2.434,0.001,0.001,0.099,0.036,0,0,,0,,,,0,,,,,1004,1004,0,2,3,0,3,3,1,0,1,9,10,11,1,0,2,0,1,0,133472,0.543,1.366,0.014
424,2.291,0,0,0.062,0.033,0,0,,0,,,,0,,,,,1004,1004,0,2,3,0,3,3,1,0,1,9,10,11,1,0,2,0,1,0,133472,0.527,1.346,0.013
425,9.485,6.887,0.001,0.088,0.069,0,0,,0,,,,0,,,,,1004,1004,0,2,3,0,3,3,1,0,1,9,10,11,1,0,2,0,1,0,133472,0.435,1.542,0.033
426,2.999,0.001,0.001,0.079,0.06,0,0,,0,,,,0,,,,,1004,1004,0,2,3,0,3,3,1,0,1,9,10,11,1,0,2,0,1,0,133472,0.736,1.639,0.019
427,2.133,0.003,0.001,0.062,0.047,0,0,,0,,,,0,,,,,1004,1004,0,2,3,0,3,3,1,0,1,9,10,11,1,0,2,0,1,0,133472,0.518,1.079,0.015
428,2.716,0.001,0,0.052,0.053,0,0,,0,,,,0,,,,,1004,1004,0,2,3,0,3,3,1,0,1,9,10,11,1,0,2,0,1,0,133472,1.002,1.303,0.015
429,2.037,0.001,0.001,0.127,0.037,0,0,,0,,,,0,,,,,1004,1004,0,2,3,0,3,3,1,0,1,9,10,11,1,0,2,0,1,0,133472,0.45,1.148,0.01
430,1.819,0.001,0,0.042,0.033,0,0,,0,,,,0,,,,,1004,1004,0,2,3,0,3,3,1,0,1,9,10,11,1,0,2,0,1,0,133472,0.422,1.067,0.009
431,1.737,0,0.001,0.047,0.028,0,0,,0,,,,0,,,,,1004,1004,0,2,3,0,3,3,1,0,1,9,10,11,1,0,2,0,1,0,133472,0.437,0.989,0.009
432,1.912,0,0,0.044,0.028,0,0,,0,,,,0,,,,,1004,1004,0,2,3,0,3,3,1,0,1,9,10,11,1,0,2,0,1,0,133472,0.446,1.127,0.011
433,2.824,0.001,0,0.05,0.042,0,0,,0,,,,0,,,,,1004,1004,0,2,3,0,3,3,1,0,1,9,10,11,1,0,2,0,1,0,133472,0.728,1.586,0.017
434,5.587,3.594,0,0.063,0.044,0,0,,0,,,,0,,,,,1004,1004,0,2,3,0,3,3,1,0,1,9,10,11,1,0,2,0,1,0,133472,0.43,1.106,0.014
435,5.242,3.392,0,0.093,0.043,0,0,,0,,,,0,,,,,1004,1004,0,2,3,0,3,3,1,0,1,9,10,11,1,0,2,0,1,0,133472,0.401,1.004,0.01
436,2.047,0.239,0.001,0.046,0.033,0,0,,0,,,,0,,,,,1004,1004,0,2,3,0,3,3,1,0,1,9,10,11,1,0,2,0,1,0,133472,0.394,1.066,0.009
437,4.48,1.277,0.001,0.105,0.066,0,0,,0,,,,0,,,,,1004,1004,0,2,3,0,3,3,1,0,1,9,10,11,1,0,2,0,1,0,133472,0.652,1.888,0.027
438,2.697,0.002,0,0.085,0.047,0,0,,0,,,,0,,,,,1004,1004,0,2,3,0,3,3,1,0,1,9,10,11,1,0,2,0,1,0,133472,0.606,1.524,0.015
439,3.273,0.399,0.001,0.126,0.089,0,0,,0,,,,0,,,,,1004,1004,0,2,3,0,3,3,1,0,1,9,10,11,1,0,2,0,1,0,133472,0.67,1.37,0.015
440,2.713,0.001,0.001,0.088,0.042,0,0,,0,,,,0,,,,,1004,1004,0,2,3,0,3,3,1,0,1,9,10,11,1,0,2,0,1,0,133472,0.957,1.245,0.018
441,1.764,0.001,0,0.075,0.026,0,0,,0,,,,0,,,,,1004,1004,0,2,3,0,3,3,1,0,1,9,10,11,1,0,2,0,1,0,133472,0.457,0.946,0.008
442,2.362,0.303,0,0.056,0.063,0,0,,0,,,,0,,,,,1004,1004,0,2,3,0,3,3,1,0,1,9,10,11,1,0,2,0,1,0,133472,0.435,1.195,0.011
443,3.127,0,0,0.05,0.08,0,0,,0,,,,0,,,,,1004,1004,0,2,3,0,3,3,1,0,1,9,10,11,1,0,2,0,1,0,133472,0.621,1.953,0.031
444,2.894,0.002,0.001,0.085,0.058,0,0,,0,,,,0,,,,,1004,1004,0,2,3,0,3,3,1,0,1,9,10,11,1,0,2,0,1,0,133472,0.665,1.591,0.02
445,11.137,8.897,0.001,0.069,0.083,0,0,,0,,,,0,,,,,1004,1004,0,2,3,0,3,3,1,0,1,9,10,11,1,0,2,0,1,0,133472,0.453,1.133,0.041
446,3.44,0.001,0.001,0.085,0.08,0,0,,0,,,,0,,,,,1004,1004,0,2,3,0,3,3,1,0,1,9,10,11,1,0,2,0,1,0,133472,0.739,2.006,0.028
447,2.449,0.001,0.001,0.083,0.043,0,0,,0,,,,0,,,,,1004,1004,0,2,3,0,3,3,1,0,1,9,10,11,1,0,2,0,1,0,133472,0.576,1.277,0.023
448,2.13,0,0,0.058,0.027,0,0,,0,,,,0,,,,,1004,1004,0,2,3,0,3,3,1,0,1,9,10,11,1,0,2,0,1,0,133472,0.513,1.205,0.013
449,3.463,1.551,0,0.057,0.049,0,0,,0,,,,0,,,,,1004,1004,0,2,3,0,3,3,1,0,1,9,10,11,1,0,2,0,1,0,133472,0.441,1.042,0.012
450,2.744,0.953,0,0.053,0.058,0,0,,1,1296.875,232017920,288886784,1,71217344,71217344,167755776,38823561584,1004,1004,0,2,3,0,3,3,1,0,1,9,10,11,1,0,2,0,1,0,133472,0.393,0.978,0.012
451,3.789,1.116,0,0.067,0.127,0,0,,0,,,,0,,,,,1004,1004,0,2,3,0,3,3,1,0,1,9,10,11,1,0,2,0,1,0,133472,0.384,1.71,0.029
452,2.57,0.002,0,0.085,0.039,0,0,,0,,,,0,,,,,1004,1004,0,2,3,0,3,3,1,0,1,9,10,11,1,0,2,0,1,0,133472,0.696,1.311,0.02
453,2.112,0,0.001,0.064,0.042,0,0,,0,,,,0,,,,,1004,1004,0,2,3,0,3,3,1,0,1,9,10,11,1,0,2,0,1,0,133472,0.444,1.229,0.015
454,3.003,1.024,0,0.057,0.044,0,0,,0,,,,0,,,,,1004,1004,0,2,3,0,3,3,1,0,1,9,10,11,1,0,2,0,1,0,133472,0.453,1.093,0.013
455,3.067,1.251,0,0.063,0.045,0,0,,0,,,,0,,,,,1004,1004,0,2,3,0,3,3,1,0,1,9,10,11,1,0,2,0,1,0,133472,0.434,0.952,0.01
456,1.959,0.233,0,0.045,0.029,0,0,,0,,,,0,,,,,1004,1004,0,2,3,0,3,3,1,0,1,9,10,11,1,0,2,0,1,0,133472,0.386,1.006,0.01
457,2.717,0.405,0,0.067,0.084,0,0,,0,,,,0,,,,,1004,1004,0,2,3,0,3,3,1,0,1,9,10,11,1,0,2,0,1,0,133472,0.405,1.344,0.031
458,2.713,0.001,0.001,0.097,0.035,0,0,,0,,,,0,,,,,1004,1004,0,2,3,0,3,3,1,0,1,9,10,11,1,0,2,0,1,0,133472,0.727,1.35,0.015
459,5.377,3.353,0,0.13,0.037,0,0,,0,,,,0,,,,,1004,1004,0,2,3,0,3,3,1,0,1,9,10,11,1,0,2,0,1,0,133472,0.425,1.026,0.011
460,5.794,3.91,0,0.099,0.035,0,0,,0,,,,0,,,,,1004,1004,0,2,3,0,3,3,1,0,1,9,10,11,1,0,2,0,1,0,133472,0.389,0.939,0.011
461,2.835,0,0,0.039,0.085,0,0,,0,,,,0,,,,,1004,1004,0,2,3,0,3,3,1,0,1,9,10,11,1,0,2,0,1,0,133472,0.506,1.85,0.027
462,2.678,0.001,0,0.109,0.043,0,0,,0,,,,0,,,,,1004,1004,0,2,3,0,3,3,1,0,1,9,10,11,1,0,2,0,1,0,133472,0.674,1.224,0.015
463,1.726,0,0.001,0.048,0.032,0,0,,0,,,,0,,,,,1004,1004,0,2,3,0,3,3,1,0,1,9,10,11,1,0,2,0,1,0,133472,0.456,0.949,0.01
464,1.515,0,0,0.044,0.021,0,0,,0,,,,0,,,,,1004,1004,0,2,3,0,3,3,1,0,1,9,10,11,1,0,2,0,1,0,133472,0.406,0.797,0.007
465,1.928,0.001,0,0.058,0.04,0,0,,0,,,,0,,,,,1004,1004,0,2,3,0,3,3,1,0,1,9,10,11,1,0,2,0,1,0,133472,0.341,1.211,0.032
466,2.05,0.001,0.001,0.193,0.045,0,0,,0,,,,0,,,,,1004,1004,0,2,3,0,3,3,1,0,1,9,10,11,1,0,2,0,1,0,133472,0.454,1.086,0.009
467,1.666,0,0,0.037,0.036,0,0,,0,,,,0,,,,,1004,1004,0,2,3,0,3,3,1,0,1,9,10,11,1,0,2,0,1,0,133472,0.411,0.954,0.009
468,1.951,0.001,0,0.041,0.033,0,0,,0,,,,0,,,,,1004,1004,0,2,3,0,3,3,1,0,1,9,10,11,1,0,2,0,1,0,133472,0.396,1.239,0.009
469,2.291,0.001,0,0.037,0.034,0,0,,0,,,,0,,,,,1004,1004,0,2,3,0,3,3,1,0,1,9,10,11,1,0,2,0,1,0,133472,0.578,1.319,0.014
470,3.033,0.001,0,0.071,0.064,0,0,,0,,,,0,,,,,1004,1004,0,2,3,0,3,3,1,0,1,9,10,11,1,0,2,0,1,0,133472,0.604,1.808,0.026
471,2.396,0,0.001,0.102,0.028,0,0,,0,,,,0,,,,,1004,1004,0,2,3,0,3,3,1,0,1,9,10,11,1,0,2,0,1,0,133472,0.628,1.203,0.016
472,15.639,13.026,0.001,0.076,0.058,0,0,,0,,,,0,,,,,1004,1004,0,2,3,0,3,3,1,0,1,9,10,11,1,0,2,0,1,0,133472,0.608,1.407,0.035
473,10.235,7.309,0,0.117,0.075,0,0,,0,,,,0,,,,,1004,1004,0,2,3,0,3,3,1,0,1,9,10,11,1,0,2,0,1,0,133472,0.68,1.462,0.038
474,14.532,12.358,0.001,0.068,0.053,0,0,,0,,,,0,,,,,1004,1004,0,2,3,0,3,3,1,0,1,9,10,11,1,0,2,0,1,0,133472,0.434,1.184,0.022
475,9.899,7.225,0.001,0.089,0.067,0,0,,0,,,,0,,,,,1004,1004,0,2,3,0,3,3,1,0,1,9,10,11,1,0,2,0,1,0,133472,0.573,1.387,0.02
476,2.217,0,0,0.054,0.035,0,0,,0,,,,0,,,,,1004,1004,0,2,3,0,3,3,1,0,1,9,10,11,1,0,2,0,1,0,133472,0.517,1.291,0.027
477,7.548,4.731,0.001,0.072,0.069,0,0,,0,,,,0,,,,,1004,1004,0,2,3,0,3,3,1,0,1,9,10,11,1,0,2,0,1,0,133472,0.608,1.58,0.025
478,2.839,0.001,0,0.057,0.063,0,0,,0,,,,0,,,,,1004,1004,0,2,3,0,3,3,1,0,1,9,10,11,1,0,2,0,1,0,133472,0.517,1.801,0.028
479,2.362,0,0,0.089,0.029,0,0,,0,,,,0,,,,,1004,1004,0,2,3,0,3,3,1,0,1,9,10,11,1,0,2,0,1,0,133472,0.557,1.218,0.033
480,5.793,3.42,0.001,0.069,0.079,0,0,,1,1359.375,232017920,288886784,1,71217344,71217344,167755776,38823561584,1004,1004,0,2,3,0,3,3,1,0,1,9,10,11,1,0,2,0,1,0,133472,0.458,1.308,0.024
481,2.137,0.002,0,0.083,0.038,0,0,,0,,,,0,,,,,1004,1004,0,2,3,0,3,3,1,0,1,9,10,11,1,0,2,0,1,0,133472,0.527,1.141,0.015
482,2.02,0.001,0,0.054,0.032,0,0,,0,,,,0,,,,,1004,1004,0,2,3,0,3,3,1,0,1,9,10,11,1,0,2,0,1,0,133472,0.482,1.169,0.01
483,2.09,0.001,0,0.062,0.065,0,0,,0,,,,0,,,,,1004,1004,0,2,3,0,3,3,1,0,1,9,10,11,1,0,2,0,1,0,133472,0.511,1.174,0.01
484,4.541,0,0,0.061,0.13,0,0,,0,,,,0,,,,,1004,1004,0,2,3,0,3,3,1,0,1,9,10,11,1,0,2,0,1,0,133472,0.627,3.168,0.064
485,4.886,0.002,0.001,0.166,0.115,0,0,,0,,,,0,,,,,1004,1004,0,2,3,0,3,3,1,0,1,9,10,11,1,0,2,0,1,0,133472,1.069,2.816,0.024
486,4.726,0.001,0,0.105,0.029,0,0,,0,,,,0,,,,,1004,1004,0,2,3,0,3,3,1,0,1,9,10,11,1,0,2,0,1,0,133472,1.1,2.878,0.023
487,2.029,0,0,0.04,0.03,0,0,,0,,,,0,,,,,1004,1004,0,2,3,0,3,3,1,0,1,9,10,11,1,0,2,0,1,0,133472,0.491,1.212,0.01
488,3.586,0,0.001,0.046,0.065,0,0,,0,,,,0,,,,,1004,1004,0,2,3,0,3,3,1,0,1,9,10,11,1,0,2,0,1,0,133472,0.622,2.407,0.024
489,2.362,0.002,0.001,0.086,0.033,0,0,,0,,,,0,,,,,1004,1004,0,2,3,0,3,3,1,0,1,9,10,11,1,0,2,0,1,0,133472,0.549,1.309,0.019
490,16.775,13.732,0.001,0.461,0.077,0,0,,0,,,,0,,,,,1004,1004,0,2,3,0,3,3,1,0,1,9,10,11,1,0,2,0,1,0,133472,0.549,1.405,0.026
491,2.807,0.227,0.001,0.106,0.07,0,0,,0,,,,0,,,,,1004,1004,0,2,3,0,3,3,1,0,1,9,10,11,1,0,2,0,1,0,133472,0.465,1.002,0.013
492,5.204,1.6,0,0.139,0.061,0,0,,0,,,,0,,,,,1004,1004,0,2,3,0,3,3,1,0,1,9,10,11,1,0,2,0,1,0,133472,0.892,1.888,0.021
493,10.593,7.924,0.001,0.08,0.064,0,0,,0,,,,0,,,,,1004,1004,0,2,3,0,3,3,1,0,1,9,10,11,1,0,2,0,1,0,133472,0.652,1.382,0.025
494,16.401,13.135,0.001,0.09,0.088,0,0,,0,,,,0,,,,,1004,1004,0,2,3,0,3,3,1,0,1,9,10,11,1,0,2,0,1,0,133472,0.703,1.742,0.03
495,16.913,14.165,0.001,0.151,0.077,0,0,,0,,,,0,,,,,1004,1004,0,2,3,0,3,3,1,0,1,9,10,11,1,0,2,0,1,0,133472,0.51,1.465,0.024
496,10.676,7.421,0.001,0.094,0.079,0,0,,0,,,,0,,,,,1004,1004,0,2,3,0,3,3,1,0,1,9,10,11,1,0,2,0,1,0,133472,0.596,1.848,0.034
497,4.859,0.807,0.001,0.097,0.066,0,0,,0,,,,0,,,,,1004,1004,0,2,3,0,3,3,1,0,1,9,10,11,1,0,2,0,1,0,133472,1.057,2.256,0.029
498,10.38,8.077,0.001,0.069,0.07,0,0,,0,,,,0,,,,,1004,1004,0,2,3,0,3,3,1,0,1,9,10,11,1,0,2,0,1,0,133472,0.504,1.195,0.024
499,4.453,1.274,0,0.076,0.068,0,0,,0,,,,0,,,,,1004,1004,0,2,3,0,3,3,1,0,1,9,10,11,1,0,2,0,1,0,133472,0.722,1.76,0.024
500,16.388,12.025,0.001,0.271,0.074,0,0,,0,,,,0,,,,,1004,1004,0,2,3,0,3,3,1,0,1,9,10,11,1,0,2,0,1,0,133472,0.827,1.827,0.03
501,4.005,1.88,0.001,0.082,0.046,0,0,,0,,,,0,,,,,1004,1004,0,2,3,0,3,3,1,0,1,9,10,11,1,0,2,0,1,0,133472,0.439,1.11,0.016
502,31.037,27.893,0.001,0.115,0.083,0,0,,0,,,,0,,,,,1004,1004,0,2,3,0,3,3,1,0,1,9,10,11,1,0,2,0,1,0,133472,0.691,1.6,0.027
503,3.368,0.001,0.001,0.153,0.061,0,0,,0,,,,0,,,,,1004,1004,0,2,3,0,3,3,1,0,1,9,10,11,1,0,2,0,1,0,133472,0.82,1.778,0.026
504,8.519,5.071,0.001,0.072,0.08,0,0,,0,,,,0,,,,,1004,1004,0,2,3,0,3,3,1,0,1,9,10,11,1,0,2,0,1,0,133472,0.607,2.115,0.034
505,3.34,0.002,0.001,0.1,0.06,0,0,,0,,,,0,,,,,1004,1004,0,2,3,0,3,3,1,0,1,9,10,11,1,0,2,0,1,0,133472,0.833,1.798,0.022
506,3.848,1.136,0.001,0.089,0.059,0,0,,0,,,,0,,,,,1004,1004,0,2,3,0,3,3,1,0,1,9,10,11,1,0,2,0,1,0,133472,0.684,1.372,0.02
507,4.444,1.103,0.001,0.078,0.078,0,0,,0,,,,0,,,,,1004,1004,0,2,3,0,3,3,1,0,1,9,10,11,1,0,2,0,1,0,133472,0.673,1.995,0.023
508,2.894,0.002,0,0.089,0.044,0,0,,0,,,,0,,,,,1004,1004,0,2,3,0,3,3,1,0,1,9,10,11,1,0,2,0,1,0,133472,0.641,1.711,0.018
509,10.57,7.765,0.001,0.092,0.051,0,0,,0,,,,0,,,,,1004,1004,0,2,3,0,3,3,1,0,1,9,10,11,1,0,2,0,1,0,133472,0.605,1.54,0.025
510,5.495,2.486,0.001,0.066,0.076,0,0,,1,1453.125,232017920,288886784,1,71217344,71217344,167755776,38823561584,1004,1004,0,2,3,0,3,3,1,0,1,9,10,11,1,0,2,0,1,0,133472,0.602,1.804,0.024
511,4.302,0.944,0,0.084,0.061,0,0,,0,,,,0,,,,,1004,1004,0,2,3,0,3,3,1,0,1,9,10,11,1,0,2,0,1,0,133472,0.832,1.792,0.026
512,3.359,0.899,0.001,0.094,0.054,0,0,,0,,,,0,,,,,1004,1004,0,2,3,0,3,3,1,0,1,9,10,11,1,0,2,0,1,0,133472,0.533,1.373,0.019
513,7.988,5.01,0,0.133,0.075,0,0,,0,,,,0,,,,,1004,1004,0,2,3,0,3,3,1,0,1,9,10,11,1,0,2,0,1,0,133472,0.479,1.709,0.028
514,4.424,0.387,0,0.102,0.069,0,0,,0,,,,0,,,,,1004,1004,0,2,3,0,3,3,1,0,1,9,10,11,1,0,2,0,1,0,133472,0.664,2.329,0.025
515,6.122,3.472,0.001,0.083,0.07,0,0,,0,,,,0,,,,,1004,1004,0,2,3,0,3,3,1,0,1,9,10,11,1,0,2,0,1,0,133472,0.556,1.401,0.027
516,7.73,4.918,0.001,0.081,0.11,0,0,,0,,,,0,,,,,1004,1004,0,2,3,0,3,3,1,0,1,9,10,11,1,0,2,0,1,0,133472,0.577,1.489,0.023
517,13.08,10.065,0.001,0.092,0.086,0,0,,0,,,,0,,,,,1004,1004,0,2,3,0,3,3,1,0,1,9,10,11,1,0,2,0,1,0,133472,0.655,1.6,0.028
518,8.925,5.48,0,0.107,0.089,0,0,,0,,,,0,,,,,1004,1004,0,2,3,0,3,3,1,0,1,9,10,11,1,0,2,0,1,0,133472,0.756,1.839,0.029
519,18.99,16.057,0.001,0.083,0.087,0,0,,0,,,,0,,,,,1004,1004,0,2,3,0,3,3,1,0,1,9,10,11,1,0,2,0,1,0,133472,0.55,1.698,0.028
520,13.02,9.692,0.001,0.2,0.061,0,0,,0,,,,0,,,,,1004,1004,0,2,3,0,3,3,1,0,1,9,10,11,1,0,2,0,1,0,133472,0.791,1.539,0.026
521,14.057,10.619,0.001,0.089,0.072,0,0,,0,,,,0,,,,,1004,1004,0,2,3,0,3,3,1,0,1,9,10,11,1,0,2,0,1,0,133472,0.83,1.7,0.032
522,7.967,5.641,0,0.081,0.067,0,0,,0,,,,0,,,,,1004,1004,0,2,3,0,3,3,1,0,1,9,10,11,1,0,2,0,1,0,133472,0.542,1.164,0.024
523,19.77,17.163,0.001,0.083,0.069,0,0,,0,,,,0,,,,,1004,1004,0,2,3,0,3,3,1,0,1,9,10,11,1,0,2,0,1,0,133472,0.64,1.29,0.024
524,15.314,12.525,0.001,0.119,0.067,0,0,,0,,,,0,,,,,1004,1004,0,2,3,0,3,3,1,0,1,9,10,11,1,0,2,0,1,0,133472,0.54,1.56,0.026
525,18.165,14.155,0.001,0.128,0.089,0,0,,0,,,,0,,,,,1004,1004,0,2,3,0,3,3,1,0,1,9,10,11,1,0,2,0,1,0,133472,0.785,2.2,0.036
526,11.303,8.21,0.001,0.122,0.084,0,0,,0,,,,0,,,,,1004,1004,0,2,3,0,3,3,1,0,1,9,10,11,1,0,2,0,1,0,133472,0.683,1.593,0.027
527,22.139,18.962,0.001,0.096,0.088,0,0,,0,,,,0,,,,,1004,1004,0,2,3,0,3,3,1,0,1,9,10,11,1,0,2,0,1,0,133472,0.7,1.699,0.025
528,49.155,45.494,0.001,0.112,0.073,0,0,,0,,,,0,,,,,1004,1004,0,2,3,0,3,3,1,0,1,9,10,11,1,0,2,0,1,0,133472,0.842,1.975,0.026
529,13.592,10.564,0.001,0.085,0.068,0,0,,0,,,,0,,,,,1004,1004,0,2,3,0,3,3,1,0,1,9,10,11,1,0,2,0,1,0,133472,0.659,1.637,0.023
530,9.432,6.125,0.001,0.079,0.135,0,0,,0,,,,0,,,,,1004,1004,0,2,3,0,3,3,1,0,1,9,10,11,1,0,2,0,1,0,133472,0.683,1.844,0.028
531,10.48,7.32,0,0.101,0.091,0,0,,0,,,,0,,,,,1004,1004,0,2,3,0,3,3,1,0,1,9,10,11,1,0,2,0,1,0,133472,0.668,1.717,0.024
532,8.822,6.174,0,0.07,0.062,0,0,,0,,,,0,,,,,1004,1004,0,2,3,0,3,3,1,0,1,9,10,11,1,0,2,0,1,0,133472,0.528,1.537,0.038
533,20.667,17.964,0.001,0.089,0.071,0,0,,0,,,,0,,,,,1004,1004,0,2,3,0,3,3,1,0,1,9,10,11,1,0,2,0,1,0,133472,0.585,1.459,0.022
534,12.228,8.098,0.001,0.14,0.094,0,0,,0,,,,0,,,,,1004,1004,0,2,3,0,3,3,1,0,1,9,10,11,1,0,2,0,1,0,133472,0.881,1.879,0.028
535,11.422,8.801,0,0.079,0.079,0,0,,0,,,,0,,,,,1004,1004,0,2,3,0,3,3,1,0,1,9,10,11,1,0,2,0,1,0,133472,0.538,1.426,0.026
536,15.588,13.073,0.001,0.079,0.075,0,0,,0,,,,0,,,,,1004,1004,0,2,3,0,3,3,1,0,1,9,10,11,1,0,2,0,1,0,133472,0.525,1.314,0.025
537,11.684,8.729,0,0.087,0.064,0,0,,0,,,,0,,,,,1004,1004,0,2,3,0,3,3,1,0,1,9,10,11,1,0,2,0,1,0,133472,0.658,1.594,0.029
538,17.404,14.113,0.001,0.098,0.073,0,0,,0,,,,0,,,,,1004,1004,0,2,3,0,3,3,1,0,1,9,10,11,1,0,2,0,1,0,133472,0.655,1.821,0.028
539,18.802,14.703,0.001,0.143,0.113,0,0,,0,,,,0,,,,,1004,1004,0,2,3,0,3,3,1,0,1,9,10,11,1,0,2,0,1,0,133472,0.705,2.393,0.036
540,31.248,27.954,0.001,0.089,0.072,0,0,,1,1562.5,232017920,288886784,1,71217344,71217344,167755776,38823561584,1004,1004,0,2,3,0,3,3,1,0,1,9,10,11,1,0,2,0,1,0,133472,0.66,1.878,0.029
541,8.068,4.524,0.001,0.156,0.139,0,0,,0,,,,0,,,,,1004,1004,0,2,3,0,3,3,1,0,1,9,10,11,1,0,2,0,1,0,133472,0.532,2.037,0.029
542,9.232,6.252,0.001,0.083,0.064,0,0,,0,,,,0,,,,,1004,1004,0,2,3,0,3,3,1,0,1,9,10,11,1,0,2,0,1,0,133472,0.66,1.626,0.022
543,9.703,6.01,0,0.078,0.085,0,0,,0,,,,0,,,,,1004,1004,0,2,3,0,3,3,1,0,1,9,10,11,1,0,2,0,1,0,133472,1.028,1.674,0.028
544,5.409,2.243,0.001,0.091,0.063,0,0,,0,,,,0,,,,,1004,1004,0,2,3,0,3,3,1,0,1,9,10,11,1,0,2,0,1,0,133472,0.635,1.826,0.026
545,9.908,6.526,0.001,0.08,0.083,0,0,,0,,,,0,,,,,1004,1004,0,2,3,0,3,3,1,0,1,9,10,11,1,0,2,0,1,0,133472,0.732,1.858,0.029
546,7.538,4.4,0.001,0.095,0.092,0,0,,0,,,,0,,,,,1004,1004,0,2,3,0,3,3,1,0,1,9,10,11,1,0,2,0,1,0,133472,0.67,1.688,0.025
547,10.568,7.412,0.001,0.099,0.069,0,0,,0,,,,0,,,,,1004,1004,0,2,3,0,3,3,1,0,1,9,10,11,1,0,2,0,1,0,133472,0.68,1.717,0.027
548,6.863,4.091,0,0.085,0.061,0,0,,0,,,,0,,,,,1004,1004,0,2,3,0,3,3,1,0,1,9,10,11,1,0,2,0,1,0,133472,0.669,1.436,0.025
549,14.383,11.011,0.001,0.099,0.073,0,0,,0,,,,0,,,,,1004,1004,0,2,3,0,3,3,1,0,1,9,10,11,1,0,2,0,1,0,133472,0.715,1.813,0.029
550,14.62,11.546,0.001,0.081,0.091,0,0,,0,,,,0,,,,,1004,1004,0,2,3,0,3,3,1,0,1,9,10,11,1,0,2,0,1,0,133472,0.649,1.688,0.028
551,11.49,8.426,0,0.094,0.085,0,0,,0,,,,0,,,,,1004,1004,0,2,3,0,3,3,1,0,1,9,10,11,1,0,2,0,1,0,133472,0.487,1.838,0.028
552,7.015,4.03,0.001,0.087,0.062,0,0,,0,,,,0,,,,,1004,1004,0,2,3,0,3,3,1,0,1,9,10,11,1,0,2,0,1,0,133472,0.629,1.64,0.022
553,16.495,13.5,0.001,0.086,0.055,0,0,,0,,,,0,,,,,1004,1004,0,2,3,0,3,3,1,0,1,9,10,11,1,0,2,0,1,0,133472,0.586,1.648,0.025
554,11.481,8.227,0.001,0.089,0.073,0,0,,0,,,,0,,,,,1004,1004,0,2,3,0,3,3,1,0,1,9,10,11,1,0,2,0,1,0,133472,0.716,1.774,0.026
555,6.613,3.765,0.001,0.074,0.057,0,0,,0,,,,0,,,,,1004,1004,0,2,3,0,3,3,1,0,1,9,10,11,1,0,2,0,1,0,133472,0.617,1.569,0.024
556,14.394,11.547,0.001,0.091,0.087,0,0,,0,,,,0,,,,,1004,1004,0,2,3,0,3,3,1,0,1,9,10,11,1,0,2,0,1,0,133472,0.605,1.468,0.031
557,18.783,15.438,0.001,0.104,0.141,0,0,,0,,,,0,,,,,1004,1004,0,2,3,0,3,3,1,0,1,9,10,11,1,0,2,0,1,0,133472,0.679,1.735,0.026
558,8.979,5.69,0.001,0.086,0.078,0,0,,0,,,,0,,,,,1004,1004,0,2,3,0,3,3,1,0,1,9,10,11,1,0,2,0,1,0,133472,0.685,1.87,0.029
559,8.195,5.202,0.001,0.097,0.077,0,0,,0,,,,0,,,,,1004,1004,0,2,3,0,3,3,1,0,1,9,10,11,1,0,2,0,1,0,133472,0.674,1.538,0.027
560,19.495,16.905,0.001,0.079,0.063,0,0,,0,,,,0,,,,,1004,1004,0,2,3,0,3,3,1,0,1,9,10,11,1,0,2,0,1,0,133472,0.637,1.306,0.021
561,7.908,5.459,0.001,0.078,0.055,0,0,,0,,,,0,,,,,1004,1004,0,2,3,0,3,3,1,0,1,9,10,11,1,0,2,0,1,0,133472,0.528,1.322,0.026
562,11.134,8.284,0,0.079,0.117,0,0,,0,,,,0,,,,,1004,1004,0,2,3,0,3,3,1,0,1,9,10,11,1,0,2,0,1,0,133472,0.556,1.528,0.03
563,6.264,3.944,0,0.077,0.06,0,0,,0,,,,0,,,,,1004,1004,0,2,3,0,3,3,1,0,1,9,10,11,1,0,2,0,1,0,133472,0.597,1.14,0.017
564,24.032,21.703,0.001,0.142,0.068,0,0,,0,,,,0,,,,,1004,1004,0,2,3,0,3,3,1,0,1,9,10,11,1,0,2,0,1,0,133472,0.444,1.211,0.019
565,9.33,6.376,0.001,0.094,0.081,0,0,,0,,,,0,,,,,1004,1004,0,2,3,0,3,3,1,0,1,9,10,11,1,0,2,0,1,0,133472,0.66,1.533,0.027
566,13.236,10.042,0,0.064,0.09,0,0,,0,,,,0,,,,,1004,1004,0,2,3,0,3,3,1,0,1,9,10,11,1,0,2,0,1,0,133472,0.514,2.035,0.031
567,2.78,0.001,0,0.116,0.05,0,0,,0,,,,0,,,,,1004,1004,0,2,3,0,3,3,1,0,1,9,10,11,1,0,2,0,1,0,133472,0.642,1.534,0.016
568,2.173,0.001,0,0.062,0.045,0,0,,0,,,,0,,,,,1004,1004,0,2,3,0,3,3,1,0,1,9,10,11,1,0,2,0,1,0,133472,0.533,1.232,0.015
569,2.067,0,0,0.057,0.034,0,0,,0,,,,0,,,,,1004,1004,0,2,3,0,3,3,1,0,1,9,10,11,1,0,2,0,1,0,133472,0.534,1.162,0.011
570,2.569,0.558,0.001,0.076,0.056,0,0,,1,1703.125,232017920,288886784,1,71217344,71217344,167755776,38823561584,1004,1004,0,2,3,0,3,3,1,0,1,9,10,11,1,0,2,0,1,0,133472,0.397,1.173,0.013
571,1.741,0.001,0.001,0.054,0.036,0,0,,0,,,,0,,,,,1004,1004,0,2,3,0,3,3,1,0,1,9,10,11,1,0,2,0,1,0,133472,0.419,0.985,0.009
572,8.362,5.591,0.001,0.157,0.062,0,0,,0,,,,0,,,,,1004,1004,0,2,3,0,3,3,1,0,1,9,10,11,1,0,2,0,1,0,133472,0.61,1.371,0.027
573,6.8,4.172,0,0.128,0.057,0,0,,0,,,,0,,,,,1004,1004,0,2,3,0,3,3,1,0,1,9,10,11,1,0,2,0,1,0,133472,0.534,1.414,0.02
574,3.112,0.644,0,0.14,0.048,0,0,,0,,,,0,,,,,1004,1004,0,2,3,0,3,3,1,0,1,9,10,11,1,0,2,0,1,0,133472,0.464,1.44,0.015
575,3.084,0.001,0,0.053,0.061,0,0,,0,,,,0,,,,,1004,1004,0,2,3,0,3,3,1,0,1,9,10,11,1,0,2,0,1,0,133472,0.638,1.898,0.026
576,6.678,4.66,0,0.067,0.043,0,0,,0,,,,0,,,,,1004,1004,0,2,3,0,3,3,1,0,1,9,10,11,1,0,2,0,1,0,133472,0.435,1.1,0.019
577,7.158,5.165,0,0.068,0.074,0,0,,0,,,,0,,,,,1004,1004,0,2,3,0,3,3,1,0,1,9,10,11,1,0,2,0,1,0,133472,0.399,1.077,0.033
578,3.176,0.001,0,0.077,0.059,0,0,,0,,,,0,,,,,1004,1004,0,2,3,0,3,3,1,0,1,9,10,11,1,0,2,0,1,0,133472,1.073,1.502,0.021
579,2.212,0.001,0,0.072,0.049,0,0,,0,,,,0,,,,,1004,1004,0,2,3,0,3,3,1,0,1,9,10,11,1,0,2,0,1,0,133472,0.462,1.273,0.016
580,2.062,0,0.001,0.056,0.044,0,0,,0,,,,0,,,,,1004,1004,0,2,3,0,3,3,1,0,1,9,10,11,1,0,2,0,1,0,133472,0.553,1.102,0.013
581,2.135,0,0,0.056,0.03,0,0,,0,,,,0,,,,,1004,1004,0,2,3,0,3,3,1,0,1,9,10,11,1,0,2,0,1,0,133472,0.514,1.231,0.012
582,3.128,1.279,0,0.061,0.046,0,0,,0,,,,0,,,,,1004,1004,0,2,3,0,3,3,1,0,1,9,10,11,1,0,2,0,1,0,133472,0.395,1.045,0.025
583,7.541,4.218,0,0.068,0.07,0,0,,0,,,,0,,,,,1004,1004,0,2,3,0,3,3,1,0,1,9,10,11,1,0,2,0,1,0,133472,0.646,1.993,0.039
584,3.417,0.001,0,0.072,0.048,0,0,,0,,,,0,,,,,1004,1004,0,2,3,0,3,3,1,0,1,9,10,11,1,0,2,0,1,0,133472,0.847,2.008,0.02
585,2.822,0,0.001,0.064,0.049,0,0,,0,,,,0,,,,,1004,1004,0,2,3,0,3,3,1,0,1,9,10,11,1,0,2,0,1,0,133472,0.723,1.575,0.025
586,2.972,0.001,0.001,0.077,0.061,0,0,,0,,,,0,,,,,1004,1004,0,2,3,0,3,3,1,0,1,9,10,11,1,0,2,0,1,0,133472,0.661,1.679,0.023
587,2.602,0.013,0,0.084,0.048,0,0,,0,,,,0,,,,,1004,1004,0,2,3,0,3,3,1,0,1,9,10,11,1,0,2,0,1,0,133472,0.542,1.474,0.019
588,2.758,0,0,0.074,0.052,0,0,,0,,,,0,,,,,1004,1004,0,2,3,0,3,3,1,0,1,9,10,11,1,0,2,0,1,0,133472,0.65,1.554,0.02
589,2.943,0.001,0.001,0.081,0.037,0,0,,0,,,,0,,,,,1004,1004,0,2,3,0,3,3,1,0,1,9,10,11,1,0,2,0,1,0,133472,0.734,1.6,0.021
590,11.897,9.029,0.001,0.139,0.076,0,0,,0,,,,0,,,,,1004,1004,0,2,3,0,3,3,1,0,1,9,10,11,1,0,2,0,1,0,133472,0.559,1.541,0.021
591,3.012,0.001,0,0.061,0.074,0,0,,0,,,,0,,,,,1004,1004,0,2,3,0,3,3,1,0,1,9,10,11,1,0,2,0,1,0,133472,0.749,1.688,0.03
592,2.609,0.001,0,0.102,0.037,0,0,,0,,,,0,,,,,1004,1004,0,2,3,0,3,3,1,0,1,9,10,11,1,0,2,0,1,0,133472,0.645,1.438,0.012
593,3.087,0.667,0.001,0.14,0.069,0,0,,0,,,,0,,,,,1004,1004,0,2,3,0,3,3,1,0,1,9,10,11,1,0,2,0,1,0,133472,0.54,1.264,0.018
594,2.103,0.001,0,0.065,0.032,0,0,,0,,,,0,,,,,1004,1004,0,2,3,0,3,3,1,0,1,9,10,11,1,0,2,0,1,0,133472,0.441,1.246,0.014
595,7.281,4.676,0.001,0.118,0.127,0,0,,0,,,,0,,,,,1004,1004,0,2,3,0,3,3,1,0,1,9,10,11,1,0,2,0,1,0,133472,0.481,1.33,0.021
596,2.973,0.449,0.001,0.128,0.039,0,0,,0,,,,0,,,,,1004,1004,0,2,3,0,3,3,1,0,1,9,10,11,1,0,2,0,1,0,133472,0.598,1.297,0.016
597,2.346,0.22,0,0.072,0.055,0,0,,0,,,,0,,,,,1004,1004,0,2,3,0,3,3,1,0,1,9,10,11,1,0,2,0,1,0,133472,0.38,1.276,0.023
598,1.994,0.001,0.001,0.153,0.033,0,0,,0,,,,0,,,,,1004,1004,0,2,3,0,3,3,1,0,1,9,10,11,1,0,2,0,1,0,133472,0.456,1.055,0.012
599,2.101,0.001,0,0.053,0.025,0,0,,0,,,,0,,,,,1004,1004,0,2,3,0,3,3,1,0,1,9,10,11,1,0,2,0,1,0,133472,0.51,1.226,0.011
600,3.124,0.776,0.001,0.105,0.044,0,0,,1,1812.5,232017920,288886784,1,71217344,71217344,167755776,38823561584,1004,1004,0,2,3,0,3,3,1,0,1,9,10,11,1,0,2,0,1,0,133472,0.5,1.287,0.027
601,1.888,0.001,0,0.084,0.034,0,0,,0,,,,0,,,,,1004,1004,0,2,3,0,3,3,1,0,1,9,10,11,1,0,2,0,1,0,133472,0.424,1.065,0.012
602,2.847,0.001,0,0.037,0.066,0,0,,0,,,,0,,,,,1004,1004,0,2,3,0,3,3,1,0,1,9,10,11,1,0,2,0,1,0,133472,0.419,1.949,0.03
603,2.781,0.001,0.001,0.093,0.047,0,0,,0,,,,0,,,,,1004,1004,0,2,3,0,3,3,1,0,1,9,10,11,1,0,2,0,1,0,133472,0.657,1.561,0.017
604,2.071,0.001,0.001,0.061,0.029,0,0,,0,,,,0,,,,,1004,1004,0,2,3,0,3,3,1,0,1,9,10,11,1,0,2,0,1,0,133472,0.498,1.18,0.016
605,6.893,3.788,0,0.124,0.098,0,0,,0,,,,0,,,,,1004,1004,0,2,3,0,3,3,1,0,1,9,10,11,1,0,2,0,1,0,133472,0.536,1.791,0.029
606,3.485,0.002,0.001,0.08,0.047,0,0,,0,,,,0,,,,,1004,1004,0,2,3,0,3,3,1,0,1,9,10,11,1,0,2,0,1,0,133472,0.58,2.343,0.024
607,2.761,0.001,0,0.08,0.049,0,0,,0,,,,0,,,,,1004,1004,0,2,3,0,3,3,1,0,1,9,10,11,1,0,2,0,1,0,133472,0.949,1.174,0.019
608,2.629,0.001,0,0.072,0.064,0,0,,0,,,,0,,,,,1004,1004,0,2,3,0,3,3,1,0,1,9,10,11,1,0,2,0,1,0,133472,0.485,1.278,0.016
609,2.231,0.001,0,0.073,0.029,0,0,,0,,,,0,,,,,1004,1004,0,2,3,0,3,3,1,0,1,9,10,11,1,0,2,0,1,0,133472,0.553,1.246,0.011
610,2.255,0,0,0.05,0.046,0,0,,0,,,,0,,,,,1004,1004,0,2,3,0,3,3,1,0,1,9,10,11,1,0,2,0,1,0,133472,0.48,1.318,0.027
611,4.395,2.533,0.001,0.053,0.043,0,0,,0,,,,0,,,,,1004,1004,0,2,3,0,3,3,1,0,1,9,10,11,1,0,2,0,1,0,133472,0.389,1.067,0.011
612,3.849,0.823,0,0.048,0.071,0,0,,0,,,,0,,,,,1004,1004,0,2,3,0,3,3,1,0,1,9,10,11,1,0,2,0,1,0,133472,0.408,2.104,0.027
613,2.516,0.309,0.001,0.122,0.038,0,0,,0,,,,0,,,,,1004,1004,0,2,3,0,3,3,1,0,1,9,10,11,1,0,2,0,1,0,133472,0.503,1.128,0.012
614,3.149,1.517,0,0.048,0.05,0,0,,0,,,,0,,,,,1004,1004,0,2,3,0,3,3,1,0,1,9,10,11,1,0,2,0,1,0,133472,0.396,0.821,0.009
615,4.027,1.938,0,0.09,0.053,0,0,,0,,,,0,,,,,1004,1004,0,2,3,0,3,3,1,0,1,9,10,11,1,0,2,0,1,0,133472,0.488,1.087,0.013
616,3.589,1.475,0,0.125,0.054,0,0,,0,,,,0,,,,,1004,1004,0,2,3,0,3,3,1,0,1,9,10,11,1,0,2,0,1,0,133472,0.427,1.123,0.013
617,3.629,0.639,0.001,0.088,0.059,0,0,,0,,,,0,,,,,1004,1004,0,2,3,0,3,3,1,0,1,9,10,11,1,0,2,0,1,0,133472,0.612,1.712,0.021
618,2.655,0.267,0.001,0.064,0.112,0,0,,0,,,,0,,,,,1004,1004,0,2,3,0,3,3,1,0,1,9,10,11,1,0,2,0,1,0,133472,0.44,1.305,0.021
619,5.643,3.067,0,0.08,0.06,0,0,,0,,,,0,,,,,1004,1004,0,2,3,0,3,3,1,0,1,9,10,11,1,0,2,0,1,0,133472,0.595,1.391,0.021
620,2.917,1.554,0.001,0.099,0.028,0,0,,0,,,,0,,,,,1004,1004,0,2,3,0,3,3,1,0,1,9,10,11,1,0,2,0,1,0,133472,0.333,0.624,0.006
621,4.99,1.683,0,0.177,0.154,0,0,,0,,,,0,,,,,1004,1004,0,2,3,0,3,3,1,0,1,9,10,11,1,0,2,0,1,0,133472,0.95,1.455,0.02
622,3.256,0.111,0,0.079,0.046,0,0,,0,,,,0,,,,,1004,1004,0,2,3,0,3,3,1,0,1,9,10,11,1,0,2,0,1,0,133472,0.836,1.628,0.013
623,4.152,1.277,0,0.087,0.077,0,0,,0,,,,0,,,,,1004,1004,0,2,3,0,3,3,1,0,1,9,10,11,1,0,2,0,1,0,133472,0.921,1.302,0.023
624,6.617,3.519,0.001,0.115,0.686,0,0,,0,,,,0,,,,,1004,1004,0,2,3,0,3,3,1,0,1,9,10,11,1,0,2,0,1,0,133472,0.546,1.277,0.019
625,5.316,2.161,0,0.146,0.06,0,0,,0,,,,0,,,,,1004,1004,0,2,3,0,3,3,1,0,1,9,10,11,1,0,2,0,1,0,133472,0.67,1.656,0.023
626,3.351,1.184,0,0.062,0.053,0,0,,0,,,,0,,,,,1004,1004,0,2,3,0,3,3,1,0,1,9,10,11,1,0,2,0,1,0,133472,0.484,1.165,0.029
627,8.378,6.441,0,0.06,0.053,0,0,,0,,,,0,,,,,1004,1004,0,2,3,0,3,3,1,0,1,9,10,11,1,0,2,0,1,0,133472,0.473,0.997,0.015
628,3.351,0.001,0,0.052,0.06,0,0,,0,,,,0,,,,,1004,1004,0,2,3,0,3,3,1,0,1,9,10,11,1,0,2,0,1,0,133472,0.799,1.912,0.036
629,2.492,0.371,0.001,0.078,0.059,0,0,,0,,,,0,,,,,1004,1004,0,2,3,0,3,3,1,0,1,9,10,11,1,0,2,0,1,0,133472,0.461,1.108,0.016
630,5.606,3.56,0,0.07,0.05,0,0,,1,1890.625,230887424,287170560,1,71217344,71217344,167755776,38823561584,1004,1004,0,2,3,0,3,3,1,0,1,9,10,11,1,0,2,0,1,0,133472,0.465,1.087,0.014
631,4.507,2.584,0,0.081,0.051,0,0,,0,,,,0,,,,,1004,1004,0,2,3,0,3,3,1,0,1,9,10,11,1,0,2,0,1,0,133472,0.423,1.076,0.012
632,3.009,0.001,0,0.041,0.058,0,0,,0,,,,0,,,,,1004,1004,0,2,3,0,3,3,1,0,1,9,10,11,1,0,2,0,1,0,133472,0.623,1.859,0.018
633,2.858,0.65,0.001,0.094,0.054,0,0,,0,,,,0,,,,,1004,1004,0,2,3,0,3,3,1,0,1,9,10,11,1,0,2,0,1,0,133472,0.455,1.206,0.015
634,1.941,0.001,0.001,0.059,0.042,0,0,,0,,,,0,,,,,1004,1004,0,2,3,0,3,3,1,0,1,9,10,11,1,0,2,0,1,0,133472,0.467,1.087,0.013
635,1.862,0,0,0.066,0.036,0,0,,0,,,,0,,,,,1004,1004,0,2,3,0,3,3,1,0,1,9,10,11,1,0,2,0,1,0,133472,0.426,1.07,0.012
636,2.126,0,0,0.061,0.042,0,0,,0,,,,0,,,,,1004,1004,0,2,3,0,3,3,1,0,1,9,10,11,1,0,2,0,1,0,133472,0.467,1.254,0.014
637,2.954,1.17,0,0.055,0.076,0,0,,0,,,,0,,,,,1004,1004,0,2,3,0,3,3,1,0,1,9,10,11,1,0,2,0,1,0,133472,0.401,0.973,0.01
638,1.994,0.001,0,0.048,0.059,0,0,,0,,,,0,,,,,1004,1004,0,2,3,0,3,3,1,0,1,9,10,11,1,0,2,0,1,0,133472,0.457,1.159,0.012
639,3.117,0.001,0,0.062,0.073,0,0,,0,,,,0,,,,,1004,1004,0,2,3,0,3,3,1,0,1,9,10,11,1,0,2,0,1,0,133472,0.68,1.917,0.027
640,2.43,0.002,0.001,0.065,0.087,0,0,,0,,,,0,,,,,1004,1004,0,2,3,0,3,3,1,0,1,9,10,11,1,0,2,0,1,0,133472,0.548,1.271,0.018
641,1.957,0.001,0,0.047,0.039,0,0,,0,,,,0,,,,,1004,1004,0,2,3,0,3,3,1,0,1,9,10,11,1,0,2,0,1,0,133472,0.44,1.139,0.011
642,1.906,0,0,0.051,0.029,0,0,,0,,,,0,,,,,1004,1004,0,2,3,0,3,3,1,0,1,9,10,11,1,0,2,0,1,0,133472,0.487,1.065,0.008
643,2.351,0.302,0.001,0.167,0.055,0,0,,0,,,,0,,,,,1004,1004,0,2,3,0,3,3,1,0,1,9,10,11,1,0,2,0,1,0,133472,0.479,0.994,0.016
644,1.754,0,0,0.056,0.036,0,0,,0,,,,0,,,,,1004,1004,0,2,3,0,3,3,1,0,1,9,10,11,1,0,2,0,1,0,133472,0.403,0.995,0.022
645,1.789,0,0,0.05,0.035,0,0,,0,,,,0,,,,,1004,1004,0,2,3,0,3,3,1,0,1,9,10,11,1,0,2,0,1,0,133472,0.393,1.064,0.01
646,3.03,0,0,0.045,0.081,0,0,,0,,,,0,,,,,1004,1004,0,2,3,0,3,3,1,0,1,9,10,11,1,0,2,0,1,0,133472,0.476,1.935,0.031
647,2.987,0.002,0.001,0.094,0.06,0,0,,0,,,,0,,,,,1004,1004,0,2,3,0,3,3,1,0,1,9,10,11,1,0,2,0,1,0,133472,0.705,1.613,0.024
648,2.405,0.043,0,0.075,0.054,0,0,,0,,,,0,,,,,1004,1004,0,2,3,0,3,3,1,0,1,9,10,11,1,0,2,0,1,0,133472,0.607,1.224,0.015
649,2.069,0,0.001,0.051,0.033,0,0,,0,,,,0,,,,,1004,1004,0,2,3,0,3,3,1,0,1,9,10,11,1,0,2,0,1,0,133472,0.48,1.205,0.013
650,4.389,2.38,0.001,0.058,0.054,0,0,,0,,,,0,,,,,1004,1004,0,2,3,0,3,3,1,0,1,9,10,11,1,0,2,0,1,0,133472,0.436,1.128,0.014
651,3.5,1.115,0,0.068,0.069,0,0,,0,,,,0,,,,,1004,1004,0,2,3,0,3,3,1,0,1,9,10,11,1,0,2,0,1,0,133472,0.462,1.418,0.021
652,3.016,1.032,0.001,0.063,0.037,0,0,,0,,,,0,,,,,1004,1004,0,2,3,0,3,3,1,0,1,9,10,11,1,0,2,0,1,0,133472,0.522,1.027,0.012
653,3.746,1.231,0.001,0.156,0.05,0,0,,0,,,,0,,,,,1004,1004,0,2,3,0,3,3,1,0,1,9,10,11,1,0,2,0,1,0,133472,0.509,1.315,0.018
654,4.353,2.4,0,0.111,0.039,0,0,,0,,,,0,,,,,1004,1004,0,2,3,0,3,3,1,0,1,9,10,11,1,0,2,0,1,0,133472,0.413,1.006,0.011
655,3.181,1.108,0,0.056,0.054,0,0,,0,,,,0,,,,,1004,1004,0,2,3,0,3,3,1,0,1,9,10,11,1,0,2,0,1,0,133472,0.422,1.188,0.013
656,2.541,0.001,0,0.055,0.066,0,0,,0,,,,0,,,,,1004,1004,0,2,3,0,3,3,1,0,1,9,10,11,1,0,2,0,1,0,133472,0.487,1.526,0.022
657,2.72,0.001,0.001,0.085,0.04,0,0,,0,,,,0,,,,,1004,1004,0,2,3,0,3,3,1,0,1,9,10,11,1,0,2,0,1,0,133472,0.649,1.455,0.012
658,2.145,0.001,0,0.075,0.046,0,0,,0,,,,0,,,,,1004,1004,0,2,3,0,3,3,1,0,1,9,10,11,1,0,2,0,1,0,133472,0.506,1.227,0.011
659,2.13,0,0,0.047,0.037,0,0,,0,,,,0,,,,,1004,1004,0,2,3,0,3,3,1,0,1,9,10,11,1,0,2,0,1,0,133472,0.484,1.255,0.011
660,1.962,0,0,0.047,0.029,0,0,,1,1984.375,230952960,287170560,1,71217344,71217344,167755776,38823561584,1004,1004,0,2,3,0,3,3,1,0,1,9,10,11,1,0,2,0,1,0,133472,0.443,1.164,0.009
661,1.922,0.079,0,0.054,0.032,0,0,,0,,,,0,,,,,1004,1004,0,2,3,0,3,3,1,0,1,9,10,11,1,0,2,0,1,0,133472,0.415,1.084,0.01
662,3.556,1.487,0,0.057,0.039,0,0,,0,,,,0,,,,,1004,1004,0,2,3,0,3,3,1,0,1,9,10,11,1,0,2,0,1,0,133472,0.409,1.287,0.013
663,4.519,1.253,0,0.139,0.06,0,0,,0,,,,0,,,,,1004,1004,0,2,3,0,3,3,1,0,1,9,10,11,1,0,2,0,1,0,133472,0.696,1.76,0.029
664,4.993,2.764,0.001,0.133,0.043,0,0,,0,,,,0,,,,,1004,1004,0,2,3,0,3,3,1,0,1,9,10,11,1,0,2,0,1,0,133472,0.469,1.194,0.015
665,3.851,1.794,0,0.106,0.04,0,0,,0,,,,0,,,,,1004,1004,0,2,3,0,3,3,1,0,1,9,10,11,1,0,2,0,1,0,133472,0.419,1.031,0.01
666,3.363,1.027,0,0.108,0.048,0,0,,0,,,,0,,,,,1004,1004,0,2,3,0,3,3,1,0,1,9,10,11,1,0,2,0,1,0,133472,0.542,1.114,0.013
667,3.458,0.786,0,0.103,0.046,0,0,,0,,,,0,,,,,1004,1004,0,2,3,0,3,3,1,0,1,9,10,11,1,0,2,0,1,0,133472,0.582,1.498,0.017
668,4.354,2.073,0.001,0.12,0.056,0,0,,0,,,,0,,,,,1004,1004,0,2,3,0,3,3,1,0,1,9,10,11,1,0,2,0,1,0,133472,0.471,1.181,0.014
669,5.545,3.59,0.001,0.114,0.04,0,0,,0,,,,0,,,,,1004,1004,0,2,3,0,3,3,1,0,1,9,10,11,1,0,2,0,1,0,133472,0.369,0.964,0.01
670,2.129,0.086,0,0.038,0.046,0,0,,0,,,,0,,,,,1004,1004,0,2,3,0,3,3,1,0,1,9,10,11,1,0,2,0,1,0,133472,0.401,1.249,0.013
671,3.766,0,0,0.078,0.105,0,0,,0,,,,0,,,,,1004,1004,0,2,3,0,3,3,1,0,1,9,10,11,1,0,2,0,1,0,133472,0.75,2.327,0.036
672,3.179,0.001,0.001,0.137,0.047,0,0,,0,,,,0,,,,,1004,1004,0,2,3,0,3,3,1,0,1,9,10,11,1,0,2,0,1,0,133472,0.983,1.356,0.02
673,7.28,5.428,0,0.058,0.059,0,0,,0,,,,0,,,,,1004,1004,0,2,3,0,3,3,1,0,1,9,10,11,1,0,2,0,1,0,133472,0.427,0.937,0.015
674,6.429,4.144,0,0.053,0.17,0,0,,0,,,,0,,,,,1004,1004,0,2,3,0,3,3,1,0,1,9,10,11,1,0,2,0,1,0,133472,0.521,1.151,0.032
675,7.527,5.338,0.001,0.1,0.052,0,0,,0,,,,0,,,,,1004,1004,0,2,3,0,3,3,1,0,1,9,10,11,1,0,2,0,1,0,133472,0.453,1.177,0.017
676,9.912,6.607,0,0.076,0.079,0,0,,0,,,,0,,,,,1004,1004,0,2,3,0,3,3,1,0,1,9,10,11,1,0,2,0,1,0,133472,0.721,1.944,0.027
677,5.247,2.717,0.001,0.059,0.066,0,0,,0,,,,0,,,,,1004,1004,0,2,3,0,3,3,1,0,1,9,10,11,1,0,2,0,1,0,133472,0.554,1.447,0.023
678,2.207,0,0,0.073,0.034,0,0,,0,,,,0,,,,,1004,1004,0,2,3,0,3,3,1,0,1,9,10,11,1,0,2,0,1,0,133472,0.437,1.301,0.015
679,1.93,0.001,0,0.049,0.03,0,0,,0,,,,0,,,,,1004,1004,0,2,3,0,3,3,1,0,1,9,10,11,1,0,2,0,1,0,133472,0.47,1.132,0.011
680,1.851,0,0,0.06,0.029,0,0,,0,,,,0,,,,,1004,1004,0,2,3,0,3,3,1,0,1,9,10,11,1,0,2,0,1,0,133472,0.429,1.067,0.01
681,1.875,0.001,0,0.048,0.023,0,0,,0,,,,0,,,,,1004,1004,0,2,3,0,3,3,1,0,1,9,10,11,1,0,2,0,1,0,133472,0.421,1.152,0.01
682,2.632,0,0,0.054,0.033,0,0,,0,,,,0,,,,,1004,1004,0,2,3,0,3,3,1,0,1,9,10,11,1,0,2,0,1,0,133472,0.534,1.691,0.016
683,2.106,0,0,0.066,0.033,0,0,,0,,,,0,,,,,1004,1004,0,2,3,0,3,3,1,0,1,9,10,11,1,0,2,0,1,0,133472,0.486,1.212,0.012
684,3.398,1.28,0.001,0.133,0.048,0,0,,0,,,,0,,,,,1004,1004,0,2,3,0,3,3,1,0,1,9,10,11,1,0,2,0,1,0,133472,0.43,1.166,0.012
685,1.859,0.001,0,0.043,0.03,0,0,,0,,,,0,,,,,1004,1004,0,2,3,0,3,3,1,0,1,9,10,11,1,0,2,0,1,0,133472,0.418,1.115,0.011
686,1.61,0,0,0.051,0.032,0,0,,0,,,,0,,,,,1004,1004,0,2,3,0,3,3,1,0,1,9,10,11,1,0,2,0,1,0,133472,0.367,0.935,0.008
687,1.582,0,0,0.04,0.024,0,0,,0,,,,0,,,,,1004,1004,0,2,3,0,3,3,1,0,1,9,10,11,1,0,2,0,1,0,133472,0.399,0.901,0.007
688,2.696,0.269,0.001,0.052,0.048,0,0,,0,,,,0,,,,,1004,1004,0,2,3,0,3,3,1,0,1,9,10,11,1,0,2,0,1,0,133472,0.524,1.423,0.011
689,1.989,0,0,0.042,0.04,0,0,,0,,,,0,,,,,1004,1004,0,2,3,0,3,3,1,0,1,9,10,11,1,0,2,0,1,0,133472,0.37,1.261,0.015
690,2.902,0,0,0.153,0.049,0,0,,1,2062.5,230952960,287170560,1,71217344,71217344,167755776,38823561584,1004,1004,0,2,3,0,3,3,1,0,1,9,10,11,1,0,2,0,1,0,133472,0.725,1.442,0.038
691,2.702,0.001,0.001,0.068,0.056,0,0,,0,,,,0,,,,,1004,1004,0,2,3,0,3,3,1,0,1,9,10,11,1,0,2,0,1,0,133472,0.574,1.623,0.019
692,2.898,0,0,0.101,0.058,0,0,,0,,,,0,,,,,1004,1004,0,2,3,0,3,3,1,0,1,9,10,11,1,0,2,0,1,0,133472,0.564,1.763,0.018
693,2.181,0,0.001,0.089,0.027,0,0,,0,,,,0,,,,,1004,1004,0,2,3,0,3,3,1,0,1,9,10,11,1,0,2,0,1,0,133472,0.611,1.053,0.008
694,1.958,0.001,0,0.042,0.031,0,0,,0,,,,0,,,,,1004,1004,0,2,3,0,3,3,1,0,1,9,10,11,1,0,2,0,1,0,133472,0.426,1.216,0.01
695,1.973,0,0,0.05,0.028,0,0,,0,,,,0,,,,,1004,1004,0,2,3,0,3,3,1,0,1,9,10,11,1,0,2,0,1,0,133472,0.475,1.16,0.009
696,4.433,1.793,0,0.07,0.066,0,0,,0,,,,0,,,,,1004,1004,0,2,3,0,3,3,1,0,1,9,10,11,1,0,2,0,1,0,133472,0.597,1.445,0.025
697,2.891,0.952,0.001,0.059,0.043,0,0,,0,,,,0,,,,,1004,1004,0,2,3,0,3,3,1,0,1,9,10,11,1,0,2,0,1,0,133472,0.376,1.119,0.017
698,6.013,4.234,0,0.06,0.057,0,0,,0,,,,0,,,,,1004,1004,0,2,3,0,3,3,1,0,1,9,10,11,1,0,2,0,1,0,133472,0.372,1.008,0.012
699,1.702,0.001,0,0.04,0.033,0,0,,0,,,,0,,,,,1004,1004,0,2,3,0,3,3,1,0,1,9,10,11,1,0,2,0,1,0,133472,0.409,0.976,0.011
700,1.802,0.001,0,0.052,0.031,0,0,,0,,,,0,,,,,1004,1004,0,2,3,0,3,3,1,0,1,9,10,11,1,0,2,0,1,0,133472,0.419,1.052,0.009
701,2.281,0,0,0.042,0.049,0,0,,0,,,,0,,,,,1004,1004,0,2,3,0,3,3,1,0,1,9,10,11,1,0,2,0,1,0,133472,0.431,1.447,0.022
702,2.564,0.079,0,0.07,0.058,0,0,,0,,,,0,,,,,1004,1004,0,2,3,0,3,3,1,0,1,9,10,11,1,0,2,0,1,0,133472,0.612,1.312,0.018
703,3.304,1.173,0,0.056,0.047,0,0,,0,,,,0,,,,,1004,1004,0,2,3,0,3,3,1,0,1,9,10,11,1,0,2,0,1,0,133472,0.562,1.166,0.011
704,1.844,0,0.001,0.057,0.034,0,0,,0,,,,0,,,,,1004,1004,0,2,3,0,3,3,1,0,1,9,10,11,1,0,2,0,1,0,133472,0.448,1.023,0.013
705,1.633,0,0,0.047,0.023,0,0,,0,,,,0,,,,,1004,1004,0,2,3,0,3,3,1,0,1,9,10,11,1,0,2,0,1,0,133472,0.445,0.852,0.009
706,4.433,2.587,0.001,0.132,0.028,0,0,,0,,,,0,,,,,1004,1004,0,2,3,0,3,3,1,0,1,9,10,11,1,0,2,0,1,0,133472,0.36,1.057,0.01
707,1.856,0.001,0,0.037,0.03,0,0,,0,,,,0,,,,,1004,1004,0,2,3,0,3,3,1,0,1,9,10,11,1,0,2,0,1,0,133472,0.418,1.122,0.013
708,2.776,0,0,0.077,0.041,0,0,,0,,,,0,,,,,1004,1004,0,2,3,0,3,3,1,0,1,9,10,11,1,0,2,0,1,0,133472,0.712,1.475,0.014
709,2.169,0,0,0.066,0.034,0,0,,0,,,,0,,,,,1004,1004,0,2,3,0,3,3,1,0,1,9,10,11,1,0,2,0,1,0,133472,0.516,1.272,0.009
710,1.723,0,0,0.037,0.024,0,0,,0,,,,0,,,,,1004,1004,0,2,3,0,3,3,1,0,1,9,10,11,1,0,2,0,1,0,133472,0.397,1.05,0.009
711,1.747,0,0,0.039,0.073,0,0,,0,,,,0,,,,,1004,1004,0,2,3,0,3,3,1,0,1,9,10,11,1,0,2,0,1,0,133472,0.419,0.983,0.007
712,3.293,0.426,0.001,0.198,0.038,0,0,,0,,,,0,,,,,1004,1004,0,2,3,0,3,3,1,0,1,9,10,11,1,0,2,0,1,0,133472,0.876,1.234,0.009
713,1.833,0,0,0.038,0.028,0,0,,0,,,,0,,,,,1004,1004,0,2,3,0,3,3,1,0,1,9,10,11,1,0,2,0,1,0,133472,0.574,0.971,0.008
714,1.615,0,0,0.048,0.026,0,0,,0,,,,0,,,,,1004,1004,0,2,3,0,3,3,1,0,1,9,10,11,1,0,2,0,1,0,133472,0.361,0.946,0.021
715,2.748,0,0.001,0.033,0.06,0,0,,0,,,,0,,,,,1004,1004,0,2,3,0,3,3,1,0,1,9,10,11,1,0,2,0,1,0,133472,0.444,1.889,0.023
716,2.565,0.001,0.001,0.093,0.038,0,0,,0,,,,0,,,,,1004,1004,0,2,3,0,3,3,1,0,1,9,10,11,1,0,2,0,1,0,133472,0.73,1.267,0.013
717,1.685,0.001,0,0.054,0.032,0,0,,0,,,,0,,,,,1004,1004,0,2,3,0,3,3,1,0,1,9,10,11,1,0,2,0,1,0,133472,0.403,0.948,0.008
718,2.075,0.406,0,0.073,0.027,0,0,,0,,,,0,,,,,1004,1004,0,2,3,0,3,3,1,0,1,9,10,11,1,0,2,0,1,0,133472,0.342,0.914,0.008
719,2.782,0.337,0,0.159,0.028,0,0,,0,,,,0,,,,,1004,1004,0,2,3,0,3,3,1,0,1,9,10,11,1,0,2,0,1,0,133472,0.542,1.371,0.008
720,1.693,0,0,0.042,0.03,0,0,,1,2140.625,230952960,287170560,1,71217344,71217344,167755776,38823561584,1004,1004,0,2,3,0,3,3,1,0,1,9,10,11,1,0,2,0,1,0,133472,0.383,1.002,0.008
721,1.576,0,0,0.034,0.027,0,0,,0,,,,0,,,,,1004,1004,0,2,3,0,3,3,1,0,1,9,10,11,1,0,2,0,1,0,133472,0.363,0.94,0.008
722,1.826,0,0,0.038,0.025,0,0,,0,,,,0,,,,,1004,1004,0,2,3,0,3,3,1,0,1,9,10,11,1,0,2,0,1,0,133472,0.414,1.12,0.009
723,2.211,0.001,0,0.038,0.038,0,0,,0,,,,0,,,,,1004,1004,0,2,3,0,3,3,1,0,1,9,10,11,1,0,2,0,1,0,133472,0.407,1.436,0.014
724,2.639,0,0.001,0.059,0.051,0,0,,0,,,,0,,,,,1004,1004,0,2,3,0,3,3,1,0,1,9,10,11,1,0,2,0,1,0,133472,0.611,1.44,0.015
725,2.043,0.001,0,0.055,0.032,0,0,,0,,,,0,,,,,1004,1004,0,2,3,0,3,3,1,0,1,9,10,11,1,0,2,0,1,0,133472,0.599,1.077,0.01
726,2.005,0.001,0,0.048,0.036,0,0,,0,,,,0,,,,,1004,1004,0,2,3,0,3,3,1,0,1,9,10,11,1,0,2,0,1,0,133472,0.505,1.157,0.008
727,1.761,0,0,0.043,0.022,0,0,,0,,,,0,,,,,1004,1004,0,2,3,0,3,3,1,0,1,9,10,11,1,0,2,0,1,0,133472,0.455,0.996,0.007
728,1.642,0,0,0.033,0.026,0,0,,0,,,,0,,,,,1004,1004,0,2,3,0,3,3,1,0,1,9,10,11,1,0,2,0,1,0,133472,0.398,0.956,0.009
729,1.619,0,0,0.041,0.019,0,0,,0,,,,0,,,,,1004,1004,0,2,3,0,3,3,1,0,1,9,10,11,1,0,2,0,1,0,133472,0.372,0.955,0.006
730,1.498,0,0,0.035,0.019,0,0,,0,,,,0,,,,,1004,1004,0,2,3,0,3,3,1,0,1,9,10,11,1,0,2,0,1,0,133472,0.339,0.912,0.007
731,2.788,0.367,0.001,0.155,0.07,0,0,,0,,,,0,,,,,1004,1004,0,2,3,0,3,3,1,0,1,9,10,11,1,0,2,0,1,0,133472,0.592,1.158,0.02
732,2.974,0.001,0,0.1,0.045,0,0,,0,,,,0,,,,,1004,1004,0,2,3,0,3,3,1,0,1,9,10,11,1,0,2,0,1,0,133472,0.76,1.478,0.017
733,2.7,0.001,0,0.062,0.041,0,0,,0,,,,0,,,,,1004,1004,0,2,3,0,3,3,1,0,1,9,10,11,1,0,2,0,1,0,133472,0.427,1.853,0.013
734,1.945,0,0,0.056,0.038,0,0,,0,,,,0,,,,,1004,1004,0,2,3,0,3,3,1,0,1,9,10,11,1,0,2,0,1,0,133472,0.431,1.144,0.012
735,1.657,0,0.001,0.05,0.028,0,0,,0,,,,0,,,,,1004,1004,0,2,3,0,3,3,1,0,1,9,10,11,1,0,2,0,1,0,133472,0.415,0.921,0.007
736,1.534,0,0,0.032,0.035,0,0,,0,,,,0,,,,,1004,1004,0,2,3,0,3,3,1,0,1,9,10,11,1,0,2,0,1,0,133472,0.396,0.864,0.006
737,1.56,0,0,0.032,0.021,0,0,,0,,,,0,,,,,1004,1004,0,2,3,0,3,3,1,0,1,9,10,11,1,0,2,0,1,0,133472,0.348,0.959,0.007
738,2.464,0.421,0.001,0.148,0.028,0,0,,0,,,,0,,,,,1004,1004,0,2,3,0,3,3,1,0,1,9,10,11,1,0,2,0,1,0,133472,0.445,1.148,0.013
739,2.699,0,0,0.038,0.058,0,0,,0,,,,0,,,,,1004,1004,0,2,3,0,3,3,1,0,1,9,10,11,1,0,2,0,1,0,133472,0.37,1.919,0.022
740,1.962,0,0,0.057,0.051,0,0,,0,,,,0,,,,,1004,1004,0,2,3,0,3,3,1,0,1,9,10,11,1,0,2,0,1,0,133472,0.43,1.123,0.014
741,2.39,0.398,0,0.051,0.042,0,0,,0,,,,0,,,,,1004,1004,0,2,3,0,3,3,1,0,1,9,10,11,1,0,2,0,1,0,133472,0.468,1.125,0.01
742,1.907,0,0,0.048,0.032,0,0,,0,,,,0,,,,,1004,1004,0,2,3,0,3,3,1,0,1,9,10,11,1,0,2,0,1,0,133472,0.453,1.111,0.009
743,1.69,0.001,0,0.039,0.022,0,0,,0,,,,0,,,,,1004,1004,0,2,3,0,3,3,1,0,1,9,10,11,1,0,2,0,1,0,133472,0.423,0.966,0.007
744,2.467,0.413,0.001,0.102,0.035,0,0,,0,,,,0,,,,,1004,1004,0,2,3,0,3,3,1,0,1,9,10,11,1,0,2,0,1,0,133472,0.49,1.03,0.01
745,1.522,0,0,0.041,0.021,0,0,,0,,,,0,,,,,1004,1004,0,2,3,0,3,3,1,0,1,9,10,11,1,0,2,0,1,0,133472,0.359,0.898,0.006
746,2.684,0.406,0.001,0.147,0.024,0,0,,0,,,,0,,,,,1004,1004,0,2,3,0,3,3,1,0,1,9,10,11,1,0,2,0,1,0,133472,0.478,1.341,0.009
747,3.51,0.001,0.001,0.056,0.068,0,0,,0,,,,0,,,,,1004,1004,0,2,3,0,3,3,1,0,1,9,10,11,1,0,2,0,1,0,133472,1.205,1.502,0.023
748,1.931,0.002,0.001,0.075,0.03,0,0,,0,,,,0,,,,,1004,1004,0,2,3,0,3,3,1,0,1,9,10,11,1,0,2,0,1,0,133472,0.517,0.978,0.008
749,1.648,0.001,0,0.033,0.026,0,0,,0,,,,0,,,,,1004,1004,0,2,3,0,3,3,1,0,1,9,10,11,1,0,2,0,1,0,133472,0.377,1.005,0.007
750,1.701,0,0,0.036,0.021,0,0,,1,2203.125,230952960,287170560,1,71217344,71217344,167755776,38823561584,1004,1004,0,2,3,0,3,3,1,0,1,9,10,11,1,0,2,0,1,0,133472,0.369,1.037,0.008
751,2.319,0.69,0,0.101,0.031,0,0,,0,,,,0,,,,,1004,1004,0,2,3,0,3,3,1,0,1,9,10,11,1,0,2,0,1,0,133472,0.346,0.856,0.009
752,3.564,0.362,0.001,0.232,0.073,0,0,,0,,,,0,,,,,1004,1004,0,2,3,0,3,3,1,0,1,9,10,11,1,0,2,0,1,0,133472,0.748,1.449,0.015
753,1.856,0.001,0,0.046,0.022,0,0,,0,,,,0,,,,,1004,1004,0,2,3,0,3,3,1,0,1,9,10,11,1,0,2,0,1,0,133472,0.421,1.101,0.008
754,2.884,0.001,0,0.04,0.08,0,0,,0,,,,0,,,,,1004,1004,0,2,3,0,3,3,1,0,1,9,10,11,1,0,2,0,1,0,133472,0.577,1.735,0.03
755,2.06,0.002,0.001,0.096,0.035,0,0,,0,,,,0,,,,,1004,1004,0,2,3,0,3,3,1,0,1,9,10,11,1,0,2,0,1,0,133472,0.571,1.03,0.009
756,1.821,0,0,0.051,0.031,0,0,,0,,,,0,,,,,1004,1004,0,2,3,0,3,3,1,0,1,9,10,11,1,0,2,0,1,0,133472,0.428,1.038,0.01
757,1.983,0.001,0,0.042,0.032,0,0,,0,,,,0,,,,,1004,1004,0,2,3,0,3,3,1,0,1,9,10,11,1,0,2,0,1,0,133472,0.432,1.207,0.013
758,1.848,0,0,0.068,0.024,0,0,,0,,,,0,,,,,1004,1004,0,2,3,0,3,3,1,0,1,9,10,11,1,0,2,0,1,0,133472,0.485,1.008,0.007
759,1.586,0.001,0,0.035,0.021,0,0,,0,,,,0,,,,,1004,1004,0,2,3,0,3,3,1,0,1,9,10,11,1,0,2,0,1,0,133472,0.385,0.938,0.007
760,2.508,0.383,0.014,0.145,0.049,0,0,,0,,,,0,,,,,1004,1004,0,2,3,0,3,3,1,0,1,9,10,11,1,0,2,0,1,0,133472,0.485,1.106,0.013
761,2.025,0,0,0.054,0.064,0,0,,0,,,,0,,,,,1004,1004,0,2,3,0,3,3,1,0,1,9,10,11,1,0,2,0,1,0,133472,0.437,1.174,0.011
762,2.803,0,0,0.07,0.059,0,0,,0,,,,0,,,,,1004,1004,0,2,3,0,3,3,1,0,1,9,10,11,1,0,2,0,1,0,133472,0.715,1.453,0.022
763,2.767,0.001,0.001,0.068,0.058,0,0,,0,,,,0,,,,,1004,1004,0,2,3,0,3,3,1,0,1,9,10,11,1,0,2,0,1,0,133472,0.593,1.679,0.018
764,2.153,0.001,0.001,0.089,0.049,0,0,,0,,,,0,,,,,1004,1004,0,2,3,0,3,3,1,0,1,9,10,11,1,0,2,0,1,0,133472,0.639,1.04,0.013
765,1.887,0,0,0.075,0.028,0,0,,0,,,,0,,,,,1004,1004,0,2,3,0,3,3,1,0,1,9,10,11,1,0,2,0,1,0,133472,0.481,1.03,0.009
766,2.607,0.314,0,0.153,0.055,0,0,,0,,,,0,,,,,1004,1004,0,2,3,0,3,3,1,0,1,9,10,11,1,0,2,0,1,0,133472,0.504,1.211,0.014
767,2.004,0.001,0,0.061,0.035,0,0,,0,,,,0,,,,,1004,1004,0,2,3,0,3,3,1,0,1,9,10,11,1,0,2,0,1,0,133472,0.509,1.138,0.01
768,1.85,0,0,0.044,0.029,0,0,,0,,,,0,,,,,1004,1004,0,2,3,0,3,3,1,0,1,9,10,11,1,0,2,0,1,0,133472,0.407,1.103,0.011
769,2.793,0,0.001,0.049,0.052,0,0,,0,,,,0,,,,,1004,1004,0,2,3,0,3,3,1,0,1,9,10,11,1,0,2,0,1,0,133472,0.567,1.726,0.05
770,2.735,0.001,0,0.071,0.062,0,0,,0,,,,0,,,,,1004,1004,0,2,3,0,3,3,1,0,1,9,10,11,1,0,2,0,1,0,133472,0.696,1.396,0.022
771,2.577,0.001,0,0.069,0.04,0,0,,0,,,,0,,,,,1004,1004,0,2,3,0,3,3,1,0,1,9,10,11,1,0,2,0,1,0,133472,0.591,1.51,0.016
772,1.94,0.001,0,0.062,0.028,0,0,,0,,,,0,,,,,1004,1004,0,2,3,0,3,3,1,0,1,9,10,11,1,0,2,0,1,0,133472,0.491,1.036,0.011
773,3.3,0.834,0,0.143,0.048,0,0,,0,,,,0,,,,,1004,1004,0,2,3,0,3,3,1,0,1,9,10,11,1,0,2,0,1,0,133472,0.503,1.386,0.016
774,2.092,0,0,0.044,0.03,0,0,,0,,,,0,,,,,1004,1004,0,2,3,0,3,3,1,0,1,9,10,11,1,0,2,0,1,0,133472,0.433,1.316,0.024
775,4.128,0.928,0,0.219,0.067,0,0,,0,,,,0,,,,,1004,1004,0,2,3,0,3,3,1,0,1,9,10,11,1,0,2,0,1,0,133472,0.524,1.873,0.033
776,2.669,0.322,0.001,0.088,0.057,0,0,,0,,,,0,,,,,1004,1004,0,2,3,0,3,3,1,0,1,9,10,11,1,0,2,0,1,0,133472,0.532,1.256,0.02
777,4.425,2.296,0,0.091,0.037,0,0,,0,,,,0,,,,,1004,1004,0,2,3,0,3,3,1,0,1,9,10,11,1,0,2,0,1,0,133472,0.481,1.136,0.016
778,3.417,1.571,0,0.054,0.049,0,0,,0,,,,0,,,,,1004,1004,0,2,3,0,3,3,1,0,1,9,10,11,1,0,2,0,1,0,133472,0.392,1.014,0.015
779,2.078,0.291,0,0.064,0.035,0,0,,0,,,,0,,,,,1004,1004,0,2,3,0,3,3,1,0,1,9,10,11,1,0,2,0,1,0,133472,0.393,1.015,0.013
780,1.973,0.001,0,0.04,0.033,0,0,,1,2281.25,230952960,287170560,1,71217344,71217344,167755776,38823561584,1004,1004,0,2,3,0,3,3,1,0,1,9,10,11,1,0,2,0,1,0,133472,0.427,1.196,0.012
781,2.825,0,0,0.054,0.05,0,0,,0,,,,0,,,,,1004,1004,0,2,3,0,3,3,1,0,1,9,10,11,1,0,2,0,1,0,133472,0.613,1.712,0.016
782,2.214,0,0,0.062,0.03,0,0,,0,,,,0,,,,,1004,1004,0,2,3,0,3,3,1,0,1,9,10,11,1,0,2,0,1,0,133472,0.508,1.256,0.011
783,2.994,0.425,0.001,0.146,0.037,0,0,,0,,,,0,,,,,1004,1004,0,2,3,0,3,3,1,0,1,9,10,11,1,0,2,0,1,0,133472,0.54,1.436,0.022
784,2.264,0.001,0.001,0.076,0.037,0,0,,0,,,,0,,,,,1004,1004,0,2,3,0,3,3,1,0,1,9,10,11,1,0,2,0,1,0,133472,0.596,1.204,0.01
785,1.683,0,0,0.055,0.025,0,0,,0,,,,0,,,,,1004,1004,0,2,3,0,3,3,1,0,1,9,10,11,1,0,2,0,1,0,133472,0.423,0.935,0.007
786,3.878,1.684,0,0.153,0.041,0,0,,0,,,,0,,,,,1004,1004,0,2,3,0,3,3,1,0,1,9,10,11,1,0,2,0,1,0,133472,0.481,1.223,0.024
787,3.101,0,0,0.139,0.062,0,0,,0,,,,0,,,,,1004,1004,0,2,3,0,3,3,1,0,1,9,10,11,1,0,2,0,1,0,133472,1.06,1.353,0.031
788,1.961,0.001,0.001,0.06,0.03,0,0,,0,,,,0,,,,,1004,1004,0,2,3,0,3,3,1,0,1,9,10,11,1,0,2,0,1,0,133472,0.446,1.09,0.01
789,1.84,0.001,0,0.047,0.034,0,0,,0,,,,0,,,,,1004,1004,0,2,3,0,3,3,1,0,1,9,10,11,1,0,2,0,1,0,133472,0.415,1.093,0.01
790,2.191,0,0,0.044,0.045,0,0,,0,,,,0,,,,,1004,1004,0,2,3,0,3,3,1,0,1,9,10,11,1,0,2,0,1,0,133472,0.453,1.368,0.013
791,1.962,0.001,0,0.055,0.04,0,0,,0,,,,0,,,,,1004,1004,0,2,3,0,3,3,1,0,1,9,10,11,1,0,2,0,1,0,133472,0.49,1.072,0.01
792,1.676,0,0,0.052,0.026,0,0,,0,,,,0,,,,,1004,1004,0,2,3,0,3,3,1,0,1,9,10,11,1,0,2,0,1,0,133472,0.433,0.939,0.007
793,1.562,0.001,0.001,0.034,0.024,0,0,,0,,,,0,,,,,1004,1004,0,2,3,0,3,3,1,0,1,9,10,11,1,0,2,0,1,0,133472,0.378,0.924,0.007
794,2.354,0.59,0,0.043,0.045,0,0,,0,,,,0,,,,,1004,1004,0,2,3,0,3,3,1,0,1,9,10,11,1,0,2,0,1,0,133472,0.384,1.016,0.008
795,2.307,0.001,0.001,0.066,0.04,0,0,,0,,,,0,,,,,1004,1004,0,2,3,0,3,3,1,0,1,9,10,11,1,0,2,0,1,0,133472,0.84,0.978,0.023
796,1.879,0.001,0,0.045,0.048,0,0,,0,,,,0,,,,,1004,1004,0,2,3,0,3,3,1,0,1,9,10,11,1,0,2,0,1,0,133472,0.429,1.082,0.028
797,2.507,0.72,0,0.214,0.033,0,0,,0,,,,0,,,,,1004,1004,0,2,3,0,3,3,1,0,1,9,10,11,1,0,2,0,1,0,133472,0.332,0.922,0.01
798,2.15,0.001,0,0.072,0.041,0,0,,0,,,,0,,,,,1004,1004,0,2,3,0,3,3,1,0,1,9,10,11,1,0,2,0,1,0,133472,0.452,1.132,0.015
799,1.618,0.001,0.001,0.045,0.022,0,0,,0,,,,0,,,,,1004,1004,0,2,3,0,3,3,1,0,1,9,10,11,1,0,2,0,1,0,133472,0.417,0.88,0.008
800,1.563,0.001,0,0.037,0.025,0,0,,0,,,,0,,,,,1004,1004,0,2,3,0,3,3,1,0,1,9,10,11,1,0,2,0,1,0,133472,0.384,0.895,0.007
801,2.274,0.285,0.001,0.15,0.066,0,0,,0,,,,0,,,,,1004,1004,0,2,3,0,3,3,1,0,1,9,10,11,1,0,2,0,1,0,133472,0.434,0.98,0.023
802,1.65,0.001,0,0.047,0.025,0,0,,0,,,,0,,,,,1004,1004,0,2,3,0,3,3,1,0,1,9,10,11,1,0,2,0,1,0,133472,0.411,0.917,0.008
803,2.799,0.001,0,0.032,0.093,0,0,,0,,,,0,,,,,1004,1004,0,2,3,0,3,3,1,0,1,9,10,11,1,0,2,0,1,0,133472,0.449,1.797,0.035
804,2.562,0.002,0.001,0.089,0.026,0,0,,0,,,,0,,,,,1004,1004,0,2,3,0,3,3,1,0,1,9,10,11,1,0,2,0,1,0,133472,1.039,1.023,0.01
805,2.318,0.385,0,0.094,0.035,0,0,,0,,,,0,,,,,1004,1004,0,2,3,0,3,3,1,0,1,9,10,11,1,0,2,0,1,0,133472,0.36,1.104,0.011
806,1.702,0,0,0.039,0.022,0,0,,0,,,,0,,,,,1004,1004,0,2,3,0,3,3,1,0,1,9,10,11,1,0,2,0,1,0,133472,0.41,0.989,0.009
807,2.074,0.387,0,0.056,0.031,0,0,,0,,,,0,,,,,1004,1004,0,2,3,0,3,3,1,0,1,9,10,11,1,0,2,0,1,0,133472,0.387,0.878,0.009
808,1.563,0,0.001,0.038,0.027,0,0,,0,,,,0,,,,,1004,1004,0,2,3,0,3,3,1,0,1,9,10,11,1,0,2,0,1,0,133472,0.358,0.908,0.007
809,1.517,0,0,0.033,0.021,0,0,,0,,,,0,,,,,1004,1004,0,2,3,0,3,3,1,0,1,9,10,11,1,0,2,0,1,0,133472,0.366,0.889,0.007
810,1.682,0,0,0.031,0.024,0,0,,1,2312.5,230952960,287170560,1,71217344,71217344,167755776,38823561584,1004,1004,0,2,3,0,3,3,1,0,1,9,10,11,1,0,2,0,1,0,133472,0.402,1.001,0.01
811,2.597,0.001,0,0.034,0.07,0,0,,0,,,,0,,,,,1004,1004,0,2,3,0,3,3,1,0,1,9,10,11,1,0,2,0,1,0,133472,0.426,1.7,0.033
812,2.492,0.001,0.001,0.178,0.044,0,0,,0,,,,0,,,,,1004,1004,0,2,3,0,3,3,1,0,1,9,10,11,1,0,2,0,1,0,133472,0.553,1.317,0.015
813,2.22,0,0,0.057,0.082,0,0,,0,,,,0,,,,,1004,1004,0,2,3,0,3,3,1,0,1,9,10,11,1,0,2,0,1,0,133472,0.508,1.129,0.02
814,1.914,0.001,0.001,0.07,0.038,0,0,,0,,,,0,,,,,1004,1004,0,2,3,0,3,3,1,0,1,9,10,11,1,0,2,0,1,0,133472,0.456,1.038,0.013
815,1.775,0.001,0,0.045,0.027,0,0,,0,,,,0,,,,,1004,1004,0,2,3,0,3,3,1,0,1,9,10,11,1,0,2,0,1,0,133472,0.451,0.954,0.008
816,1.9,0,0,0.036,0.027,0,0,,0,,,,0,,,,,1004,1004,0,2,3,0,3,3,1,0,1,9,10,11,1,0,2,0,1,0,133472,0.56,1.026,0.008
817,1.76,0,0,0.052,0.022,0,0,,0,,,,0,,,,,1004,1004,0,2,3,0,3,3,1,0,1,9,10,11,1,0,2,0,1,0,133472,0.429,0.993,0.01
818,1.774,0.001,0,0.037,0.028,0,0,,0,,,,0,,,,,1004,1004,0,2,3,0,3,3,1,0,1,9,10,11,1,0,2,0,1,0,133472,0.387,1.082,0.01
819,2.834,0,0.001,0.046,0.076,0,0,,0,,,,0,,,,,1004,1004,0,2,3,0,3,3,1,0,1,9,10,11,1,0,2,0,1,0,133472,0.406,1.904,0.028
820,1.967,0.002,0.001,0.057,0.059,0,0,,0,,,,0,,,,,1004,1004,0,2,3,0,3,3,1,0,1,9,10,11,1,0,2,0,1,0,133472,0.471,0.95,0.027
821,2.588,0.108,0,0.086,0.071,0,0,,0,,,,0,,,,,1004,1004,0,2,3,0,3,3,1,0,1,9,10,11,1,0,2,0,1,0,133472,0.522,1.271,0.016
822,2.794,0.249,0.001,0.066,0.046,0,0,,0,,,,0,,,,,1004,1004,0,2,3,0,3,3,1,0,1,9,10,11,1,0,2,0,1,0,133472,0.553,1.44,0.016
823,1.878,0.001,0,0.063,0.025,0,0,,0,,,,0,,,,,1004,1004,0,2,3,0,3,3,1,0,1,9,10,11,1,0,2,0,1,0,133472,0.471,1.016,0.009
824,1.667,0.001,0,0.041,0.028,0,0,,0,,,,0,,,,,1004,1004,0,2,3,0,3,3,1,0,1,9,10,11,1,0,2,0,1,0,133472,0.423,0.955,0.008
825,1.729,0.001,0,0.037,0.029,0,0,,0,,,,0,,,,,1004,1004,0,2,3,0,3,3,1,0,1,9,10,11,1,0,2,0,1,0,133472,0.427,0.994,0.008
826,1.957,0,0.001,0.041,0.035,0,0,,0,,,,0,,,,,1004,1004,0,2,3,0,3,3,1,0,1,9,10,11,1,0,2,0,1,0,133472,0.449,1.162,0.011
827,3.169,0,0,0.055,0.28,0,0,,0,,,,0,,,,,1004,1004,0,2,3,0,3,3,1,0,1,9,10,11,1,0,2,0,1,0,133472,0.609,1.801,0.02
828,2.795,0.002,0,0.085,0.056,0,0,,0,,,,0,,,,,1004,1004,0,2,3,0,3,3,1,0,1,9,10,11,1,0,2,0,1,0,133472,0.63,1.591,0.014
829,2.162,0,0,0.07,0.033,0,0,,0,,,,0,,,,,1004,1004,0,2,3,0,3,3,1,0,1,9,10,11,1,0,2,0,1,0,133472,0.514,1.237,0.012
830,6.492,4.617,0,0.053,0.058,0,0,,0,,,,0,,,,,1004,1004,0,2,3,0,3,3,1,0,1,9,10,11,1,0,2,0,1,0,133472,0.391,1.035,0.025
831,1.843,0.001,0,0.037,0.036,0,0,,0,,,,0,,,,,1004,1004,0,2,3,0,3,3,1,0,1,9,10,11,1,0,2,0,1,0,133472,0.431,1.083,0.01
832,3.462,0,0,0.041,0.074,0,0,,0,,,,0,,,,,1004,1004,0,2,3,0,3,3,1,0,1,9,10,11,1,0,2,0,1,0,133472,0.727,2.15,0.029
833,2.158,0.001,0.001,0.067,0.065,0,0,,0,,,,0,,,,,1004,1004,0,2,3,0,3,3,1,0,1,9,10,11,1,0,2,0,1,0,133472,0.498,1.175,0.014
834,2.071,0.001,0.001,0.068,0.036,0,0,,0,,,,0,,,,,1004,1004,0,2,3,0,3,3,1,0,1,9,10,11,1,0,2,0,1,0,133472,0.509,1.128,0.01
835,2.06,0,0,0.047,0.032,0,0,,0,,,,0,,,,,1004,1004,0,2,3,0,3,3,1,0,1,9,10,11,1,0,2,0,1,0,133472,0.473,1.234,0.012
836,1.677,0.147,0,0.091,0.035,0,0,,0,,,,0,,,,,1004,1004,0,2,3,0,3,3,1,0,1,9,10,11,1,0,2,0,1,0,133472,0.373,0.713,0.006
837,1.902,0.291,0,0.144,0.042,0,0,,0,,,,0,,,,,1004,1004,0,2,3,0,3,3,1,0,1,9,10,11,1,0,2,0,1,0,133472,0.407,0.679,0.011
838,2.534,0.511,0,0.082,0.047,0,0,,0,,,,0,,,,,1004,1004,0,2,3,0,3,3,1,0,1,9,10,11,1,0,2,0,1,0,133472,0.47,1.114,0.011
839,2.979,0.001,0,0.043,0.067,0,0,,0,,,,0,,,,,1004,1004,0,2,3,0,3,3,1,0,1,9,10,11,1,0,2,0,1,0,133472,0.474,1.931,0.03
840,2.179,0.002,0.001,0.087,0.033,0,0,,1,2359.375,230952960,287170560,1,71217344,71217344,167755776,38823561584,1004,1004,0,2,3,0,3,3,1,0,1,9,10,11,1,0,2,0,1,0,133472,0.593,1.068,0.012
841,2.298,0.374,0,0.049,0.048,0,0,,0,,,,0,,,,,1004,1004,0,2,3,0,3,3,1,0,1,9,10,11,1,0,2,0,1,0,133472,0.452,1.042,0.011
842,2.13,0.001,0,0.047,0.049,0,0,,0,,,,0,,,,,1004,1004,0,2,3,0,3,3,1,0,1,9,10,11,1,0,2,0,1,0,133472,0.475,1.254,0.016
843,1.975,0,0.001,0.064,0.028,0,0,,0,,,,0,,,,,1004,1004,0,2,3,0,3,3,1,0,1,9,10,11,1,0,2,0,1,0,133472,0.475,1.131,0.011
844,1.815,0,0,0.063,0.034,0,0,,0,,,,0,,,,,1004,1004,0,2,3,0,3,3,1,0,1,9,10,11,1,0,2,0,1,0,133472,0.456,0.996,0.009
845,1.947,0,0,0.047,0.029,0,0,,0,,,,0,,,,,1004,1004,0,2,3,0,3,3,1,0,1,9,10,11,1,0,2,0,1,0,133472,0.41,1.211,0.025
846,2.966,0,0,0.059,0.082,0,0,,0,,,,0,,,,,1004,1004,0,2,3,0,3,3,1,0,1,9,10,11,1,0,2,0,1,0,133472,0.568,1.832,0.028
847,2.592,0.003,0,0.084,0.054,0,0,,0,,,,0,,,,,1004,1004,0,2,3,0,3,3,1,0,1,9,10,11,1,0,2,0,1,0,133472,0.61,1.31,0.023
848,5.025,2.759,0.001,0.059,0.05,0,0,,0,,,,0,,,,,1004,1004,0,2,3,0,3,3,1,0,1,9,10,11,1,0,2,0,1,0,133472,0.522,1.229,0.021
849,9.999,7.097,0.001,0.065,0.066,0,0,,0,,,,0,,,,,1004,1004,0,2,3,0,3,3,1,0,1,9,10,11,1,0,2,0,1,0,133472,0.569,1.602,0.024
850,5.409,3.419,0,0.057,0.045,0,0,,0,,,,0,,,,,1004,1004,0,2,3,0,3,3,1,0,1,9,10,11,1,0,2,0,1,0,133472,0.448,1.096,0.013
851,3.523,1.994,0,0.053,0.036,0,0,,0,,,,0,,,,,1004,1004,0,2,3,0,3,3,1,0,1,9,10,11,1,0,2,0,1,0,133472,0.332,0.852,0.009
852,1.553,0.001,0,0.033,0.022,0,0,,0,,,,0,,,,,1004,1004,0,2,3,0,3,3,1,0,1,9,10,11,1,0,2,0,1,0,133472,0.379,0.923,0.007
853,2.081,0.185,0,0.043,0.03,0,0,,0,,,,0,,,,,1004,1004,0,2,3,0,3,3,1,0,1,9,10,11,1,0,2,0,1,0,133472,0.339,1.233,0.01
854,2.035,0,0,0.036,0.049,0,0,,0,,,,0,,,,,1004,1004,0,2,3,0,3,3,1,0,1,9,10,11,1,0,2,0,1,0,133472,0.424,1.286,0.01
855,2.703,0.002,0.001,0.084,0.047,0,0,,0,,,,0,,,,,1004,1004,0,2,3,0,3,3,1,0,1,9,10,11,1,0,2,0,1,0,133472,0.576,1.557,0.019
856,2.373,0.001,0.001,0.063,0.046,0,0,,0,,,,0,,,,,1004,1004,0,2,3,0,3,3,1,0,1,9,10,11,1,0,2,0,1,0,133472,0.495,1.41,0.011
857,2.535,0.294,0,0.062,0.112,0,0,,0,,,,0,,,,,1004,1004,0,2,3,0,3,3,1,0,1,9,10,11,1,0,2,0,1,0,133472,0.413,0.958,0.009
858,1.676,0,0,0.044,0.034,0,0,,0,,,,0,,,,,1004,1004,0,2,3,0,3,3,1,0,1,9,10,11,1,0,2,0,1,0,133472,0.411,0.941,0.01
859,1.643,0.001,0,0.037,0.027,0,0,,0,,,,0,,,,,1004,1004,0,2,3,0,3,3,1,0,1,9,10,11,1,0,2,0,1,0,133472,0.402,0.951,0.007
860,1.532,0,0,0.036,0.019,0,0,,0,,,,0,,,,,1004,1004,0,2,3,0,3,3,1,0,1,9,10,11,1,0,2,0,1,0,133472,0.415,0.848,0.007
861,2.217,0.001,0,0.052,0.047,0,0,,0,,,,0,,,,,1004,1004,0,2,3,0,3,3,1,0,1,9,10,11,1,0,2,0,1,0,133472,0.498,1.262,0.013
862,2.728,0,0,0.053,0.045,0,0,,0,,,,0,,,,,1004,1004,0,2,3,0,3,3,1,0,1,9,10,11,1,0,2,0,1,0,133472,0.569,1.724,0.017
863,2.192,0.001,0,0.063,0.038,0,0,,0,,,,0,,,,,1004,1004,0,2,3,0,3,3,1,0,1,9,10,11,1,0,2,0,1,0,133472,0.512,1.245,0.013
864,2.529,0.001,0,0.065,0.065,0,0,,0,,,,0,,,,,1004,1004,0,2,3,0,3,3,1,0,1,9,10,11,1,0,2,0,1,0,133472,0.582,1.449,0.024
865,2.018,0.001,0,0.147,0.039,0,0,,0,,,,0,,,,,1004,1004,0,2,3,0,3,3,1,0,1,9,10,11,1,0,2,0,1,0,133472,0.452,1.093,0.01
866,2.015,0,0,0.056,0.035,0,0,,0,,,,0,,,,,1004,1004,0,2,3,0,3,3,1,0,1,9,10,11,1,0,2,0,1,0,133472,0.483,1.182,0.01
867,1.644,0,0,0.042,0.018,0,0,,0,,,,0,,,,,1004,1004,0,2,3,0,3,3,1,0,1,9,10,11,1,0,2,0,1,0,133472,0.42,0.922,0.007
868,2.216,0,0,0.041,0.028,0,0,,0,,,,0,,,,,1004,1004,0,2,3,0,3,3,1,0,1,9,10,11,1,0,2,0,1,0,133472,0.653,1.208,0.011
869,2.449,0,0,0.05,0.368,0,0,,0,,,,0,,,,,1004,1004,0,2,3,0,3,3,1,0,1,9,10,11,1,0,2,0,1,0,133472,0.456,1.276,0.016
870,3.183,0.002,0.001,0.07,0.054,0,0,,1,2421.875,230952960,287170560,1,71217344,71217344,167755776,38823561584,1004,1004,0,2,3,0,3,3,1,0,1,9,10,11,1,0,2,0,1,0,133472,0.792,1.63,0.02
871,1.857,0.001,0.001,0.064,0.033,0,0,,0,,,,0,,,,,1004,1004,0,2,3,0,3,3,1,0,1,9,10,11,1,0,2,0,1,0,133472,0.461,0.987,0.01
872,2.048,0,0,0.045,0.039,0,0,,0,,,,0,,,,,1004,1004,0,2,3,0,3,3,1,0,1,9,10,11,1,0,2,0,1,0,133472,0.49,1.219,0.016
873,3.019,0.001,0.001,0.073,0.035,0,0,,0,,,,0,,,,,1004,1004,0,2,3,0,3,3,1,0,1,9,10,11,1,0,2,0,1,0,133472,0.646,1.858,0.013
874,2.562,0,0,0.075,0.053,0,0,,0,,,,0,,,,,1004,1004,0,2,3,0,3,3,1,0,1,9,10,11,1,0,2,0,1,0,133472,0.513,1.546,0.017
875,2.415,0.001,0,0.068,0.042,0,0,,0,,,,0,,,,,1004,1004,0,2,3,0,3,3,1,0,1,9,10,11,1,0,2,0,1,0,133472,0.542,1.448,0.012
876,2.654,0.001,0,0.058,0.056,0,0,,0,,,,0,,,,,1004,1004,0,2,3,0,3,3,1,0,1,9,10,11,1,0,2,0,1,0,133472,0.529,1.643,0.02
877,3.056,0.001,0.001,0.086,0.055,0,0,,0,,,,0,,,,,1004,1004,0,2,3,0,3,3,1,0,1,9,10,11,1,0,2,0,1,0,133472,0.691,1.77,0.017
878,2.304,0,0,0.071,0.049,0,0,,0,,,,0,,,,,1004,1004,0,2,3,0,3,3,1,0,1,9,10,11,1,0,2,0,1,0,133472,0.565,1.273,0.016
879,2.159,0,0.001,0.077,0.044,0,0,,0,,,,0,,,,,1004,1004,0,2,3,0,3,3,1,0,1,9,10,11,1,0,2,0,1,0,133472,0.498,1.228,0.014
880,2.998,0,0,0.067,0.073,0,0,,0,,,,0,,,,,1004,1004,0,2,3,0,3,3,1,0,1,9,10,11,1,0,2,0,1,0,133472,0.507,1.962,0.024
881,2.677,0.001,0.001,0.081,0.056,0,0,,0,,,,0,,,,,1004,1004,0,2,3,0,3,3,1,0,1,9,10,11,1,0,2,0,1,0,133472,0.623,1.481,0.026
882,4.861,2.095,0,0.053,0.064,0,0,,0,,,,0,,,,,1004,1004,0,2,3,0,3,3,1,0,1,9,10,11,1,0,2,0,1,0,133472,0.649,1.451,0.024
883,4.832,2.506,0.001,0.126,0.04,0,0,,0,,,,0,,,,,1004,1004,0,2,3,0,3,3,1,0,1,9,10,11,1,0,2,0,1,0,133472,0.521,1.251,0.015
884,17.286,14.726,0.001,0.082,0.057,0,0,,0,,,,0,,,,,1004,1004,0,2,3,0,3,3,1,0,1,9,10,11,1,0,2,0,1,0,133472,0.596,1.341,0.02
885,17.754,15.724,0.001,0.058,0.048,0,0,,0,,,,0,,,,,1004,1004,0,2,3,0,3,3,1,0,1,9,10,11,1,0,2,0,1,0,133472,0.385,0.992,0.04
886,7.758,5.357,0.001,0.113,0.055,0,0,,0,,,,0,,,,,1004,1004,0,2,3,0,3,3,1,0,1,9,10,11,1,0,2,0,1,0,133472,0.452,1.38,0.028
887,4.341,2.181,0.001,0.091,0.046,0,0,,0,,,,0,,,,,1004,1004,0,2,3,0,3,3,1,0,1,9,10,11,1,0,2,0,1,0,133472,0.538,1.057,0.016
888,2.152,0.271,0,0.1,0.062,0,0,,0,,,,0,,,,,1004,1004,0,2,3,0,3,3,1,0,1,9,10,11,1,0,2,0,1,0,133472,0.441,0.949,0.01
889,3.638,1.138,0.001,0.12,0.043,0,0,,0,,,,0,,,,,1004,1004,0,2,3,0,3,3,1,0,1,9,10,11,1,0,2,0,1,0,133472,0.528,1.285,0.016
890,4.15,1.938,0,0.071,0.055,0,0,,0,,,,0,,,,,1004,1004,0,2,3,0,3,3,1,0,1,9,10,11,1,0,2,0,1,0,133472,0.48,1.229,0.013
891,2.53,0.001,0,0.045,0.043,0,0,,0,,,,0,,,,,1004,1004,0,2,3,0,3,3,1,0,1,9,10,11,1,0,2,0,1,0,133472,0.458,1.636,0.018
892,2.788,0.001,0,0.067,0.102,0,0,,0,,,,0,,,,,1004,1004,0,2,3,0,3,3,1,0,1,9,10,11,1,0,2,0,1,0,133472,0.44,1.773,0.03
893,3.786,0.002,0.001,0.084,0.095,0,0,,0,,,,0,,,,,1004,1004,0,2,3,0,3,3,1,0,1,9,10,11,1,0,2,0,1,0,133472,0.934,2.004,0.043
894,2.206,0.001,0.001,0.13,0.03,0,0,,0,,,,0,,,,,1004,1004,0,2,3,0,3,3,1,0,1,9,10,11,1,0,2,0,1,0,133472,0.503,1.179,0.013
895,7.724,5.297,0,0.048,0.054,0,0,,0,,,,0,,,,,1004,1004,0,2,3,0,3,3,1,0,1,9,10,11,1,0,2,0,1,0,133472,0.448,1.511,0.02
896,4.089,1.246,0.001,0.077,0.044,0,0,,0,,,,0,,,,,1004,1004,0,2,3,0,3,3,1,0,1,9,10,11,1,0,2,0,1,0,133472,0.597,1.668,0.018
897,2.381,0.001,0,0.056,0.028,0,0,,0,,,,0,,,,,1004,1004,0,2,3,0,3,3,1,0,1,9,10,11,1,0,2,0,1,0,133472,0.591,1.395,0.012
898,9.968,6.84,0.001,0.067,0.082,0,0,,0,,,,0,,,,,1004,1004,0,2,3,0,3,3,1,0,1,9,10,11,1,0,2,0,1,0,133472,0.55,1.918,0.028
899,6.013,2.467,0,0.111,0.087,0,0,,0,,,,0,,,,,1004,1004,0,2,3,0,3,3,1,0,1,9,10,11,1,0,2,0,1,0,133472,0.755,1.953,0.026
900,9.083,6.692,0.001,0.07,0.05,0,0,,1,2437.5,231018496,287170560,1,71217344,71217344,167755776,38823561584,1004,1004,0,2,3,0,3,3,1,0,1,9,10,11,1,0,2,0,1,0,133472,0.448,1.4,0.022
901,14.519,12.535,0.001,0.122,0.059,0,0,,0,,,,0,,,,,1004,1004,0,2,3,0,3,3,1,0,1,9,10,11,1,0,2,0,1,0,133472,0.398,0.948,0.014
902,13.688,10.95,0.001,0.081,0.075,0,0,,0,,,,0,,,,,1004,1004,0,2,3,0,3,3,1,0,1,9,10,11,1,0,2,0,1,0,133472,0.634,1.411,0.027
903,4.253,1.8,0,0.064,0.065,0,0,,0,,,,0,,,,,1004,1004,0,2,3,0,3,3,1,0,1,9,10,11,1,0,2,0,1,0,133472,0.513,1.348,0.025
904,9.347,6.771,0,0.082,0.058,0,0,,0,,,,0,,,,,1004,1004,0,2,3,0,3,3,1,0,1,9,10,11,1,0,2,0,1,0,133472,0.514,1.426,0.034
905,10.581,7.259,0.001,0.102,0.077,0,0,,0,,,,0,,,,,1004,1004,0,2,3,0,3,3,1,0,1,9,10,11,1,0,2,0,1,0,133472,0.814,1.745,0.021
906,2.794,0.002,0.001,0.09,0.06,0,0,,0,,,,0,,,,,1004,1004,0,2,3,0,3,3,1,0,1,9,10,11,1,0,2,0,1,0,133472,0.651,1.477,0.035
907,2.258,0.001,0.001,0.057,0.034,0,0,,0,,,,0,,,,,1004,1004,0,2,3,0,3,3,1,0,1,9,10,11,1,0,2,0,1,0,133472,0.493,1.35,0.017
908,5.588,3.573,0.001,0.052,0.062,0,0,,0,,,,0,,,,,1004,1004,0,2,3,0,3,3,1,0,1,9,10,11,1,0,2,0,1,0,133472,0.414,1.155,0.016
909,2.473,0.001,0.001,0.047,0.056,0,0,,0,,,,0,,,,,1004,1004,0,2,3,0,3,3,1,0,1,9,10,11,1,0,2,0,1,0,133472,0.465,1.549,0.027
910,2.555,0.001,0.001,0.078,0.042,0,0,,0,,,,0,,,,,1004,1004,0,2,3,0,3,3,1,0,1,9,10,11,1,0,2,0,1,0,133472,0.601,1.451,0.015
911,2.67,0.001,0,0.063,0.08,0,0,,0,,,,0,,,,,1004,1004,0,2,3,0,3,3,1,0,1,9,10,11,1,0,2,0,1,0,133472,0.608,1.39,0.019
912,2.506,0.001,0.001,0.087,0.057,0,0,,0,,,,0,,,,,1004,1004,0,2,3,0,3,3,1,0,1,9,10,11,1,0,2,0,1,0,133472,0.623,1.284,0.019
913,2.728,0,0,0.066,0.046,0,0,,0,,,,0,,,,,1004,1004,0,2,3,0,3,3,1,0,1,9,10,11,1,0,2,0,1,0,133472,0.614,1.599,0.014
914,5.011,2.946,0,0.06,0.038,0,0,,0,,,,0,,,,,1004,1004,0,2,3,0,3,3,1,0,1,9,10,11,1,0,2,0,1,0,133472,0.426,1.165,0.024
915,19.45,16.186,0.001,0.081,0.071,0,0,,0,,,,0,,,,,1004,1004,0,2,3,0,3,3,1,0,1,9,10,11,1,0,2,0,1,0,133472,0.683,1.863,0.029
916,3.178,0.002,0,0.165,0.065,0,0,,0,,,,0,,,,,1004,1004,0,2,3,0,3,3,1,0,1,9,10,11,1,0,2,0,1,0,133472,0.712,1.689,0.018

summary_metric,count,median,p95,p99
wall_ms,917,3.183,17.3096,30.24368
frame_wait_ms,917,0.295,14.157,27.2442
scene_advance_ms,917,0,0.001,0.001
view_build_ms,917,0.073,0.1522,0.19984
render_submit_ms,917,0.054,0.096,0.147
gpu_ms,917,1.89796870366,12.2936767832,26.6544097659

gpu_sample_serial,gpu_ms
368,24.7398952293
369,44.9000509871
370,7.23843732328
371,21.6604161378
372,7.1910414911
373,32.0501554675
374,12.1557288699
375,7.54161439921
376,7.16994774162
377,27.3473951657
378,7.28026023893
379,13.7297392481
380,27.9159889018
381,20.2402599225
382,9.67453101381
383,7.37624981992
384,7.36249982025
385,13.7797913302
386,23.9183327494
387,48.0223425776
388,2.98520826045
389,2.33989577621
390,2.40572910793
391,4.67369780256
392,5.70812486064
393,11.9559372081
394,3.34442700168
395,2.81005201473
396,2.77968743214
397,2.80744784813
398,6.75401025177
399,19.8606765985
400,12.8547392695
401,7.4835935673
402,16.2676037695
403,2.50338535555
404,2.51020827205
405,16.0746350242
406,7.44697898486
407,3.87994782194
408,2.48661452262
409,2.46635410645
410,2.66567701825
411,15.9376558609
412,26.9196868428
413,2.85718743024
414,1.88432287066
415,1.89296870378
416,1.85859370462
417,1.89796870366
418,1.86515620446
419,2.69749993414
420,1.75473954049
421,2.91598951214
422,7.44885398481
423,2.60973951962
424,1.88427078733
425,7.36958315341
426,22.8599473586
427,2.33999994287
428,2.85713534691
429,2.49088535585
430,4.4604686411
431,1.85666662134
432,1.85333328809
433,1.87567703754
434,1.83677078849
435,1.81562495567
436,1.13505205562
437,1.16359372159
438,1.09234372333
439,1.11197913952
440,1.07057289053
441,1.69296870867
442,1.6998437085
443,1.72776037449
444,2.48432285601
445,1.72510412455
446,1.87249995428
447,1.77744787327
448,1.76520829024
449,2.1818228634
450,5.40880195128
451,11.2259893093
452,1.81661453898
453,1.80541662259
454,5.35802070252
455,2.75046868285
456,2.32838535982
457,2.28208327762
458,2.41848952429
459,2.48572910598
460,2.88421867958
461,1.97770828505
462,1.97067703522
463,1.95041661905
464,1.87437495424
465,2.71333326709
466,1.81093745579
467,1.85484370472
468,1.86499995447
469,5.63578111241
470,6.40520817696
471,1.91026037003
472,1.87984370411
473,2.87781242974
474,1.85390620474
475,1.85942703794
476,1.83432287188
477,1.81531245568
478,1.78822912301
479,6.44380192601
480,2.03203120039
481,1.79343745621
482,2.44505202364
483,1.75421870717
484,1.77395829002
485,1.79192703959
486,1.78031245654
487,6.28395817992
488,1.83130203862
489,3.07515617492
490,1.80604162257
491,1.86260412119
492,2.62015618603
493,1.86218745454
494,1.83901037177
495,2.2459895285
496,2.43515619055
497,2.58838535347
498,2.64156243551
499,2.58802077015
500,2.00067703449
501,2.02541661722
502,2.07499994934
503,2.69578118419
504,1.18963538762
505,1.21052080378
506,1.18958330429
507,1.19468747083
508,1.19260413755
509,1.19239580422
510,2.03333328369
511,2.09505203218
512,2.04296870012
513,2.68593743443
514,1.96192703543
515,1.97880203502
516,2.14416661432
517,1.9963020346
518,1.96666661865
519,2.00239578445
520,3.25776033713
521,20.4412495009
522,8.04197897033
523,6.07864568493
524,1.80203120601
525,3.25989575375
526,1.09703122322
527,1.87770828749
528,2.49749993903
529,1.90828120341
530,5.40624986801
531,1.7529687072
532,4.94229154601
533,2.40104160805
534,1.81494787236
535,4.44296864153
536,1.83880203844
537,1.8540103714
538,15.4053121239
539,25.3461972979
540,3.84083323956
541,2.66822910152
542,2.85437493031
543,10.9336976497
544,3.15703117292
545,11.7263538804
546,26.9035930932
547,2.82354159773
548,1.9194791198
549,3.13395825682
550,2.63218743574
551,4.34598947723
552,2.97145826079
553,4.99744779466
554,12.4409371963
555,2.84833326379
556,27.2687493343
557,2.67229160143
558,8.11124980197
559,11.0262497308
560,3.68374991006
561,3.41062491673
562,2.86953117994
563,2.16437494716
564,1.65156245968
565,1.90156245358
566,1.21911455357
567,1.22145830351
568,15.648280868
569,5.33026028653
570,4.23708322989
571,4.80921863259
572,2.06781244952
573,4.24270822975
574,1.99854161787
575,2.01630203411
576,18.4905724652
577,1.18656247103
578,1.1835937211
579,2.71296868377
580,1.22442705344
581,2.81473951461
582,3.10380200756
583,2.23531244543
584,2.01624995078
585,2.03609370029
586,2.01208328421
587,2.02494786723
588,1.95932286883
589,1.72953120778
590,0.827864563122
591,0.825833313171
592,0.81593748008
593,1.88322912069
594,1.87791662082
595,1.13807288888
596,0.912968727711
597,1.81213537243
598,1.91708328653
599,1.86281245452
600,1.87182287097
601,1.38968746607
602,1.79916662274
603,1.20119788734
604,1.19421872084
605,1.187812471
606,1.1892708043
607,0.91270831105
608,0.915312477654
609,0.922187477486
610,0.908124977829
611,0.954791643356
612,0.930989560604
613,0.924270810768
614,1.71255204152
615,3.13411450682
616,0.969010393009
617,0.873645812004
618,2.28109369431
619,2.94869784468
620,2.07276036606
621,2.04218745014
622,1.95015620239
623,1.94244786924
624,5.59276028012
625,1.96552078535
626,1.92963536956
627,1.97932286834
628,1.92458328635
629,1.96260411875
630,2.65281243523
631,1.83177078861
632,1.84046870507
633,1.82479162212
634,1.83802078846
635,1.16104163832
636,1.73192704105
637,0.859531229015
638,0.859427062351
639,0.861458312302
640,1.43406246499
641,1.68822912545
642,2.44088535707
643,1.75906245705
644,1.69843745853
645,1.71432287481
646,0.898124978073
647,0.906510394535
648,0.924218727436
649,0.939010393742
650,0.941354143684
651,1.07916664032
652,0.91572914431
653,0.939687477058
654,0.938489560421
655,0.935781227154
656,2.17145828032
657,2.76203118257
658,2.78854159859
659,2.91005201229
660,4.09979156657
661,3.10411450755
662,3.16765617266
663,7.65104147987
664,0.893333311523
665,0.8765624786
666,0.883958311752
667,0.860989562313
668,0.864843728886
669,0.860156229
670,0.866510395512
671,0.896249978119
672,1.11364580614
673,1.09249997333
674,1.11036455622
675,4.4521873913
676,1.07145830717
677,1.98088536831
678,2.14666661426
679,2.97291659409
680,4.21640614706
681,2.34895827599
682,3.21307283822
683,6.33968734522
684,2.65041660196
685,1.82604162209
686,5.21749987262
687,1.88328120402
688,2.64374993546
689,2.27760411106
690,7.13859357572
691,3.39864575036
692,5.0095311277
693,2.49442702243
694,2.78999993188
695,2.01718745075
696,3.73744782542
697,1.91093745335
698,6.56874983963
699,8.52385395856
700,1.87859370414
701,1.85098953814
702,1.856927038
703,1.86541662112
704,1.85078120481
705,1.83265620526
706,1.84916662152
707,1.81406245571
708,5.22140612252
709,0.918802060902
710,2.64562493541
711,1.78651037305
712,1.81187495576
713,1.86828120439
714,1.82140620553
715,2.50406243887
716,3.26312492033
717,2.67916660126
718,2.73968743311
719,2.74703118293
720,2.83656243075
721,2.85479159697
722,4.37447905987
723,3.11854159053
724,3.10229159093
725,3.47447908184
726,12.8627601026
727,7.49807273361
728,2.04604161671
729,2.84546868053
730,1.95286453566
731,1.9347395361
732,2.44963535686
733,0.935260393833
734,1.17854163789
735,1.18182288781
736,1.76984370679
737,1.18583330438
738,1.18557288772
739,1.19286455421
740,2.76098951593
741,2.94192701151
742,2.96296867766
743,4.03447906817
744,3.03421867592
745,2.25796869487
746,2.1256249481
747,2.21749994586
748,2.09921869875
749,2.90442701242
750,3.42692699967
751,10.8467184852
752,1.20213538732
753,1.20583330389
754,1.20859372049
755,1.20411455394
756,3.18859367215
757,3.17968742237
758,7.68593731236
759,3.88510407182
760,2.27307286117
761,2.32546869323
762,2.19328119645
763,2.16442703049
764,3.6466144943
765,3.18093742234
766,2.80213534826
767,2.22890619558
768,2.26901036127
769,2.97302076075
770,2.11031244848
771,2.08203119917
772,2.05281244988
773,2.05177078324
774,2.85114576373
775,1.95515620227
776,2.0003645345
777,1.9618749521
778,1.95843745219
779,1.94151036927
780,2.64229160216
781,1.96604161867
782,1.87791662082
783,1.93260411948
784,1.88921870388
785,3.03203117598
786,1.85963537127
787,1.85723953799
788,1.87067703766
789,1.8882812039
790,1.90296870354
791,8.57947895721
792,1.16104163832
793,1.1566145551
794,1.18786455433
795,1.12411455589
796,1.1046353897
797,1.10427080637
798,1.09499997327
799,1.11026038956
800,5.71234361054
801,1.78760412302
802,1.77317704004
803,2.57848952038
804,1.75901037372
805,1.72213537462
806,1.73234370771
807,1.71083329156
808,1.70270829176
809,1.17296872136
810,1.22546872008
811,10.2321351669
812,1.78609370639
813,1.78807287301
814,1.86854162105
815,3.17624992245
816,2.37588535866
817,2.4045311913
818,1.88604162062
819,1.86473953781
820,1.82442703879
821,2.49052077253
822,1.84281245501
823,1.81937495558
824,1.85114578814
825,5.3043748705
826,1.93270828615
827,1.16932288812
828,1.18369788777
829,1.19218747089
830,1.1798437212
831,1.18989580428
832,1.18515622107
833,1.18786455433
834,1.17604163795
835,1.19619788746
836,1.20203122065
837,1.21083330377
838,11.5960934669
839,7.55520814888
840,10.8495309851
841,1.96656245199
842,1.9263020363
843,5.52786444838
844,1.94354161922
845,1.94651036914
846,1.55057287881
847,1.88885412055
848,1.36213538341
849,1.17791663791
850,1.17880205455
851,1.23374996988
852,1.19562497081
853,1.18322913778
854,1.20333330396
855,1.21999997021
856,3.63015616137
857,2.80348951489
858,2.88802076283
859,7.26328107267
860,5.47203111641
861,16.8677079215
862,7.16447899175
863,3.61203116182
864,3.22677075455
865,3.15432283966
866,9.08677061149
867,5.47296861638
868,1.34281246722
869,1.35609371689
870,3.76463532476
871,1.38557288284
872,1.34270830055
873,1.89848953698
874,1.338229134
875,8.14432271783
876,4.56531238854
877,3.72583324237
878,2.99546867687
879,5.20624987289
880,2.69828118412
881,6.98046857958
882,6.97161441313
883,12.2660934505
884,6.83374983316
885,17.7865620658
886,11.6005205501
887,11.904635126
888,8.3721872956
889,12.4040101138
890,12.8712496858
891,15.7804683647
892,11.0791143128
893,21.5948953061
894,43.2710406102
895,13.256510093
896,8.6085414565
897,9.59458309909
898,8.90015603271
899,19.6308849374
900,10.5595309922
901,8.27166646472
902,14.9326558854
903,10.4105205792
904,16.4697391812
905,17.3342704101
906,27.6424993251
907,7.30937482155
908,9.3579164382
909,8.76958311923
910,5.40869778462
911,5.98916652045
912,6.41432276007
913,6.3503644283
914,6.30046859618
915,6.80234358393
916,14.239635069
917,10.6972393222
918,6.29166651306
919,6.5332810905
920,10.2606247495
921,6.09635401783
922,6.85369774934
923,17.3557808263
924,7.70630189519
925,6.73135400233
926,14.7692183894
927,6.57692692276
928,10.0782810039
929,6.31932276239
930,23.0849473531
931,6.66744775389
932,11.6449997157
933,1.90067703693
934,1.43239579836
935,1.42437496523
936,2.12635411475
937,1.43744788157
938,6.75364566845
939,6.13645818352
940,1.40052079914
941,1.37874996634
942,6.91364566454
943,2.13119786464
944,1.39437496596
945,1.44281246478
946,1.42484371521
947,1.40552079902
948,2.89281242937
949,5.3997394515
950,1.43890621487
951,1.42291663193
952,1.40494788237
953,1.42536454853
954,1.42484371521
955,1.6999999585
956,11.8231767947
957,1.39718746589
958,1.89822912032
959,1.37833329968
960,1.37583329974
961,6.29973942953
962,2.45984368995
963,1.43020829842
964,1.4132812155
965,1.37156246651
966,2.71317701709
967,1.32322913436
968,1.29755205165
969,2.18869786323
970,1.28531246862
971,5.32229153673
972,1.28682288525
973,1.25723955264
974,1.29463538506
975,1.24651038623
976,1.34036455061
977,4.00624990219
978,2.21213536266
979,3.29822908614
980,2.15807286398
981,2.79104159853
982,2.17947911346
983,2.25223952835
984,2.24291661191
985,2.48562493932
986,4.02703115168
987,2.22947911224
988,3.29187491963
989,2.2199999458
990,5.76046860936
991,4.60182280432
992,4.00880198546
993,2.80755201479
994,1.2518228861
995,2.71244785044
996,3.2835415865
997,2.92999992847
998,1.2958333017
999,3.495051998
1000,1.26880205236
1001,1.25093746946
1002,1.72791662448
1003,2.40244785801
1004,1.29833330164
1005,1.30729163475
1006,1.34119788392
1007,1.31265621795
1008,1.30749996808
1009,1.98890620144
1010,1.32645830095
1011,1.31854163448
1012,1.32541663431
1013,1.33354163411
1014,1.33562496739
1015,1.34557288382
1016,3.79984365723
1017,2.76692701578
1018,3.19552075532
1019,2.77645826555
1020,2.77473951559
1021,1.84307287167
1022,1.338072884
1023,2.05046869994
1024,1.33026038419
1025,1.32328121769
1026,1.33244788414
1027,2.03083328375
1028,2.78526034867
1029,2.81723951455
1030,5.62161444609
1031,3.65427074412
1032,2.56989577059
1033,2.63593743565
1034,4.14322906551
1035,4.20578114732
1036,1.5495832955
1037,1.28421871865
1038,1.28807288522
1039,5.1581769574
1040,5.26739570473
1041,6.65833317078
1042,8.33833312976
1043,5.22729153905
1044,0.947604143532
1045,0.93265622723
1046,0.93567706049
1047,0.93619789381
1048,1.39333329932
1049,1.39755204921
1050,1.39072913271
1051,1.38432288287
1052,1.38489579952
1053,1.37921871633
1054,1.36979163322
1055,1.33536455073
1056,1.33343746745
1057,0.945572893581
1058,0.929010393986
1059,0.926145810722
1060,0.930781227276
1061,0.92911456065
1062,3.26479158696
1063,3.15973950619
1064,2.02682286718
1065,1.27458330222
1066,1.29822913497
1067,1.32380205101
1068,2.11463536504
1069,1.37296871648
1070,1.36223955008
1071,1.36140621676
1072,4.0371353181
1073,0.925468727406
1074,0.904010394596
1075,0.924843727421
1076,0.887760394993
1077,0.889062478294
1078,1.75380204052
1079,1.23130205327
1080,1.24114580303
1081,1.2480728862
1082,1.27526038553
1083,1.33593746738
1084,1.33703121736
1085,1.33989580062
1086,1.3448958005
1087,1.34151038391
1088,1.33302080079
1089,1.28208330203
1090,1.30145830156
1091,1.28937496852
1092,1.28499996863
1093,1.2821874687
1094,1.28656246859
1095,1.28734371857
1096,1.3461978838
1097,1.37057288321
1098,1.36421871669
1099,1.36619788331
1100,1.20234372065
1101,0.92786456068
1102,0.925104144081
1103,1.31510413456
1104,1.30921871804
1105,1.310624968
1106,1.3229687177
1107,1.35739580019
1108,1.37453121644
1109,1.36687496663
1110,1.36369788337
1111,1.35348955029
1112,1.36505205001
1113,1.3762499664
1114,1.37765621637
1115,1.36671871663
1116,1.37114579986
1117,2.11265619842
1118,1.39088538271
1119,1.35677080021
1120,0.986041642593
1121,1.03124997482
1122,0.985885392597
1123,0.989166642517
1124,0.990885392475
1125,0.986510392582
1126,1.46734371418
1127,1.4102082989
1128,1.42348954858
1129,1.36786454994
1130,1.33739580068
1131,1.3367708007
1132,1.85026037149
1133,1.29645830168
1134,1.31453121791
1135,1.31067705133
1136,1.33671871737
1137,1.32109371775
1138,1.3215103844
1139,2.10916661517
1140,1.33973955062
1141,2.73515618322
1142,2.88156242965
1143,2.90187492915
1144,3.35619783473
1145,1.91364578661
1146,1.31218746796
1147,1.33536455073
1148,1.34171871724
1149,1.33833330066
1150,1.32796871758
1151,1.32916663422
1152,2.7429165997
1153,2.07260411607
1154,1.34682288379
1155,1.34802080042
1156,1.35255205031
1157,2.06114578301
1158,1.34520830049
1159,1.33864580065
1160,1.32369788435
1161,1.2890103852
1162,1.28822913522
1163,1.30171871822
1164,1.27994788542
1165,1.35822913351
1166,1.36624996664
1167,1.36937496657
1168,1.34697913378
1169,1.34270830055
1170,1.33083330084
1171,1.31286455128
1172,1.28687496858
1173,1.93395828612
1174,1.26510413578
1175,1.24374996964
1176,1.24249996967
1177,1.27473955221
1178,1.31749996783
1179,1.29776038498
1180,1.29890621829
1181,1.310624968
1182,1.30713538475
1183,1.30182288488
1184,1.31562496788
1185,1.32333330103
1186,1.3284895509
1187,1.3366145507
1188,1.3448958005
1189,1.33671871737
1190,1.33776038401
1191,1.32406246767
1192,1.32937496754
1193,1.33499996741
1194,1.34781246709
1195,1.36166663342
1196,6.23140609787
1197,1.44229163145
1198,1.36156246676
1199,1.38505204952
1200,1.37578121641
1201,1.36947913323
1202,2.05687494978
1203,1.36249996674
1204,1.36661454997
1205,1.37312496648
1206,1.39046871605
1207,1.37781246636
1208,1.37145829985
1209,1.37781246636
1210,1.3760937164
1211,1.38546871618
1212,1.36598954998
1213,1.36817704993
1214,5.63338527913
1215,6.01755193642
1216,4.51395822313
1217,1.33979163396
1218,1.49927079673
1219,1.43874996487
1220,1.39124996603
1221,1.4036978824
1222,1.40953121559
1223,1.3367708007
1224,1.3367708007
1225,1.26098955255
1226,1.25661455265
1227,1.24958330283
1228,1.3024999682
1229,1.36468746668
1230,1.29885413496
1231,1.30468746815
1232,1.84156245504
1233,1.24343746964
1234,1.23161455326
1235,1.21057288711
1236,1.2165624703
1237,1.25427080271
1238,1.21520830367
1239,1.23161455326
1240,1.91260411997
1241,1.23484371985
1242,1.23531246984
1243,1.26078121922
1244,1.24895830284
1245,1.25151038611
1246,1.88156245406
1247,1.78635412305
1248,4.44968739137
1249,4.79562488292
1250,5.28765612091
1251,18.2755203872
1252,5.63802069569
1253,1.36020830013
1254,1.32171871773
1255,1.31489580123
1256,4.12916656586
1257,1.28020830208
1258,2.26145827812
1259,1.25984371924
1260,1.24953121949
1261,6.7090623362
1262,3.22947908782
1263,2.46895827306
1264,2.785312432
1265,5.0327602938
1266,7.16005190853
1267,14.3165621505
1268,12.1501559534
1269,3.18140617233
1270,4.67906238577
1271,9.09244769468
1272,2.66703118489
1273,1.37286454982
1274,2.97963534392
1275,1.35135413367
1276,2.33166660974
1277,1.36791663327
1278,1.36937496657
1279,1.35958330014
1280,4.94578112925
1281,10.0330205884
1282,2.41499994104
1283,1.3967187159
1284,1.96807286862
