frame,wall_ms,frame_wait_ms,scene_advance_ms,view_build_ms,render_submit_ms,gpu_valid,gpu_serial,gpu_ms,process_valid,process_cpu_ms,working_set_bytes,private_bytes,vma_valid,vma_allocation_bytes,vma_peak_allocation_bytes,vma_heap_usage_bytes,vma_heap_budget_bytes,raw_instances,visible_instances,culled_instances,lights,depth_draw_calls,shadow_draw_calls,base_draw_calls,lighting_draw_calls,tone_map_draw_calls,legacy_draw_calls,presenter_draw_calls,draw_calls,total_draw_calls,all_draw_calls,dispatch_count,shadow_faces,shadow_cache_hits,shadow_misses,shadow_batches,asset_upload_bytes,dynamic_lighting_upload_bytes,gather_ms,plan_ms,upload_frame_ms
0,4.31,0,0,0.23,0.056,0,0,,1,0,242106368,303083520,1,73499584,73499584,167755776,38823561584,10004,104,9900,2,3,0,3,3,1,0,1,9,10,11,1,0,2,0,1,0,1281872,2.016,1.275,0.099
1,4.116,0.001,0,0.383,0.04,0,0,,0,,,,0,,,,,10004,104,9900,2,3,0,3,3,1,0,1,9,10,11,1,0,2,0,1,0,1281872,2.25,0.708,0.072
2,3.265,0.001,0,0.268,0.036,0,0,,0,,,,0,,,,,10004,104,9900,2,3,0,3,3,1,0,1,9,10,11,1,0,2,0,1,0,1281872,1.659,0.727,0.05
3,3.556,0.001,0,0.246,0.028,0,0,,0,,,,0,,,,,10004,104,9900,2,3,0,3,3,1,0,1,9,10,11,1,0,2,0,1,0,1281872,1.813,0.925,0.065
4,3.717,0,0,0.284,0.025,0,0,,0,,,,0,,,,,10004,104,9900,2,3,0,3,3,1,0,1,9,10,11,1,0,2,0,1,0,1281872,2.208,0.673,0.046
5,4.823,0.001,0,0.194,0.047,0,0,,0,,,,0,,,,,10004,104,9900,2,3,0,3,3,1,0,1,9,10,11,1,0,2,0,1,0,1281872,3.046,0.928,0.074
6,4.023,0.001,0.001,0.274,0.025,0,0,,0,,,,0,,,,,10004,104,9900,2,3,0,3,3,1,0,1,9,10,11,1,0,2,0,1,0,1281872,2.294,0.868,0.052
7,3.992,0.001,0,0.273,0.026,0,0,,0,,,,0,,,,,10004,104,9900,2,3,0,3,3,1,0,1,9,10,11,1,0,2,0,1,0,1281872,2.131,0.937,0.065
8,5.418,0.003,0,0.413,0.062,0,0,,0,,,,0,,,,,10004,104,9900,2,3,0,3,3,1,0,1,9,10,11,1,0,2,0,1,0,1281872,2.732,1.333,0.119
9,5.012,0.002,0.001,0.374,0.118,0,0,,0,,,,0,,,,,10004,104,9900,2,3,0,3,3,1,0,1,9,10,11,1,0,2,0,1,0,1281872,2.866,0.921,0.068
10,3.349,0,0,0.28,0.024,0,0,,0,,,,0,,,,,10004,104,9900,2,3,0,3,3,1,0,1,9,10,11,1,0,2,0,1,0,1281872,1.809,0.677,0.05
11,9.161,5.069,0.001,0.346,0.057,0,0,,0,,,,0,,,,,10004,104,9900,2,3,0,3,3,1,0,1,9,10,11,1,0,2,0,1,0,1281872,2.078,0.952,0.088
12,3.97,0.001,0,0.34,0.03,0,0,,0,,,,0,,,,,10004,104,9900,2,3,0,3,3,1,0,1,9,10,11,1,0,2,0,1,0,1281872,2.162,0.659,0.055
13,3.203,0.001,0,0.216,0.026,0,0,,0,,,,0,,,,,10004,104,9900,2,3,0,3,3,1,0,1,9,10,11,1,0,2,0,1,0,1281872,1.799,0.695,0.046
14,3.691,0.001,0,0.21,0.029,0,0,,0,,,,0,,,,,10004,104,9900,2,3,0,3,3,1,0,1,9,10,11,1,0,2,0,1,0,1281872,2.083,0.746,0.063
15,3.45,0,0,0.247,0.084,0,0,,0,,,,0,,,,,10004,104,9900,2,3,0,3,3,1,0,1,9,10,11,1,0,2,0,1,0,1281872,1.902,0.681,0.05
16,5.272,0.001,0,0.379,0.056,0,0,,0,,,,0,,,,,10004,104,9900,2,3,0,3,3,1,0,1,9,10,11,1,0,2,0,1,0,1281872,2.867,1.13,0.098
17,4.143,0.001,0,0.306,0.056,0,0,,0,,,,0,,,,,10004,104,9900,2,3,0,3,3,1,0,1,9,10,11,1,0,2,0,1,0,1281872,2.023,1.094,0.083
18,4.204,0.001,0,0.322,0.032,0,0,,0,,,,0,,,,,10004,104,9900,2,3,0,3,3,1,0,1,9,10,11,1,0,2,0,1,0,1281872,2.48,0.712,0.071
19,3.533,0,0.001,0.264,0.03,0,0,,0,,,,0,,,,,10004,104,9900,2,3,0,3,3,1,0,1,9,10,11,1,0,2,0,1,0,1281872,1.869,0.776,0.084
20,4.418,0,0,0.334,0.034,0,0,,0,,,,0,,,,,10004,104,9900,2,3,0,3,3,1,0,1,9,10,11,1,0,2,0,1,0,1281872,2.523,0.832,0.084
21,3.77,0,0,0.289,0.032,0,0,,0,,,,0,,,,,10004,104,9900,2,3,0,3,3,1,0,1,9,10,11,1,0,2,0,1,0,1281872,1.931,0.897,0.089
22,4.34,0,0,0.306,0.025,0,0,,0,,,,0,,,,,10004,104,9900,2,3,0,3,3,1,0,1,9,10,11,1,0,2,0,1,0,1281872,2.421,0.955,0.085
23,9.873,5.887,0,0.323,0.041,0,0,,0,,,,0,,,,,10004,104,9900,2,3,0,3,3,1,0,1,9,10,11,1,0,2,0,1,0,1281872,2.121,0.823,0.05
24,6.234,2.286,0,0.235,0.046,0,0,,0,,,,0,,,,,10004,104,9900,2,3,0,3,3,1,0,1,9,10,11,1,0,2,0,1,0,1281872,2.372,0.714,0.06
25,2.917,0.001,0,0.222,0.027,0,0,,0,,,,0,,,,,10004,104,9900,2,3,0,3,3,1,0,1,9,10,11,1,0,2,0,1,0,1281872,1.524,0.633,0.055
26,4.383,0.001,0,0.233,0.039,0,0,,0,,,,0,,,,,10004,104,9900,2,3,0,3,3,1,0,1,9,10,11,1,0,2,0,1,0,1281872,2.545,0.925,0.091
27,4.143,0.001,0,0.295,0.026,0,0,,0,,,,0,,,,,10004,104,9900,2,3,0,3,3,1,0,1,9,10,11,1,0,2,0,1,0,1281872,2.236,1.009,0.064
28,3.641,0.001,0,0.238,0.03,0,0,,0,,,,0,,,,,10004,104,9900,2,3,0,3,3,1,0,1,9,10,11,1,0,2,0,1,0,1281872,1.998,0.805,0.057
29,3.461,0,0,0.253,0.026,0,0,,0,,,,0,,,,,10004,104,9900,2,3,0,3,3,1,0,1,9,10,11,1,0,2,0,1,0,1281872,1.957,0.619,0.044
30,3.781,0,0,0.194,0.11,0,0,,1,125,242229248,303083520,1,73499584,73499584,167755776,38823561584,10004,104,9900,2,3,0,3,3,1,0,1,9,10,11,1,0,2,0,1,0,1281872,1.852,0.994,0.099
31,4.311,0.002,0.001,0.344,0.045,0,0,,0,,,,0,,,,,10004,104,9900,2,3,0,3,3,1,0,1,9,10,11,1,0,2,0,1,0,1281872,2.219,0.889,0.107
32,3.335,0,0,0.274,0.029,0,0,,0,,,,0,,,,,10004,104,9900,2,3,0,3,3,1,0,1,9,10,11,1,0,2,0,1,0,1281872,1.809,0.674,0.051
33,4.299,0,0,0.257,0.032,0,0,,0,,,,0,,,,,10004,104,9900,2,3,0,3,3,1,0,1,9,10,11,1,0,2,0,1,0,1281872,2.254,1.116,0.077
34,4.544,0.001,0,0.256,0.053,0,0,,0,,,,0,,,,,10004,104,9900,2,3,0,3,3,1,0,1,9,10,11,1,0,2,0,1,0,1281872,2.541,0.89,0.106
35,4.209,0.001,0,0.348,0.044,0,0,,0,,,,0,,,,,10004,104,9900,2,3,0,3,3,1,0,1,9,10,11,1,0,2,0,1,0,1281872,2.284,0.782,0.098
36,2.991,0.001,0,0.311,0.024,0,0,,0,,,,0,,,,,10004,104,9900,2,3,0,3,3,1,0,1,9,10,11,1,0,2,0,1,0,1281872,1.633,0.572,0.048
37,5.405,1.383,0,0.353,0.07,0,0,,0,,,,0,,,,,10004,104,9900,2,3,0,3,3,1,0,1,9,10,11,1,0,2,0,1,0,1281872,2.073,0.917,0.075
38,4.863,0.001,0,0.307,0.066,0,0,,0,,,,0,,,,,10004,104,9900,2,3,0,3,3,1,0,1,9,10,11,1,0,2,0,1,0,1281872,2.694,1.032,0.144
39,4.372,0.002,0.001,0.455,0.053,0,0,,0,,,,0,,,,,10004,104,9900,2,3,0,3,3,1,0,1,9,10,11,1,0,2,0,1,0,1281872,2.286,0.772,0.071
40,7.066,2.085,0.001,0.477,0.064,0,0,,0,,,,0,,,,,10004,104,9900,2,3,0,3,3,1,0,1,9,10,11,1,0,2,0,1,0,1281872,2.557,1.11,0.102
41,5.121,0.002,0,0.44,0.05,0,0,,0,,,,0,,,,,10004,104,9900,2,3,0,3,3,1,0,1,9,10,11,1,0,2,0,1,0,1281872,2.493,1.296,0.108
42,4.783,1.215,0.001,0.443,0.041,0,0,,0,,,,0,,,,,10004,104,9900,2,3,0,3,3,1,0,1,9,10,11,1,0,2,0,1,0,1281872,1.884,0.647,0.06
43,5.591,1.678,0,0.42,0.088,0,0,,0,,,,0,,,,,10004,104,9900,2,3,0,3,3,1,0,1,9,10,11,1,0,2,0,1,0,1281872,1.97,0.692,0.127
44,3.48,0.001,0,0.281,0.031,0,0,,0,,,,0,,,,,10004,104,9900,2,3,0,3,3,1,0,1,9,10,11,1,0,2,0,1,0,1281872,1.918,0.622,0.054
45,4.968,0.001,0,0.232,0.062,0,0,,0,,,,0,,,,,10004,104,9900,2,3,0,3,3,1,0,1,9,10,11,1,0,2,0,1,0,1281872,2.933,0.856,0.199
46,4.002,0,0.001,0.303,0.027,0,0,,0,,,,0,,,,,10004,104,9900,2,3,0,3,3,1,0,1,9,10,11,1,0,2,0,1,0,1281872,2.016,1.05,0.069
47,4.135,0.001,0,0.268,0.031,0,0,,0,,,,0,,,,,10004,104,9900,2,3,0,3,3,1,0,1,9,10,11,1,0,2,0,1,0,1281872,2.393,0.83,0.066
48,4.089,0.001,0,0.257,0.041,0,0,,0,,,,0,,,,,10004,104,9900,2,3,0,3,3,1,0,1,9,10,11,1,0,2,0,1,0,1281872,2.174,0.946,0.095
49,5.24,0,0.001,0.378,0.052,0,0,,0,,,,0,,,,,10004,104,9900,2,3,0,3,3,1,0,1,9,10,11,1,0,2,0,1,0,1281872,2.864,0.957,0.082
50,3.72,0.001,0,0.261,0.031,0,0,,0,,,,0,,,,,10004,104,9900,2,3,0,3,3,1,0,1,9,10,11,1,0,2,0,1,0,1281872,2.094,0.749,0.066
51,3.962,0.001,0,0.252,0.032,0,0,,0,,,,0,,,,,10004,104,9900,2,3,0,3,3,1,0,1,9,10,11,1,0,2,0,1,0,1281872,2.241,0.835,0.074
52,3.616,0.001,0.001,0.252,0.071,0,0,,0,,,,0,,,,,10004,104,9900,2,3,0,3,3,1,0,1,9,10,11,1,0,2,0,1,0,1281872,2.086,0.67,0.065
53,4.578,0.002,0.001,0.352,0.049,0,0,,0,,,,0,,,,,10004,104,9900,2,3,0,3,3,1,0,1,9,10,11,1,0,2,0,1,0,1281872,2.585,0.798,0.098
54,4.017,0.001,0,0.271,0.034,0,0,,0,,,,0,,,,,10004,104,9900,2,3,0,3,3,1,0,1,9,10,11,1,0,2,0,1,0,1281872,2.074,1.046,0.071
55,3.954,0,0,0.261,0.032,0,0,,0,,,,0,,,,,10004,104,9900,2,3,0,3,3,1,0,1,9,10,11,1,0,2,0,1,0,1281872,2.328,0.735,0.056
56,3.93,0,0,0.247,0.033,0,0,,0,,,,0,,,,,10004,104,9900,2,3,0,3,3,1,0,1,9,10,11,1,0,2,0,1,0,1281872,2.322,0.767,0.07
57,4.781,0,0,0.351,0.04,0,0,,0,,,,0,,,,,10004,104,9900,2,3,0,3,3,1,0,1,9,10,11,1,0,2,0,1,0,1281872,2.695,0.951,0.095
58,4.701,0.001,0,0.349,0.032,0,0,,0,,,,0,,,,,10004,104,9900,2,3,0,3,3,1,0,1,9,10,11,1,0,2,0,1,0,1281872,2.469,1.166,0.071
59,4.331,0,0,0.317,0.03,0,0,,0,,,,0,,,,,10004,104,9900,2,3,0,3,3,1,0,1,9,10,11,1,0,2,0,1,0,1281872,2.428,0.881,0.068
60,4.066,0,0,0.271,0.038,0,0,,1,218.75,242311168,303087616,1,73499584,73499584,167755776,38823561584,10004,104,9900,2,3,0,3,3,1,0,1,9,10,11,1,0,2,0,1,0,1281872,2.072,1.034,0.098
61,4.445,0.001,0,0.38,0.035,0,0,,0,,,,0,,,,,10004,104,9900,2,3,0,3,3,1,0,1,9,10,11,1,0,2,0,1,0,1281872,2.474,0.843,0.061
62,4.239,0.001,0,0.297,0.031,0,0,,0,,,,0,,,,,10004,104,9900,2,3,0,3,3,1,0,1,9,10,11,1,0,2,0,1,0,1281872,2.124,1.152,0.064
63,4.219,0,0,0.307,0.031,0,0,,0,,,,0,,,,,10004,104,9900,2,3,0,3,3,1,0,1,9,10,11,1,0,2,0,1,0,1281872,2.365,0.862,0.058
64,4.393,0,0,0.253,0.044,0,0,,0,,,,0,,,,,10004,104,9900,2,3,0,3,3,1,0,1,9,10,11,1,0,2,0,1,0,1281872,2.366,1.059,0.101
65,5.144,0.001,0.001,0.518,0.054,0,0,,0,,,,0,,,,,10004,104,9900,2,3,0,3,3,1,0,1,9,10,11,1,0,2,0,1,0,1281872,2.703,0.987,0.082
66,4.989,0.001,0.001,0.328,0.049,0,0,,0,,,,0,,,,,10004,104,9900,2,3,0,3,3,1,0,1,9,10,11,1,0,2,0,1,0,1281872,2.518,1.323,0.099
67,4.39,0.001,0,0.355,0.046,0,0,,0,,,,0,,,,,10004,104,9900,2,3,0,3,3,1,0,1,9,10,11,1,0,2,0,1,0,1281872,2.397,0.912,0.076
68,5.172,0.001,0,0.334,0.036,0,0,,0,,,,0,,,,,10004,104,9900,2,3,0,3,3,1,0,1,9,10,11,1,0,2,0,1,0,1281872,3.131,0.833,0.094
69,3.984,0.001,0,0.332,0.034,0,0,,0,,,,0,,,,,10004,104,9900,2,3,0,3,3,1,0,1,9,10,11,1,0,2,0,1,0,1281872,2.07,0.947,0.059
70,5.007,0,0,0.269,0.04,0,0,,0,,,,0,,,,,10004,104,9900,2,3,0,3,3,1,0,1,9,10,11,1,0,2,0,1,0,1281872,2.885,1.037,0.103
71,6.132,0,0,0.325,0.074,0,0,,0,,,,0,,,,,10004,104,9900,2,3,0,3,3,1,0,1,9,10,11,1,0,2,0,1,0,1281872,2.916,1.935,0.127
72,6.049,0.001,0,0.438,0.062,0,0,,0,,,,0,,,,,10004,104,9900,2,3,0,3,3,1,0,1,9,10,11,1,0,2,0,1,0,1281872,3.41,1.263,0.121
73,14.243,8.456,0,0.463,0.075,0,0,,0,,,,0,,,,,10004,104,9900,2,3,0,3,3,1,0,1,9,10,11,1,0,2,0,1,0,1281872,2.957,1.114,0.114
74,12.714,6.483,0,0.521,0.067,0,0,,0,,,,0,,,,,10004,104,9900,2,3,0,3,3,1,0,1,9,10,11,1,0,2,0,1,0,1281872,3.394,1.247,0.137
75,4.947,0.001,0.001,0.433,0.031,0,0,,0,,,,0,,,,,10004,104,9900,2,3,0,3,3,1,0,1,9,10,11,1,0,2,0,1,0,1281872,2.843,0.858,0.068
76,4.061,0.001,0,0.225,0.032,0,0,,0,,,,0,,,,,10004,104,9900,2,3,0,3,3,1,0,1,9,10,11,1,0,2,0,1,0,1281872,2.391,0.869,0.061
77,3.304,0.001,0.001,0.374,0.025,0,0,,0,,,,0,,,,,10004,104,9900,2,3,0,3,3,1,0,1,9,10,11,1,0,2,0,1,0,1281872,1.791,0.611,0.044
78,5.123,0,0,0.212,0.057,0,0,,0,,,,0,,,,,10004,104,9900,2,3,0,3,3,1,0,1,9,10,11,1,0,2,0,1,0,1281872,2.93,1.215,0.137
79,4.469,0.002,0.001,0.438,0.027,0,0,,0,,,,0,,,,,10004,104,9900,2,3,0,3,3,1,0,1,9,10,11,1,0,2,0,1,0,1281872,2.285,1.003,0.057
80,3.736,0.003,0,0.359,0.034,0,0,,0,,,,0,,,,,10004,104,9900,2,3,0,3,3,1,0,1,9,10,11,1,0,2,0,1,0,1281872,1.994,0.686,0.055
81,3.676,0,0,0.214,0.035,0,0,,0,,,,0,,,,,10004,104,9900,2,3,0,3,3,1,0,1,9,10,11,1,0,2,0,1,0,1281872,2.119,0.726,0.061
82,9.815,5.877,0,0.559,0.053,0,0,,0,,,,0,,,,,10004,104,9900,2,3,0,3,3,1,0,1,9,10,11,1,0,2,0,1,0,1281872,1.873,0.738,0.081
83,4.912,0.433,0.001,0.402,0.041,0,0,,0,,,,0,,,,,10004,104,9900,2,3,0,3,3,1,0,1,9,10,11,1,0,2,0,1,0,1281872,2.364,0.963,0.06
84,5.134,0.001,0,0.326,0.064,0,0,,0,,,,0,,,,,10004,104,9900,2,3,0,3,3,1,0,1,9,10,11,1,0,2,0,1,0,1281872,2.828,1.001,0.116
85,4.518,0.001,0.001,0.394,0.038,0,0,,0,,,,0,,,,,10004,104,9900,2,3,0,3,3,1,0,1,9,10,11,1,0,2,0,1,0,1281872,2.431,0.877,0.086
86,4.536,0.001,0,0.271,0.045,0,0,,0,,,,0,,,,,10004,104,9900,2,3,0,3,3,1,0,1,9,10,11,1,0,2,0,1,0,1281872,2.642,0.899,0.079
87,4.38,0.001,0,0.317,0.036,0,0,,0,,,,0,,,,,10004,104,9900,2,3,0,3,3,1,0,1,9,10,11,1,0,2,0,1,0,1281872,2.302,1.063,0.065
88,4.746,0.001,0,0.277,0.034,0,0,,0,,,,0,,,,,10004,104,9900,2,3,0,3,3,1,0,1,9,10,11,1,0,2,0,1,0,1281872,2.817,0.911,0.09
89,3.83,0.001,0.001,0.25,0.023,0,0,,0,,,,0,,,,,10004,104,9900,2,3,0,3,3,1,0,1,9,10,11,1,0,2,0,1,0,1281872,2.163,0.779,0.047
90,3.768,0.001,0,0.227,0.025,0,0,,1,406.25,242311168,303087616,1,73499584,73499584,167755776,38823561584,10004,104,9900,2,3,0,3,3,1,0,1,9,10,11,1,0,2,0,1,0,1281872,2.039,0.935,0.068
91,3.625,0.001,0,0.266,0.027,0,0,,0,,,,0,,,,,10004,104,9900,2,3,0,3,3,1,0,1,9,10,11,1,0,2,0,1,0,1281872,1.947,0.763,0.053
92,4.224,0,0,0.21,0.034,0,0,,0,,,,0,,,,,10004,104,9900,2,3,0,3,3,1,0,1,9,10,11,1,0,2,0,1,0,1281872,2.438,0.99,0.096
93,3.48,0,0.001,0.26,0.024,0,0,,0,,,,0,,,,,10004,104,9900,2,3,0,3,3,1,0,1,9,10,11,1,0,2,0,1,0,1281872,2.017,0.634,0.061
94,2.922,0,0.001,0.205,0.028,0,0,,0,,,,0,,,,,10004,104,9900,2,3,0,3,3,1,0,1,9,10,11,1,0,2,0,1,0,1281872,1.551,0.653,0.058
95,3.293,0,0,0.226,0.023,0,0,,0,,,,0,,,,,10004,104,9900,2,3,0,3,3,1,0,1,9,10,11,1,0,2,0,1,0,1281872,1.909,0.602,0.053
96,3.145,0,0,0.187,0.025,0,0,,0,,,,0,,,,,10004,104,9900,2,3,0,3,3,1,0,1,9,10,11,1,0,2,0,1,0,1281872,1.547,0.901,0.064
97,5.135,0,0.001,0.303,0.032,0,0,,0,,,,0,,,,,10004,104,9900,2,3,0,3,3,1,0,1,9,10,11,1,0,2,0,1,0,1281872,3.087,0.99,0.089
98,3.871,0,0,0.296,0.028,0,0,,0,,,,0,,,,,10004,104,9900,2,3,0,3,3,1,0,1,9,10,11,1,0,2,0,1,0,1281872,2.14,0.79,0.058
99,3.969,0.001,0,0.27,0.028,0,0,,0,,,,0,,,,,10004,104,9900,2,3,0,3,3,1,0,1,9,10,11,1,0,2,0,1,0,1281872,2.258,0.784,0.061
100,5.224,0,0,0.271,0.155,0,0,,0,,,,0,,,,,10004,104,9900,2,3,0,3,3,1,0,1,9,10,11,1,0,2,0,1,0,1281872,2.483,1.218,0.108
101,5.373,0.003,0,0.415,0.056,0,0,,0,,,,0,,,,,10004,104,9900,2,3,0,3,3,1,0,1,9,10,11,1,0,2,0,1,0,1281872,2.977,1.068,0.08
102,4.68,0.001,0.001,0.333,0.057,0,0,,0,,,,0,,,,,10004,104,9900,2,3,0,3,3,1,0,1,9,10,11,1,0,2,0,1,0,1281872,2.585,0.984,0.074
103,4.668,0,0,0.337,0.037,0,0,,0,,,,0,,,,,10004,104,9900,2,3,0,3,3,1,0,1,9,10,11,1,0,2,0,1,0,1281872,2.58,0.99,0.081
104,6.179,0,0,0.317,0.047,0,0,,0,,,,0,,,,,10004,104,9900,2,3,0,3,3,1,0,1,9,10,11,1,0,2,0,1,0,1281872,3.15,1.2,0.102
105,4.501,0.002,0,0.377,0.042,0,0,,0,,,,0,,,,,10004,104,9900,2,3,0,3,3,1,0,1,9,10,11,1,0,2,0,1,0,1281872,2.483,0.926,0.081
106,4.628,0.001,0,0.305,0.038,0,0,,0,,,,0,,,,,10004,104,9900,2,3,0,3,3,1,0,1,9,10,11,1,0,2,0,1,0,1281872,2.632,0.961,0.091
107,5.209,0,0,0.296,0.07,0,0,,0,,,,0,,,,,10004,104,9900,2,3,0,3,3,1,0,1,9,10,11,1,0,2,0,1,0,1281872,2.757,1.203,0.221
108,5.091,0.001,0,0.365,0.055,0,0,,0,,,,0,,,,,10004,104,9900,2,3,0,3,3,1,0,1,9,10,11,1,0,2,0,1,0,1281872,2.692,1.191,0.091
109,4.695,0.001,0,0.306,0.035,0,0,,0,,,,0,,,,,10004,104,9900,2,3,0,3,3,1,0,1,9,10,11,1,0,2,0,1,0,1281872,2.667,1.023,0.071
110,3.889,0.001,0.001,0.304,0.125,0,0,,0,,,,0,,,,,10004,104,9900,2,3,0,3,3,1,0,1,9,10,11,1,0,2,0,1,0,1281872,2.126,0.706,0.074
111,5.293,0.002,0,0.455,0.048,0,0,,0,,,,0,,,,,10004,104,9900,2,3,0,3,3,1,0,1,9,10,11,1,0,2,0,1,0,1281872,3.04,0.88,0.09
112,4.764,0.001,0,0.316,0.046,0,0,,0,,,,0,,,,,10004,104,9900,2,3,0,3,3,1,0,1,9,10,11,1,0,2,0,1,0,1281872,2.524,1.169,0.08
113,4.739,0.001,0,0.302,0.053,0,0,,0,,,,0,,,,,10004,104,9900,2,3,0,3,3,1,0,1,9,10,11,1,0,2,0,1,0,1281872,2.64,1.056,0.073
114,6.296,0.001,0,0.318,0.064,0,0,,0,,,,0,,,,,10004,104,9900,2,3,0,3,3,1,0,1,9,10,11,1,0,2,0,1,0,1281872,3.643,1.382,0.112
115,5.094,0.002,0.001,0.573,0.048,0,0,,0,,,,0,,,,,10004,104,9900,2,3,0,3,3,1,0,1,9,10,11,1,0,2,0,1,0,1281872,2.648,1.012,0.082
116,5.421,0.001,0.001,0.409,0.075,0,0,,0,,,,0,,,,,10004,104,9900,2,3,0,3,3,1,0,1,9,10,11,1,0,2,0,1,0,1281872,2.838,1.2,0.1
117,10.323,5.335,0.001,0.614,0.057,0,0,,0,,,,0,,,,,10004,104,9900,2,3,0,3,3,1,0,1,9,10,11,1,0,2,0,1,0,1281872,2.41,1.049,0.134
118,12.659,7.592,0,0.423,0.054,0,0,,0,,,,0,,,,,10004,104,9900,2,3,0,3,3,1,0,1,9,10,11,1,0,2,0,1,0,1281872,2.993,0.756,0.07
119,7.123,2.072,0,0.515,0.065,0,0,,0,,,,0,,,,,10004,104,9900,2,3,0,3,3,1,0,1,9,10,11,1,0,2,0,1,0,1281872,2.56,1.03,0.076
120,3.997,0.001,0.001,0.32,0.04,0,0,,1,531.25,242319360,303087616,1,73499584,73499584,167755776,38823561584,10004,104,9900,2,3,0,3,3,1,0,1,9,10,11,1,0,2,0,1,0,1281872,2.161,0.801,0.065
121,4.983,0,0,0.294,0.051,0,0,,0,,,,0,,,,,10004,104,9900,2,3,0,3,3,1,0,1,9,10,11,1,0,2,0,1,0,1281872,2.709,1.078,0.121
122,4.347,0.001,0.001,0.36,0.031,0,0,,0,,,,0,,,,,10004,104,9900,2,3,0,3,3,1,0,1,9,10,11,1,0,2,0,1,0,1281872,2.499,0.753,0.056
123,4.003,0.001,0,0.27,0.031,0,0,,0,,,,0,,,,,10004,104,9900,2,3,0,3,3,1,0,1,9,10,11,1,0,2,0,1,0,1281872,2.26,0.813,0.063
124,3.562,0,0,0.27,0.024,0,0,,0,,,,0,,,,,10004,104,9900,2,3,0,3,3,1,0,1,9,10,11,1,0,2,0,1,0,1281872,1.985,0.718,0.054
125,5.574,0.003,0,0.433,0.057,0,0,,0,,,,0,,,,,10004,104,9900,2,3,0,3,3,1,0,1,9,10,11,1,0,2,0,1,0,1281872,2.859,1.24,0.085
126,4.377,0.002,0.001,0.332,0.034,0,0,,0,,,,0,,,,,10004,104,9900,2,3,0,3,3,1,0,1,9,10,11,1,0,2,0,1,0,1281872,2.497,0.892,0.076
127,3.92,0,0.001,0.278,0.027,0,0,,0,,,,0,,,,,10004,104,9900,2,3,0,3,3,1,0,1,9,10,11,1,0,2,0,1,0,1281872,2.183,0.812,0.054
128,3.811,0,0,0.237,0.143,0,0,,0,,,,0,,,,,10004,104,9900,2,3,0,3,3,1,0,1,9,10,11,1,0,2,0,1,0,1281872,1.936,0.916,0.071
129,5.16,0.004,0.001,0.471,0.048,0,0,,0,,,,0,,,,,10004,104,9900,2,3,0,3,3,1,0,1,9,10,11,1,0,2,0,1,0,1281872,2.614,1.237,0.084
130,4.812,0.001,0.001,0.315,0.043,0,0,,0,,,,0,,,,,10004,104,9900,2,3,0,3,3,1,0,1,9,10,11,1,0,2,0,1,0,1281872,2.837,0.861,0.096
131,4.027,0.001,0.001,0.287,0.037,0,0,,0,,,,0,,,,,10004,104,9900,2,3,0,3,3,1,0,1,9,10,11,1,0,2,0,1,0,1281872,2.304,0.736,0.098
132,6.245,0,0,0.334,0.059,0,0,,0,,,,0,,,,,10004,104,9900,2,3,0,3,3,1,0,1,9,10,11,1,0,2,0,1,0,1281872,3.866,1.111,0.138
133,6.344,0.641,0.001,0.453,0.04,0,0,,0,,,,0,,,,,10004,104,9900,2,3,0,3,3,1,0,1,9,10,11,1,0,2,0,1,0,1281872,2.986,1.379,0.091
134,10.008,4.564,0.001,0.326,0.064,0,0,,0,,,,0,,,,,10004,104,9900,2,3,0,3,3,1,0,1,9,10,11,1,0,2,0,1,0,1281872,3.05,1.046,0.161
135,4.021,0.001,0.001,0.329,0.032,0,0,,0,,,,0,,,,,10004,104,9900,2,3,0,3,3,1,0,1,9,10,11,1,0,2,0,1,0,1281872,2.073,0.967,0.054
136,3.884,0.001,0,0.245,0.033,0,0,,0,,,,0,,,,,10004,104,9900,2,3,0,3,3,1,0,1,9,10,11,1,0,2,0,1,0,1281872,2.177,0.802,0.063
137,3.739,0,0,0.315,0.027,0,0,,0,,,,0,,,,,10004,104,9900,2,3,0,3,3,1,0,1,9,10,11,1,0,2,0,1,0,1281872,1.946,0.888,0.051
138,5.027,0,0,0.234,0.032,0,0,,0,,,,0,,,,,10004,104,9900,2,3,0,3,3,1,0,1,9,10,11,1,0,2,0,1,0,1281872,2.998,1.09,0.08
139,4.152,0,0.001,0.333,0.026,0,0,,0,,,,0,,,,,10004,104,9900,2,3,0,3,3,1,0,1,9,10,11,1,0,2,0,1,0,1281872,2.406,0.814,0.056
140,3.79,0,0,0.254,0.031,0,0,,0,,,,0,,,,,10004,104,9900,2,3,0,3,3,1,0,1,9,10,11,1,0,2,0,1,0,1281872,2.185,0.739,0.062
141,3.385,0,0,0.262,0.029,0,0,,0,,,,0,,,,,10004,104,9900,2,3,0,3,3,1,0,1,9,10,11,1,0,2,0,1,0,1281872,1.836,0.73,0.052
142,4.654,0,0,0.257,0.035,0,0,,0,,,,0,,,,,10004,104,9900,2,3,0,3,3,1,0,1,9,10,11,1,0,2,0,1,0,1281872,2.643,1.044,0.088
143,3.935,0.001,0,0.354,0.028,0,0,,0,,,,0,,,,,10004,104,9900,2,3,0,3,3,1,0,1,9,10,11,1,0,2,0,1,0,1281872,2.212,0.769,0.061
144,3.976,0,0,0.283,0.03,0,0,,0,,,,0,,,,,10004,104,9900,2,3,0,3,3,1,0,1,9,10,11,1,0,2,0,1,0,1281872,2.255,0.784,0.067
145,3.633,0,0,0.278,0.03,0,0,,0,,,,0,,,,,10004,104,9900,2,3,0,3,3,1,0,1,9,10,11,1,0,2,0,1,0,1281872,1.887,0.897,0.062
146,5.928,0,0,0.295,0.074,0,0,,0,,,,0,,,,,10004,104,9900,2,3,0,3,3,1,0,1,9,10,11,1,0,2,0,1,0,1281872,3.21,1.596,0.108
147,4.301,0.002,0,0.471,0.034,0,0,,0,,,,0,,,,,10004,104,9900,2,3,0,3,3,1,0,1,9,10,11,1,0,2,0,1,0,1281872,2.309,0.822,0.062
148,3.885,0,0,0.258,0.029,0,0,,0,,,,0,,,,,10004,104,9900,2,3,0,3,3,1,0,1,9,10,11,1,0,2,0,1,0,1281872,2.246,0.752,0.066
149,3.879,0,0,0.247,0.053,0,0,,0,,,,0,,,,,10004,104,9900,2,3,0,3,3,1,0,1,9,10,11,1,0,2,0,1,0,1281872,2.064,0.775,0.13
150,5.074,0.001,0.001,0.386,0.049,0,0,,1,671.875,241528832,302014464,1,73499584,73499584,167755776,38823561584,10004,104,9900,2,3,0,3,3,1,0,1,9,10,11,1,0,2,0,1,0,1281872,2.7,1.08,0.098
151,5.849,1.135,0,0.438,0.064,0,0,,0,,,,0,,,,,10004,104,9900,2,3,0,3,3,1,0,1,9,10,11,1,0,2,0,1,0,1281872,2.511,0.959,0.075
152,5.525,1.665,0.001,0.379,0.078,0,0,,0,,,,0,,,,,10004,104,9900,2,3,0,3,3,1,0,1,9,10,11,1,0,2,0,1,0,1281872,2.022,0.813,0.066
153,4.619,0.002,0,0.554,0.041,0,0,,0,,,,0,,,,,10004,104,9900,2,3,0,3,3,1,0,1,9,10,11,1,0,2,0,1,0,1281872,2.288,0.815,0.072
154,4.11,0.001,0,0.27,0.041,0,0,,0,,,,0,,,,,10004,104,9900,2,3,0,3,3,1,0,1,9,10,11,1,0,2,0,1,0,1281872,2.132,0.993,0.083
155,13.327,7.226,0,0.474,0.061,0,0,,0,,,,0,,,,,10004,104,9900,2,3,0,3,3,1,0,1,9,10,11,1,0,2,0,1,0,1281872,3.352,1.324,0.117
156,8.381,3.512,0.001,0.497,0.049,0,0,,0,,,,0,,,,,10004,104,9900,2,3,0,3,3,1,0,1,9,10,11,1,0,2,0,1,0,1281872,2.501,1.037,0.085
157,11.471,7.263,0,0.473,0.05,0,0,,0,,,,0,,,,,10004,104,9900,2,3,0,3,3,1,0,1,9,10,11,1,0,2,0,1,0,1281872,2.209,0.759,0.059
158,4.751,0,0.001,0.296,0.044,0,0,,0,,,,0,,,,,10004,104,9900,2,3,0,3,3,1,0,1,9,10,11,1,0,2,0,1,0,1281872,2.507,1.164,0.079
159,4.579,0.002,0.001,0.309,0.037,0,0,,0,,,,0,,,,,10004,104,9900,2,3,0,3,3,1,0,1,9,10,11,1,0,2,0,1,0,1281872,2.279,1.185,0.121
160,7.24,3.022,0,0.321,0.042,0,0,,0,,,,0,,,,,10004,104,9900,2,3,0,3,3,1,0,1,9,10,11,1,0,2,0,1,0,1281872,2.136,1.107,0.071
161,4.39,0.001,0.001,0.284,0.034,0,0,,0,,,,0,,,,,10004,104,9900,2,3,0,3,3,1,0,1,9,10,11,1,0,2,0,1,0,1281872,2.481,0.885,0.067
162,4.154,0.001,0,0.301,0.03,0,0,,0,,,,0,,,,,10004,104,9900,2,3,0,3,3,1,0,1,9,10,11,1,0,2,0,1,0,1281872,2.156,1.018,0.062
163,4.566,0.001,0,0.335,0.033,0,0,,0,,,,0,,,,,10004,104,9900,2,3,0,3,3,1,0,1,9,10,11,1,0,2,0,1,0,1281872,2.532,0.882,0.075
164,4.234,0.001,0,0.327,0.054,0,0,,0,,,,0,,,,,10004,104,9900,2,3,0,3,3,1,0,1,9,10,11,1,0,2,0,1,0,1281872,2.28,0.928,0.065
165,4.176,0.001,0,0.307,0.029,0,0,,0,,,,0,,,,,10004,104,9900,2,3,0,3,3,1,0,1,9,10,11,1,0,2,0,1,0,1281872,2.362,0.846,0.064
166,4.167,0,0,0.283,0.032,0,0,,0,,,,0,,,,,10004,104,9900,2,3,0,3,3,1,0,1,9,10,11,1,0,2,0,1,0,1281872,2.177,1.025,0.084
167,4.44,0.001,0,0.362,0.03,0,0,,0,,,,0,,,,,10004,104,9900,2,3,0,3,3,1,0,1,9,10,11,1,0,2,0,1,0,1281872,2.372,0.924,0.063
168,5.951,0.001,0,0.317,0.05,0,0,,0,,,,0,,,,,10004,104,9900,2,3,0,3,3,1,0,1,9,10,11,1,0,2,0,1,0,1281872,3.485,1.288,0.103
169,4.925,0.001,0.001,0.388,0.043,0,0,,0,,,,0,,,,,10004,104,9900,2,3,0,3,3,1,0,1,9,10,11,1,0,2,0,1,0,1281872,2.737,0.955,0.07
170,5.298,0.001,0.001,0.383,0.036,0,0,,0,,,,0,,,,,10004,104,9900,2,3,0,3,3,1,0,1,9,10,11,1,0,2,0,1,0,1281872,2.928,1.071,0.1
171,5.089,0.001,0.001,0.355,0.037,0,0,,0,,,,0,,,,,10004,104,9900,2,3,0,3,3,1,0,1,9,10,11,1,0,2,0,1,0,1281872,2.748,1.232,0.078
172,4.434,0,0,0.316,0.036,0,0,,0,,,,0,,,,,10004,104,9900,2,3,0,3,3,1,0,1,9,10,11,1,0,2,0,1,0,1281872,2.452,0.932,0.057
173,5.621,0.943,0,0.353,0.039,0,0,,0,,,,0,,,,,10004,104,9900,2,3,0,3,3,1,0,1,9,10,11,1,0,2,0,1,0,1281872,2.679,0.874,0.072
174,4.665,0.001,0.001,0.296,0.035,0,0,,0,,,,0,,,,,10004,104,9900,2,3,0,3,3,1,0,1,9,10,11,1,0,2,0,1,0,1281872,2.613,0.988,0.102
175,5.077,0.001,0,0.312,0.057,0,0,,0,,,,0,,,,,10004,104,9900,2,3,0,3,3,1,0,1,9,10,11,1,0,2,0,1,0,1281872,2.695,1.262,0.083
176,5.362,0.002,0,0.32,0.055,0,0,,0,,,,0,,,,,10004,104,9900,2,3,0,3,3,1,0,1,9,10,11,1,0,2,0,1,0,1281872,2.839,1.287,0.124
177,5.052,0.001,0,0.386,0.049,0,0,,0,,,,0,,,,,10004,104,9900,2,3,0,3,3,1,0,1,9,10,11,1,0,2,0,1,0,1281872,2.763,1.011,0.088
178,8.851,2.09,0.001,0.624,0.049,0,0,,0,,,,0,,,,,10004,104,9900,2,3,0,3,3,1,0,1,9,10,11,1,0,2,0,1,0,1281872,4.21,0.761,0.072
179,5.26,0.001,0,0.275,0.041,0,0,,0,,,,0,,,,,10004,104,9900,2,3,0,3,3,1,0,1,9,10,11,1,0,2,0,1,0,1281872,2.94,1.197,0.09
180,4.146,0.001,0,0.287,0.034,0,0,,1,828.125,242167808,303087616,1,73499584,73499584,167755776,38823561584,10004,104,9900,2,3,0,3,3,1,0,1,9,10,11,1,0,2,0,1,0,1281872,2.084,1.097,0.073
181,4.346,0,0,0.295,0.034,0,0,,0,,,,0,,,,,10004,104,9900,2,3,0,3,3,1,0,1,9,10,11,1,0,2,0,1,0,1281872,2.468,0.888,0.077
182,3.85,0.001,0,0.261,0.039,0,0,,0,,,,0,,,,,10004,104,9900,2,3,0,3,3,1,0,1,9,10,11,1,0,2,0,1,0,1281872,2.028,0.852,0.088
183,9.737,5.453,0,0.419,0.053,0,0,,0,,,,0,,,,,10004,104,9900,2,3,0,3,3,1,0,1,9,10,11,1,0,2,0,1,0,1281872,2.167,0.994,0.065
184,3.766,0.001,0,0.283,0.033,0,0,,0,,,,0,,,,,10004,104,9900,2,3,0,3,3,1,0,1,9,10,11,1,0,2,0,1,0,1281872,2.048,0.795,0.053
185,4.309,0,0,0.231,0.041,0,0,,0,,,,0,,,,,10004,104,9900,2,3,0,3,3,1,0,1,9,10,11,1,0,2,0,1,0,1281872,2.276,1.088,0.096
186,4.439,0,0,0.349,0.035,0,0,,0,,,,0,,,,,10004,104,9900,2,3,0,3,3,1,0,1,9,10,11,1,0,2,0,1,0,1281872,2.401,0.929,0.072
187,4.372,0,0,0.347,0.035,0,0,,0,,,,0,,,,,10004,104,9900,2,3,0,3,3,1,0,1,9,10,11,1,0,2,0,1,0,1281872,2.403,0.872,0.074
188,3.993,0.001,0,0.302,0.024,0,0,,0,,,,0,,,,,10004,104,9900,2,3,0,3,3,1,0,1,9,10,11,1,0,2,0,1,0,1281872,2.164,0.836,0.058
189,9.012,2.754,0.001,0.485,0.06,0,0,,0,,,,0,,,,,10004,104,9900,2,3,0,3,3,1,0,1,9,10,11,1,0,2,0,1,0,1281872,3.385,1.395,0.094
190,4.16,0.047,0,0.428,0.039,0,0,,0,,,,0,,,,,10004,104,9900,2,3,0,3,3,1,0,1,9,10,11,1,0,2,0,1,0,1281872,2.032,0.922,0.089
191,3.846,0.001,0,0.315,0.028,0,0,,0,,,,0,,,,,10004,104,9900,2,3,0,3,3,1,0,1,9,10,11,1,0,2,0,1,0,1281872,1.936,0.898,0.058
192,3.92,0,0,0.24,0.037,0,0,,0,,,,0,,,,,10004,104,9900,2,3,0,3,3,1,0,1,9,10,11,1,0,2,0,1,0,1281872,2.056,0.989,0.089
193,3.912,0,0.001,0.303,0.03,0,0,,0,,,,0,,,,,10004,104,9900,2,3,0,3,3,1,0,1,9,10,11,1,0,2,0,1,0,1281872,2.237,0.735,0.056
194,3.586,0,0,0.239,0.036,0,0,,0,,,,0,,,,,10004,104,9900,2,3,0,3,3,1,0,1,9,10,11,1,0,2,0,1,0,1281872,1.828,0.913,0.074
195,4.492,0.001,0,0.34,0.035,0,0,,0,,,,0,,,,,10004,104,9900,2,3,0,3,3,1,0,1,9,10,11,1,0,2,0,1,0,1281872,2.498,0.938,0.065
196,4.657,0,0,0.227,0.082,0,0,,0,,,,0,,,,,10004,104,9900,2,3,0,3,3,1,0,1,9,10,11,1,0,2,0,1,0,1281872,1.98,1.63,0.135
197,4.382,0.001,0,0.37,0.039,0,0,,0,,,,0,,,,,10004,104,9900,2,3,0,3,3,1,0,1,9,10,11,1,0,2,0,1,0,1281872,2.524,0.766,0.061
198,3.842,0.001,0,0.25,0.042,0,0,,0,,,,0,,,,,10004,104,9900,2,3,0,3,3,1,0,1,9,10,11,1,0,2,0,1,0,1281872,1.963,0.999,0.067
199,3.965,0.003,0,0.379,0.035,0,0,,0,,,,0,,,,,10004,104,9900,2,3,0,3,3,1,0,1,9,10,11,1,0,2,0,1,0,1281872,2.173,0.717,0.047
200,4.331,0.001,0,0.217,0.049,0,0,,0,,,,0,,,,,10004,104,9900,2,3,0,3,3,1,0,1,9,10,11,1,0,2,0,1,0,1281872,2.208,1.254,0.083
201,4.799,0.001,0,0.342,0.035,0,0,,0,,,,0,,,,,10004,104,9900,2,3,0,3,3,1,0,1,9,10,11,1,0,2,0,1,0,1281872,2.807,0.93,0.064
202,4.057,0,0,0.269,0.037,0,0,,0,,,,0,,,,,10004,104,9900,2,3,0,3,3,1,0,1,9,10,11,1,0,2,0,1,0,1281872,2.165,0.943,0.089
203,11.401,6.503,0.001,0.484,0.059,0,0,,0,,,,0,,,,,10004,104,9900,2,3,0,3,3,1,0,1,9,10,11,1,0,2,0,1,0,1281872,2.569,0.918,0.094
204,15.559,11.006,0,0.488,0.047,0,0,,0,,,,0,,,,,10004,104,9900,2,3,0,3,3,1,0,1,9,10,11,1,0,2,0,1,0,1281872,2.24,0.952,0.071
205,12.203,7.589,0,0.341,0.055,0,0,,0,,,,0,,,,,10004,104,9900,2,3,0,3,3,1,0,1,9,10,11,1,0,2,0,1,0,1281872,2.253,1.213,0.095
206,12.399,7.026,0.001,0.613,0.057,0,0,,0,,,,0,,,,,10004,104,9900,2,3,0,3,3,1,0,1,9,10,11,1,0,2,0,1,0,1281872,2.89,0.922,0.087
207,4.149,0.001,0.001,0.317,0.054,0,0,,0,,,,0,,,,,10004,104,9900,2,3,0,3,3,1,0,1,9,10,11,1,0,2,0,1,0,1281872,2.096,0.952,0.079
208,5.242,0.001,0,0.493,0.42,0,0,,0,,,,0,,,,,10004,104,9900,2,3,0,3,3,1,0,1,9,10,11,1,0,2,0,1,0,1281872,2.451,1.123,0.081
209,4.544,0.001,0,0.315,0.059,0,0,,0,,,,0,,,,,10004,104,9900,2,3,0,3,3,1,0,1,9,10,11,1,0,2,0,1,0,1281872,2.447,0.985,0.086
210,3.793,0.001,0,0.304,0.027,0,0,,1,1000,242212864,303087616,1,73499584,73499584,167755776,38823561584,10004,104,9900,2,3,0,3,3,1,0,1,9,10,11,1,0,2,0,1,0,1281872,2.195,0.627,0.05
211,3.381,0.001,0,0.204,0.041,0,0,,0,,,,0,,,,,10004,104,9900,2,3,0,3,3,1,0,1,9,10,11,1,0,2,0,1,0,1281872,1.666,0.8,0.152
212,4.162,0.001,0,0.439,0.031,0,0,,0,,,,0,,,,,10004,104,9900,2,3,0,3,3,1,0,1,9,10,11,1,0,2,0,1,0,1281872,2.149,0.813,0.067
213,3.77,0.001,0,0.28,0.026,0,0,,0,,,,0,,,,,10004,104,9900,2,3,0,3,3,1,0,1,9,10,11,1,0,2,0,1,0,1281872,2.173,0.754,0.045
214,4.325,0,0,0.208,0.034,0,0,,0,,,,0,,,,,10004,104,9900,2,3,0,3,3,1,0,1,9,10,11,1,0,2,0,1,0,1281872,2.578,0.9,0.088
215,3.527,0.001,0,0.283,0.023,0,0,,0,,,,0,,,,,10004,104,9900,2,3,0,3,3,1,0,1,9,10,11,1,0,2,0,1,0,1281872,1.925,0.687,0.054
216,4.651,0.001,0,0.389,0.047,0,0,,0,,,,0,,,,,10004,104,9900,2,3,0,3,3,1,0,1,9,10,11,1,0,2,0,1,0,1281872,2.45,0.874,0.076
217,3.877,0.001,0,0.255,0.031,0,0,,0,,,,0,,,,,10004,104,9900,2,3,0,3,3,1,0,1,9,10,11,1,0,2,0,1,0,1281872,2.303,0.722,0.055
218,5.809,2.057,0,0.343,0.043,0,0,,0,,,,0,,,,,10004,104,9900,2,3,0,3,3,1,0,1,9,10,11,1,0,2,0,1,0,1281872,2.099,0.666,0.078
219,4.386,0.07,0.001,0.344,0.05,0,0,,0,,,,0,,,,,10004,104,9900,2,3,0,3,3,1,0,1,9,10,11,1,0,2,0,1,0,1281872,2.325,0.899,0.09
220,3.686,0.001,0.001,0.263,0.029,0,0,,0,,,,0,,,,,10004,104,9900,2,3,0,3,3,1,0,1,9,10,11,1,0,2,0,1,0,1281872,1.892,0.917,0.065
221,3.439,0.001,0,0.263,0.029,0,0,,0,,,,0,,,,,10004,104,9900,2,3,0,3,3,1,0,1,9,10,11,1,0,2,0,1,0,1281872,1.68,0.923,0.065
222,4.276,0,0,0.248,0.029,0,0,,0,,,,0,,,,,10004,104,9900,2,3,0,3,3,1,0,1,9,10,11,1,0,2,0,1,0,1281872,2.585,0.781,0.073
223,3.242,0.001,0,0.24,0.027,0,0,,0,,,,0,,,,,10004,104,9900,2,3,0,3,3,1,0,1,9,10,11,1,0,2,0,1,0,1281872,1.787,0.658,0.072
224,3.972,0.001,0,0.299,0.031,0,0,,0,,,,0,,,,,10004,104,9900,2,3,0,3,3,1,0,1,9,10,11,1,0,2,0,1,0,1281872,2.093,0.89,0.082
225,3.68,0.001,0,0.286,0.029,0,0,,0,,,,0,,,,,10004,104,9900,2,3,0,3,3,1,0,1,9,10,11,1,0,2,0,1,0,1281872,1.944,0.863,0.057
226,3.414,0,0,0.215,0.026,0,0,,0,,,,0,,,,,10004,104,9900,2,3,0,3,3,1,0,1,9,10,11,1,0,2,0,1,0,1281872,1.98,0.695,0.065
227,3.705,0,0,0.285,0.036,0,0,,0,,,,0,,,,,10004,104,9900,2,3,0,3,3,1,0,1,9,10,11,1,0,2,0,1,0,1281872,2.033,0.816,0.067
228,4.541,0,0,0.267,0.07,0,0,,0,,,,0,,,,,10004,104,9900,2,3,0,3,3,1,0,1,9,10,11,1,0,2,0,1,0,1281872,2.589,0.959,0.099
229,3.98,0.002,0,0.352,0.031,0,0,,0,,,,0,,,,,10004,104,9900,2,3,0,3,3,1,0,1,9,10,11,1,0,2,0,1,0,1281872,2.153,0.788,0.06
230,3.55,0.001,0.001,0.243,0.029,0,0,,0,,,,0,,,,,10004,104,9900,2,3,0,3,3,1,0,1,9,10,11,1,0,2,0,1,0,1281872,1.773,0.942,0.052
231,3.484,0.001,0,0.229,0.024,0,0,,0,,,,0,,,,,10004,104,9900,2,3,0,3,3,1,0,1,9,10,11,1,0,2,0,1,0,1281872,2.131,0.596,0.042
232,3.485,0,0,0.2,0.039,0,0,,0,,,,0,,,,,10004,104,9900,2,3,0,3,3,1,0,1,9,10,11,1,0,2,0,1,0,1281872,1.677,1.003,0.075
233,4.427,0.001,0,0.325,0.038,0,0,,0,,,,0,,,,,10004,104,9900,2,3,0,3,3,1,0,1,9,10,11,1,0,2,0,1,0,1281872,2.288,0.993,0.065
234,3.188,0.001,0,0.268,0.025,0,0,,0,,,,0,,,,,10004,104,9900,2,3,0,3,3,1,0,1,9,10,11,1,0,2,0,1,0,1281872,1.718,0.648,0.045
235,3.497,0.001,0,0.2,0.024,0,0,,0,,,,0,,,,,10004,104,9900,2,3,0,3,3,1,0,1,9,10,11,1,0,2,0,1,0,1281872,2.098,0.698,0.043
236,2.838,0.001,0,0.202,0.025,0,0,,0,,,,0,,,,,10004,104,9900,2,3,0,3,3,1,0,1,9,10,11,1,0,2,0,1,0,1281872,1.563,0.593,0.041
237,4.447,0,0,0.216,0.053,0,0,,0,,,,0,,,,,10004,104,9900,2,3,0,3,3,1,0,1,9,10,11,1,0,2,0,1,0,1281872,2.438,1.077,0.121
238,3.746,0.001,0.001,0.301,0.036,0,0,,0,,,,0,,,,,10004,104,9900,2,3,0,3,3,1,0,1,9,10,11,1,0,2,0,1,0,1281872,1.755,0.983,0.089
239,3.561,0.001,0,0.287,0.029,0,0,,0,,,,0,,,,,10004,104,9900,2,3,0,3,3,1,0,1,9,10,11,1,0,2,0,1,0,1281872,2.016,0.677,0.052
240,3.143,0,0.001,0.224,0.027,0,0,,1,1140.625,242307072,303087616,1,73499584,73499584,167755776,38823561584,10004,104,9900,2,3,0,3,3,1,0,1,9,10,11,1,0,2,0,1,0,1281872,1.778,0.609,0.049
241,2.867,0,0,0.217,0.018,0,0,,0,,,,0,,,,,10004,104,9900,2,3,0,3,3,1,0,1,9,10,11,1,0,2,0,1,0,1281872,1.596,0.572,0.048
242,4.388,0.002,0.001,0.348,0.035,0,0,,0,,,,0,,,,,10004,104,9900,2,3,0,3,3,1,0,1,9,10,11,1,0,2,0,1,0,1281872,2.345,0.677,0.069
243,3.194,0,0.001,0.223,0.032,0,0,,0,,,,0,,,,,10004,104,9900,2,3,0,3,3,1,0,1,9,10,11,1,0,2,0,1,0,1281872,1.809,0.654,0.044
244,3.023,0,0,0.202,0.026,0,0,,0,,,,0,,,,,10004,104,9900,2,3,0,3,3,1,0,1,9,10,11,1,0,2,0,1,0,1281872,1.639,0.672,0.048
245,3.267,0,0,0.233,0.025,0,0,,0,,,,0,,,,,10004,104,9900,2,3,0,3,3,1,0,1,9,10,11,1,0,2,0,1,0,1281872,1.87,0.633,0.045
246,3.981,0.001,0,0.214,0.05,0,0,,0,,,,0,,,,,10004,104,9900,2,3,0,3,3,1,0,1,9,10,11,1,0,2,0,1,0,1281872,1.878,1.204,0.118
247,4.459,0.001,0.001,0.468,0.054,0,0,,0,,,,0,,,,,10004,104,9900,2,3,0,3,3,1,0,1,9,10,11,1,0,2,0,1,0,1281872,2.323,0.894,0.078
248,3.545,0.001,0.001,0.29,0.029,0,0,,0,,,,0,,,,,10004,104,9900,2,3,0,3,3,1,0,1,9,10,11,1,0,2,0,1,0,1281872,1.884,0.772,0.056
249,3.76,0.001,0.001,0.242,0.033,0,0,,0,,,,0,,,,,10004,104,9900,2,3,0,3,3,1,0,1,9,10,11,1,0,2,0,1,0,1281872,2.095,0.804,0.069
250,4.237,0.001,0,0.265,0.061,0,0,,0,,,,0,,,,,10004,104,9900,2,3,0,3,3,1,0,1,9,10,11,1,0,2,0,1,0,1281872,2.132,1.074,0.097
251,4.941,0.001,0,0.363,0.043,0,0,,0,,,,0,,,,,10004,104,9900,2,3,0,3,3,1,0,1,9,10,11,1,0,2,0,1,0,1281872,2.934,0.837,0.082
252,3.338,0.001,0.001,0.29,0.032,0,0,,0,,,,0,,,,,10004,104,9900,2,3,0,3,3,1,0,1,9,10,11,1,0,2,0,1,0,1281872,1.816,0.657,0.048
253,6.701,2.157,0,0.487,0.059,0,0,,0,,,,0,,,,,10004,104,9900,2,3,0,3,3,1,0,1,9,10,11,1,0,2,0,1,0,1281872,2.355,0.971,0.084
254,5.645,0.001,0,0.338,0.047,0,0,,0,,,,0,,,,,10004,104,9900,2,3,0,3,3,1,0,1,9,10,11,1,0,2,0,1,0,1281872,3.165,1.277,0.107
255,5.139,0.002,0.001,0.332,0.056,0,0,,0,,,,0,,,,,10004,104,9900,2,3,0,3,3,1,0,1,9,10,11,1,0,2,0,1,0,1281872,2.599,1.325,0.093
256,12.628,7.475,0,0.422,0.054,0,0,,0,,,,0,,,,,10004,104,9900,2,3,0,3,3,1,0,1,9,10,11,1,0,2,0,1,0,1281872,2.822,0.923,0.101
257,16.377,11.387,0,0.405,0.063,0,0,,0,,,,0,,,,,10004,104,9900,2,3,0,3,3,1,0,1,9,10,11,1,0,2,0,1,0,1281872,2.681,0.909,0.099
258,10.488,4.732,0.001,0.484,0.064,0,0,,0,,,,0,,,,,10004,104,9900,2,3,0,3,3,1,0,1,9,10,11,1,0,2,0,1,0,1281872,2.916,1.326,0.091
259,5.742,0.001,0.001,0.317,0.059,0,0,,0,,,,0,,,,,10004,104,9900,2,3,0,3,3,1,0,1,9,10,11,1,0,2,0,1,0,1281872,3.226,1.206,0.186
260,3.783,0.001,0.001,0.386,0.031,0,0,,0,,,,0,,,,,10004,104,9900,2,3,0,3,3,1,0,1,9,10,11,1,0,2,0,1,0,1281872,2.084,0.693,0.054
261,4.006,0.001,0,0.224,0.031,0,0,,0,,,,0,,,,,10004,104,9900,2,3,0,3,3,1,0,1,9,10,11,1,0,2,0,1,0,1281872,2.318,0.762,0.08
262,3.341,0,0,0.26,0.026,0,0,,0,,,,0,,,,,10004,104,9900,2,3,0,3,3,1,0,1,9,10,11,1,0,2,0,1,0,1281872,1.934,0.631,0.045
263,4.555,0,0.001,0.213,0.043,0,0,,0,,,,0,,,,,10004,104,9900,2,3,0,3,3,1,0,1,9,10,11,1,0,2,0,1,0,1281872,2.76,0.855,0.078
264,3.366,0.001,0.001,0.286,0.025,0,0,,0,,,,0,,,,,10004,104,9900,2,3,0,3,3,1,0,1,9,10,11,1,0,2,0,1,0,1281872,1.864,0.595,0.049
265,5.163,1.281,0.001,0.42,0.05,0,0,,0,,,,0,,,,,10004,104,9900,2,3,0,3,3,1,0,1,9,10,11,1,0,2,0,1,0,1281872,2.102,0.739,0.061
266,3.19,0.001,0,0.264,0.029,0,0,,0,,,,0,,,,,10004,104,9900,2,3,0,3,3,1,0,1,9,10,11,1,0,2,0,1,0,1281872,1.726,0.637,0.048
267,3.756,0,0,0.226,0.03,0,0,,0,,,,0,,,,,10004,104,9900,2,3,0,3,3,1,0,1,9,10,11,1,0,2,0,1,0,1281872,2.12,0.832,0.073
268,3.268,0,0.001,0.243,0.023,0,0,,0,,,,0,,,,,10004,104,9900,2,3,0,3,3,1,0,1,9,10,11,1,0,2,0,1,0,1281872,1.892,0.642,0.046
269,4.054,0,0,0.243,0.041,0,0,,0,,,,0,,,,,10004,104,9900,2,3,0,3,3,1,0,1,9,10,11,1,0,2,0,1,0,1281872,2.36,0.79,0.095
270,4.441,0,0.001,0.354,0.037,0,0,,1,1312.5,242368512,303087616,1,73499584,73499584,167755776,38823561584,10004,104,9900,2,3,0,3,3,1,0,1,9,10,11,1,0,2,0,1,0,1281872,2.442,0.813,0.087
271,5.227,0,0,0.279,0.054,0,0,,0,,,,0,,,,,10004,104,9900,2,3,0,3,3,1,0,1,9,10,11,1,0,2,0,1,0,1281872,2.659,1.452,0.113
272,4.464,0.001,0,0.376,0.038,0,0,,0,,,,0,,,,,10004,104,9900,2,3,0,3,3,1,0,1,9,10,11,1,0,2,0,1,0,1281872,2.533,0.826,0.076
273,4.206,0.002,0,0.325,0.039,0,0,,0,,,,0,,,,,10004,104,9900,2,3,0,3,3,1,0,1,9,10,11,1,0,2,0,1,0,1281872,2.285,0.853,0.072
274,3.151,0,0.001,0.274,0.025,0,0,,0,,,,0,,,,,10004,104,9900,2,3,0,3,3,1,0,1,9,10,11,1,0,2,0,1,0,1281872,1.729,0.595,0.051
275,4.686,0.001,0,0.202,0.05,0,0,,0,,,,0,,,,,10004,104,9900,2,3,0,3,3,1,0,1,9,10,11,1,0,2,0,1,0,1281872,2.433,1.352,0.09
276,4.662,0.001,0,0.312,0.052,0,0,,0,,,,0,,,,,10004,104,9900,2,3,0,3,3,1,0,1,9,10,11,1,0,2,0,1,0,1281872,2.773,0.862,0.086
277,3.992,0.001,0,0.293,0.029,0,0,,0,,,,0,,,,,10004,104,9900,2,3,0,3,3,1,0,1,9,10,11,1,0,2,0,1,0,1281872,2.167,0.866,0.075
278,5.941,1.306,0.001,0.409,0.063,0,0,,0,,,,0,,,,,10004,104,9900,2,3,0,3,3,1,0,1,9,10,11,1,0,2,0,1,0,1281872,2.22,1.18,0.136
279,5.341,0.705,0,0.456,0.045,0,0,,0,,,,0,,,,,10004,104,9900,2,3,0,3,3,1,0,1,9,10,11,1,0,2,0,1,0,1281872,2.619,0.807,0.059
280,4.504,0.048,0.001,0.45,0.047,0,0,,0,,,,0,,,,,10004,104,9900,2,3,0,3,3,1,0,1,9,10,11,1,0,2,0,1,0,1281872,2.267,0.889,0.079
281,4.078,0,0.001,0.284,0.038,0,0,,0,,,,0,,,,,10004,104,9900,2,3,0,3,3,1,0,1,9,10,11,1,0,2,0,1,0,1281872,2.13,0.949,0.059
282,4.647,0.001,0,0.25,0.043,0,0,,0,,,,0,,,,,10004,104,9900,2,3,0,3,3,1,0,1,9,10,11,1,0,2,0,1,0,1281872,2.632,1.043,0.102
283,4.379,0.001,0.001,0.321,0.035,0,0,,0,,,,0,,,,,10004,104,9900,2,3,0,3,3,1,0,1,9,10,11,1,0,2,0,1,0,1281872,2.344,1.024,0.061
284,3.733,0.001,0,0.25,0.038,0,0,,0,,,,0,,,,,10004,104,9900,2,3,0,3,3,1,0,1,9,10,11,1,0,2,0,1,0,1281872,2.063,0.788,0.058
285,3.644,0.001,0,0.261,0.029,0,0,,0,,,,0,,,,,10004,104,9900,2,3,0,3,3,1,0,1,9,10,11,1,0,2,0,1,0,1281872,1.876,0.886,0.054
286,5.925,0.976,0,0.368,0.058,0,0,,0,,,,0,,,,,10004,104,9900,2,3,0,3,3,1,0,1,9,10,11,1,0,2,0,1,0,1281872,2.913,0.949,0.105
287,3.47,0.001,0.001,0.31,0.027,0,0,,0,,,,0,,,,,10004,104,9900,2,3,0,3,3,1,0,1,9,10,11,1,0,2,0,1,0,1281872,1.874,0.687,0.049
288,3.486,0,0,0.23,0.028,0,0,,0,,,,0,,,,,10004,104,9900,2,3,0,3,3,1,0,1,9,10,11,1,0,2,0,1,0,1281872,1.979,0.728,0.056
289,3.457,0,0,0.235,0.028,0,0,,0,,,,0,,,,,10004,104,9900,2,3,0,3,3,1,0,1,9,10,11,1,0,2,0,1,0,1281872,1.942,0.648,0.054
290,4.634,0,0,0.22,0.103,0,0,,0,,,,0,,,,,10004,104,9900,2,3,0,3,3,1,0,1,9,10,11,1,0,2,0,1,0,1281872,2.358,1.3,0.097
291,4.152,0.001,0.001,0.353,0.04,0,0,,0,,,,0,,,,,10004,104,9900,2,3,0,3,3,1,0,1,9,10,11,1,0,2,0,1,0,1281872,2.37,0.769,0.066
292,3.553,0.001,0,0.243,0.045,0,0,,0,,,,0,,,,,10004,104,9900,2,3,0,3,3,1,0,1,9,10,11,1,0,2,0,1,0,1281872,1.881,0.795,0.056
293,3.985,0.001,0,0.351,0.03,0,0,,0,,,,0,,,,,10004,104,9900,2,3,0,3,3,1,0,1,9,10,11,1,0,2,0,1,0,1281872,2.284,0.723,0.048
294,4.226,0,0,0.217,0.054,0,0,,0,,,,0,,,,,10004,104,9900,2,3,0,3,3,1,0,1,9,10,11,1,0,2,0,1,0,1281872,2.1,1.194,0.102
295,3.862,0.001,0,0.341,0.05,0,0,,0,,,,0,,,,,10004,104,9900,2,3,0,3,3,1,0,1,9,10,11,1,0,2,0,1,0,1281872,2.085,0.678,0.085
296,6.068,0.001,0,0.43,0.04,0,0,,0,,,,0,,,,,10004,104,9900,2,3,0,3,3,1,0,1,9,10,11,1,0,2,0,1,0,1281872,3.39,1.278,0.094
297,6.858,0.001,0,0.421,0.049,0,0,,0,,,,0,,,,,10004,104,9900,2,3,0,3,3,1,0,1,9,10,11,1,0,2,0,1,0,1281872,3.69,1.726,0.093
298,4.779,0.001,0,0.292,0.049,0,0,,0,,,,0,,,,,10004,104,9900,2,3,0,3,3,1,0,1,9,10,11,1,0,2,0,1,0,1281872,2.714,1.004,0.116
299,4.239,0.001,0,0.321,0.039,0,0,,0,,,,0,,,,,10004,104,9900,2,3,0,3,3,1,0,1,9,10,11,1,0,2,0,1,0,1281872,2.341,0.832,0.075
300,6.188,0.001,0,0.314,0.063,0,0,,1,1453.125,242376704,303087616,1,73499584,73499584,167755776,38823561584,10004,104,9900,2,3,0,3,3,1,0,1,9,10,11,1,0,2,0,1,0,1281872,3.521,1.138,0.123
301,5.523,0.002,0.001,0.44,0.058,0,0,,0,,,,0,,,,,10004,104,9900,2,3,0,3,3,1,0,1,9,10,11,1,0,2,0,1,0,1281872,3.016,1.05,0.111
302,4.936,0.001,0.001,0.362,0.062,0,0,,0,,,,0,,,,,10004,104,9900,2,3,0,3,3,1,0,1,9,10,11,1,0,2,0,1,0,1281872,2.546,1.15,0.103
303,4.876,0.002,0,0.339,0.038,0,0,,0,,,,0,,,,,10004,104,9900,2,3,0,3,3,1,0,1,9,10,11,1,0,2,0,1,0,1281872,2.922,0.824,0.078
304,11.464,7.542,0.001,0.362,0.063,0,0,,0,,,,0,,,,,10004,104,9900,2,3,0,3,3,1,0,1,9,10,11,1,0,2,0,1,0,1281872,1.958,0.803,0.072
305,15.312,11.569,0,0.485,0.051,0,0,,0,,,,0,,,,,10004,104,9900,2,3,0,3,3,1,0,1,9,10,11,1,0,2,0,1,0,1281872,1.89,0.676,0.066
306,5.104,0.001,0,0.299,0.045,0,0,,0,,,,0,,,,,10004,104,9900,2,3,0,3,3,1,0,1,9,10,11,1,0,2,0,1,0,1281872,2.561,1.122,0.082
307,5.654,0.001,0,0.303,0.048,0,0,,0,,,,0,,,,,10004,104,9900,2,3,0,3,3,1,0,1,9,10,11,1,0,2,0,1,0,1281872,2.979,1.517,0.15
308,4.371,0.002,0,0.415,0.044,0,0,,0,,,,0,,,,,10004,104,9900,2,3,0,3,3,1,0,1,9,10,11,1,0,2,0,1,0,1281872,2.406,0.793,0.075
309,4.451,0,0.001,0.311,0.035,0,0,,0,,,,0,,,,,10004,104,9900,2,3,0,3,3,1,0,1,9,10,11,1,0,2,0,1,0,1281872,2.38,1.127,0.066
310,4.05,0.001,0,0.243,0.039,0,0,,0,,,,0,,,,,10004,104,9900,2,3,0,3,3,1,0,1,9,10,11,1,0,2,0,1,0,1281872,2.264,0.873,0.104
311,4.921,0,0,0.433,0.058,0,0,,0,,,,0,,,,,10004,104,9900,2,3,0,3,3,1,0,1,9,10,11,1,0,2,0,1,0,1281872,2.686,0.88,0.086
312,3.989,0.001,0.001,0.316,0.038,0,0,,0,,,,0,,,,,10004,104,9900,2,3,0,3,3,1,0,1,9,10,11,1,0,2,0,1,0,1281872,2.142,0.832,0.069
313,4.333,0.001,0,0.289,0.031,0,0,,0,,,,0,,,,,10004,104,9900,2,3,0,3,3,1,0,1,9,10,11,1,0,2,0,1,0,1281872,2.54,0.767,0.067
314,4.297,0.001,0.001,0.269,0.043,0,0,,0,,,,0,,,,,10004,104,9900,2,3,0,3,3,1,0,1,9,10,11,1,0,2,0,1,0,1281872,1.914,1.369,0.095
315,4.468,0,0,0.341,0.035,0,0,,0,,,,0,,,,,10004,104,9900,2,3,0,3,3,1,0,1,9,10,11,1,0,2,0,1,0,1281872,2.58,0.763,0.065
316,4.031,0.001,0.001,0.293,0.03,0,0,,0,,,,0,,,,,10004,104,9900,2,3,0,3,3,1,0,1,9,10,11,1,0,2,0,1,0,1281872,2.279,0.813,0.063
317,3.84,0.001,0,0.248,0.028,0,0,,0,,,,0,,,,,10004,104,9900,2,3,0,3,3,1,0,1,9,10,11,1,0,2,0,1,0,1281872,2.268,0.739,0.053
318,6.728,1.202,0,0.521,0.061,0,0,,0,,,,0,,,,,10004,104,9900,2,3,0,3,3,1,0,1,9,10,11,1,0,2,0,1,0,1281872,3.25,1.011,0.108
319,8.46,3.345,0,0.507,0.051,0,0,,0,,,,0,,,,,10004,104,9900,2,3,0,3,3,1,0,1,9,10,11,1,0,2,0,1,0,1281872,2.745,0.941,0.089
320,9.966,5.596,0,0.45,0.07,0,0,,0,,,,0,,,,,10004,104,9900,2,3,0,3,3,1,0,1,9,10,11,1,0,2,0,1,0,1281872,2.22,0.835,0.079
321,6.309,1.87,0,0.482,0.067,0,0,,0,,,,0,,,,,10004,104,9900,2,3,0,3,3,1,0,1,9,10,11,1,0,2,0,1,0,1281872,2.07,1.109,0.068
322,3.776,0.001,0,0.219,0.026,0,0,,0,,,,0,,,,,10004,104,9900,2,3,0,3,3,1,0,1,9,10,11,1,0,2,0,1,0,1281872,2.099,0.789,0.045
323,5.131,0.001,0,0.311,0.051,0,0,,0,,,,0,,,,,10004,104,9900,2,3,0,3,3,1,0,1,9,10,11,1,0,2,0,1,0,1281872,2.79,1.244,0.105
324,4.406,0.001,0.001,0.452,0.037,0,0,,0,,,,0,,,,,10004,104,9900,2,3,0,3,3,1,0,1,9,10,11,1,0,2,0,1,0,1281872,2.384,0.783,0.057
325,4.198,0.001,0,0.279,0.037,0,0,,0,,,,0,,,,,10004,104,9900,2,3,0,3,3,1,0,1,9,10,11,1,0,2,0,1,0,1281872,2.336,0.914,0.064
326,10.77,5.828,0,0.492,0.044,0,0,,0,,,,0,,,,,10004,104,9900,2,3,0,3,3,1,0,1,9,10,11,1,0,2,0,1,0,1281872,2.478,1.068,0.084
327,3.623,0.001,0,0.236,0.03,0,0,,0,,,,0,,,,,10004,104,9900,2,3,0,3,3,1,0,1,9,10,11,1,0,2,0,1,0,1281872,2.093,0.737,0.051
328,3.405,0.001,0,0.25,0.026,0,0,,0,,,,0,,,,,10004,104,9900,2,3,0,3,3,1,0,1,9,10,11,1,0,2,0,1,0,1281872,1.811,0.782,0.054
329,3.415,0,0,0.228,0.021,0,0,,0,,,,0,,,,,10004,104,9900,2,3,0,3,3,1,0,1,9,10,11,1,0,2,0,1,0,1281872,1.941,0.729,0.062
330,5.396,0,0,0.294,0.064,0,0,,1,1578.125,242438144,303087616,1,73499584,73499584,167755776,38823561584,10004,104,9900,2,3,0,3,3,1,0,1,9,10,11,1,0,2,0,1,0,1281872,3.021,1.037,0.117
331,4.149,0.001,0,0.359,0.028,0,0,,0,,,,0,,,,,10004,104,9900,2,3,0,3,3,1,0,1,9,10,11,1,0,2,0,1,0,1281872,2.351,0.682,0.051
332,3.397,0.001,0,0.227,0.026,0,0,,0,,,,0,,,,,10004,104,9900,2,3,0,3,3,1,0,1,9,10,11,1,0,2,0,1,0,1281872,2.013,0.614,0.052
333,3.927,0,0,0.195,0.035,0,0,,0,,,,0,,,,,10004,104,9900,2,3,0,3,3,1,0,1,9,10,11,1,0,2,0,1,0,1281872,1.968,1.214,0.066
334,4.537,0,0.001,0.339,0.03,0,0,,0,,,,0,,,,,10004,104,9900,2,3,0,3,3,1,0,1,9,10,11,1,0,2,0,1,0,1281872,2.667,0.785,0.062
335,3.166,0,0,0.257,0.026,0,0,,0,,,,0,,,,,10004,104,9900,2,3,0,3,3,1,0,1,9,10,11,1,0,2,0,1,0,1281872,1.755,0.605,0.044
336,3.841,0,0,0.224,0.033,0,0,,0,,,,0,,,,,10004,104,9900,2,3,0,3,3,1,0,1,9,10,11,1,0,2,0,1,0,1281872,2.139,0.86,0.058
337,4.32,0.001,0,0.238,0.062,0,0,,0,,,,0,,,,,10004,104,9900,2,3,0,3,3,1,0,1,9,10,11,1,0,2,0,1,0,1281872,2.466,0.982,0.074
338,5.259,0,0,0.545,0.057,0,0,,0,,,,0,,,,,10004,104,9900,2,3,0,3,3,1,0,1,9,10,11,1,0,2,0,1,0,1281872,2.827,0.879,0.09
339,3.772,0.001,0,0.273,0.03,0,0,,0,,,,0,,,,,10004,104,9900,2,3,0,3,3,1,0,1,9,10,11,1,0,2,0,1,0,1281872,2.124,0.684,0.05
340,3.899,0,0,0.24,0.04,0,0,,0,,,,0,,,,,10004,104,9900,2,3,0,3,3,1,0,1,9,10,11,1,0,2,0,1,0,1281872,1.961,1.009,0.096
341,4.507,0.001,0,0.379,0.065,0,0,,0,,,,0,,,,,10004,104,9900,2,3,0,3,3,1,0,1,9,10,11,1,0,2,0,1,0,1281872,2.476,0.877,0.095
342,7.71,3.235,0.001,0.416,0.05,0,0,,0,,,,0,,,,,10004,104,9900,2,3,0,3,3,1,0,1,9,10,11,1,0,2,0,1,0,1281872,2.383,0.765,0.066
343,13.728,8.972,0,0.433,0.059,0,0,,0,,,,0,,,,,10004,104,9900,2,3,0,3,3,1,0,1,9,10,11,1,0,2,0,1,0,1281872,2.443,0.861,0.091
344,10.005,5.061,0.001,0.48,0.054,0,0,,0,,,,0,,,,,10004,104,9900,2,3,0,3,3,1,0,1,9,10,11,1,0,2,0,1,0,1281872,2.588,0.97,0.078
345,11.644,6.9,0,0.469,0.061,0,0,,0,,,,0,,,,,10004,104,9900,2,3,0,3,3,1,0,1,9,10,11,1,0,2,0,1,0,1281872,2.233,1.187,0.097
346,11.115,5.505,0.001,0.41,0.052,0,0,,0,,,,0,,,,,10004,104,9900,2,3,0,3,3,1,0,1,9,10,11,1,0,2,0,1,0,1281872,3.195,0.951,0.107
347,7.836,2.799,0.001,0.514,0.055,0,0,,0,,,,0,,,,,10004,104,9900,2,3,0,3,3,1,0,1,9,10,11,1,0,2,0,1,0,1281872,2.696,0.985,0.093
348,5.059,0.001,0.001,0.378,0.056,0,0,,0,,,,0,,,,,10004,104,9900,2,3,0,3,3,1,0,1,9,10,11,1,0,2,0,1,0,1281872,2.617,1.192,0.101
349,4.949,0.001,0,0.386,0.042,0,0,,0,,,,0,,,,,10004,104,9900,2,3,0,3,3,1,0,1,9,10,11,1,0,2,0,1,0,1281872,2.656,1.018,0.089
350,4.759,0,0,0.306,0.039,0,0,,0,,,,0,,,,,10004,104,9900,2,3,0,3,3,1,0,1,9,10,11,1,0,2,0,1,0,1281872,2.541,1.162,0.075
351,3.982,0.001,0,0.313,0.034,0,0,,0,,,,0,,,,,10004,104,9900,2,3,0,3,3,1,0,1,9,10,11,1,0,2,0,1,0,1281872,2.151,0.832,0.06
352,13.109,8.085,0,0.41,0.049,0,0,,0,,,,0,,,,,10004,104,9900,2,3,0,3,3,1,0,1,9,10,11,1,0,2,0,1,0,1281872,2.506,1.232,0.088
353,16.548,11.972,0.001,0.41,0.053,0,0,,0,,,,0,,,,,10004,104,9900,2,3,0,3,3,1,0,1,9,10,11,1,0,2,0,1,0,1281872,2.46,0.959,0.079
354,14.689,10.47,0,0.503,0.058,0,0,,0,,,,0,,,,,10004,104,9900,2,3,0,3,3,1,0,1,9,10,11,1,0,2,0,1,0,1281872,2.114,0.802,0.076
355,12.415,7.232,0,0.529,0.053,0,0,,0,,,,0,,,,,10004,104,9900,2,3,0,3,3,1,0,1,9,10,11,1,0,2,0,1,0,1281872,2.757,0.949,0.108
356,12.603,7.742,0.001,0.406,0.057,0,0,,0,,,,0,,,,,10004,104,9900,2,3,0,3,3,1,0,1,9,10,11,1,0,2,0,1,0,1281872,2.454,1.163,0.102
357,11.483,6.49,0,0.404,0.044,0,0,,0,,,,0,,,,,10004,104,9900,2,3,0,3,3,1,0,1,9,10,11,1,0,2,0,1,0,1281872,2.711,1.153,0.091
358,7.545,2.285,0.001,0.466,0.062,0,0,,0,,,,0,,,,,10004,104,9900,2,3,0,3,3,1,0,1,9,10,11,1,0,2,0,1,0,1281872,2.623,1.198,0.083
359,5.051,0.001,0,0.356,0.04,0,0,,0,,,,0,,,,,10004,104,9900,2,3,0,3,3,1,0,1,9,10,11,1,0,2,0,1,0,1281872,2.776,1.068,0.097
360,4.815,0,0,0.341,0.038,0,0,,1,1703.125,242446336,303087616,1,73499584,73499584,167755776,38823561584,10004,104,9900,2,3,0,3,3,1,0,1,9,10,11,1,0,2,0,1,0,1281872,2.685,1,0.087
361,5.217,0.001,0,0.379,0.06,0,0,,0,,,,0,,,,,10004,104,9900,2,3,0,3,3,1,0,1,9,10,11,1,0,2,0,1,0,1281872,2.784,1.175,0.117
362,5.407,0.001,0.001,0.398,0.045,0,0,,0,,,,0,,,,,10004,104,9900,2,3,0,3,3,1,0,1,9,10,11,1,0,2,0,1,0,1281872,3.026,0.979,0.109
363,4.533,0.001,0,0.32,0.041,0,0,,0,,,,0,,,,,10004,104,9900,2,3,0,3,3,1,0,1,9,10,11,1,0,2,0,1,0,1281872,2.474,0.973,0.073
364,5.278,0,0.001,0.335,0.069,0,0,,0,,,,0,,,,,10004,104,9900,2,3,0,3,3,1,0,1,9,10,11,1,0,2,0,1,0,1281872,2.556,1.52,0.107
365,5.649,0.002,0,0.546,0.051,0,0,,0,,,,0,,,,,10004,104,9900,2,3,0,3,3,1,0,1,9,10,11,1,0,2,0,1,0,1281872,3.091,0.968,0.095
366,4.605,0.001,0,0.337,0.051,0,0,,0,,,,0,,,,,10004,104,9900,2,3,0,3,3,1,0,1,9,10,11,1,0,2,0,1,0,1281872,2.539,0.974,0.069
367,4.518,0,0.001,0.316,0.045,0,0,,0,,,,0,,,,,10004,104,9900,2,3,0,3,3,1,0,1,9,10,11,1,0,2,0,1,0,1281872,2.447,0.987,0.084
368,11.102,5.515,0,0.453,0.117,0,0,,0,,,,0,,,,,10004,104,9900,2,3,0,3,3,1,0,1,9,10,11,1,0,2,0,1,0,1281872,2.977,1.061,0.116
369,10.853,4.444,0,0.452,0.063,0,0,,0,,,,0,,,,,10004,104,9900,2,3,0,3,3,1,0,1,9,10,11,1,0,2,0,1,0,1281872,3.357,1.606,0.133
370,10.811,5.043,0,0.469,0.074,0,0,,0,,,,0,,,,,10004,104,9900,2,3,0,3,3,1,0,1,9,10,11,1,0,2,0,1,0,1281872,3.166,1.1,0.123
371,12.308,6.952,0.001,0.491,0.073,0,0,,0,,,,0,,,,,10004,104,9900,2,3,0,3,3,1,0,1,9,10,11,1,0,2,0,1,0,1281872,2.726,1.159,0.102
372,11.332,5.154,0,0.458,0.055,0,0,,0,,,,0,,,,,10004,104,9900,2,3,0,3,3,1,0,1,9,10,11,1,0,2,0,1,0,1281872,3.65,1.061,0.117
373,7.118,1.977,0.001,0.535,0.038,0,0,,0,,,,0,,,,,10004,104,9900,2,3,0,3,3,1,0,1,9,10,11,1,0,2,0,1,0,1281872,2.731,1.044,0.099
374,4.43,0.001,0,0.38,0.037,0,0,,0,,,,0,,,,,10004,104,9900,2,3,0,3,3,1,0,1,9,10,11,1,0,2,0,1,0,1281872,2.429,0.839,0.086
375,4.749,0,0.001,0.373,0.034,0,0,,0,,,,0,,,,,10004,104,9900,2,3,0,3,3,1,0,1,9,10,11,1,0,2,0,1,0,1281872,2.569,0.936,0.081
376,4.703,0,0,0.319,0.034,0,0,,0,,,,0,,,,,10004,104,9900,2,3,0,3,3,1,0,1,9,10,11,1,0,2,0,1,0,1281872,2.53,1.151,0.064
377,5.235,0,0,0.298,0.034,0,0,,0,,,,0,,,,,10004,104,9900,2,3,0,3,3,1,0,1,9,10,11,1,0,2,0,1,0,1281872,3.062,1.001,0.083
378,4.729,0.001,0,0.333,0.032,0,0,,0,,,,0,,,,,10004,104,9900,2,3,0,3,3,1,0,1,9,10,11,1,0,2,0,1,0,1281872,2.596,1.04,0.096
379,7.134,2.478,0,0.445,0.044,0,0,,0,,,,0,,,,,10004,104,9900,2,3,0,3,3,1,0,1,9,10,11,1,0,2,0,1,0,1281872,2.412,1.018,0.088
380,11.073,5.208,0,0.51,0.056,0,0,,0,,,,0,,,,,10004,104,9900,2,3,0,3,3,1,0,1,9,10,11,1,0,2,0,1,0,1281872,3.235,1.107,0.146
381,5.352,0.001,0.001,0.419,0.046,0,0,,0,,,,0,,,,,10004,104,9900,2,3,0,3,3,1,0,1,9,10,11,1,0,2,0,1,0,1281872,2.771,1.309,0.088
382,4.782,0.001,0,0.335,0.038,0,0,,0,,,,0,,,,,10004,104,9900,2,3,0,3,3,1,0,1,9,10,11,1,0,2,0,1,0,1281872,2.657,0.988,0.073
383,5.327,0,0.001,0.295,0.055,0,0,,0,,,,0,,,,,10004,104,9900,2,3,0,3,3,1,0,1,9,10,11,1,0,2,0,1,0,1281872,2.995,1.209,0.101
384,5.466,0.001,0,0.422,0.055,0,0,,0,,,,0,,,,,10004,104,9900,2,3,0,3,3,1,0,1,9,10,11,1,0,2,0,1,0,1281872,2.949,1.207,0.11
385,4.629,0.001,0,0.436,0.035,0,0,,0,,,,0,,,,,10004,104,9900,2,3,0,3,3,1,0,1,9,10,11,1,0,2,0,1,0,1281872,2.587,0.81,0.064
386,4.263,0.001,0,0.265,0.048,0,0,,0,,,,0,,,,,10004,104,9900,2,3,0,3,3,1,0,1,9,10,11,1,0,2,0,1,0,1281872,2.159,0.993,0.101
387,4.27,0.001,0,0.424,0.026,0,0,,0,,,,0,,,,,10004,104,9900,2,3,0,3,3,1,0,1,9,10,11,1,0,2,0,1,0,1281872,2.337,0.778,0.062
388,4.872,0,0,0.292,0.047,0,0,,0,,,,0,,,,,10004,104,9900,2,3,0,3,3,1,0,1,9,10,11,1,0,2,0,1,0,1281872,2.462,1.369,0.076
389,4.651,0,0,0.315,0.032,0,0,,0,,,,0,,,,,10004,104,9900,2,3,0,3,3,1,0,1,9,10,11,1,0,2,0,1,0,1281872,2.764,0.816,0.058
390,6.186,0.001,0,0.247,0.058,0,0,,1,1859.375,242438144,303087616,1,73499584,73499584,167755776,38823561584,10004,104,9900,2,3,0,3,3,1,0,1,9,10,11,1,0,2,0,1,0,1281872,3.98,1.063,0.104
391,5.311,0.001,0,0.374,0.046,0,0,,0,,,,0,,,,,10004,104,9900,2,3,0,3,3,1,0,1,9,10,11,1,0,2,0,1,0,1281872,2.743,1.274,0.087
392,4.36,0.001,0.001,0.333,0.031,0,0,,0,,,,0,,,,,10004,104,9900,2,3,0,3,3,1,0,1,9,10,11,1,0,2,0,1,0,1281872,2.494,0.788,0.06
393,4.913,0,0.001,0.248,0.055,0,0,,0,,,,0,,,,,10004,104,9900,2,3,0,3,3,1,0,1,9,10,11,1,0,2,0,1,0,1281872,2.505,1.397,0.095
394,4.468,0.001,0,0.359,0.038,0,0,,0,,,,0,,,,,10004,104,9900,2,3,0,3,3,1,0,1,9,10,11,1,0,2,0,1,0,1281872,2.529,0.812,0.065
395,4.749,0.001,0.001,0.266,0.039,0,0,,0,,,,0,,,,,10004,104,9900,2,3,0,3,3,1,0,1,9,10,11,1,0,2,0,1,0,1281872,2.328,1.477,0.094
396,4.415,0,0,0.356,0.043,0,0,,0,,,,0,,,,,10004,104,9900,2,3,0,3,3,1,0,1,9,10,11,1,0,2,0,1,0,1281872,2.618,0.745,0.06
397,4.912,0,0.001,0.301,0.034,0,0,,0,,,,0,,,,,10004,104,9900,2,3,0,3,3,1,0,1,9,10,11,1,0,2,0,1,0,1281872,2.884,0.911,0.085
398,4.092,0,0.001,0.264,0.032,0,0,,0,,,,0,,,,,10004,104,9900,2,3,0,3,3,1,0,1,9,10,11,1,0,2,0,1,0,1281872,2.213,0.895,0.066
399,4.411,0.001,0.001,0.293,0.028,0,0,,0,,,,0,,,,,10004,104,9900,2,3,0,3,3,1,0,1,9,10,11,1,0,2,0,1,0,1281872,2.547,0.866,0.078
400,4.331,0.001,0.001,0.263,0.051,0,0,,0,,,,0,,,,,10004,104,9900,2,3,0,3,3,1,0,1,9,10,11,1,0,2,0,1,0,1281872,2.071,1.193,0.086
401,5.692,0.001,0.001,0.39,0.069,0,0,,0,,,,0,,,,,10004,104,9900,2,3,0,3,3,1,0,1,9,10,11,1,0,2,0,1,0,1281872,3.435,0.823,0.085
402,5.398,0.001,0,0.471,0.069,0,0,,0,,,,0,,,,,10004,104,9900,2,3,0,3,3,1,0,1,9,10,11,1,0,2,0,1,0,1281872,2.859,1.061,0.122
403,6.339,0.001,0,0.439,0.064,0,0,,0,,,,0,,,,,10004,104,9900,2,3,0,3,3,1,0,1,9,10,11,1,0,2,0,1,0,1281872,3.384,1.397,0.125
404,5.23,0.002,0.001,0.454,0.07,0,0,,0,,,,0,,,,,10004,104,9900,2,3,0,3,3,1,0,1,9,10,11,1,0,2,0,1,0,1281872,2.836,0.933,0.146
405,8.942,3.45,0.001,0.431,0.054,0,0,,0,,,,0,,,,,10004,104,9900,2,3,0,3,3,1,0,1,9,10,11,1,0,2,0,1,0,1281872,2.792,1.337,0.11
406,10.048,5.676,0.001,0.425,0.05,0,0,,0,,,,0,,,,,10004,104,9900,2,3,0,3,3,1,0,1,9,10,11,1,0,2,0,1,0,1281872,2.431,0.734,0.075
407,10.202,4.605,0.001,0.518,0.084,0,0,,0,,,,0,,,,,10004,104,9900,2,3,0,3,3,1,0,1,9,10,11,1,0,2,0,1,0,1281872,2.872,1.251,0.149
408,5.243,0.002,0,0.467,0.049,0,0,,0,,,,0,,,,,10004,104,9900,2,3,0,3,3,1,0,1,9,10,11,1,0,2,0,1,0,1281872,3.071,0.914,0.066
409,4.747,0.001,0,0.306,0.061,0,0,,0,,,,0,,,,,10004,104,9900,2,3,0,3,3,1,0,1,9,10,11,1,0,2,0,1,0,1281872,2.667,0.943,0.174
410,5.084,0.001,0,0.307,0.047,0,0,,0,,,,0,,,,,10004,104,9900,2,3,0,3,3,1,0,1,9,10,11,1,0,2,0,1,0,1281872,2.762,1.18,0.17
411,4.572,0.001,0.001,0.456,0.035,0,0,,0,,,,0,,,,,10004,104,9900,2,3,0,3,3,1,0,1,9,10,11,1,0,2,0,1,0,1281872,2.362,0.955,0.073
412,4.228,0.001,0.001,0.321,0.028,0,0,,0,,,,0,,,,,10004,104,9900,2,3,0,3,3,1,0,1,9,10,11,1,0,2,0,1,0,1281872,2.113,1.145,0.067
413,3.535,0,0,0.271,0.025,0,0,,0,,,,0,,,,,10004,104,9900,2,3,0,3,3,1,0,1,9,10,11,1,0,2,0,1,0,1281872,2.08,0.603,0.044
414,4.272,0,0,0.191,0.188,0,0,,0,,,,0,,,,,10004,104,9900,2,3,0,3,3,1,0,1,9,10,11,1,0,2,0,1,0,1281872,2.115,1.201,0.112
415,4.754,0.001,0.001,0.424,0.04,0,0,,0,,,,0,,,,,10004,104,9900,2,3,0,3,3,1,0,1,9,10,11,1,0,2,0,1,0,1281872,2.479,0.989,0.078
416,3.851,0.001,0.001,0.326,0.028,0,0,,0,,,,0,,,,,10004,104,9900,2,3,0,3,3,1,0,1,9,10,11,1,0,2,0,1,0,1281872,2.066,0.759,0.051
417,3.379,0,0,0.26,0.022,0,0,,0,,,,0,,,,,10004,104,9900,2,3,0,3,3,1,0,1,9,10,11,1,0,2,0,1,0,1281872,1.915,0.657,0.052
418,4.081,0,0,0.215,0.036,0,0,,0,,,,0,,,,,10004,104,9900,2,3,0,3,3,1,0,1,9,10,11,1,0,2,0,1,0,1281872,2.392,0.858,0.082
419,4.497,0,0,0.35,0.027,0,0,,0,,,,0,,,,,10004,104,9900,2,3,0,3,3,1,0,1,9,10,11,1,0,2,0,1,0,1281872,2.23,1.144,0.068
420,3.457,0,0,0.234,0.027,0,0,,1,2000,242384896,303087616,1,73499584,73499584,167755776,38823561584,10004,104,9900,2,3,0,3,3,1,0,1,9,10,11,1,0,2,0,1,0,1281872,2.062,0.628,0.046
421,3.474,0,0,0.22,0.053,0,0,,0,,,,0,,,,,10004,104,9900,2,3,0,3,3,1,0,1,9,10,11,1,0,2,0,1,0,1281872,1.905,0.753,0.049
422,3.391,0.001,0,0.267,0.027,0,0,,0,,,,0,,,,,10004,104,9900,2,3,0,3,3,1,0,1,9,10,11,1,0,2,0,1,0,1281872,1.813,0.696,0.051
423,4.978,0.001,0,0.245,0.039,0,0,,0,,,,0,,,,,10004,104,9900,2,3,0,3,3,1,0,1,9,10,11,1,0,2,0,1,0,1281872,2.963,1.038,0.102
424,4.6,0,0,0.361,0.031,0,0,,0,,,,0,,,,,10004,104,9900,2,3,0,3,3,1,0,1,9,10,11,1,0,2,0,1,0,1281872,2.336,1.086,0.059
425,4.398,0,0,0.317,0.092,0,0,,0,,,,0,,,,,10004,104,9900,2,3,0,3,3,1,0,1,9,10,11,1,0,2,0,1,0,1281872,2.332,0.952,0.065
426,4.733,0.512,0,0.419,0.077,0,0,,0,,,,0,,,,,10004,104,9900,2,3,0,3,3,1,0,1,9,10,11,1,0,2,0,1,0,1281872,2.083,0.92,0.124
427,4.311,0.001,0.001,0.381,0.031,0,0,,0,,,,0,,,,,10004,104,9900,2,3,0,3,3,1,0,1,9,10,11,1,0,2,0,1,0,1281872,2.371,0.814,0.064
428,3.806,0,0,0.283,0.026,0,0,,0,,,,0,,,,,10004,104,9900,2,3,0,3,3,1,0,1,9,10,11,1,0,2,0,1,0,1281872,2.145,0.728,0.071
429,5.028,0.561,0.001,0.39,0.049,0,0,,0,,,,0,,,,,10004,104,9900,2,3,0,3,3,1,0,1,9,10,11,1,0,2,0,1,0,1281872,2.432,0.859,0.078
430,4.569,0,0.001,0.291,0.042,0,0,,0,,,,0,,,,,10004,104,9900,2,3,0,3,3,1,0,1,9,10,11,1,0,2,0,1,0,1281872,2.321,1.194,0.102
431,4.666,0.001,0,0.383,0.035,0,0,,0,,,,0,,,,,10004,104,9900,2,3,0,3,3,1,0,1,9,10,11,1,0,2,0,1,0,1281872,2.448,1.103,0.071
432,4.934,0.001,0,0.293,0.038,0,0,,0,,,,0,,,,,10004,104,9900,2,3,0,3,3,1,0,1,9,10,11,1,0,2,0,1,0,1281872,2.867,1.011,0.086
433,4.47,0.001,0.001,0.304,0.036,0,0,,0,,,,0,,,,,10004,104,9900,2,3,0,3,3,1,0,1,9,10,11,1,0,2,0,1,0,1281872,2.319,1.059,0.078
434,6.518,1.736,0.001,0.371,0.062,0,0,,0,,,,0,,,,,10004,104,9900,2,3,0,3,3,1,0,1,9,10,11,1,0,2,0,1,0,1281872,2.613,0.944,0.094
435,5.984,1.453,0,0.297,0.044,0,0,,0,,,,0,,,,,10004,104,9900,2,3,0,3,3,1,0,1,9,10,11,1,0,2,0,1,0,1281872,2.447,0.958,0.094
436,7.334,1.829,0.001,0.368,0.054,0,0,,0,,,,0,,,,,10004,104,9900,2,3,0,3,3,1,0,1,9,10,11,1,0,2,0,1,0,1281872,2.965,1.254,0.11
437,8.617,3.186,0,0.541,0.053,0,0,,0,,,,0,,,,,10004,104,9900,2,3,0,3,3,1,0,1,9,10,11,1,0,2,0,1,0,1281872,2.709,1.211,0.128
438,5.03,0.001,0,0.345,0.043,0,0,,0,,,,0,,,,,10004,104,9900,2,3,0,3,3,1,0,1,9,10,11,1,0,2,0,1,0,1281872,2.568,1.307,0.08
439,5.36,0.001,0,0.407,0.048,0,0,,0,,,,0,,,,,10004,104,9900,2,3,0,3,3,1,0,1,9,10,11,1,0,2,0,1,0,1281872,2.955,1.043,0.099
440,4.761,0.001,0,0.34,0.039,0,0,,0,,,,0,,,,,10004,104,9900,2,3,0,3,3,1,0,1,9,10,11,1,0,2,0,1,0,1281872,2.645,0.89,0.082
441,4.258,0.001,0,0.31,0.032,0,0,,0,,,,0,,,,,10004,104,9900,2,3,0,3,3,1,0,1,9,10,11,1,0,2,0,1,0,1281872,2.437,0.799,0.067
442,8.168,2.667,0,0.441,0.046,0,0,,0,,,,0,,,,,10004,104,9900,2,3,0,3,3,1,0,1,9,10,11,1,0,2,0,1,0,1281872,3.039,0.997,0.096
443,4.216,0.001,0,0.294,0.043,0,0,,0,,,,0,,,,,10004,104,9900,2,3,0,3,3,1,0,1,9,10,11,1,0,2,0,1,0,1281872,2.203,1.066,0.061
444,4.284,0.001,0.001,0.281,0.04,0,0,,0,,,,0,,,,,10004,104,9900,2,3,0,3,3,1,0,1,9,10,11,1,0,2,0,1,0,1281872,2.503,0.868,0.061
445,5.489,0.001,0.001,0.333,0.073,0,0,,0,,,,0,,,,,10004,104,9900,2,3,0,3,3,1,0,1,9,10,11,1,0,2,0,1,0,1281872,3.076,1.214,0.114
446,5.022,0.001,0.001,0.444,0.049,0,0,,0,,,,0,,,,,10004,104,9900,2,3,0,3,3,1,0,1,9,10,11,1,0,2,0,1,0,1281872,2.747,1.015,0.092
447,4.384,0.001,0,0.351,0.036,0,0,,0,,,,0,,,,,10004,104,9900,2,3,0,3,3,1,0,1,9,10,11,1,0,2,0,1,0,1281872,2.418,0.88,0.076
448,4.284,0.001,0,0.289,0.047,0,0,,0,,,,0,,,,,10004,104,9900,2,3,0,3,3,1,0,1,9,10,11,1,0,2,0,1,0,1281872,2.03,1.191,0.101
449,5.067,0.001,0,0.387,0.057,0,0,,0,,,,0,,,,,10004,104,9900,2,3,0,3,3,1,0,1,9,10,11,1,0,2,0,1,0,1281872,2.725,0.937,0.104
450,3.732,0.001,0.001,0.331,0.031,0,0,,1,2156.25,241713152,302100480,1,73499584,73499584,167755776,38823561584,10004,104,9900,2,3,0,3,3,1,0,1,9,10,11,1,0,2,0,1,0,1281872,1.955,0.808,0.067
451,4.121,0.001,0,0.264,0.03,0,0,,0,,,,0,,,,,10004,104,9900,2,3,0,3,3,1,0,1,9,10,11,1,0,2,0,1,0,1281872,2.483,0.736,0.061
452,3.775,0.001,0,0.259,0.042,0,0,,0,,,,0,,,,,10004,104,9900,2,3,0,3,3,1,0,1,9,10,11,1,0,2,0,1,0,1281872,1.919,0.93,0.098
453,5.092,0,0,0.445,0.035,0,0,,0,,,,0,,,,,10004,104,9900,2,3,0,3,3,1,0,1,9,10,11,1,0,2,0,1,0,1281872,2.747,0.92,0.092
454,4.1,0,0.001,0.325,0.031,0,0,,0,,,,0,,,,,10004,104,9900,2,3,0,3,3,1,0,1,9,10,11,1,0,2,0,1,0,1281872,2.213,0.857,0.081
455,4.831,0.001,0.001,0.298,0.033,0,0,,0,,,,0,,,,,10004,104,9900,2,3,0,3,3,1,0,1,9,10,11,1,0,2,0,1,0,1281872,2.642,1.191,0.085
456,5.719,0.001,0,0.302,0.038,0,0,,0,,,,0,,,,,10004,104,9900,2,3,0,3,3,1,0,1,9,10,11,1,0,2,0,1,0,1281872,3.466,1.011,0.103
457,3.938,0,0.001,0.337,0.025,0,0,,0,,,,0,,,,,10004,104,9900,2,3,0,3,3,1,0,1,9,10,11,1,0,2,0,1,0,1281872,2.098,0.77,0.057
458,4.351,0,0,0.244,0.034,0,0,,0,,,,0,,,,,10004,104,9900,2,3,0,3,3,1,0,1,9,10,11,1,0,2,0,1,0,1281872,2.51,0.899,0.078
459,3.985,0.001,0,0.29,0.035,0,0,,0,,,,0,,,,,10004,104,9900,2,3,0,3,3,1,0,1,9,10,11,1,0,2,0,1,0,1281872,2.06,0.994,0.081
460,6.005,0.001,0,0.378,0.039,0,0,,0,,,,0,,,,,10004,104,9900,2,3,0,3,3,1,0,1,9,10,11,1,0,2,0,1,0,1281872,3.285,1.457,0.106
461,4.96,0.001,0,0.364,0.038,0,0,,0,,,,0,,,,,10004,104,9900,2,3,0,3,3,1,0,1,9,10,11,1,0,2,0,1,0,1281872,2.662,1.095,0.098
462,5.634,0.001,0,0.291,0.045,0,0,,0,,,,0,,,,,10004,104,9900,2,3,0,3,3,1,0,1,9,10,11,1,0,2,0,1,0,1281872,2.978,1.507,0.106
463,6.012,0.001,0,0.359,0.072,0,0,,0,,,,0,,,,,10004,104,9900,2,3,0,3,3,1,0,1,9,10,11,1,0,2,0,1,0,1281872,3.606,1.101,0.092
464,4.581,0.002,0,0.352,0.052,0,0,,0,,,,0,,,,,10004,104,9900,2,3,0,3,3,1,0,1,9,10,11,1,0,2,0,1,0,1281872,2.492,0.876,0.087
465,4.887,0.001,0,0.325,0.057,0,0,,0,,,,0,,,,,10004,104,9900,2,3,0,3,3,1,0,1,9,10,11,1,0,2,0,1,0,1281872,2.609,1.108,0.096
466,5.014,0,0.001,0.352,0.045,0,0,,0,,,,0,,,,,10004,104,9900,2,3,0,3,3,1,0,1,9,10,11,1,0,2,0,1,0,1281872,2.94,0.886,0.106
467,4.906,0.001,0,0.347,0.039,0,0,,0,,,,0,,,,,10004,104,9900,2,3,0,3,3,1,0,1,9,10,11,1,0,2,0,1,0,1281872,2.591,1.189,0.089
468,4.61,0.001,0,0.315,0.033,0,0,,0,,,,0,,,,,10004,104,9900,2,3,0,3,3,1,0,1,9,10,11,1,0,2,0,1,0,1281872,2.6,0.949,0.077
469,3.437,0.001,0,0.31,0.035,0,0,,0,,,,0,,,,,10004,104,9900,2,3,0,3,3,1,0,1,9,10,11,1,0,2,0,1,0,1281872,1.817,0.686,0.048
470,4.946,0,0,0.241,0.036,0,0,,0,,,,0,,,,,10004,104,9900,2,3,0,3,3,1,0,1,9,10,11,1,0,2,0,1,0,1281872,2.865,1.05,0.093
471,3.372,0.001,0,0.302,0.028,0,0,,0,,,,0,,,,,10004,104,9900,2,3,0,3,3,1,0,1,9,10,11,1,0,2,0,1,0,1281872,1.846,0.68,0.048
472,3.656,0.001,0.001,0.25,0.043,0,0,,0,,,,0,,,,,10004,104,9900,2,3,0,3,3,1,0,1,9,10,11,1,0,2,0,1,0,1281872,1.958,0.817,0.111
473,3.872,0.003,0,0.435,0.042,0,0,,0,,,,0,,,,,10004,104,9900,2,3,0,3,3,1,0,1,9,10,11,1,0,2,0,1,0,1281872,1.908,0.772,0.085
474,5.085,0,0,0.244,0.046,0,0,,0,,,,0,,,,,10004,104,9900,2,3,0,3,3,1,0,1,9,10,11,1,0,2,0,1,0,1281872,2.89,1.292,0.1
475,4.018,0.001,0.001,0.304,0.035,0,0,,0,,,,0,,,,,10004,104,9900,2,3,0,3,3,1,0,1,9,10,11,1,0,2,0,1,0,1281872,2.192,0.858,0.073
476,4.043,0.001,0,0.279,0.034,0,0,,0,,,,0,,,,,10004,104,9900,2,3,0,3,3,1,0,1,9,10,11,1,0,2,0,1,0,1281872,2.102,0.997,0.101
477,3.754,0,0.001,0.29,0.031,0,0,,0,,,,0,,,,,10004,104,9900,2,3,0,3,3,1,0,1,9,10,11,1,0,2,0,1,0,1281872,2.053,0.742,0.069
478,4.934,0.001,0.001,0.278,0.03,0,0,,0,,,,0,,,,,10004,104,9900,2,3,0,3,3,1,0,1,9,10,11,1,0,2,0,1,0,1281872,2.906,0.989,0.092
479,4.033,0,0,0.297,0.031,0,0,,0,,,,0,,,,,10004,104,9900,2,3,0,3,3,1,0,1,9,10,11,1,0,2,0,1,0,1281872,2.071,1.003,0.09
480,4.663,0,0,0.28,0.036,0,0,,1,2296.875,242384896,303087616,1,73499584,73499584,167755776,38823561584,10004,104,9900,2,3,0,3,3,1,0,1,9,10,11,1,0,2,0,1,0,1281872,2.792,0.925,0.096
481,4.955,0.001,0.001,0.338,0.039,0,0,,0,,,,0,,,,,10004,104,9900,2,3,0,3,3,1,0,1,9,10,11,1,0,2,0,1,0,1281872,2.555,1.226,0.12
482,5.352,0.001,0,0.407,0.043,0,0,,0,,,,0,,,,,10004,104,9900,2,3,0,3,3,1,0,1,9,10,11,1,0,2,0,1,0,1281872,3.201,0.946,0.103
483,4.289,0.001,0,0.347,0.036,0,0,,0,,,,0,,,,,10004,104,9900,2,3,0,3,3,1,0,1,9,10,11,1,0,2,0,1,0,1281872,2.35,0.859,0.084
484,3.836,0.001,0.001,0.305,0.03,0,0,,0,,,,0,,,,,10004,104,9900,2,3,0,3,3,1,0,1,9,10,11,1,0,2,0,1,0,1281872,2.096,0.759,0.073
485,7.568,3.856,0.001,0.364,0.04,0,0,,0,,,,0,,,,,10004,104,9900,2,3,0,3,3,1,0,1,9,10,11,1,0,2,0,1,0,1281872,1.966,0.64,0.06
486,7.035,1.958,0.001,0.393,0.056,0,0,,0,,,,0,,,,,10004,104,9900,2,3,0,3,3,1,0,1,9,10,11,1,0,2,0,1,0,1281872,2.56,1.197,0.091
487,4.693,0.001,0.001,0.329,0.073,0,0,,0,,,,0,,,,,10004,104,9900,2,3,0,3,3,1,0,1,9,10,11,1,0,2,0,1,0,1281872,2.458,0.909,0.094
488,4.106,0.001,0,0.424,0.101,0,0,,0,,,,0,,,,,10004,104,9900,2,3,0,3,3,1,0,1,9,10,11,1,0,2,0,1,0,1281872,2.17,0.728,0.079
489,4.075,0.001,0,0.265,0.041,0,0,,0,,,,0,,,,,10004,104,9900,2,3,0,3,3,1,0,1,9,10,11,1,0,2,0,1,0,1281872,2.405,0.771,0.076
490,4.522,0.001,0,0.298,0.032,0,0,,0,,,,0,,,,,10004,104,9900,2,3,0,3,3,1,0,1,9,10,11,1,0,2,0,1,0,1281872,2.401,1.105,0.081
491,5.198,0,0.001,0.283,0.068,0,0,,0,,,,0,,,,,10004,104,9900,2,3,0,3,3,1,0,1,9,10,11,1,0,2,0,1,0,1281872,2.208,1.897,0.127
492,4.764,0.001,0.001,0.505,0.045,0,0,,0,,,,0,,,,,10004,104,9900,2,3,0,3,3,1,0,1,9,10,11,1,0,2,0,1,0,1281872,2.495,0.941,0.08
493,4.186,0.001,0.001,0.297,0.042,0,0,,0,,,,0,,,,,10004,104,9900,2,3,0,3,3,1,0,1,9,10,11,1,0,2,0,1,0,1281872,2.175,1.018,0.086
494,4.519,0.001,0.001,0.335,0.043,0,0,,0,,,,0,,,,,10004,104,9900,2,3,0,3,3,1,0,1,9,10,11,1,0,2,0,1,0,1281872,2.508,0.914,0.091
495,4.825,0.001,0,0.319,0.079,0,0,,0,,,,0,,,,,10004,104,9900,2,3,0,3,3,1,0,1,9,10,11,1,0,2,0,1,0,1281872,2.705,1.038,0.093
496,4.833,0,0,0.333,0.051,0,0,,0,,,,0,,,,,10004,104,9900,2,3,0,3,3,1,0,1,9,10,11,1,0,2,0,1,0,1281872,2.633,0.973,0.098
497,4.591,0,0,0.353,0.036,0,0,,0,,,,0,,,,,10004,104,9900,2,3,0,3,3,1,0,1,9,10,11,1,0,2,0,1,0,1281872,2.521,0.917,0.081
498,5.315,0.001,0,0.312,0.052,0,0,,0,,,,0,,,,,10004,104,9900,2,3,0,3,3,1,0,1,9,10,11,1,0,2,0,1,0,1281872,2.598,1.57,0.12
499,5.541,0.001,0,0.538,0.042,0,0,,0,,,,0,,,,,10004,104,9900,2,3,0,3,3,1,0,1,9,10,11,1,0,2,0,1,0,1281872,3.208,0.958,0.09
500,4.481,0.001,0,0.332,0.044,0,0,,0,,,,0,,,,,10004,104,9900,2,3,0,3,3,1,0,1,9,10,11,1,0,2,0,1,0,1281872,2.459,0.904,0.1
501,5.202,0.001,0,0.361,0.053,0,0,,0,,,,0,,,,,10004,104,9900,2,3,0,3,3,1,0,1,9,10,11,1,0,2,0,1,0,1281872,2.612,1.378,0.137
502,5.558,0.001,0,0.466,0.037,0,0,,0,,,,0,,,,,10004,104,9900,2,3,0,3,3,1,0,1,9,10,11,1,0,2,0,1,0,1281872,3.029,1.082,0.128
503,5.974,0,0.001,0.394,0.035,0,0,,0,,,,0,,,,,10004,104,9900,2,3,0,3,3,1,0,1,9,10,11,1,0,2,0,1,0,1281872,3.117,1.51,0.125
504,9.983,4.465,0,0.495,0.067,0,0,,0,,,,0,,,,,10004,104,9900,2,3,0,3,3,1,0,1,9,10,11,1,0,2,0,1,0,1281872,2.954,0.925,0.126
505,6.853,2.033,0.001,0.395,0.045,0,0,,0,,,,0,,,,,10004,104,9900,2,3,0,3,3,1,0,1,9,10,11,1,0,2,0,1,0,1281872,2.525,1.056,0.099
506,10.493,5.291,0.001,0.44,0.061,0,0,,0,,,,0,,,,,10004,104,9900,2,3,0,3,3,1,0,1,9,10,11,1,0,2,0,1,0,1281872,2.876,0.916,0.11
507,4.589,0.001,0.001,0.378,0.053,0,0,,0,,,,0,,,,,10004,104,9900,2,3,0,3,3,1,0,1,9,10,11,1,0,2,0,1,0,1281872,2.333,1.088,0.11
508,4.876,0.001,0,0.397,0.041,0,0,,0,,,,0,,,,,10004,104,9900,2,3,0,3,3,1,0,1,9,10,11,1,0,2,0,1,0,1281872,2.641,0.975,0.09
509,5.647,0.003,0.001,0.624,0.056,0,0,,0,,,,0,,,,,10004,104,9900,2,3,0,3,3,1,0,1,9,10,11,1,0,2,0,1,0,1281872,2.994,0.879,0.093
510,4.886,0.001,0,0.338,0.041,0,0,,1,2484.375,241713152,302100480,1,73499584,73499584,167755776,38823561584,10004,104,9900,2,3,0,3,3,1,0,1,9,10,11,1,0,2,0,1,0,1281872,2.514,1.279,0.098
511,4.422,0.001,0.001,0.327,0.029,0,0,,0,,,,0,,,,,10004,104,9900,2,3,0,3,3,1,0,1,9,10,11,1,0,2,0,1,0,1281872,2.64,0.745,0.066
512,8.847,4.419,0,0.369,0.062,0,0,,0,,,,0,,,,,10004,104,9900,2,3,0,3,3,1,0,1,9,10,11,1,0,2,0,1,0,1281872,2.385,0.797,0.08
513,6.022,1.356,0,0.429,0.051,0,0,,0,,,,0,,,,,10004,104,9900,2,3,0,3,3,1,0,1,9,10,11,1,0,2,0,1,0,1281872,2.42,0.94,0.078
514,4.689,0.001,0,0.298,0.067,0,0,,0,,,,0,,,,,10004,104,9900,2,3,0,3,3,1,0,1,9,10,11,1,0,2,0,1,0,1281872,2.512,1.04,0.121
515,5.361,0.001,0.001,0.472,0.068,0,0,,0,,,,0,,,,,10004,104,9900,2,3,0,3,3,1,0,1,9,10,11,1,0,2,0,1,0,1281872,2.83,0.978,0.105
516,5.391,0.001,0.001,0.385,0.055,0,0,,0,,,,0,,,,,10004,104,9900,2,3,0,3,3,1,0,1,9,10,11,1,0,2,0,1,0,1281872,2.785,1.303,0.112
517,4.907,0.001,0,0.357,0.037,0,0,,0,,,,0,,,,,10004,104,9900,2,3,0,3,3,1,0,1,9,10,11,1,0,2,0,1,0,1281872,2.615,1.122,0.073
518,5.316,0,0.001,0.348,0.036,0,0,,0,,,,0,,,,,10004,104,9900,2,3,0,3,3,1,0,1,9,10,11,1,0,2,0,1,0,1281872,3.245,0.859,0.108
519,7.057,1.993,0.001,0.463,0.057,0,0,,0,,,,0,,,,,10004,104,9900,2,3,0,3,3,1,0,1,9,10,11,1,0,2,0,1,0,1281872,2.596,1.046,0.197
520,5.603,0.001,0.001,0.414,0.116,0,0,,0,,,,0,,,,,10004,104,9900,2,3,0,3,3,1,0,1,9,10,11,1,0,2,0,1,0,1281872,2.947,1.128,0.191
521,6.011,0.001,0.001,0.499,0.083,0,0,,0,,,,0,,,,,10004,104,9900,2,3,0,3,3,1,0,1,9,10,11,1,0,2,0,1,0,1281872,2.951,1.038,0.098
522,5.748,0.002,0,0.369,0.053,0,0,,0,,,,0,,,,,10004,104,9900,2,3,0,3,3,1,0,1,9,10,11,1,0,2,0,1,0,1281872,2.848,1.543,0.121
523,5.83,0.001,0.001,0.42,0.059,0,0,,0,,,,0,,,,,10004,104,9900,2,3,0,3,3,1,0,1,9,10,11,1,0,2,0,1,0,1281872,3.338,1.126,0.108
524,4.694,0.003,0.001,0.437,0.06,0,0,,0,,,,0,,,,,10004,104,9900,2,3,0,3,3,1,0,1,9,10,11,1,0,2,0,1,0,1281872,2.485,0.94,0.073
525,12.986,7.175,0.001,0.417,0.065,0,0,,0,,,,0,,,,,10004,104,9900,2,3,0,3,3,1,0,1,9,10,11,1,0,2,0,1,0,1281872,3.32,1.122,0.109
526,9.397,3.78,0.001,0.476,0.062,0,0,,0,,,,0,,,,,10004,104,9900,2,3,0,3,3,1,0,1,9,10,11,1,0,2,0,1,0,1281872,2.882,1.368,0.119
527,9.079,2.976,0.001,0.443,0.066,0,0,,0,,,,0,,,,,10004,104,9900,2,3,0,3,3,1,0,1,9,10,11,1,0,2,0,1,0,1281872,3.32,1.324,0.126
528,9.194,3.941,0.001,0.548,0.056,0,0,,0,,,,0,,,,,10004,104,9900,2,3,0,3,3,1,0,1,9,10,11,1,0,2,0,1,0,1281872,2.788,0.919,0.113
529,6.686,0.002,0,0.352,0.158,0,0,,0,,,,0,,,,,10004,104,9900,2,3,0,3,3,1,0,1,9,10,11,1,0,2,0,1,0,1281872,3.434,1.747,0.181
530,6.02,0.001,0.001,0.482,0.068,0,0,,0,,,,0,,,,,10004,104,9900,2,3,0,3,3,1,0,1,9,10,11,1,0,2,0,1,0,1281872,3.319,1.294,0.123
531,5.381,0.001,0,0.403,0.053,0,0,,0,,,,0,,,,,10004,104,9900,2,3,0,3,3,1,0,1,9,10,11,1,0,2,0,1,0,1281872,3.001,1.052,0.102
532,5.204,0.001,0,0.376,0.04,0,0,,0,,,,0,,,,,10004,104,9900,2,3,0,3,3,1,0,1,9,10,11,1,0,2,0,1,0,1281872,2.981,0.95,0.09
533,4.523,0.001,0.001,0.311,0.036,0,0,,0,,,,0,,,,,10004,104,9900,2,3,0,3,3,1,0,1,9,10,11,1,0,2,0,1,0,1281872,2.546,0.889,0.076
534,9.304,3.444,0,0.409,0.068,0,0,,0,,,,0,,,,,10004,104,9900,2,3,0,3,3,1,0,1,9,10,11,1,0,2,0,1,0,1281872,2.737,1.759,0.131
535,5.034,0.001,0.001,0.426,0.048,0,0,,0,,,,0,,,,,10004,104,9900,2,3,0,3,3,1,0,1,9,10,11,1,0,2,0,1,0,1281872,2.786,0.96,0.084
536,4.907,0.001,0,0.342,0.05,0,0,,0,,,,0,,,,,10004,104,9900,2,3,0,3,3,1,0,1,9,10,11,1,0,2,0,1,0,1281872,2.625,1.136,0.097
537,5.168,0,0,0.362,0.045,0,0,,0,,,,0,,,,,10004,104,9900,2,3,0,3,3,1,0,1,9,10,11,1,0,2,0,1,0,1281872,2.904,1.037,0.106
538,5.086,0.001,0,0.42,0.038,0,0,,0,,,,0,,,,,10004,104,9900,2,3,0,3,3,1,0,1,9,10,11,1,0,2,0,1,0,1281872,2.785,0.975,0.096
539,4.88,0.001,0,0.333,0.042,0,0,,0,,,,0,,,,,10004,104,9900,2,3,0,3,3,1,0,1,9,10,11,1,0,2,0,1,0,1281872,2.724,1.007,0.106
540,4.968,0,0.001,0.374,0.046,0,0,,1,2609.375,242446336,303087616,1,73499584,73499584,167755776,38823561584,10004,104,9900,2,3,0,3,3,1,0,1,9,10,11,1,0,2,0,1,0,1281872,2.588,1.1,0.132
541,6.314,0,0,0.44,0.043,0,0,,0,,,,0,,,,,10004,104,9900,2,3,0,3,3,1,0,1,9,10,11,1,0,2,0,1,0,1281872,3.373,1.558,0.111
542,5.707,0.001,0,0.383,0.055,0,0,,0,,,,0,,,,,10004,104,9900,2,3,0,3,3,1,0,1,9,10,11,1,0,2,0,1,0,1281872,3.203,1.231,0.133
543,5.97,0.001,0,0.439,0.053,0,0,,0,,,,0,,,,,10004,104,9900,2,3,0,3,3,1,0,1,9,10,11,1,0,2,0,1,0,1281872,3.3,1.232,0.124
544,6.589,0.26,0.001,0.442,0.087,0,0,,0,,,,0,,,,,10004,104,9900,2,3,0,3,3,1,0,1,9,10,11,1,0,2,0,1,0,1281872,3.418,1.292,0.134
545,9.915,3.458,0.001,0.505,0.066,0,0,,0,,,,0,,,,,10004,104,9900,2,3,0,3,3,1,0,1,9,10,11,1,0,2,0,1,0,1281872,3.41,1.293,0.136
546,10.785,3.948,0,0.443,0.08,0,0,,0,,,,0,,,,,10004,104,9900,2,3,0,3,3,1,0,1,9,10,11,1,0,2,0,1,0,1281872,3.512,1.648,0.141
547,11.232,3.917,0,0.469,0.078,0,0,,0,,,,0,,,,,10004,104,9900,2,3,0,3,3,1,0,1,9,10,11,1,0,2,0,1,0,1281872,4.352,1.271,0.129
548,7.958,1.658,0.001,0.445,0.066,0,0,,0,,,,0,,,,,10004,104,9900,2,3,0,3,3,1,0,1,9,10,11,1,0,2,0,1,0,1281872,3.27,1.46,0.139
549,12.068,5.283,0.001,0.46,0.09,0,0,,0,,,,0,,,,,10004,104,9900,2,3,0,3,3,1,0,1,9,10,11,1,0,2,0,1,0,1281872,3.843,1.314,0.123
550,6.823,0.523,0,0.459,0.069,0,0,,0,,,,0,,,,,10004,104,9900,2,3,0,3,3,1,0,1,9,10,11,1,0,2,0,1,0,1281872,3.417,1.267,0.136
551,7.371,1.15,0.001,0.462,0.073,0,0,,0,,,,0,,,,,10004,104,9900,2,3,0,3,3,1,0,1,9,10,11,1,0,2,0,1,0,1281872,3.284,1.334,0.132
552,9.912,3.697,0.001,0.483,0.059,0,0,,0,,,,0,,,,,10004,104,9900,2,3,0,3,3,1,0,1,9,10,11,1,0,2,0,1,0,1281872,3.231,1.226,0.132
553,11.619,4.777,0,0.516,0.08,0,0,,0,,,,0,,,,,10004,104,9900,2,3,0,3,3,1,0,1,9,10,11,1,0,2,0,1,0,1281872,3.421,1.764,0.135
554,10.604,3.588,0.001,0.518,0.07,0,0,,0,,,,0,,,,,10004,104,9900,2,3,0,3,3,1,0,1,9,10,11,1,0,2,0,1,0,1281872,3.934,1.33,0.135
555,6.057,0.002,0,0.45,0.061,0,0,,0,,,,0,,,,,10004,104,9900,2,3,0,3,3,1,0,1,9,10,11,1,0,2,0,1,0,1281872,3.319,1.183,0.162
556,9.618,3.09,0.001,0.472,0.062,0,0,,0,,,,0,,,,,10004,104,9900,2,3,0,3,3,1,0,1,9,10,11,1,0,2,0,1,0,1281872,3.542,1.37,0.128
557,6.418,0.001,0.001,0.501,0.064,0,0,,0,,,,0,,,,,10004,104,9900,2,3,0,3,3,1,0,1,9,10,11,1,0,2,0,1,0,1281872,3.563,1.235,0.121
558,9.708,3.123,0,0.495,0.082,0,0,,0,,,,0,,,,,10004,104,9900,2,3,0,3,3,1,0,1,9,10,11,1,0,2,0,1,0,1281872,3.647,1.262,0.152
559,6.614,0.514,0.001,0.577,0.059,0,0,,0,,,,0,,,,,10004,104,9900,2,3,0,3,3,1,0,1,9,10,11,1,0,2,0,1,0,1281872,3.305,1.204,0.123
560,10.101,4.122,0.001,0.553,0.074,0,0,,0,,,,0,,,,,10004,104,9900,2,3,0,3,3,1,0,1,9,10,11,1,0,2,0,1,0,1281872,3.092,1.281,0.14
561,6.402,0.001,0.001,0.401,0.063,0,0,,0,,,,0,,,,,10004,104,9900,2,3,0,3,3,1,0,1,9,10,11,1,0,2,0,1,0,1281872,3.685,1.205,0.116
562,5.83,0.001,0,0.418,0.097,0,0,,0,,,,0,,,,,10004,104,9900,2,3,0,3,3,1,0,1,9,10,11,1,0,2,0,1,0,1281872,3.241,1.097,0.124
563,7.122,1.061,0,0.59,0.066,0,0,,0,,,,0,,,,,10004,104,9900,2,3,0,3,3,1,0,1,9,10,11,1,0,2,0,1,0,1281872,3.312,1.079,0.116
564,7.745,2.292,0.001,0.481,0.055,0,0,,0,,,,0,,,,,10004,104,9900,2,3,0,3,3,1,0,1,9,10,11,1,0,2,0,1,0,1281872,2.979,1.052,0.1
565,9.731,3.585,0,0.407,0.059,0,0,,0,,,,0,,,,,10004,104,9900,2,3,0,3,3,1,0,1,9,10,11,1,0,2,0,1,0,1281872,3.192,1.551,0.104
566,8.024,2.299,0.001,0.496,0.051,0,0,,0,,,,0,,,,,10004,104,9900,2,3,0,3,3,1,0,1,9,10,11,1,0,2,0,1,0,1281872,3.233,1.046,0.087
567,7.863,2.616,0.001,0.485,0.054,0,0,,0,,,,0,,,,,10004,104,9900,2,3,0,3,3,1,0,1,9,10,11,1,0,2,0,1,0,1281872,2.797,1.038,0.085
568,7.425,1.801,0,0.535,0.048,0,0,,0,,,,0,,,,,10004,104,9900,2,3,0,3,3,1,0,1,9,10,11,1,0,2,0,1,0,1281872,3.108,1.06,0.1
569,8.908,3.57,0.001,0.452,0.05,0,0,,0,,,,0,,,,,10004,104,9900,2,3,0,3,3,1,0,1,9,10,11,1,0,2,0,1,0,1281872,2.924,1.004,0.09
570,10.441,4.338,0,0.419,0.089,0,0,,1,2828.125,242462720,303022080,1,73499584,73499584,167755776,38823561584,10004,104,9900,2,3,0,3,3,1,0,1,9,10,11,1,0,2,0,1,0,1281872,3.096,1.586,0.105
571,5.313,0.001,0,0.397,0.041,0,0,,0,,,,0,,,,,10004,104,9900,2,3,0,3,3,1,0,1,9,10,11,1,0,2,0,1,0,1281872,2.968,1.024,0.091
572,5.537,0.001,0,0.345,0.036,0,0,,0,,,,0,,,,,10004,104,9900,2,3,0,3,3,1,0,1,9,10,11,1,0,2,0,1,0,1281872,2.883,1.464,0.084
573,9.577,4.026,0,0.484,0.042,0,0,,0,,,,0,,,,,10004,104,9900,2,3,0,3,3,1,0,1,9,10,11,1,0,2,0,1,0,1281872,3.28,0.953,0.08
574,5.601,0.921,0,0.405,0.041,0,0,,0,,,,0,,,,,10004,104,9900,2,3,0,3,3,1,0,1,9,10,11,1,0,2,0,1,0,1281872,2.521,0.973,0.072
575,5.574,0.001,0,0.333,0.049,0,0,,0,,,,0,,,,,10004,104,9900,2,3,0,3,3,1,0,1,9,10,11,1,0,2,0,1,0,1281872,3.49,0.896,0.09
576,4.988,0.001,0,0.32,0.039,0,0,,0,,,,0,,,,,10004,104,9900,2,3,0,3,3,1,0,1,9,10,11,1,0,2,0,1,0,1281872,2.88,0.943,0.093
577,4.67,0.002,0,0.357,0.035,0,0,,0,,,,0,,,,,10004,104,9900,2,3,0,3,3,1,0,1,9,10,11,1,0,2,0,1,0,1281872,2.376,1.211,0.087
578,4.514,0.001,0,0.316,0.049,0,0,,0,,,,0,,,,,10004,104,9900,2,3,0,3,3,1,0,1,9,10,11,1,0,2,0,1,0,1281872,2.406,1.04,0.12
579,4.498,0.001,0.001,0.303,0.051,0,0,,0,,,,0,,,,,10004,104,9900,2,3,0,3,3,1,0,1,9,10,11,1,0,2,0,1,0,1281872,2.272,1.084,0.105
580,4.666,0.001,0,0.469,0.037,0,0,,0,,,,0,,,,,10004,104,9900,2,3,0,3,3,1,0,1,9,10,11,1,0,2,0,1,0,1281872,2.589,0.8,0.071
581,4.458,0.001,0,0.307,0.076,0,0,,0,,,,0,,,,,10004,104,9900,2,3,0,3,3,1,0,1,9,10,11,1,0,2,0,1,0,1281872,2.48,0.944,0.076
582,4.297,0,0,0.285,0.037,0,0,,0,,,,0,,,,,10004,104,9900,2,3,0,3,3,1,0,1,9,10,11,1,0,2,0,1,0,1281872,2.462,0.842,0.079
583,5.742,0.001,0.001,0.299,0.051,0,0,,0,,,,0,,,,,10004,104,9900,2,3,0,3,3,1,0,1,9,10,11,1,0,2,0,1,0,1281872,3.239,1.209,0.092
584,4.185,0.001,0.001,0.328,0.029,0,0,,0,,,,0,,,,,10004,104,9900,2,3,0,3,3,1,0,1,9,10,11,1,0,2,0,1,0,1281872,2.186,0.994,0.057
585,6.088,1.389,0.001,0.389,0.05,0,0,,0,,,,0,,,,,10004,104,9900,2,3,0,3,3,1,0,1,9,10,11,1,0,2,0,1,0,1281872,2.703,0.844,0.087
586,5.084,0.001,0,0.277,0.06,0,0,,0,,,,0,,,,,10004,104,9900,2,3,0,3,3,1,0,1,9,10,11,1,0,2,0,1,0,1281872,2.877,1.093,0.105
587,4.618,0.002,0,0.351,0.045,0,0,,0,,,,0,,,,,10004,104,9900,2,3,0,3,3,1,0,1,9,10,11,1,0,2,0,1,0,1281872,2.537,0.936,0.084
588,5.253,0.002,0,0.4,0.045,0,0,,0,,,,0,,,,,10004,104,9900,2,3,0,3,3,1,0,1,9,10,11,1,0,2,0,1,0,1281872,2.829,1.12,0.099
589,5.925,0.001,0,0.348,0.065,0,0,,0,,,,0,,,,,10004,104,9900,2,3,0,3,3,1,0,1,9,10,11,1,0,2,0,1,0,1281872,2.818,1.747,0.142
590,5.757,1.045,0,0.47,0.044,0,0,,0,,,,0,,,,,10004,104,9900,2,3,0,3,3,1,0,1,9,10,11,1,0,2,0,1,0,1281872,2.349,0.987,0.093
591,7.868,3.246,0.001,0.335,0.044,0,0,,0,,,,0,,,,,10004,104,9900,2,3,0,3,3,1,0,1,9,10,11,1,0,2,0,1,0,1281872,2.508,0.896,0.06
592,9.771,5.196,0,0.451,0.055,0,0,,0,,,,0,,,,,10004,104,9900,2,3,0,3,3,1,0,1,9,10,11,1,0,2,0,1,0,1281872,2.518,0.814,0.072
593,6.981,2.737,0.001,0.393,0.047,0,0,,0,,,,0,,,,,10004,104,9900,2,3,0,3,3,1,0,1,9,10,11,1,0,2,0,1,0,1281872,2.26,0.832,0.058
594,11.08,6.198,0,0.552,0.066,0,0,,0,,,,0,,,,,10004,104,9900,2,3,0,3,3,1,0,1,9,10,11,1,0,2,0,1,0,1281872,2.566,1.024,0.077
595,4.837,0.001,0.001,0.344,0.035,0,0,,0,,,,0,,,,,10004,104,9900,2,3,0,3,3,1,0,1,9,10,11,1,0,2,0,1,0,1281872,2.666,0.948,0.116
596,5.924,0.001,0,0.295,0.059,0,0,,0,,,,0,,,,,10004,104,9900,2,3,0,3,3,1,0,1,9,10,11,1,0,2,0,1,0,1281872,3.393,1.423,0.094
597,4.891,0.001,0,0.323,0.047,0,0,,0,,,,0,,,,,10004,104,9900,2,3,0,3,3,1,0,1,9,10,11,1,0,2,0,1,0,1281872,2.997,0.83,0.062
598,4.021,0,0,0.274,0.032,0,0,,0,,,,0,,,,,10004,104,9900,2,3,0,3,3,1,0,1,9,10,11,1,0,2,0,1,0,1281872,2.124,0.947,0.062
599,3.721,0,0,0.271,0.034,0,0,,0,,,,0,,,,,10004,104,9900,2,3,0,3,3,1,0,1,9,10,11,1,0,2,0,1,0,1281872,2.099,0.738,0.074
600,6.015,0,0,0.379,0.062,0,0,,1,2968.75,242511872,303087616,1,73499584,73499584,167755776,38823561584,10004,104,9900,2,3,0,3,3,1,0,1,9,10,11,1,0,2,0,1,0,1281872,3.082,1.029,0.14
601,4.762,0.001,0,0.334,0.045,0,0,,0,,,,0,,,,,10004,104,9900,2,3,0,3,3,1,0,1,9,10,11,1,0,2,0,1,0,1281872,2.347,1.369,0.086
602,4.267,0.001,0,0.359,0.041,0,0,,0,,,,0,,,,,10004,104,9900,2,3,0,3,3,1,0,1,9,10,11,1,0,2,0,1,0,1281872,2.319,0.762,0.078
603,5.51,0.001,0.001,0.369,0.046,0,0,,0,,,,0,,,,,10004,104,9900,2,3,0,3,3,1,0,1,9,10,11,1,0,2,0,1,0,1281872,2.99,1.412,0.118
604,4.551,0.001,0.001,0.37,0.028,0,0,,0,,,,0,,,,,10004,104,9900,2,3,0,3,3,1,0,1,9,10,11,1,0,2,0,1,0,1281872,2.794,0.682,0.062
605,3.221,0.001,0.001,0.202,0.025,0,0,,0,,,,0,,,,,10004,104,9900,2,3,0,3,3,1,0,1,9,10,11,1,0,2,0,1,0,1281872,1.8,0.722,0.06
606,3.02,0.001,0,0.228,0.024,0,0,,0,,,,0,,,,,10004,104,9900,2,3,0,3,3,1,0,1,9,10,11,1,0,2,0,1,0,1281872,1.666,0.6,0.05
607,4.09,0,0,0.197,0.038,0,0,,0,,,,0,,,,,10004,104,9900,2,3,0,3,3,1,0,1,9,10,11,1,0,2,0,1,0,1281872,2.151,1.125,0.096
608,4.302,0,0,0.412,0.025,0,0,,0,,,,0,,,,,10004,104,9900,2,3,0,3,3,1,0,1,9,10,11,1,0,2,0,1,0,1281872,2.177,0.918,0.066
609,3.496,0.001,0.001,0.289,0.03,0,0,,0,,,,0,,,,,10004,104,9900,2,3,0,3,3,1,0,1,9,10,11,1,0,2,0,1,0,1281872,1.929,0.732,0.057
610,3.357,0.001,0,0.244,0.026,0,0,,0,,,,0,,,,,10004,104,9900,2,3,0,3,3,1,0,1,9,10,11,1,0,2,0,1,0,1281872,1.913,0.592,0.05
611,3.205,0,0,0.192,0.031,0,0,,0,,,,0,,,,,10004,104,9900,2,3,0,3,3,1,0,1,9,10,11,1,0,2,0,1,0,1281872,1.689,0.785,0.067
612,4.902,0,0,0.336,0.037,0,0,,0,,,,0,,,,,10004,104,9900,2,3,0,3,3,1,0,1,9,10,11,1,0,2,0,1,0,1281872,2.592,1.198,0.087
613,3.323,0,0.001,0.313,0.025,0,0,,0,,,,0,,,,,10004,104,9900,2,3,0,3,3,1,0,1,9,10,11,1,0,2,0,1,0,1281872,1.789,0.702,0.049
614,3.278,0,0,0.222,0.027,0,0,,0,,,,0,,,,,10004,104,9900,2,3,0,3,3,1,0,1,9,10,11,1,0,2,0,1,0,1281872,1.792,0.735,0.072
615,3.283,0,0,0.238,0.025,0,0,,0,,,,0,,,,,10004,104,9900,2,3,0,3,3,1,0,1,9,10,11,1,0,2,0,1,0,1281872,1.787,0.767,0.051
616,4.517,0,0,0.204,0.043,0,0,,0,,,,0,,,,,10004,104,9900,2,3,0,3,3,1,0,1,9,10,11,1,0,2,0,1,0,1281872,2.216,1.379,0.161
617,3.72,0,0,0.38,0.029,0,0,,0,,,,0,,,,,10004,104,9900,2,3,0,3,3,1,0,1,9,10,11,1,0,2,0,1,0,1281872,2.025,0.649,0.052
618,3.527,0.001,0,0.208,0.028,0,0,,0,,,,0,,,,,10004,104,9900,2,3,0,3,3,1,0,1,9,10,11,1,0,2,0,1,0,1281872,1.828,0.965,0.064
619,3.395,0,0,0.238,0.021,0,0,,0,,,,0,,,,,10004,104,9900,2,3,0,3,3,1,0,1,9,10,11,1,0,2,0,1,0,1281872,1.957,0.663,0.056
620,3.105,0.001,0,0.235,0.026,0,0,,0,,,,0,,,,,10004,104,9900,2,3,0,3,3,1,0,1,9,10,11,1,0,2,0,1,0,1281872,1.74,0.58,0.058
621,4.257,0,0,0.265,0.03,0,0,,0,,,,0,,,,,10004,104,9900,2,3,0,3,3,1,0,1,9,10,11,1,0,2,0,1,0,1281872,2.618,0.643,0.073
622,3.01,0,0,0.253,0.026,0,0,,0,,,,0,,,,,10004,104,9900,2,3,0,3,3,1,0,1,9,10,11,1,0,2,0,1,0,1281872,1.678,0.604,0.05
623,3.271,0.001,0,0.209,0.028,0,0,,0,,,,0,,,,,10004,104,9900,2,3,0,3,3,1,0,1,9,10,11,1,0,2,0,1,0,1281872,1.798,0.755,0.064
624,3.439,0,0.001,0.236,0.028,0,0,,0,,,,0,,,,,10004,104,9900,2,3,0,3,3,1,0,1,9,10,11,1,0,2,0,1,0,1281872,1.917,0.659,0.065
625,3.434,0,0,0.222,0.036,0,0,,0,,,,0,,,,,10004,104,9900,2,3,0,3,3,1,0,1,9,10,11,1,0,2,0,1,0,1281872,1.745,0.88,0.094
626,4.523,0.001,0.001,0.418,0.028,0,0,,0,,,,0,,,,,10004,104,9900,2,3,0,3,3,1,0,1,9,10,11,1,0,2,0,1,0,1281872,2.541,0.739,0.079
627,3.198,0,0,0.275,0.029,0,0,,0,,,,0,,,,,10004,104,9900,2,3,0,3,3,1,0,1,9,10,11,1,0,2,0,1,0,1281872,1.71,0.653,0.058
628,5.561,0,0,0.241,0.057,0,0,,0,,,,0,,,,,10004,104,9900,2,3,0,3,3,1,0,1,9,10,11,1,0,2,0,1,0,1281872,2.167,1.779,0.318
629,8.208,0.004,0.001,0.432,0.091,0,0,,0,,,,0,,,,,10004,104,9900,2,3,0,3,3,1,0,1,9,10,11,1,0,2,0,1,0,1281872,4.244,1.628,0.128
630,7.825,0.002,0.001,0.509,0.076,0,0,,1,3109.375,242593792,303087616,1,73499584,73499584,167755776,38823561584,10004,104,9900,2,3,0,3,3,1,0,1,9,10,11,1,0,2,0,1,0,1281872,4.134,1.474,0.146
631,9.324,0.002,0.001,0.433,0.099,0,0,,0,,,,0,,,,,10004,104,9900,2,3,0,3,3,1,0,1,9,10,11,1,0,2,0,1,0,1281872,5.133,2.107,0.146
632,21.322,12.638,0.001,0.543,0.084,0,0,,0,,,,0,,,,,10004,104,9900,2,3,0,3,3,1,0,1,9,10,11,1,0,2,0,1,0,1281872,4.069,2.172,0.157
633,51.324,42.793,0.001,0.517,0.105,0,0,,0,,,,0,,,,,10004,104,9900,2,3,0,3,3,1,0,1,9,10,11,1,0,2,0,1,0,1281872,4.702,1.615,0.129
634,21.559,13.208,0.001,0.53,0.08,0,0,,0,,,,0,,,,,10004,104,9900,2,3,0,3,3,1,0,1,9,10,11,1,0,2,0,1,0,1281872,4.587,1.527,0.185
635,8.521,0.001,0.001,0.674,0.065,0,0,,0,,,,0,,,,,10004,104,9900,2,3,0,3,3,1,0,1,9,10,11,1,0,2,0,1,0,1281872,4.435,1.732,0.125
636,8.138,2.554,0,0.552,0.057,0,0,,0,,,,0,,,,,10004,104,9900,2,3,0,3,3,1,0,1,9,10,11,1,0,2,0,1,0,1281872,3.012,1.02,0.1
637,4.95,0.001,0,0.357,0.047,0,0,,0,,,,0,,,,,10004,104,9900,2,3,0,3,3,1,0,1,9,10,11,1,0,2,0,1,0,1281872,2.749,1.004,0.1
638,6.472,0.001,0.001,0.357,0.081,0,0,,0,,,,0,,,,,10004,104,9900,2,3,0,3,3,1,0,1,9,10,11,1,0,2,0,1,0,1281872,3.269,1.81,0.152
639,31.989,25.489,0,0.368,0.093,0,0,,0,,,,0,,,,,10004,104,9900,2,3,0,3,3,1,0,1,9,10,11,1,0,2,0,1,0,1281872,3.361,1.421,0.163
640,6.318,0.001,0.001,0.448,0.065,0,0,,0,,,,0,,,,,10004,104,9900,2,3,0,3,3,1,0,1,9,10,11,1,0,2,0,1,0,1281872,3.099,1.195,0.145
641,6.763,0.002,0,0.397,0.077,0,0,,0,,,,0,,,,,10004,104,9900,2,3,0,3,3,1,0,1,9,10,11,1,0,2,0,1,0,1281872,3.726,1.158,0.125
642,5.873,0.001,0,0.363,0.055,0,0,,0,,,,0,,,,,10004,104,9900,2,3,0,3,3,1,0,1,9,10,11,1,0,2,0,1,0,1281872,3.195,1.032,0.123
643,5.241,0.001,0,0.328,0.037,0,0,,0,,,,0,,,,,10004,104,9900,2,3,0,3,3,1,0,1,9,10,11,1,0,2,0,1,0,1281872,2.853,0.901,0.1
644,5.035,0.001,0,0.273,0.044,0,0,,0,,,,0,,,,,10004,104,9900,2,3,0,3,3,1,0,1,9,10,11,1,0,2,0,1,0,1281872,2.659,0.985,0.105
645,7.369,0,0,0.278,0.052,0,0,,0,,,,0,,,,,10004,104,9900,2,3,0,3,3,1,0,1,9,10,11,1,0,2,0,1,0,1281872,3.796,2.247,0.107
646,5.853,0.001,0.001,0.535,0.097,0,0,,0,,,,0,,,,,10004,104,9900,2,3,0,3,3,1,0,1,9,10,11,1,0,2,0,1,0,1281872,2.988,1.393,0.175
647,9.296,2.47,0.001,0.378,0.062,0,0,,0,,,,0,,,,,10004,104,9900,2,3,0,3,3,1,0,1,9,10,11,1,0,2,0,1,0,1281872,3.467,1.551,0.148
648,10.811,5.15,0.001,0.358,0.062,0,0,,0,,,,0,,,,,10004,104,9900,2,3,0,3,3,1,0,1,9,10,11,1,0,2,0,1,0,1281872,3.112,1.027,0.118
649,5.845,0.001,0.001,0.285,0.073,0,0,,0,,,,0,,,,,10004,104,9900,2,3,0,3,3,1,0,1,9,10,11,1,0,2,0,1,0,1281872,2.887,1.51,0.138
650,5.402,0.001,0.001,0.39,0.042,0,0,,0,,,,0,,,,,10004,104,9900,2,3,0,3,3,1,0,1,9,10,11,1,0,2,0,1,0,1281872,2.998,0.831,0.103
651,5.909,0.001,0.001,0.271,0.052,0,0,,0,,,,0,,,,,10004,104,9900,2,3,0,3,3,1,0,1,9,10,11,1,0,2,0,1,0,1281872,3.025,1.475,0.129
652,6.85,0,0,0.332,0.061,0,0,,0,,,,0,,,,,10004,104,9900,2,3,0,3,3,1,0,1,9,10,11,1,0,2,0,1,0,1281872,4.042,1.253,0.115
653,6.421,0.001,0.001,0.355,0.053,0,0,,0,,,,0,,,,,10004,104,9900,2,3,0,3,3,1,0,1,9,10,11,1,0,2,0,1,0,1281872,3.544,1.22,0.141
654,6.645,0.001,0,0.349,0.081,0,0,,0,,,,0,,,,,10004,104,9900,2,3,0,3,3,1,0,1,9,10,11,1,0,2,0,1,0,1281872,3.486,1.459,0.143
655,6.98,0.001,0.001,0.496,0.051,0,0,,0,,,,0,,,,,10004,104,9900,2,3,0,3,3,1,0,1,9,10,11,1,0,2,0,1,0,1281872,3.723,1.114,0.087
656,5.464,0,0,0.302,0.06,0,0,,0,,,,0,,,,,10004,104,9900,2,3,0,3,3,1,0,1,9,10,11,1,0,2,0,1,0,1281872,2.829,1.248,0.139
657,6.415,0.001,0.001,0.319,0.067,0,0,,0,,,,0,,,,,10004,104,9900,2,3,0,3,3,1,0,1,9,10,11,1,0,2,0,1,0,1281872,3.45,1.345,0.135
658,5.825,0.001,0,0.35,0.056,0,0,,0,,,,0,,,,,10004,104,9900,2,3,0,3,3,1,0,1,9,10,11,1,0,2,0,1,0,1281872,3.024,1.247,0.134
659,13.407,6.315,0.001,0.424,0.075,0,0,,0,,,,0,,,,,10004,104,9900,2,3,0,3,3,1,0,1,9,10,11,1,0,2,0,1,0,1281872,3.939,1.289,0.122
660,6.096,0.002,0.001,0.386,0.063,0,0,,1,3312.5,242589696,303087616,1,73499584,73499584,167755776,38823561584,10004,104,9900,2,3,0,3,3,1,0,1,9,10,11,1,0,2,0,1,0,1281872,3.095,1.34,0.129
661,6.435,0.001,0,0.358,0.078,0,0,,0,,,,0,,,,,10004,104,9900,2,3,0,3,3,1,0,1,9,10,11,1,0,2,0,1,0,1281872,3.302,1.79,0.136
662,5.987,0.001,0,0.496,0.051,0,0,,0,,,,0,,,,,10004,104,9900,2,3,0,3,3,1,0,1,9,10,11,1,0,2,0,1,0,1281872,3.068,1.031,0.108
663,5.306,0.001,0,0.267,0.05,0,0,,0,,,,0,,,,,10004,104,9900,2,3,0,3,3,1,0,1,9,10,11,1,0,2,0,1,0,1281872,2.936,0.982,0.124
664,6.86,0.001,0,0.342,0.059,0,0,,0,,,,0,,,,,10004,104,9900,2,3,0,3,3,1,0,1,9,10,11,1,0,2,0,1,0,1281872,3.627,1.473,0.13
665,5.393,0.001,0.001,0.382,0.052,0,0,,0,,,,0,,,,,10004,104,9900,2,3,0,3,3,1,0,1,9,10,11,1,0,2,0,1,0,1281872,2.88,0.908,0.13
666,14.374,9.04,0.001,0.499,0.052,0,0,,0,,,,0,,,,,10004,104,9900,2,3,0,3,3,1,0,1,9,10,11,1,0,2,0,1,0,1281872,2.693,0.961,0.107
667,14.76,8.394,0.001,0.337,0.066,0,0,,0,,,,0,,,,,10004,104,9900,2,3,0,3,3,1,0,1,9,10,11,1,0,2,0,1,0,1281872,3.695,1.168,0.128
668,4.847,0.001,0,0.294,0.046,0,0,,0,,,,0,,,,,10004,104,9900,2,3,0,3,3,1,0,1,9,10,11,1,0,2,0,1,0,1281872,2.61,0.823,0.1
669,5.028,0,0,0.279,0.047,0,0,,0,,,,0,,,,,10004,104,9900,2,3,0,3,3,1,0,1,9,10,11,1,0,2,0,1,0,1281872,2.758,0.933,0.1
670,6.141,0,0,0.282,0.044,0,0,,0,,,,0,,,,,10004,104,9900,2,3,0,3,3,1,0,1,9,10,11,1,0,2,0,1,0,1281872,3.751,1.028,0.123
671,4.345,0.001,0.001,0.289,0.032,0,0,,0,,,,0,,,,,10004,104,9900,2,3,0,3,3,1,0,1,9,10,11,1,0,2,0,1,0,1281872,2.183,0.842,0.083
672,5.447,0.001,0,0.289,0.058,0,0,,0,,,,0,,,,,10004,104,9900,2,3,0,3,3,1,0,1,9,10,11,1,0,2,0,1,0,1281872,3.079,1.057,0.101
673,5.472,0,0,0.292,0.053,0,0,,0,,,,0,,,,,10004,104,9900,2,3,0,3,3,1,0,1,9,10,11,1,0,2,0,1,0,1281872,3.028,1.12,0.112
674,4.565,0.001,0,0.301,0.032,0,0,,0,,,,0,,,,,10004,104,9900,2,3,0,3,3,1,0,1,9,10,11,1,0,2,0,1,0,1281872,2.399,0.855,0.079
675,5.001,0,0,0.261,0.04,0,0,,0,,,,0,,,,,10004,104,9900,2,3,0,3,3,1,0,1,9,10,11,1,0,2,0,1,0,1281872,2.778,1.027,0.088
676,3.99,0,0,0.272,0.038,0,0,,0,,,,0,,,,,10004,104,9900,2,3,0,3,3,1,0,1,9,10,11,1,0,2,0,1,0,1281872,2.111,0.784,0.065
677,5.222,0,0,0.275,0.041,0,0,,0,,,,0,,,,,10004,104,9900,2,3,0,3,3,1,0,1,9,10,11,1,0,2,0,1,0,1281872,2.961,0.835,0.088
678,4.317,0,0,0.251,0.036,0,0,,0,,,,0,,,,,10004,104,9900,2,3,0,3,3,1,0,1,9,10,11,1,0,2,0,1,0,1281872,2.228,0.938,0.09
679,4.81,0.001,0.001,0.293,0.043,0,0,,0,,,,0,,,,,10004,104,9900,2,3,0,3,3,1,0,1,9,10,11,1,0,2,0,1,0,1281872,2.651,0.861,0.08
680,6.019,0.001,0,0.279,0.062,0,0,,0,,,,0,,,,,10004,104,9900,2,3,0,3,3,1,0,1,9,10,11,1,0,2,0,1,0,1281872,3.406,1.11,0.124
681,4.921,0.001,0.001,0.309,0.054,0,0,,0,,,,0,,,,,10004,104,9900,2,3,0,3,3,1,0,1,9,10,11,1,0,2,0,1,0,1281872,1.971,1.64,0.109
682,6.804,2.895,0,0.474,0.053,0,0,,0,,,,0,,,,,10004,104,9900,2,3,0,3,3,1,0,1,9,10,11,1,0,2,0,1,0,1281872,1.94,0.817,0.074
683,5.909,0.001,0,0.272,0.05,0,0,,0,,,,0,,,,,10004,104,9900,2,3,0,3,3,1,0,1,9,10,11,1,0,2,0,1,0,1281872,3.828,0.974,0.142
684,4.388,0.001,0,0.323,0.046,0,0,,0,,,,0,,,,,10004,104,9900,2,3,0,3,3,1,0,1,9,10,11,1,0,2,0,1,0,1281872,2.261,0.873,0.077
685,4.609,0,0,0.277,0.042,0,0,,0,,,,0,,,,,10004,104,9900,2,3,0,3,3,1,0,1,9,10,11,1,0,2,0,1,0,1281872,2.623,0.791,0.07
686,4.597,0.001,0,0.279,0.044,0,0,,0,,,,0,,,,,10004,104,9900,2,3,0,3,3,1,0,1,9,10,11,1,0,2,0,1,0,1281872,2.169,1.223,0.119
687,6.079,0,0.001,0.335,0.056,0,0,,0,,,,0,,,,,10004,104,9900,2,3,0,3,3,1,0,1,9,10,11,1,0,2,0,1,0,1281872,3.146,1.366,0.111
688,6.243,0.001,0,0.283,0.06,0,0,,0,,,,0,,,,,10004,104,9900,2,3,0,3,3,1,0,1,9,10,11,1,0,2,0,1,0,1281872,3.821,0.994,0.1
689,4.576,0.001,0,0.309,0.092,0,0,,0,,,,0,,,,,10004,104,9900,2,3,0,3,3,1,0,1,9,10,11,1,0,2,0,1,0,1281872,1.998,1.442,0.105
690,5.634,0.001,0,0.708,0.054,0,0,,1,3484.375,242581504,303087616,1,73499584,73499584,167755776,38823561584,10004,104,9900,2,3,0,3,3,1,0,1,9,10,11,1,0,2,0,1,0,1281872,2.752,0.899,0.13
691,4.588,0.001,0,0.255,0.038,0,0,,0,,,,0,,,,,10004,104,9900,2,3,0,3,3,1,0,1,9,10,11,1,0,2,0,1,0,1281872,2.38,1.061,0.089
692,5.723,0.001,0,0.237,0.04,0,0,,0,,,,0,,,,,10004,104,9900,2,3,0,3,3,1,0,1,9,10,11,1,0,2,0,1,0,1281872,2.915,1.128,0.112
693,5.842,0,0,0.346,0.08,0,0,,0,,,,0,,,,,10004,104,9900,2,3,0,3,3,1,0,1,9,10,11,1,0,2,0,1,0,1281872,3.282,0.978,0.112
694,4.849,0.001,0.001,0.283,0.05,0,0,,0,,,,0,,,,,10004,104,9900,2,3,0,3,3,1,0,1,9,10,11,1,0,2,0,1,0,1281872,2.58,0.92,0.105
695,4.748,0.001,0,0.279,0.049,0,0,,0,,,,0,,,,,10004,104,9900,2,3,0,3,3,1,0,1,9,10,11,1,0,2,0,1,0,1281872,2.396,1.069,0.096
696,7.876,0.001,0,0.303,0.072,0,0,,0,,,,0,,,,,10004,104,9900,2,3,0,3,3,1,0,1,9,10,11,1,0,2,0,1,0,1281872,4.743,1.09,0.095
697,6.244,0.001,0.001,0.337,0.059,0,0,,0,,,,0,,,,,10004,104,9900,2,3,0,3,3,1,0,1,9,10,11,1,0,2,0,1,0,1281872,3.185,1.041,0.134
698,8.089,0.001,0,0.363,0.081,0,0,,0,,,,0,,,,,10004,104,9900,2,3,0,3,3,1,0,1,9,10,11,1,0,2,0,1,0,1281872,4.5,1.735,0.139
699,5.349,0.002,0.001,0.379,0.046,0,0,,0,,,,0,,,,,10004,104,9900,2,3,0,3,3,1,0,1,9,10,11,1,0,2,0,1,0,1281872,2.647,0.987,0.113
700,4.883,0,0.001,0.338,0.033,0,0,,0,,,,0,,,,,10004,104,9900,2,3,0,3,3,1,0,1,9,10,11,1,0,2,0,1,0,1281872,2.585,0.89,0.086
701,12.964,8.148,0.001,0.334,0.06,0,0,,0,,,,0,,,,,10004,104,9900,2,3,0,3,3,1,0,1,9,10,11,1,0,2,0,1,0,1281872,2.39,1.023,0.101
702,4.358,0.001,0,0.238,0.046,0,0,,0,,,,0,,,,,10004,104,9900,2,3,0,3,3,1,0,1,9,10,11,1,0,2,0,1,0,1281872,2.499,0.739,0.078
703,6.684,0.001,0.001,0.32,0.06,0,0,,0,,,,0,,,,,10004,104,9900,2,3,0,3,3,1,0,1,9,10,11,1,0,2,0,1,0,1281872,4.111,1.036,0.106
704,4.584,0.001,0,0.306,0.043,0,0,,0,,,,0,,,,,10004,104,9900,2,3,0,3,3,1,0,1,9,10,11,1,0,2,0,1,0,1281872,2.445,0.84,0.079
705,3.898,0,0,0.272,0.029,0,0,,0,,,,0,,,,,10004,104,9900,2,3,0,3,3,1,0,1,9,10,11,1,0,2,0,1,0,1281872,2.084,0.68,0.055
706,6.679,0,0.001,0.272,0.061,0,0,,0,,,,0,,,,,10004,104,9900,2,3,0,3,3,1,0,1,9,10,11,1,0,2,0,1,0,1281872,3.876,1.224,0.132
707,6.407,0,0.001,0.304,0.056,0,0,,0,,,,0,,,,,10004,104,9900,2,3,0,3,3,1,0,1,9,10,11,1,0,2,0,1,0,1281872,3.056,1.873,0.141
708,6.383,0.001,0,0.333,0.058,0,0,,0,,,,0,,,,,10004,104,9900,2,3,0,3,3,1,0,1,9,10,11,1,0,2,0,1,0,1281872,3.697,0.931,0.112
709,5.098,0.001,0,0.278,0.036,0,0,,0,,,,0,,,,,10004,104,9900,2,3,0,3,3,1,0,1,9,10,11,1,0,2,0,1,0,1281872,2.674,0.942,0.085
710,4.323,0,0,0.259,0.046,0,0,,0,,,,0,,,,,10004,104,9900,2,3,0,3,3,1,0,1,9,10,11,1,0,2,0,1,0,1281872,2.362,0.819,0.069
711,7.124,0.001,0,0.257,0.078,0,0,,0,,,,0,,,,,10004,104,9900,2,3,0,3,3,1,0,1,9,10,11,1,0,2,0,1,0,1281872,4.031,1.668,0.176
712,6.095,0.001,0,0.702,0.061,0,0,,0,,,,0,,,,,10004,104,9900,2,3,0,3,3,1,0,1,9,10,11,1,0,2,0,1,0,1281872,2.899,1.015,0.11
713,10.155,0.001,0.001,0.575,0.064,0,0,,0,,,,0,,,,,10004,104,9900,2,3,0,3,3,1,0,1,9,10,11,1,0,2,0,1,0,1281872,5.506,1.844,0.153
714,10.491,0.001,0.001,0.432,0.883,0,0,,0,,,,0,,,,,10004,104,9900,2,3,0,3,3,1,0,1,9,10,11,1,0,2,0,1,0,1281872,5.097,1.874,0.162
715,11.097,0.001,0.001,0.833,0.099,0,0,,0,,,,0,,,,,10004,104,9900,2,3,0,3,3,1,0,1,9,10,11,1,0,2,0,1,0,1281872,5.559,2.671,0.171
716,8.65,0.001,0,0.398,0.054,0,0,,0,,,,0,,,,,10004,104,9900,2,3,0,3,3,1,0,1,9,10,11,1,0,2,0,1,0,1281872,5.056,1.595,0.125
717,7.634,0.001,0.001,0.313,0.058,0,0,,0,,,,0,,,,,10004,104,9900,2,3,0,3,3,1,0,1,9,10,11,1,0,2,0,1,0,1281872,3.971,1.42,0.229
718,5.384,0.001,0.001,0.315,0.048,0,0,,0,,,,0,,,,,10004,104,9900,2,3,0,3,3,1,0,1,9,10,11,1,0,2,0,1,0,1281872,2.778,1.048,0.139
719,5.168,0.001,0,0.313,0.037,0,0,,0,,,,0,,,,,10004,104,9900,2,3,0,3,3,1,0,1,9,10,11,1,0,2,0,1,0,1281872,2.879,0.807,0.101
720,5.044,0.001,0,0.225,0.042,0,0,,1,3671.875,241815552,301731840,1,73499584,73499584,167755776,38823561584,10004,104,9900,2,3,0,3,3,1,0,1,9,10,11,1,0,2,0,1,0,1281872,2.89,0.949,0.112
721,4.439,0.001,0.001,0.242,0.03,0,0,,0,,,,0,,,,,10004,104,9900,2,3,0,3,3,1,0,1,9,10,11,1,0,2,0,1,0,1281872,2.415,0.902,0.069
722,8.338,0,0,0.254,0.089,0,0,,0,,,,0,,,,,10004,104,9900,2,3,0,3,3,1,0,1,9,10,11,1,0,2,0,1,0,1281872,4.575,2.08,0.169
723,6.17,0.002,0,0.524,0.036,0,0,,0,,,,0,,,,,10004,104,9900,2,3,0,3,3,1,0,1,9,10,11,1,0,2,0,1,0,1281872,3.287,0.616,0.069
724,3.38,0.001,0.001,0.23,0.028,0,0,,0,,,,0,,,,,10004,104,9900,2,3,0,3,3,1,0,1,9,10,11,1,0,2,0,1,0,1281872,1.974,0.625,0.057
725,3.306,0.127,0.001,0.267,0.031,0,0,,0,,,,0,,,,,10004,104,9900,2,3,0,3,3,1,0,1,9,10,11,1,0,2,0,1,0,1281872,1.745,0.611,0.063
726,3.871,0.141,0,0.272,0.056,0,0,,0,,,,0,,,,,10004,104,9900,2,3,0,3,3,1,0,1,9,10,11,1,0,2,0,1,0,1281872,1.794,0.803,0.103
727,8.627,0.002,0.001,0.887,0.062,0,0,,0,,,,0,,,,,10004,104,9900,2,3,0,3,3,1,0,1,9,10,11,1,0,2,0,1,0,1281872,3.93,1.476,0.138
728,5.046,0.001,0.012,0.295,0.037,0,0,,0,,,,0,,,,,10004,104,9900,2,3,0,3,3,1,0,1,9,10,11,1,0,2,0,1,0,1281872,2.72,0.922,0.106
729,8.641,5.087,0.001,0.297,0.061,0,0,,0,,,,0,,,,,10004,104,9900,2,3,0,3,3,1,0,1,9,10,11,1,0,2,0,1,0,1281872,1.83,0.764,0.056
730,3.461,0.001,0,0.395,0.028,0,0,,0,,,,0,,,,,10004,104,9900,2,3,0,3,3,1,0,1,9,10,11,1,0,2,0,1,0,1281872,1.86,0.629,0.049
731,4.423,0,0,0.191,0.049,0,0,,0,,,,0,,,,,10004,104,9900,2,3,0,3,3,1,0,1,9,10,11,1,0,2,0,1,0,1281872,2.67,0.804,0.097
732,4.548,0.001,0,0.275,0.092,0,0,,0,,,,0,,,,,10004,104,9900,2,3,0,3,3,1,0,1,9,10,11,1,0,2,0,1,0,1281872,2.001,1.319,0.22
733,4.189,0.052,0,0.366,0.055,0,0,,0,,,,0,,,,,10004,104,9900,2,3,0,3,3,1,0,1,9,10,11,1,0,2,0,1,0,1281872,2.086,0.867,0.1
734,24.528,20.341,0.001,0.33,0.065,0,0,,0,,,,0,,,,,10004,104,9900,2,3,0,3,3,1,0,1,9,10,11,1,0,2,0,1,0,1281872,2.343,0.722,0.062
735,18.285,14.12,0,0.475,0.059,0,0,,0,,,,0,,,,,10004,104,9900,2,3,0,3,3,1,0,1,9,10,11,1,0,2,0,1,0,1281872,2.195,0.721,0.061
736,14.441,9.243,0,0.505,0.064,0,0,,0,,,,0,,,,,10004,104,9900,2,3,0,3,3,1,0,1,9,10,11,1,0,2,0,1,0,1281872,2.305,1.519,0.133
737,9.834,3.506,0,0.387,0.059,0,0,,0,,,,0,,,,,10004,104,9900,2,3,0,3,3,1,0,1,9,10,11,1,0,2,0,1,0,1281872,3.619,0.959,0.109
738,4.933,0.001,0.001,0.297,0.04,0,0,,0,,,,0,,,,,10004,104,9900,2,3,0,3,3,1,0,1,9,10,11,1,0,2,0,1,0,1281872,2.571,0.975,0.101
739,7.132,0.001,0,0.271,0.073,0,0,,0,,,,0,,,,,10004,104,9900,2,3,0,3,3,1,0,1,9,10,11,1,0,2,0,1,0,1281872,3.804,1.804,0.132
740,6.826,0.002,0.001,0.481,0.074,0,0,,0,,,,0,,,,,10004,104,9900,2,3,0,3,3,1,0,1,9,10,11,1,0,2,0,1,0,1281872,3.898,1.057,0.105
741,6.168,0.002,0,0.306,0.062,0,0,,0,,,,0,,,,,10004,104,9900,2,3,0,3,3,1,0,1,9,10,11,1,0,2,0,1,0,1281872,3.26,1.26,0.128
742,7.14,0.001,0.001,0.329,0.055,0,0,,0,,,,0,,,,,10004,104,9900,2,3,0,3,3,1,0,1,9,10,11,1,0,2,0,1,0,1281872,4.196,1.267,0.129
743,4.954,0,0,0.344,0.043,0,0,,0,,,,0,,,,,10004,104,9900,2,3,0,3,3,1,0,1,9,10,11,1,0,2,0,1,0,1281872,2.47,0.939,0.136
744,5.124,0.001,0,0.311,0.038,0,0,,0,,,,0,,,,,10004,104,9900,2,3,0,3,3,1,0,1,9,10,11,1,0,2,0,1,0,1281872,2.707,1.024,0.123
745,5.487,0,0,0.262,0.047,0,0,,0,,,,0,,,,,10004,104,9900,2,3,0,3,3,1,0,1,9,10,11,1,0,2,0,1,0,1281872,3.18,0.94,0.118
746,4.736,0.001,0.001,0.255,0.044,0,0,,0,,,,0,,,,,10004,104,9900,2,3,0,3,3,1,0,1,9,10,11,1,0,2,0,1,0,1281872,2.512,1.006,0.113
747,4.656,0,0,0.271,0.042,0,0,,0,,,,0,,,,,10004,104,9900,2,3,0,3,3,1,0,1,9,10,11,1,0,2,0,1,0,1281872,2.526,0.856,0.095
748,5.622,0,0.001,0.256,0.056,0,0,,0,,,,0,,,,,10004,104,9900,2,3,0,3,3,1,0,1,9,10,11,1,0,2,0,1,0,1281872,2.862,1.23,0.123
749,5.606,0.001,0.001,0.347,0.036,0,0,,0,,,,0,,,,,10004,104,9900,2,3,0,3,3,1,0,1,9,10,11,1,0,2,0,1,0,1281872,2.953,1.053,0.102
750,4.927,0.001,0,0.24,0.101,0,0,,1,3812.5,241811456,301731840,1,73499584,73499584,167755776,38823561584,10004,104,9900,2,3,0,3,3,1,0,1,9,10,11,1,0,2,0,1,0,1281872,2.655,0.994,0.116
751,7.783,0.994,0.001,0.388,0.061,0,0,,0,,,,0,,,,,10004,104,9900,2,3,0,3,3,1,0,1,9,10,11,1,0,2,0,1,0,1281872,3.57,1.297,0.096
752,5.945,0.001,0,0.351,0.058,0,0,,0,,,,0,,,,,10004,104,9900,2,3,0,3,3,1,0,1,9,10,11,1,0,2,0,1,0,1281872,3.203,1.066,0.128
753,5.585,0.001,0,0.264,0.056,0,0,,0,,,,0,,,,,10004,104,9900,2,3,0,3,3,1,0,1,9,10,11,1,0,2,0,1,0,1281872,3.208,0.953,0.106
754,6.015,0.001,0,0.251,0.046,0,0,,0,,,,0,,,,,10004,104,9900,2,3,0,3,3,1,0,1,9,10,11,1,0,2,0,1,0,1281872,3.738,0.939,0.111
755,7.393,0.001,0,0.265,0.064,0,0,,0,,,,0,,,,,10004,104,9900,2,3,0,3,3,1,0,1,9,10,11,1,0,2,0,1,0,1281872,4.202,1.733,0.161
756,5.737,0.001,0,0.39,0.05,0,0,,0,,,,0,,,,,10004,104,9900,2,3,0,3,3,1,0,1,9,10,11,1,0,2,0,1,0,1281872,2.871,1.021,0.112
757,4.865,0.001,0,0.307,0.041,0,0,,0,,,,0,,,,,10004,104,9900,2,3,0,3,3,1,0,1,9,10,11,1,0,2,0,1,0,1281872,2.605,0.876,0.088
758,6.728,0,0,0.271,0.058,0,0,,0,,,,0,,,,,10004,104,9900,2,3,0,3,3,1,0,1,9,10,11,1,0,2,0,1,0,1281872,3.669,1.753,0.107
759,5.906,0.001,0,0.271,0.093,0,0,,0,,,,0,,,,,10004,104,9900,2,3,0,3,3,1,0,1,9,10,11,1,0,2,0,1,0,1281872,3.274,1.139,0.204
760,4.937,0.002,0,0.5,0.039,0,0,,0,,,,0,,,,,10004,104,9900,2,3,0,3,3,1,0,1,9,10,11,1,0,2,0,1,0,1281872,2.223,0.8,0.112
761,7.222,1.941,0.001,0.376,0.054,0,0,,0,,,,0,,,,,10004,104,9900,2,3,0,3,3,1,0,1,9,10,11,1,0,2,0,1,0,1281872,2.829,1.121,0.101
762,12.273,6.612,0.001,0.411,0.061,0,0,,0,,,,0,,,,,10004,104,9900,2,3,0,3,3,1,0,1,9,10,11,1,0,2,0,1,0,1281872,2.989,1.011,0.119
763,7.106,0.001,0.001,0.308,0.072,0,0,,0,,,,0,,,,,10004,104,9900,2,3,0,3,3,1,0,1,9,10,11,1,0,2,0,1,0,1281872,4.005,1.555,0.159
764,9.95,0.001,0,0.574,0.063,0,0,,0,,,,0,,,,,10004,104,9900,2,3,0,3,3,1,0,1,9,10,11,1,0,2,0,1,0,1281872,5.365,2.244,0.18
765,10.181,0.001,0.001,0.417,0.098,0,0,,0,,,,0,,,,,10004,104,9900,2,3,0,3,3,1,0,1,9,10,11,1,0,2,0,1,0,1281872,5.686,2.062,0.197
766,9.07,0.001,0.001,0.442,0.059,0,0,,0,,,,0,,,,,10004,104,9900,2,3,0,3,3,1,0,1,9,10,11,1,0,2,0,1,0,1281872,5.34,1.588,0.13
767,7.188,0,0.001,0.359,0.06,0,0,,0,,,,0,,,,,10004,104,9900,2,3,0,3,3,1,0,1,9,10,11,1,0,2,0,1,0,1281872,3.637,1.682,0.149
768,6.242,0.001,0.001,0.361,0.061,0,0,,0,,,,0,,,,,10004,104,9900,2,3,0,3,3,1,0,1,9,10,11,1,0,2,0,1,0,1281872,3.481,1.06,0.121
769,5.719,0.001,0,0.308,0.054,0,0,,0,,,,0,,,,,10004,104,9900,2,3,0,3,3,1,0,1,9,10,11,1,0,2,0,1,0,1281872,3.083,0.985,0.116
770,8.348,0.001,0,0.306,0.089,0,0,,0,,,,0,,,,,10004,104,9900,2,3,0,3,3,1,0,1,9,10,11,1,0,2,0,1,0,1281872,4.329,2.451,0.158
771,5.841,0.001,0,0.434,0.04,0,0,,0,,,,0,,,,,10004,104,9900,2,3,0,3,3,1,0,1,9,10,11,1,0,2,0,1,0,1281872,3.141,0.948,0.1
772,5.424,0.001,0,0.237,0.059,0,0,,0,,,,0,,,,,10004,104,9900,2,3,0,3,3,1,0,1,9,10,11,1,0,2,0,1,0,1281872,2.52,1.595,0.15
773,6.792,0.001,0.001,0.404,0.059,0,0,,0,,,,0,,,,,10004,104,9900,2,3,0,3,3,1,0,1,9,10,11,1,0,2,0,1,0,1281872,3.807,1.149,0.117
774,7.245,0.001,0,0.274,0.114,0,0,,0,,,,0,,,,,10004,104,9900,2,3,0,3,3,1,0,1,9,10,11,1,0,2,0,1,0,1281872,3.333,2.227,0.191
775,10.164,0.002,0,0.547,0.112,0,0,,0,,,,0,,,,,10004,104,9900,2,3,0,3,3,1,0,1,9,10,11,1,0,2,0,1,0,1281872,4.988,2.219,0.217
776,7.983,0.002,0.001,0.496,0.062,0,0,,0,,,,0,,,,,10004,104,9900,2,3,0,3,3,1,0,1,9,10,11,1,0,2,0,1,0,1281872,3.852,1.382,0.15
777,5.886,0.001,0.001,0.378,0.051,0,0,,0,,,,0,,,,,10004,104,9900,2,3,0,3,3,1,0,1,9,10,11,1,0,2,0,1,0,1281872,2.991,0.971,0.115
778,5.15,0.001,0.001,0.264,0.049,0,0,,0,,,,0,,,,,10004,104,9900,2,3,0,3,3,1,0,1,9,10,11,1,0,2,0,1,0,1281872,2.779,1.017,0.113
779,6.244,0.001,0,0.286,0.096,0,0,,0,,,,0,,,,,10004,104,9900,2,3,0,3,3,1,0,1,9,10,11,1,0,2,0,1,0,1281872,2.826,1.87,0.155
780,6.447,0.449,0.001,0.39,0.058,0,0,,1,4046.875,241811456,301731840,1,73499584,73499584,167755776,38823561584,10004,104,9900,2,3,0,3,3,1,0,1,9,10,11,1,0,2,0,1,0,1281872,3.172,0.98,0.116
781,6.246,1.351,0,0.46,0.052,0,0,,0,,,,0,,,,,10004,104,9900,2,3,0,3,3,1,0,1,9,10,11,1,0,2,0,1,0,1281872,2.686,0.903,0.083
782,6.697,0.001,0,0.276,0.109,0,0,,0,,,,0,,,,,10004,104,9900,2,3,0,3,3,1,0,1,9,10,11,1,0,2,0,1,0,1281872,4.192,1.279,0.131
783,6.37,0.002,0,0.376,0.074,0,0,,0,,,,0,,,,,10004,104,9900,2,3,0,3,3,1,0,1,9,10,11,1,0,2,0,1,0,1281872,3.274,1.297,0.136
784,7.175,0.001,0.001,0.374,0.066,0,0,,0,,,,0,,,,,10004,104,9900,2,3,0,3,3,1,0,1,9,10,11,1,0,2,0,1,0,1281872,3.817,1.349,0.148
785,7.009,0.001,0,0.457,0.056,0,0,,0,,,,0,,,,,10004,104,9900,2,3,0,3,3,1,0,1,9,10,11,1,0,2,0,1,0,1281872,3.61,1.32,0.139
786,18.94,12.963,0.001,0.402,0.063,0,0,,0,,,,0,,,,,10004,104,9900,2,3,0,3,3,1,0,1,9,10,11,1,0,2,0,1,0,1281872,3.053,1.179,0.128
787,18.531,13.346,0.001,0.355,0.061,0,0,,0,,,,0,,,,,10004,104,9900,2,3,0,3,3,1,0,1,9,10,11,1,0,2,0,1,0,1281872,2.808,0.939,0.09
788,6.676,0,0,0.254,0.09,0,0,,0,,,,0,,,,,10004,104,9900,2,3,0,3,3,1,0,1,9,10,11,1,0,2,0,1,0,1281872,3.285,1.834,0.149
789,6.72,0.001,0.001,0.415,0.051,0,0,,0,,,,0,,,,,10004,104,9900,2,3,0,3,3,1,0,1,9,10,11,1,0,2,0,1,0,1281872,3.822,1.023,0.085
790,5.825,0,0,0.279,0.044,0,0,,0,,,,0,,,,,10004,104,9900,2,3,0,3,3,1,0,1,9,10,11,1,0,2,0,1,0,1281872,3.31,0.924,0.103
791,6.35,0.001,0,0.258,0.047,0,0,,0,,,,0,,,,,10004,104,9900,2,3,0,3,3,1,0,1,9,10,11,1,0,2,0,1,0,1281872,3.572,1.454,0.129
792,5.025,0,0.001,0.304,0.04,0,0,,0,,,,0,,,,,10004,104,9900,2,3,0,3,3,1,0,1,9,10,11,1,0,2,0,1,0,1281872,2.565,1.042,0.11
793,4.858,0,0,0.271,0.041,0,0,,0,,,,0,,,,,10004,104,9900,2,3,0,3,3,1,0,1,9,10,11,1,0,2,0,1,0,1281872,2.659,0.912,0.089
794,6.715,0,0,0.295,0.055,0,0,,0,,,,0,,,,,10004,104,9900,2,3,0,3,3,1,0,1,9,10,11,1,0,2,0,1,0,1281872,3.626,1.548,0.223
795,5.259,0.001,0.001,0.342,0.048,0,0,,0,,,,0,,,,,10004,104,9900,2,3,0,3,3,1,0,1,9,10,11,1,0,2,0,1,0,1281872,2.777,1.002,0.13
796,5.428,0,0,0.331,0.044,0,0,,0,,,,0,,,,,10004,104,9900,2,3,0,3,3,1,0,1,9,10,11,1,0,2,0,1,0,1281872,2.923,0.999,0.115
797,6.441,0.001,0,0.289,0.053,0,0,,0,,,,0,,,,,10004,104,9900,2,3,0,3,3,1,0,1,9,10,11,1,0,2,0,1,0,1281872,3.606,1.354,0.126
798,5.618,0,0.001,0.334,0.053,0,0,,0,,,,0,,,,,10004,104,9900,2,3,0,3,3,1,0,1,9,10,11,1,0,2,0,1,0,1281872,3.042,1.055,0.128
799,6.183,0.001,0,0.299,0.075,0,0,,0,,,,0,,,,,10004,104,9900,2,3,0,3,3,1,0,1,9,10,11,1,0,2,0,1,0,1281872,3.216,1.377,0.158
800,8.218,0.002,0,0.479,0.055,0,0,,0,,,,0,,,,,10004,104,9900,2,3,0,3,3,1,0,1,9,10,11,1,0,2,0,1,0,1281872,4.195,1.143,0.096
801,4.677,0.001,0.001,0.299,0.048,0,0,,0,,,,0,,,,,10004,104,9900,2,3,0,3,3,1,0,1,9,10,11,1,0,2,0,1,0,1281872,2.771,0.864,0.098
802,4.676,0.001,0,0.238,0.057,0,0,,0,,,,0,,,,,10004,104,9900,2,3,0,3,3,1,0,1,9,10,11,1,0,2,0,1,0,1281872,2.273,1.105,0.132
803,6.791,0.001,0,0.374,0.058,0,0,,0,,,,0,,,,,10004,104,9900,2,3,0,3,3,1,0,1,9,10,11,1,0,2,0,1,0,1281872,3.606,1.425,0.112
804,5.263,0.001,0,0.313,0.036,0,0,,0,,,,0,,,,,10004,104,9900,2,3,0,3,3,1,0,1,9,10,11,1,0,2,0,1,0,1281872,2.816,1.056,0.108
805,11.855,6.973,0.001,0.368,0.044,0,0,,0,,,,0,,,,,10004,104,9900,2,3,0,3,3,1,0,1,9,10,11,1,0,2,0,1,0,1281872,2.506,0.861,0.118
806,19.386,9.889,0.001,0.678,0.07,0,0,,0,,,,0,,,,,10004,104,9900,2,3,0,3,3,1,0,1,9,10,11,1,0,2,0,1,0,1281872,4.955,1.671,0.106
807,5.138,0.001,0.001,0.303,0.056,0,0,,0,,,,0,,,,,10004,104,9900,2,3,0,3,3,1,0,1,9,10,11,1,0,2,0,1,0,1281872,2.749,0.916,0.126
808,11.2,5.369,0.001,0.356,0.054,0,0,,0,,,,0,,,,,10004,104,9900,2,3,0,3,3,1,0,1,9,10,11,1,0,2,0,1,0,1281872,3.053,1.205,0.13
809,5.78,0.567,0,0.295,0.059,0,0,,0,,,,0,,,,,10004,104,9900,2,3,0,3,3,1,0,1,9,10,11,1,0,2,0,1,0,1281872,2.513,1.283,0.155
810,6.67,0.001,0,0.33,0.042,0,0,,1,4250,241876992,301731840,1,73499584,73499584,167755776,38823561584,10004,104,9900,2,3,0,3,3,1,0,1,9,10,11,1,0,2,0,1,0,1281872,3.793,0.987,0.104
811,4.407,0.001,0.001,0.256,0.046,0,0,,0,,,,0,,,,,10004,104,9900,2,3,0,3,3,1,0,1,9,10,11,1,0,2,0,1,0,1281872,2.299,0.801,0.092
812,5.622,0,0,0.243,0.042,0,0,,0,,,,0,,,,,10004,104,9900,2,3,0,3,3,1,0,1,9,10,11,1,0,2,0,1,0,1281872,3.099,1.258,0.106
813,7.582,0.001,0,0.368,0.063,0,0,,0,,,,0,,,,,10004,104,9900,2,3,0,3,3,1,0,1,9,10,11,1,0,2,0,1,0,1281872,4.125,1.191,0.102
814,5.251,0.001,0,0.285,0.053,0,0,,0,,,,0,,,,,10004,104,9900,2,3,0,3,3,1,0,1,9,10,11,1,0,2,0,1,0,1281872,2.841,1.01,0.123
815,5.392,0.001,0.001,0.285,0.078,0,0,,0,,,,0,,,,,10004,104,9900,2,3,0,3,3,1,0,1,9,10,11,1,0,2,0,1,0,1281872,2.66,1.324,0.149
816,5.507,0.001,0,0.456,0.04,0,0,,0,,,,0,,,,,10004,104,9900,2,3,0,3,3,1,0,1,9,10,11,1,0,2,0,1,0,1281872,2.898,0.815,0.087
817,5.172,0.001,0.001,0.23,0.036,0,0,,0,,,,0,,,,,10004,104,9900,2,3,0,3,3,1,0,1,9,10,11,1,0,2,0,1,0,1281872,2.789,0.875,0.088
818,4.741,0.001,0.001,0.275,0.043,0,0,,0,,,,0,,,,,10004,104,9900,2,3,0,3,3,1,0,1,9,10,11,1,0,2,0,1,0,1281872,2.618,0.918,0.094
819,6.036,0.001,0,0.404,0.048,0,0,,0,,,,0,,,,,10004,104,9900,2,3,0,3,3,1,0,1,9,10,11,1,0,2,0,1,0,1281872,3.004,1.097,0.126
820,4.853,0.001,0.001,0.265,0.04,0,0,,0,,,,0,,,,,10004,104,9900,2,3,0,3,3,1,0,1,9,10,11,1,0,2,0,1,0,1281872,2.706,0.896,0.093
821,4.601,0.001,0.001,0.259,0.03,0,0,,0,,,,0,,,,,10004,104,9900,2,3,0,3,3,1,0,1,9,10,11,1,0,2,0,1,0,1281872,2.596,0.843,0.072
822,6.311,0.001,0.001,0.244,0.059,0,0,,0,,,,0,,,,,10004,104,9900,2,3,0,3,3,1,0,1,9,10,11,1,0,2,0,1,0,1281872,3.64,1.368,0.163
823,5.793,0.001,0,0.353,0.043,0,0,,0,,,,0,,,,,10004,104,9900,2,3,0,3,3,1,0,1,9,10,11,1,0,2,0,1,0,1281872,3.128,0.939,0.121
824,6.943,0.001,0.001,0.271,0.076,0,0,,0,,,,0,,,,,10004,104,9900,2,3,0,3,3,1,0,1,9,10,11,1,0,2,0,1,0,1281872,3.582,1.525,0.142
825,6.879,0.001,0.001,0.446,0.048,0,0,,0,,,,0,,,,,10004,104,9900,2,3,0,3,3,1,0,1,9,10,11,1,0,2,0,1,0,1281872,3.813,0.982,0.104
826,5.299,0.001,0.001,0.277,0.035,0,0,,0,,,,0,,,,,10004,104,9900,2,3,0,3,3,1,0,1,9,10,11,1,0,2,0,1,0,1281872,3.01,0.956,0.093
827,10.866,3.59,0,0.425,0.059,0,0,,0,,,,0,,,,,10004,104,9900,2,3,0,3,3,1,0,1,9,10,11,1,0,2,0,1,0,1281872,3.907,1.194,0.114
828,5.425,0.001,0.001,0.278,0.032,0,0,,0,,,,0,,,,,10004,104,9900,2,3,0,3,3,1,0,1,9,10,11,1,0,2,0,1,0,1281872,3.073,0.864,0.091
829,9.916,3.461,0.023,0.395,0.055,0,0,,0,,,,0,,,,,10004,104,9900,2,3,0,3,3,1,0,1,9,10,11,1,0,2,0,1,0,1281872,3.443,1.02,0.122
830,5.408,0.001,0.001,0.32,0.042,0,0,,0,,,,0,,,,,10004,104,9900,2,3,0,3,3,1,0,1,9,10,11,1,0,2,0,1,0,1281872,2.831,1.105,0.103
831,4.675,0,0,0.306,0.037,0,0,,0,,,,0,,,,,10004,104,9900,2,3,0,3,3,1,0,1,9,10,11,1,0,2,0,1,0,1281872,2.561,0.864,0.077
832,4.949,0.001,0,0.294,0.04,0,0,,0,,,,0,,,,,10004,104,9900,2,3,0,3,3,1,0,1,9,10,11,1,0,2,0,1,0,1281872,2.867,0.813,0.091
833,4.416,0.001,0,0.333,0.036,0,0,,0,,,,0,,,,,10004,104,9900,2,3,0,3,3,1,0,1,9,10,11,1,0,2,0,1,0,1281872,2.305,0.884,0.083
834,4.949,0,0,0.292,0.036,0,0,,0,,,,0,,,,,10004,104,9900,2,3,0,3,3,1,0,1,9,10,11,1,0,2,0,1,0,1281872,2.87,0.795,0.075
835,6.758,0,0,0.273,0.06,0,0,,0,,,,0,,,,,10004,104,9900,2,3,0,3,3,1,0,1,9,10,11,1,0,2,0,1,0,1281872,3.874,1.61,0.122
836,4.666,0.001,0.001,0.287,0.035,0,0,,0,,,,0,,,,,10004,104,9900,2,3,0,3,3,1,0,1,9,10,11,1,0,2,0,1,0,1281872,2.65,0.837,0.086
837,4.475,0.001,0,0.268,0.034,0,0,,0,,,,0,,,,,10004,104,9900,2,3,0,3,3,1,0,1,9,10,11,1,0,2,0,1,0,1281872,2.489,0.907,0.077
838,4.184,0,0,0.28,0.042,0,0,,0,,,,0,,,,,10004,104,9900,2,3,0,3,3,1,0,1,9,10,11,1,0,2,0,1,0,1281872,2.025,1.015,0.102
839,5.505,0.001,0,0.304,0.044,0,0,,0,,,,0,,,,,10004,104,9900,2,3,0,3,3,1,0,1,9,10,11,1,0,2,0,1,0,1281872,3.053,0.802,0.092
840,4.396,0.001,0,0.28,0.034,0,0,,1,4421.875,241876992,301731840,1,73499584,73499584,167755776,38823561584,10004,104,9900,2,3,0,3,3,1,0,1,9,10,11,1,0,2,0,1,0,1281872,2.377,0.782,0.068
841,4.374,0,0,0.286,0.037,0,0,,0,,,,0,,,,,10004,104,9900,2,3,0,3,3,1,0,1,9,10,11,1,0,2,0,1,0,1281872,2.478,0.721,0.068
842,8.932,0.001,0,0.278,0.187,0,0,,0,,,,0,,,,,10004,104,9900,2,3,0,3,3,1,0,1,9,10,11,1,0,2,0,1,0,1281872,4.772,2.533,0.195
843,5.036,0.002,0.001,0.427,0.04,0,0,,0,,,,0,,,,,10004,104,9900,2,3,0,3,3,1,0,1,9,10,11,1,0,2,0,1,0,1281872,2.587,0.931,0.085
844,3.852,0,0.001,0.271,0.034,0,0,,0,,,,0,,,,,10004,104,9900,2,3,0,3,3,1,0,1,9,10,11,1,0,2,0,1,0,1281872,2.047,0.688,0.059
845,6.347,0.001,0,0.313,0.058,0,0,,0,,,,0,,,,,10004,104,9900,2,3,0,3,3,1,0,1,9,10,11,1,0,2,0,1,0,1281872,3.827,0.987,0.1
846,4.403,0.001,0.001,0.253,0.053,0,0,,0,,,,0,,,,,10004,104,9900,2,3,0,3,3,1,0,1,9,10,11,1,0,2,0,1,0,1281872,2.377,0.81,0.095
847,4.516,0.001,0,0.281,0.051,0,0,,0,,,,0,,,,,10004,104,9900,2,3,0,3,3,1,0,1,9,10,11,1,0,2,0,1,0,1281872,2.437,0.807,0.094
848,6.905,0,0,0.251,0.064,0,0,,0,,,,0,,,,,10004,104,9900,2,3,0,3,3,1,0,1,9,10,11,1,0,2,0,1,0,1281872,4.297,1.24,0.146
849,4.267,0.001,0.001,0.351,0.046,0,0,,0,,,,0,,,,,10004,104,9900,2,3,0,3,3,1,0,1,9,10,11,1,0,2,0,1,0,1281872,2.161,0.785,0.095
850,4.717,0.001,0.001,0.278,0.045,0,0,,0,,,,0,,,,,10004,104,9900,2,3,0,3,3,1,0,1,9,10,11,1,0,2,0,1,0,1281872,2.589,0.822,0.099
851,6.397,0.001,0.001,0.264,0.077,0,0,,0,,,,0,,,,,10004,104,9900,2,3,0,3,3,1,0,1,9,10,11,1,0,2,0,1,0,1281872,3.491,1.635,0.117
852,5.42,0.001,0.001,0.402,0.045,0,0,,0,,,,0,,,,,10004,104,9900,2,3,0,3,3,1,0,1,9,10,11,1,0,2,0,1,0,1281872,2.802,0.803,0.099
853,4.428,0.001,0,0.245,0.035,0,0,,0,,,,0,,,,,10004,104,9900,2,3,0,3,3,1,0,1,9,10,11,1,0,2,0,1,0,1281872,2.356,0.893,0.107

summary_metric,count,median,p95,p99
wall_ms,854,4.926,11.2112,17.36439
frame_wait_ms,854,0.001,5.7292,11.75841
scene_advance_ms,854,0,0.001,0.001
view_build_ms,854,0.325,0.50935,0.61347
render_submit_ms,854,0.045,0.082,0.11747
gpu_ms,854,1.7121874582,7.51509096236,13.0534715563

gpu_sample_serial,gpu_ms
389,1.53359371256
390,1.52942704599
391,1.52687496272
392,1.68786454213
393,1.05338539095
394,1.05536455757
395,1.53265621258
396,1.52776037937
397,1.57843746146
398,6.84562483287
399,1.0417708079
400,0.972864559582
401,1.46192704764
402,2.16749994708
403,1.49333329687
404,1.50515621325
405,1.50979162981
406,1.56588537844
407,1.54359371231
408,1.5768749615
409,2.24088536196
410,9.38874977078
411,3.48338533162
412,1.57213537828
413,1.47145829741
414,1.37526038309
415,1.05072914101
416,1.05578122422
417,1.52541662943
418,1.46937496413
419,1.52010412955
420,1.60062496092
421,2.38135410853
422,1.68807287545
423,1.70614579168
424,3.69984365967
425,1.66890620926
426,1.05484372425
427,4.68744780223
428,2.44645827361
429,5.31598945355
430,3.19598950531
431,2.32317702662
432,1.5084895465
433,1.69531245861
434,1.54333329565
435,1.62437496034
436,1.61328121061
437,1.65093745969
438,1.64088537661
439,1.70020829182
440,1.69213537535
441,1.60177079423
442,1.53343746256
443,1.66510412601
444,1.60932287738
445,1.59776037766
446,1.57958329477
447,1.5729687116
448,1.61583329388
449,1.5961978777
450,1.67640620907
451,2.60067701984
452,1.7953645395
453,1.8267187054
454,1.80078120604
455,1.89489578707
456,1.77010412345
457,1.77567703998
458,1.7940624562
459,1.76656245687
460,12.3906246975
461,7.55114564898
462,1.09874997318
463,1.07802080701
464,1.0703645572
465,1.05609372422
466,1.07317705713
467,1.06781247393
468,1.06739580727
469,8.01697897094
470,1.73015620776
471,2.35968744239
472,1.69734370856
473,1.74234370746
474,1.82708328873
475,1.82447912212
476,1.81098953912
477,1.81588537233
478,1.85114578814
479,1.82192703885
480,1.83885412177
481,1.82921870534
482,1.82968745533
483,1.05989580746
484,1.06463539067
485,1.0828645569
486,1.06203122407
487,1.65093745969
488,1.72494787455
489,1.73057287442
490,1.71229162486
491,1.67395829247
492,1.71713537474
493,1.73598954095
494,2.59453118666
495,1.81197912243
496,1.84218745502
497,1.7982812061
498,1.83927078843
499,1.80255203933
500,1.86124995456
501,2.62963535247
502,1.90104162025
503,1.91515620324
504,9.56359351651
505,9.87364559228
506,4.25135406287
507,1.52609371274
508,1.56203121186
509,1.70687495833
510,1.69859370853
511,1.58286454469
512,1.56958329501
513,1.59010412785
514,1.62119787709
515,2.3441145261
516,1.62505204366
517,1.6085416274
518,1.62796871025
519,2.29458327731
520,6.11614568401
521,7.49567690033
522,1.73713537426
523,1.69166662537
524,1.65828120951
525,1.73520829097
526,1.66437495937
527,1.67583329242
528,1.78442703977
529,1.76567704023
530,1.62848954358
531,1.70510412504
532,1.76723954019
533,1.74869787397
534,1.62859371024
535,1.65255204299
536,1.69927079185
537,1.78619787306
538,5.39807278488
539,3.10973950741
540,1.85859370462
541,1.84807287155
542,9.79119767762
543,7.13619774244
544,8.00552063789
545,1.78244787315
546,1.75515620715
547,6.70098941973
548,1.69833329187
549,1.69005204207
550,2.64536451875
551,1.7037499584
552,1.71359370816
553,2.50203118892
554,1.70718745832
555,1.76906245681
556,1.75859370707
557,1.76026037369
558,1.733802041
559,1.77973953988
560,4.68822905221
561,1.78734370636
562,1.76703120686
563,1.75796870708
564,1.75614579046
565,6.48593734165
566,2.51395827196
567,1.78031245654
568,1.75859370707
569,1.75057287393
570,8.0307289706
571,1.76786454017
572,1.76890620681
573,1.75937495705
574,1.7761978733
575,1.78874995633
576,6.41406234341
577,2.61447910284
578,1.69552079194
579,1.74567704071
580,1.73958329086
581,1.75494787382
582,1.59369787776
583,2.31182286023
584,1.59645829436
585,1.61854162715
586,1.59223954446
587,2.2625520281
588,1.6205728771
589,1.67166662585
590,9.85130184282
591,11.9930205405
592,7.95156230587
593,5.04098946026
594,1.70218745844
595,1.69828120854
596,1.67526037577
597,1.75656245712
598,2.51036452205
599,1.69270829201
600,1.59041662784
601,1.53406246255
602,1.49984371338
603,1.57057287832
604,1.6602082928
605,5.30578112046
606,1.68026037564
607,1.67156245919
608,1.69817704187
609,1.71776037473
610,1.62369787703
611,1.58609371128
612,1.49848954675
613,1.55010412882
614,1.45979163103
615,1.08130205693
616,1.04328122453
617,1.07354164046
618,1.68958329208
619,2.34937494264
620,1.58328121135
621,1.57213537828
622,1.52645829607
623,1.50260412998
624,1.51239579641
625,1.50140621334
626,1.47098954742
627,1.42098954864
628,2.76369784919
629,1.4662499642
630,1.5375520458
631,1.46541663089
632,1.42380204857
633,2.12135411488
634,1.37651038306
635,1.39531246593
636,1.3559374669
637,1.39765621588
638,1.42338538192
639,1.61234371064
640,2.89718742927
641,2.1451041143
642,1.49062496361
643,11.7494267965
644,12.1406767869
645,5.84880194054
646,1.62124996042
647,1.63921870998
648,1.61677079386
649,1.63645829338
650,1.59656246102
651,1.529270796
652,4.13937489894
653,0.970156226315
654,0.954999976685
655,1.13151038904
656,1.42067704865
657,1.38807288278
658,1.406302049
659,1.36848954992
660,1.39197913268
661,1.34968746705
662,1.51765621295
663,1.34828121708
664,1.32953121754
665,5.11468737513
666,4.56276030527
667,3.85140615597
668,1.52598954608
669,2.24442702854
670,1.53937496242
671,1.58291662802
672,1.5481249622
673,3.53348949707
674,1.47458329733
675,1.46890621414
676,1.48203121382
677,1.47427079734
678,1.50921871315
679,1.53161454594
680,1.52088537954
681,2.44614577361
682,1.66531245934
683,1.6805207923
684,1.70140620846
685,1.70010412516
686,1.76291662363
687,1.73979162419
688,2.39114577496
689,1.76973954013
690,1.7354166243
691,11.2841143078
692,10.6193226574
693,1.84374995499
694,2.75927076597
695,1.81979162224
696,1.83468745521
697,1.83854162178
698,1.88114578741
699,1.84494787162
700,1.80911453917
701,1.81109370578
702,1.77822912325
703,1.82052078889
704,1.78734370636
705,4.34874989383
706,6.66781233721
707,7.71348939502
708,1.58630204461
709,1.56281246185
710,1.58656246127
711,1.60609371079
712,1.5919791278
713,8.70567687079
714,1.75723954043
715,1.73661454094
716,2.44562494029
717,1.7545832905
718,2.77317701563
719,1.00468747547
720,2.31374994351
721,1.69151037537
722,1.8172916223
723,1.79874995609
724,1.70026037516
725,1.68276037558
726,1.68588537551
727,1.70953120826
728,1.68770829213
729,6.68223942019
730,9.68536434687
731,6.526301924
732,6.40682276025
733,8.07999980273
734,5.94984360474
735,1.60177079423
736,1.62151037708
737,1.65119787635
738,1.68828120878
739,11.1874997269
740,11.7513538798
741,10.3293226645
742,7.67937481252
743,6.42432275982
744,7.28416648883
745,3.89947907146
746,1.72145829131
747,1.73192704105
748,1.71114579156
749,1.72333329126
750,1.59239579446
751,1.68890620877
752,1.77135412342
753,1.77572912331
754,2.09760411546
755,9.0302601962
756,6.4431248427
757,6.30156234615
758,5.97635402076
759,7.74640606088
760,5.93473943844
761,3.37755200087
762,1.57651037818
763,1.61333329395
764,1.6163541272
765,2.38671869173
766,6.40385401032
767,7.86093730808
768,1.50317704663
769,1.50010413004
770,2.18348953003
771,1.65942704282
772,1.65786454286
773,1.70979162492
774,1.72343745792
775,1.57072912832
776,1.5648437118
777,2.25223952835
778,1.60218746088
779,1.61177079398
780,2.47135410633
781,1.73218745771
782,1.75276037387
783,1.72369787458
784,1.61614579388
785,1.59583329437
786,1.63484371009
787,1.56260412852
788,1.55093746214
789,1.55703121199
790,1.59807287765
791,1.65109370969
792,7.15947899187
793,6.41874984329
794,6.31765609576
795,1.55286454542
796,1.51734371296
797,1.47656246395
798,1.4253124652
799,1.42302079859
800,1.38817704944
801,1.97744786839
802,1.351874967
803,1.35046871703
804,1.35130205034
805,1.91374995328
806,1.32255205104
807,1.32255205104
808,1.32484371766
809,1.30687496809
810,1.27401038556
811,1.28989580184
812,1.27468746888
813,4.4112498923
814,3.618020745
815,3.52619783058
816,2.02552078388
817,1.35322913363
818,1.35494788359
819,1.37776038303
820,1.38848954943
821,5.4614582
822,5.27776028782
823,5.29791653732
824,5.24302070533
825,1.54640621225
826,1.56588537844
827,1.58651037793
828,1.92135411976
829,6.39494776054
830,1.59515621106
831,1.61109371067
832,2.38354160847
833,1.49572913015
834,1.52630204607
835,1.53953121241
836,1.54124996237
837,1.52583329608
838,1.53786454579
839,1.55531246203
840,1.68479162553
841,1.57973954477
842,1.58072912807
843,1.45796871441
844,1.4976041301
845,1.46614579754
846,1.41776038205
847,1.40234371576
848,1.37046871654
849,1.3668228833
850,2.03906245022
851,1.30348955151
852,1.27213538561
853,1.26239580251
854,1.49739579678
855,1.51390621304
856,1.50187496333
857,1.53020829597
858,1.53624996249
859,1.3530208003
860,1.34062496727
861,1.32374996768
862,1.33234371747
863,1.297135385
864,1.41624996542
865,1.50364579662
866,1.50520829659
867,1.52999996265
868,1.54401037897
869,1.55401037873
870,1.62828121025
871,1.59026037784
872,7.08567691034
873,4.21531239709
874,1.45661454777
875,1.40520829903
876,1.4036978824
877,1.41208329886
878,1.40265621576
879,1.41937496535
880,1.42572913186
881,1.50374996329
882,1.59078121116
883,1.62328121037
884,1.62562496031
885,1.67635412574
886,1.54890621218
887,1.51338537972
888,1.54151037903
889,1.56661454509
890,1.65604162624
891,8.48937479274
892,6.05192693558
893,5.14401029108
894,1.57953121144
895,1.62244787706
896,1.61895829381
897,1.61687496053
898,1.65453120961
899,8.19854146651
900,3.77927074107
901,1.63427079343
902,1.62114579375
903,1.66307287606
904,1.65218745966
905,2.32968744312
906,6.46026025895
907,1.52859371268
908,1.59062496117
909,1.54249996234
910,1.54786454554
911,1.45338538118
912,9.18192685917
913,6.37828109428
914,6.19348943213
915,5.7030206941
916,1.58916662787
917,1.62411454368
918,1.64552079316
919,2.42989577401
920,1.665729126
921,5.51661444865
922,1.63760412669
923,1.6574478762
924,1.66593745933
925,1.69453120863
926,1.68859370877
927,1.7162499581
928,2.47635410621
929,1.70880204161
930,1.71208329153
931,5.91635402222
932,6.47130192534
933,6.3474477617
934,6.57578108946
935,6.29093734641
936,7.27333315576
937,5.79979152507
938,5.88598943963
939,5.77656235897
940,5.86812485674
941,7.09791649338
942,5.46656236654
943,7.20765607403
944,5.5283852817
945,6.73182275232
946,5.61598944622
947,5.82395819115
948,1.56630204509
949,1.59927079429
950,6.42739567641
951,5.95489568795
952,7.41317690235
953,5.92359360538
954,5.52734361506
955,5.60364569653
956,6.65572900417
957,5.57218736396
958,2.72427076682
959,1.58562496129
960,7.37270815334
961,5.49385403254
962,1.58968746119
963,1.57880204479
964,1.69166662537
965,1.62234371039
966,1.64166662659
967,1.63593746006
968,1.48473954708
969,1.46416663092
970,2.04921869997
971,2.23583327875
972,5.20578112291
973,2.68192701786
974,1.59416662775
975,1.57255204494
976,1.60989579403
977,6.19135401551
978,5.99197902038
979,5.83848944079
980,5.7944790252
981,5.87718735651
982,1.54489579562
983,2.07776036594
984,1.55124996213
985,1.5770312115
986,1.58140621139
987,1.42776038181
988,1.50140621334
989,1.57588537819
990,2.24291661191
991,1.52213537951
992,1.58901037787
993,1.57229162828
994,1.51718746296
995,1.53526037918
996,1.49026038028
997,1.4949999635
998,2.17395828026
999,1.54854162886
1000,1.62958329355
1001,1.53255204592
1002,1.47135413074
1003,1.43203121504
1004,1.04619789112
1005,1.05796872417
1006,1.03453122474
1007,1.66213537609
1008,1.5346353792
1009,1.49203121357
1010,1.42802079847
1011,1.04499997449
1012,2.03510411698
1013,1.42067704865
1014,1.41666663208
1015,1.39645829924
1016,1.05614580755
1017,1.04343747453
1018,6.61953108839
1019,16.5603120957
1020,49.6781237872
1021,19.2272911973
1022,1.98151036829
1023,6.90083316486
1024,3.56697907958
1025,2.06499994958
1026,31.4277596494
1027,2.31557286013
1028,1.8622916212
1029,1.80723953921
1030,1.95192703568
1031,2.7403124331
1032,2.02401036725
1033,2.05130203325
1034,7.07687482722
1035,7.65796856304
1036,1.98286453492
1037,1.99161453471
1038,2.73911451646
1039,1.85869787129
1040,1.7368749576
1041,2.4384895238
1042,3.0024999267
1043,1.86822912106
1044,1.82776037204
1045,2.21062494603
1046,8.27880188121
1047,3.39322908382
1048,1.93130203618
1049,5.23364570556
1050,1.05078122435
1051,1.04744789109
1052,2.48265618939
1053,13.8009371631
1054,7.1120831597
1055,1.77562495665
1056,1.81963537224
1057,2.69901035077
1058,1.92635411964
1059,1.90927078672
1060,1.93802078602
1061,1.93557286941
1062,2.05791661642
1063,2.01973953402
1064,1.97078120189
1065,2.02927078379
1066,2.03958328354
1067,2.79723951504
1068,1.99609370127
1069,6.67213525377
1070,2.14567703095
1071,2.30859369364
1072,2.59744785325
1073,3.04338534237
1074,1.08942705674
1075,1.10510413969
1076,1.09140622335
1077,1.11463538945
1078,2.17833328015
1079,2.14255203102
1080,2.14828119755
1081,1.12604163918
1082,1.10812497295
1083,2.0003645345
1084,2.29062494408
1085,2.39802077479
1086,3.07036450837
1087,3.96911448643
1088,6.67098942047
1089,2.09515619885
1090,1.89718745368
1091,1.88473953732
1092,2.16994786369
1093,2.15802078065
1094,2.18901036322
1095,2.24624994516
1096,1.11999997266
1097,1.13807288888
1098,2.21140619601
1099,2.84791659714
1100,0.813593730137
1101,0.99630205901
1102,0.829062479759
1103,1.08901039008
1104,1.18218747114
1105,1.34557288382
1106,1.06046872411
1107,1.18895830431
1108,1.08458330685
1109,1.15635413844
1110,2.75505201607
1111,1.05026039103
1112,1.93249995282
1113,2.7403124331
1114,1.95239578567
1115,2.8496353471
1116,2.87088534658
1117,2.79708326505
1118,2.76421868251
1119,3.95052073689
1120,3.73442699216
1121,20.2426557558
1122,15.2603121274
1123,6.8115623337
1124,7.57770814833
1125,1.47541663065
1126,1.03880205797
1127,1.17942705454
1128,1.0799478903
1129,2.08291661581
1130,2.0317187004
1131,2.77578118223
1132,2.07598953265
1133,2.13630203118
1134,2.10593744859
1135,2.70421868398
1136,2.86817701331
1137,2.57567702045
1138,4.24479156303
1139,2.3717186921
1140,2.41437494106
1141,1.79328120622
1142,1.78083328986
1143,1.81781245562
1144,2.16630203045
1145,1.06989580721
1146,1.95859370218
1147,1.71713537474
1148,6.05484360218
1149,4.71718738483
1150,0.983593725986
1151,1.665572876
1152,0.989687475838
1153,0.988749975861
1154,0.830052063068
1155,1.0430728912
1156,1.00130205889
1157,2.2266666123
1158,1.5648437118
1159,0.879531228527
1160,0.997291642319
1161,1.03114580816
1162,1.69458329196
1163,1.69703120857
1164,5.50666653223
1165,1.82218745551
1166,1.84203120503
1167,4.88390613076
1168,4.43843739164
1169,1.62635412696
1170,1.9415624526
1171,1.96156245211
1172,4.05890615091
1173,17.3844266589
1174,17.2211974962
1175,1.61010412736
1176,1.56213537853
1177,1.57218746162
1178,2.61505201949
1179,2.39635410816
1180,2.22359369571
1181,2.58208327029
1182,1.76333329028
1183,1.78822912301
1184,2.37328119206
1185,1.74572912405
1186,1.75687495711
1187,2.56578118736
1188,1.87677078751
1189,1.90546870348
1190,1.92083328644
1191,1.80156245602
1192,11.305155974
1193,3.73229157555
1194,1.77755203994
1195,6.66708317056
1196,4.55447905547
1197,1.86473953781
1198,1.75744787376
1199,1.78036453987
1200,1.76489579025
1201,2.04489578341
1202,1.76843745683
1203,1.74989579061
1204,1.07005205721
1205,0.966145809746
1206,1.07666664038
1207,1.59942704428
1208,2.00927078428
1209,1.76541662357
1210,1.03552080805
1211,1.13333330566
1212,1.06187497408
1213,1.08364580688
1214,5.85218735712
1215,0.852239562527
1216,7.45057273477
1217,1.04723955777
1218,1.35281246697
1219,2.27364577782
1220,2.56041660416
1221,2.24802077845
1222,1.62489579366
1223,1.07614580706
1224,1.15244788853
1225,1.57104162831
1226,1.15755205507
1227,1.07760414036
1228,1.07723955703
1229,1.08213539025
1230,1.1972395541
1231,0.841927062778
1232,1.21338538704
1233,1.22395830345
1234,1.23578121983
1235,1.88338537069
1236,3.17812492241
1237,2.42864577404
1238,1.74328120744
1239,1.13869788887
1240,1.0745833071
1241,2.39645827483
1242,1.89859370365
