frame,wall_ms,frame_wait_ms,scene_advance_ms,view_build_ms,render_submit_ms,gpu_valid,gpu_serial,gpu_ms,process_valid,process_cpu_ms,working_set_bytes,private_bytes,vma_valid,vma_allocation_bytes,vma_peak_allocation_bytes,vma_heap_usage_bytes,vma_heap_budget_bytes,raw_instances,visible_instances,culled_instances,lights,depth_draw_calls,shadow_draw_calls,base_draw_calls,lighting_draw_calls,tone_map_draw_calls,legacy_draw_calls,presenter_draw_calls,draw_calls,total_draw_calls,all_draw_calls,dispatch_count,shadow_faces,shadow_cache_hits,shadow_misses,shadow_batches,asset_upload_bytes,dynamic_lighting_upload_bytes,gather_ms,plan_ms,upload_frame_ms
0,30.89,30.525,0,0.011,0.057,0,0,,1,0,230027264,286674944,1,70948032,70948032,167755776,38823561584,40,40,0,2,3,0,3,3,1,0,1,9,10,11,1,0,2,0,1,0,6224,0.023,0.039,0.012
1,5.763,5.352,0,0.011,0.058,0,0,,0,,,,0,,,,,40,40,0,2,3,0,3,3,1,0,1,9,10,11,1,0,2,0,1,0,6224,0.042,0.082,0.008
2,8.993,8.533,0.001,0.009,0.048,0,0,,0,,,,0,,,,,40,40,0,2,3,0,3,3,1,0,1,9,10,11,1,0,2,0,1,0,6224,0.046,0.075,0.011
3,6.594,6.2,0,0.01,0.059,0,0,,0,,,,0,,,,,40,40,0,2,3,0,3,3,1,0,1,9,10,11,1,0,2,0,1,0,6224,0.049,0.062,0.009
4,16.321,15.957,0.001,0.011,0.049,0,0,,0,,,,0,,,,,40,40,0,2,3,0,3,3,1,0,1,9,10,11,1,0,2,0,1,0,6224,0.037,0.05,0.009
5,6.119,5.748,0.001,0.01,0.049,0,0,,0,,,,0,,,,,40,40,0,2,3,0,3,3,1,0,1,9,10,11,1,0,2,0,1,0,6224,0.033,0.052,0.011
6,8.62,8.168,0.001,0.01,0.048,0,0,,0,,,,0,,,,,40,40,0,2,3,0,3,3,1,0,1,9,10,11,1,0,2,0,1,0,6224,0.046,0.077,0.037
7,6.138,5.614,0.001,0.012,0.059,0,0,,0,,,,0,,,,,40,40,0,2,3,0,3,3,1,0,1,9,10,11,1,0,2,0,1,0,6224,0.043,0.16,0.012
8,5.134,4.761,0.001,0.011,0.05,0,0,,0,,,,0,,,,,40,40,0,2,3,0,3,3,1,0,1,9,10,11,1,0,2,0,1,0,6224,0.039,0.057,0.01
9,53.301,52.852,0,0.013,0.056,0,0,,0,,,,0,,,,,40,40,0,2,3,0,3,3,1,0,1,9,10,11,1,0,2,0,1,0,6224,0.046,0.076,0.012
10,33.171,32.796,0,0.01,0.056,0,0,,0,,,,0,,,,,40,40,0,2,3,0,3,3,1,0,1,9,10,11,1,0,2,0,1,0,6224,0.029,0.051,0.011
11,28.959,28.514,0,0.012,0.044,0,0,,0,,,,0,,,,,40,40,0,2,3,0,3,3,1,0,1,9,10,11,1,0,2,0,1,0,6224,0.047,0.078,0.011
12,15.129,14.66,0.001,0.013,0.087,0,0,,0,,,,0,,,,,40,40,0,2,3,0,3,3,1,0,1,9,10,11,1,0,2,0,1,0,6224,0.038,0.068,0.012
13,5.133,4.783,0.001,0.008,0.045,0,0,,0,,,,0,,,,,40,40,0,2,3,0,3,3,1,0,1,9,10,11,1,0,2,0,1,0,6224,0.033,0.051,0.011
14,5.208,4.893,0,0.009,0.03,0,0,,0,,,,0,,,,,40,40,0,2,3,0,3,3,1,0,1,9,10,11,1,0,2,0,1,0,6224,0.049,0.082,0.008
15,6.825,6.364,0,0.012,0.053,0,0,,0,,,,0,,,,,40,40,0,2,3,0,3,3,1,0,1,9,10,11,1,0,2,0,1,0,6224,0.098,0.05,0.01
16,5.08,4.659,0.001,0.008,0.048,0,0,,0,,,,0,,,,,40,40,0,2,3,0,3,3,1,0,1,9,10,11,1,0,2,0,1,0,6224,0.051,0.079,0.01
17,7.13,6.78,0.001,0.012,0.041,0,0,,0,,,,0,,,,,40,40,0,2,3,0,3,3,1,0,1,9,10,11,1,0,2,0,1,0,6224,0.044,0.076,0.008
18,5.676,5.314,0,0.013,0.041,0,0,,0,,,,0,,,,,40,40,0,2,3,0,3,3,1,0,1,9,10,11,1,0,2,0,1,0,6224,0.028,0.043,0.011
19,6.761,6.38,0.001,0.011,0.042,0,0,,0,,,,0,,,,,40,40,0,2,3,0,3,3,1,0,1,9,10,11,1,0,2,0,1,0,6224,0.055,0.049,0.008
20,9.214,8.862,0,0.009,0.062,0,0,,0,,,,0,,,,,40,40,0,2,3,0,3,3,1,0,1,9,10,11,1,0,2,0,1,0,6224,0.029,0.041,0.01
21,5.065,4.753,0,0.011,0.039,0,0,,0,,,,0,,,,,40,40,0,2,3,0,3,3,1,0,1,9,10,11,1,0,2,0,1,0,6224,0.036,0.045,0.009
22,5.555,5.116,0.001,0.01,0.052,0,0,,0,,,,0,,,,,40,40,0,2,3,0,3,3,1,0,1,9,10,11,1,0,2,0,1,0,6224,0.047,0.076,0.01
23,5.256,4.794,0,0.009,0.083,0,0,,0,,,,0,,,,,40,40,0,2,3,0,3,3,1,0,1,9,10,11,1,0,2,0,1,0,6224,0.026,0.054,0.049
24,8.103,7.781,0,0.008,0.045,0,0,,0,,,,0,,,,,40,40,0,2,3,0,3,3,1,0,1,9,10,11,1,0,2,0,1,0,6224,0.03,0.046,0.009
25,7.566,7.185,0.001,0.01,0.071,0,0,,0,,,,0,,,,,40,40,0,2,3,0,3,3,1,0,1,9,10,11,1,0,2,0,1,0,6224,0.032,0.045,0.01
26,5.624,5.29,0.001,0.012,0.035,0,0,,0,,,,0,,,,,40,40,0,2,3,0,3,3,1,0,1,9,10,11,1,0,2,0,1,0,6224,0.042,0.037,0.008
27,8.115,7.762,0.001,0.011,0.048,0,0,,0,,,,0,,,,,40,40,0,2,3,0,3,3,1,0,1,9,10,11,1,0,2,0,1,0,6224,0.051,0.039,0.009
28,5.845,5.478,0,0.011,0.04,0,0,,0,,,,0,,,,,40,40,0,2,3,0,3,3,1,0,1,9,10,11,1,0,2,0,1,0,6224,0.04,0.048,0.01
29,6.633,6.272,0.001,0.009,0.042,0,0,,0,,,,0,,,,,40,40,0,2,3,0,3,3,1,0,1,9,10,11,1,0,2,0,1,0,6224,0.042,0.068,0.008
30,7.094,6.796,0,0.01,0.031,0,0,,1,0,230039552,286674944,1,70948032,70948032,167755776,38823561584,40,40,0,2,3,0,3,3,1,0,1,9,10,11,1,0,2,0,1,0,6224,0.028,0.042,0.009
31,5.088,4.791,0.001,0.008,0.023,0,0,,0,,,,0,,,,,40,40,0,2,3,0,3,3,1,0,1,9,10,11,1,0,2,0,1,0,6224,0.045,0.077,0.007
32,3.97,3.702,0,0.006,0.037,0,0,,0,,,,0,,,,,40,40,0,2,3,0,3,3,1,0,1,9,10,11,1,0,2,0,1,0,6224,0.036,0.06,0.005
33,3.594,3.361,0,0.005,0.041,0,0,,0,,,,0,,,,,40,40,0,2,3,0,3,3,1,0,1,9,10,11,1,0,2,0,1,0,6224,0.023,0.036,0.005
34,3.073,2.825,0,0.006,0.037,0,0,,0,,,,0,,,,,40,40,0,2,3,0,3,3,1,0,1,9,10,11,1,0,2,0,1,0,6224,0.029,0.04,0.005
35,4.021,3.709,0,0.008,0.039,0,0,,0,,,,0,,,,,40,40,0,2,3,0,3,3,1,0,1,9,10,11,1,0,2,0,1,0,6224,0.039,0.059,0.005
36,6.097,5.708,0.001,0.008,0.044,0,0,,0,,,,0,,,,,40,40,0,2,3,0,3,3,1,0,1,9,10,11,1,0,2,0,1,0,6224,0.048,0.076,0.007
37,3.295,3.084,0.001,0.004,0.054,0,0,,0,,,,0,,,,,40,40,0,2,3,0,3,3,1,0,1,9,10,11,1,0,2,0,1,0,6224,0.018,0.03,0.005
38,3.64,3.349,0,0.006,0.061,0,0,,0,,,,0,,,,,40,40,0,2,3,0,3,3,1,0,1,9,10,11,1,0,2,0,1,0,6224,0.023,0.038,0.005
39,4.868,4.537,0,0.006,0.039,0,0,,0,,,,0,,,,,40,40,0,2,3,0,3,3,1,0,1,9,10,11,1,0,2,0,1,0,6224,0.035,0.092,0.007
40,5.048,4.677,0,0.01,0.055,0,0,,0,,,,0,,,,,40,40,0,2,3,0,3,3,1,0,1,9,10,11,1,0,2,0,1,0,6224,0.05,0.051,0.009
41,5.223,4.898,0.001,0.011,0.047,0,0,,0,,,,0,,,,,40,40,0,2,3,0,3,3,1,0,1,9,10,11,1,0,2,0,1,0,6224,0.03,0.048,0.008
42,4.97,4.535,0,0.012,0.032,0,0,,0,,,,0,,,,,40,40,0,2,3,0,3,3,1,0,1,9,10,11,1,0,2,0,1,0,6224,0.118,0.05,0.009
43,5.114,4.839,0.001,0.007,0.049,0,0,,0,,,,0,,,,,40,40,0,2,3,0,3,3,1,0,1,9,10,11,1,0,2,0,1,0,6224,0.024,0.038,0.009
44,6.457,5.975,0,0.012,0.058,0,0,,0,,,,0,,,,,40,40,0,2,3,0,3,3,1,0,1,9,10,11,1,0,2,0,1,0,6224,0.083,0.061,0.011
45,4.803,4.502,0.001,0.009,0.043,0,0,,0,,,,0,,,,,40,40,0,2,3,0,3,3,1,0,1,9,10,11,1,0,2,0,1,0,6224,0.026,0.04,0.009
46,6.196,5.751,0.001,0.011,0.084,0,0,,0,,,,0,,,,,40,40,0,2,3,0,3,3,1,0,1,9,10,11,1,0,2,0,1,0,6224,0.052,0.08,0.01
47,5.775,5.239,0.001,0.01,0.06,0,0,,0,,,,0,,,,,40,40,0,2,3,0,3,3,1,0,1,9,10,11,1,0,2,0,1,0,6224,0.033,0.112,0.014
48,7.576,7.152,0.001,0.009,0.051,0,0,,0,,,,0,,,,,40,40,0,2,3,0,3,3,1,0,1,9,10,11,1,0,2,0,1,0,6224,0.039,0.091,0.014
49,27.734,27.39,0.001,0.011,0.051,0,0,,0,,,,0,,,,,40,40,0,2,3,0,3,3,1,0,1,9,10,11,1,0,2,0,1,0,6224,0.034,0.045,0.009
50,16.21,15.676,0,0.009,0.086,0,0,,0,,,,0,,,,,40,40,0,2,3,0,3,3,1,0,1,9,10,11,1,0,2,0,1,0,6224,0.027,0.073,0.013
51,7.162,6.8,0.001,0.01,0.05,0,0,,0,,,,0,,,,,40,40,0,2,3,0,3,3,1,0,1,9,10,11,1,0,2,0,1,0,6224,0.026,0.041,0.04
52,4.966,4.51,0,0.008,0.096,0,0,,0,,,,0,,,,,40,40,0,2,3,0,3,3,1,0,1,9,10,11,1,0,2,0,1,0,6224,0.055,0.084,0.008
53,7.251,6.899,0,0.009,0.055,0,0,,0,,,,0,,,,,40,40,0,2,3,0,3,3,1,0,1,9,10,11,1,0,2,0,1,0,6224,0.03,0.046,0.01
54,5.603,5.256,0.001,0.01,0.058,0,0,,0,,,,0,,,,,40,40,0,2,3,0,3,3,1,0,1,9,10,11,1,0,2,0,1,0,6224,0.032,0.046,0.011
55,5.274,4.926,0,0.009,0.049,0,0,,0,,,,0,,,,,40,40,0,2,3,0,3,3,1,0,1,9,10,11,1,0,2,0,1,0,6224,0.026,0.056,0.01
56,11.306,10.92,0,0.008,0.053,0,0,,0,,,,0,,,,,40,40,0,2,3,0,3,3,1,0,1,9,10,11,1,0,2,0,1,0,6224,0.02,0.066,0.013
57,22.145,21.727,0.001,0.011,0.054,0,0,,0,,,,0,,,,,40,40,0,2,3,0,3,3,1,0,1,9,10,11,1,0,2,0,1,0,6224,0.052,0.064,0.01
58,14.014,13.531,0,0.013,0.059,0,0,,0,,,,0,,,,,40,40,0,2,3,0,3,3,1,0,1,9,10,11,1,0,2,0,1,0,6224,0.056,0.089,0.012
59,6.982,6.543,0.001,0.011,0.049,0,0,,0,,,,0,,,,,40,40,0,2,3,0,3,3,1,0,1,9,10,11,1,0,2,0,1,0,6224,0.055,0.086,0.012
60,5.495,5.195,0,0.01,0.042,0,0,,1,31.25,230043648,286674944,1,70948032,70948032,167755776,38823561584,40,40,0,2,3,0,3,3,1,0,1,9,10,11,1,0,2,0,1,0,6224,0.026,0.039,0.007
61,3.104,2.701,0,0.012,0.049,0,0,,0,,,,0,,,,,40,40,0,2,3,0,3,3,1,0,1,9,10,11,1,0,2,0,1,0,6224,0.069,0.045,0.008
62,3.607,3.257,0.001,0.007,0.036,0,0,,0,,,,0,,,,,40,40,0,2,3,0,3,3,1,0,1,9,10,11,1,0,2,0,1,0,6224,0.031,0.088,0.01
63,3.022,2.646,0,0.008,0.065,0,0,,0,,,,0,,,,,40,40,0,2,3,0,3,3,1,0,1,9,10,11,1,0,2,0,1,0,6224,0.031,0.05,0.011
64,2.98,2.395,0.001,0.014,0.177,0,0,,0,,,,0,,,,,40,40,0,2,3,0,3,3,1,0,1,9,10,11,1,0,2,0,1,0,6224,0.034,0.084,0.011
65,5.187,4.807,0,0.012,0.038,0,0,,0,,,,0,,,,,40,40,0,2,3,0,3,3,1,0,1,9,10,11,1,0,2,0,1,0,6224,0.051,0.045,0.009
66,19.157,18.78,0,0.009,0.051,0,0,,0,,,,0,,,,,40,40,0,2,3,0,3,3,1,0,1,9,10,11,1,0,2,0,1,0,6224,0.03,0.044,0.01
67,4.994,4.654,0.001,0.01,0.049,0,0,,0,,,,0,,,,,40,40,0,2,3,0,3,3,1,0,1,9,10,11,1,0,2,0,1,0,6224,0.029,0.042,0.01
68,4.736,4.146,0,0.01,0.061,0,0,,0,,,,0,,,,,40,40,0,2,3,0,3,3,1,0,1,9,10,11,1,0,2,0,1,0,6224,0.034,0.055,0.01
69,8.632,8.234,0,0.013,0.05,0,0,,0,,,,0,,,,,40,40,0,2,3,0,3,3,1,0,1,9,10,11,1,0,2,0,1,0,6224,0.052,0.045,0.01
70,7.023,6.64,0,0.008,0.088,0,0,,0,,,,0,,,,,40,40,0,2,3,0,3,3,1,0,1,9,10,11,1,0,2,0,1,0,6224,0.031,0.046,0.01
71,20.297,19.935,0,0.012,0.045,0,0,,0,,,,0,,,,,40,40,0,2,3,0,3,3,1,0,1,9,10,11,1,0,2,0,1,0,6224,0.04,0.039,0.01
72,4.642,4.204,0.001,0.007,0.037,0,0,,0,,,,0,,,,,40,40,0,2,3,0,3,3,1,0,1,9,10,11,1,0,2,0,1,0,6224,0.031,0.092,0.017
73,4.46,3.967,0.001,0.01,0.056,0,0,,0,,,,0,,,,,40,40,0,2,3,0,3,3,1,0,1,9,10,11,1,0,2,0,1,0,6224,0.03,0.045,0.01
74,6.214,5.869,0.001,0.01,0.05,0,0,,0,,,,0,,,,,40,40,0,2,3,0,3,3,1,0,1,9,10,11,1,0,2,0,1,0,6224,0.032,0.041,0.01
75,4.748,4.451,0,0.008,0.039,0,0,,0,,,,0,,,,,40,40,0,2,3,0,3,3,1,0,1,9,10,11,1,0,2,0,1,0,6224,0.045,0.04,0.009
76,7.584,7.147,0.001,0.009,0.089,0,0,,0,,,,0,,,,,40,40,0,2,3,0,3,3,1,0,1,9,10,11,1,0,2,0,1,0,6224,0.035,0.061,0.01
77,7.165,6.868,0,0.009,0.045,0,0,,0,,,,0,,,,,40,40,0,2,3,0,3,3,1,0,1,9,10,11,1,0,2,0,1,0,6224,0.025,0.035,0.009
78,5.888,5.188,0,0.016,0.224,0,0,,0,,,,0,,,,,40,40,0,2,3,0,3,3,1,0,1,9,10,11,1,0,2,0,1,0,6224,0.075,0.057,0.016
79,5.957,5.596,0,0.011,0.046,0,0,,0,,,,0,,,,,40,40,0,2,3,0,3,3,1,0,1,9,10,11,1,0,2,0,1,0,6224,0.038,0.055,0.009
80,12.808,12.47,0,0.011,0.043,0,0,,0,,,,0,,,,,40,40,0,2,3,0,3,3,1,0,1,9,10,11,1,0,2,0,1,0,6224,0.03,0.044,0.01
81,46.963,46.562,0,0.012,0.078,0,0,,0,,,,0,,,,,40,40,0,2,3,0,3,3,1,0,1,9,10,11,1,0,2,0,1,0,6224,0.034,0.053,0.011
82,5.775,5.299,0.001,0.017,0.057,0,0,,0,,,,0,,,,,40,40,0,2,3,0,3,3,1,0,1,9,10,11,1,0,2,0,1,0,6224,0.053,0.091,0.013
83,8.396,8.015,0,0.01,0.051,0,0,,0,,,,0,,,,,40,40,0,2,3,0,3,3,1,0,1,9,10,11,1,0,2,0,1,0,6224,0.048,0.082,0.008
84,7.104,6.731,0,0.011,0.062,0,0,,0,,,,0,,,,,40,40,0,2,3,0,3,3,1,0,1,9,10,11,1,0,2,0,1,0,6224,0.034,0.056,0.01
85,5.8,5.38,0.001,0.01,0.037,0,0,,0,,,,0,,,,,40,40,0,2,3,0,3,3,1,0,1,9,10,11,1,0,2,0,1,0,6224,0.057,0.091,0.011
86,6.387,6.035,0.001,0.012,0.058,0,0,,0,,,,0,,,,,40,40,0,2,3,0,3,3,1,0,1,9,10,11,1,0,2,0,1,0,6224,0.036,0.048,0.008
87,4.619,4.022,0.001,0.013,0.062,0,0,,0,,,,0,,,,,40,40,0,2,3,0,3,3,1,0,1,9,10,11,1,0,2,0,1,0,6224,0.041,0.111,0.015
88,5.449,5.027,0,0.009,0.059,0,0,,0,,,,0,,,,,40,40,0,2,3,0,3,3,1,0,1,9,10,11,1,0,2,0,1,0,6224,0.03,0.046,0.013
89,6.784,6.035,0.001,0.012,0.095,0,0,,0,,,,0,,,,,40,40,0,2,3,0,3,3,1,0,1,9,10,11,1,0,2,0,1,0,6224,0.057,0.083,0.011
90,14.266,13.892,0.001,0.012,0.067,0,0,,1,62.5,230051840,286674944,1,70948032,70948032,167755776,38823561584,40,40,0,2,3,0,3,3,1,0,1,9,10,11,1,0,2,0,1,0,6224,0.03,0.046,0.01
91,2.955,2.523,0.001,0.013,0.073,0,0,,0,,,,0,,,,,40,40,0,2,3,0,3,3,1,0,1,9,10,11,1,0,2,0,1,0,6224,0.041,0.066,0.012
92,3.048,2.595,0,0.012,0.074,0,0,,0,,,,0,,,,,40,40,0,2,3,0,3,3,1,0,1,9,10,11,1,0,2,0,1,0,6224,0.047,0.069,0.012
93,3.011,2.706,0,0.009,0.057,0,0,,0,,,,0,,,,,40,40,0,2,3,0,3,3,1,0,1,9,10,11,1,0,2,0,1,0,6224,0.029,0.049,0.008
94,3.636,3.343,0.001,0.008,0.044,0,0,,0,,,,0,,,,,40,40,0,2,3,0,3,3,1,0,1,9,10,11,1,0,2,0,1,0,6224,0.031,0.045,0.008
95,3.038,2.749,0.001,0.007,0.061,0,0,,0,,,,0,,,,,40,40,0,2,3,0,3,3,1,0,1,9,10,11,1,0,2,0,1,0,6224,0.027,0.044,0.008
96,4.382,4.051,0,0.01,0.05,0,0,,0,,,,0,,,,,40,40,0,2,3,0,3,3,1,0,1,9,10,11,1,0,2,0,1,0,6224,0.032,0.052,0.009
97,10.807,10.502,0,0.009,0.059,0,0,,0,,,,0,,,,,40,40,0,2,3,0,3,3,1,0,1,9,10,11,1,0,2,0,1,0,6224,0.026,0.041,0.009
98,6.038,5.608,0.001,0.013,0.067,0,0,,0,,,,0,,,,,40,40,0,2,3,0,3,3,1,0,1,9,10,11,1,0,2,0,1,0,6224,0.04,0.063,0.011
99,4.88,4.567,0.001,0.009,0.055,0,0,,0,,,,0,,,,,40,40,0,2,3,0,3,3,1,0,1,9,10,11,1,0,2,0,1,0,6224,0.028,0.043,0.009
100,5.217,4.942,0,0.008,0.057,0,0,,0,,,,0,,,,,40,40,0,2,3,0,3,3,1,0,1,9,10,11,1,0,2,0,1,0,6224,0.025,0.04,0.007
101,3.531,3.288,0,0.007,0.05,0,0,,0,,,,0,,,,,40,40,0,2,3,0,3,3,1,0,1,9,10,11,1,0,2,0,1,0,6224,0.022,0.036,0.007
102,3.157,2.895,0,0.008,0.044,0,0,,0,,,,0,,,,,40,40,0,2,3,0,3,3,1,0,1,9,10,11,1,0,2,0,1,0,6224,0.026,0.042,0.006
103,2.725,2.44,0.001,0.006,0.054,0,0,,0,,,,0,,,,,40,40,0,2,3,0,3,3,1,0,1,9,10,11,1,0,2,0,1,0,6224,0.026,0.046,0.006
104,4.346,4.058,0,0.01,0.052,0,0,,0,,,,0,,,,,40,40,0,2,3,0,3,3,1,0,1,9,10,11,1,0,2,0,1,0,6224,0.033,0.05,0.006
105,2.888,2.658,0,0.006,0.047,0,0,,0,,,,0,,,,,40,40,0,2,3,0,3,3,1,0,1,9,10,11,1,0,2,0,1,0,6224,0.024,0.039,0.005
106,3.354,3.097,0,0.007,0.06,0,0,,0,,,,0,,,,,40,40,0,2,3,0,3,3,1,0,1,9,10,11,1,0,2,0,1,0,6224,0.026,0.042,0.006
107,4.243,3.984,0.001,0.007,0.048,0,0,,0,,,,0,,,,,40,40,0,2,3,0,3,3,1,0,1,9,10,11,1,0,2,0,1,0,6224,0.024,0.041,0.006
108,4.461,4.138,0,0.009,0.06,0,0,,0,,,,0,,,,,40,40,0,2,3,0,3,3,1,0,1,9,10,11,1,0,2,0,1,0,6224,0.035,0.056,0.006
109,3.848,3.624,0,0.004,0.057,0,0,,0,,,,0,,,,,40,40,0,2,3,0,3,3,1,0,1,9,10,11,1,0,2,0,1,0,6224,0.019,0.035,0.005
110,3.793,3.6,0,0.005,0.045,0,0,,0,,,,0,,,,,40,40,0,2,3,0,3,3,1,0,1,9,10,11,1,0,2,0,1,0,6224,0.019,0.034,0.003
111,3.66,3.46,0,0.005,0.037,0,0,,0,,,,0,,,,,40,40,0,2,3,0,3,3,1,0,1,9,10,11,1,0,2,0,1,0,6224,0.021,0.036,0.005
112,4.47,4.063,0,0.038,0.055,0,0,,0,,,,0,,,,,40,40,0,2,3,0,3,3,1,0,1,9,10,11,1,0,2,0,1,0,6224,0.04,0.061,0.008
113,4.854,4.401,0,0.008,0.098,0,0,,0,,,,0,,,,,40,40,0,2,3,0,3,3,1,0,1,9,10,11,1,0,2,0,1,0,6224,0.051,0.083,0.008
114,3.024,2.755,0.001,0.009,0.029,0,0,,0,,,,0,,,,,40,40,0,2,3,0,3,3,1,0,1,9,10,11,1,0,2,0,1,0,6224,0.048,0.053,0.003
115,3.273,2.816,0.001,0.012,0.054,0,0,,0,,,,0,,,,,40,40,0,2,3,0,3,3,1,0,1,9,10,11,1,0,2,0,1,0,6224,0.036,0.061,0.01
116,2.35,2.037,0,0.006,0.024,0,0,,0,,,,0,,,,,40,40,0,2,3,0,3,3,1,0,1,9,10,11,1,0,2,0,1,0,6224,0.025,0.128,0.008
117,4.54,4.097,0,0.009,0.056,0,0,,0,,,,0,,,,,40,40,0,2,3,0,3,3,1,0,1,9,10,11,1,0,2,0,1,0,6224,0.053,0.091,0.008
118,2.923,2.622,0.001,0.013,0.033,0,0,,0,,,,0,,,,,40,40,0,2,3,0,3,3,1,0,1,9,10,11,1,0,2,0,1,0,6224,0.043,0.06,0.006
119,3.388,3.158,0,0.006,0.025,0,0,,0,,,,0,,,,,40,40,0,2,3,0,3,3,1,0,1,9,10,11,1,0,2,0,1,0,6224,0.031,0.052,0.005
120,4.266,3.927,0.001,0.013,0.033,0,0,,1,78.125,230060032,286674944,1,70948032,70948032,167755776,38823561584,40,40,0,2,3,0,3,3,1,0,1,9,10,11,1,0,2,0,1,0,6224,0.051,0.035,0.008
121,4.235,3.892,0.001,0.008,0.035,0,0,,0,,,,0,,,,,40,40,0,2,3,0,3,3,1,0,1,9,10,11,1,0,2,0,1,0,6224,0.043,0.076,0.008
122,4.545,4.256,0,0.009,0.028,0,0,,0,,,,0,,,,,40,40,0,2,3,0,3,3,1,0,1,9,10,11,1,0,2,0,1,0,6224,0.048,0.078,0.004
123,3.349,3.117,0,0.007,0.025,0,0,,0,,,,0,,,,,40,40,0,2,3,0,3,3,1,0,1,9,10,11,1,0,2,0,1,0,6224,0.036,0.061,0.004
124,4.289,4.04,0,0.007,0.031,0,0,,0,,,,0,,,,,40,40,0,2,3,0,3,3,1,0,1,9,10,11,1,0,2,0,1,0,6224,0.023,0.033,0.007
125,4.667,4.267,0.001,0.013,0.059,0,0,,0,,,,0,,,,,40,40,0,2,3,0,3,3,1,0,1,9,10,11,1,0,2,0,1,0,6224,0.036,0.061,0.011
126,5.66,5.311,0.001,0.01,0.045,0,0,,0,,,,0,,,,,40,40,0,2,3,0,3,3,1,0,1,9,10,11,1,0,2,0,1,0,6224,0.04,0.061,0.009
127,5.404,5.076,0,0.011,0.039,0,0,,0,,,,0,,,,,40,40,0,2,3,0,3,3,1,0,1,9,10,11,1,0,2,0,1,0,6224,0.024,0.036,0.009
128,4.645,4.337,0,0.009,0.046,0,0,,0,,,,0,,,,,40,40,0,2,3,0,3,3,1,0,1,9,10,11,1,0,2,0,1,0,6224,0.029,0.044,0.009
129,6.871,6.478,0,0.012,0.053,0,0,,0,,,,0,,,,,40,40,0,2,3,0,3,3,1,0,1,9,10,11,1,0,2,0,1,0,6224,0.044,0.073,0.011
130,22.102,21.56,0,0.016,0.075,0,0,,0,,,,0,,,,,40,40,0,2,3,0,3,3,1,0,1,9,10,11,1,0,2,0,1,0,6224,0.05,0.081,0.043
131,1.97,1.672,0,0.008,0.062,0,0,,0,,,,0,,,,,40,40,0,2,3,0,3,3,1,0,1,9,10,11,1,0,2,0,1,0,6224,0.034,0.048,0.007
132,3.249,3.011,0,0.006,0.057,0,0,,0,,,,0,,,,,40,40,0,2,3,0,3,3,1,0,1,9,10,11,1,0,2,0,1,0,6224,0.024,0.041,0.004
133,2.515,2.264,0.001,0.009,0.045,0,0,,0,,,,0,,,,,40,40,0,2,3,0,3,3,1,0,1,9,10,11,1,0,2,0,1,0,6224,0.022,0.038,0.003
134,2.853,2.647,0,0.004,0.047,0,0,,0,,,,0,,,,,40,40,0,2,3,0,3,3,1,0,1,9,10,11,1,0,2,0,1,0,6224,0.022,0.038,0.003
135,8.877,7.895,0.001,0.012,0.652,0,0,,0,,,,0,,,,,40,40,0,2,3,0,3,3,1,0,1,9,10,11,1,0,2,0,1,0,6224,0.034,0.052,0.011
136,3.374,3.043,0.001,0.011,0.058,0,0,,0,,,,0,,,,,40,40,0,2,3,0,3,3,1,0,1,9,10,11,1,0,2,0,1,0,6224,0.03,0.048,0.008
137,3.161,2.918,0,0.007,0.049,0,0,,0,,,,0,,,,,40,40,0,2,3,0,3,3,1,0,1,9,10,11,1,0,2,0,1,0,6224,0.024,0.04,0.006
138,3.236,2.967,0.001,0.006,0.054,0,0,,0,,,,0,,,,,40,40,0,2,3,0,3,3,1,0,1,9,10,11,1,0,2,0,1,0,6224,0.025,0.049,0.006
139,3.436,3.021,0.001,0.011,0.07,0,0,,0,,,,0,,,,,40,40,0,2,3,0,3,3,1,0,1,9,10,11,1,0,2,0,1,0,6224,0.038,0.065,0.015
140,2.6,2.299,0,0.009,0.06,0,0,,0,,,,0,,,,,40,40,0,2,3,0,3,3,1,0,1,9,10,11,1,0,2,0,1,0,6224,0.031,0.048,0.008
141,3.446,3.142,0,0.008,0.062,0,0,,0,,,,0,,,,,40,40,0,2,3,0,3,3,1,0,1,9,10,11,1,0,2,0,1,0,6224,0.029,0.048,0.006
142,2.461,2.265,0,0.005,0.042,0,0,,0,,,,0,,,,,40,40,0,2,3,0,3,3,1,0,1,9,10,11,1,0,2,0,1,0,6224,0.021,0.035,0.004
143,6.087,5.666,0.001,0.009,0.079,0,0,,0,,,,0,,,,,40,40,0,2,3,0,3,3,1,0,1,9,10,11,1,0,2,0,1,0,6224,0.038,0.062,0.008
144,2.906,2.631,0,0.008,0.044,0,0,,0,,,,0,,,,,40,40,0,2,3,0,3,3,1,0,1,9,10,11,1,0,2,0,1,0,6224,0.03,0.048,0.006
145,5.562,5.274,0,0.007,0.064,0,0,,0,,,,0,,,,,40,40,0,2,3,0,3,3,1,0,1,9,10,11,1,0,2,0,1,0,6224,0.029,0.048,0.006
146,4.404,4.197,0,0.005,0.045,0,0,,0,,,,0,,,,,40,40,0,2,3,0,3,3,1,0,1,9,10,11,1,0,2,0,1,0,6224,0.022,0.038,0.004
147,6.364,6.022,0.001,0.01,0.061,0,0,,0,,,,0,,,,,40,40,0,2,3,0,3,3,1,0,1,9,10,11,1,0,2,0,1,0,6224,0.027,0.045,0.009
148,4.873,4.478,0.001,0.012,0.076,0,0,,0,,,,0,,,,,40,40,0,2,3,0,3,3,1,0,1,9,10,11,1,0,2,0,1,0,6224,0.035,0.059,0.01
149,3.887,3.602,0.001,0.007,0.07,0,0,,0,,,,0,,,,,40,40,0,2,3,0,3,3,1,0,1,9,10,11,1,0,2,0,1,0,6224,0.027,0.045,0.006
150,4.247,3.847,0,0.011,0.08,0,0,,1,109.375,230072320,286674944,1,70948032,70948032,167755776,38823561584,40,40,0,2,3,0,3,3,1,0,1,9,10,11,1,0,2,0,1,0,6224,0.057,0.059,0.008
151,8.054,7.744,0.001,0.008,0.047,0,0,,0,,,,0,,,,,40,40,0,2,3,0,3,3,1,0,1,9,10,11,1,0,2,0,1,0,6224,0.027,0.04,0.009
152,11.023,10.725,0.001,0.009,0.042,0,0,,0,,,,0,,,,,40,40,0,2,3,0,3,3,1,0,1,9,10,11,1,0,2,0,1,0,6224,0.024,0.038,0.009
153,5.465,5.091,0.001,0.012,0.04,0,0,,0,,,,0,,,,,40,40,0,2,3,0,3,3,1,0,1,9,10,11,1,0,2,0,1,0,6224,0.043,0.065,0.008
154,4.224,3.849,0,0.011,0.03,0,0,,0,,,,0,,,,,40,40,0,2,3,0,3,3,1,0,1,9,10,11,1,0,2,0,1,0,6224,0.073,0.089,0.004
155,4.136,3.705,0,0.013,0.043,0,0,,0,,,,0,,,,,40,40,0,2,3,0,3,3,1,0,1,9,10,11,1,0,2,0,1,0,6224,0.074,0.078,0.006
156,5.464,5.091,0,0.011,0.043,0,0,,0,,,,0,,,,,40,40,0,2,3,0,3,3,1,0,1,9,10,11,1,0,2,0,1,0,6224,0.042,0.065,0.01
157,4.3,3.901,0.001,0.012,0.04,0,0,,0,,,,0,,,,,40,40,0,2,3,0,3,3,1,0,1,9,10,11,1,0,2,0,1,0,6224,0.048,0.075,0.007
158,4.801,4.527,0.001,0.009,0.054,0,0,,0,,,,0,,,,,40,40,0,2,3,0,3,3,1,0,1,9,10,11,1,0,2,0,1,0,6224,0.027,0.042,0.005
159,6.381,6.059,0,0.008,0.078,0,0,,0,,,,0,,,,,40,40,0,2,3,0,3,3,1,0,1,9,10,11,1,0,2,0,1,0,6224,0.024,0.035,0.009
160,7.17,6.729,0.001,0.01,0.046,0,0,,0,,,,0,,,,,40,40,0,2,3,0,3,3,1,0,1,9,10,11,1,0,2,0,1,0,6224,0.033,0.109,0.014
161,6.684,6.34,0.001,0.01,0.057,0,0,,0,,,,0,,,,,40,40,0,2,3,0,3,3,1,0,1,9,10,11,1,0,2,0,1,0,6224,0.029,0.041,0.01
162,4.939,4.622,0.001,0.008,0.043,0,0,,0,,,,0,,,,,40,40,0,2,3,0,3,3,1,0,1,9,10,11,1,0,2,0,1,0,6224,0.041,0.04,0.01
163,6.866,6.582,0.001,0.009,0.059,0,0,,0,,,,0,,,,,40,40,0,2,3,0,3,3,1,0,1,9,10,11,1,0,2,0,1,0,6224,0.027,0.042,0.006
164,3.569,3.275,0,0.008,0.062,0,0,,0,,,,0,,,,,40,40,0,2,3,0,3,3,1,0,1,9,10,11,1,0,2,0,1,0,6224,0.027,0.045,0.006
165,4.742,4.449,0.001,0.007,0.048,0,0,,0,,,,0,,,,,40,40,0,2,3,0,3,3,1,0,1,9,10,11,1,0,2,0,1,0,6224,0.026,0.043,0.007
166,5.422,5.221,0.001,0.006,0.042,0,0,,0,,,,0,,,,,40,40,0,2,3,0,3,3,1,0,1,9,10,11,1,0,2,0,1,0,6224,0.018,0.029,0.004
167,6.136,5.854,0,0.007,0.05,0,0,,0,,,,0,,,,,40,40,0,2,3,0,3,3,1,0,1,9,10,11,1,0,2,0,1,0,6224,0.024,0.04,0.007
168,5.091,4.752,0.001,0.009,0.047,0,0,,0,,,,0,,,,,40,40,0,2,3,0,3,3,1,0,1,9,10,11,1,0,2,0,1,0,6224,0.029,0.045,0.01
169,4.827,4.62,0,0.005,0.049,0,0,,0,,,,0,,,,,40,40,0,2,3,0,3,3,1,0,1,9,10,11,1,0,2,0,1,0,6224,0.023,0.037,0.005
170,4.193,3.959,0,0.006,0.039,0,0,,0,,,,0,,,,,40,40,0,2,3,0,3,3,1,0,1,9,10,11,1,0,2,0,1,0,6224,0.025,0.042,0.004
171,3.052,2.799,0,0.007,0.037,0,0,,0,,,,0,,,,,40,40,0,2,3,0,3,3,1,0,1,9,10,11,1,0,2,0,1,0,6224,0.016,0.025,0.004
172,2.393,2.116,0.001,0.008,0.048,0,0,,0,,,,0,,,,,40,40,0,2,3,0,3,3,1,0,1,9,10,11,1,0,2,0,1,0,6224,0.032,0.046,0.005
173,2.356,2.054,0,0.006,0.061,0,0,,0,,,,0,,,,,40,40,0,2,3,0,3,3,1,0,1,9,10,11,1,0,2,0,1,0,6224,0.028,0.053,0.005
174,4.811,4.583,0.001,0.005,0.053,0,0,,0,,,,0,,,,,40,40,0,2,3,0,3,3,1,0,1,9,10,11,1,0,2,0,1,0,6224,0.024,0.04,0.004
175,2.105,1.821,0.001,0.007,0.031,0,0,,0,,,,0,,,,,40,40,0,2,3,0,3,3,1,0,1,9,10,11,1,0,2,0,1,0,6224,0.081,0.039,0.003
176,2.316,2.114,0.001,0.005,0.02,0,0,,0,,,,0,,,,,40,40,0,2,3,0,3,3,1,0,1,9,10,11,1,0,2,0,1,0,6224,0.047,0.042,0.003
177,3.048,2.499,0.001,0.006,0.072,0,0,,0,,,,0,,,,,40,40,0,2,3,0,3,3,1,0,1,9,10,11,1,0,2,0,1,0,6224,0.035,0.258,0.012
178,1.873,1.646,0.001,0.009,0.022,0,0,,0,,,,0,,,,,40,40,0,2,3,0,3,3,1,0,1,9,10,11,1,0,2,0,1,0,6224,0.022,0.063,0.004
179,2.344,2.072,0,0.006,0.021,0,0,,0,,,,0,,,,,40,40,0,2,3,0,3,3,1,0,1,9,10,11,1,0,2,0,1,0,6224,0.039,0.101,0.002
180,3.281,3.027,0,0.004,0.048,0,0,,1,109.375,230080512,286674944,1,70948032,70948032,167755776,38823561584,40,40,0,2,3,0,3,3,1,0,1,9,10,11,1,0,2,0,1,0,6224,0.022,0.033,0.004
181,2.343,2.101,0,0.005,0.028,0,0,,0,,,,0,,,,,40,40,0,2,3,0,3,3,1,0,1,9,10,11,1,0,2,0,1,0,6224,0.019,0.03,0.004
182,2.324,2.127,0,0.005,0.019,0,0,,0,,,,0,,,,,40,40,0,2,3,0,3,3,1,0,1,9,10,11,1,0,2,0,1,0,6224,0.031,0.066,0.002
183,2.458,2.284,0,0.003,0.055,0,0,,0,,,,0,,,,,40,40,0,2,3,0,3,3,1,0,1,9,10,11,1,0,2,0,1,0,6224,0.013,0.022,0.002
184,2.614,2.423,0,0.003,0.041,0,0,,0,,,,0,,,,,40,40,0,2,3,0,3,3,1,0,1,9,10,11,1,0,2,0,1,0,6224,0.017,0.028,0.003
185,3.693,3.493,0,0.005,0.024,0,0,,0,,,,0,,,,,40,40,0,2,3,0,3,3,1,0,1,9,10,11,1,0,2,0,1,0,6224,0.021,0.031,0.004
186,2.534,2.216,0.001,0.011,0.034,0,0,,0,,,,0,,,,,40,40,0,2,3,0,3,3,1,0,1,9,10,11,1,0,2,0,1,0,6224,0.06,0.043,0.003
187,2.415,2.155,0,0.011,0.027,0,0,,0,,,,0,,,,,40,40,0,2,3,0,3,3,1,0,1,9,10,11,1,0,2,0,1,0,6224,0.069,0.028,0.002
188,2.3,2.022,0,0.014,0.02,0,0,,0,,,,0,,,,,40,40,0,2,3,0,3,3,1,0,1,9,10,11,1,0,2,0,1,0,6224,0.045,0.025,0.005
189,2.611,2.448,0,0.003,0.05,0,0,,0,,,,0,,,,,40,40,0,2,3,0,3,3,1,0,1,9,10,11,1,0,2,0,1,0,6224,0.014,0.025,0.003
190,2.582,2.168,0,0.009,0.113,0,0,,0,,,,0,,,,,40,40,0,2,3,0,3,3,1,0,1,9,10,11,1,0,2,0,1,0,6224,0.041,0.069,0.007
191,2.043,1.784,0.001,0.009,0.034,0,0,,0,,,,0,,,,,40,40,0,2,3,0,3,3,1,0,1,9,10,11,1,0,2,0,1,0,6224,0.026,0.037,0.007
192,2.275,2.072,0,0.006,0.031,0,0,,0,,,,0,,,,,40,40,0,2,3,0,3,3,1,0,1,9,10,11,1,0,2,0,1,0,6224,0.022,0.031,0.005
193,3.368,3.048,0,0.006,0.038,0,0,,0,,,,0,,,,,40,40,0,2,3,0,3,3,1,0,1,9,10,11,1,0,2,0,1,0,6224,0.041,0.067,0.006
194,2.665,2.377,0,0.012,0.027,0,0,,0,,,,0,,,,,40,40,0,2,3,0,3,3,1,0,1,9,10,11,1,0,2,0,1,0,6224,0.037,0.054,0.006
195,3.229,3.055,0,0.007,0.025,0,0,,0,,,,0,,,,,40,40,0,2,3,0,3,3,1,0,1,9,10,11,1,0,2,0,1,0,6224,0.019,0.025,0.003
196,3.314,3.044,0,0.004,0.057,0,0,,0,,,,0,,,,,40,40,0,2,3,0,3,3,1,0,1,9,10,11,1,0,2,0,1,0,6224,0.019,0.049,0.004
197,3.059,2.844,0.001,0.005,0.025,0,0,,0,,,,0,,,,,40,40,0,2,3,0,3,3,1,0,1,9,10,11,1,0,2,0,1,0,6224,0.019,0.029,0.004
198,4.654,4.312,0,0.008,0.029,0,0,,0,,,,0,,,,,40,40,0,2,3,0,3,3,1,0,1,9,10,11,1,0,2,0,1,0,6224,0.049,0.078,0.007
199,3.787,3.494,0,0.007,0.03,0,0,,0,,,,0,,,,,40,40,0,2,3,0,3,3,1,0,1,9,10,11,1,0,2,0,1,0,6224,0.046,0.081,0.005
200,2.848,2.646,0,0.006,0.039,0,0,,0,,,,0,,,,,40,40,0,2,3,0,3,3,1,0,1,9,10,11,1,0,2,0,1,0,6224,0.029,0.049,0.003
201,3.595,2.912,0,0.012,0.085,0,0,,0,,,,0,,,,,40,40,0,2,3,0,3,3,1,0,1,9,10,11,1,0,2,0,1,0,6224,0.047,0.075,0.012
202,3.078,2.867,0,0.006,0.03,0,0,,0,,,,0,,,,,40,40,0,2,3,0,3,3,1,0,1,9,10,11,1,0,2,0,1,0,6224,0.02,0.03,0.006
203,6.276,5.943,0.001,0.01,0.026,0,0,,0,,,,0,,,,,40,40,0,2,3,0,3,3,1,0,1,9,10,11,1,0,2,0,1,0,6224,0.041,0.062,0.007
204,4.301,4.121,0.001,0.007,0.025,0,0,,0,,,,0,,,,,40,40,0,2,3,0,3,3,1,0,1,9,10,11,1,0,2,0,1,0,6224,0.017,0.025,0.003
205,2.624,2.349,0,0.007,0.039,0,0,,0,,,,0,,,,,40,40,0,2,3,0,3,3,1,0,1,9,10,11,1,0,2,0,1,0,6224,0.021,0.08,0.006
206,2.385,2.15,0,0.005,0.035,0,0,,0,,,,0,,,,,40,40,0,2,3,0,3,3,1,0,1,9,10,11,1,0,2,0,1,0,6224,0.026,0.043,0.004
207,2.446,2.156,0,0.007,0.032,0,0,,0,,,,0,,,,,40,40,0,2,3,0,3,3,1,0,1,9,10,11,1,0,2,0,1,0,6224,0.043,0.068,0.006
208,3.094,2.885,0,0.028,0.038,0,0,,0,,,,0,,,,,40,40,0,2,3,0,3,3,1,0,1,9,10,11,1,0,2,0,1,0,6224,0.015,0.025,0.003
209,5.459,5.181,0,0.009,0.033,0,0,,0,,,,0,,,,,40,40,0,2,3,0,3,3,1,0,1,9,10,11,1,0,2,0,1,0,6224,0.02,0.029,0.005
210,5.013,4.698,0,0.007,0.03,0,0,,1,109.375,230088704,286674944,1,70948032,70948032,167755776,38823561584,40,40,0,2,3,0,3,3,1,0,1,9,10,11,1,0,2,0,1,0,6224,0.024,0.035,0.007
211,5.174,4.801,0,0.011,0.031,0,0,,0,,,,0,,,,,40,40,0,2,3,0,3,3,1,0,1,9,10,11,1,0,2,0,1,0,6224,0.047,0.074,0.009
212,4.113,3.773,0,0.01,0.039,0,0,,0,,,,0,,,,,40,40,0,2,3,0,3,3,1,0,1,9,10,11,1,0,2,0,1,0,6224,0.041,0.067,0.007
213,5.514,4.972,0.001,0.015,0.1,0,0,,0,,,,0,,,,,40,40,0,2,3,0,3,3,1,0,1,9,10,11,1,0,2,0,1,0,6224,0.05,0.083,0.013
214,4.484,4.191,0,0.011,0.028,0,0,,0,,,,0,,,,,40,40,0,2,3,0,3,3,1,0,1,9,10,11,1,0,2,0,1,0,6224,0.071,0.027,0.006
215,3.031,2.741,0,0.007,0.016,0,0,,0,,,,0,,,,,40,40,0,2,3,0,3,3,1,0,1,9,10,11,1,0,2,0,1,0,6224,0.036,0.145,0.005
216,3.592,3.355,0,0.008,0.021,0,0,,0,,,,0,,,,,40,40,0,2,3,0,3,3,1,0,1,9,10,11,1,0,2,0,1,0,6224,0.036,0.048,0.002
217,5.155,4.855,0.001,0.007,0.045,0,0,,0,,,,0,,,,,40,40,0,2,3,0,3,3,1,0,1,9,10,11,1,0,2,0,1,0,6224,0.025,0.054,0.011
218,7.943,7.631,0,0.005,0.03,0,0,,0,,,,0,,,,,40,40,0,2,3,0,3,3,1,0,1,9,10,11,1,0,2,0,1,0,6224,0.026,0.056,0.008
219,4.345,4.065,0,0.006,0.019,0,0,,0,,,,0,,,,,40,40,0,2,3,0,3,3,1,0,1,9,10,11,1,0,2,0,1,0,6224,0.032,0.052,0.004
220,5.235,4.841,0.001,0.011,0.043,0,0,,0,,,,0,,,,,40,40,0,2,3,0,3,3,1,0,1,9,10,11,1,0,2,0,1,0,6224,0.044,0.073,0.009
221,2.548,2.172,0.001,0.009,0.039,0,0,,0,,,,0,,,,,40,40,0,2,3,0,3,3,1,0,1,9,10,11,1,0,2,0,1,0,6224,0.058,0.083,0.005
222,6.346,5.835,0,0.017,0.094,0,0,,0,,,,0,,,,,40,40,0,2,3,0,3,3,1,0,1,9,10,11,1,0,2,0,1,0,6224,0.06,0.096,0.009
223,2.538,2.333,0,0.004,0.036,0,0,,0,,,,0,,,,,40,40,0,2,3,0,3,3,1,0,1,9,10,11,1,0,2,0,1,0,6224,0.022,0.04,0.004
224,4.3,3.958,0.001,0.011,0.049,0,0,,0,,,,0,,,,,40,40,0,2,3,0,3,3,1,0,1,9,10,11,1,0,2,0,1,0,6224,0.034,0.047,0.009
225,3.455,3.066,0,0.011,0.104,0,0,,0,,,,0,,,,,40,40,0,2,3,0,3,3,1,0,1,9,10,11,1,0,2,0,1,0,6224,0.032,0.048,0.008
226,6.387,6.09,0,0.009,0.034,0,0,,0,,,,0,,,,,40,40,0,2,3,0,3,3,1,0,1,9,10,11,1,0,2,0,1,0,6224,0.049,0.067,0.004
227,4.296,4.003,0.001,0.008,0.055,0,0,,0,,,,0,,,,,40,40,0,2,3,0,3,3,1,0,1,9,10,11,1,0,2,0,1,0,6224,0.026,0.042,0.008
228,2.837,2.545,0.001,0.009,0.049,0,0,,0,,,,0,,,,,40,40,0,2,3,0,3,3,1,0,1,9,10,11,1,0,2,0,1,0,6224,0.03,0.048,0.006
229,3.001,2.767,0.001,0.006,0.051,0,0,,0,,,,0,,,,,40,40,0,2,3,0,3,3,1,0,1,9,10,11,1,0,2,0,1,0,6224,0.023,0.039,0.005
230,6.963,6.568,0,0.009,0.031,0,0,,0,,,,0,,,,,40,40,0,2,3,0,3,3,1,0,1,9,10,11,1,0,2,0,1,0,6224,0.083,0.062,0.005
231,7.464,7.142,0,0.008,0.045,0,0,,0,,,,0,,,,,40,40,0,2,3,0,3,3,1,0,1,9,10,11,1,0,2,0,1,0,6224,0.027,0.043,0.008
232,5.697,5.421,0,0.008,0.027,0,0,,0,,,,0,,,,,40,40,0,2,3,0,3,3,1,0,1,9,10,11,1,0,2,0,1,0,6224,0.037,0.089,0.005
233,5.282,5.036,0,0.008,0.045,0,0,,0,,,,0,,,,,40,40,0,2,3,0,3,3,1,0,1,9,10,11,1,0,2,0,1,0,6224,0.024,0.041,0.006
234,5.771,5.461,0,0.01,0.049,0,0,,0,,,,0,,,,,40,40,0,2,3,0,3,3,1,0,1,9,10,11,1,0,2,0,1,0,6224,0.028,0.042,0.008
235,5.433,5.059,0.001,0.009,0.045,0,0,,0,,,,0,,,,,40,40,0,2,3,0,3,3,1,0,1,9,10,11,1,0,2,0,1,0,6224,0.047,0.066,0.008
236,4.406,4.075,0,0.013,0.056,0,0,,0,,,,0,,,,,40,40,0,2,3,0,3,3,1,0,1,9,10,11,1,0,2,0,1,0,6224,0.032,0.045,0.007
237,3.027,2.792,0,0.005,0.048,0,0,,0,,,,0,,,,,40,40,0,2,3,0,3,3,1,0,1,9,10,11,1,0,2,0,1,0,6224,0.023,0.041,0.004
238,2.778,2.493,0,0.008,0.045,0,0,,0,,,,0,,,,,40,40,0,2,3,0,3,3,1,0,1,9,10,11,1,0,2,0,1,0,6224,0.028,0.044,0.008
239,3.091,2.71,0,0.008,0.036,0,0,,0,,,,0,,,,,40,40,0,2,3,0,3,3,1,0,1,9,10,11,1,0,2,0,1,0,6224,0.046,0.074,0.009
240,5.751,5.42,0.001,0.009,0.026,0,0,,1,140.625,230096896,286674944,1,70948032,70948032,167755776,38823561584,40,40,0,2,3,0,3,3,1,0,1,9,10,11,1,0,2,0,1,0,6224,0.049,0.094,0.004
241,3.236,2.947,0,0.007,0.034,0,0,,0,,,,0,,,,,40,40,0,2,3,0,3,3,1,0,1,9,10,11,1,0,2,0,1,0,6224,0.077,0.032,0.006
242,4.147,3.762,0,0.009,0.062,0,0,,0,,,,0,,,,,40,40,0,2,3,0,3,3,1,0,1,9,10,11,1,0,2,0,1,0,6224,0.037,0.059,0.009
243,2.848,2.437,0.001,0.013,0.031,0,0,,0,,,,0,,,,,40,40,0,2,3,0,3,3,1,0,1,9,10,11,1,0,2,0,1,0,6224,0.051,0.078,0.01
244,4.299,3.997,0.001,0.01,0.047,0,0,,0,,,,0,,,,,40,40,0,2,3,0,3,3,1,0,1,9,10,11,1,0,2,0,1,0,6224,0.024,0.037,0.032
245,4.541,4.256,0,0.007,0.025,0,0,,0,,,,0,,,,,40,40,0,2,3,0,3,3,1,0,1,9,10,11,1,0,2,0,1,0,6224,0.034,0.096,0.005
246,4.253,3.868,0.001,0.009,0.05,0,0,,0,,,,0,,,,,40,40,0,2,3,0,3,3,1,0,1,9,10,11,1,0,2,0,1,0,6224,0.037,0.079,0.011
247,2.804,2.593,0,0.004,0.063,0,0,,0,,,,0,,,,,40,40,0,2,3,0,3,3,1,0,1,9,10,11,1,0,2,0,1,0,6224,0.017,0.023,0.004
248,6.704,6.366,0,0.009,0.041,0,0,,0,,,,0,,,,,40,40,0,2,3,0,3,3,1,0,1,9,10,11,1,0,2,0,1,0,6224,0.037,0.059,0.01
249,6.202,5.311,0.001,0.01,0.1,0,0,,0,,,,0,,,,,40,40,0,2,3,0,3,3,1,0,1,9,10,11,1,0,2,0,1,0,6224,0.16,0.03,0.008
250,4.075,3.756,0,0.014,0.03,0,0,,0,,,,0,,,,,40,40,0,2,3,0,3,3,1,0,1,9,10,11,1,0,2,0,1,0,6224,0.023,0.037,0.005
251,5.395,5.12,0,0.01,0.036,0,0,,0,,,,0,,,,,40,40,0,2,3,0,3,3,1,0,1,9,10,11,1,0,2,0,1,0,6224,0.025,0.036,0.007
252,4.353,4.016,0.001,0.014,0.031,0,0,,0,,,,0,,,,,40,40,0,2,3,0,3,3,1,0,1,9,10,11,1,0,2,0,1,0,6224,0.065,0.037,0.005
253,5.923,5.594,0,0.01,0.043,0,0,,0,,,,0,,,,,40,40,0,2,3,0,3,3,1,0,1,9,10,11,1,0,2,0,1,0,6224,0.031,0.042,0.01
254,6.511,6.195,0,0.009,0.055,0,0,,0,,,,0,,,,,40,40,0,2,3,0,3,3,1,0,1,9,10,11,1,0,2,0,1,0,6224,0.027,0.044,0.009
255,5.368,5.111,0,0.01,0.03,0,0,,0,,,,0,,,,,40,40,0,2,3,0,3,3,1,0,1,9,10,11,1,0,2,0,1,0,6224,0.022,0.032,0.006
256,16.288,15.883,0.001,0.013,0.076,0,0,,0,,,,0,,,,,40,40,0,2,3,0,3,3,1,0,1,9,10,11,1,0,2,0,1,0,6224,0.033,0.048,0.011
257,5.591,5.183,0.001,0.012,0.072,0,0,,0,,,,0,,,,,40,40,0,2,3,0,3,3,1,0,1,9,10,11,1,0,2,0,1,0,6224,0.03,0.046,0.012
258,7.613,7.114,0.001,0.015,0.098,0,0,,0,,,,0,,,,,40,40,0,2,3,0,3,3,1,0,1,9,10,11,1,0,2,0,1,0,6224,0.055,0.082,0.011
259,1.973,1.603,0,0.009,0.084,0,0,,0,,,,0,,,,,40,40,0,2,3,0,3,3,1,0,1,9,10,11,1,0,2,0,1,0,6224,0.031,0.057,0.008
260,3.231,2.828,0,0.012,0.065,0,0,,0,,,,0,,,,,40,40,0,2,3,0,3,3,1,0,1,9,10,11,1,0,2,0,1,0,6224,0.04,0.06,0.009
261,5.2,4.807,0.001,0.013,0.063,0,0,,0,,,,0,,,,,40,40,0,2,3,0,3,3,1,0,1,9,10,11,1,0,2,0,1,0,6224,0.045,0.073,0.009
262,6.653,6.332,0.001,0.009,0.064,0,0,,0,,,,0,,,,,40,40,0,2,3,0,3,3,1,0,1,9,10,11,1,0,2,0,1,0,6224,0.027,0.044,0.009
263,5.349,4.964,0,0.01,0.067,0,0,,0,,,,0,,,,,40,40,0,2,3,0,3,3,1,0,1,9,10,11,1,0,2,0,1,0,6224,0.036,0.058,0.01
264,4.921,4.597,0.001,0.009,0.05,0,0,,0,,,,0,,,,,40,40,0,2,3,0,3,3,1,0,1,9,10,11,1,0,2,0,1,0,6224,0.028,0.059,0.008
265,6.761,6.491,0,0.008,0.046,0,0,,0,,,,0,,,,,40,40,0,2,3,0,3,3,1,0,1,9,10,11,1,0,2,0,1,0,6224,0.024,0.039,0.005
266,6.189,5.733,0.001,0.013,0.081,0,0,,0,,,,0,,,,,40,40,0,2,3,0,3,3,1,0,1,9,10,11,1,0,2,0,1,0,6224,0.044,0.068,0.011
267,6.465,6.188,0.001,0.008,0.053,0,0,,0,,,,0,,,,,40,40,0,2,3,0,3,3,1,0,1,9,10,11,1,0,2,0,1,0,6224,0.026,0.043,0.007
268,4.293,4.026,0.001,0.006,0.055,0,0,,0,,,,0,,,,,40,40,0,2,3,0,3,3,1,0,1,9,10,11,1,0,2,0,1,0,6224,0.027,0.061,0.004
269,3.991,3.574,0,0.008,0.087,0,0,,0,,,,0,,,,,40,40,0,2,3,0,3,3,1,0,1,9,10,11,1,0,2,0,1,0,6224,0.029,0.05,0.008
270,3.735,3.062,0.001,0.015,0.105,0,0,,1,156.25,230113280,286674944,1,70948032,70948032,167755776,38823561584,40,40,0,2,3,0,3,3,1,0,1,9,10,11,1,0,2,0,1,0,6224,0.068,0.116,0.013
271,5.555,5.059,0,0.012,0.098,0,0,,0,,,,0,,,,,40,40,0,2,3,0,3,3,1,0,1,9,10,11,1,0,2,0,1,0,6224,0.053,0.095,0.009
272,4.645,4.422,0.001,0.006,0.038,0,0,,0,,,,0,,,,,40,40,0,2,3,0,3,3,1,0,1,9,10,11,1,0,2,0,1,0,6224,0.021,0.033,0.005
273,3.422,3.122,0,0.007,0.062,0,0,,0,,,,0,,,,,40,40,0,2,3,0,3,3,1,0,1,9,10,11,1,0,2,0,1,0,6224,0.027,0.043,0.008
274,3.487,3.139,0,0.011,0.028,0,0,,0,,,,0,,,,,40,40,0,2,3,0,3,3,1,0,1,9,10,11,1,0,2,0,1,0,6224,0.064,0.078,0.004
275,7.78,7.479,0,0.009,0.035,0,0,,0,,,,0,,,,,40,40,0,2,3,0,3,3,1,0,1,9,10,11,1,0,2,0,1,0,6224,0.047,0.064,0.005
276,2.845,2.581,0,0.007,0.026,0,0,,0,,,,0,,,,,40,40,0,2,3,0,3,3,1,0,1,9,10,11,1,0,2,0,1,0,6224,0.042,0.053,0.004
277,6.458,6.087,0,0.013,0.039,0,0,,0,,,,0,,,,,40,40,0,2,3,0,3,3,1,0,1,9,10,11,1,0,2,0,1,0,6224,0.048,0.056,0.009
278,9.941,9.618,0,0.012,0.046,0,0,,0,,,,0,,,,,40,40,0,2,3,0,3,3,1,0,1,9,10,11,1,0,2,0,1,0,6224,0.035,0.034,0.009
279,6.45,6.168,0,0.009,0.045,0,0,,0,,,,0,,,,,40,40,0,2,3,0,3,3,1,0,1,9,10,11,1,0,2,0,1,0,6224,0.022,0.032,0.009
280,7.078,6.649,0.001,0.014,0.076,0,0,,0,,,,0,,,,,40,40,0,2,3,0,3,3,1,0,1,9,10,11,1,0,2,0,1,0,6224,0.042,0.069,0.012
281,6.828,6.327,0.001,0.015,0.081,0,0,,0,,,,0,,,,,40,40,0,2,3,0,3,3,1,0,1,9,10,11,1,0,2,0,1,0,6224,0.047,0.075,0.012
282,8.071,7.684,0.001,0.008,0.068,0,0,,0,,,,0,,,,,40,40,0,2,3,0,3,3,1,0,1,9,10,11,1,0,2,0,1,0,6224,0.065,0.036,0.011
283,6.528,5.657,0.001,0.011,0.08,0,0,,0,,,,0,,,,,40,40,0,2,3,0,3,3,1,0,1,9,10,11,1,0,2,0,1,0,6224,0.025,0.117,0.01
284,4.471,4.065,0.001,0.012,0.049,0,0,,0,,,,0,,,,,40,40,0,2,3,0,3,3,1,0,1,9,10,11,1,0,2,0,1,0,6224,0.053,0.073,0.009
285,6.758,6.48,0,0.008,0.046,0,0,,0,,,,0,,,,,40,40,0,2,3,0,3,3,1,0,1,9,10,11,1,0,2,0,1,0,6224,0.024,0.038,0.008
286,6.374,5.958,0.001,0.013,0.07,0,0,,0,,,,0,,,,,40,40,0,2,3,0,3,3,1,0,1,9,10,11,1,0,2,0,1,0,6224,0.038,0.054,0.011
287,10.083,9.761,0.001,0.01,0.055,0,0,,0,,,,0,,,,,40,40,0,2,3,0,3,3,1,0,1,9,10,11,1,0,2,0,1,0,6224,0.028,0.042,0.008
288,17.88,17.493,0,0.011,0.041,0,0,,0,,,,0,,,,,40,40,0,2,3,0,3,3,1,0,1,9,10,11,1,0,2,0,1,0,6224,0.054,0.049,0.009
289,8.802,8.492,0,0.009,0.042,0,0,,0,,,,0,,,,,40,40,0,2,3,0,3,3,1,0,1,9,10,11,1,0,2,0,1,0,6224,0.027,0.039,0.009
290,6.217,5.904,0.001,0.009,0.054,0,0,,0,,,,0,,,,,40,40,0,2,3,0,3,3,1,0,1,9,10,11,1,0,2,0,1,0,6224,0.027,0.043,0.009
291,5.784,5.376,0.001,0.009,0.082,0,0,,0,,,,0,,,,,40,40,0,2,3,0,3,3,1,0,1,9,10,11,1,0,2,0,1,0,6224,0.031,0.065,0.011
292,4.382,4.015,0.001,0.008,0.04,0,0,,0,,,,0,,,,,40,40,0,2,3,0,3,3,1,0,1,9,10,11,1,0,2,0,1,0,6224,0.027,0.083,0.011
293,6.137,5.825,0,0.009,0.042,0,0,,0,,,,0,,,,,40,40,0,2,3,0,3,3,1,0,1,9,10,11,1,0,2,0,1,0,6224,0.03,0.046,0.009
294,6.021,5.342,0.001,0.012,0.083,0,0,,0,,,,0,,,,,40,40,0,2,3,0,3,3,1,0,1,9,10,11,1,0,2,0,1,0,6224,0.049,0.036,0.008
295,4.583,4.166,0,0.012,0.091,0,0,,0,,,,0,,,,,40,40,0,2,3,0,3,3,1,0,1,9,10,11,1,0,2,0,1,0,6224,0.053,0.04,0.008
296,8.826,8.413,0.001,0.012,0.053,0,0,,0,,,,0,,,,,40,40,0,2,3,0,3,3,1,0,1,9,10,11,1,0,2,0,1,0,6224,0.042,0.047,0.009
297,7.177,6.75,0.001,0.011,0.053,0,0,,0,,,,0,,,,,40,40,0,2,3,0,3,3,1,0,1,9,10,11,1,0,2,0,1,0,6224,0.069,0.049,0.009
298,13.554,13,0.001,0.102,0.084,0,0,,0,,,,0,,,,,40,40,0,2,3,0,3,3,1,0,1,9,10,11,1,0,2,0,1,0,6224,0.054,0.063,0.011
299,7.294,6.929,0,0.01,0.044,0,0,,0,,,,0,,,,,40,40,0,2,3,0,3,3,1,0,1,9,10,11,1,0,2,0,1,0,6224,0.037,0.061,0.01
300,4.944,4.588,0,0.01,0.041,0,0,,1,203.125,230121472,286674944,1,70948032,70948032,167755776,38823561584,40,40,0,2,3,0,3,3,1,0,1,9,10,11,1,0,2,0,1,0,6224,0.041,0.068,0.008
301,5.816,5.363,0.001,0.017,0.06,0,0,,0,,,,0,,,,,40,40,0,2,3,0,3,3,1,0,1,9,10,11,1,0,2,0,1,0,6224,0.059,0.063,0.01
302,6.207,5.873,0,0.008,0.057,0,0,,0,,,,0,,,,,40,40,0,2,3,0,3,3,1,0,1,9,10,11,1,0,2,0,1,0,6224,0.029,0.046,0.01
303,4.786,4.471,0.001,0.008,0.086,0,0,,0,,,,0,,,,,40,40,0,2,3,0,3,3,1,0,1,9,10,11,1,0,2,0,1,0,6224,0.038,0.051,0.006
304,19.306,18.649,0.001,0.015,0.079,0,0,,0,,,,0,,,,,40,40,0,2,3,0,3,3,1,0,1,9,10,11,1,0,2,0,1,0,6224,0.05,0.219,0.011
305,4.573,4.226,0.001,0.011,0.05,0,0,,0,,,,0,,,,,40,40,0,2,3,0,3,3,1,0,1,9,10,11,1,0,2,0,1,0,6224,0.033,0.048,0.009
306,23.552,23.101,0,0.019,0.061,0,0,,0,,,,0,,,,,40,40,0,2,3,0,3,3,1,0,1,9,10,11,1,0,2,0,1,0,6224,0.062,0.044,0.01
307,4.827,4.604,0,0.008,0.042,0,0,,0,,,,0,,,,,40,40,0,2,3,0,3,3,1,0,1,9,10,11,1,0,2,0,1,0,6224,0.02,0.033,0.006
308,5.35,5,0,0.012,0.044,0,0,,0,,,,0,,,,,40,40,0,2,3,0,3,3,1,0,1,9,10,11,1,0,2,0,1,0,6224,0.049,0.079,0.007
309,5.576,5.233,0.001,0.011,0.043,0,0,,0,,,,0,,,,,40,40,0,2,3,0,3,3,1,0,1,9,10,11,1,0,2,0,1,0,6224,0.045,0.095,0.008
310,5.446,5.045,0,0.013,0.056,0,0,,0,,,,0,,,,,40,40,0,2,3,0,3,3,1,0,1,9,10,11,1,0,2,0,1,0,6224,0.051,0.086,0.008
311,4.602,4.32,0,0.008,0.042,0,0,,0,,,,0,,,,,40,40,0,2,3,0,3,3,1,0,1,9,10,11,1,0,2,0,1,0,6224,0.027,0.042,0.007
312,3.613,3.389,0,0.007,0.052,0,0,,0,,,,0,,,,,40,40,0,2,3,0,3,3,1,0,1,9,10,11,1,0,2,0,1,0,6224,0.022,0.036,0.005
313,4.814,3.906,0,0.012,0.095,0,0,,0,,,,0,,,,,40,40,0,2,3,0,3,3,1,0,1,9,10,11,1,0,2,0,1,0,6224,0.049,0.056,0.452
314,3.069,2.562,0.001,0.015,0.084,0,0,,0,,,,0,,,,,40,40,0,2,3,0,3,3,1,0,1,9,10,11,1,0,2,0,1,0,6224,0.055,0.098,0.012
315,3.143,2.596,0.001,0.013,0.102,0,0,,0,,,,0,,,,,40,40,0,2,3,0,3,3,1,0,1,9,10,11,1,0,2,0,1,0,6224,0.056,0.094,0.012
316,2.904,2.437,0.001,0.013,0.053,0,0,,0,,,,0,,,,,40,40,0,2,3,0,3,3,1,0,1,9,10,11,1,0,2,0,1,0,6224,0.053,0.129,0.01
317,3.784,3.395,0,0.009,0.051,0,0,,0,,,,0,,,,,40,40,0,2,3,0,3,3,1,0,1,9,10,11,1,0,2,0,1,0,6224,0.035,0.089,0.009
318,3.125,2.704,0.001,0.012,0.051,0,0,,0,,,,0,,,,,40,40,0,2,3,0,3,3,1,0,1,9,10,11,1,0,2,0,1,0,6224,0.069,0.113,0.007
319,3.02,2.622,0.001,0.01,0.108,0,0,,0,,,,0,,,,,40,40,0,2,3,0,3,3,1,0,1,9,10,11,1,0,2,0,1,0,6224,0.033,0.058,0.008
320,3.304,2.981,0.001,0.01,0.067,0,0,,0,,,,0,,,,,40,40,0,2,3,0,3,3,1,0,1,9,10,11,1,0,2,0,1,0,6224,0.031,0.054,0.007
321,3.149,2.75,0.001,0.01,0.059,0,0,,0,,,,0,,,,,40,40,0,2,3,0,3,3,1,0,1,9,10,11,1,0,2,0,1,0,6224,0.035,0.09,0.009
322,3.297,2.763,0.001,0.014,0.108,0,0,,0,,,,0,,,,,40,40,0,2,3,0,3,3,1,0,1,9,10,11,1,0,2,0,1,0,6224,0.055,0.095,0.011
323,3.31,2.981,0,0.012,0.058,0,0,,0,,,,0,,,,,40,40,0,2,3,0,3,3,1,0,1,9,10,11,1,0,2,0,1,0,6224,0.052,0.041,0.007
324,5.814,5.443,0.001,0.01,0.081,0,0,,0,,,,0,,,,,40,40,0,2,3,0,3,3,1,0,1,9,10,11,1,0,2,0,1,0,6224,0.028,0.068,0.009
325,5.143,4.739,0,0.01,0.041,0,0,,0,,,,0,,,,,40,40,0,2,3,0,3,3,1,0,1,9,10,11,1,0,2,0,1,0,6224,0.029,0.108,0.012
326,4.896,4.514,0.001,0.014,0.045,0,0,,0,,,,0,,,,,40,40,0,2,3,0,3,3,1,0,1,9,10,11,1,0,2,0,1,0,6224,0.061,0.069,0.007
327,4.184,3.804,0,0.01,0.045,0,0,,0,,,,0,,,,,40,40,0,2,3,0,3,3,1,0,1,9,10,11,1,0,2,0,1,0,6224,0.049,0.086,0.008
328,4.882,4.497,0.001,0.013,0.041,0,0,,0,,,,0,,,,,40,40,0,2,3,0,3,3,1,0,1,9,10,11,1,0,2,0,1,0,6224,0.055,0.09,0.007
329,5.862,5.507,0.001,0.009,0.038,0,0,,0,,,,0,,,,,40,40,0,2,3,0,3,3,1,0,1,9,10,11,1,0,2,0,1,0,6224,0.042,0.068,0.009
330,4.726,4.441,0,0.008,0.043,0,0,,1,218.75,230129664,286674944,1,70948032,70948032,167755776,38823561584,40,40,0,2,3,0,3,3,1,0,1,9,10,11,1,0,2,0,1,0,6224,0.036,0.061,0.005
331,5.07,4.762,0,0.011,0.037,0,0,,0,,,,0,,,,,40,40,0,2,3,0,3,3,1,0,1,9,10,11,1,0,2,0,1,0,6224,0.033,0.033,0.008
332,4.492,4.151,0.001,0.01,0.042,0,0,,0,,,,0,,,,,40,40,0,2,3,0,3,3,1,0,1,9,10,11,1,0,2,0,1,0,6224,0.048,0.041,0.006
333,4.991,4.651,0.001,0.006,0.042,0,0,,0,,,,0,,,,,40,40,0,2,3,0,3,3,1,0,1,9,10,11,1,0,2,0,1,0,6224,0.046,0.074,0.01
334,5.34,4.93,0,0.009,0.08,0,0,,0,,,,0,,,,,40,40,0,2,3,0,3,3,1,0,1,9,10,11,1,0,2,0,1,0,6224,0.027,0.042,0.009
335,4.988,4.543,0.001,0.013,0.075,0,0,,0,,,,0,,,,,40,40,0,2,3,0,3,3,1,0,1,9,10,11,1,0,2,0,1,0,6224,0.041,0.069,0.011
336,4.82,4.439,0.001,0.008,0.044,0,0,,0,,,,0,,,,,40,40,0,2,3,0,3,3,1,0,1,9,10,11,1,0,2,0,1,0,6224,0.052,0.062,0.009
337,6.776,6.293,0.001,0.015,0.092,0,0,,0,,,,0,,,,,40,40,0,2,3,0,3,3,1,0,1,9,10,11,1,0,2,0,1,0,6224,0.039,0.063,0.011
338,5.343,4.933,0.001,0.01,0.053,0,0,,0,,,,0,,,,,40,40,0,2,3,0,3,3,1,0,1,9,10,11,1,0,2,0,1,0,6224,0.043,0.071,0.012
339,5.747,5.385,0.001,0.011,0.053,0,0,,0,,,,0,,,,,40,40,0,2,3,0,3,3,1,0,1,9,10,11,1,0,2,0,1,0,6224,0.055,0.037,0.01
340,5.688,5.128,0,0.01,0.074,0,0,,0,,,,0,,,,,40,40,0,2,3,0,3,3,1,0,1,9,10,11,1,0,2,0,1,0,6224,0.099,0.045,0.011
341,4.932,4.546,0,0.012,0.053,0,0,,0,,,,0,,,,,40,40,0,2,3,0,3,3,1,0,1,9,10,11,1,0,2,0,1,0,6224,0.027,0.052,0.011
342,4.597,4.391,0,0.006,0.037,0,0,,0,,,,0,,,,,40,40,0,2,3,0,3,3,1,0,1,9,10,11,1,0,2,0,1,0,6224,0.022,0.039,0.004
343,5.585,5.139,0.001,0.012,0.04,0,0,,0,,,,0,,,,,40,40,0,2,3,0,3,3,1,0,1,9,10,11,1,0,2,0,1,0,6224,0.198,0.038,0.005
344,4.686,4.266,0,0.013,0.049,0,0,,0,,,,0,,,,,40,40,0,2,3,0,3,3,1,0,1,9,10,11,1,0,2,0,1,0,6224,0.056,0.099,0.011
345,9.12,8.687,0,0.016,0.048,0,0,,0,,,,0,,,,,40,40,0,2,3,0,3,3,1,0,1,9,10,11,1,0,2,0,1,0,6224,0.059,0.089,0.008
346,8,7.658,0.001,0.013,0.055,0,0,,0,,,,0,,,,,40,40,0,2,3,0,3,3,1,0,1,9,10,11,1,0,2,0,1,0,6224,0.028,0.047,0.011
347,4.472,4.138,0,0.007,0.097,0,0,,0,,,,0,,,,,40,40,0,2,3,0,3,3,1,0,1,9,10,11,1,0,2,0,1,0,6224,0.022,0.038,0.006
348,6.821,6.307,0.001,0.012,0.105,0,0,,0,,,,0,,,,,40,40,0,2,3,0,3,3,1,0,1,9,10,11,1,0,2,0,1,0,6224,0.053,0.092,0.01
349,4.076,3.718,0.001,0.014,0.057,0,0,,0,,,,0,,,,,40,40,0,2,3,0,3,3,1,0,1,9,10,11,1,0,2,0,1,0,6224,0.029,0.051,0.009
350,4.804,4.383,0.001,0.011,0.046,0,0,,0,,,,0,,,,,40,40,0,2,3,0,3,3,1,0,1,9,10,11,1,0,2,0,1,0,6224,0.052,0.09,0.009
351,4.736,4.306,0.001,0.012,0.043,0,0,,0,,,,0,,,,,40,40,0,2,3,0,3,3,1,0,1,9,10,11,1,0,2,0,1,0,6224,0.056,0.098,0.009
352,5.381,4.759,0,0.01,0.116,0,0,,0,,,,0,,,,,40,40,0,2,3,0,3,3,1,0,1,9,10,11,1,0,2,0,1,0,6224,0.027,0.072,0.009
353,4.975,4.392,0.001,0.016,0.097,0,0,,0,,,,0,,,,,40,40,0,2,3,0,3,3,1,0,1,9,10,11,1,0,2,0,1,0,6224,0.057,0.097,0.014
354,5.405,4.836,0.001,0.012,0.112,0,0,,0,,,,0,,,,,40,40,0,2,3,0,3,3,1,0,1,9,10,11,1,0,2,0,1,0,6224,0.062,0.103,0.011
355,4.466,4.032,0,0.012,0.084,0,0,,0,,,,0,,,,,40,40,0,2,3,0,3,3,1,0,1,9,10,11,1,0,2,0,1,0,6224,0.03,0.072,0.011
356,5.528,5.142,0,0.01,0.045,0,0,,0,,,,0,,,,,40,40,0,2,3,0,3,3,1,0,1,9,10,11,1,0,2,0,1,0,6224,0.039,0.062,0.01
357,5.036,4.679,0.001,0.01,0.073,0,0,,0,,,,0,,,,,40,40,0,2,3,0,3,3,1,0,1,9,10,11,1,0,2,0,1,0,6224,0.027,0.052,0.01
358,5.855,5.195,0.001,0.015,0.067,0,0,,0,,,,0,,,,,40,40,0,2,3,0,3,3,1,0,1,9,10,11,1,0,2,0,1,0,6224,0.06,0.106,0.012
359,4.547,4.079,0.001,0.014,0.093,0,0,,0,,,,0,,,,,40,40,0,2,3,0,3,3,1,0,1,9,10,11,1,0,2,0,1,0,6224,0.038,0.06,0.009
360,5.39,5.079,0,0.012,0.051,0,0,,1,234.375,230137856,286674944,1,70948032,70948032,167755776,38823561584,40,40,0,2,3,0,3,3,1,0,1,9,10,11,1,0,2,0,1,0,6224,0.028,0.042,0.007
361,7.319,6.706,0.001,0.014,0.138,0,0,,0,,,,0,,,,,40,40,0,2,3,0,3,3,1,0,1,9,10,11,1,0,2,0,1,0,6224,0.047,0.085,0.015
362,5.517,5.15,0.001,0.011,0.061,0,0,,0,,,,0,,,,,40,40,0,2,3,0,3,3,1,0,1,9,10,11,1,0,2,0,1,0,6224,0.028,0.051,0.009
363,5.343,4.959,0.001,0.012,0.067,0,0,,0,,,,0,,,,,40,40,0,2,3,0,3,3,1,0,1,9,10,11,1,0,2,0,1,0,6224,0.035,0.053,0.01
364,5.383,4.956,0.001,0.013,0.064,0,0,,0,,,,0,,,,,40,40,0,2,3,0,3,3,1,0,1,9,10,11,1,0,2,0,1,0,6224,0.036,0.074,0.011
365,5.284,4.9,0.001,0.014,0.034,0,0,,0,,,,0,,,,,40,40,0,2,3,0,3,3,1,0,1,9,10,11,1,0,2,0,1,0,6224,0.062,0.057,0.008
366,6.588,6.243,0.001,0.01,0.043,0,0,,0,,,,0,,,,,40,40,0,2,3,0,3,3,1,0,1,9,10,11,1,0,2,0,1,0,6224,0.068,0.076,0.004
367,6.683,6.334,0,0.01,0.051,0,0,,0,,,,0,,,,,40,40,0,2,3,0,3,3,1,0,1,9,10,11,1,0,2,0,1,0,6224,0.042,0.075,0.008
368,6.065,5.282,0,0.008,0.049,0,0,,0,,,,0,,,,,40,40,0,2,3,0,3,3,1,0,1,9,10,11,1,0,2,0,1,0,6224,0.038,0.068,0.006
369,5.068,4.558,0.001,0.012,0.137,0,0,,0,,,,0,,,,,40,40,0,2,3,0,3,3,1,0,1,9,10,11,1,0,2,0,1,0,6224,0.045,0.075,0.01
370,5.908,5.247,0.001,0.054,0.103,0,0,,0,,,,0,,,,,40,40,0,2,3,0,3,3,1,0,1,9,10,11,1,0,2,0,1,0,6224,0.063,0.107,0.013
371,5.036,4.717,0,0.016,0.05,0,0,,0,,,,0,,,,,40,40,0,2,3,0,3,3,1,0,1,9,10,11,1,0,2,0,1,0,6224,0.027,0.044,0.009
372,6.763,6.361,0,0.013,0.065,0,0,,0,,,,0,,,,,40,40,0,2,3,0,3,3,1,0,1,9,10,11,1,0,2,0,1,0,6224,0.036,0.06,0.012
373,7.737,7.222,0.001,0.014,0.091,0,0,,0,,,,0,,,,,40,40,0,2,3,0,3,3,1,0,1,9,10,11,1,0,2,0,1,0,6224,0.047,0.076,0.013
374,5.935,5.564,0.001,0.008,0.055,0,0,,0,,,,0,,,,,40,40,0,2,3,0,3,3,1,0,1,9,10,11,1,0,2,0,1,0,6224,0.028,0.046,0.009
375,33.005,32.547,0,0.015,0.088,0,0,,0,,,,0,,,,,40,40,0,2,3,0,3,3,1,0,1,9,10,11,1,0,2,0,1,0,6224,0.037,0.061,0.011
376,31.958,31.42,0,0.015,0.074,0,0,,0,,,,0,,,,,40,40,0,2,3,0,3,3,1,0,1,9,10,11,1,0,2,0,1,0,6224,0.063,0.107,0.013
377,6.76,6.35,0.001,0.017,0.101,0,0,,0,,,,0,,,,,40,40,0,2,3,0,3,3,1,0,1,9,10,11,1,0,2,0,1,0,6224,0.033,0.058,0.01
378,4.356,3.887,0.001,0.018,0.066,0,0,,0,,,,0,,,,,40,40,0,2,3,0,3,3,1,0,1,9,10,11,1,0,2,0,1,0,6224,0.039,0.067,0.012
379,4.476,4.153,0,0.011,0.037,0,0,,0,,,,0,,,,,40,40,0,2,3,0,3,3,1,0,1,9,10,11,1,0,2,0,1,0,6224,0.077,0.054,0.004
380,3.001,2.719,0,0.008,0.029,0,0,,0,,,,0,,,,,40,40,0,2,3,0,3,3,1,0,1,9,10,11,1,0,2,0,1,0,6224,0.074,0.054,0.002
381,4.063,3.645,0,0.01,0.035,0,0,,0,,,,0,,,,,40,40,0,2,3,0,3,3,1,0,1,9,10,11,1,0,2,0,1,0,6224,0.052,0.2,0.003
382,3.027,2.665,0,0.009,0.027,0,0,,0,,,,0,,,,,40,40,0,2,3,0,3,3,1,0,1,9,10,11,1,0,2,0,1,0,6224,0.054,0.092,0.006
383,3.234,2.756,0.001,0.016,0.075,0,0,,0,,,,0,,,,,40,40,0,2,3,0,3,3,1,0,1,9,10,11,1,0,2,0,1,0,6224,0.088,0.055,0.011
384,20.713,20.305,0,0.01,0.047,0,0,,0,,,,0,,,,,40,40,0,2,3,0,3,3,1,0,1,9,10,11,1,0,2,0,1,0,6224,0.042,0.073,0.012
385,33.62,33.294,0,0.01,0.06,0,0,,0,,,,0,,,,,40,40,0,2,3,0,3,3,1,0,1,9,10,11,1,0,2,0,1,0,6224,0.024,0.036,0.01
386,6.644,6.018,0,0.012,0.205,0,0,,0,,,,0,,,,,40,40,0,2,3,0,3,3,1,0,1,9,10,11,1,0,2,0,1,0,6224,0.044,0.106,0.014
387,4.821,4.406,0.001,0.012,0.079,0,0,,0,,,,0,,,,,40,40,0,2,3,0,3,3,1,0,1,9,10,11,1,0,2,0,1,0,6224,0.035,0.059,0.011
388,5.913,5.441,0,0.011,0.057,0,0,,0,,,,0,,,,,40,40,0,2,3,0,3,3,1,0,1,9,10,11,1,0,2,0,1,0,6224,0.028,0.043,0.009
389,5.863,5.138,0.001,0.015,0.064,0,0,,0,,,,0,,,,,40,40,0,2,3,0,3,3,1,0,1,9,10,11,1,0,2,0,1,0,6224,0.301,0.096,0.012
390,4.977,4.507,0,0.014,0.052,0,0,,1,265.625,230146048,286674944,1,70948032,70948032,167755776,38823561584,40,40,0,2,3,0,3,3,1,0,1,9,10,11,1,0,2,0,1,0,6224,0.056,0.1,0.011
391,5.221,4.968,0,0.005,0.07,0,0,,0,,,,0,,,,,40,40,0,2,3,0,3,3,1,0,1,9,10,11,1,0,2,0,1,0,6224,0.02,0.034,0.006
392,4.439,4.157,0,0.007,0.05,0,0,,0,,,,0,,,,,40,40,0,2,3,0,3,3,1,0,1,9,10,11,1,0,2,0,1,0,6224,0.028,0.041,0.007
393,3.485,3.154,0,0.008,0.058,0,0,,0,,,,0,,,,,40,40,0,2,3,0,3,3,1,0,1,9,10,11,1,0,2,0,1,0,6224,0.027,0.042,0.007
394,3.13,2.868,0.001,0.008,0.046,0,0,,0,,,,0,,,,,40,40,0,2,3,0,3,3,1,0,1,9,10,11,1,0,2,0,1,0,6224,0.028,0.046,0.005
395,3.277,2.95,0.001,0.007,0.05,0,0,,0,,,,0,,,,,40,40,0,2,3,0,3,3,1,0,1,9,10,11,1,0,2,0,1,0,6224,0.037,0.056,0.005
396,5.452,5.059,0,0.008,0.056,0,0,,0,,,,0,,,,,40,40,0,2,3,0,3,3,1,0,1,9,10,11,1,0,2,0,1,0,6224,0.025,0.083,0.011
397,6.037,5.63,0.001,0.016,0.048,0,0,,0,,,,0,,,,,40,40,0,2,3,0,3,3,1,0,1,9,10,11,1,0,2,0,1,0,6224,0.06,0.043,0.008
398,4.949,4.646,0,0.011,0.035,0,0,,0,,,,0,,,,,40,40,0,2,3,0,3,3,1,0,1,9,10,11,1,0,2,0,1,0,6224,0.055,0.057,0.005
399,6.601,6.327,0,0.008,0.034,0,0,,0,,,,0,,,,,40,40,0,2,3,0,3,3,1,0,1,9,10,11,1,0,2,0,1,0,6224,0.045,0.06,0.004
400,3.798,3.444,0.001,0.009,0.042,0,0,,0,,,,0,,,,,40,40,0,2,3,0,3,3,1,0,1,9,10,11,1,0,2,0,1,0,6224,0.048,0.085,0.006
401,3.031,2.696,0,0.008,0.035,0,0,,0,,,,0,,,,,40,40,0,2,3,0,3,3,1,0,1,9,10,11,1,0,2,0,1,0,6224,0.043,0.07,0.008
402,4.049,3.585,0.001,0.014,0.062,0,0,,0,,,,0,,,,,40,40,0,2,3,0,3,3,1,0,1,9,10,11,1,0,2,0,1,0,6224,0.055,0.075,0.009
403,2.893,2.561,0.001,0.009,0.043,0,0,,0,,,,0,,,,,40,40,0,2,3,0,3,3,1,0,1,9,10,11,1,0,2,0,1,0,6224,0.105,0.037,0.005
404,3.489,3.16,0.001,0.008,0.033,0,0,,0,,,,0,,,,,40,40,0,2,3,0,3,3,1,0,1,9,10,11,1,0,2,0,1,0,6224,0.049,0.085,0.004
405,3.325,2.776,0.001,0.008,0.061,0,0,,0,,,,0,,,,,40,40,0,2,3,0,3,3,1,0,1,9,10,11,1,0,2,0,1,0,6224,0.036,0.057,0.006
406,3.276,2.923,0,0.011,0.056,0,0,,0,,,,0,,,,,40,40,0,2,3,0,3,3,1,0,1,9,10,11,1,0,2,0,1,0,6224,0.039,0.065,0.009
407,6.205,5.928,0,0.007,0.041,0,0,,0,,,,0,,,,,40,40,0,2,3,0,3,3,1,0,1,9,10,11,1,0,2,0,1,0,6224,0.043,0.036,0.006
408,5.833,5.563,0.001,0.008,0.042,0,0,,0,,,,0,,,,,40,40,0,2,3,0,3,3,1,0,1,9,10,11,1,0,2,0,1,0,6224,0.026,0.036,0.008
409,4.125,3.705,0.001,0.015,0.036,0,0,,0,,,,0,,,,,40,40,0,2,3,0,3,3,1,0,1,9,10,11,1,0,2,0,1,0,6224,0.063,0.07,0.011
410,4.86,4.521,0,0.01,0.03,0,0,,0,,,,0,,,,,40,40,0,2,3,0,3,3,1,0,1,9,10,11,1,0,2,0,1,0,6224,0.052,0.083,0.008
411,4.26,3.894,0,0.015,0.048,0,0,,0,,,,0,,,,,40,40,0,2,3,0,3,3,1,0,1,9,10,11,1,0,2,0,1,0,6224,0.051,0.044,0.009
412,3.191,2.747,0.001,0.012,0.084,0,0,,0,,,,0,,,,,40,40,0,2,3,0,3,3,1,0,1,9,10,11,1,0,2,0,1,0,6224,0.042,0.074,0.011
413,2.571,2.196,0.001,0.012,0.037,0,0,,0,,,,0,,,,,40,40,0,2,3,0,3,3,1,0,1,9,10,11,1,0,2,0,1,0,6224,0.058,0.1,0.006
414,3.851,3.553,0.001,0.008,0.044,0,0,,0,,,,0,,,,,40,40,0,2,3,0,3,3,1,0,1,9,10,11,1,0,2,0,1,0,6224,0.046,0.073,0.004
415,2.889,2.592,0,0.006,0.065,0,0,,0,,,,0,,,,,40,40,0,2,3,0,3,3,1,0,1,9,10,11,1,0,2,0,1,0,6224,0.039,0.072,0.004
416,2.271,2.005,0,0.005,0.051,0,0,,0,,,,0,,,,,40,40,0,2,3,0,3,3,1,0,1,9,10,11,1,0,2,0,1,0,6224,0.036,0.065,0.004
417,3.277,2.923,0,0.006,0.03,0,0,,0,,,,0,,,,,40,40,0,2,3,0,3,3,1,0,1,9,10,11,1,0,2,0,1,0,6224,0.038,0.103,0.008
418,2.836,2.533,0.001,0.006,0.06,0,0,,0,,,,0,,,,,40,40,0,2,3,0,3,3,1,0,1,9,10,11,1,0,2,0,1,0,6224,0.029,0.053,0.006
419,2.075,1.771,0,0.007,0.061,0,0,,0,,,,0,,,,,40,40,0,2,3,0,3,3,1,0,1,9,10,11,1,0,2,0,1,0,6224,0.031,0.055,0.005
420,2.601,2.289,0.001,0.008,0.042,0,0,,1,281.25,230154240,286674944,1,70948032,70948032,167755776,38823561584,40,40,0,2,3,0,3,3,1,0,1,9,10,11,1,0,2,0,1,0,6224,0.037,0.058,0.007
421,2.377,2.042,0.001,0.011,0.043,0,0,,0,,,,0,,,,,40,40,0,2,3,0,3,3,1,0,1,9,10,11,1,0,2,0,1,0,6224,0.042,0.058,0.007
422,2.708,2.419,0.001,0.006,0.049,0,0,,0,,,,0,,,,,40,40,0,2,3,0,3,3,1,0,1,9,10,11,1,0,2,0,1,0,6224,0.035,0.06,0.005
423,3.717,3.317,0,0.012,0.086,0,0,,0,,,,0,,,,,40,40,0,2,3,0,3,3,1,0,1,9,10,11,1,0,2,0,1,0,6224,0.031,0.051,0.01
424,3.116,2.714,0.001,0.013,0.05,0,0,,0,,,,0,,,,,40,40,0,2,3,0,3,3,1,0,1,9,10,11,1,0,2,0,1,0,6224,0.044,0.076,0.011
425,2.924,2.604,0,0.008,0.039,0,0,,0,,,,0,,,,,40,40,0,2,3,0,3,3,1,0,1,9,10,11,1,0,2,0,1,0,6224,0.041,0.069,0.007
426,3.862,3.534,0,0.009,0.043,0,0,,0,,,,0,,,,,40,40,0,2,3,0,3,3,1,0,1,9,10,11,1,0,2,0,1,0,6224,0.045,0.075,0.008
427,3.171,2.748,0,0.013,0.053,0,0,,0,,,,0,,,,,40,40,0,2,3,0,3,3,1,0,1,9,10,11,1,0,2,0,1,0,6224,0.065,0.109,0.005
428,3.342,3.112,0,0.006,0.037,0,0,,0,,,,0,,,,,40,40,0,2,3,0,3,3,1,0,1,9,10,11,1,0,2,0,1,0,6224,0.022,0.058,0.004
429,3.394,2.94,0.001,0.015,0.049,0,0,,0,,,,0,,,,,40,40,0,2,3,0,3,3,1,0,1,9,10,11,1,0,2,0,1,0,6224,0.067,0.074,0.009
430,2.992,2.629,0,0.011,0.04,0,0,,0,,,,0,,,,,40,40,0,2,3,0,3,3,1,0,1,9,10,11,1,0,2,0,1,0,6224,0.059,0.101,0.005
431,3.552,3.257,0.001,0.011,0.041,0,0,,0,,,,0,,,,,40,40,0,2,3,0,3,3,1,0,1,9,10,11,1,0,2,0,1,0,6224,0.059,0.053,0.003
432,5.898,5.618,0,0.011,0.044,0,0,,0,,,,0,,,,,40,40,0,2,3,0,3,3,1,0,1,9,10,11,1,0,2,0,1,0,6224,0.029,0.049,0.004
433,5.214,4.856,0,0.01,0.035,0,0,,0,,,,0,,,,,40,40,0,2,3,0,3,3,1,0,1,9,10,11,1,0,2,0,1,0,6224,0.055,0.092,0.007
434,5.112,4.776,0.001,0.014,0.034,0,0,,0,,,,0,,,,,40,40,0,2,3,0,3,3,1,0,1,9,10,11,1,0,2,0,1,0,6224,0.041,0.048,0.008
435,3.67,3.469,0,0.004,0.037,0,0,,0,,,,0,,,,,40,40,0,2,3,0,3,3,1,0,1,9,10,11,1,0,2,0,1,0,6224,0.027,0.045,0.004
436,2.828,2.599,0,0.006,0.04,0,0,,0,,,,0,,,,,40,40,0,2,3,0,3,3,1,0,1,9,10,11,1,0,2,0,1,0,6224,0.028,0.046,0.004
437,2.258,1.908,0,0.007,0.057,0,0,,0,,,,0,,,,,40,40,0,2,3,0,3,3,1,0,1,9,10,11,1,0,2,0,1,0,6224,0.027,0.043,0.008
438,2.246,1.999,0,0.009,0.036,0,0,,0,,,,0,,,,,40,40,0,2,3,0,3,3,1,0,1,9,10,11,1,0,2,0,1,0,6224,0.026,0.039,0.005
439,2.56,2.345,0,0.006,0.037,0,0,,0,,,,0,,,,,40,40,0,2,3,0,3,3,1,0,1,9,10,11,1,0,2,0,1,0,6224,0.029,0.05,0.003
440,2.351,2.144,0,0.005,0.034,0,0,,0,,,,0,,,,,40,40,0,2,3,0,3,3,1,0,1,9,10,11,1,0,2,0,1,0,6224,0.033,0.054,0.003
441,2.321,2.152,0,0.004,0.033,0,0,,0,,,,0,,,,,40,40,0,2,3,0,3,3,1,0,1,9,10,11,1,0,2,0,1,0,6224,0.027,0.044,0.002
442,2.548,2.213,0,0.005,0.052,0,0,,0,,,,0,,,,,40,40,0,2,3,0,3,3,1,0,1,9,10,11,1,0,2,0,1,0,6224,0.021,0.032,0.004
443,3.093,2.179,0,0.01,0.086,0,0,,0,,,,0,,,,,40,40,0,2,3,0,3,3,1,0,1,9,10,11,1,0,2,0,1,0,6224,0.04,0.081,0.012
444,1.9,1.468,0.001,0.012,0.07,0,0,,0,,,,0,,,,,40,40,0,2,3,0,3,3,1,0,1,9,10,11,1,0,2,0,1,0,6224,0.043,0.073,0.01
445,2.42,2.121,0,0.006,0.025,0,0,,0,,,,0,,,,,40,40,0,2,3,0,3,3,1,0,1,9,10,11,1,0,2,0,1,0,6224,0.038,0.065,0.006
446,6.143,5.841,0.001,0.007,0.051,0,0,,0,,,,0,,,,,40,40,0,2,3,0,3,3,1,0,1,9,10,11,1,0,2,0,1,0,6224,0.034,0.054,0.005
447,2.475,2.171,0,0.008,0.043,0,0,,0,,,,0,,,,,40,40,0,2,3,0,3,3,1,0,1,9,10,11,1,0,2,0,1,0,6224,0.033,0.052,0.006
448,3.418,2.599,0,0.01,0.082,0,0,,0,,,,0,,,,,40,40,0,2,3,0,3,3,1,0,1,9,10,11,1,0,2,0,1,0,6224,0.04,0.062,0.007
449,1.803,1.556,0.001,0.008,0.025,0,0,,0,,,,0,,,,,40,40,0,2,3,0,3,3,1,0,1,9,10,11,1,0,2,0,1,0,6224,0.028,0.038,0.007
450,5.448,5.164,0,0.009,0.03,0,0,,1,296.875,230223872,286674944,1,70948032,70948032,167755776,38823561584,40,40,0,2,3,0,3,3,1,0,1,9,10,11,1,0,2,0,1,0,6224,0.041,0.045,0.006
451,8.096,7.78,0,0.012,0.037,0,0,,0,,,,0,,,,,40,40,0,2,3,0,3,3,1,0,1,9,10,11,1,0,2,0,1,0,6224,0.045,0.035,0.007
452,6.078,5.731,0,0.01,0.038,0,0,,0,,,,0,,,,,40,40,0,2,3,0,3,3,1,0,1,9,10,11,1,0,2,0,1,0,6224,0.047,0.045,0.01
453,5.773,5.299,0.001,0.014,0.076,0,0,,0,,,,0,,,,,40,40,0,2,3,0,3,3,1,0,1,9,10,11,1,0,2,0,1,0,6224,0.05,0.082,0.009
454,4.618,4.27,0,0.009,0.031,0,0,,0,,,,0,,,,,40,40,0,2,3,0,3,3,1,0,1,9,10,11,1,0,2,0,1,0,6224,0.055,0.087,0.006
455,3.66,3.003,0,0.054,0.147,0,0,,0,,,,0,,,,,40,40,0,2,3,0,3,3,1,0,1,9,10,11,1,0,2,0,1,0,6224,0.058,0.095,0.012
456,2.388,2.086,0.001,0.006,0.031,0,0,,0,,,,0,,,,,40,40,0,2,3,0,3,3,1,0,1,9,10,11,1,0,2,0,1,0,6224,0.026,0.06,0.008
457,2.848,2.507,0,0.008,0.038,0,0,,0,,,,0,,,,,40,40,0,2,3,0,3,3,1,0,1,9,10,11,1,0,2,0,1,0,6224,0.043,0.068,0.007
458,3.391,3.021,0,0.009,0.036,0,0,,0,,,,0,,,,,40,40,0,2,3,0,3,3,1,0,1,9,10,11,1,0,2,0,1,0,6224,0.056,0.093,0.009
459,5.866,5.02,0.001,0.011,0.112,0,0,,0,,,,0,,,,,40,40,0,2,3,0,3,3,1,0,1,9,10,11,1,0,2,0,1,0,6224,0.118,0.088,0.259
460,1.592,1.336,0.001,0.006,0.043,0,0,,0,,,,0,,,,,40,40,0,2,3,0,3,3,1,0,1,9,10,11,1,0,2,0,1,0,6224,0.028,0.042,0.006
461,2.215,1.927,0,0.007,0.024,0,0,,0,,,,0,,,,,40,40,0,2,3,0,3,3,1,0,1,9,10,11,1,0,2,0,1,0,6224,0.043,0.076,0.006
462,2.279,2.019,0,0.006,0.039,0,0,,0,,,,0,,,,,40,40,0,2,3,0,3,3,1,0,1,9,10,11,1,0,2,0,1,0,6224,0.033,0.055,0.004
463,3.204,2.959,0.001,0.006,0.023,0,0,,0,,,,0,,,,,40,40,0,2,3,0,3,3,1,0,1,9,10,11,1,0,2,0,1,0,6224,0.044,0.074,0.004
464,2.759,2.497,0,0.005,0.025,0,0,,0,,,,0,,,,,40,40,0,2,3,0,3,3,1,0,1,9,10,11,1,0,2,0,1,0,6224,0.039,0.071,0.004
465,4.474,3.742,0,0.006,0.09,0,0,,0,,,,0,,,,,40,40,0,2,3,0,3,3,1,0,1,9,10,11,1,0,2,0,1,0,6224,0.055,0.288,0.016
466,2.774,2.459,0.001,0.011,0.03,0,0,,0,,,,0,,,,,40,40,0,2,3,0,3,3,1,0,1,9,10,11,1,0,2,0,1,0,6224,0.039,0.057,0.008
467,2.979,2.759,0,0.006,0.036,0,0,,0,,,,0,,,,,40,40,0,2,3,0,3,3,1,0,1,9,10,11,1,0,2,0,1,0,6224,0.03,0.051,0.003
468,3.488,3.19,0,0.006,0.046,0,0,,0,,,,0,,,,,40,40,0,2,3,0,3,3,1,0,1,9,10,11,1,0,2,0,1,0,6224,0.024,0.037,0.005
469,3.915,3.543,0.001,0.008,0.035,0,0,,0,,,,0,,,,,40,40,0,2,3,0,3,3,1,0,1,9,10,11,1,0,2,0,1,0,6224,0.051,0.083,0.01
470,5.785,5.509,0,0.007,0.03,0,0,,0,,,,0,,,,,40,40,0,2,3,0,3,3,1,0,1,9,10,11,1,0,2,0,1,0,6224,0.025,0.039,0.008
471,2.844,2.56,0.001,0.006,0.023,0,0,,0,,,,0,,,,,40,40,0,2,3,0,3,3,1,0,1,9,10,11,1,0,2,0,1,0,6224,0.032,0.119,0.005
472,3.278,3.001,0,0.008,0.03,0,0,,0,,,,0,,,,,40,40,0,2,3,0,3,3,1,0,1,9,10,11,1,0,2,0,1,0,6224,0.051,0.042,0.004
473,4.142,3.851,0,0.013,0.033,0,0,,0,,,,0,,,,,40,40,0,2,3,0,3,3,1,0,1,9,10,11,1,0,2,0,1,0,6224,0.041,0.053,0.005
474,2.727,2.482,0,0.005,0.032,0,0,,0,,,,0,,,,,40,40,0,2,3,0,3,3,1,0,1,9,10,11,1,0,2,0,1,0,6224,0.031,0.051,0.003
475,2.411,2.169,0,0.005,0.033,0,0,,0,,,,0,,,,,40,40,0,2,3,0,3,3,1,0,1,9,10,11,1,0,2,0,1,0,6224,0.023,0.037,0.006
476,3.559,3.37,0,0.005,0.028,0,0,,0,,,,0,,,,,40,40,0,2,3,0,3,3,1,0,1,9,10,11,1,0,2,0,1,0,6224,0.023,0.039,0.004
477,5.771,5.434,0.001,0.008,0.044,0,0,,0,,,,0,,,,,40,40,0,2,3,0,3,3,1,0,1,9,10,11,1,0,2,0,1,0,6224,0.036,0.058,0.008
478,3.291,2.926,0,0.008,0.029,0,0,,0,,,,0,,,,,40,40,0,2,3,0,3,3,1,0,1,9,10,11,1,0,2,0,1,0,6224,0.096,0.039,0.006
479,4.767,4.474,0.001,0.007,0.031,0,0,,0,,,,0,,,,,40,40,0,2,3,0,3,3,1,0,1,9,10,11,1,0,2,0,1,0,6224,0.024,0.037,0.007
480,4.928,4.592,0,0.009,0.031,0,0,,1,312.5,230223872,286674944,1,70948032,70948032,167755776,38823561584,40,40,0,2,3,0,3,3,1,0,1,9,10,11,1,0,2,0,1,0,6224,0.05,0.039,0.005
481,5.819,5.562,0.001,0.007,0.061,0,0,,0,,,,0,,,,,40,40,0,2,3,0,3,3,1,0,1,9,10,11,1,0,2,0,1,0,6224,0.021,0.031,0.006
482,5.65,5.008,0.001,0.009,0.091,0,0,,0,,,,0,,,,,40,40,0,2,3,0,3,3,1,0,1,9,10,11,1,0,2,0,1,0,6224,0.033,0.122,0.013
483,6.753,6.434,0,0.008,0.043,0,0,,0,,,,0,,,,,40,40,0,2,3,0,3,3,1,0,1,9,10,11,1,0,2,0,1,0,6224,0.021,0.057,0.011
484,5.332,4.799,0.001,0.008,0.261,0,0,,0,,,,0,,,,,40,40,0,2,3,0,3,3,1,0,1,9,10,11,1,0,2,0,1,0,6224,0.026,0.039,0.008
485,13.449,13.056,0.001,0.008,0.048,0,0,,0,,,,0,,,,,40,40,0,2,3,0,3,3,1,0,1,9,10,11,1,0,2,0,1,0,6224,0.039,0.037,0.009
486,7.484,6.957,0.001,0.042,0.118,0,0,,0,,,,0,,,,,40,40,0,2,3,0,3,3,1,0,1,9,10,11,1,0,2,0,1,0,6224,0.038,0.064,0.011
487,5.358,4.782,0.001,0.015,0.12,0,0,,0,,,,0,,,,,40,40,0,2,3,0,3,3,1,0,1,9,10,11,1,0,2,0,1,0,6224,0.054,0.09,0.013
488,5.103,4.775,0,0.007,0.068,0,0,,0,,,,0,,,,,40,40,0,2,3,0,3,3,1,0,1,9,10,11,1,0,2,0,1,0,6224,0.031,0.051,0.008
489,16.386,16.056,0,0.01,0.042,0,0,,0,,,,0,,,,,40,40,0,2,3,0,3,3,1,0,1,9,10,11,1,0,2,0,1,0,6224,0.028,0.043,0.011
490,14.63,14.228,0.001,0.012,0.042,0,0,,0,,,,0,,,,,40,40,0,2,3,0,3,3,1,0,1,9,10,11,1,0,2,0,1,0,6224,0.046,0.08,0.01
491,17.604,17.263,0.001,0.012,0.055,0,0,,0,,,,0,,,,,40,40,0,2,3,0,3,3,1,0,1,9,10,11,1,0,2,0,1,0,6224,0.026,0.044,0.009
492,5.035,4.666,0,0.012,0.056,0,0,,0,,,,0,,,,,40,40,0,2,3,0,3,3,1,0,1,9,10,11,1,0,2,0,1,0,6224,0.031,0.05,0.011
493,6.381,6.039,0,0.011,0.055,0,0,,0,,,,0,,,,,40,40,0,2,3,0,3,3,1,0,1,9,10,11,1,0,2,0,1,0,6224,0.031,0.051,0.01
494,7.311,6.72,0.001,0.008,0.072,0,0,,0,,,,0,,,,,40,40,0,2,3,0,3,3,1,0,1,9,10,11,1,0,2,0,1,0,6224,0.026,0.041,0.011
495,7.622,7.175,0.001,0.014,0.084,0,0,,0,,,,0,,,,,40,40,0,2,3,0,3,3,1,0,1,9,10,11,1,0,2,0,1,0,6224,0.035,0.054,0.028
496,5.259,4.958,0,0.009,0.05,0,0,,0,,,,0,,,,,40,40,0,2,3,0,3,3,1,0,1,9,10,11,1,0,2,0,1,0,6224,0.025,0.043,0.008
497,4.487,3.716,0.001,0.016,0.081,0,0,,0,,,,0,,,,,40,40,0,2,3,0,3,3,1,0,1,9,10,11,1,0,2,0,1,0,6224,0.292,0.076,0.013
498,8.115,7.418,0,0.009,0.124,0,0,,0,,,,0,,,,,40,40,0,2,3,0,3,3,1,0,1,9,10,11,1,0,2,0,1,0,6224,0.043,0.103,0.015
499,3.609,3.182,0,0.013,0.066,0,0,,0,,,,0,,,,,40,40,0,2,3,0,3,3,1,0,1,9,10,11,1,0,2,0,1,0,6224,0.037,0.064,0.01
500,4.383,3.642,0,0.015,0.078,0,0,,0,,,,0,,,,,40,40,0,2,3,0,3,3,1,0,1,9,10,11,1,0,2,0,1,0,6224,0.041,0.057,0.021
501,5.142,4.654,0.001,0.015,0.069,0,0,,0,,,,0,,,,,40,40,0,2,3,0,3,3,1,0,1,9,10,11,1,0,2,0,1,0,6224,0.045,0.075,0.013
502,4.324,3.892,0,0.011,0.073,0,0,,0,,,,0,,,,,40,40,0,2,3,0,3,3,1,0,1,9,10,11,1,0,2,0,1,0,6224,0.036,0.064,0.012
503,23.559,23.176,0.001,0.012,0.073,0,0,,0,,,,0,,,,,40,40,0,2,3,0,3,3,1,0,1,9,10,11,1,0,2,0,1,0,6224,0.028,0.047,0.011
504,5.359,5.006,0.001,0.013,0.055,0,0,,0,,,,0,,,,,40,40,0,2,3,0,3,3,1,0,1,9,10,11,1,0,2,0,1,0,6224,0.029,0.046,0.01
505,4.154,3.898,0,0.006,0.049,0,0,,0,,,,0,,,,,40,40,0,2,3,0,3,3,1,0,1,9,10,11,1,0,2,0,1,0,6224,0.024,0.044,0.005
506,5.103,4.889,0,0.005,0.049,0,0,,0,,,,0,,,,,40,40,0,2,3,0,3,3,1,0,1,9,10,11,1,0,2,0,1,0,6224,0.022,0.038,0.004
507,3.877,3.549,0.001,0.006,0.07,0,0,,0,,,,0,,,,,40,40,0,2,3,0,3,3,1,0,1,9,10,11,1,0,2,0,1,0,6224,0.024,0.042,0.011
508,3.763,3.496,0,0.008,0.043,0,0,,0,,,,0,,,,,40,40,0,2,3,0,3,3,1,0,1,9,10,11,1,0,2,0,1,0,6224,0.026,0.044,0.008
509,3.438,3.114,0.001,0.009,0.058,0,0,,0,,,,0,,,,,40,40,0,2,3,0,3,3,1,0,1,9,10,11,1,0,2,0,1,0,6224,0.033,0.047,0.009
510,3.18,2.908,0.001,0.011,0.045,0,0,,1,312.5,230223872,286674944,1,70948032,70948032,167755776,38823561584,40,40,0,2,3,0,3,3,1,0,1,9,10,11,1,0,2,0,1,0,6224,0.032,0.042,0.006
511,3.006,2.774,0,0.007,0.047,0,0,,0,,,,0,,,,,40,40,0,2,3,0,3,3,1,0,1,9,10,11,1,0,2,0,1,0,6224,0.025,0.041,0.005
512,3.99,3.649,0,0.008,0.074,0,0,,0,,,,0,,,,,40,40,0,2,3,0,3,3,1,0,1,9,10,11,1,0,2,0,1,0,6224,0.029,0.058,0.009
513,2.96,2.706,0,0.007,0.042,0,0,,0,,,,0,,,,,40,40,0,2,3,0,3,3,1,0,1,9,10,11,1,0,2,0,1,0,6224,0.029,0.047,0.006
514,5.505,5.205,0.001,0.009,0.056,0,0,,0,,,,0,,,,,40,40,0,2,3,0,3,3,1,0,1,9,10,11,1,0,2,0,1,0,6224,0.029,0.043,0.008
515,2.767,2.566,0,0.006,0.04,0,0,,0,,,,0,,,,,40,40,0,2,3,0,3,3,1,0,1,9,10,11,1,0,2,0,1,0,6224,0.026,0.032,0.003
516,3.114,2.907,0.001,0.004,0.048,0,0,,0,,,,0,,,,,40,40,0,2,3,0,3,3,1,0,1,9,10,11,1,0,2,0,1,0,6224,0.022,0.036,0.003
517,2.872,2.638,0,0.005,0.045,0,0,,0,,,,0,,,,,40,40,0,2,3,0,3,3,1,0,1,9,10,11,1,0,2,0,1,0,6224,0.027,0.047,0.004
518,4.233,3.929,0.001,0.011,0.051,0,0,,0,,,,0,,,,,40,40,0,2,3,0,3,3,1,0,1,9,10,11,1,0,2,0,1,0,6224,0.032,0.055,0.005
519,2.817,2.541,0,0.006,0.059,0,0,,0,,,,0,,,,,40,40,0,2,3,0,3,3,1,0,1,9,10,11,1,0,2,0,1,0,6224,0.031,0.054,0.005
520,2.449,2.09,0,0.007,0.082,0,0,,0,,,,0,,,,,40,40,0,2,3,0,3,3,1,0,1,9,10,11,1,0,2,0,1,0,6224,0.041,0.072,0.005
521,1.994,1.637,0.001,0.013,0.058,0,0,,0,,,,0,,,,,40,40,0,2,3,0,3,3,1,0,1,9,10,11,1,0,2,0,1,0,6224,0.03,0.045,0.01
522,2.276,1.988,0,0.01,0.032,0,0,,0,,,,0,,,,,40,40,0,2,3,0,3,3,1,0,1,9,10,11,1,0,2,0,1,0,6224,0.036,0.054,0.005
523,4.095,3.794,0.001,0.009,0.039,0,0,,0,,,,0,,,,,40,40,0,2,3,0,3,3,1,0,1,9,10,11,1,0,2,0,1,0,6224,0.028,0.04,0.009
524,2.731,2.554,0,0.005,0.053,0,0,,0,,,,0,,,,,40,40,0,2,3,0,3,3,1,0,1,9,10,11,1,0,2,0,1,0,6224,0.018,0.03,0.003
525,3.05,2.86,0.001,0.004,0.041,0,0,,0,,,,0,,,,,40,40,0,2,3,0,3,3,1,0,1,9,10,11,1,0,2,0,1,0,6224,0.019,0.033,0.004
526,2.4,2.183,0.001,0.006,0.023,0,0,,0,,,,0,,,,,40,40,0,2,3,0,3,3,1,0,1,9,10,11,1,0,2,0,1,0,6224,0.039,0.063,0.004
527,4.576,4.222,0.001,0.015,0.035,0,0,,0,,,,0,,,,,40,40,0,2,3,0,3,3,1,0,1,9,10,11,1,0,2,0,1,0,6224,0.045,0.069,0.01
528,3.225,2.783,0.001,0.011,0.077,0,0,,0,,,,0,,,,,40,40,0,2,3,0,3,3,1,0,1,9,10,11,1,0,2,0,1,0,6224,0.048,0.084,0.008
529,2.922,2.505,0,0.007,0.04,0,0,,0,,,,0,,,,,40,40,0,2,3,0,3,3,1,0,1,9,10,11,1,0,2,0,1,0,6224,0.049,0.08,0.008
530,5.13,4.8,0.001,0.01,0.042,0,0,,0,,,,0,,,,,40,40,0,2,3,0,3,3,1,0,1,9,10,11,1,0,2,0,1,0,6224,0.057,0.04,0.006
531,2.309,2.015,0,0.011,0.033,0,0,,0,,,,0,,,,,40,40,0,2,3,0,3,3,1,0,1,9,10,11,1,0,2,0,1,0,6224,0.038,0.059,0.005
532,2.755,2.515,0,0.006,0.036,0,0,,0,,,,0,,,,,40,40,0,2,3,0,3,3,1,0,1,9,10,11,1,0,2,0,1,0,6224,0.032,0.054,0.003
533,2.544,2.183,0,0.008,0.055,0,0,,0,,,,0,,,,,40,40,0,2,3,0,3,3,1,0,1,9,10,11,1,0,2,0,1,0,6224,0.028,0.04,0.008
534,2.277,2.003,0.001,0.007,0.04,0,0,,0,,,,0,,,,,40,40,0,2,3,0,3,3,1,0,1,9,10,11,1,0,2,0,1,0,6224,0.026,0.043,0.008
535,7.482,7.162,0,0.009,0.045,0,0,,0,,,,0,,,,,40,40,0,2,3,0,3,3,1,0,1,9,10,11,1,0,2,0,1,0,6224,0.035,0.049,0.009
536,5.963,5.499,0.001,0.013,0.097,0,0,,0,,,,0,,,,,40,40,0,2,3,0,3,3,1,0,1,9,10,11,1,0,2,0,1,0,6224,0.042,0.069,0.011
537,6.323,5.949,0.001,0.01,0.034,0,0,,0,,,,0,,,,,40,40,0,2,3,0,3,3,1,0,1,9,10,11,1,0,2,0,1,0,6224,0.041,0.065,0.011
538,5.679,5.208,0,0.013,0.102,0,0,,0,,,,0,,,,,40,40,0,2,3,0,3,3,1,0,1,9,10,11,1,0,2,0,1,0,6224,0.044,0.073,0.01
539,4.143,3.692,0,0.01,0.092,0,0,,0,,,,0,,,,,40,40,0,2,3,0,3,3,1,0,1,9,10,11,1,0,2,0,1,0,6224,0.05,0.086,0.009
540,2.737,2.459,0,0.008,0.046,0,0,,1,343.75,230240256,286695424,1,70948032,70948032,167755776,38823561584,40,40,0,2,3,0,3,3,1,0,1,9,10,11,1,0,2,0,1,0,6224,0.026,0.043,0.007
541,3.287,2.794,0.001,0.011,0.091,0,0,,0,,,,0,,,,,40,40,0,2,3,0,3,3,1,0,1,9,10,11,1,0,2,0,1,0,6224,0.053,0.088,0.01
542,3.575,3.135,0,0.008,0.091,0,0,,0,,,,0,,,,,40,40,0,2,3,0,3,3,1,0,1,9,10,11,1,0,2,0,1,0,6224,0.048,0.085,0.007
543,2.676,2.328,0,0.008,0.061,0,0,,0,,,,0,,,,,40,40,0,2,3,0,3,3,1,0,1,9,10,11,1,0,2,0,1,0,6224,0.038,0.064,0.005
544,15.598,15.243,0,0.011,0.069,0,0,,0,,,,0,,,,,40,40,0,2,3,0,3,3,1,0,1,9,10,11,1,0,2,0,1,0,6224,0.026,0.046,0.01
545,5.647,5.142,0,0.015,0.096,0,0,,0,,,,0,,,,,40,40,0,2,3,0,3,3,1,0,1,9,10,11,1,0,2,0,1,0,6224,0.044,0.077,0.012
546,4.264,3.871,0,0.009,0.044,0,0,,0,,,,0,,,,,40,40,0,2,3,0,3,3,1,0,1,9,10,11,1,0,2,0,1,0,6224,0.041,0.067,0.008
547,6.533,6.279,0,0.008,0.035,0,0,,0,,,,0,,,,,40,40,0,2,3,0,3,3,1,0,1,9,10,11,1,0,2,0,1,0,6224,0.043,0.043,0.005
548,7.241,6.934,0.001,0.007,0.054,0,0,,0,,,,0,,,,,40,40,0,2,3,0,3,3,1,0,1,9,10,11,1,0,2,0,1,0,6224,0.027,0.041,0.009
549,5.2,4.654,0,0.016,0.102,0,0,,0,,,,0,,,,,40,40,0,2,3,0,3,3,1,0,1,9,10,11,1,0,2,0,1,0,6224,0.052,0.089,0.012
550,6.655,6.064,0.001,0.014,0.124,0,0,,0,,,,0,,,,,40,40,0,2,3,0,3,3,1,0,1,9,10,11,1,0,2,0,1,0,6224,0.06,0.104,0.012
551,7.564,7.155,0.001,0.013,0.06,0,0,,0,,,,0,,,,,40,40,0,2,3,0,3,3,1,0,1,9,10,11,1,0,2,0,1,0,6224,0.035,0.061,0.012
552,6.408,6.05,0.001,0.013,0.04,0,0,,0,,,,0,,,,,40,40,0,2,3,0,3,3,1,0,1,9,10,11,1,0,2,0,1,0,6224,0.044,0.061,0.007
553,5.959,5.544,0.001,0.014,0.064,0,0,,0,,,,0,,,,,40,40,0,2,3,0,3,3,1,0,1,9,10,11,1,0,2,0,1,0,6224,0.039,0.06,0.01
554,4.644,4.224,0,0.012,0.041,0,0,,0,,,,0,,,,,40,40,0,2,3,0,3,3,1,0,1,9,10,11,1,0,2,0,1,0,6224,0.047,0.073,0.011
555,6.943,6.639,0,0.007,0.026,0,0,,0,,,,0,,,,,40,40,0,2,3,0,3,3,1,0,1,9,10,11,1,0,2,0,1,0,6224,0.043,0.067,0.008
556,6.777,6.445,0.001,0.008,0.04,0,0,,0,,,,0,,,,,40,40,0,2,3,0,3,3,1,0,1,9,10,11,1,0,2,0,1,0,6224,0.027,0.04,0.009
557,8.529,8.111,0.001,0.011,0.049,0,0,,0,,,,0,,,,,40,40,0,2,3,0,3,3,1,0,1,9,10,11,1,0,2,0,1,0,6224,0.057,0.089,0.009
558,6.634,6.074,0,0.009,0.097,0,0,,0,,,,0,,,,,40,40,0,2,3,0,3,3,1,0,1,9,10,11,1,0,2,0,1,0,6224,0.041,0.143,0.029
559,5.247,4.843,0,0.011,0.042,0,0,,0,,,,0,,,,,40,40,0,2,3,0,3,3,1,0,1,9,10,11,1,0,2,0,1,0,6224,0.042,0.065,0.011
560,22.688,22.177,0.001,0.015,0.079,0,0,,0,,,,0,,,,,40,40,0,2,3,0,3,3,1,0,1,9,10,11,1,0,2,0,1,0,6224,0.055,0.094,0.013
561,3.575,3.269,0.001,0.008,0.041,0,0,,0,,,,0,,,,,40,40,0,2,3,0,3,3,1,0,1,9,10,11,1,0,2,0,1,0,6224,0.025,0.038,0.008
562,5.316,4.914,0.001,0.015,0.048,0,0,,0,,,,0,,,,,40,40,0,2,3,0,3,3,1,0,1,9,10,11,1,0,2,0,1,0,6224,0.052,0.058,0.01
563,6.76,6.443,0.001,0.009,0.044,0,0,,0,,,,0,,,,,40,40,0,2,3,0,3,3,1,0,1,9,10,11,1,0,2,0,1,0,6224,0.036,0.059,0.008
564,2.436,2.051,0,0.009,0.044,0,0,,0,,,,0,,,,,40,40,0,2,3,0,3,3,1,0,1,9,10,11,1,0,2,0,1,0,6224,0.052,0.093,0.005
565,3.224,2.809,0,0.011,0.069,0,0,,0,,,,0,,,,,40,40,0,2,3,0,3,3,1,0,1,9,10,11,1,0,2,0,1,0,6224,0.055,0.069,0.006
566,2.257,1.91,0,0.007,0.046,0,0,,0,,,,0,,,,,40,40,0,2,3,0,3,3,1,0,1,9,10,11,1,0,2,0,1,0,6224,0.049,0.085,0.006
567,2.394,2.048,0,0.009,0.043,0,0,,0,,,,0,,,,,40,40,0,2,3,0,3,3,1,0,1,9,10,11,1,0,2,0,1,0,6224,0.046,0.084,0.007
568,5.318,5.048,0,0.006,0.054,0,0,,0,,,,0,,,,,40,40,0,2,3,0,3,3,1,0,1,9,10,11,1,0,2,0,1,0,6224,0.033,0.051,0.004
569,4.753,4.457,0,0.009,0.057,0,0,,0,,,,0,,,,,40,40,0,2,3,0,3,3,1,0,1,9,10,11,1,0,2,0,1,0,6224,0.053,0.048,0.003
570,3.601,3.246,0.001,0.01,0.053,0,0,,1,375,230240256,286695424,1,70948032,70948032,167755776,38823561584,40,40,0,2,3,0,3,3,1,0,1,9,10,11,1,0,2,0,1,0,6224,0.054,0.091,0.006
571,3.055,2.808,0.001,0.009,0.034,0,0,,0,,,,0,,,,,40,40,0,2,3,0,3,3,1,0,1,9,10,11,1,0,2,0,1,0,6224,0.038,0.042,0.003
572,4.755,4.439,0.001,0.009,0.039,0,0,,0,,,,0,,,,,40,40,0,2,3,0,3,3,1,0,1,9,10,11,1,0,2,0,1,0,6224,0.049,0.082,0.004
573,2.963,2.63,0,0.009,0.035,0,0,,0,,,,0,,,,,40,40,0,2,3,0,3,3,1,0,1,9,10,11,1,0,2,0,1,0,6224,0.051,0.09,0.006
574,3.129,2.789,0,0.008,0.031,0,0,,0,,,,0,,,,,40,40,0,2,3,0,3,3,1,0,1,9,10,11,1,0,2,0,1,0,6224,0.042,0.07,0.007
575,2.248,2.028,0,0.006,0.04,0,0,,0,,,,0,,,,,40,40,0,2,3,0,3,3,1,0,1,9,10,11,1,0,2,0,1,0,6224,0.021,0.033,0.005
576,2.764,2.275,0,0.007,0.069,0,0,,0,,,,0,,,,,40,40,0,2,3,0,3,3,1,0,1,9,10,11,1,0,2,0,1,0,6224,0.026,0.041,0.009
577,3.814,3.355,0.001,0.013,0.074,0,0,,0,,,,0,,,,,40,40,0,2,3,0,3,3,1,0,1,9,10,11,1,0,2,0,1,0,6224,0.042,0.067,0.017
578,2.935,2.673,0,0.007,0.043,0,0,,0,,,,0,,,,,40,40,0,2,3,0,3,3,1,0,1,9,10,11,1,0,2,0,1,0,6224,0.026,0.04,0.005
579,6.133,5.586,0.001,0.016,0.109,0,0,,0,,,,0,,,,,40,40,0,2,3,0,3,3,1,0,1,9,10,11,1,0,2,0,1,0,6224,0.051,0.084,0.012
580,6.162,5.639,0.001,0.016,0.095,0,0,,0,,,,0,,,,,40,40,0,2,3,0,3,3,1,0,1,9,10,11,1,0,2,0,1,0,6224,0.048,0.076,0.013
581,9.122,8.777,0.001,0.009,0.053,0,0,,0,,,,0,,,,,40,40,0,2,3,0,3,3,1,0,1,9,10,11,1,0,2,0,1,0,6224,0.027,0.038,0.01
582,19.765,19.317,0.001,0.014,0.072,0,0,,0,,,,0,,,,,40,40,0,2,3,0,3,3,1,0,1,9,10,11,1,0,2,0,1,0,6224,0.039,0.078,0.012
583,7.9,7.586,0.001,0.008,0.055,0,0,,0,,,,0,,,,,40,40,0,2,3,0,3,3,1,0,1,9,10,11,1,0,2,0,1,0,6224,0.027,0.042,0.009
584,6.195,5.879,0,0.008,0.055,0,0,,0,,,,0,,,,,40,40,0,2,3,0,3,3,1,0,1,9,10,11,1,0,2,0,1,0,6224,0.025,0.063,0.008
585,14.826,14.372,0,0.017,0.077,0,0,,0,,,,0,,,,,40,40,0,2,3,0,3,3,1,0,1,9,10,11,1,0,2,0,1,0,6224,0.038,0.063,0.011
586,2.92,2.561,0,0.009,0.064,0,0,,0,,,,0,,,,,40,40,0,2,3,0,3,3,1,0,1,9,10,11,1,0,2,0,1,0,6224,0.029,0.067,0.012
587,1.905,1.561,0,0.009,0.058,0,0,,0,,,,0,,,,,40,40,0,2,3,0,3,3,1,0,1,9,10,11,1,0,2,0,1,0,6224,0.039,0.064,0.007
588,2.631,2.351,0.001,0.005,0.108,0,0,,0,,,,0,,,,,40,40,0,2,3,0,3,3,1,0,1,9,10,11,1,0,2,0,1,0,6224,0.024,0.039,0.003
589,3.714,3.496,0,0.005,0.049,0,0,,0,,,,0,,,,,40,40,0,2,3,0,3,3,1,0,1,9,10,11,1,0,2,0,1,0,6224,0.022,0.038,0.004
590,4.367,4.149,0,0.006,0.045,0,0,,0,,,,0,,,,,40,40,0,2,3,0,3,3,1,0,1,9,10,11,1,0,2,0,1,0,6224,0.023,0.039,0.004
591,4.494,4.074,0,0.008,0.063,0,0,,0,,,,0,,,,,40,40,0,2,3,0,3,3,1,0,1,9,10,11,1,0,2,0,1,0,6224,0.071,0.068,0.012
592,3.052,2.786,0,0.008,0.048,0,0,,0,,,,0,,,,,40,40,0,2,3,0,3,3,1,0,1,9,10,11,1,0,2,0,1,0,6224,0.025,0.047,0.007
593,5.778,5.514,0.001,0.009,0.052,0,0,,0,,,,0,,,,,40,40,0,2,3,0,3,3,1,0,1,9,10,11,1,0,2,0,1,0,6224,0.026,0.041,0.007
594,3.025,2.791,0,0.006,0.051,0,0,,0,,,,0,,,,,40,40,0,2,3,0,3,3,1,0,1,9,10,11,1,0,2,0,1,0,6224,0.024,0.041,0.004
595,4.658,4.028,0,0.008,0.07,0,0,,0,,,,0,,,,,40,40,0,2,3,0,3,3,1,0,1,9,10,11,1,0,2,0,1,0,6224,0.064,0.062,0.009
596,2.864,2.467,0,0.009,0.046,0,0,,0,,,,0,,,,,40,40,0,2,3,0,3,3,1,0,1,9,10,11,1,0,2,0,1,0,6224,0.053,0.076,0.007
597,4.675,4.37,0.001,0.01,0.034,0,0,,0,,,,0,,,,,40,40,0,2,3,0,3,3,1,0,1,9,10,11,1,0,2,0,1,0,6224,0.035,0.067,0.007
598,3.077,2.841,0,0.005,0.026,0,0,,0,,,,0,,,,,40,40,0,2,3,0,3,3,1,0,1,9,10,11,1,0,2,0,1,0,6224,0.052,0.074,0.002
599,8.89,8.594,0,0.008,0.047,0,0,,0,,,,0,,,,,40,40,0,2,3,0,3,3,1,0,1,9,10,11,1,0,2,0,1,0,6224,0.025,0.038,0.008
600,5.425,5.143,0,0.009,0.034,0,0,,1,375,230240256,286695424,1,70948032,70948032,167755776,38823561584,40,40,0,2,3,0,3,3,1,0,1,9,10,11,1,0,2,0,1,0,6224,0.021,0.027,0.006
601,2.055,1.778,0,0.003,0.023,0,0,,0,,,,0,,,,,40,40,0,2,3,0,3,3,1,0,1,9,10,11,1,0,2,0,1,0,6224,0.034,0.136,0.003
602,2.351,2.172,0.001,0.02,0.053,0,0,,0,,,,0,,,,,40,40,0,2,3,0,3,3,1,0,1,9,10,11,1,0,2,0,1,0,6224,0.016,0.026,0.002
603,2.872,2.539,0.001,0.007,0.055,0,0,,0,,,,0,,,,,40,40,0,2,3,0,3,3,1,0,1,9,10,11,1,0,2,0,1,0,6224,0.04,0.053,0.007
604,7.724,7.482,0,0.007,0.032,0,0,,0,,,,0,,,,,40,40,0,2,3,0,3,3,1,0,1,9,10,11,1,0,2,0,1,0,6224,0.023,0.027,0.006
605,3.617,3.373,0,0.007,0.021,0,0,,0,,,,0,,,,,40,40,0,2,3,0,3,3,1,0,1,9,10,11,1,0,2,0,1,0,6224,0.041,0.024,0.002
606,3.59,3.143,0.001,0.011,0.085,0,0,,0,,,,0,,,,,40,40,0,2,3,0,3,3,1,0,1,9,10,11,1,0,2,0,1,0,6224,0.044,0.077,0.011
607,1.881,1.469,0,0.009,0.08,0,0,,0,,,,0,,,,,40,40,0,2,3,0,3,3,1,0,1,9,10,11,1,0,2,0,1,0,6224,0.041,0.07,0.009
608,2.201,1.759,0.001,0.006,0.056,0,0,,0,,,,0,,,,,40,40,0,2,3,0,3,3,1,0,1,9,10,11,1,0,2,0,1,0,6224,0.064,0.061,0.009
609,1.981,1.744,0.001,0.006,0.039,0,0,,0,,,,0,,,,,40,40,0,2,3,0,3,3,1,0,1,9,10,11,1,0,2,0,1,0,6224,0.025,0.039,0.006
610,4.66,4.332,0.001,0.007,0.037,0,0,,0,,,,0,,,,,40,40,0,2,3,0,3,3,1,0,1,9,10,11,1,0,2,0,1,0,6224,0.041,0.064,0.008
611,3.113,2.793,0.001,0.006,0.046,0,0,,0,,,,0,,,,,40,40,0,2,3,0,3,3,1,0,1,9,10,11,1,0,2,0,1,0,6224,0.032,0.052,0.004
612,4.311,3.761,0.001,0.014,0.159,0,0,,0,,,,0,,,,,40,40,0,2,3,0,3,3,1,0,1,9,10,11,1,0,2,0,1,0,6224,0.044,0.072,0.012
613,2.684,2.369,0,0.008,0.031,0,0,,0,,,,0,,,,,40,40,0,2,3,0,3,3,1,0,1,9,10,11,1,0,2,0,1,0,6224,0.041,0.07,0.008
614,5.242,5.081,0,0.004,0.029,0,0,,0,,,,0,,,,,40,40,0,2,3,0,3,3,1,0,1,9,10,11,1,0,2,0,1,0,6224,0.016,0.027,0.004
615,4.759,4.478,0,0.004,0.024,0,0,,0,,,,0,,,,,40,40,0,2,3,0,3,3,1,0,1,9,10,11,1,0,2,0,1,0,6224,0.043,0.119,0.006
616,5.442,5.198,0,0.006,0.035,0,0,,0,,,,0,,,,,40,40,0,2,3,0,3,3,1,0,1,9,10,11,1,0,2,0,1,0,6224,0.024,0.035,0.009
617,8.81,8.557,0,0.007,0.052,0,0,,0,,,,0,,,,,40,40,0,2,3,0,3,3,1,0,1,9,10,11,1,0,2,0,1,0,6224,0.023,0.04,0.006
618,6.067,5.72,0,0.009,0.066,0,0,,0,,,,0,,,,,40,40,0,2,3,0,3,3,1,0,1,9,10,11,1,0,2,0,1,0,6224,0.037,0.057,0.007
619,2.388,2.071,0,0.008,0.056,0,0,,0,,,,0,,,,,40,40,0,2,3,0,3,3,1,0,1,9,10,11,1,0,2,0,1,0,6224,0.034,0.056,0.007
620,2.609,2.201,0,0.008,0.072,0,0,,0,,,,0,,,,,40,40,0,2,3,0,3,3,1,0,1,9,10,11,1,0,2,0,1,0,6224,0.072,0.073,0.007
621,4.006,3.616,0,0.008,0.092,0,0,,0,,,,0,,,,,40,40,0,2,3,0,3,3,1,0,1,9,10,11,1,0,2,0,1,0,6224,0.041,0.072,0.006
622,5.735,5.323,0.001,0.008,0.069,0,0,,0,,,,0,,,,,40,40,0,2,3,0,3,3,1,0,1,9,10,11,1,0,2,0,1,0,6224,0.039,0.068,0.007
623,2.765,2.375,0,0.009,0.057,0,0,,0,,,,0,,,,,40,40,0,2,3,0,3,3,1,0,1,9,10,11,1,0,2,0,1,0,6224,0.041,0.062,0.009
624,2.935,2.692,0,0.006,0.029,0,0,,0,,,,0,,,,,40,40,0,2,3,0,3,3,1,0,1,9,10,11,1,0,2,0,1,0,6224,0.021,0.036,0.006
625,6.391,5.833,0.001,0.012,0.108,0,0,,0,,,,0,,,,,40,40,0,2,3,0,3,3,1,0,1,9,10,11,1,0,2,0,1,0,6224,0.056,0.098,0.01
626,3.318,2.876,0,0.009,0.102,0,0,,0,,,,0,,,,,40,40,0,2,3,0,3,3,1,0,1,9,10,11,1,0,2,0,1,0,6224,0.045,0.08,0.008
627,3.911,3.468,0,0.011,0.042,0,0,,0,,,,0,,,,,40,40,0,2,3,0,3,3,1,0,1,9,10,11,1,0,2,0,1,0,6224,0.056,0.093,0.009
628,3.608,3.111,0.001,0.013,0.084,0,0,,0,,,,0,,,,,40,40,0,2,3,0,3,3,1,0,1,9,10,11,1,0,2,0,1,0,6224,0.048,0.083,0.012
629,5.357,4.884,0,0.011,0.096,0,0,,0,,,,0,,,,,40,40,0,2,3,0,3,3,1,0,1,9,10,11,1,0,2,0,1,0,6224,0.049,0.085,0.009
630,3.839,3.371,0,0.01,0.09,0,0,,1,406.25,230240256,286695424,1,70948032,70948032,167755776,38823561584,40,40,0,2,3,0,3,3,1,0,1,9,10,11,1,0,2,0,1,0,6224,0.054,0.092,0.008
631,3.626,3.139,0,0.011,0.1,0,0,,0,,,,0,,,,,40,40,0,2,3,0,3,3,1,0,1,9,10,11,1,0,2,0,1,0,6224,0.052,0.087,0.009
632,4.961,4.516,0.001,0.01,0.083,0,0,,0,,,,0,,,,,40,40,0,2,3,0,3,3,1,0,1,9,10,11,1,0,2,0,1,0,6224,0.047,0.08,0.01
633,10.346,9.744,0,0.014,0.112,0,0,,0,,,,0,,,,,40,40,0,2,3,0,3,3,1,0,1,9,10,11,1,0,2,0,1,0,6224,0.059,0.099,0.015
634,3.093,2.575,0.001,0.012,0.086,0,0,,0,,,,0,,,,,40,40,0,2,3,0,3,3,1,0,1,9,10,11,1,0,2,0,1,0,6224,0.055,0.097,0.011
635,5.928,5.559,0,0.01,0.044,0,0,,0,,,,0,,,,,40,40,0,2,3,0,3,3,1,0,1,9,10,11,1,0,2,0,1,0,6224,0.052,0.063,0.008
636,4.523,3.919,0.001,0.013,0.037,0,0,,0,,,,0,,,,,40,40,0,2,3,0,3,3,1,0,1,9,10,11,1,0,2,0,1,0,6224,0.056,0.237,0.01
637,2.886,2.472,0,0.007,0.054,0,0,,0,,,,0,,,,,40,40,0,2,3,0,3,3,1,0,1,9,10,11,1,0,2,0,1,0,6224,0.045,0.152,0.009
638,2.97,2.72,0,0.007,0.028,0,0,,0,,,,0,,,,,40,40,0,2,3,0,3,3,1,0,1,9,10,11,1,0,2,0,1,0,6224,0.021,0.033,0.036
639,3.115,2.811,0,0.008,0.021,0,0,,0,,,,0,,,,,40,40,0,2,3,0,3,3,1,0,1,9,10,11,1,0,2,0,1,0,6224,0.038,0.113,0.007
640,6.019,5.709,0,0.012,0.031,0,0,,0,,,,0,,,,,40,40,0,2,3,0,3,3,1,0,1,9,10,11,1,0,2,0,1,0,6224,0.037,0.055,0.007
641,3.503,3.204,0,0.011,0.025,0,0,,0,,,,0,,,,,40,40,0,2,3,0,3,3,1,0,1,9,10,11,1,0,2,0,1,0,6224,0.022,0.125,0.005
642,2.387,2.051,0.001,0.008,0.079,0,0,,0,,,,0,,,,,40,40,0,2,3,0,3,3,1,0,1,9,10,11,1,0,2,0,1,0,6224,0.049,0.05,0.004
643,2.961,2.239,0.001,0.39,0.025,0,0,,0,,,,0,,,,,40,40,0,2,3,0,3,3,1,0,1,9,10,11,1,0,2,0,1,0,6224,0.044,0.074,0.008
644,5.935,5.619,0,0.01,0.038,0,0,,0,,,,0,,,,,40,40,0,2,3,0,3,3,1,0,1,9,10,11,1,0,2,0,1,0,6224,0.05,0.047,0.005
645,2.26,1.93,0,0.012,0.031,0,0,,0,,,,0,,,,,40,40,0,2,3,0,3,3,1,0,1,9,10,11,1,0,2,0,1,0,6224,0.05,0.074,0.005
646,3.668,3.492,0,0.008,0.056,0,0,,0,,,,0,,,,,40,40,0,2,3,0,3,3,1,0,1,9,10,11,1,0,2,0,1,0,6224,0.017,0.023,0.002
647,3.178,2.905,0,0.007,0.031,0,0,,0,,,,0,,,,,40,40,0,2,3,0,3,3,1,0,1,9,10,11,1,0,2,0,1,0,6224,0.023,0.035,0.036
648,3.199,2.838,0,0.009,0.036,0,0,,0,,,,0,,,,,40,40,0,2,3,0,3,3,1,0,1,9,10,11,1,0,2,0,1,0,6224,0.048,0.095,0.009
649,8.6,8.182,0.001,0.011,0.046,0,0,,0,,,,0,,,,,40,40,0,2,3,0,3,3,1,0,1,9,10,11,1,0,2,0,1,0,6224,0.053,0.079,0.009
650,6.531,6.158,0,0.009,0.067,0,0,,0,,,,0,,,,,40,40,0,2,3,0,3,3,1,0,1,9,10,11,1,0,2,0,1,0,6224,0.028,0.042,0.009
651,5.385,5.154,0.001,0.007,0.036,0,0,,0,,,,0,,,,,40,40,0,2,3,0,3,3,1,0,1,9,10,11,1,0,2,0,1,0,6224,0.02,0.031,0.008
652,7.767,7.081,0,0.009,0.096,0,0,,0,,,,0,,,,,40,40,0,2,3,0,3,3,1,0,1,9,10,11,1,0,2,0,1,0,6224,0.056,0.085,0.015
653,5.109,4.718,0,0.011,0.034,0,0,,0,,,,0,,,,,40,40,0,2,3,0,3,3,1,0,1,9,10,11,1,0,2,0,1,0,6224,0.051,0.039,0.009
654,3.622,3.406,0,0.014,0.041,0,0,,0,,,,0,,,,,40,40,0,2,3,0,3,3,1,0,1,9,10,11,1,0,2,0,1,0,6224,0.021,0.033,0.004
655,4.795,4.433,0.001,0.009,0.032,0,0,,0,,,,0,,,,,40,40,0,2,3,0,3,3,1,0,1,9,10,11,1,0,2,0,1,0,6224,0.058,0.059,0.004
656,5.114,4.779,0,0.009,0.039,0,0,,0,,,,0,,,,,40,40,0,2,3,0,3,3,1,0,1,9,10,11,1,0,2,0,1,0,6224,0.026,0.072,0.01
657,6.382,6.039,0,0.009,0.054,0,0,,0,,,,0,,,,,40,40,0,2,3,0,3,3,1,0,1,9,10,11,1,0,2,0,1,0,6224,0.034,0.055,0.009
658,5.413,4.915,0.001,0.013,0.102,0,0,,0,,,,0,,,,,40,40,0,2,3,0,3,3,1,0,1,9,10,11,1,0,2,0,1,0,6224,0.048,0.081,0.011
659,4.85,4.247,0.001,0.015,0.093,0,0,,0,,,,0,,,,,40,40,0,2,3,0,3,3,1,0,1,9,10,11,1,0,2,0,1,0,6224,0.059,0.097,0.012
660,6.002,5.719,0.001,0.007,0.026,0,0,,1,406.25,230240256,286695424,1,70948032,70948032,167755776,38823561584,40,40,0,2,3,0,3,3,1,0,1,9,10,11,1,0,2,0,1,0,6224,0.037,0.06,0.004
661,2.854,2.346,0,0.017,0.09,0,0,,0,,,,0,,,,,40,40,0,2,3,0,3,3,1,0,1,9,10,11,1,0,2,0,1,0,6224,0.052,0.082,0.01
662,2.358,2.025,0,0.006,0.045,0,0,,0,,,,0,,,,,40,40,0,2,3,0,3,3,1,0,1,9,10,11,1,0,2,0,1,0,6224,0.041,0.067,0.006
663,2.539,2.236,0,0.007,0.047,0,0,,0,,,,0,,,,,40,40,0,2,3,0,3,3,1,0,1,9,10,11,1,0,2,0,1,0,6224,0.043,0.066,0.005
664,3.468,3.109,0,0.009,0.057,0,0,,0,,,,0,,,,,40,40,0,2,3,0,3,3,1,0,1,9,10,11,1,0,2,0,1,0,6224,0.031,0.046,0.026
665,2.738,2.472,0.001,0.007,0.041,0,0,,0,,,,0,,,,,40,40,0,2,3,0,3,3,1,0,1,9,10,11,1,0,2,0,1,0,6224,0.026,0.041,0.007
666,2.401,2.116,0.001,0.007,0.053,0,0,,0,,,,0,,,,,40,40,0,2,3,0,3,3,1,0,1,9,10,11,1,0,2,0,1,0,6224,0.032,0.052,0.005
667,4.167,3.811,0.001,0.01,0.044,0,0,,0,,,,0,,,,,40,40,0,2,3,0,3,3,1,0,1,9,10,11,1,0,2,0,1,0,6224,0.043,0.069,0.008
668,6.497,6.062,0,0.013,0.042,0,0,,0,,,,0,,,,,40,40,0,2,3,0,3,3,1,0,1,9,10,11,1,0,2,0,1,0,6224,0.032,0.069,0.04
669,8.289,7.983,0,0.009,0.047,0,0,,0,,,,0,,,,,40,40,0,2,3,0,3,3,1,0,1,9,10,11,1,0,2,0,1,0,6224,0.028,0.044,0.009
670,5.68,5.286,0.001,0.027,0.068,0,0,,0,,,,0,,,,,40,40,0,2,3,0,3,3,1,0,1,9,10,11,1,0,2,0,1,0,6224,0.029,0.049,0.011
671,6.306,5.989,0,0.011,0.046,0,0,,0,,,,0,,,,,40,40,0,2,3,0,3,3,1,0,1,9,10,11,1,0,2,0,1,0,6224,0.03,0.041,0.009
672,6.645,6.405,0,0.006,0.043,0,0,,0,,,,0,,,,,40,40,0,2,3,0,3,3,1,0,1,9,10,11,1,0,2,0,1,0,6224,0.023,0.038,0.006
673,3.585,3.263,0.001,0.009,0.057,0,0,,0,,,,0,,,,,40,40,0,2,3,0,3,3,1,0,1,9,10,11,1,0,2,0,1,0,6224,0.031,0.053,0.006
674,2.283,1.894,0,0.012,0.046,0,0,,0,,,,0,,,,,40,40,0,2,3,0,3,3,1,0,1,9,10,11,1,0,2,0,1,0,6224,0.059,0.046,0.006
675,2.256,1.959,0,0.006,0.047,0,0,,0,,,,0,,,,,40,40,0,2,3,0,3,3,1,0,1,9,10,11,1,0,2,0,1,0,6224,0.04,0.074,0.005
676,4.521,4.332,0.001,0.008,0.028,0,0,,0,,,,0,,,,,40,40,0,2,3,0,3,3,1,0,1,9,10,11,1,0,2,0,1,0,6224,0.016,0.027,0.003
677,2.739,2.428,0.001,0.011,0.035,0,0,,0,,,,0,,,,,40,40,0,2,3,0,3,3,1,0,1,9,10,11,1,0,2,0,1,0,6224,0.04,0.038,0.007
678,3.489,3.288,0,0.003,0.019,0,0,,0,,,,0,,,,,40,40,0,2,3,0,3,3,1,0,1,9,10,11,1,0,2,0,1,0,6224,0.016,0.027,0.003
679,2.423,2.111,0.001,0.008,0.035,0,0,,0,,,,0,,,,,40,40,0,2,3,0,3,3,1,0,1,9,10,11,1,0,2,0,1,0,6224,0.024,0.063,0.009
680,2.299,2.045,0,0.006,0.027,0,0,,0,,,,0,,,,,40,40,0,2,3,0,3,3,1,0,1,9,10,11,1,0,2,0,1,0,6224,0.032,0.035,0.004
681,3.358,3.136,0,0.006,0.022,0,0,,0,,,,0,,,,,40,40,0,2,3,0,3,3,1,0,1,9,10,11,1,0,2,0,1,0,6224,0.034,0.071,0.002
682,3.253,2.987,0,0.006,0.033,0,0,,0,,,,0,,,,,40,40,0,2,3,0,3,3,1,0,1,9,10,11,1,0,2,0,1,0,6224,0.031,0.089,0.005
683,2.371,2.134,0,0.006,0.023,0,0,,0,,,,0,,,,,40,40,0,2,3,0,3,3,1,0,1,9,10,11,1,0,2,0,1,0,6224,0.04,0.067,0.003
684,3.202,2.618,0,0.008,0.037,0,0,,0,,,,0,,,,,40,40,0,2,3,0,3,3,1,0,1,9,10,11,1,0,2,0,1,0,6224,0.039,0.104,0.003
685,2.878,2.57,0,0.009,0.029,0,0,,0,,,,0,,,,,40,40,0,2,3,0,3,3,1,0,1,9,10,11,1,0,2,0,1,0,6224,0.075,0.035,0.007
686,3.04,2.774,0,0.006,0.02,0,0,,0,,,,0,,,,,40,40,0,2,3,0,3,3,1,0,1,9,10,11,1,0,2,0,1,0,6224,0.029,0.052,0.04
687,4.896,4.707,0,0.003,0.047,0,0,,0,,,,0,,,,,40,40,0,2,3,0,3,3,1,0,1,9,10,11,1,0,2,0,1,0,6224,0.016,0.028,0.003
688,3.227,2.902,0,0.016,0.09,0,0,,0,,,,0,,,,,40,40,0,2,3,0,3,3,1,0,1,9,10,11,1,0,2,0,1,0,6224,0.025,0.032,0.009
689,3.162,2.751,0,0.008,0.05,0,0,,0,,,,0,,,,,40,40,0,2,3,0,3,3,1,0,1,9,10,11,1,0,2,0,1,0,6224,0.05,0.094,0.008
690,2.941,2.673,0.001,0.011,0.027,0,0,,1,406.25,230305792,286695424,1,70948032,70948032,167755776,38823561584,40,40,0,2,3,0,3,3,1,0,1,9,10,11,1,0,2,0,1,0,6224,0.055,0.028,0.004
691,3.2,2.885,0,0.007,0.063,0,0,,0,,,,0,,,,,40,40,0,2,3,0,3,3,1,0,1,9,10,11,1,0,2,0,1,0,6224,0.022,0.037,0.008
692,6.386,6.049,0,0.005,0.04,0,0,,0,,,,0,,,,,40,40,0,2,3,0,3,3,1,0,1,9,10,11,1,0,2,0,1,0,6224,0.021,0.101,0.01
693,6.248,5.969,0,0.008,0.038,0,0,,0,,,,0,,,,,40,40,0,2,3,0,3,3,1,0,1,9,10,11,1,0,2,0,1,0,6224,0.024,0.036,0.008
694,5.582,5.222,0,0.011,0.031,0,0,,0,,,,0,,,,,40,40,0,2,3,0,3,3,1,0,1,9,10,11,1,0,2,0,1,0,6224,0.047,0.07,0.008
695,3.265,2.928,0,0.01,0.034,0,0,,0,,,,0,,,,,40,40,0,2,3,0,3,3,1,0,1,9,10,11,1,0,2,0,1,0,6224,0.056,0.068,0.004
696,3.884,3.595,0,0.011,0.034,0,0,,0,,,,0,,,,,40,40,0,2,3,0,3,3,1,0,1,9,10,11,1,0,2,0,1,0,6224,0.05,0.059,0.005
697,5.853,5.395,0,0.01,0.047,0,0,,0,,,,0,,,,,40,40,0,2,3,0,3,3,1,0,1,9,10,11,1,0,2,0,1,0,6224,0.142,0.036,0.01
698,5.137,4.883,0,0.006,0.039,0,0,,0,,,,0,,,,,40,40,0,2,3,0,3,3,1,0,1,9,10,11,1,0,2,0,1,0,6224,0.024,0.037,0.008
699,6.643,5.904,0,0.013,0.1,0,0,,0,,,,0,,,,,40,40,0,2,3,0,3,3,1,0,1,9,10,11,1,0,2,0,1,0,6224,0.048,0.065,0.011
700,1.81,1.482,0.001,0.008,0.029,0,0,,0,,,,0,,,,,40,40,0,2,3,0,3,3,1,0,1,9,10,11,1,0,2,0,1,0,6224,0.066,0.062,0.009
701,2.158,1.89,0,0.004,0.03,0,0,,0,,,,0,,,,,40,40,0,2,3,0,3,3,1,0,1,9,10,11,1,0,2,0,1,0,6224,0.023,0.037,0.005
702,3.829,3.642,0,0.008,0.027,0,0,,0,,,,0,,,,,40,40,0,2,3,0,3,3,1,0,1,9,10,11,1,0,2,0,1,0,6224,0.017,0.029,0.002
703,2.569,2.385,0,0.005,0.019,0,0,,0,,,,0,,,,,40,40,0,2,3,0,3,3,1,0,1,9,10,11,1,0,2,0,1,0,6224,0.028,0.066,0.002
704,2.557,2.32,0,0.006,0.022,0,0,,0,,,,0,,,,,40,40,0,2,3,0,3,3,1,0,1,9,10,11,1,0,2,0,1,0,6224,0.037,0.08,0.002
705,3.011,2.762,0,0.005,0.021,0,0,,0,,,,0,,,,,40,40,0,2,3,0,3,3,1,0,1,9,10,11,1,0,2,0,1,0,6224,0.029,0.084,0.003
706,3.361,2.459,0,0.006,0.072,0,0,,0,,,,0,,,,,40,40,0,2,3,0,3,3,1,0,1,9,10,11,1,0,2,0,1,0,6224,0.027,0.57,0.013
707,1.737,1.519,0.001,0.005,0.033,0,0,,0,,,,0,,,,,40,40,0,2,3,0,3,3,1,0,1,9,10,11,1,0,2,0,1,0,6224,0.025,0.038,0.005
708,5.728,5.447,0,0.012,0.034,0,0,,0,,,,0,,,,,40,40,0,2,3,0,3,3,1,0,1,9,10,11,1,0,2,0,1,0,6224,0.057,0.027,0.006
709,2.362,2.07,0,0.007,0.03,0,0,,0,,,,0,,,,,40,40,0,2,3,0,3,3,1,0,1,9,10,11,1,0,2,0,1,0,6224,0.035,0.057,0.006
710,2.298,2.059,0,0.011,0.024,0,0,,0,,,,0,,,,,40,40,0,2,3,0,3,3,1,0,1,9,10,11,1,0,2,0,1,0,6224,0.074,0.028,0.003
711,2.838,2.19,0,0.005,0.076,0,0,,0,,,,0,,,,,40,40,0,2,3,0,3,3,1,0,1,9,10,11,1,0,2,0,1,0,6224,0.047,0.074,0.011
712,3.171,2.86,0,0.008,0.04,0,0,,0,,,,0,,,,,40,40,0,2,3,0,3,3,1,0,1,9,10,11,1,0,2,0,1,0,6224,0.027,0.073,0.008
713,4.07,3.758,0,0.008,0.034,0,0,,0,,,,0,,,,,40,40,0,2,3,0,3,3,1,0,1,9,10,11,1,0,2,0,1,0,6224,0.044,0.072,0.007
714,5.362,4.984,0,0.011,0.041,0,0,,0,,,,0,,,,,40,40,0,2,3,0,3,3,1,0,1,9,10,11,1,0,2,0,1,0,6224,0.034,0.037,0.009
715,5.147,4.755,0.001,0.012,0.038,0,0,,0,,,,0,,,,,40,40,0,2,3,0,3,3,1,0,1,9,10,11,1,0,2,0,1,0,6224,0.055,0.075,0.007
716,5.249,5.042,0,0.007,0.033,0,0,,0,,,,0,,,,,40,40,0,2,3,0,3,3,1,0,1,9,10,11,1,0,2,0,1,0,6224,0.019,0.029,0.005
717,6.089,5.722,0,0.012,0.034,0,0,,0,,,,0,,,,,40,40,0,2,3,0,3,3,1,0,1,9,10,11,1,0,2,0,1,0,6224,0.058,0.071,0.006
718,3.618,3.054,0,0.006,0.228,0,0,,0,,,,0,,,,,40,40,0,2,3,0,3,3,1,0,1,9,10,11,1,0,2,0,1,0,6224,0.023,0.046,0.011
719,2.76,2.403,0.001,0.008,0.032,0,0,,0,,,,0,,,,,40,40,0,2,3,0,3,3,1,0,1,9,10,11,1,0,2,0,1,0,6224,0.075,0.037,0.045
720,2.833,2.566,0.001,0.007,0.021,0,0,,1,437.5,230305792,286695424,1,70948032,70948032,167755776,38823561584,40,40,0,2,3,0,3,3,1,0,1,9,10,11,1,0,2,0,1,0,6224,0.043,0.062,0.003
721,4.921,4.646,0,0.008,0.028,0,0,,0,,,,0,,,,,40,40,0,2,3,0,3,3,1,0,1,9,10,11,1,0,2,0,1,0,6224,0.047,0.078,0.003
722,3.867,3.461,0.001,0.009,0.086,0,0,,0,,,,0,,,,,40,40,0,2,3,0,3,3,1,0,1,9,10,11,1,0,2,0,1,0,6224,0.038,0.063,0.009
723,2.851,2.592,0,0.006,0.034,0,0,,0,,,,0,,,,,40,40,0,2,3,0,3,3,1,0,1,9,10,11,1,0,2,0,1,0,6224,0.024,0.037,0.008
724,3.034,2.774,0.001,0.005,0.033,0,0,,0,,,,0,,,,,40,40,0,2,3,0,3,3,1,0,1,9,10,11,1,0,2,0,1,0,6224,0.019,0.029,0.006
725,4.27,3.925,0,0.008,0.034,0,0,,0,,,,0,,,,,40,40,0,2,3,0,3,3,1,0,1,9,10,11,1,0,2,0,1,0,6224,0.048,0.073,0.008
726,5.23,4.818,0.001,0.013,0.061,0,0,,0,,,,0,,,,,40,40,0,2,3,0,3,3,1,0,1,9,10,11,1,0,2,0,1,0,6224,0.04,0.065,0.011
727,11.635,11.224,0,0.011,0.044,0,0,,0,,,,0,,,,,40,40,0,2,3,0,3,3,1,0,1,9,10,11,1,0,2,0,1,0,6224,0.049,0.065,0.01
728,7.83,7.413,0,0.01,0.054,0,0,,0,,,,0,,,,,40,40,0,2,3,0,3,3,1,0,1,9,10,11,1,0,2,0,1,0,6224,0.032,0.043,0.011
729,6.662,6.259,0.001,0.013,0.067,0,0,,0,,,,0,,,,,40,40,0,2,3,0,3,3,1,0,1,9,10,11,1,0,2,0,1,0,6224,0.035,0.052,0.012
730,5.812,5.371,0.001,0.013,0.084,0,0,,0,,,,0,,,,,40,40,0,2,3,0,3,3,1,0,1,9,10,11,1,0,2,0,1,0,6224,0.037,0.06,0.012
731,8.233,7.822,0.001,0.012,0.085,0,0,,0,,,,0,,,,,40,40,0,2,3,0,3,3,1,0,1,9,10,11,1,0,2,0,1,0,6224,0.032,0.048,0.012
732,8.28,7.738,0,0.015,0.108,0,0,,0,,,,0,,,,,40,40,0,2,3,0,3,3,1,0,1,9,10,11,1,0,2,0,1,0,6224,0.051,0.084,0.013
733,7.715,7.259,0.001,0.012,0.067,0,0,,0,,,,0,,,,,40,40,0,2,3,0,3,3,1,0,1,9,10,11,1,0,2,0,1,0,6224,0.04,0.084,0.012
734,6.796,6.477,0,0.012,0.049,0,0,,0,,,,0,,,,,40,40,0,2,3,0,3,3,1,0,1,9,10,11,1,0,2,0,1,0,6224,0.029,0.043,0.009
735,7.822,7.434,0.001,0.013,0.076,0,0,,0,,,,0,,,,,40,40,0,2,3,0,3,3,1,0,1,9,10,11,1,0,2,0,1,0,6224,0.035,0.06,0.011
736,8.48,7.631,0.001,0.009,0.495,0,0,,0,,,,0,,,,,40,40,0,2,3,0,3,3,1,0,1,9,10,11,1,0,2,0,1,0,6224,0.04,0.063,0.011
737,5.431,5.06,0,0.012,0.047,0,0,,0,,,,0,,,,,40,40,0,2,3,0,3,3,1,0,1,9,10,11,1,0,2,0,1,0,6224,0.047,0.073,0.011
738,5.252,4.833,0.001,0.013,0.066,0,0,,0,,,,0,,,,,40,40,0,2,3,0,3,3,1,0,1,9,10,11,1,0,2,0,1,0,6224,0.038,0.06,0.011
739,8.754,8.342,0.001,0.012,0.085,0,0,,0,,,,0,,,,,40,40,0,2,3,0,3,3,1,0,1,9,10,11,1,0,2,0,1,0,6224,0.03,0.054,0.011
740,5.995,5.566,0.001,0.013,0.066,0,0,,0,,,,0,,,,,40,40,0,2,3,0,3,3,1,0,1,9,10,11,1,0,2,0,1,0,6224,0.04,0.063,0.012
741,7.356,7.004,0.001,0.011,0.062,0,0,,0,,,,0,,,,,40,40,0,2,3,0,3,3,1,0,1,9,10,11,1,0,2,0,1,0,6224,0.029,0.047,0.009
742,6.536,5.725,0.001,0.01,0.088,0,0,,0,,,,0,,,,,40,40,0,2,3,0,3,3,1,0,1,9,10,11,1,0,2,0,1,0,6224,0.044,0.414,0.014
743,19.789,19.438,0.001,0.012,0.051,0,0,,0,,,,0,,,,,40,40,0,2,3,0,3,3,1,0,1,9,10,11,1,0,2,0,1,0,6224,0.028,0.046,0.01
744,18.155,17.541,0.001,0.018,0.12,0,0,,0,,,,0,,,,,40,40,0,2,3,0,3,3,1,0,1,9,10,11,1,0,2,0,1,0,6224,0.065,0.099,0.012
745,8.396,7.752,0.001,0.016,0.134,0,0,,0,,,,0,,,,,40,40,0,2,3,0,3,3,1,0,1,9,10,11,1,0,2,0,1,0,6224,0.063,0.108,0.013
746,8.941,8.432,0,0.017,0.062,0,0,,0,,,,0,,,,,40,40,0,2,3,0,3,3,1,0,1,9,10,11,1,0,2,0,1,0,6224,0.065,0.077,0.012
747,32.722,32.329,0.001,0.012,0.07,0,0,,0,,,,0,,,,,40,40,0,2,3,0,3,3,1,0,1,9,10,11,1,0,2,0,1,0,6224,0.033,0.049,0.011
748,6.134,5.737,0,0.012,0.079,0,0,,0,,,,0,,,,,40,40,0,2,3,0,3,3,1,0,1,9,10,11,1,0,2,0,1,0,6224,0.034,0.054,0.009
749,5.696,4.854,0.001,0.01,0.089,0,0,,0,,,,0,,,,,40,40,0,2,3,0,3,3,1,0,1,9,10,11,1,0,2,0,1,0,6224,0.028,0.158,0.01
750,4.318,3.812,0.001,0.017,0.068,0,0,,1,484.375,229273600,285077504,1,70948032,70948032,167755776,38823561584,40,40,0,2,3,0,3,3,1,0,1,9,10,11,1,0,2,0,1,0,6224,0.063,0.076,0.012
751,7.449,7.182,0,0.008,0.051,0,0,,0,,,,0,,,,,40,40,0,2,3,0,3,3,1,0,1,9,10,11,1,0,2,0,1,0,6224,0.022,0.035,0.008
752,4.326,3.953,0,0.013,0.05,0,0,,0,,,,0,,,,,40,40,0,2,3,0,3,3,1,0,1,9,10,11,1,0,2,0,1,0,6224,0.038,0.063,0.01
753,5.18,4.55,0.001,0.015,0.099,0,0,,0,,,,0,,,,,40,40,0,2,3,0,3,3,1,0,1,9,10,11,1,0,2,0,1,0,6224,0.063,0.104,0.013
754,10.805,10.347,0.001,0.015,0.079,0,0,,0,,,,0,,,,,40,40,0,2,3,0,3,3,1,0,1,9,10,11,1,0,2,0,1,0,6224,0.04,0.063,0.012
755,3.745,3.367,0,0.013,0.049,0,0,,0,,,,0,,,,,40,40,0,2,3,0,3,3,1,0,1,9,10,11,1,0,2,0,1,0,6224,0.032,0.05,0.01
756,26.314,25.9,0.001,0.011,0.05,0,0,,0,,,,0,,,,,40,40,0,2,3,0,3,3,1,0,1,9,10,11,1,0,2,0,1,0,6224,0.029,0.039,0.01
757,4.905,4.6,0.001,0.009,0.039,0,0,,0,,,,0,,,,,40,40,0,2,3,0,3,3,1,0,1,9,10,11,1,0,2,0,1,0,6224,0.03,0.043,0.008
758,7.044,6.647,0,0.012,0.063,0,0,,0,,,,0,,,,,40,40,0,2,3,0,3,3,1,0,1,9,10,11,1,0,2,0,1,0,6224,0.036,0.055,0.011
759,4.606,4.245,0,0.01,0.07,0,0,,0,,,,0,,,,,40,40,0,2,3,0,3,3,1,0,1,9,10,11,1,0,2,0,1,0,6224,0.035,0.057,0.01
760,4.092,3.74,0,0.009,0.066,0,0,,0,,,,0,,,,,40,40,0,2,3,0,3,3,1,0,1,9,10,11,1,0,2,0,1,0,6224,0.031,0.059,0.009
761,6.451,6.09,0,0.01,0.075,0,0,,0,,,,0,,,,,40,40,0,2,3,0,3,3,1,0,1,9,10,11,1,0,2,0,1,0,6224,0.03,0.059,0.009
762,3.98,3.733,0.001,0.006,0.054,0,0,,0,,,,0,,,,,40,40,0,2,3,0,3,3,1,0,1,9,10,11,1,0,2,0,1,0,6224,0.022,0.041,0.006
763,4.065,3.842,0,0.006,0.056,0,0,,0,,,,0,,,,,40,40,0,2,3,0,3,3,1,0,1,9,10,11,1,0,2,0,1,0,6224,0.021,0.036,0.005
764,5.968,5.681,0.001,0.008,0.05,0,0,,0,,,,0,,,,,40,40,0,2,3,0,3,3,1,0,1,9,10,11,1,0,2,0,1,0,6224,0.027,0.045,0.007
765,4.715,4.476,0,0.006,0.034,0,0,,0,,,,0,,,,,40,40,0,2,3,0,3,3,1,0,1,9,10,11,1,0,2,0,1,0,6224,0.054,0.039,0.005
766,3.508,3.209,0.001,0.008,0.059,0,0,,0,,,,0,,,,,40,40,0,2,3,0,3,3,1,0,1,9,10,11,1,0,2,0,1,0,6224,0.029,0.047,0.006
767,2.993,2.538,0,0.011,0.05,0,0,,0,,,,0,,,,,40,40,0,2,3,0,3,3,1,0,1,9,10,11,1,0,2,0,1,0,6224,0.055,0.091,0.011
768,3.172,2.829,0.001,0.01,0.055,0,0,,0,,,,0,,,,,40,40,0,2,3,0,3,3,1,0,1,9,10,11,1,0,2,0,1,0,6224,0.036,0.057,0.009
769,16.211,15.674,0.001,0.017,0.052,0,0,,0,,,,0,,,,,40,40,0,2,3,0,3,3,1,0,1,9,10,11,1,0,2,0,1,0,6224,0.049,0.063,0.011
770,22.305,21.899,0,0.012,0.07,0,0,,0,,,,0,,,,,40,40,0,2,3,0,3,3,1,0,1,9,10,11,1,0,2,0,1,0,6224,0.032,0.053,0.012
771,5.392,5.111,0.001,0.008,0.06,0,0,,0,,,,0,,,,,40,40,0,2,3,0,3,3,1,0,1,9,10,11,1,0,2,0,1,0,6224,0.025,0.039,0.007
772,4.279,3.92,0.001,0.01,0.062,0,0,,0,,,,0,,,,,40,40,0,2,3,0,3,3,1,0,1,9,10,11,1,0,2,0,1,0,6224,0.031,0.049,0.009
773,3.764,2.967,0.001,0.013,0.11,0,0,,0,,,,0,,,,,40,40,0,2,3,0,3,3,1,0,1,9,10,11,1,0,2,0,1,0,6224,0.05,0.074,0.012
774,4.884,4.444,0.001,0.014,0.089,0,0,,0,,,,0,,,,,40,40,0,2,3,0,3,3,1,0,1,9,10,11,1,0,2,0,1,0,6224,0.043,0.063,0.009
775,2.985,2.654,0.001,0.008,0.073,0,0,,0,,,,0,,,,,40,40,0,2,3,0,3,3,1,0,1,9,10,11,1,0,2,0,1,0,6224,0.029,0.049,0.008
776,2.939,2.667,0.001,0.006,0.052,0,0,,0,,,,0,,,,,40,40,0,2,3,0,3,3,1,0,1,9,10,11,1,0,2,0,1,0,6224,0.026,0.042,0.006
777,3.152,2.761,0,0.011,0.066,0,0,,0,,,,0,,,,,40,40,0,2,3,0,3,3,1,0,1,9,10,11,1,0,2,0,1,0,6224,0.033,0.052,0.01
778,9.097,8.673,0.001,0.01,0.061,0,0,,0,,,,0,,,,,40,40,0,2,3,0,3,3,1,0,1,9,10,11,1,0,2,0,1,0,6224,0.043,0.069,0.011
779,5.477,5.118,0.001,0.011,0.061,0,0,,0,,,,0,,,,,40,40,0,2,3,0,3,3,1,0,1,9,10,11,1,0,2,0,1,0,6224,0.034,0.047,0.009
780,5.441,4.945,0.001,0.014,0.055,0,0,,1,531.25,229273600,285077504,1,70948032,70948032,167755776,38823561584,40,40,0,2,3,0,3,3,1,0,1,9,10,11,1,0,2,0,1,0,6224,0.058,0.086,0.01
781,4.147,3.787,0.001,0.009,0.045,0,0,,0,,,,0,,,,,40,40,0,2,3,0,3,3,1,0,1,9,10,11,1,0,2,0,1,0,6224,0.035,0.056,0.009
782,2.765,2.402,0,0.012,0.04,0,0,,0,,,,0,,,,,40,40,0,2,3,0,3,3,1,0,1,9,10,11,1,0,2,0,1,0,6224,0.053,0.09,0.006
783,4.576,4.22,0,0.008,0.058,0,0,,0,,,,0,,,,,40,40,0,2,3,0,3,3,1,0,1,9,10,11,1,0,2,0,1,0,6224,0.043,0.07,0.008
784,2.417,2.02,0.001,0.013,0.039,0,0,,0,,,,0,,,,,40,40,0,2,3,0,3,3,1,0,1,9,10,11,1,0,2,0,1,0,6224,0.044,0.073,0.009
785,7.746,7.368,0,0.01,0.05,0,0,,0,,,,0,,,,,40,40,0,2,3,0,3,3,1,0,1,9,10,11,1,0,2,0,1,0,6224,0.036,0.056,0.009
786,5.519,5.002,0,0.01,0.059,0,0,,0,,,,0,,,,,40,40,0,2,3,0,3,3,1,0,1,9,10,11,1,0,2,0,1,0,6224,0.045,0.195,0.01
787,5.759,5.316,0.001,0.014,0.08,0,0,,0,,,,0,,,,,40,40,0,2,3,0,3,3,1,0,1,9,10,11,1,0,2,0,1,0,6224,0.036,0.061,0.012
788,37.381,36.962,0.001,0.013,0.073,0,0,,0,,,,0,,,,,40,40,0,2,3,0,3,3,1,0,1,9,10,11,1,0,2,0,1,0,6224,0.038,0.054,0.012
789,6.154,5.833,0.001,0.01,0.048,0,0,,0,,,,0,,,,,40,40,0,2,3,0,3,3,1,0,1,9,10,11,1,0,2,0,1,0,6224,0.032,0.05,0.008
790,3.521,3.135,0.001,0.013,0.054,0,0,,0,,,,0,,,,,40,40,0,2,3,0,3,3,1,0,1,9,10,11,1,0,2,0,1,0,6224,0.036,0.058,0.011
791,13.096,12.787,0,0.01,0.045,0,0,,0,,,,0,,,,,40,40,0,2,3,0,3,3,1,0,1,9,10,11,1,0,2,0,1,0,6224,0.027,0.043,0.009
792,3.11,2.744,0,0.009,0.063,0,0,,0,,,,0,,,,,40,40,0,2,3,0,3,3,1,0,1,9,10,11,1,0,2,0,1,0,6224,0.032,0.052,0.01
793,7.558,7.296,0.001,0.008,0.048,0,0,,0,,,,0,,,,,40,40,0,2,3,0,3,3,1,0,1,9,10,11,1,0,2,0,1,0,6224,0.024,0.04,0.008
794,5.885,5.611,0.001,0.008,0.048,0,0,,0,,,,0,,,,,40,40,0,2,3,0,3,3,1,0,1,9,10,11,1,0,2,0,1,0,6224,0.029,0.044,0.007
795,6.135,5.736,0,0.013,0.066,0,0,,0,,,,0,,,,,40,40,0,2,3,0,3,3,1,0,1,9,10,11,1,0,2,0,1,0,6224,0.032,0.052,0.01
796,6.424,6.163,0,0.007,0.047,0,0,,0,,,,0,,,,,40,40,0,2,3,0,3,3,1,0,1,9,10,11,1,0,2,0,1,0,6224,0.024,0.041,0.007
797,6.545,6.113,0.001,0.012,0.08,0,0,,0,,,,0,,,,,40,40,0,2,3,0,3,3,1,0,1,9,10,11,1,0,2,0,1,0,6224,0.038,0.053,0.011
798,4.529,4.127,0.001,0.01,0.033,0,0,,0,,,,0,,,,,40,40,0,2,3,0,3,3,1,0,1,9,10,11,1,0,2,0,1,0,6224,0.051,0.083,0.01
799,5.884,5.527,0,0.011,0.064,0,0,,0,,,,0,,,,,40,40,0,2,3,0,3,3,1,0,1,9,10,11,1,0,2,0,1,0,6224,0.035,0.05,0.01
800,4.301,3.938,0,0.009,0.044,0,0,,0,,,,0,,,,,40,40,0,2,3,0,3,3,1,0,1,9,10,11,1,0,2,0,1,0,6224,0.027,0.043,0.008
801,19.827,19.397,0.001,0.017,0.048,0,0,,0,,,,0,,,,,40,40,0,2,3,0,3,3,1,0,1,9,10,11,1,0,2,0,1,0,6224,0.056,0.045,0.011
802,8.214,7.83,0,0.01,0.071,0,0,,0,,,,0,,,,,40,40,0,2,3,0,3,3,1,0,1,9,10,11,1,0,2,0,1,0,6224,0.047,0.075,0.007
803,2.201,1.842,0,0.01,0.042,0,0,,0,,,,0,,,,,40,40,0,2,3,0,3,3,1,0,1,9,10,11,1,0,2,0,1,0,6224,0.046,0.081,0.008
804,2.169,1.83,0.001,0.007,0.036,0,0,,0,,,,0,,,,,40,40,0,2,3,0,3,3,1,0,1,9,10,11,1,0,2,0,1,0,6224,0.045,0.091,0.007
805,2.194,1.894,0,0.007,0.05,0,0,,0,,,,0,,,,,40,40,0,2,3,0,3,3,1,0,1,9,10,11,1,0,2,0,1,0,6224,0.043,0.062,0.004
806,2.177,1.897,0,0.009,0.034,0,0,,0,,,,0,,,,,40,40,0,2,3,0,3,3,1,0,1,9,10,11,1,0,2,0,1,0,6224,0.051,0.058,0.003
807,5.606,5.311,0,0.007,0.054,0,0,,0,,,,0,,,,,40,40,0,2,3,0,3,3,1,0,1,9,10,11,1,0,2,0,1,0,6224,0.036,0.064,0.005
808,2.117,1.976,0,0.004,0.036,0,0,,0,,,,0,,,,,40,40,0,2,3,0,3,3,1,0,1,9,10,11,1,0,2,0,1,0,6224,0.016,0.027,0.002
809,2.828,2.522,0,0.007,0.067,0,0,,0,,,,0,,,,,40,40,0,2,3,0,3,3,1,0,1,9,10,11,1,0,2,0,1,0,6224,0.037,0.063,0.005
810,2.313,2.037,0,0.007,0.038,0,0,,1,562.5,229273600,285077504,1,70948032,70948032,167755776,38823561584,40,40,0,2,3,0,3,3,1,0,1,9,10,11,1,0,2,0,1,0,6224,0.037,0.066,0.005
811,2.342,2.078,0,0.005,0.045,0,0,,0,,,,0,,,,,40,40,0,2,3,0,3,3,1,0,1,9,10,11,1,0,2,0,1,0,6224,0.036,0.063,0.004
812,3.661,3.323,0,0.006,0.117,0,0,,0,,,,0,,,,,40,40,0,2,3,0,3,3,1,0,1,9,10,11,1,0,2,0,1,0,6224,0.029,0.047,0.006
813,3.543,3.367,0.001,0.003,0.047,0,0,,0,,,,0,,,,,40,40,0,2,3,0,3,3,1,0,1,9,10,11,1,0,2,0,1,0,6224,0.018,0.03,0.003
814,2.945,2.754,0,0.004,0.045,0,0,,0,,,,0,,,,,40,40,0,2,3,0,3,3,1,0,1,9,10,11,1,0,2,0,1,0,6224,0.02,0.034,0.003
815,2.41,2.009,0,0.008,0.083,0,0,,0,,,,0,,,,,40,40,0,2,3,0,3,3,1,0,1,9,10,11,1,0,2,0,1,0,6224,0.045,0.077,0.006
816,1.632,0.901,0,0.006,0.082,0,0,,0,,,,0,,,,,40,40,0,2,3,0,3,3,1,0,1,9,10,11,1,0,2,0,1,0,6224,0.045,0.068,0.008
817,4.13,3.669,0.001,0.011,0.088,0,0,,0,,,,0,,,,,40,40,0,2,3,0,3,3,1,0,1,9,10,11,1,0,2,0,1,0,6224,0.043,0.071,0.009
818,5.263,4.923,0,0.011,0.058,0,0,,0,,,,0,,,,,40,40,0,2,3,0,3,3,1,0,1,9,10,11,1,0,2,0,1,0,6224,0.041,0.064,0.007
819,5.743,5.363,0,0.009,0.06,0,0,,0,,,,0,,,,,40,40,0,2,3,0,3,3,1,0,1,9,10,11,1,0,2,0,1,0,6224,0.042,0.073,0.008
820,5.957,5.586,0.001,0.012,0.051,0,0,,0,,,,0,,,,,40,40,0,2,3,0,3,3,1,0,1,9,10,11,1,0,2,0,1,0,6224,0.043,0.064,0.007
821,4.511,4.192,0,0.008,0.045,0,0,,0,,,,0,,,,,40,40,0,2,3,0,3,3,1,0,1,9,10,11,1,0,2,0,1,0,6224,0.04,0.068,0.006
822,3.201,2.755,0.001,0.011,0.051,0,0,,0,,,,0,,,,,40,40,0,2,3,0,3,3,1,0,1,9,10,11,1,0,2,0,1,0,6224,0.052,0.079,0.011
823,3.779,3.423,0,0.013,0.136,0,0,,0,,,,0,,,,,40,40,0,2,3,0,3,3,1,0,1,9,10,11,1,0,2,0,1,0,6224,0.029,0.044,0.005
824,2.702,2.362,0,0.008,0.044,0,0,,0,,,,0,,,,,40,40,0,2,3,0,3,3,1,0,1,9,10,11,1,0,2,0,1,0,6224,0.028,0.075,0.008
825,3.024,2.698,0,0.009,0.051,0,0,,0,,,,0,,,,,40,40,0,2,3,0,3,3,1,0,1,9,10,11,1,0,2,0,1,0,6224,0.03,0.042,0.008
826,5.381,4.99,0.001,0.01,0.059,0,0,,0,,,,0,,,,,40,40,0,2,3,0,3,3,1,0,1,9,10,11,1,0,2,0,1,0,6224,0.044,0.072,0.009
827,8.017,7.658,0,0.01,0.045,0,0,,0,,,,0,,,,,40,40,0,2,3,0,3,3,1,0,1,9,10,11,1,0,2,0,1,0,6224,0.028,0.041,0.036
828,5.526,5.155,0.001,0.012,0.054,0,0,,0,,,,0,,,,,40,40,0,2,3,0,3,3,1,0,1,9,10,11,1,0,2,0,1,0,6224,0.031,0.047,0.011
829,4.843,4.497,0.001,0.008,0.043,0,0,,0,,,,0,,,,,40,40,0,2,3,0,3,3,1,0,1,9,10,11,1,0,2,0,1,0,6224,0.038,0.065,0.006
830,4.383,4.068,0,0.009,0.055,0,0,,0,,,,0,,,,,40,40,0,2,3,0,3,3,1,0,1,9,10,11,1,0,2,0,1,0,6224,0.033,0.046,0.006
831,2.933,2.571,0.001,0.013,0.041,0,0,,0,,,,0,,,,,40,40,0,2,3,0,3,3,1,0,1,9,10,11,1,0,2,0,1,0,6224,0.051,0.054,0.008
832,2.841,2.434,0,0.009,0.076,0,0,,0,,,,0,,,,,40,40,0,2,3,0,3,3,1,0,1,9,10,11,1,0,2,0,1,0,6224,0.068,0.064,0.007
833,4.896,4.595,0,0.009,0.034,0,0,,0,,,,0,,,,,40,40,0,2,3,0,3,3,1,0,1,9,10,11,1,0,2,0,1,0,6224,0.041,0.073,0.007
834,3.074,2.728,0,0.008,0.073,0,0,,0,,,,0,,,,,40,40,0,2,3,0,3,3,1,0,1,9,10,11,1,0,2,0,1,0,6224,0.046,0.082,0.005
835,2.963,2.677,0,0.006,0.055,0,0,,0,,,,0,,,,,40,40,0,2,3,0,3,3,1,0,1,9,10,11,1,0,2,0,1,0,6224,0.038,0.069,0.005
836,2.473,2.166,0,0.008,0.036,0,0,,0,,,,0,,,,,40,40,0,2,3,0,3,3,1,0,1,9,10,11,1,0,2,0,1,0,6224,0.041,0.072,0.006
837,3.972,3.643,0,0.007,0.065,0,0,,0,,,,0,,,,,40,40,0,2,3,0,3,3,1,0,1,9,10,11,1,0,2,0,1,0,6224,0.04,0.069,0.005
838,2.359,2.028,0,0.008,0.065,0,0,,0,,,,0,,,,,40,40,0,2,3,0,3,3,1,0,1,9,10,11,1,0,2,0,1,0,6224,0.04,0.071,0.005
839,2.351,2.021,0.001,0.007,0.053,0,0,,0,,,,0,,,,,40,40,0,2,3,0,3,3,1,0,1,9,10,11,1,0,2,0,1,0,6224,0.04,0.09,0.005
840,2.392,2.174,0,0.005,0.035,0,0,,1,562.5,229273600,285077504,1,70948032,70948032,167755776,38823561584,40,40,0,2,3,0,3,3,1,0,1,9,10,11,1,0,2,0,1,0,6224,0.035,0.064,0.003
841,3.064,2.822,0,0.005,0.041,0,0,,0,,,,0,,,,,40,40,0,2,3,0,3,3,1,0,1,9,10,11,1,0,2,0,1,0,6224,0.028,0.049,0.003
842,4.58,4.276,0,0.006,0.059,0,0,,0,,,,0,,,,,40,40,0,2,3,0,3,3,1,0,1,9,10,11,1,0,2,0,1,0,6224,0.024,0.041,0.008
843,6.347,6.044,0.001,0.009,0.023,0,0,,0,,,,0,,,,,40,40,0,2,3,0,3,3,1,0,1,9,10,11,1,0,2,0,1,0,6224,0.041,0.07,0.006
844,3.094,2.875,0,0.009,0.042,0,0,,0,,,,0,,,,,40,40,0,2,3,0,3,3,1,0,1,9,10,11,1,0,2,0,1,0,6224,0.024,0.034,0.005
845,4.279,3.889,0.001,0.01,0.075,0,0,,0,,,,0,,,,,40,40,0,2,3,0,3,3,1,0,1,9,10,11,1,0,2,0,1,0,6224,0.043,0.063,0.008
846,3.191,2.848,0.001,0.011,0.037,0,0,,0,,,,0,,,,,40,40,0,2,3,0,3,3,1,0,1,9,10,11,1,0,2,0,1,0,6224,0.041,0.071,0.008
847,3.216,2.865,0,0.01,0.029,0,0,,0,,,,0,,,,,40,40,0,2,3,0,3,3,1,0,1,9,10,11,1,0,2,0,1,0,6224,0.05,0.082,0.006
848,7.336,7.014,0,0.01,0.04,0,0,,0,,,,0,,,,,40,40,0,2,3,0,3,3,1,0,1,9,10,11,1,0,2,0,1,0,6224,0.043,0.061,0.006
849,5.589,5.206,0.001,0.012,0.041,0,0,,0,,,,0,,,,,40,40,0,2,3,0,3,3,1,0,1,9,10,11,1,0,2,0,1,0,6224,0.056,0.049,0.008
850,3.98,3.606,0.001,0.014,0.036,0,0,,0,,,,0,,,,,40,40,0,2,3,0,3,3,1,0,1,9,10,11,1,0,2,0,1,0,6224,0.045,0.066,0.009
851,5.912,5.625,0,0.006,0.037,0,0,,0,,,,0,,,,,40,40,0,2,3,0,3,3,1,0,1,9,10,11,1,0,2,0,1,0,6224,0.037,0.063,0.006
852,3.122,2.719,0.001,0.007,0.113,0,0,,0,,,,0,,,,,40,40,0,2,3,0,3,3,1,0,1,9,10,11,1,0,2,0,1,0,6224,0.037,0.057,0.007
853,2.608,2.298,0.001,0.007,0.027,0,0,,0,,,,0,,,,,40,40,0,2,3,0,3,3,1,0,1,9,10,11,1,0,2,0,1,0,6224,0.035,0.051,0.008
854,3.347,3.018,0,0.008,0.031,0,0,,0,,,,0,,,,,40,40,0,2,3,0,3,3,1,0,1,9,10,11,1,0,2,0,1,0,6224,0.066,0.065,0.007
855,6.095,5.698,0.001,0.012,0.058,0,0,,0,,,,0,,,,,40,40,0,2,3,0,3,3,1,0,1,9,10,11,1,0,2,0,1,0,6224,0.065,0.041,0.008
856,5.418,5.068,0,0.008,0.043,0,0,,0,,,,0,,,,,40,40,0,2,3,0,3,3,1,0,1,9,10,11,1,0,2,0,1,0,6224,0.043,0.066,0.011
857,5.064,4.777,0,0.01,0.027,0,0,,0,,,,0,,,,,40,40,0,2,3,0,3,3,1,0,1,9,10,11,1,0,2,0,1,0,6224,0.058,0.053,0.005
858,5.721,5.485,0,0.007,0.035,0,0,,0,,,,0,,,,,40,40,0,2,3,0,3,3,1,0,1,9,10,11,1,0,2,0,1,0,6224,0.041,0.063,0.003
859,3.772,3.334,0.001,0.012,0.097,0,0,,0,,,,0,,,,,40,40,0,2,3,0,3,3,1,0,1,9,10,11,1,0,2,0,1,0,6224,0.044,0.074,0.008
860,2.729,2.499,0,0.006,0.037,0,0,,0,,,,0,,,,,40,40,0,2,3,0,3,3,1,0,1,9,10,11,1,0,2,0,1,0,6224,0.022,0.033,0.005
861,3.804,3.562,0,0.007,0.032,0,0,,0,,,,0,,,,,40,40,0,2,3,0,3,3,1,0,1,9,10,11,1,0,2,0,1,0,6224,0.043,0.067,0.003
862,4.638,4.295,0,0.007,0.032,0,0,,0,,,,0,,,,,40,40,0,2,3,0,3,3,1,0,1,9,10,11,1,0,2,0,1,0,6224,0.048,0.085,0.007
863,2.324,2.052,0,0.007,0.046,0,0,,0,,,,0,,,,,40,40,0,2,3,0,3,3,1,0,1,9,10,11,1,0,2,0,1,0,6224,0.036,0.063,0.005
864,2.322,2.078,0.001,0.005,0.076,0,0,,0,,,,0,,,,,40,40,0,2,3,0,3,3,1,0,1,9,10,11,1,0,2,0,1,0,6224,0.03,0.05,0.003
865,3.552,3.252,0,0.009,0.035,0,0,,0,,,,0,,,,,40,40,0,2,3,0,3,3,1,0,1,9,10,11,1,0,2,0,1,0,6224,0.026,0.041,0.009
866,6.647,6.324,0.001,0.01,0.039,0,0,,0,,,,0,,,,,40,40,0,2,3,0,3,3,1,0,1,9,10,11,1,0,2,0,1,0,6224,0.054,0.038,0.006
867,2.971,2.728,0,0.005,0.046,0,0,,0,,,,0,,,,,40,40,0,2,3,0,3,3,1,0,1,9,10,11,1,0,2,0,1,0,6224,0.022,0.035,0.005
868,3.11,2.857,0,0.008,0.024,0,0,,0,,,,0,,,,,40,40,0,2,3,0,3,3,1,0,1,9,10,11,1,0,2,0,1,0,6224,0.043,0.072,0.004
869,3.162,2.83,0.001,0.01,0.03,0,0,,0,,,,0,,,,,40,40,0,2,3,0,3,3,1,0,1,9,10,11,1,0,2,0,1,0,6224,0.046,0.045,0.007
870,3.364,3.142,0.001,0.008,0.024,0,0,,1,578.125,229273600,285077504,1,70948032,70948032,167755776,38823561584,40,40,0,2,3,0,3,3,1,0,1,9,10,11,1,0,2,0,1,0,6224,0.045,0.037,0.003
871,7.084,6.594,0,0.008,0.265,0,0,,0,,,,0,,,,,40,40,0,2,3,0,3,3,1,0,1,9,10,11,1,0,2,0,1,0,6224,0.024,0.042,0.008
872,5.958,5.286,0.002,0.015,0.089,0,0,,0,,,,0,,,,,40,40,0,2,3,0,3,3,1,0,1,9,10,11,1,0,2,0,1,0,6224,0.059,0.097,0.013
873,5.927,5.541,0,0.01,0.036,0,0,,0,,,,0,,,,,40,40,0,2,3,0,3,3,1,0,1,9,10,11,1,0,2,0,1,0,6224,0.053,0.086,0.01
874,2.792,2.451,0,0.016,0.037,0,0,,0,,,,0,,,,,40,40,0,2,3,0,3,3,1,0,1,9,10,11,1,0,2,0,1,0,6224,0.044,0.07,0.006
875,2.998,2.783,0,0.006,0.039,0,0,,0,,,,0,,,,,40,40,0,2,3,0,3,3,1,0,1,9,10,11,1,0,2,0,1,0,6224,0.029,0.048,0.003
876,2.528,2.144,0,0.005,0.04,0,0,,0,,,,0,,,,,40,40,0,2,3,0,3,3,1,0,1,9,10,11,1,0,2,0,1,0,6224,0.114,0.069,0.008
877,2.962,2.692,0,0.008,0.032,0,0,,0,,,,0,,,,,40,40,0,2,3,0,3,3,1,0,1,9,10,11,1,0,2,0,1,0,6224,0.034,0.052,0.005
878,4.253,3.996,0,0.006,0.038,0,0,,0,,,,0,,,,,40,40,0,2,3,0,3,3,1,0,1,9,10,11,1,0,2,0,1,0,6224,0.029,0.069,0.005
879,3.224,2.844,0,0.008,0.081,0,0,,0,,,,0,,,,,40,40,0,2,3,0,3,3,1,0,1,9,10,11,1,0,2,0,1,0,6224,0.041,0.067,0.007
880,3.446,3.041,0,0.009,0.083,0,0,,0,,,,0,,,,,40,40,0,2,3,0,3,3,1,0,1,9,10,11,1,0,2,0,1,0,6224,0.045,0.079,0.007
881,2.617,2.371,0.001,0.008,0.035,0,0,,0,,,,0,,,,,40,40,0,2,3,0,3,3,1,0,1,9,10,11,1,0,2,0,1,0,6224,0.021,0.035,0.004
882,4.727,4.196,0.001,0.014,0.101,0,0,,0,,,,0,,,,,40,40,0,2,3,0,3,3,1,0,1,9,10,11,1,0,2,0,1,0,6224,0.051,0.083,0.011
883,1.771,1.547,0,0.006,0.037,0,0,,0,,,,0,,,,,40,40,0,2,3,0,3,3,1,0,1,9,10,11,1,0,2,0,1,0,6224,0.023,0.035,0.005
884,4.789,4.272,0,0.015,0.103,0,0,,0,,,,0,,,,,40,40,0,2,3,0,3,3,1,0,1,9,10,11,1,0,2,0,1,0,6224,0.056,0.089,0.01
885,3.059,2.651,0,0.01,0.082,0,0,,0,,,,0,,,,,40,40,0,2,3,0,3,3,1,0,1,9,10,11,1,0,2,0,1,0,6224,0.045,0.077,0.008
886,3.845,3.525,0,0.008,0.066,0,0,,0,,,,0,,,,,40,40,0,2,3,0,3,3,1,0,1,9,10,11,1,0,2,0,1,0,6224,0.028,0.047,0.007
887,3.196,2.789,0,0.011,0.057,0,0,,0,,,,0,,,,,40,40,0,2,3,0,3,3,1,0,1,9,10,11,1,0,2,0,1,0,6224,0.043,0.075,0.008
888,7.978,7.735,0,0.008,0.046,0,0,,0,,,,0,,,,,40,40,0,2,3,0,3,3,1,0,1,9,10,11,1,0,2,0,1,0,6224,0.023,0.038,0.006
889,5.302,4.955,0.001,0.01,0.072,0,0,,0,,,,0,,,,,40,40,0,2,3,0,3,3,1,0,1,9,10,11,1,0,2,0,1,0,6224,0.029,0.046,0.009
890,3.686,3.452,0,0.006,0.039,0,0,,0,,,,0,,,,,40,40,0,2,3,0,3,3,1,0,1,9,10,11,1,0,2,0,1,0,6224,0.024,0.039,0.006
891,7.07,6.804,0,0.006,0.057,0,0,,0,,,,0,,,,,40,40,0,2,3,0,3,3,1,0,1,9,10,11,1,0,2,0,1,0,6224,0.027,0.047,0.005
892,3.465,3.198,0,0.006,0.058,0,0,,0,,,,0,,,,,40,40,0,2,3,0,3,3,1,0,1,9,10,11,1,0,2,0,1,0,6224,0.028,0.049,0.005
893,2.965,2.607,0.001,0.008,0.067,0,0,,0,,,,0,,,,,40,40,0,2,3,0,3,3,1,0,1,9,10,11,1,0,2,0,1,0,6224,0.036,0.064,0.007
894,6.747,6.344,0.001,0.01,0.078,0,0,,0,,,,0,,,,,40,40,0,2,3,0,3,3,1,0,1,9,10,11,1,0,2,0,1,0,6224,0.042,0.07,0.009
895,4.364,4.003,0.001,0.007,0.079,0,0,,0,,,,0,,,,,40,40,0,2,3,0,3,3,1,0,1,9,10,11,1,0,2,0,1,0,6224,0.039,0.068,0.006
896,3.838,3.463,0,0.009,0.075,0,0,,0,,,,0,,,,,40,40,0,2,3,0,3,3,1,0,1,9,10,11,1,0,2,0,1,0,6224,0.04,0.069,0.006
897,2.35,1.972,0,0.008,0.065,0,0,,0,,,,0,,,,,40,40,0,2,3,0,3,3,1,0,1,9,10,11,1,0,2,0,1,0,6224,0.039,0.067,0.007
898,2.09,1.726,0,0.008,0.067,0,0,,0,,,,0,,,,,40,40,0,2,3,0,3,3,1,0,1,9,10,11,1,0,2,0,1,0,6224,0.042,0.072,0.006
899,5.455,5.181,0,0.006,0.064,0,0,,0,,,,0,,,,,40,40,0,2,3,0,3,3,1,0,1,9,10,11,1,0,2,0,1,0,6224,0.022,0.051,0.006
900,2.304,2.08,0,0.005,0.05,0,0,,1,609.375,229273600,285077504,1,70948032,70948032,167755776,38823561584,40,40,0,2,3,0,3,3,1,0,1,9,10,11,1,0,2,0,1,0,6224,0.024,0.041,0.004
901,4.303,3.511,0,0.007,0.118,0,0,,0,,,,0,,,,,40,40,0,2,3,0,3,3,1,0,1,9,10,11,1,0,2,0,1,0,6224,0.035,0.053,0.008
902,4.829,4.423,0,0.01,0.042,0,0,,0,,,,0,,,,,40,40,0,2,3,0,3,3,1,0,1,9,10,11,1,0,2,0,1,0,6224,0.05,0.041,0.008
903,7.378,6.96,0,0.011,0.041,0,0,,0,,,,0,,,,,40,40,0,2,3,0,3,3,1,0,1,9,10,11,1,0,2,0,1,0,6224,0.056,0.089,0.012
904,6.385,5.904,0,0.015,0.079,0,0,,0,,,,0,,,,,40,40,0,2,3,0,3,3,1,0,1,9,10,11,1,0,2,0,1,0,6224,0.048,0.081,0.017
905,1.816,1.475,0,0.008,0.036,0,0,,0,,,,0,,,,,40,40,0,2,3,0,3,3,1,0,1,9,10,11,1,0,2,0,1,0,6224,0.037,0.057,0.008
906,4.802,4.564,0,0.006,0.032,0,0,,0,,,,0,,,,,40,40,0,2,3,0,3,3,1,0,1,9,10,11,1,0,2,0,1,0,6224,0.022,0.062,0.005
907,2.391,2.111,0,0.006,0.033,0,0,,0,,,,0,,,,,40,40,0,2,3,0,3,3,1,0,1,9,10,11,1,0,2,0,1,0,6224,0.03,0.085,0.004
908,6.19,5.677,0.001,0.011,0.058,0,0,,0,,,,0,,,,,40,40,0,2,3,0,3,3,1,0,1,9,10,11,1,0,2,0,1,0,6224,0.051,0.092,0.008
909,5.039,4.624,0,0.01,0.033,0,0,,0,,,,0,,,,,40,40,0,2,3,0,3,3,1,0,1,9,10,11,1,0,2,0,1,0,6224,0.051,0.105,0.007
910,7.632,7.318,0,0.01,0.038,0,0,,0,,,,0,,,,,40,40,0,2,3,0,3,3,1,0,1,9,10,11,1,0,2,0,1,0,6224,0.037,0.068,0.006
911,7.237,6.848,0,0.01,0.037,0,0,,0,,,,0,,,,,40,40,0,2,3,0,3,3,1,0,1,9,10,11,1,0,2,0,1,0,6224,0.041,0.099,0.009
912,7.992,7.628,0,0.009,0.042,0,0,,0,,,,0,,,,,40,40,0,2,3,0,3,3,1,0,1,9,10,11,1,0,2,0,1,0,6224,0.048,0.074,0.01

summary_metric,count,median,p95,p99
wall_ms,913,4.58,10.8934,28.812
frame_wait_ms,913,4.204,10.5912,28.37912
scene_advance_ms,913,0,0.001,0.001
view_build_ms,913,0.009,0.015,0.01888
render_submit_ms,913,0.049,0.1004,0.14592
gpu_ms,913,3.98505198604,9.42103101999,25.1388243863

gpu_sample_serial,gpu_ms
314,8.52770812514
315,6.25588526394
316,15.9373954442
317,5.74124985983
318,8.15718730085
319,5.67859361136
320,4.74140613424
321,52.6685403808
322,30.0144263506
323,25.8930202012
324,13.51687467
325,4.71473946823
326,4.81614571575
327,4.9109373801
328,4.68182280236
329,5.35817695252
330,4.78307279989
331,4.96505196212
332,8.83249978436
333,4.64072905337
334,4.587499888
335,4.74859363407
336,4.77713530004
337,7.07458316061
338,5.14781237432
339,7.67947897918
340,5.20578112291
341,4.81244779918
342,6.82239566677
343,4.65791655295
344,3.57333324609
345,2.68645826775
346,2.69104160097
347,3.56291657968
348,3.91989573763
349,3.20546867174
350,3.16260408945
351,4.37567697651
352,4.42588530861
353,4.91749987994
354,4.28958322861
355,4.82364571557
356,4.36229156017
357,4.46510405766
358,5.54151028138
359,5.25249987177
360,6.76973941806
361,26.0579681138
362,12.467395529
363,4.67963530242
364,4.5587498887
365,6.81499983362
366,5.22901028901
367,4.80333321606
368,10.8057289029
369,21.2526557311
370,12.451874696
371,6.9277081642
372,5.05406237661
373,2.7213020169
374,3.39776033371
375,2.57562493712
376,2.59572910329
377,3.53781241363
378,17.983124561
379,4.74609363413
380,4.03432281817
381,6.95010399699
382,6.7626560849
383,19.2960932789
384,4.09156240011
385,3.9469790703
386,4.78312488322
387,4.01619781861
388,7.06124982761
389,6.89609358164
390,5.02458321066
391,4.48546864049
392,12.3063538662
393,44.3113010015
394,5.20812487285
395,4.79802071619
396,5.34994778605
397,4.33869781074
398,5.76307277597
399,4.07942698374
400,4.79593738291
401,4.55489572213
402,14.5366142284
403,2.6883332677
404,2.68656243441
405,2.66192701834
406,2.67385410139
407,2.67010410148
408,2.68749993439
409,3.24296867083
410,5.57276028061
411,4.44166655823
412,4.38999989282
413,3.04989575887
414,2.5424478546
415,2.53729160472
416,2.56994785392
417,2.78354159871
418,3.00505200997
419,3.98963531926
420,3.90203115474
421,3.22046867138
422,3.18140617233
423,3.47536449849
424,4.10041656656
425,4.08718740022
426,2.98052076057
427,2.48593743931
428,2.47223952298
429,2.82973951425
430,2.65796868511
431,3.19609367197
432,3.72203115913
433,3.88291657187
434,2.91140617892
435,3.16338533944
436,3.90557282132
437,4.06697906738
438,4.06661448405
439,4.83677071525
440,4.24624989633
441,5.10526029203
442,20.2365099226
443,2.22333327905
444,2.70744785057
445,2.06656244955
446,2.64697910204
447,7.85828105815
448,3.72390615908
449,2.62177076933
450,3.07953117482
451,2.62723951919
452,2.57468743714
453,2.57812493706
454,2.6789061846
455,5.02401029401
456,2.69947910076
457,4.15562489854
458,4.1111978163
459,5.79557277517
460,4.39749989264
461,3.83921865627
462,3.83687490633
463,7.82968730885
464,10.3709372468
465,5.01432279425
466,3.81703115681
467,3.7807811577
468,5.15244779087
469,3.84677073942
470,4.09994781657
471,6.22343734806
472,6.04895818565
473,4.75557280056
474,4.51104155653
475,4.77562488341
476,3.29406241958
477,4.3402603107
478,4.96166654553
479,5.46072903335
480,4.56895822179
481,4.52223947293
482,2.8602082635
483,2.98828117704
484,1.95723953555
485,1.94239578591
486,4.10385406647
487,2.08588536574
488,2.0835416158
489,1.99057286807
490,1.94442703586
491,2.01796870073
492,2.08020828255
493,2.08010411588
494,2.08697911572
495,2.26604161134
496,2.23973952865
497,3.32270825221
498,2.0643749496
499,1.99833328455
500,1.99979161784
501,2.51328118864
502,2.00494786772
503,1.94874995242
504,2.07005203279
505,1.93380203612
506,2.38729160838
507,3.1142707573
508,2.91828117875
509,2.82291659775
510,4.15395823192
511,2.28307286093
512,2.65578118516
513,2.70020826741
514,3.09906242434
515,4.84864571496
516,4.12968739918
517,2.18869786323
518,2.1408853644
519,2.0876041157
520,2.67182285144
521,5.05614570989
522,4.49552072358
523,4.61572905398
524,2.7117186838
525,5.00864571105
526,4.34083322736
527,2.6977603508
528,2.83953118068
529,4.65843738627
530,7.64479148003
531,3.98328115275
532,3.96416656989
533,2.6841145178
534,5.2510936218
535,2.69718743415
536,4.09328115007
537,2.69854160078
538,5.60005194661
539,3.73135407557
540,2.70760410056
541,2.71614576702
542,5.87057277334
543,7.20130190752
544,5.53093736497
545,4.49760405686
546,4.88265613079
547,5.37723945205
548,3.68963532659
549,2.96947909417
550,2.66354160164
551,2.65963535173
552,3.75473949166
553,2.86432284674
554,3.52624991391
555,2.51749993854
556,3.71734365924
557,4.12552073261
558,3.76906240798
559,2.6854166011
560,6.24041651431
561,5.26223945486
562,4.17140614816
563,5.04760404343
564,3.85249990594
565,5.50838528218
566,6.1508852665
567,4.96468737879
568,14.3193225671
569,4.55437488881
570,6.71348941943
571,2.08385411579
572,3.13010409025
573,4.76776030027
574,6.04239568581
575,5.22927070567
576,4.30541656155
577,6.38078109422
578,5.52604153175
579,6.36739567788
580,3.87015615551
581,3.39109366721
582,3.13463534014
583,5.5049998656
584,4.56927072178
585,2.55416660431
586,3.03864575915
587,5.57447903057
588,2.52307285507
589,5.65546861193
590,9.57312476628
591,5.63098944586
592,6.49395817479
593,6.35541651151
594,6.06666651855
595,5.68197902795
596,4.49713530687
597,6.49416650812
598,5.82234360785
599,9.31963518914
600,18.0118745603
601,8.51812479204
602,5.58447903033
603,5.30458320383
604,4.29744781175
605,5.88796860625
606,5.33906236965
607,4.24697906298
608,8.83927061753
609,6.2462498475
610,11.8532809606
611,7.15765607525
612,4.49885405683
613,5.33822903634
614,6.02541651956
615,4.25291656284
616,16.5553120958
617,4.35604156032
618,22.3445827878
619,4.63234363691
620,4.71270821828
621,4.45692697452
622,4.98098946173
623,4.11718739948
624,3.59281241228
625,2.66499993494
626,3.19968742188
627,2.67432285138
628,2.67572910134
629,2.69187493428
630,2.67401035138
631,2.6966145175
632,2.69541660086
633,2.70192701737
634,2.70963535051
635,2.99749992682
636,5.43333320068
637,4.63109363694
638,4.64442696994
639,2.68828118437
640,4.4715103075
641,5.60708319644
642,4.37421864321
643,4.59489572115
644,4.09374990005
645,4.05786448426
646,4.85614571478
647,4.3076040615
648,4.50067697345
649,4.53343738932
650,5.14786445765
651,4.81036446589
652,5.13822904122
653,4.50765613995
654,4.34328114396
655,4.22291656357
656,4.19072906435
657,8.69421853774
658,4.22708323013
659,4.07015615063
660,4.66890613601
661,4.14911448204
662,4.09015615014
663,3.98505198604
664,4.73572905105
665,4.1409373989
666,4.2078644806
667,3.9935936525
668,5.47213528307
669,4.37812489311
670,4.89218738056
671,4.60671863753
672,4.77369780012
673,5.73447902666
674,4.86640613119
675,5.44994778361
676,4.76973946688
677,4.8659373812
678,5.02489571066
679,6.28302067994
680,4.97229154527
681,4.83020821541
682,4.88166654749
683,4.88614571404
684,4.49062489037
685,7.13067690924
686,5.7533852762
687,32.3884887926
688,29.4157805318
689,6.3160935958
690,3.85333323926
691,4.38442697629
692,2.68645826775
693,3.61968741163
694,2.72343743351
695,2.74593743296
696,20.1358849251
697,31.6002075618
698,5.52067694855
699,4.6367186368
700,5.88963527288
701,5.18942695664
702,4.74932280072
703,4.9806248784
704,3.23729158763
705,2.72395826683
706,2.72046868358
707,2.74192701639
708,4.92593737974
709,5.54046861473
710,4.62635405372
711,4.91671862996
712,3.31854158565
713,2.67822910128
714,3.23255200441
715,2.67963535125
716,3.20010408854
717,2.68380201781
718,3.1552082563
719,4.86911446446
720,5.38833320178
721,4.4590103078
722,4.52359363956
723,3.18510408891
724,2.58432285357
725,2.53119785487
726,2.52421868837
727,2.53489577145
728,1.99734370124
729,2.89328117936
730,2.32276035996
731,2.14374994766
732,2.09229161559
733,2.08692703238
734,2.48145827275
735,3.25427075388
736,2.68067701789
737,2.69421868422
738,2.71671868367
739,2.70911451719
740,3.25223950393
741,2.73098951666
742,2.74046868309
743,2.73416659991
744,5.55692694767
745,4.7143748849
746,4.71156238497
747,2.13093744798
748,2.55354160432
749,2.06562494957
750,2.07812494926
751,2.07458328268
752,2.08640619906
753,2.07760411594
754,2.08937494899
755,2.65776035178
756,2.10708328189
757,2.26843744462
758,4.84619779835
759,2.12223953152
760,2.65020826863
761,2.11192703177
762,5.06343737638
763,6.85505191597
764,5.59083319684
765,5.0888019591
766,3.28302075318
767,2.70916660052
768,2.72187493355
769,2.44078119041
770,2.84734368048
771,5.0532290433
772,1.95968745216
773,1.93239578616
774,2.21130202935
775,2.50338535555
776,2.07776036594
777,3.66151032727
778,2.80656243148
779,2.7703645157
780,2.72338535018
781,3.4773436651
782,5.25010403849
783,2.44578119029
784,2.06781244952
785,3.79874990726
786,2.56151035413
787,2.07984369922
788,3.2851561698
789,4.86067696466
790,2.83312493083
791,4.12432281598
792,4.44166655823
793,4.43458322507
794,4.31604156129
795,4.47374989078
796,4.60552072089
797,13.1245309296
798,5.29078112083
799,4.67234363593
800,4.97078112864
801,15.5367183707
802,7.42859356864
803,16.9846870853
804,4.96729154539
805,4.77234363349
806,4.58552072138
807,6.97854149629
808,5.15921862404
809,4.08380198363
810,7.73661439445
811,3.92833323743
812,4.28255197878
813,4.0455728179
814,3.99442698581
815,22.924478607
816,4.18036448127
817,4.1190103161
818,2.13124994797
819,3.56531241296
820,2.49479160576
821,3.41156241671
822,2.50578118882
823,2.50510410551
824,3.44432283258
825,2.66817701819
826,5.14927070762
827,2.6677082682
828,2.58822910348
829,2.59796868657
830,3.90520823799
831,2.40088535805
832,2.07499994934
833,2.09145828227
834,2.07520828267
835,2.9982811768
836,2.57645827043
837,2.50104160561
838,2.07286453273
839,2.76130201592
840,2.69796868413
841,2.68630201775
842,3.90640615463
843,2.08390619912
844,2.58119785365
845,2.09874994876
846,2.09614578216
847,4.97140612863
848,5.34796861943
849,5.87661443986
850,4.6638540528
851,2.76265618255
852,2.71244785044
853,2.6772916013
854,2.5929686867
855,2.56963535393
856,14.0308329908
857,5.01385404426
858,4.34776031052
859,6.31552067915
860,6.80265608392
861,4.10541656644
862,4.10671864974
863,7.29598940521
864,6.37322901107
865,5.3014582039
866,4.36338531014
867,6.66286442067
868,6.28895817979
869,8.0255206374
870,6.07661443498
871,5.01260404429
872,22.2442182069
873,3.46223949881
874,4.74213530089
875,6.44385400935
876,2.08406244912
877,2.92249992865
878,2.0877603657
879,2.12177078153
880,3.14885408979
881,4.43135405848
882,2.83489576412
883,2.82052076447
884,4.43848947497
885,2.60020826985
886,2.89807284591
887,2.09005203231
888,2.10020828206
889,2.52973952157
890,2.08374994913
891,5.78598944207
892,5.56723944741
893,9.07104144521
894,19.1455724492
895,7.06635399415
896,5.86583319012
897,14.0867704894
898,2.95484367786
899,1.9703124519
900,2.07880203258
901,2.33229160973
902,3.94197907043
903,4.01739573525
904,2.69874993411
905,3.69218740986
906,2.74078118309
907,4.21729156371
908,2.76088534926
909,3.52562491393
910,2.80322909823
911,8.51109354221
912,5.0532290433
913,1.83671870516
914,2.22807286227
915,2.20166661292
916,7.50109356687
917,3.12885409028
918,2.79812493169
919,1.96442703537
920,1.97130203521
921,1.94791661911
922,2.38031244189
923,2.72380201683
924,3.64942699424
925,2.71380201708
926,5.10796862529
927,4.16020823177
928,5.05942695981
929,8.44140604391
930,5.64526027884
931,2.09041661563
932,2.08989578231
933,2.93989576156
934,5.30807278708
935,2.75010409953
936,2.77390618228
937,3.71307282602
938,2.79677076505
939,3.95505198677
940,3.02734367609
941,4.96520821211
942,3.40062491698
943,3.67869782685
944,4.28791656198
945,5.91520818892
946,2.94593742808
947,6.08713526805
948,3.40489575021
949,3.2413020042
950,2.74927076621
951,2.72093743357
952,2.68947910101
953,3.30999991919
954,2.07890619925
955,2.27098952789
956,5.99281235369
957,1.96052078547
958,3.53385408039
959,2.72442701682
960,2.74869784956
961,5.13635404127
962,6.04036443586
963,5.13046862474
964,5.76354152596
965,5.0503123767
966,3.39739575039
967,3.07296867498
968,4.61744780394
969,6.25984359717
970,4.46942697422
971,4.36692697672
972,4.26906239577
973,1.94635411915
974,2.42640619076
975,2.49119785585
976,3.17541658914
977,2.54072910464
978,2.08734369904
979,3.80666657373
980,5.9868227705
981,7.67598939593
982,4.89432279718
983,5.1935936232
984,1.85781245464
985,3.26463533696
986,2.07828119926
987,2.07885411591
988,2.69083326764
989,2.30505202706
990,3.3462499183
991,2.09171869893
992,2.0822395325
993,2.2541145283
994,2.90609367905
995,2.40010410807
996,2.53921868801
997,2.82453118104
998,2.75515618274
999,2.70713535057
1000,2.73822909982
1001,2.43510410722
1002,2.78380201537
1003,2.82255201442
1004,4.75276030063
1005,5.78192694217
1006,5.11947904168
1007,2.07744786595
1008,3.47312491521
1009,5.17567695697
1010,5.19385403986
1011,4.669374886
1012,1.97265620184
1013,1.98489578487
1014,1.93468745277
1015,2.27989577767
1016,2.22270827907
1017,2.68770826772
1018,2.5682811873
1019,2.11546869835
1020,4.52078113963
1021,2.08239578249
1022,2.06906244949
1023,2.11109369846
1024,3.3598957513
1025,3.81598949017
1026,4.80760404929
1027,4.6788019691
1028,4.78880196642
1029,4.57906238821
1030,2.72437493349
1031,2.65218743525
1032,2.61822910275
1033,3.20057283853
1034,3.39333325049
1035,2.6828124345
1036,2.68723951773
1037,3.48583324823
1038,4.58781238799
1039,10.595416408
1040,5.40208320145
1041,5.77552069233
1042,4.85177071488
1043,6.52005192415
1044,7.2990623218
1045,7.51994773307
1046,6.68885400336
1047,7.41843731889
1048,7.84874980838
1049,5.55036444783
1050,4.58427072141
1051,8.28234354779
1052,5.54828111454
1053,6.0811977682
1054,5.95942693784
1055,19.7314057683
1056,14.0270309075
1057,7.76494772709
1058,9.1845831091
1059,25.4407806289
1060,5.76541652591
1061,5.05718737653
1062,4.3716144766
1063,7.10307274325
1064,4.10010406657
1065,4.0673436507
1066,10.9064059837
1067,4.15999989844
1068,21.627811972
1069,4.4905207237
1070,6.32583317889
1071,4.23880197985
1072,3.93395823729
1073,5.87453110658
1074,3.80572907375
1075,3.84593740611
1076,4.91078113011
1077,4.52098947296
1078,2.66911451817
1079,2.68656243441
1080,2.67802076795
1081,15.9106246116
1082,21.9229161314
1083,4.63848947009
1084,3.8993749048
1085,2.71942701694
1086,5.05234362665
1087,2.67765618463
1088,2.703437434
1089,2.69833326746
1090,2.80312493156
1091,5.10697904198
1092,4.81937488234
1093,3.90833323792
1094,2.43463535723
1095,3.11822909054
1096,2.08479161577
1097,7.5066664834
1098,4.88578113072
1099,5.0353644604
1100,32.3307283773
1101,3.30380200267
1102,2.75145826616
1103,12.0238538731
1104,2.74192701639
1105,6.20499984851
1106,5.42963528411
1107,5.1377082079
1108,4.89359363053
1109,6.18255193239
1110,4.47468739075
1111,4.38624989291
1112,4.24307281308
1113,18.7805724582
1114,7.3154685714
1115,1.97442703513
1116,1.9358853694
1117,1.95489578561
1118,1.94359370255
1119,3.66916657709
1120,1.96911453526
1121,2.35984369239
1122,2.07187494942
1123,2.0958853655
1124,2.94802076136
1125,2.69677076749
1126,2.36583327557
1127,2.08364578246
1128,2.07307286605
1129,3.91072907119
1130,5.35947903582
1131,4.9260415464
1132,6.00765610333
1133,4.17598948138
1134,2.68453118446
1135,3.2427603375
1136,2.69296868425
1137,2.69911451744
1138,4.59526030448
1139,5.63671861238
1140,4.74510405082
1141,4.44427072483
1142,3.37453116761
1143,2.55552077094
1144,2.49171868917
1145,2.58411452024
1146,2.66895826817
1147,2.6748436847
1148,2.10916661517
1149,2.86218743012
1150,2.0711978661
1151,2.07057286612
1152,2.16114578057
1153,2.70755201723
1154,4.20593739732
1155,5.64708319547
1156,2.75156243282
1157,2.87223951321
1158,2.86739576333
1159,2.90572909573
1160,6.01291651987
1161,5.03192696048
1162,3.60802074525
1163,3.41619783326
1164,2.6459374354
1165,2.5598436875
1166,2.9779686773
1167,4.09484365003
1168,4.98218737836
1169,4.45328114128
1170,3.29093741965
1171,3.21932283807
1172,2.66583326825
1173,3.38583325067
1174,3.12958325693
1175,2.0669791162
1176,2.06942703281
1177,3.31640616903
1178,5.625208196
1179,2.68932285101
1180,2.74119784974
1181,2.70744785057
1182,3.09322909115
1183,5.33255195314
1184,5.44697903368
1185,4.36562489342
1186,2.51843743851
1187,2.0768749493
1188,2.06458328293
1189,2.7864582653
1190,4.04651031787
1191,2.73604159987
1192,2.69630201751
1193,2.65687493513
1194,4.11864573278
1195,2.08072911587
1196,3.6660936605
1197,2.7458332663
1198,3.62541657816
1199,2.95630201116
1200,7.63322898031
1201,4.7075519684
1202,3.46749991534
1203,3.57427074607
1204,3.34140616842
1205,2.69182285095
1206,5.67041652823
1207,3.97838531954
1208,3.65906241067
1209,2.08276036582
1210,2.09317703223
1211,3.74276032529
1212,2.06864578283
1213,3.75770824159
1214,4.75729155052
1215,7.01098941217
1216,5.57494778056
1217,2.0682811995
1218,2.88578117955
1219,2.07479161601
1220,5.70703111067
1221,4.91911446324
1222,5.22046862255
1223,6.7080727529
1224,7.64953106324
1225,4.33124989426
1226,2.7456770163
