frame,wall_ms,frame_wait_ms,scene_advance_ms,view_build_ms,render_submit_ms,gpu_valid,gpu_serial,gpu_ms,process_valid,process_cpu_ms,working_set_bytes,private_bytes,vma_valid,vma_allocation_bytes,vma_peak_allocation_bytes,vma_heap_usage_bytes,vma_heap_budget_bytes,raw_instances,visible_instances,culled_instances,lights,depth_draw_calls,shadow_draw_calls,base_draw_calls,lighting_draw_calls,tone_map_draw_calls,legacy_draw_calls,presenter_draw_calls,draw_calls,total_draw_calls,all_draw_calls,dispatch_count,shadow_faces,shadow_cache_hits,shadow_misses,shadow_batches,asset_upload_bytes,dynamic_lighting_upload_bytes,gather_ms,plan_ms,upload_frame_ms
0,4.579,0.001,0,0.312,0.092,0,0,,1,0,242262016,303104000,1,73499584,73499584,167755776,38823561584,10004,104,9900,2,3,0,3,3,1,0,1,9,10,11,1,0,2,0,1,0,1281872,2.469,0.876,0.104
1,4.597,0.002,0,0.384,0.053,0,0,,0,,,,0,,,,,10004,104,9900,2,3,0,3,3,1,0,1,9,10,11,1,0,2,0,1,0,1281872,2.603,0.697,0.085
2,14.298,8.74,0,0.373,0.069,0,0,,0,,,,0,,,,,10004,104,9900,2,3,0,3,3,1,0,1,9,10,11,1,0,2,0,1,0,1281872,3.243,0.866,0.133
3,10.12,4.381,0,0.538,0.057,0,0,,0,,,,0,,,,,10004,104,9900,2,3,0,3,3,1,0,1,9,10,11,1,0,2,0,1,0,1281872,3.269,0.94,0.129
4,11.441,6.332,0,0.455,0.065,0,0,,0,,,,0,,,,,10004,104,9900,2,3,0,3,3,1,0,1,9,10,11,1,0,2,0,1,0,1281872,2.577,1.138,0.131
5,13.836,9.223,0,0.375,0.055,0,0,,0,,,,0,,,,,10004,104,9900,2,3,0,3,3,1,0,1,9,10,11,1,0,2,0,1,0,1281872,2.619,0.74,0.087
6,11.707,6.503,0.001,0.443,0.05,0,0,,0,,,,0,,,,,10004,104,9900,2,3,0,3,3,1,0,1,9,10,11,1,0,2,0,1,0,1281872,2.906,0.916,0.166
7,5.57,0.001,0,0.584,0.059,0,0,,0,,,,0,,,,,10004,104,9900,2,3,0,3,3,1,0,1,9,10,11,1,0,2,0,1,0,1281872,3.175,0.811,0.098
8,4.719,0.001,0,0.312,0.053,0,0,,0,,,,0,,,,,10004,104,9900,2,3,0,3,3,1,0,1,9,10,11,1,0,2,0,1,0,1281872,2.712,0.835,0.107
9,5.959,0.002,0.001,0.816,0.058,0,0,,0,,,,0,,,,,10004,104,9900,2,3,0,3,3,1,0,1,9,10,11,1,0,2,0,1,0,1281872,2.909,0.781,0.096
10,5.618,0.001,0,0.384,0.051,0,0,,0,,,,0,,,,,10004,104,9900,2,3,0,3,3,1,0,1,9,10,11,1,0,2,0,1,0,1281872,3.321,0.89,0.117
11,4.457,0.001,0,0.339,0.049,0,0,,0,,,,0,,,,,10004,104,9900,2,3,0,3,3,1,0,1,9,10,11,1,0,2,0,1,0,1281872,2.35,0.92,0.113
12,4.563,0.001,0,0.377,0.041,0,0,,0,,,,0,,,,,10004,104,9900,2,3,0,3,3,1,0,1,9,10,11,1,0,2,0,1,0,1281872,2.545,0.749,0.091
13,4.523,0,0,0.276,0.033,0,0,,0,,,,0,,,,,10004,104,9900,2,3,0,3,3,1,0,1,9,10,11,1,0,2,0,1,0,1281872,2.678,0.877,0.098
14,6.205,1.444,0,0.443,0.057,0,0,,0,,,,0,,,,,10004,104,9900,2,3,0,3,3,1,0,1,9,10,11,1,0,2,0,1,0,1281872,2.531,0.875,0.124
15,7.143,1.708,0,0.384,0.061,0,0,,0,,,,0,,,,,10004,104,9900,2,3,0,3,3,1,0,1,9,10,11,1,0,2,0,1,0,1281872,3.03,0.995,0.122
16,10.112,5.139,0.001,0.374,0.097,0,0,,0,,,,0,,,,,10004,104,9900,2,3,0,3,3,1,0,1,9,10,11,1,0,2,0,1,0,1281872,2.806,0.847,0.147
17,9.896,4.281,0,0.593,0.049,0,0,,0,,,,0,,,,,10004,104,9900,2,3,0,3,3,1,0,1,9,10,11,1,0,2,0,1,0,1281872,3.059,0.972,0.142
18,11.191,5.888,0,0.492,0.056,0,0,,0,,,,0,,,,,10004,104,9900,2,3,0,3,3,1,0,1,9,10,11,1,0,2,0,1,0,1281872,2.862,0.953,0.115
19,13.07,7.459,0.001,0.36,0.064,0,0,,0,,,,0,,,,,10004,104,9900,2,3,0,3,3,1,0,1,9,10,11,1,0,2,0,1,0,1281872,3.252,0.962,0.116
20,11.088,5.414,0.001,0.456,0.066,0,0,,0,,,,0,,,,,10004,104,9900,2,3,0,3,3,1,0,1,9,10,11,1,0,2,0,1,0,1281872,3.233,0.795,0.112
21,5.952,0.312,0.001,0.487,0.049,0,0,,0,,,,0,,,,,10004,104,9900,2,3,0,3,3,1,0,1,9,10,11,1,0,2,0,1,0,1281872,3.185,0.963,0.126
22,7.234,1.659,0.001,0.415,0.108,0,0,,0,,,,0,,,,,10004,104,9900,2,3,0,3,3,1,0,1,9,10,11,1,0,2,0,1,0,1281872,3.086,1.014,0.122
23,5.02,0.001,0,0.42,0.046,0,0,,0,,,,0,,,,,10004,104,9900,2,3,0,3,3,1,0,1,9,10,11,1,0,2,0,1,0,1281872,2.911,0.791,0.093
24,4.648,0.103,0.001,0.304,0.034,0,0,,0,,,,0,,,,,10004,104,9900,2,3,0,3,3,1,0,1,9,10,11,1,0,2,0,1,0,1281872,2.62,0.846,0.094
25,8.509,3.487,0,0.334,0.057,0,0,,0,,,,0,,,,,10004,104,9900,2,3,0,3,3,1,0,1,9,10,11,1,0,2,0,1,0,1281872,2.871,0.94,0.116
26,8.91,3.462,0,0.454,0.063,0,0,,0,,,,0,,,,,10004,104,9900,2,3,0,3,3,1,0,1,9,10,11,1,0,2,0,1,0,1281872,2.979,1.014,0.122
27,11.973,6.736,0.001,0.447,0.063,0,0,,0,,,,0,,,,,10004,104,9900,2,3,0,3,3,1,0,1,9,10,11,1,0,2,0,1,0,1281872,2.954,0.853,0.107
28,10.561,5.104,0.001,0.529,0.117,0,0,,0,,,,0,,,,,10004,104,9900,2,3,0,3,3,1,0,1,9,10,11,1,0,2,0,1,0,1281872,2.854,0.967,0.113
29,12.557,7.368,0,0.439,0.068,0,0,,0,,,,0,,,,,10004,104,9900,2,3,0,3,3,1,0,1,9,10,11,1,0,2,0,1,0,1281872,2.859,0.894,0.123
30,8.631,3.456,0.001,0.389,0.056,0,0,,1,140.625,242274304,303104000,1,73499584,73499584,167755776,38823561584,10004,104,9900,2,3,0,3,3,1,0,1,9,10,11,1,0,2,0,1,0,1281872,2.853,0.92,0.106
31,11.623,6.69,0,0.479,0.063,0,0,,0,,,,0,,,,,10004,104,9900,2,3,0,3,3,1,0,1,9,10,11,1,0,2,0,1,0,1281872,2.851,0.712,0.114
32,11.719,6.689,0,0.475,0.049,0,0,,0,,,,0,,,,,10004,104,9900,2,3,0,3,3,1,0,1,9,10,11,1,0,2,0,1,0,1281872,2.761,0.883,0.104
33,4.892,0.001,0,0.321,0.049,0,0,,0,,,,0,,,,,10004,104,9900,2,3,0,3,3,1,0,1,9,10,11,1,0,2,0,1,0,1281872,2.804,0.878,0.135
34,5.176,0,0,0.361,0.057,0,0,,0,,,,0,,,,,10004,104,9900,2,3,0,3,3,1,0,1,9,10,11,1,0,2,0,1,0,1281872,3.066,0.676,0.106
35,4.852,0.001,0.001,0.321,0.051,0,0,,0,,,,0,,,,,10004,104,9900,2,3,0,3,3,1,0,1,9,10,11,1,0,2,0,1,0,1281872,2.721,0.967,0.101
36,5.423,0.001,0.001,0.391,0.067,0,0,,0,,,,0,,,,,10004,104,9900,2,3,0,3,3,1,0,1,9,10,11,1,0,2,0,1,0,1281872,3.018,0.724,0.108
37,20.756,15.655,0.001,0.437,0.053,0,0,,0,,,,0,,,,,10004,104,9900,2,3,0,3,3,1,0,1,9,10,11,1,0,2,0,1,0,1281872,2.898,0.84,0.104
38,9.959,4.838,0,0.556,0.067,0,0,,0,,,,0,,,,,10004,104,9900,2,3,0,3,3,1,0,1,9,10,11,1,0,2,0,1,0,1281872,2.792,0.783,0.093
39,9.437,4.71,0.001,0.431,0.056,0,0,,0,,,,0,,,,,10004,104,9900,2,3,0,3,3,1,0,1,9,10,11,1,0,2,0,1,0,1281872,2.591,0.835,0.073
40,12.723,7.412,0,0.38,0.05,0,0,,0,,,,0,,,,,10004,104,9900,2,3,0,3,3,1,0,1,9,10,11,1,0,2,0,1,0,1281872,3.024,0.879,0.106
41,6.46,0.84,0,0.483,0.063,0,0,,0,,,,0,,,,,10004,104,9900,2,3,0,3,3,1,0,1,9,10,11,1,0,2,0,1,0,1281872,3.271,0.882,0.111
42,7.965,2.425,0,0.538,0.07,0,0,,0,,,,0,,,,,10004,104,9900,2,3,0,3,3,1,0,1,9,10,11,1,0,2,0,1,0,1281872,2.979,1.007,0.122
43,5.421,0.787,0,0.409,0.055,0,0,,0,,,,0,,,,,10004,104,9900,2,3,0,3,3,1,0,1,9,10,11,1,0,2,0,1,0,1281872,2.604,0.688,0.103
44,15.726,10.392,0,0.404,0.078,0,0,,0,,,,0,,,,,10004,104,9900,2,3,0,3,3,1,0,1,9,10,11,1,0,2,0,1,0,1281872,3.079,0.796,0.129
45,8.279,2.632,0,0.448,0.055,0,0,,0,,,,0,,,,,10004,104,9900,2,3,0,3,3,1,0,1,9,10,11,1,0,2,0,1,0,1281872,3.238,1.015,0.103
46,5.07,0.001,0,0.288,0.102,0,0,,0,,,,0,,,,,10004,104,9900,2,3,0,3,3,1,0,1,9,10,11,1,0,2,0,1,0,1281872,2.712,1.077,0.134
47,5.998,0.002,0,0.477,0.086,0,0,,0,,,,0,,,,,10004,104,9900,2,3,0,3,3,1,0,1,9,10,11,1,0,2,0,1,0,1281872,3.508,0.977,0.106
48,4.739,0.001,0,0.33,0.046,0,0,,0,,,,0,,,,,10004,104,9900,2,3,0,3,3,1,0,1,9,10,11,1,0,2,0,1,0,1281872,2.767,0.823,0.092
49,10.665,6.032,0.001,0.391,0.056,0,0,,0,,,,0,,,,,10004,104,9900,2,3,0,3,3,1,0,1,9,10,11,1,0,2,0,1,0,1281872,2.502,0.84,0.082
50,6.135,1.66,0.001,0.449,0.042,0,0,,0,,,,0,,,,,10004,104,9900,2,3,0,3,3,1,0,1,9,10,11,1,0,2,0,1,0,1281872,2.519,0.684,0.081
51,8.003,2.293,0,0.481,0.059,0,0,,0,,,,0,,,,,10004,104,9900,2,3,0,3,3,1,0,1,9,10,11,1,0,2,0,1,0,1281872,3.357,0.882,0.118
52,5.267,0.002,0.001,0.444,0.06,0,0,,0,,,,0,,,,,10004,104,9900,2,3,0,3,3,1,0,1,9,10,11,1,0,2,0,1,0,1281872,2.937,0.899,0.112
53,5.465,0.247,0,0.385,0.064,0,0,,0,,,,0,,,,,10004,104,9900,2,3,0,3,3,1,0,1,9,10,11,1,0,2,0,1,0,1281872,2.945,0.928,0.099
54,8.35,3.033,0,0.518,0.055,0,0,,0,,,,0,,,,,10004,104,9900,2,3,0,3,3,1,0,1,9,10,11,1,0,2,0,1,0,1281872,2.932,0.857,0.104
55,8.571,3.465,0,0.499,0.108,0,0,,0,,,,0,,,,,10004,104,9900,2,3,0,3,3,1,0,1,9,10,11,1,0,2,0,1,0,1281872,2.846,0.772,0.089
56,12.241,6.545,0.001,0.489,0.055,0,0,,0,,,,0,,,,,10004,104,9900,2,3,0,3,3,1,0,1,9,10,11,1,0,2,0,1,0,1281872,2.879,0.956,0.428
57,11.828,6.501,0.001,0.641,0.057,0,0,,0,,,,0,,,,,10004,104,9900,2,3,0,3,3,1,0,1,9,10,11,1,0,2,0,1,0,1281872,2.763,0.844,0.091
58,8.024,3.094,0.001,0.483,0.053,0,0,,0,,,,0,,,,,10004,104,9900,2,3,0,3,3,1,0,1,9,10,11,1,0,2,0,1,0,1281872,2.717,0.856,0.1
59,5.276,0.274,0,0.4,0.041,0,0,,0,,,,0,,,,,10004,104,9900,2,3,0,3,3,1,0,1,9,10,11,1,0,2,0,1,0,1281872,2.852,0.901,0.1
60,6.574,1.493,0,0.453,0.056,0,0,,1,296.875,242274304,303099904,1,73499584,73499584,167755776,38823561584,10004,104,9900,2,3,0,3,3,1,0,1,9,10,11,1,0,2,0,1,0,1281872,2.86,0.892,0.105
61,8.959,3.334,0.001,0.471,0.063,0,0,,0,,,,0,,,,,10004,104,9900,2,3,0,3,3,1,0,1,9,10,11,1,0,2,0,1,0,1281872,3.057,1.051,0.122
62,11.199,6.651,0.001,0.447,0.047,0,0,,0,,,,0,,,,,10004,104,9900,2,3,0,3,3,1,0,1,9,10,11,1,0,2,0,1,0,1281872,2.561,0.661,0.083
63,7.741,2.51,0,0.388,0.06,0,0,,0,,,,0,,,,,10004,104,9900,2,3,0,3,3,1,0,1,9,10,11,1,0,2,0,1,0,1281872,3.1,0.877,0.097
64,4.19,0.001,0.001,0.326,0.04,0,0,,0,,,,0,,,,,10004,104,9900,2,3,0,3,3,1,0,1,9,10,11,1,0,2,0,1,0,1281872,2.279,0.778,0.123
65,4.43,0.001,0,0.325,0.037,0,0,,0,,,,0,,,,,10004,104,9900,2,3,0,3,3,1,0,1,9,10,11,1,0,2,0,1,0,1281872,2.6,0.712,0.079
66,4.285,0.001,0.001,0.266,0.036,0,0,,0,,,,0,,,,,10004,104,9900,2,3,0,3,3,1,0,1,9,10,11,1,0,2,0,1,0,1281872,2.476,0.803,0.084
67,4.861,0.001,0,0.38,0.04,0,0,,0,,,,0,,,,,10004,104,9900,2,3,0,3,3,1,0,1,9,10,11,1,0,2,0,1,0,1281872,2.772,0.783,0.101
68,4.855,0.165,0.001,0.298,0.032,0,0,,0,,,,0,,,,,10004,104,9900,2,3,0,3,3,1,0,1,9,10,11,1,0,2,0,1,0,1281872,2.62,1.021,0.104
69,5.462,1.395,0,0.324,0.046,0,0,,0,,,,0,,,,,10004,104,9900,2,3,0,3,3,1,0,1,9,10,11,1,0,2,0,1,0,1281872,2.305,0.66,0.072
70,6.081,1.142,0.017,0.352,0.049,0,0,,0,,,,0,,,,,10004,104,9900,2,3,0,3,3,1,0,1,9,10,11,1,0,2,0,1,0,1281872,2.806,0.754,0.105
71,5.451,0.676,0.001,0.312,0.044,0,0,,0,,,,0,,,,,10004,104,9900,2,3,0,3,3,1,0,1,9,10,11,1,0,2,0,1,0,1281872,2.776,0.874,0.112
72,5.606,0.71,0.001,0.343,0.079,0,0,,0,,,,0,,,,,10004,104,9900,2,3,0,3,3,1,0,1,9,10,11,1,0,2,0,1,0,1281872,2.756,0.881,0.101
73,7.149,2.416,0,0.46,0.051,0,0,,0,,,,0,,,,,10004,104,9900,2,3,0,3,3,1,0,1,9,10,11,1,0,2,0,1,0,1281872,2.595,0.789,0.076
74,11.484,6.783,0,0.337,0.06,0,0,,0,,,,0,,,,,10004,104,9900,2,3,0,3,3,1,0,1,9,10,11,1,0,2,0,1,0,1281872,2.582,0.89,0.12
75,6.75,2.117,0,0.4,0.043,0,0,,0,,,,0,,,,,10004,104,9900,2,3,0,3,3,1,0,1,9,10,11,1,0,2,0,1,0,1281872,2.622,0.804,0.1
76,5.18,0.292,0.001,0.441,0.043,0,0,,0,,,,0,,,,,10004,104,9900,2,3,0,3,3,1,0,1,9,10,11,1,0,2,0,1,0,1281872,2.715,0.833,0.082
77,7.74,2.575,0,0.411,0.081,0,0,,0,,,,0,,,,,10004,104,9900,2,3,0,3,3,1,0,1,9,10,11,1,0,2,0,1,0,1281872,3.012,0.804,0.125
78,8.244,3,0,0.338,0.058,0,0,,0,,,,0,,,,,10004,104,9900,2,3,0,3,3,1,0,1,9,10,11,1,0,2,0,1,0,1281872,3.105,0.826,0.107
79,11.422,4.776,0,0.723,0.074,0,0,,0,,,,0,,,,,10004,104,9900,2,3,0,3,3,1,0,1,9,10,11,1,0,2,0,1,0,1281872,3.413,1.073,0.119
80,4.951,0.001,0.001,0.379,0.039,0,0,,0,,,,0,,,,,10004,104,9900,2,3,0,3,3,1,0,1,9,10,11,1,0,2,0,1,0,1281872,2.923,0.749,0.109
81,7.489,1.387,0,0.403,0.046,0,0,,0,,,,0,,,,,10004,104,9900,2,3,0,3,3,1,0,1,9,10,11,1,0,2,0,1,0,1281872,3.781,0.965,0.107
82,4.011,0.002,0.001,0.343,0.033,0,0,,0,,,,0,,,,,10004,104,9900,2,3,0,3,3,1,0,1,9,10,11,1,0,2,0,1,0,1281872,2.158,0.688,0.073
83,11.974,6.903,0,0.346,0.066,0,0,,0,,,,0,,,,,10004,104,9900,2,3,0,3,3,1,0,1,9,10,11,1,0,2,0,1,0,1281872,2.938,0.889,0.102
84,8.173,3.893,0.001,0.423,0.045,0,0,,0,,,,0,,,,,10004,104,9900,2,3,0,3,3,1,0,1,9,10,11,1,0,2,0,1,0,1281872,2.397,0.705,0.075
85,6.413,1.722,0,0.418,0.059,0,0,,0,,,,0,,,,,10004,104,9900,2,3,0,3,3,1,0,1,9,10,11,1,0,2,0,1,0,1281872,2.525,0.878,0.091
86,6.078,1.597,0.001,0.457,0.048,0,0,,0,,,,0,,,,,10004,104,9900,2,3,0,3,3,1,0,1,9,10,11,1,0,2,0,1,0,1281872,2.378,0.813,0.086
87,5.268,0.502,0,0.438,0.043,0,0,,0,,,,0,,,,,10004,104,9900,2,3,0,3,3,1,0,1,9,10,11,1,0,2,0,1,0,1281872,2.558,0.873,0.089
88,7.41,2.422,0,0.509,0.039,0,0,,0,,,,0,,,,,10004,104,9900,2,3,0,3,3,1,0,1,9,10,11,1,0,2,0,1,0,1281872,2.752,0.846,0.107
89,7.749,2.919,0,0.408,0.041,0,0,,0,,,,0,,,,,10004,104,9900,2,3,0,3,3,1,0,1,9,10,11,1,0,2,0,1,0,1281872,2.75,0.939,0.113
90,11.32,6.991,0.001,0.468,0.047,0,0,,1,453.125,242286592,303104000,1,73499584,73499584,167755776,38823561584,10004,104,9900,2,3,0,3,3,1,0,1,9,10,11,1,0,2,0,1,0,1281872,2.319,0.742,0.079
91,11.893,7.83,0,0.458,0.059,0,0,,0,,,,0,,,,,10004,104,9900,2,3,0,3,3,1,0,1,9,10,11,1,0,2,0,1,0,1281872,2.121,0.669,0.104
92,8.403,4.004,0.001,0.322,0.052,0,0,,0,,,,0,,,,,10004,104,9900,2,3,0,3,3,1,0,1,9,10,11,1,0,2,0,1,0,1281872,2.372,0.759,0.084
93,8.97,3.884,0,0.417,0.074,0,0,,0,,,,0,,,,,10004,104,9900,2,3,0,3,3,1,0,1,9,10,11,1,0,2,0,1,0,1281872,2.752,0.94,0.126
94,4.558,0.056,0,0.562,0.044,0,0,,0,,,,0,,,,,10004,104,9900,2,3,0,3,3,1,0,1,9,10,11,1,0,2,0,1,0,1281872,2.292,0.759,0.088
95,5.623,0.575,0.001,0.383,0.051,0,0,,0,,,,0,,,,,10004,104,9900,2,3,0,3,3,1,0,1,9,10,11,1,0,2,0,1,0,1281872,2.933,0.876,0.101
96,6.456,1.573,0.001,0.34,0.065,0,0,,0,,,,0,,,,,10004,104,9900,2,3,0,3,3,1,0,1,9,10,11,1,0,2,0,1,0,1281872,2.68,0.973,0.125
97,4.746,0.431,0.001,0.472,0.046,0,0,,0,,,,0,,,,,10004,104,9900,2,3,0,3,3,1,0,1,9,10,11,1,0,2,0,1,0,1281872,2.383,0.594,0.081
98,10.399,6.4,0.001,0.397,0.058,0,0,,0,,,,0,,,,,10004,104,9900,2,3,0,3,3,1,0,1,9,10,11,1,0,2,0,1,0,1281872,2.022,0.782,0.097
99,5.991,0.881,0,0.392,0.045,0,0,,0,,,,0,,,,,10004,104,9900,2,3,0,3,3,1,0,1,9,10,11,1,0,2,0,1,0,1281872,2.828,0.906,0.114
100,4.987,0.001,0.001,0.285,0.044,0,0,,0,,,,0,,,,,10004,104,9900,2,3,0,3,3,1,0,1,9,10,11,1,0,2,0,1,0,1281872,3.008,0.849,0.115
101,4.689,0.667,0,0.405,0.037,0,0,,0,,,,0,,,,,10004,104,9900,2,3,0,3,3,1,0,1,9,10,11,1,0,2,0,1,0,1281872,2.26,0.696,0.078
102,11.43,5.859,0.001,0.585,0.047,0,0,,0,,,,0,,,,,10004,104,9900,2,3,0,3,3,1,0,1,9,10,11,1,0,2,0,1,0,1281872,2.423,0.593,0.107
103,13.359,9.503,0,0.44,0.047,0,0,,0,,,,0,,,,,10004,104,9900,2,3,0,3,3,1,0,1,9,10,11,1,0,2,0,1,0,1281872,2.014,0.557,0.08
104,8.542,5.014,0,0.371,0.045,0,0,,0,,,,0,,,,,10004,104,9900,2,3,0,3,3,1,0,1,9,10,11,1,0,2,0,1,0,1281872,1.817,0.632,0.069
105,6.551,1.759,0,0.44,0.059,0,0,,0,,,,0,,,,,10004,104,9900,2,3,0,3,3,1,0,1,9,10,11,1,0,2,0,1,0,1281872,2.653,0.713,0.072
106,6.418,1.468,0.001,0.324,0.051,0,0,,0,,,,0,,,,,10004,104,9900,2,3,0,3,3,1,0,1,9,10,11,1,0,2,0,1,0,1281872,2.842,0.87,0.101
107,4.71,0.481,0,0.357,0.041,0,0,,0,,,,0,,,,,10004,104,9900,2,3,0,3,3,1,0,1,9,10,11,1,0,2,0,1,0,1281872,2.401,0.719,0.093
108,6.625,1.951,0,0.486,0.057,0,0,,0,,,,0,,,,,10004,104,9900,2,3,0,3,3,1,0,1,9,10,11,1,0,2,0,1,0,1281872,2.65,0.612,0.085
109,10.33,6.532,0,0.39,0.067,0,0,,0,,,,0,,,,,10004,104,9900,2,3,0,3,3,1,0,1,9,10,11,1,0,2,0,1,0,1281872,1.978,0.646,0.1
110,10.126,5.108,0,0.467,0.059,0,0,,0,,,,0,,,,,10004,104,9900,2,3,0,3,3,1,0,1,9,10,11,1,0,2,0,1,0,1281872,2.884,0.729,0.123
111,5.109,0.244,0,0.401,0.061,0,0,,0,,,,0,,,,,10004,104,9900,2,3,0,3,3,1,0,1,9,10,11,1,0,2,0,1,0,1281872,2.57,0.989,0.099
112,7.071,1.691,0,0.45,0.065,0,0,,0,,,,0,,,,,10004,104,9900,2,3,0,3,3,1,0,1,9,10,11,1,0,2,0,1,0,1281872,3.037,0.937,0.123
113,6.706,2.504,0.001,0.428,0.053,0,0,,0,,,,0,,,,,10004,104,9900,2,3,0,3,3,1,0,1,9,10,11,1,0,2,0,1,0,1281872,2.333,0.618,0.068
114,10.298,5.506,0.001,0.361,0.056,0,0,,0,,,,0,,,,,10004,104,9900,2,3,0,3,3,1,0,1,9,10,11,1,0,2,0,1,0,1281872,2.715,0.794,0.094
115,8.824,4.897,0,0.393,0.049,0,0,,0,,,,0,,,,,10004,104,9900,2,3,0,3,3,1,0,1,9,10,11,1,0,2,0,1,0,1281872,2.169,0.605,0.071
116,14.673,10.293,0.001,0.427,0.055,0,0,,0,,,,0,,,,,10004,104,9900,2,3,0,3,3,1,0,1,9,10,11,1,0,2,0,1,0,1281872,2.266,0.858,0.1
117,13.523,9.029,0,0.345,0.058,0,0,,0,,,,0,,,,,10004,104,9900,2,3,0,3,3,1,0,1,9,10,11,1,0,2,0,1,0,1281872,2.397,0.855,0.098
118,7.789,1.996,0,0.361,0.083,0,0,,0,,,,0,,,,,10004,104,9900,2,3,0,3,3,1,0,1,9,10,11,1,0,2,0,1,0,1281872,3.361,1.066,0.133
119,5.173,0.001,0,0.385,0.051,0,0,,0,,,,0,,,,,10004,104,9900,2,3,0,3,3,1,0,1,9,10,11,1,0,2,0,1,0,1281872,3.031,0.74,0.115
120,4.378,0.002,0.001,0.321,0.034,0,0,,1,593.75,242827264,303906816,1,73499584,73499584,167755776,38823561584,10004,104,9900,2,3,0,3,3,1,0,1,9,10,11,1,0,2,0,1,0,1281872,2.499,0.735,0.094
121,8.878,4.228,0,0.483,0.052,0,0,,0,,,,0,,,,,10004,104,9900,2,3,0,3,3,1,0,1,9,10,11,1,0,2,0,1,0,1281872,2.544,0.645,0.104
122,9.201,3.665,0.001,0.477,0.057,0,0,,0,,,,0,,,,,10004,104,9900,2,3,0,3,3,1,0,1,9,10,11,1,0,2,0,1,0,1281872,3.103,0.98,0.112
123,9.858,5.513,0,0.36,0.049,0,0,,0,,,,0,,,,,10004,104,9900,2,3,0,3,3,1,0,1,9,10,11,1,0,2,0,1,0,1281872,2.488,0.676,0.075
124,13.863,8.39,0,0.421,0.074,0,0,,0,,,,0,,,,,10004,104,9900,2,3,0,3,3,1,0,1,9,10,11,1,0,2,0,1,0,1281872,3.185,0.887,0.119
125,5.776,0.344,0,0.383,0.066,0,0,,0,,,,0,,,,,10004,104,9900,2,3,0,3,3,1,0,1,9,10,11,1,0,2,0,1,0,1281872,3.11,0.807,0.118
126,6.651,0.81,0,0.484,0.071,0,0,,0,,,,0,,,,,10004,104,9900,2,3,0,3,3,1,0,1,9,10,11,1,0,2,0,1,0,1281872,3.035,0.946,0.133
127,6.75,0.671,0,0.518,0.059,0,0,,0,,,,0,,,,,10004,104,9900,2,3,0,3,3,1,0,1,9,10,11,1,0,2,0,1,0,1281872,3.422,0.938,0.144
128,5.832,0.001,0.001,0.394,0.051,0,0,,0,,,,0,,,,,10004,104,9900,2,3,0,3,3,1,0,1,9,10,11,1,0,2,0,1,0,1281872,3.496,0.975,0.123
129,5.063,0.002,0.001,0.416,0.045,0,0,,0,,,,0,,,,,10004,104,9900,2,3,0,3,3,1,0,1,9,10,11,1,0,2,0,1,0,1281872,2.81,0.927,0.11
130,7.561,2.125,0,0.481,0.063,0,0,,0,,,,0,,,,,10004,104,9900,2,3,0,3,3,1,0,1,9,10,11,1,0,2,0,1,0,1281872,2.996,0.887,0.136
131,8.756,3.906,0.001,0.507,0.071,0,0,,0,,,,0,,,,,10004,104,9900,2,3,0,3,3,1,0,1,9,10,11,1,0,2,0,1,0,1281872,2.666,0.708,0.102
132,11.576,5.589,0,0.47,0.054,0,0,,0,,,,0,,,,,10004,104,9900,2,3,0,3,3,1,0,1,9,10,11,1,0,2,0,1,0,1281872,3.401,1.107,0.104
133,10.187,4.423,0,0.485,0.08,0,0,,0,,,,0,,,,,10004,104,9900,2,3,0,3,3,1,0,1,9,10,11,1,0,2,0,1,0,1281872,3.304,0.975,0.129
134,13.272,7.308,0,0.473,0.056,0,0,,0,,,,0,,,,,10004,104,9900,2,3,0,3,3,1,0,1,9,10,11,1,0,2,0,1,0,1281872,3.064,1.381,0.158
135,9.027,3.926,0,0.417,0.072,0,0,,0,,,,0,,,,,10004,104,9900,2,3,0,3,3,1,0,1,9,10,11,1,0,2,0,1,0,1281872,2.765,0.913,0.118
136,15.189,9.759,0,0.514,0.074,0,0,,0,,,,0,,,,,10004,104,9900,2,3,0,3,3,1,0,1,9,10,11,1,0,2,0,1,0,1281872,3.049,0.782,0.112
137,11.126,4.92,0.001,0.478,0.535,0,0,,0,,,,0,,,,,10004,104,9900,2,3,0,3,3,1,0,1,9,10,11,1,0,2,0,1,0,1281872,3.312,0.935,0.111
138,11.44,6.449,0,0.45,0.065,0,0,,0,,,,0,,,,,10004,104,9900,2,3,0,3,3,1,0,1,9,10,11,1,0,2,0,1,0,1281872,2.717,0.836,0.091
139,10.594,5.606,0,0.403,0.062,0,0,,0,,,,0,,,,,10004,104,9900,2,3,0,3,3,1,0,1,9,10,11,1,0,2,0,1,0,1281872,2.727,0.948,0.104
140,12.801,8.313,0,0.506,0.057,0,0,,0,,,,0,,,,,10004,104,9900,2,3,0,3,3,1,0,1,9,10,11,1,0,2,0,1,0,1281872,2.417,0.739,0.075
141,10.879,6.16,0,0.34,0.067,0,0,,0,,,,0,,,,,10004,104,9900,2,3,0,3,3,1,0,1,9,10,11,1,0,2,0,1,0,1281872,2.746,0.743,0.091
142,6.276,1.638,0.001,0.43,0.054,0,0,,0,,,,0,,,,,10004,104,9900,2,3,0,3,3,1,0,1,9,10,11,1,0,2,0,1,0,1281872,2.602,0.654,0.1
143,33.37,28.742,0.001,0.506,0.07,0,0,,0,,,,0,,,,,10004,104,9900,2,3,0,3,3,1,0,1,9,10,11,1,0,2,0,1,0,1281872,2.43,0.778,0.081
144,5.759,0.678,0,0.428,0.051,0,0,,0,,,,0,,,,,10004,104,9900,2,3,0,3,3,1,0,1,9,10,11,1,0,2,0,1,0,1281872,2.876,0.86,0.111
145,4.801,0.002,0,0.316,0.049,0,0,,0,,,,0,,,,,10004,104,9900,2,3,0,3,3,1,0,1,9,10,11,1,0,2,0,1,0,1281872,2.697,0.86,0.119
146,6.69,1.337,0.001,0.394,0.053,0,0,,0,,,,0,,,,,10004,104,9900,2,3,0,3,3,1,0,1,9,10,11,1,0,2,0,1,0,1281872,3.17,0.89,0.128
147,4.814,0.001,0.001,0.339,0.04,0,0,,0,,,,0,,,,,10004,104,9900,2,3,0,3,3,1,0,1,9,10,11,1,0,2,0,1,0,1281872,2.813,0.775,0.129
148,6.754,2.006,0,0.391,0.071,0,0,,0,,,,0,,,,,10004,104,9900,2,3,0,3,3,1,0,1,9,10,11,1,0,2,0,1,0,1281872,2.361,0.98,0.122
149,9.017,3.132,0.001,0.534,0.049,0,0,,0,,,,0,,,,,10004,104,9900,2,3,0,3,3,1,0,1,9,10,11,1,0,2,0,1,0,1281872,3.359,0.975,0.116
150,12.674,6.928,0.001,0.459,0.061,0,0,,1,765.625,242229248,303030272,1,73499584,73499584,167755776,38823561584,10004,104,9900,2,3,0,3,3,1,0,1,9,10,11,1,0,2,0,1,0,1281872,3.209,1.037,0.113
151,9.477,3.728,0,0.454,0.065,0,0,,0,,,,0,,,,,10004,104,9900,2,3,0,3,3,1,0,1,9,10,11,1,0,2,0,1,0,1281872,3.247,1.032,0.116
152,10.968,5.625,0,0.451,0.052,0,0,,0,,,,0,,,,,10004,104,9900,2,3,0,3,3,1,0,1,9,10,11,1,0,2,0,1,0,1281872,3.082,0.829,0.119
153,15.137,9.7,0.001,0.551,0.084,0,0,,0,,,,0,,,,,10004,104,9900,2,3,0,3,3,1,0,1,9,10,11,1,0,2,0,1,0,1281872,2.9,0.849,0.128
154,13.1,7.749,0,0.496,0.08,0,0,,0,,,,0,,,,,10004,104,9900,2,3,0,3,3,1,0,1,9,10,11,1,0,2,0,1,0,1281872,2.95,0.823,0.125
155,11.17,5.468,0,0.558,0.072,0,0,,0,,,,0,,,,,10004,104,9900,2,3,0,3,3,1,0,1,9,10,11,1,0,2,0,1,0,1281872,3.029,1.082,0.117
156,18.187,12.859,0.001,0.469,0.069,0,0,,0,,,,0,,,,,10004,104,9900,2,3,0,3,3,1,0,1,9,10,11,1,0,2,0,1,0,1281872,2.922,0.974,0.11
157,10.694,4.678,0.001,0.474,0.068,0,0,,0,,,,0,,,,,10004,104,9900,2,3,0,3,3,1,0,1,9,10,11,1,0,2,0,1,0,1281872,3.663,0.821,0.112
158,9.133,3.733,0.001,0.45,0.062,0,0,,0,,,,0,,,,,10004,104,9900,2,3,0,3,3,1,0,1,9,10,11,1,0,2,0,1,0,1281872,3.147,0.655,0.108
159,13.689,8.146,0.001,0.629,0.06,0,0,,0,,,,0,,,,,10004,104,9900,2,3,0,3,3,1,0,1,9,10,11,1,0,2,0,1,0,1281872,2.889,0.967,0.121
160,10.26,3.965,0,0.445,0.061,0,0,,0,,,,0,,,,,10004,104,9900,2,3,0,3,3,1,0,1,9,10,11,1,0,2,0,1,0,1281872,3.658,1.135,0.13
161,12.421,7.379,0,0.503,0.054,0,0,,0,,,,0,,,,,10004,104,9900,2,3,0,3,3,1,0,1,9,10,11,1,0,2,0,1,0,1281872,2.748,0.849,0.091
162,9.352,3.941,0,0.435,0.065,0,0,,0,,,,0,,,,,10004,104,9900,2,3,0,3,3,1,0,1,9,10,11,1,0,2,0,1,0,1281872,3.032,0.936,0.113
163,14.564,8.879,0,0.59,0.064,0,0,,0,,,,0,,,,,10004,104,9900,2,3,0,3,3,1,0,1,9,10,11,1,0,2,0,1,0,1281872,3.212,0.802,0.103
164,24.771,19.757,0,0.427,0.069,0,0,,0,,,,0,,,,,10004,104,9900,2,3,0,3,3,1,0,1,9,10,11,1,0,2,0,1,0,1281872,2.783,0.766,0.111
165,12.903,8.608,0,0.4,0.06,0,0,,0,,,,0,,,,,10004,104,9900,2,3,0,3,3,1,0,1,9,10,11,1,0,2,0,1,0,1281872,2.234,0.765,0.098
166,9.783,5.799,0,0.43,0.038,0,0,,0,,,,0,,,,,10004,104,9900,2,3,0,3,3,1,0,1,9,10,11,1,0,2,0,1,0,1281872,2.159,0.704,0.071
167,13.453,8.807,0,0.587,0.05,0,0,,0,,,,0,,,,,10004,104,9900,2,3,0,3,3,1,0,1,9,10,11,1,0,2,0,1,0,1281872,2.503,0.753,0.081
168,6.392,2.666,0,0.381,0.044,0,0,,0,,,,0,,,,,10004,104,9900,2,3,0,3,3,1,0,1,9,10,11,1,0,2,0,1,0,1281872,2.039,0.663,0.07
169,6.88,2.283,0.001,0.369,0.057,0,0,,0,,,,0,,,,,10004,104,9900,2,3,0,3,3,1,0,1,9,10,11,1,0,2,0,1,0,1281872,2.812,0.508,0.087
170,6.265,2.269,0.001,0.44,0.068,0,0,,0,,,,0,,,,,10004,104,9900,2,3,0,3,3,1,0,1,9,10,11,1,0,2,0,1,0,1281872,2.17,0.636,0.077
171,4.189,0.001,0.001,0.305,0.053,0,0,,0,,,,0,,,,,10004,104,9900,2,3,0,3,3,1,0,1,9,10,11,1,0,2,0,1,0,1281872,2.312,0.795,0.087
172,4.819,0.001,0,0.265,0.037,0,0,,0,,,,0,,,,,10004,104,9900,2,3,0,3,3,1,0,1,9,10,11,1,0,2,0,1,0,1281872,2.75,0.938,0.096
173,4.273,0.001,0,0.308,0.038,0,0,,0,,,,0,,,,,10004,104,9900,2,3,0,3,3,1,0,1,9,10,11,1,0,2,0,1,0,1281872,2.357,0.817,0.081
174,4.282,0.001,0,0.3,0.036,0,0,,0,,,,0,,,,,10004,104,9900,2,3,0,3,3,1,0,1,9,10,11,1,0,2,0,1,0,1281872,2.6,0.631,0.089
175,5.612,1.182,0,0.338,0.049,0,0,,0,,,,0,,,,,10004,104,9900,2,3,0,3,3,1,0,1,9,10,11,1,0,2,0,1,0,1281872,2.613,0.679,0.116
176,6.039,1.338,0,0.535,0.054,0,0,,0,,,,0,,,,,10004,104,9900,2,3,0,3,3,1,0,1,9,10,11,1,0,2,0,1,0,1281872,2.492,0.738,0.106
177,5.038,0.528,0,0.321,0.051,0,0,,0,,,,0,,,,,10004,104,9900,2,3,0,3,3,1,0,1,9,10,11,1,0,2,0,1,0,1281872,2.514,0.823,0.091
178,6.664,1.065,0,0.402,0.06,0,0,,0,,,,0,,,,,10004,104,9900,2,3,0,3,3,1,0,1,9,10,11,1,0,2,0,1,0,1281872,3.384,0.977,0.134
179,4.755,0.001,0,0.37,0.053,0,0,,0,,,,0,,,,,10004,104,9900,2,3,0,3,3,1,0,1,9,10,11,1,0,2,0,1,0,1281872,2.672,0.82,0.107
180,4.77,0.001,0.001,0.373,0.049,0,0,,1,953.125,242774016,303906816,1,73499584,73499584,167755776,38823561584,10004,104,9900,2,3,0,3,3,1,0,1,9,10,11,1,0,2,0,1,0,1281872,2.756,0.73,0.106
181,5.714,0.001,0.001,0.339,0.058,0,0,,0,,,,0,,,,,10004,104,9900,2,3,0,3,3,1,0,1,9,10,11,1,0,2,0,1,0,1281872,2.91,1.407,0.135
182,5.283,0.002,0,0.393,0.06,0,0,,0,,,,0,,,,,10004,104,9900,2,3,0,3,3,1,0,1,9,10,11,1,0,2,0,1,0,1281872,2.938,0.859,0.106
183,5.515,0.001,0,0.35,0.072,0,0,,0,,,,0,,,,,10004,104,9900,2,3,0,3,3,1,0,1,9,10,11,1,0,2,0,1,0,1281872,3.271,0.966,0.108
184,6.389,0.001,0,0.378,0.09,0,0,,0,,,,0,,,,,10004,104,9900,2,3,0,3,3,1,0,1,9,10,11,1,0,2,0,1,0,1281872,3.828,1.092,0.158
185,5.407,0.002,0,0.436,0.048,0,0,,0,,,,0,,,,,10004,104,9900,2,3,0,3,3,1,0,1,9,10,11,1,0,2,0,1,0,1281872,3.064,0.904,0.11
186,15.361,10.233,0,0.446,0.073,0,0,,0,,,,0,,,,,10004,104,9900,2,3,0,3,3,1,0,1,9,10,11,1,0,2,0,1,0,1281872,2.953,0.642,0.105
187,9.613,4.974,0,0.435,0.065,0,0,,0,,,,0,,,,,10004,104,9900,2,3,0,3,3,1,0,1,9,10,11,1,0,2,0,1,0,1281872,2.453,0.779,0.101
188,11.866,6.669,0,0.393,0.061,0,0,,0,,,,0,,,,,10004,104,9900,2,3,0,3,3,1,0,1,9,10,11,1,0,2,0,1,0,1281872,2.794,1.035,0.121
189,16.846,11.444,0,0.476,0.06,0,0,,0,,,,0,,,,,10004,104,9900,2,3,0,3,3,1,0,1,9,10,11,1,0,2,0,1,0,1281872,3.009,0.867,0.104
190,10.536,4.499,0,0.512,0.058,0,0,,0,,,,0,,,,,10004,104,9900,2,3,0,3,3,1,0,1,9,10,11,1,0,2,0,1,0,1281872,3.07,0.76,0.093
191,7.802,2.727,0,0.52,0.062,0,0,,0,,,,0,,,,,10004,104,9900,2,3,0,3,3,1,0,1,9,10,11,1,0,2,0,1,0,1281872,2.9,0.712,0.094
192,7.489,1.993,0,0.506,0.065,0,0,,0,,,,0,,,,,10004,104,9900,2,3,0,3,3,1,0,1,9,10,11,1,0,2,0,1,0,1281872,3.134,0.864,0.107
193,6.543,0.325,0,0.448,0.069,0,0,,0,,,,0,,,,,10004,104,9900,2,3,0,3,3,1,0,1,9,10,11,1,0,2,0,1,0,1281872,3.493,1.194,0.142
194,5.994,0.001,0.001,0.467,0.054,0,0,,0,,,,0,,,,,10004,104,9900,2,3,0,3,3,1,0,1,9,10,11,1,0,2,0,1,0,1281872,3.455,1.016,0.129
195,10.532,5.227,0.001,0.513,0.055,0,0,,0,,,,0,,,,,10004,104,9900,2,3,0,3,3,1,0,1,9,10,11,1,0,2,0,1,0,1281872,2.977,0.909,0.101
196,8.994,3.762,0,0.478,0.06,0,0,,0,,,,0,,,,,10004,104,9900,2,3,0,3,3,1,0,1,9,10,11,1,0,2,0,1,0,1281872,2.998,0.798,0.101
197,5.777,0,0.001,0.417,0.057,0,0,,0,,,,0,,,,,10004,104,9900,2,3,0,3,3,1,0,1,9,10,11,1,0,2,0,1,0,1281872,3.591,0.744,0.129
198,11.561,6.318,0.001,0.524,0.068,0,0,,0,,,,0,,,,,10004,104,9900,2,3,0,3,3,1,0,1,9,10,11,1,0,2,0,1,0,1281872,2.709,0.995,0.135
199,8.831,3.432,0,0.435,0.049,0,0,,0,,,,0,,,,,10004,104,9900,2,3,0,3,3,1,0,1,9,10,11,1,0,2,0,1,0,1281872,2.979,0.955,0.132
200,9.201,4.287,0,0.572,0.06,0,0,,0,,,,0,,,,,10004,104,9900,2,3,0,3,3,1,0,1,9,10,11,1,0,2,0,1,0,1281872,2.651,0.75,0.104
201,15.075,10.7,0.001,0.491,0.052,0,0,,0,,,,0,,,,,10004,104,9900,2,3,0,3,3,1,0,1,9,10,11,1,0,2,0,1,0,1281872,2.38,0.628,0.071
202,9.553,4.645,0,0.446,0.05,0,0,,0,,,,0,,,,,10004,104,9900,2,3,0,3,3,1,0,1,9,10,11,1,0,2,0,1,0,1281872,2.951,0.659,0.097
203,7.553,3.28,0,0.402,0.055,0,0,,0,,,,0,,,,,10004,104,9900,2,3,0,3,3,1,0,1,9,10,11,1,0,2,0,1,0,1281872,2.316,0.644,0.08
204,14.783,9.58,0,0.513,0.053,0,0,,0,,,,0,,,,,10004,104,9900,2,3,0,3,3,1,0,1,9,10,11,1,0,2,0,1,0,1281872,2.877,0.749,0.088
205,8.302,2.765,0,0.487,0.049,0,0,,0,,,,0,,,,,10004,104,9900,2,3,0,3,3,1,0,1,9,10,11,1,0,2,0,1,0,1281872,3.147,0.886,0.107
206,7.649,2.274,0,0.593,0.046,0,0,,0,,,,0,,,,,10004,104,9900,2,3,0,3,3,1,0,1,9,10,11,1,0,2,0,1,0,1281872,2.58,1.321,0.089
207,5.149,0.199,0,0.367,0.039,0,0,,0,,,,0,,,,,10004,104,9900,2,3,0,3,3,1,0,1,9,10,11,1,0,2,0,1,0,1281872,2.927,0.812,0.127
208,5.95,0.168,0,0.469,0.053,0,0,,0,,,,0,,,,,10004,104,9900,2,3,0,3,3,1,0,1,9,10,11,1,0,2,0,1,0,1281872,3.653,0.662,0.117
209,7.416,2.502,0,0.512,0.05,0,0,,0,,,,0,,,,,10004,104,9900,2,3,0,3,3,1,0,1,9,10,11,1,0,2,0,1,0,1281872,2.755,0.71,0.105
210,4.87,0.001,0.001,0.333,0.046,0,0,,1,1078.125,242249728,303034368,1,73499584,73499584,167755776,38823561584,10004,104,9900,2,3,0,3,3,1,0,1,9,10,11,1,0,2,0,1,0,1281872,2.797,0.893,0.099
211,6.404,1.721,0.001,0.477,0.059,0,0,,0,,,,0,,,,,10004,104,9900,2,3,0,3,3,1,0,1,9,10,11,1,0,2,0,1,0,1281872,2.582,0.806,0.084
212,4.989,0.164,0,0.398,0.051,0,0,,0,,,,0,,,,,10004,104,9900,2,3,0,3,3,1,0,1,9,10,11,1,0,2,0,1,0,1281872,2.661,0.959,0.107
213,4.35,0.343,0.001,0.336,0.045,0,0,,0,,,,0,,,,,10004,104,9900,2,3,0,3,3,1,0,1,9,10,11,1,0,2,0,1,0,1281872,2.275,0.613,0.081
214,9.575,4.439,0,0.397,0.061,0,0,,0,,,,0,,,,,10004,104,9900,2,3,0,3,3,1,0,1,9,10,11,1,0,2,0,1,0,1281872,2.832,0.928,0.122
215,7.516,2.858,0,0.376,0.065,0,0,,0,,,,0,,,,,10004,104,9900,2,3,0,3,3,1,0,1,9,10,11,1,0,2,0,1,0,1281872,2.379,0.876,0.108
216,12.24,7.308,0,0.381,0.062,0,0,,0,,,,0,,,,,10004,104,9900,2,3,0,3,3,1,0,1,9,10,11,1,0,2,0,1,0,1281872,2.732,0.869,0.089
217,9.64,4.393,0,0.401,0.055,0,0,,0,,,,0,,,,,10004,104,9900,2,3,0,3,3,1,0,1,9,10,11,1,0,2,0,1,0,1281872,2.906,0.974,0.113
218,15.029,9.773,0,0.425,0.06,0,0,,0,,,,0,,,,,10004,104,9900,2,3,0,3,3,1,0,1,9,10,11,1,0,2,0,1,0,1281872,2.872,0.813,0.112
219,11.924,6.631,0,0.497,0.055,0,0,,0,,,,0,,,,,10004,104,9900,2,3,0,3,3,1,0,1,9,10,11,1,0,2,0,1,0,1281872,3.031,0.747,0.096
220,10.15,4.038,0,0.434,0.07,0,0,,0,,,,0,,,,,10004,104,9900,2,3,0,3,3,1,0,1,9,10,11,1,0,2,0,1,0,1281872,3.631,0.951,0.121
221,13.974,9.39,0.001,0.376,0.067,0,0,,0,,,,0,,,,,10004,104,9900,2,3,0,3,3,1,0,1,9,10,11,1,0,2,0,1,0,1281872,2.415,0.829,0.097
222,11.94,7.407,0,0.401,0.044,0,0,,0,,,,0,,,,,10004,104,9900,2,3,0,3,3,1,0,1,9,10,11,1,0,2,0,1,0,1281872,2.476,0.811,0.079
223,9.818,3.734,0.001,0.475,0.056,0,0,,0,,,,0,,,,,10004,104,9900,2,3,0,3,3,1,0,1,9,10,11,1,0,2,0,1,0,1281872,3.181,1.094,0.202
224,4.863,0.001,0,0.411,0.039,0,0,,0,,,,0,,,,,10004,104,9900,2,3,0,3,3,1,0,1,9,10,11,1,0,2,0,1,0,1281872,2.86,0.738,0.077
225,4.002,0.001,0.001,0.277,0.031,0,0,,0,,,,0,,,,,10004,104,9900,2,3,0,3,3,1,0,1,9,10,11,1,0,2,0,1,0,1281872,2.427,0.547,0.074
226,6.305,1.901,0,0.395,0.054,0,0,,0,,,,0,,,,,10004,104,9900,2,3,0,3,3,1,0,1,9,10,11,1,0,2,0,1,0,1281872,2.36,0.905,0.104
227,5.525,1.471,0,0.404,0.043,0,0,,0,,,,0,,,,,10004,104,9900,2,3,0,3,3,1,0,1,9,10,11,1,0,2,0,1,0,1281872,2.209,0.709,0.067
228,6.415,1.944,0,0.4,0.038,0,0,,0,,,,0,,,,,10004,104,9900,2,3,0,3,3,1,0,1,9,10,11,1,0,2,0,1,0,1281872,2.616,0.675,0.073
229,4.629,0.001,0.001,0.269,0.036,0,0,,0,,,,0,,,,,10004,104,9900,2,3,0,3,3,1,0,1,9,10,11,1,0,2,0,1,0,1281872,2.641,0.997,0.088
230,4.245,0.001,0,0.308,0.041,0,0,,0,,,,0,,,,,10004,104,9900,2,3,0,3,3,1,0,1,9,10,11,1,0,2,0,1,0,1281872,2.497,0.651,0.075
231,3.785,0.001,0,0.359,0.045,0,0,,0,,,,0,,,,,10004,104,9900,2,3,0,3,3,1,0,1,9,10,11,1,0,2,0,1,0,1281872,2.041,0.67,0.075
232,3.8,0,0,0.271,0.028,0,0,,0,,,,0,,,,,10004,104,9900,2,3,0,3,3,1,0,1,9,10,11,1,0,2,0,1,0,1281872,2.069,0.855,0.063
233,3.734,0,0.001,0.247,0.031,0,0,,0,,,,0,,,,,10004,104,9900,2,3,0,3,3,1,0,1,9,10,11,1,0,2,0,1,0,1281872,2.1,0.792,0.08
234,6.303,2.084,0.001,0.365,0.05,0,0,,0,,,,0,,,,,10004,104,9900,2,3,0,3,3,1,0,1,9,10,11,1,0,2,0,1,0,1281872,2.423,0.668,0.074
235,4.904,0.61,0,0.38,0.049,0,0,,0,,,,0,,,,,10004,104,9900,2,3,0,3,3,1,0,1,9,10,11,1,0,2,0,1,0,1281872,2.319,0.739,0.078
236,3.596,0.001,0.001,0.291,0.034,0,0,,0,,,,0,,,,,10004,104,9900,2,3,0,3,3,1,0,1,9,10,11,1,0,2,0,1,0,1281872,2.047,0.588,0.07
237,4.041,0,0,0.269,0.118,0,0,,0,,,,0,,,,,10004,104,9900,2,3,0,3,3,1,0,1,9,10,11,1,0,2,0,1,0,1281872,2.251,0.708,0.098
238,3.682,0,0.001,0.295,0.026,0,0,,0,,,,0,,,,,10004,104,9900,2,3,0,3,3,1,0,1,9,10,11,1,0,2,0,1,0,1281872,2.134,0.588,0.062
239,5.865,1.464,0.001,0.45,0.052,0,0,,0,,,,0,,,,,10004,104,9900,2,3,0,3,3,1,0,1,9,10,11,1,0,2,0,1,0,1281872,2.392,0.702,0.097
240,6.044,1.677,0.001,0.446,0.051,0,0,,1,1203.125,242253824,303030272,1,73499584,73499584,167755776,38823561584,10004,104,9900,2,3,0,3,3,1,0,1,9,10,11,1,0,2,0,1,0,1281872,2.279,0.785,0.113
241,4.607,0.509,0,0.43,0.044,0,0,,0,,,,0,,,,,10004,104,9900,2,3,0,3,3,1,0,1,9,10,11,1,0,2,0,1,0,1281872,2.323,0.575,0.073
242,6.817,3.105,0.001,0.465,0.044,0,0,,0,,,,0,,,,,10004,104,9900,2,3,0,3,3,1,0,1,9,10,11,1,0,2,0,1,0,1281872,1.942,0.53,0.07
243,6.941,2.134,0.001,0.399,0.052,0,0,,0,,,,0,,,,,10004,104,9900,2,3,0,3,3,1,0,1,9,10,11,1,0,2,0,1,0,1281872,2.771,0.812,0.114
244,4.016,0.001,0,0.306,0.034,0,0,,0,,,,0,,,,,10004,104,9900,2,3,0,3,3,1,0,1,9,10,11,1,0,2,0,1,0,1281872,2.429,0.543,0.076
245,4.359,0.001,0,0.297,0.045,0,0,,0,,,,0,,,,,10004,104,9900,2,3,0,3,3,1,0,1,9,10,11,1,0,2,0,1,0,1281872,2.599,0.664,0.105
246,3.867,0.001,0,0.309,0.033,0,0,,0,,,,0,,,,,10004,104,9900,2,3,0,3,3,1,0,1,9,10,11,1,0,2,0,1,0,1281872,2.08,0.739,0.085
247,4.644,0,0,0.299,0.042,0,0,,0,,,,0,,,,,10004,104,9900,2,3,0,3,3,1,0,1,9,10,11,1,0,2,0,1,0,1281872,2.887,0.666,0.109
248,4.076,0.001,0.001,0.325,0.038,0,0,,0,,,,0,,,,,10004,104,9900,2,3,0,3,3,1,0,1,9,10,11,1,0,2,0,1,0,1281872,2.244,0.735,0.088
249,4.493,0,0,0.309,0.034,0,0,,0,,,,0,,,,,10004,104,9900,2,3,0,3,3,1,0,1,9,10,11,1,0,2,0,1,0,1281872,2.504,0.884,0.1
250,4.142,0,0,0.307,0.038,0,0,,0,,,,0,,,,,10004,104,9900,2,3,0,3,3,1,0,1,9,10,11,1,0,2,0,1,0,1281872,2.333,0.753,0.092
251,4.711,0,0,0.347,0.04,0,0,,0,,,,0,,,,,10004,104,9900,2,3,0,3,3,1,0,1,9,10,11,1,0,2,0,1,0,1281872,2.818,0.687,0.104
252,4.352,0.001,0,0.29,0.041,0,0,,0,,,,0,,,,,10004,104,9900,2,3,0,3,3,1,0,1,9,10,11,1,0,2,0,1,0,1281872,2.377,0.891,0.108
253,11.027,6.064,0.001,0.379,0.046,0,0,,0,,,,0,,,,,10004,104,9900,2,3,0,3,3,1,0,1,9,10,11,1,0,2,0,1,0,1281872,3.039,0.781,0.097
254,4.125,0.002,0,0.327,0.038,0,0,,0,,,,0,,,,,10004,104,9900,2,3,0,3,3,1,0,1,9,10,11,1,0,2,0,1,0,1281872,2.453,0.544,0.088
255,4.074,0.001,0,0.317,0.031,0,0,,0,,,,0,,,,,10004,104,9900,2,3,0,3,3,1,0,1,9,10,11,1,0,2,0,1,0,1281872,2.323,0.689,0.076
256,3.512,0,0,0.255,0.027,0,0,,0,,,,0,,,,,10004,104,9900,2,3,0,3,3,1,0,1,9,10,11,1,0,2,0,1,0,1281872,2.032,0.622,0.069
257,4.296,0.001,0,0.261,0.033,0,0,,0,,,,0,,,,,10004,104,9900,2,3,0,3,3,1,0,1,9,10,11,1,0,2,0,1,0,1281872,2.737,0.564,0.147
258,3.701,0.001,0,0.298,0.031,0,0,,0,,,,0,,,,,10004,104,9900,2,3,0,3,3,1,0,1,9,10,11,1,0,2,0,1,0,1281872,2.19,0.511,0.073
259,3.716,0,0,0.258,0.031,0,0,,0,,,,0,,,,,10004,104,9900,2,3,0,3,3,1,0,1,9,10,11,1,0,2,0,1,0,1281872,2.087,0.722,0.08
260,3.5,0,0,0.262,0.03,0,0,,0,,,,0,,,,,10004,104,9900,2,3,0,3,3,1,0,1,9,10,11,1,0,2,0,1,0,1281872,2.065,0.569,0.072
261,4.69,0.003,0.001,0.464,0.066,0,0,,0,,,,0,,,,,10004,104,9900,2,3,0,3,3,1,0,1,9,10,11,1,0,2,0,1,0,1281872,2.558,0.783,0.136
262,4.595,0.001,0.001,0.381,0.043,0,0,,0,,,,0,,,,,10004,104,9900,2,3,0,3,3,1,0,1,9,10,11,1,0,2,0,1,0,1281872,2.403,0.918,0.109
263,4.16,0.001,0,0.313,0.033,0,0,,0,,,,0,,,,,10004,104,9900,2,3,0,3,3,1,0,1,9,10,11,1,0,2,0,1,0,1281872,2.512,0.577,0.083
264,3.763,0,0,0.296,0.034,0,0,,0,,,,0,,,,,10004,104,9900,2,3,0,3,3,1,0,1,9,10,11,1,0,2,0,1,0,1281872,2.167,0.587,0.082
265,4.243,0.001,0,0.264,0.033,0,0,,0,,,,0,,,,,10004,104,9900,2,3,0,3,3,1,0,1,9,10,11,1,0,2,0,1,0,1281872,2.343,0.928,0.118
266,5.477,0.818,0,0.426,0.06,0,0,,0,,,,0,,,,,10004,104,9900,2,3,0,3,3,1,0,1,9,10,11,1,0,2,0,1,0,1281872,2.59,0.75,0.098
267,4.853,0.878,0,0.446,0.044,0,0,,0,,,,0,,,,,10004,104,9900,2,3,0,3,3,1,0,1,9,10,11,1,0,2,0,1,0,1281872,2.134,0.547,0.078
268,6.375,1.387,0.001,0.402,0.048,0,0,,0,,,,0,,,,,10004,104,9900,2,3,0,3,3,1,0,1,9,10,11,1,0,2,0,1,0,1281872,2.729,1.052,0.111
269,5.89,1.73,0,0.339,0.045,0,0,,0,,,,0,,,,,10004,104,9900,2,3,0,3,3,1,0,1,9,10,11,1,0,2,0,1,0,1281872,2.408,0.606,0.074
270,5.581,1.794,0,0.389,0.035,0,0,,1,1375,242798592,303906816,1,73499584,73499584,167755776,38823561584,10004,104,9900,2,3,0,3,3,1,0,1,9,10,11,1,0,2,0,1,0,1281872,2.178,0.56,0.059
271,7.231,2.527,0,0.433,0.058,0,0,,0,,,,0,,,,,10004,104,9900,2,3,0,3,3,1,0,1,9,10,11,1,0,2,0,1,0,1281872,2.316,0.81,0.115
272,4.299,0.16,0,0.363,0.037,0,0,,0,,,,0,,,,,10004,104,9900,2,3,0,3,3,1,0,1,9,10,11,1,0,2,0,1,0,1281872,2.256,0.717,0.084
273,4.115,0.54,0,0.36,0.032,0,0,,0,,,,0,,,,,10004,104,9900,2,3,0,3,3,1,0,1,9,10,11,1,0,2,0,1,0,1281872,2.003,0.517,0.07
274,5.919,1.164,0.001,0.383,0.059,0,0,,0,,,,0,,,,,10004,104,9900,2,3,0,3,3,1,0,1,9,10,11,1,0,2,0,1,0,1281872,2.538,1.033,0.127
275,4.221,0.001,0,0.443,0.036,0,0,,0,,,,0,,,,,10004,104,9900,2,3,0,3,3,1,0,1,9,10,11,1,0,2,0,1,0,1281872,2.496,0.564,0.062
276,3.812,0.001,0.001,0.258,0.037,0,0,,0,,,,0,,,,,10004,104,9900,2,3,0,3,3,1,0,1,9,10,11,1,0,2,0,1,0,1281872,2.283,0.613,0.069
277,3.283,0,0.001,0.269,0.029,0,0,,0,,,,0,,,,,10004,104,9900,2,3,0,3,3,1,0,1,9,10,11,1,0,2,0,1,0,1281872,1.877,0.523,0.057
278,3.866,0.001,0,0.25,0.037,0,0,,0,,,,0,,,,,10004,104,9900,2,3,0,3,3,1,0,1,9,10,11,1,0,2,0,1,0,1281872,2.128,0.807,0.095
279,4.566,0.001,0.001,0.419,0.043,0,0,,0,,,,0,,,,,10004,104,9900,2,3,0,3,3,1,0,1,9,10,11,1,0,2,0,1,0,1281872,2.634,0.662,0.085
280,3.733,0,0,0.332,0.032,0,0,,0,,,,0,,,,,10004,104,9900,2,3,0,3,3,1,0,1,9,10,11,1,0,2,0,1,0,1281872,2.054,0.647,0.085
281,4.172,0.001,0,0.287,0.032,0,0,,0,,,,0,,,,,10004,104,9900,2,3,0,3,3,1,0,1,9,10,11,1,0,2,0,1,0,1281872,2.302,0.88,0.082
282,4.375,0,0,0.296,0.045,0,0,,0,,,,0,,,,,10004,104,9900,2,3,0,3,3,1,0,1,9,10,11,1,0,2,0,1,0,1281872,2.447,0.746,0.101
283,4.02,0.001,0,0.402,0.033,0,0,,0,,,,0,,,,,10004,104,9900,2,3,0,3,3,1,0,1,9,10,11,1,0,2,0,1,0,1281872,2.101,0.687,0.085
284,3.681,0.001,0.001,0.279,0.03,0,0,,0,,,,0,,,,,10004,104,9900,2,3,0,3,3,1,0,1,9,10,11,1,0,2,0,1,0,1281872,1.939,0.763,0.067
285,5.826,1.852,0,0.369,0.035,0,0,,0,,,,0,,,,,10004,104,9900,2,3,0,3,3,1,0,1,9,10,11,1,0,2,0,1,0,1281872,2.276,0.725,0.063
286,5.457,0.888,0.001,0.419,0.049,0,0,,0,,,,0,,,,,10004,104,9900,2,3,0,3,3,1,0,1,9,10,11,1,0,2,0,1,0,1281872,2.646,0.629,0.098
287,6.566,2.505,0.001,0.414,0.053,0,0,,0,,,,0,,,,,10004,104,9900,2,3,0,3,3,1,0,1,9,10,11,1,0,2,0,1,0,1281872,2.029,0.823,0.095
288,5.809,1.517,0.001,0.466,0.049,0,0,,0,,,,0,,,,,10004,104,9900,2,3,0,3,3,1,0,1,9,10,11,1,0,2,0,1,0,1281872,2.349,0.624,0.08
289,5.807,0.266,0,0.37,0.057,0,0,,0,,,,0,,,,,10004,104,9900,2,3,0,3,3,1,0,1,9,10,11,1,0,2,0,1,0,1281872,3.366,0.698,0.121
290,4.306,0.001,0.001,0.349,0.046,0,0,,0,,,,0,,,,,10004,104,9900,2,3,0,3,3,1,0,1,9,10,11,1,0,2,0,1,0,1281872,2.323,0.804,0.089
291,5.08,0.774,0,0.427,0.039,0,0,,0,,,,0,,,,,10004,104,9900,2,3,0,3,3,1,0,1,9,10,11,1,0,2,0,1,0,1281872,2.551,0.569,0.071
292,7.24,2.727,0.001,0.636,0.059,0,0,,0,,,,0,,,,,10004,104,9900,2,3,0,3,3,1,0,1,9,10,11,1,0,2,0,1,0,1281872,2.261,0.668,0.096
293,8.419,3.564,0,0.436,0.047,0,0,,0,,,,0,,,,,10004,104,9900,2,3,0,3,3,1,0,1,9,10,11,1,0,2,0,1,0,1281872,2.909,0.695,0.09
294,11.772,7.625,0,0.367,0.056,0,0,,0,,,,0,,,,,10004,104,9900,2,3,0,3,3,1,0,1,9,10,11,1,0,2,0,1,0,1281872,2.331,0.608,0.09
295,13.199,8.095,0.001,0.473,0.045,0,0,,0,,,,0,,,,,10004,104,9900,2,3,0,3,3,1,0,1,9,10,11,1,0,2,0,1,0,1281872,2.674,0.711,0.098
296,7.177,2.705,0,0.51,0.052,0,0,,0,,,,0,,,,,10004,104,9900,2,3,0,3,3,1,0,1,9,10,11,1,0,2,0,1,0,1281872,2.388,0.731,0.075
297,4.069,0.001,0,0.329,0.046,0,0,,0,,,,0,,,,,10004,104,9900,2,3,0,3,3,1,0,1,9,10,11,1,0,2,0,1,0,1281872,2.263,0.682,0.073
298,5.196,0.001,0,0.398,0.064,0,0,,0,,,,0,,,,,10004,104,9900,2,3,0,3,3,1,0,1,9,10,11,1,0,2,0,1,0,1281872,2.981,0.723,0.123
299,4.588,0.001,0.001,0.345,0.05,0,0,,0,,,,0,,,,,10004,104,9900,2,3,0,3,3,1,0,1,9,10,11,1,0,2,0,1,0,1281872,2.545,0.797,0.13
300,4.888,0.001,0.001,0.374,0.041,0,0,,1,1500,242274304,303034368,1,73499584,73499584,167755776,38823561584,10004,104,9900,2,3,0,3,3,1,0,1,9,10,11,1,0,2,0,1,0,1281872,2.686,0.895,0.107
301,4.7,0.001,0,0.316,0.042,0,0,,0,,,,0,,,,,10004,104,9900,2,3,0,3,3,1,0,1,9,10,11,1,0,2,0,1,0,1281872,2.94,0.652,0.104
302,4.17,0,0,0.341,0.04,0,0,,0,,,,0,,,,,10004,104,9900,2,3,0,3,3,1,0,1,9,10,11,1,0,2,0,1,0,1281872,2.31,0.756,0.103
303,13.018,7.1,0,0.387,0.058,0,0,,0,,,,0,,,,,10004,104,9900,2,3,0,3,3,1,0,1,9,10,11,1,0,2,0,1,0,1281872,3.514,1.06,0.117
304,32.996,27.506,0.001,0.446,0.05,0,0,,0,,,,0,,,,,10004,104,9900,2,3,0,3,3,1,0,1,9,10,11,1,0,2,0,1,0,1281872,3.305,0.751,0.12
305,9.02,4.393,0,0.373,0.058,0,0,,0,,,,0,,,,,10004,104,9900,2,3,0,3,3,1,0,1,9,10,11,1,0,2,0,1,0,1281872,2.676,0.656,0.112
306,10.451,4.958,0,0.452,0.062,0,0,,0,,,,0,,,,,10004,104,9900,2,3,0,3,3,1,0,1,9,10,11,1,0,2,0,1,0,1281872,3.07,0.897,0.137
307,18.776,13.471,0,0.495,0.073,0,0,,0,,,,0,,,,,10004,104,9900,2,3,0,3,3,1,0,1,9,10,11,1,0,2,0,1,0,1281872,3,0.824,0.124
308,8.877,4.626,0.001,0.453,0.062,0,0,,0,,,,0,,,,,10004,104,9900,2,3,0,3,3,1,0,1,9,10,11,1,0,2,0,1,0,1281872,2.218,0.59,0.114
309,14.207,10.4,0,0.372,0.07,0,0,,0,,,,0,,,,,10004,104,9900,2,3,0,3,3,1,0,1,9,10,11,1,0,2,0,1,0,1281872,1.916,0.774,0.089
310,4.576,0.001,0.001,0.368,0.05,0,0,,0,,,,0,,,,,10004,104,9900,2,3,0,3,3,1,0,1,9,10,11,1,0,2,0,1,0,1281872,2.658,0.586,0.109
311,4.402,0.001,0.001,0.338,0.036,0,0,,0,,,,0,,,,,10004,104,9900,2,3,0,3,3,1,0,1,9,10,11,1,0,2,0,1,0,1281872,2.469,0.684,0.116
312,4.035,0.001,0.001,0.274,0.06,0,0,,0,,,,0,,,,,10004,104,9900,2,3,0,3,3,1,0,1,9,10,11,1,0,2,0,1,0,1281872,2.067,0.946,0.102
313,4.405,0,0,0.356,0.034,0,0,,0,,,,0,,,,,10004,104,9900,2,3,0,3,3,1,0,1,9,10,11,1,0,2,0,1,0,1281872,2.487,0.786,0.07
314,8.653,3.86,0.001,0.437,0.062,0,0,,0,,,,0,,,,,10004,104,9900,2,3,0,3,3,1,0,1,9,10,11,1,0,2,0,1,0,1281872,2.738,0.634,0.091
315,5.798,1.345,0,0.428,0.057,0,0,,0,,,,0,,,,,10004,104,9900,2,3,0,3,3,1,0,1,9,10,11,1,0,2,0,1,0,1281872,2.527,0.614,0.089
316,7.684,2.353,0.001,0.511,0.065,0,0,,0,,,,0,,,,,10004,104,9900,2,3,0,3,3,1,0,1,9,10,11,1,0,2,0,1,0,1281872,2.794,0.788,0.11
317,4.156,0.085,0,0.449,0.048,0,0,,0,,,,0,,,,,10004,104,9900,2,3,0,3,3,1,0,1,9,10,11,1,0,2,0,1,0,1281872,2.153,0.596,0.078
318,5.428,0.921,0.001,0.4,0.056,0,0,,0,,,,0,,,,,10004,104,9900,2,3,0,3,3,1,0,1,9,10,11,1,0,2,0,1,0,1281872,2.339,0.696,0.119
319,8.65,3.66,0.001,0.39,0.055,0,0,,0,,,,0,,,,,10004,104,9900,2,3,0,3,3,1,0,1,9,10,11,1,0,2,0,1,0,1281872,2.684,0.898,0.139
320,8.181,3.619,0.001,0.487,0.057,0,0,,0,,,,0,,,,,10004,104,9900,2,3,0,3,3,1,0,1,9,10,11,1,0,2,0,1,0,1281872,2.702,0.561,0.081
321,12.415,7.764,0,0.474,0.059,0,0,,0,,,,0,,,,,10004,104,9900,2,3,0,3,3,1,0,1,9,10,11,1,0,2,0,1,0,1281872,2.438,0.769,0.123
322,8.968,3.358,0.001,0.529,0.056,0,0,,0,,,,0,,,,,10004,104,9900,2,3,0,3,3,1,0,1,9,10,11,1,0,2,0,1,0,1281872,3.06,1.021,0.105
323,7.817,2.795,0,0.506,0.057,0,0,,0,,,,0,,,,,10004,104,9900,2,3,0,3,3,1,0,1,9,10,11,1,0,2,0,1,0,1281872,2.844,0.719,0.11
324,8.88,3.992,0,0.371,0.064,0,0,,0,,,,0,,,,,10004,104,9900,2,3,0,3,3,1,0,1,9,10,11,1,0,2,0,1,0,1281872,2.837,0.759,0.111
325,3.96,0.001,0.001,0.367,0.052,0,0,,0,,,,0,,,,,10004,104,9900,2,3,0,3,3,1,0,1,9,10,11,1,0,2,0,1,0,1281872,1.965,0.769,0.077
326,4.493,0.001,0,0.329,0.044,0,0,,0,,,,0,,,,,10004,104,9900,2,3,0,3,3,1,0,1,9,10,11,1,0,2,0,1,0,1281872,2.636,0.676,0.13
327,3.999,0.001,0,0.348,0.033,0,0,,0,,,,0,,,,,10004,104,9900,2,3,0,3,3,1,0,1,9,10,11,1,0,2,0,1,0,1281872,2.286,0.6,0.081
328,4.853,0,0.001,0.304,0.063,0,0,,0,,,,0,,,,,10004,104,9900,2,3,0,3,3,1,0,1,9,10,11,1,0,2,0,1,0,1281872,2.636,0.996,0.119
329,5.661,0.002,0,0.374,0.055,0,0,,0,,,,0,,,,,10004,104,9900,2,3,0,3,3,1,0,1,9,10,11,1,0,2,0,1,0,1281872,3.529,0.735,0.113
330,5.06,0.001,0,0.365,0.05,0,0,,1,1671.875,242872320,303906816,1,73499584,73499584,167755776,38823561584,10004,104,9900,2,3,0,3,3,1,0,1,9,10,11,1,0,2,0,1,0,1281872,3.027,0.707,0.117
331,10.486,5.101,0,0.456,0.057,0,0,,0,,,,0,,,,,10004,104,9900,2,3,0,3,3,1,0,1,9,10,11,1,0,2,0,1,0,1281872,2.914,0.979,0.115
332,14.421,7.862,0.001,0.596,0.071,0,0,,0,,,,0,,,,,10004,104,9900,2,3,0,3,3,1,0,1,9,10,11,1,0,2,0,1,0,1281872,2.976,0.845,0.14
333,8.126,4.28,0,0.415,0.061,0,0,,0,,,,0,,,,,10004,104,9900,2,3,0,3,3,1,0,1,9,10,11,1,0,2,0,1,0,1281872,2.089,0.574,0.084
334,11.399,6.545,0,0.524,0.056,0,0,,0,,,,0,,,,,10004,104,9900,2,3,0,3,3,1,0,1,9,10,11,1,0,2,0,1,0,1281872,2.459,0.796,0.1
335,5.077,0.001,0,0.324,0.048,0,0,,0,,,,0,,,,,10004,104,9900,2,3,0,3,3,1,0,1,9,10,11,1,0,2,0,1,0,1281872,3.048,0.796,0.118
336,4.86,0.001,0,0.321,0.048,0,0,,0,,,,0,,,,,10004,104,9900,2,3,0,3,3,1,0,1,9,10,11,1,0,2,0,1,0,1281872,2.927,0.76,0.107
337,4.715,0.001,0.001,0.493,0.041,0,0,,0,,,,0,,,,,10004,104,9900,2,3,0,3,3,1,0,1,9,10,11,1,0,2,0,1,0,1281872,2.77,0.567,0.092
338,4.802,0.001,0,0.314,0.044,0,0,,0,,,,0,,,,,10004,104,9900,2,3,0,3,3,1,0,1,9,10,11,1,0,2,0,1,0,1281872,2.555,1.074,0.097
339,4.319,0.001,0,0.331,0.034,0,0,,0,,,,0,,,,,10004,104,9900,2,3,0,3,3,1,0,1,9,10,11,1,0,2,0,1,0,1281872,2.666,0.57,0.068
340,5.344,0,0,0.316,0.068,0,0,,0,,,,0,,,,,10004,104,9900,2,3,0,3,3,1,0,1,9,10,11,1,0,2,0,1,0,1281872,3.25,0.78,0.113
341,3.93,0.001,0.001,0.363,0.04,0,0,,0,,,,0,,,,,10004,104,9900,2,3,0,3,3,1,0,1,9,10,11,1,0,2,0,1,0,1281872,1.966,0.804,0.077
342,4.112,0.001,0,0.3,0.035,0,0,,0,,,,0,,,,,10004,104,9900,2,3,0,3,3,1,0,1,9,10,11,1,0,2,0,1,0,1281872,2.484,0.588,0.088
343,3.785,0.001,0,0.28,0.036,0,0,,0,,,,0,,,,,10004,104,9900,2,3,0,3,3,1,0,1,9,10,11,1,0,2,0,1,0,1281872,2.059,0.695,0.092
344,7.269,2.648,0,0.415,0.065,0,0,,0,,,,0,,,,,10004,104,9900,2,3,0,3,3,1,0,1,9,10,11,1,0,2,0,1,0,1281872,2.471,0.861,0.086
345,4.2,0.001,0,0.353,0.059,0,0,,0,,,,0,,,,,10004,104,9900,2,3,0,3,3,1,0,1,9,10,11,1,0,2,0,1,0,1281872,2.491,0.518,0.085
346,3.383,0.003,0.001,0.332,0.03,0,0,,0,,,,0,,,,,10004,104,9900,2,3,0,3,3,1,0,1,9,10,11,1,0,2,0,1,0,1281872,1.801,0.574,0.067
347,5.328,0,0,0.274,0.054,0,0,,0,,,,0,,,,,10004,104,9900,2,3,0,3,3,1,0,1,9,10,11,1,0,2,0,1,0,1281872,3.318,0.878,0.123
348,4.137,0.001,0,0.337,0.048,0,0,,0,,,,0,,,,,10004,104,9900,2,3,0,3,3,1,0,1,9,10,11,1,0,2,0,1,0,1281872,2.565,0.554,0.093
349,5.968,1.888,0,0.351,0.059,0,0,,0,,,,0,,,,,10004,104,9900,2,3,0,3,3,1,0,1,9,10,11,1,0,2,0,1,0,1281872,2.182,0.661,0.085
350,7.243,2.045,0,0.407,0.048,0,0,,0,,,,0,,,,,10004,104,9900,2,3,0,3,3,1,0,1,9,10,11,1,0,2,0,1,0,1281872,3.076,0.885,0.105
351,5.808,0.689,0,0.375,0.056,0,0,,0,,,,0,,,,,10004,104,9900,2,3,0,3,3,1,0,1,9,10,11,1,0,2,0,1,0,1281872,2.949,0.805,0.13
352,6.287,1.101,0.001,0.454,0.073,0,0,,0,,,,0,,,,,10004,104,9900,2,3,0,3,3,1,0,1,9,10,11,1,0,2,0,1,0,1281872,3.045,0.69,0.121
353,9.539,4.946,0.001,0.481,0.053,0,0,,0,,,,0,,,,,10004,104,9900,2,3,0,3,3,1,0,1,9,10,11,1,0,2,0,1,0,1281872,2.428,0.783,0.108
354,12.361,6.835,0.001,0.496,0.059,0,0,,0,,,,0,,,,,10004,104,9900,2,3,0,3,3,1,0,1,9,10,11,1,0,2,0,1,0,1281872,2.787,0.721,0.11
355,10.235,5.437,0.001,0.458,0.053,0,0,,0,,,,0,,,,,10004,104,9900,2,3,0,3,3,1,0,1,9,10,11,1,0,2,0,1,0,1281872,2.752,0.716,0.09
356,10.45,5.85,0.001,0.373,0.057,0,0,,0,,,,0,,,,,10004,104,9900,2,3,0,3,3,1,0,1,9,10,11,1,0,2,0,1,0,1281872,2.536,0.81,0.091
357,13.322,8.152,0,0.449,0.06,0,0,,0,,,,0,,,,,10004,104,9900,2,3,0,3,3,1,0,1,9,10,11,1,0,2,0,1,0,1281872,2.722,0.964,0.097
358,4.589,0.001,0,0.333,0.044,0,0,,0,,,,0,,,,,10004,104,9900,2,3,0,3,3,1,0,1,9,10,11,1,0,2,0,1,0,1281872,2.808,0.628,0.081
359,4.058,0.001,0.001,0.329,0.036,0,0,,0,,,,0,,,,,10004,104,9900,2,3,0,3,3,1,0,1,9,10,11,1,0,2,0,1,0,1281872,2.24,0.697,0.088
360,4.866,0.001,0.001,0.289,0.06,0,0,,1,1781.25,242339840,303034368,1,73499584,73499584,167755776,38823561584,10004,104,9900,2,3,0,3,3,1,0,1,9,10,11,1,0,2,0,1,0,1281872,2.745,0.969,0.11
361,4.878,0.392,0,0.43,0.043,0,0,,0,,,,0,,,,,10004,104,9900,2,3,0,3,3,1,0,1,9,10,11,1,0,2,0,1,0,1281872,2.654,0.608,0.074
362,5.775,1.008,0.001,0.483,0.049,0,0,,0,,,,0,,,,,10004,104,9900,2,3,0,3,3,1,0,1,9,10,11,1,0,2,0,1,0,1281872,2.557,0.745,0.098
363,7.56,1.556,0,0.419,0.064,0,0,,0,,,,0,,,,,10004,104,9900,2,3,0,3,3,1,0,1,9,10,11,1,0,2,0,1,0,1281872,3.723,0.945,0.107
364,9.545,4.51,0,0.459,0.062,0,0,,0,,,,0,,,,,10004,104,9900,2,3,0,3,3,1,0,1,9,10,11,1,0,2,0,1,0,1281872,2.976,0.665,0.087
365,7.674,3.193,0.001,0.424,0.048,0,0,,0,,,,0,,,,,10004,104,9900,2,3,0,3,3,1,0,1,9,10,11,1,0,2,0,1,0,1281872,2.485,0.645,0.076
366,8.632,3.637,0.001,0.465,0.058,0,0,,0,,,,0,,,,,10004,104,9900,2,3,0,3,3,1,0,1,9,10,11,1,0,2,0,1,0,1281872,2.63,0.943,0.103
367,10.483,4.849,0.001,0.483,0.066,0,0,,0,,,,0,,,,,10004,104,9900,2,3,0,3,3,1,0,1,9,10,11,1,0,2,0,1,0,1281872,3.146,0.858,0.152
368,12.008,6.916,0,0.502,0.051,0,0,,0,,,,0,,,,,10004,104,9900,2,3,0,3,3,1,0,1,9,10,11,1,0,2,0,1,0,1281872,2.813,0.768,0.119
369,9.048,4.269,0.001,0.507,0.055,0,0,,0,,,,0,,,,,10004,104,9900,2,3,0,3,3,1,0,1,9,10,11,1,0,2,0,1,0,1281872,2.515,0.841,0.09
370,15.601,10.536,0,0.492,0.07,0,0,,0,,,,0,,,,,10004,104,9900,2,3,0,3,3,1,0,1,9,10,11,1,0,2,0,1,0,1281872,2.798,0.8,0.105
371,10.14,4.898,0.001,0.517,0.065,0,0,,0,,,,0,,,,,10004,104,9900,2,3,0,3,3,1,0,1,9,10,11,1,0,2,0,1,0,1281872,3.121,0.614,0.114
372,7.997,3.208,0.001,0.472,0.065,0,0,,0,,,,0,,,,,10004,104,9900,2,3,0,3,3,1,0,1,9,10,11,1,0,2,0,1,0,1281872,2.585,0.767,0.102
373,4.426,0.646,0.001,0.409,0.049,0,0,,0,,,,0,,,,,10004,104,9900,2,3,0,3,3,1,0,1,9,10,11,1,0,2,0,1,0,1281872,1.984,0.655,0.078
374,5.921,1.432,0.001,0.516,0.046,0,0,,0,,,,0,,,,,10004,104,9900,2,3,0,3,3,1,0,1,9,10,11,1,0,2,0,1,0,1281872,2.554,0.584,0.079
375,5.855,1.917,0.001,0.406,0.036,0,0,,0,,,,0,,,,,10004,104,9900,2,3,0,3,3,1,0,1,9,10,11,1,0,2,0,1,0,1281872,2.122,0.713,0.079
376,6.139,1.608,0.001,0.456,0.064,0,0,,0,,,,0,,,,,10004,104,9900,2,3,0,3,3,1,0,1,9,10,11,1,0,2,0,1,0,1281872,2.043,1.238,0.124
377,4.74,0.222,0.001,0.503,0.057,0,0,,0,,,,0,,,,,10004,104,9900,2,3,0,3,3,1,0,1,9,10,11,1,0,2,0,1,0,1281872,2.532,0.644,0.097
378,4.135,0.004,0,0.352,0.044,0,0,,0,,,,0,,,,,10004,104,9900,2,3,0,3,3,1,0,1,9,10,11,1,0,2,0,1,0,1281872,2.235,0.649,0.101
379,7.87,2.373,0.001,0.453,0.077,0,0,,0,,,,0,,,,,10004,104,9900,2,3,0,3,3,1,0,1,9,10,11,1,0,2,0,1,0,1281872,2.705,1.058,0.147
380,4.972,0.002,0,0.469,0.062,0,0,,0,,,,0,,,,,10004,104,9900,2,3,0,3,3,1,0,1,9,10,11,1,0,2,0,1,0,1281872,2.771,0.786,0.1
381,4.401,0.001,0,0.384,0.04,0,0,,0,,,,0,,,,,10004,104,9900,2,3,0,3,3,1,0,1,9,10,11,1,0,2,0,1,0,1281872,2.492,0.704,0.096
382,4.812,0.505,0,0.415,0.054,0,0,,0,,,,0,,,,,10004,104,9900,2,3,0,3,3,1,0,1,9,10,11,1,0,2,0,1,0,1281872,2.191,0.782,0.115
383,5.137,0.001,0,0.344,0.047,0,0,,0,,,,0,,,,,10004,104,9900,2,3,0,3,3,1,0,1,9,10,11,1,0,2,0,1,0,1281872,3.091,0.82,0.102
384,4.699,0.297,0,0.409,0.052,0,0,,0,,,,0,,,,,10004,104,9900,2,3,0,3,3,1,0,1,9,10,11,1,0,2,0,1,0,1281872,2.473,0.677,0.087
385,4.187,0.362,0,0.392,0.03,0,0,,0,,,,0,,,,,10004,104,9900,2,3,0,3,3,1,0,1,9,10,11,1,0,2,0,1,0,1281872,2.151,0.569,0.074
386,9.467,4.831,0,0.459,0.055,0,0,,0,,,,0,,,,,10004,104,9900,2,3,0,3,3,1,0,1,9,10,11,1,0,2,0,1,0,1281872,2.514,0.762,0.097
387,6.473,2.31,0,0.415,0.045,0,0,,0,,,,0,,,,,10004,104,9900,2,3,0,3,3,1,0,1,9,10,11,1,0,2,0,1,0,1281872,2.289,0.612,0.076
388,7.455,2.265,0.001,0.49,0.065,0,0,,0,,,,0,,,,,10004,104,9900,2,3,0,3,3,1,0,1,9,10,11,1,0,2,0,1,0,1281872,2.969,0.752,0.121
389,5.264,0.924,0,0.559,0.045,0,0,,0,,,,0,,,,,10004,104,9900,2,3,0,3,3,1,0,1,9,10,11,1,0,2,0,1,0,1281872,2.381,0.574,0.084
390,4.315,0.784,0.001,0.32,0.038,0,0,,1,1968.75,242339840,303034368,1,73499584,73499584,167755776,38823561584,10004,104,9900,2,3,0,3,3,1,0,1,9,10,11,1,0,2,0,1,0,1281872,1.984,0.513,0.058
391,10.342,6.097,0.001,0.392,0.047,0,0,,0,,,,0,,,,,10004,104,9900,2,3,0,3,3,1,0,1,9,10,11,1,0,2,0,1,0,1281872,2.434,0.571,0.079
392,12.926,7.91,0,0.46,0.055,0,0,,0,,,,0,,,,,10004,104,9900,2,3,0,3,3,1,0,1,9,10,11,1,0,2,0,1,0,1281872,2.944,0.688,0.11
393,11.036,6.567,0,0.471,0.117,0,0,,0,,,,0,,,,,10004,104,9900,2,3,0,3,3,1,0,1,9,10,11,1,0,2,0,1,0,1281872,2.408,0.671,0.082
394,9.377,5.695,0,0.314,0.049,0,0,,0,,,,0,,,,,10004,104,9900,2,3,0,3,3,1,0,1,9,10,11,1,0,2,0,1,0,1281872,1.902,0.739,0.073
395,11.004,7.012,0,0.462,0.052,0,0,,0,,,,0,,,,,10004,104,9900,2,3,0,3,3,1,0,1,9,10,11,1,0,2,0,1,0,1281872,1.965,0.717,0.103
396,5.614,1.737,0,0.37,0.055,0,0,,0,,,,0,,,,,10004,104,9900,2,3,0,3,3,1,0,1,9,10,11,1,0,2,0,1,0,1281872,2.156,0.61,0.096
397,4.135,0.001,0,0.316,0.049,0,0,,0,,,,0,,,,,10004,104,9900,2,3,0,3,3,1,0,1,9,10,11,1,0,2,0,1,0,1281872,2.137,0.86,0.099
398,4.605,0.002,0.001,0.383,0.038,0,0,,0,,,,0,,,,,10004,104,9900,2,3,0,3,3,1,0,1,9,10,11,1,0,2,0,1,0,1281872,2.7,0.7,0.088
399,5.275,0.001,0,0.306,0.051,0,0,,0,,,,0,,,,,10004,104,9900,2,3,0,3,3,1,0,1,9,10,11,1,0,2,0,1,0,1281872,3.179,0.76,0.103
400,4.092,0.001,0.001,0.338,0.04,0,0,,0,,,,0,,,,,10004,104,9900,2,3,0,3,3,1,0,1,9,10,11,1,0,2,0,1,0,1281872,2.334,0.651,0.078
401,4.318,0.001,0,0.304,0.036,0,0,,0,,,,0,,,,,10004,104,9900,2,3,0,3,3,1,0,1,9,10,11,1,0,2,0,1,0,1281872,2.553,0.696,0.081
402,3.924,0,0.001,0.257,0.047,0,0,,0,,,,0,,,,,10004,104,9900,2,3,0,3,3,1,0,1,9,10,11,1,0,2,0,1,0,1281872,2.198,0.652,0.145
403,7.797,3.666,0.001,0.437,0.065,0,0,,0,,,,0,,,,,10004,104,9900,2,3,0,3,3,1,0,1,9,10,11,1,0,2,0,1,0,1281872,2.115,0.746,0.093
404,10.306,6.14,0,0.458,0.065,0,0,,0,,,,0,,,,,10004,104,9900,2,3,0,3,3,1,0,1,9,10,11,1,0,2,0,1,0,1281872,2.179,0.732,0.104
405,5.831,1.655,0.001,0.5,0.057,0,0,,0,,,,0,,,,,10004,104,9900,2,3,0,3,3,1,0,1,9,10,11,1,0,2,0,1,0,1281872,2.028,0.751,0.097
406,11.792,6.393,0.001,0.445,0.062,0,0,,0,,,,0,,,,,10004,104,9900,2,3,0,3,3,1,0,1,9,10,11,1,0,2,0,1,0,1281872,3.301,0.691,0.134
407,9.085,4.451,0,0.459,0.061,0,0,,0,,,,0,,,,,10004,104,9900,2,3,0,3,3,1,0,1,9,10,11,1,0,2,0,1,0,1281872,2.529,0.732,0.099
408,10.054,5.26,0.001,0.414,0.062,0,0,,0,,,,0,,,,,10004,104,9900,2,3,0,3,3,1,0,1,9,10,11,1,0,2,0,1,0,1281872,2.623,0.71,0.109
409,12.696,7.996,0.001,0.447,0.051,0,0,,0,,,,0,,,,,10004,104,9900,2,3,0,3,3,1,0,1,9,10,11,1,0,2,0,1,0,1281872,2.47,0.865,0.113
410,5.485,1.258,0.001,0.478,0.052,0,0,,0,,,,0,,,,,10004,104,9900,2,3,0,3,3,1,0,1,9,10,11,1,0,2,0,1,0,1281872,2.223,0.606,0.089
411,7.622,2.802,0.001,0.365,0.053,0,0,,0,,,,0,,,,,10004,104,9900,2,3,0,3,3,1,0,1,9,10,11,1,0,2,0,1,0,1281872,2.769,0.756,0.094
412,6.675,1.798,0.001,0.413,0.065,0,0,,0,,,,0,,,,,10004,104,9900,2,3,0,3,3,1,0,1,9,10,11,1,0,2,0,1,0,1281872,2.621,0.872,0.112
413,7.741,3.036,0.001,0.484,0.045,0,0,,0,,,,0,,,,,10004,104,9900,2,3,0,3,3,1,0,1,9,10,11,1,0,2,0,1,0,1281872,2.696,0.635,0.096
414,9.764,4.919,0.001,0.487,0.063,0,0,,0,,,,0,,,,,10004,104,9900,2,3,0,3,3,1,0,1,9,10,11,1,0,2,0,1,0,1281872,2.718,0.708,0.089
415,8.861,4.305,0,0.411,0.055,0,0,,0,,,,0,,,,,10004,104,9900,2,3,0,3,3,1,0,1,9,10,11,1,0,2,0,1,0,1281872,2.59,0.693,0.087
416,8.13,3.526,0,0.507,0.06,0,0,,0,,,,0,,,,,10004,104,9900,2,3,0,3,3,1,0,1,9,10,11,1,0,2,0,1,0,1281872,2.363,0.841,0.09
417,4.849,0.297,0.001,0.449,0.053,0,0,,0,,,,0,,,,,10004,104,9900,2,3,0,3,3,1,0,1,9,10,11,1,0,2,0,1,0,1281872,2.409,0.815,0.1
418,4.785,0.484,0,0.402,0.045,0,0,,0,,,,0,,,,,10004,104,9900,2,3,0,3,3,1,0,1,9,10,11,1,0,2,0,1,0,1281872,2.37,0.727,0.094
419,6.99,2.264,0.001,0.45,0.059,0,0,,0,,,,0,,,,,10004,104,9900,2,3,0,3,3,1,0,1,9,10,11,1,0,2,0,1,0,1281872,2.58,0.762,0.092
420,5.007,0.232,0,0.325,0.054,0,0,,1,2140.625,242335744,303030272,1,73499584,73499584,167755776,38823561584,10004,104,9900,2,3,0,3,3,1,0,1,9,10,11,1,0,2,0,1,0,1281872,2.664,0.871,0.106
421,12.097,6.777,0,0.483,0.068,0,0,,0,,,,0,,,,,10004,104,9900,2,3,0,3,3,1,0,1,9,10,11,1,0,2,0,1,0,1281872,2.901,0.898,0.098
422,8.099,3.61,0,0.459,0.048,0,0,,0,,,,0,,,,,10004,104,9900,2,3,0,3,3,1,0,1,9,10,11,1,0,2,0,1,0,1281872,2.446,0.643,0.078
423,12.064,7.738,0.001,0.532,0.055,0,0,,0,,,,0,,,,,10004,104,9900,2,3,0,3,3,1,0,1,9,10,11,1,0,2,0,1,0,1281872,2.17,0.807,0.096
424,7.579,3.136,0,0.357,0.109,0,0,,0,,,,0,,,,,10004,104,9900,2,3,0,3,3,1,0,1,9,10,11,1,0,2,0,1,0,1281872,2.17,0.896,0.219
425,4.648,0.002,0,0.433,0.044,0,0,,0,,,,0,,,,,10004,104,9900,2,3,0,3,3,1,0,1,9,10,11,1,0,2,0,1,0,1281872,2.71,0.681,0.085
426,4.439,0.001,0,0.317,0.044,0,0,,0,,,,0,,,,,10004,104,9900,2,3,0,3,3,1,0,1,9,10,11,1,0,2,0,1,0,1281872,2.42,0.844,0.09
427,4.917,0.001,0,0.426,0.042,0,0,,0,,,,0,,,,,10004,104,9900,2,3,0,3,3,1,0,1,9,10,11,1,0,2,0,1,0,1281872,2.812,0.762,0.102
428,5.558,0.001,0.001,0.43,0.065,0,0,,0,,,,0,,,,,10004,104,9900,2,3,0,3,3,1,0,1,9,10,11,1,0,2,0,1,0,1281872,3.262,0.921,0.107
429,4.256,0.001,0,0.346,0.051,0,0,,0,,,,0,,,,,10004,104,9900,2,3,0,3,3,1,0,1,9,10,11,1,0,2,0,1,0,1281872,2.281,0.762,0.093
430,5.821,1.029,0,0.409,0.049,0,0,,0,,,,0,,,,,10004,104,9900,2,3,0,3,3,1,0,1,9,10,11,1,0,2,0,1,0,1281872,2.82,0.638,0.091
431,5.161,0.558,0.001,0.45,0.051,0,0,,0,,,,0,,,,,10004,104,9900,2,3,0,3,3,1,0,1,9,10,11,1,0,2,0,1,0,1281872,2.333,1.051,0.118
432,3.685,0.106,0,0.339,0.035,0,0,,0,,,,0,,,,,10004,104,9900,2,3,0,3,3,1,0,1,9,10,11,1,0,2,0,1,0,1281872,1.985,0.537,0.066
433,6.15,2.092,0.001,0.435,0.037,0,0,,0,,,,0,,,,,10004,104,9900,2,3,0,3,3,1,0,1,9,10,11,1,0,2,0,1,0,1281872,2.168,0.671,0.09
434,6.038,1.653,0.001,0.358,0.071,0,0,,0,,,,0,,,,,10004,104,9900,2,3,0,3,3,1,0,1,9,10,11,1,0,2,0,1,0,1281872,2.392,0.785,0.117
435,9.947,5.997,0,0.454,0.049,0,0,,0,,,,0,,,,,10004,104,9900,2,3,0,3,3,1,0,1,9,10,11,1,0,2,0,1,0,1281872,2.174,0.57,0.078
436,8.74,4.464,0.001,0.497,0.046,0,0,,0,,,,0,,,,,10004,104,9900,2,3,0,3,3,1,0,1,9,10,11,1,0,2,0,1,0,1281872,2.273,0.523,0.1
437,5.121,1.516,0,0.357,0.044,0,0,,0,,,,0,,,,,10004,104,9900,2,3,0,3,3,1,0,1,9,10,11,1,0,2,0,1,0,1281872,1.959,0.62,0.077
438,4.576,0.991,0,0.451,0.035,0,0,,0,,,,0,,,,,10004,104,9900,2,3,0,3,3,1,0,1,9,10,11,1,0,2,0,1,0,1281872,1.914,0.538,0.067
439,6.802,2.548,0,0.57,0.052,0,0,,0,,,,0,,,,,10004,104,9900,2,3,0,3,3,1,0,1,9,10,11,1,0,2,0,1,0,1281872,2.009,0.59,0.088
440,5.033,1.093,0.001,0.481,0.052,0,0,,0,,,,0,,,,,10004,104,9900,2,3,0,3,3,1,0,1,9,10,11,1,0,2,0,1,0,1281872,2.141,0.609,0.078
441,3.849,0.001,0.001,0.292,0.036,0,0,,0,,,,0,,,,,10004,104,9900,2,3,0,3,3,1,0,1,9,10,11,1,0,2,0,1,0,1281872,2.199,0.648,0.081
442,3.566,0,0,0.26,0.034,0,0,,0,,,,0,,,,,10004,104,9900,2,3,0,3,3,1,0,1,9,10,11,1,0,2,0,1,0,1281872,2.033,0.631,0.061
443,4.714,0.001,0,0.286,0.045,0,0,,0,,,,0,,,,,10004,104,9900,2,3,0,3,3,1,0,1,9,10,11,1,0,2,0,1,0,1281872,2.779,0.548,0.094
444,3.284,0.001,0.001,0.275,0.035,0,0,,0,,,,0,,,,,10004,104,9900,2,3,0,3,3,1,0,1,9,10,11,1,0,2,0,1,0,1281872,1.842,0.539,0.075
445,3.501,0.001,0,0.302,0.031,0,0,,0,,,,0,,,,,10004,104,9900,2,3,0,3,3,1,0,1,9,10,11,1,0,2,0,1,0,1281872,1.995,0.517,0.077
446,3.31,0,0,0.248,0.028,0,0,,0,,,,0,,,,,10004,104,9900,2,3,0,3,3,1,0,1,9,10,11,1,0,2,0,1,0,1281872,1.782,0.679,0.068
447,4.02,0,0,0.26,0.038,0,0,,0,,,,0,,,,,10004,104,9900,2,3,0,3,3,1,0,1,9,10,11,1,0,2,0,1,0,1281872,2.271,0.777,0.115
448,3.5,0,0,0.354,0.032,0,0,,0,,,,0,,,,,10004,104,9900,2,3,0,3,3,1,0,1,9,10,11,1,0,2,0,1,0,1281872,1.812,0.651,0.089
449,3.663,0.001,0.001,0.299,0.033,0,0,,0,,,,0,,,,,10004,104,9900,2,3,0,3,3,1,0,1,9,10,11,1,0,2,0,1,0,1281872,1.958,0.682,0.093
450,3.787,0.001,0,0.289,0.027,0,0,,1,2250,242876416,303906816,1,73499584,73499584,167755776,38823561584,10004,104,9900,2,3,0,3,3,1,0,1,9,10,11,1,0,2,0,1,0,1281872,2.257,0.568,0.068
451,5.304,0.002,0,0.399,0.098,0,0,,0,,,,0,,,,,10004,104,9900,2,3,0,3,3,1,0,1,9,10,11,1,0,2,0,1,0,1281872,2.416,1.427,0.133
452,4.406,0.001,0.001,0.427,0.042,0,0,,0,,,,0,,,,,10004,104,9900,2,3,0,3,3,1,0,1,9,10,11,1,0,2,0,1,0,1281872,2.415,0.709,0.083
453,4.642,0.001,0,0.311,0.041,0,0,,0,,,,0,,,,,10004,104,9900,2,3,0,3,3,1,0,1,9,10,11,1,0,2,0,1,0,1281872,2.685,0.77,0.099
454,5.533,1.327,0,0.486,0.058,0,0,,0,,,,0,,,,,10004,104,9900,2,3,0,3,3,1,0,1,9,10,11,1,0,2,0,1,0,1281872,2.051,0.832,0.095
455,5.248,1.256,0,0.454,0.046,0,0,,0,,,,0,,,,,10004,104,9900,2,3,0,3,3,1,0,1,9,10,11,1,0,2,0,1,0,1281872,2.117,0.632,0.083
456,5.268,0.956,0.001,0.358,0.05,0,0,,0,,,,0,,,,,10004,104,9900,2,3,0,3,3,1,0,1,9,10,11,1,0,2,0,1,0,1281872,2.391,0.689,0.103
457,5.305,1.651,0.001,0.453,0.04,0,0,,0,,,,0,,,,,10004,104,9900,2,3,0,3,3,1,0,1,9,10,11,1,0,2,0,1,0,1281872,1.957,0.581,0.065
458,5.174,0.946,0.001,0.395,0.052,0,0,,0,,,,0,,,,,10004,104,9900,2,3,0,3,3,1,0,1,9,10,11,1,0,2,0,1,0,1281872,2.35,0.594,0.097
459,4.289,0.339,0.001,0.359,0.047,0,0,,0,,,,0,,,,,10004,104,9900,2,3,0,3,3,1,0,1,9,10,11,1,0,2,0,1,0,1281872,2.073,0.718,0.09
460,5.297,0.9,0,0.446,0.051,0,0,,0,,,,0,,,,,10004,104,9900,2,3,0,3,3,1,0,1,9,10,11,1,0,2,0,1,0,1281872,2.518,0.568,0.076
461,5.841,1.169,0.001,0.285,0.094,0,0,,0,,,,0,,,,,10004,104,9900,2,3,0,3,3,1,0,1,9,10,11,1,0,2,0,1,0,1281872,2.655,0.835,0.154
462,4.234,0.001,0.001,0.524,0.042,0,0,,0,,,,0,,,,,10004,104,9900,2,3,0,3,3,1,0,1,9,10,11,1,0,2,0,1,0,1281872,2.178,0.658,0.088
463,4.499,0.037,0,0.341,0.046,0,0,,0,,,,0,,,,,10004,104,9900,2,3,0,3,3,1,0,1,9,10,11,1,0,2,0,1,0,1281872,2.676,0.664,0.082
464,5.416,0.572,0.001,0.427,0.389,0,0,,0,,,,0,,,,,10004,104,9900,2,3,0,3,3,1,0,1,9,10,11,1,0,2,0,1,0,1281872,2.388,0.778,0.132
465,5.016,0.002,0.001,0.472,0.051,0,0,,0,,,,0,,,,,10004,104,9900,2,3,0,3,3,1,0,1,9,10,11,1,0,2,0,1,0,1281872,2.532,0.795,0.091
466,4.416,0,0,0.309,0.037,0,0,,0,,,,0,,,,,10004,104,9900,2,3,0,3,3,1,0,1,9,10,11,1,0,2,0,1,0,1281872,2.571,0.762,0.087
467,5.871,1.922,0,0.491,0.04,0,0,,0,,,,0,,,,,10004,104,9900,2,3,0,3,3,1,0,1,9,10,11,1,0,2,0,1,0,1281872,2.059,0.601,0.083
468,7.39,2.816,0,0.516,0.058,0,0,,0,,,,0,,,,,10004,104,9900,2,3,0,3,3,1,0,1,9,10,11,1,0,2,0,1,0,1281872,2.528,0.647,0.085
469,8.606,4.062,0,0.463,0.059,0,0,,0,,,,0,,,,,10004,104,9900,2,3,0,3,3,1,0,1,9,10,11,1,0,2,0,1,0,1281872,2.476,0.687,0.082
470,8.078,3.902,0,0.457,0.054,0,0,,0,,,,0,,,,,10004,104,9900,2,3,0,3,3,1,0,1,9,10,11,1,0,2,0,1,0,1281872,2.13,0.724,0.093
471,5.2,0.619,0,0.377,0.049,0,0,,0,,,,0,,,,,10004,104,9900,2,3,0,3,3,1,0,1,9,10,11,1,0,2,0,1,0,1281872,2.532,0.736,0.088
472,7.663,2.454,0.001,0.505,0.071,0,0,,0,,,,0,,,,,10004,104,9900,2,3,0,3,3,1,0,1,9,10,11,1,0,2,0,1,0,1281872,2.997,0.734,0.118
473,4.221,0.001,0,0.353,0.038,0,0,,0,,,,0,,,,,10004,104,9900,2,3,0,3,3,1,0,1,9,10,11,1,0,2,0,1,0,1281872,2.461,0.628,0.084
474,4.591,0,0.001,0.323,0.04,0,0,,0,,,,0,,,,,10004,104,9900,2,3,0,3,3,1,0,1,9,10,11,1,0,2,0,1,0,1281872,2.62,0.796,0.107
475,4.768,0.15,0,0.383,0.05,0,0,,0,,,,0,,,,,10004,104,9900,2,3,0,3,3,1,0,1,9,10,11,1,0,2,0,1,0,1281872,2.548,0.777,0.097
476,5.336,0.189,0,0.473,0.051,0,0,,0,,,,0,,,,,10004,104,9900,2,3,0,3,3,1,0,1,9,10,11,1,0,2,0,1,0,1281872,2.992,0.681,0.111
477,6.781,2.137,0,0.465,0.044,0,0,,0,,,,0,,,,,10004,104,9900,2,3,0,3,3,1,0,1,9,10,11,1,0,2,0,1,0,1281872,2.571,0.697,0.096
478,8.752,3.635,0,0.378,0.064,0,0,,0,,,,0,,,,,10004,104,9900,2,3,0,3,3,1,0,1,9,10,11,1,0,2,0,1,0,1281872,2.813,0.828,0.118
479,15.119,9.668,0,0.456,0.058,0,0,,0,,,,0,,,,,10004,104,9900,2,3,0,3,3,1,0,1,9,10,11,1,0,2,0,1,0,1281872,3.188,0.93,0.12
480,8.307,3.386,0.001,0.444,0.047,0,0,,1,2390.625,242827264,303906816,1,73499584,73499584,167755776,38823561584,10004,104,9900,2,3,0,3,3,1,0,1,9,10,11,1,0,2,0,1,0,1281872,2.566,0.98,0.097
481,12.774,8.087,0.001,0.504,0.05,0,0,,0,,,,0,,,,,10004,104,9900,2,3,0,3,3,1,0,1,9,10,11,1,0,2,0,1,0,1281872,2.561,0.73,0.08
482,12.659,7.38,0,0.564,0.06,0,0,,0,,,,0,,,,,10004,104,9900,2,3,0,3,3,1,0,1,9,10,11,1,0,2,0,1,0,1281872,3.071,0.747,0.105
483,5.077,0.382,0.001,0.465,0.048,0,0,,0,,,,0,,,,,10004,104,9900,2,3,0,3,3,1,0,1,9,10,11,1,0,2,0,1,0,1281872,2.611,0.797,0.088
484,7.394,3.242,0,0.461,0.051,0,0,,0,,,,0,,,,,10004,104,9900,2,3,0,3,3,1,0,1,9,10,11,1,0,2,0,1,0,1281872,2.215,0.756,0.076
485,5.463,1.296,0.001,0.42,0.042,0,0,,0,,,,0,,,,,10004,104,9900,2,3,0,3,3,1,0,1,9,10,11,1,0,2,0,1,0,1281872,2.312,0.555,0.07
486,4.036,0.071,0.001,0.433,0.054,0,0,,0,,,,0,,,,,10004,104,9900,2,3,0,3,3,1,0,1,9,10,11,1,0,2,0,1,0,1281872,2.007,0.808,0.089
487,4.578,0.001,0.001,0.319,0.051,0,0,,0,,,,0,,,,,10004,104,9900,2,3,0,3,3,1,0,1,9,10,11,1,0,2,0,1,0,1281872,2.566,0.742,0.123
488,5.305,0.001,0.001,0.382,0.065,0,0,,0,,,,0,,,,,10004,104,9900,2,3,0,3,3,1,0,1,9,10,11,1,0,2,0,1,0,1281872,3.037,0.889,0.118
489,4.981,0.001,0.001,0.544,0.06,0,0,,0,,,,0,,,,,10004,104,9900,2,3,0,3,3,1,0,1,9,10,11,1,0,2,0,1,0,1281872,2.71,0.695,0.097
490,4.437,0.001,0.001,0.327,0.043,0,0,,0,,,,0,,,,,10004,104,9900,2,3,0,3,3,1,0,1,9,10,11,1,0,2,0,1,0,1281872,2.475,0.76,0.129
491,4.639,0.001,0.001,0.4,0.045,0,0,,0,,,,0,,,,,10004,104,9900,2,3,0,3,3,1,0,1,9,10,11,1,0,2,0,1,0,1281872,2.484,0.811,0.128
492,5.722,0.001,0.001,0.345,0.063,0,0,,0,,,,0,,,,,10004,104,9900,2,3,0,3,3,1,0,1,9,10,11,1,0,2,0,1,0,1281872,3.4,0.744,0.101
493,4.287,0.001,0.001,0.36,0.046,0,0,,0,,,,0,,,,,10004,104,9900,2,3,0,3,3,1,0,1,9,10,11,1,0,2,0,1,0,1281872,2.353,0.728,0.108
494,5.073,0.001,0.001,0.369,0.056,0,0,,0,,,,0,,,,,10004,104,9900,2,3,0,3,3,1,0,1,9,10,11,1,0,2,0,1,0,1281872,2.883,0.899,0.125
495,9.443,4.808,0,0.585,0.051,0,0,,0,,,,0,,,,,10004,104,9900,2,3,0,3,3,1,0,1,9,10,11,1,0,2,0,1,0,1281872,2.41,0.677,0.072
496,14.563,8.641,0,0.477,0.07,0,0,,0,,,,0,,,,,10004,104,9900,2,3,0,3,3,1,0,1,9,10,11,1,0,2,0,1,0,1281872,3.332,0.931,0.103
497,9.249,4.689,0,0.529,0.062,0,0,,0,,,,0,,,,,10004,104,9900,2,3,0,3,3,1,0,1,9,10,11,1,0,2,0,1,0,1281872,2.341,0.755,0.077
498,12.526,7.531,0,0.409,0.059,0,0,,0,,,,0,,,,,10004,104,9900,2,3,0,3,3,1,0,1,9,10,11,1,0,2,0,1,0,1281872,2.96,0.682,0.105
499,9.244,4.645,0.001,0.489,0.052,0,0,,0,,,,0,,,,,10004,104,9900,2,3,0,3,3,1,0,1,9,10,11,1,0,2,0,1,0,1281872,2.681,0.569,0.104
500,5.636,0.651,0.001,0.5,0.056,0,0,,0,,,,0,,,,,10004,104,9900,2,3,0,3,3,1,0,1,9,10,11,1,0,2,0,1,0,1281872,2.79,0.749,0.12
501,7.511,1.745,0,0.501,0.081,0,0,,0,,,,0,,,,,10004,104,9900,2,3,0,3,3,1,0,1,9,10,11,1,0,2,0,1,0,1281872,3.208,0.936,0.106
502,5.715,0.941,0.001,0.459,0.046,0,0,,0,,,,0,,,,,10004,104,9900,2,3,0,3,3,1,0,1,9,10,11,1,0,2,0,1,0,1281872,2.624,0.753,0.108
503,5.255,0.451,0,0.462,0.037,0,0,,0,,,,0,,,,,10004,104,9900,2,3,0,3,3,1,0,1,9,10,11,1,0,2,0,1,0,1281872,2.636,0.782,0.123
504,6.742,2.101,0.001,0.48,0.082,0,0,,0,,,,0,,,,,10004,104,9900,2,3,0,3,3,1,0,1,9,10,11,1,0,2,0,1,0,1281872,2.386,0.806,0.117
505,8.541,3.407,0.001,0.519,0.058,0,0,,0,,,,0,,,,,10004,104,9900,2,3,0,3,3,1,0,1,9,10,11,1,0,2,0,1,0,1281872,2.998,0.64,0.108
506,11.836,6.617,0,0.352,0.066,0,0,,0,,,,0,,,,,10004,104,9900,2,3,0,3,3,1,0,1,9,10,11,1,0,2,0,1,0,1281872,2.976,0.861,0.108
507,9.444,4.557,0.001,0.477,0.049,0,0,,0,,,,0,,,,,10004,104,9900,2,3,0,3,3,1,0,1,9,10,11,1,0,2,0,1,0,1281872,2.796,0.718,0.107
508,10.768,6.124,0,0.503,0.066,0,0,,0,,,,0,,,,,10004,104,9900,2,3,0,3,3,1,0,1,9,10,11,1,0,2,0,1,0,1281872,2.623,0.574,0.089
509,6.192,1.626,0.001,0.406,0.06,0,0,,0,,,,0,,,,,10004,104,9900,2,3,0,3,3,1,0,1,9,10,11,1,0,2,0,1,0,1281872,2.499,0.809,0.082
510,10.998,6.514,0.001,0.462,0.051,0,0,,1,2531.25,242876416,303906816,1,73499584,73499584,167755776,38823561584,10004,104,9900,2,3,0,3,3,1,0,1,9,10,11,1,0,2,0,1,0,1281872,2.36,0.793,0.121
511,10.183,5.521,0,0.413,0.058,0,0,,0,,,,0,,,,,10004,104,9900,2,3,0,3,3,1,0,1,9,10,11,1,0,2,0,1,0,1281872,2.532,0.739,0.107
512,9.507,4.793,0,0.508,0.106,0,0,,0,,,,0,,,,,10004,104,9900,2,3,0,3,3,1,0,1,9,10,11,1,0,2,0,1,0,1281872,2.481,0.675,0.163
513,3.923,0.001,0.001,0.323,0.036,0,0,,0,,,,0,,,,,10004,104,9900,2,3,0,3,3,1,0,1,9,10,11,1,0,2,0,1,0,1281872,2.252,0.644,0.072
514,4.718,0,0,0.313,0.045,0,0,,0,,,,0,,,,,10004,104,9900,2,3,0,3,3,1,0,1,9,10,11,1,0,2,0,1,0,1281872,2.772,0.807,0.115
515,4.505,0.001,0,0.376,0.043,0,0,,0,,,,0,,,,,10004,104,9900,2,3,0,3,3,1,0,1,9,10,11,1,0,2,0,1,0,1281872,2.636,0.654,0.093
516,4.297,0,0,0.308,0.044,0,0,,0,,,,0,,,,,10004,104,9900,2,3,0,3,3,1,0,1,9,10,11,1,0,2,0,1,0,1281872,2.52,0.684,0.109
517,9.814,5.929,0.001,0.341,0.06,0,0,,0,,,,0,,,,,10004,104,9900,2,3,0,3,3,1,0,1,9,10,11,1,0,2,0,1,0,1281872,2.108,0.619,0.09
518,12.099,6.58,0,0.385,0.122,0,0,,0,,,,0,,,,,10004,104,9900,2,3,0,3,3,1,0,1,9,10,11,1,0,2,0,1,0,1281872,2.714,1.227,0.211
519,5.206,0.494,0,0.441,0.061,0,0,,0,,,,0,,,,,10004,104,9900,2,3,0,3,3,1,0,1,9,10,11,1,0,2,0,1,0,1281872,2.677,0.673,0.087
520,5.239,0.805,0.001,0.476,0.054,0,0,,0,,,,0,,,,,10004,104,9900,2,3,0,3,3,1,0,1,9,10,11,1,0,2,0,1,0,1281872,2.386,0.678,0.09
521,8.027,3.154,0.001,0.454,0.059,0,0,,0,,,,0,,,,,10004,104,9900,2,3,0,3,3,1,0,1,9,10,11,1,0,2,0,1,0,1281872,2.748,0.774,0.115
522,4.041,0.001,0.001,0.385,0.041,0,0,,0,,,,0,,,,,10004,104,9900,2,3,0,3,3,1,0,1,9,10,11,1,0,2,0,1,0,1281872,2.259,0.592,0.088
523,3.964,0,0,0.294,0.043,0,0,,0,,,,0,,,,,10004,104,9900,2,3,0,3,3,1,0,1,9,10,11,1,0,2,0,1,0,1281872,2.248,0.702,0.089
524,3.847,0.001,0,0.353,0.03,0,0,,0,,,,0,,,,,10004,104,9900,2,3,0,3,3,1,0,1,9,10,11,1,0,2,0,1,0,1281872,2.09,0.652,0.081
525,4.95,0,0,0.274,0.052,0,0,,0,,,,0,,,,,10004,104,9900,2,3,0,3,3,1,0,1,9,10,11,1,0,2,0,1,0,1281872,3.091,0.743,0.1
526,3.971,0.002,0.001,0.325,0.05,0,0,,0,,,,0,,,,,10004,104,9900,2,3,0,3,3,1,0,1,9,10,11,1,0,2,0,1,0,1281872,2.076,0.813,0.084
527,5.366,0.001,0,0.382,0.073,0,0,,0,,,,0,,,,,10004,104,9900,2,3,0,3,3,1,0,1,9,10,11,1,0,2,0,1,0,1281872,3.063,0.922,0.117
528,4.641,0.001,0.001,0.394,0.057,0,0,,0,,,,0,,,,,10004,104,9900,2,3,0,3,3,1,0,1,9,10,11,1,0,2,0,1,0,1281872,2.629,0.65,0.104
529,4.805,0.001,0,0.438,0.059,0,0,,0,,,,0,,,,,10004,104,9900,2,3,0,3,3,1,0,1,9,10,11,1,0,2,0,1,0,1281872,2.549,0.776,0.1
530,4.758,0.002,0,0.303,0.052,0,0,,0,,,,0,,,,,10004,104,9900,2,3,0,3,3,1,0,1,9,10,11,1,0,2,0,1,0,1281872,2.675,0.864,0.121
531,12.76,7.725,0,0.553,0.076,0,0,,0,,,,0,,,,,10004,104,9900,2,3,0,3,3,1,0,1,9,10,11,1,0,2,0,1,0,1281872,2.657,0.769,0.132
532,11,6.889,0,0.372,0.064,0,0,,0,,,,0,,,,,10004,104,9900,2,3,0,3,3,1,0,1,9,10,11,1,0,2,0,1,0,1281872,2.014,0.912,0.119
533,9.481,4.548,0,0.422,0.05,0,0,,0,,,,0,,,,,10004,104,9900,2,3,0,3,3,1,0,1,9,10,11,1,0,2,0,1,0,1281872,2.582,0.788,0.107
534,4.238,0.001,0,0.361,0.032,0,0,,0,,,,0,,,,,10004,104,9900,2,3,0,3,3,1,0,1,9,10,11,1,0,2,0,1,0,1281872,2.436,0.581,0.065
535,5.056,0.001,0,0.32,0.072,0,0,,0,,,,0,,,,,10004,104,9900,2,3,0,3,3,1,0,1,9,10,11,1,0,2,0,1,0,1281872,3.105,0.693,0.103
536,5.161,0.001,0.001,0.406,0.068,0,0,,0,,,,0,,,,,10004,104,9900,2,3,0,3,3,1,0,1,9,10,11,1,0,2,0,1,0,1281872,2.783,0.771,0.108
537,4.297,0.001,0,0.376,0.038,0,0,,0,,,,0,,,,,10004,104,9900,2,3,0,3,3,1,0,1,9,10,11,1,0,2,0,1,0,1281872,2.424,0.704,0.082
538,12.036,6.495,0,0.425,0.073,0,0,,0,,,,0,,,,,10004,104,9900,2,3,0,3,3,1,0,1,9,10,11,1,0,2,0,1,0,1281872,2.908,0.7,0.096
539,12.99,7.434,0.001,0.577,0.059,0,0,,0,,,,0,,,,,10004,104,9900,2,3,0,3,3,1,0,1,9,10,11,1,0,2,0,1,0,1281872,3.15,0.85,0.109
540,8.789,4.497,0.001,0.477,0.042,0,0,,1,2625,242343936,303038464,1,73499584,73499584,167755776,38823561584,10004,104,9900,2,3,0,3,3,1,0,1,9,10,11,1,0,2,0,1,0,1281872,2.283,0.694,0.087
541,9.777,5.125,0.001,0.41,0.05,0,0,,0,,,,0,,,,,10004,104,9900,2,3,0,3,3,1,0,1,9,10,11,1,0,2,0,1,0,1281872,2.786,0.614,0.075
542,6.348,2.009,0,0.391,0.044,0,0,,0,,,,0,,,,,10004,104,9900,2,3,0,3,3,1,0,1,9,10,11,1,0,2,0,1,0,1281872,2.423,0.677,0.083
543,7.543,2.465,0,0.396,0.067,0,0,,0,,,,0,,,,,10004,104,9900,2,3,0,3,3,1,0,1,9,10,11,1,0,2,0,1,0,1281872,2.87,0.762,0.114
544,6.776,2.32,0.001,0.385,0.04,0,0,,0,,,,0,,,,,10004,104,9900,2,3,0,3,3,1,0,1,9,10,11,1,0,2,0,1,0,1281872,2.351,0.782,0.096
545,6.089,1.921,0,0.531,0.054,0,0,,0,,,,0,,,,,10004,104,9900,2,3,0,3,3,1,0,1,9,10,11,1,0,2,0,1,0,1281872,2.274,0.607,0.085
546,5.721,0.942,0.001,0.465,0.06,0,0,,0,,,,0,,,,,10004,104,9900,2,3,0,3,3,1,0,1,9,10,11,1,0,2,0,1,0,1281872,2.527,0.764,0.104
547,4.312,0.013,0.001,0.333,0.037,0,0,,0,,,,0,,,,,10004,104,9900,2,3,0,3,3,1,0,1,9,10,11,1,0,2,0,1,0,1281872,2.438,0.748,0.086
548,6.783,1.767,0,0.371,0.064,0,0,,0,,,,0,,,,,10004,104,9900,2,3,0,3,3,1,0,1,9,10,11,1,0,2,0,1,0,1281872,2.95,0.704,0.104
549,4.874,0.001,0.001,0.355,0.05,0,0,,0,,,,0,,,,,10004,104,9900,2,3,0,3,3,1,0,1,9,10,11,1,0,2,0,1,0,1281872,2.488,1.026,0.117
550,4.826,0.072,0,0.357,0.055,0,0,,0,,,,0,,,,,10004,104,9900,2,3,0,3,3,1,0,1,9,10,11,1,0,2,0,1,0,1281872,2.566,0.877,0.115
551,6.834,2.262,0.001,0.418,0.068,0,0,,0,,,,0,,,,,10004,104,9900,2,3,0,3,3,1,0,1,9,10,11,1,0,2,0,1,0,1281872,2.55,0.7,0.103
552,6.948,2.447,0.001,0.416,0.059,0,0,,0,,,,0,,,,,10004,104,9900,2,3,0,3,3,1,0,1,9,10,11,1,0,2,0,1,0,1281872,2.437,0.78,0.083
553,10.75,6.018,0,0.499,0.059,0,0,,0,,,,0,,,,,10004,104,9900,2,3,0,3,3,1,0,1,9,10,11,1,0,2,0,1,0,1281872,2.505,0.836,0.122
554,8.982,4.086,0,0.516,0.059,0,0,,0,,,,0,,,,,10004,104,9900,2,3,0,3,3,1,0,1,9,10,11,1,0,2,0,1,0,1281872,2.76,0.716,0.106
555,8.959,3.782,0,0.424,0.061,0,0,,0,,,,0,,,,,10004,104,9900,2,3,0,3,3,1,0,1,9,10,11,1,0,2,0,1,0,1281872,2.983,0.792,0.104
556,11.073,6.276,0.001,0.384,0.514,0,0,,0,,,,0,,,,,10004,104,9900,2,3,0,3,3,1,0,1,9,10,11,1,0,2,0,1,0,1281872,2.345,0.77,0.091
557,7.204,2.155,0,0.397,0.052,0,0,,0,,,,0,,,,,10004,104,9900,2,3,0,3,3,1,0,1,9,10,11,1,0,2,0,1,0,1281872,2.931,0.677,0.112
558,5.951,1.127,0,0.481,0.06,0,0,,0,,,,0,,,,,10004,104,9900,2,3,0,3,3,1,0,1,9,10,11,1,0,2,0,1,0,1281872,2.714,0.705,0.111
559,5.348,0.349,0.001,0.538,0.079,0,0,,0,,,,0,,,,,10004,104,9900,2,3,0,3,3,1,0,1,9,10,11,1,0,2,0,1,0,1281872,2.705,0.691,0.112
560,6.259,1.247,0,0.463,0.054,0,0,,0,,,,0,,,,,10004,104,9900,2,3,0,3,3,1,0,1,9,10,11,1,0,2,0,1,0,1281872,2.864,0.73,0.11
561,4.522,0.186,0.001,0.441,0.047,0,0,,0,,,,0,,,,,10004,104,9900,2,3,0,3,3,1,0,1,9,10,11,1,0,2,0,1,0,1281872,2.375,0.681,0.082
562,9.014,4.162,0,0.31,0.055,0,0,,0,,,,0,,,,,10004,104,9900,2,3,0,3,3,1,0,1,9,10,11,1,0,2,0,1,0,1281872,2.835,0.776,0.117
563,4.695,0.003,0,0.505,0.061,0,0,,0,,,,0,,,,,10004,104,9900,2,3,0,3,3,1,0,1,9,10,11,1,0,2,0,1,0,1281872,2.476,0.736,0.098
564,6.227,1.62,0,0.399,0.053,0,0,,0,,,,0,,,,,10004,104,9900,2,3,0,3,3,1,0,1,9,10,11,1,0,2,0,1,0,1281872,2.544,0.714,0.082
565,6.146,1.615,0.001,0.341,0.042,0,0,,0,,,,0,,,,,10004,104,9900,2,3,0,3,3,1,0,1,9,10,11,1,0,2,0,1,0,1281872,2.656,0.673,0.083
566,7.163,2.784,0,0.372,0.046,0,0,,0,,,,0,,,,,10004,104,9900,2,3,0,3,3,1,0,1,9,10,11,1,0,2,0,1,0,1281872,2.355,0.802,0.089
567,6.819,2.334,0,0.443,0.044,0,0,,0,,,,0,,,,,10004,104,9900,2,3,0,3,3,1,0,1,9,10,11,1,0,2,0,1,0,1281872,2.484,0.721,0.097
568,5.438,1.667,0.001,0.331,0.042,0,0,,0,,,,0,,,,,10004,104,9900,2,3,0,3,3,1,0,1,9,10,11,1,0,2,0,1,0,1281872,2.047,0.578,0.069
569,7.625,3.143,0,0.447,0.063,0,0,,0,,,,0,,,,,10004,104,9900,2,3,0,3,3,1,0,1,9,10,11,1,0,2,0,1,0,1281872,2.428,0.668,0.143
570,5.357,0.712,0,0.494,0.039,0,0,,1,2750,241811456,302190592,1,73499584,73499584,167755776,38823561584,10004,104,9900,2,3,0,3,3,1,0,1,9,10,11,1,0,2,0,1,0,1281872,2.668,0.68,0.146
571,3.904,0.001,0,0.383,0.031,0,0,,0,,,,0,,,,,10004,104,9900,2,3,0,3,3,1,0,1,9,10,11,1,0,2,0,1,0,1281872,2.087,0.687,0.068
572,6.157,2.23,0.001,0.45,0.039,0,0,,0,,,,0,,,,,10004,104,9900,2,3,0,3,3,1,0,1,9,10,11,1,0,2,0,1,0,1281872,2.069,0.637,0.082
573,4.504,0.314,0,0.364,0.079,0,0,,0,,,,0,,,,,10004,104,9900,2,3,0,3,3,1,0,1,9,10,11,1,0,2,0,1,0,1281872,2.345,0.738,0.095
574,7.312,2.071,0,0.401,0.052,0,0,,0,,,,0,,,,,10004,104,9900,2,3,0,3,3,1,0,1,9,10,11,1,0,2,0,1,0,1281872,2.889,0.924,0.129
575,4.813,0.002,0.001,0.368,0.041,0,0,,0,,,,0,,,,,10004,104,9900,2,3,0,3,3,1,0,1,9,10,11,1,0,2,0,1,0,1281872,2.844,0.708,0.094
576,3.643,0.001,0,0.358,0.027,0,0,,0,,,,0,,,,,10004,104,9900,2,3,0,3,3,1,0,1,9,10,11,1,0,2,0,1,0,1281872,1.968,0.527,0.07
577,5.308,0.877,0,0.495,0.049,0,0,,0,,,,0,,,,,10004,104,9900,2,3,0,3,3,1,0,1,9,10,11,1,0,2,0,1,0,1281872,2.413,0.568,0.087
578,3.224,0.001,0.001,0.282,0.033,0,0,,0,,,,0,,,,,10004,104,9900,2,3,0,3,3,1,0,1,9,10,11,1,0,2,0,1,0,1281872,1.771,0.529,0.062
579,9.84,4.97,0,0.415,0.066,0,0,,0,,,,0,,,,,10004,104,9900,2,3,0,3,3,1,0,1,9,10,11,1,0,2,0,1,0,1281872,2.429,0.946,0.12
580,7.407,2.883,0.001,0.492,0.059,0,0,,0,,,,0,,,,,10004,104,9900,2,3,0,3,3,1,0,1,9,10,11,1,0,2,0,1,0,1281872,2.449,0.777,0.095
581,10.105,5.381,0,0.432,0.069,0,0,,0,,,,0,,,,,10004,104,9900,2,3,0,3,3,1,0,1,9,10,11,1,0,2,0,1,0,1281872,2.656,0.703,0.117
582,11.253,6.689,0,0.427,0.06,0,0,,0,,,,0,,,,,10004,104,9900,2,3,0,3,3,1,0,1,9,10,11,1,0,2,0,1,0,1281872,2.281,0.963,0.108
583,9.409,4.852,0,0.442,0.065,0,0,,0,,,,0,,,,,10004,104,9900,2,3,0,3,3,1,0,1,9,10,11,1,0,2,0,1,0,1281872,2.522,0.652,0.072
584,8.212,2.485,0,0.388,0.063,0,0,,0,,,,0,,,,,10004,104,9900,2,3,0,3,3,1,0,1,9,10,11,1,0,2,0,1,0,1281872,3.067,0.833,0.12
585,10.896,5.636,0.001,0.592,0.077,0,0,,0,,,,0,,,,,10004,104,9900,2,3,0,3,3,1,0,1,9,10,11,1,0,2,0,1,0,1281872,2.399,0.784,0.157
586,12.412,7.014,0,0.549,0.054,0,0,,0,,,,0,,,,,10004,104,9900,2,3,0,3,3,1,0,1,9,10,11,1,0,2,0,1,0,1281872,3.182,0.701,0.109
587,8.987,4.094,0,0.445,0.053,0,0,,0,,,,0,,,,,10004,104,9900,2,3,0,3,3,1,0,1,9,10,11,1,0,2,0,1,0,1281872,2.733,0.805,0.096
588,8.523,3.277,0,0.428,0.066,0,0,,0,,,,0,,,,,10004,104,9900,2,3,0,3,3,1,0,1,9,10,11,1,0,2,0,1,0,1281872,3.075,0.678,0.106
589,6.41,1.416,0.001,0.568,0.055,0,0,,0,,,,0,,,,,10004,104,9900,2,3,0,3,3,1,0,1,9,10,11,1,0,2,0,1,0,1281872,2.694,0.778,0.114
590,5.495,0.199,0,0.43,0.073,0,0,,0,,,,0,,,,,10004,104,9900,2,3,0,3,3,1,0,1,9,10,11,1,0,2,0,1,0,1281872,2.73,0.925,0.119
591,6.428,1.415,0,0.563,0.049,0,0,,0,,,,0,,,,,10004,104,9900,2,3,0,3,3,1,0,1,9,10,11,1,0,2,0,1,0,1281872,2.708,0.734,0.1
592,5.883,0.831,0,0.51,0.061,0,0,,0,,,,0,,,,,10004,104,9900,2,3,0,3,3,1,0,1,9,10,11,1,0,2,0,1,0,1281872,2.657,0.897,0.116
593,10.691,5.562,0.001,0.423,0.053,0,0,,0,,,,0,,,,,10004,104,9900,2,3,0,3,3,1,0,1,9,10,11,1,0,2,0,1,0,1281872,3.019,0.678,0.094
594,8.549,3.409,0,0.45,0.066,0,0,,0,,,,0,,,,,10004,104,9900,2,3,0,3,3,1,0,1,9,10,11,1,0,2,0,1,0,1281872,2.795,0.879,0.098
595,11.642,6.539,0,0.449,0.058,0,0,,0,,,,0,,,,,10004,104,9900,2,3,0,3,3,1,0,1,9,10,11,1,0,2,0,1,0,1281872,2.785,0.924,0.112
596,11.341,5.906,0,0.466,0.064,0,0,,0,,,,0,,,,,10004,104,9900,2,3,0,3,3,1,0,1,9,10,11,1,0,2,0,1,0,1281872,3.149,0.807,0.115
597,11.594,6.568,0,0.439,0.069,0,0,,0,,,,0,,,,,10004,104,9900,2,3,0,3,3,1,0,1,9,10,11,1,0,2,0,1,0,1281872,2.666,0.884,0.156
598,13.098,7.5,0.001,0.582,0.057,0,0,,0,,,,0,,,,,10004,104,9900,2,3,0,3,3,1,0,1,9,10,11,1,0,2,0,1,0,1281872,3.181,0.777,0.116
599,12.151,7.918,0,0.4,0.049,0,0,,0,,,,0,,,,,10004,104,9900,2,3,0,3,3,1,0,1,9,10,11,1,0,2,0,1,0,1281872,2.351,0.65,0.084
600,6.389,2.266,0,0.369,0.045,0,0,,1,2921.875,241811456,302190592,1,73499584,73499584,167755776,38823561584,10004,104,9900,2,3,0,3,3,1,0,1,9,10,11,1,0,2,0,1,0,1281872,2.36,0.543,0.073
601,12.611,8.524,0,0.335,0.044,0,0,,0,,,,0,,,,,10004,104,9900,2,3,0,3,3,1,0,1,9,10,11,1,0,2,0,1,0,1281872,2.454,0.522,0.081
602,7.142,2.128,0.001,0.454,0.056,0,0,,0,,,,0,,,,,10004,104,9900,2,3,0,3,3,1,0,1,9,10,11,1,0,2,0,1,0,1281872,2.839,0.752,0.111
603,5.132,0.001,0,0.387,0.072,0,0,,0,,,,0,,,,,10004,104,9900,2,3,0,3,3,1,0,1,9,10,11,1,0,2,0,1,0,1281872,2.911,0.822,0.118
604,4.816,0.001,0,0.341,0.041,0,0,,0,,,,0,,,,,10004,104,9900,2,3,0,3,3,1,0,1,9,10,11,1,0,2,0,1,0,1281872,2.648,0.942,0.099
605,4.753,0.001,0,0.331,0.047,0,0,,0,,,,0,,,,,10004,104,9900,2,3,0,3,3,1,0,1,9,10,11,1,0,2,0,1,0,1281872,2.714,0.859,0.118
606,5.631,0.003,0,0.556,0.072,0,0,,0,,,,0,,,,,10004,104,9900,2,3,0,3,3,1,0,1,9,10,11,1,0,2,0,1,0,1281872,3.027,0.767,0.106
607,4.884,0.001,0,0.345,0.042,0,0,,0,,,,0,,,,,10004,104,9900,2,3,0,3,3,1,0,1,9,10,11,1,0,2,0,1,0,1281872,2.787,0.86,0.104
608,10.846,5.78,0.001,0.441,0.051,0,0,,0,,,,0,,,,,10004,104,9900,2,3,0,3,3,1,0,1,9,10,11,1,0,2,0,1,0,1281872,2.837,0.784,0.112
609,9.79,4.835,0,0.478,0.069,0,0,,0,,,,0,,,,,10004,104,9900,2,3,0,3,3,1,0,1,9,10,11,1,0,2,0,1,0,1281872,2.84,0.698,0.086
610,12.711,7.74,0,0.522,0.057,0,0,,0,,,,0,,,,,10004,104,9900,2,3,0,3,3,1,0,1,9,10,11,1,0,2,0,1,0,1281872,2.612,0.817,0.124
611,12.968,9.256,0.001,0.421,0.048,0,0,,0,,,,0,,,,,10004,104,9900,2,3,0,3,3,1,0,1,9,10,11,1,0,2,0,1,0,1281872,1.973,0.559,0.078
612,11.573,6.285,0,0.471,0.073,0,0,,0,,,,0,,,,,10004,104,9900,2,3,0,3,3,1,0,1,9,10,11,1,0,2,0,1,0,1281872,3.226,0.641,0.101
613,5.462,1.003,0,0.479,0.057,0,0,,0,,,,0,,,,,10004,104,9900,2,3,0,3,3,1,0,1,9,10,11,1,0,2,0,1,0,1281872,2.474,0.66,0.097
614,7.284,2.344,0.001,0.514,0.051,0,0,,0,,,,0,,,,,10004,104,9900,2,3,0,3,3,1,0,1,9,10,11,1,0,2,0,1,0,1281872,2.893,0.615,0.097
615,5.826,0.889,0.001,0.373,0.048,0,0,,0,,,,0,,,,,10004,104,9900,2,3,0,3,3,1,0,1,9,10,11,1,0,2,0,1,0,1281872,2.835,0.879,0.101
616,8.814,3.66,0,0.521,0.062,0,0,,0,,,,0,,,,,10004,104,9900,2,3,0,3,3,1,0,1,9,10,11,1,0,2,0,1,0,1281872,2.967,0.757,0.095
617,11.823,6.688,0.001,0.447,0.056,0,0,,0,,,,0,,,,,10004,104,9900,2,3,0,3,3,1,0,1,9,10,11,1,0,2,0,1,0,1281872,2.736,0.944,0.112
618,8.282,3.923,0.001,0.413,0.059,0,0,,0,,,,0,,,,,10004,104,9900,2,3,0,3,3,1,0,1,9,10,11,1,0,2,0,1,0,1281872,2.382,0.677,0.076
619,4.318,0.002,0,0.293,0.046,0,0,,0,,,,0,,,,,10004,104,9900,2,3,0,3,3,1,0,1,9,10,11,1,0,2,0,1,0,1281872,2.505,0.668,0.102
620,4.286,0.001,0.001,0.403,0.036,0,0,,0,,,,0,,,,,10004,104,9900,2,3,0,3,3,1,0,1,9,10,11,1,0,2,0,1,0,1281872,2.341,0.712,0.077
621,3.948,0,0,0.317,0.032,0,0,,0,,,,0,,,,,10004,104,9900,2,3,0,3,3,1,0,1,9,10,11,1,0,2,0,1,0,1281872,2.284,0.601,0.092
622,6.07,1.828,0.001,0.461,0.063,0,0,,0,,,,0,,,,,10004,104,9900,2,3,0,3,3,1,0,1,9,10,11,1,0,2,0,1,0,1281872,2.282,0.75,0.101
623,5.989,1.642,0,0.475,0.054,0,0,,0,,,,0,,,,,10004,104,9900,2,3,0,3,3,1,0,1,9,10,11,1,0,2,0,1,0,1281872,2.308,0.644,0.091
624,4.231,0.387,0,0.382,0.04,0,0,,0,,,,0,,,,,10004,104,9900,2,3,0,3,3,1,0,1,9,10,11,1,0,2,0,1,0,1281872,2.133,0.536,0.092
625,4.099,0.203,0,0.379,0.034,0,0,,0,,,,0,,,,,10004,104,9900,2,3,0,3,3,1,0,1,9,10,11,1,0,2,0,1,0,1281872,2.044,0.711,0.083
626,5.258,0.001,0,0.294,0.061,0,0,,0,,,,0,,,,,10004,104,9900,2,3,0,3,3,1,0,1,9,10,11,1,0,2,0,1,0,1281872,3.161,0.725,0.121
627,3.936,0.002,0.001,0.323,0.036,0,0,,0,,,,0,,,,,10004,104,9900,2,3,0,3,3,1,0,1,9,10,11,1,0,2,0,1,0,1281872,2.165,0.649,0.084
628,3.283,0,0.001,0.252,0.031,0,0,,0,,,,0,,,,,10004,104,9900,2,3,0,3,3,1,0,1,9,10,11,1,0,2,0,1,0,1281872,1.836,0.544,0.072
629,3.326,0,0,0.244,0.028,0,0,,0,,,,0,,,,,10004,104,9900,2,3,0,3,3,1,0,1,9,10,11,1,0,2,0,1,0,1281872,2.064,0.46,0.062
630,4.098,0,0,0.222,0.052,0,0,,1,3093.75,241762304,302190592,1,73499584,73499584,167755776,38823561584,10004,104,9900,2,3,0,3,3,1,0,1,9,10,11,1,0,2,0,1,0,1281872,2.152,0.909,0.189
631,4.061,0.001,0,0.369,0.036,0,0,,0,,,,0,,,,,10004,104,9900,2,3,0,3,3,1,0,1,9,10,11,1,0,2,0,1,0,1281872,2.319,0.605,0.072
632,3.878,0,0,0.31,0.037,0,0,,0,,,,0,,,,,10004,104,9900,2,3,0,3,3,1,0,1,9,10,11,1,0,2,0,1,0,1281872,2.13,0.636,0.122
633,3.41,0,0,0.293,0.028,0,0,,0,,,,0,,,,,10004,104,9900,2,3,0,3,3,1,0,1,9,10,11,1,0,2,0,1,0,1281872,1.887,0.537,0.071
634,4.273,0,0,0.274,0.073,0,0,,0,,,,0,,,,,10004,104,9900,2,3,0,3,3,1,0,1,9,10,11,1,0,2,0,1,0,1281872,2.322,0.775,0.125
635,4.101,0.002,0.001,0.401,0.043,0,0,,0,,,,0,,,,,10004,104,9900,2,3,0,3,3,1,0,1,9,10,11,1,0,2,0,1,0,1281872,2.231,0.65,0.07
636,4.549,0.003,0.001,0.429,0.057,0,0,,0,,,,0,,,,,10004,104,9900,2,3,0,3,3,1,0,1,9,10,11,1,0,2,0,1,0,1281872,2.531,0.777,0.098
637,3.951,0.001,0,0.298,0.038,0,0,,0,,,,0,,,,,10004,104,9900,2,3,0,3,3,1,0,1,9,10,11,1,0,2,0,1,0,1281872,2.249,0.645,0.075
638,4.536,0,0,0.288,0.065,0,0,,0,,,,0,,,,,10004,104,9900,2,3,0,3,3,1,0,1,9,10,11,1,0,2,0,1,0,1281872,2.525,0.877,0.126
639,4.83,0.415,0,0.489,0.039,0,0,,0,,,,0,,,,,10004,104,9900,2,3,0,3,3,1,0,1,9,10,11,1,0,2,0,1,0,1281872,2.446,0.654,0.08
640,5.56,1.507,0,0.484,0.04,0,0,,0,,,,0,,,,,10004,104,9900,2,3,0,3,3,1,0,1,9,10,11,1,0,2,0,1,0,1281872,1.984,0.848,0.101
641,3.835,0.001,0,0.363,0.048,0,0,,0,,,,0,,,,,10004,104,9900,2,3,0,3,3,1,0,1,9,10,11,1,0,2,0,1,0,1281872,1.986,0.798,0.089
642,5.231,0,0.001,0.321,0.06,0,0,,0,,,,0,,,,,10004,104,9900,2,3,0,3,3,1,0,1,9,10,11,1,0,2,0,1,0,1281872,3.008,0.737,0.116
643,4.388,0.001,0,0.33,0.033,0,0,,0,,,,0,,,,,10004,104,9900,2,3,0,3,3,1,0,1,9,10,11,1,0,2,0,1,0,1281872,2.427,0.803,0.087
644,3.646,0.001,0,0.318,0.03,0,0,,0,,,,0,,,,,10004,104,9900,2,3,0,3,3,1,0,1,9,10,11,1,0,2,0,1,0,1281872,2.127,0.534,0.059
645,6.037,1.121,0.001,0.417,0.047,0,0,,0,,,,0,,,,,10004,104,9900,2,3,0,3,3,1,0,1,9,10,11,1,0,2,0,1,0,1281872,2.847,0.772,0.12
646,3.676,0.184,0.001,0.435,0.037,0,0,,0,,,,0,,,,,10004,104,9900,2,3,0,3,3,1,0,1,9,10,11,1,0,2,0,1,0,1281872,1.822,0.514,0.054
647,6.667,3.251,0,0.431,0.055,0,0,,0,,,,0,,,,,10004,104,9900,2,3,0,3,3,1,0,1,9,10,11,1,0,2,0,1,0,1281872,1.827,0.487,0.062
648,7.118,2.619,0.001,0.456,0.05,0,0,,0,,,,0,,,,,10004,104,9900,2,3,0,3,3,1,0,1,9,10,11,1,0,2,0,1,0,1281872,2.638,0.618,0.106
649,3.329,0.001,0.001,0.327,0.03,0,0,,0,,,,0,,,,,10004,104,9900,2,3,0,3,3,1,0,1,9,10,11,1,0,2,0,1,0,1281872,1.874,0.494,0.06
650,5.524,1.95,0,0.488,0.041,0,0,,0,,,,0,,,,,10004,104,9900,2,3,0,3,3,1,0,1,9,10,11,1,0,2,0,1,0,1281872,1.738,0.6,0.061
651,4.957,0.766,0,0.492,0.054,0,0,,0,,,,0,,,,,10004,104,9900,2,3,0,3,3,1,0,1,9,10,11,1,0,2,0,1,0,1281872,2.04,0.833,0.107
652,4.13,0.002,0,0.412,0.039,0,0,,0,,,,0,,,,,10004,104,9900,2,3,0,3,3,1,0,1,9,10,11,1,0,2,0,1,0,1281872,2.243,0.657,0.077
653,3.993,0.001,0,0.277,0.045,0,0,,0,,,,0,,,,,10004,104,9900,2,3,0,3,3,1,0,1,9,10,11,1,0,2,0,1,0,1281872,2.261,0.708,0.083
654,5.368,0,0.001,0.349,0.049,0,0,,0,,,,0,,,,,10004,104,9900,2,3,0,3,3,1,0,1,9,10,11,1,0,2,0,1,0,1281872,3.138,1.024,0.121
655,4.814,0.001,0.001,0.327,0.065,0,0,,0,,,,0,,,,,10004,104,9900,2,3,0,3,3,1,0,1,9,10,11,1,0,2,0,1,0,1281872,2.78,0.79,0.153
656,4.372,0.001,0.001,0.419,0.043,0,0,,0,,,,0,,,,,10004,104,9900,2,3,0,3,3,1,0,1,9,10,11,1,0,2,0,1,0,1281872,2.424,0.69,0.095
657,5.527,1.019,0,0.46,0.044,0,0,,0,,,,0,,,,,10004,104,9900,2,3,0,3,3,1,0,1,9,10,11,1,0,2,0,1,0,1281872,2.542,0.563,0.084
658,8.124,2.798,0,0.329,0.054,0,0,,0,,,,0,,,,,10004,104,9900,2,3,0,3,3,1,0,1,9,10,11,1,0,2,0,1,0,1281872,3.417,0.793,0.129
659,3.984,0.001,0,0.429,0.041,0,0,,0,,,,0,,,,,10004,104,9900,2,3,0,3,3,1,0,1,9,10,11,1,0,2,0,1,0,1281872,2.055,0.792,0.073
660,4.243,0.001,0,0.354,0.046,0,0,,1,3218.75,241274880,301318144,1,73499584,73499584,167755776,38823561584,10004,104,9900,2,3,0,3,3,1,0,1,9,10,11,1,0,2,0,1,0,1281872,2.399,0.752,0.098
661,4.089,0,0.001,0.333,0.036,0,0,,0,,,,0,,,,,10004,104,9900,2,3,0,3,3,1,0,1,9,10,11,1,0,2,0,1,0,1281872,2.349,0.616,0.082
662,5.075,0.001,0,0.355,0.056,0,0,,0,,,,0,,,,,10004,104,9900,2,3,0,3,3,1,0,1,9,10,11,1,0,2,0,1,0,1281872,2.917,0.853,0.109
663,3.663,0.001,0.001,0.273,0.035,0,0,,0,,,,0,,,,,10004,104,9900,2,3,0,3,3,1,0,1,9,10,11,1,0,2,0,1,0,1281872,1.941,0.718,0.071
664,9.085,5.132,0.001,0.39,0.056,0,0,,0,,,,0,,,,,10004,104,9900,2,3,0,3,3,1,0,1,9,10,11,1,0,2,0,1,0,1281872,2.06,0.706,0.115
665,7.756,3.542,0,0.385,0.043,0,0,,0,,,,0,,,,,10004,104,9900,2,3,0,3,3,1,0,1,9,10,11,1,0,2,0,1,0,1281872,2.35,0.776,0.076
666,3.707,0.001,0.001,0.297,0.037,0,0,,0,,,,0,,,,,10004,104,9900,2,3,0,3,3,1,0,1,9,10,11,1,0,2,0,1,0,1281872,2.071,0.579,0.08
667,3.52,0,0,0.248,0.038,0,0,,0,,,,0,,,,,10004,104,9900,2,3,0,3,3,1,0,1,9,10,11,1,0,2,0,1,0,1281872,2.055,0.601,0.066
668,4.944,0.001,0,0.356,0.046,0,0,,0,,,,0,,,,,10004,104,9900,2,3,0,3,3,1,0,1,9,10,11,1,0,2,0,1,0,1281872,2.878,0.824,0.102
669,4.283,0.003,0,0.457,0.07,0,0,,0,,,,0,,,,,10004,104,9900,2,3,0,3,3,1,0,1,9,10,11,1,0,2,0,1,0,1281872,2.338,0.6,0.095
670,11.023,6.355,0.001,0.477,0.048,0,0,,0,,,,0,,,,,10004,104,9900,2,3,0,3,3,1,0,1,9,10,11,1,0,2,0,1,0,1281872,2.475,0.761,0.093
671,8.248,3.843,0.001,0.458,0.052,0,0,,0,,,,0,,,,,10004,104,9900,2,3,0,3,3,1,0,1,9,10,11,1,0,2,0,1,0,1281872,2.491,0.595,0.078
672,3.916,0.001,0.001,0.286,0.032,0,0,,0,,,,0,,,,,10004,104,9900,2,3,0,3,3,1,0,1,9,10,11,1,0,2,0,1,0,1281872,2.222,0.717,0.067
673,4.186,0.001,0,0.277,0.035,0,0,,0,,,,0,,,,,10004,104,9900,2,3,0,3,3,1,0,1,9,10,11,1,0,2,0,1,0,1281872,2.44,0.712,0.094
674,5.16,0.698,0,0.422,0.052,0,0,,0,,,,0,,,,,10004,104,9900,2,3,0,3,3,1,0,1,9,10,11,1,0,2,0,1,0,1281872,2.476,0.59,0.072
675,4.757,0.979,0.001,0.437,0.043,0,0,,0,,,,0,,,,,10004,104,9900,2,3,0,3,3,1,0,1,9,10,11,1,0,2,0,1,0,1281872,2.049,0.602,0.069
676,6.569,1.224,0,0.462,0.06,0,0,,0,,,,0,,,,,10004,104,9900,2,3,0,3,3,1,0,1,9,10,11,1,0,2,0,1,0,1281872,3.081,0.617,0.123
677,5.925,1.451,0.001,0.444,0.049,0,0,,0,,,,0,,,,,10004,104,9900,2,3,0,3,3,1,0,1,9,10,11,1,0,2,0,1,0,1281872,2.444,0.73,0.093
678,6.265,2.654,0.001,0.377,0.044,0,0,,0,,,,0,,,,,10004,104,9900,2,3,0,3,3,1,0,1,9,10,11,1,0,2,0,1,0,1281872,1.889,0.579,0.069
679,4.623,0,0,0.305,0.06,0,0,,0,,,,0,,,,,10004,104,9900,2,3,0,3,3,1,0,1,9,10,11,1,0,2,0,1,0,1281872,2.573,0.882,0.138
680,3.8,0.001,0.001,0.35,0.026,0,0,,0,,,,0,,,,,10004,104,9900,2,3,0,3,3,1,0,1,9,10,11,1,0,2,0,1,0,1281872,2.079,0.671,0.067
681,3.965,0,0,0.284,0.032,0,0,,0,,,,0,,,,,10004,104,9900,2,3,0,3,3,1,0,1,9,10,11,1,0,2,0,1,0,1281872,2.274,0.678,0.077
682,3.638,0,0,0.252,0.03,0,0,,0,,,,0,,,,,10004,104,9900,2,3,0,3,3,1,0,1,9,10,11,1,0,2,0,1,0,1281872,2.047,0.627,0.071
683,4.321,0,0,0.242,0.071,0,0,,0,,,,0,,,,,10004,104,9900,2,3,0,3,3,1,0,1,9,10,11,1,0,2,0,1,0,1281872,2.39,0.801,0.115
684,4.042,0.001,0,0.396,0.033,0,0,,0,,,,0,,,,,10004,104,9900,2,3,0,3,3,1,0,1,9,10,11,1,0,2,0,1,0,1281872,2.395,0.481,0.055
685,3.704,0,0.001,0.241,0.034,0,0,,0,,,,0,,,,,10004,104,9900,2,3,0,3,3,1,0,1,9,10,11,1,0,2,0,1,0,1281872,2.037,0.758,0.071
686,3.331,0.001,0.001,0.259,0.027,0,0,,0,,,,0,,,,,10004,104,9900,2,3,0,3,3,1,0,1,9,10,11,1,0,2,0,1,0,1281872,1.88,0.598,0.058
687,3.621,0,0,0.233,0.053,0,0,,0,,,,0,,,,,10004,104,9900,2,3,0,3,3,1,0,1,9,10,11,1,0,2,0,1,0,1281872,1.838,0.779,0.131
688,4.614,0.001,0.001,0.408,0.044,0,0,,0,,,,0,,,,,10004,104,9900,2,3,0,3,3,1,0,1,9,10,11,1,0,2,0,1,0,1281872,2.532,0.696,0.108
689,3.805,0.001,0,0.311,0.032,0,0,,0,,,,0,,,,,10004,104,9900,2,3,0,3,3,1,0,1,9,10,11,1,0,2,0,1,0,1281872,2.079,0.654,0.088
690,3.614,0.001,0,0.288,0.027,0,0,,1,3359.375,241278976,301322240,1,73499584,73499584,167755776,38823561584,10004,104,9900,2,3,0,3,3,1,0,1,9,10,11,1,0,2,0,1,0,1281872,2.028,0.611,0.071
691,6.243,1.169,0,0.441,0.072,0,0,,0,,,,0,,,,,10004,104,9900,2,3,0,3,3,1,0,1,9,10,11,1,0,2,0,1,0,1281872,2.837,0.8,0.109
692,4.192,0.001,0.001,0.447,0.041,0,0,,0,,,,0,,,,,10004,104,9900,2,3,0,3,3,1,0,1,9,10,11,1,0,2,0,1,0,1281872,2.22,0.639,0.076
693,3.97,0.001,0.001,0.352,0.037,0,0,,0,,,,0,,,,,10004,104,9900,2,3,0,3,3,1,0,1,9,10,11,1,0,2,0,1,0,1281872,2.263,0.608,0.087
694,3.539,0.001,0,0.311,0.034,0,0,,0,,,,0,,,,,10004,104,9900,2,3,0,3,3,1,0,1,9,10,11,1,0,2,0,1,0,1281872,1.954,0.579,0.084
695,4.898,0,0,0.288,0.058,0,0,,0,,,,0,,,,,10004,104,9900,2,3,0,3,3,1,0,1,9,10,11,1,0,2,0,1,0,1281872,2.531,1.133,0.123
696,4.316,0.265,0,0.441,0.048,0,0,,0,,,,0,,,,,10004,104,9900,2,3,0,3,3,1,0,1,9,10,11,1,0,2,0,1,0,1281872,2.178,0.58,0.082
697,6.122,1.381,0.001,0.536,0.046,0,0,,0,,,,0,,,,,10004,104,9900,2,3,0,3,3,1,0,1,9,10,11,1,0,2,0,1,0,1281872,2.286,1.099,0.112

summary_metric,count,median,p95,p99
wall_ms,698,5.923,13.0258,15.7596
frame_wait_ms,698,1.3115,8.00965,10.72232
scene_advance_ms,698,0,0.001,0.001
view_build_ms,698,0.4075,0.53415,0.593
render_submit_ms,698,0.052,0.074,0.10924
gpu_ms,698,4.3990623926,8.96735915607,9.878249238

gpu_sample_serial,gpu_ms
227,9.93953100734
228,6.63786442128
229,6.65140608761
230,10.1732289183
231,8.38791646188
232,1.43807288156
233,2.6543749352
234,1.44151038147
235,1.45708329776
236,1.461041631
237,1.4566666311
238,3.63338532796
239,5.04984362671
240,4.80869779927
241,7.78234356
242,6.57557275613
243,6.60088525551
244,8.96281228118
245,7.76890606033
246,4.8483852983
247,5.54791653122
248,4.29223947854
249,4.08859365018
250,7.09880191002
251,6.23041651456
252,8.67057270498
253,6.42052067658
254,6.51895817418
255,6.54130192363
256,6.69026025333
257,3.29411450291
258,1.4540624645
259,1.44682288134
260,2.00333328442
261,1.46468746424
262,14.9586975515
263,6.65958317075
264,6.65890608743
265,5.33124986984
266,4.91973946322
267,5.90718735578
268,5.03760404368
269,9.49624976816
270,5.00593737778
271,1.42791663181
272,1.42291663193
273,1.44213538146
274,9.39781227056
275,4.74744780076
276,5.67593736143
277,4.43833322498
278,3.9676040698
279,6.17098943267
280,6.33223942874
281,6.48989567489
282,5.73760402659
283,4.47458322409
284,4.24322906307
285,4.99052071149
286,6.42177067655
287,6.45682275903
288,4.69234363544
289,1.35166663367
290,1.32140621774
291,1.34098955059
292,1.33755205068
293,4.52572905618
294,5.34973945272
295,4.25557281277
296,3.92145823759
297,4.80973946591
298,6.06776026853
299,8.55270812453
300,4.72812488457
301,4.11598948285
302,6.41322901009
303,6.19255193215
304,5.33791653635
305,4.26713531249
306,4.87479154765
307,4.32994781096
308,8.55171854122
309,6.29427067966
310,4.4564061412
311,4.22651031348
312,4.18036448127
313,4.70609363511
314,6.09281235125
315,8.15463521758
316,9.19447894219
317,5.14395820775
318,5.37286445216
319,4.09953114991
320,4.1016144832
321,4.62901030365
322,4.65666655298
323,7.93593730625
324,3.95729157005
325,4.01432281866
326,4.12651031592
327,6.10333318433
328,6.50135400794
329,6.7228644192
330,4.34786447718
331,3.99093740257
332,4.77109363352
333,4.8454686317
334,8.53744770823
335,6.16489568282
336,4.24624989633
337,3.99057281924
338,4.6952082187
339,6.29791651291
340,6.37151026111
341,6.55057275674
342,6.56953108961
343,5.74723944302
344,4.35270822707
345,4.14885406538
346,7.68526022904
347,6.40723942691
348,6.52807275729
349,8.76458311935
350,4.6982811353
351,4.5915623879
352,4.33010406095
353,4.15708323184
354,4.03348948486
355,6.10130193438
356,6.28838526314
357,6.34895817833
358,6.51098942437
359,6.50208317459
360,6.60869775532
361,6.62010400504
362,6.56994775627
363,6.66338525399
364,6.62276025498
365,8.99312478044
366,7.51994773307
367,4.82510404887
368,4.41932280877
369,4.28578114537
370,4.00036448567
371,3.85156240597
372,3.81614574017
373,6.23307276449
374,5.98218735395
375,9.13124977707
376,6.41723942666
377,6.63494775468
378,6.61234358857
379,9.76374976163
380,6.67979150359
381,12.6186976086
382,6.64947900433
383,6.63437483803
384,6.60593733872
385,6.66374983731
386,9.44583310272
387,6.7077602529
388,7.91958313998
389,9.82927059336
390,9.82968726002
391,6.62541650491
392,7.70359356192
393,6.55760400657
394,4.78656238314
395,4.80546863268
396,2.59614576995
397,1.4020832991
398,1.4404166315
399,1.42458329855
400,5.06484362635
401,4.87593738096
402,4.39494780937
403,3.4105728334
404,1.36583329999
405,1.38682288281
406,1.39057288272
407,1.41531246545
408,1.39489579928
409,1.39416663263
410,1.41661454875
411,13.7655725806
412,6.5495310901
413,6.70546858629
414,6.67520817036
415,6.34494776176
416,4.8222394656
417,4.4385415583
418,4.37260405991
419,4.24531239635
420,7.86984355787
421,7.03484357825
422,4.10947906634
423,10.1494789189
424,6.35338526155
425,6.36463526128
426,9.33755185537
427,5.52927069834
428,4.98135404505
429,9.65817684754
430,5.92312485539
431,5.91458318893
432,4.614947804
433,4.25067697956
434,3.96593740318
435,3.99031240258
436,4.49848947351
437,3.37286450099
438,3.34239575173
439,7.36166648694
440,6.12671860042
441,8.70541645413
442,6.22880193126
443,8.82343728458
444,6.42796859307
445,6.49249984149
446,9.42947893645
447,6.70479150298
448,4.19364573095
449,1.43317704834
450,1.43302079835
451,5.71328111052
452,4.66276030283
453,4.38187489302
454,1.39015621606
455,1.38182288293
456,1.40010413248
457,1.41562496544
458,1.40036454914
459,4.51317697315
460,2.97364576073
461,2.0672916162
462,1.38302079957
463,1.40546871569
464,4.35432281036
465,5.10973945858
466,3.89895823814
467,3.84692698941
468,3.78333324097
469,1.28541663528
470,1.28307288534
471,1.30473955148
472,1.29411455174
473,1.28749996857
474,1.31588538454
475,1.91656245321
476,1.31374996793
477,2.50927077207
478,8.61140603976
479,1.3283333009
480,1.34463538384
481,1.31677080119
482,1.32541663431
483,1.42234371527
484,1.41359371549
485,1.41109371555
486,1.40510413236
487,1.41307288217
488,1.46177079765
489,1.4691666308
490,1.45880204772
491,4.6216144705
492,4.59776030442
493,4.43229155846
494,4.13734364899
495,4.0400519847
496,4.01046865209
497,3.81390615689
498,3.90072907143
499,3.25322908724
500,1.25963538591
501,1.25161455278
502,1.25338538607
503,1.25630205266
504,1.26994788566
505,1.35890621682
506,1.38312496623
507,2.01932286737
508,1.38395829955
509,1.36734371662
510,5.32624986996
511,4.27031239574
512,4.15223948196
513,4.88677071403
514,3.92088532094
515,3.99994781901
516,3.67026032706
517,4.68145821904
518,6.18036443245
519,6.40666651025
520,9.39395810399
521,5.32692695328
522,1.34177080058
523,1.35614580022
524,1.34906246706
525,1.33776038401
526,1.33437496742
527,1.34536455049
528,9.87635392554
529,29.8082284389
530,6.57921858937
531,6.65979150407
532,6.64656233773
533,6.6531769209
534,7.72067689484
535,1.48156246383
536,1.47916663055
537,2.04739578335
538,1.84552078828
539,5.07114570953
540,4.7908852997
541,4.55489572213
542,4.36619781007
543,4.19687489754
544,5.33010403654
545,6.35109359494
546,6.40588526027
547,5.89104152284
548,5.33093736985
549,6.49265609149
550,1.43562496495
551,1.42739579848
552,1.4170312154
553,1.42499996521
554,1.41609371543
555,1.41291663217
556,9.09291644467
557,9.85333309277
558,6.6231248383
559,5.38244778526
560,1.37510413309
561,2.00515620105
562,1.36161455009
563,1.33812496733
564,1.35270830031
565,1.37156246651
566,1.44692704801
567,1.45374996451
568,2.88968742945
569,5.03604154372
570,1.41661454875
571,1.4144270488
572,1.42833329846
573,1.42338538192
574,4.683020719
575,4.59083322125
576,4.22973948007
577,4.88651029737
578,6.37395817772
579,6.49833317468
580,6.59817692225
581,6.51067692438
582,8.18124980026
583,1.44130204815
584,1.46093746433
585,1.45927079771
586,4.833437382
587,4.58338530477
588,5.00614571111
589,6.39593734385
590,5.69072902773
591,5.34098945294
592,6.59947900555
593,6.58812483916
594,6.55328109001
595,6.6547915042
596,6.08057276822
597,5.17385404035
598,4.50124989011
599,4.40317697583
600,4.00145823564
601,4.88078113084
602,3.91734365436
603,3.65484366077
604,4.50598947332
605,3.43416658282
606,3.27489575338
607,3.98166656946
608,3.14869783979
609,3.16401033942
610,3.78901032416
611,5.51338528206
612,5.7930206919
613,5.21994778923
614,3.77416657452
615,4.12515614929
616,5.939374855
617,6.35119776161
618,6.61958317172
619,6.5781248394
620,5.90427068919
621,4.62739572036
622,1.39630204924
623,1.39270829933
624,1.39843746586
625,1.40130204912
626,1.4103645489
627,2.09281244891
628,6.62395817162
629,7.74343731095
630,4.72031238476
631,8.06182271984
632,6.58802067249
633,6.59499983899
634,6.4962498414
635,4.89067696393
636,4.49718739021
637,4.83890613186
638,4.31552072797
639,8.70484353748
640,6.37536442768
641,4.44499989148
642,4.11645823283
643,4.21312489714
644,3.96984365308
645,3.9307290707
646,8.09515605236
647,6.42781234307
648,6.48947900823
649,5.39359361832
650,1.38854163277
651,1.40307288241
652,1.38645829948
653,4.43124989182
654,4.09812489995
655,4.03203115156
656,3.80411449046
657,3.7203644925
658,3.85708323917
659,4.76135405042
660,6.08296860149
661,4.03151031824
662,3.82057282339
663,3.83932282293
664,3.84973948935
665,3.24119783754
666,1.34692705045
667,1.97010411857
668,1.35791663351
669,1.3817707996
670,1.38078121629
671,1.37374996646
672,1.40098954913
673,1.39473954928
674,1.40171871578
675,1.40864579894
676,1.99739578457
677,2.80281243157
678,1.38390621621
679,5.70249986078
680,4.66614571941
681,4.31463531133
682,5.21874987259
683,3.93208323734
684,4.03552073481
685,4.06421865078
686,3.43260408286
687,3.60578116197
688,3.65104157753
689,4.57973947152
690,3.61880199498
691,3.63031241137
692,5.55927069761
693,5.73947902654
694,6.04005193587
695,4.39067697614
696,3.88473948849
697,4.90624988022
698,3.8405728229
699,3.46697908202
700,4.50999988989
701,4.12973948251
702,5.95343735465
703,6.2983852629
704,6.52546859069
705,6.57182275622
706,9.00088519692
707,9.70598934637
708,4.91312488005
709,5.85244777378
710,4.48046864061
711,3.33749991852
712,1.35802080018
713,2.07546869933
714,1.86192703788
715,1.39927079917
716,1.40380204906
717,1.39781246587
718,1.39833329919
719,1.39489579928
720,8.83036436775
721,9.85010392619
722,6.594531089
723,6.69286441993
724,6.06374985196
725,4.58182280481
726,4.601301971
727,4.41385405891
728,4.12567698261
729,4.99817696131
730,6.15333318311
731,8.96130186455
732,6.42406234316
733,5.14510404105
734,5.15895820738
735,6.44921859255
736,6.58520817256
737,3.50635408106
738,1.44838538131
739,1.42651038184
740,1.41786454872
741,1.53276037925
742,9.28322894003
743,7.03604149489
744,4.86817696448
745,4.46249989105
746,4.191614481
747,1.69713537523
748,1.39505204927
749,1.38895829942
750,1.38265621624
751,1.38864579943
752,1.3897395494
753,1.39171871602
754,1.42374996524
755,1.42374996524
756,9.33453102211
757,9.43005185311
758,5.16333320728
759,1.4365103816
760,1.44312496477
761,1.46833329749
762,1.43546871495
763,9.37229143785
764,9.77171851143
765,6.61552067182
766,4.91729154662
767,4.85192696488
768,4.50187489009
769,4.44859364139
770,5.19885403974
771,4.15359364859
772,3.79999990723
773,4.54473947238
774,3.6222394949
775,3.34880200158
776,6.00567693671
777,5.63515611242
778,7.75072897744
779,6.23999984766
780,6.35697901147
781,6.51958317416
782,4.57713530492
783,4.34010406071
784,4.16776031491
785,3.79885407392
786,4.3459373939
787,6.16651026612
788,3.90208323807
789,3.7367707421
790,5.11562487511
791,5.90265610589
792,4.8633332146
793,5.35776028586
794,3.86197907238
795,3.69999990967
796,3.69140615988
797,3.64161449443
798,3.71520824263
799,3.1852603389
800,3.17447908916
801,4.07447906719
802,3.32307283554
803,3.1841145056
804,6.89171858175
805,6.03552068598
806,6.22843734794
807,6.06536443525
808,4.450885308
809,4.89203113057
810,6.47255192531
811,9.30380185619
812,6.21442693161
813,4.55921863869
814,4.41151030896
815,4.22187489693
816,3.96151031995
817,4.90369779695
818,6.24302068092
819,6.47119775868
820,6.46020817561
821,6.61333317188
822,6.52072900747
823,6.58083317267
824,6.60999983862
825,5.19286445655
826,6.57572900613
827,3.5689582462
828,1.37781246636
829,1.38562496617
830,1.36411455003
831,1.36755204995
832,1.3898957994
833,9.8059372606
834,6.58968733912
835,6.64442692112
836,9.56333309985
837,6.65359358756
838,4.87937488087
839,4.55182280554
840,4.29583322845
841,3.9484374036
842,6.46244775889
843,6.45927067564
844,1.39692704923
845,1.43421871498
846,1.41473954879
847,5.38619778517
848,4.51057280655
849,3.92177073759
850,3.2836978365
851,1.35640621688
852,1.35031246703
853,1.40307288241
854,2.08270828249
855,1.36838538326
856,1.37666663306
857,1.36421871669
858,1.40791663229
859,1.42817704847
860,1.40052079914
861,1.41729163206
862,1.41911454869
863,1.40979163225
864,4.60104155434
865,4.20687489729
866,2.06249994965
867,1.29249996844
868,1.31838538448
869,1.30895830138
870,4.38088530971
871,4.49656239022
872,4.01005198543
873,3.95874990335
874,3.77026032462
875,3.57796866265
876,2.13229161461
877,1.24656246957
878,1.24468746961
879,1.24192705301
880,1.73770829091
881,4.03505198482
882,4.53864572253
883,6.19244776548
884,1.34062496727
885,1.24869788618
886,1.86057287124
887,1.27953121876
888,1.26958330234
889,8.40739562807
890,5.78546860875
891,1.34562496715
892,1.96583328534
893,1.33140621749
894,1.33265621746
895,9.35843727152
896,6.47192692533
897,1.40343746574
898,1.44296871477
899,4.54479155571
900,4.46718739094
901,4.19458323093
902,4.53260405601
903,4.05083323444
904,1.26359371915
905,1.2750520522
906,1.29921871828
907,1.30177080155
908,1.29072913515
909,1.39046871605
910,1.37927079966
911,1.39140621603
912,1.40067704914
913,1.39218746601
914,1.41083329889
915,1.41708329874
916,4.49927072349
917,1.4145832988
918,1.42895829845
919,1.40958329892
920,1.41348954882
921,4.65906238625
922,4.53911447252
923,3.88895823839
924,1.36411455003
